Phi (deg),Theta (deg),Freq (GHz),Gain (dB),S21 (dB)
-179,90,2,-8.45,-30.24
-179,90,2.32,-8.036,-33.69
-179,90,2.64,-4.278,-32.99
-179,90,2.96,-2.608,-30.92
-179,90,3.28,-1.712,-31.73
-179,90,3.6,-5.63,-33.08
-179,90,3.92,-10.032,-37.58
-179,90,4.24,-11.296,-40.32
-179,90,4.56,-9.446,-39.26
-179,90,4.88,-8.47,-38.6
-179,90,5.2,-7,-38.42
-179,90,5.52,-10.558,-40.84
-179,90,5.84,-10.282,-41.73
-179,90,6.16,-10.66,-42.7
-179,90,6.48,-11.306,-45.39
-179,90,6.8,-13.29,-46.79
-179,90,7.12,-13.506,-48.1
-179,90,7.44,-11.376,-45.71
-179,90,7.76,-8.008,-43.23
-179,90,8.08,-10.816,-45.62
-179,90,8.4,-15.94,-51.32
-179,90,8.72,-12.208,-49.51
-179,90,9.04,-16.534,-54.32
-179,90,9.36,-15.454,-53.52
-179,90,9.68,-15.59,-54.48
-179,90,10,-12.17,-51.24
-179,90,10.32,-12.872,-52.5
-179,90,10.64,-17.168,-57.18
-179,90,10.96,-16.716,-56.7
-179,90,11.28,-19.686,-60.13
-179,90,11.6,-22.9,-63.77
-179,90,11.92,-18.224,-59.35
-179,90,12.24,-25.414,-67.67
-179,90,12.56,-16.44,-60.51
-179,90,12.88,-24.616,-69.82
-179,90,13.2,-26.12,-72.9
-179,90,13.52,-26.852,-72.86
-179,90,13.84,-22.658,-70.14
-179,90,14.16,-21.146,-69.37
-179,90,14.48,-29.834,-81.66
-179,90,14.8,-16.25,-64.26
-179,90,15.12,-22.9,-69.33
-179,90,15.44,-28.126,-74.44
-179,90,15.76,-26.808,-74
-179,90,16.08,-23.122,-70.58
-179,90,16.4,-27.59,-77.4
-179,90,16.72,-24.118,-73.6
-179,90,17.04,-33.606,-84.86
-179,90,17.36,-26.826,-79.47
-179,90,17.68,-43.792,-96.87
-179,90,18,-23.9,-76.71
-178,90,2,-8.45,-30.24
-178,90,2.32,-7.966,-33.62
-178,90,2.64,-4.548,-33.26
-178,90,2.96,-2.548,-30.86
-178,90,3.28,-1.812,-31.83
-178,90,3.6,-5.82,-33.27
-178,90,3.92,-10.002,-37.55
-178,90,4.24,-11.536,-40.56
-178,90,4.56,-9.546,-39.36
-178,90,4.88,-8.8,-38.93
-178,90,5.2,-7.54,-38.96
-178,90,5.52,-10.768,-41.05
-178,90,5.84,-9.862,-41.31
-178,90,6.16,-10.64,-42.68
-178,90,6.48,-11.246,-45.33
-178,90,6.8,-13.04,-46.54
-178,90,7.12,-14.056,-48.65
-178,90,7.44,-11.336,-45.67
-178,90,7.76,-8.328,-43.55
-178,90,8.08,-11.816,-46.62
-178,90,8.4,-14.04,-49.42
-178,90,8.72,-12.738,-50.04
-178,90,9.04,-16.564,-54.35
-178,90,9.36,-16.174,-54.24
-178,90,9.68,-15.25,-54.14
-178,90,10,-12.85,-51.92
-178,90,10.32,-15.072,-54.7
-178,90,10.64,-17.568,-57.58
-178,90,10.96,-15.566,-55.55
-178,90,11.28,-18.516,-58.96
-178,90,11.6,-23.38,-64.25
-178,90,11.92,-19.324,-60.45
-178,90,12.24,-21.634,-63.89
-178,90,12.56,-18.51,-62.58
-178,90,12.88,-29.306,-74.51
-178,90,13.2,-25.14,-71.92
-178,90,13.52,-28.532,-74.54
-178,90,13.84,-20.478,-67.96
-178,90,14.16,-21.956,-70.18
-178,90,14.48,-31.474,-83.3
-178,90,14.8,-21.34,-69.35
-178,90,15.12,-28.02,-74.45
-178,90,15.44,-29.936,-76.25
-178,90,15.76,-35.688,-82.88
-178,90,16.08,-27.202,-74.66
-178,90,16.4,-23.64,-73.45
-178,90,16.72,-22.958,-72.44
-178,90,17.04,-22.186,-73.44
-178,90,17.36,-23.876,-76.52
-178,90,17.68,-32.042,-85.12
-178,90,18,-16.93,-69.74
-177,90,2,-8.44,-30.23
-177,90,2.32,-7.986,-33.64
-177,90,2.64,-4.998,-33.71
-177,90,2.96,-2.368,-30.68
-177,90,3.28,-1.892,-31.91
-177,90,3.6,-6.16,-33.61
-177,90,3.92,-9.842,-37.39
-177,90,4.24,-11.466,-40.49
-177,90,4.56,-9.346,-39.16
-177,90,4.88,-9.5,-39.63
-177,90,5.2,-7.93,-39.35
-177,90,5.52,-10.618,-40.9
-177,90,5.84,-9.642,-41.09
-177,90,6.16,-10.73,-42.77
-177,90,6.48,-11.606,-45.69
-177,90,6.8,-13.18,-46.68
-177,90,7.12,-14.296,-48.89
-177,90,7.44,-11.796,-46.13
-177,90,7.76,-8.348,-43.57
-177,90,8.08,-12.486,-47.29
-177,90,8.4,-13.54,-48.92
-177,90,8.72,-12.808,-50.11
-177,90,9.04,-16.614,-54.4
-177,90,9.36,-15.484,-53.55
-177,90,9.68,-15.11,-54
-177,90,10,-14.03,-53.1
-177,90,10.32,-14.802,-54.43
-177,90,10.64,-16.438,-56.45
-177,90,10.96,-18.866,-58.85
-177,90,11.28,-16.146,-56.59
-177,90,11.6,-19.72,-60.59
-177,90,11.92,-17.304,-58.43
-177,90,12.24,-29.144,-71.4
-177,90,12.56,-15.26,-59.33
-177,90,12.88,-31.206,-76.41
-177,90,13.2,-37.7,-84.48
-177,90,13.52,-25.042,-71.05
-177,90,13.84,-16.388,-63.87
-177,90,14.16,-20.276,-68.5
-177,90,14.48,-25.734,-77.56
-177,90,14.8,-23.9,-71.91
-177,90,15.12,-20.01,-66.44
-177,90,15.44,-22.226,-68.54
-177,90,15.76,-22.368,-69.56
-177,90,16.08,-24.292,-71.75
-177,90,16.4,-19.02,-68.83
-177,90,16.72,-21.568,-71.05
-177,90,17.04,-25.476,-76.73
-177,90,17.36,-22.796,-75.44
-177,90,17.68,-29.892,-82.97
-177,90,18,-32.54,-85.35
-176,90,2,-8.54,-30.33
-176,90,2.32,-7.936,-33.59
-176,90,2.64,-5.548,-34.26
-176,90,2.96,-2.128,-30.44
-176,90,3.28,-2.282,-32.3
-176,90,3.6,-6.29,-33.74
-176,90,3.92,-9.912,-37.46
-176,90,4.24,-11.436,-40.46
-176,90,4.56,-9.116,-38.93
-176,90,4.88,-10.79,-40.92
-176,90,5.2,-8.12,-39.54
-176,90,5.52,-10.668,-40.95
-176,90,5.84,-9.572,-41.02
-176,90,6.16,-11.17,-43.21
-176,90,6.48,-11.976,-46.06
-176,90,6.8,-13.26,-46.76
-176,90,7.12,-14.856,-49.45
-176,90,7.44,-11.886,-46.22
-176,90,7.76,-8.528,-43.75
-176,90,8.08,-12.536,-47.34
-176,90,8.4,-13.44,-48.82
-176,90,8.72,-12.418,-49.72
-176,90,9.04,-16.104,-53.89
-176,90,9.36,-15.704,-53.77
-176,90,9.68,-15.41,-54.3
-176,90,10,-15.19,-54.26
-176,90,10.32,-14.132,-53.76
-176,90,10.64,-15.978,-55.99
-176,90,10.96,-18.466,-58.45
-176,90,11.28,-14.946,-55.39
-176,90,11.6,-20.04,-60.91
-176,90,11.92,-16.414,-57.54
-176,90,12.24,-23.934,-66.19
-176,90,12.56,-16.64,-60.71
-176,90,12.88,-24.376,-69.58
-176,90,13.2,-26.57,-73.35
-176,90,13.52,-26.602,-72.61
-176,90,13.84,-21.408,-68.89
-176,90,14.16,-21.656,-69.88
-176,90,14.48,-21.314,-73.14
-176,90,14.8,-20.97,-68.98
-176,90,15.12,-39.16,-85.59
-176,90,15.44,-29.636,-75.95
-176,90,15.76,-31.388,-78.58
-176,90,16.08,-25.812,-73.27
-176,90,16.4,-22.83,-72.64
-176,90,16.72,-21.188,-70.67
-176,90,17.04,-24.636,-75.89
-176,90,17.36,-18.506,-71.15
-176,90,17.68,-25.412,-78.49
-176,90,18,-20.03,-72.84
-175,90,2,-8.71,-30.5
-175,90,2.32,-7.756,-33.41
-175,90,2.64,-6.248,-34.96
-175,90,2.96,-1.758,-30.07
-175,90,3.28,-2.592,-32.61
-175,90,3.6,-6.58,-34.03
-175,90,3.92,-10.022,-37.57
-175,90,4.24,-11.566,-40.59
-175,90,4.56,-9.146,-38.96
-175,90,4.88,-12.15,-42.28
-175,90,5.2,-7.66,-39.08
-175,90,5.52,-10.458,-40.74
-175,90,5.84,-10.112,-41.56
-175,90,6.16,-10.91,-42.95
-175,90,6.48,-12.416,-46.5
-175,90,6.8,-13.52,-47.02
-175,90,7.12,-14.506,-49.1
-175,90,7.44,-12.296,-46.63
-175,90,7.76,-9.138,-44.36
-175,90,8.08,-12.516,-47.32
-175,90,8.4,-14.71,-50.09
-175,90,8.72,-12.728,-50.03
-175,90,9.04,-16.954,-54.74
-175,90,9.36,-16.274,-54.34
-175,90,9.68,-15.42,-54.31
-175,90,10,-14.4,-53.47
-175,90,10.32,-13.262,-52.89
-175,90,10.64,-15.388,-55.4
-175,90,10.96,-19.016,-59
-175,90,11.28,-17.566,-58.01
-175,90,11.6,-19.97,-60.84
-175,90,11.92,-17.484,-58.61
-175,90,12.24,-24.054,-66.31
-175,90,12.56,-17.87,-61.94
-175,90,12.88,-23.956,-69.16
-175,90,13.2,-24.44,-71.22
-175,90,13.52,-34.472,-80.48
-175,90,13.84,-24.228,-71.71
-175,90,14.16,-17.096,-65.32
-175,90,14.48,-29.464,-81.29
-175,90,14.8,-21.74,-69.75
-175,90,15.12,-32.75,-79.18
-175,90,15.44,-22.466,-68.78
-175,90,15.76,-27.088,-74.28
-175,90,16.08,-28.872,-76.33
-175,90,16.4,-17.16,-66.97
-175,90,16.72,-26.788,-76.27
-175,90,17.04,-24.946,-76.2
-175,90,17.36,-18.446,-71.09
-175,90,17.68,-38.552,-91.63
-175,90,18,-27.44,-80.25
-174,90,2,-8.87,-30.66
-174,90,2.32,-7.586,-33.24
-174,90,2.64,-6.918,-35.63
-174,90,2.96,-1.508,-29.82
-174,90,3.28,-2.992,-33.01
-174,90,3.6,-6.82,-34.27
-174,90,3.92,-10.192,-37.74
-174,90,4.24,-11.836,-40.86
-174,90,4.56,-8.846,-38.66
-174,90,4.88,-13.16,-43.29
-174,90,5.2,-7.38,-38.8
-174,90,5.52,-10.088,-40.37
-174,90,5.84,-10.532,-41.98
-174,90,6.16,-10.92,-42.96
-174,90,6.48,-12.546,-46.63
-174,90,6.8,-13.5,-47
-174,90,7.12,-14.986,-49.58
-174,90,7.44,-11.806,-46.14
-174,90,7.76,-9.518,-44.74
-174,90,8.08,-12.466,-47.27
-174,90,8.4,-15.54,-50.92
-174,90,8.72,-13.148,-50.45
-174,90,9.04,-16.704,-54.49
-174,90,9.36,-16.664,-54.73
-174,90,9.68,-14.71,-53.6
-174,90,10,-15.57,-54.64
-174,90,10.32,-13.932,-53.56
-174,90,10.64,-17.198,-57.21
-174,90,10.96,-17.786,-57.77
-174,90,11.28,-20.716,-61.16
-174,90,11.6,-19.45,-60.32
-174,90,11.92,-18.044,-59.17
-174,90,12.24,-22.004,-64.26
-174,90,12.56,-19.18,-63.25
-174,90,12.88,-18.506,-63.71
-174,90,13.2,-23.73,-70.51
-174,90,13.52,-30.612,-76.62
-174,90,13.84,-25.338,-72.82
-174,90,14.16,-19.666,-67.89
-174,90,14.48,-25.154,-76.98
-174,90,14.8,-28.44,-76.45
-174,90,15.12,-26.61,-73.04
-174,90,15.44,-21.146,-67.46
-174,90,15.76,-38.028,-85.22
-174,90,16.08,-43.312,-90.77
-174,90,16.4,-15.72,-65.53
-174,90,16.72,-26.578,-76.06
-174,90,17.04,-19.186,-70.44
-174,90,17.36,-18.496,-71.14
-174,90,17.68,-22.462,-75.54
-174,90,18,-24.44,-77.25
-173,90,2,-9.13,-30.92
-173,90,2.32,-7.336,-32.99
-173,90,2.64,-7.518,-36.23
-173,90,2.96,-1.248,-29.56
-173,90,3.28,-3.332,-33.35
-173,90,3.6,-6.99,-34.44
-173,90,3.92,-10.622,-38.17
-173,90,4.24,-12.126,-41.15
-173,90,4.56,-8.956,-38.77
-173,90,4.88,-14.13,-44.26
-173,90,5.2,-7.28,-38.7
-173,90,5.52,-9.938,-40.22
-173,90,5.84,-11.332,-42.78
-173,90,6.16,-11.56,-43.6
-173,90,6.48,-13.056,-47.14
-173,90,6.8,-13.77,-47.27
-173,90,7.12,-15.206,-49.8
-173,90,7.44,-11.796,-46.13
-173,90,7.76,-9.438,-44.66
-173,90,8.08,-13.506,-48.31
-173,90,8.4,-16.55,-51.93
-173,90,8.72,-14.458,-51.76
-173,90,9.04,-16.624,-54.41
-173,90,9.36,-17.454,-55.52
-173,90,9.68,-15.76,-54.65
-173,90,10,-16.61,-55.68
-173,90,10.32,-14.852,-54.48
-173,90,10.64,-19.058,-59.07
-173,90,10.96,-16.286,-56.27
-173,90,11.28,-19.986,-60.43
-173,90,11.6,-18.4,-59.27
-173,90,11.92,-17.684,-58.81
-173,90,12.24,-22.134,-64.39
-173,90,12.56,-18.21,-62.28
-173,90,12.88,-24.316,-69.52
-173,90,13.2,-23.48,-70.26
-173,90,13.52,-26.812,-72.82
-173,90,13.84,-24.128,-71.61
-173,90,14.16,-20.726,-68.95
-173,90,14.48,-24.414,-76.24
-173,90,14.8,-19.15,-67.16
-173,90,15.12,-27.2,-73.63
-173,90,15.44,-26.826,-73.14
-173,90,15.76,-23.888,-71.08
-173,90,16.08,-25.762,-73.22
-173,90,16.4,-13.46,-63.27
-173,90,16.72,-29.878,-79.36
-173,90,17.04,-19.856,-71.11
-173,90,17.36,-14.676,-67.32
-173,90,17.68,-25.942,-79.02
-173,90,18,-21.97,-74.78
-172,90,2,-9.3,-31.09
-172,90,2.32,-7.246,-32.9
-172,90,2.64,-8.088,-36.8
-172,90,2.96,-1.138,-29.45
-172,90,3.28,-3.68200000000001,-33.7
-172,90,3.6,-7.32,-34.77
-172,90,3.92,-11.172,-38.72
-172,90,4.24,-12.596,-41.62
-172,90,4.56,-8.976,-38.79
-172,90,4.88,-13.79,-43.92
-172,90,5.2,-7.34,-38.76
-172,90,5.52,-10.138,-40.42
-172,90,5.84,-11.632,-43.08
-172,90,6.16,-11.8,-43.84
-172,90,6.48,-13.126,-47.21
-172,90,6.8,-13.79,-47.29
-172,90,7.12,-16.196,-50.79
-172,90,7.44,-11.736,-46.07
-172,90,7.76,-9.438,-44.66
-172,90,8.08,-14.696,-49.5
-172,90,8.4,-15.41,-50.79
-172,90,8.72,-14.648,-51.95
-172,90,9.04,-16.414,-54.2
-172,90,9.36,-19.104,-57.17
-172,90,9.68,-15,-53.89
-172,90,10,-18.1,-57.17
-172,90,10.32,-14.982,-54.61
-172,90,10.64,-20.008,-60.02
-172,90,10.96,-17.016,-57
-172,90,11.28,-18.146,-58.59
-172,90,11.6,-19,-59.87
-172,90,11.92,-18.304,-59.43
-172,90,12.24,-19.204,-61.46
-172,90,12.56,-16.25,-60.32
-172,90,12.88,-24.446,-69.65
-172,90,13.2,-24.21,-70.99
-172,90,13.52,-41.702,-87.71
-172,90,13.84,-28.498,-75.98
-172,90,14.16,-18.436,-66.66
-172,90,14.48,-23.704,-75.53
-172,90,14.8,-18.73,-66.74
-172,90,15.12,-26.13,-72.56
-172,90,15.44,-22.886,-69.2
-172,90,15.76,-24.818,-72.01
-172,90,16.08,-30.632,-78.09
-172,90,16.4,-14.99,-64.8
-172,90,16.72,-23.798,-73.28
-172,90,17.04,-17.926,-69.18
-172,90,17.36,-21.566,-74.21
-172,90,17.68,-31.682,-84.76
-172,90,18,-22.04,-74.85
-171,90,2,-9.62,-31.41
-171,90,2.32,-7.146,-32.8
-171,90,2.64,-8.468,-37.18
-171,90,2.96,-1.198,-29.51
-171,90,3.28,-3.952,-33.97
-171,90,3.6,-7.61,-35.06
-171,90,3.92,-11.982,-39.53
-171,90,4.24,-13.056,-42.08
-171,90,4.56,-9.466,-39.28
-171,90,4.88,-12.99,-43.12
-171,90,5.2,-7.59,-39.01
-171,90,5.52,-10.418,-40.7
-171,90,5.84,-11.782,-43.23
-171,90,6.16,-12.31,-44.35
-171,90,6.48,-13.006,-47.09
-171,90,6.8,-14.25,-47.75
-171,90,7.12,-16.156,-50.75
-171,90,7.44,-12.156,-46.49
-171,90,7.76,-9.938,-45.16
-171,90,8.08,-15.776,-50.58
-171,90,8.4,-15.15,-50.53
-171,90,8.72,-15.808,-53.11
-171,90,9.04,-15.854,-53.64
-171,90,9.36,-19.404,-57.47
-171,90,9.68,-14.85,-53.74
-171,90,10,-18.33,-57.4
-171,90,10.32,-14.602,-54.23
-171,90,10.64,-18.168,-58.18
-171,90,10.96,-19.176,-59.16
-171,90,11.28,-17.976,-58.42
-171,90,11.6,-16.14,-57.01
-171,90,11.92,-21.154,-62.28
-171,90,12.24,-18.214,-60.47
-171,90,12.56,-17.47,-61.54
-171,90,12.88,-24.876,-70.08
-171,90,13.2,-22.34,-69.12
-171,90,13.52,-33.222,-79.23
-171,90,13.84,-24.328,-71.81
-171,90,14.16,-22.016,-70.24
-171,90,14.48,-28.394,-80.22
-171,90,14.8,-23.77,-71.78
-171,90,15.12,-21.61,-68.04
-171,90,15.44,-30.506,-76.82
-171,90,15.76,-25.978,-73.17
-171,90,16.08,-24.502,-71.96
-171,90,16.4,-19.86,-69.67
-171,90,16.72,-22.848,-72.33
-171,90,17.04,-11.316,-62.57
-171,90,17.36,-25.596,-78.24
-171,90,17.68,-22.602,-75.68
-171,90,18,-25.32,-78.13
-170,90,2,-9.88,-31.67
-170,90,2.32,-7.176,-32.83
-170,90,2.64,-8.518,-37.23
-170,90,2.96,-1.388,-29.7
-170,90,3.28,-4.082,-34.1
-170,90,3.6,-8.03,-35.48
-170,90,3.92,-12.822,-40.37
-170,90,4.24,-13.736,-42.76
-170,90,4.56,-10.066,-39.88
-170,90,4.88,-11.69,-41.82
-170,90,5.2,-8.58,-40
-170,90,5.52,-10.768,-41.05
-170,90,5.84,-11.142,-42.59
-170,90,6.16,-12.93,-44.97
-170,90,6.48,-12.986,-47.07
-170,90,6.8,-14.3,-47.8
-170,90,7.12,-16.776,-51.37
-170,90,7.44,-11.866,-46.2
-170,90,7.76,-10.338,-45.56
-170,90,8.08,-16.016,-50.82
-170,90,8.4,-15.08,-50.46
-170,90,8.72,-16.058,-53.36
-170,90,9.04,-16.004,-53.79
-170,90,9.36,-21.794,-59.86
-170,90,9.68,-14.78,-53.67
-170,90,10,-19.68,-58.75
-170,90,10.32,-13.612,-53.24
-170,90,10.64,-18.378,-58.39
-170,90,10.96,-21.406,-61.39
-170,90,11.28,-19.506,-59.95
-170,90,11.6,-18.25,-59.12
-170,90,11.92,-21.144,-62.27
-170,90,12.24,-18.294,-60.55
-170,90,12.56,-19.37,-63.44
-170,90,12.88,-26.296,-71.5
-170,90,13.2,-20.96,-67.74
-170,90,13.52,-30.132,-76.14
-170,90,13.84,-24.948,-72.43
-170,90,14.16,-21.856,-70.08
-170,90,14.48,-21.014,-72.84
-170,90,14.8,-23.29,-71.3
-170,90,15.12,-24.76,-71.19
-170,90,15.44,-23.596,-69.91
-170,90,15.76,-38.938,-86.13
-170,90,16.08,-31.532,-78.99
-170,90,16.4,-22.67,-72.48
-170,90,16.72,-20.778,-70.26
-170,90,17.04,-19.546,-70.8
-170,90,17.36,-24.586,-77.23
-170,90,17.68,-22.712,-75.79
-170,90,18,-34.34,-87.15
-169,90,2,-10.15,-31.94
-169,90,2.32,-7.246,-32.9
-169,90,2.64,-8.578,-37.29
-169,90,2.96,-1.748,-30.06
-169,90,3.28,-4.282,-34.3
-169,90,3.6,-8.5,-35.95
-169,90,3.92,-13.382,-40.93
-169,90,4.24,-13.966,-42.99
-169,90,4.56,-10.496,-40.31
-169,90,4.88,-10.67,-40.8
-169,90,5.2,-9.37,-40.79
-169,90,5.52,-11.308,-41.59
-169,90,5.84,-10.922,-42.37
-169,90,6.16,-13.25,-45.29
-169,90,6.48,-13.406,-47.49
-169,90,6.8,-14.56,-48.06
-169,90,7.12,-17.696,-52.29
-169,90,7.44,-11.876,-46.21
-169,90,7.76,-11.658,-46.88
-169,90,8.08,-15.206,-50.01
-169,90,8.4,-15.17,-50.55
-169,90,8.72,-17.978,-55.28
-169,90,9.04,-16.234,-54.02
-169,90,9.36,-21.024,-59.09
-169,90,9.68,-13.85,-52.74
-169,90,10,-21.41,-60.48
-169,90,10.32,-15.292,-54.92
-169,90,10.64,-18.408,-58.42
-169,90,10.96,-20.086,-60.07
-169,90,11.28,-20.226,-60.67
-169,90,11.6,-21.03,-61.9
-169,90,11.92,-19.894,-61.02
-169,90,12.24,-20.534,-62.79
-169,90,12.56,-19.08,-63.15
-169,90,12.88,-26.916,-72.12
-169,90,13.2,-24.83,-71.61
-169,90,13.52,-24.102,-70.11
-169,90,13.84,-24.618,-72.1
-169,90,14.16,-19.046,-67.27
-169,90,14.48,-31.184,-83.01
-169,90,14.8,-23.61,-71.62
-169,90,15.12,-27.21,-73.64
-169,90,15.44,-26.016,-72.33
-169,90,15.76,-39.178,-86.37
-169,90,16.08,-30.782,-78.24
-169,90,16.4,-20.04,-69.85
-169,90,16.72,-20.308,-69.79
-169,90,17.04,-19.096,-70.35
-169,90,17.36,-31.126,-83.77
-169,90,17.68,-30.642,-83.72
-169,90,18,-22.03,-74.84
-168,90,2,-10.06,-31.85
-168,90,2.32,-7.596,-33.25
-168,90,2.64,-8.398,-37.11
-168,90,2.96,-2.228,-30.54
-168,90,3.28,-4.472,-34.49
-168,90,3.6,-8.85,-36.3
-168,90,3.92,-14.142,-41.69
-168,90,4.24,-14.166,-43.19
-168,90,4.56,-10.846,-40.66
-168,90,4.88,-10.08,-40.21
-168,90,5.2,-10.15,-41.57
-168,90,5.52,-11.518,-41.8
-168,90,5.84,-11.172,-42.62
-168,90,6.16,-13.24,-45.28
-168,90,6.48,-13.986,-48.07
-168,90,6.8,-14.93,-48.43
-168,90,7.12,-18.666,-53.26
-168,90,7.44,-11.376,-45.71
-168,90,7.76,-12.578,-47.8
-168,90,8.08,-15.186,-49.99
-168,90,8.4,-16.76,-52.14
-168,90,8.72,-19.528,-56.83
-168,90,9.04,-17.714,-55.5
-168,90,9.36,-20.094,-58.16
-168,90,9.68,-13.05,-51.94
-168,90,10,-22.52,-61.59
-168,90,10.32,-16.292,-55.92
-168,90,10.64,-22.058,-62.07
-168,90,10.96,-19.696,-59.68
-168,90,11.28,-17.146,-57.59
-168,90,11.6,-18.53,-59.4
-168,90,11.92,-22.134,-63.26
-168,90,12.24,-19.644,-61.9
-168,90,12.56,-17.02,-61.09
-168,90,12.88,-42.656,-87.86
-168,90,13.2,-25.12,-71.9
-168,90,13.52,-25.772,-71.78
-168,90,13.84,-29.688,-77.17
-168,90,14.16,-19.626,-67.85
-168,90,14.48,-25.824,-77.65
-168,90,14.8,-25.71,-73.72
-168,90,15.12,-26.99,-73.42
-168,90,15.44,-32.726,-79.04
-168,90,15.76,-26.208,-73.4
-168,90,16.08,-34.032,-81.49
-168,90,16.4,-29.24,-79.05
-168,90,16.72,-31.578,-81.06
-168,90,17.04,-19.896,-71.15
-168,90,17.36,-37.106,-89.75
-168,90,17.68,-22.872,-75.95
-168,90,18,-27.57,-80.38
-167,90,2,-10.57,-32.36
-167,90,2.32,-7.876,-33.53
-167,90,2.64,-8.068,-36.78
-167,90,2.96,-3.038,-31.35
-167,90,3.28,-4.842,-34.86
-167,90,3.6,-9.52,-36.97
-167,90,3.92,-14.212,-41.76
-167,90,4.24,-14.016,-43.04
-167,90,4.56,-11.176,-40.99
-167,90,4.88,-9.7,-39.83
-167,90,5.2,-10.59,-42.01
-167,90,5.52,-11.438,-41.72
-167,90,5.84,-11.252,-42.7
-167,90,6.16,-13.46,-45.5
-167,90,6.48,-14.936,-49.02
-167,90,6.8,-15.08,-48.58
-167,90,7.12,-19.146,-53.74
-167,90,7.44,-11.126,-45.46
-167,90,7.76,-13.558,-48.78
-167,90,8.08,-15.826,-50.63
-167,90,8.4,-17.66,-53.04
-167,90,8.72,-18.588,-55.89
-167,90,9.04,-20.304,-58.09
-167,90,9.36,-19.274,-57.34
-167,90,9.68,-14.5,-53.39
-167,90,10,-23.19,-62.26
-167,90,10.32,-17.492,-57.12
-167,90,10.64,-20.968,-60.98
-167,90,10.96,-18.776,-58.76
-167,90,11.28,-20.456,-60.9
-167,90,11.6,-18.78,-59.65
-167,90,11.92,-21.924,-63.05
-167,90,12.24,-16.064,-58.32
-167,90,12.56,-19.62,-63.69
-167,90,12.88,-27.156,-72.36
-167,90,13.2,-25.47,-72.25
-167,90,13.52,-27.292,-73.3
-167,90,13.84,-25.668,-73.15
-167,90,14.16,-31.846,-80.07
-167,90,14.48,-42.734,-94.56
-167,90,14.8,-51.08,-99.09
-167,90,15.12,-27.89,-74.32
-167,90,15.44,-36.536,-82.85
-167,90,15.76,-22.708,-69.9
-167,90,16.08,-21.992,-69.45
-167,90,16.4,-19.52,-69.33
-167,90,16.72,-33.598,-83.08
-167,90,17.04,-22.856,-74.11
-167,90,17.36,-37.956,-90.6
-167,90,17.68,-18.942,-72.02
-167,90,18,-26.69,-79.5
-166,90,2,-10.76,-32.55
-166,90,2.32,-8.306,-33.96
-166,90,2.64,-7.708,-36.42
-166,90,2.96,-3.808,-32.12
-166,90,3.28,-5.172,-35.19
-166,90,3.6,-9.83,-37.28
-166,90,3.92,-14.242,-41.79
-166,90,4.24,-13.916,-42.94
-166,90,4.56,-11.336,-41.15
-166,90,4.88,-10.02,-40.15
-166,90,5.2,-10.09,-41.51
-166,90,5.52,-10.998,-41.28
-166,90,5.84,-12.022,-43.47
-166,90,6.16,-13.71,-45.75
-166,90,6.48,-15.836,-49.92
-166,90,6.8,-14.23,-47.73
-166,90,7.12,-18.606,-53.2
-166,90,7.44,-12.066,-46.4
-166,90,7.76,-13.548,-48.77
-166,90,8.08,-16.906,-51.71
-166,90,8.4,-17.9,-53.28
-166,90,8.72,-18.688,-55.99
-166,90,9.04,-21.294,-59.08
-166,90,9.36,-19.224,-57.29
-166,90,9.68,-15.87,-54.76
-166,90,10,-24.14,-63.21
-166,90,10.32,-16.722,-56.35
-166,90,10.64,-21.398,-61.41
-166,90,10.96,-23.026,-63.01
-166,90,11.28,-19.966,-60.41
-166,90,11.6,-20.14,-61.01
-166,90,11.92,-23.614,-64.74
-166,90,12.24,-19.024,-61.28
-166,90,12.56,-26.1,-70.17
-166,90,12.88,-27.386,-72.59
-166,90,13.2,-39.07,-85.85
-166,90,13.52,-26.992,-73
-166,90,13.84,-23.228,-70.71
-166,90,14.16,-26.486,-74.71
-166,90,14.48,-24.894,-76.72
-166,90,14.8,-30.42,-78.43
-166,90,15.12,-28.39,-74.82
-166,90,15.44,-29.556,-75.87
-166,90,15.76,-35.868,-83.06
-166,90,16.08,-26.262,-73.72
-166,90,16.4,-23.15,-72.96
-166,90,16.72,-37.158,-86.64
-166,90,17.04,-19.276,-70.53
-166,90,17.36,-21.216,-73.86
-166,90,17.68,-21.502,-74.58
-166,90,18,-22.38,-75.19
-165,90,2,-10.84,-32.63
-165,90,2.32,-8.876,-34.53
-165,90,2.64,-7.298,-36.01
-165,90,2.96,-4.748,-33.06
-165,90,3.28,-5.812,-35.83
-165,90,3.6,-10.05,-37.5
-165,90,3.92,-13.792,-41.34
-165,90,4.24,-14.506,-43.53
-165,90,4.56,-11.756,-41.57
-165,90,4.88,-10.51,-40.64
-165,90,5.2,-9.43,-40.85
-165,90,5.52,-10.708,-40.99
-165,90,5.84,-12.252,-43.7
-165,90,6.16,-14.4,-46.44
-165,90,6.48,-15.816,-49.9
-165,90,6.8,-14.76,-48.26
-165,90,7.12,-16.126,-50.72
-165,90,7.44,-13.436,-47.77
-165,90,7.76,-13.378,-48.6
-165,90,8.08,-18.916,-53.72
-165,90,8.4,-18.3,-53.68
-165,90,8.72,-17.678,-54.98
-165,90,9.04,-21.574,-59.36
-165,90,9.36,-17.794,-55.86
-165,90,9.68,-16.73,-55.62
-165,90,10,-24.67,-63.74
-165,90,10.32,-18.802,-58.43
-165,90,10.64,-22.018,-62.03
-165,90,10.96,-25.686,-65.67
-165,90,11.28,-20.816,-61.26
-165,90,11.6,-22.98,-63.85
-165,90,11.92,-27.124,-68.25
-165,90,12.24,-21.284,-63.54
-165,90,12.56,-24.98,-69.05
-165,90,12.88,-33.266,-78.47
-165,90,13.2,-34.92,-81.7
-165,90,13.52,-33.172,-79.18
-165,90,13.84,-28.738,-76.22
-165,90,14.16,-18.366,-66.59
-165,90,14.48,-20.864,-72.69
-165,90,14.8,-22.73,-70.74
-165,90,15.12,-28.86,-75.29
-165,90,15.44,-31.296,-77.61
-165,90,15.76,-23.568,-70.76
-165,90,16.08,-29.242,-76.7
-165,90,16.4,-26.24,-76.05
-165,90,16.72,-28.218,-77.7
-165,90,17.04,-19.526,-70.78
-165,90,17.36,-19.446,-72.09
-165,90,17.68,-18.772,-71.85
-165,90,18,-28.53,-81.34
-164,90,2,-10.91,-32.7
-164,90,2.32,-9.496,-35.15
-164,90,2.64,-7.268,-35.98
-164,90,2.96,-5.548,-33.86
-164,90,3.28,-6.562,-36.58
-164,90,3.6,-10.13,-37.58
-164,90,3.92,-13.272,-40.82
-164,90,4.24,-14.836,-43.86
-164,90,4.56,-12.236,-42.05
-164,90,4.88,-11.03,-41.16
-164,90,5.2,-8.73999999999999,-40.16
-164,90,5.52,-10.198,-40.48
-164,90,5.84,-12.672,-44.12
-164,90,6.16,-15.79,-47.83
-164,90,6.48,-15.296,-49.38
-164,90,6.8,-15.01,-48.51
-164,90,7.12,-15.236,-49.83
-164,90,7.44,-15.586,-49.92
-164,90,7.76,-12.998,-48.22
-164,90,8.08,-19.536,-54.34
-164,90,8.4,-18.89,-54.27
-164,90,8.72,-19.448,-56.75
-164,90,9.04,-20.194,-57.98
-164,90,9.36,-18.634,-56.7
-164,90,9.68,-17.4,-56.29
-164,90,10,-30.89,-69.96
-164,90,10.32,-22.972,-62.6
-164,90,10.64,-19.478,-59.49
-164,90,10.96,-27.776,-67.76
-164,90,11.28,-22.156,-62.6
-164,90,11.6,-23.77,-64.64
-164,90,11.92,-30.234,-71.36
-164,90,12.24,-26.084,-68.34
-164,90,12.56,-39.42,-83.49
-164,90,12.88,-37.346,-82.55
-164,90,13.2,-38.83,-85.61
-164,90,13.52,-25.312,-71.32
-164,90,13.84,-26.378,-73.86
-164,90,14.16,-29.506,-77.73
-164,90,14.48,-20.264,-72.09
-164,90,14.8,-22.2,-70.21
-164,90,15.12,-31.5,-77.93
-164,90,15.44,-30.616,-76.93
-164,90,15.76,-26.088,-73.28
-164,90,16.08,-36.792,-84.25
-164,90,16.4,-24.34,-74.15
-164,90,16.72,-30.518,-80
-164,90,17.04,-20.086,-71.34
-164,90,17.36,-25.176,-77.82
-164,90,17.68,-19.552,-72.63
-164,90,18,-26.41,-79.22
-163,90,2,-10.99,-32.78
-163,90,2.32,-10.046,-35.7
-163,90,2.64,-7.018,-35.73
-163,90,2.96,-6.098,-34.41
-163,90,3.28,-7.082,-37.1
-163,90,3.6,-10.03,-37.48
-163,90,3.92,-13.332,-40.88
-163,90,4.24,-15.266,-44.29
-163,90,4.56,-12.726,-42.54
-163,90,4.88,-11.27,-41.4
-163,90,5.2,-8.48999999999999,-39.91
-163,90,5.52,-10.258,-40.54
-163,90,5.84,-12.462,-43.91
-163,90,6.16,-16.32,-48.36
-163,90,6.48,-15.236,-49.32
-163,90,6.8,-15.8,-49.3
-163,90,7.12,-13.976,-48.57
-163,90,7.44,-16.906,-51.24
-163,90,7.76,-12.878,-48.1
-163,90,8.08,-18.096,-52.9
-163,90,8.4,-20.1,-55.48
-163,90,8.72,-19.158,-56.46
-163,90,9.04,-20.884,-58.67
-163,90,9.36,-17.684,-55.75
-163,90,9.68,-19.29,-58.18
-163,90,10,-27,-66.07
-163,90,10.32,-28.622,-68.25
-163,90,10.64,-20.578,-60.59
-163,90,10.96,-40.486,-80.47
-163,90,11.28,-27.226,-67.67
-163,90,11.6,-23.11,-63.98
-163,90,11.92,-29.674,-70.8
-163,90,12.24,-31.634,-73.89
-163,90,12.56,-24.84,-68.91
-163,90,12.88,-41.586,-86.79
-163,90,13.2,-28.97,-75.75
-163,90,13.52,-45.342,-91.35
-163,90,13.84,-50.608,-98.09
-163,90,14.16,-23.516,-71.74
-163,90,14.48,-22.704,-74.53
-163,90,14.8,-23.97,-71.98
-163,90,15.12,-31.07,-77.5
-163,90,15.44,-41.136,-87.45
-163,90,15.76,-35.838,-83.03
-163,90,16.08,-31.882,-79.34
-163,90,16.4,-18.89,-68.7
-163,90,16.72,-24.758,-74.24
-163,90,17.04,-31.776,-83.03
-163,90,17.36,-31.516,-84.16
-163,90,17.68,-22.322,-75.4
-163,90,18,-22.11,-74.92
-162,90,2,-11.04,-32.83
-162,90,2.32,-10.506,-36.16
-162,90,2.64,-7.188,-35.9
-162,90,2.96,-6.178,-34.49
-162,90,3.28,-7.922,-37.94
-162,90,3.6,-10.24,-37.69
-162,90,3.92,-13.582,-41.13
-162,90,4.24,-16.276,-45.3
-162,90,4.56,-13.006,-42.82
-162,90,4.88,-11.54,-41.67
-162,90,5.2,-8.7,-40.12
-162,90,5.52,-10.578,-40.86
-162,90,5.84,-11.962,-43.41
-162,90,6.16,-16.3,-48.34
-162,90,6.48,-15.136,-49.22
-162,90,6.8,-16.27,-49.77
-162,90,7.12,-13.266,-47.86
-162,90,7.44,-16.436,-50.77
-162,90,7.76,-13.378,-48.6
-162,90,8.08,-16.966,-51.77
-162,90,8.4,-23.41,-58.79
-162,90,8.72,-21.508,-58.81
-162,90,9.04,-22.074,-59.86
-162,90,9.36,-16.214,-54.28
-162,90,9.68,-23.77,-62.66
-162,90,10,-30.76,-69.83
-162,90,10.32,-25.092,-64.72
-162,90,10.64,-22.608,-62.62
-162,90,10.96,-27.256,-67.24
-162,90,11.28,-33.786,-74.23
-162,90,11.6,-23.03,-63.9
-162,90,11.92,-27.024,-68.15
-162,90,12.24,-26.934,-69.19
-162,90,12.56,-20.9,-64.97
-162,90,12.88,-24.766,-69.97
-162,90,13.2,-24.03,-70.81
-162,90,13.52,-22.942,-68.95
-162,90,13.84,-26.408,-73.89
-162,90,14.16,-26.736,-74.96
-162,90,14.48,-25.994,-77.82
-162,90,14.8,-23.2,-71.21
-162,90,15.12,-22.68,-69.11
-162,90,15.44,-26.966,-73.28
-162,90,15.76,-28.638,-75.83
-162,90,16.08,-31.982,-79.44
-162,90,16.4,-25.21,-75.02
-162,90,16.72,-25.718,-75.2
-162,90,17.04,-26.936,-78.19
-162,90,17.36,-18.036,-70.68
-162,90,17.68,-25.472,-78.55
-162,90,18,-17.95,-70.76
-161,90,2,-11.02,-32.81
-161,90,2.32,-10.816,-36.47
-161,90,2.64,-7.488,-36.2
-161,90,2.96,-6.078,-34.39
-161,90,3.28,-8.32200000000001,-38.34
-161,90,3.6,-10.29,-37.74
-161,90,3.92,-14.272,-41.82
-161,90,4.24,-16.746,-45.77
-161,90,4.56,-12.316,-42.13
-161,90,4.88,-11.47,-41.6
-161,90,5.2,-9.27,-40.69
-161,90,5.52,-11.198,-41.48
-161,90,5.84,-11.382,-42.83
-161,90,6.16,-16.76,-48.8
-161,90,6.48,-14.866,-48.95
-161,90,6.8,-16.63,-50.13
-161,90,7.12,-13.476,-48.07
-161,90,7.44,-17.836,-52.17
-161,90,7.76,-14.968,-50.19
-161,90,8.08,-15.966,-50.77
-161,90,8.4,-25.57,-60.95
-161,90,8.72,-21.498,-58.8
-161,90,9.04,-28.554,-66.34
-161,90,9.36,-21.104,-59.17
-161,90,9.68,-32.19,-71.08
-161,90,10,-31.83,-70.9
-161,90,10.32,-24.512,-64.14
-161,90,10.64,-29.218,-69.23
-161,90,10.96,-22.926,-62.91
-161,90,11.28,-53.556,-94
-161,90,11.6,-22.94,-63.81
-161,90,11.92,-25.974,-67.1
-161,90,12.24,-24.534,-66.79
-161,90,12.56,-28.95,-73.02
-161,90,12.88,-30.496,-75.7
-161,90,13.2,-23.2,-69.98
-161,90,13.52,-27.142,-73.15
-161,90,13.84,-29.208,-76.69
-161,90,14.16,-26.376,-74.6
-161,90,14.48,-30.304,-82.13
-161,90,14.8,-24.31,-72.32
-161,90,15.12,-39.4,-85.83
-161,90,15.44,-26.166,-72.48
-161,90,15.76,-29.908,-77.1
-161,90,16.08,-37.702,-85.16
-161,90,16.4,-25.52,-75.33
-161,90,16.72,-57.698,-107.18
-161,90,17.04,-24.826,-76.08
-161,90,17.36,-17.886,-70.53
-161,90,17.68,-23.972,-77.05
-161,90,18,-20.04,-72.85
-160,90,2,-11.12,-32.91
-160,90,2.32,-11.136,-36.79
-160,90,2.64,-8.258,-36.97
-160,90,2.96,-5.618,-33.93
-160,90,3.28,-8.702,-38.72
-160,90,3.6,-10.77,-38.22
-160,90,3.92,-15.622,-43.17
-160,90,4.24,-16.886,-45.91
-160,90,4.56,-12.226,-42.04
-160,90,4.88,-11.19,-41.32
-160,90,5.2,-10.46,-41.88
-160,90,5.52,-11.918,-42.2
-160,90,5.84,-11.312,-42.76
-160,90,6.16,-16.37,-48.41
-160,90,6.48,-15.266,-49.35
-160,90,6.8,-17.45,-50.95
-160,90,7.12,-14.376,-48.97
-160,90,7.44,-17.556,-51.89
-160,90,7.76,-17.268,-52.49
-160,90,8.08,-17.166,-51.97
-160,90,8.4,-36.42,-71.8
-160,90,8.72,-22.248,-59.55
-160,90,9.04,-40.094,-77.88
-160,90,9.36,-20.954,-59.02
-160,90,9.68,-34.44,-73.33
-160,90,10,-33.63,-72.7
-160,90,10.32,-23.482,-63.11
-160,90,10.64,-28.218,-68.23
-160,90,10.96,-21.096,-61.08
-160,90,11.28,-36.316,-76.76
-160,90,11.6,-37.86,-78.73
-160,90,11.92,-28.544,-69.67
-160,90,12.24,-32.644,-74.9
-160,90,12.56,-26.63,-70.7
-160,90,12.88,-29.016,-74.22
-160,90,13.2,-32.63,-79.41
-160,90,13.52,-31.722,-77.73
-160,90,13.84,-35.858,-83.34
-160,90,14.16,-30.776,-79
-160,90,14.48,-27.754,-79.58
-160,90,14.8,-25.88,-73.89
-160,90,15.12,-26.55,-72.98
-160,90,15.44,-26.256,-72.57
-160,90,15.76,-27.038,-74.23
-160,90,16.08,-27.562,-75.02
-160,90,16.4,-17.94,-67.75
-160,90,16.72,-26.658,-76.14
-160,90,17.04,-24.326,-75.58
-160,90,17.36,-23.426,-76.07
-160,90,17.68,-22.122,-75.2
-160,90,18,-21.99,-74.8
-159,90,2,-11.14,-32.93
-159,90,2.32,-11.356,-37.01
-159,90,2.64,-9.028,-37.74
-159,90,2.96,-5.118,-33.43
-159,90,3.28,-8.82200000000001,-38.84
-159,90,3.6,-11.32,-38.77
-159,90,3.92,-17.102,-44.65
-159,90,4.24,-17.006,-46.03
-159,90,4.56,-12.366,-42.18
-159,90,4.88,-11.1,-41.23
-159,90,5.2,-11.13,-42.55
-159,90,5.52,-12.498,-42.78
-159,90,5.84,-11.292,-42.74
-159,90,6.16,-16.65,-48.69
-159,90,6.48,-16.076,-50.16
-159,90,6.8,-18.59,-52.09
-159,90,7.12,-15.716,-50.31
-159,90,7.44,-19.036,-53.37
-159,90,7.76,-20.828,-56.05
-159,90,8.08,-19.776,-54.58
-159,90,8.4,-36.89,-72.27
-159,90,8.72,-22.998,-60.3
-159,90,9.04,-34.064,-71.85
-159,90,9.36,-22.044,-60.11
-159,90,9.68,-36.35,-75.24
-159,90,10,-31.2,-70.27
-159,90,10.32,-29.882,-69.51
-159,90,10.64,-27.998,-68.01
-159,90,10.96,-22.466,-62.45
-159,90,11.28,-30.766,-71.21
-159,90,11.6,-37.99,-78.86
-159,90,11.92,-53.064,-94.19
-159,90,12.24,-32.364,-74.62
-159,90,12.56,-25.64,-69.71
-159,90,12.88,-28.976,-74.18
-159,90,13.2,-29.63,-76.41
-159,90,13.52,-36.052,-82.06
-159,90,13.84,-23.468,-70.95
-159,90,14.16,-27.726,-75.95
-159,90,14.48,-29.814,-81.64
-159,90,14.8,-24.95,-72.96
-159,90,15.12,-30.03,-76.46
-159,90,15.44,-27.476,-73.79
-159,90,15.76,-29.178,-76.37
-159,90,16.08,-25.502,-72.96
-159,90,16.4,-20.88,-70.69
-159,90,16.72,-19.408,-68.89
-159,90,17.04,-20.466,-71.72
-159,90,17.36,-20.396,-73.04
-159,90,17.68,-21.822,-74.9
-159,90,18,-26.27,-79.08
-158,90,2,-11.18,-32.97
-158,90,2.32,-11.386,-37.04
-158,90,2.64,-10.178,-38.89
-158,90,2.96,-4.568,-32.88
-158,90,3.28,-8.832,-38.85
-158,90,3.6,-12.19,-39.64
-158,90,3.92,-18.322,-45.87
-158,90,4.24,-15.386,-44.41
-158,90,4.56,-12.606,-42.42
-158,90,4.88,-11.51,-41.64
-158,90,5.2,-11.09,-42.51
-158,90,5.52,-12.548,-42.83
-158,90,5.84,-12.122,-43.57
-158,90,6.16,-17.45,-49.49
-158,90,6.48,-16.556,-50.64
-158,90,6.8,-19.06,-52.56
-158,90,7.12,-17.026,-51.62
-158,90,7.44,-20.206,-54.54
-158,90,7.76,-21.028,-56.25
-158,90,8.08,-20.636,-55.44
-158,90,8.4,-27.2,-62.58
-158,90,8.72,-24.978,-62.28
-158,90,9.04,-34.434,-72.22
-158,90,9.36,-21.964,-60.03
-158,90,9.68,-31.12,-70.01
-158,90,10,-34.12,-73.19
-158,90,10.32,-37.122,-76.75
-158,90,10.64,-30.588,-70.6
-158,90,10.96,-26.796,-66.78
-158,90,11.28,-33.026,-73.47
-158,90,11.6,-35.71,-76.58
-158,90,11.92,-31.954,-73.08
-158,90,12.24,-41.204,-83.46
-158,90,12.56,-30.61,-74.68
-158,90,12.88,-28.556,-73.76
-158,90,13.2,-41.53,-88.31
-158,90,13.52,-32.062,-78.07
-158,90,13.84,-28.868,-76.35
-158,90,14.16,-31.766,-79.99
-158,90,14.48,-31.174,-83
-158,90,14.8,-22.92,-70.93
-158,90,15.12,-35.87,-82.3
-158,90,15.44,-25.936,-72.25
-158,90,15.76,-25.558,-72.75
-158,90,16.08,-27.982,-75.44
-158,90,16.4,-24.08,-73.89
-158,90,16.72,-32.208,-81.69
-158,90,17.04,-19.736,-70.99
-158,90,17.36,-19.736,-72.38
-158,90,17.68,-31.352,-84.43
-158,90,18,-24.22,-77.03
-157,90,2,-11.32,-33.11
-157,90,2.32,-11.246,-36.9
-157,90,2.64,-11.638,-40.35
-157,90,2.96,-4.198,-32.51
-157,90,3.28,-8.562,-38.58
-157,90,3.6,-13.12,-40.57
-157,90,3.92,-19.052,-46.6
-157,90,4.24,-14.486,-43.51
-157,90,4.56,-13.406,-43.22
-157,90,4.88,-11.69,-41.82
-157,90,5.2,-10.46,-41.88
-157,90,5.52,-12.538,-42.82
-157,90,5.84,-13.582,-45.03
-157,90,6.16,-19.58,-51.62
-157,90,6.48,-16.526,-50.61
-157,90,6.8,-19.88,-53.38
-157,90,7.12,-17.126,-51.72
-157,90,7.44,-21.956,-56.29
-157,90,7.76,-20.518,-55.74
-157,90,8.08,-22.016,-56.82
-157,90,8.4,-24.7,-60.08
-157,90,8.72,-28.058,-65.36
-157,90,9.04,-27.794,-65.58
-157,90,9.36,-19.864,-57.93
-157,90,9.68,-34.8,-73.69
-157,90,10,-76.43,-115.5
-157,90,10.32,-38.342,-77.97
-157,90,10.64,-29.918,-69.93
-157,90,10.96,-31.646,-71.63
-157,90,11.28,-32.386,-72.83
-157,90,11.6,-31.88,-72.75
-157,90,11.92,-31.364,-72.49
-157,90,12.24,-31.734,-73.99
-157,90,12.56,-24.62,-68.69
-157,90,12.88,-32.316,-77.52
-157,90,13.2,-45.5,-92.28
-157,90,13.52,-35.392,-81.4
-157,90,13.84,-24.868,-72.35
-157,90,14.16,-34.166,-82.39
-157,90,14.48,-22.764,-74.59
-157,90,14.8,-32.49,-80.5
-157,90,15.12,-30.26,-76.69
-157,90,15.44,-28.806,-75.12
-157,90,15.76,-24.558,-71.75
-157,90,16.08,-25.962,-73.42
-157,90,16.4,-26.01,-75.82
-157,90,16.72,-34.498,-83.98
-157,90,17.04,-22.416,-73.67
-157,90,17.36,-21.796,-74.44
-157,90,17.68,-22.972,-76.05
-157,90,18,-21.08,-73.89
-156,90,2,-11.38,-33.17
-156,90,2.32,-11.136,-36.79
-156,90,2.64,-13.418,-42.13
-156,90,2.96,-3.948,-32.26
-156,90,3.28,-8.122,-38.14
-156,90,3.6,-14.4,-41.85
-156,90,3.92,-18.522,-46.07
-156,90,4.24,-13.496,-42.52
-156,90,4.56,-13.596,-43.41
-156,90,4.88,-12.13,-42.26
-156,90,5.2,-9.79,-41.21
-156,90,5.52,-12.438,-42.72
-156,90,5.84,-16.122,-47.57
-156,90,6.16,-21.31,-53.35
-156,90,6.48,-16.116,-50.2
-156,90,6.8,-20.72,-54.22
-156,90,7.12,-17.496,-52.09
-156,90,7.44,-23.576,-57.91
-156,90,7.76,-19.778,-55
-156,90,8.08,-24.076,-58.88
-156,90,8.4,-23.09,-58.47
-156,90,8.72,-28.328,-65.63
-156,90,9.04,-23.204,-60.99
-156,90,9.36,-22.204,-60.27
-156,90,9.68,-25.74,-64.63
-156,90,10,-36.12,-75.19
-156,90,10.32,-33.482,-73.11
-156,90,10.64,-32.078,-72.09
-156,90,10.96,-34.646,-74.63
-156,90,11.28,-35.476,-75.92
-156,90,11.6,-30.21,-71.08
-156,90,11.92,-31.014,-72.14
-156,90,12.24,-33.774,-76.03
-156,90,12.56,-31.58,-75.65
-156,90,12.88,-30.936,-76.14
-156,90,13.2,-31.48,-78.26
-156,90,13.52,-27.442,-73.45
-156,90,13.84,-32.148,-79.63
-156,90,14.16,-24.326,-72.55
-156,90,14.48,-22.534,-74.36
-156,90,14.8,-27.5,-75.51
-156,90,15.12,-28.27,-74.7
-156,90,15.44,-35.066,-81.38
-156,90,15.76,-25.898,-73.09
-156,90,16.08,-30.252,-77.71
-156,90,16.4,-25.78,-75.59
-156,90,16.72,-25.128,-74.61
-156,90,17.04,-25.646,-76.9
-156,90,17.36,-27.996,-80.64
-156,90,17.68,-20.162,-73.24
-156,90,18,-20.84,-73.65
-155,90,2,-11.06,-32.85
-155,90,2.32,-11.036,-36.69
-155,90,2.64,-15.158,-43.87
-155,90,2.96,-3.928,-32.24
-155,90,3.28,-7.982,-38
-155,90,3.6,-15.55,-43
-155,90,3.92,-17.482,-45.03
-155,90,4.24,-13.046,-42.07
-155,90,4.56,-13.576,-43.39
-155,90,4.88,-12.41,-42.54
-155,90,5.2,-9.44,-40.86
-155,90,5.52,-12.828,-43.11
-155,90,5.84,-18.842,-50.29
-155,90,6.16,-21.22,-53.26
-155,90,6.48,-15.336,-49.42
-155,90,6.8,-24.36,-57.86
-155,90,7.12,-17.676,-52.27
-155,90,7.44,-25.176,-59.51
-155,90,7.76,-19.558,-54.78
-155,90,8.08,-29.116,-63.92
-155,90,8.4,-22.57,-57.95
-155,90,8.72,-28.858,-66.16
-155,90,9.04,-25.614,-63.4
-155,90,9.36,-24.704,-62.77
-155,90,9.68,-19.95,-58.84
-155,90,10,-32.07,-71.14
-155,90,10.32,-30.982,-70.61
-155,90,10.64,-30.248,-70.26
-155,90,10.96,-29.236,-69.22
-155,90,11.28,-36.996,-77.44
-155,90,11.6,-34.6,-75.47
-155,90,11.92,-26.104,-67.23
-155,90,12.24,-29.434,-71.69
-155,90,12.56,-28.37,-72.44
-155,90,12.88,-35.276,-80.48
-155,90,13.2,-28.33,-75.11
-155,90,13.52,-29.962,-75.97
-155,90,13.84,-31.988,-79.47
-155,90,14.16,-44.036,-92.26
-155,90,14.48,-22.204,-74.03
-155,90,14.8,-24.2,-72.21
-155,90,15.12,-24.92,-71.35
-155,90,15.44,-24.256,-70.57
-155,90,15.76,-27.558,-74.75
-155,90,16.08,-34.942,-82.4
-155,90,16.4,-24.95,-74.76
-155,90,16.72,-23.008,-72.49
-155,90,17.04,-24.976,-76.23
-155,90,17.36,-26.636,-79.28
-155,90,17.68,-20.002,-73.08
-155,90,18,-35.07,-87.88
-154,90,2,-11.69,-33.48
-154,90,2.32,-10.666,-36.32
-154,90,2.64,-17.008,-45.72
-154,90,2.96,-4.098,-32.41
-154,90,3.28,-7.68200000000001,-37.7
-154,90,3.6,-16.19,-43.64
-154,90,3.92,-17.202,-44.75
-154,90,4.24,-12.936,-41.96
-154,90,4.56,-13.396,-43.21
-154,90,4.88,-12.61,-42.74
-154,90,5.2,-9.51,-40.93
-154,90,5.52,-13.078,-43.36
-154,90,5.84,-21.392,-52.84
-154,90,6.16,-21.1,-53.14
-154,90,6.48,-15.816,-49.9
-154,90,6.8,-26.53,-60.03
-154,90,7.12,-20.196,-54.79
-154,90,7.44,-25.816,-60.15
-154,90,7.76,-20.168,-55.39
-154,90,8.08,-33.426,-68.23
-154,90,8.4,-21.59,-56.97
-154,90,8.72,-27.378,-64.68
-154,90,9.04,-20.844,-58.63
-154,90,9.36,-22.494,-60.56
-154,90,9.68,-21.81,-60.7
-154,90,10,-30.17,-69.24
-154,90,10.32,-26.132,-65.76
-154,90,10.64,-31.598,-71.61
-154,90,10.96,-30.276,-70.26
-154,90,11.28,-32.166,-72.61
-154,90,11.6,-30.18,-71.05
-154,90,11.92,-37.194,-78.32
-154,90,12.24,-34.644,-76.9
-154,90,12.56,-42.55,-86.62
-154,90,12.88,-30.256,-75.46
-154,90,13.2,-21.63,-68.41
-154,90,13.52,-30.042,-76.05
-154,90,13.84,-30.988,-78.47
-154,90,14.16,-35.006,-83.23
-154,90,14.48,-23.794,-75.62
-154,90,14.8,-35.19,-83.2
-154,90,15.12,-38.23,-84.66
-154,90,15.44,-31.466,-77.78
-154,90,15.76,-22.288,-69.48
-154,90,16.08,-22.692,-70.15
-154,90,16.4,-26.99,-76.8
-154,90,16.72,-20.408,-69.89
-154,90,17.04,-25.346,-76.6
-154,90,17.36,-27.396,-80.04
-154,90,17.68,-27.952,-81.03
-154,90,18,-23.46,-76.27
-153,90,2,-11.87,-33.66
-153,90,2.32,-10.596,-36.25
-153,90,2.64,-18.318,-47.03
-153,90,2.96,-4.478,-32.79
-153,90,3.28,-7.54200000000001,-37.56
-153,90,3.6,-16.47,-43.92
-153,90,3.92,-16.692,-44.24
-153,90,4.24,-13.696,-42.72
-153,90,4.56,-13.176,-42.99
-153,90,4.88,-12.65,-42.78
-153,90,5.2,-10.03,-41.45
-153,90,5.52,-13.978,-44.26
-153,90,5.84,-24.012,-55.46
-153,90,6.16,-22.72,-54.76
-153,90,6.48,-16.916,-51
-153,90,6.8,-28.8,-62.3
-153,90,7.12,-24.256,-58.85
-153,90,7.44,-28.596,-62.93
-153,90,7.76,-21.178,-56.4
-153,90,8.08,-27.856,-62.66
-153,90,8.4,-21.12,-56.5
-153,90,8.72,-28.518,-65.82
-153,90,9.04,-24.794,-62.58
-153,90,9.36,-22.564,-60.63
-153,90,9.68,-23.62,-62.51
-153,90,10,-28.93,-68
-153,90,10.32,-28.382,-68.01
-153,90,10.64,-31.908,-71.92
-153,90,10.96,-38.686,-78.67
-153,90,11.28,-27.066,-67.51
-153,90,11.6,-28.85,-69.72
-153,90,11.92,-24.584,-65.71
-153,90,12.24,-28.784,-71.04
-153,90,12.56,-28.34,-72.41
-153,90,12.88,-34.046,-79.25
-153,90,13.2,-21.95,-68.73
-153,90,13.52,-31.582,-77.59
-153,90,13.84,-29.748,-77.23
-153,90,14.16,-23.706,-71.93
-153,90,14.48,-36.244,-88.07
-153,90,14.8,-26.33,-74.34
-153,90,15.12,-27.71,-74.14
-153,90,15.44,-30.276,-76.59
-153,90,15.76,-31.268,-78.46
-153,90,16.08,-27.962,-75.42
-153,90,16.4,-29.52,-79.33
-153,90,16.72,-27.148,-76.63
-153,90,17.04,-19.646,-70.9
-153,90,17.36,-21.986,-74.63
-153,90,17.68,-30.952,-84.03
-153,90,18,-23.81,-76.62
-152,90,2,-12.23,-34.02
-152,90,2.32,-10.706,-36.36
-152,90,2.64,-18.758,-47.47
-152,90,2.96,-5.218,-33.53
-152,90,3.28,-7.692,-37.71
-152,90,3.6,-16.33,-43.78
-152,90,3.92,-16.152,-43.7
-152,90,4.24,-15.046,-44.07
-152,90,4.56,-12.916,-42.73
-152,90,4.88,-12.04,-42.17
-152,90,5.2,-11.6,-43.02
-152,90,5.52,-14.788,-45.07
-152,90,5.84,-24.562,-56.01
-152,90,6.16,-24.39,-56.43
-152,90,6.48,-18.456,-52.54
-152,90,6.8,-26.28,-59.78
-152,90,7.12,-29.036,-63.63
-152,90,7.44,-46.276,-80.61
-152,90,7.76,-22.898,-58.12
-152,90,8.08,-25.186,-59.99
-152,90,8.4,-24.26,-59.64
-152,90,8.72,-27.558,-64.86
-152,90,9.04,-27.954,-65.74
-152,90,9.36,-22.614,-60.68
-152,90,9.68,-33.17,-72.06
-152,90,10,-24.97,-64.04
-152,90,10.32,-24.632,-64.26
-152,90,10.64,-44.518,-84.53
-152,90,10.96,-44.786,-84.77
-152,90,11.28,-25.676,-66.12
-152,90,11.6,-30.09,-70.96
-152,90,11.92,-26.504,-67.63
-152,90,12.24,-23.324,-65.58
-152,90,12.56,-33.22,-77.29
-152,90,12.88,-37.546,-82.75
-152,90,13.2,-34.35,-81.13
-152,90,13.52,-29.742,-75.75
-152,90,13.84,-30.058,-77.54
-152,90,14.16,-23.126,-71.35
-152,90,14.48,-30.364,-82.19
-152,90,14.8,-24.04,-72.05
-152,90,15.12,-22.94,-69.37
-152,90,15.44,-21.616,-67.93
-152,90,15.76,-34.848,-82.04
-152,90,16.08,-33.662,-81.12
-152,90,16.4,-29.27,-79.08
-152,90,16.72,-23.058,-72.54
-152,90,17.04,-26.806,-78.06
-152,90,17.36,-24.476,-77.12
-152,90,17.68,-24.402,-77.48
-152,90,18,-27.45,-80.26
-151,90,2,-12.56,-34.35
-151,90,2.32,-10.646,-36.3
-151,90,2.64,-18.868,-47.58
-151,90,2.96,-6.188,-34.5
-151,90,3.28,-8.04200000000001,-38.06
-151,90,3.6,-15.81,-43.26
-151,90,3.92,-15.462,-43.01
-151,90,4.24,-16.496,-45.52
-151,90,4.56,-12.706,-42.52
-151,90,4.88,-11.58,-41.71
-151,90,5.2,-14.04,-45.46
-151,90,5.52,-15.628,-45.91
-151,90,5.84,-23.652,-55.1
-151,90,6.16,-25.56,-57.6
-151,90,6.48,-20.026,-54.11
-151,90,6.8,-22.79,-56.29
-151,90,7.12,-48.116,-82.71
-151,90,7.44,-33.556,-67.89
-151,90,7.76,-27.738,-62.96
-151,90,8.08,-25.326,-60.13
-151,90,8.4,-28.9,-64.28
-151,90,8.72,-20.598,-57.9
-151,90,9.04,-22.034,-59.82
-151,90,9.36,-24.144,-62.21
-151,90,9.68,-27.4,-66.29
-151,90,10,-25.43,-64.5
-151,90,10.32,-24.932,-64.56
-151,90,10.64,-38.208,-78.22
-151,90,10.96,-30.096,-70.08
-151,90,11.28,-36.516,-76.96
-151,90,11.6,-34.81,-75.68
-151,90,11.92,-25.124,-66.25
-151,90,12.24,-28.464,-70.72
-151,90,12.56,-27.84,-71.91
-151,90,12.88,-30.356,-75.56
-151,90,13.2,-28.89,-75.67
-151,90,13.52,-27.582,-73.59
-151,90,13.84,-21.488,-68.97
-151,90,14.16,-29.006,-77.23
-151,90,14.48,-21.804,-73.63
-151,90,14.8,-34.75,-82.76
-151,90,15.12,-27.27,-73.7
-151,90,15.44,-27.856,-74.17
-151,90,15.76,-24.498,-71.69
-151,90,16.08,-26.992,-74.45
-151,90,16.4,-24.44,-74.25
-151,90,16.72,-21.118,-70.6
-151,90,17.04,-24.546,-75.8
-151,90,17.36,-20.076,-72.72
-151,90,17.68,-24.282,-77.36
-151,90,18,-24.62,-77.43
-150,90,2,-12.86,-34.65
-150,90,2.32,-10.996,-36.65
-150,90,2.64,-17.788,-46.5
-150,90,2.96,-7.20800000000001,-35.52
-150,90,3.28,-8.222,-38.24
-150,90,3.6,-15.11,-42.56
-150,90,3.92,-15.372,-42.92
-150,90,4.24,-18.166,-47.19
-150,90,4.56,-12.256,-42.07
-150,90,4.88,-11.25,-41.38
-150,90,5.2,-15.34,-46.76
-150,90,5.52,-15.828,-46.11
-150,90,5.84,-23.212,-54.66
-150,90,6.16,-24.48,-56.52
-150,90,6.48,-20.176,-54.26
-150,90,6.8,-22.09,-55.59
-150,90,7.12,-32.416,-67.01
-150,90,7.44,-27.116,-61.45
-150,90,7.76,-25.878,-61.1
-150,90,8.08,-25.526,-60.33
-150,90,8.4,-37.98,-73.36
-150,90,8.72,-18.708,-56.01
-150,90,9.04,-20.794,-58.58
-150,90,9.36,-22.904,-60.97
-150,90,9.68,-25.53,-64.42
-150,90,10,-25.35,-64.42
-150,90,10.32,-23.622,-63.25
-150,90,10.64,-39.638,-79.65
-150,90,10.96,-34.016,-74
-150,90,11.28,-39.586,-80.03
-150,90,11.6,-33.9,-74.77
-150,90,11.92,-31.094,-72.22
-150,90,12.24,-24.974,-67.23
-150,90,12.56,-29.14,-73.21
-150,90,12.88,-29.226,-74.43
-150,90,13.2,-23.91,-70.69
-150,90,13.52,-32.092,-78.1
-150,90,13.84,-30.668,-78.15
-150,90,14.16,-27.886,-76.11
-150,90,14.48,-20.224,-72.05
-150,90,14.8,-23.04,-71.05
-150,90,15.12,-36.48,-82.91
-150,90,15.44,-34.636,-80.95
-150,90,15.76,-26.998,-74.19
-150,90,16.08,-28.172,-75.63
-150,90,16.4,-33.42,-83.23
-150,90,16.72,-25.918,-75.4
-150,90,17.04,-26.526,-77.78
-150,90,17.36,-21.566,-74.21
-150,90,17.68,-28.442,-81.52
-150,90,18,-35.25,-88.06
-149,90,2,-13.66,-35.45
-149,90,2.32,-11.296,-36.95
-149,90,2.64,-17.118,-45.83
-149,90,2.96,-8.27800000000001,-36.59
-149,90,3.28,-9.062,-39.08
-149,90,3.6,-14.91,-42.36
-149,90,3.92,-15.092,-42.64
-149,90,4.24,-19.676,-48.7
-149,90,4.56,-11.766,-41.58
-149,90,4.88,-11.53,-41.66
-149,90,5.2,-15.85,-47.27
-149,90,5.52,-15.658,-45.94
-149,90,5.84,-24.902,-56.35
-149,90,6.16,-20.89,-52.93
-149,90,6.48,-21.226,-55.31
-149,90,6.8,-21.08,-54.58
-149,90,7.12,-31.056,-65.65
-149,90,7.44,-27.946,-62.28
-149,90,7.76,-24.128,-59.35
-149,90,8.08,-26.686,-61.49
-149,90,8.4,-30.4,-65.78
-149,90,8.72,-17.738,-55.04
-149,90,9.04,-23.794,-61.58
-149,90,9.36,-19.694,-57.76
-149,90,9.68,-21.95,-60.84
-149,90,10,-26.53,-65.6
-149,90,10.32,-24.422,-64.05
-149,90,10.64,-40.378,-80.39
-149,90,10.96,-44.616,-84.6
-149,90,11.28,-27.506,-67.95
-149,90,11.6,-32.33,-73.2
-149,90,11.92,-39.544,-80.67
-149,90,12.24,-27.484,-69.74
-149,90,12.56,-28.02,-72.09
-149,90,12.88,-41.306,-86.51
-149,90,13.2,-21.86,-68.64
-149,90,13.52,-40.002,-86.01
-149,90,13.84,-23.148,-70.63
-149,90,14.16,-27.926,-76.15
-149,90,14.48,-19.734,-71.56
-149,90,14.8,-21.62,-69.63
-149,90,15.12,-25.79,-72.22
-149,90,15.44,-31.226,-77.54
-149,90,15.76,-37.678,-84.87
-149,90,16.08,-28.772,-76.23
-149,90,16.4,-29.04,-78.85
-149,90,16.72,-23.218,-72.7
-149,90,17.04,-33.126,-84.38
-149,90,17.36,-37.116,-89.76
-149,90,17.68,-32.422,-85.5
-149,90,18,-27.13,-79.94
-148,90,2,-14.38,-36.17
-148,90,2.32,-11.876,-37.53
-148,90,2.64,-16.328,-45.04
-148,90,2.96,-9.238,-37.55
-148,90,3.28,-9.302,-39.32
-148,90,3.6,-15.03,-42.48
-148,90,3.92,-15.152,-42.7
-148,90,4.24,-20.446,-49.47
-148,90,4.56,-12.006,-41.82
-148,90,4.88,-12.35,-42.48
-148,90,5.2,-15.23,-46.65
-148,90,5.52,-15.558,-45.84
-148,90,5.84,-27.282,-58.73
-148,90,6.16,-19.11,-51.15
-148,90,6.48,-21.246,-55.33
-148,90,6.8,-22.67,-56.17
-148,90,7.12,-29.126,-63.72
-148,90,7.44,-31.916,-66.25
-148,90,7.76,-24.058,-59.28
-148,90,8.08,-24.536,-59.34
-148,90,8.4,-28.81,-64.19
-148,90,8.72,-19.338,-56.64
-148,90,9.04,-36.554,-74.34
-148,90,9.36,-18.874,-56.94
-148,90,9.68,-23,-61.89
-148,90,10,-25.76,-64.83
-148,90,10.32,-31.472,-71.1
-148,90,10.64,-32.538,-72.55
-148,90,10.96,-32.896,-72.88
-148,90,11.28,-30.096,-70.54
-148,90,11.6,-25.48,-66.35
-148,90,11.92,-34.564,-75.69
-148,90,12.24,-31.224,-73.48
-148,90,12.56,-30.81,-74.88
-148,90,12.88,-32.896,-78.1
-148,90,13.2,-25.75,-72.53
-148,90,13.52,-26.622,-72.63
-148,90,13.84,-23.698,-71.18
-148,90,14.16,-23.976,-72.2
-148,90,14.48,-21.514,-73.34
-148,90,14.8,-26.33,-74.34
-148,90,15.12,-24.56,-70.99
-148,90,15.44,-30.796,-77.11
-148,90,15.76,-25.358,-72.55
-148,90,16.08,-37.482,-84.94
-148,90,16.4,-26.83,-76.64
-148,90,16.72,-26.638,-76.12
-148,90,17.04,-22.756,-74.01
-148,90,17.36,-25.256,-77.9
-148,90,17.68,-18.972,-72.05
-148,90,18,-27.15,-79.96
-147,90,2,-15.36,-37.15
-147,90,2.32,-12.606,-38.26
-147,90,2.64,-15.728,-44.44
-147,90,2.96,-9.758,-38.07
-147,90,3.28,-9.422,-39.44
-147,90,3.6,-15.87,-43.32
-147,90,3.92,-15.532,-43.08
-147,90,4.24,-20.316,-49.34
-147,90,4.56,-13.456,-43.27
-147,90,4.88,-13.78,-43.91
-147,90,5.2,-13.55,-44.97
-147,90,5.52,-15.768,-46.05
-147,90,5.84,-30.742,-62.19
-147,90,6.16,-18.24,-50.28
-147,90,6.48,-20.436,-54.52
-147,90,6.8,-24.49,-57.99
-147,90,7.12,-25.186,-59.78
-147,90,7.44,-34.826,-69.16
-147,90,7.76,-24.208,-59.43
-147,90,8.08,-23.966,-58.77
-147,90,8.4,-25.79,-61.17
-147,90,8.72,-22.838,-60.14
-147,90,9.04,-24.474,-62.26
-147,90,9.36,-23.594,-61.66
-147,90,9.68,-22.75,-61.64
-147,90,10,-35.5,-74.57
-147,90,10.32,-36.472,-76.1
-147,90,10.64,-30.788,-70.8
-147,90,10.96,-24.536,-64.52
-147,90,11.28,-30.216,-70.66
-147,90,11.6,-28.31,-69.18
-147,90,11.92,-31.814,-72.94
-147,90,12.24,-34.774,-77.03
-147,90,12.56,-33.23,-77.3
-147,90,12.88,-22.826,-68.03
-147,90,13.2,-31.59,-78.37
-147,90,13.52,-28.602,-74.61
-147,90,13.84,-29.058,-76.54
-147,90,14.16,-26.706,-74.93
-147,90,14.48,-23.464,-75.29
-147,90,14.8,-31.38,-79.39
-147,90,15.12,-31.1,-77.53
-147,90,15.44,-29.366,-75.68
-147,90,15.76,-27.798,-74.99
-147,90,16.08,-30.822,-78.28
-147,90,16.4,-25.41,-75.22
-147,90,16.72,-38.648,-88.13
-147,90,17.04,-29.026,-80.28
-147,90,17.36,-22.866,-75.51
-147,90,17.68,-19.822,-72.9
-147,90,18,-32.12,-84.93
-146,90,2,-16.64,-38.43
-146,90,2.32,-13.496,-39.15
-146,90,2.64,-15.508,-44.22
-146,90,2.96,-9.808,-38.12
-146,90,3.28,-9.832,-39.85
-146,90,3.6,-17.25,-44.7
-146,90,3.92,-16.082,-43.63
-146,90,4.24,-19.066,-48.09
-146,90,4.56,-14.986,-44.8
-146,90,4.88,-15.37,-45.5
-146,90,5.2,-12.39,-43.81
-146,90,5.52,-16.218,-46.5
-146,90,5.84,-30.252,-61.7
-146,90,6.16,-19.05,-51.09
-146,90,6.48,-20.206,-54.29
-146,90,6.8,-25.43,-58.93
-146,90,7.12,-22.426,-57.02
-146,90,7.44,-49.686,-84.02
-146,90,7.76,-25.638,-60.86
-146,90,8.08,-25.816,-60.62
-146,90,8.4,-26.12,-61.5
-146,90,8.72,-28.158,-65.46
-146,90,9.04,-23.404,-61.19
-146,90,9.36,-33.474,-71.54
-146,90,9.68,-21.84,-60.73
-146,90,10,-40.24,-79.31
-146,90,10.32,-31.592,-71.22
-146,90,10.64,-30.108,-70.12
-146,90,10.96,-37.006,-76.99
-146,90,11.28,-31.156,-71.6
-146,90,11.6,-26.43,-67.3
-146,90,11.92,-26.614,-67.74
-146,90,12.24,-31.384,-73.64
-146,90,12.56,-33.22,-77.29
-146,90,12.88,-28.726,-73.93
-146,90,13.2,-36.13,-82.91
-146,90,13.52,-23.532,-69.54
-146,90,13.84,-25.188,-72.67
-146,90,14.16,-22.706,-70.93
-146,90,14.48,-32.634,-84.46
-146,90,14.8,-24.26,-72.27
-146,90,15.12,-39.83,-86.26
-146,90,15.44,-26.276,-72.59
-146,90,15.76,-31.988,-79.18
-146,90,16.08,-26.902,-74.36
-146,90,16.4,-26.03,-75.84
-146,90,16.72,-30.958,-80.44
-146,90,17.04,-20.226,-71.48
-146,90,17.36,-32.236,-84.88
-146,90,17.68,-24.742,-77.82
-146,90,18,-23.06,-75.87
-145,90,2,-17.53,-39.32
-145,90,2.32,-14.776,-40.43
-145,90,2.64,-14.758,-43.47
-145,90,2.96,-9.068,-37.38
-145,90,3.28,-10.162,-40.18
-145,90,3.6,-19.42,-46.87
-145,90,3.92,-15.982,-43.53
-145,90,4.24,-18.536,-47.56
-145,90,4.56,-16.936,-46.75
-145,90,4.88,-15.73,-45.86
-145,90,5.2,-11.95,-43.37
-145,90,5.52,-16.478,-46.76
-145,90,5.84,-24.912,-56.36
-145,90,6.16,-21.24,-53.28
-145,90,6.48,-20.216,-54.3
-145,90,6.8,-24.46,-57.96
-145,90,7.12,-22.526,-57.12
-145,90,7.44,-30.736,-65.07
-145,90,7.76,-24.618,-59.84
-145,90,8.08,-26.176,-60.98
-145,90,8.4,-24.31,-59.69
-145,90,8.72,-25.718,-63.02
-145,90,9.04,-21.814,-59.6
-145,90,9.36,-28.294,-66.36
-145,90,9.68,-24.46,-63.35
-145,90,10,-32.04,-71.11
-145,90,10.32,-26.212,-65.84
-145,90,10.64,-34.328,-74.34
-145,90,10.96,-32.886,-72.87
-145,90,11.28,-27.546,-67.99
-145,90,11.6,-28.84,-69.71
-145,90,11.92,-30.404,-71.53
-145,90,12.24,-29.254,-71.51
-145,90,12.56,-35.8,-79.87
-145,90,12.88,-35.716,-80.92
-145,90,13.2,-24.16,-70.94
-145,90,13.52,-26.562,-72.57
-145,90,13.84,-37.898,-85.38
-145,90,14.16,-29.136,-77.36
-145,90,14.48,-20.104,-71.93
-145,90,14.8,-21.38,-69.39
-145,90,15.12,-40.3,-86.73
-145,90,15.44,-25.236,-71.55
-145,90,15.76,-37.188,-84.38
-145,90,16.08,-28.292,-75.75
-145,90,16.4,-22.53,-72.34
-145,90,16.72,-35.108,-84.59
-145,90,17.04,-23.316,-74.57
-145,90,17.36,-48.566,-101.21
-145,90,17.68,-26.522,-79.6
-145,90,18,-28.81,-81.62
-144,90,2,-18.4,-40.19
-144,90,2.32,-16.376,-42.03
-144,90,2.64,-15.048,-43.76
-144,90,2.96,-8.188,-36.5
-144,90,3.28,-10.322,-40.34
-144,90,3.6,-21.63,-49.08
-144,90,3.92,-16.162,-43.71
-144,90,4.24,-18.736,-47.76
-144,90,4.56,-19.576,-49.39
-144,90,4.88,-15.09,-45.22
-144,90,5.2,-12.8,-44.22
-144,90,5.52,-15.448,-45.73
-144,90,5.84,-21.112,-52.56
-144,90,6.16,-22.54,-54.58
-144,90,6.48,-20.196,-54.28
-144,90,6.8,-23.37,-56.87
-144,90,7.12,-22.636,-57.23
-144,90,7.44,-26.576,-60.91
-144,90,7.76,-28.398,-63.62
-144,90,8.08,-24.806,-59.61
-144,90,8.4,-23.77,-59.15
-144,90,8.72,-28.148,-65.45
-144,90,9.04,-23.184,-60.97
-144,90,9.36,-22.844,-60.91
-144,90,9.68,-29.37,-68.26
-144,90,10,-22.55,-61.62
-144,90,10.32,-23.552,-63.18
-144,90,10.64,-31.778,-71.79
-144,90,10.96,-28.716,-68.7
-144,90,11.28,-24.396,-64.84
-144,90,11.6,-29.01,-69.88
-144,90,11.92,-29.734,-70.86
-144,90,12.24,-28.304,-70.56
-144,90,12.56,-49.96,-94.03
-144,90,12.88,-33.276,-78.48
-144,90,13.2,-31.35,-78.13
-144,90,13.52,-28.782,-74.79
-144,90,13.84,-23.198,-70.68
-144,90,14.16,-22.846,-71.07
-144,90,14.48,-36.174,-88
-144,90,14.8,-23.14,-71.15
-144,90,15.12,-26.38,-72.81
-144,90,15.44,-23.846,-70.16
-144,90,15.76,-23.098,-70.29
-144,90,16.08,-32.282,-79.74
-144,90,16.4,-38.98,-88.79
-144,90,16.72,-32.528,-82.01
-144,90,17.04,-21.896,-73.15
-144,90,17.36,-27.096,-79.74
-144,90,17.68,-21.392,-74.47
-144,90,18,-32.83,-85.64
-143,90,2,-19.38,-41.17
-143,90,2.32,-18.496,-44.15
-143,90,2.64,-15.268,-43.98
-143,90,2.96,-7.088,-35.4
-143,90,3.28,-10.382,-40.4
-143,90,3.6,-23.44,-50.89
-143,90,3.92,-16.172,-43.72
-143,90,4.24,-19.686,-48.71
-143,90,4.56,-19.806,-49.62
-143,90,4.88,-13.94,-44.07
-143,90,5.2,-14.17,-45.59
-143,90,5.52,-14.738,-45.02
-143,90,5.84,-18.432,-49.88
-143,90,6.16,-24.14,-56.18
-143,90,6.48,-18.956,-53.04
-143,90,6.8,-22.82,-56.32
-143,90,7.12,-25.036,-59.63
-143,90,7.44,-25.116,-59.45
-143,90,7.76,-28.938,-64.16
-143,90,8.08,-23.306,-58.11
-143,90,8.4,-25.75,-61.13
-143,90,8.72,-27.288,-64.59
-143,90,9.04,-28.574,-66.36
-143,90,9.36,-23.324,-61.39
-143,90,9.68,-36.39,-75.28
-143,90,10,-21.46,-60.53
-143,90,10.32,-26.252,-65.88
-143,90,10.64,-29.858,-69.87
-143,90,10.96,-40.606,-80.59
-143,90,11.28,-27.266,-67.71
-143,90,11.6,-29.79,-70.66
-143,90,11.92,-29.244,-70.37
-143,90,12.24,-26.944,-69.2
-143,90,12.56,-26.32,-70.39
-143,90,12.88,-27.416,-72.62
-143,90,13.2,-22.66,-69.44
-143,90,13.52,-28.132,-74.14
-143,90,13.84,-26.958,-74.44
-143,90,14.16,-23.776,-72
-143,90,14.48,-24.144,-75.97
-143,90,14.8,-34.76,-82.77
-143,90,15.12,-28.6,-75.03
-143,90,15.44,-30.556,-76.87
-143,90,15.76,-27.568,-74.76
-143,90,16.08,-36.992,-84.45
-143,90,16.4,-38.58,-88.39
-143,90,16.72,-23.998,-73.48
-143,90,17.04,-31.696,-82.95
-143,90,17.36,-29.346,-81.99
-143,90,17.68,-19.932,-73.01
-143,90,18,-27.94,-80.75
-142,90,2,-19.82,-41.61
-142,90,2.32,-20.526,-46.18
-142,90,2.64,-16.568,-45.28
-142,90,2.96,-6.20800000000001,-34.52
-142,90,3.28,-10.492,-40.51
-142,90,3.6,-24.04,-51.49
-142,90,3.92,-16.902,-44.45
-142,90,4.24,-21.996,-51.02
-142,90,4.56,-16.956,-46.77
-142,90,4.88,-13.09,-43.22
-142,90,5.2,-16.42,-47.84
-142,90,5.52,-14.228,-44.51
-142,90,5.84,-17.842,-49.29
-142,90,6.16,-24.88,-56.92
-142,90,6.48,-18.676,-52.76
-142,90,6.8,-23.97,-57.47
-142,90,7.12,-26.016,-60.61
-142,90,7.44,-24.206,-58.54
-142,90,7.76,-33.108,-68.33
-142,90,8.08,-24.956,-59.76
-142,90,8.4,-33.26,-68.64
-142,90,8.72,-24.628,-61.93
-142,90,9.04,-29.154,-66.94
-142,90,9.36,-26.044,-64.11
-142,90,9.68,-39.58,-78.47
-142,90,10,-22.41,-61.48
-142,90,10.32,-31.562,-71.19
-142,90,10.64,-26.258,-66.27
-142,90,10.96,-33.266,-73.25
-142,90,11.28,-35.066,-75.51
-142,90,11.6,-26.08,-66.95
-142,90,11.92,-29.084,-70.21
-142,90,12.24,-28.984,-71.24
-142,90,12.56,-31.12,-75.19
-142,90,12.88,-26.126,-71.33
-142,90,13.2,-22.38,-69.16
-142,90,13.52,-26.342,-72.35
-142,90,13.84,-39.638,-87.12
-142,90,14.16,-28.746,-76.97
-142,90,14.48,-27.954,-79.78
-142,90,14.8,-23.19,-71.2
-142,90,15.12,-22.06,-68.49
-142,90,15.44,-26.566,-72.88
-142,90,15.76,-25.278,-72.47
-142,90,16.08,-35.652,-83.11
-142,90,16.4,-21.41,-71.22
-142,90,16.72,-28.178,-77.66
-142,90,17.04,-20.926,-72.18
-142,90,17.36,-23.466,-76.11
-142,90,17.68,-32.762,-85.84
-142,90,18,-30.05,-82.86
-141,90,2,-19.59,-41.38
-141,90,2.32,-22.686,-48.34
-141,90,2.64,-17.948,-46.66
-141,90,2.96,-5.398,-33.71
-141,90,3.28,-10.752,-40.77
-141,90,3.6,-23.2,-50.65
-141,90,3.92,-18.452,-46
-141,90,4.24,-27.376,-56.4
-141,90,4.56,-13.586,-43.4
-141,90,4.88,-12.81,-42.94
-141,90,5.2,-18.53,-49.95
-141,90,5.52,-14.038,-44.32
-141,90,5.84,-18.162,-49.61
-141,90,6.16,-21.83,-53.87
-141,90,6.48,-19.186,-53.27
-141,90,6.8,-23.99,-57.49
-141,90,7.12,-22.876,-57.47
-141,90,7.44,-25.736,-60.07
-141,90,7.76,-30.608,-65.83
-141,90,8.08,-30.266,-65.07
-141,90,8.4,-32.48,-67.86
-141,90,8.72,-23.948,-61.25
-141,90,9.04,-27.814,-65.6
-141,90,9.36,-28.854,-66.92
-141,90,9.68,-30.35,-69.24
-141,90,10,-28.44,-67.51
-141,90,10.32,-33.862,-73.49
-141,90,10.64,-23.388,-63.4
-141,90,10.96,-42.126,-82.11
-141,90,11.28,-31.826,-72.27
-141,90,11.6,-34.94,-75.81
-141,90,11.92,-44.674,-85.8
-141,90,12.24,-33.184,-75.44
-141,90,12.56,-30.32,-74.39
-141,90,12.88,-36.136,-81.34
-141,90,13.2,-33.95,-80.73
-141,90,13.52,-25.492,-71.5
-141,90,13.84,-30.508,-77.99
-141,90,14.16,-19.526,-67.75
-141,90,14.48,-24.654,-76.48
-141,90,14.8,-32.33,-80.34
-141,90,15.12,-27.58,-74.01
-141,90,15.44,-29.726,-76.04
-141,90,15.76,-33.738,-80.93
-141,90,16.08,-31.682,-79.14
-141,90,16.4,-39.58,-89.39
-141,90,16.72,-27.168,-76.65
-141,90,17.04,-22.406,-73.66
-141,90,17.36,-28.216,-80.86
-141,90,17.68,-26.152,-79.23
-141,90,18,-24.09,-76.9
-140,90,2,-18.8,-40.59
-140,90,2.32,-26.306,-51.96
-140,90,2.64,-19.798,-48.51
-140,90,2.96,-4.698,-33.01
-140,90,3.28,-10.842,-40.86
-140,90,3.6,-22.49,-49.94
-140,90,3.92,-21.112,-48.66
-140,90,4.24,-35.646,-64.67
-140,90,4.56,-11.526,-41.34
-140,90,4.88,-12.3,-42.43
-140,90,5.2,-17.63,-49.05
-140,90,5.52,-14.768,-45.05
-140,90,5.84,-20.032,-51.48
-140,90,6.16,-18.76,-50.8
-140,90,6.48,-20.956,-55.04
-140,90,6.8,-24.75,-58.25
-140,90,7.12,-21.386,-55.98
-140,90,7.44,-29.616,-63.95
-140,90,7.76,-28.128,-63.35
-140,90,8.08,-36.366,-71.17
-140,90,8.4,-28.67,-64.05
-140,90,8.72,-24.588,-61.89
-140,90,9.04,-34.374,-72.16
-140,90,9.36,-25.684,-63.75
-140,90,9.68,-29.18,-68.07
-140,90,10,-30.88,-69.95
-140,90,10.32,-36.862,-76.49
-140,90,10.64,-29.668,-69.68
-140,90,10.96,-26.876,-66.86
-140,90,11.28,-33.456,-73.9
-140,90,11.6,-41.99,-82.86
-140,90,11.92,-31.524,-72.65
-140,90,12.24,-30.004,-72.26
-140,90,12.56,-28.97,-73.04
-140,90,12.88,-37.286,-82.49
-140,90,13.2,-22.85,-69.63
-140,90,13.52,-24.552,-70.56
-140,90,13.84,-24.558,-72.04
-140,90,14.16,-23.856,-72.08
-140,90,14.48,-26.754,-78.58
-140,90,14.8,-21.95,-69.96
-140,90,15.12,-29.04,-75.47
-140,90,15.44,-36.186,-82.5
-140,90,15.76,-25.708,-72.9
-140,90,16.08,-34.152,-81.61
-140,90,16.4,-24.69,-74.5
-140,90,16.72,-25.748,-75.23
-140,90,17.04,-23.226,-74.48
-140,90,17.36,-22.756,-75.4
-140,90,17.68,-24.502,-77.58
-140,90,18,-33,-85.81
-139,90,2,-17.85,-39.64
-139,90,2.32,-26.376,-52.03
-139,90,2.64,-22.948,-51.66
-139,90,2.96,-4.52800000000001,-32.84
-139,90,3.28,-11.052,-41.07
-139,90,3.6,-20.15,-47.6
-139,90,3.92,-25.542,-53.09
-139,90,4.24,-29.276,-58.3
-139,90,4.56,-9.656,-39.47
-139,90,4.88,-13.06,-43.19
-139,90,5.2,-16.28,-47.7
-139,90,5.52,-16.478,-46.76
-139,90,5.84,-21.002,-52.45
-139,90,6.16,-17.04,-49.08
-139,90,6.48,-21.986,-56.07
-139,90,6.8,-22.05,-55.55
-139,90,7.12,-20.336,-54.93
-139,90,7.44,-31.626,-65.96
-139,90,7.76,-29.778,-65
-139,90,8.08,-32.246,-67.05
-139,90,8.4,-25.77,-61.15
-139,90,8.72,-27.718,-65.02
-139,90,9.04,-31.664,-69.45
-139,90,9.36,-23.524,-61.59
-139,90,9.68,-38.09,-76.98
-139,90,10,-24.08,-63.15
-139,90,10.32,-34.212,-73.84
-139,90,10.64,-31.838,-71.85
-139,90,10.96,-28.526,-68.51
-139,90,11.28,-43.886,-84.33
-139,90,11.6,-26.03,-66.9
-139,90,11.92,-30.264,-71.39
-139,90,12.24,-37.284,-79.54
-139,90,12.56,-28.89,-72.96
-139,90,12.88,-43.216,-88.42
-139,90,13.2,-29.65,-76.43
-139,90,13.52,-25.002,-71.01
-139,90,13.84,-30.158,-77.64
-139,90,14.16,-26.336,-74.56
-139,90,14.48,-23.654,-75.48
-139,90,14.8,-24.32,-72.33
-139,90,15.12,-29.93,-76.36
-139,90,15.44,-35.986,-82.3
-139,90,15.76,-24.298,-71.49
-139,90,16.08,-39.762,-87.22
-139,90,16.4,-32.45,-82.26
-139,90,16.72,-26.608,-76.09
-139,90,17.04,-28.796,-80.05
-139,90,17.36,-27.526,-80.17
-139,90,17.68,-25.122,-78.2
-139,90,18,-35.31,-88.12
-138,90,2,-16.76,-38.55
-138,90,2.32,-26.656,-52.31
-138,90,2.64,-24.718,-53.43
-138,90,2.96,-4.38800000000001,-32.7
-138,90,3.28,-11.032,-41.05
-138,90,3.6,-18.01,-45.46
-138,90,3.92,-31.502,-59.05
-138,90,4.24,-24.336,-53.36
-138,90,4.56,-9.086,-38.9
-138,90,4.88,-13.87,-44
-138,90,5.2,-14.07,-45.49
-138,90,5.52,-17.678,-47.96
-138,90,5.84,-21.062,-52.51
-138,90,6.16,-16.48,-48.52
-138,90,6.48,-22.856,-56.94
-138,90,6.8,-21.69,-55.19
-138,90,7.12,-21.896,-56.49
-138,90,7.44,-36.056,-70.39
-138,90,7.76,-29.378,-64.6
-138,90,8.08,-27.256,-62.06
-138,90,8.4,-32.4,-67.78
-138,90,8.72,-30.408,-67.71
-138,90,9.04,-24.434,-62.22
-138,90,9.36,-25.974,-64.04
-138,90,9.68,-29.56,-68.45
-138,90,10,-23.26,-62.33
-138,90,10.32,-27.162,-66.79
-138,90,10.64,-29.898,-69.91
-138,90,10.96,-32.106,-72.09
-138,90,11.28,-34.886,-75.33
-138,90,11.6,-28.7,-69.57
-138,90,11.92,-30.314,-71.44
-138,90,12.24,-25.704,-67.96
-138,90,12.56,-39.09,-83.16
-138,90,12.88,-24.946,-70.15
-138,90,13.2,-27.86,-74.64
-138,90,13.52,-34.192,-80.2
-138,90,13.84,-30.658,-78.14
-138,90,14.16,-22.526,-70.75
-138,90,14.48,-46.664,-98.49
-138,90,14.8,-38.02,-86.03
-138,90,15.12,-30.54,-76.97
-138,90,15.44,-32.376,-78.69
-138,90,15.76,-31.708,-78.9
-138,90,16.08,-27.632,-75.09
-138,90,16.4,-29.77,-79.58
-138,90,16.72,-27.558,-77.04
-138,90,17.04,-23.656,-74.91
-138,90,17.36,-25.856,-78.5
-138,90,17.68,-37.422,-90.5
-138,90,18,-20.88,-73.69
-137,90,2,-15.97,-37.76
-137,90,2.32,-25.026,-50.68
-137,90,2.64,-25.268,-53.98
-137,90,2.96,-4.578,-32.89
-137,90,3.28,-11.712,-41.73
-137,90,3.6,-15.94,-43.39
-137,90,3.92,-28.452,-56
-137,90,4.24,-23.226,-52.25
-137,90,4.56,-9.146,-38.96
-137,90,4.88,-14.96,-45.09
-137,90,5.2,-11.6,-43.02
-137,90,5.52,-20.698,-50.98
-137,90,5.84,-21.002,-52.45
-137,90,6.16,-16.78,-48.82
-137,90,6.48,-22.626,-56.71
-137,90,6.8,-22.52,-56.02
-137,90,7.12,-28.636,-63.23
-137,90,7.44,-30.116,-64.45
-137,90,7.76,-30.868,-66.09
-137,90,8.08,-25.856,-60.66
-137,90,8.4,-32.7,-68.08
-137,90,8.72,-22.918,-60.22
-137,90,9.04,-20.884,-58.67
-137,90,9.36,-29.174,-67.24
-137,90,9.68,-28.33,-67.22
-137,90,10,-25.72,-64.79
-137,90,10.32,-22.382,-62.01
-137,90,10.64,-32.628,-72.64
-137,90,10.96,-33.136,-73.12
-137,90,11.28,-34.086,-74.53
-137,90,11.6,-34.39,-75.26
-137,90,11.92,-29.564,-70.69
-137,90,12.24,-33.834,-76.09
-137,90,12.56,-32.71,-76.78
-137,90,12.88,-27.686,-72.89
-137,90,13.2,-23.59,-70.37
-137,90,13.52,-26.552,-72.56
-137,90,13.84,-35.468,-82.95
-137,90,14.16,-27.836,-76.06
-137,90,14.48,-27.714,-79.54
-137,90,14.8,-29.18,-77.19
-137,90,15.12,-22.27,-68.7
-137,90,15.44,-34.826,-81.14
-137,90,15.76,-47.088,-94.28
-137,90,16.08,-37.992,-85.45
-137,90,16.4,-19.54,-69.35
-137,90,16.72,-26.388,-75.87
-137,90,17.04,-28.436,-79.69
-137,90,17.36,-38.876,-91.52
-137,90,17.68,-18.362,-71.44
-137,90,18,-22.93,-75.74
-136,90,2,-15.05,-36.84
-136,90,2.32,-23.736,-49.39
-136,90,2.64,-23.778,-52.49
-136,90,2.96,-4.858,-33.17
-136,90,3.28,-11.462,-41.48
-136,90,3.6,-14.85,-42.3
-136,90,3.92,-27.032,-54.58
-136,90,4.24,-22.576,-51.6
-136,90,4.56,-10.196,-40.01
-136,90,4.88,-14.9,-45.03
-136,90,5.2,-10.82,-42.24
-136,90,5.52,-22.228,-52.51
-136,90,5.84,-20.542,-51.99
-136,90,6.16,-18.36,-50.4
-136,90,6.48,-23.026,-57.11
-136,90,6.8,-24.38,-57.88
-136,90,7.12,-30.226,-64.82
-136,90,7.44,-28.716,-63.05
-136,90,7.76,-25.868,-61.09
-136,90,8.08,-25.806,-60.61
-136,90,8.4,-29.13,-64.51
-136,90,8.72,-22.158,-59.46
-136,90,9.04,-18.594,-56.38
-136,90,9.36,-20.064,-58.13
-136,90,9.68,-41.04,-79.93
-136,90,10,-35.04,-74.11
-136,90,10.32,-23.362,-62.99
-136,90,10.64,-28.298,-68.31
-136,90,10.96,-37.776,-77.76
-136,90,11.28,-34.246,-74.69
-136,90,11.6,-25.97,-66.84
-136,90,11.92,-28.464,-69.59
-136,90,12.24,-30.964,-73.22
-136,90,12.56,-38.61,-82.68
-136,90,12.88,-30.036,-75.24
-136,90,13.2,-24.51,-71.29
-136,90,13.52,-27.722,-73.73
-136,90,13.84,-22.368,-69.85
-136,90,14.16,-31.436,-79.66
-136,90,14.48,-31.564,-83.39
-136,90,14.8,-25.48,-73.49
-136,90,15.12,-21.84,-68.27
-136,90,15.44,-37.286,-83.6
-136,90,15.76,-25.798,-72.99
-136,90,16.08,-37.132,-84.59
-136,90,16.4,-23.6,-73.41
-136,90,16.72,-28.178,-77.66
-136,90,17.04,-25.916,-77.17
-136,90,17.36,-18.786,-71.43
-136,90,17.68,-25.692,-78.77
-136,90,18,-27.08,-79.89
-135,90,2,-14.3,-36.09
-135,90,2.32,-22.646,-48.3
-135,90,2.64,-20.988,-49.7
-135,90,2.96,-5.418,-33.73
-135,90,3.28,-11.432,-41.45
-135,90,3.6,-14.03,-41.48
-135,90,3.92,-27.722,-55.27
-135,90,4.24,-21.736,-50.76
-135,90,4.56,-12.146,-41.96
-135,90,4.88,-14.35,-44.48
-135,90,5.2,-10.59,-42.01
-135,90,5.52,-26.408,-56.69
-135,90,5.84,-21.132,-52.58
-135,90,6.16,-21.31,-53.35
-135,90,6.48,-24.256,-58.34
-135,90,6.8,-27.72,-61.22
-135,90,7.12,-26.996,-61.59
-135,90,7.44,-27.406,-61.74
-135,90,7.76,-25.928,-61.15
-135,90,8.08,-25.596,-60.4
-135,90,8.4,-34.59,-69.97
-135,90,8.72,-21.048,-58.35
-135,90,9.04,-22.504,-60.29
-135,90,9.36,-17.594,-55.66
-135,90,9.68,-29.71,-68.6
-135,90,10,-24.24,-63.31
-135,90,10.32,-32.802,-72.43
-135,90,10.64,-27.988,-68
-135,90,10.96,-28.346,-68.33
-135,90,11.28,-38.376,-78.82
-135,90,11.6,-25.56,-66.43
-135,90,11.92,-33.944,-75.07
-135,90,12.24,-38.564,-80.82
-135,90,12.56,-33.51,-77.58
-135,90,12.88,-29.886,-75.09
-135,90,13.2,-31.11,-77.89
-135,90,13.52,-30.522,-76.53
-135,90,13.84,-27.978,-75.46
-135,90,14.16,-22.476,-70.7
-135,90,14.48,-45.274,-97.1
-135,90,14.8,-30.31,-78.32
-135,90,15.12,-34.43,-80.86
-135,90,15.44,-26.566,-72.88
-135,90,15.76,-30.058,-77.25
-135,90,16.08,-34.122,-81.58
-135,90,16.4,-22.46,-72.27
-135,90,16.72,-33.868,-83.35
-135,90,17.04,-26.386,-77.64
-135,90,17.36,-22.856,-75.5
-135,90,17.68,-25.102,-78.18
-135,90,18,-20.82,-73.63
-134,90,2,-13.6,-35.39
-134,90,2.32,-22.256,-47.91
-134,90,2.64,-20.098,-48.81
-134,90,2.96,-6.108,-34.42
-134,90,3.28,-10.982,-41
-134,90,3.6,-13.33,-40.78
-134,90,3.92,-32.262,-59.81
-134,90,4.24,-20.106,-49.13
-134,90,4.56,-14.556,-44.37
-134,90,4.88,-14.25,-44.38
-134,90,5.2,-11.31,-42.73
-134,90,5.52,-27.778,-58.06
-134,90,5.84,-21.512,-52.96
-134,90,6.16,-21.57,-53.61
-134,90,6.48,-28.076,-62.16
-134,90,6.8,-30.8,-64.3
-134,90,7.12,-24.316,-58.91
-134,90,7.44,-27.566,-61.9
-134,90,7.76,-27.658,-62.88
-134,90,8.08,-27.146,-61.95
-134,90,8.4,-46.85,-82.23
-134,90,8.72,-20.238,-57.54
-134,90,9.04,-26.264,-64.05
-134,90,9.36,-22.014,-60.08
-134,90,9.68,-26.13,-65.02
-134,90,10,-25.32,-64.39
-134,90,10.32,-35.862,-75.49
-134,90,10.64,-25.268,-65.28
-134,90,10.96,-33.256,-73.24
-134,90,11.28,-30.916,-71.36
-134,90,11.6,-27.82,-68.69
-134,90,11.92,-29.644,-70.77
-134,90,12.24,-35.294,-77.55
-134,90,12.56,-30.93,-75
-134,90,12.88,-32.106,-77.31
-134,90,13.2,-31.29,-78.07
-134,90,13.52,-27.252,-73.26
-134,90,13.84,-30.478,-77.96
-134,90,14.16,-22.656,-70.88
-134,90,14.48,-36.384,-88.21
-134,90,14.8,-30.39,-78.4
-134,90,15.12,-26.87,-73.3
-134,90,15.44,-33.176,-79.49
-134,90,15.76,-29.798,-76.99
-134,90,16.08,-28.222,-75.68
-134,90,16.4,-25.95,-75.76
-134,90,16.72,-23.448,-72.93
-134,90,17.04,-23.666,-74.92
-134,90,17.36,-21.226,-73.87
-134,90,17.68,-27.092,-80.17
-134,90,18,-35.86,-88.67
-133,90,2,-13.87,-35.66
-133,90,2.32,-21.946,-47.6
-133,90,2.64,-19.718,-48.43
-133,90,2.96,-6.768,-35.08
-133,90,3.28,-10.722,-40.74
-133,90,3.6,-12.95,-40.4
-133,90,3.92,-27.192,-54.74
-133,90,4.24,-17.866,-46.89
-133,90,4.56,-16.686,-46.5
-133,90,4.88,-14.77,-44.9
-133,90,5.2,-12.86,-44.28
-133,90,5.52,-24.498,-54.78
-133,90,5.84,-23.522,-54.97
-133,90,6.16,-22.64,-54.68
-133,90,6.48,-36.356,-70.44
-133,90,6.8,-31.95,-65.45
-133,90,7.12,-21.876,-56.47
-133,90,7.44,-30.636,-64.97
-133,90,7.76,-28.748,-63.97
-133,90,8.08,-29.516,-64.32
-133,90,8.4,-42.29,-77.67
-133,90,8.72,-21.008,-58.31
-133,90,9.04,-25.154,-62.94
-133,90,9.36,-25.394,-63.46
-133,90,9.68,-25.78,-64.67
-133,90,10,-23.79,-62.86
-133,90,10.32,-36.792,-76.42
-133,90,10.64,-31.368,-71.38
-133,90,10.96,-33.676,-73.66
-133,90,11.28,-25.526,-65.97
-133,90,11.6,-37.03,-77.9
-133,90,11.92,-24.434,-65.56
-133,90,12.24,-33.014,-75.27
-133,90,12.56,-33.8,-77.87
-133,90,12.88,-34.056,-79.26
-133,90,13.2,-32.86,-79.64
-133,90,13.52,-29.462,-75.47
-133,90,13.84,-25.798,-73.28
-133,90,14.16,-19.816,-68.04
-133,90,14.48,-22.044,-73.87
-133,90,14.8,-25.06,-73.07
-133,90,15.12,-30.83,-77.26
-133,90,15.44,-46.086,-92.4
-133,90,15.76,-32.478,-79.67
-133,90,16.08,-27.732,-75.19
-133,90,16.4,-21.24,-71.05
-133,90,16.72,-31.748,-81.23
-133,90,17.04,-33.496,-84.75
-133,90,17.36,-22.536,-75.18
-133,90,17.68,-24.902,-77.98
-133,90,18,-18.91,-71.72
-132,90,2,-12.9,-34.69
-132,90,2.32,-22.796,-48.45
-132,90,2.64,-19.338,-48.05
-132,90,2.96,-7.478,-35.79
-132,90,3.28,-10.622,-40.64
-132,90,3.6,-13.53,-40.98
-132,90,3.92,-21.352,-48.9
-132,90,4.24,-17.046,-46.07
-132,90,4.56,-17.846,-47.66
-132,90,4.88,-15.63,-45.76
-132,90,5.2,-14.68,-46.1
-132,90,5.52,-21.898,-52.18
-132,90,5.84,-25.272,-56.72
-132,90,6.16,-20.68,-52.72
-132,90,6.48,-37.396,-71.48
-132,90,6.8,-30.79,-64.29
-132,90,7.12,-21.456,-56.05
-132,90,7.44,-26.316,-60.65
-132,90,7.76,-30.028,-65.25
-132,90,8.08,-30.906,-65.71
-132,90,8.4,-38.76,-74.14
-132,90,8.72,-21.218,-58.52
-132,90,9.04,-26.784,-64.57
-132,90,9.36,-19.284,-57.35
-132,90,9.68,-31.98,-70.87
-132,90,10,-24.06,-63.13
-132,90,10.32,-23.202,-62.83
-132,90,10.64,-28.998,-69.01
-132,90,10.96,-44.036,-84.02
-132,90,11.28,-25.096,-65.54
-132,90,11.6,-34.88,-75.75
-132,90,11.92,-29.484,-70.61
-132,90,12.24,-33.944,-76.2
-132,90,12.56,-25,-69.07
-132,90,12.88,-34.056,-79.26
-132,90,13.2,-23.98,-70.76
-132,90,13.52,-21.442,-67.45
-132,90,13.84,-37.718,-85.2
-132,90,14.16,-24.516,-72.74
-132,90,14.48,-28.934,-80.76
-132,90,14.8,-29.69,-77.7
-132,90,15.12,-28.99,-75.42
-132,90,15.44,-37.046,-83.36
-132,90,15.76,-29.348,-76.54
-132,90,16.08,-25.882,-73.34
-132,90,16.4,-22.07,-71.88
-132,90,16.72,-25.328,-74.81
-132,90,17.04,-22.116,-73.37
-132,90,17.36,-24.506,-77.15
-132,90,17.68,-28.802,-81.88
-132,90,18,-34.16,-86.97
-131,90,2,-12.75,-34.54
-131,90,2.32,-24.676,-50.33
-131,90,2.64,-19.808,-48.52
-131,90,2.96,-8.218,-36.53
-131,90,3.28,-10.642,-40.66
-131,90,3.6,-13.95,-41.4
-131,90,3.92,-17.512,-45.06
-131,90,4.24,-16.836,-45.86
-131,90,4.56,-16.866,-46.68
-131,90,4.88,-16.16,-46.29
-131,90,5.2,-16.1,-47.52
-131,90,5.52,-21.018,-51.3
-131,90,5.84,-24.892,-56.34
-131,90,6.16,-19.54,-51.58
-131,90,6.48,-39.336,-73.42
-131,90,6.8,-28.17,-61.67
-131,90,7.12,-22.856,-57.45
-131,90,7.44,-26.536,-60.87
-131,90,7.76,-36.848,-72.07
-131,90,8.08,-33.926,-68.73
-131,90,8.4,-45.15,-80.53
-131,90,8.72,-23.398,-60.7
-131,90,9.04,-30.434,-68.22
-131,90,9.36,-21.134,-59.2
-131,90,9.68,-29.59,-68.48
-131,90,10,-28.7,-67.77
-131,90,10.32,-23.732,-63.36
-131,90,10.64,-32.388,-72.4
-131,90,10.96,-28.156,-68.14
-131,90,11.28,-32.456,-72.9
-131,90,11.6,-32.06,-72.93
-131,90,11.92,-34.744,-75.87
-131,90,12.24,-34.584,-76.84
-131,90,12.56,-35.99,-80.06
-131,90,12.88,-29.916,-75.12
-131,90,13.2,-28.5,-75.28
-131,90,13.52,-30.092,-76.1
-131,90,13.84,-33.598,-81.08
-131,90,14.16,-21.376,-69.6
-131,90,14.48,-23.104,-74.93
-131,90,14.8,-29.18,-77.19
-131,90,15.12,-28.45,-74.88
-131,90,15.44,-27.406,-73.72
-131,90,15.76,-30.918,-78.11
-131,90,16.08,-29.732,-77.19
-131,90,16.4,-30.34,-80.15
-131,90,16.72,-33.648,-83.13
-131,90,17.04,-25.136,-76.39
-131,90,17.36,-30.716,-83.36
-131,90,17.68,-30.782,-83.86
-131,90,18,-20.84,-73.65
-130,90,2,-14.01,-35.8
-130,90,2.32,-26.896,-52.55
-130,90,2.64,-20.838,-49.55
-130,90,2.96,-8.768,-37.08
-130,90,3.28,-10.782,-40.8
-130,90,3.6,-14.83,-42.28
-130,90,3.92,-15.332,-42.88
-130,90,4.24,-17.286,-46.31
-130,90,4.56,-14.886,-44.7
-130,90,4.88,-17.19,-47.32
-130,90,5.2,-16.83,-48.25
-130,90,5.52,-20.508,-50.79
-130,90,5.84,-25.282,-56.73
-130,90,6.16,-18.07,-50.11
-130,90,6.48,-53.976,-88.06
-130,90,6.8,-26.12,-59.62
-130,90,7.12,-26.186,-60.78
-130,90,7.44,-29.416,-63.75
-130,90,7.76,-34.898,-70.12
-130,90,8.08,-35.406,-70.21
-130,90,8.4,-37.72,-73.1
-130,90,8.72,-28.268,-65.57
-130,90,9.04,-39.654,-77.44
-130,90,9.36,-27.304,-65.37
-130,90,9.68,-23.93,-62.82
-130,90,10,-30.9,-69.97
-130,90,10.32,-25.632,-65.26
-130,90,10.64,-28.668,-68.68
-130,90,10.96,-26.506,-66.49
-130,90,11.28,-34.816,-75.26
-130,90,11.6,-41.08,-81.95
-130,90,11.92,-39.014,-80.14
-130,90,12.24,-25.984,-68.24
-130,90,12.56,-31.09,-75.16
-130,90,12.88,-35.206,-80.41
-130,90,13.2,-29.31,-76.09
-130,90,13.52,-26.862,-72.87
-130,90,13.84,-27.638,-75.12
-130,90,14.16,-31.276,-79.5
-130,90,14.48,-21.804,-73.63
-130,90,14.8,-20.1,-68.11
-130,90,15.12,-25.66,-72.09
-130,90,15.44,-32.746,-79.06
-130,90,15.76,-24.308,-71.5
-130,90,16.08,-33.642,-81.1
-130,90,16.4,-30.68,-80.49
-130,90,16.72,-29.748,-79.23
-130,90,17.04,-25.156,-76.41
-130,90,17.36,-20.356,-73
-130,90,17.68,-28.182,-81.26
-130,90,18,-33.12,-85.93
-129,90,2,-13,-34.79
-129,90,2.32,-31.736,-57.39
-129,90,2.64,-21.958,-50.67
-129,90,2.96,-9.158,-37.47
-129,90,3.28,-11.572,-41.59
-129,90,3.6,-15.78,-43.23
-129,90,3.92,-14.132,-41.68
-129,90,4.24,-19.176,-48.2
-129,90,4.56,-12.976,-42.79
-129,90,4.88,-17.91,-48.04
-129,90,5.2,-17.3,-48.72
-129,90,5.52,-20.758,-51.04
-129,90,5.84,-23.012,-54.46
-129,90,6.16,-19.04,-51.08
-129,90,6.48,-35.136,-69.22
-129,90,6.8,-26.11,-59.61
-129,90,7.12,-26.186,-60.78
-129,90,7.44,-29.346,-63.68
-129,90,7.76,-29.528,-64.75
-129,90,8.08,-33.256,-68.06
-129,90,8.4,-33.38,-68.76
-129,90,8.72,-34.658,-71.96
-129,90,9.04,-34.114,-71.9
-129,90,9.36,-34.224,-72.29
-129,90,9.68,-27.65,-66.54
-129,90,10,-24.46,-63.53
-129,90,10.32,-25.412,-65.04
-129,90,10.64,-25.298,-65.31
-129,90,10.96,-23.836,-63.82
-129,90,11.28,-48.136,-88.58
-129,90,11.6,-38.67,-79.54
-129,90,11.92,-25.494,-66.62
-129,90,12.24,-29.584,-71.84
-129,90,12.56,-29.78,-73.85
-129,90,12.88,-34.916,-80.12
-129,90,13.2,-31.04,-77.82
-129,90,13.52,-27.572,-73.58
-129,90,13.84,-25.358,-72.84
-129,90,14.16,-22.246,-70.47
-129,90,14.48,-17.954,-69.78
-129,90,14.8,-30.13,-78.14
-129,90,15.12,-26.7,-73.13
-129,90,15.44,-28.356,-74.67
-129,90,15.76,-31.338,-78.53
-129,90,16.08,-36.742,-84.2
-129,90,16.4,-29.14,-78.95
-129,90,16.72,-21.788,-71.27
-129,90,17.04,-30.726,-81.98
-129,90,17.36,-24.616,-77.26
-129,90,17.68,-27.322,-80.4
-129,90,18,-28.31,-81.12
-128,90,2,-13.37,-35.16
-128,90,2.32,-34.986,-60.64
-128,90,2.64,-23.308,-52.02
-128,90,2.96,-9.328,-37.64
-128,90,3.28,-12.802,-42.82
-128,90,3.6,-16.61,-44.06
-128,90,3.92,-13.782,-41.33
-128,90,4.24,-20.816,-49.84
-128,90,4.56,-11.586,-41.4
-128,90,4.88,-18.32,-48.45
-128,90,5.2,-16.05,-47.47
-128,90,5.52,-21.688,-51.97
-128,90,5.84,-22.772,-54.22
-128,90,6.16,-19.33,-51.37
-128,90,6.48,-29.276,-63.36
-128,90,6.8,-25.65,-59.15
-128,90,7.12,-31.986,-66.58
-128,90,7.44,-32.766,-67.1
-128,90,7.76,-24.918,-60.14
-128,90,8.08,-31.206,-66.01
-128,90,8.4,-31.1,-66.48
-128,90,8.72,-28.268,-65.57
-128,90,9.04,-37.834,-75.62
-128,90,9.36,-23.684,-61.75
-128,90,9.68,-28.56,-67.45
-128,90,10,-24.1,-63.17
-128,90,10.32,-31.202,-70.83
-128,90,10.64,-21.958,-61.97
-128,90,10.96,-28.236,-68.22
-128,90,11.28,-31.466,-71.91
-128,90,11.6,-30.38,-71.25
-128,90,11.92,-25.094,-66.22
-128,90,12.24,-35.254,-77.51
-128,90,12.56,-27.46,-71.53
-128,90,12.88,-33.666,-78.87
-128,90,13.2,-27.87,-74.65
-128,90,13.52,-23.932,-69.94
-128,90,13.84,-35.968,-83.45
-128,90,14.16,-25.516,-73.74
-128,90,14.48,-26.644,-78.47
-128,90,14.8,-20.7,-68.71
-128,90,15.12,-29.68,-76.11
-128,90,15.44,-22.856,-69.17
-128,90,15.76,-35.028,-82.22
-128,90,16.08,-30.102,-77.56
-128,90,16.4,-35.61,-85.42
-128,90,16.72,-31.368,-80.85
-128,90,17.04,-24.086,-75.34
-128,90,17.36,-25.726,-78.37
-128,90,17.68,-24.632,-77.71
-128,90,18,-25.61,-78.42
-127,90,2,-13.86,-35.65
-127,90,2.32,-29.956,-55.61
-127,90,2.64,-24.648,-53.36
-127,90,2.96,-8.938,-37.25
-127,90,3.28,-14.082,-44.1
-127,90,3.6,-17.69,-45.14
-127,90,3.92,-14.072,-41.62
-127,90,4.24,-21.296,-50.32
-127,90,4.56,-10.676,-40.49
-127,90,4.88,-18.96,-49.09
-127,90,5.2,-15.08,-46.5
-127,90,5.52,-22.048,-52.33
-127,90,5.84,-23.282,-54.73
-127,90,6.16,-20.52,-52.56
-127,90,6.48,-26.116,-60.2
-127,90,6.8,-25.53,-59.03
-127,90,7.12,-29.366,-63.96
-127,90,7.44,-36.876,-71.21
-127,90,7.76,-24.888,-60.11
-127,90,8.08,-33.316,-68.12
-127,90,8.4,-26.96,-62.34
-127,90,8.72,-25.198,-62.5
-127,90,9.04,-30.924,-68.71
-127,90,9.36,-25.384,-63.45
-127,90,9.68,-21.15,-60.04
-127,90,10,-26.47,-65.54
-127,90,10.32,-31.722,-71.35
-127,90,10.64,-25.058,-65.07
-127,90,10.96,-39.196,-79.18
-127,90,11.28,-27.356,-67.8
-127,90,11.6,-29.17,-70.04
-127,90,11.92,-26.264,-67.39
-127,90,12.24,-33.024,-75.28
-127,90,12.56,-30.64,-74.71
-127,90,12.88,-27.526,-72.73
-127,90,13.2,-24.11,-70.89
-127,90,13.52,-28.102,-74.11
-127,90,13.84,-30.508,-77.99
-127,90,14.16,-21.866,-70.09
-127,90,14.48,-22.774,-74.6
-127,90,14.8,-25.39,-73.4
-127,90,15.12,-24.36,-70.79
-127,90,15.44,-26.066,-72.38
-127,90,15.76,-25.998,-73.19
-127,90,16.08,-25.492,-72.95
-127,90,16.4,-27.53,-77.34
-127,90,16.72,-25.998,-75.48
-127,90,17.04,-39.006,-90.26
-127,90,17.36,-20.626,-73.27
-127,90,17.68,-21.962,-75.04
-127,90,18,-21.21,-74.02
-126,90,2,-14.57,-36.36
-126,90,2.32,-25.556,-51.21
-126,90,2.64,-24.598,-53.31
-126,90,2.96,-8.298,-36.61
-126,90,3.28,-15.762,-45.78
-126,90,3.6,-18.48,-45.93
-126,90,3.92,-15.122,-42.67
-126,90,4.24,-20.856,-49.88
-126,90,4.56,-10.336,-40.15
-126,90,4.88,-18.96,-49.09
-126,90,5.2,-14.07,-45.49
-126,90,5.52,-21.188,-51.47
-126,90,5.84,-25.232,-56.68
-126,90,6.16,-21.48,-53.52
-126,90,6.48,-27.576,-61.66
-126,90,6.8,-23.58,-57.08
-126,90,7.12,-34.136,-68.73
-126,90,7.44,-33.346,-67.68
-126,90,7.76,-27.748,-62.97
-126,90,8.08,-30.156,-64.96
-126,90,8.4,-28.08,-63.46
-126,90,8.72,-21.808,-59.11
-126,90,9.04,-26.364,-64.15
-126,90,9.36,-24.884,-62.95
-126,90,9.68,-19.39,-58.28
-126,90,10,-40.96,-80.03
-126,90,10.32,-27.372,-67
-126,90,10.64,-27.048,-67.06
-126,90,10.96,-31.716,-71.7
-126,90,11.28,-24.876,-65.32
-126,90,11.6,-33.99,-74.86
-126,90,11.92,-39.714,-80.84
-126,90,12.24,-47.034,-89.29
-126,90,12.56,-35.85,-79.92
-126,90,12.88,-33.026,-78.23
-126,90,13.2,-25.38,-72.16
-126,90,13.52,-26.212,-72.22
-126,90,13.84,-25.028,-72.51
-126,90,14.16,-27.696,-75.92
-126,90,14.48,-28.704,-80.53
-126,90,14.8,-46.76,-94.77
-126,90,15.12,-36.8,-83.23
-126,90,15.44,-24.016,-70.33
-126,90,15.76,-28.288,-75.48
-126,90,16.08,-22.642,-70.1
-126,90,16.4,-34.06,-83.87
-126,90,16.72,-29.438,-78.92
-126,90,17.04,-19.736,-70.99
-126,90,17.36,-30.686,-83.33
-126,90,17.68,-30.582,-83.66
-126,90,18,-18.94,-71.75
-125,90,2,-15.53,-37.32
-125,90,2.32,-22.536,-48.19
-125,90,2.64,-24.468,-53.18
-125,90,2.96,-7.488,-35.8
-125,90,3.28,-17.322,-47.34
-125,90,3.6,-19.5,-46.95
-125,90,3.92,-16.822,-44.37
-125,90,4.24,-18.886,-47.91
-125,90,4.56,-10.166,-39.98
-125,90,4.88,-17.86,-47.99
-125,90,5.2,-13.69,-45.11
-125,90,5.52,-20.908,-51.19
-125,90,5.84,-24.852,-56.3
-125,90,6.16,-23.64,-55.68
-125,90,6.48,-28.746,-62.83
-125,90,6.8,-25.33,-58.83
-125,90,7.12,-25.526,-60.12
-125,90,7.44,-36.426,-70.76
-125,90,7.76,-27.638,-62.86
-125,90,8.08,-24.606,-59.41
-125,90,8.4,-28.29,-63.67
-125,90,8.72,-21.618,-58.92
-125,90,9.04,-23.734,-61.52
-125,90,9.36,-22.884,-60.95
-125,90,9.68,-21.91,-60.8
-125,90,10,-27.27,-66.34
-125,90,10.32,-26.502,-66.13
-125,90,10.64,-31.268,-71.28
-125,90,10.96,-23.416,-63.4
-125,90,11.28,-29.286,-69.73
-125,90,11.6,-31.71,-72.58
-125,90,11.92,-45.634,-86.76
-125,90,12.24,-27.584,-69.84
-125,90,12.56,-35.62,-79.69
-125,90,12.88,-40.196,-85.4
-125,90,13.2,-24.93,-71.71
-125,90,13.52,-28.282,-74.29
-125,90,13.84,-25.528,-73.01
-125,90,14.16,-29.236,-77.46
-125,90,14.48,-21.644,-73.47
-125,90,14.8,-35.91,-83.92
-125,90,15.12,-29.14,-75.57
-125,90,15.44,-37.416,-83.73
-125,90,15.76,-31.228,-78.42
-125,90,16.08,-27.142,-74.6
-125,90,16.4,-22.54,-72.35
-125,90,16.72,-20.888,-70.37
-125,90,17.04,-26.956,-78.21
-125,90,17.36,-24.516,-77.16
-125,90,17.68,-25.492,-78.57
-125,90,18,-35.47,-88.28
-124,90,2,-16.66,-38.45
-124,90,2.32,-19.926,-45.58
-124,90,2.64,-22.278,-50.99
-124,90,2.96,-6.818,-35.13
-124,90,3.28,-18.872,-48.89
-124,90,3.6,-20.22,-47.67
-124,90,3.92,-18.172,-45.72
-124,90,4.24,-18.146,-47.17
-124,90,4.56,-10.576,-40.39
-124,90,4.88,-16.45,-46.58
-124,90,5.2,-13.82,-45.24
-124,90,5.52,-19.678,-49.96
-124,90,5.84,-25.312,-56.76
-124,90,6.16,-23.08,-55.12
-124,90,6.48,-28.436,-62.52
-124,90,6.8,-26.34,-59.84
-124,90,7.12,-22.896,-57.49
-124,90,7.44,-39.326,-73.66
-124,90,7.76,-27.538,-62.76
-124,90,8.08,-24.496,-59.3
-124,90,8.4,-28.41,-63.79
-124,90,8.72,-20.988,-58.29
-124,90,9.04,-27.314,-65.1
-124,90,9.36,-20.454,-58.52
-124,90,9.68,-25.87,-64.76
-124,90,10,-23.02,-62.09
-124,90,10.32,-23.442,-63.07
-124,90,10.64,-33.928,-73.94
-124,90,10.96,-21.916,-61.9
-124,90,11.28,-36.076,-76.52
-124,90,11.6,-44.93,-85.8
-124,90,11.92,-36.274,-77.4
-124,90,12.24,-41.914,-84.17
-124,90,12.56,-34.56,-78.63
-124,90,12.88,-40.726,-85.93
-124,90,13.2,-23.98,-70.76
-124,90,13.52,-24.632,-70.64
-124,90,13.84,-21.588,-69.07
-124,90,14.16,-33.406,-81.63
-124,90,14.48,-22.804,-74.63
-124,90,14.8,-25.57,-73.58
-124,90,15.12,-29.04,-75.47
-124,90,15.44,-25.016,-71.33
-124,90,15.76,-30.978,-78.17
-124,90,16.08,-27.632,-75.09
-124,90,16.4,-29.1,-78.91
-124,90,16.72,-26.228,-75.71
-124,90,17.04,-16.936,-68.19
-124,90,17.36,-29.916,-82.56
-124,90,17.68,-22.522,-75.6
-124,90,18,-21.6,-74.41
-123,90,2,-17.52,-39.31
-123,90,2.32,-19.116,-44.77
-123,90,2.64,-21.018,-49.73
-123,90,2.96,-6.308,-34.62
-123,90,3.28,-19.242,-49.26
-123,90,3.6,-21.64,-49.09
-123,90,3.92,-19.962,-47.51
-123,90,4.24,-17.466,-46.49
-123,90,4.56,-11.146,-40.96
-123,90,4.88,-15.86,-45.99
-123,90,5.2,-14.86,-46.28
-123,90,5.52,-18.858,-49.14
-123,90,5.84,-24.622,-56.07
-123,90,6.16,-22.39,-54.43
-123,90,6.48,-25.946,-60.03
-123,90,6.8,-25.22,-58.72
-123,90,7.12,-21.426,-56.02
-123,90,7.44,-43.086,-77.42
-123,90,7.76,-26.158,-61.38
-123,90,8.08,-23.086,-57.89
-123,90,8.4,-31.07,-66.45
-123,90,8.72,-24.158,-61.46
-123,90,9.04,-25.574,-63.36
-123,90,9.36,-25.164,-63.23
-123,90,9.68,-28.72,-67.61
-123,90,10,-28.93,-68
-123,90,10.32,-22.232,-61.86
-123,90,10.64,-30.008,-70.02
-123,90,10.96,-28.736,-68.72
-123,90,11.28,-40.946,-81.39
-123,90,11.6,-30.09,-70.96
-123,90,11.92,-34.384,-75.51
-123,90,12.24,-46.394,-88.65
-123,90,12.56,-36.6,-80.67
-123,90,12.88,-28.936,-74.14
-123,90,13.2,-24.18,-70.96
-123,90,13.52,-26.122,-72.13
-123,90,13.84,-23.098,-70.58
-123,90,14.16,-22.106,-70.33
-123,90,14.48,-25.544,-77.37
-123,90,14.8,-26.82,-74.83
-123,90,15.12,-42.92,-89.35
-123,90,15.44,-28.236,-74.55
-123,90,15.76,-30.328,-77.52
-123,90,16.08,-23.572,-71.03
-123,90,16.4,-31.47,-81.28
-123,90,16.72,-31.488,-80.97
-123,90,17.04,-38.786,-90.04
-123,90,17.36,-25.976,-78.62
-123,90,17.68,-23.152,-76.23
-123,90,18,-22.09,-74.9
-122,90,2,-19.12,-40.91
-122,90,2.32,-18.376,-44.03
-122,90,2.64,-19.558,-48.27
-122,90,2.96,-6.018,-34.33
-122,90,3.28,-19.962,-49.98
-122,90,3.6,-23.58,-51.03
-122,90,3.92,-20.642,-48.19
-122,90,4.24,-17.576,-46.6
-122,90,4.56,-11.766,-41.58
-122,90,4.88,-15.47,-45.6
-122,90,5.2,-15.77,-47.19
-122,90,5.52,-17.988,-48.27
-122,90,5.84,-24.552,-56
-122,90,6.16,-20.32,-52.36
-122,90,6.48,-24.316,-58.4
-122,90,6.8,-25.56,-59.06
-122,90,7.12,-21.736,-56.33
-122,90,7.44,-33.656,-67.99
-122,90,7.76,-32.058,-67.28
-122,90,8.08,-23.876,-58.68
-122,90,8.4,-29.39,-64.77
-122,90,8.72,-27.918,-65.22
-122,90,9.04,-26.384,-64.17
-122,90,9.36,-34.644,-72.71
-122,90,9.68,-32.1,-70.99
-122,90,10,-29.71,-68.78
-122,90,10.32,-23.602,-63.23
-122,90,10.64,-27.598,-67.61
-122,90,10.96,-36.656,-76.64
-122,90,11.28,-34.806,-75.25
-122,90,11.6,-31.52,-72.39
-122,90,11.92,-29.324,-70.45
-122,90,12.24,-34.984,-77.24
-122,90,12.56,-28.53,-72.6
-122,90,12.88,-39.026,-84.23
-122,90,13.2,-26.85,-73.63
-122,90,13.52,-28.442,-74.45
-122,90,13.84,-25.208,-72.69
-122,90,14.16,-24.866,-73.09
-122,90,14.48,-31.674,-83.5
-122,90,14.8,-37.92,-85.93
-122,90,15.12,-37.19,-83.62
-122,90,15.44,-28.356,-74.67
-122,90,15.76,-30.478,-77.67
-122,90,16.08,-31.522,-78.98
-122,90,16.4,-20.34,-70.15
-122,90,16.72,-29.838,-79.32
-122,90,17.04,-34.266,-85.52
-122,90,17.36,-24.756,-77.4
-122,90,17.68,-20.312,-73.39
-122,90,18,-22.73,-75.54
-121,90,2,-19.97,-41.76
-121,90,2.32,-17.846,-43.5
-121,90,2.64,-18.148,-46.86
-121,90,2.96,-6.02800000000001,-34.34
-121,90,3.28,-19.502,-49.52
-121,90,3.6,-24.52,-51.97
-121,90,3.92,-20.932,-48.48
-121,90,4.24,-17.956,-46.98
-121,90,4.56,-12.786,-42.6
-121,90,4.88,-16.11,-46.24
-121,90,5.2,-17.05,-48.47
-121,90,5.52,-17.158,-47.44
-121,90,5.84,-24.412,-55.86
-121,90,6.16,-19.03,-51.07
-121,90,6.48,-27.976,-62.06
-121,90,6.8,-26.53,-60.03
-121,90,7.12,-26.576,-61.17
-121,90,7.44,-31.896,-66.23
-121,90,7.76,-27.918,-63.14
-121,90,8.08,-23.596,-58.4
-121,90,8.4,-29.66,-65.04
-121,90,8.72,-36.548,-73.85
-121,90,9.04,-27.544,-65.33
-121,90,9.36,-28.314,-66.38
-121,90,9.68,-31.79,-70.68
-121,90,10,-22.33,-61.4
-121,90,10.32,-19.682,-59.31
-121,90,10.64,-27.008,-67.02
-121,90,10.96,-30.566,-70.55
-121,90,11.28,-22.076,-62.52
-121,90,11.6,-33.75,-74.62
-121,90,11.92,-31.764,-72.89
-121,90,12.24,-27.824,-70.08
-121,90,12.56,-31.4,-75.47
-121,90,12.88,-33.046,-78.25
-121,90,13.2,-35.3,-82.08
-121,90,13.52,-27.052,-73.06
-121,90,13.84,-23.238,-70.72
-121,90,14.16,-22.216,-70.44
-121,90,14.48,-27.494,-79.32
-121,90,14.8,-36.25,-84.26
-121,90,15.12,-33.06,-79.49
-121,90,15.44,-29.346,-75.66
-121,90,15.76,-24.658,-71.85
-121,90,16.08,-34.032,-81.49
-121,90,16.4,-30.32,-80.13
-121,90,16.72,-65.578,-115.06
-121,90,17.04,-20.796,-72.05
-121,90,17.36,-23.356,-76
-121,90,17.68,-28.542,-81.62
-121,90,18,-17.69,-70.5
-120,90,2,-21.01,-42.8
-120,90,2.32,-17.956,-43.61
-120,90,2.64,-17.758,-46.47
-120,90,2.96,-6.218,-34.53
-120,90,3.28,-18.462,-48.48
-120,90,3.6,-28.07,-55.52
-120,90,3.92,-21.262,-48.81
-120,90,4.24,-18.846,-47.87
-120,90,4.56,-13.996,-43.81
-120,90,4.88,-17.11,-47.24
-120,90,5.2,-17.05,-48.47
-120,90,5.52,-16.968,-47.25
-120,90,5.84,-23.392,-54.84
-120,90,6.16,-16.72,-48.76
-120,90,6.48,-31.446,-65.53
-120,90,6.8,-29.2,-62.7
-120,90,7.12,-29.376,-63.97
-120,90,7.44,-29.206,-63.54
-120,90,7.76,-24.158,-59.38
-120,90,8.08,-25.156,-59.96
-120,90,8.4,-26.61,-61.99
-120,90,8.72,-31.268,-68.57
-120,90,9.04,-26.234,-64.02
-120,90,9.36,-24.214,-62.28
-120,90,9.68,-37.41,-76.3
-120,90,10,-24.39,-63.46
-120,90,10.32,-18.742,-58.37
-120,90,10.64,-29.048,-69.06
-120,90,10.96,-26.036,-66.02
-120,90,11.28,-25.156,-65.6
-120,90,11.6,-34.77,-75.64
-120,90,11.92,-31.234,-72.36
-120,90,12.24,-30.394,-72.65
-120,90,12.56,-30.81,-74.88
-120,90,12.88,-28.436,-73.64
-120,90,13.2,-23.34,-70.12
-120,90,13.52,-38.362,-84.37
-120,90,13.84,-26.758,-74.24
-120,90,14.16,-34.906,-83.13
-120,90,14.48,-21.244,-73.07
-120,90,14.8,-24.05,-72.06
-120,90,15.12,-32.75,-79.18
-120,90,15.44,-33.446,-79.76
-120,90,15.76,-27.628,-74.82
-120,90,16.08,-34.752,-82.21
-120,90,16.4,-32.31,-82.12
-120,90,16.72,-35.238,-84.72
-120,90,17.04,-28.986,-80.24
-120,90,17.36,-30.196,-82.84
-120,90,17.68,-18.162,-71.24
-120,90,18,-25.76,-78.57
-119,90,2,-20.86,-42.65
-119,90,2.32,-18.306,-43.96
-119,90,2.64,-16.708,-45.42
-119,90,2.96,-6.818,-35.13
-119,90,3.28,-17.742,-47.76
-119,90,3.6,-26.76,-54.21
-119,90,3.92,-20.982,-48.53
-119,90,4.24,-20.266,-49.29
-119,90,4.56,-15.776,-45.59
-119,90,4.88,-18.99,-49.12
-119,90,5.2,-16.94,-48.36
-119,90,5.52,-17.058,-47.34
-119,90,5.84,-23.462,-54.91
-119,90,6.16,-16.5,-48.54
-119,90,6.48,-36.836,-70.92
-119,90,6.8,-35.01,-68.51
-119,90,7.12,-39.166,-73.76
-119,90,7.44,-30.596,-64.93
-119,90,7.76,-20.858,-56.08
-119,90,8.08,-23.706,-58.51
-119,90,8.4,-26.81,-62.19
-119,90,8.72,-27.298,-64.6
-119,90,9.04,-22.294,-60.08
-119,90,9.36,-20.534,-58.6
-119,90,9.68,-30.33,-69.22
-119,90,10,-38.15,-77.22
-119,90,10.32,-20.412,-60.04
-119,90,10.64,-30.218,-70.23
-119,90,10.96,-25.696,-65.68
-119,90,11.28,-27.796,-68.24
-119,90,11.6,-30.12,-70.99
-119,90,11.92,-31.684,-72.81
-119,90,12.24,-32.614,-74.87
-119,90,12.56,-36.46,-80.53
-119,90,12.88,-34.876,-80.08
-119,90,13.2,-31.14,-77.92
-119,90,13.52,-27.692,-73.7
-119,90,13.84,-27.648,-75.13
-119,90,14.16,-21.156,-69.38
-119,90,14.48,-34.614,-86.44
-119,90,14.8,-22.05,-70.06
-119,90,15.12,-26.51,-72.94
-119,90,15.44,-29.436,-75.75
-119,90,15.76,-29.538,-76.73
-119,90,16.08,-31.082,-78.54
-119,90,16.4,-37.42,-87.23
-119,90,16.72,-37.358,-86.84
-119,90,17.04,-21.806,-73.06
-119,90,17.36,-26.966,-79.61
-119,90,17.68,-23.092,-76.17
-119,90,18,-21.74,-74.55
-118,90,2,-20.29,-42.08
-118,90,2.32,-19.366,-45.02
-118,90,2.64,-16.488,-45.2
-118,90,2.96,-7.95800000000001,-36.27
-118,90,3.28,-16.912,-46.93
-118,90,3.6,-24.36,-51.81
-118,90,3.92,-22.322,-49.87
-118,90,4.24,-22.316,-51.34
-118,90,4.56,-17.676,-47.49
-118,90,4.88,-20.79,-50.92
-118,90,5.2,-17.29,-48.71
-118,90,5.52,-18.388,-48.67
-118,90,5.84,-23.462,-54.91
-118,90,6.16,-16.61,-48.65
-118,90,6.48,-27.476,-61.56
-118,90,6.8,-31.48,-64.98
-118,90,7.12,-37.336,-71.93
-118,90,7.44,-41.626,-75.96
-118,90,7.76,-19.958,-55.18
-118,90,8.08,-23.756,-58.56
-118,90,8.4,-23,-58.38
-118,90,8.72,-34.728,-72.03
-118,90,9.04,-20.474,-58.26
-118,90,9.36,-19.154,-57.22
-118,90,9.68,-33.58,-72.47
-118,90,10,-33.24,-72.31
-118,90,10.32,-22.082,-61.71
-118,90,10.64,-32.718,-72.73
-118,90,10.96,-24.836,-64.82
-118,90,11.28,-28.336,-68.78
-118,90,11.6,-31.57,-72.44
-118,90,11.92,-37.444,-78.57
-118,90,12.24,-34.914,-77.17
-118,90,12.56,-32.26,-76.33
-118,90,12.88,-43.576,-88.78
-118,90,13.2,-28.14,-74.92
-118,90,13.52,-28.982,-74.99
-118,90,13.84,-22.918,-70.4
-118,90,14.16,-21.336,-69.56
-118,90,14.48,-23.564,-75.39
-118,90,14.8,-33.46,-81.47
-118,90,15.12,-26,-72.43
-118,90,15.44,-34.196,-80.51
-118,90,15.76,-24.378,-71.57
-118,90,16.08,-31.112,-78.57
-118,90,16.4,-21.24,-71.05
-118,90,16.72,-31.928,-81.41
-118,90,17.04,-21.306,-72.56
-118,90,17.36,-23.526,-76.17
-118,90,17.68,-23.652,-76.73
-118,90,18,-23.05,-75.86
-117,90,2,-20.2,-41.99
-117,90,2.32,-20.926,-46.58
-117,90,2.64,-16.198,-44.91
-117,90,2.96,-9.368,-37.68
-117,90,3.28,-15.662,-45.68
-117,90,3.6,-21.42,-48.87
-117,90,3.92,-22.632,-50.18
-117,90,4.24,-23.606,-52.63
-117,90,4.56,-19.526,-49.34
-117,90,4.88,-24.09,-54.22
-117,90,5.2,-17.38,-48.8
-117,90,5.52,-19.238,-49.52
-117,90,5.84,-23.642,-55.09
-117,90,6.16,-16.91,-48.95
-117,90,6.48,-25.706,-59.79
-117,90,6.8,-28.44,-61.94
-117,90,7.12,-37.086,-71.68
-117,90,7.44,-28.806,-63.14
-117,90,7.76,-20.678,-55.9
-117,90,8.08,-23.916,-58.72
-117,90,8.4,-21.65,-57.03
-117,90,8.72,-25.938,-63.24
-117,90,9.04,-20.454,-58.24
-117,90,9.36,-16.004,-54.07
-117,90,9.68,-29.46,-68.35
-117,90,10,-25.58,-64.65
-117,90,10.32,-22.942,-62.57
-117,90,10.64,-30.058,-70.07
-117,90,10.96,-28.396,-68.38
-117,90,11.28,-36.306,-76.75
-117,90,11.6,-31.53,-72.4
-117,90,11.92,-35.894,-77.02
-117,90,12.24,-27.294,-69.55
-117,90,12.56,-28.15,-72.22
-117,90,12.88,-33.166,-78.37
-117,90,13.2,-22.58,-69.36
-117,90,13.52,-26.942,-72.95
-117,90,13.84,-41.778,-89.26
-117,90,14.16,-25.366,-73.59
-117,90,14.48,-23.394,-75.22
-117,90,14.8,-27.03,-75.04
-117,90,15.12,-39.23,-85.66
-117,90,15.44,-31.786,-78.1
-117,90,15.76,-24.968,-72.16
-117,90,16.08,-33.592,-81.05
-117,90,16.4,-36.72,-86.53
-117,90,16.72,-27.958,-77.44
-117,90,17.04,-29.986,-81.24
-117,90,17.36,-19.466,-72.11
-117,90,17.68,-45.862,-98.94
-117,90,18,-22.53,-75.34
-116,90,2,-19.58,-41.37
-116,90,2.32,-22.936,-48.59
-116,90,2.64,-16.148,-44.86
-116,90,2.96,-11.428,-39.74
-116,90,3.28,-14.652,-44.67
-116,90,3.6,-19.47,-46.92
-116,90,3.92,-22.252,-49.8
-116,90,4.24,-24.226,-53.25
-116,90,4.56,-21.996,-51.81
-116,90,4.88,-27.16,-57.29
-116,90,5.2,-18.83,-50.25
-116,90,5.52,-21.438,-51.72
-116,90,5.84,-25.432,-56.88
-116,90,6.16,-18.32,-50.36
-116,90,6.48,-26.896,-60.98
-116,90,6.8,-27.71,-61.21
-116,90,7.12,-37.356,-71.95
-116,90,7.44,-23.796,-58.13
-116,90,7.76,-22.008,-57.23
-116,90,8.08,-23.716,-58.52
-116,90,8.4,-23.19,-58.57
-116,90,8.72,-24.298,-61.6
-116,90,9.04,-24.434,-62.22
-116,90,9.36,-16.824,-54.89
-116,90,9.68,-35.66,-74.55
-116,90,10,-30.35,-69.42
-116,90,10.32,-22.602,-62.23
-116,90,10.64,-28.298,-68.31
-116,90,10.96,-37.216,-77.2
-116,90,11.28,-27.736,-68.18
-116,90,11.6,-29.78,-70.65
-116,90,11.92,-47.724,-88.85
-116,90,12.24,-48.804,-91.06
-116,90,12.56,-26.44,-70.51
-116,90,12.88,-29.496,-74.7
-116,90,13.2,-34.41,-81.19
-116,90,13.52,-26.512,-72.52
-116,90,13.84,-35.508,-82.99
-116,90,14.16,-22.916,-71.14
-116,90,14.48,-28.004,-79.83
-116,90,14.8,-23.19,-71.2
-116,90,15.12,-35.69,-82.12
-116,90,15.44,-50.276,-96.59
-116,90,15.76,-26.188,-73.38
-116,90,16.08,-27.032,-74.49
-116,90,16.4,-23.79,-73.6
-116,90,16.72,-20.898,-70.38
-116,90,17.04,-26.396,-77.65
-116,90,17.36,-21.936,-74.58
-116,90,17.68,-23.102,-76.18
-116,90,18,-27.51,-80.32
-115,90,2,-19.6,-41.39
-115,90,2.32,-26.696,-52.35
-115,90,2.64,-16.098,-44.81
-115,90,2.96,-14.218,-42.53
-115,90,3.28,-14.752,-44.77
-115,90,3.6,-18.06,-45.51
-115,90,3.92,-21.042,-48.59
-115,90,4.24,-23.906,-52.93
-115,90,4.56,-22.816,-52.63
-115,90,4.88,-30.62,-60.75
-115,90,5.2,-23.01,-54.43
-115,90,5.52,-22.098,-52.38
-115,90,5.84,-27.002,-58.45
-115,90,6.16,-19.47,-51.51
-115,90,6.48,-32.006,-66.09
-115,90,6.8,-27.99,-61.49
-115,90,7.12,-40.866,-75.46
-115,90,7.44,-23.016,-57.35
-115,90,7.76,-23.538,-58.76
-115,90,8.08,-22.396,-57.2
-115,90,8.4,-20.82,-56.2
-115,90,8.72,-21.628,-58.93
-115,90,9.04,-26.284,-64.07
-115,90,9.36,-19.034,-57.1
-115,90,9.68,-29.52,-68.41
-115,90,10,-31.95,-71.02
-115,90,10.32,-29.342,-68.97
-115,90,10.64,-23.058,-63.07
-115,90,10.96,-33.226,-73.21
-115,90,11.28,-25.536,-65.98
-115,90,11.6,-41.48,-82.35
-115,90,11.92,-39.994,-81.12
-115,90,12.24,-43.304,-85.56
-115,90,12.56,-30.82,-74.89
-115,90,12.88,-28.616,-73.82
-115,90,13.2,-25.68,-72.46
-115,90,13.52,-39.432,-85.44
-115,90,13.84,-25.228,-72.71
-115,90,14.16,-20.916,-69.14
-115,90,14.48,-23.364,-75.19
-115,90,14.8,-25.72,-73.73
-115,90,15.12,-31.77,-78.2
-115,90,15.44,-29.476,-75.79
-115,90,15.76,-32.108,-79.3
-115,90,16.08,-26.132,-73.59
-115,90,16.4,-23.25,-73.06
-115,90,16.72,-32.838,-82.32
-115,90,17.04,-29.066,-80.32
-115,90,17.36,-32.356,-85
-115,90,17.68,-21.202,-74.28
-115,90,18,-31.01,-83.82
-114,90,2,-19.47,-41.26
-114,90,2.32,-28.926,-54.58
-114,90,2.64,-16.178,-44.89
-114,90,2.96,-17.648,-45.96
-114,90,3.28,-14.002,-44.02
-114,90,3.6,-17.36,-44.81
-114,90,3.92,-19.572,-47.12
-114,90,4.24,-22.556,-51.58
-114,90,4.56,-21.626,-51.44
-114,90,4.88,-33.4,-63.53
-114,90,5.2,-29.48,-60.9
-114,90,5.52,-23.088,-53.37
-114,90,5.84,-30.662,-62.11
-114,90,6.16,-20.43,-52.47
-114,90,6.48,-35.206,-69.29
-114,90,6.8,-31.18,-64.68
-114,90,7.12,-31.886,-66.48
-114,90,7.44,-22.066,-56.4
-114,90,7.76,-26.188,-61.41
-114,90,8.08,-21.816,-56.62
-114,90,8.4,-22.53,-57.91
-114,90,8.72,-25.118,-62.42
-114,90,9.04,-30.284,-68.07
-114,90,9.36,-22.834,-60.9
-114,90,9.68,-41.43,-80.32
-114,90,10,-27.07,-66.14
-114,90,10.32,-22.122,-61.75
-114,90,10.64,-22.278,-62.29
-114,90,10.96,-32.156,-72.14
-114,90,11.28,-26.266,-66.71
-114,90,11.6,-30.91,-71.78
-114,90,11.92,-31.524,-72.65
-114,90,12.24,-36.074,-78.33
-114,90,12.56,-30.69,-74.76
-114,90,12.88,-26.716,-71.92
-114,90,13.2,-25.07,-71.85
-114,90,13.52,-33.832,-79.84
-114,90,13.84,-28.868,-76.35
-114,90,14.16,-28.436,-76.66
-114,90,14.48,-26.334,-78.16
-114,90,14.8,-22,-70.01
-114,90,15.12,-37.83,-84.26
-114,90,15.44,-24.346,-70.66
-114,90,15.76,-28.398,-75.59
-114,90,16.08,-23.012,-70.47
-114,90,16.4,-34.65,-84.46
-114,90,16.72,-22.418,-71.9
-114,90,17.04,-42.586,-93.84
-114,90,17.36,-25.356,-78
-114,90,17.68,-19.662,-72.74
-114,90,18,-27.37,-80.18
-113,90,2,-19.97,-41.76
-113,90,2.32,-25.736,-51.39
-113,90,2.64,-16.168,-44.88
-113,90,2.96,-20.078,-48.39
-113,90,3.28,-13.882,-43.9
-113,90,3.6,-16.99,-44.44
-113,90,3.92,-17.652,-45.2
-113,90,4.24,-23.486,-52.51
-113,90,4.56,-20.316,-50.13
-113,90,4.88,-42.44,-72.57
-113,90,5.2,-31.85,-63.27
-113,90,5.52,-23.578,-53.86
-113,90,5.84,-31.082,-62.53
-113,90,6.16,-22.64,-54.68
-113,90,6.48,-29.466,-63.55
-113,90,6.8,-44.55,-78.05
-113,90,7.12,-28.476,-63.07
-113,90,7.44,-24.316,-58.65
-113,90,7.76,-24.758,-59.98
-113,90,8.08,-22.496,-57.3
-113,90,8.4,-25.88,-61.26
-113,90,8.72,-24.958,-62.26
-113,90,9.04,-25.824,-63.61
-113,90,9.36,-22.954,-61.02
-113,90,9.68,-30.05,-68.94
-113,90,10,-27.56,-66.63
-113,90,10.32,-21.372,-61
-113,90,10.64,-24.398,-64.41
-113,90,10.96,-26.466,-66.45
-113,90,11.28,-25.526,-65.97
-113,90,11.6,-45.08,-85.95
-113,90,11.92,-29.284,-70.41
-113,90,12.24,-34.744,-77
-113,90,12.56,-35.67,-79.74
-113,90,12.88,-27.576,-72.78
-113,90,13.2,-24.95,-71.73
-113,90,13.52,-34.782,-80.79
-113,90,13.84,-25.998,-73.48
-113,90,14.16,-23.976,-72.2
-113,90,14.48,-23.144,-74.97
-113,90,14.8,-28.38,-76.39
-113,90,15.12,-33.44,-79.87
-113,90,15.44,-34.996,-81.31
-113,90,15.76,-34.458,-81.65
-113,90,16.08,-23.842,-71.3
-113,90,16.4,-29.53,-79.34
-113,90,16.72,-30.428,-79.91
-113,90,17.04,-22.556,-73.81
-113,90,17.36,-24.016,-76.66
-113,90,17.68,-22.162,-75.24
-113,90,18,-26.19,-79
-112,90,2,-20.7,-42.49
-112,90,2.32,-21.876,-47.53
-112,90,2.64,-16.478,-45.19
-112,90,2.96,-19.188,-47.5
-112,90,3.28,-14.782,-44.8
-112,90,3.6,-17.3,-44.75
-112,90,3.92,-16.822,-44.37
-112,90,4.24,-24.666,-53.69
-112,90,4.56,-17.656,-47.47
-112,90,4.88,-31.85,-61.98
-112,90,5.2,-30.16,-61.58
-112,90,5.52,-23.718,-54
-112,90,5.84,-33.542,-64.99
-112,90,6.16,-25.04,-57.08
-112,90,6.48,-24.176,-58.26
-112,90,6.8,-49.25,-82.75
-112,90,7.12,-26.826,-61.42
-112,90,7.44,-26.026,-60.36
-112,90,7.76,-25.468,-60.69
-112,90,8.08,-25.186,-59.99
-112,90,8.4,-27.73,-63.11
-112,90,8.72,-24.518,-61.82
-112,90,9.04,-26.854,-64.64
-112,90,9.36,-18.914,-56.98
-112,90,9.68,-27.3,-66.19
-112,90,10,-33.86,-72.93
-112,90,10.32,-20.432,-60.06
-112,90,10.64,-30.098,-70.11
-112,90,10.96,-31.196,-71.18
-112,90,11.28,-30.716,-71.16
-112,90,11.6,-33.01,-73.88
-112,90,11.92,-37.984,-79.11
-112,90,12.24,-35.554,-77.81
-112,90,12.56,-38.06,-82.13
-112,90,12.88,-29.076,-74.28
-112,90,13.2,-24.86,-71.64
-112,90,13.52,-27.002,-73.01
-112,90,13.84,-28.948,-76.43
-112,90,14.16,-34.476,-82.7
-112,90,14.48,-21.444,-73.27
-112,90,14.8,-28.95,-76.96
-112,90,15.12,-37.7,-84.13
-112,90,15.44,-28.696,-75.01
-112,90,15.76,-29.058,-76.25
-112,90,16.08,-23.482,-70.94
-112,90,16.4,-23.49,-73.3
-112,90,16.72,-33.828,-83.31
-112,90,17.04,-36.506,-87.76
-112,90,17.36,-38.206,-90.85
-112,90,17.68,-31.772,-84.85
-112,90,18,-30.14,-82.95
-111,90,2,-21.99,-43.78
-111,90,2.32,-19.446,-45.1
-111,90,2.64,-16.828,-45.54
-111,90,2.96,-17.098,-45.41
-111,90,3.28,-15.222,-45.24
-111,90,3.6,-18.29,-45.74
-111,90,3.92,-16.652,-44.2
-111,90,4.24,-26.116,-55.14
-111,90,4.56,-16.086,-45.9
-111,90,4.88,-27.02,-57.15
-111,90,5.2,-24.59,-56.01
-111,90,5.52,-23.338,-53.62
-111,90,5.84,-29.092,-60.54
-111,90,6.16,-26.04,-58.08
-111,90,6.48,-23.536,-57.62
-111,90,6.8,-35.79,-69.29
-111,90,7.12,-25.336,-59.93
-111,90,7.44,-27.106,-61.44
-111,90,7.76,-25.098,-60.32
-111,90,8.08,-28.896,-63.7
-111,90,8.4,-29.62,-65
-111,90,8.72,-22.028,-59.33
-111,90,9.04,-28.154,-65.94
-111,90,9.36,-18.144,-56.21
-111,90,9.68,-22.21,-61.1
-111,90,10,-33.43,-72.5
-111,90,10.32,-21.022,-60.65
-111,90,10.64,-31.308,-71.32
-111,90,10.96,-29.656,-69.64
-111,90,11.28,-31.306,-71.75
-111,90,11.6,-51.63,-92.5
-111,90,11.92,-26.814,-67.94
-111,90,12.24,-36.424,-78.68
-111,90,12.56,-34.07,-78.14
-111,90,12.88,-34.536,-79.74
-111,90,13.2,-36.93,-83.71
-111,90,13.52,-37.822,-83.83
-111,90,13.84,-26.148,-73.63
-111,90,14.16,-31.346,-79.57
-111,90,14.48,-24.524,-76.35
-111,90,14.8,-21.96,-69.97
-111,90,15.12,-43.68,-90.11
-111,90,15.44,-25.986,-72.3
-111,90,15.76,-30.878,-78.07
-111,90,16.08,-30.262,-77.72
-111,90,16.4,-26.53,-76.34
-111,90,16.72,-26.658,-76.14
-111,90,17.04,-26.196,-77.45
-111,90,17.36,-22.036,-74.68
-111,90,17.68,-28.592,-81.67
-111,90,18,-22.27,-75.08
-110,90,2,-23.7,-45.49
-110,90,2.32,-17.326,-42.98
-110,90,2.64,-16.738,-45.45
-110,90,2.96,-15.718,-44.03
-110,90,3.28,-16.492,-46.51
-110,90,3.6,-18.96,-46.41
-110,90,3.92,-16.712,-44.26
-110,90,4.24,-27.336,-56.36
-110,90,4.56,-14.836,-44.65
-110,90,4.88,-24.17,-54.3
-110,90,5.2,-22.17,-53.59
-110,90,5.52,-23.818,-54.1
-110,90,5.84,-27.892,-59.34
-110,90,6.16,-26.5,-58.54
-110,90,6.48,-23.406,-57.49
-110,90,6.8,-38.79,-72.29
-110,90,7.12,-26.646,-61.24
-110,90,7.44,-32.826,-67.16
-110,90,7.76,-24.508,-59.73
-110,90,8.08,-26.066,-60.87
-110,90,8.4,-35.76,-71.14
-110,90,8.72,-18.458,-55.76
-110,90,9.04,-27.394,-65.18
-110,90,9.36,-21.734,-59.8
-110,90,9.68,-22.59,-61.48
-110,90,10,-32.65,-71.72
-110,90,10.32,-24.842,-64.47
-110,90,10.64,-33.068,-73.08
-110,90,10.96,-23.566,-63.55
-110,90,11.28,-40.936,-81.38
-110,90,11.6,-34.77,-75.64
-110,90,11.92,-28.304,-69.43
-110,90,12.24,-31.804,-74.06
-110,90,12.56,-24.39,-68.46
-110,90,12.88,-25.276,-70.48
-110,90,13.2,-28.19,-74.97
-110,90,13.52,-28.672,-74.68
-110,90,13.84,-22.298,-69.78
-110,90,14.16,-27.796,-76.02
-110,90,14.48,-29.174,-81
-110,90,14.8,-20.5,-68.51
-110,90,15.12,-33.09,-79.52
-110,90,15.44,-25.266,-71.58
-110,90,15.76,-31.248,-78.44
-110,90,16.08,-36.742,-84.2
-110,90,16.4,-34.7,-84.51
-110,90,16.72,-39.958,-89.44
-110,90,17.04,-38.526,-89.78
-110,90,17.36,-31.906,-84.55
-110,90,17.68,-22.092,-75.17
-110,90,18,-32.05,-84.86
-109,90,2,-25.41,-47.2
-109,90,2.32,-15.896,-41.55
-109,90,2.64,-17.038,-45.75
-109,90,2.96,-14.778,-43.09
-109,90,3.28,-18.042,-48.06
-109,90,3.6,-20.11,-47.56
-109,90,3.92,-16.982,-44.53
-109,90,4.24,-29.776,-58.8
-109,90,4.56,-13.966,-43.78
-109,90,4.88,-23.76,-53.89
-109,90,5.2,-20.26,-51.68
-109,90,5.52,-22.528,-52.81
-109,90,5.84,-28.402,-59.85
-109,90,6.16,-28.14,-60.18
-109,90,6.48,-25.546,-59.63
-109,90,6.8,-37.71,-71.21
-109,90,7.12,-29.766,-64.36
-109,90,7.44,-29.266,-63.6
-109,90,7.76,-25.618,-60.84
-109,90,8.08,-23.356,-58.16
-109,90,8.4,-26.5,-61.88
-109,90,8.72,-20.918,-58.22
-109,90,9.04,-25.134,-62.92
-109,90,9.36,-23.924,-61.99
-109,90,9.68,-25.87,-64.76
-109,90,10,-36.09,-75.16
-109,90,10.32,-21.992,-61.62
-109,90,10.64,-29.058,-69.07
-109,90,10.96,-21.656,-61.64
-109,90,11.28,-35.786,-76.23
-109,90,11.6,-37.8,-78.67
-109,90,11.92,-30.314,-71.44
-109,90,12.24,-28.084,-70.34
-109,90,12.56,-30.36,-74.43
-109,90,12.88,-45.806,-91.01
-109,90,13.2,-28.28,-75.06
-109,90,13.52,-31.802,-77.81
-109,90,13.84,-25.868,-73.35
-109,90,14.16,-22.976,-71.2
-109,90,14.48,-23.184,-75.01
-109,90,14.8,-31.83,-79.84
-109,90,15.12,-33.16,-79.59
-109,90,15.44,-24.996,-71.31
-109,90,15.76,-25.958,-73.15
-109,90,16.08,-33.572,-81.03
-109,90,16.4,-39.37,-89.18
-109,90,16.72,-25.498,-74.98
-109,90,17.04,-25.316,-76.57
-109,90,17.36,-38.916,-91.56
-109,90,17.68,-25.412,-78.49
-109,90,18,-21.79,-74.6
-108,90,2,-25.67,-47.46
-108,90,2.32,-15.106,-40.76
-108,90,2.64,-17.058,-45.77
-108,90,2.96,-14.078,-42.39
-108,90,3.28,-19.692,-49.71
-108,90,3.6,-20.28,-47.73
-108,90,3.92,-18.162,-45.71
-108,90,4.24,-26.936,-55.96
-108,90,4.56,-13.796,-43.61
-108,90,4.88,-23.99,-54.12
-108,90,5.2,-19.19,-50.61
-108,90,5.52,-21.558,-51.84
-108,90,5.84,-33.352,-64.8
-108,90,6.16,-24.66,-56.7
-108,90,6.48,-33.036,-67.12
-108,90,6.8,-35.94,-69.44
-108,90,7.12,-33.526,-68.12
-108,90,7.44,-25.826,-60.16
-108,90,7.76,-23.948,-59.17
-108,90,8.08,-21.756,-56.56
-108,90,8.4,-23.96,-59.34
-108,90,8.72,-21.548,-58.85
-108,90,9.04,-22.964,-60.75
-108,90,9.36,-33.544,-71.61
-108,90,9.68,-27.47,-66.36
-108,90,10,-36.23,-75.3
-108,90,10.32,-22.772,-62.4
-108,90,10.64,-32.408,-72.42
-108,90,10.96,-22.146,-62.13
-108,90,11.28,-36.516,-76.96
-108,90,11.6,-34.52,-75.39
-108,90,11.92,-25.894,-67.02
-108,90,12.24,-30.554,-72.81
-108,90,12.56,-43.63,-87.7
-108,90,12.88,-27.566,-72.77
-108,90,13.2,-26.77,-73.55
-108,90,13.52,-25.472,-71.48
-108,90,13.84,-29.028,-76.51
-108,90,14.16,-27.606,-75.83
-108,90,14.48,-30.784,-82.61
-108,90,14.8,-31.11,-79.12
-108,90,15.12,-33.67,-80.1
-108,90,15.44,-24.396,-70.71
-108,90,15.76,-36.278,-83.47
-108,90,16.08,-26.362,-73.82
-108,90,16.4,-36.59,-86.4
-108,90,16.72,-35.508,-84.99
-108,90,17.04,-22.136,-73.39
-108,90,17.36,-39.796,-92.44
-108,90,17.68,-38.062,-91.14
-108,90,18,-35.09,-87.9
-107,90,2,-22.86,-44.65
-107,90,2.32,-14.096,-39.75
-107,90,2.64,-17.038,-45.75
-107,90,2.96,-13.788,-42.1
-107,90,3.28,-21.412,-51.43
-107,90,3.6,-20.2,-47.65
-107,90,3.92,-18.772,-46.32
-107,90,4.24,-26.516,-55.54
-107,90,4.56,-13.876,-43.69
-107,90,4.88,-24.32,-54.45
-107,90,5.2,-17.84,-49.26
-107,90,5.52,-19.888,-50.17
-107,90,5.84,-36.442,-67.89
-107,90,6.16,-25.61,-57.65
-107,90,6.48,-37.696,-71.78
-107,90,6.8,-30.42,-63.92
-107,90,7.12,-40.556,-75.15
-107,90,7.44,-25.616,-59.95
-107,90,7.76,-24.308,-59.53
-107,90,8.08,-24.626,-59.43
-107,90,8.4,-21.55,-56.93
-107,90,8.72,-28.528,-65.83
-107,90,9.04,-24.694,-62.48
-107,90,9.36,-36.884,-74.95
-107,90,9.68,-24.01,-62.9
-107,90,10,-28.27,-67.34
-107,90,10.32,-21.932,-61.56
-107,90,10.64,-34.498,-74.51
-107,90,10.96,-26.306,-66.29
-107,90,11.28,-44.066,-84.51
-107,90,11.6,-30.52,-71.39
-107,90,11.92,-26.714,-67.84
-107,90,12.24,-39.004,-81.26
-107,90,12.56,-29.72,-73.79
-107,90,12.88,-30.386,-75.59
-107,90,13.2,-34.02,-80.8
-107,90,13.52,-37.252,-83.26
-107,90,13.84,-31.578,-79.06
-107,90,14.16,-23.986,-72.21
-107,90,14.48,-23.584,-75.41
-107,90,14.8,-26.22,-74.23
-107,90,15.12,-35.63,-82.06
-107,90,15.44,-25.516,-71.83
-107,90,15.76,-31.568,-78.76
-107,90,16.08,-28.032,-75.49
-107,90,16.4,-30.54,-80.35
-107,90,16.72,-35.288,-84.77
-107,90,17.04,-27.016,-78.27
-107,90,17.36,-27.586,-80.23
-107,90,17.68,-25.202,-78.28
-107,90,18,-30.99,-83.8
-106,90,2,-20.6,-42.39
-106,90,2.32,-13.506,-39.16
-106,90,2.64,-16.998,-45.71
-106,90,2.96,-13.528,-41.84
-106,90,3.28,-22.902,-52.92
-106,90,3.6,-19.37,-46.82
-106,90,3.92,-19.632,-47.18
-106,90,4.24,-26.006,-55.03
-106,90,4.56,-14.646,-44.46
-106,90,4.88,-25.04,-55.17
-106,90,5.2,-17.43,-48.85
-106,90,5.52,-19.618,-49.9
-106,90,5.84,-29.432,-60.88
-106,90,6.16,-24.43,-56.47
-106,90,6.48,-34.016,-68.1
-106,90,6.8,-40.12,-73.62
-106,90,7.12,-38.236,-72.83
-106,90,7.44,-28.756,-63.09
-106,90,7.76,-23.708,-58.93
-106,90,8.08,-26.676,-61.48
-106,90,8.4,-20.89,-56.27
-106,90,8.72,-33.728,-71.03
-106,90,9.04,-27.244,-65.03
-106,90,9.36,-27.984,-66.05
-106,90,9.68,-21.97,-60.86
-106,90,10,-28.09,-67.16
-106,90,10.32,-23.082,-62.71
-106,90,10.64,-36.988,-77
-106,90,10.96,-32.416,-72.4
-106,90,11.28,-31.426,-71.87
-106,90,11.6,-33.17,-74.04
-106,90,11.92,-32.554,-73.68
-106,90,12.24,-40.574,-82.83
-106,90,12.56,-31.44,-75.51
-106,90,12.88,-36.386,-81.59
-106,90,13.2,-32.58,-79.36
-106,90,13.52,-27.722,-73.73
-106,90,13.84,-24.118,-71.6
-106,90,14.16,-30.936,-79.16
-106,90,14.48,-24.614,-76.44
-106,90,14.8,-20.93,-68.94
-106,90,15.12,-29.76,-76.19
-106,90,15.44,-26.486,-72.8
-106,90,15.76,-39.758,-86.95
-106,90,16.08,-30.312,-77.77
-106,90,16.4,-27.87,-77.68
-106,90,16.72,-40.248,-89.73
-106,90,17.04,-34.666,-85.92
-106,90,17.36,-22.606,-75.25
-106,90,17.68,-24.762,-77.84
-106,90,18,-31.69,-84.5
-105,90,2,-17.81,-39.6
-105,90,2.32,-13.116,-38.77
-105,90,2.64,-17.318,-46.03
-105,90,2.96,-12.778,-41.09
-105,90,3.28,-22.362,-52.38
-105,90,3.6,-18.62,-46.07
-105,90,3.92,-19.672,-47.22
-105,90,4.24,-27.086,-56.11
-105,90,4.56,-16.096,-45.91
-105,90,4.88,-24.66,-54.79
-105,90,5.2,-17.89,-49.31
-105,90,5.52,-18.978,-49.26
-105,90,5.84,-25.802,-57.25
-105,90,6.16,-25.94,-57.98
-105,90,6.48,-32.756,-66.84
-105,90,6.8,-50.34,-83.84
-105,90,7.12,-33.046,-67.64
-105,90,7.44,-28.586,-62.92
-105,90,7.76,-24.358,-59.58
-105,90,8.08,-32.026,-66.83
-105,90,8.4,-21.63,-57.01
-105,90,8.72,-35.378,-72.68
-105,90,9.04,-27.134,-64.92
-105,90,9.36,-30.014,-68.08
-105,90,9.68,-22.5,-61.39
-105,90,10,-29.31,-68.38
-105,90,10.32,-24.732,-64.36
-105,90,10.64,-31.058,-71.07
-105,90,10.96,-27.136,-67.12
-105,90,11.28,-27.316,-67.76
-105,90,11.6,-45.45,-86.32
-105,90,11.92,-30.034,-71.16
-105,90,12.24,-33.794,-76.05
-105,90,12.56,-33.22,-77.29
-105,90,12.88,-40.866,-86.07
-105,90,13.2,-36.45,-83.23
-105,90,13.52,-29.922,-75.93
-105,90,13.84,-21.458,-68.94
-105,90,14.16,-23.336,-71.56
-105,90,14.48,-19.344,-71.17
-105,90,14.8,-34.5,-82.51
-105,90,15.12,-28.11,-74.54
-105,90,15.44,-30.126,-76.44
-105,90,15.76,-27.398,-74.59
-105,90,16.08,-26.972,-74.43
-105,90,16.4,-27.27,-77.08
-105,90,16.72,-36.978,-86.46
-105,90,17.04,-24.706,-75.96
-105,90,17.36,-28.686,-81.33
-105,90,17.68,-28.952,-82.03
-105,90,18,-22.41,-75.22
-104,90,2,-15.68,-37.47
-104,90,2.32,-13.036,-38.69
-104,90,2.64,-17.178,-45.89
-104,90,2.96,-11.748,-40.06
-104,90,3.28,-23.852,-53.87
-104,90,3.6,-18.43,-45.88
-104,90,3.92,-19.572,-47.12
-104,90,4.24,-29.976,-59
-104,90,4.56,-17.936,-47.75
-104,90,4.88,-22.22,-52.35
-104,90,5.2,-17.69,-49.11
-104,90,5.52,-18.788,-49.07
-104,90,5.84,-25.752,-57.2
-104,90,6.16,-24.55,-56.59
-104,90,6.48,-34.546,-68.63
-104,90,6.8,-47.15,-80.65
-104,90,7.12,-34.216,-68.81
-104,90,7.44,-35.816,-70.15
-104,90,7.76,-22.998,-58.22
-104,90,8.08,-32.806,-67.61
-104,90,8.4,-22.26,-57.64
-104,90,8.72,-42.428,-79.73
-104,90,9.04,-27.694,-65.48
-104,90,9.36,-30.084,-68.15
-104,90,9.68,-26,-64.89
-104,90,10,-29.5,-68.57
-104,90,10.32,-29.922,-69.55
-104,90,10.64,-27.378,-67.39
-104,90,10.96,-32.966,-72.95
-104,90,11.28,-27.826,-68.27
-104,90,11.6,-31.47,-72.34
-104,90,11.92,-47.074,-88.2
-104,90,12.24,-50.794,-93.05
-104,90,12.56,-34.95,-79.02
-104,90,12.88,-27.426,-72.63
-104,90,13.2,-43.43,-90.21
-104,90,13.52,-29.162,-75.17
-104,90,13.84,-35.248,-82.73
-104,90,14.16,-30.246,-78.47
-104,90,14.48,-30.784,-82.61
-104,90,14.8,-27.56,-75.57
-104,90,15.12,-28.69,-75.12
-104,90,15.44,-39.206,-85.52
-104,90,15.76,-26.078,-73.27
-104,90,16.08,-21.732,-69.19
-104,90,16.4,-24.71,-74.52
-104,90,16.72,-31.898,-81.38
-104,90,17.04,-24.056,-75.31
-104,90,17.36,-32.506,-85.15
-104,90,17.68,-32.522,-85.6
-104,90,18,-22.65,-75.46
-103,90,2,-13.76,-35.55
-103,90,2.32,-13.096,-38.75
-103,90,2.64,-17.598,-46.31
-103,90,2.96,-10.768,-39.08
-103,90,3.28,-24.162,-54.18
-103,90,3.6,-18.58,-46.03
-103,90,3.92,-19.722,-47.27
-103,90,4.24,-31.596,-60.62
-103,90,4.56,-21.596,-51.41
-103,90,4.88,-20.54,-50.67
-103,90,5.2,-19.05,-50.47
-103,90,5.52,-18.698,-48.98
-103,90,5.84,-25.222,-56.67
-103,90,6.16,-27.52,-59.56
-103,90,6.48,-38.376,-72.46
-103,90,6.8,-32.69,-66.19
-103,90,7.12,-33.156,-67.75
-103,90,7.44,-36.376,-70.71
-103,90,7.76,-24.898,-60.12
-103,90,8.08,-27.386,-62.19
-103,90,8.4,-23,-58.38
-103,90,8.72,-39.818,-77.12
-103,90,9.04,-28.004,-65.79
-103,90,9.36,-27.774,-65.84
-103,90,9.68,-36.16,-75.05
-103,90,10,-25.19,-64.26
-103,90,10.32,-27.062,-66.69
-103,90,10.64,-26.028,-66.04
-103,90,10.96,-34.026,-74.01
-103,90,11.28,-28.156,-68.6
-103,90,11.6,-32.26,-73.13
-103,90,11.92,-46.584,-87.71
-103,90,12.24,-32.684,-74.94
-103,90,12.56,-32.78,-76.85
-103,90,12.88,-26.666,-71.87
-103,90,13.2,-27.47,-74.25
-103,90,13.52,-31.452,-77.46
-103,90,13.84,-29.318,-76.8
-103,90,14.16,-22.966,-71.19
-103,90,14.48,-26.104,-77.93
-103,90,14.8,-26.62,-74.63
-103,90,15.12,-25.39,-71.82
-103,90,15.44,-33.356,-79.67
-103,90,15.76,-30.758,-77.95
-103,90,16.08,-35.422,-82.88
-103,90,16.4,-27.21,-77.02
-103,90,16.72,-28.188,-77.67
-103,90,17.04,-19.226,-70.48
-103,90,17.36,-28.816,-81.46
-103,90,17.68,-20.512,-73.59
-103,90,18,-33.68,-86.49
-102,90,2,-12.27,-34.06
-102,90,2.32,-13.106,-38.76
-102,90,2.64,-18.178,-46.89
-102,90,2.96,-10.048,-38.36
-102,90,3.28,-27.602,-57.62
-102,90,3.6,-19.11,-46.56
-102,90,3.92,-19.772,-47.32
-102,90,4.24,-34.326,-63.35
-102,90,4.56,-26.946,-56.76
-102,90,4.88,-19.61,-49.74
-102,90,5.2,-19.99,-51.41
-102,90,5.52,-18.918,-49.2
-102,90,5.84,-27.332,-58.78
-102,90,6.16,-28.66,-60.7
-102,90,6.48,-39.966,-74.05
-102,90,6.8,-30.02,-63.52
-102,90,7.12,-54.206,-88.8
-102,90,7.44,-30.386,-64.72
-102,90,7.76,-28.478,-63.7
-102,90,8.08,-25.886,-60.69
-102,90,8.4,-21.74,-57.12
-102,90,8.72,-32.538,-69.84
-102,90,9.04,-31.094,-68.88
-102,90,9.36,-26.114,-64.18
-102,90,9.68,-34.3,-73.19
-102,90,10,-28.91,-67.98
-102,90,10.32,-29.752,-69.38
-102,90,10.64,-29.198,-69.21
-102,90,10.96,-33.336,-73.32
-102,90,11.28,-31.606,-72.05
-102,90,11.6,-31.75,-72.62
-102,90,11.92,-33.354,-74.48
-102,90,12.24,-38.124,-80.38
-102,90,12.56,-26.47,-70.54
-102,90,12.88,-28.896,-74.1
-102,90,13.2,-22.61,-69.39
-102,90,13.52,-35.152,-81.16
-102,90,13.84,-35.768,-83.25
-102,90,14.16,-23.426,-71.65
-102,90,14.48,-28.064,-79.89
-102,90,14.8,-26.34,-74.35
-102,90,15.12,-36.79,-83.22
-102,90,15.44,-36.796,-83.11
-102,90,15.76,-39.438,-86.63
-102,90,16.08,-29.212,-76.67
-102,90,16.4,-23.18,-72.99
-102,90,16.72,-21.778,-71.26
-102,90,17.04,-21.106,-72.36
-102,90,17.36,-21.686,-74.33
-102,90,17.68,-20.952,-74.03
-102,90,18,-20.46,-73.27
-101,90,2,-10.87,-32.66
-101,90,2.32,-13.276,-38.93
-101,90,2.64,-18.528,-47.24
-101,90,2.96,-9.068,-37.38
-101,90,3.28,-28.412,-58.43
-101,90,3.6,-20.1,-47.55
-101,90,3.92,-20.592,-48.14
-101,90,4.24,-33.756,-62.78
-101,90,4.56,-31.086,-60.9
-101,90,4.88,-19.52,-49.65
-101,90,5.2,-21.26,-52.68
-101,90,5.52,-19.848,-50.13
-101,90,5.84,-32.012,-63.46
-101,90,6.16,-27.52,-59.56
-101,90,6.48,-31.456,-65.54
-101,90,6.8,-28.69,-62.19
-101,90,7.12,-39.456,-74.05
-101,90,7.44,-25.046,-59.38
-101,90,7.76,-27.778,-63
-101,90,8.08,-24.266,-59.07
-101,90,8.4,-19.95,-55.33
-101,90,8.72,-29.608,-66.91
-101,90,9.04,-34.084,-71.87
-101,90,9.36,-24.484,-62.55
-101,90,9.68,-29.33,-68.22
-101,90,10,-27.33,-66.4
-101,90,10.32,-27.652,-67.28
-101,90,10.64,-31.798,-71.81
-101,90,10.96,-38.436,-78.42
-101,90,11.28,-31.586,-72.03
-101,90,11.6,-32.72,-73.59
-101,90,11.92,-30.154,-71.28
-101,90,12.24,-29.444,-71.7
-101,90,12.56,-30.69,-74.76
-101,90,12.88,-31.926,-77.13
-101,90,13.2,-28.71,-75.49
-101,90,13.52,-27.852,-73.86
-101,90,13.84,-36.338,-83.82
-101,90,14.16,-29.176,-77.4
-101,90,14.48,-33.954,-85.78
-101,90,14.8,-23.94,-71.95
-101,90,15.12,-29.68,-76.11
-101,90,15.44,-34.326,-80.64
-101,90,15.76,-30.028,-77.22
-101,90,16.08,-28.732,-76.19
-101,90,16.4,-28.19,-78
-101,90,16.72,-39.358,-88.84
-101,90,17.04,-21.776,-73.03
-101,90,17.36,-18.626,-71.27
-101,90,17.68,-24.442,-77.52
-101,90,18,-24.33,-77.14
-100,90,2,-10.07,-31.86
-100,90,2.32,-13.266,-38.92
-100,90,2.64,-18.978,-47.69
-100,90,2.96,-8.448,-36.76
-100,90,3.28,-26.242,-56.26
-100,90,3.6,-23.03,-50.48
-100,90,3.92,-22.692,-50.24
-100,90,4.24,-30.126,-59.15
-100,90,4.56,-27.576,-57.39
-100,90,4.88,-20.02,-50.15
-100,90,5.2,-21.98,-53.4
-100,90,5.52,-20.938,-51.22
-100,90,5.84,-44.432,-75.88
-100,90,6.16,-27.03,-59.07
-100,90,6.48,-30.306,-64.39
-100,90,6.8,-26.44,-59.94
-100,90,7.12,-31.146,-65.74
-100,90,7.44,-23.846,-58.18
-100,90,7.76,-26.928,-62.15
-100,90,8.08,-23.936,-58.74
-100,90,8.4,-22.99,-58.37
-100,90,8.72,-27.008,-64.31
-100,90,9.04,-28.884,-66.67
-100,90,9.36,-26.344,-64.41
-100,90,9.68,-28.47,-67.36
-100,90,10,-31.38,-70.45
-100,90,10.32,-30.102,-69.73
-100,90,10.64,-35.878,-75.89
-100,90,10.96,-40.376,-80.36
-100,90,11.28,-29.856,-70.3
-100,90,11.6,-29.78,-70.65
-100,90,11.92,-29.034,-70.16
-100,90,12.24,-33.544,-75.8
-100,90,12.56,-30.87,-74.94
-100,90,12.88,-33.036,-78.24
-100,90,13.2,-33.27,-80.05
-100,90,13.52,-32.282,-78.29
-100,90,13.84,-22.688,-70.17
-100,90,14.16,-29.526,-77.75
-100,90,14.48,-19.064,-70.89
-100,90,14.8,-26.12,-74.13
-100,90,15.12,-24.95,-71.38
-100,90,15.44,-30.316,-76.63
-100,90,15.76,-24.488,-71.68
-100,90,16.08,-31.362,-78.82
-100,90,16.4,-33.94,-83.75
-100,90,16.72,-28.008,-77.49
-100,90,17.04,-20.266,-71.52
-100,90,17.36,-18.916,-71.56
-100,90,17.68,-43.932,-97.01
-100,90,18,-28.75,-81.56
-99,90,2,-9.4,-31.19
-99,90,2.32,-13.236,-38.89
-99,90,2.64,-19.588,-48.3
-99,90,2.96,-7.908,-36.22
-99,90,3.28,-23.172,-53.19
-99,90,3.6,-25.33,-52.78
-99,90,3.92,-25.632,-53.18
-99,90,4.24,-28.526,-57.55
-99,90,4.56,-25.266,-55.08
-99,90,4.88,-22.16,-52.29
-99,90,5.2,-22.79,-54.21
-99,90,5.52,-22.728,-53.01
-99,90,5.84,-36.832,-68.28
-99,90,6.16,-25.58,-57.62
-99,90,6.48,-28.276,-62.36
-99,90,6.8,-26.68,-60.18
-99,90,7.12,-25.896,-60.49
-99,90,7.44,-26.886,-61.22
-99,90,7.76,-24.048,-59.27
-99,90,8.08,-23.256,-58.06
-99,90,8.4,-25.18,-60.56
-99,90,8.72,-29.868,-67.17
-99,90,9.04,-28.974,-66.76
-99,90,9.36,-25.534,-63.6
-99,90,9.68,-33.15,-72.04
-99,90,10,-33.07,-72.14
-99,90,10.32,-30.502,-70.13
-99,90,10.64,-33.898,-73.91
-99,90,10.96,-53.016,-93
-99,90,11.28,-30.516,-70.96
-99,90,11.6,-31.24,-72.11
-99,90,11.92,-30.144,-71.27
-99,90,12.24,-35.824,-78.08
-99,90,12.56,-27.15,-71.22
-99,90,12.88,-32.066,-77.27
-99,90,13.2,-33.08,-79.86
-99,90,13.52,-35.142,-81.15
-99,90,13.84,-21.458,-68.94
-99,90,14.16,-24.316,-72.54
-99,90,14.48,-19.764,-71.59
-99,90,14.8,-36.66,-84.67
-99,90,15.12,-31.42,-77.85
-99,90,15.44,-25.326,-71.64
-99,90,15.76,-26.158,-73.35
-99,90,16.08,-31.662,-79.12
-99,90,16.4,-36.97,-86.78
-99,90,16.72,-35.318,-84.8
-99,90,17.04,-26.866,-78.12
-99,90,17.36,-25.716,-78.36
-99,90,17.68,-19.502,-72.58
-99,90,18,-20.34,-73.15
-98,90,2,-8.75,-30.54
-98,90,2.32,-13.126,-38.78
-98,90,2.64,-19.638,-48.35
-98,90,2.96,-7.648,-35.96
-98,90,3.28,-18.652,-48.67
-98,90,3.6,-26.85,-54.3
-98,90,3.92,-27.622,-55.17
-98,90,4.24,-26.006,-55.03
-98,90,4.56,-23.616,-53.43
-98,90,4.88,-25.45,-55.58
-98,90,5.2,-24.88,-56.3
-98,90,5.52,-24.368,-54.65
-98,90,5.84,-27.982,-59.43
-98,90,6.16,-24.17,-56.21
-98,90,6.48,-26.216,-60.3
-98,90,6.8,-26.86,-60.36
-98,90,7.12,-26.216,-60.81
-98,90,7.44,-26.576,-60.91
-98,90,7.76,-23.948,-59.17
-98,90,8.08,-26.186,-60.99
-98,90,8.4,-27.6,-62.98
-98,90,8.72,-30.138,-67.44
-98,90,9.04,-28.224,-66.01
-98,90,9.36,-27.734,-65.8
-98,90,9.68,-32.86,-71.75
-98,90,10,-31.7,-70.77
-98,90,10.32,-37.042,-76.67
-98,90,10.64,-37.068,-77.08
-98,90,10.96,-31.776,-71.76
-98,90,11.28,-34.936,-75.38
-98,90,11.6,-41.18,-82.05
-98,90,11.92,-30.584,-71.71
-98,90,12.24,-26.614,-68.87
-98,90,12.56,-32.8,-76.87
-98,90,12.88,-26.876,-72.08
-98,90,13.2,-24.45,-71.23
-98,90,13.52,-25.092,-71.1
-98,90,13.84,-24.378,-71.86
-98,90,14.16,-27.296,-75.52
-98,90,14.48,-52.644,-104.47
-98,90,14.8,-33.17,-81.18
-98,90,15.12,-34.12,-80.55
-98,90,15.44,-35.486,-81.8
-98,90,15.76,-30.418,-77.61
-98,90,16.08,-36.582,-84.04
-98,90,16.4,-25.46,-75.27
-98,90,16.72,-34.988,-84.47
-98,90,17.04,-28.696,-79.95
-98,90,17.36,-28.716,-81.36
-98,90,17.68,-19.062,-72.14
-98,90,18,-27.03,-79.84
-97,90,2,-8.08,-29.87
-97,90,2.32,-12.896,-38.55
-97,90,2.64,-19.178,-47.89
-97,90,2.96,-7.488,-35.8
-97,90,3.28,-16.382,-46.4
-97,90,3.6,-25.19,-52.64
-97,90,3.92,-25.722,-53.27
-97,90,4.24,-24.486,-53.51
-97,90,4.56,-22.926,-52.74
-97,90,4.88,-31.31,-61.44
-97,90,5.2,-25.68,-57.1
-97,90,5.52,-27.548,-57.83
-97,90,5.84,-26.432,-57.88
-97,90,6.16,-24.96,-57
-97,90,6.48,-29.176,-63.26
-97,90,6.8,-28.51,-62.01
-97,90,7.12,-26.926,-61.52
-97,90,7.44,-29.826,-64.16
-97,90,7.76,-25.078,-60.3
-97,90,8.08,-29.206,-64.01
-97,90,8.4,-39.7,-75.08
-97,90,8.72,-36.808,-74.11
-97,90,9.04,-34.094,-71.88
-97,90,9.36,-23.544,-61.61
-97,90,9.68,-29.8,-68.69
-97,90,10,-29.1,-68.17
-97,90,10.32,-40.152,-79.78
-97,90,10.64,-31.258,-71.27
-97,90,10.96,-40.216,-80.2
-97,90,11.28,-33.966,-74.41
-97,90,11.6,-29.93,-70.8
-97,90,11.92,-32.404,-73.53
-97,90,12.24,-29.014,-71.27
-97,90,12.56,-37.96,-82.03
-97,90,12.88,-46.736,-91.94
-97,90,13.2,-28.59,-75.37
-97,90,13.52,-24.432,-70.44
-97,90,13.84,-27.138,-74.62
-97,90,14.16,-27.986,-76.21
-97,90,14.48,-20.344,-72.17
-97,90,14.8,-31.23,-79.24
-97,90,15.12,-40.26,-86.69
-97,90,15.44,-28.496,-74.81
-97,90,15.76,-27.518,-74.71
-97,90,16.08,-34.172,-81.63
-97,90,16.4,-20.09,-69.9
-97,90,16.72,-31.578,-81.06
-97,90,17.04,-23.596,-74.85
-97,90,17.36,-34.506,-87.15
-97,90,17.68,-31.812,-84.89
-97,90,18,-18.41,-71.22
-96,90,2,-7.86,-29.65
-96,90,2.32,-12.626,-38.28
-96,90,2.64,-18.608,-47.32
-96,90,2.96,-7.488,-35.8
-96,90,3.28,-14.362,-44.38
-96,90,3.6,-21.86,-49.31
-96,90,3.92,-22.262,-49.81
-96,90,4.24,-24.786,-53.81
-96,90,4.56,-22.536,-52.35
-96,90,4.88,-30.69,-60.82
-96,90,5.2,-29.91,-61.33
-96,90,5.52,-29.678,-59.96
-96,90,5.84,-25.032,-56.48
-96,90,6.16,-27.49,-59.53
-96,90,6.48,-30.496,-64.58
-96,90,6.8,-38.71,-72.21
-96,90,7.12,-31.496,-66.09
-96,90,7.44,-32.486,-66.82
-96,90,7.76,-26.448,-61.67
-96,90,8.08,-29.506,-64.31
-96,90,8.4,-31.24,-66.62
-96,90,8.72,-36.618,-73.92
-96,90,9.04,-29.834,-67.62
-96,90,9.36,-26.594,-64.66
-96,90,9.68,-31.81,-70.7
-96,90,10,-29.76,-68.83
-96,90,10.32,-33.392,-73.02
-96,90,10.64,-36.398,-76.41
-96,90,10.96,-32.636,-72.62
-96,90,11.28,-27.816,-68.26
-96,90,11.6,-29.5,-70.37
-96,90,11.92,-29.604,-70.73
-96,90,12.24,-27.734,-69.99
-96,90,12.56,-28.48,-72.55
-96,90,12.88,-35.086,-80.29
-96,90,13.2,-29.69,-76.47
-96,90,13.52,-27.892,-73.9
-96,90,13.84,-26.628,-74.11
-96,90,14.16,-25.676,-73.9
-96,90,14.48,-23.204,-75.03
-96,90,14.8,-25.27,-73.28
-96,90,15.12,-27.54,-73.97
-96,90,15.44,-26.656,-72.97
-96,90,15.76,-24.858,-72.05
-96,90,16.08,-36.012,-83.47
-96,90,16.4,-36.57,-86.38
-96,90,16.72,-30.968,-80.45
-96,90,17.04,-24.626,-75.88
-96,90,17.36,-25.916,-78.56
-96,90,17.68,-18.562,-71.64
-96,90,18,-31.05,-83.86
-95,90,2,-7.47,-29.26
-95,90,2.32,-12.156,-37.81
-95,90,2.64,-17.198,-45.91
-95,90,2.96,-7.268,-35.58
-95,90,3.28,-12.832,-42.85
-95,90,3.6,-19.37,-46.82
-95,90,3.92,-19.892,-47.44
-95,90,4.24,-23.756,-52.78
-95,90,4.56,-22.766,-52.58
-95,90,4.88,-25.31,-55.44
-95,90,5.2,-35.34,-66.76
-95,90,5.52,-30.708,-60.99
-95,90,5.84,-25.902,-57.35
-95,90,6.16,-27.76,-59.8
-95,90,6.48,-35.546,-69.63
-95,90,6.8,-41.01,-74.51
-95,90,7.12,-37.546,-72.14
-95,90,7.44,-35.136,-69.47
-95,90,7.76,-28.068,-63.29
-95,90,8.08,-28.016,-62.82
-95,90,8.4,-35.77,-71.15
-95,90,8.72,-26.828,-64.13
-95,90,9.04,-31.874,-69.66
-95,90,9.36,-22.954,-61.02
-95,90,9.68,-34.37,-73.26
-95,90,10,-33.76,-72.83
-95,90,10.32,-31.802,-71.43
-95,90,10.64,-45.228,-85.24
-95,90,10.96,-34.126,-74.11
-95,90,11.28,-30.346,-70.79
-95,90,11.6,-29.17,-70.04
-95,90,11.92,-32.894,-74.02
-95,90,12.24,-33.884,-76.14
-95,90,12.56,-30.69,-74.76
-95,90,12.88,-26.896,-72.1
-95,90,13.2,-26.51,-73.29
-95,90,13.52,-62.262,-108.27
-95,90,13.84,-38.828,-86.31
-95,90,14.16,-21.706,-69.93
-95,90,14.48,-26.114,-77.94
-95,90,14.8,-26.37,-74.38
-95,90,15.12,-37.47,-83.9
-95,90,15.44,-27.716,-74.03
-95,90,15.76,-25.698,-72.89
-95,90,16.08,-26.882,-74.34
-95,90,16.4,-37.79,-87.6
-95,90,16.72,-23.098,-72.58
-95,90,17.04,-24.126,-75.38
-95,90,17.36,-18.796,-71.44
-95,90,17.68,-26.902,-79.98
-95,90,18,-27.91,-80.72
-94,90,2,-7.3,-29.09
-94,90,2.32,-11.656,-37.31
-94,90,2.64,-16.298,-45.01
-94,90,2.96,-7.198,-35.51
-94,90,3.28,-11.702,-41.72
-94,90,3.6,-17.57,-45.02
-94,90,3.92,-18.272,-45.82
-94,90,4.24,-23.316,-52.34
-94,90,4.56,-22.236,-52.05
-94,90,4.88,-22.88,-53.01
-94,90,5.2,-36.81,-68.23
-94,90,5.52,-30.508,-60.79
-94,90,5.84,-26.752,-58.2
-94,90,6.16,-31.35,-63.39
-94,90,6.48,-29.246,-63.33
-94,90,6.8,-29.33,-62.83
-94,90,7.12,-33.386,-67.98
-94,90,7.44,-33.446,-67.78
-94,90,7.76,-33.298,-68.52
-94,90,8.08,-23.616,-58.42
-94,90,8.4,-29.45,-64.83
-94,90,8.72,-25.408,-62.71
-94,90,9.04,-28.354,-66.14
-94,90,9.36,-24.654,-62.72
-94,90,9.68,-31.84,-70.73
-94,90,10,-37.68,-76.75
-94,90,10.32,-30.342,-69.97
-94,90,10.64,-29.938,-69.95
-94,90,10.96,-27.296,-67.28
-94,90,11.28,-32.226,-72.67
-94,90,11.6,-35.28,-76.15
-94,90,11.92,-42.714,-83.84
-94,90,12.24,-38.124,-80.38
-94,90,12.56,-38.2,-82.27
-94,90,12.88,-25.786,-70.99
-94,90,13.2,-22.41,-69.19
-94,90,13.52,-30.312,-76.32
-94,90,13.84,-31.688,-79.17
-94,90,14.16,-27.656,-75.88
-94,90,14.48,-26.734,-78.56
-94,90,14.8,-40.79,-88.8
-94,90,15.12,-31.5,-77.93
-94,90,15.44,-31.426,-77.74
-94,90,15.76,-28.228,-75.42
-94,90,16.08,-28.512,-75.97
-94,90,16.4,-45.69,-95.5
-94,90,16.72,-24.518,-74
-94,90,17.04,-26.966,-78.22
-94,90,17.36,-36.276,-88.92
-94,90,17.68,-22.672,-75.75
-94,90,18,-25.67,-78.48
-93,90,2,-7.17,-28.96
-93,90,2.32,-11.116,-36.77
-93,90,2.64,-15.168,-43.88
-93,90,2.96,-6.878,-35.19
-93,90,3.28,-11.112,-41.13
-93,90,3.6,-16.22,-43.67
-93,90,3.92,-17.242,-44.79
-93,90,4.24,-22.866,-51.89
-93,90,4.56,-20.996,-50.81
-93,90,4.88,-21.48,-51.61
-93,90,5.2,-27.56,-58.98
-93,90,5.52,-29.078,-59.36
-93,90,5.84,-31.872,-63.32
-93,90,6.16,-31.87,-63.91
-93,90,6.48,-28.096,-62.18
-93,90,6.8,-25.23,-58.73
-93,90,7.12,-29.756,-64.35
-93,90,7.44,-37.016,-71.35
-93,90,7.76,-32.608,-67.83
-93,90,8.08,-22.806,-57.61
-93,90,8.4,-30.34,-65.72
-93,90,8.72,-28.468,-65.77
-93,90,9.04,-25.154,-62.94
-93,90,9.36,-24.994,-63.06
-93,90,9.68,-34.68,-73.57
-93,90,10,-35.68,-74.75
-93,90,10.32,-32.582,-72.21
-93,90,10.64,-31.158,-71.17
-93,90,10.96,-34.066,-74.05
-93,90,11.28,-39.306,-79.75
-93,90,11.6,-31.35,-72.22
-93,90,11.92,-40.164,-81.29
-93,90,12.24,-35.814,-78.07
-93,90,12.56,-26.85,-70.92
-93,90,12.88,-30.156,-75.36
-93,90,13.2,-29.44,-76.22
-93,90,13.52,-26.032,-72.04
-93,90,13.84,-31.238,-78.72
-93,90,14.16,-27.686,-75.91
-93,90,14.48,-19.674,-71.5
-93,90,14.8,-30.1,-78.11
-93,90,15.12,-27.08,-73.51
-93,90,15.44,-29.176,-75.49
-93,90,15.76,-42.668,-89.86
-93,90,16.08,-31.642,-79.1
-93,90,16.4,-28.63,-78.44
-93,90,16.72,-24.578,-74.06
-93,90,17.04,-24.796,-76.05
-93,90,17.36,-23.936,-76.58
-93,90,17.68,-20.592,-73.67
-93,90,18,-21.9,-74.71
-92,90,2,-7.2,-28.99
-92,90,2.32,-10.516,-36.17
-92,90,2.64,-14.308,-43.02
-92,90,2.96,-6.478,-34.79
-92,90,3.28,-10.632,-40.65
-92,90,3.6,-15.11,-42.56
-92,90,3.92,-16.402,-43.95
-92,90,4.24,-21.556,-50.58
-92,90,4.56,-19.006,-48.82
-92,90,4.88,-21.55,-51.68
-92,90,5.2,-23.93,-55.35
-92,90,5.52,-29.598,-59.88
-92,90,5.84,-32.522,-63.97
-92,90,6.16,-31.48,-63.52
-92,90,6.48,-26.956,-61.04
-92,90,6.8,-24.66,-58.16
-92,90,7.12,-28.226,-62.82
-92,90,7.44,-26.766,-61.1
-92,90,7.76,-33.508,-68.73
-92,90,8.08,-23.186,-57.99
-92,90,8.4,-30.12,-65.5
-92,90,8.72,-27.568,-64.87
-92,90,9.04,-23.434,-61.22
-92,90,9.36,-29.294,-67.36
-92,90,9.68,-34.34,-73.23
-92,90,10,-35.8,-74.87
-92,90,10.32,-33.142,-72.77
-92,90,10.64,-24.778,-64.79
-92,90,10.96,-26.776,-66.76
-92,90,11.28,-48.906,-89.35
-92,90,11.6,-34.24,-75.11
-92,90,11.92,-40.964,-82.09
-92,90,12.24,-31.654,-73.91
-92,90,12.56,-25.31,-69.38
-92,90,12.88,-26.866,-72.07
-92,90,13.2,-43.66,-90.44
-92,90,13.52,-25.832,-71.84
-92,90,13.84,-32.978,-80.46
-92,90,14.16,-29.826,-78.05
-92,90,14.48,-26.294,-78.12
-92,90,14.8,-22.05,-70.06
-92,90,15.12,-35.87,-82.3
-92,90,15.44,-27.526,-73.84
-92,90,15.76,-28.768,-75.96
-92,90,16.08,-30.702,-78.16
-92,90,16.4,-32.57,-82.38
-92,90,16.72,-24.468,-73.95
-92,90,17.04,-21.656,-72.91
-92,90,17.36,-20.026,-72.67
-92,90,17.68,-21.832,-74.91
-92,90,18,-18.63,-71.44
-91,90,2,-7.23,-29.02
-91,90,2.32,-10.066,-35.72
-91,90,2.64,-13.858,-42.57
-91,90,2.96,-5.95800000000001,-34.27
-91,90,3.28,-10.372,-40.39
-91,90,3.6,-14.77,-42.22
-91,90,3.92,-16.502,-44.05
-91,90,4.24,-21.396,-50.42
-91,90,4.56,-17.296,-47.11
-91,90,4.88,-21.31,-51.44
-91,90,5.2,-22.68,-54.1
-91,90,5.52,-28.458,-58.74
-91,90,5.84,-32.902,-64.35
-91,90,6.16,-28.32,-60.36
-91,90,6.48,-26.416,-60.5
-91,90,6.8,-24.27,-57.77
-91,90,7.12,-27.486,-62.08
-91,90,7.44,-23.856,-58.19
-91,90,7.76,-34.918,-70.14
-91,90,8.08,-26.306,-61.11
-91,90,8.4,-35.27,-70.65
-91,90,8.72,-25.548,-62.85
-91,90,9.04,-25.594,-63.38
-91,90,9.36,-32.954,-71.02
-91,90,9.68,-34.9,-73.79
-91,90,10,-26.72,-65.79
-91,90,10.32,-34.702,-74.33
-91,90,10.64,-27.608,-67.62
-91,90,10.96,-26.436,-66.42
-91,90,11.28,-34.616,-75.06
-91,90,11.6,-32.98,-73.85
-91,90,11.92,-38.744,-79.87
-91,90,12.24,-27.034,-69.29
-91,90,12.56,-31.6,-75.67
-91,90,12.88,-34.696,-79.9
-91,90,13.2,-39.35,-86.13
-91,90,13.52,-37.352,-83.36
-91,90,13.84,-37.148,-84.63
-91,90,14.16,-27.766,-75.99
-91,90,14.48,-23.654,-75.48
-91,90,14.8,-21.7,-69.71
-91,90,15.12,-38.26,-84.69
-91,90,15.44,-29.876,-76.19
-91,90,15.76,-24.118,-71.31
-91,90,16.08,-32.182,-79.64
-91,90,16.4,-43.39,-93.2
-91,90,16.72,-31.538,-81.02
-91,90,17.04,-24.496,-75.75
-91,90,17.36,-22.236,-74.88
-91,90,17.68,-24.232,-77.31
-91,90,18,-25.15,-77.96
-90,90,2,-7.33,-29.12
-90,90,2.32,-9.526,-35.18
-90,90,2.64,-12.988,-41.7
-90,90,2.96,-5.568,-33.88
-90,90,3.28,-10.562,-40.58
-90,90,3.6,-14.33,-41.78
-90,90,3.92,-16.972,-44.52
-90,90,4.24,-20.606,-49.63
-90,90,4.56,-15.816,-45.63
-90,90,4.88,-22.21,-52.34
-90,90,5.2,-21.7,-53.12
-90,90,5.52,-30.968,-61.25
-90,90,5.84,-28.682,-60.13
-90,90,6.16,-26.38,-58.42
-90,90,6.48,-25.946,-60.03
-90,90,6.8,-26.22,-59.72
-90,90,7.12,-27.706,-62.3
-90,90,7.44,-21.936,-56.27
-90,90,7.76,-30.648,-65.87
-90,90,8.08,-27.206,-62.01
-90,90,8.4,-31.73,-67.11
-90,90,8.72,-25.218,-62.52
-90,90,9.04,-27.624,-65.41
-90,90,9.36,-33.404,-71.47
-90,90,9.68,-29.62,-68.51
-90,90,10,-34.73,-73.8
-90,90,10.32,-35.352,-74.98
-90,90,10.64,-29.248,-69.26
-90,90,10.96,-31.076,-71.06
-90,90,11.28,-35.936,-76.38
-90,90,11.6,-36.91,-77.78
-90,90,11.92,-23.334,-64.46
-90,90,12.24,-27.634,-69.89
-90,90,12.56,-32.26,-76.33
-90,90,12.88,-38.986,-84.19
-90,90,13.2,-22.9,-69.68
-90,90,13.52,-33.492,-79.5
-90,90,13.84,-34.938,-82.42
-90,90,14.16,-23.456,-71.68
-90,90,14.48,-29.894,-81.72
-90,90,14.8,-23.95,-71.96
-90,90,15.12,-25.27,-71.7
-90,90,15.44,-32.756,-79.07
-90,90,15.76,-30.388,-77.58
-90,90,16.08,-25.202,-72.66
-90,90,16.4,-35.39,-85.2
-90,90,16.72,-32.908,-82.39
-90,90,17.04,-32.606,-83.86
-90,90,17.36,-19.796,-72.44
-90,90,17.68,-38.612,-91.69
-90,90,18,-20.67,-73.48
-89,90,2,-7.48,-29.27
-89,90,2.32,-9.166,-34.82
-89,90,2.64,-12.708,-41.42
-89,90,2.96,-5.038,-33.35
-89,90,3.28,-11.182,-41.2
-89,90,3.6,-14.25,-41.7
-89,90,3.92,-17.892,-45.44
-89,90,4.24,-19.996,-49.02
-89,90,4.56,-14.946,-44.76
-89,90,4.88,-23.31,-53.44
-89,90,5.2,-23.77,-55.19
-89,90,5.52,-33.008,-63.29
-89,90,5.84,-28.722,-60.17
-89,90,6.16,-24.36,-56.4
-89,90,6.48,-27.906,-61.99
-89,90,6.8,-29.77,-63.27
-89,90,7.12,-30.646,-65.24
-89,90,7.44,-21.136,-55.47
-89,90,7.76,-33.718,-68.94
-89,90,8.08,-33.266,-68.07
-89,90,8.4,-36.76,-72.14
-89,90,8.72,-23.838,-61.14
-89,90,9.04,-22.774,-60.56
-89,90,9.36,-28.274,-66.34
-89,90,9.68,-29.16,-68.05
-89,90,10,-35.08,-74.15
-89,90,10.32,-30.372,-70
-89,90,10.64,-27.078,-67.09
-89,90,10.96,-28.406,-68.39
-89,90,11.28,-33.726,-74.17
-89,90,11.6,-28.46,-69.33
-89,90,11.92,-29.434,-70.56
-89,90,12.24,-28.954,-71.21
-89,90,12.56,-29.57,-73.64
-89,90,12.88,-30.916,-76.12
-89,90,13.2,-29.02,-75.8
-89,90,13.52,-29.412,-75.42
-89,90,13.84,-23.908,-71.39
-89,90,14.16,-24.066,-72.29
-89,90,14.48,-22.044,-73.87
-89,90,14.8,-32.8,-80.81
-89,90,15.12,-33.26,-79.69
-89,90,15.44,-23.556,-69.87
-89,90,15.76,-25.018,-72.21
-89,90,16.08,-29.452,-76.91
-89,90,16.4,-29.41,-79.22
-89,90,16.72,-26.998,-76.48
-89,90,17.04,-35.396,-86.65
-89,90,17.36,-26.786,-79.43
-89,90,17.68,-24.622,-77.7
-89,90,18,-35.08,-87.89
-88,90,2,-7.6,-29.39
-88,90,2.32,-8.896,-34.55
-88,90,2.64,-12.118,-40.83
-88,90,2.96,-4.618,-32.93
-88,90,3.28,-11.792,-41.81
-88,90,3.6,-14.1,-41.55
-88,90,3.92,-18.812,-46.36
-88,90,4.24,-19.356,-48.38
-88,90,4.56,-14.356,-44.17
-88,90,4.88,-24.11,-54.24
-88,90,5.2,-25.51,-56.93
-88,90,5.52,-33.998,-64.28
-88,90,5.84,-30.792,-62.24
-88,90,6.16,-23.35,-55.39
-88,90,6.48,-30.626,-64.71
-88,90,6.8,-30.93,-64.43
-88,90,7.12,-28.836,-63.43
-88,90,7.44,-19.306,-53.64
-88,90,7.76,-28.388,-63.61
-88,90,8.08,-28.026,-62.83
-88,90,8.4,-37.5,-72.88
-88,90,8.72,-22.228,-59.53
-88,90,9.04,-19.904,-57.69
-88,90,9.36,-28.324,-66.39
-88,90,9.68,-31.23,-70.12
-88,90,10,-30.63,-69.7
-88,90,10.32,-26.652,-66.28
-88,90,10.64,-24.348,-64.36
-88,90,10.96,-26.126,-66.11
-88,90,11.28,-32.546,-72.99
-88,90,11.6,-30.07,-70.94
-88,90,11.92,-28.294,-69.42
-88,90,12.24,-32.824,-75.08
-88,90,12.56,-28.11,-72.18
-88,90,12.88,-33.206,-78.41
-88,90,13.2,-24.35,-71.13
-88,90,13.52,-24.122,-70.13
-88,90,13.84,-29.638,-77.12
-88,90,14.16,-28.606,-76.83
-88,90,14.48,-20.264,-72.09
-88,90,14.8,-29.59,-77.6
-88,90,15.12,-41.74,-88.17
-88,90,15.44,-27.526,-73.84
-88,90,15.76,-22.028,-69.22
-88,90,16.08,-26.862,-74.32
-88,90,16.4,-25.68,-75.49
-88,90,16.72,-27.678,-77.16
-88,90,17.04,-23.056,-74.31
-88,90,17.36,-19.726,-72.37
-88,90,17.68,-20.382,-73.46
-88,90,18,-48.94,-101.75
-87,90,2,-7.77,-29.56
-87,90,2.32,-8.706,-34.36
-87,90,2.64,-11.778,-40.49
-87,90,2.96,-4.288,-32.6
-87,90,3.28,-12.792,-42.81
-87,90,3.6,-14.26,-41.71
-87,90,3.92,-20.552,-48.1
-87,90,4.24,-18.706,-47.73
-87,90,4.56,-13.926,-43.74
-87,90,4.88,-23.47,-53.6
-87,90,5.2,-29.44,-60.86
-87,90,5.52,-33.128,-63.41
-87,90,5.84,-29.712,-61.16
-87,90,6.16,-23.36,-55.4
-87,90,6.48,-32.246,-66.33
-87,90,6.8,-35.31,-68.81
-87,90,7.12,-28.586,-63.18
-87,90,7.44,-21.996,-56.33
-87,90,7.76,-31.538,-66.76
-87,90,8.08,-22.846,-57.65
-87,90,8.4,-36.13,-71.51
-87,90,8.72,-22.128,-59.43
-87,90,9.04,-18.944,-56.73
-87,90,9.36,-26.044,-64.11
-87,90,9.68,-41.63,-80.52
-87,90,10,-25.94,-65.01
-87,90,10.32,-24.322,-63.95
-87,90,10.64,-29.208,-69.22
-87,90,10.96,-25.446,-65.43
-87,90,11.28,-29.646,-70.09
-87,90,11.6,-25.24,-66.11
-87,90,11.92,-29.374,-70.5
-87,90,12.24,-28.784,-71.04
-87,90,12.56,-28.82,-72.89
-87,90,12.88,-31.126,-76.33
-87,90,13.2,-31.37,-78.15
-87,90,13.52,-29.152,-75.16
-87,90,13.84,-26.598,-74.08
-87,90,14.16,-24.166,-72.39
-87,90,14.48,-21.854,-73.68
-87,90,14.8,-26.61,-74.62
-87,90,15.12,-30.25,-76.68
-87,90,15.44,-26.566,-72.88
-87,90,15.76,-17.728,-64.92
-87,90,16.08,-28.392,-75.85
-87,90,16.4,-28.78,-78.59
-87,90,16.72,-29.538,-79.02
-87,90,17.04,-24.396,-75.65
-87,90,17.36,-26.986,-79.63
-87,90,17.68,-33.572,-86.65
-87,90,18,-33.02,-85.83
-86,90,2,-7.89,-29.68
-86,90,2.32,-8.666,-34.32
-86,90,2.64,-11.418,-40.13
-86,90,2.96,-4.068,-32.38
-86,90,3.28,-13.352,-43.37
-86,90,3.6,-14.03,-41.48
-86,90,3.92,-21.582,-49.13
-86,90,4.24,-18.596,-47.62
-86,90,4.56,-14.446,-44.26
-86,90,4.88,-24.55,-54.68
-86,90,5.2,-29.14,-60.56
-86,90,5.52,-35.548,-65.83
-86,90,5.84,-29.462,-60.91
-86,90,6.16,-23.58,-55.62
-86,90,6.48,-37.586,-71.67
-86,90,6.8,-24.86,-58.36
-86,90,7.12,-23.946,-58.54
-86,90,7.44,-25.746,-60.08
-86,90,7.76,-30.078,-65.3
-86,90,8.08,-21.986,-56.79
-86,90,8.4,-35.96,-71.34
-86,90,8.72,-22.148,-59.45
-86,90,9.04,-17.704,-55.49
-86,90,9.36,-26.064,-64.13
-86,90,9.68,-44.89,-83.78
-86,90,10,-30.06,-69.13
-86,90,10.32,-28.352,-67.98
-86,90,10.64,-29.898,-69.91
-86,90,10.96,-25.816,-65.8
-86,90,11.28,-31.836,-72.28
-86,90,11.6,-24.75,-65.62
-86,90,11.92,-26.334,-67.46
-86,90,12.24,-26.474,-68.73
-86,90,12.56,-34.95,-79.02
-86,90,12.88,-33.936,-79.14
-86,90,13.2,-23.41,-70.19
-86,90,13.52,-40.782,-86.79
-86,90,13.84,-23.048,-70.53
-86,90,14.16,-23.736,-71.96
-86,90,14.48,-26.764,-78.59
-86,90,14.8,-30.66,-78.67
-86,90,15.12,-28.25,-74.68
-86,90,15.44,-32.406,-78.72
-86,90,15.76,-33.908,-81.1
-86,90,16.08,-26.812,-74.27
-86,90,16.4,-30,-79.81
-86,90,16.72,-27.858,-77.34
-86,90,17.04,-23.736,-74.99
-86,90,17.36,-28.336,-80.98
-86,90,17.68,-31.822,-84.9
-86,90,18,-19.87,-72.68
-85,90,2,-7.86,-29.65
-85,90,2.32,-8.526,-34.18
-85,90,2.64,-11.078,-39.79
-85,90,2.96,-3.868,-32.18
-85,90,3.28,-13.882,-43.9
-85,90,3.6,-14.06,-41.51
-85,90,3.92,-20.702,-48.25
-85,90,4.24,-18.356,-47.38
-85,90,4.56,-15.336,-45.15
-85,90,4.88,-26.73,-56.86
-85,90,5.2,-23.26,-54.68
-85,90,5.52,-41.568,-71.85
-85,90,5.84,-26.642,-58.09
-85,90,6.16,-26.41,-58.45
-85,90,6.48,-32.346,-66.43
-85,90,6.8,-22.72,-56.22
-85,90,7.12,-21.986,-56.58
-85,90,7.44,-36.036,-70.37
-85,90,7.76,-25.788,-61.01
-85,90,8.08,-21.276,-56.08
-85,90,8.4,-36.23,-71.61
-85,90,8.72,-22.168,-59.47
-85,90,9.04,-21.814,-59.6
-85,90,9.36,-27.624,-65.69
-85,90,9.68,-29.64,-68.53
-85,90,10,-28.9,-67.97
-85,90,10.32,-35.202,-74.83
-85,90,10.64,-21.278,-61.29
-85,90,10.96,-26.946,-66.93
-85,90,11.28,-31.536,-71.98
-85,90,11.6,-23.88,-64.75
-85,90,11.92,-24.714,-65.84
-85,90,12.24,-29.894,-72.15
-85,90,12.56,-33.33,-77.4
-85,90,12.88,-30.686,-75.89
-85,90,13.2,-23.96,-70.74
-85,90,13.52,-25.172,-71.18
-85,90,13.84,-43.058,-90.54
-85,90,14.16,-18.826,-67.05
-85,90,14.48,-32.994,-84.82
-85,90,14.8,-28.75,-76.76
-85,90,15.12,-23.18,-69.61
-85,90,15.44,-23.326,-69.64
-85,90,15.76,-25.788,-72.98
-85,90,16.08,-28.712,-76.17
-85,90,16.4,-30.97,-80.78
-85,90,16.72,-23.648,-73.13
-85,90,17.04,-22.636,-73.89
-85,90,17.36,-27.676,-80.32
-85,90,17.68,-30.392,-83.47
-85,90,18,-28.97,-81.78
-84,90,2,-7.9,-29.69
-84,90,2.32,-8.526,-34.18
-84,90,2.64,-10.778,-39.49
-84,90,2.96,-3.858,-32.17
-84,90,3.28,-13.742,-43.76
-84,90,3.6,-13.95,-41.4
-84,90,3.92,-18.932,-46.48
-84,90,4.24,-18.346,-47.37
-84,90,4.56,-16.676,-46.49
-84,90,4.88,-26.65,-56.78
-84,90,5.2,-20.11,-51.53
-84,90,5.52,-35.808,-66.09
-84,90,5.84,-25.432,-56.88
-84,90,6.16,-25.86,-57.9
-84,90,6.48,-26.836,-60.92
-84,90,6.8,-20.42,-53.92
-84,90,7.12,-20.746,-55.34
-84,90,7.44,-26.686,-61.02
-84,90,7.76,-25.258,-60.48
-84,90,8.08,-22.906,-57.71
-84,90,8.4,-27.02,-62.4
-84,90,8.72,-23.108,-60.41
-84,90,9.04,-24.704,-62.49
-84,90,9.36,-32.024,-70.09
-84,90,9.68,-28.45,-67.34
-84,90,10,-38.5,-77.57
-84,90,10.32,-28.132,-67.76
-84,90,10.64,-24.038,-64.05
-84,90,10.96,-23.956,-63.94
-84,90,11.28,-31.746,-72.19
-84,90,11.6,-24.01,-64.88
-84,90,11.92,-26.484,-67.61
-84,90,12.24,-29.784,-72.04
-84,90,12.56,-25.27,-69.34
-84,90,12.88,-29.606,-74.81
-84,90,13.2,-28.83,-75.61
-84,90,13.52,-25.752,-71.76
-84,90,13.84,-31.878,-79.36
-84,90,14.16,-31.496,-79.72
-84,90,14.48,-20.194,-72.02
-84,90,14.8,-22.41,-70.42
-84,90,15.12,-27.92,-74.35
-84,90,15.44,-29.486,-75.8
-84,90,15.76,-23.508,-70.7
-84,90,16.08,-33.552,-81.01
-84,90,16.4,-27.72,-77.53
-84,90,16.72,-26.478,-75.96
-84,90,17.04,-25.796,-77.05
-84,90,17.36,-24.026,-76.67
-84,90,17.68,-20.892,-73.97
-84,90,18,-21.55,-74.36
-83,90,2,-7.78,-29.57
-83,90,2.32,-8.646,-34.3
-83,90,2.64,-10.478,-39.19
-83,90,2.96,-3.88800000000001,-32.2
-83,90,3.28,-13.102,-43.12
-83,90,3.6,-14.01,-41.46
-83,90,3.92,-17.752,-45.3
-83,90,4.24,-18.836,-47.86
-83,90,4.56,-18.016,-47.83
-83,90,4.88,-27.91,-58.04
-83,90,5.2,-17.52,-48.94
-83,90,5.52,-28.148,-58.43
-83,90,5.84,-25.662,-57.11
-83,90,6.16,-24.09,-56.13
-83,90,6.48,-24.666,-58.75
-83,90,6.8,-21.05,-54.55
-83,90,7.12,-20.526,-55.12
-83,90,7.44,-21.706,-56.04
-83,90,7.76,-23.898,-59.12
-83,90,8.08,-27.466,-62.27
-83,90,8.4,-24.72,-60.1
-83,90,8.72,-21.388,-58.69
-83,90,9.04,-23.084,-60.87
-83,90,9.36,-26.204,-64.27
-83,90,9.68,-26.56,-65.45
-83,90,10,-25.98,-65.05
-83,90,10.32,-22.872,-62.5
-83,90,10.64,-23.788,-63.8
-83,90,10.96,-26.396,-66.38
-83,90,11.28,-32.396,-72.84
-83,90,11.6,-27.59,-68.46
-83,90,11.92,-31.174,-72.3
-83,90,12.24,-37.264,-79.52
-83,90,12.56,-38.59,-82.66
-83,90,12.88,-35.546,-80.75
-83,90,13.2,-31.25,-78.03
-83,90,13.52,-24.612,-70.62
-83,90,13.84,-27.338,-74.82
-83,90,14.16,-34.766,-82.99
-83,90,14.48,-17.914,-69.74
-83,90,14.8,-34.38,-82.39
-83,90,15.12,-27.13,-73.56
-83,90,15.44,-27.386,-73.7
-83,90,15.76,-27.298,-74.49
-83,90,16.08,-25.462,-72.92
-83,90,16.4,-34.62,-84.43
-83,90,16.72,-35.688,-85.17
-83,90,17.04,-33.396,-84.65
-83,90,17.36,-27.096,-79.74
-83,90,17.68,-33.102,-86.18
-83,90,18,-25.56,-78.37
-82,90,2,-7.59,-29.38
-82,90,2.32,-8.776,-34.43
-82,90,2.64,-10.268,-38.98
-82,90,2.96,-3.938,-32.25
-82,90,3.28,-11.892,-41.91
-82,90,3.6,-14.06,-41.51
-82,90,3.92,-16.502,-44.05
-82,90,4.24,-19.466,-48.49
-82,90,4.56,-19.766,-49.58
-82,90,4.88,-28.61,-58.74
-82,90,5.2,-17.73,-49.15
-82,90,5.52,-23.838,-54.12
-82,90,5.84,-26.792,-58.24
-82,90,6.16,-22.63,-54.67
-82,90,6.48,-22.886,-56.97
-82,90,6.8,-21.66,-55.16
-82,90,7.12,-20.556,-55.15
-82,90,7.44,-18.126,-52.46
-82,90,7.76,-23.638,-58.86
-82,90,8.08,-29.836,-64.64
-82,90,8.4,-24.54,-59.92
-82,90,8.72,-19.968,-57.27
-82,90,9.04,-23.144,-60.93
-82,90,9.36,-24.764,-62.83
-82,90,9.68,-27.04,-65.93
-82,90,10,-19.96,-59.03
-82,90,10.32,-22.962,-62.59
-82,90,10.64,-33.398,-73.41
-82,90,10.96,-26.236,-66.22
-82,90,11.28,-27.576,-68.02
-82,90,11.6,-26.17,-67.04
-82,90,11.92,-33.524,-74.65
-82,90,12.24,-32.564,-74.82
-82,90,12.56,-27.27,-71.34
-82,90,12.88,-26.096,-71.3
-82,90,13.2,-24.24,-71.02
-82,90,13.52,-29.422,-75.43
-82,90,13.84,-24.888,-72.37
-82,90,14.16,-19.976,-68.2
-82,90,14.48,-24.304,-76.13
-82,90,14.8,-30.84,-78.85
-82,90,15.12,-21.36,-67.79
-82,90,15.44,-27.266,-73.58
-82,90,15.76,-25.018,-72.21
-82,90,16.08,-26.992,-74.45
-82,90,16.4,-22.69,-72.5
-82,90,16.72,-34.188,-83.67
-82,90,17.04,-28.366,-79.62
-82,90,17.36,-22.006,-74.65
-82,90,17.68,-29.812,-82.89
-82,90,18,-21.83,-74.64
-81,90,2,-7.33,-29.12
-81,90,2.32,-8.706,-34.36
-81,90,2.64,-9.738,-38.45
-81,90,2.96,-4.008,-32.32
-81,90,3.28,-11.072,-41.09
-81,90,3.6,-14.36,-41.81
-81,90,3.92,-15.622,-43.17
-81,90,4.24,-20.046,-49.07
-81,90,4.56,-19.686,-49.5
-81,90,4.88,-28.28,-58.41
-81,90,5.2,-18.61,-50.03
-81,90,5.52,-21.348,-51.63
-81,90,5.84,-32.042,-63.49
-81,90,6.16,-21.5,-53.54
-81,90,6.48,-21.496,-55.58
-81,90,6.8,-23.79,-57.29
-81,90,7.12,-21.296,-55.89
-81,90,7.44,-16.556,-50.89
-81,90,7.76,-22.968,-58.19
-81,90,8.08,-26.936,-61.74
-81,90,8.4,-29.71,-65.09
-81,90,8.72,-20.248,-57.55
-81,90,9.04,-20.164,-57.95
-81,90,9.36,-22.674,-60.74
-81,90,9.68,-34.51,-73.4
-81,90,10,-20.99,-60.06
-81,90,10.32,-25.022,-64.65
-81,90,10.64,-26.378,-66.39
-81,90,10.96,-29.016,-69
-81,90,11.28,-57.766,-98.21
-81,90,11.6,-24.93,-65.8
-81,90,11.92,-27.644,-68.77
-81,90,12.24,-38.774,-81.03
-81,90,12.56,-30.21,-74.28
-81,90,12.88,-30.426,-75.63
-81,90,13.2,-20.67,-67.45
-81,90,13.52,-46.592,-92.6
-81,90,13.84,-21.478,-68.96
-81,90,14.16,-23.986,-72.21
-81,90,14.48,-22.504,-74.33
-81,90,14.8,-22.61,-70.62
-81,90,15.12,-21.34,-67.77
-81,90,15.44,-22.956,-69.27
-81,90,15.76,-24.448,-71.64
-81,90,16.08,-31.662,-79.12
-81,90,16.4,-27.76,-77.57
-81,90,16.72,-33.348,-82.83
-81,90,17.04,-25.466,-76.72
-81,90,17.36,-28.286,-80.93
-81,90,17.68,-27.532,-80.61
-81,90,18,-27.39,-80.2
-80,90,2,-6.99,-28.78
-80,90,2.32,-8.676,-34.33
-80,90,2.64,-9.478,-38.19
-80,90,2.96,-4.158,-32.47
-80,90,3.28,-10.302,-40.32
-80,90,3.6,-14.87,-42.32
-80,90,3.92,-15.362,-42.91
-80,90,4.24,-20.736,-49.76
-80,90,4.56,-17.326,-47.14
-80,90,4.88,-26.23,-56.36
-80,90,5.2,-20.77,-52.19
-80,90,5.52,-19.928,-50.21
-80,90,5.84,-42.452,-73.9
-80,90,6.16,-19.64,-51.68
-80,90,6.48,-20.426,-54.51
-80,90,6.8,-30.43,-63.93
-80,90,7.12,-23.046,-57.64
-80,90,7.44,-17.186,-51.52
-80,90,7.76,-23.498,-58.72
-80,90,8.08,-22.906,-57.71
-80,90,8.4,-30.11,-65.49
-80,90,8.72,-24.558,-61.86
-80,90,9.04,-21.464,-59.25
-80,90,9.36,-25.814,-63.88
-80,90,9.68,-39.88,-78.77
-80,90,10,-22.66,-61.73
-80,90,10.32,-35.252,-74.88
-80,90,10.64,-25.198,-65.21
-80,90,10.96,-25.166,-65.15
-80,90,11.28,-33.086,-73.53
-80,90,11.6,-23.71,-64.58
-80,90,11.92,-29.294,-70.42
-80,90,12.24,-30.834,-73.09
-80,90,12.56,-33.89,-77.96
-80,90,12.88,-42.396,-87.6
-80,90,13.2,-17.98,-64.76
-80,90,13.52,-25.892,-71.9
-80,90,13.84,-38.428,-85.91
-80,90,14.16,-17.436,-65.66
-80,90,14.48,-19.984,-71.81
-80,90,14.8,-28.06,-76.07
-80,90,15.12,-27.95,-74.38
-80,90,15.44,-29.706,-76.02
-80,90,15.76,-20.978,-68.17
-80,90,16.08,-25.882,-73.34
-80,90,16.4,-23.7,-73.51
-80,90,16.72,-29.138,-78.62
-80,90,17.04,-29.346,-80.6
-80,90,17.36,-19.116,-71.76
-80,90,17.68,-23.092,-76.17
-80,90,18,-19.67,-72.48
-79,90,2,-6.77,-28.56
-79,90,2.32,-8.646,-34.3
-79,90,2.64,-9.038,-37.75
-79,90,2.96,-4.188,-32.5
-79,90,3.28,-9.54200000000001,-39.56
-79,90,3.6,-15.48,-42.93
-79,90,3.92,-15.272,-42.82
-79,90,4.24,-21.606,-50.63
-79,90,4.56,-15.636,-45.45
-79,90,4.88,-25.06,-55.19
-79,90,5.2,-23.29,-54.71
-79,90,5.52,-19.538,-49.82
-79,90,5.84,-29.952,-61.4
-79,90,6.16,-19.23,-51.27
-79,90,6.48,-20.166,-54.25
-79,90,6.8,-27.38,-60.88
-79,90,7.12,-22.356,-56.95
-79,90,7.44,-19.006,-53.34
-79,90,7.76,-20.598,-55.82
-79,90,8.08,-21.616,-56.42
-79,90,8.4,-32.35,-67.73
-79,90,8.72,-30.498,-67.8
-79,90,9.04,-23.234,-61.02
-79,90,9.36,-27.354,-65.42
-79,90,9.68,-34.2,-73.09
-79,90,10,-24.61,-63.68
-79,90,10.32,-27.452,-67.08
-79,90,10.64,-22.798,-62.81
-79,90,10.96,-22.456,-62.44
-79,90,11.28,-26.676,-67.12
-79,90,11.6,-26.64,-67.51
-79,90,11.92,-37.234,-78.36
-79,90,12.24,-30.294,-72.55
-79,90,12.56,-29.03,-73.1
-79,90,12.88,-48.276,-93.48
-79,90,13.2,-26.84,-73.62
-79,90,13.52,-20.592,-66.6
-79,90,13.84,-19.368,-66.85
-79,90,14.16,-16.636,-64.86
-79,90,14.48,-16.154,-67.98
-79,90,14.8,-27.34,-75.35
-79,90,15.12,-29.98,-76.41
-79,90,15.44,-24.356,-70.67
-79,90,15.76,-23.188,-70.38
-79,90,16.08,-25.582,-73.04
-79,90,16.4,-27.19,-77
-79,90,16.72,-49.798,-99.28
-79,90,17.04,-29.206,-80.46
-79,90,17.36,-27.316,-79.96
-79,90,17.68,-27.952,-81.03
-79,90,18,-17.7,-70.51
-78,90,2,-6.5,-28.29
-78,90,2.32,-8.546,-34.2
-78,90,2.64,-8.798,-37.51
-78,90,2.96,-4.038,-32.35
-78,90,3.28,-9.512,-39.53
-78,90,3.6,-15.81,-43.26
-78,90,3.92,-15.692,-43.24
-78,90,4.24,-22.766,-51.79
-78,90,4.56,-14.096,-43.91
-78,90,4.88,-24.83,-54.96
-78,90,5.2,-22.23,-53.65
-78,90,5.52,-19.518,-49.8
-78,90,5.84,-24.312,-55.76
-78,90,6.16,-19.58,-51.62
-78,90,6.48,-20.806,-54.89
-78,90,6.8,-22.38,-55.88
-78,90,7.12,-21.456,-56.05
-78,90,7.44,-22.546,-56.88
-78,90,7.76,-19.428,-54.65
-78,90,8.08,-22.866,-57.67
-78,90,8.4,-26.71,-62.09
-78,90,8.72,-21.888,-59.19
-78,90,9.04,-25.224,-63.01
-78,90,9.36,-26.804,-64.87
-78,90,9.68,-26.91,-65.8
-78,90,10,-26.28,-65.35
-78,90,10.32,-22.362,-61.99
-78,90,10.64,-28.818,-68.83
-78,90,10.96,-29.936,-69.92
-78,90,11.28,-23.826,-64.27
-78,90,11.6,-27.71,-68.58
-78,90,11.92,-34.374,-75.5
-78,90,12.24,-25.594,-67.85
-78,90,12.56,-25.48,-69.55
-78,90,12.88,-28.696,-73.9
-78,90,13.2,-37.58,-84.36
-78,90,13.52,-27.832,-73.84
-78,90,13.84,-22.648,-70.13
-78,90,14.16,-23.346,-71.57
-78,90,14.48,-23.374,-75.2
-78,90,14.8,-30.21,-78.22
-78,90,15.12,-25.19,-71.62
-78,90,15.44,-33.826,-80.14
-78,90,15.76,-28.198,-75.39
-78,90,16.08,-23.512,-70.97
-78,90,16.4,-23.3,-73.11
-78,90,16.72,-25.708,-75.19
-78,90,17.04,-22.636,-73.89
-78,90,17.36,-23.556,-76.2
-78,90,17.68,-21.722,-74.8
-78,90,18,-38.04,-90.85
-77,90,2,-6.21,-28
-77,90,2.32,-8.326,-33.98
-77,90,2.64,-8.518,-37.23
-77,90,2.96,-3.878,-32.19
-77,90,3.28,-9.552,-39.57
-77,90,3.6,-16.35,-43.8
-77,90,3.92,-16.252,-43.8
-77,90,4.24,-23.496,-52.52
-77,90,4.56,-13.466,-43.28
-77,90,4.88,-23.38,-53.51
-77,90,5.2,-17.83,-49.25
-77,90,5.52,-20.318,-50.6
-77,90,5.84,-21.822,-53.27
-77,90,6.16,-20.28,-52.32
-77,90,6.48,-20.486,-54.57
-77,90,6.8,-17.85,-51.35
-77,90,7.12,-20.216,-54.81
-77,90,7.44,-38.046,-72.38
-77,90,7.76,-19.738,-54.96
-77,90,8.08,-27.806,-62.61
-77,90,8.4,-23.26,-58.64
-77,90,8.72,-19.538,-56.84
-77,90,9.04,-25.754,-63.54
-77,90,9.36,-23.704,-61.77
-77,90,9.68,-23.49,-62.38
-77,90,10,-22.78,-61.85
-77,90,10.32,-21.232,-60.86
-77,90,10.64,-29.528,-69.54
-77,90,10.96,-32.526,-72.51
-77,90,11.28,-26.396,-66.84
-77,90,11.6,-27.85,-68.72
-77,90,11.92,-28.704,-69.83
-77,90,12.24,-26.504,-68.76
-77,90,12.56,-28.39,-72.46
-77,90,12.88,-30.496,-75.7
-77,90,13.2,-25.26,-72.04
-77,90,13.52,-28.962,-74.97
-77,90,13.84,-24.728,-72.21
-77,90,14.16,-23.476,-71.7
-77,90,14.48,-23.554,-75.38
-77,90,14.8,-34.89,-82.9
-77,90,15.12,-21.57,-68
-77,90,15.44,-32.486,-78.8
-77,90,15.76,-25.998,-73.19
-77,90,16.08,-30.032,-77.49
-77,90,16.4,-30.52,-80.33
-77,90,16.72,-24.498,-73.98
-77,90,17.04,-34.906,-86.16
-77,90,17.36,-29.616,-82.26
-77,90,17.68,-25.372,-78.45
-77,90,18,-28.27,-81.08
-76,90,2,-5.95,-27.74
-76,90,2.32,-8.126,-33.78
-76,90,2.64,-8.348,-37.06
-76,90,2.96,-3.528,-31.84
-76,90,3.28,-9.912,-39.93
-76,90,3.6,-16.08,-43.53
-76,90,3.92,-17.602,-45.15
-76,90,4.24,-25.056,-54.08
-76,90,4.56,-12.886,-42.7
-76,90,4.88,-22.27,-52.4
-76,90,5.2,-14.67,-46.09
-76,90,5.52,-22.408,-52.69
-76,90,5.84,-19.502,-50.95
-76,90,6.16,-21.64,-53.68
-76,90,6.48,-20.846,-54.93
-76,90,6.8,-16.01,-49.51
-76,90,7.12,-18.266,-52.86
-76,90,7.44,-22.856,-57.19
-76,90,7.76,-23.048,-58.27
-76,90,8.08,-42.336,-77.14
-76,90,8.4,-24.9,-60.28
-76,90,8.72,-17.778,-55.08
-76,90,9.04,-24.384,-62.17
-76,90,9.36,-21.524,-59.59
-76,90,9.68,-23.35,-62.24
-76,90,10,-21.17,-60.24
-76,90,10.32,-21.952,-61.58
-76,90,10.64,-24.408,-64.42
-76,90,10.96,-33.216,-73.2
-76,90,11.28,-34.916,-75.36
-76,90,11.6,-37.48,-78.35
-76,90,11.92,-26.574,-67.7
-76,90,12.24,-28.404,-70.66
-76,90,12.56,-25.96,-70.03
-76,90,12.88,-33.156,-78.36
-76,90,13.2,-23.17,-69.95
-76,90,13.52,-36.612,-82.62
-76,90,13.84,-35.908,-83.39
-76,90,14.16,-24.106,-72.33
-76,90,14.48,-35.074,-86.9
-76,90,14.8,-32.53,-80.54
-76,90,15.12,-26.46,-72.89
-76,90,15.44,-25.976,-72.29
-76,90,15.76,-17.308,-64.5
-76,90,16.08,-29.292,-76.75
-76,90,16.4,-27.63,-77.44
-76,90,16.72,-24.848,-74.33
-76,90,17.04,-20.806,-72.06
-76,90,17.36,-26.286,-78.93
-76,90,17.68,-22.732,-75.81
-76,90,18,-22.7,-75.51
-75,90,2,-5.79,-27.58
-75,90,2.32,-7.806,-33.46
-75,90,2.64,-8.288,-37
-75,90,2.96,-3.298,-31.61
-75,90,3.28,-10.822,-40.84
-75,90,3.6,-16.29,-43.74
-75,90,3.92,-18.992,-46.54
-75,90,4.24,-25.836,-54.86
-75,90,4.56,-12.606,-42.42
-75,90,4.88,-20.87,-51
-75,90,5.2,-12.75,-44.17
-75,90,5.52,-23.218,-53.5
-75,90,5.84,-18.502,-49.95
-75,90,6.16,-23.65,-55.69
-75,90,6.48,-20.456,-54.54
-75,90,6.8,-15.4,-48.9
-75,90,7.12,-16.956,-51.55
-75,90,7.44,-17.656,-51.99
-75,90,7.76,-26.188,-61.41
-75,90,8.08,-26.366,-61.17
-75,90,8.4,-26.45,-61.83
-75,90,8.72,-19.628,-56.93
-75,90,9.04,-23.274,-61.06
-75,90,9.36,-20.194,-58.26
-75,90,9.68,-26.69,-65.58
-75,90,10,-26.74,-65.81
-75,90,10.32,-22.882,-62.51
-75,90,10.64,-20.888,-60.9
-75,90,10.96,-26.026,-66.01
-75,90,11.28,-30.246,-70.69
-75,90,11.6,-27.84,-68.71
-75,90,11.92,-26.294,-67.42
-75,90,12.24,-29.704,-71.96
-75,90,12.56,-25.11,-69.18
-75,90,12.88,-28.246,-73.45
-75,90,13.2,-22.08,-68.86
-75,90,13.52,-19.872,-65.88
-75,90,13.84,-23.948,-71.43
-75,90,14.16,-16.716,-64.94
-75,90,14.48,-23.574,-75.4
-75,90,14.8,-21.45,-69.46
-75,90,15.12,-23.23,-69.66
-75,90,15.44,-36.346,-82.66
-75,90,15.76,-30.518,-77.71
-75,90,16.08,-23.722,-71.18
-75,90,16.4,-26.53,-76.34
-75,90,16.72,-28.428,-77.91
-75,90,17.04,-32.806,-84.06
-75,90,17.36,-21.566,-74.21
-75,90,17.68,-42.132,-95.21
-75,90,18,-16.47,-69.28
-74,90,2,-5.53,-27.32
-74,90,2.32,-7.586,-33.24
-74,90,2.64,-7.998,-36.71
-74,90,2.96,-2.948,-31.26
-74,90,3.28,-11.762,-41.78
-74,90,3.6,-15.62,-43.07
-74,90,3.92,-20.502,-48.05
-74,90,4.24,-26.506,-55.53
-74,90,4.56,-12.506,-42.32
-74,90,4.88,-18.69,-48.82
-74,90,5.2,-11.62,-43.04
-74,90,5.52,-24.308,-54.59
-74,90,5.84,-18.042,-49.49
-74,90,6.16,-27.08,-59.12
-74,90,6.48,-19.226,-53.31
-74,90,6.8,-15.52,-49.02
-74,90,7.12,-15.876,-50.47
-74,90,7.44,-15.046,-49.38
-74,90,7.76,-26.808,-62.03
-74,90,8.08,-21.456,-56.26
-74,90,8.4,-32.02,-67.4
-74,90,8.72,-22.388,-59.69
-74,90,9.04,-22.384,-60.17
-74,90,9.36,-21.284,-59.35
-74,90,9.68,-26.57,-65.46
-74,90,10,-27.22,-66.29
-74,90,10.32,-26.272,-65.9
-74,90,10.64,-18.698,-58.71
-74,90,10.96,-28.816,-68.8
-74,90,11.28,-24.536,-64.98
-74,90,11.6,-27.34,-68.21
-74,90,11.92,-22.244,-63.37
-74,90,12.24,-21.294,-63.55
-74,90,12.56,-30.43,-74.5
-74,90,12.88,-26.156,-71.36
-74,90,13.2,-20.76,-67.54
-74,90,13.52,-20.672,-66.68
-74,90,13.84,-21.858,-69.34
-74,90,14.16,-27.006,-75.23
-74,90,14.48,-20.034,-71.86
-74,90,14.8,-32.64,-80.65
-74,90,15.12,-19.67,-66.1
-74,90,15.44,-34.026,-80.34
-74,90,15.76,-30.748,-77.94
-74,90,16.08,-29.652,-77.11
-74,90,16.4,-26.6,-76.41
-74,90,16.72,-24.808,-74.29
-74,90,17.04,-21.906,-73.16
-74,90,17.36,-22.506,-75.15
-74,90,17.68,-28.422,-81.5
-74,90,18,-20.9,-73.71
-73,90,2,-5.39,-27.18
-73,90,2.32,-7.136,-32.79
-73,90,2.64,-7.898,-36.61
-73,90,2.96,-2.668,-30.98
-73,90,3.28,-13.172,-43.19
-73,90,3.6,-14.84,-42.29
-73,90,3.92,-21.332,-48.88
-73,90,4.24,-25.806,-54.83
-73,90,4.56,-12.266,-42.08
-73,90,4.88,-17.59,-47.72
-73,90,5.2,-11.52,-42.94
-73,90,5.52,-23.128,-53.41
-73,90,5.84,-17.462,-48.91
-73,90,6.16,-35.81,-67.85
-73,90,6.48,-18.246,-52.33
-73,90,6.8,-16.71,-50.21
-73,90,7.12,-16.476,-51.07
-73,90,7.44,-14.516,-48.85
-73,90,7.76,-21.568,-56.79
-73,90,8.08,-19.626,-54.43
-73,90,8.4,-26.5,-61.88
-73,90,8.72,-22.968,-60.27
-73,90,9.04,-20.134,-57.92
-73,90,9.36,-22.574,-60.64
-73,90,9.68,-22.56,-61.45
-73,90,10,-28.9,-67.97
-73,90,10.32,-39.472,-79.1
-73,90,10.64,-25.378,-65.39
-73,90,10.96,-33.466,-73.45
-73,90,11.28,-22.026,-62.47
-73,90,11.6,-35.55,-76.42
-73,90,11.92,-20.044,-61.17
-73,90,12.24,-22.444,-64.7
-73,90,12.56,-23.51,-67.58
-73,90,12.88,-39.456,-84.66
-73,90,13.2,-26.51,-73.29
-73,90,13.52,-23.642,-69.65
-73,90,13.84,-24.088,-71.57
-73,90,14.16,-22.066,-70.29
-73,90,14.48,-30.804,-82.63
-73,90,14.8,-27.43,-75.44
-73,90,15.12,-19.83,-66.26
-73,90,15.44,-26.406,-72.72
-73,90,15.76,-32.448,-79.64
-73,90,16.08,-35.772,-83.23
-73,90,16.4,-20.1,-69.91
-73,90,16.72,-41.288,-90.77
-73,90,17.04,-26.376,-77.63
-73,90,17.36,-18.496,-71.14
-73,90,17.68,-20.892,-73.97
-73,90,18,-33.21,-86.02
-72,90,2,-5.19,-26.98
-72,90,2.32,-6.706,-32.36
-72,90,2.64,-7.808,-36.52
-72,90,2.96,-2.478,-30.79
-72,90,3.28,-14.122,-44.14
-72,90,3.6,-13.91,-41.36
-72,90,3.92,-20.892,-48.44
-72,90,4.24,-22.196,-51.22
-72,90,4.56,-11.666,-41.48
-72,90,4.88,-15.86,-45.99
-72,90,5.2,-11.6,-43.02
-72,90,5.52,-20.688,-50.97
-72,90,5.84,-17.702,-49.15
-72,90,6.16,-29.7,-61.74
-72,90,6.48,-16.446,-50.53
-72,90,6.8,-18.18,-51.68
-72,90,7.12,-17.136,-51.73
-72,90,7.44,-15.346,-49.68
-72,90,7.76,-19.288,-54.51
-72,90,8.08,-17.776,-52.58
-72,90,8.4,-20.85,-56.23
-72,90,8.72,-20.318,-57.62
-72,90,9.04,-20.014,-57.8
-72,90,9.36,-20.524,-58.59
-72,90,9.68,-21.64,-60.53
-72,90,10,-25.88,-64.95
-72,90,10.32,-34.442,-74.07
-72,90,10.64,-29.598,-69.61
-72,90,10.96,-33.636,-73.62
-72,90,11.28,-22.626,-63.07
-72,90,11.6,-24.29,-65.16
-72,90,11.92,-19.604,-60.73
-72,90,12.24,-25.564,-67.82
-72,90,12.56,-19.46,-63.53
-72,90,12.88,-26.776,-71.98
-72,90,13.2,-16.83,-63.61
-72,90,13.52,-18.742,-64.75
-72,90,13.84,-36.788,-84.27
-72,90,14.16,-15.206,-63.43
-72,90,14.48,-23.214,-75.04
-72,90,14.8,-21.26,-69.27
-72,90,15.12,-27.58,-74.01
-72,90,15.44,-32.196,-78.51
-72,90,15.76,-24.478,-71.67
-72,90,16.08,-25.752,-73.21
-72,90,16.4,-25.52,-75.33
-72,90,16.72,-26.328,-75.81
-72,90,17.04,-18.776,-70.03
-72,90,17.36,-22.086,-74.73
-72,90,17.68,-24.182,-77.26
-72,90,18,-21.98,-74.79
-71,90,2,-5.07,-26.86
-71,90,2.32,-6.346,-32
-71,90,2.64,-7.738,-36.45
-71,90,2.96,-2.388,-30.7
-71,90,3.28,-14.282,-44.3
-71,90,3.6,-13.28,-40.73
-71,90,3.92,-19.412,-46.96
-71,90,4.24,-20.196,-49.22
-71,90,4.56,-10.856,-40.67
-71,90,4.88,-15.22,-45.35
-71,90,5.2,-11.91,-43.33
-71,90,5.52,-19.138,-49.42
-71,90,5.84,-19.542,-50.99
-71,90,6.16,-25.71,-57.75
-71,90,6.48,-15.936,-50.02
-71,90,6.8,-19.98,-53.48
-71,90,7.12,-18.656,-53.25
-71,90,7.44,-17.636,-51.97
-71,90,7.76,-18.278,-53.5
-71,90,8.08,-17.626,-52.43
-71,90,8.4,-18.48,-53.86
-71,90,8.72,-17.748,-55.05
-71,90,9.04,-23.024,-60.81
-71,90,9.36,-22.404,-60.47
-71,90,9.68,-19.73,-58.62
-71,90,10,-21.65,-60.72
-71,90,10.32,-28.132,-67.76
-71,90,10.64,-26.128,-66.14
-71,90,10.96,-27.296,-67.28
-71,90,11.28,-23.426,-63.87
-71,90,11.6,-21.69,-62.56
-71,90,11.92,-20.444,-61.57
-71,90,12.24,-23.414,-65.67
-71,90,12.56,-20.56,-64.63
-71,90,12.88,-28.666,-73.87
-71,90,13.2,-16.79,-63.57
-71,90,13.52,-15.572,-61.58
-71,90,13.84,-23.868,-71.35
-71,90,14.16,-17.396,-65.62
-71,90,14.48,-18.614,-70.44
-71,90,14.8,-20.94,-68.95
-71,90,15.12,-18.43,-64.86
-71,90,15.44,-23.026,-69.34
-71,90,15.76,-28.928,-76.12
-71,90,16.08,-33.882,-81.34
-71,90,16.4,-25.75,-75.56
-71,90,16.72,-33.818,-83.3
-71,90,17.04,-18.496,-69.75
-71,90,17.36,-20.526,-73.17
-71,90,17.68,-41.472,-94.55
-71,90,18,-21.3,-74.11
-70,90,2,-5.05,-26.84
-70,90,2.32,-5.966,-31.62
-70,90,2.64,-7.488,-36.2
-70,90,2.96,-2.328,-30.64
-70,90,3.28,-13.682,-43.7
-70,90,3.6,-12.78,-40.23
-70,90,3.92,-17.462,-45.01
-70,90,4.24,-18.396,-47.42
-70,90,4.56,-10.066,-39.88
-70,90,4.88,-14.68,-44.81
-70,90,5.2,-11.9,-43.32
-70,90,5.52,-18.258,-48.54
-70,90,5.84,-21.802,-53.25
-70,90,6.16,-23,-55.04
-70,90,6.48,-14.776,-48.86
-70,90,6.8,-20.57,-54.07
-70,90,7.12,-18.956,-53.55
-70,90,7.44,-20.896,-55.23
-70,90,7.76,-18.738,-53.96
-70,90,8.08,-17.916,-52.72
-70,90,8.4,-17.61,-52.99
-70,90,8.72,-16.348,-53.65
-70,90,9.04,-26.524,-64.31
-70,90,9.36,-24.984,-63.05
-70,90,9.68,-20.61,-59.5
-70,90,10,-18.48,-57.55
-70,90,10.32,-22.292,-61.92
-70,90,10.64,-21.598,-61.61
-70,90,10.96,-28.856,-68.84
-70,90,11.28,-21.376,-61.82
-70,90,11.6,-23.73,-64.6
-70,90,11.92,-19.624,-60.75
-70,90,12.24,-18.964,-61.22
-70,90,12.56,-21.51,-65.58
-70,90,12.88,-28.906,-74.11
-70,90,13.2,-17.62,-64.4
-70,90,13.52,-17.612,-63.62
-70,90,13.84,-19.918,-67.4
-70,90,14.16,-23.506,-71.73
-70,90,14.48,-15.764,-67.59
-70,90,14.8,-28.39,-76.4
-70,90,15.12,-17.14,-63.57
-70,90,15.44,-26.386,-72.7
-70,90,15.76,-30.258,-77.45
-70,90,16.08,-26.142,-73.6
-70,90,16.4,-19.34,-69.15
-70,90,16.72,-20.658,-70.14
-70,90,17.04,-26.366,-77.62
-70,90,17.36,-25.106,-77.75
-70,90,17.68,-29.432,-82.51
-70,90,18,-31.62,-84.43
-69,90,2,-4.95,-26.74
-69,90,2.32,-5.576,-31.23
-69,90,2.64,-7.228,-35.94
-69,90,2.96,-2.388,-30.7
-69,90,3.28,-12.202,-42.22
-69,90,3.6,-12.41,-39.86
-69,90,3.92,-16.292,-43.84
-69,90,4.24,-16.816,-45.84
-69,90,4.56,-9.166,-38.98
-69,90,4.88,-14.11,-44.24
-69,90,5.2,-11.35,-42.77
-69,90,5.52,-17.888,-48.17
-69,90,5.84,-24.912,-56.36
-69,90,6.16,-21.7,-53.74
-69,90,6.48,-15.076,-49.16
-69,90,6.8,-18.84,-52.34
-69,90,7.12,-17.256,-51.85
-69,90,7.44,-20.896,-55.23
-69,90,7.76,-21.108,-56.33
-69,90,8.08,-18.516,-53.32
-69,90,8.4,-17.33,-52.71
-69,90,8.72,-15.658,-52.96
-69,90,9.04,-21.124,-58.91
-69,90,9.36,-22.414,-60.48
-69,90,9.68,-26.4,-65.29
-69,90,10,-18.58,-57.65
-69,90,10.32,-23.092,-62.72
-69,90,10.64,-20.988,-61
-69,90,10.96,-23.616,-63.6
-69,90,11.28,-18.046,-58.49
-69,90,11.6,-22.35,-63.22
-69,90,11.92,-19.614,-60.74
-69,90,12.24,-16.244,-58.5
-69,90,12.56,-23.77,-67.84
-69,90,12.88,-28.036,-73.24
-69,90,13.2,-27.34,-74.12
-69,90,13.52,-20.982,-66.99
-69,90,13.84,-18.948,-66.43
-69,90,14.16,-16.756,-64.98
-69,90,14.48,-19.514,-71.34
-69,90,14.8,-24.46,-72.47
-69,90,15.12,-18.84,-65.27
-69,90,15.44,-25.946,-72.26
-69,90,15.76,-24.978,-72.17
-69,90,16.08,-31.412,-78.87
-69,90,16.4,-17.26,-67.07
-69,90,16.72,-21.348,-70.83
-69,90,17.04,-15.456,-66.71
-69,90,17.36,-37.446,-90.09
-69,90,17.68,-24.752,-77.83
-69,90,18,-26.5,-79.31
-68,90,2,-4.9,-26.69
-68,90,2.32,-5.226,-30.88
-68,90,2.64,-6.908,-35.62
-68,90,2.96,-2.338,-30.65
-68,90,3.28,-10.832,-40.85
-68,90,3.6,-12.17,-39.62
-68,90,3.92,-15.112,-42.66
-68,90,4.24,-16.336,-45.36
-68,90,4.56,-8.386,-38.2
-68,90,4.88,-13.87,-44
-68,90,5.2,-10.54,-41.96
-68,90,5.52,-17.818,-48.1
-68,90,5.84,-24.012,-55.46
-68,90,6.16,-22.74,-54.78
-68,90,6.48,-15.206,-49.29
-68,90,6.8,-17.48,-50.98
-68,90,7.12,-15.136,-49.73
-68,90,7.44,-18.446,-52.78
-68,90,7.76,-20.498,-55.72
-68,90,8.08,-19.396,-54.2
-68,90,8.4,-17.37,-52.75
-68,90,8.72,-14.438,-51.74
-68,90,9.04,-17.254,-55.04
-68,90,9.36,-20.464,-58.53
-68,90,9.68,-49.21,-88.1
-68,90,10,-20.22,-59.29
-68,90,10.32,-23.892,-63.52
-68,90,10.64,-21.568,-61.58
-68,90,10.96,-21.406,-61.39
-68,90,11.28,-17.346,-57.79
-68,90,11.6,-20.67,-61.54
-68,90,11.92,-18.204,-59.33
-68,90,12.24,-17.414,-59.67
-68,90,12.56,-18.12,-62.19
-68,90,12.88,-29.926,-75.13
-68,90,13.2,-37.11,-83.89
-68,90,13.52,-24.412,-70.42
-68,90,13.84,-27.488,-74.97
-68,90,14.16,-15.566,-63.79
-68,90,14.48,-19.994,-71.82
-68,90,14.8,-32.3,-80.31
-68,90,15.12,-22.83,-69.26
-68,90,15.44,-20.846,-67.16
-68,90,15.76,-19.518,-66.71
-68,90,16.08,-23.762,-71.22
-68,90,16.4,-18.36,-68.17
-68,90,16.72,-20.828,-70.31
-68,90,17.04,-20.746,-72
-68,90,17.36,-34.056,-86.7
-68,90,17.68,-23.242,-76.32
-68,90,18,-19.84,-72.65
-67,90,2,-4.88,-26.67
-67,90,2.32,-4.916,-30.57
-67,90,2.64,-6.588,-35.3
-67,90,2.96,-2.318,-30.63
-67,90,3.28,-9.902,-39.92
-67,90,3.6,-11.86,-39.31
-67,90,3.92,-14.322,-41.87
-67,90,4.24,-15.916,-44.94
-67,90,4.56,-7.916,-37.73
-67,90,4.88,-13.97,-44.1
-67,90,5.2,-9.34,-40.76
-67,90,5.52,-18.068,-48.35
-67,90,5.84,-20.822,-52.27
-67,90,6.16,-24.43,-56.47
-67,90,6.48,-15.116,-49.2
-67,90,6.8,-15.24,-48.74
-67,90,7.12,-13.236,-47.83
-67,90,7.44,-16.006,-50.34
-67,90,7.76,-19.258,-54.48
-67,90,8.08,-17.496,-52.3
-67,90,8.4,-18.39,-53.77
-67,90,8.72,-12.748,-50.05
-67,90,9.04,-14.334,-52.12
-67,90,9.36,-19.284,-57.35
-67,90,9.68,-26.28,-65.17
-67,90,10,-28.49,-67.56
-67,90,10.32,-24.092,-63.72
-67,90,10.64,-23.178,-63.19
-67,90,10.96,-19.826,-59.81
-67,90,11.28,-19.156,-59.6
-67,90,11.6,-22.31,-63.18
-67,90,11.92,-18.704,-59.83
-67,90,12.24,-20.624,-62.88
-67,90,12.56,-19.19,-63.26
-67,90,12.88,-27.806,-73.01
-67,90,13.2,-23.9,-70.68
-67,90,13.52,-22.822,-68.83
-67,90,13.84,-19.108,-66.59
-67,90,14.16,-13.926,-62.15
-67,90,14.48,-19.994,-71.82
-67,90,14.8,-32.65,-80.66
-67,90,15.12,-20.5,-66.93
-67,90,15.44,-23.176,-69.49
-67,90,15.76,-18.438,-65.63
-67,90,16.08,-17.992,-65.45
-67,90,16.4,-22.73,-72.54
-67,90,16.72,-24.638,-74.12
-67,90,17.04,-24.996,-76.25
-67,90,17.36,-19.706,-72.35
-67,90,17.68,-24.062,-77.14
-67,90,18,-22.37,-75.18
-66,90,2,-4.82,-26.61
-66,90,2.32,-4.726,-30.38
-66,90,2.64,-6.288,-35
-66,90,2.96,-2.128,-30.44
-66,90,3.28,-8.902,-38.92
-66,90,3.6,-11.69,-39.14
-66,90,3.92,-13.682,-41.23
-66,90,4.24,-15.516,-44.54
-66,90,4.56,-7.496,-37.31
-66,90,4.88,-13.78,-43.91
-66,90,5.2,-8.62,-40.04
-66,90,5.52,-18.188,-48.47
-66,90,5.84,-18.552,-50
-66,90,6.16,-25.27,-57.31
-66,90,6.48,-14.256,-48.34
-66,90,6.8,-13.79,-47.29
-66,90,7.12,-12.546,-47.14
-66,90,7.44,-14.046,-48.38
-66,90,7.76,-17.438,-52.66
-66,90,8.08,-15.606,-50.41
-66,90,8.4,-18.84,-54.22
-66,90,8.72,-12.518,-49.82
-66,90,9.04,-14.624,-52.41
-66,90,9.36,-17.934,-56
-66,90,9.68,-21.31,-60.2
-66,90,10,-22.72,-61.79
-66,90,10.32,-19.222,-58.85
-66,90,10.64,-27.988,-68
-66,90,10.96,-21.016,-61
-66,90,11.28,-20.046,-60.49
-66,90,11.6,-21.7,-62.57
-66,90,11.92,-19.704,-60.83
-66,90,12.24,-18.174,-60.43
-66,90,12.56,-19.54,-63.61
-66,90,12.88,-27.096,-72.3
-66,90,13.2,-17.29,-64.07
-66,90,13.52,-15.862,-61.87
-66,90,13.84,-16.468,-63.95
-66,90,14.16,-14.596,-62.82
-66,90,14.48,-15.074,-66.9
-66,90,14.8,-20.84,-68.85
-66,90,15.12,-16.13,-62.56
-66,90,15.44,-23.326,-69.64
-66,90,15.76,-20.358,-67.55
-66,90,16.08,-24.962,-72.42
-66,90,16.4,-20.71,-70.52
-66,90,16.72,-23.138,-72.62
-66,90,17.04,-26.756,-78.01
-66,90,17.36,-28.236,-80.88
-66,90,17.68,-26.512,-79.59
-66,90,18,-25.47,-78.28
-65,90,2,-4.71,-26.5
-65,90,2.32,-4.436,-30.09
-65,90,2.64,-5.878,-34.59
-65,90,2.96,-1.868,-30.18
-65,90,3.28,-8.132,-38.15
-65,90,3.6,-11.12,-38.57
-65,90,3.92,-13.232,-40.78
-65,90,4.24,-16.016,-45.04
-65,90,4.56,-7.076,-36.89
-65,90,4.88,-13.28,-43.41
-65,90,5.2,-7.77,-39.19
-65,90,5.52,-18.718,-49
-65,90,5.84,-15.912,-47.36
-65,90,6.16,-24.56,-56.6
-65,90,6.48,-13.136,-47.22
-65,90,6.8,-14.14,-47.64
-65,90,7.12,-12.346,-46.94
-65,90,7.44,-12.576,-46.91
-65,90,7.76,-16.298,-51.52
-65,90,8.08,-13.376,-48.18
-65,90,8.4,-17.19,-52.57
-65,90,8.72,-11.838,-49.14
-65,90,9.04,-15.104,-52.89
-65,90,9.36,-14.844,-52.91
-65,90,9.68,-17.18,-56.07
-65,90,10,-15.31,-54.38
-65,90,10.32,-17.752,-57.38
-65,90,10.64,-21.178,-61.19
-65,90,10.96,-20.036,-60.02
-65,90,11.28,-22.186,-62.63
-65,90,11.6,-20.6,-61.47
-65,90,11.92,-19.814,-60.94
-65,90,12.24,-16.954,-59.21
-65,90,12.56,-20.74,-64.81
-65,90,12.88,-22.676,-67.88
-65,90,13.2,-19.68,-66.46
-65,90,13.52,-18.602,-64.61
-65,90,13.84,-20.478,-67.96
-65,90,14.16,-15.186,-63.41
-65,90,14.48,-15.284,-67.11
-65,90,14.8,-24.92,-72.93
-65,90,15.12,-15.38,-61.81
-65,90,15.44,-15.936,-62.25
-65,90,15.76,-21.758,-68.95
-65,90,16.08,-20.852,-68.31
-65,90,16.4,-30.71,-80.52
-65,90,16.72,-19.148,-68.63
-65,90,17.04,-19.996,-71.25
-65,90,17.36,-26.486,-79.13
-65,90,17.68,-30.552,-83.63
-65,90,18,-26.35,-79.16
-64,90,2,-4.71,-26.5
-64,90,2.32,-4.246,-29.9
-64,90,2.64,-5.458,-34.17
-64,90,2.96,-1.418,-29.73
-64,90,3.28,-7.532,-37.55
-64,90,3.6,-10.39,-37.84
-64,90,3.92,-12.762,-40.31
-64,90,4.24,-16.356,-45.38
-64,90,4.56,-6.766,-36.58
-64,90,4.88,-12.61,-42.74
-64,90,5.2,-7.66,-39.08
-64,90,5.52,-18.828,-49.11
-64,90,5.84,-15.342,-46.79
-64,90,6.16,-22.13,-54.17
-64,90,6.48,-12.546,-46.63
-64,90,6.8,-14.26,-47.76
-64,90,7.12,-12.656,-47.25
-64,90,7.44,-12.036,-46.37
-64,90,7.76,-15.498,-50.72
-64,90,8.08,-11.626,-46.43
-64,90,8.4,-16.8,-52.18
-64,90,8.72,-10.988,-48.29
-64,90,9.04,-14.564,-52.35
-64,90,9.36,-13.274,-51.34
-64,90,9.68,-18.1,-56.99
-64,90,10,-14.25,-53.32
-64,90,10.32,-17.462,-57.09
-64,90,10.64,-17.888,-57.9
-64,90,10.96,-19.456,-59.44
-64,90,11.28,-19.726,-60.17
-64,90,11.6,-18.65,-59.52
-64,90,11.92,-20.164,-61.29
-64,90,12.24,-16.624,-58.88
-64,90,12.56,-22.46,-66.53
-64,90,12.88,-26.946,-72.15
-64,90,13.2,-26.07,-72.85
-64,90,13.52,-16.812,-62.82
-64,90,13.84,-17.218,-64.7
-64,90,14.16,-17.666,-65.89
-64,90,14.48,-16.664,-68.49
-64,90,14.8,-25.08,-73.09
-64,90,15.12,-14.67,-61.1
-64,90,15.44,-18.956,-65.27
-64,90,15.76,-15.478,-62.67
-64,90,16.08,-17.722,-65.18
-64,90,16.4,-30.57,-80.38
-64,90,16.72,-17.418,-66.9
-64,90,17.04,-18.366,-69.62
-64,90,17.36,-19.826,-72.47
-64,90,17.68,-35.232,-88.31
-64,90,18,-17.44,-70.25
-63,90,2,-4.54,-26.33
-63,90,2.32,-3.996,-29.65
-63,90,2.64,-5.058,-33.77
-63,90,2.96,-0.948000000000004,-29.26
-63,90,3.28,-6.962,-36.98
-63,90,3.6,-9.41,-36.86
-63,90,3.92,-12.352,-39.9
-63,90,4.24,-17.056,-46.08
-63,90,4.56,-6.446,-36.26
-63,90,4.88,-11.62,-41.75
-63,90,5.2,-7.07,-38.49
-63,90,5.52,-19.338,-49.62
-63,90,5.84,-15.032,-46.48
-63,90,6.16,-20.27,-52.31
-63,90,6.48,-11.536,-45.62
-63,90,6.8,-14.26,-47.76
-63,90,7.12,-12.536,-47.13
-63,90,7.44,-11.996,-46.33
-63,90,7.76,-15.528,-50.75
-63,90,8.08,-10.916,-45.72
-63,90,8.4,-15.95,-51.33
-63,90,8.72,-10.198,-47.5
-63,90,9.04,-14.124,-51.91
-63,90,9.36,-13.824,-51.89
-63,90,9.68,-19.8,-58.69
-63,90,10,-13.8,-52.87
-63,90,10.32,-19.202,-58.83
-63,90,10.64,-15.718,-55.73
-63,90,10.96,-19.156,-59.14
-63,90,11.28,-18.326,-58.77
-63,90,11.6,-20.25,-61.12
-63,90,11.92,-18.794,-59.92
-63,90,12.24,-18.214,-60.47
-63,90,12.56,-22.02,-66.09
-63,90,12.88,-20.396,-65.6
-63,90,13.2,-23.96,-70.74
-63,90,13.52,-19.252,-65.26
-63,90,13.84,-21.178,-68.66
-63,90,14.16,-14.866,-63.09
-63,90,14.48,-21.204,-73.03
-63,90,14.8,-27.64,-75.65
-63,90,15.12,-17.7,-64.13
-63,90,15.44,-16.206,-62.52
-63,90,15.76,-15.838,-63.03
-63,90,16.08,-15.592,-63.05
-63,90,16.4,-34.54,-84.35
-63,90,16.72,-25.258,-74.74
-63,90,17.04,-21.546,-72.8
-63,90,17.36,-26.676,-79.32
-63,90,17.68,-21.192,-74.27
-63,90,18,-25.36,-78.17
-62,90,2,-4.4,-26.19
-62,90,2.32,-3.726,-29.38
-62,90,2.64,-4.698,-33.41
-62,90,2.96,-0.488000000000003,-28.8
-62,90,3.28,-6.622,-36.64
-62,90,3.6,-8.51,-35.96
-62,90,3.92,-11.762,-39.31
-62,90,4.24,-17.316,-46.34
-62,90,4.56,-6.176,-35.99
-62,90,4.88,-10.58,-40.71
-62,90,5.2,-6.9,-38.32
-62,90,5.52,-19.248,-49.53
-62,90,5.84,-15.422,-46.87
-62,90,6.16,-19.66,-51.7
-62,90,6.48,-11.046,-45.13
-62,90,6.8,-14.23,-47.73
-62,90,7.12,-12.056,-46.65
-62,90,7.44,-12.646,-46.98
-62,90,7.76,-14.578,-49.8
-62,90,8.08,-10.516,-45.32
-62,90,8.4,-15.39,-50.77
-62,90,8.72,-9.278,-46.58
-62,90,9.04,-13.484,-51.27
-62,90,9.36,-13.934,-52
-62,90,9.68,-22.54,-61.43
-62,90,10,-15.86,-54.93
-62,90,10.32,-17.532,-57.16
-62,90,10.64,-15.358,-55.37
-62,90,10.96,-18.846,-58.83
-62,90,11.28,-18.356,-58.8
-62,90,11.6,-20.43,-61.3
-62,90,11.92,-17.414,-58.54
-62,90,12.24,-18.304,-60.56
-62,90,12.56,-22.46,-66.53
-62,90,12.88,-22.716,-67.92
-62,90,13.2,-18.06,-64.84
-62,90,13.52,-18.362,-64.37
-62,90,13.84,-15.418,-62.9
-62,90,14.16,-17.886,-66.11
-62,90,14.48,-15.824,-67.65
-62,90,14.8,-31.33,-79.34
-62,90,15.12,-19.35,-65.78
-62,90,15.44,-23.466,-69.78
-62,90,15.76,-16.598,-63.79
-62,90,16.08,-16.612,-64.07
-62,90,16.4,-22.48,-72.29
-62,90,16.72,-30.738,-80.22
-62,90,17.04,-19.046,-70.3
-62,90,17.36,-24.596,-77.24
-62,90,17.68,-31.822,-84.9
-62,90,18,-18.93,-71.74
-61,90,2,-4.16,-25.95
-61,90,2.32,-3.416,-29.07
-61,90,2.64,-4.388,-33.1
-61,90,2.96,0.051999999999996,-28.26
-61,90,3.28,-6.43200000000001,-36.45
-61,90,3.6,-7.33,-34.78
-61,90,3.92,-11.212,-38.76
-61,90,4.24,-16.616,-45.64
-61,90,4.56,-5.816,-35.63
-61,90,4.88,-9.66,-39.79
-61,90,5.2,-6.43,-37.85
-61,90,5.52,-19.238,-49.52
-61,90,5.84,-16.452,-47.9
-61,90,6.16,-19.46,-51.5
-61,90,6.48,-10.756,-44.84
-61,90,6.8,-14.1,-47.6
-61,90,7.12,-11.836,-46.43
-61,90,7.44,-13.556,-47.89
-61,90,7.76,-13.808,-49.03
-61,90,8.08,-10.886,-45.69
-61,90,8.4,-14.27,-49.65
-61,90,8.72,-8.958,-46.26
-61,90,9.04,-13.804,-51.59
-61,90,9.36,-15.124,-53.19
-61,90,9.68,-19.64,-58.53
-61,90,10,-16.34,-55.41
-61,90,10.32,-18.452,-58.08
-61,90,10.64,-16.968,-56.98
-61,90,10.96,-17.766,-57.75
-61,90,11.28,-18.136,-58.58
-61,90,11.6,-20.86,-61.73
-61,90,11.92,-17.524,-58.65
-61,90,12.24,-18.844,-61.1
-61,90,12.56,-20.91,-64.98
-61,90,12.88,-26.216,-71.42
-61,90,13.2,-17.02,-63.8
-61,90,13.52,-16.362,-62.37
-61,90,13.84,-17.678,-65.16
-61,90,14.16,-15.276,-63.5
-61,90,14.48,-13.844,-65.67
-61,90,14.8,-20.18,-68.19
-61,90,15.12,-12.84,-59.27
-61,90,15.44,-18.356,-64.67
-61,90,15.76,-17.248,-64.44
-61,90,16.08,-14.552,-62.01
-61,90,16.4,-31.19,-81
-61,90,16.72,-24.878,-74.36
-61,90,17.04,-22.716,-73.97
-61,90,17.36,-27.896,-80.54
-61,90,17.68,-28.062,-81.14
-61,90,18,-49.56,-102.37
-60,90,2,-3.9,-25.69
-60,90,2.32,-3.116,-28.77
-60,90,2.64,-4.028,-32.74
-60,90,2.96,0.511999999999997,-27.8
-60,90,3.28,-6.392,-36.41
-60,90,3.6,-6.47,-33.92
-60,90,3.92,-10.412,-37.96
-60,90,4.24,-15.146,-44.17
-60,90,4.56,-5.386,-35.2
-60,90,4.88,-8.46,-38.59
-60,90,5.2,-5.7,-37.12
-60,90,5.52,-18.598,-48.88
-60,90,5.84,-17.542,-48.99
-60,90,6.16,-18.92,-50.96
-60,90,6.48,-10.936,-45.02
-60,90,6.8,-13.47,-46.97
-60,90,7.12,-11.356,-45.95
-60,90,7.44,-13.206,-47.54
-60,90,7.76,-13.818,-49.04
-60,90,8.08,-11.836,-46.64
-60,90,8.4,-14.7,-50.08
-60,90,8.72,-8.998,-46.3
-60,90,9.04,-12.684,-50.47
-60,90,9.36,-15.404,-53.47
-60,90,9.68,-16.46,-55.35
-60,90,10,-17.4,-56.47
-60,90,10.32,-20.032,-59.66
-60,90,10.64,-18.398,-58.41
-60,90,10.96,-18.406,-58.39
-60,90,11.28,-17.086,-57.53
-60,90,11.6,-17.7,-58.57
-60,90,11.92,-22.414,-63.54
-60,90,12.24,-19.544,-61.8
-60,90,12.56,-20.07,-64.14
-60,90,12.88,-21.096,-66.3
-60,90,13.2,-20.68,-67.46
-60,90,13.52,-16.292,-62.3
-60,90,13.84,-19.908,-67.39
-60,90,14.16,-13.536,-61.76
-60,90,14.48,-15.134,-66.96
-60,90,14.8,-21.17,-69.18
-60,90,15.12,-15.89,-62.32
-60,90,15.44,-16.246,-62.56
-60,90,15.76,-15.828,-63.02
-60,90,16.08,-15.522,-62.98
-60,90,16.4,-26.13,-75.94
-60,90,16.72,-21.748,-71.23
-60,90,17.04,-24.706,-75.96
-60,90,17.36,-22.846,-75.49
-60,90,17.68,-22.332,-75.41
-60,90,18,-20.71,-73.52
-59,90,2,-3.66,-25.45
-59,90,2.32,-2.776,-28.43
-59,90,2.64,-3.758,-32.47
-59,90,2.96,0.931999999999999,-27.38
-59,90,3.28,-6.122,-36.14
-59,90,3.6,-5.61,-33.06
-59,90,3.92,-9.422,-36.97
-59,90,4.24,-14.036,-43.06
-59,90,4.56,-4.986,-34.8
-59,90,4.88,-7.41,-37.54
-59,90,5.2,-5.42,-36.84
-59,90,5.52,-17.288,-47.57
-59,90,5.84,-17.812,-49.26
-59,90,6.16,-19.44,-51.48
-59,90,6.48,-10.896,-44.98
-59,90,6.8,-12.46,-45.96
-59,90,7.12,-10.926,-45.52
-59,90,7.44,-12.216,-46.55
-59,90,7.76,-13.248,-48.47
-59,90,8.08,-12.096,-46.9
-59,90,8.4,-14.13,-49.51
-59,90,8.72,-9.678,-46.98
-59,90,9.04,-11.854,-49.64
-59,90,9.36,-13.604,-51.67
-59,90,9.68,-14.03,-52.92
-59,90,10,-17.32,-56.39
-59,90,10.32,-18.942,-58.57
-59,90,10.64,-16.808,-56.82
-59,90,10.96,-19.266,-59.25
-59,90,11.28,-16.386,-56.83
-59,90,11.6,-18.33,-59.2
-59,90,11.92,-21.984,-63.11
-59,90,12.24,-18.354,-60.61
-59,90,12.56,-20.38,-64.45
-59,90,12.88,-24.616,-69.82
-59,90,13.2,-19.91,-66.69
-59,90,13.52,-18.322,-64.33
-59,90,13.84,-16.948,-64.43
-59,90,14.16,-19.346,-67.57
-59,90,14.48,-16.284,-68.11
-59,90,14.8,-24.87,-72.88
-59,90,15.12,-15.85,-62.28
-59,90,15.44,-15.726,-62.04
-59,90,15.76,-18.238,-65.43
-59,90,16.08,-14.212,-61.67
-59,90,16.4,-22.69,-72.5
-59,90,16.72,-24.508,-73.99
-59,90,17.04,-18.046,-69.3
-59,90,17.36,-34.356,-87
-59,90,17.68,-21.122,-74.2
-59,90,18,-28.56,-81.37
-58,90,2,-3.35,-25.14
-58,90,2.32,-2.436,-28.09
-58,90,2.64,-3.448,-32.16
-58,90,2.96,1.282,-27.03
-58,90,3.28,-5.802,-35.82
-58,90,3.6,-4.84,-32.29
-58,90,3.92,-8.342,-35.89
-58,90,4.24,-12.716,-41.74
-58,90,4.56,-4.456,-34.27
-58,90,4.88,-6.66,-36.79
-58,90,5.2,-5.1,-36.52
-58,90,5.52,-15.498,-45.78
-58,90,5.84,-17.322,-48.77
-58,90,6.16,-19.09,-51.13
-58,90,6.48,-10.836,-44.92
-58,90,6.8,-11.69,-45.19
-58,90,7.12,-10.696,-45.29
-58,90,7.44,-11.256,-45.59
-58,90,7.76,-13.468,-48.69
-58,90,8.08,-11.496,-46.3
-58,90,8.4,-14.2,-49.58
-58,90,8.72,-9.618,-46.92
-58,90,9.04,-11.154,-48.94
-58,90,9.36,-12.244,-50.31
-58,90,9.68,-13.44,-52.33
-58,90,10,-15.63,-54.7
-58,90,10.32,-17.232,-56.86
-58,90,10.64,-16.598,-56.61
-58,90,10.96,-18.436,-58.42
-58,90,11.28,-16.226,-56.67
-58,90,11.6,-18.27,-59.14
-58,90,11.92,-20.574,-61.7
-58,90,12.24,-17.594,-59.85
-58,90,12.56,-19.26,-63.33
-58,90,12.88,-19.716,-64.92
-58,90,13.2,-23.12,-69.9
-58,90,13.52,-18.522,-64.53
-58,90,13.84,-16.128,-63.61
-58,90,14.16,-16.026,-64.25
-58,90,14.48,-16.104,-67.93
-58,90,14.8,-24,-72.01
-58,90,15.12,-20.58,-67.01
-58,90,15.44,-16.476,-62.79
-58,90,15.76,-20.978,-68.17
-58,90,16.08,-14.772,-62.23
-58,90,16.4,-22.51,-72.32
-58,90,16.72,-33.148,-82.63
-58,90,17.04,-26.506,-77.76
-58,90,17.36,-22.696,-75.34
-58,90,17.68,-23.292,-76.37
-58,90,18,-39.75,-92.56
-57,90,2,-3.02,-24.81
-57,90,2.32,-1.996,-27.65
-57,90,2.64,-3.148,-31.86
-57,90,2.96,1.662,-26.65
-57,90,3.28,-5.152,-35.17
-57,90,3.6,-4.26,-31.71
-57,90,3.92,-7.192,-34.74
-57,90,4.24,-11.226,-40.25
-57,90,4.56,-3.816,-33.63
-57,90,4.88,-5.75,-35.88
-57,90,5.2,-4.81,-36.23
-57,90,5.52,-14.618,-44.9
-57,90,5.84,-15.182,-46.63
-57,90,6.16,-19.02,-51.06
-57,90,6.48,-10.346,-44.43
-57,90,6.8,-11.56,-45.06
-57,90,7.12,-10.226,-44.82
-57,90,7.44,-11.076,-45.41
-57,90,7.76,-14.088,-49.31
-57,90,8.08,-11.376,-46.18
-57,90,8.4,-14.01,-49.39
-57,90,8.72,-8.888,-46.19
-57,90,9.04,-10.394,-48.18
-57,90,9.36,-11.634,-49.7
-57,90,9.68,-14.11,-53
-57,90,10,-13.63,-52.7
-57,90,10.32,-15.402,-55.03
-57,90,10.64,-14.598,-54.61
-57,90,10.96,-20.056,-60.04
-57,90,11.28,-15.626,-56.07
-57,90,11.6,-18.17,-59.04
-57,90,11.92,-20.584,-61.71
-57,90,12.24,-16.994,-59.25
-57,90,12.56,-23.81,-67.88
-57,90,12.88,-23.196,-68.4
-57,90,13.2,-20.8,-67.58
-57,90,13.52,-16.572,-62.58
-57,90,13.84,-23.218,-70.7
-57,90,14.16,-19.046,-67.27
-57,90,14.48,-13.774,-65.6
-57,90,14.8,-25.05,-73.06
-57,90,15.12,-15.23,-61.66
-57,90,15.44,-18.626,-64.94
-57,90,15.76,-15.098,-62.29
-57,90,16.08,-14.742,-62.2
-57,90,16.4,-22.9,-72.71
-57,90,16.72,-22.518,-72
-57,90,17.04,-17.446,-68.7
-57,90,17.36,-22.286,-74.93
-57,90,17.68,-23.442,-76.52
-57,90,18,-28.63,-81.44
-56,90,2,-2.68,-24.47
-56,90,2.32,-1.616,-27.27
-56,90,2.64,-2.848,-31.56
-56,90,2.96,1.992,-26.32
-56,90,3.28,-4.32200000000001,-34.34
-56,90,3.6,-3.84,-31.29
-56,90,3.92,-6.132,-33.68
-56,90,4.24,-10.366,-39.39
-56,90,4.56,-3.176,-32.99
-56,90,4.88,-5.2,-35.33
-56,90,5.2,-4.71,-36.13
-56,90,5.52,-13.758,-44.04
-56,90,5.84,-14.152,-45.6
-56,90,6.16,-18.23,-50.27
-56,90,6.48,-10.466,-44.55
-56,90,6.8,-12.13,-45.63
-56,90,7.12,-9.936,-44.53
-56,90,7.44,-11.416,-45.75
-56,90,7.76,-15.458,-50.68
-56,90,8.08,-11.086,-45.89
-56,90,8.4,-13.79,-49.17
-56,90,8.72,-8.118,-45.42
-56,90,9.04,-11.264,-49.05
-56,90,9.36,-11.444,-49.51
-56,90,9.68,-15.66,-54.55
-56,90,10,-12.49,-51.56
-56,90,10.32,-17.152,-56.78
-56,90,10.64,-15.328,-55.34
-56,90,10.96,-18.726,-58.71
-56,90,11.28,-15.216,-55.66
-56,90,11.6,-20.58,-61.45
-56,90,11.92,-20.804,-61.93
-56,90,12.24,-16.814,-59.07
-56,90,12.56,-24.22,-68.29
-56,90,12.88,-22.366,-67.57
-56,90,13.2,-22.39,-69.17
-56,90,13.52,-16.382,-62.39
-56,90,13.84,-16.548,-64.03
-56,90,14.16,-17.926,-66.15
-56,90,14.48,-19.594,-71.42
-56,90,14.8,-23.06,-71.07
-56,90,15.12,-15.2,-61.63
-56,90,15.44,-19.346,-65.66
-56,90,15.76,-13.758,-60.95
-56,90,16.08,-15.102,-62.56
-56,90,16.4,-18.72,-68.53
-56,90,16.72,-24.878,-74.36
-56,90,17.04,-19.136,-70.39
-56,90,17.36,-24.236,-76.88
-56,90,17.68,-19.402,-72.48
-56,90,18,-24.58,-77.39
-55,90,2,-2.3,-24.09
-55,90,2.32,-1.226,-26.88
-55,90,2.64,-2.478,-31.19
-55,90,2.96,2.312,-26
-55,90,3.28,-3.402,-33.42
-55,90,3.6,-3.5,-30.95
-55,90,3.92,-5.122,-32.67
-55,90,4.24,-9.316,-38.34
-55,90,4.56,-2.416,-32.23
-55,90,4.88,-4.59,-34.72
-55,90,5.2,-4.44,-35.86
-55,90,5.52,-13.258,-43.54
-55,90,5.84,-12.512,-43.96
-55,90,6.16,-17.77,-49.81
-55,90,6.48,-10.326,-44.41
-55,90,6.8,-12.99,-46.49
-55,90,7.12,-10.456,-45.05
-55,90,7.44,-12.256,-46.59
-55,90,7.76,-14.828,-50.05
-55,90,8.08,-10.106,-44.91
-55,90,8.4,-12.87,-48.25
-55,90,8.72,-8.178,-45.48
-55,90,9.04,-10.634,-48.42
-55,90,9.36,-11.544,-49.61
-55,90,9.68,-15.7,-54.59
-55,90,10,-12.67,-51.74
-55,90,10.32,-17.672,-57.3
-55,90,10.64,-14.588,-54.6
-55,90,10.96,-18.836,-58.82
-55,90,11.28,-16.036,-56.48
-55,90,11.6,-21.71,-62.58
-55,90,11.92,-20.524,-61.65
-55,90,12.24,-15.914,-58.17
-55,90,12.56,-23.34,-67.41
-55,90,12.88,-24.366,-69.57
-55,90,13.2,-20.06,-66.84
-55,90,13.52,-16.652,-62.66
-55,90,13.84,-17.668,-65.15
-55,90,14.16,-19.836,-68.06
-55,90,14.48,-26.074,-77.9
-55,90,14.8,-17.25,-65.26
-55,90,15.12,-15.63,-62.06
-55,90,15.44,-18.146,-64.46
-55,90,15.76,-10.308,-57.5
-55,90,16.08,-14.692,-62.15
-55,90,16.4,-15.4,-65.21
-55,90,16.72,-21.868,-71.35
-55,90,17.04,-16.956,-68.21
-55,90,17.36,-23.556,-76.2
-55,90,17.68,-21.452,-74.53
-55,90,18,-22.13,-74.94
-54,90,2,-1.95,-23.74
-54,90,2.32,-0.795999999999999,-26.45
-54,90,2.64,-2.098,-30.81
-54,90,2.96,2.622,-25.69
-54,90,3.28,-2.352,-32.37
-54,90,3.6,-3.25,-30.7
-54,90,3.92,-4.222,-31.77
-54,90,4.24,-8.536,-37.56
-54,90,4.56,-1.646,-31.46
-54,90,4.88,-4.19,-34.32
-54,90,5.2,-4.21,-35.63
-54,90,5.52,-12.978,-43.26
-54,90,5.84,-11.542,-42.99
-54,90,6.16,-17.43,-49.47
-54,90,6.48,-10.116,-44.2
-54,90,6.8,-13.54,-47.04
-54,90,7.12,-11.406,-46
-54,90,7.44,-13.366,-47.7
-54,90,7.76,-15.048,-50.27
-54,90,8.08,-10.376,-45.18
-54,90,8.4,-12.22,-47.6
-54,90,8.72,-8.518,-45.82
-54,90,9.04,-9.80400000000001,-47.59
-54,90,9.36,-11.784,-49.85
-54,90,9.68,-14,-52.89
-54,90,10,-12.88,-51.95
-54,90,10.32,-18.202,-57.83
-54,90,10.64,-14.328,-54.34
-54,90,10.96,-18.336,-58.32
-54,90,11.28,-17.076,-57.52
-54,90,11.6,-20.8,-61.67
-54,90,11.92,-22.244,-63.37
-54,90,12.24,-15.834,-58.09
-54,90,12.56,-25,-69.07
-54,90,12.88,-22.906,-68.11
-54,90,13.2,-32.84,-79.62
-54,90,13.52,-18.692,-64.7
-54,90,13.84,-16.438,-63.92
-54,90,14.16,-19.686,-67.91
-54,90,14.48,-20.154,-71.98
-54,90,14.8,-22.08,-70.09
-54,90,15.12,-16.44,-62.87
-54,90,15.44,-18.046,-64.36
-54,90,15.76,-16.288,-63.48
-54,90,16.08,-12.502,-59.96
-54,90,16.4,-19.65,-69.46
-54,90,16.72,-17.938,-67.42
-54,90,17.04,-37.266,-88.52
-54,90,17.36,-17.886,-70.53
-54,90,17.68,-24.682,-77.76
-54,90,18,-19.24,-72.05
-53,90,2,-1.61,-23.4
-53,90,2.32,-0.385999999999999,-26.04
-53,90,2.64,-1.698,-30.41
-53,90,2.96,2.922,-25.39
-53,90,3.28,-1.392,-31.41
-53,90,3.6,-3.11,-30.56
-53,90,3.92,-3.412,-30.96
-53,90,4.24,-7.786,-36.81
-53,90,4.56,-0.946000000000002,-30.76
-53,90,4.88,-3.91,-34.04
-53,90,5.2,-3.82,-35.24
-53,90,5.52,-12.788,-43.07
-53,90,5.84,-10.742,-42.19
-53,90,6.16,-17.2,-49.24
-53,90,6.48,-10.236,-44.32
-53,90,6.8,-13.6,-47.1
-53,90,7.12,-11.916,-46.51
-53,90,7.44,-14.306,-48.64
-53,90,7.76,-15.618,-50.84
-53,90,8.08,-10.696,-45.5
-53,90,8.4,-12.44,-47.82
-53,90,8.72,-9.148,-46.45
-53,90,9.04,-9.124,-46.91
-53,90,9.36,-11.634,-49.7
-53,90,9.68,-12.67,-51.56
-53,90,10,-12.56,-51.63
-53,90,10.32,-15.072,-54.7
-53,90,10.64,-12.738,-52.75
-53,90,10.96,-16.416,-56.4
-53,90,11.28,-16.196,-56.64
-53,90,11.6,-20.03,-60.9
-53,90,11.92,-21.864,-62.99
-53,90,12.24,-16.044,-58.3
-53,90,12.56,-22.95,-67.02
-53,90,12.88,-20.716,-65.92
-53,90,13.2,-22.52,-69.3
-53,90,13.52,-19.262,-65.27
-53,90,13.84,-15.498,-62.98
-53,90,14.16,-14.306,-62.53
-53,90,14.48,-15.134,-66.96
-53,90,14.8,-22.09,-70.1
-53,90,15.12,-14.49,-60.92
-53,90,15.44,-18.216,-64.53
-53,90,15.76,-13.258,-60.45
-53,90,16.08,-15.282,-62.74
-53,90,16.4,-18.93,-68.74
-53,90,16.72,-18.468,-67.95
-53,90,17.04,-17.786,-69.04
-53,90,17.36,-20.606,-73.25
-53,90,17.68,-22.122,-75.2
-53,90,18,-24.09,-76.9
-52,90,2,-1.25,-23.04
-52,90,2.32,0.0440000000000005,-25.61
-52,90,2.64,-1.278,-29.99
-52,90,2.96,3.302,-25.01
-52,90,3.28,-0.442000000000004,-30.46
-52,90,3.6,-3.01,-30.46
-52,90,3.92,-2.712,-30.26
-52,90,4.24,-6.88599999999999,-35.91
-52,90,4.56,-0.366,-30.18
-52,90,4.88,-3.73999999999999,-33.87
-52,90,5.2,-3.36,-34.78
-52,90,5.52,-12.708,-42.99
-52,90,5.84,-10.302,-41.75
-52,90,6.16,-16.68,-48.72
-52,90,6.48,-10.106,-44.19
-52,90,6.8,-14.14,-47.64
-52,90,7.12,-12.386,-46.98
-52,90,7.44,-14.896,-49.23
-52,90,7.76,-16.488,-51.71
-52,90,8.08,-10.986,-45.79
-52,90,8.4,-13.05,-48.43
-52,90,8.72,-9.428,-46.73
-52,90,9.04,-9.39400000000001,-47.18
-52,90,9.36,-10.934,-49
-52,90,9.68,-10.86,-49.75
-52,90,10,-11.38,-50.45
-52,90,10.32,-14.022,-53.65
-52,90,10.64,-12.638,-52.65
-52,90,10.96,-15.016,-55
-52,90,11.28,-14.156,-54.6
-52,90,11.6,-18.03,-58.9
-52,90,11.92,-18.924,-60.05
-52,90,12.24,-17.424,-59.68
-52,90,12.56,-20.81,-64.88
-52,90,12.88,-19.536,-64.74
-52,90,13.2,-15.49,-62.27
-52,90,13.52,-16.402,-62.41
-52,90,13.84,-15.788,-63.27
-52,90,14.16,-13.786,-62.01
-52,90,14.48,-18.274,-70.1
-52,90,14.8,-22.19,-70.2
-52,90,15.12,-15.48,-61.91
-52,90,15.44,-15.816,-62.13
-52,90,15.76,-15.118,-62.31
-52,90,16.08,-15.412,-62.87
-52,90,16.4,-15.64,-65.45
-52,90,16.72,-19.928,-69.41
-52,90,17.04,-18.836,-70.09
-52,90,17.36,-15.276,-67.92
-52,90,17.68,-21.422,-74.5
-52,90,18,-22.55,-75.36
-51,90,2,-0.890000000000001,-22.68
-51,90,2.32,0.434000000000001,-25.22
-51,90,2.64,-0.858000000000001,-29.57
-51,90,2.96,3.702,-24.61
-51,90,3.28,0.287999999999997,-29.73
-51,90,3.6,-2.73,-30.18
-51,90,3.92,-2.122,-29.67
-51,90,4.24,-6.366,-35.39
-51,90,4.56,0.0839999999999996,-29.73
-51,90,4.88,-3.59,-33.72
-51,90,5.2,-2.93,-34.35
-51,90,5.52,-11.548,-41.83
-51,90,5.84,-10.162,-41.61
-51,90,6.16,-16.61,-48.65
-51,90,6.48,-9.936,-44.02
-51,90,6.8,-13.41,-46.91
-51,90,7.12,-12.426,-47.02
-51,90,7.44,-14.906,-49.24
-51,90,7.76,-17.378,-52.6
-51,90,8.08,-10.546,-45.35
-51,90,8.4,-13.65,-49.03
-51,90,8.72,-9.518,-46.82
-51,90,9.04,-9.724,-47.51
-51,90,9.36,-10.184,-48.25
-51,90,9.68,-9.8,-48.69
-51,90,10,-11.11,-50.18
-51,90,10.32,-13.352,-52.98
-51,90,10.64,-11.378,-51.39
-51,90,10.96,-13.756,-53.74
-51,90,11.28,-12.896,-53.34
-51,90,11.6,-16.4,-57.27
-51,90,11.92,-17.134,-58.26
-51,90,12.24,-17.124,-59.38
-51,90,12.56,-25.12,-69.19
-51,90,12.88,-18.056,-63.26
-51,90,13.2,-14.3,-61.08
-51,90,13.52,-15.102,-61.11
-51,90,13.84,-16.078,-63.56
-51,90,14.16,-11.826,-60.05
-51,90,14.48,-16.764,-68.59
-51,90,14.8,-32.04,-80.05
-51,90,15.12,-17.77,-64.2
-51,90,15.44,-17.666,-63.98
-51,90,15.76,-16.148,-63.34
-51,90,16.08,-13.262,-60.72
-51,90,16.4,-18.2,-68.01
-51,90,16.72,-16.838,-66.32
-51,90,17.04,-17.546,-68.8
-51,90,17.36,-17.826,-70.47
-51,90,17.68,-27.292,-80.37
-51,90,18,-16.07,-68.88
-50,90,2,-0.560000000000002,-22.35
-50,90,2.32,0.774000000000001,-24.88
-50,90,2.64,-0.408000000000001,-29.12
-50,90,2.96,4.102,-24.21
-50,90,3.28,0.987999999999996,-29.03
-50,90,3.6,-2.49,-29.94
-50,90,3.92,-1.652,-29.2
-50,90,4.24,-5.73599999999999,-34.76
-50,90,4.56,0.414000000000001,-29.4
-50,90,4.88,-3.34,-33.47
-50,90,5.2,-2.61,-34.03
-50,90,5.52,-10.418,-40.7
-50,90,5.84,-10.502,-41.95
-50,90,6.16,-15.72,-47.76
-50,90,6.48,-9.736,-43.82
-50,90,6.8,-13.22,-46.72
-50,90,7.12,-12.096,-46.69
-50,90,7.44,-14.986,-49.32
-50,90,7.76,-17.198,-52.42
-50,90,8.08,-10.036,-44.84
-50,90,8.4,-14.13,-49.51
-50,90,8.72,-9.248,-46.55
-50,90,9.04,-10.034,-47.82
-50,90,9.36,-10.294,-48.36
-50,90,9.68,-10.2,-49.09
-50,90,10,-10.73,-49.8
-50,90,10.32,-13.882,-53.51
-50,90,10.64,-10.088,-50.1
-50,90,10.96,-14.156,-54.14
-50,90,11.28,-12.116,-52.56
-50,90,11.6,-17.18,-58.05
-50,90,11.92,-17.084,-58.21
-50,90,12.24,-15.204,-57.46
-50,90,12.56,-26.96,-71.03
-50,90,12.88,-18.856,-64.06
-50,90,13.2,-13.48,-60.26
-50,90,13.52,-15.932,-61.94
-50,90,13.84,-19.908,-67.39
-50,90,14.16,-12.596,-60.82
-50,90,14.48,-22.614,-74.44
-50,90,14.8,-20.19,-68.2
-50,90,15.12,-14.1,-60.53
-50,90,15.44,-14.646,-60.96
-50,90,15.76,-15.368,-62.56
-50,90,16.08,-14.472,-61.93
-50,90,16.4,-13.27,-63.08
-50,90,16.72,-20.738,-70.22
-50,90,17.04,-17.316,-68.57
-50,90,17.36,-14.246,-66.89
-50,90,17.68,-29.392,-82.47
-50,90,18,-21.08,-73.89
-49,90,2,-0.199999999999999,-21.99
-49,90,2.32,1.144,-24.51
-49,90,2.64,0.0820000000000007,-28.63
-49,90,2.96,4.512,-23.8
-49,90,3.28,1.508,-28.51
-49,90,3.6,-2.26,-29.71
-49,90,3.92,-1.332,-28.88
-49,90,4.24,-4.976,-34
-49,90,4.56,0.533999999999999,-29.28
-49,90,4.88,-3.02999999999999,-33.16
-49,90,5.2,-2.35,-33.77
-49,90,5.52,-8.978,-39.26
-49,90,5.84,-10.822,-42.27
-49,90,6.16,-14.69,-46.73
-49,90,6.48,-9.656,-43.74
-49,90,6.8,-12.76,-46.26
-49,90,7.12,-11.556,-46.15
-49,90,7.44,-14.186,-48.52
-49,90,7.76,-15.118,-50.34
-49,90,8.08,-9.616,-44.42
-49,90,8.4,-13.73,-49.11
-49,90,8.72,-8.948,-46.25
-49,90,9.04,-9.46400000000001,-47.25
-49,90,9.36,-10.224,-48.29
-49,90,9.68,-10.4,-49.29
-49,90,10,-10.01,-49.08
-49,90,10.32,-13.392,-53.02
-49,90,10.64,-10.398,-50.41
-49,90,10.96,-12.706,-52.69
-49,90,11.28,-11.386,-51.83
-49,90,11.6,-15.06,-55.93
-49,90,11.92,-16.724,-57.85
-49,90,12.24,-15.294,-57.55
-49,90,12.56,-20.62,-64.69
-49,90,12.88,-20.636,-65.84
-49,90,13.2,-13.83,-60.61
-49,90,13.52,-16.992,-63
-49,90,13.84,-16.298,-63.78
-49,90,14.16,-14.926,-63.15
-49,90,14.48,-22.154,-73.98
-49,90,14.8,-21.33,-69.34
-49,90,15.12,-13.96,-60.39
-49,90,15.44,-16.386,-62.7
-49,90,15.76,-13.928,-61.12
-49,90,16.08,-14.402,-61.86
-49,90,16.4,-13.18,-62.99
-49,90,16.72,-17.738,-67.22
-49,90,17.04,-17.956,-69.21
-49,90,17.36,-24.546,-77.19
-49,90,17.68,-22.052,-75.13
-49,90,18,-15.75,-68.56
-48,90,2,0.199999999999999,-21.59
-48,90,2.32,1.434,-24.22
-48,90,2.64,0.552,-28.16
-48,90,2.96,4.962,-23.35
-48,90,3.28,1.918,-28.1
-48,90,3.6,-1.87,-29.32
-48,90,3.92,-1.062,-28.61
-48,90,4.24,-4.256,-33.28
-48,90,4.56,0.504000000000001,-29.31
-48,90,4.88,-2.52999999999999,-32.66
-48,90,5.2,-2.09,-33.51
-48,90,5.52,-7.808,-38.09
-48,90,5.84,-11.282,-42.73
-48,90,6.16,-13.86,-45.9
-48,90,6.48,-9.46599999999999,-43.55
-48,90,6.8,-11.76,-45.26
-48,90,7.12,-11.276,-45.87
-48,90,7.44,-14.416,-48.75
-48,90,7.76,-13.978,-49.2
-48,90,8.08,-10.106,-44.91
-48,90,8.4,-13.42,-48.8
-48,90,8.72,-8.808,-46.11
-48,90,9.04,-8.874,-46.66
-48,90,9.36,-10.014,-48.08
-48,90,9.68,-10.92,-49.81
-48,90,10,-9.14,-48.21
-48,90,10.32,-13.252,-52.88
-48,90,10.64,-10.598,-50.61
-48,90,10.96,-13.786,-53.77
-48,90,11.28,-11.586,-52.03
-48,90,11.6,-17.08,-57.95
-48,90,11.92,-15.284,-56.41
-48,90,12.24,-16.104,-58.36
-48,90,12.56,-26.05,-70.12
-48,90,12.88,-19.616,-64.82
-48,90,13.2,-16.68,-63.46
-48,90,13.52,-20.042,-66.05
-48,90,13.84,-20.958,-68.44
-48,90,14.16,-15.676,-63.9
-48,90,14.48,-15.574,-67.4
-48,90,14.8,-36.54,-84.55
-48,90,15.12,-13.93,-60.36
-48,90,15.44,-17.226,-63.54
-48,90,15.76,-14.238,-61.43
-48,90,16.08,-15.432,-62.89
-48,90,16.4,-14.3,-64.11
-48,90,16.72,-18.468,-67.95
-48,90,17.04,-13.796,-65.05
-48,90,17.36,-22.476,-75.12
-48,90,17.68,-24.352,-77.43
-48,90,18,-21.7,-74.51
-47,90,2,0.539999999999999,-21.25
-47,90,2.32,1.794,-23.86
-47,90,2.64,1.032,-27.68
-47,90,2.96,5.362,-22.95
-47,90,3.28,2.258,-27.76
-47,90,3.6,-1.46,-28.91
-47,90,3.92,-0.881999999999998,-28.43
-47,90,4.24,-3.66599999999999,-32.69
-47,90,4.56,0.404,-29.41
-47,90,4.88,-1.95,-32.08
-47,90,5.2,-2,-33.42
-47,90,5.52,-7.068,-37.35
-47,90,5.84,-11.642,-43.09
-47,90,6.16,-12.71,-44.75
-47,90,6.48,-9.006,-43.09
-47,90,6.8,-11.57,-45.07
-47,90,7.12,-11.206,-45.8
-47,90,7.44,-14.656,-48.99
-47,90,7.76,-13.278,-48.5
-47,90,8.08,-10.866,-45.67
-47,90,8.4,-13.31,-48.69
-47,90,8.72,-8.678,-45.98
-47,90,9.04,-8.99400000000001,-46.78
-47,90,9.36,-9.334,-47.4
-47,90,9.68,-11.29,-50.18
-47,90,10,-9.25,-48.32
-47,90,10.32,-14.752,-54.38
-47,90,10.64,-10.098,-50.11
-47,90,10.96,-13.986,-53.97
-47,90,11.28,-12.586,-53.03
-47,90,11.6,-15.46,-56.33
-47,90,11.92,-15.304,-56.43
-47,90,12.24,-16.374,-58.63
-47,90,12.56,-34.68,-78.75
-47,90,12.88,-19.516,-64.72
-47,90,13.2,-18.12,-64.9
-47,90,13.52,-16.562,-62.57
-47,90,13.84,-16.328,-63.81
-47,90,14.16,-15.836,-64.06
-47,90,14.48,-16.274,-68.1
-47,90,14.8,-30.81,-78.82
-47,90,15.12,-14.94,-61.37
-47,90,15.44,-16.316,-62.63
-47,90,15.76,-12.218,-59.41
-47,90,16.08,-12.582,-60.04
-47,90,16.4,-13.83,-63.64
-47,90,16.72,-18.798,-68.28
-47,90,17.04,-19.586,-70.84
-47,90,17.36,-21.776,-74.42
-47,90,17.68,-19.352,-72.43
-47,90,18,-22.14,-74.95
-46,90,2,0.859999999999999,-20.93
-46,90,2.32,2.064,-23.59
-46,90,2.64,1.532,-27.18
-46,90,2.96,5.682,-22.63
-46,90,3.28,2.508,-27.51
-46,90,3.6,-1.01,-28.46
-46,90,3.92,-0.671999999999997,-28.22
-46,90,4.24,-3.106,-32.13
-46,90,4.56,0.404,-29.41
-46,90,4.88,-1.46,-31.59
-46,90,5.2,-1.7,-33.12
-46,90,5.52,-6.678,-36.96
-46,90,5.84,-11.242,-42.69
-46,90,6.16,-11.57,-43.61
-46,90,6.48,-8.616,-42.7
-46,90,6.8,-11.46,-44.96
-46,90,7.12,-10.936,-45.53
-46,90,7.44,-15.036,-49.37
-46,90,7.76,-13.998,-49.22
-46,90,8.08,-11.236,-46.04
-46,90,8.4,-13.51,-48.89
-46,90,8.72,-8.958,-46.26
-46,90,9.04,-8.99400000000001,-46.78
-46,90,9.36,-10.274,-48.34
-46,90,9.68,-12.11,-51
-46,90,10,-9.33,-48.4
-46,90,10.32,-15.462,-55.09
-46,90,10.64,-10.358,-50.37
-46,90,10.96,-13.796,-53.78
-46,90,11.28,-11.746,-52.19
-46,90,11.6,-15.08,-55.95
-46,90,11.92,-14.194,-55.32
-46,90,12.24,-16.524,-58.78
-46,90,12.56,-21.81,-65.88
-46,90,12.88,-20.036,-65.24
-46,90,13.2,-14.03,-60.81
-46,90,13.52,-15.522,-61.53
-46,90,13.84,-14.048,-61.53
-46,90,14.16,-13.946,-62.17
-46,90,14.48,-18.134,-69.96
-46,90,14.8,-29.44,-77.45
-46,90,15.12,-14.91,-61.34
-46,90,15.44,-16.696,-63.01
-46,90,15.76,-14.278,-61.47
-46,90,16.08,-14.262,-61.72
-46,90,16.4,-12.15,-61.96
-46,90,16.72,-20.588,-70.07
-46,90,17.04,-15.656,-66.91
-46,90,17.36,-18.096,-70.74
-46,90,17.68,-17.222,-70.3
-46,90,18,-16.07,-68.88
-45,90,2,1.21,-20.58
-45,90,2.32,2.374,-23.28
-45,90,2.64,2.002,-26.71
-45,90,2.96,5.932,-22.38
-45,90,3.28,2.708,-27.31
-45,90,3.6,-0.620000000000001,-28.07
-45,90,3.92,-0.491999999999997,-28.04
-45,90,4.24,-2.60599999999999,-31.63
-45,90,4.56,0.384,-29.43
-45,90,4.88,-0.979999999999997,-31.11
-45,90,5.2,-1.57,-32.99
-45,90,5.52,-6.398,-36.68
-45,90,5.84,-10.542,-41.99
-45,90,6.16,-10.76,-42.8
-45,90,6.48,-8.256,-42.34
-45,90,6.8,-11.6,-45.1
-45,90,7.12,-10.786,-45.38
-45,90,7.44,-15.416,-49.75
-45,90,7.76,-14.758,-49.98
-45,90,8.08,-11.536,-46.34
-45,90,8.4,-13.84,-49.22
-45,90,8.72,-9.568,-46.87
-45,90,9.04,-8.92400000000001,-46.71
-45,90,9.36,-10.804,-48.87
-45,90,9.68,-12.61,-51.5
-45,90,10,-10.12,-49.19
-45,90,10.32,-15.572,-55.2
-45,90,10.64,-10.098,-50.11
-45,90,10.96,-12.056,-52.04
-45,90,11.28,-11.316,-51.76
-45,90,11.6,-14.85,-55.72
-45,90,11.92,-14.524,-55.65
-45,90,12.24,-20.014,-62.27
-45,90,12.56,-19.28,-63.35
-45,90,12.88,-20.876,-66.08
-45,90,13.2,-11.89,-58.67
-45,90,13.52,-12.802,-58.81
-45,90,13.84,-11.818,-59.3
-45,90,14.16,-12.356,-60.58
-45,90,14.48,-14.564,-66.39
-45,90,14.8,-22.02,-70.03
-45,90,15.12,-12.95,-59.38
-45,90,15.44,-14.726,-61.04
-45,90,15.76,-13.648,-60.84
-45,90,16.08,-13.672,-61.13
-45,90,16.4,-12.58,-62.39
-45,90,16.72,-17.338,-66.82
-45,90,17.04,-15.966,-67.22
-45,90,17.36,-17.576,-70.22
-45,90,17.68,-24.952,-78.03
-45,90,18,-18.29,-71.1
-44,90,2,1.56,-20.23
-44,90,2.32,2.654,-23
-44,90,2.64,2.532,-26.18
-44,90,2.96,6.132,-22.18
-44,90,3.28,2.928,-27.09
-44,90,3.6,-0.120000000000001,-27.57
-44,90,3.92,-0.251999999999999,-27.8
-44,90,4.24,-2.12599999999999,-31.15
-44,90,4.56,0.524000000000001,-29.29
-44,90,4.88,-0.569999999999997,-30.7
-44,90,5.2,-1.18,-32.6
-44,90,5.52,-6.248,-36.53
-44,90,5.84,-9.812,-41.26
-44,90,6.16,-9.84,-41.88
-44,90,6.48,-7.796,-41.88
-44,90,6.8,-11.04,-44.54
-44,90,7.12,-9.966,-44.56
-44,90,7.44,-15.686,-50.02
-44,90,7.76,-14.548,-49.77
-44,90,8.08,-11.506,-46.31
-44,90,8.4,-14.33,-49.71
-44,90,8.72,-9.978,-47.28
-44,90,9.04,-9.31400000000001,-47.1
-44,90,9.36,-13.394,-51.46
-44,90,9.68,-11.94,-50.83
-44,90,10,-10.76,-49.83
-44,90,10.32,-15.202,-54.83
-44,90,10.64,-9.298,-49.31
-44,90,10.96,-12.156,-52.14
-44,90,11.28,-10.966,-51.41
-44,90,11.6,-13.95,-54.82
-44,90,11.92,-13.064,-54.19
-44,90,12.24,-16.954,-59.21
-44,90,12.56,-14.92,-58.99
-44,90,12.88,-20.246,-65.45
-44,90,13.2,-10.05,-56.83
-44,90,13.52,-13.602,-59.61
-44,90,13.84,-10.498,-57.98
-44,90,14.16,-10.476,-58.7
-44,90,14.48,-13.504,-65.33
-44,90,14.8,-16.54,-64.55
-44,90,15.12,-17.11,-63.54
-44,90,15.44,-17.866,-64.18
-44,90,15.76,-15.088,-62.28
-44,90,16.08,-14.932,-62.39
-44,90,16.4,-13.58,-63.39
-44,90,16.72,-16.908,-66.39
-44,90,17.04,-17.756,-69.01
-44,90,17.36,-18.096,-70.74
-44,90,17.68,-39.792,-92.87
-44,90,18,-22.99,-75.8
-43,90,2,1.91,-19.88
-43,90,2.32,2.934,-22.72
-43,90,2.64,2.962,-25.75
-43,90,2.96,6.252,-22.06
-43,90,3.28,3.168,-26.85
-43,90,3.6,0.300000000000001,-27.15
-43,90,3.92,0.0280000000000022,-27.52
-43,90,4.24,-1.60599999999999,-30.63
-43,90,4.56,0.864000000000001,-28.95
-43,90,4.88,-0.209999999999997,-30.34
-43,90,5.2,-0.82,-32.24
-43,90,5.52,-6.118,-36.4
-43,90,5.84,-8.922,-40.37
-43,90,6.16,-8.83,-40.87
-43,90,6.48,-7.71599999999999,-41.8
-43,90,6.8,-10.62,-44.12
-43,90,7.12,-9.486,-44.08
-43,90,7.44,-15.886,-50.22
-43,90,7.76,-14.448,-49.67
-43,90,8.08,-10.906,-45.71
-43,90,8.4,-13.51,-48.89
-43,90,8.72,-10.278,-47.58
-43,90,9.04,-10.064,-47.85
-43,90,9.36,-12.814,-50.88
-43,90,9.68,-10.84,-49.73
-43,90,10,-10.79,-49.86
-43,90,10.32,-14.672,-54.3
-43,90,10.64,-8.968,-48.98
-43,90,10.96,-12.366,-52.35
-43,90,11.28,-10.846,-51.29
-43,90,11.6,-13.12,-53.99
-43,90,11.92,-11.904,-53.03
-43,90,12.24,-16.584,-58.84
-43,90,12.56,-14.63,-58.7
-43,90,12.88,-16.856,-62.06
-43,90,13.2,-9.54,-56.32
-43,90,13.52,-12.222,-58.23
-43,90,13.84,-10.958,-58.44
-43,90,14.16,-9.636,-57.86
-43,90,14.48,-11.954,-63.78
-43,90,14.8,-15.05,-63.06
-43,90,15.12,-15.08,-61.51
-43,90,15.44,-22.606,-68.92
-43,90,15.76,-13.068,-60.26
-43,90,16.08,-12.812,-60.27
-43,90,16.4,-12.79,-62.6
-43,90,16.72,-13.178,-62.66
-43,90,17.04,-21.856,-73.11
-43,90,17.36,-13.166,-65.81
-43,90,17.68,-18.732,-71.81
-43,90,18,-19.46,-72.27
-42,90,2,2.24,-19.55
-42,90,2.32,3.204,-22.45
-42,90,2.64,3.422,-25.29
-42,90,2.96,6.342,-21.97
-42,90,3.28,3.358,-26.66
-42,90,3.6,0.669999999999998,-26.78
-42,90,3.92,0.368000000000002,-27.18
-42,90,4.24,-1.17599999999999,-30.2
-42,90,4.56,1.214,-28.6
-42,90,4.88,0.160000000000004,-29.97
-42,90,5.2,-0.309999999999999,-31.73
-42,90,5.52,-5.718,-36
-42,90,5.84,-8.012,-39.46
-42,90,6.16,-7.96,-40
-42,90,6.48,-7.296,-41.38
-42,90,6.8,-9.81,-43.31
-42,90,7.12,-9.256,-43.85
-42,90,7.44,-15.296,-49.63
-42,90,7.76,-13.828,-49.05
-42,90,8.08,-11.646,-46.45
-42,90,8.4,-13.36,-48.74
-42,90,8.72,-10.958,-48.26
-42,90,9.04,-10.104,-47.89
-42,90,9.36,-11.574,-49.64
-42,90,9.68,-10.33,-49.22
-42,90,10,-10.52,-49.59
-42,90,10.32,-13.982,-53.61
-42,90,10.64,-8.768,-48.78
-42,90,10.96,-12.446,-52.43
-42,90,11.28,-10.086,-50.53
-42,90,11.6,-12.05,-52.92
-42,90,11.92,-12.674,-53.8
-42,90,12.24,-14.834,-57.09
-42,90,12.56,-13.74,-57.81
-42,90,12.88,-17.126,-62.33
-42,90,13.2,-10.08,-56.86
-42,90,13.52,-11.092,-57.1
-42,90,13.84,-10.188,-57.67
-42,90,14.16,-8.736,-56.96
-42,90,14.48,-13.724,-65.55
-42,90,14.8,-10.62,-58.63
-42,90,15.12,-16.7,-63.13
-42,90,15.44,-22.626,-68.94
-42,90,15.76,-12.528,-59.72
-42,90,16.08,-14.132,-61.59
-42,90,16.4,-12.91,-62.72
-42,90,16.72,-14.448,-63.93
-42,90,17.04,-16.956,-68.21
-42,90,17.36,-12.596,-65.24
-42,90,17.68,-29.382,-82.46
-42,90,18,-16.46,-69.27
-41,90,2,2.59,-19.2
-41,90,2.32,3.464,-22.19
-41,90,2.64,3.882,-24.83
-41,90,2.96,6.352,-21.96
-41,90,3.28,3.598,-26.42
-41,90,3.6,0.989999999999998,-26.46
-41,90,3.92,0.768000000000001,-26.78
-41,90,4.24,-0.685999999999996,-29.71
-41,90,4.56,1.684,-28.13
-41,90,4.88,0.520000000000003,-29.61
-41,90,5.2,0.270000000000003,-31.15
-41,90,5.52,-5.218,-35.5
-41,90,5.84,-7.072,-38.52
-41,90,6.16,-6.88,-38.92
-41,90,6.48,-6.976,-41.06
-41,90,6.8,-8.89,-42.39
-41,90,7.12,-8.926,-43.52
-41,90,7.44,-15.056,-49.39
-41,90,7.76,-14.888,-50.11
-41,90,8.08,-12.886,-47.69
-41,90,8.4,-13.53,-48.91
-41,90,8.72,-12.388,-49.69
-41,90,9.04,-10.874,-48.66
-41,90,9.36,-11.274,-49.34
-41,90,9.68,-9.97,-48.86
-41,90,10,-9.98,-49.05
-41,90,10.32,-14.852,-54.48
-41,90,10.64,-9.138,-49.15
-41,90,10.96,-11.896,-51.88
-41,90,11.28,-9.486,-49.93
-41,90,11.6,-12.2,-53.07
-41,90,11.92,-11.974,-53.1
-41,90,12.24,-13.464,-55.72
-41,90,12.56,-14.41,-58.48
-41,90,12.88,-16.076,-61.28
-41,90,13.2,-10.22,-57
-41,90,13.52,-11.372,-57.38
-41,90,13.84,-9.308,-56.79
-41,90,14.16,-9.796,-58.02
-41,90,14.48,-10.624,-62.45
-41,90,14.8,-8.57,-56.58
-41,90,15.12,-13.47,-59.9
-41,90,15.44,-16.206,-62.52
-41,90,15.76,-14.858,-62.05
-41,90,16.08,-17.392,-64.85
-41,90,16.4,-13.33,-63.14
-41,90,16.72,-13.098,-62.58
-41,90,17.04,-14.706,-65.96
-41,90,17.36,-15.786,-68.43
-41,90,17.68,-17.872,-70.95
-41,90,18,-30.09,-82.9
-40,90,2,2.9,-18.89
-40,90,2.32,3.714,-21.94
-40,90,2.64,4.362,-24.35
-40,90,2.96,6.362,-21.95
-40,90,3.28,3.858,-26.16
-40,90,3.6,1.27,-26.18
-40,90,3.92,1.238,-26.31
-40,90,4.24,-0.0959999999999965,-29.12
-40,90,4.56,2.194,-27.62
-40,90,4.88,0.870000000000001,-29.26
-40,90,5.2,0.950000000000003,-30.47
-40,90,5.52,-4.518,-34.8
-40,90,5.84,-6.032,-37.48
-40,90,6.16,-5.87,-37.91
-40,90,6.48,-6.706,-40.79
-40,90,6.8,-8.26,-41.76
-40,90,7.12,-8.766,-43.36
-40,90,7.44,-14.246,-48.58
-40,90,7.76,-15.658,-50.88
-40,90,8.08,-12.806,-47.61
-40,90,8.4,-14.73,-50.11
-40,90,8.72,-13.708,-51.01
-40,90,9.04,-10.864,-48.65
-40,90,9.36,-10.854,-48.92
-40,90,9.68,-10.15,-49.04
-40,90,10,-10.38,-49.45
-40,90,10.32,-13.482,-53.11
-40,90,10.64,-9.488,-49.5
-40,90,10.96,-10.936,-50.92
-40,90,11.28,-8.846,-49.29
-40,90,11.6,-10.59,-51.46
-40,90,11.92,-11.134,-52.26
-40,90,12.24,-13.314,-55.57
-40,90,12.56,-15.2,-59.27
-40,90,12.88,-14.136,-59.34
-40,90,13.2,-10.06,-56.84
-40,90,13.52,-10.642,-56.65
-40,90,13.84,-10.078,-57.56
-40,90,14.16,-9.736,-57.96
-40,90,14.48,-9.25399999999999,-61.08
-40,90,14.8,-7.56,-55.57
-40,90,15.12,-11.86,-58.29
-40,90,15.44,-15.596,-61.91
-40,90,15.76,-13.248,-60.44
-40,90,16.08,-16.642,-64.1
-40,90,16.4,-15.63,-65.44
-40,90,16.72,-14.218,-63.7
-40,90,17.04,-17.556,-68.81
-40,90,17.36,-14.086,-66.73
-40,90,17.68,-18.132,-71.21
-40,90,18,-15.65,-68.46
-39,90,2,3.25,-18.54
-39,90,2.32,3.954,-21.7
-39,90,2.64,4.762,-23.95
-39,90,2.96,6.292,-22.02
-39,90,3.28,4.118,-25.9
-39,90,3.6,1.56,-25.89
-39,90,3.92,1.688,-25.86
-39,90,4.24,0.354000000000003,-28.67
-39,90,4.56,2.694,-27.12
-39,90,4.88,1.33,-28.8
-39,90,5.2,1.57,-29.85
-39,90,5.52,-3.688,-33.97
-39,90,5.84,-5.402,-36.85
-39,90,6.16,-5.42,-37.46
-39,90,6.48,-6.096,-40.18
-39,90,6.8,-7.93,-41.43
-39,90,7.12,-8.626,-43.22
-39,90,7.44,-14.626,-48.96
-39,90,7.76,-17.568,-52.79
-39,90,8.08,-12.556,-47.36
-39,90,8.4,-16.49,-51.87
-39,90,8.72,-15.548,-52.85
-39,90,9.04,-11.164,-48.95
-39,90,9.36,-12.674,-50.74
-39,90,9.68,-9.82,-48.71
-39,90,10,-10.22,-49.29
-39,90,10.32,-12.572,-52.2
-39,90,10.64,-10.088,-50.1
-39,90,10.96,-10.726,-50.71
-39,90,11.28,-8.946,-49.39
-39,90,11.6,-10.54,-51.41
-39,90,11.92,-10.684,-51.81
-39,90,12.24,-11.924,-54.18
-39,90,12.56,-13.22,-57.29
-39,90,12.88,-14.376,-59.58
-39,90,13.2,-10.12,-56.9
-39,90,13.52,-9.822,-55.83
-39,90,13.84,-10.458,-57.94
-39,90,14.16,-7.446,-55.67
-39,90,14.48,-7.47399999999999,-59.3
-39,90,14.8,-8.05,-56.06
-39,90,15.12,-11.77,-58.2
-39,90,15.44,-13.956,-60.27
-39,90,15.76,-13.368,-60.56
-39,90,16.08,-18.722,-66.18
-39,90,16.4,-13.85,-63.66
-39,90,16.72,-17.408,-66.89
-39,90,17.04,-15.856,-67.11
-39,90,17.36,-13.266,-65.91
-39,90,17.68,-18.112,-71.19
-39,90,18,-17.38,-70.19
-38,90,2,3.51,-18.28
-38,90,2.32,4.174,-21.48
-38,90,2.64,5.092,-23.62
-38,90,2.96,6.262,-22.05
-38,90,3.28,4.378,-25.64
-38,90,3.6,1.87,-25.58
-38,90,3.92,2.158,-25.39
-38,90,4.24,0.924000000000003,-28.1
-38,90,4.56,3.124,-26.69
-38,90,4.88,1.88,-28.25
-38,90,5.2,2.2,-29.22
-38,90,5.52,-2.988,-33.27
-38,90,5.84,-4.632,-36.08
-38,90,6.16,-4.63,-36.67
-38,90,6.48,-5.436,-39.52
-38,90,6.8,-7.5,-41
-38,90,7.12,-8.716,-43.31
-38,90,7.44,-15.366,-49.7
-38,90,7.76,-18.138,-53.36
-38,90,8.08,-11.976,-46.78
-38,90,8.4,-18.31,-53.69
-38,90,8.72,-17.528,-54.83
-38,90,9.04,-11.894,-49.68
-38,90,9.36,-14.614,-52.68
-38,90,9.68,-10,-48.89
-38,90,10,-12.6,-51.67
-38,90,10.32,-14.222,-53.85
-38,90,10.64,-10.168,-50.18
-38,90,10.96,-10.336,-50.32
-38,90,11.28,-8.846,-49.29
-38,90,11.6,-11.39,-52.26
-38,90,11.92,-9.194,-50.32
-38,90,12.24,-11.744,-54
-38,90,12.56,-13.22,-57.29
-38,90,12.88,-13.426,-58.63
-38,90,13.2,-8.22,-55
-38,90,13.52,-10.972,-56.98
-38,90,13.84,-9.358,-56.84
-38,90,14.16,-6.93599999999999,-55.16
-38,90,14.48,-7.23399999999999,-59.06
-38,90,14.8,-6.16,-54.17
-38,90,15.12,-10.23,-56.66
-38,90,15.44,-11.126,-57.44
-38,90,15.76,-10.968,-58.16
-38,90,16.08,-17.302,-64.76
-38,90,16.4,-19.01,-68.82
-38,90,16.72,-16.808,-66.29
-38,90,17.04,-15.986,-67.24
-38,90,17.36,-14.706,-67.35
-38,90,17.68,-25.502,-78.58
-38,90,18,-16.41,-69.22
-37,90,2,3.81,-17.98
-37,90,2.32,4.404,-21.25
-37,90,2.64,5.422,-23.29
-37,90,2.96,6.202,-22.11
-37,90,3.28,4.658,-25.36
-37,90,3.6,2.2,-25.25
-37,90,3.92,2.568,-24.98
-37,90,4.24,1.454,-27.57
-37,90,4.56,3.564,-26.25
-37,90,4.88,2.53,-27.6
-37,90,5.2,2.83,-28.59
-37,90,5.52,-2.248,-32.53
-37,90,5.84,-3.902,-35.35
-37,90,6.16,-3.88,-35.92
-37,90,6.48,-4.89599999999999,-38.98
-37,90,6.8,-7,-40.5
-37,90,7.12,-8.216,-42.81
-37,90,7.44,-14.486,-48.82
-37,90,7.76,-16.498,-51.72
-37,90,8.08,-11.046,-45.85
-37,90,8.4,-19.89,-55.27
-37,90,8.72,-19.948,-57.25
-37,90,9.04,-13.184,-50.97
-37,90,9.36,-18.674,-56.74
-37,90,9.68,-11.53,-50.42
-37,90,10,-14.46,-53.53
-37,90,10.32,-15.062,-54.69
-37,90,10.64,-10.368,-50.38
-37,90,10.96,-11.716,-51.7
-37,90,11.28,-9.21599999999999,-49.66
-37,90,11.6,-10.59,-51.46
-37,90,11.92,-9.794,-50.92
-37,90,12.24,-11.644,-53.9
-37,90,12.56,-9.17999999999999,-53.25
-37,90,12.88,-11.886,-57.09
-37,90,13.2,-7.8,-54.58
-37,90,13.52,-10.692,-56.7
-37,90,13.84,-8.028,-55.51
-37,90,14.16,-6.67599999999999,-54.9
-37,90,14.48,-8.30399999999999,-60.13
-37,90,14.8,-6.15,-54.16
-37,90,15.12,-9.1,-55.53
-37,90,15.44,-10.176,-56.49
-37,90,15.76,-10.528,-57.72
-37,90,16.08,-12.812,-60.27
-37,90,16.4,-18.59,-68.4
-37,90,16.72,-14.958,-64.44
-37,90,17.04,-21.866,-73.12
-37,90,17.36,-13.986,-66.63
-37,90,17.68,-18.042,-71.12
-37,90,18,-13.79,-66.6
-36,90,2,4.04,-17.75
-36,90,2.32,4.614,-21.04
-36,90,2.64,5.742,-22.97
-36,90,2.96,6.212,-22.1
-36,90,3.28,4.898,-25.12
-36,90,3.6,2.62,-24.83
-36,90,3.92,3.028,-24.52
-36,90,4.24,1.96400000000001,-27.06
-36,90,4.56,3.964,-25.85
-36,90,4.88,3.13,-27
-36,90,5.2,3.35,-28.07
-36,90,5.52,-1.638,-31.92
-36,90,5.84,-3.072,-34.52
-36,90,6.16,-3.05,-35.09
-36,90,6.48,-4.39599999999999,-38.48
-36,90,6.8,-6.61,-40.11
-36,90,7.12,-7.486,-42.08
-36,90,7.44,-13.076,-47.41
-36,90,7.76,-13.518,-48.74
-36,90,8.08,-10.306,-45.11
-36,90,8.4,-21.11,-56.49
-36,90,8.72,-21.418,-58.72
-36,90,9.04,-15.304,-53.09
-36,90,9.36,-24.944,-63.01
-36,90,9.68,-12.24,-51.13
-36,90,10,-17.2,-56.27
-36,90,10.32,-15.502,-55.13
-36,90,10.64,-11.078,-51.09
-36,90,10.96,-12.316,-52.3
-36,90,11.28,-10.276,-50.72
-36,90,11.6,-10.8,-51.67
-36,90,11.92,-9.57400000000001,-50.7
-36,90,12.24,-10.574,-52.83
-36,90,12.56,-8.20999999999999,-52.28
-36,90,12.88,-12.416,-57.62
-36,90,13.2,-6.82,-53.6
-36,90,13.52,-9.11199999999999,-55.12
-36,90,13.84,-6.608,-54.09
-36,90,14.16,-6.07599999999999,-54.3
-36,90,14.48,-7.63399999999999,-59.46
-36,90,14.8,-5.75,-53.76
-36,90,15.12,-9.26,-55.69
-36,90,15.44,-9.576,-55.89
-36,90,15.76,-8.288,-55.48
-36,90,16.08,-11.502,-58.96
-36,90,16.4,-15.98,-65.79
-36,90,16.72,-19.188,-68.67
-36,90,17.04,-16.226,-67.48
-36,90,17.36,-18.976,-71.62
-36,90,17.68,-30.542,-83.62
-36,90,18,-34.35,-87.16
-35,90,2,4.27,-17.52
-35,90,2.32,4.834,-20.82
-35,90,2.64,6.002,-22.71
-35,90,2.96,6.262,-22.05
-35,90,3.28,5.158,-24.86
-35,90,3.6,3.04,-24.41
-35,90,3.92,3.428,-24.12
-35,90,4.24,2.454,-26.57
-35,90,4.56,4.344,-25.47
-35,90,4.88,3.73,-26.4
-35,90,5.2,3.92,-27.5
-35,90,5.52,-1.028,-31.31
-35,90,5.84,-2.352,-33.8
-35,90,6.16,-2.21,-34.25
-35,90,6.48,-3.85599999999999,-37.94
-35,90,6.8,-5.94,-39.44
-35,90,7.12,-6.486,-41.08
-35,90,7.44,-11.626,-45.96
-35,90,7.76,-11.048,-46.27
-35,90,8.08,-9.326,-44.13
-35,90,8.4,-21.15,-56.53
-35,90,8.72,-20.898,-58.2
-35,90,9.04,-18.574,-56.36
-35,90,9.36,-26.434,-64.5
-35,90,9.68,-15.22,-54.11
-35,90,10,-22.15,-61.22
-35,90,10.32,-16.502,-56.13
-35,90,10.64,-12.888,-52.9
-35,90,10.96,-14.356,-54.34
-35,90,11.28,-10.476,-50.92
-35,90,11.6,-10.03,-50.9
-35,90,11.92,-8.854,-49.98
-35,90,12.24,-9.504,-51.76
-35,90,12.56,-8.27999999999999,-52.35
-35,90,12.88,-11.676,-56.88
-35,90,13.2,-6.14,-52.92
-35,90,13.52,-8.602,-54.61
-35,90,13.84,-6.958,-54.44
-35,90,14.16,-5.126,-53.35
-35,90,14.48,-6.96399999999999,-58.79
-35,90,14.8,-4.73,-52.74
-35,90,15.12,-7.58,-54.01
-35,90,15.44,-8.396,-54.71
-35,90,15.76,-8.028,-55.22
-35,90,16.08,-9.642,-57.1
-35,90,16.4,-15.11,-64.92
-35,90,16.72,-20.958,-70.44
-35,90,17.04,-14.546,-65.8
-35,90,17.36,-20.266,-72.91
-35,90,17.68,-19.732,-72.81
-35,90,18,-16.36,-69.17
-34,90,2,4.51,-17.28
-34,90,2.32,5.034,-20.62
-34,90,2.64,6.222,-22.49
-34,90,2.96,6.322,-21.99
-34,90,3.28,5.388,-24.63
-34,90,3.6,3.51,-23.94
-34,90,3.92,3.738,-23.81
-34,90,4.24,2.854,-26.17
-34,90,4.56,4.734,-25.08
-34,90,4.88,4.24,-25.89
-34,90,5.2,4.39,-27.03
-34,90,5.52,-0.538,-30.82
-34,90,5.84,-1.642,-33.09
-34,90,6.16,-1.44,-33.48
-34,90,6.48,-3.266,-37.35
-34,90,6.8,-5.08,-38.58
-34,90,7.12,-5.626,-40.22
-34,90,7.44,-10.166,-44.5
-34,90,7.76,-8.898,-44.12
-34,90,8.08,-8.546,-43.35
-34,90,8.4,-21.46,-56.84
-34,90,8.72,-22.258,-59.56
-34,90,9.04,-26.394,-64.18
-34,90,9.36,-23.424,-61.49
-34,90,9.68,-19.86,-58.75
-34,90,10,-24.31,-63.38
-34,90,10.32,-18.192,-57.82
-34,90,10.64,-14.818,-54.83
-34,90,10.96,-14.396,-54.38
-34,90,11.28,-10.876,-51.32
-34,90,11.6,-10.64,-51.51
-34,90,11.92,-8.334,-49.46
-34,90,12.24,-9.524,-51.78
-34,90,12.56,-6.81999999999999,-50.89
-34,90,12.88,-9.706,-54.91
-34,90,13.2,-6.8,-53.58
-34,90,13.52,-7.812,-53.82
-34,90,13.84,-6.818,-54.3
-34,90,14.16,-5.46599999999999,-53.69
-34,90,14.48,-6.30399999999999,-58.13
-34,90,14.8,-4.44,-52.45
-34,90,15.12,-7.24,-53.67
-34,90,15.44,-8.156,-54.47
-34,90,15.76,-7.238,-54.43
-34,90,16.08,-9.972,-57.43
-34,90,16.4,-12.23,-62.04
-34,90,16.72,-13.028,-62.51
-34,90,17.04,-13.716,-64.97
-34,90,17.36,-17.036,-69.68
-34,90,17.68,-25.072,-78.15
-34,90,18,-18.33,-71.14
-33,90,2,4.67,-17.12
-33,90,2.32,5.244,-20.41
-33,90,2.64,6.432,-22.28
-33,90,2.96,6.382,-21.93
-33,90,3.28,5.678,-24.34
-33,90,3.6,4.02,-23.43
-33,90,3.92,4.088,-23.46
-33,90,4.24,3.254,-25.77
-33,90,4.56,5.154,-24.66
-33,90,4.88,4.77,-25.36
-33,90,5.2,4.83,-26.59
-33,90,5.52,-0.138000000000002,-30.42
-33,90,5.84,-0.911999999999999,-32.36
-33,90,6.16,-0.579999999999998,-32.62
-33,90,6.48,-2.706,-36.79
-33,90,6.8,-3.92,-37.42
-33,90,7.12,-4.636,-39.23
-33,90,7.44,-8.796,-43.13
-33,90,7.76,-7.118,-42.34
-33,90,8.08,-7.546,-42.35
-33,90,8.4,-16.63,-52.01
-33,90,8.72,-23.708,-61.01
-33,90,9.04,-26.134,-63.92
-33,90,9.36,-15.574,-53.64
-33,90,9.68,-22.27,-61.16
-33,90,10,-19.71,-58.78
-33,90,10.32,-22.362,-61.99
-33,90,10.64,-17.488,-57.5
-33,90,10.96,-15.076,-55.06
-33,90,11.28,-11.226,-51.67
-33,90,11.6,-9.33000000000001,-50.2
-33,90,11.92,-7.774,-48.9
-33,90,12.24,-9.134,-51.39
-33,90,12.56,-6.79999999999999,-50.87
-33,90,12.88,-9.93600000000001,-55.14
-33,90,13.2,-5.73,-52.51
-33,90,13.52,-8.662,-54.67
-33,90,13.84,-6.668,-54.15
-33,90,14.16,-4.35599999999999,-52.58
-33,90,14.48,-6.75399999999999,-58.58
-33,90,14.8,-5.16,-53.17
-33,90,15.12,-7.27,-53.7
-33,90,15.44,-7.296,-53.61
-33,90,15.76,-7.698,-54.89
-33,90,16.08,-8.052,-55.51
-33,90,16.4,-9.62,-59.43
-33,90,16.72,-11.618,-61.1
-33,90,17.04,-17.326,-68.58
-33,90,17.36,-15.526,-68.17
-33,90,17.68,-16.932,-70.01
-33,90,18,-26.13,-78.94
-32,90,2,4.87,-16.92
-32,90,2.32,5.454,-20.2
-32,90,2.64,6.602,-22.11
-32,90,2.96,6.532,-21.78
-32,90,3.28,5.908,-24.11
-32,90,3.6,4.48,-22.97
-32,90,3.92,4.388,-23.16
-32,90,4.24,3.564,-25.46
-32,90,4.56,5.614,-24.2
-32,90,4.88,5.27,-24.86
-32,90,5.2,5.24,-26.18
-32,90,5.52,0.302,-29.98
-32,90,5.84,-0.291999999999998,-31.74
-32,90,6.16,0.169999999999998,-31.87
-32,90,6.48,-2.056,-36.14
-32,90,6.8,-3.03,-36.53
-32,90,7.12,-3.726,-38.32
-32,90,7.44,-7.006,-41.34
-32,90,7.76,-5.788,-41.01
-32,90,8.08,-6.956,-41.76
-32,90,8.4,-14.73,-50.11
-32,90,8.72,-17.878,-55.18
-32,90,9.04,-18.994,-56.78
-32,90,9.36,-14.124,-52.19
-32,90,9.68,-20.57,-59.46
-32,90,10,-20.65,-59.72
-32,90,10.32,-36.682,-76.31
-32,90,10.64,-16.908,-56.92
-32,90,10.96,-14.956,-54.94
-32,90,11.28,-11.436,-51.88
-32,90,11.6,-8.76000000000001,-49.63
-32,90,11.92,-8.534,-49.66
-32,90,12.24,-9.454,-51.71
-32,90,12.56,-6.77,-50.84
-32,90,12.88,-9.81600000000001,-55.02
-32,90,13.2,-5.97,-52.75
-32,90,13.52,-9.082,-55.09
-32,90,13.84,-7.338,-54.82
-32,90,14.16,-6.016,-54.24
-32,90,14.48,-7.80399999999999,-59.63
-32,90,14.8,-7.07,-55.08
-32,90,15.12,-9.7,-56.13
-32,90,15.44,-7.816,-54.13
-32,90,15.76,-7.058,-54.25
-32,90,16.08,-7.472,-54.93
-32,90,16.4,-8.39,-58.2
-32,90,16.72,-11.428,-60.91
-32,90,17.04,-12.136,-63.39
-32,90,17.36,-14.176,-66.82
-32,90,17.68,-16.282,-69.36
-32,90,18,-20.22,-73.03
-31,90,2,5.03,-16.76
-31,90,2.32,5.664,-19.99
-31,90,2.64,6.802,-21.91
-31,90,2.96,6.812,-21.5
-31,90,3.28,6.108,-23.91
-31,90,3.6,4.95,-22.5
-31,90,3.92,4.618,-22.93
-31,90,4.24,3.954,-25.07
-31,90,4.56,6.144,-23.67
-31,90,4.88,5.73,-24.4
-31,90,5.2,5.57,-25.85
-31,90,5.52,0.762,-29.52
-31,90,5.84,0.347999999999999,-31.1
-31,90,6.16,0.91,-31.13
-31,90,6.48,-1.39599999999999,-35.48
-31,90,6.8,-2.01,-35.51
-31,90,7.12,-2.946,-37.54
-31,90,7.44,-5.656,-39.99
-31,90,7.76,-4.658,-39.88
-31,90,8.08,-6.466,-41.27
-31,90,8.4,-11.92,-47.3
-31,90,8.72,-15.098,-52.4
-31,90,9.04,-15.874,-53.66
-31,90,9.36,-12.014,-50.08
-31,90,9.68,-22.02,-60.91
-31,90,10,-21.55,-60.62
-31,90,10.32,-38.712,-78.34
-31,90,10.64,-19.268,-59.28
-31,90,10.96,-17.536,-57.52
-31,90,11.28,-13.646,-54.09
-31,90,11.6,-9.94,-50.81
-31,90,11.92,-10.744,-51.87
-31,90,12.24,-9.654,-51.91
-31,90,12.56,-6.73999999999999,-50.81
-31,90,12.88,-9.76600000000001,-54.97
-31,90,13.2,-5.24,-52.02
-31,90,13.52,-9.032,-55.04
-31,90,13.84,-9.658,-57.14
-31,90,14.16,-8.946,-57.17
-31,90,14.48,-9.86399999999999,-61.69
-31,90,14.8,-10.61,-58.62
-31,90,15.12,-10.17,-56.6
-31,90,15.44,-8.656,-54.97
-31,90,15.76,-7.328,-54.52
-31,90,16.08,-7.112,-54.57
-31,90,16.4,-7.02,-56.83
-31,90,16.72,-13.258,-62.74
-31,90,17.04,-10.746,-62
-31,90,17.36,-12.306,-64.95
-31,90,17.68,-15.502,-68.58
-31,90,18,-17.97,-70.78
-30,90,2,5.18,-16.61
-30,90,2.32,5.854,-19.8
-30,90,2.64,6.992,-21.72
-30,90,2.96,7.102,-21.21
-30,90,3.28,6.328,-23.69
-30,90,3.6,5.3,-22.15
-30,90,3.92,4.888,-22.66
-30,90,4.24,4.32400000000001,-24.7
-30,90,4.56,6.634,-23.18
-30,90,4.88,6.13,-24
-30,90,5.2,5.87,-25.55
-30,90,5.52,1.302,-28.98
-30,90,5.84,0.978000000000002,-30.47
-30,90,6.16,1.52,-30.52
-30,90,6.48,-0.585999999999999,-34.67
-30,90,6.8,-1.15,-34.65
-30,90,7.12,-1.926,-36.52
-30,90,7.44,-4.28599999999999,-38.62
-30,90,7.76,-3.668,-38.89
-30,90,8.08,-5.766,-40.57
-30,90,8.4,-10.79,-46.17
-30,90,8.72,-12.298,-49.6
-30,90,9.04,-13.534,-51.32
-30,90,9.36,-10.964,-49.03
-30,90,9.68,-21.01,-59.9
-30,90,10,-20.32,-59.39
-30,90,10.32,-26.712,-66.34
-30,90,10.64,-21.928,-61.94
-30,90,10.96,-24.326,-64.31
-30,90,11.28,-15.086,-55.53
-30,90,11.6,-11.21,-52.08
-30,90,11.92,-12.074,-53.2
-30,90,12.24,-10.054,-52.31
-30,90,12.56,-7.27999999999999,-51.35
-30,90,12.88,-9.306,-54.51
-30,90,13.2,-5.24,-52.02
-30,90,13.52,-10.852,-56.86
-30,90,13.84,-11.348,-58.83
-30,90,14.16,-9.706,-57.93
-30,90,14.48,-10.534,-62.36
-30,90,14.8,-13.98,-61.99
-30,90,15.12,-11.64,-58.07
-30,90,15.44,-13.226,-59.54
-30,90,15.76,-10.498,-57.69
-30,90,16.08,-8.782,-56.24
-30,90,16.4,-8.58,-58.39
-30,90,16.72,-12.168,-61.65
-30,90,17.04,-11.986,-63.24
-30,90,17.36,-14.406,-67.05
-30,90,17.68,-15.772,-68.85
-30,90,18,-16.52,-69.33
-29,90,2,5.34,-16.45
-29,90,2.32,6.024,-19.63
-29,90,2.64,7.192,-21.52
-29,90,2.96,7.432,-20.88
-29,90,3.28,6.548,-23.47
-29,90,3.6,5.64,-21.81
-29,90,3.92,5.158,-22.39
-29,90,4.24,4.69400000000001,-24.33
-29,90,4.56,7.104,-22.71
-29,90,4.88,6.48,-23.65
-29,90,5.2,6.07,-25.35
-29,90,5.52,1.952,-28.33
-29,90,5.84,1.528,-29.92
-29,90,6.16,2.19,-29.85
-29,90,6.48,0.254000000000005,-33.83
-29,90,6.8,-0.259999999999998,-33.76
-29,90,7.12,-0.875999999999998,-35.47
-29,90,7.44,-2.976,-37.31
-29,90,7.76,-2.748,-37.97
-29,90,8.08,-4.776,-39.58
-29,90,8.4,-9.43,-44.81
-29,90,8.72,-11.198,-48.5
-29,90,9.04,-12.904,-50.69
-29,90,9.36,-10.794,-48.86
-29,90,9.68,-19.51,-58.4
-29,90,10,-17.43,-56.5
-29,90,10.32,-22.652,-62.28
-29,90,10.64,-27.988,-68
-29,90,10.96,-38.526,-78.51
-29,90,11.28,-18.756,-59.2
-29,90,11.6,-12.8,-53.67
-29,90,11.92,-13.024,-54.15
-29,90,12.24,-10.154,-52.41
-29,90,12.56,-7.09999999999999,-51.17
-29,90,12.88,-9.26600000000001,-54.47
-29,90,13.2,-6.16,-52.94
-29,90,13.52,-11.222,-57.23
-29,90,13.84,-11.008,-58.49
-29,90,14.16,-9.766,-57.99
-29,90,14.48,-10.624,-62.45
-29,90,14.8,-19.08,-67.09
-29,90,15.12,-18.77,-65.2
-29,90,15.44,-17.266,-63.58
-29,90,15.76,-15.928,-63.12
-29,90,16.08,-10.912,-58.37
-29,90,16.4,-10.34,-60.15
-29,90,16.72,-14.918,-64.4
-29,90,17.04,-12.836,-64.09
-29,90,17.36,-15.096,-67.74
-29,90,17.68,-19.742,-72.82
-29,90,18,-14.52,-67.33
-28,90,2,5.48,-16.31
-28,90,2.32,6.234,-19.42
-28,90,2.64,7.402,-21.31
-28,90,2.96,7.792,-20.52
-28,90,3.28,6.758,-23.26
-28,90,3.6,5.96,-21.49
-28,90,3.92,5.418,-22.13
-28,90,4.24,5.05400000000001,-23.97
-28,90,4.56,7.484,-22.33
-28,90,4.88,6.81,-23.32
-28,90,5.2,6.33,-25.09
-28,90,5.52,2.642,-27.64
-28,90,5.84,2.188,-29.26
-28,90,6.16,2.9,-29.14
-28,90,6.48,1.084,-33
-28,90,6.8,0.560000000000002,-32.94
-28,90,7.12,0.054000000000002,-34.54
-28,90,7.44,-2.056,-36.39
-28,90,7.76,-1.798,-37.02
-28,90,8.08,-3.946,-38.75
-28,90,8.4,-8.06,-43.44
-28,90,8.72,-10.278,-47.58
-28,90,9.04,-11.154,-48.94
-28,90,9.36,-10.704,-48.77
-28,90,9.68,-16.94,-55.83
-28,90,10,-14.19,-53.26
-28,90,10.32,-20.992,-60.62
-28,90,10.64,-23.458,-63.47
-28,90,10.96,-22.656,-62.64
-28,90,11.28,-19.276,-59.72
-28,90,11.6,-14.02,-54.89
-28,90,11.92,-13.864,-54.99
-28,90,12.24,-10.054,-52.31
-28,90,12.56,-6.75999999999999,-50.83
-28,90,12.88,-8.93600000000001,-54.14
-28,90,13.2,-6.54,-53.32
-28,90,13.52,-11.622,-57.63
-28,90,13.84,-10.918,-58.4
-28,90,14.16,-8.10599999999999,-56.33
-28,90,14.48,-10.594,-62.42
-28,90,14.8,-21.37,-69.38
-28,90,15.12,-17.23,-63.66
-28,90,15.44,-18.686,-65
-28,90,15.76,-15.788,-62.98
-28,90,16.08,-13.032,-60.49
-28,90,16.4,-13.54,-63.35
-28,90,16.72,-13.018,-62.5
-28,90,17.04,-14.066,-65.32
-28,90,17.36,-10.826,-63.47
-28,90,17.68,-23.472,-76.55
-28,90,18,-11.77,-64.58
-27,90,2,5.63,-16.16
-27,90,2.32,6.394,-19.26
-27,90,2.64,7.652,-21.06
-27,90,2.96,8.192,-20.12
-27,90,3.28,6.928,-23.09
-27,90,3.6,6.23,-21.22
-27,90,3.92,5.718,-21.83
-27,90,4.24,5.434,-23.59
-27,90,4.56,7.824,-21.99
-27,90,4.88,7.15,-22.98
-27,90,5.2,6.59,-24.83
-27,90,5.52,3.382,-26.9
-27,90,5.84,2.808,-28.64
-27,90,6.16,3.68,-28.36
-27,90,6.48,1.89400000000001,-32.19
-27,90,6.8,1.4,-32.1
-27,90,7.12,0.954000000000001,-33.64
-27,90,7.44,-1.166,-35.5
-27,90,7.76,-0.827999999999996,-36.05
-27,90,8.08,-2.766,-37.57
-27,90,8.4,-6.72,-42.1
-27,90,8.72,-9.188,-46.49
-27,90,9.04,-9.31400000000001,-47.1
-27,90,9.36,-10.454,-48.52
-27,90,9.68,-13.74,-52.63
-27,90,10,-12.34,-51.41
-27,90,10.32,-15.742,-55.37
-27,90,10.64,-15.408,-55.42
-27,90,10.96,-16.756,-56.74
-27,90,11.28,-19.296,-59.74
-27,90,11.6,-14.29,-55.16
-27,90,11.92,-13.684,-54.81
-27,90,12.24,-10.234,-52.49
-27,90,12.56,-6.33999999999999,-50.41
-27,90,12.88,-8.67600000000001,-53.88
-27,90,13.2,-6.08,-52.86
-27,90,13.52,-10.392,-56.4
-27,90,13.84,-9.918,-57.4
-27,90,14.16,-8.67599999999999,-56.9
-27,90,14.48,-10.784,-62.61
-27,90,14.8,-12.6,-60.61
-27,90,15.12,-14.19,-60.62
-27,90,15.44,-14.656,-60.97
-27,90,15.76,-11.968,-59.16
-27,90,16.08,-11.742,-59.2
-27,90,16.4,-17.94,-67.75
-27,90,16.72,-17.228,-66.71
-27,90,17.04,-11.986,-63.24
-27,90,17.36,-12.726,-65.37
-27,90,17.68,-19.642,-72.72
-27,90,18,-15.98,-68.79
-26,90,2,5.8,-15.99
-26,90,2.32,6.554,-19.1
-26,90,2.64,7.892,-20.82
-26,90,2.96,8.502,-19.81
-26,90,3.28,7.078,-22.94
-26,90,3.6,6.45,-21
-26,90,3.92,6.008,-21.54
-26,90,4.24,5.80400000000001,-23.22
-26,90,4.56,8.134,-21.68
-26,90,4.88,7.57,-22.56
-26,90,5.2,6.88,-24.54
-26,90,5.52,4.052,-26.23
-26,90,5.84,3.398,-28.05
-26,90,6.16,4.35,-27.69
-26,90,6.48,2.674,-31.41
-26,90,6.8,2.17,-31.33
-26,90,7.12,1.904,-32.69
-26,90,7.44,-0.555999999999997,-34.89
-26,90,7.76,0.0720000000000027,-35.15
-26,90,8.08,-1.626,-36.43
-26,90,8.4,-5.52,-40.9
-26,90,8.72,-7.838,-45.14
-26,90,9.04,-7.63400000000001,-45.42
-26,90,9.36,-9.66399999999999,-47.73
-26,90,9.68,-11.64,-50.53
-26,90,10,-10.15,-49.22
-26,90,10.32,-11.792,-51.42
-26,90,10.64,-12.698,-52.71
-26,90,10.96,-13.536,-53.52
-26,90,11.28,-18.316,-58.76
-26,90,11.6,-16.26,-57.13
-26,90,11.92,-13.724,-54.85
-26,90,12.24,-9.344,-51.6
-26,90,12.56,-6.48999999999999,-50.56
-26,90,12.88,-8.40600000000001,-53.61
-26,90,13.2,-4.45,-51.23
-26,90,13.52,-9.052,-55.06
-26,90,13.84,-9.518,-57
-26,90,14.16,-6.43599999999999,-54.66
-26,90,14.48,-9.89399999999999,-61.72
-26,90,14.8,-10.07,-58.08
-26,90,15.12,-11.17,-57.6
-26,90,15.44,-10.466,-56.78
-26,90,15.76,-9.818,-57.01
-26,90,16.08,-7.282,-54.74
-26,90,16.4,-13.93,-63.74
-26,90,16.72,-13.528,-63.01
-26,90,17.04,-10.556,-61.81
-26,90,17.36,-14.236,-66.88
-26,90,17.68,-16.532,-69.61
-26,90,18,-15.21,-68.02
-25,90,2,5.92,-15.87
-25,90,2.32,6.704,-18.95
-25,90,2.64,8.132,-20.58
-25,90,2.96,8.902,-19.41
-25,90,3.28,7.238,-22.78
-25,90,3.6,6.65,-20.8
-25,90,3.92,6.268,-21.28
-25,90,4.24,6.16400000000001,-22.86
-25,90,4.56,8.434,-21.38
-25,90,4.88,8.06,-22.07
-25,90,5.2,7.3,-24.12
-25,90,5.52,4.742,-25.54
-25,90,5.84,4.048,-27.4
-25,90,6.16,5.01,-27.03
-25,90,6.48,3.434,-30.65
-25,90,6.8,3.01,-30.49
-25,90,7.12,2.664,-31.93
-25,90,7.44,0.174000000000007,-34.16
-25,90,7.76,1.062,-34.16
-25,90,8.08,-0.545999999999999,-35.35
-25,90,8.4,-4.18,-39.56
-25,90,8.72,-6.368,-43.67
-25,90,9.04,-5.944,-43.73
-25,90,9.36,-8.584,-46.65
-25,90,9.68,-9.6,-48.49
-25,90,10,-7.72,-46.79
-25,90,10.32,-9.072,-48.7
-25,90,10.64,-10.168,-50.18
-25,90,10.96,-12.286,-52.27
-25,90,11.28,-15.936,-56.38
-25,90,11.6,-16.12,-56.99
-25,90,11.92,-12.254,-53.38
-25,90,12.24,-8.524,-50.78
-25,90,12.56,-4.92999999999999,-49
-25,90,12.88,-7.61600000000001,-52.82
-25,90,13.2,-3.66,-50.44
-25,90,13.52,-8.732,-54.74
-25,90,13.84,-8.168,-55.65
-25,90,14.16,-6.276,-54.5
-25,90,14.48,-7.78399999999999,-59.61
-25,90,14.8,-7.2,-55.21
-25,90,15.12,-8.57,-55
-25,90,15.44,-8.746,-55.06
-25,90,15.76,-5.918,-53.11
-25,90,16.08,-5.032,-52.49
-25,90,16.4,-6.9,-56.71
-25,90,16.72,-9.078,-58.56
-25,90,17.04,-7.50600000000001,-58.76
-25,90,17.36,-11.706,-64.35
-25,90,17.68,-20.122,-73.2
-25,90,18,-14.22,-67.03
-24,90,2,6.04,-15.75
-24,90,2.32,6.874,-18.78
-24,90,2.64,8.382,-20.33
-24,90,2.96,9.292,-19.02
-24,90,3.28,7.388,-22.63
-24,90,3.6,6.8,-20.65
-24,90,3.92,6.568,-20.98
-24,90,4.24,6.53400000000001,-22.49
-24,90,4.56,8.674,-21.14
-24,90,4.88,8.57,-21.56
-24,90,5.2,7.71,-23.71
-24,90,5.52,5.452,-24.83
-24,90,5.84,4.638,-26.81
-24,90,6.16,5.62,-26.42
-24,90,6.48,4.204,-29.88
-24,90,6.8,3.7,-29.8
-24,90,7.12,3.484,-31.11
-24,90,7.44,1.444,-32.89
-24,90,7.76,1.882,-33.34
-24,90,8.08,0.654000000000003,-34.15
-24,90,8.4,-2.81,-38.19
-24,90,8.72,-4.638,-41.94
-24,90,9.04,-4.30400000000001,-42.09
-24,90,9.36,-6.874,-44.94
-24,90,9.68,-7.97,-46.86
-24,90,10,-5.39,-44.46
-24,90,10.32,-7.472,-47.1
-24,90,10.64,-9.038,-49.05
-24,90,10.96,-10.646,-50.63
-24,90,11.28,-14.326,-54.77
-24,90,11.6,-15.36,-56.23
-24,90,11.92,-10.584,-51.71
-24,90,12.24,-7.364,-49.62
-24,90,12.56,-4.95999999999999,-49.03
-24,90,12.88,-5.486,-50.69
-24,90,13.2,-2.46,-49.24
-24,90,13.52,-6.622,-52.63
-24,90,13.84,-6.198,-53.68
-24,90,14.16,-4.64599999999999,-52.87
-24,90,14.48,-6.50399999999999,-58.33
-24,90,14.8,-5.65,-53.66
-24,90,15.12,-8.11,-54.54
-24,90,15.44,-7.146,-53.46
-24,90,15.76,-4.448,-51.64
-24,90,16.08,-3.322,-50.78
-24,90,16.4,-5.91,-55.72
-24,90,16.72,-6.288,-55.77
-24,90,17.04,-4.49600000000001,-55.75
-24,90,17.36,-6.886,-59.53
-24,90,17.68,-7.912,-60.99
-24,90,18,-8.83,-61.64
-23,90,2,6.15,-15.64
-23,90,2.32,7.004,-18.65
-23,90,2.64,8.622,-20.09
-23,90,2.96,9.602,-18.71
-23,90,3.28,7.518,-22.5
-23,90,3.6,6.9,-20.55
-23,90,3.92,6.828,-20.72
-23,90,4.24,6.834,-22.19
-23,90,4.56,8.934,-20.88
-23,90,4.88,8.99,-21.14
-23,90,5.2,8.18,-23.24
-23,90,5.52,6.132,-24.15
-23,90,5.84,5.128,-26.32
-23,90,6.16,6.09,-25.95
-23,90,6.48,4.794,-29.29
-23,90,6.8,4.34,-29.16
-23,90,7.12,4.094,-30.5
-23,90,7.44,2.404,-31.93
-23,90,7.76,2.572,-32.65
-23,90,8.08,1.704,-33.1
-23,90,8.4,-1.46,-36.84
-23,90,8.72,-3.488,-40.79
-23,90,9.04,-2.57400000000001,-40.36
-23,90,9.36,-4.624,-42.69
-23,90,9.68,-5.77,-44.66
-23,90,10,-4.08,-43.15
-23,90,10.32,-5.852,-45.48
-23,90,10.64,-6.938,-46.95
-23,90,10.96,-8.636,-48.62
-23,90,11.28,-12.406,-52.85
-23,90,11.6,-15.57,-56.44
-23,90,11.92,-9.39400000000001,-50.52
-23,90,12.24,-6.324,-48.58
-23,90,12.56,-3.45,-47.52
-23,90,12.88,-3.89600000000001,-49.1
-23,90,13.2,-1.58,-48.36
-23,90,13.52,-4.912,-50.92
-23,90,13.84,-5.338,-52.82
-23,90,14.16,-4.096,-52.32
-23,90,14.48,-6.874,-58.7
-23,90,14.8,-4.87,-52.88
-23,90,15.12,-7.11,-53.54
-23,90,15.44,-6.196,-52.51
-23,90,15.76,-3.688,-50.88
-23,90,16.08,-1.302,-48.76
-23,90,16.4,-2.97,-52.78
-23,90,16.72,-4.058,-53.54
-23,90,17.04,-3.63600000000001,-54.89
-23,90,17.36,-5.786,-58.43
-23,90,17.68,-8.002,-61.08
-23,90,18,-6.9,-59.71
-22,90,2,6.22,-15.57
-22,90,2.32,7.144,-18.51
-22,90,2.64,8.862,-19.85
-22,90,2.96,9.872,-18.44
-22,90,3.28,7.668,-22.35
-22,90,3.6,6.98,-20.47
-22,90,3.92,7.128,-20.42
-22,90,4.24,7.14400000000001,-21.88
-22,90,4.56,9.204,-20.61
-22,90,4.88,9.44,-20.69
-22,90,5.2,8.58,-22.84
-22,90,5.52,6.712,-23.57
-22,90,5.84,5.718,-25.73
-22,90,6.16,6.61,-25.43
-22,90,6.48,5.424,-28.66
-22,90,6.8,5.05,-28.45
-22,90,7.12,4.914,-29.68
-22,90,7.44,3.494,-30.84
-22,90,7.76,3.132,-32.09
-22,90,8.08,2.754,-32.05
-22,90,8.4,0.200000000000003,-35.18
-22,90,8.72,-2.118,-39.42
-22,90,9.04,-0.854000000000006,-38.64
-22,90,9.36,-2.98399999999999,-41.05
-22,90,9.68,-3.94,-42.83
-22,90,10,-2.97,-42.04
-22,90,10.32,-4.372,-44
-22,90,10.64,-5.578,-45.59
-22,90,10.96,-7.346,-47.33
-22,90,11.28,-10.276,-50.72
-22,90,11.6,-14.53,-55.4
-22,90,11.92,-7.594,-48.72
-22,90,12.24,-5.134,-47.39
-22,90,12.56,-2.31,-46.38
-22,90,12.88,-3.736,-48.94
-22,90,13.2,-0.75,-47.53
-22,90,13.52,-3.642,-49.65
-22,90,13.84,-5.368,-52.85
-22,90,14.16,-3.67599999999999,-51.9
-22,90,14.48,-5.444,-57.27
-22,90,14.8,-5.82,-53.83
-22,90,15.12,-7.2,-53.63
-22,90,15.44,-5.876,-52.19
-22,90,15.76,-3.228,-50.42
-22,90,16.08,-0.712000000000003,-48.17
-22,90,16.4,-0.939999999999998,-50.75
-22,90,16.72,-1.728,-51.21
-22,90,17.04,-1.37600000000001,-52.63
-22,90,17.36,-3.766,-56.41
-22,90,17.68,-6.65199999999999,-59.73
-22,90,18,-4.18,-56.99
-21,90,2,6.3,-15.49
-21,90,2.32,7.284,-18.37
-21,90,2.64,9.092,-19.62
-21,90,2.96,10.092,-18.22
-21,90,3.28,7.838,-22.18
-21,90,3.6,7.04,-20.41
-21,90,3.92,7.408,-20.14
-21,90,4.24,7.37400000000001,-21.65
-21,90,4.56,9.474,-20.34
-21,90,4.88,9.86,-20.27
-21,90,5.2,9.04,-22.38
-21,90,5.52,7.222,-23.06
-21,90,5.84,6.338,-25.11
-21,90,6.16,7.03,-25.01
-21,90,6.48,6.014,-28.07
-21,90,6.8,5.65,-27.85
-21,90,7.12,5.634,-28.96
-21,90,7.44,4.584,-29.75
-21,90,7.76,3.762,-31.46
-21,90,8.08,3.734,-31.07
-21,90,8.4,1.56,-33.82
-21,90,8.72,-0.707999999999998,-38.01
-21,90,9.04,0.415999999999997,-37.37
-21,90,9.36,-1.024,-39.09
-21,90,9.68,-2.46,-41.35
-21,90,10,-1.78,-40.85
-21,90,10.32,-2.862,-42.49
-21,90,10.64,-4.418,-44.43
-21,90,10.96,-5.826,-45.81
-21,90,11.28,-8.236,-48.68
-21,90,11.6,-14.11,-54.98
-21,90,11.92,-5.904,-47.03
-21,90,12.24,-3.964,-46.22
-21,90,12.56,-1.31999999999999,-45.39
-21,90,12.88,-2.776,-47.98
-21,90,13.2,0.18,-46.6
-21,90,13.52,-2.782,-48.79
-21,90,13.84,-4.358,-51.84
-21,90,14.16,-2.956,-51.18
-21,90,14.48,-5.45399999999999,-57.28
-21,90,14.8,-6.86,-54.87
-21,90,15.12,-8.39,-54.82
-21,90,15.44,-5.866,-52.18
-21,90,15.76,-1.998,-49.19
-21,90,16.08,0.257999999999996,-47.2
-21,90,16.4,0.18,-49.63
-21,90,16.72,-0.368000000000002,-49.85
-21,90,17.04,0.153999999999989,-51.1
-21,90,17.36,-1.876,-54.52
-21,90,17.68,-4.592,-57.67
-21,90,18,-2.52,-55.33
-20,90,2,6.35,-15.44
-20,90,2.32,7.414,-18.24
-20,90,2.64,9.312,-19.4
-20,90,2.96,10.302,-18.01
-20,90,3.28,7.998,-22.02
-20,90,3.6,7.1,-20.35
-20,90,3.92,7.668,-19.88
-20,90,4.24,7.564,-21.46
-20,90,4.56,9.774,-20.04
-20,90,4.88,10.26,-19.87
-20,90,5.2,9.49,-21.93
-20,90,5.52,7.672,-22.61
-20,90,5.84,6.908,-24.54
-20,90,6.16,7.52,-24.52
-20,90,6.48,6.584,-27.5
-20,90,6.8,6.29,-27.21
-20,90,7.12,6.294,-28.3
-20,90,7.44,5.584,-28.75
-20,90,7.76,4.542,-30.68
-20,90,8.08,4.584,-30.22
-20,90,8.4,2.95,-32.43
-20,90,8.72,0.911999999999999,-36.39
-20,90,9.04,1.93599999999999,-35.85
-20,90,9.36,0.795999999999999,-37.27
-20,90,9.68,-1.23,-40.12
-20,90,10,-0.82,-39.89
-20,90,10.32,-0.822000000000003,-40.45
-20,90,10.64,-2.748,-42.76
-20,90,10.96,-4.396,-44.38
-20,90,11.28,-6.296,-46.74
-20,90,11.6,-11.64,-52.51
-20,90,11.92,-4.934,-46.06
-20,90,12.24,-2.664,-44.92
-20,90,12.56,-0.339999999999989,-44.41
-20,90,12.88,-1.85600000000001,-47.06
-20,90,13.2,1.54,-45.24
-20,90,13.52,-1.852,-47.86
-20,90,13.84,-2.878,-50.36
-20,90,14.16,-3.156,-51.38
-20,90,14.48,-4.31399999999999,-56.14
-20,90,14.8,-8.86,-56.87
-20,90,15.12,-8.38,-54.81
-20,90,15.44,-5.496,-51.81
-20,90,15.76,-2.138,-49.33
-20,90,16.08,1.188,-46.27
-20,90,16.4,1.46,-48.35
-20,90,16.72,0.851999999999997,-48.63
-20,90,17.04,0.583999999999989,-50.67
-20,90,17.36,-1.716,-54.36
-20,90,17.68,-2.742,-55.82
-20,90,18,-1.09,-53.9
-19,90,2,6.4,-15.39
-19,90,2.32,7.584,-18.07
-19,90,2.64,9.492,-19.22
-19,90,2.96,10.472,-17.84
-19,90,3.28,8.198,-21.82
-19,90,3.6,7.2,-20.25
-19,90,3.92,7.938,-19.61
-19,90,4.24,7.774,-21.25
-19,90,4.56,10.064,-19.75
-19,90,4.88,10.65,-19.48
-19,90,5.2,9.93,-21.49
-19,90,5.52,8.042,-22.24
-19,90,5.84,7.408,-24.04
-19,90,6.16,8.05,-23.99
-19,90,6.48,7.174,-26.91
-19,90,6.8,7.01,-26.49
-19,90,7.12,6.904,-27.69
-19,90,7.44,6.394,-27.94
-19,90,7.76,5.432,-29.79
-19,90,8.08,5.364,-29.44
-19,90,8.4,3.97,-31.41
-19,90,8.72,2.352,-34.95
-19,90,9.04,3.236,-34.55
-19,90,9.36,2.476,-35.59
-19,90,9.68,-0.0700000000000003,-38.96
-19,90,10,0.329999999999998,-38.74
-19,90,10.32,0.628,-39
-19,90,10.64,-1.438,-41.45
-19,90,10.96,-3.17599999999999,-43.16
-19,90,11.28,-4.666,-45.11
-19,90,11.6,-9.17,-50.04
-19,90,11.92,-4.474,-45.6
-19,90,12.24,-2.264,-44.52
-19,90,12.56,0.400000000000006,-43.67
-19,90,12.88,-1.06600000000001,-46.27
-19,90,13.2,2.7,-44.08
-19,90,13.52,-1.22199999999999,-47.23
-19,90,13.84,-2.128,-49.61
-19,90,14.16,-1.866,-50.09
-19,90,14.48,-4.08399999999999,-55.91
-19,90,14.8,-10.23,-58.24
-19,90,15.12,-10.81,-57.24
-19,90,15.44,-6.076,-52.39
-19,90,15.76,-1.358,-48.55
-19,90,16.08,1.768,-45.69
-19,90,16.4,2.36,-47.45
-19,90,16.72,1.952,-47.53
-19,90,17.04,1.89399999999999,-49.36
-19,90,17.36,-1.126,-53.77
-19,90,17.68,-2.47199999999999,-55.55
-19,90,18,-0.519999999999996,-53.33
-18,90,2,6.45,-15.34
-18,90,2.32,7.744,-17.91
-18,90,2.64,9.662,-19.05
-18,90,2.96,10.632,-17.68
-18,90,3.28,8.378,-21.64
-18,90,3.6,7.35,-20.1
-18,90,3.92,8.168,-19.38
-18,90,4.24,8.004,-21.02
-18,90,4.56,10.344,-19.47
-18,90,4.88,11.02,-19.11
-18,90,5.2,10.34,-21.08
-18,90,5.52,8.392,-21.89
-18,90,5.84,7.848,-23.6
-18,90,6.16,8.55,-23.49
-18,90,6.48,7.694,-26.39
-18,90,6.8,7.69,-25.81
-18,90,7.12,7.604,-26.99
-18,90,7.44,7.194,-27.14
-18,90,7.76,6.372,-28.85
-18,90,8.08,6.134,-28.67
-18,90,8.4,4.97,-30.41
-18,90,8.72,3.652,-33.65
-18,90,9.04,4.25599999999999,-33.53
-18,90,9.36,3.866,-34.2
-18,90,9.68,1.23,-37.66
-18,90,10,1.62,-37.45
-18,90,10.32,1.938,-37.69
-18,90,10.64,0.241999999999997,-39.77
-18,90,10.96,-1.756,-41.74
-18,90,11.28,-2.60599999999999,-43.05
-18,90,11.6,-7.71,-48.58
-18,90,11.92,-3.924,-45.05
-18,90,12.24,-1.394,-43.65
-18,90,12.56,1.05,-43.02
-18,90,12.88,0.343999999999994,-44.86
-18,90,13.2,3.18,-43.6
-18,90,13.52,-0.161999999999999,-46.17
-18,90,13.84,-0.788000000000004,-48.27
-18,90,14.16,-0.905999999999999,-49.13
-18,90,14.48,-3.28399999999999,-55.11
-18,90,14.8,-10.98,-58.99
-18,90,15.12,-16.46,-62.89
-18,90,15.44,-5.046,-51.36
-18,90,15.76,-1.368,-48.56
-18,90,16.08,2.808,-44.65
-18,90,16.4,3.35,-46.46
-18,90,16.72,3.192,-46.29
-18,90,17.04,3.23399999999999,-48.02
-18,90,17.36,1.104,-51.54
-18,90,17.68,-1.122,-54.2
-18,90,18,0.660000000000004,-52.15
-17,90,2,6.49,-15.3
-17,90,2.32,7.954,-17.7
-17,90,2.64,9.772,-18.94
-17,90,2.96,10.772,-17.54
-17,90,3.28,8.578,-21.44
-17,90,3.6,7.49,-19.96
-17,90,3.92,8.368,-19.18
-17,90,4.24,8.294,-20.73
-17,90,4.56,10.584,-19.23
-17,90,4.88,11.35,-18.78
-17,90,5.2,10.71,-20.71
-17,90,5.52,8.702,-21.58
-17,90,5.84,8.298,-23.15
-17,90,6.16,9.05,-22.99
-17,90,6.48,8.184,-25.9
-17,90,6.8,8.33,-25.17
-17,90,7.12,8.224,-26.37
-17,90,7.44,7.934,-26.4
-17,90,7.76,7.352,-27.87
-17,90,8.08,6.934,-27.87
-17,90,8.4,6.08,-29.3
-17,90,8.72,5.122,-32.18
-17,90,9.04,5.236,-32.55
-17,90,9.36,4.966,-33.1
-17,90,9.68,2.86,-36.03
-17,90,10,2.52,-36.55
-17,90,10.32,3.328,-36.3
-17,90,10.64,1.702,-38.31
-17,90,10.96,-0.545999999999999,-40.53
-17,90,11.28,-1.096,-41.54
-17,90,11.6,-5.03,-45.9
-17,90,11.92,-2.96400000000001,-44.09
-17,90,12.24,-0.914000000000001,-43.17
-17,90,12.56,1.47000000000001,-42.6
-17,90,12.88,0.923999999999992,-44.28
-17,90,13.2,4.39,-42.39
-17,90,13.52,0.328000000000003,-45.68
-17,90,13.84,0.171999999999997,-47.31
-17,90,14.16,0.554000000000002,-47.67
-17,90,14.48,-2.64399999999999,-54.47
-17,90,14.8,-7.1,-55.11
-17,90,15.12,-19.54,-65.97
-17,90,15.44,-3.996,-50.31
-17,90,15.76,-0.488,-47.68
-17,90,16.08,3.658,-43.8
-17,90,16.4,4.19,-45.62
-17,90,16.72,4.232,-45.25
-17,90,17.04,4.57399999999999,-46.68
-17,90,17.36,1.464,-51.18
-17,90,17.68,0.158000000000001,-52.92
-17,90,18,1.77,-51.04
-16,90,2,6.54,-15.25
-16,90,2.32,8.164,-17.49
-16,90,2.64,9.892,-18.82
-16,90,2.96,10.932,-17.38
-16,90,3.28,8.818,-21.2
-16,90,3.6,7.65,-19.8
-16,90,3.92,8.508,-19.04
-16,90,4.24,8.604,-20.42
-16,90,4.56,10.794,-19.02
-16,90,4.88,11.65,-18.48
-16,90,5.2,11.03,-20.39
-16,90,5.52,8.972,-21.31
-16,90,5.84,8.758,-22.69
-16,90,6.16,9.47,-22.57
-16,90,6.48,8.704,-25.38
-16,90,6.8,8.9,-24.6
-16,90,7.12,8.824,-25.77
-16,90,7.44,8.584,-25.75
-16,90,7.76,8.212,-27.01
-16,90,8.08,7.644,-27.16
-16,90,8.4,7.02,-28.36
-16,90,8.72,6.272,-31.03
-16,90,9.04,6.246,-31.54
-16,90,9.36,5.986,-32.08
-16,90,9.68,4.25,-34.64
-16,90,10,3.57,-35.5
-16,90,10.32,4.438,-35.19
-16,90,10.64,3.272,-36.74
-16,90,10.96,1.014,-38.97
-16,90,11.28,0.784000000000006,-39.66
-16,90,11.6,-2.51000000000001,-43.38
-16,90,11.92,-1.474,-42.6
-16,90,12.24,-0.0339999999999989,-42.29
-16,90,12.56,2.37,-41.7
-16,90,12.88,1.27399999999999,-43.93
-16,90,13.2,4.85,-41.93
-16,90,13.52,0.828000000000003,-45.18
-16,90,13.84,0.951999999999998,-46.53
-16,90,14.16,2.004,-46.22
-16,90,14.48,-1.014,-52.84
-16,90,14.8,-4.92,-52.93
-16,90,15.12,-13.55,-59.98
-16,90,15.44,-3.436,-49.75
-16,90,15.76,0.421999999999997,-46.77
-16,90,16.08,4.138,-43.32
-16,90,16.4,5.36,-44.45
-16,90,16.72,5.112,-44.37
-16,90,17.04,6.08399999999999,-45.17
-16,90,17.36,3.444,-49.2
-16,90,17.68,1.328,-51.75
-16,90,18,2.81,-50
-15,90,2,6.6,-15.19
-15,90,2.32,8.344,-17.31
-15,90,2.64,9.982,-18.73
-15,90,2.96,11.072,-17.24
-15,90,3.28,9.018,-21
-15,90,3.6,7.78,-19.67
-15,90,3.92,8.628,-18.92
-15,90,4.24,8.89400000000001,-20.13
-15,90,4.56,10.984,-18.83
-15,90,4.88,11.91,-18.22
-15,90,5.2,11.29,-20.13
-15,90,5.52,9.202,-21.08
-15,90,5.84,9.158,-22.29
-15,90,6.16,9.83,-22.21
-15,90,6.48,9.174,-24.91
-15,90,6.8,9.45,-24.05
-15,90,7.12,9.314,-25.28
-15,90,7.44,9.104,-25.23
-15,90,7.76,9.022,-26.2
-15,90,8.08,8.354,-26.45
-15,90,8.4,7.92,-27.46
-15,90,8.72,7.312,-29.99
-15,90,9.04,7.136,-30.65
-15,90,9.36,6.856,-31.21
-15,90,9.68,5.54,-33.35
-15,90,10,4.61,-34.46
-15,90,10.32,5.288,-34.34
-15,90,10.64,4.362,-35.65
-15,90,10.96,2.884,-37.1
-15,90,11.28,2.264,-38.18
-15,90,11.6,-0.670000000000002,-41.54
-15,90,11.92,-0.334000000000003,-41.46
-15,90,12.24,0.846000000000004,-41.41
-15,90,12.56,3.00000000000001,-41.07
-15,90,12.88,1.904,-43.3
-15,90,13.2,5.83,-40.95
-15,90,13.52,1.928,-44.08
-15,90,13.84,2.212,-45.27
-15,90,14.16,3.53400000000001,-44.69
-15,90,14.48,1.27600000000001,-50.55
-15,90,14.8,-2.53,-50.54
-15,90,15.12,-10.43,-56.86
-15,90,15.44,-2.686,-49
-15,90,15.76,1.202,-45.99
-15,90,16.08,4.708,-42.75
-15,90,16.4,6.40000000000001,-43.41
-15,90,16.72,6.012,-43.47
-15,90,17.04,7.43399999999999,-43.82
-15,90,17.36,5.124,-47.52
-15,90,17.68,3.09800000000001,-49.98
-15,90,18,4.63,-48.18
-14,90,2,6.66,-15.13
-14,90,2.32,8.524,-17.13
-14,90,2.64,10.072,-18.64
-14,90,2.96,11.212,-17.1
-14,90,3.28,9.278,-20.74
-14,90,3.6,7.91,-19.54
-14,90,3.92,8.748,-18.8
-14,90,4.24,9.19400000000001,-19.83
-14,90,4.56,11.194,-18.62
-14,90,4.88,12.18,-17.95
-14,90,5.2,11.54,-19.88
-14,90,5.52,9.482,-20.8
-14,90,5.84,9.548,-21.9
-14,90,6.16,10.17,-21.87
-14,90,6.48,9.624,-24.46
-14,90,6.8,9.97,-23.53
-14,90,7.12,9.914,-24.68
-14,90,7.44,9.704,-24.63
-14,90,7.76,9.722,-25.5
-14,90,8.08,9.084,-25.72
-14,90,8.4,8.75,-26.63
-14,90,8.72,8.402,-28.9
-14,90,9.04,8.17599999999999,-29.61
-14,90,9.36,7.756,-30.31
-14,90,9.68,6.58,-32.31
-14,90,10,5.92,-33.15
-14,90,10.32,6.258,-33.37
-14,90,10.64,5.752,-34.26
-14,90,10.96,4.504,-35.48
-14,90,11.28,4.094,-36.35
-14,90,11.6,1.54,-39.33
-14,90,11.92,1.496,-39.63
-14,90,12.24,1.796,-40.46
-14,90,12.56,3.89000000000001,-40.18
-14,90,12.88,2.874,-42.33
-14,90,13.2,6.41,-40.37
-14,90,13.52,3.328,-42.68
-14,90,13.84,3.282,-44.2
-14,90,14.16,5.03400000000001,-43.19
-14,90,14.48,3.19600000000001,-48.63
-14,90,14.8,0.00999999999999801,-48
-14,90,15.12,-5.84,-52.27
-14,90,15.44,-2.016,-48.33
-14,90,15.76,1.092,-46.1
-14,90,16.08,5.298,-42.16
-14,90,16.4,6.76000000000001,-43.05
-14,90,16.72,6.482,-43
-14,90,17.04,7.89399999999999,-43.36
-14,90,17.36,6.384,-46.26
-14,90,17.68,4.408,-48.67
-14,90,18,6.02,-46.79
-13,90,2,6.71,-15.08
-13,90,2.32,8.674,-16.98
-13,90,2.64,10.132,-18.58
-13,90,2.96,11.292,-17.02
-13,90,3.28,9.488,-20.53
-13,90,3.6,8.03,-19.42
-13,90,3.92,8.848,-18.7
-13,90,4.24,9.46400000000001,-19.56
-13,90,4.56,11.354,-18.46
-13,90,4.88,12.37,-17.76
-13,90,5.2,11.77,-19.65
-13,90,5.52,9.822,-20.46
-13,90,5.84,9.878,-21.57
-13,90,6.16,10.41,-21.63
-13,90,6.48,9.984,-24.1
-13,90,6.8,10.4,-23.1
-13,90,7.12,10.494,-24.1
-13,90,7.44,10.264,-24.07
-13,90,7.76,10.312,-24.91
-13,90,8.08,9.794,-25.01
-13,90,8.4,9.45,-25.93
-13,90,8.72,9.322,-27.98
-13,90,9.04,9.09599999999999,-28.69
-13,90,9.36,8.706,-29.36
-13,90,9.68,7.44,-31.45
-13,90,10,7.1,-31.97
-13,90,10.32,7.218,-32.41
-13,90,10.64,6.872,-33.14
-13,90,10.96,6.07400000000001,-33.91
-13,90,11.28,5.234,-35.21
-13,90,11.6,3.25,-37.62
-13,90,11.92,2.996,-38.13
-13,90,12.24,3.156,-39.1
-13,90,12.56,4.86000000000001,-39.21
-13,90,12.88,3.49399999999999,-41.71
-13,90,13.2,7.32,-39.46
-13,90,13.52,4.578,-41.43
-13,90,13.84,4.322,-43.16
-13,90,14.16,6.514,-41.71
-13,90,14.48,5.56600000000001,-46.26
-13,90,14.8,2.35,-45.66
-13,90,15.12,-2.1,-48.53
-13,90,15.44,-1.066,-47.38
-13,90,15.76,1.632,-45.56
-13,90,16.08,5.388,-42.07
-13,90,16.4,7.02,-42.79
-13,90,16.72,6.842,-42.64
-13,90,17.04,8.71399999999999,-42.54
-13,90,17.36,6.994,-45.65
-13,90,17.68,4.988,-48.09
-13,90,18,7.14,-45.67
-12,90,2,6.78,-15.01
-12,90,2.32,8.804,-16.85
-12,90,2.64,10.202,-18.51
-12,90,2.96,11.382,-16.93
-12,90,3.28,9.678,-20.34
-12,90,3.6,8.17,-19.28
-12,90,3.92,8.958,-18.59
-12,90,4.24,9.724,-19.3
-12,90,4.56,11.504,-18.31
-12,90,4.88,12.55,-17.58
-12,90,5.2,11.96,-19.46
-12,90,5.52,10.172,-20.11
-12,90,5.84,10.248,-21.2
-12,90,6.16,10.7,-21.34
-12,90,6.48,10.324,-23.76
-12,90,6.8,10.79,-22.71
-12,90,7.12,10.944,-23.65
-12,90,7.44,10.794,-23.54
-12,90,7.76,10.882,-24.34
-12,90,8.08,10.454,-24.35
-12,90,8.4,10,-25.38
-12,90,8.72,10.162,-27.14
-12,90,9.04,9.94599999999999,-27.84
-12,90,9.36,9.366,-28.7
-12,90,9.68,8.31,-30.58
-12,90,10,8.07,-31
-12,90,10.32,8.268,-31.36
-12,90,10.64,7.932,-32.08
-12,90,10.96,7.394,-32.59
-12,90,11.28,6.724,-33.72
-12,90,11.6,4.88,-35.99
-12,90,11.92,4.506,-36.62
-12,90,12.24,4.596,-37.66
-12,90,12.56,5.86000000000001,-38.21
-12,90,12.88,4.044,-41.16
-12,90,13.2,8.22,-38.56
-12,90,13.52,5.398,-40.61
-12,90,13.84,5.852,-41.63
-12,90,14.16,7.754,-40.47
-12,90,14.48,7.34600000000001,-44.48
-12,90,14.8,5.15,-42.86
-12,90,15.12,1.44,-44.99
-12,90,15.44,0.444000000000003,-45.87
-12,90,15.76,2.092,-45.1
-12,90,16.08,5.438,-42.02
-12,90,16.4,6.94,-42.87
-12,90,16.72,7.052,-42.43
-12,90,17.04,8.92399999999999,-42.33
-12,90,17.36,7.624,-45.02
-12,90,17.68,6.158,-46.92
-12,90,18,7.59,-45.22
-11,90,2,6.84,-14.95
-11,90,2.32,8.914,-16.74
-11,90,2.64,10.242,-18.47
-11,90,2.96,11.442,-16.87
-11,90,3.28,9.818,-20.2
-11,90,3.6,8.35,-19.1
-11,90,3.92,9.048,-18.5
-11,90,4.24,9.974,-19.05
-11,90,4.56,11.704,-18.11
-11,90,4.88,12.76,-17.37
-11,90,5.2,12.15,-19.27
-11,90,5.52,10.532,-19.75
-11,90,5.84,10.618,-20.83
-11,90,6.16,11.02,-21.02
-11,90,6.48,10.744,-23.34
-11,90,6.8,11.21,-22.29
-11,90,7.12,11.354,-23.24
-11,90,7.44,11.224,-23.11
-11,90,7.76,11.442,-23.78
-11,90,8.08,11.104,-23.7
-11,90,8.4,10.67,-24.71
-11,90,8.72,10.832,-26.47
-11,90,9.04,10.776,-27.01
-11,90,9.36,10.056,-28.01
-11,90,9.68,9.08,-29.81
-11,90,10,9.16,-29.91
-11,90,10.32,9.318,-30.31
-11,90,10.64,8.992,-31.02
-11,90,10.96,8.624,-31.36
-11,90,11.28,7.954,-32.49
-11,90,11.6,6.41,-34.46
-11,90,11.92,6.056,-35.07
-11,90,12.24,5.946,-36.31
-11,90,12.56,6.92000000000001,-37.15
-11,90,12.88,4.98399999999999,-40.22
-11,90,13.2,9.08,-37.7
-11,90,13.52,6.628,-39.38
-11,90,13.84,7.052,-40.43
-11,90,14.16,9.114,-39.11
-11,90,14.48,8.92600000000001,-42.9
-11,90,14.8,7.25,-40.76
-11,90,15.12,4.57,-41.86
-11,90,15.44,3.094,-43.22
-11,90,15.76,3.532,-43.66
-11,90,16.08,5.628,-41.83
-11,90,16.4,6.85,-42.96
-11,90,16.72,6.762,-42.72
-11,90,17.04,8.99399999999999,-42.26
-11,90,17.36,7.574,-45.07
-11,90,17.68,5.95800000000001,-47.12
-11,90,18,8.3,-44.51
-10,90,2,6.92,-14.87
-10,90,2.32,8.984,-16.67
-10,90,2.64,10.282,-18.43
-10,90,2.96,11.492,-16.82
-10,90,3.28,9.948,-20.07
-10,90,3.6,8.52,-18.93
-10,90,3.92,9.148,-18.4
-10,90,4.24,10.204,-18.82
-10,90,4.56,11.854,-17.96
-10,90,4.88,12.93,-17.2
-10,90,5.2,12.34,-19.08
-10,90,5.52,10.842,-19.44
-10,90,5.84,10.908,-20.54
-10,90,6.16,11.3,-20.74
-10,90,6.48,11.084,-23
-10,90,6.8,11.62,-21.88
-10,90,7.12,11.744,-22.85
-10,90,7.44,11.704,-22.63
-10,90,7.76,11.852,-23.37
-10,90,8.08,11.634,-23.17
-10,90,8.4,11.29,-24.09
-10,90,8.72,11.412,-25.89
-10,90,9.04,11.446,-26.34
-10,90,9.36,10.646,-27.42
-10,90,9.68,9.76,-29.13
-10,90,10,10.03,-29.04
-10,90,10.32,10.098,-29.53
-10,90,10.64,9.852,-30.16
-10,90,10.96,9.664,-30.32
-10,90,11.28,9.114,-31.33
-10,90,11.6,7.73999999999999,-33.13
-10,90,11.92,7.446,-33.68
-10,90,12.24,7.206,-35.05
-10,90,12.56,8.08000000000001,-35.99
-10,90,12.88,5.78399999999999,-39.42
-10,90,13.2,9.85,-36.93
-10,90,13.52,7.498,-38.51
-10,90,13.84,8.202,-39.28
-10,90,14.16,10.354,-37.87
-10,90,14.48,10.546,-41.28
-10,90,14.8,9.63,-38.38
-10,90,15.12,7.34,-39.09
-10,90,15.44,5.764,-40.55
-10,90,15.76,5.542,-41.65
-10,90,16.08,6.428,-41.03
-10,90,16.4,7.59,-42.22
-10,90,16.72,6.122,-43.36
-10,90,17.04,8.37399999999999,-42.88
-10,90,17.36,6.864,-45.78
-10,90,17.68,5.52800000000001,-47.55
-10,90,18,8.35,-44.46
-9,90,2,6.98,-14.81
-9,90,2.32,9.044,-16.61
-9,90,2.64,10.322,-18.39
-9,90,2.96,11.522,-16.79
-9,90,3.28,10.048,-19.97
-9,90,3.6,8.7,-18.75
-9,90,3.92,9.238,-18.31
-9,90,4.24,10.344,-18.68
-9,90,4.56,12.044,-17.77
-9,90,4.88,13.08,-17.05
-9,90,5.2,12.53,-18.89
-9,90,5.52,11.152,-19.13
-9,90,5.84,11.118,-20.33
-9,90,6.16,11.54,-20.5
-9,90,6.48,11.394,-22.69
-9,90,6.8,11.96,-21.54
-9,90,7.12,12.144,-22.45
-9,90,7.44,12.144,-22.19
-9,90,7.76,12.182,-23.04
-9,90,8.08,12.134,-22.67
-9,90,8.4,11.86,-23.52
-9,90,8.72,11.912,-25.39
-9,90,9.04,12.046,-25.74
-9,90,9.36,11.146,-26.92
-9,90,9.68,10.48,-28.41
-9,90,10,10.83,-28.24
-9,90,10.32,10.918,-28.71
-9,90,10.64,10.642,-29.37
-9,90,10.96,10.694,-29.29
-9,90,11.28,10.244,-30.2
-9,90,11.6,8.99,-31.88
-9,90,11.92,8.706,-32.42
-9,90,12.24,8.546,-33.71
-9,90,12.56,9.20000000000001,-34.87
-9,90,12.88,6.73399999999999,-38.47
-9,90,13.2,10.59,-36.19
-9,90,13.52,8.508,-37.5
-9,90,13.84,9.452,-38.03
-9,90,14.16,11.654,-36.57
-9,90,14.48,11.926,-39.9
-9,90,14.8,11.74,-36.27
-9,90,15.12,9.72,-36.71
-9,90,15.44,8.514,-37.8
-9,90,15.76,7.852,-39.34
-9,90,16.08,8.218,-39.24
-9,90,16.4,8.49,-41.32
-9,90,16.72,6.972,-42.51
-9,90,17.04,7.60399999999999,-43.65
-9,90,17.36,6.034,-46.61
-9,90,17.68,4.978,-48.1
-9,90,18,7.97,-44.84
-8,90,2,7.03,-14.76
-8,90,2.32,9.074,-16.58
-8,90,2.64,10.352,-18.36
-8,90,2.96,11.532,-16.78
-8,90,3.28,10.118,-19.9
-8,90,3.6,8.85,-18.6
-8,90,3.92,9.338,-18.21
-8,90,4.24,10.404,-18.62
-8,90,4.56,12.194,-17.62
-8,90,4.88,13.2,-16.93
-8,90,5.2,12.73,-18.69
-8,90,5.52,11.432,-18.85
-8,90,5.84,11.288,-20.16
-8,90,6.16,11.79,-20.25
-8,90,6.48,11.704,-22.38
-8,90,6.8,12.23,-21.27
-8,90,7.12,12.474,-22.12
-8,90,7.44,12.484,-21.85
-8,90,7.76,12.492,-22.73
-8,90,8.08,12.634,-22.17
-8,90,8.4,12.23,-23.15
-8,90,8.72,12.432,-24.87
-8,90,9.04,12.586,-25.2
-8,90,9.36,11.776,-26.29
-8,90,9.68,11.06,-27.83
-8,90,10,11.43,-27.64
-8,90,10.32,11.678,-27.95
-8,90,10.64,11.382,-28.63
-8,90,10.96,11.564,-28.42
-8,90,11.28,11.134,-29.31
-8,90,11.6,10,-30.87
-8,90,11.92,9.786,-31.34
-8,90,12.24,9.646,-32.61
-8,90,12.56,10.21,-33.86
-8,90,12.88,7.35399999999999,-37.85
-8,90,13.2,11.22,-35.56
-8,90,13.52,9.468,-36.54
-8,90,13.84,10.622,-36.86
-8,90,14.16,12.744,-35.48
-8,90,14.48,13.326,-38.5
-8,90,14.8,13.56,-34.45
-8,90,15.12,11.92,-34.51
-8,90,15.44,10.764,-35.55
-8,90,15.76,10.632,-36.56
-8,90,16.08,10.578,-36.88
-8,90,16.4,10.29,-39.52
-8,90,16.72,8.402,-41.08
-8,90,17.04,8.11399999999999,-43.14
-8,90,17.36,5.974,-46.67
-8,90,17.68,3.698,-49.38
-8,90,18,6.96,-45.85
-7,90,2,7.1,-14.69
-7,90,2.32,9.114,-16.54
-7,90,2.64,10.372,-18.34
-7,90,2.96,11.522,-16.79
-7,90,3.28,10.228,-19.79
-7,90,3.6,8.97,-18.48
-7,90,3.92,9.478,-18.07
-7,90,4.24,10.424,-18.6
-7,90,4.56,12.314,-17.5
-7,90,4.88,13.31,-16.82
-7,90,5.2,12.92,-18.5
-7,90,5.52,11.622,-18.66
-7,90,5.84,11.458,-19.99
-7,90,6.16,12.01,-20.03
-7,90,6.48,11.964,-22.12
-7,90,6.8,12.47,-21.03
-7,90,7.12,12.754,-21.84
-7,90,7.44,12.804,-21.53
-7,90,7.76,12.742,-22.48
-7,90,8.08,13.064,-21.74
-7,90,8.4,12.64,-22.74
-7,90,8.72,12.912,-24.39
-7,90,9.04,13.056,-24.73
-7,90,9.36,12.346,-25.72
-7,90,9.68,11.56,-27.33
-7,90,10,11.98,-27.09
-7,90,10.32,12.158,-27.47
-7,90,10.64,11.992,-28.02
-7,90,10.96,12.364,-27.62
-7,90,11.28,12.004,-28.44
-7,90,11.6,10.91,-29.96
-7,90,11.92,10.776,-30.35
-7,90,12.24,10.756,-31.5
-7,90,12.56,11.28,-32.79
-7,90,12.88,8.27399999999999,-36.93
-7,90,13.2,12.09,-34.69
-7,90,13.52,10.428,-35.58
-7,90,13.84,11.532,-35.95
-7,90,14.16,13.694,-34.53
-7,90,14.48,14.566,-37.26
-7,90,14.8,14.97,-33.04
-7,90,15.12,13.75,-32.68
-7,90,15.44,12.824,-33.49
-7,90,15.76,12.692,-34.5
-7,90,16.08,12.868,-34.59
-7,90,16.4,12.34,-37.47
-7,90,16.72,10.412,-39.07
-7,90,17.04,9.22399999999999,-42.03
-7,90,17.36,6.114,-46.53
-7,90,17.68,3.188,-49.89
-7,90,18,5.74,-47.07
-6,90,2,7.14,-14.65
-6,90,2.32,9.134,-16.52
-6,90,2.64,10.412,-18.3
-6,90,2.96,11.512,-16.8
-6,90,3.28,10.278,-19.74
-6,90,3.6,9.01,-18.44
-6,90,3.92,9.598,-17.95
-6,90,4.24,10.444,-18.58
-6,90,4.56,12.434,-17.38
-6,90,4.88,13.4,-16.73
-6,90,5.2,13.05,-18.37
-6,90,5.52,11.742,-18.54
-6,90,5.84,11.668,-19.78
-6,90,6.16,12.2,-19.84
-6,90,6.48,12.194,-21.89
-6,90,6.8,12.7,-20.8
-6,90,7.12,13.044,-21.55
-6,90,7.44,13.094,-21.24
-6,90,7.76,13.052,-22.17
-6,90,8.08,13.404,-21.4
-6,90,8.4,13.02,-22.36
-6,90,8.72,13.282,-24.02
-6,90,9.04,13.486,-24.3
-6,90,9.36,12.916,-25.15
-6,90,9.68,11.98,-26.91
-6,90,10,12.53,-26.54
-6,90,10.32,12.768,-26.86
-6,90,10.64,12.612,-27.4
-6,90,10.96,12.974,-27.01
-6,90,11.28,12.724,-27.72
-6,90,11.6,11.67,-29.2
-6,90,11.92,11.666,-29.46
-6,90,12.24,11.556,-30.7
-6,90,12.56,12.07,-32
-6,90,12.88,9.014,-36.19
-6,90,13.2,12.7,-34.08
-6,90,13.52,11.068,-34.94
-6,90,13.84,12.352,-35.13
-6,90,14.16,14.804,-33.42
-6,90,14.48,15.576,-36.25
-6,90,14.8,16.2,-31.81
-6,90,15.12,15.24,-31.19
-6,90,15.44,14.524,-31.79
-6,90,15.76,14.532,-32.66
-6,90,16.08,14.808,-32.65
-6,90,16.4,14.24,-35.57
-6,90,16.72,12.652,-36.83
-6,90,17.04,11.314,-39.94
-6,90,17.36,7.434,-45.21
-6,90,17.68,3.758,-49.32
-6,90,18,4.68,-48.13
-5,90,2,7.18,-14.61
-5,90,2.32,9.154,-16.5
-5,90,2.64,10.442,-18.27
-5,90,2.96,11.522,-16.79
-5,90,3.28,10.378,-19.64
-5,90,3.6,9.06,-18.39
-5,90,3.92,9.708,-17.84
-5,90,4.24,10.504,-18.52
-5,90,4.56,12.524,-17.29
-5,90,4.88,13.49,-16.64
-5,90,5.2,13.18,-18.24
-5,90,5.52,11.822,-18.46
-5,90,5.84,11.828,-19.62
-5,90,6.16,12.32,-19.72
-5,90,6.48,12.404,-21.68
-5,90,6.8,12.88,-20.62
-5,90,7.12,13.234,-21.36
-5,90,7.44,13.304,-21.03
-5,90,7.76,13.342,-21.88
-5,90,8.08,13.674,-21.13
-5,90,8.4,13.34,-22.04
-5,90,8.72,13.652,-23.65
-5,90,9.04,13.926,-23.86
-5,90,9.36,13.396,-24.67
-5,90,9.68,12.41,-26.48
-5,90,10,13.03,-26.04
-5,90,10.32,13.308,-26.32
-5,90,10.64,13.112,-26.9
-5,90,10.96,13.394,-26.59
-5,90,11.28,13.294,-27.15
-5,90,11.6,12.25,-28.62
-5,90,11.92,12.376,-28.75
-5,90,12.24,12.316,-29.94
-5,90,12.56,12.88,-31.19
-5,90,12.88,9.53399999999999,-35.67
-5,90,13.2,13.29,-33.49
-5,90,13.52,11.738,-34.27
-5,90,13.84,13.162,-34.32
-5,90,14.16,15.544,-32.68
-5,90,14.48,16.526,-35.3
-5,90,14.8,17.25,-30.76
-5,90,15.12,16.64,-29.79
-5,90,15.44,15.904,-30.41
-5,90,15.76,16.152,-31.04
-5,90,16.08,16.528,-30.93
-5,90,16.4,16.05,-33.76
-5,90,16.72,14.612,-34.87
-5,90,17.04,13.304,-37.95
-5,90,17.36,9.434,-43.21
-5,90,17.68,5.16800000000001,-47.91
-5,90,18,4.98,-47.83
-4,90,2,7.24,-14.55
-4,90,2.32,9.184,-16.47
-4,90,2.64,10.472,-18.24
-4,90,2.96,11.462,-16.85
-4,90,3.28,10.448,-19.57
-4,90,3.6,9.12,-18.33
-4,90,3.92,9.778,-17.77
-4,90,4.24,10.564,-18.46
-4,90,4.56,12.614,-17.2
-4,90,4.88,13.59,-16.54
-4,90,5.2,13.29,-18.13
-4,90,5.52,11.902,-18.38
-4,90,5.84,11.948,-19.5
-4,90,6.16,12.42,-19.62
-4,90,6.48,12.544,-21.54
-4,90,6.8,13.07,-20.43
-4,90,7.12,13.454,-21.14
-4,90,7.44,13.474,-20.86
-4,90,7.76,13.572,-21.65
-4,90,8.08,13.904,-20.9
-4,90,8.4,13.64,-21.74
-4,90,8.72,13.812,-23.49
-4,90,9.04,14.176,-23.61
-4,90,9.36,13.656,-24.41
-4,90,9.68,12.71,-26.18
-4,90,10,13.43,-25.64
-4,90,10.32,13.748,-25.88
-4,90,10.64,13.472,-26.54
-4,90,10.96,13.914,-26.07
-4,90,11.28,13.804,-26.64
-4,90,11.6,12.84,-28.03
-4,90,11.92,12.966,-28.16
-4,90,12.24,12.966,-29.29
-4,90,12.56,13.53,-30.54
-4,90,12.88,10.004,-35.2
-4,90,13.2,13.61,-33.17
-4,90,13.52,12.278,-33.73
-4,90,13.84,13.592,-33.89
-4,90,14.16,16.194,-32.03
-4,90,14.48,17.256,-34.57
-4,90,14.8,18.24,-29.77
-4,90,15.12,17.69,-28.74
-4,90,15.44,17.174,-29.14
-4,90,15.76,17.372,-29.82
-4,90,16.08,17.878,-29.58
-4,90,16.4,17.48,-32.33
-4,90,16.72,16.192,-33.29
-4,90,17.04,15.124,-36.13
-4,90,17.36,11.244,-41.4
-4,90,17.68,6.988,-46.09
-4,90,18,6.27,-46.54
-3,90,2,7.27,-14.52
-3,90,2.32,9.204,-16.45
-3,90,2.64,10.482,-18.23
-3,90,2.96,11.362,-16.95
-3,90,3.28,10.488,-19.53
-3,90,3.6,9.21,-18.24
-3,90,3.92,9.818,-17.73
-3,90,4.24,10.604,-18.42
-3,90,4.56,12.674,-17.14
-3,90,4.88,13.67,-16.46
-3,90,5.2,13.34,-18.08
-3,90,5.52,12.012,-18.27
-3,90,5.84,12.078,-19.37
-3,90,6.16,12.54,-19.5
-3,90,6.48,12.624,-21.46
-3,90,6.8,13.2,-20.3
-3,90,7.12,13.624,-20.97
-3,90,7.44,13.704,-20.63
-3,90,7.76,13.712,-21.51
-3,90,8.08,14.094,-20.71
-3,90,8.4,13.9,-21.48
-3,90,8.72,13.912,-23.39
-3,90,9.04,14.356,-23.43
-3,90,9.36,13.756,-24.31
-3,90,9.68,12.9,-25.99
-3,90,10,13.64,-25.43
-3,90,10.32,13.978,-25.65
-3,90,10.64,13.822,-26.19
-3,90,10.96,14.264,-25.72
-3,90,11.28,14.154,-26.29
-3,90,11.6,13.35,-27.52
-3,90,11.92,13.476,-27.65
-3,90,12.24,13.396,-28.86
-3,90,12.56,14.04,-30.03
-3,90,12.88,10.434,-34.77
-3,90,13.2,14.07,-32.71
-3,90,13.52,12.728,-33.28
-3,90,13.84,14.272,-33.21
-3,90,14.16,16.704,-31.52
-3,90,14.48,17.906,-33.92
-3,90,14.8,18.89,-29.12
-3,90,15.12,18.43,-28
-3,90,15.44,17.934,-28.38
-3,90,15.76,18.432,-28.76
-3,90,16.08,18.888,-28.57
-3,90,16.4,18.66,-31.15
-3,90,16.72,17.342,-32.14
-3,90,17.04,16.474,-34.78
-3,90,17.36,12.974,-39.67
-3,90,17.68,8.628,-44.45
-3,90,18,8.08000000000001,-44.73
-2,90,2,7.32,-14.47
-2,90,2.32,9.204,-16.45
-2,90,2.64,10.492,-18.22
-2,90,2.96,11.282,-17.03
-2,90,3.28,10.488,-19.53
-2,90,3.6,9.33,-18.12
-2,90,3.92,9.828,-17.72
-2,90,4.24,10.624,-18.4
-2,90,4.56,12.734,-17.08
-2,90,4.88,13.74,-16.39
-2,90,5.2,13.4,-18.02
-2,90,5.52,12.122,-18.16
-2,90,5.84,12.218,-19.23
-2,90,6.16,12.61,-19.43
-2,90,6.48,12.664,-21.42
-2,90,6.8,13.28,-20.22
-2,90,7.12,13.674,-20.92
-2,90,7.44,13.844,-20.49
-2,90,7.76,13.822,-21.4
-2,90,8.08,14.234,-20.57
-2,90,8.4,14.02,-21.36
-2,90,8.72,14.132,-23.17
-2,90,9.04,14.516,-23.27
-2,90,9.36,13.956,-24.11
-2,90,9.68,13.03,-25.86
-2,90,10,13.78,-25.29
-2,90,10.32,14.208,-25.42
-2,90,10.64,13.982,-26.03
-2,90,10.96,14.544,-25.44
-2,90,11.28,14.384,-26.06
-2,90,11.6,13.66,-27.21
-2,90,11.92,13.816,-27.31
-2,90,12.24,13.766,-28.49
-2,90,12.56,14.47,-29.6
-2,90,12.88,10.714,-34.49
-2,90,13.2,14.41,-32.37
-2,90,13.52,13.098,-32.91
-2,90,13.84,14.592,-32.89
-2,90,14.16,17.124,-31.1
-2,90,14.48,18.426,-33.4
-2,90,14.8,19.42,-28.59
-2,90,15.12,19.07,-27.36
-2,90,15.44,18.544,-27.77
-2,90,15.76,19.002,-28.19
-2,90,16.08,19.638,-27.82
-2,90,16.4,19.3,-30.51
-2,90,16.72,18.272,-31.21
-2,90,17.04,17.584,-33.67
-2,90,17.36,14.204,-38.44
-2,90,17.68,9.928,-43.15
-2,90,18,9.54,-43.27
-1,90,2,7.35,-14.44
-1,90,2.32,9.224,-16.43
-1,90,2.64,10.522,-18.19
-1,90,2.96,11.232,-17.08
-1,90,3.28,10.508,-19.51
-1,90,3.6,9.41,-18.04
-1,90,3.92,9.828,-17.72
-1,90,4.24,10.604,-18.42
-1,90,4.56,12.794,-17.02
-1,90,4.88,13.81,-16.32
-1,90,5.2,13.4,-18.02
-1,90,5.52,12.202,-18.08
-1,90,5.84,12.298,-19.15
-1,90,6.16,12.64,-19.4
-1,90,6.48,12.704,-21.38
-1,90,6.8,13.37,-20.13
-1,90,7.12,13.704,-20.89
-1,90,7.44,13.864,-20.47
-1,90,7.76,13.802,-21.42
-1,90,8.08,14.314,-20.49
-1,90,8.4,14.07,-21.31
-1,90,8.72,14.332,-22.97
-1,90,9.04,14.696,-23.09
-1,90,9.36,14.096,-23.97
-1,90,9.68,13.14,-25.75
-1,90,10,13.93,-25.14
-1,90,10.32,14.308,-25.32
-1,90,10.64,14.202,-25.81
-1,90,10.96,14.764,-25.22
-1,90,11.28,14.604,-25.84
-1,90,11.6,13.86,-27.01
-1,90,11.92,14.076,-27.05
-1,90,12.24,13.986,-28.27
-1,90,12.56,14.72,-29.35
-1,90,12.88,10.894,-34.31
-1,90,13.2,14.64,-32.14
-1,90,13.52,13.318,-32.69
-1,90,13.84,14.742,-32.74
-1,90,14.16,17.424,-30.8
-1,90,14.48,18.776,-33.05
-1,90,14.8,19.8,-28.21
-1,90,15.12,19.43,-27
-1,90,15.44,19.134,-27.18
-1,90,15.76,19.362,-27.83
-1,90,16.08,20.048,-27.41
-1,90,16.4,19.67,-30.14
-1,90,16.72,18.832,-30.65
-1,90,17.04,18.084,-33.17
-1,90,17.36,14.644,-38
-1,90,17.68,10.748,-42.33
-1,90,18,10.51,-42.3
0,90,2,7.41,-14.38
0,90,2.32,9.214,-16.44
0,90,2.64,10.432,-18.28
0,90,2.96,11.082,-17.23
0,90,3.28,10.448,-19.57
0,90,3.6,9.39,-18.06
0,90,3.92,9.848,-17.7
0,90,4.24,10.574,-18.45
0,90,4.56,12.884,-16.93
0,90,4.88,13.82,-16.31
0,90,5.2,13.36,-18.06
0,90,5.52,12.252,-18.03
0,90,5.84,12.268,-19.18
0,90,6.16,12.58,-19.46
0,90,6.48,12.644,-21.44
0,90,6.8,13.47,-20.03
0,90,7.12,13.814,-20.78
0,90,7.44,13.764,-20.57
0,90,7.76,13.732,-21.49
0,90,8.08,14.324,-20.48
0,90,8.4,14.14,-21.24
0,90,8.72,14.422,-22.88
0,90,9.04,14.836,-22.95
0,90,9.36,14.256,-23.81
0,90,9.68,13.23,-25.66
0,90,10,14.07,-25
0,90,10.32,14.398,-25.23
0,90,10.64,14.212,-25.8
0,90,10.96,14.704,-25.28
0,90,11.28,14.784,-25.66
0,90,11.6,13.95,-26.92
0,90,11.92,14.146,-26.98
0,90,12.24,14.136,-28.12
0,90,12.56,14.72,-29.35
0,90,12.88,10.804,-34.4
0,90,13.2,14.62,-32.16
0,90,13.52,13.418,-32.59
0,90,13.84,14.882,-32.6
0,90,14.16,17.544,-30.68
0,90,14.48,18.926,-32.9
0,90,14.8,20.04,-27.97
0,90,15.12,19.71,-26.72
0,90,15.44,19.304,-27.01
0,90,15.76,19.522,-27.67
0,90,16.08,20.218,-27.24
0,90,16.4,19.96,-29.85
0,90,16.72,18.932,-30.55
0,90,17.04,18.394,-32.86
0,90,17.36,15.114,-37.53
0,90,17.68,11.028,-42.05
0,90,18,11.31,-41.5
1,90,2,7.49,-14.3
1,90,2.32,9.224,-16.43
1,90,2.64,10.432,-18.28
1,90,2.96,11.132,-17.18
1,90,3.28,10.438,-19.58
1,90,3.6,9.39,-18.06
1,90,3.92,9.838,-17.71
1,90,4.24,10.564,-18.46
1,90,4.56,12.894,-16.92
1,90,4.88,13.82,-16.31
1,90,5.2,13.35,-18.07
1,90,5.52,12.242,-18.04
1,90,5.84,12.268,-19.18
1,90,6.16,12.58,-19.46
1,90,6.48,12.694,-21.39
1,90,6.8,13.45,-20.05
1,90,7.12,13.854,-20.74
1,90,7.44,13.834,-20.5
1,90,7.76,13.732,-21.49
1,90,8.08,14.344,-20.46
1,90,8.4,14.12,-21.26
1,90,8.72,14.442,-22.86
1,90,9.04,14.836,-22.95
1,90,9.36,14.256,-23.81
1,90,9.68,13.21,-25.68
1,90,10,14.12,-24.95
1,90,10.32,14.448,-25.18
1,90,10.64,14.192,-25.82
1,90,10.96,14.734,-25.25
1,90,11.28,14.684,-25.76
1,90,11.6,14,-26.87
1,90,11.92,14.126,-27
1,90,12.24,14.086,-28.17
1,90,12.56,14.71,-29.36
1,90,12.88,10.844,-34.36
1,90,13.2,14.58,-32.2
1,90,13.52,13.488,-32.52
1,90,13.84,14.862,-32.62
1,90,14.16,17.584,-30.64
1,90,14.48,18.906,-32.92
1,90,14.8,19.98,-28.03
1,90,15.12,19.68,-26.75
1,90,15.44,19.144,-27.17
1,90,15.76,19.472,-27.72
1,90,16.08,20.208,-27.25
1,90,16.4,19.9,-29.91
1,90,16.72,18.942,-30.54
1,90,17.04,18.414,-32.84
1,90,17.36,14.964,-37.68
1,90,17.68,10.998,-42.08
1,90,18,11.33,-41.48
2,90,2,7.51,-14.28
2,90,2.32,9.204,-16.45
2,90,2.64,10.402,-18.31
2,90,2.96,11.212,-17.1
2,90,3.28,10.488,-19.53
2,90,3.6,9.29,-18.16
2,90,3.92,9.808,-17.74
2,90,4.24,10.624,-18.4
2,90,4.56,12.914,-16.9
2,90,4.88,13.76,-16.37
2,90,5.2,13.35,-18.07
2,90,5.52,12.232,-18.05
2,90,5.84,12.208,-19.24
2,90,6.16,12.54,-19.5
2,90,6.48,12.684,-21.4
2,90,6.8,13.36,-20.14
2,90,7.12,13.824,-20.77
2,90,7.44,13.864,-20.47
2,90,7.76,13.792,-21.43
2,90,8.08,14.344,-20.46
2,90,8.4,14.11,-21.27
2,90,8.72,14.312,-22.99
2,90,9.04,14.686,-23.1
2,90,9.36,14.106,-23.96
2,90,9.68,13.05,-25.84
2,90,10,13.97,-25.1
2,90,10.32,14.338,-25.29
2,90,10.64,14.062,-25.95
2,90,10.96,14.664,-25.32
2,90,11.28,14.554,-25.89
2,90,11.6,13.86,-27.01
2,90,11.92,13.966,-27.16
2,90,12.24,14.006,-28.25
2,90,12.56,14.63,-29.44
2,90,12.88,10.714,-34.49
2,90,13.2,14.61,-32.17
2,90,13.52,13.488,-32.52
2,90,13.84,14.962,-32.52
2,90,14.16,17.484,-30.74
2,90,14.48,18.716,-33.11
2,90,14.8,19.77,-28.24
2,90,15.12,19.32,-27.11
2,90,15.44,18.904,-27.41
2,90,15.76,19.212,-27.98
2,90,16.08,19.988,-27.47
2,90,16.4,19.48,-30.33
2,90,16.72,18.642,-30.84
2,90,17.04,18.074,-33.18
2,90,17.36,14.604,-38.04
2,90,17.68,10.448,-42.63
2,90,18,11.04,-41.77
3,90,2,7.5,-14.29
3,90,2.32,9.204,-16.45
3,90,2.64,10.392,-18.32
3,90,2.96,11.332,-16.98
3,90,3.28,10.548,-19.47
3,90,3.6,9.24,-18.21
3,90,3.92,9.788,-17.76
3,90,4.24,10.534,-18.49
3,90,4.56,12.834,-16.98
3,90,4.88,13.66,-16.47
3,90,5.2,13.36,-18.06
3,90,5.52,12.132,-18.15
3,90,5.84,12.168,-19.28
3,90,6.16,12.51,-19.53
3,90,6.48,12.614,-21.47
3,90,6.8,13.29,-20.21
3,90,7.12,13.754,-20.84
3,90,7.44,13.714,-20.62
3,90,7.76,13.762,-21.46
3,90,8.08,14.194,-20.61
3,90,8.4,14.05,-21.33
3,90,8.72,14.082,-23.22
3,90,9.04,14.546,-23.24
3,90,9.36,13.936,-24.13
3,90,9.68,13.01,-25.88
3,90,10,13.85,-25.22
3,90,10.32,14.148,-25.48
3,90,10.64,13.852,-26.16
3,90,10.96,14.474,-25.51
3,90,11.28,14.334,-26.11
3,90,11.6,13.62,-27.25
3,90,11.92,13.726,-27.4
3,90,12.24,13.746,-28.51
3,90,12.56,14.36,-29.71
3,90,12.88,10.604,-34.6
3,90,13.2,14.45,-32.33
3,90,13.52,13.238,-32.77
3,90,13.84,14.782,-32.7
3,90,14.16,17.164,-31.06
3,90,14.48,18.286,-33.54
3,90,14.8,19.37,-28.64
3,90,15.12,18.8,-27.63
3,90,15.44,18.324,-27.99
3,90,15.76,18.942,-28.25
3,90,16.08,19.618,-27.84
3,90,16.4,19.22,-30.59
3,90,16.72,17.992,-31.49
3,90,17.04,17.264,-33.99
3,90,17.36,13.804,-38.84
3,90,17.68,9.978,-43.1
3,90,18,10.44,-42.37
4,90,2,7.51,-14.28
4,90,2.32,9.194,-16.46
4,90,2.64,10.312,-18.4
4,90,2.96,11.432,-16.88
4,90,3.28,10.518,-19.5
4,90,3.6,9.18,-18.27
4,90,3.92,9.778,-17.77
4,90,4.24,10.514,-18.51
4,90,4.56,12.764,-17.05
4,90,4.88,13.6,-16.53
4,90,5.2,13.3,-18.12
4,90,5.52,11.992,-18.29
4,90,5.84,12.058,-19.39
4,90,6.16,12.43,-19.61
4,90,6.48,12.534,-21.55
4,90,6.8,13.2,-20.3
4,90,7.12,13.654,-20.94
4,90,7.44,13.524,-20.81
4,90,7.76,13.542,-21.68
4,90,8.08,14.004,-20.8
4,90,8.4,13.83,-21.55
4,90,8.72,13.992,-23.31
4,90,9.04,14.406,-23.38
4,90,9.36,13.766,-24.3
4,90,9.68,12.78,-26.11
4,90,10,13.59,-25.48
4,90,10.32,13.928,-25.7
4,90,10.64,13.672,-26.34
4,90,10.96,14.204,-25.78
4,90,11.28,14.064,-26.38
4,90,11.6,13.23,-27.64
4,90,11.92,13.436,-27.69
4,90,12.24,13.406,-28.85
4,90,12.56,13.94,-30.13
4,90,12.88,10.164,-35.04
4,90,13.2,14.15,-32.63
4,90,13.52,12.988,-33.02
4,90,13.84,14.342,-33.14
4,90,14.16,16.744,-31.48
4,90,14.48,17.996,-33.83
4,90,14.8,18.98,-29.03
4,90,15.12,18.28,-28.15
4,90,15.44,17.724,-28.59
4,90,15.76,17.982,-29.21
4,90,16.08,18.668,-28.79
4,90,16.4,18.27,-31.54
4,90,16.72,17.202,-32.28
4,90,17.04,16.244,-35.01
4,90,17.36,12.624,-40.02
4,90,17.68,8.478,-44.6
4,90,18,9.68,-43.13
5,90,2,7.09,-14.7
5,90,2.32,9.174,-16.48
5,90,2.64,10.262,-18.45
5,90,2.96,11.482,-16.83
5,90,3.28,10.508,-19.51
5,90,3.6,9.1,-18.35
5,90,3.92,9.688,-17.86
5,90,4.24,10.494,-18.53
5,90,4.56,12.674,-17.14
5,90,4.88,13.56,-16.57
5,90,5.2,13.21,-18.21
5,90,5.52,11.852,-18.43
5,90,5.84,11.928,-19.52
5,90,6.16,12.34,-19.7
5,90,6.48,12.394,-21.69
5,90,6.8,13.07,-20.43
5,90,7.12,13.474,-21.12
5,90,7.44,13.344,-20.99
5,90,7.76,13.302,-21.92
5,90,8.08,13.804,-21
5,90,8.4,13.56,-21.82
5,90,8.72,13.902,-23.4
5,90,9.04,14.136,-23.65
5,90,9.36,13.486,-24.58
5,90,9.68,12.52,-26.37
5,90,10,13.25,-25.82
5,90,10.32,13.538,-26.09
5,90,10.64,13.342,-26.67
5,90,10.96,13.784,-26.2
5,90,11.28,13.694,-26.75
5,90,11.6,12.71,-28.16
5,90,11.92,12.906,-28.22
5,90,12.24,12.926,-29.33
5,90,12.56,13.41,-30.66
5,90,12.88,9.88399999999999,-35.32
5,90,13.2,13.87,-32.91
5,90,13.52,12.538,-33.47
5,90,13.84,13.872,-33.61
5,90,14.16,16.284,-31.94
5,90,14.48,17.316,-34.51
5,90,14.8,18.15,-29.86
5,90,15.12,17.47,-28.96
5,90,15.44,16.794,-29.52
5,90,15.76,17.202,-29.99
5,90,16.08,17.608,-29.85
5,90,16.4,17.04,-32.77
5,90,16.72,15.832,-33.65
5,90,17.04,14.814,-36.44
5,90,17.36,11.004,-41.64
5,90,17.68,7.038,-46.04
5,90,18,8.42,-44.39
6,90,2,7.44,-14.35
6,90,2.32,9.174,-16.48
6,90,2.64,10.202,-18.51
6,90,2.96,11.542,-16.77
6,90,3.28,10.478,-19.54
6,90,3.6,9.04,-18.41
6,90,3.92,9.618,-17.93
6,90,4.24,10.484,-18.54
6,90,4.56,12.564,-17.25
6,90,4.88,13.5,-16.63
6,90,5.2,13.1,-18.32
6,90,5.52,11.742,-18.54
6,90,5.84,11.788,-19.66
6,90,6.16,12.26,-19.78
6,90,6.48,12.194,-21.89
6,90,6.8,12.93,-20.57
6,90,7.12,13.244,-21.35
6,90,7.44,13.174,-21.16
6,90,7.76,13.062,-22.16
6,90,8.08,13.574,-21.23
6,90,8.4,13.32,-22.06
6,90,8.72,13.612,-23.69
6,90,9.04,13.806,-23.98
6,90,9.36,13.106,-24.96
6,90,9.68,12.21,-26.68
6,90,10,12.85,-26.22
6,90,10.32,13.128,-26.5
6,90,10.64,12.942,-27.07
6,90,10.96,13.334,-26.65
6,90,11.28,13.094,-27.35
6,90,11.6,12.17,-28.7
6,90,11.92,12.296,-28.83
6,90,12.24,12.286,-29.97
6,90,12.56,12.73,-31.34
6,90,12.88,9.36399999999999,-35.84
6,90,13.2,13.43,-33.35
6,90,13.52,12.028,-33.98
6,90,13.84,13.422,-34.06
6,90,14.16,15.614,-32.61
6,90,14.48,16.586,-35.24
6,90,14.8,17.31,-30.7
6,90,15.12,16.31,-30.12
6,90,15.44,15.554,-30.76
6,90,15.76,15.762,-31.43
6,90,16.08,16.238,-31.22
6,90,16.4,15.52,-34.29
6,90,16.72,14.192,-35.29
6,90,17.04,12.974,-38.28
6,90,17.36,9.314,-43.33
6,90,17.68,6.158,-46.92
6,90,18,8.03,-44.78
7,90,2,7.35,-14.44
7,90,2.32,9.144,-16.51
7,90,2.64,10.122,-18.59
7,90,2.96,11.542,-16.77
7,90,3.28,10.378,-19.64
7,90,3.6,8.95,-18.5
7,90,3.92,9.518,-18.03
7,90,4.24,10.504,-18.52
7,90,4.56,12.444,-17.37
7,90,4.88,13.42,-16.71
7,90,5.2,12.98,-18.44
7,90,5.52,11.612,-18.67
7,90,5.84,11.638,-19.81
7,90,6.16,12.09,-19.95
7,90,6.48,11.954,-22.13
7,90,6.8,12.7,-20.8
7,90,7.12,12.984,-21.61
7,90,7.44,12.934,-21.4
7,90,7.76,12.842,-22.38
7,90,8.08,13.294,-21.51
7,90,8.4,12.99,-22.39
7,90,8.72,13.342,-23.96
7,90,9.04,13.426,-24.36
7,90,9.36,12.696,-25.37
7,90,9.68,11.74,-27.15
7,90,10,12.39,-26.68
7,90,10.32,12.608,-27.02
7,90,10.64,12.402,-27.61
7,90,10.96,12.764,-27.22
7,90,11.28,12.534,-27.91
7,90,11.6,11.5,-29.37
7,90,11.92,11.576,-29.55
7,90,12.24,11.506,-30.75
7,90,12.56,11.95,-32.12
7,90,12.88,8.74399999999999,-36.46
7,90,13.2,12.94,-33.84
7,90,13.52,11.478,-34.53
7,90,13.84,12.752,-34.73
7,90,14.16,14.944,-33.28
7,90,14.48,15.726,-36.1
7,90,14.8,16.16,-31.85
7,90,15.12,15.1,-31.33
7,90,15.44,14.134,-32.18
7,90,15.76,14.202,-32.99
7,90,16.08,14.548,-32.91
7,90,16.4,13.79,-36.02
7,90,16.72,12.392,-37.09
7,90,17.04,10.934,-40.32
7,90,17.36,7.504,-45.14
7,90,17.68,4.808,-48.27
7,90,18,7.76000000000001,-45.05
8,90,2,7.27,-14.52
8,90,2.32,9.124,-16.53
8,90,2.64,10.062,-18.65
8,90,2.96,11.532,-16.78
8,90,3.28,10.238,-19.78
8,90,3.6,8.83,-18.62
8,90,3.92,9.438,-18.11
8,90,4.24,10.514,-18.51
8,90,4.56,12.324,-17.49
8,90,4.88,13.3,-16.83
8,90,5.2,12.86,-18.56
8,90,5.52,11.462,-18.82
8,90,5.84,11.458,-19.99
8,90,6.16,11.87,-20.17
8,90,6.48,11.754,-22.33
8,90,6.8,12.46,-21.04
8,90,7.12,12.744,-21.85
8,90,7.44,12.674,-21.66
8,90,7.76,12.612,-22.61
8,90,8.08,12.924,-21.88
8,90,8.4,12.61,-22.77
8,90,8.72,12.982,-24.32
8,90,9.04,12.996,-24.79
8,90,9.36,12.156,-25.91
8,90,9.68,11.25,-27.64
8,90,10,11.83,-27.24
8,90,10.32,12.058,-27.57
8,90,10.64,11.802,-28.21
8,90,10.96,12.204,-27.78
8,90,11.28,11.724,-28.72
8,90,11.6,10.71,-30.16
8,90,11.92,10.776,-30.35
8,90,12.24,10.596,-31.66
8,90,12.56,11.05,-33.02
8,90,12.88,8.044,-37.16
8,90,13.2,12.35,-34.43
8,90,13.52,10.868,-35.14
8,90,13.84,11.902,-35.58
8,90,14.16,14.044,-34.18
8,90,14.48,14.786,-37.04
8,90,14.8,15.02,-32.99
8,90,15.12,13.48,-32.95
8,90,15.44,12.534,-33.78
8,90,15.76,12.572,-34.62
8,90,16.08,12.618,-34.84
8,90,16.4,11.77,-38.04
8,90,16.72,10.092,-39.39
8,90,17.04,9.03399999999999,-42.22
8,90,17.36,6.524,-46.12
8,90,17.68,5.128,-47.95
8,90,18,7.83000000000001,-44.98
9,90,2,7.17,-14.62
9,90,2.32,9.074,-16.58
9,90,2.64,10.022,-18.69
9,90,2.96,11.492,-16.82
9,90,3.28,10.088,-19.93
9,90,3.6,8.66,-18.79
9,90,3.92,9.308,-18.24
9,90,4.24,10.454,-18.57
9,90,4.56,12.174,-17.64
9,90,4.88,13.16,-16.97
9,90,5.2,12.71,-18.71
9,90,5.52,11.252,-19.03
9,90,5.84,11.268,-20.18
9,90,6.16,11.63,-20.41
9,90,6.48,11.514,-22.57
9,90,6.8,12.15,-21.35
9,90,7.12,12.384,-22.21
9,90,7.44,12.344,-21.99
9,90,7.76,12.292,-22.93
9,90,8.08,12.494,-22.31
9,90,8.4,12.23,-23.15
9,90,8.72,12.522,-24.78
9,90,9.04,12.526,-25.26
9,90,9.36,11.556,-26.51
9,90,9.68,10.76,-28.13
9,90,10,11.23,-27.84
9,90,10.32,11.478,-28.15
9,90,10.64,11.172,-28.84
9,90,10.96,11.384,-28.6
9,90,11.28,10.884,-29.56
9,90,11.6,9.85,-31.02
9,90,11.92,9.736,-31.39
9,90,12.24,9.716,-32.54
9,90,12.56,10.1,-33.97
9,90,12.88,7.31399999999999,-37.89
9,90,13.2,11.79,-34.99
9,90,13.52,10.008,-36
9,90,13.84,11.012,-36.47
9,90,14.16,13.014,-35.21
9,90,14.48,13.356,-38.47
9,90,14.8,13.4,-34.61
9,90,15.12,11.81,-34.62
9,90,15.44,10.674,-35.64
9,90,15.76,10.262,-36.93
9,90,16.08,10.188,-37.27
9,90,16.4,9.54,-40.27
9,90,16.72,7.932,-41.55
9,90,17.04,7.75399999999999,-43.5
9,90,17.36,6.544,-46.1
9,90,17.68,5.328,-47.75
9,90,18,8.77,-44.04
10,90,2,7.06,-14.73
10,90,2.32,9.024,-16.63
10,90,2.64,9.972,-18.74
10,90,2.96,11.482,-16.83
10,90,3.28,9.888,-20.13
10,90,3.6,8.53,-18.92
10,90,3.92,9.158,-18.39
10,90,4.24,10.294,-18.73
10,90,4.56,12.044,-17.77
10,90,4.88,13,-17.13
10,90,5.2,12.51,-18.91
10,90,5.52,10.982,-19.3
10,90,5.84,11.018,-20.43
10,90,6.16,11.35,-20.69
10,90,6.48,11.194,-22.89
10,90,6.8,11.74,-21.76
10,90,7.12,11.994,-22.6
10,90,7.44,12.004,-22.33
10,90,7.76,11.962,-23.26
10,90,8.08,12.044,-22.76
10,90,8.4,11.85,-23.53
10,90,8.72,12.082,-25.22
10,90,9.04,11.986,-25.8
10,90,9.36,10.936,-27.13
10,90,9.68,10.18,-28.71
10,90,10,10.55,-28.52
10,90,10.32,10.818,-28.81
10,90,10.64,10.492,-29.52
10,90,10.96,10.464,-29.52
10,90,11.28,9.914,-30.53
10,90,11.6,8.73,-32.14
10,90,11.92,8.526,-32.6
10,90,12.24,8.606,-33.65
10,90,12.56,9.05,-35.02
10,90,12.88,6.91399999999999,-38.29
10,90,13.2,11.08,-35.7
10,90,13.52,9.158,-36.85
10,90,13.84,10.062,-37.42
10,90,14.16,12.024,-36.2
10,90,14.48,12.166,-39.66
10,90,14.8,11.63,-36.38
10,90,15.12,9.86,-36.57
10,90,15.44,8.604,-37.71
10,90,15.76,8.202,-38.99
10,90,16.08,7.828,-39.63
10,90,16.4,7.52,-42.29
10,90,16.72,6.902,-42.58
10,90,17.04,7.65399999999999,-43.6
10,90,17.36,6.734,-45.91
10,90,17.68,5.998,-47.08
10,90,18,8.89,-43.92
11,90,2,6.95,-14.84
11,90,2.32,8.954,-16.7
11,90,2.64,9.952,-18.76
11,90,2.96,11.492,-16.82
11,90,3.28,9.718,-20.3
11,90,3.6,8.41,-19.04
11,90,3.92,9.038,-18.51
11,90,4.24,10.114,-18.91
11,90,4.56,11.904,-17.91
11,90,4.88,12.86,-17.27
11,90,5.2,12.32,-19.1
11,90,5.52,10.682,-19.6
11,90,5.84,10.718,-20.73
11,90,6.16,11.06,-20.98
11,90,6.48,10.894,-23.19
11,90,6.8,11.35,-22.15
11,90,7.12,11.594,-23
11,90,7.44,11.584,-22.75
11,90,7.76,11.562,-23.66
11,90,8.08,11.554,-23.25
11,90,8.4,11.25,-24.13
11,90,8.72,11.482,-25.82
11,90,9.04,11.346,-26.44
11,90,9.36,10.266,-27.8
11,90,9.68,9.57,-29.32
11,90,10,9.79,-29.28
11,90,10.32,9.978,-29.65
11,90,10.64,9.782,-30.23
11,90,10.96,9.494,-30.49
11,90,11.28,8.804,-31.64
11,90,11.6,7.64,-33.23
11,90,11.92,7.376,-33.75
11,90,12.24,7.456,-34.8
11,90,12.56,7.98,-36.09
11,90,12.88,5.944,-39.26
11,90,13.2,10.3,-36.48
11,90,13.52,8.108,-37.9
11,90,13.84,8.962,-38.52
11,90,14.16,11.004,-37.22
11,90,14.48,10.906,-40.92
11,90,14.8,9.7,-38.31
11,90,15.12,7.93,-38.5
11,90,15.44,6.274,-40.04
11,90,15.76,5.362,-41.83
11,90,16.08,5.308,-42.15
11,90,16.4,5.8,-44.01
11,90,16.72,6.652,-42.83
11,90,17.04,8.49399999999999,-42.76
11,90,17.36,7.254,-45.39
11,90,17.68,6.728,-46.35
11,90,18,9.01000000000001,-43.8
12,90,2,6.82,-14.97
12,90,2.32,8.844,-16.81
12,90,2.64,9.922,-18.79
12,90,2.96,11.502,-16.81
12,90,3.28,9.528,-20.49
12,90,3.6,8.28,-19.17
12,90,3.92,8.928,-18.62
12,90,4.24,9.91400000000001,-19.11
12,90,4.56,11.754,-18.06
12,90,4.88,12.69,-17.44
12,90,5.2,12.15,-19.27
12,90,5.52,10.312,-19.97
12,90,5.84,10.378,-21.07
12,90,6.16,10.77,-21.27
12,90,6.48,10.554,-23.53
12,90,6.8,10.99,-22.51
12,90,7.12,11.224,-23.37
12,90,7.44,11.174,-23.16
12,90,7.76,11.012,-24.21
12,90,8.08,11.004,-23.8
12,90,8.4,10.75,-24.63
12,90,8.72,10.902,-26.4
12,90,9.04,10.656,-27.13
12,90,9.36,9.636,-28.43
12,90,9.68,8.81,-30.08
12,90,10,8.87,-30.2
12,90,10.32,9.018,-30.61
12,90,10.64,8.892,-31.12
12,90,10.96,8.354,-31.63
12,90,11.28,7.564,-32.88
12,90,11.6,6.34999999999999,-34.52
12,90,11.92,6.086,-35.04
12,90,12.24,6.386,-35.87
12,90,12.56,6.90000000000001,-37.17
12,90,12.88,4.93399999999999,-40.27
12,90,13.2,9.6,-37.18
12,90,13.52,7.438,-38.57
12,90,13.84,7.772,-39.71
12,90,14.16,9.734,-38.49
12,90,14.48,9.20600000000001,-42.62
12,90,14.8,7.75,-40.26
12,90,15.12,5.85,-40.58
12,90,15.44,3.804,-42.51
12,90,15.76,3.002,-44.19
12,90,16.08,3.908,-43.55
12,90,16.4,5.44,-44.37
12,90,16.72,6.892,-42.59
12,90,17.04,8.66399999999999,-42.59
12,90,17.36,7.974,-44.67
12,90,17.68,6.41800000000001,-46.66
12,90,18,8.54,-44.27
13,90,2,6.72,-15.07
13,90,2.32,8.724,-16.93
13,90,2.64,9.862,-18.85
13,90,2.96,11.492,-16.82
13,90,3.28,9.358,-20.66
13,90,3.6,8.18,-19.27
13,90,3.92,8.848,-18.7
13,90,4.24,9.704,-19.32
13,90,4.56,11.614,-18.2
13,90,4.88,12.53,-17.6
13,90,5.2,11.93,-19.49
13,90,5.52,9.922,-20.36
13,90,5.84,10.048,-21.4
13,90,6.16,10.58,-21.46
13,90,6.48,10.224,-23.86
13,90,6.8,10.61,-22.89
13,90,7.12,10.774,-23.82
13,90,7.44,10.624,-23.71
13,90,7.76,10.542,-24.68
13,90,8.08,10.374,-24.43
13,90,8.4,10.21,-25.17
13,90,8.72,10.192,-27.11
13,90,9.04,9.85599999999999,-27.93
13,90,9.36,8.926,-29.14
13,90,9.68,7.89,-31
13,90,10,7.86,-31.21
13,90,10.32,8.168,-31.46
13,90,10.64,7.762,-32.25
13,90,10.96,7.214,-32.77
13,90,11.28,6.314,-34.13
13,90,11.6,4.94,-35.93
13,90,11.92,4.666,-36.46
13,90,12.24,4.836,-37.42
13,90,12.56,6.12,-37.95
13,90,12.88,4.48399999999999,-40.72
13,90,13.2,8.99,-37.79
13,90,13.52,6.328,-39.68
13,90,13.84,6.822,-40.66
13,90,14.16,8.374,-39.85
13,90,14.48,7.68600000000001,-44.14
13,90,14.8,6.08,-41.93
13,90,15.12,3.48,-42.95
13,90,15.44,1.474,-44.84
13,90,15.76,0.442,-46.75
13,90,16.08,2.878,-44.58
13,90,16.4,5.28,-44.53
13,90,16.72,7.002,-42.48
13,90,17.04,8.82399999999999,-42.43
13,90,17.36,7.744,-44.9
13,90,17.68,6.568,-46.51
13,90,18,8.28,-44.53
14,90,2,6.61,-15.18
14,90,2.32,8.554,-17.1
14,90,2.64,9.792,-18.92
14,90,2.96,11.422,-16.89
14,90,3.28,9.168,-20.85
14,90,3.6,8.07,-19.38
14,90,3.92,8.778,-18.77
14,90,4.24,9.474,-19.55
14,90,4.56,11.434,-18.38
14,90,4.88,12.31,-17.82
14,90,5.2,11.69,-19.73
14,90,5.52,9.542,-20.74
14,90,5.84,9.778,-21.67
14,90,6.16,10.29,-21.75
14,90,6.48,9.804,-24.28
14,90,6.8,10.16,-23.34
14,90,7.12,10.264,-24.33
14,90,7.44,10.144,-24.19
14,90,7.76,10.052,-25.17
14,90,8.08,9.664,-25.14
14,90,8.4,9.53,-25.85
14,90,8.72,9.352,-27.95
14,90,9.04,8.886,-28.9
14,90,9.36,8.176,-29.89
14,90,9.68,6.94,-31.95
14,90,10,6.67,-32.4
14,90,10.32,7.278,-32.35
14,90,10.64,6.622,-33.39
14,90,10.96,5.924,-34.06
14,90,11.28,5.024,-35.42
14,90,11.6,3.4,-37.47
14,90,11.92,3.186,-37.94
14,90,12.24,3.696,-38.56
14,90,12.56,5.20000000000001,-38.87
14,90,12.88,3.834,-41.37
14,90,13.2,8.01,-38.77
14,90,13.52,5.148,-40.86
14,90,13.84,5.762,-41.72
14,90,14.16,7.154,-41.07
14,90,14.48,5.97600000000001,-45.85
14,90,14.8,3.88,-44.13
14,90,15.12,1.34,-45.09
14,90,15.44,-0.826000000000001,-47.14
14,90,15.76,-1.098,-48.29
14,90,16.08,2.678,-44.78
14,90,16.4,5.49,-44.32
14,90,16.72,6.782,-42.7
14,90,17.04,8.73399999999999,-42.52
14,90,17.36,7.284,-45.36
14,90,17.68,5.748,-47.33
14,90,18,7.24,-45.57
15,90,2,6.49,-15.3
15,90,2.32,8.354,-17.3
15,90,2.64,9.662,-19.05
15,90,2.96,11.242,-17.07
15,90,3.28,8.928,-21.09
15,90,3.6,7.91,-19.54
15,90,3.92,8.638,-18.91
15,90,4.24,9.154,-19.87
15,90,4.56,11.184,-18.63
15,90,4.88,12.05,-18.08
15,90,5.2,11.36,-20.06
15,90,5.52,9.172,-21.11
15,90,5.84,9.468,-21.98
15,90,6.16,9.97,-22.07
15,90,6.48,9.344,-24.74
15,90,6.8,9.66,-23.84
15,90,7.12,9.664,-24.93
15,90,7.44,9.664,-24.67
15,90,7.76,9.512,-25.71
15,90,8.08,8.964,-25.84
15,90,8.4,8.9,-26.48
15,90,8.72,8.522,-28.78
15,90,9.04,7.96599999999999,-29.82
15,90,9.36,7.346,-30.72
15,90,9.68,5.94,-32.95
15,90,10,5.63,-33.44
15,90,10.32,6.408,-33.22
15,90,10.64,5.542,-34.47
15,90,10.96,4.32400000000001,-35.66
15,90,11.28,3.864,-36.58
15,90,11.6,1.55,-39.32
15,90,11.92,1.776,-39.35
15,90,12.24,2.766,-39.49
15,90,12.56,4.49000000000001,-39.58
15,90,12.88,3.17399999999999,-42.03
15,90,13.2,7,-39.78
15,90,13.52,4.218,-41.79
15,90,13.84,4.462,-43.02
15,90,14.16,6.03400000000001,-42.19
15,90,14.48,4.45600000000001,-47.37
15,90,14.8,1.98,-46.03
15,90,15.12,-1.2,-47.63
15,90,15.44,-3.036,-49.35
15,90,15.76,-2.648,-49.84
15,90,16.08,2.36799999999999,-45.09
15,90,16.4,5.08000000000001,-44.73
15,90,16.72,6.532,-42.95
15,90,17.04,7.81399999999999,-43.44
15,90,17.36,6.184,-46.46
15,90,17.68,4.38800000000001,-48.69
15,90,18,6.31,-46.5
16,90,2,6.41,-15.38
16,90,2.32,8.154,-17.5
16,90,2.64,9.562,-19.15
16,90,2.96,11.132,-17.18
16,90,3.28,8.698,-21.32
16,90,3.6,7.71,-19.74
16,90,3.92,8.538,-19.01
16,90,4.24,8.854,-20.17
16,90,4.56,10.994,-18.82
16,90,4.88,11.79,-18.34
16,90,5.2,11.04,-20.38
16,90,5.52,8.842,-21.44
16,90,5.84,9.088,-22.36
16,90,6.16,9.58,-22.46
16,90,6.48,8.904,-25.18
16,90,6.8,9.17,-24.33
16,90,7.12,9.084,-25.51
16,90,7.44,9.134,-25.2
16,90,7.76,8.782,-26.44
16,90,8.08,8.174,-26.63
16,90,8.4,8.05,-27.33
16,90,8.72,7.402,-29.9
16,90,9.04,7.08599999999999,-30.7
16,90,9.36,6.416,-31.65
16,90,9.68,4.74,-34.15
16,90,10,4.52,-34.55
16,90,10.32,5.258,-34.37
16,90,10.64,4.462,-35.55
16,90,10.96,2.684,-37.3
16,90,11.28,2.39400000000001,-38.05
16,90,11.6,-0.340000000000003,-41.21
16,90,11.92,0.335999999999999,-40.79
16,90,12.24,1.936,-40.32
16,90,12.56,3.88000000000001,-40.19
16,90,12.88,2.38399999999999,-42.82
16,90,13.2,6.4,-40.38
16,90,13.52,2.978,-43.03
16,90,13.84,3.552,-43.93
16,90,14.16,4.794,-43.43
16,90,14.48,2.57600000000001,-49.25
16,90,14.8,-0.510000000000005,-48.52
16,90,15.12,-4.59,-51.02
16,90,15.44,-6.036,-52.35
16,90,15.76,-3.128,-50.32
16,90,16.08,2.198,-45.26
16,90,16.4,4.6,-45.21
16,90,16.72,6.092,-43.39
16,90,17.04,7.34399999999999,-43.91
16,90,17.36,5.104,-47.54
16,90,17.68,2.898,-50.18
16,90,18,4.7,-48.11
17,90,2,6.33,-15.46
17,90,2.32,7.954,-17.7
17,90,2.64,9.412,-19.3
17,90,2.96,10.982,-17.33
17,90,3.28,8.468,-21.55
17,90,3.6,7.52,-19.93
17,90,3.92,8.358,-19.19
17,90,4.24,8.524,-20.5
17,90,4.56,10.784,-19.03
17,90,4.88,11.49,-18.64
17,90,5.2,10.7,-20.72
17,90,5.52,8.552,-21.73
17,90,5.84,8.628,-22.82
17,90,6.16,9.17,-22.87
17,90,6.48,8.504,-25.58
17,90,6.8,8.59,-24.91
17,90,7.12,8.574,-26.02
17,90,7.44,8.474,-25.86
17,90,7.76,7.922,-27.3
17,90,8.08,7.534,-27.27
17,90,8.4,7.2,-28.18
17,90,8.72,6.292,-31.01
17,90,9.04,6.206,-31.58
17,90,9.36,5.456,-32.61
17,90,9.68,3.37,-35.52
17,90,10,3.55,-35.52
17,90,10.32,4.168,-35.46
17,90,10.64,3.222,-36.79
17,90,10.96,1.284,-38.7
17,90,11.28,0.923999999999999,-39.52
17,90,11.6,-1.83000000000001,-42.7
17,90,11.92,-0.904000000000003,-42.03
17,90,12.24,1.316,-40.94
17,90,12.56,3.31000000000001,-40.76
17,90,12.88,1.93399999999999,-43.27
17,90,13.2,5.43,-41.35
17,90,13.52,2.09800000000001,-43.91
17,90,13.84,2.502,-44.98
17,90,14.16,3.294,-44.93
17,90,14.48,1.21600000000001,-50.61
17,90,14.8,-2.26000000000001,-50.27
17,90,15.12,-7.83,-54.26
17,90,15.44,-8.686,-55
17,90,15.76,-3.668,-50.86
17,90,16.08,1.848,-45.61
17,90,16.4,4.08000000000001,-45.73
17,90,16.72,4.852,-44.63
17,90,17.04,6.31399999999999,-44.94
17,90,17.36,3.784,-48.86
17,90,17.68,2.118,-50.96
17,90,18,2.85,-49.96
18,90,2,6.26,-15.53
18,90,2.32,7.784,-17.87
18,90,2.64,9.292,-19.42
18,90,2.96,10.872,-17.44
18,90,3.28,8.228,-21.79
18,90,3.6,7.34,-20.11
18,90,3.92,8.228,-19.32
18,90,4.24,8.28400000000001,-20.74
18,90,4.56,10.584,-19.23
18,90,4.88,11.14,-18.99
18,90,5.2,10.42,-21
18,90,5.52,8.232,-22.05
18,90,5.84,8.178,-23.27
18,90,6.16,8.7,-23.34
18,90,6.48,8.054,-26.03
18,90,6.8,7.97,-25.53
18,90,7.12,8.024,-26.57
18,90,7.44,7.804,-26.53
18,90,7.76,7.032,-28.19
18,90,8.08,6.904,-27.9
18,90,8.4,6.18,-29.2
18,90,8.72,5.222,-32.08
18,90,9.04,5.376,-32.41
18,90,9.36,4.346,-33.72
18,90,9.68,2.01,-36.88
18,90,10,2.51,-36.56
18,90,10.32,3.178,-36.45
18,90,10.64,1.762,-38.25
18,90,10.96,0.0240000000000009,-39.96
18,90,11.28,-0.905999999999999,-41.35
18,90,11.6,-3.39,-44.26
18,90,11.92,-1.734,-42.86
18,90,12.24,0.695999999999998,-41.56
18,90,12.56,2.55,-41.52
18,90,12.88,1.124,-44.08
18,90,13.2,4.53,-42.25
18,90,13.52,1.108,-44.9
18,90,13.84,1.602,-45.88
18,90,14.16,2.294,-45.93
18,90,14.48,0.336000000000006,-51.49
18,90,14.8,-5.07,-53.08
18,90,15.12,-13.76,-60.19
18,90,15.44,-11.706,-58.02
18,90,15.76,-3.648,-50.84
18,90,16.08,1.128,-46.33
18,90,16.4,3.11,-46.7
18,90,16.72,3.792,-45.69
18,90,17.04,4.17399999999999,-47.08
18,90,17.36,1.894,-50.75
18,90,17.68,0.418000000000006,-52.66
18,90,18,1.40000000000001,-51.41
19,90,2,6.21,-15.58
19,90,2.32,7.574,-18.08
19,90,2.64,9.142,-19.57
19,90,2.96,10.742,-17.57
19,90,3.28,7.988,-22.03
19,90,3.6,7.2,-20.25
19,90,3.92,8.048,-19.5
19,90,4.24,8.004,-21.02
19,90,4.56,10.344,-19.47
19,90,4.88,10.7,-19.43
19,90,5.2,10.1,-21.32
19,90,5.52,7.892,-22.39
19,90,5.84,7.688,-23.76
19,90,6.16,8.24,-23.8
19,90,6.48,7.504,-26.58
19,90,6.8,7.26,-26.24
19,90,7.12,7.434,-27.16
19,90,7.44,7.054,-27.28
19,90,7.76,6.152,-29.07
19,90,8.08,6.224,-28.58
19,90,8.4,5.14,-30.24
19,90,8.72,4.152,-33.15
19,90,9.04,4.39599999999999,-33.39
19,90,9.36,3.26600000000001,-34.8
19,90,9.68,0.82,-38.07
19,90,10,1.39,-37.68
19,90,10.32,2.008,-37.62
19,90,10.64,0.0820000000000007,-39.93
19,90,10.96,-1.006,-40.99
19,90,11.28,-2.616,-43.06
19,90,11.6,-4.96,-45.83
19,90,11.92,-2.89400000000001,-44.02
19,90,12.24,-0.183999999999997,-42.44
19,90,12.56,1.77000000000001,-42.3
19,90,12.88,0.0339999999999918,-45.17
19,90,13.2,3.34,-43.44
19,90,13.52,0.158000000000001,-45.85
19,90,13.84,0.402000000000001,-47.08
19,90,14.16,0.764000000000003,-47.46
19,90,14.48,-0.97399999999999,-52.8
19,90,14.8,-7.42,-55.43
19,90,15.12,-17.64,-64.07
19,90,15.44,-10.806,-57.12
19,90,15.76,-3.698,-50.89
19,90,16.08,0.167999999999999,-47.29
19,90,16.4,2.13,-47.68
19,90,16.72,2.362,-47.12
19,90,17.04,2.83399999999999,-48.42
19,90,17.36,-0.0159999999999982,-52.66
19,90,17.68,-1.092,-54.17
19,90,18,0.620000000000005,-52.19
20,90,2,6.16,-15.63
20,90,2.32,7.354,-18.3
20,90,2.64,8.952,-19.76
20,90,2.96,10.622,-17.69
20,90,3.28,7.748,-22.27
20,90,3.6,7.11,-20.34
20,90,3.92,7.828,-19.72
20,90,4.24,7.724,-21.3
20,90,4.56,10.094,-19.72
20,90,4.88,10.26,-19.87
20,90,5.2,9.75,-21.67
20,90,5.52,7.532,-22.75
20,90,5.84,7.138,-24.31
20,90,6.16,7.76,-24.28
20,90,6.48,6.984,-27.1
20,90,6.8,6.6,-26.9
20,90,7.12,6.804,-27.79
20,90,7.44,6.304,-28.03
20,90,7.76,5.312,-29.91
20,90,8.08,5.504,-29.3
20,90,8.4,4.1,-31.28
20,90,8.72,3.082,-34.22
20,90,9.04,3.28599999999999,-34.5
20,90,9.36,2.056,-36.01
20,90,9.68,-0.339999999999996,-39.23
20,90,10,0.350000000000001,-38.72
20,90,10.32,0.718000000000004,-38.91
20,90,10.64,-1.318,-41.33
20,90,10.96,-2.016,-42
20,90,11.28,-3.96599999999999,-44.41
20,90,11.6,-6.93,-47.8
20,90,11.92,-3.984,-45.11
20,90,12.24,-0.944000000000003,-43.2
20,90,12.56,1.00000000000001,-43.07
20,90,12.88,-0.556000000000004,-45.76
20,90,13.2,2.71,-44.07
20,90,13.52,-1.282,-47.29
20,90,13.84,-0.768000000000001,-48.25
20,90,14.16,-0.595999999999997,-48.82
20,90,14.48,-2.09399999999999,-53.92
20,90,14.8,-8.56,-56.57
20,90,15.12,-14.28,-60.71
20,90,15.44,-10.286,-56.6
20,90,15.76,-3.228,-50.42
20,90,16.08,-0.271999999999998,-47.73
20,90,16.4,1.03,-48.78
20,90,16.72,0.991999999999997,-48.49
20,90,17.04,1.86399999999999,-49.39
20,90,17.36,-0.696000000000005,-53.34
20,90,17.68,-2.742,-55.82
20,90,18,-1.07,-53.88
21,90,2,6.12,-15.67
21,90,2.32,7.164,-18.49
21,90,2.64,8.742,-19.97
21,90,2.96,10.482,-17.83
21,90,3.28,7.538,-22.48
21,90,3.6,7.03,-20.42
21,90,3.92,7.608,-19.94
21,90,4.24,7.514,-21.51
21,90,4.56,9.854,-19.96
21,90,4.88,9.83,-20.3
21,90,5.2,9.4,-22.02
21,90,5.52,7.202,-23.08
21,90,5.84,6.548,-24.9
21,90,6.16,7.23,-24.81
21,90,6.48,6.454,-27.63
21,90,6.8,5.94,-27.56
21,90,7.12,6.154,-28.44
21,90,7.44,5.384,-28.95
21,90,7.76,4.462,-30.76
21,90,8.08,4.584,-30.22
21,90,8.4,2.84,-32.54
21,90,8.72,1.822,-35.48
21,90,9.04,1.956,-35.83
21,90,9.36,0.636000000000003,-37.43
21,90,9.68,-0.939999999999998,-39.83
21,90,10,-0.439999999999998,-39.51
21,90,10.32,-0.862000000000002,-40.49
21,90,10.64,-2.848,-42.86
21,90,10.96,-3.356,-43.34
21,90,11.28,-5.846,-46.29
21,90,11.6,-7.82,-48.69
21,90,11.92,-4.924,-46.05
21,90,12.24,-1.734,-43.99
21,90,12.56,0.250000000000007,-43.82
21,90,12.88,-1.846,-47.05
21,90,13.2,1.44,-45.34
21,90,13.52,-2.082,-48.09
21,90,13.84,-2.058,-49.54
21,90,14.16,-1.35599999999999,-49.58
21,90,14.48,-3.50399999999999,-55.33
21,90,14.8,-9.24,-57.25
21,90,15.12,-11.98,-58.41
21,90,15.44,-8.186,-54.5
21,90,15.76,-4.128,-51.32
21,90,16.08,-0.302,-47.76
21,90,16.4,-0.0399999999999991,-49.85
21,90,16.72,-1.068,-50.55
21,90,17.04,0.383999999999993,-50.87
21,90,17.36,-1.996,-54.64
21,90,17.68,-4.382,-57.46
21,90,18,-2.77,-55.58
22,90,2,6.08,-15.71
22,90,2.32,6.974,-18.68
22,90,2.64,8.552,-20.16
22,90,2.96,10.282,-18.03
22,90,3.28,7.368,-22.65
22,90,3.6,6.96,-20.49
22,90,3.92,7.328,-20.22
22,90,4.24,7.184,-21.84
22,90,4.56,9.614,-20.2
22,90,4.88,9.45,-20.68
22,90,5.2,9.02,-22.4
22,90,5.52,6.812,-23.47
22,90,5.84,5.938,-25.51
22,90,6.16,6.71,-25.33
22,90,6.48,5.854,-28.23
22,90,6.8,5.32,-28.18
22,90,7.12,5.434,-29.16
22,90,7.44,4.514,-29.82
22,90,7.76,3.892,-31.33
22,90,8.08,3.644,-31.16
22,90,8.4,1.32,-34.06
22,90,8.72,0.442,-36.86
22,90,9.04,0.735999999999997,-37.05
22,90,9.36,-0.774000000000001,-38.84
22,90,9.68,-1.86,-40.75
22,90,10,-1.43,-40.5
22,90,10.32,-2.382,-42.01
22,90,10.64,-3.778,-43.79
22,90,10.96,-4.716,-44.7
22,90,11.28,-6.766,-47.21
22,90,11.6,-9.39,-50.26
22,90,11.92,-5.154,-46.28
22,90,12.24,-3.044,-45.3
22,90,12.56,-1.20999999999999,-45.28
22,90,12.88,-2.75600000000001,-47.96
22,90,13.2,0.539999999999999,-46.24
22,90,13.52,-2.892,-48.9
22,90,13.84,-3.498,-50.98
22,90,14.16,-2.806,-51.03
22,90,14.48,-4.89399999999999,-56.72
22,90,14.8,-6.91,-54.92
22,90,15.12,-9.92,-56.35
22,90,15.44,-7.686,-54
22,90,15.76,-3.898,-51.09
22,90,16.08,-1.282,-48.74
22,90,16.4,-1.52,-51.33
22,90,16.72,-2.648,-52.13
22,90,17.04,-1.71600000000001,-52.97
22,90,17.36,-2.406,-55.05
22,90,17.68,-5.502,-58.58
22,90,18,-4.04,-56.85
23,90,2,6.04,-15.75
23,90,2.32,6.784,-18.87
23,90,2.64,8.312,-20.4
23,90,2.96,10.022,-18.29
23,90,3.28,7.178,-22.84
23,90,3.6,6.84,-20.61
23,90,3.92,7.008,-20.54
23,90,4.24,6.87400000000001,-22.15
23,90,4.56,9.394,-20.42
23,90,4.88,9.03,-21.1
23,90,5.2,8.61,-22.81
23,90,5.52,6.312,-23.97
23,90,5.84,5.398,-26.05
23,90,6.16,6.19,-25.85
23,90,6.48,5.164,-28.92
23,90,6.8,4.61,-28.89
23,90,7.12,4.534,-30.06
23,90,7.44,3.504,-30.83
23,90,7.76,3.192,-32.03
23,90,8.08,2.714,-32.09
23,90,8.4,0.0300000000000011,-35.35
23,90,8.72,-1.428,-38.73
23,90,9.04,-0.364000000000004,-38.15
23,90,9.36,-2.05399999999999,-40.12
23,90,9.68,-3.09,-41.98
23,90,10,-2.85,-41.92
23,90,10.32,-3.772,-43.4
23,90,10.64,-5.328,-45.34
23,90,10.96,-6.496,-46.48
23,90,11.28,-8.236,-48.68
23,90,11.6,-11.35,-52.22
23,90,11.92,-6.454,-47.58
23,90,12.24,-4.434,-46.69
23,90,12.56,-2.45999999999999,-46.53
23,90,12.88,-3.94600000000001,-49.15
23,90,13.2,-0.449999999999996,-47.23
23,90,13.52,-4.032,-50.04
23,90,13.84,-4.268,-51.75
23,90,14.16,-3.586,-51.81
23,90,14.48,-6.45399999999999,-58.28
23,90,14.8,-8.4,-56.41
23,90,15.12,-8.24,-54.67
23,90,15.44,-6.316,-52.63
23,90,15.76,-4.798,-51.99
23,90,16.08,-1.88200000000001,-49.34
23,90,16.4,-3.66999999999999,-53.48
23,90,16.72,-3.948,-53.43
23,90,17.04,-3.49600000000001,-54.75
23,90,17.36,-5.426,-58.07
23,90,17.68,-7.912,-60.99
23,90,18,-6.83,-59.64
24,90,2,6,-15.79
24,90,2.32,6.604,-19.05
24,90,2.64,8.062,-20.65
24,90,2.96,9.762,-18.55
24,90,3.28,7.018,-23
24,90,3.6,6.68,-20.77
24,90,3.92,6.698,-20.85
24,90,4.24,6.594,-22.43
24,90,4.56,9.184,-20.63
24,90,4.88,8.59,-21.54
24,90,5.2,8.22,-23.2
24,90,5.52,5.772,-24.51
24,90,5.84,4.898,-26.55
24,90,6.16,5.57,-26.47
24,90,6.48,4.454,-29.63
24,90,6.8,4.08,-29.42
24,90,7.12,3.704,-30.89
24,90,7.44,2.32400000000001,-32.01
24,90,7.76,2.462,-32.76
24,90,8.08,1.734,-33.07
24,90,8.4,-1.31,-36.69
24,90,8.72,-2.788,-40.09
24,90,9.04,-1.64400000000001,-39.43
24,90,9.36,-3.324,-41.39
24,90,9.68,-4.32,-43.21
24,90,10,-3.82,-42.89
24,90,10.32,-5.202,-44.83
24,90,10.64,-6.888,-46.9
24,90,10.96,-7.896,-47.88
24,90,11.28,-9.976,-50.42
24,90,11.6,-11.82,-52.69
24,90,11.92,-7.64400000000001,-48.77
24,90,12.24,-5.754,-48.01
24,90,12.56,-3.97999999999999,-48.05
24,90,12.88,-5.166,-50.37
24,90,13.2,-1.87,-48.65
24,90,13.52,-5.102,-51.11
24,90,13.84,-6.548,-54.03
24,90,14.16,-5.096,-53.32
24,90,14.48,-6.25399999999999,-58.08
24,90,14.8,-8.78,-56.79
24,90,15.12,-10.45,-56.88
24,90,15.44,-8.326,-54.64
24,90,15.76,-5.878,-53.07
24,90,16.08,-3.272,-50.73
24,90,16.4,-5.08,-54.89
24,90,16.72,-5.878,-55.36
24,90,17.04,-3.26600000000001,-54.52
24,90,17.36,-5.736,-58.38
24,90,17.68,-9.182,-62.26
24,90,18,-7.13,-59.94
25,90,2,5.94,-15.85
25,90,2.32,6.414,-19.24
25,90,2.64,7.792,-20.92
25,90,2.96,9.432,-18.88
25,90,3.28,6.858,-23.16
25,90,3.6,6.53,-20.92
25,90,3.92,6.348,-21.2
25,90,4.24,6.274,-22.75
25,90,4.56,8.924,-20.89
25,90,4.88,8.13,-22
25,90,5.2,7.79,-23.63
25,90,5.52,5.162,-25.12
25,90,5.84,4.368,-27.08
25,90,6.16,4.9,-27.14
25,90,6.48,3.694,-30.39
25,90,6.8,3.33,-30.17
25,90,7.12,2.864,-31.73
25,90,7.44,1.114,-33.22
25,90,7.76,1.612,-33.61
25,90,8.08,0.644000000000005,-34.16
25,90,8.4,-2.55,-37.93
25,90,8.72,-4.288,-41.59
25,90,9.04,-3.044,-40.83
25,90,9.36,-4.23399999999999,-42.3
25,90,9.68,-6.08,-44.97
25,90,10,-4.61,-43.68
25,90,10.32,-6.932,-46.56
25,90,10.64,-8.368,-48.38
25,90,10.96,-9.266,-49.25
25,90,11.28,-10.986,-51.43
25,90,11.6,-13.95,-54.82
25,90,11.92,-9.364,-50.49
25,90,12.24,-6.954,-49.21
25,90,12.56,-5.13999999999999,-49.21
25,90,12.88,-7.01600000000001,-52.22
25,90,13.2,-2.87,-49.65
25,90,13.52,-6.322,-52.33
25,90,13.84,-6.458,-53.94
25,90,14.16,-5.156,-53.38
25,90,14.48,-9.29399999999999,-61.12
25,90,14.8,-11.8,-59.81
25,90,15.12,-10.94,-57.37
25,90,15.44,-10.426,-56.74
25,90,15.76,-8.378,-55.57
25,90,16.08,-5.512,-52.97
25,90,16.4,-8.05,-57.86
25,90,16.72,-8.248,-57.73
25,90,17.04,-6.20600000000001,-57.46
25,90,17.36,-7.006,-59.65
25,90,17.68,-11.382,-64.46
25,90,18,-11.24,-64.05
26,90,2,5.88,-15.91
26,90,2.32,6.244,-19.41
26,90,2.64,7.522,-21.19
26,90,2.96,9.062,-19.25
26,90,3.28,6.708,-23.31
26,90,3.6,6.32,-21.13
26,90,3.92,6.038,-21.51
26,90,4.24,5.884,-23.14
26,90,4.56,8.584,-21.23
26,90,4.88,7.68,-22.45
26,90,5.2,7.31,-24.11
26,90,5.52,4.512,-25.77
26,90,5.84,3.808,-27.64
26,90,6.16,4.13,-27.91
26,90,6.48,2.994,-31.09
26,90,6.8,2.63,-30.87
26,90,7.12,2.044,-32.55
26,90,7.44,0.044000000000004,-34.29
26,90,7.76,0.701999999999998,-34.52
26,90,8.08,-0.445999999999998,-35.25
26,90,8.4,-3.93,-39.31
26,90,8.72,-5.268,-42.57
26,90,9.04,-4.57400000000001,-42.36
26,90,9.36,-5.624,-43.69
26,90,9.68,-7.57,-46.46
26,90,10,-6.34,-45.41
26,90,10.32,-9.152,-48.78
26,90,10.64,-10.108,-50.12
26,90,10.96,-10.346,-50.33
26,90,11.28,-12.656,-53.1
26,90,11.6,-15.86,-56.73
26,90,11.92,-10.814,-51.94
26,90,12.24,-8.464,-50.72
26,90,12.56,-7.03999999999999,-51.11
26,90,12.88,-7.86600000000001,-53.07
26,90,13.2,-4.78,-51.56
26,90,13.52,-7.142,-53.15
26,90,13.84,-8.118,-55.6
26,90,14.16,-8.75599999999999,-56.98
26,90,14.48,-10.534,-62.36
26,90,14.8,-11.76,-59.77
26,90,15.12,-14.6,-61.03
26,90,15.44,-11.396,-57.71
26,90,15.76,-10.898,-58.09
26,90,16.08,-8.022,-55.48
26,90,16.4,-12.06,-61.87
26,90,16.72,-10.548,-60.03
26,90,17.04,-7.86600000000001,-59.12
26,90,17.36,-8.866,-61.51
26,90,17.68,-11.192,-64.27
26,90,18,-12.51,-65.32
27,90,2,5.78,-16.01
27,90,2.32,6.064,-19.59
27,90,2.64,7.222,-21.49
27,90,2.96,8.652,-19.66
27,90,3.28,6.538,-23.48
27,90,3.6,6.12,-21.33
27,90,3.92,5.738,-21.81
27,90,4.24,5.48400000000001,-23.54
27,90,4.56,8.204,-21.61
27,90,4.88,7.28,-22.85
27,90,5.2,6.89,-24.53
27,90,5.52,3.792,-26.49
27,90,5.84,3.198,-28.25
27,90,6.16,3.44,-28.6
27,90,6.48,2.254,-31.83
27,90,6.8,1.84,-31.66
27,90,7.12,1.104,-33.49
27,90,7.44,-0.765999999999998,-35.1
27,90,7.76,-0.268000000000001,-35.49
27,90,8.08,-1.516,-36.32
27,90,8.4,-5.2,-40.58
27,90,8.72,-6.498,-43.8
27,90,9.04,-6.55400000000001,-44.34
27,90,9.36,-6.80399999999999,-44.87
27,90,9.68,-8.21,-47.1
27,90,10,-8.44,-47.51
27,90,10.32,-12.022,-51.65
27,90,10.64,-12.788,-52.8
27,90,10.96,-14.126,-54.11
27,90,11.28,-14.566,-55.01
27,90,11.6,-16.55,-57.42
27,90,11.92,-12.654,-53.78
27,90,12.24,-9.094,-51.35
27,90,12.56,-7.25999999999999,-51.33
27,90,12.88,-9.38600000000001,-54.59
27,90,13.2,-5.4,-52.18
27,90,13.52,-8.15199999999999,-54.16
27,90,13.84,-8.858,-56.34
27,90,14.16,-7.836,-56.06
27,90,14.48,-11.114,-62.94
27,90,14.8,-16.5,-64.51
27,90,15.12,-18.6,-65.03
27,90,15.44,-16.406,-62.72
27,90,15.76,-12.878,-60.07
27,90,16.08,-10.562,-58.02
27,90,16.4,-11.23,-61.04
27,90,16.72,-12.138,-61.62
27,90,17.04,-11.856,-63.11
27,90,17.36,-11.286,-63.93
27,90,17.68,-14.512,-67.59
27,90,18,-11.09,-63.9
28,90,2,5.68,-16.11
28,90,2.32,5.874,-19.78
28,90,2.64,6.952,-21.76
28,90,2.96,8.232,-20.08
28,90,3.28,6.368,-23.65
28,90,3.6,5.87,-21.58
28,90,3.92,5.418,-22.13
28,90,4.24,5.134,-23.89
28,90,4.56,7.774,-22.04
28,90,4.88,6.89,-23.24
28,90,5.2,6.52,-24.9
28,90,5.52,3.052,-27.23
28,90,5.84,2.568,-28.88
28,90,6.16,2.73,-29.31
28,90,6.48,1.544,-32.54
28,90,6.8,1.03,-32.47
28,90,7.12,0.374000000000002,-34.22
28,90,7.44,-1.406,-35.74
28,90,7.76,-1.378,-36.6
28,90,8.08,-2.60599999999999,-37.41
28,90,8.4,-6.69,-42.07
28,90,8.72,-7.548,-44.85
28,90,9.04,-8.32400000000001,-46.11
28,90,9.36,-8.404,-46.47
28,90,9.68,-9.23,-48.12
28,90,10,-11.02,-50.09
28,90,10.32,-13.292,-52.92
28,90,10.64,-16.618,-56.63
28,90,10.96,-17.396,-57.38
28,90,11.28,-17.196,-57.64
28,90,11.6,-18.13,-59
28,90,11.92,-13.514,-54.64
28,90,12.24,-10.344,-52.6
28,90,12.56,-8.53999999999999,-52.61
28,90,12.88,-11.196,-56.4
28,90,13.2,-5.82,-52.6
28,90,13.52,-9.752,-55.76
28,90,13.84,-11.378,-58.86
28,90,14.16,-8.046,-56.27
28,90,14.48,-14.484,-66.31
28,90,14.8,-18.8,-66.81
28,90,15.12,-21.71,-68.14
28,90,15.44,-20.226,-66.54
28,90,15.76,-15.818,-63.01
28,90,16.08,-12.352,-59.81
28,90,16.4,-9.16,-58.97
28,90,16.72,-10.818,-60.3
28,90,17.04,-12.236,-63.49
28,90,17.36,-12.596,-65.24
28,90,17.68,-12.762,-65.84
28,90,18,-11.07,-63.88
29,90,2,5.59,-16.2
29,90,2.32,5.774,-19.88
29,90,2.64,6.732,-21.98
29,90,2.96,7.772,-20.54
29,90,3.28,6.198,-23.82
29,90,3.6,5.61,-21.84
29,90,3.92,5.188,-22.36
29,90,4.24,4.80400000000001,-24.22
29,90,4.56,7.334,-22.48
29,90,4.88,6.55,-23.58
29,90,5.2,6.16,-25.26
29,90,5.52,2.312,-27.97
29,90,5.84,1.958,-29.49
29,90,6.16,2.09,-29.95
29,90,6.48,0.714000000000006,-33.37
29,90,6.8,0.0900000000000034,-33.41
29,90,7.12,-0.545999999999999,-35.14
29,90,7.44,-2.186,-36.52
29,90,7.76,-2.508,-37.73
29,90,8.08,-3.916,-38.72
29,90,8.4,-8.15,-43.53
29,90,8.72,-8.238,-45.54
29,90,9.04,-9.944,-47.73
29,90,9.36,-8.55399999999999,-46.62
29,90,9.68,-11.09,-49.98
29,90,10,-13.64,-52.71
29,90,10.32,-16.842,-56.47
29,90,10.64,-23.748,-63.76
29,90,10.96,-25.056,-65.04
29,90,11.28,-19.796,-60.24
29,90,11.6,-18.85,-59.72
29,90,11.92,-12.944,-54.07
29,90,12.24,-10.034,-52.29
29,90,12.56,-7.98999999999999,-52.06
29,90,12.88,-10.056,-55.26
29,90,13.2,-7.15,-53.93
29,90,13.52,-10.482,-56.49
29,90,13.84,-11.198,-58.68
29,90,14.16,-8.46599999999999,-56.69
29,90,14.48,-13.154,-64.98
29,90,14.8,-16.5,-64.51
29,90,15.12,-19.25,-65.68
29,90,15.44,-18.226,-64.54
29,90,15.76,-14.738,-61.93
29,90,16.08,-10.582,-58.04
29,90,16.4,-8.48,-58.29
29,90,16.72,-7.098,-56.58
29,90,17.04,-9.78600000000001,-61.04
29,90,17.36,-14.576,-67.22
29,90,17.68,-17.172,-70.25
29,90,18,-10.27,-63.08
30,90,2,5.44,-16.35
30,90,2.32,5.584,-20.07
30,90,2.64,6.452,-22.26
30,90,2.96,7.342,-20.97
30,90,3.28,5.988,-24.03
30,90,3.6,5.24,-22.21
30,90,3.92,4.898,-22.65
30,90,4.24,4.46400000000001,-24.56
30,90,4.56,6.854,-22.96
30,90,4.88,6.13,-24
30,90,5.2,5.81,-25.61
30,90,5.52,1.612,-28.67
30,90,5.84,1.298,-30.15
30,90,6.16,1.44,-30.6
30,90,6.48,-0.186,-34.27
30,90,6.8,-0.82,-34.32
30,90,7.12,-1.476,-36.07
30,90,7.44,-3.116,-37.45
30,90,7.76,-3.148,-38.37
30,90,8.08,-4.976,-39.78
30,90,8.4,-9.27999999999999,-44.66
30,90,8.72,-9.498,-46.8
30,90,9.04,-10.734,-48.52
30,90,9.36,-9.894,-47.96
30,90,9.68,-13.62,-52.51
30,90,10,-15.44,-54.51
30,90,10.32,-18.152,-57.78
30,90,10.64,-29.238,-69.25
30,90,10.96,-25.876,-65.86
30,90,11.28,-20.036,-60.48
30,90,11.6,-15.67,-56.54
30,90,11.92,-11.804,-52.93
30,90,12.24,-10.524,-52.78
30,90,12.56,-7.04999999999999,-51.12
30,90,12.88,-10.276,-55.48
30,90,13.2,-8.59,-55.37
30,90,13.52,-12.582,-58.59
30,90,13.84,-9.528,-57.01
30,90,14.16,-9.566,-57.79
30,90,14.48,-12.624,-64.45
30,90,14.8,-15.92,-63.93
30,90,15.12,-15.85,-62.28
30,90,15.44,-12.476,-58.79
30,90,15.76,-11.148,-58.34
30,90,16.08,-8.652,-56.11
30,90,16.4,-6.76,-56.57
30,90,16.72,-8.858,-58.34
30,90,17.04,-7.93600000000001,-59.19
30,90,17.36,-9.056,-61.7
30,90,17.68,-13.702,-66.78
30,90,18,-14.96,-67.77
31,90,2,5.28,-16.51
31,90,2.32,5.444,-20.21
31,90,2.64,6.202,-22.51
31,90,2.96,6.962,-21.35
31,90,3.28,5.768,-24.25
31,90,3.6,4.82,-22.63
31,90,3.92,4.688,-22.86
31,90,4.24,4.224,-24.8
31,90,4.56,6.354,-23.46
31,90,4.88,5.71,-24.42
31,90,5.2,5.52,-25.9
31,90,5.52,0.902000000000001,-29.38
31,90,5.84,0.777999999999999,-30.67
31,90,6.16,0.779999999999998,-31.26
31,90,6.48,-1.006,-35.09
31,90,6.8,-1.56,-35.06
31,90,7.12,-2.196,-36.79
31,90,7.44,-4.46599999999999,-38.8
31,90,7.76,-4.018,-39.24
31,90,8.08,-5.936,-40.74
31,90,8.4,-10.71,-46.09
31,90,8.72,-11.778,-49.08
31,90,9.04,-11.134,-48.92
31,90,9.36,-11.794,-49.86
31,90,9.68,-16.04,-54.93
31,90,10,-15.25,-54.32
31,90,10.32,-21.112,-60.74
31,90,10.64,-20.018,-60.03
31,90,10.96,-17.676,-57.66
31,90,11.28,-16.656,-57.1
31,90,11.6,-14.02,-54.89
31,90,11.92,-11.474,-52.6
31,90,12.24,-10.284,-52.54
31,90,12.56,-7.61999999999999,-51.69
31,90,12.88,-10.856,-56.06
31,90,13.2,-7.94,-54.72
31,90,13.52,-12.202,-58.21
31,90,13.84,-10.668,-58.15
31,90,14.16,-8.366,-56.59
31,90,14.48,-11.294,-63.12
31,90,14.8,-14.75,-62.76
31,90,15.12,-11.61,-58.04
31,90,15.44,-10.576,-56.89
31,90,15.76,-9.218,-56.41
31,90,16.08,-8.262,-55.72
31,90,16.4,-8.03,-57.84
31,90,16.72,-7.648,-57.13
31,90,17.04,-7.95600000000001,-59.21
31,90,17.36,-10.676,-63.32
31,90,17.68,-12.402,-65.48
31,90,18,-12.29,-65.1
32,90,2,5.11,-16.68
32,90,2.32,5.364,-20.29
32,90,2.64,5.982,-22.73
32,90,2.96,6.652,-21.66
32,90,3.28,5.528,-24.49
32,90,3.6,4.39,-23.06
32,90,3.92,4.468,-23.08
32,90,4.24,3.94400000000001,-25.08
32,90,4.56,5.834,-23.98
32,90,4.88,5.28,-24.85
32,90,5.2,5.11,-26.31
32,90,5.52,0.411999999999999,-29.87
32,90,5.84,0.138000000000002,-31.31
32,90,6.16,-0.0200000000000031,-32.06
32,90,6.48,-1.626,-35.71
32,90,6.8,-2.41,-35.91
32,90,7.12,-3.176,-37.77
32,90,7.44,-5.78599999999999,-40.12
32,90,7.76,-5.178,-40.4
32,90,8.08,-6.666,-41.47
32,90,8.4,-12.04,-47.42
32,90,8.72,-13.478,-50.78
32,90,9.04,-11.384,-49.17
32,90,9.36,-12.414,-50.48
32,90,9.68,-19.57,-58.46
32,90,10,-14.44,-53.51
32,90,10.32,-25.452,-65.08
32,90,10.64,-17.038,-57.05
32,90,10.96,-14.936,-54.92
32,90,11.28,-15.026,-55.47
32,90,11.6,-11.81,-52.68
32,90,11.92,-11.184,-52.31
32,90,12.24,-9.044,-51.3
32,90,12.56,-6.85999999999999,-50.93
32,90,12.88,-11.766,-56.97
32,90,13.2,-7.29,-54.07
32,90,13.52,-12.332,-58.34
32,90,13.84,-11.048,-58.53
32,90,14.16,-7.246,-55.47
32,90,14.48,-12.034,-63.86
32,90,14.8,-12.89,-60.9
32,90,15.12,-10.25,-56.68
32,90,15.44,-8.746,-55.06
32,90,15.76,-9.638,-56.83
32,90,16.08,-8.122,-55.58
32,90,16.4,-9.33,-59.14
32,90,16.72,-9.288,-58.77
32,90,17.04,-10.156,-61.41
32,90,17.36,-10.856,-63.5
32,90,17.68,-14.442,-67.52
32,90,18,-16.05,-68.86
33,90,2,4.92,-16.87
33,90,2.32,5.134,-20.52
33,90,2.64,5.732,-22.98
33,90,2.96,6.362,-21.95
33,90,3.28,5.258,-24.76
33,90,3.6,3.87,-23.58
33,90,3.92,4.198,-23.35
33,90,4.24,3.62400000000001,-25.4
33,90,4.56,5.384,-24.43
33,90,4.88,4.81,-25.32
33,90,5.2,4.75,-26.67
33,90,5.52,-0.178000000000001,-30.46
33,90,5.84,-0.352,-31.8
33,90,6.16,-0.789999999999999,-32.83
33,90,6.48,-2.226,-36.31
33,90,6.8,-3.38,-36.88
33,90,7.12,-3.776,-38.37
33,90,7.44,-7.28599999999999,-41.62
33,90,7.76,-6.148,-41.37
33,90,8.08,-7.316,-42.12
33,90,8.4,-13.91,-49.29
33,90,8.72,-14.838,-52.14
33,90,9.04,-12.804,-50.59
33,90,9.36,-15.794,-53.86
33,90,9.68,-24.13,-63.02
33,90,10,-15.69,-54.76
33,90,10.32,-30.202,-69.83
33,90,10.64,-16.498,-56.51
33,90,10.96,-14.406,-54.39
33,90,11.28,-13.306,-53.75
33,90,11.6,-11.11,-51.98
33,90,11.92,-9.794,-50.92
33,90,12.24,-9.924,-52.18
33,90,12.56,-7.13,-51.2
33,90,12.88,-9.60600000000001,-54.81
33,90,13.2,-6.97,-53.75
33,90,13.52,-14.092,-60.1
33,90,13.84,-11.528,-59.01
33,90,14.16,-8.07599999999999,-56.3
33,90,14.48,-12.484,-64.31
33,90,14.8,-11.55,-59.56
33,90,15.12,-9.6,-56.03
33,90,15.44,-9.326,-55.64
33,90,15.76,-7.848,-55.04
33,90,16.08,-8.13200000000001,-55.59
33,90,16.4,-10.18,-59.99
33,90,16.72,-11.808,-61.29
33,90,17.04,-14.536,-65.79
33,90,17.36,-15.106,-67.75
33,90,17.68,-14.122,-67.2
33,90,18,-16.11,-68.92
34,90,2,4.71,-17.08
34,90,2.32,5.044,-20.61
34,90,2.64,5.512,-23.2
34,90,2.96,6.202,-22.11
34,90,3.28,4.988,-25.03
34,90,3.6,3.37,-24.08
34,90,3.92,3.938,-23.61
34,90,4.24,3.174,-25.85
34,90,4.56,4.974,-24.84
34,90,4.88,4.41,-25.72
34,90,5.2,4.25,-27.17
34,90,5.52,-0.538,-30.82
34,90,5.84,-0.792000000000002,-32.24
34,90,6.16,-1.6,-33.64
34,90,6.48,-2.766,-36.85
34,90,6.8,-4.29,-37.79
34,90,7.12,-4.426,-39.02
34,90,7.44,-8.746,-43.08
34,90,7.76,-6.978,-42.2
34,90,8.08,-7.936,-42.74
34,90,8.4,-16.58,-51.96
34,90,8.72,-15.898,-53.2
34,90,9.04,-16.824,-54.61
34,90,9.36,-19.054,-57.12
34,90,9.68,-23.74,-62.63
34,90,10,-18.25,-57.32
34,90,10.32,-35.732,-75.36
34,90,10.64,-15.118,-55.13
34,90,10.96,-13.906,-53.89
34,90,11.28,-12.906,-53.35
34,90,11.6,-10.78,-51.65
34,90,11.92,-8.874,-50
34,90,12.24,-10.344,-52.6
34,90,12.56,-7.42999999999999,-51.5
34,90,12.88,-10.436,-55.64
34,90,13.2,-7.56,-54.34
34,90,13.52,-12.152,-58.16
34,90,13.84,-11.118,-58.6
34,90,14.16,-7.50599999999999,-55.73
34,90,14.48,-10.754,-62.58
34,90,14.8,-9.82,-57.83
34,90,15.12,-9.1,-55.53
34,90,15.44,-9.436,-55.75
34,90,15.76,-8.068,-55.26
34,90,16.08,-10.842,-58.3
34,90,16.4,-10.33,-60.14
34,90,16.72,-12.248,-61.73
34,90,17.04,-15.136,-66.39
34,90,17.36,-15.786,-68.43
34,90,17.68,-12.992,-66.07
34,90,18,-23.3,-76.11
35,90,2,4.53,-17.26
35,90,2.32,4.864,-20.79
35,90,2.64,5.242,-23.47
35,90,2.96,6.022,-22.29
35,90,3.28,4.718,-25.3
35,90,3.6,2.91,-24.54
35,90,3.92,3.648,-23.9
35,90,4.24,2.754,-26.27
35,90,4.56,4.684,-25.13
35,90,4.88,3.96,-26.17
35,90,5.2,3.8,-27.62
35,90,5.52,-0.988,-31.27
35,90,5.84,-1.312,-32.76
35,90,6.16,-2.51,-34.55
35,90,6.48,-3.366,-37.45
35,90,6.8,-5.02,-38.52
35,90,7.12,-5.146,-39.74
35,90,7.44,-9.486,-43.82
35,90,7.76,-8.578,-43.8
35,90,8.08,-8.866,-43.67
35,90,8.4,-18.68,-54.06
35,90,8.72,-16.028,-53.33
35,90,9.04,-23.744,-61.53
35,90,9.36,-19.004,-57.07
35,90,9.68,-21.72,-60.61
35,90,10,-26.21,-65.28
35,90,10.32,-25.042,-64.67
35,90,10.64,-14.718,-54.73
35,90,10.96,-12.556,-52.54
35,90,11.28,-13.826,-54.27
35,90,11.6,-10.82,-51.69
35,90,11.92,-8.814,-49.94
35,90,12.24,-11.214,-53.47
35,90,12.56,-7.56999999999999,-51.64
35,90,12.88,-11.366,-56.57
35,90,13.2,-8.21,-54.99
35,90,13.52,-12.652,-58.66
35,90,13.84,-10.458,-57.94
35,90,14.16,-7.986,-56.21
35,90,14.48,-9.78399999999999,-61.61
35,90,14.8,-8.28,-56.29
35,90,15.12,-8.04,-54.47
35,90,15.44,-9.146,-55.46
35,90,15.76,-8.948,-56.14
35,90,16.08,-9.732,-57.19
35,90,16.4,-13.71,-63.52
35,90,16.72,-16.868,-66.35
35,90,17.04,-18.866,-70.12
35,90,17.36,-23.096,-75.74
35,90,17.68,-21.192,-74.27
35,90,18,-17.26,-70.07
36,90,2,4.28,-17.51
36,90,2.32,4.694,-20.96
36,90,2.64,5.022,-23.69
36,90,2.96,5.992,-22.32
36,90,3.28,4.408,-25.61
36,90,3.6,2.48,-24.97
36,90,3.92,3.278,-24.27
36,90,4.24,2.264,-26.76
36,90,4.56,4.424,-25.39
36,90,4.88,3.48,-26.65
36,90,5.2,3.23,-28.19
36,90,5.52,-1.418,-31.7
36,90,5.84,-1.862,-33.31
36,90,6.16,-3.45,-35.49
36,90,6.48,-3.85599999999999,-37.94
36,90,6.8,-5.81,-39.31
36,90,7.12,-6.076,-40.67
36,90,7.44,-10.316,-44.65
36,90,7.76,-10.028,-45.25
36,90,8.08,-9.716,-44.52
36,90,8.4,-19.99,-55.37
36,90,8.72,-17.138,-54.44
36,90,9.04,-35.444,-73.23
36,90,9.36,-21.354,-59.42
36,90,9.68,-18.71,-57.6
36,90,10,-23.75,-62.82
36,90,10.32,-26.312,-65.94
36,90,10.64,-12.918,-52.93
36,90,10.96,-12.726,-52.71
36,90,11.28,-11.416,-51.86
36,90,11.6,-11.58,-52.45
36,90,11.92,-9.814,-50.94
36,90,12.24,-11.994,-54.25
36,90,12.56,-8.07999999999999,-52.15
36,90,12.88,-13.456,-58.66
36,90,13.2,-9.17,-55.95
36,90,13.52,-10.342,-56.35
36,90,13.84,-11.628,-59.11
36,90,14.16,-7.46599999999999,-55.69
36,90,14.48,-9.03399999999999,-60.86
36,90,14.8,-8.47,-56.48
36,90,15.12,-8.25,-54.68
36,90,15.44,-9.596,-55.91
36,90,15.76,-10.428,-57.62
36,90,16.08,-12.532,-59.99
36,90,16.4,-14.66,-64.47
36,90,16.72,-17.148,-66.63
36,90,17.04,-17.766,-69.02
36,90,17.36,-21.006,-73.65
36,90,17.68,-30.832,-83.91
36,90,18,-26.54,-79.35
37,90,2,4,-17.79
37,90,2.32,4.504,-21.15
37,90,2.64,4.762,-23.95
37,90,2.96,5.942,-22.37
37,90,3.28,4.178,-25.84
37,90,3.6,2.11,-25.34
37,90,3.92,2.838,-24.71
37,90,4.24,1.754,-27.27
37,90,4.56,4.144,-25.67
37,90,4.88,2.88,-27.25
37,90,5.2,2.84,-28.58
37,90,5.52,-1.878,-32.16
37,90,5.84,-2.532,-33.98
37,90,6.16,-4.23,-36.27
37,90,6.48,-4.256,-38.34
37,90,6.8,-6.71,-40.21
37,90,7.12,-7.016,-41.61
37,90,7.44,-11.386,-45.72
37,90,7.76,-11.868,-47.09
37,90,8.08,-10.226,-45.03
37,90,8.4,-22.5,-57.88
37,90,8.72,-19.428,-56.73
37,90,9.04,-22.844,-60.63
37,90,9.36,-19.524,-57.59
37,90,9.68,-14.36,-53.25
37,90,10,-19,-58.07
37,90,10.32,-20.262,-59.89
37,90,10.64,-11.668,-51.68
37,90,10.96,-10.976,-50.96
37,90,11.28,-11.586,-52.03
37,90,11.6,-12,-52.87
37,90,11.92,-9.994,-51.12
37,90,12.24,-12.134,-54.39
37,90,12.56,-9.65999999999999,-53.73
37,90,12.88,-14.626,-59.83
37,90,13.2,-9.04,-55.82
37,90,13.52,-11.432,-57.44
37,90,13.84,-11.148,-58.63
37,90,14.16,-6.78599999999999,-55.01
37,90,14.48,-10.054,-61.88
37,90,14.8,-8.26000000000001,-56.27
37,90,15.12,-9.75,-56.18
37,90,15.44,-10.326,-56.64
37,90,15.76,-11.618,-58.81
37,90,16.08,-15.032,-62.49
37,90,16.4,-18.03,-67.84
37,90,16.72,-17.358,-66.84
37,90,17.04,-15.006,-66.26
37,90,17.36,-21.096,-73.74
37,90,17.68,-17.112,-70.19
37,90,18,-20.6,-73.41
38,90,2,3.72,-18.07
38,90,2.32,4.284,-21.37
38,90,2.64,4.432,-24.28
38,90,2.96,5.972,-22.34
38,90,3.28,3.958,-26.06
38,90,3.6,1.8,-25.65
38,90,3.92,2.378,-25.17
38,90,4.24,1.244,-27.78
38,90,4.56,3.824,-25.99
38,90,4.88,2.14,-27.99
38,90,5.2,2.41,-29.01
38,90,5.52,-2.558,-32.84
38,90,5.84,-3.232,-34.68
38,90,6.16,-4.73,-36.77
38,90,6.48,-4.92599999999999,-39.01
38,90,6.8,-7.4,-40.9
38,90,7.12,-7.846,-42.44
38,90,7.44,-13.356,-47.69
38,90,7.76,-13.838,-49.06
38,90,8.08,-11.566,-46.37
38,90,8.4,-24.6,-59.98
38,90,8.72,-20.108,-57.41
38,90,9.04,-20.384,-58.17
38,90,9.36,-18.764,-56.83
38,90,9.68,-13.5,-52.39
38,90,10,-15.46,-54.53
38,90,10.32,-17.762,-57.39
38,90,10.64,-11.688,-51.7
38,90,10.96,-9.686,-49.67
38,90,11.28,-11.636,-52.08
38,90,11.6,-11.51,-52.38
38,90,11.92,-12.274,-53.4
38,90,12.24,-12.624,-54.88
38,90,12.56,-11.62,-55.69
38,90,12.88,-16.376,-61.58
38,90,13.2,-10.75,-57.53
38,90,13.52,-10.282,-56.29
38,90,13.84,-10.438,-57.92
38,90,14.16,-7.946,-56.17
38,90,14.48,-9.264,-61.09
38,90,14.8,-9.4,-57.41
38,90,15.12,-9.75,-56.18
38,90,15.44,-11.996,-58.31
38,90,15.76,-12.698,-59.89
38,90,16.08,-16.282,-63.74
38,90,16.4,-15.74,-65.55
38,90,16.72,-17.108,-66.59
38,90,17.04,-18.376,-69.63
38,90,17.36,-20.076,-72.72
38,90,17.68,-18.812,-71.89
38,90,18,-16.89,-69.7
39,90,2,3.39,-18.4
39,90,2.32,4.064,-21.59
39,90,2.64,4.122,-24.59
39,90,2.96,6.012,-22.3
39,90,3.28,3.728,-26.29
39,90,3.6,1.52,-25.93
39,90,3.92,1.898,-25.65
39,90,4.24,0.684000000000005,-28.34
39,90,4.56,3.444,-26.37
39,90,4.88,1.55,-28.58
39,90,5.2,2.02,-29.4
39,90,5.52,-3.328,-33.61
39,90,5.84,-3.912,-35.36
39,90,6.16,-5.33,-37.37
39,90,6.48,-5.376,-39.46
39,90,6.8,-7.82,-41.32
39,90,7.12,-8.656,-43.25
39,90,7.44,-15.036,-49.37
39,90,7.76,-14.108,-49.33
39,90,8.08,-13.326,-48.13
39,90,8.4,-26.58,-61.96
39,90,8.72,-18.868,-56.17
39,90,9.04,-18.724,-56.51
39,90,9.36,-17.144,-55.21
39,90,9.68,-13.4,-52.29
39,90,10,-13.54,-52.61
39,90,10.32,-15.972,-55.6
39,90,10.64,-11.128,-51.14
39,90,10.96,-9.276,-49.26
39,90,11.28,-12.716,-53.16
39,90,11.6,-11.43,-52.3
39,90,11.92,-12.584,-53.71
39,90,12.24,-12.014,-54.27
39,90,12.56,-12.6,-56.67
39,90,12.88,-14.966,-60.17
39,90,13.2,-10.9,-57.68
39,90,13.52,-12.702,-58.71
39,90,13.84,-11.468,-58.95
39,90,14.16,-9.166,-57.39
39,90,14.48,-12.864,-64.69
39,90,14.8,-11.44,-59.45
39,90,15.12,-12.83,-59.26
39,90,15.44,-16.196,-62.51
39,90,15.76,-17.138,-64.33
39,90,16.08,-18.422,-65.88
39,90,16.4,-12.74,-62.55
39,90,16.72,-14.338,-63.82
39,90,17.04,-14.816,-66.07
39,90,17.36,-17.556,-70.2
39,90,17.68,-14.692,-67.77
39,90,18,-18.28,-71.09
40,90,2,3.07,-18.72
40,90,2.32,3.794,-21.86
40,90,2.64,3.792,-24.92
40,90,2.96,6.042,-22.27
40,90,3.28,3.528,-26.49
40,90,3.6,1.34,-26.11
40,90,3.92,1.388,-26.16
40,90,4.24,0.0240000000000045,-29
40,90,4.56,2.974,-26.84
40,90,4.88,1.07,-29.06
40,90,5.2,1.59,-29.83
40,90,5.52,-4.138,-34.42
40,90,5.84,-4.712,-36.16
40,90,6.16,-5.96,-38
40,90,6.48,-5.886,-39.97
40,90,6.8,-7.9,-41.4
40,90,7.12,-9.086,-43.68
40,90,7.44,-15.776,-50.11
40,90,7.76,-13.838,-49.06
40,90,8.08,-14.766,-49.57
40,90,8.4,-21.11,-56.49
40,90,8.72,-15.348,-52.65
40,90,9.04,-14.284,-52.07
40,90,9.36,-14.744,-52.81
40,90,9.68,-13.6,-52.49
40,90,10,-12.4,-51.47
40,90,10.32,-15.722,-55.35
40,90,10.64,-10.218,-50.23
40,90,10.96,-8.956,-48.94
40,90,11.28,-12.236,-52.68
40,90,11.6,-10.79,-51.66
40,90,11.92,-14.334,-55.46
40,90,12.24,-13.444,-55.7
40,90,12.56,-13.86,-57.93
40,90,12.88,-16.006,-61.21
40,90,13.2,-12.99,-59.77
40,90,13.52,-13.382,-59.39
40,90,13.84,-11.718,-59.2
40,90,14.16,-9.28599999999999,-57.51
40,90,14.48,-10.604,-62.43
40,90,14.8,-20.36,-68.37
40,90,15.12,-14.07,-60.5
40,90,15.44,-15.856,-62.17
40,90,15.76,-14.778,-61.97
40,90,16.08,-17.232,-64.69
40,90,16.4,-11.69,-61.5
40,90,16.72,-12.598,-62.08
40,90,17.04,-17.526,-68.78
40,90,17.36,-14.006,-66.65
40,90,17.68,-15.432,-68.51
40,90,18,-12.74,-65.55
41,90,2,2.7,-19.09
41,90,2.32,3.584,-22.07
41,90,2.64,3.502,-25.21
41,90,2.96,6.022,-22.29
41,90,3.28,3.398,-26.62
41,90,3.6,1.1,-26.35
41,90,3.92,0.868000000000002,-26.68
41,90,4.24,-0.555999999999994,-29.58
41,90,4.56,2.414,-27.4
41,90,4.88,0.550000000000004,-29.58
41,90,5.2,1.13,-30.29
41,90,5.52,-4.868,-35.15
41,90,5.84,-5.532,-36.98
41,90,6.16,-6.72,-38.76
41,90,6.48,-6.296,-40.38
41,90,6.8,-8.5,-42
41,90,7.12,-9.196,-43.79
41,90,7.44,-15.686,-50.02
41,90,7.76,-12.988,-48.21
41,90,8.08,-15.856,-50.66
41,90,8.4,-18.83,-54.21
41,90,8.72,-13.758,-51.06
41,90,9.04,-13.374,-51.16
41,90,9.36,-14.554,-52.62
41,90,9.68,-11.79,-50.68
41,90,10,-12.1,-51.17
41,90,10.32,-15.492,-55.12
41,90,10.64,-9.958,-49.97
41,90,10.96,-9.586,-49.57
41,90,11.28,-12.026,-52.47
41,90,11.6,-11.46,-52.33
41,90,11.92,-14.304,-55.43
41,90,12.24,-13.884,-56.14
41,90,12.56,-14.84,-58.91
41,90,12.88,-16.286,-61.49
41,90,13.2,-11.97,-58.75
41,90,13.52,-15.292,-61.3
41,90,13.84,-11.998,-59.48
41,90,14.16,-11.956,-60.18
41,90,14.48,-13.324,-65.15
41,90,14.8,-19.54,-67.55
41,90,15.12,-17.17,-63.6
41,90,15.44,-18.326,-64.64
41,90,15.76,-17.358,-64.55
41,90,16.08,-14.622,-62.08
41,90,16.4,-12.06,-61.87
41,90,16.72,-13.328,-62.81
41,90,17.04,-12.576,-63.83
41,90,17.36,-15.516,-68.16
41,90,17.68,-14.512,-67.59
41,90,18,-15.93,-68.74
42,90,2,2.31,-19.48
42,90,2.32,3.284,-22.37
42,90,2.64,3.102,-25.61
42,90,2.96,6.022,-22.29
42,90,3.28,3.238,-26.78
42,90,3.6,0.859999999999999,-26.59
42,90,3.92,0.478000000000002,-27.07
42,90,4.24,-1.136,-30.16
42,90,4.56,1.924,-27.89
42,90,4.88,0.0800000000000018,-30.05
42,90,5.2,0.530000000000001,-30.89
42,90,5.52,-5.658,-35.94
42,90,5.84,-6.322,-37.77
42,90,6.16,-7.62,-39.66
42,90,6.48,-6.706,-40.79
42,90,6.8,-9.07,-42.57
42,90,7.12,-8.966,-43.56
42,90,7.44,-14.556,-48.89
42,90,7.76,-12.758,-47.98
42,90,8.08,-15.426,-50.23
42,90,8.4,-17.39,-52.77
42,90,8.72,-11.688,-48.99
42,90,9.04,-11.674,-49.46
42,90,9.36,-13.834,-51.9
42,90,9.68,-10.85,-49.74
42,90,10,-13.37,-52.44
42,90,10.32,-16.732,-56.36
42,90,10.64,-9.898,-49.91
42,90,10.96,-10.416,-50.4
42,90,11.28,-11.986,-52.43
42,90,11.6,-11.94,-52.81
42,90,11.92,-14.674,-55.8
42,90,12.24,-16.044,-58.3
42,90,12.56,-14.5,-58.57
42,90,12.88,-19.086,-64.29
42,90,13.2,-11.88,-58.66
42,90,13.52,-12.672,-58.68
42,90,13.84,-14.938,-62.42
42,90,14.16,-10.846,-59.07
42,90,14.48,-12.214,-64.04
42,90,14.8,-25.67,-73.68
42,90,15.12,-14.82,-61.25
42,90,15.44,-22.606,-68.92
42,90,15.76,-13.348,-60.54
42,90,16.08,-15.862,-63.32
42,90,16.4,-14.47,-64.28
42,90,16.72,-15.918,-65.4
42,90,17.04,-16.846,-68.1
42,90,17.36,-16.586,-69.23
42,90,17.68,-18.152,-71.23
42,90,18,-19.6,-72.41
43,90,2,1.93,-19.86
43,90,2.32,2.974,-22.68
43,90,2.64,2.672,-26.04
43,90,2.96,6.022,-22.29
43,90,3.28,3.128,-26.89
43,90,3.6,0.57,-26.88
43,90,3.92,0.088000000000001,-27.46
43,90,4.24,-1.796,-30.82
43,90,4.56,1.324,-28.49
43,90,4.88,-0.119999999999997,-30.25
43,90,5.2,-0.0599999999999987,-31.48
43,90,5.52,-6.198,-36.48
43,90,5.84,-7.272,-38.72
43,90,6.16,-8.89,-40.93
43,90,6.48,-7.096,-41.18
43,90,6.8,-9.66,-43.16
43,90,7.12,-9.196,-43.79
43,90,7.44,-14.736,-49.07
43,90,7.76,-13.148,-48.37
43,90,8.08,-13.846,-48.65
43,90,8.4,-17.39,-52.77
43,90,8.72,-11.488,-48.79
43,90,9.04,-12.504,-50.29
43,90,9.36,-11.894,-49.96
43,90,9.68,-10.56,-49.45
43,90,10,-13.38,-52.45
43,90,10.32,-16.372,-56
43,90,10.64,-10.098,-50.11
43,90,10.96,-10.866,-50.85
43,90,11.28,-11.856,-52.3
43,90,11.6,-14.57,-55.44
43,90,11.92,-15.104,-56.23
43,90,12.24,-16.344,-58.6
43,90,12.56,-15.33,-59.4
43,90,12.88,-17.796,-63
43,90,13.2,-14.32,-61.1
43,90,13.52,-12.562,-58.57
43,90,13.84,-14.328,-61.81
43,90,14.16,-11.466,-59.69
43,90,14.48,-12.774,-64.6
43,90,14.8,-26.98,-74.99
43,90,15.12,-17.56,-63.99
43,90,15.44,-16.476,-62.79
43,90,15.76,-13.398,-60.59
43,90,16.08,-13.082,-60.54
43,90,16.4,-12.88,-62.69
43,90,16.72,-20.428,-69.91
43,90,17.04,-26.696,-77.95
43,90,17.36,-15.706,-68.35
43,90,17.68,-24.042,-77.12
43,90,18,-16.43,-69.24
44,90,2,1.53,-20.26
44,90,2.32,2.734,-22.92
44,90,2.64,2.262,-26.45
44,90,2.96,5.962,-22.35
44,90,3.28,3.038,-26.98
44,90,3.6,0.289999999999999,-27.16
44,90,3.92,-0.101999999999997,-27.65
44,90,4.24,-2.28599999999999,-31.31
44,90,4.56,0.954000000000001,-28.86
44,90,4.88,-0.709999999999997,-30.84
44,90,5.2,-0.5,-31.92
44,90,5.52,-6.468,-36.75
44,90,5.84,-8.162,-39.61
44,90,6.16,-10,-42.04
44,90,6.48,-7.35599999999999,-41.44
44,90,6.8,-10.82,-44.32
44,90,7.12,-9.326,-43.92
44,90,7.44,-14.656,-48.99
44,90,7.76,-13.528,-48.75
44,90,8.08,-12.646,-47.45
44,90,8.4,-18.46,-53.84
44,90,8.72,-10.368,-47.67
44,90,9.04,-13.114,-50.9
44,90,9.36,-10.534,-48.6
44,90,9.68,-10.5,-49.39
44,90,10,-12.56,-51.63
44,90,10.32,-17.332,-56.96
44,90,10.64,-11.198,-51.21
44,90,10.96,-11.466,-51.45
44,90,11.28,-12.736,-53.18
44,90,11.6,-14.5,-55.37
44,90,11.92,-14.834,-55.96
44,90,12.24,-18.704,-60.96
44,90,12.56,-17.8,-61.87
44,90,12.88,-17.506,-62.71
44,90,13.2,-14.99,-61.77
44,90,13.52,-13.742,-59.75
44,90,13.84,-13.758,-61.24
44,90,14.16,-11.796,-60.02
44,90,14.48,-13.634,-65.46
44,90,14.8,-30.65,-78.66
44,90,15.12,-17.76,-64.19
44,90,15.44,-14.566,-60.88
44,90,15.76,-13.278,-60.47
44,90,16.08,-12.292,-59.75
44,90,16.4,-12.81,-62.62
44,90,16.72,-17.148,-66.63
44,90,17.04,-25.496,-76.75
44,90,17.36,-16.496,-69.14
44,90,17.68,-18.472,-71.55
44,90,18,-23.16,-75.97
45,90,2,1.11,-20.68
45,90,2.32,2.434,-23.22
45,90,2.64,1.772,-26.94
45,90,2.96,5.832,-22.48
45,90,3.28,2.868,-27.15
45,90,3.6,-0.109999999999999,-27.56
45,90,3.92,-0.341999999999999,-27.89
45,90,4.24,-2.906,-31.93
45,90,4.56,0.704000000000001,-29.11
45,90,4.88,-1.31,-31.44
45,90,5.2,-0.989999999999995,-32.41
45,90,5.52,-6.718,-37
45,90,5.84,-9.302,-40.75
45,90,6.16,-10.96,-43
45,90,6.48,-7.836,-41.92
45,90,6.8,-11.44,-44.94
45,90,7.12,-10.486,-45.08
45,90,7.44,-15.136,-49.47
45,90,7.76,-14.248,-49.47
45,90,8.08,-12.416,-47.22
45,90,8.4,-18.66,-54.04
45,90,8.72,-9.628,-46.93
45,90,9.04,-12.644,-50.43
45,90,9.36,-10.074,-48.14
45,90,9.68,-11.3,-50.19
45,90,10,-10.88,-49.95
45,90,10.32,-18.522,-58.15
45,90,10.64,-12.108,-52.12
45,90,10.96,-12.026,-52.01
45,90,11.28,-13.826,-54.27
45,90,11.6,-16.7,-57.57
45,90,11.92,-15.944,-57.07
45,90,12.24,-16.994,-59.25
45,90,12.56,-22.37,-66.44
45,90,12.88,-22.116,-67.32
45,90,13.2,-15.82,-62.6
45,90,13.52,-13.872,-59.88
45,90,13.84,-17.018,-64.5
45,90,14.16,-16.156,-64.38
45,90,14.48,-13.204,-65.03
45,90,14.8,-20,-68.01
45,90,15.12,-16.93,-63.36
45,90,15.44,-14.286,-60.6
45,90,15.76,-14.128,-61.32
45,90,16.08,-12.702,-60.16
45,90,16.4,-13.69,-63.5
45,90,16.72,-13.068,-62.55
45,90,17.04,-17.936,-69.19
45,90,17.36,-20.516,-73.16
45,90,17.68,-21.202,-74.28
45,90,18,-26.74,-79.55
46,90,2,0.719999999999999,-21.07
46,90,2.32,2.084,-23.57
46,90,2.64,1.272,-27.44
46,90,2.96,5.712,-22.6
46,90,3.28,2.728,-27.29
46,90,3.6,-0.620000000000001,-28.07
46,90,3.92,-0.391999999999999,-27.94
46,90,4.24,-3.19599999999999,-32.22
46,90,4.56,0.774000000000001,-29.04
46,90,4.88,-2.01,-32.14
46,90,5.2,-1.25,-32.67
46,90,5.52,-6.878,-37.16
46,90,5.84,-10.192,-41.64
46,90,6.16,-11.97,-44.01
46,90,6.48,-8.366,-42.45
46,90,6.8,-12.11,-45.61
46,90,7.12,-11.096,-45.69
46,90,7.44,-16.016,-50.35
46,90,7.76,-14.358,-49.58
46,90,8.08,-12.726,-47.53
46,90,8.4,-17.78,-53.16
46,90,8.72,-9.148,-46.45
46,90,9.04,-12.144,-49.93
46,90,9.36,-10.044,-48.11
46,90,9.68,-10.5,-49.39
46,90,10,-10.78,-49.85
46,90,10.32,-18.772,-58.4
46,90,10.64,-12.438,-52.45
46,90,10.96,-12.336,-52.32
46,90,11.28,-13.896,-54.34
46,90,11.6,-15.93,-56.8
46,90,11.92,-17.214,-58.34
46,90,12.24,-19.204,-61.46
46,90,12.56,-23.55,-67.62
46,90,12.88,-24.206,-69.41
46,90,13.2,-16.78,-63.56
46,90,13.52,-17.592,-63.6
46,90,13.84,-14.468,-61.95
46,90,14.16,-15.366,-63.59
46,90,14.48,-14.254,-66.08
46,90,14.8,-16.65,-64.66
46,90,15.12,-14.16,-60.59
46,90,15.44,-13.576,-59.89
46,90,15.76,-13.548,-60.74
46,90,16.08,-12.322,-59.78
46,90,16.4,-13.39,-63.2
46,90,16.72,-17.328,-66.81
46,90,17.04,-24.816,-76.07
46,90,17.36,-22.426,-75.07
46,90,17.68,-19.762,-72.84
46,90,18,-19.11,-71.92
47,90,2,0.279999999999998,-21.51
47,90,2.32,1.774,-23.88
47,90,2.64,0.782,-27.93
47,90,2.96,5.522,-22.79
47,90,3.28,2.468,-27.55
47,90,3.6,-1.16,-28.61
47,90,3.92,-0.501999999999999,-28.05
47,90,4.24,-4.006,-33.03
47,90,4.56,0.754000000000001,-29.06
47,90,4.88,-2.89,-33.02
47,90,5.2,-1.34,-32.76
47,90,5.52,-7.228,-37.51
47,90,5.84,-11.022,-42.47
47,90,6.16,-12.75,-44.79
47,90,6.48,-8.956,-43.04
47,90,6.8,-12.37,-45.87
47,90,7.12,-11.816,-46.41
47,90,7.44,-16.496,-50.83
47,90,7.76,-13.878,-49.1
47,90,8.08,-13.016,-47.82
47,90,8.4,-15.79,-51.17
47,90,8.72,-8.748,-46.05
47,90,9.04,-11.554,-49.34
47,90,9.36,-9.854,-47.92
47,90,9.68,-11.68,-50.57
47,90,10,-10.38,-49.45
47,90,10.32,-19.102,-58.73
47,90,10.64,-12.518,-52.53
47,90,10.96,-11.926,-51.91
47,90,11.28,-14.506,-54.95
47,90,11.6,-16.86,-57.73
47,90,11.92,-18.274,-59.4
47,90,12.24,-17.134,-59.39
47,90,12.56,-22.23,-66.3
47,90,12.88,-20.996,-66.2
47,90,13.2,-16.91,-63.69
47,90,13.52,-17.552,-63.56
47,90,13.84,-16.278,-63.76
47,90,14.16,-15.506,-63.73
47,90,14.48,-14.604,-66.43
47,90,14.8,-11.92,-59.93
47,90,15.12,-14.35,-60.78
47,90,15.44,-12.686,-59
47,90,15.76,-12.808,-60
47,90,16.08,-14.272,-61.73
47,90,16.4,-13.16,-62.97
47,90,16.72,-31.688,-81.17
47,90,17.04,-21.186,-72.44
47,90,17.36,-24.786,-77.43
47,90,17.68,-22.732,-75.81
47,90,18,-35.14,-87.95
48,90,2,-0.109999999999999,-21.9
48,90,2.32,1.404,-24.25
48,90,2.64,0.181999999999999,-28.53
48,90,2.96,5.272,-23.04
48,90,3.28,2.108,-27.91
48,90,3.6,-1.66,-29.11
48,90,3.92,-0.622,-28.17
48,90,4.24,-4.55599999999999,-33.58
48,90,4.56,0.834,-28.98
48,90,4.88,-3.66999999999999,-33.8
48,90,5.2,-1.58,-33
48,90,5.52,-7.758,-38.04
48,90,5.84,-11.362,-42.81
48,90,6.16,-13.84,-45.88
48,90,6.48,-9.386,-43.47
48,90,6.8,-12.57,-46.07
48,90,7.12,-11.726,-46.32
48,90,7.44,-15.816,-50.15
48,90,7.76,-13.908,-49.13
48,90,8.08,-12.586,-47.39
48,90,8.4,-14.43,-49.81
48,90,8.72,-8.888,-46.19
48,90,9.04,-10.924,-48.71
48,90,9.36,-10.164,-48.23
48,90,9.68,-12.03,-50.92
48,90,10,-10.88,-49.95
48,90,10.32,-17.692,-57.32
48,90,10.64,-12.528,-52.54
48,90,10.96,-12.266,-52.25
48,90,11.28,-15.026,-55.47
48,90,11.6,-17.31,-58.18
48,90,11.92,-19.614,-60.74
48,90,12.24,-20.544,-62.8
48,90,12.56,-26.95,-71.02
48,90,12.88,-18.986,-64.19
48,90,13.2,-15.76,-62.54
48,90,13.52,-16.452,-62.46
48,90,13.84,-19.908,-67.39
48,90,14.16,-18.986,-67.21
48,90,14.48,-18.634,-70.46
48,90,14.8,-15.17,-63.18
48,90,15.12,-13.75,-60.18
48,90,15.44,-10.886,-57.2
48,90,15.76,-12.158,-59.35
48,90,16.08,-15.042,-62.5
48,90,16.4,-15.72,-65.53
48,90,16.72,-28.598,-78.08
48,90,17.04,-15.056,-66.31
48,90,17.36,-18.766,-71.41
48,90,17.68,-27.632,-80.71
48,90,18,-22.56,-75.37
49,90,2,-0.510000000000002,-22.3
49,90,2.32,1.034,-24.62
49,90,2.64,-0.408000000000001,-29.12
49,90,2.96,5.012,-23.3
49,90,3.28,1.678,-28.34
49,90,3.6,-2.2,-29.65
49,90,3.92,-0.771999999999998,-28.32
49,90,4.24,-5.156,-34.18
49,90,4.56,0.904,-28.91
49,90,4.88,-4.41,-34.54
49,90,5.2,-1.88,-33.3
49,90,5.52,-8.408,-38.69
49,90,5.84,-11.042,-42.49
49,90,6.16,-14.37,-46.41
49,90,6.48,-10.126,-44.21
49,90,6.8,-12.86,-46.36
49,90,7.12,-11.646,-46.24
49,90,7.44,-15.716,-50.05
49,90,7.76,-14.448,-49.67
49,90,8.08,-11.986,-46.79
49,90,8.4,-14.66,-50.04
49,90,8.72,-9.188,-46.49
49,90,9.04,-11.534,-49.32
49,90,9.36,-10.354,-48.42
49,90,9.68,-12.16,-51.05
49,90,10,-10.39,-49.46
49,90,10.32,-19.202,-58.83
49,90,10.64,-12.508,-52.52
49,90,10.96,-12.316,-52.3
49,90,11.28,-15.276,-55.72
49,90,11.6,-16.02,-56.89
49,90,11.92,-19.754,-60.88
49,90,12.24,-17.954,-60.21
49,90,12.56,-29.84,-73.91
49,90,12.88,-21.366,-66.57
49,90,13.2,-16.69,-63.47
49,90,13.52,-16.922,-62.93
49,90,13.84,-15.848,-63.33
49,90,14.16,-22.526,-70.75
49,90,14.48,-14.364,-66.19
49,90,14.8,-12.26,-60.27
49,90,15.12,-15.09,-61.52
49,90,15.44,-12.776,-59.09
49,90,15.76,-11.938,-59.13
49,90,16.08,-16.162,-63.62
49,90,16.4,-18.46,-68.27
49,90,16.72,-23.568,-73.05
49,90,17.04,-20.926,-72.18
49,90,17.36,-26.316,-78.96
49,90,17.68,-31.892,-84.97
49,90,18,-28.32,-81.13
50,90,2,-0.859999999999999,-22.65
50,90,2.32,0.623999999999999,-25.03
50,90,2.64,-0.917999999999999,-29.63
50,90,2.96,4.732,-23.58
50,90,3.28,1.198,-28.82
50,90,3.6,-2.58,-30.03
50,90,3.92,-1.082,-28.63
50,90,4.24,-5.52599999999999,-34.55
50,90,4.56,0.934000000000001,-28.88
50,90,4.88,-4.89,-35.02
50,90,5.2,-2.23999999999999,-33.66
50,90,5.52,-9.478,-39.76
50,90,5.84,-10.702,-42.15
50,90,6.16,-14.74,-46.78
50,90,6.48,-10.706,-44.79
50,90,6.8,-12.43,-45.93
50,90,7.12,-12.346,-46.94
50,90,7.44,-15.596,-49.93
50,90,7.76,-15.478,-50.7
50,90,8.08,-12.116,-46.92
50,90,8.4,-15.32,-50.7
50,90,8.72,-9.438,-46.74
50,90,9.04,-11.534,-49.32
50,90,9.36,-10.164,-48.23
50,90,9.68,-12.53,-51.42
50,90,10,-9.84,-48.91
50,90,10.32,-18.552,-58.18
50,90,10.64,-12.188,-52.2
50,90,10.96,-13.456,-53.44
50,90,11.28,-15.856,-56.3
50,90,11.6,-16.51,-57.38
50,90,11.92,-22.324,-63.45
50,90,12.24,-18.264,-60.52
50,90,12.56,-26.6,-70.67
50,90,12.88,-19.296,-64.5
50,90,13.2,-18.02,-64.8
50,90,13.52,-17.592,-63.6
50,90,13.84,-19.908,-67.39
50,90,14.16,-18.326,-66.55
50,90,14.48,-20.094,-71.92
50,90,14.8,-13.05,-61.06
50,90,15.12,-14.47,-60.9
50,90,15.44,-13.616,-59.93
50,90,15.76,-18.568,-65.76
50,90,16.08,-17.332,-64.79
50,90,16.4,-19.9,-69.71
50,90,16.72,-26.198,-75.68
50,90,17.04,-19.806,-71.06
50,90,17.36,-21.876,-74.52
50,90,17.68,-23.602,-76.68
50,90,18,-21.29,-74.1
51,90,2,-1.25,-23.04
51,90,2.32,0.213999999999999,-25.44
51,90,2.64,-1.558,-30.27
51,90,2.96,4.392,-23.92
51,90,3.28,0.507999999999996,-29.51
51,90,3.6,-2.84,-30.29
51,90,3.92,-1.502,-29.05
51,90,4.24,-6.176,-35.2
51,90,4.56,0.693999999999999,-29.12
51,90,4.88,-5.01,-35.14
51,90,5.2,-2.81,-34.23
51,90,5.52,-10.398,-40.68
51,90,5.84,-10.572,-42.02
51,90,6.16,-15.4,-47.44
51,90,6.48,-10.756,-44.84
51,90,6.8,-12.51,-46.01
51,90,7.12,-12.556,-47.15
51,90,7.44,-16.116,-50.45
51,90,7.76,-16.708,-51.93
51,90,8.08,-11.966,-46.77
51,90,8.4,-14.87,-50.25
51,90,8.72,-10.468,-47.77
51,90,9.04,-11.484,-49.27
51,90,9.36,-10.554,-48.62
51,90,9.68,-12.58,-51.47
51,90,10,-10.06,-49.13
51,90,10.32,-18.502,-58.13
51,90,10.64,-12.778,-52.79
51,90,10.96,-14.476,-54.46
51,90,11.28,-17.346,-57.79
51,90,11.6,-16.9,-57.77
51,90,11.92,-23.704,-64.83
51,90,12.24,-16.894,-59.15
51,90,12.56,-26.59,-70.66
51,90,12.88,-20.866,-66.07
51,90,13.2,-15.4,-62.18
51,90,13.52,-17.012,-63.02
51,90,13.84,-21.568,-69.05
51,90,14.16,-16.206,-64.43
51,90,14.48,-20.764,-72.59
51,90,14.8,-16.03,-64.04
51,90,15.12,-16.42,-62.85
51,90,15.44,-14.136,-60.45
51,90,15.76,-15.808,-63
51,90,16.08,-20.132,-67.59
51,90,16.4,-21.72,-71.53
51,90,16.72,-29.208,-78.69
51,90,17.04,-20.836,-72.09
51,90,17.36,-26.346,-78.99
51,90,17.68,-23.822,-76.9
51,90,18,-17.39,-70.2
52,90,2,-1.56,-23.35
52,90,2.32,-0.206,-25.86
52,90,2.64,-2.118,-30.83
52,90,2.96,4.062,-24.25
52,90,3.28,-0.222000000000001,-30.24
52,90,3.6,-3.08,-30.53
52,90,3.92,-2.032,-29.58
52,90,4.24,-6.746,-35.77
52,90,4.56,0.463999999999999,-29.35
52,90,4.88,-5.11,-35.24
52,90,5.2,-3.3,-34.72
52,90,5.52,-11.478,-41.76
52,90,5.84,-10.492,-41.94
52,90,6.16,-15.68,-47.72
52,90,6.48,-10.706,-44.79
52,90,6.8,-12.59,-46.09
52,90,7.12,-12.226,-46.82
52,90,7.44,-16.626,-50.96
52,90,7.76,-16.208,-51.43
52,90,8.08,-12.096,-46.9
52,90,8.4,-15.52,-50.9
52,90,8.72,-10.598,-47.9
52,90,9.04,-11.584,-49.37
52,90,9.36,-11.124,-49.19
52,90,9.68,-12.87,-51.76
52,90,10,-10.43,-49.5
52,90,10.32,-19.772,-59.4
52,90,10.64,-13.738,-53.75
52,90,10.96,-15.426,-55.41
52,90,11.28,-19.676,-60.12
52,90,11.6,-20.59,-61.46
52,90,11.92,-23.034,-64.16
52,90,12.24,-17.714,-59.97
52,90,12.56,-26.15,-70.22
52,90,12.88,-19.536,-64.74
52,90,13.2,-15.97,-62.75
52,90,13.52,-20.242,-66.25
52,90,13.84,-21.978,-69.46
52,90,14.16,-32.246,-80.47
52,90,14.48,-19.814,-71.64
52,90,14.8,-14.16,-62.17
52,90,15.12,-17.63,-64.06
52,90,15.44,-12.396,-58.71
52,90,15.76,-14.718,-61.91
52,90,16.08,-14.632,-62.09
52,90,16.4,-19.14,-68.95
52,90,16.72,-21.488,-70.97
52,90,17.04,-19.186,-70.44
52,90,17.36,-19.366,-72.01
52,90,17.68,-20.102,-73.18
52,90,18,-18.62,-71.43
53,90,2,-1.95,-23.74
53,90,2.32,-0.666,-26.32
53,90,2.64,-2.678,-31.39
53,90,2.96,3.692,-24.62
53,90,3.28,-1.082,-31.1
53,90,3.6,-3.12,-30.57
53,90,3.92,-2.732,-30.28
53,90,4.24,-7.506,-36.53
53,90,4.56,-0.00600000000000023,-29.82
53,90,4.88,-5.26,-35.39
53,90,5.2,-3.81,-35.23
53,90,5.52,-12.168,-42.45
53,90,5.84,-10.862,-42.31
53,90,6.16,-15.81,-47.85
53,90,6.48,-10.116,-44.2
53,90,6.8,-13.26,-46.76
53,90,7.12,-12.226,-46.82
53,90,7.44,-17.476,-51.81
53,90,7.76,-15.348,-50.57
53,90,8.08,-12.156,-46.96
53,90,8.4,-14.42,-49.8
53,90,8.72,-9.868,-47.17
53,90,9.04,-10.554,-48.34
53,90,9.36,-11.914,-49.98
53,90,9.68,-12.72,-51.61
53,90,10,-11.15,-50.22
53,90,10.32,-18.492,-58.12
53,90,10.64,-14.128,-54.14
53,90,10.96,-14.416,-54.4
53,90,11.28,-20.396,-60.84
53,90,11.6,-22.33,-63.2
53,90,11.92,-24.534,-65.66
53,90,12.24,-19.074,-61.33
53,90,12.56,-26.26,-70.33
53,90,12.88,-25.746,-70.95
53,90,13.2,-17.1,-63.88
53,90,13.52,-18.852,-64.86
53,90,13.84,-16.698,-64.18
53,90,14.16,-19.246,-67.47
53,90,14.48,-15.844,-67.67
53,90,14.8,-13.18,-61.19
53,90,15.12,-15.23,-61.66
53,90,15.44,-13.456,-59.77
53,90,15.76,-16.008,-63.2
53,90,16.08,-14.602,-62.06
53,90,16.4,-15.35,-65.16
53,90,16.72,-26.678,-76.16
53,90,17.04,-18.436,-69.69
53,90,17.36,-26.156,-78.8
53,90,17.68,-31.102,-84.18
53,90,18,-23.96,-76.77
54,90,2,-2.26,-24.05
54,90,2.32,-1.156,-26.81
54,90,2.64,-3.248,-31.96
54,90,2.96,3.322,-24.99
54,90,3.28,-1.982,-32
54,90,3.6,-3.13,-30.58
54,90,3.92,-3.562,-31.11
54,90,4.24,-8.046,-37.07
54,90,4.56,-0.495999999999999,-30.31
54,90,4.88,-5.15,-35.28
54,90,5.2,-4.09,-35.51
54,90,5.52,-12.718,-43
54,90,5.84,-11.452,-42.9
54,90,6.16,-16.48,-48.52
54,90,6.48,-9.92599999999999,-44.01
54,90,6.8,-13.91,-47.41
54,90,7.12,-11.586,-46.18
54,90,7.44,-16.766,-51.1
54,90,7.76,-14.018,-49.24
54,90,8.08,-11.696,-46.5
54,90,8.4,-13.75,-49.13
54,90,8.72,-8.958,-46.26
54,90,9.04,-10.394,-48.18
54,90,9.36,-12.784,-50.85
54,90,9.68,-13.4,-52.29
54,90,10,-12.71,-51.78
54,90,10.32,-20.762,-60.39
54,90,10.64,-15.028,-55.04
54,90,10.96,-15.116,-55.1
54,90,11.28,-22.206,-62.65
54,90,11.6,-20.36,-61.23
54,90,11.92,-29.834,-70.96
54,90,12.24,-19.254,-61.51
54,90,12.56,-27.91,-71.98
54,90,12.88,-22.176,-67.38
54,90,13.2,-17.87,-64.65
54,90,13.52,-17.522,-63.53
54,90,13.84,-19.918,-67.4
54,90,14.16,-19.926,-68.15
54,90,14.48,-16.794,-68.62
54,90,14.8,-12.83,-60.84
54,90,15.12,-16,-62.43
54,90,15.44,-14.926,-61.24
54,90,15.76,-16.288,-63.48
54,90,16.08,-16.212,-63.67
54,90,16.4,-22.65,-72.46
54,90,16.72,-28.618,-78.1
54,90,17.04,-21.836,-73.09
54,90,17.36,-20.196,-72.84
54,90,17.68,-21.982,-75.06
54,90,18,-26.23,-79.04
55,90,2,-2.58,-24.37
55,90,2.32,-1.646,-27.3
55,90,2.64,-3.668,-32.38
55,90,2.96,2.992,-25.32
55,90,3.28,-2.86200000000001,-32.88
55,90,3.6,-3.18,-30.63
55,90,3.92,-4.392,-31.94
55,90,4.24,-8.826,-37.85
55,90,4.56,-1.136,-30.95
55,90,4.88,-5.21,-35.34
55,90,5.2,-4.19,-35.61
55,90,5.52,-12.848,-43.13
55,90,5.84,-12.142,-43.59
55,90,6.16,-17.01,-49.05
55,90,6.48,-10.156,-44.24
55,90,6.8,-14.4,-47.9
55,90,7.12,-11.376,-45.97
55,90,7.44,-15.216,-49.55
55,90,7.76,-14.028,-49.25
55,90,8.08,-11.666,-46.47
55,90,8.4,-14.58,-49.96
55,90,8.72,-8.098,-45.4
55,90,9.04,-10.834,-48.62
55,90,9.36,-12.224,-50.29
55,90,9.68,-14.08,-52.97
55,90,10,-13.72,-52.79
55,90,10.32,-22.192,-61.82
55,90,10.64,-16.198,-56.21
55,90,10.96,-14.306,-54.29
55,90,11.28,-21.186,-61.63
55,90,11.6,-19.31,-60.18
55,90,11.92,-25.964,-67.09
55,90,12.24,-19.424,-61.68
55,90,12.56,-30.98,-75.05
55,90,12.88,-26.186,-71.39
55,90,13.2,-20.1,-66.88
55,90,13.52,-18.322,-64.33
55,90,13.84,-17.088,-64.57
55,90,14.16,-17.286,-65.51
55,90,14.48,-20.134,-71.96
55,90,14.8,-13.68,-61.69
55,90,15.12,-16.66,-63.09
55,90,15.44,-17.106,-63.42
55,90,15.76,-20.978,-68.17
55,90,16.08,-16.202,-63.66
55,90,16.4,-18.86,-68.67
55,90,16.72,-22.318,-71.8
55,90,17.04,-24.456,-75.71
55,90,17.36,-25.306,-77.95
55,90,17.68,-25.952,-79.03
55,90,18,-22.83,-75.64
56,90,2,-2.89,-24.68
56,90,2.32,-2.136,-27.79
56,90,2.64,-4.058,-32.77
56,90,2.96,2.542,-25.77
56,90,3.28,-3.832,-33.85
56,90,3.6,-3.29,-30.74
56,90,3.92,-5.36199999999999,-32.91
56,90,4.24,-9.66599999999999,-38.69
56,90,4.56,-1.746,-31.56
56,90,4.88,-5.4,-35.53
56,90,5.2,-4.2,-35.62
56,90,5.52,-12.948,-43.23
56,90,5.84,-13.092,-44.54
56,90,6.16,-17.21,-49.25
56,90,6.48,-10.006,-44.09
56,90,6.8,-13.86,-47.36
56,90,7.12,-11.916,-46.51
56,90,7.44,-13.056,-47.39
56,90,7.76,-13.448,-48.67
56,90,8.08,-11.636,-46.44
56,90,8.4,-15.24,-50.62
56,90,8.72,-7.668,-44.97
56,90,9.04,-11.384,-49.17
56,90,9.36,-11.494,-49.56
56,90,9.68,-15.02,-53.91
56,90,10,-12.99,-52.06
56,90,10.32,-19.722,-59.35
56,90,10.64,-14.648,-54.66
56,90,10.96,-16.166,-56.15
56,90,11.28,-20.416,-60.86
56,90,11.6,-20.46,-61.33
56,90,11.92,-30.734,-71.86
56,90,12.24,-21.444,-63.7
56,90,12.56,-22.51,-66.58
56,90,12.88,-23.026,-68.23
56,90,13.2,-25.47,-72.25
56,90,13.52,-19.082,-65.09
56,90,13.84,-16.748,-64.23
56,90,14.16,-23.496,-71.72
56,90,14.48,-21.174,-73
56,90,14.8,-13.04,-61.05
56,90,15.12,-15.47,-61.9
56,90,15.44,-16.336,-62.65
56,90,15.76,-17.268,-64.46
56,90,16.08,-17.402,-64.86
56,90,16.4,-21.08,-70.89
56,90,16.72,-23.528,-73.01
56,90,17.04,-25.756,-77.01
56,90,17.36,-23.836,-76.48
56,90,17.68,-23.162,-76.24
56,90,18,-23,-75.81
57,90,2,-3.19,-24.98
57,90,2.32,-2.666,-28.32
57,90,2.64,-4.448,-33.16
57,90,2.96,2.142,-26.17
57,90,3.28,-4.592,-34.61
57,90,3.6,-3.38,-30.83
57,90,3.92,-6.202,-33.75
57,90,4.24,-10.506,-39.53
57,90,4.56,-2.536,-32.35
57,90,4.88,-5.84,-35.97
57,90,5.2,-4.37,-35.79
57,90,5.52,-12.858,-43.14
57,90,5.84,-14.352,-45.8
57,90,6.16,-16.91,-48.95
57,90,6.48,-10.576,-44.66
57,90,6.8,-12.68,-46.18
57,90,7.12,-12.256,-46.85
57,90,7.44,-11.906,-46.24
57,90,7.76,-13.588,-48.81
57,90,8.08,-11.586,-46.39
57,90,8.4,-15.33,-50.71
57,90,8.72,-7.898,-45.2
57,90,9.04,-12.454,-50.24
57,90,9.36,-11.584,-49.65
57,90,9.68,-14.63,-53.52
57,90,10,-12.91,-51.98
57,90,10.32,-24.082,-63.71
57,90,10.64,-15.188,-55.2
57,90,10.96,-18.826,-58.81
57,90,11.28,-19.326,-59.77
57,90,11.6,-18.63,-59.5
57,90,11.92,-22.614,-63.74
57,90,12.24,-17.744,-60
57,90,12.56,-19.62,-63.69
57,90,12.88,-17.336,-62.54
57,90,13.2,-20.1,-66.88
57,90,13.52,-17.122,-63.13
57,90,13.84,-20.548,-68.03
57,90,14.16,-18.876,-67.1
57,90,14.48,-20.734,-72.56
57,90,14.8,-14.84,-62.85
57,90,15.12,-17.66,-64.09
57,90,15.44,-23.776,-70.09
57,90,15.76,-16.208,-63.4
57,90,16.08,-19.082,-66.54
57,90,16.4,-22.66,-72.47
57,90,16.72,-31.488,-80.97
57,90,17.04,-21.086,-72.34
57,90,17.36,-21.346,-73.99
57,90,17.68,-31.842,-84.92
57,90,18,-20.23,-73.04
58,90,2,-3.54,-25.33
58,90,2.32,-3.236,-28.89
58,90,2.64,-4.808,-33.52
58,90,2.96,1.632,-26.68
58,90,3.28,-5.11200000000001,-35.13
58,90,3.6,-3.72,-31.17
58,90,3.92,-7.222,-34.77
58,90,4.24,-11.566,-40.59
58,90,4.56,-3.266,-33.08
58,90,4.88,-6.31,-36.44
58,90,5.2,-4.46,-35.88
58,90,5.52,-13.108,-43.39
58,90,5.84,-16.312,-47.76
58,90,6.16,-17.19,-49.23
58,90,6.48,-10.776,-44.86
58,90,6.8,-12.66,-46.16
58,90,7.12,-12.226,-46.82
58,90,7.44,-12.166,-46.5
58,90,7.76,-12.978,-48.2
58,90,8.08,-12.186,-46.99
58,90,8.4,-16.25,-51.63
58,90,8.72,-8.408,-45.71
58,90,9.04,-12.894,-50.68
58,90,9.36,-12.594,-50.66
58,90,9.68,-15.55,-54.44
58,90,10,-14.06,-53.13
58,90,10.32,-24.662,-64.29
58,90,10.64,-15.478,-55.49
58,90,10.96,-18.076,-58.06
58,90,11.28,-18.156,-58.6
58,90,11.6,-17.05,-57.92
58,90,11.92,-21.174,-62.3
58,90,12.24,-17.874,-60.13
58,90,12.56,-18.1,-62.17
58,90,12.88,-25.926,-71.13
58,90,13.2,-20.39,-67.17
58,90,13.52,-18.772,-64.78
58,90,13.84,-19.918,-67.4
58,90,14.16,-23.546,-71.77
58,90,14.48,-15.614,-67.44
58,90,14.8,-14.45,-62.46
58,90,15.12,-15.91,-62.34
58,90,15.44,-19.106,-65.42
58,90,15.76,-18.918,-66.11
58,90,16.08,-22.352,-69.81
58,90,16.4,-24.66,-74.47
58,90,16.72,-27.568,-77.05
58,90,17.04,-25.606,-76.86
58,90,17.36,-30.876,-83.52
58,90,17.68,-22.572,-75.65
58,90,18,-27.52,-80.33
59,90,2,-3.87,-25.66
59,90,2.32,-3.656,-29.31
59,90,2.64,-5.008,-33.72
59,90,2.96,1.112,-27.2
59,90,3.28,-5.422,-35.44
59,90,3.6,-4.17,-31.62
59,90,3.92,-8.032,-35.58
59,90,4.24,-12.576,-41.6
59,90,4.56,-4.046,-33.86
59,90,4.88,-6.66999999999999,-36.8
59,90,5.2,-4.61,-36.03
59,90,5.52,-13.628,-43.91
59,90,5.84,-18.452,-49.9
59,90,6.16,-16.85,-48.89
59,90,6.48,-11.126,-45.21
59,90,6.8,-12.97,-46.47
59,90,7.12,-12.366,-46.96
59,90,7.44,-12.536,-46.87
59,90,7.76,-12.248,-47.47
59,90,8.08,-12.846,-47.65
59,90,8.4,-15.6,-50.98
59,90,8.72,-8.808,-46.11
59,90,9.04,-12.464,-50.25
59,90,9.36,-12.924,-50.99
59,90,9.68,-15.7,-54.59
59,90,10,-14.32,-53.39
59,90,10.32,-23.292,-62.92
59,90,10.64,-19.298,-59.31
59,90,10.96,-18.836,-58.82
59,90,11.28,-19.686,-60.13
59,90,11.6,-18.84,-59.71
59,90,11.92,-19.254,-60.38
59,90,12.24,-16.714,-58.97
59,90,12.56,-20.71,-64.78
59,90,12.88,-24.156,-69.36
59,90,13.2,-19.77,-66.55
59,90,13.52,-20.612,-66.62
59,90,13.84,-20.078,-67.56
59,90,14.16,-16.836,-65.06
59,90,14.48,-22.474,-74.3
59,90,14.8,-15.14,-63.15
59,90,15.12,-15.21,-61.64
59,90,15.44,-22.616,-68.93
59,90,15.76,-15.908,-63.1
59,90,16.08,-17.742,-65.2
59,90,16.4,-24.46,-74.27
59,90,16.72,-22.418,-71.9
59,90,17.04,-17.176,-68.43
59,90,17.36,-33.286,-85.93
59,90,17.68,-23.212,-76.29
59,90,18,-17.75,-70.56
60,90,2,-4.16,-25.95
60,90,2.32,-4.146,-29.8
60,90,2.64,-5.218,-33.93
60,90,2.96,0.501999999999999,-27.81
60,90,3.28,-5.842,-35.86
60,90,3.6,-4.81,-32.26
60,90,3.92,-8.86199999999999,-36.41
60,90,4.24,-13.586,-42.61
60,90,4.56,-4.706,-34.52
60,90,4.88,-7.38,-37.51
60,90,5.2,-4.95,-36.37
60,90,5.52,-14.428,-44.71
60,90,5.84,-19.962,-51.41
60,90,6.16,-16.8,-48.84
60,90,6.48,-11.046,-45.13
60,90,6.8,-13.4,-46.9
60,90,7.12,-11.966,-46.56
60,90,7.44,-14.006,-48.34
60,90,7.76,-13.108,-48.33
60,90,8.08,-12.826,-47.63
60,90,8.4,-16.81,-52.19
60,90,8.72,-9.138,-46.44
60,90,9.04,-12.314,-50.1
60,90,9.36,-13.254,-51.32
60,90,9.68,-18.13,-57.02
60,90,10,-17.31,-56.38
60,90,10.32,-19.662,-59.29
60,90,10.64,-19.968,-59.98
60,90,10.96,-18.826,-58.81
60,90,11.28,-21.236,-61.68
60,90,11.6,-16.64,-57.51
60,90,11.92,-20.014,-61.14
60,90,12.24,-16.994,-59.25
60,90,12.56,-18.88,-62.95
60,90,12.88,-23.846,-69.05
60,90,13.2,-17.25,-64.03
60,90,13.52,-23.032,-69.04
60,90,13.84,-20.618,-68.1
60,90,14.16,-18.976,-67.2
60,90,14.48,-21.654,-73.48
60,90,14.8,-16.19,-64.2
60,90,15.12,-16.47,-62.9
60,90,15.44,-18.166,-64.48
60,90,15.76,-20.978,-68.17
60,90,16.08,-14.052,-61.51
60,90,16.4,-34.47,-84.28
60,90,16.72,-29.888,-79.37
60,90,17.04,-17.046,-68.3
60,90,17.36,-51.136,-103.78
60,90,17.68,-20.412,-73.49
60,90,18,-23.21,-76.02
61,90,2,-4.44,-26.23
61,90,2.32,-4.606,-30.26
61,90,2.64,-5.398,-34.11
61,90,2.96,-0.0580000000000034,-28.37
61,90,3.28,-6.202,-36.22
61,90,3.6,-5.57,-33.02
61,90,3.92,-9.582,-37.13
61,90,4.24,-14.596,-43.62
61,90,4.56,-5.236,-35.05
61,90,4.88,-7.87,-38
61,90,5.2,-5.23,-36.65
61,90,5.52,-15.798,-46.08
61,90,5.84,-19.192,-50.64
61,90,6.16,-17.13,-49.17
61,90,6.48,-10.746,-44.83
61,90,6.8,-13.93,-47.43
61,90,7.12,-12.086,-46.68
61,90,7.44,-14.596,-48.93
61,90,7.76,-12.868,-48.09
61,90,8.08,-12.846,-47.65
61,90,8.4,-16.69,-52.07
61,90,8.72,-8.918,-46.22
61,90,9.04,-12.214,-50
61,90,9.36,-14.634,-52.7
61,90,9.68,-17.31,-56.2
61,90,10,-15.06,-54.13
61,90,10.32,-21.452,-61.08
61,90,10.64,-20.038,-60.05
61,90,10.96,-18.926,-58.91
61,90,11.28,-22.906,-63.35
61,90,11.6,-18.33,-59.2
61,90,11.92,-20.254,-61.38
61,90,12.24,-16.684,-58.94
61,90,12.56,-18.14,-62.21
61,90,12.88,-21.936,-67.14
61,90,13.2,-17.59,-64.37
61,90,13.52,-17.452,-63.46
61,90,13.84,-21.488,-68.97
61,90,14.16,-16.576,-64.8
61,90,14.48,-19.154,-70.98
61,90,14.8,-18.33,-66.34
61,90,15.12,-17.5,-63.93
61,90,15.44,-19.796,-66.11
61,90,15.76,-21.508,-68.7
61,90,16.08,-18.552,-66.01
61,90,16.4,-35.8,-85.61
61,90,16.72,-34.888,-84.37
61,90,17.04,-25.536,-76.79
61,90,17.36,-22.786,-75.43
61,90,17.68,-25.502,-78.58
61,90,18,-16.26,-69.07
62,90,2,-4.81,-26.6
62,90,2.32,-4.946,-30.6
62,90,2.64,-5.718,-34.43
62,90,2.96,-0.698000000000004,-29.01
62,90,3.28,-6.712,-36.73
62,90,3.6,-6.57,-34.02
62,90,3.92,-10.162,-37.71
62,90,4.24,-15.266,-44.29
62,90,4.56,-5.646,-35.46
62,90,4.88,-8.86,-38.99
62,90,5.2,-5.5,-36.92
62,90,5.52,-16.608,-46.89
62,90,5.84,-18.272,-49.72
62,90,6.16,-17.47,-49.51
62,90,6.48,-11.086,-45.17
62,90,6.8,-15.04,-48.54
62,90,7.12,-12.356,-46.95
62,90,7.44,-16.366,-50.7
62,90,7.76,-12.598,-47.82
62,90,8.08,-12.186,-46.99
62,90,8.4,-15.98,-51.36
62,90,8.72,-9.308,-46.61
62,90,9.04,-12.954,-50.74
62,90,9.36,-14.014,-52.08
62,90,9.68,-18.02,-56.91
62,90,10,-16.27,-55.34
62,90,10.32,-21.342,-60.97
62,90,10.64,-20.898,-60.91
62,90,10.96,-18.766,-58.75
62,90,11.28,-23.036,-63.48
62,90,11.6,-20.15,-61.02
62,90,11.92,-18.844,-59.97
62,90,12.24,-16.234,-58.49
62,90,12.56,-17.51,-61.58
62,90,12.88,-18.766,-63.97
62,90,13.2,-16.82,-63.6
62,90,13.52,-18.512,-64.52
62,90,13.84,-17.318,-64.8
62,90,14.16,-19.186,-67.41
62,90,14.48,-18.414,-70.24
62,90,14.8,-21.47,-69.48
62,90,15.12,-14.93,-61.36
62,90,15.44,-22.366,-68.68
62,90,15.76,-19.708,-66.9
62,90,16.08,-19.642,-67.1
62,90,16.4,-27.2,-77.01
62,90,16.72,-28.668,-78.15
62,90,17.04,-29.366,-80.62
62,90,17.36,-24.306,-76.95
62,90,17.68,-25.672,-78.75
62,90,18,-24.79,-77.6
63,90,2,-5.08,-26.87
63,90,2.32,-5.236,-30.89
63,90,2.64,-5.898,-34.61
63,90,2.96,-1.268,-29.58
63,90,3.28,-7.052,-37.07
63,90,3.6,-7.59,-35.04
63,90,3.92,-10.782,-38.33
63,90,4.24,-15.606,-44.63
63,90,4.56,-6.046,-35.86
63,90,4.88,-9.76,-39.89
63,90,5.2,-5.76,-37.18
63,90,5.52,-17.358,-47.64
63,90,5.84,-16.302,-47.75
63,90,6.16,-19.22,-51.26
63,90,6.48,-11.346,-45.43
63,90,6.8,-15.51,-49.01
63,90,7.12,-13.376,-47.97
63,90,7.44,-16.286,-50.62
63,90,7.76,-12.458,-47.68
63,90,8.08,-11.956,-46.76
63,90,8.4,-15.1,-50.48
63,90,8.72,-9.408,-46.71
63,90,9.04,-14.724,-52.51
63,90,9.36,-12.624,-50.69
63,90,9.68,-19.09,-57.98
63,90,10,-15.47,-54.54
63,90,10.32,-22.062,-61.69
63,90,10.64,-20.508,-60.52
63,90,10.96,-19.006,-58.99
63,90,11.28,-20.336,-60.78
63,90,11.6,-19.4,-60.27
63,90,11.92,-19.444,-60.57
63,90,12.24,-18.874,-61.13
63,90,12.56,-18.4,-62.47
63,90,12.88,-22.796,-68
63,90,13.2,-18.16,-64.94
63,90,13.52,-24.492,-70.5
63,90,13.84,-22.328,-69.81
63,90,14.16,-16.126,-64.35
63,90,14.48,-20.224,-72.05
63,90,14.8,-17.83,-65.84
63,90,15.12,-14.44,-60.87
63,90,15.44,-24.446,-70.76
63,90,15.76,-18.878,-66.07
63,90,16.08,-23.662,-71.12
63,90,16.4,-42.26,-92.07
63,90,16.72,-39.468,-88.95
63,90,17.04,-17.196,-68.45
63,90,17.36,-23.906,-76.55
63,90,17.68,-17.932,-71.01
63,90,18,-28.34,-81.15
64,90,2,-5.3,-27.09
64,90,2.32,-5.546,-31.2
64,90,2.64,-6.388,-35.1
64,90,2.96,-1.778,-30.09
64,90,3.28,-7.622,-37.64
64,90,3.6,-8.53,-35.98
64,90,3.92,-11.372,-38.92
64,90,4.24,-16.066,-45.09
64,90,4.56,-6.406,-36.22
64,90,4.88,-11.28,-41.41
64,90,5.2,-6.08,-37.5
64,90,5.52,-17.338,-47.62
64,90,5.84,-15.682,-47.13
64,90,6.16,-19.65,-51.69
64,90,6.48,-11.456,-45.54
64,90,6.8,-15.7,-49.2
64,90,7.12,-14.096,-48.69
64,90,7.44,-16.786,-51.12
64,90,7.76,-12.988,-48.21
64,90,8.08,-11.106,-45.91
64,90,8.4,-15.3,-50.68
64,90,8.72,-10.048,-47.35
64,90,9.04,-16.254,-54.04
64,90,9.36,-13.824,-51.89
64,90,9.68,-19.17,-58.06
64,90,10,-15.58,-54.65
64,90,10.32,-27.362,-66.99
64,90,10.64,-20.508,-60.52
64,90,10.96,-18.076,-58.06
64,90,11.28,-20.366,-60.81
64,90,11.6,-19.34,-60.21
64,90,11.92,-18.684,-59.81
64,90,12.24,-19.984,-62.24
64,90,12.56,-18.74,-62.81
64,90,12.88,-25.146,-70.35
64,90,13.2,-22.48,-69.26
64,90,13.52,-17.272,-63.28
64,90,13.84,-14.548,-62.03
64,90,14.16,-12.126,-60.35
64,90,14.48,-20.464,-72.29
64,90,14.8,-16.2,-64.21
64,90,15.12,-18.38,-64.81
64,90,15.44,-21.696,-68.01
64,90,15.76,-15.638,-62.83
64,90,16.08,-18.032,-65.49
64,90,16.4,-27.61,-77.42
64,90,16.72,-22.498,-71.98
64,90,17.04,-17.856,-69.11
64,90,17.36,-30.236,-82.88
64,90,17.68,-22.912,-75.99
64,90,18,-27.03,-79.84
65,90,2,-5.45,-27.24
65,90,2.32,-5.826,-31.48
65,90,2.64,-6.738,-35.45
65,90,2.96,-2.178,-30.49
65,90,3.28,-8.522,-38.54
65,90,3.6,-9.42,-36.87
65,90,3.92,-11.652,-39.2
65,90,4.24,-16.256,-45.28
65,90,4.56,-6.786,-36.6
65,90,4.88,-12.85,-42.98
65,90,5.2,-6.57,-37.99
65,90,5.52,-16.218,-46.5
65,90,5.84,-15.452,-46.9
65,90,6.16,-19.91,-51.95
65,90,6.48,-12.776,-46.86
65,90,6.8,-15.69,-49.19
65,90,7.12,-14.906,-49.5
65,90,7.44,-15.986,-50.32
65,90,7.76,-13.348,-48.57
65,90,8.08,-12.126,-46.93
65,90,8.4,-15.99,-51.37
65,90,8.72,-11.088,-48.39
65,90,9.04,-18.324,-56.11
65,90,9.36,-13.984,-52.05
65,90,9.68,-17.66,-56.55
65,90,10,-16.53,-55.6
65,90,10.32,-21.452,-61.08
65,90,10.64,-20.668,-60.68
65,90,10.96,-15.276,-55.26
65,90,11.28,-20.366,-60.81
65,90,11.6,-16.62,-57.49
65,90,11.92,-20.184,-61.31
65,90,12.24,-18.484,-60.74
65,90,12.56,-27.6,-71.67
65,90,12.88,-30.626,-75.83
65,90,13.2,-25.82,-72.6
65,90,13.52,-19.562,-65.57
65,90,13.84,-19.908,-67.39
65,90,14.16,-14.646,-62.87
65,90,14.48,-26.714,-78.54
65,90,14.8,-22.1,-70.11
65,90,15.12,-20.04,-66.47
65,90,15.44,-23.236,-69.55
65,90,15.76,-16.558,-63.75
65,90,16.08,-25.502,-72.96
65,90,16.4,-21,-70.81
65,90,16.72,-23.788,-73.27
65,90,17.04,-24.536,-75.79
65,90,17.36,-26.916,-79.56
65,90,17.68,-22.542,-75.62
65,90,18,-27.79,-80.6
66,90,2,-5.57,-27.36
66,90,2.32,-5.996,-31.65
66,90,2.64,-7.188,-35.9
66,90,2.96,-2.458,-30.77
66,90,3.28,-9.262,-39.28
66,90,3.6,-10.06,-37.51
66,90,3.92,-12.452,-40
66,90,4.24,-16.056,-45.08
66,90,4.56,-7.196,-37.01
66,90,4.88,-14.48,-44.61
66,90,5.2,-7.28,-38.7
66,90,5.52,-15.438,-45.72
66,90,5.84,-16.252,-47.7
66,90,6.16,-20.04,-52.08
66,90,6.48,-13.826,-47.91
66,90,6.8,-15.58,-49.08
66,90,7.12,-14.336,-48.93
66,90,7.44,-15.236,-49.57
66,90,7.76,-14.498,-49.72
66,90,8.08,-13.106,-47.91
66,90,8.4,-19.85,-55.23
66,90,8.72,-12.398,-49.7
66,90,9.04,-20.994,-58.78
66,90,9.36,-16.314,-54.38
66,90,9.68,-19.4,-58.29
66,90,10,-17.24,-56.31
66,90,10.32,-20.772,-60.4
66,90,10.64,-20.078,-60.09
66,90,10.96,-16.966,-56.95
66,90,11.28,-22.296,-62.74
66,90,11.6,-17.14,-58.01
66,90,11.92,-20.554,-61.68
66,90,12.24,-18.144,-60.4
66,90,12.56,-19.2,-63.27
66,90,12.88,-23.586,-68.79
66,90,13.2,-19.58,-66.36
66,90,13.52,-17.842,-63.85
66,90,13.84,-16.708,-64.19
66,90,14.16,-15.296,-63.52
66,90,14.48,-19.994,-71.82
66,90,14.8,-23.77,-71.78
66,90,15.12,-17.46,-63.89
66,90,15.44,-25.016,-71.33
66,90,15.76,-16.708,-63.9
66,90,16.08,-33.922,-81.38
66,90,16.4,-15.22,-65.03
66,90,16.72,-17.448,-66.93
66,90,17.04,-23.056,-74.31
66,90,17.36,-21.566,-74.21
66,90,17.68,-22.162,-75.24
66,90,18,-32.93,-85.74
67,90,2,-5.56,-27.35
67,90,2.32,-6.176,-31.83
67,90,2.64,-7.638,-36.35
67,90,2.96,-2.648,-30.96
67,90,3.28,-10.212,-40.23
67,90,3.6,-10.62,-38.07
67,90,3.92,-12.902,-40.45
67,90,4.24,-16.236,-45.26
67,90,4.56,-7.676,-37.49
67,90,4.88,-15.58,-45.71
67,90,5.2,-8.46,-39.88
67,90,5.52,-14.768,-45.05
67,90,5.84,-17.822,-49.27
67,90,6.16,-19,-51.04
67,90,6.48,-14.786,-48.87
67,90,6.8,-15.69,-49.19
67,90,7.12,-14.116,-48.71
67,90,7.44,-15.456,-49.79
67,90,7.76,-15.628,-50.85
67,90,8.08,-14.846,-49.65
67,90,8.4,-23.22,-58.6
67,90,8.72,-14.048,-51.35
67,90,9.04,-19.764,-57.55
67,90,9.36,-19.454,-57.52
67,90,9.68,-20.48,-59.37
67,90,10,-20.81,-59.88
67,90,10.32,-22.832,-62.46
67,90,10.64,-22.428,-62.44
67,90,10.96,-16.486,-56.47
67,90,11.28,-22.926,-63.37
67,90,11.6,-16.95,-57.82
67,90,11.92,-18.734,-59.86
67,90,12.24,-17.384,-59.64
67,90,12.56,-17.47,-61.54
67,90,12.88,-23.196,-68.4
67,90,13.2,-17.88,-64.66
67,90,13.52,-22.792,-68.8
67,90,13.84,-30.718,-78.2
67,90,14.16,-23.986,-72.21
67,90,14.48,-17.794,-69.62
67,90,14.8,-17.81,-65.82
67,90,15.12,-14.8,-61.23
67,90,15.44,-25.276,-71.59
67,90,15.76,-19.288,-66.48
67,90,16.08,-21.862,-69.32
67,90,16.4,-17.13,-66.94
67,90,16.72,-24.938,-74.42
67,90,17.04,-23.566,-74.82
67,90,17.36,-23.516,-76.16
67,90,17.68,-21.772,-74.85
67,90,18,-23.05,-75.86
68,90,2,-5.63,-27.42
68,90,2.32,-6.246,-31.9
68,90,2.64,-7.958,-36.67
68,90,2.96,-2.758,-31.07
68,90,3.28,-11.382,-41.4
68,90,3.6,-10.57,-38.02
68,90,3.92,-13.692,-41.24
68,90,4.24,-16.306,-45.33
68,90,4.56,-8.526,-38.34
68,90,4.88,-15.37,-45.5
68,90,5.2,-9.86,-41.28
68,90,5.52,-14.648,-44.93
68,90,5.84,-20.572,-52.02
68,90,6.16,-18.51,-50.55
68,90,6.48,-15.326,-49.41
68,90,6.8,-15.63,-49.13
68,90,7.12,-13.766,-48.36
68,90,7.44,-16.376,-50.71
68,90,7.76,-17.468,-52.69
68,90,8.08,-17.956,-52.76
68,90,8.4,-24.27,-59.65
68,90,8.72,-13.928,-51.23
68,90,9.04,-17.534,-55.32
68,90,9.36,-17.134,-55.2
68,90,9.68,-20.78,-59.67
68,90,10,-21.68,-60.75
68,90,10.32,-24.932,-64.56
68,90,10.64,-21.188,-61.2
68,90,10.96,-19.296,-59.28
68,90,11.28,-27.366,-67.81
68,90,11.6,-20.15,-61.02
68,90,11.92,-18.684,-59.81
68,90,12.24,-18.074,-60.33
68,90,12.56,-17.27,-61.34
68,90,12.88,-20.966,-66.17
68,90,13.2,-19.04,-65.82
68,90,13.52,-24.592,-70.6
68,90,13.84,-23.358,-70.84
68,90,14.16,-14.706,-62.93
68,90,14.48,-19.594,-71.42
68,90,14.8,-17.56,-65.57
68,90,15.12,-19.1,-65.53
68,90,15.44,-26.196,-72.51
68,90,15.76,-18.228,-65.42
68,90,16.08,-17.562,-65.02
68,90,16.4,-26.02,-75.83
68,90,16.72,-19.168,-68.65
68,90,17.04,-20.186,-71.44
68,90,17.36,-44.536,-97.18
68,90,17.68,-27.572,-80.65
68,90,18,-33.25,-86.06
69,90,2,-5.51,-27.3
69,90,2.32,-6.356,-32.01
69,90,2.64,-8.358,-37.07
69,90,2.96,-2.888,-31.2
69,90,3.28,-12.572,-42.59
69,90,3.6,-11.19,-38.64
69,90,3.92,-14.902,-42.45
69,90,4.24,-17.136,-46.16
69,90,4.56,-9.366,-39.18
69,90,4.88,-15.36,-45.49
69,90,5.2,-11.4,-42.82
69,90,5.52,-14.598,-44.88
69,90,5.84,-24.962,-56.41
69,90,6.16,-18.59,-50.63
69,90,6.48,-15.286,-49.37
69,90,6.8,-15.41,-48.91
69,90,7.12,-14.616,-49.21
69,90,7.44,-17.966,-52.3
69,90,7.76,-17.968,-53.19
69,90,8.08,-19.396,-54.2
69,90,8.4,-20.53,-55.91
69,90,8.72,-12.138,-49.44
69,90,9.04,-16.184,-53.97
69,90,9.36,-15.414,-53.48
69,90,9.68,-22.44,-61.33
69,90,10,-18.93,-58
69,90,10.32,-29.072,-68.7
69,90,10.64,-19.878,-59.89
69,90,10.96,-21.816,-61.8
69,90,11.28,-24.206,-64.65
69,90,11.6,-17.56,-58.43
69,90,11.92,-18.364,-59.49
69,90,12.24,-18.434,-60.69
69,90,12.56,-23.88,-67.95
69,90,12.88,-45.476,-90.68
69,90,13.2,-20.19,-66.97
69,90,13.52,-24.362,-70.37
69,90,13.84,-19.918,-67.4
69,90,14.16,-14.216,-62.44
69,90,14.48,-20.394,-72.22
69,90,14.8,-17.63,-65.64
69,90,15.12,-24.81,-71.24
69,90,15.44,-33.556,-79.87
69,90,15.76,-18.958,-66.15
69,90,16.08,-23.432,-70.89
69,90,16.4,-21.25,-71.06
69,90,16.72,-19.138,-68.62
69,90,17.04,-18.266,-69.52
69,90,17.36,-23.346,-75.99
69,90,17.68,-30.452,-83.53
69,90,18,-17.65,-70.46
70,90,2,-5.49,-27.28
70,90,2.32,-6.486,-32.14
70,90,2.64,-8.678,-37.39
70,90,2.96,-2.958,-31.27
70,90,3.28,-13.452,-43.47
70,90,3.6,-11.21,-38.66
70,90,3.92,-16.182,-43.73
70,90,4.24,-17.686,-46.71
70,90,4.56,-10.446,-40.26
70,90,4.88,-14.37,-44.5
70,90,5.2,-12.4,-43.82
70,90,5.52,-15.478,-45.76
70,90,5.84,-29.012,-60.46
70,90,6.16,-18.23,-50.27
70,90,6.48,-15.006,-49.09
70,90,6.8,-15.57,-49.07
70,90,7.12,-15.286,-49.88
70,90,7.44,-20.826,-55.16
70,90,7.76,-17.878,-53.1
70,90,8.08,-19.006,-53.81
70,90,8.4,-18.06,-53.44
70,90,8.72,-11.578,-48.88
70,90,9.04,-16.834,-54.62
70,90,9.36,-15.994,-54.06
70,90,9.68,-22.19,-61.08
70,90,10,-17.6,-56.67
70,90,10.32,-35.072,-74.7
70,90,10.64,-20.838,-60.85
70,90,10.96,-21.106,-61.09
70,90,11.28,-24.336,-64.78
70,90,11.6,-22.33,-63.2
70,90,11.92,-19.134,-60.26
70,90,12.24,-18.024,-60.28
70,90,12.56,-26.59,-70.66
70,90,12.88,-34.106,-79.31
70,90,13.2,-18.54,-65.32
70,90,13.52,-19.872,-65.88
70,90,13.84,-19.488,-66.97
70,90,14.16,-18.436,-66.66
70,90,14.48,-28.434,-80.26
70,90,14.8,-32.1,-80.11
70,90,15.12,-25.18,-71.61
70,90,15.44,-25.066,-71.38
70,90,15.76,-17.278,-64.47
70,90,16.08,-24.672,-72.13
70,90,16.4,-18.64,-68.45
70,90,16.72,-17.238,-66.72
70,90,17.04,-19.456,-70.71
70,90,17.36,-31.956,-84.6
70,90,17.68,-27.912,-80.99
70,90,18,-30.85,-83.66
71,90,2,-5.3,-27.09
71,90,2.32,-6.516,-32.17
71,90,2.64,-8.778,-37.49
71,90,2.96,-3.208,-31.52
71,90,3.28,-14.152,-44.17
71,90,3.6,-11.56,-39.01
71,90,3.92,-17.292,-44.84
71,90,4.24,-18.716,-47.74
71,90,4.56,-11.316,-41.13
71,90,4.88,-13.86,-43.99
71,90,5.2,-12.12,-43.54
71,90,5.52,-16.358,-46.64
71,90,5.84,-25.432,-56.88
71,90,6.16,-19.45,-51.49
71,90,6.48,-14.246,-48.33
71,90,6.8,-16.63,-50.13
71,90,7.12,-16.526,-51.12
71,90,7.44,-25.316,-59.65
71,90,7.76,-18.108,-53.33
71,90,8.08,-17.586,-52.39
71,90,8.4,-18.28,-53.66
71,90,8.72,-12.048,-49.35
71,90,9.04,-17.714,-55.5
71,90,9.36,-17.024,-55.09
71,90,9.68,-25.52,-64.41
71,90,10,-20.2,-59.27
71,90,10.32,-27.332,-66.96
71,90,10.64,-23.048,-63.06
71,90,10.96,-21.906,-61.89
71,90,11.28,-25.756,-66.2
71,90,11.6,-19.82,-60.69
71,90,11.92,-21.224,-62.35
71,90,12.24,-19.074,-61.33
71,90,12.56,-20.07,-64.14
71,90,12.88,-23.716,-68.92
71,90,13.2,-17.6,-64.38
71,90,13.52,-19.092,-65.1
71,90,13.84,-18.878,-66.36
71,90,14.16,-21.966,-70.19
71,90,14.48,-17.124,-68.95
71,90,14.8,-40.02,-88.03
71,90,15.12,-24.67,-71.1
71,90,15.44,-24.956,-71.27
71,90,15.76,-24.728,-71.92
71,90,16.08,-21.552,-69.01
71,90,16.4,-20.46,-70.27
71,90,16.72,-15.338,-64.82
71,90,17.04,-23.966,-75.22
71,90,17.36,-19.056,-71.7
71,90,17.68,-34.242,-87.32
71,90,18,-27.13,-79.94
72,90,2,-5.17,-26.96
72,90,2.32,-6.666,-32.32
72,90,2.64,-8.928,-37.64
72,90,2.96,-3.478,-31.79
72,90,3.28,-14.162,-44.18
72,90,3.6,-12.26,-39.71
72,90,3.92,-19.842,-47.39
72,90,4.24,-20.786,-49.81
72,90,4.56,-12.786,-42.6
72,90,4.88,-14.71,-44.84
72,90,5.2,-11.06,-42.48
72,90,5.52,-17.528,-47.81
72,90,5.84,-23.682,-55.13
72,90,6.16,-19.84,-51.88
72,90,6.48,-14.346,-48.43
72,90,6.8,-19.12,-52.62
72,90,7.12,-17.026,-51.62
72,90,7.44,-23.206,-57.54
72,90,7.76,-17.798,-53.02
72,90,8.08,-16.696,-51.5
72,90,8.4,-20.75,-56.13
72,90,8.72,-14.228,-51.53
72,90,9.04,-24.024,-61.81
72,90,9.36,-20.734,-58.8
72,90,9.68,-27.78,-66.67
72,90,10,-23.64,-62.71
72,90,10.32,-25.382,-65.01
72,90,10.64,-24.568,-64.58
72,90,10.96,-21.966,-61.95
72,90,11.28,-23.656,-64.1
72,90,11.6,-20,-60.87
72,90,11.92,-18.234,-59.36
72,90,12.24,-18.784,-61.04
72,90,12.56,-18.35,-62.42
72,90,12.88,-30.176,-75.38
72,90,13.2,-16.04,-62.82
72,90,13.52,-24.412,-70.42
72,90,13.84,-23.918,-71.4
72,90,14.16,-17.576,-65.8
72,90,14.48,-18.094,-69.92
72,90,14.8,-22.15,-70.16
72,90,15.12,-28.08,-74.51
72,90,15.44,-26.866,-73.18
72,90,15.76,-22.878,-70.07
72,90,16.08,-27.152,-74.61
72,90,16.4,-29.59,-79.4
72,90,16.72,-35.558,-85.04
72,90,17.04,-24.176,-75.43
72,90,17.36,-23.826,-76.47
72,90,17.68,-27.882,-80.96
72,90,18,-21.89,-74.7
73,90,2,-5.07,-26.86
73,90,2.32,-6.876,-32.53
73,90,2.64,-9.068,-37.78
73,90,2.96,-3.728,-32.04
73,90,3.28,-14.082,-44.1
73,90,3.6,-12.93,-40.38
73,90,3.92,-22.152,-49.7
73,90,4.24,-22.596,-51.62
73,90,4.56,-13.396,-43.21
73,90,4.88,-15.71,-45.84
73,90,5.2,-10.51,-41.93
73,90,5.52,-19.568,-49.85
73,90,5.84,-21.862,-53.31
73,90,6.16,-21.54,-53.58
73,90,6.48,-14.136,-48.22
73,90,6.8,-21.74,-55.24
73,90,7.12,-17.636,-52.23
73,90,7.44,-19.676,-54.01
73,90,7.76,-18.838,-54.06
73,90,8.08,-16.946,-51.75
73,90,8.4,-25.49,-60.87
73,90,8.72,-18.908,-56.21
73,90,9.04,-39.274,-77.06
73,90,9.36,-30.424,-68.49
73,90,9.68,-27.38,-66.27
73,90,10,-31.24,-70.31
73,90,10.32,-28.922,-68.55
73,90,10.64,-30.928,-70.94
73,90,10.96,-23.286,-63.27
73,90,11.28,-21.446,-61.89
73,90,11.6,-20.74,-61.61
73,90,11.92,-19.784,-60.91
73,90,12.24,-20.284,-62.54
73,90,12.56,-22.79,-66.86
73,90,12.88,-29.466,-74.67
73,90,13.2,-17.05,-63.83
73,90,13.52,-25.692,-71.7
73,90,13.84,-23.848,-71.33
73,90,14.16,-18.246,-66.47
73,90,14.48,-27.634,-79.46
73,90,14.8,-21.07,-69.08
73,90,15.12,-30.64,-77.07
73,90,15.44,-28.256,-74.57
73,90,15.76,-24.978,-72.17
73,90,16.08,-28.002,-75.46
73,90,16.4,-19.67,-69.48
73,90,16.72,-19.628,-69.11
73,90,17.04,-24.286,-75.54
73,90,17.36,-17.946,-70.59
73,90,17.68,-18.152,-71.23
73,90,18,-22.8,-75.61
74,90,2,-5.04,-26.83
74,90,2.32,-7.006,-32.66
74,90,2.64,-8.868,-37.58
74,90,2.96,-4.048,-32.36
74,90,3.28,-13.312,-43.33
74,90,3.6,-13.55,-41
74,90,3.92,-22.842,-50.39
74,90,4.24,-23.906,-52.93
74,90,4.56,-13.506,-43.32
74,90,4.88,-16.62,-46.75
74,90,5.2,-9.95,-41.37
74,90,5.52,-22.178,-52.46
74,90,5.84,-20.642,-52.09
74,90,6.16,-24.78,-56.82
74,90,6.48,-15.536,-49.62
74,90,6.8,-21.74,-55.24
74,90,7.12,-17.996,-52.59
74,90,7.44,-17.206,-51.54
74,90,7.76,-20.188,-55.41
74,90,8.08,-17.676,-52.48
74,90,8.4,-29.71,-65.09
74,90,8.72,-27.068,-64.37
74,90,9.04,-21.794,-59.58
74,90,9.36,-26.274,-64.34
74,90,9.68,-22.83,-61.72
74,90,10,-28.82,-67.89
74,90,10.32,-25.742,-65.37
74,90,10.64,-25.348,-65.36
74,90,10.96,-25.956,-65.94
74,90,11.28,-23.386,-63.83
74,90,11.6,-34.15,-75.02
74,90,11.92,-21.834,-62.96
74,90,12.24,-24.794,-67.05
74,90,12.56,-29.36,-73.43
74,90,12.88,-35.256,-80.46
74,90,13.2,-22.91,-69.69
74,90,13.52,-23.022,-69.03
74,90,13.84,-23.118,-70.6
74,90,14.16,-18.596,-66.82
74,90,14.48,-27.554,-79.38
74,90,14.8,-25.28,-73.29
74,90,15.12,-24.5,-70.93
74,90,15.44,-23.286,-69.6
74,90,15.76,-25.858,-73.05
74,90,16.08,-24.572,-72.03
74,90,16.4,-16.29,-66.1
74,90,16.72,-24.338,-73.82
74,90,17.04,-19.776,-71.03
74,90,17.36,-27.526,-80.17
74,90,17.68,-21.172,-74.25
74,90,18,-24.14,-76.95
75,90,2,-4.94,-26.73
75,90,2.32,-7.106,-32.76
75,90,2.64,-8.878,-37.59
75,90,2.96,-4.45800000000001,-32.77
75,90,3.28,-12.532,-42.55
75,90,3.6,-14.39,-41.84
75,90,3.92,-21.862,-49.41
75,90,4.24,-25.226,-54.25
75,90,4.56,-13.166,-42.98
75,90,4.88,-19.07,-49.2
75,90,5.2,-10.57,-41.99
75,90,5.52,-25.918,-56.2
75,90,5.84,-20.242,-51.69
75,90,6.16,-23.43,-55.47
75,90,6.48,-17.496,-51.58
75,90,6.8,-19.43,-52.93
75,90,7.12,-17.466,-52.06
75,90,7.44,-16.086,-50.42
75,90,7.76,-21.888,-57.11
75,90,8.08,-19.836,-54.64
75,90,8.4,-30.03,-65.41
75,90,8.72,-25.098,-62.4
75,90,9.04,-18.494,-56.28
75,90,9.36,-20.224,-58.29
75,90,9.68,-20.92,-59.81
75,90,10,-24.86,-63.93
75,90,10.32,-24.412,-64.04
75,90,10.64,-25.848,-65.86
75,90,10.96,-30.026,-70.01
75,90,11.28,-27.106,-67.55
75,90,11.6,-31.89,-72.76
75,90,11.92,-23.514,-64.64
75,90,12.24,-26.264,-68.52
75,90,12.56,-40.12,-84.19
75,90,12.88,-25.146,-70.35
75,90,13.2,-22.35,-69.13
75,90,13.52,-20.842,-66.85
75,90,13.84,-23.958,-71.44
75,90,14.16,-19.816,-68.04
75,90,14.48,-26.404,-78.23
75,90,14.8,-28.99,-77
75,90,15.12,-25.75,-72.18
75,90,15.44,-29.826,-76.14
75,90,15.76,-38.398,-85.59
75,90,16.08,-26.372,-73.83
75,90,16.4,-31.92,-81.73
75,90,16.72,-19.828,-69.31
75,90,17.04,-19.166,-70.42
75,90,17.36,-20.546,-73.19
75,90,17.68,-21.832,-74.91
75,90,18,-25.79,-78.6
76,90,2,-4.98,-26.77
76,90,2.32,-7.246,-32.9
76,90,2.64,-8.798,-37.51
76,90,2.96,-4.88800000000001,-33.2
76,90,3.28,-11.782,-41.8
76,90,3.6,-14.74,-42.19
76,90,3.92,-21.112,-48.66
76,90,4.24,-26.426,-55.45
76,90,4.56,-13.376,-43.19
76,90,4.88,-22.23,-52.36
76,90,5.2,-11.78,-43.2
76,90,5.52,-28.378,-58.66
76,90,5.84,-20.462,-51.91
76,90,6.16,-22.48,-54.52
76,90,6.48,-20.326,-54.41
76,90,6.8,-17.07,-50.57
76,90,7.12,-16.766,-51.36
76,90,7.44,-15.276,-49.61
76,90,7.76,-22.968,-58.19
76,90,8.08,-24.026,-58.83
76,90,8.4,-25.69,-61.07
76,90,8.72,-20.118,-57.42
76,90,9.04,-16.314,-54.1
76,90,9.36,-19.084,-57.15
76,90,9.68,-20.45,-59.34
76,90,10,-22.49,-61.56
76,90,10.32,-29.342,-68.97
76,90,10.64,-24.088,-64.1
76,90,10.96,-24.526,-64.51
76,90,11.28,-24.096,-64.54
76,90,11.6,-25.29,-66.16
76,90,11.92,-23.404,-64.53
76,90,12.24,-20.704,-62.96
76,90,12.56,-25.05,-69.12
76,90,12.88,-32.676,-77.88
76,90,13.2,-22.17,-68.95
76,90,13.52,-27.132,-73.14
76,90,13.84,-23.588,-71.07
76,90,14.16,-26.846,-75.07
76,90,14.48,-26.694,-78.52
76,90,14.8,-22.16,-70.17
76,90,15.12,-32.06,-78.49
76,90,15.44,-30.996,-77.31
76,90,15.76,-27.058,-74.25
76,90,16.08,-30.092,-77.55
76,90,16.4,-24.63,-74.44
76,90,16.72,-23.358,-72.84
76,90,17.04,-22.736,-73.99
76,90,17.36,-20.446,-73.09
76,90,17.68,-27.242,-80.32
76,90,18,-22.01,-74.82
77,90,2,-5.01,-26.8
77,90,2.32,-7.466,-33.12
77,90,2.64,-8.768,-37.48
77,90,2.96,-4.948,-33.26
77,90,3.28,-11.342,-41.36
77,90,3.6,-14.86,-42.31
77,90,3.92,-19.852,-47.4
77,90,4.24,-26.166,-55.19
77,90,4.56,-13.736,-43.55
77,90,4.88,-25.15,-55.28
77,90,5.2,-13.72,-45.14
77,90,5.52,-27.478,-57.76
77,90,5.84,-21.862,-53.31
77,90,6.16,-19.79,-51.83
77,90,6.48,-24.476,-58.56
77,90,6.8,-16.68,-50.18
77,90,7.12,-16.556,-51.15
77,90,7.44,-16.936,-51.27
77,90,7.76,-22.458,-57.68
77,90,8.08,-26.746,-61.55
77,90,8.4,-22.3,-57.68
77,90,8.72,-19.558,-56.86
77,90,9.04,-17.414,-55.2
77,90,9.36,-17.004,-55.07
77,90,9.68,-24.23,-63.12
77,90,10,-25.17,-64.24
77,90,10.32,-36.362,-75.99
77,90,10.64,-28.078,-68.09
77,90,10.96,-25.276,-65.26
77,90,11.28,-33.226,-73.67
77,90,11.6,-22,-62.87
77,90,11.92,-31.914,-73.04
77,90,12.24,-23.214,-65.47
77,90,12.56,-24.18,-68.25
77,90,12.88,-25.426,-70.63
77,90,13.2,-22.75,-69.53
77,90,13.52,-27.772,-73.78
77,90,13.84,-25.768,-73.25
77,90,14.16,-25.076,-73.3
77,90,14.48,-34.894,-86.72
77,90,14.8,-24.01,-72.02
77,90,15.12,-36.96,-83.39
77,90,15.44,-34.446,-80.76
77,90,15.76,-25.338,-72.53
77,90,16.08,-25.672,-73.13
77,90,16.4,-21.44,-71.25
77,90,16.72,-22.858,-72.34
77,90,17.04,-25.026,-76.28
77,90,17.36,-26.196,-78.84
77,90,17.68,-23.242,-76.32
77,90,18,-25.55,-78.36
78,90,2,-5.11,-26.9
78,90,2.32,-7.736,-33.39
78,90,2.64,-8.918,-37.63
78,90,2.96,-4.978,-33.29
78,90,3.28,-10.912,-40.93
78,90,3.6,-14.67,-42.12
78,90,3.92,-18.732,-46.28
78,90,4.24,-24.506,-53.53
78,90,4.56,-14.716,-44.53
78,90,4.88,-27.92,-58.05
78,90,5.2,-16.57,-47.99
78,90,5.52,-24.938,-55.22
78,90,5.84,-23.552,-55
78,90,6.16,-19.08,-51.12
78,90,6.48,-25.716,-59.8
78,90,6.8,-16.62,-50.12
78,90,7.12,-15.846,-50.44
78,90,7.44,-20.126,-54.46
78,90,7.76,-22.548,-57.77
78,90,8.08,-26.026,-60.83
78,90,8.4,-21.61,-56.99
78,90,8.72,-19.108,-56.41
78,90,9.04,-19.814,-57.6
78,90,9.36,-18.544,-56.61
78,90,9.68,-33.46,-72.35
78,90,10,-30.93,-70
78,90,10.32,-30.942,-70.57
78,90,10.64,-31.868,-71.88
78,90,10.96,-23.326,-63.31
78,90,11.28,-29.916,-70.36
78,90,11.6,-22.34,-63.21
78,90,11.92,-30.084,-71.21
78,90,12.24,-27.724,-69.98
78,90,12.56,-30.36,-74.43
78,90,12.88,-26.106,-71.31
78,90,13.2,-22.71,-69.49
78,90,13.52,-25.002,-71.01
78,90,13.84,-30.948,-78.43
78,90,14.16,-19.436,-67.66
78,90,14.48,-26.024,-77.85
78,90,14.8,-31.73,-79.74
78,90,15.12,-44.53,-90.96
78,90,15.44,-27.226,-73.54
78,90,15.76,-24.278,-71.47
78,90,16.08,-38.342,-85.8
78,90,16.4,-19.44,-69.25
78,90,16.72,-23.508,-72.99
78,90,17.04,-24.346,-75.6
78,90,17.36,-24.576,-77.22
78,90,17.68,-22.032,-75.11
78,90,18,-24.22,-77.03
79,90,2,-5.23,-27.02
79,90,2.32,-7.886,-33.54
79,90,2.64,-8.968,-37.68
79,90,2.96,-4.758,-33.07
79,90,3.28,-10.662,-40.68
79,90,3.6,-14.5,-41.95
79,90,3.92,-18.132,-45.68
79,90,4.24,-24.306,-53.33
79,90,4.56,-16.386,-46.2
79,90,4.88,-27.82,-57.95
79,90,5.2,-21.45,-52.87
79,90,5.52,-22.508,-52.79
79,90,5.84,-26.592,-58.04
79,90,6.16,-18.21,-50.25
79,90,6.48,-22.286,-56.37
79,90,6.8,-17.84,-51.34
79,90,7.12,-16.426,-51.02
79,90,7.44,-24.676,-59.01
79,90,7.76,-21.538,-56.76
79,90,8.08,-23.086,-57.89
79,90,8.4,-21.1,-56.48
79,90,8.72,-26.048,-63.35
79,90,9.04,-22.354,-60.14
79,90,9.36,-22.164,-60.23
79,90,9.68,-31.91,-70.8
79,90,10,-37.09,-76.16
79,90,10.32,-27.382,-67.01
79,90,10.64,-32.168,-72.18
79,90,10.96,-22.556,-62.54
79,90,11.28,-25.306,-65.75
79,90,11.6,-32.01,-72.88
79,90,11.92,-32.384,-73.51
79,90,12.24,-28.594,-70.85
79,90,12.56,-31.71,-75.78
79,90,12.88,-39.356,-84.56
79,90,13.2,-24.03,-70.81
79,90,13.52,-24.602,-70.61
79,90,13.84,-23.158,-70.64
79,90,14.16,-26.986,-75.21
79,90,14.48,-25.934,-77.76
79,90,14.8,-37.99,-86
79,90,15.12,-31.84,-78.27
79,90,15.44,-34.706,-81.02
79,90,15.76,-23.358,-70.55
79,90,16.08,-28.562,-76.02
79,90,16.4,-40.82,-90.63
79,90,16.72,-25.588,-75.07
79,90,17.04,-21.436,-72.69
79,90,17.36,-39.856,-92.5
79,90,17.68,-17.702,-70.78
79,90,18,-30.95,-83.76
80,90,2,-5.4,-27.19
80,90,2.32,-8.126,-33.78
80,90,2.64,-9.088,-37.8
80,90,2.96,-4.45800000000001,-32.77
80,90,3.28,-10.772,-40.79
80,90,3.6,-14.08,-41.53
80,90,3.92,-18.122,-45.67
80,90,4.24,-23.676,-52.7
80,90,4.56,-18.876,-48.69
80,90,4.88,-27.89,-58.02
80,90,5.2,-25.71,-57.13
80,90,5.52,-22.458,-52.74
80,90,5.84,-30.562,-62.01
80,90,6.16,-18.08,-50.12
80,90,6.48,-21.286,-55.37
80,90,6.8,-20.39,-53.89
80,90,7.12,-17.766,-52.36
80,90,7.44,-30.386,-64.72
80,90,7.76,-22.758,-57.98
80,90,8.08,-21.936,-56.74
80,90,8.4,-23.81,-59.19
80,90,8.72,-27.858,-65.16
80,90,9.04,-32.034,-69.82
80,90,9.36,-25.464,-63.53
80,90,9.68,-25.7,-64.59
80,90,10,-29.61,-68.68
80,90,10.32,-28.852,-68.48
80,90,10.64,-31.238,-71.25
80,90,10.96,-26.256,-66.24
80,90,11.28,-25.206,-65.65
80,90,11.6,-29.07,-69.94
80,90,11.92,-33.824,-74.95
80,90,12.24,-28.334,-70.59
80,90,12.56,-34.8,-78.87
80,90,12.88,-26.976,-72.18
80,90,13.2,-24.73,-71.51
80,90,13.52,-26.182,-72.19
80,90,13.84,-42.878,-90.36
80,90,14.16,-34.406,-82.63
80,90,14.48,-22.694,-74.52
80,90,14.8,-22.09,-70.1
80,90,15.12,-27.1,-73.53
80,90,15.44,-22.596,-68.91
80,90,15.76,-26.518,-73.71
80,90,16.08,-27.712,-75.17
80,90,16.4,-26,-75.81
80,90,16.72,-23.318,-72.8
80,90,17.04,-33.676,-84.93
80,90,17.36,-27.306,-79.95
80,90,17.68,-28.602,-81.68
80,90,18,-29.11,-81.92
81,90,2,-5.63,-27.42
81,90,2.32,-8.376,-34.03
81,90,2.64,-9.428,-38.14
81,90,2.96,-4.108,-32.42
81,90,3.28,-11.032,-41.05
81,90,3.6,-13.8,-41.25
81,90,3.92,-18.402,-45.95
81,90,4.24,-23.566,-52.59
81,90,4.56,-22.456,-52.27
81,90,4.88,-28.84,-58.97
81,90,5.2,-26.42,-57.84
81,90,5.52,-22.748,-53.03
81,90,5.84,-37.422,-68.87
81,90,6.16,-18.69,-50.73
81,90,6.48,-19.816,-53.9
81,90,6.8,-26.25,-59.75
81,90,7.12,-19.376,-53.97
81,90,7.44,-23.446,-57.78
81,90,7.76,-21.898,-57.12
81,90,8.08,-22.346,-57.15
81,90,8.4,-28.59,-63.97
81,90,8.72,-21.838,-59.14
81,90,9.04,-27.844,-65.63
81,90,9.36,-20.094,-58.16
81,90,9.68,-24.48,-63.37
81,90,10,-25.58,-64.65
81,90,10.32,-25.572,-65.2
81,90,10.64,-25.698,-65.71
81,90,10.96,-25.386,-65.37
81,90,11.28,-30.626,-71.07
81,90,11.6,-24.38,-65.25
81,90,11.92,-33.554,-74.68
81,90,12.24,-26.964,-69.22
81,90,12.56,-27.96,-72.03
81,90,12.88,-26.876,-72.08
81,90,13.2,-18.63,-65.41
81,90,13.52,-29.322,-75.33
81,90,13.84,-30.318,-77.8
81,90,14.16,-29.456,-77.68
81,90,14.48,-22.024,-73.85
81,90,14.8,-21.41,-69.42
81,90,15.12,-37.74,-84.17
81,90,15.44,-28.896,-75.21
81,90,15.76,-25.228,-72.42
81,90,16.08,-27.752,-75.21
81,90,16.4,-28.05,-77.86
81,90,16.72,-21.928,-71.41
81,90,17.04,-20.316,-71.57
81,90,17.36,-19.486,-72.13
81,90,17.68,-39.482,-92.56
81,90,18,-25.9,-78.71
82,90,2,-5.93,-27.72
82,90,2.32,-8.536,-34.19
82,90,2.64,-9.628,-38.34
82,90,2.96,-3.668,-31.98
82,90,3.28,-11.452,-41.47
82,90,3.6,-13.59,-41.04
82,90,3.92,-18.872,-46.42
82,90,4.24,-23.106,-52.13
82,90,4.56,-22.056,-51.87
82,90,4.88,-32.16,-62.29
82,90,5.2,-22.92,-54.34
82,90,5.52,-24.008,-54.29
82,90,5.84,-40.292,-71.74
82,90,6.16,-19.35,-51.39
82,90,6.48,-21.276,-55.36
82,90,6.8,-34.89,-68.39
82,90,7.12,-21.136,-55.73
82,90,7.44,-19.206,-53.54
82,90,7.76,-21.298,-56.52
82,90,8.08,-23.896,-58.7
82,90,8.4,-40.37,-75.75
82,90,8.72,-19.218,-56.52
82,90,9.04,-23.234,-61.02
82,90,9.36,-20.354,-58.42
82,90,9.68,-23.35,-62.24
82,90,10,-23.54,-62.61
82,90,10.32,-35.382,-75.01
82,90,10.64,-31.988,-72
82,90,10.96,-25.726,-65.71
82,90,11.28,-32.946,-73.39
82,90,11.6,-24.42,-65.29
82,90,11.92,-32.314,-73.44
82,90,12.24,-31.034,-73.29
82,90,12.56,-27.74,-71.81
82,90,12.88,-33.846,-79.05
82,90,13.2,-23.66,-70.44
82,90,13.52,-26.302,-72.31
82,90,13.84,-25.708,-73.19
82,90,14.16,-23.726,-71.95
82,90,14.48,-24.754,-76.58
82,90,14.8,-38.41,-86.42
82,90,15.12,-29.04,-75.47
82,90,15.44,-21.306,-67.62
82,90,15.76,-26.078,-73.27
82,90,16.08,-34.462,-81.92
82,90,16.4,-29.53,-79.34
82,90,16.72,-28.188,-77.67
82,90,17.04,-22.066,-73.32
82,90,17.36,-22.766,-75.41
82,90,17.68,-22.352,-75.43
82,90,18,-30.11,-82.92
83,90,2,-6.12,-27.91
83,90,2.32,-8.756,-34.41
83,90,2.64,-10.058,-38.77
83,90,2.96,-3.518,-31.83
83,90,3.28,-11.582,-41.6
83,90,3.6,-13.4,-40.85
83,90,3.92,-19.812,-47.36
83,90,4.24,-22.796,-51.82
83,90,4.56,-19.116,-48.93
83,90,4.88,-32.9,-63.03
83,90,5.2,-23.27,-54.69
83,90,5.52,-27.158,-57.44
83,90,5.84,-28.582,-60.03
83,90,6.16,-20.55,-52.59
83,90,6.48,-22.296,-56.38
83,90,6.8,-27.2,-60.7
83,90,7.12,-21.306,-55.9
83,90,7.44,-18.546,-52.88
83,90,7.76,-22.258,-57.48
83,90,8.08,-28.356,-63.16
83,90,8.4,-33.05,-68.43
83,90,8.72,-18.428,-55.73
83,90,9.04,-22.334,-60.12
83,90,9.36,-21.344,-59.41
83,90,9.68,-34.08,-72.97
83,90,10,-29,-68.07
83,90,10.32,-28.592,-68.22
83,90,10.64,-29.688,-69.7
83,90,10.96,-23.556,-63.54
83,90,11.28,-35.556,-76
83,90,11.6,-29.15,-70.02
83,90,11.92,-37.484,-78.61
83,90,12.24,-31.064,-73.32
83,90,12.56,-34.97,-79.04
83,90,12.88,-24.946,-70.15
83,90,13.2,-25.59,-72.37
83,90,13.52,-31.562,-77.57
83,90,13.84,-27.778,-75.26
83,90,14.16,-28.556,-76.78
83,90,14.48,-22.604,-74.43
83,90,14.8,-27.35,-75.36
83,90,15.12,-26.33,-72.76
83,90,15.44,-24.496,-70.81
83,90,15.76,-24.948,-72.14
83,90,16.08,-28.582,-76.04
83,90,16.4,-22.67,-72.48
83,90,16.72,-28.098,-77.58
83,90,17.04,-39.896,-91.15
83,90,17.36,-28.856,-81.5
83,90,17.68,-21.602,-74.68
83,90,18,-22.81,-75.62
84,90,2,-6.5,-28.29
84,90,2.32,-8.796,-34.45
84,90,2.64,-10.418,-39.13
84,90,2.96,-3.398,-31.71
84,90,3.28,-11.712,-41.73
84,90,3.6,-12.97,-40.42
84,90,3.92,-20.372,-47.92
84,90,4.24,-22.006,-51.03
84,90,4.56,-16.346,-46.16
84,90,4.88,-38.33,-68.46
84,90,5.2,-24.48,-55.9
84,90,5.52,-29.688,-59.97
84,90,5.84,-25.902,-57.35
84,90,6.16,-21.76,-53.8
84,90,6.48,-24.956,-59.04
84,90,6.8,-24.88,-58.38
84,90,7.12,-20.076,-54.67
84,90,7.44,-19.496,-53.83
84,90,7.76,-21.988,-57.21
84,90,8.08,-32.836,-67.64
84,90,8.4,-24.98,-60.36
84,90,8.72,-19.678,-56.98
84,90,9.04,-24.004,-61.79
84,90,9.36,-25.104,-63.17
84,90,9.68,-35.68,-74.57
84,90,10,-35.11,-74.18
84,90,10.32,-25.532,-65.16
84,90,10.64,-30.658,-70.67
84,90,10.96,-23.546,-63.53
84,90,11.28,-26.636,-67.08
84,90,11.6,-30.39,-71.26
84,90,11.92,-43.744,-84.87
84,90,12.24,-25.714,-67.97
84,90,12.56,-30.77,-74.84
84,90,12.88,-28.546,-73.75
84,90,13.2,-32.52,-79.3
84,90,13.52,-23.022,-69.03
84,90,13.84,-40.988,-88.47
84,90,14.16,-29.996,-78.22
84,90,14.48,-28.754,-80.58
84,90,14.8,-31.77,-79.78
84,90,15.12,-33.25,-79.68
84,90,15.44,-26.626,-72.94
84,90,15.76,-28.988,-76.18
84,90,16.08,-40.632,-88.09
84,90,16.4,-45.39,-95.2
84,90,16.72,-27.648,-77.13
84,90,17.04,-40.886,-92.14
84,90,17.36,-24.186,-76.83
84,90,17.68,-36.592,-89.67
84,90,18,-38.66,-91.47
85,90,2,-6.88,-28.67
85,90,2.32,-8.976,-34.63
85,90,2.64,-10.598,-39.31
85,90,2.96,-3.438,-31.75
85,90,3.28,-11.682,-41.7
85,90,3.6,-12.92,-40.37
85,90,3.92,-20.282,-47.83
85,90,4.24,-21.526,-50.55
85,90,4.56,-14.466,-44.28
85,90,4.88,-32.29,-62.42
85,90,5.2,-28.77,-60.19
85,90,5.52,-37.328,-67.61
85,90,5.84,-24.822,-56.27
85,90,6.16,-23.72,-55.76
85,90,6.48,-28.586,-62.67
85,90,6.8,-22.19,-55.69
85,90,7.12,-19.606,-54.2
85,90,7.44,-21.046,-55.38
85,90,7.76,-20.678,-55.9
85,90,8.08,-26.006,-60.81
85,90,8.4,-25.59,-60.97
85,90,8.72,-25.108,-62.41
85,90,9.04,-28.874,-66.66
85,90,9.36,-28.884,-66.95
85,90,9.68,-32.15,-71.04
85,90,10,-34.08,-73.15
85,90,10.32,-26.942,-66.57
85,90,10.64,-31.828,-71.84
85,90,10.96,-27.056,-67.04
85,90,11.28,-29.916,-70.36
85,90,11.6,-32.62,-73.49
85,90,11.92,-29.704,-70.83
85,90,12.24,-27.474,-69.73
85,90,12.56,-35.98,-80.05
85,90,12.88,-35.306,-80.51
85,90,13.2,-24.18,-70.96
85,90,13.52,-35.272,-81.28
85,90,13.84,-29.038,-76.52
85,90,14.16,-23.896,-72.12
85,90,14.48,-23.274,-75.1
85,90,14.8,-21.73,-69.74
85,90,15.12,-31.76,-78.19
85,90,15.44,-26.136,-72.45
85,90,15.76,-28.398,-75.59
85,90,16.08,-35.652,-83.11
85,90,16.4,-25.85,-75.66
85,90,16.72,-28.508,-77.99
85,90,17.04,-26.316,-77.57
85,90,17.36,-35.076,-87.72
85,90,17.68,-18.052,-71.13
85,90,18,-28.23,-81.04
86,90,2,-7.24,-29.03
86,90,2.32,-8.956,-34.61
86,90,2.64,-11.088,-39.8
86,90,2.96,-3.598,-31.91
86,90,3.28,-11.542,-41.56
86,90,3.6,-12.75,-40.2
86,90,3.92,-19.692,-47.24
86,90,4.24,-21.086,-50.11
86,90,4.56,-13.546,-43.36
86,90,4.88,-28.67,-58.8
86,90,5.2,-29.66,-61.08
86,90,5.52,-32.248,-62.53
86,90,5.84,-24.232,-55.68
86,90,6.16,-24.41,-56.45
86,90,6.48,-34.206,-68.29
86,90,6.8,-21.47,-54.97
86,90,7.12,-20.006,-54.6
86,90,7.44,-26.146,-60.48
86,90,7.76,-21.268,-56.49
86,90,8.08,-23.666,-58.47
86,90,8.4,-25.29,-60.67
86,90,8.72,-27.668,-64.97
86,90,9.04,-29.804,-67.59
86,90,9.36,-22.414,-60.48
86,90,9.68,-27.5,-66.39
86,90,10,-31.19,-70.26
86,90,10.32,-30.792,-70.42
86,90,10.64,-33.948,-73.96
86,90,10.96,-33.916,-73.9
86,90,11.28,-39.456,-79.9
86,90,11.6,-29.5,-70.37
86,90,11.92,-34.004,-75.13
86,90,12.24,-29.704,-71.96
86,90,12.56,-33.26,-77.33
86,90,12.88,-26.986,-72.19
86,90,13.2,-25.62,-72.4
86,90,13.52,-32.582,-78.59
86,90,13.84,-25.928,-73.41
86,90,14.16,-35.646,-83.87
86,90,14.48,-26.814,-78.64
86,90,14.8,-24.67,-72.68
86,90,15.12,-32.85,-79.28
86,90,15.44,-24.666,-70.98
86,90,15.76,-31.378,-78.57
86,90,16.08,-26.692,-74.15
86,90,16.4,-31.91,-81.72
86,90,16.72,-40.908,-90.39
86,90,17.04,-21.396,-72.65
86,90,17.36,-30.196,-82.84
86,90,17.68,-30.652,-83.73
86,90,18,-27.51,-80.32
87,90,2,-7.61,-29.4
87,90,2.32,-8.926,-34.58
87,90,2.64,-11.188,-39.9
87,90,2.96,-3.948,-32.26
87,90,3.28,-11.332,-41.35
87,90,3.6,-12.69,-40.14
87,90,3.92,-18.652,-46.2
87,90,4.24,-21.126,-50.15
87,90,4.56,-13.046,-42.86
87,90,4.88,-26.98,-57.11
87,90,5.2,-27.49,-58.91
87,90,5.52,-30.988,-61.27
87,90,5.84,-23.802,-55.25
87,90,6.16,-23.96,-56
87,90,6.48,-36.886,-70.97
87,90,6.8,-23.51,-57.01
87,90,7.12,-21.526,-56.12
87,90,7.44,-31.066,-65.4
87,90,7.76,-20.628,-55.85
87,90,8.08,-24.256,-59.06
87,90,8.4,-30.1,-65.48
87,90,8.72,-29.828,-67.13
87,90,9.04,-25.544,-63.33
87,90,9.36,-24.384,-62.45
87,90,9.68,-27.98,-66.87
87,90,10,-33.05,-72.12
87,90,10.32,-36.322,-75.95
87,90,10.64,-28.638,-68.65
87,90,10.96,-33.706,-73.69
87,90,11.28,-48.726,-89.17
87,90,11.6,-30.45,-71.32
87,90,11.92,-35.744,-76.87
87,90,12.24,-29.084,-71.34
87,90,12.56,-30.9,-74.97
87,90,12.88,-26.076,-71.28
87,90,13.2,-26.42,-73.2
87,90,13.52,-29.732,-75.74
87,90,13.84,-28.858,-76.34
87,90,14.16,-27.766,-75.99
87,90,14.48,-25.204,-77.03
87,90,14.8,-31.05,-79.06
87,90,15.12,-28.75,-75.18
87,90,15.44,-25.946,-72.26
87,90,15.76,-39.078,-86.27
87,90,16.08,-41.652,-89.11
87,90,16.4,-28.78,-78.59
87,90,16.72,-27.248,-76.73
87,90,17.04,-24.866,-76.12
87,90,17.36,-26.836,-79.48
87,90,17.68,-26.892,-79.97
87,90,18,-29.14,-81.95
88,90,2,-7.94,-29.73
88,90,2.32,-8.826,-34.48
88,90,2.64,-11.448,-40.16
88,90,2.96,-4.258,-32.57
88,90,3.28,-10.942,-40.96
88,90,3.6,-12.62,-40.07
88,90,3.92,-18.162,-45.71
88,90,4.24,-21.276,-50.3
88,90,4.56,-12.836,-42.65
88,90,4.88,-26.57,-56.7
88,90,5.2,-23.93,-55.35
88,90,5.52,-27.068,-57.35
88,90,5.84,-24.132,-55.58
88,90,6.16,-23.78,-55.82
88,90,6.48,-29.356,-63.44
88,90,6.8,-24.8,-58.3
88,90,7.12,-23.296,-57.89
88,90,7.44,-26.646,-60.98
88,90,7.76,-23.068,-58.29
88,90,8.08,-23.196,-58
88,90,8.4,-32.08,-67.46
88,90,8.72,-23.198,-60.5
88,90,9.04,-25.644,-63.43
88,90,9.36,-23.294,-61.36
88,90,9.68,-27.73,-66.62
88,90,10,-31.42,-70.49
88,90,10.32,-30.962,-70.59
88,90,10.64,-29.468,-69.48
88,90,10.96,-36.446,-76.43
88,90,11.28,-33.886,-74.33
88,90,11.6,-36.91,-77.78
88,90,11.92,-35.654,-76.78
88,90,12.24,-31.404,-73.66
88,90,12.56,-33.57,-77.64
88,90,12.88,-30.896,-76.1
88,90,13.2,-24.39,-71.17
88,90,13.52,-40.172,-86.18
88,90,13.84,-35.018,-82.5
88,90,14.16,-25.546,-73.77
88,90,14.48,-23.984,-75.81
88,90,14.8,-23.71,-71.72
88,90,15.12,-27.69,-74.12
88,90,15.44,-35.886,-82.2
88,90,15.76,-32.928,-80.12
88,90,16.08,-31.852,-79.31
88,90,16.4,-47.59,-97.4
88,90,16.72,-26.878,-76.36
88,90,17.04,-32.026,-83.28
88,90,17.36,-24.086,-76.73
88,90,17.68,-18.012,-71.09
88,90,18,-24.22,-77.03
89,90,2,-8.32,-30.11
89,90,2.32,-8.826,-34.48
89,90,2.64,-11.558,-40.27
89,90,2.96,-4.588,-32.9
89,90,3.28,-10.882,-40.9
89,90,3.6,-12.67,-40.12
89,90,3.92,-17.042,-44.59
89,90,4.24,-21.456,-50.48
89,90,4.56,-13.456,-43.27
89,90,4.88,-27.85,-57.98
89,90,5.2,-22.61,-54.03
89,90,5.52,-27.538,-57.82
89,90,5.84,-26.242,-57.69
89,90,6.16,-23.94,-55.98
89,90,6.48,-26.086,-60.17
89,90,6.8,-29.03,-62.53
89,90,7.12,-25.966,-60.56
89,90,7.44,-23.506,-57.84
89,90,7.76,-23.088,-58.31
89,90,8.08,-27.256,-62.06
89,90,8.4,-31.78,-67.16
89,90,8.72,-24.418,-61.72
89,90,9.04,-23.204,-60.99
89,90,9.36,-27.454,-65.52
89,90,9.68,-34.8,-73.69
89,90,10,-32.47,-71.54
89,90,10.32,-34.962,-74.59
89,90,10.64,-29.318,-69.33
89,90,10.96,-32.746,-72.73
89,90,11.28,-32.796,-73.24
89,90,11.6,-50.47,-91.34
89,90,11.92,-38.514,-79.64
89,90,12.24,-27.134,-69.39
89,90,12.56,-26.5,-70.57
89,90,12.88,-26.846,-72.05
89,90,13.2,-28.77,-75.55
89,90,13.52,-38.992,-85
89,90,13.84,-38.798,-86.28
89,90,14.16,-29.066,-77.29
89,90,14.48,-26.264,-78.09
89,90,14.8,-29.54,-77.55
89,90,15.12,-22.81,-69.24
89,90,15.44,-35.236,-81.55
89,90,15.76,-31.928,-79.12
89,90,16.08,-35.902,-83.36
89,90,16.4,-22.64,-72.45
89,90,16.72,-27.238,-76.72
89,90,17.04,-27.546,-78.8
89,90,17.36,-20.656,-73.3
89,90,17.68,-20.202,-73.28
89,90,18,-28.64,-81.45
90,90,2,-8.33,-30.12
90,90,2.32,-8.826,-34.48
90,90,2.64,-11.668,-40.38
90,90,2.96,-5.02800000000001,-33.34
90,90,3.28,-10.622,-40.64
90,90,3.6,-12.99,-40.44
90,90,3.92,-16.692,-44.24
90,90,4.24,-22.266,-51.29
90,90,4.56,-13.816,-43.63
90,90,4.88,-30.06,-60.19
90,90,5.2,-21.73,-53.15
90,90,5.52,-27.588,-57.87
90,90,5.84,-27.482,-58.93
90,90,6.16,-23.61,-55.65
90,90,6.48,-24.786,-58.87
90,90,6.8,-30.86,-64.36
90,90,7.12,-30.536,-65.13
90,90,7.44,-21.336,-55.67
90,90,7.76,-23.128,-58.35
90,90,8.08,-31.916,-66.72
90,90,8.4,-26.07,-61.45
90,90,8.72,-24.998,-62.3
90,90,9.04,-26.184,-63.97
90,90,9.36,-37.794,-75.86
90,90,9.68,-32.57,-71.46
90,90,10,-30.11,-69.18
90,90,10.32,-36.492,-76.12
90,90,10.64,-31.208,-71.22
90,90,10.96,-42.296,-82.28
90,90,11.28,-36.106,-76.55
90,90,11.6,-40.32,-81.19
90,90,11.92,-43.064,-84.19
90,90,12.24,-30.714,-72.97
90,90,12.56,-26.87,-70.94
90,90,12.88,-41.216,-86.42
90,90,13.2,-25.63,-72.41
90,90,13.52,-27.192,-73.2
90,90,13.84,-37.438,-84.92
90,90,14.16,-33.236,-81.46
90,90,14.48,-25.324,-77.15
90,90,14.8,-23.55,-71.56
90,90,15.12,-28.34,-74.77
90,90,15.44,-28.486,-74.8
90,90,15.76,-34.478,-81.67
90,90,16.08,-35.222,-82.68
90,90,16.4,-23.75,-73.56
90,90,16.72,-27.718,-77.2
90,90,17.04,-40.586,-91.84
90,90,17.36,-30.896,-83.54
90,90,17.68,-30.782,-83.86
90,90,18,-34.4,-87.21
91,90,2,-8.57,-30.36
91,90,2.32,-8.816,-34.47
91,90,2.64,-11.778,-40.49
91,90,2.96,-5.328,-33.64
91,90,3.28,-10.502,-40.52
91,90,3.6,-13.17,-40.62
91,90,3.92,-16.522,-44.07
91,90,4.24,-23.376,-52.4
91,90,4.56,-14.616,-44.43
91,90,4.88,-29.76,-59.89
91,90,5.2,-22.59,-54.01
91,90,5.52,-27.618,-57.9
91,90,5.84,-31.102,-62.55
91,90,6.16,-25.37,-57.41
91,90,6.48,-24.356,-58.44
91,90,6.8,-33.63,-67.13
91,90,7.12,-29.246,-63.84
91,90,7.44,-21.286,-55.62
91,90,7.76,-24.588,-59.81
91,90,8.08,-36.086,-70.89
91,90,8.4,-25.06,-60.44
91,90,8.72,-26.808,-64.11
91,90,9.04,-33.834,-71.62
91,90,9.36,-40.804,-78.87
91,90,9.68,-32.94,-71.83
91,90,10,-28.1,-67.17
91,90,10.32,-31.522,-71.15
91,90,10.64,-31.738,-71.75
91,90,10.96,-33.536,-73.52
91,90,11.28,-47.626,-88.07
91,90,11.6,-35.35,-76.22
91,90,11.92,-32.024,-73.15
91,90,12.24,-28.024,-70.28
91,90,12.56,-25.71,-69.78
91,90,12.88,-31.266,-76.47
91,90,13.2,-26.39,-73.17
91,90,13.52,-36.922,-82.93
91,90,13.84,-36.998,-84.48
91,90,14.16,-31.766,-79.99
91,90,14.48,-42.494,-94.32
91,90,14.8,-23.61,-71.62
91,90,15.12,-30.56,-76.99
91,90,15.44,-38.436,-84.75
91,90,15.76,-25.468,-72.66
91,90,16.08,-30.462,-77.92
91,90,16.4,-30.78,-80.59
91,90,16.72,-35.238,-84.72
91,90,17.04,-19.476,-70.73
91,90,17.36,-22.556,-75.2
91,90,17.68,-20.212,-73.29
91,90,18,-22.01,-74.82
92,90,2,-8.57,-30.36
92,90,2.32,-8.796,-34.45
92,90,2.64,-12.158,-40.87
92,90,2.96,-5.52800000000001,-33.84
92,90,3.28,-10.592,-40.61
92,90,3.6,-13.38,-40.83
92,90,3.92,-16.862,-44.41
92,90,4.24,-24.106,-53.13
92,90,4.56,-15.526,-45.34
92,90,4.88,-29.41,-59.54
92,90,5.2,-23.56,-54.98
92,90,5.52,-27.828,-58.11
92,90,5.84,-30.662,-62.11
92,90,6.16,-27.8,-59.84
92,90,6.48,-24.236,-58.32
92,90,6.8,-31.47,-64.97
92,90,7.12,-25.896,-60.49
92,90,7.44,-22.036,-56.37
92,90,7.76,-25.208,-60.43
92,90,8.08,-37.236,-72.04
92,90,8.4,-25.86,-61.24
92,90,8.72,-30.668,-67.97
92,90,9.04,-36.784,-74.57
92,90,9.36,-29.064,-67.13
92,90,9.68,-33.41,-72.3
92,90,10,-34.86,-73.93
92,90,10.32,-34.422,-74.05
92,90,10.64,-29.638,-69.65
92,90,10.96,-31.946,-71.93
92,90,11.28,-36.446,-76.89
92,90,11.6,-36.21,-77.08
92,90,11.92,-31.984,-73.11
92,90,12.24,-30.884,-73.14
92,90,12.56,-30.61,-74.68
92,90,12.88,-44.436,-89.64
92,90,13.2,-25.25,-72.03
92,90,13.52,-54.432,-100.44
92,90,13.84,-39.958,-87.44
92,90,14.16,-29.156,-77.38
92,90,14.48,-25.164,-76.99
92,90,14.8,-37.69,-85.7
92,90,15.12,-43.95,-90.38
92,90,15.44,-38.136,-84.45
92,90,15.76,-34.048,-81.24
92,90,16.08,-26.632,-74.09
92,90,16.4,-26.97,-76.78
92,90,16.72,-29.388,-78.87
92,90,17.04,-24.576,-75.83
92,90,17.36,-24.936,-77.58
92,90,17.68,-18.902,-71.98
92,90,18,-30.08,-82.89
93,90,2,-8.48,-30.27
93,90,2.32,-9.006,-34.66
93,90,2.64,-12.618,-41.33
93,90,2.96,-5.428,-33.74
93,90,3.28,-11.082,-41.1
93,90,3.6,-13.87,-41.32
93,90,3.92,-17.182,-44.73
93,90,4.24,-25.316,-54.34
93,90,4.56,-15.996,-45.81
93,90,4.88,-27.11,-57.24
93,90,5.2,-24.81,-56.23
93,90,5.52,-28.668,-58.95
93,90,5.84,-28.992,-60.44
93,90,6.16,-28.27,-60.31
93,90,6.48,-25.496,-59.58
93,90,6.8,-29.29,-62.79
93,90,7.12,-25.446,-60.04
93,90,7.44,-24.506,-58.84
93,90,7.76,-24.678,-59.9
93,90,8.08,-29.046,-63.85
93,90,8.4,-31.79,-67.17
93,90,8.72,-33.078,-70.38
93,90,9.04,-31.244,-69.03
93,90,9.36,-32.294,-70.36
93,90,9.68,-29.72,-68.61
93,90,10,-37.78,-76.85
93,90,10.32,-31.372,-71
93,90,10.64,-29.228,-69.24
93,90,10.96,-41.526,-81.51
93,90,11.28,-30.646,-71.09
93,90,11.6,-40.01,-80.88
93,90,11.92,-36.434,-77.56
93,90,12.24,-29.414,-71.67
93,90,12.56,-26.74,-70.81
93,90,12.88,-34.456,-79.66
93,90,13.2,-29.09,-75.87
93,90,13.52,-50.232,-96.24
93,90,13.84,-26.258,-73.74
93,90,14.16,-28.936,-77.16
93,90,14.48,-21.744,-73.57
93,90,14.8,-25.71,-73.72
93,90,15.12,-28.37,-74.8
93,90,15.44,-27.886,-74.2
93,90,15.76,-27.988,-75.18
93,90,16.08,-27.272,-74.73
93,90,16.4,-24.4,-74.21
93,90,16.72,-42.148,-91.63
93,90,17.04,-29.356,-80.61
93,90,17.36,-18.946,-71.59
93,90,17.68,-24.992,-78.07
93,90,18,-22.16,-74.97
94,90,2,-8.42,-30.21
94,90,2.32,-9.046,-34.7
94,90,2.64,-13.158,-41.87
94,90,2.96,-5.27800000000001,-33.59
94,90,3.28,-11.562,-41.58
94,90,3.6,-14.58,-42.03
94,90,3.92,-18.062,-45.61
94,90,4.24,-26.276,-55.3
94,90,4.56,-16.516,-46.33
94,90,4.88,-26.64,-56.77
94,90,5.2,-25.15,-56.57
94,90,5.52,-30.198,-60.48
94,90,5.84,-26.282,-57.73
94,90,6.16,-28.64,-60.68
94,90,6.48,-26.126,-60.21
94,90,6.8,-28.84,-62.34
94,90,7.12,-27.376,-61.97
94,90,7.44,-30.466,-64.8
94,90,7.76,-25.158,-60.38
94,90,8.08,-27.886,-62.69
94,90,8.4,-30.76,-66.14
94,90,8.72,-23.988,-61.29
94,90,9.04,-28.734,-66.52
94,90,9.36,-24.254,-62.32
94,90,9.68,-35.99,-74.88
94,90,10,-32.15,-71.22
94,90,10.32,-36.282,-75.91
94,90,10.64,-36.718,-76.73
94,90,10.96,-36.566,-76.55
94,90,11.28,-40.076,-80.52
94,90,11.6,-45.27,-86.14
94,90,11.92,-40.914,-82.04
94,90,12.24,-34.384,-76.64
94,90,12.56,-25.98,-70.05
94,90,12.88,-32.076,-77.28
94,90,13.2,-29.77,-76.55
94,90,13.52,-28.832,-74.84
94,90,13.84,-34.348,-81.83
94,90,14.16,-29.886,-78.11
94,90,14.48,-28.104,-79.93
94,90,14.8,-23.15,-71.16
94,90,15.12,-34.8,-81.23
94,90,15.44,-36.946,-83.26
94,90,15.76,-25.028,-72.22
94,90,16.08,-26.252,-73.71
94,90,16.4,-22.31,-72.12
94,90,16.72,-42.248,-91.73
94,90,17.04,-18.366,-69.62
94,90,17.36,-24.866,-77.51
94,90,17.68,-36.882,-89.96
94,90,18,-29.1,-81.91
95,90,2,-8.29,-30.08
95,90,2.32,-9.286,-34.94
95,90,2.64,-13.668,-42.38
95,90,2.96,-5.02800000000001,-33.34
95,90,3.28,-12.322,-42.34
95,90,3.6,-15.04,-42.49
95,90,3.92,-19.712,-47.26
95,90,4.24,-27.546,-56.57
95,90,4.56,-16.676,-46.49
95,90,4.88,-27.94,-58.07
95,90,5.2,-24.13,-55.55
95,90,5.52,-32.188,-62.47
95,90,5.84,-26.432,-57.88
95,90,6.16,-29.8,-61.84
95,90,6.48,-24.376,-58.46
95,90,6.8,-29.29,-62.79
95,90,7.12,-27.726,-62.32
95,90,7.44,-34.656,-68.99
95,90,7.76,-23.858,-59.08
95,90,8.08,-26.976,-61.78
95,90,8.4,-37.69,-73.07
95,90,8.72,-25.038,-62.34
95,90,9.04,-30.054,-67.84
95,90,9.36,-26.034,-64.1
95,90,9.68,-36.7,-75.59
95,90,10,-32.01,-71.08
95,90,10.32,-33.092,-72.72
95,90,10.64,-29.098,-69.11
95,90,10.96,-32.196,-72.18
95,90,11.28,-42.816,-83.26
95,90,11.6,-30,-70.87
95,90,11.92,-36.424,-77.55
95,90,12.24,-33.004,-75.26
95,90,12.56,-39.35,-83.42
95,90,12.88,-24.656,-69.86
95,90,13.2,-25.07,-71.85
95,90,13.52,-34.852,-80.86
95,90,13.84,-29.448,-76.93
95,90,14.16,-24.026,-72.25
95,90,14.48,-27.254,-79.08
95,90,14.8,-27.57,-75.58
95,90,15.12,-27.93,-74.36
95,90,15.44,-39.146,-85.46
95,90,15.76,-31.478,-78.67
95,90,16.08,-40.322,-87.78
95,90,16.4,-21.16,-70.97
95,90,16.72,-26.358,-75.84
95,90,17.04,-25.276,-76.53
95,90,17.36,-23.826,-76.47
95,90,17.68,-22.882,-75.96
95,90,18,-27.16,-79.97
96,90,2,-8.18,-29.97
96,90,2.32,-9.446,-35.1
96,90,2.64,-14.238,-42.95
96,90,2.96,-4.758,-33.07
96,90,3.28,-13.212,-43.23
96,90,3.6,-15.76,-43.21
96,90,3.92,-21.642,-49.19
96,90,4.24,-30.526,-59.55
96,90,4.56,-17.126,-46.94
96,90,4.88,-30.59,-60.72
96,90,5.2,-24.59,-56.01
96,90,5.52,-34.958,-65.24
96,90,5.84,-24.572,-56.02
96,90,6.16,-30.86,-62.9
96,90,6.48,-24.026,-58.11
96,90,6.8,-30.03,-63.53
96,90,7.12,-29.816,-64.41
96,90,7.44,-37.746,-72.08
96,90,7.76,-25.058,-60.28
96,90,8.08,-27.886,-62.69
96,90,8.4,-34.72,-70.1
96,90,8.72,-26.958,-64.26
96,90,9.04,-33.194,-70.98
96,90,9.36,-24.264,-62.33
96,90,9.68,-54.02,-92.91
96,90,10,-31.26,-70.33
96,90,10.32,-37.762,-77.39
96,90,10.64,-25.668,-65.68
96,90,10.96,-28.006,-67.99
96,90,11.28,-39.996,-80.44
96,90,11.6,-36.35,-77.22
96,90,11.92,-38.844,-79.97
96,90,12.24,-36.314,-78.57
96,90,12.56,-43.99,-88.06
96,90,12.88,-29.586,-74.79
96,90,13.2,-31.15,-77.93
96,90,13.52,-30.492,-76.5
96,90,13.84,-35.308,-82.79
96,90,14.16,-29.206,-77.43
96,90,14.48,-21.954,-73.78
96,90,14.8,-24.02,-72.03
96,90,15.12,-34.15,-80.58
96,90,15.44,-28.686,-75
96,90,15.76,-25.708,-72.9
96,90,16.08,-29.092,-76.55
96,90,16.4,-31.59,-81.4
96,90,16.72,-26.368,-75.85
96,90,17.04,-26.356,-77.61
96,90,17.36,-24.046,-76.69
96,90,17.68,-35.252,-88.33
96,90,18,-27.97,-80.78
97,90,2,-8.06,-29.85
97,90,2.32,-9.806,-35.46
97,90,2.64,-15.458,-44.17
97,90,2.96,-4.70800000000001,-33.02
97,90,3.28,-14.182,-44.2
97,90,3.6,-16.39,-43.84
97,90,3.92,-23.682,-51.23
97,90,4.24,-29.876,-58.9
97,90,4.56,-18.296,-48.11
97,90,4.88,-40.55,-70.68
97,90,5.2,-24.42,-55.84
97,90,5.52,-31.528,-61.81
97,90,5.84,-24.072,-55.52
97,90,6.16,-29.74,-61.78
97,90,6.48,-25.376,-59.46
97,90,6.8,-32.44,-65.94
97,90,7.12,-32.566,-67.16
97,90,7.44,-28.766,-63.1
97,90,7.76,-26.868,-62.09
97,90,8.08,-29.576,-64.38
97,90,8.4,-34.38,-69.76
97,90,8.72,-43.598,-80.9
97,90,9.04,-35.854,-73.64
97,90,9.36,-25.914,-63.98
97,90,9.68,-30.95,-69.84
97,90,10,-33.83,-72.9
97,90,10.32,-38.012,-77.64
97,90,10.64,-31.218,-71.23
97,90,10.96,-30.836,-70.82
97,90,11.28,-42.886,-83.33
97,90,11.6,-30.58,-71.45
97,90,11.92,-29.744,-70.87
97,90,12.24,-41.194,-83.45
97,90,12.56,-26,-70.07
97,90,12.88,-32.056,-77.26
97,90,13.2,-31.48,-78.26
97,90,13.52,-38.402,-84.41
97,90,13.84,-29.698,-77.18
97,90,14.16,-33.286,-81.51
97,90,14.48,-36.324,-88.15
97,90,14.8,-33.61,-81.62
97,90,15.12,-27.28,-73.71
97,90,15.44,-28.536,-74.85
97,90,15.76,-26.638,-73.83
97,90,16.08,-24.452,-71.91
97,90,16.4,-27.43,-77.24
97,90,16.72,-21.968,-71.45
97,90,17.04,-22.736,-73.99
97,90,17.36,-23.116,-75.76
97,90,17.68,-35.632,-88.71
97,90,18,-24.12,-76.93
98,90,2,-8.08,-29.87
98,90,2.32,-10.166,-35.82
98,90,2.64,-16.668,-45.38
98,90,2.96,-4.77800000000001,-33.09
98,90,3.28,-15.452,-45.47
98,90,3.6,-17.22,-44.67
98,90,3.92,-28.052,-55.6
98,90,4.24,-30.016,-59.04
98,90,4.56,-19.646,-49.46
98,90,4.88,-38.72,-68.85
98,90,5.2,-23.83,-55.25
98,90,5.52,-28.158,-58.44
98,90,5.84,-24.622,-56.07
98,90,6.16,-27.84,-59.88
98,90,6.48,-24.946,-59.03
98,90,6.8,-33.7,-67.2
98,90,7.12,-31.306,-65.9
98,90,7.44,-26.796,-61.13
98,90,7.76,-29.258,-64.48
98,90,8.08,-33.296,-68.1
98,90,8.4,-33.51,-68.89
98,90,8.72,-36.508,-73.81
98,90,9.04,-34.234,-72.02
98,90,9.36,-26.944,-65.01
98,90,9.68,-29.66,-68.55
98,90,10,-29.94,-69.01
98,90,10.32,-33.902,-73.53
98,90,10.64,-29.368,-69.38
98,90,10.96,-30.076,-70.06
98,90,11.28,-38.976,-79.42
98,90,11.6,-32.54,-73.41
98,90,11.92,-35.094,-76.22
98,90,12.24,-34.804,-77.06
98,90,12.56,-27.52,-71.59
98,90,12.88,-38.496,-83.7
98,90,13.2,-36.22,-83
98,90,13.52,-28.532,-74.54
98,90,13.84,-28.878,-76.36
98,90,14.16,-23.406,-71.63
98,90,14.48,-22.914,-74.74
98,90,14.8,-28.29,-76.3
98,90,15.12,-34.1,-80.53
98,90,15.44,-31.896,-78.21
98,90,15.76,-23.108,-70.3
98,90,16.08,-35.092,-82.55
98,90,16.4,-37.84,-87.65
98,90,16.72,-34.498,-83.98
98,90,17.04,-28.066,-79.32
98,90,17.36,-24.416,-77.06
98,90,17.68,-20.522,-73.6
98,90,18,-22.36,-75.17
99,90,2,-8.1,-29.89
99,90,2.32,-10.736,-36.39
99,90,2.64,-18.158,-46.87
99,90,2.96,-5.038,-33.35
99,90,3.28,-17.312,-47.33
99,90,3.6,-18.59,-46.04
99,90,3.92,-33.222,-60.77
99,90,4.24,-33.566,-62.59
99,90,4.56,-21.976,-51.79
99,90,4.88,-30.74,-60.87
99,90,5.2,-25.61,-57.03
99,90,5.52,-25.268,-55.55
99,90,5.84,-25.052,-56.5
99,90,6.16,-26.74,-58.78
99,90,6.48,-25.326,-59.41
99,90,6.8,-35.79,-69.29
99,90,7.12,-30.296,-64.89
99,90,7.44,-26.266,-60.6
99,90,7.76,-26.858,-62.08
99,90,8.08,-31.426,-66.23
99,90,8.4,-33.41,-68.79
99,90,8.72,-29.348,-66.65
99,90,9.04,-28.844,-66.63
99,90,9.36,-26.524,-64.59
99,90,9.68,-29.86,-68.75
99,90,10,-30.45,-69.52
99,90,10.32,-42.002,-81.63
99,90,10.64,-30.368,-70.38
99,90,10.96,-31.406,-71.39
99,90,11.28,-41.976,-82.42
99,90,11.6,-30.59,-71.46
99,90,11.92,-34.694,-75.82
99,90,12.24,-28.134,-70.39
99,90,12.56,-31.92,-75.99
99,90,12.88,-31.816,-77.02
99,90,13.2,-36.78,-83.56
99,90,13.52,-31.832,-77.84
99,90,13.84,-28.858,-76.34
99,90,14.16,-27.696,-75.92
99,90,14.48,-26.224,-78.05
99,90,14.8,-34.59,-82.6
99,90,15.12,-42.68,-89.11
99,90,15.44,-28.396,-74.71
99,90,15.76,-28.558,-75.75
99,90,16.08,-23.612,-71.07
99,90,16.4,-24.13,-73.94
99,90,16.72,-22.408,-71.89
99,90,17.04,-20.986,-72.24
99,90,17.36,-19.106,-71.75
99,90,17.68,-23.092,-76.17
99,90,18,-26,-78.81
100,90,2,-8.28,-30.07
100,90,2.32,-11.186,-36.84
100,90,2.64,-19.848,-48.56
100,90,2.96,-5.52800000000001,-33.84
100,90,3.28,-17.762,-47.78
100,90,3.6,-19.17,-46.62
100,90,3.92,-34.222,-61.77
100,90,4.24,-32.466,-61.49
100,90,4.56,-24.776,-54.59
100,90,4.88,-24.7,-54.83
100,90,5.2,-24.74,-56.16
100,90,5.52,-24.098,-54.38
100,90,5.84,-26.642,-58.09
100,90,6.16,-27.96,-60
100,90,6.48,-25.126,-59.21
100,90,6.8,-46.77,-80.27
100,90,7.12,-31.876,-66.47
100,90,7.44,-28.256,-62.59
100,90,7.76,-28.768,-63.99
100,90,8.08,-30.936,-65.74
100,90,8.4,-32.74,-68.12
100,90,8.72,-26.218,-63.52
100,90,9.04,-27.364,-65.15
100,90,9.36,-30.804,-68.87
100,90,9.68,-31.15,-70.04
100,90,10,-36.53,-75.6
100,90,10.32,-46.322,-85.95
100,90,10.64,-31.468,-71.48
100,90,10.96,-33.826,-73.81
100,90,11.28,-32.746,-73.19
100,90,11.6,-32.18,-73.05
100,90,11.92,-33.114,-74.24
100,90,12.24,-28.224,-70.48
100,90,12.56,-27.08,-71.15
100,90,12.88,-34.936,-80.14
100,90,13.2,-26.81,-73.59
100,90,13.52,-35.652,-81.66
100,90,13.84,-30.838,-78.32
100,90,14.16,-32.316,-80.54
100,90,14.48,-27.224,-79.05
100,90,14.8,-23.11,-71.12
100,90,15.12,-26.96,-73.39
100,90,15.44,-28.716,-75.03
100,90,15.76,-31.418,-78.61
100,90,16.08,-34.652,-82.11
100,90,16.4,-31.85,-81.66
100,90,16.72,-37.598,-87.08
100,90,17.04,-26.106,-77.36
100,90,17.36,-23.556,-76.2
100,90,17.68,-20.782,-73.86
100,90,18,-23.95,-76.76
101,90,2,-8.54,-30.33
101,90,2.32,-11.586,-37.24
101,90,2.64,-21.448,-50.16
101,90,2.96,-6.188,-34.5
101,90,3.28,-18.832,-48.85
101,90,3.6,-20.1,-47.55
101,90,3.92,-29.812,-57.36
101,90,4.24,-30.576,-59.6
101,90,4.56,-26.526,-56.34
101,90,4.88,-21.83,-51.96
101,90,5.2,-23.88,-55.3
101,90,5.52,-22.718,-53
101,90,5.84,-27.802,-59.25
101,90,6.16,-26.58,-58.62
101,90,6.48,-27.126,-61.21
101,90,6.8,-48.29,-81.79
101,90,7.12,-33.156,-67.75
101,90,7.44,-26.686,-61.02
101,90,7.76,-27.518,-62.74
101,90,8.08,-35.806,-70.61
101,90,8.4,-35.94,-71.32
101,90,8.72,-30.158,-67.46
101,90,9.04,-28.174,-65.96
101,90,9.36,-32.044,-70.11
101,90,9.68,-33.21,-72.1
101,90,10,-31.56,-70.63
101,90,10.32,-36.952,-76.58
101,90,10.64,-33.138,-73.15
101,90,10.96,-30.716,-70.7
101,90,11.28,-41.756,-82.2
101,90,11.6,-37.37,-78.24
101,90,11.92,-35.734,-76.86
101,90,12.24,-43.474,-85.73
101,90,12.56,-27.67,-71.74
101,90,12.88,-29.236,-74.44
101,90,13.2,-24.96,-71.74
101,90,13.52,-35.662,-81.67
101,90,13.84,-31.718,-79.2
101,90,14.16,-25.436,-73.66
101,90,14.48,-24.524,-76.35
101,90,14.8,-24.31,-72.32
101,90,15.12,-24.33,-70.76
101,90,15.44,-31.076,-77.39
101,90,15.76,-39.648,-86.84
101,90,16.08,-32.902,-80.36
101,90,16.4,-32.97,-82.78
101,90,16.72,-42.968,-92.45
101,90,17.04,-35.386,-86.64
101,90,17.36,-29.996,-82.64
101,90,17.68,-25.372,-78.45
101,90,18,-39.12,-91.93
102,90,2,-8.89,-30.68
102,90,2.32,-12.036,-37.69
102,90,2.64,-20.958,-49.67
102,90,2.96,-7.258,-35.57
102,90,3.28,-19.732,-49.75
102,90,3.6,-20.64,-48.09
102,90,3.92,-26.882,-54.43
102,90,4.24,-28.106,-57.13
102,90,4.56,-25.036,-54.85
102,90,4.88,-20.95,-51.08
102,90,5.2,-21.18,-52.6
102,90,5.52,-21.878,-52.16
102,90,5.84,-28.592,-60.04
102,90,6.16,-26.48,-58.52
102,90,6.48,-27.376,-61.46
102,90,6.8,-36.42,-69.92
102,90,7.12,-38.606,-73.2
102,90,7.44,-26.086,-60.42
102,90,7.76,-23.568,-58.79
102,90,8.08,-29.016,-63.82
102,90,8.4,-30.99,-66.37
102,90,8.72,-34.408,-71.71
102,90,9.04,-34.264,-72.05
102,90,9.36,-31.784,-69.85
102,90,9.68,-31.18,-70.07
102,90,10,-26.51,-65.58
102,90,10.32,-34.402,-74.03
102,90,10.64,-30.248,-70.26
102,90,10.96,-33.056,-73.04
102,90,11.28,-36.746,-77.19
102,90,11.6,-28.13,-69
102,90,11.92,-43.824,-84.95
102,90,12.24,-34.404,-76.66
102,90,12.56,-33.39,-77.46
102,90,12.88,-33.146,-78.35
102,90,13.2,-36.22,-83
102,90,13.52,-33.852,-79.86
102,90,13.84,-27.168,-74.65
102,90,14.16,-28.366,-76.59
102,90,14.48,-33.914,-85.74
102,90,14.8,-25.25,-73.26
102,90,15.12,-27.87,-74.3
102,90,15.44,-28.566,-74.88
102,90,15.76,-29.558,-76.75
102,90,16.08,-25.372,-72.83
102,90,16.4,-37.55,-87.36
102,90,16.72,-26.878,-76.36
102,90,17.04,-26.126,-77.38
102,90,17.36,-23.616,-76.26
102,90,17.68,-28.232,-81.31
102,90,18,-29.8,-82.61
103,90,2,-9.36,-31.15
103,90,2.32,-12.376,-38.03
103,90,2.64,-20.428,-49.14
103,90,2.96,-8.568,-36.88
103,90,3.28,-22.012,-52.03
103,90,3.6,-20.87,-48.32
103,90,3.92,-25.442,-52.99
103,90,4.24,-26.196,-55.22
103,90,4.56,-22.436,-52.25
103,90,4.88,-20.45,-50.58
103,90,5.2,-20.15,-51.57
103,90,5.52,-22.378,-52.66
103,90,5.84,-29.662,-61.11
103,90,6.16,-28.11,-60.15
103,90,6.48,-36.356,-70.44
103,90,6.8,-44.09,-77.59
103,90,7.12,-37.366,-71.96
103,90,7.44,-26.526,-60.86
103,90,7.76,-24.368,-59.59
103,90,8.08,-25.516,-60.32
103,90,8.4,-43.69,-79.07
103,90,8.72,-35.338,-72.64
103,90,9.04,-34.864,-72.65
103,90,9.36,-32.144,-70.21
103,90,9.68,-32.98,-71.87
103,90,10,-35.64,-74.71
103,90,10.32,-33.362,-72.99
103,90,10.64,-32.188,-72.2
103,90,10.96,-32.556,-72.54
103,90,11.28,-37.006,-77.45
103,90,11.6,-29.68,-70.55
103,90,11.92,-36.954,-78.08
103,90,12.24,-31.364,-73.62
103,90,12.56,-25.27,-69.34
103,90,12.88,-33.746,-78.95
103,90,13.2,-32.73,-79.51
103,90,13.52,-27.252,-73.26
103,90,13.84,-40.258,-87.74
103,90,14.16,-25.966,-74.19
103,90,14.48,-21.904,-73.73
103,90,14.8,-27.5,-75.51
103,90,15.12,-29.18,-75.61
103,90,15.44,-27.096,-73.41
103,90,15.76,-28.858,-76.05
103,90,16.08,-32.202,-79.66
103,90,16.4,-23.54,-73.35
103,90,16.72,-34.248,-83.73
103,90,17.04,-35.856,-87.11
103,90,17.36,-20.736,-73.38
103,90,17.68,-27.622,-80.7
103,90,18,-23.37,-76.18
104,90,2,-9.98,-31.77
104,90,2.32,-12.966,-38.62
104,90,2.64,-19.448,-48.16
104,90,2.96,-10.398,-38.71
104,90,3.28,-23.942,-53.96
104,90,3.6,-21.32,-48.77
104,90,3.92,-23.142,-50.69
104,90,4.24,-24.216,-53.24
104,90,4.56,-19.456,-49.27
104,90,4.88,-21.51,-51.64
104,90,5.2,-20.29,-51.71
104,90,5.52,-22.928,-53.21
104,90,5.84,-29.352,-60.8
104,90,6.16,-27.67,-59.71
104,90,6.48,-37.616,-71.7
104,90,6.8,-43.41,-76.91
104,90,7.12,-36.356,-70.95
104,90,7.44,-26.626,-60.96
104,90,7.76,-24.748,-59.97
104,90,8.08,-24.136,-58.94
104,90,8.4,-34.12,-69.5
104,90,8.72,-30.118,-67.42
104,90,9.04,-26.414,-64.2
104,90,9.36,-31.134,-69.2
104,90,9.68,-33.9,-72.79
104,90,10,-41.56,-80.63
104,90,10.32,-37.522,-77.15
104,90,10.64,-39.078,-79.09
104,90,10.96,-45.956,-85.94
104,90,11.28,-33.846,-74.29
104,90,11.6,-40.56,-81.43
104,90,11.92,-32.354,-73.48
104,90,12.24,-26.984,-69.24
104,90,12.56,-32.09,-76.16
104,90,12.88,-33.536,-78.74
104,90,13.2,-38.75,-85.53
104,90,13.52,-28.022,-74.03
104,90,13.84,-24.738,-72.22
104,90,14.16,-24.156,-72.38
104,90,14.48,-42.784,-94.61
104,90,14.8,-26.97,-74.98
104,90,15.12,-30.95,-77.38
104,90,15.44,-26.956,-73.27
104,90,15.76,-27.048,-74.24
104,90,16.08,-25.362,-72.82
104,90,16.4,-25.11,-74.92
104,90,16.72,-29.638,-79.12
104,90,17.04,-26.356,-77.61
104,90,17.36,-20.246,-72.89
104,90,17.68,-21.992,-75.07
104,90,18,-23.18,-75.99
105,90,2,-10.68,-32.47
105,90,2.32,-13.526,-39.18
105,90,2.64,-18.468,-47.18
105,90,2.96,-12.518,-40.83
105,90,3.28,-29.172,-59.19
105,90,3.6,-22.01,-49.46
105,90,3.92,-22.152,-49.7
105,90,4.24,-23.376,-52.4
105,90,4.56,-18.406,-48.22
105,90,4.88,-22.72,-52.85
105,90,5.2,-20.65,-52.07
105,90,5.52,-24.218,-54.5
105,90,5.84,-28.602,-60.05
105,90,6.16,-26.45,-58.49
105,90,6.48,-38.216,-72.3
105,90,6.8,-35.01,-68.51
105,90,7.12,-33.906,-68.5
105,90,7.44,-29.116,-63.45
105,90,7.76,-26.378,-61.6
105,90,8.08,-23.336,-58.14
105,90,8.4,-29.42,-64.8
105,90,8.72,-30.798,-68.1
105,90,9.04,-29.184,-66.97
105,90,9.36,-27.044,-65.11
105,90,9.68,-36.13,-75.02
105,90,10,-34.25,-73.32
105,90,10.32,-36.502,-76.13
105,90,10.64,-39.208,-79.22
105,90,10.96,-35.436,-75.42
105,90,11.28,-31.406,-71.85
105,90,11.6,-33.01,-73.88
105,90,11.92,-30.354,-71.48
105,90,12.24,-26.274,-68.53
105,90,12.56,-42.38,-86.45
105,90,12.88,-31.516,-76.72
105,90,13.2,-26.63,-73.41
105,90,13.52,-29.502,-75.51
105,90,13.84,-23.208,-70.69
105,90,14.16,-36.546,-84.77
105,90,14.48,-21.944,-73.77
105,90,14.8,-44.16,-92.17
105,90,15.12,-30.46,-76.89
105,90,15.44,-35.286,-81.6
105,90,15.76,-36.038,-83.23
105,90,16.08,-33.702,-81.16
105,90,16.4,-35.09,-84.9
105,90,16.72,-22.968,-72.45
105,90,17.04,-25.046,-76.3
105,90,17.36,-22.266,-74.91
105,90,17.68,-23.802,-76.88
105,90,18,-23.36,-76.17
106,90,2,-11.46,-33.25
106,90,2.32,-13.806,-39.46
106,90,2.64,-17.958,-46.67
106,90,2.96,-15.218,-43.53
106,90,3.28,-30.992,-61.01
106,90,3.6,-21.83,-49.28
106,90,3.92,-20.722,-48.27
106,90,4.24,-22.276,-51.3
106,90,4.56,-17.426,-47.24
106,90,4.88,-25.85,-55.98
106,90,5.2,-21.26,-52.68
106,90,5.52,-24.948,-55.23
106,90,5.84,-28.882,-60.33
106,90,6.16,-26.46,-58.5
106,90,6.48,-37.306,-71.39
106,90,6.8,-30.34,-63.84
106,90,7.12,-29.136,-63.73
106,90,7.44,-39.856,-74.19
106,90,7.76,-33.788,-69.01
106,90,8.08,-26.786,-61.59
106,90,8.4,-28.79,-64.17
106,90,8.72,-29.068,-66.37
106,90,9.04,-30.494,-68.28
106,90,9.36,-33.104,-71.17
106,90,9.68,-47.72,-86.61
106,90,10,-46.19,-85.26
106,90,10.32,-26.912,-66.54
106,90,10.64,-35.508,-75.52
106,90,10.96,-44.416,-84.4
106,90,11.28,-33.376,-73.82
106,90,11.6,-29.02,-69.89
106,90,11.92,-32.304,-73.43
106,90,12.24,-38.544,-80.8
106,90,12.56,-30.69,-74.76
106,90,12.88,-36.366,-81.57
106,90,13.2,-33.08,-79.86
106,90,13.52,-27.992,-74
106,90,13.84,-27.568,-75.05
106,90,14.16,-23.206,-71.43
106,90,14.48,-30.004,-81.83
106,90,14.8,-28.11,-76.12
106,90,15.12,-28.22,-74.65
106,90,15.44,-34.476,-80.79
106,90,15.76,-35.918,-83.11
106,90,16.08,-30.312,-77.77
106,90,16.4,-25.46,-75.27
106,90,16.72,-28.198,-77.68
106,90,17.04,-28.536,-79.79
106,90,17.36,-24.266,-76.91
106,90,17.68,-31.842,-84.92
106,90,18,-21.54,-74.35
107,90,2,-12.5,-34.29
107,90,2.32,-14.186,-39.84
107,90,2.64,-17.118,-45.83
107,90,2.96,-18.478,-46.79
107,90,3.28,-27.182,-57.2
107,90,3.6,-22.74,-50.19
107,90,3.92,-19.682,-47.23
107,90,4.24,-22.106,-51.13
107,90,4.56,-17.176,-46.99
107,90,4.88,-28.05,-58.18
107,90,5.2,-24.32,-55.74
107,90,5.52,-26.108,-56.39
107,90,5.84,-29.612,-61.06
107,90,6.16,-25.59,-57.63
107,90,6.48,-42.516,-76.6
107,90,6.8,-28.58,-62.08
107,90,7.12,-28.786,-63.38
107,90,7.44,-32.686,-67.02
107,90,7.76,-34.508,-69.73
107,90,8.08,-29.676,-64.48
107,90,8.4,-28.35,-63.73
107,90,8.72,-26.718,-64.02
107,90,9.04,-44.204,-81.99
107,90,9.36,-31.664,-69.73
107,90,9.68,-38.49,-77.38
107,90,10,-44.21,-83.28
107,90,10.32,-33.382,-73.01
107,90,10.64,-29.508,-69.52
107,90,10.96,-35.166,-75.15
107,90,11.28,-32.646,-73.09
107,90,11.6,-33.95,-74.82
107,90,11.92,-34.454,-75.58
107,90,12.24,-31.654,-73.91
107,90,12.56,-32.21,-76.28
107,90,12.88,-38.006,-83.21
107,90,13.2,-34.24,-81.02
107,90,13.52,-35.482,-81.49
107,90,13.84,-37.518,-85
107,90,14.16,-24.266,-72.49
107,90,14.48,-22.904,-74.73
107,90,14.8,-29.64,-77.65
107,90,15.12,-27.88,-74.31
107,90,15.44,-27.486,-73.8
107,90,15.76,-27.198,-74.39
107,90,16.08,-26.102,-73.56
107,90,16.4,-23.56,-73.37
107,90,16.72,-27.998,-77.48
107,90,17.04,-24.256,-75.51
107,90,17.36,-24.746,-77.39
107,90,17.68,-19.012,-72.09
107,90,18,-26.58,-79.39
108,90,2,-13.6,-35.39
108,90,2.32,-14.506,-40.16
108,90,2.64,-17.318,-46.03
108,90,2.96,-21.168,-49.48
108,90,3.28,-22.762,-52.78
108,90,3.6,-23.63,-51.08
108,90,3.92,-19.152,-46.7
108,90,4.24,-22.236,-51.26
108,90,4.56,-17.316,-47.13
108,90,4.88,-26.72,-56.85
108,90,5.2,-25.21,-56.63
108,90,5.52,-28.408,-58.69
108,90,5.84,-30.092,-61.54
108,90,6.16,-24.97,-57.01
108,90,6.48,-35.206,-69.29
108,90,6.8,-27.52,-61.02
108,90,7.12,-25.966,-60.56
108,90,7.44,-25.306,-59.64
108,90,7.76,-34.698,-69.92
108,90,8.08,-42.226,-77.03
108,90,8.4,-32.46,-67.84
108,90,8.72,-26.178,-63.48
108,90,9.04,-35.594,-73.38
108,90,9.36,-27.564,-65.63
108,90,9.68,-28.77,-67.66
108,90,10,-35.05,-74.12
108,90,10.32,-24.662,-64.29
108,90,10.64,-36.278,-76.29
108,90,10.96,-46.416,-86.4
108,90,11.28,-38.806,-79.25
108,90,11.6,-28.4,-69.27
108,90,11.92,-35.964,-77.09
108,90,12.24,-41.734,-83.99
108,90,12.56,-32.12,-76.19
108,90,12.88,-27.846,-73.05
108,90,13.2,-40.61,-87.39
108,90,13.52,-28.352,-74.36
108,90,13.84,-38.548,-86.03
108,90,14.16,-31.006,-79.23
108,90,14.48,-23.964,-75.79
108,90,14.8,-31.4,-79.41
108,90,15.12,-33.61,-80.04
108,90,15.44,-36.436,-82.75
108,90,15.76,-27.808,-75
108,90,16.08,-34.242,-81.7
108,90,16.4,-28.52,-78.33
108,90,16.72,-34.928,-84.41
108,90,17.04,-23.726,-74.98
108,90,17.36,-20.976,-73.62
108,90,17.68,-26.772,-79.85
108,90,18,-24.86,-77.67
109,90,2,-15.12,-36.91
109,90,2.32,-14.926,-40.58
109,90,2.64,-17.128,-45.84
109,90,2.96,-22.648,-50.96
109,90,3.28,-19.202,-49.22
109,90,3.6,-23.85,-51.3
109,90,3.92,-18.812,-46.36
109,90,4.24,-22.236,-51.26
109,90,4.56,-18.866,-48.68
109,90,4.88,-26.35,-56.48
109,90,5.2,-28.96,-60.38
109,90,5.52,-29.248,-59.53
109,90,5.84,-34.142,-65.59
109,90,6.16,-23.06,-55.1
109,90,6.48,-28.006,-62.09
109,90,6.8,-25.61,-59.11
109,90,7.12,-26.266,-60.86
109,90,7.44,-21.516,-55.85
109,90,7.76,-31.118,-66.34
109,90,8.08,-31.606,-66.41
109,90,8.4,-38.08,-73.46
109,90,8.72,-29.298,-66.6
109,90,9.04,-29.274,-67.06
109,90,9.36,-31.714,-69.78
109,90,9.68,-31.47,-70.36
109,90,10,-28.51,-67.58
109,90,10.32,-24.062,-63.69
109,90,10.64,-37.718,-77.73
109,90,10.96,-33.806,-73.79
109,90,11.28,-40.066,-80.51
109,90,11.6,-33.32,-74.19
109,90,11.92,-36.234,-77.36
109,90,12.24,-28.944,-71.2
109,90,12.56,-33.86,-77.93
109,90,12.88,-30.186,-75.39
109,90,13.2,-23.58,-70.36
109,90,13.52,-24.142,-70.15
109,90,13.84,-28.258,-75.74
109,90,14.16,-23.496,-71.72
109,90,14.48,-30.644,-82.47
109,90,14.8,-23.34,-71.35
109,90,15.12,-34.16,-80.59
109,90,15.44,-24.416,-70.73
109,90,15.76,-41.428,-88.62
109,90,16.08,-29.802,-77.26
109,90,16.4,-30.11,-79.92
109,90,16.72,-24.638,-74.12
109,90,17.04,-19.286,-70.54
109,90,17.36,-20.156,-72.8
109,90,17.68,-24.362,-77.44
109,90,18,-29.33,-82.14
110,90,2,-16.55,-38.34
110,90,2.32,-15.506,-41.16
110,90,2.64,-17.288,-46
110,90,2.96,-22.418,-50.73
110,90,3.28,-17.282,-47.3
110,90,3.6,-22.78,-50.23
110,90,3.92,-18.722,-46.27
110,90,4.24,-21.946,-50.97
110,90,4.56,-20.176,-49.99
110,90,4.88,-26.59,-56.72
110,90,5.2,-26.32,-57.74
110,90,5.52,-27.688,-57.97
110,90,5.84,-37.592,-69.04
110,90,6.16,-22.41,-54.45
110,90,6.48,-24.506,-58.59
110,90,6.8,-27.92,-61.42
110,90,7.12,-24.056,-58.65
110,90,7.44,-20.486,-54.82
110,90,7.76,-26.928,-62.15
110,90,8.08,-28.056,-62.86
110,90,8.4,-37.27,-72.65
110,90,8.72,-23.778,-61.08
110,90,9.04,-32.914,-70.7
110,90,9.36,-34.084,-72.15
110,90,9.68,-32.89,-71.78
110,90,10,-25.2,-64.27
110,90,10.32,-25.602,-65.23
110,90,10.64,-39.288,-79.3
110,90,10.96,-29.366,-69.35
110,90,11.28,-36.446,-76.89
110,90,11.6,-32.21,-73.08
110,90,11.92,-38.654,-79.78
110,90,12.24,-31.104,-73.36
110,90,12.56,-34.93,-79
110,90,12.88,-31.006,-76.21
110,90,13.2,-25.05,-71.83
110,90,13.52,-30.062,-76.07
110,90,13.84,-34.088,-81.57
110,90,14.16,-21.936,-70.16
110,90,14.48,-23.624,-75.45
110,90,14.8,-22.78,-70.79
110,90,15.12,-26.78,-73.21
110,90,15.44,-31.426,-77.74
110,90,15.76,-24.738,-71.93
110,90,16.08,-25.472,-72.93
110,90,16.4,-26.19,-76
110,90,16.72,-24.688,-74.17
110,90,17.04,-38.486,-89.74
110,90,17.36,-25.666,-78.31
110,90,17.68,-27.372,-80.45
110,90,18,-20.78,-73.59
111,90,2,-18.6,-40.39
111,90,2.32,-16.436,-42.09
111,90,2.64,-17.888,-46.6
111,90,2.96,-21.748,-50.06
111,90,3.28,-15.672,-45.69
111,90,3.6,-21.47,-48.92
111,90,3.92,-18.762,-46.31
111,90,4.24,-23.236,-52.26
111,90,4.56,-25.166,-54.98
111,90,4.88,-25.68,-55.81
111,90,5.2,-25.99,-57.41
111,90,5.52,-27.158,-57.44
111,90,5.84,-31.652,-63.1
111,90,6.16,-20.78,-52.82
111,90,6.48,-23.336,-57.42
111,90,6.8,-32.17,-65.67
111,90,7.12,-22.256,-56.85
111,90,7.44,-21.736,-56.07
111,90,7.76,-27.958,-63.18
111,90,8.08,-29.886,-64.69
111,90,8.4,-34.76,-70.14
111,90,8.72,-24.958,-62.26
111,90,9.04,-39.294,-77.08
111,90,9.36,-29.614,-67.68
111,90,9.68,-26.7,-65.59
111,90,10,-30.63,-69.7
111,90,10.32,-24.102,-63.73
111,90,10.64,-34.178,-74.19
111,90,10.96,-29.666,-69.65
111,90,11.28,-34.126,-74.57
111,90,11.6,-39.73,-80.6
111,90,11.92,-42.374,-83.5
111,90,12.24,-31.444,-73.7
111,90,12.56,-30.97,-75.04
111,90,12.88,-29.836,-75.04
111,90,13.2,-24.47,-71.25
111,90,13.52,-30.242,-76.25
111,90,13.84,-31.008,-78.49
111,90,14.16,-24.906,-73.13
111,90,14.48,-19.854,-71.68
111,90,14.8,-41.68,-89.69
111,90,15.12,-24.77,-71.2
111,90,15.44,-36.866,-83.18
111,90,15.76,-43.278,-90.47
111,90,16.08,-28.452,-75.91
111,90,16.4,-25.35,-75.16
111,90,16.72,-35.798,-85.28
111,90,17.04,-21.576,-72.83
111,90,17.36,-22.436,-75.08
111,90,17.68,-22.882,-75.96
111,90,18,-27.5,-80.31
112,90,2,-21.53,-43.32
112,90,2.32,-16.896,-42.55
112,90,2.64,-18.408,-47.12
112,90,2.96,-19.708,-48.02
112,90,3.28,-14.872,-44.89
112,90,3.6,-20.5,-47.95
112,90,3.92,-18.682,-46.23
112,90,4.24,-23.486,-52.51
112,90,4.56,-29.166,-58.98
112,90,4.88,-27.65,-57.78
112,90,5.2,-22.73,-54.15
112,90,5.52,-24.388,-54.67
112,90,5.84,-32.332,-63.78
112,90,6.16,-20.18,-52.22
112,90,6.48,-22.226,-56.31
112,90,6.8,-30.47,-63.97
112,90,7.12,-21.026,-55.62
112,90,7.44,-23.256,-57.59
112,90,7.76,-26.368,-61.59
112,90,8.08,-43.896,-78.7
112,90,8.4,-30.16,-65.54
112,90,8.72,-25.858,-63.16
112,90,9.04,-38.354,-76.14
112,90,9.36,-26.634,-64.7
112,90,9.68,-26.75,-65.64
112,90,10,-28.35,-67.42
112,90,10.32,-23.492,-63.12
112,90,10.64,-33.718,-73.73
112,90,10.96,-32.366,-72.35
112,90,11.28,-30.746,-71.19
112,90,11.6,-28.62,-69.49
112,90,11.92,-37.924,-79.05
112,90,12.24,-29.844,-72.1
112,90,12.56,-33.83,-77.9
112,90,12.88,-40.046,-85.25
112,90,13.2,-24.26,-71.04
112,90,13.52,-35.172,-81.18
112,90,13.84,-25.388,-72.87
112,90,14.16,-32.276,-80.5
112,90,14.48,-20.224,-72.05
112,90,14.8,-34,-82.01
112,90,15.12,-28.23,-74.66
112,90,15.44,-28.926,-75.24
112,90,15.76,-24.718,-71.91
112,90,16.08,-35.872,-83.33
112,90,16.4,-27.37,-77.18
112,90,16.72,-30.368,-79.85
112,90,17.04,-21.796,-73.05
112,90,17.36,-19.736,-72.38
112,90,17.68,-20.602,-73.68
112,90,18,-25.59,-78.4
113,90,2,-23.75,-45.54
113,90,2.32,-18.306,-43.96
113,90,2.64,-18.788,-47.5
113,90,2.96,-17.288,-45.6
113,90,3.28,-14.142,-44.16
113,90,3.6,-19.7,-47.15
113,90,3.92,-19.362,-46.91
113,90,4.24,-24.336,-53.36
113,90,4.56,-43.516,-73.33
113,90,4.88,-28.84,-58.97
113,90,5.2,-20.41,-51.83
113,90,5.52,-23.108,-53.39
113,90,5.84,-34.222,-65.67
113,90,6.16,-19.35,-51.39
113,90,6.48,-24.606,-58.69
113,90,6.8,-29.07,-62.57
113,90,7.12,-20.396,-54.99
113,90,7.44,-23.586,-57.92
113,90,7.76,-28.158,-63.38
113,90,8.08,-29.866,-64.67
113,90,8.4,-27.56,-62.94
113,90,8.72,-28.608,-65.91
113,90,9.04,-28.114,-65.9
113,90,9.36,-25.344,-63.41
113,90,9.68,-32.45,-71.34
113,90,10,-39.43,-78.5
113,90,10.32,-24.842,-64.47
113,90,10.64,-26.798,-66.81
113,90,10.96,-40.826,-80.81
113,90,11.28,-25.276,-65.72
113,90,11.6,-33.64,-74.51
113,90,11.92,-29.704,-70.83
113,90,12.24,-29.744,-72
113,90,12.56,-32.55,-76.62
113,90,12.88,-26.176,-71.38
113,90,13.2,-24.11,-70.89
113,90,13.52,-35.592,-81.6
113,90,13.84,-30.878,-78.36
113,90,14.16,-25.536,-73.76
113,90,14.48,-24.154,-75.98
113,90,14.8,-27.69,-75.7
113,90,15.12,-29.73,-76.16
113,90,15.44,-39.936,-86.25
113,90,15.76,-32.018,-79.21
113,90,16.08,-23.632,-71.09
113,90,16.4,-26.21,-76.02
113,90,16.72,-25.538,-75.02
113,90,17.04,-20.346,-71.6
113,90,17.36,-28.836,-81.48
113,90,17.68,-19.482,-72.56
113,90,18,-20.98,-73.79
114,90,2,-27.24,-49.03
114,90,2.32,-19.546,-45.2
114,90,2.64,-18.938,-47.65
114,90,2.96,-14.528,-42.84
114,90,3.28,-14.152,-44.17
114,90,3.6,-19.5,-46.95
114,90,3.92,-19.682,-47.23
114,90,4.24,-24.496,-53.52
114,90,4.56,-28.946,-58.76
114,90,4.88,-30.09,-60.22
114,90,5.2,-17.63,-49.05
114,90,5.52,-21.488,-51.77
114,90,5.84,-34.442,-65.89
114,90,6.16,-19.26,-51.3
114,90,6.48,-26.006,-60.09
114,90,6.8,-27.21,-60.71
114,90,7.12,-22.296,-56.89
114,90,7.44,-24.356,-58.69
114,90,7.76,-28.698,-63.92
114,90,8.08,-25.406,-60.21
114,90,8.4,-26.56,-61.94
114,90,8.72,-28.438,-65.74
114,90,9.04,-27.354,-65.14
114,90,9.36,-26.294,-64.36
114,90,9.68,-36.89,-75.78
114,90,10,-35.47,-74.54
114,90,10.32,-30.232,-69.86
114,90,10.64,-30.078,-70.09
114,90,10.96,-28.536,-68.52
114,90,11.28,-27.966,-68.41
114,90,11.6,-28.04,-68.91
114,90,11.92,-28.484,-69.61
114,90,12.24,-31.134,-73.39
114,90,12.56,-28.74,-72.81
114,90,12.88,-34.156,-79.36
114,90,13.2,-32.34,-79.12
114,90,13.52,-25.832,-71.84
114,90,13.84,-40.478,-87.96
114,90,14.16,-26.136,-74.36
114,90,14.48,-27.064,-78.89
114,90,14.8,-31.36,-79.37
114,90,15.12,-29.55,-75.98
114,90,15.44,-26.476,-72.79
114,90,15.76,-31.438,-78.63
114,90,16.08,-23.172,-70.63
114,90,16.4,-22.09,-71.9
114,90,16.72,-27.508,-76.99
114,90,17.04,-21.396,-72.65
114,90,17.36,-28.866,-81.51
114,90,17.68,-18.852,-71.93
114,90,18,-27.21,-80.02
115,90,2,-30.06,-51.85
115,90,2.32,-20.746,-46.4
115,90,2.64,-18.548,-47.26
115,90,2.96,-12.298,-40.61
115,90,3.28,-14.802,-44.82
115,90,3.6,-19.29,-46.74
115,90,3.92,-19.972,-47.52
115,90,4.24,-24.466,-53.49
115,90,4.56,-25.816,-55.63
115,90,4.88,-26.64,-56.77
115,90,5.2,-16.45,-47.87
115,90,5.52,-20.388,-50.67
115,90,5.84,-29.552,-61
115,90,6.16,-18.74,-50.78
115,90,6.48,-24.526,-58.61
115,90,6.8,-30.02,-63.52
115,90,7.12,-26.146,-60.74
115,90,7.44,-26.346,-60.68
115,90,7.76,-28.388,-63.61
115,90,8.08,-24.726,-59.53
115,90,8.4,-25.51,-60.89
115,90,8.72,-27.428,-64.73
115,90,9.04,-25.464,-63.25
115,90,9.36,-30.194,-68.26
115,90,9.68,-29.03,-67.92
115,90,10,-26.46,-65.53
115,90,10.32,-31.642,-71.27
115,90,10.64,-28.708,-68.72
115,90,10.96,-31.106,-71.09
115,90,11.28,-29.816,-70.26
115,90,11.6,-31.11,-71.98
115,90,11.92,-26.444,-67.57
115,90,12.24,-34.504,-76.76
115,90,12.56,-25.86,-69.93
115,90,12.88,-31.766,-76.97
115,90,13.2,-24.08,-70.86
115,90,13.52,-25.482,-71.49
115,90,13.84,-27.848,-75.33
115,90,14.16,-18.596,-66.82
115,90,14.48,-21.934,-73.76
115,90,14.8,-31.13,-79.14
115,90,15.12,-25.22,-71.65
115,90,15.44,-28.996,-75.31
115,90,15.76,-25.028,-72.22
115,90,16.08,-29.902,-77.36
115,90,16.4,-26.79,-76.6
115,90,16.72,-27.208,-76.69
115,90,17.04,-27.396,-78.65
115,90,17.36,-25.416,-78.06
115,90,17.68,-29.282,-82.36
115,90,18,-27.4,-80.21
116,90,2,-30.72,-52.51
116,90,2.32,-22.276,-47.93
116,90,2.64,-18.448,-47.16
116,90,2.96,-10.188,-38.5
116,90,3.28,-15.992,-46.01
116,90,3.6,-20.24,-47.69
116,90,3.92,-20.892,-48.44
116,90,4.24,-23.606,-52.63
116,90,4.56,-24.406,-54.22
116,90,4.88,-23.94,-54.07
116,90,5.2,-15.33,-46.75
116,90,5.52,-19.278,-49.56
116,90,5.84,-28.892,-60.34
116,90,6.16,-18.87,-50.91
116,90,6.48,-24.636,-58.72
116,90,6.8,-29.85,-63.35
116,90,7.12,-35.996,-70.59
116,90,7.44,-29.096,-63.43
116,90,7.76,-28.288,-63.51
116,90,8.08,-28.046,-62.85
116,90,8.4,-29.57,-64.95
116,90,8.72,-26.398,-63.7
116,90,9.04,-23.774,-61.56
116,90,9.36,-28.454,-66.52
116,90,9.68,-27.64,-66.53
116,90,10,-24.66,-63.73
116,90,10.32,-31.422,-71.05
116,90,10.64,-29.078,-69.09
116,90,10.96,-26.036,-66.02
116,90,11.28,-30.966,-71.41
116,90,11.6,-32.95,-73.82
116,90,11.92,-30.614,-71.74
116,90,12.24,-42.114,-84.37
116,90,12.56,-38.45,-82.52
116,90,12.88,-37.246,-82.45
116,90,13.2,-28.63,-75.41
116,90,13.52,-36.412,-82.42
116,90,13.84,-27.798,-75.28
116,90,14.16,-27.576,-75.8
116,90,14.48,-22.614,-74.44
116,90,14.8,-31.42,-79.43
116,90,15.12,-27.21,-73.64
116,90,15.44,-28.576,-74.89
116,90,15.76,-29.918,-77.11
116,90,16.08,-38.112,-85.57
116,90,16.4,-20.33,-70.14
116,90,16.72,-22.708,-72.19
116,90,17.04,-39.146,-90.4
116,90,17.36,-33.776,-86.42
116,90,17.68,-32.292,-85.37
116,90,18,-23.84,-76.65
117,90,2,-29.9,-51.69
117,90,2.32,-23.176,-48.83
117,90,2.64,-18.388,-47.1
117,90,2.96,-8.428,-36.74
117,90,3.28,-17.312,-47.33
117,90,3.6,-20.54,-47.99
117,90,3.92,-21.632,-49.18
117,90,4.24,-23.396,-52.42
117,90,4.56,-23.126,-52.94
117,90,4.88,-21.65,-51.78
117,90,5.2,-15.11,-46.53
117,90,5.52,-18.138,-48.42
117,90,5.84,-25.612,-57.06
117,90,6.16,-18.92,-50.96
117,90,6.48,-24.556,-58.64
117,90,6.8,-28.34,-61.84
117,90,7.12,-29.576,-64.17
117,90,7.44,-31.906,-66.24
117,90,7.76,-27.108,-62.33
117,90,8.08,-38.046,-72.85
117,90,8.4,-25.98,-61.36
117,90,8.72,-27.348,-64.65
117,90,9.04,-25.114,-62.9
117,90,9.36,-33.924,-71.99
117,90,9.68,-30.49,-69.38
117,90,10,-26.17,-65.24
117,90,10.32,-30.512,-70.14
117,90,10.64,-31.388,-71.4
117,90,10.96,-26.406,-66.39
117,90,11.28,-29.846,-70.29
117,90,11.6,-32.68,-73.55
117,90,11.92,-30.444,-71.57
117,90,12.24,-38.324,-80.58
117,90,12.56,-31.32,-75.39
117,90,12.88,-31.456,-76.66
117,90,13.2,-28.16,-74.94
117,90,13.52,-37.222,-83.23
117,90,13.84,-24.278,-71.76
117,90,14.16,-26.236,-74.46
117,90,14.48,-26.104,-77.93
117,90,14.8,-56.26,-104.27
117,90,15.12,-34.2,-80.63
117,90,15.44,-38.416,-84.73
117,90,15.76,-30.878,-78.07
117,90,16.08,-30.962,-78.42
117,90,16.4,-20.71,-70.52
117,90,16.72,-29.208,-78.69
117,90,17.04,-25.146,-76.4
117,90,17.36,-28.596,-81.24
117,90,17.68,-23.662,-76.74
117,90,18,-22.38,-75.19
118,90,2,-29.81,-51.6
118,90,2.32,-22.446,-48.1
118,90,2.64,-18.148,-46.86
118,90,2.96,-7.008,-35.32
118,90,3.28,-20.202,-50.22
118,90,3.6,-21.78,-49.23
118,90,3.92,-22.162,-49.71
118,90,4.24,-21.806,-50.83
118,90,4.56,-21.666,-51.48
118,90,4.88,-19.49,-49.62
118,90,5.2,-15.46,-46.88
118,90,5.52,-17.098,-47.38
118,90,5.84,-23.752,-55.2
118,90,6.16,-18.3,-50.34
118,90,6.48,-26.006,-60.09
118,90,6.8,-28.48,-61.98
118,90,7.12,-26.426,-61.02
118,90,7.44,-29.056,-63.39
118,90,7.76,-24.758,-59.98
118,90,8.08,-31.746,-66.55
118,90,8.4,-25.83,-61.21
118,90,8.72,-25.638,-62.94
118,90,9.04,-27.574,-65.36
118,90,9.36,-25.114,-63.18
118,90,9.68,-32.54,-71.43
118,90,10,-35.94,-75.01
118,90,10.32,-30.042,-69.67
118,90,10.64,-33.228,-73.24
118,90,10.96,-26.076,-66.06
118,90,11.28,-41.466,-81.91
118,90,11.6,-28.39,-69.26
118,90,11.92,-28.004,-69.13
118,90,12.24,-31.454,-73.71
118,90,12.56,-26.8,-70.87
118,90,12.88,-36.156,-81.36
118,90,13.2,-24.88,-71.66
118,90,13.52,-23.912,-69.92
118,90,13.84,-38.238,-85.72
118,90,14.16,-26.606,-74.83
118,90,14.48,-24.594,-76.42
118,90,14.8,-29.43,-77.44
118,90,15.12,-31.49,-77.92
118,90,15.44,-49.396,-95.71
118,90,15.76,-31.078,-78.27
118,90,16.08,-31.072,-78.53
118,90,16.4,-21.47,-71.28
118,90,16.72,-39.308,-88.79
118,90,17.04,-23.146,-74.4
118,90,17.36,-19.396,-72.04
118,90,17.68,-28.462,-81.54
118,90,18,-24.07,-76.88
119,90,2,-27.01,-48.8
119,90,2.32,-21.686,-47.34
119,90,2.64,-18.168,-46.88
119,90,2.96,-6.158,-34.47
119,90,3.28,-25.402,-55.42
119,90,3.6,-23.13,-50.58
119,90,3.92,-22.542,-50.09
119,90,4.24,-19.246,-48.27
119,90,4.56,-18.586,-48.4
119,90,4.88,-17.63,-47.76
119,90,5.2,-16.19,-47.61
119,90,5.52,-16.788,-47.07
119,90,5.84,-23.242,-54.69
119,90,6.16,-17.67,-49.71
119,90,6.48,-28.186,-62.27
119,90,6.8,-28.76,-62.26
119,90,7.12,-28.716,-63.31
119,90,7.44,-24.466,-58.8
119,90,7.76,-23.908,-59.13
119,90,8.08,-29.076,-63.88
119,90,8.4,-27.09,-62.47
119,90,8.72,-26.778,-64.08
119,90,9.04,-38.744,-76.53
119,90,9.36,-23.264,-61.33
119,90,9.68,-26.92,-65.81
119,90,10,-30.55,-69.62
119,90,10.32,-29.352,-68.98
119,90,10.64,-49.338,-89.35
119,90,10.96,-25.146,-65.13
119,90,11.28,-31.246,-71.69
119,90,11.6,-27.35,-68.22
119,90,11.92,-33.164,-74.29
119,90,12.24,-34.314,-76.57
119,90,12.56,-31.45,-75.52
119,90,12.88,-30.606,-75.81
119,90,13.2,-28.49,-75.27
119,90,13.52,-29.182,-75.19
119,90,13.84,-33.628,-81.11
119,90,14.16,-26.716,-74.94
119,90,14.48,-27.584,-79.41
119,90,14.8,-33.08,-81.09
119,90,15.12,-27.93,-74.36
119,90,15.44,-32.296,-78.61
119,90,15.76,-30.588,-77.78
119,90,16.08,-32.622,-80.08
119,90,16.4,-25.9,-75.71
119,90,16.72,-27.678,-77.16
119,90,17.04,-23.896,-75.15
119,90,17.36,-33.926,-86.57
119,90,17.68,-27.342,-80.42
119,90,18,-28.81,-81.62
120,90,2,-29.1,-50.89
120,90,2.32,-20.366,-46.02
120,90,2.64,-18.728,-47.44
120,90,2.96,-5.52800000000001,-33.84
120,90,3.28,-42.892,-72.91
120,90,3.6,-23.86,-51.31
120,90,3.92,-22.132,-49.68
120,90,4.24,-17.706,-46.73
120,90,4.56,-15.456,-45.27
120,90,4.88,-16.23,-46.36
120,90,5.2,-17.37,-48.79
120,90,5.52,-16.608,-46.89
120,90,5.84,-23.412,-54.86
120,90,6.16,-18.38,-50.42
120,90,6.48,-34.816,-68.9
120,90,6.8,-31.58,-65.08
120,90,7.12,-31.456,-66.05
120,90,7.44,-22.406,-56.74
120,90,7.76,-29.348,-64.57
120,90,8.08,-26.516,-61.32
120,90,8.4,-30.54,-65.92
120,90,8.72,-30.238,-67.54
120,90,9.04,-38.374,-76.16
120,90,9.36,-24.844,-62.91
120,90,9.68,-27.85,-66.74
120,90,10,-24.26,-63.33
120,90,10.32,-32.112,-71.74
120,90,10.64,-35.848,-75.86
120,90,10.96,-27.666,-67.65
120,90,11.28,-27.276,-67.72
120,90,11.6,-24.85,-65.72
120,90,11.92,-32.554,-73.68
120,90,12.24,-40.474,-82.73
120,90,12.56,-37.33,-81.4
120,90,12.88,-35.716,-80.92
120,90,13.2,-27.23,-74.01
120,90,13.52,-27.012,-73.02
120,90,13.84,-25.668,-73.15
120,90,14.16,-21.596,-69.82
120,90,14.48,-34.204,-86.03
120,90,14.8,-51.78,-99.79
120,90,15.12,-23.1,-69.53
120,90,15.44,-37.446,-83.76
120,90,15.76,-26.788,-73.98
120,90,16.08,-27.732,-75.19
120,90,16.4,-34.61,-84.42
120,90,16.72,-18.908,-68.39
120,90,17.04,-36.176,-87.43
120,90,17.36,-16.426,-69.07
120,90,17.68,-23.972,-77.05
120,90,18,-18.55,-71.36
121,90,2,-30.95,-52.74
121,90,2.32,-19.816,-45.47
121,90,2.64,-18.678,-47.39
121,90,2.96,-5.27800000000001,-33.59
121,90,3.28,-34.262,-64.28
121,90,3.6,-23.03,-50.48
121,90,3.92,-22.072,-49.62
121,90,4.24,-16.406,-45.43
121,90,4.56,-13.366,-43.18
121,90,4.88,-15.51,-45.64
121,90,5.2,-18.2,-49.62
121,90,5.52,-16.678,-46.96
121,90,5.84,-24.042,-55.49
121,90,6.16,-19.39,-51.43
121,90,6.48,-32.666,-66.75
121,90,6.8,-25.86,-59.36
121,90,7.12,-31.206,-65.8
121,90,7.44,-21.726,-56.06
121,90,7.76,-36.208,-71.43
121,90,8.08,-27.006,-61.81
121,90,8.4,-31.76,-67.14
121,90,8.72,-34.188,-71.49
121,90,9.04,-36.964,-74.75
121,90,9.36,-33.034,-71.1
121,90,9.68,-26.21,-65.1
121,90,10,-22.88,-61.95
121,90,10.32,-36.042,-75.67
121,90,10.64,-34.228,-74.24
121,90,10.96,-40.256,-80.24
121,90,11.28,-31.046,-71.49
121,90,11.6,-37.06,-77.93
121,90,11.92,-29.044,-70.17
121,90,12.24,-51.964,-94.22
121,90,12.56,-27.4,-71.47
121,90,12.88,-25.226,-70.43
121,90,13.2,-30.02,-76.8
121,90,13.52,-28.922,-74.93
121,90,13.84,-29.938,-77.42
121,90,14.16,-32.966,-81.19
121,90,14.48,-30.604,-82.43
121,90,14.8,-22.53,-70.54
121,90,15.12,-25.3,-71.73
121,90,15.44,-31.426,-77.74
121,90,15.76,-41.528,-88.72
121,90,16.08,-38.342,-85.8
121,90,16.4,-29.6,-79.41
121,90,16.72,-25.778,-75.26
121,90,17.04,-27.976,-79.23
121,90,17.36,-22.076,-74.72
121,90,17.68,-24.352,-77.43
121,90,18,-42.8,-95.61
122,90,2,-33.7,-55.49
122,90,2.32,-19.146,-44.8
122,90,2.64,-19.538,-48.25
122,90,2.96,-5.248,-33.56
122,90,3.28,-24.772,-54.79
122,90,3.6,-22.14,-49.59
122,90,3.92,-21.672,-49.22
122,90,4.24,-15.376,-44.4
122,90,4.56,-11.796,-41.61
122,90,4.88,-15.27,-45.4
122,90,5.2,-17.75,-49.17
122,90,5.52,-17.248,-47.53
122,90,5.84,-25.982,-57.43
122,90,6.16,-22.03,-54.07
122,90,6.48,-24.606,-58.69
122,90,6.8,-24.92,-58.42
122,90,7.12,-24.626,-59.22
122,90,7.44,-23.206,-57.54
122,90,7.76,-31.508,-66.73
122,90,8.08,-31.146,-65.95
122,90,8.4,-32.35,-67.73
122,90,8.72,-34.268,-71.57
122,90,9.04,-33.524,-71.31
122,90,9.36,-30.734,-68.8
122,90,9.68,-30.74,-69.63
122,90,10,-22.96,-62.03
122,90,10.32,-29.812,-69.44
122,90,10.64,-35.968,-75.98
122,90,10.96,-33.706,-73.69
122,90,11.28,-41.586,-82.03
122,90,11.6,-35.77,-76.64
122,90,11.92,-29.534,-70.66
122,90,12.24,-29.464,-71.72
122,90,12.56,-28.92,-72.99
122,90,12.88,-28.606,-73.81
122,90,13.2,-29.08,-75.86
122,90,13.52,-27.402,-73.41
122,90,13.84,-27.608,-75.09
122,90,14.16,-24.186,-72.41
122,90,14.48,-34.164,-85.99
122,90,14.8,-25.27,-73.28
122,90,15.12,-30.84,-77.27
122,90,15.44,-30.866,-77.18
122,90,15.76,-23.308,-70.5
122,90,16.08,-35.722,-83.18
122,90,16.4,-26.58,-76.39
122,90,16.72,-27.098,-76.58
122,90,17.04,-29.926,-81.18
122,90,17.36,-20.926,-73.57
122,90,17.68,-33.372,-86.45
122,90,18,-26.42,-79.23
123,90,2,-35.96,-57.75
123,90,2.32,-18.836,-44.49
123,90,2.64,-20.798,-49.51
123,90,2.96,-5.598,-33.91
123,90,3.28,-21.482,-51.5
123,90,3.6,-21.6,-49.05
123,90,3.92,-21.162,-48.71
123,90,4.24,-14.336,-43.36
123,90,4.56,-10.436,-40.25
123,90,4.88,-15.46,-45.59
123,90,5.2,-16.97,-48.39
123,90,5.52,-18.518,-48.8
123,90,5.84,-28.842,-60.29
123,90,6.16,-22.63,-54.67
123,90,6.48,-23.496,-57.58
123,90,6.8,-24.66,-58.16
123,90,7.12,-21.036,-55.63
123,90,7.44,-27.806,-62.14
123,90,7.76,-25.218,-60.44
123,90,8.08,-29.546,-64.35
123,90,8.4,-32.24,-67.62
123,90,8.72,-24.088,-61.39
123,90,9.04,-26.574,-64.36
123,90,9.36,-32.864,-70.93
123,90,9.68,-32.67,-71.56
123,90,10,-23.97,-63.04
123,90,10.32,-29.632,-69.26
123,90,10.64,-29.538,-69.55
123,90,10.96,-34.316,-74.3
123,90,11.28,-28.216,-68.66
123,90,11.6,-29.5,-70.37
123,90,11.92,-50.754,-91.88
123,90,12.24,-31.064,-73.32
123,90,12.56,-28.7,-72.77
123,90,12.88,-32.356,-77.56
123,90,13.2,-31.66,-78.44
123,90,13.52,-28.452,-74.46
123,90,13.84,-35.088,-82.57
123,90,14.16,-24.316,-72.54
123,90,14.48,-23.854,-75.68
123,90,14.8,-26.48,-74.49
123,90,15.12,-24.65,-71.08
123,90,15.44,-29.416,-75.73
123,90,15.76,-30.908,-78.1
123,90,16.08,-45.112,-92.57
123,90,16.4,-24.72,-74.53
123,90,16.72,-33.108,-82.59
123,90,17.04,-23.636,-74.89
123,90,17.36,-34.016,-86.66
123,90,17.68,-29.912,-82.99
123,90,18,-27.51,-80.32
124,90,2,-32.23,-54.02
124,90,2.32,-18.896,-44.55
124,90,2.64,-22.198,-50.91
124,90,2.96,-6.158,-34.47
124,90,3.28,-20.292,-50.31
124,90,3.6,-20.78,-48.23
124,90,3.92,-20.522,-48.07
124,90,4.24,-14.556,-43.58
124,90,4.56,-9.796,-39.61
124,90,4.88,-16.04,-46.17
124,90,5.2,-16.65,-48.07
124,90,5.52,-20.598,-50.88
124,90,5.84,-29.112,-60.56
124,90,6.16,-24.12,-56.16
124,90,6.48,-22.606,-56.69
124,90,6.8,-23.58,-57.08
124,90,7.12,-21.326,-55.92
124,90,7.44,-36.866,-71.2
124,90,7.76,-19.258,-54.48
124,90,8.08,-29.166,-63.97
124,90,8.4,-31.57,-66.95
124,90,8.72,-25.048,-62.35
124,90,9.04,-26.894,-64.68
124,90,9.36,-24.284,-62.35
124,90,9.68,-34.91,-73.8
124,90,10,-30.9,-69.97
124,90,10.32,-29.892,-69.52
124,90,10.64,-35.788,-75.8
124,90,10.96,-27.256,-67.24
124,90,11.28,-27.956,-68.4
124,90,11.6,-38.74,-79.61
124,90,11.92,-29.164,-70.29
124,90,12.24,-39.324,-81.58
124,90,12.56,-34.5,-78.57
124,90,12.88,-29.496,-74.7
124,90,13.2,-29.2,-75.98
124,90,13.52,-26.402,-72.41
124,90,13.84,-31.318,-78.8
124,90,14.16,-58.606,-106.83
124,90,14.48,-23.024,-74.85
124,90,14.8,-23.33,-71.34
124,90,15.12,-28.59,-75.02
124,90,15.44,-26.446,-72.76
124,90,15.76,-29.098,-76.29
124,90,16.08,-38.782,-86.24
124,90,16.4,-21.82,-71.63
124,90,16.72,-21.678,-71.16
124,90,17.04,-25.256,-76.51
124,90,17.36,-20.836,-73.48
124,90,17.68,-29.352,-82.43
124,90,18,-24.34,-77.15
125,90,2,-27,-48.79
125,90,2.32,-19.496,-45.15
125,90,2.64,-24.238,-52.95
125,90,2.96,-6.998,-35.31
125,90,3.28,-18.582,-48.6
125,90,3.6,-20.75,-48.2
125,90,3.92,-19.722,-47.27
125,90,4.24,-14.946,-43.97
125,90,4.56,-9.416,-39.23
125,90,4.88,-17.11,-47.24
125,90,5.2,-17.45,-48.87
125,90,5.52,-22.558,-52.84
125,90,5.84,-28.152,-59.6
125,90,6.16,-23.14,-55.18
125,90,6.48,-23.286,-57.37
125,90,6.8,-25.74,-59.24
125,90,7.12,-23.256,-57.85
125,90,7.44,-33.456,-67.79
125,90,7.76,-17.118,-52.34
125,90,8.08,-36.206,-71.01
125,90,8.4,-30.64,-66.02
125,90,8.72,-28.988,-66.29
125,90,9.04,-26.884,-64.67
125,90,9.36,-21.874,-59.94
125,90,9.68,-37.97,-76.86
125,90,10,-30.72,-69.79
125,90,10.32,-29.342,-68.97
125,90,10.64,-40.648,-80.66
125,90,10.96,-22.956,-62.94
125,90,11.28,-28.946,-69.39
125,90,11.6,-29.28,-70.15
125,90,11.92,-27.314,-68.44
125,90,12.24,-35.364,-77.62
125,90,12.56,-36.25,-80.32
125,90,12.88,-26.616,-71.82
125,90,13.2,-25.35,-72.13
125,90,13.52,-25.852,-71.86
125,90,13.84,-35.538,-83.02
125,90,14.16,-19.366,-67.59
125,90,14.48,-21.084,-72.91
125,90,14.8,-24.2,-72.21
125,90,15.12,-32.63,-79.06
125,90,15.44,-28.216,-74.53
125,90,15.76,-30.108,-77.3
125,90,16.08,-27.622,-75.08
125,90,16.4,-25.29,-75.1
125,90,16.72,-27.908,-77.39
125,90,17.04,-25.706,-76.96
125,90,17.36,-29.046,-81.69
125,90,17.68,-30.402,-83.48
125,90,18,-27.82,-80.63
126,90,2,-23.31,-45.1
126,90,2.32,-20.466,-46.12
126,90,2.64,-25.908,-54.62
126,90,2.96,-7.95800000000001,-36.27
126,90,3.28,-17.392,-47.41
126,90,3.6,-21.85,-49.3
126,90,3.92,-19.082,-46.63
126,90,4.24,-16.026,-45.05
126,90,4.56,-9.346,-39.16
126,90,4.88,-18.89,-49.02
126,90,5.2,-18.1,-49.52
126,90,5.52,-24.378,-54.66
126,90,5.84,-25.512,-56.96
126,90,6.16,-21.05,-53.09
126,90,6.48,-23.626,-57.71
126,90,6.8,-28.2,-61.7
126,90,7.12,-31.176,-65.77
126,90,7.44,-31.446,-65.78
126,90,7.76,-16.918,-52.14
126,90,8.08,-55.706,-90.51
126,90,8.4,-25.77,-61.15
126,90,8.72,-38.008,-75.31
126,90,9.04,-32.784,-70.57
126,90,9.36,-22.434,-60.5
126,90,9.68,-33.01,-71.9
126,90,10,-27.47,-66.54
126,90,10.32,-31.592,-71.22
126,90,10.64,-32.868,-72.88
126,90,10.96,-23.376,-63.36
126,90,11.28,-25.556,-66
126,90,11.6,-29.23,-70.1
126,90,11.92,-29.404,-70.53
126,90,12.24,-40.754,-83.01
126,90,12.56,-36.47,-80.54
126,90,12.88,-32.396,-77.6
126,90,13.2,-23.84,-70.62
126,90,13.52,-32.302,-78.31
126,90,13.84,-26.458,-73.94
126,90,14.16,-26.246,-74.47
126,90,14.48,-30.554,-82.38
126,90,14.8,-22.01,-70.02
126,90,15.12,-37.03,-83.46
126,90,15.44,-26.116,-72.43
126,90,15.76,-26.508,-73.7
126,90,16.08,-35.572,-83.03
126,90,16.4,-24.17,-73.98
126,90,16.72,-25.498,-74.98
126,90,17.04,-29.716,-80.97
126,90,17.36,-24.796,-77.44
126,90,17.68,-20.062,-73.14
126,90,18,-29.64,-82.45
127,90,2,-20.86,-42.65
127,90,2.32,-21.806,-47.46
127,90,2.64,-26.008,-54.72
127,90,2.96,-8.918,-37.23
127,90,3.28,-15.432,-45.45
127,90,3.6,-22.79,-50.24
127,90,3.92,-17.712,-45.26
127,90,4.24,-16.336,-45.36
127,90,4.56,-9.936,-39.75
127,90,4.88,-20.05,-50.18
127,90,5.2,-18.51,-49.93
127,90,5.52,-24.658,-54.94
127,90,5.84,-24.362,-55.81
127,90,6.16,-19.61,-51.65
127,90,6.48,-24.666,-58.75
127,90,6.8,-31.55,-65.05
127,90,7.12,-45.496,-80.09
127,90,7.44,-28.096,-62.43
127,90,7.76,-17.248,-52.47
127,90,8.08,-35.456,-70.26
127,90,8.4,-28.83,-64.21
127,90,8.72,-32.598,-69.9
127,90,9.04,-42.774,-80.56
127,90,9.36,-23.984,-62.05
127,90,9.68,-28.79,-67.68
127,90,10,-26.22,-65.29
127,90,10.32,-34.442,-74.07
127,90,10.64,-33.878,-73.89
127,90,10.96,-26.816,-66.8
127,90,11.28,-25.186,-65.63
127,90,11.6,-42.21,-83.08
127,90,11.92,-27.344,-68.47
127,90,12.24,-27.894,-70.15
127,90,12.56,-27.67,-71.74
127,90,12.88,-28.236,-73.44
127,90,13.2,-23.94,-70.72
127,90,13.52,-23.962,-69.97
127,90,13.84,-23.628,-71.11
127,90,14.16,-41.246,-89.47
127,90,14.48,-22.784,-74.61
127,90,14.8,-31.8,-79.81
127,90,15.12,-24.87,-71.3
127,90,15.44,-27.166,-73.48
127,90,15.76,-37.738,-84.93
127,90,16.08,-28.822,-76.28
127,90,16.4,-30.31,-80.12
127,90,16.72,-27.158,-76.64
127,90,17.04,-25.686,-76.94
127,90,17.36,-34.406,-87.05
127,90,17.68,-28.222,-81.3
127,90,18,-24.27,-77.08
128,90,2,-19.44,-41.23
128,90,2.32,-24.226,-49.88
128,90,2.64,-25.408,-54.12
128,90,2.96,-10.008,-38.32
128,90,3.28,-13.822,-43.84
128,90,3.6,-23.79,-51.24
128,90,3.92,-17.642,-45.19
128,90,4.24,-17.796,-46.82
128,90,4.56,-11.356,-41.17
128,90,4.88,-20.57,-50.7
128,90,5.2,-19.24,-50.66
128,90,5.52,-24.138,-54.42
128,90,5.84,-23.272,-54.72
128,90,6.16,-19.43,-51.47
128,90,6.48,-23.646,-57.73
128,90,6.8,-31.28,-64.78
128,90,7.12,-33.136,-67.73
128,90,7.44,-25.796,-60.13
128,90,7.76,-19.138,-54.36
128,90,8.08,-30.746,-65.55
128,90,8.4,-29.56,-64.94
128,90,8.72,-38.998,-76.3
128,90,9.04,-36.834,-74.62
128,90,9.36,-32.884,-70.95
128,90,9.68,-24.86,-63.75
128,90,10,-25.29,-64.36
128,90,10.32,-40.392,-80.02
128,90,10.64,-29.808,-69.82
128,90,10.96,-30.296,-70.28
128,90,11.28,-31.286,-71.73
128,90,11.6,-32.15,-73.02
128,90,11.92,-25.154,-66.28
128,90,12.24,-23.774,-66.03
128,90,12.56,-22.73,-66.8
128,90,12.88,-29.996,-75.2
128,90,13.2,-28.61,-75.39
128,90,13.52,-30.272,-76.28
128,90,13.84,-25.108,-72.59
128,90,14.16,-24.596,-72.82
128,90,14.48,-22.884,-74.71
128,90,14.8,-24.46,-72.47
128,90,15.12,-22.05,-68.48
128,90,15.44,-35.496,-81.81
128,90,15.76,-24.398,-71.59
128,90,16.08,-36.842,-84.3
128,90,16.4,-38.93,-88.74
128,90,16.72,-26.858,-76.34
128,90,17.04,-27.196,-78.45
128,90,17.36,-19.016,-71.66
128,90,17.68,-27.772,-80.85
128,90,18,-23.14,-75.95
129,90,2,-17.75,-39.54
129,90,2.32,-26.466,-52.12
129,90,2.64,-22.798,-51.51
129,90,2.96,-10.848,-39.16
129,90,3.28,-12.592,-42.61
129,90,3.6,-22.29,-49.74
129,90,3.92,-17.532,-45.08
129,90,4.24,-17.626,-46.65
129,90,4.56,-13.976,-43.79
129,90,4.88,-19.45,-49.58
129,90,5.2,-18.64,-50.06
129,90,5.52,-23.538,-53.82
129,90,5.84,-21.962,-53.41
129,90,6.16,-18.35,-50.39
129,90,6.48,-22.546,-56.63
129,90,6.8,-30.18,-63.68
129,90,7.12,-35.366,-69.96
129,90,7.44,-23.596,-57.93
129,90,7.76,-21.268,-56.49
129,90,8.08,-29.396,-64.2
129,90,8.4,-28.54,-63.92
129,90,8.72,-29.718,-67.02
129,90,9.04,-32.054,-69.84
129,90,9.36,-32.764,-70.83
129,90,9.68,-21.94,-60.83
129,90,10,-23.47,-62.54
129,90,10.32,-32.522,-72.15
129,90,10.64,-28.988,-69
129,90,10.96,-34.366,-74.35
129,90,11.28,-30.066,-70.51
129,90,11.6,-35.93,-76.8
129,90,11.92,-27.404,-68.53
129,90,12.24,-30.474,-72.73
129,90,12.56,-31.8,-75.87
129,90,12.88,-51.946,-97.15
129,90,13.2,-23.62,-70.4
129,90,13.52,-25.532,-71.54
129,90,13.84,-37.468,-84.95
129,90,14.16,-25.086,-73.31
129,90,14.48,-21.404,-73.23
129,90,14.8,-26.1,-74.11
129,90,15.12,-23.68,-70.11
129,90,15.44,-29.966,-76.28
129,90,15.76,-36.618,-83.81
129,90,16.08,-29.842,-77.3
129,90,16.4,-25.75,-75.56
129,90,16.72,-24.008,-73.49
129,90,17.04,-25.536,-76.79
129,90,17.36,-22.526,-75.17
129,90,17.68,-19.802,-72.88
129,90,18,-30.6,-83.41
130,90,2,-16.56,-38.35
130,90,2.32,-29.736,-55.39
130,90,2.64,-20.898,-49.61
130,90,2.96,-10.938,-39.25
130,90,3.28,-11.732,-41.75
130,90,3.6,-19.21,-46.66
130,90,3.92,-17.882,-45.43
130,90,4.24,-17.036,-46.06
130,90,4.56,-17.206,-47.02
130,90,4.88,-18.25,-48.38
130,90,5.2,-18.27,-49.69
130,90,5.52,-22.588,-52.87
130,90,5.84,-20.942,-52.39
130,90,6.16,-19.26,-51.3
130,90,6.48,-23.586,-57.67
130,90,6.8,-26.72,-60.22
130,90,7.12,-31.576,-66.17
130,90,7.44,-23.436,-57.77
130,90,7.76,-27.598,-62.82
130,90,8.08,-26.356,-61.16
130,90,8.4,-29.96,-65.34
130,90,8.72,-32.108,-69.41
130,90,9.04,-36.874,-74.66
130,90,9.36,-28.164,-66.23
130,90,9.68,-22.95,-61.84
130,90,10,-24.73,-63.8
130,90,10.32,-27.892,-67.52
130,90,10.64,-35.808,-75.82
130,90,10.96,-29.076,-69.06
130,90,11.28,-37.896,-78.34
130,90,11.6,-32.33,-73.2
130,90,11.92,-32.404,-73.53
130,90,12.24,-29.514,-71.77
130,90,12.56,-30.31,-74.38
130,90,12.88,-27.216,-72.42
130,90,13.2,-24.62,-71.4
130,90,13.52,-24.402,-70.41
130,90,13.84,-26.898,-74.38
130,90,14.16,-22.866,-71.09
130,90,14.48,-23.184,-75.01
130,90,14.8,-27.71,-75.72
130,90,15.12,-21.11,-67.54
130,90,15.44,-31.846,-78.16
130,90,15.76,-23.458,-70.65
130,90,16.08,-32.012,-79.47
130,90,16.4,-21.64,-71.45
130,90,16.72,-36.558,-86.04
130,90,17.04,-19.666,-70.92
130,90,17.36,-20.406,-73.05
130,90,17.68,-30.402,-83.48
130,90,18,-24.17,-76.98
131,90,2,-15.95,-37.74
131,90,2.32,-33.996,-59.65
131,90,2.64,-19.828,-48.54
131,90,2.96,-10.568,-38.88
131,90,3.28,-11.492,-41.51
131,90,3.6,-16.39,-43.84
131,90,3.92,-19.052,-46.6
131,90,4.24,-15.986,-45.01
131,90,4.56,-20.706,-50.52
131,90,4.88,-16.91,-47.04
131,90,5.2,-18.11,-49.53
131,90,5.52,-21.408,-51.69
131,90,5.84,-21.062,-52.51
131,90,6.16,-18.8,-50.84
131,90,6.48,-23.096,-57.18
131,90,6.8,-22.42,-55.92
131,90,7.12,-31.396,-65.99
131,90,7.44,-24.746,-59.08
131,90,7.76,-30.168,-65.39
131,90,8.08,-28.996,-63.8
131,90,8.4,-30.53,-65.91
131,90,8.72,-27.788,-65.09
131,90,9.04,-32.104,-69.89
131,90,9.36,-38.384,-76.45
131,90,9.68,-26.17,-65.06
131,90,10,-25.61,-64.68
131,90,10.32,-26.662,-66.29
131,90,10.64,-34.808,-74.82
131,90,10.96,-22.146,-62.13
131,90,11.28,-33.646,-74.09
131,90,11.6,-33.65,-74.52
131,90,11.92,-25.904,-67.03
131,90,12.24,-30.214,-72.47
131,90,12.56,-26.89,-70.96
131,90,12.88,-24.906,-70.11
131,90,13.2,-30.45,-77.23
131,90,13.52,-24.592,-70.6
131,90,13.84,-46.228,-93.71
131,90,14.16,-37.016,-85.24
131,90,14.48,-31.724,-83.55
131,90,14.8,-28.89,-76.9
131,90,15.12,-37.47,-83.9
131,90,15.44,-32.486,-78.8
131,90,15.76,-27.618,-74.81
131,90,16.08,-27.882,-75.34
131,90,16.4,-21.29,-71.1
131,90,16.72,-18.468,-67.95
131,90,17.04,-21.786,-73.04
131,90,17.36,-29.006,-81.65
131,90,17.68,-22.742,-75.82
131,90,18,-20.32,-73.13
132,90,2,-15.4,-37.19
132,90,2.32,-30.826,-56.48
132,90,2.64,-18.898,-47.61
132,90,2.96,-9.918,-38.23
132,90,3.28,-11.492,-41.51
132,90,3.6,-14.78,-42.23
132,90,3.92,-20.112,-47.66
132,90,4.24,-15.946,-44.97
132,90,4.56,-22.446,-52.26
132,90,4.88,-15.23,-45.36
132,90,5.2,-18.2,-49.62
132,90,5.52,-22.258,-52.54
132,90,5.84,-19.472,-50.92
132,90,6.16,-18.93,-50.97
132,90,6.48,-22.806,-56.89
132,90,6.8,-21.91,-55.41
132,90,7.12,-26.916,-61.51
132,90,7.44,-26.006,-60.34
132,90,7.76,-34.478,-69.7
132,90,8.08,-32.256,-67.06
132,90,8.4,-36.15,-71.53
132,90,8.72,-29.078,-66.38
132,90,9.04,-31.014,-68.8
132,90,9.36,-27.974,-66.04
132,90,9.68,-40.33,-79.22
132,90,10,-24.02,-63.09
132,90,10.32,-22.622,-62.25
132,90,10.64,-32.958,-72.97
132,90,10.96,-25.206,-65.19
132,90,11.28,-27.036,-67.48
132,90,11.6,-30.45,-71.32
132,90,11.92,-22.684,-63.81
132,90,12.24,-38.494,-80.75
132,90,12.56,-30.48,-74.55
132,90,12.88,-25.706,-70.91
132,90,13.2,-35.25,-82.03
132,90,13.52,-28.312,-74.32
132,90,13.84,-25.998,-73.48
132,90,14.16,-28.856,-77.08
132,90,14.48,-29.524,-81.35
132,90,14.8,-24.71,-72.72
132,90,15.12,-49.02,-95.45
132,90,15.44,-28.316,-74.63
132,90,15.76,-27.558,-74.75
132,90,16.08,-30.592,-78.05
132,90,16.4,-28.94,-78.75
132,90,16.72,-24.528,-74.01
132,90,17.04,-21.096,-72.35
132,90,17.36,-21.266,-73.91
132,90,17.68,-18.722,-71.8
132,90,18,-18.64,-71.45
133,90,2,-15.06,-36.85
133,90,2.32,-27.696,-53.35
133,90,2.64,-18.868,-47.58
133,90,2.96,-8.748,-37.06
133,90,3.28,-11.792,-41.81
133,90,3.6,-13.22,-40.67
133,90,3.92,-20.522,-48.07
133,90,4.24,-16.636,-45.66
133,90,4.56,-22.366,-52.18
133,90,4.88,-14.46,-44.59
133,90,5.2,-17.31,-48.73
133,90,5.52,-23.398,-53.68
133,90,5.84,-17.632,-49.08
133,90,6.16,-19.56,-51.6
133,90,6.48,-20.806,-54.89
133,90,6.8,-19.5,-53
133,90,7.12,-25.186,-59.78
133,90,7.44,-29.386,-63.72
133,90,7.76,-29.688,-64.91
133,90,8.08,-33.466,-68.27
133,90,8.4,-34.27,-69.65
133,90,8.72,-28.658,-65.96
133,90,9.04,-31.014,-68.8
133,90,9.36,-23.544,-61.61
133,90,9.68,-27.97,-66.86
133,90,10,-23.81,-62.88
133,90,10.32,-34.872,-74.5
133,90,10.64,-26.148,-66.16
133,90,10.96,-33.146,-73.13
133,90,11.28,-28.416,-68.86
133,90,11.6,-36.04,-76.91
133,90,11.92,-24.484,-65.61
133,90,12.24,-31.394,-73.65
133,90,12.56,-28.16,-72.23
133,90,12.88,-46.646,-91.85
133,90,13.2,-24.35,-71.13
133,90,13.52,-31.372,-77.38
133,90,13.84,-32.668,-80.15
133,90,14.16,-21.726,-69.95
133,90,14.48,-26.704,-78.53
133,90,14.8,-22.83,-70.84
133,90,15.12,-25.06,-71.49
133,90,15.44,-27.666,-73.98
133,90,15.76,-25.958,-73.15
133,90,16.08,-30.362,-77.82
133,90,16.4,-28.36,-78.17
133,90,16.72,-37.178,-86.66
133,90,17.04,-27.096,-78.35
133,90,17.36,-23.306,-75.95
133,90,17.68,-24.242,-77.32
133,90,18,-23.17,-75.98
134,90,2,-14.97,-36.76
134,90,2.32,-25.586,-51.24
134,90,2.64,-19.418,-48.13
134,90,2.96,-7.688,-36
134,90,3.28,-12.972,-42.99
134,90,3.6,-12.66,-40.11
134,90,3.92,-20.012,-47.56
134,90,4.24,-17.066,-46.09
134,90,4.56,-19.986,-49.8
134,90,4.88,-13.78,-43.91
134,90,5.2,-16.1,-47.52
134,90,5.52,-26.628,-56.91
134,90,5.84,-16.242,-47.69
134,90,6.16,-21.15,-53.19
134,90,6.48,-20.556,-54.64
134,90,6.8,-19.09,-52.59
134,90,7.12,-23.806,-58.4
134,90,7.44,-28.256,-62.59
134,90,7.76,-23.168,-58.39
134,90,8.08,-28.646,-63.45
134,90,8.4,-37.81,-73.19
134,90,8.72,-27.308,-64.61
134,90,9.04,-39.944,-77.73
134,90,9.36,-24.494,-62.56
134,90,9.68,-25.68,-64.57
134,90,10,-26.79,-65.86
134,90,10.32,-30.022,-69.65
134,90,10.64,-33.438,-73.45
134,90,10.96,-32.676,-72.66
134,90,11.28,-31.316,-71.76
134,90,11.6,-33.47,-74.34
134,90,11.92,-26.384,-67.51
134,90,12.24,-23.544,-65.8
134,90,12.56,-34.13,-78.2
134,90,12.88,-33.766,-78.97
134,90,13.2,-25.95,-72.73
134,90,13.52,-25.962,-71.97
134,90,13.84,-28.998,-76.48
134,90,14.16,-25.406,-73.63
134,90,14.48,-23.354,-75.18
134,90,14.8,-25.9,-73.91
134,90,15.12,-26.96,-73.39
134,90,15.44,-27.096,-73.41
134,90,15.76,-37.718,-84.91
134,90,16.08,-24.172,-71.63
134,90,16.4,-25.55,-75.36
134,90,16.72,-20.688,-70.17
134,90,17.04,-22.236,-73.49
134,90,17.36,-19.036,-71.68
134,90,17.68,-19.572,-72.65
134,90,18,-31.6,-84.41
135,90,2,-15.34,-37.13
135,90,2.32,-24.866,-50.52
135,90,2.64,-20.848,-49.56
135,90,2.96,-6.668,-34.98
135,90,3.28,-14.402,-44.42
135,90,3.6,-12.61,-40.06
135,90,3.92,-19.802,-47.35
135,90,4.24,-18.066,-47.09
135,90,4.56,-16.266,-46.08
135,90,4.88,-14.15,-44.28
135,90,5.2,-14,-45.42
135,90,5.52,-39.958,-70.24
135,90,5.84,-15.632,-47.08
135,90,6.16,-22.43,-54.47
135,90,6.48,-20.506,-54.59
135,90,6.8,-19.88,-53.38
135,90,7.12,-24.856,-59.45
135,90,7.44,-27.296,-61.63
135,90,7.76,-21.668,-56.89
135,90,8.08,-27.096,-61.9
135,90,8.4,-26.76,-62.14
135,90,8.72,-25.418,-62.72
135,90,9.04,-28.764,-66.55
135,90,9.36,-24.324,-62.39
135,90,9.68,-27.7,-66.59
135,90,10,-24.67,-63.74
135,90,10.32,-23.692,-63.32
135,90,10.64,-30.758,-70.77
135,90,10.96,-33.236,-73.22
135,90,11.28,-33.816,-74.26
135,90,11.6,-28.05,-68.92
135,90,11.92,-32.094,-73.22
135,90,12.24,-30.144,-72.4
135,90,12.56,-26.82,-70.89
135,90,12.88,-26.666,-71.87
135,90,13.2,-22.49,-69.27
135,90,13.52,-32.292,-78.3
135,90,13.84,-29.668,-77.15
135,90,14.16,-22.816,-71.04
135,90,14.48,-24.584,-76.41
135,90,14.8,-28.69,-76.7
135,90,15.12,-24.73,-71.16
135,90,15.44,-32.656,-78.97
135,90,15.76,-26.848,-74.04
135,90,16.08,-26.422,-73.88
135,90,16.4,-27.32,-77.13
135,90,16.72,-24.978,-74.46
135,90,17.04,-26.436,-77.69
135,90,17.36,-24.426,-77.07
135,90,17.68,-18.222,-71.3
135,90,18,-36.55,-89.36
136,90,2,-15.67,-37.46
136,90,2.32,-24.106,-49.76
136,90,2.64,-23.118,-51.83
136,90,2.96,-5.718,-34.03
136,90,3.28,-15.412,-45.43
136,90,3.6,-13.31,-40.76
136,90,3.92,-19.302,-46.85
136,90,4.24,-18.836,-47.86
136,90,4.56,-12.916,-42.73
136,90,4.88,-15.29,-45.42
136,90,5.2,-14.06,-45.48
136,90,5.52,-35.728,-66.01
136,90,5.84,-15.732,-47.18
136,90,6.16,-21.11,-53.15
136,90,6.48,-21.216,-55.3
136,90,6.8,-19.92,-53.42
136,90,7.12,-28.106,-62.7
136,90,7.44,-27.136,-61.47
136,90,7.76,-22.108,-57.33
136,90,8.08,-28.936,-63.74
136,90,8.4,-24.42,-59.8
136,90,8.72,-24.228,-61.53
136,90,9.04,-23.654,-61.44
136,90,9.36,-21.434,-59.5
136,90,9.68,-25.84,-64.73
136,90,10,-25.69,-64.76
136,90,10.32,-25.522,-65.15
136,90,10.64,-31.708,-71.72
136,90,10.96,-30.176,-70.16
136,90,11.28,-37.296,-77.74
136,90,11.6,-29.86,-70.73
136,90,11.92,-31.164,-72.29
136,90,12.24,-32.874,-75.13
136,90,12.56,-27.81,-71.88
136,90,12.88,-24.316,-69.52
136,90,13.2,-26.92,-73.7
136,90,13.52,-26.792,-72.8
136,90,13.84,-30.158,-77.64
136,90,14.16,-27.646,-75.87
136,90,14.48,-19.724,-71.55
136,90,14.8,-26.23,-74.24
136,90,15.12,-25.49,-71.92
136,90,15.44,-23.336,-69.65
136,90,15.76,-37.288,-84.48
136,90,16.08,-44.342,-91.8
136,90,16.4,-25.83,-75.64
136,90,16.72,-29.418,-78.9
136,90,17.04,-24.946,-76.2
136,90,17.36,-28.776,-81.42
136,90,17.68,-27.462,-80.54
136,90,18,-30.46,-83.27
137,90,2,-16.28,-38.07
137,90,2.32,-23.546,-49.2
137,90,2.64,-27.498,-56.21
137,90,2.96,-4.978,-33.29
137,90,3.28,-17.012,-47.03
137,90,3.6,-14.67,-42.12
137,90,3.92,-19.342,-46.89
137,90,4.24,-18.476,-47.5
137,90,4.56,-10.666,-40.48
137,90,4.88,-15.52,-45.65
137,90,5.2,-14.49,-45.91
137,90,5.52,-25.208,-55.49
137,90,5.84,-16.992,-48.44
137,90,6.16,-20.73,-52.77
137,90,6.48,-21.846,-55.93
137,90,6.8,-19.81,-53.31
137,90,7.12,-37.946,-72.54
137,90,7.44,-27.706,-62.04
137,90,7.76,-21.988,-57.21
137,90,8.08,-27.586,-62.39
137,90,8.4,-26.77,-62.15
137,90,8.72,-22.508,-59.81
137,90,9.04,-22.744,-60.53
137,90,9.36,-20.714,-58.78
137,90,9.68,-31.52,-70.41
137,90,10,-28.54,-67.61
137,90,10.32,-34.912,-74.54
137,90,10.64,-36.318,-76.33
137,90,10.96,-28.496,-68.48
137,90,11.28,-33.356,-73.8
137,90,11.6,-31.63,-72.5
137,90,11.92,-30.814,-71.94
137,90,12.24,-39.464,-81.72
137,90,12.56,-42.52,-86.59
137,90,12.88,-23.576,-68.78
137,90,13.2,-41.26,-88.04
137,90,13.52,-24.182,-70.19
137,90,13.84,-27.558,-75.04
137,90,14.16,-24.716,-72.94
137,90,14.48,-20.184,-72.01
137,90,14.8,-31.7,-79.71
137,90,15.12,-29.27,-75.7
137,90,15.44,-26.416,-72.73
137,90,15.76,-28.988,-76.18
137,90,16.08,-25.332,-72.79
137,90,16.4,-28.61,-78.42
137,90,16.72,-26.468,-75.95
137,90,17.04,-23.126,-74.38
137,90,17.36,-26.586,-79.23
137,90,17.68,-22.692,-75.77
137,90,18,-32.89,-85.7
138,90,2,-17.07,-38.86
138,90,2.32,-23.306,-48.96
138,90,2.64,-31.288,-60
138,90,2.96,-4.678,-32.99
138,90,3.28,-17.332,-47.35
138,90,3.6,-16.34,-43.79
138,90,3.92,-19.262,-46.81
138,90,4.24,-18.976,-48
138,90,4.56,-9.576,-39.39
138,90,4.88,-14.07,-44.2
138,90,5.2,-15.99,-47.41
138,90,5.52,-21.668,-51.95
138,90,5.84,-18.662,-50.11
138,90,6.16,-19.56,-51.6
138,90,6.48,-23.196,-57.28
138,90,6.8,-19.69,-53.19
138,90,7.12,-29.716,-64.31
138,90,7.44,-26.256,-60.59
138,90,7.76,-23.698,-58.92
138,90,8.08,-25.326,-60.13
138,90,8.4,-32.18,-67.56
138,90,8.72,-24.468,-61.77
138,90,9.04,-24.644,-62.43
138,90,9.36,-21.784,-59.85
138,90,9.68,-35.58,-74.47
138,90,10,-30.9,-69.97
138,90,10.32,-32.222,-71.85
138,90,10.64,-30.528,-70.54
138,90,10.96,-27.026,-67.01
138,90,11.28,-26.566,-67.01
138,90,11.6,-39.69,-80.56
138,90,11.92,-30.754,-71.88
138,90,12.24,-30.784,-73.04
138,90,12.56,-27.4,-71.47
138,90,12.88,-31.726,-76.93
138,90,13.2,-30.85,-77.63
138,90,13.52,-26.082,-72.09
138,90,13.84,-30.458,-77.94
138,90,14.16,-21.516,-69.74
138,90,14.48,-28.184,-80.01
138,90,14.8,-24.59,-72.6
138,90,15.12,-28.48,-74.91
138,90,15.44,-24.556,-70.87
138,90,15.76,-32.348,-79.54
138,90,16.08,-26.262,-73.72
138,90,16.4,-34.93,-84.74
138,90,16.72,-24.558,-74.04
138,90,17.04,-29.326,-80.58
138,90,17.36,-29.836,-82.48
138,90,17.68,-28.832,-81.91
138,90,18,-24.4,-77.21
139,90,2,-18.38,-40.17
139,90,2.32,-23.256,-48.91
139,90,2.64,-25.458,-54.17
139,90,2.96,-4.63800000000001,-32.95
139,90,3.28,-17.292,-47.31
139,90,3.6,-19.37,-46.82
139,90,3.92,-18.222,-45.77
139,90,4.24,-18.976,-48
139,90,4.56,-9.516,-39.33
139,90,4.88,-13.18,-43.31
139,90,5.2,-19.26,-50.68
139,90,5.52,-18.118,-48.4
139,90,5.84,-21.192,-52.64
139,90,6.16,-19.19,-51.23
139,90,6.48,-21.746,-55.83
139,90,6.8,-20.31,-53.81
139,90,7.12,-26.256,-60.85
139,90,7.44,-25.906,-60.24
139,90,7.76,-23.408,-58.63
139,90,8.08,-26.806,-61.61
139,90,8.4,-28.92,-64.3
139,90,8.72,-24.998,-62.3
139,90,9.04,-27.104,-64.89
139,90,9.36,-21.684,-59.75
139,90,9.68,-32.95,-71.84
139,90,10,-38.92,-77.99
139,90,10.32,-59.672,-99.3
139,90,10.64,-30.828,-70.84
139,90,10.96,-28.186,-68.17
139,90,11.28,-34.156,-74.6
139,90,11.6,-40.26,-81.13
139,90,11.92,-35.384,-76.51
139,90,12.24,-35.064,-77.32
139,90,12.56,-23.95,-68.02
139,90,12.88,-41.416,-86.62
139,90,13.2,-24.52,-71.3
139,90,13.52,-33.282,-79.29
139,90,13.84,-30.658,-78.14
139,90,14.16,-24.966,-73.19
139,90,14.48,-32.914,-84.74
139,90,14.8,-24.69,-72.7
139,90,15.12,-26.28,-72.71
139,90,15.44,-25.776,-72.09
139,90,15.76,-31.258,-78.45
139,90,16.08,-24.482,-71.94
139,90,16.4,-23.93,-73.74
139,90,16.72,-26.858,-76.34
139,90,17.04,-31.846,-83.1
139,90,17.36,-23.236,-75.88
139,90,17.68,-25.182,-78.26
139,90,18,-20.01,-72.82
140,90,2,-19.59,-41.38
140,90,2.32,-23.216,-48.87
140,90,2.64,-20.768,-49.48
140,90,2.96,-4.878,-33.19
140,90,3.28,-16.512,-46.53
140,90,3.6,-23.01,-50.46
140,90,3.92,-16.352,-43.9
140,90,4.24,-18.526,-47.55
140,90,4.56,-10.556,-40.37
140,90,4.88,-12.62,-42.75
140,90,5.2,-21.95,-53.37
140,90,5.52,-16.298,-46.58
140,90,5.84,-21.702,-53.15
140,90,6.16,-18.78,-50.82
140,90,6.48,-20.716,-54.8
140,90,6.8,-21.81,-55.31
140,90,7.12,-25.696,-60.29
140,90,7.44,-24.516,-58.85
140,90,7.76,-27.238,-62.46
140,90,8.08,-27.106,-61.91
140,90,8.4,-23.74,-59.12
140,90,8.72,-18.528,-55.83
140,90,9.04,-27.704,-65.49
140,90,9.36,-26.814,-64.88
140,90,9.68,-25.86,-64.75
140,90,10,-32.43,-71.5
140,90,10.32,-40.002,-79.63
140,90,10.64,-40.158,-80.17
140,90,10.96,-29.766,-69.75
140,90,11.28,-34.206,-74.65
140,90,11.6,-27.86,-68.73
140,90,11.92,-28.814,-69.94
140,90,12.24,-33.404,-75.66
140,90,12.56,-28.16,-72.23
140,90,12.88,-32.006,-77.21
140,90,13.2,-32.83,-79.61
140,90,13.52,-28.902,-74.91
140,90,13.84,-45.808,-93.29
140,90,14.16,-26.646,-74.87
140,90,14.48,-19.874,-71.7
140,90,14.8,-25.47,-73.48
140,90,15.12,-25.77,-72.2
140,90,15.44,-26.136,-72.45
140,90,15.76,-27.948,-75.14
140,90,16.08,-31.832,-79.29
140,90,16.4,-23.87,-73.68
140,90,16.72,-32.888,-82.37
140,90,17.04,-21.086,-72.34
140,90,17.36,-19.676,-72.32
140,90,17.68,-24.452,-77.53
140,90,18,-24.61,-77.42
141,90,2,-20.83,-42.62
141,90,2.32,-22.246,-47.9
141,90,2.64,-17.818,-46.53
141,90,2.96,-5.418,-33.73
141,90,3.28,-16.552,-46.57
141,90,3.6,-25.06,-52.51
141,90,3.92,-15.592,-43.14
141,90,4.24,-18.616,-47.64
141,90,4.56,-12.886,-42.7
141,90,4.88,-12.26,-42.39
141,90,5.2,-22.18,-53.6
141,90,5.52,-15.128,-45.41
141,90,5.84,-20.732,-52.18
141,90,6.16,-20,-52.04
141,90,6.48,-17.696,-51.78
141,90,6.8,-23.05,-56.55
141,90,7.12,-24.616,-59.21
141,90,7.44,-25.416,-59.75
141,90,7.76,-28.578,-63.8
141,90,8.08,-29.756,-64.56
141,90,8.4,-25.67,-61.05
141,90,8.72,-18.868,-56.17
141,90,9.04,-25.304,-63.09
141,90,9.36,-26.754,-64.82
141,90,9.68,-25.97,-64.86
141,90,10,-23.31,-62.38
141,90,10.32,-35.142,-74.77
141,90,10.64,-35.928,-75.94
141,90,10.96,-38.086,-78.07
141,90,11.28,-26.166,-66.61
141,90,11.6,-31.01,-71.88
141,90,11.92,-29.894,-71.02
141,90,12.24,-31.804,-74.06
141,90,12.56,-46.5,-90.57
141,90,12.88,-35.306,-80.51
141,90,13.2,-25.46,-72.24
141,90,13.52,-25.402,-71.41
141,90,13.84,-24.758,-72.24
141,90,14.16,-34.946,-83.17
141,90,14.48,-18.914,-70.74
141,90,14.8,-23.29,-71.3
141,90,15.12,-29.6,-76.03
141,90,15.44,-25.476,-71.79
141,90,15.76,-24.598,-71.79
141,90,16.08,-24.232,-71.69
141,90,16.4,-24.31,-74.12
141,90,16.72,-27.868,-77.35
141,90,17.04,-17.756,-69.01
141,90,17.36,-19.246,-71.89
141,90,17.68,-20.132,-73.21
141,90,18,-20.55,-73.36
142,90,2,-23.01,-44.8
142,90,2.32,-21.386,-47.04
142,90,2.64,-16.028,-44.74
142,90,2.96,-6.38800000000001,-34.7
142,90,3.28,-15.532,-45.55
142,90,3.6,-24.53,-51.98
142,90,3.92,-14.902,-42.45
142,90,4.24,-17.706,-46.73
142,90,4.56,-15.496,-45.31
142,90,4.88,-12.73,-42.86
142,90,5.2,-19.92,-51.34
142,90,5.52,-15.328,-45.61
142,90,5.84,-19.412,-50.86
142,90,6.16,-22.73,-54.77
142,90,6.48,-17.016,-51.1
142,90,6.8,-22.89,-56.39
142,90,7.12,-26.776,-61.37
142,90,7.44,-29.336,-63.67
142,90,7.76,-24.618,-59.84
142,90,8.08,-32.346,-67.15
142,90,8.4,-28.45,-63.83
142,90,8.72,-18.248,-55.55
142,90,9.04,-24.154,-61.94
142,90,9.36,-30.504,-68.57
142,90,9.68,-31.9,-70.79
142,90,10,-20.99,-60.06
142,90,10.32,-33.842,-73.47
142,90,10.64,-31.988,-72
142,90,10.96,-31.676,-71.66
142,90,11.28,-26.156,-66.6
142,90,11.6,-33.08,-73.95
142,90,11.92,-31.034,-72.16
142,90,12.24,-34.844,-77.1
142,90,12.56,-33.45,-77.52
142,90,12.88,-30.616,-75.82
142,90,13.2,-34.95,-81.73
142,90,13.52,-24.512,-70.52
142,90,13.84,-43.568,-91.05
142,90,14.16,-26.846,-75.07
142,90,14.48,-30.214,-82.04
142,90,14.8,-21.3,-69.31
142,90,15.12,-25.54,-71.97
142,90,15.44,-26.626,-72.94
142,90,15.76,-27.448,-74.64
142,90,16.08,-25.302,-72.76
142,90,16.4,-24.36,-74.17
142,90,16.72,-19.958,-69.44
142,90,17.04,-16.026,-67.28
142,90,17.36,-32.076,-84.72
142,90,17.68,-21.352,-74.43
142,90,18,-25.46,-78.27
143,90,2,-23.76,-45.55
143,90,2.32,-20.196,-45.85
143,90,2.64,-14.928,-43.64
143,90,2.96,-7.988,-36.3
143,90,3.28,-14.812,-44.83
143,90,3.6,-24.55,-52
143,90,3.92,-14.892,-42.44
143,90,4.24,-17.156,-46.18
143,90,4.56,-18.806,-48.62
143,90,4.88,-13.56,-43.69
143,90,5.2,-17.02,-48.44
143,90,5.52,-16.608,-46.89
143,90,5.84,-19.562,-51.01
143,90,6.16,-23.23,-55.27
143,90,6.48,-16.446,-50.53
143,90,6.8,-21.95,-55.45
143,90,7.12,-25.606,-60.2
143,90,7.44,-29.046,-63.38
143,90,7.76,-22.578,-57.8
143,90,8.08,-30.246,-65.05
143,90,8.4,-25.01,-60.39
143,90,8.72,-22.268,-59.57
143,90,9.04,-22.164,-59.95
143,90,9.36,-26.324,-64.39
143,90,9.68,-40.46,-79.35
143,90,10,-21.39,-60.46
143,90,10.32,-28.312,-67.94
143,90,10.64,-29.048,-69.06
143,90,10.96,-27.716,-67.7
143,90,11.28,-28.046,-68.49
143,90,11.6,-37.41,-78.28
143,90,11.92,-25.064,-66.19
143,90,12.24,-29.954,-72.21
143,90,12.56,-49.26,-93.33
143,90,12.88,-31.086,-76.29
143,90,13.2,-23.8,-70.58
143,90,13.52,-24.422,-70.43
143,90,13.84,-35.498,-82.98
143,90,14.16,-23.696,-71.92
143,90,14.48,-28.294,-80.12
143,90,14.8,-28.48,-76.49
143,90,15.12,-29.27,-75.7
143,90,15.44,-33.786,-80.1
143,90,15.76,-32.058,-79.25
143,90,16.08,-31.582,-79.04
143,90,16.4,-27.09,-76.9
143,90,16.72,-21.588,-71.07
143,90,17.04,-21.216,-72.47
143,90,17.36,-21.216,-73.86
143,90,17.68,-29.842,-82.92
143,90,18,-16.14,-68.95
144,90,2,-23.64,-45.43
144,90,2.32,-18.876,-44.53
144,90,2.64,-14.488,-43.2
144,90,2.96,-9.788,-38.1
144,90,3.28,-13.892,-43.91
144,90,3.6,-22.94,-50.39
144,90,3.92,-15.132,-42.68
144,90,4.24,-16.426,-45.45
144,90,4.56,-18.516,-48.33
144,90,4.88,-14.54,-44.67
144,90,5.2,-14.92,-46.34
144,90,5.52,-17.898,-48.18
144,90,5.84,-19.232,-50.68
144,90,6.16,-21.25,-53.29
144,90,6.48,-17.606,-51.69
144,90,6.8,-20.16,-53.66
144,90,7.12,-24.066,-58.66
144,90,7.44,-27.356,-61.69
144,90,7.76,-19.578,-54.8
144,90,8.08,-29.786,-64.59
144,90,8.4,-24.32,-59.7
144,90,8.72,-31.388,-68.69
144,90,9.04,-22.324,-60.11
144,90,9.36,-26.884,-64.95
144,90,9.68,-26.31,-65.2
144,90,10,-20.37,-59.44
144,90,10.32,-26.622,-66.25
144,90,10.64,-26.008,-66.02
144,90,10.96,-34.076,-74.06
144,90,11.28,-27.526,-67.97
144,90,11.6,-36.75,-77.62
144,90,11.92,-29.494,-70.62
144,90,12.24,-41.654,-83.91
144,90,12.56,-28.86,-72.93
144,90,12.88,-27.656,-72.86
144,90,13.2,-23.44,-70.22
144,90,13.52,-31.322,-77.33
144,90,13.84,-45.848,-93.33
144,90,14.16,-24.006,-72.23
144,90,14.48,-19.554,-71.38
144,90,14.8,-30.5,-78.51
144,90,15.12,-26.69,-73.12
144,90,15.44,-21.216,-67.53
144,90,15.76,-28.678,-75.87
144,90,16.08,-27.872,-75.33
144,90,16.4,-49.55,-99.36
144,90,16.72,-34.778,-84.26
144,90,17.04,-30.316,-81.57
144,90,17.36,-20.666,-73.31
144,90,17.68,-23.452,-76.53
144,90,18,-41.17,-93.98
145,90,2,-22.68,-44.47
145,90,2.32,-17.686,-43.34
145,90,2.64,-14.428,-43.14
145,90,2.96,-11.998,-40.31
145,90,3.28,-13.132,-43.15
145,90,3.6,-21.63,-49.08
145,90,3.92,-15.882,-43.43
145,90,4.24,-16.766,-45.79
145,90,4.56,-16.986,-46.8
145,90,4.88,-16.85,-46.98
145,90,5.2,-13.33,-44.75
145,90,5.52,-18.878,-49.16
145,90,5.84,-20.062,-51.51
145,90,6.16,-18.71,-50.75
145,90,6.48,-19.736,-53.82
145,90,6.8,-18.56,-52.06
145,90,7.12,-22.076,-56.67
145,90,7.44,-26.226,-60.56
145,90,7.76,-17.768,-52.99
145,90,8.08,-28.846,-63.65
145,90,8.4,-24.39,-59.77
145,90,8.72,-35.608,-72.91
145,90,9.04,-24.994,-62.78
145,90,9.36,-27.564,-65.63
145,90,9.68,-24.49,-63.38
145,90,10,-22.44,-61.51
145,90,10.32,-23.512,-63.14
145,90,10.64,-30.078,-70.09
145,90,10.96,-26.946,-66.93
145,90,11.28,-29.806,-70.25
145,90,11.6,-31.34,-72.21
145,90,11.92,-30.324,-71.45
145,90,12.24,-27.834,-70.09
145,90,12.56,-35.58,-79.65
145,90,12.88,-33.666,-78.87
145,90,13.2,-22.49,-69.27
145,90,13.52,-25.362,-71.37
145,90,13.84,-23.968,-71.45
145,90,14.16,-31.216,-79.44
145,90,14.48,-21.354,-73.18
145,90,14.8,-27.72,-75.73
145,90,15.12,-28.81,-75.24
145,90,15.44,-20.296,-66.61
145,90,15.76,-28.868,-76.06
145,90,16.08,-32.892,-80.35
145,90,16.4,-21.86,-71.67
145,90,16.72,-25.068,-74.55
145,90,17.04,-34.406,-85.66
145,90,17.36,-18.836,-71.48
145,90,17.68,-21.092,-74.17
145,90,18,-22.7,-75.51
146,90,2,-21.25,-43.04
146,90,2.32,-16.536,-42.19
146,90,2.64,-14.988,-43.7
146,90,2.96,-14.628,-42.94
146,90,3.28,-12.182,-42.2
146,90,3.6,-19.56,-47.01
146,90,3.92,-16.002,-43.55
146,90,4.24,-18.426,-47.45
146,90,4.56,-15.076,-44.89
146,90,4.88,-18.11,-48.24
146,90,5.2,-13.19,-44.61
146,90,5.52,-18.248,-48.53
146,90,5.84,-20.492,-51.94
146,90,6.16,-17.1,-49.14
146,90,6.48,-21.706,-55.79
146,90,6.8,-17.68,-51.18
146,90,7.12,-21.706,-56.3
146,90,7.44,-22.806,-57.14
146,90,7.76,-17.418,-52.64
146,90,8.08,-25.806,-60.61
146,90,8.4,-26.96,-62.34
146,90,8.72,-30.468,-67.77
146,90,9.04,-27.844,-65.63
146,90,9.36,-28.414,-66.48
146,90,9.68,-22.4,-61.29
146,90,10,-34.63,-73.7
146,90,10.32,-26.442,-66.07
146,90,10.64,-29.328,-69.34
146,90,10.96,-23.716,-63.7
146,90,11.28,-27.576,-68.02
146,90,11.6,-23.71,-64.58
146,90,11.92,-26.774,-67.9
146,90,12.24,-23.634,-65.89
146,90,12.56,-38.45,-82.52
146,90,12.88,-25.676,-70.88
146,90,13.2,-27,-73.78
146,90,13.52,-24.062,-70.07
146,90,13.84,-26.588,-74.07
146,90,14.16,-41.266,-89.49
146,90,14.48,-24.714,-76.54
146,90,14.8,-24.78,-72.79
146,90,15.12,-26.07,-72.5
146,90,15.44,-22.956,-69.27
146,90,15.76,-25.988,-73.18
146,90,16.08,-25.282,-72.74
146,90,16.4,-20.52,-70.33
146,90,16.72,-28.328,-77.81
146,90,17.04,-21.766,-73.02
146,90,17.36,-23.846,-76.49
146,90,17.68,-23.942,-77.02
146,90,18,-22.78,-75.59
147,90,2,-19.71,-41.5
147,90,2.32,-15.516,-41.17
147,90,2.64,-15.868,-44.58
147,90,2.96,-16.098,-44.41
147,90,3.28,-11.282,-41.3
147,90,3.6,-18.13,-45.58
147,90,3.92,-15.742,-43.29
147,90,4.24,-19.636,-48.66
147,90,4.56,-13.416,-43.23
147,90,4.88,-18.41,-48.54
147,90,5.2,-13.71,-45.13
147,90,5.52,-17.558,-47.84
147,90,5.84,-20.632,-52.08
147,90,6.16,-15.85,-47.89
147,90,6.48,-21.846,-55.93
147,90,6.8,-16.11,-49.61
147,90,7.12,-22.766,-57.36
147,90,7.44,-23.366,-57.7
147,90,7.76,-18.708,-53.93
147,90,8.08,-25.156,-59.96
147,90,8.4,-29.72,-65.1
147,90,8.72,-24.988,-62.29
147,90,9.04,-25.154,-62.94
147,90,9.36,-28.954,-67.02
147,90,9.68,-27.02,-65.91
147,90,10,-36.41,-75.48
147,90,10.32,-27.872,-67.5
147,90,10.64,-24.908,-64.92
147,90,10.96,-26.586,-66.57
147,90,11.28,-25.416,-65.86
147,90,11.6,-23.92,-64.79
147,90,11.92,-23.504,-64.63
147,90,12.24,-21.994,-64.25
147,90,12.56,-25.97,-70.04
147,90,12.88,-30.256,-75.46
147,90,13.2,-24.71,-71.49
147,90,13.52,-29.702,-75.71
147,90,13.84,-22.728,-70.21
147,90,14.16,-25.896,-74.12
147,90,14.48,-28.934,-80.76
147,90,14.8,-31.34,-79.35
147,90,15.12,-27,-73.43
147,90,15.44,-26.566,-72.88
147,90,15.76,-37.118,-84.31
147,90,16.08,-29.152,-76.61
147,90,16.4,-28.65,-78.46
147,90,16.72,-27.568,-77.05
147,90,17.04,-18.596,-69.85
147,90,17.36,-23.866,-76.51
147,90,17.68,-24.322,-77.4
147,90,18,-32.72,-85.53
148,90,2,-18.07,-39.86
148,90,2.32,-14.426,-40.08
148,90,2.64,-17.048,-45.76
148,90,2.96,-14.888,-43.2
148,90,3.28,-10.622,-40.64
148,90,3.6,-17.06,-44.51
148,90,3.92,-15.392,-42.94
148,90,4.24,-22.546,-51.57
148,90,4.56,-12.606,-42.42
148,90,4.88,-17.22,-47.35
148,90,5.2,-15,-46.42
148,90,5.52,-16.628,-46.91
148,90,5.84,-21.322,-52.77
148,90,6.16,-16.07,-48.11
148,90,6.48,-21.086,-55.17
148,90,6.8,-15.82,-49.32
148,90,7.12,-26.626,-61.22
148,90,7.44,-21.746,-56.08
148,90,7.76,-20.988,-56.21
148,90,8.08,-26.816,-61.62
148,90,8.4,-27.01,-62.39
148,90,8.72,-20.888,-58.19
148,90,9.04,-29.714,-67.5
148,90,9.36,-26.454,-64.52
148,90,9.68,-26.17,-65.06
148,90,10,-34.85,-73.92
148,90,10.32,-25.602,-65.23
148,90,10.64,-30.668,-70.68
148,90,10.96,-26.596,-66.58
148,90,11.28,-23.886,-64.33
148,90,11.6,-28.14,-69.01
148,90,11.92,-22.604,-63.73
148,90,12.24,-25.074,-67.33
148,90,12.56,-35.82,-79.89
148,90,12.88,-25.186,-70.39
148,90,13.2,-33.72,-80.5
148,90,13.52,-27.402,-73.41
148,90,13.84,-23.938,-71.42
148,90,14.16,-24.866,-73.09
148,90,14.48,-23.354,-75.18
148,90,14.8,-25.83,-73.84
148,90,15.12,-36.63,-83.06
148,90,15.44,-24.506,-70.82
148,90,15.76,-26.198,-73.39
148,90,16.08,-23.692,-71.15
148,90,16.4,-27.89,-77.7
148,90,16.72,-38.208,-87.69
148,90,17.04,-27.226,-78.48
148,90,17.36,-40.026,-92.67
148,90,17.68,-23.402,-76.48
148,90,18,-23.72,-76.53
149,90,2,-16.69,-38.48
149,90,2.32,-13.796,-39.45
149,90,2.64,-19.018,-47.73
149,90,2.96,-12.178,-40.49
149,90,3.28,-10.042,-40.06
149,90,3.6,-16.96,-44.41
149,90,3.92,-14.862,-42.41
149,90,4.24,-23.456,-52.48
149,90,4.56,-12.126,-41.94
149,90,4.88,-14.97,-45.1
149,90,5.2,-15.74,-47.16
149,90,5.52,-16.168,-46.45
149,90,5.84,-21.192,-52.64
149,90,6.16,-17.79,-49.83
149,90,6.48,-18.916,-53
149,90,6.8,-16.48,-49.98
149,90,7.12,-28.636,-63.23
149,90,7.44,-20.666,-55
149,90,7.76,-24.198,-59.42
149,90,8.08,-26.816,-61.62
149,90,8.4,-26.52,-61.9
149,90,8.72,-19.158,-56.46
149,90,9.04,-30.514,-68.3
149,90,9.36,-20.844,-58.91
149,90,9.68,-24.34,-63.23
149,90,10,-27.38,-66.45
149,90,10.32,-24.132,-63.76
149,90,10.64,-31.398,-71.41
149,90,10.96,-32.506,-72.49
149,90,11.28,-25.896,-66.34
149,90,11.6,-28.94,-69.81
149,90,11.92,-25.384,-66.51
149,90,12.24,-29.524,-71.78
149,90,12.56,-23.18,-67.25
149,90,12.88,-24.346,-69.55
149,90,13.2,-35.14,-81.92
149,90,13.52,-25.542,-71.55
149,90,13.84,-26.758,-74.24
149,90,14.16,-23.426,-71.65
149,90,14.48,-19.994,-71.82
149,90,14.8,-26.48,-74.49
149,90,15.12,-26.54,-72.97
149,90,15.44,-34.536,-80.85
149,90,15.76,-22.118,-69.31
149,90,16.08,-24.812,-72.27
149,90,16.4,-23.33,-73.14
149,90,16.72,-27.128,-76.61
149,90,17.04,-25.886,-77.14
149,90,17.36,-23.466,-76.11
149,90,17.68,-37.402,-90.48
149,90,18,-25.8,-78.61
150,90,2,-15.58,-37.37
150,90,2.32,-13.286,-38.94
150,90,2.64,-20.698,-49.41
150,90,2.96,-9.498,-37.81
150,90,3.28,-9.062,-39.08
150,90,3.6,-17.38,-44.83
150,90,3.92,-14.952,-42.5
150,90,4.24,-21.826,-50.85
150,90,4.56,-12.786,-42.6
150,90,4.88,-13.08,-43.21
150,90,5.2,-15.18,-46.6
150,90,5.52,-15.618,-45.9
150,90,5.84,-21.462,-52.91
150,90,6.16,-20.33,-52.37
150,90,6.48,-16.726,-50.81
150,90,6.8,-17.67,-51.17
150,90,7.12,-35.556,-70.15
150,90,7.44,-19.246,-53.58
150,90,7.76,-23.278,-58.5
150,90,8.08,-24.486,-59.29
150,90,8.4,-27.57,-62.95
150,90,8.72,-18.418,-55.72
150,90,9.04,-24.504,-62.29
150,90,9.36,-20.604,-58.67
150,90,9.68,-26.33,-65.22
150,90,10,-26.96,-66.03
150,90,10.32,-27.452,-67.08
150,90,10.64,-29.458,-69.47
150,90,10.96,-37.426,-77.41
150,90,11.28,-27.746,-68.19
150,90,11.6,-32.28,-73.15
150,90,11.92,-22.604,-63.73
150,90,12.24,-29.834,-72.09
150,90,12.56,-27.36,-71.43
150,90,12.88,-25.326,-70.53
150,90,13.2,-29.63,-76.41
150,90,13.52,-20.472,-66.48
150,90,13.84,-23.528,-71.01
150,90,14.16,-20.496,-68.72
150,90,14.48,-37.464,-89.29
150,90,14.8,-24.49,-72.5
150,90,15.12,-25.31,-71.74
150,90,15.44,-34.706,-81.02
150,90,15.76,-23.988,-71.18
150,90,16.08,-25.222,-72.68
150,90,16.4,-33.01,-82.82
150,90,16.72,-26.708,-76.19
150,90,17.04,-29.296,-80.55
150,90,17.36,-40.056,-92.7
150,90,17.68,-27.982,-81.06
150,90,18,-26.57,-79.38
151,90,2,-14.49,-36.28
151,90,2.32,-12.716,-38.37
151,90,2.64,-22.278,-50.99
151,90,2.96,-7.298,-35.61
151,90,3.28,-8.232,-38.25
151,90,3.6,-18.69,-46.14
151,90,3.92,-15.482,-43.03
151,90,4.24,-19.626,-48.65
151,90,4.56,-13.846,-43.66
151,90,4.88,-11.85,-41.98
151,90,5.2,-13.72,-45.14
151,90,5.52,-15.348,-45.63
151,90,5.84,-22.292,-53.74
151,90,6.16,-21.63,-53.67
151,90,6.48,-16.136,-50.22
151,90,6.8,-20.98,-54.48
151,90,7.12,-41.416,-76.01
151,90,7.44,-19.846,-54.18
151,90,7.76,-21.878,-57.1
151,90,8.08,-20.256,-55.06
151,90,8.4,-28.56,-63.94
151,90,8.72,-19.958,-57.26
151,90,9.04,-25.714,-63.5
151,90,9.36,-19.894,-57.96
151,90,9.68,-26.28,-65.17
151,90,10,-26.32,-65.39
151,90,10.32,-36.182,-75.81
151,90,10.64,-31.638,-71.65
151,90,10.96,-32.816,-72.8
151,90,11.28,-39.136,-79.58
151,90,11.6,-36.79,-77.66
151,90,11.92,-30.304,-71.43
151,90,12.24,-32.144,-74.4
151,90,12.56,-28.8,-72.87
151,90,12.88,-26.876,-72.08
151,90,13.2,-22.59,-69.37
151,90,13.52,-31.132,-77.14
151,90,13.84,-26.958,-74.44
151,90,14.16,-24.806,-73.03
151,90,14.48,-20.644,-72.47
151,90,14.8,-28.15,-76.16
151,90,15.12,-32.51,-78.94
151,90,15.44,-22.596,-68.91
151,90,15.76,-28.918,-76.11
151,90,16.08,-32.302,-79.76
151,90,16.4,-28.8,-78.61
151,90,16.72,-25.188,-74.67
151,90,17.04,-22.856,-74.11
151,90,17.36,-20.656,-73.3
151,90,17.68,-18.572,-71.65
151,90,18,-20.94,-73.75
152,90,2,-13.44,-35.23
152,90,2.32,-12.246,-37.9
152,90,2.64,-23.398,-52.11
152,90,2.96,-5.478,-33.79
152,90,3.28,-7.892,-37.91
152,90,3.6,-19.29,-46.74
152,90,3.92,-15.702,-43.25
152,90,4.24,-17.326,-46.35
152,90,4.56,-15.436,-45.25
152,90,4.88,-11.17,-41.3
152,90,5.2,-12.3,-43.72
152,90,5.52,-14.618,-44.9
152,90,5.84,-24.202,-55.65
152,90,6.16,-21.61,-53.65
152,90,6.48,-16.426,-50.51
152,90,6.8,-24.33,-57.83
152,90,7.12,-26.266,-60.86
152,90,7.44,-20.986,-55.32
152,90,7.76,-23.508,-58.73
152,90,8.08,-17.916,-52.72
152,90,8.4,-22.32,-57.7
152,90,8.72,-22.588,-59.89
152,90,9.04,-25.014,-62.8
152,90,9.36,-20.754,-58.82
152,90,9.68,-23.69,-62.58
152,90,10,-21.68,-60.75
152,90,10.32,-29.512,-69.14
152,90,10.64,-29.848,-69.86
152,90,10.96,-27.896,-67.88
152,90,11.28,-30.476,-70.92
152,90,11.6,-33.57,-74.44
152,90,11.92,-23.994,-65.12
152,90,12.24,-39.814,-82.07
152,90,12.56,-26.25,-70.32
152,90,12.88,-30.396,-75.6
152,90,13.2,-28.39,-75.17
152,90,13.52,-30.812,-76.82
152,90,13.84,-35.448,-82.93
152,90,14.16,-20.636,-68.86
152,90,14.48,-21.804,-73.63
152,90,14.8,-27.37,-75.38
152,90,15.12,-31.45,-77.88
152,90,15.44,-20.416,-66.73
152,90,15.76,-25.188,-72.38
152,90,16.08,-19.652,-67.11
152,90,16.4,-25.82,-75.63
152,90,16.72,-30.368,-79.85
152,90,17.04,-25.646,-76.9
152,90,17.36,-18.466,-71.11
152,90,17.68,-35.732,-88.81
152,90,18,-39.27,-92.08
153,90,2,-12.6,-34.39
153,90,2.32,-12.196,-37.85
153,90,2.64,-24.008,-52.72
153,90,2.96,-4.178,-32.49
153,90,3.28,-7.652,-37.67
153,90,3.6,-19.48,-46.93
153,90,3.92,-16.492,-44.04
153,90,4.24,-15.216,-44.24
153,90,4.56,-15.656,-45.47
153,90,4.88,-10.99,-41.12
153,90,5.2,-11.24,-42.66
153,90,5.52,-13.748,-44.03
153,90,5.84,-24.172,-55.62
153,90,6.16,-19.52,-51.56
153,90,6.48,-16.386,-50.47
153,90,6.8,-27.7,-61.2
153,90,7.12,-20.756,-55.35
153,90,7.44,-23.936,-58.27
153,90,7.76,-24.348,-59.57
153,90,8.08,-19.216,-54.02
153,90,8.4,-19.82,-55.2
153,90,8.72,-32.448,-69.75
153,90,9.04,-23.214,-61
153,90,9.36,-22.514,-60.58
153,90,9.68,-21.32,-60.21
153,90,10,-22.04,-61.11
153,90,10.32,-27.282,-66.91
153,90,10.64,-25.478,-65.49
153,90,10.96,-36.096,-76.08
153,90,11.28,-28.246,-68.69
153,90,11.6,-31.02,-71.89
153,90,11.92,-28.364,-69.49
153,90,12.24,-33.804,-76.06
153,90,12.56,-30.77,-74.84
153,90,12.88,-36.446,-81.65
153,90,13.2,-25.08,-71.86
153,90,13.52,-44.762,-90.77
153,90,13.84,-37.588,-85.07
153,90,14.16,-24.066,-72.29
153,90,14.48,-26.734,-78.56
153,90,14.8,-21.18,-69.19
153,90,15.12,-26.58,-73.01
153,90,15.44,-25.746,-72.06
153,90,15.76,-24.778,-71.97
153,90,16.08,-28.292,-75.75
153,90,16.4,-35.27,-85.08
153,90,16.72,-21.528,-71.01
153,90,17.04,-24.426,-75.68
153,90,17.36,-28.346,-80.99
153,90,17.68,-29.732,-82.81
153,90,18,-27.11,-79.92
154,90,2,-11.89,-33.68
154,90,2.32,-12.026,-37.68
154,90,2.64,-23.088,-51.8
154,90,2.96,-3.208,-31.52
154,90,3.28,-7.79200000000001,-37.81
154,90,3.6,-19.02,-46.47
154,90,3.92,-17.532,-45.08
154,90,4.24,-13.916,-42.94
154,90,4.56,-15.006,-44.82
154,90,4.88,-10.84,-40.97
154,90,5.2,-10.48,-41.9
154,90,5.52,-13.008,-43.29
154,90,5.84,-20.962,-52.41
154,90,6.16,-19.59,-51.63
154,90,6.48,-15.636,-49.72
154,90,6.8,-33.21,-66.71
154,90,7.12,-19.246,-53.84
154,90,7.44,-24.986,-59.32
154,90,7.76,-25.608,-60.83
154,90,8.08,-22.646,-57.45
154,90,8.4,-19.01,-54.39
154,90,8.72,-35.458,-72.76
154,90,9.04,-21.804,-59.59
154,90,9.36,-28.754,-66.82
154,90,9.68,-20.71,-59.6
154,90,10,-29.27,-68.34
154,90,10.32,-28.122,-67.75
154,90,10.64,-28.098,-68.11
154,90,10.96,-33.696,-73.68
154,90,11.28,-52.936,-93.38
154,90,11.6,-30.05,-70.92
154,90,11.92,-30.384,-71.51
154,90,12.24,-31.524,-73.78
154,90,12.56,-36.64,-80.71
154,90,12.88,-29.596,-74.8
154,90,13.2,-23.26,-70.04
154,90,13.52,-32.092,-78.1
154,90,13.84,-28.238,-75.72
154,90,14.16,-24.476,-72.7
154,90,14.48,-23.414,-75.24
154,90,14.8,-26.42,-74.43
154,90,15.12,-25.45,-71.88
154,90,15.44,-31.286,-77.6
154,90,15.76,-34.398,-81.59
154,90,16.08,-23.642,-71.1
154,90,16.4,-22.3,-72.11
154,90,16.72,-32.018,-81.5
154,90,17.04,-16.876,-68.13
154,90,17.36,-26.856,-79.5
154,90,17.68,-18.452,-71.53
154,90,18,-26.18,-78.99
155,90,2,-11.28,-33.07
155,90,2.32,-11.916,-37.57
155,90,2.64,-20.928,-49.64
155,90,2.96,-2.638,-30.95
155,90,3.28,-7.912,-37.93
155,90,3.6,-17.9,-45.35
155,90,3.92,-18.582,-46.13
155,90,4.24,-12.706,-41.73
155,90,4.56,-14.266,-44.08
155,90,4.88,-11,-41.13
155,90,5.2,-10.18,-41.6
155,90,5.52,-12.018,-42.3
155,90,5.84,-17.552,-49
155,90,6.16,-20.63,-52.67
155,90,6.48,-16.096,-50.18
155,90,6.8,-30.88,-64.38
155,90,7.12,-18.196,-52.79
155,90,7.44,-25.766,-60.1
155,90,7.76,-24.138,-59.36
155,90,8.08,-31.476,-66.28
155,90,8.4,-19.25,-54.63
155,90,8.72,-27.118,-64.42
155,90,9.04,-21.284,-59.07
155,90,9.36,-24.114,-62.18
155,90,9.68,-20.14,-59.03
155,90,10,-33.74,-72.81
155,90,10.32,-38.312,-77.94
155,90,10.64,-28.868,-68.88
155,90,10.96,-34.156,-74.14
155,90,11.28,-31.536,-71.98
155,90,11.6,-39.92,-80.79
155,90,11.92,-30.384,-71.51
155,90,12.24,-29.384,-71.64
155,90,12.56,-36.18,-80.25
155,90,12.88,-46.526,-91.73
155,90,13.2,-27.73,-74.51
155,90,13.52,-31.392,-77.4
155,90,13.84,-25.248,-72.73
155,90,14.16,-25.406,-73.63
155,90,14.48,-24.344,-76.17
155,90,14.8,-26.47,-74.48
155,90,15.12,-27.18,-73.61
155,90,15.44,-30.326,-76.64
155,90,15.76,-30.838,-78.03
155,90,16.08,-27.112,-74.57
155,90,16.4,-25.05,-74.86
155,90,16.72,-24.408,-73.89
155,90,17.04,-27.516,-78.77
155,90,17.36,-19.886,-72.53
155,90,17.68,-24.622,-77.7
155,90,18,-20.46,-73.27
156,90,2,-10.77,-32.56
156,90,2.32,-11.926,-37.58
156,90,2.64,-17.938,-46.65
156,90,2.96,-2.578,-30.89
156,90,3.28,-8.192,-38.21
156,90,3.6,-16.56,-44.01
156,90,3.92,-19.282,-46.83
156,90,4.24,-12.426,-41.45
156,90,4.56,-13.986,-43.8
156,90,4.88,-10.84,-40.97
156,90,5.2,-10.11,-41.53
156,90,5.52,-11.498,-41.78
156,90,5.84,-15.192,-46.64
156,90,6.16,-21.19,-53.23
156,90,6.48,-16.106,-50.19
156,90,6.8,-24.48,-57.98
156,90,7.12,-17.586,-52.18
156,90,7.44,-24.926,-59.26
156,90,7.76,-23.518,-58.74
156,90,8.08,-32.326,-67.13
156,90,8.4,-20.73,-56.11
156,90,8.72,-29.128,-66.43
156,90,9.04,-19.634,-57.42
156,90,9.36,-21.584,-59.65
156,90,9.68,-19.31,-58.2
156,90,10,-33.93,-73
156,90,10.32,-31.412,-71.04
156,90,10.64,-23.158,-63.17
156,90,10.96,-33.366,-73.35
156,90,11.28,-35.526,-75.97
156,90,11.6,-31.94,-72.81
156,90,11.92,-23.174,-64.3
156,90,12.24,-25.114,-67.37
156,90,12.56,-35.09,-79.16
156,90,12.88,-31.836,-77.04
156,90,13.2,-29.06,-75.84
156,90,13.52,-41.512,-87.52
156,90,13.84,-42.458,-89.94
156,90,14.16,-31.986,-80.21
156,90,14.48,-30.534,-82.36
156,90,14.8,-24.42,-72.43
156,90,15.12,-32.23,-78.66
156,90,15.44,-30.546,-76.86
156,90,15.76,-24.958,-72.15
156,90,16.08,-29.572,-77.03
156,90,16.4,-25.55,-75.36
156,90,16.72,-27.728,-77.21
156,90,17.04,-21.456,-72.71
156,90,17.36,-20.226,-72.87
156,90,17.68,-22.412,-75.49
156,90,18,-24.19,-77
157,90,2,-10.32,-32.11
157,90,2.32,-11.996,-37.65
157,90,2.64,-15.338,-44.05
157,90,2.96,-2.778,-31.09
157,90,3.28,-8.57200000000001,-38.59
157,90,3.6,-15.09,-42.54
157,90,3.92,-19.482,-47.03
157,90,4.24,-12.736,-41.76
157,90,4.56,-13.856,-43.67
157,90,4.88,-10.63,-40.76
157,90,5.2,-10.5,-41.92
157,90,5.52,-11.038,-41.32
157,90,5.84,-13.672,-45.12
157,90,6.16,-20.5,-52.54
157,90,6.48,-16.336,-50.42
157,90,6.8,-20.4,-53.9
157,90,7.12,-16.436,-51.03
157,90,7.44,-23.066,-57.4
157,90,7.76,-24.198,-59.42
157,90,8.08,-24.006,-58.81
157,90,8.4,-22.45,-57.83
157,90,8.72,-34.048,-71.35
157,90,9.04,-19.994,-57.78
157,90,9.36,-20.284,-58.35
157,90,9.68,-23.04,-61.93
157,90,10,-29.91,-68.98
157,90,10.32,-29.732,-69.36
157,90,10.64,-27.998,-68.01
157,90,10.96,-33.626,-73.61
157,90,11.28,-35.546,-75.99
157,90,11.6,-32.63,-73.5
157,90,11.92,-29.134,-70.26
157,90,12.24,-29.744,-72
157,90,12.56,-32.77,-76.84
157,90,12.88,-29.116,-74.32
157,90,13.2,-31.89,-78.67
157,90,13.52,-26.472,-72.48
157,90,13.84,-26.398,-73.88
157,90,14.16,-27.776,-76
157,90,14.48,-22.304,-74.13
157,90,14.8,-43.84,-91.85
157,90,15.12,-51.51,-97.94
157,90,15.44,-30.886,-77.2
157,90,15.76,-31.878,-79.07
157,90,16.08,-31.242,-78.7
157,90,16.4,-21.19,-71
157,90,16.72,-23.638,-73.12
157,90,17.04,-23.866,-75.12
157,90,17.36,-22.236,-74.88
157,90,17.68,-23.932,-77.01
157,90,18,-20.26,-73.07
158,90,2,-10.02,-31.81
158,90,2.32,-11.946,-37.6
158,90,2.64,-13.038,-41.75
158,90,2.96,-3.428,-31.74
158,90,3.28,-8.82200000000001,-38.84
158,90,3.6,-13.72,-41.17
158,90,3.92,-18.382,-45.93
158,90,4.24,-13.516,-42.54
158,90,4.56,-13.646,-43.46
158,90,4.88,-10.3,-40.43
158,90,5.2,-10.31,-41.73
158,90,5.52,-10.808,-41.09
158,90,5.84,-12.672,-44.12
158,90,6.16,-19.6,-51.64
158,90,6.48,-15.916,-50
158,90,6.8,-18.21,-51.71
158,90,7.12,-16.206,-50.8
158,90,7.44,-19.466,-53.8
158,90,7.76,-22.518,-57.74
158,90,8.08,-20.276,-55.08
158,90,8.4,-23.07,-58.45
158,90,8.72,-36.078,-73.38
158,90,9.04,-23.024,-60.81
158,90,9.36,-20.824,-58.89
158,90,9.68,-30.41,-69.3
158,90,10,-26.36,-65.43
158,90,10.32,-31.812,-71.44
158,90,10.64,-30.028,-70.04
158,90,10.96,-27.006,-66.99
158,90,11.28,-36.636,-77.08
158,90,11.6,-31.1,-71.97
158,90,11.92,-29.064,-70.19
158,90,12.24,-27.524,-69.78
158,90,12.56,-28.46,-72.53
158,90,12.88,-32.436,-77.64
158,90,13.2,-27.91,-74.69
158,90,13.52,-33.992,-80
158,90,13.84,-23.788,-71.27
158,90,14.16,-29.186,-77.41
158,90,14.48,-20.204,-72.03
158,90,14.8,-41.39,-89.4
158,90,15.12,-25.14,-71.57
158,90,15.44,-27.236,-73.55
158,90,15.76,-29.758,-76.95
158,90,16.08,-44.852,-92.31
158,90,16.4,-23.37,-73.18
158,90,16.72,-29.218,-78.7
158,90,17.04,-26.236,-77.49
158,90,17.36,-24.546,-77.19
158,90,17.68,-29.972,-83.05
158,90,18,-24.63,-77.44
159,90,2,-9.71,-31.5
159,90,2.32,-11.826,-37.48
159,90,2.64,-11.258,-39.97
159,90,2.96,-4.398,-32.71
159,90,3.28,-9.062,-39.08
159,90,3.6,-12.54,-39.99
159,90,3.92,-16.162,-43.71
159,90,4.24,-14.636,-43.66
159,90,4.56,-13.286,-43.1
159,90,4.88,-9.76,-39.89
159,90,5.2,-10.67,-42.09
159,90,5.52,-10.378,-40.66
159,90,5.84,-12.452,-43.9
159,90,6.16,-16.88,-48.92
159,90,6.48,-15.656,-49.74
159,90,6.8,-16.98,-50.48
159,90,7.12,-14.776,-49.37
159,90,7.44,-16.966,-51.3
159,90,7.76,-19.098,-54.32
159,90,8.08,-20.156,-54.96
159,90,8.4,-25.67,-61.05
159,90,8.72,-24.528,-61.83
159,90,9.04,-29.064,-66.85
159,90,9.36,-20.474,-58.54
159,90,9.68,-34.63,-73.52
159,90,10,-25.72,-64.79
159,90,10.32,-26.812,-66.44
159,90,10.64,-24.828,-64.84
159,90,10.96,-23.756,-63.74
159,90,11.28,-33.256,-73.7
159,90,11.6,-25.9,-66.77
159,90,11.92,-30.724,-71.85
159,90,12.24,-29.454,-71.71
159,90,12.56,-30.38,-74.45
159,90,12.88,-33.086,-78.29
159,90,13.2,-31.91,-78.69
159,90,13.52,-28.922,-74.93
159,90,13.84,-24.608,-72.09
159,90,14.16,-30.496,-78.72
159,90,14.48,-27.874,-79.7
159,90,14.8,-29.68,-77.69
159,90,15.12,-25.23,-71.66
159,90,15.44,-32.896,-79.21
159,90,15.76,-31.318,-78.51
159,90,16.08,-34.422,-81.88
159,90,16.4,-27.4,-77.21
159,90,16.72,-23.838,-73.32
159,90,17.04,-28.806,-80.06
159,90,17.36,-22.616,-75.26
159,90,17.68,-21.922,-75
159,90,18,-27.34,-80.15
160,90,2,-9.59,-31.38
160,90,2.32,-11.786,-37.44
160,90,2.64,-9.938,-38.65
160,90,2.96,-5.538,-33.85
160,90,3.28,-8.912,-38.93
160,90,3.6,-11.37,-38.82
160,90,3.92,-14.452,-42
160,90,4.24,-15.596,-44.62
160,90,4.56,-13.206,-43.02
160,90,4.88,-9.22,-39.35
160,90,5.2,-10.46,-41.88
160,90,5.52,-9.718,-40
160,90,5.84,-12.762,-44.21
160,90,6.16,-16.39,-48.43
160,90,6.48,-14.416,-48.5
160,90,6.8,-17.01,-50.51
160,90,7.12,-13.966,-48.56
160,90,7.44,-15.526,-49.86
160,90,7.76,-15.698,-50.92
160,90,8.08,-19.866,-54.67
160,90,8.4,-25.53,-60.91
160,90,8.72,-20.198,-57.5
160,90,9.04,-30.804,-68.59
160,90,9.36,-22.354,-60.42
160,90,9.68,-34.83,-73.72
160,90,10,-22.32,-61.39
160,90,10.32,-38.032,-77.66
160,90,10.64,-23.768,-63.78
160,90,10.96,-22.926,-62.91
160,90,11.28,-34.526,-74.97
160,90,11.6,-22.61,-63.48
160,90,11.92,-32.064,-73.19
160,90,12.24,-29.564,-71.82
160,90,12.56,-27.99,-72.06
160,90,12.88,-39.746,-84.95
160,90,13.2,-32.91,-79.69
160,90,13.52,-36.602,-82.61
160,90,13.84,-25.528,-73.01
160,90,14.16,-24.916,-73.14
160,90,14.48,-19.224,-71.05
160,90,14.8,-29.89,-77.9
160,90,15.12,-24.54,-70.97
160,90,15.44,-26.776,-73.09
160,90,15.76,-26.688,-73.88
160,90,16.08,-42.542,-90
160,90,16.4,-21.8,-71.61
160,90,16.72,-27.268,-76.75
160,90,17.04,-27.636,-78.89
160,90,17.36,-25.016,-77.66
160,90,17.68,-27.572,-80.65
160,90,18,-25.04,-77.85
161,90,2,-9.56,-31.35
161,90,2.32,-11.466,-37.12
161,90,2.64,-8.818,-37.53
161,90,2.96,-6.588,-34.9
161,90,3.28,-8.602,-38.62
161,90,3.6,-10.71,-38.16
161,90,3.92,-13.542,-41.09
161,90,4.24,-15.596,-44.62
161,90,4.56,-13.476,-43.29
161,90,4.88,-9.07,-39.2
161,90,5.2,-10.45,-41.87
161,90,5.52,-9.168,-39.45
161,90,5.84,-13.022,-44.47
161,90,6.16,-16.44,-48.48
161,90,6.48,-13.916,-48
161,90,6.8,-17.17,-50.67
161,90,7.12,-13.476,-48.07
161,90,7.44,-14.046,-48.38
161,90,7.76,-13.828,-49.05
161,90,8.08,-19.296,-54.1
161,90,8.4,-25,-60.38
161,90,8.72,-17.628,-54.93
161,90,9.04,-26.344,-64.13
161,90,9.36,-18.764,-56.83
161,90,9.68,-30.04,-68.93
161,90,10,-22.9,-61.97
161,90,10.32,-36.912,-76.54
161,90,10.64,-24.288,-64.3
161,90,10.96,-23.356,-63.34
161,90,11.28,-33.746,-74.19
161,90,11.6,-23.41,-64.28
161,90,11.92,-40.824,-81.95
161,90,12.24,-25.154,-67.41
161,90,12.56,-26.94,-71.01
161,90,12.88,-32.486,-77.69
161,90,13.2,-36.19,-82.97
161,90,13.52,-25.512,-71.52
161,90,13.84,-23.188,-70.67
161,90,14.16,-29.606,-77.83
161,90,14.48,-24.584,-76.41
161,90,14.8,-30.27,-78.28
161,90,15.12,-31.89,-78.32
161,90,15.44,-34.376,-80.69
161,90,15.76,-28.738,-75.93
161,90,16.08,-32.932,-80.39
161,90,16.4,-31.84,-81.65
161,90,16.72,-28.738,-78.22
161,90,17.04,-24.166,-75.42
161,90,17.36,-18.446,-71.09
161,90,17.68,-25.502,-78.58
161,90,18,-22.55,-75.36
162,90,2,-9.48,-31.27
162,90,2.32,-11.176,-36.83
162,90,2.64,-8.138,-36.85
162,90,2.96,-7.248,-35.56
162,90,3.28,-7.962,-37.98
162,90,3.6,-10.21,-37.66
162,90,3.92,-12.842,-40.39
162,90,4.24,-15.386,-44.41
162,90,4.56,-13.506,-43.32
162,90,4.88,-9.22,-39.35
162,90,5.2,-10.38,-41.8
162,90,5.52,-8.268,-38.55
162,90,5.84,-13.482,-44.93
162,90,6.16,-16.06,-48.1
162,90,6.48,-13.396,-47.48
162,90,6.8,-16.24,-49.74
162,90,7.12,-13.446,-48.04
162,90,7.44,-14.406,-48.74
162,90,7.76,-12.968,-48.19
162,90,8.08,-19.186,-53.99
162,90,8.4,-22.74,-58.12
162,90,8.72,-16.558,-53.86
162,90,9.04,-22.084,-59.87
162,90,9.36,-17.284,-55.35
162,90,9.68,-23.04,-61.93
162,90,10,-22.86,-61.93
162,90,10.32,-33.222,-72.85
162,90,10.64,-25.438,-65.45
162,90,10.96,-23.806,-63.79
162,90,11.28,-25.236,-65.68
162,90,11.6,-21.17,-62.04
162,90,11.92,-35.444,-76.57
162,90,12.24,-24.254,-66.51
162,90,12.56,-25.86,-69.93
162,90,12.88,-44.816,-90.02
162,90,13.2,-27.65,-74.43
162,90,13.52,-28.402,-74.41
162,90,13.84,-26.298,-73.78
162,90,14.16,-25.566,-73.79
162,90,14.48,-21.394,-73.22
162,90,14.8,-34.57,-82.58
162,90,15.12,-29.32,-75.75
162,90,15.44,-28.836,-75.15
162,90,15.76,-33.918,-81.11
162,90,16.08,-30.492,-77.95
162,90,16.4,-20.16,-69.97
162,90,16.72,-23.308,-72.79
162,90,17.04,-34.476,-85.73
162,90,17.36,-23.586,-76.23
162,90,17.68,-28.792,-81.87
162,90,18,-26.4,-79.21
163,90,2,-9.46,-31.25
163,90,2.32,-10.666,-36.32
163,90,2.64,-7.748,-36.46
163,90,2.96,-7.20800000000001,-35.52
163,90,3.28,-7.152,-37.17
163,90,3.6,-9.95,-37.4
163,90,3.92,-12.802,-40.35
163,90,4.24,-13.906,-42.93
163,90,4.56,-13.736,-43.55
163,90,4.88,-9.38,-39.51
163,90,5.2,-10.77,-42.19
163,90,5.52,-7.978,-38.26
163,90,5.84,-13.742,-45.19
163,90,6.16,-16.69,-48.73
163,90,6.48,-13.626,-47.71
163,90,6.8,-14.82,-48.32
163,90,7.12,-13.626,-48.22
163,90,7.44,-13.896,-48.23
163,90,7.76,-12.218,-47.44
163,90,8.08,-19.206,-54.01
163,90,8.4,-20.11,-55.49
163,90,8.72,-18.218,-55.52
163,90,9.04,-20.144,-57.93
163,90,9.36,-17.544,-55.61
163,90,9.68,-18.69,-57.58
163,90,10,-21.43,-60.5
163,90,10.32,-21.272,-60.9
163,90,10.64,-22.418,-62.43
163,90,10.96,-27.096,-67.08
163,90,11.28,-21.956,-62.4
163,90,11.6,-23.23,-64.1
163,90,11.92,-33.444,-74.57
163,90,12.24,-25.624,-67.88
163,90,12.56,-26.4,-70.47
163,90,12.88,-26.876,-72.08
163,90,13.2,-28.73,-75.51
163,90,13.52,-33.312,-79.32
163,90,13.84,-47.368,-94.85
163,90,14.16,-23.456,-71.68
163,90,14.48,-32.604,-84.43
163,90,14.8,-32.96,-80.97
163,90,15.12,-33,-79.43
163,90,15.44,-38.306,-84.62
163,90,15.76,-25.138,-72.33
163,90,16.08,-33.372,-80.83
163,90,16.4,-25.12,-74.93
163,90,16.72,-32.058,-81.54
163,90,17.04,-25.906,-77.16
163,90,17.36,-28.806,-81.45
163,90,17.68,-19.822,-72.9
163,90,18,-19.01,-71.82
164,90,2,-9.58,-31.37
164,90,2.32,-10.086,-35.74
164,90,2.64,-7.698,-36.41
164,90,2.96,-6.538,-34.85
164,90,3.28,-6.422,-36.44
164,90,3.6,-9.61,-37.06
164,90,3.92,-12.972,-40.52
164,90,4.24,-12.826,-41.85
164,90,4.56,-13.216,-43.03
164,90,4.88,-9.87,-40
164,90,5.2,-10.73,-42.15
164,90,5.52,-7.788,-38.07
164,90,5.84,-13.482,-44.93
164,90,6.16,-16.17,-48.21
164,90,6.48,-13.956,-48.04
164,90,6.8,-14.58,-48.08
164,90,7.12,-14.556,-49.15
164,90,7.44,-13.516,-47.85
164,90,7.76,-12.608,-47.83
164,90,8.08,-19.226,-54.03
164,90,8.4,-17.48,-52.86
164,90,8.72,-17.068,-54.37
164,90,9.04,-20.364,-58.15
164,90,9.36,-18.584,-56.65
164,90,9.68,-16.06,-54.95
164,90,10,-20.7,-59.77
164,90,10.32,-19.502,-59.13
164,90,10.64,-20.398,-60.41
164,90,10.96,-31.436,-71.42
164,90,11.28,-19.716,-60.16
164,90,11.6,-24.98,-65.85
164,90,11.92,-36.094,-77.22
164,90,12.24,-23.934,-66.19
164,90,12.56,-31.85,-75.92
164,90,12.88,-25.936,-71.14
164,90,13.2,-31.97,-78.75
164,90,13.52,-23.702,-69.71
164,90,13.84,-27.618,-75.1
164,90,14.16,-33.526,-81.75
164,90,14.48,-22.954,-74.78
164,90,14.8,-26.35,-74.36
164,90,15.12,-28.56,-74.99
164,90,15.44,-24.906,-71.22
164,90,15.76,-33.058,-80.25
164,90,16.08,-33.172,-80.63
164,90,16.4,-24.95,-74.76
164,90,16.72,-37.698,-87.18
164,90,17.04,-20.996,-72.25
164,90,17.36,-21.766,-74.41
164,90,17.68,-20.292,-73.37
164,90,18,-31,-83.81
165,90,2,-9.64,-31.43
165,90,2.32,-9.446,-35.1
165,90,2.64,-7.678,-36.39
165,90,2.96,-5.308,-33.62
165,90,3.28,-5.632,-35.65
165,90,3.6,-9.27,-36.72
165,90,3.92,-13.562,-41.11
165,90,4.24,-11.916,-40.94
165,90,4.56,-12.426,-42.24
165,90,4.88,-10.18,-40.31
165,90,5.2,-10.7,-42.12
165,90,5.52,-7.798,-38.08
165,90,5.84,-12.562,-44.01
165,90,6.16,-15.06,-47.1
165,90,6.48,-14.346,-48.43
165,90,6.8,-13.56,-47.06
165,90,7.12,-15.936,-50.53
165,90,7.44,-13.076,-47.41
165,90,7.76,-13.178,-48.4
165,90,8.08,-19.266,-54.07
165,90,8.4,-15.83,-51.21
165,90,8.72,-17.788,-55.09
165,90,9.04,-19.464,-57.25
165,90,9.36,-18.814,-56.88
165,90,9.68,-15.4,-54.29
165,90,10,-16.63,-55.7
165,90,10.32,-16.292,-55.92
165,90,10.64,-21.268,-61.28
165,90,10.96,-23.936,-63.92
165,90,11.28,-17.466,-57.91
165,90,11.6,-22.33,-63.2
165,90,11.92,-36.914,-78.04
165,90,12.24,-18.504,-60.76
165,90,12.56,-22.98,-67.05
165,90,12.88,-27.576,-72.78
165,90,13.2,-25.37,-72.15
165,90,13.52,-29.212,-75.22
165,90,13.84,-21.408,-68.89
165,90,14.16,-27.326,-75.55
165,90,14.48,-29.824,-81.65
165,90,14.8,-29.83,-77.84
165,90,15.12,-24.75,-71.18
165,90,15.44,-30.916,-77.23
165,90,15.76,-29.968,-77.16
165,90,16.08,-34.622,-82.08
165,90,16.4,-20.14,-69.95
165,90,16.72,-23.258,-72.74
165,90,17.04,-22.316,-73.57
165,90,17.36,-27.226,-79.87
165,90,17.68,-30.312,-83.39
165,90,18,-27.43,-80.24
166,90,2,-9.84,-31.63
166,90,2.32,-8.866,-34.52
166,90,2.64,-7.828,-36.54
166,90,2.96,-4.038,-32.35
166,90,3.28,-4.962,-34.98
166,90,3.6,-8.88,-36.33
166,90,3.92,-14.082,-41.63
166,90,4.24,-11.166,-40.19
166,90,4.56,-11.636,-41.45
166,90,4.88,-10.21,-40.34
166,90,5.2,-10.49,-41.91
166,90,5.52,-8.358,-38.64
166,90,5.84,-12.522,-43.97
166,90,6.16,-13.81,-45.85
166,90,6.48,-13.786,-47.87
166,90,6.8,-13.78,-47.28
166,90,7.12,-16.866,-51.46
166,90,7.44,-12.436,-46.77
166,90,7.76,-12.628,-47.85
166,90,8.08,-18.856,-53.66
166,90,8.4,-15.79,-51.17
166,90,8.72,-18.318,-55.62
166,90,9.04,-17.504,-55.29
166,90,9.36,-18.944,-57.01
166,90,9.68,-16.13,-55.02
166,90,10,-17.61,-56.68
166,90,10.32,-15.362,-54.99
166,90,10.64,-22.888,-62.9
166,90,10.96,-22.486,-62.47
166,90,11.28,-17.266,-57.71
166,90,11.6,-19.53,-60.4
166,90,11.92,-25.804,-66.93
166,90,12.24,-18.944,-61.2
166,90,12.56,-23.53,-67.6
166,90,12.88,-27.806,-73.01
166,90,13.2,-28.43,-75.21
166,90,13.52,-29.422,-75.43
166,90,13.84,-16.778,-64.26
166,90,14.16,-22.406,-70.63
166,90,14.48,-22.644,-74.47
166,90,14.8,-32.7,-80.71
166,90,15.12,-40.51,-86.94
166,90,15.44,-38.066,-84.38
166,90,15.76,-22.888,-70.08
166,90,16.08,-30.532,-77.99
166,90,16.4,-22.27,-72.08
166,90,16.72,-22.038,-71.52
166,90,17.04,-30.886,-82.14
166,90,17.36,-22.216,-74.86
166,90,17.68,-26.162,-79.24
166,90,18,-27.99,-80.8
167,90,2,-9.99,-31.78
167,90,2.32,-8.296,-33.95
167,90,2.64,-8.148,-36.86
167,90,2.96,-2.878,-31.19
167,90,3.28,-4.32200000000001,-34.34
167,90,3.6,-8.45,-35.9
167,90,3.92,-14.852,-42.4
167,90,4.24,-10.806,-39.83
167,90,4.56,-11.006,-40.82
167,90,4.88,-10.19,-40.32
167,90,5.2,-9.7,-41.12
167,90,5.52,-9.278,-39.56
167,90,5.84,-12.132,-43.58
167,90,6.16,-13.08,-45.12
167,90,6.48,-13.926,-48.01
167,90,6.8,-13.84,-47.34
167,90,7.12,-16.286,-50.88
167,90,7.44,-11.516,-45.85
167,90,7.76,-12.068,-47.29
167,90,8.08,-16.156,-50.96
167,90,8.4,-16.65,-52.03
167,90,8.72,-17.828,-55.13
167,90,9.04,-15.564,-53.35
167,90,9.36,-18.654,-56.72
167,90,9.68,-14.72,-53.61
167,90,10,-18.21,-57.28
167,90,10.32,-15.982,-55.61
167,90,10.64,-20.488,-60.5
167,90,10.96,-19.646,-59.63
167,90,11.28,-16.776,-57.22
167,90,11.6,-18.42,-59.29
167,90,11.92,-27.744,-68.87
167,90,12.24,-17.654,-59.91
167,90,12.56,-20.13,-64.2
167,90,12.88,-29.796,-75
167,90,13.2,-39.15,-85.93
167,90,13.52,-24.352,-70.36
167,90,13.84,-19.098,-66.58
167,90,14.16,-30.296,-78.52
167,90,14.48,-24.824,-76.65
167,90,14.8,-28.83,-76.84
167,90,15.12,-28.67,-75.1
167,90,15.44,-22.906,-69.22
167,90,15.76,-23.118,-70.31
167,90,16.08,-35.022,-82.48
167,90,16.4,-23.02,-72.83
167,90,16.72,-24.738,-74.22
167,90,17.04,-23.766,-75.02
167,90,17.36,-24.106,-76.75
167,90,17.68,-23.012,-76.09
167,90,18,-29.72,-82.53
168,90,2,-10.09,-31.88
168,90,2.32,-7.756,-33.41
168,90,2.64,-8.468,-37.18
168,90,2.96,-1.848,-30.16
168,90,3.28,-3.992,-34.01
168,90,3.6,-8.09,-35.54
168,90,3.92,-14.672,-42.22
168,90,4.24,-10.766,-39.79
168,90,4.56,-10.546,-40.36
168,90,4.88,-10.14,-40.27
168,90,5.2,-9.22,-40.64
168,90,5.52,-10.088,-40.37
168,90,5.84,-12.202,-43.65
168,90,6.16,-12.85,-44.89
168,90,6.48,-13.496,-47.58
168,90,6.8,-13.98,-47.48
168,90,7.12,-16.406,-51
168,90,7.44,-10.976,-45.31
168,90,7.76,-11.168,-46.39
168,90,8.08,-15.386,-50.19
168,90,8.4,-16.07,-51.45
168,90,8.72,-17.878,-55.18
168,90,9.04,-14.684,-52.47
168,90,9.36,-18.504,-56.57
168,90,9.68,-13.98,-52.87
168,90,10,-19.39,-58.46
168,90,10.32,-17.512,-57.14
168,90,10.64,-19.798,-59.81
168,90,10.96,-21.486,-61.47
168,90,11.28,-17.876,-58.32
168,90,11.6,-20.72,-61.59
168,90,11.92,-21.034,-62.16
168,90,12.24,-16.324,-58.58
168,90,12.56,-16.13,-60.2
168,90,12.88,-26.696,-71.9
168,90,13.2,-26.23,-73.01
168,90,13.52,-25.362,-71.37
168,90,13.84,-17.798,-65.28
168,90,14.16,-18.336,-66.56
168,90,14.48,-18.214,-70.04
168,90,14.8,-23.49,-71.5
168,90,15.12,-32.49,-78.92
168,90,15.44,-31.326,-77.64
168,90,15.76,-23.798,-70.99
168,90,16.08,-46.082,-93.54
168,90,16.4,-20.73,-70.54
168,90,16.72,-26.238,-75.72
168,90,17.04,-22.516,-73.77
168,90,17.36,-27.626,-80.27
168,90,17.68,-26.082,-79.16
168,90,18,-25.45,-78.26
169,90,2,-10.21,-32
169,90,2.32,-7.316,-32.97
169,90,2.64,-8.658,-37.37
169,90,2.96,-1.058,-29.37
169,90,3.28,-3.61200000000001,-33.63
169,90,3.6,-7.68,-35.13
169,90,3.92,-14.422,-41.97
169,90,4.24,-11.116,-40.14
169,90,4.56,-10.416,-40.23
169,90,4.88,-10.58,-40.71
169,90,5.2,-8.6,-40.02
169,90,5.52,-10.598,-40.88
169,90,5.84,-12.202,-43.65
169,90,6.16,-12.54,-44.58
169,90,6.48,-13.096,-47.18
169,90,6.8,-13.64,-47.14
169,90,7.12,-15.286,-49.88
169,90,7.44,-11.176,-45.51
169,90,7.76,-10.688,-45.91
169,90,8.08,-14.066,-48.87
169,90,8.4,-15.78,-51.16
169,90,8.72,-16.738,-54.04
169,90,9.04,-14.624,-52.41
169,90,9.36,-18.444,-56.51
169,90,9.68,-13.29,-52.18
169,90,10,-19.61,-58.68
169,90,10.32,-15.752,-55.38
169,90,10.64,-18.858,-58.87
169,90,10.96,-20.486,-60.47
169,90,11.28,-17.126,-57.57
169,90,11.6,-17.96,-58.83
169,90,11.92,-20.884,-62.01
169,90,12.24,-17.074,-59.33
169,90,12.56,-16.41,-60.48
169,90,12.88,-22.216,-67.42
169,90,13.2,-20.08,-66.86
169,90,13.52,-31.262,-77.27
169,90,13.84,-22.418,-69.9
169,90,14.16,-16.386,-64.61
169,90,14.48,-29.564,-81.39
169,90,14.8,-22.13,-70.14
169,90,15.12,-26.51,-72.94
169,90,15.44,-24.226,-70.54
169,90,15.76,-29.738,-76.93
169,90,16.08,-23.042,-70.5
169,90,16.4,-21.5,-71.31
169,90,16.72,-34.188,-83.67
169,90,17.04,-19.526,-70.78
169,90,17.36,-20.396,-73.04
169,90,17.68,-23.412,-76.49
169,90,18,-35.99,-88.8
170,90,2,-10.34,-32.13
170,90,2.32,-6.906,-32.56
170,90,2.64,-8.728,-37.44
170,90,2.96,-0.528000000000002,-28.84
170,90,3.28,-3.262,-33.28
170,90,3.6,-7.26,-34.71
170,90,3.92,-13.962,-41.51
170,90,4.24,-11.786,-40.81
170,90,4.56,-10.066,-39.88
170,90,4.88,-11.08,-41.21
170,90,5.2,-7.94,-39.36
170,90,5.52,-10.488,-40.77
170,90,5.84,-11.982,-43.43
170,90,6.16,-13,-45.04
170,90,6.48,-13.056,-47.14
170,90,6.8,-14.18,-47.68
170,90,7.12,-13.456,-48.05
170,90,7.44,-11.666,-46
170,90,7.76,-10.078,-45.3
170,90,8.08,-14.216,-49.02
170,90,8.4,-15.64,-51.02
170,90,8.72,-15.818,-53.12
170,90,9.04,-15.784,-53.57
170,90,9.36,-17.944,-56.01
170,90,9.68,-14.2,-53.09
170,90,10,-16.54,-55.61
170,90,10.32,-12.832,-52.46
170,90,10.64,-19.698,-59.71
170,90,10.96,-18.786,-58.77
170,90,11.28,-16.386,-56.83
170,90,11.6,-17.9,-58.77
170,90,11.92,-20.134,-61.26
170,90,12.24,-18.464,-60.72
170,90,12.56,-15.56,-59.63
170,90,12.88,-26.816,-72.02
170,90,13.2,-20.12,-66.9
170,90,13.52,-38.992,-85
170,90,13.84,-22.488,-69.97
170,90,14.16,-18.256,-66.48
170,90,14.48,-25.624,-77.45
170,90,14.8,-24.55,-72.56
170,90,15.12,-25.73,-72.16
170,90,15.44,-27.496,-73.81
170,90,15.76,-36.338,-83.53
170,90,16.08,-25.862,-73.32
170,90,16.4,-22.56,-72.37
170,90,16.72,-22.598,-72.08
170,90,17.04,-19.166,-70.42
170,90,17.36,-19.506,-72.15
170,90,17.68,-28.082,-81.16
170,90,18,-26.35,-79.16
171,90,2,-10.24,-32.03
171,90,2.32,-6.726,-32.38
171,90,2.64,-8.588,-37.3
171,90,2.96,-0.258000000000003,-28.57
171,90,3.28,-3.202,-33.22
171,90,3.6,-6.92,-34.37
171,90,3.92,-13.052,-40.6
171,90,4.24,-12.026,-41.05
171,90,4.56,-9.916,-39.73
171,90,4.88,-11.29,-41.42
171,90,5.2,-7.73,-39.15
171,90,5.52,-9.828,-40.11
171,90,5.84,-11.962,-43.41
171,90,6.16,-13.26,-45.3
171,90,6.48,-12.706,-46.79
171,90,6.8,-14.12,-47.62
171,90,7.12,-12.586,-47.18
171,90,7.44,-12.066,-46.4
171,90,7.76,-9.628,-44.85
171,90,8.08,-14.616,-49.42
171,90,8.4,-15.04,-50.42
171,90,8.72,-14.238,-51.54
171,90,9.04,-17.194,-54.98
171,90,9.36,-18.084,-56.15
171,90,9.68,-14.73,-53.62
171,90,10,-16.01,-55.08
171,90,10.32,-12.212,-51.84
171,90,10.64,-22.088,-62.1
171,90,10.96,-17.316,-57.3
171,90,11.28,-16.606,-57.05
171,90,11.6,-17.91,-58.78
171,90,11.92,-17.064,-58.19
171,90,12.24,-16.404,-58.66
171,90,12.56,-13.45,-57.52
171,90,12.88,-26.276,-71.48
171,90,13.2,-25.2,-71.98
171,90,13.52,-23.372,-69.38
171,90,13.84,-22.258,-69.74
171,90,14.16,-15.356,-63.58
171,90,14.48,-23.884,-75.71
171,90,14.8,-29.89,-77.9
171,90,15.12,-22.51,-68.94
171,90,15.44,-23.996,-70.31
171,90,15.76,-29.598,-76.79
171,90,16.08,-26.882,-74.34
171,90,16.4,-19.4,-69.21
171,90,16.72,-24.268,-73.75
171,90,17.04,-16.126,-67.38
171,90,17.36,-24.876,-77.52
171,90,17.68,-24.612,-77.69
171,90,18,-25.05,-77.86
172,90,2,-10.16,-31.95
172,90,2.32,-6.576,-32.23
172,90,2.64,-8.198,-36.91
172,90,2.96,-0.198000000000004,-28.51
172,90,3.28,-2.902,-32.92
172,90,3.6,-6.47,-33.92
172,90,3.92,-12.182,-39.73
172,90,4.24,-12.216,-41.24
172,90,4.56,-9.536,-39.35
172,90,4.88,-11.96,-42.09
172,90,5.2,-7.78,-39.2
172,90,5.52,-9.238,-39.52
172,90,5.84,-11.232,-42.68
172,90,6.16,-12.9,-44.94
172,90,6.48,-12.726,-46.81
172,90,6.8,-12.9,-46.4
172,90,7.12,-12.616,-47.21
172,90,7.44,-12.096,-46.43
172,90,7.76,-9.118,-44.34
172,90,8.08,-14.136,-48.94
172,90,8.4,-15.18,-50.56
172,90,8.72,-14.138,-51.44
172,90,9.04,-16.154,-53.94
172,90,9.36,-17.114,-55.18
172,90,9.68,-16.09,-54.98
172,90,10,-14.75,-53.82
172,90,10.32,-14.022,-53.65
172,90,10.64,-22.918,-62.93
172,90,10.96,-15.726,-55.71
172,90,11.28,-17.646,-58.09
172,90,11.6,-17.98,-58.85
172,90,11.92,-17.474,-58.6
172,90,12.24,-20.254,-62.51
172,90,12.56,-15.4,-59.47
172,90,12.88,-31.996,-77.2
172,90,13.2,-27.16,-73.94
172,90,13.52,-24.922,-70.93
172,90,13.84,-21.158,-68.64
172,90,14.16,-13.116,-61.34
172,90,14.48,-25.154,-76.98
172,90,14.8,-21.16,-69.17
172,90,15.12,-20.61,-67.04
172,90,15.44,-22.846,-69.16
172,90,15.76,-35.378,-82.57
172,90,16.08,-22.372,-69.83
172,90,16.4,-19.51,-69.32
172,90,16.72,-23.428,-72.91
172,90,17.04,-14.786,-66.04
172,90,17.36,-12.996,-65.64
172,90,17.68,-25.192,-78.27
172,90,18,-20.79,-73.6
173,90,2,-10.12,-31.91
173,90,2.32,-6.506,-32.16
173,90,2.64,-7.668,-36.38
173,90,2.96,-0.368000000000002,-28.68
173,90,3.28,-2.772,-32.79
173,90,3.6,-6.22,-33.67
173,90,3.92,-11.282,-38.83
173,90,4.24,-12.216,-41.24
173,90,4.56,-9.286,-39.1
173,90,4.88,-12.3,-42.43
173,90,5.2,-7.56,-38.98
173,90,5.52,-8.898,-39.18
173,90,5.84,-10.852,-42.3
173,90,6.16,-12.3,-44.34
173,90,6.48,-12.756,-46.84
173,90,6.8,-12.27,-45.77
173,90,7.12,-13.686,-48.28
173,90,7.44,-11.816,-46.15
173,90,7.76,-8.908,-44.13
173,90,8.08,-13.146,-47.95
173,90,8.4,-15.73,-51.11
173,90,8.72,-13.348,-50.65
173,90,9.04,-16.144,-53.93
173,90,9.36,-16.744,-54.81
173,90,9.68,-15.02,-53.91
173,90,10,-13.77,-52.84
173,90,10.32,-15.152,-54.78
173,90,10.64,-19.768,-59.78
173,90,10.96,-16.186,-56.17
173,90,11.28,-17.386,-57.83
173,90,11.6,-16.75,-57.62
173,90,11.92,-16.244,-57.37
173,90,12.24,-18.404,-60.66
173,90,12.56,-16.69,-60.76
173,90,12.88,-24.166,-69.37
173,90,13.2,-21.19,-67.97
173,90,13.52,-22.792,-68.8
173,90,13.84,-22.678,-70.16
173,90,14.16,-18.336,-66.56
173,90,14.48,-23.084,-74.91
173,90,14.8,-19.04,-67.05
173,90,15.12,-18.73,-65.16
173,90,15.44,-26.606,-72.92
173,90,15.76,-31.998,-79.19
173,90,16.08,-22.922,-70.38
173,90,16.4,-15.7,-65.51
173,90,16.72,-24.668,-74.15
173,90,17.04,-18.746,-70
173,90,17.36,-18.396,-71.04
173,90,17.68,-26.822,-79.9
173,90,18,-17.72,-70.53
174,90,2,-9.86,-31.65
174,90,2.32,-6.536,-32.19
174,90,2.64,-6.988,-35.7
174,90,2.96,-0.668000000000003,-28.98
174,90,3.28,-2.642,-32.66
174,90,3.6,-5.95,-33.4
174,90,3.92,-10.732,-38.28
174,90,4.24,-12.146,-41.17
174,90,4.56,-9.106,-38.92
174,90,4.88,-12.07,-42.2
174,90,5.2,-7.47,-38.89
174,90,5.52,-8.758,-39.04
174,90,5.84,-10.212,-41.66
174,90,6.16,-11.53,-43.57
174,90,6.48,-12.206,-46.29
174,90,6.8,-12.2,-45.7
174,90,7.12,-14.516,-49.11
174,90,7.44,-11.676,-46.01
174,90,7.76,-8.648,-43.87
174,90,8.08,-12.486,-47.29
174,90,8.4,-15.8,-51.18
174,90,8.72,-13.978,-51.28
174,90,9.04,-15.524,-53.31
174,90,9.36,-16.474,-54.54
174,90,9.68,-15.69,-54.58
174,90,10,-12.75,-51.82
174,90,10.32,-12.552,-52.18
174,90,10.64,-17.478,-57.49
174,90,10.96,-18.246,-58.23
174,90,11.28,-17.066,-57.51
174,90,11.6,-18.33,-59.2
174,90,11.92,-16.164,-57.29
174,90,12.24,-18.964,-61.22
174,90,12.56,-17.26,-61.33
174,90,12.88,-20.066,-65.27
174,90,13.2,-27.47,-74.25
174,90,13.52,-24.602,-70.61
174,90,13.84,-21.398,-68.88
174,90,14.16,-18.676,-66.9
174,90,14.48,-34.024,-85.85
174,90,14.8,-18.21,-66.22
174,90,15.12,-20.48,-66.91
174,90,15.44,-22.906,-69.22
174,90,15.76,-25.548,-72.74
174,90,16.08,-24.762,-72.22
174,90,16.4,-18.55,-68.36
174,90,16.72,-27.348,-76.83
174,90,17.04,-18.086,-69.34
174,90,17.36,-18.536,-71.18
174,90,17.68,-22.672,-75.75
174,90,18,-31.79,-84.6
175,90,2,-9.52,-31.31
175,90,2.32,-6.676,-32.33
175,90,2.64,-6.178,-34.89
175,90,2.96,-1.058,-29.37
175,90,3.28,-2.472,-32.49
175,90,3.6,-5.89,-33.34
175,90,3.92,-10.242,-37.79
175,90,4.24,-12.076,-41.1
175,90,4.56,-9.046,-38.86
175,90,4.88,-11.4,-41.53
175,90,5.2,-7.08,-38.5
175,90,5.52,-8.918,-39.2
175,90,5.84,-10.032,-41.48
175,90,6.16,-11.1,-43.14
175,90,6.48,-11.656,-45.74
175,90,6.8,-12.56,-46.06
175,90,7.12,-14.196,-48.79
175,90,7.44,-11.966,-46.3
175,90,7.76,-8.668,-43.89
175,90,8.08,-12.446,-47.25
175,90,8.4,-14.7,-50.08
175,90,8.72,-13.188,-50.49
175,90,9.04,-16.074,-53.86
175,90,9.36,-15.554,-53.62
175,90,9.68,-15.19,-54.08
175,90,10,-11.91,-50.98
175,90,10.32,-11.662,-51.29
175,90,10.64,-17.798,-57.81
175,90,10.96,-17.456,-57.44
175,90,11.28,-17.436,-57.88
175,90,11.6,-19.4,-60.27
175,90,11.92,-16.234,-57.36
175,90,12.24,-19.704,-61.96
175,90,12.56,-15.14,-59.21
175,90,12.88,-19.556,-64.76
175,90,13.2,-28.79,-75.57
175,90,13.52,-20.422,-66.43
175,90,13.84,-21.188,-68.67
175,90,14.16,-17.536,-65.76
175,90,14.48,-20.944,-72.77
175,90,14.8,-18.71,-66.72
175,90,15.12,-20.14,-66.57
175,90,15.44,-25.746,-72.06
175,90,15.76,-29.238,-76.43
175,90,16.08,-28.712,-76.17
175,90,16.4,-18.35,-68.16
175,90,16.72,-22.068,-71.55
175,90,17.04,-21.536,-72.79
175,90,17.36,-18.306,-70.95
175,90,17.68,-23.272,-76.35
175,90,18,-22.06,-74.87
176,90,2,-9.33,-31.12
176,90,2.32,-6.836,-32.49
176,90,2.64,-5.528,-34.24
176,90,2.96,-1.488,-29.8
176,90,3.28,-2.18200000000001,-32.2
176,90,3.6,-5.64,-33.09
176,90,3.92,-10.142,-37.69
176,90,4.24,-11.996,-41.02
176,90,4.56,-8.956,-38.77
176,90,4.88,-10.79,-40.92
176,90,5.2,-6.92,-38.34
176,90,5.52,-9.568,-39.85
176,90,5.84,-9.742,-41.19
176,90,6.16,-11.38,-43.42
176,90,6.48,-11.216,-45.3
176,90,6.8,-13.28,-46.78
176,90,7.12,-13.676,-48.27
176,90,7.44,-11.246,-45.58
176,90,7.76,-8.808,-44.03
176,90,8.08,-12.506,-47.31
176,90,8.4,-13.42,-48.8
176,90,8.72,-12.438,-49.74
176,90,9.04,-18.764,-56.55
176,90,9.36,-15.004,-53.07
176,90,9.68,-15.18,-54.07
176,90,10,-12.24,-51.31
176,90,10.32,-11.692,-51.32
176,90,10.64,-19.318,-59.33
176,90,10.96,-15.736,-55.72
176,90,11.28,-16.046,-56.49
176,90,11.6,-18.76,-59.63
176,90,11.92,-16.134,-57.26
176,90,12.24,-21.394,-63.65
176,90,12.56,-16.1,-60.17
176,90,12.88,-24.196,-69.4
176,90,13.2,-26.89,-73.67
176,90,13.52,-20.592,-66.6
176,90,13.84,-20.928,-68.41
176,90,14.16,-17.896,-66.12
176,90,14.48,-22.954,-74.78
176,90,14.8,-20.01,-68.02
176,90,15.12,-21.58,-68.01
176,90,15.44,-22.476,-68.79
176,90,15.76,-27.238,-74.43
176,90,16.08,-23.482,-70.94
176,90,16.4,-18.84,-68.65
176,90,16.72,-23.808,-73.29
176,90,17.04,-23.686,-74.94
176,90,17.36,-17.236,-69.88
176,90,17.68,-25.692,-78.77
176,90,18,-24.33,-77.14
177,90,2,-9.08,-30.87
177,90,2.32,-7.126,-32.78
177,90,2.64,-5.118,-33.83
177,90,2.96,-1.958,-30.27
177,90,3.28,-2.022,-32.04
177,90,3.6,-5.6,-33.05
177,90,3.92,-10.182,-37.73
177,90,4.24,-12.046,-41.07
177,90,4.56,-8.986,-38.8
177,90,4.88,-9.93,-40.06
177,90,5.2,-6.62,-38.04
177,90,5.52,-9.948,-40.23
177,90,5.84,-9.842,-41.29
177,90,6.16,-11.03,-43.07
177,90,6.48,-10.656,-44.74
177,90,6.8,-13.9,-47.4
177,90,7.12,-12.536,-47.13
177,90,7.44,-11.166,-45.5
177,90,7.76,-9.008,-44.23
177,90,8.08,-11.646,-46.45
177,90,8.4,-13.63,-49.01
177,90,8.72,-12.038,-49.34
177,90,9.04,-18.094,-55.88
177,90,9.36,-13.884,-51.95
177,90,9.68,-15.3,-54.19
177,90,10,-12.6,-51.67
177,90,10.32,-13.102,-52.73
177,90,10.64,-17.248,-57.26
177,90,10.96,-16.046,-56.03
177,90,11.28,-16.196,-56.64
177,90,11.6,-18.85,-59.72
177,90,11.92,-18.644,-59.77
177,90,12.24,-21.514,-63.77
177,90,12.56,-15.74,-59.81
177,90,12.88,-24.906,-70.11
177,90,13.2,-28.99,-75.77
177,90,13.52,-18.672,-64.68
177,90,13.84,-26.898,-74.38
177,90,14.16,-18.796,-67.02
177,90,14.48,-24.154,-75.98
177,90,14.8,-16.18,-64.19
177,90,15.12,-20.57,-67
177,90,15.44,-27.696,-74.01
177,90,15.76,-27.798,-74.99
177,90,16.08,-25.522,-72.98
177,90,16.4,-19.67,-69.48
177,90,16.72,-25.848,-75.33
177,90,17.04,-34.436,-85.69
177,90,17.36,-18.506,-71.15
177,90,17.68,-21.552,-74.63
177,90,18,-21.4,-74.21
178,90,2,-8.85,-30.64
178,90,2.32,-7.396,-33.05
178,90,2.64,-4.688,-33.4
178,90,2.96,-2.278,-30.59
178,90,3.28,-1.922,-31.94
178,90,3.6,-5.55,-33
178,90,3.92,-10.062,-37.61
178,90,4.24,-11.996,-41.02
178,90,4.56,-8.976,-38.79
178,90,4.88,-9.23,-39.36
178,90,5.2,-6.47,-37.89
178,90,5.52,-10.328,-40.61
178,90,5.84,-10.192,-41.64
178,90,6.16,-10.95,-42.99
178,90,6.48,-10.586,-44.67
178,90,6.8,-14.2,-47.7
178,90,7.12,-12.186,-46.78
178,90,7.44,-11.166,-45.5
178,90,7.76,-8.438,-43.66
178,90,8.08,-11.106,-45.91
178,90,8.4,-13.38,-48.76
178,90,8.72,-11.518,-48.82
178,90,9.04,-16.684,-54.47
178,90,9.36,-14.634,-52.7
178,90,9.68,-15.31,-54.2
178,90,10,-12.17,-51.24
178,90,10.32,-15.382,-55.01
178,90,10.64,-16.328,-56.34
178,90,10.96,-18.476,-58.46
178,90,11.28,-16.516,-56.96
178,90,11.6,-20.31,-61.18
178,90,11.92,-17.984,-59.11
178,90,12.24,-21.954,-64.21
178,90,12.56,-15.85,-59.92
178,90,12.88,-32.166,-77.37
178,90,13.2,-23.48,-70.26
178,90,13.52,-24.302,-70.31
178,90,13.84,-26.778,-74.26
178,90,14.16,-15.706,-63.93
178,90,14.48,-25.284,-77.11
178,90,14.8,-16.27,-64.28
178,90,15.12,-29.36,-75.79
178,90,15.44,-22.636,-68.95
178,90,15.76,-36.528,-83.72
178,90,16.08,-30.042,-77.5
178,90,16.4,-21.31,-71.12
178,90,16.72,-23.808,-73.29
178,90,17.04,-25.596,-76.85
178,90,17.36,-23.016,-75.66
178,90,17.68,-21.482,-74.56
178,90,18,-44.97,-97.78
179,90,2,-8.62,-30.41
179,90,2.32,-7.646,-33.3
179,90,2.64,-4.308,-33.02
179,90,2.96,-2.448,-30.76
179,90,3.28,-1.732,-31.75
179,90,3.6,-5.45,-32.9
179,90,3.92,-9.992,-37.54
179,90,4.24,-11.986,-41.01
179,90,4.56,-9.126,-38.94
179,90,4.88,-8.63,-38.76
179,90,5.2,-6.47,-37.89
179,90,5.52,-10.478,-40.76
179,90,5.84,-10.442,-41.89
179,90,6.16,-10.83,-42.87
179,90,6.48,-10.816,-44.9
179,90,6.8,-13.92,-47.42
179,90,7.12,-11.736,-46.33
179,90,7.44,-11.566,-45.9
179,90,7.76,-8.258,-43.48
179,90,8.08,-10.506,-45.31
179,90,8.4,-15.6,-50.98
179,90,8.72,-12.048,-49.35
179,90,9.04,-17.704,-55.49
179,90,9.36,-14.974,-53.04
179,90,9.68,-15.28,-54.17
179,90,10,-11.63,-50.7
179,90,10.32,-15.302,-54.93
179,90,10.64,-14.868,-54.88
179,90,10.96,-17.986,-57.97
179,90,11.28,-19.036,-59.48
179,90,11.6,-21.4,-62.27
179,90,11.92,-21.544,-62.67
179,90,12.24,-26.174,-68.43
179,90,12.56,-16.78,-60.85
179,90,12.88,-24.866,-70.07
179,90,13.2,-25.64,-72.42
179,90,13.52,-22.922,-68.93
179,90,13.84,-20.818,-68.3
179,90,14.16,-19.226,-67.45
179,90,14.48,-21.424,-73.25
179,90,14.8,-23.68,-71.69
179,90,15.12,-27.03,-73.46
179,90,15.44,-23.836,-70.15
179,90,15.76,-26.328,-73.52
179,90,16.08,-26.382,-73.84
179,90,16.4,-15.36,-65.17
179,90,16.72,-25.668,-75.15
179,90,17.04,-31.226,-82.48
179,90,17.36,-16.946,-69.59
179,90,17.68,-27.032,-80.11
179,90,18,-26.25,-79.06
180,90,2,-8.53,-30.32
180,90,2.32,-7.766,-33.42
180,90,2.64,-4.268,-32.98
180,90,2.96,-2.588,-30.9
180,90,3.28,-1.682,-31.7
180,90,3.6,-5.56,-33.01
180,90,3.92,-10.022,-37.57
180,90,4.24,-11.596,-40.62
180,90,4.56,-9.216,-39.03
180,90,4.88,-8.41999999999999,-38.55
180,90,5.2,-6.63,-38.05
180,90,5.52,-10.608,-40.89
180,90,5.84,-10.462,-41.91
180,90,6.16,-10.67,-42.71
180,90,6.48,-10.946,-45.03
180,90,6.8,-13.03,-46.53
180,90,7.12,-12.796,-47.39
180,90,7.44,-11.566,-45.9
180,90,7.76,-8.218,-43.44
180,90,8.08,-10.226,-45.03
180,90,8.4,-16.28,-51.66
180,90,8.72,-11.528,-48.83
180,90,9.04,-17.464,-55.25
180,90,9.36,-15.714,-53.78
180,90,9.68,-15.68,-54.57
180,90,10,-10.98,-50.05
180,90,10.32,-13.192,-52.82
180,90,10.64,-15.598,-55.61
180,90,10.96,-16.656,-56.64
180,90,11.28,-18.546,-58.99
180,90,11.6,-18.96,-59.83
180,90,11.92,-20.644,-61.77
180,90,12.24,-22.874,-65.13
180,90,12.56,-17.95,-62.02
180,90,12.88,-28.906,-74.11
180,90,13.2,-34.53,-81.31
180,90,13.52,-22.412,-68.42
180,90,13.84,-23.958,-71.44
180,90,14.16,-22.556,-70.78
180,90,14.48,-37.764,-89.59
180,90,14.8,-17.89,-65.9
180,90,15.12,-25.55,-71.98
180,90,15.44,-39.876,-86.19
180,90,15.76,-28.508,-75.7
180,90,16.08,-24.212,-71.67
180,90,16.4,-20.41,-70.22
180,90,16.72,-28.298,-77.78
180,90,17.04,-30.126,-81.38
180,90,17.36,-19.406,-72.05
180,90,17.68,-20.252,-73.33
180,90,18,-21.61,-74.42
