Phi (deg),Theta (deg),Freq (GHz),Gain (dB),S21 (dB)
-179,90,2,-10.13,-31.92
-179,90,2.32,-8.906,-34.56
-179,90,2.64,-5.688,-34.4
-179,90,2.96,-3.078,-31.39
-179,90,3.28,-1.952,-31.97
-179,90,3.6,-6.75,-34.2
-179,90,3.92,-10.602,-38.15
-179,90,4.24,-13.086,-42.11
-179,90,4.56,-10.766,-40.58
-179,90,4.88,-9.48,-39.61
-179,90,5.2,-8.23,-39.65
-179,90,5.52,-11.128,-41.41
-179,90,5.84,-10.722,-42.17
-179,90,6.16,-11.18,-43.22
-179,90,6.48,-11.716,-45.8
-179,90,6.8,-13.27,-46.77
-179,90,7.12,-14.486,-49.08
-179,90,7.44,-12.956,-47.29
-179,90,7.76,-8.558,-43.78
-179,90,8.08,-11.386,-46.19
-179,90,8.4,-17.21,-52.59
-179,90,8.72,-13.448,-50.75
-179,90,9.04,-17.464,-55.25
-179,90,9.36,-14.864,-52.93
-179,90,9.68,-15.86,-54.75
-179,90,10,-11.87,-50.94
-179,90,10.32,-14.082,-53.71
-179,90,10.64,-17.318,-57.33
-179,90,10.96,-15.476,-55.46
-179,90,11.28,-20.116,-60.56
-179,90,11.6,-24.18,-65.05
-179,90,11.92,-18.184,-59.31
-179,90,12.24,-23.574,-65.83
-179,90,12.56,-18.03,-62.1
-179,90,12.88,-24.406,-69.61
-179,90,13.2,-31.22,-78
-179,90,13.52,-18.592,-64.6
-179,90,13.84,-20.728,-68.21
-179,90,14.16,-16.896,-65.12
-179,90,14.48,-24.034,-75.86
-179,90,14.8,-18.17,-66.18
-179,90,15.12,-21.98,-68.41
-179,90,15.44,-25.476,-71.79
-179,90,15.76,-21.278,-68.47
-179,90,16.08,-28.462,-75.92
-179,90,16.4,-25.31,-75.12
-179,90,16.72,-27.228,-76.71
-179,90,17.04,-32.416,-83.67
-179,90,17.36,-23.646,-76.29
-179,90,17.68,-24.862,-77.94
-179,90,18,-23.57,-76.38
-178,90,2,-10.06,-31.85
-178,90,2.32,-9.026,-34.68
-178,90,2.64,-5.978,-34.69
-178,90,2.96,-3.028,-31.34
-178,90,3.28,-1.942,-31.96
-178,90,3.6,-6.88,-34.33
-178,90,3.92,-10.382,-37.93
-178,90,4.24,-13.056,-42.08
-178,90,4.56,-11.026,-40.84
-178,90,4.88,-9.96,-40.09
-178,90,5.2,-8.7,-40.12
-178,90,5.52,-11.488,-41.77
-178,90,5.84,-10.522,-41.97
-178,90,6.16,-11.36,-43.4
-178,90,6.48,-12.146,-46.23
-178,90,6.8,-13.2,-46.7
-178,90,7.12,-14.506,-49.1
-178,90,7.44,-12.856,-47.19
-178,90,7.76,-8.748,-43.97
-178,90,8.08,-12.276,-47.08
-178,90,8.4,-14.43,-49.81
-178,90,8.72,-13.278,-50.58
-178,90,9.04,-16.894,-54.68
-178,90,9.36,-15.524,-53.59
-178,90,9.68,-16.79,-55.68
-178,90,10,-13.43,-52.5
-178,90,10.32,-13.812,-53.44
-178,90,10.64,-18.428,-58.44
-178,90,10.96,-16.956,-56.94
-178,90,11.28,-19.036,-59.48
-178,90,11.6,-23.07,-63.94
-178,90,11.92,-19.314,-60.44
-178,90,12.24,-20.934,-63.19
-178,90,12.56,-18.47,-62.54
-178,90,12.88,-23.086,-68.29
-178,90,13.2,-26.11,-72.89
-178,90,13.52,-23.932,-69.94
-178,90,13.84,-27.888,-75.37
-178,90,14.16,-21.116,-69.34
-178,90,14.48,-22.084,-73.91
-178,90,14.8,-29.95,-77.96
-178,90,15.12,-20.36,-66.79
-178,90,15.44,-28.936,-75.25
-178,90,15.76,-20.998,-68.19
-178,90,16.08,-31.702,-79.16
-178,90,16.4,-24.89,-74.7
-178,90,16.72,-18.638,-68.12
-178,90,17.04,-26.676,-77.93
-178,90,17.36,-25.796,-78.44
-178,90,17.68,-20.532,-73.61
-178,90,18,-33.26,-86.07
-177,90,2,-10.07,-31.86
-177,90,2.32,-9.126,-34.78
-177,90,2.64,-6.548,-35.26
-177,90,2.96,-2.878,-31.19
-177,90,3.28,-1.982,-32
-177,90,3.6,-7.11,-34.56
-177,90,3.92,-10.102,-37.65
-177,90,4.24,-13.226,-42.25
-177,90,4.56,-10.826,-40.64
-177,90,4.88,-10.78,-40.91
-177,90,5.2,-8.98,-40.4
-177,90,5.52,-11.368,-41.65
-177,90,5.84,-10.182,-41.63
-177,90,6.16,-11.66,-43.7
-177,90,6.48,-12.266,-46.35
-177,90,6.8,-13.84,-47.34
-177,90,7.12,-15.106,-49.7
-177,90,7.44,-12.836,-47.17
-177,90,7.76,-8.818,-44.04
-177,90,8.08,-12.896,-47.7
-177,90,8.4,-13.87,-49.25
-177,90,8.72,-12.418,-49.72
-177,90,9.04,-15.974,-53.76
-177,90,9.36,-16.244,-54.31
-177,90,9.68,-16.13,-55.02
-177,90,10,-14.88,-53.95
-177,90,10.32,-15.102,-54.73
-177,90,10.64,-16.988,-57
-177,90,10.96,-19.726,-59.71
-177,90,11.28,-17.916,-58.36
-177,90,11.6,-20.98,-61.85
-177,90,11.92,-16.924,-58.05
-177,90,12.24,-24.284,-66.54
-177,90,12.56,-17.17,-61.24
-177,90,12.88,-25.076,-70.28
-177,90,13.2,-25.28,-72.06
-177,90,13.52,-24.472,-70.48
-177,90,13.84,-30.028,-77.51
-177,90,14.16,-21.816,-70.04
-177,90,14.48,-20.044,-71.87
-177,90,14.8,-23.12,-71.13
-177,90,15.12,-21.27,-67.7
-177,90,15.44,-24.316,-70.63
-177,90,15.76,-25.878,-73.07
-177,90,16.08,-25.452,-72.91
-177,90,16.4,-20.71,-70.52
-177,90,16.72,-19.188,-68.67
-177,90,17.04,-25.506,-76.76
-177,90,17.36,-20.586,-73.23
-177,90,17.68,-23.192,-76.27
-177,90,18,-26.47,-79.28
-176,90,2,-10.16,-31.95
-176,90,2.32,-9.026,-34.68
-176,90,2.64,-7.088,-35.8
-176,90,2.96,-2.748,-31.06
-176,90,3.28,-2.332,-32.35
-176,90,3.6,-7.3,-34.75
-176,90,3.92,-9.992,-37.54
-176,90,4.24,-13.066,-42.09
-176,90,4.56,-10.836,-40.65
-176,90,4.88,-11.87,-42
-176,90,5.2,-8.61,-40.03
-176,90,5.52,-11.298,-41.58
-176,90,5.84,-10.282,-41.73
-176,90,6.16,-11.67,-43.71
-176,90,6.48,-12.566,-46.65
-176,90,6.8,-14.11,-47.61
-176,90,7.12,-14.966,-49.56
-176,90,7.44,-13.536,-47.87
-176,90,7.76,-9.098,-44.32
-176,90,8.08,-13.486,-48.29
-176,90,8.4,-13.76,-49.14
-176,90,8.72,-13.138,-50.44
-176,90,9.04,-15.534,-53.32
-176,90,9.36,-16.554,-54.62
-176,90,9.68,-15.14,-54.03
-176,90,10,-14.47,-53.54
-176,90,10.32,-14.332,-53.96
-176,90,10.64,-16.238,-56.25
-176,90,10.96,-20.646,-60.63
-176,90,11.28,-18.036,-58.48
-176,90,11.6,-22.15,-63.02
-176,90,11.92,-17.594,-58.72
-176,90,12.24,-23.774,-66.03
-176,90,12.56,-16.58,-60.65
-176,90,12.88,-24.196,-69.4
-176,90,13.2,-28.81,-75.59
-176,90,13.52,-20.732,-66.74
-176,90,13.84,-23.378,-70.86
-176,90,14.16,-19.326,-67.55
-176,90,14.48,-18.554,-70.38
-176,90,14.8,-20.65,-68.66
-176,90,15.12,-21.41,-67.84
-176,90,15.44,-23.066,-69.38
-176,90,15.76,-24.928,-72.12
-176,90,16.08,-39.792,-87.25
-176,90,16.4,-25.32,-75.13
-176,90,16.72,-22.788,-72.27
-176,90,17.04,-24.676,-75.93
-176,90,17.36,-17.676,-70.32
-176,90,17.68,-26.512,-79.59
-176,90,18,-17.32,-70.13
-175,90,2,-10.41,-32.2
-175,90,2.32,-9.006,-34.66
-175,90,2.64,-7.748,-36.46
-175,90,2.96,-2.538,-30.85
-175,90,3.28,-2.722,-32.74
-175,90,3.6,-7.51,-34.96
-175,90,3.92,-9.742,-37.29
-175,90,4.24,-13.206,-42.23
-175,90,4.56,-10.536,-40.35
-175,90,4.88,-13.19,-43.32
-175,90,5.2,-8.65,-40.07
-175,90,5.52,-11.148,-41.43
-175,90,5.84,-10.522,-41.97
-175,90,6.16,-11.7,-43.74
-175,90,6.48,-13.256,-47.34
-175,90,6.8,-14.52,-48.02
-175,90,7.12,-14.906,-49.5
-175,90,7.44,-13.366,-47.7
-175,90,7.76,-9.638,-44.86
-175,90,8.08,-12.996,-47.8
-175,90,8.4,-14.62,-50
-175,90,8.72,-13.038,-50.34
-175,90,9.04,-14.844,-52.63
-175,90,9.36,-16.714,-54.78
-175,90,9.68,-16.18,-55.07
-175,90,10,-14.52,-53.59
-175,90,10.32,-13.442,-53.07
-175,90,10.64,-15.978,-55.99
-175,90,10.96,-19.596,-59.58
-175,90,11.28,-18.346,-58.79
-175,90,11.6,-17.81,-58.68
-175,90,11.92,-16.764,-57.89
-175,90,12.24,-21.194,-63.45
-175,90,12.56,-16.99,-61.06
-175,90,12.88,-23.306,-68.51
-175,90,13.2,-24.94,-71.72
-175,90,13.52,-24.062,-70.07
-175,90,13.84,-17.358,-64.84
-175,90,14.16,-24.226,-72.45
-175,90,14.48,-21.754,-73.58
-175,90,14.8,-22.69,-70.7
-175,90,15.12,-29.95,-76.38
-175,90,15.44,-24.876,-71.19
-175,90,15.76,-25.808,-73
-175,90,16.08,-24.722,-72.18
-175,90,16.4,-28.36,-78.17
-175,90,16.72,-21.818,-71.3
-175,90,17.04,-31.286,-82.54
-175,90,17.36,-23.106,-75.75
-175,90,17.68,-24.022,-77.1
-175,90,18,-14.37,-67.18
-174,90,2,-10.55,-32.34
-174,90,2.32,-8.926,-34.58
-174,90,2.64,-8.428,-37.14
-174,90,2.96,-2.298,-30.61
-174,90,3.28,-3.032,-33.05
-174,90,3.6,-7.75,-35.2
-174,90,3.92,-9.872,-37.42
-174,90,4.24,-13.206,-42.23
-174,90,4.56,-10.416,-40.23
-174,90,4.88,-14.62,-44.75
-174,90,5.2,-8.27,-39.69
-174,90,5.52,-10.788,-41.07
-174,90,5.84,-10.852,-42.3
-174,90,6.16,-11.52,-43.56
-174,90,6.48,-13.926,-48.01
-174,90,6.8,-14.11,-47.61
-174,90,7.12,-15.126,-49.72
-174,90,7.44,-13.316,-47.65
-174,90,7.76,-10.208,-45.43
-174,90,8.08,-13.316,-48.12
-174,90,8.4,-16.27,-51.65
-174,90,8.72,-14.468,-51.77
-174,90,9.04,-15.514,-53.3
-174,90,9.36,-16.824,-54.89
-174,90,9.68,-15.67,-54.56
-174,90,10,-17.06,-56.13
-174,90,10.32,-13.312,-52.94
-174,90,10.64,-15.678,-55.69
-174,90,10.96,-19.716,-59.7
-174,90,11.28,-18.176,-58.62
-174,90,11.6,-19.23,-60.1
-174,90,11.92,-16.244,-57.37
-174,90,12.24,-21.314,-63.57
-174,90,12.56,-18.94,-63.01
-174,90,12.88,-27.026,-72.23
-174,90,13.2,-23.54,-70.32
-174,90,13.52,-24.002,-70.01
-174,90,13.84,-33.228,-80.71
-174,90,14.16,-15.666,-63.89
-174,90,14.48,-18.544,-70.37
-174,90,14.8,-24.96,-72.97
-174,90,15.12,-17.67,-64.1
-174,90,15.44,-21.256,-67.57
-174,90,15.76,-27.818,-75.01
-174,90,16.08,-25.572,-73.03
-174,90,16.4,-21.45,-71.26
-174,90,16.72,-27.318,-76.8
-174,90,17.04,-29.426,-80.68
-174,90,17.36,-26.796,-79.44
-174,90,17.68,-27.572,-80.65
-174,90,18,-26.83,-79.64
-173,90,2,-10.83,-32.62
-173,90,2.32,-8.836,-34.49
-173,90,2.64,-9.008,-37.72
-173,90,2.96,-2.168,-30.48
-173,90,3.28,-3.352,-33.37
-173,90,3.6,-7.86,-35.31
-173,90,3.92,-10.292,-37.84
-173,90,4.24,-13.306,-42.33
-173,90,4.56,-10.396,-40.21
-173,90,4.88,-15.44,-45.57
-173,90,5.2,-8.29,-39.71
-173,90,5.52,-10.628,-40.91
-173,90,5.84,-11.482,-42.93
-173,90,6.16,-12.03,-44.07
-173,90,6.48,-14.616,-48.7
-173,90,6.8,-14.6,-48.1
-173,90,7.12,-15.216,-49.81
-173,90,7.44,-13.286,-47.62
-173,90,7.76,-10.708,-45.93
-173,90,8.08,-13.686,-48.49
-173,90,8.4,-17.21,-52.59
-173,90,8.72,-15.518,-52.82
-173,90,9.04,-15.524,-53.31
-173,90,9.36,-15.854,-53.92
-173,90,9.68,-15.19,-54.08
-173,90,10,-17.07,-56.14
-173,90,10.32,-14.362,-53.99
-173,90,10.64,-18.718,-58.73
-173,90,10.96,-17.846,-57.83
-173,90,11.28,-18.736,-59.18
-173,90,11.6,-22.03,-62.9
-173,90,11.92,-17.304,-58.43
-173,90,12.24,-20.424,-62.68
-173,90,12.56,-16.67,-60.74
-173,90,12.88,-26.326,-71.53
-173,90,13.2,-25.65,-72.43
-173,90,13.52,-22.772,-68.78
-173,90,13.84,-24.428,-71.91
-173,90,14.16,-15.946,-64.17
-173,90,14.48,-27.934,-79.76
-173,90,14.8,-25.73,-73.74
-173,90,15.12,-21.04,-67.47
-173,90,15.44,-20.316,-66.63
-173,90,15.76,-24.888,-72.08
-173,90,16.08,-31.262,-78.72
-173,90,16.4,-21.3,-71.11
-173,90,16.72,-26.378,-75.86
-173,90,17.04,-34.356,-85.61
-173,90,17.36,-19.376,-72.02
-173,90,17.68,-22.972,-76.05
-173,90,18,-14.49,-67.3
-172,90,2,-11.12,-32.91
-172,90,2.32,-8.826,-34.48
-172,90,2.64,-9.518,-38.23
-172,90,2.96,-2.078,-30.39
-172,90,3.28,-3.782,-33.8
-172,90,3.6,-8.2,-35.65
-172,90,3.92,-10.882,-38.43
-172,90,4.24,-13.736,-42.76
-172,90,4.56,-10.526,-40.34
-172,90,4.88,-15.18,-45.31
-172,90,5.2,-8.54,-39.96
-172,90,5.52,-10.758,-41.04
-172,90,5.84,-11.792,-43.24
-172,90,6.16,-12.31,-44.35
-172,90,6.48,-14.106,-48.19
-172,90,6.8,-14.38,-47.88
-172,90,7.12,-15.426,-50.02
-172,90,7.44,-13.246,-47.58
-172,90,7.76,-10.578,-45.8
-172,90,8.08,-15.216,-50.02
-172,90,8.4,-16.44,-51.82
-172,90,8.72,-16.588,-53.89
-172,90,9.04,-15.854,-53.64
-172,90,9.36,-17.034,-55.1
-172,90,9.68,-15.22,-54.11
-172,90,10,-18.39,-57.46
-172,90,10.32,-14.452,-54.08
-172,90,10.64,-19.898,-59.91
-172,90,10.96,-18.746,-58.73
-172,90,11.28,-20.216,-60.66
-172,90,11.6,-19.82,-60.69
-172,90,11.92,-17.724,-58.85
-172,90,12.24,-19.014,-61.27
-172,90,12.56,-18.16,-62.23
-172,90,12.88,-22.846,-68.05
-172,90,13.2,-23.51,-70.29
-172,90,13.52,-26.952,-72.96
-172,90,13.84,-23.058,-70.54
-172,90,14.16,-16.966,-65.19
-172,90,14.48,-26.214,-78.04
-172,90,14.8,-22.13,-70.14
-172,90,15.12,-30.36,-76.79
-172,90,15.44,-26.666,-72.98
-172,90,15.76,-24.868,-72.06
-172,90,16.08,-30.162,-77.62
-172,90,16.4,-19.84,-69.65
-172,90,16.72,-37.558,-87.04
-172,90,17.04,-20.296,-71.55
-172,90,17.36,-23.666,-76.31
-172,90,17.68,-17.842,-70.92
-172,90,18,-14.7,-67.51
-171,90,2,-11.4,-33.19
-171,90,2.32,-8.746,-34.4
-171,90,2.64,-9.898,-38.61
-171,90,2.96,-2.278,-30.59
-171,90,3.28,-4.192,-34.21
-171,90,3.6,-8.52,-35.97
-171,90,3.92,-11.722,-39.27
-171,90,4.24,-14.006,-43.03
-171,90,4.56,-10.766,-40.58
-171,90,4.88,-14.11,-44.24
-171,90,5.2,-8.93,-40.35
-171,90,5.52,-10.958,-41.24
-171,90,5.84,-12.022,-43.47
-171,90,6.16,-12.67,-44.71
-171,90,6.48,-14.276,-48.36
-171,90,6.8,-15.18,-48.68
-171,90,7.12,-15.596,-50.19
-171,90,7.44,-13.666,-48
-171,90,7.76,-10.648,-45.87
-171,90,8.08,-16.796,-51.6
-171,90,8.4,-15.56,-50.94
-171,90,8.72,-16.898,-54.2
-171,90,9.04,-16.284,-54.07
-171,90,9.36,-19.914,-57.98
-171,90,9.68,-14.47,-53.36
-171,90,10,-22.6,-61.67
-171,90,10.32,-13.852,-53.48
-171,90,10.64,-18.268,-58.28
-171,90,10.96,-20.066,-60.05
-171,90,11.28,-19.366,-59.81
-171,90,11.6,-18.82,-59.69
-171,90,11.92,-19.054,-60.18
-171,90,12.24,-23.624,-65.88
-171,90,12.56,-21.22,-65.29
-171,90,12.88,-27.096,-72.3
-171,90,13.2,-21.77,-68.55
-171,90,13.52,-24.392,-70.4
-171,90,13.84,-25.508,-72.99
-171,90,14.16,-22.406,-70.63
-171,90,14.48,-28.304,-80.13
-171,90,14.8,-24.63,-72.64
-171,90,15.12,-23.04,-69.47
-171,90,15.44,-24.516,-70.83
-171,90,15.76,-24.178,-71.37
-171,90,16.08,-31.862,-79.32
-171,90,16.4,-21.18,-70.99
-171,90,16.72,-22.658,-72.14
-171,90,17.04,-18.896,-70.15
-171,90,17.36,-19.796,-72.44
-171,90,17.68,-24.442,-77.52
-171,90,18,-22.57,-75.38
-170,90,2,-11.81,-33.6
-170,90,2.32,-8.916,-34.57
-170,90,2.64,-10.238,-38.95
-170,90,2.96,-2.428,-30.74
-170,90,3.28,-4.332,-34.35
-170,90,3.6,-8.98,-36.43
-170,90,3.92,-12.632,-40.18
-170,90,4.24,-14.486,-43.51
-170,90,4.56,-11.386,-41.2
-170,90,4.88,-13.18,-43.31
-170,90,5.2,-9.39,-40.81
-170,90,5.52,-11.588,-41.87
-170,90,5.84,-11.952,-43.4
-170,90,6.16,-13.22,-45.26
-170,90,6.48,-14.006,-48.09
-170,90,6.8,-15.95,-49.45
-170,90,7.12,-16.586,-51.18
-170,90,7.44,-14.266,-48.6
-170,90,7.76,-10.918,-46.14
-170,90,8.08,-16.586,-51.39
-170,90,8.4,-14.95,-50.33
-170,90,8.72,-16.198,-53.5
-170,90,9.04,-14.794,-52.58
-170,90,9.36,-20.764,-58.83
-170,90,9.68,-13.63,-52.52
-170,90,10,-21.1,-60.17
-170,90,10.32,-14.132,-53.76
-170,90,10.64,-19.498,-59.51
-170,90,10.96,-23.086,-63.07
-170,90,11.28,-18.556,-59
-170,90,11.6,-17.63,-58.5
-170,90,11.92,-20.234,-61.36
-170,90,12.24,-22.074,-64.33
-170,90,12.56,-22.34,-66.41
-170,90,12.88,-23.206,-68.41
-170,90,13.2,-20.26,-67.04
-170,90,13.52,-26.432,-72.44
-170,90,13.84,-26.208,-73.69
-170,90,14.16,-15.756,-63.98
-170,90,14.48,-23.724,-75.55
-170,90,14.8,-18.69,-66.7
-170,90,15.12,-23.75,-70.18
-170,90,15.44,-21.406,-67.72
-170,90,15.76,-30.698,-77.89
-170,90,16.08,-29.242,-76.7
-170,90,16.4,-21.58,-71.39
-170,90,16.72,-25.158,-74.64
-170,90,17.04,-21.846,-73.1
-170,90,17.36,-21.096,-73.74
-170,90,17.68,-19.392,-72.47
-170,90,18,-24.81,-77.62
-169,90,2,-12.07,-33.86
-169,90,2.32,-9.166,-34.82
-169,90,2.64,-10.138,-38.85
-169,90,2.96,-2.858,-31.17
-169,90,3.28,-4.61200000000001,-34.63
-169,90,3.6,-9.43,-36.88
-169,90,3.92,-13.692,-41.24
-169,90,4.24,-14.586,-43.61
-169,90,4.56,-11.796,-41.61
-169,90,4.88,-12.3,-42.43
-169,90,5.2,-10.79,-42.21
-169,90,5.52,-11.868,-42.15
-169,90,5.84,-11.912,-43.36
-169,90,6.16,-13.62,-45.66
-169,90,6.48,-14.276,-48.36
-169,90,6.8,-15.66,-49.16
-169,90,7.12,-17.366,-51.96
-169,90,7.44,-13.236,-47.57
-169,90,7.76,-12.138,-47.36
-169,90,8.08,-15.636,-50.44
-169,90,8.4,-16.14,-51.52
-169,90,8.72,-17.818,-55.12
-169,90,9.04,-16.164,-53.95
-169,90,9.36,-22.954,-61.02
-169,90,9.68,-12.85,-51.74
-169,90,10,-22.43,-61.5
-169,90,10.32,-14.872,-54.5
-169,90,10.64,-19.008,-59.02
-169,90,10.96,-23.216,-63.2
-169,90,11.28,-19.716,-60.16
-169,90,11.6,-19.31,-60.18
-169,90,11.92,-19.024,-60.15
-169,90,12.24,-18.744,-61
-169,90,12.56,-20.01,-64.08
-169,90,12.88,-21.736,-66.94
-169,90,13.2,-20.6,-67.38
-169,90,13.52,-25.212,-71.22
-169,90,13.84,-27.508,-74.99
-169,90,14.16,-20.966,-69.19
-169,90,14.48,-16.554,-68.38
-169,90,14.8,-17.93,-65.94
-169,90,15.12,-34.69,-81.12
-169,90,15.44,-24.346,-70.66
-169,90,15.76,-35.128,-82.32
-169,90,16.08,-27.642,-75.1
-169,90,16.4,-22.59,-72.4
-169,90,16.72,-36.198,-85.68
-169,90,17.04,-33.526,-84.78
-169,90,17.36,-28.476,-81.12
-169,90,17.68,-21.032,-74.11
-169,90,18,-16.66,-69.47
-168,90,2,-12.39,-34.18
-168,90,2.32,-9.526,-35.18
-168,90,2.64,-10.028,-38.74
-168,90,2.96,-3.358,-31.67
-168,90,3.28,-4.972,-34.99
-168,90,3.6,-10.12,-37.57
-168,90,3.92,-14.282,-41.83
-168,90,4.24,-14.436,-43.46
-168,90,4.56,-12.276,-42.09
-168,90,4.88,-11.27,-41.4
-168,90,5.2,-11.44,-42.86
-168,90,5.52,-11.828,-42.11
-168,90,5.84,-11.692,-43.14
-168,90,6.16,-14.16,-46.2
-168,90,6.48,-14.856,-48.94
-168,90,6.8,-16.05,-49.55
-168,90,7.12,-17.756,-52.35
-168,90,7.44,-11.926,-46.26
-168,90,7.76,-13.558,-48.78
-168,90,8.08,-14.776,-49.58
-168,90,8.4,-16.39,-51.77
-168,90,8.72,-19.008,-56.31
-168,90,9.04,-16.464,-54.25
-168,90,9.36,-19.744,-57.81
-168,90,9.68,-13.85,-52.74
-168,90,10,-23.65,-62.72
-168,90,10.32,-17.192,-56.82
-168,90,10.64,-21.278,-61.29
-168,90,10.96,-22.706,-62.69
-168,90,11.28,-20.246,-60.69
-168,90,11.6,-18.38,-59.25
-168,90,11.92,-20.294,-61.42
-168,90,12.24,-18.004,-60.26
-168,90,12.56,-21.19,-65.26
-168,90,12.88,-36.346,-81.55
-168,90,13.2,-21.47,-68.25
-168,90,13.52,-24.692,-70.7
-168,90,13.84,-24.328,-71.81
-168,90,14.16,-18.026,-66.25
-168,90,14.48,-23.124,-74.95
-168,90,14.8,-27.28,-75.29
-168,90,15.12,-28.82,-75.25
-168,90,15.44,-30.966,-77.28
-168,90,15.76,-18.698,-65.89
-168,90,16.08,-35.332,-82.79
-168,90,16.4,-21.95,-71.76
-168,90,16.72,-36.638,-86.12
-168,90,17.04,-17.806,-69.06
-168,90,17.36,-28.706,-81.35
-168,90,17.68,-27.962,-81.04
-168,90,18,-29.52,-82.33
-167,90,2,-12.7,-34.49
-167,90,2.32,-9.956,-35.61
-167,90,2.64,-9.908,-38.62
-167,90,2.96,-4.048,-32.36
-167,90,3.28,-5.202,-35.22
-167,90,3.6,-10.71,-38.16
-167,90,3.92,-14.842,-42.39
-167,90,4.24,-13.966,-42.99
-167,90,4.56,-12.556,-42.37
-167,90,4.88,-11.41,-41.54
-167,90,5.2,-11.82,-43.24
-167,90,5.52,-12.028,-42.31
-167,90,5.84,-12.002,-43.45
-167,90,6.16,-13.99,-46.03
-167,90,6.48,-16.446,-50.53
-167,90,6.8,-16.66,-50.16
-167,90,7.12,-17.986,-52.58
-167,90,7.44,-11.296,-45.63
-167,90,7.76,-15.148,-50.37
-167,90,8.08,-15.246,-50.05
-167,90,8.4,-16.82,-52.2
-167,90,8.72,-19.508,-56.81
-167,90,9.04,-18.124,-55.91
-167,90,9.36,-17.994,-56.06
-167,90,9.68,-14.52,-53.41
-167,90,10,-24.37,-63.44
-167,90,10.32,-16.002,-55.63
-167,90,10.64,-21.678,-61.69
-167,90,10.96,-21.146,-61.13
-167,90,11.28,-19.416,-59.86
-167,90,11.6,-17.88,-58.75
-167,90,11.92,-20.674,-61.8
-167,90,12.24,-18.964,-61.22
-167,90,12.56,-20.98,-65.05
-167,90,12.88,-37.696,-82.9
-167,90,13.2,-25.1,-71.88
-167,90,13.52,-23.822,-69.83
-167,90,13.84,-29.288,-76.77
-167,90,14.16,-24.716,-72.94
-167,90,14.48,-16.694,-68.52
-167,90,14.8,-37.16,-85.17
-167,90,15.12,-28.32,-74.75
-167,90,15.44,-27.336,-73.65
-167,90,15.76,-27.718,-74.91
-167,90,16.08,-27.112,-74.57
-167,90,16.4,-21.98,-71.79
-167,90,16.72,-35.738,-85.22
-167,90,17.04,-22.596,-73.85
-167,90,17.36,-26.656,-79.3
-167,90,17.68,-20.182,-73.26
-167,90,18,-24.26,-77.07
-166,90,2,-12.94,-34.73
-166,90,2.32,-10.606,-36.26
-166,90,2.64,-9.618,-38.33
-166,90,2.96,-4.858,-33.17
-166,90,3.28,-5.712,-35.73
-166,90,3.6,-10.95,-38.4
-166,90,3.92,-14.882,-42.43
-166,90,4.24,-13.796,-42.82
-166,90,4.56,-12.626,-42.44
-166,90,4.88,-11.24,-41.37
-166,90,5.2,-11.53,-42.95
-166,90,5.52,-11.688,-41.97
-166,90,5.84,-12.232,-43.68
-166,90,6.16,-14.48,-46.52
-166,90,6.48,-16.426,-50.51
-166,90,6.8,-15.65,-49.15
-166,90,7.12,-17.866,-52.46
-166,90,7.44,-11.846,-46.18
-166,90,7.76,-15.508,-50.73
-166,90,8.08,-16.546,-51.35
-166,90,8.4,-18.41,-53.79
-166,90,8.72,-18.328,-55.63
-166,90,9.04,-21.124,-58.91
-166,90,9.36,-18.984,-57.05
-166,90,9.68,-15.92,-54.81
-166,90,10,-23.11,-62.18
-166,90,10.32,-16.712,-56.34
-166,90,10.64,-23.658,-63.67
-166,90,10.96,-23.996,-63.98
-166,90,11.28,-18.816,-59.26
-166,90,11.6,-21.36,-62.23
-166,90,11.92,-23.794,-64.92
-166,90,12.24,-20.084,-62.34
-166,90,12.56,-24.3,-68.37
-166,90,12.88,-24.856,-70.06
-166,90,13.2,-27.82,-74.6
-166,90,13.52,-31.122,-77.13
-166,90,13.84,-29.918,-77.4
-166,90,14.16,-29.896,-78.12
-166,90,14.48,-27.314,-79.14
-166,90,14.8,-24.14,-72.15
-166,90,15.12,-35.33,-81.76
-166,90,15.44,-27.286,-73.6
-166,90,15.76,-28.138,-75.33
-166,90,16.08,-34.472,-81.93
-166,90,16.4,-19.57,-69.38
-166,90,16.72,-33.198,-82.68
-166,90,17.04,-20.026,-71.28
-166,90,17.36,-28.856,-81.5
-166,90,17.68,-18.992,-72.07
-166,90,18,-37.9,-90.71
-165,90,2,-13.12,-34.91
-165,90,2.32,-11.366,-37.02
-165,90,2.64,-9.288,-38
-165,90,2.96,-5.63800000000001,-33.95
-165,90,3.28,-6.25200000000001,-36.27
-165,90,3.6,-11.06,-38.51
-165,90,3.92,-14.582,-42.13
-165,90,4.24,-14.046,-43.07
-165,90,4.56,-13.056,-42.87
-165,90,4.88,-11.96,-42.09
-165,90,5.2,-11.17,-42.59
-165,90,5.52,-11.088,-41.37
-165,90,5.84,-13.082,-44.53
-165,90,6.16,-14.76,-46.8
-165,90,6.48,-16.326,-50.41
-165,90,6.8,-15.39,-48.89
-165,90,7.12,-16.326,-50.92
-165,90,7.44,-12.676,-47.01
-165,90,7.76,-15.448,-50.67
-165,90,8.08,-18.386,-53.19
-165,90,8.4,-18.6,-53.98
-165,90,8.72,-16.998,-54.3
-165,90,9.04,-21.654,-59.44
-165,90,9.36,-18.494,-56.56
-165,90,9.68,-17.61,-56.5
-165,90,10,-25.33,-64.4
-165,90,10.32,-16.872,-56.5
-165,90,10.64,-20.628,-60.64
-165,90,10.96,-28.946,-68.93
-165,90,11.28,-18.316,-58.76
-165,90,11.6,-23.18,-64.05
-165,90,11.92,-24.244,-65.37
-165,90,12.24,-20.334,-62.59
-165,90,12.56,-32.03,-76.1
-165,90,12.88,-26.346,-71.55
-165,90,13.2,-25.41,-72.19
-165,90,13.52,-24.712,-70.72
-165,90,13.84,-38.048,-85.53
-165,90,14.16,-22.356,-70.58
-165,90,14.48,-26.204,-78.03
-165,90,14.8,-21.84,-69.85
-165,90,15.12,-28.51,-74.94
-165,90,15.44,-28.616,-74.93
-165,90,15.76,-28.638,-75.83
-165,90,16.08,-22.972,-70.43
-165,90,16.4,-36.62,-86.43
-165,90,16.72,-21.468,-70.95
-165,90,17.04,-24.846,-76.1
-165,90,17.36,-23.456,-76.1
-165,90,17.68,-20.432,-73.51
-165,90,18,-27.2,-80.01
-164,90,2,-13.16,-34.95
-164,90,2.32,-12.106,-37.76
-164,90,2.64,-9.148,-37.86
-164,90,2.96,-6.308,-34.62
-164,90,3.28,-7.152,-37.17
-164,90,3.6,-11.04,-38.49
-164,90,3.92,-14.572,-42.12
-164,90,4.24,-14.526,-43.55
-164,90,4.56,-13.746,-43.56
-164,90,4.88,-12.61,-42.74
-164,90,5.2,-10.33,-41.75
-164,90,5.52,-10.888,-41.17
-164,90,5.84,-13.332,-44.78
-164,90,6.16,-16.5,-48.54
-164,90,6.48,-16.026,-50.11
-164,90,6.8,-15.37,-48.87
-164,90,7.12,-14.756,-49.35
-164,90,7.44,-14.096,-48.43
-164,90,7.76,-14.998,-50.22
-164,90,8.08,-18.646,-53.45
-164,90,8.4,-19.11,-54.49
-164,90,8.72,-17.858,-55.16
-164,90,9.04,-21.884,-59.67
-164,90,9.36,-17.294,-55.36
-164,90,9.68,-17.2,-56.09
-164,90,10,-23.44,-62.51
-164,90,10.32,-22.152,-61.78
-164,90,10.64,-19.048,-59.06
-164,90,10.96,-31.486,-71.47
-164,90,11.28,-23.406,-63.85
-164,90,11.6,-26.51,-67.38
-164,90,11.92,-29.304,-70.43
-164,90,12.24,-25.764,-68.02
-164,90,12.56,-27.15,-71.22
-164,90,12.88,-32.506,-77.71
-164,90,13.2,-22.1,-68.88
-164,90,13.52,-31.492,-77.5
-164,90,13.84,-22.928,-70.41
-164,90,14.16,-26.466,-74.69
-164,90,14.48,-32.184,-84.01
-164,90,14.8,-35.48,-83.49
-164,90,15.12,-27.01,-73.44
-164,90,15.44,-33.066,-79.38
-164,90,15.76,-30.098,-77.29
-164,90,16.08,-33.922,-81.38
-164,90,16.4,-26.79,-76.6
-164,90,16.72,-23.218,-72.7
-164,90,17.04,-22.516,-73.77
-164,90,17.36,-24.886,-77.53
-164,90,17.68,-24.612,-77.69
-164,90,18,-38.51,-91.32
-163,90,2,-13.09,-34.88
-163,90,2.32,-13.086,-38.74
-163,90,2.64,-9.058,-37.77
-163,90,2.96,-6.858,-35.17
-163,90,3.28,-7.972,-37.99
-163,90,3.6,-11.07,-38.52
-163,90,3.92,-14.562,-42.11
-163,90,4.24,-15.166,-44.19
-163,90,4.56,-14.176,-43.99
-163,90,4.88,-12.87,-43
-163,90,5.2,-10.21,-41.63
-163,90,5.52,-10.878,-41.16
-163,90,5.84,-13.382,-44.83
-163,90,6.16,-17.47,-49.51
-163,90,6.48,-16.276,-50.36
-163,90,6.8,-16.24,-49.74
-163,90,7.12,-14.206,-48.8
-163,90,7.44,-15.616,-49.95
-163,90,7.76,-14.238,-49.46
-163,90,8.08,-17.916,-52.72
-163,90,8.4,-21.2,-56.58
-163,90,8.72,-18.488,-55.79
-163,90,9.04,-23.294,-61.08
-163,90,9.36,-17.604,-55.67
-163,90,9.68,-18.74,-57.63
-163,90,10,-23.04,-62.11
-163,90,10.32,-23.052,-62.68
-163,90,10.64,-17.818,-57.83
-163,90,10.96,-37.586,-77.57
-163,90,11.28,-32.386,-72.83
-163,90,11.6,-23.01,-63.88
-163,90,11.92,-28.554,-69.68
-163,90,12.24,-33.944,-76.2
-163,90,12.56,-25.14,-69.21
-163,90,12.88,-29.696,-74.9
-163,90,13.2,-38.16,-84.94
-163,90,13.52,-27.612,-73.62
-163,90,13.84,-25.668,-73.15
-163,90,14.16,-57.316,-105.54
-163,90,14.48,-22.324,-74.15
-163,90,14.8,-21.77,-69.78
-163,90,15.12,-26.28,-72.71
-163,90,15.44,-26.656,-72.97
-163,90,15.76,-24.758,-71.95
-163,90,16.08,-23.662,-71.12
-163,90,16.4,-26.71,-76.52
-163,90,16.72,-24.678,-74.16
-163,90,17.04,-22.076,-73.33
-163,90,17.36,-21.826,-74.47
-163,90,17.68,-23.752,-76.83
-163,90,18,-22.69,-75.5
-162,90,2,-12.99,-34.78
-162,90,2.32,-13.826,-39.48
-162,90,2.64,-9.148,-37.86
-162,90,2.96,-7.148,-35.46
-162,90,3.28,-8.79200000000001,-38.81
-162,90,3.6,-10.93,-38.38
-162,90,3.92,-14.832,-42.38
-162,90,4.24,-15.926,-44.95
-162,90,4.56,-14.396,-44.21
-162,90,4.88,-12.69,-42.82
-162,90,5.2,-10.14,-41.56
-162,90,5.52,-11.098,-41.38
-162,90,5.84,-13.022,-44.47
-162,90,6.16,-17.2,-49.24
-162,90,6.48,-15.376,-49.46
-162,90,6.8,-16.04,-49.54
-162,90,7.12,-13.706,-48.3
-162,90,7.44,-15.676,-50.01
-162,90,7.76,-14.698,-49.92
-162,90,8.08,-16.876,-51.68
-162,90,8.4,-23.61,-58.99
-162,90,8.72,-18.678,-55.98
-162,90,9.04,-20.964,-58.75
-162,90,9.36,-16.444,-54.51
-162,90,9.68,-20.44,-59.33
-162,90,10,-26.87,-65.94
-162,90,10.32,-23.922,-63.55
-162,90,10.64,-22.878,-62.89
-162,90,10.96,-39.466,-79.45
-162,90,11.28,-36.076,-76.52
-162,90,11.6,-25.44,-66.31
-162,90,11.92,-25.204,-66.33
-162,90,12.24,-35.404,-77.66
-162,90,12.56,-27.35,-71.42
-162,90,12.88,-29.646,-74.85
-162,90,13.2,-35.53,-82.31
-162,90,13.52,-31.612,-77.62
-162,90,13.84,-25.538,-73.02
-162,90,14.16,-28.126,-76.35
-162,90,14.48,-28.734,-80.56
-162,90,14.8,-33.96,-81.97
-162,90,15.12,-28.88,-75.31
-162,90,15.44,-39.016,-85.33
-162,90,15.76,-29.778,-76.97
-162,90,16.08,-34.512,-81.97
-162,90,16.4,-23.87,-73.68
-162,90,16.72,-21.798,-71.28
-162,90,17.04,-20.886,-72.14
-162,90,17.36,-22.096,-74.74
-162,90,17.68,-23.262,-76.34
-162,90,18,-20.99,-73.8
-161,90,2,-12.76,-34.55
-161,90,2.32,-14.346,-40
-161,90,2.64,-9.478,-38.19
-161,90,2.96,-6.968,-35.28
-161,90,3.28,-9.302,-39.32
-161,90,3.6,-11.17,-38.62
-161,90,3.92,-15.762,-43.31
-161,90,4.24,-16.826,-45.85
-161,90,4.56,-14.006,-43.82
-161,90,4.88,-12.64,-42.77
-161,90,5.2,-10.78,-42.2
-161,90,5.52,-11.718,-42
-161,90,5.84,-11.982,-43.43
-161,90,6.16,-16.98,-49.02
-161,90,6.48,-15.546,-49.63
-161,90,6.8,-17.01,-50.51
-161,90,7.12,-13.716,-48.31
-161,90,7.44,-16.126,-50.46
-161,90,7.76,-16.038,-51.26
-161,90,8.08,-16.686,-51.49
-161,90,8.4,-27.83,-63.21
-161,90,8.72,-20.528,-57.83
-161,90,9.04,-23.814,-61.6
-161,90,9.36,-17.554,-55.62
-161,90,9.68,-29.16,-68.05
-161,90,10,-26.03,-65.1
-161,90,10.32,-22.162,-61.79
-161,90,10.64,-28.438,-68.45
-161,90,10.96,-26.596,-66.58
-161,90,11.28,-38.846,-79.29
-161,90,11.6,-27.77,-68.64
-161,90,11.92,-26.094,-67.22
-161,90,12.24,-32.594,-74.85
-161,90,12.56,-24.87,-68.94
-161,90,12.88,-28.176,-73.38
-161,90,13.2,-25.48,-72.26
-161,90,13.52,-27.012,-73.02
-161,90,13.84,-35.378,-82.86
-161,90,14.16,-29.696,-77.92
-161,90,14.48,-35.224,-87.05
-161,90,14.8,-26.36,-74.37
-161,90,15.12,-28.48,-74.91
-161,90,15.44,-29.876,-76.19
-161,90,15.76,-30.258,-77.45
-161,90,16.08,-24.282,-71.74
-161,90,16.4,-30.26,-80.07
-161,90,16.72,-26.848,-76.33
-161,90,17.04,-27.636,-78.89
-161,90,17.36,-16.856,-69.5
-161,90,17.68,-23.152,-76.23
-161,90,18,-23.13,-75.94
-160,90,2,-12.52,-34.31
-160,90,2.32,-14.666,-40.32
-160,90,2.64,-10.148,-38.86
-160,90,2.96,-6.618,-34.93
-160,90,3.28,-9.75200000000001,-39.77
-160,90,3.6,-11.76,-39.21
-160,90,3.92,-17.062,-44.61
-160,90,4.24,-17.736,-46.76
-160,90,4.56,-13.576,-43.39
-160,90,4.88,-12.58,-42.71
-160,90,5.2,-11.56,-42.98
-160,90,5.52,-12.728,-43.01
-160,90,5.84,-11.782,-43.23
-160,90,6.16,-16.63,-48.67
-160,90,6.48,-15.606,-49.69
-160,90,6.8,-17.99,-51.49
-160,90,7.12,-14.026,-48.62
-160,90,7.44,-17.576,-51.91
-160,90,7.76,-17.788,-53.01
-160,90,8.08,-17.686,-52.49
-160,90,8.4,-30.35,-65.73
-160,90,8.72,-22.588,-59.89
-160,90,9.04,-31.364,-69.15
-160,90,9.36,-20.534,-58.6
-160,90,9.68,-34.76,-73.65
-160,90,10,-26.51,-65.58
-160,90,10.32,-22.642,-62.27
-160,90,10.64,-25.428,-65.44
-160,90,10.96,-23.806,-63.79
-160,90,11.28,-50.496,-90.94
-160,90,11.6,-30.69,-71.56
-160,90,11.92,-24.194,-65.32
-160,90,12.24,-28.714,-70.97
-160,90,12.56,-21.93,-66
-160,90,12.88,-21.376,-66.58
-160,90,13.2,-35.65,-82.43
-160,90,13.52,-27.752,-73.76
-160,90,13.84,-29.878,-77.36
-160,90,14.16,-42.566,-90.79
-160,90,14.48,-27.164,-78.99
-160,90,14.8,-28.22,-76.23
-160,90,15.12,-27.14,-73.57
-160,90,15.44,-32.346,-78.66
-160,90,15.76,-22.568,-69.76
-160,90,16.08,-27.042,-74.5
-160,90,16.4,-28.93,-78.74
-160,90,16.72,-30.008,-79.49
-160,90,17.04,-27.716,-78.97
-160,90,17.36,-23.856,-76.5
-160,90,17.68,-17.782,-70.86
-160,90,18,-18.36,-71.17
-159,90,2,-12.34,-34.13
-159,90,2.32,-14.856,-40.51
-159,90,2.64,-11.138,-39.85
-159,90,2.96,-6.218,-34.53
-159,90,3.28,-9.68200000000001,-39.7
-159,90,3.6,-12.2,-39.65
-159,90,3.92,-19.092,-46.64
-159,90,4.24,-17.986,-47.01
-159,90,4.56,-13.636,-43.45
-159,90,4.88,-11.93,-42.06
-159,90,5.2,-12.2,-43.62
-159,90,5.52,-13.208,-43.49
-159,90,5.84,-11.632,-43.08
-159,90,6.16,-16.65,-48.69
-159,90,6.48,-16.686,-50.77
-159,90,6.8,-18.09,-51.59
-159,90,7.12,-15.576,-50.17
-159,90,7.44,-19.646,-53.98
-159,90,7.76,-19.738,-54.96
-159,90,8.08,-19.256,-54.06
-159,90,8.4,-27.91,-63.29
-159,90,8.72,-25.428,-62.73
-159,90,9.04,-29.874,-67.66
-159,90,9.36,-23.104,-61.17
-159,90,9.68,-28.77,-67.66
-159,90,10,-27.42,-66.49
-159,90,10.32,-24.442,-64.07
-159,90,10.64,-33.958,-73.97
-159,90,10.96,-25.446,-65.43
-159,90,11.28,-37.956,-78.4
-159,90,11.6,-38.52,-79.39
-159,90,11.92,-30.494,-71.62
-159,90,12.24,-36.174,-78.43
-159,90,12.56,-25.19,-69.26
-159,90,12.88,-27.876,-73.08
-159,90,13.2,-26.34,-73.12
-159,90,13.52,-25.282,-71.29
-159,90,13.84,-23.058,-70.54
-159,90,14.16,-24.246,-72.47
-159,90,14.48,-37.684,-89.51
-159,90,14.8,-26.09,-74.1
-159,90,15.12,-25.56,-71.99
-159,90,15.44,-33.966,-80.28
-159,90,15.76,-30.088,-77.28
-159,90,16.08,-29.872,-77.33
-159,90,16.4,-34.37,-84.18
-159,90,16.72,-22.548,-72.03
-159,90,17.04,-26.696,-77.95
-159,90,17.36,-19.246,-71.89
-159,90,17.68,-23.452,-76.53
-159,90,18,-24.02,-76.83
-158,90,2,-12.13,-33.92
-158,90,2.32,-14.926,-40.58
-158,90,2.64,-12.378,-41.09
-158,90,2.96,-5.538,-33.85
-158,90,3.28,-9.402,-39.42
-158,90,3.6,-13.3,-40.75
-158,90,3.92,-21.252,-48.8
-158,90,4.24,-17.596,-46.62
-158,90,4.56,-13.846,-43.66
-158,90,4.88,-12.35,-42.48
-158,90,5.2,-12.12,-43.54
-158,90,5.52,-13.448,-43.73
-158,90,5.84,-12.102,-43.55
-158,90,6.16,-17.72,-49.76
-158,90,6.48,-17.316,-51.4
-158,90,6.8,-18.95,-52.45
-158,90,7.12,-17.016,-51.61
-158,90,7.44,-20.106,-54.44
-158,90,7.76,-19.658,-54.88
-158,90,8.08,-20.916,-55.72
-158,90,8.4,-24.4,-59.78
-158,90,8.72,-25.818,-63.12
-158,90,9.04,-35.694,-73.48
-158,90,9.36,-23.264,-61.33
-158,90,9.68,-37.78,-76.67
-158,90,10,-27.18,-66.25
-158,90,10.32,-28.512,-68.14
-158,90,10.64,-33.148,-73.16
-158,90,10.96,-34.006,-73.99
-158,90,11.28,-32.026,-72.47
-158,90,11.6,-30.23,-71.1
-158,90,11.92,-32.694,-73.82
-158,90,12.24,-46.054,-88.31
-158,90,12.56,-29.13,-73.2
-158,90,12.88,-33.606,-78.81
-158,90,13.2,-38.82,-85.6
-158,90,13.52,-27.912,-73.92
-158,90,13.84,-23.948,-71.43
-158,90,14.16,-23.896,-72.12
-158,90,14.48,-19.834,-71.66
-158,90,14.8,-26.91,-74.92
-158,90,15.12,-23.31,-69.74
-158,90,15.44,-26.966,-73.28
-158,90,15.76,-26.458,-73.65
-158,90,16.08,-24.512,-71.97
-158,90,16.4,-24.13,-73.94
-158,90,16.72,-26.838,-76.32
-158,90,17.04,-18.086,-69.34
-158,90,17.36,-24.906,-77.55
-158,90,17.68,-29.852,-82.93
-158,90,18,-19.41,-72.22
-157,90,2,-11.87,-33.66
-157,90,2.32,-14.736,-40.39
-157,90,2.64,-13.758,-42.47
-157,90,2.96,-5.20800000000001,-33.52
-157,90,3.28,-9.262,-39.28
-157,90,3.6,-14.37,-41.82
-157,90,3.92,-22.452,-50
-157,90,4.24,-16.306,-45.33
-157,90,4.56,-14.786,-44.6
-157,90,4.88,-12.6,-42.73
-157,90,5.2,-11.23,-42.65
-157,90,5.52,-13.608,-43.89
-157,90,5.84,-13.252,-44.7
-157,90,6.16,-19,-51.04
-157,90,6.48,-17.196,-51.28
-157,90,6.8,-19.45,-52.95
-157,90,7.12,-17.626,-52.22
-157,90,7.44,-22.916,-57.25
-157,90,7.76,-17.938,-53.16
-157,90,8.08,-22.736,-57.54
-157,90,8.4,-23.48,-58.86
-157,90,8.72,-35.478,-72.78
-157,90,9.04,-28.504,-66.29
-157,90,9.36,-20.804,-58.87
-157,90,9.68,-31.45,-70.34
-157,90,10,-29.02,-68.09
-157,90,10.32,-29.352,-68.98
-157,90,10.64,-31.908,-71.92
-157,90,10.96,-32.096,-72.08
-157,90,11.28,-40.136,-80.58
-157,90,11.6,-42.4,-83.27
-157,90,11.92,-35.654,-76.78
-157,90,12.24,-35.334,-77.59
-157,90,12.56,-39.96,-84.03
-157,90,12.88,-31.556,-76.76
-157,90,13.2,-38.03,-84.81
-157,90,13.52,-34.752,-80.76
-157,90,13.84,-34.298,-81.78
-157,90,14.16,-23.266,-71.49
-157,90,14.48,-20.744,-72.57
-157,90,14.8,-34.41,-82.42
-157,90,15.12,-28.46,-74.89
-157,90,15.44,-32.466,-78.78
-157,90,15.76,-27.198,-74.39
-157,90,16.08,-36.122,-83.58
-157,90,16.4,-38.56,-88.37
-157,90,16.72,-30.328,-79.81
-157,90,17.04,-26.916,-78.17
-157,90,17.36,-24.926,-77.57
-157,90,17.68,-31.062,-84.14
-157,90,18,-25.32,-78.13
-156,90,2,-11.89,-33.68
-156,90,2.32,-14.416,-40.07
-156,90,2.64,-15.588,-44.3
-156,90,2.96,-5.078,-33.39
-156,90,3.28,-8.552,-38.57
-156,90,3.6,-15.57,-43.02
-156,90,3.92,-22.222,-49.77
-156,90,4.24,-15.816,-44.84
-156,90,4.56,-14.906,-44.72
-156,90,4.88,-13.2,-43.33
-156,90,5.2,-10.69,-42.11
-156,90,5.52,-13.238,-43.52
-156,90,5.84,-15.322,-46.77
-156,90,6.16,-20.67,-52.71
-156,90,6.48,-16.176,-50.26
-156,90,6.8,-21.54,-55.04
-156,90,7.12,-17.996,-52.59
-156,90,7.44,-24.926,-59.26
-156,90,7.76,-18.378,-53.6
-156,90,8.08,-23.946,-58.75
-156,90,8.4,-22.63,-58.01
-156,90,8.72,-36.688,-73.99
-156,90,9.04,-25.664,-63.45
-156,90,9.36,-20.864,-58.93
-156,90,9.68,-27.2,-66.09
-156,90,10,-28.04,-67.11
-156,90,10.32,-34.942,-74.57
-156,90,10.64,-40.208,-80.22
-156,90,10.96,-26.916,-66.9
-156,90,11.28,-46.756,-87.2
-156,90,11.6,-32.63,-73.5
-156,90,11.92,-37.744,-78.87
-156,90,12.24,-27.884,-70.14
-156,90,12.56,-35.92,-79.99
-156,90,12.88,-25.836,-71.04
-156,90,13.2,-26.95,-73.73
-156,90,13.52,-25.522,-71.53
-156,90,13.84,-22.978,-70.46
-156,90,14.16,-31.456,-79.68
-156,90,14.48,-25.044,-76.87
-156,90,14.8,-27.08,-75.09
-156,90,15.12,-31.94,-78.37
-156,90,15.44,-29.986,-76.3
-156,90,15.76,-29.888,-77.08
-156,90,16.08,-29.862,-77.32
-156,90,16.4,-32.33,-82.14
-156,90,16.72,-24.608,-74.09
-156,90,17.04,-24.366,-75.62
-156,90,17.36,-22.966,-75.61
-156,90,17.68,-29.382,-82.46
-156,90,18,-18.16,-70.97
-155,90,2,-11.87,-33.66
-155,90,2.32,-14.216,-39.87
-155,90,2.64,-17.558,-46.27
-155,90,2.96,-4.95800000000001,-33.27
-155,90,3.28,-8.152,-38.17
-155,90,3.6,-16.43,-43.88
-155,90,3.92,-20.882,-48.43
-155,90,4.24,-15.306,-44.33
-155,90,4.56,-14.776,-44.59
-155,90,4.88,-13.52,-43.65
-155,90,5.2,-9.98,-41.4
-155,90,5.52,-13.098,-43.38
-155,90,5.84,-17.852,-49.3
-155,90,6.16,-21.28,-53.32
-155,90,6.48,-16.076,-50.16
-155,90,6.8,-24.09,-57.59
-155,90,7.12,-18.456,-53.05
-155,90,7.44,-25.566,-59.9
-155,90,7.76,-17.918,-53.14
-155,90,8.08,-28.916,-63.72
-155,90,8.4,-20.98,-56.36
-155,90,8.72,-44.428,-81.73
-155,90,9.04,-26.414,-64.2
-155,90,9.36,-27.324,-65.39
-155,90,9.68,-24.09,-62.98
-155,90,10,-27.09,-66.16
-155,90,10.32,-29.692,-69.32
-155,90,10.64,-30.648,-70.66
-155,90,10.96,-25.966,-65.95
-155,90,11.28,-31.066,-71.51
-155,90,11.6,-31.58,-72.45
-155,90,11.92,-27.094,-68.22
-155,90,12.24,-33.634,-75.89
-155,90,12.56,-29.26,-73.33
-155,90,12.88,-30.126,-75.33
-155,90,13.2,-35.28,-82.06
-155,90,13.52,-25.122,-71.13
-155,90,13.84,-22.798,-70.28
-155,90,14.16,-21.906,-70.13
-155,90,14.48,-23.624,-75.45
-155,90,14.8,-23.46,-71.47
-155,90,15.12,-30.95,-77.38
-155,90,15.44,-25.716,-72.03
-155,90,15.76,-34.248,-81.44
-155,90,16.08,-31.302,-78.76
-155,90,16.4,-36.24,-86.05
-155,90,16.72,-31.198,-80.68
-155,90,17.04,-21.666,-72.92
-155,90,17.36,-32.066,-84.71
-155,90,17.68,-27.672,-80.75
-155,90,18,-20.64,-73.45
-154,90,2,-11.91,-33.7
-154,90,2.32,-13.996,-39.65
-154,90,2.64,-19.038,-47.75
-154,90,2.96,-5.038,-33.35
-154,90,3.28,-7.832,-37.85
-154,90,3.6,-17.15,-44.6
-154,90,3.92,-19.852,-47.4
-154,90,4.24,-15.706,-44.73
-154,90,4.56,-14.816,-44.63
-154,90,4.88,-13.65,-43.78
-154,90,5.2,-10.01,-41.43
-154,90,5.52,-13.428,-43.71
-154,90,5.84,-19.562,-51.01
-154,90,6.16,-22.24,-54.28
-154,90,6.48,-15.856,-49.94
-154,90,6.8,-26.85,-60.35
-154,90,7.12,-19.266,-53.86
-154,90,7.44,-27.586,-61.92
-154,90,7.76,-17.988,-53.21
-154,90,8.08,-34.966,-69.77
-154,90,8.4,-19.62,-55
-154,90,8.72,-37.558,-74.86
-154,90,9.04,-22.734,-60.52
-154,90,9.36,-28.164,-66.23
-154,90,9.68,-24.32,-63.21
-154,90,10,-24.54,-63.61
-154,90,10.32,-24.202,-63.83
-154,90,10.64,-37.658,-77.67
-154,90,10.96,-29.666,-69.65
-154,90,11.28,-36.286,-76.73
-154,90,11.6,-30.14,-71.01
-154,90,11.92,-34.514,-75.64
-154,90,12.24,-38.304,-80.56
-154,90,12.56,-31.43,-75.5
-154,90,12.88,-30.176,-75.38
-154,90,13.2,-33.23,-80.01
-154,90,13.52,-27.962,-73.97
-154,90,13.84,-32.038,-79.52
-154,90,14.16,-25.216,-73.44
-154,90,14.48,-16.394,-68.22
-154,90,14.8,-30.21,-78.22
-154,90,15.12,-30.86,-77.29
-154,90,15.44,-20.666,-66.98
-154,90,15.76,-33.678,-80.87
-154,90,16.08,-28.362,-75.82
-154,90,16.4,-20.79,-70.6
-154,90,16.72,-29.828,-79.31
-154,90,17.04,-20.586,-71.84
-154,90,17.36,-34.176,-86.82
-154,90,17.68,-32.262,-85.34
-154,90,18,-20.32,-73.13
-153,90,2,-12.05,-33.84
-153,90,2.32,-13.556,-39.21
-153,90,2.64,-20.298,-49.01
-153,90,2.96,-5.38800000000001,-33.7
-153,90,3.28,-7.68200000000001,-37.7
-153,90,3.6,-17.92,-45.37
-153,90,3.92,-19.042,-46.59
-153,90,4.24,-16.036,-45.06
-153,90,4.56,-14.586,-44.4
-153,90,4.88,-13.48,-43.61
-153,90,5.2,-10.52,-41.94
-153,90,5.52,-14.038,-44.32
-153,90,5.84,-21.172,-52.62
-153,90,6.16,-22.6,-54.64
-153,90,6.48,-17.366,-51.45
-153,90,6.8,-26,-59.5
-153,90,7.12,-20.826,-55.42
-153,90,7.44,-28.656,-62.99
-153,90,7.76,-21.988,-57.21
-153,90,8.08,-27.496,-62.3
-153,90,8.4,-19.24,-54.62
-153,90,8.72,-29.448,-66.75
-153,90,9.04,-25.574,-63.36
-153,90,9.36,-27.324,-65.39
-153,90,9.68,-24.94,-63.83
-153,90,10,-27.61,-66.68
-153,90,10.32,-25.002,-64.63
-153,90,10.64,-28.888,-68.9
-153,90,10.96,-24.826,-64.81
-153,90,11.28,-32.766,-73.21
-153,90,11.6,-28.36,-69.23
-153,90,11.92,-28.484,-69.61
-153,90,12.24,-32.044,-74.3
-153,90,12.56,-30.63,-74.7
-153,90,12.88,-38.776,-83.98
-153,90,13.2,-36.49,-83.27
-153,90,13.52,-36.412,-82.42
-153,90,13.84,-24.368,-71.85
-153,90,14.16,-24.486,-72.71
-153,90,14.48,-29.284,-81.11
-153,90,14.8,-28.85,-76.86
-153,90,15.12,-39.47,-85.9
-153,90,15.44,-32.426,-78.74
-153,90,15.76,-29.568,-76.76
-153,90,16.08,-34.942,-82.4
-153,90,16.4,-24.42,-74.23
-153,90,16.72,-22.008,-71.49
-153,90,17.04,-36.156,-87.41
-153,90,17.36,-23.936,-76.58
-153,90,17.68,-21.812,-74.89
-153,90,18,-25.84,-78.65
-152,90,2,-12.26,-34.05
-152,90,2.32,-13.436,-39.09
-152,90,2.64,-21.098,-49.81
-152,90,2.96,-6.02800000000001,-34.34
-152,90,3.28,-7.712,-37.73
-152,90,3.6,-18.07,-45.52
-152,90,3.92,-17.552,-45.1
-152,90,4.24,-17.376,-46.4
-152,90,4.56,-14.196,-44.01
-152,90,4.88,-13.13,-43.26
-152,90,5.2,-11.5,-42.92
-152,90,5.52,-15.168,-45.45
-152,90,5.84,-22.302,-53.75
-152,90,6.16,-22.04,-54.08
-152,90,6.48,-18.616,-52.7
-152,90,6.8,-25.47,-58.97
-152,90,7.12,-22.996,-57.59
-152,90,7.44,-37.236,-71.57
-152,90,7.76,-24.798,-60.02
-152,90,8.08,-25.326,-60.13
-152,90,8.4,-21.68,-57.06
-152,90,8.72,-26.938,-64.24
-152,90,9.04,-28.514,-66.3
-152,90,9.36,-24.904,-62.97
-152,90,9.68,-29.8,-68.69
-152,90,10,-27.86,-66.93
-152,90,10.32,-27.262,-66.89
-152,90,10.64,-34.878,-74.89
-152,90,10.96,-26.636,-66.62
-152,90,11.28,-31.216,-71.66
-152,90,11.6,-29.15,-70.02
-152,90,11.92,-25.074,-66.2
-152,90,12.24,-34.384,-76.64
-152,90,12.56,-32.97,-77.04
-152,90,12.88,-27.936,-73.14
-152,90,13.2,-37.4,-84.18
-152,90,13.52,-27.282,-73.29
-152,90,13.84,-23.208,-70.69
-152,90,14.16,-34.446,-82.67
-152,90,14.48,-20.824,-72.65
-152,90,14.8,-48.03,-96.04
-152,90,15.12,-35.17,-81.6
-152,90,15.44,-25.436,-71.75
-152,90,15.76,-25.188,-72.38
-152,90,16.08,-31.562,-79.02
-152,90,16.4,-19.82,-69.63
-152,90,16.72,-28.828,-78.31
-152,90,17.04,-28.396,-79.65
-152,90,17.36,-19.876,-72.52
-152,90,17.68,-21.292,-74.37
-152,90,18,-25.15,-77.96
-151,90,2,-12.62,-34.41
-151,90,2.32,-13.406,-39.06
-151,90,2.64,-21.158,-49.87
-151,90,2.96,-6.658,-34.97
-151,90,3.28,-7.912,-37.93
-151,90,3.6,-17.38,-44.83
-151,90,3.92,-16.492,-44.04
-151,90,4.24,-18.746,-47.77
-151,90,4.56,-14.136,-43.95
-151,90,4.88,-12.6,-42.73
-151,90,5.2,-13.24,-44.66
-151,90,5.52,-15.818,-46.1
-151,90,5.84,-21.672,-53.12
-151,90,6.16,-24.01,-56.05
-151,90,6.48,-20.286,-54.37
-151,90,6.8,-23.6,-57.1
-151,90,7.12,-29.336,-63.93
-151,90,7.44,-28.166,-62.5
-151,90,7.76,-25.778,-61
-151,90,8.08,-25.356,-60.16
-151,90,8.4,-29.4,-64.78
-151,90,8.72,-21.118,-58.42
-151,90,9.04,-20.494,-58.28
-151,90,9.36,-23.924,-61.99
-151,90,9.68,-30.23,-69.12
-151,90,10,-27.99,-67.06
-151,90,10.32,-27.512,-67.14
-151,90,10.64,-29.828,-69.84
-151,90,10.96,-39.876,-79.86
-151,90,11.28,-32.896,-73.34
-151,90,11.6,-25.31,-66.18
-151,90,11.92,-27.164,-68.29
-151,90,12.24,-28.414,-70.67
-151,90,12.56,-28.41,-72.48
-151,90,12.88,-24.476,-69.68
-151,90,13.2,-30.6,-77.38
-151,90,13.52,-40.612,-86.62
-151,90,13.84,-25.448,-72.93
-151,90,14.16,-27.856,-76.08
-151,90,14.48,-28.304,-80.13
-151,90,14.8,-25.64,-73.65
-151,90,15.12,-26.98,-73.41
-151,90,15.44,-27.896,-74.21
-151,90,15.76,-22.998,-70.19
-151,90,16.08,-28.542,-76
-151,90,16.4,-21.78,-71.59
-151,90,16.72,-23.938,-73.42
-151,90,17.04,-28.346,-79.6
-151,90,17.36,-19.476,-72.12
-151,90,17.68,-27.382,-80.46
-151,90,18,-26.74,-79.55
-150,90,2,-13,-34.79
-150,90,2.32,-13.516,-39.17
-150,90,2.64,-20.308,-49.02
-150,90,2.96,-7.578,-35.89
-150,90,3.28,-8.32200000000001,-38.34
-150,90,3.6,-16.89,-44.34
-150,90,3.92,-15.582,-43.13
-150,90,4.24,-21.396,-50.42
-150,90,4.56,-13.266,-43.08
-150,90,4.88,-12.26,-42.39
-150,90,5.2,-14.94,-46.36
-150,90,5.52,-16.108,-46.39
-150,90,5.84,-22.602,-54.05
-150,90,6.16,-23.36,-55.4
-150,90,6.48,-20.416,-54.5
-150,90,6.8,-22.12,-55.62
-150,90,7.12,-37.286,-71.88
-150,90,7.44,-27.136,-61.47
-150,90,7.76,-25.108,-60.33
-150,90,8.08,-27.496,-62.3
-150,90,8.4,-33.59,-68.97
-150,90,8.72,-18.038,-55.34
-150,90,9.04,-18.774,-56.56
-150,90,9.36,-21.844,-59.91
-150,90,9.68,-29.9,-68.79
-150,90,10,-26.08,-65.15
-150,90,10.32,-23.472,-63.1
-150,90,10.64,-27.638,-67.65
-150,90,10.96,-36.316,-76.3
-150,90,11.28,-26.866,-67.31
-150,90,11.6,-29.94,-70.81
-150,90,11.92,-33.224,-74.35
-150,90,12.24,-27.304,-69.56
-150,90,12.56,-34.46,-78.53
-150,90,12.88,-29.706,-74.91
-150,90,13.2,-22.29,-69.07
-150,90,13.52,-24.932,-70.94
-150,90,13.84,-20.308,-67.79
-150,90,14.16,-37.346,-85.57
-150,90,14.48,-26.824,-78.65
-150,90,14.8,-25.1,-73.11
-150,90,15.12,-33.82,-80.25
-150,90,15.44,-27.836,-74.15
-150,90,15.76,-36.268,-83.46
-150,90,16.08,-28.642,-76.1
-150,90,16.4,-34.83,-84.64
-150,90,16.72,-26.098,-75.58
-150,90,17.04,-35.876,-87.13
-150,90,17.36,-28.426,-81.07
-150,90,17.68,-21.522,-74.6
-150,90,18,-24.56,-77.37
-149,90,2,-13.64,-35.43
-149,90,2.32,-13.716,-39.37
-149,90,2.64,-19.118,-47.83
-149,90,2.96,-8.508,-36.82
-149,90,3.28,-8.632,-38.65
-149,90,3.6,-16.69,-44.14
-149,90,3.92,-15.172,-42.72
-149,90,4.24,-22.216,-51.24
-149,90,4.56,-12.746,-42.56
-149,90,4.88,-12.62,-42.75
-149,90,5.2,-15.69,-47.11
-149,90,5.52,-15.878,-46.16
-149,90,5.84,-22.642,-54.09
-149,90,6.16,-21.55,-53.59
-149,90,6.48,-19.996,-54.08
-149,90,6.8,-24.18,-57.68
-149,90,7.12,-39.706,-74.3
-149,90,7.44,-25.596,-59.93
-149,90,7.76,-24.578,-59.8
-149,90,8.08,-26.626,-61.43
-149,90,8.4,-28.29,-63.67
-149,90,8.72,-17.288,-54.59
-149,90,9.04,-22.204,-59.99
-149,90,9.36,-22.174,-60.24
-149,90,9.68,-28.8,-67.69
-149,90,10,-25.94,-65.01
-149,90,10.32,-23.562,-63.19
-149,90,10.64,-29.598,-69.61
-149,90,10.96,-36.376,-76.36
-149,90,11.28,-28.976,-69.42
-149,90,11.6,-27.82,-68.69
-149,90,11.92,-36.194,-77.32
-149,90,12.24,-23.194,-65.45
-149,90,12.56,-23.41,-67.48
-149,90,12.88,-43.256,-88.46
-149,90,13.2,-23.1,-69.88
-149,90,13.52,-42.772,-88.78
-149,90,13.84,-22.838,-70.32
-149,90,14.16,-21.686,-69.91
-149,90,14.48,-25.434,-77.26
-149,90,14.8,-31.77,-79.78
-149,90,15.12,-28.77,-75.2
-149,90,15.44,-40.536,-86.85
-149,90,15.76,-27.428,-74.62
-149,90,16.08,-33.512,-80.97
-149,90,16.4,-29.06,-78.87
-149,90,16.72,-29.338,-78.82
-149,90,17.04,-19.966,-71.22
-149,90,17.36,-32.016,-84.66
-149,90,17.68,-23.202,-76.28
-149,90,18,-25.99,-78.8
-148,90,2,-14.03,-35.82
-148,90,2.32,-14.496,-40.15
-148,90,2.64,-18.178,-46.89
-148,90,2.96,-9.258,-37.57
-148,90,3.28,-9.102,-39.12
-148,90,3.6,-17.21,-44.66
-148,90,3.92,-15.422,-42.97
-148,90,4.24,-23.176,-52.2
-148,90,4.56,-12.806,-42.62
-148,90,4.88,-13.47,-43.6
-148,90,5.2,-15.12,-46.54
-148,90,5.52,-16.018,-46.3
-148,90,5.84,-25.012,-56.46
-148,90,6.16,-19.55,-51.59
-148,90,6.48,-20.716,-54.8
-148,90,6.8,-23.97,-57.47
-148,90,7.12,-33.926,-68.52
-148,90,7.44,-27.276,-61.61
-148,90,7.76,-28.788,-64.01
-148,90,8.08,-26.216,-61.02
-148,90,8.4,-25.41,-60.79
-148,90,8.72,-18.198,-55.5
-148,90,9.04,-28.254,-66.04
-148,90,9.36,-25.444,-63.51
-148,90,9.68,-23.11,-62
-148,90,10,-30.91,-69.98
-148,90,10.32,-24.912,-64.54
-148,90,10.64,-30.078,-70.09
-148,90,10.96,-24.556,-64.54
-148,90,11.28,-28.936,-69.38
-148,90,11.6,-31.69,-72.56
-148,90,11.92,-37.714,-78.84
-148,90,12.24,-28.414,-70.67
-148,90,12.56,-24,-68.07
-148,90,12.88,-28.666,-73.87
-148,90,13.2,-31.45,-78.23
-148,90,13.52,-26.572,-72.58
-148,90,13.84,-22.588,-70.07
-148,90,14.16,-30.306,-78.53
-148,90,14.48,-22.494,-74.32
-148,90,14.8,-16.86,-64.87
-148,90,15.12,-32.25,-78.68
-148,90,15.44,-26.446,-72.76
-148,90,15.76,-30.168,-77.36
-148,90,16.08,-33.752,-81.21
-148,90,16.4,-22.83,-72.64
-148,90,16.72,-24.868,-74.35
-148,90,17.04,-34.936,-86.19
-148,90,17.36,-29.396,-82.04
-148,90,17.68,-45.662,-98.74
-148,90,18,-21.46,-74.27
-147,90,2,-14.96,-36.75
-147,90,2.32,-15.136,-40.79
-147,90,2.64,-17.218,-45.93
-147,90,2.96,-9.788,-38.1
-147,90,3.28,-9.622,-39.64
-147,90,3.6,-18.33,-45.78
-147,90,3.92,-15.702,-43.25
-147,90,4.24,-22.746,-51.77
-147,90,4.56,-13.636,-43.45
-147,90,4.88,-14.88,-45.01
-147,90,5.2,-14.01,-45.43
-147,90,5.52,-16.008,-46.29
-147,90,5.84,-28.932,-60.38
-147,90,6.16,-18.45,-50.49
-147,90,6.48,-20.246,-54.33
-147,90,6.8,-23.45,-56.95
-147,90,7.12,-28.086,-62.68
-147,90,7.44,-27.936,-62.27
-147,90,7.76,-28.938,-64.16
-147,90,8.08,-27.516,-62.32
-147,90,8.4,-26.65,-62.03
-147,90,8.72,-22.088,-59.39
-147,90,9.04,-27.514,-65.3
-147,90,9.36,-29.644,-67.71
-147,90,9.68,-23.25,-62.14
-147,90,10,-27.3,-66.37
-147,90,10.32,-35.812,-75.44
-147,90,10.64,-29.188,-69.2
-147,90,10.96,-29.996,-69.98
-147,90,11.28,-33.056,-73.5
-147,90,11.6,-24.34,-65.21
-147,90,11.92,-29.624,-70.75
-147,90,12.24,-30.634,-72.89
-147,90,12.56,-24.67,-68.74
-147,90,12.88,-22.986,-68.19
-147,90,13.2,-23.95,-70.73
-147,90,13.52,-46.862,-92.87
-147,90,13.84,-31.428,-78.91
-147,90,14.16,-25.726,-73.95
-147,90,14.48,-38.184,-90.01
-147,90,14.8,-35.1,-83.11
-147,90,15.12,-27.58,-74.01
-147,90,15.44,-31.136,-77.45
-147,90,15.76,-29.658,-76.85
-147,90,16.08,-35.752,-83.21
-147,90,16.4,-28.86,-78.67
-147,90,16.72,-23.908,-73.39
-147,90,17.04,-28.066,-79.32
-147,90,17.36,-25.056,-77.7
-147,90,17.68,-35.822,-88.9
-147,90,18,-20.66,-73.47
-146,90,2,-15.77,-37.56
-146,90,2.32,-15.936,-41.59
-146,90,2.64,-16.668,-45.38
-146,90,2.96,-10.008,-38.32
-146,90,3.28,-9.832,-39.85
-146,90,3.6,-19.79,-47.24
-146,90,3.92,-16.462,-44.01
-146,90,4.24,-21.376,-50.4
-146,90,4.56,-14.866,-44.68
-146,90,4.88,-16.5,-46.63
-146,90,5.2,-13.26,-44.68
-146,90,5.52,-16.358,-46.64
-146,90,5.84,-29.222,-60.67
-146,90,6.16,-19.24,-51.28
-146,90,6.48,-20.936,-55.02
-146,90,6.8,-23.68,-57.18
-146,90,7.12,-23.706,-58.3
-146,90,7.44,-33.006,-67.34
-146,90,7.76,-25.998,-61.22
-146,90,8.08,-27.366,-62.17
-146,90,8.4,-25.22,-60.6
-146,90,8.72,-26.698,-64
-146,90,9.04,-25.904,-63.69
-146,90,9.36,-38.014,-76.08
-146,90,9.68,-23.77,-62.66
-146,90,10,-31.59,-70.66
-146,90,10.32,-38.192,-77.82
-146,90,10.64,-36.048,-76.06
-146,90,10.96,-32.136,-72.12
-146,90,11.28,-33.956,-74.4
-146,90,11.6,-23.69,-64.56
-146,90,11.92,-26.574,-67.7
-146,90,12.24,-31.504,-73.76
-146,90,12.56,-28.63,-72.7
-146,90,12.88,-40.796,-86
-146,90,13.2,-26.39,-73.17
-146,90,13.52,-25.442,-71.45
-146,90,13.84,-43.518,-91
-146,90,14.16,-25.156,-73.38
-146,90,14.48,-26.664,-78.49
-146,90,14.8,-25.21,-73.22
-146,90,15.12,-27.53,-73.96
-146,90,15.44,-37.506,-83.82
-146,90,15.76,-19.938,-67.13
-146,90,16.08,-26.922,-74.38
-146,90,16.4,-24.05,-73.86
-146,90,16.72,-31.218,-80.7
-146,90,17.04,-21.686,-72.94
-146,90,17.36,-34.656,-87.3
-146,90,17.68,-22.422,-75.5
-146,90,18,-22.69,-75.5
-145,90,2,-16.83,-38.62
-145,90,2.32,-16.986,-42.64
-145,90,2.64,-16.398,-45.11
-145,90,2.96,-9.468,-37.78
-145,90,3.28,-10.022,-40.04
-145,90,3.6,-21.34,-48.79
-145,90,3.92,-17.052,-44.6
-145,90,4.24,-19.076,-48.1
-145,90,4.56,-17.166,-46.98
-145,90,4.88,-17.99,-48.12
-145,90,5.2,-13.21,-44.63
-145,90,5.52,-16.958,-47.24
-145,90,5.84,-27.042,-58.49
-145,90,6.16,-19.92,-51.96
-145,90,6.48,-20.716,-54.8
-145,90,6.8,-24.38,-57.88
-145,90,7.12,-23.706,-58.3
-145,90,7.44,-39.446,-73.78
-145,90,7.76,-26.038,-61.26
-145,90,8.08,-28.976,-63.78
-145,90,8.4,-22.27,-57.65
-145,90,8.72,-31.438,-68.74
-145,90,9.04,-26.384,-64.17
-145,90,9.36,-28.464,-66.53
-145,90,9.68,-21,-59.89
-145,90,10,-35.17,-74.24
-145,90,10.32,-22.482,-62.11
-145,90,10.64,-39.478,-79.49
-145,90,10.96,-31.706,-71.69
-145,90,11.28,-27.136,-67.58
-145,90,11.6,-25.58,-66.45
-145,90,11.92,-32.934,-74.06
-145,90,12.24,-30.214,-72.47
-145,90,12.56,-39.94,-84.01
-145,90,12.88,-21.116,-66.32
-145,90,13.2,-23.68,-70.46
-145,90,13.52,-31.842,-77.85
-145,90,13.84,-36.968,-84.45
-145,90,14.16,-25.346,-73.57
-145,90,14.48,-28.154,-79.98
-145,90,14.8,-23.89,-71.9
-145,90,15.12,-27.63,-74.06
-145,90,15.44,-26.326,-72.64
-145,90,15.76,-34.108,-81.3
-145,90,16.08,-20.732,-68.19
-145,90,16.4,-20.6,-70.41
-145,90,16.72,-32.338,-81.82
-145,90,17.04,-21.106,-72.36
-145,90,17.36,-19.636,-72.28
-145,90,17.68,-20.562,-73.64
-145,90,18,-25.69,-78.5
-144,90,2,-17.7,-39.49
-144,90,2.32,-18.306,-43.96
-144,90,2.64,-16.558,-45.27
-144,90,2.96,-8.828,-37.14
-144,90,3.28,-10.192,-40.21
-144,90,3.6,-23.12,-50.57
-144,90,3.92,-17.352,-44.9
-144,90,4.24,-18.996,-48.02
-144,90,4.56,-19.226,-49.04
-144,90,4.88,-16.99,-47.12
-144,90,5.2,-14.04,-45.46
-144,90,5.52,-17.298,-47.58
-144,90,5.84,-22.592,-54.04
-144,90,6.16,-22.09,-54.13
-144,90,6.48,-19.306,-53.39
-144,90,6.8,-22.76,-56.26
-144,90,7.12,-23.996,-58.59
-144,90,7.44,-37.356,-71.69
-144,90,7.76,-28.488,-63.71
-144,90,8.08,-29.756,-64.56
-144,90,8.4,-22.01,-57.39
-144,90,8.72,-29.908,-67.21
-144,90,9.04,-33.714,-71.5
-144,90,9.36,-21.904,-59.97
-144,90,9.68,-26.08,-64.97
-144,90,10,-26.16,-65.23
-144,90,10.32,-20.512,-60.14
-144,90,10.64,-28.948,-68.96
-144,90,10.96,-32.726,-72.71
-144,90,11.28,-24.136,-64.58
-144,90,11.6,-32.04,-72.91
-144,90,11.92,-28.984,-70.11
-144,90,12.24,-26.344,-68.6
-144,90,12.56,-29.48,-73.55
-144,90,12.88,-33.576,-78.78
-144,90,13.2,-25.99,-72.77
-144,90,13.52,-32.582,-78.59
-144,90,13.84,-27.538,-75.02
-144,90,14.16,-26.986,-75.21
-144,90,14.48,-20.194,-72.02
-144,90,14.8,-21.75,-69.76
-144,90,15.12,-30.99,-77.42
-144,90,15.44,-27.926,-74.24
-144,90,15.76,-37.688,-84.88
-144,90,16.08,-25.832,-73.29
-144,90,16.4,-23.03,-72.84
-144,90,16.72,-29.438,-78.92
-144,90,17.04,-24.436,-75.69
-144,90,17.36,-27.586,-80.23
-144,90,17.68,-23.312,-76.39
-144,90,18,-26.83,-79.64
-143,90,2,-18.79,-40.58
-143,90,2.32,-19.926,-45.58
-143,90,2.64,-16.668,-45.38
-143,90,2.96,-7.908,-36.22
-143,90,3.28,-10.182,-40.2
-143,90,3.6,-22.59,-50.04
-143,90,3.92,-17.422,-44.97
-143,90,4.24,-19.296,-48.32
-143,90,4.56,-20.516,-50.33
-143,90,4.88,-15.98,-46.11
-143,90,5.2,-15.84,-47.26
-143,90,5.52,-16.708,-46.99
-143,90,5.84,-19.602,-51.05
-143,90,6.16,-23.54,-55.58
-143,90,6.48,-19.036,-53.12
-143,90,6.8,-22.62,-56.12
-143,90,7.12,-23.496,-58.09
-143,90,7.44,-30.516,-64.85
-143,90,7.76,-30.718,-65.94
-143,90,8.08,-27.356,-62.16
-143,90,8.4,-25.18,-60.56
-143,90,8.72,-27.128,-64.43
-143,90,9.04,-37.144,-74.93
-143,90,9.36,-25.174,-63.24
-143,90,9.68,-29.94,-68.83
-143,90,10,-26.16,-65.23
-143,90,10.32,-26.812,-66.44
-143,90,10.64,-29.248,-69.26
-143,90,10.96,-31.496,-71.48
-143,90,11.28,-25.386,-65.83
-143,90,11.6,-31.37,-72.24
-143,90,11.92,-29.874,-71
-143,90,12.24,-30.534,-72.79
-143,90,12.56,-27.71,-71.78
-143,90,12.88,-32.366,-77.57
-143,90,13.2,-20.95,-67.73
-143,90,13.52,-30.552,-76.56
-143,90,13.84,-24.398,-71.88
-143,90,14.16,-21.426,-69.65
-143,90,14.48,-21.134,-72.96
-143,90,14.8,-27.17,-75.18
-143,90,15.12,-27.57,-74
-143,90,15.44,-21.886,-68.2
-143,90,15.76,-32.548,-79.74
-143,90,16.08,-30.902,-78.36
-143,90,16.4,-23.74,-73.55
-143,90,16.72,-25.828,-75.31
-143,90,17.04,-30.976,-82.23
-143,90,17.36,-24.116,-76.76
-143,90,17.68,-26.502,-79.58
-143,90,18,-22.76,-75.57
-142,90,2,-19.48,-41.27
-142,90,2.32,-21.526,-47.18
-142,90,2.64,-18.088,-46.8
-142,90,2.96,-7.088,-35.4
-142,90,3.28,-10.322,-40.34
-142,90,3.6,-22.5,-49.95
-142,90,3.92,-18.462,-46.01
-142,90,4.24,-20.736,-49.76
-142,90,4.56,-19.666,-49.48
-142,90,4.88,-14.7,-44.83
-142,90,5.2,-18.77,-50.19
-142,90,5.52,-15.368,-45.65
-142,90,5.84,-18.112,-49.56
-142,90,6.16,-25.51,-57.55
-142,90,6.48,-18.656,-52.74
-142,90,6.8,-22.62,-56.12
-142,90,7.12,-24.386,-58.98
-142,90,7.44,-28.316,-62.65
-142,90,7.76,-29.608,-64.83
-142,90,8.08,-31.896,-66.7
-142,90,8.4,-37.93,-73.31
-142,90,8.72,-24.478,-61.78
-142,90,9.04,-31.564,-69.35
-142,90,9.36,-28.704,-66.77
-142,90,9.68,-40.26,-79.15
-142,90,10,-26.43,-65.5
-142,90,10.32,-29.452,-69.08
-142,90,10.64,-31.868,-71.88
-142,90,10.96,-29.306,-69.29
-142,90,11.28,-36.436,-76.88
-142,90,11.6,-31.57,-72.44
-142,90,11.92,-35.634,-76.76
-142,90,12.24,-34.684,-76.94
-142,90,12.56,-26.5,-70.57
-142,90,12.88,-30.826,-76.03
-142,90,13.2,-25.08,-71.86
-142,90,13.52,-34.152,-80.16
-142,90,13.84,-24.778,-72.26
-142,90,14.16,-29.576,-77.8
-142,90,14.48,-23.204,-75.03
-142,90,14.8,-38.41,-86.42
-142,90,15.12,-33.01,-79.44
-142,90,15.44,-30.786,-77.1
-142,90,15.76,-24.768,-71.96
-142,90,16.08,-26.852,-74.31
-142,90,16.4,-25.61,-75.42
-142,90,16.72,-44.738,-94.22
-142,90,17.04,-33.946,-85.2
-142,90,17.36,-24.926,-77.57
-142,90,17.68,-23.602,-76.68
-142,90,18,-25.91,-78.72
-141,90,2,-19.9,-41.69
-141,90,2.32,-24.396,-50.05
-141,90,2.64,-19.128,-47.84
-141,90,2.96,-6.368,-34.68
-141,90,3.28,-10.612,-40.63
-141,90,3.6,-22.46,-49.91
-141,90,3.92,-19.822,-47.37
-141,90,4.24,-23.226,-52.25
-141,90,4.56,-16.746,-46.56
-141,90,4.88,-13.48,-43.61
-141,90,5.2,-20.9,-52.32
-141,90,5.52,-15.008,-45.29
-141,90,5.84,-17.882,-49.33
-141,90,6.16,-23.34,-55.38
-141,90,6.48,-19.606,-53.69
-141,90,6.8,-21.87,-55.37
-141,90,7.12,-23.646,-58.24
-141,90,7.44,-27.166,-61.5
-141,90,7.76,-26.718,-61.94
-141,90,8.08,-35.226,-70.03
-141,90,8.4,-30.78,-66.16
-141,90,8.72,-22.438,-59.74
-141,90,9.04,-29.504,-67.29
-141,90,9.36,-35.184,-73.25
-141,90,9.68,-24.59,-63.48
-141,90,10,-27.64,-66.71
-141,90,10.32,-33.982,-73.61
-141,90,10.64,-25.318,-65.33
-141,90,10.96,-41.246,-81.23
-141,90,11.28,-31.136,-71.58
-141,90,11.6,-23.41,-64.28
-141,90,11.92,-31.894,-73.02
-141,90,12.24,-31.314,-73.57
-141,90,12.56,-25.58,-69.65
-141,90,12.88,-35.476,-80.68
-141,90,13.2,-31.6,-78.38
-141,90,13.52,-28.422,-74.43
-141,90,13.84,-26.218,-73.7
-141,90,14.16,-25.346,-73.57
-141,90,14.48,-26.344,-78.17
-141,90,14.8,-27.17,-75.18
-141,90,15.12,-43.39,-89.82
-141,90,15.44,-26.316,-72.63
-141,90,15.76,-23.738,-70.93
-141,90,16.08,-27.212,-74.67
-141,90,16.4,-31.13,-80.94
-141,90,16.72,-25.928,-75.41
-141,90,17.04,-35.026,-86.28
-141,90,17.36,-21.116,-73.76
-141,90,17.68,-21.372,-74.45
-141,90,18,-20.35,-73.16
-140,90,2,-20.01,-41.8
-140,90,2.32,-26.506,-52.16
-140,90,2.64,-21.368,-50.08
-140,90,2.96,-5.838,-34.15
-140,90,3.28,-10.612,-40.63
-140,90,3.6,-22.79,-50.24
-140,90,3.92,-22.412,-49.96
-140,90,4.24,-27.666,-56.69
-140,90,4.56,-13.986,-43.8
-140,90,4.88,-13.18,-43.31
-140,90,5.2,-21.43,-52.85
-140,90,5.52,-15.408,-45.69
-140,90,5.84,-19.032,-50.48
-140,90,6.16,-20.22,-52.26
-140,90,6.48,-20.526,-54.61
-140,90,6.8,-21.49,-54.99
-140,90,7.12,-21.886,-56.48
-140,90,7.44,-30.956,-65.29
-140,90,7.76,-25.108,-60.33
-140,90,8.08,-34.376,-69.18
-140,90,8.4,-24.05,-59.43
-140,90,8.72,-24.708,-62.01
-140,90,9.04,-32.194,-69.98
-140,90,9.36,-37.304,-75.37
-140,90,9.68,-25.5,-64.39
-140,90,10,-32.5,-71.57
-140,90,10.32,-35.432,-75.06
-140,90,10.64,-27.928,-67.94
-140,90,10.96,-24.726,-64.71
-140,90,11.28,-32.166,-72.61
-140,90,11.6,-35.28,-76.15
-140,90,11.92,-37.224,-78.35
-140,90,12.24,-33.124,-75.38
-140,90,12.56,-20.51,-64.58
-140,90,12.88,-30.666,-75.87
-140,90,13.2,-23.37,-70.15
-140,90,13.52,-33.592,-79.6
-140,90,13.84,-23.158,-70.64
-140,90,14.16,-25.166,-73.39
-140,90,14.48,-21.994,-73.82
-140,90,14.8,-26.43,-74.44
-140,90,15.12,-38.69,-85.12
-140,90,15.44,-51.296,-97.61
-140,90,15.76,-25.598,-72.79
-140,90,16.08,-26.422,-73.88
-140,90,16.4,-23.36,-73.17
-140,90,16.72,-24.338,-73.82
-140,90,17.04,-24.466,-75.72
-140,90,17.36,-28.336,-80.98
-140,90,17.68,-20.822,-73.9
-140,90,18,-22.15,-74.96
-139,90,2,-20.2,-41.99
-139,90,2.32,-29.896,-55.55
-139,90,2.64,-23.998,-52.71
-139,90,2.96,-5.558,-33.87
-139,90,3.28,-11.002,-41.02
-139,90,3.6,-22.02,-49.47
-139,90,3.92,-25.692,-53.24
-139,90,4.24,-31.096,-60.12
-139,90,4.56,-12.296,-42.11
-139,90,4.88,-13.26,-43.39
-139,90,5.2,-18.99,-50.41
-139,90,5.52,-17.268,-47.55
-139,90,5.84,-20.352,-51.8
-139,90,6.16,-17.58,-49.62
-139,90,6.48,-22.156,-56.24
-139,90,6.8,-19.32,-52.82
-139,90,7.12,-22.546,-57.14
-139,90,7.44,-29.476,-63.81
-139,90,7.76,-27.578,-62.8
-139,90,8.08,-28.476,-63.28
-139,90,8.4,-25.1,-60.48
-139,90,8.72,-28.968,-66.27
-139,90,9.04,-38.664,-76.45
-139,90,9.36,-28.034,-66.1
-139,90,9.68,-31.73,-70.62
-139,90,10,-24.88,-63.95
-139,90,10.32,-38.472,-78.1
-139,90,10.64,-35.238,-75.25
-139,90,10.96,-25.496,-65.48
-139,90,11.28,-30.966,-71.41
-139,90,11.6,-30,-70.87
-139,90,11.92,-38.144,-79.27
-139,90,12.24,-31.464,-73.72
-139,90,12.56,-28.14,-72.21
-139,90,12.88,-34.156,-79.36
-139,90,13.2,-30.38,-77.16
-139,90,13.52,-26.492,-72.5
-139,90,13.84,-24.108,-71.59
-139,90,14.16,-27.616,-75.84
-139,90,14.48,-27.134,-78.96
-139,90,14.8,-21.17,-69.18
-139,90,15.12,-25.96,-72.39
-139,90,15.44,-42.176,-88.49
-139,90,15.76,-34.858,-82.05
-139,90,16.08,-41.952,-89.41
-139,90,16.4,-26.74,-76.55
-139,90,16.72,-25.448,-74.93
-139,90,17.04,-23.416,-74.67
-139,90,17.36,-25.346,-77.99
-139,90,17.68,-33.142,-86.22
-139,90,18,-19.13,-71.94
-138,90,2,-19.61,-41.4
-138,90,2.32,-32.496,-58.15
-138,90,2.64,-27.758,-56.47
-138,90,2.96,-5.558,-33.87
-138,90,3.28,-11.702,-41.72
-138,90,3.6,-19.97,-47.42
-138,90,3.92,-27.122,-54.67
-138,90,4.24,-28.786,-57.81
-138,90,4.56,-11.726,-41.54
-138,90,4.88,-14.06,-44.19
-138,90,5.2,-15.89,-47.31
-138,90,5.52,-18.968,-49.25
-138,90,5.84,-20.782,-52.23
-138,90,6.16,-17.02,-49.06
-138,90,6.48,-24.326,-58.41
-138,90,6.8,-19.67,-53.17
-138,90,7.12,-21.166,-55.76
-138,90,7.44,-34.786,-69.12
-138,90,7.76,-29.978,-65.2
-138,90,8.08,-25.286,-60.09
-138,90,8.4,-30.04,-65.42
-138,90,8.72,-23.748,-61.05
-138,90,9.04,-27.654,-65.44
-138,90,9.36,-34.654,-72.72
-138,90,9.68,-33.07,-71.96
-138,90,10,-21.6,-60.67
-138,90,10.32,-30.072,-69.7
-138,90,10.64,-34.458,-74.47
-138,90,10.96,-34.996,-74.98
-138,90,11.28,-39.916,-80.36
-138,90,11.6,-26.21,-67.08
-138,90,11.92,-34.114,-75.24
-138,90,12.24,-27.684,-69.94
-138,90,12.56,-29.64,-73.71
-138,90,12.88,-29.756,-74.96
-138,90,13.2,-34.5,-81.28
-138,90,13.52,-28.602,-74.61
-138,90,13.84,-30.358,-77.84
-138,90,14.16,-38.546,-86.77
-138,90,14.48,-21.674,-73.5
-138,90,14.8,-22.33,-70.34
-138,90,15.12,-30.93,-77.36
-138,90,15.44,-27.476,-73.79
-138,90,15.76,-28.838,-76.03
-138,90,16.08,-26.172,-73.63
-138,90,16.4,-22.61,-72.42
-138,90,16.72,-31.298,-80.78
-138,90,17.04,-21.856,-73.11
-138,90,17.36,-26.006,-78.65
-138,90,17.68,-21.772,-74.85
-138,90,18,-21.3,-74.11
-137,90,2,-19.2,-40.99
-137,90,2.32,-32.686,-58.34
-137,90,2.64,-26.008,-54.72
-137,90,2.96,-5.798,-34.11
-137,90,3.28,-12.172,-42.19
-137,90,3.6,-17.99,-45.44
-137,90,3.92,-25.002,-52.55
-137,90,4.24,-25.546,-54.57
-137,90,4.56,-11.736,-41.55
-137,90,4.88,-15.78,-45.91
-137,90,5.2,-13.32,-44.74
-137,90,5.52,-20.768,-51.05
-137,90,5.84,-20.602,-52.05
-137,90,6.16,-17.47,-49.51
-137,90,6.48,-25.946,-60.03
-137,90,6.8,-20.91,-54.41
-137,90,7.12,-23.146,-57.74
-137,90,7.44,-32.206,-66.54
-137,90,7.76,-28.498,-63.72
-137,90,8.08,-23.816,-58.62
-137,90,8.4,-32.33,-67.71
-137,90,8.72,-21.098,-58.4
-137,90,9.04,-21.694,-59.48
-137,90,9.36,-38.964,-77.03
-137,90,9.68,-26.83,-65.72
-137,90,10,-27.16,-66.23
-137,90,10.32,-23.092,-62.72
-137,90,10.64,-37.738,-77.75
-137,90,10.96,-34.186,-74.17
-137,90,11.28,-40.686,-81.13
-137,90,11.6,-29.08,-69.95
-137,90,11.92,-35.444,-76.57
-137,90,12.24,-31.354,-73.61
-137,90,12.56,-31.2,-75.27
-137,90,12.88,-26.416,-71.62
-137,90,13.2,-25.91,-72.69
-137,90,13.52,-24.762,-70.77
-137,90,13.84,-26.508,-73.99
-137,90,14.16,-21.976,-70.2
-137,90,14.48,-33.274,-85.1
-137,90,14.8,-28.54,-76.55
-137,90,15.12,-31.32,-77.75
-137,90,15.44,-27.416,-73.73
-137,90,15.76,-41.368,-88.56
-137,90,16.08,-34.362,-81.82
-137,90,16.4,-27.82,-77.63
-137,90,16.72,-29.228,-78.71
-137,90,17.04,-29.516,-80.77
-137,90,17.36,-27.196,-79.84
-137,90,17.68,-28.702,-81.78
-137,90,18,-20.74,-73.55
-136,90,2,-18.53,-40.32
-136,90,2.32,-32.126,-57.78
-136,90,2.64,-23.908,-52.62
-136,90,2.96,-6.178,-34.49
-136,90,3.28,-12.942,-42.96
-136,90,3.6,-15.94,-43.39
-136,90,3.92,-23.892,-51.44
-136,90,4.24,-23.626,-52.65
-136,90,4.56,-12.606,-42.42
-136,90,4.88,-16.12,-46.25
-136,90,5.2,-11.82,-43.24
-136,90,5.52,-22.868,-53.15
-136,90,5.84,-19.972,-51.42
-136,90,6.16,-18.81,-50.85
-136,90,6.48,-26.456,-60.54
-136,90,6.8,-21.98,-55.48
-136,90,7.12,-23.266,-57.86
-136,90,7.44,-29.106,-63.44
-136,90,7.76,-28.328,-63.55
-136,90,8.08,-25.066,-59.87
-136,90,8.4,-27.4,-62.78
-136,90,8.72,-22.478,-59.78
-136,90,9.04,-21.044,-58.83
-136,90,9.36,-22.014,-60.08
-136,90,9.68,-27.4,-66.29
-136,90,10,-26.49,-65.56
-136,90,10.32,-25.352,-64.98
-136,90,10.64,-30.638,-70.65
-136,90,10.96,-27.346,-67.33
-136,90,11.28,-41.386,-81.83
-136,90,11.6,-25.64,-66.51
-136,90,11.92,-25.974,-67.1
-136,90,12.24,-35.404,-77.66
-136,90,12.56,-26.69,-70.76
-136,90,12.88,-38.756,-83.96
-136,90,13.2,-25.47,-72.25
-136,90,13.52,-24.542,-70.55
-136,90,13.84,-30.298,-77.78
-136,90,14.16,-23.316,-71.54
-136,90,14.48,-21.124,-72.95
-136,90,14.8,-29.33,-77.34
-136,90,15.12,-25.88,-72.31
-136,90,15.44,-26.876,-73.19
-136,90,15.76,-25.128,-72.32
-136,90,16.08,-22.052,-69.51
-136,90,16.4,-32.98,-82.79
-136,90,16.72,-30.608,-80.09
-136,90,17.04,-46.176,-97.43
-136,90,17.36,-19.906,-72.55
-136,90,17.68,-30.552,-83.63
-136,90,18,-31.5,-84.31
-135,90,2,-18.21,-40
-135,90,2.32,-31.026,-56.68
-135,90,2.64,-21.868,-50.58
-135,90,2.96,-6.808,-35.12
-135,90,3.28,-12.832,-42.85
-135,90,3.6,-14.91,-42.36
-135,90,3.92,-23.742,-51.29
-135,90,4.24,-22.616,-51.64
-135,90,4.56,-14.366,-44.18
-135,90,4.88,-16.2,-46.33
-135,90,5.2,-11.62,-43.04
-135,90,5.52,-25.358,-55.64
-135,90,5.84,-20.962,-52.41
-135,90,6.16,-22.2,-54.24
-135,90,6.48,-27.796,-61.88
-135,90,6.8,-23.47,-56.97
-135,90,7.12,-23.616,-58.21
-135,90,7.44,-31.026,-65.36
-135,90,7.76,-27.238,-62.46
-135,90,8.08,-26.786,-61.59
-135,90,8.4,-29.75,-65.13
-135,90,8.72,-21.708,-59.01
-135,90,9.04,-23.034,-60.82
-135,90,9.36,-20.044,-58.11
-135,90,9.68,-28.69,-67.58
-135,90,10,-26.64,-65.71
-135,90,10.32,-31.232,-70.86
-135,90,10.64,-35.198,-75.21
-135,90,10.96,-26.856,-66.84
-135,90,11.28,-44.806,-85.25
-135,90,11.6,-26.45,-67.32
-135,90,11.92,-27.494,-68.62
-135,90,12.24,-35.814,-78.07
-135,90,12.56,-27.5,-71.57
-135,90,12.88,-25.726,-70.93
-135,90,13.2,-33.24,-80.02
-135,90,13.52,-25.282,-71.29
-135,90,13.84,-23.628,-71.11
-135,90,14.16,-22.076,-70.3
-135,90,14.48,-22.224,-74.05
-135,90,14.8,-28.28,-76.29
-135,90,15.12,-27.28,-73.71
-135,90,15.44,-29.616,-75.93
-135,90,15.76,-39.078,-86.27
-135,90,16.08,-30.882,-78.34
-135,90,16.4,-23.55,-73.36
-135,90,16.72,-25.748,-75.23
-135,90,17.04,-31.056,-82.31
-135,90,17.36,-27.086,-79.73
-135,90,17.68,-29.212,-82.29
-135,90,18,-23.67,-76.48
-134,90,2,-18.13,-39.92
-134,90,2.32,-29.016,-54.67
-134,90,2.64,-21.168,-49.88
-134,90,2.96,-7.418,-35.73
-134,90,3.28,-12.392,-42.41
-134,90,3.6,-14.13,-41.58
-134,90,3.92,-25.822,-53.37
-134,90,4.24,-20.666,-49.69
-134,90,4.56,-16.846,-46.66
-134,90,4.88,-16.02,-46.15
-134,90,5.2,-12.31,-43.73
-134,90,5.52,-26.098,-56.38
-134,90,5.84,-21.142,-52.59
-134,90,6.16,-24.01,-56.05
-134,90,6.48,-31.386,-65.47
-134,90,6.8,-27.94,-61.44
-134,90,7.12,-22.426,-57.02
-134,90,7.44,-31.956,-66.29
-134,90,7.76,-28.728,-63.95
-134,90,8.08,-31.506,-66.31
-134,90,8.4,-34.24,-69.62
-134,90,8.72,-22.428,-59.73
-134,90,9.04,-26.614,-64.4
-134,90,9.36,-24.474,-62.54
-134,90,9.68,-34.56,-73.45
-134,90,10,-27.2,-66.27
-134,90,10.32,-34.112,-73.74
-134,90,10.64,-26.338,-66.35
-134,90,10.96,-35.686,-75.67
-134,90,11.28,-35.426,-75.87
-134,90,11.6,-23.66,-64.53
-134,90,11.92,-30.564,-71.69
-134,90,12.24,-30.484,-72.74
-134,90,12.56,-25.23,-69.3
-134,90,12.88,-27.416,-72.62
-134,90,13.2,-32.47,-79.25
-134,90,13.52,-31.712,-77.72
-134,90,13.84,-37.498,-84.98
-134,90,14.16,-31.206,-79.43
-134,90,14.48,-26.944,-78.77
-134,90,14.8,-24.92,-72.93
-134,90,15.12,-33.19,-79.62
-134,90,15.44,-28.176,-74.49
-134,90,15.76,-29.588,-76.78
-134,90,16.08,-32.182,-79.64
-134,90,16.4,-24.98,-74.79
-134,90,16.72,-23.058,-72.54
-134,90,17.04,-24.856,-76.11
-134,90,17.36,-23.916,-76.56
-134,90,17.68,-22.392,-75.47
-134,90,18,-19.84,-72.65
-133,90,2,-17.7,-39.49
-133,90,2.32,-29.376,-55.03
-133,90,2.64,-20.808,-49.52
-133,90,2.96,-8.168,-36.48
-133,90,3.28,-11.902,-41.92
-133,90,3.6,-14.01,-41.46
-133,90,3.92,-25.652,-53.2
-133,90,4.24,-19.616,-48.64
-133,90,4.56,-18.956,-48.77
-133,90,4.88,-16.39,-46.52
-133,90,5.2,-13.24,-44.66
-133,90,5.52,-25.108,-55.39
-133,90,5.84,-21.622,-53.07
-133,90,6.16,-23.75,-55.79
-133,90,6.48,-43.826,-77.91
-133,90,6.8,-28.88,-62.38
-133,90,7.12,-21.906,-56.5
-133,90,7.44,-34.766,-69.1
-133,90,7.76,-29.738,-64.96
-133,90,8.08,-38.156,-72.96
-133,90,8.4,-38.81,-74.19
-133,90,8.72,-22.068,-59.37
-133,90,9.04,-30.424,-68.21
-133,90,9.36,-30.484,-68.55
-133,90,9.68,-35.37,-74.26
-133,90,10,-29.94,-69.01
-133,90,10.32,-38.382,-78.01
-133,90,10.64,-23.008,-63.02
-133,90,10.96,-40.026,-80.01
-133,90,11.28,-32.236,-72.68
-133,90,11.6,-34.41,-75.28
-133,90,11.92,-30.464,-71.59
-133,90,12.24,-31.654,-73.91
-133,90,12.56,-29.92,-73.99
-133,90,12.88,-25.876,-71.08
-133,90,13.2,-31.42,-78.2
-133,90,13.52,-35.422,-81.43
-133,90,13.84,-26.888,-74.37
-133,90,14.16,-32.536,-80.76
-133,90,14.48,-21.964,-73.79
-133,90,14.8,-23.72,-71.73
-133,90,15.12,-25.4,-71.83
-133,90,15.44,-43.036,-89.35
-133,90,15.76,-26.428,-73.62
-133,90,16.08,-30.612,-78.07
-133,90,16.4,-23.35,-73.16
-133,90,16.72,-23.908,-73.39
-133,90,17.04,-27.146,-78.4
-133,90,17.36,-37.306,-89.95
-133,90,17.68,-33.792,-86.87
-133,90,18,-28.32,-81.13
-132,90,2,-17.62,-39.41
-132,90,2.32,-29.166,-54.82
-132,90,2.64,-20.308,-49.02
-132,90,2.96,-8.988,-37.3
-132,90,3.28,-11.402,-41.42
-132,90,3.6,-14.4,-41.85
-132,90,3.92,-22.562,-50.11
-132,90,4.24,-18.636,-47.66
-132,90,4.56,-19.616,-49.43
-132,90,4.88,-17.14,-47.27
-132,90,5.2,-14.91,-46.33
-132,90,5.52,-24.408,-54.69
-132,90,5.84,-24.122,-55.57
-132,90,6.16,-22.15,-54.19
-132,90,6.48,-38.066,-72.15
-132,90,6.8,-28.55,-62.05
-132,90,7.12,-24.006,-58.6
-132,90,7.44,-30.866,-65.2
-132,90,7.76,-34.718,-69.94
-132,90,8.08,-38.666,-73.47
-132,90,8.4,-36.24,-71.62
-132,90,8.72,-25.298,-62.6
-132,90,9.04,-23.944,-61.73
-132,90,9.36,-22.554,-60.62
-132,90,9.68,-43.53,-82.42
-132,90,10,-25.36,-64.43
-132,90,10.32,-25.772,-65.4
-132,90,10.64,-24.438,-64.45
-132,90,10.96,-32.866,-72.85
-132,90,11.28,-33.376,-73.82
-132,90,11.6,-36.28,-77.15
-132,90,11.92,-31.484,-72.61
-132,90,12.24,-28.974,-71.23
-132,90,12.56,-27.33,-71.4
-132,90,12.88,-27.276,-72.48
-132,90,13.2,-27.43,-74.21
-132,90,13.52,-27.342,-73.35
-132,90,13.84,-28.688,-76.17
-132,90,14.16,-38.176,-86.4
-132,90,14.48,-22.464,-74.29
-132,90,14.8,-27.65,-75.66
-132,90,15.12,-28.98,-75.41
-132,90,15.44,-37.846,-84.16
-132,90,15.76,-30.298,-77.49
-132,90,16.08,-25.212,-72.67
-132,90,16.4,-33.16,-82.97
-132,90,16.72,-23.608,-73.09
-132,90,17.04,-26.066,-77.32
-132,90,17.36,-28.596,-81.24
-132,90,17.68,-34.812,-87.89
-132,90,18,-32.04,-84.85
-131,90,2,-17.51,-39.3
-131,90,2.32,-30.166,-55.82
-131,90,2.64,-20.418,-49.13
-131,90,2.96,-9.668,-37.98
-131,90,3.28,-11.092,-41.11
-131,90,3.6,-14.95,-42.4
-131,90,3.92,-18.862,-46.41
-131,90,4.24,-17.576,-46.6
-131,90,4.56,-18.126,-47.94
-131,90,4.88,-18.19,-48.32
-131,90,5.2,-16.82,-48.24
-131,90,5.52,-23.398,-53.68
-131,90,5.84,-24.262,-55.71
-131,90,6.16,-20.19,-52.23
-131,90,6.48,-31.176,-65.26
-131,90,6.8,-24.72,-58.22
-131,90,7.12,-25.756,-60.35
-131,90,7.44,-28.656,-62.99
-131,90,7.76,-39.038,-74.26
-131,90,8.08,-37.226,-72.03
-131,90,8.4,-37.56,-72.94
-131,90,8.72,-32.918,-70.22
-131,90,9.04,-24.474,-62.26
-131,90,9.36,-26.224,-64.29
-131,90,9.68,-26.76,-65.65
-131,90,10,-26.87,-65.94
-131,90,10.32,-23.512,-63.14
-131,90,10.64,-40.968,-80.98
-131,90,10.96,-25.756,-65.74
-131,90,11.28,-39.346,-79.79
-131,90,11.6,-38.43,-79.3
-131,90,11.92,-34.344,-75.47
-131,90,12.24,-26.404,-68.66
-131,90,12.56,-31.55,-75.62
-131,90,12.88,-43.236,-88.44
-131,90,13.2,-26.24,-73.02
-131,90,13.52,-51.582,-97.59
-131,90,13.84,-26.348,-73.83
-131,90,14.16,-32.906,-81.13
-131,90,14.48,-25.484,-77.31
-131,90,14.8,-24.14,-72.15
-131,90,15.12,-38.18,-84.61
-131,90,15.44,-34.246,-80.56
-131,90,15.76,-41.398,-88.59
-131,90,16.08,-27.222,-74.68
-131,90,16.4,-28.13,-77.94
-131,90,16.72,-27.018,-76.5
-131,90,17.04,-27.006,-78.26
-131,90,17.36,-18.406,-71.05
-131,90,17.68,-18.512,-71.59
-131,90,18,-20.12,-72.93
-130,90,2,-17.57,-39.36
-130,90,2.32,-31.696,-57.35
-130,90,2.64,-21.278,-49.99
-130,90,2.96,-10.418,-38.73
-130,90,3.28,-10.982,-41
-130,90,3.6,-16.32,-43.77
-130,90,3.92,-17.112,-44.66
-130,90,4.24,-18.546,-47.57
-130,90,4.56,-15.576,-45.39
-130,90,4.88,-17.87,-48
-130,90,5.2,-18.64,-50.06
-130,90,5.52,-24.578,-54.86
-130,90,5.84,-24.002,-55.45
-130,90,6.16,-19.82,-51.86
-130,90,6.48,-35.196,-69.28
-130,90,6.8,-25.35,-58.85
-130,90,7.12,-32.276,-66.87
-130,90,7.44,-24.976,-59.31
-130,90,7.76,-32.038,-67.26
-130,90,8.08,-27.946,-62.75
-130,90,8.4,-46.56,-81.94
-130,90,8.72,-36.268,-73.57
-130,90,9.04,-33.224,-71.01
-130,90,9.36,-34.324,-72.39
-130,90,9.68,-24.89,-63.78
-130,90,10,-29.97,-69.04
-130,90,10.32,-25.732,-65.36
-130,90,10.64,-31.928,-71.94
-130,90,10.96,-23.656,-63.64
-130,90,11.28,-34.446,-74.89
-130,90,11.6,-32.15,-73.02
-130,90,11.92,-46.134,-87.26
-130,90,12.24,-30.614,-72.87
-130,90,12.56,-23.58,-67.65
-130,90,12.88,-41.946,-87.15
-130,90,13.2,-26.19,-72.97
-130,90,13.52,-28.852,-74.86
-130,90,13.84,-26.548,-74.03
-130,90,14.16,-38.916,-87.14
-130,90,14.48,-20.334,-72.16
-130,90,14.8,-26.46,-74.47
-130,90,15.12,-29.5,-75.93
-130,90,15.44,-30.656,-76.97
-130,90,15.76,-24.258,-71.45
-130,90,16.08,-30.542,-78
-130,90,16.4,-34.85,-84.66
-130,90,16.72,-31.958,-81.44
-130,90,17.04,-22.616,-73.87
-130,90,17.36,-27.486,-80.13
-130,90,17.68,-33.782,-86.86
-130,90,18,-29.15,-81.96
-129,90,2,-17.9,-39.69
-129,90,2.32,-35.796,-61.45
-129,90,2.64,-22.538,-51.25
-129,90,2.96,-10.558,-38.87
-129,90,3.28,-11.542,-41.56
-129,90,3.6,-17.64,-45.09
-129,90,3.92,-15.862,-43.41
-129,90,4.24,-19.396,-48.42
-129,90,4.56,-13.806,-43.62
-129,90,4.88,-18.55,-48.68
-129,90,5.2,-18.88,-50.3
-129,90,5.52,-25.268,-55.55
-129,90,5.84,-22.672,-54.12
-129,90,6.16,-19.39,-51.43
-129,90,6.48,-31.376,-65.46
-129,90,6.8,-24.14,-57.64
-129,90,7.12,-32.526,-67.12
-129,90,7.44,-27.126,-61.46
-129,90,7.76,-27.818,-63.04
-129,90,8.08,-26.416,-61.22
-129,90,8.4,-34.11,-69.49
-129,90,8.72,-34.448,-71.75
-129,90,9.04,-45.634,-83.42
-129,90,9.36,-26.764,-64.83
-129,90,9.68,-24.77,-63.66
-129,90,10,-22.42,-61.49
-129,90,10.32,-28.112,-67.74
-129,90,10.64,-24.968,-64.98
-129,90,10.96,-23.576,-63.56
-129,90,11.28,-29.876,-70.32
-129,90,11.6,-31.54,-72.41
-129,90,11.92,-31.714,-72.84
-129,90,12.24,-31.694,-73.95
-129,90,12.56,-21.17,-65.24
-129,90,12.88,-31.476,-76.68
-129,90,13.2,-31.29,-78.07
-129,90,13.52,-24.222,-70.23
-129,90,13.84,-41.948,-89.43
-129,90,14.16,-26.906,-75.13
-129,90,14.48,-31.724,-83.55
-129,90,14.8,-23.74,-71.75
-129,90,15.12,-32.12,-78.55
-129,90,15.44,-30.536,-76.85
-129,90,15.76,-30.658,-77.85
-129,90,16.08,-25.212,-72.67
-129,90,16.4,-27.3,-77.11
-129,90,16.72,-24.108,-73.59
-129,90,17.04,-30.516,-81.77
-129,90,17.36,-23.696,-76.34
-129,90,17.68,-28.132,-81.21
-129,90,18,-20.7,-73.51
-128,90,2,-18.7,-40.49
-128,90,2.32,-42.336,-67.99
-128,90,2.64,-23.548,-52.26
-128,90,2.96,-10.618,-38.93
-128,90,3.28,-12.402,-42.42
-128,90,3.6,-19.16,-46.61
-128,90,3.92,-15.492,-43.04
-128,90,4.24,-20.356,-49.38
-128,90,4.56,-11.966,-41.78
-128,90,4.88,-18.48,-48.61
-128,90,5.2,-17.62,-49.04
-128,90,5.52,-26.068,-56.35
-128,90,5.84,-22.072,-53.52
-128,90,6.16,-19.62,-51.66
-128,90,6.48,-33.476,-67.56
-128,90,6.8,-22.61,-56.11
-128,90,7.12,-29.876,-64.47
-128,90,7.44,-28.506,-62.84
-128,90,7.76,-26.378,-61.6
-128,90,8.08,-24.636,-59.44
-128,90,8.4,-36.68,-72.06
-128,90,8.72,-25.768,-63.07
-128,90,9.04,-30.434,-68.22
-128,90,9.36,-22.444,-60.51
-128,90,9.68,-29.93,-68.82
-128,90,10,-19.44,-58.51
-128,90,10.32,-36.452,-76.08
-128,90,10.64,-25.368,-65.38
-128,90,10.96,-25.956,-65.94
-128,90,11.28,-31.546,-71.99
-128,90,11.6,-32.04,-72.91
-128,90,11.92,-26.784,-67.91
-128,90,12.24,-32.154,-74.41
-128,90,12.56,-24.77,-68.84
-128,90,12.88,-52.706,-97.91
-128,90,13.2,-25.62,-72.4
-128,90,13.52,-35.402,-81.41
-128,90,13.84,-28.778,-76.26
-128,90,14.16,-34.176,-82.4
-128,90,14.48,-33.464,-85.29
-128,90,14.8,-38.99,-87
-128,90,15.12,-35.37,-81.8
-128,90,15.44,-28.606,-74.92
-128,90,15.76,-25.128,-72.32
-128,90,16.08,-35.952,-83.41
-128,90,16.4,-22.81,-72.62
-128,90,16.72,-25.598,-75.08
-128,90,17.04,-23.176,-74.43
-128,90,17.36,-17.576,-70.22
-128,90,17.68,-26.912,-79.99
-128,90,18,-24.04,-76.85
-127,90,2,-19.12,-40.91
-127,90,2.32,-43.946,-69.6
-127,90,2.64,-25.618,-54.33
-127,90,2.96,-10.238,-38.55
-127,90,3.28,-13.162,-43.18
-127,90,3.6,-20.29,-47.74
-127,90,3.92,-15.952,-43.5
-127,90,4.24,-20.586,-49.61
-127,90,4.56,-11.276,-41.09
-127,90,4.88,-18.29,-48.42
-127,90,5.2,-16.94,-48.36
-127,90,5.52,-24.668,-54.95
-127,90,5.84,-23.212,-54.66
-127,90,6.16,-20.16,-52.2
-127,90,6.48,-30.516,-64.6
-127,90,6.8,-23.79,-57.29
-127,90,7.12,-29.486,-64.08
-127,90,7.44,-32.276,-66.61
-127,90,7.76,-26.828,-62.05
-127,90,8.08,-27.916,-62.72
-127,90,8.4,-26.21,-61.59
-127,90,8.72,-23.508,-60.81
-127,90,9.04,-26.444,-64.23
-127,90,9.36,-26.014,-64.08
-127,90,9.68,-24.23,-63.12
-127,90,10,-21.36,-60.43
-127,90,10.32,-30.242,-69.87
-127,90,10.64,-24.268,-64.28
-127,90,10.96,-24.556,-64.54
-127,90,11.28,-32.046,-72.49
-127,90,11.6,-31.51,-72.38
-127,90,11.92,-33.554,-74.68
-127,90,12.24,-34.644,-76.9
-127,90,12.56,-31.85,-75.92
-127,90,12.88,-25.226,-70.43
-127,90,13.2,-30.16,-76.94
-127,90,13.52,-27.702,-73.71
-127,90,13.84,-28.278,-75.76
-127,90,14.16,-30.646,-78.87
-127,90,14.48,-32.084,-83.91
-127,90,14.8,-22.54,-70.55
-127,90,15.12,-28.97,-75.4
-127,90,15.44,-38.126,-84.44
-127,90,15.76,-22.668,-69.86
-127,90,16.08,-24.032,-71.49
-127,90,16.4,-39.53,-89.34
-127,90,16.72,-27.468,-76.95
-127,90,17.04,-25.046,-76.3
-127,90,17.36,-23.866,-76.51
-127,90,17.68,-29.672,-82.75
-127,90,18,-23.2,-76.01
-126,90,2,-19.89,-41.68
-126,90,2.32,-35.636,-61.29
-126,90,2.64,-25.858,-54.57
-126,90,2.96,-9.648,-37.96
-126,90,3.28,-14.192,-44.21
-126,90,3.6,-20.24,-47.69
-126,90,3.92,-16.852,-44.4
-126,90,4.24,-20.136,-49.16
-126,90,4.56,-10.646,-40.46
-126,90,4.88,-18.13,-48.26
-126,90,5.2,-15.82,-47.24
-126,90,5.52,-23.388,-53.67
-126,90,5.84,-23.982,-55.43
-126,90,6.16,-20.11,-52.15
-126,90,6.48,-29.406,-63.49
-126,90,6.8,-25.04,-58.54
-126,90,7.12,-27.116,-61.71
-126,90,7.44,-39.586,-73.92
-126,90,7.76,-26.778,-62
-126,90,8.08,-32.936,-67.74
-126,90,8.4,-28.08,-63.46
-126,90,8.72,-24.128,-61.43
-126,90,9.04,-29.474,-67.26
-126,90,9.36,-33.754,-71.82
-126,90,9.68,-25.55,-64.44
-126,90,10,-28.31,-67.38
-126,90,10.32,-29.862,-69.49
-126,90,10.64,-26.378,-66.39
-126,90,10.96,-24.196,-64.18
-126,90,11.28,-28.686,-69.13
-126,90,11.6,-29.76,-70.63
-126,90,11.92,-56.014,-97.14
-126,90,12.24,-28.414,-70.67
-126,90,12.56,-23.28,-67.35
-126,90,12.88,-47.896,-93.1
-126,90,13.2,-34.72,-81.5
-126,90,13.52,-34.102,-80.11
-126,90,13.84,-31.028,-78.51
-126,90,14.16,-34.526,-82.75
-126,90,14.48,-26.904,-78.73
-126,90,14.8,-23.77,-71.78
-126,90,15.12,-29.97,-76.4
-126,90,15.44,-31.316,-77.63
-126,90,15.76,-24.418,-71.61
-126,90,16.08,-39.112,-86.57
-126,90,16.4,-27.22,-77.03
-126,90,16.72,-23.658,-73.14
-126,90,17.04,-31.746,-83
-126,90,17.36,-25.256,-77.9
-126,90,17.68,-24.522,-77.6
-126,90,18,-23.21,-76.02
-125,90,2,-20.98,-42.77
-125,90,2.32,-29.306,-54.96
-125,90,2.64,-25.578,-54.29
-125,90,2.96,-8.788,-37.1
-125,90,3.28,-15.062,-45.08
-125,90,3.6,-19.94,-47.39
-125,90,3.92,-18.182,-45.73
-125,90,4.24,-19.546,-48.57
-125,90,4.56,-10.636,-40.45
-125,90,4.88,-17.84,-47.97
-125,90,5.2,-14.64,-46.06
-125,90,5.52,-21.348,-51.63
-125,90,5.84,-23.042,-54.49
-125,90,6.16,-20.49,-52.53
-125,90,6.48,-31.766,-65.85
-125,90,6.8,-26.11,-59.61
-125,90,7.12,-25.786,-60.38
-125,90,7.44,-36.806,-71.14
-125,90,7.76,-27.448,-62.67
-125,90,8.08,-38.436,-73.24
-125,90,8.4,-29.5,-64.88
-125,90,8.72,-25.508,-62.81
-125,90,9.04,-31.634,-69.42
-125,90,9.36,-32.814,-70.88
-125,90,9.68,-27.16,-66.05
-125,90,10,-33.65,-72.72
-125,90,10.32,-28.232,-67.86
-125,90,10.64,-29.888,-69.9
-125,90,10.96,-20.276,-60.26
-125,90,11.28,-33.256,-73.7
-125,90,11.6,-30.35,-71.22
-125,90,11.92,-36.664,-77.79
-125,90,12.24,-29.724,-71.98
-125,90,12.56,-25.47,-69.54
-125,90,12.88,-26.226,-71.43
-125,90,13.2,-24.36,-71.14
-125,90,13.52,-41.242,-87.25
-125,90,13.84,-27.848,-75.33
-125,90,14.16,-31.596,-79.82
-125,90,14.48,-33.224,-85.05
-125,90,14.8,-26.7,-74.71
-125,90,15.12,-25.69,-72.12
-125,90,15.44,-27.316,-73.63
-125,90,15.76,-32.038,-79.23
-125,90,16.08,-26.902,-74.36
-125,90,16.4,-29.25,-79.06
-125,90,16.72,-33.368,-82.85
-125,90,17.04,-31.176,-82.43
-125,90,17.36,-18.706,-71.35
-125,90,17.68,-32.692,-85.77
-125,90,18,-19.68,-72.49
-124,90,2,-22.39,-44.18
-124,90,2.32,-27.546,-53.2
-124,90,2.64,-24.058,-52.77
-124,90,2.96,-8.018,-36.33
-124,90,3.28,-16.122,-46.14
-124,90,3.6,-20.23,-47.68
-124,90,3.92,-19.402,-46.95
-124,90,4.24,-19.876,-48.9
-124,90,4.56,-11.206,-41.02
-124,90,4.88,-17.75,-47.88
-124,90,5.2,-14.53,-45.95
-124,90,5.52,-19.678,-49.96
-124,90,5.84,-22.762,-54.21
-124,90,6.16,-21,-53.04
-124,90,6.48,-28.616,-62.7
-124,90,6.8,-26.43,-59.93
-124,90,7.12,-22.896,-57.49
-124,90,7.44,-36.296,-70.63
-124,90,7.76,-25.408,-60.63
-124,90,8.08,-29.716,-64.52
-124,90,8.4,-32.73,-68.11
-124,90,8.72,-28.268,-65.57
-124,90,9.04,-31.244,-69.03
-124,90,9.36,-35.314,-73.38
-124,90,9.68,-35.13,-74.02
-124,90,10,-28,-67.07
-124,90,10.32,-24.812,-64.44
-124,90,10.64,-35.278,-75.29
-124,90,10.96,-21.446,-61.43
-124,90,11.28,-38.176,-78.62
-124,90,11.6,-52.57,-93.44
-124,90,11.92,-26.404,-67.53
-124,90,12.24,-28.734,-70.99
-124,90,12.56,-31.39,-75.46
-124,90,12.88,-26.276,-71.48
-124,90,13.2,-25.95,-72.73
-124,90,13.52,-25.232,-71.24
-124,90,13.84,-26.808,-74.29
-124,90,14.16,-32.836,-81.06
-124,90,14.48,-48.264,-100.09
-124,90,14.8,-21.01,-69.02
-124,90,15.12,-36.3,-82.73
-124,90,15.44,-35.006,-81.32
-124,90,15.76,-24.258,-71.45
-124,90,16.08,-28.922,-76.38
-124,90,16.4,-25.66,-75.47
-124,90,16.72,-40.408,-89.89
-124,90,17.04,-20.476,-71.73
-124,90,17.36,-38.306,-90.95
-124,90,17.68,-41.262,-94.34
-124,90,18,-30.64,-83.45
-123,90,2,-24.06,-45.85
-123,90,2.32,-25.066,-50.72
-123,90,2.64,-22.808,-51.52
-123,90,2.96,-7.408,-35.72
-123,90,3.28,-17.032,-47.05
-123,90,3.6,-20.61,-48.06
-123,90,3.92,-20.022,-47.57
-123,90,4.24,-19.636,-48.66
-123,90,4.56,-11.836,-41.65
-123,90,4.88,-17.56,-47.69
-123,90,5.2,-15.04,-46.46
-123,90,5.52,-18.548,-48.83
-123,90,5.84,-22.402,-53.85
-123,90,6.16,-19.94,-51.98
-123,90,6.48,-26.726,-60.81
-123,90,6.8,-27.65,-61.15
-123,90,7.12,-21.076,-55.67
-123,90,7.44,-32.006,-66.34
-123,90,7.76,-24.688,-59.91
-123,90,8.08,-26.926,-61.73
-123,90,8.4,-35.03,-70.41
-123,90,8.72,-32.618,-69.92
-123,90,9.04,-33.114,-70.9
-123,90,9.36,-30.214,-68.28
-123,90,9.68,-27.21,-66.1
-123,90,10,-25.44,-64.51
-123,90,10.32,-24.822,-64.45
-123,90,10.64,-32.578,-72.59
-123,90,10.96,-24.166,-64.15
-123,90,11.28,-28.346,-68.79
-123,90,11.6,-40.99,-81.86
-123,90,11.92,-38.044,-79.17
-123,90,12.24,-38.404,-80.66
-123,90,12.56,-42.82,-86.89
-123,90,12.88,-26.796,-72
-123,90,13.2,-20.34,-67.12
-123,90,13.52,-25.582,-71.59
-123,90,13.84,-29.278,-76.76
-123,90,14.16,-18.176,-66.4
-123,90,14.48,-25.674,-77.5
-123,90,14.8,-32.91,-80.92
-123,90,15.12,-28.63,-75.06
-123,90,15.44,-20.556,-66.87
-123,90,15.76,-22.998,-70.19
-123,90,16.08,-28.662,-76.12
-123,90,16.4,-29.11,-78.92
-123,90,16.72,-23.608,-73.09
-123,90,17.04,-29.186,-80.44
-123,90,17.36,-25.116,-77.76
-123,90,17.68,-31.092,-84.17
-123,90,18,-21.41,-74.22
-122,90,2,-26.3,-48.09
-122,90,2.32,-23.996,-49.65
-122,90,2.64,-21.718,-50.43
-122,90,2.96,-7.02800000000001,-35.34
-122,90,3.28,-18.172,-48.19
-122,90,3.6,-21.66,-49.11
-122,90,3.92,-20.082,-47.63
-122,90,4.24,-19.546,-48.57
-122,90,4.56,-12.946,-42.76
-122,90,4.88,-18.47,-48.6
-122,90,5.2,-15.87,-47.29
-122,90,5.52,-18.118,-48.4
-122,90,5.84,-22.272,-53.72
-122,90,6.16,-19.6,-51.64
-122,90,6.48,-26.946,-61.03
-122,90,6.8,-27.03,-60.53
-122,90,7.12,-21.766,-56.36
-122,90,7.44,-38.006,-72.34
-122,90,7.76,-27.908,-63.13
-122,90,8.08,-28.766,-63.57
-122,90,8.4,-41.98,-77.36
-122,90,8.72,-33.428,-70.73
-122,90,9.04,-31.914,-69.7
-122,90,9.36,-27.754,-65.82
-122,90,9.68,-26.09,-64.98
-122,90,10,-24.11,-63.18
-122,90,10.32,-25.682,-65.31
-122,90,10.64,-31.518,-71.53
-122,90,10.96,-28.566,-68.55
-122,90,11.28,-25.056,-65.5
-122,90,11.6,-39.14,-80.01
-122,90,11.92,-32.724,-73.85
-122,90,12.24,-28.734,-70.99
-122,90,12.56,-36.36,-80.43
-122,90,12.88,-25.866,-71.07
-122,90,13.2,-23.96,-70.74
-122,90,13.52,-25.402,-71.41
-122,90,13.84,-32.918,-80.4
-122,90,14.16,-19.216,-67.44
-122,90,14.48,-30.514,-82.34
-122,90,14.8,-23.9,-71.91
-122,90,15.12,-21.18,-67.61
-122,90,15.44,-26.526,-72.84
-122,90,15.76,-28.588,-75.78
-122,90,16.08,-29.382,-76.84
-122,90,16.4,-22.32,-72.13
-122,90,16.72,-29.298,-78.78
-122,90,17.04,-25.406,-76.66
-122,90,17.36,-24.486,-77.13
-122,90,17.68,-32.302,-85.38
-122,90,18,-26.68,-79.49
-121,90,2,-28.65,-50.44
-121,90,2.32,-22.886,-48.54
-121,90,2.64,-20.518,-49.23
-121,90,2.96,-6.858,-35.17
-121,90,3.28,-18.592,-48.61
-121,90,3.6,-23.38,-50.83
-121,90,3.92,-20.382,-47.93
-121,90,4.24,-20.666,-49.69
-121,90,4.56,-14.216,-44.03
-121,90,4.88,-19.7,-49.83
-121,90,5.2,-16.59,-48.01
-121,90,5.52,-18.338,-48.62
-121,90,5.84,-23.322,-54.77
-121,90,6.16,-17.57,-49.61
-121,90,6.48,-26.946,-61.03
-121,90,6.8,-28.05,-61.55
-121,90,7.12,-23.676,-58.27
-121,90,7.44,-33.426,-67.76
-121,90,7.76,-28.728,-63.95
-121,90,8.08,-27.096,-61.9
-121,90,8.4,-35.87,-71.25
-121,90,8.72,-26.198,-63.5
-121,90,9.04,-35.064,-72.85
-121,90,9.36,-25.804,-63.87
-121,90,9.68,-26.32,-65.21
-121,90,10,-20.27,-59.34
-121,90,10.32,-24.372,-64
-121,90,10.64,-26.008,-66.02
-121,90,10.96,-31.066,-71.05
-121,90,11.28,-30.846,-71.29
-121,90,11.6,-28.38,-69.25
-121,90,11.92,-42.884,-84.01
-121,90,12.24,-34.514,-76.77
-121,90,12.56,-26.54,-70.61
-121,90,12.88,-26.746,-71.95
-121,90,13.2,-26.35,-73.13
-121,90,13.52,-31.352,-77.36
-121,90,13.84,-31.138,-78.62
-121,90,14.16,-37.976,-86.2
-121,90,14.48,-32.074,-83.9
-121,90,14.8,-23.05,-71.06
-121,90,15.12,-32.74,-79.17
-121,90,15.44,-26.866,-73.18
-121,90,15.76,-19.188,-66.38
-121,90,16.08,-32.992,-80.45
-121,90,16.4,-21.85,-71.66
-121,90,16.72,-22.088,-71.57
-121,90,17.04,-33.936,-85.19
-121,90,17.36,-22.436,-75.08
-121,90,17.68,-19.362,-72.44
-121,90,18,-28.06,-80.87
-120,90,2,-31.91,-53.7
-120,90,2.32,-22.536,-48.19
-120,90,2.64,-19.648,-48.36
-120,90,2.96,-7.13800000000001,-35.45
-120,90,3.28,-19.582,-49.6
-120,90,3.6,-26.42,-53.87
-120,90,3.92,-20.582,-48.13
-120,90,4.24,-20.716,-49.74
-120,90,4.56,-15.986,-45.8
-120,90,4.88,-20.62,-50.75
-120,90,5.2,-16.68,-48.1
-120,90,5.52,-18.508,-48.79
-120,90,5.84,-22.522,-53.97
-120,90,6.16,-16.71,-48.75
-120,90,6.48,-34.406,-68.49
-120,90,6.8,-32.16,-65.66
-120,90,7.12,-26.786,-61.38
-120,90,7.44,-39.716,-74.05
-120,90,7.76,-26.758,-61.98
-120,90,8.08,-24.926,-59.73
-120,90,8.4,-26.88,-62.26
-120,90,8.72,-28.648,-65.95
-120,90,9.04,-28.184,-65.97
-120,90,9.36,-22.394,-60.46
-120,90,9.68,-35.65,-74.54
-120,90,10,-20.15,-59.22
-120,90,10.32,-23.192,-62.82
-120,90,10.64,-24.178,-64.19
-120,90,10.96,-27.066,-67.05
-120,90,11.28,-27.726,-68.17
-120,90,11.6,-28.85,-69.72
-120,90,11.92,-30.594,-71.72
-120,90,12.24,-36.854,-79.11
-120,90,12.56,-23.75,-67.82
-120,90,12.88,-41.536,-86.74
-120,90,13.2,-22.93,-69.71
-120,90,13.52,-25.212,-71.22
-120,90,13.84,-25.848,-73.33
-120,90,14.16,-28.596,-76.82
-120,90,14.48,-21.624,-73.45
-120,90,14.8,-22.43,-70.44
-120,90,15.12,-32.37,-78.8
-120,90,15.44,-25.016,-71.33
-120,90,15.76,-20.898,-68.09
-120,90,16.08,-23.452,-70.91
-120,90,16.4,-37.23,-87.04
-120,90,16.72,-29.798,-79.28
-120,90,17.04,-23.166,-74.42
-120,90,17.36,-52.276,-104.92
-120,90,17.68,-22.472,-75.55
-120,90,18,-23.49,-76.3
-119,90,2,-34.76,-56.55
-119,90,2.32,-22.436,-48.09
-119,90,2.64,-19.488,-48.2
-119,90,2.96,-7.438,-35.75
-119,90,3.28,-21.372,-51.39
-119,90,3.6,-27.62,-55.07
-119,90,3.92,-20.862,-48.41
-119,90,4.24,-22.186,-51.21
-119,90,4.56,-16.826,-46.64
-119,90,4.88,-21.82,-51.95
-119,90,5.2,-16.9,-48.32
-119,90,5.52,-18.948,-49.23
-119,90,5.84,-22.302,-53.75
-119,90,6.16,-15.86,-47.9
-119,90,6.48,-37.136,-71.22
-119,90,6.8,-39.69,-73.19
-119,90,7.12,-29.326,-63.92
-119,90,7.44,-44.486,-78.82
-119,90,7.76,-22.148,-57.37
-119,90,8.08,-24.686,-59.49
-119,90,8.4,-26.2,-61.58
-119,90,8.72,-30.328,-67.63
-119,90,9.04,-26.004,-63.79
-119,90,9.36,-28.284,-66.35
-119,90,9.68,-44.68,-83.57
-119,90,10,-23.75,-62.82
-119,90,10.32,-18.662,-58.29
-119,90,10.64,-29.128,-69.14
-119,90,10.96,-21.516,-61.5
-119,90,11.28,-32.166,-72.61
-119,90,11.6,-24.08,-64.95
-119,90,11.92,-26.424,-67.55
-119,90,12.24,-28.054,-70.31
-119,90,12.56,-26.61,-70.68
-119,90,12.88,-33.076,-78.28
-119,90,13.2,-37.41,-84.19
-119,90,13.52,-37.632,-83.64
-119,90,13.84,-34.238,-81.72
-119,90,14.16,-21.046,-69.27
-119,90,14.48,-20.364,-72.19
-119,90,14.8,-21.88,-69.89
-119,90,15.12,-40.26,-86.69
-119,90,15.44,-36.546,-82.86
-119,90,15.76,-21.918,-69.11
-119,90,16.08,-39.712,-87.17
-119,90,16.4,-27.8,-77.61
-119,90,16.72,-31.018,-80.5
-119,90,17.04,-23.116,-74.37
-119,90,17.36,-23.986,-76.63
-119,90,17.68,-24.712,-77.79
-119,90,18,-25.64,-78.45
-118,90,2,-34.64,-56.43
-118,90,2.32,-22.266,-47.92
-118,90,2.64,-18.968,-47.68
-118,90,2.96,-8.448,-36.76
-118,90,3.28,-21.472,-51.49
-118,90,3.6,-25.4,-52.85
-118,90,3.92,-22.792,-50.34
-118,90,4.24,-23.866,-52.89
-118,90,4.56,-18.206,-48.02
-118,90,4.88,-23.24,-53.37
-118,90,5.2,-17.41,-48.83
-118,90,5.52,-19.808,-50.09
-118,90,5.84,-21.912,-53.36
-118,90,6.16,-16.28,-48.32
-118,90,6.48,-34.066,-68.15
-118,90,6.8,-60.9,-94.4
-118,90,7.12,-33.466,-68.06
-118,90,7.44,-32.066,-66.4
-118,90,7.76,-22.738,-57.96
-118,90,8.08,-27.696,-62.5
-118,90,8.4,-23.79,-59.17
-118,90,8.72,-31.258,-68.56
-118,90,9.04,-26.454,-64.24
-118,90,9.36,-26.814,-64.88
-118,90,9.68,-39.73,-78.62
-118,90,10,-24.5,-63.57
-118,90,10.32,-19.972,-59.6
-118,90,10.64,-31.968,-71.98
-118,90,10.96,-20.826,-60.81
-118,90,11.28,-30.856,-71.3
-118,90,11.6,-31.71,-72.58
-118,90,11.92,-34.194,-75.32
-118,90,12.24,-29.984,-72.24
-118,90,12.56,-24.05,-68.12
-118,90,12.88,-23.696,-68.9
-118,90,13.2,-31.49,-78.27
-118,90,13.52,-30.232,-76.24
-118,90,13.84,-33.278,-80.76
-118,90,14.16,-22.136,-70.36
-118,90,14.48,-18.894,-70.72
-118,90,14.8,-19.27,-67.28
-118,90,15.12,-23.64,-70.07
-118,90,15.44,-25.626,-71.94
-118,90,15.76,-26.408,-73.6
-118,90,16.08,-25.872,-73.33
-118,90,16.4,-25.46,-75.27
-118,90,16.72,-31.498,-80.98
-118,90,17.04,-24.776,-76.03
-118,90,17.36,-48.326,-100.97
-118,90,17.68,-18.192,-71.27
-118,90,18,-23.4,-76.21
-117,90,2,-33.66,-55.45
-117,90,2.32,-22.686,-48.34
-117,90,2.64,-18.648,-47.36
-117,90,2.96,-9.518,-37.83
-117,90,3.28,-20.882,-50.9
-117,90,3.6,-23.33,-50.78
-117,90,3.92,-24.182,-51.73
-117,90,4.24,-24.846,-53.87
-117,90,4.56,-19.526,-49.34
-117,90,4.88,-25.93,-56.06
-117,90,5.2,-18.81,-50.23
-117,90,5.52,-20.928,-51.21
-117,90,5.84,-22.252,-53.7
-117,90,6.16,-16.41,-48.45
-117,90,6.48,-34.876,-68.96
-117,90,6.8,-35.19,-68.69
-117,90,7.12,-32.156,-66.75
-117,90,7.44,-28.686,-63.02
-117,90,7.76,-23.788,-59.01
-117,90,8.08,-32.156,-66.96
-117,90,8.4,-23.06,-58.44
-117,90,8.72,-34.038,-71.34
-117,90,9.04,-25.814,-63.6
-117,90,9.36,-23.774,-61.84
-117,90,9.68,-36.38,-75.27
-117,90,10,-26,-65.07
-117,90,10.32,-20.802,-60.43
-117,90,10.64,-31.698,-71.71
-117,90,10.96,-20.136,-60.12
-117,90,11.28,-28.676,-69.12
-117,90,11.6,-31.34,-72.21
-117,90,11.92,-42.804,-83.93
-117,90,12.24,-31.254,-73.51
-117,90,12.56,-24.71,-68.78
-117,90,12.88,-29.066,-74.27
-117,90,13.2,-36.67,-83.45
-117,90,13.52,-43.672,-89.68
-117,90,13.84,-29.208,-76.69
-117,90,14.16,-22.716,-70.94
-117,90,14.48,-21.554,-73.38
-117,90,14.8,-21.4,-69.41
-117,90,15.12,-32.14,-78.57
-117,90,15.44,-29.956,-76.27
-117,90,15.76,-25.498,-72.69
-117,90,16.08,-30.402,-77.86
-117,90,16.4,-30.43,-80.24
-117,90,16.72,-24.428,-73.91
-117,90,17.04,-20.656,-71.91
-117,90,17.36,-24.646,-77.29
-117,90,17.68,-27.192,-80.27
-117,90,18,-18.17,-70.98
-116,90,2,-32.57,-54.36
-116,90,2.32,-22.806,-48.46
-116,90,2.64,-18.818,-47.53
-116,90,2.96,-11.208,-39.52
-116,90,3.28,-18.452,-48.47
-116,90,3.6,-20.68,-48.13
-116,90,3.92,-25.622,-53.17
-116,90,4.24,-25.946,-54.97
-116,90,4.56,-19.886,-49.7
-116,90,4.88,-27.27,-57.4
-116,90,5.2,-21.43,-52.85
-116,90,5.52,-21.148,-51.43
-116,90,5.84,-22.462,-53.91
-116,90,6.16,-17.37,-49.41
-116,90,6.48,-38.416,-72.5
-116,90,6.8,-30.08,-63.58
-116,90,7.12,-31.636,-66.23
-116,90,7.44,-29.736,-64.07
-116,90,7.76,-23.968,-59.19
-116,90,8.08,-33.936,-68.74
-116,90,8.4,-23.74,-59.12
-116,90,8.72,-54.528,-91.83
-116,90,9.04,-27.444,-65.23
-116,90,9.36,-21.144,-59.21
-116,90,9.68,-28,-66.89
-116,90,10,-26.32,-65.39
-116,90,10.32,-23.592,-63.22
-116,90,10.64,-31.758,-71.77
-116,90,10.96,-24.326,-64.31
-116,90,11.28,-35.716,-76.16
-116,90,11.6,-44.76,-85.63
-116,90,11.92,-30.564,-71.69
-116,90,12.24,-30.374,-72.63
-116,90,12.56,-25.54,-69.61
-116,90,12.88,-38.606,-83.81
-116,90,13.2,-30.96,-77.74
-116,90,13.52,-26.222,-72.23
-116,90,13.84,-22.058,-69.54
-116,90,14.16,-19.776,-68
-116,90,14.48,-22.334,-74.16
-116,90,14.8,-25.52,-73.53
-116,90,15.12,-38.9,-85.33
-116,90,15.44,-28.616,-74.93
-116,90,15.76,-25.428,-72.62
-116,90,16.08,-38.222,-85.68
-116,90,16.4,-24.08,-73.89
-116,90,16.72,-35.498,-84.98
-116,90,17.04,-28.946,-80.2
-116,90,17.36,-20.506,-73.15
-116,90,17.68,-23.972,-77.05
-116,90,18,-25.42,-78.23
-115,90,2,-32.33,-54.12
-115,90,2.32,-23.336,-48.99
-115,90,2.64,-18.888,-47.6
-115,90,2.96,-13.388,-41.7
-115,90,3.28,-17.472,-47.49
-115,90,3.6,-19.65,-47.1
-115,90,3.92,-25.372,-52.92
-115,90,4.24,-25.566,-54.59
-115,90,4.56,-20.796,-50.61
-115,90,4.88,-33.4,-63.53
-115,90,5.2,-25.98,-57.4
-115,90,5.52,-21.218,-51.5
-115,90,5.84,-23.852,-55.3
-115,90,6.16,-18.85,-50.89
-115,90,6.48,-46.656,-80.74
-115,90,6.8,-40.04,-73.54
-115,90,7.12,-31.716,-66.31
-115,90,7.44,-29.766,-64.1
-115,90,7.76,-27.428,-62.65
-115,90,8.08,-29.646,-64.45
-115,90,8.4,-26.85,-62.23
-115,90,8.72,-39.688,-76.99
-115,90,9.04,-25.684,-63.47
-115,90,9.36,-23.184,-61.25
-115,90,9.68,-27.49,-66.38
-115,90,10,-24.49,-63.56
-115,90,10.32,-24.622,-64.25
-115,90,10.64,-21.418,-61.43
-115,90,10.96,-25.206,-65.19
-115,90,11.28,-26.436,-66.88
-115,90,11.6,-35.54,-76.41
-115,90,11.92,-33.544,-74.67
-115,90,12.24,-28.314,-70.57
-115,90,12.56,-34.2,-78.27
-115,90,12.88,-31.256,-76.46
-115,90,13.2,-22.23,-69.01
-115,90,13.52,-32.192,-78.2
-115,90,13.84,-25.688,-73.17
-115,90,14.16,-22.016,-70.24
-115,90,14.48,-32.424,-84.25
-115,90,14.8,-29.44,-77.45
-115,90,15.12,-29.48,-75.91
-115,90,15.44,-33.206,-79.52
-115,90,15.76,-24.208,-71.4
-115,90,16.08,-30.632,-78.09
-115,90,16.4,-32.83,-82.64
-115,90,16.72,-21.638,-71.12
-115,90,17.04,-19.836,-71.09
-115,90,17.36,-19.986,-72.63
-115,90,17.68,-21.002,-74.08
-115,90,18,-26.6,-79.41
-114,90,2,-33.11,-54.9
-114,90,2.32,-22.506,-48.16
-114,90,2.64,-19.088,-47.8
-114,90,2.96,-16.438,-44.75
-114,90,3.28,-15.552,-45.57
-114,90,3.6,-18.76,-46.21
-114,90,3.92,-23.482,-51.03
-114,90,4.24,-24.336,-53.36
-114,90,4.56,-20.946,-50.76
-114,90,4.88,-35.07,-65.2
-114,90,5.2,-30.95,-62.37
-114,90,5.52,-20.508,-50.79
-114,90,5.84,-26.162,-57.61
-114,90,6.16,-21.03,-53.07
-114,90,6.48,-36.376,-70.46
-114,90,6.8,-35.6,-69.1
-114,90,7.12,-27.456,-62.05
-114,90,7.44,-30.316,-64.65
-114,90,7.76,-29.778,-65
-114,90,8.08,-26.286,-61.09
-114,90,8.4,-23.06,-58.44
-114,90,8.72,-36.108,-73.41
-114,90,9.04,-22.854,-60.64
-114,90,9.36,-20.544,-58.61
-114,90,9.68,-30.42,-69.31
-114,90,10,-25.56,-64.63
-114,90,10.32,-24.332,-63.96
-114,90,10.64,-21.728,-61.74
-114,90,10.96,-26.516,-66.5
-114,90,11.28,-25.886,-66.33
-114,90,11.6,-31.68,-72.55
-114,90,11.92,-26.974,-68.1
-114,90,12.24,-28.884,-71.14
-114,90,12.56,-26.09,-70.16
-114,90,12.88,-30.026,-75.23
-114,90,13.2,-29.68,-76.46
-114,90,13.52,-36.272,-82.28
-114,90,13.84,-23.238,-70.72
-114,90,14.16,-27.376,-75.6
-114,90,14.48,-25.404,-77.23
-114,90,14.8,-23.03,-71.04
-114,90,15.12,-24.12,-70.55
-114,90,15.44,-30.986,-77.3
-114,90,15.76,-24.628,-71.82
-114,90,16.08,-30.032,-77.49
-114,90,16.4,-22.05,-71.86
-114,90,16.72,-19.788,-69.27
-114,90,17.04,-27.316,-78.57
-114,90,17.36,-22.726,-75.37
-114,90,17.68,-25.212,-78.29
-114,90,18,-30.41,-83.22
-113,90,2,-33.85,-55.64
-113,90,2.32,-22.376,-48.03
-113,90,2.64,-18.708,-47.42
-113,90,2.96,-21.038,-49.35
-113,90,3.28,-15.302,-45.32
-113,90,3.6,-18.45,-45.9
-113,90,3.92,-22.092,-49.64
-113,90,4.24,-23.386,-52.41
-113,90,4.56,-20.296,-50.11
-113,90,4.88,-30.66,-60.79
-113,90,5.2,-50.87,-82.29
-113,90,5.52,-20.518,-50.8
-113,90,5.84,-28.472,-59.92
-113,90,6.16,-22.79,-54.83
-113,90,6.48,-30.436,-64.52
-113,90,6.8,-33.89,-67.39
-113,90,7.12,-27.216,-61.81
-113,90,7.44,-28.106,-62.44
-113,90,7.76,-27.988,-63.21
-113,90,8.08,-26.096,-60.9
-113,90,8.4,-23.01,-58.39
-113,90,8.72,-27.148,-64.45
-113,90,9.04,-23.054,-60.84
-113,90,9.36,-22.084,-60.15
-113,90,9.68,-33.42,-72.31
-113,90,10,-22.74,-61.81
-113,90,10.32,-22.422,-62.05
-113,90,10.64,-24.448,-64.46
-113,90,10.96,-30.776,-70.76
-113,90,11.28,-29.356,-69.8
-113,90,11.6,-39.26,-80.13
-113,90,11.92,-28.074,-69.2
-113,90,12.24,-29.034,-71.29
-113,90,12.56,-25.27,-69.34
-113,90,12.88,-33.026,-78.23
-113,90,13.2,-24.93,-71.71
-113,90,13.52,-35.982,-81.99
-113,90,13.84,-39.508,-86.99
-113,90,14.16,-26.476,-74.7
-113,90,14.48,-21.224,-73.05
-113,90,14.8,-25.58,-73.59
-113,90,15.12,-29.44,-75.87
-113,90,15.44,-34.746,-81.06
-113,90,15.76,-26.328,-73.52
-113,90,16.08,-31.132,-78.59
-113,90,16.4,-31.78,-81.59
-113,90,16.72,-32.398,-81.88
-113,90,17.04,-20.286,-71.54
-113,90,17.36,-24.666,-77.31
-113,90,17.68,-20.902,-73.98
-113,90,18,-33.42,-86.23
-112,90,2,-32.78,-54.57
-112,90,2.32,-21.416,-47.07
-112,90,2.64,-18.858,-47.57
-112,90,2.96,-26.178,-54.49
-112,90,3.28,-14.822,-44.84
-112,90,3.6,-18.67,-46.12
-112,90,3.92,-21.162,-48.71
-112,90,4.24,-22.716,-51.74
-112,90,4.56,-18.386,-48.2
-112,90,4.88,-28.4,-58.53
-112,90,5.2,-33.54,-64.96
-112,90,5.52,-21.278,-51.56
-112,90,5.84,-28.982,-60.43
-112,90,6.16,-23.14,-55.18
-112,90,6.48,-27.556,-61.64
-112,90,6.8,-33.63,-67.13
-112,90,7.12,-24.726,-59.32
-112,90,7.44,-29.866,-64.2
-112,90,7.76,-28.338,-63.56
-112,90,8.08,-27.036,-61.84
-112,90,8.4,-22.46,-57.84
-112,90,8.72,-27.118,-64.42
-112,90,9.04,-23.064,-60.85
-112,90,9.36,-22.554,-60.62
-112,90,9.68,-36.64,-75.53
-112,90,10,-24.47,-63.54
-112,90,10.32,-24.712,-64.34
-112,90,10.64,-27.548,-67.56
-112,90,10.96,-30.716,-70.7
-112,90,11.28,-26.086,-66.53
-112,90,11.6,-43.55,-84.42
-112,90,11.92,-32.134,-73.26
-112,90,12.24,-32.194,-74.45
-112,90,12.56,-26.46,-70.53
-112,90,12.88,-24.706,-69.91
-112,90,13.2,-30.27,-77.05
-112,90,13.52,-40.122,-86.13
-112,90,13.84,-28.018,-75.5
-112,90,14.16,-21.936,-70.16
-112,90,14.48,-23.234,-75.06
-112,90,14.8,-31.78,-79.79
-112,90,15.12,-33.02,-79.45
-112,90,15.44,-30.286,-76.6
-112,90,15.76,-37.028,-84.22
-112,90,16.08,-30.792,-78.25
-112,90,16.4,-25.81,-75.62
-112,90,16.72,-33.708,-83.19
-112,90,17.04,-21.496,-72.75
-112,90,17.36,-18.976,-71.62
-112,90,17.68,-24.092,-77.17
-112,90,18,-23.41,-76.22
-111,90,2,-33.3,-55.09
-111,90,2.32,-20.776,-46.43
-111,90,2.64,-18.558,-47.27
-111,90,2.96,-25.728,-54.04
-111,90,3.28,-14.812,-44.83
-111,90,3.6,-19.38,-46.83
-111,90,3.92,-20.732,-48.28
-111,90,4.24,-22.806,-51.83
-111,90,4.56,-17.076,-46.89
-111,90,4.88,-25.73,-55.86
-111,90,5.2,-27.11,-58.53
-111,90,5.52,-21.478,-51.76
-111,90,5.84,-27.312,-58.76
-111,90,6.16,-24.21,-56.25
-111,90,6.48,-26.306,-60.39
-111,90,6.8,-35.37,-68.87
-111,90,7.12,-22.946,-57.54
-111,90,7.44,-30.056,-64.39
-111,90,7.76,-28.398,-63.62
-111,90,8.08,-26.256,-61.06
-111,90,8.4,-25.21,-60.59
-111,90,8.72,-25.128,-62.43
-111,90,9.04,-26.014,-63.8
-111,90,9.36,-25.924,-63.99
-111,90,9.68,-29.77,-68.66
-111,90,10,-23.14,-62.21
-111,90,10.32,-23.622,-63.25
-111,90,10.64,-24.788,-64.8
-111,90,10.96,-32.726,-72.71
-111,90,11.28,-35.496,-75.94
-111,90,11.6,-30.69,-71.56
-111,90,11.92,-32.734,-73.86
-111,90,12.24,-32.814,-75.07
-111,90,12.56,-35.56,-79.63
-111,90,12.88,-34.546,-79.75
-111,90,13.2,-31.73,-78.51
-111,90,13.52,-26.272,-72.28
-111,90,13.84,-26.208,-73.69
-111,90,14.16,-37.256,-85.48
-111,90,14.48,-23.534,-75.36
-111,90,14.8,-25.92,-73.93
-111,90,15.12,-30.44,-76.87
-111,90,15.44,-29.276,-75.59
-111,90,15.76,-36.528,-83.72
-111,90,16.08,-25.302,-72.76
-111,90,16.4,-24.18,-73.99
-111,90,16.72,-29.278,-78.76
-111,90,17.04,-29.096,-80.35
-111,90,17.36,-20.756,-73.4
-111,90,17.68,-25.572,-78.65
-111,90,18,-30.85,-83.66
-110,90,2,-30.28,-52.07
-110,90,2.32,-20.216,-45.87
-110,90,2.64,-18.278,-46.99
-110,90,2.96,-21.068,-49.38
-110,90,3.28,-15.242,-45.26
-110,90,3.6,-19.45,-46.9
-110,90,3.92,-21.142,-48.69
-110,90,4.24,-23.486,-52.51
-110,90,4.56,-16.516,-46.33
-110,90,4.88,-25.16,-55.29
-110,90,5.2,-22.87,-54.29
-110,90,5.52,-21.078,-51.36
-110,90,5.84,-28.002,-59.45
-110,90,6.16,-24.16,-56.2
-110,90,6.48,-27.426,-61.51
-110,90,6.8,-35.6,-69.1
-110,90,7.12,-22.386,-56.98
-110,90,7.44,-28.086,-62.42
-110,90,7.76,-29.478,-64.7
-110,90,8.08,-25.806,-60.61
-110,90,8.4,-27.38,-62.76
-110,90,8.72,-24.078,-61.38
-110,90,9.04,-27.614,-65.4
-110,90,9.36,-21.554,-59.62
-110,90,9.68,-28.62,-67.51
-110,90,10,-26.52,-65.59
-110,90,10.32,-27.492,-67.12
-110,90,10.64,-24.718,-64.73
-110,90,10.96,-25.686,-65.67
-110,90,11.28,-31.996,-72.44
-110,90,11.6,-30.23,-71.1
-110,90,11.92,-47.144,-88.27
-110,90,12.24,-40.184,-82.44
-110,90,12.56,-29.09,-73.16
-110,90,12.88,-28.716,-73.92
-110,90,13.2,-35.96,-82.74
-110,90,13.52,-27.202,-73.21
-110,90,13.84,-24.668,-72.15
-110,90,14.16,-27.086,-75.31
-110,90,14.48,-29.434,-81.26
-110,90,14.8,-22.82,-70.83
-110,90,15.12,-47.65,-94.08
-110,90,15.44,-26.326,-72.64
-110,90,15.76,-23.148,-70.34
-110,90,16.08,-29.772,-77.23
-110,90,16.4,-32.7,-82.51
-110,90,16.72,-32.388,-81.87
-110,90,17.04,-32.376,-83.63
-110,90,17.36,-22.406,-75.05
-110,90,17.68,-27.602,-80.68
-110,90,18,-29.11,-81.92
-109,90,2,-26.75,-48.54
-109,90,2.32,-19.936,-45.59
-109,90,2.64,-18.108,-46.82
-109,90,2.96,-17.848,-46.16
-109,90,3.28,-15.882,-45.9
-109,90,3.6,-19.15,-46.6
-109,90,3.92,-21.532,-49.08
-109,90,4.24,-25.676,-54.7
-109,90,4.56,-15.756,-45.57
-109,90,4.88,-24.43,-54.56
-109,90,5.2,-19.76,-51.18
-109,90,5.52,-21.668,-51.95
-109,90,5.84,-29.982,-61.43
-109,90,6.16,-22.32,-54.36
-109,90,6.48,-28.396,-62.48
-109,90,6.8,-37.56,-71.06
-109,90,7.12,-23.086,-57.68
-109,90,7.44,-27.876,-62.21
-109,90,7.76,-27.748,-62.97
-109,90,8.08,-26.856,-61.66
-109,90,8.4,-29.76,-65.14
-109,90,8.72,-23.898,-61.2
-109,90,9.04,-24.484,-62.27
-109,90,9.36,-19.314,-57.38
-109,90,9.68,-32.45,-71.34
-109,90,10,-25.42,-64.49
-109,90,10.32,-22.382,-62.01
-109,90,10.64,-27.438,-67.45
-109,90,10.96,-24.766,-64.75
-109,90,11.28,-32.226,-72.67
-109,90,11.6,-38.68,-79.55
-109,90,11.92,-53.224,-94.35
-109,90,12.24,-31.024,-73.28
-109,90,12.56,-32.18,-76.25
-109,90,12.88,-27.466,-72.67
-109,90,13.2,-29.76,-76.54
-109,90,13.52,-32.212,-78.22
-109,90,13.84,-31.488,-78.97
-109,90,14.16,-20.876,-69.1
-109,90,14.48,-30.154,-81.98
-109,90,14.8,-26.95,-74.96
-109,90,15.12,-26.47,-72.9
-109,90,15.44,-27.146,-73.46
-109,90,15.76,-30.558,-77.75
-109,90,16.08,-39.362,-86.82
-109,90,16.4,-24.75,-74.56
-109,90,16.72,-26.738,-76.22
-109,90,17.04,-31.046,-82.3
-109,90,17.36,-20.276,-72.92
-109,90,17.68,-16.912,-69.99
-109,90,18,-26.95,-79.76
-108,90,2,-24.36,-46.15
-108,90,2.32,-19.266,-44.92
-108,90,2.64,-17.518,-46.23
-108,90,2.96,-15.868,-44.18
-108,90,3.28,-17.812,-47.83
-108,90,3.6,-18.77,-46.22
-108,90,3.92,-21.872,-49.42
-108,90,4.24,-27.686,-56.71
-108,90,4.56,-15.466,-45.28
-108,90,4.88,-24.98,-55.11
-108,90,5.2,-17.49,-48.91
-108,90,5.52,-21.148,-51.43
-108,90,5.84,-32.372,-63.82
-108,90,6.16,-22.78,-54.82
-108,90,6.48,-30.826,-64.91
-108,90,6.8,-40.62,-74.12
-108,90,7.12,-29.466,-64.06
-108,90,7.44,-27.156,-61.49
-108,90,7.76,-26.118,-61.34
-108,90,8.08,-30.706,-65.51
-108,90,8.4,-25.3,-60.68
-108,90,8.72,-23.928,-61.23
-108,90,9.04,-26.414,-64.2
-108,90,9.36,-19.694,-57.76
-108,90,9.68,-30,-68.89
-108,90,10,-24.94,-64.01
-108,90,10.32,-24.092,-63.72
-108,90,10.64,-26.768,-66.78
-108,90,10.96,-22.256,-62.24
-108,90,11.28,-31.436,-71.88
-108,90,11.6,-26.11,-66.98
-108,90,11.92,-34.704,-75.83
-108,90,12.24,-30.174,-72.43
-108,90,12.56,-25.85,-69.92
-108,90,12.88,-30.646,-75.85
-108,90,13.2,-43.43,-90.21
-108,90,13.52,-23.812,-69.82
-108,90,13.84,-19.838,-67.32
-108,90,14.16,-23.366,-71.59
-108,90,14.48,-37.314,-89.14
-108,90,14.8,-21.27,-69.28
-108,90,15.12,-24.68,-71.11
-108,90,15.44,-23.836,-70.15
-108,90,15.76,-27.228,-74.42
-108,90,16.08,-54.362,-101.82
-108,90,16.4,-24.07,-73.88
-108,90,16.72,-25.448,-74.93
-108,90,17.04,-29.376,-80.63
-108,90,17.36,-29.946,-82.59
-108,90,17.68,-25.382,-78.46
-108,90,18,-45.65,-98.46
-107,90,2,-21.35,-43.14
-107,90,2.32,-19.026,-44.68
-107,90,2.64,-17.588,-46.3
-107,90,2.96,-13.938,-42.25
-107,90,3.28,-20.862,-50.88
-107,90,3.6,-18.22,-45.67
-107,90,3.92,-22.362,-49.91
-107,90,4.24,-31.786,-60.81
-107,90,4.56,-15.736,-45.55
-107,90,4.88,-27.56,-57.69
-107,90,5.2,-16.57,-47.99
-107,90,5.52,-20.538,-50.82
-107,90,5.84,-31.952,-63.4
-107,90,6.16,-24.46,-56.5
-107,90,6.48,-32.036,-66.12
-107,90,6.8,-37.17,-70.67
-107,90,7.12,-29.686,-64.28
-107,90,7.44,-27.956,-62.29
-107,90,7.76,-26.138,-61.36
-107,90,8.08,-28.386,-63.19
-107,90,8.4,-24.31,-59.69
-107,90,8.72,-25.148,-62.45
-107,90,9.04,-28.734,-66.52
-107,90,9.36,-21.084,-59.15
-107,90,9.68,-30.54,-69.43
-107,90,10,-26.42,-65.49
-107,90,10.32,-21.872,-61.5
-107,90,10.64,-28.708,-68.72
-107,90,10.96,-24.456,-64.44
-107,90,11.28,-29.916,-70.36
-107,90,11.6,-34.7,-75.57
-107,90,11.92,-37.404,-78.53
-107,90,12.24,-27.954,-70.21
-107,90,12.56,-37.12,-81.19
-107,90,12.88,-30.496,-75.7
-107,90,13.2,-27.66,-74.44
-107,90,13.52,-29.952,-75.96
-107,90,13.84,-23.918,-71.4
-107,90,14.16,-26.606,-74.83
-107,90,14.48,-26.394,-78.22
-107,90,14.8,-28.01,-76.02
-107,90,15.12,-34.57,-81
-107,90,15.44,-25.896,-72.21
-107,90,15.76,-30.608,-77.8
-107,90,16.08,-28.142,-75.6
-107,90,16.4,-32.02,-81.83
-107,90,16.72,-31.758,-81.24
-107,90,17.04,-19.156,-70.41
-107,90,17.36,-28.556,-81.2
-107,90,17.68,-20.852,-73.93
-107,90,18,-29.8,-82.61
-106,90,2,-19.5,-41.29
-106,90,2.32,-18.886,-44.54
-106,90,2.64,-17.498,-46.21
-106,90,2.96,-12.698,-41.01
-106,90,3.28,-25.172,-55.19
-106,90,3.6,-18.06,-45.51
-106,90,3.92,-21.822,-49.37
-106,90,4.24,-36.196,-65.22
-106,90,4.56,-16.486,-46.3
-106,90,4.88,-29.15,-59.28
-106,90,5.2,-15.89,-47.31
-106,90,5.52,-20.628,-50.91
-106,90,5.84,-27.902,-59.35
-106,90,6.16,-23.05,-55.09
-106,90,6.48,-32.886,-66.97
-106,90,6.8,-38.75,-72.25
-106,90,7.12,-32.676,-67.27
-106,90,7.44,-28.196,-62.53
-106,90,7.76,-26.138,-61.36
-106,90,8.08,-24.716,-59.52
-106,90,8.4,-22.36,-57.74
-106,90,8.72,-27.338,-64.64
-106,90,9.04,-26.174,-63.96
-106,90,9.36,-24.494,-62.56
-106,90,9.68,-28.77,-67.66
-106,90,10,-33.14,-72.21
-106,90,10.32,-24.222,-63.85
-106,90,10.64,-25.238,-65.25
-106,90,10.96,-24.066,-64.05
-106,90,11.28,-38.696,-79.14
-106,90,11.6,-43.96,-84.83
-106,90,11.92,-33.904,-75.03
-106,90,12.24,-33.184,-75.44
-106,90,12.56,-28.15,-72.22
-106,90,12.88,-21.986,-67.19
-106,90,13.2,-42.34,-89.12
-106,90,13.52,-30.782,-76.79
-106,90,13.84,-27.648,-75.13
-106,90,14.16,-33.626,-81.85
-106,90,14.48,-27.134,-78.96
-106,90,14.8,-35.05,-83.06
-106,90,15.12,-23.59,-70.02
-106,90,15.44,-29.346,-75.66
-106,90,15.76,-31.628,-78.82
-106,90,16.08,-24.822,-72.28
-106,90,16.4,-32.19,-82
-106,90,16.72,-33.778,-83.26
-106,90,17.04,-24.416,-75.67
-106,90,17.36,-29.446,-82.09
-106,90,17.68,-20.682,-73.76
-106,90,18,-22.91,-75.72
-105,90,2,-17.79,-39.58
-105,90,2.32,-18.336,-43.99
-105,90,2.64,-17.768,-46.48
-105,90,2.96,-11.838,-40.15
-105,90,3.28,-32.522,-62.54
-105,90,3.6,-17.67,-45.12
-105,90,3.92,-21.182,-48.73
-105,90,4.24,-41.036,-70.06
-105,90,4.56,-16.906,-46.72
-105,90,4.88,-27.45,-57.58
-105,90,5.2,-15.91,-47.33
-105,90,5.52,-20.418,-50.7
-105,90,5.84,-25.712,-57.16
-105,90,6.16,-24.42,-56.46
-105,90,6.48,-32.116,-66.2
-105,90,6.8,-34.45,-67.95
-105,90,7.12,-33.746,-68.34
-105,90,7.44,-33.416,-67.75
-105,90,7.76,-25.048,-60.27
-105,90,8.08,-26.826,-61.63
-105,90,8.4,-23.49,-58.87
-105,90,8.72,-36.178,-73.48
-105,90,9.04,-23.764,-61.55
-105,90,9.36,-26.994,-65.06
-105,90,9.68,-31.31,-70.2
-105,90,10,-25.44,-64.51
-105,90,10.32,-23.212,-62.84
-105,90,10.64,-24.538,-64.55
-105,90,10.96,-23.966,-63.95
-105,90,11.28,-35.776,-76.22
-105,90,11.6,-31.58,-72.45
-105,90,11.92,-35.394,-76.52
-105,90,12.24,-45.384,-87.64
-105,90,12.56,-30.95,-75.02
-105,90,12.88,-31.356,-76.56
-105,90,13.2,-29.44,-76.22
-105,90,13.52,-30.212,-76.22
-105,90,13.84,-29.348,-76.83
-105,90,14.16,-22.716,-70.94
-105,90,14.48,-24.684,-76.51
-105,90,14.8,-26.78,-74.79
-105,90,15.12,-27.64,-74.07
-105,90,15.44,-29.096,-75.41
-105,90,15.76,-26.818,-74.01
-105,90,16.08,-33.782,-81.24
-105,90,16.4,-35.12,-84.93
-105,90,16.72,-30.638,-80.12
-105,90,17.04,-19.576,-70.83
-105,90,17.36,-30.456,-83.1
-105,90,17.68,-25.242,-78.32
-105,90,18,-23.49,-76.3
-104,90,2,-16.03,-37.82
-104,90,2.32,-17.706,-43.36
-104,90,2.64,-18.018,-46.73
-104,90,2.96,-10.928,-39.24
-104,90,3.28,-37.602,-67.62
-104,90,3.6,-18.41,-45.86
-104,90,3.92,-20.832,-48.38
-104,90,4.24,-34.216,-63.24
-104,90,4.56,-19.226,-49.04
-104,90,4.88,-25.54,-55.67
-104,90,5.2,-16.74,-48.16
-104,90,5.52,-19.668,-49.95
-104,90,5.84,-24.982,-56.43
-104,90,6.16,-25.84,-57.88
-104,90,6.48,-30.046,-64.13
-104,90,6.8,-33.88,-67.38
-104,90,7.12,-31.206,-65.8
-104,90,7.44,-35.986,-70.32
-104,90,7.76,-25.168,-60.39
-104,90,8.08,-27.726,-62.53
-104,90,8.4,-28.36,-63.74
-104,90,8.72,-29.258,-66.56
-104,90,9.04,-22.604,-60.39
-104,90,9.36,-25.334,-63.4
-104,90,9.68,-29.95,-68.84
-104,90,10,-25.12,-64.19
-104,90,10.32,-29.652,-69.28
-104,90,10.64,-23.418,-63.43
-104,90,10.96,-26.616,-66.6
-104,90,11.28,-30.906,-71.35
-104,90,11.6,-36.73,-77.6
-104,90,11.92,-34.344,-75.47
-104,90,12.24,-36.684,-78.94
-104,90,12.56,-31.1,-75.17
-104,90,12.88,-38.766,-83.97
-104,90,13.2,-34.99,-81.77
-104,90,13.52,-27.832,-73.84
-104,90,13.84,-32.398,-79.88
-104,90,14.16,-26.736,-74.96
-104,90,14.48,-19.274,-71.1
-104,90,14.8,-34.55,-82.56
-104,90,15.12,-35.95,-82.38
-104,90,15.44,-28.426,-74.74
-104,90,15.76,-24.848,-72.04
-104,90,16.08,-31.182,-78.64
-104,90,16.4,-24.03,-73.84
-104,90,16.72,-26.138,-75.62
-104,90,17.04,-20.406,-71.66
-104,90,17.36,-26.676,-79.32
-104,90,17.68,-24.282,-77.36
-104,90,18,-29.01,-81.82
-103,90,2,-14.85,-36.64
-103,90,2.32,-17.196,-42.85
-103,90,2.64,-18.578,-47.29
-103,90,2.96,-10.098,-38.41
-103,90,3.28,-26.512,-56.53
-103,90,3.6,-19.82,-47.27
-103,90,3.92,-21.062,-48.61
-103,90,4.24,-34.886,-63.91
-103,90,4.56,-20.676,-50.49
-103,90,4.88,-23.16,-53.29
-103,90,5.2,-18.2,-49.62
-103,90,5.52,-19.708,-49.99
-103,90,5.84,-24.252,-55.7
-103,90,6.16,-26.59,-58.63
-103,90,6.48,-33.256,-67.34
-103,90,6.8,-30.64,-64.14
-103,90,7.12,-31.846,-66.44
-103,90,7.44,-34.446,-68.78
-103,90,7.76,-25.048,-60.27
-103,90,8.08,-30.686,-65.49
-103,90,8.4,-27.34,-62.72
-103,90,8.72,-33.488,-70.79
-103,90,9.04,-23.614,-61.4
-103,90,9.36,-25.724,-63.79
-103,90,9.68,-39.52,-78.41
-103,90,10,-21.43,-60.5
-103,90,10.32,-36.422,-76.05
-103,90,10.64,-30.008,-70.02
-103,90,10.96,-25.216,-65.2
-103,90,11.28,-56.866,-97.31
-103,90,11.6,-37.86,-78.73
-103,90,11.92,-57.324,-98.45
-103,90,12.24,-35.064,-77.32
-103,90,12.56,-25.71,-69.78
-103,90,12.88,-30.016,-75.22
-103,90,13.2,-24.25,-71.03
-103,90,13.52,-32.532,-78.54
-103,90,13.84,-26.268,-73.75
-103,90,14.16,-26.386,-74.61
-103,90,14.48,-24.754,-76.58
-103,90,14.8,-26.46,-74.47
-103,90,15.12,-37.21,-83.64
-103,90,15.44,-30.246,-76.56
-103,90,15.76,-30.468,-77.66
-103,90,16.08,-29.572,-77.03
-103,90,16.4,-28.48,-78.29
-103,90,16.72,-26.628,-76.11
-103,90,17.04,-32.436,-83.69
-103,90,17.36,-21.036,-73.68
-103,90,17.68,-31.612,-84.69
-103,90,18,-32.83,-85.64
-102,90,2,-13.76,-35.55
-102,90,2.32,-16.886,-42.54
-102,90,2.64,-18.988,-47.7
-102,90,2.96,-9.608,-37.92
-102,90,3.28,-22.032,-52.05
-102,90,3.6,-21.78,-49.23
-102,90,3.92,-21.752,-49.3
-102,90,4.24,-36.076,-65.1
-102,90,4.56,-24.086,-53.9
-102,90,4.88,-21.96,-52.09
-102,90,5.2,-19.38,-50.8
-102,90,5.52,-20.038,-50.32
-102,90,5.84,-25.832,-57.28
-102,90,6.16,-26.86,-58.9
-102,90,6.48,-39.146,-73.23
-102,90,6.8,-29.77,-63.27
-102,90,7.12,-35.316,-69.91
-102,90,7.44,-29.546,-63.88
-102,90,7.76,-29.348,-64.57
-102,90,8.08,-34.266,-69.07
-102,90,8.4,-21.16,-56.54
-102,90,8.72,-34.678,-71.98
-102,90,9.04,-24.244,-62.03
-102,90,9.36,-26.954,-65.02
-102,90,9.68,-34.19,-73.08
-102,90,10,-22.22,-61.29
-102,90,10.32,-35.252,-74.88
-102,90,10.64,-36.358,-76.37
-102,90,10.96,-31.796,-71.78
-102,90,11.28,-29.906,-70.35
-102,90,11.6,-35.58,-76.45
-102,90,11.92,-41.294,-82.42
-102,90,12.24,-33.494,-75.75
-102,90,12.56,-53.01,-97.08
-102,90,12.88,-28.326,-73.53
-102,90,13.2,-38.18,-84.96
-102,90,13.52,-37.712,-83.72
-102,90,13.84,-27.328,-74.81
-102,90,14.16,-31.516,-79.74
-102,90,14.48,-27.984,-79.81
-102,90,14.8,-28.88,-76.89
-102,90,15.12,-47.82,-94.25
-102,90,15.44,-42.616,-88.93
-102,90,15.76,-24.788,-71.98
-102,90,16.08,-42.332,-89.79
-102,90,16.4,-26.77,-76.58
-102,90,16.72,-27.278,-76.76
-102,90,17.04,-40.746,-92
-102,90,17.36,-20.876,-73.52
-102,90,17.68,-23.992,-77.07
-102,90,18,-25.1,-77.91
-101,90,2,-12.86,-34.65
-101,90,2.32,-16.246,-41.9
-101,90,2.64,-19.708,-48.42
-101,90,2.96,-9.348,-37.66
-101,90,3.28,-19.692,-49.71
-101,90,3.6,-24.3,-51.75
-101,90,3.92,-24.702,-52.25
-101,90,4.24,-36.676,-65.7
-101,90,4.56,-29.126,-58.94
-101,90,4.88,-21.78,-51.91
-101,90,5.2,-20.67,-52.09
-101,90,5.52,-20.518,-50.8
-101,90,5.84,-28.812,-60.26
-101,90,6.16,-26.68,-58.72
-101,90,6.48,-35.276,-69.36
-101,90,6.8,-30.94,-64.44
-101,90,7.12,-41.266,-75.86
-101,90,7.44,-25.226,-59.56
-101,90,7.76,-29.938,-65.16
-101,90,8.08,-32.856,-67.66
-101,90,8.4,-21.23,-56.61
-101,90,8.72,-37.538,-74.84
-101,90,9.04,-30.494,-68.28
-101,90,9.36,-29.754,-67.82
-101,90,9.68,-30.35,-69.24
-101,90,10,-25.35,-64.42
-101,90,10.32,-31.732,-71.36
-101,90,10.64,-30.998,-71.01
-101,90,10.96,-31.626,-71.61
-101,90,11.28,-31.916,-72.36
-101,90,11.6,-34.48,-75.35
-101,90,11.92,-38.374,-79.5
-101,90,12.24,-28.164,-70.42
-101,90,12.56,-27.27,-71.34
-101,90,12.88,-29.876,-75.08
-101,90,13.2,-27.05,-73.83
-101,90,13.52,-33.162,-79.17
-101,90,13.84,-21.978,-69.46
-101,90,14.16,-18.636,-66.86
-101,90,14.48,-34.454,-86.28
-101,90,14.8,-40.33,-88.34
-101,90,15.12,-39.09,-85.52
-101,90,15.44,-27.236,-73.55
-101,90,15.76,-31.528,-78.72
-101,90,16.08,-31.352,-78.81
-101,90,16.4,-26.78,-76.59
-101,90,16.72,-27.358,-76.84
-101,90,17.04,-23.006,-74.26
-101,90,17.36,-23.526,-76.17
-101,90,17.68,-30.642,-83.72
-101,90,18,-17.97,-70.78
-100,90,2,-12,-33.79
-100,90,2.32,-15.376,-41.03
-100,90,2.64,-20.328,-49.04
-100,90,2.96,-9.20800000000001,-37.52
-100,90,3.28,-18.772,-48.79
-100,90,3.6,-28.58,-56.03
-100,90,3.92,-27.072,-54.62
-100,90,4.24,-32.976,-62
-100,90,4.56,-30.606,-60.42
-100,90,4.88,-22.51,-52.64
-100,90,5.2,-21.39,-52.81
-100,90,5.52,-21.428,-51.71
-100,90,5.84,-36.862,-68.31
-100,90,6.16,-25.51,-57.55
-100,90,6.48,-37.636,-71.72
-100,90,6.8,-29.15,-62.65
-100,90,7.12,-33.926,-68.52
-100,90,7.44,-27.276,-61.61
-100,90,7.76,-28.108,-63.33
-100,90,8.08,-30.436,-65.24
-100,90,8.4,-20.8,-56.18
-100,90,8.72,-41.958,-79.26
-100,90,9.04,-28.004,-65.79
-100,90,9.36,-28.994,-67.06
-100,90,9.68,-31.64,-70.53
-100,90,10,-29.62,-68.69
-100,90,10.32,-34.562,-74.19
-100,90,10.64,-33.938,-73.95
-100,90,10.96,-31.526,-71.51
-100,90,11.28,-36.326,-76.77
-100,90,11.6,-29.38,-70.25
-100,90,11.92,-31.734,-72.86
-100,90,12.24,-37.014,-79.27
-100,90,12.56,-38.25,-82.32
-100,90,12.88,-30.456,-75.66
-100,90,13.2,-25.87,-72.65
-100,90,13.52,-30.382,-76.39
-100,90,13.84,-23.288,-70.77
-100,90,14.16,-35.376,-83.6
-100,90,14.48,-25.134,-76.96
-100,90,14.8,-23.09,-71.1
-100,90,15.12,-27.57,-74
-100,90,15.44,-25.716,-72.03
-100,90,15.76,-34.998,-82.19
-100,90,16.08,-28.822,-76.28
-100,90,16.4,-28.46,-78.27
-100,90,16.72,-27.958,-77.44
-100,90,17.04,-26.566,-77.82
-100,90,17.36,-25.786,-78.43
-100,90,17.68,-25.972,-79.05
-100,90,18,-21.16,-73.97
-99,90,2,-11.37,-33.16
-99,90,2.32,-14.666,-40.32
-99,90,2.64,-20.518,-49.23
-99,90,2.96,-9.188,-37.5
-99,90,3.28,-17.502,-47.52
-99,90,3.6,-28.5,-55.95
-99,90,3.92,-27.982,-55.53
-99,90,4.24,-30.316,-59.34
-99,90,4.56,-28.636,-58.45
-99,90,4.88,-25.53,-55.66
-99,90,5.2,-21.22,-52.64
-99,90,5.52,-23.548,-53.83
-99,90,5.84,-44.542,-75.99
-99,90,6.16,-24.61,-56.65
-99,90,6.48,-53.156,-87.24
-99,90,6.8,-29.4,-62.9
-99,90,7.12,-33.406,-68
-99,90,7.44,-25.996,-60.33
-99,90,7.76,-27.328,-62.55
-99,90,8.08,-29.386,-64.19
-99,90,8.4,-24.5,-59.88
-99,90,8.72,-31.588,-68.89
-99,90,9.04,-24.294,-62.08
-99,90,9.36,-30.074,-68.14
-99,90,9.68,-31.78,-70.67
-99,90,10,-26.63,-65.7
-99,90,10.32,-30.652,-70.28
-99,90,10.64,-34.898,-74.91
-99,90,10.96,-33.806,-73.79
-99,90,11.28,-32.836,-73.28
-99,90,11.6,-26.7,-67.57
-99,90,11.92,-32.884,-74.01
-99,90,12.24,-25.974,-68.23
-99,90,12.56,-32.65,-76.72
-99,90,12.88,-37.076,-82.28
-99,90,13.2,-37.97,-84.75
-99,90,13.52,-31.012,-77.02
-99,90,13.84,-29.308,-76.79
-99,90,14.16,-28.566,-76.79
-99,90,14.48,-30.634,-82.46
-99,90,14.8,-22.99,-71
-99,90,15.12,-31.55,-77.98
-99,90,15.44,-34.876,-81.19
-99,90,15.76,-22.308,-69.5
-99,90,16.08,-29.632,-77.09
-99,90,16.4,-26.78,-76.59
-99,90,16.72,-29.458,-78.94
-99,90,17.04,-23.706,-74.96
-99,90,17.36,-26.336,-78.98
-99,90,17.68,-17.412,-70.49
-99,90,18,-31.83,-84.64
-98,90,2,-10.75,-32.54
-98,90,2.32,-14.076,-39.73
-98,90,2.64,-20.538,-49.25
-98,90,2.96,-9.358,-37.67
-98,90,3.28,-17.832,-47.85
-98,90,3.6,-24.04,-51.49
-98,90,3.92,-24.932,-52.48
-98,90,4.24,-27.616,-56.64
-98,90,4.56,-25.016,-54.83
-98,90,4.88,-29.08,-59.21
-98,90,5.2,-23.1,-54.52
-98,90,5.52,-26.528,-56.81
-98,90,5.84,-32.302,-63.75
-98,90,6.16,-24.83,-56.87
-98,90,6.48,-34.176,-68.26
-98,90,6.8,-28.81,-62.31
-98,90,7.12,-32.126,-66.72
-98,90,7.44,-29.306,-63.64
-98,90,7.76,-28.138,-63.36
-98,90,8.08,-29.676,-64.48
-98,90,8.4,-33.18,-68.56
-98,90,8.72,-35.668,-72.97
-98,90,9.04,-23.374,-61.16
-98,90,9.36,-35.394,-73.46
-98,90,9.68,-42.26,-81.15
-98,90,10,-25.39,-64.46
-98,90,10.32,-35.382,-75.01
-98,90,10.64,-29.868,-69.88
-98,90,10.96,-36.656,-76.64
-98,90,11.28,-30.776,-71.22
-98,90,11.6,-37.87,-78.74
-98,90,11.92,-31.894,-73.02
-98,90,12.24,-31.294,-73.55
-98,90,12.56,-26.2,-70.27
-98,90,12.88,-36.496,-81.7
-98,90,13.2,-35.65,-82.43
-98,90,13.52,-24.952,-70.96
-98,90,13.84,-43.018,-90.5
-98,90,14.16,-32.016,-80.24
-98,90,14.48,-20.904,-72.73
-98,90,14.8,-26.91,-74.92
-98,90,15.12,-29.72,-76.15
-98,90,15.44,-31.316,-77.63
-98,90,15.76,-25.078,-72.27
-98,90,16.08,-34.682,-82.14
-98,90,16.4,-20.18,-69.99
-98,90,16.72,-25.298,-74.78
-98,90,17.04,-23.206,-74.46
-98,90,17.36,-28.656,-81.3
-98,90,17.68,-27.442,-80.52
-98,90,18,-27.36,-80.17
-97,90,2,-10.32,-32.11
-97,90,2.32,-13.386,-39.04
-97,90,2.64,-20.458,-49.17
-97,90,2.96,-9.498,-37.81
-97,90,3.28,-17.212,-47.23
-97,90,3.6,-20.99,-48.44
-97,90,3.92,-21.792,-49.34
-97,90,4.24,-24.776,-53.8
-97,90,4.56,-23.566,-53.38
-97,90,4.88,-36.62,-66.75
-97,90,5.2,-24.37,-55.79
-97,90,5.52,-28.838,-59.12
-97,90,5.84,-28.522,-59.97
-97,90,6.16,-25.16,-57.2
-97,90,6.48,-33.596,-67.68
-97,90,6.8,-30.6,-64.1
-97,90,7.12,-34.816,-69.41
-97,90,7.44,-28.206,-62.54
-97,90,7.76,-26.628,-61.85
-97,90,8.08,-29.376,-64.18
-97,90,8.4,-35.96,-71.34
-97,90,8.72,-39.798,-77.1
-97,90,9.04,-26.104,-63.89
-97,90,9.36,-28.214,-66.28
-97,90,9.68,-30.01,-68.9
-97,90,10,-25.35,-64.42
-97,90,10.32,-30.772,-70.4
-97,90,10.64,-29.598,-69.61
-97,90,10.96,-38.596,-78.58
-97,90,11.28,-36.636,-77.08
-97,90,11.6,-31.6,-72.47
-97,90,11.92,-55.744,-96.87
-97,90,12.24,-33.544,-75.8
-97,90,12.56,-26.07,-70.14
-97,90,12.88,-34.446,-79.65
-97,90,13.2,-23.82,-70.6
-97,90,13.52,-45.552,-91.56
-97,90,13.84,-31.168,-78.65
-97,90,14.16,-31.496,-79.72
-97,90,14.48,-22.394,-74.22
-97,90,14.8,-22.28,-70.29
-97,90,15.12,-33.8,-80.23
-97,90,15.44,-24.156,-70.47
-97,90,15.76,-23.148,-70.34
-97,90,16.08,-26.842,-74.3
-97,90,16.4,-22.92,-72.73
-97,90,16.72,-20.918,-70.4
-97,90,17.04,-21.696,-72.95
-97,90,17.36,-21.576,-74.22
-97,90,17.68,-23.302,-76.38
-97,90,18,-27.96,-80.77
-96,90,2,-9.95,-31.74
-96,90,2.32,-12.866,-38.52
-96,90,2.64,-19.478,-48.19
-96,90,2.96,-9.268,-37.58
-96,90,3.28,-16.342,-46.36
-96,90,3.6,-18.83,-46.28
-96,90,3.92,-19.692,-47.24
-96,90,4.24,-25.556,-54.58
-96,90,4.56,-22.586,-52.4
-96,90,4.88,-30.24,-60.37
-96,90,5.2,-27.67,-59.09
-96,90,5.52,-30.728,-61.01
-96,90,5.84,-26.692,-58.14
-96,90,6.16,-25.41,-57.45
-96,90,6.48,-41.426,-75.51
-96,90,6.8,-29.54,-63.04
-96,90,7.12,-39.686,-74.28
-96,90,7.44,-27.376,-61.71
-96,90,7.76,-29.988,-65.21
-96,90,8.08,-32.876,-67.68
-96,90,8.4,-49.47,-84.85
-96,90,8.72,-29.178,-66.48
-96,90,9.04,-27.784,-65.57
-96,90,9.36,-26.634,-64.7
-96,90,9.68,-28.9,-67.79
-96,90,10,-25.17,-64.24
-96,90,10.32,-32.892,-72.52
-96,90,10.64,-31.258,-71.27
-96,90,10.96,-32.376,-72.36
-96,90,11.28,-41.486,-81.93
-96,90,11.6,-36.24,-77.11
-96,90,11.92,-37.334,-78.46
-96,90,12.24,-46.164,-88.42
-96,90,12.56,-34.6,-78.67
-96,90,12.88,-29.326,-74.53
-96,90,13.2,-40.77,-87.55
-96,90,13.52,-32.932,-78.94
-96,90,13.84,-31.568,-79.05
-96,90,14.16,-30.406,-78.63
-96,90,14.48,-18.964,-70.79
-96,90,14.8,-24.78,-72.79
-96,90,15.12,-33.91,-80.34
-96,90,15.44,-31.156,-77.47
-96,90,15.76,-24.688,-71.88
-96,90,16.08,-24.372,-71.83
-96,90,16.4,-31.8,-81.61
-96,90,16.72,-21.408,-70.89
-96,90,17.04,-26.226,-77.48
-96,90,17.36,-25.676,-78.32
-96,90,17.68,-31.212,-84.29
-96,90,18,-26.43,-79.24
-95,90,2,-9.78,-31.57
-95,90,2.32,-12.446,-38.1
-95,90,2.64,-18.748,-47.46
-95,90,2.96,-9.058,-37.37
-95,90,3.28,-16.052,-46.07
-95,90,3.6,-17.5,-44.95
-95,90,3.92,-17.972,-45.52
-95,90,4.24,-24.036,-53.06
-95,90,4.56,-22.356,-52.17
-95,90,4.88,-25.68,-55.81
-95,90,5.2,-36.21,-67.63
-95,90,5.52,-30.848,-61.13
-95,90,5.84,-26.772,-58.22
-95,90,6.16,-26.52,-58.56
-95,90,6.48,-34.966,-69.05
-95,90,6.8,-26.31,-59.81
-95,90,7.12,-35.626,-70.22
-95,90,7.44,-28.656,-62.99
-95,90,7.76,-28.928,-64.15
-95,90,8.08,-32.456,-67.26
-95,90,8.4,-37.95,-73.33
-95,90,8.72,-25.788,-63.09
-95,90,9.04,-27.144,-64.93
-95,90,9.36,-25.004,-63.07
-95,90,9.68,-27.83,-66.72
-95,90,10,-30.96,-70.03
-95,90,10.32,-32.692,-72.32
-95,90,10.64,-37.408,-77.42
-95,90,10.96,-38.936,-78.92
-95,90,11.28,-27.736,-68.18
-95,90,11.6,-33.94,-74.81
-95,90,11.92,-39.254,-80.38
-95,90,12.24,-30.024,-72.28
-95,90,12.56,-28.56,-72.63
-95,90,12.88,-26.046,-71.25
-95,90,13.2,-31.37,-78.15
-95,90,13.52,-26.432,-72.44
-95,90,13.84,-22.738,-70.22
-95,90,14.16,-29.916,-78.14
-95,90,14.48,-21.754,-73.58
-95,90,14.8,-32.8,-80.81
-95,90,15.12,-24.87,-71.3
-95,90,15.44,-36.966,-83.28
-95,90,15.76,-23.598,-70.79
-95,90,16.08,-21.252,-68.71
-95,90,16.4,-22.59,-72.4
-95,90,16.72,-25.118,-74.6
-95,90,17.04,-24.206,-75.46
-95,90,17.36,-20.436,-73.08
-95,90,17.68,-22.892,-75.97
-95,90,18,-22.22,-75.03
-94,90,2,-9.67,-31.46
-94,90,2.32,-12.016,-37.67
-94,90,2.64,-17.758,-46.47
-94,90,2.96,-8.328,-36.64
-94,90,3.28,-15.122,-45.14
-94,90,3.6,-16.7,-44.15
-94,90,3.92,-17.092,-44.64
-94,90,4.24,-24.656,-53.68
-94,90,4.56,-21.936,-51.75
-94,90,4.88,-23.63,-53.76
-94,90,5.2,-32.62,-64.04
-94,90,5.52,-29.178,-59.46
-94,90,5.84,-26.522,-57.97
-94,90,6.16,-27.55,-59.59
-94,90,6.48,-53.046,-87.13
-94,90,6.8,-29.19,-62.69
-94,90,7.12,-32.626,-67.22
-94,90,7.44,-33.606,-67.94
-94,90,7.76,-34.148,-69.37
-94,90,8.08,-28.656,-63.46
-94,90,8.4,-29.53,-64.91
-94,90,8.72,-23.578,-60.88
-94,90,9.04,-31.744,-69.53
-94,90,9.36,-24.394,-62.46
-94,90,9.68,-27.39,-66.28
-94,90,10,-35.04,-74.11
-94,90,10.32,-36.482,-76.11
-94,90,10.64,-31.848,-71.86
-94,90,10.96,-43.376,-83.36
-94,90,11.28,-34.316,-74.76
-94,90,11.6,-29.01,-69.88
-94,90,11.92,-34.234,-75.36
-94,90,12.24,-35.104,-77.36
-94,90,12.56,-31.37,-75.44
-94,90,12.88,-24.046,-69.25
-94,90,13.2,-29.82,-76.6
-94,90,13.52,-23.532,-69.54
-94,90,13.84,-32.988,-80.47
-94,90,14.16,-25.076,-73.3
-94,90,14.48,-22.234,-74.06
-94,90,14.8,-23.83,-71.84
-94,90,15.12,-33.47,-79.9
-94,90,15.44,-35.306,-81.62
-94,90,15.76,-29.158,-76.35
-94,90,16.08,-23.842,-71.3
-94,90,16.4,-21.75,-71.56
-94,90,16.72,-26.868,-76.35
-94,90,17.04,-44.656,-95.91
-94,90,17.36,-20.396,-73.04
-94,90,17.68,-36.042,-89.12
-94,90,18,-18.24,-71.05
-93,90,2,-9.58,-31.37
-93,90,2.32,-11.646,-37.3
-93,90,2.64,-16.978,-45.69
-93,90,2.96,-7.598,-35.91
-93,90,3.28,-14.572,-44.59
-93,90,3.6,-16.32,-43.77
-93,90,3.92,-17.032,-44.58
-93,90,4.24,-24.226,-53.25
-93,90,4.56,-22.886,-52.7
-93,90,4.88,-23.28,-53.41
-93,90,5.2,-26.54,-57.96
-93,90,5.52,-27.978,-58.26
-93,90,5.84,-30.992,-62.44
-93,90,6.16,-29.88,-61.92
-93,90,6.48,-35.746,-69.83
-93,90,6.8,-28.38,-61.88
-93,90,7.12,-29.386,-63.98
-93,90,7.44,-58.776,-93.11
-93,90,7.76,-32.108,-67.33
-93,90,8.08,-25.986,-60.79
-93,90,8.4,-35.88,-71.26
-93,90,8.72,-24.418,-61.72
-93,90,9.04,-28.494,-66.28
-93,90,9.36,-28.014,-66.08
-93,90,9.68,-31.9,-70.79
-93,90,10,-30.33,-69.4
-93,90,10.32,-35.082,-74.71
-93,90,10.64,-31.878,-71.89
-93,90,10.96,-34.006,-73.99
-93,90,11.28,-45.426,-85.87
-93,90,11.6,-38.61,-79.48
-93,90,11.92,-27.134,-68.26
-93,90,12.24,-37.384,-79.64
-93,90,12.56,-33.61,-77.68
-93,90,12.88,-32.006,-77.21
-93,90,13.2,-40.35,-87.13
-93,90,13.52,-27.882,-73.89
-93,90,13.84,-47.078,-94.56
-93,90,14.16,-32.956,-81.18
-93,90,14.48,-24.474,-76.3
-93,90,14.8,-26.48,-74.49
-93,90,15.12,-35.08,-81.51
-93,90,15.44,-27.066,-73.38
-93,90,15.76,-42.338,-89.53
-93,90,16.08,-28.542,-76
-93,90,16.4,-26.61,-76.42
-93,90,16.72,-22.538,-72.02
-93,90,17.04,-20.476,-71.73
-93,90,17.36,-24.426,-77.07
-93,90,17.68,-30.622,-83.7
-93,90,18,-26.39,-79.2
-92,90,2,-9.67,-31.46
-92,90,2.32,-11.216,-36.87
-92,90,2.64,-16.058,-44.77
-92,90,2.96,-6.758,-35.07
-92,90,3.28,-13.832,-43.85
-92,90,3.6,-15.87,-43.32
-92,90,3.92,-17.372,-44.92
-92,90,4.24,-25.066,-54.09
-92,90,4.56,-21.816,-51.63
-92,90,4.88,-22.78,-52.91
-92,90,5.2,-24.8,-56.22
-92,90,5.52,-28.968,-59.25
-92,90,5.84,-35.832,-67.28
-92,90,6.16,-29.21,-61.25
-92,90,6.48,-32.866,-66.95
-92,90,6.8,-25.3,-58.8
-92,90,7.12,-27.196,-61.79
-92,90,7.44,-29.116,-63.45
-92,90,7.76,-29.428,-64.65
-92,90,8.08,-29.746,-64.55
-92,90,8.4,-30.65,-66.03
-92,90,8.72,-24.968,-62.27
-92,90,9.04,-29.674,-67.46
-92,90,9.36,-38.834,-76.9
-92,90,9.68,-27.41,-66.3
-92,90,10,-28.4,-67.47
-92,90,10.32,-31.172,-70.8
-92,90,10.64,-32.088,-72.1
-92,90,10.96,-40.156,-80.14
-92,90,11.28,-31.276,-71.72
-92,90,11.6,-30.58,-71.45
-92,90,11.92,-26.584,-67.71
-92,90,12.24,-39.804,-82.06
-92,90,12.56,-35.75,-79.82
-92,90,12.88,-26.066,-71.27
-92,90,13.2,-28.9,-75.68
-92,90,13.52,-31.692,-77.7
-92,90,13.84,-24.358,-71.84
-92,90,14.16,-29.106,-77.33
-92,90,14.48,-21.134,-72.96
-92,90,14.8,-32.06,-80.07
-92,90,15.12,-43.96,-90.39
-92,90,15.44,-29.666,-75.98
-92,90,15.76,-25.868,-73.06
-92,90,16.08,-27.862,-75.32
-92,90,16.4,-23.6,-73.41
-92,90,16.72,-26.248,-75.73
-92,90,17.04,-34.536,-85.79
-92,90,17.36,-15.486,-68.13
-92,90,17.68,-21.222,-74.3
-92,90,18,-30.01,-82.82
-91,90,2,-9.71,-31.5
-91,90,2.32,-10.926,-36.58
-91,90,2.64,-15.218,-43.93
-91,90,2.96,-6.018,-34.33
-91,90,3.28,-12.832,-42.85
-91,90,3.6,-16.04,-43.49
-91,90,3.92,-17.892,-45.44
-91,90,4.24,-26.326,-55.35
-91,90,4.56,-20.856,-50.67
-91,90,4.88,-23.28,-53.41
-91,90,5.2,-22.37,-53.79
-91,90,5.52,-29.298,-59.58
-91,90,5.84,-35.042,-66.49
-91,90,6.16,-28.35,-60.39
-91,90,6.48,-32.626,-66.71
-91,90,6.8,-26.32,-59.82
-91,90,7.12,-28.336,-62.93
-91,90,7.44,-24.306,-58.64
-91,90,7.76,-26.548,-61.77
-91,90,8.08,-32.566,-67.37
-91,90,8.4,-34.82,-70.2
-91,90,8.72,-25.008,-62.31
-91,90,9.04,-33.734,-71.52
-91,90,9.36,-38.004,-76.07
-91,90,9.68,-29.6,-68.49
-91,90,10,-28.32,-67.39
-91,90,10.32,-31.172,-70.8
-91,90,10.64,-27.028,-67.04
-91,90,10.96,-33.686,-73.67
-91,90,11.28,-31.646,-72.09
-91,90,11.6,-38.26,-79.13
-91,90,11.92,-54.814,-95.94
-91,90,12.24,-30.184,-72.44
-91,90,12.56,-30.48,-74.55
-91,90,12.88,-43.846,-89.05
-91,90,13.2,-26.54,-73.32
-91,90,13.52,-25.042,-71.05
-91,90,13.84,-26.858,-74.34
-91,90,14.16,-21.766,-69.99
-91,90,14.48,-22.154,-73.98
-91,90,14.8,-29.26,-77.27
-91,90,15.12,-25.55,-71.98
-91,90,15.44,-29.596,-75.91
-91,90,15.76,-27.058,-74.25
-91,90,16.08,-24.922,-72.38
-91,90,16.4,-20.64,-70.45
-91,90,16.72,-24.218,-73.7
-91,90,17.04,-21.476,-72.73
-91,90,17.36,-42.376,-95.02
-91,90,17.68,-28.992,-82.07
-91,90,18,-26.01,-78.82
-90,90,2,-9.89,-31.68
-90,90,2.32,-10.846,-36.5
-90,90,2.64,-14.628,-43.34
-90,90,2.96,-5.488,-33.8
-90,90,3.28,-12.672,-42.69
-90,90,3.6,-15.97,-43.42
-90,90,3.92,-18.852,-46.4
-90,90,4.24,-26.786,-55.81
-90,90,4.56,-19.146,-48.96
-90,90,4.88,-22.01,-52.14
-90,90,5.2,-22.01,-53.43
-90,90,5.52,-29.858,-60.14
-90,90,5.84,-34.592,-66.04
-90,90,6.16,-25,-57.04
-90,90,6.48,-33.736,-67.82
-90,90,6.8,-29.91,-63.41
-90,90,7.12,-28.496,-63.09
-90,90,7.44,-21.896,-56.23
-90,90,7.76,-27.258,-62.48
-90,90,8.08,-35.566,-70.37
-90,90,8.4,-35.91,-71.29
-90,90,8.72,-22.678,-59.98
-90,90,9.04,-31.864,-69.65
-90,90,9.36,-35.204,-73.27
-90,90,9.68,-28.72,-67.61
-90,90,10,-28.2,-67.27
-90,90,10.32,-31.262,-70.89
-90,90,10.64,-26.748,-66.76
-90,90,10.96,-30.086,-70.07
-90,90,11.28,-41.556,-82
-90,90,11.6,-38.13,-79
-90,90,11.92,-29.024,-70.15
-90,90,12.24,-28.704,-70.96
-90,90,12.56,-32.94,-77.01
-90,90,12.88,-28.256,-73.46
-90,90,13.2,-28.99,-75.77
-90,90,13.52,-25.252,-71.26
-90,90,13.84,-30.228,-77.71
-90,90,14.16,-38.026,-86.25
-90,90,14.48,-21.454,-73.28
-90,90,14.8,-29.65,-77.66
-90,90,15.12,-34.5,-80.93
-90,90,15.44,-30.686,-77
-90,90,15.76,-24.308,-71.5
-90,90,16.08,-27.232,-74.69
-90,90,16.4,-25,-74.81
-90,90,16.72,-31.988,-81.47
-90,90,17.04,-24.276,-75.53
-90,90,17.36,-21.476,-74.12
-90,90,17.68,-25.802,-78.88
-90,90,18,-20.6,-73.41
-89,90,2,-10.08,-31.87
-89,90,2.32,-10.846,-36.5
-89,90,2.64,-14.218,-42.93
-89,90,2.96,-5.048,-33.36
-89,90,3.28,-12.282,-42.3
-89,90,3.6,-15.65,-43.1
-89,90,3.92,-20.222,-47.77
-89,90,4.24,-25.776,-54.8
-89,90,4.56,-16.976,-46.79
-89,90,4.88,-22.83,-52.96
-89,90,5.2,-23.61,-55.03
-89,90,5.52,-32.408,-62.69
-89,90,5.84,-32.642,-64.09
-89,90,6.16,-24.34,-56.38
-89,90,6.48,-31.896,-65.98
-89,90,6.8,-42.53,-76.03
-89,90,7.12,-30.316,-64.91
-89,90,7.44,-19.756,-54.09
-89,90,7.76,-24.848,-60.07
-89,90,8.08,-40.676,-75.48
-89,90,8.4,-35.09,-70.47
-89,90,8.72,-22.808,-60.11
-89,90,9.04,-25.274,-63.06
-89,90,9.36,-29.424,-67.49
-89,90,9.68,-26.97,-65.86
-89,90,10,-32.71,-71.78
-89,90,10.32,-32.422,-72.05
-89,90,10.64,-31.718,-71.73
-89,90,10.96,-24.896,-64.88
-89,90,11.28,-36.706,-77.15
-89,90,11.6,-29.91,-70.78
-89,90,11.92,-27.144,-68.27
-89,90,12.24,-42.154,-84.41
-89,90,12.56,-35.68,-79.75
-89,90,12.88,-31.186,-76.39
-89,90,13.2,-29.33,-76.11
-89,90,13.52,-30.202,-76.21
-89,90,13.84,-25.558,-73.04
-89,90,14.16,-27.286,-75.51
-89,90,14.48,-19.644,-71.47
-89,90,14.8,-25.71,-73.72
-89,90,15.12,-29.91,-76.34
-89,90,15.44,-35.016,-81.33
-89,90,15.76,-25.248,-72.44
-89,90,16.08,-34.902,-82.36
-89,90,16.4,-20.2,-70.01
-89,90,16.72,-21.508,-70.99
-89,90,17.04,-37.136,-88.39
-89,90,17.36,-29.556,-82.2
-89,90,17.68,-25.642,-78.72
-89,90,18,-22.84,-75.65
-88,90,2,-10.33,-32.12
-88,90,2.32,-10.756,-36.41
-88,90,2.64,-13.818,-42.53
-88,90,2.96,-4.698,-33.01
-88,90,3.28,-11.522,-41.54
-88,90,3.6,-15.77,-43.22
-88,90,3.92,-21.362,-48.91
-88,90,4.24,-24.906,-53.93
-88,90,4.56,-15.626,-45.44
-88,90,4.88,-23.03,-53.16
-88,90,5.2,-27.06,-58.48
-88,90,5.52,-32.488,-62.77
-88,90,5.84,-31.712,-63.16
-88,90,6.16,-23.08,-55.12
-88,90,6.48,-33.656,-67.74
-88,90,6.8,-31.6,-65.1
-88,90,7.12,-27.946,-62.54
-88,90,7.44,-18.776,-53.11
-88,90,7.76,-25.718,-60.94
-88,90,8.08,-31.896,-66.7
-88,90,8.4,-35.15,-70.53
-88,90,8.72,-20.638,-57.94
-88,90,9.04,-24.584,-62.37
-88,90,9.36,-27.344,-65.41
-88,90,9.68,-27.6,-66.49
-88,90,10,-33.96,-73.03
-88,90,10.32,-25.282,-64.91
-88,90,10.64,-28.228,-68.24
-88,90,10.96,-29.716,-69.7
-88,90,11.28,-31.256,-71.7
-88,90,11.6,-35.8,-76.67
-88,90,11.92,-26.484,-67.61
-88,90,12.24,-35.034,-77.29
-88,90,12.56,-36.95,-81.02
-88,90,12.88,-29.116,-74.32
-88,90,13.2,-25.77,-72.55
-88,90,13.52,-35.002,-81.01
-88,90,13.84,-21.658,-69.14
-88,90,14.16,-34.496,-82.72
-88,90,14.48,-25.064,-76.89
-88,90,14.8,-26.83,-74.84
-88,90,15.12,-34.01,-80.44
-88,90,15.44,-29.806,-76.12
-88,90,15.76,-23.288,-70.48
-88,90,16.08,-30.772,-78.23
-88,90,16.4,-16.58,-66.39
-88,90,16.72,-26.748,-76.23
-88,90,17.04,-20.246,-71.5
-88,90,17.36,-26.916,-79.56
-88,90,17.68,-24.802,-77.88
-88,90,18,-21.78,-74.59
-87,90,2,-10.49,-32.28
-87,90,2.32,-10.696,-36.35
-87,90,2.64,-13.398,-42.11
-87,90,2.96,-4.498,-32.81
-87,90,3.28,-11.172,-41.19
-87,90,3.6,-15.35,-42.8
-87,90,3.92,-22.812,-50.36
-87,90,4.24,-22.376,-51.4
-87,90,4.56,-15.176,-44.99
-87,90,4.88,-23.36,-53.49
-87,90,5.2,-34.7,-66.12
-87,90,5.52,-32.928,-63.21
-87,90,5.84,-32.322,-63.77
-87,90,6.16,-23.15,-55.19
-87,90,6.48,-36.166,-70.25
-87,90,6.8,-28.23,-61.73
-87,90,7.12,-23.316,-57.91
-87,90,7.44,-20.126,-54.46
-87,90,7.76,-25.558,-60.78
-87,90,8.08,-26.006,-60.81
-87,90,8.4,-30.84,-66.22
-87,90,8.72,-20.248,-57.55
-87,90,9.04,-24.044,-61.83
-87,90,9.36,-26.094,-64.16
-87,90,9.68,-26.78,-65.67
-87,90,10,-29.73,-68.8
-87,90,10.32,-22.922,-62.55
-87,90,10.64,-31.438,-71.45
-87,90,10.96,-32.156,-72.14
-87,90,11.28,-31.586,-72.03
-87,90,11.6,-27.87,-68.74
-87,90,11.92,-31.074,-72.2
-87,90,12.24,-30.114,-72.37
-87,90,12.56,-40.66,-84.73
-87,90,12.88,-23.096,-68.3
-87,90,13.2,-30.71,-77.49
-87,90,13.52,-31.822,-77.83
-87,90,13.84,-20.568,-68.05
-87,90,14.16,-24.346,-72.57
-87,90,14.48,-23.034,-74.86
-87,90,14.8,-23.52,-71.53
-87,90,15.12,-35.62,-82.05
-87,90,15.44,-26.146,-72.46
-87,90,15.76,-21.538,-68.73
-87,90,16.08,-21.432,-68.89
-87,90,16.4,-22.89,-72.7
-87,90,16.72,-23.938,-73.42
-87,90,17.04,-40.216,-91.47
-87,90,17.36,-21.086,-73.73
-87,90,17.68,-23.802,-76.88
-87,90,18,-22.3,-75.11
-86,90,2,-10.71,-32.5
-86,90,2.32,-10.836,-36.49
-86,90,2.64,-12.828,-41.54
-86,90,2.96,-4.52800000000001,-32.84
-86,90,3.28,-11.042,-41.06
-86,90,3.6,-14.88,-42.33
-86,90,3.92,-23.212,-50.76
-86,90,4.24,-21.766,-50.79
-86,90,4.56,-14.706,-44.52
-86,90,4.88,-23.73,-53.86
-86,90,5.2,-31.1,-62.52
-86,90,5.52,-38.738,-69.02
-86,90,5.84,-30.662,-62.11
-86,90,6.16,-23.75,-55.79
-86,90,6.48,-36.726,-70.81
-86,90,6.8,-24.77,-58.27
-86,90,7.12,-22.196,-56.79
-86,90,7.44,-24.746,-59.08
-86,90,7.76,-26.158,-61.38
-86,90,8.08,-23.176,-57.98
-86,90,8.4,-31.9,-67.28
-86,90,8.72,-23.478,-60.78
-86,90,9.04,-23.994,-61.78
-86,90,9.36,-26.654,-64.72
-86,90,9.68,-25.9,-64.79
-86,90,10,-25.28,-64.35
-86,90,10.32,-22.332,-61.96
-86,90,10.64,-35.758,-75.77
-86,90,10.96,-25.946,-65.93
-86,90,11.28,-30.826,-71.27
-86,90,11.6,-22.56,-63.43
-86,90,11.92,-28.144,-69.27
-86,90,12.24,-29.324,-71.58
-86,90,12.56,-31.51,-75.58
-86,90,12.88,-29.466,-74.67
-86,90,13.2,-32.31,-79.09
-86,90,13.52,-28.382,-74.39
-86,90,13.84,-28.228,-75.71
-86,90,14.16,-22.616,-70.84
-86,90,14.48,-22.654,-74.48
-86,90,14.8,-19.5,-67.51
-86,90,15.12,-24.41,-70.84
-86,90,15.44,-35.136,-81.45
-86,90,15.76,-21.618,-68.81
-86,90,16.08,-23.662,-71.12
-86,90,16.4,-19.5,-69.31
-86,90,16.72,-38.378,-87.86
-86,90,17.04,-28.306,-79.56
-86,90,17.36,-26.386,-79.03
-86,90,17.68,-30.412,-83.49
-86,90,18,-24.61,-77.42
-85,90,2,-10.82,-32.61
-85,90,2.32,-10.826,-36.48
-85,90,2.64,-12.668,-41.38
-85,90,2.96,-4.548,-32.86
-85,90,3.28,-10.632,-40.65
-85,90,3.6,-14.37,-41.82
-85,90,3.92,-21.212,-48.76
-85,90,4.24,-21.536,-50.56
-85,90,4.56,-15.156,-44.97
-85,90,4.88,-25.88,-56.01
-85,90,5.2,-24.06,-55.48
-85,90,5.52,-53.518,-83.8
-85,90,5.84,-27.562,-59.01
-85,90,6.16,-24,-56.04
-85,90,6.48,-35.436,-69.52
-85,90,6.8,-21.96,-55.46
-85,90,7.12,-20.936,-55.53
-85,90,7.44,-42.896,-77.23
-85,90,7.76,-26.798,-62.02
-85,90,8.08,-23.666,-58.47
-85,90,8.4,-29.99,-65.37
-85,90,8.72,-25.428,-62.73
-85,90,9.04,-29.624,-67.41
-85,90,9.36,-31.344,-69.41
-85,90,9.68,-30.46,-69.35
-85,90,10,-23.26,-62.33
-85,90,10.32,-28.132,-67.76
-85,90,10.64,-25.088,-65.1
-85,90,10.96,-25.516,-65.5
-85,90,11.28,-31.036,-71.48
-85,90,11.6,-25.95,-66.82
-85,90,11.92,-25.864,-66.99
-85,90,12.24,-48.474,-90.73
-85,90,12.56,-28.59,-72.66
-85,90,12.88,-30.376,-75.58
-85,90,13.2,-37.75,-84.53
-85,90,13.52,-33.992,-80
-85,90,13.84,-30.298,-77.78
-85,90,14.16,-23.866,-72.09
-85,90,14.48,-24.994,-76.82
-85,90,14.8,-32.4,-80.41
-85,90,15.12,-21.1,-67.53
-85,90,15.44,-22.716,-69.03
-85,90,15.76,-24.838,-72.03
-85,90,16.08,-28.042,-75.5
-85,90,16.4,-23.2,-73.01
-85,90,16.72,-29.368,-78.85
-85,90,17.04,-24.956,-76.21
-85,90,17.36,-23.236,-75.88
-85,90,17.68,-39.282,-92.36
-85,90,18,-30.86,-83.67
-84,90,2,-10.72,-32.51
-84,90,2.32,-10.986,-36.64
-84,90,2.64,-12.438,-41.15
-84,90,2.96,-4.788,-33.1
-84,90,3.28,-10.412,-40.43
-84,90,3.6,-14.12,-41.57
-84,90,3.92,-19.772,-47.32
-84,90,4.24,-20.696,-49.72
-84,90,4.56,-16.276,-46.09
-84,90,4.88,-27,-57.13
-84,90,5.2,-20.2,-51.62
-84,90,5.52,-32.368,-62.65
-84,90,5.84,-27.232,-58.68
-84,90,6.16,-24.25,-56.29
-84,90,6.48,-34.136,-68.22
-84,90,6.8,-22.03,-55.53
-84,90,7.12,-21.296,-55.89
-84,90,7.44,-28.376,-62.71
-84,90,7.76,-28.548,-63.77
-84,90,8.08,-25.196,-60
-84,90,8.4,-25.08,-60.46
-84,90,8.72,-22.998,-60.3
-84,90,9.04,-32.584,-70.37
-84,90,9.36,-37.054,-75.12
-84,90,9.68,-30.94,-69.83
-84,90,10,-25.27,-64.34
-84,90,10.32,-33.222,-72.85
-84,90,10.64,-27.288,-67.3
-84,90,10.96,-22.956,-62.94
-84,90,11.28,-30.626,-71.07
-84,90,11.6,-24.76,-65.63
-84,90,11.92,-24.714,-65.84
-84,90,12.24,-46.254,-88.51
-84,90,12.56,-32.13,-76.2
-84,90,12.88,-35.486,-80.69
-84,90,13.2,-29.86,-76.64
-84,90,13.52,-30.742,-76.75
-84,90,13.84,-24.118,-71.6
-84,90,14.16,-30.226,-78.45
-84,90,14.48,-20.714,-72.54
-84,90,14.8,-25.73,-73.74
-84,90,15.12,-30.3,-76.73
-84,90,15.44,-22.736,-69.05
-84,90,15.76,-28.528,-75.72
-84,90,16.08,-23.292,-70.75
-84,90,16.4,-27.35,-77.16
-84,90,16.72,-22.698,-72.18
-84,90,17.04,-21.426,-72.68
-84,90,17.36,-30.066,-82.71
-84,90,17.68,-49.722,-102.8
-84,90,18,-25.91,-78.72
-83,90,2,-10.64,-32.43
-83,90,2.32,-11.086,-36.74
-83,90,2.64,-11.988,-40.7
-83,90,2.96,-5.018,-33.33
-83,90,3.28,-10.182,-40.2
-83,90,3.6,-13.71,-41.16
-83,90,3.92,-17.952,-45.5
-83,90,4.24,-21.466,-50.49
-83,90,4.56,-18.176,-47.99
-83,90,4.88,-27.25,-57.38
-83,90,5.2,-18.43,-49.85
-83,90,5.52,-26.108,-56.39
-83,90,5.84,-27.452,-58.9
-83,90,6.16,-24.42,-56.46
-83,90,6.48,-30.206,-64.29
-83,90,6.8,-22.19,-55.69
-83,90,7.12,-21.396,-55.99
-83,90,7.44,-20.586,-54.92
-83,90,7.76,-25.408,-60.63
-83,90,8.08,-30.106,-64.91
-83,90,8.4,-23.91,-59.29
-83,90,8.72,-19.238,-56.54
-83,90,9.04,-26.004,-63.79
-83,90,9.36,-31.344,-69.41
-83,90,9.68,-28.37,-67.26
-83,90,10,-31.53,-70.6
-83,90,10.32,-23.552,-63.18
-83,90,10.64,-24.568,-64.58
-83,90,10.96,-23.226,-63.21
-83,90,11.28,-23.636,-64.08
-83,90,11.6,-25.88,-66.75
-83,90,11.92,-24.214,-65.34
-83,90,12.24,-29.544,-71.8
-83,90,12.56,-31.22,-75.29
-83,90,12.88,-32.916,-78.12
-83,90,13.2,-28.28,-75.06
-83,90,13.52,-29.612,-75.62
-83,90,13.84,-19.688,-67.17
-83,90,14.16,-26.626,-74.85
-83,90,14.48,-20.824,-72.65
-83,90,14.8,-23.75,-71.76
-83,90,15.12,-34.83,-81.26
-83,90,15.44,-27.506,-73.82
-83,90,15.76,-27.888,-75.08
-83,90,16.08,-30.642,-78.1
-83,90,16.4,-26.74,-76.55
-83,90,16.72,-26.098,-75.58
-83,90,17.04,-21.846,-73.1
-83,90,17.36,-33.286,-85.93
-83,90,17.68,-25.442,-78.52
-83,90,18,-33.47,-86.28
-82,90,2,-10.42,-32.21
-82,90,2.32,-11.056,-36.71
-82,90,2.64,-11.858,-40.57
-82,90,2.96,-5.358,-33.67
-82,90,3.28,-10.102,-40.12
-82,90,3.6,-13.78,-41.23
-82,90,3.92,-16.772,-44.32
-82,90,4.24,-21.166,-50.19
-82,90,4.56,-21.506,-51.32
-82,90,4.88,-26.08,-56.21
-82,90,5.2,-17.95,-49.37
-82,90,5.52,-23.038,-53.32
-82,90,5.84,-27.472,-58.92
-82,90,6.16,-22.4,-54.44
-82,90,6.48,-26.356,-60.44
-82,90,6.8,-23.98,-57.48
-82,90,7.12,-21.656,-56.25
-82,90,7.44,-16.906,-51.24
-82,90,7.76,-23.738,-58.96
-82,90,8.08,-62.496,-97.3
-82,90,8.4,-26.19,-61.57
-82,90,8.72,-17.938,-55.24
-82,90,9.04,-24.204,-61.99
-82,90,9.36,-24.154,-62.22
-82,90,9.68,-33.28,-72.17
-82,90,10,-27.2,-66.27
-82,90,10.32,-23.692,-63.32
-82,90,10.64,-27.758,-67.77
-82,90,10.96,-25.486,-65.47
-82,90,11.28,-25.806,-66.25
-82,90,11.6,-21.07,-61.94
-82,90,11.92,-30.974,-72.1
-82,90,12.24,-35.424,-77.68
-82,90,12.56,-33.2,-77.27
-82,90,12.88,-26.256,-71.46
-82,90,13.2,-28,-74.78
-82,90,13.52,-26.502,-72.51
-82,90,13.84,-19.878,-67.36
-82,90,14.16,-27.426,-75.65
-82,90,14.48,-26.674,-78.5
-82,90,14.8,-24.59,-72.6
-82,90,15.12,-22.94,-69.37
-82,90,15.44,-31.516,-77.83
-82,90,15.76,-31.448,-78.64
-82,90,16.08,-26.672,-74.13
-82,90,16.4,-20.58,-70.39
-82,90,16.72,-23.898,-73.38
-82,90,17.04,-21.716,-72.97
-82,90,17.36,-22.786,-75.43
-82,90,17.68,-21.122,-74.2
-82,90,18,-25.66,-78.47
-81,90,2,-10.04,-31.83
-81,90,2.32,-11.016,-36.67
-81,90,2.64,-11.338,-40.05
-81,90,2.96,-5.70800000000001,-34.02
-81,90,3.28,-9.882,-39.9
-81,90,3.6,-14.27,-41.72
-81,90,3.92,-16.032,-43.58
-81,90,4.24,-21.886,-50.91
-81,90,4.56,-24.066,-53.88
-81,90,4.88,-25.21,-55.34
-81,90,5.2,-18.29,-49.71
-81,90,5.52,-21.568,-51.85
-81,90,5.84,-27.562,-59.01
-81,90,6.16,-21.15,-53.19
-81,90,6.48,-23.026,-57.11
-81,90,6.8,-27.67,-61.17
-81,90,7.12,-21.146,-55.74
-81,90,7.44,-15.956,-50.29
-81,90,7.76,-21.868,-57.09
-81,90,8.08,-28.836,-63.64
-81,90,8.4,-28.75,-64.13
-81,90,8.72,-19.018,-56.32
-81,90,9.04,-22.644,-60.43
-81,90,9.36,-20.674,-58.74
-81,90,9.68,-33.22,-72.11
-81,90,10,-21.2,-60.27
-81,90,10.32,-24.332,-63.96
-81,90,10.64,-26.988,-67
-81,90,10.96,-28.616,-68.6
-81,90,11.28,-28.856,-69.3
-81,90,11.6,-23.7,-64.57
-81,90,11.92,-42.424,-83.55
-81,90,12.24,-33.134,-75.39
-81,90,12.56,-35.9,-79.97
-81,90,12.88,-30.276,-75.48
-81,90,13.2,-25.68,-72.46
-81,90,13.52,-29.032,-75.04
-81,90,13.84,-25.698,-73.18
-81,90,14.16,-22.516,-70.74
-81,90,14.48,-28.824,-80.65
-81,90,14.8,-29.75,-77.76
-81,90,15.12,-22.27,-68.7
-81,90,15.44,-19.486,-65.8
-81,90,15.76,-30.618,-77.81
-81,90,16.08,-48.272,-95.73
-81,90,16.4,-26.33,-76.14
-81,90,16.72,-22.308,-71.79
-81,90,17.04,-16.306,-67.56
-81,90,17.36,-20.006,-72.65
-81,90,17.68,-34.112,-87.19
-81,90,18,-22.56,-75.37
-80,90,2,-9.73,-31.52
-80,90,2.32,-10.836,-36.49
-80,90,2.64,-11.218,-39.93
-80,90,2.96,-5.838,-34.15
-80,90,3.28,-9.832,-39.85
-80,90,3.6,-14.51,-41.96
-80,90,3.92,-15.642,-43.19
-80,90,4.24,-22.866,-51.89
-80,90,4.56,-21.116,-50.93
-80,90,4.88,-24.52,-54.65
-80,90,5.2,-21.21,-52.63
-80,90,5.52,-20.738,-51.02
-80,90,5.84,-32.672,-64.12
-80,90,6.16,-20.23,-52.27
-80,90,6.48,-20.596,-54.68
-80,90,6.8,-26.95,-60.45
-80,90,7.12,-20.916,-55.51
-80,90,7.44,-16.046,-50.38
-80,90,7.76,-20.858,-56.08
-80,90,8.08,-24.756,-59.56
-80,90,8.4,-31.52,-66.9
-80,90,8.72,-25.528,-62.83
-80,90,9.04,-25.124,-62.91
-80,90,9.36,-23.224,-61.29
-80,90,9.68,-25.54,-64.43
-80,90,10,-21.56,-60.63
-80,90,10.32,-32.942,-72.57
-80,90,10.64,-27.128,-67.14
-80,90,10.96,-22.056,-62.04
-80,90,11.28,-31.136,-71.58
-80,90,11.6,-29.63,-70.5
-80,90,11.92,-32.574,-73.7
-80,90,12.24,-27.094,-69.35
-80,90,12.56,-32.89,-76.96
-80,90,12.88,-24.946,-70.15
-80,90,13.2,-26.11,-72.89
-80,90,13.52,-35.502,-81.51
-80,90,13.84,-23.658,-71.14
-80,90,14.16,-23.746,-71.97
-80,90,14.48,-18.874,-70.7
-80,90,14.8,-27.3,-75.31
-80,90,15.12,-31.2,-77.63
-80,90,15.44,-21.556,-67.87
-80,90,15.76,-24.628,-71.82
-80,90,16.08,-21.682,-69.14
-80,90,16.4,-22.52,-72.33
-80,90,16.72,-26.128,-75.61
-80,90,17.04,-23.766,-75.02
-80,90,17.36,-19.626,-72.27
-80,90,17.68,-35.052,-88.13
-80,90,18,-21.34,-74.15
-79,90,2,-9.21,-31
-79,90,2.32,-10.576,-36.23
-79,90,2.64,-10.848,-39.56
-79,90,2.96,-5.738,-34.05
-79,90,3.28,-9.852,-39.87
-79,90,3.6,-15.19,-42.64
-79,90,3.92,-15.752,-43.3
-79,90,4.24,-24.676,-53.7
-79,90,4.56,-17.466,-47.28
-79,90,4.88,-26.34,-56.47
-79,90,5.2,-26.79,-58.21
-79,90,5.52,-20.828,-51.11
-79,90,5.84,-32.482,-63.93
-79,90,6.16,-19.07,-51.11
-79,90,6.48,-20.006,-54.09
-79,90,6.8,-21.81,-55.31
-79,90,7.12,-20.186,-54.78
-79,90,7.44,-17.606,-51.94
-79,90,7.76,-21.218,-56.44
-79,90,8.08,-24.856,-59.66
-79,90,8.4,-27.06,-62.44
-79,90,8.72,-36.418,-73.72
-79,90,9.04,-29.004,-66.79
-79,90,9.36,-28.794,-66.86
-79,90,9.68,-23.18,-62.07
-79,90,10,-22.47,-61.54
-79,90,10.32,-30.052,-69.68
-79,90,10.64,-27.588,-67.6
-79,90,10.96,-24.376,-64.36
-79,90,11.28,-25.526,-65.97
-79,90,11.6,-24.47,-65.34
-79,90,11.92,-31.264,-72.39
-79,90,12.24,-27.794,-70.05
-79,90,12.56,-25.44,-69.51
-79,90,12.88,-29.756,-74.96
-79,90,13.2,-23.11,-69.89
-79,90,13.52,-28.112,-74.12
-79,90,13.84,-25.438,-72.92
-79,90,14.16,-23.566,-71.79
-79,90,14.48,-21.784,-73.61
-79,90,14.8,-24.77,-72.78
-79,90,15.12,-30.56,-76.99
-79,90,15.44,-28.296,-74.61
-79,90,15.76,-26.768,-73.96
-79,90,16.08,-20.652,-68.11
-79,90,16.4,-18.64,-68.45
-79,90,16.72,-22.158,-71.64
-79,90,17.04,-26.256,-77.51
-79,90,17.36,-19.916,-72.56
-79,90,17.68,-23.042,-76.12
-79,90,18,-22.49,-75.3
-78,90,2,-8.79,-30.58
-78,90,2.32,-10.386,-36.04
-78,90,2.64,-10.448,-39.16
-78,90,2.96,-5.408,-33.72
-78,90,3.28,-10.122,-40.14
-78,90,3.6,-15.83,-43.28
-78,90,3.92,-15.962,-43.51
-78,90,4.24,-25.656,-54.68
-78,90,4.56,-15.186,-45
-78,90,4.88,-28.78,-58.91
-78,90,5.2,-26.39,-57.81
-78,90,5.52,-21.578,-51.86
-78,90,5.84,-29.462,-60.91
-78,90,6.16,-18.87,-50.91
-78,90,6.48,-20.596,-54.68
-78,90,6.8,-19.2,-52.7
-78,90,7.12,-20.706,-55.3
-78,90,7.44,-21.326,-55.66
-78,90,7.76,-24.538,-59.76
-78,90,8.08,-25.876,-60.68
-78,90,8.4,-23.98,-59.36
-78,90,8.72,-22.978,-60.28
-78,90,9.04,-39.004,-76.79
-78,90,9.36,-33.434,-71.5
-78,90,9.68,-28.92,-67.81
-78,90,10,-25.16,-64.23
-78,90,10.32,-22.232,-61.86
-78,90,10.64,-32.838,-72.85
-78,90,10.96,-23.496,-63.48
-78,90,11.28,-21.426,-61.87
-78,90,11.6,-25.38,-66.25
-78,90,11.92,-36.594,-77.72
-78,90,12.24,-29.884,-72.14
-78,90,12.56,-25.9,-69.97
-78,90,12.88,-36.096,-81.3
-78,90,13.2,-31.65,-78.43
-78,90,13.52,-28.562,-74.57
-78,90,13.84,-20.148,-67.63
-78,90,14.16,-17.696,-65.92
-78,90,14.48,-29.854,-81.68
-78,90,14.8,-24.3,-72.31
-78,90,15.12,-27.48,-73.91
-78,90,15.44,-23.886,-70.2
-78,90,15.76,-22.638,-69.83
-78,90,16.08,-30.242,-77.7
-78,90,16.4,-23.23,-73.04
-78,90,16.72,-21.538,-71.02
-78,90,17.04,-25.106,-76.36
-78,90,17.36,-17.166,-69.81
-78,90,17.68,-28.602,-81.68
-78,90,18,-25.7,-78.51
-77,90,2,-8.39,-30.18
-77,90,2.32,-10.066,-35.72
-77,90,2.64,-10.238,-38.95
-77,90,2.96,-5.048,-33.36
-77,90,3.28,-10.442,-40.46
-77,90,3.6,-16.39,-43.84
-77,90,3.92,-17.042,-44.59
-77,90,4.24,-27.116,-56.14
-77,90,4.56,-13.516,-43.33
-77,90,4.88,-28.49,-58.62
-77,90,5.2,-19.66,-51.08
-77,90,5.52,-23.318,-53.6
-77,90,5.84,-25.952,-57.4
-77,90,6.16,-19.74,-51.78
-77,90,6.48,-20.106,-54.19
-77,90,6.8,-17.12,-50.62
-77,90,7.12,-20.026,-54.62
-77,90,7.44,-36.756,-71.09
-77,90,7.76,-26.168,-61.39
-77,90,8.08,-34.906,-69.71
-77,90,8.4,-21.93,-57.31
-77,90,8.72,-18.538,-55.84
-77,90,9.04,-29.634,-67.42
-77,90,9.36,-22.194,-60.26
-77,90,9.68,-27.03,-65.92
-77,90,10,-23.35,-62.42
-77,90,10.32,-22.312,-61.94
-77,90,10.64,-26.358,-66.37
-77,90,10.96,-26.306,-66.29
-77,90,11.28,-25.966,-66.41
-77,90,11.6,-24.05,-64.92
-77,90,11.92,-31.494,-72.62
-77,90,12.24,-27.274,-69.53
-77,90,12.56,-22.99,-67.06
-77,90,12.88,-27.696,-72.9
-77,90,13.2,-28.73,-75.51
-77,90,13.52,-32.082,-78.09
-77,90,13.84,-20.848,-68.33
-77,90,14.16,-20.236,-68.46
-77,90,14.48,-23.364,-75.19
-77,90,14.8,-28.59,-76.6
-77,90,15.12,-25.1,-71.53
-77,90,15.44,-29.566,-75.88
-77,90,15.76,-23.138,-70.33
-77,90,16.08,-41.132,-88.59
-77,90,16.4,-41.03,-90.84
-77,90,16.72,-30.188,-79.67
-77,90,17.04,-15.076,-66.33
-77,90,17.36,-18.396,-71.04
-77,90,17.68,-31.062,-84.14
-77,90,18,-25.22,-78.03
-76,90,2,-8.02,-29.81
-76,90,2.32,-9.756,-35.41
-76,90,2.64,-10.088,-38.8
-76,90,2.96,-4.498,-32.81
-76,90,3.28,-11.462,-41.48
-76,90,3.6,-16.42,-43.87
-76,90,3.92,-18.792,-46.34
-76,90,4.24,-29.666,-58.69
-76,90,4.56,-12.536,-42.35
-76,90,4.88,-26.44,-56.57
-76,90,5.2,-15.15,-46.57
-76,90,5.52,-24.548,-54.83
-76,90,5.84,-22.632,-54.08
-76,90,6.16,-20.31,-52.35
-76,90,6.48,-19.386,-53.47
-76,90,6.8,-15.9,-49.4
-76,90,7.12,-19.266,-53.86
-76,90,7.44,-23.036,-57.37
-76,90,7.76,-28.388,-63.61
-76,90,8.08,-33.336,-68.14
-76,90,8.4,-24.02,-59.4
-76,90,8.72,-17.458,-54.76
-76,90,9.04,-27.534,-65.32
-76,90,9.36,-17.994,-56.06
-76,90,9.68,-25.2,-64.09
-76,90,10,-26.62,-65.69
-76,90,10.32,-24.582,-64.21
-76,90,10.64,-28.348,-68.36
-76,90,10.96,-26.296,-66.28
-76,90,11.28,-24.946,-65.39
-76,90,11.6,-23.67,-64.54
-76,90,11.92,-25.964,-67.09
-76,90,12.24,-27.604,-69.86
-76,90,12.56,-25.03,-69.1
-76,90,12.88,-30.416,-75.62
-76,90,13.2,-22.63,-69.41
-76,90,13.52,-23.122,-69.13
-76,90,13.84,-22.318,-69.8
-76,90,14.16,-20.536,-68.76
-76,90,14.48,-23.374,-75.2
-76,90,14.8,-35.51,-83.52
-76,90,15.12,-30,-76.43
-76,90,15.44,-25.986,-72.3
-76,90,15.76,-23.428,-70.62
-76,90,16.08,-29.922,-77.38
-76,90,16.4,-23.57,-73.38
-76,90,16.72,-22.418,-71.9
-76,90,17.04,-31.396,-82.65
-76,90,17.36,-27.616,-80.26
-76,90,17.68,-31.232,-84.31
-76,90,18,-45.83,-98.64
-75,90,2,-7.67,-29.46
-75,90,2.32,-9.326,-34.98
-75,90,2.64,-9.848,-38.56
-75,90,2.96,-4.098,-32.41
-75,90,3.28,-12.352,-42.37
-75,90,3.6,-16.74,-44.19
-75,90,3.92,-21.292,-48.84
-75,90,4.24,-29.466,-58.49
-75,90,4.56,-12.256,-42.07
-75,90,4.88,-22.43,-52.56
-75,90,5.2,-13.18,-44.6
-75,90,5.52,-23.478,-53.76
-75,90,5.84,-21.832,-53.28
-75,90,6.16,-22.29,-54.33
-75,90,6.48,-19.636,-53.72
-75,90,6.8,-16.28,-49.78
-75,90,7.12,-18.416,-53.01
-75,90,7.44,-16.926,-51.26
-75,90,7.76,-23.168,-58.39
-75,90,8.08,-25.656,-60.46
-75,90,8.4,-27.19,-62.57
-75,90,8.72,-16.728,-54.03
-75,90,9.04,-22.704,-60.49
-75,90,9.36,-17.464,-55.53
-75,90,9.68,-27.91,-66.8
-75,90,10,-26.52,-65.59
-75,90,10.32,-26.162,-65.79
-75,90,10.64,-27.738,-67.75
-75,90,10.96,-33.606,-73.59
-75,90,11.28,-31.626,-72.07
-75,90,11.6,-36.13,-77
-75,90,11.92,-26.694,-67.82
-75,90,12.24,-25.004,-67.26
-75,90,12.56,-25.2,-69.27
-75,90,12.88,-29.456,-74.66
-75,90,13.2,-21.85,-68.63
-75,90,13.52,-20.522,-66.53
-75,90,13.84,-21.008,-68.49
-75,90,14.16,-19.266,-67.49
-75,90,14.48,-24.294,-76.12
-75,90,14.8,-28.95,-76.96
-75,90,15.12,-30.71,-77.14
-75,90,15.44,-47.716,-94.03
-75,90,15.76,-28.548,-75.74
-75,90,16.08,-19.502,-66.96
-75,90,16.4,-19.98,-69.79
-75,90,16.72,-21.068,-70.55
-75,90,17.04,-22.136,-73.39
-75,90,17.36,-22.896,-75.54
-75,90,17.68,-19.572,-72.65
-75,90,18,-23.26,-76.07
-74,90,2,-7.36,-29.15
-74,90,2.32,-9.046,-34.7
-74,90,2.64,-9.858,-38.57
-74,90,2.96,-3.718,-32.03
-74,90,3.28,-13.882,-43.9
-74,90,3.6,-16.59,-44.04
-74,90,3.92,-24.082,-51.63
-74,90,4.24,-27.686,-56.71
-74,90,4.56,-12.246,-42.06
-74,90,4.88,-19.33,-49.46
-74,90,5.2,-12.08,-43.5
-74,90,5.52,-22.048,-52.33
-74,90,5.84,-19.822,-51.27
-74,90,6.16,-26.96,-59
-74,90,6.48,-19.866,-53.95
-74,90,6.8,-17.72,-51.22
-74,90,7.12,-17.336,-51.93
-74,90,7.44,-15.256,-49.59
-74,90,7.76,-19.548,-54.77
-74,90,8.08,-22.056,-56.86
-74,90,8.4,-46.52,-81.9
-74,90,8.72,-20.328,-57.63
-74,90,9.04,-20.454,-58.24
-74,90,9.36,-19.104,-57.17
-74,90,9.68,-23.34,-62.23
-74,90,10,-22.26,-61.33
-74,90,10.32,-28.572,-68.2
-74,90,10.64,-22.668,-62.68
-74,90,10.96,-24.046,-64.03
-74,90,11.28,-23.546,-63.99
-74,90,11.6,-32.22,-73.09
-74,90,11.92,-22.754,-63.88
-74,90,12.24,-22.044,-64.3
-74,90,12.56,-25.62,-69.69
-74,90,12.88,-22.266,-67.47
-74,90,13.2,-26.16,-72.94
-74,90,13.52,-20.382,-66.39
-74,90,13.84,-20.458,-67.94
-74,90,14.16,-23.326,-71.55
-74,90,14.48,-26.274,-78.1
-74,90,14.8,-21.3,-69.31
-74,90,15.12,-20.07,-66.5
-74,90,15.44,-28.576,-74.89
-74,90,15.76,-26.498,-73.69
-74,90,16.08,-25.712,-73.17
-74,90,16.4,-25.72,-75.53
-74,90,16.72,-29.378,-78.86
-74,90,17.04,-26.306,-77.56
-74,90,17.36,-18.146,-70.79
-74,90,17.68,-32.952,-86.03
-74,90,18,-20.51,-73.32
-73,90,2,-7.1,-28.89
-73,90,2.32,-8.576,-34.23
-73,90,2.64,-9.758,-38.47
-73,90,2.96,-3.438,-31.75
-73,90,3.28,-15.592,-45.61
-73,90,3.6,-15.85,-43.3
-73,90,3.92,-26.992,-54.54
-73,90,4.24,-25.696,-54.72
-73,90,4.56,-12.686,-42.5
-73,90,4.88,-16.83,-46.96
-73,90,5.2,-11.51,-42.93
-73,90,5.52,-21.708,-51.99
-73,90,5.84,-19.932,-51.38
-73,90,6.16,-31.34,-63.38
-73,90,6.48,-18.966,-53.05
-73,90,6.8,-20.43,-53.93
-73,90,7.12,-16.466,-51.06
-73,90,7.44,-13.976,-48.31
-73,90,7.76,-18.088,-53.31
-73,90,8.08,-20.516,-55.32
-73,90,8.4,-25.44,-60.82
-73,90,8.72,-25.858,-63.16
-73,90,9.04,-22.184,-59.97
-73,90,9.36,-20.354,-58.42
-73,90,9.68,-20.18,-59.07
-73,90,10,-21.86,-60.93
-73,90,10.32,-33.152,-72.78
-73,90,10.64,-27.928,-67.94
-73,90,10.96,-22.846,-62.83
-73,90,11.28,-20.356,-60.8
-73,90,11.6,-25.8,-66.67
-73,90,11.92,-21.574,-62.7
-73,90,12.24,-21.374,-63.63
-73,90,12.56,-21.98,-66.05
-73,90,12.88,-24.076,-69.28
-73,90,13.2,-30.48,-77.26
-73,90,13.52,-21.682,-67.69
-73,90,13.84,-19.568,-67.05
-73,90,14.16,-23.296,-71.52
-73,90,14.48,-23.654,-75.48
-73,90,14.8,-24.93,-72.94
-73,90,15.12,-20.55,-66.98
-73,90,15.44,-22.326,-68.64
-73,90,15.76,-19.538,-66.73
-73,90,16.08,-27.182,-74.64
-73,90,16.4,-28.79,-78.6
-73,90,16.72,-33.658,-83.14
-73,90,17.04,-24.766,-76.02
-73,90,17.36,-30.776,-83.42
-73,90,17.68,-32.542,-85.62
-73,90,18,-22.47,-75.28
-72,90,2,-6.94,-28.73
-72,90,2.32,-8.226,-33.88
-72,90,2.64,-9.448,-38.16
-72,90,2.96,-3.258,-31.57
-72,90,3.28,-16.222,-46.24
-72,90,3.6,-15.21,-42.66
-72,90,3.92,-23.742,-51.29
-72,90,4.24,-23.166,-52.19
-72,90,4.56,-12.986,-42.8
-72,90,4.88,-15.54,-45.67
-72,90,5.2,-11.9,-43.32
-72,90,5.52,-18.808,-49.09
-72,90,5.84,-19.462,-50.91
-72,90,6.16,-32.73,-64.77
-72,90,6.48,-17.986,-52.07
-72,90,6.8,-21.72,-55.22
-72,90,7.12,-17.466,-52.06
-72,90,7.44,-14.656,-48.99
-72,90,7.76,-18.168,-53.39
-72,90,8.08,-19.506,-54.31
-72,90,8.4,-21.48,-56.86
-72,90,8.72,-28.258,-65.56
-72,90,9.04,-27.094,-64.88
-72,90,9.36,-23.364,-61.43
-72,90,9.68,-19.62,-58.51
-72,90,10,-24.48,-63.55
-72,90,10.32,-34.522,-74.15
-72,90,10.64,-27.728,-67.74
-72,90,10.96,-21.406,-61.39
-72,90,11.28,-20.736,-61.18
-72,90,11.6,-20.82,-61.69
-72,90,11.92,-18.914,-60.04
-72,90,12.24,-21.984,-64.24
-72,90,12.56,-18.42,-62.49
-72,90,12.88,-24.836,-70.04
-72,90,13.2,-22.06,-68.84
-72,90,13.52,-30.942,-76.95
-72,90,13.84,-21.048,-68.53
-72,90,14.16,-17.126,-65.35
-72,90,14.48,-25.364,-77.19
-72,90,14.8,-30.4,-78.41
-72,90,15.12,-25.12,-71.55
-72,90,15.44,-25.186,-71.5
-72,90,15.76,-21.348,-68.54
-72,90,16.08,-21.632,-69.09
-72,90,16.4,-20.27,-70.08
-72,90,16.72,-22.558,-72.04
-72,90,17.04,-21.706,-72.96
-72,90,17.36,-38.306,-90.95
-72,90,17.68,-20.542,-73.62
-72,90,18,-22.15,-74.96
-71,90,2,-6.77,-28.56
-71,90,2.32,-7.836,-33.49
-71,90,2.64,-9.388,-38.1
-71,90,2.96,-3.178,-31.49
-71,90,3.28,-15.522,-45.54
-71,90,3.6,-14.47,-41.92
-71,90,3.92,-20.372,-47.92
-71,90,4.24,-21.466,-50.49
-71,90,4.56,-12.586,-42.4
-71,90,4.88,-14.59,-44.72
-71,90,5.2,-12.29,-43.71
-71,90,5.52,-18.348,-48.63
-71,90,5.84,-19.952,-51.4
-71,90,6.16,-26.88,-58.92
-71,90,6.48,-16.666,-50.75
-71,90,6.8,-21.14,-54.64
-71,90,7.12,-17.356,-51.95
-71,90,7.44,-16.706,-51.04
-71,90,7.76,-18.378,-53.6
-71,90,8.08,-18.356,-53.16
-71,90,8.4,-18.38,-53.76
-71,90,8.72,-18.898,-56.2
-71,90,9.04,-30.474,-68.26
-71,90,9.36,-25.714,-63.78
-71,90,9.68,-20.82,-59.71
-71,90,10,-22.8,-61.87
-71,90,10.32,-30.062,-69.69
-71,90,10.64,-26.298,-66.31
-71,90,10.96,-24.806,-64.79
-71,90,11.28,-27.696,-68.14
-71,90,11.6,-19.94,-60.81
-71,90,11.92,-18.674,-59.8
-71,90,12.24,-20.664,-62.92
-71,90,12.56,-20.5,-64.57
-71,90,12.88,-25.696,-70.9
-71,90,13.2,-19.53,-66.31
-71,90,13.52,-25.532,-71.54
-71,90,13.84,-24.568,-72.05
-71,90,14.16,-20.976,-69.2
-71,90,14.48,-25.024,-76.85
-71,90,14.8,-18.37,-66.38
-71,90,15.12,-26.09,-72.52
-71,90,15.44,-27.216,-73.53
-71,90,15.76,-25.728,-72.92
-71,90,16.08,-16.912,-64.37
-71,90,16.4,-23.17,-72.98
-71,90,16.72,-23.178,-72.66
-71,90,17.04,-21.536,-72.79
-71,90,17.36,-17.316,-69.96
-71,90,17.68,-23.462,-76.54
-71,90,18,-21.51,-74.32
-70,90,2,-6.68,-28.47
-70,90,2.32,-7.496,-33.15
-70,90,2.64,-9.128,-37.84
-70,90,2.96,-3.278,-31.59
-70,90,3.28,-13.922,-43.94
-70,90,3.6,-13.72,-41.17
-70,90,3.92,-18.152,-45.7
-70,90,4.24,-20.116,-49.14
-70,90,4.56,-11.966,-41.78
-70,90,4.88,-14.36,-44.49
-70,90,5.2,-12.82,-44.24
-70,90,5.52,-18.398,-48.68
-70,90,5.84,-21.132,-52.58
-70,90,6.16,-23.68,-55.72
-70,90,6.48,-15.896,-49.98
-70,90,6.8,-18.78,-52.28
-70,90,7.12,-16.996,-51.59
-70,90,7.44,-19.916,-54.25
-70,90,7.76,-19.458,-54.68
-70,90,8.08,-19.096,-53.9
-70,90,8.4,-16.22,-51.6
-70,90,8.72,-15.118,-52.42
-70,90,9.04,-20.904,-58.69
-70,90,9.36,-21.714,-59.78
-70,90,9.68,-22.3,-61.19
-70,90,10,-22.19,-61.26
-70,90,10.32,-26.912,-66.54
-70,90,10.64,-21.678,-61.69
-70,90,10.96,-24.116,-64.1
-70,90,11.28,-22.116,-62.56
-70,90,11.6,-20.74,-61.61
-70,90,11.92,-19.984,-61.11
-70,90,12.24,-17.984,-60.24
-70,90,12.56,-21.39,-65.46
-70,90,12.88,-24.946,-70.15
-70,90,13.2,-19.91,-66.69
-70,90,13.52,-17.182,-63.19
-70,90,13.84,-19.528,-67.01
-70,90,14.16,-18.636,-66.86
-70,90,14.48,-17.144,-68.97
-70,90,14.8,-21.12,-69.13
-70,90,15.12,-17.12,-63.55
-70,90,15.44,-30.356,-76.67
-70,90,15.76,-30.778,-77.97
-70,90,16.08,-25.582,-73.04
-70,90,16.4,-24.26,-74.07
-70,90,16.72,-22.578,-72.06
-70,90,17.04,-13.166,-64.42
-70,90,17.36,-24.756,-77.4
-70,90,17.68,-20.282,-73.36
-70,90,18,-30.98,-83.79
-69,90,2,-6.62,-28.41
-69,90,2.32,-7.116,-32.77
-69,90,2.64,-8.868,-37.58
-69,90,2.96,-3.338,-31.65
-69,90,3.28,-12.392,-42.41
-69,90,3.6,-13.11,-40.56
-69,90,3.92,-16.422,-43.97
-69,90,4.24,-19.466,-48.49
-69,90,4.56,-11.016,-40.83
-69,90,4.88,-14.7,-44.83
-69,90,5.2,-13.07,-44.49
-69,90,5.52,-18.728,-49.01
-69,90,5.84,-22.792,-54.24
-69,90,6.16,-22.03,-54.07
-69,90,6.48,-15.486,-49.57
-69,90,6.8,-17.04,-50.54
-69,90,7.12,-15.706,-50.3
-69,90,7.44,-23.576,-57.91
-69,90,7.76,-20.538,-55.76
-69,90,8.08,-20.066,-54.87
-69,90,8.4,-15.96,-51.34
-69,90,8.72,-12.668,-49.97
-69,90,9.04,-16.094,-53.88
-69,90,9.36,-19.664,-57.73
-69,90,9.68,-22.47,-61.36
-69,90,10,-18.22,-57.29
-69,90,10.32,-22.192,-61.82
-69,90,10.64,-21.138,-61.15
-69,90,10.96,-23.306,-63.29
-69,90,11.28,-18.286,-58.73
-69,90,11.6,-24.61,-65.48
-69,90,11.92,-18.934,-60.06
-69,90,12.24,-18.384,-60.64
-69,90,12.56,-18.94,-63.01
-69,90,12.88,-19.876,-65.08
-69,90,13.2,-18.54,-65.32
-69,90,13.52,-21.332,-67.34
-69,90,13.84,-17.728,-65.21
-69,90,14.16,-17.186,-65.41
-69,90,14.48,-20.864,-72.69
-69,90,14.8,-24.27,-72.28
-69,90,15.12,-16.07,-62.5
-69,90,15.44,-19.796,-66.11
-69,90,15.76,-18.948,-66.14
-69,90,16.08,-26.402,-73.86
-69,90,16.4,-17.3,-67.11
-69,90,16.72,-22.088,-71.57
-69,90,17.04,-19.506,-70.76
-69,90,17.36,-23.336,-75.98
-69,90,17.68,-23.002,-76.08
-69,90,18,-19.59,-72.4
-68,90,2,-6.58,-28.37
-68,90,2.32,-6.916,-32.57
-68,90,2.64,-8.778,-37.49
-68,90,2.96,-3.468,-31.78
-68,90,3.28,-11.112,-41.13
-68,90,3.6,-12.55,-40
-68,90,3.92,-15.422,-42.97
-68,90,4.24,-18.536,-47.56
-68,90,4.56,-9.856,-39.67
-68,90,4.88,-15.41,-45.54
-68,90,5.2,-12.13,-43.55
-68,90,5.52,-19.118,-49.4
-68,90,5.84,-23.412,-54.86
-68,90,6.16,-21.44,-53.48
-68,90,6.48,-14.996,-49.08
-68,90,6.8,-15.69,-49.19
-68,90,7.12,-14.236,-48.83
-68,90,7.44,-19.516,-53.85
-68,90,7.76,-19.278,-54.5
-68,90,8.08,-19.916,-54.72
-68,90,8.4,-17.59,-52.97
-68,90,8.72,-12.268,-49.57
-68,90,9.04,-14.034,-51.82
-68,90,9.36,-16.974,-55.04
-68,90,9.68,-19.84,-58.73
-68,90,10,-19.51,-58.58
-68,90,10.32,-27.032,-66.66
-68,90,10.64,-20.588,-60.6
-68,90,10.96,-18.676,-58.66
-68,90,11.28,-16.856,-57.3
-68,90,11.6,-19.73,-60.6
-68,90,11.92,-18.314,-59.44
-68,90,12.24,-18.994,-61.25
-68,90,12.56,-20.4,-64.47
-68,90,12.88,-19.686,-64.89
-68,90,13.2,-26.91,-73.69
-68,90,13.52,-24.442,-70.45
-68,90,13.84,-21.578,-69.06
-68,90,14.16,-14.916,-63.14
-68,90,14.48,-22.104,-73.93
-68,90,14.8,-22.7,-70.71
-68,90,15.12,-16.27,-62.7
-68,90,15.44,-20.256,-66.57
-68,90,15.76,-16.378,-63.57
-68,90,16.08,-16.892,-64.35
-68,90,16.4,-23.06,-72.87
-68,90,16.72,-17.118,-66.6
-68,90,17.04,-14.046,-65.3
-68,90,17.36,-21.266,-73.91
-68,90,17.68,-20.532,-73.61
-68,90,18,-22.56,-75.37
-67,90,2,-6.6,-28.39
-67,90,2.32,-6.636,-32.29
-67,90,2.64,-8.438,-37.15
-67,90,2.96,-3.378,-31.69
-67,90,3.28,-9.782,-39.8
-67,90,3.6,-12.45,-39.9
-67,90,3.92,-14.602,-42.15
-67,90,4.24,-18.616,-47.64
-67,90,4.56,-9.116,-38.93
-67,90,4.88,-15.6,-45.73
-67,90,5.2,-10.82,-42.24
-67,90,5.52,-19.588,-49.87
-67,90,5.84,-21.682,-53.13
-67,90,6.16,-21.78,-53.82
-67,90,6.48,-14.606,-48.69
-67,90,6.8,-15.5,-49
-67,90,7.12,-13.766,-48.36
-67,90,7.44,-15.916,-50.25
-67,90,7.76,-16.838,-52.06
-67,90,8.08,-18.596,-53.4
-67,90,8.4,-18.69,-54.07
-67,90,8.72,-12.408,-49.71
-67,90,9.04,-14.424,-52.21
-67,90,9.36,-17.494,-55.56
-67,90,9.68,-19.27,-58.16
-67,90,10,-19.74,-58.81
-67,90,10.32,-17.992,-57.62
-67,90,10.64,-23.908,-63.92
-67,90,10.96,-17.286,-57.27
-67,90,11.28,-16.856,-57.3
-67,90,11.6,-20.46,-61.33
-67,90,11.92,-20.194,-61.32
-67,90,12.24,-17.654,-59.91
-67,90,12.56,-18.91,-62.98
-67,90,12.88,-25.156,-70.36
-67,90,13.2,-24.46,-71.24
-67,90,13.52,-22.612,-68.62
-67,90,13.84,-14.718,-62.2
-67,90,14.16,-14.426,-62.65
-67,90,14.48,-19.164,-70.99
-67,90,14.8,-42.64,-90.65
-67,90,15.12,-24.92,-71.35
-67,90,15.44,-19.546,-65.86
-67,90,15.76,-17.188,-64.38
-67,90,16.08,-17.632,-65.09
-67,90,16.4,-20.63,-70.44
-67,90,16.72,-16.778,-66.26
-67,90,17.04,-18.646,-69.9
-67,90,17.36,-22.876,-75.52
-67,90,17.68,-21.622,-74.7
-67,90,18,-25.87,-78.68
-66,90,2,-6.59,-28.38
-66,90,2.32,-6.426,-32.08
-66,90,2.64,-7.898,-36.61
-66,90,2.96,-3.248,-31.56
-66,90,3.28,-8.602,-38.62
-66,90,3.6,-12.06,-39.51
-66,90,3.92,-14.032,-41.58
-66,90,4.24,-18.286,-47.31
-66,90,4.56,-8.396,-38.21
-66,90,4.88,-15.61,-45.74
-66,90,5.2,-9.69,-41.11
-66,90,5.52,-19.398,-49.68
-66,90,5.84,-19.942,-51.39
-66,90,6.16,-22.51,-54.55
-66,90,6.48,-14.116,-48.2
-66,90,6.8,-14.86,-48.36
-66,90,7.12,-13.436,-48.03
-66,90,7.44,-13.966,-48.3
-66,90,7.76,-15.818,-51.04
-66,90,8.08,-16.976,-51.78
-66,90,8.4,-20.13,-55.51
-66,90,8.72,-13.128,-50.43
-66,90,9.04,-15.494,-53.28
-66,90,9.36,-18.374,-56.44
-66,90,9.68,-18.88,-57.77
-66,90,10,-18.12,-57.19
-66,90,10.32,-17.922,-57.55
-66,90,10.64,-21.348,-61.36
-66,90,10.96,-17.796,-57.78
-66,90,11.28,-18.286,-58.73
-66,90,11.6,-19.74,-60.61
-66,90,11.92,-18.094,-59.22
-66,90,12.24,-18.234,-60.49
-66,90,12.56,-19.36,-63.43
-66,90,12.88,-25.546,-70.75
-66,90,13.2,-18.25,-65.03
-66,90,13.52,-23.282,-69.29
-66,90,13.84,-14.208,-61.69
-66,90,14.16,-14.076,-62.3
-66,90,14.48,-17.634,-69.46
-66,90,14.8,-30.57,-78.58
-66,90,15.12,-15.57,-62
-66,90,15.44,-24.486,-70.8
-66,90,15.76,-17.738,-64.93
-66,90,16.08,-19.792,-67.25
-66,90,16.4,-28.27,-78.08
-66,90,16.72,-20.618,-70.1
-66,90,17.04,-46.036,-97.29
-66,90,17.36,-24.296,-76.94
-66,90,17.68,-21.362,-74.44
-66,90,18,-20.55,-73.36
-65,90,2,-6.52,-28.31
-65,90,2.32,-6.286,-31.94
-65,90,2.64,-7.588,-36.3
-65,90,2.96,-2.968,-31.28
-65,90,3.28,-8.04200000000001,-38.06
-65,90,3.6,-11.55,-39
-65,90,3.92,-13.832,-41.38
-65,90,4.24,-18.976,-48
-65,90,4.56,-7.916,-37.73
-65,90,4.88,-14.97,-45.1
-65,90,5.2,-9.13,-40.55
-65,90,5.52,-19.648,-49.93
-65,90,5.84,-17.492,-48.94
-65,90,6.16,-23.53,-55.57
-65,90,6.48,-13.126,-47.21
-65,90,6.8,-15.35,-48.85
-65,90,7.12,-13.326,-47.92
-65,90,7.44,-12.146,-46.48
-65,90,7.76,-15.008,-50.23
-65,90,8.08,-14.476,-49.28
-65,90,8.4,-18.38,-53.76
-65,90,8.72,-12.188,-49.49
-65,90,9.04,-15.544,-53.33
-65,90,9.36,-14.384,-52.45
-65,90,9.68,-16.57,-55.46
-65,90,10,-14.4,-53.47
-65,90,10.32,-18.442,-58.07
-65,90,10.64,-21.938,-61.95
-65,90,10.96,-17.796,-57.78
-65,90,11.28,-21.126,-61.57
-65,90,11.6,-18.91,-59.78
-65,90,11.92,-19.794,-60.92
-65,90,12.24,-16.174,-58.43
-65,90,12.56,-22.1,-66.17
-65,90,12.88,-24.826,-70.03
-65,90,13.2,-18.39,-65.17
-65,90,13.52,-17.722,-63.73
-65,90,13.84,-15.258,-62.74
-65,90,14.16,-15.956,-64.18
-65,90,14.48,-15.594,-67.42
-65,90,14.8,-26.35,-74.36
-65,90,15.12,-15.04,-61.47
-65,90,15.44,-16.336,-62.65
-65,90,15.76,-15.768,-62.96
-65,90,16.08,-18.712,-66.17
-65,90,16.4,-25.82,-75.63
-65,90,16.72,-17.718,-67.2
-65,90,17.04,-21.266,-72.52
-65,90,17.36,-27.496,-80.14
-65,90,17.68,-32.122,-85.2
-65,90,18,-16.58,-69.39
-64,90,2,-6.54,-28.33
-64,90,2.32,-6.076,-31.73
-64,90,2.64,-7.088,-35.8
-64,90,2.96,-2.608,-30.92
-64,90,3.28,-7.282,-37.3
-64,90,3.6,-10.93,-38.38
-64,90,3.92,-13.562,-41.11
-64,90,4.24,-18.896,-47.92
-64,90,4.56,-7.566,-37.38
-64,90,4.88,-13.73,-43.86
-64,90,5.2,-8.16,-39.58
-64,90,5.52,-18.838,-49.12
-64,90,5.84,-16.322,-47.77
-64,90,6.16,-22.89,-54.93
-64,90,6.48,-12.616,-46.7
-64,90,6.8,-15.61,-49.11
-64,90,7.12,-13.196,-47.79
-64,90,7.44,-11.716,-46.05
-64,90,7.76,-14.848,-50.07
-64,90,8.08,-12.566,-47.37
-64,90,8.4,-16.64,-52.02
-64,90,8.72,-10.678,-47.98
-64,90,9.04,-16.604,-54.39
-64,90,9.36,-13.794,-51.86
-64,90,9.68,-17.5,-56.39
-64,90,10,-14.25,-53.32
-64,90,10.32,-17.862,-57.49
-64,90,10.64,-18.808,-58.82
-64,90,10.96,-18.776,-58.76
-64,90,11.28,-19.816,-60.26
-64,90,11.6,-20.19,-61.06
-64,90,11.92,-19.484,-60.61
-64,90,12.24,-15.224,-57.48
-64,90,12.56,-18.27,-62.34
-64,90,12.88,-17.376,-62.58
-64,90,13.2,-19.89,-66.67
-64,90,13.52,-16.972,-62.98
-64,90,13.84,-18.908,-66.39
-64,90,14.16,-15.326,-63.55
-64,90,14.48,-13.824,-65.65
-64,90,14.8,-18.73,-66.74
-64,90,15.12,-14.07,-60.5
-64,90,15.44,-15.656,-61.97
-64,90,15.76,-14.838,-62.03
-64,90,16.08,-18.452,-65.91
-64,90,16.4,-20.09,-69.9
-64,90,16.72,-20.908,-70.39
-64,90,17.04,-13.376,-64.63
-64,90,17.36,-19.196,-71.84
-64,90,17.68,-25.572,-78.65
-64,90,18,-30.31,-83.12
-63,90,2,-6.58,-28.37
-63,90,2.32,-5.926,-31.58
-63,90,2.64,-6.848,-35.56
-63,90,2.96,-1.988,-30.3
-63,90,3.28,-6.762,-36.78
-63,90,3.6,-10.26,-37.71
-63,90,3.92,-13.462,-41.01
-63,90,4.24,-18.916,-47.94
-63,90,4.56,-7.236,-37.05
-63,90,4.88,-12.43,-42.56
-63,90,5.2,-8.01,-39.43
-63,90,5.52,-18.698,-48.98
-63,90,5.84,-16.102,-47.55
-63,90,6.16,-21.92,-53.96
-63,90,6.48,-12.356,-46.44
-63,90,6.8,-15.85,-49.35
-63,90,7.12,-12.606,-47.2
-63,90,7.44,-11.786,-46.12
-63,90,7.76,-15.158,-50.38
-63,90,8.08,-11.356,-46.16
-63,90,8.4,-14.57,-49.95
-63,90,8.72,-9.208,-46.51
-63,90,9.04,-14.824,-52.61
-63,90,9.36,-12.014,-50.08
-63,90,9.68,-17.27,-56.16
-63,90,10,-13.48,-52.55
-63,90,10.32,-19.182,-58.81
-63,90,10.64,-17.138,-57.15
-63,90,10.96,-18.376,-58.36
-63,90,11.28,-17.356,-57.8
-63,90,11.6,-21.19,-62.06
-63,90,11.92,-18.774,-59.9
-63,90,12.24,-18.174,-60.43
-63,90,12.56,-17.98,-62.05
-63,90,12.88,-19.476,-64.68
-63,90,13.2,-19.94,-66.72
-63,90,13.52,-20.782,-66.79
-63,90,13.84,-18.418,-65.9
-63,90,14.16,-15.686,-63.91
-63,90,14.48,-16.804,-68.63
-63,90,14.8,-20.24,-68.25
-63,90,15.12,-14.59,-61.02
-63,90,15.44,-17.826,-64.14
-63,90,15.76,-14.908,-62.1
-63,90,16.08,-16.832,-64.29
-63,90,16.4,-17.15,-66.96
-63,90,16.72,-18.638,-68.12
-63,90,17.04,-14.426,-65.68
-63,90,17.36,-22.456,-75.1
-63,90,17.68,-20.482,-73.56
-63,90,18,-29.3,-82.11
-62,90,2,-6.41,-28.2
-62,90,2.32,-5.786,-31.44
-62,90,2.64,-6.488,-35.2
-62,90,2.96,-1.488,-29.8
-62,90,3.28,-6.472,-36.49
-62,90,3.6,-9.46,-36.91
-62,90,3.92,-12.652,-40.2
-62,90,4.24,-18.586,-47.61
-62,90,4.56,-6.966,-36.78
-62,90,4.88,-11.29,-41.42
-62,90,5.2,-7.48,-38.9
-62,90,5.52,-18.828,-49.11
-62,90,5.84,-16.062,-47.51
-62,90,6.16,-21.04,-53.08
-62,90,6.48,-12.096,-46.18
-62,90,6.8,-15.06,-48.56
-62,90,7.12,-12.396,-46.99
-62,90,7.44,-12.876,-47.21
-62,90,7.76,-14.628,-49.85
-62,90,8.08,-11.426,-46.23
-62,90,8.4,-13.89,-49.27
-62,90,8.72,-8.178,-45.48
-62,90,9.04,-14.484,-52.27
-62,90,9.36,-11.804,-49.87
-62,90,9.68,-18.43,-57.32
-62,90,10,-14.92,-53.99
-62,90,10.32,-18.012,-57.64
-62,90,10.64,-15.638,-55.65
-62,90,10.96,-17.786,-57.77
-62,90,11.28,-17.296,-57.74
-62,90,11.6,-19.19,-60.06
-62,90,11.92,-18.314,-59.44
-62,90,12.24,-18.064,-60.32
-62,90,12.56,-17.78,-61.85
-62,90,12.88,-24.986,-70.19
-62,90,13.2,-21.08,-67.86
-62,90,13.52,-19.252,-65.26
-62,90,13.84,-18.168,-65.65
-62,90,14.16,-14.346,-62.57
-62,90,14.48,-18.714,-70.54
-62,90,14.8,-17.16,-65.17
-62,90,15.12,-14,-60.43
-62,90,15.44,-17.646,-63.96
-62,90,15.76,-16.388,-63.58
-62,90,16.08,-13.132,-60.59
-62,90,16.4,-20.34,-70.15
-62,90,16.72,-22.258,-71.74
-62,90,17.04,-18.156,-69.41
-62,90,17.36,-23.726,-76.37
-62,90,17.68,-18.092,-71.17
-62,90,18,-35.73,-88.54
-61,90,2,-6.31,-28.1
-61,90,2.32,-5.496,-31.15
-61,90,2.64,-6.058,-34.77
-61,90,2.96,-0.948000000000004,-29.26
-61,90,3.28,-6.32200000000001,-36.34
-61,90,3.6,-8.57,-36.02
-61,90,3.92,-12.252,-39.8
-61,90,4.24,-18.366,-47.39
-61,90,4.56,-6.566,-36.38
-61,90,4.88,-10.2,-40.33
-61,90,5.2,-7.11,-38.53
-61,90,5.52,-18.168,-48.45
-61,90,5.84,-17.002,-48.45
-61,90,6.16,-20.58,-52.62
-61,90,6.48,-11.786,-45.87
-61,90,6.8,-14.11,-47.61
-61,90,7.12,-11.776,-46.37
-61,90,7.44,-13.986,-48.32
-61,90,7.76,-14.788,-50.01
-61,90,8.08,-11.756,-46.56
-61,90,8.4,-13.54,-48.92
-61,90,8.72,-7.938,-45.24
-61,90,9.04,-12.384,-50.17
-61,90,9.36,-12.014,-50.08
-61,90,9.68,-17.9,-56.79
-61,90,10,-16.32,-55.39
-61,90,10.32,-18.912,-58.54
-61,90,10.64,-16.618,-56.63
-61,90,10.96,-16.696,-56.68
-61,90,11.28,-17.166,-57.61
-61,90,11.6,-16.83,-57.7
-61,90,11.92,-17.524,-58.65
-61,90,12.24,-17.684,-59.94
-61,90,12.56,-18.22,-62.29
-61,90,12.88,-18.816,-64.02
-61,90,13.2,-18.64,-65.42
-61,90,13.52,-20.472,-66.48
-61,90,13.84,-18.658,-66.14
-61,90,14.16,-15.496,-63.72
-61,90,14.48,-13.624,-65.45
-61,90,14.8,-18.61,-66.62
-61,90,15.12,-14.64,-61.07
-61,90,15.44,-18.586,-64.9
-61,90,15.76,-20.698,-67.89
-61,90,16.08,-16.292,-63.75
-61,90,16.4,-17.7,-67.51
-61,90,16.72,-25.818,-75.3
-61,90,17.04,-16.046,-67.3
-61,90,17.36,-27.476,-80.12
-61,90,17.68,-21.552,-74.63
-61,90,18,-27.48,-80.29
-60,90,2,-6.14,-27.93
-60,90,2.32,-5.256,-30.91
-60,90,2.64,-5.808,-34.52
-60,90,2.96,-0.508000000000003,-28.82
-60,90,3.28,-6.212,-36.23
-60,90,3.6,-7.68,-35.13
-60,90,3.92,-11.282,-38.83
-60,90,4.24,-17.236,-46.26
-60,90,4.56,-6.336,-36.15
-60,90,4.88,-9.13,-39.26
-60,90,5.2,-6.77,-38.19
-60,90,5.52,-17.578,-47.86
-60,90,5.84,-17.692,-49.14
-60,90,6.16,-20.09,-52.13
-60,90,6.48,-11.806,-45.89
-60,90,6.8,-13.05,-46.55
-60,90,7.12,-11.596,-46.19
-60,90,7.44,-13.546,-47.88
-60,90,7.76,-15.018,-50.24
-60,90,8.08,-12.416,-47.22
-60,90,8.4,-13.43,-48.81
-60,90,8.72,-7.998,-45.3
-60,90,9.04,-11.674,-49.46
-60,90,9.36,-12.674,-50.74
-60,90,9.68,-17.14,-56.03
-60,90,10,-14.76,-53.83
-60,90,10.32,-19.312,-58.94
-60,90,10.64,-17.048,-57.06
-60,90,10.96,-16.476,-56.46
-60,90,11.28,-17.106,-57.55
-60,90,11.6,-17.47,-58.34
-60,90,11.92,-19.704,-60.83
-60,90,12.24,-16.704,-58.96
-60,90,12.56,-18.55,-62.62
-60,90,12.88,-16.556,-61.76
-60,90,13.2,-17.24,-64.02
-60,90,13.52,-19.352,-65.36
-60,90,13.84,-17.358,-64.84
-60,90,14.16,-18.176,-66.4
-60,90,14.48,-13.974,-65.8
-60,90,14.8,-17.39,-65.4
-60,90,15.12,-13.56,-59.99
-60,90,15.44,-16.646,-62.96
-60,90,15.76,-18.678,-65.87
-60,90,16.08,-15.902,-63.36
-60,90,16.4,-17.32,-67.13
-60,90,16.72,-21.448,-70.93
-60,90,17.04,-21.586,-72.84
-60,90,17.36,-35.426,-88.07
-60,90,17.68,-23.952,-77.03
-60,90,18,-17.72,-70.53
-59,90,2,-5.92,-27.71
-59,90,2.32,-4.886,-30.54
-59,90,2.64,-5.478,-34.19
-59,90,2.96,0.00199999999999889,-28.31
-59,90,3.28,-6.262,-36.28
-59,90,3.6,-6.88,-34.33
-59,90,3.92,-10.232,-37.78
-59,90,4.24,-15.786,-44.81
-59,90,4.56,-5.926,-35.74
-59,90,4.88,-8.44,-38.57
-59,90,5.2,-6.41,-37.83
-59,90,5.52,-16.668,-46.95
-59,90,5.84,-17.802,-49.25
-59,90,6.16,-18.87,-50.91
-59,90,6.48,-11.296,-45.38
-59,90,6.8,-12.24,-45.74
-59,90,7.12,-11.366,-45.96
-59,90,7.44,-12.336,-46.67
-59,90,7.76,-14.148,-49.37
-59,90,8.08,-12.726,-47.53
-59,90,8.4,-13.54,-48.92
-59,90,8.72,-8.928,-46.23
-59,90,9.04,-11.104,-48.89
-59,90,9.36,-12.944,-51.01
-59,90,9.68,-14.55,-53.44
-59,90,10,-14.78,-53.85
-59,90,10.32,-19.372,-59
-59,90,10.64,-17.798,-57.81
-59,90,10.96,-17.266,-57.25
-59,90,11.28,-15.566,-56.01
-59,90,11.6,-17.32,-58.19
-59,90,11.92,-21.364,-62.49
-59,90,12.24,-18.144,-60.4
-59,90,12.56,-18.69,-62.76
-59,90,12.88,-18.776,-63.98
-59,90,13.2,-15.78,-62.56
-59,90,13.52,-20.752,-66.76
-59,90,13.84,-15.018,-62.5
-59,90,14.16,-13.326,-61.55
-59,90,14.48,-18.254,-70.08
-59,90,14.8,-22.18,-70.19
-59,90,15.12,-18,-64.43
-59,90,15.44,-17.386,-63.7
-59,90,15.76,-16.368,-63.56
-59,90,16.08,-14.242,-61.7
-59,90,16.4,-18.26,-68.07
-59,90,16.72,-29.098,-78.58
-59,90,17.04,-17.756,-69.01
-59,90,17.36,-18.646,-71.29
-59,90,17.68,-24.572,-77.65
-59,90,18,-14.71,-67.52
-58,90,2,-5.65,-27.44
-58,90,2.32,-4.446,-30.1
-58,90,2.64,-5.148,-33.86
-58,90,2.96,0.361999999999998,-27.95
-58,90,3.28,-5.942,-35.96
-58,90,3.6,-6.05,-33.5
-58,90,3.92,-9.202,-36.75
-58,90,4.24,-14.546,-43.57
-58,90,4.56,-5.386,-35.2
-58,90,4.88,-7.7,-37.83
-58,90,5.2,-6.26,-37.68
-58,90,5.52,-15.768,-46.05
-58,90,5.84,-16.732,-48.18
-58,90,6.16,-19.13,-51.17
-58,90,6.48,-11.326,-45.41
-58,90,6.8,-12.02,-45.52
-58,90,7.12,-10.966,-45.56
-58,90,7.44,-11.716,-46.05
-58,90,7.76,-13.668,-48.89
-58,90,8.08,-11.956,-46.76
-58,90,8.4,-13.63,-49.01
-58,90,8.72,-9.118,-46.42
-58,90,9.04,-11.244,-49.03
-58,90,9.36,-13.004,-51.07
-58,90,9.68,-13.21,-52.1
-58,90,10,-14.29,-53.36
-58,90,10.32,-18.942,-58.57
-58,90,10.64,-15.288,-55.3
-58,90,10.96,-18.056,-58.04
-58,90,11.28,-15.856,-56.3
-58,90,11.6,-18.31,-59.18
-58,90,11.92,-23.134,-64.26
-58,90,12.24,-21.214,-63.47
-58,90,12.56,-20.17,-64.24
-58,90,12.88,-17.896,-63.1
-58,90,13.2,-24.36,-71.14
-58,90,13.52,-19.732,-65.74
-58,90,13.84,-16.978,-64.46
-58,90,14.16,-16.166,-64.39
-58,90,14.48,-15.984,-67.81
-58,90,14.8,-20.02,-68.03
-58,90,15.12,-15.96,-62.39
-58,90,15.44,-18.086,-64.4
-58,90,15.76,-17.228,-64.42
-58,90,16.08,-13.122,-60.58
-58,90,16.4,-14.67,-64.48
-58,90,16.72,-22.448,-71.93
-58,90,17.04,-15.346,-66.6
-58,90,17.36,-20.376,-73.02
-58,90,17.68,-26.432,-79.51
-58,90,18,-18.86,-71.67
-57,90,2,-5.34,-27.13
-57,90,2.32,-4.056,-29.71
-57,90,2.64,-4.918,-33.63
-57,90,2.96,0.751999999999999,-27.56
-57,90,3.28,-5.43200000000001,-35.45
-57,90,3.6,-5.44,-32.89
-57,90,3.92,-8.152,-35.7
-57,90,4.24,-13.356,-42.38
-57,90,4.56,-4.836,-34.65
-57,90,4.88,-7.22,-37.35
-57,90,5.2,-6.03,-37.45
-57,90,5.52,-14.278,-44.56
-57,90,5.84,-15.602,-47.05
-57,90,6.16,-18.21,-50.25
-57,90,6.48,-11.206,-45.29
-57,90,6.8,-12.42,-45.92
-57,90,7.12,-10.526,-45.12
-57,90,7.44,-10.556,-44.89
-57,90,7.76,-13.468,-48.69
-57,90,8.08,-11.766,-46.57
-57,90,8.4,-13.58,-48.96
-57,90,8.72,-8.558,-45.86
-57,90,9.04,-12.204,-49.99
-57,90,9.36,-11.864,-49.93
-57,90,9.68,-13.44,-52.33
-57,90,10,-13.04,-52.11
-57,90,10.32,-18.852,-58.48
-57,90,10.64,-14.408,-54.42
-57,90,10.96,-18.726,-58.71
-57,90,11.28,-15.066,-55.51
-57,90,11.6,-17.24,-58.11
-57,90,11.92,-22.414,-63.54
-57,90,12.24,-20.244,-62.5
-57,90,12.56,-19.23,-63.3
-57,90,12.88,-20.356,-65.56
-57,90,13.2,-27.23,-74.01
-57,90,13.52,-18.892,-64.9
-57,90,13.84,-16.998,-64.48
-57,90,14.16,-16.716,-64.94
-57,90,14.48,-18.474,-70.3
-57,90,14.8,-21.7,-69.71
-57,90,15.12,-14.51,-60.94
-57,90,15.44,-19.246,-65.56
-57,90,15.76,-15.968,-63.16
-57,90,16.08,-14.012,-61.47
-57,90,16.4,-17.78,-67.59
-57,90,16.72,-21.798,-71.28
-57,90,17.04,-15.346,-66.6
-57,90,17.36,-20.076,-72.72
-57,90,17.68,-22.902,-75.98
-57,90,18,-25,-77.81
-56,90,2,-4.98,-26.77
-56,90,2.32,-3.606,-29.26
-56,90,2.64,-4.488,-33.2
-56,90,2.96,1.082,-27.23
-56,90,3.28,-4.652,-34.67
-56,90,3.6,-4.87,-32.32
-56,90,3.92,-7.062,-34.61
-56,90,4.24,-11.996,-41.02
-56,90,4.56,-4.086,-33.9
-56,90,4.88,-6.37,-36.5
-56,90,5.2,-6.09,-37.51
-56,90,5.52,-13.458,-43.74
-56,90,5.84,-13.962,-45.41
-56,90,6.16,-17.37,-49.41
-56,90,6.48,-11.056,-45.14
-56,90,6.8,-12.77,-46.27
-56,90,7.12,-10.316,-44.91
-56,90,7.44,-11.226,-45.56
-56,90,7.76,-14.998,-50.22
-56,90,8.08,-11.816,-46.62
-56,90,8.4,-13.44,-48.82
-56,90,8.72,-8.168,-45.47
-56,90,9.04,-11.384,-49.17
-56,90,9.36,-11.314,-49.38
-56,90,9.68,-13.16,-52.05
-56,90,10,-13.15,-52.22
-56,90,10.32,-18.602,-58.23
-56,90,10.64,-14.498,-54.51
-56,90,10.96,-17.926,-57.91
-56,90,11.28,-15.316,-55.76
-56,90,11.6,-19.88,-60.75
-56,90,11.92,-20.054,-61.18
-56,90,12.24,-15.714,-57.97
-56,90,12.56,-18.6,-62.67
-56,90,12.88,-22.946,-68.15
-56,90,13.2,-19.11,-65.89
-56,90,13.52,-18.922,-64.93
-56,90,13.84,-16.278,-63.76
-56,90,14.16,-14.436,-62.66
-56,90,14.48,-21.034,-72.86
-56,90,14.8,-23.74,-71.75
-56,90,15.12,-14.69,-61.12
-56,90,15.44,-17.316,-63.63
-56,90,15.76,-11.708,-58.9
-56,90,16.08,-15.832,-63.29
-56,90,16.4,-12.77,-62.58
-56,90,16.72,-18.978,-68.46
-56,90,17.04,-14.856,-66.11
-56,90,17.36,-21.726,-74.37
-56,90,17.68,-23.982,-77.06
-56,90,18,-19.74,-72.55
-55,90,2,-4.67,-26.46
-55,90,2.32,-3.186,-28.84
-55,90,2.64,-4.218,-32.93
-55,90,2.96,1.462,-26.85
-55,90,3.28,-3.75200000000001,-33.77
-55,90,3.6,-4.51,-31.96
-55,90,3.92,-6.222,-33.77
-55,90,4.24,-11.056,-40.08
-55,90,4.56,-3.516,-33.33
-55,90,4.88,-5.89,-36.02
-55,90,5.2,-5.96,-37.38
-55,90,5.52,-13.028,-43.31
-55,90,5.84,-12.972,-44.42
-55,90,6.16,-17.08,-49.12
-55,90,6.48,-11.006,-45.09
-55,90,6.8,-14.35,-47.85
-55,90,7.12,-10.676,-45.27
-55,90,7.44,-12.126,-46.46
-55,90,7.76,-15.378,-50.6
-55,90,8.08,-11.486,-46.29
-55,90,8.4,-11.94,-47.32
-55,90,8.72,-8.008,-45.31
-55,90,9.04,-9.904,-47.69
-55,90,9.36,-10.644,-48.71
-55,90,9.68,-13.34,-52.23
-55,90,10,-11.96,-51.03
-55,90,10.32,-18.612,-58.24
-55,90,10.64,-14.528,-54.54
-55,90,10.96,-15.686,-55.67
-55,90,11.28,-15.166,-55.61
-55,90,11.6,-19.61,-60.48
-55,90,11.92,-21.164,-62.29
-55,90,12.24,-16.754,-59.01
-55,90,12.56,-21.19,-65.26
-55,90,12.88,-20.926,-66.13
-55,90,13.2,-19.46,-66.24
-55,90,13.52,-18.032,-64.04
-55,90,13.84,-19.378,-66.86
-55,90,14.16,-15.306,-63.53
-55,90,14.48,-17.174,-69
-55,90,14.8,-22.32,-70.33
-55,90,15.12,-14.63,-61.06
-55,90,15.44,-15.306,-61.62
-55,90,15.76,-13.578,-60.77
-55,90,16.08,-14.112,-61.57
-55,90,16.4,-16.27,-66.08
-55,90,16.72,-17.118,-66.6
-55,90,17.04,-13.926,-65.18
-55,90,17.36,-16.426,-69.07
-55,90,17.68,-23.982,-77.06
-55,90,18,-24.4,-77.21
-54,90,2,-4.28,-26.07
-54,90,2.32,-2.686,-28.34
-54,90,2.64,-3.888,-32.6
-54,90,2.96,1.742,-26.57
-54,90,3.28,-2.82200000000001,-32.84
-54,90,3.6,-4.17,-31.62
-54,90,3.92,-5.352,-32.9
-54,90,4.24,-10.086,-39.11
-54,90,4.56,-2.676,-32.49
-54,90,4.88,-5.41999999999999,-35.55
-54,90,5.2,-5.83,-37.25
-54,90,5.52,-12.458,-42.74
-54,90,5.84,-11.902,-43.35
-54,90,6.16,-16.75,-48.79
-54,90,6.48,-10.836,-44.92
-54,90,6.8,-14.57,-48.07
-54,90,7.12,-10.776,-45.37
-54,90,7.44,-13.646,-47.98
-54,90,7.76,-16.128,-51.35
-54,90,8.08,-11.356,-46.16
-54,90,8.4,-11.98,-47.36
-54,90,8.72,-7.598,-44.9
-54,90,9.04,-9.434,-47.22
-54,90,9.36,-10.974,-49.04
-54,90,9.68,-12.76,-51.65
-54,90,10,-12.05,-51.12
-54,90,10.32,-16.912,-56.54
-54,90,10.64,-14.518,-54.53
-54,90,10.96,-15.576,-55.56
-54,90,11.28,-17.086,-57.53
-54,90,11.6,-18.53,-59.4
-54,90,11.92,-21.734,-62.86
-54,90,12.24,-15.094,-57.35
-54,90,12.56,-22.42,-66.49
-54,90,12.88,-18.176,-63.38
-54,90,13.2,-20.24,-67.02
-54,90,13.52,-18.512,-64.52
-54,90,13.84,-19.058,-66.54
-54,90,14.16,-14.776,-63
-54,90,14.48,-13.644,-65.47
-54,90,14.8,-23.88,-71.89
-54,90,15.12,-12.8,-59.23
-54,90,15.44,-16.436,-62.75
-54,90,15.76,-14.218,-61.41
-54,90,16.08,-11.562,-59.02
-54,90,16.4,-15.62,-65.43
-54,90,16.72,-20.628,-70.11
-54,90,17.04,-18.286,-69.54
-54,90,17.36,-14.726,-67.37
-54,90,17.68,-21.782,-74.86
-54,90,18,-17.89,-70.7
-53,90,2,-3.9,-25.69
-53,90,2.32,-2.256,-27.91
-53,90,2.64,-3.438,-32.15
-53,90,2.96,2.092,-26.22
-53,90,3.28,-1.762,-31.78
-53,90,3.6,-3.94,-31.39
-53,90,3.92,-4.562,-32.11
-53,90,4.24,-9.146,-38.17
-53,90,4.56,-2.056,-31.87
-53,90,4.88,-5.13,-35.26
-53,90,5.2,-5.37,-36.79
-53,90,5.52,-12.208,-42.49
-53,90,5.84,-11.332,-42.78
-53,90,6.16,-17.08,-49.12
-53,90,6.48,-10.756,-44.84
-53,90,6.8,-14.61,-48.11
-53,90,7.12,-12.136,-46.73
-53,90,7.44,-14.816,-49.15
-53,90,7.76,-16.128,-51.35
-53,90,8.08,-11.566,-46.37
-53,90,8.4,-11.5,-46.88
-53,90,8.72,-8.318,-45.62
-53,90,9.04,-9.05400000000001,-46.84
-53,90,9.36,-11.144,-49.21
-53,90,9.68,-11.81,-50.7
-53,90,10,-11.88,-50.95
-53,90,10.32,-14.642,-54.27
-53,90,10.64,-14.288,-54.3
-53,90,10.96,-15.236,-55.22
-53,90,11.28,-16.416,-56.86
-53,90,11.6,-19.4,-60.27
-53,90,11.92,-20.014,-61.14
-53,90,12.24,-16.594,-58.85
-53,90,12.56,-20.59,-64.66
-53,90,12.88,-18.206,-63.41
-53,90,13.2,-18.43,-65.21
-53,90,13.52,-20.062,-66.07
-53,90,13.84,-14.888,-62.37
-53,90,14.16,-17.366,-65.59
-53,90,14.48,-15.844,-67.67
-53,90,14.8,-20.08,-68.09
-53,90,15.12,-13,-59.43
-53,90,15.44,-15.136,-61.45
-53,90,15.76,-14.448,-61.64
-53,90,16.08,-13.562,-61.02
-53,90,16.4,-14.05,-63.86
-53,90,16.72,-20.768,-70.25
-53,90,17.04,-18.816,-70.07
-53,90,17.36,-17.516,-70.16
-53,90,17.68,-22.392,-75.47
-53,90,18,-28.35,-81.16
-52,90,2,-3.49,-25.28
-52,90,2.32,-1.736,-27.39
-52,90,2.64,-3.018,-31.73
-52,90,2.96,2.432,-25.88
-52,90,3.28,-0.952000000000002,-30.97
-52,90,3.6,-3.77,-31.22
-52,90,3.92,-3.822,-31.37
-52,90,4.24,-8.08599999999999,-37.11
-52,90,4.56,-1.396,-31.21
-52,90,4.88,-5,-35.13
-52,90,5.2,-4.65,-36.07
-52,90,5.52,-11.858,-42.14
-52,90,5.84,-10.742,-42.19
-52,90,6.16,-17.15,-49.19
-52,90,6.48,-10.836,-44.92
-52,90,6.8,-13.73,-47.23
-52,90,7.12,-12.026,-46.62
-52,90,7.44,-15.956,-50.29
-52,90,7.76,-17.218,-52.44
-52,90,8.08,-11.526,-46.33
-52,90,8.4,-13.01,-48.39
-52,90,8.72,-9.668,-46.97
-52,90,9.04,-9.91400000000001,-47.7
-52,90,9.36,-10.984,-49.05
-52,90,9.68,-10.87,-49.76
-52,90,10,-11.62,-50.69
-52,90,10.32,-13.822,-53.45
-52,90,10.64,-11.728,-51.74
-52,90,10.96,-14.556,-54.54
-52,90,11.28,-14.106,-54.55
-52,90,11.6,-19.56,-60.43
-52,90,11.92,-18.234,-59.36
-52,90,12.24,-16.434,-58.69
-52,90,12.56,-26.11,-70.18
-52,90,12.88,-20.146,-65.35
-52,90,13.2,-14.95,-61.73
-52,90,13.52,-17.922,-63.93
-52,90,13.84,-16.398,-63.88
-52,90,14.16,-15.406,-63.63
-52,90,14.48,-15.044,-66.87
-52,90,14.8,-18.82,-66.83
-52,90,15.12,-13.67,-60.1
-52,90,15.44,-18.736,-65.05
-52,90,15.76,-15.308,-62.5
-52,90,16.08,-15.352,-62.81
-52,90,16.4,-12.13,-61.94
-52,90,16.72,-16.468,-65.95
-52,90,17.04,-18.946,-70.2
-52,90,17.36,-21.976,-74.62
-52,90,17.68,-19.012,-72.09
-52,90,18,-16.3,-69.11
-51,90,2,-3.14,-24.93
-51,90,2.32,-1.306,-26.96
-51,90,2.64,-2.548,-31.26
-51,90,2.96,2.872,-25.44
-51,90,3.28,-0.112000000000002,-30.13
-51,90,3.6,-3.55,-31
-51,90,3.92,-3.282,-30.83
-51,90,4.24,-7.296,-36.32
-51,90,4.56,-0.956,-30.77
-51,90,4.88,-4.83,-34.96
-51,90,5.2,-4.09,-35.51
-51,90,5.52,-11.218,-41.5
-51,90,5.84,-10.402,-41.85
-51,90,6.16,-16.55,-48.59
-51,90,6.48,-10.956,-45.04
-51,90,6.8,-13.5,-47
-51,90,7.12,-12.136,-46.73
-51,90,7.44,-15.036,-49.37
-51,90,7.76,-17.588,-52.81
-51,90,8.08,-11.396,-46.2
-51,90,8.4,-14.04,-49.42
-51,90,8.72,-10.368,-47.67
-51,90,9.04,-10.434,-48.22
-51,90,9.36,-10.154,-48.22
-51,90,9.68,-9.82,-48.71
-51,90,10,-10.44,-49.51
-51,90,10.32,-13.622,-53.25
-51,90,10.64,-11.298,-51.31
-51,90,10.96,-14.006,-53.99
-51,90,11.28,-12.186,-52.63
-51,90,11.6,-16.76,-57.63
-51,90,11.92,-18.724,-59.85
-51,90,12.24,-18.754,-61.01
-51,90,12.56,-24.7,-68.77
-51,90,12.88,-16.076,-61.28
-51,90,13.2,-13.8,-60.58
-51,90,13.52,-17.362,-63.37
-51,90,13.84,-16.968,-64.45
-51,90,14.16,-13.836,-62.06
-51,90,14.48,-16.984,-68.81
-51,90,14.8,-19.8,-67.81
-51,90,15.12,-15.14,-61.57
-51,90,15.44,-17.286,-63.6
-51,90,15.76,-15.918,-63.11
-51,90,16.08,-15.512,-62.97
-51,90,16.4,-14.89,-64.7
-51,90,16.72,-15.378,-64.86
-51,90,17.04,-14.636,-65.89
-51,90,17.36,-16.436,-69.08
-51,90,17.68,-22.252,-75.33
-51,90,18,-24.94,-77.75
-50,90,2,-2.69,-24.48
-50,90,2.32,-0.905999999999999,-26.56
-50,90,2.64,-2.068,-30.78
-50,90,2.96,3.322,-24.99
-50,90,3.28,0.567999999999998,-29.45
-50,90,3.6,-3.28,-30.73
-50,90,3.92,-2.852,-30.4
-50,90,4.24,-6.566,-35.59
-50,90,4.56,-0.675999999999998,-30.49
-50,90,4.88,-4.47,-34.6
-50,90,5.2,-3.59,-35.01
-50,90,5.52,-10.298,-40.58
-50,90,5.84,-10.572,-42.02
-50,90,6.16,-15.95,-47.99
-50,90,6.48,-10.606,-44.69
-50,90,6.8,-12.71,-46.21
-50,90,7.12,-12.056,-46.65
-50,90,7.44,-14.796,-49.13
-50,90,7.76,-16.668,-51.89
-50,90,8.08,-10.816,-45.62
-50,90,8.4,-14.58,-49.96
-50,90,8.72,-10.188,-47.49
-50,90,9.04,-10.394,-48.18
-50,90,9.36,-10.054,-48.12
-50,90,9.68,-9.83,-48.72
-50,90,10,-10.22,-49.29
-50,90,10.32,-13.952,-53.58
-50,90,10.64,-10.938,-50.95
-50,90,10.96,-13.006,-52.99
-50,90,11.28,-11.956,-52.4
-50,90,11.6,-15.89,-56.76
-50,90,11.92,-16.224,-57.35
-50,90,12.24,-17.294,-59.55
-50,90,12.56,-21.32,-65.39
-50,90,12.88,-16.406,-61.61
-50,90,13.2,-14.51,-61.29
-50,90,13.52,-18.062,-64.07
-50,90,13.84,-19.758,-67.24
-50,90,14.16,-11.666,-59.89
-50,90,14.48,-19.554,-71.38
-50,90,14.8,-26.5,-74.51
-50,90,15.12,-13.82,-60.25
-50,90,15.44,-14.736,-61.05
-50,90,15.76,-11.278,-58.47
-50,90,16.08,-14.662,-62.12
-50,90,16.4,-15.67,-65.48
-50,90,16.72,-15.388,-64.87
-50,90,17.04,-13.006,-64.26
-50,90,17.36,-20.306,-72.95
-50,90,17.68,-24.222,-77.3
-50,90,18,-16.13,-68.94
-49,90,2,-2.33,-24.12
-49,90,2.32,-0.526,-26.18
-49,90,2.64,-1.598,-30.31
-49,90,2.96,3.712,-24.6
-49,90,3.28,1.028,-28.99
-49,90,3.6,-3.02,-30.47
-49,90,3.92,-2.442,-29.99
-49,90,4.24,-5.88599999999999,-34.91
-49,90,4.56,-0.565999999999999,-30.38
-49,90,4.88,-4.16,-34.29
-49,90,5.2,-3.23,-34.65
-49,90,5.52,-8.948,-39.23
-49,90,5.84,-10.882,-42.33
-49,90,6.16,-14.8,-46.84
-49,90,6.48,-10.226,-44.31
-49,90,6.8,-12.61,-46.11
-49,90,7.12,-11.516,-46.11
-49,90,7.44,-14.136,-48.47
-49,90,7.76,-14.538,-49.76
-49,90,8.08,-10.886,-45.69
-49,90,8.4,-13.41,-48.79
-49,90,8.72,-9.158,-46.46
-49,90,9.04,-9.514,-47.3
-49,90,9.36,-9.824,-47.89
-49,90,9.68,-9.64,-48.53
-49,90,10,-10.2,-49.27
-49,90,10.32,-13.562,-53.19
-49,90,10.64,-11.438,-51.45
-49,90,10.96,-12.666,-52.65
-49,90,11.28,-11.056,-51.5
-49,90,11.6,-15.6,-56.47
-49,90,11.92,-16.874,-58
-49,90,12.24,-15.554,-57.81
-49,90,12.56,-22.78,-66.85
-49,90,12.88,-16.256,-61.46
-49,90,13.2,-14.18,-60.96
-49,90,13.52,-21.542,-67.55
-49,90,13.84,-17.288,-64.77
-49,90,14.16,-16.386,-64.61
-49,90,14.48,-17.854,-69.68
-49,90,14.8,-22.27,-70.28
-49,90,15.12,-12.5,-58.93
-49,90,15.44,-14.666,-60.98
-49,90,15.76,-12.818,-60.01
-49,90,16.08,-13.382,-60.84
-49,90,16.4,-11.63,-61.44
-49,90,16.72,-14.758,-64.24
-49,90,17.04,-17.766,-69.02
-49,90,17.36,-13.796,-66.44
-49,90,17.68,-24.882,-77.96
-49,90,18,-20.2,-73.01
-48,90,2,-1.94,-23.73
-48,90,2.32,-0.146000000000001,-25.8
-48,90,2.64,-1.158,-29.87
-48,90,2.96,4.102,-24.21
-48,90,3.28,1.498,-28.52
-48,90,3.6,-2.78,-30.23
-48,90,3.92,-2.252,-29.8
-48,90,4.24,-5.326,-34.35
-48,90,4.56,-0.606000000000002,-30.42
-48,90,4.88,-3.45,-33.58
-48,90,5.2,-2.96,-34.38
-48,90,5.52,-8.268,-38.55
-48,90,5.84,-11.542,-42.99
-48,90,6.16,-13.78,-45.82
-48,90,6.48,-9.586,-43.67
-48,90,6.8,-12.53,-46.03
-48,90,7.12,-11.196,-45.79
-48,90,7.44,-14.226,-48.56
-48,90,7.76,-13.468,-48.69
-48,90,8.08,-11.066,-45.87
-48,90,8.4,-12.62,-48
-48,90,8.72,-8.328,-45.63
-48,90,9.04,-8.74400000000001,-46.53
-48,90,9.36,-9.504,-47.57
-48,90,9.68,-9.88,-48.77
-48,90,10,-10.01,-49.08
-48,90,10.32,-13.222,-52.85
-48,90,10.64,-10.548,-50.56
-48,90,10.96,-12.836,-52.82
-48,90,11.28,-12.676,-53.12
-48,90,11.6,-14.37,-55.24
-48,90,11.92,-15.544,-56.67
-48,90,12.24,-15.584,-57.84
-48,90,12.56,-20.74,-64.81
-48,90,12.88,-16.806,-62.01
-48,90,13.2,-15.71,-62.49
-48,90,13.52,-21.742,-67.75
-48,90,13.84,-16.628,-64.11
-48,90,14.16,-15.976,-64.2
-48,90,14.48,-18.864,-70.69
-48,90,14.8,-24.33,-72.34
-48,90,15.12,-12.82,-59.25
-48,90,15.44,-14.826,-61.14
-48,90,15.76,-13.968,-61.16
-48,90,16.08,-12.732,-60.19
-48,90,16.4,-10.15,-59.96
-48,90,16.72,-20.768,-70.25
-48,90,17.04,-12.886,-64.14
-48,90,17.36,-14.236,-66.88
-48,90,17.68,-18.532,-71.61
-48,90,18,-16.65,-69.46
-47,90,2,-1.55,-23.34
-47,90,2.32,0.204000000000001,-25.45
-47,90,2.64,-0.667999999999999,-29.38
-47,90,2.96,4.452,-23.86
-47,90,3.28,1.778,-28.24
-47,90,3.6,-2.36,-29.81
-47,90,3.92,-1.972,-29.52
-47,90,4.24,-4.62599999999999,-33.65
-47,90,4.56,-0.686,-30.5
-47,90,4.88,-2.98999999999999,-33.12
-47,90,5.2,-2.68,-34.1
-47,90,5.52,-7.688,-37.97
-47,90,5.84,-11.722,-43.17
-47,90,6.16,-13.06,-45.1
-47,90,6.48,-9.616,-43.7
-47,90,6.8,-12.78,-46.28
-47,90,7.12,-11.026,-45.62
-47,90,7.44,-14.036,-48.37
-47,90,7.76,-13.308,-48.53
-47,90,8.08,-11.716,-46.52
-47,90,8.4,-12.78,-48.16
-47,90,8.72,-8.678,-45.98
-47,90,9.04,-8.364,-46.15
-47,90,9.36,-9.604,-47.67
-47,90,9.68,-9.92,-48.81
-47,90,10,-9.63,-48.7
-47,90,10.32,-13.632,-53.26
-47,90,10.64,-10.608,-50.62
-47,90,10.96,-12.586,-52.57
-47,90,11.28,-11.726,-52.17
-47,90,11.6,-14.52,-55.39
-47,90,11.92,-15.134,-56.26
-47,90,12.24,-14.744,-57
-47,90,12.56,-22.18,-66.25
-47,90,12.88,-19.286,-64.49
-47,90,13.2,-13.57,-60.35
-47,90,13.52,-22.842,-68.85
-47,90,13.84,-18.208,-65.69
-47,90,14.16,-16.096,-64.32
-47,90,14.48,-16.584,-68.41
-47,90,14.8,-18.53,-66.54
-47,90,15.12,-13.23,-59.66
-47,90,15.44,-13.706,-60.02
-47,90,15.76,-13.078,-60.27
-47,90,16.08,-12.792,-60.25
-47,90,16.4,-10.75,-60.56
-47,90,16.72,-21.938,-71.42
-47,90,17.04,-17.766,-69.02
-47,90,17.36,-17.256,-69.9
-47,90,17.68,-18.422,-71.5
-47,90,18,-17.52,-70.33
-46,90,2,-1.14,-22.93
-46,90,2.32,0.544,-25.11
-46,90,2.64,-0.128,-28.84
-46,90,2.96,4.732,-23.58
-46,90,3.28,2.038,-27.98
-46,90,3.6,-1.97,-29.42
-46,90,3.92,-1.792,-29.34
-46,90,4.24,-4.146,-33.17
-46,90,4.56,-0.846,-30.66
-46,90,4.88,-2.45,-32.58
-46,90,5.2,-2.54,-33.96
-46,90,5.52,-7.438,-37.72
-46,90,5.84,-11.802,-43.25
-46,90,6.16,-11.71,-43.75
-46,90,6.48,-9.186,-43.27
-46,90,6.8,-12.59,-46.09
-46,90,7.12,-10.846,-45.44
-46,90,7.44,-14.666,-49
-46,90,7.76,-13.368,-48.59
-46,90,8.08,-12.186,-46.99
-46,90,8.4,-13.22,-48.6
-46,90,8.72,-8.648,-45.95
-46,90,9.04,-8.474,-46.26
-46,90,9.36,-10.464,-48.53
-46,90,9.68,-10.47,-49.36
-46,90,10,-9.85,-48.92
-46,90,10.32,-14.502,-54.13
-46,90,10.64,-10.418,-50.43
-46,90,10.96,-11.726,-51.71
-46,90,11.28,-11.986,-52.43
-46,90,11.6,-14.51,-55.38
-46,90,11.92,-14.674,-55.8
-46,90,12.24,-18.034,-60.29
-46,90,12.56,-20.37,-64.44
-46,90,12.88,-17.206,-62.41
-46,90,13.2,-13.73,-60.51
-46,90,13.52,-16.702,-62.71
-46,90,13.84,-14.128,-61.61
-46,90,14.16,-14.566,-62.79
-46,90,14.48,-14.424,-66.25
-46,90,14.8,-23.86,-71.87
-46,90,15.12,-14.08,-60.51
-46,90,15.44,-15.646,-61.96
-46,90,15.76,-12.308,-59.5
-46,90,16.08,-11.812,-59.27
-46,90,16.4,-11.28,-61.09
-46,90,16.72,-15.958,-65.44
-46,90,17.04,-15.056,-66.31
-46,90,17.36,-14.996,-67.64
-46,90,17.68,-22.162,-75.24
-46,90,18,-19.11,-71.92
-45,90,2,-0.789999999999999,-22.58
-45,90,2.32,0.824000000000002,-24.83
-45,90,2.64,0.352,-28.36
-45,90,2.96,4.962,-23.35
-45,90,3.28,2.238,-27.78
-45,90,3.6,-1.54,-28.99
-45,90,3.92,-1.522,-29.07
-45,90,4.24,-3.676,-32.7
-45,90,4.56,-0.795999999999999,-30.61
-45,90,4.88,-2,-32.13
-45,90,5.2,-2.27,-33.69
-45,90,5.52,-7.288,-37.57
-45,90,5.84,-11.482,-42.93
-45,90,6.16,-10.68,-42.72
-45,90,6.48,-8.866,-42.95
-45,90,6.8,-12.46,-45.96
-45,90,7.12,-10.606,-45.2
-45,90,7.44,-14.726,-49.06
-45,90,7.76,-14.758,-49.98
-45,90,8.08,-12.146,-46.95
-45,90,8.4,-13.84,-49.22
-45,90,8.72,-9.198,-46.5
-45,90,9.04,-9.13400000000001,-46.92
-45,90,9.36,-10.444,-48.51
-45,90,9.68,-10.85,-49.74
-45,90,10,-11.25,-50.32
-45,90,10.32,-15.602,-55.23
-45,90,10.64,-10.538,-50.55
-45,90,10.96,-10.686,-50.67
-45,90,11.28,-11.176,-51.62
-45,90,11.6,-15.02,-55.89
-45,90,11.92,-13.364,-54.49
-45,90,12.24,-18.734,-60.99
-45,90,12.56,-20.2,-64.27
-45,90,12.88,-17.666,-62.87
-45,90,13.2,-13.44,-60.22
-45,90,13.52,-14.212,-60.22
-45,90,13.84,-12.258,-59.74
-45,90,14.16,-12.506,-60.73
-45,90,14.48,-15.404,-67.23
-45,90,14.8,-23.71,-71.72
-45,90,15.12,-15.93,-62.36
-45,90,15.44,-15.886,-62.2
-45,90,15.76,-12.648,-59.84
-45,90,16.08,-11.932,-59.39
-45,90,16.4,-10.91,-60.72
-45,90,16.72,-13.768,-63.25
-45,90,17.04,-12.366,-63.62
-45,90,17.36,-14.476,-67.12
-45,90,17.68,-25.822,-78.9
-45,90,18,-23.87,-76.68
-44,90,2,-0.43,-22.22
-44,90,2.32,1.094,-24.56
-44,90,2.64,0.812000000000001,-27.9
-44,90,2.96,5.112,-23.2
-44,90,3.28,2.438,-27.58
-44,90,3.6,-1.06,-28.51
-44,90,3.92,-1.332,-28.88
-44,90,4.24,-3.246,-32.27
-44,90,4.56,-0.646000000000001,-30.46
-44,90,4.88,-1.69,-31.82
-44,90,5.2,-2.03,-33.45
-44,90,5.52,-7.148,-37.43
-44,90,5.84,-10.552,-42
-44,90,6.16,-10.07,-42.11
-44,90,6.48,-8.35599999999999,-42.44
-44,90,6.8,-11.87,-45.37
-44,90,7.12,-10.056,-44.65
-44,90,7.44,-14.986,-49.32
-44,90,7.76,-15.608,-50.83
-44,90,8.08,-12.016,-46.82
-44,90,8.4,-14.1,-49.48
-44,90,8.72,-9.318,-46.62
-44,90,9.04,-9.52400000000001,-47.31
-44,90,9.36,-10.874,-48.94
-44,90,9.68,-11.16,-50.05
-44,90,10,-11.92,-50.99
-44,90,10.32,-15.302,-54.93
-44,90,10.64,-9.878,-49.89
-44,90,10.96,-11.326,-51.31
-44,90,11.28,-10.976,-51.42
-44,90,11.6,-13.81,-54.68
-44,90,11.92,-13.064,-54.19
-44,90,12.24,-22.004,-64.26
-44,90,12.56,-17.15,-61.22
-44,90,12.88,-19.586,-64.79
-44,90,13.2,-11.96,-58.74
-44,90,13.52,-13.762,-59.77
-44,90,13.84,-11.708,-59.19
-44,90,14.16,-12.566,-60.79
-44,90,14.48,-14.664,-66.49
-44,90,14.8,-16.02,-64.03
-44,90,15.12,-13.74,-60.17
-44,90,15.44,-16.296,-62.61
-44,90,15.76,-10.528,-57.72
-44,90,16.08,-12.052,-59.51
-44,90,16.4,-10.07,-59.88
-44,90,16.72,-11.448,-60.93
-44,90,17.04,-14.496,-65.75
-44,90,17.36,-14.486,-67.13
-44,90,17.68,-21.262,-74.34
-44,90,18,-18.52,-71.33
-43,90,2,-0.0700000000000003,-21.86
-43,90,2.32,1.404,-24.25
-43,90,2.64,1.292,-27.42
-43,90,2.96,5.212,-23.1
-43,90,3.28,2.608,-27.41
-43,90,3.6,-0.650000000000002,-28.1
-43,90,3.92,-1.082,-28.63
-43,90,4.24,-2.886,-31.91
-43,90,4.56,-0.286000000000001,-30.1
-43,90,4.88,-1.34,-31.47
-43,90,5.2,-1.61,-33.03
-43,90,5.52,-6.938,-37.22
-43,90,5.84,-9.622,-41.07
-43,90,6.16,-8.92,-40.96
-43,90,6.48,-8.066,-42.15
-43,90,6.8,-11.3,-44.8
-43,90,7.12,-9.096,-43.69
-43,90,7.44,-15.456,-49.79
-43,90,7.76,-15.108,-50.33
-43,90,8.08,-11.286,-46.09
-43,90,8.4,-13.24,-48.62
-43,90,8.72,-9.798,-47.1
-43,90,9.04,-10.144,-47.93
-43,90,9.36,-11.854,-49.92
-43,90,9.68,-11.08,-49.97
-43,90,10,-11.19,-50.26
-43,90,10.32,-14.792,-54.42
-43,90,10.64,-8.598,-48.61
-43,90,10.96,-12.006,-51.99
-43,90,11.28,-11.416,-51.86
-43,90,11.6,-13.7,-54.57
-43,90,11.92,-12.314,-53.44
-43,90,12.24,-20.784,-63.04
-43,90,12.56,-14.51,-58.58
-43,90,12.88,-15.536,-60.74
-43,90,13.2,-11.51,-58.29
-43,90,13.52,-12.782,-58.79
-43,90,13.84,-11.048,-58.53
-43,90,14.16,-12.276,-60.5
-43,90,14.48,-16.344,-68.17
-43,90,14.8,-12.07,-60.08
-43,90,15.12,-14.05,-60.48
-43,90,15.44,-19.286,-65.6
-43,90,15.76,-17.408,-64.6
-43,90,16.08,-13.752,-61.21
-43,90,16.4,-8,-57.81
-43,90,16.72,-12.138,-61.62
-43,90,17.04,-15.616,-66.87
-43,90,17.36,-13.536,-66.18
-43,90,17.68,-24.172,-77.25
-43,90,18,-23.39,-76.2
-42,90,2,0.279999999999998,-21.51
-42,90,2.32,1.654,-24
-42,90,2.64,1.792,-26.92
-42,90,2.96,5.252,-23.06
-42,90,3.28,2.728,-27.29
-42,90,3.6,-0.260000000000002,-27.71
-42,90,3.92,-0.712,-28.26
-42,90,4.24,-2.436,-31.46
-42,90,4.56,0.154,-29.66
-42,90,4.88,-1.15,-31.28
-42,90,5.2,-1.11,-32.53
-42,90,5.52,-6.318,-36.6
-42,90,5.84,-8.332,-39.78
-42,90,6.16,-8.06,-40.1
-42,90,6.48,-7.796,-41.88
-42,90,6.8,-10.62,-44.12
-42,90,7.12,-8.916,-43.51
-42,90,7.44,-14.866,-49.2
-42,90,7.76,-15.388,-50.61
-42,90,8.08,-12.156,-46.96
-42,90,8.4,-12.42,-47.8
-42,90,8.72,-10.088,-47.39
-42,90,9.04,-10.144,-47.93
-42,90,9.36,-11.144,-49.21
-42,90,9.68,-10.62,-49.51
-42,90,10,-10.54,-49.61
-42,90,10.32,-13.612,-53.24
-42,90,10.64,-8.488,-48.5
-42,90,10.96,-11.786,-51.77
-42,90,11.28,-9.896,-50.34
-42,90,11.6,-13.2,-54.07
-42,90,11.92,-11.894,-53.02
-42,90,12.24,-14.594,-56.85
-42,90,12.56,-14.87,-58.94
-42,90,12.88,-14.806,-60.01
-42,90,13.2,-10.97,-57.75
-42,90,13.52,-11.662,-57.67
-42,90,13.84,-10.598,-58.08
-42,90,14.16,-9.456,-57.68
-42,90,14.48,-13.284,-65.11
-42,90,14.8,-9.66,-57.67
-42,90,15.12,-12.42,-58.85
-42,90,15.44,-16.946,-63.26
-42,90,15.76,-12.418,-59.61
-42,90,16.08,-11.212,-58.67
-42,90,16.4,-12.13,-61.94
-42,90,16.72,-11.448,-60.93
-42,90,17.04,-14.746,-66
-42,90,17.36,-13.586,-66.23
-42,90,17.68,-22.622,-75.7
-42,90,18,-14.06,-66.87
-41,90,2,0.579999999999998,-21.21
-41,90,2.32,1.924,-23.73
-41,90,2.64,2.202,-26.51
-41,90,2.96,5.252,-23.06
-41,90,3.28,2.958,-27.06
-41,90,3.6,0.109999999999999,-27.34
-41,90,3.92,-0.302,-27.85
-41,90,4.24,-2.046,-31.07
-41,90,4.56,0.713999999999999,-29.1
-41,90,4.88,-0.849999999999998,-30.98
-41,90,5.2,-0.529999999999998,-31.95
-41,90,5.52,-5.708,-35.99
-41,90,5.84,-7.222,-38.67
-41,90,6.16,-7.21,-39.25
-41,90,6.48,-7.416,-41.5
-41,90,6.8,-9.89,-43.39
-41,90,7.12,-8.696,-43.29
-41,90,7.44,-14.616,-48.95
-41,90,7.76,-16.298,-51.52
-41,90,8.08,-12.866,-47.67
-41,90,8.4,-12.76,-48.14
-41,90,8.72,-10.978,-48.28
-41,90,9.04,-10.224,-48.01
-41,90,9.36,-11.184,-49.25
-41,90,9.68,-10.21,-49.1
-41,90,10,-9.92,-48.99
-41,90,10.32,-12.812,-52.44
-41,90,10.64,-8.628,-48.64
-41,90,10.96,-12.096,-52.08
-41,90,11.28,-8.85599999999999,-49.3
-41,90,11.6,-12.25,-53.12
-41,90,11.92,-11.374,-52.5
-41,90,12.24,-12.414,-54.67
-41,90,12.56,-15.01,-59.08
-41,90,12.88,-13.766,-58.97
-41,90,13.2,-11.56,-58.34
-41,90,13.52,-11.482,-57.49
-41,90,13.84,-10.298,-57.78
-41,90,14.16,-9.836,-58.06
-41,90,14.48,-13.274,-65.1
-41,90,14.8,-8.18,-56.19
-41,90,15.12,-12.76,-59.19
-41,90,15.44,-16.746,-63.06
-41,90,15.76,-13.018,-60.21
-41,90,16.08,-12.692,-60.15
-41,90,16.4,-9.79,-59.6
-41,90,16.72,-13.258,-62.74
-41,90,17.04,-21.396,-72.65
-41,90,17.36,-14.626,-67.27
-41,90,17.68,-18.972,-72.05
-41,90,18,-23.34,-76.15
-40,90,2,0.91,-20.88
-40,90,2.32,2.124,-23.53
-40,90,2.64,2.632,-26.08
-40,90,2.96,5.182,-23.13
-40,90,3.28,3.238,-26.78
-40,90,3.6,0.460000000000001,-26.99
-40,90,3.92,0.118000000000002,-27.43
-40,90,4.24,-1.576,-30.6
-40,90,4.56,1.264,-28.55
-40,90,4.88,-0.379999999999999,-30.51
-40,90,5.2,0.0500000000000007,-31.37
-40,90,5.52,-4.978,-35.26
-40,90,5.84,-6.542,-37.99
-40,90,6.16,-6.32,-38.36
-40,90,6.48,-6.986,-41.07
-40,90,6.8,-9.32,-42.82
-40,90,7.12,-8.596,-43.19
-40,90,7.44,-14.646,-48.98
-40,90,7.76,-18.148,-53.37
-40,90,8.08,-13.666,-48.47
-40,90,8.4,-14.57,-49.95
-40,90,8.72,-12.758,-50.06
-40,90,9.04,-11.074,-48.86
-40,90,9.36,-11.694,-49.76
-40,90,9.68,-10.85,-49.74
-40,90,10,-9.56,-48.63
-40,90,10.32,-12.852,-52.48
-40,90,10.64,-9.188,-49.2
-40,90,10.96,-11.036,-51.02
-40,90,11.28,-8.586,-49.03
-40,90,11.6,-10.93,-51.8
-40,90,11.92,-10.924,-52.05
-40,90,12.24,-11.424,-53.68
-40,90,12.56,-15.83,-59.9
-40,90,12.88,-13.576,-58.78
-40,90,13.2,-11.11,-57.89
-40,90,13.52,-11.612,-57.62
-40,90,13.84,-11.528,-59.01
-40,90,14.16,-10.616,-58.84
-40,90,14.48,-14.624,-66.45
-40,90,14.8,-7.57,-55.58
-40,90,15.12,-10.36,-56.79
-40,90,15.44,-12.906,-59.22
-40,90,15.76,-14.188,-61.38
-40,90,16.08,-17.952,-65.41
-40,90,16.4,-13.28,-63.09
-40,90,16.72,-18.638,-68.12
-40,90,17.04,-11.386,-62.64
-40,90,17.36,-14.526,-67.17
-40,90,17.68,-21.182,-74.26
-40,90,18,-16.59,-69.4
-39,90,2,1.2,-20.59
-39,90,2.32,2.334,-23.32
-39,90,2.64,3.052,-25.66
-39,90,2.96,5.092,-23.22
-39,90,3.28,3.518,-26.5
-39,90,3.6,0.739999999999998,-26.71
-39,90,3.92,0.568000000000001,-26.98
-39,90,4.24,-1.066,-30.09
-39,90,4.56,1.724,-28.09
-39,90,4.88,0.110000000000003,-30.02
-39,90,5.2,0.640000000000001,-30.78
-39,90,5.52,-4.088,-34.37
-39,90,5.84,-5.682,-37.13
-39,90,6.16,-5.63,-37.67
-39,90,6.48,-6.656,-40.74
-39,90,6.8,-9.13,-42.63
-39,90,7.12,-8.776,-43.37
-39,90,7.44,-15.106,-49.44
-39,90,7.76,-19.718,-54.94
-39,90,8.08,-13.466,-48.27
-39,90,8.4,-16.5,-51.88
-39,90,8.72,-15.568,-52.87
-39,90,9.04,-11.754,-49.54
-39,90,9.36,-14.184,-52.25
-39,90,9.68,-10.31,-49.2
-39,90,10,-10.39,-49.46
-39,90,10.32,-12.232,-51.86
-39,90,10.64,-10.008,-50.02
-39,90,10.96,-10.326,-50.31
-39,90,11.28,-9.46599999999999,-49.91
-39,90,11.6,-10.55,-51.42
-39,90,11.92,-9.844,-50.97
-39,90,12.24,-11.444,-53.7
-39,90,12.56,-16.95,-61.02
-39,90,12.88,-12.196,-57.4
-39,90,13.2,-8.74,-55.52
-39,90,13.52,-12.042,-58.05
-39,90,13.84,-10.088,-57.57
-39,90,14.16,-9.57599999999999,-57.8
-39,90,14.48,-11.114,-62.94
-39,90,14.8,-8.11,-56.12
-39,90,15.12,-9.12,-55.55
-39,90,15.44,-14.516,-60.83
-39,90,15.76,-12.958,-60.15
-39,90,16.08,-18.052,-65.51
-39,90,16.4,-12.47,-62.28
-39,90,16.72,-13.058,-62.54
-39,90,17.04,-14.206,-65.46
-39,90,17.36,-12.056,-64.7
-39,90,17.68,-21.622,-74.7
-39,90,18,-15.32,-68.13
-38,90,2,1.45,-20.34
-38,90,2.32,2.514,-23.14
-38,90,2.64,3.432,-25.28
-38,90,2.96,5.022,-23.29
-38,90,3.28,3.778,-26.24
-38,90,3.6,1.1,-26.35
-38,90,3.92,0.998000000000001,-26.55
-38,90,4.24,-0.505999999999997,-29.53
-38,90,4.56,2.214,-27.6
-38,90,4.88,0.660000000000004,-29.47
-38,90,5.2,1.22,-30.2
-38,90,5.52,-3.348,-33.63
-38,90,5.84,-5.132,-36.58
-38,90,6.16,-4.94,-36.98
-38,90,6.48,-6.256,-40.34
-38,90,6.8,-8.86,-42.36
-38,90,7.12,-8.966,-43.56
-38,90,7.44,-15.766,-50.1
-38,90,7.76,-19.328,-54.55
-38,90,8.08,-12.196,-47
-38,90,8.4,-19.33,-54.71
-38,90,8.72,-19.198,-56.5
-38,90,9.04,-12.764,-50.55
-38,90,9.36,-15.674,-53.74
-38,90,9.68,-9.77,-48.66
-38,90,10,-12.36,-51.43
-38,90,10.32,-12.112,-51.74
-38,90,10.64,-10.598,-50.61
-38,90,10.96,-10.116,-50.1
-38,90,11.28,-9.576,-50.02
-38,90,11.6,-10.29,-51.16
-38,90,11.92,-9.804,-50.93
-38,90,12.24,-12.174,-54.43
-38,90,12.56,-11.45,-55.52
-38,90,12.88,-10.616,-55.82
-38,90,13.2,-7.7,-54.48
-38,90,13.52,-11.392,-57.4
-38,90,13.84,-10.468,-57.95
-38,90,14.16,-7.456,-55.68
-38,90,14.48,-8.65399999999999,-60.48
-38,90,14.8,-5.97,-53.98
-38,90,15.12,-8.86,-55.29
-38,90,15.44,-12.356,-58.67
-38,90,15.76,-12.678,-59.87
-38,90,16.08,-17.092,-64.55
-38,90,16.4,-13.26,-63.07
-38,90,16.72,-13.408,-62.89
-38,90,17.04,-15.396,-66.65
-38,90,17.36,-11.326,-63.97
-38,90,17.68,-20.422,-73.5
-38,90,18,-12.38,-65.19
-37,90,2,1.7,-20.09
-37,90,2.32,2.704,-22.95
-37,90,2.64,3.702,-25.01
-37,90,2.96,4.982,-23.33
-37,90,3.28,4.088,-25.93
-37,90,3.6,1.44,-26.01
-37,90,3.92,1.388,-26.16
-37,90,4.24,0.00400000000000489,-29.02
-37,90,4.56,2.644,-27.17
-37,90,4.88,1.32,-28.81
-37,90,5.2,1.81,-29.61
-37,90,5.52,-2.588,-32.87
-37,90,5.84,-4.482,-35.93
-37,90,6.16,-4.08,-36.12
-37,90,6.48,-5.78599999999999,-39.87
-37,90,6.8,-8.36,-41.86
-37,90,7.12,-8.306,-42.9
-37,90,7.44,-15.646,-49.98
-37,90,7.76,-16.988,-52.21
-37,90,8.08,-11.386,-46.19
-37,90,8.4,-21.73,-57.11
-37,90,8.72,-20.248,-57.55
-37,90,9.04,-14.454,-52.24
-37,90,9.36,-18.904,-56.97
-37,90,9.68,-9.67,-48.56
-37,90,10,-13.36,-52.43
-37,90,10.32,-14.382,-54.01
-37,90,10.64,-10.238,-50.25
-37,90,10.96,-10.976,-50.96
-37,90,11.28,-10.016,-50.46
-37,90,11.6,-10.28,-51.15
-37,90,11.92,-9.974,-51.1
-37,90,12.24,-12.094,-54.35
-37,90,12.56,-9.60999999999999,-53.68
-37,90,12.88,-9.81600000000001,-55.02
-37,90,13.2,-7.9,-54.68
-37,90,13.52,-9.632,-55.64
-37,90,13.84,-8.658,-56.14
-37,90,14.16,-7.266,-55.49
-37,90,14.48,-10.244,-62.07
-37,90,14.8,-5.78,-53.79
-37,90,15.12,-9.85,-56.28
-37,90,15.44,-9.626,-55.94
-37,90,15.76,-11.708,-58.9
-37,90,16.08,-13.122,-60.58
-37,90,16.4,-12.44,-62.25
-37,90,16.72,-13.068,-62.55
-37,90,17.04,-11.616,-62.87
-37,90,17.36,-14.666,-67.31
-37,90,17.68,-28.802,-81.88
-37,90,18,-16.78,-69.59
-36,90,2,1.87,-19.92
-36,90,2.32,2.864,-22.79
-36,90,2.64,3.992,-24.72
-36,90,2.96,4.992,-23.32
-36,90,3.28,4.428,-25.59
-36,90,3.6,1.86,-25.59
-36,90,3.92,1.768,-25.78
-36,90,4.24,0.524000000000004,-28.5
-36,90,4.56,2.974,-26.84
-36,90,4.88,1.9,-28.23
-36,90,5.2,2.24,-29.18
-36,90,5.52,-2.048,-32.33
-36,90,5.84,-3.722,-35.17
-36,90,6.16,-3.37,-35.41
-36,90,6.48,-5.39599999999999,-39.48
-36,90,6.8,-7.49,-40.99
-36,90,7.12,-7.526,-42.12
-36,90,7.44,-14.546,-48.88
-36,90,7.76,-14.878,-50.1
-36,90,8.08,-10.566,-45.37
-36,90,8.4,-20.54,-55.92
-36,90,8.72,-21.188,-58.49
-36,90,9.04,-16.674,-54.46
-36,90,9.36,-23.194,-61.26
-36,90,9.68,-11.3,-50.19
-36,90,10,-17.56,-56.63
-36,90,10.32,-15.412,-55.04
-36,90,10.64,-11.748,-51.76
-36,90,10.96,-11.976,-51.96
-36,90,11.28,-10.516,-50.96
-36,90,11.6,-11.18,-52.05
-36,90,11.92,-9.39400000000001,-50.52
-36,90,12.24,-11.654,-53.91
-36,90,12.56,-9.36999999999999,-53.44
-36,90,12.88,-11.276,-56.48
-36,90,13.2,-7.75,-54.53
-36,90,13.52,-10.762,-56.77
-36,90,13.84,-8.298,-55.78
-36,90,14.16,-6.846,-55.07
-36,90,14.48,-9.14399999999999,-60.97
-36,90,14.8,-4.96,-52.97
-36,90,15.12,-8.88,-55.31
-36,90,15.44,-10.116,-56.43
-36,90,15.76,-11.308,-58.5
-36,90,16.08,-12.162,-59.62
-36,90,16.4,-14.55,-64.36
-36,90,16.72,-14.918,-64.4
-36,90,17.04,-13.816,-65.07
-36,90,17.36,-19.526,-72.17
-36,90,17.68,-15.512,-68.59
-36,90,18,-18.3,-71.11
-35,90,2,2.05,-19.74
-35,90,2.32,3.074,-22.58
-35,90,2.64,4.262,-24.45
-35,90,2.96,5.052,-23.26
-35,90,3.28,4.738,-25.28
-35,90,3.6,2.29,-25.16
-35,90,3.92,2.088,-25.46
-35,90,4.24,1.004,-28.02
-35,90,4.56,3.314,-26.5
-35,90,4.88,2.46,-27.67
-35,90,5.2,2.77,-28.65
-35,90,5.52,-1.538,-31.82
-35,90,5.84,-3.052,-34.5
-35,90,6.16,-2.6,-34.64
-35,90,6.48,-4.89599999999999,-38.98
-35,90,6.8,-6.57,-40.07
-35,90,7.12,-6.636,-41.23
-35,90,7.44,-12.726,-47.06
-35,90,7.76,-11.678,-46.9
-35,90,8.08,-9.546,-44.35
-35,90,8.4,-20.4,-55.78
-35,90,8.72,-20.388,-57.69
-35,90,9.04,-22.964,-60.75
-35,90,9.36,-22.094,-60.16
-35,90,9.68,-13.32,-52.21
-35,90,10,-20.29,-59.36
-35,90,10.32,-15.222,-54.85
-35,90,10.64,-13.188,-53.2
-35,90,10.96,-13.156,-53.14
-35,90,11.28,-11.136,-51.58
-35,90,11.6,-10.44,-51.31
-35,90,11.92,-9.384,-50.51
-35,90,12.24,-11.314,-53.57
-35,90,12.56,-8.99999999999999,-53.07
-35,90,12.88,-9.96600000000001,-55.17
-35,90,13.2,-6.82,-53.6
-35,90,13.52,-9.832,-55.84
-35,90,13.84,-7.558,-55.04
-35,90,14.16,-5.866,-54.09
-35,90,14.48,-7.71399999999999,-59.54
-35,90,14.8,-5.38,-53.39
-35,90,15.12,-7.7,-54.13
-35,90,15.44,-8.726,-55.04
-35,90,15.76,-9.648,-56.84
-35,90,16.08,-11.192,-58.65
-35,90,16.4,-12.61,-62.42
-35,90,16.72,-14.538,-64.02
-35,90,17.04,-12.556,-63.81
-35,90,17.36,-17.006,-69.65
-35,90,17.68,-21.652,-74.73
-35,90,18,-22.66,-75.47
-34,90,2,2.19,-19.6
-34,90,2.32,3.254,-22.4
-34,90,2.64,4.512,-24.2
-34,90,2.96,5.152,-23.16
-34,90,3.28,5.018,-25
-34,90,3.6,2.77,-24.68
-34,90,3.92,2.368,-25.18
-34,90,4.24,1.37400000000001,-27.65
-34,90,4.56,3.624,-26.19
-34,90,4.88,2.94,-27.19
-34,90,5.2,3.28,-28.14
-34,90,5.52,-1.098,-31.38
-34,90,5.84,-2.342,-33.79
-34,90,6.16,-1.84,-33.88
-34,90,6.48,-4.306,-38.39
-34,90,6.8,-5.58,-39.08
-34,90,7.12,-5.646,-40.24
-34,90,7.44,-11.196,-45.53
-34,90,7.76,-9.718,-44.94
-34,90,8.08,-8.826,-43.63
-34,90,8.4,-19.08,-54.46
-34,90,8.72,-20.508,-57.81
-34,90,9.04,-39.024,-76.81
-34,90,9.36,-21.574,-59.64
-34,90,9.68,-17.26,-56.15
-34,90,10,-24.31,-63.38
-34,90,10.32,-18.042,-57.67
-34,90,10.64,-14.348,-54.36
-34,90,10.96,-14.426,-54.41
-34,90,11.28,-10.696,-51.14
-34,90,11.6,-11.19,-52.06
-34,90,11.92,-8.094,-49.22
-34,90,12.24,-10.844,-53.1
-34,90,12.56,-8.58999999999999,-52.66
-34,90,12.88,-9.67600000000001,-54.88
-34,90,13.2,-7.1,-53.88
-34,90,13.52,-10.312,-56.32
-34,90,13.84,-9.168,-56.65
-34,90,14.16,-5.75599999999999,-53.98
-34,90,14.48,-10.144,-61.97
-34,90,14.8,-5.08000000000001,-53.09
-34,90,15.12,-6.95,-53.38
-34,90,15.44,-7.126,-53.44
-34,90,15.76,-7.798,-54.99
-34,90,16.08,-11.092,-58.55
-34,90,16.4,-10.96,-60.77
-34,90,16.72,-14.218,-63.7
-34,90,17.04,-12.846,-64.1
-34,90,17.36,-11.766,-64.41
-34,90,17.68,-15.972,-69.05
-34,90,18,-14.91,-67.72
-33,90,2,2.33,-19.46
-33,90,2.32,3.434,-22.22
-33,90,2.64,4.722,-23.99
-33,90,2.96,5.352,-22.96
-33,90,3.28,5.268,-24.75
-33,90,3.6,3.24,-24.21
-33,90,3.92,2.668,-24.88
-33,90,4.24,1.78400000000001,-27.24
-33,90,4.56,3.964,-25.85
-33,90,4.88,3.44,-26.69
-33,90,5.2,3.67,-27.75
-33,90,5.52,-0.698,-30.98
-33,90,5.84,-1.632,-33.08
-33,90,6.16,-0.990000000000002,-33.03
-33,90,6.48,-3.586,-37.67
-33,90,6.8,-4.64,-38.14
-33,90,7.12,-4.846,-39.44
-33,90,7.44,-9.596,-43.93
-33,90,7.76,-7.658,-42.88
-33,90,8.08,-7.696,-42.5
-33,90,8.4,-17.57,-52.95
-33,90,8.72,-18.708,-56.01
-33,90,9.04,-23.154,-60.94
-33,90,9.36,-21.104,-59.17
-33,90,9.68,-19.46,-58.35
-33,90,10,-21.93,-61
-33,90,10.32,-23.712,-63.34
-33,90,10.64,-14.818,-54.83
-33,90,10.96,-15.136,-55.12
-33,90,11.28,-11.036,-51.48
-33,90,11.6,-9.89,-50.76
-33,90,11.92,-8.744,-49.87
-33,90,12.24,-9.704,-51.96
-33,90,12.56,-8.54999999999999,-52.62
-33,90,12.88,-9.806,-55.01
-33,90,13.2,-7.45,-54.23
-33,90,13.52,-10.112,-56.12
-33,90,13.84,-8.378,-55.86
-33,90,14.16,-6.516,-54.74
-33,90,14.48,-8.93399999999999,-60.76
-33,90,14.8,-5.44,-53.45
-33,90,15.12,-6.72,-53.15
-33,90,15.44,-7.546,-53.86
-33,90,15.76,-6.888,-54.08
-33,90,16.08,-7.722,-55.18
-33,90,16.4,-9.94,-59.75
-33,90,16.72,-13.328,-62.81
-33,90,17.04,-11.506,-62.76
-33,90,17.36,-14.426,-67.07
-33,90,17.68,-16.072,-69.15
-33,90,18,-29.69,-82.5
-32,90,2,2.46,-19.33
-32,90,2.32,3.634,-22.02
-32,90,2.64,4.872,-23.84
-32,90,2.96,5.522,-22.79
-32,90,3.28,5.538,-24.48
-32,90,3.6,3.7,-23.75
-32,90,3.92,2.958,-24.59
-32,90,4.24,2.14400000000001,-26.88
-32,90,4.56,4.414,-25.4
-32,90,4.88,3.85,-26.28
-32,90,5.2,4.09,-27.33
-32,90,5.52,-0.257999999999999,-30.54
-32,90,5.84,-0.942,-32.39
-32,90,6.16,-0.270000000000003,-32.31
-32,90,6.48,-2.976,-37.06
-32,90,6.8,-3.63,-37.13
-32,90,7.12,-3.776,-38.37
-32,90,7.44,-7.916,-42.25
-32,90,7.76,-6.228,-41.45
-32,90,8.08,-7.276,-42.08
-32,90,8.4,-14.16,-49.54
-32,90,8.72,-15.658,-52.96
-32,90,9.04,-18.634,-56.42
-32,90,9.36,-16.644,-54.71
-32,90,9.68,-19.91,-58.8
-32,90,10,-22.3,-61.37
-32,90,10.32,-24.952,-64.58
-32,90,10.64,-17.068,-57.08
-32,90,10.96,-15.686,-55.67
-32,90,11.28,-12.386,-52.83
-32,90,11.6,-9.33000000000001,-50.2
-32,90,11.92,-9.364,-50.49
-32,90,12.24,-10.764,-53.02
-32,90,12.56,-7.23999999999999,-51.31
-32,90,12.88,-9.46600000000001,-54.67
-32,90,13.2,-5.65,-52.43
-32,90,13.52,-10.292,-56.3
-32,90,13.84,-9.848,-57.33
-32,90,14.16,-8.17599999999999,-56.4
-32,90,14.48,-8.21399999999999,-60.04
-32,90,14.8,-7.87,-55.88
-32,90,15.12,-7.41,-53.84
-32,90,15.44,-7.676,-53.99
-32,90,15.76,-7.518,-54.71
-32,90,16.08,-7.562,-55.02
-32,90,16.4,-8.25,-58.06
-32,90,16.72,-11.438,-60.92
-32,90,17.04,-12.586,-63.84
-32,90,17.36,-13.626,-66.27
-32,90,17.68,-16.082,-69.16
-32,90,18,-16.02,-68.83
-31,90,2,2.59,-19.2
-31,90,2.32,3.814,-21.84
-31,90,2.64,5.112,-23.6
-31,90,2.96,5.822,-22.49
-31,90,3.28,5.778,-24.24
-31,90,3.6,4.14,-23.31
-31,90,3.92,3.208,-24.34
-31,90,4.24,2.514,-26.51
-31,90,4.56,4.974,-24.84
-31,90,4.88,4.31,-25.82
-31,90,5.2,4.4,-27.02
-31,90,5.52,0.222000000000001,-30.06
-31,90,5.84,-0.271999999999998,-31.72
-31,90,6.16,0.329999999999998,-31.71
-31,90,6.48,-1.956,-36.04
-31,90,6.8,-2.65,-36.15
-31,90,7.12,-3.036,-37.63
-31,90,7.44,-6.366,-40.7
-31,90,7.76,-5.208,-40.43
-31,90,8.08,-6.546,-41.35
-31,90,8.4,-11.88,-47.26
-31,90,8.72,-12.878,-50.18
-31,90,9.04,-16.874,-54.66
-31,90,9.36,-14.904,-52.97
-31,90,9.68,-20.47,-59.36
-31,90,10,-25.68,-64.75
-31,90,10.32,-35.082,-74.71
-31,90,10.64,-17.648,-57.66
-31,90,10.96,-19.536,-59.52
-31,90,11.28,-14.466,-54.91
-31,90,11.6,-10.09,-50.96
-31,90,11.92,-10.824,-51.95
-31,90,12.24,-9.414,-51.67
-31,90,12.56,-7.22999999999999,-51.3
-31,90,12.88,-8.88600000000001,-54.09
-31,90,13.2,-5.76,-52.54
-31,90,13.52,-10.252,-56.26
-31,90,13.84,-12.698,-60.18
-31,90,14.16,-11.406,-59.63
-31,90,14.48,-11.914,-63.74
-31,90,14.8,-9.97,-57.98
-31,90,15.12,-8.91,-55.34
-31,90,15.44,-9.036,-55.35
-31,90,15.76,-8.238,-55.43
-31,90,16.08,-8.162,-55.62
-31,90,16.4,-8.89,-58.7
-31,90,16.72,-13.748,-63.23
-31,90,17.04,-10.716,-61.97
-31,90,17.36,-9.916,-62.56
-31,90,17.68,-15.872,-68.95
-31,90,18,-12.68,-65.49
-30,90,2,2.71,-19.08
-30,90,2.32,4.024,-21.63
-30,90,2.64,5.312,-23.4
-30,90,2.96,6.152,-22.16
-30,90,3.28,5.938,-24.08
-30,90,3.6,4.51,-22.94
-30,90,3.92,3.468,-24.08
-30,90,4.24,2.904,-26.12
-30,90,4.56,5.434,-24.38
-30,90,4.88,4.7,-25.43
-30,90,5.2,4.67,-26.75
-30,90,5.52,0.792000000000002,-29.49
-30,90,5.84,0.458000000000002,-30.99
-30,90,6.16,0.939999999999998,-31.1
-30,90,6.48,-1.156,-35.24
-30,90,6.8,-1.76,-35.26
-30,90,7.12,-2.146,-36.74
-30,90,7.44,-4.82599999999999,-39.16
-30,90,7.76,-4.268,-39.49
-30,90,8.08,-5.876,-40.68
-30,90,8.4,-10.39,-45.77
-30,90,8.72,-11.748,-49.05
-30,90,9.04,-16.484,-54.27
-30,90,9.36,-14.644,-52.71
-30,90,9.68,-20.37,-59.26
-30,90,10,-24.41,-63.48
-30,90,10.32,-32.692,-72.32
-30,90,10.64,-21.438,-61.45
-30,90,10.96,-25.776,-65.76
-30,90,11.28,-16.186,-56.63
-30,90,11.6,-12.01,-52.88
-30,90,11.92,-11.994,-53.12
-30,90,12.24,-9.424,-51.68
-30,90,12.56,-8.00999999999999,-52.08
-30,90,12.88,-8.956,-54.16
-30,90,13.2,-5.16,-51.94
-30,90,13.52,-11.462,-57.47
-30,90,13.84,-10.908,-58.39
-30,90,14.16,-14.516,-62.74
-30,90,14.48,-14.824,-66.65
-30,90,14.8,-15.13,-63.14
-30,90,15.12,-12.62,-59.05
-30,90,15.44,-9.956,-56.27
-30,90,15.76,-9.178,-56.37
-30,90,16.08,-9.792,-57.25
-30,90,16.4,-9.19,-59
-30,90,16.72,-11.898,-61.38
-30,90,17.04,-9.67600000000001,-60.93
-30,90,17.36,-11.996,-64.64
-30,90,17.68,-16.642,-69.72
-30,90,18,-14.29,-67.1
-29,90,2,2.83,-18.96
-29,90,2.32,4.214,-21.44
-29,90,2.64,5.532,-23.18
-29,90,2.96,6.502,-21.81
-29,90,3.28,6.138,-23.88
-29,90,3.6,4.82,-22.63
-29,90,3.92,3.718,-23.83
-29,90,4.24,3.274,-25.75
-29,90,4.56,5.924,-23.89
-29,90,4.88,5.06,-25.07
-29,90,5.2,4.96,-26.46
-29,90,5.52,1.462,-28.82
-29,90,5.84,1.058,-30.39
-29,90,6.16,1.73,-30.31
-29,90,6.48,-0.275999999999996,-34.36
-29,90,6.8,-0.850000000000001,-34.35
-29,90,7.12,-1.236,-35.83
-29,90,7.44,-3.436,-37.77
-29,90,7.76,-3.738,-38.96
-29,90,8.08,-5.206,-40.01
-29,90,8.4,-9.45,-44.83
-29,90,8.72,-11.038,-48.34
-29,90,9.04,-15.404,-53.19
-29,90,9.36,-13.024,-51.09
-29,90,9.68,-16.27,-55.16
-29,90,10,-18.5,-57.57
-29,90,10.32,-29.062,-68.69
-29,90,10.64,-38.158,-78.17
-29,90,10.96,-35.386,-75.37
-29,90,11.28,-18.636,-59.08
-29,90,11.6,-13.02,-53.89
-29,90,11.92,-13.014,-54.14
-29,90,12.24,-10.544,-52.8
-29,90,12.56,-7.77,-51.84
-29,90,12.88,-7.26600000000001,-52.47
-29,90,13.2,-6.24,-53.02
-29,90,13.52,-12.452,-58.46
-29,90,13.84,-14.198,-61.68
-29,90,14.16,-11.776,-60
-29,90,14.48,-13.244,-65.07
-29,90,14.8,-23.43,-71.44
-29,90,15.12,-16.81,-63.24
-29,90,15.44,-15.376,-61.69
-29,90,15.76,-13.528,-60.72
-29,90,16.08,-14.512,-61.97
-29,90,16.4,-12.43,-62.24
-29,90,16.72,-15.088,-64.57
-29,90,17.04,-15.246,-66.5
-29,90,17.36,-14.466,-67.11
-29,90,17.68,-18.182,-71.26
-29,90,18,-15.71,-68.52
-28,90,2,2.93,-18.86
-28,90,2.32,4.394,-21.26
-28,90,2.64,5.772,-22.94
-28,90,2.96,6.852,-21.46
-28,90,3.28,6.268,-23.75
-28,90,3.6,5.09,-22.36
-28,90,3.92,3.998,-23.55
-28,90,4.24,3.564,-25.46
-28,90,4.56,6.344,-23.47
-28,90,4.88,5.36,-24.77
-28,90,5.2,5.27,-26.15
-28,90,5.52,2.122,-28.16
-28,90,5.84,1.608,-29.84
-28,90,6.16,2.4,-29.64
-28,90,6.48,0.514000000000003,-33.57
-28,90,6.8,-0.00999999999999801,-33.51
-28,90,7.12,-0.466000000000001,-35.06
-28,90,7.44,-2.806,-37.14
-28,90,7.76,-2.828,-38.05
-28,90,8.08,-4.196,-39
-28,90,8.4,-8.15,-43.53
-28,90,8.72,-11.358,-48.66
-28,90,9.04,-13.624,-51.41
-28,90,9.36,-11.674,-49.74
-28,90,9.68,-14.37,-53.26
-28,90,10,-18.17,-57.24
-28,90,10.32,-22.122,-61.75
-28,90,10.64,-20.688,-60.7
-28,90,10.96,-20.456,-60.44
-28,90,11.28,-22.356,-62.8
-28,90,11.6,-14.55,-55.42
-28,90,11.92,-13.364,-54.49
-28,90,12.24,-10.274,-52.53
-28,90,12.56,-7.96999999999999,-52.04
-28,90,12.88,-8.18600000000001,-53.39
-28,90,13.2,-5.82,-52.6
-28,90,13.52,-12.052,-58.06
-28,90,13.84,-13.248,-60.73
-28,90,14.16,-12.186,-60.41
-28,90,14.48,-17.984,-69.81
-28,90,14.8,-25.92,-73.93
-28,90,15.12,-20.75,-67.18
-28,90,15.44,-17.886,-64.2
-28,90,15.76,-16.878,-64.07
-28,90,16.08,-15.122,-62.58
-28,90,16.4,-24.15,-73.96
-28,90,16.72,-14.038,-63.52
-28,90,17.04,-16.466,-67.72
-28,90,17.36,-14.216,-66.86
-28,90,17.68,-18.232,-71.31
-28,90,18,-13.04,-65.85
-27,90,2,3.08,-18.71
-27,90,2.32,4.574,-21.08
-27,90,2.64,6.032,-22.68
-27,90,2.96,7.232,-21.08
-27,90,3.28,6.428,-23.59
-27,90,3.6,5.37,-22.08
-27,90,3.92,4.298,-23.25
-27,90,4.24,3.96400000000001,-25.06
-27,90,4.56,6.704,-23.11
-27,90,4.88,5.76,-24.37
-27,90,5.2,5.62,-25.8
-27,90,5.52,2.772,-27.51
-27,90,5.84,2.278,-29.17
-27,90,6.16,3.2,-28.84
-27,90,6.48,1.304,-32.78
-27,90,6.8,0.75,-32.75
-27,90,7.12,0.463999999999999,-34.13
-27,90,7.44,-1.906,-36.24
-27,90,7.76,-1.858,-37.08
-27,90,8.08,-3.416,-38.22
-27,90,8.4,-7.15,-42.53
-27,90,8.72,-10.508,-47.81
-27,90,9.04,-10.614,-48.4
-27,90,9.36,-9.954,-48.02
-27,90,9.68,-13.16,-52.05
-27,90,10,-13.73,-52.8
-27,90,10.32,-17.222,-56.85
-27,90,10.64,-14.838,-54.85
-27,90,10.96,-16.986,-56.97
-27,90,11.28,-20.816,-61.26
-27,90,11.6,-15.05,-55.92
-27,90,11.92,-13.084,-54.21
-27,90,12.24,-9.924,-52.18
-27,90,12.56,-8.09999999999999,-52.17
-27,90,12.88,-7.456,-52.66
-27,90,13.2,-5.15,-51.93
-27,90,13.52,-10.292,-56.3
-27,90,13.84,-12.808,-60.29
-27,90,14.16,-11.156,-59.38
-27,90,14.48,-16.244,-68.07
-27,90,14.8,-22.4,-70.41
-27,90,15.12,-18.06,-64.49
-27,90,15.44,-17.156,-63.47
-27,90,15.76,-13.878,-61.07
-27,90,16.08,-10.702,-58.16
-27,90,16.4,-17.17,-66.98
-27,90,16.72,-13.938,-63.42
-27,90,17.04,-21.116,-72.37
-27,90,17.36,-14.326,-66.97
-27,90,17.68,-15.882,-68.96
-27,90,18,-18.71,-71.52
-26,90,2,3.22,-18.57
-26,90,2.32,4.754,-20.9
-26,90,2.64,6.282,-22.43
-26,90,2.96,7.622,-20.69
-26,90,3.28,6.538,-23.48
-26,90,3.6,5.58,-21.87
-26,90,3.92,4.588,-22.96
-26,90,4.24,4.37400000000001,-24.65
-26,90,4.56,6.964,-22.85
-26,90,4.88,6.17,-23.96
-26,90,5.2,5.97,-25.45
-26,90,5.52,3.502,-26.78
-26,90,5.84,2.808,-28.64
-26,90,6.16,3.93,-28.11
-26,90,6.48,2.044,-32.04
-26,90,6.8,1.52,-31.98
-26,90,7.12,1.284,-33.31
-26,90,7.44,-1.226,-35.56
-26,90,7.76,-1.018,-36.24
-26,90,8.08,-2.306,-37.11
-26,90,8.4,-5.97,-41.35
-26,90,8.72,-9.008,-46.31
-26,90,9.04,-8.59400000000001,-46.38
-26,90,9.36,-8.374,-46.44
-26,90,9.68,-11.51,-50.4
-26,90,10,-10.63,-49.7
-26,90,10.32,-12.182,-51.81
-26,90,10.64,-11.478,-51.49
-26,90,10.96,-13.926,-53.91
-26,90,11.28,-17.776,-58.22
-26,90,11.6,-16.74,-57.61
-26,90,11.92,-12.204,-53.33
-26,90,12.24,-10.824,-53.08
-26,90,12.56,-7.52999999999999,-51.6
-26,90,12.88,-6.82600000000001,-52.03
-26,90,13.2,-4.56,-51.34
-26,90,13.52,-9.762,-55.77
-26,90,13.84,-12.378,-59.86
-26,90,14.16,-10.166,-58.39
-26,90,14.48,-12.084,-63.91
-26,90,14.8,-13.35,-61.36
-26,90,15.12,-13.84,-60.27
-26,90,15.44,-12.526,-58.84
-26,90,15.76,-9.058,-56.25
-26,90,16.08,-7.662,-55.12
-26,90,16.4,-12.5,-62.31
-26,90,16.72,-11.918,-61.4
-26,90,17.04,-12.586,-63.84
-26,90,17.36,-14.176,-66.82
-26,90,17.68,-12.452,-65.53
-26,90,18,-14.69,-67.5
-25,90,2,3.34,-18.45
-25,90,2.32,4.914,-20.74
-25,90,2.64,6.522,-22.19
-25,90,2.96,7.952,-20.36
-25,90,3.28,6.658,-23.36
-25,90,3.6,5.76,-21.69
-25,90,3.92,4.858,-22.69
-25,90,4.24,4.764,-24.26
-25,90,4.56,7.284,-22.53
-25,90,4.88,6.62,-23.51
-25,90,5.2,6.37,-25.05
-25,90,5.52,4.202,-26.08
-25,90,5.84,3.378,-28.07
-25,90,6.16,4.52,-27.52
-25,90,6.48,2.844,-31.24
-25,90,6.8,2.21,-31.29
-25,90,7.12,2.114,-32.48
-25,90,7.44,-0.455999999999996,-34.79
-25,90,7.76,0.0820000000000007,-35.14
-25,90,8.08,-1.316,-36.12
-25,90,8.4,-4.87,-40.25
-25,90,8.72,-7.058,-44.36
-25,90,9.04,-6.02400000000001,-43.81
-25,90,9.36,-7.55399999999999,-45.62
-25,90,9.68,-10.59,-49.48
-25,90,10,-7.42,-46.49
-25,90,10.32,-9.442,-49.07
-25,90,10.64,-9.878,-49.89
-25,90,10.96,-11.836,-51.82
-25,90,11.28,-17.206,-57.65
-25,90,11.6,-18.21,-59.08
-25,90,11.92,-12.214,-53.34
-25,90,12.24,-9.104,-51.36
-25,90,12.56,-7.38999999999999,-51.46
-25,90,12.88,-6.17600000000001,-51.38
-25,90,13.2,-4.58,-51.36
-25,90,13.52,-8.302,-54.31
-25,90,13.84,-9.258,-56.74
-25,90,14.16,-7.226,-55.45
-25,90,14.48,-9.694,-61.52
-25,90,14.8,-8.53,-56.54
-25,90,15.12,-10.22,-56.65
-25,90,15.44,-9.846,-56.16
-25,90,15.76,-8.288,-55.48
-25,90,16.08,-5.322,-52.78
-25,90,16.4,-6.97,-56.78
-25,90,16.72,-8.858,-58.34
-25,90,17.04,-7.97600000000001,-59.23
-25,90,17.36,-12.066,-64.71
-25,90,17.68,-16.372,-69.45
-25,90,18,-10.31,-63.12
-24,90,2,3.46,-18.33
-24,90,2.32,5.094,-20.56
-24,90,2.64,6.762,-21.95
-24,90,2.96,8.262,-20.05
-24,90,3.28,6.768,-23.25
-24,90,3.6,5.89,-21.56
-24,90,3.92,5.108,-22.44
-24,90,4.24,5.134,-23.89
-24,90,4.56,7.544,-22.27
-24,90,4.88,7.11,-23.02
-24,90,5.2,6.8,-24.62
-24,90,5.52,4.862,-25.42
-24,90,5.84,3.998,-27.45
-24,90,6.16,5.08,-26.96
-24,90,6.48,3.504,-30.58
-24,90,6.8,2.9,-30.6
-24,90,7.12,2.784,-31.81
-24,90,7.44,0.404000000000003,-33.93
-24,90,7.76,0.932000000000002,-34.29
-24,90,8.08,-0.186,-34.99
-24,90,8.4,-3.25,-38.63
-24,90,8.72,-5.458,-42.76
-24,90,9.04,-3.944,-41.73
-24,90,9.36,-6.124,-44.19
-24,90,9.68,-8,-46.89
-24,90,10,-6.05,-45.12
-24,90,10.32,-7.692,-47.32
-24,90,10.64,-8.198,-48.21
-24,90,10.96,-9.67599999999999,-49.66
-24,90,11.28,-14.196,-54.64
-24,90,11.6,-17.5,-58.37
-24,90,11.92,-10.744,-51.87
-24,90,12.24,-8.004,-50.26
-24,90,12.56,-6.40999999999999,-50.48
-24,90,12.88,-6.26600000000001,-51.47
-24,90,13.2,-2.81,-49.59
-24,90,13.52,-6.11199999999999,-52.12
-24,90,13.84,-8.418,-55.9
-24,90,14.16,-6.14599999999999,-54.37
-24,90,14.48,-9.07399999999999,-60.9
-24,90,14.8,-6.83000000000001,-54.84
-24,90,15.12,-9.63,-56.06
-24,90,15.44,-8.196,-54.51
-24,90,15.76,-6.518,-53.71
-24,90,16.08,-3.912,-51.37
-24,90,16.4,-6.11,-55.92
-24,90,16.72,-5.768,-55.25
-24,90,17.04,-5.66600000000001,-56.92
-24,90,17.36,-9.006,-61.65
-24,90,17.68,-7.932,-61.01
-24,90,18,-6.88,-59.69
-23,90,2,3.59,-18.2
-23,90,2.32,5.244,-20.41
-23,90,2.64,7.002,-21.71
-23,90,2.96,8.562,-19.75
-23,90,3.28,6.888,-23.13
-23,90,3.6,5.97,-21.48
-23,90,3.92,5.388,-22.16
-23,90,4.24,5.474,-23.55
-23,90,4.56,7.814,-22
-23,90,4.88,7.58,-22.55
-23,90,5.2,7.3,-24.12
-23,90,5.52,5.532,-24.75
-23,90,5.84,4.538,-26.91
-23,90,6.16,5.61,-26.43
-23,90,6.48,4.184,-29.9
-23,90,6.8,3.53,-29.97
-23,90,7.12,3.504,-31.09
-23,90,7.44,1.414,-32.92
-23,90,7.76,1.652,-33.57
-23,90,8.08,1.044,-33.76
-23,90,8.4,-1.96,-37.34
-23,90,8.72,-3.968,-41.27
-23,90,9.04,-2.09400000000001,-39.88
-23,90,9.36,-3.634,-41.7
-23,90,9.68,-6.07,-44.96
-23,90,10,-4.52,-43.59
-23,90,10.32,-5.772,-45.4
-23,90,10.64,-6.758,-46.77
-23,90,10.96,-7.756,-47.74
-23,90,11.28,-12.156,-52.6
-23,90,11.6,-18.05,-58.92
-23,90,11.92,-8.694,-49.82
-23,90,12.24,-7.164,-49.42
-23,90,12.56,-5.65999999999999,-49.73
-23,90,12.88,-5.18600000000001,-50.39
-23,90,13.2,-2.24,-49.02
-23,90,13.52,-4.842,-50.85
-23,90,13.84,-7.098,-54.58
-23,90,14.16,-4.836,-53.06
-23,90,14.48,-8.04399999999999,-59.87
-23,90,14.8,-6.7,-54.71
-23,90,15.12,-8.88,-55.31
-23,90,15.44,-7.406,-53.72
-23,90,15.76,-4.428,-51.62
-23,90,16.08,-2.242,-49.7
-23,90,16.4,-3.09999999999999,-52.91
-23,90,16.72,-4.018,-53.5
-23,90,17.04,-3.10600000000001,-54.36
-23,90,17.36,-6.636,-59.28
-23,90,17.68,-9.232,-62.31
-23,90,18,-6.95,-59.76
-22,90,2,3.71,-18.08
-22,90,2.32,5.394,-20.26
-22,90,2.64,7.202,-21.51
-22,90,2.96,8.812,-19.5
-22,90,3.28,7.048,-22.97
-22,90,3.6,6.04,-21.41
-22,90,3.92,5.708,-21.84
-22,90,4.24,5.814,-23.21
-22,90,4.56,8.054,-21.76
-22,90,4.88,7.98,-22.15
-22,90,5.2,7.69,-23.73
-22,90,5.52,6.132,-24.15
-22,90,5.84,5.078,-26.37
-22,90,6.16,6.07,-25.97
-22,90,6.48,4.804,-29.28
-22,90,6.8,4.15,-29.35
-22,90,7.12,4.324,-30.27
-22,90,7.44,2.474,-31.86
-22,90,7.76,2.202,-33.02
-22,90,8.08,2.064,-32.74
-22,90,8.4,-0.419999999999995,-35.8
-22,90,8.72,-2.698,-40
-22,90,9.04,-0.654000000000003,-38.44
-22,90,9.36,-1.994,-40.06
-22,90,9.68,-4.46,-43.35
-22,90,10,-3.36,-42.43
-22,90,10.32,-4.252,-43.88
-22,90,10.64,-5.628,-45.64
-22,90,10.96,-6.716,-46.7
-22,90,11.28,-10.276,-50.72
-22,90,11.6,-16,-56.87
-22,90,11.92,-7.554,-48.68
-22,90,12.24,-5.654,-47.91
-22,90,12.56,-3.74999999999999,-47.82
-22,90,12.88,-3.666,-48.87
-22,90,13.2,-1.37,-48.15
-22,90,13.52,-3.72199999999999,-49.73
-22,90,13.84,-5.768,-53.25
-22,90,14.16,-5.406,-53.63
-22,90,14.48,-7.98399999999999,-59.81
-22,90,14.8,-7.37,-55.38
-22,90,15.12,-7.83,-54.26
-22,90,15.44,-5.876,-52.19
-22,90,15.76,-3.008,-50.2
-22,90,16.08,-0.542000000000002,-48
-22,90,16.4,-0.899999999999999,-50.71
-22,90,16.72,-2.008,-51.49
-22,90,17.04,-1.30600000000001,-52.56
-22,90,17.36,-3.086,-55.73
-22,90,17.68,-6.032,-59.11
-22,90,18,-4.66,-57.47
-21,90,2,3.82,-17.97
-21,90,2.32,5.544,-20.11
-21,90,2.64,7.452,-21.26
-21,90,2.96,9.022,-19.29
-21,90,3.28,7.228,-22.79
-21,90,3.6,6.13,-21.32
-21,90,3.92,6.008,-21.54
-21,90,4.24,6.094,-22.93
-21,90,4.56,8.354,-21.46
-21,90,4.88,8.41,-21.72
-21,90,5.2,8.16,-23.26
-21,90,5.52,6.622,-23.66
-21,90,5.84,5.668,-25.78
-21,90,6.16,6.58,-25.46
-21,90,6.48,5.394,-28.69
-21,90,6.8,4.83,-28.67
-21,90,7.12,5.034,-29.56
-21,90,7.44,3.514,-30.82
-21,90,7.76,2.892,-32.33
-21,90,8.08,2.974,-31.83
-21,90,8.4,1.09,-34.29
-21,90,8.72,-1.228,-38.53
-21,90,9.04,0.825999999999993,-36.96
-21,90,9.36,-0.413999999999994,-38.48
-21,90,9.68,-3.06,-41.95
-21,90,10,-2.09,-41.16
-21,90,10.32,-2.942,-42.57
-21,90,10.64,-3.938,-43.95
-21,90,10.96,-5.136,-45.12
-21,90,11.28,-8.686,-49.13
-21,90,11.6,-14.75,-55.62
-21,90,11.92,-6.054,-47.18
-21,90,12.24,-4.534,-46.79
-21,90,12.56,-2.91999999999999,-46.99
-21,90,12.88,-2.556,-47.76
-21,90,13.2,-0.0799999999999983,-46.86
-21,90,13.52,-3.072,-49.08
-21,90,13.84,-5.178,-52.66
-21,90,14.16,-3.456,-51.68
-21,90,14.48,-5.86399999999999,-57.69
-21,90,14.8,-7.19,-55.2
-21,90,15.12,-6.5,-52.93
-21,90,15.44,-5.886,-52.2
-21,90,15.76,-2.278,-49.47
-21,90,16.08,-0.0120000000000005,-47.47
-21,90,16.4,0.5,-49.31
-21,90,16.72,-0.688000000000002,-50.17
-21,90,17.04,-0.436000000000007,-51.69
-21,90,17.36,-1.816,-54.46
-21,90,17.68,-4.29199999999999,-57.37
-21,90,18,-3.07,-55.88
-20,90,2,3.92,-17.87
-20,90,2.32,5.714,-19.94
-20,90,2.64,7.642,-21.07
-20,90,2.96,9.222,-19.09
-20,90,3.28,7.408,-22.61
-20,90,3.6,6.17,-21.28
-20,90,3.92,6.318,-21.23
-20,90,4.24,6.294,-22.73
-20,90,4.56,8.644,-21.17
-20,90,4.88,8.82,-21.31
-20,90,5.2,8.6,-22.82
-20,90,5.52,7.042,-23.24
-20,90,5.84,6.238,-25.21
-20,90,6.16,7.09,-24.95
-20,90,6.48,5.904,-28.18
-20,90,6.8,5.46,-28.04
-20,90,7.12,5.724,-28.87
-20,90,7.44,4.474,-29.86
-20,90,7.76,3.742,-31.48
-20,90,8.08,3.904,-30.9
-20,90,8.4,2.47000000000001,-32.91
-20,90,8.72,0.692,-36.61
-20,90,9.04,2.096,-35.69
-20,90,9.36,1.126,-36.94
-20,90,9.68,-1.79,-40.68
-20,90,10,-0.890000000000001,-39.96
-20,90,10.32,-1.092,-40.72
-20,90,10.64,-2.618,-42.63
-20,90,10.96,-3.636,-43.62
-20,90,11.28,-6.78599999999999,-47.23
-20,90,11.6,-12.07,-52.94
-20,90,11.92,-5.654,-46.78
-20,90,12.24,-3.764,-46.02
-20,90,12.56,-1.65999999999999,-45.73
-20,90,12.88,-1.21600000000001,-46.42
-20,90,13.2,0.870000000000005,-45.91
-20,90,13.52,-2.182,-48.19
-20,90,13.84,-3.938,-51.42
-20,90,14.16,-3.386,-51.61
-20,90,14.48,-5.33399999999999,-57.16
-20,90,14.8,-6.77,-54.78
-20,90,15.12,-9.31,-55.74
-20,90,15.44,-5.936,-52.25
-20,90,15.76,-1.948,-49.14
-20,90,16.08,1.468,-45.99
-20,90,16.4,1.18,-48.63
-20,90,16.72,0.951999999999998,-48.53
-20,90,17.04,0.653999999999989,-50.6
-20,90,17.36,-1.456,-54.1
-20,90,17.68,-3.142,-56.22
-20,90,18,-2.46,-55.27
-19,90,2,4.03,-17.76
-19,90,2.32,5.884,-19.77
-19,90,2.64,7.802,-20.91
-19,90,2.96,9.402,-18.91
-19,90,3.28,7.588,-22.43
-19,90,3.6,6.3,-21.15
-19,90,3.92,6.598,-20.95
-19,90,4.24,6.504,-22.52
-19,90,4.56,8.974,-20.84
-19,90,4.88,9.23,-20.9
-19,90,5.2,9.05,-22.37
-19,90,5.52,7.412,-22.87
-19,90,5.84,6.738,-24.71
-19,90,6.16,7.56,-24.48
-19,90,6.48,6.414,-27.67
-19,90,6.8,6.13,-27.37
-19,90,7.12,6.424,-28.17
-19,90,7.44,5.344,-28.99
-19,90,7.76,4.682,-30.54
-19,90,8.08,4.654,-30.15
-19,90,8.4,3.58,-31.8
-19,90,8.72,2.442,-34.86
-19,90,9.04,3.206,-34.58
-19,90,9.36,2.33600000000001,-35.73
-19,90,9.68,-0.439999999999998,-39.33
-19,90,10,0.0600000000000023,-39.01
-19,90,10.32,0.357999999999997,-39.27
-19,90,10.64,-1.548,-41.56
-19,90,10.96,-2.416,-42.4
-19,90,11.28,-4.406,-44.85
-19,90,11.6,-9.34,-50.21
-19,90,11.92,-5.454,-46.58
-19,90,12.24,-2.544,-44.8
-19,90,12.56,-1.11999999999999,-45.19
-19,90,12.88,-0.88600000000001,-46.09
-19,90,13.2,1.93,-44.85
-19,90,13.52,-1.482,-47.49
-19,90,13.84,-2.478,-49.96
-19,90,14.16,-2.21599999999999,-50.44
-19,90,14.48,-4.75399999999999,-56.58
-19,90,14.8,-9.49,-57.5
-19,90,15.12,-10.65,-57.08
-19,90,15.44,-5.296,-51.61
-19,90,15.76,-1.948,-49.14
-19,90,16.08,2.098,-45.36
-19,90,16.4,2.51000000000001,-47.3
-19,90,16.72,2.022,-47.46
-19,90,17.04,1.77399999999999,-49.48
-19,90,17.36,0.0640000000000001,-52.58
-19,90,17.68,-1.40199999999999,-54.48
-19,90,18,-1.16999999999999,-53.98
-18,90,2,4.11,-17.68
-18,90,2.32,6.054,-19.6
-18,90,2.64,7.972,-20.74
-18,90,2.96,9.552,-18.76
-18,90,3.28,7.848,-22.17
-18,90,3.6,6.41,-21.04
-18,90,3.92,6.868,-20.68
-18,90,4.24,6.73400000000001,-22.29
-18,90,4.56,9.274,-20.54
-18,90,4.88,9.62,-20.51
-18,90,5.2,9.42,-22
-18,90,5.52,7.782,-22.5
-18,90,5.84,7.218,-24.23
-18,90,6.16,8.08,-23.96
-18,90,6.48,6.944,-27.14
-18,90,6.8,6.87,-26.63
-18,90,7.12,7.044,-27.55
-18,90,7.44,6.214,-28.12
-18,90,7.76,5.682,-29.54
-18,90,8.08,5.424,-29.38
-18,90,8.4,4.6,-30.78
-18,90,8.72,3.802,-33.5
-18,90,9.04,4.22599999999999,-33.56
-18,90,9.36,3.536,-34.53
-18,90,9.68,1.16,-37.73
-18,90,10,0.979999999999997,-38.09
-18,90,10.32,1.748,-37.88
-18,90,10.64,0.292000000000002,-39.72
-18,90,10.96,-1.166,-41.15
-18,90,11.28,-2.836,-43.28
-18,90,11.6,-7.31,-48.18
-18,90,11.92,-4.434,-45.56
-18,90,12.24,-2.004,-44.26
-18,90,12.56,-0.47999999999999,-44.55
-18,90,12.88,0.343999999999994,-44.86
-18,90,13.2,3.08,-43.7
-18,90,13.52,-0.661999999999999,-46.67
-18,90,13.84,-1.818,-49.3
-18,90,14.16,-0.895999999999994,-49.12
-18,90,14.48,-4.30399999999999,-56.13
-18,90,14.8,-10.13,-58.14
-18,90,15.12,-15.57,-62
-18,90,15.44,-4.706,-51.02
-18,90,15.76,-1.238,-48.43
-18,90,16.08,3.028,-44.43
-18,90,16.4,3.63,-46.18
-18,90,16.72,3.032,-46.45
-18,90,17.04,3.38399999999999,-47.87
-18,90,17.36,1.274,-51.37
-18,90,17.68,-0.491999999999997,-53.57
-18,90,18,-0.210000000000001,-53.02
-17,90,2,4.2,-17.59
-17,90,2.32,6.244,-19.41
-17,90,2.64,8.102,-20.61
-17,90,2.96,9.722,-18.59
-17,90,3.28,8.068,-21.95
-17,90,3.6,6.55,-20.9
-17,90,3.92,7.108,-20.44
-17,90,4.24,7.014,-22.01
-17,90,4.56,9.534,-20.28
-17,90,4.88,9.99,-20.14
-17,90,5.2,9.75,-21.67
-17,90,5.52,8.102,-22.18
-17,90,5.84,7.658,-23.79
-17,90,6.16,8.52,-23.52
-17,90,6.48,7.464,-26.62
-17,90,6.8,7.55,-25.95
-17,90,7.12,7.744,-26.85
-17,90,7.44,7.014,-27.32
-17,90,7.76,6.622,-28.6
-17,90,8.08,6.094,-28.71
-17,90,8.4,5.73,-29.65
-17,90,8.72,5.102,-32.2
-17,90,9.04,5.096,-32.69
-17,90,9.36,4.746,-33.32
-17,90,9.68,2.73,-36.16
-17,90,10,2.03,-37.04
-17,90,10.32,3.018,-36.61
-17,90,10.64,1.762,-38.25
-17,90,10.96,-0.0859999999999985,-40.07
-17,90,11.28,-1.066,-41.51
-17,90,11.6,-5.46,-46.33
-17,90,11.92,-3.424,-44.55
-17,90,12.24,-1.494,-43.75
-17,90,12.56,0.530000000000008,-43.54
-17,90,12.88,1.294,-43.91
-17,90,13.2,3.9,-42.88
-17,90,13.52,-0.211999999999996,-46.22
-17,90,13.84,-0.618000000000002,-48.1
-17,90,14.16,-0.0159999999999982,-48.24
-17,90,14.48,-2.77399999999999,-54.6
-17,90,14.8,-8.46,-56.47
-17,90,15.12,-19.01,-65.44
-17,90,15.44,-4.036,-50.35
-17,90,15.76,-0.567999999999998,-47.76
-17,90,16.08,3.738,-43.72
-17,90,16.4,4.47,-45.34
-17,90,16.72,4.072,-45.41
-17,90,17.04,4.80399999999999,-46.45
-17,90,17.36,2.514,-50.13
-17,90,17.68,0.078000000000003,-53
-17,90,18,0.490000000000002,-52.32
-16,90,2,4.3,-17.49
-16,90,2.32,6.424,-19.23
-16,90,2.64,8.202,-20.51
-16,90,2.96,9.872,-18.44
-16,90,3.28,8.348,-21.67
-16,90,3.6,6.66,-20.79
-16,90,3.92,7.298,-20.25
-16,90,4.24,7.314,-21.71
-16,90,4.56,9.774,-20.04
-16,90,4.88,10.3,-19.83
-16,90,5.2,10.05,-21.37
-16,90,5.52,8.382,-21.9
-16,90,5.84,8.108,-23.34
-16,90,6.16,8.93,-23.11
-16,90,6.48,7.954,-26.13
-16,90,6.8,8.12,-25.38
-16,90,7.12,8.244,-26.35
-16,90,7.44,7.744,-26.59
-16,90,7.76,7.502,-27.72
-16,90,8.08,6.914,-27.89
-16,90,8.4,6.65,-28.73
-16,90,8.72,6.112,-31.19
-16,90,9.04,6.05599999999999,-31.73
-16,90,9.36,5.806,-32.26
-16,90,9.68,4.27,-34.62
-16,90,10,3.34,-35.73
-16,90,10.32,4.138,-35.49
-16,90,10.64,3.122,-36.89
-16,90,10.96,1.564,-38.42
-16,90,11.28,0.574000000000005,-39.87
-16,90,11.6,-3.01000000000001,-43.88
-16,90,11.92,-1.874,-43
-16,90,12.24,-0.664000000000001,-42.92
-16,90,12.56,0.710000000000008,-43.36
-16,90,12.88,1.694,-43.51
-16,90,13.2,4.89,-41.89
-16,90,13.52,0.538000000000004,-45.47
-16,90,13.84,0.792000000000002,-46.69
-16,90,14.16,1.06400000000001,-47.16
-16,90,14.48,-1.764,-53.59
-16,90,14.8,-6.94,-54.95
-16,90,15.12,-16.5,-62.93
-16,90,15.44,-3.326,-49.64
-16,90,15.76,0.212000000000003,-46.98
-16,90,16.08,4.158,-43.3
-16,90,16.4,5.46,-44.35
-16,90,16.72,4.962,-44.52
-16,90,17.04,6.09399999999999,-45.16
-16,90,17.36,4.084,-48.56
-16,90,17.68,1.91800000000001,-51.16
-16,90,18,2.14,-50.67
-15,90,2,4.39,-17.4
-15,90,2.32,6.614,-19.04
-15,90,2.64,8.282,-20.43
-15,90,2.96,10.012,-18.3
-15,90,3.28,8.588,-21.43
-15,90,3.6,6.8,-20.65
-15,90,3.92,7.508,-20.04
-15,90,4.24,7.604,-21.42
-15,90,4.56,9.964,-19.85
-15,90,4.88,10.6,-19.53
-15,90,5.2,10.33,-21.09
-15,90,5.52,8.672,-21.61
-15,90,5.84,8.568,-22.88
-15,90,6.16,9.32,-22.72
-15,90,6.48,8.474,-25.61
-15,90,6.8,8.7,-24.8
-15,90,7.12,8.814,-25.78
-15,90,7.44,8.364,-25.97
-15,90,7.76,8.332,-26.89
-15,90,8.08,7.654,-27.15
-15,90,8.4,7.55,-27.83
-15,90,8.72,7.162,-30.14
-15,90,9.04,6.996,-30.79
-15,90,9.36,6.766,-31.3
-15,90,9.68,5.5,-33.39
-15,90,10,4.52,-34.55
-15,90,10.32,4.998,-34.63
-15,90,10.64,4.352,-35.66
-15,90,10.96,3.094,-36.89
-15,90,11.28,2.14400000000001,-38.3
-15,90,11.6,-0.720000000000006,-41.59
-15,90,11.92,-0.444000000000003,-41.57
-15,90,12.24,0.286000000000001,-41.97
-15,90,12.56,1.59000000000001,-42.48
-15,90,12.88,2.86399999999999,-42.34
-15,90,13.2,5.72,-41.06
-15,90,13.52,1.808,-44.2
-15,90,13.84,1.522,-45.96
-15,90,14.16,3.07400000000001,-45.15
-15,90,14.48,0.986000000000004,-50.84
-15,90,14.8,-3.48,-51.49
-15,90,15.12,-11.46,-57.89
-15,90,15.44,-2.556,-48.87
-15,90,15.76,1.162,-46.03
-15,90,16.08,4.698,-42.76
-15,90,16.4,6.55,-43.26
-15,90,16.72,5.922,-43.56
-15,90,17.04,7.26399999999999,-43.99
-15,90,17.36,5.424,-47.22
-15,90,17.68,3.318,-49.76
-15,90,18,3.81,-49
-14,90,2,4.48,-17.31
-14,90,2.32,6.764,-18.89
-14,90,2.64,8.372,-20.34
-14,90,2.96,10.132,-18.18
-14,90,3.28,8.818,-21.2
-14,90,3.6,6.9,-20.55
-14,90,3.92,7.628,-19.92
-14,90,4.24,7.89400000000001,-21.13
-14,90,4.56,10.124,-19.69
-14,90,4.88,10.83,-19.3
-14,90,5.2,10.54,-20.88
-14,90,5.52,8.902,-21.38
-14,90,5.84,8.958,-22.49
-14,90,6.16,9.66,-22.38
-14,90,6.48,8.944,-25.14
-14,90,6.8,9.23,-24.27
-14,90,7.12,9.374,-25.22
-14,90,7.44,8.914,-25.42
-14,90,7.76,8.962,-26.26
-14,90,8.08,8.374,-26.43
-14,90,8.4,8.36,-27.02
-14,90,8.72,8.192,-29.11
-14,90,9.04,7.80599999999999,-29.98
-14,90,9.36,7.666,-30.4
-14,90,9.68,6.44,-32.45
-14,90,10,5.63,-33.44
-14,90,10.32,5.868,-33.76
-14,90,10.64,5.472,-34.54
-14,90,10.96,4.744,-35.24
-14,90,11.28,3.514,-36.93
-14,90,11.6,1.05,-39.82
-14,90,11.92,1.216,-39.91
-14,90,12.24,1.296,-40.96
-14,90,12.56,2.76000000000001,-41.31
-14,90,12.88,2.99399999999999,-42.21
-14,90,13.2,6.39,-40.39
-14,90,13.52,3.038,-42.97
-14,90,13.84,2.532,-44.95
-14,90,14.16,4.154,-44.07
-14,90,14.48,2.49600000000001,-49.33
-14,90,14.8,-1.64,-49.65
-14,90,15.12,-5.76,-52.19
-14,90,15.44,-1.516,-47.83
-14,90,15.76,1.522,-45.67
-14,90,16.08,5.348,-42.11
-14,90,16.4,6.86,-42.95
-14,90,16.72,6.622,-42.86
-14,90,17.04,8.02399999999999,-43.23
-14,90,17.36,6.504,-46.14
-14,90,17.68,4.34800000000001,-48.73
-14,90,18,4.72,-48.09
-13,90,2,4.56,-17.23
-13,90,2.32,6.904,-18.75
-13,90,2.64,8.432,-20.28
-13,90,2.96,10.252,-18.06
-13,90,3.28,9.008,-21.01
-13,90,3.6,7.02,-20.43
-13,90,3.92,7.758,-19.79
-13,90,4.24,8.154,-20.87
-13,90,4.56,10.274,-19.54
-13,90,4.88,11.06,-19.07
-13,90,5.2,10.76,-20.66
-13,90,5.52,9.242,-21.04
-13,90,5.84,9.288,-22.16
-13,90,6.16,9.9,-22.14
-13,90,6.48,9.274,-24.81
-13,90,6.8,9.68,-23.82
-13,90,7.12,9.944,-24.65
-13,90,7.44,9.474,-24.86
-13,90,7.76,9.562,-25.66
-13,90,8.08,9.054,-25.75
-13,90,8.4,9.04,-26.34
-13,90,8.72,9.052,-28.25
-13,90,9.04,8.726,-29.06
-13,90,9.36,8.536,-29.53
-13,90,9.68,7.45,-31.44
-13,90,10,6.79,-32.28
-13,90,10.32,6.958,-32.67
-13,90,10.64,6.682,-33.33
-13,90,10.96,6.204,-33.78
-13,90,11.28,5.064,-35.38
-13,90,11.6,3,-37.87
-13,90,11.92,2.806,-38.32
-13,90,12.24,2.626,-39.63
-13,90,12.56,3.61000000000001,-40.46
-13,90,12.88,3.80399999999999,-41.4
-13,90,13.2,7.16,-39.62
-13,90,13.52,3.868,-42.14
-13,90,13.84,4.092,-43.39
-13,90,14.16,5.294,-42.93
-13,90,14.48,4.88600000000001,-46.94
-13,90,14.8,1.36,-46.65
-13,90,15.12,-2.69,-49.12
-13,90,15.44,-0.545999999999999,-46.86
-13,90,15.76,1.822,-45.37
-13,90,16.08,5.498,-41.96
-13,90,16.4,7.34,-42.47
-13,90,16.72,7.112,-42.37
-13,90,17.04,8.83399999999999,-42.42
-13,90,17.36,7.244,-45.4
-13,90,17.68,5.008,-48.07
-13,90,18,5.59,-47.22
-12,90,2,4.67,-17.12
-12,90,2.32,7.034,-18.62
-12,90,2.64,8.492,-20.22
-12,90,2.96,10.322,-17.99
-12,90,3.28,9.168,-20.85
-12,90,3.6,7.16,-20.29
-12,90,3.92,7.838,-19.71
-12,90,4.24,8.454,-20.57
-12,90,4.56,10.434,-19.38
-12,90,4.88,11.23,-18.9
-12,90,5.2,10.95,-20.47
-12,90,5.52,9.592,-20.69
-12,90,5.84,9.638,-21.81
-12,90,6.16,10.19,-21.85
-12,90,6.48,9.624,-24.46
-12,90,6.8,10.11,-23.39
-12,90,7.12,10.444,-24.15
-12,90,7.44,9.964,-24.37
-12,90,7.76,10.142,-25.08
-12,90,8.08,9.774,-25.03
-12,90,8.4,9.56,-25.82
-12,90,8.72,9.872,-27.43
-12,90,9.04,9.62599999999999,-28.16
-12,90,9.36,9.186,-28.88
-12,90,9.68,8.36,-30.53
-12,90,10,7.88,-31.19
-12,90,10.32,7.918,-31.71
-12,90,10.64,7.862,-32.15
-12,90,10.96,7.434,-32.55
-12,90,11.28,6.374,-34.07
-12,90,11.6,4.48,-36.39
-12,90,11.92,4.306,-36.82
-12,90,12.24,3.976,-38.28
-12,90,12.56,4.55,-39.52
-12,90,12.88,4.39399999999999,-40.81
-12,90,13.2,7.92,-38.86
-12,90,13.52,4.908,-41.1
-12,90,13.84,5.312,-42.17
-12,90,14.16,6.60400000000001,-41.62
-12,90,14.48,6.44600000000001,-45.38
-12,90,14.8,3.97,-44.04
-12,90,15.12,0.990000000000002,-45.44
-12,90,15.44,0.594000000000001,-45.72
-12,90,15.76,2.682,-44.51
-12,90,16.08,5.648,-41.81
-12,90,16.4,7.19,-42.62
-12,90,16.72,7.432,-42.05
-12,90,17.04,9.27399999999999,-41.98
-12,90,17.36,7.754,-44.89
-12,90,17.68,5.788,-47.29
-12,90,18,6.98,-45.83
-11,90,2,4.76,-17.03
-11,90,2.32,7.154,-18.5
-11,90,2.64,8.542,-20.17
-11,90,2.96,10.402,-17.91
-11,90,3.28,9.338,-20.68
-11,90,3.6,7.35,-20.1
-11,90,3.92,7.938,-19.61
-11,90,4.24,8.704,-20.32
-11,90,4.56,10.584,-19.23
-11,90,4.88,11.44,-18.69
-11,90,5.2,11.12,-20.3
-11,90,5.52,9.952,-20.33
-11,90,5.84,9.998,-21.45
-11,90,6.16,10.51,-21.53
-11,90,6.48,10.004,-24.08
-11,90,6.8,10.54,-22.96
-11,90,7.12,10.884,-23.71
-11,90,7.44,10.444,-23.89
-11,90,7.76,10.732,-24.49
-11,90,8.08,10.454,-24.35
-11,90,8.4,10.22,-25.16
-11,90,8.72,10.542,-26.76
-11,90,9.04,10.446,-27.34
-11,90,9.36,9.926,-28.14
-11,90,9.68,9.18,-29.71
-11,90,10,8.98,-30.09
-11,90,10.32,9.008,-30.62
-11,90,10.64,8.802,-31.21
-11,90,10.96,8.674,-31.31
-11,90,11.28,7.554,-32.89
-11,90,11.6,6.2,-34.67
-11,90,11.92,5.796,-35.33
-11,90,12.24,5.566,-36.69
-11,90,12.56,5.58000000000001,-38.49
-11,90,12.88,5.49399999999999,-39.71
-11,90,13.2,8.77,-38.01
-11,90,13.52,6.038,-39.97
-11,90,13.84,6.642,-40.84
-11,90,14.16,7.794,-40.43
-11,90,14.48,8.236,-43.59
-11,90,14.8,6.58,-41.43
-11,90,15.12,4.03,-42.4
-11,90,15.44,3.074,-43.24
-11,90,15.76,3.832,-43.36
-11,90,16.08,6.178,-41.28
-11,90,16.4,7.29,-42.52
-11,90,16.72,7.222,-42.26
-11,90,17.04,9.00399999999999,-42.25
-11,90,17.36,7.824,-44.82
-11,90,17.68,5.988,-47.09
-11,90,18,7.03,-45.78
-10,90,2,4.85,-16.94
-10,90,2.32,7.234,-18.42
-10,90,2.64,8.562,-20.15
-10,90,2.96,10.442,-17.87
-10,90,3.28,9.458,-20.56
-10,90,3.6,7.52,-19.93
-10,90,3.92,7.988,-19.56
-10,90,4.24,8.91400000000001,-20.11
-10,90,4.56,10.744,-19.07
-10,90,4.88,11.6,-18.53
-10,90,5.2,11.32,-20.1
-10,90,5.52,10.262,-20.02
-10,90,5.84,10.278,-21.17
-10,90,6.16,10.78,-21.26
-10,90,6.48,10.374,-23.71
-10,90,6.8,10.93,-22.57
-10,90,7.12,11.304,-23.29
-10,90,7.44,10.904,-23.43
-10,90,7.76,11.132,-24.09
-10,90,8.08,10.944,-23.86
-10,90,8.4,10.83,-24.55
-10,90,8.72,11.092,-26.21
-10,90,9.04,11.096,-26.69
-10,90,9.36,10.636,-27.43
-10,90,9.68,9.85,-29.04
-10,90,10,9.87,-29.2
-10,90,10.32,9.928,-29.7
-10,90,10.64,9.722,-30.29
-10,90,10.96,9.594,-30.39
-10,90,11.28,8.644,-31.8
-10,90,11.6,7.34,-33.53
-10,90,11.92,7.086,-34.04
-10,90,12.24,6.826,-35.43
-10,90,12.56,6.66000000000001,-37.41
-10,90,12.88,6.18399999999999,-39.02
-10,90,13.2,9.38,-37.4
-10,90,13.52,7.128,-38.88
-10,90,13.84,7.792,-39.69
-10,90,14.16,9.334,-38.89
-10,90,14.48,9.70600000000001,-42.12
-10,90,14.8,8.98999999999999,-39.02
-10,90,15.12,6.61,-39.82
-10,90,15.44,5.334,-40.98
-10,90,15.76,5.722,-41.47
-10,90,16.08,6.828,-40.63
-10,90,16.4,7.89,-41.92
-10,90,16.72,7.052,-42.43
-10,90,17.04,8.97399999999999,-42.28
-10,90,17.36,7.714,-44.93
-10,90,17.68,5.588,-47.49
-10,90,18,6.87,-45.94
-9,90,2,4.94,-16.85
-9,90,2.32,7.304,-18.35
-9,90,2.64,8.592,-20.12
-9,90,2.96,10.482,-17.83
-9,90,3.28,9.588,-20.43
-9,90,3.6,7.69,-19.76
-9,90,3.92,8.058,-19.49
-9,90,4.24,9.014,-20.01
-9,90,4.56,10.904,-18.91
-9,90,4.88,11.75,-18.38
-9,90,5.2,11.52,-19.9
-9,90,5.52,10.552,-19.73
-9,90,5.84,10.498,-20.95
-9,90,6.16,11.02,-21.02
-9,90,6.48,10.704,-23.38
-9,90,6.8,11.29,-22.21
-9,90,7.12,11.654,-22.94
-9,90,7.44,11.364,-22.97
-9,90,7.76,11.472,-23.75
-9,90,8.08,11.404,-23.4
-9,90,8.4,11.37,-24.01
-9,90,8.72,11.612,-25.69
-9,90,9.04,11.676,-26.11
-9,90,9.36,11.206,-26.86
-9,90,9.68,10.52,-28.37
-9,90,10,10.6,-28.47
-9,90,10.32,10.688,-28.94
-9,90,10.64,10.482,-29.53
-9,90,10.96,10.594,-29.39
-9,90,11.28,9.724,-30.72
-9,90,11.6,8.4,-32.47
-9,90,11.92,8.406,-32.72
-9,90,12.24,8.126,-34.13
-9,90,12.56,7.98,-36.09
-9,90,12.88,6.85399999999999,-38.35
-9,90,13.2,9.98,-36.8
-9,90,13.52,8.108,-37.9
-9,90,13.84,8.962,-38.52
-9,90,14.16,10.694,-37.53
-9,90,14.48,11.156,-40.67
-9,90,14.8,11.16,-36.85
-9,90,15.12,9.04,-37.39
-9,90,15.44,8.054,-38.26
-9,90,15.76,7.642,-39.55
-9,90,16.08,8.528,-38.93
-9,90,16.4,8.81,-41
-9,90,16.72,7.522,-41.96
-9,90,17.04,8.72399999999999,-42.53
-9,90,17.36,7.444,-45.2
-9,90,17.68,4.70800000000001,-48.37
-9,90,18,6.31,-46.5
-8,90,2,5.02,-16.77
-8,90,2.32,7.354,-18.3
-8,90,2.64,8.602,-20.11
-8,90,2.96,10.492,-17.82
-8,90,3.28,9.698,-20.32
-8,90,3.6,7.92,-19.53
-8,90,3.92,8.148,-19.4
-8,90,4.24,9.07400000000001,-19.95
-8,90,4.56,11.054,-18.76
-8,90,4.88,11.88,-18.25
-8,90,5.2,11.74,-19.68
-8,90,5.52,10.782,-19.5
-8,90,5.84,10.678,-20.77
-8,90,6.16,11.25,-20.79
-8,90,6.48,11.004,-23.08
-8,90,6.8,11.59,-21.91
-8,90,7.12,11.994,-22.6
-8,90,7.44,11.754,-22.58
-8,90,7.76,11.782,-23.44
-8,90,8.08,11.924,-22.88
-8,90,8.4,11.78,-23.6
-8,90,8.72,12.112,-25.19
-8,90,9.04,12.176,-25.61
-8,90,9.36,11.816,-26.25
-8,90,9.68,11.05,-27.84
-8,90,10,11.29,-27.78
-8,90,10.32,11.408,-28.22
-8,90,10.64,11.202,-28.81
-8,90,10.96,11.414,-28.57
-8,90,11.28,10.604,-29.84
-8,90,11.6,9.46,-31.41
-8,90,11.92,9.526,-31.6
-8,90,12.24,9.286,-32.97
-8,90,12.56,9.06000000000001,-35.01
-8,90,12.88,7.73399999999999,-37.47
-8,90,13.2,10.86,-35.92
-8,90,13.52,8.998,-37.01
-8,90,13.84,10.192,-37.29
-8,90,14.16,11.764,-36.46
-8,90,14.48,12.776,-39.05
-8,90,14.8,13.02,-34.99
-8,90,15.12,11.22,-35.21
-8,90,15.44,10.224,-36.09
-8,90,15.76,10.382,-36.81
-8,90,16.08,10.688,-36.77
-8,90,16.4,10.23,-39.58
-8,90,16.72,8.652,-40.83
-8,90,17.04,9.30399999999999,-41.95
-8,90,17.36,7.394,-45.25
-8,90,17.68,4.428,-48.65
-8,90,18,5.7,-47.11
-7,90,2,5.08,-16.71
-7,90,2.32,7.414,-18.24
-7,90,2.64,8.652,-20.06
-7,90,2.96,10.502,-17.81
-7,90,3.28,9.818,-20.2
-7,90,3.6,8.04,-19.41
-7,90,3.92,8.288,-19.26
-7,90,4.24,9.07400000000001,-19.95
-7,90,4.56,11.174,-18.64
-7,90,4.88,12,-18.13
-7,90,5.2,11.95,-19.47
-7,90,5.52,11.002,-19.28
-7,90,5.84,10.908,-20.54
-7,90,6.16,11.5,-20.54
-7,90,6.48,11.274,-22.81
-7,90,6.8,11.87,-21.63
-7,90,7.12,12.304,-22.29
-7,90,7.44,12.074,-22.26
-7,90,7.76,12.062,-23.16
-7,90,8.08,12.374,-22.43
-7,90,8.4,12.22,-23.16
-7,90,8.72,12.542,-24.76
-7,90,9.04,12.676,-25.11
-7,90,9.36,12.526,-25.54
-7,90,9.68,11.62,-27.27
-7,90,10,11.91,-27.16
-7,90,10.32,12.058,-27.57
-7,90,10.64,11.952,-28.06
-7,90,10.96,12.214,-27.77
-7,90,11.28,11.524,-28.92
-7,90,11.6,10.4,-30.47
-7,90,11.92,10.486,-30.64
-7,90,12.24,10.436,-31.82
-7,90,12.56,10.16,-33.91
-7,90,12.88,8.60399999999999,-36.6
-7,90,13.2,11.51,-35.27
-7,90,13.52,9.938,-36.07
-7,90,13.84,11.072,-36.41
-7,90,14.16,12.984,-35.24
-7,90,14.48,14.006,-37.82
-7,90,14.8,14.45,-33.56
-7,90,15.12,13.19,-33.24
-7,90,15.44,12.294,-34.02
-7,90,15.76,12.342,-34.85
-7,90,16.08,12.778,-34.68
-7,90,16.4,12.24,-37.57
-7,90,16.72,10.792,-38.69
-7,90,17.04,10.184,-41.07
-7,90,17.36,8.014,-44.63
-7,90,17.68,4.718,-48.36
-7,90,18,4.56,-48.25
-6,90,2,5.14,-16.65
-6,90,2.32,7.434,-18.22
-6,90,2.64,8.682,-20.03
-6,90,2.96,10.472,-17.84
-6,90,3.28,9.858,-20.16
-6,90,3.6,8.15,-19.3
-6,90,3.92,8.398,-19.15
-6,90,4.24,9.104,-19.92
-6,90,4.56,11.254,-18.56
-6,90,4.88,12.06,-18.07
-6,90,5.2,12.06,-19.36
-6,90,5.52,11.142,-19.14
-6,90,5.84,11.078,-20.37
-6,90,6.16,11.68,-20.36
-6,90,6.48,11.494,-22.59
-6,90,6.8,12.08,-21.42
-6,90,7.12,12.534,-22.06
-6,90,7.44,12.364,-21.97
-6,90,7.76,12.322,-22.9
-6,90,8.08,12.704,-22.1
-6,90,8.4,12.56,-22.82
-6,90,8.72,12.912,-24.39
-6,90,9.04,13.136,-24.65
-6,90,9.36,13.016,-25.05
-6,90,9.68,12.09,-26.8
-6,90,10,12.39,-26.68
-6,90,10.32,12.618,-27.01
-6,90,10.64,12.482,-27.53
-6,90,10.96,12.714,-27.27
-6,90,11.28,12.144,-28.3
-6,90,11.6,11.11,-29.76
-6,90,11.92,11.326,-29.8
-6,90,12.24,11.216,-31.04
-6,90,12.56,11.06,-33.01
-6,90,12.88,9.14399999999999,-36.06
-6,90,13.2,12.11,-34.67
-6,90,13.52,10.628,-35.38
-6,90,13.84,11.912,-35.57
-6,90,14.16,13.874,-34.35
-6,90,14.48,14.996,-36.83
-6,90,14.8,15.8,-32.21
-6,90,15.12,14.72,-31.71
-6,90,15.44,14.064,-32.25
-6,90,15.76,14.282,-32.91
-6,90,16.08,14.638,-32.82
-6,90,16.4,14.11,-35.7
-6,90,16.72,12.532,-36.95
-6,90,17.04,11.854,-39.4
-6,90,17.36,9.264,-43.38
-6,90,17.68,5.008,-48.07
-6,90,18,3.91,-48.9
-5,90,2,5.21,-16.58
-5,90,2.32,7.454,-18.2
-5,90,2.64,8.712,-20
-5,90,2.96,10.412,-17.9
-5,90,3.28,9.948,-20.07
-5,90,3.6,8.2,-19.25
-5,90,3.92,8.488,-19.06
-5,90,4.24,9.104,-19.92
-5,90,4.56,11.364,-18.45
-5,90,4.88,12.15,-17.98
-5,90,5.2,12.18,-19.24
-5,90,5.52,11.252,-19.03
-5,90,5.84,11.238,-20.21
-5,90,6.16,11.8,-20.24
-5,90,6.48,11.724,-22.36
-5,90,6.8,12.26,-21.24
-5,90,7.12,12.784,-21.81
-5,90,7.44,12.564,-21.77
-5,90,7.76,12.602,-22.62
-5,90,8.08,12.994,-21.81
-5,90,8.4,12.85,-22.53
-5,90,8.72,13.232,-24.07
-5,90,9.04,13.566,-24.22
-5,90,9.36,13.416,-24.65
-5,90,9.68,12.57,-26.32
-5,90,10,13,-26.07
-5,90,10.32,13.198,-26.43
-5,90,10.64,12.982,-27.03
-5,90,10.96,13.204,-26.78
-5,90,11.28,12.744,-27.7
-5,90,11.6,11.75,-29.12
-5,90,11.92,12.016,-29.11
-5,90,12.24,11.916,-30.34
-5,90,12.56,11.87,-32.2
-5,90,12.88,9.75399999999999,-35.45
-5,90,13.2,12.64,-34.14
-5,90,13.52,11.268,-34.74
-5,90,13.84,12.722,-34.76
-5,90,14.16,14.804,-33.42
-5,90,14.48,15.876,-35.95
-5,90,14.8,16.93,-31.08
-5,90,15.12,16.15,-30.28
-5,90,15.44,15.504,-30.81
-5,90,15.76,15.762,-31.43
-5,90,16.08,16.288,-31.17
-5,90,16.4,15.87,-33.94
-5,90,16.72,14.442,-35.04
-5,90,17.04,13.714,-37.54
-5,90,17.36,10.714,-41.93
-5,90,17.68,7.038,-46.04
-5,90,18,5.2,-47.61
-4,90,2,5.26,-16.53
-4,90,2.32,7.484,-18.17
-4,90,2.64,8.742,-19.97
-4,90,2.96,10.352,-17.96
-4,90,3.28,9.998,-20.02
-4,90,3.6,8.26,-19.19
-4,90,3.92,8.568,-18.98
-4,90,4.24,9.154,-19.87
-4,90,4.56,11.474,-18.34
-4,90,4.88,12.25,-17.88
-4,90,5.2,12.27,-19.15
-4,90,5.52,11.352,-18.93
-4,90,5.84,11.378,-20.07
-4,90,6.16,11.91,-20.13
-4,90,6.48,11.864,-22.22
-4,90,6.8,12.44,-21.06
-4,90,7.12,12.954,-21.64
-4,90,7.44,12.714,-21.62
-4,90,7.76,12.862,-22.36
-4,90,8.08,13.194,-21.61
-4,90,8.4,13.22,-22.16
-4,90,8.72,13.402,-23.9
-4,90,9.04,13.886,-23.9
-4,90,9.36,13.756,-24.31
-4,90,9.68,12.88,-26.01
-4,90,10,13.37,-25.7
-4,90,10.32,13.588,-26.04
-4,90,10.64,13.352,-26.66
-4,90,10.96,13.614,-26.37
-4,90,11.28,13.204,-27.24
-4,90,11.6,12.33,-28.54
-4,90,11.92,12.606,-28.52
-4,90,12.24,12.496,-29.76
-4,90,12.56,12.53,-31.54
-4,90,12.88,10.194,-35.01
-4,90,13.2,13.07,-33.71
-4,90,13.52,11.748,-34.26
-4,90,13.84,13.422,-34.06
-4,90,14.16,15.434,-32.79
-4,90,14.48,16.876,-34.95
-4,90,14.8,17.91,-30.1
-4,90,15.12,17.25,-29.18
-4,90,15.44,16.714,-29.6
-4,90,15.76,16.902,-30.29
-4,90,16.08,17.608,-29.85
-4,90,16.4,17.17,-32.64
-4,90,16.72,15.812,-33.67
-4,90,17.04,15.104,-36.15
-4,90,17.36,12.104,-40.54
-4,90,17.68,8.558,-44.52
-4,90,18,6.96,-45.85
-3,90,2,5.29,-16.5
-3,90,2.32,7.504,-18.15
-3,90,2.64,8.752,-19.96
-3,90,2.96,10.282,-18.03
-3,90,3.28,10.068,-19.95
-3,90,3.6,8.37,-19.08
-3,90,3.92,8.608,-18.94
-3,90,4.24,9.174,-19.85
-3,90,4.56,11.574,-18.24
-3,90,4.88,12.32,-17.81
-3,90,5.2,12.37,-19.05
-3,90,5.52,11.442,-18.84
-3,90,5.84,11.528,-19.92
-3,90,6.16,12.02,-20.02
-3,90,6.48,11.924,-22.16
-3,90,6.8,12.57,-20.93
-3,90,7.12,13.134,-21.46
-3,90,7.44,12.924,-21.41
-3,90,7.76,13.032,-22.19
-3,90,8.08,13.414,-21.39
-3,90,8.4,13.45,-21.93
-3,90,8.72,13.532,-23.77
-3,90,9.04,14.106,-23.68
-3,90,9.36,13.946,-24.12
-3,90,9.68,13.09,-25.8
-3,90,10,13.6,-25.47
-3,90,10.32,13.868,-25.76
-3,90,10.64,13.682,-26.33
-3,90,10.96,13.924,-26.06
-3,90,11.28,13.504,-26.94
-3,90,11.6,12.79,-28.08
-3,90,11.92,12.986,-28.14
-3,90,12.24,13.076,-29.18
-3,90,12.56,13.06,-31.01
-3,90,12.88,10.494,-34.71
-3,90,13.2,13.55,-33.23
-3,90,13.52,12.198,-33.81
-3,90,13.84,13.932,-33.55
-3,90,14.16,15.964,-32.26
-3,90,14.48,17.516,-34.31
-3,90,14.8,18.7,-29.31
-3,90,15.12,18.09,-28.34
-3,90,15.44,17.624,-28.69
-3,90,15.76,18.032,-29.16
-3,90,16.08,18.748,-28.71
-3,90,16.4,18.4,-31.41
-3,90,16.72,16.952,-32.53
-3,90,17.04,16.444,-34.81
-3,90,17.36,13.524,-39.12
-3,90,17.68,9.768,-43.31
-3,90,18,7.97,-44.84
-2,90,2,5.32,-16.47
-2,90,2.32,7.504,-18.15
-2,90,2.64,8.762,-19.95
-2,90,2.96,10.202,-18.11
-2,90,3.28,10.098,-19.92
-2,90,3.6,8.45,-19
-2,90,3.92,8.638,-18.91
-2,90,4.24,9.204,-19.82
-2,90,4.56,11.644,-18.17
-2,90,4.88,12.41,-17.72
-2,90,5.2,12.41,-19.01
-2,90,5.52,11.542,-18.74
-2,90,5.84,11.658,-19.79
-2,90,6.16,12.11,-19.93
-2,90,6.48,11.964,-22.12
-2,90,6.8,12.69,-20.81
-2,90,7.12,13.244,-21.35
-2,90,7.44,13.054,-21.28
-2,90,7.76,13.082,-22.14
-2,90,8.08,13.584,-21.22
-2,90,8.4,13.53,-21.85
-2,90,8.72,13.742,-23.56
-2,90,9.04,14.276,-23.51
-2,90,9.36,14.146,-23.92
-2,90,9.68,13.23,-25.66
-2,90,10,13.84,-25.23
-2,90,10.32,14.058,-25.57
-2,90,10.64,13.872,-26.14
-2,90,10.96,14.224,-25.76
-2,90,11.28,13.774,-26.67
-2,90,11.6,13.08,-27.79
-2,90,11.92,13.426,-27.7
-2,90,12.24,13.456,-28.8
-2,90,12.56,13.55,-30.52
-2,90,12.88,10.904,-34.3
-2,90,13.2,13.81,-32.97
-2,90,13.52,12.688,-33.32
-2,90,13.84,14.352,-33.13
-2,90,14.16,16.524,-31.7
-2,90,14.48,18.016,-33.81
-2,90,14.8,19.19,-28.82
-2,90,15.12,18.82,-27.61
-2,90,15.44,18.214,-28.1
-2,90,15.76,18.682,-28.51
-2,90,16.08,19.428,-28.03
-2,90,16.4,19.1,-30.71
-2,90,16.72,17.972,-31.51
-2,90,17.04,17.424,-33.83
-2,90,17.36,14.584,-38.06
-2,90,17.68,10.598,-42.48
-2,90,18,9.42,-43.39
-1,90,2,5.38,-16.41
-1,90,2.32,7.514,-18.14
-1,90,2.64,8.782,-19.93
-1,90,2.96,10.162,-18.15
-1,90,3.28,10.108,-19.91
-1,90,3.6,8.55,-18.9
-1,90,3.92,8.688,-18.86
-1,90,4.24,9.21400000000001,-19.81
-1,90,4.56,11.664,-18.15
-1,90,4.88,12.47,-17.66
-1,90,5.2,12.4,-19.02
-1,90,5.52,11.612,-18.67
-1,90,5.84,11.718,-19.73
-1,90,6.16,12.12,-19.92
-1,90,6.48,12.034,-22.05
-1,90,6.8,12.76,-20.74
-1,90,7.12,13.244,-21.35
-1,90,7.44,13.094,-21.24
-1,90,7.76,13.072,-22.15
-1,90,8.08,13.684,-21.12
-1,90,8.4,13.58,-21.8
-1,90,8.72,13.912,-23.39
-1,90,9.04,14.376,-23.41
-1,90,9.36,14.326,-23.74
-1,90,9.68,13.38,-25.51
-1,90,10,13.99,-25.08
-1,90,10.32,14.168,-25.46
-1,90,10.64,14.022,-25.99
-1,90,10.96,14.324,-25.66
-1,90,11.28,13.944,-26.5
-1,90,11.6,13.21,-27.66
-1,90,11.92,13.626,-27.5
-1,90,12.24,13.666,-28.59
-1,90,12.56,13.8,-30.27
-1,90,12.88,11.124,-34.08
-1,90,13.2,13.91,-32.87
-1,90,13.52,12.928,-33.08
-1,90,13.84,14.622,-32.86
-1,90,14.16,16.924,-31.3
-1,90,14.48,18.396,-33.43
-1,90,14.8,19.65,-28.36
-1,90,15.12,19.25,-27.18
-1,90,15.44,18.844,-27.47
-1,90,15.76,19.022,-28.17
-1,90,16.08,19.898,-27.56
-1,90,16.4,19.5,-30.31
-1,90,16.72,18.452,-31.03
-1,90,17.04,17.904,-33.35
-1,90,17.36,14.844,-37.8
-1,90,17.68,11.128,-41.95
-1,90,18,9.87,-42.94
0,90,2,6.23,-15.56
0,90,2.32,8.234,-17.42
0,90,2.64,9.602,-19.11
0,90,2.96,11.282,-17.03
0,90,3.28,11.298,-18.72
0,90,3.6,9.65,-17.8
0,90,3.92,9.798,-17.75
0,90,4.24,10.294,-18.73
0,90,4.56,12.014,-17.8
0,90,4.88,12.7,-17.43
0,90,5.2,12.37,-19.05
0,90,5.52,11.702,-18.58
0,90,5.84,11.878,-19.57
0,90,6.16,12.39,-19.65
0,90,6.48,12.374,-21.71
0,90,6.8,12.96,-20.54
0,90,7.12,13.484,-21.11
0,90,7.44,12.944,-21.39
0,90,7.76,12.942,-22.28
0,90,8.08,13.494,-21.31
0,90,8.4,13.48,-21.9
0,90,8.72,13.892,-23.41
0,90,9.04,14.346,-23.44
0,90,9.36,13.856,-24.21
0,90,9.68,12.94,-25.95
0,90,10,13.6,-25.47
0,90,10.32,13.568,-26.06
0,90,10.64,13.422,-26.59
0,90,10.96,13.844,-26.14
0,90,11.28,13.724,-26.72
0,90,11.6,13.18,-27.69
0,90,11.92,13.566,-27.56
0,90,12.24,13.816,-28.44
0,90,12.56,13.75,-30.32
0,90,12.88,11.264,-33.94
0,90,13.2,14.11,-32.67
0,90,13.52,13.018,-32.99
0,90,13.84,14.672,-32.81
0,90,14.16,17.004,-31.22
0,90,14.48,18.516,-33.31
0,90,14.8,19.73,-28.28
0,90,15.12,19.2,-27.23
0,90,15.44,18.734,-27.58
0,90,15.76,18.802,-28.39
0,90,16.08,19.628,-27.83
0,90,16.4,19.27,-30.54
0,90,16.72,18.222,-31.26
0,90,17.04,17.634,-33.62
0,90,17.36,14.724,-37.92
0,90,17.68,10.878,-42.2
0,90,18,10.05,-42.76
1,90,2,6.01,-15.78
1,90,2.32,8.004,-17.65
1,90,2.64,9.332,-19.38
1,90,2.96,10.992,-17.32
1,90,3.28,10.938,-19.08
1,90,3.6,9.26,-18.19
1,90,3.92,9.458,-18.09
1,90,4.24,9.754,-19.27
1,90,4.56,11.674,-18.14
1,90,4.88,12.47,-17.66
1,90,5.2,12.15,-19.27
1,90,5.52,11.532,-18.75
1,90,5.84,11.698,-19.75
1,90,6.16,12.16,-19.88
1,90,6.48,12.164,-21.92
1,90,6.8,12.72,-20.78
1,90,7.12,13.304,-21.29
1,90,7.44,12.894,-21.44
1,90,7.76,12.852,-22.37
1,90,8.08,13.424,-21.38
1,90,8.4,13.41,-21.97
1,90,8.72,13.842,-23.46
1,90,9.04,14.216,-23.57
1,90,9.36,13.736,-24.33
1,90,9.68,12.83,-26.06
1,90,10,13.61,-25.46
1,90,10.32,13.698,-25.93
1,90,10.64,13.512,-26.5
1,90,10.96,13.944,-26.04
1,90,11.28,13.814,-26.63
1,90,11.6,13.33,-27.54
1,90,11.92,13.676,-27.45
1,90,12.24,13.796,-28.46
1,90,12.56,13.91,-30.16
1,90,12.88,11.234,-33.97
1,90,13.2,14.34,-32.44
1,90,13.52,13.148,-32.86
1,90,13.84,14.772,-32.71
1,90,14.16,17.044,-31.18
1,90,14.48,18.656,-33.17
1,90,14.8,19.76,-28.25
1,90,15.12,19.27,-27.16
1,90,15.44,18.764,-27.55
1,90,15.76,18.902,-28.29
1,90,16.08,19.758,-27.7
1,90,16.4,19.25,-30.56
1,90,16.72,18.422,-31.06
1,90,17.04,17.844,-33.41
1,90,17.36,14.524,-38.12
1,90,17.68,10.498,-42.58
1,90,18,9.81,-43
2,90,2,5.79,-16
2,90,2.32,7.814,-17.84
2,90,2.64,9.092,-19.62
2,90,2.96,10.742,-17.57
2,90,3.28,10.658,-19.36
2,90,3.6,8.86,-18.59
2,90,3.92,9.048,-18.5
2,90,4.24,9.57400000000001,-19.45
2,90,4.56,11.654,-18.16
2,90,4.88,12.35,-17.78
2,90,5.2,12.23,-19.19
2,90,5.52,11.522,-18.76
2,90,5.84,11.628,-19.82
2,90,6.16,12.06,-19.98
2,90,6.48,12.124,-21.96
2,90,6.8,12.61,-20.89
2,90,7.12,13.234,-21.36
2,90,7.44,12.944,-21.39
2,90,7.76,12.932,-22.29
2,90,8.08,13.464,-21.34
2,90,8.4,13.45,-21.93
2,90,8.72,13.702,-23.6
2,90,9.04,14.246,-23.54
2,90,9.36,14.016,-24.05
2,90,9.68,13.09,-25.8
2,90,10,13.72,-25.35
2,90,10.32,13.868,-25.76
2,90,10.64,13.572,-26.44
2,90,10.96,13.934,-26.05
2,90,11.28,13.664,-26.78
2,90,11.6,13.09,-27.78
2,90,11.92,13.446,-27.68
2,90,12.24,13.596,-28.66
2,90,12.56,13.72,-30.35
2,90,12.88,10.974,-34.23
2,90,13.2,14.09,-32.69
2,90,13.52,12.888,-33.12
2,90,13.84,14.772,-32.71
2,90,14.16,16.944,-31.28
2,90,14.48,18.426,-33.4
2,90,14.8,19.58,-28.43
2,90,15.12,19.07,-27.36
2,90,15.44,18.664,-27.65
2,90,15.76,18.842,-28.35
2,90,16.08,19.698,-27.76
2,90,16.4,19.25,-30.56
2,90,16.72,18.212,-31.27
2,90,17.04,17.534,-33.72
2,90,17.36,14.184,-38.46
2,90,17.68,10.208,-42.87
2,90,18,9.25,-43.56
3,90,2,5.59,-16.2
3,90,2.32,7.614,-18.04
3,90,2.64,8.852,-19.86
3,90,2.96,10.582,-17.73
3,90,3.28,10.358,-19.66
3,90,3.6,8.51,-18.94
3,90,3.92,8.798,-18.75
3,90,4.24,9.334,-19.69
3,90,4.56,11.594,-18.22
3,90,4.88,12.27,-17.86
3,90,5.2,12.23,-19.19
3,90,5.52,11.452,-18.83
3,90,5.84,11.518,-19.93
3,90,6.16,11.98,-20.06
3,90,6.48,12.004,-22.08
3,90,6.8,12.51,-20.99
3,90,7.12,13.174,-21.42
3,90,7.44,12.924,-21.41
3,90,7.76,13.002,-22.22
3,90,8.08,13.414,-21.39
3,90,8.4,13.46,-21.92
3,90,8.72,13.562,-23.74
3,90,9.04,14.166,-23.62
3,90,9.36,13.956,-24.11
3,90,9.68,13.11,-25.78
3,90,10,13.73,-25.34
3,90,10.32,13.868,-25.76
3,90,10.64,13.512,-26.5
3,90,10.96,13.884,-26.1
3,90,11.28,13.574,-26.87
3,90,11.6,12.89,-27.98
3,90,11.92,13.226,-27.9
3,90,12.24,13.376,-28.88
3,90,12.56,13.5,-30.57
3,90,12.88,10.884,-34.32
3,90,13.2,13.91,-32.87
3,90,13.52,12.768,-33.24
3,90,13.84,14.562,-32.92
3,90,14.16,16.614,-31.61
3,90,14.48,18.066,-33.76
3,90,14.8,19.29,-28.72
3,90,15.12,18.66,-27.77
3,90,15.44,18.194,-28.12
3,90,15.76,18.692,-28.5
3,90,16.08,19.398,-28.06
3,90,16.4,18.85,-30.96
3,90,16.72,17.662,-31.82
3,90,17.04,16.874,-34.38
3,90,17.36,13.274,-39.37
3,90,17.68,8.938,-44.14
3,90,18,8.58000000000001,-44.23
4,90,2,5.26,-16.53
4,90,2.32,7.394,-18.26
4,90,2.64,8.622,-20.09
4,90,2.96,10.332,-17.98
4,90,3.28,9.958,-20.06
4,90,3.6,8.21,-19.24
4,90,3.92,8.588,-18.96
4,90,4.24,9.23400000000001,-19.79
4,90,4.56,11.754,-18.06
4,90,4.88,12.46,-17.67
4,90,5.2,12.43,-18.99
4,90,5.52,11.502,-18.78
4,90,5.84,11.558,-19.89
4,90,6.16,12.01,-20.03
4,90,6.48,12.014,-22.07
4,90,6.8,12.58,-20.92
4,90,7.12,13.234,-21.36
4,90,7.44,12.974,-21.36
4,90,7.76,13.042,-22.18
4,90,8.08,13.474,-21.33
4,90,8.4,13.46,-21.92
4,90,8.72,13.662,-23.64
4,90,9.04,14.186,-23.6
4,90,9.36,13.976,-24.09
4,90,9.68,13.07,-25.82
4,90,10,13.73,-25.34
4,90,10.32,13.888,-25.74
4,90,10.64,13.512,-26.5
4,90,10.96,13.794,-26.19
4,90,11.28,13.444,-27
4,90,11.6,12.7,-28.17
4,90,11.92,13.026,-28.1
4,90,12.24,13.086,-29.17
4,90,12.56,13.17,-30.9
4,90,12.88,10.744,-34.46
4,90,13.2,13.84,-32.94
4,90,13.52,12.698,-33.31
4,90,13.84,14.342,-33.14
4,90,14.16,16.504,-31.72
4,90,14.48,17.896,-33.93
4,90,14.8,19.05,-28.96
4,90,15.12,18.36,-28.07
4,90,15.44,17.764,-28.55
4,90,15.76,17.972,-29.22
4,90,16.08,18.658,-28.8
4,90,16.4,18.02,-31.79
4,90,16.72,16.852,-32.63
4,90,17.04,15.884,-35.37
4,90,17.36,11.774,-40.87
4,90,17.68,7.328,-45.75
4,90,18,7.67,-45.14
5,90,2,5.26,-16.53
5,90,2.32,7.474,-18.18
5,90,2.64,8.662,-20.05
5,90,2.96,10.452,-17.86
5,90,3.28,9.908,-20.11
5,90,3.6,8.21,-19.24
5,90,3.92,8.598,-18.95
5,90,4.24,9.37400000000001,-19.65
5,90,4.56,11.934,-17.88
5,90,4.88,12.68,-17.45
5,90,5.2,12.57,-18.85
5,90,5.52,11.542,-18.74
5,90,5.84,11.568,-19.88
5,90,6.16,12.01,-20.03
5,90,6.48,11.994,-22.09
5,90,6.8,12.64,-20.86
5,90,7.12,13.194,-21.4
5,90,7.44,13.004,-21.33
5,90,7.76,12.882,-22.34
5,90,8.08,13.434,-21.37
5,90,8.4,13.31,-22.07
5,90,8.72,13.702,-23.6
5,90,9.04,14.036,-23.75
5,90,9.36,13.826,-24.24
5,90,9.68,12.95,-25.94
5,90,10,13.49,-25.58
5,90,10.32,13.588,-26.04
5,90,10.64,13.232,-26.78
5,90,10.96,13.504,-26.48
5,90,11.28,13.174,-27.27
5,90,11.6,12.26,-28.61
5,90,11.92,12.596,-28.53
5,90,12.24,12.736,-29.52
5,90,12.56,12.79,-31.28
5,90,12.88,10.344,-34.86
5,90,13.2,13.66,-33.12
5,90,13.52,12.368,-33.64
5,90,13.84,13.992,-33.49
5,90,14.16,15.974,-32.25
5,90,14.48,17.256,-34.57
5,90,14.8,18.37,-29.64
5,90,15.12,17.64,-28.79
5,90,15.44,16.924,-29.39
5,90,15.76,17.252,-29.94
5,90,16.08,17.628,-29.83
5,90,16.4,16.93,-32.88
5,90,16.72,15.512,-33.97
5,90,17.04,14.284,-36.97
5,90,17.36,9.934,-42.71
5,90,17.68,5.238,-47.84
5,90,18,6.75,-46.06
6,90,2,5.21,-16.58
6,90,2.32,7.494,-18.16
6,90,2.64,8.642,-20.07
6,90,2.96,10.502,-17.81
6,90,3.28,9.858,-20.16
6,90,3.6,8.2,-19.25
6,90,3.92,8.538,-19.01
6,90,4.24,9.39400000000001,-19.63
6,90,4.56,11.844,-17.97
6,90,4.88,12.65,-17.48
6,90,5.2,12.51,-18.91
6,90,5.52,11.452,-18.83
6,90,5.84,11.438,-20.01
6,90,6.16,11.94,-20.1
6,90,6.48,11.814,-22.27
6,90,6.8,12.51,-20.99
6,90,7.12,12.984,-21.61
6,90,7.44,12.834,-21.5
6,90,7.76,12.662,-22.56
6,90,8.08,13.224,-21.58
6,90,8.4,13.09,-22.29
6,90,8.72,13.382,-23.92
6,90,9.04,13.686,-24.1
6,90,9.36,13.456,-24.61
6,90,9.68,12.6,-26.29
6,90,10,13.17,-25.9
6,90,10.32,13.198,-26.43
6,90,10.64,12.862,-27.15
6,90,10.96,13.114,-26.87
6,90,11.28,12.664,-27.78
6,90,11.6,11.72,-29.15
6,90,11.92,12.016,-29.11
6,90,12.24,12.116,-30.14
6,90,12.56,12.06,-32.01
6,90,12.88,9.904,-35.3
6,90,13.2,13.34,-33.44
6,90,13.52,11.858,-34.15
6,90,13.84,13.432,-34.05
6,90,14.16,15.364,-32.86
6,90,14.48,16.646,-35.18
6,90,14.8,17.54,-30.47
6,90,15.12,16.62,-29.81
6,90,15.44,15.784,-30.53
6,90,15.76,15.942,-31.25
6,90,16.08,16.248,-31.21
6,90,16.4,15.28,-34.53
6,90,16.72,13.792,-35.69
6,90,17.04,12.264,-38.99
6,90,17.36,7.924,-44.72
6,90,17.68,3.978,-49.1
6,90,18,6.38,-46.43
7,90,2,5.07,-16.72
7,90,2.32,7.404,-18.25
7,90,2.64,8.522,-20.19
7,90,2.96,10.462,-17.85
7,90,3.28,9.778,-20.24
7,90,3.6,8.05,-19.4
7,90,3.92,8.368,-19.18
7,90,4.24,9.32400000000001,-19.7
7,90,4.56,11.604,-18.21
7,90,4.88,12.43,-17.7
7,90,5.2,12.29,-19.13
7,90,5.52,11.262,-19.02
7,90,5.84,11.238,-20.21
7,90,6.16,11.74,-20.3
7,90,6.48,11.534,-22.55
7,90,6.8,12.26,-21.24
7,90,7.12,12.674,-21.92
7,90,7.44,12.534,-21.8
7,90,7.76,12.392,-22.83
7,90,8.08,12.874,-21.93
7,90,8.4,12.72,-22.66
7,90,8.72,12.982,-24.32
7,90,9.04,13.276,-24.51
7,90,9.36,12.946,-25.12
7,90,9.68,12.04,-26.85
7,90,10,12.63,-26.44
7,90,10.32,12.578,-27.05
7,90,10.64,12.262,-27.75
7,90,10.96,12.464,-27.52
7,90,11.28,12.044,-28.4
7,90,11.6,11.01,-29.86
7,90,11.92,11.236,-29.89
7,90,12.24,11.336,-30.92
7,90,12.56,11.4,-32.67
7,90,12.88,9.23399999999999,-35.97
7,90,13.2,12.87,-33.91
7,90,13.52,11.258,-34.75
7,90,13.84,12.802,-34.68
7,90,14.16,14.634,-33.59
7,90,14.48,15.816,-36.01
7,90,14.8,16.52,-31.49
7,90,15.12,15.31,-31.12
7,90,15.44,14.384,-31.93
7,90,15.76,14.332,-32.86
7,90,16.08,14.498,-32.96
7,90,16.4,13.5,-36.31
7,90,16.72,11.802,-37.68
7,90,17.04,9.77399999999999,-41.48
7,90,17.36,5.564,-47.08
7,90,17.68,3.658,-49.42
7,90,18,6.79,-46.02
8,90,2,4.95,-16.84
8,90,2.32,7.334,-18.32
8,90,2.64,8.402,-20.31
8,90,2.96,10.452,-17.86
8,90,3.28,9.658,-20.36
8,90,3.6,7.91,-19.54
8,90,3.92,8.248,-19.3
8,90,4.24,9.254,-19.77
8,90,4.56,11.304,-18.51
8,90,4.88,12.18,-17.95
8,90,5.2,12.07,-19.35
8,90,5.52,11.032,-19.25
8,90,5.84,11.028,-20.42
8,90,6.16,11.48,-20.56
8,90,6.48,11.264,-22.82
8,90,6.8,11.92,-21.58
8,90,7.12,12.344,-22.25
8,90,7.44,12.194,-22.14
8,90,7.76,12.152,-23.07
8,90,8.08,12.444,-22.36
8,90,8.4,12.24,-23.14
8,90,8.72,12.582,-24.72
8,90,9.04,12.826,-24.96
8,90,9.36,12.446,-25.62
8,90,9.68,11.51,-27.38
8,90,10,12.03,-27.04
8,90,10.32,11.928,-27.7
8,90,10.64,11.622,-28.39
8,90,10.96,11.804,-28.18
8,90,11.28,11.194,-29.25
8,90,11.6,10.17,-30.7
8,90,11.92,10.386,-30.74
8,90,12.24,10.456,-31.8
8,90,12.56,10.53,-33.54
8,90,12.88,8.67399999999999,-36.53
8,90,13.2,12.28,-34.5
8,90,13.52,10.608,-35.4
8,90,13.84,11.882,-35.6
8,90,14.16,13.644,-34.58
8,90,14.48,14.776,-37.05
8,90,14.8,15.48,-32.53
8,90,15.12,13.81,-32.62
8,90,15.44,12.754,-33.56
8,90,15.76,12.552,-34.64
8,90,16.08,12.368,-35.09
8,90,16.4,11.24,-38.57
8,90,16.72,9.182,-40.3
8,90,17.04,7.38399999999999,-43.87
8,90,17.36,4.434,-48.21
8,90,17.68,4.38800000000001,-48.69
8,90,18,7.37,-45.44
9,90,2,4.84,-16.95
9,90,2.32,7.264,-18.39
9,90,2.64,8.382,-20.33
9,90,2.96,10.482,-17.83
9,90,3.28,9.578,-20.44
9,90,3.6,7.76,-19.69
9,90,3.92,8.118,-19.43
9,90,4.24,9.154,-19.87
9,90,4.56,11.064,-18.75
9,90,4.88,11.94,-18.19
9,90,5.2,11.86,-19.56
9,90,5.52,10.802,-19.48
9,90,5.84,10.798,-20.65
9,90,6.16,11.2,-20.84
9,90,6.48,10.994,-23.09
9,90,6.8,11.58,-21.92
9,90,7.12,11.974,-22.62
9,90,7.44,11.844,-22.49
9,90,7.76,11.822,-23.4
9,90,8.08,11.954,-22.85
9,90,8.4,11.85,-23.53
9,90,8.72,12.102,-25.2
9,90,9.04,12.256,-25.53
9,90,9.36,11.786,-26.28
9,90,9.68,10.9,-27.99
9,90,10,11.32,-27.75
9,90,10.32,11.238,-28.39
9,90,10.64,10.902,-29.11
9,90,10.96,10.944,-29.04
9,90,11.28,10.344,-30.1
9,90,11.6,9.38,-31.49
9,90,11.92,9.396,-31.73
9,90,12.24,9.506,-32.75
9,90,12.56,9.54000000000001,-34.53
9,90,12.88,7.91399999999999,-37.29
9,90,13.2,11.51,-35.27
9,90,13.52,9.938,-36.07
9,90,13.84,10.832,-36.65
9,90,14.16,12.724,-35.5
9,90,14.48,13.576,-38.25
9,90,14.8,13.98,-34.03
9,90,15.12,12.2,-34.23
9,90,15.44,10.814,-35.5
9,90,15.76,10.382,-36.81
9,90,16.08,9.938,-37.52
9,90,16.4,8.7,-41.11
9,90,16.72,6.832,-42.65
9,90,17.04,6.07399999999999,-45.18
9,90,17.36,5.164,-47.48
9,90,17.68,5.16800000000001,-47.91
9,90,18,8.01000000000001,-44.8
10,90,2,4.72,-17.07
10,90,2.32,7.224,-18.43
10,90,2.64,8.372,-20.34
10,90,2.96,10.492,-17.82
10,90,3.28,9.468,-20.55
10,90,3.6,7.65,-19.8
10,90,3.92,8.008,-19.54
10,90,4.24,9.024,-20
10,90,4.56,10.884,-18.93
10,90,4.88,11.75,-18.38
10,90,5.2,11.65,-19.77
10,90,5.52,10.532,-19.75
10,90,5.84,10.558,-20.89
10,90,6.16,10.93,-21.11
10,90,6.48,10.694,-23.39
10,90,6.8,11.2,-22.3
10,90,7.12,11.554,-23.04
10,90,7.44,11.414,-22.92
10,90,7.76,11.422,-23.8
10,90,8.08,11.484,-23.32
10,90,8.4,11.32,-24.06
10,90,8.72,11.512,-25.79
10,90,9.04,11.676,-26.11
10,90,9.36,11.126,-26.94
10,90,9.68,10.25,-28.64
10,90,10,10.59,-28.48
10,90,10.32,10.388,-29.24
10,90,10.64,10.172,-29.84
10,90,10.96,10.014,-29.97
10,90,11.28,9.304,-31.14
10,90,11.6,8.2,-32.67
10,90,11.92,8.116,-33.01
10,90,12.24,8.436,-33.82
10,90,12.56,8.37,-35.7
10,90,12.88,7.30399999999999,-37.9
10,90,13.2,11.01,-35.77
10,90,13.52,8.95800000000001,-37.05
10,90,13.84,9.942,-37.54
10,90,14.16,11.814,-36.41
10,90,14.48,12.496,-39.33
10,90,14.8,12.28,-35.73
10,90,15.12,10.38,-36.05
10,90,15.44,8.894,-37.42
10,90,15.76,7.782,-39.41
10,90,16.08,7.298,-40.16
10,90,16.4,6.14,-43.67
10,90,16.72,5.012,-44.47
10,90,17.04,6.54399999999999,-44.71
10,90,17.36,6.604,-46.04
10,90,17.68,6.108,-46.97
10,90,18,8.3,-44.51
11,90,2,4.61,-17.18
11,90,2.32,7.144,-18.51
11,90,2.64,8.382,-20.33
11,90,2.96,10.502,-17.81
11,90,3.28,9.328,-20.69
11,90,3.6,7.53,-19.92
11,90,3.92,7.888,-19.66
11,90,4.24,8.854,-20.17
11,90,4.56,10.734,-19.08
11,90,4.88,11.56,-18.57
11,90,5.2,11.42,-20
11,90,5.52,10.202,-20.08
11,90,5.84,10.228,-21.22
11,90,6.16,10.62,-21.42
11,90,6.48,10.364,-23.72
11,90,6.8,10.8,-22.7
11,90,7.12,11.194,-23.4
11,90,7.44,10.984,-23.35
11,90,7.76,10.992,-24.23
11,90,8.08,11.004,-23.8
11,90,8.4,10.73,-24.65
11,90,8.72,10.972,-26.33
11,90,9.04,11.036,-26.75
11,90,9.36,10.516,-27.55
11,90,9.68,9.59,-29.3
11,90,10,9.8,-29.27
11,90,10.32,9.558,-30.07
11,90,10.64,9.322,-30.69
11,90,10.96,8.974,-31.01
11,90,11.28,8.234,-32.21
11,90,11.6,7.04,-33.83
11,90,11.92,6.896,-34.23
11,90,12.24,7.326,-34.93
11,90,12.56,7.32000000000001,-36.75
11,90,12.88,6.64399999999999,-38.56
11,90,13.2,10.25,-36.53
11,90,13.52,8.018,-37.99
11,90,13.84,8.852,-38.63
11,90,14.16,10.554,-37.67
11,90,14.48,11.006,-40.82
11,90,14.8,10.41,-37.6
11,90,15.12,8.42,-38.01
11,90,15.44,6.444,-39.87
11,90,15.76,5.332,-41.86
11,90,16.08,4.36799999999999,-43.09
11,90,16.4,4.3,-45.51
11,90,16.72,5.222,-44.26
11,90,17.04,7.48399999999999,-43.77
11,90,17.36,7.354,-45.29
11,90,17.68,6.268,-46.81
11,90,18,7.83000000000001,-44.98
12,90,2,4.47,-17.32
12,90,2.32,7.064,-18.59
12,90,2.64,8.372,-20.34
12,90,2.96,10.492,-17.82
12,90,3.28,9.158,-20.86
12,90,3.6,7.43,-20.02
12,90,3.92,7.818,-19.73
12,90,4.24,8.66400000000001,-20.36
12,90,4.56,10.574,-19.24
12,90,4.88,11.41,-18.72
12,90,5.2,11.25,-20.17
12,90,5.52,9.842,-20.44
12,90,5.84,9.918,-21.53
12,90,6.16,10.36,-21.68
12,90,6.48,10.014,-24.07
12,90,6.8,10.44,-23.06
12,90,7.12,10.824,-23.77
12,90,7.44,10.544,-23.79
12,90,7.76,10.492,-24.73
12,90,8.08,10.414,-24.39
12,90,8.4,10.19,-25.19
12,90,8.72,10.372,-26.93
12,90,9.04,10.236,-27.55
12,90,9.36,9.786,-28.28
12,90,9.68,8.88,-30.01
12,90,10,8.79,-30.28
12,90,10.32,8.688,-30.94
12,90,10.64,8.342,-31.67
12,90,10.96,7.884,-32.1
12,90,11.28,7.174,-33.27
12,90,11.6,5.69,-35.18
12,90,11.92,5.526,-35.6
12,90,12.24,6.146,-36.11
12,90,12.56,6.23,-37.84
12,90,12.88,5.98399999999999,-39.22
12,90,13.2,9.65,-37.13
12,90,13.52,7.158,-38.85
12,90,13.84,7.722,-39.76
12,90,14.16,9.49400000000001,-38.73
12,90,14.48,9.556,-42.27
12,90,14.8,8.4,-39.61
12,90,15.12,6.11,-40.32
12,90,15.44,4.184,-42.13
12,90,15.76,2.012,-45.18
12,90,16.08,2.208,-45.25
12,90,16.4,3.86,-45.95
12,90,16.72,5.982,-43.5
12,90,17.04,8.20399999999999,-43.05
12,90,17.36,7.204,-45.44
12,90,17.68,6.70800000000001,-46.37
12,90,18,7.84,-44.97
13,90,2,4.33,-17.46
13,90,2.32,6.934,-18.72
13,90,2.64,8.332,-20.38
13,90,2.96,10.452,-17.86
13,90,3.28,8.998,-21.02
13,90,3.6,7.31,-20.14
13,90,3.92,7.728,-19.82
13,90,4.24,8.44400000000001,-20.58
13,90,4.56,10.404,-19.41
13,90,4.88,11.2,-18.93
13,90,5.2,10.98,-20.44
13,90,5.52,9.462,-20.82
13,90,5.84,9.588,-21.86
13,90,6.16,10.16,-21.88
13,90,6.48,9.724,-24.36
13,90,6.8,10.05,-23.45
13,90,7.12,10.314,-24.28
13,90,7.44,10.034,-24.3
13,90,7.76,9.912,-25.31
13,90,8.08,9.724,-25.08
13,90,8.4,9.69,-25.69
13,90,8.72,9.582,-27.72
13,90,9.04,9.33599999999999,-28.45
13,90,9.36,9.136,-28.93
13,90,9.68,7.92,-30.97
13,90,10,7.76,-31.31
13,90,10.32,7.668,-31.96
13,90,10.64,7.402,-32.61
13,90,10.96,6.804,-33.18
13,90,11.28,5.734,-34.71
13,90,11.6,4.29,-36.58
13,90,11.92,4.17599999999999,-36.95
13,90,12.24,4.766,-37.49
13,90,12.56,5.45000000000001,-38.62
13,90,12.88,4.93399999999999,-40.27
13,90,13.2,8.75,-38.03
13,90,13.52,6.058,-39.95
13,90,13.84,6.402,-41.08
13,90,14.16,8.21400000000001,-40.01
13,90,14.48,7.84600000000001,-43.98
13,90,14.8,6.65,-41.36
13,90,15.12,4.06,-42.37
13,90,15.44,1.514,-44.8
13,90,15.76,-1.178,-48.37
13,90,16.08,1.048,-46.41
13,90,16.4,4.72,-45.09
13,90,16.72,6.492,-42.99
13,90,17.04,8.80399999999999,-42.45
13,90,17.36,7.494,-45.15
13,90,17.68,6.298,-46.78
13,90,18,7.01000000000001,-45.8
14,90,2,4.21,-17.58
14,90,2.32,6.804,-18.85
14,90,2.64,8.282,-20.43
14,90,2.96,10.402,-17.91
14,90,3.28,8.848,-21.17
14,90,3.6,7.21,-20.24
14,90,3.92,7.668,-19.88
14,90,4.24,8.224,-20.8
14,90,4.56,10.194,-19.62
14,90,4.88,10.98,-19.15
14,90,5.2,10.75,-20.67
14,90,5.52,9.062,-21.22
14,90,5.84,9.278,-22.17
14,90,6.16,9.92,-22.12
14,90,6.48,9.304,-24.78
14,90,6.8,9.63,-23.87
14,90,7.12,9.814,-24.78
14,90,7.44,9.474,-24.86
14,90,7.76,9.422,-25.8
14,90,8.08,9.014,-25.79
14,90,8.4,8.99,-26.39
14,90,8.72,8.772,-28.53
14,90,9.04,8.496,-29.29
14,90,9.36,8.346,-29.72
14,90,9.68,7.01,-31.88
14,90,10,6.76,-32.31
14,90,10.32,6.688,-32.94
14,90,10.64,6.282,-33.73
14,90,10.96,5.484,-34.5
14,90,11.28,4.424,-36.02
14,90,11.6,2.63,-38.24
14,90,11.92,2.796,-38.33
14,90,12.24,3.686,-38.57
14,90,12.56,4.36000000000001,-39.71
14,90,12.88,4.66399999999999,-40.54
14,90,13.2,7.93,-38.85
14,90,13.52,4.878,-41.13
14,90,13.84,5.502,-41.98
14,90,14.16,7.014,-41.21
14,90,14.48,6.16600000000001,-45.66
14,90,14.8,4.66,-43.35
14,90,15.12,1.6,-44.83
14,90,15.44,-1.216,-47.53
14,90,15.76,-2.898,-50.09
14,90,16.08,1.448,-46.01
14,90,16.4,4.84,-44.97
14,90,16.72,6.492,-42.99
14,90,17.04,8.34399999999999,-42.91
14,90,17.36,7.124,-45.52
14,90,17.68,5.018,-48.06
14,90,18,5.99,-46.82
15,90,2,4.06,-17.73
15,90,2.32,6.634,-19.02
15,90,2.64,8.182,-20.53
15,90,2.96,10.312,-18
15,90,3.28,8.668,-21.35
15,90,3.6,7.09,-20.36
15,90,3.92,7.618,-19.93
15,90,4.24,7.924,-21.1
15,90,4.56,9.984,-19.83
15,90,4.88,10.73,-19.4
15,90,5.2,10.44,-20.98
15,90,5.52,8.722,-21.56
15,90,5.84,8.968,-22.48
15,90,6.16,9.55,-22.49
15,90,6.48,8.854,-25.23
15,90,6.8,9.13,-24.37
15,90,7.12,9.224,-25.37
15,90,7.44,8.894,-25.44
15,90,7.76,8.832,-26.39
15,90,8.08,8.244,-26.56
15,90,8.4,8.28,-27.1
15,90,8.72,7.932,-29.37
15,90,9.04,7.546,-30.24
15,90,9.36,7.496,-30.57
15,90,9.68,5.93,-32.96
15,90,10,5.53,-33.54
15,90,10.32,5.658,-33.97
15,90,10.64,5.142,-34.87
15,90,10.96,3.954,-36.03
15,90,11.28,3.374,-37.07
15,90,11.6,0.960000000000001,-39.91
15,90,11.92,1.226,-39.9
15,90,12.24,2.556,-39.7
15,90,12.56,3.56000000000001,-40.51
15,90,12.88,3.944,-41.26
15,90,13.2,7.23,-39.55
15,90,13.52,3.84800000000001,-42.16
15,90,13.84,4.452,-43.03
15,90,14.16,5.624,-42.6
15,90,14.48,4.44600000000001,-47.38
15,90,14.8,1.86,-46.15
15,90,15.12,-1.04,-47.47
15,90,15.44,-3.826,-50.14
15,90,15.76,-4.468,-51.66
15,90,16.08,0.927999999999997,-46.53
15,90,16.4,4.56,-45.25
15,90,16.72,6.612,-42.87
15,90,17.04,8.13399999999999,-43.12
15,90,17.36,6.134,-46.51
15,90,17.68,3.678,-49.4
15,90,18,4.31,-48.5
16,90,2,3.97,-17.82
16,90,2.32,6.464,-19.19
16,90,2.64,8.082,-20.63
16,90,2.96,10.212,-18.1
16,90,3.28,8.448,-21.57
16,90,3.6,6.93,-20.52
16,90,3.92,7.528,-20.02
16,90,4.24,7.654,-21.37
16,90,4.56,9.764,-20.05
16,90,4.88,10.45,-19.68
16,90,5.2,10.11,-21.31
16,90,5.52,8.382,-21.9
16,90,5.84,8.598,-22.85
16,90,6.16,9.18,-22.86
16,90,6.48,8.434,-25.65
16,90,6.8,8.62,-24.88
16,90,7.12,8.674,-25.92
16,90,7.44,8.374,-25.96
16,90,7.76,8.122,-27.1
16,90,8.08,7.494,-27.31
16,90,8.4,7.45,-27.93
16,90,8.72,6.912,-30.39
16,90,9.04,6.706,-31.08
16,90,9.36,6.556,-31.51
16,90,9.68,4.8,-34.09
16,90,10,4.36,-34.71
16,90,10.32,4.568,-35.06
16,90,10.64,4.042,-35.97
16,90,10.96,2.564,-37.42
16,90,11.28,2.064,-38.38
16,90,11.6,-1.06,-41.93
16,90,11.92,0.0659999999999954,-41.06
16,90,12.24,1.696,-40.56
16,90,12.56,2.8,-41.27
16,90,12.88,2.974,-42.23
16,90,13.2,6.21,-40.57
16,90,13.52,2.738,-43.27
16,90,13.84,3.232,-44.25
16,90,14.16,4.384,-43.84
16,90,14.48,2.63600000000001,-49.19
16,90,14.8,-0.109999999999999,-48.12
16,90,15.12,-3.96,-50.39
16,90,15.44,-5.496,-51.81
16,90,15.76,-4.948,-52.14
16,90,16.08,0.967999999999996,-46.49
16,90,16.4,4.52,-45.29
16,90,16.72,5.862,-43.62
16,90,17.04,6.97399999999999,-44.28
16,90,17.36,5.274,-47.37
16,90,17.68,2.45800000000001,-50.62
16,90,18,3.1,-49.71
17,90,2,3.86,-17.93
17,90,2.32,6.294,-19.36
17,90,2.64,7.952,-20.76
17,90,2.96,10.102,-18.21
17,90,3.28,8.238,-21.78
17,90,3.6,6.75,-20.7
17,90,3.92,7.348,-20.2
17,90,4.24,7.344,-21.68
17,90,4.56,9.564,-20.25
17,90,4.88,10.14,-19.99
17,90,5.2,9.78,-21.64
17,90,5.52,8.082,-22.2
17,90,5.84,8.138,-23.31
17,90,6.16,8.77,-23.27
17,90,6.48,8.034,-26.05
17,90,6.8,8.08,-25.42
17,90,7.12,8.104,-26.49
17,90,7.44,7.764,-26.57
17,90,7.76,7.362,-27.86
17,90,8.08,6.844,-27.96
17,90,8.4,6.55,-28.83
17,90,8.72,5.872,-31.43
17,90,9.04,5.86599999999999,-31.92
17,90,9.36,5.58600000000001,-32.48
17,90,9.68,3.58,-35.31
17,90,10,3.17,-35.9
17,90,10.32,3.398,-36.23
17,90,10.64,2.552,-37.46
17,90,10.96,1.234,-38.75
17,90,11.28,0.574000000000005,-39.87
17,90,11.6,-2.41,-43.28
17,90,11.92,-1.124,-42.25
17,90,12.24,0.856000000000002,-41.4
17,90,12.56,2.02000000000001,-42.05
17,90,12.88,2.64399999999999,-42.56
17,90,13.2,5.25,-41.53
17,90,13.52,1.668,-44.34
17,90,13.84,1.862,-45.62
17,90,14.16,2.82400000000001,-45.4
17,90,14.48,1.52600000000001,-50.3
17,90,14.8,-1.66,-49.67
17,90,15.12,-8.02,-54.45
17,90,15.44,-8.726,-55.04
17,90,15.76,-5.768,-52.96
17,90,16.08,0.777999999999999,-46.68
17,90,16.4,4.2,-45.61
17,90,16.72,4.772,-44.71
17,90,17.04,6.05399999999999,-45.2
17,90,17.36,3.354,-49.29
17,90,17.68,0.598000000000006,-52.48
17,90,18,0.950000000000003,-51.86
18,90,2,3.78,-18.01
18,90,2.32,6.114,-19.54
18,90,2.64,7.802,-20.91
18,90,2.96,9.972,-18.34
18,90,3.28,7.938,-22.08
18,90,3.6,6.56,-20.89
18,90,3.92,7.188,-20.36
18,90,4.24,7.064,-21.96
18,90,4.56,9.324,-20.49
18,90,4.88,9.76,-20.37
18,90,5.2,9.42,-22
18,90,5.52,7.762,-22.52
18,90,5.84,7.698,-23.75
18,90,6.16,8.31,-23.73
18,90,6.48,7.594,-26.49
18,90,6.8,7.45,-26.05
18,90,7.12,7.584,-27.01
18,90,7.44,7.064,-27.27
18,90,7.76,6.442,-28.78
18,90,8.08,6.294,-28.51
18,90,8.4,5.56,-29.82
18,90,8.72,4.852,-32.45
18,90,9.04,4.996,-32.79
18,90,9.36,4.436,-33.63
18,90,9.68,2.18,-36.71
18,90,10,2.02,-37.05
18,90,10.32,2.138,-37.49
18,90,10.64,1.082,-38.93
18,90,10.96,-0.0559999999999974,-40.04
18,90,11.28,-1.456,-41.9
18,90,11.6,-4.14,-45.01
18,90,11.92,-2.084,-43.21
18,90,12.24,-0.0439999999999969,-42.3
18,90,12.56,1.50000000000001,-42.57
18,90,12.88,1.68399999999999,-43.52
18,90,13.2,4.27,-42.51
18,90,13.52,0.578000000000003,-45.43
18,90,13.84,0.921999999999997,-46.56
18,90,14.16,1.504,-46.72
18,90,14.48,-0.373999999999995,-52.2
18,90,14.8,-3.41,-51.42
18,90,15.12,-11.7,-58.13
18,90,15.44,-12.776,-59.09
18,90,15.76,-4.638,-51.83
18,90,16.08,0.867999999999995,-46.59
18,90,16.4,3.26000000000001,-46.55
18,90,16.72,4.022,-45.46
18,90,17.04,4.54399999999999,-46.71
18,90,17.36,1.494,-51.15
18,90,17.68,-0.611999999999995,-53.69
18,90,18,-0.539999999999999,-53.35
19,90,2,3.71,-18.08
19,90,2.32,5.914,-19.74
19,90,2.64,7.642,-21.07
19,90,2.96,9.882,-18.43
19,90,3.28,7.718,-22.3
19,90,3.6,6.45,-21
19,90,3.92,6.978,-20.57
19,90,4.24,6.794,-22.23
19,90,4.56,9.064,-20.75
19,90,4.88,9.33,-20.8
19,90,5.2,9.09,-22.33
19,90,5.52,7.422,-22.86
19,90,5.84,7.208,-24.24
19,90,6.16,7.85,-24.19
19,90,6.48,7.074,-27.01
19,90,6.8,6.74,-26.76
19,90,7.12,6.984,-27.61
19,90,7.44,6.304,-28.03
19,90,7.76,5.512,-29.71
19,90,8.08,5.624,-29.18
19,90,8.4,4.69,-30.69
19,90,8.72,3.742,-33.56
19,90,9.04,4.096,-33.69
19,90,9.36,3.40600000000001,-34.66
19,90,9.68,0.939999999999998,-37.95
19,90,10,0.840000000000003,-38.23
19,90,10.32,0.777999999999999,-38.85
19,90,10.64,-0.417999999999999,-40.43
19,90,10.96,-0.985999999999997,-40.97
19,90,11.28,-3.156,-43.6
19,90,11.6,-6.27,-47.14
19,90,11.92,-3.404,-44.53
19,90,12.24,-0.643999999999998,-42.9
19,90,12.56,0.150000000000006,-43.92
19,90,12.88,0.803999999999995,-44.4
19,90,13.2,3.22,-43.56
19,90,13.52,0.0180000000000007,-45.99
19,90,13.84,-0.538000000000004,-48.02
19,90,14.16,-0.0259999999999962,-48.25
19,90,14.48,-1.65399999999999,-53.48
19,90,14.8,-6.48,-54.49
19,90,15.12,-17.21,-63.64
19,90,15.44,-16.096,-62.41
19,90,15.76,-5.048,-52.24
19,90,16.08,0.277999999999999,-47.18
19,90,16.4,2.35,-47.46
19,90,16.72,2.892,-46.59
19,90,17.04,2.81399999999999,-48.44
19,90,17.36,-0.0960000000000036,-52.74
19,90,17.68,-2.002,-55.08
19,90,18,-2.07,-54.88
20,90,2,3.66,-18.13
20,90,2.32,5.764,-19.89
20,90,2.64,7.452,-21.26
20,90,2.96,9.762,-18.55
20,90,3.28,7.418,-22.6
20,90,3.6,6.35,-21.1
20,90,3.92,6.778,-20.77
20,90,4.24,6.514,-22.51
20,90,4.56,8.764,-21.05
20,90,4.88,8.88,-21.25
20,90,5.2,8.73,-22.69
20,90,5.52,7.062,-23.22
20,90,5.84,6.688,-24.76
20,90,6.16,7.32,-24.72
20,90,6.48,6.524,-27.56
20,90,6.8,6.07,-27.43
20,90,7.12,6.394,-28.2
20,90,7.44,5.514,-28.82
20,90,7.76,4.622,-30.6
20,90,8.08,4.864,-29.94
20,90,8.4,3.57,-31.81
20,90,8.72,2.712,-34.59
20,90,9.04,2.986,-34.8
20,90,9.36,2.15600000000001,-35.91
20,90,9.68,-0.0899999999999963,-38.98
20,90,10,-0.0700000000000003,-39.14
20,90,10.32,-0.572000000000003,-40.2
20,90,10.64,-1.738,-41.75
20,90,10.96,-1.946,-41.93
20,90,11.28,-4.686,-45.13
20,90,11.6,-8.1,-48.97
20,90,11.92,-4.154,-45.28
20,90,12.24,-1.644,-43.9
20,90,12.56,-0.339999999999989,-44.41
20,90,12.88,-0.376000000000005,-45.58
20,90,13.2,2.2,-44.58
20,90,13.52,-0.951999999999998,-46.96
20,90,13.84,-2.268,-49.75
20,90,14.16,-0.945999999999998,-49.17
20,90,14.48,-3.22399999999999,-55.05
20,90,14.8,-7.3,-55.31
20,90,15.12,-15.99,-62.42
20,90,15.44,-12.156,-58.47
20,90,15.76,-4.268,-51.46
20,90,16.08,0.0180000000000007,-47.44
20,90,16.4,1.26000000000001,-48.55
20,90,16.72,1.112,-48.37
20,90,17.04,1.32399999999999,-49.93
20,90,17.36,-1.106,-53.75
20,90,17.68,-3.40199999999999,-56.48
20,90,18,-3.48,-56.29
21,90,2,3.62,-18.17
21,90,2.32,5.574,-20.08
21,90,2.64,7.242,-21.47
21,90,2.96,9.602,-18.71
21,90,3.28,7.208,-22.81
21,90,3.6,6.24,-21.21
21,90,3.92,6.498,-21.05
21,90,4.24,6.244,-22.78
21,90,4.56,8.514,-21.3
21,90,4.88,8.45,-21.68
21,90,5.2,8.38,-23.04
21,90,5.52,6.732,-23.55
21,90,5.84,6.128,-25.32
21,90,6.16,6.87,-25.17
21,90,6.48,6.014,-28.07
21,90,6.8,5.41,-28.09
21,90,7.12,5.794,-28.8
21,90,7.44,4.664,-29.67
21,90,7.76,3.882,-31.34
21,90,8.08,3.944,-30.86
21,90,8.4,2.31,-33.07
21,90,8.72,1.472,-35.83
21,90,9.04,1.816,-35.97
21,90,9.36,0.836000000000006,-37.23
21,90,9.68,-1.05,-39.94
21,90,10,-1.32,-40.39
21,90,10.32,-2.372,-42
21,90,10.64,-3.158,-43.17
21,90,10.96,-3.266,-43.25
21,90,11.28,-5.936,-46.38
21,90,11.6,-9.36,-50.23
21,90,11.92,-4.794,-45.92
21,90,12.24,-2.644,-44.9
21,90,12.56,-1.52,-45.59
21,90,12.88,-1.39600000000001,-46.6
21,90,13.2,1.57,-45.21
21,90,13.52,-2.11199999999999,-48.12
21,90,13.84,-3.458,-50.94
21,90,14.16,-2.456,-50.68
21,90,14.48,-4.71399999999999,-56.54
21,90,14.8,-8.31,-56.32
21,90,15.12,-12.36,-58.79
21,90,15.44,-10.486,-56.8
21,90,15.76,-4.298,-51.49
21,90,16.08,-0.402000000000001,-47.86
21,90,16.4,0.630000000000003,-49.18
21,90,16.72,-0.378,-49.86
21,90,17.04,-0.0660000000000096,-51.32
21,90,17.36,-2.69600000000001,-55.34
21,90,17.68,-4.142,-57.22
21,90,18,-4.09999999999999,-56.91
22,90,2,3.59,-18.2
22,90,2.32,5.374,-20.28
22,90,2.64,7.002,-21.71
22,90,2.96,9.442,-18.87
22,90,3.28,7.038,-22.98
22,90,3.6,6.14,-21.31
22,90,3.92,6.218,-21.33
22,90,4.24,5.924,-23.1
22,90,4.56,8.284,-21.53
22,90,4.88,8.05,-22.08
22,90,5.2,7.99,-23.43
22,90,5.52,6.312,-23.97
22,90,5.84,5.538,-25.91
22,90,6.16,6.39,-25.65
22,90,6.48,5.414,-28.67
22,90,6.8,4.79,-28.71
22,90,7.12,5.054,-29.54
22,90,7.44,3.634,-30.7
22,90,7.76,3.242,-31.98
22,90,8.08,3.054,-31.75
22,90,8.4,1.02,-34.36
22,90,8.72,0.112000000000002,-37.19
22,90,9.04,0.645999999999994,-37.14
22,90,9.36,-0.704000000000001,-38.77
22,90,9.68,-1.92,-40.81
22,90,10,-2.5,-41.57
22,90,10.32,-3.862,-43.49
22,90,10.64,-4.498,-44.51
22,90,10.96,-4.736,-44.72
22,90,11.28,-7.806,-48.25
22,90,11.6,-11.33,-52.2
22,90,11.92,-5.774,-46.9
22,90,12.24,-3.634,-45.89
22,90,12.56,-2.61999999999999,-46.69
22,90,12.88,-2.81600000000001,-48.02
22,90,13.2,-0.210000000000001,-46.99
22,90,13.52,-3.102,-49.11
22,90,13.84,-3.748,-51.23
22,90,14.16,-4.196,-52.42
22,90,14.48,-5.59399999999999,-57.42
22,90,14.8,-8.3,-56.31
22,90,15.12,-11.17,-57.6
22,90,15.44,-8.866,-55.18
22,90,15.76,-3.758,-50.95
22,90,16.08,-1.172,-48.63
22,90,16.4,-1.27,-51.08
22,90,16.72,-1.718,-51.2
22,90,17.04,-2.26600000000001,-53.52
22,90,17.36,-3.936,-56.58
22,90,17.68,-6.36199999999999,-59.44
22,90,18,-5.06,-57.87
23,90,2,3.54,-18.25
23,90,2.32,5.194,-20.46
23,90,2.64,6.782,-21.93
23,90,2.96,9.252,-19.06
23,90,3.28,6.858,-23.16
23,90,3.6,6.03,-21.42
23,90,3.92,5.898,-21.65
23,90,4.24,5.634,-23.39
23,90,4.56,8.054,-21.76
23,90,4.88,7.65,-22.48
23,90,5.2,7.6,-23.82
23,90,5.52,5.812,-24.47
23,90,5.84,5.008,-26.44
23,90,6.16,5.82,-26.22
23,90,6.48,4.734,-29.35
23,90,6.8,4.14,-29.36
23,90,7.12,4.244,-30.35
23,90,7.44,2.584,-31.75
23,90,7.76,2.682,-32.54
23,90,8.08,2.094,-32.71
23,90,8.4,-0.399999999999999,-35.78
23,90,8.72,-1.418,-38.72
23,90,9.04,-0.454000000000008,-38.24
23,90,9.36,-1.924,-39.99
23,90,9.68,-2.87,-41.76
23,90,10,-3.96,-43.03
23,90,10.32,-5.282,-44.91
23,90,10.64,-5.948,-45.96
23,90,10.96,-6.006,-45.99
23,90,11.28,-9.686,-50.13
23,90,11.6,-12.02,-52.89
23,90,11.92,-6.89400000000001,-48.02
23,90,12.24,-5.214,-47.47
23,90,12.56,-3.59999999999999,-47.67
23,90,12.88,-4.06600000000001,-49.27
23,90,13.2,-1.16,-47.94
23,90,13.52,-4.562,-50.57
23,90,13.84,-5.458,-52.94
23,90,14.16,-3.836,-52.06
23,90,14.48,-7.05399999999999,-58.88
23,90,14.8,-8.75,-56.76
23,90,15.12,-10.41,-56.84
23,90,15.44,-6.496,-52.81
23,90,15.76,-4.648,-51.84
23,90,16.08,-2.012,-49.47
23,90,16.4,-2.33,-52.14
23,90,16.72,-3.868,-53.35
23,90,17.04,-3.56600000000001,-54.82
23,90,17.36,-6.046,-58.69
23,90,17.68,-7.632,-60.71
23,90,18,-9.31,-62.12
24,90,2,3.49,-18.3
24,90,2.32,4.994,-20.66
24,90,2.64,6.522,-22.19
24,90,2.96,9.002,-19.31
24,90,3.28,6.768,-23.25
24,90,3.6,5.92,-21.53
24,90,3.92,5.558,-21.99
24,90,4.24,5.334,-23.69
24,90,4.56,7.884,-21.93
24,90,4.88,7.23,-22.9
24,90,5.2,7.18,-24.24
24,90,5.52,5.262,-25.02
24,90,5.84,4.468,-26.98
24,90,6.16,5.2,-26.84
24,90,6.48,3.994,-30.09
24,90,6.8,3.51,-29.99
24,90,7.12,3.364,-31.23
24,90,7.44,1.46400000000001,-32.87
24,90,7.76,1.832,-33.39
24,90,8.08,0.994,-33.81
24,90,8.4,-1.61,-36.99
24,90,8.72,-3.018,-40.32
24,90,9.04,-1.53400000000001,-39.32
24,90,9.36,-3.59399999999999,-41.66
24,90,9.68,-4.03,-42.92
24,90,10,-4.52,-43.59
24,90,10.32,-6.832,-46.46
24,90,10.64,-7.498,-47.51
24,90,10.96,-8.036,-48.02
24,90,11.28,-11.276,-51.72
24,90,11.6,-14.55,-55.42
24,90,11.92,-8.754,-49.88
24,90,12.24,-7.074,-49.33
24,90,12.56,-4.95999999999999,-49.03
24,90,12.88,-5.276,-50.48
24,90,13.2,-2.2,-48.98
24,90,13.52,-5.762,-51.77
24,90,13.84,-6.758,-54.24
24,90,14.16,-4.626,-52.85
24,90,14.48,-8.21399999999999,-60.04
24,90,14.8,-10.13,-58.14
24,90,15.12,-11.58,-58.01
24,90,15.44,-8.706,-55.02
24,90,15.76,-6.358,-53.55
24,90,16.08,-3.322,-50.78
24,90,16.4,-4.8,-54.61
24,90,16.72,-5.278,-54.76
24,90,17.04,-4.26600000000001,-55.52
24,90,17.36,-8.566,-61.21
24,90,17.68,-12.762,-65.84
24,90,18,-8.84999999999999,-61.66
25,90,2,3.44,-18.35
25,90,2.32,4.834,-20.82
25,90,2.64,6.262,-22.45
25,90,2.96,8.702,-19.61
25,90,3.28,6.628,-23.39
25,90,3.6,5.71,-21.74
25,90,3.92,5.218,-22.33
25,90,4.24,5.024,-24
25,90,4.56,7.604,-22.21
25,90,4.88,6.79,-23.34
25,90,5.2,6.76,-24.66
25,90,5.52,4.652,-25.63
25,90,5.84,3.968,-27.48
25,90,6.16,4.49,-27.55
25,90,6.48,3.314,-30.77
25,90,6.8,2.8,-30.7
25,90,7.12,2.614,-31.98
25,90,7.44,0.384,-33.95
25,90,7.76,0.881999999999998,-34.34
25,90,8.08,0.00400000000000489,-34.8
25,90,8.4,-2.98,-38.36
25,90,8.72,-4.568,-41.87
25,90,9.04,-3.02400000000001,-40.81
25,90,9.36,-4.654,-42.72
25,90,9.68,-5.81,-44.7
25,90,10,-5.51,-44.58
25,90,10.32,-8.242,-47.87
25,90,10.64,-8.778,-48.79
25,90,10.96,-10.046,-50.03
25,90,11.28,-12.746,-53.19
25,90,11.6,-15.2,-56.07
25,90,11.92,-10.084,-51.21
25,90,12.24,-8.464,-50.72
25,90,12.56,-6.81,-50.88
25,90,12.88,-6.72600000000001,-51.93
25,90,13.2,-3.86,-50.64
25,90,13.52,-6.72199999999999,-52.73
25,90,13.84,-8.518,-56
25,90,14.16,-6.60599999999999,-54.83
25,90,14.48,-9.38399999999999,-61.21
25,90,14.8,-9.22,-57.23
25,90,15.12,-11.51,-57.94
25,90,15.44,-11.326,-57.64
25,90,15.76,-7.348,-54.54
25,90,16.08,-5.332,-52.79
25,90,16.4,-6.61,-56.42
25,90,16.72,-8.358,-57.84
25,90,17.04,-7.96600000000001,-59.22
25,90,17.36,-8.146,-60.79
25,90,17.68,-11.372,-64.45
25,90,18,-9.5,-62.31
26,90,2,3.38,-18.41
26,90,2.32,4.654,-21
26,90,2.64,6.002,-22.71
26,90,2.96,8.362,-19.95
26,90,3.28,6.538,-23.48
26,90,3.6,5.55,-21.9
26,90,3.92,4.908,-22.64
26,90,4.24,4.634,-24.39
26,90,4.56,7.334,-22.48
26,90,4.88,6.37,-23.76
26,90,5.2,6.34,-25.08
26,90,5.52,4.032,-26.25
26,90,5.84,3.388,-28.06
26,90,6.16,3.83,-28.21
26,90,6.48,2.574,-31.51
26,90,6.8,2.23,-31.27
26,90,7.12,1.894,-32.7
26,90,7.44,-0.625999999999998,-34.96
26,90,7.76,-0.0279999999999987,-35.25
26,90,8.08,-1.096,-35.9
26,90,8.4,-4.23999999999999,-39.62
26,90,8.72,-5.498,-42.8
26,90,9.04,-4.864,-42.65
26,90,9.36,-6.194,-44.26
26,90,9.68,-6.74,-45.63
26,90,10,-7.03,-46.1
26,90,10.32,-10.842,-50.47
26,90,10.64,-10.978,-50.99
26,90,10.96,-12.976,-52.96
26,90,11.28,-14.396,-54.84
26,90,11.6,-17.82,-58.69
26,90,11.92,-10.404,-51.53
26,90,12.24,-8.944,-51.2
26,90,12.56,-7.02,-51.09
26,90,12.88,-7.00600000000001,-52.21
26,90,13.2,-4.99,-51.77
26,90,13.52,-7.832,-53.84
26,90,13.84,-9.418,-56.9
26,90,14.16,-6.876,-55.1
26,90,14.48,-13.554,-65.38
26,90,14.8,-12.83,-60.84
26,90,15.12,-13.2,-59.63
26,90,15.44,-13.986,-60.3
26,90,15.76,-9.248,-56.44
26,90,16.08,-8.182,-55.64
26,90,16.4,-12.73,-62.54
26,90,16.72,-9.578,-59.06
26,90,17.04,-14.566,-65.82
26,90,17.36,-11.816,-64.46
26,90,17.68,-12.142,-65.22
26,90,18,-12.21,-65.02
27,90,2,3.28,-18.51
27,90,2.32,4.484,-21.17
27,90,2.64,5.722,-22.99
27,90,2.96,7.952,-20.36
27,90,3.28,6.358,-23.66
27,90,3.6,5.27,-22.18
27,90,3.92,4.578,-22.97
27,90,4.24,4.224,-24.8
27,90,4.56,6.974,-22.84
27,90,4.88,5.95,-24.18
27,90,5.2,5.92,-25.5
27,90,5.52,3.302,-26.98
27,90,5.84,2.748,-28.7
27,90,6.16,3.09,-28.95
27,90,6.48,1.78400000000001,-32.3
27,90,6.8,1.48,-32.02
27,90,7.12,1.074,-33.52
27,90,7.44,-1.336,-35.67
27,90,7.76,-1.078,-36.3
27,90,8.08,-2.17599999999999,-36.98
27,90,8.4,-5.66,-41.04
27,90,8.72,-6.738,-44.04
27,90,9.04,-6.904,-44.69
27,90,9.36,-7.544,-45.61
27,90,9.68,-8.07,-46.96
27,90,10,-9.86,-48.93
27,90,10.32,-12.552,-52.18
27,90,10.64,-12.398,-52.41
27,90,10.96,-14.866,-54.85
27,90,11.28,-17.616,-58.06
27,90,11.6,-15.62,-56.49
27,90,11.92,-12.474,-53.6
27,90,12.24,-10.134,-52.39
27,90,12.56,-8.10999999999999,-52.18
27,90,12.88,-8.94600000000001,-54.15
27,90,13.2,-5.93,-52.71
27,90,13.52,-9.482,-55.49
27,90,13.84,-10.168,-57.65
27,90,14.16,-8.116,-56.34
27,90,14.48,-13.784,-65.61
27,90,14.8,-15.19,-63.2
27,90,15.12,-19.03,-65.46
27,90,15.44,-18.136,-64.45
27,90,15.76,-15.428,-62.62
27,90,16.08,-11.362,-58.82
27,90,16.4,-14.62,-64.43
27,90,16.72,-11.998,-61.48
27,90,17.04,-10.926,-62.18
27,90,17.36,-14.456,-67.1
27,90,17.68,-16.532,-69.61
27,90,18,-18.06,-70.87
28,90,2,3.19,-18.6
28,90,2.32,4.314,-21.34
28,90,2.64,5.482,-23.23
28,90,2.96,7.542,-20.77
28,90,3.28,6.218,-23.8
28,90,3.6,5.06,-22.39
28,90,3.92,4.298,-23.25
28,90,4.24,3.89400000000001,-25.13
28,90,4.56,6.604,-23.21
28,90,4.88,5.59,-24.54
28,90,5.2,5.59,-25.83
28,90,5.52,2.552,-27.73
28,90,5.84,2.108,-29.34
28,90,6.16,2.42,-29.62
28,90,6.48,1.03400000000001,-33.05
28,90,6.8,0.659999999999997,-32.84
28,90,7.12,0.164000000000001,-34.43
28,90,7.44,-1.82599999999999,-36.16
28,90,7.76,-2.258,-37.48
28,90,8.08,-3.536,-38.34
28,90,8.4,-7.12,-42.5
28,90,8.72,-7.678,-44.98
28,90,9.04,-8.694,-46.48
28,90,9.36,-8.644,-46.71
28,90,9.68,-9.11,-48
28,90,10,-12.48,-51.55
28,90,10.32,-14.742,-54.37
28,90,10.64,-15.678,-55.69
28,90,10.96,-19.796,-59.78
28,90,11.28,-23.696,-64.14
28,90,11.6,-16.39,-57.26
28,90,11.92,-13.214,-54.34
28,90,12.24,-10.234,-52.49
28,90,12.56,-7.54999999999999,-51.62
28,90,12.88,-9.026,-54.23
28,90,13.2,-6.8,-53.58
28,90,13.52,-9.942,-55.95
28,90,13.84,-10.638,-58.12
28,90,14.16,-10.076,-58.3
28,90,14.48,-14.574,-66.4
28,90,14.8,-26.09,-74.1
28,90,15.12,-28.26,-74.69
28,90,15.44,-20.566,-66.88
28,90,15.76,-19.518,-66.71
28,90,16.08,-11.882,-59.34
28,90,16.4,-14.62,-64.43
28,90,16.72,-12.228,-61.71
28,90,17.04,-15.336,-66.59
28,90,17.36,-14.086,-66.73
28,90,17.68,-15.602,-68.68
28,90,18,-12.87,-65.68
29,90,2,3.06,-18.73
29,90,2.32,4.184,-21.47
29,90,2.64,5.192,-23.52
29,90,2.96,7.102,-21.21
29,90,3.28,5.988,-24.03
29,90,3.6,4.76,-22.69
29,90,3.92,4.038,-23.51
29,90,4.24,3.514,-25.51
29,90,4.56,6.184,-23.63
29,90,4.88,5.22,-24.91
29,90,5.2,5.23,-26.19
29,90,5.52,1.802,-28.48
29,90,5.84,1.488,-29.96
29,90,6.16,1.75,-30.29
29,90,6.48,0.234000000000002,-33.85
29,90,6.8,-0.259999999999998,-33.76
29,90,7.12,-0.576000000000001,-35.17
29,90,7.44,-2.496,-36.83
29,90,7.76,-3.198,-38.42
29,90,8.08,-4.60599999999999,-39.41
29,90,8.4,-8.32,-43.7
29,90,8.72,-8.298,-45.6
29,90,9.04,-10.744,-48.53
29,90,9.36,-10.024,-48.09
29,90,9.68,-10.17,-49.06
29,90,10,-14.72,-53.79
29,90,10.32,-16.432,-56.06
29,90,10.64,-17.848,-57.86
29,90,10.96,-23.656,-63.64
29,90,11.28,-22.566,-63.01
29,90,11.6,-16.29,-57.16
29,90,11.92,-12.964,-54.09
29,90,12.24,-10.914,-53.17
29,90,12.56,-7.43999999999999,-51.51
29,90,12.88,-8.69600000000001,-53.9
29,90,13.2,-7.63,-54.41
29,90,13.52,-12.022,-58.03
29,90,13.84,-11.418,-58.9
29,90,14.16,-10.866,-59.09
29,90,14.48,-21.464,-73.29
29,90,14.8,-22.16,-70.17
29,90,15.12,-27.16,-73.59
29,90,15.44,-17.836,-64.15
29,90,15.76,-16.528,-63.72
29,90,16.08,-12.352,-59.81
29,90,16.4,-12.68,-62.49
29,90,16.72,-10.228,-59.71
29,90,17.04,-16.936,-68.19
29,90,17.36,-11.466,-64.11
29,90,17.68,-17.542,-70.62
29,90,18,-10.69,-63.5
30,90,2,2.98,-18.81
30,90,2.32,4.044,-21.61
30,90,2.64,4.952,-23.76
30,90,2.96,6.652,-21.66
30,90,3.28,5.818,-24.2
30,90,3.6,4.4,-23.05
30,90,3.92,3.748,-23.8
30,90,4.24,3.21400000000001,-25.81
30,90,4.56,5.644,-24.17
30,90,4.88,4.84,-25.29
30,90,5.2,4.9,-26.52
30,90,5.52,1.132,-29.15
30,90,5.84,0.858000000000001,-30.59
30,90,6.16,1.06,-30.98
30,90,6.48,-0.555999999999997,-34.64
30,90,6.8,-1.05,-34.55
30,90,7.12,-1.436,-36.03
30,90,7.44,-3.46599999999999,-37.8
30,90,7.76,-3.918,-39.14
30,90,8.08,-5.60599999999999,-40.41
30,90,8.4,-9.2,-44.58
30,90,8.72,-9.858,-47.16
30,90,9.04,-11.864,-49.65
30,90,9.36,-10.864,-48.93
30,90,9.68,-12.9,-51.79
30,90,10,-16.69,-55.76
30,90,10.32,-20.462,-60.09
30,90,10.64,-26.888,-66.9
30,90,10.96,-18.816,-58.8
30,90,11.28,-18.836,-59.28
30,90,11.6,-14.51,-55.38
30,90,11.92,-11.814,-52.94
30,90,12.24,-11.524,-53.78
30,90,12.56,-7.56999999999999,-51.64
30,90,12.88,-8.63600000000001,-53.84
30,90,13.2,-7.23,-54.01
30,90,13.52,-13.252,-59.26
30,90,13.84,-10.818,-58.3
30,90,14.16,-8.89599999999999,-57.12
30,90,14.48,-14.974,-66.8
30,90,14.8,-13.64,-61.65
30,90,15.12,-19.18,-65.61
30,90,15.44,-14.126,-60.44
30,90,15.76,-14.218,-61.41
30,90,16.08,-10.582,-58.04
30,90,16.4,-10.53,-60.34
30,90,16.72,-9.658,-59.14
30,90,17.04,-11.946,-63.2
30,90,17.36,-13.526,-66.17
30,90,17.68,-12.412,-65.49
30,90,18,-17.96,-70.77
31,90,2,2.83,-18.96
31,90,2.32,3.924,-21.73
31,90,2.64,4.682,-24.03
31,90,2.96,6.242,-22.07
31,90,3.28,5.538,-24.48
31,90,3.6,4.05,-23.4
31,90,3.92,3.538,-24.01
31,90,4.24,2.91400000000001,-26.11
31,90,4.56,5.184,-24.63
31,90,4.88,4.45,-25.68
31,90,5.2,4.55,-26.87
31,90,5.52,0.492000000000001,-29.79
31,90,5.84,0.257999999999999,-31.19
31,90,6.16,0.34,-31.7
31,90,6.48,-1.32599999999999,-35.41
31,90,6.8,-1.95,-35.45
31,90,7.12,-2.346,-36.94
31,90,7.44,-4.60599999999999,-38.94
31,90,7.76,-4.448,-39.67
31,90,8.08,-6.586,-41.39
31,90,8.4,-10.38,-45.76
31,90,8.72,-11.508,-48.81
31,90,9.04,-12.514,-50.3
31,90,9.36,-12.114,-50.18
31,90,9.68,-17.47,-56.36
31,90,10,-16.46,-55.53
31,90,10.32,-23.322,-62.95
31,90,10.64,-25.888,-65.9
31,90,10.96,-14.836,-54.82
31,90,11.28,-15.626,-56.07
31,90,11.6,-12.52,-53.39
31,90,11.92,-11.324,-52.45
31,90,12.24,-10.204,-52.46
31,90,12.56,-7.21999999999999,-51.29
31,90,12.88,-9.236,-54.44
31,90,13.2,-6.55,-53.33
31,90,13.52,-11.952,-57.96
31,90,13.84,-10.538,-58.02
31,90,14.16,-8.836,-57.06
31,90,14.48,-16.174,-68
31,90,14.8,-15.88,-63.89
31,90,15.12,-13.12,-59.55
31,90,15.44,-11.056,-57.37
31,90,15.76,-10.158,-57.35
31,90,16.08,-8.992,-56.45
31,90,16.4,-9.22,-59.03
31,90,16.72,-10.968,-60.45
31,90,17.04,-9.56600000000001,-60.82
31,90,17.36,-11.176,-63.82
31,90,17.68,-18.092,-71.17
31,90,18,-19.68,-72.49
32,90,2,2.69,-19.1
32,90,2.32,3.774,-21.88
32,90,2.64,4.452,-24.26
32,90,2.96,5.862,-22.45
32,90,3.28,5.248,-24.77
32,90,3.6,3.58,-23.87
32,90,3.92,3.248,-24.3
32,90,4.24,2.564,-26.46
32,90,4.56,4.664,-25.15
32,90,4.88,4.03,-26.1
32,90,5.2,4.17,-27.25
32,90,5.52,-0.0180000000000007,-30.3
32,90,5.84,-0.282,-31.73
32,90,6.16,-0.390000000000001,-32.43
32,90,6.48,-2.096,-36.18
32,90,6.8,-2.88,-36.38
32,90,7.12,-2.856,-37.45
32,90,7.44,-5.936,-40.27
32,90,7.76,-5.538,-40.76
32,90,8.08,-7.096,-41.9
32,90,8.4,-11.82,-47.2
32,90,8.72,-12.568,-49.87
32,90,9.04,-13.484,-51.27
32,90,9.36,-14.554,-52.62
32,90,9.68,-22.93,-61.82
32,90,10,-17.8,-56.87
32,90,10.32,-39.952,-79.58
32,90,10.64,-21.648,-61.66
32,90,10.96,-13.666,-53.65
32,90,11.28,-13.806,-54.25
32,90,11.6,-11.51,-52.38
32,90,11.92,-10.564,-51.69
32,90,12.24,-9.934,-52.19
32,90,12.56,-7.84999999999999,-51.92
32,90,12.88,-8.96600000000001,-54.17
32,90,13.2,-5.72,-52.5
32,90,13.52,-12.492,-58.5
32,90,13.84,-12.698,-60.18
32,90,14.16,-8.32599999999999,-56.55
32,90,14.48,-14.884,-66.71
32,90,14.8,-12.71,-60.72
32,90,15.12,-11.56,-57.99
32,90,15.44,-10.686,-57
32,90,15.76,-8.778,-55.97
32,90,16.08,-9.162,-56.62
32,90,16.4,-8.79,-58.6
32,90,16.72,-10.228,-59.71
32,90,17.04,-12.146,-63.4
32,90,17.36,-13.216,-65.86
32,90,17.68,-17.522,-70.6
32,90,18,-17.99,-70.8
33,90,2,2.55,-19.24
33,90,2.32,3.624,-22.03
33,90,2.64,4.222,-24.49
33,90,2.96,5.632,-22.68
33,90,3.28,4.968,-25.05
33,90,3.6,3.16,-24.29
33,90,3.92,3.028,-24.52
33,90,4.24,2.294,-26.73
33,90,4.56,4.224,-25.59
33,90,4.88,3.6,-26.53
33,90,5.2,3.79,-27.63
33,90,5.52,-0.518000000000001,-30.8
33,90,5.84,-0.841999999999999,-32.29
33,90,6.16,-1.2,-33.24
33,90,6.48,-2.806,-36.89
33,90,6.8,-3.65,-37.15
33,90,7.12,-3.636,-38.23
33,90,7.44,-7.21599999999999,-41.55
33,90,7.76,-6.388,-41.61
33,90,8.08,-7.476,-42.28
33,90,8.4,-13.32,-48.7
33,90,8.72,-14.078,-51.38
33,90,9.04,-15.474,-53.26
33,90,9.36,-19.104,-57.17
33,90,9.68,-31.78,-70.67
33,90,10,-19.88,-58.95
33,90,10.32,-33.702,-73.33
33,90,10.64,-18.198,-58.21
33,90,10.96,-14.956,-54.94
33,90,11.28,-12.866,-53.31
33,90,11.6,-9.88,-50.75
33,90,11.92,-9.434,-50.56
33,90,12.24,-10.624,-52.88
33,90,12.56,-7.07999999999999,-51.15
33,90,12.88,-9.126,-54.33
33,90,13.2,-5.96,-52.74
33,90,13.52,-12.572,-58.58
33,90,13.84,-10.158,-57.64
33,90,14.16,-7.706,-55.93
33,90,14.48,-10.994,-62.82
33,90,14.8,-11.92,-59.93
33,90,15.12,-8.98,-55.41
33,90,15.44,-8.406,-54.72
33,90,15.76,-9.008,-56.2
33,90,16.08,-9.242,-56.7
33,90,16.4,-9.89,-59.7
33,90,16.72,-10.008,-59.49
33,90,17.04,-15.066,-66.32
33,90,17.36,-15.236,-67.88
33,90,17.68,-12.972,-66.05
33,90,18,-15.72,-68.53
34,90,2,2.36,-19.43
34,90,2.32,3.464,-22.19
34,90,2.64,3.992,-24.72
34,90,2.96,5.412,-22.9
34,90,3.28,4.698,-25.32
34,90,3.6,2.7,-24.75
34,90,3.92,2.738,-24.81
34,90,4.24,1.904,-27.12
34,90,4.56,3.754,-26.06
34,90,4.88,3.18,-26.95
34,90,5.2,3.28,-28.14
34,90,5.52,-0.968,-31.25
34,90,5.84,-1.312,-32.76
34,90,6.16,-2,-34.04
34,90,6.48,-3.406,-37.49
34,90,6.8,-4.54,-38.04
34,90,7.12,-4.296,-38.89
34,90,7.44,-8.726,-43.06
34,90,7.76,-7.318,-42.54
34,90,8.08,-8.116,-42.92
34,90,8.4,-15.65,-51.03
34,90,8.72,-14.358,-51.66
34,90,9.04,-18.724,-56.51
34,90,9.36,-19.754,-57.82
34,90,9.68,-30.51,-69.4
34,90,10,-31.65,-70.72
34,90,10.32,-26.072,-65.7
34,90,10.64,-16.638,-56.65
34,90,10.96,-13.486,-53.47
34,90,11.28,-12.286,-52.73
34,90,11.6,-9.35,-50.22
34,90,11.92,-9.314,-50.44
34,90,12.24,-10.374,-52.63
34,90,12.56,-7.79999999999999,-51.87
34,90,12.88,-8.85600000000001,-54.06
34,90,13.2,-7.26,-54.04
34,90,13.52,-12.432,-58.44
34,90,13.84,-10.868,-58.35
34,90,14.16,-8.71599999999999,-56.94
34,90,14.48,-11.844,-63.67
34,90,14.8,-8.26000000000001,-56.27
34,90,15.12,-8.03,-54.46
34,90,15.44,-8.566,-54.88
34,90,15.76,-8.978,-56.17
34,90,16.08,-10.932,-58.39
34,90,16.4,-12.96,-62.77
34,90,16.72,-12.438,-61.92
34,90,17.04,-11.876,-63.13
34,90,17.36,-14.856,-67.5
34,90,17.68,-16.072,-69.15
34,90,18,-28.79,-81.6
35,90,2,2.2,-19.59
35,90,2.32,3.304,-22.35
35,90,2.64,3.732,-24.98
35,90,2.96,5.282,-23.03
35,90,3.28,4.438,-25.58
35,90,3.6,2.26,-25.19
35,90,3.92,2.408,-25.14
35,90,4.24,1.434,-27.59
35,90,4.56,3.464,-26.35
35,90,4.88,2.75,-27.38
35,90,5.2,2.82,-28.6
35,90,5.52,-1.358,-31.64
35,90,5.84,-1.782,-33.23
35,90,6.16,-2.77,-34.81
35,90,6.48,-3.936,-38.02
35,90,6.8,-5.38,-38.88
35,90,7.12,-5.106,-39.7
35,90,7.44,-9.296,-43.63
35,90,7.76,-8.868,-44.09
35,90,8.08,-9.086,-43.89
35,90,8.4,-17.3,-52.68
35,90,8.72,-14.658,-51.96
35,90,9.04,-29.004,-66.79
35,90,9.36,-19.104,-57.17
35,90,9.68,-23.67,-62.56
35,90,10,-31.98,-71.05
35,90,10.32,-26.372,-66
35,90,10.64,-15.438,-55.45
35,90,10.96,-13.966,-53.95
35,90,11.28,-11.586,-52.03
35,90,11.6,-10.39,-51.26
35,90,11.92,-9.274,-50.4
35,90,12.24,-11.144,-53.4
35,90,12.56,-7.84999999999999,-51.92
35,90,12.88,-10.446,-55.65
35,90,13.2,-6.63,-53.41
35,90,13.52,-10.152,-56.16
35,90,13.84,-10.568,-58.05
35,90,14.16,-7.366,-55.59
35,90,14.48,-10.664,-62.49
35,90,14.8,-7.86,-55.87
35,90,15.12,-7.48,-53.91
35,90,15.44,-7.946,-54.26
35,90,15.76,-9.578,-56.77
35,90,16.08,-12.652,-60.11
35,90,16.4,-13.88,-63.69
35,90,16.72,-15.788,-65.27
35,90,17.04,-15.606,-66.86
35,90,17.36,-24.236,-76.88
35,90,17.68,-19.962,-73.04
35,90,18,-19.39,-72.2
36,90,2,1.98,-19.81
36,90,2.32,3.084,-22.57
36,90,2.64,3.482,-25.23
36,90,2.96,5.222,-23.09
36,90,3.28,4.128,-25.89
36,90,3.6,1.83,-25.62
36,90,3.92,2.008,-25.54
36,90,4.24,0.984000000000005,-28.04
36,90,4.56,3.184,-26.63
36,90,4.88,2.27,-27.86
36,90,5.2,2.32,-29.1
36,90,5.52,-1.808,-32.09
36,90,5.84,-2.282,-33.73
36,90,6.16,-3.61,-35.65
36,90,6.48,-4.476,-38.56
36,90,6.8,-6.27,-39.77
36,90,7.12,-5.876,-40.47
36,90,7.44,-10.266,-44.6
36,90,7.76,-10.498,-45.72
36,90,8.08,-9.876,-44.68
36,90,8.4,-18.47,-53.85
36,90,8.72,-14.878,-52.18
36,90,9.04,-24.484,-62.27
36,90,9.36,-18.394,-56.46
36,90,9.68,-18.69,-57.58
36,90,10,-21.69,-60.76
36,90,10.32,-22.852,-62.48
36,90,10.64,-13.898,-53.91
36,90,10.96,-11.706,-51.69
36,90,11.28,-11.076,-51.52
36,90,11.6,-10,-50.87
36,90,11.92,-9.694,-50.82
36,90,12.24,-10.884,-53.14
36,90,12.56,-8.70999999999999,-52.78
36,90,12.88,-11.316,-56.52
36,90,13.2,-8.57,-55.35
36,90,13.52,-9.642,-55.65
36,90,13.84,-10.818,-58.3
36,90,14.16,-6.806,-55.03
36,90,14.48,-9.88399999999999,-61.71
36,90,14.8,-7.54,-55.55
36,90,15.12,-8.15,-54.58
36,90,15.44,-8.776,-55.09
36,90,15.76,-9.368,-56.56
36,90,16.08,-11.432,-58.89
36,90,16.4,-15.87,-65.68
36,90,16.72,-19.968,-69.45
36,90,17.04,-13.616,-64.87
36,90,17.36,-20.236,-72.88
36,90,17.68,-18.982,-72.06
36,90,18,-17.9,-70.71
37,90,2,1.74,-20.05
37,90,2.32,2.874,-22.78
37,90,2.64,3.212,-25.5
37,90,2.96,5.202,-23.11
37,90,3.28,3.868,-26.15
37,90,3.6,1.49,-25.96
37,90,3.92,1.568,-25.98
37,90,4.24,0.484000000000005,-28.54
37,90,4.56,2.894,-26.92
37,90,4.88,1.69,-28.44
37,90,5.2,1.9,-29.52
37,90,5.52,-2.248,-32.53
37,90,5.84,-3.002,-34.45
37,90,6.16,-4.22,-36.26
37,90,6.48,-4.936,-39.02
37,90,6.8,-7.04,-40.54
37,90,7.12,-6.926,-41.52
37,90,7.44,-11.426,-45.76
37,90,7.76,-12.558,-47.78
37,90,8.08,-11.156,-45.96
37,90,8.4,-20.37,-55.75
37,90,8.72,-16.898,-54.2
37,90,9.04,-18.384,-56.17
37,90,9.36,-18.264,-56.33
37,90,9.68,-16.08,-54.97
37,90,10,-15.86,-54.93
37,90,10.32,-17.152,-56.78
37,90,10.64,-12.478,-52.49
37,90,10.96,-11.266,-51.25
37,90,11.28,-11.286,-51.73
37,90,11.6,-11.15,-52.02
37,90,11.92,-10.214,-51.34
37,90,12.24,-13.524,-55.78
37,90,12.56,-8.90999999999999,-52.98
37,90,12.88,-11.696,-56.9
37,90,13.2,-9.2,-55.98
37,90,13.52,-9.922,-55.93
37,90,13.84,-10.848,-58.33
37,90,14.16,-6.366,-54.59
37,90,14.48,-11.624,-63.45
37,90,14.8,-8.27,-56.28
37,90,15.12,-8.23,-54.66
37,90,15.44,-9.866,-56.18
37,90,15.76,-10.548,-57.74
37,90,16.08,-14.722,-62.18
37,90,16.4,-18.44,-68.25
37,90,16.72,-15.118,-64.6
37,90,17.04,-15.576,-66.83
37,90,17.36,-20.136,-72.78
37,90,17.68,-16.812,-69.89
37,90,18,-19.44,-72.25
38,90,2,1.48,-20.31
38,90,2.32,2.674,-22.98
38,90,2.64,2.952,-25.76
38,90,2.96,5.212,-23.1
38,90,3.28,3.648,-26.37
38,90,3.6,1.19,-26.26
38,90,3.92,1.078,-26.47
38,90,4.24,-0.075999999999997,-29.1
38,90,4.56,2.614,-27.2
38,90,4.88,1.1,-29.03
38,90,5.2,1.59,-29.83
38,90,5.52,-2.908,-33.19
38,90,5.84,-3.722,-35.17
38,90,6.16,-4.81,-36.85
38,90,6.48,-5.156,-39.24
38,90,6.8,-7.63,-41.13
38,90,7.12,-7.636,-42.23
38,90,7.44,-13.556,-47.89
38,90,7.76,-13.798,-49.02
38,90,8.08,-11.846,-46.65
38,90,8.4,-21.87,-57.25
38,90,8.72,-17.208,-54.51
38,90,9.04,-18.614,-56.4
38,90,9.36,-16.914,-54.98
38,90,9.68,-14.33,-53.22
38,90,10,-13.36,-52.43
38,90,10.32,-15.372,-55
38,90,10.64,-11.548,-51.56
38,90,10.96,-9.916,-49.9
38,90,11.28,-11.186,-51.63
38,90,11.6,-10.27,-51.14
38,90,11.92,-11.124,-52.25
38,90,12.24,-13.364,-55.62
38,90,12.56,-10.69,-54.76
38,90,12.88,-12.786,-57.99
38,90,13.2,-9.95,-56.73
38,90,13.52,-11.622,-57.63
38,90,13.84,-9.618,-57.1
38,90,14.16,-7.906,-56.13
38,90,14.48,-10.174,-62
38,90,14.8,-9.1,-57.11
38,90,15.12,-9.04,-55.47
38,90,15.44,-11.256,-57.57
38,90,15.76,-15.138,-62.33
38,90,16.08,-17.722,-65.18
38,90,16.4,-16.14,-65.95
38,90,16.72,-13.548,-63.03
38,90,17.04,-15.106,-66.36
38,90,17.36,-15.786,-68.43
38,90,17.68,-26.112,-79.19
38,90,18,-14.94,-67.75
39,90,2,1.18,-20.61
39,90,2.32,2.404,-23.25
39,90,2.64,2.662,-26.05
39,90,2.96,5.262,-23.05
39,90,3.28,3.448,-26.57
39,90,3.6,0.919999999999998,-26.53
39,90,3.92,0.518000000000001,-27.03
39,90,4.24,-0.645999999999997,-29.67
39,90,4.56,2.214,-27.6
39,90,4.88,0.510000000000002,-29.62
39,90,5.2,1.14,-30.28
39,90,5.52,-3.598,-33.88
39,90,5.84,-4.392,-35.84
39,90,6.16,-5.46,-37.5
39,90,6.48,-5.656,-39.74
39,90,6.8,-8.16,-41.66
39,90,7.12,-8.376,-42.97
39,90,7.44,-15.566,-49.9
39,90,7.76,-14.108,-49.33
39,90,8.08,-13.346,-48.15
39,90,8.4,-22.88,-58.26
39,90,8.72,-16.748,-54.05
39,90,9.04,-17.264,-55.05
39,90,9.36,-14.344,-52.41
39,90,9.68,-13.13,-52.02
39,90,10,-12.74,-51.81
39,90,10.32,-12.982,-52.61
39,90,10.64,-10.958,-50.97
39,90,10.96,-9.396,-49.38
39,90,11.28,-11.466,-51.91
39,90,11.6,-10.8,-51.67
39,90,11.92,-12.614,-53.74
39,90,12.24,-12.904,-55.16
39,90,12.56,-11.3,-55.37
39,90,12.88,-14.006,-59.21
39,90,13.2,-10.29,-57.07
39,90,13.52,-11.692,-57.7
39,90,13.84,-10.478,-57.96
39,90,14.16,-7.28599999999999,-55.51
39,90,14.48,-10.114,-61.94
39,90,14.8,-11.92,-59.93
39,90,15.12,-10.84,-57.27
39,90,15.44,-15.686,-62
39,90,15.76,-17.988,-65.18
39,90,16.08,-19.552,-67.01
39,90,16.4,-10.68,-60.49
39,90,16.72,-12.408,-61.89
39,90,17.04,-17.766,-69.02
39,90,17.36,-13.916,-66.56
39,90,17.68,-25.032,-78.11
39,90,18,-23.79,-76.6
40,90,2,0.879999999999999,-20.91
40,90,2.32,2.164,-23.49
40,90,2.64,2.322,-26.39
40,90,2.96,5.292,-23.02
40,90,3.28,3.278,-26.74
40,90,3.6,0.75,-26.7
40,90,3.92,0.0180000000000007,-27.53
40,90,4.24,-1.19599999999999,-30.22
40,90,4.56,1.814,-28
40,90,4.88,-0.0699999999999967,-30.2
40,90,5.2,0.710000000000001,-30.71
40,90,5.52,-4.268,-34.55
40,90,5.84,-5.132,-36.58
40,90,6.16,-6.06,-38.1
40,90,6.48,-6.066,-40.15
40,90,6.8,-8.68,-42.18
40,90,7.12,-8.536,-43.13
40,90,7.44,-15.526,-49.86
40,90,7.76,-14.508,-49.73
40,90,8.08,-15.446,-50.25
40,90,8.4,-20.92,-56.3
40,90,8.72,-14.158,-51.46
40,90,9.04,-15.164,-52.95
40,90,9.36,-14.484,-52.55
40,90,9.68,-12.55,-51.44
40,90,10,-11.58,-50.65
40,90,10.32,-13.872,-53.5
40,90,10.64,-10.238,-50.25
40,90,10.96,-9.466,-49.45
40,90,11.28,-11.586,-52.03
40,90,11.6,-10.52,-51.39
40,90,11.92,-14.344,-55.47
40,90,12.24,-13.314,-55.57
40,90,12.56,-12.79,-56.86
40,90,12.88,-13.466,-58.67
40,90,13.2,-10.44,-57.22
40,90,13.52,-12.752,-58.76
40,90,13.84,-13.688,-61.17
40,90,14.16,-8.92599999999999,-57.15
40,90,14.48,-11.574,-63.4
40,90,14.8,-13.13,-61.14
40,90,15.12,-12.4,-58.83
40,90,15.44,-16.886,-63.2
40,90,15.76,-22.008,-69.2
40,90,16.08,-16.872,-64.33
40,90,16.4,-9.81,-59.62
40,90,16.72,-10.968,-60.45
40,90,17.04,-12.046,-63.3
40,90,17.36,-14.786,-67.43
40,90,17.68,-18.462,-71.54
40,90,18,-14.67,-67.48
41,90,2,0.550000000000001,-21.24
41,90,2.32,1.914,-23.74
41,90,2.64,1.992,-26.72
41,90,2.96,5.312,-23
41,90,3.28,3.118,-26.9
41,90,3.6,0.52,-26.93
41,90,3.92,-0.441999999999997,-27.99
41,90,4.24,-1.76599999999999,-30.79
41,90,4.56,1.294,-28.52
41,90,4.88,-0.549999999999997,-30.68
41,90,5.2,0.190000000000001,-31.23
41,90,5.52,-5.018,-35.3
41,90,5.84,-6.072,-37.52
41,90,6.16,-6.85,-38.89
41,90,6.48,-6.506,-40.59
41,90,6.8,-8.96,-42.46
41,90,7.12,-8.786,-43.38
41,90,7.44,-14.556,-48.89
41,90,7.76,-13.528,-48.75
41,90,8.08,-16.016,-50.82
41,90,8.4,-19.2,-54.58
41,90,8.72,-12.198,-49.5
41,90,9.04,-13.314,-51.1
41,90,9.36,-13.514,-51.58
41,90,9.68,-11.52,-50.41
41,90,10,-12,-51.07
41,90,10.32,-14.642,-54.27
41,90,10.64,-10.828,-50.84
41,90,10.96,-9.386,-49.37
41,90,11.28,-10.576,-51.02
41,90,11.6,-10.28,-51.15
41,90,11.92,-14.284,-55.41
41,90,12.24,-15.484,-57.74
41,90,12.56,-12.52,-56.59
41,90,12.88,-15.996,-61.2
41,90,13.2,-13.51,-60.29
41,90,13.52,-12.522,-58.53
41,90,13.84,-15.958,-63.44
41,90,14.16,-10.066,-58.29
41,90,14.48,-15.484,-67.31
41,90,14.8,-21.06,-69.07
41,90,15.12,-14.22,-60.65
41,90,15.44,-19.096,-65.41
41,90,15.76,-18.628,-65.82
41,90,16.08,-15.532,-62.99
41,90,16.4,-9.34999999999999,-59.16
41,90,16.72,-13.778,-63.26
41,90,17.04,-10.956,-62.21
41,90,17.36,-21.926,-74.57
41,90,17.68,-17.782,-70.86
41,90,18,-13.75,-66.56
42,90,2,0.16,-21.63
42,90,2.32,1.644,-24.01
42,90,2.64,1.622,-27.09
42,90,2.96,5.322,-22.99
42,90,3.28,3.068,-26.95
42,90,3.6,0.279999999999998,-27.17
42,90,3.92,-0.802,-28.35
42,90,4.24,-2.366,-31.39
42,90,4.56,0.794,-29.02
42,90,4.88,-0.909999999999997,-31.04
42,90,5.2,-0.369999999999997,-31.79
42,90,5.52,-5.788,-36.07
42,90,5.84,-6.682,-38.13
42,90,6.16,-7.98,-40.02
42,90,6.48,-7.116,-41.2
42,90,6.8,-9.64,-43.14
42,90,7.12,-8.886,-43.48
42,90,7.44,-14.296,-48.63
42,90,7.76,-12.518,-47.74
42,90,8.08,-15.666,-50.47
42,90,8.4,-17.03,-52.41
42,90,8.72,-10.868,-48.17
42,90,9.04,-11.894,-49.68
42,90,9.36,-12.634,-50.7
42,90,9.68,-11.28,-50.17
42,90,10,-12.67,-51.74
42,90,10.32,-15.012,-54.64
42,90,10.64,-10.768,-50.78
42,90,10.96,-10.366,-50.35
42,90,11.28,-10.466,-50.91
42,90,11.6,-11.92,-52.79
42,90,11.92,-15.234,-56.36
42,90,12.24,-14.804,-57.06
42,90,12.56,-12.51,-56.58
42,90,12.88,-15.226,-60.43
42,90,13.2,-10.95,-57.73
42,90,13.52,-13.572,-59.58
42,90,13.84,-12.578,-60.06
42,90,14.16,-12.426,-60.65
42,90,14.48,-13.914,-65.74
42,90,14.8,-14.77,-62.78
42,90,15.12,-16.04,-62.47
42,90,15.44,-17.026,-63.34
42,90,15.76,-13.398,-60.59
42,90,16.08,-12.632,-60.09
42,90,16.4,-11.02,-60.83
42,90,16.72,-10.878,-60.36
42,90,17.04,-12.316,-63.57
42,90,17.36,-15.416,-68.06
42,90,17.68,-19.662,-72.74
42,90,18,-24.21,-77.02
43,90,2,-0.199999999999999,-21.99
43,90,2.32,1.384,-24.27
43,90,2.64,1.192,-27.52
43,90,2.96,5.262,-23.05
43,90,3.28,2.948,-27.07
43,90,3.6,-0.0500000000000007,-27.5
43,90,3.92,-1.132,-28.68
43,90,4.24,-2.94599999999999,-31.97
43,90,4.56,0.274000000000001,-29.54
43,90,4.88,-1.26,-31.39
43,90,5.2,-0.93,-32.35
43,90,5.52,-6.318,-36.6
43,90,5.84,-7.602,-39.05
43,90,6.16,-8.76,-40.8
43,90,6.48,-7.666,-41.75
43,90,6.8,-10.23,-43.73
43,90,7.12,-8.656,-43.25
43,90,7.44,-14.016,-48.35
43,90,7.76,-12.458,-47.68
43,90,8.08,-14.366,-49.17
43,90,8.4,-16.22,-51.6
43,90,8.72,-10.338,-47.64
43,90,9.04,-11.674,-49.46
43,90,9.36,-11.234,-49.3
43,90,9.68,-11.21,-50.1
43,90,10,-11.95,-51.02
43,90,10.32,-14.482,-54.11
43,90,10.64,-10.728,-50.74
43,90,10.96,-10.836,-50.82
43,90,11.28,-10.756,-51.2
43,90,11.6,-13.16,-54.03
43,90,11.92,-14.954,-56.08
43,90,12.24,-17.104,-59.36
43,90,12.56,-13.02,-57.09
43,90,12.88,-14.446,-59.65
43,90,13.2,-10.17,-56.95
43,90,13.52,-13.162,-59.17
43,90,13.84,-13.198,-60.68
43,90,14.16,-10.096,-58.32
43,90,14.48,-13.644,-65.47
43,90,14.8,-17.69,-65.7
43,90,15.12,-15.8,-62.23
43,90,15.44,-15.666,-61.98
43,90,15.76,-11.868,-59.06
43,90,16.08,-13.662,-61.12
43,90,16.4,-11.51,-61.32
43,90,16.72,-12.638,-62.12
43,90,17.04,-21.656,-72.91
43,90,17.36,-12.856,-65.5
43,90,17.68,-24.962,-78.04
43,90,18,-16.54,-69.35
44,90,2,-0.620000000000001,-22.41
44,90,2.32,1.094,-24.56
44,90,2.64,0.782,-27.93
44,90,2.96,5.212,-23.1
44,90,3.28,2.898,-27.12
44,90,3.6,-0.460000000000001,-27.91
44,90,3.92,-1.312,-28.86
44,90,4.24,-3.52599999999999,-32.55
44,90,4.56,-0.0659999999999989,-29.88
44,90,4.88,-1.74,-31.87
44,90,5.2,-1.5,-32.92
44,90,5.52,-6.668,-36.95
44,90,5.84,-8.482,-39.93
44,90,6.16,-9.96,-42
44,90,6.48,-7.686,-41.77
44,90,6.8,-10.89,-44.39
44,90,7.12,-9.316,-43.91
44,90,7.44,-14.236,-48.57
44,90,7.76,-12.788,-48.01
44,90,8.08,-12.626,-47.43
44,90,8.4,-16.88,-52.26
44,90,8.72,-9.578,-46.88
44,90,9.04,-11.964,-49.75
44,90,9.36,-10.154,-48.22
44,90,9.68,-11,-49.89
44,90,10,-11.08,-50.15
44,90,10.32,-15.032,-54.66
44,90,10.64,-11.578,-51.59
44,90,10.96,-11.266,-51.25
44,90,11.28,-12.586,-53.03
44,90,11.6,-15.45,-56.32
44,90,11.92,-15.484,-56.61
44,90,12.24,-17.234,-59.49
44,90,12.56,-16.93,-61
44,90,12.88,-17.086,-62.29
44,90,13.2,-12.88,-59.66
44,90,13.52,-13.142,-59.15
44,90,13.84,-11.778,-59.26
44,90,14.16,-9.28599999999999,-57.51
44,90,14.48,-13.464,-65.29
44,90,14.8,-23.91,-71.92
44,90,15.12,-17.69,-64.12
44,90,15.44,-13.536,-59.85
44,90,15.76,-13.168,-60.36
44,90,16.08,-12.102,-59.56
44,90,16.4,-12.11,-61.92
44,90,16.72,-13.228,-62.71
44,90,17.04,-19.816,-71.07
44,90,17.36,-15.656,-68.3
44,90,17.68,-32.482,-85.56
44,90,18,-19.99,-72.8
45,90,2,-1.04,-22.83
45,90,2.32,0.803999999999998,-24.85
45,90,2.64,0.302,-28.41
45,90,2.96,5.082,-23.23
45,90,3.28,2.798,-27.22
45,90,3.6,-0.859999999999999,-28.31
45,90,3.92,-1.452,-29
45,90,4.24,-4.066,-33.09
45,90,4.56,-0.245999999999999,-30.06
45,90,4.88,-2.38,-32.51
45,90,5.2,-1.86,-33.28
45,90,5.52,-6.918,-37.2
45,90,5.84,-9.342,-40.79
45,90,6.16,-10.71,-42.75
45,90,6.48,-8.386,-42.47
45,90,6.8,-11.54,-45.04
45,90,7.12,-9.866,-44.46
45,90,7.44,-14.516,-48.85
45,90,7.76,-13.738,-48.96
45,90,8.08,-12.656,-47.46
45,90,8.4,-17.1,-52.48
45,90,8.72,-9.008,-46.31
45,90,9.04,-11.164,-48.95
45,90,9.36,-9.16399999999999,-47.23
45,90,9.68,-10.54,-49.43
45,90,10,-9.06,-48.13
45,90,10.32,-14.902,-54.53
45,90,10.64,-12.518,-52.53
45,90,10.96,-11.326,-51.31
45,90,11.28,-13.876,-54.32
45,90,11.6,-14.83,-55.7
45,90,11.92,-16.194,-57.32
45,90,12.24,-19.144,-61.4
45,90,12.56,-18.27,-62.34
45,90,12.88,-14.816,-60.02
45,90,13.2,-16.63,-63.41
45,90,13.52,-13.492,-59.5
45,90,13.84,-14.138,-61.62
45,90,14.16,-12.246,-60.47
45,90,14.48,-12.704,-64.53
45,90,14.8,-18.32,-66.33
45,90,15.12,-17.51,-63.94
45,90,15.44,-14.106,-60.42
45,90,15.76,-13.858,-61.05
45,90,16.08,-11.622,-59.08
45,90,16.4,-9.96,-59.77
45,90,16.72,-12.178,-61.66
45,90,17.04,-18.506,-69.76
45,90,17.36,-20.626,-73.27
45,90,17.68,-24.582,-77.66
45,90,18,-17.74,-70.55
46,90,2,-1.45,-23.24
46,90,2.32,0.474,-25.18
46,90,2.64,-0.228000000000002,-28.94
46,90,2.96,4.922,-23.39
46,90,3.28,2.618,-27.4
46,90,3.6,-1.4,-28.85
46,90,3.92,-1.532,-29.08
46,90,4.24,-4.646,-33.67
46,90,4.56,-0.295999999999999,-30.11
46,90,4.88,-3.14,-33.27
46,90,5.2,-2.09,-33.51
46,90,5.52,-7.158,-37.44
46,90,5.84,-10.612,-42.06
46,90,6.16,-11.38,-43.42
46,90,6.48,-8.486,-42.57
46,90,6.8,-11.78,-45.28
46,90,7.12,-10.686,-45.28
46,90,7.44,-15.406,-49.74
46,90,7.76,-13.968,-49.19
46,90,8.08,-12.816,-47.62
46,90,8.4,-16.18,-51.56
46,90,8.72,-9.088,-46.39
46,90,9.04,-10.524,-48.31
46,90,9.36,-9.104,-47.17
46,90,9.68,-12.06,-50.95
46,90,10,-8.49,-47.56
46,90,10.32,-15.462,-55.09
46,90,10.64,-13.148,-53.16
46,90,10.96,-11.556,-51.54
46,90,11.28,-14.416,-54.86
46,90,11.6,-16.02,-56.89
46,90,11.92,-17.884,-59.01
46,90,12.24,-19.834,-62.09
46,90,12.56,-21.24,-65.31
46,90,12.88,-24.666,-69.87
46,90,13.2,-15.59,-62.37
46,90,13.52,-14.312,-60.32
46,90,13.84,-13.528,-61.01
46,90,14.16,-13.416,-61.64
46,90,14.48,-13.554,-65.38
46,90,14.8,-15.86,-63.87
46,90,15.12,-14.69,-61.12
46,90,15.44,-13.426,-59.74
46,90,15.76,-15.568,-62.76
46,90,16.08,-10.832,-58.29
46,90,16.4,-9.81,-59.62
46,90,16.72,-14.448,-63.93
46,90,17.04,-12.646,-63.9
46,90,17.36,-14.616,-67.26
46,90,17.68,-43.942,-97.02
46,90,18,-34.33,-87.14
47,90,2,-1.93,-23.72
47,90,2.32,0.143999999999998,-25.51
47,90,2.64,-0.757999999999999,-29.47
47,90,2.96,4.692,-23.62
47,90,3.28,2.428,-27.59
47,90,3.6,-1.96,-29.41
47,90,3.92,-1.652,-29.2
47,90,4.24,-5.216,-34.24
47,90,4.56,-0.216000000000001,-30.03
47,90,4.88,-3.87,-34
47,90,5.2,-2.33,-33.75
47,90,5.52,-7.548,-37.83
47,90,5.84,-11.382,-42.83
47,90,6.16,-12.06,-44.1
47,90,6.48,-9.256,-43.34
47,90,6.8,-12.21,-45.71
47,90,7.12,-10.976,-45.57
47,90,7.44,-14.986,-49.32
47,90,7.76,-14.108,-49.33
47,90,8.08,-13.126,-47.93
47,90,8.4,-14.9,-50.28
47,90,8.72,-9.078,-46.38
47,90,9.04,-10.024,-47.81
47,90,9.36,-10.304,-48.37
47,90,9.68,-11.93,-50.82
47,90,10,-9.05,-48.12
47,90,10.32,-16.142,-55.77
47,90,10.64,-12.308,-52.32
47,90,10.96,-11.286,-51.27
47,90,11.28,-13.186,-53.63
47,90,11.6,-15.04,-55.91
47,90,11.92,-19.194,-60.32
47,90,12.24,-20.644,-62.9
47,90,12.56,-20.49,-64.56
47,90,12.88,-23.226,-68.43
47,90,13.2,-14.19,-60.97
47,90,13.52,-18.532,-64.54
47,90,13.84,-15.348,-62.83
47,90,14.16,-16.746,-64.97
47,90,14.48,-14.094,-65.92
47,90,14.8,-14.09,-62.1
47,90,15.12,-14.51,-60.94
47,90,15.44,-13.036,-59.35
47,90,15.76,-11.398,-58.59
47,90,16.08,-13.062,-60.52
47,90,16.4,-11.59,-61.4
47,90,16.72,-16.788,-66.27
47,90,17.04,-13.846,-65.1
47,90,17.36,-20.886,-73.53
47,90,17.68,-24.432,-77.51
47,90,18,-15.66,-68.47
48,90,2,-2.35,-24.14
48,90,2.32,-0.225999999999999,-25.88
48,90,2.64,-1.378,-30.09
48,90,2.96,4.392,-23.92
48,90,3.28,2.078,-27.94
48,90,3.6,-2.52,-29.97
48,90,3.92,-1.752,-29.3
48,90,4.24,-5.80599999999999,-34.83
48,90,4.56,-0.126000000000001,-29.94
48,90,4.88,-4.82,-34.95
48,90,5.2,-2.56,-33.98
48,90,5.52,-8.248,-38.53
48,90,5.84,-11.662,-43.11
48,90,6.16,-12.97,-45.01
48,90,6.48,-9.92599999999999,-44.01
48,90,6.8,-12.52,-46.02
48,90,7.12,-11.446,-46.04
48,90,7.44,-14.896,-49.23
48,90,7.76,-13.888,-49.11
48,90,8.08,-13.086,-47.89
48,90,8.4,-14.4,-49.78
48,90,8.72,-9.358,-46.66
48,90,9.04,-9.974,-47.76
48,90,9.36,-10.094,-48.16
48,90,9.68,-11.3,-50.19
48,90,10,-9.28,-48.35
48,90,10.32,-17.072,-56.7
48,90,10.64,-12.518,-52.53
48,90,10.96,-11.216,-51.2
48,90,11.28,-14.046,-54.49
48,90,11.6,-15.4,-56.27
48,90,11.92,-20.334,-61.46
48,90,12.24,-18.884,-61.14
48,90,12.56,-22.86,-66.93
48,90,12.88,-20.726,-65.93
48,90,13.2,-16.68,-63.46
48,90,13.52,-18.052,-64.06
48,90,13.84,-15.518,-63
48,90,14.16,-16.406,-64.63
48,90,14.48,-15.314,-67.14
48,90,14.8,-14.69,-62.7
48,90,15.12,-14.89,-61.32
48,90,15.44,-12.986,-59.3
48,90,15.76,-12.438,-59.63
48,90,16.08,-14.222,-61.68
48,90,16.4,-12.13,-61.94
48,90,16.72,-21.788,-71.27
48,90,17.04,-12.286,-63.54
48,90,17.36,-18.506,-71.15
48,90,17.68,-24.532,-77.61
48,90,18,-34,-86.81
49,90,2,-2.77,-24.56
49,90,2.32,-0.626000000000001,-26.28
49,90,2.64,-1.958,-30.67
49,90,2.96,4.092,-24.22
49,90,3.28,1.658,-28.36
49,90,3.6,-3.12,-30.57
49,90,3.92,-1.952,-29.5
49,90,4.24,-6.34599999999999,-35.37
49,90,4.56,-0.0560000000000009,-29.87
49,90,4.88,-5.61,-35.74
49,90,5.2,-2.83,-34.25
49,90,5.52,-8.768,-39.05
49,90,5.84,-11.542,-42.99
49,90,6.16,-13.97,-46.01
49,90,6.48,-10.186,-44.27
49,90,6.8,-12.79,-46.29
49,90,7.12,-11.866,-46.46
49,90,7.44,-14.796,-49.13
49,90,7.76,-14.458,-49.68
49,90,8.08,-12.386,-47.19
49,90,8.4,-13.81,-49.19
49,90,8.72,-8.828,-46.13
49,90,9.04,-10.264,-48.05
49,90,9.36,-9.934,-48
49,90,9.68,-12,-50.89
49,90,10,-9.12,-48.19
49,90,10.32,-17.292,-56.92
49,90,10.64,-12.718,-52.73
49,90,10.96,-11.646,-51.63
49,90,11.28,-13.916,-54.36
49,90,11.6,-15.46,-56.33
49,90,11.92,-19.374,-60.5
49,90,12.24,-18.844,-61.1
49,90,12.56,-23.02,-67.09
49,90,12.88,-19.226,-64.43
49,90,13.2,-14.84,-61.62
49,90,13.52,-16.202,-62.21
49,90,13.84,-13.988,-61.47
49,90,14.16,-16.506,-64.73
49,90,14.48,-19.604,-71.43
49,90,14.8,-16.67,-64.68
49,90,15.12,-16.24,-62.67
49,90,15.44,-13.006,-59.32
49,90,15.76,-12.288,-59.48
49,90,16.08,-14.262,-61.72
49,90,16.4,-12.92,-62.73
49,90,16.72,-21.218,-70.7
49,90,17.04,-13.456,-64.71
49,90,17.36,-26.796,-79.44
49,90,17.68,-28.972,-82.05
49,90,18,-19.29,-72.1
50,90,2,-3.15,-24.94
50,90,2.32,-1.036,-26.69
50,90,2.64,-2.588,-31.3
50,90,2.96,3.722,-24.59
50,90,3.28,1.118,-28.9
50,90,3.6,-3.52,-30.97
50,90,3.92,-2.282,-29.83
50,90,4.24,-6.98599999999999,-36.01
50,90,4.56,-0.155999999999999,-29.97
50,90,4.88,-6.09,-36.22
50,90,5.2,-3.31,-34.73
50,90,5.52,-9.698,-39.98
50,90,5.84,-11.292,-42.74
50,90,6.16,-13.95,-45.99
50,90,6.48,-10.936,-45.02
50,90,6.8,-12.77,-46.27
50,90,7.12,-12.026,-46.62
50,90,7.44,-14.276,-48.61
50,90,7.76,-15.068,-50.29
50,90,8.08,-12.086,-46.89
50,90,8.4,-14.45,-49.83
50,90,8.72,-9.038,-46.34
50,90,9.04,-10.864,-48.65
50,90,9.36,-9.724,-47.79
50,90,9.68,-12.4,-51.29
50,90,10,-9.88,-48.95
50,90,10.32,-17.162,-56.79
50,90,10.64,-12.438,-52.45
50,90,10.96,-12.916,-52.9
50,90,11.28,-14.896,-55.34
50,90,11.6,-14.73,-55.6
50,90,11.92,-17.904,-59.03
50,90,12.24,-18.624,-60.88
50,90,12.56,-22.95,-67.02
50,90,12.88,-16.666,-61.87
50,90,13.2,-13.23,-60.01
50,90,13.52,-15.932,-61.94
50,90,13.84,-15.718,-63.2
50,90,14.16,-17.626,-65.85
50,90,14.48,-15.994,-67.82
50,90,14.8,-13.09,-61.1
50,90,15.12,-14.56,-60.99
50,90,15.44,-12.046,-58.36
50,90,15.76,-16.438,-63.63
50,90,16.08,-15.282,-62.74
50,90,16.4,-12.56,-62.37
50,90,16.72,-20.768,-70.25
50,90,17.04,-15.986,-67.24
50,90,17.36,-26.486,-79.13
50,90,17.68,-23.362,-76.44
50,90,18,-18.09,-70.9
51,90,2,-3.58,-25.37
51,90,2.32,-1.476,-27.13
51,90,2.64,-3.188,-31.9
51,90,2.96,3.332,-24.98
51,90,3.28,0.447999999999997,-29.57
51,90,3.6,-3.8,-31.25
51,90,3.92,-2.702,-30.25
51,90,4.24,-7.51599999999999,-36.54
51,90,4.56,-0.265999999999998,-30.08
51,90,4.88,-6.47,-36.6
51,90,5.2,-3.89,-35.31
51,90,5.52,-10.618,-40.9
51,90,5.84,-11.072,-42.52
51,90,6.16,-14.6,-46.64
51,90,6.48,-11.196,-45.28
51,90,6.8,-12.83,-46.33
51,90,7.12,-12.266,-46.86
51,90,7.44,-14.946,-49.28
51,90,7.76,-15.858,-51.08
51,90,8.08,-12.336,-47.14
51,90,8.4,-15.42,-50.8
51,90,8.72,-9.758,-47.06
51,90,9.04,-10.364,-48.15
51,90,9.36,-9.374,-47.44
51,90,9.68,-12.58,-51.47
51,90,10,-9.42,-48.49
51,90,10.32,-17.612,-57.24
51,90,10.64,-13.078,-53.09
51,90,10.96,-13.866,-53.85
51,90,11.28,-16.006,-56.45
51,90,11.6,-15.56,-56.43
51,90,11.92,-22.394,-63.52
51,90,12.24,-17.074,-59.33
51,90,12.56,-19.26,-63.33
51,90,12.88,-16.556,-61.76
51,90,13.2,-14.69,-61.47
51,90,13.52,-14.872,-60.88
51,90,13.84,-19.888,-67.37
51,90,14.16,-19.806,-68.03
51,90,14.48,-14.814,-66.64
51,90,14.8,-11.1,-59.11
51,90,15.12,-14.85,-61.28
51,90,15.44,-14.036,-60.35
51,90,15.76,-16.258,-63.45
51,90,16.08,-14.192,-61.65
51,90,16.4,-16.71,-66.52
51,90,16.72,-19.568,-69.05
51,90,17.04,-13.676,-64.93
51,90,17.36,-18.806,-71.45
51,90,17.68,-27.662,-80.74
51,90,18,-29.01,-81.82
52,90,2,-3.93,-25.72
52,90,2.32,-1.936,-27.59
52,90,2.64,-3.828,-32.54
52,90,2.96,2.942,-25.37
52,90,3.28,-0.422000000000004,-30.44
52,90,3.6,-3.95,-31.4
52,90,3.92,-3.232,-30.78
52,90,4.24,-8.19599999999999,-37.22
52,90,4.56,-0.556000000000001,-30.37
52,90,4.88,-6.57,-36.7
52,90,5.2,-4.48,-35.9
52,90,5.52,-11.668,-41.95
52,90,5.84,-11.142,-42.59
52,90,6.16,-15.34,-47.38
52,90,6.48,-11.366,-45.45
52,90,6.8,-13.42,-46.92
52,90,7.12,-11.926,-46.52
52,90,7.44,-15.976,-50.31
52,90,7.76,-16.088,-51.31
52,90,8.08,-12.896,-47.7
52,90,8.4,-16.03,-51.41
52,90,8.72,-9.978,-47.28
52,90,9.04,-10.404,-48.19
52,90,9.36,-10.464,-48.53
52,90,9.68,-12.01,-50.9
52,90,10,-10.62,-49.69
52,90,10.32,-17.852,-57.48
52,90,10.64,-12.978,-52.99
52,90,10.96,-12.926,-52.91
52,90,11.28,-17.296,-57.74
52,90,11.6,-14.97,-55.84
52,90,11.92,-22.204,-63.33
52,90,12.24,-18.184,-60.44
52,90,12.56,-23.47,-67.54
52,90,12.88,-16.666,-61.87
52,90,13.2,-14.32,-61.1
52,90,13.52,-14.722,-60.73
52,90,13.84,-13.288,-60.77
52,90,14.16,-14.646,-62.87
52,90,14.48,-18.114,-69.94
52,90,14.8,-15.02,-63.03
52,90,15.12,-13.16,-59.59
52,90,15.44,-14.726,-61.04
52,90,15.76,-15.068,-62.26
52,90,16.08,-15.492,-62.95
52,90,16.4,-16.8,-66.61
52,90,16.72,-22.848,-72.33
52,90,17.04,-14.886,-66.14
52,90,17.36,-25.926,-78.57
52,90,17.68,-26.602,-79.68
52,90,18,-21.22,-74.03
53,90,2,-4.3,-26.09
53,90,2.32,-2.376,-28.03
53,90,2.64,-4.358,-33.07
53,90,2.96,2.542,-25.77
53,90,3.28,-1.322,-31.34
53,90,3.6,-4.05,-31.5
53,90,3.92,-3.812,-31.36
53,90,4.24,-8.966,-37.99
53,90,4.56,-0.916,-30.73
53,90,4.88,-6.51,-36.64
53,90,5.2,-4.89,-36.31
53,90,5.52,-12.428,-42.71
53,90,5.84,-11.202,-42.65
53,90,6.16,-15.53,-47.57
53,90,6.48,-10.736,-44.82
53,90,6.8,-14.24,-47.74
53,90,7.12,-11.726,-46.32
53,90,7.44,-17.596,-51.93
53,90,7.76,-14.848,-50.07
53,90,8.08,-13.626,-48.43
53,90,8.4,-14.87,-50.25
53,90,8.72,-9.368,-46.67
53,90,9.04,-10.554,-48.34
53,90,9.36,-11.154,-49.22
53,90,9.68,-11.67,-50.56
53,90,10,-11.09,-50.16
53,90,10.32,-17.412,-57.04
53,90,10.64,-15.218,-55.23
53,90,10.96,-13.546,-53.53
53,90,11.28,-18.246,-58.69
53,90,11.6,-15.67,-56.54
53,90,11.92,-22.654,-63.78
53,90,12.24,-17.684,-59.94
53,90,12.56,-21.97,-66.04
53,90,12.88,-16.526,-61.73
53,90,13.2,-15.22,-62
53,90,13.52,-17.542,-63.55
53,90,13.84,-13.908,-61.39
53,90,14.16,-21.946,-70.17
53,90,14.48,-15.604,-67.43
53,90,14.8,-12.1,-60.11
53,90,15.12,-12.11,-58.54
53,90,15.44,-13.956,-60.27
53,90,15.76,-15.768,-62.96
53,90,16.08,-14.782,-62.24
53,90,16.4,-15.37,-65.18
53,90,16.72,-20.248,-69.73
53,90,17.04,-15.816,-67.07
53,90,17.36,-24.616,-77.26
53,90,17.68,-19.462,-72.54
53,90,18,-24.02,-76.83
54,90,2,-4.64,-26.43
54,90,2.32,-2.886,-28.54
54,90,2.64,-5.038,-33.75
54,90,2.96,2.142,-26.17
54,90,3.28,-2.262,-32.28
54,90,3.6,-4.11,-31.56
54,90,3.92,-4.542,-32.09
54,90,4.24,-9.66599999999999,-38.69
54,90,4.56,-1.446,-31.26
54,90,4.88,-6.63,-36.76
54,90,5.2,-5.04,-36.46
54,90,5.52,-12.548,-42.83
54,90,5.84,-11.522,-42.97
54,90,6.16,-16.19,-48.23
54,90,6.48,-10.436,-44.52
54,90,6.8,-14.83,-48.33
54,90,7.12,-11.326,-45.92
54,90,7.44,-16.826,-51.16
54,90,7.76,-14.178,-49.4
54,90,8.08,-12.596,-47.4
54,90,8.4,-14.57,-49.95
54,90,8.72,-8.138,-45.44
54,90,9.04,-10.184,-47.97
54,90,9.36,-11.364,-49.43
54,90,9.68,-11.94,-50.83
54,90,10,-12.52,-51.59
54,90,10.32,-17.162,-56.79
54,90,10.64,-15.228,-55.24
54,90,10.96,-14.166,-54.15
54,90,11.28,-18.706,-59.15
54,90,11.6,-17.74,-58.61
54,90,11.92,-22.734,-63.86
54,90,12.24,-18.844,-61.1
54,90,12.56,-20.23,-64.3
54,90,12.88,-24.426,-69.63
54,90,13.2,-18.32,-65.1
54,90,13.52,-18.582,-64.59
54,90,13.84,-14.398,-61.88
54,90,14.16,-14.196,-62.42
54,90,14.48,-20.874,-72.7
54,90,14.8,-14.09,-62.1
54,90,15.12,-13,-59.43
54,90,15.44,-13.406,-59.72
54,90,15.76,-16.628,-63.82
54,90,16.08,-15.392,-62.85
54,90,16.4,-16.41,-66.22
54,90,16.72,-20.788,-70.27
54,90,17.04,-18.116,-69.37
54,90,17.36,-22.446,-75.09
54,90,17.68,-20.012,-73.09
54,90,18,-33.59,-86.4
55,90,2,-4.99,-26.78
55,90,2.32,-3.446,-29.1
55,90,2.64,-5.488,-34.2
55,90,2.96,1.732,-26.58
55,90,3.28,-3.342,-33.36
55,90,3.6,-4.14,-31.59
55,90,3.92,-5.442,-32.99
55,90,4.24,-10.526,-39.55
55,90,4.56,-2.136,-31.95
55,90,4.88,-6.48999999999999,-36.62
55,90,5.2,-5.1,-36.52
55,90,5.52,-12.548,-42.83
55,90,5.84,-12.442,-43.89
55,90,6.16,-16.6,-48.64
55,90,6.48,-10.366,-44.45
55,90,6.8,-15.27,-48.77
55,90,7.12,-11.376,-45.97
55,90,7.44,-15.456,-49.79
55,90,7.76,-13.568,-48.79
55,90,8.08,-11.966,-46.77
55,90,8.4,-13.93,-49.31
55,90,8.72,-7.208,-44.51
55,90,9.04,-11.044,-48.83
55,90,9.36,-11.734,-49.8
55,90,9.68,-13.13,-52.02
55,90,10,-12.01,-51.08
55,90,10.32,-19.502,-59.13
55,90,10.64,-15.858,-55.87
55,90,10.96,-14.716,-54.7
55,90,11.28,-16.226,-56.67
55,90,11.6,-17.6,-58.47
55,90,11.92,-27.034,-68.16
55,90,12.24,-19.104,-61.36
55,90,12.56,-21.25,-65.32
55,90,12.88,-23.116,-68.32
55,90,13.2,-21.16,-67.94
55,90,13.52,-17.602,-63.61
55,90,13.84,-17.998,-65.48
55,90,14.16,-16.116,-64.34
55,90,14.48,-18.344,-70.17
55,90,14.8,-11.64,-59.65
55,90,15.12,-14.97,-61.4
55,90,15.44,-13.286,-59.6
55,90,15.76,-17.338,-64.53
55,90,16.08,-17.572,-65.03
55,90,16.4,-16.94,-66.75
55,90,16.72,-20.338,-69.82
55,90,17.04,-18.326,-69.58
55,90,17.36,-20.016,-72.66
55,90,17.68,-23.032,-76.11
55,90,18,-20.68,-73.49
56,90,2,-5.34,-27.13
56,90,2.32,-3.906,-29.56
56,90,2.64,-5.778,-34.49
56,90,2.96,1.352,-26.96
56,90,3.28,-4.342,-34.36
56,90,3.6,-4.3,-31.75
56,90,3.92,-6.332,-33.88
56,90,4.24,-11.396,-40.42
56,90,4.56,-2.876,-32.69
56,90,4.88,-6.64,-36.77
56,90,5.2,-5.27,-36.69
56,90,5.52,-12.478,-42.76
56,90,5.84,-12.882,-44.33
56,90,6.16,-16.94,-48.98
56,90,6.48,-10.266,-44.35
56,90,6.8,-14.38,-47.88
56,90,7.12,-10.876,-45.47
56,90,7.44,-13.226,-47.56
56,90,7.76,-13.598,-48.82
56,90,8.08,-11.936,-46.74
56,90,8.4,-14.58,-49.96
56,90,8.72,-7.088,-44.39
56,90,9.04,-11.314,-49.1
56,90,9.36,-11.544,-49.61
56,90,9.68,-13.93,-52.82
56,90,10,-12.3,-51.37
56,90,10.32,-20.602,-60.23
56,90,10.64,-15.668,-55.68
56,90,10.96,-16.276,-56.26
56,90,11.28,-16.616,-57.06
56,90,11.6,-17.06,-57.93
56,90,11.92,-29.094,-70.22
56,90,12.24,-20.634,-62.89
56,90,12.56,-20.32,-64.39
56,90,12.88,-18.956,-64.16
56,90,13.2,-19.59,-66.37
56,90,13.52,-16.392,-62.4
56,90,13.84,-18.388,-65.87
56,90,14.16,-12.646,-60.87
56,90,14.48,-14.754,-66.58
56,90,14.8,-13.47,-61.48
56,90,15.12,-16.57,-63
56,90,15.44,-16.006,-62.32
56,90,15.76,-17.448,-64.64
56,90,16.08,-17.392,-64.85
56,90,16.4,-17.04,-66.85
56,90,16.72,-20.558,-70.04
56,90,17.04,-19.736,-70.99
56,90,17.36,-20.816,-73.46
56,90,17.68,-19.402,-72.48
56,90,18,-24.56,-77.37
57,90,2,-5.64,-27.43
57,90,2.32,-4.356,-30.01
57,90,2.64,-6.188,-34.9
57,90,2.96,0.881999999999998,-27.43
57,90,3.28,-5.312,-35.33
57,90,3.6,-4.4,-31.85
57,90,3.92,-7.252,-34.8
57,90,4.24,-12.206,-41.23
57,90,4.56,-3.626,-33.44
57,90,4.88,-7.04,-37.17
57,90,5.2,-5.3,-36.72
57,90,5.52,-12.278,-42.56
57,90,5.84,-13.992,-45.44
57,90,6.16,-16.27,-48.31
57,90,6.48,-10.386,-44.47
57,90,6.8,-13.24,-46.74
57,90,7.12,-11.386,-45.98
57,90,7.44,-12.396,-46.73
57,90,7.76,-13.248,-48.47
57,90,8.08,-11.916,-46.72
57,90,8.4,-14.8,-50.18
57,90,8.72,-7.118,-44.42
57,90,9.04,-12.124,-49.91
57,90,9.36,-11.014,-49.08
57,90,9.68,-14.06,-52.95
57,90,10,-11.43,-50.5
57,90,10.32,-20.742,-60.37
57,90,10.64,-17.038,-57.05
57,90,10.96,-16.696,-56.68
57,90,11.28,-16.786,-57.23
57,90,11.6,-15.32,-56.19
57,90,11.92,-20.284,-61.41
57,90,12.24,-16.484,-58.74
57,90,12.56,-19.46,-63.53
57,90,12.88,-20.276,-65.48
57,90,13.2,-16.55,-63.33
57,90,13.52,-17.212,-63.22
57,90,13.84,-16.248,-63.73
57,90,14.16,-14.986,-63.21
57,90,14.48,-23.964,-75.79
57,90,14.8,-14.59,-62.6
57,90,15.12,-15.4,-61.83
57,90,15.44,-15.756,-62.07
57,90,15.76,-16.668,-63.86
57,90,16.08,-15.722,-63.18
57,90,16.4,-19.82,-69.63
57,90,16.72,-20.768,-70.25
57,90,17.04,-22.586,-73.84
57,90,17.36,-26.406,-79.05
57,90,17.68,-23.902,-76.98
57,90,18,-20.94,-73.75
58,90,2,-5.98,-27.77
58,90,2.32,-4.916,-30.57
58,90,2.64,-6.428,-35.14
58,90,2.96,0.481999999999999,-27.83
58,90,3.28,-6.022,-36.04
58,90,3.6,-4.82,-32.27
58,90,3.92,-8.162,-35.71
58,90,4.24,-13.076,-42.1
58,90,4.56,-4.316,-34.13
58,90,4.88,-7.31,-37.44
58,90,5.2,-5.29,-36.71
58,90,5.52,-12.488,-42.77
58,90,5.84,-16.092,-47.54
58,90,6.16,-16.56,-48.6
58,90,6.48,-10.836,-44.92
58,90,6.8,-13.03,-46.53
58,90,7.12,-11.286,-45.88
58,90,7.44,-12.266,-46.6
58,90,7.76,-12.818,-48.04
58,90,8.08,-12.346,-47.15
58,90,8.4,-14.58,-49.96
58,90,8.72,-8.328,-45.63
58,90,9.04,-13.304,-51.09
58,90,9.36,-11.764,-49.83
58,90,9.68,-15.27,-54.16
58,90,10,-12.8,-51.87
58,90,10.32,-21.002,-60.63
58,90,10.64,-16.428,-56.44
58,90,10.96,-17.796,-57.78
58,90,11.28,-15.806,-56.25
58,90,11.6,-16.32,-57.19
58,90,11.92,-20.884,-62.01
58,90,12.24,-16.564,-58.82
58,90,12.56,-19.64,-63.71
58,90,12.88,-20.996,-66.2
58,90,13.2,-22.93,-69.71
58,90,13.52,-17.772,-63.78
58,90,13.84,-17.868,-65.35
58,90,14.16,-20.596,-68.82
58,90,14.48,-21.684,-73.51
58,90,14.8,-15.35,-63.36
58,90,15.12,-13.34,-59.77
58,90,15.44,-18.786,-65.1
58,90,15.76,-17.418,-64.61
58,90,16.08,-16.802,-64.26
58,90,16.4,-23.32,-73.13
58,90,16.72,-20.528,-70.01
58,90,17.04,-21.196,-72.45
58,90,17.36,-22.866,-75.51
58,90,17.68,-22.482,-75.56
58,90,18,-29.69,-82.5
59,90,2,-6.28,-28.07
59,90,2.32,-5.326,-30.98
59,90,2.64,-6.658,-35.37
59,90,2.96,-0.0380000000000038,-28.35
59,90,3.28,-6.492,-36.51
59,90,3.6,-5.27,-32.72
59,90,3.92,-9.232,-36.78
59,90,4.24,-13.826,-42.85
59,90,4.56,-5.046,-34.86
59,90,4.88,-7.55,-37.68
59,90,5.2,-5.58,-37
59,90,5.52,-13.408,-43.69
59,90,5.84,-18.482,-49.93
59,90,6.16,-16.64,-48.68
59,90,6.48,-11.186,-45.27
59,90,6.8,-13.17,-46.67
59,90,7.12,-11.656,-46.25
59,90,7.44,-12.466,-46.8
59,90,7.76,-12.988,-48.21
59,90,8.08,-13.006,-47.81
59,90,8.4,-14.93,-50.31
59,90,8.72,-8.658,-45.96
59,90,9.04,-12.974,-50.76
59,90,9.36,-12.184,-50.25
59,90,9.68,-15.41,-54.3
59,90,10,-13.53,-52.6
59,90,10.32,-20.732,-60.36
59,90,10.64,-18.638,-58.65
59,90,10.96,-16.616,-56.6
59,90,11.28,-18.006,-58.45
59,90,11.6,-17.68,-58.55
59,90,11.92,-18.094,-59.22
59,90,12.24,-16.434,-58.69
59,90,12.56,-19.51,-63.58
59,90,12.88,-19.966,-65.17
59,90,13.2,-21.06,-67.84
59,90,13.52,-18.012,-64.02
59,90,13.84,-15.668,-63.15
59,90,14.16,-15.586,-63.81
59,90,14.48,-18.694,-70.52
59,90,14.8,-21,-69.01
59,90,15.12,-15.91,-62.34
59,90,15.44,-24.356,-70.67
59,90,15.76,-16.778,-63.97
59,90,16.08,-15.132,-62.59
59,90,16.4,-19.22,-69.03
59,90,16.72,-23.398,-72.88
59,90,17.04,-12.966,-64.22
59,90,17.36,-28.486,-81.13
59,90,17.68,-23.142,-76.22
59,90,18,-18.53,-71.34
60,90,2,-6.56,-28.35
60,90,2.32,-5.856,-31.51
60,90,2.64,-6.778,-35.49
60,90,2.96,-0.508000000000003,-28.82
60,90,3.28,-6.79200000000001,-36.81
60,90,3.6,-5.87,-33.32
60,90,3.92,-10.052,-37.6
60,90,4.24,-14.486,-43.51
60,90,4.56,-5.756,-35.57
60,90,4.88,-8.38,-38.51
60,90,5.2,-5.83,-37.25
60,90,5.52,-13.928,-44.21
60,90,5.84,-20.452,-51.9
60,90,6.16,-16.72,-48.76
60,90,6.48,-11.436,-45.52
60,90,6.8,-13.87,-47.37
60,90,7.12,-11.396,-45.99
60,90,7.44,-14.046,-48.38
60,90,7.76,-12.908,-48.13
60,90,8.08,-13.966,-48.77
60,90,8.4,-15.39,-50.77
60,90,8.72,-8.598,-45.9
60,90,9.04,-12.894,-50.68
60,90,9.36,-12.324,-50.39
60,90,9.68,-16.35,-55.24
60,90,10,-15.34,-54.41
60,90,10.32,-19.312,-58.94
60,90,10.64,-19.368,-59.38
60,90,10.96,-17.066,-57.05
60,90,11.28,-18.406,-58.85
60,90,11.6,-16.89,-57.76
60,90,11.92,-20.614,-61.74
60,90,12.24,-17.994,-60.25
60,90,12.56,-16.6,-60.67
60,90,12.88,-19.236,-64.44
60,90,13.2,-19.5,-66.28
60,90,13.52,-18.102,-64.11
60,90,13.84,-15.618,-63.1
60,90,14.16,-16.036,-64.26
60,90,14.48,-17.234,-69.06
60,90,14.8,-14.05,-62.06
60,90,15.12,-15.75,-62.18
60,90,15.44,-19.236,-65.55
60,90,15.76,-17.098,-64.29
60,90,16.08,-15.632,-63.09
60,90,16.4,-20.67,-70.48
60,90,16.72,-22.538,-72.02
60,90,17.04,-15.046,-66.3
60,90,17.36,-20.696,-73.34
60,90,17.68,-27.992,-81.07
60,90,18,-17.12,-69.93
61,90,2,-6.86,-28.65
61,90,2.32,-6.296,-31.95
61,90,2.64,-7.068,-35.78
61,90,2.96,-1.098,-29.41
61,90,3.28,-6.992,-37.01
61,90,3.6,-6.81,-34.26
61,90,3.92,-10.842,-38.39
61,90,4.24,-15.086,-44.11
61,90,4.56,-6.306,-36.12
61,90,4.88,-9.18,-39.31
61,90,5.2,-6.05,-37.47
61,90,5.52,-15.058,-45.34
61,90,5.84,-20.702,-52.15
61,90,6.16,-17.28,-49.32
61,90,6.48,-11.646,-45.73
61,90,6.8,-14.57,-48.07
61,90,7.12,-12.016,-46.61
61,90,7.44,-15.056,-49.39
61,90,7.76,-13.418,-48.64
61,90,8.08,-13.696,-48.5
61,90,8.4,-16.34,-51.72
61,90,8.72,-8.728,-46.03
61,90,9.04,-12.444,-50.23
61,90,9.36,-13.094,-51.16
61,90,9.68,-16.31,-55.2
61,90,10,-14.66,-53.73
61,90,10.32,-18.452,-58.08
61,90,10.64,-22.148,-62.16
61,90,10.96,-15.416,-55.4
61,90,11.28,-18.816,-59.26
61,90,11.6,-17,-57.87
61,90,11.92,-18.264,-59.39
61,90,12.24,-17.134,-59.39
61,90,12.56,-16.59,-60.66
61,90,12.88,-16.236,-61.44
61,90,13.2,-15.12,-61.9
61,90,13.52,-14.952,-60.96
61,90,13.84,-15.148,-62.63
61,90,14.16,-17.016,-65.24
61,90,14.48,-21.184,-73.01
61,90,14.8,-14.57,-62.58
61,90,15.12,-15.42,-61.85
61,90,15.44,-16.186,-62.5
61,90,15.76,-23.058,-70.25
61,90,16.08,-17.222,-64.68
61,90,16.4,-22.43,-72.24
61,90,16.72,-22.488,-71.97
61,90,17.04,-28.246,-79.5
61,90,17.36,-28.016,-80.66
61,90,17.68,-19.782,-72.86
61,90,18,-18.67,-71.48
62,90,2,-7.06,-28.85
62,90,2.32,-6.626,-32.28
62,90,2.64,-7.288,-36
62,90,2.96,-1.558,-29.87
62,90,3.28,-6.992,-37.01
62,90,3.6,-7.63,-35.08
62,90,3.92,-11.692,-39.24
62,90,4.24,-15.646,-44.67
62,90,4.56,-6.746,-36.56
62,90,4.88,-10.35,-40.48
62,90,5.2,-6.41,-37.83
62,90,5.52,-16.408,-46.69
62,90,5.84,-18.782,-50.23
62,90,6.16,-17.86,-49.9
62,90,6.48,-11.276,-45.36
62,90,6.8,-15.47,-48.97
62,90,7.12,-12.326,-46.92
62,90,7.44,-15.726,-50.06
62,90,7.76,-13.528,-48.75
62,90,8.08,-13.056,-47.86
62,90,8.4,-15.23,-50.61
62,90,8.72,-8.918,-46.22
62,90,9.04,-13.524,-51.31
62,90,9.36,-12.554,-50.62
62,90,9.68,-15.74,-54.63
62,90,10,-15.35,-54.42
62,90,10.32,-18.172,-57.8
62,90,10.64,-21.918,-61.93
62,90,10.96,-17.406,-57.39
62,90,11.28,-18.306,-58.75
62,90,11.6,-18.25,-59.12
62,90,11.92,-20.144,-61.27
62,90,12.24,-16.184,-58.44
62,90,12.56,-15.96,-60.03
62,90,12.88,-18.566,-63.77
62,90,13.2,-13.92,-60.7
62,90,13.52,-15.652,-61.66
62,90,13.84,-18.098,-65.58
62,90,14.16,-16.606,-64.83
62,90,14.48,-21.224,-73.05
62,90,14.8,-15.69,-63.7
62,90,15.12,-13.7,-60.13
62,90,15.44,-19.636,-65.95
62,90,15.76,-21.358,-68.55
62,90,16.08,-19.382,-66.84
62,90,16.4,-29.85,-79.66
62,90,16.72,-21.548,-71.03
62,90,17.04,-20.426,-71.68
62,90,17.36,-28.216,-80.86
62,90,17.68,-21.752,-74.83
62,90,18,-22.8,-75.61
63,90,2,-7.26,-29.05
63,90,2.32,-7.086,-32.74
63,90,2.64,-7.668,-36.38
63,90,2.96,-2.108,-30.42
63,90,3.28,-7.282,-37.3
63,90,3.6,-8.53,-35.98
63,90,3.92,-12.112,-39.66
63,90,4.24,-16.766,-45.79
63,90,4.56,-6.996,-36.81
63,90,4.88,-11.48,-41.61
63,90,5.2,-6.79,-38.21
63,90,5.52,-17.078,-47.36
63,90,5.84,-17.022,-48.47
63,90,6.16,-18.63,-50.67
63,90,6.48,-11.606,-45.69
63,90,6.8,-16.47,-49.97
63,90,7.12,-12.946,-47.54
63,90,7.44,-16.196,-50.53
63,90,7.76,-13.348,-48.57
63,90,8.08,-12.406,-47.21
63,90,8.4,-14.61,-49.99
63,90,8.72,-8.668,-45.97
63,90,9.04,-14.754,-52.54
63,90,9.36,-11.744,-49.81
63,90,9.68,-15.38,-54.27
63,90,10,-13.93,-53
63,90,10.32,-20.162,-59.79
63,90,10.64,-21.168,-61.18
63,90,10.96,-17.886,-57.87
63,90,11.28,-17.726,-58.17
63,90,11.6,-19.06,-59.93
63,90,11.92,-17.784,-58.91
63,90,12.24,-16.214,-58.47
63,90,12.56,-17.24,-61.31
63,90,12.88,-24.646,-69.85
63,90,13.2,-17.1,-63.88
63,90,13.52,-17.642,-63.65
63,90,13.84,-16.648,-64.13
63,90,14.16,-15.656,-63.88
63,90,14.48,-14.704,-66.53
63,90,14.8,-15.54,-63.55
63,90,15.12,-12.18,-58.61
63,90,15.44,-21.986,-68.3
63,90,15.76,-17.928,-65.12
63,90,16.08,-21.592,-69.05
63,90,16.4,-23.54,-73.35
63,90,16.72,-20.348,-69.83
63,90,17.04,-18.606,-69.86
63,90,17.36,-28.126,-80.77
63,90,17.68,-19.602,-72.68
63,90,18,-31.65,-84.46
64,90,2,-7.39,-29.18
64,90,2.32,-7.296,-32.95
64,90,2.64,-8.078,-36.79
64,90,2.96,-2.578,-30.89
64,90,3.28,-7.802,-37.82
64,90,3.6,-9.4,-36.85
64,90,3.92,-12.552,-40.1
64,90,4.24,-17.466,-46.49
64,90,4.56,-7.336,-37.15
64,90,4.88,-12.83,-42.96
64,90,5.2,-7.08,-38.5
64,90,5.52,-16.818,-47.1
64,90,5.84,-16.222,-47.67
64,90,6.16,-20.22,-52.26
64,90,6.48,-12.096,-46.18
64,90,6.8,-16.43,-49.93
64,90,7.12,-13.176,-47.77
64,90,7.44,-15.186,-49.52
64,90,7.76,-13.328,-48.55
64,90,8.08,-11.916,-46.72
64,90,8.4,-14.09,-49.47
64,90,8.72,-9.278,-46.58
64,90,9.04,-15.644,-53.43
64,90,9.36,-12.024,-50.09
64,90,9.68,-17.15,-56.04
64,90,10,-14.08,-53.15
64,90,10.32,-22.152,-61.78
64,90,10.64,-20.948,-60.96
64,90,10.96,-16.146,-56.13
64,90,11.28,-17.096,-57.54
64,90,11.6,-17.77,-58.64
64,90,11.92,-19.604,-60.73
64,90,12.24,-17.974,-60.23
64,90,12.56,-16.59,-60.66
64,90,12.88,-20.566,-65.77
64,90,13.2,-19.79,-66.57
64,90,13.52,-19.592,-65.6
64,90,13.84,-15.638,-63.12
64,90,14.16,-13.906,-62.13
64,90,14.48,-16.534,-68.36
64,90,14.8,-16.33,-64.34
64,90,15.12,-20.11,-66.54
64,90,15.44,-22.416,-68.73
64,90,15.76,-17.858,-65.05
64,90,16.08,-21.662,-69.12
64,90,16.4,-18.65,-68.46
64,90,16.72,-18.628,-68.11
64,90,17.04,-15.486,-66.74
64,90,17.36,-20.346,-72.99
64,90,17.68,-17.812,-70.89
64,90,18,-26.55,-79.36
65,90,2,-7.57,-29.36
65,90,2.32,-7.596,-33.25
65,90,2.64,-8.628,-37.34
65,90,2.96,-2.938,-31.25
65,90,3.28,-8.412,-38.43
65,90,3.6,-10.26,-37.71
65,90,3.92,-12.702,-40.25
65,90,4.24,-18.116,-47.14
65,90,4.56,-7.726,-37.54
65,90,4.88,-14.36,-44.49
65,90,5.2,-7.63,-39.05
65,90,5.52,-16.398,-46.68
65,90,5.84,-15.662,-47.11
65,90,6.16,-20.01,-52.05
65,90,6.48,-12.336,-46.42
65,90,6.8,-17.01,-50.51
65,90,7.12,-13.926,-48.52
65,90,7.44,-15.016,-49.35
65,90,7.76,-14.108,-49.33
65,90,8.08,-12.436,-47.24
65,90,8.4,-13.98,-49.36
65,90,8.72,-10.038,-47.34
65,90,9.04,-17.064,-54.85
65,90,9.36,-13.634,-51.7
65,90,9.68,-17.91,-56.8
65,90,10,-14.76,-53.83
65,90,10.32,-22.402,-62.03
65,90,10.64,-21.128,-61.14
65,90,10.96,-18.216,-58.2
65,90,11.28,-17.306,-57.75
65,90,11.6,-17.04,-57.91
65,90,11.92,-20.034,-61.16
65,90,12.24,-17.634,-59.89
65,90,12.56,-19.96,-64.03
65,90,12.88,-25.326,-70.53
65,90,13.2,-22.56,-69.34
65,90,13.52,-17.292,-63.3
65,90,13.84,-14.728,-62.21
65,90,14.16,-14.896,-63.12
65,90,14.48,-14.614,-66.44
65,90,14.8,-18.9,-66.91
65,90,15.12,-16.35,-62.78
65,90,15.44,-17.706,-64.02
65,90,15.76,-13.838,-61.03
65,90,16.08,-20.512,-67.97
65,90,16.4,-20.46,-70.27
65,90,16.72,-15.008,-64.49
65,90,17.04,-16.036,-67.29
65,90,17.36,-19.406,-72.05
65,90,17.68,-25.942,-79.02
65,90,18,-18.85,-71.66
66,90,2,-7.69,-29.48
66,90,2.32,-7.816,-33.47
66,90,2.64,-9.098,-37.81
66,90,2.96,-3.318,-31.63
66,90,3.28,-9.232,-39.25
66,90,3.6,-10.83,-38.28
66,90,3.92,-13.212,-40.76
66,90,4.24,-18.656,-47.68
66,90,4.56,-7.926,-37.74
66,90,4.88,-15.5,-45.63
66,90,5.2,-8.56,-39.98
66,90,5.52,-15.348,-45.63
66,90,5.84,-16.222,-47.67
66,90,6.16,-19.33,-51.37
66,90,6.48,-13.766,-47.85
66,90,6.8,-16.53,-50.03
66,90,7.12,-13.666,-48.26
66,90,7.44,-14.356,-48.69
66,90,7.76,-14.228,-49.45
66,90,8.08,-13.536,-48.34
66,90,8.4,-16.66,-52.04
66,90,8.72,-11.908,-49.21
66,90,9.04,-18.684,-56.47
66,90,9.36,-15.984,-54.05
66,90,9.68,-18.51,-57.4
66,90,10,-16.39,-55.46
66,90,10.32,-19.872,-59.5
66,90,10.64,-21.898,-61.91
66,90,10.96,-16.146,-56.13
66,90,11.28,-18.816,-59.26
66,90,11.6,-15.82,-56.69
66,90,11.92,-20.214,-61.34
66,90,12.24,-17.694,-59.95
66,90,12.56,-20.79,-64.86
66,90,12.88,-20.996,-66.2
66,90,13.2,-16.66,-63.44
66,90,13.52,-20.062,-66.07
66,90,13.84,-15.998,-63.48
66,90,14.16,-17.966,-66.19
66,90,14.48,-16.814,-68.64
66,90,14.8,-17.87,-65.88
66,90,15.12,-14.07,-60.5
66,90,15.44,-22.966,-69.28
66,90,15.76,-16.258,-63.45
66,90,16.08,-23.212,-70.67
66,90,16.4,-20.59,-70.4
66,90,16.72,-21.488,-70.97
66,90,17.04,-12.936,-64.19
66,90,17.36,-19.436,-72.08
66,90,17.68,-22.092,-75.17
66,90,18,-16.94,-69.75
67,90,2,-7.77,-29.56
67,90,2.32,-8.046,-33.7
67,90,2.64,-9.618,-38.33
67,90,2.96,-3.658,-31.97
67,90,3.28,-10.072,-40.09
67,90,3.6,-11.45,-38.9
67,90,3.92,-13.582,-41.13
67,90,4.24,-18.886,-47.91
67,90,4.56,-8.616,-38.43
67,90,4.88,-15.68,-45.81
67,90,5.2,-9.7,-41.12
67,90,5.52,-14.518,-44.8
67,90,5.84,-17.402,-48.85
67,90,6.16,-18.83,-50.87
67,90,6.48,-14.656,-48.74
67,90,6.8,-16.42,-49.92
67,90,7.12,-13.756,-48.35
67,90,7.44,-15.066,-49.4
67,90,7.76,-14.998,-50.22
67,90,8.08,-15.646,-50.45
67,90,8.4,-20.45,-55.83
67,90,8.72,-13.708,-51.01
67,90,9.04,-21.484,-59.27
67,90,9.36,-17.064,-55.13
67,90,9.68,-18.49,-57.38
67,90,10,-19.49,-58.56
67,90,10.32,-20.892,-60.52
67,90,10.64,-20.358,-60.37
67,90,10.96,-17.316,-57.3
67,90,11.28,-19.116,-59.56
67,90,11.6,-16.77,-57.64
67,90,11.92,-21.544,-62.67
67,90,12.24,-15.324,-57.58
67,90,12.56,-16.43,-60.5
67,90,12.88,-21.176,-66.38
67,90,13.2,-14.3,-61.08
67,90,13.52,-18.142,-64.15
67,90,13.84,-16.968,-64.45
67,90,14.16,-17.736,-65.96
67,90,14.48,-18.274,-70.1
67,90,14.8,-20.4,-68.41
67,90,15.12,-16.52,-62.95
67,90,15.44,-23.446,-69.76
67,90,15.76,-20.948,-68.14
67,90,16.08,-28.652,-76.11
67,90,16.4,-28.73,-78.54
67,90,16.72,-16.188,-65.67
67,90,17.04,-21.856,-73.11
67,90,17.36,-18.746,-71.39
67,90,17.68,-27.602,-80.68
67,90,18,-19.32,-72.13
68,90,2,-7.8,-29.59
68,90,2.32,-8.156,-33.81
68,90,2.64,-10.058,-38.77
68,90,2.96,-3.848,-32.16
68,90,3.28,-11.262,-41.28
68,90,3.6,-11.96,-39.41
68,90,3.92,-14.182,-41.73
68,90,4.24,-19.116,-48.14
68,90,4.56,-9.496,-39.31
68,90,4.88,-15.37,-45.5
68,90,5.2,-11.39,-42.81
68,90,5.52,-14.368,-44.65
68,90,5.84,-20.362,-51.81
68,90,6.16,-18.72,-50.76
68,90,6.48,-16.186,-50.27
68,90,6.8,-16.51,-50.01
68,90,7.12,-14.016,-48.61
68,90,7.44,-15.666,-50
68,90,7.76,-16.408,-51.63
68,90,8.08,-19.176,-53.98
68,90,8.4,-22.69,-58.07
68,90,8.72,-13.638,-50.94
68,90,9.04,-18.184,-55.97
68,90,9.36,-18.354,-56.42
68,90,9.68,-19.98,-58.87
68,90,10,-21.22,-60.29
68,90,10.32,-23.152,-62.78
68,90,10.64,-19.758,-59.77
68,90,10.96,-17.706,-57.69
68,90,11.28,-21.806,-62.25
68,90,11.6,-17,-57.87
68,90,11.92,-18.224,-59.35
68,90,12.24,-16.434,-58.69
68,90,12.56,-16.18,-60.25
68,90,12.88,-19.856,-65.06
68,90,13.2,-18.36,-65.14
68,90,13.52,-26.752,-72.76
68,90,13.84,-19.428,-66.91
68,90,14.16,-14.916,-63.14
68,90,14.48,-16.584,-68.41
68,90,14.8,-14.89,-62.9
68,90,15.12,-15.83,-62.26
68,90,15.44,-25.866,-72.18
68,90,15.76,-20.808,-68
68,90,16.08,-21.332,-68.79
68,90,16.4,-21.99,-71.8
68,90,16.72,-14.518,-64
68,90,17.04,-20.416,-71.67
68,90,17.36,-20.376,-73.02
68,90,17.68,-25.572,-78.65
68,90,18,-19.3,-72.11
69,90,2,-7.77,-29.56
69,90,2.32,-8.316,-33.97
69,90,2.64,-10.388,-39.1
69,90,2.96,-4.02800000000001,-32.34
69,90,3.28,-12.612,-42.63
69,90,3.6,-12.33,-39.78
69,90,3.92,-15.232,-42.78
69,90,4.24,-19.246,-48.27
69,90,4.56,-10.576,-40.39
69,90,4.88,-15.26,-45.39
69,90,5.2,-12.99,-44.41
69,90,5.52,-14.458,-44.74
69,90,5.84,-24.792,-56.24
69,90,6.16,-18.82,-50.86
69,90,6.48,-15.686,-49.77
69,90,6.8,-15.99,-49.49
69,90,7.12,-13.996,-48.59
69,90,7.44,-17.946,-52.28
69,90,7.76,-17.928,-53.15
69,90,8.08,-21.196,-56
69,90,8.4,-19.04,-54.42
69,90,8.72,-11.958,-49.26
69,90,9.04,-17.854,-55.64
69,90,9.36,-16.404,-54.47
69,90,9.68,-19.33,-58.22
69,90,10,-18.29,-57.36
69,90,10.32,-29.602,-69.23
69,90,10.64,-21.008,-61.02
69,90,10.96,-19.956,-59.94
69,90,11.28,-21.196,-61.64
69,90,11.6,-16.68,-57.55
69,90,11.92,-17.424,-58.55
69,90,12.24,-17.784,-60.04
69,90,12.56,-21.07,-65.14
69,90,12.88,-27.916,-73.12
69,90,13.2,-21.68,-68.46
69,90,13.52,-36.162,-82.17
69,90,13.84,-17.608,-65.09
69,90,14.16,-14.866,-63.09
69,90,14.48,-30.704,-82.53
69,90,14.8,-18.46,-66.47
69,90,15.12,-19.35,-65.78
69,90,15.44,-21.986,-68.3
69,90,15.76,-17.178,-64.37
69,90,16.08,-18.282,-65.74
69,90,16.4,-15.15,-64.96
69,90,16.72,-17.748,-67.23
69,90,17.04,-16.736,-67.99
69,90,17.36,-29.246,-81.89
69,90,17.68,-22.982,-76.06
69,90,18,-22.53,-75.34
70,90,2,-7.72,-29.51
70,90,2.32,-8.476,-34.13
70,90,2.64,-10.518,-39.23
70,90,2.96,-4.158,-32.47
70,90,3.28,-13.692,-43.71
70,90,3.6,-12.69,-40.14
70,90,3.92,-16.362,-43.91
70,90,4.24,-19.576,-48.6
70,90,4.56,-11.366,-41.18
70,90,4.88,-15.2,-45.33
70,90,5.2,-13.64,-45.06
70,90,5.52,-14.768,-45.05
70,90,5.84,-31.662,-63.11
70,90,6.16,-19.27,-51.31
70,90,6.48,-16.136,-50.22
70,90,6.8,-15.98,-49.48
70,90,7.12,-15.116,-49.71
70,90,7.44,-21.056,-55.39
70,90,7.76,-17.728,-52.95
70,90,8.08,-20.466,-55.27
70,90,8.4,-16.44,-51.82
70,90,8.72,-10.588,-47.89
70,90,9.04,-16.634,-54.42
70,90,9.36,-16.634,-54.7
70,90,9.68,-20.31,-59.2
70,90,10,-16.71,-55.78
70,90,10.32,-28.372,-68
70,90,10.64,-22.498,-62.51
70,90,10.96,-20.436,-60.42
70,90,11.28,-20.906,-61.35
70,90,11.6,-20.21,-61.08
70,90,11.92,-17.754,-58.88
70,90,12.24,-21.234,-63.49
70,90,12.56,-27.92,-71.99
70,90,12.88,-30.476,-75.68
70,90,13.2,-23.2,-69.98
70,90,13.52,-21.522,-67.53
70,90,13.84,-14.858,-62.34
70,90,14.16,-14.516,-62.74
70,90,14.48,-26.744,-78.57
70,90,14.8,-22.9,-70.91
70,90,15.12,-18.97,-65.4
70,90,15.44,-23.066,-69.38
70,90,15.76,-18.628,-65.82
70,90,16.08,-28.732,-76.19
70,90,16.4,-22.58,-72.39
70,90,16.72,-21.408,-70.89
70,90,17.04,-15.196,-66.45
70,90,17.36,-33.016,-85.66
70,90,17.68,-24.552,-77.63
70,90,18,-28.22,-81.03
71,90,2,-7.65,-29.44
71,90,2.32,-8.496,-34.15
71,90,2.64,-10.708,-39.42
71,90,2.96,-4.298,-32.61
71,90,3.28,-15.452,-45.47
71,90,3.6,-13.2,-40.65
71,90,3.92,-18.292,-45.84
71,90,4.24,-19.916,-48.94
71,90,4.56,-12.456,-42.27
71,90,4.88,-14.91,-45.04
71,90,5.2,-13.37,-44.79
71,90,5.52,-15.688,-45.97
71,90,5.84,-29.112,-60.56
71,90,6.16,-19.76,-51.8
71,90,6.48,-15.436,-49.52
71,90,6.8,-17.32,-50.82
71,90,7.12,-15.346,-49.94
71,90,7.44,-25.786,-60.12
71,90,7.76,-18.708,-53.93
71,90,8.08,-17.756,-52.56
71,90,8.4,-16.78,-52.16
71,90,8.72,-11.028,-48.33
71,90,9.04,-18.664,-56.45
71,90,9.36,-16.594,-54.66
71,90,9.68,-20.35,-59.24
71,90,10,-17.1,-56.17
71,90,10.32,-36.632,-76.26
71,90,10.64,-21.898,-61.91
71,90,10.96,-21.196,-61.18
71,90,11.28,-21.526,-61.97
71,90,11.6,-19.02,-59.89
71,90,11.92,-22.074,-63.2
71,90,12.24,-21.004,-63.26
71,90,12.56,-19.61,-63.68
71,90,12.88,-18.746,-63.95
71,90,13.2,-17.03,-63.81
71,90,13.52,-18.862,-64.87
71,90,13.84,-16.198,-63.68
71,90,14.16,-16.926,-65.15
71,90,14.48,-24.874,-76.7
71,90,14.8,-23.97,-71.98
71,90,15.12,-16.97,-63.4
71,90,15.44,-21.466,-67.78
71,90,15.76,-23.688,-70.88
71,90,16.08,-31.732,-79.19
71,90,16.4,-18.35,-68.16
71,90,16.72,-20.718,-70.2
71,90,17.04,-20.776,-72.03
71,90,17.36,-25.916,-78.56
71,90,17.68,-22.662,-75.74
71,90,18,-20.96,-73.77
72,90,2,-7.55,-29.34
72,90,2.32,-8.536,-34.19
72,90,2.64,-10.648,-39.36
72,90,2.96,-4.478,-32.79
72,90,3.28,-15.892,-45.91
72,90,3.6,-13.76,-41.21
72,90,3.92,-20.482,-48.03
72,90,4.24,-20.576,-49.6
72,90,4.56,-13.256,-43.07
72,90,4.88,-15.8,-45.93
72,90,5.2,-12.62,-44.04
72,90,5.52,-17.388,-47.67
72,90,5.84,-24.542,-55.99
72,90,6.16,-20.17,-52.21
72,90,6.48,-15.336,-49.42
72,90,6.8,-20.18,-53.68
72,90,7.12,-16.206,-50.8
72,90,7.44,-22.226,-56.56
72,90,7.76,-18.188,-53.41
72,90,8.08,-16.736,-51.54
72,90,8.4,-18.3,-53.68
72,90,8.72,-12.788,-50.09
72,90,9.04,-21.914,-59.7
72,90,9.36,-19.694,-57.76
72,90,9.68,-23.4,-62.29
72,90,10,-19.46,-58.53
72,90,10.32,-33.272,-72.9
72,90,10.64,-22.248,-62.26
72,90,10.96,-20.806,-60.79
72,90,11.28,-22.946,-63.39
72,90,11.6,-20.29,-61.16
72,90,11.92,-21.984,-63.11
72,90,12.24,-17.684,-59.94
72,90,12.56,-20.02,-64.09
72,90,12.88,-20.996,-66.2
72,90,13.2,-17,-63.78
72,90,13.52,-18.602,-64.61
72,90,13.84,-18.628,-66.11
72,90,14.16,-17.916,-66.14
72,90,14.48,-20.704,-72.53
72,90,14.8,-22.73,-70.74
72,90,15.12,-20.95,-67.38
72,90,15.44,-21.746,-68.06
72,90,15.76,-20.828,-68.02
72,90,16.08,-24.982,-72.44
72,90,16.4,-24.61,-74.42
72,90,16.72,-17.278,-66.76
72,90,17.04,-17.436,-68.69
72,90,17.36,-20.726,-73.37
72,90,17.68,-30.062,-83.14
72,90,18,-19.8,-72.61
73,90,2,-7.54,-29.33
73,90,2.32,-8.646,-34.3
73,90,2.64,-10.528,-39.24
73,90,2.96,-4.668,-32.98
73,90,3.28,-15.172,-45.19
73,90,3.6,-14.35,-41.8
73,90,3.92,-23.162,-50.71
73,90,4.24,-21.216,-50.24
73,90,4.56,-13.466,-43.28
73,90,4.88,-17.18,-47.31
73,90,5.2,-11.65,-43.07
73,90,5.52,-19.968,-50.25
73,90,5.84,-21.642,-53.09
73,90,6.16,-22.19,-54.23
73,90,6.48,-15.476,-49.56
73,90,6.8,-23,-56.5
73,90,7.12,-16.336,-50.93
73,90,7.44,-17.986,-52.32
73,90,7.76,-18.768,-53.99
73,90,8.08,-17.016,-51.82
73,90,8.4,-21.15,-56.53
73,90,8.72,-15.728,-53.03
73,90,9.04,-36.214,-74
73,90,9.36,-30.284,-68.35
73,90,9.68,-25.66,-64.55
73,90,10,-23.1,-62.17
73,90,10.32,-33.302,-72.93
73,90,10.64,-29.958,-69.97
73,90,10.96,-20.316,-60.3
73,90,11.28,-22.546,-62.99
73,90,11.6,-23.09,-63.96
73,90,11.92,-21.134,-62.26
73,90,12.24,-17.924,-60.18
73,90,12.56,-22.7,-66.77
73,90,12.88,-27.176,-72.38
73,90,13.2,-17.76,-64.54
73,90,13.52,-22.102,-68.11
73,90,13.84,-19.148,-66.63
73,90,14.16,-17.456,-65.68
73,90,14.48,-17.654,-69.48
73,90,14.8,-22.13,-70.14
73,90,15.12,-30.28,-76.71
73,90,15.44,-33.286,-79.6
73,90,15.76,-33.948,-81.14
73,90,16.08,-23.132,-70.59
73,90,16.4,-22.29,-72.1
73,90,16.72,-27.848,-77.33
73,90,17.04,-22.326,-73.58
73,90,17.36,-22.946,-75.59
73,90,17.68,-29.252,-82.33
73,90,18,-27.33,-80.14
74,90,2,-7.5,-29.29
74,90,2.32,-8.686,-34.34
74,90,2.64,-10.348,-39.06
74,90,2.96,-4.908,-33.22
74,90,3.28,-14.062,-44.08
74,90,3.6,-14.66,-42.11
74,90,3.92,-24.762,-52.31
74,90,4.24,-23.206,-52.23
74,90,4.56,-13.406,-43.22
74,90,4.88,-18.99,-49.12
74,90,5.2,-11.7,-43.12
74,90,5.52,-23.038,-53.32
74,90,5.84,-21.052,-52.5
74,90,6.16,-24.38,-56.42
74,90,6.48,-15.876,-49.96
74,90,6.8,-24.26,-57.76
74,90,7.12,-16.476,-51.07
74,90,7.44,-15.646,-49.98
74,90,7.76,-20.218,-55.44
74,90,8.08,-17.326,-52.13
74,90,8.4,-28.89,-64.27
74,90,8.72,-24.908,-62.21
74,90,9.04,-27.194,-64.98
74,90,9.36,-38.804,-76.87
74,90,9.68,-23.15,-62.04
74,90,10,-25.57,-64.64
74,90,10.32,-22.542,-62.17
74,90,10.64,-29.728,-69.74
74,90,10.96,-23.816,-63.8
74,90,11.28,-21.076,-61.52
74,90,11.6,-23.79,-64.66
74,90,11.92,-19.614,-60.74
74,90,12.24,-22.414,-64.67
74,90,12.56,-28.19,-72.26
74,90,12.88,-36.236,-81.44
74,90,13.2,-21.05,-67.83
74,90,13.52,-23.632,-69.64
74,90,13.84,-17.448,-64.93
74,90,14.16,-19.466,-67.69
74,90,14.48,-21.884,-73.71
74,90,14.8,-30.04,-78.05
74,90,15.12,-22.88,-69.31
74,90,15.44,-30.776,-77.09
74,90,15.76,-27.648,-74.84
74,90,16.08,-30.782,-78.24
74,90,16.4,-21.24,-71.05
74,90,16.72,-25.298,-74.78
74,90,17.04,-27.316,-78.57
74,90,17.36,-28.406,-81.05
74,90,17.68,-30.702,-83.78
74,90,18,-24.47,-77.28
75,90,2,-7.47,-29.26
75,90,2.32,-8.846,-34.5
75,90,2.64,-10.528,-39.24
75,90,2.96,-5.088,-33.4
75,90,3.28,-13.252,-43.27
75,90,3.6,-15.03,-42.48
75,90,3.92,-24.472,-52.02
75,90,4.24,-26.856,-55.88
75,90,4.56,-13.596,-43.41
75,90,4.88,-21.67,-51.8
75,90,5.2,-12.55,-43.97
75,90,5.52,-26.788,-57.07
75,90,5.84,-20.562,-52.01
75,90,6.16,-23.22,-55.26
75,90,6.48,-18.466,-52.55
75,90,6.8,-20.9,-54.4
75,90,7.12,-16.556,-51.15
75,90,7.44,-14.706,-49.04
75,90,7.76,-20.408,-55.63
75,90,8.08,-20.046,-54.85
75,90,8.4,-31.01,-66.39
75,90,8.72,-25.328,-62.63
75,90,9.04,-21.154,-58.94
75,90,9.36,-25.114,-63.18
75,90,9.68,-20.82,-59.71
75,90,10,-22.06,-61.13
75,90,10.32,-28.052,-67.68
75,90,10.64,-24.498,-64.51
75,90,10.96,-23.316,-63.3
75,90,11.28,-26.786,-67.23
75,90,11.6,-28.19,-69.06
75,90,11.92,-25.134,-66.26
75,90,12.24,-22.524,-64.78
75,90,12.56,-29.34,-73.41
75,90,12.88,-33.806,-79.01
75,90,13.2,-32.45,-79.23
75,90,13.52,-20.732,-66.74
75,90,13.84,-17.978,-65.46
75,90,14.16,-22.466,-70.69
75,90,14.48,-22.294,-74.12
75,90,14.8,-28.74,-76.75
75,90,15.12,-36.97,-83.4
75,90,15.44,-23.216,-69.53
75,90,15.76,-24.078,-71.27
75,90,16.08,-29.812,-77.27
75,90,16.4,-22.57,-72.38
75,90,16.72,-20.438,-69.92
75,90,17.04,-21.666,-72.92
75,90,17.36,-23.736,-76.38
75,90,17.68,-32.122,-85.2
75,90,18,-22.35,-75.16
76,90,2,-7.49,-29.28
76,90,2.32,-8.916,-34.57
76,90,2.64,-10.378,-39.09
76,90,2.96,-5.158,-33.47
76,90,3.28,-12.482,-42.5
76,90,3.6,-14.99,-42.44
76,90,3.92,-22.682,-50.23
76,90,4.24,-26.466,-55.49
76,90,4.56,-13.796,-43.61
76,90,4.88,-23.78,-53.91
76,90,5.2,-14.21,-45.63
76,90,5.52,-31.118,-61.4
76,90,5.84,-20.922,-52.37
76,90,6.16,-22.18,-54.22
76,90,6.48,-20.886,-54.97
76,90,6.8,-18.09,-51.59
76,90,7.12,-16.306,-50.9
76,90,7.44,-15.216,-49.55
76,90,7.76,-21.768,-56.99
76,90,8.08,-22.956,-57.76
76,90,8.4,-28.69,-64.07
76,90,8.72,-19.128,-56.43
76,90,9.04,-19.844,-57.63
76,90,9.36,-18.304,-56.37
76,90,9.68,-20.34,-59.23
76,90,10,-20.35,-59.42
76,90,10.32,-28.482,-68.11
76,90,10.64,-25.008,-65.02
76,90,10.96,-22.246,-62.23
76,90,11.28,-33.446,-73.89
76,90,11.6,-25.01,-65.88
76,90,11.92,-27.144,-68.27
76,90,12.24,-21.234,-63.49
76,90,12.56,-21.17,-65.24
76,90,12.88,-24.476,-69.68
76,90,13.2,-19.18,-65.96
76,90,13.52,-21.822,-67.83
76,90,13.84,-18.368,-65.85
76,90,14.16,-20.736,-68.96
76,90,14.48,-23.264,-75.09
76,90,14.8,-29.41,-77.42
76,90,15.12,-32.11,-78.54
76,90,15.44,-28.806,-75.12
76,90,15.76,-25.008,-72.2
76,90,16.08,-26.812,-74.27
76,90,16.4,-24.17,-73.98
76,90,16.72,-19.378,-68.86
76,90,17.04,-24.016,-75.27
76,90,17.36,-25.756,-78.4
76,90,17.68,-26.842,-79.92
76,90,18,-22.16,-74.97
77,90,2,-7.51,-29.3
77,90,2.32,-9.016,-34.67
77,90,2.64,-10.508,-39.22
77,90,2.96,-5.308,-33.62
77,90,3.28,-11.682,-41.7
77,90,3.6,-15.15,-42.6
77,90,3.92,-20.932,-48.48
77,90,4.24,-29.296,-58.32
77,90,4.56,-14.526,-44.34
77,90,4.88,-27.15,-57.28
77,90,5.2,-16.91,-48.33
77,90,5.52,-26.498,-56.78
77,90,5.84,-21.212,-52.66
77,90,6.16,-19.98,-52.02
77,90,6.48,-23.666,-57.75
77,90,6.8,-16.86,-50.36
77,90,7.12,-15.656,-50.25
77,90,7.44,-16.556,-50.89
77,90,7.76,-20.728,-55.95
77,90,8.08,-28.976,-63.78
77,90,8.4,-23.81,-59.19
77,90,8.72,-17.568,-54.87
77,90,9.04,-20.104,-57.89
77,90,9.36,-17.964,-56.03
77,90,9.68,-24.59,-63.48
77,90,10,-22.23,-61.3
77,90,10.32,-28.812,-68.44
77,90,10.64,-25.358,-65.37
77,90,10.96,-21.136,-61.12
77,90,11.28,-32.176,-72.62
77,90,11.6,-24.59,-65.46
77,90,11.92,-30.014,-71.14
77,90,12.24,-26.344,-68.6
77,90,12.56,-26.96,-71.03
77,90,12.88,-24.116,-69.32
77,90,13.2,-20.04,-66.82
77,90,13.52,-29.442,-75.45
77,90,13.84,-23.238,-70.72
77,90,14.16,-16.166,-64.39
77,90,14.48,-28.444,-80.27
77,90,14.8,-28.69,-76.7
77,90,15.12,-28.11,-74.54
77,90,15.44,-39.356,-85.67
77,90,15.76,-28.968,-76.16
77,90,16.08,-27.642,-75.1
77,90,16.4,-26.43,-76.24
77,90,16.72,-28.338,-77.82
77,90,17.04,-24.916,-76.17
77,90,17.36,-32.426,-85.07
77,90,17.68,-22.762,-75.84
77,90,18,-20.56,-73.37
78,90,2,-7.59,-29.38
78,90,2.32,-9.036,-34.69
78,90,2.64,-10.638,-39.35
78,90,2.96,-5.27800000000001,-33.59
78,90,3.28,-11.282,-41.3
78,90,3.6,-15.23,-42.68
78,90,3.92,-20.092,-47.64
78,90,4.24,-29.106,-58.13
78,90,4.56,-15.846,-45.66
78,90,4.88,-28.55,-58.68
78,90,5.2,-20.73,-52.15
78,90,5.52,-23.138,-53.42
78,90,5.84,-23.292,-54.74
78,90,6.16,-19.39,-51.43
78,90,6.48,-24.776,-58.86
78,90,6.8,-16.58,-50.08
78,90,7.12,-16.276,-50.87
78,90,7.44,-19.196,-53.53
78,90,7.76,-23.088,-58.31
78,90,8.08,-25.916,-60.72
78,90,8.4,-21.58,-56.96
78,90,8.72,-19.568,-56.87
78,90,9.04,-21.474,-59.26
78,90,9.36,-19.504,-57.57
78,90,9.68,-26.86,-65.75
78,90,10,-23.88,-62.95
78,90,10.32,-25.272,-64.9
78,90,10.64,-27.568,-67.58
78,90,10.96,-23.526,-63.51
78,90,11.28,-25.276,-65.72
78,90,11.6,-23.11,-63.98
78,90,11.92,-30.424,-71.55
78,90,12.24,-26.534,-68.79
78,90,12.56,-36.57,-80.64
78,90,12.88,-39.536,-84.74
78,90,13.2,-28.83,-75.61
78,90,13.52,-38.452,-84.46
78,90,13.84,-24.518,-72
78,90,14.16,-24.286,-72.51
78,90,14.48,-24.314,-76.14
78,90,14.8,-38.8,-86.81
78,90,15.12,-30.91,-77.34
78,90,15.44,-31.486,-77.8
78,90,15.76,-20.928,-68.12
78,90,16.08,-25.962,-73.42
78,90,16.4,-28.11,-77.92
78,90,16.72,-21.718,-71.2
78,90,17.04,-25.746,-77
78,90,17.36,-23.706,-76.35
78,90,17.68,-40.932,-94.01
78,90,18,-24.16,-76.97
79,90,2,-7.69,-29.48
79,90,2.32,-9.246,-34.9
79,90,2.64,-10.758,-39.47
79,90,2.96,-5.098,-33.41
79,90,3.28,-11.172,-41.19
79,90,3.6,-15,-42.45
79,90,3.92,-19.562,-47.11
79,90,4.24,-28.866,-57.89
79,90,4.56,-18.096,-47.91
79,90,4.88,-28.95,-59.08
79,90,5.2,-27.63,-59.05
79,90,5.52,-21.308,-51.59
79,90,5.84,-26.262,-57.71
79,90,6.16,-18.79,-50.83
79,90,6.48,-24.556,-58.64
79,90,6.8,-17.69,-51.19
79,90,7.12,-16.096,-50.69
79,90,7.44,-28.176,-62.51
79,90,7.76,-22.408,-57.63
79,90,8.08,-24.036,-58.84
79,90,8.4,-20.81,-56.19
79,90,8.72,-23.158,-60.46
79,90,9.04,-26.484,-64.27
79,90,9.36,-23.834,-61.9
79,90,9.68,-28.99,-67.88
79,90,10,-23.91,-62.98
79,90,10.32,-22.162,-61.79
79,90,10.64,-30.908,-70.92
79,90,10.96,-24.976,-64.96
79,90,11.28,-24.166,-64.61
79,90,11.6,-24.22,-65.09
79,90,11.92,-28.504,-69.63
79,90,12.24,-33.894,-76.15
79,90,12.56,-29.03,-73.1
79,90,12.88,-29.776,-74.98
79,90,13.2,-25.88,-72.66
79,90,13.52,-32.922,-78.93
79,90,13.84,-20.668,-68.15
79,90,14.16,-22.056,-70.28
79,90,14.48,-21.034,-72.86
79,90,14.8,-20.82,-68.83
79,90,15.12,-29.93,-76.36
79,90,15.44,-30.356,-76.67
79,90,15.76,-23.818,-71.01
79,90,16.08,-28.592,-76.05
79,90,16.4,-23.63,-73.44
79,90,16.72,-29.028,-78.51
79,90,17.04,-21.386,-72.64
79,90,17.36,-25.756,-78.4
79,90,17.68,-19.312,-72.39
79,90,18,-22.9,-75.71
80,90,2,-7.86,-29.65
80,90,2.32,-9.586,-35.24
80,90,2.64,-11.078,-39.79
80,90,2.96,-4.908,-33.22
80,90,3.28,-11.152,-41.17
80,90,3.6,-14.65,-42.1
80,90,3.92,-19.752,-47.3
80,90,4.24,-28.046,-57.07
80,90,4.56,-20.636,-50.45
80,90,4.88,-29.84,-59.97
80,90,5.2,-31.75,-63.17
80,90,5.52,-21.038,-51.32
80,90,5.84,-29.152,-60.6
80,90,6.16,-18.02,-50.06
80,90,6.48,-22.116,-56.2
80,90,6.8,-20.56,-54.06
80,90,7.12,-17.406,-52
80,90,7.44,-28.526,-62.86
80,90,7.76,-22.528,-57.75
80,90,8.08,-22.356,-57.16
80,90,8.4,-22.29,-57.67
80,90,8.72,-33.048,-70.35
80,90,9.04,-38.764,-76.55
80,90,9.36,-28.624,-66.69
80,90,9.68,-29.36,-68.25
80,90,10,-28.44,-67.51
80,90,10.32,-25.912,-65.54
80,90,10.64,-29.158,-69.17
80,90,10.96,-21.916,-61.9
80,90,11.28,-23.156,-63.6
80,90,11.6,-26.51,-67.38
80,90,11.92,-40.054,-81.18
80,90,12.24,-30.374,-72.63
80,90,12.56,-30.87,-74.94
80,90,12.88,-30.686,-75.89
80,90,13.2,-31.61,-78.39
80,90,13.52,-35.842,-81.85
80,90,13.84,-21.568,-69.05
80,90,14.16,-29.686,-77.91
80,90,14.48,-26.434,-78.26
80,90,14.8,-26.06,-74.07
80,90,15.12,-20.6,-67.03
80,90,15.44,-28.376,-74.69
80,90,15.76,-25.988,-73.18
80,90,16.08,-23.862,-71.32
80,90,16.4,-18.64,-68.45
80,90,16.72,-20.758,-70.24
80,90,17.04,-27.136,-78.39
80,90,17.36,-41.006,-93.65
80,90,17.68,-22.132,-75.21
80,90,18,-21.01,-73.82
81,90,2,-8.06,-29.85
81,90,2.32,-9.736,-35.39
81,90,2.64,-11.338,-40.05
81,90,2.96,-4.668,-32.98
81,90,3.28,-11.212,-41.23
81,90,3.6,-14.57,-42.02
81,90,3.92,-19.882,-47.43
81,90,4.24,-25.776,-54.8
81,90,4.56,-23.026,-52.84
81,90,4.88,-30.41,-60.54
81,90,5.2,-25.51,-56.93
81,90,5.52,-21.768,-52.05
81,90,5.84,-30.532,-61.98
81,90,6.16,-19.09,-51.13
81,90,6.48,-21.006,-55.09
81,90,6.8,-23.57,-57.07
81,90,7.12,-19.306,-53.9
81,90,7.44,-21.246,-55.58
81,90,7.76,-22.668,-57.89
81,90,8.08,-22.556,-57.36
81,90,8.4,-24.81,-60.19
81,90,8.72,-26.288,-63.59
81,90,9.04,-30.534,-68.32
81,90,9.36,-23.114,-61.18
81,90,9.68,-24.63,-63.52
81,90,10,-28.34,-67.41
81,90,10.32,-33.412,-73.04
81,90,10.64,-29.758,-69.77
81,90,10.96,-21.416,-61.4
81,90,11.28,-33.116,-73.56
81,90,11.6,-23.46,-64.33
81,90,11.92,-30.074,-71.2
81,90,12.24,-29.614,-71.87
81,90,12.56,-21.39,-65.46
81,90,12.88,-27.166,-72.37
81,90,13.2,-25.62,-72.4
81,90,13.52,-31.092,-77.1
81,90,13.84,-21.678,-69.16
81,90,14.16,-22.526,-70.75
81,90,14.48,-31.514,-83.34
81,90,14.8,-28.27,-76.28
81,90,15.12,-25.36,-71.79
81,90,15.44,-28.056,-74.37
81,90,15.76,-33.008,-80.2
81,90,16.08,-33.932,-81.39
81,90,16.4,-22.31,-72.12
81,90,16.72,-31.058,-80.54
81,90,17.04,-38.206,-89.46
81,90,17.36,-23.436,-76.08
81,90,17.68,-23.242,-76.32
81,90,18,-20.61,-73.42
82,90,2,-8.28,-30.07
82,90,2.32,-9.906,-35.56
82,90,2.64,-11.908,-40.62
82,90,2.96,-4.428,-32.74
82,90,3.28,-11.672,-41.69
82,90,3.6,-14.4,-41.85
82,90,3.92,-20.332,-47.88
82,90,4.24,-24.116,-53.14
82,90,4.56,-21.666,-51.48
82,90,4.88,-29.75,-59.88
82,90,5.2,-23.24,-54.66
82,90,5.52,-23.688,-53.97
82,90,5.84,-32.332,-63.78
82,90,6.16,-20.27,-52.31
82,90,6.48,-20.676,-54.76
82,90,6.8,-31.44,-64.94
82,90,7.12,-20.676,-55.27
82,90,7.44,-19.226,-53.56
82,90,7.76,-21.108,-56.33
82,90,8.08,-24.086,-58.89
82,90,8.4,-40.29,-75.67
82,90,8.72,-20.228,-57.53
82,90,9.04,-23.894,-61.68
82,90,9.36,-22.974,-61.04
82,90,9.68,-26.15,-65.04
82,90,10,-25.18,-64.25
82,90,10.32,-25.302,-64.93
82,90,10.64,-27.628,-67.64
82,90,10.96,-24.046,-64.03
82,90,11.28,-33.946,-74.39
82,90,11.6,-21.28,-62.15
82,90,11.92,-29.774,-70.9
82,90,12.24,-26.704,-68.96
82,90,12.56,-25.49,-69.56
82,90,12.88,-30.036,-75.24
82,90,13.2,-22.46,-69.24
82,90,13.52,-32.662,-78.67
82,90,13.84,-25.118,-72.6
82,90,14.16,-29.546,-77.77
82,90,14.48,-39.234,-91.06
82,90,14.8,-40.74,-88.75
82,90,15.12,-35.77,-82.2
82,90,15.44,-28.216,-74.53
82,90,15.76,-27.868,-75.06
82,90,16.08,-40.692,-88.15
82,90,16.4,-27.41,-77.22
82,90,16.72,-27.318,-76.8
82,90,17.04,-21.616,-72.87
82,90,17.36,-19.356,-72
82,90,17.68,-20.822,-73.9
82,90,18,-26.58,-79.39
83,90,2,-8.43,-30.22
83,90,2.32,-10.096,-35.75
83,90,2.64,-12.338,-41.05
83,90,2.96,-4.338,-32.65
83,90,3.28,-11.782,-41.8
83,90,3.6,-14.17,-41.62
83,90,3.92,-21.572,-49.12
83,90,4.24,-23.486,-52.51
83,90,4.56,-19.416,-49.23
83,90,4.88,-29.15,-59.28
83,90,5.2,-23.52,-54.94
83,90,5.52,-26.888,-57.17
83,90,5.84,-32.772,-64.22
83,90,6.16,-21.17,-53.21
83,90,6.48,-22.036,-56.12
83,90,6.8,-32.48,-65.98
83,90,7.12,-22.046,-56.64
83,90,7.44,-17.486,-51.82
83,90,7.76,-20.548,-55.77
83,90,8.08,-28.626,-63.43
83,90,8.4,-29.15,-64.53
83,90,8.72,-18.378,-55.68
83,90,9.04,-24.054,-61.84
83,90,9.36,-22.834,-60.9
83,90,9.68,-29.04,-67.93
83,90,10,-27.06,-66.13
83,90,10.32,-21.822,-61.45
83,90,10.64,-28.708,-68.72
83,90,10.96,-22.346,-62.33
83,90,11.28,-29.616,-70.06
83,90,11.6,-21.85,-62.72
83,90,11.92,-32.374,-73.5
83,90,12.24,-41.954,-84.21
83,90,12.56,-57.24,-101.31
83,90,12.88,-32.086,-77.29
83,90,13.2,-29.61,-76.39
83,90,13.52,-30.192,-76.2
83,90,13.84,-23.818,-71.3
83,90,14.16,-23.276,-71.5
83,90,14.48,-26.624,-78.45
83,90,14.8,-22.16,-70.17
83,90,15.12,-26.12,-72.55
83,90,15.44,-23.736,-70.05
83,90,15.76,-27.578,-74.77
83,90,16.08,-33.412,-80.87
83,90,16.4,-23.94,-73.75
83,90,16.72,-28.408,-77.89
83,90,17.04,-32.916,-84.17
83,90,17.36,-20.046,-72.69
83,90,17.68,-18.402,-71.48
83,90,18,-15.59,-68.4
84,90,2,-8.6,-30.39
84,90,2.32,-10.266,-35.92
84,90,2.64,-12.848,-41.56
84,90,2.96,-4.218,-32.53
84,90,3.28,-11.892,-41.91
84,90,3.6,-13.99,-41.44
84,90,3.92,-22.292,-49.84
84,90,4.24,-22.026,-51.05
84,90,4.56,-16.776,-46.59
84,90,4.88,-27.48,-57.61
84,90,5.2,-24.73,-56.15
84,90,5.52,-32.888,-63.17
84,90,5.84,-30.422,-61.87
84,90,6.16,-24.45,-56.49
84,90,6.48,-23.526,-57.61
84,90,6.8,-27.55,-61.05
84,90,7.12,-19.866,-54.46
84,90,7.44,-18.426,-52.76
84,90,7.76,-21.058,-56.28
84,90,8.08,-37.286,-72.09
84,90,8.4,-24.09,-59.47
84,90,8.72,-19.058,-56.36
84,90,9.04,-25.784,-63.57
84,90,9.36,-23.904,-61.97
84,90,9.68,-33.98,-72.87
84,90,10,-36.66,-75.73
84,90,10.32,-23.492,-63.12
84,90,10.64,-58.468,-98.48
84,90,10.96,-25.916,-65.9
84,90,11.28,-24.776,-65.22
84,90,11.6,-32.45,-73.32
84,90,11.92,-37.814,-78.94
84,90,12.24,-33.804,-76.06
84,90,12.56,-28.88,-72.95
84,90,12.88,-32.236,-77.44
84,90,13.2,-29.31,-76.09
84,90,13.52,-39.192,-85.2
84,90,13.84,-21.728,-69.21
84,90,14.16,-28.546,-76.77
84,90,14.48,-33.824,-85.65
84,90,14.8,-23.34,-71.35
84,90,15.12,-32.11,-78.54
84,90,15.44,-26.946,-73.26
84,90,15.76,-31.958,-79.15
84,90,16.08,-28.772,-76.23
84,90,16.4,-27.61,-77.42
84,90,16.72,-23.658,-73.14
84,90,17.04,-22.856,-74.11
84,90,17.36,-23.326,-75.97
84,90,17.68,-37.362,-90.44
84,90,18,-24.86,-77.67
85,90,2,-8.83,-30.62
85,90,2.32,-10.376,-36.03
85,90,2.64,-13.068,-41.78
85,90,2.96,-4.088,-32.4
85,90,3.28,-11.912,-41.93
85,90,3.6,-13.57,-41.02
85,90,3.92,-22.512,-50.06
85,90,4.24,-22.996,-52.02
85,90,4.56,-15.656,-45.47
85,90,4.88,-26.9,-57.03
85,90,5.2,-25.92,-57.34
85,90,5.52,-33.288,-63.57
85,90,5.84,-28.382,-59.83
85,90,6.16,-24.68,-56.72
85,90,6.48,-26.786,-60.87
85,90,6.8,-22.71,-56.21
85,90,7.12,-19.256,-53.85
85,90,7.44,-20.996,-55.33
85,90,7.76,-21.668,-56.89
85,90,8.08,-28.836,-63.64
85,90,8.4,-23.89,-59.27
85,90,8.72,-20.638,-57.94
85,90,9.04,-33.754,-71.54
85,90,9.36,-31.964,-70.03
85,90,9.68,-42.48,-81.37
85,90,10,-36.67,-75.74
85,90,10.32,-26.622,-66.25
85,90,10.64,-40.198,-80.21
85,90,10.96,-24.326,-64.31
85,90,11.28,-26.156,-66.6
85,90,11.6,-30.19,-71.06
85,90,11.92,-34.574,-75.7
85,90,12.24,-36.834,-79.09
85,90,12.56,-42.83,-86.9
85,90,12.88,-29.646,-74.85
85,90,13.2,-25.11,-71.89
85,90,13.52,-36.502,-82.51
85,90,13.84,-31.818,-79.3
85,90,14.16,-27.346,-75.57
85,90,14.48,-39.834,-91.66
85,90,14.8,-21.48,-69.49
85,90,15.12,-34.42,-80.85
85,90,15.44,-27.456,-73.77
85,90,15.76,-30.058,-77.25
85,90,16.08,-31.332,-78.79
85,90,16.4,-22.34,-72.15
85,90,16.72,-21.718,-71.2
85,90,17.04,-20.706,-71.96
85,90,17.36,-25.646,-78.29
85,90,17.68,-29.522,-82.6
85,90,18,-17.69,-70.5
86,90,2,-9.07,-30.86
86,90,2.32,-10.476,-36.13
86,90,2.64,-13.338,-42.05
86,90,2.96,-4.218,-32.53
86,90,3.28,-12.032,-42.05
86,90,3.6,-13.27,-40.72
86,90,3.92,-21.652,-49.2
86,90,4.24,-22.256,-51.28
86,90,4.56,-14.486,-44.3
86,90,4.88,-26.35,-56.48
86,90,5.2,-26.69,-58.11
86,90,5.52,-31.238,-61.52
86,90,5.84,-27.682,-59.13
86,90,6.16,-25.98,-58.02
86,90,6.48,-29.926,-64.01
86,90,6.8,-22.94,-56.44
86,90,7.12,-20.226,-54.82
86,90,7.44,-24.126,-58.46
86,90,7.76,-22.408,-57.63
86,90,8.08,-23.706,-58.51
86,90,8.4,-24.56,-59.94
86,90,8.72,-26.358,-63.66
86,90,9.04,-35.834,-73.62
86,90,9.36,-28.124,-66.19
86,90,9.68,-29.02,-67.91
86,90,10,-31.59,-70.66
86,90,10.32,-33.912,-73.54
86,90,10.64,-34.588,-74.6
86,90,10.96,-29.366,-69.35
86,90,11.28,-40.336,-80.78
86,90,11.6,-27.77,-68.64
86,90,11.92,-31.814,-72.94
86,90,12.24,-30.844,-73.1
86,90,12.56,-28.76,-72.83
86,90,12.88,-31.066,-76.27
86,90,13.2,-28.45,-75.23
86,90,13.52,-43.692,-89.7
86,90,13.84,-28.278,-75.76
86,90,14.16,-25.586,-73.81
86,90,14.48,-23.334,-75.16
86,90,14.8,-26.26,-74.27
86,90,15.12,-24.78,-71.21
86,90,15.44,-21.036,-67.35
86,90,15.76,-24.428,-71.62
86,90,16.08,-31.132,-78.59
86,90,16.4,-19.27,-69.08
86,90,16.72,-24.798,-74.28
86,90,17.04,-19.926,-71.18
86,90,17.36,-18.456,-71.1
86,90,17.68,-25.332,-78.41
86,90,18,-23.2,-76.01
87,90,2,-9.37,-31.16
87,90,2.32,-10.466,-36.12
87,90,2.64,-13.218,-41.93
87,90,2.96,-4.52800000000001,-32.84
87,90,3.28,-11.402,-41.42
87,90,3.6,-13.19,-40.64
87,90,3.92,-20.552,-48.1
87,90,4.24,-21.966,-50.99
87,90,4.56,-14.306,-44.12
87,90,4.88,-27.09,-57.22
87,90,5.2,-24.93,-56.35
87,90,5.52,-28.488,-58.77
87,90,5.84,-25.752,-57.2
87,90,6.16,-27.65,-59.69
87,90,6.48,-30.286,-64.37
87,90,6.8,-23,-56.5
87,90,7.12,-20.756,-55.35
87,90,7.44,-29.976,-64.31
87,90,7.76,-22.328,-57.55
87,90,8.08,-22.756,-57.56
87,90,8.4,-28.9,-64.28
87,90,8.72,-33.738,-71.04
87,90,9.04,-27.964,-65.75
87,90,9.36,-25.654,-63.72
87,90,9.68,-27.65,-66.54
87,90,10,-25.32,-64.39
87,90,10.32,-26.402,-66.03
87,90,10.64,-28.028,-68.04
87,90,10.96,-29.436,-69.42
87,90,11.28,-31.126,-71.57
87,90,11.6,-29.42,-70.29
87,90,11.92,-32.134,-73.26
87,90,12.24,-31.124,-73.38
87,90,12.56,-31.9,-75.97
87,90,12.88,-32.266,-77.47
87,90,13.2,-24.39,-71.17
87,90,13.52,-23.242,-69.25
87,90,13.84,-30.748,-78.23
87,90,14.16,-28.596,-76.82
87,90,14.48,-23.074,-74.9
87,90,14.8,-22.04,-70.05
87,90,15.12,-24.87,-71.3
87,90,15.44,-31.476,-77.79
87,90,15.76,-35.838,-83.03
87,90,16.08,-24.272,-71.73
87,90,16.4,-24.48,-74.29
87,90,16.72,-27.238,-76.72
87,90,17.04,-24.436,-75.69
87,90,17.36,-34.126,-86.77
87,90,17.68,-18.232,-71.31
87,90,18,-22.92,-75.73
88,90,2,-9.46,-31.25
88,90,2.32,-10.696,-36.35
88,90,2.64,-13.188,-41.9
88,90,2.96,-4.77800000000001,-33.09
88,90,3.28,-11.052,-41.07
88,90,3.6,-13.2,-40.65
88,90,3.92,-19.502,-47.05
88,90,4.24,-22.136,-51.16
88,90,4.56,-14.476,-44.29
88,90,4.88,-29.31,-59.44
88,90,5.2,-22.76,-54.18
88,90,5.52,-26.948,-57.23
88,90,5.84,-25.792,-57.24
88,90,6.16,-25.85,-57.89
88,90,6.48,-29.466,-63.55
88,90,6.8,-26.86,-60.36
88,90,7.12,-22.666,-57.26
88,90,7.44,-25.226,-59.56
88,90,7.76,-22.438,-57.66
88,90,8.08,-23.486,-58.29
88,90,8.4,-35.46,-70.84
88,90,8.72,-23.758,-61.06
88,90,9.04,-22.134,-59.92
88,90,9.36,-24.674,-62.74
88,90,9.68,-27.11,-66
88,90,10,-31.2,-70.27
88,90,10.32,-25.532,-65.16
88,90,10.64,-26.608,-66.62
88,90,10.96,-41.436,-81.42
88,90,11.28,-30.686,-71.13
88,90,11.6,-30.44,-71.31
88,90,11.92,-37.394,-78.52
88,90,12.24,-32.154,-74.41
88,90,12.56,-26.49,-70.56
88,90,12.88,-43.606,-88.81
88,90,13.2,-22.63,-69.41
88,90,13.52,-31.262,-77.27
88,90,13.84,-23.618,-71.1
88,90,14.16,-28.446,-76.67
88,90,14.48,-27.604,-79.43
88,90,14.8,-42.82,-90.83
88,90,15.12,-42.18,-88.61
88,90,15.44,-28.726,-75.04
88,90,15.76,-26.818,-74.01
88,90,16.08,-29.592,-77.05
88,90,16.4,-27.58,-77.39
88,90,16.72,-27.708,-77.19
88,90,17.04,-21.886,-73.14
88,90,17.36,-19.836,-72.48
88,90,17.68,-25.832,-78.91
88,90,18,-19.49,-72.3
89,90,2,-9.6,-31.39
89,90,2.32,-10.616,-36.27
89,90,2.64,-13.308,-42.02
89,90,2.96,-5.178,-33.49
89,90,3.28,-10.752,-40.77
89,90,3.6,-13.15,-40.6
89,90,3.92,-18.892,-46.44
89,90,4.24,-22.366,-51.39
89,90,4.56,-14.446,-44.26
89,90,4.88,-30.97,-61.1
89,90,5.2,-20.8,-52.22
89,90,5.52,-27.288,-57.57
89,90,5.84,-26.612,-58.06
89,90,6.16,-25.91,-57.95
89,90,6.48,-28.986,-63.07
89,90,6.8,-28.54,-62.04
89,90,7.12,-23.906,-58.5
89,90,7.44,-22.826,-57.16
89,90,7.76,-23.258,-58.48
89,90,8.08,-26.056,-60.86
89,90,8.4,-31.59,-66.97
89,90,8.72,-24.238,-61.54
89,90,9.04,-22.904,-60.69
89,90,9.36,-31.084,-69.15
89,90,9.68,-31.39,-70.28
89,90,10,-33.56,-72.63
89,90,10.32,-32.352,-71.98
89,90,10.64,-28.778,-68.79
89,90,10.96,-36.786,-76.77
89,90,11.28,-30.546,-70.99
89,90,11.6,-30.96,-71.83
89,90,11.92,-43.494,-84.62
89,90,12.24,-27.384,-69.64
89,90,12.56,-45.62,-89.69
89,90,12.88,-35.886,-81.09
89,90,13.2,-34.74,-81.52
89,90,13.52,-37.412,-83.42
89,90,13.84,-29.798,-77.28
89,90,14.16,-23.856,-72.08
89,90,14.48,-27.584,-79.41
89,90,14.8,-25.33,-73.34
89,90,15.12,-33.5,-79.93
89,90,15.44,-31.506,-77.82
89,90,15.76,-29.248,-76.44
89,90,16.08,-31.562,-79.02
89,90,16.4,-24.13,-73.94
89,90,16.72,-17.858,-67.34
89,90,17.04,-24.326,-75.58
89,90,17.36,-30.076,-82.72
89,90,17.68,-21.642,-74.72
89,90,18,-24.47,-77.28
90,90,2,-9.8,-31.59
90,90,2.32,-10.676,-36.33
90,90,2.64,-13.048,-41.76
90,90,2.96,-5.468,-33.78
90,90,3.28,-10.602,-40.62
90,90,3.6,-13.29,-40.74
90,90,3.92,-17.892,-45.44
90,90,4.24,-22.896,-51.92
90,90,4.56,-15.466,-45.28
90,90,4.88,-28.93,-59.06
90,90,5.2,-22.23,-53.65
90,90,5.52,-28.188,-58.47
90,90,5.84,-30.422,-61.87
90,90,6.16,-25.81,-57.85
90,90,6.48,-25.856,-59.94
90,90,6.8,-29.83,-63.33
90,90,7.12,-29.536,-64.13
90,90,7.44,-20.856,-55.19
90,90,7.76,-22.838,-58.06
90,90,8.08,-29.366,-64.17
90,90,8.4,-28.39,-63.77
90,90,8.72,-23.028,-60.33
90,90,9.04,-27.504,-65.29
90,90,9.36,-33.014,-71.08
90,90,9.68,-46.29,-85.18
90,90,10,-37.64,-76.71
90,90,10.32,-33.092,-72.72
90,90,10.64,-34.508,-74.52
90,90,10.96,-32.846,-72.83
90,90,11.28,-31.056,-71.5
90,90,11.6,-55.48,-96.35
90,90,11.92,-31.994,-73.12
90,90,12.24,-34.834,-77.09
90,90,12.56,-29.69,-73.76
90,90,12.88,-34.296,-79.5
90,90,13.2,-29.89,-76.67
90,90,13.52,-25.022,-71.03
90,90,13.84,-25.368,-72.85
90,90,14.16,-23.026,-71.25
90,90,14.48,-23.294,-75.12
90,90,14.8,-36.18,-84.19
90,90,15.12,-31.79,-78.22
90,90,15.44,-26.246,-72.56
90,90,15.76,-26.718,-73.91
90,90,16.08,-27.252,-74.71
90,90,16.4,-30.22,-80.03
90,90,16.72,-31.358,-80.84
90,90,17.04,-24.406,-75.66
90,90,17.36,-19.316,-71.96
90,90,17.68,-20.042,-73.12
90,90,18,-23.96,-76.77
91,90,2,-9.81,-31.6
91,90,2.32,-10.596,-36.25
91,90,2.64,-13.098,-41.81
91,90,2.96,-5.828,-34.14
91,90,3.28,-10.692,-40.71
91,90,3.6,-13.78,-41.23
91,90,3.92,-18.062,-45.61
91,90,4.24,-23.436,-52.46
91,90,4.56,-16.126,-45.94
91,90,4.88,-27.01,-57.14
91,90,5.2,-21.77,-53.19
91,90,5.52,-27.468,-57.75
91,90,5.84,-34.432,-65.88
91,90,6.16,-27.58,-59.62
91,90,6.48,-24.816,-58.9
91,90,6.8,-36.34,-69.84
91,90,7.12,-29.496,-64.09
91,90,7.44,-20.696,-55.03
91,90,7.76,-24.838,-60.06
91,90,8.08,-35.706,-70.51
91,90,8.4,-24.97,-60.35
91,90,8.72,-25.278,-62.58
91,90,9.04,-29.244,-67.03
91,90,9.36,-42.284,-80.35
91,90,9.68,-41.23,-80.12
91,90,10,-40.98,-80.05
91,90,10.32,-28.912,-68.54
91,90,10.64,-37.188,-77.2
91,90,10.96,-37.856,-77.84
91,90,11.28,-39.406,-79.85
91,90,11.6,-29.66,-70.53
91,90,11.92,-38.394,-79.52
91,90,12.24,-29.934,-72.19
91,90,12.56,-25.54,-69.61
91,90,12.88,-30.336,-75.54
91,90,13.2,-29.71,-76.49
91,90,13.52,-25.612,-71.62
91,90,13.84,-33.188,-80.67
91,90,14.16,-32.216,-80.44
91,90,14.48,-19.384,-71.21
91,90,14.8,-23,-71.01
91,90,15.12,-33.3,-79.73
91,90,15.44,-28.416,-74.73
91,90,15.76,-30.658,-77.85
91,90,16.08,-23.492,-70.95
91,90,16.4,-18.33,-68.14
91,90,16.72,-24.908,-74.39
91,90,17.04,-25.726,-76.98
91,90,17.36,-23.056,-75.7
91,90,17.68,-20.032,-73.11
91,90,18,-25.92,-78.73
92,90,2,-9.91,-31.7
92,90,2.32,-10.616,-36.27
92,90,2.64,-13.178,-41.89
92,90,2.96,-6.018,-34.33
92,90,3.28,-11.132,-41.15
92,90,3.6,-14.39,-41.84
92,90,3.92,-17.912,-45.46
92,90,4.24,-23.366,-52.39
92,90,4.56,-16.866,-46.68
92,90,4.88,-25.89,-56.02
92,90,5.2,-22.87,-54.29
92,90,5.52,-29.978,-60.26
92,90,5.84,-44.502,-75.95
92,90,6.16,-29.27,-61.31
92,90,6.48,-25.166,-59.25
92,90,6.8,-31.09,-64.59
92,90,7.12,-28.086,-62.68
92,90,7.44,-21.936,-56.27
92,90,7.76,-26.678,-61.9
92,90,8.08,-39.146,-73.95
92,90,8.4,-29.4,-64.78
92,90,8.72,-32.648,-69.95
92,90,9.04,-30.804,-68.59
92,90,9.36,-28.884,-66.95
92,90,9.68,-32.93,-71.82
92,90,10,-32.05,-71.12
92,90,10.32,-31.682,-71.31
92,90,10.64,-30.538,-70.55
92,90,10.96,-40.606,-80.59
92,90,11.28,-33.956,-74.4
92,90,11.6,-30.25,-71.12
92,90,11.92,-38.244,-79.37
92,90,12.24,-42.764,-85.02
92,90,12.56,-31.04,-75.11
92,90,12.88,-27.936,-73.14
92,90,13.2,-20.57,-67.35
92,90,13.52,-35.072,-81.08
92,90,13.84,-28.058,-75.54
92,90,14.16,-23.886,-72.11
92,90,14.48,-24.044,-75.87
92,90,14.8,-27.55,-75.56
92,90,15.12,-26.85,-73.28
92,90,15.44,-27.906,-74.22
92,90,15.76,-38.398,-85.59
92,90,16.08,-27.502,-74.96
92,90,16.4,-22.55,-72.36
92,90,16.72,-27.318,-76.8
92,90,17.04,-29.376,-80.63
92,90,17.36,-24.256,-76.9
92,90,17.68,-25.642,-78.72
92,90,18,-18.66,-71.47
93,90,2,-10.07,-31.86
93,90,2.32,-10.766,-36.42
93,90,2.64,-13.378,-42.09
93,90,2.96,-6.238,-34.55
93,90,3.28,-11.642,-41.66
93,90,3.6,-15.23,-42.68
93,90,3.92,-17.712,-45.26
93,90,4.24,-23.086,-52.11
93,90,4.56,-17.616,-47.43
93,90,4.88,-24.32,-54.45
93,90,5.2,-23.53,-54.95
93,90,5.52,-29.168,-59.45
93,90,5.84,-33.422,-64.87
93,90,6.16,-29.45,-61.49
93,90,6.48,-24.756,-58.84
93,90,6.8,-30.33,-63.83
93,90,7.12,-23.686,-58.28
93,90,7.44,-26.616,-60.95
93,90,7.76,-28.068,-63.29
93,90,8.08,-33.856,-68.66
93,90,8.4,-28.92,-64.3
93,90,8.72,-35.248,-72.55
93,90,9.04,-29.844,-67.63
93,90,9.36,-31.064,-69.13
93,90,9.68,-38.25,-77.14
93,90,10,-32.59,-71.66
93,90,10.32,-33.162,-72.79
93,90,10.64,-32.288,-72.3
93,90,10.96,-42.906,-82.89
93,90,11.28,-32.116,-72.56
93,90,11.6,-38.59,-79.46
93,90,11.92,-30.944,-72.07
93,90,12.24,-34.714,-76.97
93,90,12.56,-30.85,-74.92
93,90,12.88,-27.146,-72.35
93,90,13.2,-26.34,-73.12
93,90,13.52,-28.732,-74.74
93,90,13.84,-29.388,-76.87
93,90,14.16,-22.396,-70.62
93,90,14.48,-43.054,-94.88
93,90,14.8,-28.74,-76.75
93,90,15.12,-28.1,-74.53
93,90,15.44,-24.126,-70.44
93,90,15.76,-23.088,-70.28
93,90,16.08,-24.322,-71.78
93,90,16.4,-27.19,-77
93,90,16.72,-25.828,-75.31
93,90,17.04,-29.276,-80.53
93,90,17.36,-14.976,-67.62
93,90,17.68,-17.192,-70.27
93,90,18,-37.33,-90.14
94,90,2,-10.05,-31.84
94,90,2.32,-10.856,-36.51
94,90,2.64,-13.778,-42.49
94,90,2.96,-6.428,-34.74
94,90,3.28,-12.562,-42.58
94,90,3.6,-15.79,-43.24
94,90,3.92,-18.802,-46.35
94,90,4.24,-24.006,-53.03
94,90,4.56,-18.366,-48.18
94,90,4.88,-24.2,-54.33
94,90,5.2,-26.45,-57.87
94,90,5.52,-28.168,-58.45
94,90,5.84,-28.792,-60.24
94,90,6.16,-29.99,-62.03
94,90,6.48,-25.886,-59.97
94,90,6.8,-28.32,-61.82
94,90,7.12,-24.566,-59.16
94,90,7.44,-29.796,-64.13
94,90,7.76,-26.398,-61.62
94,90,8.08,-30.186,-64.99
94,90,8.4,-30.78,-66.16
94,90,8.72,-31.918,-69.22
94,90,9.04,-30.544,-68.33
94,90,9.36,-28.364,-66.43
94,90,9.68,-32.2,-71.09
94,90,10,-26.07,-65.14
94,90,10.32,-33.032,-72.66
94,90,10.64,-34.468,-74.48
94,90,10.96,-30.956,-70.94
94,90,11.28,-40.236,-80.68
94,90,11.6,-33.97,-74.84
94,90,11.92,-38.864,-79.99
94,90,12.24,-30.574,-72.83
94,90,12.56,-32.77,-76.84
94,90,12.88,-29.256,-74.46
94,90,13.2,-32.96,-79.74
94,90,13.52,-26.252,-72.26
94,90,13.84,-24.178,-71.66
94,90,14.16,-30.256,-78.48
94,90,14.48,-25.114,-76.94
94,90,14.8,-27.66,-75.67
94,90,15.12,-30.51,-76.94
94,90,15.44,-34.566,-80.88
94,90,15.76,-24.998,-72.19
94,90,16.08,-27.062,-74.52
94,90,16.4,-29.75,-79.56
94,90,16.72,-34.688,-84.17
94,90,17.04,-28.586,-79.84
94,90,17.36,-23.466,-76.11
94,90,17.68,-28.512,-81.59
94,90,18,-23.74,-76.55
95,90,2,-10.19,-31.98
95,90,2.32,-10.896,-36.55
95,90,2.64,-14.558,-43.27
95,90,2.96,-6.358,-34.67
95,90,3.28,-13.682,-43.7
95,90,3.6,-16.49,-43.94
95,90,3.92,-20.392,-47.94
95,90,4.24,-24.526,-53.55
95,90,4.56,-18.566,-48.38
95,90,4.88,-25.14,-55.27
95,90,5.2,-25.17,-56.59
95,90,5.52,-32.748,-63.03
95,90,5.84,-24.592,-56.04
95,90,6.16,-31.4,-63.44
95,90,6.48,-28.406,-62.49
95,90,6.8,-29.46,-62.96
95,90,7.12,-26.866,-61.46
95,90,7.44,-43.146,-77.48
95,90,7.76,-25.238,-60.46
95,90,8.08,-29.656,-64.46
95,90,8.4,-43.11,-78.49
95,90,8.72,-26.118,-63.42
95,90,9.04,-34.144,-71.93
95,90,9.36,-25.034,-63.1
95,90,9.68,-33.44,-72.33
95,90,10,-26.48,-65.55
95,90,10.32,-37.252,-76.88
95,90,10.64,-41.788,-81.8
95,90,10.96,-31.086,-71.07
95,90,11.28,-41.786,-82.23
95,90,11.6,-32.03,-72.9
95,90,11.92,-42.094,-83.22
95,90,12.24,-30.424,-72.68
95,90,12.56,-33.07,-77.14
95,90,12.88,-26.856,-72.06
95,90,13.2,-24.3,-71.08
95,90,13.52,-35.882,-81.89
95,90,13.84,-27.358,-74.84
95,90,14.16,-24.676,-72.9
95,90,14.48,-20.924,-72.75
95,90,14.8,-32.79,-80.8
95,90,15.12,-29.05,-75.48
95,90,15.44,-41.966,-88.28
95,90,15.76,-31.158,-78.35
95,90,16.08,-30.952,-78.41
95,90,16.4,-23.8,-73.61
95,90,16.72,-24.358,-73.84
95,90,17.04,-28.626,-79.88
95,90,17.36,-28.456,-81.1
95,90,17.68,-34.052,-87.13
95,90,18,-25.96,-78.77
96,90,2,-10.23,-32.02
96,90,2.32,-10.926,-36.58
96,90,2.64,-15.318,-44.03
96,90,2.96,-6.348,-34.66
96,90,3.28,-15.022,-45.04
96,90,3.6,-17.09,-44.54
96,90,3.92,-22.442,-49.99
96,90,4.24,-25.566,-54.59
96,90,4.56,-18.736,-48.55
96,90,4.88,-29.35,-59.48
96,90,5.2,-26.41,-57.83
96,90,5.52,-40.938,-71.22
96,90,5.84,-23.682,-55.13
96,90,6.16,-32.02,-64.06
96,90,6.48,-25.566,-59.65
96,90,6.8,-30.31,-63.81
96,90,7.12,-28.176,-62.77
96,90,7.44,-36.586,-70.92
96,90,7.76,-27.798,-63.02
96,90,8.08,-33.066,-67.87
96,90,8.4,-43.56,-78.94
96,90,8.72,-30.208,-67.51
96,90,9.04,-43.874,-81.66
96,90,9.36,-25.994,-64.06
96,90,9.68,-52.17,-91.06
96,90,10,-44.83,-83.9
96,90,10.32,-32.922,-72.55
96,90,10.64,-33.548,-73.56
96,90,10.96,-28.436,-68.42
96,90,11.28,-40.626,-81.07
96,90,11.6,-34.78,-75.65
96,90,11.92,-31.974,-73.1
96,90,12.24,-34.914,-77.17
96,90,12.56,-31.18,-75.25
96,90,12.88,-29.046,-74.25
96,90,13.2,-24.58,-71.36
96,90,13.52,-32.402,-78.41
96,90,13.84,-25.048,-72.53
96,90,14.16,-23.056,-71.28
96,90,14.48,-34.414,-86.24
96,90,14.8,-37.37,-85.38
96,90,15.12,-38.11,-84.54
96,90,15.44,-31.606,-77.92
96,90,15.76,-33.918,-81.11
96,90,16.08,-25.452,-72.91
96,90,16.4,-22.42,-72.23
96,90,16.72,-23.058,-72.54
96,90,17.04,-32.346,-83.6
96,90,17.36,-54.216,-106.86
96,90,17.68,-19.982,-73.06
96,90,18,-22.5,-75.31
97,90,2,-10.39,-32.18
97,90,2.32,-11.366,-37.02
97,90,2.64,-16.698,-45.41
97,90,2.96,-6.45800000000001,-34.77
97,90,3.28,-16.152,-46.17
97,90,3.6,-18.11,-45.56
97,90,3.92,-25.652,-53.2
97,90,4.24,-28.056,-57.08
97,90,4.56,-19.096,-48.91
97,90,4.88,-36.91,-67.04
97,90,5.2,-26.62,-58.04
97,90,5.52,-38.958,-69.24
97,90,5.84,-23.192,-54.64
97,90,6.16,-33.22,-65.26
97,90,6.48,-26.226,-60.31
97,90,6.8,-40.58,-74.08
97,90,7.12,-30.426,-65.02
97,90,7.44,-28.276,-62.61
97,90,7.76,-26.408,-61.63
97,90,8.08,-33.466,-68.27
97,90,8.4,-37.4,-72.78
97,90,8.72,-32.578,-69.88
97,90,9.04,-34.914,-72.7
97,90,9.36,-25.714,-63.78
97,90,9.68,-33.2,-72.09
97,90,10,-34.83,-73.9
97,90,10.32,-42.312,-81.94
97,90,10.64,-34.538,-74.55
97,90,10.96,-33.476,-73.46
97,90,11.28,-43.356,-83.8
97,90,11.6,-27.12,-67.99
97,90,11.92,-32.634,-73.76
97,90,12.24,-29.084,-71.34
97,90,12.56,-37.08,-81.15
97,90,12.88,-36.486,-81.69
97,90,13.2,-30.72,-77.5
97,90,13.52,-32.832,-78.84
97,90,13.84,-25.838,-73.32
97,90,14.16,-28.716,-76.94
97,90,14.48,-21.754,-73.58
97,90,14.8,-24.08,-72.09
97,90,15.12,-29.56,-75.99
97,90,15.44,-29.586,-75.9
97,90,15.76,-22.968,-70.16
97,90,16.08,-27.322,-74.78
97,90,16.4,-20.52,-70.33
97,90,16.72,-26.238,-75.72
97,90,17.04,-21.676,-72.93
97,90,17.36,-18.336,-70.98
97,90,17.68,-26.382,-79.46
97,90,18,-26.83,-79.64
98,90,2,-10.63,-32.42
98,90,2.32,-11.656,-37.31
98,90,2.64,-18.578,-47.29
98,90,2.96,-6.428,-34.74
98,90,3.28,-18.362,-48.38
98,90,3.6,-18.64,-46.09
98,90,3.92,-28.622,-56.17
98,90,4.24,-29.676,-58.7
98,90,4.56,-20.076,-49.89
98,90,4.88,-34.02,-64.15
98,90,5.2,-25.21,-56.63
98,90,5.52,-30.088,-60.37
98,90,5.84,-23.542,-54.99
98,90,6.16,-26.63,-58.67
98,90,6.48,-25.966,-60.05
98,90,6.8,-34.73,-68.23
98,90,7.12,-39.256,-73.85
98,90,7.44,-22.746,-57.08
98,90,7.76,-27.858,-63.08
98,90,8.08,-30.016,-64.82
98,90,8.4,-52.82,-88.2
98,90,8.72,-38.288,-75.59
98,90,9.04,-35.984,-73.77
98,90,9.36,-28.994,-67.06
98,90,9.68,-32.76,-71.65
98,90,10,-30.11,-69.18
98,90,10.32,-64.002,-103.63
98,90,10.64,-33.728,-73.74
98,90,10.96,-33.146,-73.13
98,90,11.28,-42.766,-83.21
98,90,11.6,-30.58,-71.45
98,90,11.92,-35.394,-76.52
98,90,12.24,-36.884,-79.14
98,90,12.56,-29.39,-73.46
98,90,12.88,-29.126,-74.33
98,90,13.2,-32.75,-79.53
98,90,13.52,-29.602,-75.61
98,90,13.84,-27.488,-74.97
98,90,14.16,-38.416,-86.64
98,90,14.48,-26.074,-77.9
98,90,14.8,-41.13,-89.14
98,90,15.12,-33.39,-79.82
98,90,15.44,-27.306,-73.62
98,90,15.76,-40.288,-87.48
98,90,16.08,-27.862,-75.32
98,90,16.4,-28.3,-78.11
98,90,16.72,-24.388,-73.87
98,90,17.04,-27.766,-79.02
98,90,17.36,-25.426,-78.07
98,90,17.68,-36.242,-89.32
98,90,18,-42.93,-95.74
99,90,2,-10.82,-32.61
99,90,2.32,-11.996,-37.65
99,90,2.64,-20.838,-49.55
99,90,2.96,-6.718,-35.03
99,90,3.28,-18.612,-48.63
99,90,3.6,-19.36,-46.81
99,90,3.92,-34.802,-62.35
99,90,4.24,-33.696,-62.72
99,90,4.56,-22.396,-52.21
99,90,4.88,-26.18,-56.31
99,90,5.2,-25.91,-57.33
99,90,5.52,-26.078,-56.36
99,90,5.84,-25.852,-57.3
99,90,6.16,-26.09,-58.13
99,90,6.48,-25.286,-59.37
99,90,6.8,-35.42,-68.92
99,90,7.12,-34.406,-69
99,90,7.44,-22.966,-57.3
99,90,7.76,-25.958,-61.18
99,90,8.08,-30.146,-64.95
99,90,8.4,-37.85,-73.23
99,90,8.72,-27.458,-64.76
99,90,9.04,-35.064,-72.85
99,90,9.36,-30.444,-68.51
99,90,9.68,-29.2,-68.09
99,90,10,-30.29,-69.36
99,90,10.32,-41.402,-81.03
99,90,10.64,-34.888,-74.9
99,90,10.96,-32.366,-72.35
99,90,11.28,-31.636,-72.08
99,90,11.6,-38.43,-79.3
99,90,11.92,-44.874,-86
99,90,12.24,-33.024,-75.28
99,90,12.56,-32.38,-76.45
99,90,12.88,-38.746,-83.95
99,90,13.2,-25.3,-72.08
99,90,13.52,-38.062,-84.07
99,90,13.84,-31.518,-79
99,90,14.16,-22.516,-70.74
99,90,14.48,-24.824,-76.65
99,90,14.8,-29.97,-77.98
99,90,15.12,-36.55,-82.98
99,90,15.44,-27.056,-73.37
99,90,15.76,-25.658,-72.85
99,90,16.08,-29.202,-76.66
99,90,16.4,-30.92,-80.73
99,90,16.72,-28.928,-78.41
99,90,17.04,-27.656,-78.91
99,90,17.36,-32.616,-85.26
99,90,17.68,-23.232,-76.31
99,90,18,-25.67,-78.48
100,90,2,-11.16,-32.95
100,90,2.32,-12.366,-38.02
100,90,2.64,-23.178,-51.89
100,90,2.96,-7.168,-35.48
100,90,3.28,-19.192,-49.21
100,90,3.6,-20.5,-47.95
100,90,3.92,-35.582,-63.13
100,90,4.24,-38.356,-67.38
100,90,4.56,-24.566,-54.38
100,90,4.88,-23.07,-53.2
100,90,5.2,-23.66,-55.08
100,90,5.52,-23.138,-53.42
100,90,5.84,-26.972,-58.42
100,90,6.16,-24.5,-56.54
100,90,6.48,-26.446,-60.53
100,90,6.8,-43.65,-77.15
100,90,7.12,-34.406,-69
100,90,7.44,-23.376,-57.71
100,90,7.76,-24.698,-59.92
100,90,8.08,-32.706,-67.51
100,90,8.4,-32.22,-67.6
100,90,8.72,-29.618,-66.92
100,90,9.04,-34.614,-72.4
100,90,9.36,-27.504,-65.57
100,90,9.68,-31.53,-70.42
100,90,10,-32.2,-71.27
100,90,10.32,-46.012,-85.64
100,90,10.64,-32.328,-72.34
100,90,10.96,-29.656,-69.64
100,90,11.28,-31.926,-72.37
100,90,11.6,-32.45,-73.32
100,90,11.92,-33.224,-74.35
100,90,12.24,-36.034,-78.29
100,90,12.56,-32.05,-76.12
100,90,12.88,-30.716,-75.92
100,90,13.2,-27.09,-73.87
100,90,13.52,-31.202,-77.21
100,90,13.84,-23.448,-70.93
100,90,14.16,-28.966,-77.19
100,90,14.48,-35.624,-87.45
100,90,14.8,-27.75,-75.76
100,90,15.12,-33.1,-79.53
100,90,15.44,-32.186,-78.5
100,90,15.76,-28.468,-75.66
100,90,16.08,-28.932,-76.39
100,90,16.4,-31.38,-81.19
100,90,16.72,-35.528,-85.01
100,90,17.04,-37.086,-88.34
100,90,17.36,-40.506,-93.15
100,90,17.68,-18.162,-71.24
100,90,18,-20.85,-73.66
101,90,2,-11.57,-33.36
101,90,2.32,-12.856,-38.51
101,90,2.64,-25.538,-54.25
101,90,2.96,-7.868,-36.18
101,90,3.28,-19.452,-49.47
101,90,3.6,-21.38,-48.83
101,90,3.92,-30.402,-57.95
101,90,4.24,-46.616,-75.64
101,90,4.56,-28.666,-58.48
101,90,4.88,-21.52,-51.65
101,90,5.2,-23.34,-54.76
101,90,5.52,-21.938,-52.22
101,90,5.84,-30.612,-62.06
101,90,6.16,-25.21,-57.25
101,90,6.48,-25.886,-59.97
101,90,6.8,-37.72,-71.22
101,90,7.12,-35.136,-69.73
101,90,7.44,-25.386,-59.72
101,90,7.76,-25.058,-60.28
101,90,8.08,-34.836,-69.64
101,90,8.4,-31.34,-66.72
101,90,8.72,-35.888,-73.19
101,90,9.04,-29.784,-67.57
101,90,9.36,-25.934,-64
101,90,9.68,-43.27,-82.16
101,90,10,-31.54,-70.61
101,90,10.32,-32.962,-72.59
101,90,10.64,-33.598,-73.61
101,90,10.96,-31.436,-71.42
101,90,11.28,-33.276,-73.72
101,90,11.6,-35.66,-76.53
101,90,11.92,-43.834,-84.96
101,90,12.24,-37.634,-79.89
101,90,12.56,-30.28,-74.35
101,90,12.88,-29.436,-74.64
101,90,13.2,-35.21,-81.99
101,90,13.52,-33.912,-79.92
101,90,13.84,-30.748,-78.23
101,90,14.16,-22.656,-70.88
101,90,14.48,-31.544,-83.37
101,90,14.8,-34.8,-82.81
101,90,15.12,-33.17,-79.6
101,90,15.44,-31.536,-77.85
101,90,15.76,-37.118,-84.31
101,90,16.08,-29.992,-77.45
101,90,16.4,-21.01,-70.82
101,90,16.72,-23.358,-72.84
101,90,17.04,-23.516,-74.77
101,90,17.36,-22.556,-75.2
101,90,17.68,-36.402,-89.48
101,90,18,-21.95,-74.76
102,90,2,-12.06,-33.85
102,90,2.32,-13.336,-38.99
102,90,2.64,-26.188,-54.9
102,90,2.96,-8.748,-37.06
102,90,3.28,-19.822,-49.84
102,90,3.6,-22.47,-49.92
102,90,3.92,-27.692,-55.24
102,90,4.24,-38.836,-67.86
102,90,4.56,-32.196,-62.01
102,90,4.88,-20.89,-51.02
102,90,5.2,-22.43,-53.85
102,90,5.52,-21.328,-51.61
102,90,5.84,-34.092,-65.54
102,90,6.16,-26.03,-58.07
102,90,6.48,-27.696,-61.78
102,90,6.8,-40.28,-73.78
102,90,7.12,-40.946,-75.54
102,90,7.44,-25.586,-59.92
102,90,7.76,-24.858,-60.08
102,90,8.08,-27.476,-62.28
102,90,8.4,-29.09,-64.47
102,90,8.72,-38.668,-75.97
102,90,9.04,-40.934,-78.72
102,90,9.36,-33.104,-71.17
102,90,9.68,-35.12,-74.01
102,90,10,-30.97,-70.04
102,90,10.32,-42.092,-81.72
102,90,10.64,-33.538,-73.55
102,90,10.96,-31.916,-71.9
102,90,11.28,-40.466,-80.91
102,90,11.6,-33.5,-74.37
102,90,11.92,-32.294,-73.42
102,90,12.24,-32.914,-75.17
102,90,12.56,-29.75,-73.82
102,90,12.88,-28.676,-73.88
102,90,13.2,-30.83,-77.61
102,90,13.52,-32.082,-78.09
102,90,13.84,-28.118,-75.6
102,90,14.16,-28.566,-76.79
102,90,14.48,-23.324,-75.15
102,90,14.8,-26.9,-74.91
102,90,15.12,-40.81,-87.24
102,90,15.44,-26.686,-73
102,90,15.76,-28.728,-75.92
102,90,16.08,-23.842,-71.3
102,90,16.4,-36.6,-86.41
102,90,16.72,-34.568,-84.05
102,90,17.04,-23.956,-75.21
102,90,17.36,-21.566,-74.21
102,90,17.68,-44.522,-97.6
102,90,18,-20.3,-73.11
103,90,2,-12.62,-34.41
103,90,2.32,-13.996,-39.65
103,90,2.64,-24.498,-53.21
103,90,2.96,-9.788,-38.1
103,90,3.28,-21.842,-51.86
103,90,3.6,-23.24,-50.69
103,90,3.92,-25.302,-52.85
103,90,4.24,-37.116,-66.14
103,90,4.56,-25.956,-55.77
103,90,4.88,-20.51,-50.64
103,90,5.2,-21.78,-53.2
103,90,5.52,-21.618,-51.9
103,90,5.84,-30.642,-62.09
103,90,6.16,-27.88,-59.92
103,90,6.48,-32.796,-66.88
103,90,6.8,-38.6,-72.1
103,90,7.12,-43.556,-78.15
103,90,7.44,-25.856,-60.19
103,90,7.76,-26.248,-61.47
103,90,8.08,-25.836,-60.64
103,90,8.4,-42.12,-77.5
103,90,8.72,-35.598,-72.9
103,90,9.04,-33.054,-70.84
103,90,9.36,-36.064,-74.13
103,90,9.68,-39.06,-77.95
103,90,10,-33.26,-72.33
103,90,10.32,-37.792,-77.42
103,90,10.64,-38.878,-78.89
103,90,10.96,-36.796,-76.78
103,90,11.28,-43.976,-84.42
103,90,11.6,-29.64,-70.51
103,90,11.92,-37.124,-78.25
103,90,12.24,-34.204,-76.46
103,90,12.56,-27.39,-71.46
103,90,12.88,-37.976,-83.18
103,90,13.2,-23.89,-70.67
103,90,13.52,-31.772,-77.78
103,90,13.84,-32.808,-80.29
103,90,14.16,-26.576,-74.8
103,90,14.48,-32.884,-84.71
103,90,14.8,-25.96,-73.97
103,90,15.12,-25.97,-72.4
103,90,15.44,-30.836,-77.15
103,90,15.76,-30.078,-77.27
103,90,16.08,-34.912,-82.37
103,90,16.4,-22.36,-72.17
103,90,16.72,-31.718,-81.2
103,90,17.04,-27.006,-78.26
103,90,17.36,-20.946,-73.59
103,90,17.68,-26.062,-79.14
103,90,18,-32.43,-85.24
104,90,2,-13.36,-35.15
104,90,2.32,-14.366,-40.02
104,90,2.64,-21.878,-50.59
104,90,2.96,-11.258,-39.57
104,90,3.28,-23.542,-53.56
104,90,3.6,-23.26,-50.71
104,90,3.92,-24.322,-51.87
104,90,4.24,-32.946,-61.97
104,90,4.56,-22.946,-52.76
104,90,4.88,-22.27,-52.4
104,90,5.2,-22.59,-54.01
104,90,5.52,-21.788,-52.07
104,90,5.84,-30.882,-62.33
104,90,6.16,-30.62,-62.66
104,90,6.48,-34.176,-68.26
104,90,6.8,-41.61,-75.11
104,90,7.12,-40.856,-75.45
104,90,7.44,-27.446,-61.78
104,90,7.76,-28.558,-63.78
104,90,8.08,-23.576,-58.38
104,90,8.4,-36.41,-71.79
104,90,8.72,-28.658,-65.96
104,90,9.04,-36.974,-74.76
104,90,9.36,-32.954,-71.02
104,90,9.68,-33.02,-71.91
104,90,10,-31.43,-70.5
104,90,10.32,-34.412,-74.04
104,90,10.64,-44.158,-84.17
104,90,10.96,-31.006,-70.99
104,90,11.28,-34.456,-74.9
104,90,11.6,-36.54,-77.41
104,90,11.92,-32.654,-73.78
104,90,12.24,-36.844,-79.1
104,90,12.56,-33.46,-77.53
104,90,12.88,-38.236,-83.44
104,90,13.2,-28.07,-74.85
104,90,13.52,-35.612,-81.62
104,90,13.84,-23.568,-71.05
104,90,14.16,-31.936,-80.16
104,90,14.48,-24.304,-76.13
104,90,14.8,-36.72,-84.73
104,90,15.12,-49.72,-96.15
104,90,15.44,-34.116,-80.43
104,90,15.76,-23.158,-70.35
104,90,16.08,-39.782,-87.24
104,90,16.4,-19.54,-69.35
104,90,16.72,-33.518,-83
104,90,17.04,-23.766,-75.02
104,90,17.36,-36.216,-88.86
104,90,17.68,-18.812,-71.89
104,90,18,-24.69,-77.5
105,90,2,-14.16,-35.95
105,90,2.32,-14.916,-40.57
105,90,2.64,-20.488,-49.2
105,90,2.96,-13.238,-41.55
105,90,3.28,-27.522,-57.54
105,90,3.6,-23.82,-51.27
105,90,3.92,-24.532,-52.08
105,90,4.24,-28.976,-58
105,90,4.56,-19.536,-49.35
105,90,4.88,-24.85,-54.98
105,90,5.2,-22,-53.42
105,90,5.52,-23.048,-53.33
105,90,5.84,-27.052,-58.5
105,90,6.16,-29.79,-61.83
105,90,6.48,-38.046,-72.13
105,90,6.8,-33.6,-67.1
105,90,7.12,-36.126,-70.72
105,90,7.44,-30.676,-65.01
105,90,7.76,-29.848,-65.07
105,90,8.08,-25.476,-60.28
105,90,8.4,-31.61,-66.99
105,90,8.72,-29.278,-66.58
105,90,9.04,-37.144,-74.93
105,90,9.36,-35.544,-73.61
105,90,9.68,-32.31,-71.2
105,90,10,-44.55,-83.62
105,90,10.32,-32.832,-72.46
105,90,10.64,-35.308,-75.32
105,90,10.96,-31.786,-71.77
105,90,11.28,-30.756,-71.2
105,90,11.6,-33.85,-74.72
105,90,11.92,-37.924,-79.05
105,90,12.24,-32.904,-75.16
105,90,12.56,-28.45,-72.52
105,90,12.88,-29.806,-75.01
105,90,13.2,-25.77,-72.55
105,90,13.52,-29.652,-75.66
105,90,13.84,-29.348,-76.83
105,90,14.16,-38.386,-86.61
105,90,14.48,-21.334,-73.16
105,90,14.8,-34.5,-82.51
105,90,15.12,-24.07,-70.5
105,90,15.44,-23.666,-69.98
105,90,15.76,-36.018,-83.21
105,90,16.08,-27.782,-75.24
105,90,16.4,-21.36,-71.17
105,90,16.72,-23.138,-72.62
105,90,17.04,-22.126,-73.38
105,90,17.36,-24.636,-77.28
105,90,17.68,-19.312,-72.39
105,90,18,-20.46,-73.27
106,90,2,-15.06,-36.85
106,90,2.32,-15.496,-41.15
106,90,2.64,-19.308,-48.02
106,90,2.96,-14.968,-43.28
106,90,3.28,-42.742,-72.76
106,90,3.6,-24.79,-52.24
106,90,3.92,-23.432,-50.98
106,90,4.24,-25.446,-54.47
106,90,4.56,-18.626,-48.44
106,90,4.88,-28.04,-58.17
106,90,5.2,-22.5,-53.92
106,90,5.52,-24.318,-54.6
106,90,5.84,-26.962,-58.41
106,90,6.16,-29.42,-61.46
106,90,6.48,-39.896,-73.98
106,90,6.8,-31.1,-64.6
106,90,7.12,-28.356,-62.95
106,90,7.44,-34.726,-69.06
106,90,7.76,-28.788,-64.01
106,90,8.08,-26.396,-61.2
106,90,8.4,-29.52,-64.9
106,90,8.72,-33.698,-71
106,90,9.04,-44.294,-82.08
106,90,9.36,-30.374,-68.44
106,90,9.68,-34.68,-73.57
106,90,10,-31.91,-70.98
106,90,10.32,-40.322,-79.95
106,90,10.64,-36.698,-76.71
106,90,10.96,-31.776,-71.76
106,90,11.28,-32.156,-72.6
106,90,11.6,-25.89,-66.76
106,90,11.92,-42.094,-83.22
106,90,12.24,-36.284,-78.54
106,90,12.56,-47.3,-91.37
106,90,12.88,-35.616,-80.82
106,90,13.2,-40.36,-87.14
106,90,13.52,-40.822,-86.83
106,90,13.84,-32.508,-79.99
106,90,14.16,-35.436,-83.66
106,90,14.48,-26.384,-78.21
106,90,14.8,-37.54,-85.55
106,90,15.12,-36.23,-82.66
106,90,15.44,-31.846,-78.16
106,90,15.76,-24.608,-71.8
106,90,16.08,-22.572,-70.03
106,90,16.4,-21.51,-71.32
106,90,16.72,-30.768,-80.25
106,90,17.04,-30.086,-81.34
106,90,17.36,-24.446,-77.09
106,90,17.68,-25.772,-78.85
106,90,18,-18.75,-71.56
107,90,2,-16,-37.79
107,90,2.32,-15.846,-41.5
107,90,2.64,-18.928,-47.64
107,90,2.96,-17.158,-45.47
107,90,3.28,-29.012,-59.03
107,90,3.6,-24.1,-51.55
107,90,3.92,-22.512,-50.06
107,90,4.24,-23.646,-52.67
107,90,4.56,-17.576,-47.39
107,90,4.88,-27.72,-57.85
107,90,5.2,-24.29,-55.71
107,90,5.52,-26.988,-57.27
107,90,5.84,-26.062,-57.51
107,90,6.16,-29.33,-61.37
107,90,6.48,-37.186,-71.27
107,90,6.8,-27.47,-60.97
107,90,7.12,-27.896,-62.49
107,90,7.44,-26.456,-60.79
107,90,7.76,-34.638,-69.86
107,90,8.08,-29.876,-64.68
107,90,8.4,-34.26,-69.64
107,90,8.72,-31.648,-68.95
107,90,9.04,-36.264,-74.05
107,90,9.36,-33.694,-71.76
107,90,9.68,-32.95,-71.84
107,90,10,-34.42,-73.49
107,90,10.32,-30.862,-70.49
107,90,10.64,-30.798,-70.81
107,90,10.96,-28.506,-68.49
107,90,11.28,-35.516,-75.96
107,90,11.6,-31.24,-72.11
107,90,11.92,-37.614,-78.74
107,90,12.24,-36.984,-79.24
107,90,12.56,-31.83,-75.9
107,90,12.88,-34.246,-79.45
107,90,13.2,-24.32,-71.1
107,90,13.52,-34.172,-80.18
107,90,13.84,-26.308,-73.79
107,90,14.16,-24.126,-72.35
107,90,14.48,-24.174,-76
107,90,14.8,-22.9,-70.91
107,90,15.12,-27.28,-73.71
107,90,15.44,-38.266,-84.58
107,90,15.76,-34.748,-81.94
107,90,16.08,-28.212,-75.67
107,90,16.4,-30.78,-80.59
107,90,16.72,-28.828,-78.31
107,90,17.04,-25.276,-76.53
107,90,17.36,-23.316,-75.96
107,90,17.68,-28.302,-81.38
107,90,18,-23.04,-75.85
108,90,2,-17.28,-39.07
108,90,2.32,-16.366,-42.02
108,90,2.64,-18.568,-47.28
108,90,2.96,-19.718,-48.03
108,90,3.28,-23.382,-53.4
108,90,3.6,-24.15,-51.6
108,90,3.92,-21.662,-49.21
108,90,4.24,-22.446,-51.47
108,90,4.56,-17.956,-47.77
108,90,4.88,-25.69,-55.82
108,90,5.2,-27.04,-58.46
108,90,5.52,-27.778,-58.06
108,90,5.84,-28.142,-59.59
108,90,6.16,-26.42,-58.46
108,90,6.48,-47.956,-82.04
108,90,6.8,-27.55,-61.05
108,90,7.12,-26.516,-61.11
108,90,7.44,-22.956,-57.29
108,90,7.76,-30.978,-66.2
108,90,8.08,-29.456,-64.26
108,90,8.4,-32.38,-67.76
108,90,8.72,-31.548,-68.85
108,90,9.04,-31.784,-69.57
108,90,9.36,-31.744,-69.81
108,90,9.68,-34.45,-73.34
108,90,10,-30.71,-69.78
108,90,10.32,-34.322,-73.95
108,90,10.64,-32.668,-72.68
108,90,10.96,-32.836,-72.82
108,90,11.28,-35.806,-76.25
108,90,11.6,-32.37,-73.24
108,90,11.92,-28.324,-69.45
108,90,12.24,-32.134,-74.39
108,90,12.56,-25.05,-69.12
108,90,12.88,-26.496,-71.7
108,90,13.2,-28.24,-75.02
108,90,13.52,-37.682,-83.69
108,90,13.84,-24.598,-72.08
108,90,14.16,-24.276,-72.5
108,90,14.48,-27.754,-79.58
108,90,14.8,-23.45,-71.46
108,90,15.12,-41.73,-88.16
108,90,15.44,-32.886,-79.2
108,90,15.76,-36.308,-83.5
108,90,16.08,-31.132,-78.59
108,90,16.4,-27.42,-77.23
108,90,16.72,-33.288,-82.77
108,90,17.04,-28.696,-79.95
108,90,17.36,-22.826,-75.47
108,90,17.68,-23.692,-76.77
108,90,18,-24.39,-77.2
109,90,2,-18.51,-40.3
109,90,2.32,-16.656,-42.31
109,90,2.64,-18.708,-47.42
109,90,2.96,-21.708,-50.02
109,90,3.28,-19.462,-49.48
109,90,3.6,-23.63,-51.08
109,90,3.92,-20.792,-48.34
109,90,4.24,-21.006,-50.03
109,90,4.56,-18.756,-48.57
109,90,4.88,-23.73,-53.86
109,90,5.2,-30.65,-62.07
109,90,5.52,-27.718,-58
109,90,5.84,-32.052,-63.5
109,90,6.16,-25.22,-57.26
109,90,6.48,-35.496,-69.58
109,90,6.8,-26.41,-59.91
109,90,7.12,-24.606,-59.2
109,90,7.44,-20.106,-54.44
109,90,7.76,-26.348,-61.57
109,90,8.08,-28.226,-63.03
109,90,8.4,-40.75,-76.13
109,90,8.72,-26.728,-64.03
109,90,9.04,-27.334,-65.12
109,90,9.36,-31.554,-69.62
109,90,9.68,-37.49,-76.38
109,90,10,-24.33,-63.4
109,90,10.32,-27.872,-67.5
109,90,10.64,-37.608,-77.62
109,90,10.96,-31.626,-71.61
109,90,11.28,-37.386,-77.83
109,90,11.6,-35.8,-76.67
109,90,11.92,-42.904,-84.03
109,90,12.24,-25.614,-67.87
109,90,12.56,-27.78,-71.85
109,90,12.88,-31.146,-76.35
109,90,13.2,-39.55,-86.33
109,90,13.52,-33.172,-79.18
109,90,13.84,-23.688,-71.17
109,90,14.16,-30.366,-78.59
109,90,14.48,-22.634,-74.46
109,90,14.8,-26.98,-74.99
109,90,15.12,-30.48,-76.91
109,90,15.44,-36.106,-82.42
109,90,15.76,-32.708,-79.9
109,90,16.08,-28.792,-76.25
109,90,16.4,-26.88,-76.69
109,90,16.72,-34.428,-83.91
109,90,17.04,-27.106,-78.36
109,90,17.36,-24.696,-77.34
109,90,17.68,-21.842,-74.92
109,90,18,-14.79,-67.6
110,90,2,-19.61,-41.4
110,90,2.32,-17.366,-43.02
110,90,2.64,-19.158,-47.87
110,90,2.96,-22.278,-50.59
110,90,3.28,-16.952,-46.97
110,90,3.6,-22.86,-50.31
110,90,3.92,-20.122,-47.67
110,90,4.24,-20.916,-49.94
110,90,4.56,-20.216,-50.03
110,90,4.88,-23.12,-53.25
110,90,5.2,-33.04,-64.46
110,90,5.52,-26.988,-57.27
110,90,5.84,-38.672,-70.12
110,90,6.16,-23.08,-55.12
110,90,6.48,-28.436,-62.52
110,90,6.8,-27.12,-60.62
110,90,7.12,-24.946,-59.54
110,90,7.44,-18.876,-53.21
110,90,7.76,-26.248,-61.47
110,90,8.08,-29.636,-64.44
110,90,8.4,-36.01,-71.39
110,90,8.72,-25.608,-62.91
110,90,9.04,-33.474,-71.26
110,90,9.36,-37.604,-75.67
110,90,9.68,-28.96,-67.85
110,90,10,-27.1,-66.17
110,90,10.32,-29.762,-69.39
110,90,10.64,-49.828,-89.84
110,90,10.96,-33.636,-73.62
110,90,11.28,-32.866,-73.31
110,90,11.6,-31.47,-72.34
110,90,11.92,-45.464,-86.59
110,90,12.24,-28.284,-70.54
110,90,12.56,-31.93,-76
110,90,12.88,-39.446,-84.65
110,90,13.2,-23.59,-70.37
110,90,13.52,-26.652,-72.66
110,90,13.84,-21.588,-69.07
110,90,14.16,-25.496,-73.72
110,90,14.48,-22.744,-74.57
110,90,14.8,-29.39,-77.4
110,90,15.12,-26.92,-73.35
110,90,15.44,-24.816,-71.13
110,90,15.76,-27.088,-74.28
110,90,16.08,-36.982,-84.44
110,90,16.4,-35.18,-84.99
110,90,16.72,-23.458,-72.94
110,90,17.04,-31.336,-82.59
110,90,17.36,-25.466,-78.11
110,90,17.68,-30.602,-83.68
110,90,18,-15.97,-68.78
111,90,2,-20.92,-42.71
111,90,2.32,-17.746,-43.4
111,90,2.64,-19.458,-48.17
111,90,2.96,-23.588,-51.9
111,90,3.28,-15.502,-45.52
111,90,3.6,-21.14,-48.59
111,90,3.92,-20.002,-47.55
111,90,4.24,-21.296,-50.32
111,90,4.56,-23.166,-52.98
111,90,4.88,-23.03,-53.16
111,90,5.2,-29.04,-60.46
111,90,5.52,-25.828,-56.11
111,90,5.84,-41.342,-72.79
111,90,6.16,-22.26,-54.3
111,90,6.48,-26.006,-60.09
111,90,6.8,-29.61,-63.11
111,90,7.12,-22.156,-56.75
111,90,7.44,-19.896,-54.23
111,90,7.76,-24.468,-59.69
111,90,8.08,-38.796,-73.6
111,90,8.4,-37.33,-72.71
111,90,8.72,-23.178,-60.48
111,90,9.04,-34.344,-72.13
111,90,9.36,-28.464,-66.53
111,90,9.68,-28.77,-67.66
111,90,10,-26.83,-65.9
111,90,10.32,-27.562,-67.19
111,90,10.64,-35.938,-75.95
111,90,10.96,-27.526,-67.51
111,90,11.28,-32.066,-72.51
111,90,11.6,-31.57,-72.44
111,90,11.92,-34.634,-75.76
111,90,12.24,-30.294,-72.55
111,90,12.56,-31.62,-75.69
111,90,12.88,-31.166,-76.37
111,90,13.2,-38.72,-85.5
111,90,13.52,-37.152,-83.16
111,90,13.84,-27.788,-75.27
111,90,14.16,-34.916,-83.14
111,90,14.48,-21.664,-73.49
111,90,14.8,-21.74,-69.75
111,90,15.12,-32.78,-79.21
111,90,15.44,-27.536,-73.85
111,90,15.76,-32.208,-79.4
111,90,16.08,-25.392,-72.85
111,90,16.4,-26.27,-76.08
111,90,16.72,-23.948,-73.43
111,90,17.04,-23.306,-74.56
111,90,17.36,-23.126,-75.77
111,90,17.68,-31.872,-84.95
111,90,18,-19.89,-72.7
112,90,2,-22.45,-44.24
112,90,2.32,-18.326,-43.98
112,90,2.64,-20.938,-49.65
112,90,2.96,-22.638,-50.95
112,90,3.28,-14.852,-44.87
112,90,3.6,-20.19,-47.64
112,90,3.92,-19.782,-47.33
112,90,4.24,-22.116,-51.14
112,90,4.56,-27.936,-57.75
112,90,4.88,-24.44,-54.57
112,90,5.2,-25.21,-56.63
112,90,5.52,-25.278,-55.56
112,90,5.84,-36.302,-67.75
112,90,6.16,-21.4,-53.44
112,90,6.48,-23.956,-58.04
112,90,6.8,-29.98,-63.48
112,90,7.12,-20.566,-55.16
112,90,7.44,-21.366,-55.7
112,90,7.76,-26.458,-61.68
112,90,8.08,-32.566,-67.37
112,90,8.4,-34.08,-69.46
112,90,8.72,-26.158,-63.46
112,90,9.04,-42.554,-80.34
112,90,9.36,-28.994,-67.06
112,90,9.68,-28.89,-67.78
112,90,10,-28.4,-67.47
112,90,10.32,-26.502,-66.13
112,90,10.64,-33.618,-73.63
112,90,10.96,-36.746,-76.73
112,90,11.28,-34.956,-75.4
112,90,11.6,-28,-68.87
112,90,11.92,-30.404,-71.53
112,90,12.24,-27.724,-69.98
112,90,12.56,-24.52,-68.59
112,90,12.88,-29.986,-75.19
112,90,13.2,-36.27,-83.05
112,90,13.52,-34.382,-80.39
112,90,13.84,-25.828,-73.31
112,90,14.16,-32.816,-81.04
112,90,14.48,-31.344,-83.17
112,90,14.8,-33.79,-81.8
112,90,15.12,-23.75,-70.18
112,90,15.44,-27.576,-73.89
112,90,15.76,-25.348,-72.54
112,90,16.08,-35.112,-82.57
112,90,16.4,-39.65,-89.46
112,90,16.72,-32.178,-81.66
112,90,17.04,-24.006,-75.26
112,90,17.36,-30.316,-82.96
112,90,17.68,-46.202,-99.28
112,90,18,-17.75,-70.56
113,90,2,-23.39,-45.18
113,90,2.32,-19.076,-44.73
113,90,2.64,-21.368,-50.08
113,90,2.96,-20.248,-48.56
113,90,3.28,-14.412,-44.43
113,90,3.6,-19.46,-46.91
113,90,3.92,-19.832,-47.38
113,90,4.24,-23.156,-52.18
113,90,4.56,-41.986,-71.8
113,90,4.88,-26.11,-56.24
113,90,5.2,-22.79,-54.21
113,90,5.52,-23.208,-53.49
113,90,5.84,-34.602,-66.05
113,90,6.16,-20.69,-52.73
113,90,6.48,-26.086,-60.17
113,90,6.8,-32.28,-65.78
113,90,7.12,-20.956,-55.55
113,90,7.44,-24.586,-58.92
113,90,7.76,-26.358,-61.58
113,90,8.08,-27.606,-62.41
113,90,8.4,-28.13,-63.51
113,90,8.72,-28.618,-65.92
113,90,9.04,-35.824,-73.61
113,90,9.36,-27.524,-65.59
113,90,9.68,-25.2,-64.09
113,90,10,-55.58,-94.65
113,90,10.32,-29.212,-68.84
113,90,10.64,-29.428,-69.44
113,90,10.96,-40.296,-80.28
113,90,11.28,-24.826,-65.27
113,90,11.6,-50.91,-91.78
113,90,11.92,-33.174,-74.3
113,90,12.24,-27.844,-70.1
113,90,12.56,-27.88,-71.95
113,90,12.88,-29.886,-75.09
113,90,13.2,-30.87,-77.65
113,90,13.52,-36.532,-82.54
113,90,13.84,-24.318,-71.8
113,90,14.16,-29.106,-77.33
113,90,14.48,-26.954,-78.78
113,90,14.8,-26.23,-74.24
113,90,15.12,-24.36,-70.79
113,90,15.44,-33.166,-79.48
113,90,15.76,-32.268,-79.46
113,90,16.08,-29.622,-77.08
113,90,16.4,-26.27,-76.08
113,90,16.72,-33.948,-83.43
113,90,17.04,-37.926,-89.18
113,90,17.36,-33.596,-86.24
113,90,17.68,-37.622,-90.7
113,90,18,-20.51,-73.32
114,90,2,-24.7,-46.49
114,90,2.32,-19.786,-45.44
114,90,2.64,-22.218,-50.93
114,90,2.96,-16.678,-44.99
114,90,3.28,-14.622,-44.64
114,90,3.6,-19.03,-46.48
114,90,3.92,-20.892,-48.44
114,90,4.24,-23.756,-52.78
114,90,4.56,-33.886,-63.7
114,90,4.88,-27.83,-57.96
114,90,5.2,-20.54,-51.96
114,90,5.52,-22.048,-52.33
114,90,5.84,-36.492,-67.94
114,90,6.16,-20.07,-52.11
114,90,6.48,-26.436,-60.52
114,90,6.8,-34.42,-67.92
114,90,7.12,-22.826,-57.42
114,90,7.44,-27.826,-62.16
114,90,7.76,-32.818,-68.04
114,90,8.08,-23.156,-57.96
114,90,8.4,-25.5,-60.88
114,90,8.72,-28.858,-66.16
114,90,9.04,-28.334,-66.12
114,90,9.36,-25.884,-63.95
114,90,9.68,-27,-65.89
114,90,10,-32.83,-71.9
114,90,10.32,-38.822,-78.45
114,90,10.64,-29.548,-69.56
114,90,10.96,-38.276,-78.26
114,90,11.28,-23.276,-63.72
114,90,11.6,-31.35,-72.22
114,90,11.92,-35.144,-76.27
114,90,12.24,-26.374,-68.63
114,90,12.56,-29.69,-73.76
114,90,12.88,-25.486,-70.69
114,90,13.2,-28.36,-75.14
114,90,13.52,-42.242,-88.25
114,90,13.84,-29.498,-76.98
114,90,14.16,-30.706,-78.93
114,90,14.48,-21.514,-73.34
114,90,14.8,-22.05,-70.06
114,90,15.12,-37.25,-83.68
114,90,15.44,-29.396,-75.71
114,90,15.76,-30.858,-78.05
114,90,16.08,-26.092,-73.55
114,90,16.4,-32.55,-82.36
114,90,16.72,-27.338,-76.82
114,90,17.04,-28.636,-79.89
114,90,17.36,-18.576,-71.22
114,90,17.68,-26.562,-79.64
114,90,18,-27.97,-80.78
115,90,2,-25.02,-46.81
115,90,2.32,-21.106,-46.76
115,90,2.64,-22.328,-51.04
115,90,2.96,-13.778,-42.09
115,90,3.28,-15.242,-45.26
115,90,3.6,-19.65,-47.1
115,90,3.92,-21.292,-48.84
115,90,4.24,-24.336,-53.36
115,90,4.56,-29.406,-59.22
115,90,4.88,-28.14,-58.27
115,90,5.2,-18.81,-50.23
115,90,5.52,-20.628,-50.91
115,90,5.84,-35.792,-67.24
115,90,6.16,-20.26,-52.3
115,90,6.48,-28.196,-62.28
115,90,6.8,-33.42,-66.92
115,90,7.12,-25.026,-59.62
115,90,7.44,-26.196,-60.53
115,90,7.76,-39.068,-74.29
115,90,8.08,-22.356,-57.16
115,90,8.4,-26.12,-61.5
115,90,8.72,-25.148,-62.45
115,90,9.04,-27.114,-64.9
115,90,9.36,-27.854,-65.92
115,90,9.68,-26.17,-65.06
115,90,10,-33.27,-72.34
115,90,10.32,-31.572,-71.2
115,90,10.64,-28.478,-68.49
115,90,10.96,-30.996,-70.98
115,90,11.28,-26.496,-66.94
115,90,11.6,-38.44,-79.31
115,90,11.92,-27.984,-69.11
115,90,12.24,-26.484,-68.74
115,90,12.56,-29.37,-73.44
115,90,12.88,-30.166,-75.37
115,90,13.2,-21.85,-68.63
115,90,13.52,-45.092,-91.1
115,90,13.84,-33.158,-80.64
115,90,14.16,-30.986,-79.21
115,90,14.48,-22.464,-74.29
115,90,14.8,-28.12,-76.13
115,90,15.12,-33.96,-80.39
115,90,15.44,-27.406,-73.72
115,90,15.76,-28.538,-75.73
115,90,16.08,-22.312,-69.77
115,90,16.4,-24.49,-74.3
115,90,16.72,-23.278,-72.76
115,90,17.04,-23.766,-75.02
115,90,17.36,-28.146,-80.79
115,90,17.68,-17.562,-70.64
115,90,18,-30.1,-82.91
116,90,2,-26.09,-47.88
116,90,2.32,-22.376,-48.03
116,90,2.64,-21.718,-50.43
116,90,2.96,-11.588,-39.9
116,90,3.28,-16.582,-46.6
116,90,3.6,-19.65,-47.1
116,90,3.92,-22.222,-49.77
116,90,4.24,-25.116,-54.14
116,90,4.56,-28.636,-58.45
116,90,4.88,-26.55,-56.68
116,90,5.2,-16.7,-48.12
116,90,5.52,-19.458,-49.74
116,90,5.84,-28.952,-60.4
116,90,6.16,-19.82,-51.86
116,90,6.48,-26.556,-60.64
116,90,6.8,-33.06,-66.56
116,90,7.12,-30.396,-64.99
116,90,7.44,-31.066,-65.4
116,90,7.76,-31.218,-66.44
116,90,8.08,-25.376,-60.18
116,90,8.4,-26.89,-62.27
116,90,8.72,-23.848,-61.15
116,90,9.04,-28.884,-66.67
116,90,9.36,-30.384,-68.45
116,90,9.68,-27.44,-66.33
116,90,10,-27.54,-66.61
116,90,10.32,-28.542,-68.17
116,90,10.64,-30.728,-70.74
116,90,10.96,-24.166,-64.15
116,90,11.28,-32.126,-72.57
116,90,11.6,-30.55,-71.42
116,90,11.92,-27.014,-68.14
116,90,12.24,-33.984,-76.24
116,90,12.56,-35.82,-79.89
116,90,12.88,-30.736,-75.94
116,90,13.2,-27.41,-74.19
116,90,13.52,-44.952,-90.96
116,90,13.84,-27.658,-75.14
116,90,14.16,-25.226,-73.45
116,90,14.48,-32.844,-84.67
116,90,14.8,-32.61,-80.62
116,90,15.12,-32.77,-79.2
116,90,15.44,-26.486,-72.8
116,90,15.76,-26.688,-73.88
116,90,16.08,-29.912,-77.37
116,90,16.4,-34.42,-84.23
116,90,16.72,-42.808,-92.29
116,90,17.04,-25.126,-76.38
116,90,17.36,-27.116,-79.76
116,90,17.68,-25.742,-78.82
116,90,18,-31.71,-84.52
117,90,2,-26.65,-48.44
117,90,2.32,-23.086,-48.74
117,90,2.64,-21.538,-50.25
117,90,2.96,-9.77800000000001,-38.09
117,90,3.28,-18.662,-48.68
117,90,3.6,-20.7,-48.15
117,90,3.92,-23.002,-50.55
117,90,4.24,-24.566,-53.59
117,90,4.56,-26.936,-56.75
117,90,4.88,-24.39,-54.52
117,90,5.2,-16.29,-47.71
117,90,5.52,-19.078,-49.36
117,90,5.84,-25.132,-56.58
117,90,6.16,-19.09,-51.13
117,90,6.48,-24.246,-58.33
117,90,6.8,-33.92,-67.42
117,90,7.12,-41.616,-76.21
117,90,7.44,-43.256,-77.59
117,90,7.76,-25.218,-60.44
117,90,8.08,-36.186,-70.99
117,90,8.4,-25.42,-60.8
117,90,8.72,-25.598,-62.9
117,90,9.04,-29.314,-67.1
117,90,9.36,-25.304,-63.37
117,90,9.68,-29.66,-68.55
117,90,10,-33.81,-72.88
117,90,10.32,-31.752,-71.38
117,90,10.64,-47.278,-87.29
117,90,10.96,-23.626,-63.61
117,90,11.28,-32.086,-72.53
117,90,11.6,-26.6,-67.47
117,90,11.92,-37.084,-78.21
117,90,12.24,-40.984,-83.24
117,90,12.56,-23.65,-67.72
117,90,12.88,-28.126,-73.33
117,90,13.2,-30.98,-77.76
117,90,13.52,-25.562,-71.57
117,90,13.84,-23.198,-70.68
117,90,14.16,-29.286,-77.51
117,90,14.48,-31.494,-83.32
117,90,14.8,-30.24,-78.25
117,90,15.12,-29.47,-75.9
117,90,15.44,-34.266,-80.58
117,90,15.76,-35.278,-82.47
117,90,16.08,-39.122,-86.58
117,90,16.4,-27.57,-77.38
117,90,16.72,-22.568,-72.05
117,90,17.04,-37.456,-88.71
117,90,17.36,-23.356,-76
117,90,17.68,-18.022,-71.1
117,90,18,-24.89,-77.7
118,90,2,-27.16,-48.95
118,90,2.32,-22.906,-48.56
118,90,2.64,-20.678,-49.39
118,90,2.96,-8.45800000000001,-36.77
118,90,3.28,-21.022,-51.04
118,90,3.6,-21.98,-49.43
118,90,3.92,-23.952,-51.5
118,90,4.24,-23.476,-52.5
118,90,4.56,-23.876,-53.69
118,90,4.88,-21.92,-52.05
118,90,5.2,-16.05,-47.47
118,90,5.52,-17.918,-48.2
118,90,5.84,-23.672,-55.12
118,90,6.16,-18.5,-50.54
118,90,6.48,-24.696,-58.78
118,90,6.8,-37.19,-70.69
118,90,7.12,-30.276,-64.87
118,90,7.44,-31.416,-65.75
118,90,7.76,-23.238,-58.46
118,90,8.08,-34.316,-69.12
118,90,8.4,-29.23,-64.61
118,90,8.72,-24.058,-61.36
118,90,9.04,-36.484,-74.27
118,90,9.36,-25.044,-63.11
118,90,9.68,-30.21,-69.1
118,90,10,-43.04,-82.11
118,90,10.32,-31.032,-70.66
118,90,10.64,-46.378,-86.39
118,90,10.96,-21.376,-61.36
118,90,11.28,-31.856,-72.3
118,90,11.6,-26.43,-67.3
118,90,11.92,-26.894,-68.02
118,90,12.24,-26.764,-69.02
118,90,12.56,-30.38,-74.45
118,90,12.88,-29.416,-74.62
118,90,13.2,-24.88,-71.66
118,90,13.52,-27.342,-73.35
118,90,13.84,-26.158,-73.64
118,90,14.16,-33.856,-82.08
118,90,14.48,-34.264,-86.09
118,90,14.8,-28.45,-76.46
118,90,15.12,-33.19,-79.62
118,90,15.44,-33.096,-79.41
118,90,15.76,-29.118,-76.31
118,90,16.08,-28.592,-76.05
118,90,16.4,-23.03,-72.84
118,90,16.72,-32.098,-81.58
118,90,17.04,-27.406,-78.66
118,90,17.36,-22.876,-75.52
118,90,17.68,-31.942,-85.02
118,90,18,-25.34,-78.15
119,90,2,-28.34,-50.13
119,90,2.32,-22.526,-48.18
119,90,2.64,-20.358,-49.07
119,90,2.96,-7.308,-35.62
119,90,3.28,-26.062,-56.08
119,90,3.6,-23.57,-51.02
119,90,3.92,-24.032,-51.58
119,90,4.24,-21.876,-50.9
119,90,4.56,-20.396,-50.21
119,90,4.88,-20.41,-50.54
119,90,5.2,-16.74,-48.16
119,90,5.52,-17.398,-47.68
119,90,5.84,-22.512,-53.96
119,90,6.16,-18.21,-50.25
119,90,6.48,-26.406,-60.49
119,90,6.8,-33.86,-67.36
119,90,7.12,-29.306,-63.9
119,90,7.44,-24.056,-58.39
119,90,7.76,-22.118,-57.34
119,90,8.08,-29.446,-64.25
119,90,8.4,-29.24,-64.62
119,90,8.72,-25.808,-63.11
119,90,9.04,-37.134,-74.92
119,90,9.36,-24.274,-62.34
119,90,9.68,-28.33,-67.22
119,90,10,-29.05,-68.12
119,90,10.32,-26.212,-65.84
119,90,10.64,-27.348,-67.36
119,90,10.96,-22.006,-61.99
119,90,11.28,-29.986,-70.43
119,90,11.6,-37.58,-78.45
119,90,11.92,-30.004,-71.13
119,90,12.24,-27.954,-70.21
119,90,12.56,-30.62,-74.69
119,90,12.88,-26.816,-72.02
119,90,13.2,-24.99,-71.77
119,90,13.52,-33.472,-79.48
119,90,13.84,-29.608,-77.09
119,90,14.16,-21.136,-69.36
119,90,14.48,-25.254,-77.08
119,90,14.8,-23.39,-71.4
119,90,15.12,-59.62,-106.05
119,90,15.44,-24.566,-70.88
119,90,15.76,-32.508,-79.7
119,90,16.08,-29.032,-76.49
119,90,16.4,-36.67,-86.48
119,90,16.72,-29.748,-79.23
119,90,17.04,-23.896,-75.15
119,90,17.36,-25.236,-77.88
119,90,17.68,-20.732,-73.81
119,90,18,-31.07,-83.88
120,90,2,-29.7,-51.49
120,90,2.32,-22.366,-48.02
120,90,2.64,-20.168,-48.88
120,90,2.96,-6.748,-35.06
120,90,3.28,-36.092,-66.11
120,90,3.6,-24.81,-52.26
120,90,3.92,-24.202,-51.75
120,90,4.24,-20.296,-49.32
120,90,4.56,-17.156,-46.97
120,90,4.88,-18.51,-48.64
120,90,5.2,-17.91,-49.33
120,90,5.52,-17.068,-47.35
120,90,5.84,-23.352,-54.8
120,90,6.16,-18.21,-50.25
120,90,6.48,-35.736,-69.82
120,90,6.8,-33.46,-66.96
120,90,7.12,-28.696,-63.29
120,90,7.44,-22.146,-56.48
120,90,7.76,-23.538,-58.76
120,90,8.08,-29.936,-64.74
120,90,8.4,-32.64,-68.02
120,90,8.72,-27.498,-64.8
120,90,9.04,-43.394,-81.18
120,90,9.36,-25.244,-63.31
120,90,9.68,-28.16,-67.05
120,90,10,-26.14,-65.21
120,90,10.32,-27.292,-66.92
120,90,10.64,-33.738,-73.75
120,90,10.96,-24.186,-64.17
120,90,11.28,-26.716,-67.16
120,90,11.6,-26.51,-67.38
120,90,11.92,-36.204,-77.33
120,90,12.24,-28.524,-70.78
120,90,12.56,-31.68,-75.75
120,90,12.88,-37.326,-82.53
120,90,13.2,-30.81,-77.59
120,90,13.52,-38.772,-84.78
120,90,13.84,-30.868,-78.35
120,90,14.16,-26.666,-74.89
120,90,14.48,-28.684,-80.51
120,90,14.8,-28.6,-76.61
120,90,15.12,-27.23,-73.66
120,90,15.44,-28.796,-75.11
120,90,15.76,-22.368,-69.56
120,90,16.08,-31.722,-79.18
120,90,16.4,-31.27,-81.08
120,90,16.72,-35.418,-84.9
120,90,17.04,-40.036,-91.29
120,90,17.36,-23.496,-76.14
120,90,17.68,-26.612,-79.69
120,90,18,-20.24,-73.05
121,90,2,-30.59,-52.38
121,90,2.32,-22.036,-47.69
121,90,2.64,-19.978,-48.69
121,90,2.96,-6.338,-34.65
121,90,3.28,-31.402,-61.42
121,90,3.6,-24.16,-51.61
121,90,3.92,-24.422,-51.97
121,90,4.24,-18.516,-47.54
121,90,4.56,-14.706,-44.52
121,90,4.88,-17.35,-47.48
121,90,5.2,-19.47,-50.89
121,90,5.52,-16.808,-47.09
121,90,5.84,-24.272,-55.72
121,90,6.16,-19.17,-51.21
121,90,6.48,-34.746,-68.83
121,90,6.8,-28.14,-61.64
121,90,7.12,-27.416,-62.01
121,90,7.44,-20.206,-54.54
121,90,7.76,-28.508,-63.73
121,90,8.08,-32.176,-66.98
121,90,8.4,-31.36,-66.74
121,90,8.72,-35.598,-72.9
121,90,9.04,-36.354,-74.14
121,90,9.36,-29.014,-67.08
121,90,9.68,-27.55,-66.44
121,90,10,-21.43,-60.5
121,90,10.32,-36.922,-76.55
121,90,10.64,-34.528,-74.54
121,90,10.96,-32.206,-72.19
121,90,11.28,-35.516,-75.96
121,90,11.6,-25.98,-66.85
121,90,11.92,-30.224,-71.35
121,90,12.24,-31.494,-73.75
121,90,12.56,-34.72,-78.79
121,90,12.88,-26.636,-71.84
121,90,13.2,-33.25,-80.03
121,90,13.52,-37.242,-83.25
121,90,13.84,-26.458,-73.94
121,90,14.16,-29.236,-77.46
121,90,14.48,-29.284,-81.11
121,90,14.8,-33.7,-81.71
121,90,15.12,-30.09,-76.52
121,90,15.44,-28.866,-75.18
121,90,15.76,-41.158,-88.35
121,90,16.08,-31.272,-78.73
121,90,16.4,-23.86,-73.67
121,90,16.72,-20.778,-70.26
121,90,17.04,-22.556,-73.81
121,90,17.36,-30.646,-83.29
121,90,17.68,-28.092,-81.17
121,90,18,-17.69,-70.5
122,90,2,-32.16,-53.95
122,90,2.32,-21.386,-47.04
122,90,2.64,-20.678,-49.39
122,90,2.96,-6.338,-34.65
122,90,3.28,-26.362,-56.38
122,90,3.6,-23.81,-51.26
122,90,3.92,-23.852,-51.4
122,90,4.24,-17.526,-46.55
122,90,4.56,-13.076,-42.89
122,90,4.88,-16.52,-46.65
122,90,5.2,-20.14,-51.56
122,90,5.52,-17.288,-47.57
122,90,5.84,-26.102,-57.55
122,90,6.16,-21.25,-53.29
122,90,6.48,-27.296,-61.38
122,90,6.8,-25.51,-59.01
122,90,7.12,-24.726,-59.32
122,90,7.44,-22.006,-56.34
122,90,7.76,-35.868,-71.09
122,90,8.08,-35.006,-69.81
122,90,8.4,-31.25,-66.63
122,90,8.72,-30.378,-67.68
122,90,9.04,-33.794,-71.58
122,90,9.36,-35.644,-73.71
122,90,9.68,-26.41,-65.3
122,90,10,-21.37,-60.44
122,90,10.32,-26.732,-66.36
122,90,10.64,-34.518,-74.53
122,90,10.96,-36.326,-76.31
122,90,11.28,-32.816,-73.26
122,90,11.6,-30.21,-71.08
122,90,11.92,-29.134,-70.26
122,90,12.24,-28.224,-70.48
122,90,12.56,-29.37,-73.44
122,90,12.88,-38.286,-83.49
122,90,13.2,-28.36,-75.14
122,90,13.52,-31.622,-77.63
122,90,13.84,-23.748,-71.23
122,90,14.16,-28.286,-76.51
122,90,14.48,-22.864,-74.69
122,90,14.8,-26.26,-74.27
122,90,15.12,-35.44,-81.87
122,90,15.44,-35.476,-81.79
122,90,15.76,-24.218,-71.41
122,90,16.08,-31.462,-78.92
122,90,16.4,-36.28,-86.09
122,90,16.72,-30.418,-79.9
122,90,17.04,-22.226,-73.48
122,90,17.36,-25.146,-77.79
122,90,17.68,-36.072,-89.15
122,90,18,-21.29,-74.1
123,90,2,-29.78,-51.57
123,90,2.32,-21.586,-47.24
123,90,2.64,-21.038,-49.75
123,90,2.96,-6.598,-34.91
123,90,3.28,-22.432,-52.45
123,90,3.6,-23.26,-50.71
123,90,3.92,-24.252,-51.8
123,90,4.24,-16.846,-45.87
123,90,4.56,-11.876,-41.69
123,90,4.88,-16.22,-46.35
123,90,5.2,-19.99,-51.41
123,90,5.52,-17.688,-47.97
123,90,5.84,-32.082,-63.53
123,90,6.16,-23.59,-55.63
123,90,6.48,-24.066,-58.15
123,90,6.8,-25.96,-59.46
123,90,7.12,-23.376,-57.97
123,90,7.44,-23.626,-57.96
123,90,7.76,-22.418,-57.64
123,90,8.08,-30.806,-65.61
123,90,8.4,-31.36,-66.74
123,90,8.72,-25.738,-63.04
123,90,9.04,-33.614,-71.4
123,90,9.36,-31.694,-69.76
123,90,9.68,-28.33,-67.22
123,90,10,-26.37,-65.44
123,90,10.32,-27.062,-66.69
123,90,10.64,-28.768,-68.78
123,90,10.96,-32.116,-72.1
123,90,11.28,-30.926,-71.37
123,90,11.6,-34.01,-74.88
123,90,11.92,-31.094,-72.22
123,90,12.24,-26.974,-69.23
123,90,12.56,-39.97,-84.04
123,90,12.88,-34.166,-79.37
123,90,13.2,-29.19,-75.97
123,90,13.52,-34.592,-80.6
123,90,13.84,-21.038,-68.52
123,90,14.16,-23.946,-72.17
123,90,14.48,-18.294,-70.12
123,90,14.8,-39,-87.01
123,90,15.12,-32.56,-78.99
123,90,15.44,-25.536,-71.85
123,90,15.76,-23.298,-70.49
123,90,16.08,-29.422,-76.88
123,90,16.4,-31.14,-80.95
123,90,16.72,-24.188,-73.67
123,90,17.04,-32.376,-83.63
123,90,17.36,-20.546,-73.19
123,90,17.68,-22.912,-75.99
123,90,18,-22.31,-75.12
124,90,2,-27.41,-49.2
124,90,2.32,-21.906,-47.56
124,90,2.64,-22.248,-50.96
124,90,2.96,-7.188,-35.5
124,90,3.28,-20.772,-50.79
124,90,3.6,-23.31,-50.76
124,90,3.92,-22.862,-50.41
124,90,4.24,-16.626,-45.65
124,90,4.56,-10.796,-40.61
124,90,4.88,-16.57,-46.7
124,90,5.2,-18.79,-50.21
124,90,5.52,-19.198,-49.48
124,90,5.84,-31.712,-63.16
124,90,6.16,-25.76,-57.8
124,90,6.48,-24.376,-58.46
124,90,6.8,-26.58,-60.08
124,90,7.12,-21.216,-55.81
124,90,7.44,-30.886,-65.22
124,90,7.76,-19.148,-54.37
124,90,8.08,-32.426,-67.23
124,90,8.4,-29.76,-65.14
124,90,8.72,-27.918,-65.22
124,90,9.04,-29.934,-67.72
124,90,9.36,-34.754,-72.82
124,90,9.68,-26.24,-65.13
124,90,10,-30.43,-69.5
124,90,10.32,-23.622,-63.25
124,90,10.64,-29.358,-69.37
124,90,10.96,-19.136,-59.12
124,90,11.28,-31.326,-71.77
124,90,11.6,-33.38,-74.25
124,90,11.92,-34.024,-75.15
124,90,12.24,-35.884,-78.14
124,90,12.56,-29,-73.07
124,90,12.88,-28.516,-73.72
124,90,13.2,-28.75,-75.53
124,90,13.52,-39.352,-85.36
124,90,13.84,-29.078,-76.56
124,90,14.16,-25.456,-73.68
124,90,14.48,-22.304,-74.13
124,90,14.8,-24.31,-72.32
124,90,15.12,-28.74,-75.17
124,90,15.44,-24.846,-71.16
124,90,15.76,-25.248,-72.44
124,90,16.08,-25.302,-72.76
124,90,16.4,-21.44,-71.25
124,90,16.72,-27.578,-77.06
124,90,17.04,-24.296,-75.55
124,90,17.36,-23.196,-75.84
124,90,17.68,-27.842,-80.92
124,90,18,-16.5,-69.31
125,90,2,-25.19,-46.98
125,90,2.32,-22.806,-48.46
125,90,2.64,-23.538,-52.25
125,90,2.96,-7.878,-36.19
125,90,3.28,-19.012,-49.03
125,90,3.6,-23.39,-50.84
125,90,3.92,-21.332,-48.88
125,90,4.24,-16.376,-45.4
125,90,4.56,-10.206,-40.02
125,90,4.88,-17.5,-47.63
125,90,5.2,-18.77,-50.19
125,90,5.52,-20.448,-50.73
125,90,5.84,-29.532,-60.98
125,90,6.16,-25.43,-57.47
125,90,6.48,-25.566,-59.65
125,90,6.8,-30.45,-63.95
125,90,7.12,-22.676,-57.27
125,90,7.44,-32.516,-66.85
125,90,7.76,-18.238,-53.46
125,90,8.08,-35.766,-70.57
125,90,8.4,-30.35,-65.73
125,90,8.72,-27.558,-64.86
125,90,9.04,-33.724,-71.51
125,90,9.36,-27.204,-65.27
125,90,9.68,-28.08,-66.97
125,90,10,-32.81,-71.88
125,90,10.32,-28.242,-67.87
125,90,10.64,-33.038,-73.05
125,90,10.96,-20.666,-60.65
125,90,11.28,-26.706,-67.15
125,90,11.6,-31.7,-72.57
125,90,11.92,-40.334,-81.46
125,90,12.24,-34.084,-76.34
125,90,12.56,-30.66,-74.73
125,90,12.88,-27.986,-73.19
125,90,13.2,-33.41,-80.19
125,90,13.52,-33.682,-79.69
125,90,13.84,-28.268,-75.75
125,90,14.16,-22.546,-70.77
125,90,14.48,-20.304,-72.13
125,90,14.8,-20.04,-68.05
125,90,15.12,-33.12,-79.55
125,90,15.44,-41.316,-87.63
125,90,15.76,-25.778,-72.97
125,90,16.08,-35.672,-83.13
125,90,16.4,-30.21,-80.02
125,90,16.72,-21.898,-71.38
125,90,17.04,-42.446,-93.7
125,90,17.36,-23.166,-75.81
125,90,17.68,-24.322,-77.4
125,90,18,-31.98,-84.79
126,90,2,-23.69,-45.48
126,90,2.32,-23.686,-49.34
126,90,2.64,-24.198,-52.91
126,90,2.96,-8.848,-37.16
126,90,3.28,-17.292,-47.31
126,90,3.6,-24.56,-52.01
126,90,3.92,-19.682,-47.23
126,90,4.24,-16.486,-45.51
126,90,4.56,-10.206,-40.02
126,90,4.88,-19.5,-49.63
126,90,5.2,-19.01,-50.43
126,90,5.52,-23.718,-54
126,90,5.84,-27.302,-58.75
126,90,6.16,-25.51,-57.55
126,90,6.48,-25.826,-59.91
126,90,6.8,-33.22,-66.72
126,90,7.12,-25.816,-60.41
126,90,7.44,-27.216,-61.55
126,90,7.76,-17.458,-52.68
126,90,8.08,-47.956,-82.76
126,90,8.4,-29.75,-65.13
126,90,8.72,-36.398,-73.7
126,90,9.04,-43.734,-81.52
126,90,9.36,-24.004,-62.07
126,90,9.68,-29.92,-68.81
126,90,10,-24.2,-63.27
126,90,10.32,-32.832,-72.46
126,90,10.64,-26.268,-66.28
126,90,10.96,-20.746,-60.73
126,90,11.28,-26.146,-66.59
126,90,11.6,-28.61,-69.48
126,90,11.92,-29.384,-70.51
126,90,12.24,-27.374,-69.63
126,90,12.56,-35.21,-79.28
126,90,12.88,-24.586,-69.79
126,90,13.2,-33.44,-80.22
126,90,13.52,-31.992,-78
126,90,13.84,-22.528,-70.01
126,90,14.16,-21.986,-70.21
126,90,14.48,-22.164,-73.99
126,90,14.8,-27.4,-75.41
126,90,15.12,-31.12,-77.55
126,90,15.44,-28.196,-74.51
126,90,15.76,-34.108,-81.3
126,90,16.08,-27.202,-74.66
126,90,16.4,-21.72,-71.53
126,90,16.72,-29.768,-79.25
126,90,17.04,-27.156,-78.41
126,90,17.36,-24.356,-77
126,90,17.68,-21.592,-74.67
126,90,18,-20.86,-73.67
127,90,2,-22.1,-43.89
127,90,2.32,-24.736,-50.39
127,90,2.64,-24.778,-53.49
127,90,2.96,-9.788,-38.1
127,90,3.28,-15.942,-45.96
127,90,3.6,-25.63,-53.08
127,90,3.92,-18.902,-46.45
127,90,4.24,-17.076,-46.1
127,90,4.56,-10.776,-40.59
127,90,4.88,-20.93,-51.06
127,90,5.2,-20.17,-51.59
127,90,5.52,-24.548,-54.83
127,90,5.84,-24.992,-56.44
127,90,6.16,-22.49,-54.53
127,90,6.48,-25.466,-59.55
127,90,6.8,-29.94,-63.44
127,90,7.12,-33.256,-67.85
127,90,7.44,-27.216,-61.55
127,90,7.76,-19.038,-54.26
127,90,8.08,-35.716,-70.52
127,90,8.4,-32.67,-68.05
127,90,8.72,-46.928,-84.23
127,90,9.04,-37.064,-74.85
127,90,9.36,-28.724,-66.79
127,90,9.68,-30.58,-69.47
127,90,10,-26.57,-65.64
127,90,10.32,-40.602,-80.23
127,90,10.64,-31.278,-71.29
127,90,10.96,-23.096,-63.08
127,90,11.28,-24.116,-64.56
127,90,11.6,-30.73,-71.6
127,90,11.92,-30.524,-71.65
127,90,12.24,-28.724,-70.98
127,90,12.56,-25.07,-69.14
127,90,12.88,-29.876,-75.08
127,90,13.2,-23.75,-70.53
127,90,13.52,-28.512,-74.52
127,90,13.84,-37.738,-85.22
127,90,14.16,-26.836,-75.06
127,90,14.48,-19.804,-71.63
127,90,14.8,-37.71,-85.72
127,90,15.12,-34.32,-80.75
127,90,15.44,-29.016,-75.33
127,90,15.76,-25.478,-72.67
127,90,16.08,-36.012,-83.47
127,90,16.4,-25.25,-75.06
127,90,16.72,-19.528,-69.01
127,90,17.04,-45.116,-96.37
127,90,17.36,-23.666,-76.31
127,90,17.68,-19.782,-72.86
127,90,18,-27.23,-80.04
128,90,2,-21.08,-42.87
128,90,2.32,-26.836,-52.49
128,90,2.64,-23.678,-52.39
128,90,2.96,-10.498,-38.81
128,90,3.28,-14.242,-44.26
128,90,3.6,-26.67,-54.12
128,90,3.92,-17.772,-45.32
128,90,4.24,-17.916,-46.94
128,90,4.56,-11.796,-41.61
128,90,4.88,-21.51,-51.64
128,90,5.2,-21.13,-52.55
128,90,5.52,-26.008,-56.29
128,90,5.84,-23.302,-54.75
128,90,6.16,-20.37,-52.41
128,90,6.48,-23.946,-58.03
128,90,6.8,-30.93,-64.43
128,90,7.12,-33.286,-67.88
128,90,7.44,-23.966,-58.3
128,90,7.76,-21.568,-56.79
128,90,8.08,-30.776,-65.58
128,90,8.4,-31.14,-66.52
128,90,8.72,-32.538,-69.84
128,90,9.04,-38.644,-76.43
128,90,9.36,-44.214,-82.28
128,90,9.68,-26.71,-65.6
128,90,10,-28.94,-68.01
128,90,10.32,-36.772,-76.4
128,90,10.64,-34.188,-74.2
128,90,10.96,-31.126,-71.11
128,90,11.28,-31.846,-72.29
128,90,11.6,-37.27,-78.14
128,90,11.92,-29.464,-70.59
128,90,12.24,-22.904,-65.16
128,90,12.56,-25.65,-69.72
128,90,12.88,-28.366,-73.57
128,90,13.2,-29.22,-76
128,90,13.52,-27.402,-73.41
128,90,13.84,-29.718,-77.2
128,90,14.16,-18.726,-66.95
128,90,14.48,-22.014,-73.84
128,90,14.8,-27.82,-75.83
128,90,15.12,-36.91,-83.34
128,90,15.44,-41.246,-87.56
128,90,15.76,-32.138,-79.33
128,90,16.08,-32.002,-79.46
128,90,16.4,-22.55,-72.36
128,90,16.72,-24.558,-74.04
128,90,17.04,-27.916,-79.17
128,90,17.36,-26.716,-79.36
128,90,17.68,-18.282,-71.36
128,90,18,-23.13,-75.94
129,90,2,-20.3,-42.09
129,90,2.32,-29.276,-54.93
129,90,2.64,-23.048,-51.76
129,90,2.96,-11.078,-39.39
129,90,3.28,-13.362,-43.38
129,90,3.6,-24.47,-51.92
129,90,3.92,-17.662,-45.21
129,90,4.24,-18.376,-47.4
129,90,4.56,-13.606,-43.42
129,90,4.88,-21.09,-51.22
129,90,5.2,-19.86,-51.28
129,90,5.52,-26.148,-56.43
129,90,5.84,-22.272,-53.72
129,90,6.16,-19.03,-51.07
129,90,6.48,-22.206,-56.29
129,90,6.8,-29.2,-62.7
129,90,7.12,-38.116,-72.71
129,90,7.44,-22.746,-57.08
129,90,7.76,-24.828,-60.05
129,90,8.08,-25.706,-60.51
129,90,8.4,-29.2,-64.58
129,90,8.72,-31.248,-68.55
129,90,9.04,-40.464,-78.25
129,90,9.36,-32.134,-70.2
129,90,9.68,-25.59,-64.48
129,90,10,-24.88,-63.95
129,90,10.32,-26.442,-66.07
129,90,10.64,-31.348,-71.36
129,90,10.96,-33.006,-72.99
129,90,11.28,-34.656,-75.1
129,90,11.6,-28.27,-69.14
129,90,11.92,-25.254,-66.38
129,90,12.24,-23.784,-66.04
129,90,12.56,-23.77,-67.84
129,90,12.88,-33.736,-78.94
129,90,13.2,-36.13,-82.91
129,90,13.52,-36.352,-82.36
129,90,13.84,-31.148,-78.63
129,90,14.16,-27.736,-75.96
129,90,14.48,-24.034,-75.86
129,90,14.8,-25.41,-73.42
129,90,15.12,-27.17,-73.6
129,90,15.44,-30.096,-76.41
129,90,15.76,-25.418,-72.61
129,90,16.08,-32.102,-79.56
129,90,16.4,-21.23,-71.04
129,90,16.72,-26.028,-75.51
129,90,17.04,-21.016,-72.27
129,90,17.36,-18.816,-71.46
129,90,17.68,-21.462,-74.54
129,90,18,-22.23,-75.04
130,90,2,-19.73,-41.52
130,90,2.32,-32.676,-58.33
130,90,2.64,-21.698,-50.41
130,90,2.96,-11.078,-39.39
130,90,3.28,-12.562,-42.58
130,90,3.6,-20.73,-48.18
130,90,3.92,-17.832,-45.38
130,90,4.24,-17.816,-46.84
130,90,4.56,-16.566,-46.38
130,90,4.88,-20.42,-50.55
130,90,5.2,-19.58,-51
130,90,5.52,-24.438,-54.72
130,90,5.84,-21.612,-53.06
130,90,6.16,-18.41,-50.45
130,90,6.48,-21.586,-55.67
130,90,6.8,-25.89,-59.39
130,90,7.12,-35.606,-70.2
130,90,7.44,-22.136,-56.47
130,90,7.76,-28.178,-63.4
130,90,8.08,-24.016,-58.82
130,90,8.4,-29.56,-64.94
130,90,8.72,-25.008,-62.31
130,90,9.04,-40.764,-78.55
130,90,9.36,-30.094,-68.16
130,90,9.68,-26.83,-65.72
130,90,10,-26.58,-65.65
130,90,10.32,-27.862,-67.49
130,90,10.64,-35.308,-75.32
130,90,10.96,-23.816,-63.8
130,90,11.28,-32.966,-73.41
130,90,11.6,-38.41,-79.28
130,90,11.92,-28.294,-69.42
130,90,12.24,-27.044,-69.3
130,90,12.56,-27.09,-71.16
130,90,12.88,-26.536,-71.74
130,90,13.2,-32.96,-79.74
130,90,13.52,-29.622,-75.63
130,90,13.84,-28.178,-75.66
130,90,14.16,-28.186,-76.41
130,90,14.48,-23.814,-75.64
130,90,14.8,-23.33,-71.34
130,90,15.12,-28.43,-74.86
130,90,15.44,-27.026,-73.34
130,90,15.76,-32.848,-80.04
130,90,16.08,-28.282,-75.74
130,90,16.4,-36.45,-86.26
130,90,16.72,-24.978,-74.46
130,90,17.04,-23.746,-75
130,90,17.36,-26.186,-78.83
130,90,17.68,-29.742,-82.82
130,90,18,-26.52,-79.33
131,90,2,-19.32,-41.11
131,90,2.32,-34.176,-59.83
131,90,2.64,-20.878,-49.59
131,90,2.96,-10.728,-39.04
131,90,3.28,-12.202,-42.22
131,90,3.6,-17.56,-45.01
131,90,3.92,-18.422,-45.97
131,90,4.24,-17.136,-46.16
131,90,4.56,-19.216,-49.03
131,90,4.88,-18.72,-48.85
131,90,5.2,-18.96,-50.38
131,90,5.52,-23.438,-53.72
131,90,5.84,-21.722,-53.17
131,90,6.16,-18.96,-51
131,90,6.48,-22.246,-56.33
131,90,6.8,-24.08,-57.58
131,90,7.12,-35.826,-70.42
131,90,7.44,-24.516,-58.85
131,90,7.76,-35.678,-70.9
131,90,8.08,-28.026,-62.83
131,90,8.4,-29.22,-64.6
131,90,8.72,-25.238,-62.54
131,90,9.04,-29.354,-67.14
131,90,9.36,-35.394,-73.46
131,90,9.68,-25.81,-64.7
131,90,10,-30.55,-69.62
131,90,10.32,-26.232,-65.86
131,90,10.64,-41.778,-81.79
131,90,10.96,-20.376,-60.36
131,90,11.28,-35.596,-76.04
131,90,11.6,-31.05,-71.92
131,90,11.92,-41.454,-82.58
131,90,12.24,-28.834,-71.09
131,90,12.56,-40.07,-84.14
131,90,12.88,-34.496,-79.7
131,90,13.2,-26.6,-73.38
131,90,13.52,-28.662,-74.67
131,90,13.84,-29.078,-76.56
131,90,14.16,-19.956,-68.18
131,90,14.48,-20.704,-72.53
131,90,14.8,-24.6,-72.61
131,90,15.12,-33.12,-79.55
131,90,15.44,-25.756,-72.07
131,90,15.76,-22.048,-69.24
131,90,16.08,-27.252,-74.71
131,90,16.4,-23.41,-73.22
131,90,16.72,-20.068,-69.55
131,90,17.04,-34.806,-86.06
131,90,17.36,-33.586,-86.23
131,90,17.68,-17.772,-70.85
131,90,18,-16.83,-69.64
132,90,2,-19.07,-40.86
132,90,2.32,-32.306,-57.96
132,90,2.64,-20.318,-49.03
132,90,2.96,-10.098,-38.41
132,90,3.28,-12.222,-42.24
132,90,3.6,-15.87,-43.32
132,90,3.92,-19.842,-47.39
132,90,4.24,-16.936,-45.96
132,90,4.56,-21.866,-51.68
132,90,4.88,-17.47,-47.6
132,90,5.2,-18.67,-50.09
132,90,5.52,-23.298,-53.58
132,90,5.84,-20.972,-52.42
132,90,6.16,-19,-51.04
132,90,6.48,-22.696,-56.78
132,90,6.8,-22.44,-55.94
132,90,7.12,-29.756,-64.35
132,90,7.44,-29.866,-64.2
132,90,7.76,-45.758,-80.98
132,90,8.08,-33.936,-68.74
132,90,8.4,-35.1,-70.48
132,90,8.72,-25.568,-62.87
132,90,9.04,-25.574,-63.36
132,90,9.36,-23.694,-61.76
132,90,9.68,-36.89,-75.78
132,90,10,-26.04,-65.11
132,90,10.32,-32.662,-72.29
132,90,10.64,-29.618,-69.63
132,90,10.96,-21.756,-61.74
132,90,11.28,-29.376,-69.82
132,90,11.6,-39.15,-80.02
132,90,11.92,-28.014,-69.14
132,90,12.24,-32.564,-74.82
132,90,12.56,-27.71,-71.78
132,90,12.88,-35.386,-80.59
132,90,13.2,-29.15,-75.93
132,90,13.52,-45.872,-91.88
132,90,13.84,-19.798,-67.28
132,90,14.16,-25.946,-74.17
132,90,14.48,-25.824,-77.65
132,90,14.8,-36.69,-84.7
132,90,15.12,-31.96,-78.39
132,90,15.44,-30.956,-77.27
132,90,15.76,-32.288,-79.48
132,90,16.08,-21.862,-69.32
132,90,16.4,-22.34,-72.15
132,90,16.72,-26.328,-75.81
132,90,17.04,-24.836,-76.09
132,90,17.36,-23.666,-76.31
132,90,17.68,-18.582,-71.66
132,90,18,-20.31,-73.12
133,90,2,-19.02,-40.81
133,90,2.32,-30.226,-55.88
133,90,2.64,-19.998,-48.71
133,90,2.96,-9.048,-37.36
133,90,3.28,-13.022,-43.04
133,90,3.6,-14.66,-42.11
133,90,3.92,-21.162,-48.71
133,90,4.24,-17.256,-46.28
133,90,4.56,-22.586,-52.4
133,90,4.88,-15.87,-46
133,90,5.2,-18.38,-49.8
133,90,5.52,-24.498,-54.78
133,90,5.84,-19.402,-50.85
133,90,6.16,-20.06,-52.1
133,90,6.48,-23.986,-58.07
133,90,6.8,-20.06,-53.56
133,90,7.12,-23.556,-58.15
133,90,7.44,-37.706,-72.04
133,90,7.76,-34.618,-69.84
133,90,8.08,-37.586,-72.39
133,90,8.4,-39.82,-75.2
133,90,8.72,-27.468,-64.77
133,90,9.04,-25.874,-63.66
133,90,9.36,-21.374,-59.44
133,90,9.68,-44.22,-83.11
133,90,10,-28.98,-68.05
133,90,10.32,-39.932,-79.56
133,90,10.64,-30.248,-70.26
133,90,10.96,-35.066,-75.05
133,90,11.28,-25.096,-65.54
133,90,11.6,-29.09,-69.96
133,90,11.92,-30.704,-71.83
133,90,12.24,-30.154,-72.41
133,90,12.56,-25.16,-69.23
133,90,12.88,-27.086,-72.29
133,90,13.2,-34.5,-81.28
133,90,13.52,-28.432,-74.44
133,90,13.84,-25.878,-73.36
133,90,14.16,-24.386,-72.61
133,90,14.48,-17.364,-69.19
133,90,14.8,-36.18,-84.19
133,90,15.12,-24.22,-70.65
133,90,15.44,-30.756,-77.07
133,90,15.76,-31.128,-78.32
133,90,16.08,-28.642,-76.1
133,90,16.4,-29.03,-78.84
133,90,16.72,-25.168,-74.65
133,90,17.04,-22.126,-73.38
133,90,17.36,-20.936,-73.58
133,90,17.68,-33.012,-86.09
133,90,18,-19.47,-72.28
134,90,2,-19.26,-41.05
134,90,2.32,-28.206,-53.86
134,90,2.64,-20.638,-49.35
134,90,2.96,-8.098,-36.41
134,90,3.28,-13.962,-43.98
134,90,3.6,-13.87,-41.32
134,90,3.92,-22.172,-49.72
134,90,4.24,-17.956,-46.98
134,90,4.56,-20.016,-49.83
134,90,4.88,-15.31,-45.44
134,90,5.2,-16.53,-47.95
134,90,5.52,-26.468,-56.75
134,90,5.84,-17.622,-49.07
134,90,6.16,-21.62,-53.66
134,90,6.48,-23.316,-57.4
134,90,6.8,-19.36,-52.86
134,90,7.12,-23.676,-58.27
134,90,7.44,-28.876,-63.21
134,90,7.76,-26.698,-61.92
134,90,8.08,-29.066,-63.87
134,90,8.4,-33.27,-68.65
134,90,8.72,-24.848,-62.15
134,90,9.04,-39.774,-77.56
134,90,9.36,-20.854,-58.92
134,90,9.68,-35.64,-74.53
134,90,10,-25.51,-64.58
134,90,10.32,-28.752,-68.38
134,90,10.64,-29.048,-69.06
134,90,10.96,-38.856,-78.84
134,90,11.28,-25.936,-66.38
134,90,11.6,-32.62,-73.49
134,90,11.92,-32.454,-73.58
134,90,12.24,-21.924,-64.18
134,90,12.56,-27.68,-71.75
134,90,12.88,-21.526,-66.73
134,90,13.2,-25.58,-72.36
134,90,13.52,-46.642,-92.65
134,90,13.84,-32.418,-79.9
134,90,14.16,-24.506,-72.73
134,90,14.48,-24.934,-76.76
134,90,14.8,-30.51,-78.52
134,90,15.12,-28.16,-74.59
134,90,15.44,-33.406,-79.72
134,90,15.76,-27.738,-74.93
134,90,16.08,-31.202,-78.66
134,90,16.4,-23.71,-73.52
134,90,16.72,-28.308,-77.79
134,90,17.04,-27.306,-78.56
134,90,17.36,-26.566,-79.21
134,90,17.68,-32.182,-85.26
134,90,18,-17.37,-70.18
135,90,2,-19.45,-41.24
135,90,2.32,-26.206,-51.86
135,90,2.64,-22.308,-51.02
135,90,2.96,-7.198,-35.51
135,90,3.28,-15.162,-45.18
135,90,3.6,-13.98,-41.43
135,90,3.92,-22.452,-50
135,90,4.24,-18.896,-47.92
135,90,4.56,-16.826,-46.64
135,90,4.88,-14.99,-45.12
135,90,5.2,-15.54,-46.96
135,90,5.52,-35.258,-65.54
135,90,5.84,-17.212,-48.66
135,90,6.16,-22.05,-54.09
135,90,6.48,-23.296,-57.38
135,90,6.8,-20.09,-53.59
135,90,7.12,-23.486,-58.08
135,90,7.44,-27.796,-62.13
135,90,7.76,-25.728,-60.95
135,90,8.08,-29.296,-64.1
135,90,8.4,-27.28,-62.66
135,90,8.72,-22.388,-59.69
135,90,9.04,-33.364,-71.15
135,90,9.36,-27.404,-65.47
135,90,9.68,-35.39,-74.28
135,90,10,-24.57,-63.64
135,90,10.32,-27.342,-66.97
135,90,10.64,-30.928,-70.94
135,90,10.96,-30.396,-70.38
135,90,11.28,-32.876,-73.32
135,90,11.6,-30.76,-71.63
135,90,11.92,-28.624,-69.75
135,90,12.24,-25.874,-68.13
135,90,12.56,-25.54,-69.61
135,90,12.88,-32.776,-77.98
135,90,13.2,-38.03,-84.81
135,90,13.52,-27.622,-73.63
135,90,13.84,-25.728,-73.21
135,90,14.16,-24.906,-73.13
135,90,14.48,-28.944,-80.77
135,90,14.8,-29.56,-77.57
135,90,15.12,-33.54,-79.97
135,90,15.44,-28.886,-75.2
135,90,15.76,-35.768,-82.96
135,90,16.08,-34.552,-82.01
135,90,16.4,-28.61,-78.42
135,90,16.72,-30.028,-79.51
135,90,17.04,-32.006,-83.26
135,90,17.36,-31.106,-83.75
135,90,17.68,-26.962,-80.04
135,90,18,-25.51,-78.32
136,90,2,-19.96,-41.75
136,90,2.32,-25.326,-50.98
136,90,2.64,-24.168,-52.88
136,90,2.96,-6.398,-34.71
136,90,3.28,-16.982,-47
136,90,3.6,-14.31,-41.76
136,90,3.92,-22.192,-49.74
136,90,4.24,-19.886,-48.91
136,90,4.56,-14.206,-44.02
136,90,4.88,-15.73,-45.86
136,90,5.2,-15.1,-46.52
136,90,5.52,-33.368,-63.65
136,90,5.84,-17.072,-48.52
136,90,6.16,-22.21,-54.25
136,90,6.48,-23.596,-57.68
136,90,6.8,-21.06,-54.56
136,90,7.12,-26.566,-61.16
136,90,7.44,-25.976,-60.31
136,90,7.76,-24.338,-59.56
136,90,8.08,-26.406,-61.21
136,90,8.4,-27.18,-62.56
136,90,8.72,-21.128,-58.43
136,90,9.04,-25.324,-63.11
136,90,9.36,-23.784,-61.85
136,90,9.68,-26.91,-65.8
136,90,10,-26.71,-65.78
136,90,10.32,-23.872,-63.5
136,90,10.64,-28.618,-68.63
136,90,10.96,-27.856,-67.84
136,90,11.28,-30.676,-71.12
136,90,11.6,-24.26,-65.13
136,90,11.92,-26.934,-68.06
136,90,12.24,-34.784,-77.04
136,90,12.56,-32.46,-76.53
136,90,12.88,-24.276,-69.48
136,90,13.2,-34.02,-80.8
136,90,13.52,-31.172,-77.18
136,90,13.84,-30.308,-77.79
136,90,14.16,-22.346,-70.57
136,90,14.48,-24.144,-75.97
136,90,14.8,-26.49,-74.5
136,90,15.12,-30.91,-77.34
136,90,15.44,-39.246,-85.56
136,90,15.76,-21.858,-69.05
136,90,16.08,-35.482,-82.94
136,90,16.4,-29.83,-79.64
136,90,16.72,-24.698,-74.18
136,90,17.04,-28.616,-79.87
136,90,17.36,-21.916,-74.56
136,90,17.68,-23.522,-76.6
136,90,18,-32.33,-85.14
137,90,2,-20.89,-42.68
137,90,2.32,-25.906,-51.56
137,90,2.64,-29.028,-57.74
137,90,2.96,-5.808,-34.12
137,90,3.28,-18.752,-48.77
137,90,3.6,-15.72,-43.17
137,90,3.92,-21.912,-49.46
137,90,4.24,-20.506,-49.53
137,90,4.56,-11.966,-41.78
137,90,4.88,-15.99,-46.12
137,90,5.2,-15.49,-46.91
137,90,5.52,-25.788,-56.07
137,90,5.84,-18.352,-49.8
137,90,6.16,-21.34,-53.38
137,90,6.48,-25.756,-59.84
137,90,6.8,-21.36,-54.86
137,90,7.12,-28.986,-63.58
137,90,7.44,-26.336,-60.67
137,90,7.76,-24.268,-59.49
137,90,8.08,-27.856,-62.66
137,90,8.4,-24.56,-59.94
137,90,8.72,-19.168,-56.47
137,90,9.04,-27.594,-65.38
137,90,9.36,-21.194,-59.26
137,90,9.68,-26.04,-64.93
137,90,10,-29.41,-68.48
137,90,10.32,-30.882,-70.51
137,90,10.64,-31.538,-71.55
137,90,10.96,-25.296,-65.28
137,90,11.28,-35.006,-75.45
137,90,11.6,-27.13,-68
137,90,11.92,-27.044,-68.17
137,90,12.24,-26.394,-68.65
137,90,12.56,-30.09,-74.16
137,90,12.88,-27.706,-72.91
137,90,13.2,-27.92,-74.7
137,90,13.52,-39.262,-85.27
137,90,13.84,-30.148,-77.63
137,90,14.16,-25.746,-73.97
137,90,14.48,-26.824,-78.65
137,90,14.8,-34.9,-82.91
137,90,15.12,-38.52,-84.95
137,90,15.44,-29.876,-76.19
137,90,15.76,-29.858,-77.05
137,90,16.08,-27.292,-74.75
137,90,16.4,-22.44,-72.25
137,90,16.72,-21.568,-71.05
137,90,17.04,-22.566,-73.82
137,90,17.36,-25.476,-78.12
137,90,17.68,-28.302,-81.38
137,90,18,-18.03,-70.84
138,90,2,-21.96,-43.75
138,90,2.32,-25.046,-50.7
138,90,2.64,-43.318,-72.03
138,90,2.96,-5.45800000000001,-33.77
138,90,3.28,-19.492,-49.51
138,90,3.6,-17.53,-44.98
138,90,3.92,-22.302,-49.85
138,90,4.24,-20.066,-49.09
138,90,4.56,-10.956,-40.77
138,90,4.88,-15.52,-45.65
138,90,5.2,-17.39,-48.81
138,90,5.52,-22.248,-52.53
138,90,5.84,-19.382,-50.83
138,90,6.16,-19.58,-51.62
138,90,6.48,-24.646,-58.73
138,90,6.8,-20.59,-54.09
138,90,7.12,-30.186,-64.78
138,90,7.44,-26.156,-60.49
138,90,7.76,-22.908,-58.13
138,90,8.08,-30.676,-65.48
138,90,8.4,-34.4,-69.78
138,90,8.72,-22.028,-59.33
138,90,9.04,-26.944,-64.73
138,90,9.36,-24.114,-62.18
138,90,9.68,-28.5,-67.39
138,90,10,-34.7,-73.77
138,90,10.32,-33.452,-73.08
138,90,10.64,-25.628,-65.64
138,90,10.96,-24.706,-64.69
138,90,11.28,-26.796,-67.24
138,90,11.6,-26.75,-67.62
138,90,11.92,-33.914,-75.04
138,90,12.24,-29.834,-72.09
138,90,12.56,-29.44,-73.51
138,90,12.88,-24.056,-69.26
138,90,13.2,-31.79,-78.57
138,90,13.52,-24.822,-70.83
138,90,13.84,-23.658,-71.14
138,90,14.16,-22.126,-70.35
138,90,14.48,-24.454,-76.28
138,90,14.8,-25.18,-73.19
138,90,15.12,-31.11,-77.54
138,90,15.44,-29.256,-75.57
138,90,15.76,-45.528,-92.72
138,90,16.08,-26.642,-74.1
138,90,16.4,-34.31,-84.12
138,90,16.72,-46.418,-95.9
138,90,17.04,-31.146,-82.4
138,90,17.36,-24.516,-77.16
138,90,17.68,-21.582,-74.66
138,90,18,-29.35,-82.16
139,90,2,-23.37,-45.16
139,90,2.32,-24.876,-50.53
139,90,2.64,-32.388,-61.1
139,90,2.96,-5.618,-33.93
139,90,3.28,-18.942,-48.96
139,90,3.6,-19.94,-47.39
139,90,3.92,-20.962,-48.51
139,90,4.24,-20.106,-49.13
139,90,4.56,-10.726,-40.54
139,90,4.88,-14.66,-44.79
139,90,5.2,-20.58,-52
139,90,5.52,-19.078,-49.36
139,90,5.84,-21.852,-53.3
139,90,6.16,-19.06,-51.1
139,90,6.48,-24.826,-58.91
139,90,6.8,-20.68,-54.18
139,90,7.12,-25.766,-60.36
139,90,7.44,-23.866,-58.2
139,90,7.76,-24.248,-59.47
139,90,8.08,-27.456,-62.26
139,90,8.4,-28.57,-63.95
139,90,8.72,-20.998,-58.3
139,90,9.04,-29.274,-67.06
139,90,9.36,-26.034,-64.1
139,90,9.68,-33.06,-71.95
139,90,10,-35.21,-74.28
139,90,10.32,-37.542,-77.17
139,90,10.64,-22.838,-62.85
139,90,10.96,-25.396,-65.38
139,90,11.28,-27.616,-68.06
139,90,11.6,-32.6,-73.47
139,90,11.92,-32.084,-73.21
139,90,12.24,-46.314,-88.57
139,90,12.56,-26.26,-70.33
139,90,12.88,-27.026,-72.23
139,90,13.2,-28,-74.78
139,90,13.52,-26.752,-72.76
139,90,13.84,-30.018,-77.5
139,90,14.16,-29.716,-77.94
139,90,14.48,-23.224,-75.05
139,90,14.8,-27.69,-75.7
139,90,15.12,-27.49,-73.92
139,90,15.44,-25.046,-71.36
139,90,15.76,-32.148,-79.34
139,90,16.08,-25.692,-73.15
139,90,16.4,-22.34,-72.15
139,90,16.72,-24.458,-73.94
139,90,17.04,-23.256,-74.51
139,90,17.36,-24.356,-77
139,90,17.68,-23.292,-76.37
139,90,18,-20.18,-72.99
140,90,2,-25.44,-47.23
140,90,2.32,-25.346,-51
140,90,2.64,-24.928,-53.64
140,90,2.96,-5.858,-34.17
140,90,3.28,-18.232,-48.25
140,90,3.6,-23.69,-51.14
140,90,3.92,-19.682,-47.23
140,90,4.24,-19.846,-48.87
140,90,4.56,-11.606,-41.42
140,90,4.88,-13.66,-43.79
140,90,5.2,-23.85,-55.27
140,90,5.52,-16.848,-47.13
140,90,5.84,-21.112,-52.56
140,90,6.16,-19.26,-51.3
140,90,6.48,-21.176,-55.26
140,90,6.8,-20.56,-54.06
140,90,7.12,-26.276,-60.87
140,90,7.44,-23.306,-57.64
140,90,7.76,-27.378,-62.6
140,90,8.08,-26.516,-61.32
140,90,8.4,-24.14,-59.52
140,90,8.72,-19.898,-57.2
140,90,9.04,-24.614,-62.4
140,90,9.36,-25.294,-63.36
140,90,9.68,-26.97,-65.86
140,90,10,-25.86,-64.93
140,90,10.32,-32.762,-72.39
140,90,10.64,-30.678,-70.69
140,90,10.96,-27.456,-67.44
140,90,11.28,-24.976,-65.42
140,90,11.6,-29.59,-70.46
140,90,11.92,-34.314,-75.44
140,90,12.24,-25.894,-68.15
140,90,12.56,-24.52,-68.59
140,90,12.88,-38.126,-83.33
140,90,13.2,-32.89,-79.67
140,90,13.52,-38.382,-84.39
140,90,13.84,-26.158,-73.64
140,90,14.16,-34.076,-82.3
140,90,14.48,-25.904,-77.73
140,90,14.8,-20.6,-68.61
140,90,15.12,-35.95,-82.38
140,90,15.44,-29.476,-75.79
140,90,15.76,-26.368,-73.56
140,90,16.08,-36.912,-84.37
140,90,16.4,-29.06,-78.87
140,90,16.72,-29.558,-79.04
140,90,17.04,-25.566,-76.82
140,90,17.36,-25.666,-78.31
140,90,17.68,-22.662,-75.74
140,90,18,-25.68,-78.49
141,90,2,-27.16,-48.95
141,90,2.32,-24.106,-49.76
141,90,2.64,-21.078,-49.79
141,90,2.96,-6.628,-34.94
141,90,3.28,-17.312,-47.33
141,90,3.6,-28.18,-55.63
141,90,3.92,-18.042,-45.59
141,90,4.24,-19.736,-48.76
141,90,4.56,-13.296,-43.11
141,90,4.88,-13.54,-43.67
141,90,5.2,-25.62,-57.04
141,90,5.52,-16.088,-46.37
141,90,5.84,-19.632,-51.08
141,90,6.16,-20.19,-52.23
141,90,6.48,-19.746,-53.83
141,90,6.8,-23.15,-56.65
141,90,7.12,-25.566,-60.16
141,90,7.44,-25.146,-59.48
141,90,7.76,-26.048,-61.27
141,90,8.08,-30.506,-65.31
141,90,8.4,-24.86,-60.24
141,90,8.72,-17.218,-54.52
141,90,9.04,-27.404,-65.19
141,90,9.36,-31.494,-69.56
141,90,9.68,-29.74,-68.63
141,90,10,-22.76,-61.83
141,90,10.32,-34.572,-74.2
141,90,10.64,-36.108,-76.12
141,90,10.96,-29.656,-69.64
141,90,11.28,-26.176,-66.62
141,90,11.6,-31.96,-72.83
141,90,11.92,-38.784,-79.91
141,90,12.24,-30.984,-73.24
141,90,12.56,-24.33,-68.4
141,90,12.88,-38.666,-83.87
141,90,13.2,-29.04,-75.82
141,90,13.52,-32.682,-78.69
141,90,13.84,-24.798,-72.28
141,90,14.16,-29.906,-78.13
141,90,14.48,-23.064,-74.89
141,90,14.8,-27.37,-75.38
141,90,15.12,-26.13,-72.56
141,90,15.44,-25.576,-71.89
141,90,15.76,-27.158,-74.35
141,90,16.08,-26.442,-73.9
141,90,16.4,-49.56,-99.37
141,90,16.72,-24.418,-73.9
141,90,17.04,-23.946,-75.2
141,90,17.36,-26.806,-79.45
141,90,17.68,-25.102,-78.18
141,90,18,-48.05,-100.86
142,90,2,-29.36,-51.15
142,90,2.32,-23.576,-49.23
142,90,2.64,-19.278,-47.99
142,90,2.96,-7.698,-36.01
142,90,3.28,-16.222,-46.24
142,90,3.6,-27.71,-55.16
142,90,3.92,-17.162,-44.71
142,90,4.24,-18.226,-47.25
142,90,4.56,-15.326,-45.14
142,90,4.88,-14.24,-44.37
142,90,5.2,-24.58,-56
142,90,5.52,-15.638,-45.92
142,90,5.84,-19.082,-50.53
142,90,6.16,-23.11,-55.15
142,90,6.48,-17.906,-51.99
142,90,6.8,-22.96,-56.46
142,90,7.12,-27.366,-61.96
142,90,7.44,-37.046,-71.38
142,90,7.76,-23.798,-59.02
142,90,8.08,-29.876,-64.68
142,90,8.4,-31.94,-67.32
142,90,8.72,-17.498,-54.8
142,90,9.04,-29.124,-66.91
142,90,9.36,-29.234,-67.3
142,90,9.68,-32.86,-71.75
142,90,10,-20.61,-59.68
142,90,10.32,-27.382,-67.01
142,90,10.64,-30.488,-70.5
142,90,10.96,-27.066,-67.05
142,90,11.28,-25.666,-66.11
142,90,11.6,-34.83,-75.7
142,90,11.92,-30.884,-72.01
142,90,12.24,-31.894,-74.15
142,90,12.56,-37.21,-81.28
142,90,12.88,-22.266,-67.47
142,90,13.2,-34.61,-81.39
142,90,13.52,-24.772,-70.78
142,90,13.84,-28.788,-76.27
142,90,14.16,-25.396,-73.62
142,90,14.48,-25.254,-77.08
142,90,14.8,-29.47,-77.48
142,90,15.12,-28.66,-75.09
142,90,15.44,-37.216,-83.53
142,90,15.76,-23.998,-71.19
142,90,16.08,-23.332,-70.79
142,90,16.4,-25.49,-75.3
142,90,16.72,-21.788,-71.27
142,90,17.04,-20.126,-71.38
142,90,17.36,-31.686,-84.33
142,90,17.68,-19.312,-72.39
142,90,18,-20.69,-73.5
143,90,2,-30.3,-52.09
143,90,2.32,-22.826,-48.48
143,90,2.64,-18.288,-47
143,90,2.96,-9.20800000000001,-37.52
143,90,3.28,-15.212,-45.23
143,90,3.6,-25.97,-53.42
143,90,3.92,-16.762,-44.31
143,90,4.24,-17.526,-46.55
143,90,4.56,-18.436,-48.25
143,90,4.88,-15.42,-45.55
143,90,5.2,-20.5,-51.92
143,90,5.52,-16.648,-46.93
143,90,5.84,-18.562,-50.01
143,90,6.16,-24.24,-56.28
143,90,6.48,-17.856,-51.94
143,90,6.8,-24.21,-57.71
143,90,7.12,-25.466,-60.06
143,90,7.44,-35.096,-69.43
143,90,7.76,-21.708,-56.93
143,90,8.08,-26.706,-61.51
143,90,8.4,-27.74,-63.12
143,90,8.72,-20.678,-57.98
143,90,9.04,-26.004,-63.79
143,90,9.36,-28.974,-67.04
143,90,9.68,-31.31,-70.2
143,90,10,-21.52,-60.59
143,90,10.32,-29.152,-68.78
143,90,10.64,-30.648,-70.66
143,90,10.96,-26.786,-66.77
143,90,11.28,-27.356,-67.8
143,90,11.6,-37.21,-78.08
143,90,11.92,-33.284,-74.41
143,90,12.24,-28.254,-70.51
143,90,12.56,-34.8,-78.87
143,90,12.88,-38.136,-83.34
143,90,13.2,-23.76,-70.54
143,90,13.52,-33.562,-79.57
143,90,13.84,-24.318,-71.8
143,90,14.16,-27.706,-75.93
143,90,14.48,-20.384,-72.21
143,90,14.8,-29.63,-77.64
143,90,15.12,-32.97,-79.4
143,90,15.44,-30.286,-76.6
143,90,15.76,-22.188,-69.38
143,90,16.08,-44.392,-91.85
143,90,16.4,-25.24,-75.05
143,90,16.72,-28.818,-78.3
143,90,17.04,-23.336,-74.59
143,90,17.36,-23.326,-75.97
143,90,17.68,-21.482,-74.56
143,90,18,-25.9,-78.71
144,90,2,-29.89,-51.68
144,90,2.32,-21.116,-46.77
144,90,2.64,-17.248,-45.96
144,90,2.96,-11.188,-39.5
144,90,3.28,-14.232,-44.25
144,90,3.6,-24.02,-51.47
144,90,3.92,-16.742,-44.29
144,90,4.24,-16.816,-45.84
144,90,4.56,-19.306,-49.12
144,90,4.88,-16.75,-46.88
144,90,5.2,-17.77,-49.19
144,90,5.52,-18.048,-48.33
144,90,5.84,-18.682,-50.13
144,90,6.16,-22.45,-54.49
144,90,6.48,-18.386,-52.47
144,90,6.8,-22.13,-55.63
144,90,7.12,-23.216,-57.81
144,90,7.44,-25.586,-59.92
144,90,7.76,-21.758,-56.98
144,90,8.08,-29.106,-63.91
144,90,8.4,-24.27,-59.65
144,90,8.72,-30.388,-67.69
144,90,9.04,-25.994,-63.78
144,90,9.36,-25.724,-63.79
144,90,9.68,-27.69,-66.58
144,90,10,-22.44,-61.51
144,90,10.32,-26.692,-66.32
144,90,10.64,-34.148,-74.16
144,90,10.96,-25.116,-65.1
144,90,11.28,-30.176,-70.62
144,90,11.6,-33.68,-74.55
144,90,11.92,-29.204,-70.33
144,90,12.24,-30.564,-72.82
144,90,12.56,-43.05,-87.12
144,90,12.88,-37.256,-82.46
144,90,13.2,-24.32,-71.1
144,90,13.52,-35.652,-81.66
144,90,13.84,-28.158,-75.64
144,90,14.16,-28.326,-76.55
144,90,14.48,-40.494,-92.32
144,90,14.8,-25.56,-73.57
144,90,15.12,-29.24,-75.67
144,90,15.44,-31.696,-78.01
144,90,15.76,-28.458,-75.65
144,90,16.08,-31.332,-78.79
144,90,16.4,-21.99,-71.8
144,90,16.72,-20.758,-70.24
144,90,17.04,-27.976,-79.23
144,90,17.36,-21.326,-73.97
144,90,17.68,-39.842,-92.92
144,90,18,-27.09,-79.9
145,90,2,-27.93,-49.72
145,90,2.32,-20.006,-45.66
145,90,2.64,-17.048,-45.76
145,90,2.96,-13.378,-41.69
145,90,3.28,-12.762,-42.78
145,90,3.6,-21.82,-49.27
145,90,3.92,-16.972,-44.52
145,90,4.24,-17.146,-46.17
145,90,4.56,-18.616,-48.43
145,90,4.88,-17.99,-48.12
145,90,5.2,-15.22,-46.64
145,90,5.52,-19.078,-49.36
145,90,5.84,-19.892,-51.34
145,90,6.16,-18.98,-51.02
145,90,6.48,-20.436,-54.52
145,90,6.8,-19.7,-53.2
145,90,7.12,-23.046,-57.64
145,90,7.44,-23.706,-58.04
145,90,7.76,-18.258,-53.48
145,90,8.08,-29.286,-64.09
145,90,8.4,-22.31,-57.69
145,90,8.72,-28.928,-66.23
145,90,9.04,-26.924,-64.71
145,90,9.36,-26.054,-64.12
145,90,9.68,-24.08,-62.97
145,90,10,-27.28,-66.35
145,90,10.32,-23.352,-62.98
145,90,10.64,-34.578,-74.59
145,90,10.96,-24.766,-64.75
145,90,11.28,-25.496,-65.94
145,90,11.6,-32.78,-73.65
145,90,11.92,-32.324,-73.45
145,90,12.24,-27.844,-70.1
145,90,12.56,-28.8,-72.87
145,90,12.88,-38.146,-83.35
145,90,13.2,-30.82,-77.6
145,90,13.52,-28.452,-74.46
145,90,13.84,-37.718,-85.2
145,90,14.16,-35.106,-83.33
145,90,14.48,-24.194,-76.02
145,90,14.8,-37.06,-85.07
145,90,15.12,-26.54,-72.97
145,90,15.44,-23.106,-69.42
145,90,15.76,-30.178,-77.37
145,90,16.08,-40.372,-87.83
145,90,16.4,-31.21,-81.02
145,90,16.72,-26.818,-76.3
145,90,17.04,-33.876,-85.13
145,90,17.36,-25.096,-77.74
145,90,17.68,-31.742,-84.82
145,90,18,-23.4,-76.21
146,90,2,-25.84,-47.63
146,90,2.32,-18.836,-44.49
146,90,2.64,-17.468,-46.18
146,90,2.96,-15.598,-43.91
146,90,3.28,-11.672,-41.69
146,90,3.6,-19.58,-47.03
146,90,3.92,-16.422,-43.97
146,90,4.24,-18.236,-47.26
146,90,4.56,-16.876,-46.69
146,90,4.88,-19.46,-49.59
146,90,5.2,-15.03,-46.45
146,90,5.52,-18.408,-48.69
146,90,5.84,-21.162,-52.61
146,90,6.16,-17.89,-49.93
146,90,6.48,-22.816,-56.9
146,90,6.8,-18.82,-52.32
146,90,7.12,-22.626,-57.22
146,90,7.44,-21.806,-56.14
146,90,7.76,-18.388,-53.61
146,90,8.08,-24.136,-58.94
146,90,8.4,-24.54,-59.92
146,90,8.72,-25.688,-62.99
146,90,9.04,-31.504,-69.29
146,90,9.36,-27.254,-65.32
146,90,9.68,-23.52,-62.41
146,90,10,-34,-73.07
146,90,10.32,-22.492,-62.12
146,90,10.64,-32.258,-72.27
146,90,10.96,-23.796,-63.78
146,90,11.28,-26.126,-66.57
146,90,11.6,-29.59,-70.46
146,90,11.92,-40.184,-81.31
146,90,12.24,-26.534,-68.79
146,90,12.56,-29.88,-73.95
146,90,12.88,-41.096,-86.3
146,90,13.2,-29.12,-75.9
146,90,13.52,-30.932,-76.94
146,90,13.84,-36.688,-84.17
146,90,14.16,-25.776,-74
146,90,14.48,-21.794,-73.62
146,90,14.8,-22.17,-70.18
146,90,15.12,-26.49,-72.92
146,90,15.44,-26.976,-73.29
146,90,15.76,-23.448,-70.64
146,90,16.08,-23.472,-70.93
146,90,16.4,-25.76,-75.57
146,90,16.72,-25.528,-75.01
146,90,17.04,-22.506,-73.76
146,90,17.36,-19.486,-72.13
146,90,17.68,-26.112,-79.19
146,90,18,-20.6,-73.41
147,90,2,-24.19,-45.98
147,90,2.32,-17.696,-43.35
147,90,2.64,-18.368,-47.08
147,90,2.96,-16.618,-44.93
147,90,3.28,-10.842,-40.86
147,90,3.6,-19.13,-46.58
147,90,3.92,-15.852,-43.4
147,90,4.24,-19.946,-48.97
147,90,4.56,-15.526,-45.34
147,90,4.88,-19.54,-49.67
147,90,5.2,-15.81,-47.23
147,90,5.52,-17.388,-47.67
147,90,5.84,-22.492,-53.94
147,90,6.16,-16.12,-48.16
147,90,6.48,-23.926,-58.01
147,90,6.8,-18.01,-51.51
147,90,7.12,-22.766,-57.36
147,90,7.44,-21.776,-56.11
147,90,7.76,-18.728,-53.95
147,90,8.08,-26.326,-61.13
147,90,8.4,-25.56,-60.94
147,90,8.72,-24.348,-61.65
147,90,9.04,-28.704,-66.49
147,90,9.36,-37.024,-75.09
147,90,9.68,-24.46,-63.35
147,90,10,-31.87,-70.94
147,90,10.32,-24.182,-63.81
147,90,10.64,-27.988,-68
147,90,10.96,-25.186,-65.17
147,90,11.28,-26.616,-67.06
147,90,11.6,-25.43,-66.3
147,90,11.92,-28.164,-69.29
147,90,12.24,-29.214,-71.47
147,90,12.56,-24.64,-68.71
147,90,12.88,-25.326,-70.53
147,90,13.2,-26.38,-73.16
147,90,13.52,-32.442,-78.45
147,90,13.84,-25.238,-72.72
147,90,14.16,-24.146,-72.37
147,90,14.48,-26.114,-77.94
147,90,14.8,-29.82,-77.83
147,90,15.12,-28.24,-74.67
147,90,15.44,-26.656,-72.97
147,90,15.76,-22.228,-69.42
147,90,16.08,-23.552,-71.01
147,90,16.4,-27.88,-77.69
147,90,16.72,-27.278,-76.76
147,90,17.04,-23.876,-75.13
147,90,17.36,-20.256,-72.9
147,90,17.68,-27.562,-80.64
147,90,18,-24.38,-77.19
148,90,2,-22.04,-43.83
148,90,2.32,-16.886,-42.54
148,90,2.64,-19.348,-48.06
148,90,2.96,-15.068,-43.38
148,90,3.28,-10.032,-40.05
148,90,3.6,-17.99,-45.44
148,90,3.92,-15.312,-42.86
148,90,4.24,-21.286,-50.31
148,90,4.56,-14.196,-44.01
148,90,4.88,-18.37,-48.5
148,90,5.2,-16.96,-48.38
148,90,5.52,-16.688,-46.97
148,90,5.84,-22.222,-53.67
148,90,6.16,-16.07,-48.11
148,90,6.48,-23.456,-57.54
148,90,6.8,-18.22,-51.72
148,90,7.12,-26.126,-60.72
148,90,7.44,-22.466,-56.8
148,90,7.76,-21.358,-56.58
148,90,8.08,-27.226,-62.03
148,90,8.4,-23.84,-59.22
148,90,8.72,-20.598,-57.9
148,90,9.04,-29.224,-67.01
148,90,9.36,-31.254,-69.32
148,90,9.68,-23.54,-62.43
148,90,10,-27.23,-66.3
148,90,10.32,-24.222,-63.85
148,90,10.64,-26.458,-66.47
148,90,10.96,-28.516,-68.5
148,90,11.28,-26.796,-67.24
148,90,11.6,-37.75,-78.62
148,90,11.92,-25.154,-66.28
148,90,12.24,-26.524,-68.78
148,90,12.56,-21.31,-65.38
148,90,12.88,-25.876,-71.08
148,90,13.2,-25.79,-72.57
148,90,13.52,-33.082,-79.09
148,90,13.84,-28.038,-75.52
148,90,14.16,-22.656,-70.88
148,90,14.48,-25.114,-76.94
148,90,14.8,-26.35,-74.36
148,90,15.12,-30.38,-76.81
148,90,15.44,-37.656,-83.97
148,90,15.76,-34.708,-81.9
148,90,16.08,-24.802,-72.26
148,90,16.4,-21.64,-71.45
148,90,16.72,-28.428,-77.91
148,90,17.04,-23.876,-75.13
148,90,17.36,-23.416,-76.06
148,90,17.68,-22.862,-75.94
148,90,18,-23.7,-76.51
149,90,2,-20.37,-42.16
149,90,2.32,-16.006,-41.66
149,90,2.64,-20.238,-48.95
149,90,2.96,-12.948,-41.26
149,90,3.28,-9.092,-39.11
149,90,3.6,-18.12,-45.57
149,90,3.92,-15.052,-42.6
149,90,4.24,-23.086,-52.11
149,90,4.56,-13.476,-43.29
149,90,4.88,-15.95,-46.08
149,90,5.2,-18.1,-49.52
149,90,5.52,-16.858,-47.14
149,90,5.84,-21.502,-52.95
149,90,6.16,-17.49,-49.53
149,90,6.48,-20.776,-54.86
149,90,6.8,-17.91,-51.41
149,90,7.12,-27.806,-62.4
149,90,7.44,-19.886,-54.22
149,90,7.76,-26.538,-61.76
149,90,8.08,-29.476,-64.28
149,90,8.4,-23.93,-59.31
149,90,8.72,-19.218,-56.52
149,90,9.04,-28.994,-66.78
149,90,9.36,-24.464,-62.53
149,90,9.68,-29.28,-68.17
149,90,10,-30.07,-69.14
149,90,10.32,-28.432,-68.06
149,90,10.64,-29.208,-69.22
149,90,10.96,-31.146,-71.13
149,90,11.28,-23.786,-64.23
149,90,11.6,-42.53,-83.4
149,90,11.92,-30.944,-72.07
149,90,12.24,-25.894,-68.15
149,90,12.56,-21.4,-65.47
149,90,12.88,-30.136,-75.34
149,90,13.2,-24.73,-71.51
149,90,13.52,-30.512,-76.52
149,90,13.84,-25.158,-72.64
149,90,14.16,-20.856,-69.08
149,90,14.48,-20.874,-72.7
149,90,14.8,-30.91,-78.92
149,90,15.12,-32.73,-79.16
149,90,15.44,-31.966,-78.28
149,90,15.76,-29.108,-76.3
149,90,16.08,-24.612,-72.07
149,90,16.4,-22.83,-72.64
149,90,16.72,-26.118,-75.6
149,90,17.04,-26.406,-77.66
149,90,17.36,-24.636,-77.28
149,90,17.68,-30.272,-83.35
149,90,18,-18.98,-71.79
150,90,2,-19.11,-40.9
150,90,2.32,-15.756,-41.41
150,90,2.64,-22.228,-50.94
150,90,2.96,-10.918,-39.23
150,90,3.28,-8.54200000000001,-38.56
150,90,3.6,-18.01,-45.46
150,90,3.92,-14.912,-42.46
150,90,4.24,-23.096,-52.12
150,90,4.56,-13.716,-43.53
150,90,4.88,-14.34,-44.47
150,90,5.2,-16.93,-48.35
150,90,5.52,-16.218,-46.5
150,90,5.84,-21.732,-53.18
150,90,6.16,-20,-52.04
150,90,6.48,-20.306,-54.39
150,90,6.8,-19.78,-53.28
150,90,7.12,-32.296,-66.89
150,90,7.44,-18.686,-53.02
150,90,7.76,-28.538,-63.76
150,90,8.08,-28.716,-63.52
150,90,8.4,-25.64,-61.02
150,90,8.72,-20.968,-58.27
150,90,9.04,-30.394,-68.18
150,90,9.36,-22.364,-60.43
150,90,9.68,-35.77,-74.66
150,90,10,-30.23,-69.3
150,90,10.32,-23.942,-63.57
150,90,10.64,-29.918,-69.93
150,90,10.96,-30.846,-70.83
150,90,11.28,-22.726,-63.17
150,90,11.6,-32.07,-72.94
150,90,11.92,-27.354,-68.48
150,90,12.24,-22.904,-65.16
150,90,12.56,-28.6,-72.67
150,90,12.88,-27.486,-72.69
150,90,13.2,-26.82,-73.6
150,90,13.52,-26.932,-72.94
150,90,13.84,-26.018,-73.5
150,90,14.16,-23.206,-71.43
150,90,14.48,-24.834,-76.66
150,90,14.8,-34.96,-82.97
150,90,15.12,-32.58,-79.01
150,90,15.44,-29.896,-76.21
150,90,15.76,-29.488,-76.68
150,90,16.08,-29.762,-77.22
150,90,16.4,-20.09,-69.9
150,90,16.72,-31.268,-80.75
150,90,17.04,-24.716,-75.97
150,90,17.36,-24.556,-77.2
150,90,17.68,-19.842,-72.92
150,90,18,-32.67,-85.48
151,90,2,-17.86,-39.65
151,90,2.32,-14.936,-40.59
151,90,2.64,-23.248,-51.96
151,90,2.96,-8.838,-37.15
151,90,3.28,-8.102,-38.12
151,90,3.6,-18.63,-46.08
151,90,3.92,-15.202,-42.75
151,90,4.24,-20.916,-49.94
151,90,4.56,-14.726,-44.54
151,90,4.88,-13.3,-43.43
151,90,5.2,-15.08,-46.5
151,90,5.52,-16.148,-46.43
151,90,5.84,-22.482,-53.93
151,90,6.16,-22.55,-54.59
151,90,6.48,-18.966,-53.05
151,90,6.8,-22.26,-55.76
151,90,7.12,-31.836,-66.43
151,90,7.44,-18.166,-52.5
151,90,7.76,-23.038,-58.26
151,90,8.08,-21.716,-56.52
151,90,8.4,-32.5,-67.88
151,90,8.72,-20.738,-58.04
151,90,9.04,-28.394,-66.18
151,90,9.36,-22.004,-60.07
151,90,9.68,-27.09,-65.98
151,90,10,-25.4,-64.47
151,90,10.32,-42.102,-81.73
151,90,10.64,-30.018,-70.03
151,90,10.96,-32.546,-72.53
151,90,11.28,-31.626,-72.07
151,90,11.6,-33.27,-74.14
151,90,11.92,-28.664,-69.79
151,90,12.24,-35.244,-77.5
151,90,12.56,-29.66,-73.73
151,90,12.88,-25.946,-71.15
151,90,13.2,-25.61,-72.39
151,90,13.52,-56.402,-102.41
151,90,13.84,-25.108,-72.59
151,90,14.16,-19.966,-68.19
151,90,14.48,-24.394,-76.22
151,90,14.8,-37.27,-85.28
151,90,15.12,-28.33,-74.76
151,90,15.44,-25.206,-71.52
151,90,15.76,-25.228,-72.42
151,90,16.08,-23.012,-70.47
151,90,16.4,-25.74,-75.55
151,90,16.72,-28.558,-78.04
151,90,17.04,-24.966,-76.22
151,90,17.36,-34.166,-86.81
151,90,17.68,-26.832,-79.91
151,90,18,-17.22,-70.03
152,90,2,-16.64,-38.43
152,90,2.32,-14.606,-40.26
152,90,2.64,-23.718,-52.43
152,90,2.96,-7.20800000000001,-35.52
152,90,3.28,-8.162,-38.18
152,90,3.6,-19,-46.45
152,90,3.92,-15.952,-43.5
152,90,4.24,-19.006,-48.03
152,90,4.56,-15.126,-44.94
152,90,4.88,-12.78,-42.91
152,90,5.2,-13.9,-45.32
152,90,5.52,-15.428,-45.71
152,90,5.84,-22.842,-54.29
152,90,6.16,-22.04,-54.08
152,90,6.48,-19.176,-53.26
152,90,6.8,-23.4,-56.9
152,90,7.12,-26.946,-61.54
152,90,7.44,-21.316,-55.65
152,90,7.76,-22.648,-57.87
152,90,8.08,-19.066,-53.87
152,90,8.4,-23.72,-59.1
152,90,8.72,-23.608,-60.91
152,90,9.04,-29.134,-66.92
152,90,9.36,-22.704,-60.77
152,90,9.68,-22.56,-61.45
152,90,10,-26.25,-65.32
152,90,10.32,-31.292,-70.92
152,90,10.64,-34.548,-74.56
152,90,10.96,-29.186,-69.17
152,90,11.28,-32.016,-72.46
152,90,11.6,-32.74,-73.61
152,90,11.92,-28.674,-69.8
152,90,12.24,-33.934,-76.19
152,90,12.56,-31.81,-75.88
152,90,12.88,-28.006,-73.21
152,90,13.2,-31.71,-78.49
152,90,13.52,-31.762,-77.77
152,90,13.84,-26.768,-74.25
152,90,14.16,-25.586,-73.81
152,90,14.48,-20.334,-72.16
152,90,14.8,-32.37,-80.38
152,90,15.12,-25.24,-71.67
152,90,15.44,-24.786,-71.1
152,90,15.76,-25.088,-72.28
152,90,16.08,-26.022,-73.48
152,90,16.4,-24.76,-74.57
152,90,16.72,-28.438,-77.92
152,90,17.04,-32.306,-83.56
152,90,17.36,-32.426,-85.07
152,90,17.68,-31.822,-84.9
152,90,18,-28.19,-81
153,90,2,-15.71,-37.5
153,90,2.32,-14.536,-40.19
153,90,2.64,-24.308,-53.02
153,90,2.96,-5.88800000000001,-34.2
153,90,3.28,-8.102,-38.12
153,90,3.6,-18.84,-46.29
153,90,3.92,-16.932,-44.48
153,90,4.24,-17.066,-46.09
153,90,4.56,-15.616,-45.43
153,90,4.88,-12.54,-42.67
153,90,5.2,-12.45,-43.87
153,90,5.52,-14.178,-44.46
153,90,5.84,-22.532,-53.98
153,90,6.16,-20.32,-52.36
153,90,6.48,-18.446,-52.53
153,90,6.8,-28.14,-61.64
153,90,7.12,-23.406,-58
153,90,7.44,-25.356,-59.69
153,90,7.76,-25.398,-60.62
153,90,8.08,-20.336,-55.14
153,90,8.4,-21.8,-57.18
153,90,8.72,-30.838,-68.14
153,90,9.04,-29.684,-67.47
153,90,9.36,-24.864,-62.93
153,90,9.68,-21.63,-60.52
153,90,10,-24.18,-63.25
153,90,10.32,-23.472,-63.1
153,90,10.64,-35.728,-75.74
153,90,10.96,-36.756,-76.74
153,90,11.28,-28.676,-69.12
153,90,11.6,-38.75,-79.62
153,90,11.92,-30.804,-71.93
153,90,12.24,-28.314,-70.57
153,90,12.56,-27.06,-71.13
153,90,12.88,-33.226,-78.43
153,90,13.2,-28.62,-75.4
153,90,13.52,-33.122,-79.13
153,90,13.84,-33.258,-80.74
153,90,14.16,-23.416,-71.64
153,90,14.48,-24.804,-76.63
153,90,14.8,-26.05,-74.06
153,90,15.12,-33.11,-79.54
153,90,15.44,-44.956,-91.27
153,90,15.76,-31.808,-79
153,90,16.08,-23.042,-70.5
153,90,16.4,-28.78,-78.59
153,90,16.72,-24.078,-73.56
153,90,17.04,-22.316,-73.57
153,90,17.36,-21.496,-74.14
153,90,17.68,-23.312,-76.39
153,90,18,-20.9,-73.71
154,90,2,-14.86,-36.65
154,90,2.32,-14.296,-39.95
154,90,2.64,-22.138,-50.85
154,90,2.96,-4.978,-33.29
154,90,3.28,-8.552,-38.57
154,90,3.6,-17.56,-45.01
154,90,3.92,-17.872,-45.42
154,90,4.24,-15.656,-44.68
154,90,4.56,-15.726,-45.54
154,90,4.88,-12.65,-42.78
154,90,5.2,-11.55,-42.97
154,90,5.52,-13.388,-43.67
154,90,5.84,-21.062,-52.51
154,90,6.16,-19.61,-51.65
154,90,6.48,-16.806,-50.89
154,90,6.8,-31,-64.5
154,90,7.12,-18.966,-53.56
154,90,7.44,-34.266,-68.6
154,90,7.76,-27.308,-62.53
154,90,8.08,-22.806,-57.61
154,90,8.4,-20.78,-56.16
154,90,8.72,-39.848,-77.15
154,90,9.04,-24.904,-62.69
154,90,9.36,-31.994,-70.06
154,90,9.68,-22.06,-60.95
154,90,10,-28.68,-67.75
154,90,10.32,-25.172,-64.8
154,90,10.64,-32.258,-72.27
154,90,10.96,-31.896,-71.88
154,90,11.28,-25.606,-66.05
154,90,11.6,-29.23,-70.1
154,90,11.92,-34.464,-75.59
154,90,12.24,-26.594,-68.85
154,90,12.56,-36.21,-80.28
154,90,12.88,-28.106,-73.31
154,90,13.2,-24.45,-71.23
154,90,13.52,-39.282,-85.29
154,90,13.84,-28.548,-76.03
154,90,14.16,-27.736,-75.96
154,90,14.48,-22.524,-74.35
154,90,14.8,-26.28,-74.29
154,90,15.12,-23.9,-70.33
154,90,15.44,-31.726,-78.04
154,90,15.76,-30.508,-77.7
154,90,16.08,-26.202,-73.66
154,90,16.4,-24.91,-74.72
154,90,16.72,-23.178,-72.66
154,90,17.04,-35.776,-87.03
154,90,17.36,-25.046,-77.69
154,90,17.68,-25.992,-79.07
154,90,18,-18.44,-71.25
155,90,2,-14.09,-35.88
155,90,2.32,-14.346,-40
155,90,2.64,-20.738,-49.45
155,90,2.96,-4.398,-32.71
155,90,3.28,-9.032,-39.05
155,90,3.6,-16.81,-44.26
155,90,3.92,-19.102,-46.65
155,90,4.24,-14.896,-43.92
155,90,4.56,-15.356,-45.17
155,90,4.88,-12.74,-42.87
155,90,5.2,-11.09,-42.51
155,90,5.52,-12.378,-42.66
155,90,5.84,-18.672,-50.12
155,90,6.16,-20,-52.04
155,90,6.48,-15.846,-49.93
155,90,6.8,-30.66,-64.16
155,90,7.12,-18.976,-53.57
155,90,7.44,-31.476,-65.81
155,90,7.76,-27.788,-63.01
155,90,8.08,-32.756,-67.56
155,90,8.4,-20.12,-55.5
155,90,8.72,-39.308,-76.61
155,90,9.04,-20.684,-58.47
155,90,9.36,-34.544,-72.61
155,90,9.68,-21.99,-60.88
155,90,10,-35.56,-74.63
155,90,10.32,-29.602,-69.23
155,90,10.64,-31.388,-71.4
155,90,10.96,-34.966,-74.95
155,90,11.28,-37.116,-77.56
155,90,11.6,-29.56,-70.43
155,90,11.92,-35.444,-76.57
155,90,12.24,-24.034,-66.29
155,90,12.56,-25.74,-69.81
155,90,12.88,-37.716,-82.92
155,90,13.2,-42.02,-88.8
155,90,13.52,-28.752,-74.76
155,90,13.84,-27.738,-75.22
155,90,14.16,-25.646,-73.87
155,90,14.48,-21.724,-73.55
155,90,14.8,-25.06,-73.07
155,90,15.12,-25.39,-71.82
155,90,15.44,-30.026,-76.34
155,90,15.76,-34.938,-82.13
155,90,16.08,-25.472,-72.93
155,90,16.4,-32.81,-82.62
155,90,16.72,-20.758,-70.24
155,90,17.04,-24.016,-75.27
155,90,17.36,-17.866,-70.51
155,90,17.68,-19.742,-72.82
155,90,18,-27.23,-80.04
156,90,2,-13.28,-35.07
156,90,2.32,-14.246,-39.9
156,90,2.64,-18.638,-47.35
156,90,2.96,-4.058,-32.37
156,90,3.28,-9.492,-39.51
156,90,3.6,-15.57,-43.02
156,90,3.92,-21.012,-48.56
156,90,4.24,-14.106,-43.13
156,90,4.56,-15.366,-45.18
156,90,4.88,-12.46,-42.59
156,90,5.2,-11.24,-42.66
156,90,5.52,-11.938,-42.22
156,90,5.84,-15.872,-47.32
156,90,6.16,-20.58,-52.62
156,90,6.48,-16.196,-50.28
156,90,6.8,-23.79,-57.29
156,90,7.12,-18.536,-53.13
156,90,7.44,-26.956,-61.29
156,90,7.76,-25.468,-60.69
156,90,8.08,-30.126,-64.93
156,90,8.4,-20.92,-56.3
156,90,8.72,-33.958,-71.26
156,90,9.04,-19.654,-57.44
156,90,9.36,-22.424,-60.49
156,90,9.68,-22.08,-60.97
156,90,10,-32.87,-71.94
156,90,10.32,-31.502,-71.13
156,90,10.64,-27.628,-67.64
156,90,10.96,-31.176,-71.16
156,90,11.28,-43.766,-84.21
156,90,11.6,-24,-64.87
156,90,11.92,-30.274,-71.4
156,90,12.24,-30.584,-72.84
156,90,12.56,-28.21,-72.28
156,90,12.88,-38.376,-83.58
156,90,13.2,-39.58,-86.36
156,90,13.52,-49.562,-95.57
156,90,13.84,-37.068,-84.55
156,90,14.16,-24.266,-72.49
156,90,14.48,-26.054,-77.88
156,90,14.8,-25.85,-73.86
156,90,15.12,-21.62,-68.05
156,90,15.44,-27.856,-74.17
156,90,15.76,-24.198,-71.39
156,90,16.08,-32.802,-80.26
156,90,16.4,-27.92,-77.73
156,90,16.72,-35.118,-84.6
156,90,17.04,-24.516,-75.77
156,90,17.36,-29.806,-82.45
156,90,17.68,-18.502,-71.58
156,90,18,-27.26,-80.07
157,90,2,-12.65,-34.44
157,90,2.32,-14.396,-40.05
157,90,2.64,-16.258,-44.97
157,90,2.96,-4.198,-32.51
157,90,3.28,-9.972,-39.99
157,90,3.6,-14.49,-41.94
157,90,3.92,-21.722,-49.27
157,90,4.24,-14.136,-43.16
157,90,4.56,-15.346,-45.16
157,90,4.88,-12.26,-42.39
157,90,5.2,-11.47,-42.89
157,90,5.52,-11.468,-41.75
157,90,5.84,-14.272,-45.72
157,90,6.16,-20.79,-52.83
157,90,6.48,-16.586,-50.67
157,90,6.8,-20.39,-53.89
157,90,7.12,-18.166,-52.76
157,90,7.44,-24.726,-59.06
157,90,7.76,-25.188,-60.41
157,90,8.08,-23.776,-58.58
157,90,8.4,-22.21,-57.59
157,90,8.72,-32.808,-70.11
157,90,9.04,-19.324,-57.11
157,90,9.36,-21.804,-59.87
157,90,9.68,-24.53,-63.42
157,90,10,-30.89,-69.96
157,90,10.32,-33.162,-72.79
157,90,10.64,-25.538,-65.55
157,90,10.96,-30.966,-70.95
157,90,11.28,-37.156,-77.6
157,90,11.6,-25.32,-66.19
157,90,11.92,-27.104,-68.23
157,90,12.24,-33.814,-76.07
157,90,12.56,-31.49,-75.56
157,90,12.88,-30.286,-75.49
157,90,13.2,-30.06,-76.84
157,90,13.52,-27.542,-73.55
157,90,13.84,-28.428,-75.91
157,90,14.16,-22.946,-71.17
157,90,14.48,-26.984,-78.81
157,90,14.8,-19.4,-67.41
157,90,15.12,-25.66,-72.09
157,90,15.44,-29.546,-75.86
157,90,15.76,-27.088,-74.28
157,90,16.08,-24.082,-71.54
157,90,16.4,-29.78,-79.59
157,90,16.72,-21.938,-71.42
157,90,17.04,-24.166,-75.42
157,90,17.36,-34.716,-87.36
157,90,17.68,-26.532,-79.61
157,90,18,-23.28,-76.09
158,90,2,-12.11,-33.9
158,90,2.32,-14.416,-40.07
158,90,2.64,-14.328,-43.04
158,90,2.96,-4.508,-32.82
158,90,3.28,-10.232,-40.25
158,90,3.6,-13.53,-40.98
158,90,3.92,-20.332,-47.88
158,90,4.24,-14.716,-43.74
158,90,4.56,-14.886,-44.7
158,90,4.88,-11.82,-41.95
158,90,5.2,-11.88,-43.3
158,90,5.52,-11.398,-41.68
158,90,5.84,-13.512,-44.96
158,90,6.16,-19.84,-51.88
158,90,6.48,-16.606,-50.69
158,90,6.8,-18.84,-52.34
158,90,7.12,-16.996,-51.59
158,90,7.44,-21.776,-56.11
158,90,7.76,-24.058,-59.28
158,90,8.08,-20.726,-55.53
158,90,8.4,-22.4,-57.78
158,90,8.72,-28.098,-65.4
158,90,9.04,-22.314,-60.1
158,90,9.36,-23.924,-61.99
158,90,9.68,-28.91,-67.8
158,90,10,-26.94,-66.01
158,90,10.32,-38.472,-78.1
158,90,10.64,-34.028,-74.04
158,90,10.96,-33.576,-73.56
158,90,11.28,-33.016,-73.46
158,90,11.6,-28.49,-69.36
158,90,11.92,-32.534,-73.66
158,90,12.24,-30.484,-72.74
158,90,12.56,-30.44,-74.51
158,90,12.88,-32.496,-77.7
158,90,13.2,-37.32,-84.1
158,90,13.52,-24.362,-70.37
158,90,13.84,-26.398,-73.88
158,90,14.16,-26.376,-74.6
158,90,14.48,-23.534,-75.36
158,90,14.8,-42.72,-90.73
158,90,15.12,-27.17,-73.6
158,90,15.44,-39.406,-85.72
158,90,15.76,-30.188,-77.38
158,90,16.08,-32.902,-80.36
158,90,16.4,-22.87,-72.68
158,90,16.72,-23.238,-72.72
158,90,17.04,-30.076,-81.33
158,90,17.36,-27.056,-79.7
158,90,17.68,-25.902,-78.98
158,90,18,-20.02,-72.83
159,90,2,-11.61,-33.4
159,90,2.32,-14.446,-40.1
159,90,2.64,-12.818,-41.53
159,90,2.96,-5.198,-33.51
159,90,3.28,-10.052,-40.07
159,90,3.6,-12.42,-39.87
159,90,3.92,-18.642,-46.19
159,90,4.24,-15.566,-44.59
159,90,4.56,-14.906,-44.72
159,90,4.88,-11.57,-41.7
159,90,5.2,-11.77,-43.19
159,90,5.52,-11.008,-41.29
159,90,5.84,-12.992,-44.44
159,90,6.16,-17.36,-49.4
159,90,6.48,-17.026,-51.11
159,90,6.8,-17.26,-50.76
159,90,7.12,-16.266,-50.86
159,90,7.44,-18.026,-52.36
159,90,7.76,-20.798,-56.02
159,90,8.08,-20.386,-55.19
159,90,8.4,-26.88,-62.26
159,90,8.72,-21.748,-59.05
159,90,9.04,-26.914,-64.7
159,90,9.36,-27.284,-65.35
159,90,9.68,-38.37,-77.26
159,90,10,-24.06,-63.13
159,90,10.32,-37.002,-76.63
159,90,10.64,-30.708,-70.72
159,90,10.96,-31.426,-71.41
159,90,11.28,-31.096,-71.54
159,90,11.6,-33.66,-74.53
159,90,11.92,-28.224,-69.35
159,90,12.24,-37.794,-80.05
159,90,12.56,-36.34,-80.41
159,90,12.88,-25.336,-70.54
159,90,13.2,-26.88,-73.66
159,90,13.52,-28.252,-74.26
159,90,13.84,-33.228,-80.71
159,90,14.16,-27.406,-75.63
159,90,14.48,-20.054,-71.88
159,90,14.8,-25.98,-73.99
159,90,15.12,-33.62,-80.05
159,90,15.44,-23.756,-70.07
159,90,15.76,-34.358,-81.55
159,90,16.08,-27.892,-75.35
159,90,16.4,-26.98,-76.79
159,90,16.72,-23.818,-73.3
159,90,17.04,-26.466,-77.72
159,90,17.36,-26.936,-79.58
159,90,17.68,-36.102,-89.18
159,90,18,-17,-69.81
160,90,2,-11.18,-32.97
160,90,2.32,-14.376,-40.03
160,90,2.64,-11.838,-40.55
160,90,2.96,-5.968,-34.28
160,90,3.28,-9.57200000000001,-39.59
160,90,3.6,-11.6,-39.05
160,90,3.92,-16.722,-44.27
160,90,4.24,-16.006,-45.03
160,90,4.56,-14.696,-44.51
160,90,4.88,-11.18,-41.31
160,90,5.2,-12,-43.42
160,90,5.52,-10.578,-40.86
160,90,5.84,-13.102,-44.55
160,90,6.16,-16.15,-48.19
160,90,6.48,-15.706,-49.79
160,90,6.8,-17.92,-51.42
160,90,7.12,-15.346,-49.94
160,90,7.44,-16.636,-50.97
160,90,7.76,-16.898,-52.12
160,90,8.08,-19.756,-54.56
160,90,8.4,-28.66,-64.04
160,90,8.72,-18.598,-55.9
160,90,9.04,-29.644,-67.43
160,90,9.36,-22.124,-60.19
160,90,9.68,-32.81,-71.7
160,90,10,-21.35,-60.42
160,90,10.32,-33.302,-72.93
160,90,10.64,-32.438,-72.45
160,90,10.96,-30.446,-70.43
160,90,11.28,-33.666,-74.11
160,90,11.6,-28.69,-69.56
160,90,11.92,-27.474,-68.6
160,90,12.24,-30.304,-72.56
160,90,12.56,-30,-74.07
160,90,12.88,-26.776,-71.98
160,90,13.2,-39.6,-86.38
160,90,13.52,-33.862,-79.87
160,90,13.84,-26.048,-73.53
160,90,14.16,-21.926,-70.15
160,90,14.48,-22.154,-73.98
160,90,14.8,-21.47,-69.48
160,90,15.12,-36.99,-83.42
160,90,15.44,-26.796,-73.11
160,90,15.76,-23.088,-70.28
160,90,16.08,-27.802,-75.26
160,90,16.4,-30.97,-80.78
160,90,16.72,-25.078,-74.56
160,90,17.04,-24.346,-75.6
160,90,17.36,-30.436,-83.08
160,90,17.68,-25.322,-78.4
160,90,18,-25.8,-78.61
161,90,2,-10.81,-32.6
161,90,2.32,-14.296,-39.95
161,90,2.64,-10.788,-39.5
161,90,2.96,-6.678,-34.99
161,90,3.28,-9.032,-39.05
161,90,3.6,-11.14,-38.59
161,90,3.92,-15.672,-43.22
161,90,4.24,-15.516,-44.54
161,90,4.56,-14.946,-44.76
161,90,4.88,-11.02,-41.15
161,90,5.2,-11.51,-42.93
161,90,5.52,-9.918,-40.2
161,90,5.84,-12.992,-44.44
161,90,6.16,-16.5,-48.54
161,90,6.48,-15.096,-49.18
161,90,6.8,-17.69,-51.19
161,90,7.12,-14.266,-48.86
161,90,7.44,-14.696,-49.03
161,90,7.76,-14.188,-49.41
161,90,8.08,-18.976,-53.78
161,90,8.4,-25.19,-60.57
161,90,8.72,-16.658,-53.96
161,90,9.04,-25.304,-63.09
161,90,9.36,-21.244,-59.31
161,90,9.68,-29.08,-67.97
161,90,10,-21.02,-60.09
161,90,10.32,-25.772,-65.4
161,90,10.64,-22.668,-62.68
161,90,10.96,-28.066,-68.05
161,90,11.28,-31.736,-72.18
161,90,11.6,-23.09,-63.96
161,90,11.92,-34.944,-76.07
161,90,12.24,-39.474,-81.73
161,90,12.56,-26.33,-70.4
161,90,12.88,-27.636,-72.84
161,90,13.2,-24.34,-71.12
161,90,13.52,-33.742,-79.75
161,90,13.84,-35.228,-82.71
161,90,14.16,-25.136,-73.36
161,90,14.48,-41.634,-93.46
161,90,14.8,-21.89,-69.9
161,90,15.12,-26.6,-73.03
161,90,15.44,-27.506,-73.82
161,90,15.76,-22.558,-69.75
161,90,16.08,-30.262,-77.72
161,90,16.4,-26.82,-76.63
161,90,16.72,-29.108,-78.59
161,90,17.04,-32.936,-84.19
161,90,17.36,-26.716,-79.36
161,90,17.68,-30.632,-83.71
161,90,18,-18,-70.81
162,90,2,-10.65,-32.44
162,90,2.32,-13.946,-39.6
162,90,2.64,-10.208,-38.92
162,90,2.96,-7.088,-35.4
162,90,3.28,-8.142,-38.16
162,90,3.6,-10.93,-38.38
162,90,3.92,-15.062,-42.61
162,90,4.24,-15.496,-44.52
162,90,4.56,-14.686,-44.5
162,90,4.88,-11.09,-41.22
162,90,5.2,-11.84,-43.26
162,90,5.52,-9.478,-39.76
162,90,5.84,-13.382,-44.83
162,90,6.16,-16.31,-48.35
162,90,6.48,-14.486,-48.57
162,90,6.8,-17.38,-50.88
162,90,7.12,-13.146,-47.74
162,90,7.44,-14.696,-49.03
162,90,7.76,-12.918,-48.14
162,90,8.08,-19.066,-53.87
162,90,8.4,-25.7,-61.08
162,90,8.72,-17.408,-54.71
162,90,9.04,-20.084,-57.87
162,90,9.36,-17.404,-55.47
162,90,9.68,-27.08,-65.97
162,90,10,-22.42,-61.49
162,90,10.32,-23.742,-63.37
162,90,10.64,-24.288,-64.3
162,90,10.96,-29.156,-69.14
162,90,11.28,-25.286,-65.73
162,90,11.6,-21.66,-62.53
162,90,11.92,-31.514,-72.64
162,90,12.24,-31.484,-73.74
162,90,12.56,-26.57,-70.64
162,90,12.88,-26.086,-71.29
162,90,13.2,-37.82,-84.6
162,90,13.52,-35.272,-81.28
162,90,13.84,-29.508,-76.99
162,90,14.16,-32.056,-80.28
162,90,14.48,-23.984,-75.81
162,90,14.8,-23.29,-71.3
162,90,15.12,-34.56,-80.99
162,90,15.44,-33.186,-79.5
162,90,15.76,-25.298,-72.49
162,90,16.08,-31.332,-78.79
162,90,16.4,-33.31,-83.12
162,90,16.72,-22.808,-72.29
162,90,17.04,-21.406,-72.66
162,90,17.36,-20.536,-73.18
162,90,17.68,-36.292,-89.37
162,90,18,-26.96,-79.77
163,90,2,-10.39,-32.18
163,90,2.32,-13.526,-39.18
163,90,2.64,-9.998,-38.71
163,90,2.96,-7.088,-35.4
163,90,3.28,-7.352,-37.37
163,90,3.6,-10.51,-37.96
163,90,3.92,-14.832,-42.38
163,90,4.24,-14.786,-43.81
163,90,4.56,-14.086,-43.9
163,90,4.88,-11.06,-41.19
163,90,5.2,-11.84,-43.26
163,90,5.52,-8.778,-39.06
163,90,5.84,-13.322,-44.77
163,90,6.16,-17.24,-49.28
163,90,6.48,-14.226,-48.31
163,90,6.8,-16.6,-50.1
163,90,7.12,-13.486,-48.08
163,90,7.44,-14.616,-48.95
163,90,7.76,-13.358,-48.58
163,90,8.08,-18.826,-53.63
163,90,8.4,-21.67,-57.05
163,90,8.72,-18.898,-56.2
163,90,9.04,-20.494,-58.28
163,90,9.36,-18.334,-56.4
163,90,9.68,-20.22,-59.11
163,90,10,-22.92,-61.99
163,90,10.32,-20.862,-60.49
163,90,10.64,-24.778,-64.79
163,90,10.96,-38.616,-78.6
163,90,11.28,-23.906,-64.35
163,90,11.6,-22.89,-63.76
163,90,11.92,-32.654,-73.78
163,90,12.24,-30.094,-72.35
163,90,12.56,-24.72,-68.79
163,90,12.88,-25.666,-70.87
163,90,13.2,-22.84,-69.62
163,90,13.52,-33.012,-79.02
163,90,13.84,-24.658,-72.14
163,90,14.16,-34.916,-83.14
163,90,14.48,-27.064,-78.89
163,90,14.8,-37.31,-85.32
163,90,15.12,-26.83,-73.26
163,90,15.44,-24.776,-71.09
163,90,15.76,-25.368,-72.56
163,90,16.08,-32.112,-79.57
163,90,16.4,-31.61,-81.42
163,90,16.72,-40.248,-89.73
163,90,17.04,-39.176,-90.43
163,90,17.36,-29.286,-81.93
163,90,17.68,-25.702,-78.78
163,90,18,-18.77,-71.58
164,90,2,-10.32,-32.11
164,90,2.32,-12.826,-38.48
164,90,2.64,-9.858,-38.57
164,90,2.96,-6.538,-34.85
164,90,3.28,-6.602,-36.62
164,90,3.6,-10.29,-37.74
164,90,3.92,-15.112,-42.66
164,90,4.24,-13.716,-42.74
164,90,4.56,-13.716,-43.53
164,90,4.88,-11.31,-41.44
164,90,5.2,-11.89,-43.31
164,90,5.52,-8.478,-38.76
164,90,5.84,-13.062,-44.51
164,90,6.16,-17.06,-49.1
164,90,6.48,-14.966,-49.05
164,90,6.8,-15.59,-49.09
164,90,7.12,-13.516,-48.11
164,90,7.44,-14.326,-48.66
164,90,7.76,-13.798,-49.02
164,90,8.08,-19.226,-54.03
164,90,8.4,-19.35,-54.73
164,90,8.72,-17.798,-55.1
164,90,9.04,-21.464,-59.25
164,90,9.36,-18.114,-56.18
164,90,9.68,-18.03,-56.92
164,90,10,-20.53,-59.6
164,90,10.32,-20.632,-60.26
164,90,10.64,-23.548,-63.56
164,90,10.96,-35.146,-75.13
164,90,11.28,-19.086,-59.53
164,90,11.6,-24.97,-65.84
164,90,11.92,-28.354,-69.48
164,90,12.24,-30.914,-73.17
164,90,12.56,-29.93,-74
164,90,12.88,-28.596,-73.8
164,90,13.2,-24.16,-70.94
164,90,13.52,-32.002,-78.01
164,90,13.84,-26.848,-74.33
164,90,14.16,-28.876,-77.1
164,90,14.48,-25.264,-77.09
164,90,14.8,-26.16,-74.17
164,90,15.12,-25.59,-72.02
164,90,15.44,-25.806,-72.12
164,90,15.76,-22.958,-70.15
164,90,16.08,-24.042,-71.5
164,90,16.4,-22.05,-71.86
164,90,16.72,-25.588,-75.07
164,90,17.04,-24.486,-75.74
164,90,17.36,-22.936,-75.58
164,90,17.68,-23.972,-77.05
164,90,18,-15.93,-68.74
165,90,2,-10.29,-32.08
165,90,2.32,-12.086,-37.74
165,90,2.64,-9.908,-38.62
165,90,2.96,-5.738,-34.05
165,90,3.28,-5.79200000000001,-35.81
165,90,3.6,-10.04,-37.49
165,90,3.92,-15.272,-42.82
165,90,4.24,-12.896,-41.92
165,90,4.56,-13.076,-42.89
165,90,4.88,-11.71,-41.84
165,90,5.2,-11.87,-43.29
165,90,5.52,-8.488,-38.77
165,90,5.84,-12.652,-44.1
165,90,6.16,-15.74,-47.78
165,90,6.48,-15.736,-49.82
165,90,6.8,-15.25,-48.75
165,90,7.12,-14.556,-49.15
165,90,7.44,-14.786,-49.12
165,90,7.76,-14.598,-49.82
165,90,8.08,-18.526,-53.33
165,90,8.4,-17.17,-52.55
165,90,8.72,-18.138,-55.44
165,90,9.04,-20.944,-58.73
165,90,9.36,-17.774,-55.84
165,90,9.68,-16.94,-55.83
165,90,10,-19.13,-58.2
165,90,10.32,-17.002,-56.63
165,90,10.64,-26.908,-66.92
165,90,10.96,-27.156,-67.14
165,90,11.28,-18.086,-58.53
165,90,11.6,-24.45,-65.32
165,90,11.92,-34.034,-75.16
165,90,12.24,-25.804,-68.06
165,90,12.56,-28.36,-72.43
165,90,12.88,-24.196,-69.4
165,90,13.2,-25.14,-71.92
165,90,13.52,-38.562,-84.57
165,90,13.84,-23.578,-71.06
165,90,14.16,-29.466,-77.69
165,90,14.48,-36.394,-88.22
165,90,14.8,-27.81,-75.82
165,90,15.12,-25.27,-71.7
165,90,15.44,-28.806,-75.12
165,90,15.76,-28.658,-75.85
165,90,16.08,-44.762,-92.22
165,90,16.4,-28.28,-78.09
165,90,16.72,-21.448,-70.93
165,90,17.04,-30.846,-82.1
165,90,17.36,-24.376,-77.02
165,90,17.68,-35.362,-88.44
165,90,18,-22.57,-75.38
166,90,2,-10.26,-32.05
166,90,2.32,-11.366,-37.02
166,90,2.64,-10.078,-38.79
166,90,2.96,-4.698,-33.01
166,90,3.28,-5.262,-35.28
166,90,3.6,-9.7,-37.15
166,90,3.92,-15.582,-43.13
166,90,4.24,-12.086,-41.11
166,90,4.56,-12.956,-42.77
166,90,4.88,-11.53,-41.66
166,90,5.2,-12.19,-43.61
166,90,5.52,-9.128,-39.41
166,90,5.84,-12.502,-43.95
166,90,6.16,-14.31,-46.35
166,90,6.48,-16.066,-50.15
166,90,6.8,-14.93,-48.43
166,90,7.12,-16.146,-50.74
166,90,7.44,-13.296,-47.63
166,90,7.76,-13.318,-48.54
166,90,8.08,-18.136,-52.94
166,90,8.4,-16.47,-51.85
166,90,8.72,-17.078,-54.38
166,90,9.04,-18.344,-56.13
166,90,9.36,-17.764,-55.83
166,90,9.68,-16.95,-55.84
166,90,10,-17.25,-56.32
166,90,10.32,-15.962,-55.59
166,90,10.64,-21.678,-61.69
166,90,10.96,-23.606,-63.59
166,90,11.28,-18.066,-58.51
166,90,11.6,-21.61,-62.48
166,90,11.92,-30.554,-71.68
166,90,12.24,-20.924,-63.18
166,90,12.56,-22.98,-67.05
166,90,12.88,-21.846,-67.05
166,90,13.2,-25.89,-72.67
166,90,13.52,-27.312,-73.32
166,90,13.84,-23.248,-70.73
166,90,14.16,-24.636,-72.86
166,90,14.48,-32.654,-84.48
166,90,14.8,-45.96,-93.97
166,90,15.12,-25.98,-72.41
166,90,15.44,-32.086,-78.4
166,90,15.76,-24.908,-72.1
166,90,16.08,-37.662,-85.12
166,90,16.4,-26.54,-76.35
166,90,16.72,-34.498,-83.98
166,90,17.04,-20.886,-72.14
166,90,17.36,-27.866,-80.51
166,90,17.68,-23.582,-76.66
166,90,18,-27.99,-80.8
167,90,2,-10.28,-32.07
167,90,2.32,-10.656,-36.31
167,90,2.64,-10.398,-39.11
167,90,2.96,-3.678,-31.99
167,90,3.28,-4.882,-34.9
167,90,3.6,-9.33,-36.78
167,90,3.92,-15.582,-43.13
167,90,4.24,-11.846,-40.87
167,90,4.56,-12.636,-42.45
167,90,4.88,-11.63,-41.76
167,90,5.2,-11.21,-42.63
167,90,5.52,-9.758,-40.04
167,90,5.84,-12.802,-44.25
167,90,6.16,-13.38,-45.42
167,90,6.48,-15.826,-49.91
167,90,6.8,-14.82,-48.32
167,90,7.12,-16.346,-50.94
167,90,7.44,-12.946,-47.28
167,90,7.76,-12.868,-48.09
167,90,8.08,-16.126,-50.93
167,90,8.4,-16.63,-52.01
167,90,8.72,-18.398,-55.7
167,90,9.04,-15.924,-53.71
167,90,9.36,-18.544,-56.61
167,90,9.68,-15.44,-54.33
167,90,10,-18.51,-57.58
167,90,10.32,-17.012,-56.64
167,90,10.64,-24.518,-64.53
167,90,10.96,-23.496,-63.48
167,90,11.28,-19.336,-59.78
167,90,11.6,-20.71,-61.58
167,90,11.92,-21.644,-62.77
167,90,12.24,-18.884,-61.14
167,90,12.56,-22.05,-66.12
167,90,12.88,-29.546,-74.75
167,90,13.2,-26.53,-73.31
167,90,13.52,-28.012,-74.02
167,90,13.84,-27.778,-75.26
167,90,14.16,-26.126,-74.35
167,90,14.48,-44.004,-95.83
167,90,14.8,-32.76,-80.77
167,90,15.12,-25.39,-71.82
167,90,15.44,-34.906,-81.22
167,90,15.76,-31.258,-78.45
167,90,16.08,-35.262,-82.72
167,90,16.4,-32.14,-81.95
167,90,16.72,-22.858,-72.34
167,90,17.04,-20.396,-71.65
167,90,17.36,-23.036,-75.68
167,90,17.68,-17.952,-71.03
167,90,18,-35.08,-87.89
168,90,2,-10.47,-32.26
168,90,2.32,-9.746,-35.4
168,90,2.64,-10.498,-39.21
168,90,2.96,-2.808,-31.12
168,90,3.28,-4.552,-34.57
168,90,3.6,-9.17,-36.62
168,90,3.92,-15.342,-42.89
168,90,4.24,-11.696,-40.72
168,90,4.56,-12.466,-42.28
168,90,4.88,-11.61,-41.74
168,90,5.2,-10.65,-42.07
168,90,5.52,-10.698,-40.98
168,90,5.84,-12.502,-43.95
168,90,6.16,-13.06,-45.1
168,90,6.48,-14.676,-48.76
168,90,6.8,-15.32,-48.82
168,90,7.12,-16.356,-50.95
168,90,7.44,-12.376,-46.71
168,90,7.76,-11.748,-46.97
168,90,8.08,-15.346,-50.15
168,90,8.4,-17.1,-52.48
168,90,8.72,-18.668,-55.97
168,90,9.04,-13.844,-51.63
168,90,9.36,-17.054,-55.12
168,90,9.68,-14.52,-53.41
168,90,10,-17.2,-56.27
168,90,10.32,-16.532,-56.16
168,90,10.64,-19.648,-59.66
168,90,10.96,-24.576,-64.56
168,90,11.28,-18.096,-58.54
168,90,11.6,-20.46,-61.33
168,90,11.92,-20.284,-61.41
168,90,12.24,-17.644,-59.9
168,90,12.56,-21.48,-65.55
168,90,12.88,-29.456,-74.66
168,90,13.2,-29.83,-76.61
168,90,13.52,-26.992,-73
168,90,13.84,-40.398,-87.88
168,90,14.16,-18.546,-66.77
168,90,14.48,-28.914,-80.74
168,90,14.8,-22.86,-70.87
168,90,15.12,-26.13,-72.56
168,90,15.44,-24.746,-71.06
168,90,15.76,-28.548,-75.74
168,90,16.08,-26.182,-73.64
168,90,16.4,-27.18,-76.99
168,90,16.72,-23.968,-73.45
168,90,17.04,-22.076,-73.33
168,90,17.36,-29.266,-81.91
168,90,17.68,-27.562,-80.64
168,90,18,-27.66,-80.47
169,90,2,-10.51,-32.3
169,90,2.32,-9.236,-34.89
169,90,2.64,-10.578,-39.29
169,90,2.96,-2.118,-30.43
169,90,3.28,-4.302,-34.32
169,90,3.6,-8.87,-36.32
169,90,3.92,-14.942,-42.49
169,90,4.24,-11.916,-40.94
169,90,4.56,-12.406,-42.22
169,90,4.88,-11.62,-41.75
169,90,5.2,-9.9,-41.32
169,90,5.52,-11.178,-41.46
169,90,5.84,-12.852,-44.3
169,90,6.16,-13.37,-45.41
169,90,6.48,-13.966,-48.05
169,90,6.8,-15.25,-48.75
169,90,7.12,-15.036,-49.63
169,90,7.44,-12.256,-46.59
169,90,7.76,-11.288,-46.51
169,90,8.08,-14.296,-49.1
169,90,8.4,-15.98,-51.36
169,90,8.72,-17.788,-55.09
169,90,9.04,-14.504,-52.29
169,90,9.36,-17.024,-55.09
169,90,9.68,-14.65,-53.54
169,90,10,-17.62,-56.69
169,90,10.32,-16.772,-56.4
169,90,10.64,-18.018,-58.03
169,90,10.96,-25.486,-65.47
169,90,11.28,-16.496,-56.94
169,90,11.6,-19.58,-60.45
169,90,11.92,-18.014,-59.14
169,90,12.24,-20.364,-62.62
169,90,12.56,-19.01,-63.08
169,90,12.88,-29.966,-75.17
169,90,13.2,-19.38,-66.16
169,90,13.52,-23.972,-69.98
169,90,13.84,-25.188,-72.67
169,90,14.16,-25.636,-73.86
169,90,14.48,-26.214,-78.04
169,90,14.8,-23.29,-71.3
169,90,15.12,-21.97,-68.4
169,90,15.44,-24.076,-70.39
169,90,15.76,-30.178,-77.37
169,90,16.08,-26.782,-74.24
169,90,16.4,-25.07,-74.88
169,90,16.72,-41.468,-90.95
169,90,17.04,-18.306,-69.56
169,90,17.36,-32.706,-85.35
169,90,17.68,-19.372,-72.45
169,90,18,-17.57,-70.38
170,90,2,-10.56,-32.35
170,90,2.32,-8.736,-34.39
170,90,2.64,-10.458,-39.17
170,90,2.96,-1.668,-29.98
170,90,3.28,-4.122,-34.14
170,90,3.6,-8.46,-35.91
170,90,3.92,-14.112,-41.66
170,90,4.24,-12.566,-41.59
170,90,4.56,-12.056,-41.87
170,90,4.88,-12.1,-42.23
170,90,5.2,-9.31,-40.73
170,90,5.52,-11.308,-41.59
170,90,5.84,-12.522,-43.97
170,90,6.16,-13.96,-46
170,90,6.48,-13.816,-47.9
170,90,6.8,-15.38,-48.88
170,90,7.12,-13.866,-48.46
170,90,7.44,-13.386,-47.72
170,90,7.76,-10.588,-45.81
170,90,8.08,-14.576,-49.38
170,90,8.4,-15.77,-51.15
170,90,8.72,-16.828,-54.13
170,90,9.04,-15.304,-53.09
170,90,9.36,-18.804,-56.87
170,90,9.68,-15.16,-54.05
170,90,10,-16.84,-55.91
170,90,10.32,-14.112,-53.74
170,90,10.64,-20.338,-60.35
170,90,10.96,-24.036,-64.02
170,90,11.28,-16.966,-57.41
170,90,11.6,-19.93,-60.8
170,90,11.92,-17.614,-58.74
170,90,12.24,-18.474,-60.73
170,90,12.56,-18.64,-62.71
170,90,12.88,-28.866,-74.07
170,90,13.2,-22.68,-69.46
170,90,13.52,-18.622,-64.63
170,90,13.84,-28.478,-75.96
170,90,14.16,-19.896,-68.12
170,90,14.48,-23.974,-75.8
170,90,14.8,-19.92,-67.93
170,90,15.12,-27.15,-73.58
170,90,15.44,-23.056,-69.37
170,90,15.76,-33.298,-80.49
170,90,16.08,-24.742,-72.2
170,90,16.4,-22.95,-72.76
170,90,16.72,-22.248,-71.73
170,90,17.04,-17.906,-69.16
170,90,17.36,-23.376,-76.02
170,90,17.68,-17.612,-70.69
170,90,18,-19.5,-72.31
171,90,2,-10.87,-32.66
171,90,2.32,-8.306,-33.96
171,90,2.64,-10.088,-38.8
171,90,2.96,-1.388,-29.7
171,90,3.28,-4.022,-34.04
171,90,3.6,-8.21,-35.66
171,90,3.92,-13.322,-40.87
171,90,4.24,-12.766,-41.79
171,90,4.56,-11.746,-41.56
171,90,4.88,-12.58,-42.71
171,90,5.2,-9.02,-40.44
171,90,5.52,-10.788,-41.07
171,90,5.84,-12.402,-43.85
171,90,6.16,-14.27,-46.31
171,90,6.48,-13.886,-47.97
171,90,6.8,-14.93,-48.43
171,90,7.12,-12.816,-47.41
171,90,7.44,-13.796,-48.13
171,90,7.76,-10.838,-46.06
171,90,8.08,-15.586,-50.39
171,90,8.4,-15.6,-50.98
171,90,8.72,-14.688,-51.99
171,90,9.04,-15.364,-53.15
171,90,9.36,-17.814,-55.88
171,90,9.68,-15.69,-54.58
171,90,10,-15.9,-54.97
171,90,10.32,-13.142,-52.77
171,90,10.64,-21.168,-61.18
171,90,10.96,-19.546,-59.53
171,90,11.28,-17.766,-58.21
171,90,11.6,-18.79,-59.66
171,90,11.92,-17.894,-59.02
171,90,12.24,-18.924,-61.18
171,90,12.56,-18.35,-62.42
171,90,12.88,-26.136,-71.34
171,90,13.2,-18.16,-64.94
171,90,13.52,-25.702,-71.71
171,90,13.84,-19.218,-66.7
171,90,14.16,-22.536,-70.76
171,90,14.48,-29.834,-81.66
171,90,14.8,-19.09,-67.1
171,90,15.12,-21.6,-68.03
171,90,15.44,-23.526,-69.84
171,90,15.76,-26.468,-73.66
171,90,16.08,-21.622,-69.08
171,90,16.4,-27.91,-77.72
171,90,16.72,-24.208,-73.69
171,90,17.04,-20.676,-71.93
171,90,17.36,-27.076,-79.72
171,90,17.68,-23.252,-76.33
171,90,18,-17.97,-70.78
172,90,2,-10.81,-32.6
172,90,2.32,-7.956,-33.61
172,90,2.64,-9.648,-38.36
172,90,2.96,-1.388,-29.7
172,90,3.28,-3.75200000000001,-33.77
172,90,3.6,-7.83,-35.28
172,90,3.92,-12.652,-40.2
172,90,4.24,-12.896,-41.92
172,90,4.56,-11.466,-41.28
172,90,4.88,-13.3,-43.43
172,90,5.2,-8.72,-40.14
172,90,5.52,-10.218,-40.5
172,90,5.84,-12.122,-43.57
172,90,6.16,-13.53,-45.57
172,90,6.48,-14.266,-48.35
172,90,6.8,-13.87,-47.37
172,90,7.12,-12.226,-46.82
172,90,7.44,-13.556,-47.89
172,90,7.76,-10.028,-45.25
172,90,8.08,-15.666,-50.47
172,90,8.4,-15.9,-51.28
172,90,8.72,-13.798,-51.1
172,90,9.04,-15.184,-52.97
172,90,9.36,-17.504,-55.57
172,90,9.68,-17.42,-56.31
172,90,10,-15.21,-54.28
172,90,10.32,-13.562,-53.19
172,90,10.64,-20.838,-60.85
172,90,10.96,-17.366,-57.35
172,90,11.28,-17.906,-58.35
172,90,11.6,-17.31,-58.18
172,90,11.92,-18.374,-59.5
172,90,12.24,-19.324,-61.58
172,90,12.56,-16.74,-60.81
172,90,12.88,-23.196,-68.4
172,90,13.2,-22.29,-69.07
172,90,13.52,-24.772,-70.78
172,90,13.84,-33.818,-81.3
172,90,14.16,-14.276,-62.5
172,90,14.48,-21.934,-73.76
172,90,14.8,-19.9,-67.91
172,90,15.12,-24.93,-71.36
172,90,15.44,-24.186,-70.5
172,90,15.76,-30.228,-77.42
172,90,16.08,-24.112,-71.57
172,90,16.4,-21.02,-70.83
172,90,16.72,-26.748,-76.23
172,90,17.04,-26.066,-77.32
172,90,17.36,-19.066,-71.71
172,90,17.68,-16.672,-69.75
172,90,18,-17.36,-70.17
173,90,2,-10.97,-32.76
173,90,2.32,-7.866,-33.52
173,90,2.64,-8.978,-37.69
173,90,2.96,-1.498,-29.81
173,90,3.28,-3.61200000000001,-33.63
173,90,3.6,-7.58,-35.03
173,90,3.92,-12.002,-39.55
173,90,4.24,-12.876,-41.9
173,90,4.56,-11.016,-40.83
173,90,4.88,-13.6,-43.73
173,90,5.2,-8.53,-39.95
173,90,5.52,-9.658,-39.94
173,90,5.84,-11.392,-42.84
173,90,6.16,-13.4,-45.44
173,90,6.48,-13.586,-47.67
173,90,6.8,-13.02,-46.52
173,90,7.12,-13.036,-47.63
173,90,7.44,-13.316,-47.65
173,90,7.76,-10.288,-45.51
173,90,8.08,-14.306,-49.11
173,90,8.4,-15.49,-50.87
173,90,8.72,-14.588,-51.89
173,90,9.04,-15.194,-52.98
173,90,9.36,-14.814,-52.88
173,90,9.68,-15.84,-54.73
173,90,10,-14.32,-53.39
173,90,10.32,-14.292,-53.92
173,90,10.64,-18.448,-58.46
173,90,10.96,-16.716,-56.7
173,90,11.28,-18.866,-59.31
173,90,11.6,-19.72,-60.59
173,90,11.92,-17.334,-58.46
173,90,12.24,-19.124,-61.38
173,90,12.56,-19.58,-63.65
173,90,12.88,-23.716,-68.92
173,90,13.2,-19.94,-66.72
173,90,13.52,-24.472,-70.48
173,90,13.84,-26.988,-74.47
173,90,14.16,-17.926,-66.15
173,90,14.48,-22.424,-74.25
173,90,14.8,-18.7,-66.71
173,90,15.12,-25.92,-72.35
173,90,15.44,-20.036,-66.35
173,90,15.76,-26.678,-73.87
173,90,16.08,-21.922,-69.38
173,90,16.4,-27.25,-77.06
173,90,16.72,-30.528,-80.01
173,90,17.04,-17.216,-68.47
173,90,17.36,-22.646,-75.29
173,90,17.68,-18.752,-71.83
173,90,18,-19.18,-71.99
174,90,2,-10.93,-32.72
174,90,2.32,-7.846,-33.5
174,90,2.64,-8.108,-36.82
174,90,2.96,-1.748,-30.06
174,90,3.28,-3.312,-33.33
174,90,3.6,-7.38,-34.83
174,90,3.92,-11.362,-38.91
174,90,4.24,-12.826,-41.85
174,90,4.56,-10.806,-40.62
174,90,4.88,-13.68,-43.81
174,90,5.2,-8.28,-39.7
174,90,5.52,-9.258,-39.54
174,90,5.84,-10.932,-42.38
174,90,6.16,-12.48,-44.52
174,90,6.48,-13.416,-47.5
174,90,6.8,-12.83,-46.33
174,90,7.12,-14.116,-48.71
174,90,7.44,-13.746,-48.08
174,90,7.76,-9.628,-44.85
174,90,8.08,-13.426,-48.23
174,90,8.4,-16.15,-51.53
174,90,8.72,-14.648,-51.95
174,90,9.04,-15.054,-52.84
174,90,9.36,-14.734,-52.8
174,90,9.68,-15.09,-53.98
174,90,10,-13.33,-52.4
174,90,10.32,-13.752,-53.38
174,90,10.64,-16.118,-56.13
174,90,10.96,-18.526,-58.51
174,90,11.28,-16.926,-57.37
174,90,11.6,-18.48,-59.35
174,90,11.92,-15.864,-56.99
174,90,12.24,-18.454,-60.71
174,90,12.56,-21.3,-65.37
174,90,12.88,-23.906,-69.11
174,90,13.2,-26.2,-72.98
174,90,13.52,-23.282,-69.29
174,90,13.84,-37.238,-84.72
174,90,14.16,-19.366,-67.59
174,90,14.48,-21.304,-73.13
174,90,14.8,-19.82,-67.83
174,90,15.12,-21.64,-68.07
174,90,15.44,-24.046,-70.36
174,90,15.76,-23.728,-70.92
174,90,16.08,-25.702,-73.16
174,90,16.4,-15.65,-65.46
174,90,16.72,-26.888,-76.37
174,90,17.04,-19.706,-70.96
174,90,17.36,-16.856,-69.5
174,90,17.68,-24.662,-77.74
174,90,18,-24.28,-77.09
175,90,2,-10.87,-32.66
175,90,2.32,-7.836,-33.49
175,90,2.64,-7.448,-36.16
175,90,2.96,-2.128,-30.44
175,90,3.28,-3.052,-33.07
175,90,3.6,-7.32,-34.77
175,90,3.92,-11.132,-38.68
175,90,4.24,-12.616,-41.64
175,90,4.56,-10.606,-40.42
175,90,4.88,-13.13,-43.26
175,90,5.2,-8.19,-39.61
175,90,5.52,-9.598,-39.88
175,90,5.84,-10.552,-42
175,90,6.16,-11.93,-43.97
175,90,6.48,-12.966,-47.05
175,90,6.8,-13.21,-46.71
175,90,7.12,-14.636,-49.23
175,90,7.44,-13.006,-47.34
175,90,7.76,-9.598,-44.82
175,90,8.08,-13.316,-48.12
175,90,8.4,-15.52,-50.9
175,90,8.72,-13.978,-51.28
175,90,9.04,-15.034,-52.82
175,90,9.36,-14.974,-53.04
175,90,9.68,-15.48,-54.37
175,90,10,-12.99,-52.06
175,90,10.32,-11.652,-51.28
175,90,10.64,-15.338,-55.35
175,90,10.96,-19.556,-59.54
175,90,11.28,-16.186,-56.63
175,90,11.6,-18.84,-59.71
175,90,11.92,-15.454,-56.58
175,90,12.24,-19.474,-61.73
175,90,12.56,-18.52,-62.59
175,90,12.88,-22.576,-67.78
175,90,13.2,-22.4,-69.18
175,90,13.52,-21.542,-67.55
175,90,13.84,-26.278,-73.76
175,90,14.16,-29.996,-78.22
175,90,14.48,-25.754,-77.58
175,90,14.8,-19.86,-67.87
175,90,15.12,-21.37,-67.8
175,90,15.44,-26.646,-72.96
175,90,15.76,-19.108,-66.3
175,90,16.08,-24.632,-72.09
175,90,16.4,-20.17,-69.98
175,90,16.72,-26.818,-76.3
175,90,17.04,-24.066,-75.32
175,90,17.36,-14.866,-67.51
175,90,17.68,-26.782,-79.86
175,90,18,-23.08,-75.89
176,90,2,-10.82,-32.61
176,90,2.32,-7.916,-33.57
176,90,2.64,-6.738,-35.45
176,90,2.96,-2.488,-30.8
176,90,3.28,-2.762,-32.78
176,90,3.6,-7.12,-34.57
176,90,3.92,-10.962,-38.51
176,90,4.24,-13.246,-42.27
176,90,4.56,-10.556,-40.37
176,90,4.88,-12.33,-42.46
176,90,5.2,-7.97,-39.39
176,90,5.52,-9.928,-40.21
176,90,5.84,-10.102,-41.55
176,90,6.16,-11.84,-43.88
176,90,6.48,-12.266,-46.35
176,90,6.8,-13.46,-46.96
176,90,7.12,-14.946,-49.54
176,90,7.44,-13.036,-47.37
176,90,7.76,-9.178,-44.4
176,90,8.08,-13.066,-47.87
176,90,8.4,-14.18,-49.56
176,90,8.72,-13.368,-50.67
176,90,9.04,-15.424,-53.21
176,90,9.36,-15.624,-53.69
176,90,9.68,-15.22,-54.11
176,90,10,-12.89,-51.96
176,90,10.32,-12.112,-51.74
176,90,10.64,-18.008,-58.02
176,90,10.96,-17.376,-57.36
176,90,11.28,-17.546,-57.99
176,90,11.6,-20.4,-61.27
176,90,11.92,-15.674,-56.8
176,90,12.24,-19.364,-61.62
176,90,12.56,-18.34,-62.41
176,90,12.88,-26.656,-71.86
176,90,13.2,-18.93,-65.71
176,90,13.52,-18.412,-64.42
176,90,13.84,-21.808,-69.29
176,90,14.16,-22.986,-71.21
176,90,14.48,-32.374,-84.2
176,90,14.8,-20.59,-68.6
176,90,15.12,-26.89,-73.32
176,90,15.44,-24.706,-71.02
176,90,15.76,-24.368,-71.56
176,90,16.08,-27.202,-74.66
176,90,16.4,-15.79,-65.6
176,90,16.72,-24.718,-74.2
176,90,17.04,-25.296,-76.55
176,90,17.36,-21.196,-73.84
176,90,17.68,-20.412,-73.49
176,90,18,-24.68,-77.49
177,90,2,-10.63,-32.42
177,90,2.32,-8.116,-33.77
177,90,2.64,-6.238,-34.95
177,90,2.96,-2.808,-31.12
177,90,3.28,-2.452,-32.47
177,90,3.6,-7.04,-34.49
177,90,3.92,-10.922,-38.47
177,90,4.24,-13.046,-42.07
177,90,4.56,-10.526,-40.34
177,90,4.88,-11.39,-41.52
177,90,5.2,-7.72,-39.14
177,90,5.52,-10.358,-40.64
177,90,5.84,-10.312,-41.76
177,90,6.16,-11.73,-43.77
177,90,6.48,-11.806,-45.89
177,90,6.8,-14.6,-48.1
177,90,7.12,-13.766,-48.36
177,90,7.44,-12.776,-47.11
177,90,7.76,-9.138,-44.36
177,90,8.08,-12.626,-47.43
177,90,8.4,-13.24,-48.62
177,90,8.72,-12.688,-49.99
177,90,9.04,-16.364,-54.15
177,90,9.36,-16.084,-54.15
177,90,9.68,-16.34,-55.23
177,90,10,-13.15,-52.22
177,90,10.32,-13.252,-52.88
177,90,10.64,-16.558,-56.57
177,90,10.96,-17.826,-57.81
177,90,11.28,-18.426,-58.87
177,90,11.6,-20.51,-61.38
177,90,11.92,-16.934,-58.06
177,90,12.24,-22.304,-64.56
177,90,12.56,-16.55,-60.62
177,90,12.88,-29.066,-74.27
177,90,13.2,-25.97,-72.75
177,90,13.52,-23.252,-69.26
177,90,13.84,-24.488,-71.97
177,90,14.16,-16.606,-64.83
177,90,14.48,-20.064,-71.89
177,90,14.8,-16.53,-64.54
177,90,15.12,-23.99,-70.42
177,90,15.44,-25.226,-71.54
177,90,15.76,-28.908,-76.1
177,90,16.08,-27.662,-75.12
177,90,16.4,-21.64,-71.45
177,90,16.72,-22.568,-72.05
177,90,17.04,-19.686,-70.94
177,90,17.36,-16.916,-69.56
177,90,17.68,-28.542,-81.62
177,90,18,-27.35,-80.16
178,90,2,-10.5,-32.29
178,90,2.32,-8.316,-33.97
178,90,2.64,-5.928,-34.64
178,90,2.96,-2.998,-31.31
178,90,3.28,-2.272,-32.29
178,90,3.6,-6.87,-34.32
178,90,3.92,-10.942,-38.49
178,90,4.24,-13.186,-42.21
178,90,4.56,-10.586,-40.4
178,90,4.88,-10.44,-40.57
178,90,5.2,-7.59,-39.01
178,90,5.52,-10.648,-40.93
178,90,5.84,-10.492,-41.94
178,90,6.16,-11.47,-43.51
178,90,6.48,-11.716,-45.8
178,90,6.8,-15.07,-48.57
178,90,7.12,-13.126,-47.72
178,90,7.44,-13.166,-47.5
178,90,7.76,-9.028,-44.25
178,90,8.08,-11.996,-46.8
178,90,8.4,-14.2,-49.58
178,90,8.72,-12.338,-49.64
178,90,9.04,-16.734,-54.52
178,90,9.36,-15.144,-53.21
178,90,9.68,-15.63,-54.52
178,90,10,-12.58,-51.65
178,90,10.32,-15.102,-54.73
178,90,10.64,-15.678,-55.69
178,90,10.96,-17.836,-57.82
178,90,11.28,-17.786,-58.23
178,90,11.6,-25.5,-66.37
178,90,11.92,-18.864,-59.99
178,90,12.24,-22.194,-64.45
178,90,12.56,-16.3,-60.37
178,90,12.88,-18.376,-63.58
178,90,13.2,-28.2,-74.98
178,90,13.52,-24.052,-70.06
178,90,13.84,-21.788,-69.27
178,90,14.16,-19.146,-67.37
178,90,14.48,-22.314,-74.14
178,90,14.8,-20.39,-68.4
178,90,15.12,-25.69,-72.12
178,90,15.44,-24.526,-70.84
178,90,15.76,-20.998,-68.19
178,90,16.08,-26.442,-73.9
178,90,16.4,-21.63,-71.44
178,90,16.72,-21.938,-71.42
178,90,17.04,-20.856,-72.11
178,90,17.36,-21.966,-74.61
178,90,17.68,-19.402,-72.48
178,90,18,-21.63,-74.44
179,90,2,-10.36,-32.15
179,90,2.32,-8.496,-34.15
179,90,2.64,-5.598,-34.31
179,90,2.96,-3.118,-31.43
179,90,3.28,-2.092,-32.11
179,90,3.6,-6.65,-34.1
179,90,3.92,-11.052,-38.6
179,90,4.24,-13.026,-42.05
179,90,4.56,-10.506,-40.32
179,90,4.88,-9.91,-40.04
179,90,5.2,-7.62,-39.04
179,90,5.52,-10.788,-41.07
179,90,5.84,-10.722,-42.17
179,90,6.16,-11.62,-43.66
179,90,6.48,-11.446,-45.53
179,90,6.8,-14.49,-47.99
179,90,7.12,-12.986,-47.58
179,90,7.44,-13.356,-47.69
179,90,7.76,-8.968,-44.19
179,90,8.08,-11.166,-45.97
179,90,8.4,-16.83,-52.21
179,90,8.72,-12.098,-49.4
179,90,9.04,-16.094,-53.88
179,90,9.36,-15.934,-54
179,90,9.68,-15.96,-54.85
179,90,10,-11.72,-50.79
179,90,10.32,-14.312,-53.94
179,90,10.64,-15.448,-55.46
179,90,10.96,-18.456,-58.44
179,90,11.28,-18.076,-58.52
179,90,11.6,-22.38,-63.25
179,90,11.92,-18.424,-59.55
179,90,12.24,-21.934,-64.19
179,90,12.56,-17.54,-61.61
179,90,12.88,-25.696,-70.9
179,90,13.2,-26.01,-72.79
179,90,13.52,-25.972,-71.98
179,90,13.84,-24.488,-71.97
179,90,14.16,-23.756,-71.98
179,90,14.48,-19.714,-71.54
179,90,14.8,-18.75,-66.76
179,90,15.12,-22.97,-69.4
179,90,15.44,-25.086,-71.4
179,90,15.76,-27.318,-74.51
179,90,16.08,-33.692,-81.15
179,90,16.4,-22.52,-72.33
179,90,16.72,-19.808,-69.29
179,90,17.04,-22.366,-73.62
179,90,17.36,-25.656,-78.3
179,90,17.68,-19.612,-72.69
179,90,18,-18.87,-71.68
180,90,2,-10.29,-32.08
180,90,2.32,-8.706,-34.36
180,90,2.64,-5.658,-34.37
180,90,2.96,-3.148,-31.46
180,90,3.28,-2.062,-32.08
180,90,3.6,-6.65,-34.1
180,90,3.92,-10.782,-38.33
180,90,4.24,-13.166,-42.19
180,90,4.56,-10.456,-40.27
180,90,4.88,-9.59,-39.72
180,90,5.2,-8.07,-39.49
180,90,5.52,-11.108,-41.39
180,90,5.84,-10.802,-42.25
180,90,6.16,-11.41,-43.45
180,90,6.48,-11.626,-45.71
180,90,6.8,-13.51,-47.01
180,90,7.12,-13.346,-47.94
180,90,7.44,-13.006,-47.34
180,90,7.76,-8.718,-43.94
180,90,8.08,-10.856,-45.66
180,90,8.4,-17.33,-52.71
180,90,8.72,-12.678,-49.98
180,90,9.04,-16.594,-54.38
180,90,9.36,-14.444,-52.51
180,90,9.68,-15.87,-54.76
180,90,10,-11.42,-50.49
180,90,10.32,-13.472,-53.1
180,90,10.64,-15.338,-55.35
180,90,10.96,-16.916,-56.9
180,90,11.28,-20.136,-60.58
180,90,11.6,-21.17,-62.04
180,90,11.92,-19.734,-60.86
180,90,12.24,-22.794,-65.05
180,90,12.56,-19.56,-63.63
180,90,12.88,-27.496,-72.7
180,90,13.2,-42.26,-89.04
180,90,13.52,-20.792,-66.8
180,90,13.84,-30.088,-77.57
180,90,14.16,-28.076,-76.3
180,90,14.48,-29.884,-81.71
180,90,14.8,-23.39,-71.4
180,90,15.12,-24.6,-71.03
180,90,15.44,-24.086,-70.4
180,90,15.76,-26.998,-74.19
180,90,16.08,-27.522,-74.98
180,90,16.4,-24,-73.81
180,90,16.72,-24.648,-74.13
180,90,17.04,-22.406,-73.66
180,90,17.36,-25.626,-78.27
180,90,17.68,-20.232,-73.31
180,90,18,-19.13,-71.94
