Phi (deg),Theta (deg),Freq (GHz),Gain (dB),S21 (dB)
-179,90,2,-5.9,-27.69
-179,90,2.16,-4.558,-27.97
-179,90,2.32,-10.466,-36.12
-179,90,2.48,-19.054,-46.3
-179,90,2.64,-13.328,-42.04
-179,90,2.8,-10.45,-37.51
-179,90,2.96,-12.378,-40.69
-179,90,3.12,-19.036,-47.27
-179,90,3.28,-16.822,-46.84
-179,90,3.44,-9.212,-37.86
-179,90,3.6,-14.97,-42.42
-179,90,3.76,-14.224,-43.71
-179,90,3.92,-9.152,-36.7
-179,90,4.08,-14.172,-41.84
-179,90,4.24,-13.856,-42.88
-179,90,4.4,-14.08,-43.89
-179,90,4.56,-14.896,-44.71
-179,90,4.72,-24.214,-54.2
-179,90,4.88,-18.27,-48.4
-179,90,5.04,-8.45999999999999,-38.51
-179,90,5.2,-10.42,-41.84
-179,90,5.36,-14.72,-45.52
-179,90,5.52,-7.098,-37.38
-179,90,5.68,-25.2,-56.57
-179,90,5.84,-13.132,-44.58
-179,90,6,-20.92,-52.46
-179,90,6.16,-22.63,-54.67
-179,90,6.32,-18.448,-51.94
-179,90,6.48,-18.116,-52.2
-179,90,6.64,-31.778,-66.17
-179,90,6.8,-13.82,-47.32
-179,90,6.96,-27.882,-62.21
-179,90,7.12,-23.206,-57.8
-179,90,7.28,-19.032,-53.41
-179,90,7.44,-21.596,-55.93
-179,90,7.6,-18.22,-51.62
-179,90,7.76,-25.538,-60.76
-179,90,7.92,-35.272,-69.9
-179,90,8.08,-31.026,-65.83
-179,90,8.24,-23.502,-58.61
-179,90,8.4,-18.54,-53.92
-179,90,8.56,-16.272,-52.55
-179,90,8.72,-16.538,-53.84
-179,90,8.88,-39.068,-76.21
-179,90,9.04,-21.954,-59.74
-179,90,9.2,-20.34,-59.2
-179,90,9.36,-19.304,-57.37
-179,90,9.52,-24.062,-62.44
-179,90,9.68,-34.04,-72.93
-179,90,9.84,-18.886,-58
-179,90,10,-18.57,-57.64
-179,90,10.16,-17.788,-57.43
-179,90,10.32,-15.952,-55.58
-179,90,10.48,-24.218,-63.75
-179,90,10.64,-17.128,-57.14
-179,90,10.8,-20.47,-60.74
-179,90,10.96,-26.346,-66.33
-179,90,11.12,-19.776,-60.02
-179,90,11.28,-23.466,-63.91
-179,90,11.44,-23.142,-63.89
-179,90,11.6,-26.29,-67.16
-179,90,11.76,-23.734,-64.85
-179,90,11.92,-23.124,-64.25
-179,90,12.08,-30.52,-72.71
-179,90,12.24,-28.264,-70.52
-179,90,12.4,-40.22,-82.88
-179,90,12.56,-26.05,-70.12
-179,90,12.72,-25.894,-70.45
-179,90,12.88,-25.766,-70.97
-179,90,13.04,-18.488,-64.99
-179,90,13.2,-23.74,-70.52
-179,90,13.36,-23.644,-69.86
-179,90,13.52,-19.102,-65.11
-179,90,13.68,-16.98,-63.66
-179,90,13.84,-23.138,-70.62
-179,90,14,-19.19,-67.04
-179,90,14.16,-13.936,-62.16
-179,90,14.32,-15.616,-64.57
-179,90,14.48,-20.294,-72.12
-179,90,14.64,-22.444,-71.9
-179,90,14.8,-13.34,-61.35
-179,90,14.96,-16.392,-63.52
-179,90,15.12,-21.26,-67.69
-179,90,15.28,-20.65,-67.2
-179,90,15.44,-17.906,-64.22
-179,90,15.6,-19.96,-66.59
-179,90,15.76,-17.188,-64.38
-179,90,15.92,-19.182,-66.36
-179,90,16.08,-20.862,-68.32
-179,90,16.24,-23.534,-71.66
-179,90,16.4,-21.67,-71.48
-179,90,16.56,-18.948,-67.88
-179,90,16.72,-20.558,-70.04
-179,90,16.88,-20.424,-70.89
-179,90,17.04,-16.226,-67.48
-179,90,17.2,-28.98,-81.41
-179,90,17.36,-29.426,-82.07
-179,90,17.52,-18.456,-70.99
-179,90,17.68,-18.382,-71.46
-179,90,17.84,-23.658,-76.57
-179,90,18,-17.74,-70.55
-178,90,2,-6.23,-28.02
-178,90,2.16,-4.678,-28.09
-178,90,2.32,-10.436,-36.09
-178,90,2.48,-16.944,-44.19
-178,90,2.64,-13.188,-41.9
-178,90,2.8,-11.54,-38.6
-178,90,2.96,-12.828,-41.14
-178,90,3.12,-20.086,-48.32
-178,90,3.28,-16.872,-46.89
-178,90,3.44,-10.442,-39.09
-178,90,3.6,-16.18,-43.63
-178,90,3.76,-13.374,-42.86
-178,90,3.92,-8.412,-35.96
-178,90,4.08,-14.372,-42.04
-178,90,4.24,-15.026,-44.05
-178,90,4.4,-15.35,-45.16
-178,90,4.56,-15.306,-45.12
-178,90,4.72,-22.774,-52.76
-178,90,4.88,-20.4,-50.53
-178,90,5.04,-10.07,-40.12
-178,90,5.2,-11.44,-42.86
-178,90,5.36,-13.42,-44.22
-178,90,5.52,-7.028,-37.31
-178,90,5.68,-24.26,-55.63
-178,90,5.84,-12.892,-44.34
-178,90,6,-20.45,-51.99
-178,90,6.16,-18.95,-50.99
-178,90,6.32,-18.158,-51.65
-178,90,6.48,-16.056,-50.14
-178,90,6.64,-21.278,-55.67
-178,90,6.8,-17.23,-50.73
-178,90,6.96,-23.642,-57.97
-178,90,7.12,-17.836,-52.43
-178,90,7.28,-19.762,-54.14
-178,90,7.44,-22.726,-57.06
-178,90,7.6,-22.87,-56.27
-178,90,7.76,-28.108,-63.33
-178,90,7.92,-36.862,-71.49
-178,90,8.08,-25.646,-60.45
-178,90,8.24,-32.222,-67.33
-178,90,8.4,-26.65,-62.03
-178,90,8.56,-18.682,-54.96
-178,90,8.72,-19.478,-56.78
-178,90,8.88,-28.918,-66.06
-178,90,9.04,-23.194,-60.98
-178,90,9.2,-24.08,-62.94
-178,90,9.36,-20.154,-58.22
-178,90,9.52,-24.172,-62.55
-178,90,9.68,-25.37,-64.26
-178,90,9.84,-20.456,-59.57
-178,90,10,-27.18,-66.25
-178,90,10.16,-21.318,-60.96
-178,90,10.32,-19.062,-58.69
-178,90,10.48,-18.898,-58.43
-178,90,10.64,-17.598,-57.61
-178,90,10.8,-25.14,-65.41
-178,90,10.96,-17.496,-57.48
-178,90,11.12,-16.266,-56.51
-178,90,11.28,-20.576,-61.02
-178,90,11.44,-24.442,-65.19
-178,90,11.6,-24.14,-65.01
-178,90,11.76,-29.794,-70.91
-178,90,11.92,-30.594,-71.72
-178,90,12.08,-27.33,-69.52
-178,90,12.24,-25.774,-68.03
-178,90,12.4,-32.41,-75.07
-178,90,12.56,-26.36,-70.43
-178,90,12.72,-27.804,-72.36
-178,90,12.88,-28.026,-73.23
-178,90,13.04,-18.088,-64.59
-178,90,13.2,-28.28,-75.06
-178,90,13.36,-23.364,-69.58
-178,90,13.52,-19.192,-65.2
-178,90,13.68,-18.97,-65.65
-178,90,13.84,-32.718,-80.2
-178,90,14,-24.05,-71.9
-178,90,14.16,-16.866,-65.09
-178,90,14.32,-23.426,-72.38
-178,90,14.48,-24.014,-75.84
-178,90,14.64,-20.314,-69.77
-178,90,14.8,-15.99,-64
-178,90,14.96,-17.992,-65.12
-178,90,15.12,-23.22,-69.65
-178,90,15.28,-22.9,-69.45
-178,90,15.44,-23.516,-69.83
-178,90,15.6,-31.47,-78.1
-178,90,15.76,-15.938,-63.13
-178,90,15.92,-23.572,-70.75
-178,90,16.08,-24.142,-71.6
-178,90,16.24,-25.574,-73.7
-178,90,16.4,-27.63,-77.44
-178,90,16.56,-23.768,-72.7
-178,90,16.72,-22.878,-72.36
-178,90,16.88,-24.444,-74.91
-178,90,17.04,-28.416,-79.67
-178,90,17.2,-20.95,-73.38
-178,90,17.36,-19.956,-72.6
-178,90,17.52,-16.846,-69.38
-178,90,17.68,-18.672,-71.75
-178,90,17.84,-19.028,-71.94
-178,90,18,-26.86,-79.67
-177,90,2,-6.79,-28.58
-177,90,2.16,-4.988,-28.4
-177,90,2.32,-10.596,-36.25
-177,90,2.48,-14.484,-41.73
-177,90,2.64,-13.338,-42.05
-177,90,2.8,-13.71,-40.77
-177,90,2.96,-12.968,-41.28
-177,90,3.12,-18.406,-46.64
-177,90,3.28,-16.382,-46.4
-177,90,3.44,-12.282,-40.93
-177,90,3.6,-16.5,-43.95
-177,90,3.76,-12.614,-42.1
-177,90,3.92,-7.86199999999999,-35.41
-177,90,4.08,-14.022,-41.69
-177,90,4.24,-17.016,-46.04
-177,90,4.4,-17.15,-46.96
-177,90,4.56,-15.506,-45.32
-177,90,4.72,-21.454,-51.44
-177,90,4.88,-21.61,-51.74
-177,90,5.04,-12.02,-42.07
-177,90,5.2,-12.93,-44.35
-177,90,5.36,-11.95,-42.75
-177,90,5.52,-7.438,-37.72
-177,90,5.68,-20.18,-51.55
-177,90,5.84,-12.332,-43.78
-177,90,6,-21.5,-53.04
-177,90,6.16,-18.11,-50.15
-177,90,6.32,-17.918,-51.41
-177,90,6.48,-15.046,-49.13
-177,90,6.64,-15.918,-50.31
-177,90,6.8,-19.83,-53.33
-177,90,6.96,-20.052,-54.38
-177,90,7.12,-16.666,-51.26
-177,90,7.28,-21.212,-55.59
-177,90,7.44,-21.536,-55.87
-177,90,7.6,-26.13,-59.53
-177,90,7.76,-31.148,-66.37
-177,90,7.92,-31.432,-66.06
-177,90,8.08,-22.876,-57.68
-177,90,8.24,-31.802,-66.91
-177,90,8.4,-33.16,-68.54
-177,90,8.56,-27.582,-63.86
-177,90,8.72,-25.328,-62.63
-177,90,8.88,-25.328,-62.47
-177,90,9.04,-22.544,-60.33
-177,90,9.2,-21.13,-59.99
-177,90,9.36,-19.974,-58.04
-177,90,9.52,-30.082,-68.46
-177,90,9.68,-21.84,-60.73
-177,90,9.84,-19.496,-58.61
-177,90,10,-50.06,-89.13
-177,90,10.16,-18.228,-57.87
-177,90,10.32,-22.812,-62.44
-177,90,10.48,-19.128,-58.66
-177,90,10.64,-17.668,-57.68
-177,90,10.8,-27.92,-68.19
-177,90,10.96,-17.526,-57.51
-177,90,11.12,-18.926,-59.17
-177,90,11.28,-23.176,-63.62
-177,90,11.44,-21.012,-61.76
-177,90,11.6,-18.3,-59.17
-177,90,11.76,-30.614,-71.73
-177,90,11.92,-30.414,-71.54
-177,90,12.08,-28.38,-70.57
-177,90,12.24,-30.134,-72.39
-177,90,12.4,-30.05,-72.71
-177,90,12.56,-27.25,-71.32
-177,90,12.72,-26.464,-71.02
-177,90,12.88,-39.356,-84.56
-177,90,13.04,-26.058,-72.56
-177,90,13.2,-28.06,-74.84
-177,90,13.36,-25.704,-71.92
-177,90,13.52,-21.792,-67.8
-177,90,13.68,-24.74,-71.42
-177,90,13.84,-23.678,-71.16
-177,90,14,-23.84,-71.69
-177,90,14.16,-15.576,-63.8
-177,90,14.32,-22.106,-71.06
-177,90,14.48,-20.014,-71.84
-177,90,14.64,-19.894,-69.35
-177,90,14.8,-24.45,-72.46
-177,90,14.96,-19.542,-66.67
-177,90,15.12,-25.79,-72.22
-177,90,15.28,-22.49,-69.04
-177,90,15.44,-36.266,-82.58
-177,90,15.6,-27.94,-74.57
-177,90,15.76,-24.798,-71.99
-177,90,15.92,-25.452,-72.63
-177,90,16.08,-32.372,-79.83
-177,90,16.24,-28.114,-76.24
-177,90,16.4,-32.72,-82.53
-177,90,16.56,-24.688,-73.62
-177,90,16.72,-34.818,-84.3
-177,90,16.88,-26.344,-76.81
-177,90,17.04,-33.166,-84.42
-177,90,17.2,-20.21,-72.64
-177,90,17.36,-24.646,-77.29
-177,90,17.52,-35.726,-88.26
-177,90,17.68,-34.862,-87.94
-177,90,17.84,-16.758,-69.67
-177,90,18,-24.34,-77.15
-176,90,2,-7.59,-29.38
-176,90,2.16,-5.548,-28.96
-176,90,2.32,-10.536,-36.19
-176,90,2.48,-12.344,-39.59
-176,90,2.64,-13.228,-41.94
-176,90,2.8,-17.2,-44.26
-176,90,2.96,-12.438,-40.75
-176,90,3.12,-16.476,-44.71
-176,90,3.28,-15.082,-45.1
-176,90,3.44,-14.452,-43.1
-176,90,3.6,-15.63,-43.08
-176,90,3.76,-11.984,-41.47
-176,90,3.92,-7.762,-35.31
-176,90,4.08,-13.242,-40.91
-176,90,4.24,-19.536,-48.56
-176,90,4.4,-18.2,-48.01
-176,90,4.56,-16.006,-45.82
-176,90,4.72,-21.914,-51.9
-176,90,4.88,-22.77,-52.9
-176,90,5.04,-13.47,-43.52
-176,90,5.2,-13.41,-44.83
-176,90,5.36,-11.62,-42.42
-176,90,5.52,-8.288,-38.57
-176,90,5.68,-16.7,-48.07
-176,90,5.84,-11.402,-42.85
-176,90,6,-20.85,-52.39
-176,90,6.16,-18.22,-50.26
-176,90,6.32,-17.358,-50.85
-176,90,6.48,-14.806,-48.89
-176,90,6.64,-13.898,-48.29
-176,90,6.8,-19.69,-53.19
-176,90,6.96,-20.492,-54.82
-176,90,7.12,-17.676,-52.27
-176,90,7.28,-20.132,-54.51
-176,90,7.44,-21.216,-55.55
-176,90,7.6,-36.22,-69.62
-176,90,7.76,-46.158,-81.38
-176,90,7.92,-26.602,-61.23
-176,90,8.08,-20.946,-55.75
-176,90,8.24,-38.322,-73.43
-176,90,8.4,-31.75,-67.13
-176,90,8.56,-45.942,-82.22
-176,90,8.72,-24.528,-61.83
-176,90,8.88,-28.898,-66.04
-176,90,9.04,-20.024,-57.81
-176,90,9.2,-22.43,-61.29
-176,90,9.36,-35.014,-73.08
-176,90,9.52,-23.562,-61.94
-176,90,9.68,-19.36,-58.25
-176,90,9.84,-19.006,-58.12
-176,90,10,-19.99,-59.06
-176,90,10.16,-14.888,-54.53
-176,90,10.32,-21.392,-61.02
-176,90,10.48,-19.178,-58.71
-176,90,10.64,-15.878,-55.89
-176,90,10.8,-20.56,-60.83
-176,90,10.96,-18.196,-58.18
-176,90,11.12,-20.566,-60.81
-176,90,11.28,-41.266,-81.71
-176,90,11.44,-16.522,-57.27
-176,90,11.6,-15.9,-56.77
-176,90,11.76,-23.384,-64.5
-176,90,11.92,-18.954,-60.08
-176,90,12.08,-16.45,-58.64
-176,90,12.24,-22.634,-64.89
-176,90,12.4,-27.52,-70.18
-176,90,12.56,-23.02,-67.09
-176,90,12.72,-29.894,-74.45
-176,90,12.88,-27.326,-72.53
-176,90,13.04,-22.348,-68.85
-176,90,13.2,-21.9,-68.68
-176,90,13.36,-35.504,-81.72
-176,90,13.52,-19.322,-65.33
-176,90,13.68,-20.92,-67.6
-176,90,13.84,-23.618,-71.1
-176,90,14,-22.68,-70.53
-176,90,14.16,-21.136,-69.36
-176,90,14.32,-21.746,-70.7
-176,90,14.48,-20.234,-72.06
-176,90,14.64,-27.904,-77.36
-176,90,14.8,-28.24,-76.25
-176,90,14.96,-21.652,-68.78
-176,90,15.12,-20.35,-66.78
-176,90,15.28,-21.14,-67.69
-176,90,15.44,-23.706,-70.02
-176,90,15.6,-31.83,-78.46
-176,90,15.76,-37.798,-84.99
-176,90,15.92,-42.202,-89.38
-176,90,16.08,-26.762,-74.22
-176,90,16.24,-28.374,-76.5
-176,90,16.4,-43.77,-93.58
-176,90,16.56,-31.938,-80.87
-176,90,16.72,-25.418,-74.9
-176,90,16.88,-23.004,-73.47
-176,90,17.04,-24.176,-75.43
-176,90,17.2,-24.32,-76.75
-176,90,17.36,-18.336,-70.98
-176,90,17.52,-31.036,-83.57
-176,90,17.68,-29.722,-82.8
-176,90,17.84,-17.538,-70.45
-176,90,18,-18.5,-71.31
-175,90,2,-8.4,-30.19
-175,90,2.16,-6.368,-29.78
-175,90,2.32,-10.126,-35.78
-175,90,2.48,-10.564,-37.81
-175,90,2.64,-12.868,-41.58
-175,90,2.8,-24.33,-51.39
-175,90,2.96,-11.168,-39.48
-175,90,3.12,-13.986,-42.22
-175,90,3.28,-14.552,-44.57
-175,90,3.44,-15.912,-44.56
-175,90,3.6,-14.11,-41.56
-175,90,3.76,-11.474,-40.96
-175,90,3.92,-8.222,-35.77
-175,90,4.08,-12.382,-40.05
-175,90,4.24,-21.526,-50.55
-175,90,4.4,-20.42,-50.23
-175,90,4.56,-16.766,-46.58
-175,90,4.72,-21.324,-51.31
-175,90,4.88,-20.33,-50.46
-175,90,5.04,-12.79,-42.84
-175,90,5.2,-13.49,-44.91
-175,90,5.36,-12.44,-43.24
-175,90,5.52,-9.558,-39.84
-175,90,5.68,-14.12,-45.49
-175,90,5.84,-10.812,-42.26
-175,90,6,-18.76,-50.3
-175,90,6.16,-18.74,-50.78
-175,90,6.32,-18.458,-51.95
-175,90,6.48,-15.626,-49.71
-175,90,6.64,-14.578,-48.97
-175,90,6.8,-16,-49.5
-175,90,6.96,-21.652,-55.98
-175,90,7.12,-20.856,-55.45
-175,90,7.28,-17.262,-51.64
-175,90,7.44,-19.236,-53.57
-175,90,7.6,-25.51,-58.91
-175,90,7.76,-26.108,-61.33
-175,90,7.92,-23.732,-58.36
-175,90,8.08,-21.856,-56.66
-175,90,8.24,-23.312,-58.42
-175,90,8.4,-41.01,-76.39
-175,90,8.56,-28.132,-64.41
-175,90,8.72,-25.738,-63.04
-175,90,8.88,-28.868,-66.01
-175,90,9.04,-18.464,-56.25
-175,90,9.2,-23.59,-62.45
-175,90,9.36,-18.934,-57
-175,90,9.52,-17.112,-55.49
-175,90,9.68,-14.89,-53.78
-175,90,9.84,-18.526,-57.64
-175,90,10,-13.77,-52.84
-175,90,10.16,-13.188,-52.83
-175,90,10.32,-18.362,-57.99
-175,90,10.48,-18.748,-58.28
-175,90,10.64,-17.308,-57.32
-175,90,10.8,-18.39,-58.66
-175,90,10.96,-15.956,-55.94
-175,90,11.12,-21.926,-62.17
-175,90,11.28,-25.106,-65.55
-175,90,11.44,-14.632,-55.38
-175,90,11.6,-15.19,-56.06
-175,90,11.76,-24.194,-65.31
-175,90,11.92,-18.754,-59.88
-175,90,12.08,-15.65,-57.84
-175,90,12.24,-16.974,-59.23
-175,90,12.4,-24.42,-67.08
-175,90,12.56,-20.13,-64.2
-175,90,12.72,-22.584,-67.14
-175,90,12.88,-25.776,-70.98
-175,90,13.04,-17.328,-63.83
-175,90,13.2,-22.04,-68.82
-175,90,13.36,-30.794,-77.01
-175,90,13.52,-22.262,-68.27
-175,90,13.68,-26.98,-73.66
-175,90,13.84,-23.968,-71.45
-175,90,14,-24.56,-72.41
-175,90,14.16,-25.466,-73.69
-175,90,14.32,-19.556,-68.51
-175,90,14.48,-20.844,-72.67
-175,90,14.64,-17.404,-66.86
-175,90,14.8,-32.11,-80.12
-175,90,14.96,-25.442,-72.57
-175,90,15.12,-23.23,-69.66
-175,90,15.28,-30.7,-77.25
-175,90,15.44,-23.126,-69.44
-175,90,15.6,-22.26,-68.89
-175,90,15.76,-25.728,-72.92
-175,90,15.92,-46.422,-93.6
-175,90,16.08,-33.992,-81.45
-175,90,16.24,-29.164,-77.29
-175,90,16.4,-26.75,-76.56
-175,90,16.56,-34.438,-83.37
-175,90,16.72,-27.798,-77.28
-175,90,16.88,-31.614,-82.08
-175,90,17.04,-27.506,-78.76
-175,90,17.2,-21.68,-74.11
-175,90,17.36,-27.576,-80.22
-175,90,17.52,-32.036,-84.57
-175,90,17.68,-35.732,-88.81
-175,90,17.84,-23.568,-76.48
-175,90,18,-28.8,-81.61
-174,90,2,-9.36,-31.15
-174,90,2.16,-7.298,-30.71
-174,90,2.32,-9.266,-34.92
-174,90,2.48,-9.134,-36.38
-174,90,2.64,-12.398,-41.11
-174,90,2.8,-35.97,-63.03
-174,90,2.96,-9.868,-38.18
-174,90,3.12,-12.876,-41.11
-174,90,3.28,-14.412,-44.43
-174,90,3.44,-16.542,-45.19
-174,90,3.6,-13.27,-40.72
-174,90,3.76,-11.354,-40.84
-174,90,3.92,-9.252,-36.8
-174,90,4.08,-11.892,-39.56
-174,90,4.24,-21.216,-50.24
-174,90,4.4,-23.77,-53.58
-174,90,4.56,-17.496,-47.31
-174,90,4.72,-22.024,-52.01
-174,90,4.88,-16.13,-46.26
-174,90,5.04,-11.16,-41.21
-174,90,5.2,-12.41,-43.83
-174,90,5.36,-14.57,-45.37
-174,90,5.52,-11.558,-41.84
-174,90,5.68,-12.86,-44.23
-174,90,5.84,-10.132,-41.58
-174,90,6,-16.61,-48.15
-174,90,6.16,-20.65,-52.69
-174,90,6.32,-18.448,-51.94
-174,90,6.48,-16.426,-50.51
-174,90,6.64,-15.648,-50.04
-174,90,6.8,-14,-47.5
-174,90,6.96,-19.662,-53.99
-174,90,7.12,-21.946,-56.54
-174,90,7.28,-13.862,-48.24
-174,90,7.44,-16.716,-51.05
-174,90,7.6,-22.72,-56.12
-174,90,7.76,-21.898,-57.12
-174,90,7.92,-20.662,-55.29
-174,90,8.08,-22.136,-56.94
-174,90,8.24,-19.072,-54.18
-174,90,8.4,-29.62,-65
-174,90,8.56,-23.282,-59.56
-174,90,8.72,-26.858,-64.16
-174,90,8.88,-22.668,-59.81
-174,90,9.04,-16.804,-54.59
-174,90,9.2,-17.66,-56.52
-174,90,9.36,-14.944,-53.01
-174,90,9.52,-14.712,-53.09
-174,90,9.68,-13.11,-52
-174,90,9.84,-15.296,-54.41
-174,90,10,-12.44,-51.51
-174,90,10.16,-11.458,-51.1
-174,90,10.32,-15.752,-55.38
-174,90,10.48,-18.618,-58.15
-174,90,10.64,-17.888,-57.9
-174,90,10.8,-16.93,-57.2
-174,90,10.96,-12.886,-52.87
-174,90,11.12,-18.256,-58.5
-174,90,11.28,-19.986,-60.43
-174,90,11.44,-20.912,-61.66
-174,90,11.6,-16.9,-57.77
-174,90,11.76,-18.984,-60.1
-174,90,11.92,-21.884,-63.01
-174,90,12.08,-21.19,-63.38
-174,90,12.24,-24.334,-66.59
-174,90,12.4,-23.67,-66.33
-174,90,12.56,-19.55,-63.62
-174,90,12.72,-25.124,-69.68
-174,90,12.88,-36.186,-81.39
-174,90,13.04,-23.698,-70.2
-174,90,13.2,-21.75,-68.53
-174,90,13.36,-25.794,-72.01
-174,90,13.52,-20.072,-66.08
-174,90,13.68,-24.93,-71.61
-174,90,13.84,-18.518,-66
-174,90,14,-36.86,-84.71
-174,90,14.16,-20.156,-68.38
-174,90,14.32,-18.016,-66.97
-174,90,14.48,-19.024,-70.85
-174,90,14.64,-16.264,-65.72
-174,90,14.8,-20.02,-68.03
-174,90,14.96,-33.392,-80.52
-174,90,15.12,-18.97,-65.4
-174,90,15.28,-25.12,-71.67
-174,90,15.44,-28.856,-75.17
-174,90,15.6,-30.78,-77.41
-174,90,15.76,-26.398,-73.59
-174,90,15.92,-27.482,-74.66
-174,90,16.08,-26.842,-74.3
-174,90,16.24,-27.384,-75.51
-174,90,16.4,-26.98,-76.79
-174,90,16.56,-24.618,-73.55
-174,90,16.72,-24.128,-73.61
-174,90,16.88,-22.414,-72.88
-174,90,17.04,-18.696,-69.95
-174,90,17.2,-19.59,-72.02
-174,90,17.36,-26.016,-78.66
-174,90,17.52,-24.726,-77.26
-174,90,17.68,-17.192,-70.27
-174,90,17.84,-22.838,-75.75
-174,90,18,-21.2,-74.01
-173,90,2,-10.39,-32.18
-173,90,2.16,-8.578,-31.99
-173,90,2.32,-8.536,-34.19
-173,90,2.48,-8.244,-35.49
-173,90,2.64,-11.898,-40.61
-173,90,2.8,-24.24,-51.3
-173,90,2.96,-8.948,-37.26
-173,90,3.12,-12.576,-40.81
-173,90,3.28,-15.392,-45.41
-173,90,3.44,-15.022,-43.67
-173,90,3.6,-12.55,-40
-173,90,3.76,-11.824,-41.31
-173,90,3.92,-11.042,-38.59
-173,90,4.08,-11.812,-39.48
-173,90,4.24,-20.096,-49.12
-173,90,4.4,-26.46,-56.27
-173,90,4.56,-18.586,-48.4
-173,90,4.72,-20.144,-50.13
-173,90,4.88,-12.51,-42.64
-173,90,5.04,-9.09,-39.14
-173,90,5.2,-11.21,-42.63
-173,90,5.36,-16.13,-46.93
-173,90,5.52,-12.998,-43.28
-173,90,5.68,-12.98,-44.35
-173,90,5.84,-9.732,-41.18
-173,90,6,-15.92,-47.46
-173,90,6.16,-21.14,-53.18
-173,90,6.32,-19.728,-53.22
-173,90,6.48,-17.036,-51.12
-173,90,6.64,-16.918,-51.31
-173,90,6.8,-12.04,-45.54
-173,90,6.96,-17.082,-51.41
-173,90,7.12,-20.896,-55.49
-173,90,7.28,-13.042,-47.42
-173,90,7.44,-15.116,-49.45
-173,90,7.6,-20.07,-53.47
-173,90,7.76,-18.688,-53.91
-173,90,7.92,-16.652,-51.28
-173,90,8.08,-21.986,-56.79
-173,90,8.24,-19.852,-54.96
-173,90,8.4,-19.69,-55.07
-173,90,8.56,-20.582,-56.86
-173,90,8.72,-24.458,-61.76
-173,90,8.88,-20.218,-57.36
-173,90,9.04,-15.124,-52.91
-173,90,9.2,-15.83,-54.69
-173,90,9.36,-13.224,-51.29
-173,90,9.52,-14.102,-52.48
-173,90,9.68,-11.97,-50.86
-173,90,9.84,-13.356,-52.47
-173,90,10,-13.09,-52.16
-173,90,10.16,-10.108,-49.75
-173,90,10.32,-13.892,-53.52
-173,90,10.48,-17.878,-57.41
-173,90,10.64,-15.258,-55.27
-173,90,10.8,-15.62,-55.89
-173,90,10.96,-12.396,-52.38
-173,90,11.12,-18.216,-58.46
-173,90,11.28,-17.286,-57.73
-173,90,11.44,-25.062,-65.81
-173,90,11.6,-20.14,-61.01
-173,90,11.76,-21.914,-63.03
-173,90,11.92,-21.024,-62.15
-173,90,12.08,-20.44,-62.63
-173,90,12.24,-32.934,-75.19
-173,90,12.4,-30.25,-72.91
-173,90,12.56,-28.99,-73.06
-173,90,12.72,-26.104,-70.66
-173,90,12.88,-35.046,-80.25
-173,90,13.04,-25.178,-71.68
-173,90,13.2,-24.04,-70.82
-173,90,13.36,-29.384,-75.6
-173,90,13.52,-22.312,-68.32
-173,90,13.68,-24.36,-71.04
-173,90,13.84,-18.198,-65.68
-173,90,14,-30.3,-78.15
-173,90,14.16,-15.876,-64.1
-173,90,14.32,-16.826,-65.78
-173,90,14.48,-22.964,-74.79
-173,90,14.64,-14.464,-63.92
-173,90,14.8,-18.96,-66.97
-173,90,14.96,-29.602,-76.73
-173,90,15.12,-21.23,-67.66
-173,90,15.28,-26.55,-73.1
-173,90,15.44,-24.516,-70.83
-173,90,15.6,-25.1,-71.73
-173,90,15.76,-22.698,-69.89
-173,90,15.92,-28.012,-75.19
-173,90,16.08,-24.112,-71.57
-173,90,16.24,-25.094,-73.22
-173,90,16.4,-27.18,-76.99
-173,90,16.56,-30.318,-79.25
-173,90,16.72,-22.188,-71.67
-173,90,16.88,-29.924,-80.39
-173,90,17.04,-19.176,-70.43
-173,90,17.2,-21.1,-73.53
-173,90,17.36,-23.646,-76.29
-173,90,17.52,-22.166,-74.7
-173,90,17.68,-27.302,-80.38
-173,90,17.84,-24.758,-77.67
-173,90,18,-23.42,-76.23
-172,90,2,-11.31,-33.1
-172,90,2.16,-9.788,-33.2
-172,90,2.32,-7.906,-33.56
-172,90,2.48,-7.604,-34.85
-172,90,2.64,-11.808,-40.52
-172,90,2.8,-20.94,-48
-172,90,2.96,-8.658,-36.97
-172,90,3.12,-12.736,-40.97
-172,90,3.28,-17.592,-47.61
-172,90,3.44,-13.182,-41.83
-172,90,3.6,-12.65,-40.1
-172,90,3.76,-12.854,-42.34
-172,90,3.92,-12.642,-40.19
-172,90,4.08,-11.772,-39.44
-172,90,4.24,-18.656,-47.68
-172,90,4.4,-25.18,-54.99
-172,90,4.56,-19.206,-49.02
-172,90,4.72,-16.984,-46.97
-172,90,4.88,-10.59,-40.72
-172,90,5.04,-7.7,-37.75
-172,90,5.2,-11.18,-42.6
-172,90,5.36,-15.2,-46
-172,90,5.52,-14.678,-44.96
-172,90,5.68,-13.62,-44.99
-172,90,5.84,-10.062,-41.51
-172,90,6,-16.4,-47.94
-172,90,6.16,-18.68,-50.72
-172,90,6.32,-18.718,-52.21
-172,90,6.48,-17.456,-51.54
-172,90,6.64,-16.838,-51.23
-172,90,6.8,-10.68,-44.18
-172,90,6.96,-14.442,-48.77
-172,90,7.12,-18.326,-52.92
-172,90,7.28,-13.242,-47.62
-172,90,7.44,-14.766,-49.1
-172,90,7.6,-18.6,-52
-172,90,7.76,-18.108,-53.33
-172,90,7.92,-14.502,-49.13
-172,90,8.08,-19.986,-54.79
-172,90,8.24,-18.752,-53.86
-172,90,8.4,-14.56,-49.94
-172,90,8.56,-16.912,-53.19
-172,90,8.72,-22.658,-59.96
-172,90,8.88,-18.878,-56.02
-172,90,9.04,-13.754,-51.54
-172,90,9.2,-15.62,-54.48
-172,90,9.36,-12.984,-51.05
-172,90,9.52,-13.952,-52.33
-172,90,9.68,-12.49,-51.38
-172,90,9.84,-13.736,-52.85
-172,90,10,-13.85,-52.92
-172,90,10.16,-9.268,-48.91
-172,90,10.32,-14.392,-54.02
-172,90,10.48,-17.758,-57.29
-172,90,10.64,-11.688,-51.7
-172,90,10.8,-14.44,-54.71
-172,90,10.96,-15.386,-55.37
-172,90,11.12,-18.866,-59.11
-172,90,11.28,-19.056,-59.5
-172,90,11.44,-23.282,-64.03
-172,90,11.6,-26.15,-67.02
-172,90,11.76,-27.744,-68.86
-172,90,11.92,-24.604,-65.73
-172,90,12.08,-27.46,-69.65
-172,90,12.24,-26.124,-68.38
-172,90,12.4,-25.54,-68.2
-172,90,12.56,-21.18,-65.25
-172,90,12.72,-24.244,-68.8
-172,90,12.88,-26.166,-71.37
-172,90,13.04,-19.578,-66.08
-172,90,13.2,-19.27,-66.05
-172,90,13.36,-26.124,-72.34
-172,90,13.52,-26.452,-72.46
-172,90,13.68,-20,-66.68
-172,90,13.84,-21.268,-68.75
-172,90,14,-28.38,-76.23
-172,90,14.16,-17.216,-65.44
-172,90,14.32,-15.706,-64.66
-172,90,14.48,-26.884,-78.71
-172,90,14.64,-18.574,-68.03
-172,90,14.8,-14.86,-62.87
-172,90,14.96,-28.412,-75.54
-172,90,15.12,-21.02,-67.45
-172,90,15.28,-18.25,-64.8
-172,90,15.44,-22.226,-68.54
-172,90,15.6,-34.91,-81.54
-172,90,15.76,-24.868,-72.06
-172,90,15.92,-30.772,-77.95
-172,90,16.08,-28.212,-75.67
-172,90,16.24,-24.914,-73.04
-172,90,16.4,-26.45,-76.26
-172,90,16.56,-26.298,-75.23
-172,90,16.72,-27.648,-77.13
-172,90,16.88,-28.604,-79.07
-172,90,17.04,-33.016,-84.27
-172,90,17.2,-34.17,-86.6
-172,90,17.36,-25.736,-78.38
-172,90,17.52,-26.286,-78.82
-172,90,17.68,-25.462,-78.54
-172,90,17.84,-23.798,-76.71
-172,90,18,-23.89,-76.7
-171,90,2,-12.06,-33.85
-171,90,2.16,-11.228,-34.64
-171,90,2.32,-7.556,-33.21
-171,90,2.48,-7.404,-34.65
-171,90,2.64,-11.958,-40.67
-171,90,2.8,-20.87,-47.93
-171,90,2.96,-9.008,-37.32
-171,90,3.12,-13.986,-42.22
-171,90,3.28,-20.772,-50.79
-171,90,3.44,-11.352,-40
-171,90,3.6,-12.96,-40.41
-171,90,3.76,-14.534,-44.02
-171,90,3.92,-13.242,-40.79
-171,90,4.08,-11.662,-39.33
-171,90,4.24,-15.916,-44.94
-171,90,4.4,-20.82,-50.63
-171,90,4.56,-19.546,-49.36
-171,90,4.72,-15.074,-45.06
-171,90,4.88,-9.76,-39.89
-171,90,5.04,-7.2,-37.25
-171,90,5.2,-11.11,-42.53
-171,90,5.36,-14.17,-44.97
-171,90,5.52,-14.848,-45.13
-171,90,5.68,-16,-47.37
-171,90,5.84,-10.982,-42.43
-171,90,6,-19.22,-50.76
-171,90,6.16,-15.43,-47.47
-171,90,6.32,-15.168,-48.66
-171,90,6.48,-17.046,-51.13
-171,90,6.64,-18.198,-52.59
-171,90,6.8,-10.95,-44.45
-171,90,6.96,-11.992,-46.32
-171,90,7.12,-13.796,-48.39
-171,90,7.28,-14.102,-48.48
-171,90,7.44,-14.356,-48.69
-171,90,7.6,-18.46,-51.86
-171,90,7.76,-17.838,-53.06
-171,90,7.92,-13.892,-48.52
-171,90,8.08,-18.896,-53.7
-171,90,8.24,-17.692,-52.8
-171,90,8.4,-12.45,-47.83
-171,90,8.56,-16.042,-52.32
-171,90,8.72,-18.338,-55.64
-171,90,8.88,-18.028,-55.17
-171,90,9.04,-13.144,-50.93
-171,90,9.2,-16.84,-55.7
-171,90,9.36,-14.204,-52.27
-171,90,9.52,-13.762,-52.14
-171,90,9.68,-13.06,-51.95
-171,90,9.84,-13.606,-52.72
-171,90,10,-12.8,-51.87
-171,90,10.16,-10.378,-50.02
-171,90,10.32,-14.652,-54.28
-171,90,10.48,-15.008,-54.54
-171,90,10.64,-12.578,-52.59
-171,90,10.8,-15.06,-55.33
-171,90,10.96,-18.566,-58.55
-171,90,11.12,-16.626,-56.87
-171,90,11.28,-21.406,-61.85
-171,90,11.44,-21.782,-62.53
-171,90,11.6,-22.35,-63.22
-171,90,11.76,-21.844,-62.96
-171,90,11.92,-24.074,-65.2
-171,90,12.08,-20,-62.19
-171,90,12.24,-19.574,-61.83
-171,90,12.4,-23.18,-65.84
-171,90,12.56,-24.48,-68.55
-171,90,12.72,-29.474,-74.03
-171,90,12.88,-26.076,-71.28
-171,90,13.04,-24.468,-70.97
-171,90,13.2,-17.99,-64.77
-171,90,13.36,-20.794,-67.01
-171,90,13.52,-25.952,-71.96
-171,90,13.68,-24.29,-70.97
-171,90,13.84,-19.918,-67.4
-171,90,14,-35.38,-83.23
-171,90,14.16,-14.106,-62.33
-171,90,14.32,-16.736,-65.69
-171,90,14.48,-20.184,-72.01
-171,90,14.64,-15.464,-64.92
-171,90,14.8,-21.86,-69.87
-171,90,14.96,-20.042,-67.17
-171,90,15.12,-20.18,-66.61
-171,90,15.28,-16.91,-63.46
-171,90,15.44,-22.336,-68.65
-171,90,15.6,-37,-83.63
-171,90,15.76,-35.538,-82.73
-171,90,15.92,-26.462,-73.64
-171,90,16.08,-30.452,-77.91
-171,90,16.24,-31.594,-79.72
-171,90,16.4,-21.68,-71.49
-171,90,16.56,-33.088,-82.02
-171,90,16.72,-24.718,-74.2
-171,90,16.88,-24.984,-75.45
-171,90,17.04,-24.756,-76.01
-171,90,17.2,-20.6,-73.03
-171,90,17.36,-28.466,-81.11
-171,90,17.52,-17.996,-70.53
-171,90,17.68,-21.532,-74.61
-171,90,17.84,-28.518,-81.43
-171,90,18,-25.46,-78.27
-170,90,2,-12.71,-34.5
-170,90,2.16,-12.528,-35.94
-170,90,2.32,-7.586,-33.24
-170,90,2.48,-7.73399999999999,-34.98
-170,90,2.64,-12.618,-41.33
-170,90,2.8,-21.84,-48.9
-170,90,2.96,-9.70800000000001,-38.02
-170,90,3.12,-16.026,-44.26
-170,90,3.28,-20.942,-50.96
-170,90,3.44,-9.652,-38.3
-170,90,3.6,-13.54,-40.99
-170,90,3.76,-17.334,-46.82
-170,90,3.92,-12.602,-40.15
-170,90,4.08,-11.192,-38.86
-170,90,4.24,-13.006,-42.03
-170,90,4.4,-17.16,-46.97
-170,90,4.56,-19.336,-49.15
-170,90,4.72,-13.144,-43.13
-170,90,4.88,-9.82,-39.95
-170,90,5.04,-7.63,-37.68
-170,90,5.2,-11.52,-42.94
-170,90,5.36,-13.12,-43.92
-170,90,5.52,-13.598,-43.88
-170,90,5.68,-18.76,-50.13
-170,90,5.84,-12.312,-43.76
-170,90,6,-20.81,-52.35
-170,90,6.16,-13.5,-45.54
-170,90,6.32,-13.828,-47.32
-170,90,6.48,-17.256,-51.34
-170,90,6.64,-18.298,-52.69
-170,90,6.8,-12.37,-45.87
-170,90,6.96,-10.862,-45.19
-170,90,7.12,-11.936,-46.53
-170,90,7.28,-15.242,-49.62
-170,90,7.44,-14.946,-49.28
-170,90,7.6,-16.97,-50.37
-170,90,7.76,-19.308,-54.53
-170,90,7.92,-15.222,-49.85
-170,90,8.08,-16.846,-51.65
-170,90,8.24,-15.772,-50.88
-170,90,8.4,-12.79,-48.17
-170,90,8.56,-15.782,-52.06
-170,90,8.72,-15.398,-52.7
-170,90,8.88,-20.508,-57.65
-170,90,9.04,-13.624,-51.41
-170,90,9.2,-17.56,-56.42
-170,90,9.36,-14.364,-52.43
-170,90,9.52,-13.532,-51.91
-170,90,9.68,-13.19,-52.08
-170,90,9.84,-15.296,-54.41
-170,90,10,-11.59,-50.66
-170,90,10.16,-12.418,-52.06
-170,90,10.32,-17.442,-57.07
-170,90,10.48,-16.168,-55.7
-170,90,10.64,-15.948,-55.96
-170,90,10.8,-16.91,-57.18
-170,90,10.96,-15.206,-55.19
-170,90,11.12,-16.396,-56.64
-170,90,11.28,-17.496,-57.94
-170,90,11.44,-20.792,-61.54
-170,90,11.6,-19.53,-60.4
-170,90,11.76,-20.454,-61.57
-170,90,11.92,-23.034,-64.16
-170,90,12.08,-21.07,-63.26
-170,90,12.24,-21.404,-63.66
-170,90,12.4,-23.27,-65.93
-170,90,12.56,-22.76,-66.83
-170,90,12.72,-19.574,-64.13
-170,90,12.88,-27.146,-72.35
-170,90,13.04,-25.528,-72.03
-170,90,13.2,-29.65,-76.43
-170,90,13.36,-29.624,-75.84
-170,90,13.52,-19.892,-65.9
-170,90,13.68,-23.99,-70.67
-170,90,13.84,-21.858,-69.34
-170,90,14,-44.9,-92.75
-170,90,14.16,-15.176,-63.4
-170,90,14.32,-14.366,-63.32
-170,90,14.48,-16.594,-68.42
-170,90,14.64,-16.374,-65.83
-170,90,14.8,-17.16,-65.17
-170,90,14.96,-17.002,-64.13
-170,90,15.12,-19.33,-65.76
-170,90,15.28,-22.89,-69.44
-170,90,15.44,-34.666,-80.98
-170,90,15.6,-34.21,-80.84
-170,90,15.76,-20.868,-68.06
-170,90,15.92,-22.202,-69.38
-170,90,16.08,-24.672,-72.13
-170,90,16.24,-24.594,-72.72
-170,90,16.4,-33.33,-83.14
-170,90,16.56,-27.778,-76.71
-170,90,16.72,-24.898,-74.38
-170,90,16.88,-24.114,-74.58
-170,90,17.04,-36.456,-87.71
-170,90,17.2,-21.67,-74.1
-170,90,17.36,-21.566,-74.21
-170,90,17.52,-20.526,-73.06
-170,90,17.68,-18.242,-71.32
-170,90,17.84,-21.128,-74.04
-170,90,18,-24.6,-77.41
-169,90,2,-13.05,-34.84
-169,90,2.16,-13.598,-37.01
-169,90,2.32,-7.846,-33.5
-169,90,2.48,-8.344,-35.59
-169,90,2.64,-13.238,-41.95
-169,90,2.8,-23.05,-50.11
-169,90,2.96,-10.858,-39.17
-169,90,3.12,-20.206,-48.44
-169,90,3.28,-16.692,-46.71
-169,90,3.44,-8.642,-37.29
-169,90,3.6,-14.59,-42.04
-169,90,3.76,-19.504,-48.99
-169,90,3.92,-11.902,-39.45
-169,90,4.08,-10.412,-38.08
-169,90,4.24,-10.776,-39.8
-169,90,4.4,-14.82,-44.63
-169,90,4.56,-18.606,-48.42
-169,90,4.72,-12.514,-42.5
-169,90,4.88,-11.19,-41.32
-169,90,5.04,-9.09999999999999,-39.15
-169,90,5.2,-11.62,-43.04
-169,90,5.36,-12,-42.8
-169,90,5.52,-11.868,-42.15
-169,90,5.68,-18.47,-49.84
-169,90,5.84,-13.212,-44.66
-169,90,6,-21.14,-52.68
-169,90,6.16,-13.06,-45.1
-169,90,6.32,-13.558,-47.05
-169,90,6.48,-16.976,-51.06
-169,90,6.64,-19.488,-53.88
-169,90,6.8,-13.23,-46.73
-169,90,6.96,-10.632,-44.96
-169,90,7.12,-12.016,-46.61
-169,90,7.28,-16.622,-51
-169,90,7.44,-13.266,-47.6
-169,90,7.6,-14.96,-48.36
-169,90,7.76,-18.498,-53.72
-169,90,7.92,-17.142,-51.77
-169,90,8.08,-14.486,-49.29
-169,90,8.24,-14.052,-49.16
-169,90,8.4,-15.61,-50.99
-169,90,8.56,-15.422,-51.7
-169,90,8.72,-15.738,-53.04
-169,90,8.88,-16.988,-54.13
-169,90,9.04,-13.924,-51.71
-169,90,9.2,-14.47,-53.33
-169,90,9.36,-14.804,-52.87
-169,90,9.52,-12.792,-51.17
-169,90,9.68,-14.45,-53.34
-169,90,9.84,-18.616,-57.73
-169,90,10,-10.54,-49.61
-169,90,10.16,-14.758,-54.4
-169,90,10.32,-18.482,-58.11
-169,90,10.48,-16.178,-55.71
-169,90,10.64,-15.048,-55.06
-169,90,10.8,-15.31,-55.58
-169,90,10.96,-13.376,-53.36
-169,90,11.12,-18.496,-58.74
-169,90,11.28,-17.496,-57.94
-169,90,11.44,-19.752,-60.5
-169,90,11.6,-22.63,-63.5
-169,90,11.76,-24.284,-65.4
-169,90,11.92,-23.744,-64.87
-169,90,12.08,-22.19,-64.38
-169,90,12.24,-28.544,-70.8
-169,90,12.4,-22,-64.66
-169,90,12.56,-18.44,-62.51
-169,90,12.72,-17.664,-62.22
-169,90,12.88,-29.146,-74.35
-169,90,13.04,-19.668,-66.17
-169,90,13.2,-22.43,-69.21
-169,90,13.36,-19.984,-66.2
-169,90,13.52,-19.832,-65.84
-169,90,13.68,-16.06,-62.74
-169,90,13.84,-29.688,-77.17
-169,90,14,-21.26,-69.11
-169,90,14.16,-23.876,-72.1
-169,90,14.32,-24.036,-72.99
-169,90,14.48,-15.674,-67.5
-169,90,14.64,-18.504,-67.96
-169,90,14.8,-14.05,-62.06
-169,90,14.96,-18.102,-65.23
-169,90,15.12,-17.27,-63.7
-169,90,15.28,-21.66,-68.21
-169,90,15.44,-22.066,-68.38
-169,90,15.6,-22.14,-68.77
-169,90,15.76,-25.998,-73.19
-169,90,15.92,-18.562,-65.74
-169,90,16.08,-26.512,-73.97
-169,90,16.24,-33.114,-81.24
-169,90,16.4,-20.51,-70.32
-169,90,16.56,-18.858,-67.79
-169,90,16.72,-17.608,-67.09
-169,90,16.88,-19.684,-70.15
-169,90,17.04,-17.856,-69.11
-169,90,17.2,-19.29,-71.72
-169,90,17.36,-26.626,-79.27
-169,90,17.52,-28.036,-80.57
-169,90,17.68,-22.162,-75.24
-169,90,17.84,-24.178,-77.09
-169,90,18,-19.9,-72.71
-168,90,2,-13.25,-35.04
-168,90,2.16,-14.348,-37.76
-168,90,2.32,-8.606,-34.26
-168,90,2.48,-9.55399999999999,-36.8
-168,90,2.64,-13.778,-42.49
-168,90,2.8,-20.22,-47.28
-168,90,2.96,-12.178,-40.49
-168,90,3.12,-23.306,-51.54
-168,90,3.28,-13.912,-43.93
-168,90,3.44,-8.232,-36.88
-168,90,3.6,-15.74,-43.19
-168,90,3.76,-19.074,-48.56
-168,90,3.92,-11.402,-38.95
-168,90,4.08,-9.802,-37.47
-168,90,4.24,-9.45599999999999,-38.48
-168,90,4.4,-12.76,-42.57
-168,90,4.56,-16.926,-46.74
-168,90,4.72,-12.084,-42.07
-168,90,4.88,-12.29,-42.42
-168,90,5.04,-11.21,-41.26
-168,90,5.2,-11.5,-42.92
-168,90,5.36,-11.15,-41.95
-168,90,5.52,-10.618,-40.9
-168,90,5.68,-15.93,-47.3
-168,90,5.84,-12.482,-43.93
-168,90,6,-20.09,-51.63
-168,90,6.16,-13.31,-45.35
-168,90,6.32,-14.458,-47.95
-168,90,6.48,-14.936,-49.02
-168,90,6.64,-18.868,-53.26
-168,90,6.8,-13.74,-47.24
-168,90,6.96,-12.472,-46.8
-168,90,7.12,-12.806,-47.4
-168,90,7.28,-16.782,-51.16
-168,90,7.44,-11.486,-45.82
-168,90,7.6,-13.14,-46.54
-168,90,7.76,-16.608,-51.83
-168,90,7.92,-20.222,-54.85
-168,90,8.08,-13.936,-48.74
-168,90,8.24,-13.672,-48.78
-168,90,8.4,-17.69,-53.07
-168,90,8.56,-15.052,-51.33
-168,90,8.72,-18.258,-55.56
-168,90,8.88,-14.348,-51.49
-168,90,9.04,-12.714,-50.5
-168,90,9.2,-12.5,-51.36
-168,90,9.36,-13.464,-51.53
-168,90,9.52,-14.082,-52.46
-168,90,9.68,-15.45,-54.34
-168,90,9.84,-17.386,-56.5
-168,90,10,-10.56,-49.63
-168,90,10.16,-15.248,-54.89
-168,90,10.32,-16.522,-56.15
-168,90,10.48,-16.238,-55.77
-168,90,10.64,-14.708,-54.72
-168,90,10.8,-15.66,-55.93
-168,90,10.96,-15.496,-55.48
-168,90,11.12,-18.946,-59.19
-168,90,11.28,-18.016,-58.46
-168,90,11.44,-24.692,-65.44
-168,90,11.6,-23.63,-64.5
-168,90,11.76,-20.644,-61.76
-168,90,11.92,-20.934,-62.06
-168,90,12.08,-27.84,-70.03
-168,90,12.24,-19.964,-62.22
-168,90,12.4,-21.35,-64.01
-168,90,12.56,-18.99,-63.06
-168,90,12.72,-23.324,-67.88
-168,90,12.88,-25.876,-71.08
-168,90,13.04,-25.318,-71.82
-168,90,13.2,-14.89,-61.67
-168,90,13.36,-22.904,-69.12
-168,90,13.52,-28.922,-74.93
-168,90,13.68,-20.88,-67.56
-168,90,13.84,-39.348,-86.83
-168,90,14,-22.26,-70.11
-168,90,14.16,-19.486,-67.71
-168,90,14.32,-22.616,-71.57
-168,90,14.48,-19.894,-71.72
-168,90,14.64,-15.824,-65.28
-168,90,14.8,-22.72,-70.73
-168,90,14.96,-16.952,-64.08
-168,90,15.12,-19.27,-65.7
-168,90,15.28,-18.29,-64.84
-168,90,15.44,-20.026,-66.34
-168,90,15.6,-26.57,-73.2
-168,90,15.76,-27.838,-75.03
-168,90,15.92,-22.842,-70.02
-168,90,16.08,-25.052,-72.51
-168,90,16.24,-25.694,-73.82
-168,90,16.4,-25.21,-75.02
-168,90,16.56,-22.158,-71.09
-168,90,16.72,-22.008,-71.49
-168,90,16.88,-20.634,-71.1
-168,90,17.04,-28.096,-79.35
-168,90,17.2,-21.09,-73.52
-168,90,17.36,-33.936,-86.58
-168,90,17.52,-24.036,-76.57
-168,90,17.68,-19.532,-72.61
-168,90,17.84,-22.038,-74.95
-168,90,18,-28.68,-81.49
-167,90,2,-13.41,-35.2
-167,90,2.16,-15.358,-38.77
-167,90,2.32,-9.556,-35.21
-167,90,2.48,-11.044,-38.29
-167,90,2.64,-13.458,-42.17
-167,90,2.8,-17.39,-44.45
-167,90,2.96,-13.518,-41.83
-167,90,3.12,-22.656,-50.89
-167,90,3.28,-12.722,-42.74
-167,90,3.44,-8.032,-36.68
-167,90,3.6,-17.62,-45.07
-167,90,3.76,-16.424,-45.91
-167,90,3.92,-11.422,-38.97
-167,90,4.08,-9.512,-37.18
-167,90,4.24,-8.70599999999999,-37.73
-167,90,4.4,-11.34,-41.15
-167,90,4.56,-14.996,-44.81
-167,90,4.72,-12.244,-42.23
-167,90,4.88,-14.06,-44.19
-167,90,5.04,-12.7,-42.75
-167,90,5.2,-10.89,-42.31
-167,90,5.36,-10.13,-40.93
-167,90,5.52,-9.438,-39.72
-167,90,5.68,-14.2,-45.57
-167,90,5.84,-10.852,-42.3
-167,90,6,-18.25,-49.79
-167,90,6.16,-15.42,-47.46
-167,90,6.32,-16.828,-50.32
-167,90,6.48,-14.766,-48.85
-167,90,6.64,-18.828,-53.22
-167,90,6.8,-12.86,-46.36
-167,90,6.96,-15.542,-49.87
-167,90,7.12,-14.396,-48.99
-167,90,7.28,-16.702,-51.08
-167,90,7.44,-10.836,-45.17
-167,90,7.6,-12.42,-45.82
-167,90,7.76,-14.678,-49.9
-167,90,7.92,-20.982,-55.61
-167,90,8.08,-15.156,-49.96
-167,90,8.24,-14.182,-49.29
-167,90,8.4,-17.05,-52.43
-167,90,8.56,-14.512,-50.79
-167,90,8.72,-15.568,-52.87
-167,90,8.88,-12.258,-49.4
-167,90,9.04,-12.304,-50.09
-167,90,9.2,-11.04,-49.9
-167,90,9.36,-13.754,-51.82
-167,90,9.52,-13.972,-52.35
-167,90,9.68,-15.3,-54.19
-167,90,9.84,-14.386,-53.5
-167,90,10,-10.26,-49.33
-167,90,10.16,-14.738,-54.38
-167,90,10.32,-15.342,-54.97
-167,90,10.48,-15.188,-54.72
-167,90,10.64,-14.448,-54.46
-167,90,10.8,-17.55,-57.82
-167,90,10.96,-18.436,-58.42
-167,90,11.12,-25.496,-65.74
-167,90,11.28,-20.246,-60.69
-167,90,11.44,-20.482,-61.23
-167,90,11.6,-17.1,-57.97
-167,90,11.76,-21.914,-63.03
-167,90,11.92,-31.474,-72.6
-167,90,12.08,-24.18,-66.37
-167,90,12.24,-16.834,-59.09
-167,90,12.4,-23.87,-66.53
-167,90,12.56,-24.61,-68.68
-167,90,12.72,-42.774,-87.33
-167,90,12.88,-35.006,-80.21
-167,90,13.04,-26.518,-73.02
-167,90,13.2,-17.15,-63.93
-167,90,13.36,-20.374,-66.59
-167,90,13.52,-32.042,-78.05
-167,90,13.68,-25.41,-72.09
-167,90,13.84,-27.588,-75.07
-167,90,14,-21.44,-69.29
-167,90,14.16,-21.496,-69.72
-167,90,14.32,-15.456,-64.41
-167,90,14.48,-18.154,-69.98
-167,90,14.64,-13.984,-63.44
-167,90,14.8,-18.27,-66.28
-167,90,14.96,-16.492,-63.62
-167,90,15.12,-16.78,-63.21
-167,90,15.28,-18.92,-65.47
-167,90,15.44,-17.886,-64.2
-167,90,15.6,-27.04,-73.67
-167,90,15.76,-21.338,-68.53
-167,90,15.92,-19.922,-67.1
-167,90,16.08,-22.452,-69.91
-167,90,16.24,-21.844,-69.97
-167,90,16.4,-26.38,-76.19
-167,90,16.56,-22.028,-70.96
-167,90,16.72,-18.638,-68.12
-167,90,16.88,-20.874,-71.34
-167,90,17.04,-37.026,-88.28
-167,90,17.2,-20.78,-73.21
-167,90,17.36,-26.436,-79.08
-167,90,17.52,-22.636,-75.17
-167,90,17.68,-20.752,-73.83
-167,90,17.84,-21.428,-74.34
-167,90,18,-37.02,-89.83
-166,90,2,-13.51,-35.3
-166,90,2.16,-15.708,-39.12
-166,90,2.32,-11.296,-36.95
-166,90,2.48,-12.704,-39.95
-166,90,2.64,-12.298,-41.01
-166,90,2.8,-14.51,-41.57
-166,90,2.96,-14.628,-42.94
-166,90,3.12,-20.276,-48.51
-166,90,3.28,-12.042,-42.06
-166,90,3.44,-8.422,-37.07
-166,90,3.6,-18.53,-45.98
-166,90,3.76,-13.114,-42.6
-166,90,3.92,-11.782,-39.33
-166,90,4.08,-9.632,-37.3
-166,90,4.24,-8.616,-37.64
-166,90,4.4,-10.27,-40.08
-166,90,4.56,-13.266,-43.08
-166,90,4.72,-12.554,-42.54
-166,90,4.88,-15.31,-45.44
-166,90,5.04,-12.8,-42.85
-166,90,5.2,-10.55,-41.97
-166,90,5.36,-9.81,-40.61
-166,90,5.52,-8.838,-39.12
-166,90,5.68,-12.57,-43.94
-166,90,5.84,-9.762,-41.21
-166,90,6,-16.79,-48.33
-166,90,6.16,-17.59,-49.63
-166,90,6.32,-17.848,-51.34
-166,90,6.48,-15.556,-49.64
-166,90,6.64,-17.988,-52.38
-166,90,6.8,-11.76,-45.26
-166,90,6.96,-17.672,-52
-166,90,7.12,-14.556,-49.15
-166,90,7.28,-16.482,-50.86
-166,90,7.44,-11.416,-45.75
-166,90,7.6,-14.14,-47.54
-166,90,7.76,-14.158,-49.38
-166,90,7.92,-17.312,-51.94
-166,90,8.08,-17.506,-52.31
-166,90,8.24,-14.352,-49.46
-166,90,8.4,-14.32,-49.7
-166,90,8.56,-15.192,-51.47
-166,90,8.72,-11.958,-49.26
-166,90,8.88,-11.378,-48.52
-166,90,9.04,-11.844,-49.63
-166,90,9.2,-12.45,-51.31
-166,90,9.36,-14.094,-52.16
-166,90,9.52,-12.052,-50.43
-166,90,9.68,-13.41,-52.3
-166,90,9.84,-12.396,-51.51
-166,90,10,-10.28,-49.35
-166,90,10.16,-15.178,-54.82
-166,90,10.32,-14.822,-54.45
-166,90,10.48,-14.788,-54.32
-166,90,10.64,-15.828,-55.84
-166,90,10.8,-17.14,-57.41
-166,90,10.96,-15.706,-55.69
-166,90,11.12,-24.696,-64.94
-166,90,11.28,-20.486,-60.93
-166,90,11.44,-20.722,-61.47
-166,90,11.6,-16.69,-57.56
-166,90,11.76,-25.614,-66.73
-166,90,11.92,-28.354,-69.48
-166,90,12.08,-27.3,-69.49
-166,90,12.24,-26.944,-69.2
-166,90,12.4,-20.79,-63.45
-166,90,12.56,-18.68,-62.75
-166,90,12.72,-27.294,-71.85
-166,90,12.88,-27.006,-72.21
-166,90,13.04,-39.228,-85.73
-166,90,13.2,-22.33,-69.11
-166,90,13.36,-21.824,-68.04
-166,90,13.52,-28.802,-74.81
-166,90,13.68,-22.63,-69.31
-166,90,13.84,-22.958,-70.44
-166,90,14,-22.34,-70.19
-166,90,14.16,-23.586,-71.81
-166,90,14.32,-13.566,-62.52
-166,90,14.48,-21.394,-73.22
-166,90,14.64,-11.684,-61.14
-166,90,14.8,-16.94,-64.95
-166,90,14.96,-12.752,-59.88
-166,90,15.12,-14.28,-60.71
-166,90,15.28,-19.13,-65.68
-166,90,15.44,-21.146,-67.46
-166,90,15.6,-20.92,-67.55
-166,90,15.76,-21.228,-68.42
-166,90,15.92,-21.262,-68.44
-166,90,16.08,-26.922,-74.38
-166,90,16.24,-23.734,-71.86
-166,90,16.4,-29.82,-79.63
-166,90,16.56,-23.428,-72.36
-166,90,16.72,-17.388,-66.87
-166,90,16.88,-24.074,-74.54
-166,90,17.04,-16.516,-67.77
-166,90,17.2,-21.21,-73.64
-166,90,17.36,-26.226,-78.87
-166,90,17.52,-26.416,-78.95
-166,90,17.68,-19.972,-73.05
-166,90,17.84,-16.918,-69.83
-166,90,18,-19.54,-72.35
-165,90,2,-13.42,-35.21
-165,90,2.16,-15.678,-39.09
-165,90,2.32,-13.056,-38.71
-165,90,2.48,-13.764,-41.01
-165,90,2.64,-11.038,-39.75
-165,90,2.8,-13.09,-40.15
-165,90,2.96,-15.598,-43.91
-165,90,3.12,-20.256,-48.49
-165,90,3.28,-12.662,-42.68
-165,90,3.44,-8.962,-37.61
-165,90,3.6,-16.48,-43.93
-165,90,3.76,-10.674,-40.16
-165,90,3.92,-11.712,-39.26
-165,90,4.08,-9.912,-37.58
-165,90,4.24,-9.09599999999999,-38.12
-165,90,4.4,-9.52,-39.33
-165,90,4.56,-11.326,-41.14
-165,90,4.72,-12.494,-42.48
-165,90,4.88,-15.56,-45.69
-165,90,5.04,-11.55,-41.6
-165,90,5.2,-10.09,-41.51
-165,90,5.36,-10.24,-41.04
-165,90,5.52,-9.028,-39.31
-165,90,5.68,-11.82,-43.19
-165,90,5.84,-9.472,-40.92
-165,90,6,-15.62,-47.16
-165,90,6.16,-19.92,-51.96
-165,90,6.32,-17.618,-51.11
-165,90,6.48,-16.596,-50.68
-165,90,6.64,-17.018,-51.41
-165,90,6.8,-10.7,-44.2
-165,90,6.96,-18.352,-52.68
-165,90,7.12,-14.896,-49.49
-165,90,7.28,-16.532,-50.91
-165,90,7.44,-13.616,-47.95
-165,90,7.6,-16.61,-50.01
-165,90,7.76,-13.318,-48.54
-165,90,7.92,-14.462,-49.09
-165,90,8.08,-17.876,-52.68
-165,90,8.24,-14.582,-49.69
-165,90,8.4,-12.48,-47.86
-165,90,8.56,-14.342,-50.62
-165,90,8.72,-12.228,-49.53
-165,90,8.88,-11.278,-48.42
-165,90,9.04,-11.554,-49.34
-165,90,9.2,-13.24,-52.1
-165,90,9.36,-11.944,-50.01
-165,90,9.52,-10.102,-48.48
-165,90,9.68,-11.12,-50.01
-165,90,9.84,-12.116,-51.23
-165,90,10,-10.38,-49.45
-165,90,10.16,-15.898,-55.54
-165,90,10.32,-14.522,-54.15
-165,90,10.48,-15.268,-54.8
-165,90,10.64,-21.548,-61.56
-165,90,10.8,-15.48,-55.75
-165,90,10.96,-11.996,-51.98
-165,90,11.12,-22.046,-62.29
-165,90,11.28,-30.086,-70.53
-165,90,11.44,-20.762,-61.51
-165,90,11.6,-22.54,-63.41
-165,90,11.76,-26.254,-67.37
-165,90,11.92,-35.674,-76.8
-165,90,12.08,-27.01,-69.2
-165,90,12.24,-37.514,-79.77
-165,90,12.4,-28.19,-70.85
-165,90,12.56,-24.35,-68.42
-165,90,12.72,-21.904,-66.46
-165,90,12.88,-38.066,-83.27
-165,90,13.04,-26.638,-73.14
-165,90,13.2,-21.35,-68.13
-165,90,13.36,-24.024,-70.24
-165,90,13.52,-21.012,-67.02
-165,90,13.68,-22.74,-69.42
-165,90,13.84,-23.908,-71.39
-165,90,14,-16.42,-64.27
-165,90,14.16,-19.696,-67.92
-165,90,14.32,-15.086,-64.04
-165,90,14.48,-15.944,-67.77
-165,90,14.64,-12.314,-61.77
-165,90,14.8,-14.83,-62.84
-165,90,14.96,-12.232,-59.36
-165,90,15.12,-16.67,-63.1
-165,90,15.28,-18.73,-65.28
-165,90,15.44,-18.536,-64.85
-165,90,15.6,-21.41,-68.04
-165,90,15.76,-19.678,-66.87
-165,90,15.92,-20.112,-67.29
-165,90,16.08,-23.992,-71.45
-165,90,16.24,-22.994,-71.12
-165,90,16.4,-22.16,-71.97
-165,90,16.56,-24.548,-73.48
-165,90,16.72,-24.858,-74.34
-165,90,16.88,-22.744,-73.21
-165,90,17.04,-19.736,-70.99
-165,90,17.2,-21.13,-73.56
-165,90,17.36,-19.126,-71.77
-165,90,17.52,-19.636,-72.17
-165,90,17.68,-30.082,-83.16
-165,90,17.84,-22.988,-75.9
-165,90,18,-30.53,-83.34
-164,90,2,-12.99,-34.78
-164,90,2.16,-15.248,-38.66
-164,90,2.32,-15.096,-40.75
-164,90,2.48,-13.694,-40.94
-164,90,2.64,-9.708,-38.42
-164,90,2.8,-12.58,-39.64
-164,90,2.96,-15.968,-44.28
-164,90,3.12,-22.776,-51.01
-164,90,3.28,-14.162,-44.18
-164,90,3.44,-9.382,-38.03
-164,90,3.6,-13.22,-40.67
-164,90,3.76,-9.03400000000001,-38.52
-164,90,3.92,-11.282,-38.83
-164,90,4.08,-10.882,-38.55
-164,90,4.24,-9.966,-38.99
-164,90,4.4,-9.11,-38.92
-164,90,4.56,-9.886,-39.7
-164,90,4.72,-11.974,-41.96
-164,90,4.88,-13.98,-44.11
-164,90,5.04,-9.94,-39.99
-164,90,5.2,-10.07,-41.49
-164,90,5.36,-11.22,-42.02
-164,90,5.52,-9.408,-39.69
-164,90,5.68,-10.69,-42.06
-164,90,5.84,-10.702,-42.15
-164,90,6,-14.89,-46.43
-164,90,6.16,-22.02,-54.06
-164,90,6.32,-15.588,-49.08
-164,90,6.48,-17.996,-52.08
-164,90,6.64,-16.128,-50.52
-164,90,6.8,-11.01,-44.51
-164,90,6.96,-18.142,-52.47
-164,90,7.12,-14.696,-49.29
-164,90,7.28,-15.632,-50.01
-164,90,7.44,-17.266,-51.6
-164,90,7.6,-17.6,-51
-164,90,7.76,-12.398,-47.62
-164,90,7.92,-13.032,-47.66
-164,90,8.08,-15.276,-50.08
-164,90,8.24,-15.272,-50.38
-164,90,8.4,-12.7,-48.08
-164,90,8.56,-12.642,-48.92
-164,90,8.72,-12.508,-49.81
-164,90,8.88,-11.498,-48.64
-164,90,9.04,-10.554,-48.34
-164,90,9.2,-12.69,-51.55
-164,90,9.36,-11.874,-49.94
-164,90,9.52,-8.882,-47.26
-164,90,9.68,-9.94,-48.83
-164,90,9.84,-13.416,-52.53
-164,90,10,-11.12,-50.19
-164,90,10.16,-16.248,-55.89
-164,90,10.32,-12.562,-52.19
-164,90,10.48,-13.508,-53.04
-164,90,10.64,-28.158,-68.17
-164,90,10.8,-15.44,-55.71
-164,90,10.96,-12.846,-52.83
-164,90,11.12,-24.606,-64.85
-164,90,11.28,-27.286,-67.73
-164,90,11.44,-26.522,-67.27
-164,90,11.6,-38.46,-79.33
-164,90,11.76,-19.174,-60.29
-164,90,11.92,-23.774,-64.9
-164,90,12.08,-29.1,-71.29
-164,90,12.24,-28.704,-70.96
-164,90,12.4,-25.16,-67.82
-164,90,12.56,-16.43,-60.5
-164,90,12.72,-18.194,-62.75
-164,90,12.88,-25.906,-71.11
-164,90,13.04,-23.998,-70.5
-164,90,13.2,-22.32,-69.1
-164,90,13.36,-25.004,-71.22
-164,90,13.52,-21.812,-67.82
-164,90,13.68,-22.74,-69.42
-164,90,13.84,-21.988,-69.47
-164,90,14,-26.24,-74.09
-164,90,14.16,-15.616,-63.84
-164,90,14.32,-13.006,-61.96
-164,90,14.48,-18.994,-70.82
-164,90,14.64,-12.184,-61.64
-164,90,14.8,-15.63,-63.64
-164,90,14.96,-14.932,-62.06
-164,90,15.12,-16.33,-62.76
-164,90,15.28,-16.12,-62.67
-164,90,15.44,-15.946,-62.26
-164,90,15.6,-21.21,-67.84
-164,90,15.76,-17.108,-64.3
-164,90,15.92,-18.072,-65.25
-164,90,16.08,-24.832,-72.29
-164,90,16.24,-18.874,-67
-164,90,16.4,-20.53,-70.34
-164,90,16.56,-46.568,-95.5
-164,90,16.72,-18.638,-68.12
-164,90,16.88,-18.204,-68.67
-164,90,17.04,-21.316,-72.57
-164,90,17.2,-28.81,-81.24
-164,90,17.36,-21.366,-74.01
-164,90,17.52,-24.346,-76.88
-164,90,17.68,-21.792,-74.87
-164,90,17.84,-28.828,-81.74
-164,90,18,-17.73,-70.54
-163,90,2,-12.32,-34.11
-163,90,2.16,-13.978,-37.39
-163,90,2.32,-16.466,-42.12
-163,90,2.48,-12.984,-40.23
-163,90,2.64,-8.928,-37.64
-163,90,2.8,-13.04,-40.1
-163,90,2.96,-16.188,-44.5
-163,90,3.12,-28.366,-56.6
-163,90,3.28,-16.962,-46.98
-163,90,3.44,-9.242,-37.89
-163,90,3.6,-10.75,-38.2
-163,90,3.76,-7.954,-37.44
-163,90,3.92,-10.722,-38.27
-163,90,4.08,-11.652,-39.32
-163,90,4.24,-11.046,-40.07
-163,90,4.4,-9.02,-38.83
-163,90,4.56,-8.836,-38.65
-163,90,4.72,-11.204,-41.19
-163,90,4.88,-11.71,-41.84
-163,90,5.04,-8.16999999999999,-38.22
-163,90,5.2,-10.22,-41.64
-163,90,5.36,-12.8,-43.6
-163,90,5.52,-9.958,-40.24
-163,90,5.68,-10.2,-41.57
-163,90,5.84,-13.852,-45.3
-163,90,6,-14.15,-45.69
-163,90,6.16,-18.18,-50.22
-163,90,6.32,-14.048,-47.54
-163,90,6.48,-18.336,-52.42
-163,90,6.64,-17.238,-51.63
-163,90,6.8,-12.72,-46.22
-163,90,6.96,-14.452,-48.78
-163,90,7.12,-13.206,-47.8
-163,90,7.28,-14.642,-49.02
-163,90,7.44,-21.816,-56.15
-163,90,7.6,-16.69,-50.09
-163,90,7.76,-11.928,-47.15
-163,90,7.92,-12.912,-47.54
-163,90,8.08,-12.666,-47.47
-163,90,8.24,-15.422,-50.53
-163,90,8.4,-13.75,-49.13
-163,90,8.56,-9.94199999999999,-46.22
-163,90,8.72,-13.228,-50.53
-163,90,8.88,-10.978,-48.12
-163,90,9.04,-8.95400000000001,-46.74
-163,90,9.2,-12.33,-51.19
-163,90,9.36,-12.194,-50.26
-163,90,9.52,-9.972,-48.35
-163,90,9.68,-9.99,-48.88
-163,90,9.84,-13.216,-52.33
-163,90,10,-12.13,-51.2
-163,90,10.16,-15.778,-55.42
-163,90,10.32,-13.262,-52.89
-163,90,10.48,-12.528,-52.06
-163,90,10.64,-32.728,-72.74
-163,90,10.8,-16.93,-57.2
-163,90,10.96,-14.966,-54.95
-163,90,11.12,-25.516,-65.76
-163,90,11.28,-20.426,-60.87
-163,90,11.44,-26.522,-67.27
-163,90,11.6,-29.93,-70.8
-163,90,11.76,-20.304,-61.42
-163,90,11.92,-24.334,-65.46
-163,90,12.08,-29.78,-71.97
-163,90,12.24,-24.244,-66.5
-163,90,12.4,-21.01,-63.67
-163,90,12.56,-22.71,-66.78
-163,90,12.72,-18.634,-63.19
-163,90,12.88,-23.736,-68.94
-163,90,13.04,-22.708,-69.21
-163,90,13.2,-22.77,-69.55
-163,90,13.36,-23.064,-69.28
-163,90,13.52,-25.112,-71.12
-163,90,13.68,-28.4,-75.08
-163,90,13.84,-20.198,-67.68
-163,90,14,-24.47,-72.32
-163,90,14.16,-18.736,-66.96
-163,90,14.32,-17.506,-66.46
-163,90,14.48,-22.054,-73.88
-163,90,14.64,-11.934,-61.39
-163,90,14.8,-15.34,-63.35
-163,90,14.96,-20.002,-67.13
-163,90,15.12,-16.61,-63.04
-163,90,15.28,-14.4,-60.95
-163,90,15.44,-19.516,-65.83
-163,90,15.6,-18.58,-65.21
-163,90,15.76,-22.998,-70.19
-163,90,15.92,-16.352,-63.53
-163,90,16.08,-21.202,-68.66
-163,90,16.24,-24.874,-73
-163,90,16.4,-17.89,-67.7
-163,90,16.56,-23.448,-72.38
-163,90,16.72,-14.838,-64.32
-163,90,16.88,-19.134,-69.6
-163,90,17.04,-24.626,-75.88
-163,90,17.2,-21.87,-74.3
-163,90,17.36,-21.676,-74.32
-163,90,17.52,-24.906,-77.44
-163,90,17.68,-19.792,-72.87
-163,90,17.84,-21.488,-74.4
-163,90,18,-15.44,-68.25
-162,90,2,-11.62,-33.41
-162,90,2.16,-12.588,-36
-162,90,2.32,-16.406,-42.06
-162,90,2.48,-12.214,-39.46
-162,90,2.64,-8.558,-37.27
-162,90,2.8,-14.6,-41.66
-162,90,2.96,-14.948,-43.26
-162,90,3.12,-22.636,-50.87
-162,90,3.28,-21.532,-51.55
-162,90,3.44,-8.762,-37.41
-162,90,3.6,-9.27,-36.72
-162,90,3.76,-7.654,-37.14
-162,90,3.92,-10.182,-37.73
-162,90,4.08,-12.402,-40.07
-162,90,4.24,-12.456,-41.48
-162,90,4.4,-8.87,-38.68
-162,90,4.56,-8.276,-38.09
-162,90,4.72,-10.424,-40.41
-162,90,4.88,-9.77,-39.9
-162,90,5.04,-6.97,-37.02
-162,90,5.2,-10.08,-41.5
-162,90,5.36,-14.45,-45.25
-162,90,5.52,-10.098,-40.38
-162,90,5.68,-9.86,-41.23
-162,90,5.84,-18.142,-49.59
-162,90,6,-13.2,-44.74
-162,90,6.16,-15.21,-47.25
-162,90,6.32,-12.888,-46.38
-162,90,6.48,-17.636,-51.72
-162,90,6.64,-17.488,-51.88
-162,90,6.8,-14.74,-48.24
-162,90,6.96,-12.152,-46.48
-162,90,7.12,-11.336,-45.93
-162,90,7.28,-12.532,-46.91
-162,90,7.44,-20.026,-54.36
-162,90,7.6,-16.09,-49.49
-162,90,7.76,-12.188,-47.41
-162,90,7.92,-13.792,-48.42
-162,90,8.08,-12.116,-46.92
-162,90,8.24,-15.432,-50.54
-162,90,8.4,-13.66,-49.04
-162,90,8.56,-8.63199999999999,-44.91
-162,90,8.72,-12.608,-49.91
-162,90,8.88,-11.478,-48.62
-162,90,9.04,-7.70400000000001,-45.49
-162,90,9.2,-10.16,-49.02
-162,90,9.36,-11.744,-49.81
-162,90,9.52,-12.472,-50.85
-162,90,9.68,-11.91,-50.8
-162,90,9.84,-12.146,-51.26
-162,90,10,-11.89,-50.96
-162,90,10.16,-14.378,-54.02
-162,90,10.32,-16.152,-55.78
-162,90,10.48,-12.718,-52.25
-162,90,10.64,-22.858,-62.87
-162,90,10.8,-17.61,-57.88
-162,90,10.96,-15.006,-54.99
-162,90,11.12,-17.836,-58.08
-162,90,11.28,-16.726,-57.17
-162,90,11.44,-20.432,-61.18
-162,90,11.6,-19.05,-59.92
-162,90,11.76,-21.984,-63.1
-162,90,11.92,-24.294,-65.42
-162,90,12.08,-32.72,-74.91
-162,90,12.24,-23.974,-66.23
-162,90,12.4,-25.08,-67.74
-162,90,12.56,-25.81,-69.88
-162,90,12.72,-20.744,-65.3
-162,90,12.88,-26.516,-71.72
-162,90,13.04,-17.998,-64.5
-162,90,13.2,-14.72,-61.5
-162,90,13.36,-20.944,-67.16
-162,90,13.52,-28.092,-74.1
-162,90,13.68,-26.57,-73.25
-162,90,13.84,-19.478,-66.96
-162,90,14,-24.96,-72.81
-162,90,14.16,-24.236,-72.46
-162,90,14.32,-18.366,-67.32
-162,90,14.48,-22.804,-74.63
-162,90,14.64,-13.274,-62.73
-162,90,14.8,-12.45,-60.46
-162,90,14.96,-17.302,-64.43
-162,90,15.12,-17.98,-64.41
-162,90,15.28,-18.32,-64.87
-162,90,15.44,-18.396,-64.71
-162,90,15.6,-21.74,-68.37
-162,90,15.76,-17.658,-64.85
-162,90,15.92,-19.262,-66.44
-162,90,16.08,-21.702,-69.16
-162,90,16.24,-22.294,-70.42
-162,90,16.4,-21.92,-71.73
-162,90,16.56,-22.628,-71.56
-162,90,16.72,-22.438,-71.92
-162,90,16.88,-18.364,-68.83
-162,90,17.04,-21.526,-72.78
-162,90,17.2,-20.83,-73.26
-162,90,17.36,-19.466,-72.11
-162,90,17.52,-34.656,-87.19
-162,90,17.68,-21.512,-74.59
-162,90,17.84,-21.508,-74.42
-162,90,18,-21.87,-74.68
-161,90,2,-10.67,-32.46
-161,90,2.16,-11.448,-34.86
-161,90,2.32,-15.686,-41.34
-161,90,2.48,-11.874,-39.12
-161,90,2.64,-8.708,-37.42
-161,90,2.8,-17.22,-44.28
-161,90,2.96,-12.638,-40.95
-161,90,3.12,-18.316,-46.55
-161,90,3.28,-26.942,-56.96
-161,90,3.44,-8.512,-37.16
-161,90,3.6,-8.5,-35.95
-161,90,3.76,-8.114,-37.6
-161,90,3.92,-9.692,-37.24
-161,90,4.08,-12.802,-40.47
-161,90,4.24,-13.666,-42.69
-161,90,4.4,-8.66,-38.47
-161,90,4.56,-8.006,-37.82
-161,90,4.72,-9.754,-39.74
-161,90,4.88,-8.72,-38.85
-161,90,5.04,-6.84999999999999,-36.9
-161,90,5.2,-10.06,-41.48
-161,90,5.36,-15.24,-46.04
-161,90,5.52,-9.948,-40.23
-161,90,5.68,-9.89,-41.26
-161,90,5.84,-19.412,-50.86
-161,90,6,-12.33,-43.87
-161,90,6.16,-13.63,-45.67
-161,90,6.32,-13.738,-47.23
-161,90,6.48,-16.146,-50.23
-161,90,6.64,-20.188,-54.58
-161,90,6.8,-14.82,-48.32
-161,90,6.96,-10.572,-44.9
-161,90,7.12,-10.006,-44.6
-161,90,7.28,-11.622,-46
-161,90,7.44,-16.166,-50.5
-161,90,7.6,-14.39,-47.79
-161,90,7.76,-13.258,-48.48
-161,90,7.92,-15.382,-50.01
-161,90,8.08,-12.886,-47.69
-161,90,8.24,-14.342,-49.45
-161,90,8.4,-13.34,-48.72
-161,90,8.56,-8.22199999999999,-44.5
-161,90,8.72,-11.978,-49.28
-161,90,8.88,-12.508,-49.65
-161,90,9.04,-8.014,-45.8
-161,90,9.2,-10.2,-49.06
-161,90,9.36,-12.034,-50.1
-161,90,9.52,-14.722,-53.1
-161,90,9.68,-12.74,-51.63
-161,90,9.84,-11.426,-50.54
-161,90,10,-12.26,-51.33
-161,90,10.16,-14.908,-54.55
-161,90,10.32,-19.202,-58.83
-161,90,10.48,-14.228,-53.76
-161,90,10.64,-15.378,-55.39
-161,90,10.8,-18.14,-58.41
-161,90,10.96,-13.756,-53.74
-161,90,11.12,-17.776,-58.02
-161,90,11.28,-19.426,-59.87
-161,90,11.44,-18.632,-59.38
-161,90,11.6,-19.5,-60.37
-161,90,11.76,-23.574,-64.69
-161,90,11.92,-35.694,-76.82
-161,90,12.08,-30.94,-73.13
-161,90,12.24,-31.374,-73.63
-161,90,12.4,-31.89,-74.55
-161,90,12.56,-22.07,-66.14
-161,90,12.72,-16.834,-61.39
-161,90,12.88,-30.856,-76.06
-161,90,13.04,-23.158,-69.66
-161,90,13.2,-14.53,-61.31
-161,90,13.36,-21.094,-67.31
-161,90,13.52,-23.942,-69.95
-161,90,13.68,-25.36,-72.04
-161,90,13.84,-21.748,-69.23
-161,90,14,-16.5,-64.35
-161,90,14.16,-23.826,-72.05
-161,90,14.32,-15.086,-64.04
-161,90,14.48,-22.084,-73.91
-161,90,14.64,-16.864,-66.32
-161,90,14.8,-15.3,-63.31
-161,90,14.96,-17.312,-64.44
-161,90,15.12,-17.01,-63.44
-161,90,15.28,-17.59,-64.14
-161,90,15.44,-22.466,-68.78
-161,90,15.6,-23.45,-70.08
-161,90,15.76,-22.938,-70.13
-161,90,15.92,-24.202,-71.38
-161,90,16.08,-30.302,-77.76
-161,90,16.24,-25.234,-73.36
-161,90,16.4,-26.61,-76.42
-161,90,16.56,-26.938,-75.87
-161,90,16.72,-21.948,-71.43
-161,90,16.88,-22.384,-72.85
-161,90,17.04,-27.746,-79
-161,90,17.2,-32.92,-85.35
-161,90,17.36,-18.146,-70.79
-161,90,17.52,-17.206,-69.74
-161,90,17.68,-29.582,-82.66
-161,90,17.84,-18.028,-70.94
-161,90,18,-19.5,-72.31
-160,90,2,-9.8,-31.59
-160,90,2.16,-10.308,-33.72
-160,90,2.32,-14.836,-40.49
-160,90,2.48,-12.234,-39.48
-160,90,2.64,-9.448,-38.16
-160,90,2.8,-22.33,-49.39
-160,90,2.96,-10.728,-39.04
-160,90,3.12,-14.786,-43.02
-160,90,3.28,-31.742,-61.76
-160,90,3.44,-8.462,-37.11
-160,90,3.6,-8.31,-35.76
-160,90,3.76,-9.444,-38.93
-160,90,3.92,-9.312,-36.86
-160,90,4.08,-13.002,-40.67
-160,90,4.24,-13.996,-43.02
-160,90,4.4,-8.91,-38.72
-160,90,4.56,-7.786,-37.6
-160,90,4.72,-9.77399999999999,-39.76
-160,90,4.88,-8.52,-38.65
-160,90,5.04,-7.62,-37.67
-160,90,5.2,-10.02,-41.44
-160,90,5.36,-14.63,-45.43
-160,90,5.52,-9.178,-39.46
-160,90,5.68,-10.54,-41.91
-160,90,5.84,-16.122,-47.57
-160,90,6,-11.72,-43.26
-160,90,6.16,-14.24,-46.28
-160,90,6.32,-15.778,-49.27
-160,90,6.48,-15.026,-49.11
-160,90,6.64,-21.818,-56.21
-160,90,6.8,-14.26,-47.76
-160,90,6.96,-10.242,-44.57
-160,90,7.12,-9.106,-43.7
-160,90,7.28,-10.612,-44.99
-160,90,7.44,-13.826,-48.16
-160,90,7.6,-12.64,-46.04
-160,90,7.76,-13.848,-49.07
-160,90,7.92,-15.542,-50.17
-160,90,8.08,-14.166,-48.97
-160,90,8.24,-13.312,-48.42
-160,90,8.4,-12.06,-47.44
-160,90,8.56,-8.91199999999999,-45.19
-160,90,8.72,-11.458,-48.76
-160,90,8.88,-12.468,-49.61
-160,90,9.04,-8.64400000000001,-46.43
-160,90,9.2,-11.35,-50.21
-160,90,9.36,-11.644,-49.71
-160,90,9.52,-14.002,-52.38
-160,90,9.68,-12.35,-51.24
-160,90,9.84,-12.586,-51.7
-160,90,10,-13.02,-52.09
-160,90,10.16,-15.338,-54.98
-160,90,10.32,-17.592,-57.22
-160,90,10.48,-13.778,-53.31
-160,90,10.64,-12.788,-52.8
-160,90,10.8,-19.03,-59.3
-160,90,10.96,-18.326,-58.31
-160,90,11.12,-16.486,-56.73
-160,90,11.28,-24.756,-65.2
-160,90,11.44,-18.322,-59.07
-160,90,11.6,-15.55,-56.42
-160,90,11.76,-16.454,-57.57
-160,90,11.92,-18.944,-60.07
-160,90,12.08,-20.05,-62.24
-160,90,12.24,-40.504,-82.76
-160,90,12.4,-25.42,-68.08
-160,90,12.56,-18.51,-62.58
-160,90,12.72,-24.334,-68.89
-160,90,12.88,-29.516,-74.72
-160,90,13.04,-20.868,-67.37
-160,90,13.2,-26.17,-72.95
-160,90,13.36,-25.254,-71.47
-160,90,13.52,-18.532,-64.54
-160,90,13.68,-22.73,-69.41
-160,90,13.84,-19.048,-66.53
-160,90,14,-18.86,-66.71
-160,90,14.16,-16.066,-64.29
-160,90,14.32,-17.446,-66.4
-160,90,14.48,-16.024,-67.85
-160,90,14.64,-22.384,-71.84
-160,90,14.8,-15.16,-63.17
-160,90,14.96,-17.892,-65.02
-160,90,15.12,-21.76,-68.19
-160,90,15.28,-23.15,-69.7
-160,90,15.44,-25.846,-72.16
-160,90,15.6,-20.63,-67.26
-160,90,15.76,-32.408,-79.6
-160,90,15.92,-23.962,-71.14
-160,90,16.08,-26.332,-73.79
-160,90,16.24,-25.194,-73.32
-160,90,16.4,-21.97,-71.78
-160,90,16.56,-30.188,-79.12
-160,90,16.72,-20.708,-70.19
-160,90,16.88,-29.624,-80.09
-160,90,17.04,-35.616,-86.87
-160,90,17.2,-30.33,-82.76
-160,90,17.36,-21.086,-73.73
-160,90,17.52,-27.936,-80.47
-160,90,17.68,-20.782,-73.86
-160,90,17.84,-28.548,-81.46
-160,90,18,-20.75,-73.56
-159,90,2,-9,-30.79
-159,90,2.16,-9.548,-32.96
-159,90,2.32,-14.436,-40.09
-159,90,2.48,-13.574,-40.82
-159,90,2.64,-10.398,-39.11
-159,90,2.8,-22.36,-49.42
-159,90,2.96,-8.95800000000001,-37.27
-159,90,3.12,-12.956,-41.19
-159,90,3.28,-31.702,-61.72
-159,90,3.44,-8.562,-37.21
-159,90,3.6,-8.75,-36.2
-159,90,3.76,-11.054,-40.54
-159,90,3.92,-8.842,-36.39
-159,90,4.08,-12.922,-40.59
-159,90,4.24,-13.916,-42.94
-159,90,4.4,-9.2,-39.01
-159,90,4.56,-7.796,-37.61
-159,90,4.72,-10.144,-40.13
-159,90,4.88,-9.29,-39.42
-159,90,5.04,-9.2,-39.25
-159,90,5.2,-9.51,-40.93
-159,90,5.36,-12.9,-43.7
-159,90,5.52,-8.468,-38.75
-159,90,5.68,-11.86,-43.23
-159,90,5.84,-13.082,-44.53
-159,90,6,-11.55,-43.09
-159,90,6.16,-15.21,-47.25
-159,90,6.32,-17.748,-51.24
-159,90,6.48,-13.756,-47.84
-159,90,6.64,-22.818,-57.21
-159,90,6.8,-13.54,-47.04
-159,90,6.96,-11.112,-45.44
-159,90,7.12,-9.486,-44.08
-159,90,7.28,-10.692,-45.07
-159,90,7.44,-11.646,-45.98
-159,90,7.6,-11.38,-44.78
-159,90,7.76,-14.688,-49.91
-159,90,7.92,-14.462,-49.09
-159,90,8.08,-13.716,-48.52
-159,90,8.24,-12.032,-47.14
-159,90,8.4,-11.59,-46.97
-159,90,8.56,-10.822,-47.1
-159,90,8.72,-11.138,-48.44
-159,90,8.88,-11.248,-48.39
-159,90,9.04,-8.73400000000001,-46.52
-159,90,9.2,-12.77,-51.63
-159,90,9.36,-12.314,-50.38
-159,90,9.52,-12.462,-50.84
-159,90,9.68,-12.74,-51.63
-159,90,9.84,-12.746,-51.86
-159,90,10,-12.64,-51.71
-159,90,10.16,-15.988,-55.63
-159,90,10.32,-17.162,-56.79
-159,90,10.48,-13.368,-52.9
-159,90,10.64,-15.268,-55.28
-159,90,10.8,-19.43,-59.7
-159,90,10.96,-17.416,-57.4
-159,90,11.12,-14.566,-54.81
-159,90,11.28,-20.066,-60.51
-159,90,11.44,-19.502,-60.25
-159,90,11.6,-13.73,-54.6
-159,90,11.76,-13.834,-54.95
-159,90,11.92,-17.664,-58.79
-159,90,12.08,-26.7,-68.89
-159,90,12.24,-29.514,-71.77
-159,90,12.4,-30.44,-73.1
-159,90,12.56,-26.48,-70.55
-159,90,12.72,-25.134,-69.69
-159,90,12.88,-27.626,-72.83
-159,90,13.04,-27.778,-74.28
-159,90,13.2,-21.67,-68.45
-159,90,13.36,-26.904,-73.12
-159,90,13.52,-20.242,-66.25
-159,90,13.68,-22.74,-69.42
-159,90,13.84,-22.248,-69.73
-159,90,14,-21.08,-68.93
-159,90,14.16,-17.356,-65.58
-159,90,14.32,-19.036,-67.99
-159,90,14.48,-33.274,-85.1
-159,90,14.64,-16.524,-65.98
-159,90,14.8,-16.07,-64.08
-159,90,14.96,-18.222,-65.35
-159,90,15.12,-36.8,-83.23
-159,90,15.28,-25.15,-71.7
-159,90,15.44,-22.156,-68.47
-159,90,15.6,-19.73,-66.36
-159,90,15.76,-26.998,-74.19
-159,90,15.92,-25.992,-73.17
-159,90,16.08,-24.112,-71.57
-159,90,16.24,-25.054,-73.18
-159,90,16.4,-34.92,-84.73
-159,90,16.56,-24.588,-73.52
-159,90,16.72,-20.708,-70.19
-159,90,16.88,-21.084,-71.55
-159,90,17.04,-20.986,-72.24
-159,90,17.2,-34.78,-87.21
-159,90,17.36,-22.056,-74.7
-159,90,17.52,-28.696,-81.23
-159,90,17.68,-17.062,-70.14
-159,90,17.84,-24.728,-77.64
-159,90,18,-22.24,-75.05
-158,90,2,-8.34,-30.13
-158,90,2.16,-8.928,-32.34
-158,90,2.32,-14.486,-40.14
-158,90,2.48,-15.964,-43.21
-158,90,2.64,-11.768,-40.48
-158,90,2.8,-18.11,-45.17
-158,90,2.96,-7.628,-35.94
-158,90,3.12,-12.406,-40.64
-158,90,3.28,-26.162,-56.18
-158,90,3.44,-8.952,-37.6
-158,90,3.6,-9.88,-37.33
-158,90,3.76,-12.744,-42.23
-158,90,3.92,-8.182,-35.73
-158,90,4.08,-12.182,-39.85
-158,90,4.24,-13.196,-42.22
-158,90,4.4,-10.09,-39.9
-158,90,4.56,-7.756,-37.57
-158,90,4.72,-11.314,-41.3
-158,90,4.88,-11.11,-41.24
-158,90,5.04,-10.59,-40.64
-158,90,5.2,-8.87,-40.29
-158,90,5.36,-11.18,-41.98
-158,90,5.52,-8.098,-38.38
-158,90,5.68,-13.94,-45.31
-158,90,5.84,-11.182,-42.63
-158,90,6,-11.5,-43.04
-158,90,6.16,-15.83,-47.87
-158,90,6.32,-15.918,-49.41
-158,90,6.48,-12.146,-46.23
-158,90,6.64,-18.888,-53.28
-158,90,6.8,-13.31,-46.81
-158,90,6.96,-12.942,-47.27
-158,90,7.12,-9.386,-43.98
-158,90,7.28,-11.222,-45.6
-158,90,7.44,-10.756,-45.09
-158,90,7.6,-10.99,-44.39
-158,90,7.76,-14.828,-50.05
-158,90,7.92,-12.252,-46.88
-158,90,8.08,-12.686,-47.49
-158,90,8.24,-12.902,-48.01
-158,90,8.4,-11.2,-46.58
-158,90,8.56,-12.482,-48.76
-158,90,8.72,-11.478,-48.78
-158,90,8.88,-8.968,-46.11
-158,90,9.04,-8.48400000000001,-46.27
-158,90,9.2,-12.45,-51.31
-158,90,9.36,-12.954,-51.02
-158,90,9.52,-11.812,-50.19
-158,90,9.68,-14.33,-53.22
-158,90,9.84,-11.906,-51.02
-158,90,10,-12.66,-51.73
-158,90,10.16,-15.758,-55.4
-158,90,10.32,-18.732,-58.36
-158,90,10.48,-14.978,-54.51
-158,90,10.64,-18.158,-58.17
-158,90,10.8,-18.55,-58.82
-158,90,10.96,-15.476,-55.46
-158,90,11.12,-14.736,-54.98
-158,90,11.28,-15.706,-56.15
-158,90,11.44,-20.632,-61.38
-158,90,11.6,-14.34,-55.21
-158,90,11.76,-15.624,-56.74
-158,90,11.92,-17.734,-58.86
-158,90,12.08,-18.15,-60.34
-158,90,12.24,-17.604,-59.86
-158,90,12.4,-26.25,-68.91
-158,90,12.56,-32.64,-76.71
-158,90,12.72,-31.614,-76.17
-158,90,12.88,-36.986,-82.19
-158,90,13.04,-33.718,-80.22
-158,90,13.2,-22.59,-69.37
-158,90,13.36,-24.694,-70.91
-158,90,13.52,-22.322,-68.33
-158,90,13.68,-23.02,-69.7
-158,90,13.84,-31.158,-78.64
-158,90,14,-24.03,-71.88
-158,90,14.16,-19.876,-68.1
-158,90,14.32,-18.796,-67.75
-158,90,14.48,-20.104,-71.93
-158,90,14.64,-22.954,-72.41
-158,90,14.8,-13.49,-61.5
-158,90,14.96,-18.772,-65.9
-158,90,15.12,-31.39,-77.82
-158,90,15.28,-20.65,-67.2
-158,90,15.44,-23.186,-69.5
-158,90,15.6,-30.69,-77.32
-158,90,15.76,-24.698,-71.89
-158,90,15.92,-20.742,-67.92
-158,90,16.08,-36.262,-83.72
-158,90,16.24,-34.384,-82.51
-158,90,16.4,-25.67,-75.48
-158,90,16.56,-24.518,-73.45
-158,90,16.72,-30.778,-80.26
-158,90,16.88,-24.384,-74.85
-158,90,17.04,-22.846,-74.1
-158,90,17.2,-27.13,-79.56
-158,90,17.36,-23.046,-75.69
-158,90,17.52,-22.756,-75.29
-158,90,17.68,-35.952,-89.03
-158,90,17.84,-21.448,-74.36
-158,90,18,-37.28,-90.09
-157,90,2,-7.81,-29.6
-157,90,2.16,-8.628,-32.04
-157,90,2.32,-14.776,-40.43
-157,90,2.48,-19.324,-46.57
-157,90,2.64,-13.208,-41.92
-157,90,2.8,-15.06,-42.12
-157,90,2.96,-6.838,-35.15
-157,90,3.12,-12.656,-40.89
-157,90,3.28,-19.822,-49.84
-157,90,3.44,-8.952,-37.6
-157,90,3.6,-11.51,-38.96
-157,90,3.76,-13.314,-42.8
-157,90,3.92,-7.692,-35.24
-157,90,4.08,-11.332,-39
-157,90,4.24,-12.296,-41.32
-157,90,4.4,-10.67,-40.48
-157,90,4.56,-8.176,-37.99
-157,90,4.72,-11.984,-41.97
-157,90,4.88,-13.86,-43.99
-157,90,5.04,-10.34,-40.39
-157,90,5.2,-8.32,-39.74
-157,90,5.36,-9.76000000000001,-40.56
-157,90,5.52,-7.998,-38.28
-157,90,5.68,-14.3,-45.67
-157,90,5.84,-10.352,-41.8
-157,90,6,-10.99,-42.53
-157,90,6.16,-17.11,-49.15
-157,90,6.32,-14.918,-48.41
-157,90,6.48,-11.786,-45.87
-157,90,6.64,-15.148,-49.54
-157,90,6.8,-13.19,-46.69
-157,90,6.96,-14.422,-48.75
-157,90,7.12,-9.646,-44.24
-157,90,7.28,-11.932,-46.31
-157,90,7.44,-11.136,-45.47
-157,90,7.6,-11.36,-44.76
-157,90,7.76,-14.008,-49.23
-157,90,7.92,-10.922,-45.55
-157,90,8.08,-11.266,-46.07
-157,90,8.24,-13.042,-48.15
-157,90,8.4,-11.4,-46.78
-157,90,8.56,-12.402,-48.68
-157,90,8.72,-10.898,-48.2
-157,90,8.88,-8.048,-45.19
-157,90,9.04,-7.974,-45.76
-157,90,9.2,-12.08,-50.94
-157,90,9.36,-13.944,-52.01
-157,90,9.52,-12.342,-50.72
-157,90,9.68,-14.58,-53.47
-157,90,9.84,-11.556,-50.67
-157,90,10,-13.89,-52.96
-157,90,10.16,-17.348,-56.99
-157,90,10.32,-19.332,-58.96
-157,90,10.48,-18.298,-57.83
-157,90,10.64,-17.098,-57.11
-157,90,10.8,-14.86,-55.13
-157,90,10.96,-14.226,-54.21
-157,90,11.12,-16.566,-56.81
-157,90,11.28,-14.106,-54.55
-157,90,11.44,-18.562,-59.31
-157,90,11.6,-13.97,-54.84
-157,90,11.76,-15.744,-56.86
-157,90,11.92,-15.414,-56.54
-157,90,12.08,-14.05,-56.24
-157,90,12.24,-15.894,-58.15
-157,90,12.4,-29.33,-71.99
-157,90,12.56,-25.32,-69.39
-157,90,12.72,-23.834,-68.39
-157,90,12.88,-22.016,-67.22
-157,90,13.04,-21.598,-68.1
-157,90,13.2,-20.83,-67.61
-157,90,13.36,-24.424,-70.64
-157,90,13.52,-20.772,-66.78
-157,90,13.68,-20.15,-66.83
-157,90,13.84,-24.898,-72.38
-157,90,14,-26.25,-74.1
-157,90,14.16,-28.156,-76.38
-157,90,14.32,-17.546,-66.5
-157,90,14.48,-20.254,-72.08
-157,90,14.64,-23.284,-72.74
-157,90,14.8,-23.57,-71.58
-157,90,14.96,-22.712,-69.84
-157,90,15.12,-27.16,-73.59
-157,90,15.28,-20.87,-67.42
-157,90,15.44,-28.846,-75.16
-157,90,15.6,-23.89,-70.52
-157,90,15.76,-29.118,-76.31
-157,90,15.92,-22.742,-69.92
-157,90,16.08,-24.712,-72.17
-157,90,16.24,-33.674,-81.8
-157,90,16.4,-21.33,-71.14
-157,90,16.56,-21.848,-70.78
-157,90,16.72,-31.128,-80.61
-157,90,16.88,-32.094,-82.56
-157,90,17.04,-25.756,-77.01
-157,90,17.2,-24.15,-76.58
-157,90,17.36,-32.776,-85.42
-157,90,17.52,-32.706,-85.24
-157,90,17.68,-23.102,-76.18
-157,90,17.84,-28.968,-81.88
-157,90,18,-17.29,-70.1
-156,90,2,-7.43,-29.22
-156,90,2.16,-8.478,-31.89
-156,90,2.32,-14.716,-40.37
-156,90,2.48,-26.434,-53.68
-156,90,2.64,-14.388,-43.1
-156,90,2.8,-13.66,-40.72
-156,90,2.96,-6.748,-35.06
-156,90,3.12,-13.906,-42.14
-156,90,3.28,-15.412,-45.43
-156,90,3.44,-8.612,-37.26
-156,90,3.6,-13.32,-40.77
-156,90,3.76,-12.804,-42.29
-156,90,3.92,-7.302,-34.85
-156,90,4.08,-10.482,-38.15
-156,90,4.24,-11.766,-40.79
-156,90,4.4,-11.6,-41.41
-156,90,4.56,-8.476,-38.29
-156,90,4.72,-12.784,-42.77
-156,90,4.88,-16.01,-46.14
-156,90,5.04,-9.45999999999999,-39.51
-156,90,5.2,-8.14,-39.56
-156,90,5.36,-8.73,-39.53
-156,90,5.52,-8.418,-38.7
-156,90,5.68,-14.39,-45.76
-156,90,5.84,-10.332,-41.78
-156,90,6,-10.41,-41.95
-156,90,6.16,-16.67,-48.71
-156,90,6.32,-13.698,-47.19
-156,90,6.48,-11.966,-46.05
-156,90,6.64,-13.528,-47.92
-156,90,6.8,-14.18,-47.68
-156,90,6.96,-14.232,-48.56
-156,90,7.12,-9.396,-43.99
-156,90,7.28,-12.102,-46.48
-156,90,7.44,-11.626,-45.96
-156,90,7.6,-11.59,-44.99
-156,90,7.76,-13.608,-48.83
-156,90,7.92,-11.692,-46.32
-156,90,8.08,-10.686,-45.49
-156,90,8.24,-13.282,-48.39
-156,90,8.4,-12.2,-47.58
-156,90,8.56,-10.022,-46.3
-156,90,8.72,-9.818,-47.12
-156,90,8.88,-9.068,-46.21
-156,90,9.04,-8.794,-46.58
-156,90,9.2,-11.97,-50.83
-156,90,9.36,-14.324,-52.39
-156,90,9.52,-11.202,-49.58
-156,90,9.68,-12.62,-51.51
-156,90,9.84,-12.466,-51.58
-156,90,10,-16.71,-55.78
-156,90,10.16,-17.798,-57.44
-156,90,10.32,-19.272,-58.9
-156,90,10.48,-18.848,-58.38
-156,90,10.64,-18.268,-58.28
-156,90,10.8,-12.59,-52.86
-156,90,10.96,-15.286,-55.27
-156,90,11.12,-17.126,-57.37
-156,90,11.28,-13.336,-53.78
-156,90,11.44,-13.922,-54.67
-156,90,11.6,-12.44,-53.31
-156,90,11.76,-14.404,-55.52
-156,90,11.92,-15.594,-56.72
-156,90,12.08,-15.94,-58.13
-156,90,12.24,-14.944,-57.2
-156,90,12.4,-18.65,-61.31
-156,90,12.56,-19.48,-63.55
-156,90,12.72,-24.144,-68.7
-156,90,12.88,-29.866,-75.07
-156,90,13.04,-17.478,-63.98
-156,90,13.2,-22.37,-69.15
-156,90,13.36,-19.074,-65.29
-156,90,13.52,-18.632,-64.64
-156,90,13.68,-20.61,-67.29
-156,90,13.84,-24.098,-71.58
-156,90,14,-16.89,-64.74
-156,90,14.16,-25.306,-73.53
-156,90,14.32,-18.426,-67.38
-156,90,14.48,-17.894,-69.72
-156,90,14.64,-17.314,-66.77
-156,90,14.8,-18.28,-66.29
-156,90,14.96,-28.772,-75.9
-156,90,15.12,-21.51,-67.94
-156,90,15.28,-24.61,-71.16
-156,90,15.44,-41.046,-87.36
-156,90,15.6,-24.89,-71.52
-156,90,15.76,-25.608,-72.8
-156,90,15.92,-28.772,-75.95
-156,90,16.08,-26.412,-73.87
-156,90,16.24,-30.704,-78.83
-156,90,16.4,-18.44,-68.25
-156,90,16.56,-23.738,-72.67
-156,90,16.72,-24.298,-73.78
-156,90,16.88,-26.204,-76.67
-156,90,17.04,-23.196,-74.45
-156,90,17.2,-21.12,-73.55
-156,90,17.36,-21.776,-74.42
-156,90,17.52,-18.586,-71.12
-156,90,17.68,-24.002,-77.08
-156,90,17.84,-21.948,-74.86
-156,90,18,-26.77,-79.58
-155,90,2,-7.26,-29.05
-155,90,2.16,-8.548,-31.96
-155,90,2.32,-13.796,-39.45
-155,90,2.48,-24.454,-51.7
-155,90,2.64,-15.338,-44.05
-155,90,2.8,-13.58,-40.64
-155,90,2.96,-7.058,-35.37
-155,90,3.12,-16.626,-44.86
-155,90,3.28,-12.142,-42.16
-155,90,3.44,-8.242,-36.89
-155,90,3.6,-14.07,-41.52
-155,90,3.76,-11.754,-41.24
-155,90,3.92,-6.972,-34.52
-155,90,4.08,-9.822,-37.49
-155,90,4.24,-11.576,-40.6
-155,90,4.4,-12.82,-42.63
-155,90,4.56,-8.556,-38.37
-155,90,4.72,-12.304,-42.29
-155,90,4.88,-15.87,-46
-155,90,5.04,-9.15,-39.2
-155,90,5.2,-8.09,-39.51
-155,90,5.36,-8.46,-39.26
-155,90,5.52,-9.428,-39.71
-155,90,5.68,-13.53,-44.9
-155,90,5.84,-11.022,-42.47
-155,90,6,-9.61,-41.15
-155,90,6.16,-14.46,-46.5
-155,90,6.32,-13.868,-47.36
-155,90,6.48,-12.576,-46.66
-155,90,6.64,-12.618,-47.01
-155,90,6.8,-17.24,-50.74
-155,90,6.96,-12.682,-47.01
-155,90,7.12,-9.436,-44.03
-155,90,7.28,-11.762,-46.14
-155,90,7.44,-12.966,-47.3
-155,90,7.6,-11.93,-45.33
-155,90,7.76,-13.038,-48.26
-155,90,7.92,-12.862,-47.49
-155,90,8.08,-11.496,-46.3
-155,90,8.24,-13.762,-48.87
-155,90,8.4,-11.68,-47.06
-155,90,8.56,-8.20199999999999,-44.48
-155,90,8.72,-9.298,-46.6
-155,90,8.88,-10.618,-47.76
-155,90,9.04,-10.074,-47.86
-155,90,9.2,-12.63,-51.49
-155,90,9.36,-13.314,-51.38
-155,90,9.52,-11.532,-49.91
-155,90,9.68,-10.65,-49.54
-155,90,9.84,-13.836,-52.95
-155,90,10,-19.52,-58.59
-155,90,10.16,-16.518,-56.16
-155,90,10.32,-17.002,-56.63
-155,90,10.48,-25.478,-65.01
-155,90,10.64,-22.478,-62.49
-155,90,10.8,-14.25,-54.52
-155,90,10.96,-17.506,-57.49
-155,90,11.12,-15.126,-55.37
-155,90,11.28,-11.976,-52.42
-155,90,11.44,-14.392,-55.14
-155,90,11.6,-14.17,-55.04
-155,90,11.76,-12.134,-53.25
-155,90,11.92,-15.194,-56.32
-155,90,12.08,-16.18,-58.37
-155,90,12.24,-13.044,-55.3
-155,90,12.4,-12.57,-55.23
-155,90,12.56,-15.81,-59.88
-155,90,12.72,-24.994,-69.55
-155,90,12.88,-28.936,-74.14
-155,90,13.04,-24.078,-70.58
-155,90,13.2,-17.6,-64.38
-155,90,13.36,-21.304,-67.52
-155,90,13.52,-19.832,-65.84
-155,90,13.68,-19.84,-66.52
-155,90,13.84,-22.178,-69.66
-155,90,14,-15.65,-63.5
-155,90,14.16,-29.096,-77.32
-155,90,14.32,-13.476,-62.43
-155,90,14.48,-16.564,-68.39
-155,90,14.64,-26.754,-76.21
-155,90,14.8,-21.88,-69.89
-155,90,14.96,-26.902,-74.03
-155,90,15.12,-27.51,-73.94
-155,90,15.28,-31.13,-77.68
-155,90,15.44,-25.336,-71.65
-155,90,15.6,-20.22,-66.85
-155,90,15.76,-28.538,-75.73
-155,90,15.92,-31.922,-79.1
-155,90,16.08,-28.952,-76.41
-155,90,16.24,-25.214,-73.34
-155,90,16.4,-23.84,-73.65
-155,90,16.56,-22.188,-71.12
-155,90,16.72,-28.798,-78.28
-155,90,16.88,-28.494,-78.96
-155,90,17.04,-20.786,-72.04
-155,90,17.2,-18.63,-71.06
-155,90,17.36,-27.446,-80.09
-155,90,17.52,-19.586,-72.12
-155,90,17.68,-18.312,-71.39
-155,90,17.84,-26.648,-79.56
-155,90,18,-31.33,-84.14
-154,90,2,-7.12,-28.91
-154,90,2.16,-8.728,-32.14
-154,90,2.32,-12.426,-38.08
-154,90,2.48,-18.984,-46.23
-154,90,2.64,-15.648,-44.36
-154,90,2.8,-14.97,-42.03
-154,90,2.96,-8.228,-36.54
-154,90,3.12,-20.456,-48.69
-154,90,3.28,-10.492,-40.51
-154,90,3.44,-7.962,-36.61
-154,90,3.6,-14.21,-41.66
-154,90,3.76,-10.674,-40.16
-154,90,3.92,-6.892,-34.44
-154,90,4.08,-9.842,-37.51
-154,90,4.24,-11.866,-40.89
-154,90,4.4,-13.35,-43.16
-154,90,4.56,-8.716,-38.53
-154,90,4.72,-10.814,-40.8
-154,90,4.88,-14.1,-44.23
-154,90,5.04,-9.66,-39.71
-154,90,5.2,-8.9,-40.32
-154,90,5.36,-8.56,-39.36
-154,90,5.52,-10.518,-40.8
-154,90,5.68,-12,-43.37
-154,90,5.84,-11.242,-42.69
-154,90,6,-8.74,-40.28
-154,90,6.16,-13.01,-45.05
-154,90,6.32,-14.618,-48.11
-154,90,6.48,-12.976,-47.06
-154,90,6.64,-12.028,-46.42
-154,90,6.8,-19.4,-52.9
-154,90,6.96,-11.012,-45.34
-154,90,7.12,-9.816,-44.41
-154,90,7.28,-11.662,-46.04
-154,90,7.44,-13.756,-48.09
-154,90,7.6,-12.54,-45.94
-154,90,7.76,-12.838,-48.06
-154,90,7.92,-14.732,-49.36
-154,90,8.08,-12.766,-47.57
-154,90,8.24,-13.712,-48.82
-154,90,8.4,-11.47,-46.85
-154,90,8.56,-7.91199999999999,-44.19
-154,90,8.72,-9.828,-47.13
-154,90,8.88,-11.338,-48.48
-154,90,9.04,-11.384,-49.17
-154,90,9.2,-11.44,-50.3
-154,90,9.36,-11.604,-49.67
-154,90,9.52,-12.482,-50.86
-154,90,9.68,-11.79,-50.68
-154,90,9.84,-15.286,-54.4
-154,90,10,-20.02,-59.09
-154,90,10.16,-17.628,-57.27
-154,90,10.32,-15.862,-55.49
-154,90,10.48,-29.498,-69.03
-154,90,10.64,-29.358,-69.37
-154,90,10.8,-15.82,-56.09
-154,90,10.96,-18.136,-58.12
-154,90,11.12,-14.626,-54.87
-154,90,11.28,-11.176,-51.62
-154,90,11.44,-14.962,-55.71
-154,90,11.6,-13.43,-54.3
-154,90,11.76,-11.164,-52.28
-154,90,11.92,-12.354,-53.48
-154,90,12.08,-12.99,-55.18
-154,90,12.24,-14.734,-56.99
-154,90,12.4,-14.58,-57.24
-154,90,12.56,-13.78,-57.85
-154,90,12.72,-22.254,-66.81
-154,90,12.88,-18.276,-63.48
-154,90,13.04,-17.498,-64
-154,90,13.2,-15.73,-62.51
-154,90,13.36,-20.044,-66.26
-154,90,13.52,-20.502,-66.51
-154,90,13.68,-19.07,-65.75
-154,90,13.84,-14.768,-62.25
-154,90,14,-15.74,-63.59
-154,90,14.16,-22.386,-70.61
-154,90,14.32,-12.496,-61.45
-154,90,14.48,-15.724,-67.55
-154,90,14.64,-16.104,-65.56
-154,90,14.8,-22.03,-70.04
-154,90,14.96,-22.072,-69.2
-154,90,15.12,-21.33,-67.76
-154,90,15.28,-23.96,-70.51
-154,90,15.44,-27.256,-73.57
-154,90,15.6,-23.65,-70.28
-154,90,15.76,-31.288,-78.48
-154,90,15.92,-22.062,-69.24
-154,90,16.08,-25.712,-73.17
-154,90,16.24,-23.924,-72.05
-154,90,16.4,-24.49,-74.3
-154,90,16.56,-27.038,-75.97
-154,90,16.72,-46.228,-95.71
-154,90,16.88,-31.274,-81.74
-154,90,17.04,-29.956,-81.21
-154,90,17.2,-30.48,-82.91
-154,90,17.36,-36.916,-89.56
-154,90,17.52,-22.426,-74.96
-154,90,17.68,-26.152,-79.23
-154,90,17.84,-23.938,-76.85
-154,90,18,-22.9,-75.71
-153,90,2,-7.22,-29.01
-153,90,2.16,-8.828,-32.24
-153,90,2.32,-10.716,-36.37
-153,90,2.48,-16.054,-43.3
-153,90,2.64,-14.958,-43.67
-153,90,2.8,-18.27,-45.33
-153,90,2.96,-9.978,-38.29
-153,90,3.12,-22.026,-50.26
-153,90,3.28,-9.282,-39.3
-153,90,3.44,-8.062,-36.71
-153,90,3.6,-12.67,-40.12
-153,90,3.76,-9.564,-39.05
-153,90,3.92,-6.992,-34.54
-153,90,4.08,-10.032,-37.7
-153,90,4.24,-13.246,-42.27
-153,90,4.4,-13.1,-42.91
-153,90,4.56,-8.386,-38.2
-153,90,4.72,-8.534,-38.52
-153,90,4.88,-11.31,-41.44
-153,90,5.04,-10.89,-40.94
-153,90,5.2,-9.89,-41.31
-153,90,5.36,-9.01000000000001,-39.81
-153,90,5.52,-11.408,-41.69
-153,90,5.68,-9.90000000000001,-41.27
-153,90,5.84,-11.242,-42.69
-153,90,6,-9.45,-40.99
-153,90,6.16,-13.39,-45.43
-153,90,6.32,-14.988,-48.48
-153,90,6.48,-12.466,-46.55
-153,90,6.64,-11.238,-45.63
-153,90,6.8,-19.46,-52.96
-153,90,6.96,-11.092,-45.42
-153,90,7.12,-10.876,-45.47
-153,90,7.28,-11.462,-45.84
-153,90,7.44,-14.136,-48.47
-153,90,7.6,-12.79,-46.19
-153,90,7.76,-12.478,-47.7
-153,90,7.92,-16.032,-50.66
-153,90,8.08,-14.636,-49.44
-153,90,8.24,-14.632,-49.74
-153,90,8.4,-10.97,-46.35
-153,90,8.56,-9.86199999999999,-46.14
-153,90,8.72,-11.508,-48.81
-153,90,8.88,-10.238,-47.38
-153,90,9.04,-12.334,-50.12
-153,90,9.2,-11.22,-50.08
-153,90,9.36,-11.604,-49.67
-153,90,9.52,-14.172,-52.55
-153,90,9.68,-14.21,-53.1
-153,90,9.84,-15.046,-54.16
-153,90,10,-17.37,-56.44
-153,90,10.16,-18.578,-58.22
-153,90,10.32,-20.612,-60.24
-153,90,10.48,-36.358,-75.89
-153,90,10.64,-21.088,-61.1
-153,90,10.8,-17.19,-57.46
-153,90,10.96,-16.706,-56.69
-153,90,11.12,-15.346,-55.59
-153,90,11.28,-12.086,-52.53
-153,90,11.44,-14.362,-55.11
-153,90,11.6,-11.59,-52.46
-153,90,11.76,-11.394,-52.51
-153,90,11.92,-11.054,-52.18
-153,90,12.08,-12.93,-55.12
-153,90,12.24,-17.184,-59.44
-153,90,12.4,-18.02,-60.68
-153,90,12.56,-14.81,-58.88
-153,90,12.72,-18.354,-62.91
-153,90,12.88,-14.316,-59.52
-153,90,13.04,-15.828,-62.33
-153,90,13.2,-17,-63.78
-153,90,13.36,-19.194,-65.41
-153,90,13.52,-16.392,-62.4
-153,90,13.68,-24.56,-71.24
-153,90,13.84,-20.678,-68.16
-153,90,14,-16.77,-64.62
-153,90,14.16,-15.156,-63.38
-153,90,14.32,-16.226,-65.18
-153,90,14.48,-16.344,-68.17
-153,90,14.64,-20.114,-69.57
-153,90,14.8,-26.49,-74.5
-153,90,14.96,-19.272,-66.4
-153,90,15.12,-18.75,-65.18
-153,90,15.28,-24.69,-71.24
-153,90,15.44,-27.346,-73.66
-153,90,15.6,-37.25,-83.88
-153,90,15.76,-21.988,-69.18
-153,90,15.92,-23.662,-70.84
-153,90,16.08,-33.002,-80.46
-153,90,16.24,-35.714,-83.84
-153,90,16.4,-23.77,-73.58
-153,90,16.56,-17.998,-66.93
-153,90,16.72,-33.348,-82.83
-153,90,16.88,-30.494,-80.96
-153,90,17.04,-30.166,-81.42
-153,90,17.2,-23.79,-76.22
-153,90,17.36,-21.116,-73.76
-153,90,17.52,-23.406,-75.94
-153,90,17.68,-44.402,-97.48
-153,90,17.84,-26.268,-79.18
-153,90,18,-17.1,-69.91
-152,90,2,-7.44,-29.23
-152,90,2.16,-9.038,-32.45
-152,90,2.32,-9.206,-34.86
-152,90,2.48,-14.394,-41.64
-152,90,2.64,-14.308,-43.02
-152,90,2.8,-26.85,-53.91
-152,90,2.96,-12.758,-41.07
-152,90,3.12,-18.146,-46.38
-152,90,3.28,-8.972,-38.99
-152,90,3.44,-8.292,-36.94
-152,90,3.6,-10.6,-38.05
-152,90,3.76,-8.204,-37.69
-152,90,3.92,-7.122,-34.67
-152,90,4.08,-10.302,-37.97
-152,90,4.24,-15.066,-44.09
-152,90,4.4,-11.97,-41.78
-152,90,4.56,-8.016,-37.83
-152,90,4.72,-6.684,-36.67
-152,90,4.88,-8.9,-39.03
-152,90,5.04,-12.2,-42.25
-152,90,5.2,-11.08,-42.5
-152,90,5.36,-9.71,-40.51
-152,90,5.52,-11.278,-41.56
-152,90,5.68,-8.28,-39.65
-152,90,5.84,-10.242,-41.69
-152,90,6,-10.49,-42.03
-152,90,6.16,-15.07,-47.11
-152,90,6.32,-15.778,-49.27
-152,90,6.48,-11.186,-45.27
-152,90,6.64,-10.948,-45.34
-152,90,6.8,-16.54,-50.04
-152,90,6.96,-11.282,-45.61
-152,90,7.12,-12.636,-47.23
-152,90,7.28,-11.762,-46.14
-152,90,7.44,-13.706,-48.04
-152,90,7.6,-13,-46.4
-152,90,7.76,-12.608,-47.83
-152,90,7.92,-14.662,-49.29
-152,90,8.08,-15.826,-50.63
-152,90,8.24,-17.322,-52.43
-152,90,8.4,-11.23,-46.61
-152,90,8.56,-13.092,-49.37
-152,90,8.72,-10.638,-47.94
-152,90,8.88,-8.69800000000001,-45.84
-152,90,9.04,-11.474,-49.26
-152,90,9.2,-12.31,-51.17
-152,90,9.36,-14.124,-52.19
-152,90,9.52,-15.582,-53.96
-152,90,9.68,-15.38,-54.27
-152,90,9.84,-13.336,-52.45
-152,90,10,-16.08,-55.15
-152,90,10.16,-19.618,-59.26
-152,90,10.32,-29.352,-68.98
-152,90,10.48,-23.128,-62.66
-152,90,10.64,-18.098,-58.11
-152,90,10.8,-18.71,-58.98
-152,90,10.96,-18.016,-58
-152,90,11.12,-14.476,-54.72
-152,90,11.28,-11.116,-51.56
-152,90,11.44,-10.742,-51.49
-152,90,11.6,-11.71,-52.58
-152,90,11.76,-12.344,-53.46
-152,90,11.92,-11.614,-52.74
-152,90,12.08,-12.8,-54.99
-152,90,12.24,-13.724,-55.98
-152,90,12.4,-13.26,-55.92
-152,90,12.56,-16.23,-60.3
-152,90,12.72,-16.224,-60.78
-152,90,12.88,-19.606,-64.81
-152,90,13.04,-15.038,-61.54
-152,90,13.2,-16.52,-63.3
-152,90,13.36,-19.154,-65.37
-152,90,13.52,-16.692,-62.7
-152,90,13.68,-15.92,-62.6
-152,90,13.84,-20.938,-68.42
-152,90,14,-23.02,-70.87
-152,90,14.16,-16.086,-64.31
-152,90,14.32,-13.036,-61.99
-152,90,14.48,-13.694,-65.52
-152,90,14.64,-27.684,-77.14
-152,90,14.8,-26.14,-74.15
-152,90,14.96,-41.142,-88.27
-152,90,15.12,-20.97,-67.4
-152,90,15.28,-19.31,-65.86
-152,90,15.44,-26.436,-72.75
-152,90,15.6,-27.81,-74.44
-152,90,15.76,-28.768,-75.96
-152,90,15.92,-25.982,-73.16
-152,90,16.08,-25.002,-72.46
-152,90,16.24,-22.064,-70.19
-152,90,16.4,-24.08,-73.89
-152,90,16.56,-33.438,-82.37
-152,90,16.72,-31.448,-80.93
-152,90,16.88,-26.574,-77.04
-152,90,17.04,-38.026,-89.28
-152,90,17.2,-35.3,-87.73
-152,90,17.36,-18.696,-71.34
-152,90,17.52,-33.516,-86.05
-152,90,17.68,-17.332,-70.41
-152,90,17.84,-25.668,-78.58
-152,90,18,-29.37,-82.18
-151,90,2,-7.77,-29.56
-151,90,2.16,-9.148,-32.56
-151,90,2.32,-8.166,-33.82
-151,90,2.48,-13.734,-40.98
-151,90,2.64,-13.038,-41.75
-151,90,2.8,-23.64,-50.7
-151,90,2.96,-15.898,-44.21
-151,90,3.12,-15.116,-43.35
-151,90,3.28,-9.212,-39.23
-151,90,3.44,-8.402,-37.05
-151,90,3.6,-8.76,-36.21
-151,90,3.76,-7.10400000000001,-36.59
-151,90,3.92,-7.092,-34.64
-151,90,4.08,-10.572,-38.24
-151,90,4.24,-16.736,-45.76
-151,90,4.4,-10.12,-39.93
-151,90,4.56,-7.576,-37.39
-151,90,4.72,-5.27399999999999,-35.26
-151,90,4.88,-7.34999999999999,-37.48
-151,90,5.04,-13.15,-43.2
-151,90,5.2,-12.12,-43.54
-151,90,5.36,-9.90000000000001,-40.7
-151,90,5.52,-10.398,-40.68
-151,90,5.68,-7.02,-38.39
-151,90,5.84,-9.182,-40.63
-151,90,6,-11.94,-43.48
-151,90,6.16,-17.57,-49.61
-151,90,6.32,-14.478,-47.97
-151,90,6.48,-10.886,-44.97
-151,90,6.64,-11.358,-45.75
-151,90,6.8,-14.08,-47.58
-151,90,6.96,-11.292,-45.62
-151,90,7.12,-13.536,-48.13
-151,90,7.28,-11.922,-46.3
-151,90,7.44,-13.046,-47.38
-151,90,7.6,-13.09,-46.49
-151,90,7.76,-12.718,-47.94
-151,90,7.92,-14.652,-49.28
-151,90,8.08,-16.176,-50.98
-151,90,8.24,-17.992,-53.1
-151,90,8.4,-12.09,-47.47
-151,90,8.56,-17.202,-53.48
-151,90,8.72,-10.128,-47.43
-151,90,8.88,-8.858,-46
-151,90,9.04,-10.254,-48.04
-151,90,9.2,-15.74,-54.6
-151,90,9.36,-14.934,-53
-151,90,9.52,-16.782,-55.16
-151,90,9.68,-15.27,-54.16
-151,90,9.84,-14.276,-53.39
-151,90,10,-20.01,-59.08
-151,90,10.16,-22.118,-61.76
-151,90,10.32,-27.142,-66.77
-151,90,10.48,-18.938,-58.47
-151,90,10.64,-24.598,-64.61
-151,90,10.8,-18.99,-59.26
-151,90,10.96,-14.936,-54.92
-151,90,11.12,-14.526,-54.77
-151,90,11.28,-11.076,-51.52
-151,90,11.44,-10.702,-51.45
-151,90,11.6,-14.81,-55.68
-151,90,11.76,-12.964,-54.08
-151,90,11.92,-12.334,-53.46
-151,90,12.08,-14.9,-57.09
-151,90,12.24,-10.974,-53.23
-151,90,12.4,-9.46,-52.12
-151,90,12.56,-15.82,-59.89
-151,90,12.72,-20.814,-65.37
-151,90,12.88,-25.836,-71.04
-151,90,13.04,-26.058,-72.56
-151,90,13.2,-22.45,-69.23
-151,90,13.36,-22.494,-68.71
-151,90,13.52,-15.572,-61.58
-151,90,13.68,-14.17,-60.85
-151,90,13.84,-16.998,-64.48
-151,90,14,-23.56,-71.41
-151,90,14.16,-18.776,-67
-151,90,14.32,-13.146,-62.1
-151,90,14.48,-15.774,-67.6
-151,90,14.64,-18.674,-68.13
-151,90,14.8,-17.32,-65.33
-151,90,14.96,-27.972,-75.1
-151,90,15.12,-24.65,-71.08
-151,90,15.28,-16.77,-63.32
-151,90,15.44,-18.446,-64.76
-151,90,15.6,-20.57,-67.2
-151,90,15.76,-35.808,-83
-151,90,15.92,-19.192,-66.37
-151,90,16.08,-20.342,-67.8
-151,90,16.24,-27.894,-76.02
-151,90,16.4,-24.1,-73.91
-151,90,16.56,-30.288,-79.22
-151,90,16.72,-22.928,-72.41
-151,90,16.88,-21.194,-71.66
-151,90,17.04,-23.776,-75.03
-151,90,17.2,-29.29,-81.72
-151,90,17.36,-21.266,-73.91
-151,90,17.52,-26.086,-78.62
-151,90,17.68,-20.332,-73.41
-151,90,17.84,-28.058,-80.97
-151,90,18,-28.56,-81.37
-150,90,2,-8.28,-30.07
-150,90,2.16,-9.098,-32.51
-150,90,2.32,-7.266,-32.92
-150,90,2.48,-13.434,-40.68
-150,90,2.64,-11.758,-40.47
-150,90,2.8,-15.11,-42.17
-150,90,2.96,-17.578,-45.89
-150,90,3.12,-13.636,-41.87
-150,90,3.28,-10.232,-40.25
-150,90,3.44,-8.322,-36.97
-150,90,3.6,-7.14,-34.59
-150,90,3.76,-6.314,-35.8
-150,90,3.92,-7.022,-34.57
-150,90,4.08,-10.692,-38.36
-150,90,4.24,-16.576,-45.6
-150,90,4.4,-8.92,-38.73
-150,90,4.56,-7.116,-36.93
-150,90,4.72,-4.604,-34.59
-150,90,4.88,-7.04,-37.17
-150,90,5.04,-13.55,-43.6
-150,90,5.2,-11.85,-43.27
-150,90,5.36,-10.04,-40.84
-150,90,5.52,-10.308,-40.59
-150,90,5.68,-6.29,-37.66
-150,90,5.84,-8.412,-39.86
-150,90,6,-13.41,-44.95
-150,90,6.16,-20.07,-52.11
-150,90,6.32,-13.748,-47.24
-150,90,6.48,-11.026,-45.11
-150,90,6.64,-11.868,-46.26
-150,90,6.8,-12.01,-45.51
-150,90,6.96,-11.002,-45.33
-150,90,7.12,-12.606,-47.2
-150,90,7.28,-11.772,-46.15
-150,90,7.44,-13.696,-48.03
-150,90,7.6,-13.43,-46.83
-150,90,7.76,-13.218,-48.44
-150,90,7.92,-14.602,-49.23
-150,90,8.08,-15.906,-50.71
-150,90,8.24,-16.152,-51.26
-150,90,8.4,-14.31,-49.69
-150,90,8.56,-17.532,-53.81
-150,90,8.72,-10.858,-48.16
-150,90,8.88,-10.298,-47.44
-150,90,9.04,-10.334,-48.12
-150,90,9.2,-21.08,-59.94
-150,90,9.36,-16.204,-54.27
-150,90,9.52,-13.402,-51.78
-150,90,9.68,-14.19,-53.08
-150,90,9.84,-16.846,-55.96
-150,90,10,-29.21,-68.28
-150,90,10.16,-18.648,-58.29
-150,90,10.32,-23.612,-63.24
-150,90,10.48,-25.948,-65.48
-150,90,10.64,-25.708,-65.72
-150,90,10.8,-17.64,-57.91
-150,90,10.96,-13.546,-53.53
-150,90,11.12,-14.616,-54.86
-150,90,11.28,-13.216,-53.66
-150,90,11.44,-12.842,-53.59
-150,90,11.6,-14.01,-54.88
-150,90,11.76,-10.724,-51.84
-150,90,11.92,-10.704,-51.83
-150,90,12.08,-13.47,-55.66
-150,90,12.24,-10.964,-53.22
-150,90,12.4,-11.69,-54.35
-150,90,12.56,-16.33,-60.4
-150,90,12.72,-20.004,-64.56
-150,90,12.88,-22.346,-67.55
-150,90,13.04,-20.668,-67.17
-150,90,13.2,-19.16,-65.94
-150,90,13.36,-38.464,-84.68
-150,90,13.52,-19.092,-65.1
-150,90,13.68,-16.05,-62.73
-150,90,13.84,-23.238,-70.72
-150,90,14,-23.51,-71.36
-150,90,14.16,-19.356,-67.58
-150,90,14.32,-18.436,-67.39
-150,90,14.48,-26.504,-78.33
-150,90,14.64,-16.584,-66.04
-150,90,14.8,-17.93,-65.94
-150,90,14.96,-16.702,-63.83
-150,90,15.12,-17.83,-64.26
-150,90,15.28,-23.21,-69.76
-150,90,15.44,-18.616,-64.93
-150,90,15.6,-27.27,-73.9
-150,90,15.76,-21.038,-68.23
-150,90,15.92,-19.752,-66.93
-150,90,16.08,-28.722,-76.18
-150,90,16.24,-20.394,-68.52
-150,90,16.4,-28.16,-77.97
-150,90,16.56,-29.738,-78.67
-150,90,16.72,-21.748,-71.23
-150,90,16.88,-32.254,-82.72
-150,90,17.04,-24.296,-75.55
-150,90,17.2,-20.37,-72.8
-150,90,17.36,-27.946,-80.59
-150,90,17.52,-14.736,-67.27
-150,90,17.68,-22.142,-75.22
-150,90,17.84,-23.598,-76.51
-150,90,18,-21.14,-73.95
-149,90,2,-8.77,-30.56
-149,90,2.16,-9.058,-32.47
-149,90,2.32,-6.616,-32.27
-149,90,2.48,-12.884,-40.13
-149,90,2.64,-10.518,-39.23
-149,90,2.8,-10.88,-37.94
-149,90,2.96,-16.278,-44.59
-149,90,3.12,-13.076,-41.31
-149,90,3.28,-11.412,-41.43
-149,90,3.44,-7.912,-36.56
-149,90,3.6,-6.03,-33.48
-149,90,3.76,-6.014,-35.5
-149,90,3.92,-6.892,-34.44
-149,90,4.08,-10.372,-38.04
-149,90,4.24,-15.176,-44.2
-149,90,4.4,-8.26,-38.07
-149,90,4.56,-7.226,-37.04
-149,90,4.72,-4.794,-34.78
-149,90,4.88,-7.81,-37.94
-149,90,5.04,-12.87,-42.92
-149,90,5.2,-10.11,-41.53
-149,90,5.36,-10.03,-40.83
-149,90,5.52,-10.748,-41.03
-149,90,5.68,-6.58000000000001,-37.95
-149,90,5.84,-8.622,-40.07
-149,90,6,-13.01,-44.55
-149,90,6.16,-17.85,-49.89
-149,90,6.32,-12.598,-46.09
-149,90,6.48,-12.346,-46.43
-149,90,6.64,-13.708,-48.1
-149,90,6.8,-11.4,-44.9
-149,90,6.96,-10.862,-45.19
-149,90,7.12,-11.826,-46.42
-149,90,7.28,-11.182,-45.56
-149,90,7.44,-13.636,-47.97
-149,90,7.6,-14.03,-47.43
-149,90,7.76,-14.218,-49.44
-149,90,7.92,-17.342,-51.97
-149,90,8.08,-16.226,-51.03
-149,90,8.24,-14.962,-50.07
-149,90,8.4,-16.74,-52.12
-149,90,8.56,-15.522,-51.8
-149,90,8.72,-11.958,-49.26
-149,90,8.88,-13.828,-50.97
-149,90,9.04,-12.634,-50.42
-149,90,9.2,-28.34,-67.2
-149,90,9.36,-15.444,-53.51
-149,90,9.52,-13.752,-52.13
-149,90,9.68,-15.59,-54.48
-149,90,9.84,-16.696,-55.81
-149,90,10,-22.52,-61.59
-149,90,10.16,-18.738,-58.38
-149,90,10.32,-25.822,-65.45
-149,90,10.48,-18.038,-57.57
-149,90,10.64,-18.778,-58.79
-149,90,10.8,-17.94,-58.21
-149,90,10.96,-14.026,-54.01
-149,90,11.12,-14.436,-54.68
-149,90,11.28,-14.106,-54.55
-149,90,11.44,-13.622,-54.37
-149,90,11.6,-12.58,-53.45
-149,90,11.76,-10.464,-51.58
-149,90,11.92,-11.174,-52.3
-149,90,12.08,-14.24,-56.43
-149,90,12.24,-14.134,-56.39
-149,90,12.4,-14.52,-57.18
-149,90,12.56,-13.48,-57.55
-149,90,12.72,-18.554,-63.11
-149,90,12.88,-16.226,-61.43
-149,90,13.04,-18.708,-65.21
-149,90,13.2,-17.12,-63.9
-149,90,13.36,-27.624,-73.84
-149,90,13.52,-37.752,-83.76
-149,90,13.68,-20.87,-67.55
-149,90,13.84,-27.808,-75.29
-149,90,14,-19.15,-67
-149,90,14.16,-16.476,-64.7
-149,90,14.32,-17.076,-66.03
-149,90,14.48,-29.734,-81.56
-149,90,14.64,-16.954,-66.41
-149,90,14.8,-18.67,-66.68
-149,90,14.96,-21.482,-68.61
-149,90,15.12,-18.39,-64.82
-149,90,15.28,-18.26,-64.81
-149,90,15.44,-18.076,-64.39
-149,90,15.6,-19.37,-66
-149,90,15.76,-22.528,-69.72
-149,90,15.92,-22.052,-69.23
-149,90,16.08,-25.502,-72.96
-149,90,16.24,-26.014,-74.14
-149,90,16.4,-27.22,-77.03
-149,90,16.56,-17.168,-66.1
-149,90,16.72,-25.638,-75.12
-149,90,16.88,-32.514,-82.98
-149,90,17.04,-26.056,-77.31
-149,90,17.2,-22.47,-74.9
-149,90,17.36,-22.946,-75.59
-149,90,17.52,-23.246,-75.78
-149,90,17.68,-19.132,-72.21
-149,90,17.84,-32.118,-85.03
-149,90,18,-22.08,-74.89
-148,90,2,-9.54,-31.33
-148,90,2.16,-8.968,-32.38
-148,90,2.32,-6.216,-31.87
-148,90,2.48,-12.434,-39.68
-148,90,2.64,-9.438,-38.15
-148,90,2.8,-8.59,-35.65
-148,90,2.96,-14.828,-43.14
-148,90,3.12,-13.146,-41.38
-148,90,3.28,-13.532,-43.55
-148,90,3.44,-7.572,-36.22
-148,90,3.6,-5.58,-33.03
-148,90,3.76,-6.094,-35.58
-148,90,3.92,-6.792,-34.34
-148,90,4.08,-9.482,-37.15
-148,90,4.24,-13.156,-42.18
-148,90,4.4,-7.74,-37.55
-148,90,4.56,-7.366,-37.18
-148,90,4.72,-5.784,-35.77
-148,90,4.88,-9.73,-39.86
-148,90,5.04,-10.58,-40.63
-148,90,5.2,-8.08,-39.5
-148,90,5.36,-9.43,-40.23
-148,90,5.52,-12.558,-42.84
-148,90,5.68,-7.42,-38.79
-148,90,5.84,-9.182,-40.63
-148,90,6,-11.78,-43.32
-148,90,6.16,-13.18,-45.22
-148,90,6.32,-12.308,-45.8
-148,90,6.48,-13.676,-47.76
-148,90,6.64,-14.858,-49.25
-148,90,6.8,-11.16,-44.66
-148,90,6.96,-10.682,-45.01
-148,90,7.12,-10.936,-45.53
-148,90,7.28,-10.982,-45.36
-148,90,7.44,-13.716,-48.05
-148,90,7.6,-14.89,-48.29
-148,90,7.76,-16.168,-51.39
-148,90,7.92,-18.822,-53.45
-148,90,8.08,-16.616,-51.42
-148,90,8.24,-15.742,-50.85
-148,90,8.4,-18.39,-53.77
-148,90,8.56,-14.012,-50.29
-148,90,8.72,-14.298,-51.6
-148,90,8.88,-16.238,-53.38
-148,90,9.04,-16.614,-54.4
-148,90,9.2,-23.25,-62.11
-148,90,9.36,-15.864,-53.93
-148,90,9.52,-15.002,-53.38
-148,90,9.68,-23.31,-62.2
-148,90,9.84,-14.646,-53.76
-148,90,10,-19.87,-58.94
-148,90,10.16,-22.368,-62.01
-148,90,10.32,-22.982,-62.61
-148,90,10.48,-15.688,-55.22
-148,90,10.64,-15.388,-55.4
-148,90,10.8,-18.77,-59.04
-148,90,10.96,-15.756,-55.74
-148,90,11.12,-13.356,-53.6
-148,90,11.28,-12.196,-52.64
-148,90,11.44,-11.942,-52.69
-148,90,11.6,-13.77,-54.64
-148,90,11.76,-11.344,-52.46
-148,90,11.92,-13.764,-54.89
-148,90,12.08,-14.65,-56.84
-148,90,12.24,-13.964,-56.22
-148,90,12.4,-12.49,-55.15
-148,90,12.56,-13.63,-57.7
-148,90,12.72,-16.734,-61.29
-148,90,12.88,-17.976,-63.18
-148,90,13.04,-24.238,-70.74
-148,90,13.2,-22.83,-69.61
-148,90,13.36,-25.954,-72.17
-148,90,13.52,-20.702,-66.71
-148,90,13.68,-24.39,-71.07
-148,90,13.84,-33.298,-80.78
-148,90,14,-19.74,-67.59
-148,90,14.16,-21.746,-69.97
-148,90,14.32,-19.316,-68.27
-148,90,14.48,-18.494,-70.32
-148,90,14.64,-17.404,-66.86
-148,90,14.8,-21.32,-69.33
-148,90,14.96,-24.592,-71.72
-148,90,15.12,-23.83,-70.26
-148,90,15.28,-27.69,-74.24
-148,90,15.44,-26.466,-72.78
-148,90,15.6,-18.15,-64.78
-148,90,15.76,-22.118,-69.31
-148,90,15.92,-17.472,-64.65
-148,90,16.08,-23.322,-70.78
-148,90,16.24,-36.264,-84.39
-148,90,16.4,-28.76,-78.57
-148,90,16.56,-21.788,-70.72
-148,90,16.72,-24.778,-74.26
-148,90,16.88,-20.714,-71.18
-148,90,17.04,-20.486,-71.74
-148,90,17.2,-23.76,-76.19
-148,90,17.36,-23.256,-75.9
-148,90,17.52,-15.896,-68.43
-148,90,17.68,-23.642,-76.72
-148,90,17.84,-23.768,-76.68
-148,90,18,-18.56,-71.37
-147,90,2,-10.09,-31.88
-147,90,2.16,-8.918,-32.33
-147,90,2.32,-6.026,-31.68
-147,90,2.48,-11.804,-39.05
-147,90,2.64,-8.828,-37.54
-147,90,2.8,-7.16,-34.22
-147,90,2.96,-15.128,-43.44
-147,90,3.12,-13.576,-41.81
-147,90,3.28,-15.472,-45.49
-147,90,3.44,-7.422,-36.07
-147,90,3.6,-5.71,-33.16
-147,90,3.76,-6.634,-36.12
-147,90,3.92,-6.522,-34.07
-147,90,4.08,-7.912,-35.58
-147,90,4.24,-10.776,-39.8
-147,90,4.4,-7.49,-37.3
-147,90,4.56,-7.576,-37.39
-147,90,4.72,-7.584,-37.57
-147,90,4.88,-11.3,-41.43
-147,90,5.04,-8.22,-38.27
-147,90,5.2,-6.27,-37.69
-147,90,5.36,-8.69,-39.49
-147,90,5.52,-14.218,-44.5
-147,90,5.68,-8.68,-40.05
-147,90,5.84,-8.852,-40.3
-147,90,6,-10.08,-41.62
-147,90,6.16,-10.45,-42.49
-147,90,6.32,-11.188,-44.68
-147,90,6.48,-15.296,-49.38
-147,90,6.64,-15.178,-49.57
-147,90,6.8,-11.42,-44.92
-147,90,6.96,-10.952,-45.28
-147,90,7.12,-10.776,-45.37
-147,90,7.28,-11.722,-46.1
-147,90,7.44,-13.466,-47.8
-147,90,7.6,-16.18,-49.58
-147,90,7.76,-16.228,-51.45
-147,90,7.92,-19.112,-53.74
-147,90,8.08,-17.066,-51.87
-147,90,8.24,-19.702,-54.81
-147,90,8.4,-20.13,-55.51
-147,90,8.56,-14.482,-50.76
-147,90,8.72,-15.718,-53.02
-147,90,8.88,-16.148,-53.29
-147,90,9.04,-17.564,-55.35
-147,90,9.2,-21.61,-60.47
-147,90,9.36,-18.724,-56.79
-147,90,9.52,-19.912,-58.29
-147,90,9.68,-22.73,-61.62
-147,90,9.84,-12.816,-51.93
-147,90,10,-17.02,-56.09
-147,90,10.16,-21.918,-61.56
-147,90,10.32,-19.692,-59.32
-147,90,10.48,-14.868,-54.4
-147,90,10.64,-16.518,-56.53
-147,90,10.8,-16.18,-56.45
-147,90,10.96,-15.276,-55.26
-147,90,11.12,-10.586,-50.83
-147,90,11.28,-9.696,-50.14
-147,90,11.44,-11.282,-52.03
-147,90,11.6,-14.8,-55.67
-147,90,11.76,-14.864,-55.98
-147,90,11.92,-15.194,-56.32
-147,90,12.08,-12.1,-54.29
-147,90,12.24,-13.304,-55.56
-147,90,12.4,-14.52,-57.18
-147,90,12.56,-17.96,-62.03
-147,90,12.72,-21.024,-65.58
-147,90,12.88,-26.306,-71.51
-147,90,13.04,-19.528,-66.03
-147,90,13.2,-20.36,-67.14
-147,90,13.36,-21.134,-67.35
-147,90,13.52,-19.012,-65.02
-147,90,13.68,-19.46,-66.14
-147,90,13.84,-23.378,-70.86
-147,90,14,-21.14,-68.99
-147,90,14.16,-29.226,-77.45
-147,90,14.32,-22.836,-71.79
-147,90,14.48,-27.264,-79.09
-147,90,14.64,-24.904,-74.36
-147,90,14.8,-28.94,-76.95
-147,90,14.96,-16.002,-63.13
-147,90,15.12,-18.48,-64.91
-147,90,15.28,-27.09,-73.64
-147,90,15.44,-16.876,-63.19
-147,90,15.6,-21.1,-67.73
-147,90,15.76,-16.348,-63.54
-147,90,15.92,-22.052,-69.23
-147,90,16.08,-28.202,-75.66
-147,90,16.24,-31.424,-79.55
-147,90,16.4,-22.26,-72.07
-147,90,16.56,-21.838,-70.77
-147,90,16.72,-32.918,-82.4
-147,90,16.88,-32.644,-83.11
-147,90,17.04,-21.586,-72.84
-147,90,17.2,-25.96,-78.39
-147,90,17.36,-22.456,-75.1
-147,90,17.52,-20.886,-73.42
-147,90,17.68,-23.802,-76.88
-147,90,17.84,-22.848,-75.76
-147,90,18,-31.36,-84.17
-146,90,2,-10.76,-32.55
-146,90,2.16,-9.018,-32.43
-146,90,2.32,-6.106,-31.76
-146,90,2.48,-11.144,-38.39
-146,90,2.64,-8.368,-37.08
-146,90,2.8,-6.38,-33.44
-146,90,2.96,-16.268,-44.58
-146,90,3.12,-14.176,-42.41
-146,90,3.28,-18.272,-48.29
-146,90,3.44,-7.842,-36.49
-146,90,3.6,-6.45,-33.9
-146,90,3.76,-7.254,-36.74
-146,90,3.92,-5.982,-33.53
-146,90,4.08,-6.462,-34.13
-146,90,4.24,-8.566,-37.59
-146,90,4.4,-7.19,-37
-146,90,4.56,-7.676,-37.49
-146,90,4.72,-9.654,-39.64
-146,90,4.88,-10.97,-41.1
-146,90,5.04,-6.63,-36.68
-146,90,5.2,-5.13,-36.55
-146,90,5.36,-8.3,-39.1
-146,90,5.52,-15.278,-45.56
-146,90,5.68,-9.51000000000001,-40.88
-146,90,5.84,-8.042,-39.49
-146,90,6,-9.16,-40.7
-146,90,6.16,-8.96,-41
-146,90,6.32,-11.298,-44.79
-146,90,6.48,-15.886,-49.97
-146,90,6.64,-13.648,-48.04
-146,90,6.8,-11.06,-44.56
-146,90,6.96,-10.942,-45.27
-146,90,7.12,-12.026,-46.62
-146,90,7.28,-13.512,-47.89
-146,90,7.44,-13.126,-47.46
-146,90,7.6,-17.22,-50.62
-146,90,7.76,-15.968,-51.19
-146,90,7.92,-17.482,-52.11
-146,90,8.08,-14.486,-49.29
-146,90,8.24,-22.242,-57.35
-146,90,8.4,-22.5,-57.88
-146,90,8.56,-16.752,-53.03
-146,90,8.72,-16.978,-54.28
-146,90,8.88,-15.528,-52.67
-146,90,9.04,-17.274,-55.06
-146,90,9.2,-26.75,-65.61
-146,90,9.36,-19.444,-57.51
-146,90,9.52,-22.232,-60.61
-146,90,9.68,-22.63,-61.52
-146,90,9.84,-15.646,-54.76
-146,90,10,-20.84,-59.91
-146,90,10.16,-28.658,-68.3
-146,90,10.32,-23.362,-62.99
-146,90,10.48,-16.348,-55.88
-146,90,10.64,-17.538,-57.55
-146,90,10.8,-15.04,-55.31
-146,90,10.96,-13.016,-53
-146,90,11.12,-11.156,-51.4
-146,90,11.28,-10.596,-51.04
-146,90,11.44,-13.342,-54.09
-146,90,11.6,-14.91,-55.78
-146,90,11.76,-14.244,-55.36
-146,90,11.92,-11.924,-53.05
-146,90,12.08,-10.84,-53.03
-146,90,12.24,-14.204,-56.46
-146,90,12.4,-16.47,-59.13
-146,90,12.56,-20.1,-64.17
-146,90,12.72,-20.984,-65.54
-146,90,12.88,-26.506,-71.71
-146,90,13.04,-18.698,-65.2
-146,90,13.2,-21.1,-67.88
-146,90,13.36,-25.754,-71.97
-146,90,13.52,-28.542,-74.55
-146,90,13.68,-31.92,-78.6
-146,90,13.84,-25.238,-72.72
-146,90,14,-18.95,-66.8
-146,90,14.16,-25.946,-74.17
-146,90,14.32,-30.196,-79.15
-146,90,14.48,-33.414,-85.24
-146,90,14.64,-23.684,-73.14
-146,90,14.8,-18.11,-66.12
-146,90,14.96,-19.552,-66.68
-146,90,15.12,-17.93,-64.36
-146,90,15.28,-20.46,-67.01
-146,90,15.44,-20.116,-66.43
-146,90,15.6,-22.87,-69.5
-146,90,15.76,-20.998,-68.19
-146,90,15.92,-19.662,-66.84
-146,90,16.08,-18.362,-65.82
-146,90,16.24,-26.344,-74.47
-146,90,16.4,-21.81,-71.62
-146,90,16.56,-23.628,-72.56
-146,90,16.72,-25.358,-74.84
-146,90,16.88,-24.624,-75.09
-146,90,17.04,-16.356,-67.61
-146,90,17.2,-17.37,-69.8
-146,90,17.36,-25.446,-78.09
-146,90,17.52,-25.166,-77.7
-146,90,17.68,-28.552,-81.63
-146,90,17.84,-21.158,-74.07
-146,90,18,-15.84,-68.65
-145,90,2,-11.33,-33.12
-145,90,2.16,-9.088,-32.5
-145,90,2.32,-6.336,-31.99
-145,90,2.48,-10.254,-37.5
-145,90,2.64,-8.138,-36.85
-145,90,2.8,-6.22,-33.28
-145,90,2.96,-20.898,-49.21
-145,90,3.12,-14.446,-42.68
-145,90,3.28,-19.792,-49.81
-145,90,3.44,-8.852,-37.5
-145,90,3.6,-7.99,-35.44
-145,90,3.76,-7.684,-37.17
-145,90,3.92,-5.132,-32.68
-145,90,4.08,-5.232,-32.9
-145,90,4.24,-7.12599999999999,-36.15
-145,90,4.4,-7.07,-36.88
-145,90,4.56,-8.016,-37.83
-145,90,4.72,-11.464,-41.45
-145,90,4.88,-9.51,-39.64
-145,90,5.04,-5.83,-35.88
-145,90,5.2,-4.73,-36.15
-145,90,5.36,-8.78,-39.58
-145,90,5.52,-15.658,-45.94
-145,90,5.68,-9.42,-40.79
-145,90,5.84,-7.382,-38.83
-145,90,6,-9.26,-40.8
-145,90,6.16,-9.1,-41.14
-145,90,6.32,-11.818,-45.31
-145,90,6.48,-15.466,-49.55
-145,90,6.64,-11.528,-45.92
-145,90,6.8,-10.63,-44.13
-145,90,6.96,-12.082,-46.41
-145,90,7.12,-13.186,-47.78
-145,90,7.28,-16.052,-50.43
-145,90,7.44,-13.336,-47.67
-145,90,7.6,-18.51,-51.91
-145,90,7.76,-16.508,-51.73
-145,90,7.92,-15.582,-50.21
-145,90,8.08,-12.936,-47.74
-145,90,8.24,-19.662,-54.77
-145,90,8.4,-28.44,-63.82
-145,90,8.56,-20.372,-56.65
-145,90,8.72,-16.278,-53.58
-145,90,8.88,-15.608,-52.75
-145,90,9.04,-15.734,-53.52
-145,90,9.2,-29.24,-68.1
-145,90,9.36,-19.404,-57.47
-145,90,9.52,-18.682,-57.06
-145,90,9.68,-21.8,-60.69
-145,90,9.84,-26.806,-65.92
-145,90,10,-24.43,-63.5
-145,90,10.16,-15.888,-55.53
-145,90,10.32,-21.642,-61.27
-145,90,10.48,-19.718,-59.25
-145,90,10.64,-17.888,-57.9
-145,90,10.8,-12.2,-52.47
-145,90,10.96,-12.406,-52.39
-145,90,11.12,-15.206,-55.45
-145,90,11.28,-13.746,-54.19
-145,90,11.44,-13.222,-53.97
-145,90,11.6,-12.26,-53.13
-145,90,11.76,-12.194,-53.31
-145,90,11.92,-12.304,-53.43
-145,90,12.08,-14.95,-57.14
-145,90,12.24,-16.984,-59.24
-145,90,12.4,-17.59,-60.25
-145,90,12.56,-13.36,-57.43
-145,90,12.72,-20.514,-65.07
-145,90,12.88,-29.786,-74.99
-145,90,13.04,-27.198,-73.7
-145,90,13.2,-27.88,-74.66
-145,90,13.36,-23.334,-69.55
-145,90,13.52,-21.802,-67.81
-145,90,13.68,-33.94,-80.62
-145,90,13.84,-29.428,-76.91
-145,90,14,-20.67,-68.52
-145,90,14.16,-29.196,-77.42
-145,90,14.32,-23.706,-72.66
-145,90,14.48,-26.534,-78.36
-145,90,14.64,-18.434,-67.89
-145,90,14.8,-17.28,-65.29
-145,90,14.96,-25.042,-72.17
-145,90,15.12,-20.57,-67
-145,90,15.28,-24.54,-71.09
-145,90,15.44,-30.786,-77.1
-145,90,15.6,-23.17,-69.8
-145,90,15.76,-20.508,-67.7
-145,90,15.92,-17.952,-65.13
-145,90,16.08,-20.382,-67.84
-145,90,16.24,-30.294,-78.42
-145,90,16.4,-24.11,-73.92
-145,90,16.56,-22.748,-71.68
-145,90,16.72,-21.748,-71.23
-145,90,16.88,-28.004,-78.47
-145,90,17.04,-26.626,-77.88
-145,90,17.2,-25.1,-77.53
-145,90,17.36,-22.736,-75.38
-145,90,17.52,-23.406,-75.94
-145,90,17.68,-19.492,-72.57
-145,90,17.84,-21.898,-74.81
-145,90,18,-19.97,-72.78
-144,90,2,-11.66,-33.45
-144,90,2.16,-9.208,-32.62
-144,90,2.32,-6.696,-32.35
-144,90,2.48,-9.624,-36.87
-144,90,2.64,-8.238,-36.95
-144,90,2.8,-6.54,-33.6
-144,90,2.96,-24.728,-53.04
-144,90,3.12,-13.386,-41.62
-144,90,3.28,-19.602,-49.62
-144,90,3.44,-10.062,-38.71
-144,90,3.6,-10.23,-37.68
-144,90,3.76,-7.954,-37.44
-144,90,3.92,-4.302,-31.85
-144,90,4.08,-4.552,-32.22
-144,90,4.24,-6.216,-35.24
-144,90,4.4,-6.77,-36.58
-144,90,4.56,-7.946,-37.76
-144,90,4.72,-12.454,-42.44
-144,90,4.88,-8.27,-38.4
-144,90,5.04,-6.01,-36.06
-144,90,5.2,-5.09,-36.51
-144,90,5.36,-9.95,-40.75
-144,90,5.52,-12.918,-43.2
-144,90,5.68,-8.3,-39.67
-144,90,5.84,-7.022,-38.47
-144,90,6,-10.67,-42.21
-144,90,6.16,-10.25,-42.29
-144,90,6.32,-12.178,-45.67
-144,90,6.48,-13.806,-47.89
-144,90,6.64,-9.878,-44.27
-144,90,6.8,-10.74,-44.24
-144,90,6.96,-11.582,-45.91
-144,90,7.12,-13.826,-48.42
-144,90,7.28,-18.182,-52.56
-144,90,7.44,-14.136,-48.47
-144,90,7.6,-20.87,-54.27
-144,90,7.76,-18.118,-53.34
-144,90,7.92,-17.132,-51.76
-144,90,8.08,-13.186,-47.99
-144,90,8.24,-19.362,-54.47
-144,90,8.4,-28.19,-63.57
-144,90,8.56,-20.012,-56.29
-144,90,8.72,-14.448,-51.75
-144,90,8.88,-16.648,-53.79
-144,90,9.04,-16.204,-53.99
-144,90,9.2,-23.01,-61.87
-144,90,9.36,-16.894,-54.96
-144,90,9.52,-14.602,-52.98
-144,90,9.68,-15.9,-54.79
-144,90,9.84,-16.976,-56.09
-144,90,10,-20.72,-59.79
-144,90,10.16,-15.248,-54.89
-144,90,10.32,-21.672,-61.3
-144,90,10.48,-19.818,-59.35
-144,90,10.64,-16.348,-56.36
-144,90,10.8,-14.78,-55.05
-144,90,10.96,-14.836,-54.82
-144,90,11.12,-15.806,-56.05
-144,90,11.28,-13.406,-53.85
-144,90,11.44,-12.372,-53.12
-144,90,11.6,-12.3,-53.17
-144,90,11.76,-13.304,-54.42
-144,90,11.92,-14.434,-55.56
-144,90,12.08,-17.43,-59.62
-144,90,12.24,-12.604,-54.86
-144,90,12.4,-14.24,-56.9
-144,90,12.56,-14.26,-58.33
-144,90,12.72,-23.454,-68.01
-144,90,12.88,-31.686,-76.89
-144,90,13.04,-19.998,-66.5
-144,90,13.2,-16.4,-63.18
-144,90,13.36,-24.884,-71.1
-144,90,13.52,-22.692,-68.7
-144,90,13.68,-18.5,-65.18
-144,90,13.84,-18.208,-65.69
-144,90,14,-33.06,-80.91
-144,90,14.16,-20.526,-68.75
-144,90,14.32,-22.286,-71.24
-144,90,14.48,-27.494,-79.32
-144,90,14.64,-21.604,-71.06
-144,90,14.8,-18.03,-66.04
-144,90,14.96,-25.072,-72.2
-144,90,15.12,-21.94,-68.37
-144,90,15.28,-30.2,-76.75
-144,90,15.44,-24.476,-70.79
-144,90,15.6,-26.05,-72.68
-144,90,15.76,-18.498,-65.69
-144,90,15.92,-25.262,-72.44
-144,90,16.08,-35.502,-82.96
-144,90,16.24,-16.324,-64.45
-144,90,16.4,-18.85,-68.66
-144,90,16.56,-20.678,-69.61
-144,90,16.72,-28.948,-78.43
-144,90,16.88,-26.974,-77.44
-144,90,17.04,-24.006,-75.26
-144,90,17.2,-35.31,-87.74
-144,90,17.36,-30.836,-83.48
-144,90,17.52,-23.996,-76.53
-144,90,17.68,-54.652,-107.73
-144,90,17.84,-19.878,-72.79
-144,90,18,-42.75,-95.56
-143,90,2,-11.8,-33.59
-143,90,2.16,-9.498,-32.91
-143,90,2.32,-7.246,-32.9
-143,90,2.48,-9.084,-36.33
-143,90,2.64,-8.468,-37.18
-143,90,2.8,-7.37,-34.43
-143,90,2.96,-18.918,-47.23
-143,90,3.12,-12.536,-40.77
-143,90,3.28,-16.502,-46.52
-143,90,3.44,-10.292,-38.94
-143,90,3.6,-12.93,-40.38
-143,90,3.76,-7.924,-37.41
-143,90,3.92,-3.832,-31.38
-143,90,4.08,-4.472,-32.14
-143,90,4.24,-5.98599999999999,-35.01
-143,90,4.4,-6.71,-36.52
-143,90,4.56,-7.486,-37.3
-143,90,4.72,-10.954,-40.94
-143,90,4.88,-7.52,-37.65
-143,90,5.04,-6.87,-36.92
-143,90,5.2,-6.42,-37.84
-143,90,5.36,-10.29,-41.09
-143,90,5.52,-9.638,-39.92
-143,90,5.68,-6.84,-38.21
-143,90,5.84,-6.872,-38.32
-143,90,6,-12.15,-43.69
-143,90,6.16,-12.34,-44.38
-143,90,6.32,-12.268,-45.76
-143,90,6.48,-12.466,-46.55
-143,90,6.64,-9.178,-43.57
-143,90,6.8,-10.81,-44.31
-143,90,6.96,-11.782,-46.11
-143,90,7.12,-12.716,-47.31
-143,90,7.28,-17.182,-51.56
-143,90,7.44,-15.166,-49.5
-143,90,7.6,-21.71,-55.11
-143,90,7.76,-21.048,-56.27
-143,90,7.92,-18.982,-53.61
-143,90,8.08,-15.916,-50.72
-143,90,8.24,-23.162,-58.27
-143,90,8.4,-27.27,-62.65
-143,90,8.56,-17.962,-54.24
-143,90,8.72,-15.918,-53.22
-143,90,8.88,-19.278,-56.42
-143,90,9.04,-18.544,-56.33
-143,90,9.2,-28.78,-67.64
-143,90,9.36,-17.544,-55.61
-143,90,9.52,-14.802,-53.18
-143,90,9.68,-16.42,-55.31
-143,90,9.84,-20.946,-60.06
-143,90,10,-32.22,-71.29
-143,90,10.16,-13.318,-52.96
-143,90,10.32,-17.812,-57.44
-143,90,10.48,-14.708,-54.24
-143,90,10.64,-13.988,-54
-143,90,10.8,-18.16,-58.43
-143,90,10.96,-18.536,-58.52
-143,90,11.12,-14.056,-54.3
-143,90,11.28,-12.866,-53.31
-143,90,11.44,-15.902,-56.65
-143,90,11.6,-15.44,-56.31
-143,90,11.76,-14.564,-55.68
-143,90,11.92,-14.134,-55.26
-143,90,12.08,-13.19,-55.38
-143,90,12.24,-10.374,-52.63
-143,90,12.4,-14.09,-56.75
-143,90,12.56,-19.95,-64.02
-143,90,12.72,-24.444,-69
-143,90,12.88,-21.046,-66.25
-143,90,13.04,-16.408,-62.91
-143,90,13.2,-17.29,-64.07
-143,90,13.36,-36.454,-82.67
-143,90,13.52,-20.952,-66.96
-143,90,13.68,-20.11,-66.79
-143,90,13.84,-18.108,-65.59
-143,90,14,-22.02,-69.87
-143,90,14.16,-24.446,-72.67
-143,90,14.32,-21.316,-70.27
-143,90,14.48,-19.304,-71.13
-143,90,14.64,-19.014,-68.47
-143,90,14.8,-24.96,-72.97
-143,90,14.96,-23.852,-70.98
-143,90,15.12,-24.5,-70.93
-143,90,15.28,-21.75,-68.3
-143,90,15.44,-25.786,-72.1
-143,90,15.6,-24.91,-71.54
-143,90,15.76,-20.648,-67.84
-143,90,15.92,-22.062,-69.24
-143,90,16.08,-31.982,-79.44
-143,90,16.24,-22.414,-70.54
-143,90,16.4,-18.66,-68.47
-143,90,16.56,-22.308,-71.24
-143,90,16.72,-22.508,-71.99
-143,90,16.88,-24.814,-75.28
-143,90,17.04,-17.766,-69.02
-143,90,17.2,-22,-74.43
-143,90,17.36,-19.626,-72.27
-143,90,17.52,-32.706,-85.24
-143,90,17.68,-24.452,-77.53
-143,90,17.84,-18.878,-71.79
-143,90,18,-26.16,-78.97
-142,90,2,-11.79,-33.58
-142,90,2.16,-9.828,-33.24
-142,90,2.32,-7.816,-33.47
-142,90,2.48,-9.024,-36.27
-142,90,2.64,-8.758,-37.47
-142,90,2.8,-8.71,-35.77
-142,90,2.96,-13.168,-41.48
-142,90,3.12,-11.796,-40.03
-142,90,3.28,-13.052,-43.07
-142,90,3.44,-9.342,-37.99
-142,90,3.6,-15.86,-43.31
-142,90,3.76,-8.244,-37.73
-142,90,3.92,-3.912,-31.46
-142,90,4.08,-5.202,-32.87
-142,90,4.24,-6.246,-35.27
-142,90,4.4,-6.55,-36.36
-142,90,4.56,-6.806,-36.62
-142,90,4.72,-8.624,-38.61
-142,90,4.88,-6.94,-37.07
-142,90,5.04,-8.48999999999999,-38.54
-142,90,5.2,-8.2,-39.62
-142,90,5.36,-9.23,-40.03
-142,90,5.52,-7.198,-37.48
-142,90,5.68,-5.57,-36.94
-142,90,5.84,-6.612,-38.06
-142,90,6,-13.57,-45.11
-142,90,6.16,-13.44,-45.48
-142,90,6.32,-10.818,-44.31
-142,90,6.48,-12.126,-46.21
-142,90,6.64,-9.558,-43.95
-142,90,6.8,-11.4,-44.9
-142,90,6.96,-11.392,-45.72
-142,90,7.12,-10.806,-45.4
-142,90,7.28,-14.972,-49.35
-142,90,7.44,-13.876,-48.21
-142,90,7.6,-21.92,-55.32
-142,90,7.76,-20.628,-55.85
-142,90,7.92,-23.132,-57.76
-142,90,8.08,-19.896,-54.7
-142,90,8.24,-20.352,-55.46
-142,90,8.4,-20.89,-56.27
-142,90,8.56,-15.232,-51.51
-142,90,8.72,-19.928,-57.23
-142,90,8.88,-30.068,-67.21
-142,90,9.04,-17.294,-55.08
-142,90,9.2,-18.1,-56.96
-142,90,9.36,-16.264,-54.33
-142,90,9.52,-18.412,-56.79
-142,90,9.68,-22.4,-61.29
-142,90,9.84,-27.366,-66.48
-142,90,10,-16.66,-55.73
-142,90,10.16,-11.248,-50.89
-142,90,10.32,-13.952,-53.58
-142,90,10.48,-15.618,-55.15
-142,90,10.64,-13.108,-53.12
-142,90,10.8,-19.04,-59.31
-142,90,10.96,-16.396,-56.38
-142,90,11.12,-13.776,-54.02
-142,90,11.28,-14.256,-54.7
-142,90,11.44,-20.602,-61.35
-142,90,11.6,-17.82,-58.69
-142,90,11.76,-13.394,-54.51
-142,90,11.92,-13.024,-54.15
-142,90,12.08,-13.72,-55.91
-142,90,12.24,-14.304,-56.56
-142,90,12.4,-16.5,-59.16
-142,90,12.56,-15.15,-59.22
-142,90,12.72,-17.834,-62.39
-142,90,12.88,-20.166,-65.37
-142,90,13.04,-26.288,-72.79
-142,90,13.2,-22.61,-69.39
-142,90,13.36,-30.584,-76.8
-142,90,13.52,-24.812,-70.82
-142,90,13.68,-24.79,-71.47
-142,90,13.84,-24.208,-71.69
-142,90,14,-21.86,-69.71
-142,90,14.16,-18.406,-66.63
-142,90,14.32,-35.806,-84.76
-142,90,14.48,-21.464,-73.29
-142,90,14.64,-21.344,-70.8
-142,90,14.8,-29.57,-77.58
-142,90,14.96,-18.342,-65.47
-142,90,15.12,-33.64,-80.07
-142,90,15.28,-36.36,-82.91
-142,90,15.44,-30.376,-76.69
-142,90,15.6,-27.88,-74.51
-142,90,15.76,-25.708,-72.9
-142,90,15.92,-23.862,-71.04
-142,90,16.08,-31.922,-79.38
-142,90,16.24,-22.944,-71.07
-142,90,16.4,-27.21,-77.02
-142,90,16.56,-17.618,-66.55
-142,90,16.72,-19.278,-68.76
-142,90,16.88,-28.214,-78.68
-142,90,17.04,-19.756,-71.01
-142,90,17.2,-29.4,-81.83
-142,90,17.36,-20.086,-72.73
-142,90,17.52,-18.546,-71.08
-142,90,17.68,-28.822,-81.9
-142,90,17.84,-24.598,-77.51
-142,90,18,-23.9,-76.71
-141,90,2,-11.61,-33.4
-141,90,2.16,-9.968,-33.38
-141,90,2.32,-8.556,-34.21
-141,90,2.48,-9.30399999999999,-36.55
-141,90,2.64,-9.278,-37.99
-141,90,2.8,-10.3,-37.36
-141,90,2.96,-10.028,-38.34
-141,90,3.12,-11.216,-39.45
-141,90,3.28,-10.182,-40.2
-141,90,3.44,-8.132,-36.78
-141,90,3.6,-17.86,-45.31
-141,90,3.76,-8.96400000000001,-38.45
-141,90,3.92,-4.582,-32.13
-141,90,4.08,-6.662,-34.33
-141,90,4.24,-6.826,-35.85
-141,90,4.4,-6.37,-36.18
-141,90,4.56,-5.966,-35.78
-141,90,4.72,-6.34399999999999,-36.33
-141,90,4.88,-6.52,-36.65
-141,90,5.04,-10.14,-40.19
-141,90,5.2,-10.27,-41.69
-141,90,5.36,-8.08000000000001,-38.88
-141,90,5.52,-6.058,-36.34
-141,90,5.68,-5.07,-36.44
-141,90,5.84,-6.962,-38.41
-141,90,6,-14.63,-46.17
-141,90,6.16,-12.53,-44.57
-141,90,6.32,-9.928,-43.42
-141,90,6.48,-12.876,-46.96
-141,90,6.64,-10.788,-45.18
-141,90,6.8,-11.71,-45.21
-141,90,6.96,-11.082,-45.41
-141,90,7.12,-9.896,-44.49
-141,90,7.28,-12.692,-47.07
-141,90,7.44,-14.206,-48.54
-141,90,7.6,-18.38,-51.78
-141,90,7.76,-18.518,-53.74
-141,90,7.92,-27.732,-62.36
-141,90,8.08,-21.496,-56.3
-141,90,8.24,-19.182,-54.29
-141,90,8.4,-18.22,-53.6
-141,90,8.56,-14.852,-51.13
-141,90,8.72,-26.218,-63.52
-141,90,8.88,-23.198,-60.34
-141,90,9.04,-14.694,-52.48
-141,90,9.2,-13.67,-52.53
-141,90,9.36,-17.704,-55.77
-141,90,9.52,-24.502,-62.88
-141,90,9.68,-23.1,-61.99
-141,90,9.84,-21.446,-60.56
-141,90,10,-15.72,-54.79
-141,90,10.16,-13.458,-53.1
-141,90,10.32,-16.922,-56.55
-141,90,10.48,-18.058,-57.59
-141,90,10.64,-14.858,-54.87
-141,90,10.8,-13.26,-53.53
-141,90,10.96,-14.336,-54.32
-141,90,11.12,-15.236,-55.48
-141,90,11.28,-16.436,-56.88
-141,90,11.44,-20.902,-61.65
-141,90,11.6,-17.02,-57.89
-141,90,11.76,-13.174,-54.29
-141,90,11.92,-13.534,-54.66
-141,90,12.08,-18.1,-60.29
-141,90,12.24,-15.274,-57.53
-141,90,12.4,-11.93,-54.59
-141,90,12.56,-12.17,-56.24
-141,90,12.72,-20.164,-64.72
-141,90,12.88,-24.176,-69.38
-141,90,13.04,-23.858,-70.36
-141,90,13.2,-14.64,-61.42
-141,90,13.36,-19.344,-65.56
-141,90,13.52,-27.972,-73.98
-141,90,13.68,-39.58,-86.26
-141,90,13.84,-19.638,-67.12
-141,90,14,-16.22,-64.07
-141,90,14.16,-17.306,-65.53
-141,90,14.32,-35.866,-84.82
-141,90,14.48,-28.814,-80.64
-141,90,14.64,-15.854,-65.31
-141,90,14.8,-19.11,-67.12
-141,90,14.96,-25.572,-72.7
-141,90,15.12,-27.47,-73.9
-141,90,15.28,-30.59,-77.14
-141,90,15.44,-32.826,-79.14
-141,90,15.6,-24.29,-70.92
-141,90,15.76,-19.798,-66.99
-141,90,15.92,-27.392,-74.57
-141,90,16.08,-26.092,-73.55
-141,90,16.24,-19.444,-67.57
-141,90,16.4,-21.56,-71.37
-141,90,16.56,-22.628,-71.56
-141,90,16.72,-25.898,-75.38
-141,90,16.88,-28.394,-78.86
-141,90,17.04,-22.866,-74.12
-141,90,17.2,-19.11,-71.54
-141,90,17.36,-20.346,-72.99
-141,90,17.52,-17.616,-70.15
-141,90,17.68,-29.672,-82.75
-141,90,17.84,-17.808,-70.72
-141,90,18,-18.61,-71.42
-140,90,2,-11.27,-33.06
-140,90,2.16,-10.198,-33.61
-140,90,2.32,-9.456,-35.11
-140,90,2.48,-9.964,-37.21
-140,90,2.64,-9.678,-38.39
-140,90,2.8,-12.35,-39.41
-140,90,2.96,-8.118,-36.43
-140,90,3.12,-11.046,-39.28
-140,90,3.28,-7.82200000000001,-37.84
-140,90,3.44,-6.602,-35.25
-140,90,3.6,-16.88,-44.33
-140,90,3.76,-10.094,-39.58
-140,90,3.92,-6.222,-33.77
-140,90,4.08,-8.872,-36.54
-140,90,4.24,-7.12599999999999,-36.15
-140,90,4.4,-6.03,-35.84
-140,90,4.56,-5.366,-35.18
-140,90,4.72,-5.104,-35.09
-140,90,4.88,-6.54,-36.67
-140,90,5.04,-11.3,-41.35
-140,90,5.2,-10.87,-42.29
-140,90,5.36,-7.57,-38.37
-140,90,5.52,-6.178,-36.46
-140,90,5.68,-5.5,-36.87
-140,90,5.84,-7.912,-39.36
-140,90,6,-13.88,-45.42
-140,90,6.16,-10.91,-42.95
-140,90,6.32,-9.36799999999999,-42.86
-140,90,6.48,-14.456,-48.54
-140,90,6.64,-12.068,-46.46
-140,90,6.8,-11.56,-45.06
-140,90,6.96,-11.452,-45.78
-140,90,7.12,-9.326,-43.92
-140,90,7.28,-12.132,-46.51
-140,90,7.44,-13.186,-47.52
-140,90,7.6,-16.01,-49.41
-140,90,7.76,-19.428,-54.65
-140,90,7.92,-22.332,-56.96
-140,90,8.08,-19.706,-54.51
-140,90,8.24,-19.262,-54.37
-140,90,8.4,-18.15,-53.53
-140,90,8.56,-16.142,-52.42
-140,90,8.72,-26.728,-64.03
-140,90,8.88,-18.968,-56.11
-140,90,9.04,-14.564,-52.35
-140,90,9.2,-14.34,-53.2
-140,90,9.36,-22.474,-60.54
-140,90,9.52,-18.892,-57.27
-140,90,9.68,-15.65,-54.54
-140,90,9.84,-21.066,-60.18
-140,90,10,-18.15,-57.22
-140,90,10.16,-19.348,-58.99
-140,90,10.32,-24.492,-64.12
-140,90,10.48,-17.488,-57.02
-140,90,10.64,-14.808,-54.82
-140,90,10.8,-11.47,-51.74
-140,90,10.96,-13.946,-53.93
-140,90,11.12,-17.396,-57.64
-140,90,11.28,-15.796,-56.24
-140,90,11.44,-14.612,-55.36
-140,90,11.6,-15.57,-56.44
-140,90,11.76,-16.004,-57.12
-140,90,11.92,-17.214,-58.34
-140,90,12.08,-15.73,-57.92
-140,90,12.24,-11.244,-53.5
-140,90,12.4,-10.49,-53.15
-140,90,12.56,-13.4,-57.47
-140,90,12.72,-27.194,-71.75
-140,90,12.88,-17.916,-63.12
-140,90,13.04,-16.228,-62.73
-140,90,13.2,-15.63,-62.41
-140,90,13.36,-21.674,-67.89
-140,90,13.52,-27.052,-73.06
-140,90,13.68,-25.33,-72.01
-140,90,13.84,-16.928,-64.41
-140,90,14,-14.59,-62.44
-140,90,14.16,-18.026,-66.25
-140,90,14.32,-29.446,-78.4
-140,90,14.48,-22.024,-73.85
-140,90,14.64,-23.494,-72.95
-140,90,14.8,-17.21,-65.22
-140,90,14.96,-20.632,-67.76
-140,90,15.12,-24.01,-70.44
-140,90,15.28,-19.47,-66.02
-140,90,15.44,-23.636,-69.95
-140,90,15.6,-34.04,-80.67
-140,90,15.76,-26.668,-73.86
-140,90,15.92,-19.222,-66.4
-140,90,16.08,-18.022,-65.48
-140,90,16.24,-22.374,-70.5
-140,90,16.4,-25.73,-75.54
-140,90,16.56,-21.298,-70.23
-140,90,16.72,-25.398,-74.88
-140,90,16.88,-24.874,-75.34
-140,90,17.04,-18.546,-69.8
-140,90,17.2,-30.56,-82.99
-140,90,17.36,-30.706,-83.35
-140,90,17.52,-21.126,-73.66
-140,90,17.68,-29.342,-82.42
-140,90,17.84,-20.608,-73.52
-140,90,18,-22.32,-75.13
-139,90,2,-10.79,-32.58
-139,90,2.16,-10.318,-33.73
-139,90,2.32,-10.536,-36.19
-139,90,2.48,-10.644,-37.89
-139,90,2.64,-10.228,-38.94
-139,90,2.8,-14.47,-41.53
-139,90,2.96,-7.108,-35.42
-139,90,3.12,-10.966,-39.2
-139,90,3.28,-6.092,-36.11
-139,90,3.44,-5.372,-34.02
-139,90,3.6,-14.93,-42.38
-139,90,3.76,-10.314,-39.8
-139,90,3.92,-8.692,-36.24
-139,90,4.08,-11.742,-39.41
-139,90,4.24,-7.13599999999999,-36.16
-139,90,4.4,-5.73,-35.54
-139,90,4.56,-5.056,-34.87
-139,90,4.72,-4.59399999999999,-34.58
-139,90,4.88,-7.02,-37.15
-139,90,5.04,-11.34,-41.39
-139,90,5.2,-10.16,-41.58
-139,90,5.36,-8.05,-38.85
-139,90,5.52,-7.518,-37.8
-139,90,5.68,-6.6,-37.97
-139,90,5.84,-9.012,-40.46
-139,90,6,-11.75,-43.29
-139,90,6.16,-9.96,-42
-139,90,6.32,-9.36799999999999,-42.86
-139,90,6.48,-15.826,-49.91
-139,90,6.64,-11.618,-46.01
-139,90,6.8,-11.19,-44.69
-139,90,6.96,-12.842,-47.17
-139,90,7.12,-10.006,-44.6
-139,90,7.28,-13.082,-47.46
-139,90,7.44,-13.956,-48.29
-139,90,7.6,-15.87,-49.27
-139,90,7.76,-22.708,-57.93
-139,90,7.92,-18.042,-52.67
-139,90,8.08,-16.546,-51.35
-139,90,8.24,-19.392,-54.5
-139,90,8.4,-22.83,-58.21
-139,90,8.56,-18.112,-54.39
-139,90,8.72,-18.368,-55.67
-139,90,8.88,-17.688,-54.83
-139,90,9.04,-18.094,-55.88
-139,90,9.2,-17.83,-56.69
-139,90,9.36,-17.794,-55.86
-139,90,9.52,-12.092,-50.47
-139,90,9.68,-13.73,-52.62
-139,90,9.84,-22.056,-61.17
-139,90,10,-29.67,-68.74
-139,90,10.16,-24.888,-64.53
-139,90,10.32,-30.992,-70.62
-139,90,10.48,-16.118,-55.65
-139,90,10.64,-19.968,-59.98
-139,90,10.8,-14.28,-54.55
-139,90,10.96,-19.616,-59.6
-139,90,11.12,-14.506,-54.75
-139,90,11.28,-13.376,-53.82
-139,90,11.44,-15.972,-56.72
-139,90,11.6,-18.04,-58.91
-139,90,11.76,-16.484,-57.6
-139,90,11.92,-14.964,-56.09
-139,90,12.08,-13.74,-55.93
-139,90,12.24,-12.634,-54.89
-139,90,12.4,-16.9,-59.56
-139,90,12.56,-20.72,-64.79
-139,90,12.72,-18.964,-63.52
-139,90,12.88,-17.626,-62.83
-139,90,13.04,-15.228,-61.73
-139,90,13.2,-19.09,-65.87
-139,90,13.36,-35.424,-81.64
-139,90,13.52,-26.322,-72.33
-139,90,13.68,-22.07,-68.75
-139,90,13.84,-17.788,-65.27
-139,90,14,-18.52,-66.37
-139,90,14.16,-13.646,-61.87
-139,90,14.32,-16.356,-65.31
-139,90,14.48,-15.384,-67.21
-139,90,14.64,-16.944,-66.4
-139,90,14.8,-17.37,-65.38
-139,90,14.96,-21.012,-68.14
-139,90,15.12,-24.84,-71.27
-139,90,15.28,-19.47,-66.02
-139,90,15.44,-18.966,-65.28
-139,90,15.6,-22.18,-68.81
-139,90,15.76,-21.048,-68.24
-139,90,15.92,-23.222,-70.4
-139,90,16.08,-22.752,-70.21
-139,90,16.24,-30.234,-78.36
-139,90,16.4,-21.8,-71.61
-139,90,16.56,-21.988,-70.92
-139,90,16.72,-20.368,-69.85
-139,90,16.88,-20.624,-71.09
-139,90,17.04,-24.056,-75.31
-139,90,17.2,-27.01,-79.44
-139,90,17.36,-19.996,-72.64
-139,90,17.52,-13.946,-66.48
-139,90,17.68,-28.952,-82.03
-139,90,17.84,-20.358,-73.27
-139,90,18,-22.41,-75.22
-138,90,2,-10.3,-32.09
-138,90,2.16,-10.338,-33.75
-138,90,2.32,-11.516,-37.17
-138,90,2.48,-11.634,-38.88
-138,90,2.64,-10.498,-39.21
-138,90,2.8,-15.73,-42.79
-138,90,2.96,-6.498,-34.81
-138,90,3.12,-11.326,-39.56
-138,90,3.28,-4.592,-34.61
-138,90,3.44,-4.772,-33.42
-138,90,3.6,-11.72,-39.17
-138,90,3.76,-9.844,-39.33
-138,90,3.92,-11.762,-39.31
-138,90,4.08,-14.202,-41.87
-138,90,4.24,-6.866,-35.89
-138,90,4.4,-5.87,-35.68
-138,90,4.56,-5.306,-35.12
-138,90,4.72,-5.044,-35.03
-138,90,4.88,-8.27999999999999,-38.41
-138,90,5.04,-9.84999999999999,-39.9
-138,90,5.2,-8.91,-40.33
-138,90,5.36,-9.05,-39.85
-138,90,5.52,-9.748,-40.03
-138,90,5.68,-8,-39.37
-138,90,5.84,-9.202,-40.65
-138,90,6,-10.28,-41.82
-138,90,6.16,-9.96,-42
-138,90,6.32,-10.388,-43.88
-138,90,6.48,-16.186,-50.27
-138,90,6.64,-9.638,-44.03
-138,90,6.8,-10.36,-43.86
-138,90,6.96,-14.452,-48.78
-138,90,7.12,-10.966,-45.56
-138,90,7.28,-13.802,-48.18
-138,90,7.44,-14.746,-49.08
-138,90,7.6,-15.91,-49.31
-138,90,7.76,-20.468,-55.69
-138,90,7.92,-14.942,-49.57
-138,90,8.08,-13.716,-48.52
-138,90,8.24,-18.842,-53.95
-138,90,8.4,-22.86,-58.24
-138,90,8.56,-14.722,-51
-138,90,8.72,-12.778,-50.08
-138,90,8.88,-15.648,-52.79
-138,90,9.04,-29.374,-67.16
-138,90,9.2,-12.88,-51.74
-138,90,9.36,-14.104,-52.17
-138,90,9.52,-9.452,-47.83
-138,90,9.68,-14.29,-53.18
-138,90,9.84,-26.536,-65.65
-138,90,10,-20.57,-59.64
-138,90,10.16,-17.648,-57.29
-138,90,10.32,-18.562,-58.19
-138,90,10.48,-18.668,-58.2
-138,90,10.64,-24.298,-64.31
-138,90,10.8,-27.34,-67.61
-138,90,10.96,-19.036,-59.02
-138,90,11.12,-14.966,-55.21
-138,90,11.28,-15.596,-56.04
-138,90,11.44,-20.972,-61.72
-138,90,11.6,-16.3,-57.17
-138,90,11.76,-13.294,-54.41
-138,90,11.92,-14.534,-55.66
-138,90,12.08,-16.51,-58.7
-138,90,12.24,-16.024,-58.28
-138,90,12.4,-18.13,-60.79
-138,90,12.56,-15.97,-60.04
-138,90,12.72,-17.974,-62.53
-138,90,12.88,-20.246,-65.45
-138,90,13.04,-22.418,-68.92
-138,90,13.2,-22.98,-69.76
-138,90,13.36,-23.734,-69.95
-138,90,13.52,-23.332,-69.34
-138,90,13.68,-22.72,-69.4
-138,90,13.84,-15.028,-62.51
-138,90,14,-14.67,-62.52
-138,90,14.16,-16.796,-65.02
-138,90,14.32,-14.006,-62.96
-138,90,14.48,-12.964,-64.79
-138,90,14.64,-13.124,-62.58
-138,90,14.8,-15.35,-63.36
-138,90,14.96,-19.422,-66.55
-138,90,15.12,-21.74,-68.17
-138,90,15.28,-20.06,-66.61
-138,90,15.44,-34.386,-80.7
-138,90,15.6,-21.51,-68.14
-138,90,15.76,-24.088,-71.28
-138,90,15.92,-32.192,-79.37
-138,90,16.08,-23.722,-71.18
-138,90,16.24,-25.074,-73.2
-138,90,16.4,-23.06,-72.87
-138,90,16.56,-22.008,-70.94
-138,90,16.72,-28.188,-77.67
-138,90,16.88,-20.664,-71.13
-138,90,17.04,-25.036,-76.29
-138,90,17.2,-25.97,-78.4
-138,90,17.36,-22.256,-74.9
-138,90,17.52,-19.816,-72.35
-138,90,17.68,-25.212,-78.29
-138,90,17.84,-20.398,-73.31
-138,90,18,-15.01,-67.82
-137,90,2,-9.95,-31.74
-137,90,2.16,-10.168,-33.58
-137,90,2.32,-12.876,-38.53
-137,90,2.48,-12.744,-39.99
-137,90,2.64,-11.098,-39.81
-137,90,2.8,-15.89,-42.95
-137,90,2.96,-6.808,-35.12
-137,90,3.12,-11.146,-39.38
-137,90,3.28,-3.722,-33.74
-137,90,3.44,-4.302,-32.95
-137,90,3.6,-9.31,-36.76
-137,90,3.76,-8.46400000000001,-37.95
-137,90,3.92,-13.692,-41.24
-137,90,4.08,-14.592,-42.26
-137,90,4.24,-6.80599999999999,-35.83
-137,90,4.4,-6.19,-36
-137,90,4.56,-5.896,-35.71
-137,90,4.72,-6.56399999999999,-36.55
-137,90,4.88,-9.52999999999999,-39.66
-137,90,5.04,-8.06999999999999,-38.12
-137,90,5.2,-7.83,-39.25
-137,90,5.36,-9.31,-40.11
-137,90,5.52,-12.858,-43.14
-137,90,5.68,-9.21,-40.58
-137,90,5.84,-8.872,-40.32
-137,90,6,-10.15,-41.69
-137,90,6.16,-12.06,-44.1
-137,90,6.32,-11.878,-45.37
-137,90,6.48,-14.136,-48.22
-137,90,6.64,-7.998,-42.39
-137,90,6.8,-9.76,-43.26
-137,90,6.96,-14.762,-49.09
-137,90,7.12,-12.146,-46.74
-137,90,7.28,-14.672,-49.05
-137,90,7.44,-15.776,-50.11
-137,90,7.6,-15.62,-49.02
-137,90,7.76,-18.088,-53.31
-137,90,7.92,-13.832,-48.46
-137,90,8.08,-13.376,-48.18
-137,90,8.24,-20.872,-55.98
-137,90,8.4,-17.17,-52.55
-137,90,8.56,-12.072,-48.35
-137,90,8.72,-10.428,-47.73
-137,90,8.88,-15.128,-52.27
-137,90,9.04,-24.384,-62.17
-137,90,9.2,-9.95,-48.81
-137,90,9.36,-11.164,-49.23
-137,90,9.52,-10.962,-49.34
-137,90,9.68,-18.76,-57.65
-137,90,9.84,-27.576,-66.69
-137,90,10,-17.34,-56.41
-137,90,10.16,-14.548,-54.19
-137,90,10.32,-16.662,-56.29
-137,90,10.48,-22.638,-62.17
-137,90,10.64,-35.118,-75.13
-137,90,10.8,-22.73,-63
-137,90,10.96,-17.296,-57.28
-137,90,11.12,-17.586,-57.83
-137,90,11.28,-27.276,-67.72
-137,90,11.44,-16.762,-57.51
-137,90,11.6,-14.4,-55.27
-137,90,11.76,-12.434,-53.55
-137,90,11.92,-16.264,-57.39
-137,90,12.08,-20.4,-62.59
-137,90,12.24,-15.754,-58.01
-137,90,12.4,-16.73,-59.39
-137,90,12.56,-16.87,-60.94
-137,90,12.72,-21.854,-66.41
-137,90,12.88,-22.236,-67.44
-137,90,13.04,-20.568,-67.07
-137,90,13.2,-18.44,-65.22
-137,90,13.36,-20.394,-66.61
-137,90,13.52,-18.602,-64.61
-137,90,13.68,-21.09,-67.77
-137,90,13.84,-12.798,-60.28
-137,90,14,-10.88,-58.73
-137,90,14.16,-12.546,-60.77
-137,90,14.32,-13.006,-61.96
-137,90,14.48,-12.264,-64.09
-137,90,14.64,-12.264,-61.72
-137,90,14.8,-14.13,-62.14
-137,90,14.96,-16.022,-63.15
-137,90,15.12,-15.06,-61.49
-137,90,15.28,-15.94,-62.49
-137,90,15.44,-31.926,-78.24
-137,90,15.6,-22.73,-69.36
-137,90,15.76,-32.628,-79.82
-137,90,15.92,-20.612,-67.79
-137,90,16.08,-18.172,-65.63
-137,90,16.24,-19.454,-67.58
-137,90,16.4,-27.12,-76.93
-137,90,16.56,-23.378,-72.31
-137,90,16.72,-22.718,-72.2
-137,90,16.88,-27.054,-77.52
-137,90,17.04,-21.006,-72.26
-137,90,17.2,-19.08,-71.51
-137,90,17.36,-20.326,-72.97
-137,90,17.52,-32.606,-85.14
-137,90,17.68,-34.182,-87.26
-137,90,17.84,-27.298,-80.21
-137,90,18,-31.37,-84.18
-136,90,2,-9.48,-31.27
-136,90,2.16,-10.098,-33.51
-136,90,2.32,-14.116,-39.77
-136,90,2.48,-13.544,-40.79
-136,90,2.64,-11.528,-40.24
-136,90,2.8,-15.52,-42.58
-136,90,2.96,-7.378,-35.69
-136,90,3.12,-10.766,-39
-136,90,3.28,-2.93200000000001,-32.95
-136,90,3.44,-4.122,-32.77
-136,90,3.6,-7.23,-34.68
-136,90,3.76,-7.134,-36.62
-136,90,3.92,-13.712,-41.26
-136,90,4.08,-13.802,-41.47
-136,90,4.24,-6.896,-35.92
-136,90,4.4,-7.45,-37.26
-136,90,4.56,-6.906,-36.72
-136,90,4.72,-9.144,-39.13
-136,90,4.88,-9.9,-40.03
-136,90,5.04,-6.63,-36.68
-136,90,5.2,-6.77,-38.19
-136,90,5.36,-9.68,-40.48
-136,90,5.52,-14.918,-45.2
-136,90,5.68,-9.45,-40.82
-136,90,5.84,-9.072,-40.52
-136,90,6,-11.79,-43.33
-136,90,6.16,-15.71,-47.75
-136,90,6.32,-12.678,-46.17
-136,90,6.48,-11.036,-45.12
-136,90,6.64,-7.148,-41.54
-136,90,6.8,-9.92,-43.42
-136,90,6.96,-13.832,-48.16
-136,90,7.12,-11.526,-46.12
-136,90,7.28,-13.972,-48.35
-136,90,7.44,-15.826,-50.16
-136,90,7.6,-15.15,-48.55
-136,90,7.76,-16.858,-52.08
-136,90,7.92,-15.902,-50.53
-136,90,8.08,-14.316,-49.12
-136,90,8.24,-23.182,-58.29
-136,90,8.4,-14.29,-49.67
-136,90,8.56,-11.592,-47.87
-136,90,8.72,-11.198,-48.5
-136,90,8.88,-18.198,-55.34
-136,90,9.04,-13.624,-51.41
-136,90,9.2,-7.96,-46.82
-136,90,9.36,-10.194,-48.26
-136,90,9.52,-17.702,-56.08
-136,90,9.68,-19.97,-58.86
-136,90,9.84,-15.246,-54.36
-136,90,10,-15.22,-54.29
-136,90,10.16,-14.768,-54.41
-136,90,10.32,-18.222,-57.85
-136,90,10.48,-20.938,-60.47
-136,90,10.64,-24.568,-64.58
-136,90,10.8,-21.07,-61.34
-136,90,10.96,-24.546,-64.53
-136,90,11.12,-24.816,-65.06
-136,90,11.28,-19.126,-59.57
-136,90,11.44,-13.712,-54.46
-136,90,11.6,-16.95,-57.82
-136,90,11.76,-16.874,-57.99
-136,90,11.92,-18.834,-59.96
-136,90,12.08,-15.62,-57.81
-136,90,12.24,-16.654,-58.91
-136,90,12.4,-19.74,-62.4
-136,90,12.56,-22.77,-66.84
-136,90,12.72,-34.274,-78.83
-136,90,12.88,-17.486,-62.69
-136,90,13.04,-19.928,-66.43
-136,90,13.2,-24.37,-71.15
-136,90,13.36,-20.004,-66.22
-136,90,13.52,-20.102,-66.11
-136,90,13.68,-17.12,-63.8
-136,90,13.84,-11.398,-58.88
-136,90,14,-11.78,-59.63
-136,90,14.16,-10.166,-58.39
-136,90,14.32,-10.656,-59.61
-136,90,14.48,-13.034,-64.86
-136,90,14.64,-13.574,-63.03
-136,90,14.8,-16.13,-64.14
-136,90,14.96,-26.872,-74
-136,90,15.12,-14.61,-61.04
-136,90,15.28,-19.59,-66.14
-136,90,15.44,-33.166,-79.48
-136,90,15.6,-24.64,-71.27
-136,90,15.76,-35.818,-83.01
-136,90,15.92,-25.952,-73.13
-136,90,16.08,-27.442,-74.9
-136,90,16.24,-30.674,-78.8
-136,90,16.4,-40.71,-90.52
-136,90,16.56,-21.448,-70.38
-136,90,16.72,-25.958,-75.44
-136,90,16.88,-32.294,-82.76
-136,90,17.04,-19.766,-71.02
-136,90,17.2,-31.99,-84.42
-136,90,17.36,-20.206,-72.85
-136,90,17.52,-27.256,-79.79
-136,90,17.68,-27.332,-80.41
-136,90,17.84,-19.478,-72.39
-136,90,18,-21.79,-74.6
-135,90,2,-9.11,-30.9
-135,90,2.16,-9.968,-33.38
-135,90,2.32,-15.416,-41.07
-135,90,2.48,-14.014,-41.26
-135,90,2.64,-11.838,-40.55
-135,90,2.8,-15.27,-42.33
-135,90,2.96,-8.608,-36.92
-135,90,3.12,-10.046,-38.28
-135,90,3.28,-2.642,-32.66
-135,90,3.44,-4.262,-32.91
-135,90,3.6,-5.94,-33.39
-135,90,3.76,-6.454,-35.94
-135,90,3.92,-13.412,-40.96
-135,90,4.08,-13.182,-40.85
-135,90,4.24,-7.106,-36.13
-135,90,4.4,-8.84,-38.65
-135,90,4.56,-8.006,-37.82
-135,90,4.72,-12.354,-42.34
-135,90,4.88,-10.41,-40.54
-135,90,5.04,-6.13999999999999,-36.19
-135,90,5.2,-6.64,-38.06
-135,90,5.36,-10.41,-41.21
-135,90,5.52,-14.738,-45.02
-135,90,5.68,-9.14,-40.51
-135,90,5.84,-9.882,-41.33
-135,90,6,-14.24,-45.78
-135,90,6.16,-19.14,-51.18
-135,90,6.32,-11.798,-45.29
-135,90,6.48,-9.836,-43.92
-135,90,6.64,-7.558,-41.95
-135,90,6.8,-10.91,-44.41
-135,90,6.96,-12.082,-46.41
-135,90,7.12,-10.856,-45.45
-135,90,7.28,-12.752,-47.13
-135,90,7.44,-16.386,-50.72
-135,90,7.6,-14.3,-47.7
-135,90,7.76,-16.098,-51.32
-135,90,7.92,-17.122,-51.75
-135,90,8.08,-15.176,-49.98
-135,90,8.24,-16.572,-51.68
-135,90,8.4,-13.43,-48.81
-135,90,8.56,-12.582,-48.86
-135,90,8.72,-12.868,-50.17
-135,90,8.88,-13.308,-50.45
-135,90,9.04,-9.27400000000001,-47.06
-135,90,9.2,-8.93,-47.79
-135,90,9.36,-13.364,-51.43
-135,90,9.52,-21.442,-59.82
-135,90,9.68,-11.73,-50.62
-135,90,9.84,-11.966,-51.08
-135,90,10,-13.05,-52.12
-135,90,10.16,-18.048,-57.69
-135,90,10.32,-26.062,-65.69
-135,90,10.48,-32.878,-72.41
-135,90,10.64,-22.328,-62.34
-135,90,10.8,-19.5,-59.77
-135,90,10.96,-30.816,-70.8
-135,90,11.12,-21.736,-61.98
-135,90,11.28,-16.836,-57.28
-135,90,11.44,-17.862,-58.61
-135,90,11.6,-22.62,-63.49
-135,90,11.76,-20.104,-61.22
-135,90,11.92,-15.954,-57.08
-135,90,12.08,-16.52,-58.71
-135,90,12.24,-22.304,-64.56
-135,90,12.4,-24.03,-66.69
-135,90,12.56,-26.49,-70.56
-135,90,12.72,-22.214,-66.77
-135,90,12.88,-19.896,-65.1
-135,90,13.04,-16.878,-63.38
-135,90,13.2,-23.7,-70.48
-135,90,13.36,-17.444,-63.66
-135,90,13.52,-14.372,-60.38
-135,90,13.68,-13.95,-60.63
-135,90,13.84,-13.338,-60.82
-135,90,14,-11.42,-59.27
-135,90,14.16,-10.316,-58.54
-135,90,14.32,-7.56600000000001,-56.52
-135,90,14.48,-15.314,-67.14
-135,90,14.64,-13.914,-63.37
-135,90,14.8,-14.79,-62.8
-135,90,14.96,-30.632,-77.76
-135,90,15.12,-22.99,-69.42
-135,90,15.28,-30.75,-77.3
-135,90,15.44,-20.636,-66.95
-135,90,15.6,-45.96,-92.59
-135,90,15.76,-24.158,-71.35
-135,90,15.92,-26.672,-73.85
-135,90,16.08,-36.332,-83.79
-135,90,16.24,-18.194,-66.32
-135,90,16.4,-24.7,-74.51
-135,90,16.56,-22.728,-71.66
-135,90,16.72,-18.098,-67.58
-135,90,16.88,-21.454,-71.92
-135,90,17.04,-20.616,-71.87
-135,90,17.2,-29.19,-81.62
-135,90,17.36,-35.036,-87.68
-135,90,17.52,-21.776,-74.31
-135,90,17.68,-19.302,-72.38
-135,90,17.84,-33.508,-86.42
-135,90,18,-18.44,-71.25
-134,90,2,-8.87,-30.66
-134,90,2.16,-9.888,-33.3
-134,90,2.32,-16.626,-42.28
-134,90,2.48,-14.234,-41.48
-134,90,2.64,-12.218,-40.93
-134,90,2.8,-15.31,-42.37
-134,90,2.96,-10.188,-38.5
-134,90,3.12,-9.356,-37.59
-134,90,3.28,-2.562,-32.58
-134,90,3.44,-4.432,-33.08
-134,90,3.6,-5.04,-32.49
-134,90,3.76,-6.334,-35.82
-134,90,3.92,-13.302,-40.85
-134,90,4.08,-12.022,-39.69
-134,90,4.24,-7.286,-36.31
-134,90,4.4,-10.34,-40.15
-134,90,4.56,-9.146,-38.96
-134,90,4.72,-15.614,-45.6
-134,90,4.88,-11.61,-41.74
-134,90,5.04,-6.74999999999999,-36.8
-134,90,5.2,-7.22,-38.64
-134,90,5.36,-11.42,-42.22
-134,90,5.52,-11.908,-42.19
-134,90,5.68,-8.59,-39.96
-134,90,5.84,-11.102,-42.55
-134,90,6,-16.72,-48.26
-134,90,6.16,-18.05,-50.09
-134,90,6.32,-10.838,-44.33
-134,90,6.48,-10.436,-44.52
-134,90,6.64,-8.948,-43.34
-134,90,6.8,-11.8,-45.3
-134,90,6.96,-10.592,-44.92
-134,90,7.12,-10.056,-44.65
-134,90,7.28,-11.472,-45.85
-134,90,7.44,-16.346,-50.68
-134,90,7.6,-13.06,-46.46
-134,90,7.76,-16.348,-51.57
-134,90,7.92,-18.502,-53.13
-134,90,8.08,-14.986,-49.79
-134,90,8.24,-14.442,-49.55
-134,90,8.4,-14.54,-49.92
-134,90,8.56,-13.212,-49.49
-134,90,8.72,-13.938,-51.24
-134,90,8.88,-10.068,-47.21
-134,90,9.04,-7.654,-45.44
-134,90,9.2,-11.92,-50.78
-134,90,9.36,-18.764,-56.83
-134,90,9.52,-13.482,-51.86
-134,90,9.68,-8.96,-47.85
-134,90,9.84,-12.116,-51.23
-134,90,10,-14.3,-53.37
-134,90,10.16,-21.878,-61.52
-134,90,10.32,-22.302,-61.93
-134,90,10.48,-19.508,-59.04
-134,90,10.64,-21.018,-61.03
-134,90,10.8,-20.99,-61.26
-134,90,10.96,-26.286,-66.27
-134,90,11.12,-17.976,-58.22
-134,90,11.28,-19.076,-59.52
-134,90,11.44,-26.822,-67.57
-134,90,11.6,-23.05,-63.92
-134,90,11.76,-19.824,-60.94
-134,90,11.92,-15.614,-56.74
-134,90,12.08,-20.71,-62.9
-134,90,12.24,-30.464,-72.72
-134,90,12.4,-18.42,-61.08
-134,90,12.56,-19.45,-63.52
-134,90,12.72,-24.934,-69.49
-134,90,12.88,-18.306,-63.51
-134,90,13.04,-18.358,-64.86
-134,90,13.2,-24.28,-71.06
-134,90,13.36,-16.654,-62.87
-134,90,13.52,-14.452,-60.46
-134,90,13.68,-14.8,-61.48
-134,90,13.84,-13.858,-61.34
-134,90,14,-10.72,-58.57
-134,90,14.16,-11.896,-60.12
-134,90,14.32,-11.466,-60.42
-134,90,14.48,-11.984,-63.81
-134,90,14.64,-11.234,-60.69
-134,90,14.8,-12.66,-60.67
-134,90,14.96,-20.922,-68.05
-134,90,15.12,-21.99,-68.42
-134,90,15.28,-21.68,-68.23
-134,90,15.44,-24.746,-71.06
-134,90,15.6,-23.37,-70
-134,90,15.76,-23.628,-70.82
-134,90,15.92,-27.672,-74.85
-134,90,16.08,-26.302,-73.76
-134,90,16.24,-25.544,-73.67
-134,90,16.4,-30.86,-80.67
-134,90,16.56,-18.798,-67.73
-134,90,16.72,-25.268,-74.75
-134,90,16.88,-27.144,-77.61
-134,90,17.04,-21.696,-72.95
-134,90,17.2,-23.89,-76.32
-134,90,17.36,-27.126,-79.77
-134,90,17.52,-22.616,-75.15
-134,90,17.68,-29.472,-82.55
-134,90,17.84,-18.088,-71
-134,90,18,-21.75,-74.56
-133,90,2,-8.76,-30.55
-133,90,2.16,-9.938,-33.35
-133,90,2.32,-17.676,-43.33
-133,90,2.48,-13.964,-41.21
-133,90,2.64,-12.208,-40.92
-133,90,2.8,-15.83,-42.89
-133,90,2.96,-12.588,-40.9
-133,90,3.12,-8.906,-37.14
-133,90,3.28,-2.672,-32.69
-133,90,3.44,-4.972,-33.62
-133,90,3.6,-4.76,-32.21
-133,90,3.76,-6.834,-36.32
-133,90,3.92,-12.512,-40.06
-133,90,4.08,-10.122,-37.79
-133,90,4.24,-7.12599999999999,-36.15
-133,90,4.4,-11.25,-41.06
-133,90,4.56,-9.736,-39.55
-133,90,4.72,-16.924,-46.91
-133,90,4.88,-14.2,-44.33
-133,90,5.04,-8.55,-38.6
-133,90,5.2,-8.41,-39.83
-133,90,5.36,-11.26,-42.06
-133,90,5.52,-9.708,-39.99
-133,90,5.68,-7.76000000000001,-39.13
-133,90,5.84,-12.642,-44.09
-133,90,6,-17.64,-49.18
-133,90,6.16,-16.22,-48.26
-133,90,6.32,-11.188,-44.68
-133,90,6.48,-12.516,-46.6
-133,90,6.64,-11.148,-45.54
-133,90,6.8,-11.43,-44.93
-133,90,6.96,-9.762,-44.09
-133,90,7.12,-9.226,-43.82
-133,90,7.28,-10.782,-45.16
-133,90,7.44,-15.046,-49.38
-133,90,7.6,-12.19,-45.59
-133,90,7.76,-16.948,-52.17
-133,90,7.92,-16.412,-51.04
-133,90,8.08,-14.476,-49.28
-133,90,8.24,-15.232,-50.34
-133,90,8.4,-18.24,-53.62
-133,90,8.56,-12.002,-48.28
-133,90,8.72,-11.538,-48.84
-133,90,8.88,-9.508,-46.65
-133,90,9.04,-8.46400000000001,-46.25
-133,90,9.2,-17.29,-56.15
-133,90,9.36,-11.374,-49.44
-133,90,9.52,-9.162,-47.54
-133,90,9.68,-9.73,-48.62
-133,90,9.84,-17.186,-56.3
-133,90,10,-13.92,-52.99
-133,90,10.16,-17.328,-56.97
-133,90,10.32,-14.832,-54.46
-133,90,10.48,-17.638,-57.17
-133,90,10.64,-23.948,-63.96
-133,90,10.8,-23.57,-63.84
-133,90,10.96,-24.536,-64.52
-133,90,11.12,-18.926,-59.17
-133,90,11.28,-24.046,-64.49
-133,90,11.44,-28.182,-68.93
-133,90,11.6,-21.68,-62.55
-133,90,11.76,-25.694,-66.81
-133,90,11.92,-23.324,-64.45
-133,90,12.08,-37.98,-80.17
-133,90,12.24,-18.864,-61.12
-133,90,12.4,-18.58,-61.24
-133,90,12.56,-19.22,-63.29
-133,90,12.72,-25.794,-70.35
-133,90,12.88,-16.796,-62
-133,90,13.04,-17.808,-64.31
-133,90,13.2,-17.81,-64.59
-133,90,13.36,-16.964,-63.18
-133,90,13.52,-18.942,-64.95
-133,90,13.68,-14.37,-61.05
-133,90,13.84,-11.578,-59.06
-133,90,14,-11.43,-59.28
-133,90,14.16,-10.496,-58.72
-133,90,14.32,-14.926,-63.88
-133,90,14.48,-12.514,-64.34
-133,90,14.64,-10.654,-60.11
-133,90,14.8,-13.42,-61.43
-133,90,14.96,-20.152,-67.28
-133,90,15.12,-27.46,-73.89
-133,90,15.28,-26.96,-73.51
-133,90,15.44,-34.046,-80.36
-133,90,15.6,-19.3,-65.93
-133,90,15.76,-24.238,-71.43
-133,90,15.92,-24.392,-71.57
-133,90,16.08,-23.022,-70.48
-133,90,16.24,-29.614,-77.74
-133,90,16.4,-25.61,-75.42
-133,90,16.56,-22.398,-71.33
-133,90,16.72,-20.908,-70.39
-133,90,16.88,-31.074,-81.54
-133,90,17.04,-17.766,-69.02
-133,90,17.2,-34.42,-86.85
-133,90,17.36,-24.146,-76.79
-133,90,17.52,-30.386,-82.92
-133,90,17.68,-27.172,-80.25
-133,90,17.84,-30.418,-83.33
-133,90,18,-18.1,-70.91
-132,90,2,-8.68,-30.47
-132,90,2.16,-9.918,-33.33
-132,90,2.32,-18.306,-43.96
-132,90,2.48,-13.404,-40.65
-132,90,2.64,-12.178,-40.89
-132,90,2.8,-16.89,-43.95
-132,90,2.96,-15.068,-43.38
-132,90,3.12,-8.566,-36.8
-132,90,3.28,-3.052,-33.07
-132,90,3.44,-5.782,-34.43
-132,90,3.6,-4.96,-32.41
-132,90,3.76,-7.444,-36.93
-132,90,3.92,-10.262,-37.81
-132,90,4.08,-8.582,-36.25
-132,90,4.24,-6.856,-35.88
-132,90,4.4,-10.88,-40.69
-132,90,4.56,-9.856,-39.67
-132,90,4.72,-15.094,-45.08
-132,90,4.88,-17.06,-47.19
-132,90,5.04,-11.06,-41.11
-132,90,5.2,-9.48999999999999,-40.91
-132,90,5.36,-10.23,-41.03
-132,90,5.52,-8.088,-38.37
-132,90,5.68,-7.83000000000001,-39.2
-132,90,5.84,-13.322,-44.77
-132,90,6,-15.55,-47.09
-132,90,6.16,-14.73,-46.77
-132,90,6.32,-12.058,-45.55
-132,90,6.48,-15.556,-49.64
-132,90,6.64,-12.928,-47.32
-132,90,6.8,-11.59,-45.09
-132,90,6.96,-10.612,-44.94
-132,90,7.12,-9.216,-43.81
-132,90,7.28,-10.382,-44.76
-132,90,7.44,-14.196,-48.53
-132,90,7.6,-12.23,-45.63
-132,90,7.76,-16.228,-51.45
-132,90,7.92,-13.482,-48.11
-132,90,8.08,-13.596,-48.4
-132,90,8.24,-17.652,-52.76
-132,90,8.4,-18.23,-53.61
-132,90,8.56,-9.932,-46.21
-132,90,8.72,-10.248,-47.55
-132,90,8.88,-11.318,-48.46
-132,90,9.04,-11.204,-48.99
-132,90,9.2,-14.7,-53.56
-132,90,9.36,-9.34399999999999,-47.41
-132,90,9.52,-9.312,-47.69
-132,90,9.68,-12.96,-51.85
-132,90,9.84,-16.936,-56.05
-132,90,10,-10.9,-49.97
-132,90,10.16,-15.058,-54.7
-132,90,10.32,-15.422,-55.05
-132,90,10.48,-24.178,-63.71
-132,90,10.64,-29.788,-69.8
-132,90,10.8,-17.28,-57.55
-132,90,10.96,-19.246,-59.23
-132,90,11.12,-32.176,-72.42
-132,90,11.28,-19.966,-60.41
-132,90,11.44,-17.232,-57.98
-132,90,11.6,-16.62,-57.49
-132,90,11.76,-22.184,-63.3
-132,90,11.92,-30.194,-71.32
-132,90,12.08,-27.82,-70.01
-132,90,12.24,-19.284,-61.54
-132,90,12.4,-20.34,-63
-132,90,12.56,-19.82,-63.89
-132,90,12.72,-18.754,-63.31
-132,90,12.88,-16.226,-61.43
-132,90,13.04,-16.558,-63.06
-132,90,13.2,-15.28,-62.06
-132,90,13.36,-20.484,-66.7
-132,90,13.52,-16.192,-62.2
-132,90,13.68,-11.17,-57.85
-132,90,13.84,-12.528,-60.01
-132,90,14,-10.48,-58.33
-132,90,14.16,-9.476,-57.7
-132,90,14.32,-10.916,-59.87
-132,90,14.48,-11.804,-63.63
-132,90,14.64,-13.254,-62.71
-132,90,14.8,-19.34,-67.35
-132,90,14.96,-19.982,-67.11
-132,90,15.12,-15.94,-62.37
-132,90,15.28,-42.95,-89.5
-132,90,15.44,-30.276,-76.59
-132,90,15.6,-26.1,-72.73
-132,90,15.76,-24.528,-71.72
-132,90,15.92,-28.012,-75.19
-132,90,16.08,-26.422,-73.88
-132,90,16.24,-24.014,-72.14
-132,90,16.4,-31.68,-81.49
-132,90,16.56,-23.628,-72.56
-132,90,16.72,-22.258,-71.74
-132,90,16.88,-32.584,-83.05
-132,90,17.04,-19.496,-70.75
-132,90,17.2,-30.06,-82.49
-132,90,17.36,-23.976,-76.62
-132,90,17.52,-39.516,-92.05
-132,90,17.68,-21.142,-74.22
-132,90,17.84,-24.968,-77.88
-132,90,18,-26.45,-79.26
-131,90,2,-8.86,-30.65
-131,90,2.16,-10.218,-33.63
-131,90,2.32,-18.996,-44.65
-131,90,2.48,-12.124,-39.37
-131,90,2.64,-12.228,-40.94
-131,90,2.8,-17.66,-44.72
-131,90,2.96,-18.388,-46.7
-131,90,3.12,-8.67599999999999,-36.91
-131,90,3.28,-3.772,-33.79
-131,90,3.44,-7.022,-35.67
-131,90,3.6,-5.5,-32.95
-131,90,3.76,-8.274,-37.76
-131,90,3.92,-7.592,-35.14
-131,90,4.08,-7.372,-35.04
-131,90,4.24,-6.826,-35.85
-131,90,4.4,-10,-39.81
-131,90,4.56,-9.376,-39.19
-131,90,4.72,-11.704,-41.69
-131,90,4.88,-15.77,-45.9
-131,90,5.04,-15.26,-45.31
-131,90,5.2,-9.62,-41.04
-131,90,5.36,-9.27,-40.07
-131,90,5.52,-7.858,-38.14
-131,90,5.68,-8.46,-39.83
-131,90,5.84,-14.012,-45.46
-131,90,6,-12.53,-44.07
-131,90,6.16,-12.75,-44.79
-131,90,6.32,-13.398,-46.89
-131,90,6.48,-17.736,-51.82
-131,90,6.64,-12.508,-46.9
-131,90,6.8,-11.81,-45.31
-131,90,6.96,-11.992,-46.32
-131,90,7.12,-9.416,-44.01
-131,90,7.28,-10.382,-44.76
-131,90,7.44,-13.346,-47.68
-131,90,7.6,-12.44,-45.84
-131,90,7.76,-15.498,-50.72
-131,90,7.92,-11.422,-46.05
-131,90,8.08,-12.726,-47.53
-131,90,8.24,-19.982,-55.09
-131,90,8.4,-14.3,-49.68
-131,90,8.56,-9.462,-45.74
-131,90,8.72,-10.398,-47.7
-131,90,8.88,-14.018,-51.16
-131,90,9.04,-11.804,-49.59
-131,90,9.2,-8.71,-47.57
-131,90,9.36,-9.394,-47.46
-131,90,9.52,-11.862,-50.24
-131,90,9.68,-14.46,-53.35
-131,90,9.84,-14.196,-53.31
-131,90,10,-11.03,-50.1
-131,90,10.16,-15.928,-55.57
-131,90,10.32,-29.022,-68.65
-131,90,10.48,-18.848,-58.38
-131,90,10.64,-16.668,-56.68
-131,90,10.8,-15.3,-55.57
-131,90,10.96,-20.406,-60.39
-131,90,11.12,-22.916,-63.16
-131,90,11.28,-15.916,-56.36
-131,90,11.44,-15.732,-56.48
-131,90,11.6,-18.02,-58.89
-131,90,11.76,-30.174,-71.29
-131,90,11.92,-29.384,-70.51
-131,90,12.08,-23.83,-66.02
-131,90,12.24,-17.794,-60.05
-131,90,12.4,-19.05,-61.71
-131,90,12.56,-17.33,-61.4
-131,90,12.72,-17.774,-62.33
-131,90,12.88,-15.866,-61.07
-131,90,13.04,-17.048,-63.55
-131,90,13.2,-15.57,-62.35
-131,90,13.36,-18.044,-64.26
-131,90,13.52,-14.182,-60.19
-131,90,13.68,-14.14,-60.82
-131,90,13.84,-13.428,-60.91
-131,90,14,-10.15,-58
-131,90,14.16,-7.866,-56.09
-131,90,14.32,-11.206,-60.16
-131,90,14.48,-13.174,-65
-131,90,14.64,-17.644,-67.1
-131,90,14.8,-15.38,-63.39
-131,90,14.96,-18.332,-65.46
-131,90,15.12,-16.19,-62.62
-131,90,15.28,-27.78,-74.33
-131,90,15.44,-20.206,-66.52
-131,90,15.6,-25.58,-72.21
-131,90,15.76,-21.608,-68.8
-131,90,15.92,-24.632,-71.81
-131,90,16.08,-26.232,-73.69
-131,90,16.24,-24.864,-72.99
-131,90,16.4,-29.14,-78.95
-131,90,16.56,-26.248,-75.18
-131,90,16.72,-23.958,-73.44
-131,90,16.88,-32.354,-82.82
-131,90,17.04,-29.516,-80.77
-131,90,17.2,-34.97,-87.4
-131,90,17.36,-21.206,-73.85
-131,90,17.52,-28.316,-80.85
-131,90,17.68,-33.132,-86.21
-131,90,17.84,-20.808,-73.72
-131,90,18,-20.78,-73.59
-130,90,2,-9.2,-30.99
-130,90,2.16,-10.718,-34.13
-130,90,2.32,-18.066,-43.72
-130,90,2.48,-11.134,-38.38
-130,90,2.64,-12.068,-40.78
-130,90,2.8,-18.94,-46
-130,90,2.96,-21.518,-49.83
-130,90,3.12,-8.906,-37.14
-130,90,3.28,-4.582,-34.6
-130,90,3.44,-8.692,-37.34
-130,90,3.6,-6.31,-33.76
-130,90,3.76,-8.884,-38.37
-130,90,3.92,-5.502,-33.05
-130,90,4.08,-6.862,-34.53
-130,90,4.24,-6.936,-35.96
-130,90,4.4,-8.5,-38.31
-130,90,4.56,-8.696,-38.51
-130,90,4.72,-9.114,-39.1
-130,90,4.88,-13.44,-43.57
-130,90,5.04,-19.36,-49.41
-130,90,5.2,-9.26,-40.68
-130,90,5.36,-9.14,-39.94
-130,90,5.52,-8.758,-39.04
-130,90,5.68,-9.98,-41.35
-130,90,5.84,-11.822,-43.27
-130,90,6,-10.87,-42.41
-130,90,6.16,-11.58,-43.62
-130,90,6.32,-13.198,-46.69
-130,90,6.48,-15.776,-49.86
-130,90,6.64,-11.158,-45.55
-130,90,6.8,-11.94,-45.44
-130,90,6.96,-13.442,-47.77
-130,90,7.12,-10.056,-44.65
-130,90,7.28,-11.852,-46.23
-130,90,7.44,-12.526,-46.86
-130,90,7.6,-12.56,-45.96
-130,90,7.76,-14.348,-49.57
-130,90,7.92,-11.272,-45.9
-130,90,8.08,-13.206,-48.01
-130,90,8.24,-18.942,-54.05
-130,90,8.4,-11.69,-47.07
-130,90,8.56,-9.38199999999999,-45.66
-130,90,8.72,-11.838,-49.14
-130,90,8.88,-14.258,-51.4
-130,90,9.04,-8.974,-46.76
-130,90,9.2,-7.63,-46.49
-130,90,9.36,-10.374,-48.44
-130,90,9.52,-14.472,-52.85
-130,90,9.68,-11.3,-50.19
-130,90,9.84,-13.626,-52.74
-130,90,10,-16.21,-55.28
-130,90,10.16,-18.308,-57.95
-130,90,10.32,-20.332,-59.96
-130,90,10.48,-13.518,-53.05
-130,90,10.64,-12.968,-52.98
-130,90,10.8,-18.35,-58.62
-130,90,10.96,-38.846,-78.83
-130,90,11.12,-18.586,-58.83
-130,90,11.28,-16.696,-57.14
-130,90,11.44,-19.732,-60.48
-130,90,11.6,-24.28,-65.15
-130,90,11.76,-19.624,-60.74
-130,90,11.92,-19.284,-60.41
-130,90,12.08,-17.66,-59.85
-130,90,12.24,-17.164,-59.42
-130,90,12.4,-21.97,-64.63
-130,90,12.56,-19.12,-63.19
-130,90,12.72,-19.544,-64.1
-130,90,12.88,-16.746,-61.95
-130,90,13.04,-17.808,-64.31
-130,90,13.2,-14.85,-61.63
-130,90,13.36,-16.794,-63.01
-130,90,13.52,-14.832,-60.84
-130,90,13.68,-12.78,-59.46
-130,90,13.84,-11.958,-59.44
-130,90,14,-7.87,-55.72
-130,90,14.16,-8.586,-56.81
-130,90,14.32,-9.94600000000001,-58.9
-130,90,14.48,-14.524,-66.35
-130,90,14.64,-10.634,-60.09
-130,90,14.8,-15.92,-63.93
-130,90,14.96,-30.512,-77.64
-130,90,15.12,-18.81,-65.24
-130,90,15.28,-28.03,-74.58
-130,90,15.44,-27.036,-73.35
-130,90,15.6,-34.7,-81.33
-130,90,15.76,-19.608,-66.8
-130,90,15.92,-24.942,-72.12
-130,90,16.08,-25.252,-72.71
-130,90,16.24,-24.434,-72.56
-130,90,16.4,-34.94,-84.75
-130,90,16.56,-27.068,-76
-130,90,16.72,-28.838,-78.32
-130,90,16.88,-36.864,-87.33
-130,90,17.04,-18.916,-70.17
-130,90,17.2,-25.79,-78.22
-130,90,17.36,-33.986,-86.63
-130,90,17.52,-20.986,-73.52
-130,90,17.68,-25.692,-78.77
-130,90,17.84,-33.238,-86.15
-130,90,18,-25.65,-78.46
-129,90,2,-9.5,-31.29
-129,90,2.16,-11.168,-34.58
-129,90,2.32,-17.456,-43.11
-129,90,2.48,-10.204,-37.45
-129,90,2.64,-12.138,-40.85
-129,90,2.8,-19.85,-46.91
-129,90,2.96,-23.388,-51.7
-129,90,3.12,-9.42599999999999,-37.66
-129,90,3.28,-5.692,-35.71
-129,90,3.44,-11.392,-40.04
-129,90,3.6,-7.3,-34.75
-129,90,3.76,-9.384,-38.87
-129,90,3.92,-4.182,-31.73
-129,90,4.08,-6.772,-34.44
-129,90,4.24,-7.116,-36.14
-129,90,4.4,-6.75,-36.56
-129,90,4.56,-7.826,-37.64
-129,90,4.72,-7.354,-37.34
-129,90,4.88,-11.88,-42.01
-129,90,5.04,-19.93,-49.98
-129,90,5.2,-8.72,-40.14
-129,90,5.36,-9.99,-40.79
-129,90,5.52,-10.458,-40.74
-129,90,5.68,-10.89,-42.26
-129,90,5.84,-9.412,-40.86
-129,90,6,-9.83,-41.37
-129,90,6.16,-10.56,-42.6
-129,90,6.32,-13.188,-46.68
-129,90,6.48,-12.766,-46.85
-129,90,6.64,-10.278,-44.67
-129,90,6.8,-10.75,-44.25
-129,90,6.96,-14.172,-48.5
-129,90,7.12,-9.896,-44.49
-129,90,7.28,-12.362,-46.74
-129,90,7.44,-11.696,-46.03
-129,90,7.6,-13.48,-46.88
-129,90,7.76,-14.108,-49.33
-129,90,7.92,-11.602,-46.23
-129,90,8.08,-13.446,-48.25
-129,90,8.24,-16.872,-51.98
-129,90,8.4,-10.33,-45.71
-129,90,8.56,-10.612,-46.89
-129,90,8.72,-13.848,-51.15
-129,90,8.88,-10.438,-47.58
-129,90,9.04,-7.754,-45.54
-129,90,9.2,-8.93,-47.79
-129,90,9.36,-11.844,-49.91
-129,90,9.52,-10.922,-49.3
-129,90,9.68,-8.8,-47.69
-129,90,9.84,-11.906,-51.02
-129,90,10,-24.67,-63.74
-129,90,10.16,-14.198,-53.84
-129,90,10.32,-18.362,-57.99
-129,90,10.48,-15.118,-54.65
-129,90,10.64,-16.458,-56.47
-129,90,10.8,-29.3,-69.57
-129,90,10.96,-21.796,-61.78
-129,90,11.12,-19.616,-59.86
-129,90,11.28,-23.816,-64.26
-129,90,11.44,-23.412,-64.16
-129,90,11.6,-22.83,-63.7
-129,90,11.76,-18.044,-59.16
-129,90,11.92,-17.564,-58.69
-129,90,12.08,-17.61,-59.8
-129,90,12.24,-20.164,-62.42
-129,90,12.4,-23.66,-66.32
-129,90,12.56,-19.88,-63.95
-129,90,12.72,-17.184,-61.74
-129,90,12.88,-18.506,-63.71
-129,90,13.04,-15.658,-62.16
-129,90,13.2,-11.37,-58.15
-129,90,13.36,-14.894,-61.11
-129,90,13.52,-13.852,-59.86
-129,90,13.68,-13.3,-59.98
-129,90,13.84,-10.278,-57.76
-129,90,14,-7.13,-54.98
-129,90,14.16,-11.426,-59.65
-129,90,14.32,-12.516,-61.47
-129,90,14.48,-11.724,-63.55
-129,90,14.64,-13.484,-62.94
-129,90,14.8,-16.82,-64.83
-129,90,14.96,-21.882,-69.01
-129,90,15.12,-27.73,-74.16
-129,90,15.28,-28.33,-74.88
-129,90,15.44,-40.146,-86.46
-129,90,15.6,-19.61,-66.24
-129,90,15.76,-20.748,-67.94
-129,90,15.92,-20.902,-68.08
-129,90,16.08,-22.062,-69.52
-129,90,16.24,-22.154,-70.28
-129,90,16.4,-28.05,-77.86
-129,90,16.56,-22.848,-71.78
-129,90,16.72,-29.738,-79.22
-129,90,16.88,-26.734,-77.2
-129,90,17.04,-19.756,-71.01
-129,90,17.2,-18.67,-71.1
-129,90,17.36,-24.276,-76.92
-129,90,17.52,-40.856,-93.39
-129,90,17.68,-29.512,-82.59
-129,90,17.84,-29.888,-82.8
-129,90,18,-37.86,-90.67
-128,90,2,-10.08,-31.87
-128,90,2.16,-11.758,-35.17
-128,90,2.32,-16.096,-41.75
-128,90,2.48,-9.274,-36.52
-128,90,2.64,-12.468,-41.18
-128,90,2.8,-21.21,-48.27
-128,90,2.96,-22.808,-51.12
-128,90,3.12,-9.886,-38.12
-128,90,3.28,-6.672,-36.69
-128,90,3.44,-14.912,-43.56
-128,90,3.6,-8.07,-35.52
-128,90,3.76,-9.734,-39.22
-128,90,3.92,-3.562,-31.11
-128,90,4.08,-7.182,-34.85
-128,90,4.24,-7.23599999999999,-36.26
-128,90,4.4,-5.05,-34.86
-128,90,4.56,-7.066,-36.88
-128,90,4.72,-6.504,-36.49
-128,90,4.88,-11.06,-41.19
-128,90,5.04,-15.78,-45.83
-128,90,5.2,-8.53,-39.95
-128,90,5.36,-11.28,-42.08
-128,90,5.52,-12.668,-42.95
-128,90,5.68,-10.85,-42.22
-128,90,5.84,-8.182,-39.63
-128,90,6,-9.94,-41.48
-128,90,6.16,-10.68,-42.72
-128,90,6.32,-12.028,-45.52
-128,90,6.48,-10.326,-44.41
-128,90,6.64,-9.388,-43.78
-128,90,6.8,-10.26,-43.76
-128,90,6.96,-13.052,-47.38
-128,90,7.12,-9.756,-44.35
-128,90,7.28,-12.382,-46.76
-128,90,7.44,-10.816,-45.15
-128,90,7.6,-14.32,-47.72
-128,90,7.76,-15.508,-50.73
-128,90,7.92,-11.922,-46.55
-128,90,8.08,-13.236,-48.04
-128,90,8.24,-14.542,-49.65
-128,90,8.4,-10.98,-46.36
-128,90,8.56,-11.762,-48.04
-128,90,8.72,-13.428,-50.73
-128,90,8.88,-8.768,-45.91
-128,90,9.04,-8.17400000000001,-45.96
-128,90,9.2,-12.2,-51.06
-128,90,9.36,-9.894,-47.96
-128,90,9.52,-8.852,-47.23
-128,90,9.68,-8.74,-47.63
-128,90,9.84,-13.686,-52.8
-128,90,10,-20.43,-59.5
-128,90,10.16,-12.328,-51.97
-128,90,10.32,-16.882,-56.51
-128,90,10.48,-19.758,-59.29
-128,90,10.64,-18.828,-58.84
-128,90,10.8,-33.89,-74.16
-128,90,10.96,-21.606,-61.59
-128,90,11.12,-20.496,-60.74
-128,90,11.28,-30.996,-71.44
-128,90,11.44,-21.862,-62.61
-128,90,11.6,-24.27,-65.14
-128,90,11.76,-23.134,-64.25
-128,90,11.92,-30.714,-71.84
-128,90,12.08,-25.89,-68.08
-128,90,12.24,-28.244,-70.5
-128,90,12.4,-23.37,-66.03
-128,90,12.56,-19.01,-63.08
-128,90,12.72,-23.654,-68.21
-128,90,12.88,-22.356,-67.56
-128,90,13.04,-15.098,-61.6
-128,90,13.2,-12.19,-58.97
-128,90,13.36,-16.544,-62.76
-128,90,13.52,-14.652,-60.66
-128,90,13.68,-11.76,-58.44
-128,90,13.84,-10.128,-57.61
-128,90,14,-6.39,-54.24
-128,90,14.16,-9.00599999999999,-57.23
-128,90,14.32,-13.146,-62.1
-128,90,14.48,-13.234,-65.06
-128,90,14.64,-17.724,-67.18
-128,90,14.8,-20.82,-68.83
-128,90,14.96,-19.482,-66.61
-128,90,15.12,-27.76,-74.19
-128,90,15.28,-17.81,-64.36
-128,90,15.44,-25.246,-71.56
-128,90,15.6,-25.96,-72.59
-128,90,15.76,-23.248,-70.44
-128,90,15.92,-20.332,-67.51
-128,90,16.08,-23.452,-70.91
-128,90,16.24,-24.454,-72.58
-128,90,16.4,-20.85,-70.66
-128,90,16.56,-22.628,-71.56
-128,90,16.72,-29.388,-78.87
-128,90,16.88,-31.244,-81.71
-128,90,17.04,-19.736,-70.99
-128,90,17.2,-21.22,-73.65
-128,90,17.36,-19.666,-72.31
-128,90,17.52,-18.046,-70.58
-128,90,17.68,-26.402,-79.48
-128,90,17.84,-20.078,-72.99
-128,90,18,-24.41,-77.22
-127,90,2,-10.83,-32.62
-127,90,2.16,-12.508,-35.92
-127,90,2.32,-14.946,-40.6
-127,90,2.48,-8.444,-35.69
-127,90,2.64,-13.348,-42.06
-127,90,2.8,-19.51,-46.57
-127,90,2.96,-20.418,-48.73
-127,90,3.12,-10.276,-38.51
-127,90,3.28,-7.602,-37.62
-127,90,3.44,-19.272,-47.92
-127,90,3.6,-8.73,-36.18
-127,90,3.76,-10.074,-39.56
-127,90,3.92,-3.682,-31.23
-127,90,4.08,-7.962,-35.63
-127,90,4.24,-6.94599999999999,-35.97
-127,90,4.4,-3.56,-33.37
-127,90,4.56,-6.656,-36.47
-127,90,4.72,-6.184,-36.17
-127,90,4.88,-9.9,-40.03
-127,90,5.04,-11.21,-41.26
-127,90,5.2,-7.58,-39
-127,90,5.36,-12.94,-43.74
-127,90,5.52,-13.448,-43.73
-127,90,5.68,-9.8,-41.17
-127,90,5.84,-8.492,-39.94
-127,90,6,-10.73,-42.27
-127,90,6.16,-10.45,-42.49
-127,90,6.32,-10.468,-43.96
-127,90,6.48,-8.71599999999999,-42.8
-127,90,6.64,-8.778,-43.17
-127,90,6.8,-9.04,-42.54
-127,90,6.96,-11.442,-45.77
-127,90,7.12,-8.816,-43.41
-127,90,7.28,-11.732,-46.11
-127,90,7.44,-9.696,-44.03
-127,90,7.6,-15,-48.4
-127,90,7.76,-14.398,-49.62
-127,90,7.92,-12.092,-46.72
-127,90,8.08,-12.686,-47.49
-127,90,8.24,-14.002,-49.11
-127,90,8.4,-12.55,-47.93
-127,90,8.56,-11.422,-47.7
-127,90,8.72,-10.788,-48.09
-127,90,8.88,-8.52800000000001,-45.67
-127,90,9.04,-9.114,-46.9
-127,90,9.2,-12.62,-51.48
-127,90,9.36,-8.144,-46.21
-127,90,9.52,-9.432,-47.81
-127,90,9.68,-10.06,-48.95
-127,90,9.84,-12.666,-51.78
-127,90,10,-15.27,-54.34
-127,90,10.16,-12.908,-52.55
-127,90,10.32,-16.732,-56.36
-127,90,10.48,-25.138,-64.67
-127,90,10.64,-21.988,-62
-127,90,10.8,-27.27,-67.54
-127,90,10.96,-24.726,-64.71
-127,90,11.12,-17.886,-58.13
-127,90,11.28,-23.116,-63.56
-127,90,11.44,-34.922,-75.67
-127,90,11.6,-25.29,-66.16
-127,90,11.76,-46.414,-87.53
-127,90,11.92,-26.604,-67.73
-127,90,12.08,-28.22,-70.41
-127,90,12.24,-25.234,-67.49
-127,90,12.4,-23.05,-65.71
-127,90,12.56,-25.82,-69.89
-127,90,12.72,-21.044,-65.6
-127,90,12.88,-24.376,-69.58
-127,90,13.04,-16.488,-62.99
-127,90,13.2,-16.99,-63.77
-127,90,13.36,-15.414,-61.63
-127,90,13.52,-13.762,-59.77
-127,90,13.68,-13.64,-60.32
-127,90,13.84,-10.498,-57.98
-127,90,14,-8.48,-56.33
-127,90,14.16,-8.246,-56.47
-127,90,14.32,-9.82600000000001,-58.78
-127,90,14.48,-14.604,-66.43
-127,90,14.64,-17.674,-67.13
-127,90,14.8,-21.36,-69.37
-127,90,14.96,-16.552,-63.68
-127,90,15.12,-18.49,-64.92
-127,90,15.28,-14.39,-60.94
-127,90,15.44,-18.866,-65.18
-127,90,15.6,-25.9,-72.53
-127,90,15.76,-25.278,-72.47
-127,90,15.92,-23.522,-70.7
-127,90,16.08,-31.422,-78.88
-127,90,16.24,-31.944,-80.07
-127,90,16.4,-28.32,-78.13
-127,90,16.56,-24.448,-73.38
-127,90,16.72,-28.848,-78.33
-127,90,16.88,-21.874,-72.34
-127,90,17.04,-19.166,-70.42
-127,90,17.2,-40.16,-92.59
-127,90,17.36,-38.666,-91.31
-127,90,17.52,-28.676,-81.21
-127,90,17.68,-22.902,-75.98
-127,90,17.84,-17.068,-69.98
-127,90,18,-17.31,-70.12
-126,90,2,-11.74,-33.53
-126,90,2.16,-13.618,-37.03
-126,90,2.32,-13.616,-39.27
-126,90,2.48,-8.004,-35.25
-126,90,2.64,-14.298,-43.01
-126,90,2.8,-17.79,-44.85
-126,90,2.96,-17.088,-45.4
-126,90,3.12,-10.426,-38.66
-126,90,3.28,-8.102,-38.12
-126,90,3.44,-21.352,-50
-126,90,3.6,-9.1,-36.55
-126,90,3.76,-10.664,-40.15
-126,90,3.92,-4.422,-31.97
-126,90,4.08,-8.282,-35.95
-126,90,4.24,-6.51599999999999,-35.54
-126,90,4.4,-2.6,-32.41
-126,90,4.56,-6.496,-36.31
-126,90,4.72,-6.294,-36.28
-126,90,4.88,-8.06,-38.19
-126,90,5.04,-7.34,-37.39
-126,90,5.2,-6.55,-37.97
-126,90,5.36,-13.7,-44.5
-126,90,5.52,-12.778,-43.06
-126,90,5.68,-8.86,-40.23
-126,90,5.84,-10.172,-41.62
-126,90,6,-11.77,-43.31
-126,90,6.16,-10.3,-42.34
-126,90,6.32,-9.83799999999999,-43.33
-126,90,6.48,-7.936,-42.02
-126,90,6.64,-8.36799999999999,-42.76
-126,90,6.8,-8.43,-41.93
-126,90,6.96,-9.83199999999999,-44.16
-126,90,7.12,-8.126,-42.72
-126,90,7.28,-10.682,-45.06
-126,90,7.44,-8.906,-43.24
-126,90,7.6,-14.65,-48.05
-126,90,7.76,-12.418,-47.64
-126,90,7.92,-11.382,-46.01
-126,90,8.08,-12.516,-47.32
-126,90,8.24,-14.452,-49.56
-126,90,8.4,-12.9,-48.28
-126,90,8.56,-10.162,-46.44
-126,90,8.72,-10.158,-47.46
-126,90,8.88,-10.458,-47.6
-126,90,9.04,-10.744,-48.53
-126,90,9.2,-10.64,-49.5
-126,90,9.36,-8.214,-46.28
-126,90,9.52,-10.342,-48.72
-126,90,9.68,-12.21,-51.1
-126,90,9.84,-12.326,-51.44
-126,90,10,-13.32,-52.39
-126,90,10.16,-14.998,-54.64
-126,90,10.32,-19.042,-58.67
-126,90,10.48,-17.988,-57.52
-126,90,10.64,-19.718,-59.73
-126,90,10.8,-24.91,-65.18
-126,90,10.96,-23.246,-63.23
-126,90,11.12,-16.026,-56.27
-126,90,11.28,-16.026,-56.47
-126,90,11.44,-20.402,-61.15
-126,90,11.6,-23.93,-64.8
-126,90,11.76,-25.374,-66.49
-126,90,11.92,-42.464,-83.59
-126,90,12.08,-30.73,-72.92
-126,90,12.24,-24.354,-66.61
-126,90,12.4,-30.29,-72.95
-126,90,12.56,-27,-71.07
-126,90,12.72,-21.574,-66.13
-126,90,12.88,-26.736,-71.94
-126,90,13.04,-21.528,-68.03
-126,90,13.2,-20.58,-67.36
-126,90,13.36,-16.794,-63.01
-126,90,13.52,-15.842,-61.85
-126,90,13.68,-13.33,-60.01
-126,90,13.84,-11.068,-58.55
-126,90,14,-10.19,-58.04
-126,90,14.16,-9.946,-58.17
-126,90,14.32,-10.736,-59.69
-126,90,14.48,-15.074,-66.9
-126,90,14.64,-16.354,-65.81
-126,90,14.8,-17.92,-65.93
-126,90,14.96,-17.052,-64.18
-126,90,15.12,-16.95,-63.38
-126,90,15.28,-14.93,-61.48
-126,90,15.44,-24.776,-71.09
-126,90,15.6,-22.09,-68.72
-126,90,15.76,-23.428,-70.62
-126,90,15.92,-24.222,-71.4
-126,90,16.08,-31.532,-78.99
-126,90,16.24,-28.614,-76.74
-126,90,16.4,-27.98,-77.79
-126,90,16.56,-26.958,-75.89
-126,90,16.72,-29.208,-78.69
-126,90,16.88,-24.834,-75.3
-126,90,17.04,-23.146,-74.4
-126,90,17.2,-28.07,-80.5
-126,90,17.36,-25.516,-78.16
-126,90,17.52,-30.796,-83.33
-126,90,17.68,-17.962,-71.04
-126,90,17.84,-44.318,-97.23
-126,90,18,-19.46,-72.27
-125,90,2,-12.74,-34.53
-125,90,2.16,-14.618,-38.03
-125,90,2.32,-12.476,-38.13
-125,90,2.48,-7.754,-35
-125,90,2.64,-15.358,-44.07
-125,90,2.8,-16.23,-43.29
-125,90,2.96,-14.668,-42.98
-125,90,3.12,-10.156,-38.39
-125,90,3.28,-8.392,-38.41
-125,90,3.44,-20.382,-49.03
-125,90,3.6,-9.52,-36.97
-125,90,3.76,-11.364,-40.85
-125,90,3.92,-5.632,-33.18
-125,90,4.08,-8.002,-35.67
-125,90,4.24,-6.106,-35.13
-125,90,4.4,-2.17,-31.98
-125,90,4.56,-6.556,-36.37
-125,90,4.72,-6.374,-36.36
-125,90,4.88,-6.48999999999999,-36.62
-125,90,5.04,-4.65,-34.7
-125,90,5.2,-5.86,-37.28
-125,90,5.36,-13.23,-44.03
-125,90,5.52,-10.908,-41.19
-125,90,5.68,-7.95,-39.32
-125,90,5.84,-12.962,-44.41
-125,90,6,-12.65,-44.19
-125,90,6.16,-10.17,-42.21
-125,90,6.32,-9.758,-43.25
-125,90,6.48,-8.016,-42.1
-125,90,6.64,-7.788,-42.18
-125,90,6.8,-8.44,-41.94
-125,90,6.96,-8.702,-43.03
-125,90,7.12,-7.736,-42.33
-125,90,7.28,-9.652,-44.03
-125,90,7.44,-9.086,-43.42
-125,90,7.6,-13.59,-46.99
-125,90,7.76,-10.378,-45.6
-125,90,7.92,-9.702,-44.33
-125,90,8.08,-11.746,-46.55
-125,90,8.24,-15.692,-50.8
-125,90,8.4,-12.43,-47.81
-125,90,8.56,-9.36199999999999,-45.64
-125,90,8.72,-10.058,-47.36
-125,90,8.88,-11.528,-48.67
-125,90,9.04,-10.054,-47.84
-125,90,9.2,-8.42,-47.28
-125,90,9.36,-9.814,-47.88
-125,90,9.52,-11.522,-49.9
-125,90,9.68,-11.41,-50.3
-125,90,9.84,-11.496,-50.61
-125,90,10,-15.13,-54.2
-125,90,10.16,-17.208,-56.85
-125,90,10.32,-18.812,-58.44
-125,90,10.48,-14.838,-54.37
-125,90,10.64,-16.798,-56.81
-125,90,10.8,-26.09,-66.36
-125,90,10.96,-22.806,-62.79
-125,90,11.12,-15.796,-56.04
-125,90,11.28,-15.526,-55.97
-125,90,11.44,-20.272,-61.02
-125,90,11.6,-18.38,-59.25
-125,90,11.76,-19.054,-60.17
-125,90,11.92,-24.824,-65.95
-125,90,12.08,-28.34,-70.53
-125,90,12.24,-28.394,-70.65
-125,90,12.4,-28.18,-70.84
-125,90,12.56,-25.47,-69.54
-125,90,12.72,-26.504,-71.06
-125,90,12.88,-24.246,-69.45
-125,90,13.04,-21.178,-67.68
-125,90,13.2,-18.15,-64.93
-125,90,13.36,-16.274,-62.49
-125,90,13.52,-16.802,-62.81
-125,90,13.68,-13.89,-60.57
-125,90,13.84,-13.878,-61.36
-125,90,14,-10.9,-58.75
-125,90,14.16,-11.806,-60.03
-125,90,14.32,-12.606,-61.56
-125,90,14.48,-17.074,-68.9
-125,90,14.64,-15.774,-65.23
-125,90,14.8,-16.65,-64.66
-125,90,14.96,-15.592,-62.72
-125,90,15.12,-14.54,-60.97
-125,90,15.28,-13.89,-60.44
-125,90,15.44,-16.836,-63.15
-125,90,15.6,-22.17,-68.8
-125,90,15.76,-29.468,-76.66
-125,90,15.92,-26.422,-73.6
-125,90,16.08,-26.132,-73.59
-125,90,16.24,-30.834,-78.96
-125,90,16.4,-21.44,-71.25
-125,90,16.56,-20.568,-69.5
-125,90,16.72,-30.418,-79.9
-125,90,16.88,-38.224,-88.69
-125,90,17.04,-24.746,-76
-125,90,17.2,-27.59,-80.02
-125,90,17.36,-23.846,-76.49
-125,90,17.52,-22.716,-75.25
-125,90,17.68,-27.802,-80.88
-125,90,17.84,-25.208,-78.12
-125,90,18,-27.6,-80.41
-124,90,2,-14.02,-35.81
-124,90,2.16,-15.688,-39.1
-124,90,2.32,-11.596,-37.25
-124,90,2.48,-7.66399999999999,-34.91
-124,90,2.64,-16.618,-45.33
-124,90,2.8,-14.28,-41.34
-124,90,2.96,-12.208,-40.52
-124,90,3.12,-9.946,-38.18
-124,90,3.28,-8.402,-38.42
-124,90,3.44,-19.192,-47.84
-124,90,3.6,-9.72,-37.17
-124,90,3.76,-12.444,-41.93
-124,90,3.92,-7.332,-34.88
-124,90,4.08,-7.142,-34.81
-124,90,4.24,-5.976,-35
-124,90,4.4,-1.92,-31.73
-124,90,4.56,-6.776,-36.59
-124,90,4.72,-5.964,-35.95
-124,90,4.88,-4.89,-35.02
-124,90,5.04,-2.83,-32.88
-124,90,5.2,-5.63,-37.05
-124,90,5.36,-11.29,-42.09
-124,90,5.52,-8.408,-38.69
-124,90,5.68,-7.07,-38.44
-124,90,5.84,-15.692,-47.14
-124,90,6,-13.08,-44.62
-124,90,6.16,-10.29,-42.33
-124,90,6.32,-10.898,-44.39
-124,90,6.48,-8.296,-42.38
-124,90,6.64,-7.47799999999999,-41.87
-124,90,6.8,-8.62,-42.12
-124,90,6.96,-7.872,-42.2
-124,90,7.12,-7.776,-42.37
-124,90,7.28,-9.062,-43.44
-124,90,7.44,-8.916,-43.25
-124,90,7.6,-11.66,-45.06
-124,90,7.76,-8.988,-44.21
-124,90,7.92,-8.572,-43.2
-124,90,8.08,-11.236,-46.04
-124,90,8.24,-15.392,-50.5
-124,90,8.4,-11.31,-46.69
-124,90,8.56,-9.392,-45.67
-124,90,8.72,-10.678,-47.98
-124,90,8.88,-10.448,-47.59
-124,90,9.04,-8.23400000000001,-46.02
-124,90,9.2,-7.49,-46.35
-124,90,9.36,-11.114,-49.18
-124,90,9.52,-11.012,-49.39
-124,90,9.68,-9.56,-48.45
-124,90,9.84,-10.596,-49.71
-124,90,10,-15.75,-54.82
-124,90,10.16,-18.138,-57.78
-124,90,10.32,-20.322,-59.95
-124,90,10.48,-14.548,-54.08
-124,90,10.64,-15.728,-55.74
-124,90,10.8,-22.73,-63
-124,90,10.96,-24.006,-63.99
-124,90,11.12,-18.596,-58.84
-124,90,11.28,-16.106,-56.55
-124,90,11.44,-19.142,-59.89
-124,90,11.6,-16.85,-57.72
-124,90,11.76,-17.244,-58.36
-124,90,11.92,-19.844,-60.97
-124,90,12.08,-25.86,-68.05
-124,90,12.24,-21.984,-64.24
-124,90,12.4,-22.74,-65.4
-124,90,12.56,-20.28,-64.35
-124,90,12.72,-25.804,-70.36
-124,90,12.88,-28.946,-74.15
-124,90,13.04,-30.888,-77.39
-124,90,13.2,-19.32,-66.1
-124,90,13.36,-17.754,-63.97
-124,90,13.52,-17.232,-63.24
-124,90,13.68,-16.28,-62.96
-124,90,13.84,-13.388,-60.87
-124,90,14,-12.14,-59.99
-124,90,14.16,-13.226,-61.45
-124,90,14.32,-15.666,-64.62
-124,90,14.48,-15.734,-67.56
-124,90,14.64,-13.954,-63.41
-124,90,14.8,-12.34,-60.35
-124,90,14.96,-14.562,-61.69
-124,90,15.12,-14.04,-60.47
-124,90,15.28,-14.73,-61.28
-124,90,15.44,-21.376,-67.69
-124,90,15.6,-19.38,-66.01
-124,90,15.76,-18.358,-65.55
-124,90,15.92,-24.882,-72.06
-124,90,16.08,-28.732,-76.19
-124,90,16.24,-24.614,-72.74
-124,90,16.4,-23.99,-73.8
-124,90,16.56,-29.088,-78.02
-124,90,16.72,-28.788,-78.27
-124,90,16.88,-29.484,-79.95
-124,90,17.04,-30.526,-81.78
-124,90,17.2,-18.91,-71.34
-124,90,17.36,-20.106,-72.75
-124,90,17.52,-24.366,-76.9
-124,90,17.68,-18.232,-71.31
-124,90,17.84,-30.378,-83.29
-124,90,18,-27.89,-80.7
-123,90,2,-15.37,-37.16
-123,90,2.16,-16.888,-40.3
-123,90,2.32,-10.736,-36.39
-123,90,2.48,-7.834,-35.08
-123,90,2.64,-17.488,-46.2
-123,90,2.8,-13.16,-40.22
-123,90,2.96,-10.178,-38.49
-123,90,3.12,-9.576,-37.81
-123,90,3.28,-8.472,-38.49
-123,90,3.44,-19.072,-47.72
-123,90,3.6,-9.89,-37.34
-123,90,3.76,-13.104,-42.59
-123,90,3.92,-8.892,-36.44
-123,90,4.08,-6.192,-33.86
-123,90,4.24,-5.87599999999999,-34.9
-123,90,4.4,-2.14,-31.95
-123,90,4.56,-6.776,-36.59
-123,90,4.72,-5.38399999999999,-35.37
-123,90,4.88,-4.05,-34.18
-123,90,5.04,-1.79,-31.84
-123,90,5.2,-6.17,-37.59
-123,90,5.36,-8.53,-39.33
-123,90,5.52,-6.398,-36.68
-123,90,5.68,-6.5,-37.87
-123,90,5.84,-16.722,-48.17
-123,90,6,-12.91,-44.45
-123,90,6.16,-10.68,-42.72
-123,90,6.32,-12.118,-45.61
-123,90,6.48,-8.496,-42.58
-123,90,6.64,-7.40799999999999,-41.8
-123,90,6.8,-10,-43.5
-123,90,6.96,-8.11199999999999,-42.44
-123,90,7.12,-9.006,-43.6
-123,90,7.28,-9.272,-43.65
-123,90,7.44,-9.246,-43.58
-123,90,7.6,-9.53,-42.93
-123,90,7.76,-7.608,-42.83
-123,90,7.92,-8.702,-43.33
-123,90,8.08,-11.286,-46.09
-123,90,8.24,-13.382,-48.49
-123,90,8.4,-10.3,-45.68
-123,90,8.56,-10.162,-46.44
-123,90,8.72,-11.278,-48.58
-123,90,8.88,-9.338,-46.48
-123,90,9.04,-7.31400000000001,-45.1
-123,90,9.2,-8.56,-47.42
-123,90,9.36,-11.494,-49.56
-123,90,9.52,-9.402,-47.78
-123,90,9.68,-7.41,-46.3
-123,90,9.84,-9.46599999999999,-48.58
-123,90,10,-15.37,-54.44
-123,90,10.16,-15.168,-54.81
-123,90,10.32,-34.492,-74.12
-123,90,10.48,-16.228,-55.76
-123,90,10.64,-16.788,-56.8
-123,90,10.8,-19.33,-59.6
-123,90,10.96,-23.566,-63.55
-123,90,11.12,-17.956,-58.2
-123,90,11.28,-18.176,-58.62
-123,90,11.44,-20.172,-60.92
-123,90,11.6,-16.52,-57.39
-123,90,11.76,-19.284,-60.4
-123,90,11.92,-17.594,-58.72
-123,90,12.08,-20.75,-62.94
-123,90,12.24,-20.124,-62.38
-123,90,12.4,-23.56,-66.22
-123,90,12.56,-30.56,-74.63
-123,90,12.72,-25.474,-70.03
-123,90,12.88,-27.356,-72.56
-123,90,13.04,-23.758,-70.26
-123,90,13.2,-19.2,-65.98
-123,90,13.36,-20.064,-66.28
-123,90,13.52,-17.982,-63.99
-123,90,13.68,-14.55,-61.23
-123,90,13.84,-16.078,-63.56
-123,90,14,-13.26,-61.11
-123,90,14.16,-11.736,-59.96
-123,90,14.32,-27.786,-76.74
-123,90,14.48,-13.694,-65.52
-123,90,14.64,-17.184,-66.64
-123,90,14.8,-13.34,-61.35
-123,90,14.96,-14.572,-61.7
-123,90,15.12,-12.95,-59.38
-123,90,15.28,-12,-58.55
-123,90,15.44,-15.696,-62.01
-123,90,15.6,-18.57,-65.2
-123,90,15.76,-20.228,-67.42
-123,90,15.92,-26.982,-74.16
-123,90,16.08,-21.272,-68.73
-123,90,16.24,-31.254,-79.38
-123,90,16.4,-24.7,-74.51
-123,90,16.56,-28.398,-77.33
-123,90,16.72,-27.628,-77.11
-123,90,16.88,-26.824,-77.29
-123,90,17.04,-19.076,-70.33
-123,90,17.2,-21.24,-73.67
-123,90,17.36,-14.856,-67.5
-123,90,17.52,-18.396,-70.93
-123,90,17.68,-22.002,-75.08
-123,90,17.84,-20.128,-73.04
-123,90,18,-25.42,-78.23
-122,90,2,-17.12,-38.91
-122,90,2.16,-17.888,-41.3
-122,90,2.32,-10.016,-35.67
-122,90,2.48,-8.134,-35.38
-122,90,2.64,-17.148,-45.86
-122,90,2.8,-11.95,-39.01
-122,90,2.96,-8.588,-36.9
-122,90,3.12,-9.396,-37.63
-122,90,3.28,-8.622,-38.64
-122,90,3.44,-19.842,-48.49
-122,90,3.6,-10.15,-37.6
-122,90,3.76,-13.714,-43.2
-122,90,3.92,-10.142,-37.69
-122,90,4.08,-5.332,-33
-122,90,4.24,-6.116,-35.14
-122,90,4.4,-2.49,-32.3
-122,90,4.56,-6.656,-36.47
-122,90,4.72,-5.124,-35.11
-122,90,4.88,-3.56,-33.69
-122,90,5.04,-1.36,-31.41
-122,90,5.2,-7.01,-38.43
-122,90,5.36,-6.24,-37.04
-122,90,5.52,-4.868,-35.15
-122,90,5.68,-6.41,-37.78
-122,90,5.84,-14.972,-46.42
-122,90,6,-11.71,-43.25
-122,90,6.16,-10.39,-42.43
-122,90,6.32,-12.978,-46.47
-122,90,6.48,-8.366,-42.45
-122,90,6.64,-7.828,-42.22
-122,90,6.8,-11.37,-44.87
-122,90,6.96,-8.562,-42.89
-122,90,7.12,-10.266,-44.86
-122,90,7.28,-9.632,-44.01
-122,90,7.44,-9.066,-43.4
-122,90,7.6,-8.71,-42.11
-122,90,7.76,-8.078,-43.3
-122,90,7.92,-8.952,-43.58
-122,90,8.08,-10.216,-45.02
-122,90,8.24,-11.872,-46.98
-122,90,8.4,-9.79,-45.17
-122,90,8.56,-10.432,-46.71
-122,90,8.72,-11.158,-48.46
-122,90,8.88,-8.508,-45.65
-122,90,9.04,-8.07400000000001,-45.86
-122,90,9.2,-10.26,-49.12
-122,90,9.36,-10.184,-48.25
-122,90,9.52,-7.762,-46.14
-122,90,9.68,-7.21,-46.1
-122,90,9.84,-8.906,-48.02
-122,90,10,-14.25,-53.32
-122,90,10.16,-11.478,-51.12
-122,90,10.32,-17.752,-57.38
-122,90,10.48,-15.188,-54.72
-122,90,10.64,-17.448,-57.46
-122,90,10.8,-18.73,-59
-122,90,10.96,-22.636,-62.62
-122,90,11.12,-15.776,-56.02
-122,90,11.28,-17.756,-58.2
-122,90,11.44,-19.602,-60.35
-122,90,11.6,-19.02,-59.89
-122,90,11.76,-20.564,-61.68
-122,90,11.92,-19.644,-60.77
-122,90,12.08,-21.95,-64.14
-122,90,12.24,-21.364,-63.62
-122,90,12.4,-19.01,-61.67
-122,90,12.56,-18.74,-62.81
-122,90,12.72,-30.344,-74.9
-122,90,12.88,-28.196,-73.4
-122,90,13.04,-37.618,-84.12
-122,90,13.2,-19.27,-66.05
-122,90,13.36,-20.894,-67.11
-122,90,13.52,-22.702,-68.71
-122,90,13.68,-15.35,-62.03
-122,90,13.84,-17.828,-65.31
-122,90,14,-13.1,-60.95
-122,90,14.16,-10.206,-58.43
-122,90,14.32,-24.236,-73.19
-122,90,14.48,-11.894,-63.72
-122,90,14.64,-14.734,-64.19
-122,90,14.8,-14.91,-62.92
-122,90,14.96,-13.172,-60.3
-122,90,15.12,-12.38,-58.81
-122,90,15.28,-12.1,-58.65
-122,90,15.44,-15.606,-61.92
-122,90,15.6,-20.95,-67.58
-122,90,15.76,-24.458,-71.65
-122,90,15.92,-21.522,-68.7
-122,90,16.08,-21.472,-68.93
-122,90,16.24,-23.574,-71.7
-122,90,16.4,-30.04,-79.85
-122,90,16.56,-30.358,-79.29
-122,90,16.72,-33.598,-83.08
-122,90,16.88,-19.054,-69.52
-122,90,17.04,-15.656,-66.91
-122,90,17.2,-19.02,-71.45
-122,90,17.36,-22.476,-75.12
-122,90,17.52,-21.946,-74.48
-122,90,17.68,-26.652,-79.73
-122,90,17.84,-20.698,-73.61
-122,90,18,-22.8,-75.61
-121,90,2,-19.1,-40.89
-121,90,2.16,-18.588,-42
-121,90,2.32,-9.596,-35.25
-121,90,2.48,-8.704,-35.95
-121,90,2.64,-16.138,-44.85
-121,90,2.8,-11.06,-38.12
-121,90,2.96,-7.63800000000001,-35.95
-121,90,3.12,-9.436,-37.67
-121,90,3.28,-8.852,-38.87
-121,90,3.44,-20.212,-48.86
-121,90,3.6,-9.92,-37.37
-121,90,3.76,-13.234,-42.72
-121,90,3.92,-10.332,-37.88
-121,90,4.08,-4.822,-32.49
-121,90,4.24,-6.476,-35.5
-121,90,4.4,-3.04,-32.85
-121,90,4.56,-6.226,-36.04
-121,90,4.72,-5.13399999999999,-35.12
-121,90,4.88,-3.77999999999999,-33.91
-121,90,5.04,-1.55,-31.6
-121,90,5.2,-7.06,-38.48
-121,90,5.36,-4.62,-35.42
-121,90,5.52,-4.048,-34.33
-121,90,5.68,-6.83000000000001,-38.2
-121,90,5.84,-12.542,-43.99
-121,90,6,-10.33,-41.87
-121,90,6.16,-10.07,-42.11
-121,90,6.32,-13.198,-46.69
-121,90,6.48,-7.736,-41.82
-121,90,6.64,-7.76799999999999,-42.16
-121,90,6.8,-12.23,-45.73
-121,90,6.96,-9.062,-43.39
-121,90,7.12,-11.356,-45.95
-121,90,7.28,-10.862,-45.24
-121,90,7.44,-9.21599999999999,-43.55
-121,90,7.6,-8.86,-42.26
-121,90,7.76,-8.658,-43.88
-121,90,7.92,-9.872,-44.5
-121,90,8.08,-10.046,-44.85
-121,90,8.24,-10.722,-45.83
-121,90,8.4,-9.43,-44.81
-121,90,8.56,-11.622,-47.9
-121,90,8.72,-10.518,-47.82
-121,90,8.88,-8.158,-45.3
-121,90,9.04,-8.504,-46.29
-121,90,9.2,-11.09,-49.95
-121,90,9.36,-8.494,-46.56
-121,90,9.52,-6.712,-45.09
-121,90,9.68,-7.64,-46.53
-121,90,9.84,-10.116,-49.23
-121,90,10,-11.18,-50.25
-121,90,10.16,-9.38800000000001,-49.03
-121,90,10.32,-15.302,-54.93
-121,90,10.48,-15.658,-55.19
-121,90,10.64,-18.548,-58.56
-121,90,10.8,-16.97,-57.24
-121,90,10.96,-18.296,-58.28
-121,90,11.12,-13.986,-54.23
-121,90,11.28,-16.336,-56.78
-121,90,11.44,-19.432,-60.18
-121,90,11.6,-18.1,-58.97
-121,90,11.76,-17.354,-58.47
-121,90,11.92,-21.134,-62.26
-121,90,12.08,-21.63,-63.82
-121,90,12.24,-20.574,-62.83
-121,90,12.4,-16.4,-59.06
-121,90,12.56,-18.64,-62.71
-121,90,12.72,-27.234,-71.79
-121,90,12.88,-24.546,-69.75
-121,90,13.04,-34.018,-80.52
-121,90,13.2,-17.54,-64.32
-121,90,13.36,-20.574,-66.79
-121,90,13.52,-22.372,-68.38
-121,90,13.68,-19,-65.68
-121,90,13.84,-14.388,-61.87
-121,90,14,-14.34,-62.19
-121,90,14.16,-11.816,-60.04
-121,90,14.32,-14.316,-63.27
-121,90,14.48,-13.164,-64.99
-121,90,14.64,-11.684,-61.14
-121,90,14.8,-13.81,-61.82
-121,90,14.96,-14.742,-61.87
-121,90,15.12,-13.5,-59.93
-121,90,15.28,-12.76,-59.31
-121,90,15.44,-17.656,-63.97
-121,90,15.6,-17.69,-64.32
-121,90,15.76,-22.948,-70.14
-121,90,15.92,-20.042,-67.22
-121,90,16.08,-24.242,-71.7
-121,90,16.24,-30.344,-78.47
-121,90,16.4,-29.73,-79.54
-121,90,16.56,-18.608,-67.54
-121,90,16.72,-26.218,-75.7
-121,90,16.88,-21.774,-72.24
-121,90,17.04,-14.156,-65.41
-121,90,17.2,-23.79,-76.22
-121,90,17.36,-22.866,-75.51
-121,90,17.52,-18.006,-70.54
-121,90,17.68,-20.432,-73.51
-121,90,17.84,-22.698,-75.61
-121,90,18,-24.42,-77.23
-120,90,2,-21.08,-42.87
-120,90,2.16,-18.338,-41.75
-120,90,2.32,-9.386,-35.04
-120,90,2.48,-9.504,-36.75
-120,90,2.64,-15.118,-43.83
-120,90,2.8,-10.48,-37.54
-120,90,2.96,-6.838,-35.15
-120,90,3.12,-9.636,-37.87
-120,90,3.28,-9.222,-39.24
-120,90,3.44,-18.522,-47.17
-120,90,3.6,-9.8,-37.25
-120,90,3.76,-12.814,-42.3
-120,90,3.92,-9.872,-37.42
-120,90,4.08,-4.462,-32.13
-120,90,4.24,-7.05599999999999,-36.08
-120,90,4.4,-3.57,-33.38
-120,90,4.56,-5.486,-35.3
-120,90,4.72,-5.694,-35.68
-120,90,4.88,-4.25,-34.38
-120,90,5.04,-2.02999999999999,-32.08
-120,90,5.2,-6.03,-37.45
-120,90,5.36,-3.77,-34.57
-120,90,5.52,-3.928,-34.21
-120,90,5.68,-7.37,-38.74
-120,90,5.84,-10.052,-41.5
-120,90,6,-8.71,-40.25
-120,90,6.16,-9.21,-41.25
-120,90,6.32,-12.258,-45.75
-120,90,6.48,-6.876,-40.96
-120,90,6.64,-7.26799999999999,-41.66
-120,90,6.8,-12.44,-45.94
-120,90,6.96,-10.222,-44.55
-120,90,7.12,-12.596,-47.19
-120,90,7.28,-11.972,-46.35
-120,90,7.44,-10.186,-44.52
-120,90,7.6,-9.68,-43.08
-120,90,7.76,-9.678,-44.9
-120,90,7.92,-10.422,-45.05
-120,90,8.08,-9.35599999999999,-44.16
-120,90,8.24,-10.242,-45.35
-120,90,8.4,-9.25,-44.63
-120,90,8.56,-10.722,-47
-120,90,8.72,-10.698,-48
-120,90,8.88,-8.928,-46.07
-120,90,9.04,-9.13400000000001,-46.92
-120,90,9.2,-10.51,-49.37
-120,90,9.36,-7.724,-45.79
-120,90,9.52,-7.052,-45.43
-120,90,9.68,-9.14,-48.03
-120,90,9.84,-10.976,-50.09
-120,90,10,-9.92,-48.99
-120,90,10.16,-8.718,-48.36
-120,90,10.32,-14.102,-53.73
-120,90,10.48,-14.088,-53.62
-120,90,10.64,-16.308,-56.32
-120,90,10.8,-14.96,-55.23
-120,90,10.96,-17.326,-57.31
-120,90,11.12,-13.696,-53.94
-120,90,11.28,-16.836,-57.28
-120,90,11.44,-17.572,-58.32
-120,90,11.6,-15.35,-56.22
-120,90,11.76,-15.404,-56.52
-120,90,11.92,-21.564,-62.69
-120,90,12.08,-25.58,-67.77
-120,90,12.24,-22.254,-64.51
-120,90,12.4,-28.58,-71.24
-120,90,12.56,-32.38,-76.45
-120,90,12.72,-25.384,-69.94
-120,90,12.88,-21.206,-66.41
-120,90,13.04,-22.408,-68.91
-120,90,13.2,-17.95,-64.73
-120,90,13.36,-20.454,-66.67
-120,90,13.52,-23.962,-69.97
-120,90,13.68,-19.42,-66.1
-120,90,13.84,-14.578,-62.06
-120,90,14,-13.82,-61.67
-120,90,14.16,-15.796,-64.02
-120,90,14.32,-15.816,-64.77
-120,90,14.48,-14.204,-66.03
-120,90,14.64,-7.47400000000001,-56.93
-120,90,14.8,-13.96,-61.97
-120,90,14.96,-13.232,-60.36
-120,90,15.12,-12.9,-59.33
-120,90,15.28,-13.42,-59.97
-120,90,15.44,-15.986,-62.3
-120,90,15.6,-15.79,-62.42
-120,90,15.76,-22.848,-70.04
-120,90,15.92,-22.652,-69.83
-120,90,16.08,-34.802,-82.26
-120,90,16.24,-25.674,-73.8
-120,90,16.4,-33.23,-83.04
-120,90,16.56,-20.748,-69.68
-120,90,16.72,-19.248,-68.73
-120,90,16.88,-22.244,-72.71
-120,90,17.04,-19.906,-71.16
-120,90,17.2,-24.04,-76.47
-120,90,17.36,-30.606,-83.25
-120,90,17.52,-17.876,-70.41
-120,90,17.68,-17.512,-70.59
-120,90,17.84,-33.098,-86.01
-120,90,18,-16.34,-69.15
-119,90,2,-22.96,-44.75
-119,90,2.16,-18.328,-41.74
-119,90,2.32,-9.366,-35.02
-119,90,2.48,-10.324,-37.57
-119,90,2.64,-14.468,-43.18
-119,90,2.8,-10.06,-37.12
-119,90,2.96,-6.368,-34.68
-119,90,3.12,-10.156,-38.39
-119,90,3.28,-9.642,-39.66
-119,90,3.44,-15.902,-44.55
-119,90,3.6,-9.7,-37.15
-119,90,3.76,-12.114,-41.6
-119,90,3.92,-8.932,-36.48
-119,90,4.08,-4.422,-32.09
-119,90,4.24,-7.58599999999999,-36.61
-119,90,4.4,-3.93,-33.74
-119,90,4.56,-4.836,-34.65
-119,90,4.72,-6.59399999999999,-36.58
-119,90,4.88,-5.18,-35.31
-119,90,5.04,-2.59999999999999,-32.65
-119,90,5.2,-5.1,-36.52
-119,90,5.36,-3.43,-34.23
-119,90,5.52,-4.188,-34.47
-119,90,5.68,-7.66,-39.03
-119,90,5.84,-8.872,-40.32
-119,90,6,-7.23,-38.77
-119,90,6.16,-8.78,-40.82
-119,90,6.32,-10.938,-44.43
-119,90,6.48,-6.17599999999999,-40.26
-119,90,6.64,-6.828,-41.22
-119,90,6.8,-11.31,-44.81
-119,90,6.96,-10.612,-44.94
-119,90,7.12,-12.416,-47.01
-119,90,7.28,-12.962,-47.34
-119,90,7.44,-10.956,-45.29
-119,90,7.6,-10.27,-43.67
-119,90,7.76,-11.348,-46.57
-119,90,7.92,-11.402,-46.03
-119,90,8.08,-9.286,-44.09
-119,90,8.24,-10.442,-45.55
-119,90,8.4,-9.64,-45.02
-119,90,8.56,-10.662,-46.94
-119,90,8.72,-10.698,-48
-119,90,8.88,-10.138,-47.28
-119,90,9.04,-9.20400000000001,-46.99
-119,90,9.2,-9.75,-48.61
-119,90,9.36,-8.384,-46.45
-119,90,9.52,-8.662,-47.04
-119,90,9.68,-10.83,-49.72
-119,90,9.84,-12.246,-51.36
-119,90,10,-9.93,-49
-119,90,10.16,-9.938,-49.58
-119,90,10.32,-13.522,-53.15
-119,90,10.48,-13.788,-53.32
-119,90,10.64,-14.268,-54.28
-119,90,10.8,-16.23,-56.5
-119,90,10.96,-17.936,-57.92
-119,90,11.12,-14.196,-54.44
-119,90,11.28,-18.206,-58.65
-119,90,11.44,-16.542,-57.29
-119,90,11.6,-16.09,-56.96
-119,90,11.76,-13.644,-54.76
-119,90,11.92,-20.094,-61.22
-119,90,12.08,-29.57,-71.76
-119,90,12.24,-23.514,-65.77
-119,90,12.4,-41.24,-83.9
-119,90,12.56,-22.15,-66.22
-119,90,12.72,-23.944,-68.5
-119,90,12.88,-24.396,-69.6
-119,90,13.04,-18.398,-64.9
-119,90,13.2,-20.03,-66.81
-119,90,13.36,-20.654,-66.87
-119,90,13.52,-17.692,-63.7
-119,90,13.68,-19.54,-66.22
-119,90,13.84,-18.968,-66.45
-119,90,14,-13.59,-61.44
-119,90,14.16,-15.946,-64.17
-119,90,14.32,-14.126,-63.08
-119,90,14.48,-16.834,-68.66
-119,90,14.64,-10.874,-60.33
-119,90,14.8,-11.75,-59.76
-119,90,14.96,-11.552,-58.68
-119,90,15.12,-10.03,-56.46
-119,90,15.28,-13.27,-59.82
-119,90,15.44,-15.636,-61.95
-119,90,15.6,-15.44,-62.07
-119,90,15.76,-20.658,-67.85
-119,90,15.92,-35.532,-82.71
-119,90,16.08,-32.762,-80.22
-119,90,16.24,-22.624,-70.75
-119,90,16.4,-23.69,-73.5
-119,90,16.56,-21.428,-70.36
-119,90,16.72,-23.028,-72.51
-119,90,16.88,-23.434,-73.9
-119,90,17.04,-20.736,-71.99
-119,90,17.2,-23.23,-75.66
-119,90,17.36,-20.146,-72.79
-119,90,17.52,-18.276,-70.81
-119,90,17.68,-17.772,-70.85
-119,90,17.84,-26.098,-79.01
-119,90,18,-25.25,-78.06
-118,90,2,-25.54,-47.33
-118,90,2.16,-17.828,-41.24
-118,90,2.32,-9.466,-35.12
-118,90,2.48,-11.134,-38.38
-118,90,2.64,-13.718,-42.43
-118,90,2.8,-9.67,-36.73
-118,90,2.96,-6.27800000000001,-34.59
-118,90,3.12,-10.746,-38.98
-118,90,3.28,-10.342,-40.36
-118,90,3.44,-13.602,-42.25
-118,90,3.6,-9.6,-37.05
-118,90,3.76,-11.184,-40.67
-118,90,3.92,-7.822,-35.37
-118,90,4.08,-4.582,-32.25
-118,90,4.24,-7.976,-37
-118,90,4.4,-4.14,-33.95
-118,90,4.56,-4.206,-34.02
-118,90,4.72,-7.724,-37.71
-118,90,4.88,-6.11,-36.24
-118,90,5.04,-3.31999999999999,-33.37
-118,90,5.2,-4.6,-36.02
-118,90,5.36,-3.78,-34.58
-118,90,5.52,-4.788,-35.07
-118,90,5.68,-7.99,-39.36
-118,90,5.84,-8.452,-39.9
-118,90,6,-5.94,-37.48
-118,90,6.16,-8.25,-40.29
-118,90,6.32,-9.498,-42.99
-118,90,6.48,-5.53599999999999,-39.62
-118,90,6.64,-6.40799999999999,-40.8
-118,90,6.8,-9.74,-43.24
-118,90,6.96,-9.86199999999999,-44.19
-118,90,7.12,-11.446,-46.04
-118,90,7.28,-13.702,-48.08
-118,90,7.44,-11.506,-45.84
-118,90,7.6,-11.33,-44.73
-118,90,7.76,-12.418,-47.64
-118,90,7.92,-11.872,-46.5
-118,90,8.08,-9.556,-44.36
-118,90,8.24,-11.382,-46.49
-118,90,8.4,-10.37,-45.75
-118,90,8.56,-10.492,-46.77
-118,90,8.72,-11.108,-48.41
-118,90,8.88,-10.958,-48.1
-118,90,9.04,-9.56400000000001,-47.35
-118,90,9.2,-10.38,-49.24
-118,90,9.36,-10.644,-48.71
-118,90,9.52,-10.542,-48.92
-118,90,9.68,-11.64,-50.53
-118,90,9.84,-11.516,-50.63
-118,90,10,-11.91,-50.98
-118,90,10.16,-11.268,-50.91
-118,90,10.32,-14.192,-53.82
-118,90,10.48,-14.868,-54.4
-118,90,10.64,-15.288,-55.3
-118,90,10.8,-22.17,-62.44
-118,90,10.96,-19.936,-59.92
-118,90,11.12,-19.096,-59.34
-118,90,11.28,-21.906,-62.35
-118,90,11.44,-19.482,-60.23
-118,90,11.6,-18.96,-59.83
-118,90,11.76,-14.504,-55.62
-118,90,11.92,-22.234,-63.36
-118,90,12.08,-23.65,-65.84
-118,90,12.24,-23.994,-66.25
-118,90,12.4,-29.04,-71.7
-118,90,12.56,-23.26,-67.33
-118,90,12.72,-21.054,-65.61
-118,90,12.88,-20.626,-65.83
-118,90,13.04,-14.318,-60.82
-118,90,13.2,-20.27,-67.05
-118,90,13.36,-17.504,-63.72
-118,90,13.52,-18.262,-64.27
-118,90,13.68,-21.53,-68.21
-118,90,13.84,-22.888,-70.37
-118,90,14,-15.15,-63
-118,90,14.16,-14.716,-62.94
-118,90,14.32,-13.336,-62.29
-118,90,14.48,-26.224,-78.05
-118,90,14.64,-11.924,-61.38
-118,90,14.8,-12.34,-60.35
-118,90,14.96,-13.252,-60.38
-118,90,15.12,-12.21,-58.64
-118,90,15.28,-13.17,-59.72
-118,90,15.44,-11.826,-58.14
-118,90,15.6,-13.34,-59.97
-118,90,15.76,-17.468,-64.66
-118,90,15.92,-29.372,-76.55
-118,90,16.08,-25.012,-72.47
-118,90,16.24,-25.714,-73.84
-118,90,16.4,-23.55,-73.36
-118,90,16.56,-21.038,-69.97
-118,90,16.72,-23.828,-73.31
-118,90,16.88,-20.744,-71.21
-118,90,17.04,-17.566,-68.82
-118,90,17.2,-16.63,-69.06
-118,90,17.36,-20.276,-72.92
-118,90,17.52,-21.106,-73.64
-118,90,17.68,-18.242,-71.32
-118,90,17.84,-23.118,-76.03
-118,90,18,-20.28,-73.09
-117,90,2,-27.07,-48.86
-117,90,2.16,-17.278,-40.69
-117,90,2.32,-9.876,-35.53
-117,90,2.48,-11.874,-39.12
-117,90,2.64,-13.488,-42.2
-117,90,2.8,-9.68,-36.74
-117,90,2.96,-6.378,-34.69
-117,90,3.12,-11.546,-39.78
-117,90,3.28,-11.242,-41.26
-117,90,3.44,-11.622,-40.27
-117,90,3.6,-9.67,-37.12
-117,90,3.76,-10.014,-39.5
-117,90,3.92,-6.912,-34.46
-117,90,4.08,-4.872,-32.54
-117,90,4.24,-8.426,-37.45
-117,90,4.4,-4.24,-34.05
-117,90,4.56,-3.716,-33.53
-117,90,4.72,-9.144,-39.13
-117,90,4.88,-7.21,-37.34
-117,90,5.04,-3.84999999999999,-33.9
-117,90,5.2,-4.41,-35.83
-117,90,5.36,-4.64,-35.44
-117,90,5.52,-5.528,-35.81
-117,90,5.68,-8.22000000000001,-39.59
-117,90,5.84,-8.692,-40.14
-117,90,6,-5.41,-36.95
-117,90,6.16,-7.96,-40
-117,90,6.32,-8.55799999999999,-42.05
-117,90,6.48,-5.256,-39.34
-117,90,6.64,-6.01799999999999,-40.41
-117,90,6.8,-8.72,-42.22
-117,90,6.96,-8.442,-42.77
-117,90,7.12,-10.036,-44.63
-117,90,7.28,-12.472,-46.85
-117,90,7.44,-11.666,-46
-117,90,7.6,-11.78,-45.18
-117,90,7.76,-13.308,-48.53
-117,90,7.92,-12.032,-46.66
-117,90,8.08,-9.936,-44.74
-117,90,8.24,-12.182,-47.29
-117,90,8.4,-10.93,-46.31
-117,90,8.56,-10.642,-46.92
-117,90,8.72,-11.708,-49.01
-117,90,8.88,-13.128,-50.27
-117,90,9.04,-11.134,-48.92
-117,90,9.2,-11.07,-49.93
-117,90,9.36,-12.234,-50.3
-117,90,9.52,-12.222,-50.6
-117,90,9.68,-12.25,-51.14
-117,90,9.84,-13.326,-52.44
-117,90,10,-14.91,-53.98
-117,90,10.16,-13.968,-53.61
-117,90,10.32,-16.422,-56.05
-117,90,10.48,-20.838,-60.37
-117,90,10.64,-17.248,-57.26
-117,90,10.8,-19.23,-59.5
-117,90,10.96,-20.476,-60.46
-117,90,11.12,-28.616,-68.86
-117,90,11.28,-34.926,-75.37
-117,90,11.44,-32.112,-72.86
-117,90,11.6,-23.43,-64.3
-117,90,11.76,-17.334,-58.45
-117,90,11.92,-25.344,-66.47
-117,90,12.08,-31.93,-74.12
-117,90,12.24,-26.604,-68.86
-117,90,12.4,-29.83,-72.49
-117,90,12.56,-22.15,-66.22
-117,90,12.72,-25.134,-69.69
-117,90,12.88,-18.256,-63.46
-117,90,13.04,-12.698,-59.2
-117,90,13.2,-16.23,-63.01
-117,90,13.36,-15.904,-62.12
-117,90,13.52,-22.252,-68.26
-117,90,13.68,-20.63,-67.31
-117,90,13.84,-23.118,-70.6
-117,90,14,-20.22,-68.07
-117,90,14.16,-12.036,-60.26
-117,90,14.32,-18.096,-67.05
-117,90,14.48,-18.064,-69.89
-117,90,14.64,-13.174,-62.63
-117,90,14.8,-11.89,-59.9
-117,90,14.96,-15.062,-62.19
-117,90,15.12,-13.64,-60.07
-117,90,15.28,-13.4,-59.95
-117,90,15.44,-16.396,-62.71
-117,90,15.6,-15.16,-61.79
-117,90,15.76,-20.968,-68.16
-117,90,15.92,-37.042,-84.22
-117,90,16.08,-24.852,-72.31
-117,90,16.24,-21.534,-69.66
-117,90,16.4,-21.18,-70.99
-117,90,16.56,-25.638,-74.57
-117,90,16.72,-18.538,-68.02
-117,90,16.88,-19.574,-70.04
-117,90,17.04,-14.206,-65.46
-117,90,17.2,-19.42,-71.85
-117,90,17.36,-20.026,-72.67
-117,90,17.52,-21.726,-74.26
-117,90,17.68,-16.992,-70.07
-117,90,17.84,-22.118,-75.03
-117,90,18,-17.2,-70.01
-116,90,2,-27.85,-49.64
-116,90,2.16,-17.208,-40.62
-116,90,2.32,-10.506,-36.16
-116,90,2.48,-12.754,-40
-116,90,2.64,-13.798,-42.51
-116,90,2.8,-9.4,-36.46
-116,90,2.96,-6.658,-34.97
-116,90,3.12,-12.636,-40.87
-116,90,3.28,-12.042,-42.06
-116,90,3.44,-10.202,-38.85
-116,90,3.6,-9.9,-37.35
-116,90,3.76,-9.004,-38.49
-116,90,3.92,-6.122,-33.67
-116,90,4.08,-5.232,-32.9
-116,90,4.24,-8.59599999999999,-37.62
-116,90,4.4,-4.33,-34.14
-116,90,4.56,-3.306,-33.12
-116,90,4.72,-10.184,-40.17
-116,90,4.88,-8.48999999999999,-38.62
-116,90,5.04,-4.29,-34.34
-116,90,5.2,-4.95,-36.37
-116,90,5.36,-5.82,-36.62
-116,90,5.52,-6.668,-36.95
-116,90,5.68,-9.1,-40.47
-116,90,5.84,-8.862,-40.31
-116,90,6,-4.99,-36.53
-116,90,6.16,-7.98,-40.02
-116,90,6.32,-8.208,-41.7
-116,90,6.48,-5.186,-39.27
-116,90,6.64,-5.86799999999999,-40.26
-116,90,6.8,-7.54,-41.04
-116,90,6.96,-7.272,-41.6
-116,90,7.12,-9.316,-43.91
-116,90,7.28,-11.442,-45.82
-116,90,7.44,-10.526,-44.86
-116,90,7.6,-11.18,-44.58
-116,90,7.76,-12.938,-48.16
-116,90,7.92,-11.472,-46.1
-116,90,8.08,-10.376,-45.18
-116,90,8.24,-13.352,-48.46
-116,90,8.4,-13.06,-48.44
-116,90,8.56,-10.702,-46.98
-116,90,8.72,-12.128,-49.43
-116,90,8.88,-14.638,-51.78
-116,90,9.04,-13.094,-50.88
-116,90,9.2,-12.99,-51.85
-116,90,9.36,-13.444,-51.51
-116,90,9.52,-16.392,-54.77
-116,90,9.68,-12.78,-51.67
-116,90,9.84,-13.736,-52.85
-116,90,10,-18.34,-57.41
-116,90,10.16,-16.158,-55.8
-116,90,10.32,-24.052,-63.68
-116,90,10.48,-23.698,-63.23
-116,90,10.64,-19.478,-59.49
-116,90,10.8,-18.28,-58.55
-116,90,10.96,-26.996,-66.98
-116,90,11.12,-32.466,-72.71
-116,90,11.28,-24.476,-64.92
-116,90,11.44,-28.482,-69.23
-116,90,11.6,-30.22,-71.09
-116,90,11.76,-25.054,-66.17
-116,90,11.92,-24.914,-66.04
-116,90,12.08,-25.1,-67.29
-116,90,12.24,-27.734,-69.99
-116,90,12.4,-20.2,-62.86
-116,90,12.56,-16.79,-60.86
-116,90,12.72,-25.674,-70.23
-116,90,12.88,-15.006,-60.21
-116,90,13.04,-13.588,-60.09
-116,90,13.2,-15.94,-62.72
-116,90,13.36,-15.924,-62.14
-116,90,13.52,-18.862,-64.87
-116,90,13.68,-18.41,-65.09
-116,90,13.84,-19.178,-66.66
-116,90,14,-20.85,-68.7
-116,90,14.16,-16.656,-64.88
-116,90,14.32,-13.926,-62.88
-116,90,14.48,-13.464,-65.29
-116,90,14.64,-13.034,-62.49
-116,90,14.8,-12.08,-60.09
-116,90,14.96,-17.692,-64.82
-116,90,15.12,-15.24,-61.67
-116,90,15.28,-14.4,-60.95
-116,90,15.44,-20.896,-67.21
-116,90,15.6,-18.31,-64.94
-116,90,15.76,-27.438,-74.63
-116,90,15.92,-29.092,-76.27
-116,90,16.08,-23.792,-71.25
-116,90,16.24,-25.074,-73.2
-116,90,16.4,-29.32,-79.13
-116,90,16.56,-23.538,-72.47
-116,90,16.72,-30.508,-79.99
-116,90,16.88,-15.064,-65.53
-116,90,17.04,-13.786,-65.04
-116,90,17.2,-16.93,-69.36
-116,90,17.36,-20.546,-73.19
-116,90,17.52,-16.026,-68.56
-116,90,17.68,-23.122,-76.2
-116,90,17.84,-37.468,-90.38
-116,90,18,-20.86,-73.67
-115,90,2,-27.61,-49.4
-115,90,2.16,-17.068,-40.48
-115,90,2.32,-11.216,-36.87
-115,90,2.48,-13.274,-40.52
-115,90,2.64,-14.268,-42.98
-115,90,2.8,-9.49,-36.55
-115,90,2.96,-7.38800000000001,-35.7
-115,90,3.12,-13.676,-41.91
-115,90,3.28,-13.182,-43.2
-115,90,3.44,-9.162,-37.81
-115,90,3.6,-10.21,-37.66
-115,90,3.76,-8.484,-37.97
-115,90,3.92,-5.552,-33.1
-115,90,4.08,-5.762,-33.43
-115,90,4.24,-8.436,-37.46
-115,90,4.4,-4.54,-34.35
-115,90,4.56,-3.326,-33.14
-115,90,4.72,-10.974,-40.96
-115,90,4.88,-9.45,-39.58
-115,90,5.04,-4.97,-35.02
-115,90,5.2,-6.07,-37.49
-115,90,5.36,-7.33000000000001,-38.13
-115,90,5.52,-7.818,-38.1
-115,90,5.68,-10.53,-41.9
-115,90,5.84,-8.622,-40.07
-115,90,6,-5.25,-36.79
-115,90,6.16,-8.12,-40.16
-115,90,6.32,-8.26799999999999,-41.76
-115,90,6.48,-5.316,-39.4
-115,90,6.64,-5.698,-40.09
-115,90,6.8,-6.61,-40.11
-115,90,6.96,-6.632,-40.96
-115,90,7.12,-9.386,-43.98
-115,90,7.28,-10.842,-45.22
-115,90,7.44,-9.796,-44.13
-115,90,7.6,-10.99,-44.39
-115,90,7.76,-12.948,-48.17
-115,90,7.92,-10.542,-45.17
-115,90,8.08,-10.336,-45.14
-115,90,8.24,-13.712,-48.82
-115,90,8.4,-15.72,-51.1
-115,90,8.56,-11.642,-47.92
-115,90,8.72,-12.808,-50.11
-115,90,8.88,-16.998,-54.14
-115,90,9.04,-18.134,-55.92
-115,90,9.2,-15.53,-54.39
-115,90,9.36,-14.084,-52.15
-115,90,9.52,-16.472,-54.85
-115,90,9.68,-14.86,-53.75
-115,90,9.84,-14.656,-53.77
-115,90,10,-18.11,-57.18
-115,90,10.16,-17.928,-57.57
-115,90,10.32,-30.772,-70.4
-115,90,10.48,-26.458,-65.99
-115,90,10.64,-21.828,-61.84
-115,90,10.8,-20.65,-60.92
-115,90,10.96,-25.976,-65.96
-115,90,11.12,-27.726,-67.97
-115,90,11.28,-27.136,-67.58
-115,90,11.44,-19.812,-60.56
-115,90,11.6,-21.31,-62.18
-115,90,11.76,-30.504,-71.62
-115,90,11.92,-23.964,-65.09
-115,90,12.08,-28.16,-70.35
-115,90,12.24,-18.664,-60.92
-115,90,12.4,-17.11,-59.77
-115,90,12.56,-15.19,-59.26
-115,90,12.72,-22.744,-67.3
-115,90,12.88,-21.776,-66.98
-115,90,13.04,-14.648,-61.15
-115,90,13.2,-14.92,-61.7
-115,90,13.36,-17.424,-63.64
-115,90,13.52,-16.752,-62.76
-115,90,13.68,-15.94,-62.62
-115,90,13.84,-25.588,-73.07
-115,90,14,-23.56,-71.41
-115,90,14.16,-16.036,-64.26
-115,90,14.32,-21.566,-70.52
-115,90,14.48,-13.264,-65.09
-115,90,14.64,-13.464,-62.92
-115,90,14.8,-14.85,-62.86
-115,90,14.96,-17.082,-64.21
-115,90,15.12,-13.8,-60.23
-115,90,15.28,-13.16,-59.71
-115,90,15.44,-16.096,-62.41
-115,90,15.6,-19.15,-65.78
-115,90,15.76,-21.268,-68.46
-115,90,15.92,-31.242,-78.42
-115,90,16.08,-26.912,-74.37
-115,90,16.24,-25.764,-73.89
-115,90,16.4,-21.93,-71.74
-115,90,16.56,-25.288,-74.22
-115,90,16.72,-35.838,-85.32
-115,90,16.88,-15.484,-65.95
-115,90,17.04,-15.246,-66.5
-115,90,17.2,-15.32,-67.75
-115,90,17.36,-17.916,-70.56
-115,90,17.52,-15.056,-67.59
-115,90,17.68,-19.232,-72.31
-115,90,17.84,-28.828,-81.74
-115,90,18,-19,-71.81
-114,90,2,-26.36,-48.15
-114,90,2.16,-17.138,-40.55
-114,90,2.32,-12.076,-37.73
-114,90,2.48,-13.814,-41.06
-114,90,2.64,-15.258,-43.97
-114,90,2.8,-9.58,-36.64
-114,90,2.96,-8.318,-36.63
-114,90,3.12,-15.166,-43.4
-114,90,3.28,-14.802,-44.82
-114,90,3.44,-8.752,-37.4
-114,90,3.6,-10.4,-37.85
-114,90,3.76,-8.054,-37.54
-114,90,3.92,-5.322,-32.87
-114,90,4.08,-6.182,-33.85
-114,90,4.24,-8.496,-37.52
-114,90,4.4,-4.71,-34.52
-114,90,4.56,-3.366,-33.18
-114,90,4.72,-11.504,-41.49
-114,90,4.88,-9.66999999999999,-39.8
-114,90,5.04,-5.88,-35.93
-114,90,5.2,-7.23999999999999,-38.66
-114,90,5.36,-9.40000000000001,-40.2
-114,90,5.52,-9.298,-39.58
-114,90,5.68,-12.45,-43.82
-114,90,5.84,-8.632,-40.08
-114,90,6,-6.25,-37.79
-114,90,6.16,-8.86,-40.9
-114,90,6.32,-8.648,-42.14
-114,90,6.48,-5.706,-39.79
-114,90,6.64,-5.998,-40.39
-114,90,6.8,-6.32,-39.82
-114,90,6.96,-6.162,-40.49
-114,90,7.12,-8.946,-43.54
-114,90,7.28,-10.102,-44.48
-114,90,7.44,-9.006,-43.34
-114,90,7.6,-10.84,-44.24
-114,90,7.76,-12.248,-47.47
-114,90,7.92,-9.372,-44
-114,90,8.08,-10.236,-45.04
-114,90,8.24,-13.502,-48.61
-114,90,8.4,-17.72,-53.1
-114,90,8.56,-12.182,-48.46
-114,90,8.72,-13.438,-50.74
-114,90,8.88,-20.198,-57.34
-114,90,9.04,-24.254,-62.04
-114,90,9.2,-20.32,-59.18
-114,90,9.36,-14.664,-52.73
-114,90,9.52,-17.682,-56.06
-114,90,9.68,-16.33,-55.22
-114,90,9.84,-15.096,-54.21
-114,90,10,-16.18,-55.25
-114,90,10.16,-19.628,-59.27
-114,90,10.32,-28.632,-68.26
-114,90,10.48,-28.418,-67.95
-114,90,10.64,-35.558,-75.57
-114,90,10.8,-22.06,-62.33
-114,90,10.96,-23.916,-63.9
-114,90,11.12,-29.446,-69.69
-114,90,11.28,-26.756,-67.2
-114,90,11.44,-16.522,-57.27
-114,90,11.6,-20.49,-61.36
-114,90,11.76,-29.474,-70.59
-114,90,11.92,-28.354,-69.48
-114,90,12.08,-20.04,-62.23
-114,90,12.24,-20.294,-62.55
-114,90,12.4,-16.09,-58.75
-114,90,12.56,-15.59,-59.66
-114,90,12.72,-21.484,-66.04
-114,90,12.88,-16.966,-62.17
-114,90,13.04,-16.028,-62.53
-114,90,13.2,-14.93,-61.71
-114,90,13.36,-19.704,-65.92
-114,90,13.52,-22.562,-68.57
-114,90,13.68,-18.24,-64.92
-114,90,13.84,-22.778,-70.26
-114,90,14,-25.11,-72.96
-114,90,14.16,-16.096,-64.32
-114,90,14.32,-18.496,-67.45
-114,90,14.48,-14.474,-66.3
-114,90,14.64,-15.084,-64.54
-114,90,14.8,-15.36,-63.37
-114,90,14.96,-15.382,-62.51
-114,90,15.12,-16.04,-62.47
-114,90,15.28,-14.72,-61.27
-114,90,15.44,-14.506,-60.82
-114,90,15.6,-20,-66.63
-114,90,15.76,-19.378,-66.57
-114,90,15.92,-28.712,-75.89
-114,90,16.08,-28.652,-76.11
-114,90,16.24,-25.094,-73.22
-114,90,16.4,-20.71,-70.52
-114,90,16.56,-23.838,-72.77
-114,90,16.72,-28.568,-78.05
-114,90,16.88,-21.504,-71.97
-114,90,17.04,-17.746,-69
-114,90,17.2,-25.62,-78.05
-114,90,17.36,-15.686,-68.33
-114,90,17.52,-16.126,-68.66
-114,90,17.68,-19.562,-72.64
-114,90,17.84,-19.878,-72.79
-114,90,18,-15.84,-68.65
-113,90,2,-25.42,-47.21
-113,90,2.16,-17.438,-40.85
-113,90,2.32,-13.106,-38.76
-113,90,2.48,-14.504,-41.75
-113,90,2.64,-16.658,-45.37
-113,90,2.8,-10.03,-37.09
-113,90,2.96,-9.538,-37.85
-113,90,3.12,-16.786,-45.02
-113,90,3.28,-16.542,-46.56
-113,90,3.44,-8.622,-37.27
-113,90,3.6,-10.75,-38.2
-113,90,3.76,-8.364,-37.85
-113,90,3.92,-5.512,-33.06
-113,90,4.08,-6.492,-34.16
-113,90,4.24,-8.436,-37.46
-113,90,4.4,-4.99,-34.8
-113,90,4.56,-3.466,-33.28
-113,90,4.72,-11.474,-41.46
-113,90,4.88,-9.68,-39.81
-113,90,5.04,-6.91,-36.96
-113,90,5.2,-8.73,-40.15
-113,90,5.36,-11.66,-42.46
-113,90,5.52,-10.918,-41.2
-113,90,5.68,-13.62,-44.99
-113,90,5.84,-8.982,-40.43
-113,90,6,-7.78,-39.32
-113,90,6.16,-9.77,-41.81
-113,90,6.32,-9.23799999999999,-42.73
-113,90,6.48,-6.39599999999999,-40.48
-113,90,6.64,-6.198,-40.59
-113,90,6.8,-6.53,-40.03
-113,90,6.96,-6.492,-40.82
-113,90,7.12,-8.756,-43.35
-113,90,7.28,-9.982,-44.36
-113,90,7.44,-9.266,-43.6
-113,90,7.6,-10.89,-44.29
-113,90,7.76,-11.448,-46.67
-113,90,7.92,-9.322,-43.95
-113,90,8.08,-10.686,-45.49
-113,90,8.24,-13.062,-48.17
-113,90,8.4,-17.37,-52.75
-113,90,8.56,-12.682,-48.96
-113,90,8.72,-14.088,-51.39
-113,90,8.88,-29.668,-66.81
-113,90,9.04,-24.974,-62.76
-113,90,9.2,-27.87,-66.73
-113,90,9.36,-15.414,-53.48
-113,90,9.52,-18.022,-56.4
-113,90,9.68,-17.97,-56.86
-113,90,9.84,-16.036,-55.15
-113,90,10,-16.77,-55.84
-113,90,10.16,-17.778,-57.42
-113,90,10.32,-31.542,-71.17
-113,90,10.48,-25.398,-64.93
-113,90,10.64,-24.128,-64.14
-113,90,10.8,-17.22,-57.49
-113,90,10.96,-24.526,-64.51
-113,90,11.12,-34.376,-74.62
-113,90,11.28,-20.786,-61.23
-113,90,11.44,-16.782,-57.53
-113,90,11.6,-20.26,-61.13
-113,90,11.76,-24.244,-65.36
-113,90,11.92,-20.294,-61.42
-113,90,12.08,-22.43,-64.62
-113,90,12.24,-19.874,-62.13
-113,90,12.4,-17.98,-60.64
-113,90,12.56,-17.45,-61.52
-113,90,12.72,-19.304,-63.86
-113,90,12.88,-19.266,-64.47
-113,90,13.04,-17.428,-63.93
-113,90,13.2,-15.62,-62.4
-113,90,13.36,-24.444,-70.66
-113,90,13.52,-23.792,-69.8
-113,90,13.68,-18.52,-65.2
-113,90,13.84,-24.778,-72.26
-113,90,14,-21.67,-69.52
-113,90,14.16,-17.766,-65.99
-113,90,14.32,-23.396,-72.35
-113,90,14.48,-17.644,-69.47
-113,90,14.64,-13.664,-63.12
-113,90,14.8,-18.22,-66.23
-113,90,14.96,-17.372,-64.5
-113,90,15.12,-16.28,-62.71
-113,90,15.28,-14.91,-61.46
-113,90,15.44,-15.146,-61.46
-113,90,15.6,-16.81,-63.44
-113,90,15.76,-21.808,-69
-113,90,15.92,-19.082,-66.26
-113,90,16.08,-22.542,-70
-113,90,16.24,-28.134,-76.26
-113,90,16.4,-13.9,-63.71
-113,90,16.56,-22.598,-71.53
-113,90,16.72,-22.248,-71.73
-113,90,16.88,-27.254,-77.72
-113,90,17.04,-15.936,-67.19
-113,90,17.2,-22.81,-75.24
-113,90,17.36,-25.366,-78.01
-113,90,17.52,-17.776,-70.31
-113,90,17.68,-20.822,-73.9
-113,90,17.84,-21.068,-73.98
-113,90,18,-23.42,-76.23
-112,90,2,-24.04,-45.83
-112,90,2.16,-18.178,-41.59
-112,90,2.32,-14.266,-39.92
-112,90,2.48,-15.574,-42.82
-112,90,2.64,-18.518,-47.23
-112,90,2.8,-10.66,-37.72
-112,90,2.96,-11.028,-39.34
-112,90,3.12,-18.766,-47
-112,90,3.28,-18.852,-48.87
-112,90,3.44,-9.012,-37.66
-112,90,3.6,-11.4,-38.85
-112,90,3.76,-8.624,-38.11
-112,90,3.92,-5.772,-33.32
-112,90,4.08,-6.882,-34.55
-112,90,4.24,-8.48599999999999,-37.51
-112,90,4.4,-5.54,-35.35
-112,90,4.56,-3.806,-33.62
-112,90,4.72,-11.624,-41.61
-112,90,4.88,-9.59999999999999,-39.73
-112,90,5.04,-7.95999999999999,-38.01
-112,90,5.2,-10.21,-41.63
-112,90,5.36,-14.28,-45.08
-112,90,5.52,-12.588,-42.87
-112,90,5.68,-14.24,-45.61
-112,90,5.84,-10.252,-41.7
-112,90,6,-10.11,-41.65
-112,90,6.16,-10.62,-42.66
-112,90,6.32,-10.108,-43.6
-112,90,6.48,-7.296,-41.38
-112,90,6.64,-7.04799999999999,-41.44
-112,90,6.8,-7.36,-40.86
-112,90,6.96,-6.79199999999999,-41.12
-112,90,7.12,-8.996,-43.59
-112,90,7.28,-10.122,-44.5
-112,90,7.44,-9.586,-43.92
-112,90,7.6,-11.35,-44.75
-112,90,7.76,-11.618,-46.84
-112,90,7.92,-9.572,-44.2
-112,90,8.08,-10.746,-45.55
-112,90,8.24,-12.702,-47.81
-112,90,8.4,-17.33,-52.71
-112,90,8.56,-11.952,-48.23
-112,90,8.72,-14.568,-51.87
-112,90,8.88,-31.298,-68.44
-112,90,9.04,-20.934,-58.72
-112,90,9.2,-24.17,-63.03
-112,90,9.36,-15.784,-53.85
-112,90,9.52,-17.012,-55.39
-112,90,9.68,-16.5,-55.39
-112,90,9.84,-14.816,-53.93
-112,90,10,-15.48,-54.55
-112,90,10.16,-15.408,-55.05
-112,90,10.32,-24.362,-63.99
-112,90,10.48,-24.198,-63.73
-112,90,10.64,-17.948,-57.96
-112,90,10.8,-18.65,-58.92
-112,90,10.96,-26.506,-66.49
-112,90,11.12,-32.916,-73.16
-112,90,11.28,-23.486,-63.93
-112,90,11.44,-15.782,-56.53
-112,90,11.6,-21.63,-62.5
-112,90,11.76,-18.714,-59.83
-112,90,11.92,-17.384,-58.51
-112,90,12.08,-18.18,-60.37
-112,90,12.24,-22.444,-64.7
-112,90,12.4,-19.88,-62.54
-112,90,12.56,-14.75,-58.82
-112,90,12.72,-19.274,-63.83
-112,90,12.88,-20.736,-65.94
-112,90,13.04,-17.588,-64.09
-112,90,13.2,-22.36,-69.14
-112,90,13.36,-22.264,-68.48
-112,90,13.52,-24.452,-70.46
-112,90,13.68,-21.54,-68.22
-112,90,13.84,-24.158,-71.64
-112,90,14,-17.57,-65.42
-112,90,14.16,-18.316,-66.54
-112,90,14.32,-19.116,-68.07
-112,90,14.48,-17.054,-68.88
-112,90,14.64,-14.904,-64.36
-112,90,14.8,-19.89,-67.9
-112,90,14.96,-16.482,-63.61
-112,90,15.12,-18.8,-65.23
-112,90,15.28,-17.26,-63.81
-112,90,15.44,-16.976,-63.29
-112,90,15.6,-16.93,-63.56
-112,90,15.76,-23.598,-70.79
-112,90,15.92,-21.332,-68.51
-112,90,16.08,-22.692,-70.15
-112,90,16.24,-21.634,-69.76
-112,90,16.4,-20.5,-70.31
-112,90,16.56,-23.308,-72.24
-112,90,16.72,-23.528,-73.01
-112,90,16.88,-15.594,-66.06
-112,90,17.04,-20.746,-72
-112,90,17.2,-29.93,-82.36
-112,90,17.36,-18.446,-71.09
-112,90,17.52,-20.696,-73.23
-112,90,17.68,-20.482,-73.56
-112,90,17.84,-23.908,-76.82
-112,90,18,-17.34,-70.15
-111,90,2,-22.36,-44.15
-111,90,2.16,-19.868,-43.28
-111,90,2.32,-15.106,-40.76
-111,90,2.48,-16.604,-43.85
-111,90,2.64,-20.838,-49.55
-111,90,2.8,-11.73,-38.79
-111,90,2.96,-12.678,-40.99
-111,90,3.12,-20.886,-49.12
-111,90,3.28,-21.742,-51.76
-111,90,3.44,-9.832,-38.48
-111,90,3.6,-11.96,-39.41
-111,90,3.76,-9.654,-39.14
-111,90,3.92,-6.462,-34.01
-111,90,4.08,-7.212,-34.88
-111,90,4.24,-8.796,-37.82
-111,90,4.4,-6.23,-36.04
-111,90,4.56,-4.166,-33.98
-111,90,4.72,-11.694,-41.68
-111,90,4.88,-9.21,-39.34
-111,90,5.04,-9.02999999999999,-39.08
-111,90,5.2,-11.51,-42.93
-111,90,5.36,-16.37,-47.17
-111,90,5.52,-14.058,-44.34
-111,90,5.68,-14.77,-46.14
-111,90,5.84,-12.622,-44.07
-111,90,6,-12.85,-44.39
-111,90,6.16,-11.32,-43.36
-111,90,6.32,-11.098,-44.59
-111,90,6.48,-8.526,-42.61
-111,90,6.64,-7.938,-42.33
-111,90,6.8,-8.8,-42.3
-111,90,6.96,-7.492,-41.82
-111,90,7.12,-9.116,-43.71
-111,90,7.28,-10.202,-44.58
-111,90,7.44,-10.816,-45.15
-111,90,7.6,-12.3,-45.7
-111,90,7.76,-12.988,-48.21
-111,90,7.92,-10.772,-45.4
-111,90,8.08,-11.196,-46
-111,90,8.24,-12.912,-48.02
-111,90,8.4,-15.15,-50.53
-111,90,8.56,-11.732,-48.01
-111,90,8.72,-13.168,-50.47
-111,90,8.88,-22.988,-60.13
-111,90,9.04,-17.674,-55.46
-111,90,9.2,-19.43,-58.29
-111,90,9.36,-15.034,-53.1
-111,90,9.52,-17.022,-55.4
-111,90,9.68,-14.42,-53.31
-111,90,9.84,-12.286,-51.4
-111,90,10,-13.29,-52.36
-111,90,10.16,-12.538,-52.18
-111,90,10.32,-16.372,-56
-111,90,10.48,-20.058,-59.59
-111,90,10.64,-16.498,-56.51
-111,90,10.8,-17.85,-58.12
-111,90,10.96,-33.606,-73.59
-111,90,11.12,-28.536,-68.78
-111,90,11.28,-20.296,-60.74
-111,90,11.44,-18.172,-58.92
-111,90,11.6,-23.1,-63.97
-111,90,11.76,-17.234,-58.35
-111,90,11.92,-13.704,-54.83
-111,90,12.08,-18.36,-60.55
-111,90,12.24,-22.244,-64.5
-111,90,12.4,-18.89,-61.55
-111,90,12.56,-15.29,-59.36
-111,90,12.72,-20.644,-65.2
-111,90,12.88,-23.736,-68.94
-111,90,13.04,-20.458,-66.96
-111,90,13.2,-18.27,-65.05
-111,90,13.36,-22.644,-68.86
-111,90,13.52,-25.322,-71.33
-111,90,13.68,-34.99,-81.67
-111,90,13.84,-23.958,-71.44
-111,90,14,-24.35,-72.2
-111,90,14.16,-18.876,-67.1
-111,90,14.32,-15.696,-64.65
-111,90,14.48,-18.134,-69.96
-111,90,14.64,-13.284,-62.74
-111,90,14.8,-14.91,-62.92
-111,90,14.96,-14.502,-61.63
-111,90,15.12,-16.29,-62.72
-111,90,15.28,-22.84,-69.39
-111,90,15.44,-20.286,-66.6
-111,90,15.6,-23.87,-70.5
-111,90,15.76,-25.798,-72.99
-111,90,15.92,-18.552,-65.73
-111,90,16.08,-18.892,-66.35
-111,90,16.24,-25.424,-73.55
-111,90,16.4,-20.83,-70.64
-111,90,16.56,-22.298,-71.23
-111,90,16.72,-20.858,-70.34
-111,90,16.88,-24.674,-75.14
-111,90,17.04,-23.796,-75.05
-111,90,17.2,-18.45,-70.88
-111,90,17.36,-19.966,-72.61
-111,90,17.52,-14.756,-67.29
-111,90,17.68,-27.832,-80.91
-111,90,17.84,-19.678,-72.59
-111,90,18,-27.34,-80.15
-110,90,2,-21.19,-42.98
-110,90,2.16,-21.268,-44.68
-110,90,2.32,-15.686,-41.34
-110,90,2.48,-18.314,-45.56
-110,90,2.64,-22.198,-50.91
-110,90,2.8,-12.97,-40.03
-110,90,2.96,-15.328,-43.64
-110,90,3.12,-22.056,-50.29
-110,90,3.28,-25.152,-55.17
-110,90,3.44,-11.172,-39.82
-110,90,3.6,-13.21,-40.66
-110,90,3.76,-11.004,-40.49
-110,90,3.92,-7.132,-34.68
-110,90,4.08,-7.722,-35.39
-110,90,4.24,-9.45599999999999,-38.48
-110,90,4.4,-7.07,-36.88
-110,90,4.56,-4.756,-34.57
-110,90,4.72,-11.874,-41.86
-110,90,4.88,-9.22,-39.35
-110,90,5.04,-9.77999999999999,-39.83
-110,90,5.2,-12.68,-44.1
-110,90,5.36,-18.23,-49.03
-110,90,5.52,-15.318,-45.6
-110,90,5.68,-14.59,-45.96
-110,90,5.84,-16.012,-47.46
-110,90,6,-16.09,-47.63
-110,90,6.16,-12.2,-44.24
-110,90,6.32,-11.718,-45.21
-110,90,6.48,-10.146,-44.23
-110,90,6.64,-9.348,-43.74
-110,90,6.8,-10.43,-43.93
-110,90,6.96,-8.452,-42.78
-110,90,7.12,-10.186,-44.78
-110,90,7.28,-11.912,-46.29
-110,90,7.44,-12.516,-46.85
-110,90,7.6,-13.29,-46.69
-110,90,7.76,-14.828,-50.05
-110,90,7.92,-12.232,-46.86
-110,90,8.08,-12.636,-47.44
-110,90,8.24,-13.302,-48.41
-110,90,8.4,-13.5,-48.88
-110,90,8.56,-11.962,-48.24
-110,90,8.72,-14.158,-51.46
-110,90,8.88,-19.678,-56.82
-110,90,9.04,-17.494,-55.28
-110,90,9.2,-19.99,-58.85
-110,90,9.36,-16.074,-54.14
-110,90,9.52,-14.502,-52.88
-110,90,9.68,-12.03,-50.92
-110,90,9.84,-11.216,-50.33
-110,90,10,-11.56,-50.63
-110,90,10.16,-10.578,-50.22
-110,90,10.32,-12.182,-51.81
-110,90,10.48,-20.408,-59.94
-110,90,10.64,-13.408,-53.42
-110,90,10.8,-17.5,-57.77
-110,90,10.96,-28.686,-68.67
-110,90,11.12,-21.536,-61.78
-110,90,11.28,-15.416,-55.86
-110,90,11.44,-16.492,-57.24
-110,90,11.6,-20.72,-61.59
-110,90,11.76,-12.624,-53.74
-110,90,11.92,-11.534,-52.66
-110,90,12.08,-12.74,-54.93
-110,90,12.24,-20.314,-62.57
-110,90,12.4,-16.05,-58.71
-110,90,12.56,-16.41,-60.48
-110,90,12.72,-18.454,-63.01
-110,90,12.88,-22.306,-67.51
-110,90,13.04,-19.478,-65.98
-110,90,13.2,-22.1,-68.88
-110,90,13.36,-23.374,-69.59
-110,90,13.52,-28.372,-74.38
-110,90,13.68,-25.14,-71.82
-110,90,13.84,-28.988,-76.47
-110,90,14,-28.78,-76.63
-110,90,14.16,-21.566,-69.79
-110,90,14.32,-23.976,-72.93
-110,90,14.48,-25.514,-77.34
-110,90,14.64,-12.424,-61.88
-110,90,14.8,-20.02,-68.03
-110,90,14.96,-17.732,-64.86
-110,90,15.12,-17.04,-63.47
-110,90,15.28,-17.41,-63.96
-110,90,15.44,-16.486,-62.8
-110,90,15.6,-24.3,-70.93
-110,90,15.76,-21.448,-68.64
-110,90,15.92,-18.932,-66.11
-110,90,16.08,-25.092,-72.55
-110,90,16.24,-29.094,-77.22
-110,90,16.4,-23.57,-73.38
-110,90,16.56,-21.008,-69.94
-110,90,16.72,-23.028,-72.51
-110,90,16.88,-21.514,-71.98
-110,90,17.04,-28.146,-79.4
-110,90,17.2,-21.33,-73.76
-110,90,17.36,-22.056,-74.7
-110,90,17.52,-24.456,-76.99
-110,90,17.68,-18.772,-71.85
-110,90,17.84,-26.718,-79.63
-110,90,18,-22.66,-75.47
-109,90,2,-19.92,-41.71
-109,90,2.16,-23.308,-46.72
-109,90,2.32,-15.536,-41.19
-109,90,2.48,-21.184,-48.43
-109,90,2.64,-22.548,-51.26
-109,90,2.8,-14.93,-41.99
-109,90,2.96,-18.048,-46.36
-109,90,3.12,-21.836,-50.07
-109,90,3.28,-23.922,-53.94
-109,90,3.44,-13.402,-42.05
-109,90,3.6,-14.75,-42.2
-109,90,3.76,-13.224,-42.71
-109,90,3.92,-7.752,-35.3
-109,90,4.08,-8.542,-36.21
-109,90,4.24,-10.226,-39.25
-109,90,4.4,-8.07,-37.88
-109,90,4.56,-5.516,-35.33
-109,90,4.72,-12.164,-42.15
-109,90,4.88,-9.52999999999999,-39.66
-109,90,5.04,-10.27,-40.32
-109,90,5.2,-13.94,-45.36
-109,90,5.36,-18.84,-49.64
-109,90,5.52,-15.778,-46.06
-109,90,5.68,-13.91,-45.28
-109,90,5.84,-21.272,-52.72
-109,90,6,-19.95,-51.49
-109,90,6.16,-12.94,-44.98
-109,90,6.32,-12.678,-46.17
-109,90,6.48,-12.016,-46.1
-109,90,6.64,-10.888,-45.28
-109,90,6.8,-12.76,-46.26
-109,90,6.96,-9.342,-43.67
-109,90,7.12,-11.496,-46.09
-109,90,7.28,-12.492,-46.87
-109,90,7.44,-14.396,-48.73
-109,90,7.6,-14.86,-48.26
-109,90,7.76,-16.978,-52.2
-109,90,7.92,-14.392,-49.02
-109,90,8.08,-14.336,-49.14
-109,90,8.24,-13.732,-48.84
-109,90,8.4,-13.17,-48.55
-109,90,8.56,-12.172,-48.45
-109,90,8.72,-13.968,-51.27
-109,90,8.88,-18.628,-55.77
-109,90,9.04,-19.294,-57.08
-109,90,9.2,-20.92,-59.78
-109,90,9.36,-15.204,-53.27
-109,90,9.52,-13.692,-52.07
-109,90,9.68,-11.66,-50.55
-109,90,9.84,-10.166,-49.28
-109,90,10,-9.46,-48.53
-109,90,10.16,-9.508,-49.15
-109,90,10.32,-11.742,-51.37
-109,90,10.48,-17.508,-57.04
-109,90,10.64,-12.698,-52.71
-109,90,10.8,-16.42,-56.69
-109,90,10.96,-19.476,-59.46
-109,90,11.12,-18.606,-58.85
-109,90,11.28,-13.806,-54.25
-109,90,11.44,-16.322,-57.07
-109,90,11.6,-22.99,-63.86
-109,90,11.76,-11.744,-52.86
-109,90,11.92,-10.214,-51.34
-109,90,12.08,-14.22,-56.41
-109,90,12.24,-16.434,-58.69
-109,90,12.4,-13.31,-55.97
-109,90,12.56,-15.65,-59.72
-109,90,12.72,-24.994,-69.55
-109,90,12.88,-20.786,-65.99
-109,90,13.04,-15.938,-62.44
-109,90,13.2,-22.86,-69.64
-109,90,13.36,-23.544,-69.76
-109,90,13.52,-27.792,-73.8
-109,90,13.68,-38.01,-84.69
-109,90,13.84,-38.068,-85.55
-109,90,14,-26.35,-74.2
-109,90,14.16,-30.726,-78.95
-109,90,14.32,-21.486,-70.44
-109,90,14.48,-29.684,-81.51
-109,90,14.64,-15.864,-65.32
-109,90,14.8,-22.77,-70.78
-109,90,14.96,-20.222,-67.35
-109,90,15.12,-23.25,-69.68
-109,90,15.28,-19.38,-65.93
-109,90,15.44,-16.676,-62.99
-109,90,15.6,-18.22,-64.85
-109,90,15.76,-19.918,-67.11
-109,90,15.92,-17.322,-64.5
-109,90,16.08,-31.582,-79.04
-109,90,16.24,-29.334,-77.46
-109,90,16.4,-34.85,-84.66
-109,90,16.56,-28.968,-77.9
-109,90,16.72,-27.548,-77.03
-109,90,16.88,-33.444,-83.91
-109,90,17.04,-27.276,-78.53
-109,90,17.2,-23.65,-76.08
-109,90,17.36,-23.646,-76.29
-109,90,17.52,-20.696,-73.23
-109,90,17.68,-20.492,-73.57
-109,90,17.84,-32.638,-85.55
-109,90,18,-20.02,-72.83
-108,90,2,-18.22,-40.01
-108,90,2.16,-25.078,-48.49
-108,90,2.32,-14.656,-40.31
-108,90,2.48,-26.604,-53.85
-108,90,2.64,-21.378,-50.09
-108,90,2.8,-18.27,-45.33
-108,90,2.96,-21.548,-49.86
-108,90,3.12,-20.346,-48.58
-108,90,3.28,-22.192,-52.21
-108,90,3.44,-17.032,-45.68
-108,90,3.6,-17.49,-44.94
-108,90,3.76,-15.894,-45.38
-108,90,3.92,-8.472,-36.02
-108,90,4.08,-9.612,-37.28
-108,90,4.24,-11.406,-40.43
-108,90,4.4,-8.99,-38.8
-108,90,4.56,-6.446,-36.26
-108,90,4.72,-12.894,-42.88
-108,90,4.88,-10.09,-40.22
-108,90,5.04,-10.15,-40.2
-108,90,5.2,-15.45,-46.87
-108,90,5.36,-18.58,-49.38
-108,90,5.52,-15.088,-45.37
-108,90,5.68,-12.44,-43.81
-108,90,5.84,-22.152,-53.6
-108,90,6,-24.6,-56.14
-108,90,6.16,-13.23,-45.27
-108,90,6.32,-13.218,-46.71
-108,90,6.48,-14.906,-48.99
-108,90,6.64,-11.988,-46.38
-108,90,6.8,-14.64,-48.14
-108,90,6.96,-10.922,-45.25
-108,90,7.12,-12.676,-47.27
-108,90,7.28,-13.962,-48.34
-108,90,7.44,-16.836,-51.17
-108,90,7.6,-16.72,-50.12
-108,90,7.76,-20.808,-56.03
-108,90,7.92,-17.632,-52.26
-108,90,8.08,-16.506,-51.31
-108,90,8.24,-15.602,-50.71
-108,90,8.4,-14.43,-49.81
-108,90,8.56,-13.792,-50.07
-108,90,8.72,-15.158,-52.46
-108,90,8.88,-19.808,-56.95
-108,90,9.04,-21.764,-59.55
-108,90,9.2,-26.68,-65.54
-108,90,9.36,-14.714,-52.78
-108,90,9.52,-13.202,-51.58
-108,90,9.68,-12.27,-51.16
-108,90,9.84,-10.066,-49.18
-108,90,10,-9.25,-48.32
-108,90,10.16,-10.148,-49.79
-108,90,10.32,-10.632,-50.26
-108,90,10.48,-13.528,-53.06
-108,90,10.64,-11.798,-51.81
-108,90,10.8,-15.67,-55.94
-108,90,10.96,-19.566,-59.55
-108,90,11.12,-20.026,-60.27
-108,90,11.28,-14.786,-55.23
-108,90,11.44,-18.382,-59.13
-108,90,11.6,-21,-61.87
-108,90,11.76,-11.614,-52.73
-108,90,11.92,-11.684,-52.81
-108,90,12.08,-14.4,-56.59
-108,90,12.24,-15.284,-57.54
-108,90,12.4,-12.04,-54.7
-108,90,12.56,-17.59,-61.66
-108,90,12.72,-19.964,-64.52
-108,90,12.88,-21.316,-66.52
-108,90,13.04,-17.908,-64.41
-108,90,13.2,-22.38,-69.16
-108,90,13.36,-28.644,-74.86
-108,90,13.52,-19.082,-65.09
-108,90,13.68,-21.29,-67.97
-108,90,13.84,-37.648,-85.13
-108,90,14,-29.84,-77.69
-108,90,14.16,-23.436,-71.66
-108,90,14.32,-21.146,-70.1
-108,90,14.48,-16.254,-68.08
-108,90,14.64,-20.334,-69.79
-108,90,14.8,-16.42,-64.43
-108,90,14.96,-28.042,-75.17
-108,90,15.12,-25.94,-72.37
-108,90,15.28,-22.18,-68.73
-108,90,15.44,-22.496,-68.81
-108,90,15.6,-17.13,-63.76
-108,90,15.76,-28.368,-75.56
-108,90,15.92,-25.552,-72.73
-108,90,16.08,-28.802,-76.26
-108,90,16.24,-47.394,-95.52
-108,90,16.4,-25.14,-74.95
-108,90,16.56,-27.738,-76.67
-108,90,16.72,-18.278,-67.76
-108,90,16.88,-30.944,-81.41
-108,90,17.04,-20.426,-71.68
-108,90,17.2,-28.53,-80.96
-108,90,17.36,-23.666,-76.31
-108,90,17.52,-37.976,-90.51
-108,90,17.68,-29.342,-82.42
-108,90,17.84,-21.868,-74.78
-108,90,18,-20.98,-73.79
-107,90,2,-17.3,-39.09
-107,90,2.16,-23.498,-46.91
-107,90,2.32,-13.706,-39.36
-107,90,2.48,-31.024,-58.27
-107,90,2.64,-19.698,-48.41
-107,90,2.8,-23.53,-50.59
-107,90,2.96,-23.268,-51.58
-107,90,3.12,-18.346,-46.58
-107,90,3.28,-19.012,-49.03
-107,90,3.44,-23.832,-52.48
-107,90,3.6,-20.74,-48.19
-107,90,3.76,-19.454,-48.94
-107,90,3.92,-8.902,-36.45
-107,90,4.08,-10.952,-38.62
-107,90,4.24,-13.026,-42.05
-107,90,4.4,-9.82,-39.63
-107,90,4.56,-7.716,-37.53
-107,90,4.72,-13.674,-43.66
-107,90,4.88,-10.97,-41.1
-107,90,5.04,-9.84999999999999,-39.9
-107,90,5.2,-16.17,-47.59
-107,90,5.36,-17.44,-48.24
-107,90,5.52,-14.638,-44.92
-107,90,5.68,-10.92,-42.29
-107,90,5.84,-20.332,-51.78
-107,90,6,-24.74,-56.28
-107,90,6.16,-13.38,-45.42
-107,90,6.32,-13.718,-47.21
-107,90,6.48,-16.216,-50.3
-107,90,6.64,-12.808,-47.2
-107,90,6.8,-16.81,-50.31
-107,90,6.96,-12.262,-46.59
-107,90,7.12,-14.036,-48.63
-107,90,7.28,-14.902,-49.28
-107,90,7.44,-19.696,-54.03
-107,90,7.6,-17.94,-51.34
-107,90,7.76,-22.078,-57.3
-107,90,7.92,-21.802,-56.43
-107,90,8.08,-20.826,-55.63
-107,90,8.24,-17.722,-52.83
-107,90,8.4,-16.53,-51.91
-107,90,8.56,-15.342,-51.62
-107,90,8.72,-15.598,-52.9
-107,90,8.88,-18.148,-55.29
-107,90,9.04,-20.834,-58.62
-107,90,9.2,-32.37,-71.23
-107,90,9.36,-14.474,-52.54
-107,90,9.52,-13.472,-51.85
-107,90,9.68,-15.05,-53.94
-107,90,9.84,-10.776,-49.89
-107,90,10,-9.73,-48.8
-107,90,10.16,-10.778,-50.42
-107,90,10.32,-10.042,-49.67
-107,90,10.48,-10.818,-50.35
-107,90,10.64,-12.638,-52.65
-107,90,10.8,-13.9,-54.17
-107,90,10.96,-20.186,-60.17
-107,90,11.12,-19.336,-59.58
-107,90,11.28,-17.236,-57.68
-107,90,11.44,-18.352,-59.1
-107,90,11.6,-21.99,-62.86
-107,90,11.76,-13.434,-54.55
-107,90,11.92,-15.454,-56.58
-107,90,12.08,-17.56,-59.75
-107,90,12.24,-14.994,-57.25
-107,90,12.4,-13.86,-56.52
-107,90,12.56,-18.61,-62.68
-107,90,12.72,-22.584,-67.14
-107,90,12.88,-18.286,-63.49
-107,90,13.04,-22.378,-68.88
-107,90,13.2,-22.8,-69.58
-107,90,13.36,-28.604,-74.82
-107,90,13.52,-23.662,-69.67
-107,90,13.68,-27.09,-73.77
-107,90,13.84,-24.098,-71.58
-107,90,14,-33.79,-81.64
-107,90,14.16,-26.256,-74.48
-107,90,14.32,-17.186,-66.14
-107,90,14.48,-21.984,-73.81
-107,90,14.64,-17.184,-66.64
-107,90,14.8,-20.31,-68.32
-107,90,14.96,-23.972,-71.1
-107,90,15.12,-27.53,-73.96
-107,90,15.28,-34.52,-81.07
-107,90,15.44,-25.836,-72.15
-107,90,15.6,-18.47,-65.1
-107,90,15.76,-21.238,-68.43
-107,90,15.92,-32.992,-80.17
-107,90,16.08,-21.192,-68.65
-107,90,16.24,-42.514,-90.64
-107,90,16.4,-27.72,-77.53
-107,90,16.56,-22.908,-71.84
-107,90,16.72,-17.718,-67.2
-107,90,16.88,-22.784,-73.25
-107,90,17.04,-33.236,-84.49
-107,90,17.2,-24.91,-77.34
-107,90,17.36,-20.236,-72.88
-107,90,17.52,-24.596,-77.13
-107,90,17.68,-21.502,-74.58
-107,90,17.84,-26.118,-79.03
-107,90,18,-23.14,-75.95
-106,90,2,-16.11,-37.9
-106,90,2.16,-20.508,-43.92
-106,90,2.32,-12.406,-38.06
-106,90,2.48,-23.664,-50.91
-106,90,2.64,-17.438,-46.15
-106,90,2.8,-38.49,-65.55
-106,90,2.96,-22.158,-50.47
-106,90,3.12,-16.416,-44.65
-106,90,3.28,-16.092,-46.11
-106,90,3.44,-23.892,-52.54
-106,90,3.6,-28.88,-56.33
-106,90,3.76,-21.534,-51.02
-106,90,3.92,-9.61199999999999,-37.16
-106,90,4.08,-12.872,-40.54
-106,90,4.24,-14.786,-43.81
-106,90,4.4,-10.89,-40.7
-106,90,4.56,-9.106,-38.92
-106,90,4.72,-15.324,-45.31
-106,90,4.88,-11.76,-41.89
-106,90,5.04,-9.45,-39.5
-106,90,5.2,-16.98,-48.4
-106,90,5.36,-16.08,-46.88
-106,90,5.52,-14.268,-44.55
-106,90,5.68,-10.4,-41.77
-106,90,5.84,-18.192,-49.64
-106,90,6,-24.61,-56.15
-106,90,6.16,-13,-45.04
-106,90,6.32,-13.278,-46.77
-106,90,6.48,-18.026,-52.11
-106,90,6.64,-12.898,-47.29
-106,90,6.8,-18.22,-51.72
-106,90,6.96,-14.422,-48.75
-106,90,7.12,-14.356,-48.95
-106,90,7.28,-15.802,-50.18
-106,90,7.44,-22.136,-56.47
-106,90,7.6,-18.88,-52.28
-106,90,7.76,-21.448,-56.67
-106,90,7.92,-24.302,-58.93
-106,90,8.08,-24.126,-58.93
-106,90,8.24,-21.392,-56.5
-106,90,8.4,-19.36,-54.74
-106,90,8.56,-17.272,-53.55
-106,90,8.72,-15.208,-52.51
-106,90,8.88,-18.138,-55.28
-106,90,9.04,-19.044,-56.83
-106,90,9.2,-21.82,-60.68
-106,90,9.36,-15.724,-53.79
-106,90,9.52,-14.482,-52.86
-106,90,9.68,-17.86,-56.75
-106,90,9.84,-12.206,-51.32
-106,90,10,-12.11,-51.18
-106,90,10.16,-11.878,-51.52
-106,90,10.32,-9.542,-49.17
-106,90,10.48,-10.288,-49.82
-106,90,10.64,-15.448,-55.46
-106,90,10.8,-12.35,-52.62
-106,90,10.96,-18.326,-58.31
-106,90,11.12,-21.866,-62.11
-106,90,11.28,-23.546,-63.99
-106,90,11.44,-24.472,-65.22
-106,90,11.6,-24.98,-65.85
-106,90,11.76,-17.454,-58.57
-106,90,11.92,-22.084,-63.21
-106,90,12.08,-19.09,-61.28
-106,90,12.24,-15.984,-58.24
-106,90,12.4,-16.07,-58.73
-106,90,12.56,-22.02,-66.09
-106,90,12.72,-30.774,-75.33
-106,90,12.88,-22.986,-68.19
-106,90,13.04,-24.168,-70.67
-106,90,13.2,-38.24,-85.02
-106,90,13.36,-29.504,-75.72
-106,90,13.52,-24.732,-70.74
-106,90,13.68,-25.34,-72.02
-106,90,13.84,-23.748,-71.23
-106,90,14,-30.64,-78.49
-106,90,14.16,-23.166,-71.39
-106,90,14.32,-22.286,-71.24
-106,90,14.48,-17.634,-69.46
-106,90,14.64,-15.154,-64.61
-106,90,14.8,-17,-65.01
-106,90,14.96,-17.282,-64.41
-106,90,15.12,-18.59,-65.02
-106,90,15.28,-24.85,-71.4
-106,90,15.44,-46.186,-92.5
-106,90,15.6,-21.77,-68.4
-106,90,15.76,-21.348,-68.54
-106,90,15.92,-27.392,-74.57
-106,90,16.08,-21.192,-68.65
-106,90,16.24,-27.954,-76.08
-106,90,16.4,-34.98,-84.79
-106,90,16.56,-22.578,-71.51
-106,90,16.72,-26.188,-75.67
-106,90,16.88,-20.684,-71.15
-106,90,17.04,-23.306,-74.56
-106,90,17.2,-28.67,-81.1
-106,90,17.36,-23.166,-75.81
-106,90,17.52,-26.846,-79.38
-106,90,17.68,-23.452,-76.53
-106,90,17.84,-27.638,-80.55
-106,90,18,-21.49,-74.3
-105,90,2,-14.98,-36.77
-105,90,2.16,-17.778,-41.19
-105,90,2.32,-11.186,-36.84
-105,90,2.48,-18.244,-45.49
-105,90,2.64,-16.128,-44.84
-105,90,2.8,-26.27,-53.33
-105,90,2.96,-18.878,-47.19
-105,90,3.12,-15.016,-43.25
-105,90,3.28,-14.042,-44.06
-105,90,3.44,-17.422,-46.07
-105,90,3.6,-27.95,-55.4
-105,90,3.76,-20.204,-49.69
-105,90,3.92,-10.472,-38.02
-105,90,4.08,-14.892,-42.56
-105,90,4.24,-16.976,-46
-105,90,4.4,-12.13,-41.94
-105,90,4.56,-11.046,-40.86
-105,90,4.72,-17.864,-47.85
-105,90,4.88,-12.71,-42.84
-105,90,5.04,-9.24999999999999,-39.3
-105,90,5.2,-18.74,-50.16
-105,90,5.36,-15.71,-46.51
-105,90,5.52,-13.828,-44.11
-105,90,5.68,-10,-41.37
-105,90,5.84,-16.972,-48.42
-105,90,6,-21.78,-53.32
-105,90,6.16,-12.48,-44.52
-105,90,6.32,-12.768,-46.26
-105,90,6.48,-18.306,-52.39
-105,90,6.64,-12.978,-47.37
-105,90,6.8,-18.07,-51.57
-105,90,6.96,-15.312,-49.64
-105,90,7.12,-14.366,-48.96
-105,90,7.28,-15.122,-49.5
-105,90,7.44,-23.026,-57.36
-105,90,7.6,-18.64,-52.04
-105,90,7.76,-22.178,-57.4
-105,90,7.92,-26.542,-61.17
-105,90,8.08,-28.316,-63.12
-105,90,8.24,-27.122,-62.23
-105,90,8.4,-22.74,-58.12
-105,90,8.56,-17.722,-54
-105,90,8.72,-14.798,-52.1
-105,90,8.88,-16.848,-53.99
-105,90,9.04,-18.854,-56.64
-105,90,9.2,-15.98,-54.84
-105,90,9.36,-14.734,-52.8
-105,90,9.52,-15.302,-53.68
-105,90,9.68,-19.83,-58.72
-105,90,9.84,-12.306,-51.42
-105,90,10,-14.1,-53.17
-105,90,10.16,-11.078,-50.72
-105,90,10.32,-10.132,-49.76
-105,90,10.48,-10.708,-50.24
-105,90,10.64,-17.378,-57.39
-105,90,10.8,-12.21,-52.48
-105,90,10.96,-18.026,-58.01
-105,90,11.12,-24.386,-64.63
-105,90,11.28,-22.436,-62.88
-105,90,11.44,-29.482,-70.23
-105,90,11.6,-21.28,-62.15
-105,90,11.76,-20.424,-61.54
-105,90,11.92,-25.434,-66.56
-105,90,12.08,-17.94,-60.13
-105,90,12.24,-16.304,-58.56
-105,90,12.4,-19.3,-61.96
-105,90,12.56,-19.98,-64.05
-105,90,12.72,-25.634,-70.19
-105,90,12.88,-26.656,-71.86
-105,90,13.04,-24.438,-70.94
-105,90,13.2,-26.73,-73.51
-105,90,13.36,-25.384,-71.6
-105,90,13.52,-22.152,-68.16
-105,90,13.68,-35.63,-82.31
-105,90,13.84,-23.468,-70.95
-105,90,14,-28.35,-76.2
-105,90,14.16,-23.806,-72.03
-105,90,14.32,-22.316,-71.27
-105,90,14.48,-22.284,-74.11
-105,90,14.64,-14.714,-64.17
-105,90,14.8,-20.37,-68.38
-105,90,14.96,-19.262,-66.39
-105,90,15.12,-19.87,-66.3
-105,90,15.28,-22.3,-68.85
-105,90,15.44,-25.306,-71.62
-105,90,15.6,-18.65,-65.28
-105,90,15.76,-21.978,-69.17
-105,90,15.92,-23.152,-70.33
-105,90,16.08,-19.402,-66.86
-105,90,16.24,-25.044,-73.17
-105,90,16.4,-30.49,-80.3
-105,90,16.56,-20.688,-69.62
-105,90,16.72,-23.388,-72.87
-105,90,16.88,-20.914,-71.38
-105,90,17.04,-19.436,-70.69
-105,90,17.2,-20.52,-72.95
-105,90,17.36,-20.786,-73.43
-105,90,17.52,-28.746,-81.28
-105,90,17.68,-27.552,-80.63
-105,90,17.84,-22.428,-75.34
-105,90,18,-26.39,-79.2
-104,90,2,-13.88,-35.67
-104,90,2.16,-14.958,-38.37
-104,90,2.32,-9.966,-35.62
-104,90,2.48,-15.524,-42.77
-104,90,2.64,-15.088,-43.8
-104,90,2.8,-19.72,-46.78
-104,90,2.96,-15.878,-44.19
-104,90,3.12,-13.826,-42.06
-104,90,3.28,-12.252,-42.27
-104,90,3.44,-12.872,-41.52
-104,90,3.6,-21.15,-48.6
-104,90,3.76,-17.764,-47.25
-104,90,3.92,-11.982,-39.53
-104,90,4.08,-16.392,-44.06
-104,90,4.24,-19.396,-48.42
-104,90,4.4,-13.37,-43.18
-104,90,4.56,-13.206,-43.02
-104,90,4.72,-21.424,-51.41
-104,90,4.88,-13.54,-43.67
-104,90,5.04,-9.48,-39.53
-104,90,5.2,-21.39,-52.81
-104,90,5.36,-15.38,-46.18
-104,90,5.52,-13.918,-44.2
-104,90,5.68,-10.58,-41.95
-104,90,5.84,-17.082,-48.53
-104,90,6,-19.63,-51.17
-104,90,6.16,-11.69,-43.73
-104,90,6.32,-12.818,-46.31
-104,90,6.48,-17.616,-51.7
-104,90,6.64,-12.578,-46.97
-104,90,6.8,-18.33,-51.83
-104,90,6.96,-16.032,-50.36
-104,90,7.12,-14.316,-48.91
-104,90,7.28,-14.532,-48.91
-104,90,7.44,-22.756,-57.09
-104,90,7.6,-18.07,-51.47
-104,90,7.76,-21.188,-56.41
-104,90,7.92,-24.832,-59.46
-104,90,8.08,-27.246,-62.05
-104,90,8.24,-32.952,-68.06
-104,90,8.4,-25.03,-60.41
-104,90,8.56,-19.262,-55.54
-104,90,8.72,-14.078,-51.38
-104,90,8.88,-16.008,-53.15
-104,90,9.04,-18.684,-56.47
-104,90,9.2,-14.1,-52.96
-104,90,9.36,-13.774,-51.84
-104,90,9.52,-16.562,-54.94
-104,90,9.68,-19.15,-58.04
-104,90,9.84,-12.696,-51.81
-104,90,10,-15.31,-54.38
-104,90,10.16,-11.238,-50.88
-104,90,10.32,-10.942,-50.57
-104,90,10.48,-12.548,-52.08
-104,90,10.64,-18.028,-58.04
-104,90,10.8,-12.76,-53.03
-104,90,10.96,-18.016,-58
-104,90,11.12,-29.336,-69.58
-104,90,11.28,-21.386,-61.83
-104,90,11.44,-22.172,-62.92
-104,90,11.6,-20.61,-61.48
-104,90,11.76,-21.234,-62.35
-104,90,11.92,-25.234,-66.36
-104,90,12.08,-16.39,-58.58
-104,90,12.24,-15.294,-57.55
-104,90,12.4,-18.89,-61.55
-104,90,12.56,-19.59,-63.66
-104,90,12.72,-23.564,-68.12
-104,90,12.88,-17.146,-62.35
-104,90,13.04,-29.768,-76.27
-104,90,13.2,-21.98,-68.76
-104,90,13.36,-26.654,-72.87
-104,90,13.52,-25.452,-71.46
-104,90,13.68,-36.46,-83.14
-104,90,13.84,-24.638,-72.12
-104,90,14,-26.45,-74.3
-104,90,14.16,-21.926,-70.15
-104,90,14.32,-16.336,-65.29
-104,90,14.48,-20.664,-72.49
-104,90,14.64,-20.764,-70.22
-104,90,14.8,-17.41,-65.42
-104,90,14.96,-24.222,-71.35
-104,90,15.12,-21.67,-68.1
-104,90,15.28,-26.82,-73.37
-104,90,15.44,-18.846,-65.16
-104,90,15.6,-17.13,-63.76
-104,90,15.76,-15.668,-62.86
-104,90,15.92,-19.882,-67.06
-104,90,16.08,-16.942,-64.4
-104,90,16.24,-23.854,-71.98
-104,90,16.4,-22.55,-72.36
-104,90,16.56,-22.798,-71.73
-104,90,16.72,-27.938,-77.42
-104,90,16.88,-33.844,-84.31
-104,90,17.04,-32.146,-83.4
-104,90,17.2,-51.01,-103.44
-104,90,17.36,-21.426,-74.07
-104,90,17.52,-23.526,-76.06
-104,90,17.68,-28.312,-81.39
-104,90,17.84,-27.308,-80.22
-104,90,18,-19.78,-72.59
-103,90,2,-12.65,-34.44
-103,90,2.16,-13.008,-36.42
-103,90,2.32,-8.826,-34.48
-103,90,2.48,-13.134,-40.38
-103,90,2.64,-14.118,-42.83
-103,90,2.8,-16.26,-43.32
-103,90,2.96,-13.928,-42.24
-103,90,3.12,-12.626,-40.86
-103,90,3.28,-10.972,-40.99
-103,90,3.44,-10.392,-39.04
-103,90,3.6,-18.04,-45.49
-103,90,3.76,-16.424,-45.91
-103,90,3.92,-14.092,-41.64
-103,90,4.08,-16.722,-44.39
-103,90,4.24,-19.126,-48.15
-103,90,4.4,-15.27,-45.08
-103,90,4.56,-16.086,-45.9
-103,90,4.72,-28.244,-58.23
-103,90,4.88,-14.19,-44.32
-103,90,5.04,-10.27,-40.32
-103,90,5.2,-23.25,-54.67
-103,90,5.36,-15.49,-46.29
-103,90,5.52,-14.458,-44.74
-103,90,5.68,-11.48,-42.85
-103,90,5.84,-17.662,-49.11
-103,90,6,-18.36,-49.9
-103,90,6.16,-11.64,-43.68
-103,90,6.32,-14.008,-47.5
-103,90,6.48,-17.246,-51.33
-103,90,6.64,-13.428,-47.82
-103,90,6.8,-16.69,-50.19
-103,90,6.96,-16.242,-50.57
-103,90,7.12,-14.226,-48.82
-103,90,7.28,-14.152,-48.53
-103,90,7.44,-20.106,-54.44
-103,90,7.6,-18.14,-51.54
-103,90,7.76,-23.198,-58.42
-103,90,7.92,-25.152,-59.78
-103,90,8.08,-27.366,-62.17
-103,90,8.24,-25.022,-60.13
-103,90,8.4,-28.74,-64.12
-103,90,8.56,-20.012,-56.29
-103,90,8.72,-14.548,-51.85
-103,90,8.88,-18.148,-55.29
-103,90,9.04,-19.974,-57.76
-103,90,9.2,-13.97,-52.83
-103,90,9.36,-13.974,-52.04
-103,90,9.52,-16.132,-54.51
-103,90,9.68,-16.93,-55.82
-103,90,9.84,-11.546,-50.66
-103,90,10,-14.4,-53.47
-103,90,10.16,-12.038,-51.68
-103,90,10.32,-9.822,-49.45
-103,90,10.48,-11.198,-50.73
-103,90,10.64,-20.238,-60.25
-103,90,10.8,-13.56,-53.83
-103,90,10.96,-20.046,-60.03
-103,90,11.12,-30.156,-70.4
-103,90,11.28,-21.956,-62.4
-103,90,11.44,-21.062,-61.81
-103,90,11.6,-18.2,-59.07
-103,90,11.76,-19.464,-60.58
-103,90,11.92,-24.974,-66.1
-103,90,12.08,-16.65,-58.84
-103,90,12.24,-18.624,-60.88
-103,90,12.4,-20.67,-63.33
-103,90,12.56,-17.53,-61.6
-103,90,12.72,-21.884,-66.44
-103,90,12.88,-26.716,-71.92
-103,90,13.04,-18.338,-64.84
-103,90,13.2,-21.83,-68.61
-103,90,13.36,-25.584,-71.8
-103,90,13.52,-34.642,-80.65
-103,90,13.68,-41.31,-87.99
-103,90,13.84,-30.728,-78.21
-103,90,14,-27.03,-74.88
-103,90,14.16,-25.026,-73.25
-103,90,14.32,-15.596,-64.55
-103,90,14.48,-15.244,-67.07
-103,90,14.64,-15.824,-65.28
-103,90,14.8,-16.27,-64.28
-103,90,14.96,-18.302,-65.43
-103,90,15.12,-20.12,-66.55
-103,90,15.28,-22.72,-69.27
-103,90,15.44,-15.986,-62.3
-103,90,15.6,-15.95,-62.58
-103,90,15.76,-12.758,-59.95
-103,90,15.92,-22.102,-69.28
-103,90,16.08,-14.952,-62.41
-103,90,16.24,-21.004,-69.13
-103,90,16.4,-22.05,-71.86
-103,90,16.56,-23.368,-72.3
-103,90,16.72,-25.048,-74.53
-103,90,16.88,-40.074,-90.54
-103,90,17.04,-19.936,-71.19
-103,90,17.2,-31.39,-83.82
-103,90,17.36,-27.416,-80.06
-103,90,17.52,-29.696,-82.23
-103,90,17.68,-25.142,-78.22
-103,90,17.84,-23.348,-76.26
-103,90,18,-26.24,-79.05
-102,90,2,-11.83,-33.62
-102,90,2.16,-11.238,-34.65
-102,90,2.32,-7.856,-33.51
-102,90,2.48,-11.184,-38.43
-102,90,2.64,-13.048,-41.76
-102,90,2.8,-13.73,-40.79
-102,90,2.96,-12.178,-40.49
-102,90,3.12,-11.536,-39.77
-102,90,3.28,-9.832,-39.85
-102,90,3.44,-8.502,-37.15
-102,90,3.6,-15.46,-42.91
-102,90,3.76,-15.684,-45.17
-102,90,3.92,-17.112,-44.66
-102,90,4.08,-16.042,-43.71
-102,90,4.24,-18.306,-47.33
-102,90,4.4,-17.41,-47.22
-102,90,4.56,-18.246,-48.06
-102,90,4.72,-22.544,-52.53
-102,90,4.88,-14.99,-45.12
-102,90,5.04,-11.6,-41.65
-102,90,5.2,-25.23,-56.65
-102,90,5.36,-16.28,-47.08
-102,90,5.52,-16.008,-46.29
-102,90,5.68,-13.39,-44.76
-102,90,5.84,-20.022,-51.47
-102,90,6,-17.34,-48.88
-102,90,6.16,-12.44,-44.48
-102,90,6.32,-15.708,-49.2
-102,90,6.48,-17.506,-51.59
-102,90,6.64,-13.418,-47.81
-102,90,6.8,-16.13,-49.63
-102,90,6.96,-15.352,-49.68
-102,90,7.12,-13.186,-47.78
-102,90,7.28,-14.102,-48.48
-102,90,7.44,-17.936,-52.27
-102,90,7.6,-17.43,-50.83
-102,90,7.76,-24.268,-59.49
-102,90,7.92,-31.042,-65.67
-102,90,8.08,-21.346,-56.15
-102,90,8.24,-19.632,-54.74
-102,90,8.4,-24.93,-60.31
-102,90,8.56,-20.142,-56.42
-102,90,8.72,-15.548,-52.85
-102,90,8.88,-19.698,-56.84
-102,90,9.04,-19.474,-57.26
-102,90,9.2,-16.79,-55.65
-102,90,9.36,-14.034,-52.1
-102,90,9.52,-16.442,-54.82
-102,90,9.68,-15.3,-54.19
-102,90,9.84,-9.79599999999999,-48.91
-102,90,10,-12.81,-51.88
-102,90,10.16,-12.288,-51.93
-102,90,10.32,-9.582,-49.21
-102,90,10.48,-11.738,-51.27
-102,90,10.64,-18.988,-59
-102,90,10.8,-13.21,-53.48
-102,90,10.96,-18.686,-58.67
-102,90,11.12,-26.046,-66.29
-102,90,11.28,-24.136,-64.58
-102,90,11.44,-23.702,-64.45
-102,90,11.6,-17.47,-58.34
-102,90,11.76,-20.174,-61.29
-102,90,11.92,-23.974,-65.1
-102,90,12.08,-19.5,-61.69
-102,90,12.24,-19.354,-61.61
-102,90,12.4,-23.35,-66.01
-102,90,12.56,-22.45,-66.52
-102,90,12.72,-22.604,-67.16
-102,90,12.88,-23.046,-68.25
-102,90,13.04,-23.828,-70.33
-102,90,13.2,-21.28,-68.06
-102,90,13.36,-26.314,-72.53
-102,90,13.52,-29.252,-75.26
-102,90,13.68,-27.63,-74.31
-102,90,13.84,-38.888,-86.37
-102,90,14,-33.34,-81.19
-102,90,14.16,-23.046,-71.27
-102,90,14.32,-22.546,-71.5
-102,90,14.48,-12.534,-64.36
-102,90,14.64,-10.364,-59.82
-102,90,14.8,-15.55,-63.56
-102,90,14.96,-17.182,-64.31
-102,90,15.12,-17.11,-63.54
-102,90,15.28,-23.62,-70.17
-102,90,15.44,-16.506,-62.82
-102,90,15.6,-17.79,-64.42
-102,90,15.76,-13.878,-61.07
-102,90,15.92,-19.182,-66.36
-102,90,16.08,-15.982,-63.44
-102,90,16.24,-27.144,-75.27
-102,90,16.4,-18.67,-68.48
-102,90,16.56,-17.518,-66.45
-102,90,16.72,-23.578,-73.06
-102,90,16.88,-22.384,-72.85
-102,90,17.04,-21.026,-72.28
-102,90,17.2,-22.23,-74.66
-102,90,17.36,-24.196,-76.84
-102,90,17.52,-22.126,-74.66
-102,90,17.68,-17.272,-70.35
-102,90,17.84,-25.778,-78.69
-102,90,18,-20.54,-73.35
-101,90,2,-10.9,-32.69
-101,90,2.16,-9.738,-33.15
-101,90,2.32,-7.116,-32.77
-101,90,2.48,-9.814,-37.06
-101,90,2.64,-12.748,-41.46
-101,90,2.8,-11.95,-39.01
-101,90,2.96,-10.398,-38.71
-101,90,3.12,-10.646,-38.88
-101,90,3.28,-8.872,-38.89
-101,90,3.44,-7.242,-35.89
-101,90,3.6,-14.12,-41.57
-101,90,3.76,-14.994,-44.48
-101,90,3.92,-18.022,-45.57
-101,90,4.08,-14.572,-42.24
-101,90,4.24,-16.516,-45.54
-101,90,4.4,-16.37,-46.18
-101,90,4.56,-17.736,-47.55
-101,90,4.72,-17.674,-47.66
-101,90,4.88,-15.46,-45.59
-101,90,5.04,-13.84,-43.89
-101,90,5.2,-21.62,-53.04
-101,90,5.36,-16.42,-47.22
-101,90,5.52,-18.038,-48.32
-101,90,5.68,-15.78,-47.15
-101,90,5.84,-23.072,-54.52
-101,90,6,-17.74,-49.28
-101,90,6.16,-13.82,-45.86
-101,90,6.32,-17.688,-51.18
-101,90,6.48,-18.086,-52.17
-101,90,6.64,-14.258,-48.65
-101,90,6.8,-14.57,-48.07
-101,90,6.96,-14.232,-48.56
-101,90,7.12,-12.786,-47.38
-101,90,7.28,-14.612,-48.99
-101,90,7.44,-16.046,-50.38
-101,90,7.6,-17.98,-51.38
-101,90,7.76,-26.908,-62.13
-101,90,7.92,-27.222,-61.85
-101,90,8.08,-18.076,-52.88
-101,90,8.24,-18.052,-53.16
-101,90,8.4,-24.6,-59.98
-101,90,8.56,-18.012,-54.29
-101,90,8.72,-15.748,-53.05
-101,90,8.88,-23.408,-60.55
-101,90,9.04,-20.334,-58.12
-101,90,9.2,-19.02,-57.88
-101,90,9.36,-15.904,-53.97
-101,90,9.52,-16.172,-54.55
-101,90,9.68,-13.48,-52.37
-101,90,9.84,-9.18599999999999,-48.3
-101,90,10,-12.34,-51.41
-101,90,10.16,-13.138,-52.78
-101,90,10.32,-9.452,-49.08
-101,90,10.48,-11.578,-51.11
-101,90,10.64,-19.618,-59.63
-101,90,10.8,-13.88,-54.15
-101,90,10.96,-19.866,-59.85
-101,90,11.12,-22.116,-62.36
-101,90,11.28,-20.206,-60.65
-101,90,11.44,-24.742,-65.49
-101,90,11.6,-23.44,-64.31
-101,90,11.76,-19.664,-60.78
-101,90,11.92,-31.144,-72.27
-101,90,12.08,-26.05,-68.24
-101,90,12.24,-23.184,-65.44
-101,90,12.4,-28,-70.66
-101,90,12.56,-18.85,-62.92
-101,90,12.72,-29.424,-73.98
-101,90,12.88,-29.536,-74.74
-101,90,13.04,-19.128,-65.63
-101,90,13.2,-19.85,-66.63
-101,90,13.36,-21.854,-68.07
-101,90,13.52,-28.062,-74.07
-101,90,13.68,-21.61,-68.29
-101,90,13.84,-34.048,-81.53
-101,90,14,-25.33,-73.18
-101,90,14.16,-21.736,-69.96
-101,90,14.32,-17.016,-65.97
-101,90,14.48,-15.144,-66.97
-101,90,14.64,-13.384,-62.84
-101,90,14.8,-12.71,-60.72
-101,90,14.96,-15.772,-62.9
-101,90,15.12,-20.01,-66.44
-101,90,15.28,-20.3,-66.85
-101,90,15.44,-16.976,-63.29
-101,90,15.6,-15.63,-62.26
-101,90,15.76,-16.698,-63.89
-101,90,15.92,-16.842,-64.02
-101,90,16.08,-17.452,-64.91
-101,90,16.24,-17.004,-65.13
-101,90,16.4,-20.63,-70.44
-101,90,16.56,-15.368,-64.3
-101,90,16.72,-25.508,-74.99
-101,90,16.88,-35.524,-85.99
-101,90,17.04,-24.046,-75.3
-101,90,17.2,-21.9,-74.33
-101,90,17.36,-22.706,-75.35
-101,90,17.52,-19.026,-71.56
-101,90,17.68,-24.852,-77.93
-101,90,17.84,-23.628,-76.54
-101,90,18,-24.7,-77.51
-100,90,2,-10.29,-32.08
-100,90,2.16,-8.538,-31.95
-100,90,2.32,-6.486,-32.14
-100,90,2.48,-8.66399999999999,-35.91
-100,90,2.64,-12.078,-40.79
-100,90,2.8,-10.45,-37.51
-100,90,2.96,-9.328,-37.64
-100,90,3.12,-10.076,-38.31
-100,90,3.28,-8.122,-38.14
-100,90,3.44,-6.132,-34.78
-100,90,3.6,-12.88,-40.33
-100,90,3.76,-14.394,-43.88
-100,90,3.92,-15.112,-42.66
-100,90,4.08,-13.462,-41.13
-100,90,4.24,-14.746,-43.77
-100,90,4.4,-13.75,-43.56
-100,90,4.56,-15.946,-45.76
-100,90,4.72,-14.644,-44.63
-100,90,4.88,-15.88,-46.01
-100,90,5.04,-17.4,-47.45
-100,90,5.2,-19.32,-50.74
-100,90,5.36,-16.69,-47.49
-100,90,5.52,-20.908,-51.19
-100,90,5.68,-18.92,-50.29
-100,90,5.84,-29.402,-60.85
-100,90,6,-17.72,-49.26
-100,90,6.16,-15.39,-47.43
-100,90,6.32,-20.098,-53.59
-100,90,6.48,-17.066,-51.15
-100,90,6.64,-15.048,-49.44
-100,90,6.8,-13.71,-47.21
-100,90,6.96,-13.582,-47.91
-100,90,7.12,-12.026,-46.62
-100,90,7.28,-14.882,-49.26
-100,90,7.44,-15.656,-49.99
-100,90,7.6,-19.39,-52.79
-100,90,7.76,-30.328,-65.55
-100,90,7.92,-23.732,-58.36
-100,90,8.08,-17.216,-52.02
-100,90,8.24,-18.482,-53.59
-100,90,8.4,-26.13,-61.51
-100,90,8.56,-15.702,-51.98
-100,90,8.72,-15.118,-52.42
-100,90,8.88,-24.308,-61.45
-100,90,9.04,-16.024,-53.81
-100,90,9.2,-24.21,-63.07
-100,90,9.36,-18.404,-56.47
-100,90,9.52,-15.402,-53.78
-100,90,9.68,-12.84,-51.73
-100,90,9.84,-10.466,-49.58
-100,90,10,-14.15,-53.22
-100,90,10.16,-13.288,-52.93
-100,90,10.32,-9.682,-49.31
-100,90,10.48,-14.358,-53.89
-100,90,10.64,-15.028,-55.04
-100,90,10.8,-12.52,-52.79
-100,90,10.96,-20.026,-60.01
-100,90,11.12,-20.056,-60.3
-100,90,11.28,-18.526,-58.97
-100,90,11.44,-21.922,-62.67
-100,90,11.6,-30.91,-71.78
-100,90,11.76,-23.114,-64.23
-100,90,11.92,-28.164,-69.29
-100,90,12.08,-28.87,-71.06
-100,90,12.24,-27.274,-69.53
-100,90,12.4,-26.5,-69.16
-100,90,12.56,-15.71,-59.78
-100,90,12.72,-21.554,-66.11
-100,90,12.88,-26.766,-71.97
-100,90,13.04,-19.568,-66.07
-100,90,13.2,-16.85,-63.63
-100,90,13.36,-24.494,-70.71
-100,90,13.52,-24.272,-70.28
-100,90,13.68,-24.29,-70.97
-100,90,13.84,-22.338,-69.82
-100,90,14,-27.4,-75.25
-100,90,14.16,-30.046,-78.27
-100,90,14.32,-17.726,-66.68
-100,90,14.48,-15.264,-67.09
-100,90,14.64,-12.544,-62
-100,90,14.8,-14.1,-62.11
-100,90,14.96,-15.822,-62.95
-100,90,15.12,-15.96,-62.39
-100,90,15.28,-20.48,-67.03
-100,90,15.44,-17.836,-64.15
-100,90,15.6,-16.68,-63.31
-100,90,15.76,-16.418,-63.61
-100,90,15.92,-21.112,-68.29
-100,90,16.08,-18.232,-65.69
-100,90,16.24,-21.224,-69.35
-100,90,16.4,-21.86,-71.67
-100,90,16.56,-16.548,-65.48
-100,90,16.72,-21.918,-71.4
-100,90,16.88,-36.614,-87.08
-100,90,17.04,-24.156,-75.41
-100,90,17.2,-30.35,-82.78
-100,90,17.36,-20.216,-72.86
-100,90,17.52,-21.056,-73.59
-100,90,17.68,-21.192,-74.27
-100,90,17.84,-26.838,-79.75
-100,90,18,-15.71,-68.52
-99,90,2,-9.35,-31.14
-99,90,2.16,-7.468,-30.88
-99,90,2.32,-5.926,-31.58
-99,90,2.48,-7.66399999999999,-34.91
-99,90,2.64,-11.438,-40.15
-99,90,2.8,-9.15,-36.21
-99,90,2.96,-7.988,-36.3
-99,90,3.12,-9.406,-37.64
-99,90,3.28,-7.212,-37.23
-99,90,3.44,-5.462,-34.11
-99,90,3.6,-12.1,-39.55
-99,90,3.76,-13.664,-43.15
-99,90,3.92,-11.462,-39.01
-99,90,4.08,-12.152,-39.82
-99,90,4.24,-13.076,-42.1
-99,90,4.4,-10.8,-40.61
-99,90,4.56,-13.526,-43.34
-99,90,4.72,-12.424,-42.41
-99,90,4.88,-15.71,-45.84
-99,90,5.04,-24.05,-54.1
-99,90,5.2,-17.03,-48.45
-99,90,5.36,-16.87,-47.67
-99,90,5.52,-22.788,-53.07
-99,90,5.68,-23.68,-55.05
-99,90,5.84,-32.612,-64.06
-99,90,6,-18.83,-50.37
-99,90,6.16,-17.88,-49.92
-99,90,6.32,-22.718,-56.21
-99,90,6.48,-17.516,-51.6
-99,90,6.64,-15.408,-49.8
-99,90,6.8,-13.82,-47.32
-99,90,6.96,-13.382,-47.71
-99,90,7.12,-12.366,-46.96
-99,90,7.28,-15.252,-49.63
-99,90,7.44,-15.086,-49.42
-99,90,7.6,-18.92,-52.32
-99,90,7.76,-33.678,-68.9
-99,90,7.92,-22.432,-57.06
-99,90,8.08,-16.876,-51.68
-99,90,8.24,-20.512,-55.62
-99,90,8.4,-22.81,-58.19
-99,90,8.56,-13.982,-50.26
-99,90,8.72,-15.468,-52.77
-99,90,8.88,-21.248,-58.39
-99,90,9.04,-16.124,-53.91
-99,90,9.2,-23.62,-62.48
-99,90,9.36,-24.134,-62.2
-99,90,9.52,-16.242,-54.62
-99,90,9.68,-13.89,-52.78
-99,90,9.84,-13.716,-52.83
-99,90,10,-14.64,-53.71
-99,90,10.16,-12.838,-52.48
-99,90,10.32,-10.152,-49.78
-99,90,10.48,-14.868,-54.4
-99,90,10.64,-13.688,-53.7
-99,90,10.8,-11.32,-51.59
-99,90,10.96,-18.056,-58.04
-99,90,11.12,-17.696,-57.94
-99,90,11.28,-17.086,-57.53
-99,90,11.44,-18.612,-59.36
-99,90,11.6,-26.37,-67.24
-99,90,11.76,-25.934,-67.05
-99,90,11.92,-19.724,-60.85
-99,90,12.08,-28,-70.19
-99,90,12.24,-24.674,-66.93
-99,90,12.4,-19.82,-62.48
-99,90,12.56,-14.95,-59.02
-99,90,12.72,-20.414,-64.97
-99,90,12.88,-25.026,-70.23
-99,90,13.04,-16.598,-63.1
-99,90,13.2,-16.5,-63.28
-99,90,13.36,-24.264,-70.48
-99,90,13.52,-31.492,-77.5
-99,90,13.68,-27.96,-74.64
-99,90,13.84,-35.678,-83.16
-99,90,14,-38.13,-85.98
-99,90,14.16,-21.766,-69.99
-99,90,14.32,-19.866,-68.82
-99,90,14.48,-19.574,-71.4
-99,90,14.64,-14.284,-63.74
-99,90,14.8,-15.86,-63.87
-99,90,14.96,-19.042,-66.17
-99,90,15.12,-21,-67.43
-99,90,15.28,-47.58,-94.13
-99,90,15.44,-31.646,-77.96
-99,90,15.6,-20.4,-67.03
-99,90,15.76,-19.528,-66.72
-99,90,15.92,-18.622,-65.8
-99,90,16.08,-23.142,-70.6
-99,90,16.24,-21.424,-69.55
-99,90,16.4,-15.65,-65.46
-99,90,16.56,-14.188,-63.12
-99,90,16.72,-22.918,-72.4
-99,90,16.88,-18.774,-69.24
-99,90,17.04,-27.866,-79.12
-99,90,17.2,-43.3,-95.73
-99,90,17.36,-19.976,-72.62
-99,90,17.52,-23.386,-75.92
-99,90,17.68,-19.402,-72.48
-99,90,17.84,-28.218,-81.13
-99,90,18,-20.41,-73.22
-98,90,2,-8.6,-30.39
-98,90,2.16,-6.528,-29.94
-98,90,2.32,-5.456,-31.11
-98,90,2.48,-6.91399999999999,-34.16
-98,90,2.64,-10.888,-39.6
-98,90,2.8,-7.98,-35.04
-98,90,2.96,-6.908,-35.22
-98,90,3.12,-8.706,-36.94
-98,90,3.28,-6.57200000000001,-36.59
-98,90,3.44,-5.032,-33.68
-98,90,3.6,-11.54,-38.99
-98,90,3.76,-12.434,-41.92
-98,90,3.92,-8.692,-36.24
-98,90,4.08,-11.122,-38.79
-98,90,4.24,-11.666,-40.69
-98,90,4.4,-8.47,-38.28
-98,90,4.56,-12.056,-41.87
-98,90,4.72,-11.034,-41.02
-98,90,4.88,-14.7,-44.83
-98,90,5.04,-23.19,-53.24
-98,90,5.2,-16.21,-47.63
-98,90,5.36,-16.86,-47.66
-98,90,5.52,-23.858,-54.14
-98,90,5.68,-25.89,-57.26
-98,90,5.84,-28.042,-59.49
-98,90,6,-19.72,-51.26
-98,90,6.16,-22.02,-54.06
-98,90,6.32,-23.038,-56.53
-98,90,6.48,-18.086,-52.17
-98,90,6.64,-16.798,-51.19
-98,90,6.8,-14.12,-47.62
-98,90,6.96,-13.932,-48.26
-98,90,7.12,-13.246,-47.84
-98,90,7.28,-16.572,-50.95
-98,90,7.44,-15.216,-49.55
-98,90,7.6,-18.72,-52.12
-98,90,7.76,-31.058,-66.28
-98,90,7.92,-19.332,-53.96
-98,90,8.08,-17.436,-52.24
-98,90,8.24,-24.732,-59.84
-98,90,8.4,-20.16,-55.54
-98,90,8.56,-13.522,-49.8
-98,90,8.72,-15.128,-52.43
-98,90,8.88,-19.038,-56.18
-98,90,9.04,-14.044,-51.83
-98,90,9.2,-17.45,-56.31
-98,90,9.36,-30.534,-68.6
-98,90,9.52,-16.992,-55.37
-98,90,9.68,-17.68,-56.57
-98,90,9.84,-18.906,-58.02
-98,90,10,-14.89,-53.96
-98,90,10.16,-13.658,-53.3
-98,90,10.32,-11.532,-51.16
-98,90,10.48,-16.048,-55.58
-98,90,10.64,-12.768,-52.78
-98,90,10.8,-11.09,-51.36
-98,90,10.96,-18.726,-58.71
-98,90,11.12,-17.796,-58.04
-98,90,11.28,-16.916,-57.36
-98,90,11.44,-18.782,-59.53
-98,90,11.6,-24.16,-65.03
-98,90,11.76,-23.464,-64.58
-98,90,11.92,-15.744,-56.87
-98,90,12.08,-25.24,-67.43
-98,90,12.24,-25.584,-67.84
-98,90,12.4,-19.6,-62.26
-98,90,12.56,-15.26,-59.33
-98,90,12.72,-23.704,-68.26
-98,90,12.88,-19.426,-64.63
-98,90,13.04,-17.608,-64.11
-98,90,13.2,-17.7,-64.48
-98,90,13.36,-28.364,-74.58
-98,90,13.52,-25.612,-71.62
-98,90,13.68,-20.23,-66.91
-98,90,13.84,-28.328,-75.81
-98,90,14,-24.98,-72.83
-98,90,14.16,-27.026,-75.25
-98,90,14.32,-26.796,-75.75
-98,90,14.48,-18.524,-70.35
-98,90,14.64,-24.534,-73.99
-98,90,14.8,-21.04,-69.05
-98,90,14.96,-21.332,-68.46
-98,90,15.12,-22.78,-69.21
-98,90,15.28,-25.15,-71.7
-98,90,15.44,-28.876,-75.19
-98,90,15.6,-19.89,-66.52
-98,90,15.76,-21.808,-69
-98,90,15.92,-23.082,-70.26
-98,90,16.08,-21.912,-69.37
-98,90,16.24,-25.634,-73.76
-98,90,16.4,-19.59,-69.4
-98,90,16.56,-21.008,-69.94
-98,90,16.72,-22.518,-72
-98,90,16.88,-19.314,-69.78
-98,90,17.04,-29.656,-80.91
-98,90,17.2,-31.94,-84.37
-98,90,17.36,-29.706,-82.35
-98,90,17.52,-22.826,-75.36
-98,90,17.68,-18.132,-71.21
-98,90,17.84,-23.148,-76.06
-98,90,18,-15.97,-68.78
-97,90,2,-7.97,-29.76
-97,90,2.16,-5.688,-29.1
-97,90,2.32,-4.936,-30.59
-97,90,2.48,-6.144,-33.39
-97,90,2.64,-10.458,-39.17
-97,90,2.8,-6.79,-33.85
-97,90,2.96,-6.068,-34.38
-97,90,3.12,-8.246,-36.48
-97,90,3.28,-5.692,-35.71
-97,90,3.44,-4.662,-33.31
-97,90,3.6,-10.59,-38.04
-97,90,3.76,-11.224,-40.71
-97,90,3.92,-6.61199999999999,-34.16
-97,90,4.08,-10.172,-37.84
-97,90,4.24,-10.766,-39.79
-97,90,4.4,-6.84,-36.65
-97,90,4.56,-10.796,-40.61
-97,90,4.72,-10.394,-40.38
-97,90,4.88,-13.33,-43.46
-97,90,5.04,-17.52,-47.57
-97,90,5.2,-15.45,-46.87
-97,90,5.36,-16.92,-47.72
-97,90,5.52,-22.408,-52.69
-97,90,5.68,-27.77,-59.14
-97,90,5.84,-23.892,-55.34
-97,90,6,-21.6,-53.14
-97,90,6.16,-27.11,-59.15
-97,90,6.32,-22.198,-55.69
-97,90,6.48,-19.686,-53.77
-97,90,6.64,-18.218,-52.61
-97,90,6.8,-15.51,-49.01
-97,90,6.96,-14.962,-49.29
-97,90,7.12,-15.546,-50.14
-97,90,7.28,-16.772,-51.15
-97,90,7.44,-15.376,-49.71
-97,90,7.6,-17.31,-50.71
-97,90,7.76,-27.418,-62.64
-97,90,7.92,-17.162,-51.79
-97,90,8.08,-16.926,-51.73
-97,90,8.24,-25.812,-60.92
-97,90,8.4,-17.95,-53.33
-97,90,8.56,-13.182,-49.46
-97,90,8.72,-13.088,-50.39
-97,90,8.88,-18.678,-55.82
-97,90,9.04,-13.074,-50.86
-97,90,9.2,-13.24,-52.1
-97,90,9.36,-23.774,-61.84
-97,90,9.52,-18.972,-57.35
-97,90,9.68,-23.46,-62.35
-97,90,9.84,-24.426,-63.54
-97,90,10,-14.46,-53.53
-97,90,10.16,-15.848,-55.49
-97,90,10.32,-15.822,-55.45
-97,90,10.48,-16.548,-56.08
-97,90,10.64,-14.488,-54.5
-97,90,10.8,-13.03,-53.3
-97,90,10.96,-19.236,-59.22
-97,90,11.12,-18.306,-58.55
-97,90,11.28,-17.046,-57.49
-97,90,11.44,-18.092,-58.84
-97,90,11.6,-24.86,-65.73
-97,90,11.76,-16.874,-57.99
-97,90,11.92,-16.414,-57.54
-97,90,12.08,-26.76,-68.95
-97,90,12.24,-34.414,-76.67
-97,90,12.4,-19.23,-61.89
-97,90,12.56,-16.52,-60.59
-97,90,12.72,-34.684,-79.24
-97,90,12.88,-23.706,-68.91
-97,90,13.04,-20.048,-66.55
-97,90,13.2,-20.38,-67.16
-97,90,13.36,-26.154,-72.37
-97,90,13.52,-22.872,-68.88
-97,90,13.68,-17.01,-63.69
-97,90,13.84,-25.658,-73.14
-97,90,14,-23.81,-71.66
-97,90,14.16,-13.686,-61.91
-97,90,14.32,-18.106,-67.06
-97,90,14.48,-16.084,-67.91
-97,90,14.64,-17.604,-67.06
-97,90,14.8,-16.65,-64.66
-97,90,14.96,-20.992,-68.12
-97,90,15.12,-23.66,-70.09
-97,90,15.28,-18.36,-64.91
-97,90,15.44,-27.506,-73.82
-97,90,15.6,-19.59,-66.22
-97,90,15.76,-18.178,-65.37
-97,90,15.92,-23.582,-70.76
-97,90,16.08,-22.222,-69.68
-97,90,16.24,-25.584,-73.71
-97,90,16.4,-17.31,-67.12
-97,90,16.56,-25.408,-74.34
-97,90,16.72,-27.428,-76.91
-97,90,16.88,-19.434,-69.9
-97,90,17.04,-26.876,-78.13
-97,90,17.2,-31.04,-83.47
-97,90,17.36,-20.656,-73.3
-97,90,17.52,-27.586,-80.12
-97,90,17.68,-21.902,-74.98
-97,90,17.84,-15.578,-68.49
-97,90,18,-16.87,-69.68
-96,90,2,-7.48,-29.27
-96,90,2.16,-4.988,-28.4
-96,90,2.32,-4.606,-30.26
-96,90,2.48,-5.754,-33
-96,90,2.64,-9.818,-38.53
-96,90,2.8,-5.73,-32.79
-96,90,2.96,-5.288,-33.6
-96,90,3.12,-7.856,-36.09
-96,90,3.28,-4.93200000000001,-34.95
-96,90,3.44,-4.502,-33.15
-96,90,3.6,-9.88,-37.33
-96,90,3.76,-9.844,-39.33
-96,90,3.92,-5.192,-32.74
-96,90,4.08,-9.532,-37.2
-96,90,4.24,-9.70599999999999,-38.73
-96,90,4.4,-5.61,-35.42
-96,90,4.56,-10.036,-39.85
-96,90,4.72,-10.024,-40.01
-96,90,4.88,-11.46,-41.59
-96,90,5.04,-15.21,-45.26
-96,90,5.2,-15.41,-46.83
-96,90,5.36,-17.48,-48.28
-96,90,5.52,-22.058,-52.34
-96,90,5.68,-26.85,-58.22
-96,90,5.84,-23.982,-55.43
-96,90,6,-25.7,-57.24
-96,90,6.16,-30.99,-63.03
-96,90,6.32,-23.438,-56.93
-96,90,6.48,-23.046,-57.13
-96,90,6.64,-20.018,-54.41
-96,90,6.8,-17.77,-51.27
-96,90,6.96,-16.642,-50.97
-96,90,7.12,-18.316,-52.91
-96,90,7.28,-16.602,-50.98
-96,90,7.44,-14.166,-48.5
-96,90,7.6,-16.96,-50.36
-96,90,7.76,-22.768,-57.99
-96,90,7.92,-14.432,-49.06
-96,90,8.08,-15.026,-49.83
-96,90,8.24,-21.452,-56.56
-96,90,8.4,-17.57,-52.95
-96,90,8.56,-12.992,-49.27
-96,90,8.72,-12.068,-49.37
-96,90,8.88,-16.568,-53.71
-96,90,9.04,-13.174,-50.96
-96,90,9.2,-11.42,-50.28
-96,90,9.36,-18.294,-56.36
-96,90,9.52,-17.292,-55.67
-96,90,9.68,-21.93,-60.82
-96,90,9.84,-19.566,-58.68
-96,90,10,-17.94,-57.01
-96,90,10.16,-18.058,-57.7
-96,90,10.32,-28.452,-68.08
-96,90,10.48,-19.858,-59.39
-96,90,10.64,-15.658,-55.67
-96,90,10.8,-16.15,-56.42
-96,90,10.96,-19.176,-59.16
-96,90,11.12,-17.816,-58.06
-96,90,11.28,-16.266,-56.71
-96,90,11.44,-18.002,-58.75
-96,90,11.6,-23.6,-64.47
-96,90,11.76,-15.314,-56.43
-96,90,11.92,-16.494,-57.62
-96,90,12.08,-28.95,-71.14
-96,90,12.24,-25.464,-67.72
-96,90,12.4,-17.73,-60.39
-96,90,12.56,-15.16,-59.23
-96,90,12.72,-28.564,-73.12
-96,90,12.88,-22.976,-68.18
-96,90,13.04,-22.388,-68.89
-96,90,13.2,-18.36,-65.14
-96,90,13.36,-20.484,-66.7
-96,90,13.52,-20.092,-66.1
-96,90,13.68,-18.99,-65.67
-96,90,13.84,-24.628,-72.11
-96,90,14,-19.58,-67.43
-96,90,14.16,-16.036,-64.26
-96,90,14.32,-17.396,-66.35
-96,90,14.48,-13.054,-64.88
-96,90,14.64,-15.024,-64.48
-96,90,14.8,-14.06,-62.07
-96,90,14.96,-16.442,-63.57
-96,90,15.12,-20.69,-67.12
-96,90,15.28,-17.51,-64.06
-96,90,15.44,-21.086,-67.4
-96,90,15.6,-22.5,-69.13
-96,90,15.76,-16.018,-63.21
-96,90,15.92,-28.502,-75.68
-96,90,16.08,-25.932,-73.39
-96,90,16.24,-30.254,-78.38
-96,90,16.4,-20.2,-70.01
-96,90,16.56,-27.068,-76
-96,90,16.72,-32.388,-81.87
-96,90,16.88,-19.424,-69.89
-96,90,17.04,-27.786,-79.04
-96,90,17.2,-33.8,-86.23
-96,90,17.36,-21.236,-73.88
-96,90,17.52,-18.406,-70.94
-96,90,17.68,-18.092,-71.17
-96,90,17.84,-33.668,-86.58
-96,90,18,-19.76,-72.57
-95,90,2,-6.95,-28.74
-95,90,2.16,-4.418,-27.83
-95,90,2.32,-4.316,-29.97
-95,90,2.48,-5.214,-32.46
-95,90,2.64,-9.408,-38.12
-95,90,2.8,-4.8,-31.86
-95,90,2.96,-4.508,-32.82
-95,90,3.12,-7.576,-35.81
-95,90,3.28,-4.142,-34.16
-95,90,3.44,-4.372,-33.02
-95,90,3.6,-9.06,-36.51
-95,90,3.76,-8.564,-38.05
-95,90,3.92,-4.142,-31.69
-95,90,4.08,-9.152,-36.82
-95,90,4.24,-8.966,-37.99
-95,90,4.4,-4.64,-34.45
-95,90,4.56,-9.686,-39.5
-95,90,4.72,-9.904,-39.89
-95,90,4.88,-10.17,-40.3
-95,90,5.04,-13.47,-43.52
-95,90,5.2,-16.55,-47.97
-95,90,5.36,-17.77,-48.57
-95,90,5.52,-22.338,-52.62
-95,90,5.68,-24.64,-56.01
-95,90,5.84,-25.832,-57.28
-95,90,6,-30.37,-61.91
-95,90,6.16,-27.3,-59.34
-95,90,6.32,-28.038,-61.53
-95,90,6.48,-31.866,-65.95
-95,90,6.64,-24.738,-59.13
-95,90,6.8,-19.91,-53.41
-95,90,6.96,-20.582,-54.91
-95,90,7.12,-18.736,-53.33
-95,90,7.28,-16.772,-51.15
-95,90,7.44,-12.786,-47.12
-95,90,7.6,-16.93,-50.33
-95,90,7.76,-20.258,-55.48
-95,90,7.92,-12.592,-47.22
-95,90,8.08,-14.206,-49.01
-95,90,8.24,-19.672,-54.78
-95,90,8.4,-18.4,-53.78
-95,90,8.56,-13.212,-49.49
-95,90,8.72,-11.418,-48.72
-95,90,8.88,-16.808,-53.95
-95,90,9.04,-13.314,-51.1
-95,90,9.2,-10.84,-49.7
-95,90,9.36,-14.894,-52.96
-95,90,9.52,-16.462,-54.84
-95,90,9.68,-19.5,-58.39
-95,90,9.84,-17.966,-57.08
-95,90,10,-24.05,-63.12
-95,90,10.16,-22.598,-62.24
-95,90,10.32,-22.262,-61.89
-95,90,10.48,-21.238,-60.77
-95,90,10.64,-18.178,-58.19
-95,90,10.8,-23.39,-63.66
-95,90,10.96,-15.846,-55.83
-95,90,11.12,-16.056,-56.3
-95,90,11.28,-15.876,-56.32
-95,90,11.44,-18.122,-58.87
-95,90,11.6,-18.85,-59.72
-95,90,11.76,-14.034,-55.15
-95,90,11.92,-18.024,-59.15
-95,90,12.08,-20.6,-62.79
-95,90,12.24,-18.654,-60.91
-95,90,12.4,-17.68,-60.34
-95,90,12.56,-17.13,-61.2
-95,90,12.72,-30.684,-75.24
-95,90,12.88,-18.456,-63.66
-95,90,13.04,-17.568,-64.07
-95,90,13.2,-19.21,-65.99
-95,90,13.36,-23.794,-70.01
-95,90,13.52,-23.932,-69.94
-95,90,13.68,-21.24,-67.92
-95,90,13.84,-23.348,-70.83
-95,90,14,-18.93,-66.78
-95,90,14.16,-14.236,-62.46
-95,90,14.32,-15.376,-64.33
-95,90,14.48,-12.294,-64.12
-95,90,14.64,-14.984,-64.44
-95,90,14.8,-15.49,-63.5
-95,90,14.96,-14.322,-61.45
-95,90,15.12,-15.5,-61.93
-95,90,15.28,-22.37,-68.92
-95,90,15.44,-18.356,-64.67
-95,90,15.6,-19.15,-65.78
-95,90,15.76,-23.238,-70.43
-95,90,15.92,-26.792,-73.97
-95,90,16.08,-28.642,-76.1
-95,90,16.24,-25.734,-73.86
-95,90,16.4,-19.42,-69.23
-95,90,16.56,-36.408,-85.34
-95,90,16.72,-26.108,-75.59
-95,90,16.88,-24.384,-74.85
-95,90,17.04,-25.506,-76.76
-95,90,17.2,-20.5,-72.93
-95,90,17.36,-23.676,-76.32
-95,90,17.52,-20.846,-73.38
-95,90,17.68,-24.442,-77.52
-95,90,17.84,-18.168,-71.08
-95,90,18,-20.77,-73.58
-94,90,2,-6.35,-28.14
-94,90,2.16,-3.928,-27.34
-94,90,2.32,-4.006,-29.66
-94,90,2.48,-4.784,-32.03
-94,90,2.64,-8.968,-37.68
-94,90,2.8,-3.87,-30.93
-94,90,2.96,-3.738,-32.05
-94,90,3.12,-7.416,-35.65
-94,90,3.28,-3.482,-33.5
-94,90,3.44,-4.402,-33.05
-94,90,3.6,-8.25,-35.7
-94,90,3.76,-7.564,-37.05
-94,90,3.92,-3.362,-30.91
-94,90,4.08,-8.862,-36.53
-94,90,4.24,-8.226,-37.25
-94,90,4.4,-3.99,-33.8
-94,90,4.56,-9.626,-39.44
-94,90,4.72,-9.864,-39.85
-94,90,4.88,-8.97,-39.1
-94,90,5.04,-12.85,-42.9
-94,90,5.2,-17.89,-49.31
-94,90,5.36,-18,-48.8
-94,90,5.52,-23.148,-53.43
-94,90,5.68,-23.6,-54.97
-94,90,5.84,-28.972,-60.42
-94,90,6,-44.67,-76.21
-94,90,6.16,-25.15,-57.19
-94,90,6.32,-34.458,-67.95
-94,90,6.48,-29.616,-63.7
-94,90,6.64,-49.448,-83.84
-94,90,6.8,-22.06,-55.56
-94,90,6.96,-21.512,-55.84
-94,90,7.12,-17.786,-52.38
-94,90,7.28,-16.692,-51.07
-94,90,7.44,-12.236,-46.57
-94,90,7.6,-16.77,-50.17
-94,90,7.76,-17.638,-52.86
-94,90,7.92,-12.172,-46.8
-94,90,8.08,-13.926,-48.73
-94,90,8.24,-19.662,-54.77
-94,90,8.4,-20.28,-55.66
-94,90,8.56,-14.032,-50.31
-94,90,8.72,-11.888,-49.19
-94,90,8.88,-17.328,-54.47
-94,90,9.04,-14.544,-52.33
-94,90,9.2,-11.09,-49.95
-94,90,9.36,-14.494,-52.56
-94,90,9.52,-16.892,-55.27
-94,90,9.68,-17.41,-56.3
-94,90,9.84,-17.296,-56.41
-94,90,10,-22.98,-62.05
-94,90,10.16,-19.628,-59.27
-94,90,10.32,-15.862,-55.49
-94,90,10.48,-21.048,-60.58
-94,90,10.64,-20.338,-60.35
-94,90,10.8,-27.13,-67.4
-94,90,10.96,-14.276,-54.26
-94,90,11.12,-16.336,-56.58
-94,90,11.28,-15.726,-56.17
-94,90,11.44,-17.012,-57.76
-94,90,11.6,-19.04,-59.91
-94,90,11.76,-14.724,-55.84
-94,90,11.92,-17.504,-58.63
-94,90,12.08,-20.1,-62.29
-94,90,12.24,-19.384,-61.64
-94,90,12.4,-17.39,-60.05
-94,90,12.56,-19.04,-63.11
-94,90,12.72,-22.834,-67.39
-94,90,12.88,-20.466,-65.67
-94,90,13.04,-20.808,-67.31
-94,90,13.2,-17.68,-64.46
-94,90,13.36,-22.164,-68.38
-94,90,13.52,-20.752,-66.76
-94,90,13.68,-26.41,-73.09
-94,90,13.84,-24.468,-71.95
-94,90,14,-21.42,-69.27
-94,90,14.16,-16.496,-64.72
-94,90,14.32,-15.406,-64.36
-94,90,14.48,-12.624,-64.45
-94,90,14.64,-13.364,-62.82
-94,90,14.8,-14.75,-62.76
-94,90,14.96,-14.332,-61.46
-94,90,15.12,-17.53,-63.96
-94,90,15.28,-18.28,-64.83
-94,90,15.44,-14.216,-60.53
-94,90,15.6,-18.53,-65.16
-94,90,15.76,-29.118,-76.31
-94,90,15.92,-31.392,-78.57
-94,90,16.08,-23.112,-70.57
-94,90,16.24,-24.004,-72.13
-94,90,16.4,-22.24,-72.05
-94,90,16.56,-27.338,-76.27
-94,90,16.72,-34.988,-84.47
-94,90,16.88,-30.094,-80.56
-94,90,17.04,-20.746,-72
-94,90,17.2,-29.94,-82.37
-94,90,17.36,-30.156,-82.8
-94,90,17.52,-18.336,-70.87
-94,90,17.68,-19.972,-73.05
-94,90,17.84,-20.228,-73.14
-94,90,18,-13.79,-66.6
-93,90,2,-6.01,-27.8
-93,90,2.16,-3.448,-26.86
-93,90,2.32,-3.866,-29.52
-93,90,2.48,-4.444,-31.69
-93,90,2.64,-8.298,-37.01
-93,90,2.8,-3.14,-30.2
-93,90,2.96,-3.328,-31.64
-93,90,3.12,-7.006,-35.24
-93,90,3.28,-2.982,-33
-93,90,3.44,-4.432,-33.08
-93,90,3.6,-7.45,-34.9
-93,90,3.76,-6.614,-36.1
-93,90,3.92,-2.932,-30.48
-93,90,4.08,-8.702,-36.37
-93,90,4.24,-7.866,-36.89
-93,90,4.4,-3.59,-33.4
-93,90,4.56,-9.666,-39.48
-93,90,4.72,-10.214,-40.2
-93,90,4.88,-8.14,-38.27
-93,90,5.04,-12.65,-42.7
-93,90,5.2,-18.42,-49.84
-93,90,5.36,-18.12,-48.92
-93,90,5.52,-23.938,-54.22
-93,90,5.68,-22.98,-54.35
-93,90,5.84,-23.352,-54.8
-93,90,6,-27.13,-58.67
-93,90,6.16,-22.96,-55
-93,90,6.32,-28.088,-61.58
-93,90,6.48,-21.976,-56.06
-93,90,6.64,-29.238,-63.63
-93,90,6.8,-21.44,-54.94
-93,90,6.96,-20.822,-55.15
-93,90,7.12,-17.126,-51.72
-93,90,7.28,-16.942,-51.32
-93,90,7.44,-11.726,-46.06
-93,90,7.6,-18.54,-51.94
-93,90,7.76,-17.668,-52.89
-93,90,7.92,-12.622,-47.25
-93,90,8.08,-16.276,-51.08
-93,90,8.24,-22.612,-57.72
-93,90,8.4,-18.77,-54.15
-93,90,8.56,-13.652,-49.93
-93,90,8.72,-13.458,-50.76
-93,90,8.88,-20.998,-58.14
-93,90,9.04,-14.994,-52.78
-93,90,9.2,-11.03,-49.89
-93,90,9.36,-12.864,-50.93
-93,90,9.52,-16.342,-54.72
-93,90,9.68,-14.72,-53.61
-93,90,9.84,-14.056,-53.17
-93,90,10,-16.34,-55.41
-93,90,10.16,-15.888,-55.53
-93,90,10.32,-14.332,-53.96
-93,90,10.48,-19.528,-59.06
-93,90,10.64,-23.948,-63.96
-93,90,10.8,-21.23,-61.5
-93,90,10.96,-15.786,-55.77
-93,90,11.12,-19.976,-60.22
-93,90,11.28,-16.966,-57.41
-93,90,11.44,-18.412,-59.16
-93,90,11.6,-18.98,-59.85
-93,90,11.76,-15.204,-56.32
-93,90,11.92,-20.634,-61.76
-93,90,12.08,-19.33,-61.52
-93,90,12.24,-20.384,-62.64
-93,90,12.4,-17.25,-59.91
-93,90,12.56,-20.92,-64.99
-93,90,12.72,-25.234,-69.79
-93,90,12.88,-22.426,-67.63
-93,90,13.04,-18.918,-65.42
-93,90,13.2,-23.24,-70.02
-93,90,13.36,-19.254,-65.47
-93,90,13.52,-27.222,-73.23
-93,90,13.68,-25.6,-72.28
-93,90,13.84,-21.458,-68.94
-93,90,14,-21.25,-69.1
-93,90,14.16,-15.626,-63.85
-93,90,14.32,-16.196,-65.15
-93,90,14.48,-16.194,-68.02
-93,90,14.64,-14.684,-64.14
-93,90,14.8,-14.09,-62.1
-93,90,14.96,-16.872,-64
-93,90,15.12,-16.97,-63.4
-93,90,15.28,-22.91,-69.46
-93,90,15.44,-29.156,-75.47
-93,90,15.6,-31,-77.63
-93,90,15.76,-29.008,-76.2
-93,90,15.92,-46.842,-94.02
-93,90,16.08,-26.452,-73.91
-93,90,16.24,-23.334,-71.46
-93,90,16.4,-19.72,-69.53
-93,90,16.56,-26.088,-75.02
-93,90,16.72,-37.028,-86.51
-93,90,16.88,-32.424,-82.89
-93,90,17.04,-24.236,-75.49
-93,90,17.2,-26.98,-79.41
-93,90,17.36,-20.336,-72.98
-93,90,17.52,-20.226,-72.76
-93,90,17.68,-24.132,-77.21
-93,90,17.84,-28.448,-81.36
-93,90,18,-18.39,-71.2
-92,90,2,-5.69,-27.48
-92,90,2.16,-3.088,-26.5
-92,90,2.32,-3.746,-29.4
-92,90,2.48,-4.024,-31.27
-92,90,2.64,-7.728,-36.44
-92,90,2.8,-2.5,-29.56
-92,90,2.96,-2.738,-31.05
-92,90,3.12,-7.096,-35.33
-92,90,3.28,-2.522,-32.54
-92,90,3.44,-4.402,-33.05
-92,90,3.6,-6.66,-34.11
-92,90,3.76,-5.934,-35.42
-92,90,3.92,-2.762,-30.31
-92,90,4.08,-8.702,-36.37
-92,90,4.24,-7.676,-36.7
-92,90,4.4,-3.26,-33.07
-92,90,4.56,-10.126,-39.94
-92,90,4.72,-10.104,-40.09
-92,90,4.88,-7.66999999999999,-37.8
-92,90,5.04,-13.09,-43.14
-92,90,5.2,-17.08,-48.5
-92,90,5.36,-17.5,-48.3
-92,90,5.52,-22.698,-52.98
-92,90,5.68,-22.92,-54.29
-92,90,5.84,-18.902,-50.35
-92,90,6,-23.93,-55.47
-92,90,6.16,-21.61,-53.65
-92,90,6.32,-24.278,-57.77
-92,90,6.48,-18.396,-52.48
-92,90,6.64,-25.608,-60
-92,90,6.8,-20.22,-53.72
-92,90,6.96,-19.712,-54.04
-92,90,7.12,-17.316,-51.91
-92,90,7.28,-18.082,-52.46
-92,90,7.44,-12.446,-46.78
-92,90,7.6,-20.36,-53.76
-92,90,7.76,-16.258,-51.48
-92,90,7.92,-13.202,-47.83
-92,90,8.08,-17.056,-51.86
-92,90,8.24,-23.032,-58.14
-92,90,8.4,-15.19,-50.57
-92,90,8.56,-13.162,-49.44
-92,90,8.72,-15.818,-53.12
-92,90,8.88,-25.338,-62.48
-92,90,9.04,-16.204,-53.99
-92,90,9.2,-9.82,-48.68
-92,90,9.36,-12.354,-50.42
-92,90,9.52,-16.622,-55
-92,90,9.68,-12.62,-51.51
-92,90,9.84,-11.926,-51.04
-92,90,10,-14.49,-53.56
-92,90,10.16,-13.848,-53.49
-92,90,10.32,-13.832,-53.46
-92,90,10.48,-17.548,-57.08
-92,90,10.64,-23.578,-63.59
-92,90,10.8,-20.27,-60.54
-92,90,10.96,-18.316,-58.3
-92,90,11.12,-23.026,-63.27
-92,90,11.28,-21.966,-62.41
-92,90,11.44,-19.752,-60.5
-92,90,11.6,-21.04,-61.91
-92,90,11.76,-15.964,-57.08
-92,90,11.92,-20.044,-61.17
-92,90,12.08,-17.22,-59.41
-92,90,12.24,-22.534,-64.79
-92,90,12.4,-19.18,-61.84
-92,90,12.56,-19.46,-63.53
-92,90,12.72,-20.974,-65.53
-92,90,12.88,-25.936,-71.14
-92,90,13.04,-18.878,-65.38
-92,90,13.2,-22.05,-68.83
-92,90,13.36,-25.584,-71.8
-92,90,13.52,-25.072,-71.08
-92,90,13.68,-25.27,-71.95
-92,90,13.84,-20.898,-68.38
-92,90,14,-29.96,-77.81
-92,90,14.16,-25.746,-73.97
-92,90,14.32,-16.866,-65.82
-92,90,14.48,-16.864,-68.69
-92,90,14.64,-16.164,-65.62
-92,90,14.8,-17.88,-65.89
-92,90,14.96,-21.162,-68.29
-92,90,15.12,-21.44,-67.87
-92,90,15.28,-25.97,-72.52
-92,90,15.44,-27.446,-73.76
-92,90,15.6,-22.32,-68.95
-92,90,15.76,-28.128,-75.32
-92,90,15.92,-21.202,-68.38
-92,90,16.08,-22.492,-69.95
-92,90,16.24,-25.454,-73.58
-92,90,16.4,-24.59,-74.4
-92,90,16.56,-24.008,-72.94
-92,90,16.72,-35.908,-85.39
-92,90,16.88,-26.614,-77.08
-92,90,17.04,-20.596,-71.85
-92,90,17.2,-27.75,-80.18
-92,90,17.36,-20.636,-73.28
-92,90,17.52,-18.636,-71.17
-92,90,17.68,-27.702,-80.78
-92,90,17.84,-25.598,-78.51
-92,90,18,-16.46,-69.27
-91,90,2,-5.41,-27.2
-91,90,2.16,-2.798,-26.21
-91,90,2.32,-3.536,-29.19
-91,90,2.48,-3.694,-30.94
-91,90,2.64,-7.128,-35.84
-91,90,2.8,-2.02,-29.08
-91,90,2.96,-2.348,-30.66
-91,90,3.12,-6.856,-35.09
-91,90,3.28,-2.272,-32.29
-91,90,3.44,-4.402,-33.05
-91,90,3.6,-6.13,-33.58
-91,90,3.76,-5.474,-34.96
-91,90,3.92,-2.812,-30.36
-91,90,4.08,-8.902,-36.57
-91,90,4.24,-7.37599999999999,-36.4
-91,90,4.4,-3.14,-32.95
-91,90,4.56,-11.026,-40.84
-91,90,4.72,-10.124,-40.11
-91,90,4.88,-7.52999999999999,-37.66
-91,90,5.04,-13.54,-43.59
-91,90,5.2,-14.68,-46.1
-91,90,5.36,-16.07,-46.87
-91,90,5.52,-20.908,-51.19
-91,90,5.68,-20.78,-52.15
-91,90,5.84,-16.502,-47.95
-91,90,6,-22.18,-53.72
-91,90,6.16,-22.11,-54.15
-91,90,6.32,-20.438,-53.93
-91,90,6.48,-17.176,-51.26
-91,90,6.64,-22.708,-57.1
-91,90,6.8,-22.11,-55.61
-91,90,6.96,-18.802,-53.13
-91,90,7.12,-18.416,-53.01
-91,90,7.28,-20.102,-54.48
-91,90,7.44,-14.396,-48.73
-91,90,7.6,-22.65,-56.05
-91,90,7.76,-17.218,-52.44
-91,90,7.92,-14.282,-48.91
-91,90,8.08,-17.806,-52.61
-91,90,8.24,-17.772,-52.88
-91,90,8.4,-12.91,-48.29
-91,90,8.56,-12.152,-48.43
-91,90,8.72,-18.388,-55.69
-91,90,8.88,-23.778,-60.92
-91,90,9.04,-16.924,-54.71
-91,90,9.2,-10.11,-48.97
-91,90,9.36,-13.454,-51.52
-91,90,9.52,-17.472,-55.85
-91,90,9.68,-11.86,-50.75
-91,90,9.84,-10.816,-49.93
-91,90,10,-15.18,-54.25
-91,90,10.16,-12.828,-52.47
-91,90,10.32,-14.382,-54.01
-91,90,10.48,-15.968,-55.5
-91,90,10.64,-19.528,-59.54
-91,90,10.8,-16.71,-56.98
-91,90,10.96,-16.906,-56.89
-91,90,11.12,-21.826,-62.07
-91,90,11.28,-18.706,-59.15
-91,90,11.44,-18.712,-59.46
-91,90,11.6,-21.09,-61.96
-91,90,11.76,-16.354,-57.47
-91,90,11.92,-20.244,-61.37
-91,90,12.08,-20.5,-62.69
-91,90,12.24,-20.854,-63.11
-91,90,12.4,-19.7,-62.36
-91,90,12.56,-20.36,-64.43
-91,90,12.72,-29.444,-74
-91,90,12.88,-27.476,-72.68
-91,90,13.04,-17.598,-64.1
-91,90,13.2,-20.72,-67.5
-91,90,13.36,-19.964,-66.18
-91,90,13.52,-30.142,-76.15
-91,90,13.68,-26.57,-73.25
-91,90,13.84,-20.658,-68.14
-91,90,14,-22.93,-70.78
-91,90,14.16,-20.876,-69.1
-91,90,14.32,-27.326,-76.28
-91,90,14.48,-31.024,-82.85
-91,90,14.64,-22.614,-72.07
-91,90,14.8,-22.88,-70.89
-91,90,14.96,-22.582,-69.71
-91,90,15.12,-29.6,-76.03
-91,90,15.28,-32.84,-79.39
-91,90,15.44,-42.266,-88.58
-91,90,15.6,-26.29,-72.92
-91,90,15.76,-26.028,-73.22
-91,90,15.92,-32.012,-79.19
-91,90,16.08,-25.862,-73.32
-91,90,16.24,-24.614,-72.74
-91,90,16.4,-16.51,-66.32
-91,90,16.56,-22.448,-71.38
-91,90,16.72,-17.478,-66.96
-91,90,16.88,-17.404,-67.87
-91,90,17.04,-20.086,-71.34
-91,90,17.2,-25.9,-78.33
-91,90,17.36,-17.956,-70.6
-91,90,17.52,-23.346,-75.88
-91,90,17.68,-18.272,-71.35
-91,90,17.84,-23.028,-75.94
-91,90,18,-34.08,-86.89
-90,90,2,-5.15,-26.94
-90,90,2.16,-2.498,-25.91
-90,90,2.32,-3.456,-29.11
-90,90,2.48,-3.354,-30.6
-90,90,2.64,-6.598,-35.31
-90,90,2.8,-1.64,-28.7
-90,90,2.96,-1.888,-30.2
-90,90,3.12,-6.876,-35.11
-90,90,3.28,-2.202,-32.22
-90,90,3.44,-4.352,-33
-90,90,3.6,-5.55,-33
-90,90,3.76,-5.234,-34.72
-90,90,3.92,-3.112,-30.66
-90,90,4.08,-9.362,-37.03
-90,90,4.24,-7.38599999999999,-36.41
-90,90,4.4,-3.36,-33.17
-90,90,4.56,-12.256,-42.07
-90,90,4.72,-10.004,-39.99
-90,90,4.88,-7.43,-37.56
-90,90,5.04,-14.41,-44.46
-90,90,5.2,-12.73,-44.15
-90,90,5.36,-15.07,-45.87
-90,90,5.52,-20.228,-50.51
-90,90,5.68,-19.48,-50.85
-90,90,5.84,-15.682,-47.13
-90,90,6,-20.51,-52.05
-90,90,6.16,-19.87,-51.91
-90,90,6.32,-19.708,-53.2
-90,90,6.48,-16.506,-50.59
-90,90,6.64,-23.528,-57.92
-90,90,6.8,-22.91,-56.41
-90,90,6.96,-20.172,-54.5
-90,90,7.12,-23.156,-57.75
-90,90,7.28,-21.582,-55.96
-90,90,7.44,-17.906,-52.24
-90,90,7.6,-22.46,-55.86
-90,90,7.76,-16.988,-52.21
-90,90,7.92,-14.932,-49.56
-90,90,8.08,-15.536,-50.34
-90,90,8.24,-15.202,-50.31
-90,90,8.4,-12.26,-47.64
-90,90,8.56,-12.402,-48.68
-90,90,8.72,-21.028,-58.33
-90,90,8.88,-27.438,-64.58
-90,90,9.04,-17.124,-54.91
-90,90,9.2,-11.34,-50.2
-90,90,9.36,-14.494,-52.56
-90,90,9.52,-17.252,-55.63
-90,90,9.68,-12.99,-51.88
-90,90,9.84,-11.966,-51.08
-90,90,10,-14.97,-54.04
-90,90,10.16,-11.538,-51.18
-90,90,10.32,-14.972,-54.6
-90,90,10.48,-15.618,-55.15
-90,90,10.64,-19.358,-59.37
-90,90,10.8,-15.9,-56.17
-90,90,10.96,-15.526,-55.51
-90,90,11.12,-19.526,-59.77
-90,90,11.28,-17.916,-58.36
-90,90,11.44,-14.532,-55.28
-90,90,11.6,-18.15,-59.02
-90,90,11.76,-15.194,-56.31
-90,90,11.92,-17.494,-58.62
-90,90,12.08,-18.57,-60.76
-90,90,12.24,-20.534,-62.79
-90,90,12.4,-17.87,-60.53
-90,90,12.56,-20.35,-64.42
-90,90,12.72,-23.174,-67.73
-90,90,12.88,-22.216,-67.42
-90,90,13.04,-25.418,-71.92
-90,90,13.2,-19.71,-66.49
-90,90,13.36,-28.114,-74.33
-90,90,13.52,-23.552,-69.56
-90,90,13.68,-34.68,-81.36
-90,90,13.84,-27.258,-74.74
-90,90,14,-21.09,-68.94
-90,90,14.16,-27.586,-75.81
-90,90,14.32,-25.466,-74.42
-90,90,14.48,-25.164,-76.99
-90,90,14.64,-24.024,-73.48
-90,90,14.8,-22.03,-70.04
-90,90,14.96,-26.002,-73.13
-90,90,15.12,-26.17,-72.6
-90,90,15.28,-32.02,-78.57
-90,90,15.44,-25.446,-71.76
-90,90,15.6,-24.51,-71.14
-90,90,15.76,-27.808,-75
-90,90,15.92,-31.262,-78.44
-90,90,16.08,-24.942,-72.4
-90,90,16.24,-26.164,-74.29
-90,90,16.4,-19.98,-69.79
-90,90,16.56,-19.708,-68.64
-90,90,16.72,-21.528,-71.01
-90,90,16.88,-21.234,-71.7
-90,90,17.04,-23.996,-75.25
-90,90,17.2,-18.78,-71.21
-90,90,17.36,-18.526,-71.17
-90,90,17.52,-20.146,-72.68
-90,90,17.68,-20.282,-73.36
-90,90,17.84,-23.418,-76.33
-90,90,18,-22.03,-74.84
-89,90,2,-4.91,-26.7
-89,90,2.16,-2.258,-25.67
-89,90,2.32,-3.356,-29.01
-89,90,2.48,-3.014,-30.26
-89,90,2.64,-6.128,-34.84
-89,90,2.8,-1.43,-28.49
-89,90,2.96,-1.638,-29.95
-89,90,3.12,-6.616,-34.85
-89,90,3.28,-2.172,-32.19
-89,90,3.44,-4.312,-32.96
-89,90,3.6,-5.13,-32.58
-89,90,3.76,-5.174,-34.66
-89,90,3.92,-3.592,-31.14
-89,90,4.08,-9.782,-37.45
-89,90,4.24,-7.55599999999999,-36.58
-89,90,4.4,-3.68,-33.49
-89,90,4.56,-13.576,-43.39
-89,90,4.72,-9.824,-39.81
-89,90,4.88,-7.63,-37.76
-89,90,5.04,-15,-45.05
-89,90,5.2,-11.62,-43.04
-89,90,5.36,-14.02,-44.82
-89,90,5.52,-20.088,-50.37
-89,90,5.68,-18.53,-49.9
-89,90,5.84,-15.772,-47.22
-89,90,6,-19.86,-51.4
-89,90,6.16,-18.73,-50.77
-89,90,6.32,-19.238,-52.73
-89,90,6.48,-16.806,-50.89
-89,90,6.64,-23.348,-57.74
-89,90,6.8,-27.22,-60.72
-89,90,6.96,-23.652,-57.98
-89,90,7.12,-26.676,-61.27
-89,90,7.28,-21.582,-55.96
-89,90,7.44,-21.836,-56.17
-89,90,7.6,-19.34,-52.74
-89,90,7.76,-17.058,-52.28
-89,90,7.92,-14.952,-49.58
-89,90,8.08,-15.266,-50.07
-89,90,8.24,-15.042,-50.15
-89,90,8.4,-13,-48.38
-89,90,8.56,-13.622,-49.9
-89,90,8.72,-23.538,-60.84
-89,90,8.88,-39.308,-76.45
-89,90,9.04,-20.894,-58.68
-89,90,9.2,-14.75,-53.61
-89,90,9.36,-18.834,-56.9
-89,90,9.52,-17.472,-55.85
-89,90,9.68,-14.32,-53.21
-89,90,9.84,-12.936,-52.05
-89,90,10,-14.3,-53.37
-89,90,10.16,-11.648,-51.29
-89,90,10.32,-14.932,-54.56
-89,90,10.48,-16.328,-55.86
-89,90,10.64,-16.958,-56.97
-89,90,10.8,-16.27,-56.54
-89,90,10.96,-15.796,-55.78
-89,90,11.12,-19.726,-59.97
-89,90,11.28,-17.256,-57.7
-89,90,11.44,-16.522,-57.27
-89,90,11.6,-20.7,-61.57
-89,90,11.76,-16.774,-57.89
-89,90,11.92,-18.984,-60.11
-89,90,12.08,-19.81,-62
-89,90,12.24,-24.804,-67.06
-89,90,12.4,-21.37,-64.03
-89,90,12.56,-23.28,-67.35
-89,90,12.72,-38.784,-83.34
-89,90,12.88,-24.896,-70.1
-89,90,13.04,-21.958,-68.46
-89,90,13.2,-31.76,-78.54
-89,90,13.36,-25.304,-71.52
-89,90,13.52,-30.902,-76.91
-89,90,13.68,-32.03,-78.71
-89,90,13.84,-33.978,-81.46
-89,90,14,-22.59,-70.44
-89,90,14.16,-24.436,-72.66
-89,90,14.32,-21.056,-70.01
-89,90,14.48,-20.134,-71.96
-89,90,14.64,-21.714,-71.17
-89,90,14.8,-22.14,-70.15
-89,90,14.96,-29.272,-76.4
-89,90,15.12,-25.59,-72.02
-89,90,15.28,-24.3,-70.85
-89,90,15.44,-42.466,-88.78
-89,90,15.6,-27.6,-74.23
-89,90,15.76,-25.328,-72.52
-89,90,15.92,-33.812,-80.99
-89,90,16.08,-35.222,-82.68
-89,90,16.24,-26.444,-74.57
-89,90,16.4,-25.16,-74.97
-89,90,16.56,-29.218,-78.15
-89,90,16.72,-20.468,-69.95
-89,90,16.88,-20.214,-70.68
-89,90,17.04,-21.476,-72.73
-89,90,17.2,-18.82,-71.25
-89,90,17.36,-39.146,-91.79
-89,90,17.52,-31.486,-84.02
-89,90,17.68,-25.162,-78.24
-89,90,17.84,-23.568,-76.48
-89,90,18,-31.23,-84.04
-88,90,2,-4.59,-26.38
-88,90,2.16,-2.098,-25.51
-88,90,2.32,-3.356,-29.01
-88,90,2.48,-2.584,-29.83
-88,90,2.64,-5.668,-34.38
-88,90,2.8,-1.27,-28.33
-88,90,2.96,-1.358,-29.67
-88,90,3.12,-6.446,-34.68
-88,90,3.28,-2.312,-32.33
-88,90,3.44,-4.142,-32.79
-88,90,3.6,-4.98,-32.43
-88,90,3.76,-5.384,-34.87
-88,90,3.92,-4.182,-31.73
-88,90,4.08,-10.452,-38.12
-88,90,4.24,-7.83599999999999,-36.86
-88,90,4.4,-4.33,-34.14
-88,90,4.56,-15.576,-45.39
-88,90,4.72,-9.854,-39.84
-88,90,4.88,-8.23,-38.36
-88,90,5.04,-15.73,-45.78
-88,90,5.2,-10.97,-42.39
-88,90,5.36,-13.5,-44.3
-88,90,5.52,-21.068,-51.35
-88,90,5.68,-18.66,-50.03
-88,90,5.84,-16.252,-47.7
-88,90,6,-20.23,-51.77
-88,90,6.16,-18.38,-50.42
-88,90,6.32,-18.588,-52.08
-88,90,6.48,-17.426,-51.51
-88,90,6.64,-27.488,-61.88
-88,90,6.8,-29.02,-62.52
-88,90,6.96,-21.782,-56.11
-88,90,7.12,-19.266,-53.86
-88,90,7.28,-20.932,-55.31
-88,90,7.44,-20.336,-54.67
-88,90,7.6,-18.12,-51.52
-88,90,7.76,-17.618,-52.84
-88,90,7.92,-16.502,-51.13
-88,90,8.08,-15.966,-50.77
-88,90,8.24,-14.882,-49.99
-88,90,8.4,-15.22,-50.6
-88,90,8.56,-16.062,-52.34
-88,90,8.72,-26.588,-63.89
-88,90,8.88,-32.408,-69.55
-88,90,9.04,-24.854,-62.64
-88,90,9.2,-22.76,-61.62
-88,90,9.36,-26.944,-65.01
-88,90,9.52,-19.002,-57.38
-88,90,9.68,-15.77,-54.66
-88,90,9.84,-14.736,-53.85
-88,90,10,-14.81,-53.88
-88,90,10.16,-12.388,-52.03
-88,90,10.32,-13.902,-53.53
-88,90,10.48,-15.158,-54.69
-88,90,10.64,-16.848,-56.86
-88,90,10.8,-17.23,-57.5
-88,90,10.96,-15.466,-55.45
-88,90,11.12,-20.276,-60.52
-88,90,11.28,-17.536,-57.98
-88,90,11.44,-18.342,-59.09
-88,90,11.6,-18.53,-59.4
-88,90,11.76,-19.084,-60.2
-88,90,11.92,-22.324,-63.45
-88,90,12.08,-23.39,-65.58
-88,90,12.24,-23.394,-65.65
-88,90,12.4,-25.41,-68.07
-88,90,12.56,-28.8,-72.87
-88,90,12.72,-42.834,-87.39
-88,90,12.88,-44.576,-89.78
-88,90,13.04,-22.308,-68.81
-88,90,13.2,-24.91,-71.69
-88,90,13.36,-28.864,-75.08
-88,90,13.52,-24.292,-70.3
-88,90,13.68,-34,-80.68
-88,90,13.84,-29.158,-76.64
-88,90,14,-22.61,-70.46
-88,90,14.16,-22.996,-71.22
-88,90,14.32,-20.646,-69.6
-88,90,14.48,-19.594,-71.42
-88,90,14.64,-24.204,-73.66
-88,90,14.8,-24.38,-72.39
-88,90,14.96,-32.572,-79.7
-88,90,15.12,-35.78,-82.21
-88,90,15.28,-28.77,-75.32
-88,90,15.44,-24.446,-70.76
-88,90,15.6,-31.38,-78.01
-88,90,15.76,-32.328,-79.52
-88,90,15.92,-27.452,-74.63
-88,90,16.08,-41.272,-88.73
-88,90,16.24,-30.044,-78.17
-88,90,16.4,-23.53,-73.34
-88,90,16.56,-35.538,-84.47
-88,90,16.72,-29.908,-79.39
-88,90,16.88,-18.674,-69.14
-88,90,17.04,-21.606,-72.86
-88,90,17.2,-18.52,-70.95
-88,90,17.36,-19.596,-72.24
-88,90,17.52,-17.976,-70.51
-88,90,17.68,-18.902,-71.98
-88,90,17.84,-19.998,-72.91
-88,90,18,-30.58,-83.39
-87,90,2,-4.39,-26.18
-87,90,2.16,-1.928,-25.34
-87,90,2.32,-3.296,-28.95
-87,90,2.48,-2.294,-29.54
-87,90,2.64,-5.328,-34.04
-87,90,2.8,-1.19,-28.25
-87,90,2.96,-1.128,-29.44
-87,90,3.12,-6.416,-34.65
-87,90,3.28,-2.582,-32.6
-87,90,3.44,-4.082,-32.73
-87,90,3.6,-4.9,-32.35
-87,90,3.76,-5.804,-35.29
-87,90,3.92,-4.902,-32.45
-87,90,4.08,-11.142,-38.81
-87,90,4.24,-8.30599999999999,-37.33
-87,90,4.4,-5.09,-34.9
-87,90,4.56,-17.666,-47.48
-87,90,4.72,-10.124,-40.11
-87,90,4.88,-9.07,-39.2
-87,90,5.04,-16.88,-46.93
-87,90,5.2,-10.98,-42.4
-87,90,5.36,-13.84,-44.64
-87,90,5.52,-23.348,-53.63
-87,90,5.68,-18.97,-50.34
-87,90,5.84,-19.452,-50.9
-87,90,6,-19.64,-51.18
-87,90,6.16,-17.74,-49.78
-87,90,6.32,-18.398,-51.89
-87,90,6.48,-19.126,-53.21
-87,90,6.64,-25.908,-60.3
-87,90,6.8,-25.18,-58.68
-87,90,6.96,-20.402,-54.73
-87,90,7.12,-16.656,-51.25
-87,90,7.28,-21.482,-55.86
-87,90,7.44,-19.146,-53.48
-87,90,7.6,-17.49,-50.89
-87,90,7.76,-18.408,-53.63
-87,90,7.92,-18.152,-52.78
-87,90,8.08,-17.056,-51.86
-87,90,8.24,-16.392,-51.5
-87,90,8.4,-16.89,-52.27
-87,90,8.56,-18.392,-54.67
-87,90,8.72,-21.398,-58.7
-87,90,8.88,-21.578,-58.72
-87,90,9.04,-26.044,-63.83
-87,90,9.2,-35.18,-74.04
-87,90,9.36,-34.324,-72.39
-87,90,9.52,-21.122,-59.5
-87,90,9.68,-17.98,-56.87
-87,90,9.84,-14.736,-53.85
-87,90,10,-14.06,-53.13
-87,90,10.16,-13.208,-52.85
-87,90,10.32,-15.332,-54.96
-87,90,10.48,-16.438,-55.97
-87,90,10.64,-16.668,-56.68
-87,90,10.8,-19,-59.27
-87,90,10.96,-15.296,-55.28
-87,90,11.12,-17.976,-58.22
-87,90,11.28,-18.926,-59.37
-87,90,11.44,-20.122,-60.87
-87,90,11.6,-19.91,-60.78
-87,90,11.76,-19.394,-60.51
-87,90,11.92,-21.414,-62.54
-87,90,12.08,-23.27,-65.46
-87,90,12.24,-26.814,-69.07
-87,90,12.4,-30.37,-73.03
-87,90,12.56,-20.82,-64.89
-87,90,12.72,-41.504,-86.06
-87,90,12.88,-26.786,-71.99
-87,90,13.04,-18.608,-65.11
-87,90,13.2,-23.92,-70.7
-87,90,13.36,-30.274,-76.49
-87,90,13.52,-32.792,-78.8
-87,90,13.68,-31.78,-78.46
-87,90,13.84,-25.428,-72.91
-87,90,14,-38.13,-85.98
-87,90,14.16,-22.856,-71.08
-87,90,14.32,-20.846,-69.8
-87,90,14.48,-16.874,-68.7
-87,90,14.64,-23.834,-73.29
-87,90,14.8,-30.61,-78.62
-87,90,14.96,-23.992,-71.12
-87,90,15.12,-35.5,-81.93
-87,90,15.28,-44.47,-91.02
-87,90,15.44,-20.096,-66.41
-87,90,15.6,-22.78,-69.41
-87,90,15.76,-24.878,-72.07
-87,90,15.92,-21.772,-68.95
-87,90,16.08,-28.782,-76.24
-87,90,16.24,-29.344,-77.47
-87,90,16.4,-26.66,-76.47
-87,90,16.56,-25.498,-74.43
-87,90,16.72,-20.688,-70.17
-87,90,16.88,-18.844,-69.31
-87,90,17.04,-21.556,-72.81
-87,90,17.2,-16.12,-68.55
-87,90,17.36,-26.796,-79.44
-87,90,17.52,-23.096,-75.63
-87,90,17.68,-20.812,-73.89
-87,90,17.84,-39.338,-92.25
-87,90,18,-22.4,-75.21
-86,90,2,-4.3,-26.09
-86,90,2.16,-1.798,-25.21
-86,90,2.32,-3.316,-28.97
-86,90,2.48,-1.934,-29.18
-86,90,2.64,-4.998,-33.71
-86,90,2.8,-1.15,-28.21
-86,90,2.96,-0.958000000000002,-29.27
-86,90,3.12,-6.386,-34.62
-86,90,3.28,-2.93200000000001,-32.95
-86,90,3.44,-3.892,-32.54
-86,90,3.6,-4.82,-32.27
-86,90,3.76,-6.344,-35.83
-86,90,3.92,-5.672,-33.22
-86,90,4.08,-12.222,-39.89
-86,90,4.24,-8.76599999999999,-37.79
-86,90,4.4,-6.37,-36.18
-86,90,4.56,-19.106,-48.92
-86,90,4.72,-10.604,-40.59
-86,90,4.88,-10.26,-40.39
-86,90,5.04,-17.76,-47.81
-86,90,5.2,-11.55,-42.97
-86,90,5.36,-13.98,-44.78
-86,90,5.52,-28.048,-58.33
-86,90,5.68,-21.06,-52.43
-86,90,5.84,-22.752,-54.2
-86,90,6,-18.92,-50.46
-86,90,6.16,-17.23,-49.27
-86,90,6.32,-17.868,-51.36
-86,90,6.48,-20.826,-54.91
-86,90,6.64,-24.648,-59.04
-86,90,6.8,-22.52,-56.02
-86,90,6.96,-19.362,-53.69
-86,90,7.12,-14.916,-49.51
-86,90,7.28,-21.022,-55.4
-86,90,7.44,-18.076,-52.41
-86,90,7.6,-19.65,-53.05
-86,90,7.76,-20.778,-56
-86,90,7.92,-20.232,-54.86
-86,90,8.08,-19.386,-54.19
-86,90,8.24,-20.352,-55.46
-86,90,8.4,-17.35,-52.73
-86,90,8.56,-16.402,-52.68
-86,90,8.72,-17.298,-54.6
-86,90,8.88,-19.818,-56.96
-86,90,9.04,-26.364,-64.15
-86,90,9.2,-23.2,-62.06
-86,90,9.36,-25.474,-63.54
-86,90,9.52,-19.902,-58.28
-86,90,9.68,-19.75,-58.64
-86,90,9.84,-16.446,-55.56
-86,90,10,-14.62,-53.69
-86,90,10.16,-14.728,-54.37
-86,90,10.32,-14.452,-54.08
-86,90,10.48,-17.838,-57.37
-86,90,10.64,-19.138,-59.15
-86,90,10.8,-18.43,-58.7
-86,90,10.96,-16.496,-56.48
-86,90,11.12,-17.746,-57.99
-86,90,11.28,-17.206,-57.65
-86,90,11.44,-18.872,-59.62
-86,90,11.6,-21.26,-62.13
-86,90,11.76,-21.844,-62.96
-86,90,11.92,-20.384,-61.51
-86,90,12.08,-22.63,-64.82
-86,90,12.24,-26.844,-69.1
-86,90,12.4,-20.98,-63.64
-86,90,12.56,-19.71,-63.78
-86,90,12.72,-39.684,-84.24
-86,90,12.88,-28.166,-73.37
-86,90,13.04,-26.788,-73.29
-86,90,13.2,-25.8,-72.58
-86,90,13.36,-22.074,-68.29
-86,90,13.52,-29.652,-75.66
-86,90,13.68,-25.95,-72.63
-86,90,13.84,-29.758,-77.24
-86,90,14,-24.01,-71.86
-86,90,14.16,-23.826,-72.05
-86,90,14.32,-28.406,-77.36
-86,90,14.48,-25.984,-77.81
-86,90,14.64,-29.544,-79
-86,90,14.8,-27.81,-75.82
-86,90,14.96,-32.652,-79.78
-86,90,15.12,-30.09,-76.52
-86,90,15.28,-20.35,-66.9
-86,90,15.44,-21.346,-67.66
-86,90,15.6,-21.21,-67.84
-86,90,15.76,-16.858,-64.05
-86,90,15.92,-19.922,-67.1
-86,90,16.08,-19.282,-66.74
-86,90,16.24,-26.854,-74.98
-86,90,16.4,-18.83,-68.64
-86,90,16.56,-19.358,-68.29
-86,90,16.72,-20.058,-69.54
-86,90,16.88,-29.874,-80.34
-86,90,17.04,-30.016,-81.27
-86,90,17.2,-23.11,-75.54
-86,90,17.36,-25.356,-78
-86,90,17.52,-19.626,-72.16
-86,90,17.68,-27.092,-80.17
-86,90,17.84,-33.338,-86.25
-86,90,18,-19.47,-72.28
-85,90,2,-4.15,-25.94
-85,90,2.16,-1.708,-25.12
-85,90,2.32,-3.246,-28.9
-85,90,2.48,-1.654,-28.9
-85,90,2.64,-4.748,-33.46
-85,90,2.8,-1.19,-28.25
-85,90,2.96,-0.828000000000003,-29.14
-85,90,3.12,-6.146,-34.38
-85,90,3.28,-3.132,-33.15
-85,90,3.44,-3.792,-32.44
-85,90,3.6,-4.96,-32.41
-85,90,3.76,-7.134,-36.62
-85,90,3.92,-6.432,-33.98
-85,90,4.08,-13.122,-40.79
-85,90,4.24,-9.726,-38.75
-85,90,4.4,-7.68,-37.49
-85,90,4.56,-20.306,-50.12
-85,90,4.72,-11.574,-41.56
-85,90,4.88,-11.51,-41.64
-85,90,5.04,-18.84,-48.89
-85,90,5.2,-12.66,-44.08
-85,90,5.36,-14.83,-45.63
-85,90,5.52,-31.958,-62.24
-85,90,5.68,-23.41,-54.78
-85,90,5.84,-31.652,-63.1
-85,90,6,-18.12,-49.66
-85,90,6.16,-17.44,-49.48
-85,90,6.32,-18.148,-51.64
-85,90,6.48,-20.076,-54.16
-85,90,6.64,-21.288,-55.68
-85,90,6.8,-19.51,-53.01
-85,90,6.96,-17.342,-51.67
-85,90,7.12,-14.586,-49.18
-85,90,7.28,-22.322,-56.7
-85,90,7.44,-18.836,-53.17
-85,90,7.6,-23.78,-57.18
-85,90,7.76,-27.098,-62.32
-85,90,7.92,-23.502,-58.13
-85,90,8.08,-19.816,-54.62
-85,90,8.24,-25.762,-60.87
-85,90,8.4,-16.64,-52.02
-85,90,8.56,-14.672,-50.95
-85,90,8.72,-15.528,-52.83
-85,90,8.88,-19.618,-56.76
-85,90,9.04,-36.844,-74.63
-85,90,9.2,-29.1,-67.96
-85,90,9.36,-30.264,-68.33
-85,90,9.52,-23.352,-61.73
-85,90,9.68,-22.14,-61.03
-85,90,9.84,-16.806,-55.92
-85,90,10,-15.72,-54.79
-85,90,10.16,-17.848,-57.49
-85,90,10.32,-14.592,-54.22
-85,90,10.48,-18.638,-58.17
-85,90,10.64,-17.968,-57.98
-85,90,10.8,-18.97,-59.24
-85,90,10.96,-16.956,-56.94
-85,90,11.12,-17.696,-57.94
-85,90,11.28,-17.026,-57.47
-85,90,11.44,-16.982,-57.73
-85,90,11.6,-23.15,-64.02
-85,90,11.76,-20.644,-61.76
-85,90,11.92,-19.604,-60.73
-85,90,12.08,-26.39,-68.58
-85,90,12.24,-25.394,-67.65
-85,90,12.4,-19.36,-62.02
-85,90,12.56,-28.97,-73.04
-85,90,12.72,-26.564,-71.12
-85,90,12.88,-39.286,-84.49
-85,90,13.04,-29.848,-76.35
-85,90,13.2,-34.59,-81.37
-85,90,13.36,-32.924,-79.14
-85,90,13.52,-31.282,-77.29
-85,90,13.68,-25.35,-72.03
-85,90,13.84,-22.788,-70.27
-85,90,14,-29.63,-77.48
-85,90,14.16,-21.166,-69.39
-85,90,14.32,-24.896,-73.85
-85,90,14.48,-39.734,-91.56
-85,90,14.64,-34.724,-84.18
-85,90,14.8,-22.93,-70.94
-85,90,14.96,-23.762,-70.89
-85,90,15.12,-21.58,-68.01
-85,90,15.28,-17.85,-64.4
-85,90,15.44,-19.696,-66.01
-85,90,15.6,-18.62,-65.25
-85,90,15.76,-20.988,-68.18
-85,90,15.92,-20.462,-67.64
-85,90,16.08,-20.802,-68.26
-85,90,16.24,-17.754,-65.88
-85,90,16.4,-18.87,-68.68
-85,90,16.56,-19.228,-68.16
-85,90,16.72,-21.198,-70.68
-85,90,16.88,-38.614,-89.08
-85,90,17.04,-22.676,-73.93
-85,90,17.2,-22.18,-74.61
-85,90,17.36,-21.186,-73.83
-85,90,17.52,-27.496,-80.03
-85,90,17.68,-31.822,-84.9
-85,90,17.84,-26.848,-79.76
-85,90,18,-18.97,-71.78
-84,90,2,-4.02,-25.81
-84,90,2.16,-1.688,-25.1
-84,90,2.32,-3.296,-28.95
-84,90,2.48,-1.394,-28.64
-84,90,2.64,-4.588,-33.3
-84,90,2.8,-1.29,-28.35
-84,90,2.96,-0.638000000000002,-28.95
-84,90,3.12,-6.086,-34.32
-84,90,3.28,-3.512,-33.53
-84,90,3.44,-3.612,-32.26
-84,90,3.6,-5.11,-32.56
-84,90,3.76,-8.084,-37.57
-84,90,3.92,-7.282,-34.83
-84,90,4.08,-14.772,-42.44
-84,90,4.24,-11.156,-40.18
-84,90,4.4,-9.75,-39.56
-84,90,4.56,-22.046,-51.86
-84,90,4.72,-13.234,-43.22
-84,90,4.88,-13.66,-43.79
-84,90,5.04,-21.51,-51.56
-84,90,5.2,-13.88,-45.3
-84,90,5.36,-15.36,-46.16
-84,90,5.52,-38.948,-69.23
-84,90,5.68,-24.54,-55.91
-84,90,5.84,-41.672,-73.12
-84,90,6,-16.98,-48.52
-84,90,6.16,-16.85,-48.89
-84,90,6.32,-17.128,-50.62
-84,90,6.48,-20.056,-54.14
-84,90,6.64,-19.418,-53.81
-84,90,6.8,-18.04,-51.54
-84,90,6.96,-16.922,-51.25
-84,90,7.12,-15.726,-50.32
-84,90,7.28,-22.772,-57.15
-84,90,7.44,-20.596,-54.93
-84,90,7.6,-24.44,-57.84
-84,90,7.76,-24.508,-59.73
-84,90,7.92,-21.082,-55.71
-84,90,8.08,-20.646,-55.45
-84,90,8.24,-24.172,-59.28
-84,90,8.4,-16.41,-51.79
-84,90,8.56,-15.622,-51.9
-84,90,8.72,-16.038,-53.34
-84,90,8.88,-21.498,-58.64
-84,90,9.04,-31.074,-68.86
-84,90,9.2,-25.61,-64.47
-84,90,9.36,-30.684,-68.75
-84,90,9.52,-27.892,-66.27
-84,90,9.68,-25.95,-64.84
-84,90,9.84,-18.696,-57.81
-84,90,10,-17.14,-56.21
-84,90,10.16,-18.048,-57.69
-84,90,10.32,-15.652,-55.28
-84,90,10.48,-20.338,-59.87
-84,90,10.64,-19.058,-59.07
-84,90,10.8,-18.38,-58.65
-84,90,10.96,-16.926,-56.91
-84,90,11.12,-19.306,-59.55
-84,90,11.28,-16.396,-56.84
-84,90,11.44,-19.922,-60.67
-84,90,11.6,-22.91,-63.78
-84,90,11.76,-19.374,-60.49
-84,90,11.92,-20.784,-61.91
-84,90,12.08,-26.72,-68.91
-84,90,12.24,-29.924,-72.18
-84,90,12.4,-26.77,-69.43
-84,90,12.56,-31.19,-75.26
-84,90,12.72,-23.914,-68.47
-84,90,12.88,-25.656,-70.86
-84,90,13.04,-32.948,-79.45
-84,90,13.2,-23.36,-70.14
-84,90,13.36,-31.734,-77.95
-84,90,13.52,-30.232,-76.24
-84,90,13.68,-26.35,-73.03
-84,90,13.84,-22.828,-70.31
-84,90,14,-28.29,-76.14
-84,90,14.16,-23.826,-72.05
-84,90,14.32,-21.416,-70.37
-84,90,14.48,-22.104,-73.93
-84,90,14.64,-18.704,-68.16
-84,90,14.8,-18.86,-66.87
-84,90,14.96,-18.372,-65.5
-84,90,15.12,-17.67,-64.1
-84,90,15.28,-15.66,-62.21
-84,90,15.44,-16.466,-62.78
-84,90,15.6,-18.13,-64.76
-84,90,15.76,-19.438,-66.63
-84,90,15.92,-17.732,-64.91
-84,90,16.08,-16.722,-64.18
-84,90,16.24,-23.084,-71.21
-84,90,16.4,-26.75,-76.56
-84,90,16.56,-35.818,-84.75
-84,90,16.72,-20.918,-70.4
-84,90,16.88,-29.074,-79.54
-84,90,17.04,-28.936,-80.19
-84,90,17.2,-32.67,-85.1
-84,90,17.36,-29.986,-82.63
-84,90,17.52,-39.076,-91.61
-84,90,17.68,-23.072,-76.15
-84,90,17.84,-50.908,-103.82
-84,90,18,-27.81,-80.62
-83,90,2,-3.97,-25.76
-83,90,2.16,-1.608,-25.02
-83,90,2.32,-3.296,-28.95
-83,90,2.48,-1.204,-28.45
-83,90,2.64,-4.498,-33.21
-83,90,2.8,-1.32,-28.38
-83,90,2.96,-0.668000000000003,-28.98
-83,90,3.12,-6.056,-34.29
-83,90,3.28,-3.662,-33.68
-83,90,3.44,-3.582,-32.23
-83,90,3.6,-5.38,-32.83
-83,90,3.76,-8.954,-38.44
-83,90,3.92,-7.992,-35.54
-83,90,4.08,-16.472,-44.14
-83,90,4.24,-12.856,-41.88
-83,90,4.4,-11.98,-41.79
-83,90,4.56,-22.466,-52.28
-83,90,4.72,-16.214,-46.2
-83,90,4.88,-16.28,-46.41
-83,90,5.04,-24.12,-54.17
-83,90,5.2,-15.5,-46.92
-83,90,5.36,-16.58,-47.38
-83,90,5.52,-33.218,-63.5
-83,90,5.68,-24.28,-55.65
-83,90,5.84,-28.282,-59.73
-83,90,6,-15.97,-47.51
-83,90,6.16,-15.59,-47.63
-83,90,6.32,-17.048,-50.54
-83,90,6.48,-19.626,-53.71
-83,90,6.64,-17.888,-52.28
-83,90,6.8,-17.68,-51.18
-83,90,6.96,-17.742,-52.07
-83,90,7.12,-16.706,-51.3
-83,90,7.28,-21.652,-56.03
-83,90,7.44,-22.706,-57.04
-83,90,7.6,-20.11,-53.51
-83,90,7.76,-20.208,-55.43
-83,90,7.92,-18.592,-53.22
-83,90,8.08,-23.476,-58.28
-83,90,8.24,-21.762,-56.87
-83,90,8.4,-18.88,-54.26
-83,90,8.56,-17.562,-53.84
-83,90,8.72,-22.558,-59.86
-83,90,8.88,-25.608,-62.75
-83,90,9.04,-25.814,-63.6
-83,90,9.2,-22.46,-61.32
-83,90,9.36,-21.694,-59.76
-83,90,9.52,-23.512,-61.89
-83,90,9.68,-35.27,-74.16
-83,90,9.84,-20.356,-59.47
-83,90,10,-18.18,-57.25
-83,90,10.16,-18.838,-58.48
-83,90,10.32,-16.232,-55.86
-83,90,10.48,-20.748,-60.28
-83,90,10.64,-19.298,-59.31
-83,90,10.8,-21.26,-61.53
-83,90,10.96,-19.336,-59.32
-83,90,11.12,-18.836,-59.08
-83,90,11.28,-19.366,-59.81
-83,90,11.44,-22.542,-63.29
-83,90,11.6,-25.21,-66.08
-83,90,11.76,-18.994,-60.11
-83,90,11.92,-28.724,-69.85
-83,90,12.08,-31.8,-73.99
-83,90,12.24,-23.654,-65.91
-83,90,12.4,-41.15,-83.81
-83,90,12.56,-22.55,-66.62
-83,90,12.72,-26.784,-71.34
-83,90,12.88,-30.366,-75.57
-83,90,13.04,-31.028,-77.53
-83,90,13.2,-21.59,-68.37
-83,90,13.36,-28.524,-74.74
-83,90,13.52,-33.112,-79.12
-83,90,13.68,-23.87,-70.55
-83,90,13.84,-27.718,-75.2
-83,90,14,-23.56,-71.41
-83,90,14.16,-21.526,-69.75
-83,90,14.32,-17.176,-66.13
-83,90,14.48,-18.044,-69.87
-83,90,14.64,-19.204,-68.66
-83,90,14.8,-17.33,-65.34
-83,90,14.96,-13.282,-60.41
-83,90,15.12,-15.32,-61.75
-83,90,15.28,-15.79,-62.34
-83,90,15.44,-14.676,-60.99
-83,90,15.6,-15.99,-62.62
-83,90,15.76,-18.308,-65.5
-83,90,15.92,-24.262,-71.44
-83,90,16.08,-23.452,-70.91
-83,90,16.24,-23.914,-72.04
-83,90,16.4,-24.34,-74.15
-83,90,16.56,-27.518,-76.45
-83,90,16.72,-41.968,-91.45
-83,90,16.88,-30.544,-81.01
-83,90,17.04,-27.106,-78.36
-83,90,17.2,-23.44,-75.87
-83,90,17.36,-20.806,-73.45
-83,90,17.52,-36.866,-89.4
-83,90,17.68,-32.352,-85.43
-83,90,17.84,-29.778,-82.69
-83,90,18,-17.31,-70.12
-82,90,2,-3.85,-25.64
-82,90,2.16,-1.548,-24.96
-82,90,2.32,-3.386,-29.04
-82,90,2.48,-1.084,-28.33
-82,90,2.64,-4.248,-32.96
-82,90,2.8,-1.4,-28.46
-82,90,2.96,-0.588000000000001,-28.9
-82,90,3.12,-6.006,-34.24
-82,90,3.28,-3.762,-33.78
-82,90,3.44,-3.582,-32.23
-82,90,3.6,-5.89,-33.34
-82,90,3.76,-10.074,-39.56
-82,90,3.92,-8.892,-36.44
-82,90,4.08,-19.372,-47.04
-82,90,4.24,-15.576,-44.6
-82,90,4.4,-15.66,-45.47
-82,90,4.56,-23.096,-52.91
-82,90,4.72,-19.404,-49.39
-82,90,4.88,-20.87,-51
-82,90,5.04,-29.69,-59.74
-82,90,5.2,-17.07,-48.49
-82,90,5.36,-16.6,-47.4
-82,90,5.52,-38.628,-68.91
-82,90,5.68,-21.43,-52.8
-82,90,5.84,-25.702,-57.15
-82,90,6,-15.58,-47.12
-82,90,6.16,-14.83,-46.87
-82,90,6.32,-16.578,-50.07
-82,90,6.48,-19.466,-53.55
-82,90,6.64,-16.698,-51.09
-82,90,6.8,-17.06,-50.56
-82,90,6.96,-18.422,-52.75
-82,90,7.12,-16.336,-50.93
-82,90,7.28,-18.962,-53.34
-82,90,7.44,-21.376,-55.71
-82,90,7.6,-17.53,-50.93
-82,90,7.76,-17.928,-53.15
-82,90,7.92,-19.872,-54.5
-82,90,8.08,-28.836,-63.64
-82,90,8.24,-21.202,-56.31
-82,90,8.4,-20.88,-56.26
-82,90,8.56,-27.412,-63.69
-82,90,8.72,-25.378,-62.68
-82,90,8.88,-28.808,-65.95
-82,90,9.04,-23.624,-61.41
-82,90,9.2,-18.17,-57.03
-82,90,9.36,-19.224,-57.29
-82,90,9.52,-25.492,-63.87
-82,90,9.68,-37.17,-76.06
-82,90,9.84,-21.526,-60.64
-82,90,10,-18.92,-57.99
-82,90,10.16,-17.298,-56.94
-82,90,10.32,-20.632,-60.26
-82,90,10.48,-20.248,-59.78
-82,90,10.64,-19.088,-59.1
-82,90,10.8,-22.79,-63.06
-82,90,10.96,-20.886,-60.87
-82,90,11.12,-21.686,-61.93
-82,90,11.28,-20.756,-61.2
-82,90,11.44,-21.012,-61.76
-82,90,11.6,-30.51,-71.38
-82,90,11.76,-20.184,-61.3
-82,90,11.92,-36.844,-77.97
-82,90,12.08,-26.2,-68.39
-82,90,12.24,-25.074,-67.33
-82,90,12.4,-29.81,-72.47
-82,90,12.56,-20.21,-64.28
-82,90,12.72,-22.094,-66.65
-82,90,12.88,-25.256,-70.46
-82,90,13.04,-34.628,-81.13
-82,90,13.2,-33.26,-80.04
-82,90,13.36,-25.404,-71.62
-82,90,13.52,-32.852,-78.86
-82,90,13.68,-32.38,-79.06
-82,90,13.84,-29.138,-76.62
-82,90,14,-23.13,-70.98
-82,90,14.16,-18.476,-66.7
-82,90,14.32,-18.826,-67.78
-82,90,14.48,-15.274,-67.1
-82,90,14.64,-15.684,-65.14
-82,90,14.8,-15.22,-63.23
-82,90,14.96,-14.452,-61.58
-82,90,15.12,-15.72,-62.15
-82,90,15.28,-14.05,-60.6
-82,90,15.44,-17.056,-63.37
-82,90,15.6,-15.98,-62.61
-82,90,15.76,-22.588,-69.78
-82,90,15.92,-17.072,-64.25
-82,90,16.08,-23.312,-70.77
-82,90,16.24,-23.624,-71.75
-82,90,16.4,-34.92,-84.73
-82,90,16.56,-28.468,-77.4
-82,90,16.72,-19.868,-69.35
-82,90,16.88,-28.604,-79.07
-82,90,17.04,-27.766,-79.02
-82,90,17.2,-20.1,-72.53
-82,90,17.36,-35.296,-87.94
-82,90,17.52,-32.666,-85.2
-82,90,17.68,-19.152,-72.23
-82,90,17.84,-18.928,-71.84
-82,90,18,-20.43,-73.24
-81,90,2,-3.78,-25.57
-81,90,2.16,-1.518,-24.93
-81,90,2.32,-3.446,-29.1
-81,90,2.48,-0.963999999999999,-28.21
-81,90,2.64,-4.328,-33.04
-81,90,2.8,-1.47,-28.53
-81,90,2.96,-0.668000000000003,-28.98
-81,90,3.12,-5.906,-34.14
-81,90,3.28,-3.812,-33.83
-81,90,3.44,-3.622,-32.27
-81,90,3.6,-6.61,-34.06
-81,90,3.76,-10.714,-40.2
-81,90,3.92,-9.952,-37.5
-81,90,4.08,-24.522,-52.19
-81,90,4.24,-18.776,-47.8
-81,90,4.4,-20.23,-50.04
-81,90,4.56,-22.116,-51.93
-81,90,4.72,-20.564,-50.55
-81,90,4.88,-28.36,-58.49
-81,90,5.04,-33.19,-63.24
-81,90,5.2,-17.62,-49.04
-81,90,5.36,-16.35,-47.15
-81,90,5.52,-49.948,-80.23
-81,90,5.68,-18.35,-49.72
-81,90,5.84,-25.832,-57.28
-81,90,6,-15.9,-47.44
-81,90,6.16,-13.75,-45.79
-81,90,6.32,-16.918,-50.41
-81,90,6.48,-20.716,-54.8
-81,90,6.64,-16.638,-51.03
-81,90,6.8,-17.92,-51.42
-81,90,6.96,-18.562,-52.89
-81,90,7.12,-15.136,-49.73
-81,90,7.28,-16.142,-50.52
-81,90,7.44,-18.336,-52.67
-81,90,7.6,-15.65,-49.05
-81,90,7.76,-15.468,-50.69
-81,90,7.92,-19.842,-54.47
-81,90,8.08,-24.346,-59.15
-81,90,8.24,-17.192,-52.3
-81,90,8.4,-21.44,-56.82
-81,90,8.56,-26.952,-63.23
-81,90,8.72,-23.488,-60.79
-81,90,8.88,-29.978,-67.12
-81,90,9.04,-23.644,-61.43
-81,90,9.2,-17.7,-56.56
-81,90,9.36,-20.604,-58.67
-81,90,9.52,-29.002,-67.38
-81,90,9.68,-25.73,-64.62
-81,90,9.84,-19.386,-58.5
-81,90,10,-17.1,-56.17
-81,90,10.16,-16.358,-56
-81,90,10.32,-26.762,-66.39
-81,90,10.48,-22.648,-62.18
-81,90,10.64,-22.028,-62.04
-81,90,10.8,-31.68,-71.95
-81,90,10.96,-21.106,-61.09
-81,90,11.12,-22.886,-63.13
-81,90,11.28,-20.886,-61.33
-81,90,11.44,-18.972,-59.72
-81,90,11.6,-26.48,-67.35
-81,90,11.76,-25.244,-66.36
-81,90,11.92,-31.764,-72.89
-81,90,12.08,-30.33,-72.52
-81,90,12.24,-28.444,-70.7
-81,90,12.4,-29.93,-72.59
-81,90,12.56,-23.59,-67.66
-81,90,12.72,-36.634,-81.19
-81,90,12.88,-30.796,-76
-81,90,13.04,-33.468,-79.97
-81,90,13.2,-23.6,-70.38
-81,90,13.36,-24.774,-70.99
-81,90,13.52,-24.262,-70.27
-81,90,13.68,-26.02,-72.7
-81,90,13.84,-31.658,-79.14
-81,90,14,-23.2,-71.05
-81,90,14.16,-21.856,-70.08
-81,90,14.32,-23.026,-71.98
-81,90,14.48,-19.364,-71.19
-81,90,14.64,-13.424,-62.88
-81,90,14.8,-16.39,-64.4
-81,90,14.96,-12.702,-59.83
-81,90,15.12,-15.12,-61.55
-81,90,15.28,-13.01,-59.56
-81,90,15.44,-15.616,-61.93
-81,90,15.6,-17.34,-63.97
-81,90,15.76,-16.418,-63.61
-81,90,15.92,-20.962,-68.14
-81,90,16.08,-24.782,-72.24
-81,90,16.24,-29.634,-77.76
-81,90,16.4,-28.27,-78.08
-81,90,16.56,-26.878,-75.81
-81,90,16.72,-27.438,-76.92
-81,90,16.88,-24.604,-75.07
-81,90,17.04,-36.036,-87.29
-81,90,17.2,-23.68,-76.11
-81,90,17.36,-19.916,-72.56
-81,90,17.52,-30.686,-83.22
-81,90,17.68,-29.422,-82.5
-81,90,17.84,-20.628,-73.54
-81,90,18,-39.24,-92.05
-80,90,2,-3.72,-25.51
-80,90,2.16,-1.498,-24.91
-80,90,2.32,-3.556,-29.21
-80,90,2.48,-0.883999999999997,-28.13
-80,90,2.64,-4.268,-32.98
-80,90,2.8,-1.58,-28.64
-80,90,2.96,-0.708000000000002,-29.02
-80,90,3.12,-5.966,-34.2
-80,90,3.28,-3.742,-33.76
-80,90,3.44,-3.662,-32.31
-80,90,3.6,-7.24,-34.69
-80,90,3.76,-11.414,-40.9
-80,90,3.92,-11.302,-38.85
-80,90,4.08,-27.532,-55.2
-80,90,4.24,-23.226,-52.25
-80,90,4.4,-24.13,-53.94
-80,90,4.56,-20.506,-50.32
-80,90,4.72,-18.924,-48.91
-80,90,4.88,-29.53,-59.66
-80,90,5.04,-32.41,-62.46
-80,90,5.2,-16.38,-47.8
-80,90,5.36,-16.33,-47.13
-80,90,5.52,-30.108,-60.39
-80,90,5.68,-15.73,-47.1
-80,90,5.84,-27.272,-58.72
-80,90,6,-16.15,-47.69
-80,90,6.16,-13.14,-45.18
-80,90,6.32,-16.478,-49.97
-80,90,6.48,-21.746,-55.83
-80,90,6.64,-16.548,-50.94
-80,90,6.8,-17.93,-51.43
-80,90,6.96,-18.252,-52.58
-80,90,7.12,-13.686,-48.28
-80,90,7.28,-14.612,-48.99
-80,90,7.44,-16.406,-50.74
-80,90,7.6,-14.73,-48.13
-80,90,7.76,-16.378,-51.6
-80,90,7.92,-18.782,-53.41
-80,90,8.08,-18.236,-53.04
-80,90,8.24,-14.942,-50.05
-80,90,8.4,-17.86,-53.24
-80,90,8.56,-19.302,-55.58
-80,90,8.72,-22.018,-59.32
-80,90,8.88,-30.818,-67.96
-80,90,9.04,-30.354,-68.14
-80,90,9.2,-23.47,-62.33
-80,90,9.36,-21.854,-59.92
-80,90,9.52,-34.302,-72.68
-80,90,9.68,-25.81,-64.7
-80,90,9.84,-21.106,-60.22
-80,90,10,-19.36,-58.43
-80,90,10.16,-17.988,-57.63
-80,90,10.32,-35.912,-75.54
-80,90,10.48,-21.338,-60.87
-80,90,10.64,-26.778,-66.79
-80,90,10.8,-36.14,-76.41
-80,90,10.96,-21.456,-61.44
-80,90,11.12,-22.086,-62.33
-80,90,11.28,-22.376,-62.82
-80,90,11.44,-20.732,-61.48
-80,90,11.6,-33.78,-74.65
-80,90,11.76,-35.004,-76.12
-80,90,11.92,-27.754,-68.88
-80,90,12.08,-28.07,-70.26
-80,90,12.24,-27.594,-69.85
-80,90,12.4,-28.16,-70.82
-80,90,12.56,-24.14,-68.21
-80,90,12.72,-26.294,-70.85
-80,90,12.88,-27.666,-72.87
-80,90,13.04,-23.678,-70.18
-80,90,13.2,-26.32,-73.1
-80,90,13.36,-32.394,-78.61
-80,90,13.52,-24.702,-70.71
-80,90,13.68,-23.68,-70.36
-80,90,13.84,-28.728,-76.21
-80,90,14,-20.03,-67.88
-80,90,14.16,-17.626,-65.85
-80,90,14.32,-18.866,-67.82
-80,90,14.48,-17.324,-69.15
-80,90,14.64,-14.444,-63.9
-80,90,14.8,-15.44,-63.45
-80,90,14.96,-13.712,-60.84
-80,90,15.12,-16.64,-63.07
-80,90,15.28,-13.87,-60.42
-80,90,15.44,-20.176,-66.49
-80,90,15.6,-19.97,-66.6
-80,90,15.76,-17.898,-65.09
-80,90,15.92,-19.912,-67.09
-80,90,16.08,-28.872,-76.33
-80,90,16.24,-23.364,-71.49
-80,90,16.4,-21.47,-71.28
-80,90,16.56,-44.698,-93.63
-80,90,16.72,-27.988,-77.47
-80,90,16.88,-24.574,-75.04
-80,90,17.04,-22.776,-74.03
-80,90,17.2,-28.07,-80.5
-80,90,17.36,-28.936,-81.58
-80,90,17.52,-19.086,-71.62
-80,90,17.68,-24.522,-77.6
-80,90,17.84,-25.918,-78.83
-80,90,18,-33.68,-86.49
-79,90,2,-3.69,-25.48
-79,90,2.16,-1.488,-24.9
-79,90,2.32,-3.746,-29.4
-79,90,2.48,-0.953999999999997,-28.2
-79,90,2.64,-4.168,-32.88
-79,90,2.8,-1.73,-28.79
-79,90,2.96,-0.888000000000002,-29.2
-79,90,3.12,-5.886,-34.12
-79,90,3.28,-3.812,-33.83
-79,90,3.44,-3.932,-32.58
-79,90,3.6,-8.3,-35.75
-79,90,3.76,-11.584,-41.07
-79,90,3.92,-13.282,-40.83
-79,90,4.08,-21.232,-48.9
-79,90,4.24,-22.116,-51.14
-79,90,4.4,-22.46,-52.27
-79,90,4.56,-17.876,-47.69
-79,90,4.72,-15.874,-45.86
-79,90,4.88,-20.44,-50.57
-79,90,5.04,-27.3,-57.35
-79,90,5.2,-13.93,-45.35
-79,90,5.36,-15.67,-46.47
-79,90,5.52,-24.808,-55.09
-79,90,5.68,-13.82,-45.19
-79,90,5.84,-31.362,-62.81
-79,90,6,-16.63,-48.17
-79,90,6.16,-12.25,-44.29
-79,90,6.32,-17.728,-51.22
-79,90,6.48,-23.206,-57.29
-79,90,6.64,-15.978,-50.37
-79,90,6.8,-17.52,-51.02
-79,90,6.96,-16.802,-51.13
-79,90,7.12,-13.646,-48.24
-79,90,7.28,-14.122,-48.5
-79,90,7.44,-14.966,-49.3
-79,90,7.6,-15.34,-48.74
-79,90,7.76,-15.418,-50.64
-79,90,7.92,-14.902,-49.53
-79,90,8.08,-15.116,-49.92
-79,90,8.24,-13.672,-48.78
-79,90,8.4,-15.13,-50.51
-79,90,8.56,-15.542,-51.82
-79,90,8.72,-22.708,-60.01
-79,90,8.88,-25.468,-62.61
-79,90,9.04,-27.164,-64.95
-79,90,9.2,-38.01,-76.87
-79,90,9.36,-25.274,-63.34
-79,90,9.52,-36.722,-75.1
-79,90,9.68,-26.29,-65.18
-79,90,9.84,-21.256,-60.37
-79,90,10,-19.48,-58.55
-79,90,10.16,-18.068,-57.71
-79,90,10.32,-27.042,-66.67
-79,90,10.48,-26.368,-65.9
-79,90,10.64,-29.278,-69.29
-79,90,10.8,-36.46,-76.73
-79,90,10.96,-22.406,-62.39
-79,90,11.12,-26.916,-67.16
-79,90,11.28,-25.326,-65.77
-79,90,11.44,-20.812,-61.56
-79,90,11.6,-31.19,-72.06
-79,90,11.76,-22.094,-63.21
-79,90,11.92,-26.724,-67.85
-79,90,12.08,-27.58,-69.77
-79,90,12.24,-24.844,-67.1
-79,90,12.4,-33.16,-75.82
-79,90,12.56,-49.82,-93.89
-79,90,12.72,-30.534,-75.09
-79,90,12.88,-26.786,-71.99
-79,90,13.04,-22.368,-68.87
-79,90,13.2,-25.69,-72.47
-79,90,13.36,-26.654,-72.87
-79,90,13.52,-23.442,-69.45
-79,90,13.68,-19.89,-66.57
-79,90,13.84,-26.108,-73.59
-79,90,14,-18.39,-66.24
-79,90,14.16,-21.106,-69.33
-79,90,14.32,-18.626,-67.58
-79,90,14.48,-15.824,-67.65
-79,90,14.64,-14.844,-64.3
-79,90,14.8,-16.88,-64.89
-79,90,14.96,-14.512,-61.64
-79,90,15.12,-15.24,-61.67
-79,90,15.28,-13.47,-60.02
-79,90,15.44,-19.496,-65.81
-79,90,15.6,-20.16,-66.79
-79,90,15.76,-24.858,-72.05
-79,90,15.92,-28.802,-75.98
-79,90,16.08,-25.282,-72.74
-79,90,16.24,-26.734,-74.86
-79,90,16.4,-22.91,-72.72
-79,90,16.56,-20.658,-69.59
-79,90,16.72,-28.188,-77.67
-79,90,16.88,-24.794,-75.26
-79,90,17.04,-21.976,-73.23
-79,90,17.2,-26.49,-78.92
-79,90,17.36,-22.376,-75.02
-79,90,17.52,-20.546,-73.08
-79,90,17.68,-33.612,-86.69
-79,90,17.84,-21.098,-74.01
-79,90,18,-19.51,-72.32
-78,90,2,-3.69,-25.48
-78,90,2.16,-1.488,-24.9
-78,90,2.32,-3.856,-29.51
-78,90,2.48,-0.953999999999997,-28.2
-78,90,2.64,-4.088,-32.8
-78,90,2.8,-1.89,-28.95
-78,90,2.96,-1.028,-29.34
-78,90,3.12,-5.716,-33.95
-78,90,3.28,-3.882,-33.9
-78,90,3.44,-4.012,-32.66
-78,90,3.6,-9.25,-36.7
-78,90,3.76,-11.694,-41.18
-78,90,3.92,-15.612,-43.16
-78,90,4.08,-16.642,-44.31
-78,90,4.24,-19.166,-48.19
-78,90,4.4,-17.73,-47.54
-78,90,4.56,-16.126,-45.94
-78,90,4.72,-13.724,-43.71
-78,90,4.88,-16.18,-46.31
-78,90,5.04,-20.35,-50.4
-78,90,5.2,-11.78,-43.2
-78,90,5.36,-16.01,-46.81
-78,90,5.52,-20.018,-50.3
-78,90,5.68,-12.9,-44.27
-78,90,5.84,-28.542,-59.99
-78,90,6,-17.46,-49
-78,90,6.16,-12.81,-44.85
-78,90,6.32,-18.408,-51.9
-78,90,6.48,-23.486,-57.57
-78,90,6.64,-15.588,-49.98
-78,90,6.8,-16.22,-49.72
-78,90,6.96,-15.252,-49.58
-78,90,7.12,-13.746,-48.34
-78,90,7.28,-13.372,-47.75
-78,90,7.44,-13.776,-48.11
-78,90,7.6,-15.81,-49.21
-78,90,7.76,-14.408,-49.63
-78,90,7.92,-12.042,-46.67
-78,90,8.08,-13.096,-47.9
-78,90,8.24,-13.002,-48.11
-78,90,8.4,-13.36,-48.74
-78,90,8.56,-13.532,-49.81
-78,90,8.72,-26.408,-63.71
-78,90,8.88,-19.358,-56.5
-78,90,9.04,-25.054,-62.84
-78,90,9.2,-19.51,-58.37
-78,90,9.36,-22.154,-60.22
-78,90,9.52,-30.902,-69.28
-78,90,9.68,-27.49,-66.38
-78,90,9.84,-29.146,-68.26
-78,90,10,-33.54,-72.61
-78,90,10.16,-22.558,-62.2
-78,90,10.32,-21.412,-61.04
-78,90,10.48,-27.638,-67.17
-78,90,10.64,-23.008,-63.02
-78,90,10.8,-29.51,-69.78
-78,90,10.96,-19.176,-59.16
-78,90,11.12,-30.486,-70.73
-78,90,11.28,-20.916,-61.36
-78,90,11.44,-18.702,-59.45
-78,90,11.6,-33.81,-74.68
-78,90,11.76,-20.294,-61.41
-78,90,11.92,-24.954,-66.08
-78,90,12.08,-29.29,-71.48
-78,90,12.24,-21.484,-63.74
-78,90,12.4,-35.29,-77.95
-78,90,12.56,-29.1,-73.17
-78,90,12.72,-30.154,-74.71
-78,90,12.88,-24.496,-69.7
-78,90,13.04,-25.228,-71.73
-78,90,13.2,-20.79,-67.57
-78,90,13.36,-25.694,-71.91
-78,90,13.52,-25.722,-71.73
-78,90,13.68,-22.41,-69.09
-78,90,13.84,-23.288,-70.77
-78,90,14,-16.44,-64.29
-78,90,14.16,-13.436,-61.66
-78,90,14.32,-22.336,-71.29
-78,90,14.48,-17.154,-68.98
-78,90,14.64,-16.774,-66.23
-78,90,14.8,-12.38,-60.39
-78,90,14.96,-14.532,-61.66
-78,90,15.12,-17.71,-64.14
-78,90,15.28,-17.43,-63.98
-78,90,15.44,-22.136,-68.45
-78,90,15.6,-24.22,-70.85
-78,90,15.76,-28.188,-75.38
-78,90,15.92,-28.132,-75.31
-78,90,16.08,-23.192,-70.65
-78,90,16.24,-34.304,-82.43
-78,90,16.4,-24.97,-74.78
-78,90,16.56,-20.698,-69.63
-78,90,16.72,-30.478,-79.96
-78,90,16.88,-22.864,-73.33
-78,90,17.04,-18.876,-70.13
-78,90,17.2,-28.44,-80.87
-78,90,17.36,-21.026,-73.67
-78,90,17.52,-16.956,-69.49
-78,90,17.68,-23.242,-76.32
-78,90,17.84,-18.408,-71.32
-78,90,18,-17.39,-70.2
-77,90,2,-3.7,-25.49
-77,90,2.16,-1.508,-24.92
-77,90,2.32,-4.156,-29.81
-77,90,2.48,-1.014,-28.26
-77,90,2.64,-4.118,-32.83
-77,90,2.8,-1.99,-29.05
-77,90,2.96,-1.178,-29.49
-77,90,3.12,-5.496,-33.73
-77,90,3.28,-4.11200000000001,-34.13
-77,90,3.44,-4.212,-32.86
-77,90,3.6,-10.35,-37.8
-77,90,3.76,-10.994,-40.48
-77,90,3.92,-17.092,-44.64
-77,90,4.08,-13.522,-41.19
-77,90,4.24,-16.236,-45.26
-77,90,4.4,-15.12,-44.93
-77,90,4.56,-14.906,-44.72
-77,90,4.72,-12.344,-42.33
-77,90,4.88,-13.73,-43.86
-77,90,5.04,-15.78,-45.83
-77,90,5.2,-10.44,-41.86
-77,90,5.36,-16.45,-47.25
-77,90,5.52,-17.868,-48.15
-77,90,5.68,-12.86,-44.23
-77,90,5.84,-26.522,-57.97
-77,90,6,-18.7,-50.24
-77,90,6.16,-13.16,-45.2
-77,90,6.32,-20.418,-53.91
-77,90,6.48,-21.666,-55.75
-77,90,6.64,-16.028,-50.42
-77,90,6.8,-15.14,-48.64
-77,90,6.96,-14.262,-48.59
-77,90,7.12,-13.816,-48.41
-77,90,7.28,-12.642,-47.02
-77,90,7.44,-12.936,-47.27
-77,90,7.6,-16.2,-49.6
-77,90,7.76,-11.808,-47.03
-77,90,7.92,-10.812,-45.44
-77,90,8.08,-12.136,-46.94
-77,90,8.24,-12.882,-47.99
-77,90,8.4,-11.81,-47.19
-77,90,8.56,-13.432,-49.71
-77,90,8.72,-20.658,-57.96
-77,90,8.88,-15.128,-52.27
-77,90,9.04,-24.264,-62.05
-77,90,9.2,-14.87,-53.73
-77,90,9.36,-20.694,-58.76
-77,90,9.52,-31.762,-70.14
-77,90,9.68,-24.19,-63.08
-77,90,9.84,-23.876,-62.99
-77,90,10,-28.94,-68.01
-77,90,10.16,-24.858,-64.5
-77,90,10.32,-16.202,-55.83
-77,90,10.48,-21.738,-61.27
-77,90,10.64,-21.518,-61.53
-77,90,10.8,-27.13,-67.4
-77,90,10.96,-18.616,-58.6
-77,90,11.12,-26.266,-66.51
-77,90,11.28,-16.066,-56.51
-77,90,11.44,-16.562,-57.31
-77,90,11.6,-32.48,-73.35
-77,90,11.76,-21.954,-63.07
-77,90,11.92,-26.954,-68.08
-77,90,12.08,-29.73,-71.92
-77,90,12.24,-23.304,-65.56
-77,90,12.4,-37.19,-79.85
-77,90,12.56,-26.47,-70.54
-77,90,12.72,-26.754,-71.31
-77,90,12.88,-30.176,-75.38
-77,90,13.04,-35.348,-81.85
-77,90,13.2,-22.22,-69
-77,90,13.36,-20.264,-66.48
-77,90,13.52,-22.532,-68.54
-77,90,13.68,-17.67,-64.35
-77,90,13.84,-21.428,-68.91
-77,90,14,-22.9,-70.75
-77,90,14.16,-14.456,-62.68
-77,90,14.32,-17.396,-66.35
-77,90,14.48,-16.264,-68.09
-77,90,14.64,-11.964,-61.42
-77,90,14.8,-12.05,-60.06
-77,90,14.96,-15.372,-62.5
-77,90,15.12,-20.87,-67.3
-77,90,15.28,-20.35,-66.9
-77,90,15.44,-18.816,-65.13
-77,90,15.6,-26.91,-73.54
-77,90,15.76,-19.708,-66.9
-77,90,15.92,-19.832,-67.01
-77,90,16.08,-27.832,-75.29
-77,90,16.24,-34.374,-82.5
-77,90,16.4,-22.51,-72.32
-77,90,16.56,-18.998,-67.93
-77,90,16.72,-21.208,-70.69
-77,90,16.88,-20.564,-71.03
-77,90,17.04,-19.236,-70.49
-77,90,17.2,-26.04,-78.47
-77,90,17.36,-18.886,-71.53
-77,90,17.52,-30.326,-82.86
-77,90,17.68,-24.302,-77.38
-77,90,17.84,-30.958,-83.87
-77,90,18,-25.32,-78.13
-76,90,2,-3.7,-25.49
-76,90,2.16,-1.598,-25.01
-76,90,2.32,-4.166,-29.82
-76,90,2.48,-1.114,-28.36
-76,90,2.64,-4.208,-32.92
-76,90,2.8,-2.3,-29.36
-76,90,2.96,-1.378,-29.69
-76,90,3.12,-5.286,-33.52
-76,90,3.28,-4.50200000000001,-34.52
-76,90,3.44,-4.442,-33.09
-76,90,3.6,-11.47,-38.92
-76,90,3.76,-10.094,-39.58
-76,90,3.92,-16.642,-44.19
-76,90,4.08,-11.072,-38.74
-76,90,4.24,-14.976,-44
-76,90,4.4,-12.36,-42.17
-76,90,4.56,-13.366,-43.18
-76,90,4.72,-11.414,-41.4
-76,90,4.88,-12.06,-42.19
-76,90,5.04,-12.43,-42.48
-76,90,5.2,-9.48,-40.9
-76,90,5.36,-17.5,-48.3
-76,90,5.52,-16.048,-46.33
-76,90,5.68,-13.75,-45.12
-76,90,5.84,-23.482,-54.93
-76,90,6,-18.59,-50.13
-76,90,6.16,-13.74,-45.78
-76,90,6.32,-19.308,-52.8
-76,90,6.48,-20.166,-54.25
-76,90,6.64,-16.748,-51.14
-76,90,6.8,-15.04,-48.54
-76,90,6.96,-13.022,-47.35
-76,90,7.12,-13.876,-48.47
-76,90,7.28,-12.162,-46.54
-76,90,7.44,-11.716,-46.05
-76,90,7.6,-15.83,-49.23
-76,90,7.76,-10.058,-45.28
-76,90,7.92,-9.582,-44.21
-76,90,8.08,-11.836,-46.64
-76,90,8.24,-12.722,-47.83
-76,90,8.4,-10.96,-46.34
-76,90,8.56,-13.662,-49.94
-76,90,8.72,-15.378,-52.68
-76,90,8.88,-13.168,-50.31
-76,90,9.04,-24.274,-62.06
-76,90,9.2,-13.59,-52.45
-76,90,9.36,-19.494,-57.56
-76,90,9.52,-25.142,-63.52
-76,90,9.68,-20.61,-59.5
-76,90,9.84,-20.336,-59.45
-76,90,10,-18.61,-57.68
-76,90,10.16,-30.288,-69.93
-76,90,10.32,-15.892,-55.52
-76,90,10.48,-18.988,-58.52
-76,90,10.64,-18.138,-58.15
-76,90,10.8,-25.79,-66.06
-76,90,10.96,-16.656,-56.64
-76,90,11.12,-23.346,-63.59
-76,90,11.28,-13.836,-54.28
-76,90,11.44,-17.522,-58.27
-76,90,11.6,-32.68,-73.55
-76,90,11.76,-23.674,-64.79
-76,90,11.92,-28.624,-69.75
-76,90,12.08,-20.62,-62.81
-76,90,12.24,-25.834,-68.09
-76,90,12.4,-24.12,-66.78
-76,90,12.56,-26.23,-70.3
-76,90,12.72,-36.154,-80.71
-76,90,12.88,-31.306,-76.51
-76,90,13.04,-31.658,-78.16
-76,90,13.2,-24.06,-70.84
-76,90,13.36,-20.044,-66.26
-76,90,13.52,-20.172,-66.18
-76,90,13.68,-17.55,-64.23
-76,90,13.84,-22.488,-69.97
-76,90,14,-18.53,-66.38
-76,90,14.16,-16.676,-64.9
-76,90,14.32,-15.406,-64.36
-76,90,14.48,-22.044,-73.87
-76,90,14.64,-12.244,-61.7
-76,90,14.8,-11.82,-59.83
-76,90,14.96,-13.832,-60.96
-76,90,15.12,-19.16,-65.59
-76,90,15.28,-22.5,-69.05
-76,90,15.44,-20.786,-67.1
-76,90,15.6,-28.76,-75.39
-76,90,15.76,-22.788,-69.98
-76,90,15.92,-25.712,-72.89
-76,90,16.08,-22.802,-70.26
-76,90,16.24,-21.124,-69.25
-76,90,16.4,-28.61,-78.42
-76,90,16.56,-15.918,-64.85
-76,90,16.72,-20.678,-70.16
-76,90,16.88,-21.574,-72.04
-76,90,17.04,-11.916,-63.17
-76,90,17.2,-17.4,-69.83
-76,90,17.36,-19.966,-72.61
-76,90,17.52,-16.576,-69.11
-76,90,17.68,-24.342,-77.42
-76,90,17.84,-19.928,-72.84
-76,90,18,-17.08,-69.89
-75,90,2,-3.77,-25.56
-75,90,2.16,-1.638,-25.05
-75,90,2.32,-4.366,-30.02
-75,90,2.48,-1.204,-28.45
-75,90,2.64,-4.138,-32.85
-75,90,2.8,-2.59,-29.65
-75,90,2.96,-1.578,-29.89
-75,90,3.12,-5.106,-33.34
-75,90,3.28,-5.132,-35.15
-75,90,3.44,-4.582,-33.23
-75,90,3.6,-12.1,-39.55
-75,90,3.76,-9.154,-38.64
-75,90,3.92,-13.742,-41.29
-75,90,4.08,-9.692,-37.36
-75,90,4.24,-13.926,-42.95
-75,90,4.4,-10.49,-40.3
-75,90,4.56,-12.406,-42.22
-75,90,4.72,-10.644,-40.63
-75,90,4.88,-11.2,-41.33
-75,90,5.04,-10.2,-40.25
-75,90,5.2,-9.22,-40.64
-75,90,5.36,-18.48,-49.28
-75,90,5.52,-15.498,-45.78
-75,90,5.68,-15.83,-47.2
-75,90,5.84,-20.892,-52.34
-75,90,6,-18.71,-50.25
-75,90,6.16,-14.64,-46.68
-75,90,6.32,-18.228,-51.72
-75,90,6.48,-19.506,-53.59
-75,90,6.64,-17.118,-51.51
-75,90,6.8,-13.85,-47.35
-75,90,6.96,-12.182,-46.51
-75,90,7.12,-13.376,-47.97
-75,90,7.28,-11.542,-45.92
-75,90,7.44,-11.396,-45.73
-75,90,7.6,-15.51,-48.91
-75,90,7.76,-8.878,-44.1
-75,90,7.92,-9.432,-44.06
-75,90,8.08,-11.486,-46.29
-75,90,8.24,-12.142,-47.25
-75,90,8.4,-9.96,-45.34
-75,90,8.56,-14.552,-50.83
-75,90,8.72,-12.438,-49.74
-75,90,8.88,-11.968,-49.11
-75,90,9.04,-22.564,-60.35
-75,90,9.2,-13.4,-52.26
-75,90,9.36,-19.194,-57.26
-75,90,9.52,-20.172,-58.55
-75,90,9.68,-18.62,-57.51
-75,90,9.84,-19.596,-58.71
-75,90,10,-16.3,-55.37
-75,90,10.16,-27.058,-66.7
-75,90,10.32,-16.732,-56.36
-75,90,10.48,-16.408,-55.94
-75,90,10.64,-16.408,-56.42
-75,90,10.8,-22.23,-62.5
-75,90,10.96,-17.576,-57.56
-75,90,11.12,-19.686,-59.93
-75,90,11.28,-14.516,-54.96
-75,90,11.44,-23.352,-64.1
-75,90,11.6,-34.6,-75.47
-75,90,11.76,-20.084,-61.2
-75,90,11.92,-24.624,-65.75
-75,90,12.08,-22.39,-64.58
-75,90,12.24,-24.634,-66.89
-75,90,12.4,-22.56,-65.22
-75,90,12.56,-25.02,-69.09
-75,90,12.72,-25.804,-70.36
-75,90,12.88,-21.546,-66.75
-75,90,13.04,-26.788,-73.29
-75,90,13.2,-15.53,-62.31
-75,90,13.36,-20.104,-66.32
-75,90,13.52,-28.442,-74.45
-75,90,13.68,-18.18,-64.86
-75,90,13.84,-17.408,-64.89
-75,90,14,-20.32,-68.17
-75,90,14.16,-15.106,-63.33
-75,90,14.32,-11.446,-60.4
-75,90,14.48,-19.084,-70.91
-75,90,14.64,-10.864,-60.32
-75,90,14.8,-11.7,-59.71
-75,90,14.96,-13.052,-60.18
-75,90,15.12,-17.87,-64.3
-75,90,15.28,-17.72,-64.27
-75,90,15.44,-17.806,-64.12
-75,90,15.6,-26.58,-73.21
-75,90,15.76,-25.398,-72.59
-75,90,15.92,-25.602,-72.78
-75,90,16.08,-21.572,-69.03
-75,90,16.24,-18.014,-66.14
-75,90,16.4,-20.93,-70.74
-75,90,16.56,-18.228,-67.16
-75,90,16.72,-17.568,-67.05
-75,90,16.88,-17.834,-68.3
-75,90,17.04,-15.036,-66.29
-75,90,17.2,-20.45,-72.88
-75,90,17.36,-17.846,-70.49
-75,90,17.52,-17.986,-70.52
-75,90,17.68,-36.162,-89.24
-75,90,17.84,-24.828,-77.74
-75,90,18,-21.75,-74.56
-74,90,2,-3.88,-25.67
-74,90,2.16,-1.778,-25.19
-74,90,2.32,-4.476,-30.13
-74,90,2.48,-1.334,-28.58
-74,90,2.64,-4.178,-32.89
-74,90,2.8,-3.02,-30.08
-74,90,2.96,-1.658,-29.97
-74,90,3.12,-4.866,-33.1
-74,90,3.28,-5.762,-35.78
-74,90,3.44,-4.642,-33.29
-74,90,3.6,-12.08,-39.53
-74,90,3.76,-8.28400000000001,-37.77
-74,90,3.92,-11.182,-38.73
-74,90,4.08,-8.442,-36.11
-74,90,4.24,-13.236,-42.26
-74,90,4.4,-9.32,-39.13
-74,90,4.56,-11.356,-41.17
-74,90,4.72,-10.334,-40.32
-74,90,4.88,-10.67,-40.8
-74,90,5.04,-8.44,-38.49
-74,90,5.2,-9.46,-40.88
-74,90,5.36,-18.47,-49.27
-74,90,5.52,-15.708,-45.99
-74,90,5.68,-17.31,-48.68
-74,90,5.84,-17.262,-48.71
-74,90,6,-19.57,-51.11
-74,90,6.16,-15.73,-47.77
-74,90,6.32,-16.328,-49.82
-74,90,6.48,-19.046,-53.13
-74,90,6.64,-16.998,-51.39
-74,90,6.8,-12.1,-45.6
-74,90,6.96,-11.682,-46.01
-74,90,7.12,-12.576,-47.17
-74,90,7.28,-11.602,-45.98
-74,90,7.44,-11.296,-45.63
-74,90,7.6,-15.02,-48.42
-74,90,7.76,-8.398,-43.62
-74,90,7.92,-9.822,-44.45
-74,90,8.08,-10.856,-45.66
-74,90,8.24,-11.792,-46.9
-74,90,8.4,-10.93,-46.31
-74,90,8.56,-13.462,-49.74
-74,90,8.72,-11.258,-48.56
-74,90,8.88,-13.858,-51
-74,90,9.04,-21.424,-59.21
-74,90,9.2,-12.86,-51.72
-74,90,9.36,-17.254,-55.32
-74,90,9.52,-17.392,-55.77
-74,90,9.68,-17.63,-56.52
-74,90,9.84,-18.986,-58.1
-74,90,10,-15.28,-54.35
-74,90,10.16,-20.828,-60.47
-74,90,10.32,-19.882,-59.51
-74,90,10.48,-15.278,-54.81
-74,90,10.64,-15.548,-55.56
-74,90,10.8,-18.78,-59.05
-74,90,10.96,-19.626,-59.61
-74,90,11.12,-19.556,-59.8
-74,90,11.28,-15.856,-56.3
-74,90,11.44,-30.882,-71.63
-74,90,11.6,-33.09,-73.96
-74,90,11.76,-20.324,-61.44
-74,90,11.92,-21.274,-62.4
-74,90,12.08,-19.16,-61.35
-74,90,12.24,-18.994,-61.25
-74,90,12.4,-19.51,-62.17
-74,90,12.56,-21,-65.07
-74,90,12.72,-22.704,-67.26
-74,90,12.88,-23.776,-68.98
-74,90,13.04,-19.508,-66.01
-74,90,13.2,-17.37,-64.15
-74,90,13.36,-19.534,-65.75
-74,90,13.52,-24.952,-70.96
-74,90,13.68,-24.07,-70.75
-74,90,13.84,-18.798,-66.28
-74,90,14,-17.57,-65.42
-74,90,14.16,-14.756,-62.98
-74,90,14.32,-11.876,-60.83
-74,90,14.48,-17.644,-69.47
-74,90,14.64,-10.994,-60.45
-74,90,14.8,-10.77,-58.78
-74,90,14.96,-13.002,-60.13
-74,90,15.12,-16.7,-63.13
-74,90,15.28,-19.63,-66.18
-74,90,15.44,-17.836,-64.15
-74,90,15.6,-21.16,-67.79
-74,90,15.76,-24.238,-71.43
-74,90,15.92,-23.962,-71.14
-74,90,16.08,-27.392,-74.85
-74,90,16.24,-18.844,-66.97
-74,90,16.4,-19.87,-69.68
-74,90,16.56,-15.548,-64.48
-74,90,16.72,-19.278,-68.76
-74,90,16.88,-17.584,-68.05
-74,90,17.04,-15.286,-66.54
-74,90,17.2,-20.73,-73.16
-74,90,17.36,-17.966,-70.61
-74,90,17.52,-20.366,-72.9
-74,90,17.68,-18.002,-71.08
-74,90,17.84,-24.688,-77.6
-74,90,18,-21.24,-74.05
-73,90,2,-3.95,-25.74
-73,90,2.16,-1.888,-25.3
-73,90,2.32,-4.536,-30.19
-73,90,2.48,-1.554,-28.8
-73,90,2.64,-4.028,-32.74
-73,90,2.8,-3.58,-30.64
-73,90,2.96,-1.688,-30
-73,90,3.12,-4.626,-32.86
-73,90,3.28,-6.692,-36.71
-73,90,3.44,-4.482,-33.13
-73,90,3.6,-11.28,-38.73
-73,90,3.76,-7.434,-36.92
-73,90,3.92,-9.492,-37.04
-73,90,4.08,-7.892,-35.56
-73,90,4.24,-12.706,-41.73
-73,90,4.4,-7.9,-37.71
-73,90,4.56,-10.786,-40.6
-73,90,4.72,-10.184,-40.17
-73,90,4.88,-10.22,-40.35
-73,90,5.04,-7.35999999999999,-37.41
-73,90,5.2,-10.9,-42.32
-73,90,5.36,-16.72,-47.52
-73,90,5.52,-15.398,-45.68
-73,90,5.68,-16.2,-47.57
-73,90,5.84,-14.572,-46.02
-73,90,6,-21.21,-52.75
-73,90,6.16,-15.84,-47.88
-73,90,6.32,-14.848,-48.34
-73,90,6.48,-19.186,-53.27
-73,90,6.64,-15.438,-49.83
-73,90,6.8,-10.83,-44.33
-73,90,6.96,-11.102,-45.43
-73,90,7.12,-12.346,-46.94
-73,90,7.28,-12.092,-46.47
-73,90,7.44,-11.646,-45.98
-73,90,7.6,-14.37,-47.77
-73,90,7.76,-9.178,-44.4
-73,90,7.92,-9.872,-44.5
-73,90,8.08,-10.756,-45.56
-73,90,8.24,-11.052,-46.16
-73,90,8.4,-11.98,-47.36
-73,90,8.56,-12.042,-48.32
-73,90,8.72,-11.008,-48.31
-73,90,8.88,-14.838,-51.98
-73,90,9.04,-18.224,-56.01
-73,90,9.2,-12.19,-51.05
-73,90,9.36,-14.064,-52.13
-73,90,9.52,-15.702,-54.08
-73,90,9.68,-17.76,-56.65
-73,90,9.84,-21.146,-60.26
-73,90,10,-14.06,-53.13
-73,90,10.16,-15.588,-55.23
-73,90,10.32,-27.032,-66.66
-73,90,10.48,-16.098,-55.63
-73,90,10.64,-16.338,-56.35
-73,90,10.8,-19.18,-59.45
-73,90,10.96,-27.226,-67.21
-73,90,11.12,-20.676,-60.92
-73,90,11.28,-19.526,-59.97
-73,90,11.44,-24.012,-64.76
-73,90,11.6,-38.4,-79.27
-73,90,11.76,-16.064,-57.18
-73,90,11.92,-17.314,-58.44
-73,90,12.08,-21.58,-63.77
-73,90,12.24,-15.624,-57.88
-73,90,12.4,-18.02,-60.68
-73,90,12.56,-17.91,-61.98
-73,90,12.72,-20.214,-64.77
-73,90,12.88,-21.696,-66.9
-73,90,13.04,-21.208,-67.71
-73,90,13.2,-20.49,-67.27
-73,90,13.36,-17.464,-63.68
-73,90,13.52,-23.462,-69.47
-73,90,13.68,-26.26,-72.94
-73,90,13.84,-22.478,-69.96
-73,90,14,-16.65,-64.5
-73,90,14.16,-14.786,-63.01
-73,90,14.32,-9.76600000000001,-58.72
-73,90,14.48,-13.654,-65.48
-73,90,14.64,-11.434,-60.89
-73,90,14.8,-11.1,-59.11
-73,90,14.96,-15.122,-62.25
-73,90,15.12,-17.22,-63.65
-73,90,15.28,-21.59,-68.14
-73,90,15.44,-21.046,-67.36
-73,90,15.6,-20.03,-66.66
-73,90,15.76,-24.878,-72.07
-73,90,15.92,-17.322,-64.5
-73,90,16.08,-20.752,-68.21
-73,90,16.24,-16.954,-65.08
-73,90,16.4,-19.86,-69.67
-73,90,16.56,-18.328,-67.26
-73,90,16.72,-22.108,-71.59
-73,90,16.88,-20.484,-70.95
-73,90,17.04,-17.256,-68.51
-73,90,17.2,-14.2,-66.63
-73,90,17.36,-28.236,-80.88
-73,90,17.52,-16.276,-68.81
-73,90,17.68,-29.942,-83.02
-73,90,17.84,-26.988,-79.9
-73,90,18,-25.89,-78.7
-72,90,2,-4.07,-25.86
-72,90,2.16,-1.978,-25.39
-72,90,2.32,-4.576,-30.23
-72,90,2.48,-1.764,-29.01
-72,90,2.64,-4.188,-32.9
-72,90,2.8,-4.25,-31.31
-72,90,2.96,-1.568,-29.88
-72,90,3.12,-4.416,-32.65
-72,90,3.28,-7.462,-37.48
-72,90,3.44,-4.332,-32.98
-72,90,3.6,-10.33,-37.78
-72,90,3.76,-6.844,-36.33
-72,90,3.92,-8.232,-35.78
-72,90,4.08,-7.522,-35.19
-72,90,4.24,-12.146,-41.17
-72,90,4.4,-6.75,-36.56
-72,90,4.56,-10.266,-40.08
-72,90,4.72,-10.224,-40.21
-72,90,4.88,-9.84999999999999,-39.98
-72,90,5.04,-6.97,-37.02
-72,90,5.2,-13.01,-44.43
-72,90,5.36,-14.67,-45.47
-72,90,5.52,-15.558,-45.84
-72,90,5.68,-13.25,-44.62
-72,90,5.84,-12.232,-43.68
-72,90,6,-24.41,-55.95
-72,90,6.16,-14.51,-46.55
-72,90,6.32,-12.928,-46.42
-72,90,6.48,-16.876,-50.96
-72,90,6.64,-13.228,-47.62
-72,90,6.8,-9.4,-42.9
-72,90,6.96,-11.192,-45.52
-72,90,7.12,-12.526,-47.12
-72,90,7.28,-12.552,-46.93
-72,90,7.44,-11.966,-46.3
-72,90,7.6,-13.54,-46.94
-72,90,7.76,-9.868,-45.09
-72,90,7.92,-9.982,-44.61
-72,90,8.08,-10.556,-45.36
-72,90,8.24,-11.662,-46.77
-72,90,8.4,-13.32,-48.7
-72,90,8.56,-10.432,-46.71
-72,90,8.72,-11.278,-48.58
-72,90,8.88,-14.728,-51.87
-72,90,9.04,-15.674,-53.46
-72,90,9.2,-11.76,-50.62
-72,90,9.36,-13.314,-51.38
-72,90,9.52,-15.882,-54.26
-72,90,9.68,-19.24,-58.13
-72,90,9.84,-19.796,-58.91
-72,90,10,-14.51,-53.58
-72,90,10.16,-13.448,-53.09
-72,90,10.32,-23.162,-62.79
-72,90,10.48,-19.648,-59.18
-72,90,10.64,-16.328,-56.34
-72,90,10.8,-17.62,-57.89
-72,90,10.96,-28.496,-68.48
-72,90,11.12,-28.346,-68.59
-72,90,11.28,-22.246,-62.69
-72,90,11.44,-19.652,-60.4
-72,90,11.6,-39.49,-80.36
-72,90,11.76,-16.614,-57.73
-72,90,11.92,-15.014,-56.14
-72,90,12.08,-17.01,-59.2
-72,90,12.24,-14.564,-56.82
-72,90,12.4,-16.35,-59.01
-72,90,12.56,-13.93,-58
-72,90,12.72,-18.624,-63.18
-72,90,12.88,-16.766,-61.97
-72,90,13.04,-18.708,-65.21
-72,90,13.2,-21.39,-68.17
-72,90,13.36,-21.004,-67.22
-72,90,13.52,-24.132,-70.14
-72,90,13.68,-25.15,-71.83
-72,90,13.84,-21.978,-69.46
-72,90,14,-19.3,-67.15
-72,90,14.16,-15.776,-64
-72,90,14.32,-10.606,-59.56
-72,90,14.48,-12.464,-64.29
-72,90,14.64,-14.654,-64.11
-72,90,14.8,-13.51,-61.52
-72,90,14.96,-15.312,-62.44
-72,90,15.12,-14.95,-61.38
-72,90,15.28,-22.81,-69.36
-72,90,15.44,-15.886,-62.2
-72,90,15.6,-16.76,-63.39
-72,90,15.76,-22.918,-70.11
-72,90,15.92,-17.122,-64.3
-72,90,16.08,-18.912,-66.37
-72,90,16.24,-14.874,-63
-72,90,16.4,-16.5,-66.31
-72,90,16.56,-18.288,-67.22
-72,90,16.72,-18.878,-68.36
-72,90,16.88,-19.684,-70.15
-72,90,17.04,-15.406,-66.66
-72,90,17.2,-16.71,-69.14
-72,90,17.36,-16.826,-69.47
-72,90,17.52,-15.966,-68.5
-72,90,17.68,-33.692,-86.77
-72,90,17.84,-20.438,-73.35
-72,90,18,-20.21,-73.02
-71,90,2,-4.22,-26.01
-71,90,2.16,-2.198,-25.61
-71,90,2.32,-4.576,-30.23
-71,90,2.48,-2.004,-29.25
-71,90,2.64,-4.188,-32.9
-71,90,2.8,-5.07,-32.13
-71,90,2.96,-1.398,-29.71
-71,90,3.12,-4.256,-32.49
-71,90,3.28,-8.50200000000001,-38.52
-71,90,3.44,-3.952,-32.6
-71,90,3.6,-9.05,-36.5
-71,90,3.76,-6.234,-35.72
-71,90,3.92,-7.122,-34.67
-71,90,4.08,-7.312,-34.98
-71,90,4.24,-11.166,-40.19
-71,90,4.4,-6.01,-35.82
-71,90,4.56,-10.396,-40.21
-71,90,4.72,-9.95399999999999,-39.94
-71,90,4.88,-9.64,-39.77
-71,90,5.04,-7.10999999999999,-37.16
-71,90,5.2,-15.23,-46.65
-71,90,5.36,-12.11,-42.91
-71,90,5.52,-15.088,-45.37
-71,90,5.68,-10.98,-42.35
-71,90,5.84,-10.942,-42.39
-71,90,6,-24.81,-56.35
-71,90,6.16,-13.18,-45.22
-71,90,6.32,-11.128,-44.62
-71,90,6.48,-15.326,-49.41
-71,90,6.64,-11.908,-46.3
-71,90,6.8,-8.98,-42.48
-71,90,6.96,-11.142,-45.47
-71,90,7.12,-13.246,-47.84
-71,90,7.28,-12.942,-47.32
-71,90,7.44,-11.956,-46.29
-71,90,7.6,-13.27,-46.67
-71,90,7.76,-10.818,-46.04
-71,90,7.92,-9.932,-44.56
-71,90,8.08,-11.396,-46.2
-71,90,8.24,-12.452,-47.56
-71,90,8.4,-12.44,-47.82
-71,90,8.56,-9.33199999999999,-45.61
-71,90,8.72,-12.128,-49.43
-71,90,8.88,-13.388,-50.53
-71,90,9.04,-13.754,-51.54
-71,90,9.2,-13.45,-52.31
-71,90,9.36,-13.104,-51.17
-71,90,9.52,-17.762,-56.14
-71,90,9.68,-20.96,-59.85
-71,90,9.84,-18.176,-57.29
-71,90,10,-14.82,-53.89
-71,90,10.16,-13.598,-53.24
-71,90,10.32,-21.502,-61.13
-71,90,10.48,-25.888,-65.42
-71,90,10.64,-21.728,-61.74
-71,90,10.8,-20.74,-61.01
-71,90,10.96,-28.236,-68.22
-71,90,11.12,-30.036,-70.28
-71,90,11.28,-19.096,-59.54
-71,90,11.44,-17.902,-58.65
-71,90,11.6,-23.51,-64.38
-71,90,11.76,-16.804,-57.92
-71,90,11.92,-14.234,-55.36
-71,90,12.08,-13.98,-56.17
-71,90,12.24,-11.574,-53.83
-71,90,12.4,-15.74,-58.4
-71,90,12.56,-13.71,-57.78
-71,90,12.72,-20.834,-65.39
-71,90,12.88,-16.686,-61.89
-71,90,13.04,-18.838,-65.34
-71,90,13.2,-20.93,-67.71
-71,90,13.36,-18.784,-65
-71,90,13.52,-30.472,-76.48
-71,90,13.68,-26.74,-73.42
-71,90,13.84,-17.778,-65.26
-71,90,14,-20.48,-68.33
-71,90,14.16,-12.916,-61.14
-71,90,14.32,-11.536,-60.49
-71,90,14.48,-14.904,-66.73
-71,90,14.64,-15.614,-65.07
-71,90,14.8,-13.58,-61.59
-71,90,14.96,-12.062,-59.19
-71,90,15.12,-15.32,-61.75
-71,90,15.28,-20.41,-66.96
-71,90,15.44,-13.766,-60.08
-71,90,15.6,-18.86,-65.49
-71,90,15.76,-16.738,-63.93
-71,90,15.92,-16.432,-63.61
-71,90,16.08,-15.582,-63.04
-71,90,16.24,-17.294,-65.42
-71,90,16.4,-16.09,-65.9
-71,90,16.56,-25.908,-74.84
-71,90,16.72,-20.708,-70.19
-71,90,16.88,-18.414,-68.88
-71,90,17.04,-21.616,-72.87
-71,90,17.2,-15.5,-67.93
-71,90,17.36,-14.216,-66.86
-71,90,17.52,-18.986,-71.52
-71,90,17.68,-24.052,-77.13
-71,90,17.84,-19.018,-71.93
-71,90,18,-20.7,-73.51
-70,90,2,-4.38,-26.17
-70,90,2.16,-2.368,-25.78
-70,90,2.32,-4.646,-30.3
-70,90,2.48,-2.244,-29.49
-70,90,2.64,-4.258,-32.97
-70,90,2.8,-5.73,-32.79
-70,90,2.96,-1.178,-29.49
-70,90,3.12,-4.206,-32.44
-70,90,3.28,-8.952,-38.97
-70,90,3.44,-3.462,-32.11
-70,90,3.6,-8.06,-35.51
-70,90,3.76,-6.024,-35.51
-70,90,3.92,-6.572,-34.12
-70,90,4.08,-7.272,-34.94
-70,90,4.24,-10.156,-39.18
-70,90,4.4,-5.44,-35.25
-70,90,4.56,-10.336,-40.15
-70,90,4.72,-9.944,-39.93
-70,90,4.88,-8.95,-39.08
-70,90,5.04,-7.70999999999999,-37.76
-70,90,5.2,-15.45,-46.87
-70,90,5.36,-10.4,-41.2
-70,90,5.52,-13.538,-43.82
-70,90,5.68,-9.52,-40.89
-70,90,5.84,-10.652,-42.1
-70,90,6,-21.06,-52.6
-70,90,6.16,-11.69,-43.73
-70,90,6.32,-9.498,-42.99
-70,90,6.48,-13.436,-47.52
-70,90,6.64,-11.158,-45.55
-70,90,6.8,-9.49,-42.99
-70,90,6.96,-11.632,-45.96
-70,90,7.12,-14.216,-48.81
-70,90,7.28,-12.392,-46.77
-70,90,7.44,-12.096,-46.43
-70,90,7.6,-13.42,-46.82
-70,90,7.76,-12.478,-47.7
-70,90,7.92,-10.522,-45.15
-70,90,8.08,-12.376,-47.18
-70,90,8.24,-12.752,-47.86
-70,90,8.4,-11.48,-46.86
-70,90,8.56,-9.182,-45.46
-70,90,8.72,-13.458,-50.76
-70,90,8.88,-11.958,-49.1
-70,90,9.04,-13.424,-51.21
-70,90,9.2,-15.18,-54.04
-70,90,9.36,-12.234,-50.3
-70,90,9.52,-18.932,-57.31
-70,90,9.68,-23.74,-62.63
-70,90,9.84,-17.626,-56.74
-70,90,10,-17.45,-56.52
-70,90,10.16,-16.538,-56.18
-70,90,10.32,-22.662,-62.29
-70,90,10.48,-35.328,-74.86
-70,90,10.64,-23.838,-63.85
-70,90,10.8,-20.88,-61.15
-70,90,10.96,-25.166,-65.15
-70,90,11.12,-24.236,-64.48
-70,90,11.28,-15.276,-55.72
-70,90,11.44,-15.602,-56.35
-70,90,11.6,-16.71,-57.58
-70,90,11.76,-16.794,-57.91
-70,90,11.92,-13.184,-54.31
-70,90,12.08,-12.92,-55.11
-70,90,12.24,-12.844,-55.1
-70,90,12.4,-14.88,-57.54
-70,90,12.56,-14.94,-59.01
-70,90,12.72,-19.614,-64.17
-70,90,12.88,-17.666,-62.87
-70,90,13.04,-25.998,-72.5
-70,90,13.2,-20.51,-67.29
-70,90,13.36,-20.604,-66.82
-70,90,13.52,-38.382,-84.39
-70,90,13.68,-25.23,-71.91
-70,90,13.84,-17.628,-65.11
-70,90,14,-18.83,-66.68
-70,90,14.16,-13.376,-61.6
-70,90,14.32,-11.766,-60.72
-70,90,14.48,-13.404,-65.23
-70,90,14.64,-11.204,-60.66
-70,90,14.8,-12.7,-60.71
-70,90,14.96,-12.062,-59.19
-70,90,15.12,-11.95,-58.38
-70,90,15.28,-16.39,-62.94
-70,90,15.44,-13.796,-60.11
-70,90,15.6,-15.61,-62.24
-70,90,15.76,-17.278,-64.47
-70,90,15.92,-16.962,-64.14
-70,90,16.08,-13.492,-60.95
-70,90,16.24,-24.804,-72.93
-70,90,16.4,-20.83,-70.64
-70,90,16.56,-28.138,-77.07
-70,90,16.72,-27.868,-77.35
-70,90,16.88,-15.144,-65.61
-70,90,17.04,-15.766,-67.02
-70,90,17.2,-14.45,-66.88
-70,90,17.36,-18.146,-70.79
-70,90,17.52,-24.256,-76.79
-70,90,17.68,-17.322,-70.4
-70,90,17.84,-22.388,-75.3
-70,90,18,-19.34,-72.15
-69,90,2,-4.63,-26.42
-69,90,2.16,-2.418,-25.83
-69,90,2.32,-4.576,-30.23
-69,90,2.48,-2.554,-29.8
-69,90,2.64,-4.338,-33.05
-69,90,2.8,-6.52,-33.58
-69,90,2.96,-0.938000000000002,-29.25
-69,90,3.12,-4.17599999999999,-32.41
-69,90,3.28,-8.992,-39.01
-69,90,3.44,-2.922,-31.57
-69,90,3.6,-7.1,-34.55
-69,90,3.76,-5.834,-35.32
-69,90,3.92,-6.092,-33.64
-69,90,4.08,-7.332,-35
-69,90,4.24,-8.936,-37.96
-69,90,4.4,-5.16,-34.97
-69,90,4.56,-10.526,-40.34
-69,90,4.72,-9.614,-39.6
-69,90,4.88,-8.61,-38.74
-69,90,5.04,-8.45999999999999,-38.51
-69,90,5.2,-12.1,-43.52
-69,90,5.36,-9.11,-39.91
-69,90,5.52,-11.868,-42.15
-69,90,5.68,-8.76000000000001,-40.13
-69,90,5.84,-10.962,-42.41
-69,90,6,-17.08,-48.62
-69,90,6.16,-10.49,-42.53
-69,90,6.32,-8.22799999999999,-41.72
-69,90,6.48,-11.996,-46.08
-69,90,6.64,-10.998,-45.39
-69,90,6.8,-10.48,-43.98
-69,90,6.96,-11.892,-46.22
-69,90,7.12,-15.176,-49.77
-69,90,7.28,-12.302,-46.68
-69,90,7.44,-12.496,-46.83
-69,90,7.6,-13.78,-47.18
-69,90,7.76,-13.838,-49.06
-69,90,7.92,-10.192,-44.82
-69,90,8.08,-12.646,-47.45
-69,90,8.24,-12.162,-47.27
-69,90,8.4,-10.37,-45.75
-69,90,8.56,-9.532,-45.81
-69,90,8.72,-13.058,-50.36
-69,90,8.88,-10.868,-48.01
-69,90,9.04,-14.134,-51.92
-69,90,9.2,-15.1,-53.96
-69,90,9.36,-10.884,-48.95
-69,90,9.52,-24.232,-62.61
-69,90,9.68,-21.69,-60.58
-69,90,9.84,-19.386,-58.5
-69,90,10,-26.77,-65.84
-69,90,10.16,-21.408,-61.05
-69,90,10.32,-25.712,-65.34
-69,90,10.48,-30.188,-69.72
-69,90,10.64,-17.648,-57.66
-69,90,10.8,-14.22,-54.49
-69,90,10.96,-24.106,-64.09
-69,90,11.12,-20.196,-60.44
-69,90,11.28,-13.426,-53.87
-69,90,11.44,-14.432,-55.18
-69,90,11.6,-16.85,-57.72
-69,90,11.76,-19.144,-60.26
-69,90,11.92,-13.434,-54.56
-69,90,12.08,-13.02,-55.21
-69,90,12.24,-14.074,-56.33
-69,90,12.4,-14.56,-57.22
-69,90,12.56,-16.4,-60.47
-69,90,12.72,-21.744,-66.3
-69,90,12.88,-15.376,-60.58
-69,90,13.04,-19.518,-66.02
-69,90,13.2,-20.45,-67.23
-69,90,13.36,-28.934,-75.15
-69,90,13.52,-24.932,-70.94
-69,90,13.68,-19.93,-66.61
-69,90,13.84,-14.508,-61.99
-69,90,14,-17.24,-65.09
-69,90,14.16,-11.276,-59.5
-69,90,14.32,-12.356,-61.31
-69,90,14.48,-11.894,-63.72
-69,90,14.64,-11.054,-60.51
-69,90,14.8,-11.79,-59.8
-69,90,14.96,-12.142,-59.27
-69,90,15.12,-11.26,-57.69
-69,90,15.28,-12.74,-59.29
-69,90,15.44,-13.546,-59.86
-69,90,15.6,-14.75,-61.38
-69,90,15.76,-13.528,-60.72
-69,90,15.92,-16.942,-64.12
-69,90,16.08,-16.412,-63.87
-69,90,16.24,-21.294,-69.42
-69,90,16.4,-20.76,-70.57
-69,90,16.56,-19.958,-68.89
-69,90,16.72,-17.248,-66.73
-69,90,16.88,-18.734,-69.2
-69,90,17.04,-15.006,-66.26
-69,90,17.2,-18.27,-70.7
-69,90,17.36,-18.146,-70.79
-69,90,17.52,-22.106,-74.64
-69,90,17.68,-23.222,-76.3
-69,90,17.84,-28.898,-81.81
-69,90,18,-23.02,-75.83
-68,90,2,-4.8,-26.59
-68,90,2.16,-2.498,-25.91
-68,90,2.32,-4.556,-30.21
-68,90,2.48,-2.984,-30.23
-68,90,2.64,-4.438,-33.15
-68,90,2.8,-7.12,-34.18
-68,90,2.96,-0.668000000000003,-28.98
-68,90,3.12,-4.076,-32.31
-68,90,3.28,-8.982,-39
-68,90,3.44,-2.592,-31.24
-68,90,3.6,-6.27,-33.72
-68,90,3.76,-5.904,-35.39
-68,90,3.92,-5.572,-33.12
-68,90,4.08,-7.442,-35.11
-68,90,4.24,-8.02599999999999,-37.05
-68,90,4.4,-5.09,-34.9
-68,90,4.56,-10.706,-40.52
-68,90,4.72,-9.02399999999999,-39.01
-68,90,4.88,-8.06,-38.19
-68,90,5.04,-8.95,-39
-68,90,5.2,-9.26,-40.68
-68,90,5.36,-7.95,-38.75
-68,90,5.52,-10.168,-40.45
-68,90,5.68,-8.84,-40.21
-68,90,5.84,-11.362,-42.81
-68,90,6,-14.68,-46.22
-68,90,6.16,-9.81,-41.85
-68,90,6.32,-7.65799999999999,-41.15
-68,90,6.48,-10.976,-45.06
-68,90,6.64,-11.418,-45.81
-68,90,6.8,-12.3,-45.8
-68,90,6.96,-11.642,-45.97
-68,90,7.12,-15.486,-50.08
-68,90,7.28,-12.872,-47.25
-68,90,7.44,-13.426,-47.76
-68,90,7.6,-15.56,-48.96
-68,90,7.76,-14.988,-50.21
-68,90,7.92,-10.252,-44.88
-68,90,8.08,-11.796,-46.6
-68,90,8.24,-11.332,-46.44
-68,90,8.4,-10.02,-45.4
-68,90,8.56,-10.282,-46.56
-68,90,8.72,-10.258,-47.56
-68,90,8.88,-10.488,-47.63
-68,90,9.04,-14.734,-52.52
-68,90,9.2,-12.91,-51.77
-68,90,9.36,-12.254,-50.32
-68,90,9.52,-28.972,-67.35
-68,90,9.68,-17.66,-56.55
-68,90,9.84,-19.856,-58.97
-68,90,10,-36.62,-75.69
-68,90,10.16,-18.618,-58.26
-68,90,10.32,-21.702,-61.33
-68,90,10.48,-22.468,-62
-68,90,10.64,-14.318,-54.33
-68,90,10.8,-12.84,-53.11
-68,90,10.96,-18.686,-58.67
-68,90,11.12,-17.806,-58.05
-68,90,11.28,-12.926,-53.37
-68,90,11.44,-14.102,-54.85
-68,90,11.6,-15.86,-56.73
-68,90,11.76,-18.934,-60.05
-68,90,11.92,-13.424,-54.55
-68,90,12.08,-13.13,-55.32
-68,90,12.24,-15.694,-57.95
-68,90,12.4,-15.53,-58.19
-68,90,12.56,-16.12,-60.19
-68,90,12.72,-20.154,-64.71
-68,90,12.88,-19.316,-64.52
-68,90,13.04,-19.378,-65.88
-68,90,13.2,-17.76,-64.54
-68,90,13.36,-21.444,-67.66
-68,90,13.52,-19.582,-65.59
-68,90,13.68,-18.63,-65.31
-68,90,13.84,-14.808,-62.29
-68,90,14,-14.49,-62.34
-68,90,14.16,-11.316,-59.54
-68,90,14.32,-12.556,-61.51
-68,90,14.48,-9.88399999999999,-61.71
-68,90,14.64,-9.22400000000001,-58.68
-68,90,14.8,-9.21,-57.22
-68,90,14.96,-11.042,-58.17
-68,90,15.12,-9.71,-56.14
-68,90,15.28,-11.2,-57.75
-68,90,15.44,-12.126,-58.44
-68,90,15.6,-14.87,-61.5
-68,90,15.76,-11.378,-58.57
-68,90,15.92,-16.402,-63.58
-68,90,16.08,-17.572,-65.03
-68,90,16.24,-25.424,-73.55
-68,90,16.4,-19.51,-69.32
-68,90,16.56,-16.478,-65.41
-68,90,16.72,-17.848,-67.33
-68,90,16.88,-14.564,-65.03
-68,90,17.04,-14.286,-65.54
-68,90,17.2,-17.33,-69.76
-68,90,17.36,-14.866,-67.51
-68,90,17.52,-20.776,-73.31
-68,90,17.68,-19.932,-73.01
-68,90,17.84,-20.698,-73.61
-68,90,18,-17.51,-70.32
-67,90,2,-4.94,-26.73
-67,90,2.16,-2.588,-26
-67,90,2.32,-4.536,-30.19
-67,90,2.48,-3.374,-30.62
-67,90,2.64,-4.588,-33.3
-67,90,2.8,-7.5,-34.56
-67,90,2.96,-0.478000000000002,-28.79
-67,90,3.12,-4.116,-32.35
-67,90,3.28,-8.592,-38.61
-67,90,3.44,-2.282,-30.93
-67,90,3.6,-5.57,-33.02
-67,90,3.76,-5.89400000000001,-35.38
-67,90,3.92,-5.022,-32.57
-67,90,4.08,-7.482,-35.15
-67,90,4.24,-7.156,-36.18
-67,90,4.4,-5.15,-34.96
-67,90,4.56,-10.186,-40
-67,90,4.72,-8.114,-38.1
-67,90,4.88,-7.26,-37.39
-67,90,5.04,-7.83,-37.88
-67,90,5.2,-6.96,-38.38
-67,90,5.36,-7.04000000000001,-37.84
-67,90,5.52,-8.608,-38.89
-67,90,5.68,-8.64,-40.01
-67,90,5.84,-11.582,-43.03
-67,90,6,-12.27,-43.81
-67,90,6.16,-8.87,-40.91
-67,90,6.32,-7.958,-41.45
-67,90,6.48,-10.726,-44.81
-67,90,6.64,-12.258,-46.65
-67,90,6.8,-14.72,-48.22
-67,90,6.96,-11.452,-45.78
-67,90,7.12,-15.796,-50.39
-67,90,7.28,-14.602,-48.98
-67,90,7.44,-15.886,-50.22
-67,90,7.6,-16.08,-49.48
-67,90,7.76,-13.628,-48.85
-67,90,7.92,-9.852,-44.48
-67,90,8.08,-10.996,-45.8
-67,90,8.24,-10.322,-45.43
-67,90,8.4,-10.08,-45.46
-67,90,8.56,-10.202,-46.48
-67,90,8.72,-8.108,-45.41
-67,90,8.88,-10.928,-48.07
-67,90,9.04,-13.974,-51.76
-67,90,9.2,-12.12,-50.98
-67,90,9.36,-14.594,-52.66
-67,90,9.52,-19.272,-57.65
-67,90,9.68,-14.67,-53.56
-67,90,9.84,-20.416,-59.53
-67,90,10,-26.03,-65.1
-67,90,10.16,-15.228,-54.87
-67,90,10.32,-16.342,-55.97
-67,90,10.48,-19.528,-59.06
-67,90,10.64,-13.308,-53.32
-67,90,10.8,-12.56,-52.83
-67,90,10.96,-15.836,-55.82
-67,90,11.12,-16.896,-57.14
-67,90,11.28,-13.696,-54.14
-67,90,11.44,-14.812,-55.56
-67,90,11.6,-18.31,-59.18
-67,90,11.76,-17.094,-58.21
-67,90,11.92,-16.374,-57.5
-67,90,12.08,-17.02,-59.21
-67,90,12.24,-15.384,-57.64
-67,90,12.4,-17.23,-59.89
-67,90,12.56,-16.33,-60.4
-67,90,12.72,-17.584,-62.14
-67,90,12.88,-18.706,-63.91
-67,90,13.04,-17.048,-63.55
-67,90,13.2,-21.21,-67.99
-67,90,13.36,-19.834,-66.05
-67,90,13.52,-19.402,-65.41
-67,90,13.68,-15.86,-62.54
-67,90,13.84,-15.238,-62.72
-67,90,14,-15.31,-63.16
-67,90,14.16,-11.426,-59.65
-67,90,14.32,-9.65600000000001,-58.61
-67,90,14.48,-11.484,-63.31
-67,90,14.64,-8.24400000000001,-57.7
-67,90,14.8,-7.27,-55.28
-67,90,14.96,-9.972,-57.1
-67,90,15.12,-11.47,-57.9
-67,90,15.28,-12.74,-59.29
-67,90,15.44,-12.716,-59.03
-67,90,15.6,-17.8,-64.43
-67,90,15.76,-15.648,-62.84
-67,90,15.92,-19.862,-67.04
-67,90,16.08,-20.742,-68.2
-67,90,16.24,-25.314,-73.44
-67,90,16.4,-20.37,-70.18
-67,90,16.56,-18.328,-67.26
-67,90,16.72,-15.108,-64.59
-67,90,16.88,-11.704,-62.17
-67,90,17.04,-13.146,-64.4
-67,90,17.2,-14.09,-66.52
-67,90,17.36,-14.896,-67.54
-67,90,17.52,-14.806,-67.34
-67,90,17.68,-17.512,-70.59
-67,90,17.84,-17.288,-70.2
-67,90,18,-17.34,-70.15
-66,90,2,-5.17,-26.96
-66,90,2.16,-2.568,-25.98
-66,90,2.32,-4.516,-30.17
-66,90,2.48,-3.764,-31.01
-66,90,2.64,-4.768,-33.48
-66,90,2.8,-7.45,-34.51
-66,90,2.96,-0.298000000000002,-28.61
-66,90,3.12,-4.106,-32.34
-66,90,3.28,-8.132,-38.15
-66,90,3.44,-2.242,-30.89
-66,90,3.6,-4.95,-32.4
-66,90,3.76,-5.764,-35.25
-66,90,3.92,-4.472,-32.02
-66,90,4.08,-7.402,-35.07
-66,90,4.24,-6.536,-35.56
-66,90,4.4,-5.37,-35.18
-66,90,4.56,-9.286,-39.1
-66,90,4.72,-6.794,-36.78
-66,90,4.88,-6.63,-36.76
-66,90,5.04,-6.26,-36.31
-66,90,5.2,-5.52,-36.94
-66,90,5.36,-6.15000000000001,-36.95
-66,90,5.52,-7.468,-37.75
-66,90,5.68,-8.39,-39.76
-66,90,5.84,-11.062,-42.51
-66,90,6,-10.49,-42.03
-66,90,6.16,-8.74,-40.78
-66,90,6.32,-8.72799999999999,-42.22
-66,90,6.48,-10.326,-44.41
-66,90,6.64,-13.928,-48.32
-66,90,6.8,-15.59,-49.09
-66,90,6.96,-11.282,-45.61
-66,90,7.12,-15.386,-49.98
-66,90,7.28,-16.312,-50.69
-66,90,7.44,-18.696,-53.03
-66,90,7.6,-15.03,-48.43
-66,90,7.76,-12.208,-47.43
-66,90,7.92,-9.032,-43.66
-66,90,8.08,-10.566,-45.37
-66,90,8.24,-9.59200000000001,-44.7
-66,90,8.4,-9.2,-44.58
-66,90,8.56,-8.91199999999999,-45.19
-66,90,8.72,-6.748,-44.05
-66,90,8.88,-10.878,-48.02
-66,90,9.04,-12.054,-49.84
-66,90,9.2,-13.93,-52.79
-66,90,9.36,-17.954,-56.02
-66,90,9.52,-14.562,-52.94
-66,90,9.68,-13.22,-52.11
-66,90,9.84,-20.126,-59.24
-66,90,10,-20.94,-60.01
-66,90,10.16,-14.298,-53.94
-66,90,10.32,-12.822,-52.45
-66,90,10.48,-18.488,-58.02
-66,90,10.64,-15.338,-55.35
-66,90,10.8,-12.98,-53.25
-66,90,10.96,-13.436,-53.42
-66,90,11.12,-14.726,-54.97
-66,90,11.28,-15.626,-56.07
-66,90,11.44,-13.972,-54.72
-66,90,11.6,-20.5,-61.37
-66,90,11.76,-15.854,-56.97
-66,90,11.92,-19.844,-60.97
-66,90,12.08,-20.12,-62.31
-66,90,12.24,-17.884,-60.14
-66,90,12.4,-17.83,-60.49
-66,90,12.56,-13.58,-57.65
-66,90,12.72,-16.504,-61.06
-66,90,12.88,-15.396,-60.6
-66,90,13.04,-13.388,-59.89
-66,90,13.2,-16.11,-62.89
-66,90,13.36,-21.684,-67.9
-66,90,13.52,-16.162,-62.17
-66,90,13.68,-19.92,-66.6
-66,90,13.84,-15.948,-63.43
-66,90,14,-14.71,-62.56
-66,90,14.16,-9.846,-58.07
-66,90,14.32,-9.526,-58.48
-66,90,14.48,-10.754,-62.58
-66,90,14.64,-7.63400000000001,-57.09
-66,90,14.8,-7.05,-55.06
-66,90,14.96,-12.642,-59.77
-66,90,15.12,-11.57,-58
-66,90,15.28,-10.43,-56.98
-66,90,15.44,-12.406,-58.72
-66,90,15.6,-15.3,-61.93
-66,90,15.76,-14.198,-61.39
-66,90,15.92,-18.052,-65.23
-66,90,16.08,-24.002,-71.46
-66,90,16.24,-17.474,-65.6
-66,90,16.4,-19.48,-69.29
-66,90,16.56,-22.528,-71.46
-66,90,16.72,-18.738,-68.22
-66,90,16.88,-14.454,-64.92
-66,90,17.04,-12.216,-63.47
-66,90,17.2,-17.04,-69.47
-66,90,17.36,-12.176,-64.82
-66,90,17.52,-12.956,-65.49
-66,90,17.68,-20.882,-73.96
-66,90,17.84,-17.898,-70.81
-66,90,18,-21.31,-74.12
-65,90,2,-5.34,-27.13
-65,90,2.16,-2.488,-25.9
-65,90,2.32,-4.556,-30.21
-65,90,2.48,-4.134,-31.38
-65,90,2.64,-4.738,-33.45
-65,90,2.8,-7.14,-34.2
-65,90,2.96,-0.198000000000004,-28.51
-65,90,3.12,-4.146,-32.38
-65,90,3.28,-7.522,-37.54
-65,90,3.44,-2.242,-30.89
-65,90,3.6,-4.49,-31.94
-65,90,3.76,-5.594,-35.08
-65,90,3.92,-3.892,-31.44
-65,90,4.08,-7.202,-34.87
-65,90,4.24,-6.05599999999999,-35.08
-65,90,4.4,-5.39,-35.2
-65,90,4.56,-7.836,-37.65
-65,90,4.72,-5.604,-35.59
-65,90,4.88,-5.83,-35.96
-65,90,5.04,-4.45999999999999,-34.51
-65,90,5.2,-4.51,-35.93
-65,90,5.36,-5.39,-36.19
-65,90,5.52,-6.498,-36.78
-65,90,5.68,-8.23,-39.6
-65,90,5.84,-9.712,-41.16
-65,90,6,-9.71,-41.25
-65,90,6.16,-8.54,-40.58
-65,90,6.32,-9.55799999999999,-43.05
-65,90,6.48,-10.906,-44.99
-65,90,6.64,-16.028,-50.42
-65,90,6.8,-15.41,-48.91
-65,90,6.96,-12.132,-46.46
-65,90,7.12,-16.946,-51.54
-65,90,7.28,-18.362,-52.74
-65,90,7.44,-19.346,-53.68
-65,90,7.6,-12.88,-46.28
-65,90,7.76,-11.508,-46.73
-65,90,7.92,-9.172,-43.8
-65,90,8.08,-9.876,-44.68
-65,90,8.24,-9.392,-44.5
-65,90,8.4,-8.05,-43.43
-65,90,8.56,-7.992,-44.27
-65,90,8.72,-6.808,-44.11
-65,90,8.88,-11.228,-48.37
-65,90,9.04,-10.944,-48.73
-65,90,9.2,-14.67,-53.53
-65,90,9.36,-14.184,-52.25
-65,90,9.52,-11.812,-50.19
-65,90,9.68,-13.77,-52.66
-65,90,9.84,-16.816,-55.93
-65,90,10,-17.54,-56.61
-65,90,10.16,-15.888,-55.53
-65,90,10.32,-11.412,-51.04
-65,90,10.48,-14.078,-53.61
-65,90,10.64,-18.088,-58.1
-65,90,10.8,-15.7,-55.97
-65,90,10.96,-13.466,-53.45
-65,90,11.12,-15.486,-55.73
-65,90,11.28,-17.916,-58.36
-65,90,11.44,-16.922,-57.67
-65,90,11.6,-29.59,-70.46
-65,90,11.76,-17.114,-58.23
-65,90,11.92,-28.244,-69.37
-65,90,12.08,-24.6,-66.79
-65,90,12.24,-16.424,-58.68
-65,90,12.4,-17.57,-60.23
-65,90,12.56,-14.37,-58.44
-65,90,12.72,-16.074,-60.63
-65,90,12.88,-15.626,-60.83
-65,90,13.04,-13.008,-59.51
-65,90,13.2,-22.56,-69.34
-65,90,13.36,-24.644,-70.86
-65,90,13.52,-17.902,-63.91
-65,90,13.68,-17.67,-64.35
-65,90,13.84,-17.268,-64.75
-65,90,14,-12.06,-59.91
-65,90,14.16,-11.106,-59.33
-65,90,14.32,-10.916,-59.87
-65,90,14.48,-12.314,-64.14
-65,90,14.64,-8.25400000000001,-57.71
-65,90,14.8,-7.67,-55.68
-65,90,14.96,-10.962,-58.09
-65,90,15.12,-12.46,-58.89
-65,90,15.28,-11.96,-58.51
-65,90,15.44,-12.986,-59.3
-65,90,15.6,-13.21,-59.84
-65,90,15.76,-14.478,-61.67
-65,90,15.92,-16.812,-63.99
-65,90,16.08,-21.532,-68.99
-65,90,16.24,-25.664,-73.79
-65,90,16.4,-20.69,-70.5
-65,90,16.56,-21.648,-70.58
-65,90,16.72,-18.968,-68.45
-65,90,16.88,-11.264,-61.73
-65,90,17.04,-12.896,-64.15
-65,90,17.2,-15.47,-67.9
-65,90,17.36,-13.156,-65.8
-65,90,17.52,-13.206,-65.74
-65,90,17.68,-17.992,-71.07
-65,90,17.84,-18.028,-70.94
-65,90,18,-18.82,-71.63
-64,90,2,-5.46,-27.25
-64,90,2.16,-2.428,-25.84
-64,90,2.32,-4.656,-30.31
-64,90,2.48,-4.464,-31.71
-64,90,2.64,-4.798,-33.51
-64,90,2.8,-6.55,-33.61
-64,90,2.96,-0.178000000000001,-28.49
-64,90,3.12,-3.906,-32.14
-64,90,3.28,-6.86200000000001,-36.88
-64,90,3.44,-2.422,-31.07
-64,90,3.6,-3.95,-31.4
-64,90,3.76,-5.184,-34.67
-64,90,3.92,-3.252,-30.8
-64,90,4.08,-7.112,-34.78
-64,90,4.24,-5.576,-34.6
-64,90,4.4,-4.96,-34.77
-64,90,4.56,-6.096,-35.91
-64,90,4.72,-4.42399999999999,-34.41
-64,90,4.88,-4.81,-34.94
-64,90,5.04,-2.77,-32.82
-64,90,5.2,-3.78,-35.2
-64,90,5.36,-4.46,-35.26
-64,90,5.52,-5.608,-35.89
-64,90,5.68,-7.87,-39.24
-64,90,5.84,-8.582,-40.03
-64,90,6,-9.45,-40.99
-64,90,6.16,-8.76,-40.8
-64,90,6.32,-10.948,-44.44
-64,90,6.48,-11.536,-45.62
-64,90,6.64,-18.018,-52.41
-64,90,6.8,-15.04,-48.54
-64,90,6.96,-13.472,-47.8
-64,90,7.12,-18.436,-53.03
-64,90,7.28,-17.252,-51.63
-64,90,7.44,-16.966,-51.3
-64,90,7.6,-11.75,-45.15
-64,90,7.76,-10.778,-46
-64,90,7.92,-9.462,-44.09
-64,90,8.08,-8.886,-43.69
-64,90,8.24,-8.742,-43.85
-64,90,8.4,-6.96,-42.34
-64,90,8.56,-7.142,-43.42
-64,90,8.72,-7.458,-44.76
-64,90,8.88,-11.218,-48.36
-64,90,9.04,-10.894,-48.68
-64,90,9.2,-16.12,-54.98
-64,90,9.36,-10.524,-48.59
-64,90,9.52,-10.472,-48.85
-64,90,9.68,-16.08,-54.97
-64,90,9.84,-12.826,-51.94
-64,90,10,-16.54,-55.61
-64,90,10.16,-18.788,-58.43
-64,90,10.32,-12.062,-51.69
-64,90,10.48,-13.678,-53.21
-64,90,10.64,-20.608,-60.62
-64,90,10.8,-18.79,-59.06
-64,90,10.96,-14.526,-54.51
-64,90,11.12,-16.386,-56.63
-64,90,11.28,-17.596,-58.04
-64,90,11.44,-23.942,-64.69
-64,90,11.6,-30.42,-71.29
-64,90,11.76,-20.834,-61.95
-64,90,11.92,-36.154,-77.28
-64,90,12.08,-21.33,-63.52
-64,90,12.24,-14.624,-56.88
-64,90,12.4,-14.1,-56.76
-64,90,12.56,-13.78,-57.85
-64,90,12.72,-16.034,-60.59
-64,90,12.88,-15.586,-60.79
-64,90,13.04,-14.218,-60.72
-64,90,13.2,-17.09,-63.87
-64,90,13.36,-17.924,-64.14
-64,90,13.52,-17.732,-63.74
-64,90,13.68,-20.38,-67.06
-64,90,13.84,-17.708,-65.19
-64,90,14,-12.05,-59.9
-64,90,14.16,-12.586,-60.81
-64,90,14.32,-11.036,-59.99
-64,90,14.48,-12.264,-64.09
-64,90,14.64,-9.59400000000001,-59.05
-64,90,14.8,-7.68,-55.69
-64,90,14.96,-9.432,-56.56
-64,90,15.12,-12.48,-58.91
-64,90,15.28,-14.86,-61.41
-64,90,15.44,-11.746,-58.06
-64,90,15.6,-11.91,-58.54
-64,90,15.76,-15.328,-62.52
-64,90,15.92,-14.492,-61.67
-64,90,16.08,-26.452,-73.91
-64,90,16.24,-21.344,-69.47
-64,90,16.4,-21.7,-71.51
-64,90,16.56,-23.108,-72.04
-64,90,16.72,-18.598,-68.08
-64,90,16.88,-14.894,-65.36
-64,90,17.04,-13.916,-65.17
-64,90,17.2,-12.85,-65.28
-64,90,17.36,-19.906,-72.55
-64,90,17.52,-14.806,-67.34
-64,90,17.68,-19.822,-72.9
-64,90,17.84,-16.108,-69.02
-64,90,18,-13.35,-66.16
-63,90,2,-5.59,-27.38
-63,90,2.16,-2.438,-25.85
-63,90,2.32,-4.726,-30.38
-63,90,2.48,-4.884,-32.13
-63,90,2.64,-4.628,-33.34
-63,90,2.8,-5.78,-32.84
-63,90,2.96,-0.178000000000001,-28.49
-63,90,3.12,-3.476,-31.71
-63,90,3.28,-6.132,-36.15
-63,90,3.44,-2.592,-31.24
-63,90,3.6,-3.36,-30.81
-63,90,3.76,-4.664,-34.15
-63,90,3.92,-2.602,-30.15
-63,90,4.08,-6.692,-34.36
-63,90,4.24,-5.176,-34.2
-63,90,4.4,-4,-33.81
-63,90,4.56,-4.356,-34.17
-63,90,4.72,-3.20399999999999,-33.19
-63,90,4.88,-3.66999999999999,-33.8
-63,90,5.04,-1.55,-31.6
-63,90,5.2,-3.3,-34.72
-63,90,5.36,-3.7,-34.5
-63,90,5.52,-4.938,-35.22
-63,90,5.68,-7.59,-38.96
-63,90,5.84,-7.862,-39.31
-63,90,6,-10.11,-41.65
-63,90,6.16,-9.55,-41.59
-63,90,6.32,-12.738,-46.23
-63,90,6.48,-12.956,-47.04
-63,90,6.64,-17.798,-52.19
-63,90,6.8,-15.1,-48.6
-63,90,6.96,-16.242,-50.57
-63,90,7.12,-18.656,-53.25
-63,90,7.28,-15.872,-50.25
-63,90,7.44,-15.846,-50.18
-63,90,7.6,-11.42,-44.82
-63,90,7.76,-10.788,-46.01
-63,90,7.92,-9.762,-44.39
-63,90,8.08,-8.326,-43.13
-63,90,8.24,-8.642,-43.75
-63,90,8.4,-6.52,-41.9
-63,90,8.56,-7.16199999999999,-43.44
-63,90,8.72,-8.918,-46.22
-63,90,8.88,-9.788,-46.93
-63,90,9.04,-11.304,-49.09
-63,90,9.2,-12.88,-51.74
-63,90,9.36,-8.754,-46.82
-63,90,9.52,-10.562,-48.94
-63,90,9.68,-15.89,-54.78
-63,90,9.84,-10.436,-49.55
-63,90,10,-16.78,-55.85
-63,90,10.16,-18.628,-58.27
-63,90,10.32,-15.522,-55.15
-63,90,10.48,-15.598,-55.13
-63,90,10.64,-23.878,-63.89
-63,90,10.8,-27.31,-67.58
-63,90,10.96,-20.176,-60.16
-63,90,11.12,-18.706,-58.95
-63,90,11.28,-20.766,-61.21
-63,90,11.44,-34.942,-75.69
-63,90,11.6,-31.32,-72.19
-63,90,11.76,-24.544,-65.66
-63,90,11.92,-32.004,-73.13
-63,90,12.08,-23.53,-65.72
-63,90,12.24,-15.044,-57.3
-63,90,12.4,-14.78,-57.44
-63,90,12.56,-13.87,-57.94
-63,90,12.72,-16.224,-60.78
-63,90,12.88,-17.126,-62.33
-63,90,13.04,-15.298,-61.8
-63,90,13.2,-16.54,-63.32
-63,90,13.36,-19.754,-65.97
-63,90,13.52,-17.252,-63.26
-63,90,13.68,-17.82,-64.5
-63,90,13.84,-15.008,-62.49
-63,90,14,-12.22,-60.07
-63,90,14.16,-10.396,-58.62
-63,90,14.32,-10.096,-59.05
-63,90,14.48,-11.894,-63.72
-63,90,14.64,-9.74400000000001,-59.2
-63,90,14.8,-6.76000000000001,-54.77
-63,90,14.96,-9.362,-56.49
-63,90,15.12,-11.82,-58.25
-63,90,15.28,-12.12,-58.67
-63,90,15.44,-10.546,-56.86
-63,90,15.6,-10.57,-57.2
-63,90,15.76,-13.308,-60.5
-63,90,15.92,-18.112,-65.29
-63,90,16.08,-22.932,-70.39
-63,90,16.24,-24.134,-72.26
-63,90,16.4,-15.43,-65.24
-63,90,16.56,-20.438,-69.37
-63,90,16.72,-17.688,-67.17
-63,90,16.88,-12.324,-62.79
-63,90,17.04,-14.716,-65.97
-63,90,17.2,-13.8,-66.23
-63,90,17.36,-17.316,-69.96
-63,90,17.52,-21.486,-74.02
-63,90,17.68,-18.632,-71.71
-63,90,17.84,-13.888,-66.8
-63,90,18,-19.08,-71.89
-62,90,2,-5.56,-27.35
-62,90,2.16,-2.358,-25.77
-62,90,2.32,-4.826,-30.48
-62,90,2.48,-5.134,-32.38
-62,90,2.64,-4.448,-33.16
-62,90,2.8,-4.85,-31.91
-62,90,2.96,-0.168000000000003,-28.48
-62,90,3.12,-3.076,-31.31
-62,90,3.28,-5.43200000000001,-35.45
-62,90,3.44,-2.702,-31.35
-62,90,3.6,-2.76,-30.21
-62,90,3.76,-4.03400000000001,-33.52
-62,90,3.92,-1.982,-29.53
-62,90,4.08,-6.122,-33.79
-62,90,4.24,-4.48599999999999,-33.51
-62,90,4.4,-2.72,-32.53
-62,90,4.56,-2.836,-32.65
-62,90,4.72,-2.284,-32.27
-62,90,4.88,-2.41999999999999,-32.55
-62,90,5.04,-0.669999999999995,-30.72
-62,90,5.2,-2.88,-34.3
-62,90,5.36,-2.90000000000001,-33.7
-62,90,5.52,-4.708,-34.99
-62,90,5.68,-7.45,-38.82
-62,90,5.84,-7.532,-38.98
-62,90,6,-11.21,-42.75
-62,90,6.16,-10.01,-42.05
-62,90,6.32,-14.718,-48.21
-62,90,6.48,-14.096,-48.18
-62,90,6.64,-17.778,-52.17
-62,90,6.8,-15.69,-49.19
-62,90,6.96,-19.122,-53.45
-62,90,7.12,-15.956,-50.55
-62,90,7.28,-14.902,-49.28
-62,90,7.44,-15.166,-49.5
-62,90,7.6,-11.73,-45.13
-62,90,7.76,-11.058,-46.28
-62,90,7.92,-9.322,-43.95
-62,90,8.08,-8.296,-43.1
-62,90,8.24,-8.782,-43.89
-62,90,8.4,-6.68,-42.06
-62,90,8.56,-7.91199999999999,-44.19
-62,90,8.72,-10.098,-47.4
-62,90,8.88,-8.55800000000001,-45.7
-62,90,9.04,-10.634,-48.42
-62,90,9.2,-10.52,-49.38
-62,90,9.36,-8.674,-46.74
-62,90,9.52,-11.812,-50.19
-62,90,9.68,-15.09,-53.98
-62,90,9.84,-10.126,-49.24
-62,90,10,-19.79,-58.86
-62,90,10.16,-17.738,-57.38
-62,90,10.32,-18.482,-58.11
-62,90,10.48,-20.368,-59.9
-62,90,10.64,-25.758,-65.77
-62,90,10.8,-31.69,-71.96
-62,90,10.96,-21.036,-61.02
-62,90,11.12,-26.896,-67.14
-62,90,11.28,-32.296,-72.74
-62,90,11.44,-34.952,-75.7
-62,90,11.6,-37.97,-78.84
-62,90,11.76,-22.084,-63.2
-62,90,11.92,-24.784,-65.91
-62,90,12.08,-24.06,-66.25
-62,90,12.24,-16.604,-58.86
-62,90,12.4,-14.1,-56.76
-62,90,12.56,-14.94,-59.01
-62,90,12.72,-16.604,-61.16
-62,90,12.88,-18.316,-63.52
-62,90,13.04,-14.378,-60.88
-62,90,13.2,-17.41,-64.19
-62,90,13.36,-15.994,-62.21
-62,90,13.52,-20.922,-66.93
-62,90,13.68,-16.55,-63.23
-62,90,13.84,-13.958,-61.44
-62,90,14,-13.62,-61.47
-62,90,14.16,-10.396,-58.62
-62,90,14.32,-9.13600000000001,-58.09
-62,90,14.48,-11.294,-63.12
-62,90,14.64,-8.97400000000001,-58.43
-62,90,14.8,-7.34,-55.35
-62,90,14.96,-10.042,-57.17
-62,90,15.12,-9.81,-56.24
-62,90,15.28,-12.52,-59.07
-62,90,15.44,-11.356,-57.67
-62,90,15.6,-12.84,-59.47
-62,90,15.76,-12.158,-59.35
-62,90,15.92,-22.242,-69.42
-62,90,16.08,-18.402,-65.86
-62,90,16.24,-27.594,-75.72
-62,90,16.4,-20.54,-70.35
-62,90,16.56,-19.118,-68.05
-62,90,16.72,-22.388,-71.87
-62,90,16.88,-12.144,-62.61
-62,90,17.04,-12.906,-64.16
-62,90,17.2,-14.94,-67.37
-62,90,17.36,-14.036,-66.68
-62,90,17.52,-14.976,-67.51
-62,90,17.68,-20.032,-73.11
-62,90,17.84,-19.208,-72.12
-62,90,18,-16.99,-69.8
-61,90,2,-5.5,-27.29
-61,90,2.16,-2.298,-25.71
-61,90,2.32,-5.046,-30.7
-61,90,2.48,-5.244,-32.49
-61,90,2.64,-4.168,-32.88
-61,90,2.8,-4.03,-31.09
-61,90,2.96,-0.188000000000002,-28.5
-61,90,3.12,-2.526,-30.76
-61,90,3.28,-4.86200000000001,-34.88
-61,90,3.44,-2.682,-31.33
-61,90,3.6,-2.2,-29.65
-61,90,3.76,-3.304,-32.79
-61,90,3.92,-1.512,-29.06
-61,90,4.08,-5.482,-33.15
-61,90,4.24,-3.826,-32.85
-61,90,4.4,-1.54,-31.35
-61,90,4.56,-1.556,-31.37
-61,90,4.72,-1.25399999999999,-31.24
-61,90,4.88,-1.57,-31.7
-61,90,5.04,-0.179999999999996,-30.23
-61,90,5.2,-2.36,-33.78
-61,90,5.36,-2.59,-33.39
-61,90,5.52,-4.768,-35.05
-61,90,5.68,-7.69,-39.06
-61,90,5.84,-7.722,-39.17
-61,90,6,-13.31,-44.85
-61,90,6.16,-10.24,-42.28
-61,90,6.32,-15.148,-48.64
-61,90,6.48,-15.236,-49.32
-61,90,6.64,-16.828,-51.22
-61,90,6.8,-15.52,-49.02
-61,90,6.96,-18.212,-52.54
-61,90,7.12,-14.756,-49.35
-61,90,7.28,-14.762,-49.14
-61,90,7.44,-14.356,-48.69
-61,90,7.6,-12.86,-46.26
-61,90,7.76,-11.428,-46.65
-61,90,7.92,-9.602,-44.23
-61,90,8.08,-8.386,-43.19
-61,90,8.24,-8.38200000000001,-43.49
-61,90,8.4,-6.64,-42.02
-61,90,8.56,-8.94199999999999,-45.22
-61,90,8.72,-9.618,-46.92
-61,90,8.88,-8.13800000000001,-45.28
-61,90,9.04,-10.034,-47.82
-61,90,9.2,-9.1,-47.96
-61,90,9.36,-9.894,-47.96
-61,90,9.52,-12.462,-50.84
-61,90,9.68,-14.25,-53.14
-61,90,9.84,-12.536,-51.65
-61,90,10,-23.39,-62.46
-61,90,10.16,-16.808,-56.45
-61,90,10.32,-19.232,-58.86
-61,90,10.48,-23.388,-62.92
-61,90,10.64,-24.338,-64.35
-61,90,10.8,-26.12,-66.39
-61,90,10.96,-19.656,-59.64
-61,90,11.12,-40.236,-80.48
-61,90,11.28,-30.616,-71.06
-61,90,11.44,-35.482,-76.23
-61,90,11.6,-28.44,-69.31
-61,90,11.76,-23.094,-64.21
-61,90,11.92,-19.324,-60.45
-61,90,12.08,-23.02,-65.21
-61,90,12.24,-18.594,-60.85
-61,90,12.4,-15.93,-58.59
-61,90,12.56,-14.46,-58.53
-61,90,12.72,-16.024,-60.58
-61,90,12.88,-17.136,-62.34
-61,90,13.04,-15.068,-61.57
-61,90,13.2,-14.72,-61.5
-61,90,13.36,-19.644,-65.86
-61,90,13.52,-19.472,-65.48
-61,90,13.68,-13.13,-59.81
-61,90,13.84,-14.048,-61.53
-61,90,14,-11.49,-59.34
-61,90,14.16,-10.596,-58.82
-61,90,14.32,-10.406,-59.36
-61,90,14.48,-11.124,-62.95
-61,90,14.64,-8.51400000000001,-57.97
-61,90,14.8,-8.28,-56.29
-61,90,14.96,-11.052,-58.18
-61,90,15.12,-10.38,-56.81
-61,90,15.28,-11.06,-57.61
-61,90,15.44,-12.756,-59.07
-61,90,15.6,-12.79,-59.42
-61,90,15.76,-14.938,-62.13
-61,90,15.92,-38.382,-85.56
-61,90,16.08,-27.772,-75.23
-61,90,16.24,-28.614,-76.74
-61,90,16.4,-21.52,-71.33
-61,90,16.56,-19.898,-68.83
-61,90,16.72,-20.048,-69.53
-61,90,16.88,-14.264,-64.73
-61,90,17.04,-14.836,-66.09
-61,90,17.2,-13.15,-65.58
-61,90,17.36,-16.266,-68.91
-61,90,17.52,-12.986,-65.52
-61,90,17.68,-28.802,-81.88
-61,90,17.84,-14.878,-67.79
-61,90,18,-14.28,-67.09
-60,90,2,-5.26,-27.05
-60,90,2.16,-2.168,-25.58
-60,90,2.32,-5.216,-30.87
-60,90,2.48,-5.144,-32.39
-60,90,2.64,-3.658,-32.37
-60,90,2.8,-3.12,-30.18
-60,90,2.96,-0.238000000000003,-28.55
-60,90,3.12,-1.976,-30.21
-60,90,3.28,-4.302,-34.32
-60,90,3.44,-2.432,-31.08
-60,90,3.6,-1.53,-28.98
-60,90,3.76,-2.57400000000001,-32.06
-60,90,3.92,-1.072,-28.62
-60,90,4.08,-4.582,-32.25
-60,90,4.24,-2.826,-31.85
-60,90,4.4,-0.370000000000001,-30.18
-60,90,4.56,-0.495999999999999,-30.31
-60,90,4.72,-0.403999999999996,-30.39
-60,90,4.88,-0.649999999999999,-30.78
-60,90,5.04,0.200000000000003,-29.85
-60,90,5.2,-1.82,-33.24
-60,90,5.36,-2.56,-33.36
-60,90,5.52,-5.048,-35.33
-60,90,5.68,-7.88,-39.25
-60,90,5.84,-8.242,-39.69
-60,90,6,-15.17,-46.71
-60,90,6.16,-10.46,-42.5
-60,90,6.32,-14.808,-48.3
-60,90,6.48,-15.046,-49.13
-60,90,6.64,-14.658,-49.05
-60,90,6.8,-14.66,-48.16
-60,90,6.96,-16.232,-50.56
-60,90,7.12,-13.286,-47.88
-60,90,7.28,-16.182,-50.56
-60,90,7.44,-15.596,-49.93
-60,90,7.6,-13.75,-47.15
-60,90,7.76,-11.228,-46.45
-60,90,7.92,-10.382,-45.01
-60,90,8.08,-8.946,-43.75
-60,90,8.24,-8.322,-43.43
-60,90,8.4,-7.7,-43.08
-60,90,8.56,-9.55199999999999,-45.83
-60,90,8.72,-8.408,-45.71
-60,90,8.88,-7.13800000000001,-44.28
-60,90,9.04,-9.794,-47.58
-60,90,9.2,-9.01,-47.87
-60,90,9.36,-11.124,-49.19
-60,90,9.52,-12.552,-50.93
-60,90,9.68,-13.94,-52.83
-60,90,9.84,-15.496,-54.61
-60,90,10,-21.63,-60.7
-60,90,10.16,-20.098,-59.74
-60,90,10.32,-17.862,-57.49
-60,90,10.48,-18.388,-57.92
-60,90,10.64,-27.018,-67.03
-60,90,10.8,-26.31,-66.58
-60,90,10.96,-18.796,-58.78
-60,90,11.12,-30.476,-70.72
-60,90,11.28,-26.206,-66.65
-60,90,11.44,-24.232,-64.98
-60,90,11.6,-24.72,-65.59
-60,90,11.76,-18.334,-59.45
-60,90,11.92,-18.734,-59.86
-60,90,12.08,-19.74,-61.93
-60,90,12.24,-18.784,-61.04
-60,90,12.4,-17.37,-60.03
-60,90,12.56,-15.58,-59.65
-60,90,12.72,-17.604,-62.16
-60,90,12.88,-15.146,-60.35
-60,90,13.04,-13.878,-60.38
-60,90,13.2,-15.92,-62.7
-60,90,13.36,-17.304,-63.52
-60,90,13.52,-21.212,-67.22
-60,90,13.68,-13.12,-59.8
-60,90,13.84,-18.608,-66.09
-60,90,14,-20.72,-68.57
-60,90,14.16,-10.286,-58.51
-60,90,14.32,-10.006,-58.96
-60,90,14.48,-11.244,-63.07
-60,90,14.64,-7.95400000000001,-57.41
-60,90,14.8,-9.53,-57.54
-60,90,14.96,-10.992,-58.12
-60,90,15.12,-12.28,-58.71
-60,90,15.28,-11.6,-58.15
-60,90,15.44,-14.256,-60.57
-60,90,15.6,-16.6,-63.23
-60,90,15.76,-15.328,-62.52
-60,90,15.92,-30.432,-77.61
-60,90,16.08,-31.492,-78.95
-60,90,16.24,-22.844,-70.97
-60,90,16.4,-23.91,-73.72
-60,90,16.56,-21.458,-70.39
-60,90,16.72,-21.668,-71.15
-60,90,16.88,-14.404,-64.87
-60,90,17.04,-13.816,-65.07
-60,90,17.2,-15.41,-67.84
-60,90,17.36,-19.866,-72.51
-60,90,17.52,-19.866,-72.4
-60,90,17.68,-23.742,-76.82
-60,90,17.84,-17.098,-70.01
-60,90,18,-12.31,-65.12
-59,90,2,-5.01,-26.8
-59,90,2.16,-2.088,-25.5
-59,90,2.32,-5.406,-31.06
-59,90,2.48,-4.904,-32.15
-59,90,2.64,-3.148,-31.86
-59,90,2.8,-2.37,-29.43
-59,90,2.96,-0.268000000000001,-28.58
-59,90,3.12,-1.476,-29.71
-59,90,3.28,-3.762,-33.78
-59,90,3.44,-2.002,-30.65
-59,90,3.6,-0.960000000000001,-28.41
-59,90,3.76,-1.984,-31.47
-59,90,3.92,-0.571999999999999,-28.12
-59,90,4.08,-3.562,-31.23
-59,90,4.24,-1.826,-30.85
-59,90,4.4,0.5,-29.31
-59,90,4.56,0.384,-29.43
-59,90,4.72,0.436000000000003,-29.55
-59,90,4.88,0.0300000000000011,-30.1
-59,90,5.04,0.350000000000005,-29.7
-59,90,5.2,-1.44,-32.86
-59,90,5.36,-3.07,-33.87
-59,90,5.52,-5.668,-35.95
-59,90,5.68,-8.12,-39.49
-59,90,5.84,-9.272,-40.72
-59,90,6,-15.46,-47
-59,90,6.16,-9.55,-41.59
-59,90,6.32,-15.318,-48.81
-59,90,6.48,-13.776,-47.86
-59,90,6.64,-13.118,-47.51
-59,90,6.8,-13.27,-46.77
-59,90,6.96,-15.132,-49.46
-59,90,7.12,-13.346,-47.94
-59,90,7.28,-17.782,-52.16
-59,90,7.44,-17.116,-51.45
-59,90,7.6,-14.6,-48
-59,90,7.76,-11.638,-46.86
-59,90,7.92,-11.472,-46.1
-59,90,8.08,-9.756,-44.56
-59,90,8.24,-8.02200000000001,-43.13
-59,90,8.4,-8.56,-43.94
-59,90,8.56,-9.45199999999999,-45.73
-59,90,8.72,-6.928,-44.23
-59,90,8.88,-7.70800000000001,-44.85
-59,90,9.04,-9.014,-46.8
-59,90,9.2,-8.87,-47.73
-59,90,9.36,-12.844,-50.91
-59,90,9.52,-10.722,-49.1
-59,90,9.68,-14.74,-53.63
-59,90,9.84,-13.246,-52.36
-59,90,10,-19.67,-58.74
-59,90,10.16,-19.398,-59.04
-59,90,10.32,-15.682,-55.31
-59,90,10.48,-17.748,-57.28
-59,90,10.64,-20.688,-60.7
-59,90,10.8,-23.82,-64.09
-59,90,10.96,-19.056,-59.04
-59,90,11.12,-30.946,-71.19
-59,90,11.28,-38.006,-78.45
-59,90,11.44,-20.462,-61.21
-59,90,11.6,-22.53,-63.4
-59,90,11.76,-18.354,-59.47
-59,90,11.92,-19.474,-60.6
-59,90,12.08,-22,-64.19
-59,90,12.24,-18.994,-61.25
-59,90,12.4,-17.45,-60.11
-59,90,12.56,-19.26,-63.33
-59,90,12.72,-16.194,-60.75
-59,90,12.88,-16.556,-61.76
-59,90,13.04,-15.838,-62.34
-59,90,13.2,-17.27,-64.05
-59,90,13.36,-20.084,-66.3
-59,90,13.52,-17.482,-63.49
-59,90,13.68,-15.5,-62.18
-59,90,13.84,-17.368,-64.85
-59,90,14,-17.13,-64.98
-59,90,14.16,-14.326,-62.55
-59,90,14.32,-14.316,-63.27
-59,90,14.48,-11.824,-63.65
-59,90,14.64,-11.864,-61.32
-59,90,14.8,-9.52,-57.53
-59,90,14.96,-10.602,-57.73
-59,90,15.12,-13.6,-60.03
-59,90,15.28,-12.14,-58.69
-59,90,15.44,-15.606,-61.92
-59,90,15.6,-18.75,-65.38
-59,90,15.76,-16.078,-63.27
-59,90,15.92,-25.382,-72.56
-59,90,16.08,-23.982,-71.44
-59,90,16.24,-26.814,-74.94
-59,90,16.4,-17.11,-66.92
-59,90,16.56,-25.988,-74.92
-59,90,16.72,-20.848,-70.33
-59,90,16.88,-13.594,-64.06
-59,90,17.04,-11.876,-63.13
-59,90,17.2,-17,-69.43
-59,90,17.36,-13.276,-65.92
-59,90,17.52,-17.376,-69.91
-59,90,17.68,-20.032,-73.11
-59,90,17.84,-18.028,-70.94
-59,90,18,-16.2,-69.01
-58,90,2,-4.69,-26.48
-58,90,2.16,-2.068,-25.48
-58,90,2.32,-5.586,-31.24
-58,90,2.48,-4.484,-31.73
-58,90,2.64,-2.638,-31.35
-58,90,2.8,-1.73,-28.79
-58,90,2.96,-0.228000000000002,-28.54
-58,90,3.12,-1.076,-29.31
-58,90,3.28,-3.232,-33.25
-58,90,3.44,-1.352,-30
-58,90,3.6,-0.330000000000002,-27.78
-58,90,3.76,-1.254,-30.74
-58,90,3.92,-0.0519999999999996,-27.6
-58,90,4.08,-2.492,-30.16
-58,90,4.24,-0.655999999999995,-29.68
-58,90,4.4,1.27,-28.54
-58,90,4.56,1.164,-28.65
-58,90,4.72,1.15600000000001,-28.83
-58,90,4.88,0.570000000000004,-29.56
-58,90,5.04,0.390000000000004,-29.66
-58,90,5.2,-1.13,-32.55
-58,90,5.36,-3.71,-34.51
-58,90,5.52,-6.398,-36.68
-58,90,5.68,-7.83000000000001,-39.2
-58,90,5.84,-10.342,-41.79
-58,90,6,-12.89,-44.43
-58,90,6.16,-8.6,-40.64
-58,90,6.32,-13.358,-46.85
-58,90,6.48,-12.066,-46.15
-58,90,6.64,-11.758,-46.15
-58,90,6.8,-12.59,-46.09
-58,90,6.96,-14.762,-49.09
-58,90,7.12,-13.806,-48.4
-58,90,7.28,-19.932,-54.31
-58,90,7.44,-18.676,-53.01
-58,90,7.6,-16.48,-49.88
-58,90,7.76,-13.128,-48.35
-58,90,7.92,-12.792,-47.42
-58,90,8.08,-9.67599999999999,-44.48
-58,90,8.24,-8.802,-43.91
-58,90,8.4,-9.77,-45.15
-58,90,8.56,-8.69199999999999,-44.97
-58,90,8.72,-6.348,-43.65
-58,90,8.88,-8.718,-45.86
-58,90,9.04,-8.77400000000001,-46.56
-58,90,9.2,-8.88,-47.74
-58,90,9.36,-11.764,-49.83
-58,90,9.52,-10.932,-49.31
-58,90,9.68,-17.14,-56.03
-58,90,9.84,-11.996,-51.11
-58,90,10,-19.58,-58.65
-58,90,10.16,-12.798,-52.44
-58,90,10.32,-18.042,-57.67
-58,90,10.48,-17.248,-56.78
-58,90,10.64,-19.608,-59.62
-58,90,10.8,-21.99,-62.26
-58,90,10.96,-24.096,-64.08
-58,90,11.12,-27.326,-67.57
-58,90,11.28,-28.156,-68.6
-58,90,11.44,-18.312,-59.06
-58,90,11.6,-19.91,-60.78
-58,90,11.76,-18.854,-59.97
-58,90,11.92,-15.564,-56.69
-58,90,12.08,-15.49,-57.68
-58,90,12.24,-15.384,-57.64
-58,90,12.4,-20.5,-63.16
-58,90,12.56,-16.92,-60.99
-58,90,12.72,-17.764,-62.32
-58,90,12.88,-18.606,-63.81
-58,90,13.04,-15.948,-62.45
-58,90,13.2,-16.01,-62.79
-58,90,13.36,-24.914,-71.13
-58,90,13.52,-26.452,-72.46
-58,90,13.68,-22.36,-69.04
-58,90,13.84,-20.338,-67.82
-58,90,14,-14.69,-62.54
-58,90,14.16,-17.616,-65.84
-58,90,14.32,-14.256,-63.21
-58,90,14.48,-11.494,-63.32
-58,90,14.64,-10.924,-60.38
-58,90,14.8,-7.66,-55.67
-58,90,14.96,-11.882,-59.01
-58,90,15.12,-16.67,-63.1
-58,90,15.28,-12.58,-59.13
-58,90,15.44,-15.786,-62.1
-58,90,15.6,-20.9,-67.53
-58,90,15.76,-22.548,-69.74
-58,90,15.92,-30.622,-77.8
-58,90,16.08,-23.002,-70.46
-58,90,16.24,-35.704,-83.83
-58,90,16.4,-21.9,-71.71
-58,90,16.56,-18.648,-67.58
-58,90,16.72,-15.988,-65.47
-58,90,16.88,-19.404,-69.87
-58,90,17.04,-16.506,-67.76
-58,90,17.2,-12.79,-65.22
-58,90,17.36,-17.686,-70.33
-58,90,17.52,-16.656,-69.19
-58,90,17.68,-20.192,-73.27
-58,90,17.84,-10.898,-63.81
-58,90,18,-13.68,-66.49
-57,90,2,-4.25,-26.04
-57,90,2.16,-1.968,-25.38
-57,90,2.32,-5.676,-31.33
-57,90,2.48,-3.984,-31.23
-57,90,2.64,-2.218,-30.93
-57,90,2.8,-1.16,-28.22
-57,90,2.96,-0.138000000000002,-28.45
-57,90,3.12,-0.735999999999997,-28.97
-57,90,3.28,-2.57200000000001,-32.59
-57,90,3.44,-0.731999999999999,-29.38
-57,90,3.6,0.189999999999998,-27.26
-57,90,3.76,-0.634000000000004,-30.12
-57,90,3.92,0.398000000000003,-27.15
-57,90,4.08,-1.442,-29.11
-57,90,4.24,0.314000000000004,-28.71
-57,90,4.4,1.71,-28.1
-57,90,4.56,1.724,-28.09
-57,90,4.72,1.736,-28.25
-57,90,4.88,0.830000000000002,-29.3
-57,90,5.04,0.250000000000004,-29.8
-57,90,5.2,-1.32,-32.74
-57,90,5.36,-4.65000000000001,-35.45
-57,90,5.52,-6.738,-37.02
-57,90,5.68,-7.32,-38.69
-57,90,5.84,-11.292,-42.74
-57,90,6,-9.97,-41.51
-57,90,6.16,-7.85,-39.89
-57,90,6.32,-11.418,-44.91
-57,90,6.48,-10.686,-44.77
-57,90,6.64,-11.368,-45.76
-57,90,6.8,-12.01,-45.51
-57,90,6.96,-15.102,-49.43
-57,90,7.12,-15.246,-49.84
-57,90,7.28,-24.912,-59.29
-57,90,7.44,-22.966,-57.3
-57,90,7.6,-17.89,-51.29
-57,90,7.76,-15.428,-50.65
-57,90,7.92,-14.332,-48.96
-57,90,8.08,-9.756,-44.56
-57,90,8.24,-9.062,-44.17
-57,90,8.4,-11.24,-46.62
-57,90,8.56,-8.242,-44.52
-57,90,8.72,-6.338,-43.64
-57,90,8.88,-9.998,-47.14
-57,90,9.04,-8.78400000000001,-46.57
-57,90,9.2,-9.75,-48.61
-57,90,9.36,-11.534,-49.6
-57,90,9.52,-11.902,-50.28
-57,90,9.68,-17.1,-55.99
-57,90,9.84,-10.646,-49.76
-57,90,10,-20.04,-59.11
-57,90,10.16,-10.378,-50.02
-57,90,10.32,-16.092,-55.72
-57,90,10.48,-20.058,-59.59
-57,90,10.64,-20.608,-60.62
-57,90,10.8,-22.96,-63.23
-57,90,10.96,-23.556,-63.54
-57,90,11.12,-21.996,-62.24
-57,90,11.28,-18.986,-59.43
-57,90,11.44,-18.432,-59.18
-57,90,11.6,-15.76,-56.63
-57,90,11.76,-14.934,-56.05
-57,90,11.92,-13.164,-54.29
-57,90,12.08,-13.74,-55.93
-57,90,12.24,-12.684,-54.94
-57,90,12.4,-25.38,-68.04
-57,90,12.56,-22.56,-66.63
-57,90,12.72,-24.314,-68.87
-57,90,12.88,-22.446,-67.65
-57,90,13.04,-23.578,-70.08
-57,90,13.2,-19.42,-66.2
-57,90,13.36,-25.034,-71.25
-57,90,13.52,-26.272,-72.28
-57,90,13.68,-22.3,-68.98
-57,90,13.84,-27.198,-74.68
-57,90,14,-15.99,-63.84
-57,90,14.16,-17.236,-65.46
-57,90,14.32,-14.576,-63.53
-57,90,14.48,-11.324,-63.15
-57,90,14.64,-11.734,-61.19
-57,90,14.8,-7.99,-56
-57,90,14.96,-11.122,-58.25
-57,90,15.12,-12.3,-58.73
-57,90,15.28,-15.02,-61.57
-57,90,15.44,-15.296,-61.61
-57,90,15.6,-18.47,-65.1
-57,90,15.76,-22.528,-69.72
-57,90,15.92,-18.922,-66.1
-57,90,16.08,-23.592,-71.05
-57,90,16.24,-25.544,-73.67
-57,90,16.4,-15.99,-65.8
-57,90,16.56,-18.728,-67.66
-57,90,16.72,-16.178,-65.66
-57,90,16.88,-14.774,-65.24
-57,90,17.04,-12.626,-63.88
-57,90,17.2,-11.97,-64.4
-57,90,17.36,-17.976,-70.62
-57,90,17.52,-12.856,-65.39
-57,90,17.68,-20.002,-73.08
-57,90,17.84,-11.158,-64.07
-57,90,18,-13.13,-65.94
-56,90,2,-3.78,-25.57
-56,90,2.16,-2.008,-25.42
-56,90,2.32,-5.756,-31.41
-56,90,2.48,-3.374,-30.62
-56,90,2.64,-1.658,-30.37
-56,90,2.8,-0.68,-27.74
-56,90,2.96,0.111999999999998,-28.2
-56,90,3.12,-0.395999999999997,-28.63
-56,90,3.28,-1.872,-31.89
-56,90,3.44,-0.022000000000002,-28.67
-56,90,3.6,0.649999999999999,-26.8
-56,90,3.76,-0.00400000000000134,-29.49
-56,90,3.92,0.888000000000002,-26.66
-56,90,4.08,-0.372,-28.04
-56,90,4.24,1.264,-27.76
-56,90,4.4,1.98,-27.83
-56,90,4.56,2.184,-27.63
-56,90,4.72,2.216,-27.77
-56,90,4.88,0.890000000000004,-29.24
-56,90,5.04,0.0100000000000051,-30.04
-56,90,5.2,-1.65,-33.07
-56,90,5.36,-5.26000000000001,-36.06
-56,90,5.52,-6.218,-36.5
-56,90,5.68,-6.39,-37.76
-56,90,5.84,-11.272,-42.72
-56,90,6,-7.65,-39.19
-56,90,6.16,-7.03,-39.07
-56,90,6.32,-9.078,-42.57
-56,90,6.48,-10.146,-44.23
-56,90,6.64,-11.198,-45.59
-56,90,6.8,-12.22,-45.72
-56,90,6.96,-15.942,-50.27
-56,90,7.12,-17.886,-52.48
-56,90,7.28,-26.642,-61.02
-56,90,7.44,-24.236,-58.57
-56,90,7.6,-19.33,-52.73
-56,90,7.76,-16.588,-51.81
-56,90,7.92,-15.662,-50.29
-56,90,8.08,-10.386,-45.19
-56,90,8.24,-10.782,-45.89
-56,90,8.4,-13.23,-48.61
-56,90,8.56,-8.102,-44.38
-56,90,8.72,-7.798,-45.1
-56,90,8.88,-11.428,-48.57
-56,90,9.04,-9.904,-47.69
-56,90,9.2,-11.56,-50.42
-56,90,9.36,-11.604,-49.67
-56,90,9.52,-14.912,-53.29
-56,90,9.68,-14.29,-53.18
-56,90,9.84,-11.726,-50.84
-56,90,10,-17.94,-57.01
-56,90,10.16,-11.348,-50.99
-56,90,10.32,-19.992,-59.62
-56,90,10.48,-18.448,-57.98
-56,90,10.64,-18.118,-58.13
-56,90,10.8,-19.36,-59.63
-56,90,10.96,-17.066,-57.05
-56,90,11.12,-18.306,-58.55
-56,90,11.28,-16.486,-56.93
-56,90,11.44,-17.172,-57.92
-56,90,11.6,-13.12,-53.99
-56,90,11.76,-13.294,-54.41
-56,90,11.92,-12.164,-53.29
-56,90,12.08,-12.58,-54.77
-56,90,12.24,-14.114,-56.37
-56,90,12.4,-22.07,-64.73
-56,90,12.56,-20.99,-65.06
-56,90,12.72,-33.234,-77.79
-56,90,12.88,-25.266,-70.47
-56,90,13.04,-33.078,-79.58
-56,90,13.2,-33.84,-80.62
-56,90,13.36,-30.954,-77.17
-56,90,13.52,-31.412,-77.42
-56,90,13.68,-26.61,-73.29
-56,90,13.84,-25.058,-72.54
-56,90,14,-20.89,-68.74
-56,90,14.16,-21.156,-69.38
-56,90,14.32,-12.456,-61.41
-56,90,14.48,-12.944,-64.77
-56,90,14.64,-12.684,-62.14
-56,90,14.8,-8.74,-56.75
-56,90,14.96,-12.972,-60.1
-56,90,15.12,-12.18,-58.61
-56,90,15.28,-18.59,-65.14
-56,90,15.44,-14.736,-61.05
-56,90,15.6,-17.38,-64.01
-56,90,15.76,-15.498,-62.69
-56,90,15.92,-20.992,-68.17
-56,90,16.08,-30.872,-78.33
-56,90,16.24,-15.934,-64.06
-56,90,16.4,-14.32,-64.13
-56,90,16.56,-16.848,-65.78
-56,90,16.72,-16.518,-66
-56,90,16.88,-14.524,-64.99
-56,90,17.04,-15.496,-66.75
-56,90,17.2,-11.83,-64.26
-56,90,17.36,-15.336,-67.98
-56,90,17.52,-17.036,-69.57
-56,90,17.68,-29.832,-82.91
-56,90,17.84,-18.938,-71.85
-56,90,18,-13.67,-66.48
-55,90,2,-3.3,-25.09
-55,90,2.16,-1.958,-25.37
-55,90,2.32,-5.656,-31.31
-55,90,2.48,-2.744,-29.99
-55,90,2.64,-1.198,-29.91
-55,90,2.8,-0.27,-27.33
-55,90,2.96,0.471999999999998,-27.84
-55,90,3.12,-0.186,-28.42
-55,90,3.28,-1.042,-31.06
-55,90,3.44,0.658000000000001,-27.99
-55,90,3.6,1.05,-26.4
-55,90,3.76,0.675999999999998,-28.81
-55,90,3.92,1.258,-26.29
-55,90,4.08,0.667999999999999,-27
-55,90,4.24,2.004,-27.02
-55,90,4.4,2.1,-27.71
-55,90,4.56,2.614,-27.2
-55,90,4.72,2.626,-27.36
-55,90,4.88,0.820000000000004,-29.31
-55,90,5.04,-0.419999999999995,-30.47
-55,90,5.2,-2.13,-33.55
-55,90,5.36,-5.24,-36.04
-55,90,5.52,-5.368,-35.65
-55,90,5.68,-5.84,-37.21
-55,90,5.84,-10.072,-41.52
-55,90,6,-6,-37.54
-55,90,6.16,-6.48,-38.52
-55,90,6.32,-8.19799999999999,-41.69
-55,90,6.48,-9.776,-43.86
-55,90,6.64,-11.498,-45.89
-55,90,6.8,-13.07,-46.57
-55,90,6.96,-17.552,-51.88
-55,90,7.12,-21.226,-55.82
-55,90,7.28,-22.672,-57.05
-55,90,7.44,-20.576,-54.91
-55,90,7.6,-18.14,-51.54
-55,90,7.76,-16.958,-52.18
-55,90,7.92,-18.902,-53.53
-55,90,8.08,-12.336,-47.14
-55,90,8.24,-13.382,-48.49
-55,90,8.4,-14.83,-50.21
-55,90,8.56,-9.51199999999999,-45.79
-55,90,8.72,-9.838,-47.14
-55,90,8.88,-13.098,-50.24
-55,90,9.04,-12.184,-49.97
-55,90,9.2,-13.64,-52.5
-55,90,9.36,-12.364,-50.43
-55,90,9.52,-15.222,-53.6
-55,90,9.68,-13.18,-52.07
-55,90,9.84,-13.086,-52.2
-55,90,10,-15.52,-54.59
-55,90,10.16,-14.178,-53.82
-55,90,10.32,-21.952,-61.58
-55,90,10.48,-16.768,-56.3
-55,90,10.64,-15.388,-55.4
-55,90,10.8,-16.94,-57.21
-55,90,10.96,-14.836,-54.82
-55,90,11.12,-16.286,-56.53
-55,90,11.28,-15.536,-55.98
-55,90,11.44,-15.412,-56.16
-55,90,11.6,-11.63,-52.5
-55,90,11.76,-12.344,-53.46
-55,90,11.92,-11.574,-52.7
-55,90,12.08,-10.19,-52.38
-55,90,12.24,-11.964,-54.22
-55,90,12.4,-14.64,-57.3
-55,90,12.56,-15.58,-59.65
-55,90,12.72,-26.724,-71.28
-55,90,12.88,-24.466,-69.67
-55,90,13.04,-22.528,-69.03
-55,90,13.2,-24.37,-71.15
-55,90,13.36,-40.274,-86.49
-55,90,13.52,-30.682,-76.69
-55,90,13.68,-31.51,-78.19
-55,90,13.84,-24.508,-71.99
-55,90,14,-20.91,-68.76
-55,90,14.16,-22.866,-71.09
-55,90,14.32,-16.276,-65.23
-55,90,14.48,-14.704,-66.53
-55,90,14.64,-9.47400000000001,-58.93
-55,90,14.8,-10.16,-58.17
-55,90,14.96,-11.652,-58.78
-55,90,15.12,-13.46,-59.89
-55,90,15.28,-17.45,-64
-55,90,15.44,-15.966,-62.28
-55,90,15.6,-19.69,-66.32
-55,90,15.76,-25.188,-72.38
-55,90,15.92,-17.372,-64.55
-55,90,16.08,-17.442,-64.9
-55,90,16.24,-18.754,-66.88
-55,90,16.4,-19.81,-69.62
-55,90,16.56,-18.668,-67.6
-55,90,16.72,-16.598,-66.08
-55,90,16.88,-13.924,-64.39
-55,90,17.04,-14.786,-66.04
-55,90,17.2,-15.22,-67.65
-55,90,17.36,-16.946,-69.59
-55,90,17.52,-18.176,-70.71
-55,90,17.68,-20.782,-73.86
-55,90,17.84,-18.118,-71.03
-55,90,18,-12.59,-65.4
-54,90,2,-2.81,-24.6
-54,90,2.16,-1.988,-25.4
-54,90,2.32,-5.346,-31
-54,90,2.48,-2.144,-29.39
-54,90,2.64,-0.798000000000002,-29.51
-54,90,2.8,0.109999999999999,-26.95
-54,90,2.96,0.831999999999997,-27.48
-54,90,3.12,-0.0259999999999998,-28.26
-54,90,3.28,-0.282000000000004,-30.3
-54,90,3.44,1.358,-27.29
-54,90,3.6,1.36,-26.09
-54,90,3.76,1.286,-28.2
-54,90,3.92,1.598,-25.95
-54,90,4.08,1.498,-26.17
-54,90,4.24,2.53400000000001,-26.49
-54,90,4.4,2.05,-27.76
-54,90,4.56,2.954,-26.86
-54,90,4.72,2.886,-27.1
-54,90,4.88,0.560000000000002,-29.57
-54,90,5.04,-0.869999999999997,-30.92
-54,90,5.2,-2.25,-33.67
-54,90,5.36,-4.52,-35.32
-54,90,5.52,-4.148,-34.43
-54,90,5.68,-5.23,-36.6
-54,90,5.84,-8.122,-39.57
-54,90,6,-4.56,-36.1
-54,90,6.16,-6.13,-38.17
-54,90,6.32,-7.068,-40.56
-54,90,6.48,-9.96599999999999,-44.05
-54,90,6.64,-12.348,-46.74
-54,90,6.8,-12.75,-46.25
-54,90,6.96,-19.732,-54.06
-54,90,7.12,-22.036,-56.63
-54,90,7.28,-20.142,-54.52
-54,90,7.44,-17.156,-51.49
-54,90,7.6,-16.55,-49.95
-54,90,7.76,-19.468,-54.69
-54,90,7.92,-26.012,-60.64
-54,90,8.08,-16.126,-50.93
-54,90,8.24,-16.052,-51.16
-54,90,8.4,-17.23,-52.61
-54,90,8.56,-11.972,-48.25
-54,90,8.72,-14.678,-51.98
-54,90,8.88,-14.988,-52.13
-54,90,9.04,-16.634,-54.42
-54,90,9.2,-13.76,-52.62
-54,90,9.36,-13.384,-51.45
-54,90,9.52,-15.742,-54.12
-54,90,9.68,-13.93,-52.82
-54,90,9.84,-13.906,-53.02
-54,90,10,-13.08,-52.15
-54,90,10.16,-18.408,-58.05
-54,90,10.32,-12.972,-52.6
-54,90,10.48,-14.578,-54.11
-54,90,10.64,-12.748,-52.76
-54,90,10.8,-13.81,-54.08
-54,90,10.96,-13.926,-53.91
-54,90,11.12,-14.556,-54.8
-54,90,11.28,-13.726,-54.17
-54,90,11.44,-15.442,-56.19
-54,90,11.6,-10.67,-51.54
-54,90,11.76,-11.294,-52.41
-54,90,11.92,-9.674,-50.8
-54,90,12.08,-9.41999999999999,-51.61
-54,90,12.24,-9.514,-51.77
-54,90,12.4,-11.59,-54.25
-54,90,12.56,-16,-60.07
-54,90,12.72,-20.784,-65.34
-54,90,12.88,-18.376,-63.58
-54,90,13.04,-23.018,-69.52
-54,90,13.2,-23.15,-69.93
-54,90,13.36,-25.874,-72.09
-54,90,13.52,-24.142,-70.15
-54,90,13.68,-25.59,-72.27
-54,90,13.84,-29.968,-77.45
-54,90,14,-30.48,-78.33
-54,90,14.16,-32.946,-81.17
-54,90,14.32,-17.896,-66.85
-54,90,14.48,-13.814,-65.64
-54,90,14.64,-13.144,-62.6
-54,90,14.8,-14.72,-62.73
-54,90,14.96,-14.732,-61.86
-54,90,15.12,-14.97,-61.4
-54,90,15.28,-13.98,-60.53
-54,90,15.44,-16.796,-63.11
-54,90,15.6,-15.69,-62.32
-54,90,15.76,-16.078,-63.27
-54,90,15.92,-12.852,-60.03
-54,90,16.08,-17.082,-64.54
-54,90,16.24,-18.584,-66.71
-54,90,16.4,-14.39,-64.2
-54,90,16.56,-13.928,-62.86
-54,90,16.72,-20.348,-69.83
-54,90,16.88,-17.314,-67.78
-54,90,17.04,-17.466,-68.72
-54,90,17.2,-14.15,-66.58
-54,90,17.36,-15.966,-68.61
-54,90,17.52,-20.536,-73.07
-54,90,17.68,-19.562,-72.64
-54,90,17.84,-17.658,-70.57
-54,90,18,-17.21,-70.02
-53,90,2,-2.34,-24.13
-53,90,2.16,-1.948,-25.36
-53,90,2.32,-5.066,-30.72
-53,90,2.48,-1.494,-28.74
-53,90,2.64,-0.468,-29.18
-53,90,2.8,0.52,-26.54
-53,90,2.96,1.352,-26.96
-53,90,3.12,0.204000000000001,-28.03
-53,90,3.28,0.477999999999998,-29.54
-53,90,3.44,1.998,-26.65
-53,90,3.6,1.66,-25.79
-53,90,3.76,1.896,-27.59
-53,90,3.92,1.828,-25.72
-53,90,4.08,2.258,-25.41
-53,90,4.24,2.87400000000001,-26.15
-53,90,4.4,1.96,-27.85
-53,90,4.56,3.254,-26.56
-53,90,4.72,3.046,-26.94
-53,90,4.88,0.270000000000003,-29.86
-53,90,5.04,-1.23999999999999,-31.29
-53,90,5.2,-1.84,-33.26
-53,90,5.36,-3.55,-34.35
-53,90,5.52,-3.168,-33.45
-53,90,5.68,-4.66,-36.03
-53,90,5.84,-6.102,-37.55
-53,90,6,-3.6,-35.14
-53,90,6.16,-5.83,-37.87
-53,90,6.32,-6.468,-39.96
-53,90,6.48,-9.78599999999999,-43.87
-53,90,6.64,-12.158,-46.55
-53,90,6.8,-11.46,-44.96
-53,90,6.96,-19.942,-54.27
-53,90,7.12,-17.946,-52.54
-53,90,7.28,-17.042,-51.42
-53,90,7.44,-15.636,-49.97
-53,90,7.6,-14.34,-47.74
-53,90,7.76,-19.308,-54.53
-53,90,7.92,-21.402,-56.03
-53,90,8.08,-21.496,-56.3
-53,90,8.24,-26.132,-61.24
-53,90,8.4,-24.11,-59.49
-53,90,8.56,-17.312,-53.59
-53,90,8.72,-26.858,-64.16
-53,90,8.88,-21.248,-58.39
-53,90,9.04,-19.534,-57.32
-53,90,9.2,-13.84,-52.7
-53,90,9.36,-15.304,-53.37
-53,90,9.52,-15.832,-54.21
-53,90,9.68,-14.24,-53.13
-53,90,9.84,-12.636,-51.75
-53,90,10,-12.77,-51.84
-53,90,10.16,-16.558,-56.2
-53,90,10.32,-8.772,-48.4
-53,90,10.48,-13.818,-53.35
-53,90,10.64,-12.328,-52.34
-53,90,10.8,-11.7,-51.97
-53,90,10.96,-13.616,-53.6
-53,90,11.12,-13.976,-54.22
-53,90,11.28,-12.886,-53.33
-53,90,11.44,-15.562,-56.31
-53,90,11.6,-10.69,-51.56
-53,90,11.76,-8.244,-49.36
-53,90,11.92,-7.984,-49.11
-53,90,12.08,-8.4,-50.59
-53,90,12.24,-8.764,-51.02
-53,90,12.4,-10.35,-53.01
-53,90,12.56,-12.52,-56.59
-53,90,12.72,-16.634,-61.19
-53,90,12.88,-17.036,-62.24
-53,90,13.04,-17.468,-63.97
-53,90,13.2,-14.89,-61.67
-53,90,13.36,-17.634,-63.85
-53,90,13.52,-19.752,-65.76
-53,90,13.68,-20.9,-67.58
-53,90,13.84,-27.388,-74.87
-53,90,14,-21.93,-69.78
-53,90,14.16,-27.066,-75.29
-53,90,14.32,-18.006,-66.96
-53,90,14.48,-18.354,-70.18
-53,90,14.64,-16.164,-65.62
-53,90,14.8,-12.6,-60.61
-53,90,14.96,-17.082,-64.21
-53,90,15.12,-15.08,-61.51
-53,90,15.28,-16.43,-62.98
-53,90,15.44,-13.136,-59.45
-53,90,15.6,-15.42,-62.05
-53,90,15.76,-12.388,-59.58
-53,90,15.92,-12.322,-59.5
-53,90,16.08,-16.872,-64.33
-53,90,16.24,-18.274,-66.4
-53,90,16.4,-14.91,-64.72
-53,90,16.56,-16.018,-64.95
-53,90,16.72,-22.578,-72.06
-53,90,16.88,-18.464,-68.93
-53,90,17.04,-19.146,-70.4
-53,90,17.2,-19.24,-71.67
-53,90,17.36,-14.586,-67.23
-53,90,17.52,-15.076,-67.61
-53,90,17.68,-21.412,-74.49
-53,90,17.84,-27.528,-80.44
-53,90,18,-13.86,-66.67
-52,90,2,-1.91,-23.7
-52,90,2.16,-1.998,-25.41
-52,90,2.32,-4.536,-30.19
-52,90,2.48,-0.883999999999997,-28.13
-52,90,2.64,-0.108000000000001,-28.82
-52,90,2.8,0.91,-26.15
-52,90,2.96,1.852,-26.46
-52,90,3.12,0.384,-27.85
-52,90,3.28,1.188,-28.83
-52,90,3.44,2.638,-26.01
-52,90,3.6,1.88,-25.57
-52,90,3.76,2.546,-26.94
-52,90,3.92,1.978,-25.57
-52,90,4.08,2.918,-24.75
-52,90,4.24,3.07400000000001,-25.95
-52,90,4.4,1.82,-27.99
-52,90,4.56,3.584,-26.23
-52,90,4.72,3.17600000000001,-26.81
-52,90,4.88,0.0200000000000031,-30.11
-52,90,5.04,-1.13,-31.18
-52,90,5.2,-0.82,-32.24
-52,90,5.36,-2.52,-33.32
-52,90,5.52,-2.498,-32.78
-52,90,5.68,-3.91,-35.28
-52,90,5.84,-4.392,-35.84
-52,90,6,-2.99,-34.53
-52,90,6.16,-5.72,-37.76
-52,90,6.32,-5.91799999999999,-39.41
-52,90,6.48,-9.21599999999999,-43.3
-52,90,6.64,-10.318,-44.71
-52,90,6.8,-10.39,-43.89
-52,90,6.96,-16.422,-50.75
-52,90,7.12,-13.386,-47.98
-52,90,7.28,-14.562,-48.94
-52,90,7.44,-15.216,-49.55
-52,90,7.6,-11.96,-45.36
-52,90,7.76,-18.738,-53.96
-52,90,7.92,-15.912,-50.54
-52,90,8.08,-15.146,-49.95
-52,90,8.24,-22.992,-58.1
-52,90,8.4,-25.54,-60.92
-52,90,8.56,-27.292,-63.57
-52,90,8.72,-20.078,-57.38
-52,90,8.88,-22.298,-59.44
-52,90,9.04,-17.814,-55.6
-52,90,9.2,-16.04,-54.9
-52,90,9.36,-16.984,-55.05
-52,90,9.52,-13.922,-52.3
-52,90,9.68,-13.87,-52.76
-52,90,9.84,-9.79599999999999,-48.91
-52,90,10,-11.14,-50.21
-52,90,10.16,-14.728,-54.37
-52,90,10.32,-7.792,-47.42
-52,90,10.48,-11.578,-51.11
-52,90,10.64,-11.188,-51.2
-52,90,10.8,-11.15,-51.42
-52,90,10.96,-14.516,-54.5
-52,90,11.12,-13.816,-54.06
-52,90,11.28,-11.956,-52.4
-52,90,11.44,-12.652,-53.4
-52,90,11.6,-9.37,-50.24
-52,90,11.76,-7.704,-48.82
-52,90,11.92,-8.034,-49.16
-52,90,12.08,-8.41,-50.6
-52,90,12.24,-9.084,-51.34
-52,90,12.4,-8.91,-51.57
-52,90,12.56,-11.36,-55.43
-52,90,12.72,-14.564,-59.12
-52,90,12.88,-17.576,-62.78
-52,90,13.04,-13.368,-59.87
-52,90,13.2,-10.93,-57.71
-52,90,13.36,-13.404,-59.62
-52,90,13.52,-18.282,-64.29
-52,90,13.68,-16.96,-63.64
-52,90,13.84,-20.328,-67.81
-52,90,14,-18.48,-66.33
-52,90,14.16,-16.936,-65.16
-52,90,14.32,-27.986,-76.94
-52,90,14.48,-28.754,-80.58
-52,90,14.64,-25.634,-75.09
-52,90,14.8,-13.02,-61.03
-52,90,14.96,-16.402,-63.53
-52,90,15.12,-16,-62.43
-52,90,15.28,-13.16,-59.71
-52,90,15.44,-11.496,-57.81
-52,90,15.6,-15.06,-61.69
-52,90,15.76,-15.868,-63.06
-52,90,15.92,-12.592,-59.77
-52,90,16.08,-13.632,-61.09
-52,90,16.24,-19.814,-67.94
-52,90,16.4,-13.15,-62.96
-52,90,16.56,-16.068,-65
-52,90,16.72,-16.818,-66.3
-52,90,16.88,-21.524,-71.99
-52,90,17.04,-20.816,-72.07
-52,90,17.2,-15.19,-67.62
-52,90,17.36,-15.436,-68.08
-52,90,17.52,-21.306,-73.84
-52,90,17.68,-14.792,-67.87
-52,90,17.84,-11.958,-64.87
-52,90,18,-16.66,-69.47
-51,90,2,-1.49,-23.28
-51,90,2.16,-1.948,-25.36
-51,90,2.32,-3.996,-29.65
-51,90,2.48,-0.313999999999997,-27.56
-51,90,2.64,0.222000000000001,-28.49
-51,90,2.8,1.29,-25.77
-51,90,2.96,2.432,-25.88
-51,90,3.12,0.734000000000002,-27.5
-51,90,3.28,1.778,-28.24
-51,90,3.44,3.118,-25.53
-51,90,3.6,2.05,-25.4
-51,90,3.76,3.146,-26.34
-51,90,3.92,2.098,-25.45
-51,90,4.08,3.448,-24.22
-51,90,4.24,3.21400000000001,-25.81
-51,90,4.4,1.75,-28.06
-51,90,4.56,3.894,-25.92
-51,90,4.72,3.126,-26.86
-51,90,4.88,-0.0399999999999991,-30.17
-51,90,5.04,-0.329999999999995,-30.38
-51,90,5.2,0.470000000000002,-30.95
-51,90,5.36,-1.63,-32.43
-51,90,5.52,-2.088,-32.37
-51,90,5.68,-2.77,-34.14
-51,90,5.84,-3.172,-34.62
-51,90,6,-2.91,-34.45
-51,90,6.16,-5.43,-37.47
-51,90,6.32,-5.33799999999999,-38.83
-51,90,6.48,-7.726,-41.81
-51,90,6.64,-8.79799999999999,-43.19
-51,90,6.8,-9.22,-42.72
-51,90,6.96,-12.562,-46.89
-51,90,7.12,-10.646,-45.24
-51,90,7.28,-12.112,-46.49
-51,90,7.44,-14.346,-48.68
-51,90,7.6,-9.61,-43.01
-51,90,7.76,-13.438,-48.66
-51,90,7.92,-11.162,-45.79
-51,90,8.08,-10.756,-45.56
-51,90,8.24,-13.982,-49.09
-51,90,8.4,-16.22,-51.6
-51,90,8.56,-15.092,-51.37
-51,90,8.72,-12.768,-50.07
-51,90,8.88,-15.168,-52.31
-51,90,9.04,-18.214,-56
-51,90,9.2,-15.64,-54.5
-51,90,9.36,-14.664,-52.73
-51,90,9.52,-12.032,-50.41
-51,90,9.68,-13.37,-52.26
-51,90,9.84,-8.32599999999999,-47.44
-51,90,10,-9.25,-48.32
-51,90,10.16,-13.788,-53.43
-51,90,10.32,-8.522,-48.15
-51,90,10.48,-10.648,-50.18
-51,90,10.64,-12.188,-52.2
-51,90,10.8,-11.04,-51.31
-51,90,10.96,-16.386,-56.37
-51,90,11.12,-13.736,-53.98
-51,90,11.28,-11.166,-51.61
-51,90,11.44,-9.36199999999999,-50.11
-51,90,11.6,-9.8,-50.67
-51,90,11.76,-8.284,-49.4
-51,90,11.92,-8.794,-49.92
-51,90,12.08,-8.81,-51
-51,90,12.24,-9.194,-51.45
-51,90,12.4,-8.40000000000001,-51.06
-51,90,12.56,-8.86999999999999,-52.94
-51,90,12.72,-13.974,-58.53
-51,90,12.88,-11.616,-56.82
-51,90,13.04,-8.45800000000001,-54.96
-51,90,13.2,-8.44,-55.22
-51,90,13.36,-12.544,-58.76
-51,90,13.52,-15.192,-61.2
-51,90,13.68,-13.51,-60.19
-51,90,13.84,-14.728,-62.21
-51,90,14,-16.18,-64.03
-51,90,14.16,-13.956,-62.18
-51,90,14.32,-11.836,-60.79
-51,90,14.48,-15.324,-67.15
-51,90,14.64,-21.524,-70.98
-51,90,14.8,-14.41,-62.42
-51,90,14.96,-21.332,-68.46
-51,90,15.12,-15.34,-61.77
-51,90,15.28,-15.6,-62.15
-51,90,15.44,-13.246,-59.56
-51,90,15.6,-16.24,-62.87
-51,90,15.76,-18.148,-65.34
-51,90,15.92,-15.852,-63.03
-51,90,16.08,-14.082,-61.54
-51,90,16.24,-17.614,-65.74
-51,90,16.4,-17.35,-67.16
-51,90,16.56,-18.148,-67.08
-51,90,16.72,-15.898,-65.38
-51,90,16.88,-20.304,-70.77
-51,90,17.04,-21.596,-72.85
-51,90,17.2,-18.7,-71.13
-51,90,17.36,-26.056,-78.7
-51,90,17.52,-17.786,-70.32
-51,90,17.68,-20.002,-73.08
-51,90,17.84,-17.788,-70.7
-51,90,18,-14.9,-67.71
-50,90,2,-1.13,-22.92
-50,90,2.16,-1.978,-25.39
-50,90,2.32,-3.336,-28.99
-50,90,2.48,0.186000000000003,-27.06
-50,90,2.64,0.521999999999998,-28.19
-50,90,2.8,1.73,-25.33
-50,90,2.96,3.072,-25.24
-50,90,3.12,1.094,-27.14
-50,90,3.28,2.278,-27.74
-50,90,3.44,3.568,-25.08
-50,90,3.6,2.26,-25.19
-50,90,3.76,3.576,-25.91
-50,90,3.92,2.068,-25.48
-50,90,4.08,3.878,-23.79
-50,90,4.24,3.104,-25.92
-50,90,4.4,1.76,-28.05
-50,90,4.56,4.074,-25.74
-50,90,4.72,3.096,-26.89
-50,90,4.88,0.160000000000004,-29.97
-50,90,5.04,0.650000000000006,-29.4
-50,90,5.2,1.71,-29.71
-50,90,5.36,-0.910000000000004,-31.71
-50,90,5.52,-1.848,-32.13
-50,90,5.68,-1.55,-32.92
-50,90,5.84,-2.332,-33.78
-50,90,6,-2.81,-34.35
-50,90,6.16,-4.93,-36.97
-50,90,6.32,-4.33799999999999,-37.83
-50,90,6.48,-5.496,-39.58
-50,90,6.64,-6.958,-41.35
-50,90,6.8,-8.06,-41.56
-50,90,6.96,-9.062,-43.39
-50,90,7.12,-8.386,-42.98
-50,90,7.28,-10.202,-44.58
-50,90,7.44,-12.756,-47.09
-50,90,7.6,-7.8,-41.2
-50,90,7.76,-8.578,-43.8
-50,90,7.92,-7.932,-42.56
-50,90,8.08,-7.966,-42.77
-50,90,8.24,-10.192,-45.3
-50,90,8.4,-11.1,-46.48
-50,90,8.56,-11.032,-47.31
-50,90,8.72,-10.308,-47.61
-50,90,8.88,-12.348,-49.49
-50,90,9.04,-19.134,-56.92
-50,90,9.2,-12.6,-51.46
-50,90,9.36,-12.924,-50.99
-50,90,9.52,-12.022,-50.4
-50,90,9.68,-12.99,-51.88
-50,90,9.84,-7.816,-46.93
-50,90,10,-9.02,-48.09
-50,90,10.16,-11.908,-51.55
-50,90,10.32,-11.492,-51.12
-50,90,10.48,-9.608,-49.14
-50,90,10.64,-14.458,-54.47
-50,90,10.8,-12.3,-52.57
-50,90,10.96,-14.616,-54.6
-50,90,11.12,-11.046,-51.29
-50,90,11.28,-9.10599999999999,-49.55
-50,90,11.44,-7.842,-48.59
-50,90,11.6,-10.8,-51.67
-50,90,11.76,-10.134,-51.25
-50,90,11.92,-9.374,-50.5
-50,90,12.08,-8.31999999999999,-50.51
-50,90,12.24,-7.404,-49.66
-50,90,12.4,-8.35,-51.01
-50,90,12.56,-8.07999999999999,-52.15
-50,90,12.72,-12.804,-57.36
-50,90,12.88,-9.49600000000001,-54.7
-50,90,13.04,-8.478,-54.98
-50,90,13.2,-8.43,-55.21
-50,90,13.36,-11.184,-57.4
-50,90,13.52,-10.312,-56.32
-50,90,13.68,-16.63,-63.31
-50,90,13.84,-13.438,-60.92
-50,90,14,-13.7,-61.55
-50,90,14.16,-10.196,-58.42
-50,90,14.32,-11.096,-60.05
-50,90,14.48,-18.214,-70.04
-50,90,14.64,-28.354,-77.81
-50,90,14.8,-15.68,-63.69
-50,90,14.96,-18.772,-65.9
-50,90,15.12,-15.99,-62.42
-50,90,15.28,-12.56,-59.11
-50,90,15.44,-17.686,-64
-50,90,15.6,-17.3,-63.93
-50,90,15.76,-22.658,-69.85
-50,90,15.92,-15.392,-62.57
-50,90,16.08,-18.182,-65.64
-50,90,16.24,-15.394,-63.52
-50,90,16.4,-21.58,-71.39
-50,90,16.56,-17.318,-66.25
-50,90,16.72,-17.668,-67.15
-50,90,16.88,-17.664,-68.13
-50,90,17.04,-21.536,-72.79
-50,90,17.2,-17.81,-70.24
-50,90,17.36,-18.076,-70.72
-50,90,17.52,-18.576,-71.11
-50,90,17.68,-19.552,-72.63
-50,90,17.84,-18.638,-71.55
-50,90,18,-15.48,-68.29
-49,90,2,-0.800000000000001,-22.59
-49,90,2.16,-1.888,-25.3
-49,90,2.32,-2.716,-28.37
-49,90,2.48,0.706000000000003,-26.54
-49,90,2.64,0.832000000000001,-27.88
-49,90,2.8,2.18,-24.88
-49,90,2.96,3.632,-24.68
-49,90,3.12,1.544,-26.69
-49,90,3.28,2.718,-27.3
-49,90,3.44,3.968,-24.68
-49,90,3.6,2.45,-25
-49,90,3.76,3.956,-25.53
-49,90,3.92,1.948,-25.6
-49,90,4.08,4.148,-23.52
-49,90,4.24,3.03400000000001,-25.99
-49,90,4.4,1.97,-27.84
-49,90,4.56,4.254,-25.56
-49,90,4.72,3.026,-26.96
-49,90,4.88,0.790000000000003,-29.34
-49,90,5.04,1.74000000000001,-28.31
-49,90,5.2,2.7,-28.72
-49,90,5.36,-0.440000000000001,-31.24
-49,90,5.52,-1.698,-31.98
-49,90,5.68,-0.330000000000002,-31.7
-49,90,5.84,-1.792,-33.24
-49,90,6,-2.77,-34.31
-49,90,6.16,-4.12,-36.16
-49,90,6.32,-3.208,-36.7
-49,90,6.48,-3.816,-37.9
-49,90,6.64,-4.958,-39.35
-49,90,6.8,-6.32,-39.82
-49,90,6.96,-6.83199999999999,-41.16
-49,90,7.12,-6.816,-41.41
-49,90,7.28,-8.292,-42.67
-49,90,7.44,-9.996,-44.33
-49,90,7.6,-6.13,-39.53
-49,90,7.76,-5.738,-40.96
-49,90,7.92,-5.422,-40.05
-49,90,8.08,-6.396,-41.2
-49,90,8.24,-7.59200000000001,-42.7
-49,90,8.4,-7.98,-43.36
-49,90,8.56,-8.20199999999999,-44.48
-49,90,8.72,-8.638,-45.94
-49,90,8.88,-11.368,-48.51
-49,90,9.04,-15.954,-53.74
-49,90,9.2,-11.81,-50.67
-49,90,9.36,-12.614,-50.68
-49,90,9.52,-12.162,-50.54
-49,90,9.68,-12.4,-51.29
-49,90,9.84,-8.066,-47.18
-49,90,10,-9.65,-48.72
-49,90,10.16,-11.888,-51.53
-49,90,10.32,-13.542,-53.17
-49,90,10.48,-9.898,-49.43
-49,90,10.64,-14.798,-54.81
-49,90,10.8,-12.75,-53.02
-49,90,10.96,-11.026,-51.01
-49,90,11.12,-10.276,-50.52
-49,90,11.28,-7.986,-48.43
-49,90,11.44,-9.19199999999999,-49.94
-49,90,11.6,-11.54,-52.41
-49,90,11.76,-11.054,-52.17
-49,90,11.92,-9.744,-50.87
-49,90,12.08,-7.19,-49.38
-49,90,12.24,-8.994,-51.25
-49,90,12.4,-8.34,-51
-49,90,12.56,-7.31,-51.38
-49,90,12.72,-10.244,-54.8
-49,90,12.88,-8.82600000000001,-54.03
-49,90,13.04,-7.51800000000001,-54.02
-49,90,13.2,-6.99,-53.77
-49,90,13.36,-10.484,-56.7
-49,90,13.52,-9.61199999999999,-55.62
-49,90,13.68,-15.18,-61.86
-49,90,13.84,-10.608,-58.09
-49,90,14,-10.14,-57.99
-49,90,14.16,-9.586,-57.81
-49,90,14.32,-10.006,-58.96
-49,90,14.48,-16.044,-67.87
-49,90,14.64,-31.324,-80.78
-49,90,14.8,-22.36,-70.37
-49,90,14.96,-24.472,-71.6
-49,90,15.12,-14.91,-61.34
-49,90,15.28,-20.27,-66.82
-49,90,15.44,-17.376,-63.69
-49,90,15.6,-18.93,-65.56
-49,90,15.76,-23.078,-70.27
-49,90,15.92,-18.602,-65.78
-49,90,16.08,-16.492,-63.95
-49,90,16.24,-16.384,-64.51
-49,90,16.4,-24.45,-74.26
-49,90,16.56,-23.748,-72.68
-49,90,16.72,-24.798,-74.28
-49,90,16.88,-20.774,-71.24
-49,90,17.04,-16.096,-67.35
-49,90,17.2,-20.95,-73.38
-49,90,17.36,-25.656,-78.3
-49,90,17.52,-20.406,-72.94
-49,90,17.68,-18.292,-71.37
-49,90,17.84,-23.928,-76.84
-49,90,18,-13.18,-65.99
-48,90,2,-0.550000000000001,-22.34
-48,90,2.16,-1.798,-25.21
-48,90,2.32,-2.056,-27.71
-48,90,2.48,1.126,-26.12
-48,90,2.64,1.102,-27.61
-48,90,2.8,2.63,-24.43
-48,90,2.96,4.232,-24.08
-48,90,3.12,2.114,-26.12
-48,90,3.28,3.058,-26.96
-48,90,3.44,4.298,-24.35
-48,90,3.6,2.69,-24.76
-48,90,3.76,4.186,-25.3
-48,90,3.92,1.758,-25.79
-48,90,4.08,4.328,-23.34
-48,90,4.24,2.94400000000001,-26.08
-48,90,4.4,2.25,-27.56
-48,90,4.56,4.484,-25.33
-48,90,4.72,3.166,-26.82
-48,90,4.88,1.64,-28.49
-48,90,5.04,2.63,-27.42
-48,90,5.2,3.3,-28.12
-48,90,5.36,-0.0600000000000023,-30.86
-48,90,5.52,-1.738,-32.02
-48,90,5.68,0.509999999999998,-30.86
-48,90,5.84,-1.442,-32.89
-48,90,6,-2.5,-34.04
-48,90,6.16,-2.94,-34.98
-48,90,6.32,-2.038,-35.53
-48,90,6.48,-2.366,-36.45
-48,90,6.64,-3.47799999999999,-37.87
-48,90,6.8,-4.37,-37.87
-48,90,6.96,-5.442,-39.77
-48,90,7.12,-5.926,-40.52
-48,90,7.28,-6.682,-41.06
-48,90,7.44,-7.506,-41.84
-48,90,7.6,-4.86,-38.26
-48,90,7.76,-3.758,-38.98
-48,90,7.92,-3.372,-38
-48,90,8.08,-5.336,-40.14
-48,90,8.24,-6.082,-41.19
-48,90,8.4,-6.48,-41.86
-48,90,8.56,-7.212,-43.49
-48,90,8.72,-7.778,-45.08
-48,90,8.88,-10.888,-48.03
-48,90,9.04,-12.904,-50.69
-48,90,9.2,-12.73,-51.59
-48,90,9.36,-15.634,-53.7
-48,90,9.52,-13.642,-52.02
-48,90,9.68,-12.65,-51.54
-48,90,9.84,-10.346,-49.46
-48,90,10,-10.68,-49.75
-48,90,10.16,-12.888,-52.53
-48,90,10.32,-14.492,-54.12
-48,90,10.48,-10.478,-50.01
-48,90,10.64,-13.898,-53.91
-48,90,10.8,-12.88,-53.15
-48,90,10.96,-7.486,-47.47
-48,90,11.12,-10.006,-50.25
-48,90,11.28,-7.956,-48.4
-48,90,11.44,-11.362,-52.11
-48,90,11.6,-10.09,-50.96
-48,90,11.76,-9.764,-50.88
-48,90,11.92,-10.084,-51.21
-48,90,12.08,-8.35999999999999,-50.55
-48,90,12.24,-9.974,-52.23
-48,90,12.4,-7.02,-49.68
-48,90,12.56,-6.56,-50.63
-48,90,12.72,-10.674,-55.23
-48,90,12.88,-8.60600000000001,-53.81
-48,90,13.04,-6.788,-53.29
-48,90,13.2,-5.74,-52.52
-48,90,13.36,-9.53399999999999,-55.75
-48,90,13.52,-9.642,-55.65
-48,90,13.68,-11.78,-58.46
-48,90,13.84,-9.108,-56.59
-48,90,14,-10.1,-57.95
-48,90,14.16,-8.85599999999999,-57.08
-48,90,14.32,-9.206,-58.16
-48,90,14.48,-17.014,-68.84
-48,90,14.64,-19.644,-69.1
-48,90,14.8,-17.84,-65.85
-48,90,14.96,-15.802,-62.93
-48,90,15.12,-15.78,-62.21
-48,90,15.28,-20.67,-67.22
-48,90,15.44,-16.726,-63.04
-48,90,15.6,-15.74,-62.37
-48,90,15.76,-37.408,-84.6
-48,90,15.92,-21.612,-68.79
-48,90,16.08,-17.292,-64.75
-48,90,16.24,-19.114,-67.24
-48,90,16.4,-23.23,-73.04
-48,90,16.56,-21.328,-70.26
-48,90,16.72,-18.908,-68.39
-48,90,16.88,-27.704,-78.17
-48,90,17.04,-23.286,-74.54
-48,90,17.2,-18.65,-71.08
-48,90,17.36,-37.146,-89.79
-48,90,17.52,-27.106,-79.64
-48,90,17.68,-18.212,-71.29
-48,90,17.84,-15.168,-68.08
-48,90,18,-18.19,-71
-47,90,2,-0.23,-22.02
-47,90,2.16,-1.608,-25.02
-47,90,2.32,-1.446,-27.1
-47,90,2.48,1.546,-25.7
-47,90,2.64,1.442,-27.27
-47,90,2.8,3.11,-23.95
-47,90,2.96,4.702,-23.61
-47,90,3.12,2.684,-25.55
-47,90,3.28,3.258,-26.76
-47,90,3.44,4.568,-24.08
-47,90,3.6,2.93,-24.52
-47,90,3.76,4.256,-25.23
-47,90,3.92,1.568,-25.98
-47,90,4.08,4.398,-23.27
-47,90,4.24,2.974,-26.05
-47,90,4.4,2.72,-27.09
-47,90,4.56,4.694,-25.12
-47,90,4.72,3.506,-26.48
-47,90,4.88,2.71,-27.42
-47,90,5.04,3.27,-26.78
-47,90,5.2,3.6,-27.82
-47,90,5.36,0.249999999999996,-30.55
-47,90,5.52,-1.588,-31.87
-47,90,5.68,1.06,-30.31
-47,90,5.84,-1.112,-32.56
-47,90,6,-2.07,-33.61
-47,90,6.16,-1.51,-33.55
-47,90,6.32,-1.098,-34.59
-47,90,6.48,-1.35599999999999,-35.44
-47,90,6.64,-2.258,-36.65
-47,90,6.8,-2.68,-36.18
-47,90,6.96,-4.422,-38.75
-47,90,7.12,-4.786,-39.38
-47,90,7.28,-5.352,-39.73
-47,90,7.44,-5.376,-39.71
-47,90,7.6,-3.72,-37.12
-47,90,7.76,-2.718,-37.94
-47,90,7.92,-1.822,-36.45
-47,90,8.08,-3.986,-38.79
-47,90,8.24,-4.722,-39.83
-47,90,8.4,-5.25,-40.63
-47,90,8.56,-6.502,-42.78
-47,90,8.72,-6.178,-43.48
-47,90,8.88,-10.168,-47.31
-47,90,9.04,-11.414,-49.2
-47,90,9.2,-16.26,-55.12
-47,90,9.36,-20.194,-58.26
-47,90,9.52,-13.922,-52.3
-47,90,9.68,-13.18,-52.07
-47,90,9.84,-12.636,-51.75
-47,90,10,-13.15,-52.22
-47,90,10.16,-14.278,-53.92
-47,90,10.32,-14.182,-53.81
-47,90,10.48,-10.598,-50.13
-47,90,10.64,-12.548,-52.56
-47,90,10.8,-11.75,-52.02
-47,90,10.96,-6.696,-46.68
-47,90,11.12,-10.396,-50.64
-47,90,11.28,-9.336,-49.78
-47,90,11.44,-11.732,-52.48
-47,90,11.6,-9.32,-50.19
-47,90,11.76,-10.264,-51.38
-47,90,11.92,-11.934,-53.06
-47,90,12.08,-9.53999999999999,-51.73
-47,90,12.24,-9.554,-51.81
-47,90,12.4,-7.92,-50.58
-47,90,12.56,-7.27999999999999,-51.35
-47,90,12.72,-9.10399999999998,-53.66
-47,90,12.88,-8.916,-54.12
-47,90,13.04,-4.938,-51.44
-47,90,13.2,-6.06,-52.84
-47,90,13.36,-8.39399999999999,-54.61
-47,90,13.52,-8.452,-54.46
-47,90,13.68,-10.24,-56.92
-47,90,13.84,-10.188,-57.67
-47,90,14,-9.44,-57.29
-47,90,14.16,-7.636,-55.86
-47,90,14.32,-6.056,-55.01
-47,90,14.48,-11.544,-63.37
-47,90,14.64,-14.664,-64.12
-47,90,14.8,-12.24,-60.25
-47,90,14.96,-10.472,-57.6
-47,90,15.12,-15.06,-61.49
-47,90,15.28,-16.47,-63.02
-47,90,15.44,-13.966,-60.28
-47,90,15.6,-14.52,-61.15
-47,90,15.76,-24.998,-72.19
-47,90,15.92,-17.402,-64.58
-47,90,16.08,-22.442,-69.9
-47,90,16.24,-22.194,-70.32
-47,90,16.4,-19.89,-69.7
-47,90,16.56,-30.228,-79.16
-47,90,16.72,-19.108,-68.59
-47,90,16.88,-26.734,-77.2
-47,90,17.04,-26.186,-77.44
-47,90,17.2,-20.21,-72.64
-47,90,17.36,-43.966,-96.61
-47,90,17.52,-24.266,-76.8
-47,90,17.68,-18.142,-71.22
-47,90,17.84,-24.288,-77.2
-47,90,18,-24.5,-77.31
-46,90,2,-0.0500000000000007,-21.84
-46,90,2.16,-1.348,-24.76
-46,90,2.32,-0.905999999999999,-26.56
-46,90,2.48,1.876,-25.37
-46,90,2.64,1.692,-27.02
-46,90,2.8,3.52,-23.54
-46,90,2.96,5.212,-23.1
-46,90,3.12,3.234,-25
-46,90,3.28,3.458,-26.56
-46,90,3.44,4.758,-23.89
-46,90,3.6,3.16,-24.29
-46,90,3.76,4.246,-25.24
-46,90,3.92,1.408,-26.14
-46,90,4.08,4.428,-23.24
-46,90,4.24,3.094,-25.93
-46,90,4.4,3.22,-26.59
-46,90,4.56,4.934,-24.88
-46,90,4.72,3.986,-26
-46,90,4.88,3.69,-26.44
-46,90,5.04,3.5,-26.55
-46,90,5.2,3.72,-27.7
-46,90,5.36,0.649999999999999,-30.15
-46,90,5.52,-1.318,-31.6
-46,90,5.68,1.35,-30.02
-46,90,5.84,-0.501999999999999,-31.95
-46,90,6,-1.21,-32.75
-46,90,6.16,-0.18,-32.22
-46,90,6.32,-0.0579999999999927,-33.55
-46,90,6.48,-0.445999999999998,-34.53
-46,90,6.64,-0.837999999999994,-35.23
-46,90,6.8,-1.19,-34.69
-46,90,6.96,-3.54199999999999,-37.87
-46,90,7.12,-3.826,-38.42
-46,90,7.28,-3.692,-38.07
-46,90,7.44,-3.57599999999999,-37.91
-46,90,7.6,-2.65,-36.05
-46,90,7.76,-1.968,-37.19
-46,90,7.92,-1.032,-35.66
-46,90,8.08,-3.116,-37.92
-46,90,8.24,-3.70200000000001,-38.81
-46,90,8.4,-4.52,-39.9
-46,90,8.56,-5.51199999999999,-41.79
-46,90,8.72,-4.528,-41.83
-46,90,8.88,-8.94800000000001,-46.09
-46,90,9.04,-10.844,-48.63
-46,90,9.2,-18.18,-57.04
-46,90,9.36,-15.824,-53.89
-46,90,9.52,-15.472,-53.85
-46,90,9.68,-17.54,-56.43
-46,90,9.84,-17.066,-56.18
-46,90,10,-14.13,-53.2
-46,90,10.16,-16.138,-55.78
-46,90,10.32,-14.632,-54.26
-46,90,10.48,-11.678,-51.21
-46,90,10.64,-10.598,-50.61
-46,90,10.8,-11.29,-51.56
-46,90,10.96,-8.776,-48.76
-46,90,11.12,-13.186,-53.43
-46,90,11.28,-9.556,-50
-46,90,11.44,-10.482,-51.23
-46,90,11.6,-10.66,-51.53
-46,90,11.76,-12.534,-53.65
-46,90,11.92,-12.064,-53.19
-46,90,12.08,-10.03,-52.22
-46,90,12.24,-10.254,-52.51
-46,90,12.4,-9.03,-51.69
-46,90,12.56,-7.90999999999999,-51.98
-46,90,12.72,-7.84399999999999,-52.4
-46,90,12.88,-7.83600000000001,-53.04
-46,90,13.04,-4.798,-51.3
-46,90,13.2,-5.69,-52.47
-46,90,13.36,-7.624,-53.84
-46,90,13.52,-8.712,-54.72
-46,90,13.68,-9.66,-56.34
-46,90,13.84,-9.468,-56.95
-46,90,14,-8.11,-55.96
-46,90,14.16,-4.946,-53.17
-46,90,14.32,-5.096,-54.05
-46,90,14.48,-9.36399999999999,-61.19
-46,90,14.64,-7.16400000000001,-56.62
-46,90,14.8,-10.71,-58.72
-46,90,14.96,-9.782,-56.91
-46,90,15.12,-12.89,-59.32
-46,90,15.28,-14.18,-60.73
-46,90,15.44,-12.396,-58.71
-46,90,15.6,-17.01,-63.64
-46,90,15.76,-21.288,-68.48
-46,90,15.92,-18.852,-66.03
-46,90,16.08,-21.192,-68.65
-46,90,16.24,-18.624,-66.75
-46,90,16.4,-19.51,-69.32
-46,90,16.56,-24.438,-73.37
-46,90,16.72,-18.238,-67.72
-46,90,16.88,-30.384,-80.85
-46,90,17.04,-20.536,-71.79
-46,90,17.2,-26.19,-78.62
-46,90,17.36,-20.816,-73.46
-46,90,17.52,-21.006,-73.54
-46,90,17.68,-21.252,-74.33
-46,90,17.84,-24.708,-77.62
-46,90,18,-22.26,-75.07
-45,90,2,0.169999999999998,-21.62
-45,90,2.16,-1.038,-24.45
-45,90,2.32,-0.405999999999999,-26.06
-45,90,2.48,2.186,-25.06
-45,90,2.64,2.052,-26.66
-45,90,2.8,3.97,-23.09
-45,90,2.96,5.632,-22.68
-45,90,3.12,3.804,-24.43
-45,90,3.28,3.618,-26.4
-45,90,3.44,4.918,-23.73
-45,90,3.6,3.44,-24.01
-45,90,3.76,4.096,-25.39
-45,90,3.92,1.348,-26.2
-45,90,4.08,4.418,-23.25
-45,90,4.24,3.354,-25.67
-45,90,4.4,3.67,-26.14
-45,90,4.56,5.194,-24.62
-45,90,4.72,4.576,-25.41
-45,90,4.88,4.57,-25.56
-45,90,5.04,3.5,-26.55
-45,90,5.2,3.68,-27.74
-45,90,5.36,0.959999999999997,-29.84
-45,90,5.52,-0.978000000000002,-31.26
-45,90,5.68,1.51,-29.86
-45,90,5.84,0.408000000000001,-31.04
-45,90,6,-0.350000000000001,-31.89
-45,90,6.16,0.879999999999999,-31.16
-45,90,6.32,0.722000000000001,-32.77
-45,90,6.48,0.164000000000001,-33.92
-45,90,6.64,0.122,-34.27
-45,90,6.8,-0.119999999999997,-33.62
-45,90,6.96,-2.692,-37.02
-45,90,7.12,-2.496,-37.09
-45,90,7.28,-2.692,-37.07
-45,90,7.44,-2.46599999999999,-36.8
-45,90,7.6,-1.68,-35.08
-45,90,7.76,-1.328,-36.55
-45,90,7.92,-0.741999999999997,-35.37
-45,90,8.08,-2.17599999999999,-36.98
-45,90,8.24,-3.02200000000001,-38.13
-45,90,8.4,-4.09999999999999,-39.48
-45,90,8.56,-4.12199999999999,-40.4
-45,90,8.72,-3.578,-40.88
-45,90,8.88,-8.408,-45.55
-45,90,9.04,-9.444,-47.23
-45,90,9.2,-13.17,-52.03
-45,90,9.36,-12.324,-50.39
-45,90,9.52,-17.372,-55.75
-45,90,9.68,-19.54,-58.43
-45,90,9.84,-19.146,-58.26
-45,90,10,-13,-52.07
-45,90,10.16,-17.438,-57.08
-45,90,10.32,-13.592,-53.22
-45,90,10.48,-11.488,-51.02
-45,90,10.64,-10.328,-50.34
-45,90,10.8,-11.31,-51.58
-45,90,10.96,-12.536,-52.52
-45,90,11.12,-15.436,-55.68
-45,90,11.28,-8.556,-49
-45,90,11.44,-9.08199999999999,-49.83
-45,90,11.6,-11.92,-52.79
-45,90,11.76,-13.134,-54.25
-45,90,11.92,-11.624,-52.75
-45,90,12.08,-10.22,-52.41
-45,90,12.24,-12.714,-54.97
-45,90,12.4,-8.88,-51.54
-45,90,12.56,-7.42999999999999,-51.5
-45,90,12.72,-8.69399999999999,-53.25
-45,90,12.88,-8.40600000000001,-53.61
-45,90,13.04,-5.38800000000001,-51.89
-45,90,13.2,-4.62,-51.4
-45,90,13.36,-7.86399999999999,-54.08
-45,90,13.52,-7.842,-53.85
-45,90,13.68,-10.27,-56.95
-45,90,13.84,-8.848,-56.33
-45,90,14,-5.01,-52.86
-45,90,14.16,-2.68599999999999,-50.91
-45,90,14.32,-4.67600000000001,-53.63
-45,90,14.48,-6.58399999999999,-58.41
-45,90,14.64,-6.19400000000001,-55.65
-45,90,14.8,-8.62,-56.63
-45,90,14.96,-8.022,-55.15
-45,90,15.12,-10.64,-57.07
-45,90,15.28,-12.25,-58.8
-45,90,15.44,-12.256,-58.57
-45,90,15.6,-14.09,-60.72
-45,90,15.76,-14.548,-61.74
-45,90,15.92,-13.652,-60.83
-45,90,16.08,-15.422,-62.88
-45,90,16.24,-14.714,-62.84
-45,90,16.4,-19.32,-69.13
-45,90,16.56,-17.908,-66.84
-45,90,16.72,-31.298,-80.78
-45,90,16.88,-23.374,-73.84
-45,90,17.04,-25.336,-76.59
-45,90,17.2,-24.34,-76.77
-45,90,17.36,-18.446,-71.09
-45,90,17.52,-22.596,-75.13
-45,90,17.68,-18.932,-72.01
-45,90,17.84,-19.638,-72.55
-45,90,18,-17.62,-70.43
-44,90,2,0.34,-21.45
-44,90,2.16,-0.658000000000001,-24.07
-44,90,2.32,0.0539999999999985,-25.6
-44,90,2.48,2.516,-24.73
-44,90,2.64,2.412,-26.3
-44,90,2.8,4.41,-22.65
-44,90,2.96,6.022,-22.29
-44,90,3.12,4.314,-23.92
-44,90,3.28,3.778,-26.24
-44,90,3.44,5.018,-23.63
-44,90,3.6,3.72,-23.73
-44,90,3.76,3.846,-25.64
-44,90,3.92,1.358,-26.19
-44,90,4.08,4.418,-23.25
-44,90,4.24,3.724,-25.3
-44,90,4.4,4.11,-25.7
-44,90,4.56,5.484,-24.33
-44,90,4.72,5.186,-24.8
-44,90,4.88,5.23,-24.9
-44,90,5.04,3.38,-26.67
-44,90,5.2,3.62,-27.8
-44,90,5.36,1.2,-29.6
-44,90,5.52,-0.288,-30.57
-44,90,5.68,1.69,-29.68
-44,90,5.84,1.428,-30.02
-44,90,6,0.449999999999999,-31.09
-44,90,6.16,1.59,-30.45
-44,90,6.32,1.45200000000001,-32.04
-44,90,6.48,0.814,-33.27
-44,90,6.64,0.932000000000002,-33.46
-44,90,6.8,0.700000000000003,-32.8
-44,90,6.96,-1.592,-35.92
-44,90,7.12,-1.366,-35.96
-44,90,7.28,-1.582,-35.96
-44,90,7.44,-1.866,-36.2
-44,90,7.6,-0.880000000000003,-34.28
-44,90,7.76,-0.607999999999997,-35.83
-44,90,7.92,-0.411999999999999,-35.04
-44,90,8.08,-1.326,-36.13
-44,90,8.24,-2.152,-37.26
-44,90,8.4,-3.12,-38.5
-44,90,8.56,-2.602,-38.88
-44,90,8.72,-2.888,-40.19
-44,90,8.88,-6.77800000000001,-43.92
-44,90,9.04,-7.57400000000001,-45.36
-44,90,9.2,-9.71,-48.57
-44,90,9.36,-11.374,-49.44
-44,90,9.52,-21.632,-60.01
-44,90,9.68,-19.92,-58.81
-44,90,9.84,-17.096,-56.21
-44,90,10,-11.49,-50.56
-44,90,10.16,-18.378,-58.02
-44,90,10.32,-13.112,-52.74
-44,90,10.48,-10.608,-50.14
-44,90,10.64,-11.018,-51.03
-44,90,10.8,-13.57,-53.84
-44,90,10.96,-15.436,-55.42
-44,90,11.12,-11.766,-52.01
-44,90,11.28,-8.876,-49.32
-44,90,11.44,-9.752,-50.5
-44,90,11.6,-11.76,-52.63
-44,90,11.76,-10.644,-51.76
-44,90,11.92,-12.524,-53.65
-44,90,12.08,-13.01,-55.2
-44,90,12.24,-13.364,-55.62
-44,90,12.4,-8.49,-51.15
-44,90,12.56,-7.70999999999999,-51.78
-44,90,12.72,-10.594,-55.15
-44,90,12.88,-7.86600000000001,-53.07
-44,90,13.04,-6.068,-52.57
-44,90,13.2,-5.6,-52.38
-44,90,13.36,-7.38399999999999,-53.6
-44,90,13.52,-8.552,-54.56
-44,90,13.68,-7.03999999999999,-53.72
-44,90,13.84,-7.208,-54.69
-44,90,14,-3.28,-51.13
-44,90,14.16,-1.93599999999999,-50.16
-44,90,14.32,-4.00600000000001,-52.96
-44,90,14.48,-4.944,-56.77
-44,90,14.64,-3.86400000000001,-53.32
-44,90,14.8,-7.11,-55.12
-44,90,14.96,-8.252,-55.38
-44,90,15.12,-9.58,-56.01
-44,90,15.28,-9.71,-56.26
-44,90,15.44,-9.776,-56.09
-44,90,15.6,-16.48,-63.11
-44,90,15.76,-13.918,-61.11
-44,90,15.92,-11.922,-59.1
-44,90,16.08,-11.312,-58.77
-44,90,16.24,-13.334,-61.46
-44,90,16.4,-16.32,-66.13
-44,90,16.56,-15.348,-64.28
-44,90,16.72,-22.648,-72.13
-44,90,16.88,-28.034,-78.5
-44,90,17.04,-20.106,-71.36
-44,90,17.2,-19.53,-71.96
-44,90,17.36,-17.676,-70.32
-44,90,17.52,-22.236,-74.77
-44,90,17.68,-27.832,-80.91
-44,90,17.84,-23.488,-76.4
-44,90,18,-20.01,-72.82
-43,90,2,0.509999999999998,-21.28
-43,90,2.16,-0.198,-23.61
-43,90,2.32,0.463999999999999,-25.19
-43,90,2.48,2.846,-24.4
-43,90,2.64,2.772,-25.94
-43,90,2.8,4.85,-22.21
-43,90,2.96,6.382,-21.93
-43,90,3.12,4.694,-23.54
-43,90,3.28,3.978,-26.04
-43,90,3.44,5.088,-23.56
-43,90,3.6,3.93,-23.52
-43,90,3.76,3.436,-26.05
-43,90,3.92,1.558,-25.99
-43,90,4.08,4.378,-23.29
-43,90,4.24,4.084,-24.94
-43,90,4.4,4.45,-25.36
-43,90,4.56,5.814,-24
-43,90,4.72,5.67600000000001,-24.31
-43,90,4.88,5.7,-24.43
-43,90,5.04,3.19,-26.86
-43,90,5.2,3.56,-27.86
-43,90,5.36,1.57,-29.23
-43,90,5.52,0.431999999999999,-29.85
-43,90,5.68,2.13,-29.24
-43,90,5.84,2.328,-29.12
-43,90,6,1.16,-30.38
-43,90,6.16,2.07,-29.97
-43,90,6.32,2.212,-31.28
-43,90,6.48,1.264,-32.82
-43,90,6.64,1.332,-33.06
-43,90,6.8,1.24,-32.26
-43,90,6.96,-0.262,-34.59
-43,90,7.12,-0.275999999999996,-34.87
-43,90,7.28,-0.712000000000003,-35.09
-43,90,7.44,-1.336,-35.67
-43,90,7.6,-0.130000000000003,-33.53
-43,90,7.76,0.192,-35.03
-43,90,7.92,-0.271999999999998,-34.9
-43,90,8.08,-0.485999999999997,-35.29
-43,90,8.24,-1.332,-36.44
-43,90,8.4,-1.91999999999999,-37.3
-43,90,8.56,-1.79199999999999,-38.07
-43,90,8.72,-2.928,-40.23
-43,90,8.88,-4.788,-41.93
-43,90,9.04,-5.67400000000001,-43.46
-43,90,9.2,-9.05,-47.91
-43,90,9.36,-10.724,-48.79
-43,90,9.52,-26.782,-65.16
-43,90,9.68,-15.28,-54.17
-43,90,9.84,-16.906,-56.02
-43,90,10,-10.04,-49.11
-43,90,10.16,-15.638,-55.28
-43,90,10.32,-11.582,-51.21
-43,90,10.48,-10.558,-50.09
-43,90,10.64,-11.688,-51.7
-43,90,10.8,-18.48,-58.75
-43,90,10.96,-12.786,-52.77
-43,90,11.12,-10.526,-50.77
-43,90,11.28,-9.156,-49.6
-43,90,11.44,-10.482,-51.23
-43,90,11.6,-12.55,-53.42
-43,90,11.76,-8.234,-49.35
-43,90,11.92,-15.894,-57.02
-43,90,12.08,-12.04,-54.23
-43,90,12.24,-12.664,-54.92
-43,90,12.4,-8.26000000000001,-50.92
-43,90,12.56,-8.46999999999999,-52.54
-43,90,12.72,-12.804,-57.36
-43,90,12.88,-8.07600000000001,-53.28
-43,90,13.04,-5.58800000000001,-52.09
-43,90,13.2,-4.95,-51.73
-43,90,13.36,-7.41399999999999,-53.63
-43,90,13.52,-7.762,-53.77
-43,90,13.68,-6.81,-53.49
-43,90,13.84,-5.918,-53.4
-43,90,14,-3.87,-51.72
-43,90,14.16,-1.976,-50.2
-43,90,14.32,-2.18600000000001,-51.14
-43,90,14.48,-3.64399999999999,-55.47
-43,90,14.64,-4.52400000000001,-53.98
-43,90,14.8,-5.72,-53.73
-43,90,14.96,-7.602,-54.73
-43,90,15.12,-9.33,-55.76
-43,90,15.28,-8.69,-55.24
-43,90,15.44,-10.866,-57.18
-43,90,15.6,-13.99,-60.62
-43,90,15.76,-8.618,-55.81
-43,90,15.92,-9.232,-56.41
-43,90,16.08,-10.142,-57.6
-43,90,16.24,-9.27400000000001,-57.4
-43,90,16.4,-9.73999999999999,-59.55
-43,90,16.56,-13.058,-61.99
-43,90,16.72,-22.278,-71.76
-43,90,16.88,-18.214,-68.68
-43,90,17.04,-16.926,-68.18
-43,90,17.2,-17.29,-69.72
-43,90,17.36,-25.236,-77.88
-43,90,17.52,-24.166,-76.7
-43,90,17.68,-24.062,-77.14
-43,90,17.84,-19.678,-72.59
-43,90,18,-16.29,-69.1
-42,90,2,0.699999999999999,-21.09
-42,90,2.16,0.251999999999999,-23.16
-42,90,2.32,0.794,-24.86
-42,90,2.48,3.146,-24.1
-42,90,2.64,3.072,-25.64
-42,90,2.8,5.27,-21.79
-42,90,2.96,6.682,-21.63
-42,90,3.12,5.064,-23.17
-42,90,3.28,4.178,-25.84
-42,90,3.44,5.158,-23.49
-42,90,3.6,4.05,-23.4
-42,90,3.76,3.056,-26.43
-42,90,3.92,1.938,-25.61
-42,90,4.08,4.378,-23.29
-42,90,4.24,4.504,-24.52
-42,90,4.4,4.78,-25.03
-42,90,4.56,6.124,-23.69
-42,90,4.72,6.046,-23.94
-42,90,4.88,5.91,-24.22
-42,90,5.04,2.95,-27.1
-42,90,5.2,3.58,-27.84
-42,90,5.36,1.99,-28.81
-42,90,5.52,1.272,-29.01
-42,90,5.68,2.76,-28.61
-42,90,5.84,3.068,-28.38
-42,90,6,1.75,-29.79
-42,90,6.16,2.34,-29.7
-42,90,6.32,2.70200000000001,-30.79
-42,90,6.48,1.884,-32.2
-42,90,6.64,1.782,-32.61
-42,90,6.8,1.77,-31.73
-42,90,6.96,0.728000000000002,-33.6
-42,90,7.12,0.524000000000001,-34.07
-42,90,7.28,0.0279999999999987,-34.35
-42,90,7.44,-0.675999999999995,-35.01
-42,90,7.6,0.369999999999997,-33.03
-42,90,7.76,0.712000000000003,-34.51
-42,90,7.92,0.148000000000003,-34.48
-42,90,8.08,0.0339999999999989,-34.77
-42,90,8.24,-0.552,-35.66
-42,90,8.4,-0.769999999999996,-36.15
-42,90,8.56,-1.48199999999999,-37.76
-42,90,8.72,-2.678,-39.98
-42,90,8.88,-2.658,-39.8
-42,90,9.04,-4.99400000000001,-42.78
-42,90,9.2,-8.46,-47.32
-42,90,9.36,-9.944,-48.01
-42,90,9.52,-19.272,-57.65
-42,90,9.68,-12.07,-50.96
-42,90,9.84,-13.616,-52.73
-42,90,10,-8.78,-47.85
-42,90,10.16,-13.338,-52.98
-42,90,10.32,-11.472,-51.1
-42,90,10.48,-11.278,-50.81
-42,90,10.64,-12.668,-52.68
-42,90,10.8,-20.89,-61.16
-42,90,10.96,-9.006,-48.99
-42,90,11.12,-10.426,-50.67
-42,90,11.28,-11.036,-51.48
-42,90,11.44,-9.132,-49.88
-42,90,11.6,-12.15,-53.02
-42,90,11.76,-8.094,-49.21
-42,90,11.92,-16.344,-57.47
-42,90,12.08,-10.3,-52.49
-42,90,12.24,-10.504,-52.76
-42,90,12.4,-10.53,-53.19
-42,90,12.56,-9.52,-53.59
-42,90,12.72,-14.004,-58.56
-42,90,12.88,-9.526,-54.73
-42,90,13.04,-5.408,-51.91
-42,90,13.2,-4.58,-51.36
-42,90,13.36,-7.42399999999999,-53.64
-42,90,13.52,-7.622,-53.63
-42,90,13.68,-5.68999999999999,-52.37
-42,90,13.84,-3.758,-51.24
-42,90,14,-3.27,-51.12
-42,90,14.16,-2.39599999999999,-50.62
-42,90,14.32,-1.29600000000001,-50.25
-42,90,14.48,-2.90399999999999,-54.73
-42,90,14.64,-3.95400000000001,-53.41
-42,90,14.8,-4.46,-52.47
-42,90,14.96,-6.552,-53.68
-42,90,15.12,-8.31,-54.74
-42,90,15.28,-8.21,-54.76
-42,90,15.44,-11.876,-58.19
-42,90,15.6,-9.98999999999999,-56.62
-42,90,15.76,-8.168,-55.36
-42,90,15.92,-8.222,-55.4
-42,90,16.08,-9.812,-57.27
-42,90,16.24,-8.42400000000001,-56.55
-42,90,16.4,-10.47,-60.28
-42,90,16.56,-9.69799999999999,-58.63
-42,90,16.72,-15.598,-65.08
-42,90,16.88,-17.974,-68.44
-42,90,17.04,-17.836,-69.09
-42,90,17.2,-11.57,-64
-42,90,17.36,-12.736,-65.38
-42,90,17.52,-13.996,-66.53
-42,90,17.68,-27.212,-80.29
-42,90,17.84,-16.778,-69.69
-42,90,18,-19.1,-71.91
-41,90,2,0.84,-20.95
-41,90,2.16,0.681999999999999,-22.73
-41,90,2.32,1.054,-24.6
-41,90,2.48,3.406,-23.84
-41,90,2.64,3.462,-25.25
-41,90,2.8,5.7,-21.36
-41,90,2.96,6.972,-21.34
-41,90,3.12,5.354,-22.88
-41,90,3.28,4.318,-25.7
-41,90,3.44,5.108,-23.54
-41,90,3.6,4.04,-23.41
-41,90,3.76,2.776,-26.71
-41,90,3.92,2.548,-25
-41,90,4.08,4.358,-23.31
-41,90,4.24,4.814,-24.21
-41,90,4.4,5.02,-24.79
-41,90,4.56,6.454,-23.36
-41,90,4.72,6.276,-23.71
-41,90,4.88,5.91,-24.22
-41,90,5.04,2.85,-27.2
-41,90,5.2,3.66,-27.76
-41,90,5.36,2.44,-28.36
-41,90,5.52,2.102,-28.18
-41,90,5.68,3.47,-27.9
-41,90,5.84,3.368,-28.08
-41,90,6,2.21,-29.33
-41,90,6.16,2.55,-29.49
-41,90,6.32,2.992,-30.5
-41,90,6.48,2.354,-31.73
-41,90,6.64,2.23200000000001,-32.16
-41,90,6.8,2.15,-31.35
-41,90,6.96,1.77800000000001,-32.55
-41,90,7.12,1.154,-33.44
-41,90,7.28,0.667999999999999,-33.71
-41,90,7.44,0.00400000000000489,-34.33
-41,90,7.6,0.869999999999997,-32.53
-41,90,7.76,1.322,-33.9
-41,90,7.92,0.808,-33.82
-41,90,8.08,0.564,-34.24
-41,90,8.24,0.407999999999994,-34.7
-41,90,8.4,-0.029999999999994,-35.41
-41,90,8.56,-1.08199999999999,-37.36
-41,90,8.72,-1.848,-39.15
-41,90,8.88,-1.908,-39.05
-41,90,9.04,-4.624,-42.41
-41,90,9.2,-7.74,-46.6
-41,90,9.36,-7.634,-45.7
-41,90,9.52,-12.782,-51.16
-41,90,9.68,-8.33,-47.22
-41,90,9.84,-10.296,-49.41
-41,90,10,-8.35,-47.42
-41,90,10.16,-11.238,-50.88
-41,90,10.32,-10.992,-50.62
-41,90,10.48,-12.368,-51.9
-41,90,10.64,-11.528,-51.54
-41,90,10.8,-15.02,-55.29
-41,90,10.96,-8.196,-48.18
-41,90,11.12,-10.176,-50.42
-41,90,11.28,-11.266,-51.71
-41,90,11.44,-7.61199999999999,-48.36
-41,90,11.6,-10.52,-51.39
-41,90,11.76,-9.204,-50.32
-41,90,11.92,-11.824,-52.95
-41,90,12.08,-9.67999999999999,-51.87
-41,90,12.24,-9.984,-52.24
-41,90,12.4,-12.35,-55.01
-41,90,12.56,-10.06,-54.13
-41,90,12.72,-10.604,-55.16
-41,90,12.88,-9.986,-55.19
-41,90,13.04,-6.05800000000001,-52.56
-41,90,13.2,-3.92,-50.7
-41,90,13.36,-7.16399999999999,-53.38
-41,90,13.52,-7.002,-53.01
-41,90,13.68,-4.59,-51.27
-41,90,13.84,-4.308,-51.79
-41,90,14,-2.43,-50.28
-41,90,14.16,-2.446,-50.67
-41,90,14.32,-1.25600000000001,-50.21
-41,90,14.48,-1.92399999999999,-53.75
-41,90,14.64,-2.68400000000001,-52.14
-41,90,14.8,-4,-52.01
-41,90,14.96,-6.772,-53.9
-41,90,15.12,-7.11,-53.54
-41,90,15.28,-7.81,-54.36
-41,90,15.44,-10.016,-56.33
-41,90,15.6,-9.29,-55.92
-41,90,15.76,-7.208,-54.4
-41,90,15.92,-7.862,-55.04
-41,90,16.08,-7.792,-55.25
-41,90,16.24,-7.50400000000001,-55.63
-41,90,16.4,-8.77,-58.58
-41,90,16.56,-10.188,-59.12
-41,90,16.72,-11.038,-60.52
-41,90,16.88,-13.214,-63.68
-41,90,17.04,-14.556,-65.81
-41,90,17.2,-11.2,-63.63
-41,90,17.36,-16.096,-68.74
-41,90,17.52,-18.856,-71.39
-41,90,17.68,-23.962,-77.04
-41,90,17.84,-14.888,-67.8
-41,90,18,-13.46,-66.27
-40,90,2,1.03,-20.76
-40,90,2.16,1.162,-22.25
-40,90,2.32,1.304,-24.35
-40,90,2.48,3.726,-23.52
-40,90,2.64,3.732,-24.98
-40,90,2.8,6.08,-20.98
-40,90,2.96,7.192,-21.12
-40,90,3.12,5.524,-22.71
-40,90,3.28,4.488,-25.53
-40,90,3.44,5.028,-23.62
-40,90,3.6,3.98,-23.47
-40,90,3.76,2.516,-26.97
-40,90,3.92,3.228,-24.32
-40,90,4.08,4.398,-23.27
-40,90,4.24,5.03400000000001,-23.99
-40,90,4.4,5.27,-24.54
-40,90,4.56,6.754,-23.06
-40,90,4.72,6.366,-23.62
-40,90,4.88,5.79,-24.34
-40,90,5.04,3.04,-27.01
-40,90,5.2,3.91,-27.51
-40,90,5.36,2.99,-27.81
-40,90,5.52,2.822,-27.46
-40,90,5.68,4.12,-27.25
-40,90,5.84,3.348,-28.1
-40,90,6,2.56,-28.98
-40,90,6.16,2.77,-29.27
-40,90,6.32,3.242,-30.25
-40,90,6.48,2.764,-31.32
-40,90,6.64,2.822,-31.57
-40,90,6.8,2.59,-30.91
-40,90,6.96,2.528,-31.8
-40,90,7.12,1.664,-32.93
-40,90,7.28,1.148,-33.23
-40,90,7.44,0.864000000000004,-33.47
-40,90,7.6,1.34,-32.06
-40,90,7.76,1.822,-33.4
-40,90,7.92,1.468,-33.16
-40,90,8.08,1.184,-33.62
-40,90,8.24,0.817999999999998,-34.29
-40,90,8.4,0.370000000000005,-35.01
-40,90,8.56,-0.551999999999992,-36.83
-40,90,8.72,-0.978000000000002,-38.28
-40,90,8.88,-1.518,-38.66
-40,90,9.04,-3.974,-41.76
-40,90,9.2,-5.37,-44.23
-40,90,9.36,-6.254,-44.32
-40,90,9.52,-8.752,-47.13
-40,90,9.68,-6.17,-45.06
-40,90,9.84,-7.476,-46.59
-40,90,10,-7.37,-46.44
-40,90,10.16,-9.718,-49.36
-40,90,10.32,-9.072,-48.7
-40,90,10.48,-12.218,-51.75
-40,90,10.64,-8.318,-48.33
-40,90,10.8,-9.15,-49.42
-40,90,10.96,-8.986,-48.97
-40,90,11.12,-10.096,-50.34
-40,90,11.28,-10.196,-50.64
-40,90,11.44,-7.092,-47.84
-40,90,11.6,-10.37,-51.24
-40,90,11.76,-8.344,-49.46
-40,90,11.92,-8.96400000000001,-50.09
-40,90,12.08,-7.81,-50
-40,90,12.24,-10.234,-52.49
-40,90,12.4,-11.92,-54.58
-40,90,12.56,-10.09,-54.16
-40,90,12.72,-10.554,-55.11
-40,90,12.88,-9.46600000000001,-54.67
-40,90,13.04,-5.95800000000001,-52.46
-40,90,13.2,-4.69,-51.47
-40,90,13.36,-9.10399999999999,-55.32
-40,90,13.52,-6.79199999999999,-52.8
-40,90,13.68,-5.48999999999999,-52.17
-40,90,13.84,-4.348,-51.83
-40,90,14,-2.37,-50.22
-40,90,14.16,-1.85599999999999,-50.08
-40,90,14.32,-1.026,-49.98
-40,90,14.48,-1.85399999999999,-53.68
-40,90,14.64,-2.16400000000001,-51.62
-40,90,14.8,-3.21,-51.22
-40,90,14.96,-5.012,-52.14
-40,90,15.12,-5.26,-51.69
-40,90,15.28,-6.43,-52.98
-40,90,15.44,-8.136,-54.45
-40,90,15.6,-8.09,-54.72
-40,90,15.76,-8.538,-55.73
-40,90,15.92,-5.782,-52.96
-40,90,16.08,-5.832,-53.29
-40,90,16.24,-6.80400000000001,-54.93
-40,90,16.4,-8.63,-58.44
-40,90,16.56,-6.72799999999999,-55.66
-40,90,16.72,-9.788,-59.27
-40,90,16.88,-10.104,-60.57
-40,90,17.04,-9.70600000000001,-60.96
-40,90,17.2,-9.9,-62.33
-40,90,17.36,-11.576,-64.22
-40,90,17.52,-13.116,-65.65
-40,90,17.68,-18.732,-71.81
-40,90,17.84,-14.278,-67.19
-40,90,18,-13.22,-66.03
-39,90,2,1.2,-20.59
-39,90,2.16,1.552,-21.86
-39,90,2.32,1.504,-24.15
-39,90,2.48,4.026,-23.22
-39,90,2.64,4.052,-24.66
-39,90,2.8,6.42,-20.64
-39,90,2.96,7.402,-20.91
-39,90,3.12,5.644,-22.59
-39,90,3.28,4.578,-25.44
-39,90,3.44,4.978,-23.67
-39,90,3.6,3.84,-23.61
-39,90,3.76,2.536,-26.95
-39,90,3.92,3.888,-23.66
-39,90,4.08,4.388,-23.28
-39,90,4.24,5.21400000000001,-23.81
-39,90,4.4,5.37,-24.44
-39,90,4.56,6.954,-22.86
-39,90,4.72,6.40600000000001,-23.58
-39,90,4.88,5.6,-24.53
-39,90,5.04,3.57,-26.48
-39,90,5.2,4.13,-27.29
-39,90,5.36,3.55,-27.25
-39,90,5.52,3.422,-26.86
-39,90,5.68,4.69,-26.68
-39,90,5.84,3.218,-28.23
-39,90,6,3.04,-28.5
-39,90,6.16,3.04,-29
-39,90,6.32,3.38200000000001,-30.11
-39,90,6.48,3.174,-30.91
-39,90,6.64,3.552,-30.84
-39,90,6.8,2.84,-30.66
-39,90,6.96,2.998,-31.33
-39,90,7.12,2.214,-32.38
-39,90,7.28,1.758,-32.62
-39,90,7.44,1.754,-32.58
-39,90,7.6,1.67,-31.73
-39,90,7.76,2.222,-33
-39,90,7.92,1.948,-32.68
-39,90,8.08,1.834,-32.97
-39,90,8.24,1.348,-33.76
-39,90,8.4,0.370000000000005,-35.01
-39,90,8.56,0.268000000000008,-36.01
-39,90,8.72,-0.0480000000000018,-37.35
-39,90,8.88,-1.59800000000001,-38.74
-39,90,9.04,-2.624,-40.41
-39,90,9.2,-3.24,-42.1
-39,90,9.36,-4.974,-43.04
-39,90,9.52,-5.662,-44.04
-39,90,9.68,-5.42,-44.31
-39,90,9.84,-5.916,-45.03
-39,90,10,-6.4,-45.47
-39,90,10.16,-8.328,-47.97
-39,90,10.32,-7.652,-47.28
-39,90,10.48,-10.478,-50.01
-39,90,10.64,-5.258,-45.27
-39,90,10.8,-6.63999999999999,-46.91
-39,90,10.96,-10.216,-50.2
-39,90,11.12,-9.006,-49.25
-39,90,11.28,-8.316,-48.76
-39,90,11.44,-7.702,-48.45
-39,90,11.6,-9.05,-49.92
-39,90,11.76,-5.744,-46.86
-39,90,11.92,-7.364,-48.49
-39,90,12.08,-8.09,-50.28
-39,90,12.24,-8.994,-51.25
-39,90,12.4,-8.31,-50.97
-39,90,12.56,-9.15999999999999,-53.23
-39,90,12.72,-10.114,-54.67
-39,90,12.88,-9.21600000000001,-54.42
-39,90,13.04,-6.228,-52.73
-39,90,13.2,-6.54,-53.32
-39,90,13.36,-9.13399999999999,-55.35
-39,90,13.52,-5.732,-51.74
-39,90,13.68,-5.29999999999999,-51.98
-39,90,13.84,-4.038,-51.52
-39,90,14,-2.31,-50.16
-39,90,14.16,-1.056,-49.28
-39,90,14.32,-0.766000000000005,-49.72
-39,90,14.48,-1.38399999999999,-53.21
-39,90,14.64,-1.34400000000001,-50.8
-39,90,14.8,-2.72,-50.73
-39,90,14.96,-4.442,-51.57
-39,90,15.12,-4,-50.43
-39,90,15.28,-6.05,-52.6
-39,90,15.44,-6.556,-52.87
-39,90,15.6,-7.76,-54.39
-39,90,15.76,-7.258,-54.45
-39,90,15.92,-5.712,-52.89
-39,90,16.08,-5.702,-53.16
-39,90,16.24,-5.89400000000001,-54.02
-39,90,16.4,-5.63,-55.44
-39,90,16.56,-6.61799999999999,-55.55
-39,90,16.72,-7.778,-57.26
-39,90,16.88,-8.14399999999999,-58.61
-39,90,17.04,-6.96600000000001,-58.22
-39,90,17.2,-8.74,-61.17
-39,90,17.36,-10.156,-62.8
-39,90,17.52,-11.506,-64.04
-39,90,17.68,-13.772,-66.85
-39,90,17.84,-14.998,-67.91
-39,90,18,-18.19,-71
-38,90,2,1.35,-20.44
-38,90,2.16,1.922,-21.49
-38,90,2.32,1.684,-23.97
-38,90,2.48,4.306,-22.94
-38,90,2.64,4.282,-24.43
-38,90,2.8,6.69,-20.37
-38,90,2.96,7.512,-20.8
-38,90,3.12,5.714,-22.52
-38,90,3.28,4.698,-25.32
-38,90,3.44,4.908,-23.74
-38,90,3.6,3.66,-23.79
-38,90,3.76,2.626,-26.86
-38,90,3.92,4.498,-23.05
-38,90,4.08,4.438,-23.23
-38,90,4.24,5.294,-23.73
-38,90,4.4,5.49,-24.32
-38,90,4.56,7.114,-22.7
-38,90,4.72,6.386,-23.6
-38,90,4.88,5.62,-24.51
-38,90,5.04,4.16,-25.89
-38,90,5.2,4.5,-26.92
-38,90,5.36,4.1,-26.7
-38,90,5.52,3.792,-26.49
-38,90,5.68,4.96,-26.41
-38,90,5.84,3.128,-28.32
-38,90,6,3.42,-28.12
-38,90,6.16,3.37,-28.67
-38,90,6.32,3.602,-29.89
-38,90,6.48,3.504,-30.58
-38,90,6.64,4.142,-30.25
-38,90,6.8,3.21,-30.29
-38,90,6.96,3.298,-31.03
-38,90,7.12,2.704,-31.89
-38,90,7.28,2.358,-32.02
-38,90,7.44,2.614,-31.72
-38,90,7.6,2.02,-31.38
-38,90,7.76,2.552,-32.67
-38,90,7.92,2.338,-32.29
-38,90,8.08,2.414,-32.39
-38,90,8.24,1.61799999999999,-33.49
-38,90,8.4,0.450000000000003,-34.93
-38,90,8.56,0.898000000000003,-35.38
-38,90,8.72,0.421999999999997,-36.88
-38,90,8.88,-0.908000000000001,-38.05
-38,90,9.04,-1.03400000000001,-38.82
-38,90,9.2,-1.64,-40.5
-38,90,9.36,-3.374,-41.44
-38,90,9.52,-3.402,-41.78
-38,90,9.68,-5.2,-44.09
-38,90,9.84,-5.156,-44.27
-38,90,10,-4.4,-43.47
-38,90,10.16,-6.818,-46.46
-38,90,10.32,-6.152,-45.78
-38,90,10.48,-7.148,-46.68
-38,90,10.64,-4.078,-44.09
-38,90,10.8,-6.05,-46.32
-38,90,10.96,-9.456,-49.44
-38,90,11.12,-6.806,-47.05
-38,90,11.28,-7.706,-48.15
-38,90,11.44,-6.40199999999999,-47.15
-38,90,11.6,-6.74,-47.61
-38,90,11.76,-4.434,-45.55
-38,90,11.92,-6.744,-47.87
-38,90,12.08,-8.19,-50.38
-38,90,12.24,-6.544,-48.8
-38,90,12.4,-6.52,-49.18
-38,90,12.56,-7.88999999999999,-51.96
-38,90,12.72,-10.524,-55.08
-38,90,12.88,-9.10600000000001,-54.31
-38,90,13.04,-6.05800000000001,-52.56
-38,90,13.2,-6.94,-53.72
-38,90,13.36,-8.26399999999999,-54.48
-38,90,13.52,-5.752,-51.76
-38,90,13.68,-5.34999999999999,-52.03
-38,90,13.84,-3.958,-51.44
-38,90,14,-1.78,-49.63
-38,90,14.16,-0.325999999999993,-48.55
-38,90,14.32,0.143999999999991,-48.81
-38,90,14.48,-0.843999999999994,-52.67
-38,90,14.64,0.0259999999999891,-49.43
-38,90,14.8,-0.980000000000004,-48.99
-38,90,14.96,-3.512,-50.64
-38,90,15.12,-3.05,-49.48
-38,90,15.28,-5.04000000000001,-51.59
-38,90,15.44,-6.546,-52.86
-38,90,15.6,-5.73999999999999,-52.37
-38,90,15.76,-5.258,-52.45
-38,90,15.92,-6.932,-54.11
-38,90,16.08,-4.972,-52.43
-38,90,16.24,-5.30400000000001,-53.43
-38,90,16.4,-5.37,-55.18
-38,90,16.56,-5.97799999999999,-54.91
-38,90,16.72,-6.958,-56.44
-38,90,16.88,-7.624,-58.09
-38,90,17.04,-6.60600000000001,-57.86
-38,90,17.2,-8,-60.43
-38,90,17.36,-7.376,-60.02
-38,90,17.52,-9.866,-62.4
-38,90,17.68,-15.002,-68.08
-38,90,17.84,-14.448,-67.36
-38,90,18,-12.18,-64.99
-37,90,2,1.52,-20.27
-37,90,2.16,2.282,-21.13
-37,90,2.32,1.884,-23.77
-37,90,2.48,4.566,-22.68
-37,90,2.64,4.542,-24.17
-37,90,2.8,6.94,-20.12
-37,90,2.96,7.672,-20.64
-37,90,3.12,5.724,-22.51
-37,90,3.28,4.718,-25.3
-37,90,3.44,4.928,-23.72
-37,90,3.6,3.56,-23.89
-37,90,3.76,2.926,-26.56
-37,90,3.92,5.008,-22.54
-37,90,4.08,4.478,-23.19
-37,90,4.24,5.30400000000001,-23.72
-37,90,4.4,5.59,-24.22
-37,90,4.56,7.244,-22.57
-37,90,4.72,6.436,-23.55
-37,90,4.88,5.73,-24.4
-37,90,5.04,4.82,-25.23
-37,90,5.2,4.92,-26.5
-37,90,5.36,4.53,-26.27
-37,90,5.52,4.052,-26.23
-37,90,5.68,5.06,-26.31
-37,90,5.84,3.128,-28.32
-37,90,6,3.84,-27.7
-37,90,6.16,3.62,-28.42
-37,90,6.32,3.86200000000001,-29.63
-37,90,6.48,3.814,-30.27
-37,90,6.64,4.722,-29.67
-37,90,6.8,3.64,-29.86
-37,90,6.96,3.638,-30.69
-37,90,7.12,3.264,-31.33
-37,90,7.28,3.078,-31.3
-37,90,7.44,3.214,-31.12
-37,90,7.6,2.46,-30.94
-37,90,7.76,2.902,-32.32
-37,90,7.92,2.698,-31.93
-37,90,8.08,2.904,-31.9
-37,90,8.24,2.11799999999999,-32.99
-37,90,8.4,0.760000000000005,-34.62
-37,90,8.56,1.44800000000001,-34.83
-37,90,8.72,0.802,-36.5
-37,90,8.88,0.241999999999997,-36.9
-37,90,9.04,0.215999999999994,-37.57
-37,90,9.2,-0.990000000000002,-39.85
-37,90,9.36,-1.794,-39.86
-37,90,9.52,-1.762,-40.14
-37,90,9.68,-5.15,-44.04
-37,90,9.84,-3.346,-42.46
-37,90,10,-2.64,-41.71
-37,90,10.16,-5.188,-44.83
-37,90,10.32,-4.622,-44.25
-37,90,10.48,-4.54799999999999,-44.08
-37,90,10.64,-3.828,-43.84
-37,90,10.8,-5.73,-46
-37,90,10.96,-7.036,-47.02
-37,90,11.12,-4.876,-45.12
-37,90,11.28,-6.596,-47.04
-37,90,11.44,-5.182,-45.93
-37,90,11.6,-5.86,-46.73
-37,90,11.76,-4.344,-45.46
-37,90,11.92,-5.434,-46.56
-37,90,12.08,-6.35999999999999,-48.55
-37,90,12.24,-4.254,-46.51
-37,90,12.4,-5.64,-48.3
-37,90,12.56,-6.83999999999999,-50.91
-37,90,12.72,-10.104,-54.66
-37,90,12.88,-10.176,-55.38
-37,90,13.04,-6.158,-52.66
-37,90,13.2,-6.31,-53.09
-37,90,13.36,-7.75399999999999,-53.97
-37,90,13.52,-7.082,-53.09
-37,90,13.68,-5.99999999999999,-52.68
-37,90,13.84,-3.648,-51.13
-37,90,14,-1.08,-48.93
-37,90,14.16,-0.0459999999999994,-48.27
-37,90,14.32,0.953999999999994,-48
-37,90,14.48,0.626000000000005,-51.2
-37,90,14.64,0.645999999999987,-48.81
-37,90,14.8,-0.380000000000003,-48.39
-37,90,14.96,-2.372,-49.5
-37,90,15.12,-2.43,-48.86
-37,90,15.28,-4.23,-50.78
-37,90,15.44,-6.056,-52.37
-37,90,15.6,-5.18,-51.81
-37,90,15.76,-5.478,-52.67
-37,90,15.92,-6.292,-53.47
-37,90,16.08,-4.492,-51.95
-37,90,16.24,-4.90400000000001,-53.03
-37,90,16.4,-5.33,-55.14
-37,90,16.56,-5.75799999999999,-54.69
-37,90,16.72,-6.578,-56.06
-37,90,16.88,-6.58399999999999,-57.05
-37,90,17.04,-4.71600000000001,-55.97
-37,90,17.2,-4.29,-56.72
-37,90,17.36,-6.076,-58.72
-37,90,17.52,-9.826,-62.36
-37,90,17.68,-9.032,-62.11
-37,90,17.84,-11.438,-64.35
-37,90,18,-14.91,-67.72
-36,90,2,1.7,-20.09
-36,90,2.16,2.612,-20.8
-36,90,2.32,2.024,-23.63
-36,90,2.48,4.846,-22.4
-36,90,2.64,4.752,-23.96
-36,90,2.8,7.11,-19.95
-36,90,2.96,7.742,-20.57
-36,90,3.12,5.634,-22.6
-36,90,3.28,4.778,-25.24
-36,90,3.44,4.948,-23.7
-36,90,3.6,3.53,-23.92
-36,90,3.76,3.326,-26.16
-36,90,3.92,5.388,-22.16
-36,90,4.08,4.538,-23.13
-36,90,4.24,5.264,-23.76
-36,90,4.4,5.73,-24.08
-36,90,4.56,7.304,-22.51
-36,90,4.72,6.556,-23.43
-36,90,4.88,6.1,-24.03
-36,90,5.04,5.39,-24.66
-36,90,5.2,5.25,-26.17
-36,90,5.36,4.99,-25.81
-36,90,5.52,4.022,-26.26
-36,90,5.68,4.96,-26.41
-36,90,5.84,3.398,-28.05
-36,90,6,4.12,-27.42
-36,90,6.16,3.88,-28.16
-36,90,6.32,4.25200000000001,-29.24
-36,90,6.48,4.134,-29.95
-36,90,6.64,5.152,-29.24
-36,90,6.8,4.08,-29.42
-36,90,6.96,3.838,-30.49
-36,90,7.12,3.694,-30.9
-36,90,7.28,3.728,-30.65
-36,90,7.44,3.654,-30.68
-36,90,7.6,2.75,-30.65
-36,90,7.76,3.342,-31.88
-36,90,7.92,3.058,-31.57
-36,90,8.08,3.184,-31.62
-36,90,8.24,2.608,-32.5
-36,90,8.4,1.35,-34.03
-36,90,8.56,1.55800000000001,-34.72
-36,90,8.72,1.712,-35.59
-36,90,8.88,1.532,-35.61
-36,90,9.04,0.635999999999996,-37.15
-36,90,9.2,-0.5,-39.36
-36,90,9.36,-0.253999999999998,-38.32
-36,90,9.52,-0.682000000000002,-39.06
-36,90,9.68,-4.49,-43.38
-36,90,9.84,-1.726,-40.84
-36,90,10,-1.29,-40.36
-36,90,10.16,-3.27800000000001,-42.92
-36,90,10.32,-4.142,-43.77
-36,90,10.48,-2.848,-42.38
-36,90,10.64,-4.038,-44.05
-36,90,10.8,-4.18,-44.45
-36,90,10.96,-5.106,-45.09
-36,90,11.12,-3.216,-43.46
-36,90,11.28,-4.936,-45.38
-36,90,11.44,-4.40199999999999,-45.15
-36,90,11.6,-4.17,-45.04
-36,90,11.76,-4.754,-45.87
-36,90,11.92,-3.634,-44.76
-36,90,12.08,-4.45999999999999,-46.65
-36,90,12.24,-3.084,-45.34
-36,90,12.4,-5.03,-47.69
-36,90,12.56,-4.41999999999999,-48.49
-36,90,12.72,-9.17399999999999,-53.73
-36,90,12.88,-7.90600000000001,-53.11
-36,90,13.04,-4.218,-50.72
-36,90,13.2,-5.35,-52.13
-36,90,13.36,-7.07399999999999,-53.29
-36,90,13.52,-6.662,-52.67
-36,90,13.68,-4.91999999999999,-51.6
-36,90,13.84,-3.328,-50.81
-36,90,14,-0.369999999999997,-48.22
-36,90,14.16,0.444000000000003,-47.78
-36,90,14.32,1.28399999999999,-47.67
-36,90,14.48,1.09600000000001,-50.73
-36,90,14.64,0.91599999999999,-48.54
-36,90,14.8,0.669999999999995,-47.34
-36,90,14.96,-1.902,-49.03
-36,90,15.12,-2.28,-48.71
-36,90,15.28,-3.22000000000001,-49.77
-36,90,15.44,-4.386,-50.7
-36,90,15.6,-4.47,-51.1
-36,90,15.76,-4.788,-51.98
-36,90,15.92,-5.152,-52.33
-36,90,16.08,-4.252,-51.71
-36,90,16.24,-3.34400000000001,-51.47
-36,90,16.4,-5.29,-55.1
-36,90,16.56,-5.65799999999999,-54.59
-36,90,16.72,-4.958,-54.44
-36,90,16.88,-4.67399999999999,-55.14
-36,90,17.04,-3.76600000000001,-55.02
-36,90,17.2,-4.56,-56.99
-36,90,17.36,-5.656,-58.3
-36,90,17.52,-8.376,-60.91
-36,90,17.68,-8.162,-61.24
-36,90,17.84,-10.988,-63.9
-36,90,18,-11.03,-63.84
-35,90,2,1.87,-19.92
-35,90,2.16,2.892,-20.52
-35,90,2.32,2.234,-23.42
-35,90,2.48,5.056,-22.19
-35,90,2.64,4.992,-23.72
-35,90,2.8,7.15,-19.91
-35,90,2.96,7.802,-20.51
-35,90,3.12,5.584,-22.65
-35,90,3.28,4.758,-25.26
-35,90,3.44,4.978,-23.67
-35,90,3.6,3.53,-23.92
-35,90,3.76,3.656,-25.83
-35,90,3.92,5.608,-21.94
-35,90,4.08,4.638,-23.03
-35,90,4.24,5.154,-23.87
-35,90,4.4,5.93,-23.88
-35,90,4.56,7.354,-22.46
-35,90,4.72,6.776,-23.21
-35,90,4.88,6.47,-23.66
-35,90,5.04,5.86,-24.19
-35,90,5.2,5.56,-25.86
-35,90,5.36,5.31,-25.49
-35,90,5.52,3.962,-26.32
-35,90,5.68,4.77,-26.6
-35,90,5.84,3.878,-27.57
-35,90,6,4.36,-27.18
-35,90,6.16,4.02,-28.02
-35,90,6.32,4.61200000000001,-28.88
-35,90,6.48,4.334,-29.75
-35,90,6.64,5.442,-28.95
-35,90,6.8,4.47,-29.03
-35,90,6.96,4.208,-30.12
-35,90,7.12,4.114,-30.48
-35,90,7.28,4.328,-30.05
-35,90,7.44,4.024,-30.31
-35,90,7.6,3.2,-30.2
-35,90,7.76,3.722,-31.5
-35,90,7.92,3.498,-31.13
-35,90,8.08,3.444,-31.36
-35,90,8.24,3.148,-31.96
-35,90,8.4,1.83000000000001,-33.55
-35,90,8.56,1.898,-34.38
-35,90,8.72,2.602,-34.7
-35,90,8.88,2.22199999999999,-34.92
-35,90,9.04,0.895999999999994,-36.89
-35,90,9.2,0.200000000000003,-38.66
-35,90,9.36,0.686,-37.38
-35,90,9.52,-0.381999999999998,-38.76
-35,90,9.68,-2.88,-41.77
-35,90,9.84,-0.565999999999995,-39.68
-35,90,10,-0.630000000000003,-39.7
-35,90,10.16,-1.748,-41.39
-35,90,10.32,-3.392,-43.02
-35,90,10.48,-1.558,-41.09
-35,90,10.64,-2.838,-42.85
-35,90,10.8,-2.56,-42.83
-35,90,10.96,-3.866,-43.85
-35,90,11.12,-1.716,-41.96
-35,90,11.28,-2.746,-43.19
-35,90,11.44,-4.682,-45.43
-35,90,11.6,-4.21,-45.08
-35,90,11.76,-3.924,-45.04
-35,90,11.92,-2.354,-43.48
-35,90,12.08,-3.70999999999999,-45.9
-35,90,12.24,-2.984,-45.24
-35,90,12.4,-3.83000000000001,-46.49
-35,90,12.56,-4.13,-48.2
-35,90,12.72,-7.07399999999999,-51.63
-35,90,12.88,-6.94600000000001,-52.15
-35,90,13.04,-3.30800000000001,-49.81
-35,90,13.2,-4.78,-51.56
-35,90,13.36,-6.98399999999999,-53.2
-35,90,13.52,-5.912,-51.92
-35,90,13.68,-3.97999999999999,-50.66
-35,90,13.84,-3.548,-51.03
-35,90,14,0.160000000000004,-47.69
-35,90,14.16,1.374,-46.85
-35,90,14.32,1.75399999999999,-47.2
-35,90,14.48,1.01600000000001,-50.81
-35,90,14.64,1.90599999999999,-47.55
-35,90,14.8,1.5,-46.51
-35,90,14.96,-0.862000000000002,-47.99
-35,90,15.12,-1.74,-48.17
-35,90,15.28,-2.6,-49.15
-35,90,15.44,-3.776,-50.09
-35,90,15.6,-4.16999999999999,-50.8
-35,90,15.76,-5.088,-52.28
-35,90,15.92,-3.962,-51.14
-35,90,16.08,-3.102,-50.56
-35,90,16.24,-4.55400000000001,-52.68
-35,90,16.4,-5.58,-55.39
-35,90,16.56,-5.04799999999999,-53.98
-35,90,16.72,-3.308,-52.79
-35,90,16.88,-3.77399999999999,-54.24
-35,90,17.04,-4.03600000000001,-55.29
-35,90,17.2,-2.89,-55.32
-35,90,17.36,-4.456,-57.1
-35,90,17.52,-7.116,-59.65
-35,90,17.68,-9.532,-62.61
-35,90,17.84,-9.008,-61.92
-35,90,18,-11.19,-64
-34,90,2,2.02,-19.77
-34,90,2.16,3.132,-20.28
-34,90,2.32,2.444,-23.21
-34,90,2.48,5.286,-21.96
-34,90,2.64,5.192,-23.52
-34,90,2.8,7.17,-19.89
-34,90,2.96,7.912,-20.4
-34,90,3.12,5.534,-22.7
-34,90,3.28,4.808,-25.21
-34,90,3.44,5.068,-23.58
-34,90,3.6,3.71,-23.74
-34,90,3.76,3.986,-25.5
-34,90,3.92,5.728,-21.82
-34,90,4.08,4.788,-22.88
-34,90,4.24,5.064,-23.96
-34,90,4.4,6.22,-23.59
-34,90,4.56,7.454,-22.36
-34,90,4.72,7.01600000000001,-22.97
-34,90,4.88,6.83,-23.3
-34,90,5.04,6.17000000000001,-23.88
-34,90,5.2,5.78,-25.64
-34,90,5.36,5.58,-25.22
-34,90,5.52,3.812,-26.47
-34,90,5.68,4.61,-26.76
-34,90,5.84,4.388,-27.06
-34,90,6,4.55,-26.99
-34,90,6.16,4.22,-27.82
-34,90,6.32,4.992,-28.5
-34,90,6.48,4.514,-29.57
-34,90,6.64,5.632,-28.76
-34,90,6.8,4.91,-28.59
-34,90,6.96,4.628,-29.7
-34,90,7.12,4.584,-30.01
-34,90,7.28,4.818,-29.56
-34,90,7.44,4.364,-29.97
-34,90,7.6,3.58,-29.82
-34,90,7.76,4.252,-30.97
-34,90,7.92,3.988,-30.64
-34,90,8.08,3.634,-31.17
-34,90,8.24,3.518,-31.59
-34,90,8.4,2.31,-33.07
-34,90,8.56,2.34800000000001,-33.93
-34,90,8.72,3.172,-34.13
-34,90,8.88,2.672,-34.47
-34,90,9.04,1.25599999999999,-36.53
-34,90,9.2,1.54,-37.32
-34,90,9.36,1.26600000000001,-36.8
-34,90,9.52,0.368000000000002,-38.01
-34,90,9.68,-1.16,-40.05
-34,90,9.84,0.334000000000003,-38.78
-34,90,10,-0.18,-39.25
-34,90,10.16,-0.608000000000004,-40.25
-34,90,10.32,-2.742,-42.37
-34,90,10.48,-0.527999999999999,-40.06
-34,90,10.64,-1.368,-41.38
-34,90,10.8,-1.41,-41.68
-34,90,10.96,-2.166,-42.15
-34,90,11.12,-0.625999999999998,-40.87
-34,90,11.28,-1.346,-41.79
-34,90,11.44,-4.602,-45.35
-34,90,11.6,-2.85,-43.72
-34,90,11.76,-2.504,-43.62
-34,90,11.92,-1.454,-42.58
-34,90,12.08,-3.01,-45.2
-34,90,12.24,-2.784,-45.04
-34,90,12.4,-2.48,-45.14
-34,90,12.56,-2.46999999999999,-46.54
-34,90,12.72,-6.68399999999999,-51.24
-34,90,12.88,-5.236,-50.44
-34,90,13.04,-2.998,-49.5
-34,90,13.2,-4.57,-51.35
-34,90,13.36,-7.54399999999999,-53.76
-34,90,13.52,-5.422,-51.43
-34,90,13.68,-3.11999999999999,-49.8
-34,90,13.84,-3.688,-51.17
-34,90,14,0.0399999999999991,-47.81
-34,90,14.16,1.774,-46.45
-34,90,14.32,1.78399999999999,-47.17
-34,90,14.48,1.71600000000001,-50.11
-34,90,14.64,2.94599999999999,-46.51
-34,90,14.8,1.55,-46.46
-34,90,14.96,-0.392000000000003,-47.52
-34,90,15.12,-0.520000000000003,-46.95
-34,90,15.28,-1.79000000000001,-48.34
-34,90,15.44,-3.196,-49.51
-34,90,15.6,-3.59999999999999,-50.23
-34,90,15.76,-3.578,-50.77
-34,90,15.92,-2.822,-50
-34,90,16.08,-2.672,-50.13
-34,90,16.24,-5.00400000000001,-53.13
-34,90,16.4,-4,-53.81
-34,90,16.56,-3.77799999999999,-52.71
-34,90,16.72,-4.418,-53.9
-34,90,16.88,-4.374,-54.84
-34,90,17.04,-2.35600000000001,-53.61
-34,90,17.2,-3.66,-56.09
-34,90,17.36,-4.836,-57.48
-34,90,17.52,-4.086,-56.62
-34,90,17.68,-8.342,-61.42
-34,90,17.84,-7.718,-60.63
-34,90,18,-9.18,-61.99
-33,90,2,2.16,-19.63
-33,90,2.16,3.342,-20.07
-33,90,2.32,2.634,-23.02
-33,90,2.48,5.426,-21.82
-33,90,2.64,5.352,-23.36
-33,90,2.8,7.09,-19.97
-33,90,2.96,7.922,-20.39
-33,90,3.12,5.484,-22.75
-33,90,3.28,4.888,-25.13
-33,90,3.44,5.198,-23.45
-33,90,3.6,3.99,-23.46
-33,90,3.76,4.186,-25.3
-33,90,3.92,5.748,-21.8
-33,90,4.08,4.928,-22.74
-33,90,4.24,4.954,-24.07
-33,90,4.4,6.56,-23.25
-33,90,4.56,7.604,-22.21
-33,90,4.72,7.306,-22.68
-33,90,4.88,7.11,-23.02
-33,90,5.04,6.41,-23.64
-33,90,5.2,5.95,-25.47
-33,90,5.36,5.75,-25.05
-33,90,5.52,3.702,-26.58
-33,90,5.68,4.62,-26.75
-33,90,5.84,4.958,-26.49
-33,90,6,4.69,-26.85
-33,90,6.16,4.42,-27.62
-33,90,6.32,5.332,-28.16
-33,90,6.48,4.784,-29.3
-33,90,6.64,5.722,-28.67
-33,90,6.8,5.27,-28.23
-33,90,6.96,4.978,-29.35
-33,90,7.12,5.024,-29.57
-33,90,7.28,5.148,-29.23
-33,90,7.44,4.704,-29.63
-33,90,7.6,4.03,-29.37
-33,90,7.76,4.722,-30.5
-33,90,7.92,4.508,-30.12
-33,90,8.08,3.964,-30.84
-33,90,8.24,3.808,-31.3
-33,90,8.4,2.78,-32.6
-33,90,8.56,3.248,-33.03
-33,90,8.72,3.442,-33.86
-33,90,8.88,2.55199999999999,-34.59
-33,90,9.04,1.666,-36.12
-33,90,9.2,2.86,-36
-33,90,9.36,1.606,-36.46
-33,90,9.52,0.978000000000002,-37.4
-33,90,9.68,0.25,-38.64
-33,90,9.84,1.164,-37.95
-33,90,10,0.329999999999998,-38.74
-33,90,10.16,-0.128000000000007,-39.77
-33,90,10.32,-1.422,-41.05
-33,90,10.48,0.962000000000003,-38.57
-33,90,10.64,-0.588000000000001,-40.6
-33,90,10.8,-0.349999999999994,-40.62
-33,90,10.96,-0.466000000000001,-40.45
-33,90,11.12,-0.545999999999999,-40.79
-33,90,11.28,-0.985999999999997,-41.43
-33,90,11.44,-3.462,-44.21
-33,90,11.6,-1.52,-42.39
-33,90,11.76,-1.534,-42.65
-33,90,11.92,-1.284,-42.41
-33,90,12.08,-2.02999999999999,-44.22
-33,90,12.24,-1.624,-43.88
-33,90,12.4,-1.1,-43.76
-33,90,12.56,-1.28999999999999,-45.36
-33,90,12.72,-5.44399999999999,-50
-33,90,12.88,-5.276,-50.48
-33,90,13.04,-2.548,-49.05
-33,90,13.2,-2.75,-49.53
-33,90,13.36,-6.22399999999999,-52.44
-33,90,13.52,-4.282,-50.29
-33,90,13.68,-2.52999999999999,-49.21
-33,90,13.84,-3.208,-50.69
-33,90,14,0.0900000000000034,-47.76
-33,90,14.16,1.844,-46.38
-33,90,14.32,2.88399999999999,-46.07
-33,90,14.48,2.01600000000001,-49.81
-33,90,14.64,3.43599999999999,-46.02
-33,90,14.8,1.54,-46.47
-33,90,14.96,0.618000000000002,-46.51
-33,90,15.12,0.450000000000003,-45.98
-33,90,15.28,-0.57,-47.12
-33,90,15.44,-1.676,-47.99
-33,90,15.6,-2.73,-49.36
-33,90,15.76,-3.278,-50.47
-33,90,15.92,-2.532,-49.71
-33,90,16.08,-2.38200000000001,-49.84
-33,90,16.24,-4.08400000000001,-52.21
-33,90,16.4,-3.8,-53.61
-33,90,16.56,-3.23799999999999,-52.17
-33,90,16.72,-3.808,-53.29
-33,90,16.88,-3.21399999999999,-53.68
-33,90,17.04,-1.47600000000001,-52.73
-33,90,17.2,-2.72,-55.15
-33,90,17.36,-4.436,-57.08
-33,90,17.52,-3.646,-56.18
-33,90,17.68,-8.422,-61.5
-33,90,17.84,-6.77799999999999,-59.69
-33,90,18,-6.71,-59.52
-32,90,2,2.33,-19.46
-32,90,2.16,3.522,-19.89
-32,90,2.32,2.854,-22.8
-32,90,2.48,5.586,-21.66
-32,90,2.64,5.512,-23.2
-32,90,2.8,6.92,-20.14
-32,90,2.96,7.992,-20.32
-32,90,3.12,5.454,-22.78
-32,90,3.28,5.058,-24.96
-32,90,3.44,5.358,-23.29
-32,90,3.6,4.34,-23.11
-32,90,3.76,4.356,-25.13
-32,90,3.92,5.658,-21.89
-32,90,4.08,5.108,-22.56
-32,90,4.24,4.854,-24.17
-32,90,4.4,6.91,-22.9
-32,90,4.56,7.834,-21.98
-32,90,4.72,7.666,-22.32
-32,90,4.88,7.35,-22.78
-32,90,5.04,6.58000000000001,-23.47
-32,90,5.2,6.02,-25.4
-32,90,5.36,5.8,-25
-32,90,5.52,3.732,-26.55
-32,90,5.68,4.71,-26.66
-32,90,5.84,5.408,-26.04
-32,90,6,4.82,-26.72
-32,90,6.16,4.61,-27.43
-32,90,6.32,5.532,-27.96
-32,90,6.48,5.044,-29.04
-32,90,6.64,5.842,-28.55
-32,90,6.8,5.55,-27.95
-32,90,6.96,5.338,-28.99
-32,90,7.12,5.534,-29.06
-32,90,7.28,5.548,-28.83
-32,90,7.44,5.114,-29.22
-32,90,7.6,4.52,-28.88
-32,90,7.76,5.152,-30.07
-32,90,7.92,5.098,-29.53
-32,90,8.08,4.424,-30.38
-32,90,8.24,3.938,-31.17
-32,90,8.4,3.24,-32.14
-32,90,8.56,4.02800000000001,-32.25
-32,90,8.72,3.472,-33.83
-32,90,8.88,2.712,-34.43
-32,90,9.04,2.46599999999999,-35.32
-32,90,9.2,4.06,-34.8
-32,90,9.36,2.076,-35.99
-32,90,9.52,1.518,-36.86
-32,90,9.68,1.04,-37.85
-32,90,9.84,1.914,-37.2
-32,90,10,0.850000000000001,-38.22
-32,90,10.16,0.281999999999996,-39.36
-32,90,10.32,0.387999999999998,-39.24
-32,90,10.48,1.752,-37.78
-32,90,10.64,-0.567999999999998,-40.58
-32,90,10.8,0.640000000000001,-39.63
-32,90,10.96,1.304,-38.68
-32,90,11.12,-0.816000000000003,-41.06
-32,90,11.28,-0.475999999999999,-40.92
-32,90,11.44,-1.94199999999999,-42.69
-32,90,11.6,-0.390000000000001,-41.26
-32,90,11.76,-1.424,-42.54
-32,90,11.92,-0.644000000000005,-41.77
-32,90,12.08,-0.939999999999998,-43.13
-32,90,12.24,-0.564,-42.82
-32,90,12.4,-0.860000000000007,-43.52
-32,90,12.56,-0.36999999999999,-44.44
-32,90,12.72,-4.30399999999999,-48.86
-32,90,12.88,-4.06600000000001,-49.27
-32,90,13.04,-1.91800000000001,-48.42
-32,90,13.2,-1.32,-48.1
-32,90,13.36,-5.23399999999999,-51.45
-32,90,13.52,-3.302,-49.31
-32,90,13.68,-2.88,-49.56
-32,90,13.84,-1.668,-49.15
-32,90,14,0.160000000000004,-47.69
-32,90,14.16,2.194,-46.03
-32,90,14.32,2.88399999999999,-46.07
-32,90,14.48,2.736,-49.09
-32,90,14.64,3.94599999999999,-45.51
-32,90,14.8,2.64,-45.37
-32,90,14.96,1.448,-45.68
-32,90,15.12,0.890000000000001,-45.54
-32,90,15.28,0.439999999999998,-46.11
-32,90,15.44,-0.116,-46.43
-32,90,15.6,-2.15,-48.78
-32,90,15.76,-2.038,-49.23
-32,90,15.92,-1.692,-48.87
-32,90,16.08,-1.232,-48.69
-32,90,16.24,-2.73400000000001,-50.86
-32,90,16.4,-3.39,-53.2
-32,90,16.56,-3.19799999999999,-52.13
-32,90,16.72,-2.518,-52
-32,90,16.88,-2.874,-53.34
-32,90,17.04,-2.40600000000001,-53.66
-32,90,17.2,-1.54,-53.97
-32,90,17.36,-3.456,-56.1
-32,90,17.52,-3.986,-56.52
-32,90,17.68,-6.512,-59.59
-32,90,17.84,-6.258,-59.17
-32,90,18,-8.25,-61.06
-31,90,2,2.49,-19.3
-31,90,2.16,3.642,-19.77
-31,90,2.32,3.094,-22.56
-31,90,2.48,5.696,-21.55
-31,90,2.64,5.652,-23.06
-31,90,2.8,6.7,-20.36
-31,90,2.96,8.052,-20.26
-31,90,3.12,5.524,-22.71
-31,90,3.28,5.238,-24.78
-31,90,3.44,5.518,-23.13
-31,90,3.6,4.7,-22.75
-31,90,3.76,4.426,-25.06
-31,90,3.92,5.558,-21.99
-31,90,4.08,5.328,-22.34
-31,90,4.24,4.844,-24.18
-31,90,4.4,7.28,-22.53
-31,90,4.56,8.094,-21.72
-31,90,4.72,7.92600000000001,-22.06
-31,90,4.88,7.56,-22.57
-31,90,5.04,6.7,-23.35
-31,90,5.2,6.14,-25.28
-31,90,5.36,5.77,-25.03
-31,90,5.52,3.922,-26.36
-31,90,5.68,5.05,-26.32
-31,90,5.84,5.618,-25.83
-31,90,6,4.96,-26.58
-31,90,6.16,4.76,-27.28
-31,90,6.32,5.622,-27.87
-31,90,6.48,5.404,-28.68
-31,90,6.64,5.972,-28.42
-31,90,6.8,5.75,-27.75
-31,90,6.96,5.548,-28.78
-31,90,7.12,5.994,-28.6
-31,90,7.28,5.908,-28.47
-31,90,7.44,5.574,-28.76
-31,90,7.6,4.94,-28.46
-31,90,7.76,5.552,-29.67
-31,90,7.92,5.458,-29.17
-31,90,8.08,4.794,-30.01
-31,90,8.24,4.098,-31.01
-31,90,8.4,3.67,-31.71
-31,90,8.56,4.52800000000001,-31.75
-31,90,8.72,3.342,-33.96
-31,90,8.88,3.342,-33.8
-31,90,9.04,3.29599999999999,-34.49
-31,90,9.2,4.82,-34.04
-31,90,9.36,2.706,-35.36
-31,90,9.52,1.548,-36.83
-31,90,9.68,2.17,-36.72
-31,90,9.84,2.60400000000001,-36.51
-31,90,10,1.6,-37.47
-31,90,10.16,0.801999999999992,-38.84
-31,90,10.32,1.458,-38.17
-31,90,10.48,2.212,-37.32
-31,90,10.64,-0.0379999999999967,-40.05
-31,90,10.8,1.31,-38.96
-31,90,10.96,2.394,-37.59
-31,90,11.12,-0.915999999999997,-41.16
-31,90,11.28,0.734000000000002,-39.71
-31,90,11.44,-0.681999999999995,-41.43
-31,90,11.6,0.169999999999995,-40.7
-31,90,11.76,-0.564,-41.68
-31,90,11.92,-0.194000000000003,-41.32
-31,90,12.08,0.320000000000007,-41.87
-31,90,12.24,0.405999999999999,-41.85
-31,90,12.4,0.189999999999998,-42.47
-31,90,12.56,-0.00999999999999091,-44.08
-31,90,12.72,-3.46399999999999,-48.02
-31,90,12.88,-3.22600000000001,-48.43
-31,90,13.04,-0.798000000000002,-47.3
-31,90,13.2,-0.18,-46.96
-31,90,13.36,-3.65399999999999,-49.87
-31,90,13.52,-3.322,-49.33
-31,90,13.68,-2.34,-49.02
-31,90,13.84,-0.968000000000004,-48.45
-31,90,14,1.11,-46.74
-31,90,14.16,2.384,-45.84
-31,90,14.32,3.66399999999999,-45.29
-31,90,14.48,2.486,-49.34
-31,90,14.64,4.46599999999999,-44.99
-31,90,14.8,3.05,-44.96
-31,90,14.96,2.038,-45.09
-31,90,15.12,1.88,-44.55
-31,90,15.28,1.48,-45.07
-31,90,15.44,0.253999999999998,-46.06
-31,90,15.6,-0.729999999999997,-47.36
-31,90,15.76,-0.148000000000003,-47.34
-31,90,15.92,-0.492000000000004,-47.67
-31,90,16.08,-0.542000000000002,-48
-31,90,16.24,-1.68400000000001,-49.81
-31,90,16.4,-3.45,-53.26
-31,90,16.56,-2.11799999999999,-51.05
-31,90,16.72,-2.548,-52.03
-31,90,16.88,-2.21399999999999,-52.68
-31,90,17.04,-1.21600000000001,-52.47
-31,90,17.2,-0.660000000000004,-53.09
-31,90,17.36,-2.206,-54.85
-31,90,17.52,-3.696,-56.23
-31,90,17.68,-4.36199999999999,-57.44
-31,90,17.84,-6.19799999999999,-59.11
-31,90,18,-6.76,-59.57
-30,90,2,2.64,-19.15
-30,90,2.16,3.722,-19.69
-30,90,2.32,3.294,-22.36
-30,90,2.48,5.796,-21.45
-30,90,2.64,5.772,-22.94
-30,90,2.8,6.45,-20.61
-30,90,2.96,8.152,-20.16
-30,90,3.12,5.644,-22.59
-30,90,3.28,5.468,-24.55
-30,90,3.44,5.708,-22.94
-30,90,3.6,5.02,-22.43
-30,90,3.76,4.416,-25.07
-30,90,3.92,5.398,-22.15
-30,90,4.08,5.568,-22.1
-30,90,4.24,4.884,-24.14
-30,90,4.4,7.64,-22.17
-30,90,4.56,8.334,-21.48
-30,90,4.72,8.046,-21.94
-30,90,4.88,7.67,-22.46
-30,90,5.04,6.75,-23.3
-30,90,5.2,6.24,-25.18
-30,90,5.36,5.71,-25.09
-30,90,5.52,4.242,-26.04
-30,90,5.68,5.4,-25.97
-30,90,5.84,5.678,-25.77
-30,90,6,5.17,-26.37
-30,90,6.16,4.98,-27.06
-30,90,6.32,5.712,-27.78
-30,90,6.48,5.744,-28.34
-30,90,6.64,6.062,-28.33
-30,90,6.8,5.94,-27.56
-30,90,6.96,5.788,-28.54
-30,90,7.12,6.474,-28.12
-30,90,7.28,6.228,-28.15
-30,90,7.44,5.964,-28.37
-30,90,7.6,5.26,-28.14
-30,90,7.76,5.732,-29.49
-30,90,7.92,5.648,-28.98
-30,90,8.08,5.144,-29.66
-30,90,8.24,4.318,-30.79
-30,90,8.4,4.06,-31.32
-30,90,8.56,4.69800000000001,-31.58
-30,90,8.72,3.552,-33.75
-30,90,8.88,4.12199999999999,-33.02
-30,90,9.04,4.07599999999999,-33.71
-30,90,9.2,5.22,-33.64
-30,90,9.36,3.166,-34.9
-30,90,9.52,1.598,-36.78
-30,90,9.68,3.17,-35.72
-30,90,9.84,3.06400000000001,-36.05
-30,90,10,1.87,-37.2
-30,90,10.16,1.352,-38.29
-30,90,10.32,1.938,-37.69
-30,90,10.48,2.352,-37.18
-30,90,10.64,0.841999999999999,-39.17
-30,90,10.8,1.87,-38.4
-30,90,10.96,2.924,-37.06
-30,90,11.12,0.414000000000001,-39.83
-30,90,11.28,1.764,-38.68
-30,90,11.44,-0.111999999999995,-40.86
-30,90,11.6,0.57,-40.3
-30,90,11.76,0.765999999999998,-40.35
-30,90,11.92,0.225999999999999,-40.9
-30,90,12.08,1.36000000000001,-40.83
-30,90,12.24,0.555999999999997,-41.7
-30,90,12.4,0.849999999999994,-41.81
-30,90,12.56,0.290000000000006,-43.78
-30,90,12.72,-2.31399999999999,-46.87
-30,90,12.88,-2.376,-47.58
-30,90,13.04,-0.488000000000007,-46.99
-30,90,13.2,0.710000000000001,-46.07
-30,90,13.36,-3.24399999999999,-49.46
-30,90,13.52,-2.532,-48.54
-30,90,13.68,-1.02,-47.7
-30,90,13.84,-1.408,-48.89
-30,90,14,1.68,-46.17
-30,90,14.16,2.504,-45.72
-30,90,14.32,3.944,-45.01
-30,90,14.48,2.92600000000001,-48.9
-30,90,14.64,5.54599999999999,-43.91
-30,90,14.8,3.25,-44.76
-30,90,14.96,3.128,-44
-30,90,15.12,2.95,-43.48
-30,90,15.28,1.34,-45.21
-30,90,15.44,1.124,-45.19
-30,90,15.6,0.609999999999999,-46.02
-30,90,15.76,-0.338000000000001,-47.53
-30,90,15.92,-0.00200000000000244,-47.18
-30,90,16.08,0.467999999999996,-46.99
-30,90,16.24,-1.14400000000001,-49.27
-30,90,16.4,-1.48999999999999,-51.3
-30,90,16.56,-0.797999999999988,-49.73
-30,90,16.72,-2.028,-51.51
-30,90,16.88,-1.61399999999999,-52.08
-30,90,17.04,-1.64600000000001,-52.9
-30,90,17.2,-0.710000000000001,-53.14
-30,90,17.36,-2.586,-55.23
-30,90,17.52,-2.556,-55.09
-30,90,17.68,-4.662,-57.74
-30,90,17.84,-5.758,-58.67
-30,90,18,-5.89,-58.7
-29,90,2,2.8,-18.99
-29,90,2.16,3.792,-19.62
-29,90,2.32,3.544,-22.11
-29,90,2.48,5.856,-21.39
-29,90,2.64,5.882,-22.83
-29,90,2.8,6.18,-20.88
-29,90,2.96,8.282,-20.03
-29,90,3.12,5.834,-22.4
-29,90,3.28,5.798,-24.22
-29,90,3.44,5.908,-22.74
-29,90,3.6,5.34,-22.11
-29,90,3.76,4.426,-25.06
-29,90,3.92,5.258,-22.29
-29,90,4.08,5.848,-21.82
-29,90,4.24,5.044,-23.98
-29,90,4.4,7.97,-21.84
-29,90,4.56,8.524,-21.29
-29,90,4.72,8.08600000000001,-21.9
-29,90,4.88,7.75,-22.38
-29,90,5.04,6.75,-23.3
-29,90,5.2,6.49,-24.93
-29,90,5.36,5.71,-25.09
-29,90,5.52,4.672,-25.61
-29,90,5.68,5.86,-25.51
-29,90,5.84,5.608,-25.84
-29,90,6,5.42,-26.12
-29,90,6.16,5.16,-26.88
-29,90,6.32,5.86200000000001,-27.63
-29,90,6.48,6.104,-27.98
-29,90,6.64,6.202,-28.19
-29,90,6.8,6.11,-27.39
-29,90,6.96,6.158,-28.17
-29,90,7.12,6.794,-27.8
-29,90,7.28,6.538,-27.84
-29,90,7.44,6.404,-27.93
-29,90,7.6,5.57,-27.83
-29,90,7.76,5.992,-29.23
-29,90,7.92,5.598,-29.03
-29,90,8.08,5.474,-29.33
-29,90,8.24,4.588,-30.52
-29,90,8.4,4.34,-31.04
-29,90,8.56,4.658,-31.62
-29,90,8.72,3.922,-33.38
-29,90,8.88,4.72199999999999,-32.42
-29,90,9.04,4.886,-32.9
-29,90,9.2,5.2,-33.66
-29,90,9.36,3.306,-34.76
-29,90,9.52,2.198,-36.18
-29,90,9.68,4.08,-34.81
-29,90,9.84,3.334,-35.78
-29,90,10,2.36,-36.71
-29,90,10.16,2.182,-37.46
-29,90,10.32,2.398,-37.23
-29,90,10.48,2.41200000000001,-37.12
-29,90,10.64,2.232,-37.78
-29,90,10.8,2.26000000000001,-38.01
-29,90,10.96,3.564,-36.42
-29,90,11.12,1.534,-38.71
-29,90,11.28,2.224,-38.22
-29,90,11.44,0.958000000000006,-39.79
-29,90,11.6,1.27,-39.6
-29,90,11.76,1.886,-39.23
-29,90,11.92,0.675999999999995,-40.45
-29,90,12.08,1.77,-40.42
-29,90,12.24,1.096,-41.16
-29,90,12.4,1.51,-41.15
-29,90,12.56,1.13000000000001,-42.94
-29,90,12.72,-2.16399999999999,-46.72
-29,90,12.88,-1.376,-46.58
-29,90,13.04,-0.218000000000004,-46.72
-29,90,13.2,0.910000000000004,-45.87
-29,90,13.36,-2.02399999999999,-48.24
-29,90,13.52,-1.61199999999999,-47.62
-29,90,13.68,-0.629999999999995,-47.31
-29,90,13.84,-1.158,-48.64
-29,90,14,2.09,-45.76
-29,90,14.16,2.74400000000001,-45.48
-29,90,14.32,4.46399999999999,-44.49
-29,90,14.48,3.45600000000001,-48.37
-29,90,14.64,5.54599999999999,-43.91
-29,90,14.8,4.03,-43.98
-29,90,14.96,3.518,-43.61
-29,90,15.12,3.24,-43.19
-29,90,15.28,1.95999999999999,-44.59
-29,90,15.44,2.284,-44.03
-29,90,15.6,1.08000000000001,-45.55
-29,90,15.76,0.521999999999998,-46.67
-29,90,15.92,0.637999999999998,-46.54
-29,90,16.08,1.068,-46.39
-29,90,16.24,0.585999999999991,-47.54
-29,90,16.4,-1.16,-50.97
-29,90,16.56,-0.0679999999999907,-49
-29,90,16.72,-2.058,-51.54
-29,90,16.88,-0.18399999999999,-50.65
-29,90,17.04,0.623999999999988,-50.63
-29,90,17.2,-1.04,-53.47
-29,90,17.36,-1.796,-54.44
-29,90,17.52,-1.986,-54.52
-29,90,17.68,-3.982,-57.06
-29,90,17.84,-6.29799999999999,-59.21
-29,90,18,-5.39,-58.2
-28,90,2,2.94,-18.85
-28,90,2.16,3.832,-19.58
-28,90,2.32,3.734,-21.92
-28,90,2.48,5.886,-21.36
-28,90,2.64,5.922,-22.79
-28,90,2.8,5.94,-21.12
-28,90,2.96,8.452,-19.86
-28,90,3.12,6.064,-22.17
-28,90,3.28,6.128,-23.89
-28,90,3.44,6.118,-22.53
-28,90,3.6,5.6,-21.85
-28,90,3.76,4.446,-25.04
-28,90,3.92,5.198,-22.35
-28,90,4.08,6.048,-21.62
-28,90,4.24,5.294,-23.73
-28,90,4.4,8.2,-21.61
-28,90,4.56,8.654,-21.16
-28,90,4.72,8.006,-21.98
-28,90,4.88,7.76,-22.37
-28,90,5.04,6.84,-23.21
-28,90,5.2,6.78,-24.64
-28,90,5.36,5.79,-25.01
-28,90,5.52,5.052,-25.23
-28,90,5.68,6.23,-25.14
-28,90,5.84,5.618,-25.83
-28,90,6,5.65,-25.89
-28,90,6.16,5.36,-26.68
-28,90,6.32,6.09200000000001,-27.4
-28,90,6.48,6.284,-27.8
-28,90,6.64,6.242,-28.15
-28,90,6.8,6.34,-27.16
-28,90,6.96,6.588,-27.74
-28,90,7.12,6.944,-27.65
-28,90,7.28,6.708,-27.67
-28,90,7.44,6.724,-27.61
-28,90,7.6,5.81,-27.59
-28,90,7.76,6.272,-28.95
-28,90,7.92,5.798,-28.83
-28,90,8.08,5.664,-29.14
-28,90,8.24,4.998,-30.11
-28,90,8.4,4.65,-30.73
-28,90,8.56,4.858,-31.42
-28,90,8.72,4.462,-32.84
-28,90,8.88,5.152,-31.99
-28,90,9.04,5.51599999999999,-32.27
-28,90,9.2,5.19,-33.67
-28,90,9.36,3.396,-34.67
-28,90,9.52,3.358,-35.02
-28,90,9.68,4.55,-34.34
-28,90,9.84,3.334,-35.78
-28,90,10,2.89,-36.18
-28,90,10.16,2.702,-36.94
-28,90,10.32,3.028,-36.6
-28,90,10.48,2.88200000000001,-36.65
-28,90,10.64,3.262,-36.75
-28,90,10.8,2.56,-37.71
-28,90,10.96,4.034,-35.95
-28,90,11.12,2.484,-37.76
-28,90,11.28,2.544,-37.9
-28,90,11.44,2.51800000000001,-38.23
-28,90,11.6,1.48999999999999,-39.38
-28,90,11.76,2.366,-38.75
-28,90,11.92,1.206,-39.92
-28,90,12.08,2.32000000000001,-39.87
-28,90,12.24,1.826,-40.43
-28,90,12.4,1.95999999999999,-40.7
-28,90,12.56,1.64000000000001,-42.43
-28,90,12.72,-1.86399999999999,-46.42
-28,90,12.88,-0.936000000000007,-46.14
-28,90,13.04,0.991999999999997,-45.51
-28,90,13.2,1.2,-45.58
-28,90,13.36,-1.04399999999999,-47.26
-28,90,13.52,-0.832000000000001,-46.84
-28,90,13.68,0.310000000000009,-46.37
-28,90,13.84,-0.0380000000000038,-47.52
-28,90,14,2.78,-45.07
-28,90,14.16,3.024,-45.2
-28,90,14.32,5.00399999999999,-43.95
-28,90,14.48,3.81600000000001,-48.01
-28,90,14.64,5.61599999999999,-43.84
-28,90,14.8,4.97,-43.04
-28,90,14.96,3.628,-43.5
-28,90,15.12,3.79,-42.64
-28,90,15.28,2.98999999999999,-43.56
-28,90,15.44,2.674,-43.64
-28,90,15.6,1.43,-45.2
-28,90,15.76,1.512,-45.68
-28,90,15.92,2.148,-45.03
-28,90,16.08,2.008,-45.45
-28,90,16.24,1.43599999999999,-46.69
-28,90,16.4,-1,-50.81
-28,90,16.56,-0.367999999999988,-49.3
-28,90,16.72,-0.0679999999999978,-49.55
-28,90,16.88,0.126000000000005,-50.34
-28,90,17.04,0.853999999999992,-50.4
-28,90,17.2,-0.75,-53.18
-28,90,17.36,-1.666,-54.31
-28,90,17.52,-0.996000000000002,-53.53
-28,90,17.68,-3.08199999999999,-56.16
-28,90,17.84,-6.188,-59.1
-28,90,18,-3.23,-56.04
-27,90,2,3.08,-18.71
-27,90,2.16,3.852,-19.56
-27,90,2.32,3.914,-21.74
-27,90,2.48,5.936,-21.31
-27,90,2.64,5.972,-22.74
-27,90,2.8,5.74,-21.32
-27,90,2.96,8.692,-19.62
-27,90,3.12,6.334,-21.9
-27,90,3.28,6.558,-23.46
-27,90,3.44,6.278,-22.37
-27,90,3.6,5.77,-21.68
-27,90,3.76,4.576,-24.91
-27,90,3.92,5.168,-22.38
-27,90,4.08,6.278,-21.39
-27,90,4.24,5.62400000000001,-23.4
-27,90,4.4,8.37,-21.44
-27,90,4.56,8.734,-21.08
-27,90,4.72,7.896,-22.09
-27,90,4.88,7.81,-22.32
-27,90,5.04,6.92000000000001,-23.13
-27,90,5.2,7.12,-24.3
-27,90,5.36,5.89,-24.91
-27,90,5.52,5.352,-24.93
-27,90,5.68,6.59,-24.78
-27,90,5.84,5.798,-25.65
-27,90,6,5.74,-25.8
-27,90,6.16,5.49,-26.55
-27,90,6.32,6.392,-27.1
-27,90,6.48,6.324,-27.76
-27,90,6.64,6.342,-28.05
-27,90,6.8,6.67,-26.83
-27,90,6.96,7.048,-27.28
-27,90,7.12,7.164,-27.43
-27,90,7.28,6.738,-27.64
-27,90,7.44,6.984,-27.35
-27,90,7.6,5.98,-27.42
-27,90,7.76,6.522,-28.7
-27,90,7.92,5.998,-28.63
-27,90,8.08,5.724,-29.08
-27,90,8.24,5.298,-29.81
-27,90,8.4,4.96,-30.42
-27,90,8.56,5.248,-31.03
-27,90,8.72,4.962,-32.34
-27,90,8.88,5.752,-31.39
-27,90,9.04,5.96599999999999,-31.82
-27,90,9.2,5.26,-33.6
-27,90,9.36,3.65600000000001,-34.41
-27,90,9.52,4.358,-34.02
-27,90,9.68,4.71,-34.18
-27,90,9.84,3.654,-35.46
-27,90,10,3.25,-35.82
-27,90,10.16,3.30199999999999,-36.34
-27,90,10.32,3.528,-36.1
-27,90,10.48,3.292,-36.24
-27,90,10.64,3.752,-36.26
-27,90,10.8,3.5,-36.77
-27,90,10.96,4.394,-35.59
-27,90,11.12,3.134,-37.11
-27,90,11.28,3.28400000000001,-37.16
-27,90,11.44,3.718,-37.03
-27,90,11.6,1.9,-38.97
-27,90,11.76,3.026,-38.09
-27,90,11.92,2.126,-39
-27,90,12.08,2.75000000000001,-39.44
-27,90,12.24,3.076,-39.18
-27,90,12.4,2.11,-40.55
-27,90,12.56,2.13000000000001,-41.94
-27,90,12.72,-0.733999999999988,-45.29
-27,90,12.88,-0.0660000000000096,-45.27
-27,90,13.04,1.80199999999999,-44.7
-27,90,13.2,2.04,-44.74
-27,90,13.36,-0.0239999999999938,-46.24
-27,90,13.52,-0.361999999999995,-46.37
-27,90,13.68,0.470000000000006,-46.21
-27,90,13.84,0.682000000000002,-46.8
-27,90,14,2.95,-44.9
-27,90,14.16,3.49400000000001,-44.73
-27,90,14.32,4.584,-44.37
-27,90,14.48,4.59600000000001,-47.23
-27,90,14.64,6.00599999999999,-43.45
-27,90,14.8,5.86,-42.15
-27,90,14.96,4.548,-42.58
-27,90,15.12,4.37,-42.06
-27,90,15.28,3.48999999999999,-43.06
-27,90,15.44,3.364,-42.95
-27,90,15.6,2.19,-44.44
-27,90,15.76,2.082,-45.11
-27,90,15.92,3.188,-43.99
-27,90,16.08,2.558,-44.9
-27,90,16.24,1.86599999999999,-46.26
-27,90,16.4,0.300000000000004,-49.51
-27,90,16.56,0.672000000000011,-48.26
-27,90,16.72,1.042,-48.44
-27,90,16.88,1.16600000000001,-49.3
-27,90,17.04,1.08399999999999,-50.17
-27,90,17.2,0.719999999999999,-51.71
-27,90,17.36,0.0139999999999958,-52.63
-27,90,17.52,-0.195999999999998,-52.73
-27,90,17.68,-3.40199999999999,-56.48
-27,90,17.84,-4.49799999999999,-57.41
-27,90,18,-3,-55.81
-26,90,2,3.22,-18.57
-26,90,2.16,3.862,-19.55
-26,90,2.32,4.084,-21.57
-26,90,2.48,5.936,-21.31
-26,90,2.64,5.972,-22.74
-26,90,2.8,5.64,-21.42
-26,90,2.96,8.932,-19.38
-26,90,3.12,6.604,-21.63
-26,90,3.28,6.948,-23.07
-26,90,3.44,6.478,-22.17
-26,90,3.6,5.85,-21.6
-26,90,3.76,4.806,-24.68
-26,90,3.92,5.228,-22.32
-26,90,4.08,6.468,-21.2
-26,90,4.24,5.96400000000001,-23.06
-26,90,4.4,8.47,-21.34
-26,90,4.56,8.734,-21.08
-26,90,4.72,7.866,-22.12
-26,90,4.88,7.9,-22.23
-26,90,5.04,7.1,-22.95
-26,90,5.2,7.39,-24.03
-26,90,5.36,6.04,-24.76
-26,90,5.52,5.642,-24.64
-26,90,5.68,6.73,-24.64
-26,90,5.84,6.058,-25.39
-26,90,6,5.72,-25.82
-26,90,6.16,5.63,-26.41
-26,90,6.32,6.722,-26.77
-26,90,6.48,6.244,-27.84
-26,90,6.64,6.462,-27.93
-26,90,6.8,6.89,-26.61
-26,90,6.96,7.388,-26.94
-26,90,7.12,7.334,-27.26
-26,90,7.28,6.818,-27.56
-26,90,7.44,7.194,-27.14
-26,90,7.6,6.02,-27.38
-26,90,7.76,6.772,-28.45
-26,90,7.92,6.168,-28.46
-26,90,8.08,5.834,-28.97
-26,90,8.24,5.548,-29.56
-26,90,8.4,5.29,-30.09
-26,90,8.56,5.608,-30.67
-26,90,8.72,5.432,-31.87
-26,90,8.88,6.20199999999999,-30.94
-26,90,9.04,6.136,-31.65
-26,90,9.2,5.36,-33.5
-26,90,9.36,4.316,-33.75
-26,90,9.52,5.028,-33.35
-26,90,9.68,4.64,-34.25
-26,90,9.84,4.10400000000001,-35.01
-26,90,10,3.96,-35.11
-26,90,10.16,3.602,-36.04
-26,90,10.32,3.938,-35.69
-26,90,10.48,3.932,-35.6
-26,90,10.64,3.772,-36.24
-26,90,10.8,4.48,-35.79
-26,90,10.96,4.504,-35.48
-26,90,11.12,3.684,-36.56
-26,90,11.28,3.71400000000001,-36.73
-26,90,11.44,4.20800000000001,-36.54
-26,90,11.6,2.31,-38.56
-26,90,11.76,3.476,-37.64
-26,90,11.92,2.966,-38.16
-26,90,12.08,3.47000000000001,-38.72
-26,90,12.24,3.506,-38.75
-26,90,12.4,2.4,-40.26
-26,90,12.56,2.29000000000001,-41.78
-26,90,12.72,-0.193999999999988,-44.75
-26,90,12.88,0.133999999999993,-45.07
-26,90,13.04,2.002,-44.5
-26,90,13.2,2.86,-43.92
-26,90,13.36,0.396000000000008,-45.82
-26,90,13.52,0.338000000000001,-45.67
-26,90,13.68,1.25000000000001,-45.43
-26,90,13.84,1.482,-46
-26,90,14,3.62,-44.23
-26,90,14.16,3.804,-44.42
-26,90,14.32,4.904,-44.05
-26,90,14.48,4.65600000000001,-47.17
-26,90,14.64,6.69599999999999,-42.76
-26,90,14.8,6.01,-42
-26,90,14.96,5.308,-41.82
-26,90,15.12,4.92,-41.51
-26,90,15.28,4.15,-42.4
-26,90,15.44,3.914,-42.4
-26,90,15.6,3.11,-43.52
-26,90,15.76,2.502,-44.69
-26,90,15.92,3.498,-43.68
-26,90,16.08,3.078,-44.38
-26,90,16.24,2.50599999999999,-45.62
-26,90,16.4,1.92,-47.89
-26,90,16.56,2.06200000000001,-46.87
-26,90,16.72,1.482,-48
-26,90,16.88,1.88600000000001,-48.58
-26,90,17.04,2.41399999999999,-48.84
-26,90,17.2,1.49,-50.94
-26,90,17.36,0.564,-52.08
-26,90,17.52,0.304000000000002,-52.23
-26,90,17.68,-2.142,-55.22
-26,90,17.84,-3.08799999999999,-56
-26,90,18,-1.2,-54.01
-25,90,2,3.36,-18.43
-25,90,2.16,3.872,-19.54
-25,90,2.32,4.234,-21.42
-25,90,2.48,5.966,-21.28
-25,90,2.64,5.932,-22.78
-25,90,2.8,5.65,-21.41
-25,90,2.96,9.212,-19.1
-25,90,3.12,6.874,-21.36
-25,90,3.28,7.338,-22.68
-25,90,3.44,6.628,-22.02
-25,90,3.6,5.83,-21.62
-25,90,3.76,5.106,-24.38
-25,90,3.92,5.338,-22.21
-25,90,4.08,6.608,-21.06
-25,90,4.24,6.254,-22.77
-25,90,4.4,8.44,-21.37
-25,90,4.56,8.684,-21.13
-25,90,4.72,7.90600000000001,-22.08
-25,90,4.88,8.05,-22.08
-25,90,5.04,7.31000000000001,-22.74
-25,90,5.2,7.66,-23.76
-25,90,5.36,6.12,-24.68
-25,90,5.52,5.872,-24.41
-25,90,5.68,6.8,-24.57
-25,90,5.84,6.408,-25.04
-25,90,6,5.63,-25.91
-25,90,6.16,5.87,-26.17
-25,90,6.32,7.032,-26.46
-25,90,6.48,6.114,-27.97
-25,90,6.64,6.602,-27.79
-25,90,6.8,7.15,-26.35
-25,90,6.96,7.688,-26.64
-25,90,7.12,7.394,-27.2
-25,90,7.28,6.788,-27.59
-25,90,7.44,7.374,-26.96
-25,90,7.6,6.22,-27.18
-25,90,7.76,7.052,-28.17
-25,90,7.92,6.468,-28.16
-25,90,8.08,6.024,-28.78
-25,90,8.24,5.868,-29.24
-25,90,8.4,5.7,-29.68
-25,90,8.56,5.95800000000001,-30.32
-25,90,8.72,5.922,-31.38
-25,90,8.88,6.652,-30.49
-25,90,9.04,5.93599999999999,-31.85
-25,90,9.2,5.53,-33.33
-25,90,9.36,5.226,-32.84
-25,90,9.52,5.498,-32.88
-25,90,9.68,4.65,-34.24
-25,90,9.84,4.60400000000001,-34.51
-25,90,10,4.68,-34.39
-25,90,10.16,3.992,-35.65
-25,90,10.32,4.248,-35.38
-25,90,10.48,4.45200000000001,-35.08
-25,90,10.64,3.832,-36.18
-25,90,10.8,5.15000000000001,-35.12
-25,90,10.96,4.844,-35.14
-25,90,11.12,4.504,-35.74
-25,90,11.28,4.174,-36.27
-25,90,11.44,4.44800000000001,-36.3
-25,90,11.6,3.13,-37.74
-25,90,11.76,4.156,-36.96
-25,90,11.92,3.516,-37.61
-25,90,12.08,3.95,-38.24
-25,90,12.24,3.676,-38.58
-25,90,12.4,2.84,-39.82
-25,90,12.56,3.06000000000001,-41.01
-25,90,12.72,0.0560000000000116,-44.5
-25,90,12.88,0.353999999999992,-44.85
-25,90,13.04,2.212,-44.29
-25,90,13.2,3.84,-42.94
-25,90,13.36,1.00600000000001,-45.21
-25,90,13.52,0.568000000000005,-45.44
-25,90,13.68,1.71000000000001,-44.97
-25,90,13.84,2.362,-45.12
-25,90,14,3.94,-43.91
-25,90,14.16,3.934,-44.29
-25,90,14.32,5.624,-43.33
-25,90,14.48,4.99600000000001,-46.83
-25,90,14.64,7.49599999999999,-41.96
-25,90,14.8,6.11,-41.9
-25,90,14.96,5.638,-41.49
-25,90,15.12,5.23,-41.2
-25,90,15.28,4.72,-41.83
-25,90,15.44,4.354,-41.96
-25,90,15.6,3.55,-43.08
-25,90,15.76,3.352,-43.84
-25,90,15.92,4.258,-42.92
-25,90,16.08,3.728,-43.73
-25,90,16.24,3.49599999999999,-44.63
-25,90,16.4,2.57,-47.24
-25,90,16.56,3.24200000000001,-45.69
-25,90,16.72,2.152,-47.33
-25,90,16.88,2.126,-48.34
-25,90,17.04,3.17399999999999,-48.08
-25,90,17.2,2.18,-50.25
-25,90,17.36,1.014,-51.63
-25,90,17.52,2.214,-50.32
-25,90,17.68,-0.251999999999995,-53.33
-25,90,17.84,-3.108,-56.02
-25,90,18,-2.01,-54.82
-24,90,2,3.44,-18.35
-24,90,2.16,3.862,-19.55
-24,90,2.32,4.344,-21.31
-24,90,2.48,5.976,-21.27
-24,90,2.64,5.892,-22.82
-24,90,2.8,5.78,-21.28
-24,90,2.96,9.482,-18.83
-24,90,3.12,7.094,-21.14
-24,90,3.28,7.718,-22.3
-24,90,3.44,6.748,-21.9
-24,90,3.6,5.75,-21.7
-24,90,3.76,5.496,-23.99
-24,90,3.92,5.508,-22.04
-24,90,4.08,6.758,-20.91
-24,90,4.24,6.544,-22.48
-24,90,4.4,8.39,-21.42
-24,90,4.56,8.654,-21.16
-24,90,4.72,7.986,-22
-24,90,4.88,8.23,-21.9
-24,90,5.04,7.49000000000001,-22.56
-24,90,5.2,7.9,-23.52
-24,90,5.36,6.28,-24.52
-24,90,5.52,6.122,-24.16
-24,90,5.68,6.8,-24.57
-24,90,5.84,6.758,-24.69
-24,90,6,5.47,-26.07
-24,90,6.16,6.12,-25.92
-24,90,6.32,7.20200000000001,-26.29
-24,90,6.48,6.024,-28.06
-24,90,6.64,6.832,-27.56
-24,90,6.8,7.34,-26.16
-24,90,6.96,7.748,-26.58
-24,90,7.12,7.384,-27.21
-24,90,7.28,6.878,-27.5
-24,90,7.44,7.584,-26.75
-24,90,7.6,6.41,-26.99
-24,90,7.76,7.252,-27.97
-24,90,7.92,6.708,-27.92
-24,90,8.08,6.074,-28.73
-24,90,8.24,6.288,-28.82
-24,90,8.4,6.04,-29.34
-24,90,8.56,6.11800000000001,-30.16
-24,90,8.72,6.452,-30.85
-24,90,8.88,6.932,-30.21
-24,90,9.04,6.00599999999999,-31.78
-24,90,9.2,5.8,-33.06
-24,90,9.36,5.956,-32.11
-24,90,9.52,5.648,-32.73
-24,90,9.68,4.62,-34.27
-24,90,9.84,4.874,-34.24
-24,90,10,5.11,-33.96
-24,90,10.16,4.352,-35.29
-24,90,10.32,4.398,-35.23
-24,90,10.48,4.80200000000001,-34.73
-24,90,10.64,4.322,-35.69
-24,90,10.8,5.45,-34.82
-24,90,10.96,5.164,-34.82
-24,90,11.12,5.044,-35.2
-24,90,11.28,4.604,-35.84
-24,90,11.44,4.70800000000001,-36.04
-24,90,11.6,4.12,-36.75
-24,90,11.76,4.436,-36.68
-24,90,11.92,4.316,-36.81
-24,90,12.08,4.15000000000001,-38.04
-24,90,12.24,3.746,-38.51
-24,90,12.4,3.27,-39.39
-24,90,12.56,3.79000000000001,-40.28
-24,90,12.72,0.176000000000009,-44.38
-24,90,12.88,0.693999999999996,-44.51
-24,90,13.04,2.992,-43.51
-24,90,13.2,4.1,-42.68
-24,90,13.36,1.76600000000001,-44.45
-24,90,13.52,1.158,-44.85
-24,90,13.68,2.09,-44.59
-24,90,13.84,3.172,-44.31
-24,90,14,4.44,-43.41
-24,90,14.16,4.254,-43.97
-24,90,14.32,6.044,-42.91
-24,90,14.48,5.38600000000001,-46.44
-24,90,14.64,8.15599999999999,-41.3
-24,90,14.8,6.79,-41.22
-24,90,14.96,6.298,-40.83
-24,90,15.12,5.89,-40.54
-24,90,15.28,5.41,-41.14
-24,90,15.44,5.124,-41.19
-24,90,15.6,3.87,-42.76
-24,90,15.76,4.322,-42.87
-24,90,15.92,4.818,-42.36
-24,90,16.08,4.648,-42.81
-24,90,16.24,3.93599999999999,-44.19
-24,90,16.4,3.49,-46.32
-24,90,16.56,3.92200000000001,-45.01
-24,90,16.72,2.572,-46.91
-24,90,16.88,3.86600000000001,-46.6
-24,90,17.04,3.96399999999999,-47.29
-24,90,17.2,2.68,-49.75
-24,90,17.36,1.674,-50.97
-24,90,17.52,1.884,-50.65
-24,90,17.68,-0.451999999999998,-53.53
-24,90,17.84,-2.328,-55.24
-24,90,18,-0.869999999999997,-53.68
-23,90,2,3.5,-18.29
-23,90,2.16,3.842,-19.57
-23,90,2.32,4.434,-21.22
-23,90,2.48,6.016,-21.23
-23,90,2.64,5.822,-22.89
-23,90,2.8,6.08,-20.98
-23,90,2.96,9.742,-18.57
-23,90,3.12,7.314,-20.92
-23,90,3.28,8.028,-21.99
-23,90,3.44,6.848,-21.8
-23,90,3.6,5.58,-21.87
-23,90,3.76,5.956,-23.53
-23,90,3.92,5.728,-21.82
-23,90,4.08,6.878,-20.79
-23,90,4.24,6.704,-22.32
-23,90,4.4,8.37,-21.44
-23,90,4.56,8.634,-21.18
-23,90,4.72,8.146,-21.84
-23,90,4.88,8.45,-21.68
-23,90,5.04,7.73,-22.32
-23,90,5.2,8.07,-23.35
-23,90,5.36,6.4,-24.4
-23,90,5.52,6.342,-23.94
-23,90,5.68,6.85,-24.52
-23,90,5.84,6.998,-24.45
-23,90,6,5.42,-26.12
-23,90,6.16,6.34,-25.7
-23,90,6.32,7.242,-26.25
-23,90,6.48,6.034,-28.05
-23,90,6.64,6.982,-27.41
-23,90,6.8,7.59,-25.91
-23,90,6.96,7.748,-26.58
-23,90,7.12,7.344,-27.25
-23,90,7.28,7.058,-27.32
-23,90,7.44,7.674,-26.66
-23,90,7.6,6.63,-26.77
-23,90,7.76,7.462,-27.76
-23,90,7.92,6.888,-27.74
-23,90,8.08,6.334,-28.47
-23,90,8.24,6.608,-28.5
-23,90,8.4,6.05,-29.33
-23,90,8.56,6.27800000000001,-30
-23,90,8.72,7.112,-30.19
-23,90,8.88,7.11199999999999,-30.03
-23,90,9.04,6.08599999999999,-31.7
-23,90,9.2,6.28,-32.58
-23,90,9.36,6.426,-31.64
-23,90,9.52,5.478,-32.9
-23,90,9.68,4.86,-34.03
-23,90,9.84,4.984,-34.13
-23,90,10,5.41,-33.66
-23,90,10.16,4.712,-34.93
-23,90,10.32,5.058,-34.57
-23,90,10.48,4.892,-34.64
-23,90,10.64,4.942,-35.07
-23,90,10.8,5.54000000000001,-34.73
-23,90,10.96,5.604,-34.38
-23,90,11.12,5.234,-35.01
-23,90,11.28,5.384,-35.06
-23,90,11.44,4.898,-35.85
-23,90,11.6,4.73999999999999,-36.13
-23,90,11.76,4.486,-36.63
-23,90,11.92,4.85599999999999,-36.27
-23,90,12.08,4.49,-37.7
-23,90,12.24,4.196,-38.06
-23,90,12.4,3.73,-38.93
-23,90,12.56,3.95000000000001,-40.12
-23,90,12.72,0.31600000000001,-44.24
-23,90,12.88,1.334,-43.87
-23,90,13.04,3.72199999999999,-42.78
-23,90,13.2,4.7,-42.08
-23,90,13.36,1.63600000000001,-44.58
-23,90,13.52,1.738,-44.27
-23,90,13.68,2.95000000000001,-43.73
-23,90,13.84,3.912,-43.57
-23,90,14,4.82,-43.03
-23,90,14.16,5.044,-43.18
-23,90,14.32,6.24399999999999,-42.71
-23,90,14.48,6.00600000000001,-45.82
-23,90,14.64,8.31599999999999,-41.14
-23,90,14.8,7.26,-40.75
-23,90,14.96,6.868,-40.26
-23,90,15.12,6.58,-39.85
-23,90,15.28,5.8,-40.75
-23,90,15.44,5.504,-40.81
-23,90,15.6,4.46,-42.17
-23,90,15.76,5.132,-42.06
-23,90,15.92,5.418,-41.76
-23,90,16.08,5.038,-42.42
-23,90,16.24,4.39599999999999,-43.73
-23,90,16.4,4.57,-45.24
-23,90,16.56,4.37200000000001,-44.56
-23,90,16.72,3.462,-46.02
-23,90,16.88,4.57600000000001,-45.89
-23,90,17.04,4.71399999999999,-46.54
-23,90,17.2,2.81,-49.62
-23,90,17.36,2.384,-50.26
-23,90,17.52,3.654,-48.88
-23,90,17.68,-0.281999999999996,-53.36
-23,90,17.84,-1.24799999999999,-54.16
-23,90,18,-0.640000000000001,-53.45
-22,90,2,3.57,-18.22
-22,90,2.16,3.852,-19.56
-22,90,2.32,4.504,-21.15
-22,90,2.48,6.026,-21.22
-22,90,2.64,5.812,-22.9
-22,90,2.8,6.45,-20.61
-22,90,2.96,9.972,-18.34
-22,90,3.12,7.494,-20.74
-22,90,3.28,8.288,-21.73
-22,90,3.44,6.968,-21.68
-22,90,3.6,5.44,-22.01
-22,90,3.76,6.386,-23.1
-22,90,3.92,6.008,-21.54
-22,90,4.08,6.998,-20.67
-22,90,4.24,6.794,-22.23
-22,90,4.4,8.34,-21.47
-22,90,4.56,8.684,-21.13
-22,90,4.72,8.296,-21.69
-22,90,4.88,8.62,-21.51
-22,90,5.04,7.90000000000001,-22.15
-22,90,5.2,8.23,-23.19
-22,90,5.36,6.62,-24.18
-22,90,5.52,6.542,-23.74
-22,90,5.68,6.93,-24.44
-22,90,5.84,7.158,-24.29
-22,90,6,5.4,-26.14
-22,90,6.16,6.54,-25.5
-22,90,6.32,7.13200000000001,-26.36
-22,90,6.48,6.194,-27.89
-22,90,6.64,7.092,-27.3
-22,90,6.8,7.69,-25.81
-22,90,6.96,7.648,-26.68
-22,90,7.12,7.374,-27.22
-22,90,7.28,7.358,-27.02
-22,90,7.44,7.804,-26.53
-22,90,7.6,6.78,-26.62
-22,90,7.76,7.452,-27.77
-22,90,7.92,7.008,-27.62
-22,90,8.08,6.594,-28.21
-22,90,8.24,6.878,-28.23
-22,90,8.4,6.16,-29.22
-22,90,8.56,6.48800000000001,-29.79
-22,90,8.72,7.632,-29.67
-22,90,8.88,7.22199999999999,-29.92
-22,90,9.04,6.35599999999999,-31.43
-22,90,9.2,6.6,-32.26
-22,90,9.36,6.596,-31.47
-22,90,9.52,5.408,-32.97
-22,90,9.68,5.27,-33.62
-22,90,9.84,5.32400000000001,-33.79
-22,90,10,5.69,-33.38
-22,90,10.16,5.002,-34.64
-22,90,10.32,5.548,-34.08
-22,90,10.48,5.082,-34.45
-22,90,10.64,5.302,-34.71
-22,90,10.8,5.75,-34.52
-22,90,10.96,6.114,-33.87
-22,90,11.12,5.304,-34.94
-22,90,11.28,6.164,-34.28
-22,90,11.44,5.318,-35.43
-22,90,11.6,4.91,-35.96
-22,90,11.76,4.936,-36.18
-22,90,11.92,5.246,-35.88
-22,90,12.08,5.09,-37.1
-22,90,12.24,4.656,-37.6
-22,90,12.4,4.05,-38.61
-22,90,12.56,4.40000000000001,-39.67
-22,90,12.72,1.13600000000001,-43.42
-22,90,12.88,1.404,-43.8
-22,90,13.04,4.48199999999999,-42.02
-22,90,13.2,5.01,-41.77
-22,90,13.36,1.97600000000001,-44.24
-22,90,13.52,2.498,-43.51
-22,90,13.68,3.84,-42.84
-22,90,13.84,4.452,-43.03
-22,90,14,5.47,-42.38
-22,90,14.16,5.53400000000001,-42.69
-22,90,14.32,6.45399999999999,-42.5
-22,90,14.48,6.52600000000001,-45.3
-22,90,14.64,8.75599999999999,-40.7
-22,90,14.8,7.95,-40.06
-22,90,14.96,7.338,-39.79
-22,90,15.12,7.2,-39.23
-22,90,15.28,6.09999999999999,-40.45
-22,90,15.44,5.654,-40.66
-22,90,15.6,5.51000000000001,-41.12
-22,90,15.76,5.782,-41.41
-22,90,15.92,5.848,-41.33
-22,90,16.08,5.688,-41.77
-22,90,16.24,5.30599999999999,-42.82
-22,90,16.4,5.08000000000001,-44.73
-22,90,16.56,4.82200000000001,-44.11
-22,90,16.72,4.302,-45.18
-22,90,16.88,5.32600000000001,-45.14
-22,90,17.04,5.70399999999999,-45.55
-22,90,17.2,3.9,-48.53
-22,90,17.36,3.714,-48.93
-22,90,17.52,3.604,-48.93
-22,90,17.68,1.108,-51.97
-22,90,17.84,-0.187999999999995,-53.1
-22,90,18,0.510000000000005,-52.3
-21,90,2,3.6,-18.19
-21,90,2.16,3.842,-19.57
-21,90,2.32,4.584,-21.07
-21,90,2.48,6.076,-21.17
-21,90,2.64,5.812,-22.9
-21,90,2.8,6.88,-20.18
-21,90,2.96,10.132,-18.18
-21,90,3.12,7.654,-20.58
-21,90,3.28,8.438,-21.58
-21,90,3.44,7.128,-21.52
-21,90,3.6,5.38,-22.07
-21,90,3.76,6.806,-22.68
-21,90,3.92,6.358,-21.19
-21,90,4.08,7.108,-20.56
-21,90,4.24,6.764,-22.26
-21,90,4.4,8.38,-21.43
-21,90,4.56,8.824,-20.99
-21,90,4.72,8.40600000000001,-21.58
-21,90,4.88,8.78,-21.35
-21,90,5.04,8.06000000000001,-21.99
-21,90,5.2,8.31,-23.11
-21,90,5.36,6.87,-23.93
-21,90,5.52,6.622,-23.66
-21,90,5.68,7.11,-24.26
-21,90,5.84,7.298,-24.15
-21,90,6,5.57,-25.97
-21,90,6.16,6.74,-25.3
-21,90,6.32,6.982,-26.51
-21,90,6.48,6.374,-27.71
-21,90,6.64,7.032,-27.36
-21,90,6.8,7.76,-25.74
-21,90,6.96,7.578,-26.75
-21,90,7.12,7.444,-27.15
-21,90,7.28,7.658,-26.72
-21,90,7.44,8.014,-26.32
-21,90,7.6,7.02,-26.38
-21,90,7.76,7.472,-27.75
-21,90,7.92,7.018,-27.61
-21,90,8.08,6.914,-27.89
-21,90,8.24,6.998,-28.11
-21,90,8.4,6.44,-28.94
-21,90,8.56,6.908,-29.37
-21,90,8.72,7.972,-29.33
-21,90,8.88,7.342,-29.8
-21,90,9.04,6.53599999999999,-31.25
-21,90,9.2,7.14,-31.72
-21,90,9.36,6.676,-31.39
-21,90,9.52,5.518,-32.86
-21,90,9.68,5.68,-33.21
-21,90,9.84,5.794,-33.32
-21,90,10,5.95,-33.12
-21,90,10.16,5.36199999999999,-34.28
-21,90,10.32,5.748,-33.88
-21,90,10.48,5.332,-34.2
-21,90,10.64,5.542,-34.47
-21,90,10.8,5.99,-34.28
-21,90,10.96,6.524,-33.46
-21,90,11.12,5.374,-34.87
-21,90,11.28,6.454,-33.99
-21,90,11.44,5.91800000000001,-34.83
-21,90,11.6,4.87,-36
-21,90,11.76,5.536,-35.58
-21,90,11.92,5.516,-35.61
-21,90,12.08,5.76000000000001,-36.43
-21,90,12.24,4.936,-37.32
-21,90,12.4,4.45,-38.21
-21,90,12.56,4.76000000000001,-39.31
-21,90,12.72,1.26600000000001,-43.29
-21,90,12.88,2.07399999999999,-43.13
-21,90,13.04,4.62199999999999,-41.88
-21,90,13.2,5.38,-41.4
-21,90,13.36,2.63600000000001,-43.58
-21,90,13.52,2.878,-43.13
-21,90,13.68,4.47000000000001,-42.21
-21,90,13.84,4.602,-42.88
-21,90,14,5.58,-42.27
-21,90,14.16,6.194,-42.03
-21,90,14.32,7.20399999999999,-41.75
-21,90,14.48,7.16600000000001,-44.66
-21,90,14.64,9.35599999999999,-40.1
-21,90,14.8,8.44,-39.57
-21,90,14.96,8.068,-39.06
-21,90,15.12,7.46,-38.97
-21,90,15.28,6.66,-39.89
-21,90,15.44,6.234,-40.08
-21,90,15.6,6.39,-40.24
-21,90,15.76,6.022,-41.17
-21,90,15.92,6.358,-40.82
-21,90,16.08,6.298,-41.16
-21,90,16.24,6.08599999999999,-42.04
-21,90,16.4,5.29,-44.52
-21,90,16.56,5.18200000000001,-43.75
-21,90,16.72,5.222,-44.26
-21,90,16.88,6.15600000000001,-44.31
-21,90,17.04,6.27399999999999,-44.98
-21,90,17.2,4.99,-47.44
-21,90,17.36,4.424,-48.22
-21,90,17.52,4.624,-47.91
-21,90,17.68,2.078,-51
-21,90,17.84,0.962000000000003,-51.95
-21,90,18,2.07,-50.74
-20,90,2,3.61,-18.18
-20,90,2.16,3.832,-19.58
-20,90,2.32,4.644,-21.01
-20,90,2.48,6.146,-21.1
-20,90,2.64,5.902,-22.81
-20,90,2.8,7.39,-19.67
-20,90,2.96,10.302,-18.01
-20,90,3.12,7.834,-20.4
-20,90,3.28,8.558,-21.46
-20,90,3.44,7.318,-21.33
-20,90,3.6,5.44,-22.01
-20,90,3.76,7.056,-22.43
-20,90,3.92,6.698,-20.85
-20,90,4.08,7.258,-20.41
-20,90,4.24,6.64400000000001,-22.38
-20,90,4.4,8.51,-21.3
-20,90,4.56,9.054,-20.76
-20,90,4.72,8.51600000000001,-21.47
-20,90,4.88,8.94,-21.19
-20,90,5.04,8.14,-21.91
-20,90,5.2,8.36,-23.06
-20,90,5.36,7.15,-23.65
-20,90,5.52,6.752,-23.53
-20,90,5.68,7.31,-24.06
-20,90,5.84,7.318,-24.13
-20,90,6,5.88,-25.66
-20,90,6.16,6.81,-25.23
-20,90,6.32,6.88200000000001,-26.61
-20,90,6.48,6.634,-27.45
-20,90,6.64,7.102,-27.29
-20,90,6.8,7.71,-25.79
-20,90,6.96,7.668,-26.66
-20,90,7.12,7.524,-27.07
-20,90,7.28,7.898,-26.48
-20,90,7.44,8.164,-26.17
-20,90,7.6,7.27,-26.13
-20,90,7.76,7.512,-27.71
-20,90,7.92,7.078,-27.55
-20,90,8.08,7.224,-27.58
-20,90,8.24,7.108,-28
-20,90,8.4,6.66,-28.72
-20,90,8.56,7.45800000000001,-28.82
-20,90,8.72,8.112,-29.19
-20,90,8.88,7.482,-29.66
-20,90,9.04,6.64599999999999,-31.14
-20,90,9.2,7.66,-31.2
-20,90,9.36,6.746,-31.32
-20,90,9.52,5.678,-32.7
-20,90,9.68,6.01,-32.88
-20,90,9.84,6.344,-32.77
-20,90,10,6.12,-32.95
-20,90,10.16,5.702,-33.94
-20,90,10.32,5.688,-33.94
-20,90,10.48,5.722,-33.81
-20,90,10.64,5.982,-34.03
-20,90,10.8,6.28,-33.99
-20,90,10.96,6.834,-33.15
-20,90,11.12,5.764,-34.48
-20,90,11.28,6.274,-34.17
-20,90,11.44,6.41800000000001,-34.33
-20,90,11.6,5.18,-35.69
-20,90,11.76,6.286,-34.83
-20,90,11.92,5.836,-35.29
-20,90,12.08,5.95,-36.24
-20,90,12.24,5.176,-37.08
-20,90,12.4,5.06999999999999,-37.59
-20,90,12.56,5.11000000000001,-38.96
-20,90,12.72,1.60600000000001,-42.95
-20,90,12.88,2.544,-42.66
-20,90,13.04,5.29199999999999,-41.21
-20,90,13.2,5.78,-41
-20,90,13.36,3.33600000000001,-42.88
-20,90,13.52,3.63800000000001,-42.37
-20,90,13.68,4.8,-41.88
-20,90,13.84,5.102,-42.38
-20,90,14,6.11,-41.74
-20,90,14.16,7.004,-41.22
-20,90,14.32,7.904,-41.05
-20,90,14.48,7.59600000000001,-44.23
-20,90,14.64,9.73599999999999,-39.72
-20,90,14.8,9.08,-38.93
-20,90,14.96,8.638,-38.49
-20,90,15.12,8.09,-38.34
-20,90,15.28,7.08,-39.47
-20,90,15.44,7.014,-39.3
-20,90,15.6,7.17,-39.46
-20,90,15.76,6.242,-40.95
-20,90,15.92,6.808,-40.37
-20,90,16.08,7.048,-40.41
-20,90,16.24,6.57599999999999,-41.55
-20,90,16.4,5.8,-44.01
-20,90,16.56,5.81200000000001,-43.12
-20,90,16.72,6.092,-43.39
-20,90,16.88,6.45600000000001,-44.01
-20,90,17.04,6.60399999999999,-44.65
-20,90,17.2,5.56,-46.87
-20,90,17.36,5.324,-47.32
-20,90,17.52,4.764,-47.77
-20,90,17.68,2.578,-50.5
-20,90,17.84,1.73200000000001,-51.18
-20,90,18,1.73,-51.08
-19,90,2,3.58,-18.21
-19,90,2.16,3.832,-19.58
-19,90,2.32,4.674,-20.98
-19,90,2.48,6.196,-21.05
-19,90,2.64,5.972,-22.74
-19,90,2.8,7.83,-19.23
-19,90,2.96,10.442,-17.87
-19,90,3.12,7.954,-20.28
-19,90,3.28,8.578,-21.44
-19,90,3.44,7.488,-21.16
-19,90,3.6,5.6,-21.85
-19,90,3.76,7.206,-22.28
-19,90,3.92,6.998,-20.55
-19,90,4.08,7.318,-20.35
-19,90,4.24,6.474,-22.55
-19,90,4.4,8.69,-21.12
-19,90,4.56,9.304,-20.51
-19,90,4.72,8.58600000000001,-21.4
-19,90,4.88,9.14,-20.99
-19,90,5.04,8.2,-21.85
-19,90,5.2,8.39,-23.03
-19,90,5.36,7.44,-23.36
-19,90,5.52,6.842,-23.44
-19,90,5.68,7.44,-23.93
-19,90,5.84,7.288,-24.16
-19,90,6,6.21,-25.33
-19,90,6.16,6.87,-25.17
-19,90,6.32,6.822,-26.67
-19,90,6.48,6.844,-27.24
-19,90,6.64,7.252,-27.14
-19,90,6.8,7.7,-25.8
-19,90,6.96,7.918,-26.41
-19,90,7.12,7.594,-27
-19,90,7.28,7.908,-26.47
-19,90,7.44,8.244,-26.09
-19,90,7.6,7.34,-26.06
-19,90,7.76,7.592,-27.63
-19,90,7.92,7.138,-27.49
-19,90,8.08,7.414,-27.39
-19,90,8.24,7.268,-27.84
-19,90,8.4,6.76,-28.62
-19,90,8.56,7.86800000000001,-28.41
-19,90,8.72,8.112,-29.19
-19,90,8.88,7.712,-29.43
-19,90,9.04,6.83599999999999,-30.95
-19,90,9.2,7.81,-31.05
-19,90,9.36,6.866,-31.2
-19,90,9.52,5.998,-32.38
-19,90,9.68,6.19,-32.7
-19,90,9.84,6.584,-32.53
-19,90,10,6.41,-32.66
-19,90,10.16,5.932,-33.71
-19,90,10.32,5.588,-34.04
-19,90,10.48,5.91200000000001,-33.62
-19,90,10.64,6.252,-33.76
-19,90,10.8,6.55,-33.72
-19,90,10.96,6.844,-33.14
-19,90,11.12,6.374,-33.87
-19,90,11.28,6.294,-34.15
-19,90,11.44,6.538,-34.21
-19,90,11.6,5.73999999999999,-35.13
-19,90,11.76,6.796,-34.32
-19,90,11.92,6.10599999999999,-35.02
-19,90,12.08,6.01000000000001,-36.18
-19,90,12.24,5.596,-36.66
-19,90,12.4,5.41,-37.25
-19,90,12.56,5.20000000000001,-38.87
-19,90,12.72,1.46600000000001,-43.09
-19,90,12.88,3.10399999999999,-42.1
-19,90,13.04,5.532,-40.97
-19,90,13.2,6.31,-40.47
-19,90,13.36,3.56600000000001,-42.65
-19,90,13.52,3.95800000000001,-42.05
-19,90,13.68,5.15000000000001,-41.53
-19,90,13.84,5.642,-41.84
-19,90,14,6.9,-40.95
-19,90,14.16,7.57400000000001,-40.65
-19,90,14.32,8.50399999999999,-40.45
-19,90,14.48,8.03600000000001,-43.79
-19,90,14.64,10.226,-39.23
-19,90,14.8,9.93,-38.08
-19,90,14.96,9.178,-37.95
-19,90,15.12,8.46,-37.97
-19,90,15.28,7.59,-38.96
-19,90,15.44,7.684,-38.63
-19,90,15.6,7.66,-38.97
-19,90,15.76,6.862,-40.33
-19,90,15.92,7.428,-39.75
-19,90,16.08,7.778,-39.68
-19,90,16.24,7.26599999999999,-40.86
-19,90,16.4,6.11,-43.7
-19,90,16.56,6.67200000000001,-42.26
-19,90,16.72,6.562,-42.92
-19,90,16.88,6.55600000000001,-43.91
-19,90,17.04,6.90399999999999,-44.35
-19,90,17.2,6.28,-46.15
-19,90,17.36,5.724,-46.92
-19,90,17.52,4.824,-47.71
-19,90,17.68,2.648,-50.43
-19,90,17.84,2.02200000000001,-50.89
-19,90,18,3.29,-49.52
-18,90,2,3.51,-18.28
-18,90,2.16,3.872,-19.54
-18,90,2.32,4.734,-20.92
-18,90,2.48,6.256,-20.99
-18,90,2.64,6.102,-22.61
-18,90,2.8,8.23,-18.83
-18,90,2.96,10.562,-17.75
-18,90,3.12,8.054,-20.18
-18,90,3.28,8.598,-21.42
-18,90,3.44,7.738,-20.91
-18,90,3.6,5.93,-21.52
-18,90,3.76,7.216,-22.27
-18,90,3.92,7.258,-20.29
-18,90,4.08,7.388,-20.28
-18,90,4.24,6.364,-22.66
-18,90,4.4,8.91,-20.9
-18,90,4.56,9.554,-20.26
-18,90,4.72,8.636,-21.35
-18,90,4.88,9.33,-20.8
-18,90,5.04,8.19,-21.86
-18,90,5.2,8.37,-23.05
-18,90,5.36,7.72,-23.08
-18,90,5.52,7.042,-23.24
-18,90,5.68,7.56,-23.81
-18,90,5.84,7.268,-24.18
-18,90,6,6.5,-25.04
-18,90,6.16,6.86,-25.18
-18,90,6.32,6.832,-26.66
-18,90,6.48,7.044,-27.04
-18,90,6.64,7.472,-26.92
-18,90,6.8,7.71,-25.79
-18,90,6.96,8.238,-26.09
-18,90,7.12,7.814,-26.78
-18,90,7.28,7.908,-26.47
-18,90,7.44,8.334,-26
-18,90,7.6,7.34,-26.06
-18,90,7.76,7.652,-27.57
-18,90,7.92,7.198,-27.43
-18,90,8.08,7.424,-27.38
-18,90,8.24,7.418,-27.69
-18,90,8.4,6.93,-28.45
-18,90,8.56,8.25800000000001,-28.02
-18,90,8.72,8.052,-29.25
-18,90,8.88,7.942,-29.2
-18,90,9.04,7.21599999999999,-30.57
-18,90,9.2,7.82,-31.04
-18,90,9.36,7.186,-30.88
-18,90,9.52,6.238,-32.14
-18,90,9.68,6.24,-32.65
-18,90,9.84,6.624,-32.49
-18,90,10,6.73,-32.34
-18,90,10.16,6.19199999999999,-33.45
-18,90,10.32,5.948,-33.68
-18,90,10.48,6.192,-33.34
-18,90,10.64,6.702,-33.31
-18,90,10.8,6.78,-33.49
-18,90,10.96,6.674,-33.31
-18,90,11.12,6.904,-33.34
-18,90,11.28,6.914,-33.53
-18,90,11.44,6.728,-34.02
-18,90,11.6,6.13,-34.74
-18,90,11.76,7.056,-34.06
-18,90,11.92,6.076,-35.05
-18,90,12.08,6.19,-36
-18,90,12.24,5.966,-36.29
-18,90,12.4,5.58,-37.08
-18,90,12.56,5.3,-38.77
-18,90,12.72,2.16600000000001,-42.39
-18,90,12.88,3.64399999999999,-41.56
-18,90,13.04,5.83199999999999,-40.67
-18,90,13.2,6.53,-40.25
-18,90,13.36,3.67600000000001,-42.54
-18,90,13.52,4.498,-41.51
-18,90,13.68,5.45000000000001,-41.23
-18,90,13.84,5.882,-41.6
-18,90,14,7.54,-40.31
-18,90,14.16,7.85400000000001,-40.37
-18,90,14.32,9.45399999999999,-39.5
-18,90,14.48,8.64600000000001,-43.18
-18,90,14.64,11.036,-38.42
-18,90,14.8,10.61,-37.4
-18,90,14.96,9.678,-37.45
-18,90,15.12,8.85,-37.58
-18,90,15.28,8.09,-38.46
-18,90,15.44,8.544,-37.77
-18,90,15.6,8.23,-38.4
-18,90,15.76,7.382,-39.81
-18,90,15.92,7.998,-39.18
-18,90,16.08,8.378,-39.08
-18,90,16.24,7.38599999999999,-40.74
-18,90,16.4,6.44,-43.37
-18,90,16.56,7.20200000000001,-41.73
-18,90,16.72,6.952,-42.53
-18,90,16.88,7.09600000000001,-43.37
-18,90,17.04,7.61399999999999,-43.64
-18,90,17.2,6.73,-45.7
-18,90,17.36,5.594,-47.05
-18,90,17.52,5.734,-46.8
-18,90,17.68,2.768,-50.31
-18,90,17.84,2.41200000000001,-50.5
-18,90,18,3.26000000000001,-49.55
-17,90,2,3.51,-18.28
-17,90,2.16,3.962,-19.45
-17,90,2.32,4.804,-20.85
-17,90,2.48,6.326,-20.92
-17,90,2.64,6.282,-22.43
-17,90,2.8,8.58,-18.48
-17,90,2.96,10.662,-17.65
-17,90,3.12,8.204,-20.03
-17,90,3.28,8.568,-21.45
-17,90,3.44,7.968,-20.68
-17,90,3.6,6.31,-21.14
-17,90,3.76,7.136,-22.35
-17,90,3.92,7.488,-20.06
-17,90,4.08,7.438,-20.23
-17,90,4.24,6.384,-22.64
-17,90,4.4,9.15,-20.66
-17,90,4.56,9.714,-20.1
-17,90,4.72,8.666,-21.32
-17,90,4.88,9.55,-20.58
-17,90,5.04,8.18,-21.87
-17,90,5.2,8.37,-23.05
-17,90,5.36,7.9,-22.9
-17,90,5.52,7.282,-23
-17,90,5.68,7.71,-23.66
-17,90,5.84,7.268,-24.18
-17,90,6,6.65,-24.89
-17,90,6.16,6.84,-25.2
-17,90,6.32,6.852,-26.64
-17,90,6.48,7.084,-27
-17,90,6.64,7.772,-26.62
-17,90,6.8,7.7,-25.8
-17,90,6.96,8.428,-25.9
-17,90,7.12,7.964,-26.63
-17,90,7.28,7.948,-26.43
-17,90,7.44,8.374,-25.96
-17,90,7.6,7.27,-26.13
-17,90,7.76,7.772,-27.45
-17,90,7.92,7.378,-27.25
-17,90,8.08,7.404,-27.4
-17,90,8.24,7.598,-27.51
-17,90,8.4,7.11,-28.27
-17,90,8.56,8.52800000000001,-27.75
-17,90,8.72,8.142,-29.16
-17,90,8.88,7.982,-29.16
-17,90,9.04,7.66599999999999,-30.12
-17,90,9.2,7.85,-31.01
-17,90,9.36,7.466,-30.6
-17,90,9.52,6.638,-31.74
-17,90,9.68,6.26,-32.63
-17,90,9.84,6.764,-32.35
-17,90,10,7.03,-32.04
-17,90,10.16,6.22199999999999,-33.42
-17,90,10.32,6.378,-33.25
-17,90,10.48,6.41200000000001,-33.12
-17,90,10.64,7.072,-32.94
-17,90,10.8,6.85,-33.42
-17,90,10.96,6.594,-33.39
-17,90,11.12,7.344,-32.9
-17,90,11.28,7.484,-32.96
-17,90,11.44,6.83800000000001,-33.91
-17,90,11.6,6.36,-34.51
-17,90,11.76,6.956,-34.16
-17,90,11.92,6.266,-34.86
-17,90,12.08,6.71000000000001,-35.48
-17,90,12.24,6.156,-36.1
-17,90,12.4,5.77,-36.89
-17,90,12.56,5.57000000000001,-38.5
-17,90,12.72,2.76600000000001,-41.79
-17,90,12.88,4.13399999999999,-41.07
-17,90,13.04,5.94199999999999,-40.56
-17,90,13.2,6.72,-40.06
-17,90,13.36,4.126,-42.09
-17,90,13.52,5.088,-40.92
-17,90,13.68,6.31000000000001,-40.37
-17,90,13.84,6.102,-41.38
-17,90,14,7.69,-40.16
-17,90,14.16,8.684,-39.54
-17,90,14.32,9.86399999999999,-39.09
-17,90,14.48,9.13600000000001,-42.69
-17,90,14.64,11.726,-37.73
-17,90,14.8,11.11,-36.9
-17,90,14.96,10.038,-37.09
-17,90,15.12,9.32,-37.11
-17,90,15.28,8.45999999999999,-38.09
-17,90,15.44,9.364,-36.95
-17,90,15.6,8.42,-38.21
-17,90,15.76,7.812,-39.38
-17,90,15.92,8.65799999999999,-38.52
-17,90,16.08,8.948,-38.51
-17,90,16.24,7.81599999999999,-40.31
-17,90,16.4,7.31,-42.5
-17,90,16.56,7.65200000000001,-41.28
-17,90,16.72,7.552,-41.93
-17,90,16.88,7.90600000000001,-42.56
-17,90,17.04,7.95399999999999,-43.3
-17,90,17.2,7.09,-45.34
-17,90,17.36,6.464,-46.18
-17,90,17.52,5.844,-46.69
-17,90,17.68,3.068,-50.01
-17,90,17.84,2.66200000000001,-50.25
-17,90,18,3.87,-48.94
-16,90,2,3.44,-18.35
-16,90,2.16,4.062,-19.35
-16,90,2.32,4.844,-20.81
-16,90,2.48,6.406,-20.84
-16,90,2.64,6.492,-22.22
-16,90,2.8,8.84,-18.22
-16,90,2.96,10.762,-17.55
-16,90,3.12,8.254,-19.98
-16,90,3.28,8.588,-21.43
-16,90,3.44,8.128,-20.52
-16,90,3.6,6.7,-20.75
-16,90,3.76,6.966,-22.52
-16,90,3.92,7.658,-19.89
-16,90,4.08,7.488,-20.18
-16,90,4.24,6.504,-22.52
-16,90,4.4,9.33,-20.48
-16,90,4.56,9.804,-20.01
-16,90,4.72,8.726,-21.26
-16,90,4.88,9.77,-20.36
-16,90,5.04,8.27,-21.78
-16,90,5.2,8.42,-23
-16,90,5.36,8.03,-22.77
-16,90,5.52,7.562,-22.72
-16,90,5.68,7.86,-23.51
-16,90,5.84,7.358,-24.09
-16,90,6,6.71,-24.83
-16,90,6.16,6.91,-25.13
-16,90,6.32,6.972,-26.52
-16,90,6.48,7.234,-26.85
-16,90,6.64,8.062,-26.33
-16,90,6.8,7.76,-25.74
-16,90,6.96,8.428,-25.9
-16,90,7.12,8.064,-26.53
-16,90,7.28,7.988,-26.39
-16,90,7.44,8.434,-25.9
-16,90,7.6,7.25,-26.15
-16,90,7.76,7.852,-27.37
-16,90,7.92,7.608,-27.02
-16,90,8.08,7.474,-27.33
-16,90,8.24,7.708,-27.4
-16,90,8.4,7.25,-28.13
-16,90,8.56,8.678,-27.6
-16,90,8.72,8.332,-28.97
-16,90,8.88,8.332,-28.81
-16,90,9.04,8.066,-29.72
-16,90,9.2,7.93,-30.93
-16,90,9.36,7.576,-30.49
-16,90,9.52,6.768,-31.61
-16,90,9.68,6.36,-32.53
-16,90,9.84,7.154,-31.96
-16,90,10,7.22,-31.85
-16,90,10.16,6.242,-33.4
-16,90,10.32,6.708,-32.92
-16,90,10.48,6.822,-32.71
-16,90,10.64,7.252,-32.76
-16,90,10.8,6.95,-33.32
-16,90,10.96,7.114,-32.87
-16,90,11.12,7.434,-32.81
-16,90,11.28,7.584,-32.86
-16,90,11.44,7.19800000000001,-33.55
-16,90,11.6,6.41999999999999,-34.45
-16,90,11.76,7.046,-34.07
-16,90,11.92,6.626,-34.5
-16,90,12.08,6.90000000000001,-35.29
-16,90,12.24,6.436,-35.82
-16,90,12.4,6,-36.66
-16,90,12.56,6.23,-37.84
-16,90,12.72,2.94600000000001,-41.61
-16,90,12.88,4.11399999999999,-41.09
-16,90,13.04,6.392,-40.11
-16,90,13.2,7.19,-39.59
-16,90,13.36,4.75600000000001,-41.46
-16,90,13.52,5.338,-40.67
-16,90,13.68,6.28000000000001,-40.4
-16,90,13.84,6.572,-40.91
-16,90,14,8.32,-39.53
-16,90,14.16,9.044,-39.18
-16,90,14.32,10.474,-38.48
-16,90,14.48,9.736,-42.09
-16,90,14.64,11.986,-37.47
-16,90,14.8,11.59,-36.42
-16,90,14.96,10.428,-36.7
-16,90,15.12,9.92,-36.51
-16,90,15.28,8.95,-37.6
-16,90,15.44,9.634,-36.68
-16,90,15.6,9,-37.63
-16,90,15.76,8.442,-38.75
-16,90,15.92,9.278,-37.9
-16,90,16.08,9.148,-38.31
-16,90,16.24,8.24599999999999,-39.88
-16,90,16.4,7.69,-42.12
-16,90,16.56,8.34200000000001,-40.59
-16,90,16.72,7.582,-41.9
-16,90,16.88,8.25600000000001,-42.21
-16,90,17.04,8.24399999999999,-43.01
-16,90,17.2,7.53,-44.9
-16,90,17.36,7.444,-45.2
-16,90,17.52,6.424,-46.11
-16,90,17.68,3.588,-49.49
-16,90,17.84,3.712,-49.2
-16,90,18,3.93,-48.88
-15,90,2,3.4,-18.39
-15,90,2.16,4.192,-19.22
-15,90,2.32,4.904,-20.75
-15,90,2.48,6.496,-20.75
-15,90,2.64,6.672,-22.04
-15,90,2.8,8.99,-18.07
-15,90,2.96,10.852,-17.46
-15,90,3.12,8.294,-19.94
-15,90,3.28,8.618,-21.4
-15,90,3.44,8.268,-20.38
-15,90,3.6,7.03,-20.42
-15,90,3.76,6.796,-22.69
-15,90,3.92,7.748,-19.8
-15,90,4.08,7.538,-20.13
-15,90,4.24,6.654,-22.37
-15,90,4.4,9.45,-20.36
-15,90,4.56,9.834,-19.98
-15,90,4.72,8.806,-21.18
-15,90,4.88,9.93,-20.2
-15,90,5.04,8.36,-21.69
-15,90,5.2,8.51,-22.91
-15,90,5.36,8.11,-22.69
-15,90,5.52,7.842,-22.44
-15,90,5.68,8.05,-23.32
-15,90,5.84,7.378,-24.07
-15,90,6,6.69,-24.85
-15,90,6.16,7.09,-24.95
-15,90,6.32,7.04200000000001,-26.45
-15,90,6.48,7.394,-26.69
-15,90,6.64,8.262,-26.13
-15,90,6.8,7.9,-25.6
-15,90,6.96,8.248,-26.08
-15,90,7.12,8.124,-26.47
-15,90,7.28,8.088,-26.29
-15,90,7.44,8.424,-25.91
-15,90,7.6,7.12,-26.28
-15,90,7.76,7.822,-27.4
-15,90,7.92,7.738,-26.89
-15,90,8.08,7.614,-27.19
-15,90,8.24,7.708,-27.4
-15,90,8.4,7.54,-27.84
-15,90,8.56,8.66800000000001,-27.61
-15,90,8.72,8.562,-28.74
-15,90,8.88,8.552,-28.59
-15,90,9.04,8.16599999999999,-29.62
-15,90,9.2,8.04,-30.82
-15,90,9.36,7.586,-30.48
-15,90,9.52,6.928,-31.45
-15,90,9.68,6.57,-32.32
-15,90,9.84,7.794,-31.32
-15,90,10,7.31,-31.76
-15,90,10.16,6.36199999999999,-33.28
-15,90,10.32,6.918,-32.71
-15,90,10.48,7.532,-32
-15,90,10.64,7.272,-32.74
-15,90,10.8,7.18,-33.09
-15,90,10.96,7.604,-32.38
-15,90,11.12,7.594,-32.65
-15,90,11.28,7.514,-32.93
-15,90,11.44,7.58800000000001,-33.16
-15,90,11.6,6.77,-34.1
-15,90,11.76,7.266,-33.85
-15,90,11.92,6.906,-34.22
-15,90,12.08,6.87,-35.32
-15,90,12.24,6.736,-35.52
-15,90,12.4,6.3,-36.36
-15,90,12.56,6.50000000000001,-37.57
-15,90,12.72,3.21600000000001,-41.34
-15,90,12.88,4.46399999999999,-40.74
-15,90,13.04,6.632,-39.87
-15,90,13.2,7.5,-39.28
-15,90,13.36,5.09600000000001,-41.12
-15,90,13.52,5.628,-40.38
-15,90,13.68,6.25000000000001,-40.43
-15,90,13.84,7.242,-40.24
-15,90,14,8.4,-39.45
-15,90,14.16,9.39400000000001,-38.83
-15,90,14.32,10.894,-38.06
-15,90,14.48,10.236,-41.59
-15,90,14.64,12.486,-36.97
-15,90,14.8,12.09,-35.92
-15,90,14.96,10.918,-36.21
-15,90,15.12,10.18,-36.25
-15,90,15.28,9.52,-37.03
-15,90,15.44,10.144,-36.17
-15,90,15.6,9.14,-37.49
-15,90,15.76,9.022,-38.17
-15,90,15.92,9.708,-37.47
-15,90,16.08,9.388,-38.07
-15,90,16.24,8.93599999999999,-39.19
-15,90,16.4,8.26000000000001,-41.55
-15,90,16.56,8.64200000000001,-40.29
-15,90,16.72,8.392,-41.09
-15,90,16.88,8.63600000000001,-41.83
-15,90,17.04,8.79399999999999,-42.46
-15,90,17.2,8.09,-44.34
-15,90,17.36,7.694,-44.95
-15,90,17.52,6.464,-46.07
-15,90,17.68,4.328,-48.75
-15,90,17.84,4.05200000000001,-48.86
-15,90,18,4.5,-48.31
-14,90,2,3.36,-18.43
-14,90,2.16,4.352,-19.06
-14,90,2.32,4.944,-20.71
-14,90,2.48,6.576,-20.67
-14,90,2.64,6.812,-21.9
-14,90,2.8,9.06,-18
-14,90,2.96,10.932,-17.38
-14,90,3.12,8.354,-19.88
-14,90,3.28,8.698,-21.32
-14,90,3.44,8.358,-20.29
-14,90,3.6,7.3,-20.15
-14,90,3.76,6.636,-22.85
-14,90,3.92,7.768,-19.78
-14,90,4.08,7.628,-20.04
-14,90,4.24,6.904,-22.12
-14,90,4.4,9.52,-20.29
-14,90,4.56,9.794,-20.02
-14,90,4.72,8.916,-21.07
-14,90,4.88,10.05,-20.08
-14,90,5.04,8.49000000000001,-21.56
-14,90,5.2,8.63,-22.79
-14,90,5.36,8.23,-22.57
-14,90,5.52,8.052,-22.23
-14,90,5.68,8.16,-23.21
-14,90,5.84,7.418,-24.03
-14,90,6,6.62,-24.92
-14,90,6.16,7.22,-24.82
-14,90,6.32,7.20200000000001,-26.29
-14,90,6.48,7.574,-26.51
-14,90,6.64,8.352,-26.04
-14,90,6.8,7.98,-25.52
-14,90,6.96,8.048,-26.28
-14,90,7.12,8.244,-26.35
-14,90,7.28,8.238,-26.14
-14,90,7.44,8.394,-25.94
-14,90,7.6,7.08,-26.32
-14,90,7.76,7.742,-27.48
-14,90,7.92,7.798,-26.83
-14,90,8.08,7.784,-27.02
-14,90,8.24,7.698,-27.41
-14,90,8.4,7.97,-27.41
-14,90,8.56,8.588,-27.69
-14,90,8.72,8.782,-28.52
-14,90,8.88,8.77199999999999,-28.37
-14,90,9.04,8.07599999999999,-29.71
-14,90,9.2,8.07,-30.79
-14,90,9.36,7.836,-30.23
-14,90,9.52,7.018,-31.36
-14,90,9.68,6.72,-32.17
-14,90,9.84,8.194,-30.92
-14,90,10,7.53,-31.54
-14,90,10.16,6.432,-33.21
-14,90,10.32,7.038,-32.59
-14,90,10.48,7.862,-31.67
-14,90,10.64,7.382,-32.63
-14,90,10.8,7.19,-33.08
-14,90,10.96,8.004,-31.98
-14,90,11.12,7.714,-32.53
-14,90,11.28,7.53400000000001,-32.91
-14,90,11.44,7.77800000000001,-32.97
-14,90,11.6,6.91,-33.96
-14,90,11.76,7.546,-33.57
-14,90,11.92,7.126,-34
-14,90,12.08,7.19,-35
-14,90,12.24,7.026,-35.23
-14,90,12.4,6.51,-36.15
-14,90,12.56,6.42000000000001,-37.65
-14,90,12.72,3.58600000000001,-40.97
-14,90,12.88,4.904,-40.3
-14,90,13.04,7.002,-39.5
-14,90,13.2,7.7,-39.08
-14,90,13.36,5.42600000000001,-40.79
-14,90,13.52,5.878,-40.13
-14,90,13.68,6.67000000000001,-40.01
-14,90,13.84,7.732,-39.75
-14,90,14,8.95,-38.9
-14,90,14.16,9.834,-38.39
-14,90,14.32,11.454,-37.5
-14,90,14.48,10.476,-41.35
-14,90,14.64,12.906,-36.55
-14,90,14.8,12.48,-35.53
-14,90,14.96,11.338,-35.79
-14,90,15.12,10.5,-35.93
-14,90,15.28,10.27,-36.28
-14,90,15.44,10.274,-36.04
-14,90,15.6,9.45,-37.18
-14,90,15.76,9.742,-37.45
-14,90,15.92,10.298,-36.88
-14,90,16.08,9.758,-37.7
-14,90,16.24,9.39599999999999,-38.73
-14,90,16.4,8.67,-41.14
-14,90,16.56,8.98200000000001,-39.95
-14,90,16.72,8.562,-40.92
-14,90,16.88,9.00600000000001,-41.46
-14,90,17.04,9.12399999999999,-42.13
-14,90,17.2,8.81,-43.62
-14,90,17.36,7.424,-45.22
-14,90,17.52,6.994,-45.54
-14,90,17.68,4.318,-48.76
-14,90,17.84,3.79200000000001,-49.12
-14,90,18,5.11,-47.7
-13,90,2,3.31,-18.48
-13,90,2.16,4.562,-18.85
-13,90,2.32,4.984,-20.67
-13,90,2.48,6.676,-20.57
-13,90,2.64,6.992,-21.72
-13,90,2.8,9.03,-18.03
-13,90,2.96,10.992,-17.32
-13,90,3.12,8.424,-19.81
-13,90,3.28,8.808,-21.21
-13,90,3.44,8.428,-20.22
-13,90,3.6,7.47,-19.98
-13,90,3.76,6.576,-22.91
-13,90,3.92,7.758,-19.79
-13,90,4.08,7.758,-19.91
-13,90,4.24,7.16400000000001,-21.86
-13,90,4.4,9.51,-20.3
-13,90,4.56,9.684,-20.13
-13,90,4.72,9.076,-20.91
-13,90,4.88,10.07,-20.06
-13,90,5.04,8.61,-21.44
-13,90,5.2,8.74,-22.68
-13,90,5.36,8.42,-22.38
-13,90,5.52,8.192,-22.09
-13,90,5.68,8.31,-23.06
-13,90,5.84,7.448,-24
-13,90,6,6.55,-24.99
-13,90,6.16,7.37,-24.67
-13,90,6.32,7.352,-26.14
-13,90,6.48,7.644,-26.44
-13,90,6.64,8.342,-26.05
-13,90,6.8,7.97,-25.53
-13,90,6.96,7.918,-26.41
-13,90,7.12,8.354,-26.24
-13,90,7.28,8.428,-25.95
-13,90,7.44,8.374,-25.96
-13,90,7.6,7.12,-26.28
-13,90,7.76,7.722,-27.5
-13,90,7.92,7.838,-26.79
-13,90,8.08,7.834,-26.97
-13,90,8.24,7.798,-27.31
-13,90,8.4,8.31,-27.07
-13,90,8.56,8.62800000000001,-27.65
-13,90,8.72,8.952,-28.35
-13,90,8.88,9.052,-28.09
-13,90,9.04,7.906,-29.88
-13,90,9.2,8.2,-30.66
-13,90,9.36,8.206,-29.86
-13,90,9.52,7.278,-31.1
-13,90,9.68,7.03,-31.86
-13,90,9.84,8.364,-30.75
-13,90,10,7.61,-31.46
-13,90,10.16,6.702,-32.94
-13,90,10.32,7.358,-32.27
-13,90,10.48,7.892,-31.64
-13,90,10.64,7.462,-32.55
-13,90,10.8,7.24,-33.03
-13,90,10.96,8.214,-31.77
-13,90,11.12,7.944,-32.3
-13,90,11.28,8.014,-32.43
-13,90,11.44,7.94800000000001,-32.8
-13,90,11.6,7.18,-33.69
-13,90,11.76,7.606,-33.51
-13,90,11.92,7.406,-33.72
-13,90,12.08,7.68000000000001,-34.51
-13,90,12.24,7.086,-35.17
-13,90,12.4,6.4,-36.26
-13,90,12.56,6.78000000000001,-37.29
-13,90,12.72,4.04600000000001,-40.51
-13,90,12.88,4.944,-40.26
-13,90,13.04,7.022,-39.48
-13,90,13.2,8.12,-38.66
-13,90,13.36,5.77600000000001,-40.44
-13,90,13.52,6.09800000000001,-39.91
-13,90,13.68,6.93000000000001,-39.75
-13,90,13.84,7.442,-40.04
-13,90,14,9.3,-38.55
-13,90,14.16,10.134,-38.09
-13,90,14.32,11.474,-37.48
-13,90,14.48,11.146,-40.68
-13,90,14.64,13.536,-35.92
-13,90,14.8,12.76,-35.25
-13,90,14.96,11.378,-35.75
-13,90,15.12,10.96,-35.47
-13,90,15.28,10.72,-35.83
-13,90,15.44,10.724,-35.59
-13,90,15.6,9.91,-36.72
-13,90,15.76,10.142,-37.05
-13,90,15.92,10.258,-36.92
-13,90,16.08,10.058,-37.4
-13,90,16.24,9.55599999999999,-38.57
-13,90,16.4,9.14,-40.67
-13,90,16.56,9.38200000000001,-39.55
-13,90,16.72,9.082,-40.4
-13,90,16.88,9.45600000000001,-41.01
-13,90,17.04,9.34399999999999,-41.91
-13,90,17.2,8.83,-43.6
-13,90,17.36,7.974,-44.67
-13,90,17.52,7.044,-45.49
-13,90,17.68,4.678,-48.4
-13,90,17.84,4.12200000000001,-48.79
-13,90,18,5.58000000000001,-47.23
-12,90,2,3.29,-18.5
-12,90,2.16,4.762,-18.65
-12,90,2.32,5.024,-20.63
-12,90,2.48,6.756,-20.49
-12,90,2.64,7.132,-21.58
-12,90,2.8,8.95,-18.11
-12,90,2.96,11.072,-17.24
-12,90,3.12,8.494,-19.74
-12,90,3.28,8.968,-21.05
-12,90,3.44,8.498,-20.15
-12,90,3.6,7.53,-19.92
-12,90,3.76,6.656,-22.83
-12,90,3.92,7.648,-19.9
-12,90,4.08,7.908,-19.76
-12,90,4.24,7.41400000000001,-21.61
-12,90,4.4,9.47,-20.34
-12,90,4.56,9.584,-20.23
-12,90,4.72,9.256,-20.73
-12,90,4.88,10.07,-20.06
-12,90,5.04,8.72000000000001,-21.33
-12,90,5.2,8.83,-22.59
-12,90,5.36,8.58,-22.22
-12,90,5.52,8.212,-22.07
-12,90,5.68,8.39,-22.98
-12,90,5.84,7.578,-23.87
-12,90,6,6.72,-24.82
-12,90,6.16,7.53,-24.51
-12,90,6.32,7.422,-26.07
-12,90,6.48,7.674,-26.41
-12,90,6.64,8.242,-26.15
-12,90,6.8,7.95,-25.55
-12,90,6.96,7.928,-26.4
-12,90,7.12,8.494,-26.1
-12,90,7.28,8.458,-25.92
-12,90,7.44,8.214,-26.12
-12,90,7.6,7.23,-26.17
-12,90,7.76,7.912,-27.31
-12,90,7.92,7.818,-26.81
-12,90,8.08,7.874,-26.93
-12,90,8.24,7.988,-27.12
-12,90,8.4,8.38,-27
-12,90,8.56,8.64800000000001,-27.63
-12,90,8.72,8.922,-28.38
-12,90,8.88,9.102,-28.04
-12,90,9.04,7.96599999999999,-29.82
-12,90,9.2,8.47,-30.39
-12,90,9.36,8.416,-29.65
-12,90,9.52,7.348,-31.03
-12,90,9.68,7.49,-31.4
-12,90,9.84,8.344,-30.77
-12,90,10,7.65,-31.42
-12,90,10.16,7.002,-32.64
-12,90,10.32,7.698,-31.93
-12,90,10.48,7.902,-31.63
-12,90,10.64,7.532,-32.48
-12,90,10.8,7.52,-32.75
-12,90,10.96,8.354,-31.63
-12,90,11.12,8.244,-32
-12,90,11.28,8.354,-32.09
-12,90,11.44,8.19800000000001,-32.55
-12,90,11.6,7.4,-33.47
-12,90,11.76,7.716,-33.4
-12,90,11.92,7.466,-33.66
-12,90,12.08,8.00000000000001,-34.19
-12,90,12.24,7.126,-35.13
-12,90,12.4,6.84,-35.82
-12,90,12.56,7.12,-36.95
-12,90,12.72,4.43600000000001,-40.12
-12,90,12.88,4.96399999999999,-40.24
-12,90,13.04,7.40199999999999,-39.1
-12,90,13.2,8.45,-38.33
-12,90,13.36,6.24600000000001,-39.97
-12,90,13.52,6.02800000000001,-39.98
-12,90,13.68,7.37,-39.31
-12,90,13.84,7.992,-39.49
-12,90,14,9.51,-38.34
-12,90,14.16,10.594,-37.63
-12,90,14.32,11.934,-37.02
-12,90,14.48,11.196,-40.63
-12,90,14.64,13.846,-35.61
-12,90,14.8,12.83,-35.18
-12,90,14.96,11.568,-35.56
-12,90,15.12,11.35,-35.08
-12,90,15.28,10.89,-35.66
-12,90,15.44,10.774,-35.54
-12,90,15.6,10.39,-36.24
-12,90,15.76,10.362,-36.83
-12,90,15.92,10.428,-36.75
-12,90,16.08,10.278,-37.18
-12,90,16.24,9.96599999999999,-38.16
-12,90,16.4,9.14,-40.67
-12,90,16.56,9.52200000000001,-39.41
-12,90,16.72,9.172,-40.31
-12,90,16.88,9.68600000000001,-40.78
-12,90,17.04,9.72399999999999,-41.53
-12,90,17.2,8.98,-43.45
-12,90,17.36,8.394,-44.25
-12,90,17.52,7.174,-45.36
-12,90,17.68,4.938,-48.14
-12,90,17.84,4.712,-48.2
-12,90,18,5.06,-47.75
-11,90,2,3.27,-18.52
-11,90,2.16,4.972,-18.44
-11,90,2.32,5.064,-20.59
-11,90,2.48,6.876,-20.37
-11,90,2.64,7.212,-21.5
-11,90,2.8,8.84,-18.22
-11,90,2.96,11.152,-17.16
-11,90,3.12,8.564,-19.67
-11,90,3.28,9.158,-20.86
-11,90,3.44,8.558,-20.09
-11,90,3.6,7.58,-19.87
-11,90,3.76,6.826,-22.66
-11,90,3.92,7.518,-20.03
-11,90,4.08,8.078,-19.59
-11,90,4.24,7.64400000000001,-21.38
-11,90,4.4,9.44,-20.37
-11,90,4.56,9.554,-20.26
-11,90,4.72,9.436,-20.55
-11,90,4.88,10.03,-20.1
-11,90,5.04,8.79,-21.26
-11,90,5.2,8.98,-22.44
-11,90,5.36,8.79,-22.01
-11,90,5.52,8.152,-22.13
-11,90,5.68,8.52,-22.85
-11,90,5.84,7.728,-23.72
-11,90,6,6.99,-24.55
-11,90,6.16,7.68,-24.36
-11,90,6.32,7.402,-26.09
-11,90,6.48,7.734,-26.35
-11,90,6.64,8.222,-26.17
-11,90,6.8,7.91,-25.59
-11,90,6.96,8.058,-26.27
-11,90,7.12,8.644,-25.95
-11,90,7.28,8.408,-25.97
-11,90,7.44,8.084,-26.25
-11,90,7.6,7.27,-26.13
-11,90,7.76,8.152,-27.07
-11,90,7.92,7.778,-26.85
-11,90,8.08,7.844,-26.96
-11,90,8.24,8.138,-26.97
-11,90,8.4,8.32,-27.06
-11,90,8.56,8.86800000000001,-27.41
-11,90,8.72,8.972,-28.33
-11,90,8.88,9.012,-28.13
-11,90,9.04,8.206,-29.58
-11,90,9.2,8.82,-30.04
-11,90,9.36,8.596,-29.47
-11,90,9.52,7.268,-31.11
-11,90,9.68,7.88,-31.01
-11,90,9.84,8.344,-30.77
-11,90,10,7.85,-31.22
-11,90,10.16,7.30199999999999,-32.34
-11,90,10.32,7.998,-31.63
-11,90,10.48,8.142,-31.39
-11,90,10.64,7.622,-32.39
-11,90,10.8,7.83000000000001,-32.44
-11,90,10.96,8.544,-31.44
-11,90,11.12,8.394,-31.85
-11,90,11.28,8.39400000000001,-32.05
-11,90,11.44,8.508,-32.24
-11,90,11.6,7.57,-33.3
-11,90,11.76,7.966,-33.15
-11,90,11.92,7.446,-33.68
-11,90,12.08,7.91,-34.28
-11,90,12.24,7.466,-34.79
-11,90,12.4,7.04,-35.62
-11,90,12.56,7.51000000000001,-36.56
-11,90,12.72,4.51600000000001,-40.04
-11,90,12.88,5.20399999999999,-40
-11,90,13.04,7.69199999999999,-38.81
-11,90,13.2,8.83,-37.95
-11,90,13.36,6.38600000000001,-39.83
-11,90,13.52,6.358,-39.65
-11,90,13.68,7.47000000000001,-39.21
-11,90,13.84,8.232,-39.25
-11,90,14,9.75,-38.1
-11,90,14.16,10.584,-37.64
-11,90,14.32,12.314,-36.64
-11,90,14.48,11.646,-40.18
-11,90,14.64,13.906,-35.55
-11,90,14.8,12.98,-35.03
-11,90,14.96,11.908,-35.22
-11,90,15.12,11.63,-34.8
-11,90,15.28,11.09,-35.46
-11,90,15.44,10.934,-35.38
-11,90,15.6,10.55,-36.08
-11,90,15.76,10.642,-36.55
-11,90,15.92,10.788,-36.39
-11,90,16.08,10.758,-36.7
-11,90,16.24,10.256,-37.87
-11,90,16.4,9.27,-40.54
-11,90,16.56,9.73200000000001,-39.2
-11,90,16.72,9.422,-40.06
-11,90,16.88,9.94600000000001,-40.52
-11,90,17.04,10.064,-41.19
-11,90,17.2,9.39,-43.04
-11,90,17.36,8.444,-44.2
-11,90,17.52,7.674,-44.86
-11,90,17.68,5.358,-47.72
-11,90,17.84,4.98200000000001,-47.93
-11,90,18,6,-46.81
-10,90,2,3.27,-18.52
-10,90,2.16,5.212,-18.2
-10,90,2.32,5.074,-20.58
-10,90,2.48,7.006,-20.24
-10,90,2.64,7.242,-21.47
-10,90,2.8,8.71,-18.35
-10,90,2.96,11.232,-17.08
-10,90,3.12,8.654,-19.58
-10,90,3.28,9.338,-20.68
-10,90,3.44,8.668,-19.98
-10,90,3.6,7.51,-19.94
-10,90,3.76,7.116,-22.37
-10,90,3.92,7.368,-20.18
-10,90,4.08,8.248,-19.42
-10,90,4.24,7.82400000000001,-21.2
-10,90,4.4,9.5,-20.31
-10,90,4.56,9.574,-20.24
-10,90,4.72,9.626,-20.36
-10,90,4.88,9.98,-20.15
-10,90,5.04,8.82,-21.23
-10,90,5.2,9.16,-22.26
-10,90,5.36,8.92,-21.88
-10,90,5.52,8.022,-22.26
-10,90,5.68,8.54,-22.83
-10,90,5.84,7.898,-23.55
-10,90,6,7.28,-24.26
-10,90,6.16,7.73,-24.31
-10,90,6.32,7.41200000000001,-26.08
-10,90,6.48,7.794,-26.29
-10,90,6.64,8.312,-26.08
-10,90,6.8,7.96,-25.54
-10,90,6.96,8.288,-26.04
-10,90,7.12,8.774,-25.82
-10,90,7.28,8.338,-26.04
-10,90,7.44,8.054,-26.28
-10,90,7.6,7.3,-26.1
-10,90,7.76,8.312,-26.91
-10,90,7.92,7.688,-26.94
-10,90,8.08,7.844,-26.96
-10,90,8.24,8.178,-26.93
-10,90,8.4,8.29,-27.09
-10,90,8.56,9.05800000000001,-27.22
-10,90,8.72,9.082,-28.22
-10,90,8.88,9.002,-28.14
-10,90,9.04,8.48599999999999,-29.3
-10,90,9.2,8.85,-30.01
-10,90,9.36,8.666,-29.4
-10,90,9.52,7.438,-30.94
-10,90,9.68,8.18,-30.71
-10,90,9.84,8.454,-30.66
-10,90,10,7.9,-31.17
-10,90,10.16,7.432,-32.21
-10,90,10.32,8.028,-31.6
-10,90,10.48,8.492,-31.04
-10,90,10.64,7.872,-32.14
-10,90,10.8,8.11000000000001,-32.16
-10,90,10.96,8.714,-31.27
-10,90,11.12,8.514,-31.73
-10,90,11.28,8.534,-31.91
-10,90,11.44,8.728,-32.02
-10,90,11.6,7.75,-33.12
-10,90,11.76,8.106,-33.01
-10,90,11.92,7.686,-33.44
-10,90,12.08,8.00000000000001,-34.19
-10,90,12.24,7.656,-34.6
-10,90,12.4,7.36,-35.3
-10,90,12.56,7.68000000000001,-36.39
-10,90,12.72,4.65600000000001,-39.9
-10,90,12.88,5.55399999999999,-39.65
-10,90,13.04,7.86199999999999,-38.64
-10,90,13.2,8.84,-37.94
-10,90,13.36,6.39600000000001,-39.82
-10,90,13.52,6.558,-39.45
-10,90,13.68,7.76000000000001,-38.92
-10,90,13.84,8.492,-38.99
-10,90,14,9.94,-37.91
-10,90,14.16,10.624,-37.6
-10,90,14.32,12.414,-36.54
-10,90,14.48,11.846,-39.98
-10,90,14.64,14.056,-35.4
-10,90,14.8,13,-35.01
-10,90,14.96,12.038,-35.09
-10,90,15.12,12.02,-34.41
-10,90,15.28,11.31,-35.24
-10,90,15.44,11.184,-35.13
-10,90,15.6,10.72,-35.91
-10,90,15.76,10.602,-36.59
-10,90,15.92,10.768,-36.41
-10,90,16.08,10.768,-36.69
-10,90,16.24,10.326,-37.8
-10,90,16.4,9.47,-40.34
-10,90,16.56,9.94200000000001,-38.99
-10,90,16.72,9.472,-40.01
-10,90,16.88,10.256,-40.21
-10,90,17.04,10.394,-40.86
-10,90,17.2,9.64,-42.79
-10,90,17.36,8.374,-44.27
-10,90,17.52,7.854,-44.68
-10,90,17.68,5.77800000000001,-47.3
-10,90,17.84,4.70200000000001,-48.21
-10,90,18,5.87,-46.94
-9,90,2,3.29,-18.5
-9,90,2.16,5.442,-17.97
-9,90,2.32,5.134,-20.52
-9,90,2.48,7.116,-20.13
-9,90,2.64,7.252,-21.46
-9,90,2.8,8.6,-18.46
-9,90,2.96,11.322,-16.99
-9,90,3.12,8.724,-19.51
-9,90,3.28,9.508,-20.51
-9,90,3.44,8.798,-19.85
-9,90,3.6,7.47,-19.98
-9,90,3.76,7.446,-22.04
-9,90,3.92,7.258,-20.29
-9,90,4.08,8.358,-19.31
-9,90,4.24,7.974,-21.05
-9,90,4.4,9.55,-20.26
-9,90,4.56,9.644,-20.17
-9,90,4.72,9.756,-20.23
-9,90,4.88,9.9,-20.23
-9,90,5.04,8.8,-21.25
-9,90,5.2,9.38,-22.04
-9,90,5.36,9.14,-21.66
-9,90,5.52,7.992,-22.29
-9,90,5.68,8.53,-22.84
-9,90,5.84,8.008,-23.44
-9,90,6,7.48,-24.06
-9,90,6.16,7.68,-24.36
-9,90,6.32,7.352,-26.14
-9,90,6.48,7.794,-26.29
-9,90,6.64,8.452,-25.94
-9,90,6.8,8,-25.5
-9,90,6.96,8.448,-25.88
-9,90,7.12,8.854,-25.74
-9,90,7.28,8.268,-26.11
-9,90,7.44,8.094,-26.24
-9,90,7.6,7.41,-25.99
-9,90,7.76,8.312,-26.91
-9,90,7.92,7.718,-26.91
-9,90,8.08,7.884,-26.92
-9,90,8.24,8.238,-26.87
-9,90,8.4,8.21,-27.17
-9,90,8.56,9.13800000000001,-27.14
-9,90,8.72,9.222,-28.08
-9,90,8.88,9.102,-28.04
-9,90,9.04,8.68599999999999,-29.1
-9,90,9.2,8.89,-29.97
-9,90,9.36,8.496,-29.57
-9,90,9.52,7.768,-30.61
-9,90,9.68,8.32,-30.57
-9,90,9.84,8.594,-30.52
-9,90,10,8.07,-31
-9,90,10.16,7.70199999999999,-31.94
-9,90,10.32,8.178,-31.45
-9,90,10.48,8.532,-31
-9,90,10.64,8.122,-31.89
-9,90,10.8,8.37,-31.9
-9,90,10.96,8.924,-31.06
-9,90,11.12,8.574,-31.67
-9,90,11.28,8.874,-31.57
-9,90,11.44,8.858,-31.89
-9,90,11.6,7.7,-33.17
-9,90,11.76,8.346,-32.77
-9,90,11.92,8.006,-33.12
-9,90,12.08,8.2,-33.99
-9,90,12.24,7.906,-34.35
-9,90,12.4,7.48999999999999,-35.17
-9,90,12.56,7.86000000000001,-36.21
-9,90,12.72,4.87600000000001,-39.68
-9,90,12.88,5.63399999999999,-39.57
-9,90,13.04,8.132,-38.37
-9,90,13.2,9.01,-37.77
-9,90,13.36,6.77600000000001,-39.44
-9,90,13.52,6.628,-39.38
-9,90,13.68,7.96000000000001,-38.72
-9,90,13.84,8.702,-38.78
-9,90,14,10.24,-37.61
-9,90,14.16,10.974,-37.25
-9,90,14.32,12.324,-36.63
-9,90,14.48,11.976,-39.85
-9,90,14.64,14.216,-35.24
-9,90,14.8,13.14,-34.87
-9,90,14.96,12.328,-34.8
-9,90,15.12,12.16,-34.27
-9,90,15.28,11.35,-35.2
-9,90,15.44,11.194,-35.12
-9,90,15.6,10.92,-35.71
-9,90,15.76,10.822,-36.37
-9,90,15.92,10.818,-36.36
-9,90,16.08,10.808,-36.65
-9,90,16.24,10.416,-37.71
-9,90,16.4,9.66,-40.15
-9,90,16.56,9.98200000000001,-38.95
-9,90,16.72,9.882,-39.6
-9,90,16.88,10.496,-39.97
-9,90,17.04,10.284,-40.97
-9,90,17.2,9.43,-43
-9,90,17.36,8.654,-43.99
-9,90,17.52,7.894,-44.64
-9,90,17.68,5.808,-47.27
-9,90,17.84,5.34200000000001,-47.57
-9,90,18,5.96,-46.85
-8,90,2,3.33,-18.46
-8,90,2.16,5.672,-17.74
-8,90,2.32,5.184,-20.47
-8,90,2.48,7.166,-20.08
-8,90,2.64,7.252,-21.46
-8,90,2.8,8.55,-18.51
-8,90,2.96,11.432,-16.88
-8,90,3.12,8.784,-19.45
-8,90,3.28,9.608,-20.41
-8,90,3.44,8.888,-19.76
-8,90,3.6,7.37,-20.08
-8,90,3.76,7.786,-21.7
-8,90,3.92,7.228,-20.32
-8,90,4.08,8.458,-19.21
-8,90,4.24,8.004,-21.02
-8,90,4.4,9.64,-20.17
-8,90,4.56,9.734,-20.08
-8,90,4.72,9.826,-20.16
-8,90,4.88,9.89,-20.24
-8,90,5.04,8.78,-21.27
-8,90,5.2,9.55,-21.87
-8,90,5.36,9.37,-21.43
-8,90,5.52,8.072,-22.21
-8,90,5.68,8.53,-22.84
-8,90,5.84,8.078,-23.37
-8,90,6,7.61,-23.93
-8,90,6.16,7.58,-24.46
-8,90,6.32,7.372,-26.12
-8,90,6.48,7.894,-26.19
-8,90,6.64,8.582,-25.81
-8,90,6.8,8.13,-25.37
-8,90,6.96,8.528,-25.8
-8,90,7.12,8.854,-25.74
-8,90,7.28,8.258,-26.12
-8,90,7.44,8.154,-26.18
-8,90,7.6,7.47,-25.93
-8,90,7.76,8.192,-27.03
-8,90,7.92,7.678,-26.95
-8,90,8.08,7.964,-26.84
-8,90,8.24,8.258,-26.85
-8,90,8.4,8.31,-27.07
-8,90,8.56,9.09800000000001,-27.18
-8,90,8.72,9.352,-27.95
-8,90,8.88,9.242,-27.9
-8,90,9.04,8.69599999999999,-29.09
-8,90,9.2,8.85,-30.01
-8,90,9.36,8.356,-29.71
-8,90,9.52,8.168,-30.21
-8,90,9.68,8.41,-30.48
-8,90,9.84,8.704,-30.41
-8,90,10,8.19,-30.88
-8,90,10.16,7.86199999999999,-31.78
-8,90,10.32,8.428,-31.2
-8,90,10.48,8.442,-31.09
-8,90,10.64,8.352,-31.66
-8,90,10.8,8.51,-31.76
-8,90,10.96,9.074,-30.91
-8,90,11.12,8.574,-31.67
-8,90,11.28,9.084,-31.36
-8,90,11.44,8.95800000000001,-31.79
-8,90,11.6,7.82,-33.05
-8,90,11.76,8.436,-32.68
-8,90,11.92,8.266,-32.86
-8,90,12.08,8.48,-33.71
-8,90,12.24,7.866,-34.39
-8,90,12.4,7.52999999999999,-35.13
-8,90,12.56,8.12,-35.95
-8,90,12.72,5.13600000000001,-39.42
-8,90,12.88,5.794,-39.41
-8,90,13.04,8.252,-38.25
-8,90,13.2,9.35,-37.43
-8,90,13.36,6.84600000000001,-39.37
-8,90,13.52,6.648,-39.36
-8,90,13.68,8.06000000000001,-38.62
-8,90,13.84,9.102,-38.38
-8,90,14,10.19,-37.66
-8,90,14.16,10.954,-37.27
-8,90,14.32,12.374,-36.58
-8,90,14.48,11.946,-39.88
-8,90,14.64,14.116,-35.34
-8,90,14.8,13.15,-34.86
-8,90,14.96,12.528,-34.6
-8,90,15.12,12.25,-34.18
-8,90,15.28,11.33,-35.22
-8,90,15.44,11.264,-35.05
-8,90,15.6,10.93,-35.7
-8,90,15.76,10.692,-36.5
-8,90,15.92,10.798,-36.38
-8,90,16.08,10.928,-36.53
-8,90,16.24,10.366,-37.76
-8,90,16.4,9.69,-40.12
-8,90,16.56,9.86200000000001,-39.07
-8,90,16.72,9.452,-40.03
-8,90,16.88,10.246,-40.22
-8,90,17.04,10.514,-40.74
-8,90,17.2,9.52,-42.91
-8,90,17.36,8.534,-44.11
-8,90,17.52,8.094,-44.44
-8,90,17.68,5.588,-47.49
-8,90,17.84,5.40200000000001,-47.51
-8,90,18,6.34,-46.47
-7,90,2,3.37,-18.42
-7,90,2.16,5.872,-17.54
-7,90,2.32,5.214,-20.44
-7,90,2.48,7.206,-20.04
-7,90,2.64,7.222,-21.49
-7,90,2.8,8.54,-18.52
-7,90,2.96,11.532,-16.78
-7,90,3.12,8.844,-19.39
-7,90,3.28,9.658,-20.36
-7,90,3.44,8.968,-19.68
-7,90,3.6,7.33,-20.12
-7,90,3.76,8.066,-21.42
-7,90,3.92,7.308,-20.24
-7,90,4.08,8.508,-19.16
-7,90,4.24,7.994,-21.03
-7,90,4.4,9.76,-20.05
-7,90,4.56,9.864,-19.95
-7,90,4.72,9.866,-20.12
-7,90,4.88,9.87,-20.26
-7,90,5.04,8.75,-21.3
-7,90,5.2,9.67,-21.75
-7,90,5.36,9.56,-21.24
-7,90,5.52,8.302,-21.98
-7,90,5.68,8.65,-22.72
-7,90,5.84,8.108,-23.34
-7,90,6,7.64,-23.9
-7,90,6.16,7.51,-24.53
-7,90,6.32,7.52200000000001,-25.97
-7,90,6.48,8.044,-26.04
-7,90,6.64,8.792,-25.6
-7,90,6.8,8.24,-25.26
-7,90,6.96,8.558,-25.77
-7,90,7.12,8.884,-25.71
-7,90,7.28,8.348,-26.03
-7,90,7.44,8.224,-26.11
-7,90,7.6,7.53,-25.87
-7,90,7.76,8.022,-27.2
-7,90,7.92,7.568,-27.06
-7,90,8.08,7.994,-26.81
-7,90,8.24,8.358,-26.75
-7,90,8.4,8.46,-26.92
-7,90,8.56,8.98800000000001,-27.29
-7,90,8.72,9.522,-27.78
-7,90,8.88,9.262,-27.88
-7,90,9.04,8.706,-29.08
-7,90,9.2,8.8,-30.06
-7,90,9.36,8.426,-29.64
-7,90,9.52,8.468,-29.91
-7,90,9.68,8.53,-30.36
-7,90,9.84,8.55400000000001,-30.56
-7,90,10,8.3,-30.77
-7,90,10.16,7.802,-31.84
-7,90,10.32,8.478,-31.15
-7,90,10.48,8.502,-31.03
-7,90,10.64,8.422,-31.59
-7,90,10.8,8.6,-31.67
-7,90,10.96,9.384,-30.6
-7,90,11.12,8.824,-31.42
-7,90,11.28,9.284,-31.16
-7,90,11.44,9.178,-31.57
-7,90,11.6,8.08,-32.79
-7,90,11.76,8.566,-32.55
-7,90,11.92,8.396,-32.73
-7,90,12.08,8.57000000000001,-33.62
-7,90,12.24,8.186,-34.07
-7,90,12.4,7.81999999999999,-34.84
-7,90,12.56,8.24000000000001,-35.83
-7,90,12.72,5.34600000000001,-39.21
-7,90,12.88,5.95399999999999,-39.25
-7,90,13.04,8.37199999999999,-38.13
-7,90,13.2,9.57,-37.21
-7,90,13.36,6.91600000000001,-39.3
-7,90,13.52,6.868,-39.14
-7,90,13.68,8.36000000000001,-38.32
-7,90,13.84,9.342,-38.14
-7,90,14,10.18,-37.67
-7,90,14.16,11.064,-37.16
-7,90,14.32,12.474,-36.48
-7,90,14.48,12.206,-39.62
-7,90,14.64,14.006,-35.45
-7,90,14.8,13.07,-34.94
-7,90,14.96,12.508,-34.62
-7,90,15.12,12.14,-34.29
-7,90,15.28,11.26,-35.29
-7,90,15.44,11.454,-34.86
-7,90,15.6,10.96,-35.67
-7,90,15.76,10.522,-36.67
-7,90,15.92,10.808,-36.37
-7,90,16.08,10.768,-36.69
-7,90,16.24,10.476,-37.65
-7,90,16.4,9.65000000000001,-40.16
-7,90,16.56,9.81200000000001,-39.12
-7,90,16.72,9.542,-39.94
-7,90,16.88,10.196,-40.27
-7,90,17.04,10.254,-41
-7,90,17.2,9.54,-42.89
-7,90,17.36,8.824,-43.82
-7,90,17.52,7.534,-45
-7,90,17.68,5.95800000000001,-47.12
-7,90,17.84,5.45200000000001,-47.46
-7,90,18,6.15000000000001,-46.66
-6,90,2,3.45,-18.34
-6,90,2.16,6.062,-17.35
-6,90,2.32,5.294,-20.36
-6,90,2.48,7.216,-20.03
-6,90,2.64,7.122,-21.59
-6,90,2.8,8.6,-18.46
-6,90,2.96,11.622,-16.69
-6,90,3.12,8.894,-19.34
-6,90,3.28,9.608,-20.41
-6,90,3.44,9.068,-19.58
-6,90,3.6,7.32,-20.13
-6,90,3.76,8.196,-21.29
-6,90,3.92,7.418,-20.13
-6,90,4.08,8.518,-19.15
-6,90,4.24,7.934,-21.09
-6,90,4.4,9.88,-19.93
-6,90,4.56,9.964,-19.85
-6,90,4.72,9.896,-20.09
-6,90,4.88,9.87,-20.26
-6,90,5.04,8.75,-21.3
-6,90,5.2,9.7,-21.72
-6,90,5.36,9.66,-21.14
-6,90,5.52,8.562,-21.72
-6,90,5.68,8.82,-22.55
-6,90,5.84,8.098,-23.35
-6,90,6,7.62,-23.92
-6,90,6.16,7.37,-24.67
-6,90,6.32,7.762,-25.73
-6,90,6.48,8.204,-25.88
-6,90,6.64,8.892,-25.5
-6,90,6.8,8.33,-25.17
-6,90,6.96,8.508,-25.82
-6,90,7.12,8.894,-25.7
-6,90,7.28,8.448,-25.93
-6,90,7.44,8.124,-26.21
-6,90,7.6,7.6,-25.8
-6,90,7.76,7.982,-27.24
-6,90,7.92,7.478,-27.15
-6,90,8.08,8.124,-26.68
-6,90,8.24,8.498,-26.61
-6,90,8.4,8.55,-26.83
-6,90,8.56,8.98800000000001,-27.29
-6,90,8.72,9.522,-27.78
-6,90,8.88,9.342,-27.8
-6,90,9.04,8.80599999999999,-28.98
-6,90,9.2,9,-29.86
-6,90,9.36,8.736,-29.33
-6,90,9.52,8.568,-29.81
-6,90,9.68,8.72,-30.17
-6,90,9.84,8.48400000000001,-30.63
-6,90,10,8.59,-30.48
-6,90,10.16,8.13199999999999,-31.51
-6,90,10.32,8.618,-31.01
-6,90,10.48,8.602,-30.93
-6,90,10.64,8.632,-31.38
-6,90,10.8,8.71,-31.56
-6,90,10.96,9.494,-30.49
-6,90,11.12,8.944,-31.3
-6,90,11.28,9.424,-31.02
-6,90,11.44,9.408,-31.34
-6,90,11.6,8.21,-32.66
-6,90,11.76,8.816,-32.3
-6,90,11.92,8.506,-32.62
-6,90,12.08,8.55,-33.64
-6,90,12.24,8.246,-34.01
-6,90,12.4,8.05,-34.61
-6,90,12.56,8.40000000000001,-35.67
-6,90,12.72,5.37600000000001,-39.18
-6,90,12.88,5.86399999999999,-39.34
-6,90,13.04,8.55199999999999,-37.95
-6,90,13.2,9.6,-37.18
-6,90,13.36,6.93600000000001,-39.28
-6,90,13.52,7.02800000000001,-38.98
-6,90,13.68,8.53000000000001,-38.15
-6,90,13.84,9.302,-38.18
-6,90,14,10.36,-37.49
-6,90,14.16,11.194,-37.03
-6,90,14.32,12.504,-36.45
-6,90,14.48,12.126,-39.7
-6,90,14.64,13.746,-35.71
-6,90,14.8,13.24,-34.77
-6,90,14.96,12.478,-34.65
-6,90,15.12,11.93,-34.5
-6,90,15.28,11.18,-35.37
-6,90,15.44,11.404,-34.91
-6,90,15.6,10.95,-35.68
-6,90,15.76,10.662,-36.53
-6,90,15.92,10.698,-36.48
-6,90,16.08,10.738,-36.72
-6,90,16.24,10.206,-37.92
-6,90,16.4,9.51000000000001,-40.3
-6,90,16.56,9.69200000000001,-39.24
-6,90,16.72,9.842,-39.64
-6,90,16.88,10.266,-40.2
-6,90,17.04,10.214,-41.04
-6,90,17.2,9.36,-43.07
-6,90,17.36,8.494,-44.15
-6,90,17.52,7.904,-44.63
-6,90,17.68,5.518,-47.56
-6,90,17.84,5.26200000000001,-47.65
-6,90,18,6.42,-46.39
-5,90,2,3.54,-18.25
-5,90,2.16,6.232,-17.18
-5,90,2.32,5.364,-20.29
-5,90,2.48,7.216,-20.03
-5,90,2.64,7.032,-21.68
-5,90,2.8,8.7,-18.36
-5,90,2.96,11.682,-16.63
-5,90,3.12,8.954,-19.28
-5,90,3.28,9.558,-20.46
-5,90,3.44,9.098,-19.55
-5,90,3.6,7.39,-20.06
-5,90,3.76,8.226,-21.26
-5,90,3.92,7.538,-20.01
-5,90,4.08,8.508,-19.16
-5,90,4.24,7.934,-21.09
-5,90,4.4,10,-19.81
-5,90,4.56,10.044,-19.77
-5,90,4.72,9.92600000000001,-20.06
-5,90,4.88,9.89,-20.24
-5,90,5.04,8.75,-21.3
-5,90,5.2,9.64,-21.78
-5,90,5.36,9.66,-21.14
-5,90,5.52,8.742,-21.54
-5,90,5.68,9.03,-22.34
-5,90,5.84,8.008,-23.44
-5,90,6,7.52,-24.02
-5,90,6.16,7.32,-24.72
-5,90,6.32,8.052,-25.44
-5,90,6.48,8.304,-25.78
-5,90,6.64,8.902,-25.49
-5,90,6.8,8.4,-25.1
-5,90,6.96,8.468,-25.86
-5,90,7.12,8.934,-25.66
-5,90,7.28,8.538,-25.84
-5,90,7.44,7.904,-26.43
-5,90,7.6,7.71,-25.69
-5,90,7.76,8.002,-27.22
-5,90,7.92,7.458,-27.17
-5,90,8.08,8.154,-26.65
-5,90,8.24,8.628,-26.48
-5,90,8.4,8.49,-26.89
-5,90,8.56,9.108,-27.17
-5,90,8.72,9.512,-27.79
-5,90,8.88,9.322,-27.82
-5,90,9.04,8.91599999999999,-28.87
-5,90,9.2,8.93,-29.93
-5,90,9.36,9.066,-29
-5,90,9.52,8.588,-29.79
-5,90,9.68,8.79,-30.1
-5,90,9.84,8.48400000000001,-30.63
-5,90,10,8.81,-30.26
-5,90,10.16,8.282,-31.36
-5,90,10.32,8.658,-30.97
-5,90,10.48,8.802,-30.73
-5,90,10.64,8.712,-31.3
-5,90,10.8,8.95,-31.32
-5,90,10.96,9.474,-30.51
-5,90,11.12,9.084,-31.16
-5,90,11.28,9.674,-30.77
-5,90,11.44,9.558,-31.19
-5,90,11.6,8.12,-32.75
-5,90,11.76,8.916,-32.2
-5,90,11.92,8.646,-32.48
-5,90,12.08,8.59,-33.6
-5,90,12.24,8.406,-33.85
-5,90,12.4,8.25,-34.41
-5,90,12.56,8.70000000000001,-35.37
-5,90,12.72,5.55600000000001,-39
-5,90,12.88,6.14399999999999,-39.06
-5,90,13.04,8.562,-37.94
-5,90,13.2,9.81,-36.97
-5,90,13.36,7.126,-39.09
-5,90,13.52,6.968,-39.04
-5,90,13.68,8.61000000000001,-38.07
-5,90,13.84,9.292,-38.19
-5,90,14,10.49,-37.36
-5,90,14.16,11.354,-36.87
-5,90,14.32,12.384,-36.57
-5,90,14.48,11.926,-39.9
-5,90,14.64,13.726,-35.73
-5,90,14.8,13.19,-34.82
-5,90,14.96,12.508,-34.62
-5,90,15.12,11.83,-34.6
-5,90,15.28,11.13,-35.42
-5,90,15.44,11.334,-34.98
-5,90,15.6,10.88,-35.75
-5,90,15.76,10.352,-36.84
-5,90,15.92,10.748,-36.43
-5,90,16.08,10.868,-36.59
-5,90,16.24,10.066,-38.06
-5,90,16.4,9.39,-40.42
-5,90,16.56,9.61200000000001,-39.32
-5,90,16.72,9.582,-39.9
-5,90,16.88,10.076,-40.39
-5,90,17.04,10.024,-41.23
-5,90,17.2,9.35,-43.08
-5,90,17.36,8.354,-44.29
-5,90,17.52,7.504,-45.03
-5,90,17.68,5.148,-47.93
-5,90,17.84,5.33200000000001,-47.58
-5,90,18,6.75,-46.06
-4,90,2,3.63,-18.16
-4,90,2.16,6.362,-17.05
-4,90,2.32,5.414,-20.24
-4,90,2.48,7.166,-20.08
-4,90,2.64,6.922,-21.79
-4,90,2.8,8.81,-18.25
-4,90,2.96,11.702,-16.61
-4,90,3.12,8.984,-19.25
-4,90,3.28,9.458,-20.56
-4,90,3.44,9.158,-19.49
-4,90,3.6,7.58,-19.87
-4,90,3.76,8.126,-21.36
-4,90,3.92,7.648,-19.9
-4,90,4.08,8.478,-19.19
-4,90,4.24,7.94400000000001,-21.08
-4,90,4.4,10.03,-19.78
-4,90,4.56,10.064,-19.75
-4,90,4.72,9.936,-20.05
-4,90,4.88,9.96,-20.17
-4,90,5.04,8.84,-21.21
-4,90,5.2,9.59,-21.83
-4,90,5.36,9.68,-21.12
-4,90,5.52,8.792,-21.49
-4,90,5.68,9.09,-22.28
-4,90,5.84,7.948,-23.5
-4,90,6,7.49,-24.05
-4,90,6.16,7.36,-24.68
-4,90,6.32,8.242,-25.25
-4,90,6.48,8.314,-25.77
-4,90,6.64,8.882,-25.51
-4,90,6.8,8.34,-25.16
-4,90,6.96,8.488,-25.84
-4,90,7.12,8.994,-25.6
-4,90,7.28,8.528,-25.85
-4,90,7.44,7.784,-26.55
-4,90,7.6,7.73,-25.67
-4,90,7.76,8.092,-27.13
-4,90,7.92,7.488,-27.14
-4,90,8.08,8.234,-26.57
-4,90,8.24,8.578,-26.53
-4,90,8.4,8.33,-27.05
-4,90,8.56,9.268,-27.01
-4,90,8.72,9.422,-27.88
-4,90,8.88,9.432,-27.71
-4,90,9.04,8.94599999999999,-28.84
-4,90,9.2,8.93,-29.93
-4,90,9.36,9.226,-28.84
-4,90,9.52,8.758,-29.62
-4,90,9.68,8.75,-30.14
-4,90,9.84,8.504,-30.61
-4,90,10,8.85,-30.22
-4,90,10.16,8.582,-31.06
-4,90,10.32,8.698,-30.93
-4,90,10.48,8.902,-30.63
-4,90,10.64,8.912,-31.1
-4,90,10.8,9.19,-31.08
-4,90,10.96,9.414,-30.57
-4,90,11.12,9.394,-30.85
-4,90,11.28,9.944,-30.5
-4,90,11.44,9.66800000000001,-31.08
-4,90,11.6,8.25,-32.62
-4,90,11.76,9.146,-31.97
-4,90,11.92,8.85599999999999,-32.27
-4,90,12.08,8.71000000000001,-33.48
-4,90,12.24,8.506,-33.75
-4,90,12.4,8.33,-34.33
-4,90,12.56,8.63000000000001,-35.44
-4,90,12.72,5.58600000000001,-38.97
-4,90,12.88,6.25399999999999,-38.95
-4,90,13.04,8.782,-37.72
-4,90,13.2,10.02,-36.76
-4,90,13.36,7.15600000000001,-39.06
-4,90,13.52,6.978,-39.03
-4,90,13.68,8.74000000000001,-37.94
-4,90,13.84,9.702,-37.78
-4,90,14,10.52,-37.33
-4,90,14.16,11.194,-37.03
-4,90,14.32,12.444,-36.51
-4,90,14.48,11.676,-40.15
-4,90,14.64,13.426,-36.03
-4,90,14.8,13.15,-34.86
-4,90,14.96,12.598,-34.53
-4,90,15.12,11.76,-34.67
-4,90,15.28,11.1,-35.45
-4,90,15.44,11.454,-34.86
-4,90,15.6,10.64,-35.99
-4,90,15.76,10.012,-37.18
-4,90,15.92,10.628,-36.55
-4,90,16.08,10.688,-36.77
-4,90,16.24,9.80599999999999,-38.32
-4,90,16.4,9.25,-40.56
-4,90,16.56,9.58200000000001,-39.35
-4,90,16.72,9.482,-40
-4,90,16.88,9.78600000000001,-40.68
-4,90,17.04,9.58399999999999,-41.67
-4,90,17.2,9.07,-43.36
-4,90,17.36,8.30399999999999,-44.34
-4,90,17.52,7.794,-44.74
-4,90,17.68,4.728,-48.35
-4,90,17.84,5.312,-47.6
-4,90,18,6.51000000000001,-46.3
-3,90,2,3.73,-18.06
-3,90,2.16,6.452,-16.96
-3,90,2.32,5.484,-20.17
-3,90,2.48,7.106,-20.14
-3,90,2.64,6.792,-21.92
-3,90,2.8,8.89,-18.17
-3,90,2.96,11.662,-16.65
-3,90,3.12,9.044,-19.19
-3,90,3.28,9.308,-20.71
-3,90,3.44,9.268,-19.38
-3,90,3.6,7.85,-19.6
-3,90,3.76,8.006,-21.48
-3,90,3.92,7.718,-19.83
-3,90,4.08,8.448,-19.22
-3,90,4.24,8.014,-21.01
-3,90,4.4,10.01,-19.8
-3,90,4.56,10.064,-19.75
-3,90,4.72,9.92600000000001,-20.06
-3,90,4.88,10.07,-20.06
-3,90,5.04,8.92000000000001,-21.13
-3,90,5.2,9.58,-21.84
-3,90,5.36,9.77,-21.03
-3,90,5.52,8.702,-21.58
-3,90,5.68,9.18,-22.19
-3,90,5.84,7.958,-23.49
-3,90,6,7.72,-23.82
-3,90,6.16,7.5,-24.54
-3,90,6.32,8.222,-25.27
-3,90,6.48,8.314,-25.77
-3,90,6.64,8.812,-25.58
-3,90,6.8,8.34,-25.16
-3,90,6.96,8.578,-25.75
-3,90,7.12,9.124,-25.47
-3,90,7.28,8.558,-25.82
-3,90,7.44,7.894,-26.44
-3,90,7.6,7.76,-25.64
-3,90,7.76,8.162,-27.06
-3,90,7.92,7.668,-26.96
-3,90,8.08,8.324,-26.48
-3,90,8.24,8.418,-26.69
-3,90,8.4,8.28,-27.1
-3,90,8.56,9.36800000000001,-26.91
-3,90,8.72,9.202,-28.1
-3,90,8.88,9.45199999999999,-27.69
-3,90,9.04,8.886,-28.9
-3,90,9.2,9.02,-29.84
-3,90,9.36,9.246,-28.82
-3,90,9.52,8.938,-29.44
-3,90,9.68,8.63,-30.26
-3,90,9.84,8.674,-30.44
-3,90,10,8.85,-30.22
-3,90,10.16,8.572,-31.07
-3,90,10.32,8.828,-30.8
-3,90,10.48,8.902,-30.63
-3,90,10.64,8.972,-31.04
-3,90,10.8,9.26,-31.01
-3,90,10.96,9.484,-30.5
-3,90,11.12,9.384,-30.86
-3,90,11.28,9.794,-30.65
-3,90,11.44,9.66800000000001,-31.08
-3,90,11.6,8.46,-32.41
-3,90,11.76,9.186,-31.93
-3,90,11.92,8.946,-32.18
-3,90,12.08,8.77,-33.42
-3,90,12.24,8.656,-33.6
-3,90,12.4,8.52,-34.14
-3,90,12.56,8.84000000000001,-35.23
-3,90,12.72,5.64600000000002,-38.91
-3,90,12.88,6.374,-38.83
-3,90,13.04,8.79199999999999,-37.71
-3,90,13.2,10.06,-36.72
-3,90,13.36,7.19600000000001,-39.02
-3,90,13.52,6.988,-39.02
-3,90,13.68,8.87,-37.81
-3,90,13.84,10.002,-37.48
-3,90,14,10.45,-37.4
-3,90,14.16,11.284,-36.94
-3,90,14.32,12.574,-36.38
-3,90,14.48,11.636,-40.19
-3,90,14.64,13.226,-36.23
-3,90,14.8,13.14,-34.87
-3,90,14.96,12.438,-34.69
-3,90,15.12,11.52,-34.91
-3,90,15.28,10.92,-35.63
-3,90,15.44,11.224,-35.09
-3,90,15.6,10.76,-35.87
-3,90,15.76,10.122,-37.07
-3,90,15.92,10.558,-36.62
-3,90,16.08,10.778,-36.68
-3,90,16.24,10.096,-38.03
-3,90,16.4,9.07,-40.74
-3,90,16.56,9.31200000000001,-39.62
-3,90,16.72,9.272,-40.21
-3,90,16.88,9.59600000000001,-40.87
-3,90,17.04,9.48399999999999,-41.77
-3,90,17.2,8.87,-43.56
-3,90,17.36,8.364,-44.28
-3,90,17.52,7.374,-45.16
-3,90,17.68,4.95800000000001,-48.12
-3,90,17.84,5.47200000000001,-47.44
-3,90,18,6.39,-46.42
-2,90,2,3.82,-17.97
-2,90,2.16,6.522,-16.89
-2,90,2.32,5.504,-20.15
-2,90,2.48,7.076,-20.17
-2,90,2.64,6.722,-21.99
-2,90,2.8,8.97,-18.09
-2,90,2.96,11.602,-16.71
-2,90,3.12,9.134,-19.1
-2,90,3.28,9.128,-20.89
-2,90,3.44,9.358,-19.29
-2,90,3.6,8.12,-19.33
-2,90,3.76,7.856,-21.63
-2,90,3.92,7.758,-19.79
-2,90,4.08,8.438,-19.23
-2,90,4.24,8.12400000000001,-20.9
-2,90,4.4,9.94,-19.87
-2,90,4.56,10.064,-19.75
-2,90,4.72,9.916,-20.07
-2,90,4.88,10.15,-19.98
-2,90,5.04,9.04,-21.01
-2,90,5.2,9.6,-21.82
-2,90,5.36,9.8,-21
-2,90,5.52,8.452,-21.83
-2,90,5.68,9.26,-22.11
-2,90,5.84,8.088,-23.36
-2,90,6,7.9,-23.64
-2,90,6.16,7.61,-24.43
-2,90,6.32,8.09200000000001,-25.4
-2,90,6.48,8.254,-25.83
-2,90,6.64,8.822,-25.57
-2,90,6.8,8.31,-25.19
-2,90,6.96,8.558,-25.77
-2,90,7.12,9.174,-25.42
-2,90,7.28,8.448,-25.93
-2,90,7.44,8.114,-26.22
-2,90,7.6,7.77,-25.63
-2,90,7.76,8.142,-27.08
-2,90,7.92,7.738,-26.89
-2,90,8.08,8.394,-26.41
-2,90,8.24,8.398,-26.71
-2,90,8.4,8.26,-27.12
-2,90,8.56,9.41800000000001,-26.86
-2,90,8.72,9.302,-28
-2,90,8.88,9.432,-27.71
-2,90,9.04,8.87599999999999,-28.91
-2,90,9.2,9.02,-29.84
-2,90,9.36,9.166,-28.9
-2,90,9.52,9.078,-29.3
-2,90,9.68,8.49,-30.4
-2,90,9.84,8.834,-30.28
-2,90,10,8.81,-30.26
-2,90,10.16,8.572,-31.07
-2,90,10.32,8.828,-30.8
-2,90,10.48,8.95200000000001,-30.58
-2,90,10.64,9.022,-30.99
-2,90,10.8,9.35,-30.92
-2,90,10.96,9.654,-30.33
-2,90,11.12,9.424,-30.82
-2,90,11.28,9.714,-30.73
-2,90,11.44,9.788,-30.96
-2,90,11.6,8.61,-32.26
-2,90,11.76,9.196,-31.92
-2,90,11.92,8.92599999999999,-32.2
-2,90,12.08,8.88,-33.31
-2,90,12.24,8.906,-33.35
-2,90,12.4,8.59999999999999,-34.06
-2,90,12.56,8.92000000000001,-35.15
-2,90,12.72,5.58600000000001,-38.97
-2,90,12.88,6.624,-38.58
-2,90,13.04,8.87199999999999,-37.63
-2,90,13.2,9.96,-36.82
-2,90,13.36,7.36600000000001,-38.85
-2,90,13.52,7.018,-38.99
-2,90,13.68,9.06000000000001,-37.62
-2,90,13.84,9.872,-37.61
-2,90,14,10.52,-37.33
-2,90,14.16,11.194,-37.03
-2,90,14.32,12.544,-36.41
-2,90,14.48,11.556,-40.27
-2,90,14.64,13.196,-36.26
-2,90,14.8,13.24,-34.77
-2,90,14.96,12.378,-34.75
-2,90,15.12,11.69,-34.74
-2,90,15.28,10.79,-35.76
-2,90,15.44,11.124,-35.19
-2,90,15.6,10.55,-36.08
-2,90,15.76,9.892,-37.3
-2,90,15.92,10.448,-36.73
-2,90,16.08,10.638,-36.82
-2,90,16.24,9.73599999999999,-38.39
-2,90,16.4,8.90000000000001,-40.91
-2,90,16.56,9.35200000000001,-39.58
-2,90,16.72,9.232,-40.25
-2,90,16.88,9.60600000000001,-40.86
-2,90,17.04,9.62399999999999,-41.63
-2,90,17.2,8.93,-43.5
-2,90,17.36,8.454,-44.19
-2,90,17.52,7.334,-45.2
-2,90,17.68,5.048,-48.03
-2,90,17.84,5.44200000000001,-47.47
-2,90,18,6.17,-46.64
-1,90,2,3.92,-17.87
-1,90,2.16,6.552,-16.86
-1,90,2.32,5.554,-20.1
-1,90,2.48,7.036,-20.21
-1,90,2.64,6.672,-22.04
-1,90,2.8,9.02,-18.04
-1,90,2.96,11.522,-16.79
-1,90,3.12,9.194,-19.04
-1,90,3.28,8.998,-21.02
-1,90,3.44,9.418,-19.23
-1,90,3.6,8.32,-19.13
-1,90,3.76,7.776,-21.71
-1,90,3.92,7.748,-19.8
-1,90,4.08,8.448,-19.22
-1,90,4.24,8.204,-20.82
-1,90,4.4,9.87,-19.94
-1,90,4.56,10.084,-19.73
-1,90,4.72,9.866,-20.12
-1,90,4.88,10.25,-19.88
-1,90,5.04,9.12,-20.93
-1,90,5.2,9.61,-21.81
-1,90,5.36,9.75,-21.05
-1,90,5.52,8.192,-22.09
-1,90,5.68,9.32,-22.05
-1,90,5.84,8.218,-23.23
-1,90,6,8.1,-23.44
-1,90,6.16,7.72,-24.32
-1,90,6.32,7.942,-25.55
-1,90,6.48,8.214,-25.87
-1,90,6.64,8.812,-25.58
-1,90,6.8,8.36,-25.14
-1,90,6.96,8.608,-25.72
-1,90,7.12,9.104,-25.49
-1,90,7.28,8.328,-26.05
-1,90,7.44,8.214,-26.12
-1,90,7.6,7.73,-25.67
-1,90,7.76,8.112,-27.11
-1,90,7.92,7.648,-26.98
-1,90,8.08,8.264,-26.54
-1,90,8.24,8.418,-26.69
-1,90,8.4,8.43,-26.95
-1,90,8.56,9.318,-26.96
-1,90,8.72,9.522,-27.78
-1,90,8.88,9.402,-27.74
-1,90,9.04,9.02599999999999,-28.76
-1,90,9.2,9.06,-29.8
-1,90,9.36,9.136,-28.93
-1,90,9.52,9.138,-29.24
-1,90,9.68,8.49,-30.4
-1,90,9.84,8.87400000000001,-30.24
-1,90,10,8.98,-30.09
-1,90,10.16,8.572,-31.07
-1,90,10.32,8.818,-30.81
-1,90,10.48,8.932,-30.6
-1,90,10.64,9.092,-30.92
-1,90,10.8,9.41,-30.86
-1,90,10.96,9.794,-30.19
-1,90,11.12,9.314,-30.93
-1,90,11.28,9.944,-30.5
-1,90,11.44,9.858,-30.89
-1,90,11.6,8.52,-32.35
-1,90,11.76,9.306,-31.81
-1,90,11.92,8.906,-32.22
-1,90,12.08,8.90000000000001,-33.29
-1,90,12.24,8.876,-33.38
-1,90,12.4,8.62,-34.04
-1,90,12.56,8.85000000000001,-35.22
-1,90,12.72,5.84600000000001,-38.71
-1,90,12.88,6.374,-38.83
-1,90,13.04,8.98199999999999,-37.52
-1,90,13.2,10.03,-36.75
-1,90,13.36,7.42600000000001,-38.79
-1,90,13.52,6.948,-39.06
-1,90,13.68,9.10000000000001,-37.58
-1,90,13.84,9.832,-37.65
-1,90,14,10.53,-37.32
-1,90,14.16,11.184,-37.04
-1,90,14.32,12.714,-36.24
-1,90,14.48,11.426,-40.4
-1,90,14.64,13.066,-36.39
-1,90,14.8,13.31,-34.7
-1,90,14.96,12.368,-34.76
-1,90,15.12,11.54,-34.89
-1,90,15.28,10.76,-35.79
-1,90,15.44,11.244,-35.07
-1,90,15.6,10.53,-36.1
-1,90,15.76,9.822,-37.37
-1,90,15.92,10.258,-36.92
-1,90,16.08,10.508,-36.95
-1,90,16.24,9.48599999999999,-38.64
-1,90,16.4,8.66,-41.15
-1,90,16.56,9.16200000000001,-39.77
-1,90,16.72,9.262,-40.22
-1,90,16.88,9.58600000000001,-40.88
-1,90,17.04,9.13399999999999,-42.12
-1,90,17.2,8.63,-43.8
-1,90,17.36,7.894,-44.75
-1,90,17.52,7.114,-45.42
-1,90,17.68,4.868,-48.21
-1,90,17.84,5.41200000000001,-47.5
-1,90,18,6.27,-46.54
0,90,2,3.99,-17.8
0,90,2.16,6.562,-16.85
0,90,2.32,5.684,-19.97
0,90,2.48,6.946,-20.3
0,90,2.64,6.702,-22.01
0,90,2.8,9.05,-18.01
0,90,2.96,11.432,-16.88
0,90,3.12,9.264,-18.97
0,90,3.28,8.888,-21.13
0,90,3.44,9.428,-19.22
0,90,3.6,8.42,-19.03
0,90,3.76,7.706,-21.78
0,90,3.92,7.708,-19.84
0,90,4.08,8.478,-19.19
0,90,4.24,8.28400000000001,-20.74
0,90,4.4,9.82,-19.99
0,90,4.56,10.104,-19.71
0,90,4.72,9.816,-20.17
0,90,4.88,10.29,-19.84
0,90,5.04,9.18,-20.87
0,90,5.2,9.64,-21.78
0,90,5.36,9.67,-21.13
0,90,5.52,7.962,-22.32
0,90,5.68,9.22,-22.15
0,90,5.84,8.398,-23.05
0,90,6,8.18,-23.36
0,90,6.16,7.69,-24.35
0,90,6.32,7.732,-25.76
0,90,6.48,8.134,-25.95
0,90,6.64,8.852,-25.54
0,90,6.8,8.37,-25.13
0,90,6.96,8.688,-25.64
0,90,7.12,9.024,-25.57
0,90,7.28,8.358,-26.02
0,90,7.44,8.174,-26.16
0,90,7.6,7.57,-25.83
0,90,7.76,8.102,-27.12
0,90,7.92,7.458,-27.17
0,90,8.08,8.084,-26.72
0,90,8.24,8.418,-26.69
0,90,8.4,8.47,-26.91
0,90,8.56,9.088,-27.19
0,90,8.72,9.462,-27.84
0,90,8.88,9.432,-27.71
0,90,9.04,9.11599999999999,-28.67
0,90,9.2,9.08,-29.78
0,90,9.36,9.036,-29.03
0,90,9.52,9.088,-29.29
0,90,9.68,8.56,-30.33
0,90,9.84,8.994,-30.12
0,90,10,9.27,-29.8
0,90,10.16,8.72199999999999,-30.92
0,90,10.32,8.848,-30.78
0,90,10.48,8.912,-30.62
0,90,10.64,9.072,-30.94
0,90,10.8,9.4,-30.87
0,90,10.96,9.724,-30.26
0,90,11.12,9.474,-30.77
0,90,11.28,10.124,-30.32
0,90,11.44,9.95800000000001,-30.79
0,90,11.6,8.48999999999999,-32.38
0,90,11.76,9.296,-31.82
0,90,11.92,8.816,-32.31
0,90,12.08,8.94,-33.25
0,90,12.24,8.836,-33.42
0,90,12.4,8.59999999999999,-34.06
0,90,12.56,8.99000000000001,-35.08
0,90,12.72,5.91600000000001,-38.64
0,90,12.88,6.584,-38.62
0,90,13.04,8.882,-37.62
0,90,13.2,10.03,-36.75
0,90,13.36,7.24600000000001,-38.97
0,90,13.52,6.878,-39.13
0,90,13.68,8.92000000000001,-37.76
0,90,13.84,9.902,-37.58
0,90,14,10.66,-37.19
0,90,14.16,11.074,-37.15
0,90,14.32,12.794,-36.16
0,90,14.48,11.426,-40.4
0,90,14.64,13.006,-36.45
0,90,14.8,13.34,-34.67
0,90,14.96,12.658,-34.47
0,90,15.12,11.8,-34.63
0,90,15.28,10.78,-35.77
0,90,15.44,11.254,-35.06
0,90,15.6,10.59,-36.04
0,90,15.76,9.752,-37.44
0,90,15.92,10.348,-36.83
0,90,16.08,10.518,-36.94
0,90,16.24,9.68599999999999,-38.44
0,90,16.4,8.90000000000001,-40.91
0,90,16.56,9.14200000000001,-39.79
0,90,16.72,9.132,-40.35
0,90,16.88,9.63600000000001,-40.83
0,90,17.04,9.10399999999999,-42.15
0,90,17.2,8.84,-43.59
0,90,17.36,8.404,-44.24
0,90,17.52,7.184,-45.35
0,90,17.68,5.538,-47.54
0,90,17.84,5.532,-47.38
0,90,18,6.02,-46.79
1,90,2,4.03,-17.76
1,90,2.16,6.532,-16.88
1,90,2.32,5.664,-19.99
1,90,2.48,6.916,-20.33
1,90,2.64,6.752,-21.96
1,90,2.8,9.09,-17.97
1,90,2.96,11.382,-16.93
1,90,3.12,9.264,-18.97
1,90,3.28,8.828,-21.19
1,90,3.44,9.398,-19.25
1,90,3.6,8.36,-19.09
1,90,3.76,7.696,-21.79
1,90,3.92,7.618,-19.93
1,90,4.08,8.478,-19.19
1,90,4.24,8.294,-20.73
1,90,4.4,9.81,-20
1,90,4.56,10.144,-19.67
1,90,4.72,9.796,-20.19
1,90,4.88,10.28,-19.85
1,90,5.04,9.15000000000001,-20.9
1,90,5.2,9.64,-21.78
1,90,5.36,9.65,-21.15
1,90,5.52,7.972,-22.31
1,90,5.68,9.12,-22.25
1,90,5.84,8.438,-23.01
1,90,6,8.15,-23.39
1,90,6.16,7.72,-24.32
1,90,6.32,7.692,-25.8
1,90,6.48,8.174,-25.91
1,90,6.64,8.882,-25.51
1,90,6.8,8.32,-25.18
1,90,6.96,8.768,-25.56
1,90,7.12,8.984,-25.61
1,90,7.28,8.528,-25.85
1,90,7.44,8.144,-26.19
1,90,7.6,7.64,-25.76
1,90,7.76,8.142,-27.08
1,90,7.92,7.488,-27.14
1,90,8.08,8.044,-26.76
1,90,8.24,8.408,-26.7
1,90,8.4,8.44,-26.94
1,90,8.56,9.12800000000001,-27.15
1,90,8.72,9.422,-27.88
1,90,8.88,9.422,-27.72
1,90,9.04,9.05599999999999,-28.73
1,90,9.2,8.93,-29.93
1,90,9.36,9.076,-28.99
1,90,9.52,9.098,-29.28
1,90,9.68,8.59,-30.3
1,90,9.84,8.80400000000001,-30.31
1,90,10,9.29,-29.78
1,90,10.16,8.70199999999999,-30.94
1,90,10.32,8.828,-30.8
1,90,10.48,8.802,-30.73
1,90,10.64,9.192,-30.82
1,90,10.8,9.44,-30.83
1,90,10.96,9.684,-30.3
1,90,11.12,9.444,-30.8
1,90,11.28,9.994,-30.45
1,90,11.44,9.908,-30.84
1,90,11.6,8.59999999999999,-32.27
1,90,11.76,9.256,-31.86
1,90,11.92,8.836,-32.29
1,90,12.08,8.91,-33.28
1,90,12.24,8.736,-33.52
1,90,12.4,8.75,-33.91
1,90,12.56,8.86000000000001,-35.21
1,90,12.72,5.78600000000001,-38.77
1,90,12.88,6.50399999999999,-38.7
1,90,13.04,8.932,-37.57
1,90,13.2,10.08,-36.7
1,90,13.36,7.32600000000001,-38.89
1,90,13.52,6.908,-39.1
1,90,13.68,8.91,-37.77
1,90,13.84,9.982,-37.5
1,90,14,10.49,-37.36
1,90,14.16,11.164,-37.06
1,90,14.32,12.784,-36.17
1,90,14.48,11.526,-40.3
1,90,14.64,12.886,-36.57
1,90,14.8,13.2,-34.81
1,90,14.96,12.578,-34.55
1,90,15.12,11.78,-34.65
1,90,15.28,11.02,-35.53
1,90,15.44,11.174,-35.14
1,90,15.6,10.58,-36.05
1,90,15.76,9.792,-37.4
1,90,15.92,10.168,-37.01
1,90,16.08,10.568,-36.89
1,90,16.24,9.69599999999999,-38.43
1,90,16.4,8.87,-40.94
1,90,16.56,9.30200000000001,-39.63
1,90,16.72,9.352,-40.13
1,90,16.88,9.61600000000001,-40.85
1,90,17.04,9.14399999999999,-42.11
1,90,17.2,8.78,-43.65
1,90,17.36,8.604,-44.04
1,90,17.52,7.244,-45.29
1,90,17.68,4.928,-48.15
1,90,17.84,5.87200000000001,-47.04
1,90,18,6.17,-46.64
2,90,2,4.09,-17.7
2,90,2.16,6.472,-16.94
2,90,2.32,5.644,-20.01
2,90,2.48,6.916,-20.33
2,90,2.64,6.762,-21.95
2,90,2.8,9.08,-17.98
2,90,2.96,11.342,-16.97
2,90,3.12,9.254,-18.98
2,90,3.28,8.898,-21.12
2,90,3.44,9.268,-19.38
2,90,3.6,8.19,-19.26
2,90,3.76,7.736,-21.75
2,90,3.92,7.508,-20.04
2,90,4.08,8.448,-19.22
2,90,4.24,8.254,-20.77
2,90,4.4,9.86,-19.95
2,90,4.56,10.204,-19.61
2,90,4.72,9.69600000000001,-20.29
2,90,4.88,10.2,-19.93
2,90,5.04,9.09,-20.96
2,90,5.2,9.59,-21.83
2,90,5.36,9.75,-21.05
2,90,5.52,8.152,-22.13
2,90,5.68,9.04,-22.33
2,90,5.84,8.398,-23.05
2,90,6,8.01,-23.53
2,90,6.16,7.73,-24.31
2,90,6.32,7.812,-25.68
2,90,6.48,8.184,-25.9
2,90,6.64,8.852,-25.54
2,90,6.8,8.28,-25.22
2,90,6.96,8.698,-25.63
2,90,7.12,8.964,-25.63
2,90,7.28,8.708,-25.67
2,90,7.44,8.124,-26.21
2,90,7.6,7.7,-25.7
2,90,7.76,8.202,-27.02
2,90,7.92,7.598,-27.03
2,90,8.08,8.094,-26.71
2,90,8.24,8.418,-26.69
2,90,8.4,8.32,-27.06
2,90,8.56,9.27800000000001,-27
2,90,8.72,9.322,-27.98
2,90,8.88,9.422,-27.72
2,90,9.04,8.84599999999999,-28.94
2,90,9.2,8.92,-29.94
2,90,9.36,9.006,-29.06
2,90,9.52,9.068,-29.31
2,90,9.68,8.59,-30.3
2,90,9.84,8.604,-30.51
2,90,10,9.1,-29.97
2,90,10.16,8.532,-31.11
2,90,10.32,8.878,-30.75
2,90,10.48,8.88200000000001,-30.65
2,90,10.64,9.062,-30.95
2,90,10.8,9.35,-30.92
2,90,10.96,9.654,-30.33
2,90,11.12,9.524,-30.72
2,90,11.28,9.764,-30.68
2,90,11.44,9.77800000000001,-30.97
2,90,11.6,8.71,-32.16
2,90,11.76,9.226,-31.89
2,90,11.92,8.736,-32.39
2,90,12.08,8.87,-33.32
2,90,12.24,8.716,-33.54
2,90,12.4,8.66999999999999,-33.99
2,90,12.56,8.97000000000001,-35.1
2,90,12.72,5.81600000000001,-38.74
2,90,12.88,6.55399999999999,-38.65
2,90,13.04,8.752,-37.75
2,90,13.2,9.94,-36.84
2,90,13.36,7.40600000000001,-38.81
2,90,13.52,7.038,-38.97
2,90,13.68,8.93000000000001,-37.75
2,90,13.84,9.922,-37.56
2,90,14,10.6,-37.25
2,90,14.16,11.324,-36.9
2,90,14.32,12.674,-36.28
2,90,14.48,11.696,-40.13
2,90,14.64,13.266,-36.19
2,90,14.8,13.47,-34.54
2,90,14.96,12.468,-34.66
2,90,15.12,11.78,-34.65
2,90,15.28,10.91,-35.64
2,90,15.44,11.134,-35.18
2,90,15.6,10.53,-36.1
2,90,15.76,9.892,-37.3
2,90,15.92,10.448,-36.73
2,90,16.08,10.538,-36.92
2,90,16.24,9.70599999999999,-38.42
2,90,16.4,8.88,-40.93
2,90,16.56,9.30200000000001,-39.63
2,90,16.72,9.232,-40.25
2,90,16.88,9.58600000000001,-40.88
2,90,17.04,9.43399999999999,-41.82
2,90,17.2,8.91,-43.52
2,90,17.36,8.344,-44.3
2,90,17.52,7.094,-45.44
2,90,17.68,5.008,-48.07
2,90,17.84,5.37200000000001,-47.54
2,90,18,6.14,-46.67
3,90,2,4.06,-17.73
3,90,2.16,6.382,-17.03
3,90,2.32,5.604,-20.05
3,90,2.48,6.926,-20.32
3,90,2.64,6.832,-21.88
3,90,2.8,9.02,-18.04
3,90,2.96,11.312,-17
3,90,3.12,9.174,-19.06
3,90,3.28,9.028,-20.99
3,90,3.44,9.158,-19.49
3,90,3.6,7.95,-19.5
3,90,3.76,7.856,-21.63
3,90,3.92,7.368,-20.18
3,90,4.08,8.418,-19.25
3,90,4.24,8.19400000000001,-20.83
3,90,4.4,9.88,-19.93
3,90,4.56,10.224,-19.59
3,90,4.72,9.686,-20.3
3,90,4.88,10.09,-20.04
3,90,5.04,9.06000000000001,-20.99
3,90,5.2,9.56,-21.86
3,90,5.36,9.8,-21
3,90,5.52,8.432,-21.85
3,90,5.68,9.03,-22.34
3,90,5.84,8.198,-23.25
3,90,6,7.76,-23.78
3,90,6.16,7.71,-24.33
3,90,6.32,7.992,-25.5
3,90,6.48,8.174,-25.91
3,90,6.64,8.822,-25.57
3,90,6.8,8.3,-25.2
3,90,6.96,8.618,-25.71
3,90,7.12,8.944,-25.65
3,90,7.28,8.698,-25.68
3,90,7.44,7.964,-26.37
3,90,7.6,7.69,-25.71
3,90,7.76,8.222,-27
3,90,7.92,7.688,-26.94
3,90,8.08,8.074,-26.73
3,90,8.24,8.408,-26.7
3,90,8.4,8.35,-27.03
3,90,8.56,9.268,-27.01
3,90,8.72,9.132,-28.17
3,90,8.88,9.54199999999999,-27.6
3,90,9.04,8.78599999999999,-29
3,90,9.2,8.84,-30.02
3,90,9.36,9.066,-29
3,90,9.52,8.988,-29.39
3,90,9.68,8.62,-30.27
3,90,9.84,8.53400000000001,-30.58
3,90,10,9.06,-30.01
3,90,10.16,8.38199999999999,-31.26
3,90,10.32,8.928,-30.7
3,90,10.48,8.892,-30.64
3,90,10.64,9.012,-31
3,90,10.8,9.31,-30.96
3,90,10.96,9.624,-30.36
3,90,11.12,9.434,-30.81
3,90,11.28,9.694,-30.75
3,90,11.44,9.558,-31.19
3,90,11.6,8.65,-32.22
3,90,11.76,9.296,-31.82
3,90,11.92,8.776,-32.35
3,90,12.08,8.84,-33.35
3,90,12.24,8.566,-33.69
3,90,12.4,8.51,-34.15
3,90,12.56,9.00000000000001,-35.07
3,90,12.72,5.69600000000001,-38.86
3,90,12.88,6.38399999999999,-38.82
3,90,13.04,8.83199999999999,-37.67
3,90,13.2,9.99,-36.79
3,90,13.36,7.27600000000001,-38.94
3,90,13.52,6.998,-39.01
3,90,13.68,8.95000000000001,-37.73
3,90,13.84,9.842,-37.64
3,90,14,10.66,-37.19
3,90,14.16,11.174,-37.05
3,90,14.32,12.784,-36.17
3,90,14.48,11.566,-40.26
3,90,14.64,13.146,-36.31
3,90,14.8,13.3,-34.71
3,90,14.96,12.418,-34.71
3,90,15.12,11.59,-34.84
3,90,15.28,10.93,-35.62
3,90,15.44,11.074,-35.24
3,90,15.6,10.7,-35.93
3,90,15.76,10.132,-37.06
3,90,15.92,10.478,-36.7
3,90,16.08,10.568,-36.89
3,90,16.24,10.016,-38.11
3,90,16.4,8.91,-40.9
3,90,16.56,9.38200000000001,-39.55
3,90,16.72,9.322,-40.16
3,90,16.88,9.69600000000001,-40.77
3,90,17.04,9.20399999999999,-42.05
3,90,17.2,9.23,-43.2
3,90,17.36,8.344,-44.3
3,90,17.52,7.054,-45.48
3,90,17.68,5.228,-47.85
3,90,17.84,5.812,-47.1
3,90,18,6.48,-46.33
4,90,2,4.03,-17.76
4,90,2.16,6.292,-17.12
4,90,2.32,5.534,-20.12
4,90,2.48,6.866,-20.38
4,90,2.64,6.872,-21.84
4,90,2.8,8.94,-18.12
4,90,2.96,11.282,-17.03
4,90,3.12,9.074,-19.16
4,90,3.28,9.208,-20.81
4,90,3.44,9.088,-19.56
4,90,3.6,7.73,-19.72
4,90,3.76,7.946,-21.54
4,90,3.92,7.258,-20.29
4,90,4.08,8.348,-19.32
4,90,4.24,8.134,-20.89
4,90,4.4,9.87,-19.94
4,90,4.56,10.214,-19.6
4,90,4.72,9.74600000000001,-20.24
4,90,4.88,10.02,-20.11
4,90,5.04,8.97000000000001,-21.08
4,90,5.2,9.51,-21.91
4,90,5.36,9.78,-21.02
4,90,5.52,8.632,-21.65
4,90,5.68,9,-22.37
4,90,5.84,7.988,-23.46
4,90,6,7.54,-24
4,90,6.16,7.69,-24.35
4,90,6.32,8.152,-25.34
4,90,6.48,8.214,-25.87
4,90,6.64,8.782,-25.61
4,90,6.8,8.37,-25.13
4,90,6.96,8.548,-25.78
4,90,7.12,8.974,-25.62
4,90,7.28,8.578,-25.8
4,90,7.44,7.934,-26.4
4,90,7.6,7.67,-25.73
4,90,7.76,8.142,-27.08
4,90,7.92,7.608,-27.02
4,90,8.08,8.074,-26.73
4,90,8.24,8.438,-26.67
4,90,8.4,8.39,-26.99
4,90,8.56,9.21800000000001,-27.06
4,90,8.72,9.112,-28.19
4,90,8.88,9.552,-27.59
4,90,9.04,8.80599999999999,-28.98
4,90,9.2,8.9,-29.96
4,90,9.36,9.096,-28.97
4,90,9.52,8.848,-29.53
4,90,9.68,8.63,-30.26
4,90,9.84,8.524,-30.59
4,90,10,8.99,-30.08
4,90,10.16,8.402,-31.24
4,90,10.32,8.878,-30.75
4,90,10.48,8.902,-30.63
4,90,10.64,8.942,-31.07
4,90,10.8,9.22,-31.05
4,90,10.96,9.444,-30.54
4,90,11.12,9.324,-30.92
4,90,11.28,9.854,-30.59
4,90,11.44,9.498,-31.25
4,90,11.6,8.43,-32.44
4,90,11.76,9.146,-31.97
4,90,11.92,8.776,-32.35
4,90,12.08,8.85,-33.34
4,90,12.24,8.456,-33.8
4,90,12.4,8.36,-34.3
4,90,12.56,8.85000000000001,-35.22
4,90,12.72,5.60600000000001,-38.95
4,90,12.88,6.07399999999999,-39.13
4,90,13.04,8.62199999999999,-37.88
4,90,13.2,9.97,-36.81
4,90,13.36,7.06600000000001,-39.15
4,90,13.52,7.038,-38.97
4,90,13.68,8.57000000000001,-38.11
4,90,13.84,9.682,-37.8
4,90,14,10.44,-37.41
4,90,14.16,11.364,-36.86
4,90,14.32,12.794,-36.16
4,90,14.48,11.856,-39.97
4,90,14.64,13.406,-36.05
4,90,14.8,13.3,-34.71
4,90,14.96,12.538,-34.59
4,90,15.12,11.85,-34.58
4,90,15.28,11.12,-35.43
4,90,15.44,11.224,-35.09
4,90,15.6,10.81,-35.82
4,90,15.76,10.272,-36.92
4,90,15.92,10.328,-36.85
4,90,16.08,10.528,-36.93
4,90,16.24,10.056,-38.07
4,90,16.4,9.28,-40.53
4,90,16.56,9.60200000000001,-39.33
4,90,16.72,9.582,-39.9
4,90,16.88,9.78600000000001,-40.68
4,90,17.04,9.53399999999999,-41.72
4,90,17.2,9.37,-43.06
4,90,17.36,8.634,-44.01
4,90,17.52,7.534,-45
4,90,17.68,5.148,-47.93
4,90,17.84,5.90200000000001,-47.01
4,90,18,6.62,-46.19
5,90,2,4.01,-17.78
5,90,2.16,6.152,-17.26
5,90,2.32,5.464,-20.19
5,90,2.48,6.876,-20.37
5,90,2.64,6.902,-21.81
5,90,2.8,8.85,-18.21
5,90,2.96,11.222,-17.09
5,90,3.12,8.984,-19.25
5,90,3.28,9.378,-20.64
5,90,3.44,9.028,-19.62
5,90,3.6,7.5,-19.95
5,90,3.76,8.026,-21.46
5,90,3.92,7.188,-20.36
5,90,4.08,8.258,-19.41
5,90,4.24,8.094,-20.93
5,90,4.4,9.85,-19.96
5,90,4.56,10.134,-19.68
5,90,4.72,9.826,-20.16
5,90,4.88,9.93,-20.2
5,90,5.04,8.86,-21.19
5,90,5.2,9.44,-21.98
5,90,5.36,9.76,-21.04
5,90,5.52,8.712,-21.57
5,90,5.68,8.99,-22.38
5,90,5.84,7.828,-23.62
5,90,6,7.4,-24.14
5,90,6.16,7.69,-24.35
5,90,6.32,8.152,-25.34
5,90,6.48,8.294,-25.79
5,90,6.64,8.782,-25.61
5,90,6.8,8.46,-25.04
5,90,6.96,8.478,-25.85
5,90,7.12,8.884,-25.71
5,90,7.28,8.498,-25.88
5,90,7.44,8.054,-26.28
5,90,7.6,7.65,-25.75
5,90,7.76,8.092,-27.13
5,90,7.92,7.588,-27.04
5,90,8.08,8.004,-26.8
5,90,8.24,8.568,-26.54
5,90,8.4,8.54,-26.84
5,90,8.56,9.07800000000001,-27.2
5,90,8.72,9.322,-27.98
5,90,8.88,9.482,-27.66
5,90,9.04,8.98599999999999,-28.8
5,90,9.2,8.91,-29.95
5,90,9.36,8.966,-29.1
5,90,9.52,8.758,-29.62
5,90,9.68,8.62,-30.27
5,90,9.84,8.494,-30.62
5,90,10,8.9,-30.17
5,90,10.16,8.312,-31.33
5,90,10.32,8.718,-30.91
5,90,10.48,8.70200000000001,-30.83
5,90,10.64,8.892,-31.12
5,90,10.8,8.92,-31.35
5,90,10.96,9.364,-30.62
5,90,11.12,9.274,-30.97
5,90,11.28,9.844,-30.6
5,90,11.44,9.50800000000001,-31.24
5,90,11.6,8.27,-32.6
5,90,11.76,8.916,-32.2
5,90,11.92,8.646,-32.48
5,90,12.08,8.8,-33.39
5,90,12.24,8.356,-33.9
5,90,12.4,8.23,-34.43
5,90,12.56,8.73,-35.34
5,90,12.72,5.50600000000001,-39.05
5,90,12.88,5.98399999999999,-39.22
5,90,13.04,8.54199999999999,-37.96
5,90,13.2,9.81,-36.97
5,90,13.36,7.126,-39.09
5,90,13.52,6.998,-39.01
5,90,13.68,8.83000000000001,-37.85
5,90,13.84,9.512,-37.97
5,90,14,10.33,-37.52
5,90,14.16,11.424,-36.8
5,90,14.32,12.674,-36.28
5,90,14.48,11.926,-39.9
5,90,14.64,13.446,-36.01
5,90,14.8,13.08,-34.93
5,90,14.96,12.568,-34.56
5,90,15.12,11.98,-34.45
5,90,15.28,11.11,-35.44
5,90,15.44,11.264,-35.05
5,90,15.6,10.85,-35.78
5,90,15.76,10.342,-36.85
5,90,15.92,10.618,-36.56
5,90,16.08,10.738,-36.72
5,90,16.24,10.246,-37.88
5,90,16.4,9.42,-40.39
5,90,16.56,9.72200000000001,-39.21
5,90,16.72,9.612,-39.87
5,90,16.88,9.69600000000001,-40.77
5,90,17.04,9.74399999999999,-41.51
5,90,17.2,9.29,-43.14
5,90,17.36,8.464,-44.18
5,90,17.52,7.734,-44.8
5,90,17.68,5.02800000000001,-48.05
5,90,17.84,5.34200000000001,-47.57
5,90,18,6.43,-46.38
6,90,2,3.94,-17.85
6,90,2.16,6.002,-17.41
6,90,2.32,5.384,-20.27
6,90,2.48,6.846,-20.4
6,90,2.64,6.962,-21.75
6,90,2.8,8.74,-18.32
6,90,2.96,11.192,-17.12
6,90,3.12,8.894,-19.34
6,90,3.28,9.518,-20.5
6,90,3.44,8.998,-19.65
6,90,3.6,7.38,-20.07
6,90,3.76,8.046,-21.44
6,90,3.92,7.148,-20.4
6,90,4.08,8.158,-19.51
6,90,4.24,8.114,-20.91
6,90,4.4,9.83,-19.98
6,90,4.56,10.024,-19.79
6,90,4.72,9.94600000000001,-20.04
6,90,4.88,9.89,-20.24
6,90,5.04,8.73,-21.32
6,90,5.2,9.42,-22
6,90,5.36,9.75,-21.05
6,90,5.52,8.652,-21.63
6,90,5.68,8.93,-22.44
6,90,5.84,7.798,-23.65
6,90,6,7.37,-24.17
6,90,6.16,7.76,-24.28
6,90,6.32,7.942,-25.55
6,90,6.48,8.224,-25.86
6,90,6.64,8.762,-25.63
6,90,6.8,8.43,-25.07
6,90,6.96,8.418,-25.91
6,90,7.12,8.754,-25.84
6,90,7.28,8.438,-25.94
6,90,7.44,8.174,-26.16
6,90,7.6,7.69,-25.71
6,90,7.76,8.102,-27.12
6,90,7.92,7.498,-27.13
6,90,8.08,7.894,-26.91
6,90,8.24,8.598,-26.51
6,90,8.4,8.78,-26.6
6,90,8.56,8.87800000000001,-27.4
6,90,8.72,9.282,-28.02
6,90,8.88,9.302,-27.84
6,90,9.04,8.98599999999999,-28.8
6,90,9.2,8.77,-30.09
6,90,9.36,8.646,-29.42
6,90,9.52,8.598,-29.78
6,90,9.68,8.49,-30.4
6,90,9.84,8.494,-30.62
6,90,10,8.77,-30.3
6,90,10.16,8.27199999999999,-31.37
6,90,10.32,8.668,-30.96
6,90,10.48,8.402,-31.13
6,90,10.64,8.682,-31.33
6,90,10.8,8.77,-31.5
6,90,10.96,9.354,-30.63
6,90,11.12,9.084,-31.16
6,90,11.28,9.524,-30.92
6,90,11.44,9.288,-31.46
6,90,11.6,8.43,-32.44
6,90,11.76,8.706,-32.41
6,90,11.92,8.406,-32.72
6,90,12.08,8.47000000000001,-33.72
6,90,12.24,8.216,-34.04
6,90,12.4,8.18,-34.48
6,90,12.56,8.58000000000001,-35.49
6,90,12.72,5.19600000000001,-39.36
6,90,12.88,6.14399999999999,-39.06
6,90,13.04,8.522,-37.98
6,90,13.2,9.66,-37.12
6,90,13.36,7.08600000000001,-39.13
6,90,13.52,6.70800000000001,-39.3
6,90,13.68,8.57000000000001,-38.11
6,90,13.84,9.252,-38.23
6,90,14,10.36,-37.49
6,90,14.16,11.124,-37.1
6,90,14.32,12.564,-36.39
6,90,14.48,12.006,-39.82
6,90,14.64,13.676,-35.78
6,90,14.8,13.38,-34.63
6,90,14.96,12.628,-34.5
6,90,15.12,11.97,-34.46
6,90,15.28,11.12,-35.43
6,90,15.44,11.334,-34.98
6,90,15.6,10.7,-35.93
6,90,15.76,10.502,-36.69
6,90,15.92,10.418,-36.76
6,90,16.08,10.848,-36.61
6,90,16.24,10.266,-37.86
6,90,16.4,9.27,-40.54
6,90,16.56,9.73200000000001,-39.2
6,90,16.72,9.792,-39.69
6,90,16.88,10.096,-40.37
6,90,17.04,9.61399999999999,-41.64
6,90,17.2,9.58,-42.85
6,90,17.36,8.284,-44.36
6,90,17.52,7.404,-45.13
6,90,17.68,5.20800000000001,-47.87
6,90,17.84,5.672,-47.24
6,90,18,6.37,-46.44
7,90,2,3.84,-17.95
7,90,2.16,5.812,-17.6
7,90,2.32,5.284,-20.37
7,90,2.48,6.836,-20.41
7,90,2.64,6.972,-21.74
7,90,2.8,8.63,-18.43
7,90,2.96,11.152,-17.16
7,90,3.12,8.794,-19.44
7,90,3.28,9.588,-20.43
7,90,3.44,8.988,-19.66
7,90,3.6,7.31,-20.14
7,90,3.76,7.956,-21.53
7,90,3.92,7.148,-20.4
7,90,4.08,8.018,-19.65
7,90,4.24,8.114,-20.91
7,90,4.4,9.8,-20.01
7,90,4.56,9.824,-19.99
7,90,4.72,10.056,-19.93
7,90,4.88,9.82,-20.31
7,90,5.04,8.67000000000001,-21.38
7,90,5.2,9.45,-21.97
7,90,5.36,9.7,-21.1
7,90,5.52,8.422,-21.86
7,90,5.68,8.82,-22.55
7,90,5.84,7.878,-23.57
7,90,6,7.42,-24.12
7,90,6.16,7.8,-24.24
7,90,6.32,7.59200000000001,-25.9
7,90,6.48,8.034,-26.05
7,90,6.64,8.722,-25.67
7,90,6.8,8.35,-25.15
7,90,6.96,8.498,-25.83
7,90,7.12,8.634,-25.96
7,90,7.28,8.478,-25.9
7,90,7.44,8.264,-26.07
7,90,7.6,7.49,-25.91
7,90,7.76,8.212,-27.01
7,90,7.92,7.438,-27.19
7,90,8.08,7.834,-26.97
7,90,8.24,8.518,-26.59
7,90,8.4,8.66,-26.72
7,90,8.56,8.818,-27.46
7,90,8.72,9.162,-28.14
7,90,8.88,9.282,-27.86
7,90,9.04,8.91599999999999,-28.87
7,90,9.2,8.67,-30.19
7,90,9.36,8.366,-29.7
7,90,9.52,8.478,-29.9
7,90,9.68,8.4,-30.49
7,90,9.84,8.594,-30.52
7,90,10,8.56,-30.51
7,90,10.16,8.032,-31.61
7,90,10.32,8.618,-31.01
7,90,10.48,8.262,-31.27
7,90,10.64,8.352,-31.66
7,90,10.8,8.67,-31.6
7,90,10.96,9.274,-30.71
7,90,11.12,8.994,-31.25
7,90,11.28,9.194,-31.25
7,90,11.44,9.22800000000001,-31.52
7,90,11.6,8.32,-32.55
7,90,11.76,8.556,-32.56
7,90,11.92,8.42599999999999,-32.7
7,90,12.08,8.50000000000001,-33.69
7,90,12.24,8.006,-34.25
7,90,12.4,7.98999999999999,-34.67
7,90,12.56,8.31000000000001,-35.76
7,90,12.72,5.35600000000001,-39.2
7,90,12.88,5.80399999999999,-39.4
7,90,13.04,8.08199999999999,-38.42
7,90,13.2,9.61,-37.17
7,90,13.36,6.85600000000001,-39.36
7,90,13.52,6.688,-39.32
7,90,13.68,8.34,-38.34
7,90,13.84,9.242,-38.24
7,90,14,10.24,-37.61
7,90,14.16,11.054,-37.17
7,90,14.32,12.614,-36.34
7,90,14.48,12.016,-39.81
7,90,14.64,13.746,-35.71
7,90,14.8,13.11,-34.9
7,90,14.96,12.548,-34.58
7,90,15.12,12.11,-34.32
7,90,15.28,11.19,-35.36
7,90,15.44,11.294,-35.02
7,90,15.6,10.87,-35.76
7,90,15.76,10.682,-36.51
7,90,15.92,10.548,-36.63
7,90,16.08,10.868,-36.59
7,90,16.24,10.496,-37.63
7,90,16.4,9.49,-40.32
7,90,16.56,9.74200000000001,-39.19
7,90,16.72,9.672,-39.81
7,90,16.88,9.95600000000001,-40.51
7,90,17.04,9.84399999999999,-41.41
7,90,17.2,9.49,-42.94
7,90,17.36,8.374,-44.27
7,90,17.52,7.754,-44.78
7,90,17.68,5.678,-47.4
7,90,17.84,5.19200000000001,-47.72
7,90,18,6.35,-46.46
8,90,2,3.74,-18.05
8,90,2.16,5.622,-17.79
8,90,2.32,5.164,-20.49
8,90,2.48,6.756,-20.49
8,90,2.64,7.022,-21.69
8,90,2.8,8.53,-18.53
8,90,2.96,11.102,-17.21
8,90,3.12,8.764,-19.47
8,90,3.28,9.548,-20.47
8,90,3.44,8.918,-19.73
8,90,3.6,7.32,-20.13
8,90,3.76,7.756,-21.73
8,90,3.92,7.168,-20.38
8,90,4.08,7.898,-19.77
8,90,4.24,8.12400000000001,-20.9
8,90,4.4,9.76,-20.05
8,90,4.56,9.604,-20.21
8,90,4.72,10.136,-19.85
8,90,4.88,9.77,-20.36
8,90,5.04,8.66,-21.39
8,90,5.2,9.51,-21.91
8,90,5.36,9.54,-21.26
8,90,5.52,8.142,-22.14
8,90,5.68,8.69,-22.68
8,90,5.84,7.958,-23.49
8,90,6,7.43,-24.11
8,90,6.16,7.8,-24.24
8,90,6.32,7.402,-26.09
8,90,6.48,7.904,-26.18
8,90,6.64,8.642,-25.75
8,90,6.8,8.28,-25.22
8,90,6.96,8.628,-25.7
8,90,7.12,8.524,-26.07
8,90,7.28,8.508,-25.87
8,90,7.44,8.254,-26.08
8,90,7.6,7.41,-25.99
8,90,7.76,8.362,-26.86
8,90,7.92,7.578,-27.05
8,90,8.08,7.784,-27.02
8,90,8.24,8.368,-26.74
8,90,8.4,8.42,-26.96
8,90,8.56,8.95800000000001,-27.32
8,90,8.72,9.152,-28.15
8,90,8.88,9.402,-27.74
8,90,9.04,8.73599999999999,-29.05
8,90,9.2,8.67,-30.19
8,90,9.36,8.236,-29.83
8,90,9.52,8.158,-30.22
8,90,9.68,8.43,-30.46
8,90,9.84,8.604,-30.51
8,90,10,8.25,-30.82
8,90,10.16,7.732,-31.91
8,90,10.32,8.498,-31.13
8,90,10.48,8.362,-31.17
8,90,10.64,8.312,-31.7
8,90,10.8,8.47,-31.8
8,90,10.96,9.204,-30.78
8,90,11.12,8.594,-31.65
8,90,11.28,8.964,-31.48
8,90,11.44,8.988,-31.76
8,90,11.6,7.91999999999999,-32.95
8,90,11.76,8.526,-32.59
8,90,11.92,8.336,-32.79
8,90,12.08,8.41,-33.78
8,90,12.24,7.816,-34.44
8,90,12.4,7.59,-35.07
8,90,12.56,8.08000000000001,-35.99
8,90,12.72,5.18600000000001,-39.37
8,90,12.88,6.05399999999999,-39.15
8,90,13.04,8.04199999999999,-38.46
8,90,13.2,9.35,-37.43
8,90,13.36,6.72600000000001,-39.49
8,90,13.52,6.63800000000001,-39.37
8,90,13.68,8.21000000000001,-38.47
8,90,13.84,8.832,-38.65
8,90,14,10.12,-37.73
8,90,14.16,11.044,-37.18
8,90,14.32,12.614,-36.34
8,90,14.48,12.186,-39.64
8,90,14.64,13.906,-35.55
8,90,14.8,13.15,-34.86
8,90,14.96,12.488,-34.64
8,90,15.12,12.13,-34.3
8,90,15.28,11.15,-35.4
8,90,15.44,11.264,-35.05
8,90,15.6,10.99,-35.64
8,90,15.76,10.612,-36.58
8,90,15.92,10.738,-36.44
8,90,16.08,10.848,-36.61
8,90,16.24,10.326,-37.8
8,90,16.4,9.68,-40.13
8,90,16.56,9.82200000000001,-39.11
8,90,16.72,9.652,-39.83
8,90,16.88,10.136,-40.33
8,90,17.04,10.184,-41.07
8,90,17.2,9.15,-43.28
8,90,17.36,8.354,-44.29
8,90,17.52,7.884,-44.65
8,90,17.68,5.438,-47.64
8,90,17.84,5.062,-47.85
8,90,18,6.1,-46.71
9,90,2,3.63,-18.16
9,90,2.16,5.452,-17.96
9,90,2.32,5.054,-20.6
9,90,2.48,6.696,-20.55
9,90,2.64,7.082,-21.63
9,90,2.8,8.49,-18.57
9,90,2.96,11.072,-17.24
9,90,3.12,8.704,-19.53
9,90,3.28,9.428,-20.59
9,90,3.44,8.828,-19.82
9,90,3.6,7.4,-20.05
9,90,3.76,7.466,-22.02
9,90,3.92,7.178,-20.37
9,90,4.08,7.778,-19.89
9,90,4.24,8.094,-20.93
9,90,4.4,9.69,-20.12
9,90,4.56,9.434,-20.38
9,90,4.72,10.176,-19.81
9,90,4.88,9.73,-20.4
9,90,5.04,8.73,-21.32
9,90,5.2,9.44,-21.98
9,90,5.36,9.33,-21.47
9,90,5.52,7.862,-22.42
9,90,5.68,8.61,-22.76
9,90,5.84,8.048,-23.4
9,90,6,7.38,-24.16
9,90,6.16,7.85,-24.19
9,90,6.32,7.29200000000001,-26.2
9,90,6.48,7.774,-26.31
9,90,6.64,8.432,-25.96
9,90,6.8,8.21,-25.29
9,90,6.96,8.608,-25.72
9,90,7.12,8.504,-26.09
9,90,7.28,8.558,-25.82
9,90,7.44,8.174,-26.16
9,90,7.6,7.37,-26.03
9,90,7.76,8.402,-26.82
9,90,7.92,7.708,-26.92
9,90,8.08,7.694,-27.11
9,90,8.24,8.128,-26.98
9,90,8.4,8.35,-27.03
9,90,8.56,9.05800000000001,-27.22
9,90,8.72,9.022,-28.28
9,90,8.88,9.342,-27.8
9,90,9.04,8.636,-29.15
9,90,9.2,8.76,-30.1
9,90,9.36,8.176,-29.89
9,90,9.52,7.808,-30.57
9,90,9.68,8.39,-30.5
9,90,9.84,8.544,-30.57
9,90,10,8.1,-30.97
9,90,10.16,7.482,-32.16
9,90,10.32,8.328,-31.3
9,90,10.48,8.372,-31.16
9,90,10.64,8.272,-31.74
9,90,10.8,8.37,-31.9
9,90,10.96,8.934,-31.05
9,90,11.12,8.514,-31.73
9,90,11.28,8.984,-31.46
9,90,11.44,8.748,-32
9,90,11.6,7.83,-33.04
9,90,11.76,8.366,-32.75
9,90,11.92,8.17599999999999,-32.95
9,90,12.08,8.22000000000001,-33.97
9,90,12.24,7.786,-34.47
9,90,12.4,7.45,-35.21
9,90,12.56,7.85000000000001,-36.22
9,90,12.72,5.02600000000001,-39.53
9,90,12.88,5.71399999999999,-39.49
9,90,13.04,7.992,-38.51
9,90,13.2,9.09,-37.69
9,90,13.36,6.47600000000001,-39.74
9,90,13.52,6.618,-39.39
9,90,13.68,7.94,-38.74
9,90,13.84,8.762,-38.72
9,90,14,10.21,-37.64
9,90,14.16,10.884,-37.34
9,90,14.32,12.404,-36.55
9,90,14.48,12.196,-39.63
9,90,14.64,13.956,-35.5
9,90,14.8,13.12,-34.89
9,90,14.96,12.298,-34.83
9,90,15.12,12.1,-34.33
9,90,15.28,11.26,-35.29
9,90,15.44,11.204,-35.11
9,90,15.6,10.95,-35.68
9,90,15.76,10.592,-36.6
9,90,15.92,10.548,-36.63
9,90,16.08,10.818,-36.64
9,90,16.24,10.226,-37.9
9,90,16.4,9.47,-40.34
9,90,16.56,9.81200000000001,-39.12
9,90,16.72,9.482,-40
9,90,16.88,10.226,-40.24
9,90,17.04,10.134,-41.12
9,90,17.2,9.05,-43.38
9,90,17.36,8.394,-44.25
9,90,17.52,7.604,-44.93
9,90,17.68,5.768,-47.31
9,90,17.84,4.922,-47.99
9,90,18,6.24,-46.57
10,90,2,3.53,-18.26
10,90,2.16,5.242,-18.17
10,90,2.32,4.944,-20.71
10,90,2.48,6.626,-20.62
10,90,2.64,7.082,-21.63
10,90,2.8,8.48,-18.58
10,90,2.96,11.032,-17.28
10,90,3.12,8.644,-19.59
10,90,3.28,9.248,-20.77
10,90,3.44,8.698,-19.95
10,90,3.6,7.5,-19.95
10,90,3.76,7.136,-22.35
10,90,3.92,7.138,-20.41
10,90,4.08,7.678,-19.99
10,90,4.24,7.994,-21.03
10,90,4.4,9.6,-20.21
10,90,4.56,9.344,-20.47
10,90,4.72,10.086,-19.9
10,90,4.88,9.7,-20.43
10,90,5.04,8.8,-21.25
10,90,5.2,9.24,-22.18
10,90,5.36,9.02,-21.78
10,90,5.52,7.712,-22.57
10,90,5.68,8.55,-22.82
10,90,5.84,7.978,-23.47
10,90,6,7.32,-24.22
10,90,6.16,7.85,-24.19
10,90,6.32,7.322,-26.17
10,90,6.48,7.664,-26.42
10,90,6.64,8.122,-26.27
10,90,6.8,8.2,-25.3
10,90,6.96,8.438,-25.89
10,90,7.12,8.424,-26.17
10,90,7.28,8.578,-25.8
10,90,7.44,8.094,-26.24
10,90,7.6,7.28,-26.12
10,90,7.76,8.352,-26.87
10,90,7.92,7.928,-26.7
10,90,8.08,7.664,-27.14
10,90,8.24,7.988,-27.12
10,90,8.4,8.34,-27.04
10,90,8.56,9.02800000000001,-27.25
10,90,8.72,8.902,-28.4
10,90,8.88,9.142,-28
10,90,9.04,8.52599999999999,-29.26
10,90,9.2,8.83,-30.03
10,90,9.36,8.246,-29.82
10,90,9.52,7.528,-30.85
10,90,9.68,8.16,-30.73
10,90,9.84,8.384,-30.73
10,90,10,8.02,-31.05
10,90,10.16,7.172,-32.47
10,90,10.32,8.208,-31.42
10,90,10.48,8.262,-31.27
10,90,10.64,7.982,-32.03
10,90,10.8,8.21,-32.06
10,90,10.96,8.784,-31.2
10,90,11.12,8.444,-31.8
10,90,11.28,8.624,-31.82
10,90,11.44,8.658,-32.09
10,90,11.6,7.81,-33.06
10,90,11.76,8.106,-33.01
10,90,11.92,7.706,-33.42
10,90,12.08,7.92,-34.27
10,90,12.24,7.846,-34.41
10,90,12.4,7.44,-35.22
10,90,12.56,7.54000000000001,-36.53
10,90,12.72,4.59600000000001,-39.96
10,90,12.88,5.38399999999999,-39.82
10,90,13.04,7.94199999999999,-38.56
10,90,13.2,8.77,-38.01
10,90,13.36,6.50600000000001,-39.71
10,90,13.52,6.488,-39.52
10,90,13.68,7.63000000000001,-39.05
10,90,13.84,8.572,-38.91
10,90,14,10.17,-37.68
10,90,14.16,10.674,-37.55
10,90,14.32,12.324,-36.63
10,90,14.48,11.806,-40.02
10,90,14.64,13.866,-35.59
10,90,14.8,13.1,-34.91
10,90,14.96,12.048,-35.08
10,90,15.12,12.04,-34.39
10,90,15.28,11.24,-35.31
10,90,15.44,11.014,-35.3
10,90,15.6,10.64,-35.99
10,90,15.76,10.642,-36.55
10,90,15.92,10.478,-36.7
10,90,16.08,10.628,-36.83
10,90,16.24,10.186,-37.94
10,90,16.4,9.59,-40.22
10,90,16.56,9.85200000000001,-39.08
10,90,16.72,9.452,-40.03
10,90,16.88,10.076,-40.39
10,90,17.04,10.094,-41.16
10,90,17.2,9.24,-43.19
10,90,17.36,8.244,-44.4
10,90,17.52,7.554,-44.98
10,90,17.68,4.868,-48.21
10,90,17.84,5.01200000000001,-47.9
10,90,18,6.33000000000001,-46.48
11,90,2,3.46,-18.33
11,90,2.16,5.032,-18.38
11,90,2.32,4.804,-20.85
11,90,2.48,6.536,-20.71
11,90,2.64,7.072,-21.64
11,90,2.8,8.54,-18.52
11,90,2.96,11.022,-17.29
11,90,3.12,8.554,-19.68
11,90,3.28,9.008,-21.01
11,90,3.44,8.538,-20.11
11,90,3.6,7.65,-19.8
11,90,3.76,6.766,-22.72
11,90,3.92,7.088,-20.46
11,90,4.08,7.588,-20.08
11,90,4.24,7.864,-21.16
11,90,4.4,9.51,-20.3
11,90,4.56,9.404,-20.41
11,90,4.72,9.886,-20.1
11,90,4.88,9.72,-20.41
11,90,5.04,8.87,-21.18
11,90,5.2,8.98,-22.44
11,90,5.36,8.76,-22.04
11,90,5.52,7.762,-22.52
11,90,5.68,8.52,-22.85
11,90,5.84,7.788,-23.66
11,90,6,7.1,-24.44
11,90,6.16,7.77,-24.27
11,90,6.32,7.45200000000001,-26.04
11,90,6.48,7.534,-26.55
11,90,6.64,7.942,-26.45
11,90,6.8,8.19,-25.31
11,90,6.96,8.208,-26.12
11,90,7.12,8.364,-26.23
11,90,7.28,8.658,-25.72
11,90,7.44,8.104,-26.23
11,90,7.6,7.28,-26.12
11,90,7.76,8.292,-26.93
11,90,7.92,7.968,-26.66
11,90,8.08,7.604,-27.2
11,90,8.24,7.938,-27.17
11,90,8.4,8.36,-27.02
11,90,8.56,8.82800000000001,-27.45
11,90,8.72,8.932,-28.37
11,90,8.88,8.712,-28.43
11,90,9.04,8.41599999999999,-29.37
11,90,9.2,8.7,-30.16
11,90,9.36,8.266,-29.8
11,90,9.52,7.368,-31.01
11,90,9.68,7.82,-31.07
11,90,9.84,8.294,-30.82
11,90,10,7.95,-31.12
11,90,10.16,6.962,-32.68
11,90,10.32,8.108,-31.52
11,90,10.48,8.032,-31.5
11,90,10.64,7.722,-32.29
11,90,10.8,7.97000000000001,-32.3
11,90,10.96,8.624,-31.36
11,90,11.12,8.384,-31.86
11,90,11.28,8.274,-32.17
11,90,11.44,8.58800000000001,-32.16
11,90,11.6,7.72,-33.15
11,90,11.76,7.966,-33.15
11,90,11.92,7.396,-33.73
11,90,12.08,7.8,-34.39
11,90,12.24,7.486,-34.77
11,90,12.4,7.27,-35.39
11,90,12.56,7.38000000000001,-36.69
11,90,12.72,4.38600000000001,-40.17
11,90,12.88,5.36399999999999,-39.84
11,90,13.04,7.69199999999999,-38.81
11,90,13.2,8.74,-38.04
11,90,13.36,6.45600000000001,-39.76
11,90,13.52,6.238,-39.77
11,90,13.68,7.38000000000001,-39.3
11,90,13.84,8.272,-39.21
11,90,14,9.76,-38.09
11,90,14.16,10.454,-37.77
11,90,14.32,12.024,-36.93
11,90,14.48,11.846,-39.98
11,90,14.64,13.876,-35.58
11,90,14.8,13.08,-34.93
11,90,14.96,11.778,-35.35
11,90,15.12,11.76,-34.67
11,90,15.28,11.14,-35.41
11,90,15.44,10.884,-35.43
11,90,15.6,10.54,-36.09
11,90,15.76,10.612,-36.58
11,90,15.92,10.408,-36.77
11,90,16.08,10.458,-37
11,90,16.24,10.106,-38.02
11,90,16.4,9.17,-40.64
11,90,16.56,9.47200000000001,-39.46
11,90,16.72,9.132,-40.35
11,90,16.88,9.77600000000001,-40.69
11,90,17.04,9.80399999999999,-41.45
11,90,17.2,9.13,-43.3
11,90,17.36,7.824,-44.82
11,90,17.52,7.464,-45.07
11,90,17.68,4.66800000000001,-48.41
11,90,17.84,4.95200000000001,-47.96
11,90,18,5.67,-47.14
12,90,2,3.41,-18.38
12,90,2.16,4.872,-18.54
12,90,2.32,4.694,-20.96
12,90,2.48,6.416,-20.83
12,90,2.64,7.032,-21.68
12,90,2.8,8.59,-18.47
12,90,2.96,10.972,-17.34
12,90,3.12,8.474,-19.76
12,90,3.28,8.738,-21.28
12,90,3.44,8.408,-20.24
12,90,3.6,7.73,-19.72
12,90,3.76,6.536,-22.95
12,90,3.92,7.008,-20.54
12,90,4.08,7.548,-20.12
12,90,4.24,7.73400000000001,-21.29
12,90,4.4,9.48,-20.33
12,90,4.56,9.514,-20.3
12,90,4.72,9.666,-20.32
12,90,4.88,9.74,-20.39
12,90,5.04,8.93,-21.12
12,90,5.2,8.71,-22.71
12,90,5.36,8.55,-22.25
12,90,5.52,7.912,-22.37
12,90,5.68,8.47,-22.9
12,90,5.84,7.518,-23.93
12,90,6,6.91,-24.63
12,90,6.16,7.61,-24.43
12,90,6.32,7.652,-25.84
12,90,6.48,7.434,-26.65
12,90,6.64,7.982,-26.41
12,90,6.8,8.1,-25.4
12,90,6.96,8.028,-26.3
12,90,7.12,8.264,-26.33
12,90,7.28,8.768,-25.61
12,90,7.44,8.224,-26.11
12,90,7.6,7.31,-26.09
12,90,7.76,8.132,-27.09
12,90,7.92,7.918,-26.71
12,90,8.08,7.564,-27.24
12,90,8.24,7.938,-27.17
12,90,8.4,8.46,-26.92
12,90,8.56,8.72800000000001,-27.55
12,90,8.72,8.882,-28.42
12,90,8.88,8.712,-28.43
12,90,9.04,8.156,-29.63
12,90,9.2,8.55,-30.31
12,90,9.36,8.266,-29.8
12,90,9.52,7.248,-31.13
12,90,9.68,7.58,-31.31
12,90,9.84,8.23400000000001,-30.88
12,90,10,7.83,-31.24
12,90,10.16,6.772,-32.87
12,90,10.32,7.798,-31.83
12,90,10.48,7.872,-31.66
12,90,10.64,7.372,-32.64
12,90,10.8,7.73,-32.54
12,90,10.96,8.444,-31.54
12,90,11.12,8.354,-31.89
12,90,11.28,8.134,-32.31
12,90,11.44,8.508,-32.24
12,90,11.6,7.45,-33.42
12,90,11.76,7.746,-33.37
12,90,11.92,7.266,-33.86
12,90,12.08,7.86000000000001,-34.33
12,90,12.24,7.296,-34.96
12,90,12.4,6.95999999999999,-35.7
12,90,12.56,7.29000000000001,-36.78
12,90,12.72,4.28600000000001,-40.27
12,90,12.88,5.02399999999999,-40.18
12,90,13.04,7.282,-39.22
12,90,13.2,8.4,-38.38
12,90,13.36,6.29600000000001,-39.92
12,90,13.52,6.108,-39.9
12,90,13.68,7.17000000000001,-39.51
12,90,13.84,7.902,-39.58
12,90,14,9.4,-38.45
12,90,14.16,10.464,-37.76
12,90,14.32,11.924,-37.03
12,90,14.48,11.426,-40.4
12,90,14.64,13.736,-35.72
12,90,14.8,12.81,-35.2
12,90,14.96,11.648,-35.48
12,90,15.12,11.39,-35.04
12,90,15.28,10.94,-35.61
12,90,15.44,10.804,-35.51
12,90,15.6,10.21,-36.42
12,90,15.76,10.162,-37.03
12,90,15.92,10.418,-36.76
12,90,16.08,10.248,-37.21
12,90,16.24,9.71599999999999,-38.41
12,90,16.4,9.05,-40.76
12,90,16.56,9.47200000000001,-39.46
12,90,16.72,8.992,-40.49
12,90,16.88,9.376,-41.09
12,90,17.04,9.41399999999999,-41.84
12,90,17.2,8.75,-43.68
12,90,17.36,8.004,-44.64
12,90,17.52,7.084,-45.45
12,90,17.68,5.058,-48.02
12,90,17.84,4.352,-48.56
12,90,18,5.64,-47.17
13,90,2,3.35,-18.44
13,90,2.16,4.662,-18.75
13,90,2.32,4.624,-21.03
13,90,2.48,6.286,-20.96
13,90,2.64,6.942,-21.77
13,90,2.8,8.63,-18.43
13,90,2.96,10.892,-17.42
13,90,3.12,8.364,-19.87
13,90,3.28,8.558,-21.46
13,90,3.44,8.278,-20.37
13,90,3.6,7.79,-19.66
13,90,3.76,6.336,-23.15
13,90,3.92,6.948,-20.6
13,90,4.08,7.448,-20.22
13,90,4.24,7.57400000000001,-21.45
13,90,4.4,9.47,-20.34
13,90,4.56,9.634,-20.18
13,90,4.72,9.40600000000001,-20.58
13,90,4.88,9.75,-20.38
13,90,5.04,8.89,-21.16
13,90,5.2,8.4,-23.02
13,90,5.36,8.36,-22.44
13,90,5.52,8.082,-22.2
13,90,5.68,8.44,-22.93
13,90,5.84,7.278,-24.17
13,90,6,6.78,-24.76
13,90,6.16,7.41,-24.63
13,90,6.32,7.762,-25.73
13,90,6.48,7.324,-26.76
13,90,6.64,8.172,-26.22
13,90,6.8,8.04,-25.46
13,90,6.96,7.888,-26.44
13,90,7.12,8.084,-26.51
13,90,7.28,8.678,-25.7
13,90,7.44,8.344,-25.99
13,90,7.6,7.28,-26.12
13,90,7.76,7.852,-27.37
13,90,7.92,7.738,-26.89
13,90,8.08,7.574,-27.23
13,90,8.24,7.838,-27.27
13,90,8.4,8.4,-26.98
13,90,8.56,8.63800000000001,-27.64
13,90,8.72,8.742,-28.56
13,90,8.88,8.682,-28.46
13,90,9.04,7.87599999999999,-29.91
13,90,9.2,8.26,-30.6
13,90,9.36,8.126,-29.94
13,90,9.52,7.048,-31.33
13,90,9.68,7.15,-31.74
13,90,9.84,8.294,-30.82
13,90,10,7.73,-31.34
13,90,10.16,6.55199999999999,-33.09
13,90,10.32,7.318,-32.31
13,90,10.48,7.872,-31.66
13,90,10.64,7.272,-32.74
13,90,10.8,7.34,-32.93
13,90,10.96,8.224,-31.76
13,90,11.12,8.104,-32.14
13,90,11.28,7.994,-32.45
13,90,11.44,8.078,-32.67
13,90,11.6,7.26,-33.61
13,90,11.76,7.756,-33.36
13,90,11.92,7.326,-33.8
13,90,12.08,7.65000000000001,-34.54
13,90,12.24,7.066,-35.19
13,90,12.4,6.52999999999999,-36.13
13,90,12.56,6.89000000000001,-37.18
13,90,12.72,4.36600000000001,-40.19
13,90,12.88,4.77399999999999,-40.43
13,90,13.04,6.932,-39.57
13,90,13.2,7.98,-38.8
13,90,13.36,6.07600000000001,-40.14
13,90,13.52,6.078,-39.93
13,90,13.68,6.97000000000001,-39.71
13,90,13.84,7.632,-39.85
13,90,14,9.14,-38.71
13,90,14.16,10.304,-37.92
13,90,14.32,11.534,-37.42
13,90,14.48,10.936,-40.89
13,90,14.64,13.586,-35.87
13,90,14.8,12.53,-35.48
13,90,14.96,11.348,-35.78
13,90,15.12,11.1,-35.33
13,90,15.28,10.85,-35.7
13,90,15.44,10.554,-35.76
13,90,15.6,9.85,-36.78
13,90,15.76,9.982,-37.21
13,90,15.92,10.048,-37.13
13,90,16.08,10.038,-37.42
13,90,16.24,9.47599999999999,-38.65
13,90,16.4,8.86,-40.95
13,90,16.56,9.18200000000001,-39.75
13,90,16.72,8.692,-40.79
13,90,16.88,9.16600000000001,-41.3
13,90,17.04,9.18399999999999,-42.07
13,90,17.2,8.58,-43.85
13,90,17.36,7.744,-44.9
13,90,17.52,6.624,-45.91
13,90,17.68,4.298,-48.78
13,90,17.84,4.462,-48.45
13,90,18,4.84,-47.97
14,90,2,3.35,-18.44
14,90,2.16,4.502,-18.91
14,90,2.32,4.544,-21.11
14,90,2.48,6.106,-21.14
14,90,2.64,6.782,-21.93
14,90,2.8,8.65,-18.41
14,90,2.96,10.782,-17.53
14,90,3.12,8.254,-19.98
14,90,3.28,8.438,-21.58
14,90,3.44,8.178,-20.47
14,90,3.6,7.73,-19.72
14,90,3.76,6.236,-23.25
14,90,3.92,6.878,-20.67
14,90,4.08,7.388,-20.28
14,90,4.24,7.354,-21.67
14,90,4.4,9.47,-20.34
14,90,4.56,9.744,-20.07
14,90,4.72,9.216,-20.77
14,90,4.88,9.74,-20.39
14,90,5.04,8.81000000000001,-21.24
14,90,5.2,8.15,-23.27
14,90,5.36,8.23,-22.57
14,90,5.52,8.132,-22.15
14,90,5.68,8.39,-22.98
14,90,5.84,7.058,-24.39
14,90,6,6.8,-24.74
14,90,6.16,7.2,-24.84
14,90,6.32,7.712,-25.78
14,90,6.48,7.224,-26.86
14,90,6.64,8.322,-26.07
14,90,6.8,7.94,-25.56
14,90,6.96,7.968,-26.36
14,90,7.12,7.994,-26.6
14,90,7.28,8.538,-25.84
14,90,7.44,8.394,-25.94
14,90,7.6,7.19,-26.21
14,90,7.76,7.672,-27.55
14,90,7.92,7.778,-26.85
14,90,8.08,7.754,-27.05
14,90,8.24,7.758,-27.35
14,90,8.4,8.07,-27.31
14,90,8.56,8.55800000000001,-27.72
14,90,8.72,8.642,-28.66
14,90,8.88,8.672,-28.47
14,90,9.04,7.76599999999999,-30.02
14,90,9.2,8.04,-30.82
14,90,9.36,7.826,-30.24
14,90,9.52,6.998,-31.38
14,90,9.68,6.83,-32.06
14,90,9.84,8.21400000000001,-30.9
14,90,10,7.68,-31.39
14,90,10.16,6.342,-33.3
14,90,10.32,6.778,-32.85
14,90,10.48,7.772,-31.76
14,90,10.64,7.432,-32.58
14,90,10.8,7.07,-33.2
14,90,10.96,7.994,-31.99
14,90,11.12,7.764,-32.48
14,90,11.28,7.854,-32.59
14,90,11.44,7.818,-32.93
14,90,11.6,7.15,-33.72
14,90,11.76,7.616,-33.5
14,90,11.92,7.246,-33.88
14,90,12.08,7.32000000000001,-34.87
14,90,12.24,6.976,-35.28
14,90,12.4,6.5,-36.16
14,90,12.56,6.38000000000001,-37.69
14,90,12.72,3.90600000000001,-40.65
14,90,12.88,4.694,-40.51
14,90,13.04,6.782,-39.72
14,90,13.2,7.58,-39.2
14,90,13.36,5.68600000000001,-40.53
14,90,13.52,5.84800000000001,-40.16
14,90,13.68,6.54000000000001,-40.14
14,90,13.84,7.502,-39.98
14,90,14,9.01,-38.84
14,90,14.16,9.884,-38.34
14,90,14.32,11.254,-37.7
14,90,14.48,10.556,-41.27
14,90,14.64,13.126,-36.33
14,90,14.8,12.47,-35.54
14,90,14.96,11.078,-36.05
14,90,15.12,10.53,-35.9
14,90,15.28,10.56,-35.99
14,90,15.44,10.274,-36.04
14,90,15.6,9.32,-37.31
14,90,15.76,9.582,-37.61
14,90,15.92,9.998,-37.18
14,90,16.08,9.598,-37.86
14,90,16.24,8.80599999999999,-39.32
14,90,16.4,8.59,-41.22
14,90,16.56,8.82200000000001,-40.11
14,90,16.72,8.432,-41.05
14,90,16.88,8.85600000000001,-41.61
14,90,17.04,9.00399999999999,-42.25
14,90,17.2,8.31,-44.12
14,90,17.36,7.134,-45.51
14,90,17.52,6.254,-46.28
14,90,17.68,4.468,-48.61
14,90,17.84,4.48200000000001,-48.43
14,90,18,4.76000000000001,-48.05
15,90,2,3.36,-18.43
15,90,2.16,4.312,-19.1
15,90,2.32,4.484,-21.17
15,90,2.48,5.926,-21.32
15,90,2.64,6.562,-22.15
15,90,2.8,8.64,-18.42
15,90,2.96,10.642,-17.67
15,90,3.12,8.164,-20.07
15,90,3.28,8.368,-21.65
15,90,3.44,8.018,-20.63
15,90,3.6,7.52,-19.93
15,90,3.76,6.306,-23.18
15,90,3.92,6.828,-20.72
15,90,4.08,7.288,-20.38
15,90,4.24,7.134,-21.89
15,90,4.4,9.47,-20.34
15,90,4.56,9.764,-20.05
15,90,4.72,9.08600000000001,-20.9
15,90,4.88,9.68,-20.45
15,90,5.04,8.66,-21.39
15,90,5.2,8,-23.42
15,90,5.36,8.17,-22.63
15,90,5.52,8.082,-22.2
15,90,5.68,8.32,-23.05
15,90,5.84,6.948,-24.5
15,90,6,6.83,-24.71
15,90,6.16,7.03,-25.01
15,90,6.32,7.50200000000001,-25.99
15,90,6.48,7.114,-26.97
15,90,6.64,8.362,-26.03
15,90,6.8,7.79,-25.71
15,90,6.96,8.158,-26.17
15,90,7.12,7.954,-26.64
15,90,7.28,8.328,-26.05
15,90,7.44,8.444,-25.89
15,90,7.6,7.17,-26.23
15,90,7.76,7.512,-27.71
15,90,7.92,7.808,-26.82
15,90,8.08,7.764,-27.04
15,90,8.24,7.578,-27.53
15,90,8.4,7.63,-27.75
15,90,8.56,8.63800000000001,-27.64
15,90,8.72,8.492,-28.81
15,90,8.88,8.492,-28.65
15,90,9.04,7.96599999999999,-29.82
15,90,9.2,7.95,-30.91
15,90,9.36,7.486,-30.58
15,90,9.52,6.858,-31.52
15,90,9.68,6.39,-32.5
15,90,9.84,7.884,-31.23
15,90,10,7.63,-31.44
15,90,10.16,6.092,-33.55
15,90,10.32,6.548,-33.08
15,90,10.48,7.30200000000001,-32.23
15,90,10.64,7.622,-32.39
15,90,10.8,7.05,-33.22
15,90,10.96,7.634,-32.35
15,90,11.12,7.404,-32.84
15,90,11.28,7.584,-32.86
15,90,11.44,7.568,-33.18
15,90,11.6,6.77,-34.1
15,90,11.76,7.376,-33.74
15,90,11.92,6.916,-34.21
15,90,12.08,7.00000000000001,-35.19
15,90,12.24,6.686,-35.57
15,90,12.4,6.3,-36.36
15,90,12.56,6.36000000000001,-37.71
15,90,12.72,3.67600000000001,-40.88
15,90,12.88,4.52399999999999,-40.68
15,90,13.04,6.66199999999999,-39.84
15,90,13.2,7.36,-39.42
15,90,13.36,5.28600000000001,-40.93
15,90,13.52,5.548,-40.46
15,90,13.68,6.23,-40.45
15,90,13.84,7.102,-40.38
15,90,14,8.37,-39.48
15,90,14.16,9.114,-39.11
15,90,14.32,10.804,-38.15
15,90,14.48,10.376,-41.45
15,90,14.64,12.456,-37
15,90,14.8,12.24,-35.77
15,90,14.96,10.708,-36.42
15,90,15.12,10.03,-36.4
15,90,15.28,10.11,-36.44
15,90,15.44,10.194,-36.12
15,90,15.6,9.05,-37.58
15,90,15.76,9.242,-37.95
15,90,15.92,9.778,-37.4
15,90,16.08,9.248,-38.21
15,90,16.24,8.40599999999999,-39.72
15,90,16.4,8,-41.81
15,90,16.56,8.41200000000001,-40.52
15,90,16.72,8.002,-41.48
15,90,16.88,8.57600000000001,-41.89
15,90,17.04,8.38399999999999,-42.87
15,90,17.2,7.73,-44.7
15,90,17.36,7.024,-45.62
15,90,17.52,6.004,-46.53
15,90,17.68,4.058,-49.02
15,90,17.84,3.62200000000001,-49.29
15,90,18,4.92,-47.89
16,90,2,3.38,-18.41
16,90,2.16,4.142,-19.27
16,90,2.32,4.434,-21.22
16,90,2.48,5.786,-21.46
16,90,2.64,6.342,-22.37
16,90,2.8,8.59,-18.47
16,90,2.96,10.452,-17.86
16,90,3.12,8.064,-20.17
16,90,3.28,8.408,-21.61
16,90,3.44,7.818,-20.83
16,90,3.6,7.19,-20.26
16,90,3.76,6.426,-23.06
16,90,3.92,6.748,-20.8
16,90,4.08,7.138,-20.53
16,90,4.24,6.924,-22.1
16,90,4.4,9.45,-20.36
16,90,4.56,9.704,-20.11
16,90,4.72,9.01600000000001,-20.97
16,90,4.88,9.62,-20.51
16,90,5.04,8.45,-21.6
16,90,5.2,7.95,-23.47
16,90,5.36,8.07,-22.73
16,90,5.52,7.842,-22.44
16,90,5.68,8.17,-23.2
16,90,5.84,6.978,-24.47
16,90,6,6.75,-24.79
16,90,6.16,6.97,-25.07
16,90,6.32,7.20200000000001,-26.29
16,90,6.48,7.024,-27.06
16,90,6.64,8.262,-26.13
16,90,6.8,7.7,-25.8
16,90,6.96,8.288,-26.04
16,90,7.12,7.944,-26.65
16,90,7.28,8.158,-26.22
16,90,7.44,8.474,-25.86
16,90,7.6,7.23,-26.17
16,90,7.76,7.452,-27.77
16,90,7.92,7.808,-26.82
16,90,8.08,7.714,-27.09
16,90,8.24,7.508,-27.6
16,90,8.4,7.31,-28.07
16,90,8.56,8.498,-27.78
16,90,8.72,8.342,-28.96
16,90,8.88,8.162,-28.98
16,90,9.04,8.10599999999999,-29.68
16,90,9.2,7.88,-30.98
16,90,9.36,7.166,-30.9
16,90,9.52,6.878,-31.5
16,90,9.68,6.26,-32.63
16,90,9.84,7.23400000000001,-31.88
16,90,10,7.35,-31.72
16,90,10.16,6.01199999999999,-33.63
16,90,10.32,6.518,-33.11
16,90,10.48,6.832,-32.7
16,90,10.64,7.412,-32.6
16,90,10.8,7.12,-33.15
16,90,10.96,7.194,-32.79
16,90,11.12,7.204,-33.04
16,90,11.28,7.57400000000001,-32.87
16,90,11.44,7.44800000000001,-33.3
16,90,11.6,6.55,-34.32
16,90,11.76,7.196,-33.92
16,90,11.92,6.67599999999999,-34.45
16,90,12.08,6.86000000000001,-35.33
16,90,12.24,6.456,-35.8
16,90,12.4,6.20999999999999,-36.45
16,90,12.56,6.15000000000001,-37.92
16,90,12.72,2.80600000000001,-41.75
16,90,12.88,3.96399999999999,-41.24
16,90,13.04,6.37199999999999,-40.13
16,90,13.2,6.96,-39.82
16,90,13.36,4.85600000000001,-41.36
16,90,13.52,5.308,-40.7
16,90,13.68,5.81000000000001,-40.87
16,90,13.84,6.682,-40.8
16,90,14,8.03,-39.82
16,90,14.16,9.134,-39.09
16,90,14.32,10.254,-38.7
16,90,14.48,9.96600000000001,-41.86
16,90,14.64,11.876,-37.58
16,90,14.8,11.8,-36.21
16,90,14.96,10.478,-36.65
16,90,15.12,9.69,-36.74
16,90,15.28,9.26,-37.29
16,90,15.44,9.874,-36.44
16,90,15.6,8.86,-37.77
16,90,15.76,8.392,-38.8
16,90,15.92,9.128,-38.05
16,90,16.08,9.028,-38.43
16,90,16.24,8.00599999999999,-40.12
16,90,16.4,7.5,-42.31
16,90,16.56,8.10200000000001,-40.83
16,90,16.72,7.512,-41.97
16,90,16.88,7.73600000000001,-42.73
16,90,17.04,7.93399999999999,-43.32
16,90,17.2,7.32,-45.11
16,90,17.36,6.974,-45.67
16,90,17.52,6.044,-46.49
16,90,17.68,3.338,-49.74
16,90,17.84,2.87200000000001,-50.04
16,90,18,4.45,-48.36
17,90,2,3.44,-18.35
17,90,2.16,3.962,-19.45
17,90,2.32,4.414,-21.24
17,90,2.48,5.616,-21.63
17,90,2.64,6.112,-22.6
17,90,2.8,8.45,-18.61
17,90,2.96,10.222,-18.09
17,90,3.12,7.994,-20.24
17,90,3.28,8.448,-21.57
17,90,3.44,7.628,-21.02
17,90,3.6,6.79,-20.66
17,90,3.76,6.596,-22.89
17,90,3.92,6.718,-20.83
17,90,4.08,6.978,-20.69
17,90,4.24,6.764,-22.26
17,90,4.4,9.34,-20.47
17,90,4.56,9.614,-20.2
17,90,4.72,9.056,-20.93
17,90,4.88,9.55,-20.58
17,90,5.04,8.26000000000001,-21.79
17,90,5.2,8.03,-23.39
17,90,5.36,7.99,-22.81
17,90,5.52,7.552,-22.73
17,90,5.68,7.88,-23.49
17,90,5.84,7.048,-24.4
17,90,6,6.67,-24.87
17,90,6.16,6.89,-25.15
17,90,6.32,7.062,-26.43
17,90,6.48,6.854,-27.23
17,90,6.64,8.092,-26.3
17,90,6.8,7.65,-25.85
17,90,6.96,8.398,-25.93
17,90,7.12,7.874,-26.72
17,90,7.28,7.998,-26.38
17,90,7.44,8.414,-25.92
17,90,7.6,7.33,-26.07
17,90,7.76,7.372,-27.85
17,90,7.92,7.668,-26.96
17,90,8.08,7.544,-27.26
17,90,8.24,7.488,-27.62
17,90,8.4,6.93,-28.45
17,90,8.56,8.338,-27.94
17,90,8.72,8.222,-29.08
17,90,8.88,7.77199999999999,-29.37
17,90,9.04,7.87599999999999,-29.91
17,90,9.2,7.78,-31.08
17,90,9.36,7.226,-30.84
17,90,9.52,6.758,-31.62
17,90,9.68,6.1,-32.79
17,90,9.84,6.74400000000001,-32.37
17,90,10,7.09,-31.98
17,90,10.16,6.092,-33.55
17,90,10.32,6.458,-33.17
17,90,10.48,6.45200000000001,-33.08
17,90,10.64,7.232,-32.78
17,90,10.8,7.11000000000001,-33.16
17,90,10.96,6.714,-33.27
17,90,11.12,7.114,-33.13
17,90,11.28,7.514,-32.93
17,90,11.44,7.16800000000001,-33.58
17,90,11.6,6.36,-34.51
17,90,11.76,7.026,-34.09
17,90,11.92,6.126,-35
17,90,12.08,6.65000000000001,-35.54
17,90,12.24,6.216,-36.04
17,90,12.4,5.95999999999999,-36.7
17,90,12.56,5.83000000000001,-38.24
17,90,12.72,2.49600000000001,-42.06
17,90,12.88,3.89399999999999,-41.31
17,90,13.04,6.04199999999999,-40.46
17,90,13.2,6.92,-39.86
17,90,13.36,4.56600000000001,-41.65
17,90,13.52,4.918,-41.09
17,90,13.68,5.72000000000001,-40.96
17,90,13.84,6.272,-41.21
17,90,14,7.73,-40.12
17,90,14.16,8.484,-39.74
17,90,14.32,9.514,-39.44
17,90,14.48,9.27600000000001,-42.55
17,90,14.64,11.286,-38.17
17,90,14.8,11.12,-36.89
17,90,14.96,10.168,-36.96
17,90,15.12,9.44,-36.99
17,90,15.28,8.81,-37.74
17,90,15.44,9.304,-37.01
17,90,15.6,8.6,-38.03
17,90,15.76,7.712,-39.48
17,90,15.92,8.528,-38.65
17,90,16.08,8.768,-38.69
17,90,16.24,7.44599999999999,-40.68
17,90,16.4,7.16,-42.65
17,90,16.56,7.57200000000001,-41.36
17,90,16.72,7.222,-42.26
17,90,16.88,7.49600000000001,-42.97
17,90,17.04,7.51399999999999,-43.74
17,90,17.2,7.01,-45.42
17,90,17.36,5.974,-46.67
17,90,17.52,5.434,-47.1
17,90,17.68,2.798,-50.28
17,90,17.84,2.68200000000001,-50.23
17,90,18,4.26000000000001,-48.55
18,90,2,3.5,-18.29
18,90,2.16,3.792,-19.62
18,90,2.32,4.384,-21.27
18,90,2.48,5.476,-21.77
18,90,2.64,5.792,-22.92
18,90,2.8,8.24,-18.82
18,90,2.96,9.992,-18.32
18,90,3.12,7.944,-20.29
18,90,3.28,8.498,-21.52
18,90,3.44,7.378,-21.27
18,90,3.6,6.34,-21.11
18,90,3.76,6.666,-22.82
18,90,3.92,6.658,-20.89
18,90,4.08,6.788,-20.88
18,90,4.24,6.704,-22.32
18,90,4.4,9.22,-20.59
18,90,4.56,9.424,-20.39
18,90,4.72,9.026,-20.96
18,90,4.88,9.36,-20.77
18,90,5.04,8.16,-21.89
18,90,5.2,8.17,-23.25
18,90,5.36,7.84,-22.96
18,90,5.52,7.222,-23.06
18,90,5.68,7.63,-23.74
18,90,5.84,7.158,-24.29
18,90,6,6.68,-24.86
18,90,6.16,6.8,-25.24
18,90,6.32,7.012,-26.48
18,90,6.48,6.684,-27.4
18,90,6.64,7.802,-26.59
18,90,6.8,7.67,-25.83
18,90,6.96,8.308,-26.02
18,90,7.12,7.684,-26.91
18,90,7.28,7.868,-26.51
18,90,7.44,8.404,-25.93
18,90,7.6,7.41,-25.99
18,90,7.76,7.372,-27.85
18,90,7.92,7.418,-27.21
18,90,8.08,7.374,-27.43
18,90,8.24,7.508,-27.6
18,90,8.4,6.73,-28.65
18,90,8.56,8.07800000000001,-28.2
18,90,8.72,8.152,-29.15
18,90,8.88,7.54199999999999,-29.6
18,90,9.04,7.406,-30.38
18,90,9.2,7.74,-31.12
18,90,9.36,7.156,-30.91
18,90,9.52,6.428,-31.95
18,90,9.68,6.06,-32.83
18,90,9.84,6.514,-32.6
18,90,10,6.66,-32.41
18,90,10.16,5.94199999999999,-33.7
18,90,10.32,6.178,-33.45
18,90,10.48,6.16200000000001,-33.37
18,90,10.64,6.952,-33.06
18,90,10.8,6.95,-33.32
18,90,10.96,6.354,-33.63
18,90,11.12,6.954,-33.29
18,90,11.28,7.184,-33.26
18,90,11.44,6.748,-34
18,90,11.6,6.12,-34.75
18,90,11.76,6.986,-34.13
18,90,11.92,5.92599999999999,-35.2
18,90,12.08,6.31,-35.88
18,90,12.24,5.866,-36.39
18,90,12.4,5.79,-36.87
18,90,12.56,5.60000000000001,-38.47
18,90,12.72,2.29600000000001,-42.26
18,90,12.88,3.584,-41.62
18,90,13.04,5.822,-40.68
18,90,13.2,6.57,-40.21
18,90,13.36,3.94600000000001,-42.27
18,90,13.52,4.498,-41.51
18,90,13.68,5.17000000000001,-41.51
18,90,13.84,5.882,-41.6
18,90,14,7.23,-40.62
18,90,14.16,8.164,-40.06
18,90,14.32,9.194,-39.76
18,90,14.48,8.77600000000001,-43.05
18,90,14.64,11.066,-38.39
18,90,14.8,10.73,-37.28
18,90,14.96,9.748,-37.38
18,90,15.12,8.86,-37.57
18,90,15.28,8.23999999999999,-38.31
18,90,15.44,8.794,-37.52
18,90,15.6,8.17,-38.46
18,90,15.76,7.442,-39.75
18,90,15.92,8.008,-39.17
18,90,16.08,8.248,-39.21
18,90,16.24,7.21599999999999,-40.91
18,90,16.4,6.52,-43.29
18,90,16.56,6.97200000000001,-41.96
18,90,16.72,7.012,-42.47
18,90,16.88,6.94600000000001,-43.52
18,90,17.04,7.09399999999999,-44.16
18,90,17.2,6.57,-45.86
18,90,17.36,5.744,-46.9
18,90,17.52,5.094,-47.44
18,90,17.68,2.59800000000001,-50.48
18,90,17.84,3.242,-49.67
18,90,18,3.72,-49.09
19,90,2,3.55,-18.24
19,90,2.16,3.642,-19.77
19,90,2.32,4.324,-21.33
19,90,2.48,5.406,-21.84
19,90,2.64,5.552,-23.16
19,90,2.8,7.98,-19.08
19,90,2.96,9.752,-18.56
19,90,3.12,7.864,-20.37
19,90,3.28,8.588,-21.43
19,90,3.44,7.148,-21.5
19,90,3.6,5.96,-21.49
19,90,3.76,6.716,-22.77
19,90,3.92,6.628,-20.92
19,90,4.08,6.608,-21.06
19,90,4.24,6.744,-22.28
19,90,4.4,9.1,-20.71
19,90,4.56,9.234,-20.58
19,90,4.72,9.056,-20.93
19,90,4.88,9.16,-20.97
19,90,5.04,8.09,-21.96
19,90,5.2,8.35,-23.07
19,90,5.36,7.59,-23.21
19,90,5.52,6.922,-23.36
19,90,5.68,7.37,-24
19,90,5.84,7.248,-24.2
19,90,6,6.59,-24.95
19,90,6.16,6.69,-25.35
19,90,6.32,7.02200000000001,-26.47
19,90,6.48,6.484,-27.6
19,90,6.64,7.512,-26.88
19,90,6.8,7.65,-25.85
19,90,6.96,8.218,-26.11
19,90,7.12,7.414,-27.18
19,90,7.28,7.898,-26.48
19,90,7.44,8.394,-25.94
19,90,7.6,7.51,-25.89
19,90,7.76,7.422,-27.8
19,90,7.92,7.118,-27.51
19,90,8.08,7.204,-27.6
19,90,8.24,7.538,-27.57
19,90,8.4,6.55,-28.83
19,90,8.56,7.858,-28.42
19,90,8.72,8.062,-29.24
19,90,8.88,7.562,-29.58
19,90,9.04,6.816,-30.97
19,90,9.2,7.57,-31.29
19,90,9.36,7.116,-30.95
19,90,9.52,5.998,-32.38
19,90,9.68,6,-32.89
19,90,9.84,6.364,-32.75
19,90,10,6.34,-32.73
19,90,10.16,5.79199999999999,-33.85
19,90,10.32,5.878,-33.75
19,90,10.48,5.922,-33.61
19,90,10.64,6.532,-33.48
19,90,10.8,6.76000000000001,-33.51
19,90,10.96,6.394,-33.59
19,90,11.12,6.714,-33.53
19,90,11.28,6.744,-33.7
19,90,11.44,6.38800000000001,-34.36
19,90,11.6,5.89,-34.98
19,90,11.76,6.776,-34.34
19,90,11.92,5.936,-35.19
19,90,12.08,5.89000000000001,-36.3
19,90,12.24,5.746,-36.51
19,90,12.4,5.52,-37.14
19,90,12.56,5.14000000000001,-38.93
19,90,12.72,2.27600000000001,-42.28
19,90,12.88,3.18399999999999,-42.02
19,90,13.04,5.69199999999999,-40.81
19,90,13.2,6.11,-40.67
19,90,13.36,3.57600000000001,-42.64
19,90,13.52,3.828,-42.18
19,90,13.68,5.04000000000001,-41.64
19,90,13.84,5.582,-41.9
19,90,14,6.79,-41.06
19,90,14.16,7.194,-41.03
19,90,14.32,8.82399999999999,-40.13
19,90,14.48,8.08600000000001,-43.74
19,90,14.64,10.266,-39.19
19,90,14.8,10.22,-37.79
19,90,14.96,9.178,-37.95
19,90,15.12,8.64,-37.79
19,90,15.28,7.66999999999999,-38.88
19,90,15.44,7.974,-38.34
19,90,15.6,7.68,-38.95
19,90,15.76,6.952,-40.24
19,90,15.92,7.188,-39.99
19,90,16.08,7.61799999999999,-39.84
19,90,16.24,6.76599999999999,-41.36
19,90,16.4,5.61,-44.2
19,90,16.56,6.36200000000001,-42.57
19,90,16.72,6.552,-42.93
19,90,16.88,6.47600000000001,-43.99
19,90,17.04,6.63399999999999,-44.62
19,90,17.2,5.69,-46.74
19,90,17.36,5.454,-47.19
19,90,17.52,4.564,-47.97
19,90,17.68,2.228,-50.85
19,90,17.84,1.48200000000001,-51.43
19,90,18,2.13,-50.68
20,90,2,3.6,-18.19
20,90,2.16,3.532,-19.88
20,90,2.32,4.314,-21.34
20,90,2.48,5.336,-21.91
20,90,2.64,5.322,-23.39
20,90,2.8,7.65,-19.41
20,90,2.96,9.512,-18.8
20,90,3.12,7.844,-20.39
20,90,3.28,8.628,-21.39
20,90,3.44,6.928,-21.72
20,90,3.6,5.66,-21.79
20,90,3.76,6.626,-22.86
20,90,3.92,6.528,-21.02
20,90,4.08,6.428,-21.24
20,90,4.24,6.844,-22.18
20,90,4.4,8.88,-20.93
20,90,4.56,8.994,-20.82
20,90,4.72,8.936,-21.05
20,90,4.88,8.91,-21.22
20,90,5.04,8.08000000000001,-21.97
20,90,5.2,8.45,-22.97
20,90,5.36,7.28,-23.52
20,90,5.52,6.662,-23.62
20,90,5.68,7.15,-24.22
20,90,5.84,7.278,-24.17
20,90,6,6.42,-25.12
20,90,6.16,6.59,-25.45
20,90,6.32,7.062,-26.43
20,90,6.48,6.244,-27.84
20,90,6.64,7.302,-27.09
20,90,6.8,7.59,-25.91
20,90,6.96,7.998,-26.33
20,90,7.12,7.284,-27.31
20,90,7.28,7.818,-26.56
20,90,7.44,8.244,-26.09
20,90,7.6,7.53,-25.87
20,90,7.76,7.392,-27.83
20,90,7.92,6.868,-27.76
20,90,8.08,7.054,-27.75
20,90,8.24,7.398,-27.71
20,90,8.4,6.43,-28.95
20,90,8.56,7.408,-28.87
20,90,8.72,7.892,-29.41
20,90,8.88,7.662,-29.48
20,90,9.04,6.316,-31.47
20,90,9.2,7.31,-31.55
20,90,9.36,6.896,-31.17
20,90,9.52,5.628,-32.75
20,90,9.68,5.82,-33.07
20,90,9.84,6.17400000000001,-32.94
20,90,10,6.12,-32.95
20,90,10.16,5.382,-34.26
20,90,10.32,5.668,-33.96
20,90,10.48,5.822,-33.71
20,90,10.64,5.982,-34.03
20,90,10.8,6.37,-33.9
20,90,10.96,6.534,-33.45
20,90,11.12,6.184,-34.06
20,90,11.28,6.204,-34.24
20,90,11.44,6.45800000000001,-34.29
20,90,11.6,5.23999999999999,-35.63
20,90,11.76,6.386,-34.73
20,90,11.92,5.836,-35.29
20,90,12.08,5.75000000000001,-36.44
20,90,12.24,5.276,-36.98
20,90,12.4,5.12,-37.54
20,90,12.56,5.21000000000001,-38.86
20,90,12.72,1.64600000000002,-42.91
20,90,12.88,2.444,-42.76
20,90,13.04,5.202,-41.3
20,90,13.2,5.83,-40.95
20,90,13.36,3.35600000000001,-42.86
20,90,13.52,3.608,-42.4
20,90,13.68,4.49000000000001,-42.19
20,90,13.84,5.182,-42.3
20,90,14,6.24,-41.61
20,90,14.16,6.81400000000001,-41.41
20,90,14.32,8.14399999999999,-40.81
20,90,14.48,7.64600000000001,-44.18
20,90,14.64,9.78599999999999,-39.67
20,90,14.8,9.5,-38.51
20,90,14.96,8.898,-38.23
20,90,15.12,8.24,-38.19
20,90,15.28,7.14,-39.41
20,90,15.44,7.184,-39.13
20,90,15.6,7.22000000000001,-39.41
20,90,15.76,6.332,-40.86
20,90,15.92,6.538,-40.64
20,90,16.08,7.138,-40.32
20,90,16.24,6.52599999999999,-41.6
20,90,16.4,5.61,-44.2
20,90,16.56,5.78200000000001,-43.15
20,90,16.72,5.812,-43.67
20,90,16.88,6.10600000000001,-44.36
20,90,17.04,5.88399999999999,-45.37
20,90,17.2,5.34,-47.09
20,90,17.36,4.394,-48.25
20,90,17.52,4.184,-48.35
20,90,17.68,1.63800000000001,-51.44
20,90,17.84,1.562,-51.35
20,90,18,1.93,-50.88
21,90,2,3.62,-18.17
21,90,2.16,3.442,-19.97
21,90,2.32,4.214,-21.44
21,90,2.48,5.316,-21.93
21,90,2.64,5.132,-23.58
21,90,2.8,7.27,-19.79
21,90,2.96,9.292,-19.02
21,90,3.12,7.744,-20.49
21,90,3.28,8.638,-21.38
21,90,3.44,6.708,-21.94
21,90,3.6,5.44,-22.01
21,90,3.76,6.436,-23.05
21,90,3.92,6.418,-21.13
21,90,4.08,6.308,-21.36
21,90,4.24,6.934,-22.09
21,90,4.4,8.67,-21.14
21,90,4.56,8.764,-21.05
21,90,4.72,8.806,-21.18
21,90,4.88,8.69,-21.44
21,90,5.04,8.05,-22
21,90,5.2,8.41,-23.01
21,90,5.36,7.06,-23.74
21,90,5.52,6.472,-23.81
21,90,5.68,6.92,-24.45
21,90,5.84,7.208,-24.24
21,90,6,6.22,-25.32
21,90,6.16,6.41,-25.63
21,90,6.32,7.122,-26.37
21,90,6.48,6.154,-27.93
21,90,6.64,7.232,-27.16
21,90,6.8,7.48,-26.02
21,90,6.96,7.898,-26.43
21,90,7.12,7.234,-27.36
21,90,7.28,7.748,-26.63
21,90,7.44,8.064,-26.27
21,90,7.6,7.42,-25.98
21,90,7.76,7.342,-27.88
21,90,7.92,6.788,-27.84
21,90,8.08,6.914,-27.89
21,90,8.24,7.288,-27.82
21,90,8.4,6.28,-29.1
21,90,8.56,6.84800000000001,-29.43
21,90,8.72,7.582,-29.72
21,90,8.88,7.682,-29.46
21,90,9.04,6.26599999999999,-31.52
21,90,9.2,6.95,-31.91
21,90,9.36,6.686,-31.38
21,90,9.52,5.578,-32.8
21,90,9.68,5.61,-33.28
21,90,9.84,5.614,-33.5
21,90,10,6.02,-33.05
21,90,10.16,4.97199999999999,-34.67
21,90,10.32,5.678,-33.95
21,90,10.48,5.45200000000001,-34.08
21,90,10.64,5.662,-34.35
21,90,10.8,6.04000000000001,-34.23
21,90,10.96,6.554,-33.43
21,90,11.12,5.394,-34.85
21,90,11.28,5.934,-34.51
21,90,11.44,6.398,-34.35
21,90,11.6,4.76,-36.11
21,90,11.76,5.756,-35.36
21,90,11.92,5.516,-35.61
21,90,12.08,5.68000000000001,-36.51
21,90,12.24,4.866,-37.39
21,90,12.4,4.79,-37.87
21,90,12.56,4.8,-39.27
21,90,12.72,1.40600000000001,-43.15
21,90,12.88,2.20399999999999,-43
21,90,13.04,4.752,-41.75
21,90,13.2,5.71,-41.07
21,90,13.36,2.88600000000001,-43.33
21,90,13.52,2.838,-43.17
21,90,13.68,4.10000000000001,-42.58
21,90,13.84,4.762,-42.72
21,90,14,5.33,-42.52
21,90,14.16,6.74400000000001,-41.48
21,90,14.32,7.694,-41.26
21,90,14.48,7.32600000000001,-44.5
21,90,14.64,9.16599999999999,-40.29
21,90,14.8,8.47,-39.54
21,90,14.96,8.348,-38.78
21,90,15.12,7.92,-38.51
21,90,15.28,6.73999999999999,-39.81
21,90,15.44,6.774,-39.54
21,90,15.6,6.5,-40.13
21,90,15.76,5.912,-41.28
21,90,15.92,6.188,-40.99
21,90,16.08,6.408,-41.05
21,90,16.24,5.80599999999999,-42.32
21,90,16.4,5.41,-44.4
21,90,16.56,5.09200000000001,-43.84
21,90,16.72,4.962,-44.52
21,90,16.88,5.75600000000001,-44.71
21,90,17.04,5.33399999999999,-45.92
21,90,17.2,4.55,-47.88
21,90,17.36,3.244,-49.4
21,90,17.52,3.564,-48.97
21,90,17.68,0.728000000000002,-52.35
21,90,17.84,0.322000000000003,-52.59
21,90,18,1.76000000000001,-51.05
22,90,2,3.66,-18.13
22,90,2.16,3.362,-20.05
22,90,2.32,4.124,-21.53
22,90,2.48,5.296,-21.95
22,90,2.64,5.032,-23.68
22,90,2.8,6.85,-20.21
22,90,2.96,9.042,-19.27
22,90,3.12,7.624,-20.61
22,90,3.28,8.588,-21.43
22,90,3.44,6.508,-22.14
22,90,3.6,5.44,-22.01
22,90,3.76,6.196,-23.29
22,90,3.92,6.178,-21.37
22,90,4.08,6.208,-21.46
22,90,4.24,6.994,-22.03
22,90,4.4,8.54,-21.27
22,90,4.56,8.594,-21.22
22,90,4.72,8.60600000000001,-21.38
22,90,4.88,8.49,-21.64
22,90,5.04,8.02,-22.03
22,90,5.2,8.21,-23.21
22,90,5.36,6.89,-23.91
22,90,5.52,6.332,-23.95
22,90,5.68,6.72,-24.65
22,90,5.84,7.108,-24.34
22,90,6,6,-25.54
22,90,6.16,6.3,-25.74
22,90,6.32,7.172,-26.32
22,90,6.48,6.174,-27.91
22,90,6.64,7.202,-27.19
22,90,6.8,7.31,-26.19
22,90,6.96,7.868,-26.46
22,90,7.12,7.244,-27.35
22,90,7.28,7.448,-26.93
22,90,7.44,7.844,-26.49
22,90,7.6,7.15,-26.25
22,90,7.76,7.282,-27.94
22,90,7.92,6.798,-27.83
22,90,8.08,6.734,-28.07
22,90,8.24,7.028,-28.08
22,90,8.4,6.38,-29
22,90,8.56,6.23800000000001,-30.04
22,90,8.72,7.152,-30.15
22,90,8.88,7.63199999999999,-29.51
22,90,9.04,6.30599999999999,-31.48
22,90,9.2,6.49,-32.37
22,90,9.36,6.466,-31.6
22,90,9.52,5.478,-32.9
22,90,9.68,5.29,-33.6
22,90,9.84,5.014,-34.1
22,90,10,5.74,-33.33
22,90,10.16,4.572,-35.07
22,90,10.32,5.588,-34.04
22,90,10.48,5.312,-34.22
22,90,10.64,5.332,-34.68
22,90,10.8,5.74,-34.53
22,90,10.96,6.184,-33.8
22,90,11.12,4.754,-35.49
22,90,11.28,5.924,-34.52
22,90,11.44,5.748,-35
22,90,11.6,4.83,-36.04
22,90,11.76,5.116,-36
22,90,11.92,4.936,-36.19
22,90,12.08,5.40000000000001,-36.79
22,90,12.24,4.596,-37.66
22,90,12.4,4.37,-38.29
22,90,12.56,4.37,-39.7
22,90,12.72,1.04600000000001,-43.51
22,90,12.88,1.624,-43.58
22,90,13.04,4.352,-42.15
22,90,13.2,4.99,-41.79
22,90,13.36,2.07600000000001,-44.14
22,90,13.52,2.418,-43.59
22,90,13.68,3.51000000000001,-43.17
22,90,13.84,4.022,-43.46
22,90,14,5.2,-42.65
22,90,14.16,6.03400000000001,-42.19
22,90,14.32,6.91399999999999,-42.04
22,90,14.48,6.75600000000001,-45.07
22,90,14.64,8.59599999999999,-40.86
22,90,14.8,8.22,-39.79
22,90,14.96,7.688,-39.44
22,90,15.12,7.47,-38.96
22,90,15.28,6.48999999999999,-40.06
22,90,15.44,6.224,-40.09
22,90,15.6,5.67,-40.96
22,90,15.76,5.382,-41.81
22,90,15.92,5.758,-41.42
22,90,16.08,5.958,-41.5
22,90,16.24,4.95599999999999,-43.17
22,90,16.4,4.64,-45.17
22,90,16.56,4.45200000000001,-44.48
22,90,16.72,4.512,-44.97
22,90,16.88,5.30600000000001,-45.16
22,90,17.04,4.70399999999999,-46.55
22,90,17.2,3.98,-48.45
22,90,17.36,3.324,-49.32
22,90,17.52,2.204,-50.33
22,90,17.68,1.048,-52.03
22,90,17.84,-0.437999999999995,-53.35
22,90,18,0.280000000000001,-52.53
23,90,2,3.64,-18.15
23,90,2.16,3.352,-20.06
23,90,2.32,3.994,-21.66
23,90,2.48,5.316,-21.93
23,90,2.64,4.982,-23.73
23,90,2.8,6.47,-20.59
23,90,2.96,8.842,-19.47
23,90,3.12,7.454,-20.78
23,90,3.28,8.418,-21.6
23,90,3.44,6.328,-22.32
23,90,3.6,5.52,-21.93
23,90,3.76,5.836,-23.65
23,90,3.92,5.878,-21.67
23,90,4.08,6.168,-21.5
23,90,4.24,6.96400000000001,-22.06
23,90,4.4,8.46,-21.35
23,90,4.56,8.594,-21.22
23,90,4.72,8.386,-21.6
23,90,4.88,8.3,-21.83
23,90,5.04,7.98,-22.07
23,90,5.2,7.96,-23.46
23,90,5.36,6.79,-24.01
23,90,5.52,6.172,-24.11
23,90,5.68,6.6,-24.77
23,90,5.84,7.028,-24.42
23,90,6,5.81,-25.73
23,90,6.16,6.19,-25.85
23,90,6.32,7.09200000000001,-26.4
23,90,6.48,6.204,-27.88
23,90,6.64,7.102,-27.29
23,90,6.8,7.2,-26.3
23,90,6.96,7.878,-26.45
23,90,7.12,7.304,-27.29
23,90,7.28,7.088,-27.29
23,90,7.44,7.584,-26.75
23,90,7.6,6.9,-26.5
23,90,7.76,7.192,-28.03
23,90,7.92,6.808,-27.82
23,90,8.08,6.424,-28.38
23,90,8.24,6.788,-28.32
23,90,8.4,6.43,-28.95
23,90,8.56,5.748,-30.53
23,90,8.72,6.712,-30.59
23,90,8.88,7.402,-29.74
23,90,9.04,6.316,-31.47
23,90,9.2,5.88,-32.98
23,90,9.36,6.286,-31.78
23,90,9.52,5.488,-32.89
23,90,9.68,5.04,-33.85
23,90,9.84,4.654,-34.46
23,90,10,5.34,-33.73
23,90,10.16,4.44199999999999,-35.2
23,90,10.32,5.258,-34.37
23,90,10.48,4.95200000000001,-34.58
23,90,10.64,4.782,-35.23
23,90,10.8,5.72000000000001,-34.55
23,90,10.96,5.624,-34.36
23,90,11.12,4.824,-35.42
23,90,11.28,5.664,-34.78
23,90,11.44,4.908,-35.84
23,90,11.6,4.76,-36.11
23,90,11.76,4.466,-36.65
23,90,11.92,4.376,-36.75
23,90,12.08,5.00000000000001,-37.19
23,90,12.24,4.316,-37.94
23,90,12.4,3.76,-38.9
23,90,12.56,4.21000000000001,-39.86
23,90,12.72,0.916000000000011,-43.64
23,90,12.88,0.903999999999996,-44.3
23,90,13.04,3.61199999999999,-42.89
23,90,13.2,4.7,-42.08
23,90,13.36,2.03600000000001,-44.18
23,90,13.52,1.618,-44.39
23,90,13.68,3.06000000000001,-43.62
23,90,13.84,3.812,-43.67
23,90,14,4.7,-43.15
23,90,14.16,5.414,-42.81
23,90,14.32,6.55399999999999,-42.4
23,90,14.48,6.34600000000001,-45.48
23,90,14.64,8.19599999999999,-41.26
23,90,14.8,7.85,-40.16
23,90,14.96,6.968,-40.16
23,90,15.12,7.06,-39.37
23,90,15.28,5.91,-40.64
23,90,15.44,5.534,-40.78
23,90,15.6,5.03,-41.6
23,90,15.76,4.672,-42.52
23,90,15.92,5.04799999999999,-42.13
23,90,16.08,5.158,-42.3
23,90,16.24,4.21599999999999,-43.91
23,90,16.4,3.82,-45.99
23,90,16.56,4.12200000000001,-44.81
23,90,16.72,3.802,-45.68
23,90,16.88,4.57600000000001,-45.89
23,90,17.04,4.28399999999999,-46.97
23,90,17.2,3.12,-49.31
23,90,17.36,2.364,-50.28
23,90,17.52,2.224,-50.31
23,90,17.68,-0.601999999999997,-53.68
23,90,17.84,-1.148,-54.06
23,90,18,-0.0399999999999991,-52.85
24,90,2,3.6,-18.19
24,90,2.16,3.372,-20.04
24,90,2.32,3.874,-21.78
24,90,2.48,5.326,-21.92
24,90,2.64,4.962,-23.75
24,90,2.8,6.14,-20.92
24,90,2.96,8.612,-19.7
24,90,3.12,7.294,-20.94
24,90,3.28,8.168,-21.85
24,90,3.44,6.148,-22.5
24,90,3.6,5.63,-21.82
24,90,3.76,5.526,-23.96
24,90,3.92,5.568,-21.98
24,90,4.08,6.158,-21.51
24,90,4.24,6.864,-22.16
24,90,4.4,8.46,-21.35
24,90,4.56,8.634,-21.18
24,90,4.72,8.19600000000001,-21.79
24,90,4.88,8.06,-22.07
24,90,5.04,7.86,-22.19
24,90,5.2,7.59,-23.83
24,90,5.36,6.72,-24.08
24,90,5.52,6.042,-24.24
24,90,5.68,6.58,-24.79
24,90,5.84,6.918,-24.53
24,90,6,5.62,-25.92
24,90,6.16,6.12,-25.92
24,90,6.32,6.93200000000001,-26.56
24,90,6.48,6.154,-27.93
24,90,6.64,6.882,-27.51
24,90,6.8,7.12,-26.38
24,90,6.96,7.828,-26.5
24,90,7.12,7.304,-27.29
24,90,7.28,6.848,-27.53
24,90,7.44,7.354,-26.98
24,90,7.6,6.64,-26.76
24,90,7.76,7.072,-28.15
24,90,7.92,6.708,-27.92
24,90,8.08,6.094,-28.71
24,90,8.24,6.398,-28.71
24,90,8.4,6.33,-29.05
24,90,8.56,5.62800000000001,-30.65
24,90,8.72,6.292,-31.01
24,90,8.88,6.902,-30.24
24,90,9.04,6.08599999999999,-31.7
24,90,9.2,5.55,-33.31
24,90,9.36,6.006,-32.06
24,90,9.52,5.438,-32.94
24,90,9.68,4.54,-34.35
24,90,9.84,4.524,-34.59
24,90,10,4.7,-34.37
24,90,10.16,4.452,-35.19
24,90,10.32,4.808,-34.82
24,90,10.48,4.652,-34.88
24,90,10.64,4.422,-35.59
24,90,10.8,5.65000000000001,-34.62
24,90,10.96,5.07400000000001,-34.91
24,90,11.12,4.594,-35.65
24,90,11.28,5.064,-35.38
24,90,11.44,4.398,-36.35
24,90,11.6,4.09999999999999,-36.77
24,90,11.76,4.156,-36.96
24,90,11.92,4.086,-37.04
24,90,12.08,4.47000000000001,-37.72
24,90,12.24,3.966,-38.29
24,90,12.4,3.27,-39.39
24,90,12.56,3.68000000000001,-40.39
24,90,12.72,0.556000000000012,-44
24,90,12.88,0.923999999999992,-44.28
24,90,13.04,2.962,-43.54
24,90,13.2,3.74,-43.04
24,90,13.36,1.54600000000001,-44.67
24,90,13.52,1.218,-44.79
24,90,13.68,2.76000000000001,-43.92
24,90,13.84,3.522,-43.96
24,90,14,4.55,-43.3
24,90,14.16,4.81400000000001,-43.41
24,90,14.32,6.224,-42.73
24,90,14.48,5.20600000000001,-46.62
24,90,14.64,8.14599999999999,-41.31
24,90,14.8,7.12,-40.89
24,90,14.96,5.988,-41.14
24,90,15.12,6.66,-39.77
24,90,15.28,5.55,-41
24,90,15.44,5.074,-41.24
24,90,15.6,4.43,-42.2
24,90,15.76,3.682,-43.51
24,90,15.92,4.608,-42.57
24,90,16.08,4.378,-43.08
24,90,16.24,3.60599999999999,-44.52
24,90,16.4,3.1,-46.71
24,90,16.56,3.11200000000001,-45.82
24,90,16.72,3.022,-46.46
24,90,16.88,3.05600000000001,-47.41
24,90,17.04,3.71399999999999,-47.54
24,90,17.2,2.13,-50.3
24,90,17.36,1.544,-51.1
24,90,17.52,1.014,-51.52
24,90,17.68,-1.242,-54.32
24,90,17.84,-1.898,-54.81
24,90,18,-1.43,-54.24
25,90,2,3.55,-18.24
25,90,2.16,3.432,-19.98
25,90,2.32,3.654,-22
25,90,2.48,5.366,-21.88
25,90,2.64,4.972,-23.74
25,90,2.8,5.85,-21.21
25,90,2.96,8.402,-19.91
25,90,3.12,7.024,-21.21
25,90,3.28,7.808,-22.21
25,90,3.44,5.938,-22.71
25,90,3.6,5.78,-21.67
25,90,3.76,5.186,-24.3
25,90,3.92,5.268,-22.28
25,90,4.08,6.128,-21.54
25,90,4.24,6.674,-22.35
25,90,4.4,8.51,-21.3
25,90,4.56,8.714,-21.1
25,90,4.72,8.076,-21.91
25,90,4.88,7.87,-22.26
25,90,5.04,7.66,-22.39
25,90,5.2,7.2,-24.22
25,90,5.36,6.6,-24.2
25,90,5.52,5.922,-24.36
25,90,5.68,6.59,-24.78
25,90,5.84,6.748,-24.7
25,90,6,5.38,-26.16
25,90,6.16,6,-26.04
25,90,6.32,6.762,-26.73
25,90,6.48,6.184,-27.9
25,90,6.64,6.652,-27.74
25,90,6.8,7.07,-26.43
25,90,6.96,7.748,-26.58
25,90,7.12,7.274,-27.32
25,90,7.28,6.618,-27.76
25,90,7.44,7.054,-27.28
25,90,7.6,6.41,-26.99
25,90,7.76,6.862,-28.36
25,90,7.92,6.588,-28.04
25,90,8.08,5.804,-29
25,90,8.24,6.068,-29.04
25,90,8.4,5.96,-29.42
25,90,8.56,5.62800000000001,-30.65
25,90,8.72,5.892,-31.41
25,90,8.88,6.592,-30.55
25,90,9.04,5.96599999999999,-31.82
25,90,9.2,5.37,-33.49
25,90,9.36,5.456,-32.61
25,90,9.52,5.208,-33.17
25,90,9.68,4.43,-34.46
25,90,9.84,4.414,-34.7
25,90,10,4.23,-34.84
25,90,10.16,4.312,-35.33
25,90,10.32,4.278,-35.35
25,90,10.48,4.432,-35.1
25,90,10.64,3.862,-36.15
25,90,10.8,5.05,-35.22
25,90,10.96,4.754,-35.23
25,90,11.12,4.354,-35.89
25,90,11.28,4.204,-36.24
25,90,11.44,4.55800000000001,-36.19
25,90,11.6,3.22,-37.65
25,90,11.76,3.716,-37.4
25,90,11.92,3.736,-37.39
25,90,12.08,3.96000000000001,-38.23
25,90,12.24,3.646,-38.61
25,90,12.4,3.08,-39.58
25,90,12.56,2.93000000000001,-41.14
25,90,12.72,-0.0339999999999918,-44.59
25,90,12.88,0.703999999999994,-44.5
25,90,13.04,2.30199999999999,-44.2
25,90,13.2,3.56,-43.22
25,90,13.36,1.34600000000001,-44.87
25,90,13.52,0.838000000000001,-45.17
25,90,13.68,1.98,-44.7
25,90,13.84,1.802,-45.68
25,90,14,4.41,-43.44
25,90,14.16,4.434,-43.79
25,90,14.32,5.64399999999999,-43.31
25,90,14.48,4.95600000000001,-46.87
25,90,14.64,7.97599999999999,-41.48
25,90,14.8,6.77,-41.24
25,90,14.96,5.528,-41.6
25,90,15.12,5.91,-40.52
25,90,15.28,4.9,-41.65
25,90,15.44,4.514,-41.8
25,90,15.6,3.93,-42.7
25,90,15.76,3.572,-43.62
25,90,15.92,3.778,-43.4
25,90,16.08,3.978,-43.48
25,90,16.24,3.18599999999999,-44.94
25,90,16.4,2.57,-47.24
25,90,16.56,2.85200000000001,-46.08
25,90,16.72,1.542,-47.94
25,90,16.88,2.36600000000001,-48.1
25,90,17.04,3.08399999999999,-48.17
25,90,17.2,1.62,-50.81
25,90,17.36,0.363999999999997,-52.28
25,90,17.52,0.0640000000000001,-52.47
25,90,17.68,-2.482,-55.56
25,90,17.84,-2.52799999999999,-55.44
25,90,18,-1.81,-54.62
26,90,2,3.44,-18.35
26,90,2.16,3.522,-19.89
26,90,2.32,3.464,-22.19
26,90,2.48,5.396,-21.85
26,90,2.64,5.012,-23.7
26,90,2.8,5.71,-21.35
26,90,2.96,8.192,-20.12
26,90,3.12,6.784,-21.45
26,90,3.28,7.388,-22.63
26,90,3.44,5.678,-22.97
26,90,3.6,5.92,-21.53
26,90,3.76,4.896,-24.59
26,90,3.92,5.048,-22.5
26,90,4.08,6.108,-21.56
26,90,4.24,6.344,-22.68
26,90,4.4,8.53,-21.28
26,90,4.56,8.744,-21.07
26,90,4.72,8.056,-21.93
26,90,4.88,7.69,-22.44
26,90,5.04,7.35,-22.7
26,90,5.2,6.83,-24.59
26,90,5.36,6.48,-24.32
26,90,5.52,5.792,-24.49
26,90,5.68,6.6,-24.77
26,90,5.84,6.498,-24.95
26,90,6,5.16,-26.38
26,90,6.16,5.85,-26.19
26,90,6.32,6.52200000000001,-26.97
26,90,6.48,6.154,-27.93
26,90,6.64,6.492,-27.9
26,90,6.8,7.02,-26.48
26,90,6.96,7.578,-26.75
26,90,7.12,7.074,-27.52
26,90,7.28,6.618,-27.76
26,90,7.44,6.794,-27.54
26,90,7.6,6.29,-27.11
26,90,7.76,6.662,-28.56
26,90,7.92,6.268,-28.36
26,90,8.08,5.594,-29.21
26,90,8.24,5.608,-29.5
26,90,8.4,5.51,-29.87
26,90,8.56,5.54800000000001,-30.73
26,90,8.72,5.522,-31.78
26,90,8.88,6.122,-31.02
26,90,9.04,5.96599999999999,-31.82
26,90,9.2,5.11,-33.75
26,90,9.36,4.616,-33.45
26,90,9.52,4.778,-33.6
26,90,9.68,4.46,-34.43
26,90,9.84,4.124,-34.99
26,90,10,3.61,-35.46
26,90,10.16,3.812,-35.83
26,90,10.32,3.938,-35.69
26,90,10.48,4.112,-35.42
26,90,10.64,3.582,-36.43
26,90,10.8,4.39,-35.88
26,90,10.96,4.464,-35.52
26,90,11.12,3.674,-36.57
26,90,11.28,3.274,-37.17
26,90,11.44,4.728,-36.02
26,90,11.6,2.4,-38.47
26,90,11.76,2.816,-38.3
26,90,11.92,3.086,-38.04
26,90,12.08,3.36000000000001,-38.83
26,90,12.24,3.286,-38.97
26,90,12.4,2.48,-40.18
26,90,12.56,2.54000000000001,-41.53
26,90,12.72,-0.143999999999991,-44.7
26,90,12.88,0.103999999999992,-45.1
26,90,13.04,2.002,-44.5
26,90,13.2,2.55,-44.23
26,90,13.36,0.536000000000008,-45.68
26,90,13.52,0.998000000000005,-45.01
26,90,13.68,0.940000000000005,-45.74
26,90,13.84,0.981999999999999,-46.5
26,90,14,3.63,-44.22
26,90,14.16,3.85400000000001,-44.37
26,90,14.32,5.194,-43.76
26,90,14.48,4.63600000000001,-47.19
26,90,14.64,7.04599999999999,-42.41
26,90,14.8,6.58,-41.43
26,90,14.96,5.238,-41.89
26,90,15.12,5.46,-40.97
26,90,15.28,4.59999999999999,-41.95
26,90,15.44,4.174,-42.14
26,90,15.6,3.45,-43.18
26,90,15.76,2.682,-44.51
26,90,15.92,3.348,-43.83
26,90,16.08,3.258,-44.2
26,90,16.24,2.30599999999999,-45.82
26,90,16.4,1.75,-48.06
26,90,16.56,2.21200000000001,-46.72
26,90,16.72,1.012,-48.47
26,90,16.88,1.53600000000001,-48.93
26,90,17.04,1.45399999999999,-49.8
26,90,17.2,0.579999999999998,-51.85
26,90,17.36,-0.236000000000004,-52.88
26,90,17.52,-0.356000000000002,-52.89
26,90,17.68,-3.15199999999999,-56.23
26,90,17.84,-3.73799999999999,-56.65
26,90,18,-2.58,-55.39
27,90,2,3.3,-18.49
27,90,2.16,3.582,-19.83
27,90,2.32,3.234,-22.42
27,90,2.48,5.396,-21.85
27,90,2.64,5.022,-23.69
27,90,2.8,5.66,-21.4
27,90,2.96,7.992,-20.32
27,90,3.12,6.504,-21.73
27,90,3.28,6.908,-23.11
27,90,3.44,5.438,-23.21
27,90,3.6,5.97,-21.48
27,90,3.76,4.686,-24.8
27,90,3.92,4.918,-22.63
27,90,4.08,6.008,-21.66
27,90,4.24,5.98400000000001,-23.04
27,90,4.4,8.53,-21.28
27,90,4.56,8.754,-21.06
27,90,4.72,8.15600000000001,-21.83
27,90,4.88,7.59,-22.54
27,90,5.04,7.01000000000001,-23.04
27,90,5.2,6.53,-24.89
27,90,5.36,6.3,-24.5
27,90,5.52,5.582,-24.7
27,90,5.68,6.54,-24.83
27,90,5.84,6.218,-25.23
27,90,6,5.05,-26.49
27,90,6.16,5.76,-26.28
27,90,6.32,6.332,-27.16
27,90,6.48,6.154,-27.93
27,90,6.64,6.342,-28.05
27,90,6.8,6.79,-26.71
27,90,6.96,7.318,-27.01
27,90,7.12,6.844,-27.75
27,90,7.28,6.668,-27.71
27,90,7.44,6.744,-27.59
27,90,7.6,6.09,-27.31
27,90,7.76,6.422,-28.8
27,90,7.92,5.938,-28.69
27,90,8.08,5.424,-29.38
27,90,8.24,5.158,-29.95
27,90,8.4,5.09,-30.29
27,90,8.56,5.268,-31.01
27,90,8.72,5.012,-32.29
27,90,8.88,5.61199999999999,-31.53
27,90,9.04,5.96599999999999,-31.82
27,90,9.2,5.12,-33.74
27,90,9.36,3.856,-34.21
27,90,9.52,4.228,-34.15
27,90,9.68,4.54,-34.35
27,90,9.84,3.664,-35.45
27,90,10,3.04,-36.03
27,90,10.16,3.172,-36.47
27,90,10.32,3.638,-35.99
27,90,10.48,3.512,-36.02
27,90,10.64,3.622,-36.39
27,90,10.8,3.39,-36.88
27,90,10.96,4.164,-35.82
27,90,11.12,3.014,-37.23
27,90,11.28,2.754,-37.69
27,90,11.44,4.188,-36.56
27,90,11.6,2.04,-38.83
27,90,11.76,2.526,-38.59
27,90,11.92,2.206,-38.92
27,90,12.08,2.94,-39.25
27,90,12.24,2.866,-39.39
27,90,12.4,2.43,-40.23
27,90,12.56,2.24000000000001,-41.83
27,90,12.72,-1.21399999999999,-45.77
27,90,12.88,-0.0160000000000053,-45.22
27,90,13.04,1.48199999999999,-45.02
27,90,13.2,1.7,-45.08
27,90,13.36,-0.22399999999999,-46.44
27,90,13.52,0.078000000000003,-45.93
27,90,13.68,0.480000000000004,-46.2
27,90,13.84,0.722000000000001,-46.76
27,90,14,3.61,-44.24
27,90,14.16,3.834,-44.39
27,90,14.32,4.874,-44.08
27,90,14.48,4.056,-47.77
27,90,14.64,6.60599999999999,-42.85
27,90,14.8,5.88,-42.13
27,90,14.96,5.108,-42.02
27,90,15.12,4.99,-41.44
27,90,15.28,4,-42.55
27,90,15.44,3.464,-42.85
27,90,15.6,2.79,-43.84
27,90,15.76,1.712,-45.48
27,90,15.92,2.938,-44.24
27,90,16.08,2.728,-44.73
27,90,16.24,0.895999999999994,-47.23
27,90,16.4,0.5,-49.31
27,90,16.56,0.57200000000001,-48.36
27,90,16.72,0.281999999999996,-49.2
27,90,16.88,0.45600000000001,-50.01
27,90,17.04,0.573999999999991,-50.68
27,90,17.2,-0.43,-52.86
27,90,17.36,-1.256,-53.9
27,90,17.52,-1.556,-54.09
27,90,17.68,-3.572,-56.65
27,90,17.84,-4.398,-57.31
27,90,18,-2.51,-55.32
28,90,2,3.18,-18.61
28,90,2.16,3.632,-19.78
28,90,2.32,2.974,-22.68
28,90,2.48,5.366,-21.88
28,90,2.64,5.042,-23.67
28,90,2.8,5.69,-21.37
28,90,2.96,7.812,-20.5
28,90,3.12,6.224,-22.01
28,90,3.28,6.468,-23.55
28,90,3.44,5.178,-23.47
28,90,3.6,5.94,-21.51
28,90,3.76,4.516,-24.97
28,90,3.92,4.858,-22.69
28,90,4.08,5.818,-21.85
28,90,4.24,5.604,-23.42
28,90,4.4,8.42,-21.39
28,90,4.56,8.684,-21.13
28,90,4.72,8.326,-21.66
28,90,4.88,7.57,-22.56
28,90,5.04,6.7,-23.35
28,90,5.2,6.32,-25.1
28,90,5.36,6.06,-24.74
28,90,5.52,5.292,-24.99
28,90,5.68,6.37,-25
28,90,5.84,5.928,-25.52
28,90,6,4.99,-26.55
28,90,6.16,5.61,-26.43
28,90,6.32,6.16200000000001,-27.33
28,90,6.48,6.094,-27.99
28,90,6.64,6.302,-28.09
28,90,6.8,6.42,-27.08
28,90,6.96,6.948,-27.38
28,90,7.12,6.584,-28.01
28,90,7.28,6.578,-27.8
28,90,7.44,6.544,-27.79
28,90,7.6,5.93,-27.47
28,90,7.76,6.262,-28.96
28,90,7.92,5.738,-28.89
28,90,8.08,5.434,-29.37
28,90,8.24,4.878,-30.23
28,90,8.4,4.83,-30.55
28,90,8.56,4.838,-31.44
28,90,8.72,4.322,-32.98
28,90,8.88,5.192,-31.95
28,90,9.04,5.776,-32.01
28,90,9.2,5.07,-33.79
28,90,9.36,3.396,-34.67
28,90,9.52,3.458,-34.92
28,90,9.68,4.37,-34.52
28,90,9.84,3.28400000000001,-35.83
28,90,10,2.61,-36.46
28,90,10.16,2.522,-37.12
28,90,10.32,3.318,-36.31
28,90,10.48,2.722,-36.81
28,90,10.64,3.432,-36.58
28,90,10.8,2.58000000000001,-37.69
28,90,10.96,3.734,-36.25
28,90,11.12,2.454,-37.79
28,90,11.28,2.294,-38.15
28,90,11.44,3.038,-37.71
28,90,11.6,1.47,-39.4
28,90,11.76,2.096,-39.02
28,90,11.92,1.186,-39.94
28,90,12.08,2.50000000000001,-39.69
28,90,12.24,2.086,-40.17
28,90,12.4,1.94,-40.72
28,90,12.56,1.41000000000001,-42.66
28,90,12.72,-1.55399999999999,-46.11
28,90,12.88,-0.776000000000003,-45.98
28,90,13.04,0.531999999999996,-45.97
28,90,13.2,0.600000000000001,-46.18
28,90,13.36,-0.693999999999988,-46.91
28,90,13.52,-0.401999999999994,-46.41
28,90,13.68,0.0400000000000063,-46.64
28,90,13.84,-0.508000000000003,-47.99
28,90,14,3.08,-44.77
28,90,14.16,3.954,-44.27
28,90,14.32,5.00399999999999,-43.95
28,90,14.48,3.66600000000001,-48.16
28,90,14.64,5.68599999999999,-43.77
28,90,14.8,5.16999999999999,-42.84
28,90,14.96,3.858,-43.27
28,90,15.12,4.42,-42.01
28,90,15.28,3.34,-43.21
28,90,15.44,2.844,-43.47
28,90,15.6,2.39,-44.24
28,90,15.76,1.242,-45.95
28,90,15.92,2.04799999999999,-45.13
28,90,16.08,1.758,-45.7
28,90,16.24,0.525999999999989,-47.6
28,90,16.4,-0.469999999999999,-50.28
28,90,16.56,-0.387999999999991,-49.32
28,90,16.72,-0.347999999999999,-49.83
28,90,16.88,-0.083999999999989,-50.55
28,90,17.04,-0.796000000000006,-52.05
28,90,17.2,-0.910000000000004,-53.34
28,90,17.36,-3.436,-56.08
28,90,17.52,-0.706000000000003,-53.24
28,90,17.68,-4.462,-57.54
28,90,17.84,-5.24799999999999,-58.16
28,90,18,-4.18,-56.99
29,90,2,2.99,-18.8
29,90,2.16,3.652,-19.76
29,90,2.32,2.714,-22.94
29,90,2.48,5.356,-21.89
29,90,2.64,5.032,-23.68
29,90,2.8,5.83,-21.23
29,90,2.96,7.682,-20.63
29,90,3.12,5.964,-22.27
29,90,3.28,5.988,-24.03
29,90,3.44,4.908,-23.74
29,90,3.6,5.83,-21.62
29,90,3.76,4.416,-25.07
29,90,3.92,4.918,-22.63
29,90,4.08,5.578,-22.09
29,90,4.24,5.32400000000001,-23.7
29,90,4.4,8.23,-21.58
29,90,4.56,8.524,-21.29
29,90,4.72,8.486,-21.5
29,90,4.88,7.59,-22.54
29,90,5.04,6.43,-23.62
29,90,5.2,6.23,-25.19
29,90,5.36,5.86,-24.94
29,90,5.52,4.872,-25.41
29,90,5.68,6.13,-25.24
29,90,5.84,5.668,-25.78
29,90,6,5,-26.54
29,90,6.16,5.38,-26.66
29,90,6.32,5.93200000000001,-27.56
29,90,6.48,5.954,-28.13
29,90,6.64,6.232,-28.16
29,90,6.8,6.07,-27.43
29,90,6.96,6.538,-27.79
29,90,7.12,6.334,-28.26
29,90,7.28,6.518,-27.86
29,90,7.44,6.284,-28.05
29,90,7.6,5.59,-27.81
29,90,7.76,6.002,-29.22
29,90,7.92,5.558,-29.07
29,90,8.08,5.344,-29.46
29,90,8.24,4.558,-30.55
29,90,8.4,4.53,-30.85
29,90,8.56,4.678,-31.6
29,90,8.72,3.762,-33.54
29,90,8.88,4.61199999999999,-32.53
29,90,9.04,5.17599999999999,-32.61
29,90,9.2,5.16,-33.7
29,90,9.36,3.346,-34.72
29,90,9.52,2.388,-35.99
29,90,9.68,3.8,-35.09
29,90,9.84,2.96400000000001,-36.15
29,90,10,2.31,-36.76
29,90,10.16,1.812,-37.83
29,90,10.32,2.978,-36.65
29,90,10.48,1.922,-37.61
29,90,10.64,2.762,-37.25
29,90,10.8,1.88,-38.39
29,90,10.96,3.424,-36.56
29,90,11.12,1.494,-38.75
29,90,11.28,2.234,-38.21
29,90,11.44,1.62800000000001,-39.12
29,90,11.6,0.899999999999999,-39.97
29,90,11.76,1.656,-39.46
29,90,11.92,0.565999999999995,-40.56
29,90,12.08,1.99,-40.2
29,90,12.24,1.406,-40.85
29,90,12.4,1.31999999999999,-41.34
29,90,12.56,1.10000000000001,-42.97
29,90,12.72,-2.07399999999999,-46.63
29,90,12.88,-1.056,-46.26
29,90,13.04,-0.0580000000000069,-46.56
29,90,13.2,0.450000000000003,-46.33
29,90,13.36,-2.00399999999999,-48.22
29,90,13.52,-1.54199999999999,-47.55
29,90,13.68,-0.489999999999995,-47.17
29,90,13.84,-0.978000000000002,-48.46
29,90,14,2.81,-45.04
29,90,14.16,3.614,-44.61
29,90,14.32,4.724,-44.23
29,90,14.48,3.17600000000001,-48.65
29,90,14.64,5.66599999999999,-43.79
29,90,14.8,4.52,-43.49
29,90,14.96,3.248,-43.88
29,90,15.12,3.66,-42.77
29,90,15.28,2.48,-44.07
29,90,15.44,2.374,-43.94
29,90,15.6,1.57,-45.06
29,90,15.76,0.572000000000003,-46.62
29,90,15.92,1.308,-45.87
29,90,16.08,0.728000000000002,-46.73
29,90,16.24,-0.00400000000001199,-48.13
29,90,16.4,-1.05,-50.86
29,90,16.56,-0.687999999999988,-49.62
29,90,16.72,-1.778,-51.26
29,90,16.88,-1.50399999999999,-51.97
29,90,17.04,-0.196000000000012,-51.45
29,90,17.2,-1.08,-53.51
29,90,17.36,-3.476,-56.12
29,90,17.52,-2.156,-54.69
29,90,17.68,-4.622,-57.7
29,90,17.84,-6.12799999999999,-59.04
29,90,18,-2.55,-55.36
30,90,2,2.8,-18.99
30,90,2.16,3.622,-19.79
30,90,2.32,2.494,-23.16
30,90,2.48,5.316,-21.93
30,90,2.64,4.972,-23.74
30,90,2.8,6.04,-21.02
30,90,2.96,7.542,-20.77
30,90,3.12,5.744,-22.49
30,90,3.28,5.628,-24.39
30,90,3.44,4.628,-24.02
30,90,3.6,5.59,-21.86
30,90,3.76,4.376,-25.11
30,90,3.92,5.068,-22.48
30,90,4.08,5.248,-22.42
30,90,4.24,5.064,-23.96
30,90,4.4,7.98,-21.83
30,90,4.56,8.354,-21.46
30,90,4.72,8.546,-21.44
30,90,4.88,7.56,-22.57
30,90,5.04,6.25,-23.8
30,90,5.2,6.2,-25.22
30,90,5.36,5.76,-25.04
30,90,5.52,4.502,-25.78
30,90,5.68,5.63,-25.74
30,90,5.84,5.468,-25.98
30,90,6,4.97,-26.57
30,90,6.16,5.11,-26.93
30,90,6.32,5.692,-27.8
30,90,6.48,5.804,-28.28
30,90,6.64,6.182,-28.21
30,90,6.8,5.68,-27.82
30,90,6.96,6.158,-28.17
30,90,7.12,5.944,-28.65
30,90,7.28,6.398,-27.98
30,90,7.44,5.964,-28.37
30,90,7.6,5.23,-28.17
30,90,7.76,5.812,-29.41
30,90,7.92,5.328,-29.3
30,90,8.08,5.314,-29.49
30,90,8.24,4.278,-30.83
30,90,8.4,4.15,-31.23
30,90,8.56,4.54800000000001,-31.73
30,90,8.72,3.472,-33.83
30,90,8.88,3.962,-33.18
30,90,9.04,4.206,-33.58
30,90,9.2,5.08,-33.78
30,90,9.36,3.19600000000001,-34.87
30,90,9.52,1.808,-36.57
30,90,9.68,2.9,-35.99
30,90,9.84,2.724,-36.39
30,90,10,2.08,-36.99
30,90,10.16,1.132,-38.51
30,90,10.32,2.368,-37.26
30,90,10.48,1.362,-38.17
30,90,10.64,1.192,-38.82
30,90,10.8,1.23,-39.04
30,90,10.96,2.994,-36.99
30,90,11.12,0.564,-39.68
30,90,11.28,1.494,-38.95
30,90,11.44,0.358000000000004,-40.39
30,90,11.6,0.390000000000001,-40.48
30,90,11.76,0.856000000000002,-40.26
30,90,11.92,-0.044000000000004,-41.17
30,90,12.08,1.27,-40.92
30,90,12.24,0.706000000000003,-41.55
30,90,12.4,0.809999999999995,-41.85
30,90,12.56,0.400000000000006,-43.67
30,90,12.72,-3.24399999999999,-47.8
30,90,12.88,-1.82600000000001,-47.03
30,90,13.04,-0.198000000000008,-46.7
30,90,13.2,-0.0799999999999983,-46.86
30,90,13.36,-3.09399999999999,-49.31
30,90,13.52,-2.65199999999999,-48.66
30,90,13.68,-1.50999999999999,-48.19
30,90,13.84,-1.428,-48.91
30,90,14,2.49,-45.36
30,90,14.16,3.014,-45.21
30,90,14.32,4.73399999999999,-44.22
30,90,14.48,3.65600000000001,-48.17
30,90,14.64,6.08599999999999,-43.37
30,90,14.8,3.41,-44.6
30,90,14.96,3.318,-43.81
30,90,15.12,3.46,-42.97
30,90,15.28,1.48,-45.07
30,90,15.44,1.634,-44.68
30,90,15.6,0.93,-45.7
30,90,15.76,-0.618000000000002,-47.81
30,90,15.92,0.467999999999996,-46.71
30,90,16.08,-0.182000000000002,-47.64
30,90,16.24,-0.884000000000007,-49.01
30,90,16.4,-2.59,-52.4
30,90,16.56,-1.64799999999999,-50.58
30,90,16.72,-2.868,-52.35
30,90,16.88,-2.06399999999999,-52.53
30,90,17.04,-1.21600000000001,-52.47
30,90,17.2,-1.72,-54.15
30,90,17.36,-3.606,-56.25
30,90,17.52,-3.496,-56.03
30,90,17.68,-6.172,-59.25
30,90,17.84,-7.898,-60.81
30,90,18,-4.06,-56.87
31,90,2,2.6,-19.19
31,90,2.16,3.552,-19.86
31,90,2.32,2.254,-23.4
31,90,2.48,5.206,-22.04
31,90,2.64,4.902,-23.81
31,90,2.8,6.26,-20.8
31,90,2.96,7.442,-20.87
31,90,3.12,5.564,-22.67
31,90,3.28,5.338,-24.68
31,90,3.44,4.288,-24.36
31,90,3.6,5.32,-22.13
31,90,3.76,4.296,-25.19
31,90,3.92,5.308,-22.24
31,90,4.08,4.928,-22.74
31,90,4.24,4.904,-24.12
31,90,4.4,7.62,-22.19
31,90,4.56,8.094,-21.72
31,90,4.72,8.486,-21.5
31,90,4.88,7.49,-22.64
31,90,5.04,6.16,-23.89
31,90,5.2,6.18,-25.24
31,90,5.36,5.67,-25.13
31,90,5.52,4.232,-26.05
31,90,5.68,5.06,-26.31
31,90,5.84,5.308,-26.14
31,90,6,4.95,-26.59
31,90,6.16,4.85,-27.19
31,90,6.32,5.422,-28.07
31,90,6.48,5.634,-28.45
31,90,6.64,6.082,-28.31
31,90,6.8,5.43,-28.07
31,90,6.96,5.858,-28.47
31,90,7.12,5.584,-29.01
31,90,7.28,6.018,-28.36
31,90,7.44,5.504,-28.83
31,90,7.6,4.83,-28.57
31,90,7.76,5.592,-29.63
31,90,7.92,5.248,-29.38
31,90,8.08,5.054,-29.75
31,90,8.24,4.078,-31.03
31,90,8.4,3.66,-31.72
31,90,8.56,4.498,-31.78
31,90,8.72,3.572,-33.73
31,90,8.88,3.04199999999999,-34.1
31,90,9.04,3.10599999999999,-34.68
31,90,9.2,5.01,-33.85
31,90,9.36,2.756,-35.31
31,90,9.52,1.488,-36.89
31,90,9.68,1.99,-36.9
31,90,9.84,2.06400000000001,-37.05
31,90,10,1.7,-37.37
31,90,10.16,0.341999999999999,-39.3
31,90,10.32,1.598,-38.03
31,90,10.48,1.41200000000001,-38.12
31,90,10.64,0.392000000000003,-39.62
31,90,10.8,0.390000000000001,-39.88
31,90,10.96,2.484,-37.5
31,90,11.12,-0.396000000000001,-40.64
31,90,11.28,0.434000000000005,-40.01
31,90,11.44,-0.461999999999996,-41.21
31,90,11.6,0.189999999999998,-40.68
31,90,11.76,-0.584000000000003,-41.7
31,90,11.92,-0.734000000000002,-41.86
31,90,12.08,0.630000000000003,-41.56
31,90,12.24,-0.234000000000002,-42.49
31,90,12.4,0.339999999999996,-42.32
31,90,12.56,-0.419999999999995,-44.49
31,90,12.72,-3.44399999999999,-48
31,90,12.88,-2.79600000000001,-48
31,90,13.04,-0.708000000000006,-47.21
31,90,13.2,-0.159999999999997,-46.94
31,90,13.36,-3.57399999999999,-49.79
31,90,13.52,-3.272,-49.28
31,90,13.68,-3.27999999999999,-49.96
31,90,13.84,-1.748,-49.23
31,90,14,1.58,-46.27
31,90,14.16,2.81400000000001,-45.41
31,90,14.32,4.334,-44.62
31,90,14.48,3.13600000000001,-48.69
31,90,14.64,5.79599999999999,-43.66
31,90,14.8,3.25,-44.76
31,90,14.96,2.598,-44.53
31,90,15.12,2.84,-43.59
31,90,15.28,1.68,-44.87
31,90,15.44,0.744,-45.57
31,90,15.6,-0.0799999999999983,-46.71
31,90,15.76,-0.707999999999998,-47.9
31,90,15.92,-0.272000000000006,-47.45
31,90,16.08,-1.422,-48.88
31,90,16.24,-2.02400000000001,-50.15
31,90,16.4,-4.53,-54.34
31,90,16.56,-3.16799999999999,-52.1
31,90,16.72,-2.388,-51.87
31,90,16.88,-3.11399999999999,-53.58
31,90,17.04,-1.64600000000001,-52.9
31,90,17.2,-2.05,-54.48
31,90,17.36,-2.856,-55.5
31,90,17.52,-4.586,-57.12
31,90,17.68,-5.522,-58.6
31,90,17.84,-7.30799999999999,-60.22
31,90,18,-5.37,-58.18
32,90,2,2.4,-19.39
32,90,2.16,3.442,-19.97
32,90,2.32,2.034,-23.62
32,90,2.48,5.096,-22.15
32,90,2.64,4.812,-23.9
32,90,2.8,6.47,-20.59
32,90,2.96,7.342,-20.97
32,90,3.12,5.474,-22.76
32,90,3.28,5.228,-24.79
32,90,3.44,3.928,-24.72
32,90,3.6,4.95,-22.5
32,90,3.76,4.246,-25.24
32,90,3.92,5.568,-21.98
32,90,4.08,4.628,-23.04
32,90,4.24,4.864,-24.16
32,90,4.4,7.26,-22.55
32,90,4.56,7.804,-22.01
32,90,4.72,8.256,-21.73
32,90,4.88,7.37,-22.76
32,90,5.04,6.1,-23.95
32,90,5.2,6.15,-25.27
32,90,5.36,5.6,-25.2
32,90,5.52,4.062,-26.22
32,90,5.68,4.53,-26.84
32,90,5.84,5.118,-26.33
32,90,6,4.92,-26.62
32,90,6.16,4.63,-27.41
32,90,6.32,5.27200000000001,-28.22
32,90,6.48,5.474,-28.61
32,90,6.64,5.932,-28.46
32,90,6.8,5.28,-28.22
32,90,6.96,5.468,-28.86
32,90,7.12,5.094,-29.5
32,90,7.28,5.658,-28.72
32,90,7.44,4.964,-29.37
32,90,7.6,4.35,-29.05
32,90,7.76,5.322,-29.9
32,90,7.92,4.948,-29.68
32,90,8.08,4.634,-30.17
32,90,8.24,3.828,-31.28
32,90,8.4,3.11,-32.27
32,90,8.56,4.15800000000001,-32.12
32,90,8.72,3.742,-33.56
32,90,8.88,2.312,-34.83
32,90,9.04,1.956,-35.83
32,90,9.2,4.44,-34.42
32,90,9.36,2.096,-35.97
32,90,9.52,0.868000000000002,-37.51
32,90,9.68,1.27,-37.62
32,90,9.84,1.38400000000001,-37.73
32,90,10,1.13,-37.94
32,90,10.16,-0.258000000000003,-39.9
32,90,10.32,0.398000000000003,-39.23
32,90,10.48,1.402,-38.13
32,90,10.64,-0.128,-40.14
32,90,10.8,-0.409999999999997,-40.68
32,90,10.96,1.604,-38.38
32,90,11.12,-0.596000000000004,-40.84
32,90,11.28,-1.236,-41.68
32,90,11.44,-1.382,-42.13
32,90,11.6,-0.0300000000000011,-40.9
32,90,11.76,-2.014,-43.13
32,90,11.92,-1.424,-42.55
32,90,12.08,-0.309999999999995,-42.5
32,90,12.24,-0.893999999999998,-43.15
32,90,12.4,-0.460000000000001,-43.12
32,90,12.56,-1.04999999999999,-45.12
32,90,12.72,-3.92399999999999,-48.48
32,90,12.88,-4.85600000000001,-50.06
32,90,13.04,-2.38800000000001,-48.89
32,90,13.2,-1.76,-48.54
32,90,13.36,-4.624,-50.84
32,90,13.52,-3.922,-49.93
32,90,13.68,-3.17999999999999,-49.86
32,90,13.84,-1.908,-49.39
32,90,14,0.960000000000001,-46.89
32,90,14.16,2.554,-45.67
32,90,14.32,3.38399999999999,-45.57
32,90,14.48,2.28600000000001,-49.54
32,90,14.64,4.47599999999999,-44.98
32,90,14.8,3.08,-44.93
32,90,14.96,2.058,-45.07
32,90,15.12,1.67,-44.76
32,90,15.28,0.589999999999996,-45.96
32,90,15.44,-0.00600000000000023,-46.32
32,90,15.6,-1.02,-47.65
32,90,15.76,-1.578,-48.77
32,90,15.92,-1.332,-48.51
32,90,16.08,-2.242,-49.7
32,90,16.24,-2.91400000000001,-51.04
32,90,16.4,-4.76,-54.57
32,90,16.56,-3.78799999999999,-52.72
32,90,16.72,-3.518,-53
32,90,16.88,-3.89399999999999,-54.36
32,90,17.04,-2.32600000000001,-53.58
32,90,17.2,-3.47,-55.9
32,90,17.36,-4.94600000000001,-57.59
32,90,17.52,-5.056,-57.59
32,90,17.68,-5.762,-58.84
32,90,17.84,-9.12799999999999,-62.04
32,90,18,-7.73,-60.54
33,90,2,2.17,-19.62
33,90,2.16,3.292,-20.12
33,90,2.32,1.794,-23.86
33,90,2.48,4.986,-22.26
33,90,2.64,4.652,-24.06
33,90,2.8,6.66,-20.4
33,90,2.96,7.222,-21.09
33,90,3.12,5.414,-22.82
33,90,3.28,5.218,-24.8
33,90,3.44,3.488,-25.16
33,90,3.6,4.64,-22.81
33,90,3.76,4.046,-25.44
33,90,3.92,5.798,-21.75
33,90,4.08,4.358,-23.31
33,90,4.24,4.87400000000001,-24.15
33,90,4.4,6.85,-22.96
33,90,4.56,7.514,-22.3
33,90,4.72,7.876,-22.11
33,90,4.88,7.15,-22.98
33,90,5.04,6.02,-24.03
33,90,5.2,6.16,-25.26
33,90,5.36,5.48,-25.32
33,90,5.52,4.102,-26.18
33,90,5.68,4.12,-27.25
33,90,5.84,4.828,-26.62
33,90,6,4.77,-26.77
33,90,6.16,4.42,-27.62
33,90,6.32,5.052,-28.44
33,90,6.48,5.034,-29.05
33,90,6.64,5.772,-28.62
33,90,6.8,5.2,-28.3
33,90,6.96,5.028,-29.3
33,90,7.12,4.604,-29.99
33,90,7.28,5.228,-29.15
33,90,7.44,4.464,-29.87
33,90,7.6,3.91,-29.49
33,90,7.76,5.002,-30.22
33,90,7.92,4.608,-30.02
33,90,8.08,4.124,-30.68
33,90,8.24,3.618,-31.49
33,90,8.4,2.85,-32.53
33,90,8.56,3.36800000000001,-32.91
33,90,8.72,3.732,-33.57
33,90,8.88,2.312,-34.83
33,90,9.04,1.26599999999999,-36.52
33,90,9.2,3.3,-35.56
33,90,9.36,1.576,-36.49
33,90,9.52,0.457999999999998,-37.92
33,90,9.68,0.700000000000003,-38.19
33,90,9.84,0.904000000000003,-38.21
33,90,10,0.369999999999997,-38.7
33,90,10.16,-0.878000000000007,-40.52
33,90,10.32,-1.012,-40.64
33,90,10.48,0.362000000000002,-39.17
33,90,10.64,-0.578000000000003,-40.59
33,90,10.8,-0.789999999999999,-41.06
33,90,10.96,-0.116,-40.1
33,90,11.12,-1.156,-41.4
33,90,11.28,-1.406,-41.85
33,90,11.44,-2.932,-43.68
33,90,11.6,-1.2,-42.07
33,90,11.76,-2.734,-43.85
33,90,11.92,-1.514,-42.64
33,90,12.08,-1.48999999999999,-43.68
33,90,12.24,-1.124,-43.38
33,90,12.4,-1.73,-44.39
33,90,12.56,-1.56,-45.63
33,90,12.72,-4.94399999999999,-49.5
33,90,12.88,-5.56600000000001,-50.77
33,90,13.04,-3.428,-49.93
33,90,13.2,-2.67,-49.45
33,90,13.36,-5.124,-51.34
33,90,13.52,-4.86199999999999,-50.87
33,90,13.68,-3.23999999999999,-49.92
33,90,13.84,-2.568,-50.05
33,90,14,1.2,-46.65
33,90,14.16,2.334,-45.89
33,90,14.32,2.95399999999999,-46
33,90,14.48,2.71600000000001,-49.11
33,90,14.64,3.50599999999999,-45.95
33,90,14.8,1.34,-46.67
33,90,14.96,1.338,-45.79
33,90,15.12,0.630000000000003,-45.8
33,90,15.28,-0.780000000000001,-47.33
33,90,15.44,-0.405999999999999,-46.72
33,90,15.6,-1.84999999999999,-48.48
33,90,15.76,-2.588,-49.78
33,90,15.92,-2.41200000000001,-49.59
33,90,16.08,-2.292,-49.75
33,90,16.24,-3.85400000000001,-51.98
33,90,16.4,-4.33,-54.14
33,90,16.56,-3.84799999999999,-52.78
33,90,16.72,-3.718,-53.2
33,90,16.88,-2.68399999999999,-53.15
33,90,17.04,-2.32600000000001,-53.58
33,90,17.2,-2.64,-55.07
33,90,17.36,-6.166,-58.81
33,90,17.52,-5.096,-57.63
33,90,17.68,-6.812,-59.89
33,90,17.84,-7.88799999999999,-60.8
33,90,18,-9.75,-62.56
34,90,2,1.95,-19.84
34,90,2.16,3.082,-20.33
34,90,2.32,1.634,-24.02
34,90,2.48,4.846,-22.4
34,90,2.64,4.522,-24.19
34,90,2.8,6.8,-20.26
34,90,2.96,7.132,-21.18
34,90,3.12,5.434,-22.8
34,90,3.28,5.208,-24.81
34,90,3.44,3.108,-25.54
34,90,3.6,4.32,-23.13
34,90,3.76,3.756,-25.73
34,90,3.92,5.958,-21.59
34,90,4.08,4.118,-23.55
34,90,4.24,4.934,-24.09
34,90,4.4,6.5,-23.31
34,90,4.56,7.274,-22.54
34,90,4.72,7.44600000000001,-22.54
34,90,4.88,6.88,-23.25
34,90,5.04,5.93,-24.12
34,90,5.2,6.01,-25.41
34,90,5.36,5.27,-25.53
34,90,5.52,4.222,-26.06
34,90,5.68,4.03,-27.34
34,90,5.84,4.468,-26.98
34,90,6,4.56,-26.98
34,90,6.16,4.19,-27.85
34,90,6.32,4.822,-28.67
34,90,6.48,4.524,-29.56
34,90,6.64,5.532,-28.86
34,90,6.8,5.06,-28.44
34,90,6.96,4.718,-29.61
34,90,7.12,4.174,-30.42
34,90,7.28,4.888,-29.49
34,90,7.44,4.004,-30.33
34,90,7.6,3.37,-30.03
34,90,7.76,4.572,-30.65
34,90,7.92,4.218,-30.41
34,90,8.08,3.594,-31.21
34,90,8.24,3.368,-31.74
34,90,8.4,2.6,-32.78
34,90,8.56,2.40800000000001,-33.87
34,90,8.72,3.262,-34.04
34,90,8.88,2.492,-34.65
34,90,9.04,0.895999999999994,-36.89
34,90,9.2,1.84,-37.02
34,90,9.36,0.676000000000002,-37.39
34,90,9.52,-0.0720000000000027,-38.45
34,90,9.68,0.00999999999999801,-38.88
34,90,9.84,0.0840000000000032,-39.03
34,90,10,-0.549999999999997,-39.62
34,90,10.16,-1.518,-41.16
34,90,10.32,-2.322,-41.95
34,90,10.48,-0.957999999999998,-40.49
34,90,10.64,-1.868,-41.88
34,90,10.8,-1.02999999999999,-41.3
34,90,10.96,-1.716,-41.7
34,90,11.12,-1.816,-42.06
34,90,11.28,-1.326,-41.77
34,90,11.44,-3.922,-44.67
34,90,11.6,-2.95,-43.82
34,90,11.76,-2.824,-43.94
34,90,11.92,-1.844,-42.97
34,90,12.08,-2.59,-44.78
34,90,12.24,-2.484,-44.74
34,90,12.4,-3.03,-45.69
34,90,12.56,-2.91999999999999,-46.99
34,90,12.72,-6.85399999999998,-51.41
34,90,12.88,-5.456,-50.66
34,90,13.04,-3.938,-50.44
34,90,13.2,-4.39,-51.17
34,90,13.36,-6.76399999999999,-52.98
34,90,13.52,-5.61199999999999,-51.62
34,90,13.68,-3.95,-50.63
34,90,13.84,-2.008,-49.49
34,90,14,0.560000000000002,-47.29
34,90,14.16,2.444,-45.78
34,90,14.32,2.73399999999999,-46.22
34,90,14.48,2.31600000000001,-49.51
34,90,14.64,3.68599999999999,-45.77
34,90,14.8,0.719999999999999,-47.29
34,90,14.96,0.387999999999998,-46.74
34,90,15.12,0,-46.43
34,90,15.28,-1.57,-48.12
34,90,15.44,-1.716,-48.03
34,90,15.6,-2.96,-49.59
34,90,15.76,-4.288,-51.48
34,90,15.92,-4.012,-51.19
34,90,16.08,-3.13200000000001,-50.59
34,90,16.24,-4.23400000000001,-52.36
34,90,16.4,-4.91999999999999,-54.73
34,90,16.56,-4.44799999999999,-53.38
34,90,16.72,-4.468,-53.95
34,90,16.88,-5.13399999999999,-55.6
34,90,17.04,-2.26600000000001,-53.52
34,90,17.2,-3.55,-55.98
34,90,17.36,-5.926,-58.57
34,90,17.52,-7.116,-59.65
34,90,17.68,-8.992,-62.07
34,90,17.84,-14.868,-67.78
34,90,18,-9.34,-62.15
35,90,2,1.72,-20.07
35,90,2.16,2.862,-20.55
35,90,2.32,1.454,-24.2
35,90,2.48,4.646,-22.6
35,90,2.64,4.392,-24.32
35,90,2.8,6.87,-20.19
35,90,2.96,7.032,-21.28
35,90,3.12,5.494,-22.74
35,90,3.28,5.308,-24.71
35,90,3.44,2.808,-25.84
35,90,3.6,4.11,-23.34
35,90,3.76,3.436,-26.05
35,90,3.92,6.018,-21.53
35,90,4.08,3.948,-23.72
35,90,4.24,4.994,-24.03
35,90,4.4,6.17,-23.64
35,90,4.56,7.174,-22.64
35,90,4.72,7.006,-22.98
35,90,4.88,6.56,-23.57
35,90,5.04,5.74000000000001,-24.31
35,90,5.2,5.83,-25.59
35,90,5.36,4.97,-25.83
35,90,5.52,4.352,-25.93
35,90,5.68,4.17,-27.2
35,90,5.84,3.918,-27.53
35,90,6,4.27,-27.27
35,90,6.16,3.98,-28.06
35,90,6.32,4.552,-28.94
35,90,6.48,4.014,-30.07
35,90,6.64,5.372,-29.02
35,90,6.8,4.82,-28.68
35,90,6.96,4.228,-30.1
35,90,7.12,3.624,-30.97
35,90,7.28,4.438,-29.94
35,90,7.44,3.724,-30.61
35,90,7.6,3,-30.4
35,90,7.76,4.132,-31.09
35,90,7.92,3.648,-30.98
35,90,8.08,3.174,-31.63
35,90,8.24,3.158,-31.95
35,90,8.4,2.29,-33.09
35,90,8.56,1.498,-34.78
35,90,8.72,2.362,-34.94
35,90,8.88,2.47199999999999,-34.67
35,90,9.04,0.975999999999992,-36.81
35,90,9.2,0.32,-38.54
35,90,9.36,-0.173999999999999,-38.24
35,90,9.52,-0.771999999999998,-39.15
35,90,9.68,-1.49,-40.38
35,90,9.84,-0.835999999999999,-39.95
35,90,10,-1.24,-40.31
35,90,10.16,-2.158,-41.8
35,90,10.32,-3.132,-42.76
35,90,10.48,-2.01799999999999,-41.55
35,90,10.64,-3.628,-43.64
35,90,10.8,-1.82,-42.09
35,90,10.96,-3.436,-43.42
35,90,11.12,-2.446,-42.69
35,90,11.28,-1.886,-42.33
35,90,11.44,-4.58199999999999,-45.33
35,90,11.6,-4.01000000000001,-44.88
35,90,11.76,-4.004,-45.12
35,90,11.92,-2.484,-43.61
35,90,12.08,-3.10999999999999,-45.3
35,90,12.24,-3.324,-45.58
35,90,12.4,-4.36000000000001,-47.02
35,90,12.56,-4.10999999999999,-48.18
35,90,12.72,-7.62399999999999,-52.18
35,90,12.88,-6.526,-51.73
35,90,13.04,-4.66800000000001,-51.17
35,90,13.2,-5.23,-52.01
35,90,13.36,-7.11399999999999,-53.33
35,90,13.52,-6.952,-52.96
35,90,13.68,-4.41999999999999,-51.1
35,90,13.84,-2.478,-49.96
35,90,14,-0.119999999999997,-47.97
35,90,14.16,2.164,-46.06
35,90,14.32,2.66399999999999,-46.29
35,90,14.48,2.14600000000001,-49.68
35,90,14.64,3.00599999999999,-46.45
35,90,14.8,0.890000000000001,-47.12
35,90,14.96,-0.531999999999996,-47.66
35,90,15.12,-0.960000000000001,-47.39
35,90,15.28,-2.23,-48.78
35,90,15.44,-3.256,-49.57
35,90,15.6,-4.44,-51.07
35,90,15.76,-4.458,-51.65
35,90,15.92,-4.762,-51.94
35,90,16.08,-4.122,-51.58
35,90,16.24,-4.80400000000001,-52.93
35,90,16.4,-6.7,-56.51
35,90,16.56,-4.90799999999999,-53.84
35,90,16.72,-4.388,-53.87
35,90,16.88,-6.41399999999999,-56.88
35,90,17.04,-3.64600000000001,-54.9
35,90,17.2,-3.43,-55.86
35,90,17.36,-6.096,-58.74
35,90,17.52,-6.476,-59.01
35,90,17.68,-7.40199999999999,-60.48
35,90,17.84,-11.988,-64.9
35,90,18,-11.11,-63.92
36,90,2,1.53,-20.26
36,90,2.16,2.592,-20.82
36,90,2.32,1.344,-24.31
36,90,2.48,4.456,-22.79
36,90,2.64,4.262,-24.45
36,90,2.8,6.84,-20.22
36,90,2.96,6.912,-21.4
36,90,3.12,5.594,-22.64
36,90,3.28,5.398,-24.62
36,90,3.44,2.568,-26.08
36,90,3.6,4,-23.45
36,90,3.76,2.986,-26.5
36,90,3.92,5.928,-21.62
36,90,4.08,3.848,-23.82
36,90,4.24,5.07400000000001,-23.95
36,90,4.4,5.92,-23.89
36,90,4.56,7.134,-22.68
36,90,4.72,6.646,-23.34
36,90,4.88,6.25,-23.88
36,90,5.04,5.45,-24.6
36,90,5.2,5.55,-25.87
36,90,5.36,4.65,-26.15
36,90,5.52,4.472,-25.81
36,90,5.68,4.41,-26.96
36,90,5.84,3.378,-28.07
36,90,6,4.03,-27.51
36,90,6.16,3.75,-28.29
36,90,6.32,4.13200000000001,-29.36
36,90,6.48,3.704,-30.38
36,90,6.64,5.242,-29.15
36,90,6.8,4.53,-28.97
36,90,6.96,3.738,-30.59
36,90,7.12,3.014,-31.58
36,90,7.28,3.878,-30.5
36,90,7.44,3.484,-30.85
36,90,7.6,2.55,-30.85
36,90,7.76,3.682,-31.54
36,90,7.92,3.018,-31.61
36,90,8.08,2.884,-31.92
36,90,8.24,2.758,-32.35
36,90,8.4,1.84,-33.54
36,90,8.56,1.148,-35.13
36,90,8.72,1.452,-35.85
36,90,8.88,1.69199999999999,-35.45
36,90,9.04,1.18599999999999,-36.6
36,90,9.2,-0.82,-39.68
36,90,9.36,-1.254,-39.32
36,90,9.52,-1.152,-39.53
36,90,9.68,-3.31,-42.2
36,90,9.84,-2.226,-41.34
36,90,10,-2.12,-41.19
36,90,10.16,-3.298,-42.94
36,90,10.32,-4.342,-43.97
36,90,10.48,-2.058,-41.59
36,90,10.64,-4.798,-44.81
36,90,10.8,-3.8,-44.07
36,90,10.96,-4.866,-44.85
36,90,11.12,-3.446,-43.69
36,90,11.28,-3.756,-44.2
36,90,11.44,-4.682,-45.43
36,90,11.6,-3.96,-44.83
36,90,11.76,-5.714,-46.83
36,90,11.92,-3.994,-45.12
36,90,12.08,-4.23,-46.42
36,90,12.24,-3.944,-46.2
36,90,12.4,-5.14,-47.8
36,90,12.56,-6.00999999999999,-50.08
36,90,12.72,-10.024,-54.58
36,90,12.88,-8.82600000000001,-54.03
36,90,13.04,-4.858,-51.36
36,90,13.2,-4.95,-51.73
36,90,13.36,-7.84399999999999,-54.06
36,90,13.52,-7.702,-53.71
36,90,13.68,-5.25999999999999,-51.94
36,90,13.84,-2.388,-49.87
36,90,14,-0.0300000000000011,-47.88
36,90,14.16,1.06400000000001,-47.16
36,90,14.32,2.18399999999999,-46.77
36,90,14.48,2.07600000000001,-49.75
36,90,14.64,2.39599999999999,-47.06
36,90,14.8,0.0799999999999983,-47.93
36,90,14.96,-0.311999999999998,-47.44
36,90,15.12,-1.47,-47.9
36,90,15.28,-3.34,-49.89
36,90,15.44,-3.356,-49.67
36,90,15.6,-4.73999999999999,-51.37
36,90,15.76,-5.358,-52.55
36,90,15.92,-5.062,-52.24
36,90,16.08,-5.312,-52.77
36,90,16.24,-5.37400000000001,-53.5
36,90,16.4,-5.07,-54.88
36,90,16.56,-4.61799999999999,-53.55
36,90,16.72,-5.118,-54.6
36,90,16.88,-4.86399999999999,-55.33
36,90,17.04,-5.27600000000001,-56.53
36,90,17.2,-5.53,-57.96
36,90,17.36,-6.546,-59.19
36,90,17.52,-9.436,-61.97
36,90,17.68,-8.982,-62.06
36,90,17.84,-16.898,-69.81
36,90,18,-11.89,-64.7
37,90,2,1.34,-20.45
37,90,2.16,2.282,-21.13
37,90,2.32,1.184,-24.47
37,90,2.48,4.206,-23.04
37,90,2.64,4.072,-24.64
37,90,2.8,6.75,-20.31
37,90,2.96,6.832,-21.48
37,90,3.12,5.694,-22.54
37,90,3.28,5.458,-24.56
37,90,3.44,2.518,-26.13
37,90,3.6,3.98,-23.47
37,90,3.76,2.596,-26.89
37,90,3.92,5.658,-21.89
37,90,4.08,3.808,-23.86
37,90,4.24,5.114,-23.91
37,90,4.4,5.77,-24.04
37,90,4.56,7.154,-22.66
37,90,4.72,6.326,-23.66
37,90,4.88,5.95,-24.18
37,90,5.04,4.96,-25.09
37,90,5.2,5.18,-26.24
37,90,5.36,4.22,-26.58
37,90,5.52,4.432,-25.85
37,90,5.68,4.75,-26.62
37,90,5.84,2.898,-28.55
37,90,6,3.77,-27.77
37,90,6.16,3.5,-28.54
37,90,6.32,3.68200000000001,-29.81
37,90,6.48,3.514,-30.57
37,90,6.64,5.082,-29.31
37,90,6.8,3.97,-29.53
37,90,6.96,3.278,-31.05
37,90,7.12,2.434,-32.16
37,90,7.28,3.308,-31.07
37,90,7.44,3.194,-31.14
37,90,7.6,2.08,-31.32
37,90,7.76,3.282,-31.94
37,90,7.92,2.458,-32.17
37,90,8.08,2.714,-32.09
37,90,8.24,2.29799999999999,-32.81
37,90,8.4,1.23,-34.15
37,90,8.56,0.948000000000008,-35.33
37,90,8.72,0.722000000000001,-36.58
37,90,8.88,0.291999999999994,-36.85
37,90,9.04,0.775999999999996,-37.01
37,90,9.2,-1.12,-39.98
37,90,9.36,-2.644,-40.71
37,90,9.52,-2.002,-40.38
37,90,9.68,-4.71,-43.6
37,90,9.84,-4.50599999999999,-43.62
37,90,10,-2.95,-42.02
37,90,10.16,-5.428,-45.07
37,90,10.32,-5.552,-45.18
37,90,10.48,-3.098,-42.63
37,90,10.64,-5.478,-45.49
37,90,10.8,-6.09,-46.36
37,90,10.96,-6.456,-46.44
37,90,11.12,-4.716,-44.96
37,90,11.28,-6.016,-46.46
37,90,11.44,-4.962,-45.71
37,90,11.6,-4.2,-45.07
37,90,11.76,-5.764,-46.88
37,90,11.92,-4.914,-46.04
37,90,12.08,-6.24999999999999,-48.44
37,90,12.24,-4.764,-47.02
37,90,12.4,-6.67,-49.33
37,90,12.56,-6.70999999999999,-50.78
37,90,12.72,-10.504,-55.06
37,90,12.88,-10.026,-55.23
37,90,13.04,-5.718,-52.22
37,90,13.2,-5.46,-52.24
37,90,13.36,-8.26399999999999,-54.48
37,90,13.52,-5.932,-51.94
37,90,13.68,-5.82999999999999,-52.51
37,90,13.84,-3.078,-50.56
37,90,14,-0.0700000000000003,-47.92
37,90,14.16,0.664000000000001,-47.56
37,90,14.32,1.32399999999999,-47.63
37,90,14.48,1.66600000000001,-50.16
37,90,14.64,1.75599999999999,-47.7
37,90,14.8,-0.200000000000003,-48.21
37,90,14.96,-0.892000000000003,-48.02
37,90,15.12,-2.4,-48.83
37,90,15.28,-4.71,-51.26
37,90,15.44,-4.026,-50.34
37,90,15.6,-5.33,-51.96
37,90,15.76,-6.078,-53.27
37,90,15.92,-5.222,-52.4
37,90,16.08,-4.892,-52.35
37,90,16.24,-5.00400000000001,-53.13
37,90,16.4,-6.75,-56.56
37,90,16.56,-5.02799999999999,-53.96
37,90,16.72,-6.028,-55.51
37,90,16.88,-6.50399999999999,-56.97
37,90,17.04,-5.22600000000001,-56.48
37,90,17.2,-7.05,-59.48
37,90,17.36,-9.226,-61.87
37,90,17.52,-11.086,-63.62
37,90,17.68,-9.72199999999999,-62.8
37,90,17.84,-14.438,-67.35
37,90,18,-16.54,-69.35
38,90,2,1.18,-20.61
38,90,2.16,1.942,-21.47
38,90,2.32,1.034,-24.62
38,90,2.48,3.966,-23.28
38,90,2.64,3.922,-24.79
38,90,2.8,6.52,-20.54
38,90,2.96,6.782,-21.53
38,90,3.12,5.784,-22.45
38,90,3.28,5.468,-24.55
38,90,3.44,2.488,-26.16
38,90,3.6,4.04,-23.41
38,90,3.76,2.316,-27.17
38,90,3.92,5.248,-22.3
38,90,4.08,3.758,-23.91
38,90,4.24,5.134,-23.89
38,90,4.4,5.61,-24.2
38,90,4.56,7.134,-22.68
38,90,4.72,6.146,-23.84
38,90,4.88,5.72,-24.41
38,90,5.04,4.40000000000001,-25.65
38,90,5.2,4.78,-26.64
38,90,5.36,3.78,-27.02
38,90,5.52,4.182,-26.1
38,90,5.68,4.89,-26.48
38,90,5.84,2.518,-28.93
38,90,6,3.56,-27.98
38,90,6.16,3.18,-28.86
38,90,6.32,3.172,-30.32
38,90,6.48,3.414,-30.67
38,90,6.64,4.732,-29.66
38,90,6.8,3.36,-30.14
38,90,6.96,2.998,-31.33
38,90,7.12,2.034,-32.56
38,90,7.28,2.548,-31.83
38,90,7.44,2.674,-31.66
38,90,7.6,1.54,-31.86
38,90,7.76,2.812,-32.41
38,90,7.92,2.118,-32.51
38,90,8.08,2.414,-32.39
38,90,8.24,1.878,-33.23
38,90,8.4,0.600000000000001,-34.78
38,90,8.56,0.638000000000005,-35.64
38,90,8.72,0.601999999999997,-36.7
38,90,8.88,-1.368,-38.51
38,90,9.04,-0.264000000000003,-38.05
38,90,9.2,-1.7,-40.56
38,90,9.36,-3.874,-41.94
38,90,9.52,-4.002,-42.38
38,90,9.68,-4.75,-43.64
38,90,9.84,-6.71599999999999,-45.83
38,90,10,-3.87,-42.94
38,90,10.16,-8.218,-47.86
38,90,10.32,-7.322,-46.95
38,90,10.48,-5.168,-44.7
38,90,10.64,-5.588,-45.6
38,90,10.8,-6.20999999999999,-46.48
38,90,10.96,-8.836,-48.82
38,90,11.12,-6.036,-46.28
38,90,11.28,-7.906,-48.35
38,90,11.44,-6.54199999999999,-47.29
38,90,11.6,-5.87,-46.74
38,90,11.76,-5.134,-46.25
38,90,11.92,-5.654,-46.78
38,90,12.08,-8.34999999999999,-50.54
38,90,12.24,-5.954,-48.21
38,90,12.4,-8.39,-51.05
38,90,12.56,-7.23999999999999,-51.31
38,90,12.72,-11.424,-55.98
38,90,12.88,-9.06600000000001,-54.27
38,90,13.04,-6.748,-53.25
38,90,13.2,-5.96,-52.74
38,90,13.36,-8.32399999999999,-54.54
38,90,13.52,-5.962,-51.97
38,90,13.68,-5.43999999999999,-52.12
38,90,13.84,-2.418,-49.9
38,90,14,-0.920000000000002,-48.77
38,90,14.16,-0.0559999999999974,-48.28
38,90,14.32,1.724,-47.23
38,90,14.48,0.896000000000008,-50.93
38,90,14.64,1.09599999999999,-48.36
38,90,14.8,-1.55,-49.56
38,90,14.96,-1.622,-48.75
38,90,15.12,-2.89,-49.32
38,90,15.28,-4.61,-51.16
38,90,15.44,-6.326,-52.64
38,90,15.6,-5.43,-52.06
38,90,15.76,-6.618,-53.81
38,90,15.92,-5.542,-52.72
38,90,16.08,-5.502,-52.96
38,90,16.24,-5.18400000000001,-53.31
38,90,16.4,-6.34,-56.15
38,90,16.56,-6.99799999999999,-55.93
38,90,16.72,-7.078,-56.56
38,90,16.88,-7.21399999999999,-57.68
38,90,17.04,-9.15600000000001,-60.41
38,90,17.2,-7.17,-59.6
38,90,17.36,-8.966,-61.61
38,90,17.52,-10.826,-63.36
38,90,17.68,-13.422,-66.5
38,90,17.84,-15.928,-68.84
38,90,18,-17.37,-70.18
39,90,2,1.02,-20.77
39,90,2.16,1.572,-21.84
39,90,2.32,0.934000000000001,-24.72
39,90,2.48,3.686,-23.56
39,90,2.64,3.732,-24.98
39,90,2.8,6.25,-20.81
39,90,2.96,6.672,-21.64
39,90,3.12,5.804,-22.43
39,90,3.28,5.478,-24.54
39,90,3.44,2.678,-25.97
39,90,3.6,4.11,-23.34
39,90,3.76,2.196,-27.29
39,90,3.92,4.728,-22.82
39,90,4.08,3.768,-23.9
39,90,4.24,5.05400000000001,-23.97
39,90,4.4,5.45,-24.36
39,90,4.56,7.014,-22.8
39,90,4.72,6.026,-23.96
39,90,4.88,5.61,-24.52
39,90,5.04,3.85,-26.2
39,90,5.2,4.3,-27.12
39,90,5.36,3.29,-27.51
39,90,5.52,3.672,-26.61
39,90,5.68,4.86,-26.51
39,90,5.84,2.348,-29.1
39,90,6,3.47,-28.07
39,90,6.16,2.79,-29.25
39,90,6.32,2.722,-30.77
39,90,6.48,3.394,-30.69
39,90,6.64,4.172,-30.22
39,90,6.8,2.7,-30.8
39,90,6.96,2.808,-31.52
39,90,7.12,1.604,-32.99
39,90,7.28,1.738,-32.64
39,90,7.44,1.974,-32.36
39,90,7.6,0.949999999999996,-32.45
39,90,7.76,2.392,-32.83
39,90,7.92,1.868,-32.76
39,90,8.08,1.934,-32.87
39,90,8.24,1.318,-33.79
39,90,8.4,0.190000000000005,-35.19
39,90,8.56,0.138000000000005,-36.14
39,90,8.72,0.491999999999997,-36.81
39,90,8.88,-2.608,-39.75
39,90,9.04,-2.044,-39.83
39,90,9.2,-2.81,-41.67
39,90,9.36,-4.644,-42.71
39,90,9.52,-7.142,-45.52
39,90,9.68,-5.08,-43.97
39,90,9.84,-7.96599999999999,-47.08
39,90,10,-5.43,-44.5
39,90,10.16,-10.968,-50.61
39,90,10.32,-8.382,-48.01
39,90,10.48,-8.54799999999999,-48.08
39,90,10.64,-6.318,-46.33
39,90,10.8,-6.55,-46.82
39,90,10.96,-10.666,-50.65
39,90,11.12,-8.216,-48.46
39,90,11.28,-8.826,-49.27
39,90,11.44,-8.16199999999999,-48.91
39,90,11.6,-8.87,-49.74
39,90,11.76,-5.944,-47.06
39,90,11.92,-7.734,-48.86
39,90,12.08,-8.23,-50.42
39,90,12.24,-8.324,-50.58
39,90,12.4,-9.75,-52.41
39,90,12.56,-8.52,-52.59
39,90,12.72,-12.784,-57.34
39,90,12.88,-9.69600000000001,-54.9
39,90,13.04,-6.148,-52.65
39,90,13.2,-6.01,-52.79
39,90,13.36,-8.46399999999999,-54.68
39,90,13.52,-6.602,-52.61
39,90,13.68,-4.91999999999999,-51.6
39,90,13.84,-2.808,-50.29
39,90,14,-1.49,-49.34
39,90,14.16,-0.895999999999994,-49.12
39,90,14.32,0.583999999999996,-48.37
39,90,14.48,0.0760000000000076,-51.75
39,90,14.64,0.425999999999988,-49.03
39,90,14.8,-1.3,-49.31
39,90,14.96,-3.302,-50.43
39,90,15.12,-3.73,-50.16
39,90,15.28,-4.56,-51.11
39,90,15.44,-8.396,-54.71
39,90,15.6,-6.52999999999999,-53.16
39,90,15.76,-7.098,-54.29
39,90,15.92,-5.242,-52.42
39,90,16.08,-5.902,-53.36
39,90,16.24,-6.75400000000001,-54.88
39,90,16.4,-6.27,-56.08
39,90,16.56,-6.13799999999999,-55.07
39,90,16.72,-7.748,-57.23
39,90,16.88,-8.79399999999999,-59.26
39,90,17.04,-7.71600000000001,-58.97
39,90,17.2,-9.28,-61.71
39,90,17.36,-12.586,-65.23
39,90,17.52,-11.626,-64.16
39,90,17.68,-10.802,-63.88
39,90,17.84,-21.188,-74.1
39,90,18,-15.46,-68.27
40,90,2,0.879999999999999,-20.91
40,90,2.16,1.172,-22.24
40,90,2.32,0.733999999999998,-24.92
40,90,2.48,3.386,-23.86
40,90,2.64,3.522,-25.19
40,90,2.8,5.82,-21.24
40,90,2.96,6.552,-21.76
40,90,3.12,5.774,-22.46
40,90,3.28,5.418,-24.6
40,90,3.44,2.878,-25.77
40,90,3.6,4.19,-23.26
40,90,3.76,2.236,-27.25
40,90,3.92,4.108,-23.44
40,90,4.08,3.698,-23.97
40,90,4.24,4.934,-24.09
40,90,4.4,5.23,-24.58
40,90,4.56,6.824,-22.99
40,90,4.72,5.976,-24.01
40,90,4.88,5.61,-24.52
40,90,5.04,3.39,-26.66
40,90,5.2,3.88,-27.54
40,90,5.36,2.73,-28.07
40,90,5.52,2.962,-27.32
40,90,5.68,4.54,-26.83
40,90,5.84,2.348,-29.1
40,90,6,3.3,-28.24
40,90,6.16,2.41,-29.63
40,90,6.32,2.392,-31.1
40,90,6.48,3.234,-30.85
40,90,6.64,3.402,-30.99
40,90,6.8,2.11,-31.39
40,90,6.96,2.448,-31.88
40,90,7.12,1.134,-33.46
40,90,7.28,1.118,-33.26
40,90,7.44,1.124,-33.21
40,90,7.6,0.460000000000001,-32.94
40,90,7.76,1.942,-33.28
40,90,7.92,1.578,-33.05
40,90,8.08,1.254,-33.55
40,90,8.24,0.698,-34.41
40,90,8.4,0.150000000000006,-35.23
40,90,8.56,-0.601999999999997,-36.88
40,90,8.72,-0.247999999999998,-37.55
40,90,8.88,-2.858,-40
40,90,9.04,-3.624,-41.41
40,90,9.2,-4.7,-43.56
40,90,9.36,-5.98399999999999,-44.05
40,90,9.52,-11.022,-49.4
40,90,9.68,-5.92,-44.81
40,90,9.84,-9.17599999999999,-48.29
40,90,10,-6.12,-45.19
40,90,10.16,-12.748,-52.39
40,90,10.32,-10.022,-49.65
40,90,10.48,-13.618,-53.15
40,90,10.64,-7.788,-47.8
40,90,10.8,-8.16,-48.43
40,90,10.96,-11.766,-51.75
40,90,11.12,-8.476,-48.72
40,90,11.28,-9.946,-50.39
40,90,11.44,-8.322,-49.07
40,90,11.6,-9.66,-50.53
40,90,11.76,-7.744,-48.86
40,90,11.92,-10.674,-51.8
40,90,12.08,-7.7,-49.89
40,90,12.24,-9.294,-51.55
40,90,12.4,-11.44,-54.1
40,90,12.56,-10.18,-54.25
40,90,12.72,-12.344,-56.9
40,90,12.88,-10.266,-55.47
40,90,13.04,-5.498,-52
40,90,13.2,-5.3,-52.08
40,90,13.36,-7.53399999999999,-53.75
40,90,13.52,-8.512,-54.52
40,90,13.68,-5.59,-52.27
40,90,13.84,-4.848,-52.33
40,90,14,-1.55,-49.4
40,90,14.16,-0.915999999999997,-49.14
40,90,14.32,-0.0660000000000096,-49.02
40,90,14.48,-0.263999999999996,-52.09
40,90,14.64,-0.374000000000009,-49.83
40,90,14.8,-2.67,-50.68
40,90,14.96,-4.332,-51.46
40,90,15.12,-4.25,-50.68
40,90,15.28,-6.04000000000001,-52.59
40,90,15.44,-7.526,-53.84
40,90,15.6,-7.7,-54.33
40,90,15.76,-6.758,-53.95
40,90,15.92,-7.16200000000001,-54.34
40,90,16.08,-7.422,-54.88
40,90,16.24,-7.61400000000001,-55.74
40,90,16.4,-8.98,-58.79
40,90,16.56,-7.22799999999999,-56.16
40,90,16.72,-9.468,-58.95
40,90,16.88,-11.774,-62.24
40,90,17.04,-12.776,-64.03
40,90,17.2,-13.59,-66.02
40,90,17.36,-18.956,-71.6
40,90,17.52,-19.836,-72.37
40,90,17.68,-15.542,-68.62
40,90,17.84,-20.048,-72.96
40,90,18,-20.82,-73.63
41,90,2,0.719999999999999,-21.07
41,90,2.16,0.721999999999998,-22.69
41,90,2.32,0.553999999999998,-25.1
41,90,2.48,3.036,-24.21
41,90,2.64,3.332,-25.38
41,90,2.8,5.37,-21.69
41,90,2.96,6.422,-21.89
41,90,3.12,5.684,-22.55
41,90,3.28,5.268,-24.75
41,90,3.44,3.138,-25.51
41,90,3.6,4.23,-23.22
41,90,3.76,2.426,-27.06
41,90,3.92,3.488,-24.06
41,90,4.08,3.668,-24
41,90,4.24,4.73400000000001,-24.29
41,90,4.4,4.91,-24.9
41,90,4.56,6.524,-23.29
41,90,4.72,5.866,-24.12
41,90,4.88,5.61,-24.52
41,90,5.04,3.18,-26.87
41,90,5.2,3.59,-27.83
41,90,5.36,2.35,-28.45
41,90,5.52,2.182,-28.1
41,90,5.68,3.99,-27.38
41,90,5.84,2.248,-29.2
41,90,6,3.16,-28.38
41,90,6.16,2.07,-29.97
41,90,6.32,2.062,-31.43
41,90,6.48,3.034,-31.05
41,90,6.64,2.542,-31.85
41,90,6.8,1.7,-31.8
41,90,6.96,2.008,-32.32
41,90,7.12,0.594000000000001,-34
41,90,7.28,0.537999999999997,-33.84
41,90,7.44,0.224000000000004,-34.11
41,90,7.6,-0.0600000000000023,-33.46
41,90,7.76,1.572,-33.65
41,90,7.92,1.268,-33.36
41,90,8.08,0.454000000000001,-34.35
41,90,8.24,0.0379999999999967,-35.07
41,90,8.4,0.0100000000000051,-35.37
41,90,8.56,-1.15199999999999,-37.43
41,90,8.72,-1.218,-38.52
41,90,8.88,-2.80800000000001,-39.95
41,90,9.04,-4.35400000000001,-42.14
41,90,9.2,-6.48,-45.34
41,90,9.36,-8.16399999999999,-46.23
41,90,9.52,-14.182,-52.56
41,90,9.68,-8.3,-47.19
41,90,9.84,-10.706,-49.82
41,90,10,-7.8,-46.87
41,90,10.16,-13.608,-53.25
41,90,10.32,-12.202,-51.83
41,90,10.48,-14.198,-53.73
41,90,10.64,-10.118,-50.13
41,90,10.8,-12.4,-52.67
41,90,10.96,-10.246,-50.23
41,90,11.12,-8.316,-48.56
41,90,11.28,-11.146,-51.59
41,90,11.44,-8.48199999999999,-49.23
41,90,11.6,-9.32,-50.19
41,90,11.76,-9.844,-50.96
41,90,11.92,-15.214,-56.34
41,90,12.08,-9.01,-51.2
41,90,12.24,-10.344,-52.6
41,90,12.4,-13.09,-55.75
41,90,12.56,-9.46999999999999,-53.54
41,90,12.72,-10.764,-55.32
41,90,12.88,-8.81600000000001,-54.02
41,90,13.04,-5.858,-52.36
41,90,13.2,-4.88,-51.66
41,90,13.36,-7.11399999999999,-53.33
41,90,13.52,-7.832,-53.84
41,90,13.68,-5.77,-52.45
41,90,13.84,-4.538,-52.02
41,90,14,-1.41,-49.26
41,90,14.16,-1.306,-49.53
41,90,14.32,-1.32600000000001,-50.28
41,90,14.48,-1.10399999999999,-52.93
41,90,14.64,-0.484000000000009,-49.94
41,90,14.8,-3.95,-51.96
41,90,14.96,-4.812,-51.94
41,90,15.12,-5.54,-51.97
41,90,15.28,-7.22000000000001,-53.77
41,90,15.44,-8.856,-55.17
41,90,15.6,-8.9,-55.53
41,90,15.76,-8.638,-55.83
41,90,15.92,-7.252,-54.43
41,90,16.08,-7.182,-54.64
41,90,16.24,-8.87400000000001,-57
41,90,16.4,-11.02,-60.83
41,90,16.56,-9.09799999999999,-58.03
41,90,16.72,-10.258,-59.74
41,90,16.88,-13.994,-64.46
41,90,17.04,-11.866,-63.12
41,90,17.2,-17.81,-70.24
41,90,17.36,-13.146,-65.79
41,90,17.52,-16.166,-68.7
41,90,17.68,-28.572,-81.65
41,90,17.84,-18.438,-71.35
41,90,18,-27.62,-80.43
42,90,2,0.539999999999999,-21.25
42,90,2.16,0.291999999999998,-23.12
42,90,2.32,0.314,-25.34
42,90,2.48,2.646,-24.6
42,90,2.64,3.092,-25.62
42,90,2.8,4.87,-22.19
42,90,2.96,6.272,-22.04
42,90,3.12,5.524,-22.71
42,90,3.28,5.068,-24.95
42,90,3.44,3.438,-25.21
42,90,3.6,4.25,-23.2
42,90,3.76,2.716,-26.77
42,90,3.92,2.988,-24.56
42,90,4.08,3.548,-24.12
42,90,4.24,4.474,-24.55
42,90,4.4,4.6,-25.21
42,90,4.56,6.184,-23.63
42,90,4.72,5.69600000000001,-24.29
42,90,4.88,5.6,-24.53
42,90,5.04,3.21,-26.84
42,90,5.2,3.41,-28.01
42,90,5.36,2.04,-28.76
42,90,5.52,1.252,-29.03
42,90,5.68,3.14,-28.23
42,90,5.84,2.078,-29.37
42,90,6,2.89,-28.65
42,90,6.16,1.73,-30.31
42,90,6.32,1.732,-31.76
42,90,6.48,2.694,-31.39
42,90,6.64,1.692,-32.7
42,90,6.8,1.32,-32.18
42,90,6.96,1.358,-32.97
42,90,7.12,0.124000000000002,-34.47
42,90,7.28,-0.0319999999999965,-34.41
42,90,7.44,-0.675999999999995,-35.01
42,90,7.6,-0.609999999999999,-34.01
42,90,7.76,1.122,-34.1
42,90,7.92,0.777999999999999,-33.85
42,90,8.08,0.0140000000000029,-34.79
42,90,8.24,-0.692,-35.8
42,90,8.4,-0.609999999999999,-35.99
42,90,8.56,-1.54199999999999,-37.82
42,90,8.72,-2.438,-39.74
42,90,8.88,-3.59800000000001,-40.74
42,90,9.04,-4.724,-42.51
42,90,9.2,-7.45,-46.31
42,90,9.36,-11.044,-49.11
42,90,9.52,-16.802,-55.18
42,90,9.68,-12.78,-51.67
42,90,9.84,-11.896,-51.01
42,90,10,-9.49,-48.56
42,90,10.16,-14.218,-53.86
42,90,10.32,-13.112,-52.74
42,90,10.48,-11.918,-51.45
42,90,10.64,-12.228,-52.24
42,90,10.8,-19.54,-59.81
42,90,10.96,-9.026,-49.01
42,90,11.12,-8.736,-48.98
42,90,11.28,-10.966,-51.41
42,90,11.44,-9.672,-50.42
42,90,11.6,-7.96,-48.83
42,90,11.76,-9.734,-50.85
42,90,11.92,-18.424,-59.55
42,90,12.08,-12.18,-54.37
42,90,12.24,-10.354,-52.61
42,90,12.4,-12.99,-55.65
42,90,12.56,-9.27999999999999,-53.35
42,90,12.72,-10.264,-54.82
42,90,12.88,-9.01600000000001,-54.22
42,90,13.04,-6.59800000000001,-53.1
42,90,13.2,-4.39,-51.17
42,90,13.36,-6.58399999999999,-52.8
42,90,13.52,-7.922,-53.93
42,90,13.68,-6.88,-53.56
42,90,13.84,-4.138,-51.62
42,90,14,-1.83,-49.68
42,90,14.16,-1.136,-49.36
42,90,14.32,-1.47600000000001,-50.43
42,90,14.48,-1.89399999999999,-53.72
42,90,14.64,-1.45400000000001,-50.91
42,90,14.8,-5.2,-53.21
42,90,14.96,-7.262,-54.39
42,90,15.12,-6.61,-53.04
42,90,15.28,-7.88,-54.43
42,90,15.44,-10.756,-57.07
42,90,15.6,-9.52,-56.15
42,90,15.76,-8.938,-56.13
42,90,15.92,-7.672,-54.85
42,90,16.08,-7.792,-55.25
42,90,16.24,-8.93400000000001,-57.06
42,90,16.4,-13.07,-62.88
42,90,16.56,-11.238,-60.17
42,90,16.72,-13.528,-63.01
42,90,16.88,-14.304,-64.77
42,90,17.04,-15.546,-66.8
42,90,17.2,-17.14,-69.57
42,90,17.36,-18.886,-71.53
42,90,17.52,-17.666,-70.2
42,90,17.68,-24.272,-77.35
42,90,17.84,-24.378,-77.29
42,90,18,-21.77,-74.58
43,90,2,0.419999999999998,-21.37
43,90,2.16,-0.158000000000001,-23.57
43,90,2.32,0.0440000000000005,-25.61
43,90,2.48,2.246,-25
43,90,2.64,2.892,-25.82
43,90,2.8,4.3,-22.76
43,90,2.96,6.102,-22.21
43,90,3.12,5.314,-22.92
43,90,3.28,4.798,-25.22
43,90,3.44,3.688,-24.96
43,90,3.6,4.18,-23.27
43,90,3.76,3.066,-26.42
43,90,3.92,2.648,-24.9
43,90,4.08,3.398,-24.27
43,90,4.24,4.134,-24.89
43,90,4.4,4.2,-25.61
43,90,4.56,5.814,-24
43,90,4.72,5.386,-24.6
43,90,4.88,5.47,-24.66
43,90,5.04,3.37,-26.68
43,90,5.2,3.33,-28.09
43,90,5.36,1.74,-29.06
43,90,5.52,0.472000000000001,-29.81
43,90,5.68,2.25,-29.12
43,90,5.84,1.658,-29.79
43,90,6,2.45,-29.09
43,90,6.16,1.37,-30.67
43,90,6.32,1.38200000000001,-32.11
43,90,6.48,2.094,-31.99
43,90,6.64,0.982000000000006,-33.41
43,90,6.8,0.859999999999999,-32.64
43,90,6.96,0.508000000000003,-33.82
43,90,7.12,-0.655999999999999,-35.25
43,90,7.28,-0.631999999999998,-35.01
43,90,7.44,-1.366,-35.7
43,90,7.6,-1.06,-34.46
43,90,7.76,0.422000000000004,-34.8
43,90,7.92,-0.0420000000000016,-34.67
43,90,8.08,-0.576000000000001,-35.38
43,90,8.24,-1.472,-36.58
43,90,8.4,-1.64,-37.02
43,90,8.56,-1.87199999999999,-38.15
43,90,8.72,-2.998,-40.3
43,90,8.88,-4.928,-42.07
43,90,9.04,-5.78400000000001,-43.57
43,90,9.2,-7.13,-45.99
43,90,9.36,-12.894,-50.96
43,90,9.52,-27.562,-65.94
43,90,9.68,-17.94,-56.83
43,90,9.84,-13.916,-53.03
43,90,10,-10.59,-49.66
43,90,10.16,-17.248,-56.89
43,90,10.32,-12.902,-52.53
43,90,10.48,-11.958,-51.49
43,90,10.64,-12.108,-52.12
43,90,10.8,-23.26,-63.53
43,90,10.96,-11.006,-50.99
43,90,11.12,-10.806,-51.05
43,90,11.28,-10.966,-51.41
43,90,11.44,-10.122,-50.87
43,90,11.6,-9.16,-50.03
43,90,11.76,-9.304,-50.42
43,90,11.92,-14.394,-55.52
43,90,12.08,-14.3,-56.49
43,90,12.24,-12.024,-54.28
43,90,12.4,-11.03,-53.69
43,90,12.56,-7.53999999999999,-51.61
43,90,12.72,-10.574,-55.13
43,90,12.88,-7.96600000000001,-53.17
43,90,13.04,-5.59800000000001,-52.1
43,90,13.2,-4.94,-51.72
43,90,13.36,-6.85399999999999,-53.07
43,90,13.52,-7.172,-53.18
43,90,13.68,-7.14999999999999,-53.83
43,90,13.84,-5.118,-52.6
43,90,14,-2.64,-50.49
43,90,14.16,-1.82599999999999,-50.05
43,90,14.32,-0.486000000000004,-49.44
43,90,14.48,-2.53399999999999,-54.36
43,90,14.64,-2.19400000000001,-51.65
43,90,14.8,-5.75,-53.76
43,90,14.96,-8.352,-55.48
43,90,15.12,-7.89,-54.32
43,90,15.28,-9.88,-56.43
43,90,15.44,-10.796,-57.11
43,90,15.6,-12.8,-59.43
43,90,15.76,-9.718,-56.91
43,90,15.92,-8.312,-55.49
43,90,16.08,-8.372,-55.83
43,90,16.24,-10.604,-58.73
43,90,16.4,-14.64,-64.45
43,90,16.56,-14.248,-63.18
43,90,16.72,-20.788,-70.27
43,90,16.88,-16.794,-67.26
43,90,17.04,-21.796,-73.05
43,90,17.2,-13.92,-66.35
43,90,17.36,-20.216,-72.86
43,90,17.52,-23.436,-75.97
43,90,17.68,-21.622,-74.7
43,90,17.84,-31.608,-84.52
43,90,18,-27.65,-80.46
44,90,2,0.219999999999999,-21.57
44,90,2.16,-0.628,-24.04
44,90,2.32,-0.286000000000001,-25.94
44,90,2.48,1.806,-25.44
44,90,2.64,2.702,-26.01
44,90,2.8,3.74,-23.32
44,90,2.96,5.812,-22.5
44,90,3.12,5.014,-23.22
44,90,3.28,4.488,-25.53
44,90,3.44,3.928,-24.72
44,90,3.6,4.05,-23.4
44,90,3.76,3.366,-26.12
44,90,3.92,2.478,-25.07
44,90,4.08,3.198,-24.47
44,90,4.24,3.78400000000001,-25.24
44,90,4.4,3.7,-26.11
44,90,4.56,5.414,-24.4
44,90,4.72,4.94600000000001,-25.04
44,90,4.88,5.13,-25
44,90,5.04,3.61,-26.44
44,90,5.2,3.31,-28.11
44,90,5.36,1.58,-29.22
44,90,5.52,-0.228000000000002,-30.51
44,90,5.68,1.41,-29.96
44,90,5.84,0.988,-30.46
44,90,6,1.83,-29.71
44,90,6.16,1,-31.04
44,90,6.32,0.972000000000001,-32.52
44,90,6.48,1.234,-32.85
44,90,6.64,0.362000000000002,-34.03
44,90,6.8,0.359999999999999,-33.14
44,90,6.96,-0.571999999999996,-34.9
44,90,7.12,-1.366,-35.96
44,90,7.28,-1.452,-35.83
44,90,7.44,-1.766,-36.1
44,90,7.6,-1.58,-34.98
44,90,7.76,-0.247999999999998,-35.47
44,90,7.92,-0.822000000000003,-35.45
44,90,8.08,-1.076,-35.88
44,90,8.24,-2.352,-37.46
44,90,8.4,-3.14,-38.52
44,90,8.56,-2.502,-38.78
44,90,8.72,-3.218,-40.52
44,90,8.88,-6.66800000000001,-43.81
44,90,9.04,-7.64400000000001,-45.43
44,90,9.2,-7.87,-46.73
44,90,9.36,-11.124,-49.19
44,90,9.52,-20.672,-59.05
44,90,9.68,-26.05,-64.94
44,90,9.84,-15.766,-54.88
44,90,10,-12.18,-51.25
44,90,10.16,-18.658,-58.3
44,90,10.32,-12.232,-51.86
44,90,10.48,-10.678,-50.21
44,90,10.64,-11.108,-51.12
44,90,10.8,-16.87,-57.14
44,90,10.96,-13.066,-53.05
44,90,11.12,-13.256,-53.5
44,90,11.28,-11.036,-51.48
44,90,11.44,-10.022,-50.77
44,90,11.6,-11.76,-52.63
44,90,11.76,-10.264,-51.38
44,90,11.92,-11.384,-52.51
44,90,12.08,-11.52,-53.71
44,90,12.24,-15.274,-57.53
44,90,12.4,-10.28,-52.94
44,90,12.56,-7.07999999999999,-51.15
44,90,12.72,-10.284,-54.84
44,90,12.88,-7.57600000000001,-52.78
44,90,13.04,-5.548,-52.05
44,90,13.2,-5.35,-52.13
44,90,13.36,-7.78399999999999,-54
44,90,13.52,-6.962,-52.97
44,90,13.68,-7.82999999999999,-54.51
44,90,13.84,-6.968,-54.45
44,90,14,-4.14,-51.99
44,90,14.16,-2.496,-50.72
44,90,14.32,-1.46600000000001,-50.42
44,90,14.48,-2.24399999999999,-54.07
44,90,14.64,-2.84400000000001,-52.3
44,90,14.8,-5.97,-53.98
44,90,14.96,-8.422,-55.55
44,90,15.12,-10.8,-57.23
44,90,15.28,-11.03,-57.58
44,90,15.44,-13.206,-59.52
44,90,15.6,-15.73,-62.36
44,90,15.76,-11.398,-58.59
44,90,15.92,-11.332,-58.51
44,90,16.08,-10.792,-58.25
44,90,16.24,-12.434,-60.56
44,90,16.4,-15.87,-65.68
44,90,16.56,-19.818,-68.75
44,90,16.72,-18.848,-68.33
44,90,16.88,-23.584,-74.05
44,90,17.04,-34.096,-85.35
44,90,17.2,-24.75,-77.18
44,90,17.36,-23.466,-76.11
44,90,17.52,-27.316,-79.85
44,90,17.68,-21.912,-74.99
44,90,17.84,-28.088,-81
44,90,18,-16.85,-69.66
45,90,2,0.0299999999999976,-21.76
45,90,2.16,-1.068,-24.48
45,90,2.32,-0.666,-26.32
45,90,2.48,1.276,-25.97
45,90,2.64,2.452,-26.26
45,90,2.8,3.17,-23.89
45,90,2.96,5.492,-22.82
45,90,3.12,4.694,-23.54
45,90,3.28,4.128,-25.89
45,90,3.44,4.068,-24.58
45,90,3.6,3.83,-23.62
45,90,3.76,3.666,-25.82
45,90,3.92,2.518,-25.03
45,90,4.08,3.088,-24.58
45,90,4.24,3.384,-25.64
45,90,4.4,3.21,-26.6
45,90,4.56,5.034,-24.78
45,90,4.72,4.456,-25.53
45,90,4.88,4.61,-25.52
45,90,5.04,3.65000000000001,-26.4
45,90,5.2,3.25,-28.17
45,90,5.36,1.44,-29.36
45,90,5.52,-0.728000000000002,-31.01
45,90,5.68,0.809999999999999,-30.56
45,90,5.84,0.178000000000001,-31.27
45,90,6,0.899999999999999,-30.64
45,90,6.16,0.52,-31.52
45,90,6.32,0.542000000000002,-32.95
45,90,6.48,0.394000000000005,-33.69
45,90,6.64,-0.257999999999996,-34.65
45,90,6.8,-0.32,-33.82
45,90,6.96,-1.692,-36.02
45,90,7.12,-2.506,-37.1
45,90,7.28,-2.502,-36.88
45,90,7.44,-2.46599999999999,-36.8
45,90,7.6,-2.37,-35.77
45,90,7.76,-1.258,-36.48
45,90,7.92,-1.252,-35.88
45,90,8.08,-1.546,-36.35
45,90,8.24,-3.20200000000001,-38.31
45,90,8.4,-4.39,-39.77
45,90,8.56,-3.65199999999999,-39.93
45,90,8.72,-3.598,-40.9
45,90,8.88,-7.94800000000001,-45.09
45,90,9.04,-10.044,-47.83
45,90,9.2,-10.57,-49.43
45,90,9.36,-11.854,-49.92
45,90,9.52,-15.762,-54.14
45,90,9.68,-27.42,-66.31
45,90,9.84,-14.486,-53.6
45,90,10,-14.17,-53.24
45,90,10.16,-18.358,-58
45,90,10.32,-12.072,-51.7
45,90,10.48,-11.568,-51.1
45,90,10.64,-11.368,-51.38
45,90,10.8,-12.73,-53
45,90,10.96,-12.326,-52.31
45,90,11.12,-14.556,-54.8
45,90,11.28,-12.396,-52.84
45,90,11.44,-10.382,-51.13
45,90,11.6,-12.52,-53.39
45,90,11.76,-12.414,-53.53
45,90,11.92,-11.094,-52.22
45,90,12.08,-8.91,-51.1
45,90,12.24,-13.624,-55.88
45,90,12.4,-10.87,-53.53
45,90,12.56,-7.42999999999999,-51.5
45,90,12.72,-9.27399999999999,-53.83
45,90,12.88,-7.60600000000001,-52.81
45,90,13.04,-4.55800000000001,-51.06
45,90,13.2,-5.47,-52.25
45,90,13.36,-7.73399999999999,-53.95
45,90,13.52,-7.712,-53.72
45,90,13.68,-8.2,-54.88
45,90,13.84,-7.648,-55.13
45,90,14,-5.77,-53.62
45,90,14.16,-3.116,-51.34
45,90,14.32,-3.11600000000001,-52.07
45,90,14.48,-4.78399999999999,-56.61
45,90,14.64,-3.43400000000001,-52.89
45,90,14.8,-5.37,-53.38
45,90,14.96,-8.912,-56.04
45,90,15.12,-11.39,-57.82
45,90,15.28,-12.28,-58.83
45,90,15.44,-13.156,-59.47
45,90,15.6,-17.7,-64.33
45,90,15.76,-12.898,-60.09
45,90,15.92,-16.082,-63.26
45,90,16.08,-14.702,-62.16
45,90,16.24,-16.424,-64.55
45,90,16.4,-16.02,-65.83
45,90,16.56,-24.808,-73.74
45,90,16.72,-30.168,-79.65
45,90,16.88,-27.064,-77.53
45,90,17.04,-25.456,-76.71
45,90,17.2,-28.52,-80.95
45,90,17.36,-24.676,-77.32
45,90,17.52,-25.636,-78.17
45,90,17.68,-25.852,-78.93
45,90,17.84,-20.068,-72.98
45,90,18,-16.09,-68.9
46,90,2,-0.18,-21.97
46,90,2.16,-1.488,-24.9
46,90,2.32,-1.026,-26.68
46,90,2.48,0.766000000000002,-26.48
46,90,2.64,2.282,-26.43
46,90,2.8,2.64,-24.42
46,90,2.96,5.142,-23.17
46,90,3.12,4.304,-23.93
46,90,3.28,3.858,-26.16
46,90,3.44,4.118,-24.53
46,90,3.6,3.57,-23.88
46,90,3.76,3.776,-25.71
46,90,3.92,2.658,-24.89
46,90,4.08,3.038,-24.63
46,90,4.24,2.98400000000001,-26.04
46,90,4.4,2.62,-27.19
46,90,4.56,4.694,-25.12
46,90,4.72,3.916,-26.07
46,90,4.88,3.89,-26.24
46,90,5.04,3.55,-26.5
46,90,5.2,3.2,-28.22
46,90,5.36,1.31,-29.49
46,90,5.52,-1.268,-31.55
46,90,5.68,0.489999999999998,-30.88
46,90,5.84,-0.492000000000001,-31.94
46,90,6,-0.120000000000001,-31.66
46,90,6.16,-0.300000000000004,-32.34
46,90,6.32,-0.177999999999997,-33.67
46,90,6.48,-0.445999999999998,-34.53
46,90,6.64,-0.917999999999999,-35.31
46,90,6.8,-1.42,-34.92
46,90,6.96,-2.782,-37.11
46,90,7.12,-3.666,-38.26
46,90,7.28,-3.642,-38.02
46,90,7.44,-3.166,-37.5
46,90,7.6,-3.43,-36.83
46,90,7.76,-2.318,-37.54
46,90,7.92,-1.732,-36.36
46,90,8.08,-2.046,-36.85
46,90,8.24,-4.122,-39.23
46,90,8.4,-5.48999999999999,-40.87
46,90,8.56,-4.822,-41.1
46,90,8.72,-4.928,-42.23
46,90,8.88,-9.38800000000001,-46.53
46,90,9.04,-11.844,-49.63
46,90,9.2,-17.25,-56.11
46,90,9.36,-15.254,-53.32
46,90,9.52,-15.702,-54.08
46,90,9.68,-15.38,-54.27
46,90,9.84,-13.776,-52.89
46,90,10,-15.3,-54.37
46,90,10.16,-16.478,-56.12
46,90,10.32,-12.602,-52.23
46,90,10.48,-10.808,-50.34
46,90,10.64,-10.998,-51.01
46,90,10.8,-12.55,-52.82
46,90,10.96,-8.746,-48.73
46,90,11.12,-12.276,-52.52
46,90,11.28,-12.936,-53.38
46,90,11.44,-9.87199999999999,-50.62
46,90,11.6,-12.32,-53.19
46,90,11.76,-11.064,-52.18
46,90,11.92,-11.714,-52.84
46,90,12.08,-8.33,-50.52
46,90,12.24,-10.544,-52.8
46,90,12.4,-8.65000000000001,-51.31
46,90,12.56,-9.04999999999999,-53.12
46,90,12.72,-9.83399999999999,-54.39
46,90,12.88,-8.126,-53.33
46,90,13.04,-4.87800000000001,-51.38
46,90,13.2,-5.12,-51.9
46,90,13.36,-8.06399999999999,-54.28
46,90,13.52,-7.812,-53.82
46,90,13.68,-9.45,-56.13
46,90,13.84,-8.498,-55.98
46,90,14,-8.37,-56.22
46,90,14.16,-4.096,-52.32
46,90,14.32,-4.90600000000001,-53.86
46,90,14.48,-9.374,-61.2
46,90,14.64,-4.25400000000001,-53.71
46,90,14.8,-5.82,-53.83
46,90,14.96,-10.552,-57.68
46,90,15.12,-9.51,-55.94
46,90,15.28,-12.84,-59.39
46,90,15.44,-14.116,-60.43
46,90,15.6,-19.79,-66.42
46,90,15.76,-17.378,-64.57
46,90,15.92,-19.202,-66.38
46,90,16.08,-18.122,-65.58
46,90,16.24,-26.894,-75.02
46,90,16.4,-34.45,-84.26
46,90,16.56,-21.878,-70.81
46,90,16.72,-24.358,-73.84
46,90,16.88,-22.754,-73.22
46,90,17.04,-20.396,-71.65
46,90,17.2,-20.82,-73.25
46,90,17.36,-25.766,-78.41
46,90,17.52,-16.766,-69.3
46,90,17.68,-21.982,-75.06
46,90,17.84,-30.818,-83.73
46,90,18,-22.94,-75.75
47,90,2,-0.43,-22.22
47,90,2.16,-1.858,-25.27
47,90,2.32,-1.486,-27.14
47,90,2.48,0.236000000000001,-27.01
47,90,2.64,2.032,-26.68
47,90,2.8,2.19,-24.87
47,90,2.96,4.662,-23.65
47,90,3.12,3.804,-24.43
47,90,3.28,3.568,-26.45
47,90,3.44,4.068,-24.58
47,90,3.6,3.29,-24.16
47,90,3.76,3.886,-25.6
47,90,3.92,2.858,-24.69
47,90,4.08,3.058,-24.61
47,90,4.24,2.594,-26.43
47,90,4.4,2.01,-27.8
47,90,4.56,4.394,-25.42
47,90,4.72,3.416,-26.57
47,90,4.88,3,-27.13
47,90,5.04,3.17000000000001,-26.88
47,90,5.2,3.02,-28.4
47,90,5.36,1.14,-29.66
47,90,5.52,-1.558,-31.84
47,90,5.68,0.299999999999997,-31.07
47,90,5.84,-0.981999999999999,-32.43
47,90,6,-1.26,-32.8
47,90,6.16,-1.26,-33.3
47,90,6.32,-1.258,-34.75
47,90,6.48,-1.226,-35.31
47,90,6.64,-1.778,-36.17
47,90,6.8,-2.68,-36.18
47,90,6.96,-3.922,-38.25
47,90,7.12,-4.736,-39.33
47,90,7.28,-4.772,-39.15
47,90,7.44,-4.586,-38.92
47,90,7.6,-4.58,-37.98
47,90,7.76,-3.118,-38.34
47,90,7.92,-2.252,-36.88
47,90,8.08,-2.92599999999999,-37.73
47,90,8.24,-5.292,-40.4
47,90,8.4,-6.27,-41.65
47,90,8.56,-5.91199999999999,-42.19
47,90,8.72,-6.258,-43.56
47,90,8.88,-10.578,-47.72
47,90,9.04,-12.094,-49.88
47,90,9.2,-17.58,-56.44
47,90,9.36,-21.124,-59.19
47,90,9.52,-17.832,-56.21
47,90,9.68,-11.57,-50.46
47,90,9.84,-11.596,-50.71
47,90,10,-14.1,-53.17
47,90,10.16,-16.228,-55.87
47,90,10.32,-13.992,-53.62
47,90,10.48,-11.048,-50.58
47,90,10.64,-11.328,-51.34
47,90,10.8,-13.11,-53.38
47,90,10.96,-7.616,-47.6
47,90,11.12,-10.066,-50.31
47,90,11.28,-10.356,-50.8
47,90,11.44,-11.082,-51.83
47,90,11.6,-12.29,-53.16
47,90,11.76,-10.594,-51.71
47,90,11.92,-12.074,-53.2
47,90,12.08,-8.66,-50.85
47,90,12.24,-8.444,-50.7
47,90,12.4,-7.44,-50.1
47,90,12.56,-8.77,-52.84
47,90,12.72,-10.214,-54.77
47,90,12.88,-10.106,-55.31
47,90,13.04,-6.328,-52.83
47,90,13.2,-6.83,-53.61
47,90,13.36,-8.49399999999999,-54.71
47,90,13.52,-9.282,-55.29
47,90,13.68,-8.77999999999999,-55.46
47,90,13.84,-9.668,-57.15
47,90,14,-11.28,-59.13
47,90,14.16,-5.346,-53.57
47,90,14.32,-6.32600000000001,-55.28
47,90,14.48,-8.78399999999999,-60.61
47,90,14.64,-9.95400000000001,-59.41
47,90,14.8,-8.93,-56.94
47,90,14.96,-13.762,-60.89
47,90,15.12,-11.94,-58.37
47,90,15.28,-15.38,-61.93
47,90,15.44,-15.326,-61.64
47,90,15.6,-16.58,-63.21
47,90,15.76,-17.778,-64.97
47,90,15.92,-23.082,-70.26
47,90,16.08,-17.452,-64.91
47,90,16.24,-30.834,-78.96
47,90,16.4,-24.18,-73.99
47,90,16.56,-28.168,-77.1
47,90,16.72,-41.138,-90.62
47,90,16.88,-26.504,-76.97
47,90,17.04,-21.796,-73.05
47,90,17.2,-22.68,-75.11
47,90,17.36,-38.216,-90.86
47,90,17.52,-21.026,-73.56
47,90,17.68,-41.402,-94.48
47,90,17.84,-23.268,-76.18
47,90,18,-23.72,-76.53
48,90,2,-0.68,-22.47
48,90,2.16,-2.178,-25.59
48,90,2.32,-1.976,-27.63
48,90,2.48,-0.403999999999996,-27.65
48,90,2.64,1.802,-26.91
48,90,2.8,1.74,-25.32
48,90,2.96,4.122,-24.19
48,90,3.12,3.304,-24.93
48,90,3.28,3.278,-26.74
48,90,3.44,3.918,-24.73
48,90,3.6,3.01,-24.44
48,90,3.76,3.796,-25.69
48,90,3.92,3.028,-24.52
48,90,4.08,3.148,-24.52
48,90,4.24,2.30400000000001,-26.72
48,90,4.4,1.42,-28.39
48,90,4.56,4.124,-25.69
48,90,4.72,3.126,-26.86
48,90,4.88,1.96,-28.17
48,90,5.04,2.46,-27.59
48,90,5.2,2.67,-28.75
48,90,5.36,0.979999999999997,-29.82
48,90,5.52,-2.078,-32.36
48,90,5.68,0.019999999999996,-31.35
48,90,5.84,-1.292,-32.74
48,90,6,-2.43,-33.97
48,90,6.16,-2.41,-34.45
48,90,6.32,-2.748,-36.24
48,90,6.48,-2.136,-36.22
48,90,6.64,-2.86799999999999,-37.26
48,90,6.8,-4.46,-37.96
48,90,6.96,-5.462,-39.79
48,90,7.12,-6.016,-40.61
48,90,7.28,-5.802,-40.18
48,90,7.44,-6.28599999999999,-40.62
48,90,7.6,-6.2,-39.6
48,90,7.76,-4.228,-39.45
48,90,7.92,-3.452,-38.08
48,90,8.08,-4.026,-38.83
48,90,8.24,-6.182,-41.29
48,90,8.4,-7.47,-42.85
48,90,8.56,-6.87199999999999,-43.15
48,90,8.72,-7.978,-45.28
48,90,8.88,-11.778,-48.92
48,90,9.04,-13.014,-50.8
48,90,9.2,-12.51,-51.37
48,90,9.36,-15.304,-53.37
48,90,9.52,-19.292,-57.67
48,90,9.68,-10.88,-49.77
48,90,9.84,-10.166,-49.28
48,90,10,-12.31,-51.38
48,90,10.16,-14.428,-54.07
48,90,10.32,-14.532,-54.16
48,90,10.48,-10.808,-50.34
48,90,10.64,-11.528,-51.54
48,90,10.8,-12.99,-53.26
48,90,10.96,-7.646,-47.63
48,90,11.12,-9.566,-49.81
48,90,11.28,-8.17599999999999,-48.62
48,90,11.44,-11.102,-51.85
48,90,11.6,-10.82,-51.69
48,90,11.76,-10.934,-52.05
48,90,11.92,-12.044,-53.17
48,90,12.08,-9.06,-51.25
48,90,12.24,-8.694,-50.95
48,90,12.4,-7.34,-50
48,90,12.56,-6.36999999999999,-50.44
48,90,12.72,-9.03399999999999,-53.59
48,90,12.88,-10.526,-55.73
48,90,13.04,-7.19800000000001,-53.7
48,90,13.2,-6.22,-53
48,90,13.36,-10.094,-56.31
48,90,13.52,-11.862,-57.87
48,90,13.68,-9.23999999999999,-55.92
48,90,13.84,-9.138,-56.62
48,90,14,-10.16,-58.01
48,90,14.16,-7.346,-55.57
48,90,14.32,-9.626,-58.58
48,90,14.48,-10.484,-62.31
48,90,14.64,-16.344,-65.8
48,90,14.8,-18.02,-66.03
48,90,14.96,-13.652,-60.78
48,90,15.12,-14.1,-60.53
48,90,15.28,-19.07,-65.62
48,90,15.44,-18.786,-65.1
48,90,15.6,-15.64,-62.27
48,90,15.76,-19.488,-66.68
48,90,15.92,-23.832,-71.01
48,90,16.08,-23.322,-70.78
48,90,16.24,-23.474,-71.6
48,90,16.4,-28.73,-78.54
48,90,16.56,-19.308,-68.24
48,90,16.72,-22.788,-72.27
48,90,16.88,-22.834,-73.3
48,90,17.04,-20.326,-71.58
48,90,17.2,-19.16,-71.59
48,90,17.36,-20.896,-73.54
48,90,17.52,-18.016,-70.55
48,90,17.68,-18.242,-71.32
48,90,17.84,-29.208,-82.12
48,90,18,-12.96,-65.77
49,90,2,-0.970000000000002,-22.76
49,90,2.16,-2.438,-25.85
49,90,2.32,-2.496,-28.15
49,90,2.48,-1.004,-28.25
49,90,2.64,1.582,-27.13
49,90,2.8,1.37,-25.69
49,90,2.96,3.622,-24.69
49,90,3.12,2.744,-25.49
49,90,3.28,3.028,-26.99
49,90,3.44,3.688,-24.96
49,90,3.6,2.78,-24.67
49,90,3.76,3.606,-25.88
49,90,3.92,3.158,-24.39
49,90,4.08,3.168,-24.5
49,90,4.24,2.114,-26.91
49,90,4.4,1.03,-28.78
49,90,4.56,3.894,-25.92
49,90,4.72,2.976,-27.01
49,90,4.88,1.09,-29.04
49,90,5.04,1.57,-28.48
49,90,5.2,2.21,-29.21
49,90,5.36,0.609999999999996,-30.19
49,90,5.52,-2.548,-32.83
49,90,5.68,-0.240000000000002,-31.61
49,90,5.84,-1.652,-33.1
49,90,6,-3.09,-34.63
49,90,6.16,-3.38,-35.42
49,90,6.32,-4.33799999999999,-37.83
49,90,6.48,-2.89599999999999,-36.98
49,90,6.64,-4.178,-38.57
49,90,6.8,-6.28,-39.78
49,90,6.96,-6.562,-40.89
49,90,7.12,-7.156,-41.75
49,90,7.28,-6.882,-41.26
49,90,7.44,-9.17599999999999,-43.51
49,90,7.6,-7.99,-41.39
49,90,7.76,-5.398,-40.62
49,90,7.92,-4.752,-39.38
49,90,8.08,-5.496,-40.3
49,90,8.24,-7.552,-42.66
49,90,8.4,-8.65,-44.03
49,90,8.56,-7.932,-44.21
49,90,8.72,-9.288,-46.59
49,90,8.88,-11.328,-48.47
49,90,9.04,-15.914,-53.7
49,90,9.2,-11.22,-50.08
49,90,9.36,-12.404,-50.47
49,90,9.52,-14.682,-53.06
49,90,9.68,-11.25,-50.14
49,90,9.84,-8.956,-48.07
49,90,10,-10.49,-49.56
49,90,10.16,-12.768,-52.41
49,90,10.32,-14.332,-53.96
49,90,10.48,-11.648,-51.18
49,90,10.64,-12.978,-52.99
49,90,10.8,-13.02,-53.29
49,90,10.96,-9.866,-49.85
49,90,11.12,-10.506,-50.75
49,90,11.28,-8.276,-48.72
49,90,11.44,-8.812,-49.56
49,90,11.6,-9.81,-50.68
49,90,11.76,-12.284,-53.4
49,90,11.92,-10.794,-51.92
49,90,12.08,-8.94,-51.13
49,90,12.24,-9.574,-51.83
49,90,12.4,-8.31,-50.97
49,90,12.56,-6.58999999999999,-50.66
49,90,12.72,-8.83399999999999,-53.39
49,90,12.88,-9.236,-54.44
49,90,13.04,-7.37800000000001,-53.88
49,90,13.2,-7.42,-54.2
49,90,13.36,-12.014,-58.23
49,90,13.52,-12.442,-58.45
49,90,13.68,-10.37,-57.05
49,90,13.84,-12.658,-60.14
49,90,14,-10.43,-58.28
49,90,14.16,-8.53599999999999,-56.76
49,90,14.32,-9.51600000000001,-58.47
49,90,14.48,-10.714,-62.54
49,90,14.64,-20.234,-69.69
49,90,14.8,-33.4,-81.41
49,90,14.96,-15.022,-62.15
49,90,15.12,-20.91,-67.34
49,90,15.28,-18.86,-65.41
49,90,15.44,-15.826,-62.14
49,90,15.6,-14.4,-61.03
49,90,15.76,-22.788,-69.98
49,90,15.92,-17.782,-64.96
49,90,16.08,-16.562,-64.02
49,90,16.24,-19.284,-67.41
49,90,16.4,-21.86,-71.67
49,90,16.56,-16.158,-65.09
49,90,16.72,-29.478,-78.96
49,90,16.88,-33.344,-83.81
49,90,17.04,-15.436,-66.69
49,90,17.2,-23.21,-75.64
49,90,17.36,-29.966,-82.61
49,90,17.52,-24.946,-77.48
49,90,17.68,-18.172,-71.25
49,90,17.84,-17.658,-70.57
49,90,18,-22.9,-75.71
50,90,2,-1.33,-23.12
50,90,2.16,-2.668,-26.08
50,90,2.32,-3.096,-28.75
50,90,2.48,-1.644,-28.89
50,90,2.64,1.242,-27.47
50,90,2.8,1.07,-25.99
50,90,2.96,3.002,-25.31
50,90,3.12,2.244,-25.99
50,90,3.28,2.728,-27.29
50,90,3.44,3.308,-25.34
50,90,3.6,2.52,-24.93
50,90,3.76,3.316,-26.17
50,90,3.92,3.218,-24.33
50,90,4.08,3.168,-24.5
50,90,4.24,1.934,-27.09
50,90,4.4,0.77,-29.04
50,90,4.56,3.654,-26.16
50,90,4.72,2.936,-27.05
50,90,4.88,0.420000000000002,-29.71
50,90,5.04,0.420000000000005,-29.63
50,90,5.2,1.52,-29.9
50,90,5.36,0.0299999999999976,-30.77
50,90,5.52,-3.078,-33.36
50,90,5.68,-0.75,-32.12
50,90,5.84,-2.042,-33.49
50,90,6,-3.42,-34.96
50,90,6.16,-4.39,-36.43
50,90,6.32,-6.04799999999999,-39.54
50,90,6.48,-4.186,-38.27
50,90,6.64,-6.128,-40.52
50,90,6.8,-7.91,-41.41
50,90,6.96,-8.882,-43.21
50,90,7.12,-8.716,-43.31
50,90,7.28,-7.982,-42.36
50,90,7.44,-11.756,-46.09
50,90,7.6,-10.18,-43.58
50,90,7.76,-7.618,-42.84
50,90,7.92,-6.992,-41.62
50,90,8.08,-7.826,-42.63
50,90,8.24,-9.322,-44.43
50,90,8.4,-11.42,-46.8
50,90,8.56,-10.802,-47.08
50,90,8.72,-10.958,-48.26
50,90,8.88,-11.268,-48.41
50,90,9.04,-17.444,-55.23
50,90,9.2,-12.63,-51.49
50,90,9.36,-11.644,-49.71
50,90,9.52,-12.142,-50.52
50,90,9.68,-10.98,-49.87
50,90,9.84,-9.07599999999999,-48.19
50,90,10,-9.31,-48.38
50,90,10.16,-10.808,-50.45
50,90,10.32,-12.102,-51.73
50,90,10.48,-11.668,-51.2
50,90,10.64,-14.518,-54.53
50,90,10.8,-11.63,-51.9
50,90,10.96,-11.916,-51.9
50,90,11.12,-13.816,-54.06
50,90,11.28,-9.916,-50.36
50,90,11.44,-6.33199999999999,-47.08
50,90,11.6,-7.90000000000001,-48.77
50,90,11.76,-10.394,-51.51
50,90,11.92,-9.974,-51.1
50,90,12.08,-8.62,-50.81
50,90,12.24,-8.764,-51.02
50,90,12.4,-9.58000000000001,-52.24
50,90,12.56,-8.31999999999999,-52.39
50,90,12.72,-11.184,-55.74
50,90,12.88,-10.886,-56.09
50,90,13.04,-6.73800000000001,-53.24
50,90,13.2,-7.72,-54.5
50,90,13.36,-13.714,-59.93
50,90,13.52,-16.012,-62.02
50,90,13.68,-12.53,-59.21
50,90,13.84,-13.968,-61.45
50,90,14,-15.62,-63.47
50,90,14.16,-12.506,-60.73
50,90,14.32,-13.466,-62.42
50,90,14.48,-15.374,-67.2
50,90,14.64,-23.704,-73.16
50,90,14.8,-22.42,-70.43
50,90,14.96,-26.582,-73.71
50,90,15.12,-16.17,-62.6
50,90,15.28,-15.65,-62.2
50,90,15.44,-13.796,-60.11
50,90,15.6,-19.04,-65.67
50,90,15.76,-18.838,-66.03
50,90,15.92,-17.812,-64.99
50,90,16.08,-13.122,-60.58
50,90,16.24,-17.634,-65.76
50,90,16.4,-25.69,-75.5
50,90,16.56,-16.208,-65.14
50,90,16.72,-23.108,-72.59
50,90,16.88,-27.324,-77.79
50,90,17.04,-13.506,-64.76
50,90,17.2,-17.52,-69.95
50,90,17.36,-20.446,-73.09
50,90,17.52,-19.746,-72.28
50,90,17.68,-20.612,-73.69
50,90,17.84,-15.368,-68.28
50,90,18,-15.72,-68.53
51,90,2,-1.69,-23.48
51,90,2.16,-2.848,-26.26
51,90,2.32,-3.716,-29.37
51,90,2.48,-2.274,-29.52
51,90,2.64,0.962,-27.75
51,90,2.8,0.789999999999999,-26.27
51,90,2.96,2.352,-25.96
51,90,3.12,1.744,-26.49
51,90,3.28,2.388,-27.63
51,90,3.44,2.868,-25.78
51,90,3.6,2.36,-25.09
51,90,3.76,2.876,-26.61
51,90,3.92,3.148,-24.4
51,90,4.08,3.028,-24.64
51,90,4.24,1.844,-27.18
51,90,4.4,0.689999999999998,-29.12
51,90,4.56,3.404,-26.41
51,90,4.72,2.966,-27.02
51,90,4.88,0.140000000000004,-29.99
51,90,5.04,-0.799999999999997,-30.85
51,90,5.2,0.580000000000002,-30.84
51,90,5.36,-0.870000000000005,-31.67
51,90,5.52,-3.678,-33.96
51,90,5.68,-1.46,-32.83
51,90,5.84,-2.852,-34.3
51,90,6,-3.56,-35.1
51,90,6.16,-5.19,-37.23
51,90,6.32,-6.90799999999999,-40.4
51,90,6.48,-5.806,-39.89
51,90,6.64,-8.528,-42.92
51,90,6.8,-9.4,-42.9
51,90,6.96,-10.892,-45.22
51,90,7.12,-10.756,-45.35
51,90,7.28,-9.522,-43.9
51,90,7.44,-13.236,-47.57
51,90,7.6,-12.92,-46.32
51,90,7.76,-10.858,-46.08
51,90,7.92,-10.632,-45.26
51,90,8.08,-11.096,-45.9
51,90,8.24,-12.692,-47.8
51,90,8.4,-16.3,-51.68
51,90,8.56,-16.732,-53.01
51,90,8.72,-13.978,-51.28
51,90,8.88,-13.398,-50.54
51,90,9.04,-16.094,-53.88
51,90,9.2,-16.79,-55.65
51,90,9.36,-13.334,-51.4
51,90,9.52,-11.982,-50.36
51,90,9.68,-12.25,-51.14
51,90,9.84,-9.976,-49.09
51,90,10,-9.03,-48.1
51,90,10.16,-11.738,-51.38
51,90,10.32,-9.732,-49.36
51,90,10.48,-10.788,-50.32
51,90,10.64,-13.608,-53.62
51,90,10.8,-10.28,-50.55
51,90,10.96,-11.606,-51.59
51,90,11.12,-17.966,-58.21
51,90,11.28,-10.426,-50.87
51,90,11.44,-6.40199999999999,-47.15
51,90,11.6,-8.42,-49.29
51,90,11.76,-8.484,-49.6
51,90,11.92,-8.474,-49.6
51,90,12.08,-7.33,-49.52
51,90,12.24,-9.174,-51.43
51,90,12.4,-11.58,-54.24
51,90,12.56,-9.16999999999999,-53.24
51,90,12.72,-15.554,-60.11
51,90,12.88,-14.586,-59.79
51,90,13.04,-7.51800000000001,-54.02
51,90,13.2,-8.47,-55.25
51,90,13.36,-12.414,-58.63
51,90,13.52,-16.262,-62.27
51,90,13.68,-16.27,-62.95
51,90,13.84,-15.018,-62.5
51,90,14,-23.27,-71.12
51,90,14.16,-17.936,-66.16
51,90,14.32,-19.956,-68.91
51,90,14.48,-20.304,-72.13
51,90,14.64,-18.104,-67.56
51,90,14.8,-24.72,-72.73
51,90,14.96,-25.442,-72.57
51,90,15.12,-15.37,-61.8
51,90,15.28,-12.53,-59.08
51,90,15.44,-14.746,-61.06
51,90,15.6,-16.63,-63.26
51,90,15.76,-16.368,-63.56
51,90,15.92,-13.722,-60.9
51,90,16.08,-13.432,-60.89
51,90,16.24,-16.074,-64.2
51,90,16.4,-18.43,-68.24
51,90,16.56,-16.668,-65.6
51,90,16.72,-15.918,-65.4
51,90,16.88,-26.074,-76.54
51,90,17.04,-16.866,-68.12
51,90,17.2,-19.77,-72.2
51,90,17.36,-18.206,-70.85
51,90,17.52,-19.666,-72.2
51,90,17.68,-12.692,-65.77
51,90,17.84,-21.688,-74.6
51,90,18,-12.83,-65.64
52,90,2,-2.05,-23.84
52,90,2.16,-2.978,-26.39
52,90,2.32,-4.326,-29.98
52,90,2.48,-2.924,-30.17
52,90,2.64,0.552,-28.16
52,90,2.8,0.559999999999999,-26.5
52,90,2.96,1.712,-26.6
52,90,3.12,1.224,-27.01
52,90,3.28,2.078,-27.94
52,90,3.44,2.308,-26.34
52,90,3.6,2.14,-25.31
52,90,3.76,2.396,-27.09
52,90,3.92,3.008,-24.54
52,90,4.08,2.758,-24.91
52,90,4.24,1.674,-27.35
52,90,4.4,0.809999999999999,-29
52,90,4.56,3.154,-26.66
52,90,4.72,3.01600000000001,-26.97
52,90,4.88,0.370000000000001,-29.76
52,90,5.04,-1.8,-31.85
52,90,5.2,-0.409999999999997,-31.83
52,90,5.36,-2.03,-32.83
52,90,5.52,-4.198,-34.48
52,90,5.68,-2.44,-33.81
52,90,5.84,-3.912,-35.36
52,90,6,-3.88,-35.42
52,90,6.16,-5.47,-37.51
52,90,6.32,-7.37799999999999,-40.87
52,90,6.48,-7.956,-42.04
52,90,6.64,-10.508,-44.9
52,90,6.8,-11.34,-44.84
52,90,6.96,-13.672,-48
52,90,7.12,-13.456,-48.05
52,90,7.28,-11.722,-46.1
52,90,7.44,-14.876,-49.21
52,90,7.6,-15.84,-49.24
52,90,7.76,-16.708,-51.93
52,90,7.92,-16.352,-50.98
52,90,8.08,-16.396,-51.2
52,90,8.24,-19.412,-54.52
52,90,8.4,-26.38,-61.76
52,90,8.56,-29.242,-65.52
52,90,8.72,-19.068,-56.37
52,90,8.88,-20.188,-57.33
52,90,9.04,-16.654,-54.44
52,90,9.2,-17.85,-56.71
52,90,9.36,-15.324,-53.39
52,90,9.52,-13.042,-51.42
52,90,9.68,-13.8,-52.69
52,90,9.84,-11.976,-51.09
52,90,10,-10.04,-49.11
52,90,10.16,-13.948,-53.59
52,90,10.32,-9.092,-48.72
52,90,10.48,-10.108,-49.64
52,90,10.64,-13.918,-53.93
52,90,10.8,-10.84,-51.11
52,90,10.96,-11.456,-51.44
52,90,11.12,-18.946,-59.19
52,90,11.28,-11.076,-51.52
52,90,11.44,-8.54199999999999,-49.29
52,90,11.6,-10.05,-50.92
52,90,11.76,-7.564,-48.68
52,90,11.92,-7.044,-48.17
52,90,12.08,-7.26,-49.45
52,90,12.24,-9.854,-52.11
52,90,12.4,-11.51,-54.17
52,90,12.56,-10.98,-55.05
52,90,12.72,-16.744,-61.3
52,90,12.88,-16.906,-62.11
52,90,13.04,-12.158,-58.66
52,90,13.2,-10.07,-56.85
52,90,13.36,-13.144,-59.36
52,90,13.52,-17.192,-63.2
52,90,13.68,-19.19,-65.87
52,90,13.84,-20.958,-68.44
52,90,14,-25.15,-73
52,90,14.16,-23.686,-71.91
52,90,14.32,-23.516,-72.47
52,90,14.48,-24.084,-75.91
52,90,14.64,-17.124,-66.58
52,90,14.8,-14.03,-62.04
52,90,14.96,-13.872,-61
52,90,15.12,-17.09,-63.52
52,90,15.28,-13.47,-60.02
52,90,15.44,-14.906,-61.22
52,90,15.6,-13.43,-60.06
52,90,15.76,-15.118,-62.31
52,90,15.92,-13.402,-60.58
52,90,16.08,-14.202,-61.66
52,90,16.24,-14.904,-63.03
52,90,16.4,-20.57,-70.38
52,90,16.56,-14.318,-63.25
52,90,16.72,-14.788,-64.27
52,90,16.88,-18.854,-69.32
52,90,17.04,-20.776,-72.03
52,90,17.2,-19.24,-71.67
52,90,17.36,-38.126,-90.77
52,90,17.52,-15.916,-68.45
52,90,17.68,-16.672,-69.75
52,90,17.84,-20.498,-73.41
52,90,18,-12.2,-65.01
53,90,2,-2.45,-24.24
53,90,2.16,-3.028,-26.44
53,90,2.32,-4.856,-30.51
53,90,2.48,-3.504,-30.75
53,90,2.64,0.181999999999999,-28.53
53,90,2.8,0.309999999999999,-26.75
53,90,2.96,1.122,-27.19
53,90,3.12,0.764000000000003,-27.47
53,90,3.28,1.618,-28.4
53,90,3.44,1.658,-26.99
53,90,3.6,1.93,-25.52
53,90,3.76,1.856,-27.63
53,90,3.92,2.778,-24.77
53,90,4.08,2.288,-25.38
53,90,4.24,1.384,-27.64
53,90,4.4,0.959999999999997,-28.85
53,90,4.56,2.894,-26.92
53,90,4.72,3.01600000000001,-26.97
53,90,4.88,0.690000000000001,-29.44
53,90,5.04,-2.12,-32.17
53,90,5.2,-1.46,-32.88
53,90,5.36,-3.44,-34.24
53,90,5.52,-4.868,-35.15
53,90,5.68,-3.59,-34.96
53,90,5.84,-5.682,-37.13
53,90,6,-4.44,-35.98
53,90,6.16,-5.83,-37.87
53,90,6.32,-7.40799999999999,-40.9
53,90,6.48,-9.10599999999999,-43.19
53,90,6.64,-12.128,-46.52
53,90,6.8,-13.51,-47.01
53,90,6.96,-15.892,-50.22
53,90,7.12,-17.176,-51.77
53,90,7.28,-15.302,-49.68
53,90,7.44,-16.366,-50.7
53,90,7.6,-17.82,-51.22
53,90,7.76,-22.268,-57.49
53,90,7.92,-29.392,-64.02
53,90,8.08,-24.946,-59.75
53,90,8.24,-23.672,-58.78
53,90,8.4,-22.37,-57.75
53,90,8.56,-20.532,-56.81
53,90,8.72,-21.518,-58.82
53,90,8.88,-23.658,-60.8
53,90,9.04,-19.484,-57.27
53,90,9.2,-17.59,-56.45
53,90,9.36,-16.474,-54.54
53,90,9.52,-14.242,-52.62
53,90,9.68,-15.88,-54.77
53,90,9.84,-12.446,-51.56
53,90,10,-12.47,-51.54
53,90,10.16,-19.408,-59.05
53,90,10.32,-8.852,-48.48
53,90,10.48,-9.86799999999999,-49.4
53,90,10.64,-12.838,-52.85
53,90,10.8,-10.38,-50.65
53,90,10.96,-12.406,-52.39
53,90,11.12,-17.886,-58.13
53,90,11.28,-12.186,-52.63
53,90,11.44,-11.512,-52.26
53,90,11.6,-11.69,-52.56
53,90,11.76,-7.814,-48.93
53,90,11.92,-7.264,-48.39
53,90,12.08,-6.35999999999999,-48.55
53,90,12.24,-8.734,-50.99
53,90,12.4,-11.49,-54.15
53,90,12.56,-14.38,-58.45
53,90,12.72,-15.564,-60.12
53,90,12.88,-20.156,-65.36
53,90,13.04,-27.358,-73.86
53,90,13.2,-12.5,-59.28
53,90,13.36,-16.494,-62.71
53,90,13.52,-18.642,-64.65
53,90,13.68,-20.87,-67.55
53,90,13.84,-17.868,-65.35
53,90,14,-25.76,-73.61
53,90,14.16,-16.966,-65.19
53,90,14.32,-16.726,-65.68
53,90,14.48,-17.924,-69.75
53,90,14.64,-15.514,-64.97
53,90,14.8,-15.23,-63.24
53,90,14.96,-11.372,-58.5
53,90,15.12,-13.5,-59.93
53,90,15.28,-13.13,-59.68
53,90,15.44,-14.816,-61.13
53,90,15.6,-12.08,-58.71
53,90,15.76,-15.338,-62.53
53,90,15.92,-14.702,-61.88
53,90,16.08,-15.472,-62.93
53,90,16.24,-14.704,-62.83
53,90,16.4,-20.98,-70.79
53,90,16.56,-16.298,-65.23
53,90,16.72,-14.148,-63.63
53,90,16.88,-24.204,-74.67
53,90,17.04,-20.546,-71.8
53,90,17.2,-14.25,-66.68
53,90,17.36,-19.736,-72.38
53,90,17.52,-28.336,-80.87
53,90,17.68,-13.062,-66.14
53,90,17.84,-18.858,-71.77
53,90,18,-14.5,-67.31
54,90,2,-2.85,-24.64
54,90,2.16,-3.088,-26.5
54,90,2.32,-5.496,-31.15
54,90,2.48,-4.014,-31.26
54,90,2.64,-0.298000000000002,-29.01
54,90,2.8,0.0299999999999976,-27.03
54,90,2.96,0.451999999999998,-27.86
54,90,3.12,0.324000000000002,-27.91
54,90,3.28,1.118,-28.9
54,90,3.44,0.908000000000001,-27.74
54,90,3.6,1.66,-25.79
54,90,3.76,1.256,-28.23
54,90,3.92,2.498,-25.05
54,90,4.08,1.668,-26
54,90,4.24,0.954000000000004,-28.07
54,90,4.4,1.14,-28.67
54,90,4.56,2.624,-27.19
54,90,4.72,2.83600000000001,-27.15
54,90,4.88,1.01,-29.12
54,90,5.04,-1.84999999999999,-31.9
54,90,5.2,-1.89,-33.31
54,90,5.36,-4.77,-35.57
54,90,5.52,-5.748,-36.03
54,90,5.68,-4.93,-36.3
54,90,5.84,-7.612,-39.06
54,90,6,-5.46,-37
54,90,6.16,-6.25,-38.29
54,90,6.32,-7.26799999999999,-40.76
54,90,6.48,-9.756,-43.84
54,90,6.64,-12.388,-46.78
54,90,6.8,-15.46,-48.96
54,90,6.96,-17.232,-51.56
54,90,7.12,-23.356,-57.95
54,90,7.28,-23.242,-57.62
54,90,7.44,-19.656,-53.99
54,90,7.6,-19.93,-53.33
54,90,7.76,-18.218,-53.44
54,90,7.92,-27.022,-61.65
54,90,8.08,-19.136,-53.94
54,90,8.24,-15.302,-50.41
54,90,8.4,-15.44,-50.82
54,90,8.56,-14.032,-50.31
54,90,8.72,-15.688,-52.99
54,90,8.88,-13.958,-51.1
54,90,9.04,-19.494,-57.28
54,90,9.2,-16.3,-55.16
54,90,9.36,-17.034,-55.1
54,90,9.52,-15.452,-53.83
54,90,9.68,-16.45,-55.34
54,90,9.84,-13.226,-52.34
54,90,10,-14.83,-53.9
54,90,10.16,-20.468,-60.11
54,90,10.32,-11.932,-51.56
54,90,10.48,-11.438,-50.97
54,90,10.64,-13.688,-53.7
54,90,10.8,-12.11,-52.38
54,90,10.96,-14.476,-54.46
54,90,11.12,-16.496,-56.74
54,90,11.28,-12.516,-52.96
54,90,11.44,-14.712,-55.46
54,90,11.6,-12.39,-53.26
54,90,11.76,-9.814,-50.93
54,90,11.92,-8.82400000000001,-49.95
54,90,12.08,-8.45,-50.64
54,90,12.24,-9.654,-51.91
54,90,12.4,-11.14,-53.8
54,90,12.56,-15.87,-59.94
54,90,12.72,-20.274,-64.83
54,90,12.88,-22.776,-67.98
54,90,13.04,-32.888,-79.39
54,90,13.2,-18.57,-65.35
54,90,13.36,-21.184,-67.4
54,90,13.52,-21.762,-67.77
54,90,13.68,-22.34,-69.02
54,90,13.84,-30.848,-78.33
54,90,14,-22.62,-70.47
54,90,14.16,-22.106,-70.33
54,90,14.32,-15.916,-64.87
54,90,14.48,-16.664,-68.49
54,90,14.64,-10.694,-60.15
54,90,14.8,-10.64,-58.65
54,90,14.96,-12.292,-59.42
54,90,15.12,-13.31,-59.74
54,90,15.28,-12.9,-59.45
54,90,15.44,-18.756,-65.07
54,90,15.6,-13.84,-60.47
54,90,15.76,-16.318,-63.51
54,90,15.92,-15.682,-62.86
54,90,16.08,-13.742,-61.2
54,90,16.24,-15.614,-63.74
54,90,16.4,-19.73,-69.54
54,90,16.56,-13.368,-62.3
54,90,16.72,-19.788,-69.27
54,90,16.88,-19.474,-69.94
54,90,17.04,-14.576,-65.83
54,90,17.2,-12.72,-65.15
54,90,17.36,-16.376,-69.02
54,90,17.52,-21.426,-73.96
54,90,17.68,-18.012,-71.09
54,90,17.84,-28.658,-81.57
54,90,18,-16.94,-69.75
55,90,2,-3.26,-25.05
55,90,2.16,-3.178,-26.59
55,90,2.32,-6.056,-31.71
55,90,2.48,-4.524,-31.77
55,90,2.64,-0.708000000000002,-29.42
55,90,2.8,-0.280000000000001,-27.34
55,90,2.96,-0.0580000000000034,-28.37
55,90,3.12,0.0440000000000005,-28.19
55,90,3.28,0.467999999999996,-29.55
55,90,3.44,0.218,-28.43
55,90,3.6,1.35,-26.1
55,90,3.76,0.595999999999997,-28.89
55,90,3.92,2.168,-25.38
55,90,4.08,0.898,-26.77
55,90,4.24,0.374000000000006,-28.65
55,90,4.4,1.27,-28.54
55,90,4.56,2.344,-27.47
55,90,4.72,2.616,-27.37
55,90,4.88,1.19,-28.94
55,90,5.04,-1.32,-31.37
55,90,5.2,-2.05,-33.47
55,90,5.36,-5.49,-36.29
55,90,5.52,-6.788,-37.07
55,90,5.68,-6.17,-37.54
55,90,5.84,-9.712,-41.16
55,90,6,-6.92,-38.46
55,90,6.16,-6.7,-38.74
55,90,6.32,-7.428,-40.92
55,90,6.48,-10.066,-44.15
55,90,6.64,-11.478,-45.87
55,90,6.8,-15.35,-48.85
55,90,6.96,-17.332,-51.66
55,90,7.12,-26.736,-61.33
55,90,7.28,-32.052,-66.43
55,90,7.44,-24.516,-58.85
55,90,7.6,-22.28,-55.68
55,90,7.76,-16.018,-51.24
55,90,7.92,-19.742,-54.37
55,90,8.08,-14.066,-48.87
55,90,8.24,-11.132,-46.24
55,90,8.4,-12.12,-47.5
55,90,8.56,-10.912,-47.19
55,90,8.72,-11.248,-48.55
55,90,8.88,-11.028,-48.17
55,90,9.04,-12.414,-50.2
55,90,9.2,-15.65,-54.51
55,90,9.36,-12.954,-51.02
55,90,9.52,-18.162,-56.54
55,90,9.68,-14.26,-53.15
55,90,9.84,-12.856,-51.97
55,90,10,-17.61,-56.68
55,90,10.16,-18.928,-58.57
55,90,10.32,-16.752,-56.38
55,90,10.48,-15.198,-54.73
55,90,10.64,-13.948,-53.96
55,90,10.8,-13.82,-54.09
55,90,10.96,-15.476,-55.46
55,90,11.12,-16.566,-56.81
55,90,11.28,-13.966,-54.41
55,90,11.44,-16.752,-57.5
55,90,11.6,-12.66,-53.53
55,90,11.76,-11.434,-52.55
55,90,11.92,-11.204,-52.33
55,90,12.08,-11.92,-54.11
55,90,12.24,-11.164,-53.42
55,90,12.4,-14.04,-56.7
55,90,12.56,-17.85,-61.92
55,90,12.72,-19.884,-64.44
55,90,12.88,-27.656,-72.86
55,90,13.04,-26.608,-73.11
55,90,13.2,-31.08,-77.86
55,90,13.36,-25.834,-72.05
55,90,13.52,-29.592,-75.6
55,90,13.68,-20.82,-67.5
55,90,13.84,-25.618,-73.1
55,90,14,-33.56,-81.41
55,90,14.16,-18.196,-66.42
55,90,14.32,-12.596,-61.55
55,90,14.48,-14.784,-66.61
55,90,14.64,-8.25400000000001,-57.71
55,90,14.8,-11.18,-59.19
55,90,14.96,-14.352,-61.48
55,90,15.12,-14.35,-60.78
55,90,15.28,-11.48,-58.03
55,90,15.44,-17.396,-63.71
55,90,15.6,-14.45,-61.08
55,90,15.76,-15.548,-62.74
55,90,15.92,-18.362,-65.54
55,90,16.08,-16.452,-63.91
55,90,16.24,-18.174,-66.3
55,90,16.4,-18.1,-67.91
55,90,16.56,-15.018,-63.95
55,90,16.72,-17.128,-66.61
55,90,16.88,-14.624,-65.09
55,90,17.04,-14.696,-65.95
55,90,17.2,-15.14,-67.57
55,90,17.36,-22.776,-75.42
55,90,17.52,-15.326,-67.86
55,90,17.68,-14.662,-67.74
55,90,17.84,-20.778,-73.69
55,90,18,-15.74,-68.55
56,90,2,-3.67,-25.46
56,90,2.16,-3.128,-26.54
56,90,2.32,-6.386,-32.04
56,90,2.48,-4.954,-32.2
56,90,2.64,-1.218,-29.93
56,90,2.8,-0.620000000000001,-27.68
56,90,2.96,-0.578000000000003,-28.89
56,90,3.12,-0.175999999999998,-28.41
56,90,3.28,-0.162000000000003,-30.18
56,90,3.44,-0.542000000000002,-29.19
56,90,3.6,0.939999999999998,-26.51
56,90,3.76,-0.0240000000000045,-29.51
56,90,3.92,1.808,-25.74
56,90,4.08,0.00799999999999912,-27.66
56,90,4.24,-0.345999999999997,-29.37
56,90,4.4,1.24,-28.57
56,90,4.56,2.014,-27.8
56,90,4.72,2.26600000000001,-27.72
56,90,4.88,1.25,-28.88
56,90,5.04,-0.709999999999997,-30.76
56,90,5.2,-1.6,-33.02
56,90,5.36,-5.24,-36.04
56,90,5.52,-7.598,-37.88
56,90,5.68,-7.23,-38.6
56,90,5.84,-11.722,-43.17
56,90,6,-8.89,-40.43
56,90,6.16,-7.27,-39.31
56,90,6.32,-7.998,-41.49
56,90,6.48,-11.126,-45.21
56,90,6.64,-10.848,-45.24
56,90,6.8,-13.69,-47.19
56,90,6.96,-16.082,-50.41
56,90,7.12,-21.526,-56.12
56,90,7.28,-21.982,-56.36
56,90,7.44,-28.276,-62.61
56,90,7.6,-21.92,-55.32
56,90,7.76,-14.988,-50.21
56,90,7.92,-17.592,-52.22
56,90,8.08,-11.686,-46.49
56,90,8.24,-9.09200000000001,-44.2
56,90,8.4,-10.11,-45.49
56,90,8.56,-9.45199999999999,-45.73
56,90,8.72,-9.408,-46.71
56,90,8.88,-10.208,-47.35
56,90,9.04,-8.944,-46.73
56,90,9.2,-14.14,-53
56,90,9.36,-10.624,-48.69
56,90,9.52,-18.972,-57.35
56,90,9.68,-12.82,-51.71
56,90,9.84,-12.826,-51.94
56,90,10,-20.06,-59.13
56,90,10.16,-15.128,-54.77
56,90,10.32,-17.062,-56.69
56,90,10.48,-18.958,-58.49
56,90,10.64,-15.478,-55.49
56,90,10.8,-17.69,-57.96
56,90,10.96,-18.846,-58.83
56,90,11.12,-16.906,-57.15
56,90,11.28,-17.396,-57.84
56,90,11.44,-18.232,-58.98
56,90,11.6,-13.88,-54.75
56,90,11.76,-12.414,-53.53
56,90,11.92,-12.544,-53.67
56,90,12.08,-13.32,-55.51
56,90,12.24,-14.764,-57.02
56,90,12.4,-20.31,-62.97
56,90,12.56,-33.76,-77.83
56,90,12.72,-23.194,-67.75
56,90,12.88,-33.616,-78.82
56,90,13.04,-20.588,-67.09
56,90,13.2,-25.05,-71.83
56,90,13.36,-27.684,-73.9
56,90,13.52,-24.432,-70.44
56,90,13.68,-25.24,-71.92
56,90,13.84,-29.408,-76.89
56,90,14,-22.56,-70.41
56,90,14.16,-19.456,-67.68
56,90,14.32,-14.346,-63.3
56,90,14.48,-11.354,-63.18
56,90,14.64,-8.40400000000001,-57.86
56,90,14.8,-9.18,-57.19
56,90,14.96,-12.912,-60.04
56,90,15.12,-11.33,-57.76
56,90,15.28,-14.13,-60.68
56,90,15.44,-16.996,-63.31
56,90,15.6,-15.87,-62.5
56,90,15.76,-16.068,-63.26
56,90,15.92,-19.542,-66.72
56,90,16.08,-15.902,-63.36
56,90,16.24,-14.424,-62.55
56,90,16.4,-21.68,-71.49
56,90,16.56,-21.478,-70.41
56,90,16.72,-14.338,-63.82
56,90,16.88,-14.994,-65.46
56,90,17.04,-14.216,-65.47
56,90,17.2,-12.72,-65.15
56,90,17.36,-16.596,-69.24
56,90,17.52,-13.446,-65.98
56,90,17.68,-13.902,-66.98
56,90,17.84,-16.738,-69.65
56,90,18,-19.13,-71.94
57,90,2,-4.02,-25.81
57,90,2.16,-3.148,-26.56
57,90,2.32,-6.596,-32.25
57,90,2.48,-5.334,-32.58
57,90,2.64,-1.808,-30.52
57,90,2.8,-1.05,-28.11
57,90,2.96,-1.068,-29.38
57,90,3.12,-0.425999999999998,-28.66
57,90,3.28,-0.782000000000004,-30.8
57,90,3.44,-1.202,-29.85
57,90,3.6,0.439999999999998,-27.01
57,90,3.76,-0.714000000000002,-30.2
57,90,3.92,1.438,-26.11
57,90,4.08,-0.911999999999999,-28.58
57,90,4.24,-1.276,-30.3
57,90,4.4,1.05,-28.76
57,90,4.56,1.554,-28.26
57,90,4.72,1.85600000000001,-28.13
57,90,4.88,1.05,-29.08
57,90,5.04,-0.309999999999995,-30.36
57,90,5.2,-1.2,-32.62
57,90,5.36,-4.6,-35.4
57,90,5.52,-7.518,-37.8
57,90,5.68,-7.82,-39.19
57,90,5.84,-12.342,-43.79
57,90,6,-11.15,-42.69
57,90,6.16,-8.3,-40.34
57,90,6.32,-9.148,-42.64
57,90,6.48,-13.276,-47.36
57,90,6.64,-10.768,-45.16
57,90,6.8,-12.34,-45.84
57,90,6.96,-15.402,-49.73
57,90,7.12,-17.486,-52.08
57,90,7.28,-17.142,-51.52
57,90,7.44,-20.596,-54.93
57,90,7.6,-18.46,-51.86
57,90,7.76,-14.288,-49.51
57,90,7.92,-15.352,-49.98
57,90,8.08,-10.806,-45.61
57,90,8.24,-8.52200000000001,-43.63
57,90,8.4,-9.14,-44.52
57,90,8.56,-8.80199999999999,-45.08
57,90,8.72,-7.788,-45.09
57,90,8.88,-9.73800000000001,-46.88
57,90,9.04,-7.974,-45.76
57,90,9.2,-12.04,-50.9
57,90,9.36,-9.114,-47.18
57,90,9.52,-17.002,-55.38
57,90,9.68,-14.74,-53.63
57,90,9.84,-14.036,-53.15
57,90,10,-20.49,-59.56
57,90,10.16,-12.198,-51.84
57,90,10.32,-14.072,-53.7
57,90,10.48,-22.678,-62.21
57,90,10.64,-17.808,-57.82
57,90,10.8,-18.79,-59.06
57,90,10.96,-26.396,-66.38
57,90,11.12,-21.326,-61.57
57,90,11.28,-18.486,-58.93
57,90,11.44,-18.632,-59.38
57,90,11.6,-17,-57.87
57,90,11.76,-14.674,-55.79
57,90,11.92,-14.364,-55.49
57,90,12.08,-14.79,-56.98
57,90,12.24,-15.984,-58.24
57,90,12.4,-18.48,-61.14
57,90,12.56,-21.89,-65.96
57,90,12.72,-24.574,-69.13
57,90,12.88,-24.966,-70.17
57,90,13.04,-17.538,-64.04
57,90,13.2,-20.05,-66.83
57,90,13.36,-22.984,-69.2
57,90,13.52,-19.932,-65.94
57,90,13.68,-21.55,-68.23
57,90,13.84,-23.148,-70.63
57,90,14,-14.83,-62.68
57,90,14.16,-18.246,-66.47
57,90,14.32,-13.956,-62.91
57,90,14.48,-11.454,-63.28
57,90,14.64,-8.66400000000001,-58.12
57,90,14.8,-9.69,-57.7
57,90,14.96,-13.332,-60.46
57,90,15.12,-9.66,-56.09
57,90,15.28,-16.27,-62.82
57,90,15.44,-16.586,-62.9
57,90,15.6,-21.25,-67.88
57,90,15.76,-22.078,-69.27
57,90,15.92,-21.302,-68.48
57,90,16.08,-24.972,-72.43
57,90,16.24,-22.154,-70.28
57,90,16.4,-16.88,-66.69
57,90,16.56,-21.988,-70.92
57,90,16.72,-18.648,-68.13
57,90,16.88,-16.714,-67.18
57,90,17.04,-13.426,-64.68
57,90,17.2,-13.27,-65.7
57,90,17.36,-11.686,-64.33
57,90,17.52,-13.076,-65.61
57,90,17.68,-14.872,-67.95
57,90,17.84,-15.828,-68.74
57,90,18,-14.12,-66.93
58,90,2,-4.38,-26.17
58,90,2.16,-3.108,-26.52
58,90,2.32,-6.776,-32.43
58,90,2.48,-5.594,-32.84
58,90,2.64,-2.328,-31.04
58,90,2.8,-1.56,-28.62
58,90,2.96,-1.458,-29.77
58,90,3.12,-0.735999999999997,-28.97
58,90,3.28,-1.332,-31.35
58,90,3.44,-1.762,-30.41
58,90,3.6,-0.0800000000000018,-27.53
58,90,3.76,-1.324,-30.81
58,90,3.92,0.948,-26.6
58,90,4.08,-1.722,-29.39
58,90,4.24,-2.386,-31.41
58,90,4.4,0.639999999999997,-29.17
58,90,4.56,0.994,-28.82
58,90,4.72,1.33600000000001,-28.65
58,90,4.88,0.690000000000001,-29.44
58,90,5.04,-0.109999999999996,-30.16
58,90,5.2,-0.839999999999996,-32.26
58,90,5.36,-3.78,-34.58
58,90,5.52,-6.898,-37.18
58,90,5.68,-8.07,-39.44
58,90,5.84,-11.512,-42.96
58,90,6,-14.34,-45.88
58,90,6.16,-9.62,-41.66
58,90,6.32,-10.418,-43.91
58,90,6.48,-16.756,-50.84
58,90,6.64,-10.368,-44.76
58,90,6.8,-11.96,-45.46
58,90,6.96,-15.162,-49.49
58,90,7.12,-15.226,-49.82
58,90,7.28,-15.492,-49.87
58,90,7.44,-16.296,-50.63
58,90,7.6,-15.73,-49.13
58,90,7.76,-13.318,-48.54
58,90,7.92,-13.482,-48.11
58,90,8.08,-10.556,-45.36
58,90,8.24,-8.082,-43.19
58,90,8.4,-8.7,-44.08
58,90,8.56,-8.852,-45.13
58,90,8.72,-7.398,-44.7
58,90,8.88,-10.478,-47.62
58,90,9.04,-7.684,-45.47
58,90,9.2,-10.71,-49.57
58,90,9.36,-8.654,-46.72
58,90,9.52,-12.762,-51.14
58,90,9.68,-16.76,-55.65
58,90,9.84,-14.686,-53.8
58,90,10,-28.54,-67.61
58,90,10.16,-11.648,-51.29
58,90,10.32,-14.442,-54.07
58,90,10.48,-21.158,-60.69
58,90,10.64,-17.058,-57.07
58,90,10.8,-17.93,-58.2
58,90,10.96,-29.846,-69.83
58,90,11.12,-23.596,-63.84
58,90,11.28,-19.946,-60.39
58,90,11.44,-18.362,-59.11
58,90,11.6,-18.43,-59.3
58,90,11.76,-17.454,-58.57
58,90,11.92,-17.474,-58.6
58,90,12.08,-15.95,-58.14
58,90,12.24,-16.654,-58.91
58,90,12.4,-16.22,-58.88
58,90,12.56,-16.65,-60.72
58,90,12.72,-20.204,-64.76
58,90,12.88,-17.706,-62.91
58,90,13.04,-14.678,-61.18
58,90,13.2,-15.32,-62.1
58,90,13.36,-26.634,-72.85
58,90,13.52,-18.112,-64.12
58,90,13.68,-22.3,-68.98
58,90,13.84,-33.128,-80.61
58,90,14,-15.89,-63.74
58,90,14.16,-13.516,-61.74
58,90,14.32,-15.466,-64.42
58,90,14.48,-9.694,-61.52
58,90,14.64,-11.294,-60.75
58,90,14.8,-10.65,-58.66
58,90,14.96,-11.272,-58.4
58,90,15.12,-10.26,-56.69
58,90,15.28,-19.46,-66.01
58,90,15.44,-14.606,-60.92
58,90,15.6,-17.39,-64.02
58,90,15.76,-25.788,-72.98
58,90,15.92,-24.382,-71.56
58,90,16.08,-23.112,-70.57
58,90,16.24,-24.274,-72.4
58,90,16.4,-15.09,-64.9
58,90,16.56,-18.658,-67.59
58,90,16.72,-15.408,-64.89
58,90,16.88,-13.604,-64.07
58,90,17.04,-15.936,-67.19
58,90,17.2,-10.82,-63.25
58,90,17.36,-13.866,-66.51
58,90,17.52,-20.076,-72.61
58,90,17.68,-13.532,-66.61
58,90,17.84,-14.578,-67.49
58,90,18,-10.99,-63.8
59,90,2,-4.64,-26.43
59,90,2.16,-3.108,-26.52
59,90,2.32,-6.716,-32.37
59,90,2.48,-5.874,-33.12
59,90,2.64,-2.868,-31.58
59,90,2.8,-2.13,-29.19
59,90,2.96,-1.768,-30.08
59,90,3.12,-0.945999999999998,-29.18
59,90,3.28,-1.902,-31.92
59,90,3.44,-2.352,-31
59,90,3.6,-0.640000000000001,-28.09
59,90,3.76,-1.934,-31.42
59,90,3.92,0.398000000000003,-27.15
59,90,4.08,-2.482,-30.15
59,90,4.24,-3.676,-32.7
59,90,4.4,0.0799999999999983,-29.73
59,90,4.56,0.303999999999998,-29.51
59,90,4.72,0.776000000000003,-29.21
59,90,4.88,0.0800000000000018,-30.05
59,90,5.04,-0.019999999999996,-30.07
59,90,5.2,-0.640000000000001,-32.06
59,90,5.36,-3.45,-34.25
59,90,5.52,-5.748,-36.03
59,90,5.68,-8.09,-39.46
59,90,5.84,-9.932,-41.38
59,90,6,-17.57,-49.11
59,90,6.16,-11.1,-43.14
59,90,6.32,-11.038,-44.53
59,90,6.48,-21.106,-55.19
59,90,6.64,-11.308,-45.7
59,90,6.8,-12.91,-46.41
59,90,6.96,-15.072,-49.4
59,90,7.12,-13.616,-48.21
59,90,7.28,-14.152,-48.53
59,90,7.44,-14.406,-48.74
59,90,7.6,-14.35,-47.75
59,90,7.76,-11.928,-47.15
59,90,7.92,-11.612,-46.24
59,90,8.08,-10.326,-45.13
59,90,8.24,-8.302,-43.41
59,90,8.4,-8.41999999999999,-43.8
59,90,8.56,-9.23199999999999,-45.51
59,90,8.72,-7.468,-44.77
59,90,8.88,-9.13800000000001,-46.28
59,90,9.04,-8.754,-46.54
59,90,9.2,-10.35,-49.21
59,90,9.36,-9.874,-47.94
59,90,9.52,-10.212,-48.59
59,90,9.68,-13.88,-52.77
59,90,9.84,-16.996,-56.11
59,90,10,-38.14,-77.21
59,90,10.16,-14.158,-53.8
59,90,10.32,-18.822,-58.45
59,90,10.48,-17.968,-57.5
59,90,10.64,-18.048,-58.06
59,90,10.8,-18.3,-58.57
59,90,10.96,-21.196,-61.18
59,90,11.12,-31.406,-71.65
59,90,11.28,-24.716,-65.16
59,90,11.44,-22.812,-63.56
59,90,11.6,-18.94,-59.81
59,90,11.76,-19.524,-60.64
59,90,11.92,-20.654,-61.78
59,90,12.08,-19.46,-61.65
59,90,12.24,-18.434,-60.69
59,90,12.4,-17.34,-60
59,90,12.56,-13.79,-57.86
59,90,12.72,-18.064,-62.62
59,90,12.88,-16.236,-61.44
59,90,13.04,-11.768,-58.27
59,90,13.2,-14.43,-61.21
59,90,13.36,-21.944,-68.16
59,90,13.52,-17.352,-63.36
59,90,13.68,-18.79,-65.47
59,90,13.84,-20.278,-67.76
59,90,14,-16.02,-63.87
59,90,14.16,-12.476,-60.7
59,90,14.32,-12.046,-61
59,90,14.48,-10.164,-61.99
59,90,14.64,-11.454,-60.91
59,90,14.8,-13.33,-61.34
59,90,14.96,-12.092,-59.22
59,90,15.12,-9.87,-56.3
59,90,15.28,-15.58,-62.13
59,90,15.44,-13.246,-59.56
59,90,15.6,-15.41,-62.04
59,90,15.76,-20.408,-67.6
59,90,15.92,-25.932,-73.11
59,90,16.08,-34.252,-81.71
59,90,16.24,-24.224,-72.35
59,90,16.4,-16.98,-66.79
59,90,16.56,-16.328,-65.26
59,90,16.72,-19.448,-68.93
59,90,16.88,-14.384,-64.85
59,90,17.04,-15.666,-66.92
59,90,17.2,-12.42,-64.85
59,90,17.36,-11.066,-63.71
59,90,17.52,-20.166,-72.7
59,90,17.68,-21.892,-74.97
59,90,17.84,-13.698,-66.61
59,90,18,-12.41,-65.22
60,90,2,-4.91,-26.7
60,90,2.16,-3.108,-26.52
60,90,2.32,-6.546,-32.2
60,90,2.48,-6.124,-33.37
60,90,2.64,-3.388,-32.1
60,90,2.8,-2.76,-29.82
60,90,2.96,-1.998,-30.31
60,90,3.12,-1.236,-29.47
60,90,3.28,-2.372,-32.39
60,90,3.44,-2.782,-31.43
60,90,3.6,-1.18,-28.63
60,90,3.76,-2.404,-31.89
60,90,3.92,-0.372,-27.92
60,90,4.08,-3.022,-30.69
60,90,4.24,-4.91599999999999,-33.94
60,90,4.4,-0.740000000000002,-30.55
60,90,4.56,-0.475999999999999,-30.29
60,90,4.72,0.116000000000003,-29.87
60,90,4.88,-0.659999999999997,-30.79
60,90,5.04,-0.119999999999997,-30.17
60,90,5.2,-0.589999999999996,-32.01
60,90,5.36,-3.26000000000001,-34.06
60,90,5.52,-4.638,-34.92
60,90,5.68,-8.05,-39.42
60,90,5.84,-8.692,-40.14
60,90,6,-16.15,-47.69
60,90,6.16,-12.41,-44.45
60,90,6.32,-11.458,-44.95
60,90,6.48,-27.436,-61.52
60,90,6.64,-12.368,-46.76
60,90,6.8,-13.73,-47.23
60,90,6.96,-16.582,-50.91
60,90,7.12,-13.836,-48.43
60,90,7.28,-13.212,-47.59
60,90,7.44,-13.286,-47.62
60,90,7.6,-13.14,-46.54
60,90,7.76,-11.058,-46.28
60,90,7.92,-10.152,-44.78
60,90,8.08,-10.066,-44.87
60,90,8.24,-7.872,-42.98
60,90,8.4,-8.14,-43.52
60,90,8.56,-9.45199999999999,-45.73
60,90,8.72,-7.818,-45.12
60,90,8.88,-9.158,-46.3
60,90,9.04,-9.444,-47.23
60,90,9.2,-9.91,-48.77
60,90,9.36,-11.274,-49.34
60,90,9.52,-10.512,-48.89
60,90,9.68,-12.05,-50.94
60,90,9.84,-16.216,-55.33
60,90,10,-33.12,-72.19
60,90,10.16,-17.568,-57.21
60,90,10.32,-24.962,-64.59
60,90,10.48,-14.988,-54.52
60,90,10.64,-21.288,-61.3
60,90,10.8,-19.72,-59.99
60,90,10.96,-21.256,-61.24
60,90,11.12,-33.666,-73.91
60,90,11.28,-36.126,-76.57
60,90,11.44,-27.472,-68.22
60,90,11.6,-29.02,-69.89
60,90,11.76,-19.274,-60.39
60,90,11.92,-18.124,-59.25
60,90,12.08,-21.62,-63.81
60,90,12.24,-20.794,-63.05
60,90,12.4,-18.41,-61.07
60,90,12.56,-13.96,-58.03
60,90,12.72,-20.544,-65.1
60,90,12.88,-16.556,-61.76
60,90,13.04,-11.098,-57.6
60,90,13.2,-12.76,-59.54
60,90,13.36,-18.104,-64.32
60,90,13.52,-14.072,-60.08
60,90,13.68,-18.49,-65.17
60,90,13.84,-17.398,-64.88
60,90,14,-16.61,-64.46
60,90,14.16,-11.886,-60.11
60,90,14.32,-11.056,-60.01
60,90,14.48,-10.454,-62.28
60,90,14.64,-9.75400000000001,-59.21
60,90,14.8,-10.95,-58.96
60,90,14.96,-12.302,-59.43
60,90,15.12,-11.65,-58.08
60,90,15.28,-13.72,-60.27
60,90,15.44,-12.246,-58.56
60,90,15.6,-13.68,-60.31
60,90,15.76,-20.428,-67.62
60,90,15.92,-21.092,-68.27
60,90,16.08,-29.352,-76.81
60,90,16.24,-26.164,-74.29
60,90,16.4,-18.76,-68.57
60,90,16.56,-17.998,-66.93
60,90,16.72,-16.598,-66.08
60,90,16.88,-14.504,-64.97
60,90,17.04,-16.216,-67.47
60,90,17.2,-13.55,-65.98
60,90,17.36,-19.696,-72.34
60,90,17.52,-20.106,-72.64
60,90,17.68,-18.712,-71.79
60,90,17.84,-17.558,-70.47
60,90,18,-17.02,-69.83
61,90,2,-5,-26.79
61,90,2.16,-3.088,-26.5
61,90,2.32,-6.406,-32.06
61,90,2.48,-6.214,-33.46
61,90,2.64,-3.878,-32.59
61,90,2.8,-3.57,-30.63
61,90,2.96,-2.208,-30.52
61,90,3.12,-1.606,-29.84
61,90,3.28,-2.79200000000001,-32.81
61,90,3.44,-3.162,-31.81
61,90,3.6,-1.63,-29.08
61,90,3.76,-2.954,-32.44
61,90,3.92,-1.252,-28.8
61,90,4.08,-3.462,-31.13
61,90,4.24,-6.12599999999999,-35.15
61,90,4.4,-1.8,-31.61
61,90,4.56,-1.666,-31.48
61,90,4.72,-0.633999999999997,-30.62
61,90,4.88,-1.79,-31.92
61,90,5.04,-0.319999999999997,-30.37
61,90,5.2,-0.839999999999996,-32.26
61,90,5.36,-3.59,-34.39
61,90,5.52,-4.018,-34.3
61,90,5.68,-8.41,-39.78
61,90,5.84,-7.532,-38.98
61,90,6,-13.29,-44.83
61,90,6.16,-12.95,-44.99
61,90,6.32,-12.038,-45.53
61,90,6.48,-24.796,-58.88
61,90,6.64,-13.138,-47.53
61,90,6.8,-14.27,-47.77
61,90,6.96,-18.662,-52.99
61,90,7.12,-14.356,-48.95
61,90,7.28,-13.112,-47.49
61,90,7.44,-12.106,-46.44
61,90,7.6,-12.32,-45.72
61,90,7.76,-10.118,-45.34
61,90,7.92,-9.282,-43.91
61,90,8.08,-9.10599999999999,-43.91
61,90,8.24,-7.34200000000001,-42.45
61,90,8.4,-7.84999999999999,-43.23
61,90,8.56,-9.04199999999999,-45.32
61,90,8.72,-9.108,-46.41
61,90,8.88,-8.908,-46.05
61,90,9.04,-10.734,-48.52
61,90,9.2,-10.38,-49.24
61,90,9.36,-12.004,-50.07
61,90,9.52,-11.132,-49.51
61,90,9.68,-12.71,-51.6
61,90,9.84,-12.546,-51.66
61,90,10,-28.42,-67.49
61,90,10.16,-17.048,-56.69
61,90,10.32,-20.332,-59.96
61,90,10.48,-15.958,-55.49
61,90,10.64,-21.518,-61.53
61,90,10.8,-22.38,-62.65
61,90,10.96,-31.816,-71.8
61,90,11.12,-38.406,-78.65
61,90,11.28,-32.566,-73.01
61,90,11.44,-33.782,-74.53
61,90,11.6,-37.24,-78.11
61,90,11.76,-20.224,-61.34
61,90,11.92,-19.444,-60.57
61,90,12.08,-19.05,-61.24
61,90,12.24,-22.124,-64.38
61,90,12.4,-18.8,-61.46
61,90,12.56,-15.78,-59.85
61,90,12.72,-18.184,-62.74
61,90,12.88,-14.786,-59.99
61,90,13.04,-12.318,-58.82
61,90,13.2,-13.55,-60.33
61,90,13.36,-18.884,-65.1
61,90,13.52,-15.782,-61.79
61,90,13.68,-18.85,-65.53
61,90,13.84,-13.868,-61.35
61,90,14,-11.41,-59.26
61,90,14.16,-12.386,-60.61
61,90,14.32,-11.656,-60.61
61,90,14.48,-9.32399999999999,-61.15
61,90,14.64,-6.59400000000001,-56.05
61,90,14.8,-8.24,-56.25
61,90,14.96,-10.532,-57.66
61,90,15.12,-12.77,-59.2
61,90,15.28,-11.19,-57.74
61,90,15.44,-12.116,-58.43
61,90,15.6,-13.99,-60.62
61,90,15.76,-16.178,-63.37
61,90,15.92,-18.032,-65.21
61,90,16.08,-22.242,-69.7
61,90,16.24,-29.234,-77.36
61,90,16.4,-25.04,-74.85
61,90,16.56,-23.458,-72.39
61,90,16.72,-19.588,-69.07
61,90,16.88,-15.694,-66.16
61,90,17.04,-14.036,-65.29
61,90,17.2,-10.74,-63.17
61,90,17.36,-16.516,-69.16
61,90,17.52,-21.896,-74.43
61,90,17.68,-26.212,-79.29
61,90,17.84,-21.428,-74.34
61,90,18,-17.41,-70.22
62,90,2,-5.13,-26.92
62,90,2.16,-3.048,-26.46
62,90,2.32,-6.106,-31.76
62,90,2.48,-6.254,-33.5
62,90,2.64,-4.118,-32.83
62,90,2.8,-4.26,-31.32
62,90,2.96,-2.278,-30.59
62,90,3.12,-1.956,-30.19
62,90,3.28,-3.242,-33.26
62,90,3.44,-3.522,-32.17
62,90,3.6,-2.03,-29.48
62,90,3.76,-3.274,-32.76
62,90,3.92,-2.192,-29.74
62,90,4.08,-3.912,-31.58
62,90,4.24,-6.77599999999999,-35.8
62,90,4.4,-2.99,-32.8
62,90,4.56,-2.796,-32.61
62,90,4.72,-1.464,-31.45
62,90,4.88,-2.98,-33.11
62,90,5.04,-0.719999999999995,-30.77
62,90,5.2,-1.15,-32.57
62,90,5.36,-4.06,-34.86
62,90,5.52,-3.768,-34.05
62,90,5.68,-8.52,-39.89
62,90,5.84,-6.922,-38.37
62,90,6,-10.99,-42.53
62,90,6.16,-11.44,-43.48
62,90,6.32,-12.078,-45.57
62,90,6.48,-19.206,-53.29
62,90,6.64,-13.898,-48.29
62,90,6.8,-13.97,-47.47
62,90,6.96,-19.442,-53.77
62,90,7.12,-16.846,-51.44
62,90,7.28,-12.812,-47.19
62,90,7.44,-11.976,-46.31
62,90,7.6,-11.89,-45.29
62,90,7.76,-9.568,-44.79
62,90,7.92,-9.002,-43.63
62,90,8.08,-8.42599999999999,-43.23
62,90,8.24,-6.63200000000001,-41.74
62,90,8.4,-7.54,-42.92
62,90,8.56,-8.59199999999999,-44.87
62,90,8.72,-9.918,-47.22
62,90,8.88,-9.02800000000001,-46.17
62,90,9.04,-11.664,-49.45
62,90,9.2,-11.85,-50.71
62,90,9.36,-10.604,-48.67
62,90,9.52,-13.112,-51.49
62,90,9.68,-13.72,-52.61
62,90,9.84,-11.366,-50.48
62,90,10,-21.71,-60.78
62,90,10.16,-14.238,-53.88
62,90,10.32,-22.642,-62.27
62,90,10.48,-19.158,-58.69
62,90,10.64,-27.698,-67.71
62,90,10.8,-19.01,-59.28
62,90,10.96,-33.566,-73.55
62,90,11.12,-28.056,-68.3
62,90,11.28,-32.136,-72.58
62,90,11.44,-29.162,-69.91
62,90,11.6,-23.18,-64.05
62,90,11.76,-28.574,-69.69
62,90,11.92,-25.314,-66.44
62,90,12.08,-20.11,-62.3
62,90,12.24,-23.484,-65.74
62,90,12.4,-16.79,-59.45
62,90,12.56,-16.87,-60.94
62,90,12.72,-17.294,-61.85
62,90,12.88,-17.896,-63.1
62,90,13.04,-14.688,-61.19
62,90,13.2,-16.4,-63.18
62,90,13.36,-18.094,-64.31
62,90,13.52,-16.782,-62.79
62,90,13.68,-14.87,-61.55
62,90,13.84,-14.128,-61.61
62,90,14,-14.13,-61.98
62,90,14.16,-10.106,-58.33
62,90,14.32,-10.196,-59.15
62,90,14.48,-10.514,-62.34
62,90,14.64,-6.46400000000001,-55.92
62,90,14.8,-6.9,-54.91
62,90,14.96,-12.922,-60.05
62,90,15.12,-11.54,-57.97
62,90,15.28,-10.33,-56.88
62,90,15.44,-11.986,-58.3
62,90,15.6,-15.21,-61.84
62,90,15.76,-17.728,-64.92
62,90,15.92,-18.012,-65.19
62,90,16.08,-24.402,-71.86
62,90,16.24,-22.454,-70.58
62,90,16.4,-20.1,-69.91
62,90,16.56,-24.038,-72.97
62,90,16.72,-15.788,-65.27
62,90,16.88,-11.274,-61.74
62,90,17.04,-14.856,-66.11
62,90,17.2,-14.46,-66.89
62,90,17.36,-12.196,-64.84
62,90,17.52,-12.236,-64.77
62,90,17.68,-12.762,-65.84
62,90,17.84,-16.818,-69.73
62,90,18,-18.35,-71.16
63,90,2,-5.15,-26.94
63,90,2.16,-2.988,-26.4
63,90,2.32,-5.866,-31.52
63,90,2.48,-6.254,-33.5
63,90,2.64,-4.458,-33.17
63,90,2.8,-5,-32.06
63,90,2.96,-2.298,-30.61
63,90,3.12,-2.356,-30.59
63,90,3.28,-3.652,-33.67
63,90,3.44,-3.892,-32.54
63,90,3.6,-2.41,-29.86
63,90,3.76,-3.564,-33.05
63,90,3.92,-3.382,-30.93
63,90,4.08,-4.472,-32.14
63,90,4.24,-7.186,-36.21
63,90,4.4,-4.45,-34.26
63,90,4.56,-4.216,-34.03
63,90,4.72,-2.42399999999999,-32.41
63,90,4.88,-4.4,-34.53
63,90,5.04,-1.45,-31.5
63,90,5.2,-1.69,-33.11
63,90,5.36,-4.92,-35.72
63,90,5.52,-3.958,-34.24
63,90,5.68,-8.91,-40.28
63,90,5.84,-6.792,-38.24
63,90,6,-9.33,-40.87
63,90,6.16,-10.11,-42.15
63,90,6.32,-11.758,-45.25
63,90,6.48,-15.686,-49.77
63,90,6.64,-13.398,-47.79
63,90,6.8,-13.64,-47.14
63,90,6.96,-16.322,-50.65
63,90,7.12,-19.176,-53.77
63,90,7.28,-13.492,-47.87
63,90,7.44,-12.826,-47.16
63,90,7.6,-11.81,-45.21
63,90,7.76,-9.438,-44.66
63,90,7.92,-9.142,-43.77
63,90,8.08,-8.116,-42.92
63,90,8.24,-6.392,-41.5
63,90,8.4,-7.14,-42.52
63,90,8.56,-7.72199999999999,-44
63,90,8.72,-9.928,-47.23
63,90,8.88,-8.69800000000001,-45.84
63,90,9.04,-11.574,-49.36
63,90,9.2,-13.47,-52.33
63,90,9.36,-10.554,-48.62
63,90,9.52,-11.592,-49.97
63,90,9.68,-16.35,-55.24
63,90,9.84,-10.946,-50.06
63,90,10,-17.06,-56.13
63,90,10.16,-14.898,-54.54
63,90,10.32,-54.552,-94.18
63,90,10.48,-16.278,-55.81
63,90,10.64,-22.368,-62.38
63,90,10.8,-16.37,-56.64
63,90,10.96,-21.296,-61.28
63,90,11.12,-18.756,-59
63,90,11.28,-22.396,-62.84
63,90,11.44,-26.762,-67.51
63,90,11.6,-36.76,-77.63
63,90,11.76,-27.924,-69.04
63,90,11.92,-29.114,-70.24
63,90,12.08,-17.39,-59.58
63,90,12.24,-18.494,-60.75
63,90,12.4,-14.26,-56.92
63,90,12.56,-15.05,-59.12
63,90,12.72,-18.034,-62.59
63,90,12.88,-16.826,-62.03
63,90,13.04,-15.648,-62.15
63,90,13.2,-14.95,-61.73
63,90,13.36,-18.584,-64.8
63,90,13.52,-19.352,-65.36
63,90,13.68,-16.78,-63.46
63,90,13.84,-12.548,-60.03
63,90,14,-13.7,-61.55
63,90,14.16,-8.68599999999999,-56.91
63,90,14.32,-10.616,-59.57
63,90,14.48,-10.114,-61.94
63,90,14.64,-5.65400000000001,-55.11
63,90,14.8,-8.63,-56.64
63,90,14.96,-11.252,-58.38
63,90,15.12,-10.79,-57.22
63,90,15.28,-11.04,-57.59
63,90,15.44,-13.466,-59.78
63,90,15.6,-16.69,-63.32
63,90,15.76,-11.958,-59.15
63,90,15.92,-18.662,-65.84
63,90,16.08,-24.712,-72.17
63,90,16.24,-17.264,-65.39
63,90,16.4,-22.15,-71.96
63,90,16.56,-24.608,-73.54
63,90,16.72,-14.388,-63.87
63,90,16.88,-14.214,-64.68
63,90,17.04,-14.326,-65.58
63,90,17.2,-12.84,-65.27
63,90,17.36,-14.246,-66.89
63,90,17.52,-13.076,-65.61
63,90,17.68,-18.412,-71.49
63,90,17.84,-14.328,-67.24
63,90,18,-20.25,-73.06
64,90,2,-5.08,-26.87
64,90,2.16,-2.938,-26.35
64,90,2.32,-5.766,-31.42
64,90,2.48,-6.144,-33.39
64,90,2.64,-4.568,-33.28
64,90,2.8,-5.61,-32.67
64,90,2.96,-2.298,-30.61
64,90,3.12,-2.796,-31.03
64,90,3.28,-4.172,-34.19
64,90,3.44,-4.382,-33.03
64,90,3.6,-2.81,-30.26
64,90,3.76,-3.64400000000001,-33.13
64,90,3.92,-4.162,-31.71
64,90,4.08,-5.082,-32.75
64,90,4.24,-7.216,-36.24
64,90,4.4,-5.64,-35.45
64,90,4.56,-5.566,-35.38
64,90,4.72,-3.34399999999999,-33.33
64,90,4.88,-5.84,-35.97
64,90,5.04,-2.29,-32.34
64,90,5.2,-2.17,-33.59
64,90,5.36,-5.69,-36.49
64,90,5.52,-4.498,-34.78
64,90,5.68,-8.97000000000001,-40.34
64,90,5.84,-7.022,-38.47
64,90,6,-8.8,-40.34
64,90,6.16,-9.13,-41.17
64,90,6.32,-10.798,-44.29
64,90,6.48,-12.666,-46.75
64,90,6.64,-12.818,-47.21
64,90,6.8,-14.27,-47.77
64,90,6.96,-13.682,-48.01
64,90,7.12,-21.286,-55.88
64,90,7.28,-14.722,-49.1
64,90,7.44,-14.276,-48.61
64,90,7.6,-12.11,-45.51
64,90,7.76,-9.578,-44.8
64,90,7.92,-9.782,-44.41
64,90,8.08,-7.706,-42.51
64,90,8.24,-6.332,-41.44
64,90,8.4,-7.19,-42.57
64,90,8.56,-7.812,-44.09
64,90,8.72,-9.398,-46.7
64,90,8.88,-8.858,-46
64,90,9.04,-10.904,-48.69
64,90,9.2,-14.41,-53.27
64,90,9.36,-11.804,-49.87
64,90,9.52,-11.532,-49.91
64,90,9.68,-19.07,-57.96
64,90,9.84,-11.486,-50.6
64,90,10,-15.25,-54.32
64,90,10.16,-16.818,-56.46
64,90,10.32,-16.822,-56.45
64,90,10.48,-12.478,-52.01
64,90,10.64,-16.828,-56.84
64,90,10.8,-16.23,-56.5
64,90,10.96,-18.236,-58.22
64,90,11.12,-15.066,-55.31
64,90,11.28,-16.436,-56.88
64,90,11.44,-18.562,-59.31
64,90,11.6,-26.47,-67.34
64,90,11.76,-31.164,-72.28
64,90,11.92,-19.254,-60.38
64,90,12.08,-17.68,-59.87
64,90,12.24,-17.354,-59.61
64,90,12.4,-14.95,-57.61
64,90,12.56,-14.6,-58.67
64,90,12.72,-14.244,-58.8
64,90,12.88,-16.656,-61.86
64,90,13.04,-16.018,-62.52
64,90,13.2,-15.29,-62.07
64,90,13.36,-21.414,-67.63
64,90,13.52,-17.342,-63.35
64,90,13.68,-16.38,-63.06
64,90,13.84,-14.188,-61.67
64,90,14,-13.14,-60.99
64,90,14.16,-9.28599999999999,-57.51
64,90,14.32,-9.58600000000001,-58.54
64,90,14.48,-9.77399999999999,-61.6
64,90,14.64,-6.28400000000001,-55.74
64,90,14.8,-9.34,-57.35
64,90,14.96,-10.642,-57.77
64,90,15.12,-9.53,-55.96
64,90,15.28,-11.75,-58.3
64,90,15.44,-15.146,-61.46
64,90,15.6,-14.36,-60.99
64,90,15.76,-17.368,-64.56
64,90,15.92,-18.302,-65.48
64,90,16.08,-24.932,-72.39
64,90,16.24,-19.824,-67.95
64,90,16.4,-18.86,-68.67
64,90,16.56,-22.718,-71.65
64,90,16.72,-15.118,-64.6
64,90,16.88,-15.364,-65.83
64,90,17.04,-12.796,-64.05
64,90,17.2,-10.48,-62.91
64,90,17.36,-16.986,-69.63
64,90,17.52,-13.616,-66.15
64,90,17.68,-13.702,-66.78
64,90,17.84,-15.908,-68.82
64,90,18,-16.25,-69.06
65,90,2,-5.05,-26.84
65,90,2.16,-2.868,-26.28
65,90,2.32,-5.476,-31.13
65,90,2.48,-5.944,-33.19
65,90,2.64,-4.518,-33.23
65,90,2.8,-5.97,-33.03
65,90,2.96,-2.228,-30.54
65,90,3.12,-3.166,-31.4
65,90,3.28,-4.532,-34.55
65,90,3.44,-5.082,-33.73
65,90,3.6,-3.17,-30.62
65,90,3.76,-3.734,-33.22
65,90,3.92,-4.992,-32.54
65,90,4.08,-5.782,-33.45
65,90,4.24,-7.23599999999999,-36.26
65,90,4.4,-6.83,-36.64
65,90,4.56,-7.366,-37.18
65,90,4.72,-4.464,-34.45
65,90,4.88,-7.66,-37.79
65,90,5.04,-3.51,-33.56
65,90,5.2,-3.06,-34.48
65,90,5.36,-6.41,-37.21
65,90,5.52,-5.588,-35.87
65,90,5.68,-8.82,-40.19
65,90,5.84,-7.472,-38.92
65,90,6,-8.81,-40.35
65,90,6.16,-8.43,-40.47
65,90,6.32,-9.528,-43.02
65,90,6.48,-10.886,-44.97
65,90,6.64,-11.928,-46.32
65,90,6.8,-14.44,-47.94
65,90,6.96,-11.762,-46.09
65,90,7.12,-19.806,-54.4
65,90,7.28,-14.382,-48.76
65,90,7.44,-15.356,-49.69
65,90,7.6,-12.84,-46.24
65,90,7.76,-10.558,-45.78
65,90,7.92,-9.962,-44.59
65,90,8.08,-8.146,-42.95
65,90,8.24,-6.542,-41.65
65,90,8.4,-7.87,-43.25
65,90,8.56,-8.142,-44.42
65,90,8.72,-8.968,-46.27
65,90,8.88,-8.658,-45.8
65,90,9.04,-11.304,-49.09
65,90,9.2,-13.67,-52.53
65,90,9.36,-15.154,-53.22
65,90,9.52,-12.832,-51.21
65,90,9.68,-15.58,-54.47
65,90,9.84,-15.296,-54.41
65,90,10,-15.2,-54.27
65,90,10.16,-22.178,-61.82
65,90,10.32,-12.322,-51.95
65,90,10.48,-10.658,-50.19
65,90,10.64,-15.138,-55.15
65,90,10.8,-18.68,-58.95
65,90,10.96,-14.556,-54.54
65,90,11.12,-13.226,-53.47
65,90,11.28,-15.526,-55.97
65,90,11.44,-18.382,-59.13
65,90,11.6,-24.1,-64.97
65,90,11.76,-22.694,-63.81
65,90,11.92,-16.834,-57.96
65,90,12.08,-19.2,-61.39
65,90,12.24,-19.324,-61.58
65,90,12.4,-14.2,-56.86
65,90,12.56,-12.99,-57.06
65,90,12.72,-15.294,-59.85
65,90,12.88,-17.696,-62.9
65,90,13.04,-13.248,-59.75
65,90,13.2,-16.24,-63.02
65,90,13.36,-26.374,-72.59
65,90,13.52,-21.882,-67.89
65,90,13.68,-15.8,-62.48
65,90,13.84,-17.798,-65.28
65,90,14,-12.53,-60.38
65,90,14.16,-9.166,-57.39
65,90,14.32,-7.40600000000001,-56.36
65,90,14.48,-9.20399999999999,-61.03
65,90,14.64,-6.86400000000001,-56.32
65,90,14.8,-9.26000000000001,-57.27
65,90,14.96,-8.772,-55.9
65,90,15.12,-9.9,-56.33
65,90,15.28,-10.79,-57.34
65,90,15.44,-13.826,-60.14
65,90,15.6,-14.65,-61.28
65,90,15.76,-15.758,-62.95
65,90,15.92,-17.702,-64.88
65,90,16.08,-24.652,-72.11
65,90,16.24,-29.174,-77.3
65,90,16.4,-16.2,-66.01
65,90,16.56,-18.178,-67.11
65,90,16.72,-18.638,-68.12
65,90,16.88,-13.724,-64.19
65,90,17.04,-11.186,-62.44
65,90,17.2,-9.56,-61.99
65,90,17.36,-16.286,-68.93
65,90,17.52,-24.026,-76.56
65,90,17.68,-18.382,-71.46
65,90,17.84,-22.748,-75.66
65,90,18,-16.07,-68.88
66,90,2,-4.97,-26.76
66,90,2.16,-2.808,-26.22
66,90,2.32,-5.336,-30.99
66,90,2.48,-5.704,-32.95
66,90,2.64,-4.538,-33.25
66,90,2.8,-6.25,-33.31
66,90,2.96,-2.078,-30.39
66,90,3.12,-3.536,-31.77
66,90,3.28,-4.922,-34.94
66,90,3.44,-5.772,-34.42
66,90,3.6,-3.72,-31.17
66,90,3.76,-3.794,-33.28
66,90,3.92,-5.11199999999999,-32.66
66,90,4.08,-6.602,-34.27
66,90,4.24,-7.506,-36.53
66,90,4.4,-7.33,-37.14
66,90,4.56,-8.586,-38.4
66,90,4.72,-5.334,-35.32
66,90,4.88,-9.19,-39.32
66,90,5.04,-4.98999999999999,-35.04
66,90,5.2,-4.1,-35.52
66,90,5.36,-6.81,-37.61
66,90,5.52,-7.188,-37.47
66,90,5.68,-8.43,-39.8
66,90,5.84,-8.312,-39.76
66,90,6,-9.82,-41.36
66,90,6.16,-8.45,-40.49
66,90,6.32,-9.398,-42.89
66,90,6.48,-9.666,-43.75
66,90,6.64,-10.768,-45.16
66,90,6.8,-14.33,-47.83
66,90,6.96,-11.232,-45.56
66,90,7.12,-16.856,-51.45
66,90,7.28,-13.842,-48.22
66,90,7.44,-16.246,-50.58
66,90,7.6,-14.02,-47.42
66,90,7.76,-11.778,-47
66,90,7.92,-10.772,-45.4
66,90,8.08,-8.276,-43.08
66,90,8.24,-6.942,-42.05
66,90,8.4,-8.51,-43.89
66,90,8.56,-8.682,-44.96
66,90,8.72,-8.628,-45.93
66,90,8.88,-8.648,-45.79
66,90,9.04,-11.934,-49.72
66,90,9.2,-11.64,-50.5
66,90,9.36,-17.814,-55.88
66,90,9.52,-16.842,-55.22
66,90,9.68,-14.71,-53.6
66,90,9.84,-18.886,-58
66,90,10,-17.29,-56.36
66,90,10.16,-23.798,-63.44
66,90,10.32,-12.332,-51.96
66,90,10.48,-11.058,-50.59
66,90,10.64,-13.988,-54
66,90,10.8,-19.52,-59.79
66,90,10.96,-12.816,-52.8
66,90,11.12,-11.946,-52.19
66,90,11.28,-14.206,-54.65
66,90,11.44,-15.602,-56.35
66,90,11.6,-18.13,-59
66,90,11.76,-17.404,-58.52
66,90,11.92,-16.844,-57.97
66,90,12.08,-18.44,-60.63
66,90,12.24,-17.614,-59.87
66,90,12.4,-15.23,-57.89
66,90,12.56,-14.45,-58.52
66,90,12.72,-16.524,-61.08
66,90,12.88,-17.436,-62.64
66,90,13.04,-14.808,-61.31
66,90,13.2,-14.43,-61.21
66,90,13.36,-20.434,-66.65
66,90,13.52,-17.762,-63.77
66,90,13.68,-18.45,-65.13
66,90,13.84,-14.488,-61.97
66,90,14,-11.97,-59.82
66,90,14.16,-9.316,-57.54
66,90,14.32,-7.096,-56.05
66,90,14.48,-8.96399999999999,-60.79
66,90,14.64,-7.70400000000001,-57.16
66,90,14.8,-8.61,-56.62
66,90,14.96,-8.772,-55.9
66,90,15.12,-9.19,-55.62
66,90,15.28,-10.84,-57.39
66,90,15.44,-12.856,-59.17
66,90,15.6,-12.14,-58.77
66,90,15.76,-15.378,-62.57
66,90,15.92,-21.532,-68.71
66,90,16.08,-20.552,-68.01
66,90,16.24,-19.984,-68.11
66,90,16.4,-17.27,-67.08
66,90,16.56,-20.408,-69.34
66,90,16.72,-18.998,-68.48
66,90,16.88,-12.184,-62.65
66,90,17.04,-16.576,-67.83
66,90,17.2,-15.1,-67.53
66,90,17.36,-18.186,-70.83
66,90,17.52,-15.056,-67.59
66,90,17.68,-21.972,-75.05
66,90,17.84,-18.278,-71.19
66,90,18,-18.15,-70.96
67,90,2,-4.78,-26.57
67,90,2.16,-2.798,-26.21
67,90,2.32,-5.136,-30.79
67,90,2.48,-5.354,-32.6
67,90,2.64,-4.558,-33.27
67,90,2.8,-6.29,-33.35
67,90,2.96,-1.948,-30.26
67,90,3.12,-3.716,-31.95
67,90,3.28,-5.282,-35.3
67,90,3.44,-6.992,-35.64
67,90,3.6,-4.25,-31.7
67,90,3.76,-3.954,-33.44
67,90,3.92,-5.012,-32.56
67,90,4.08,-7.112,-34.78
67,90,4.24,-7.996,-37.02
67,90,4.4,-7.4,-37.21
67,90,4.56,-9.846,-39.66
67,90,4.72,-6.05399999999999,-36.04
67,90,4.88,-10.77,-40.9
67,90,5.04,-6.67999999999999,-36.73
67,90,5.2,-5.76,-37.18
67,90,5.36,-7.35,-38.15
67,90,5.52,-9.128,-39.41
67,90,5.68,-8.01000000000001,-39.38
67,90,5.84,-9.032,-40.48
67,90,6,-11.65,-43.19
67,90,6.16,-8.8,-40.84
67,90,6.32,-8.91799999999999,-42.41
67,90,6.48,-8.796,-42.88
67,90,6.64,-10.398,-44.79
67,90,6.8,-12.92,-46.42
67,90,6.96,-10.882,-45.21
67,90,7.12,-15.886,-50.48
67,90,7.28,-12.542,-46.92
67,90,7.44,-14.296,-48.63
67,90,7.6,-14.58,-47.98
67,90,7.76,-14.818,-50.04
67,90,7.92,-11.822,-46.45
67,90,8.08,-9.256,-44.06
67,90,8.24,-7.73200000000001,-42.84
67,90,8.4,-9.14,-44.52
67,90,8.56,-9.742,-46.02
67,90,8.72,-9.128,-46.43
67,90,8.88,-8.818,-45.96
67,90,9.04,-13.654,-51.44
67,90,9.2,-11.92,-50.78
67,90,9.36,-14.594,-52.66
67,90,9.52,-25.172,-63.55
67,90,9.68,-14.23,-53.12
67,90,9.84,-19.286,-58.4
67,90,10,-27.46,-66.53
67,90,10.16,-22.858,-62.5
67,90,10.32,-14.272,-53.9
67,90,10.48,-15.448,-54.98
67,90,10.64,-14.738,-54.75
67,90,10.8,-19.46,-59.73
67,90,10.96,-11.216,-51.2
67,90,11.12,-12.186,-52.43
67,90,11.28,-15.186,-55.63
67,90,11.44,-15.642,-56.39
67,90,11.6,-15.94,-56.81
67,90,11.76,-16.374,-57.49
67,90,11.92,-14.984,-56.11
67,90,12.08,-14.73,-56.92
67,90,12.24,-16.284,-58.54
67,90,12.4,-15.15,-57.81
67,90,12.56,-13.62,-57.69
67,90,12.72,-17.834,-62.39
67,90,12.88,-17.126,-62.33
67,90,13.04,-18.848,-65.35
67,90,13.2,-15.33,-62.11
67,90,13.36,-21.734,-67.95
67,90,13.52,-17.872,-63.88
67,90,13.68,-17.05,-63.73
67,90,13.84,-15.838,-63.32
67,90,14,-11.48,-59.33
67,90,14.16,-10.546,-58.77
67,90,14.32,-7.54600000000001,-56.5
67,90,14.48,-8.35399999999999,-60.18
67,90,14.64,-7.09400000000001,-56.55
67,90,14.8,-6.5,-54.51
67,90,14.96,-9.052,-56.18
67,90,15.12,-10.55,-56.98
67,90,15.28,-9.83000000000001,-56.38
67,90,15.44,-12.386,-58.7
67,90,15.6,-10.91,-57.54
67,90,15.76,-15.638,-62.83
67,90,15.92,-15.622,-62.8
67,90,16.08,-17.382,-64.84
67,90,16.24,-20.614,-68.74
67,90,16.4,-16.8,-66.61
67,90,16.56,-21.978,-70.91
67,90,16.72,-16.468,-65.95
67,90,16.88,-13.674,-64.14
67,90,17.04,-13.176,-64.43
67,90,17.2,-10.72,-63.15
67,90,17.36,-17.416,-70.06
67,90,17.52,-21.056,-73.59
67,90,17.68,-19.202,-72.28
67,90,17.84,-16.048,-68.96
67,90,18,-18.35,-71.16
68,90,2,-4.73,-26.52
68,90,2.16,-2.698,-26.11
68,90,2.32,-4.996,-30.65
68,90,2.48,-4.924,-32.17
68,90,2.64,-4.398,-33.11
68,90,2.8,-6.05,-33.11
68,90,2.96,-1.778,-30.09
68,90,3.12,-3.986,-32.22
68,90,3.28,-5.582,-35.6
68,90,3.44,-8.352,-37
68,90,3.6,-5.03,-32.48
68,90,3.76,-4.184,-33.67
68,90,3.92,-4.672,-32.22
68,90,4.08,-7.492,-35.16
68,90,4.24,-8.866,-37.89
68,90,4.4,-7.1,-36.91
68,90,4.56,-10.326,-40.14
68,90,4.72,-6.644,-36.63
68,90,4.88,-12.15,-42.28
68,90,5.04,-8.13999999999999,-38.19
68,90,5.2,-7.67,-39.09
68,90,5.36,-7.89,-38.69
68,90,5.52,-11.518,-41.8
68,90,5.68,-7.65000000000001,-39.02
68,90,5.84,-9.462,-40.91
68,90,6,-13.6,-45.14
68,90,6.16,-9.33,-41.37
68,90,6.32,-9.538,-43.03
68,90,6.48,-8.506,-42.59
68,90,6.64,-10.208,-44.6
68,90,6.8,-11.1,-44.6
68,90,6.96,-10.952,-45.28
68,90,7.12,-15.366,-49.96
68,90,7.28,-12.272,-46.65
68,90,7.44,-12.756,-47.09
68,90,7.6,-13.11,-46.51
68,90,7.76,-15.928,-51.15
68,90,7.92,-13.612,-48.24
68,90,8.08,-10.256,-45.06
68,90,8.24,-9.122,-44.23
68,90,8.4,-9.57,-44.95
68,90,8.56,-10.802,-47.08
68,90,8.72,-10.268,-47.57
68,90,8.88,-8.578,-45.72
68,90,9.04,-13.544,-51.33
68,90,9.2,-14.8,-53.66
68,90,9.36,-12.284,-50.35
68,90,9.52,-23.602,-61.98
68,90,9.68,-15.63,-54.52
68,90,9.84,-14.416,-53.53
68,90,10,-21.07,-60.14
68,90,10.16,-21.988,-61.63
68,90,10.32,-18.662,-58.29
68,90,10.48,-22.268,-61.8
68,90,10.64,-16.678,-56.69
68,90,10.8,-16.43,-56.7
68,90,10.96,-13.156,-53.14
68,90,11.12,-14.416,-54.66
68,90,11.28,-16.446,-56.89
68,90,11.44,-15.172,-55.92
68,90,11.6,-15.19,-56.06
68,90,11.76,-13.774,-54.89
68,90,11.92,-15.084,-56.21
68,90,12.08,-12.74,-54.93
68,90,12.24,-15.574,-57.83
68,90,12.4,-15.34,-58
68,90,12.56,-14.7,-58.77
68,90,12.72,-22.244,-66.8
68,90,12.88,-18.956,-64.16
68,90,13.04,-20.478,-66.98
68,90,13.2,-17.3,-64.08
68,90,13.36,-21.124,-67.34
68,90,13.52,-18.822,-64.83
68,90,13.68,-17.18,-63.86
68,90,13.84,-14.998,-62.48
68,90,14,-12.34,-60.19
68,90,14.16,-9.196,-57.42
68,90,14.32,-9.74600000000001,-58.7
68,90,14.48,-10.004,-61.83
68,90,14.64,-7.63400000000001,-57.09
68,90,14.8,-5.97,-53.98
68,90,14.96,-9.202,-56.33
68,90,15.12,-11.3,-57.73
68,90,15.28,-9.97000000000001,-56.52
68,90,15.44,-11.036,-57.35
68,90,15.6,-12.27,-58.9
68,90,15.76,-16.188,-63.38
68,90,15.92,-16.252,-63.43
68,90,16.08,-16.612,-64.07
68,90,16.24,-17.214,-65.34
68,90,16.4,-22.1,-71.91
68,90,16.56,-19.238,-68.17
68,90,16.72,-16.998,-66.48
68,90,16.88,-13.814,-64.28
68,90,17.04,-13.056,-64.31
68,90,17.2,-14.59,-67.02
68,90,17.36,-21.096,-73.74
68,90,17.52,-20.356,-72.89
68,90,17.68,-21.522,-74.6
68,90,17.84,-23.078,-75.99
68,90,18,-35.75,-88.56
69,90,2,-4.49,-26.28
69,90,2.16,-2.658,-26.07
69,90,2.32,-4.756,-30.41
69,90,2.48,-4.544,-31.79
69,90,2.64,-4.428,-33.14
69,90,2.8,-5.81,-32.87
69,90,2.96,-1.608,-29.92
69,90,3.12,-3.936,-32.17
69,90,3.28,-5.782,-35.8
69,90,3.44,-9.832,-38.48
69,90,3.6,-5.92,-33.37
69,90,3.76,-4.57400000000001,-34.06
69,90,3.92,-4.432,-31.98
69,90,4.08,-7.552,-35.22
69,90,4.24,-9.77599999999999,-38.8
69,90,4.4,-6.92,-36.73
69,90,4.56,-10.966,-40.78
69,90,4.72,-6.92399999999999,-36.91
69,90,4.88,-12.22,-42.35
69,90,5.04,-9.09999999999999,-39.15
69,90,5.2,-9.86,-41.28
69,90,5.36,-8.95,-39.75
69,90,5.52,-13.698,-43.98
69,90,5.68,-7.67,-39.04
69,90,5.84,-9.392,-40.84
69,90,6,-16.35,-47.89
69,90,6.16,-10.31,-42.35
69,90,6.32,-10.088,-43.58
69,90,6.48,-9.006,-43.09
69,90,6.64,-10.448,-44.84
69,90,6.8,-9.38,-42.88
69,90,6.96,-10.742,-45.07
69,90,7.12,-14.666,-49.26
69,90,7.28,-11.812,-46.19
69,90,7.44,-12.096,-46.43
69,90,7.6,-11.89,-45.29
69,90,7.76,-15.368,-50.59
69,90,7.92,-14.562,-49.19
69,90,8.08,-11.216,-46.02
69,90,8.24,-11.312,-46.42
69,90,8.4,-10.3,-45.68
69,90,8.56,-11.302,-47.58
69,90,8.72,-11.618,-48.92
69,90,8.88,-8.59800000000001,-45.74
69,90,9.04,-13.214,-51
69,90,9.2,-17.97,-56.83
69,90,9.36,-11.574,-49.64
69,90,9.52,-19.772,-58.15
69,90,9.68,-16.36,-55.25
69,90,9.84,-12.516,-51.63
69,90,10,-17.45,-56.52
69,90,10.16,-23.228,-62.87
69,90,10.32,-21.042,-60.67
69,90,10.48,-26.938,-66.47
69,90,10.64,-18.758,-58.77
69,90,10.8,-15.35,-55.62
69,90,10.96,-16.126,-56.11
69,90,11.12,-17.306,-57.55
69,90,11.28,-17.416,-57.86
69,90,11.44,-16.162,-56.91
69,90,11.6,-13.82,-54.69
69,90,11.76,-15.494,-56.61
69,90,11.92,-16.884,-58.01
69,90,12.08,-12,-54.19
69,90,12.24,-12.854,-55.11
69,90,12.4,-13.93,-56.59
69,90,12.56,-13.84,-57.91
69,90,12.72,-16.444,-61
69,90,12.88,-18.786,-63.99
69,90,13.04,-17.168,-63.67
69,90,13.2,-27.86,-74.64
69,90,13.36,-28.854,-75.07
69,90,13.52,-17.912,-63.92
69,90,13.68,-20,-66.68
69,90,13.84,-14.858,-62.34
69,90,14,-13.35,-61.2
69,90,14.16,-9.416,-57.64
69,90,14.32,-12.316,-61.27
69,90,14.48,-9.71399999999999,-61.54
69,90,14.64,-8.57400000000001,-58.03
69,90,14.8,-8.32,-56.33
69,90,14.96,-10.562,-57.69
69,90,15.12,-11.62,-58.05
69,90,15.28,-10.23,-56.78
69,90,15.44,-11.376,-57.69
69,90,15.6,-13.04,-59.67
69,90,15.76,-15.958,-63.15
69,90,15.92,-18.632,-65.81
69,90,16.08,-17.412,-64.87
69,90,16.24,-13.934,-62.06
69,90,16.4,-19.49,-69.3
69,90,16.56,-31.408,-80.34
69,90,16.72,-16.198,-65.68
69,90,16.88,-15.224,-65.69
69,90,17.04,-13.486,-64.74
69,90,17.2,-14.43,-66.86
69,90,17.36,-23.956,-76.6
69,90,17.52,-21.306,-73.84
69,90,17.68,-19.072,-72.15
69,90,17.84,-24.608,-77.52
69,90,18,-28.54,-81.35
70,90,2,-4.33,-26.12
70,90,2.16,-2.628,-26.04
70,90,2.32,-4.566,-30.22
70,90,2.48,-4.114,-31.36
70,90,2.64,-4.408,-33.12
70,90,2.8,-5.41,-32.47
70,90,2.96,-1.418,-29.73
70,90,3.12,-4.006,-32.24
70,90,3.28,-5.762,-35.78
70,90,3.44,-11.222,-39.87
70,90,3.6,-7.1,-34.55
70,90,3.76,-5.204,-34.69
70,90,3.92,-4.342,-31.89
70,90,4.08,-7.322,-34.99
70,90,4.24,-11.096,-40.12
70,90,4.4,-6.57,-36.38
70,90,4.56,-11.236,-41.05
70,90,4.72,-7.23399999999999,-37.22
70,90,4.88,-11.86,-41.99
70,90,5.04,-8.9,-38.95
70,90,5.2,-12.29,-43.71
70,90,5.36,-10.47,-41.27
70,90,5.52,-15.828,-46.11
70,90,5.68,-8.15000000000001,-39.52
70,90,5.84,-9.212,-40.66
70,90,6,-18.2,-49.74
70,90,6.16,-11.74,-43.78
70,90,6.32,-11.108,-44.6
70,90,6.48,-9.806,-43.89
70,90,6.64,-11.248,-45.64
70,90,6.8,-8.53,-42.03
70,90,6.96,-10.272,-44.6
70,90,7.12,-13.666,-48.26
70,90,7.28,-11.702,-46.08
70,90,7.44,-11.606,-45.94
70,90,7.6,-11.11,-44.51
70,90,7.76,-13.828,-49.05
70,90,7.92,-13.582,-48.21
70,90,8.08,-11.336,-46.14
70,90,8.24,-12.882,-47.99
70,90,8.4,-11.97,-47.35
70,90,8.56,-12.102,-48.38
70,90,8.72,-13.808,-51.11
70,90,8.88,-9.588,-46.73
70,90,9.04,-12.114,-49.9
70,90,9.2,-18.02,-56.88
70,90,9.36,-12.484,-50.55
70,90,9.52,-17.822,-56.2
70,90,9.68,-17.22,-56.11
70,90,9.84,-12.556,-51.67
70,90,10,-16.59,-55.66
70,90,10.16,-27.748,-67.39
70,90,10.32,-18.332,-57.96
70,90,10.48,-20.128,-59.66
70,90,10.64,-27.378,-67.39
70,90,10.8,-17.84,-58.11
70,90,10.96,-16.866,-56.85
70,90,11.12,-29.416,-69.66
70,90,11.28,-21.426,-61.87
70,90,11.44,-15.762,-56.51
70,90,11.6,-16.85,-57.72
70,90,11.76,-15.124,-56.24
70,90,11.92,-16.834,-57.96
70,90,12.08,-12.19,-54.38
70,90,12.24,-11.684,-53.94
70,90,12.4,-14.98,-57.64
70,90,12.56,-13.28,-57.35
70,90,12.72,-19.774,-64.33
70,90,12.88,-20.106,-65.31
70,90,13.04,-17.938,-64.44
70,90,13.2,-24.26,-71.04
70,90,13.36,-21.754,-67.97
70,90,13.52,-24.832,-70.84
70,90,13.68,-18.3,-64.98
70,90,13.84,-14.328,-61.81
70,90,14,-16.94,-64.79
70,90,14.16,-10.556,-58.78
70,90,14.32,-11.786,-60.74
70,90,14.48,-10.114,-61.94
70,90,14.64,-9.78400000000001,-59.24
70,90,14.8,-12.56,-60.57
70,90,14.96,-12.292,-59.42
70,90,15.12,-11.54,-57.97
70,90,15.28,-11.36,-57.91
70,90,15.44,-13.576,-59.89
70,90,15.6,-15.42,-62.05
70,90,15.76,-13.478,-60.67
70,90,15.92,-19.342,-66.52
70,90,16.08,-18.432,-65.89
70,90,16.24,-12.574,-60.7
70,90,16.4,-19.5,-69.31
70,90,16.56,-17.708,-66.64
70,90,16.72,-19.398,-68.88
70,90,16.88,-13.934,-64.4
70,90,17.04,-12.986,-64.24
70,90,17.2,-14.06,-66.49
70,90,17.36,-19.106,-71.75
70,90,17.52,-22.596,-75.13
70,90,17.68,-18.252,-71.33
70,90,17.84,-36.198,-89.11
70,90,18,-49.36,-102.17
71,90,2,-4.19,-25.98
71,90,2.16,-2.598,-26.01
71,90,2.32,-4.396,-30.05
71,90,2.48,-3.724,-30.97
71,90,2.64,-4.478,-33.19
71,90,2.8,-5.14,-32.2
71,90,2.96,-1.288,-29.6
71,90,3.12,-3.936,-32.17
71,90,3.28,-5.582,-35.6
71,90,3.44,-11.262,-39.91
71,90,3.6,-8.27,-35.72
71,90,3.76,-6.134,-35.62
71,90,3.92,-4.592,-32.14
71,90,4.08,-7.222,-34.89
71,90,4.24,-12.806,-41.83
71,90,4.4,-6.76,-36.57
71,90,4.56,-11.396,-41.21
71,90,4.72,-7.544,-37.53
71,90,4.88,-11.02,-41.15
71,90,5.04,-8.52,-38.57
71,90,5.2,-13.26,-44.68
71,90,5.36,-12.57,-43.37
71,90,5.52,-16.808,-47.09
71,90,5.68,-9.17,-40.54
71,90,5.84,-9.462,-40.91
71,90,6,-19.6,-51.14
71,90,6.16,-12.6,-44.64
71,90,6.32,-12.668,-46.16
71,90,6.48,-10.826,-44.91
71,90,6.64,-12.588,-46.98
71,90,6.8,-8.42,-41.92
71,90,6.96,-10.062,-44.39
71,90,7.12,-11.696,-46.29
71,90,7.28,-12.192,-46.57
71,90,7.44,-11.056,-45.39
71,90,7.6,-10.93,-44.33
71,90,7.76,-13.298,-48.52
71,90,7.92,-11.942,-46.57
71,90,8.08,-10.106,-44.91
71,90,8.24,-12.982,-48.09
71,90,8.4,-14.39,-49.77
71,90,8.56,-13.702,-49.98
71,90,8.72,-14.248,-51.55
71,90,8.88,-10.268,-47.41
71,90,9.04,-11.894,-49.68
71,90,9.2,-15.2,-54.06
71,90,9.36,-14.474,-52.54
71,90,9.52,-16.632,-55.01
71,90,9.68,-17.15,-56.04
71,90,9.84,-13.476,-52.59
71,90,10,-16.53,-55.6
71,90,10.16,-18.058,-57.7
71,90,10.32,-14.492,-54.12
71,90,10.48,-17.818,-57.35
71,90,10.64,-35.588,-75.6
71,90,10.8,-25.06,-65.33
71,90,10.96,-16.756,-56.74
71,90,11.12,-26.806,-67.05
71,90,11.28,-31.296,-71.74
71,90,11.44,-15.602,-56.35
71,90,11.6,-20.48,-61.35
71,90,11.76,-17.544,-58.66
71,90,11.92,-16.984,-58.11
71,90,12.08,-13.41,-55.6
71,90,12.24,-12.014,-54.27
71,90,12.4,-15.87,-58.53
71,90,12.56,-14.47,-58.54
71,90,12.72,-15.384,-59.94
71,90,12.88,-21.486,-66.69
71,90,13.04,-16.138,-62.64
71,90,13.2,-20.83,-67.61
71,90,13.36,-22.034,-68.25
71,90,13.52,-24.282,-70.29
71,90,13.68,-26.57,-73.25
71,90,13.84,-15.278,-62.76
71,90,14,-18.2,-66.05
71,90,14.16,-10.186,-58.41
71,90,14.32,-14.026,-62.98
71,90,14.48,-9.48399999999999,-61.31
71,90,14.64,-11.674,-61.13
71,90,14.8,-13.27,-61.28
71,90,14.96,-16.462,-63.59
71,90,15.12,-12.81,-59.24
71,90,15.28,-13.06,-59.61
71,90,15.44,-18.546,-64.86
71,90,15.6,-17.52,-64.15
71,90,15.76,-16.008,-63.2
71,90,15.92,-16.702,-63.88
71,90,16.08,-21.432,-68.89
71,90,16.24,-15.954,-64.08
71,90,16.4,-19.02,-68.83
71,90,16.56,-23.258,-72.19
71,90,16.72,-19.388,-68.87
71,90,16.88,-16.544,-67.01
71,90,17.04,-18.926,-70.18
71,90,17.2,-19.25,-71.68
71,90,17.36,-15.116,-67.76
71,90,17.52,-19.936,-72.47
71,90,17.68,-18.172,-71.25
71,90,17.84,-29.938,-82.85
71,90,18,-24.53,-77.34
72,90,2,-4.05,-25.84
72,90,2.16,-2.588,-26
72,90,2.32,-4.236,-29.89
72,90,2.48,-3.224,-30.47
72,90,2.64,-4.428,-33.14
72,90,2.8,-4.9,-31.96
72,90,2.96,-1.108,-29.42
72,90,3.12,-3.876,-32.11
72,90,3.28,-5.402,-35.42
72,90,3.44,-10.272,-38.92
72,90,3.6,-9.96,-37.41
72,90,3.76,-7.444,-36.93
72,90,3.92,-5.122,-32.67
72,90,4.08,-6.962,-34.63
72,90,4.24,-14.566,-43.59
72,90,4.4,-6.98,-36.79
72,90,4.56,-11.446,-41.26
72,90,4.72,-8.264,-38.25
72,90,4.88,-10.22,-40.35
72,90,5.04,-8.31999999999999,-38.37
72,90,5.2,-12.6,-44.02
72,90,5.36,-15.43,-46.23
72,90,5.52,-17.118,-47.4
72,90,5.68,-10.57,-41.94
72,90,5.84,-10.002,-41.45
72,90,6,-20.22,-51.76
72,90,6.16,-14.59,-46.63
72,90,6.32,-13.838,-47.33
72,90,6.48,-12.406,-46.49
72,90,6.64,-13.848,-48.24
72,90,6.8,-9.12,-42.62
72,90,6.96,-10.172,-44.5
72,90,7.12,-10.876,-45.47
72,90,7.28,-11.512,-45.89
72,90,7.44,-10.246,-44.58
72,90,7.6,-11.47,-44.87
72,90,7.76,-13.068,-48.29
72,90,7.92,-11.472,-46.1
72,90,8.08,-9.336,-44.14
72,90,8.24,-11.202,-46.31
72,90,8.4,-14.85,-50.23
72,90,8.56,-16.302,-52.58
72,90,8.72,-14.678,-51.98
72,90,8.88,-13.208,-50.35
72,90,9.04,-12.224,-50.01
72,90,9.2,-12.89,-51.75
72,90,9.36,-14.564,-52.63
72,90,9.52,-16.712,-55.09
72,90,9.68,-16.75,-55.64
72,90,9.84,-15.246,-54.36
72,90,10,-16.8,-55.87
72,90,10.16,-14.458,-54.1
72,90,10.32,-13.082,-52.71
72,90,10.48,-18.368,-57.9
72,90,10.64,-23.868,-63.88
72,90,10.8,-19.52,-59.79
72,90,10.96,-16.256,-56.24
72,90,11.12,-20.216,-60.46
72,90,11.28,-27.746,-68.19
72,90,11.44,-17.272,-58.02
72,90,11.6,-20.25,-61.12
72,90,11.76,-20.544,-61.66
72,90,11.92,-17.254,-58.38
72,90,12.08,-16.52,-58.71
72,90,12.24,-13.604,-55.86
72,90,12.4,-15.21,-57.87
72,90,12.56,-17.35,-61.42
72,90,12.72,-17.314,-61.87
72,90,12.88,-18.626,-63.83
72,90,13.04,-16.958,-63.46
72,90,13.2,-20.92,-67.7
72,90,13.36,-22.794,-69.01
72,90,13.52,-25.142,-71.15
72,90,13.68,-19.8,-66.48
72,90,13.84,-18.998,-66.48
72,90,14,-16.94,-64.79
72,90,14.16,-13.966,-62.19
72,90,14.32,-11.846,-60.8
72,90,14.48,-7.73399999999999,-59.56
72,90,14.64,-9.82400000000001,-59.28
72,90,14.8,-13.84,-61.85
72,90,14.96,-16.582,-63.71
72,90,15.12,-12.38,-58.81
72,90,15.28,-18.73,-65.28
72,90,15.44,-24.276,-70.59
72,90,15.6,-18.35,-64.98
72,90,15.76,-19.818,-67.01
72,90,15.92,-20.662,-67.84
72,90,16.08,-15.522,-62.98
72,90,16.24,-16.114,-64.24
72,90,16.4,-13.62,-63.43
72,90,16.56,-19.118,-68.05
72,90,16.72,-19.208,-68.69
72,90,16.88,-25.104,-75.57
72,90,17.04,-28.936,-80.19
72,90,17.2,-17.13,-69.56
72,90,17.36,-21.666,-74.31
72,90,17.52,-14.506,-67.04
72,90,17.68,-19.722,-72.8
72,90,17.84,-19.198,-72.11
72,90,18,-21.04,-73.85
73,90,2,-3.97,-25.76
73,90,2.16,-2.588,-26
73,90,2.32,-4.046,-29.7
73,90,2.48,-2.884,-30.13
73,90,2.64,-4.478,-33.19
73,90,2.8,-4.54,-31.6
73,90,2.96,-0.918000000000003,-29.23
73,90,3.12,-3.746,-31.98
73,90,3.28,-4.912,-34.93
73,90,3.44,-8.462,-37.11
73,90,3.6,-11.64,-39.09
73,90,3.76,-8.874,-38.36
73,90,3.92,-5.962,-33.51
73,90,4.08,-7.082,-34.75
73,90,4.24,-15.596,-44.62
73,90,4.4,-7.52,-37.33
73,90,4.56,-11.726,-41.54
73,90,4.72,-9.224,-39.21
73,90,4.88,-9.9,-40.03
73,90,5.04,-8.81,-38.86
73,90,5.2,-11.32,-42.74
73,90,5.36,-17.2,-48
73,90,5.52,-18.098,-48.38
73,90,5.68,-13.11,-44.48
73,90,5.84,-11.362,-42.81
73,90,6,-19.73,-51.27
73,90,6.16,-15.37,-47.41
73,90,6.32,-15.038,-48.53
73,90,6.48,-13.416,-47.5
73,90,6.64,-15.198,-49.59
73,90,6.8,-10.33,-43.83
73,90,6.96,-11.012,-45.34
73,90,7.12,-10.326,-44.92
73,90,7.28,-11.102,-45.48
73,90,7.44,-9.696,-44.03
73,90,7.6,-11.65,-45.05
73,90,7.76,-12.438,-47.66
73,90,7.92,-10.832,-45.46
73,90,8.08,-9.10599999999999,-43.91
73,90,8.24,-9.992,-45.1
73,90,8.4,-13.15,-48.53
73,90,8.56,-17.402,-53.68
73,90,8.72,-15.898,-53.2
73,90,8.88,-16.088,-53.23
73,90,9.04,-14.574,-52.36
73,90,9.2,-12.24,-51.1
73,90,9.36,-13.594,-51.66
73,90,9.52,-17.492,-55.87
73,90,9.68,-16.24,-55.13
73,90,9.84,-18.846,-57.96
73,90,10,-16.03,-55.1
73,90,10.16,-13.828,-53.47
73,90,10.32,-12.932,-52.56
73,90,10.48,-19.998,-59.53
73,90,10.64,-21.928,-61.94
73,90,10.8,-16.25,-56.52
73,90,10.96,-17.576,-57.56
73,90,11.12,-18.606,-58.85
73,90,11.28,-22.046,-62.49
73,90,11.44,-18.272,-59.02
73,90,11.6,-17.76,-58.63
73,90,11.76,-24.404,-65.52
73,90,11.92,-16.644,-57.77
73,90,12.08,-16.82,-59.01
73,90,12.24,-19.454,-61.71
73,90,12.4,-15.74,-58.4
73,90,12.56,-19.22,-63.29
73,90,12.72,-17.864,-62.42
73,90,12.88,-20.456,-65.66
73,90,13.04,-20.928,-67.43
73,90,13.2,-17.12,-63.9
73,90,13.36,-24.154,-70.37
73,90,13.52,-23.942,-69.95
73,90,13.68,-16.43,-63.11
73,90,13.84,-18.068,-65.55
73,90,14,-20.52,-68.37
73,90,14.16,-17.876,-66.1
73,90,14.32,-11.066,-60.02
73,90,14.48,-9.18399999999999,-61.01
73,90,14.64,-7.80400000000001,-57.26
73,90,14.8,-16.65,-64.66
73,90,14.96,-15.832,-62.96
73,90,15.12,-9.96,-56.39
73,90,15.28,-15.58,-62.13
73,90,15.44,-22.226,-68.54
73,90,15.6,-17.75,-64.38
73,90,15.76,-22.458,-69.65
73,90,15.92,-18.782,-65.96
73,90,16.08,-16.042,-63.5
73,90,16.24,-25.774,-73.9
73,90,16.4,-16.38,-66.19
73,90,16.56,-17.338,-66.27
73,90,16.72,-15.808,-65.29
73,90,16.88,-17.064,-67.53
73,90,17.04,-18.126,-69.38
73,90,17.2,-21.88,-74.31
73,90,17.36,-16.916,-69.56
73,90,17.52,-29.606,-82.14
73,90,17.68,-21.232,-74.31
73,90,17.84,-20.128,-73.04
73,90,18,-24.75,-77.56
74,90,2,-3.87,-25.66
74,90,2.16,-2.628,-26.04
74,90,2.32,-3.846,-29.5
74,90,2.48,-2.564,-29.81
74,90,2.64,-4.468,-33.18
74,90,2.8,-4.33,-31.39
74,90,2.96,-0.828000000000003,-29.14
74,90,3.12,-3.646,-31.88
74,90,3.28,-4.57200000000001,-34.59
74,90,3.44,-6.932,-35.58
74,90,3.6,-13.11,-40.56
74,90,3.76,-10.904,-40.39
74,90,3.92,-7.36199999999999,-34.91
74,90,4.08,-7.562,-35.23
74,90,4.24,-16.576,-45.6
74,90,4.4,-8.22,-38.03
74,90,4.56,-12.156,-41.97
74,90,4.72,-10.554,-40.54
74,90,4.88,-9.62,-39.75
74,90,5.04,-9.88,-39.93
74,90,5.2,-10.2,-41.62
74,90,5.36,-17.41,-48.21
74,90,5.52,-18.248,-48.53
74,90,5.68,-15.67,-47.04
74,90,5.84,-12.732,-44.18
74,90,6,-18.98,-50.52
74,90,6.16,-16.2,-48.24
74,90,6.32,-16.518,-50.01
74,90,6.48,-13.936,-48.02
74,90,6.64,-15.918,-50.31
74,90,6.8,-12.63,-46.13
74,90,6.96,-12.422,-46.75
74,90,7.12,-10.876,-45.47
74,90,7.28,-10.662,-45.04
74,90,7.44,-8.876,-43.21
74,90,7.6,-12.52,-45.92
74,90,7.76,-12.108,-47.33
74,90,7.92,-10.852,-45.48
74,90,8.08,-9.486,-44.29
74,90,8.24,-9.852,-44.96
74,90,8.4,-11.43,-46.81
74,90,8.56,-16.642,-52.92
74,90,8.72,-17.208,-54.51
74,90,8.88,-16.008,-53.15
74,90,9.04,-18.894,-56.68
74,90,9.2,-13.18,-52.04
74,90,9.36,-14.974,-53.04
74,90,9.52,-19.702,-58.08
74,90,9.68,-14.77,-53.66
74,90,9.84,-20.786,-59.9
74,90,10,-16.67,-55.74
74,90,10.16,-15.258,-54.9
74,90,10.32,-14.162,-53.79
74,90,10.48,-19.068,-58.6
74,90,10.64,-19.028,-59.04
74,90,10.8,-16.21,-56.48
74,90,10.96,-18.046,-58.03
74,90,11.12,-19.316,-59.56
74,90,11.28,-18.136,-58.58
74,90,11.44,-19.612,-60.36
74,90,11.6,-16.38,-57.25
74,90,11.76,-25.194,-66.31
74,90,11.92,-19.534,-60.66
74,90,12.08,-17.3,-59.49
74,90,12.24,-30.994,-73.25
74,90,12.4,-19.41,-62.07
74,90,12.56,-19.5,-63.57
74,90,12.72,-25.294,-69.85
74,90,12.88,-19.466,-64.67
74,90,13.04,-18.708,-65.21
74,90,13.2,-21.49,-68.27
74,90,13.36,-19.714,-65.93
74,90,13.52,-20.922,-66.93
74,90,13.68,-23.76,-70.44
74,90,13.84,-13.578,-61.06
74,90,14,-20.31,-68.16
74,90,14.16,-17.756,-65.98
74,90,14.32,-11.846,-60.8
74,90,14.48,-9.20399999999999,-61.03
74,90,14.64,-10.034,-59.49
74,90,14.8,-14.05,-62.06
74,90,14.96,-13.212,-60.34
74,90,15.12,-10.41,-56.84
74,90,15.28,-15.99,-62.54
74,90,15.44,-23.726,-70.04
74,90,15.6,-21.94,-68.57
74,90,15.76,-24.818,-72.01
74,90,15.92,-30.572,-77.75
74,90,16.08,-30.032,-77.49
74,90,16.24,-25.864,-73.99
74,90,16.4,-13.71,-63.52
74,90,16.56,-16.338,-65.27
74,90,16.72,-18.638,-68.12
74,90,16.88,-14.244,-64.71
74,90,17.04,-22.136,-73.39
74,90,17.2,-13.54,-65.97
74,90,17.36,-20.986,-73.63
74,90,17.52,-28.416,-80.95
74,90,17.68,-26.782,-79.86
74,90,17.84,-27.288,-80.2
74,90,18,-21.46,-74.27
75,90,2,-3.74,-25.53
75,90,2.16,-2.678,-26.09
75,90,2.32,-3.626,-29.28
75,90,2.48,-2.224,-29.47
75,90,2.64,-4.448,-33.16
75,90,2.8,-4.2,-31.26
75,90,2.96,-0.698000000000004,-29.01
75,90,3.12,-3.676,-31.91
75,90,3.28,-4.07200000000001,-34.09
75,90,3.44,-5.662,-34.31
75,90,3.6,-14.57,-42.02
75,90,3.76,-12.854,-42.34
75,90,3.92,-9.272,-36.82
75,90,4.08,-8.262,-35.93
75,90,4.24,-17.406,-46.43
75,90,4.4,-9.27,-39.08
75,90,4.56,-12.946,-42.76
75,90,4.72,-12.014,-42
75,90,4.88,-9.86,-39.99
75,90,5.04,-11.57,-41.62
75,90,5.2,-10.03,-41.45
75,90,5.36,-16,-46.8
75,90,5.52,-19.128,-49.41
75,90,5.68,-17.6,-48.97
75,90,5.84,-14.282,-45.73
75,90,6,-19.43,-50.97
75,90,6.16,-16.63,-48.67
75,90,6.32,-18.098,-51.59
75,90,6.48,-15.136,-49.22
75,90,6.64,-16.018,-50.41
75,90,6.8,-14.36,-47.86
75,90,6.96,-14.112,-48.44
75,90,7.12,-11.566,-46.16
75,90,7.28,-10.692,-45.07
75,90,7.44,-8.386,-42.72
75,90,7.6,-11.92,-45.32
75,90,7.76,-11.868,-47.09
75,90,7.92,-10.562,-45.19
75,90,8.08,-10.076,-44.88
75,90,8.24,-10.512,-45.62
75,90,8.4,-10.6,-45.98
75,90,8.56,-15.112,-51.39
75,90,8.72,-19.488,-56.79
75,90,8.88,-15.288,-52.43
75,90,9.04,-30.254,-68.04
75,90,9.2,-13.78,-52.64
75,90,9.36,-17.034,-55.1
75,90,9.52,-20.502,-58.88
75,90,9.68,-14.25,-53.14
75,90,9.84,-19.416,-58.53
75,90,10,-18.59,-57.66
75,90,10.16,-17.218,-56.86
75,90,10.32,-17.192,-56.82
75,90,10.48,-16.568,-56.1
75,90,10.64,-16.808,-56.82
75,90,10.8,-17.34,-57.61
75,90,10.96,-17.686,-57.67
75,90,11.12,-20.146,-60.39
75,90,11.28,-16.736,-57.18
75,90,11.44,-17.782,-58.53
75,90,11.6,-19.26,-60.13
75,90,11.76,-29.284,-70.4
75,90,11.92,-26.094,-67.22
75,90,12.08,-17.92,-60.11
75,90,12.24,-22.014,-64.27
75,90,12.4,-22.07,-64.73
75,90,12.56,-23.16,-67.23
75,90,12.72,-25.294,-69.85
75,90,12.88,-24.986,-70.19
75,90,13.04,-35.038,-81.54
75,90,13.2,-20.58,-67.36
75,90,13.36,-22.544,-68.76
75,90,13.52,-24.352,-70.36
75,90,13.68,-21.27,-67.95
75,90,13.84,-14.028,-61.51
75,90,14,-15.81,-63.66
75,90,14.16,-15.596,-63.82
75,90,14.32,-12.926,-61.88
75,90,14.48,-10.824,-62.65
75,90,14.64,-16.474,-65.93
75,90,14.8,-14.04,-62.05
75,90,14.96,-11.562,-58.69
75,90,15.12,-10.75,-57.18
75,90,15.28,-16.63,-63.18
75,90,15.44,-19.456,-65.77
75,90,15.6,-19.08,-65.71
75,90,15.76,-21.828,-69.02
75,90,15.92,-25.972,-73.15
75,90,16.08,-27.622,-75.08
75,90,16.24,-24.884,-73.01
75,90,16.4,-15.91,-65.72
75,90,16.56,-35.118,-84.05
75,90,16.72,-20.558,-70.04
75,90,16.88,-17.384,-67.85
75,90,17.04,-28.176,-79.43
75,90,17.2,-18.63,-71.06
75,90,17.36,-24.146,-76.79
75,90,17.52,-30.206,-82.74
75,90,17.68,-34.592,-87.67
75,90,17.84,-20.258,-73.17
75,90,18,-26.33,-79.14
76,90,2,-3.72,-25.51
76,90,2.16,-2.768,-26.18
76,90,2.32,-3.456,-29.11
76,90,2.48,-1.964,-29.21
76,90,2.64,-4.528,-33.24
76,90,2.8,-4.04,-31.1
76,90,2.96,-0.638000000000002,-28.95
76,90,3.12,-3.656,-31.89
76,90,3.28,-3.75200000000001,-33.77
76,90,3.44,-4.452,-33.1
76,90,3.6,-14.86,-42.31
76,90,3.76,-14.364,-43.85
76,90,3.92,-11.942,-39.49
76,90,4.08,-9.542,-37.21
76,90,4.24,-19.086,-48.11
76,90,4.4,-10.2,-40.01
76,90,4.56,-14.266,-44.08
76,90,4.72,-14.004,-43.99
76,90,4.88,-10.5,-40.63
76,90,5.04,-14.31,-44.36
76,90,5.2,-10.11,-41.53
76,90,5.36,-14.86,-45.66
76,90,5.52,-19.828,-50.11
76,90,5.68,-17.95,-49.32
76,90,5.84,-15.872,-47.32
76,90,6,-20.15,-51.69
76,90,6.16,-16.49,-48.53
76,90,6.32,-20.458,-53.95
76,90,6.48,-16.106,-50.19
76,90,6.64,-15.148,-49.54
76,90,6.8,-15.86,-49.36
76,90,6.96,-16.132,-50.46
76,90,7.12,-12.276,-46.87
76,90,7.28,-10.862,-45.24
76,90,7.44,-9.196,-43.53
76,90,7.6,-12.54,-45.94
76,90,7.76,-12.078,-47.3
76,90,7.92,-10.132,-44.76
76,90,8.08,-10.926,-45.73
76,90,8.24,-11.392,-46.5
76,90,8.4,-11.73,-47.11
76,90,8.56,-13.152,-49.43
76,90,8.72,-22.698,-60
76,90,8.88,-16.278,-53.42
76,90,9.04,-35.954,-73.74
76,90,9.2,-15.8,-54.66
76,90,9.36,-21.414,-59.48
76,90,9.52,-19.762,-58.14
76,90,9.68,-15.85,-54.74
76,90,9.84,-19.766,-58.88
76,90,10,-19.61,-58.68
76,90,10.16,-21.628,-61.27
76,90,10.32,-19.212,-58.84
76,90,10.48,-16.368,-55.9
76,90,10.64,-17.468,-57.48
76,90,10.8,-18.01,-58.28
76,90,10.96,-17.786,-57.77
76,90,11.12,-19.866,-60.11
76,90,11.28,-17.186,-57.63
76,90,11.44,-13.462,-54.21
76,90,11.6,-17.47,-58.34
76,90,11.76,-26.804,-67.92
76,90,11.92,-22.814,-63.94
76,90,12.08,-21.41,-63.6
76,90,12.24,-19.514,-61.77
76,90,12.4,-36.53,-79.19
76,90,12.56,-30.06,-74.13
76,90,12.72,-40.094,-84.65
76,90,12.88,-26.586,-71.79
76,90,13.04,-29.578,-76.08
76,90,13.2,-24.99,-71.77
76,90,13.36,-21.034,-67.25
76,90,13.52,-22.492,-68.5
76,90,13.68,-20.04,-66.72
76,90,13.84,-15.618,-63.1
76,90,14,-17.55,-65.4
76,90,14.16,-23.316,-71.54
76,90,14.32,-10.226,-59.18
76,90,14.48,-12.104,-63.93
76,90,14.64,-19.474,-68.93
76,90,14.8,-20.03,-68.04
76,90,14.96,-12.722,-59.85
76,90,15.12,-11.09,-57.52
76,90,15.28,-15.06,-61.61
76,90,15.44,-17.666,-63.98
76,90,15.6,-19.81,-66.44
76,90,15.76,-23.598,-70.79
76,90,15.92,-37.442,-84.62
76,90,16.08,-28.992,-76.45
76,90,16.24,-20.624,-68.75
76,90,16.4,-21.57,-71.38
76,90,16.56,-24.808,-73.74
76,90,16.72,-21.178,-70.66
76,90,16.88,-18.374,-68.84
76,90,17.04,-20.296,-71.55
76,90,17.2,-17.15,-69.58
76,90,17.36,-19.416,-72.06
76,90,17.52,-27.236,-79.77
76,90,17.68,-19.792,-72.87
76,90,17.84,-22.888,-75.8
76,90,18,-29.37,-82.18
77,90,2,-3.7,-25.49
77,90,2.16,-2.858,-26.27
77,90,2.32,-3.236,-28.89
77,90,2.48,-1.744,-28.99
77,90,2.64,-4.518,-33.23
77,90,2.8,-3.93,-30.99
77,90,2.96,-0.718000000000004,-29.03
77,90,3.12,-3.596,-31.83
77,90,3.28,-3.392,-33.41
77,90,3.44,-3.632,-32.28
77,90,3.6,-13.68,-41.13
77,90,3.76,-14.774,-44.26
77,90,3.92,-16.252,-43.8
77,90,4.08,-11.462,-39.13
77,90,4.24,-21.526,-50.55
77,90,4.4,-11.36,-41.17
77,90,4.56,-15.896,-45.71
77,90,4.72,-16.794,-46.78
77,90,4.88,-11.48,-41.61
77,90,5.04,-17.81,-47.86
77,90,5.2,-10.42,-41.84
77,90,5.36,-14.43,-45.23
77,90,5.52,-21.058,-51.34
77,90,5.68,-17.68,-49.05
77,90,5.84,-17.262,-48.71
77,90,6,-21.34,-52.88
77,90,6.16,-16.5,-48.54
77,90,6.32,-21.448,-54.94
77,90,6.48,-18.116,-52.2
77,90,6.64,-15.178,-49.57
77,90,6.8,-15.47,-48.97
77,90,6.96,-18.342,-52.67
77,90,7.12,-12.586,-47.18
77,90,7.28,-11.612,-45.99
77,90,7.44,-9.566,-43.9
77,90,7.6,-13,-46.4
77,90,7.76,-13.218,-48.44
77,90,7.92,-10.782,-45.41
77,90,8.08,-11.536,-46.34
77,90,8.24,-12.052,-47.16
77,90,8.4,-13.73,-49.11
77,90,8.56,-12.472,-48.75
77,90,8.72,-25.198,-62.5
77,90,8.88,-20.328,-57.47
77,90,9.04,-29.394,-67.18
77,90,9.2,-16.58,-55.44
77,90,9.36,-21.964,-60.03
77,90,9.52,-17.122,-55.5
77,90,9.68,-16.86,-55.75
77,90,9.84,-20.316,-59.43
77,90,10,-21.47,-60.54
77,90,10.16,-25.698,-65.34
77,90,10.32,-21.332,-60.96
77,90,10.48,-17.128,-56.66
77,90,10.64,-20.218,-60.23
77,90,10.8,-20.73,-61
77,90,10.96,-16.796,-56.78
77,90,11.12,-18.566,-58.81
77,90,11.28,-20.036,-60.48
77,90,11.44,-12.892,-53.64
77,90,11.6,-17.76,-58.63
77,90,11.76,-25.334,-66.45
77,90,11.92,-17.714,-58.84
77,90,12.08,-22.47,-64.66
77,90,12.24,-19.634,-61.89
77,90,12.4,-21.75,-64.41
77,90,12.56,-30.09,-74.16
77,90,12.72,-32.774,-77.33
77,90,12.88,-40.146,-85.35
77,90,13.04,-37.358,-83.86
77,90,13.2,-24.06,-70.84
77,90,13.36,-20.634,-66.85
77,90,13.52,-27.862,-73.87
77,90,13.68,-21.82,-68.5
77,90,13.84,-18.088,-65.57
77,90,14,-22.68,-70.53
77,90,14.16,-23.886,-72.11
77,90,14.32,-12.236,-61.19
77,90,14.48,-16.424,-68.25
77,90,14.64,-21.304,-70.76
77,90,14.8,-20.03,-68.04
77,90,14.96,-14.132,-61.26
77,90,15.12,-12.91,-59.34
77,90,15.28,-17.47,-64.02
77,90,15.44,-19.536,-65.85
77,90,15.6,-16.19,-62.82
77,90,15.76,-23.418,-70.61
77,90,15.92,-23.772,-70.95
77,90,16.08,-36.392,-83.85
77,90,16.24,-20.544,-68.67
77,90,16.4,-17.79,-67.6
77,90,16.56,-33.168,-82.1
77,90,16.72,-19.838,-69.32
77,90,16.88,-19.864,-70.33
77,90,17.04,-26.606,-77.86
77,90,17.2,-14.04,-66.47
77,90,17.36,-28.956,-81.6
77,90,17.52,-29.056,-81.59
77,90,17.68,-19.842,-72.92
77,90,17.84,-26.378,-79.29
77,90,18,-29.08,-81.89
78,90,2,-3.65,-25.44
78,90,2.16,-2.968,-26.38
78,90,2.32,-3.046,-28.7
78,90,2.48,-1.534,-28.78
78,90,2.64,-4.428,-33.14
78,90,2.8,-3.81,-30.87
78,90,2.96,-0.678000000000001,-28.99
78,90,3.12,-3.676,-31.91
78,90,3.28,-3.082,-33.1
78,90,3.44,-2.852,-31.5
78,90,3.6,-12.08,-39.53
78,90,3.76,-13.774,-43.26
78,90,3.92,-24.452,-52
78,90,4.08,-13.852,-41.52
78,90,4.24,-24.916,-53.94
78,90,4.4,-13.01,-42.82
78,90,4.56,-18.606,-48.42
78,90,4.72,-20.754,-50.74
78,90,4.88,-13.5,-43.63
78,90,5.04,-23.91,-53.96
78,90,5.2,-11.73,-43.15
78,90,5.36,-14.48,-45.28
78,90,5.52,-22.498,-52.78
78,90,5.68,-17.09,-48.46
78,90,5.84,-18.122,-49.57
78,90,6,-22.11,-53.65
78,90,6.16,-17.28,-49.32
78,90,6.32,-20.618,-54.11
78,90,6.48,-18.276,-52.36
78,90,6.64,-16.308,-50.7
78,90,6.8,-15.59,-49.09
78,90,6.96,-19.462,-53.79
78,90,7.12,-13.176,-47.77
78,90,7.28,-12.672,-47.05
78,90,7.44,-10.786,-45.12
78,90,7.6,-13.61,-47.01
78,90,7.76,-14.408,-49.63
78,90,7.92,-11.872,-46.5
78,90,8.08,-12.896,-47.7
78,90,8.24,-11.762,-46.87
78,90,8.4,-15.73,-51.11
78,90,8.56,-13.072,-49.35
78,90,8.72,-23.398,-60.7
78,90,8.88,-27.488,-64.63
78,90,9.04,-35.914,-73.7
78,90,9.2,-20.41,-59.27
78,90,9.36,-20.034,-58.1
78,90,9.52,-16.992,-55.37
78,90,9.68,-19.33,-58.22
78,90,9.84,-23.866,-62.98
78,90,10,-25.89,-64.96
78,90,10.16,-33.578,-73.22
78,90,10.32,-21.822,-61.45
78,90,10.48,-18.998,-58.53
78,90,10.64,-26.748,-66.76
78,90,10.8,-23.67,-63.94
78,90,10.96,-20.636,-60.62
78,90,11.12,-22.516,-62.76
78,90,11.28,-26.516,-66.96
78,90,11.44,-13.252,-54
78,90,11.6,-17.03,-57.9
78,90,11.76,-30.984,-72.1
78,90,11.92,-19.154,-60.28
78,90,12.08,-19.62,-61.81
78,90,12.24,-19.654,-61.91
78,90,12.4,-23.37,-66.03
78,90,12.56,-21.45,-65.52
78,90,12.72,-32.824,-77.38
78,90,12.88,-31.866,-77.07
78,90,13.04,-28.868,-75.37
78,90,13.2,-21.14,-67.92
78,90,13.36,-20.404,-66.62
78,90,13.52,-26.982,-72.99
78,90,13.68,-36.29,-82.97
78,90,13.84,-20.678,-68.16
78,90,14,-25.6,-73.45
78,90,14.16,-16.996,-65.22
78,90,14.32,-11.466,-60.42
78,90,14.48,-20.084,-71.91
78,90,14.64,-19.454,-68.91
78,90,14.8,-21.27,-69.28
78,90,14.96,-17.702,-64.83
78,90,15.12,-14.05,-60.48
78,90,15.28,-18.05,-64.6
78,90,15.44,-20.776,-67.09
78,90,15.6,-18.78,-65.41
78,90,15.76,-22.458,-69.65
78,90,15.92,-28.432,-75.61
78,90,16.08,-28.532,-75.99
78,90,16.24,-24.224,-72.35
78,90,16.4,-37.06,-86.87
78,90,16.56,-30.608,-79.54
78,90,16.72,-26.228,-75.71
78,90,16.88,-21.034,-71.5
78,90,17.04,-26.726,-77.98
78,90,17.2,-17.17,-69.6
78,90,17.36,-24.886,-77.53
78,90,17.52,-19.606,-72.14
78,90,17.68,-21.882,-74.96
78,90,17.84,-27.238,-80.15
78,90,18,-22.6,-75.41
79,90,2,-3.69,-25.48
79,90,2.16,-3.138,-26.55
79,90,2.32,-2.926,-28.58
79,90,2.48,-1.434,-28.68
79,90,2.64,-4.268,-32.98
79,90,2.8,-3.78,-30.84
79,90,2.96,-0.788000000000004,-29.1
79,90,3.12,-3.726,-31.96
79,90,3.28,-2.912,-32.93
79,90,3.44,-2.282,-30.93
79,90,3.6,-10.72,-38.17
79,90,3.76,-12.344,-41.83
79,90,3.92,-25.152,-52.7
79,90,4.08,-18.322,-45.99
79,90,4.24,-28.126,-57.15
79,90,4.4,-15.88,-45.69
79,90,4.56,-22.446,-52.26
79,90,4.72,-24.974,-54.96
79,90,4.88,-15.83,-45.96
79,90,5.04,-31.3,-61.35
79,90,5.2,-12.91,-44.33
79,90,5.36,-15.03,-45.83
79,90,5.52,-23.938,-54.22
79,90,5.68,-17.64,-49.01
79,90,5.84,-19.882,-51.33
79,90,6,-20.78,-52.32
79,90,6.16,-17.92,-49.96
79,90,6.32,-18.958,-52.45
79,90,6.48,-18.606,-52.69
79,90,6.64,-17.038,-51.43
79,90,6.8,-15.89,-49.39
79,90,6.96,-22.022,-56.35
79,90,7.12,-13.866,-48.46
79,90,7.28,-13.902,-48.28
79,90,7.44,-11.536,-45.87
79,90,7.6,-13.53,-46.93
79,90,7.76,-15.398,-50.62
79,90,7.92,-13.822,-48.45
79,90,8.08,-14.416,-49.22
79,90,8.24,-12.522,-47.63
79,90,8.4,-17.43,-52.81
79,90,8.56,-13.932,-50.21
79,90,8.72,-20.018,-57.32
79,90,8.88,-23.818,-60.96
79,90,9.04,-35.464,-73.25
79,90,9.2,-33.59,-72.45
79,90,9.36,-28.904,-66.97
79,90,9.52,-19.822,-58.2
79,90,9.68,-21.82,-60.71
79,90,9.84,-33.956,-73.07
79,90,10,-32.55,-71.62
79,90,10.16,-27.578,-67.22
79,90,10.32,-21.492,-61.12
79,90,10.48,-23.038,-62.57
79,90,10.64,-32.118,-72.13
79,90,10.8,-24.92,-65.19
79,90,10.96,-24.716,-64.7
79,90,11.12,-21.256,-61.5
79,90,11.28,-38.806,-79.25
79,90,11.44,-17.232,-57.98
79,90,11.6,-19.51,-60.38
79,90,11.76,-28.694,-69.81
79,90,11.92,-22.364,-63.49
79,90,12.08,-19.47,-61.66
79,90,12.24,-22.904,-65.16
79,90,12.4,-23.97,-66.63
79,90,12.56,-26.67,-70.74
79,90,12.72,-33.144,-77.7
79,90,12.88,-32.836,-78.04
79,90,13.04,-25.888,-72.39
79,90,13.2,-27.77,-74.55
79,90,13.36,-23.914,-70.13
79,90,13.52,-32.532,-78.54
79,90,13.68,-20.32,-67
79,90,13.84,-37.338,-84.82
79,90,14,-57.28,-105.13
79,90,14.16,-17.976,-66.2
79,90,14.32,-13.446,-62.4
79,90,14.48,-20.194,-72.02
79,90,14.64,-18.314,-67.77
79,90,14.8,-17.78,-65.79
79,90,14.96,-17.142,-64.27
79,90,15.12,-15.75,-62.18
79,90,15.28,-17.24,-63.79
79,90,15.44,-30.256,-76.57
79,90,15.6,-20.7,-67.33
79,90,15.76,-22.108,-69.3
79,90,15.92,-26.202,-73.38
79,90,16.08,-22.342,-69.8
79,90,16.24,-19.784,-67.91
79,90,16.4,-23.21,-73.02
79,90,16.56,-34.448,-83.38
79,90,16.72,-21.148,-70.63
79,90,16.88,-31.284,-81.75
79,90,17.04,-26.426,-77.68
79,90,17.2,-20.93,-73.36
79,90,17.36,-22.046,-74.69
79,90,17.52,-29.906,-82.44
79,90,17.68,-19.762,-72.84
79,90,17.84,-21.888,-74.8
79,90,18,-37.66,-90.47
80,90,2,-3.72,-25.51
80,90,2.16,-3.328,-26.74
80,90,2.32,-2.786,-28.44
80,90,2.48,-1.364,-28.61
80,90,2.64,-4.288,-33
80,90,2.8,-3.68,-30.74
80,90,2.96,-0.968000000000004,-29.28
80,90,3.12,-3.806,-32.04
80,90,3.28,-2.61200000000001,-32.63
80,90,3.44,-1.852,-30.5
80,90,3.6,-9.14,-36.59
80,90,3.76,-10.714,-40.2
80,90,3.92,-17.692,-45.24
80,90,4.08,-25.992,-53.66
80,90,4.24,-25.416,-54.44
80,90,4.4,-19.88,-49.69
80,90,4.56,-25.776,-55.59
80,90,4.72,-24.904,-54.89
80,90,4.88,-18.88,-49.01
80,90,5.04,-25.72,-55.77
80,90,5.2,-14.28,-45.7
80,90,5.36,-15.51,-46.31
80,90,5.52,-25.458,-55.74
80,90,5.68,-18.65,-50.02
80,90,5.84,-22.012,-53.46
80,90,6,-19.92,-51.46
80,90,6.16,-19.67,-51.71
80,90,6.32,-18.368,-51.86
80,90,6.48,-18.116,-52.2
80,90,6.64,-17.828,-52.22
80,90,6.8,-16.11,-49.61
80,90,6.96,-21.922,-56.25
80,90,7.12,-15.026,-49.62
80,90,7.28,-14.312,-48.69
80,90,7.44,-12.546,-46.88
80,90,7.6,-14.27,-47.67
80,90,7.76,-16.728,-51.95
80,90,7.92,-16.362,-50.99
80,90,8.08,-17.656,-52.46
80,90,8.24,-13.742,-48.85
80,90,8.4,-19.95,-55.33
80,90,8.56,-15.822,-52.1
80,90,8.72,-18.678,-55.98
80,90,8.88,-19.338,-56.48
80,90,9.04,-29.584,-67.37
80,90,9.2,-28.08,-66.94
80,90,9.36,-24.734,-62.8
80,90,9.52,-23.672,-62.05
80,90,9.68,-19.88,-58.77
80,90,9.84,-37.556,-76.67
80,90,10,-21.05,-60.12
80,90,10.16,-19.518,-59.16
80,90,10.32,-19.622,-59.25
80,90,10.48,-31.228,-70.76
80,90,10.64,-24.648,-64.66
80,90,10.8,-31.2,-71.47
80,90,10.96,-26.516,-66.5
80,90,11.12,-21.446,-61.69
80,90,11.28,-24.606,-65.05
80,90,11.44,-21.952,-62.7
80,90,11.6,-24.88,-65.75
80,90,11.76,-22.284,-63.4
80,90,11.92,-27.914,-69.04
80,90,12.08,-18.68,-60.87
80,90,12.24,-21.424,-63.68
80,90,12.4,-30.66,-73.32
80,90,12.56,-23.8,-67.87
80,90,12.72,-30.894,-75.45
80,90,12.88,-23.766,-68.97
80,90,13.04,-25.678,-72.18
80,90,13.2,-22.97,-69.75
80,90,13.36,-44.704,-90.92
80,90,13.52,-28.022,-74.03
80,90,13.68,-37.15,-83.83
80,90,13.84,-24.938,-72.42
80,90,14,-26.67,-74.52
80,90,14.16,-16.556,-64.78
80,90,14.32,-13.896,-62.85
80,90,14.48,-20.014,-71.84
80,90,14.64,-20.384,-69.84
80,90,14.8,-15.51,-63.52
80,90,14.96,-14.602,-61.73
80,90,15.12,-15.79,-62.22
80,90,15.28,-14.33,-60.88
80,90,15.44,-21.456,-67.77
80,90,15.6,-21.3,-67.93
80,90,15.76,-19.098,-66.29
80,90,15.92,-24.662,-71.84
80,90,16.08,-24.872,-72.33
80,90,16.24,-23.774,-71.9
80,90,16.4,-17.56,-67.37
80,90,16.56,-22.988,-71.92
80,90,16.72,-29.528,-79.01
80,90,16.88,-22.054,-72.52
80,90,17.04,-24.326,-75.58
80,90,17.2,-22.13,-74.56
80,90,17.36,-28.326,-80.97
80,90,17.52,-26.126,-78.66
80,90,17.68,-32.542,-85.62
80,90,17.84,-32.858,-85.77
80,90,18,-25.81,-78.62
81,90,2,-3.8,-25.59
81,90,2.16,-3.448,-26.86
81,90,2.32,-2.756,-28.41
81,90,2.48,-1.334,-28.58
81,90,2.64,-4.108,-32.82
81,90,2.8,-3.54,-30.6
81,90,2.96,-1.108,-29.42
81,90,3.12,-3.936,-32.17
81,90,3.28,-2.442,-32.46
81,90,3.44,-1.412,-30.06
81,90,3.6,-8.22,-35.67
81,90,3.76,-9.264,-38.75
81,90,3.92,-13.272,-40.82
81,90,4.08,-29.122,-56.79
81,90,4.24,-21.746,-50.77
81,90,4.4,-27.09,-56.9
81,90,4.56,-26.266,-56.08
81,90,4.72,-20.794,-50.78
81,90,4.88,-21.36,-51.49
81,90,5.04,-22.72,-52.77
81,90,5.2,-14.75,-46.17
81,90,5.36,-15.28,-46.08
81,90,5.52,-27.528,-57.81
81,90,5.68,-19.22,-50.59
81,90,5.84,-23.612,-55.06
81,90,6,-18.85,-50.39
81,90,6.16,-21.8,-53.84
81,90,6.32,-18.568,-52.06
81,90,6.48,-18.456,-52.54
81,90,6.64,-18.938,-53.33
81,90,6.8,-15.84,-49.34
81,90,6.96,-22.412,-56.74
81,90,7.12,-17.396,-51.99
81,90,7.28,-14.972,-49.35
81,90,7.44,-14.776,-49.11
81,90,7.6,-15.35,-48.75
81,90,7.76,-15.838,-51.06
81,90,7.92,-17.852,-52.48
81,90,8.08,-20.876,-55.68
81,90,8.24,-16.342,-51.45
81,90,8.4,-22,-57.38
81,90,8.56,-21.582,-57.86
81,90,8.72,-21.138,-58.44
81,90,8.88,-17.688,-54.83
81,90,9.04,-27.124,-64.91
81,90,9.2,-17.23,-56.09
81,90,9.36,-17.914,-55.98
81,90,9.52,-22.432,-60.81
81,90,9.68,-20.42,-59.31
81,90,9.84,-38.966,-78.08
81,90,10,-20.11,-59.18
81,90,10.16,-18.198,-57.84
81,90,10.32,-19.812,-59.44
81,90,10.48,-29.968,-69.5
81,90,10.64,-20.498,-60.51
81,90,10.8,-25.66,-65.93
81,90,10.96,-41.596,-81.58
81,90,11.12,-20.906,-61.15
81,90,11.28,-20.776,-61.22
81,90,11.44,-19.612,-60.36
81,90,11.6,-24.41,-65.28
81,90,11.76,-23.034,-64.15
81,90,11.92,-31.784,-72.91
81,90,12.08,-23.59,-65.78
81,90,12.24,-22.014,-64.27
81,90,12.4,-29.97,-72.63
81,90,12.56,-24.37,-68.44
81,90,12.72,-38.894,-83.45
81,90,12.88,-26.806,-72.01
81,90,13.04,-23.908,-70.41
81,90,13.2,-31.93,-78.71
81,90,13.36,-38.074,-84.29
81,90,13.52,-37.052,-83.06
81,90,13.68,-30.7,-77.38
81,90,13.84,-19.948,-67.43
81,90,14,-26.5,-74.35
81,90,14.16,-20.076,-68.3
81,90,14.32,-11.136,-60.09
81,90,14.48,-20.234,-72.06
81,90,14.64,-23.024,-72.48
81,90,14.8,-12.4,-60.41
81,90,14.96,-15.662,-62.79
81,90,15.12,-17.21,-63.64
81,90,15.28,-17.09,-63.64
81,90,15.44,-19.506,-65.82
81,90,15.6,-19.42,-66.05
81,90,15.76,-18.128,-65.32
81,90,15.92,-24.792,-71.97
81,90,16.08,-23.512,-70.97
81,90,16.24,-26.834,-74.96
81,90,16.4,-29.13,-78.94
81,90,16.56,-26.048,-74.98
81,90,16.72,-26.478,-75.96
81,90,16.88,-25.234,-75.7
81,90,17.04,-28.066,-79.32
81,90,17.2,-18.68,-71.11
81,90,17.36,-21.646,-74.29
81,90,17.52,-19.146,-71.68
81,90,17.68,-28.162,-81.24
81,90,17.84,-25.288,-78.2
81,90,18,-28.08,-80.89
82,90,2,-3.93,-25.72
82,90,2.16,-3.698,-27.11
82,90,2.32,-2.686,-28.34
82,90,2.48,-1.344,-28.59
82,90,2.64,-4.028,-32.74
82,90,2.8,-3.47,-30.53
82,90,2.96,-1.328,-29.64
82,90,3.12,-4.116,-32.35
82,90,3.28,-2.25200000000001,-32.27
82,90,3.44,-1.122,-29.77
82,90,3.6,-7.37,-34.82
82,90,3.76,-8.164,-37.65
82,90,3.92,-10.762,-38.31
82,90,4.08,-21.362,-49.03
82,90,4.24,-17.846,-46.87
82,90,4.4,-24.98,-54.79
82,90,4.56,-24.116,-53.93
82,90,4.72,-17.364,-47.35
82,90,4.88,-18.97,-49.1
82,90,5.04,-20.42,-50.47
82,90,5.2,-13.55,-44.97
82,90,5.36,-14.43,-45.23
82,90,5.52,-26.328,-56.61
82,90,5.68,-20.14,-51.51
82,90,5.84,-24.572,-56.02
82,90,6,-17.96,-49.5
82,90,6.16,-22.78,-54.82
82,90,6.32,-19.048,-52.54
82,90,6.48,-19.506,-53.59
82,90,6.64,-19.178,-53.57
82,90,6.8,-16,-49.5
82,90,6.96,-20.992,-55.32
82,90,7.12,-19.786,-54.38
82,90,7.28,-16.012,-50.39
82,90,7.44,-17.016,-51.35
82,90,7.6,-17.18,-50.58
82,90,7.76,-17.168,-52.39
82,90,7.92,-18.362,-52.99
82,90,8.08,-20.736,-55.54
82,90,8.24,-17.872,-52.98
82,90,8.4,-20.3,-55.68
82,90,8.56,-28.732,-65.01
82,90,8.72,-23.338,-60.64
82,90,8.88,-19.758,-56.9
82,90,9.04,-24.474,-62.26
82,90,9.2,-15.31,-54.17
82,90,9.36,-14.514,-52.58
82,90,9.52,-19.892,-58.27
82,90,9.68,-22.3,-61.19
82,90,9.84,-27.426,-66.54
82,90,10,-19.23,-58.3
82,90,10.16,-19.898,-59.54
82,90,10.32,-18.782,-58.41
82,90,10.48,-26.428,-65.96
82,90,10.64,-20.348,-60.36
82,90,10.8,-19.94,-60.21
82,90,10.96,-28.316,-68.3
82,90,11.12,-27.306,-67.55
82,90,11.28,-21.796,-62.24
82,90,11.44,-20.632,-61.38
82,90,11.6,-28.62,-69.49
82,90,11.76,-27.934,-69.05
82,90,11.92,-47.274,-88.4
82,90,12.08,-24.56,-66.75
82,90,12.24,-24.804,-67.06
82,90,12.4,-22.14,-64.8
82,90,12.56,-22.04,-66.11
82,90,12.72,-31.434,-75.99
82,90,12.88,-38.026,-83.23
82,90,13.04,-24.098,-70.6
82,90,13.2,-26.55,-73.33
82,90,13.36,-46.374,-92.59
82,90,13.52,-23.652,-69.66
82,90,13.68,-24.01,-70.69
82,90,13.84,-22.398,-69.88
82,90,14,-28.31,-76.16
82,90,14.16,-13.066,-61.29
82,90,14.32,-12.216,-61.17
82,90,14.48,-18.174,-70
82,90,14.64,-18.214,-67.67
82,90,14.8,-18.23,-66.24
82,90,14.96,-17.122,-64.25
82,90,15.12,-17.14,-63.57
82,90,15.28,-13.58,-60.13
82,90,15.44,-23.466,-69.78
82,90,15.6,-17.55,-64.18
82,90,15.76,-17.868,-65.06
82,90,15.92,-18.422,-65.6
82,90,16.08,-38.492,-85.95
82,90,16.24,-30.654,-78.78
82,90,16.4,-50.85,-100.66
82,90,16.56,-23.038,-71.97
82,90,16.72,-22.408,-71.89
82,90,16.88,-21.764,-72.23
82,90,17.04,-19.956,-71.21
82,90,17.2,-19.47,-71.9
82,90,17.36,-20.456,-73.1
82,90,17.52,-23.396,-75.93
82,90,17.68,-20.882,-73.96
82,90,17.84,-23.468,-76.38
82,90,18,-22.12,-74.93
83,90,2,-3.97,-25.76
83,90,2.16,-3.888,-27.3
83,90,2.32,-2.606,-28.26
83,90,2.48,-1.424,-28.67
83,90,2.64,-4.048,-32.76
83,90,2.8,-3.36,-30.42
83,90,2.96,-1.518,-29.83
83,90,3.12,-4.366,-32.6
83,90,3.28,-2.102,-32.12
83,90,3.44,-0.812000000000001,-29.46
83,90,3.6,-6.49,-33.94
83,90,3.76,-7.344,-36.83
83,90,3.92,-8.732,-36.28
83,90,4.08,-16.812,-44.48
83,90,4.24,-15.306,-44.33
83,90,4.4,-17.15,-46.96
83,90,4.56,-20.926,-50.74
83,90,4.72,-14.144,-44.13
83,90,4.88,-15.99,-46.12
83,90,5.04,-18.67,-48.72
83,90,5.2,-12,-43.42
83,90,5.36,-13.17,-43.97
83,90,5.52,-27.568,-57.85
83,90,5.68,-19.41,-50.78
83,90,5.84,-25.442,-56.89
83,90,6,-17.56,-49.1
83,90,6.16,-23.26,-55.3
83,90,6.32,-20.308,-53.8
83,90,6.48,-21.436,-55.52
83,90,6.64,-20.588,-54.98
83,90,6.8,-15.96,-49.46
83,90,6.96,-19.592,-53.92
83,90,7.12,-19.806,-54.4
83,90,7.28,-17.862,-52.24
83,90,7.44,-18.516,-52.85
83,90,7.6,-20.07,-53.47
83,90,7.76,-19.338,-54.56
83,90,7.92,-19.262,-53.89
83,90,8.08,-20.836,-55.64
83,90,8.24,-17.542,-52.65
83,90,8.4,-17.83,-53.21
83,90,8.56,-19.792,-56.07
83,90,8.72,-20.278,-57.58
83,90,8.88,-19.488,-56.63
83,90,9.04,-21.644,-59.43
83,90,9.2,-18.09,-56.95
83,90,9.36,-15.394,-53.46
83,90,9.52,-21.672,-60.05
83,90,9.68,-25.44,-64.33
83,90,9.84,-23.516,-62.63
83,90,10,-18.35,-57.42
83,90,10.16,-20.198,-59.84
83,90,10.32,-18.572,-58.2
83,90,10.48,-21.448,-60.98
83,90,10.64,-20.048,-60.06
83,90,10.8,-17.99,-58.26
83,90,10.96,-24.836,-64.82
83,90,11.12,-24.166,-64.41
83,90,11.28,-22.836,-63.28
83,90,11.44,-20.402,-61.15
83,90,11.6,-23.23,-64.1
83,90,11.76,-41.534,-82.65
83,90,11.92,-35.044,-76.17
83,90,12.08,-30.94,-73.13
83,90,12.24,-28.334,-70.59
83,90,12.4,-29.68,-72.34
83,90,12.56,-20.56,-64.63
83,90,12.72,-32.354,-76.91
83,90,12.88,-32.536,-77.74
83,90,13.04,-29.868,-76.37
83,90,13.2,-23.47,-70.25
83,90,13.36,-30.354,-76.57
83,90,13.52,-26.482,-72.49
83,90,13.68,-21.03,-67.71
83,90,13.84,-26.938,-74.42
83,90,14,-27.35,-75.2
83,90,14.16,-20.036,-68.26
83,90,14.32,-15.436,-64.39
83,90,14.48,-19.954,-71.78
83,90,14.64,-21.694,-71.15
83,90,14.8,-15.47,-63.48
83,90,14.96,-20.392,-67.52
83,90,15.12,-16.96,-63.39
83,90,15.28,-15.06,-61.61
83,90,15.44,-18.086,-64.4
83,90,15.6,-18.71,-65.34
83,90,15.76,-17.278,-64.47
83,90,15.92,-18.802,-65.98
83,90,16.08,-24.912,-72.37
83,90,16.24,-27.594,-75.72
83,90,16.4,-30.57,-80.38
83,90,16.56,-25.628,-74.56
83,90,16.72,-37.638,-87.12
83,90,16.88,-27.884,-78.35
83,90,17.04,-28.326,-79.58
83,90,17.2,-20.99,-73.42
83,90,17.36,-20.596,-73.24
83,90,17.52,-27.396,-79.93
83,90,17.68,-20.472,-73.55
83,90,17.84,-22.428,-75.34
83,90,18,-26.31,-79.12
84,90,2,-4.1,-25.89
84,90,2.16,-4.078,-27.49
84,90,2.32,-2.646,-28.3
84,90,2.48,-1.514,-28.76
84,90,2.64,-4.068,-32.78
84,90,2.8,-3.13,-30.19
84,90,2.96,-1.798,-30.11
84,90,3.12,-4.666,-32.9
84,90,3.28,-1.972,-31.99
84,90,3.44,-0.582000000000001,-29.23
84,90,3.6,-5.87,-33.32
84,90,3.76,-6.57400000000001,-36.06
84,90,3.92,-7.162,-34.71
84,90,4.08,-14.172,-41.84
84,90,4.24,-14.056,-43.08
84,90,4.4,-12.6,-42.41
84,90,4.56,-19.196,-49.01
84,90,4.72,-12.584,-42.57
84,90,4.88,-13.39,-43.52
84,90,5.04,-16.86,-46.91
84,90,5.2,-11.01,-42.43
84,90,5.36,-12.12,-42.92
84,90,5.52,-24.658,-54.94
84,90,5.68,-18.22,-49.59
84,90,5.84,-25.952,-57.4
84,90,6,-17.3,-48.84
84,90,6.16,-22.45,-54.49
84,90,6.32,-20.118,-53.61
84,90,6.48,-24.796,-58.88
84,90,6.64,-23.218,-57.61
84,90,6.8,-17.54,-51.04
84,90,6.96,-18.632,-52.96
84,90,7.12,-18.426,-53.02
84,90,7.28,-18.902,-53.28
84,90,7.44,-19.506,-53.84
84,90,7.6,-24.3,-57.7
84,90,7.76,-26.888,-62.11
84,90,7.92,-23.152,-57.78
84,90,8.08,-21.456,-56.26
84,90,8.24,-17.732,-52.84
84,90,8.4,-16.06,-51.44
84,90,8.56,-16.782,-53.06
84,90,8.72,-15.378,-52.68
84,90,8.88,-19.058,-56.2
84,90,9.04,-21.734,-59.52
84,90,9.2,-22.02,-60.88
84,90,9.36,-17.934,-56
84,90,9.52,-24.752,-63.13
84,90,9.68,-26.54,-65.43
84,90,9.84,-20.186,-59.3
84,90,10,-17.7,-56.77
84,90,10.16,-22.758,-62.4
84,90,10.32,-16.732,-56.36
84,90,10.48,-19.418,-58.95
84,90,10.64,-18.448,-58.46
84,90,10.8,-18.98,-59.25
84,90,10.96,-19.076,-59.06
84,90,11.12,-20.146,-60.39
84,90,11.28,-20.116,-60.56
84,90,11.44,-17.382,-58.13
84,90,11.6,-21.3,-62.17
84,90,11.76,-27.374,-68.49
84,90,11.92,-25.304,-66.43
84,90,12.08,-30.36,-72.55
84,90,12.24,-34.684,-76.94
84,90,12.4,-27.38,-70.04
84,90,12.56,-35.67,-79.74
84,90,12.72,-29.064,-73.62
84,90,12.88,-27.306,-72.51
84,90,13.04,-25.698,-72.2
84,90,13.2,-33.91,-80.69
84,90,13.36,-23.724,-69.94
84,90,13.52,-25.662,-71.67
84,90,13.68,-21.42,-68.1
84,90,13.84,-27.698,-75.18
84,90,14,-34.96,-82.81
84,90,14.16,-21.026,-69.25
84,90,14.32,-16.966,-65.92
84,90,14.48,-25.004,-76.83
84,90,14.64,-26.174,-75.63
84,90,14.8,-28.88,-76.89
84,90,14.96,-29.152,-76.28
84,90,15.12,-19.71,-66.14
84,90,15.28,-14.98,-61.53
84,90,15.44,-19.626,-65.94
84,90,15.6,-20.87,-67.5
84,90,15.76,-21.358,-68.55
84,90,15.92,-18.102,-65.28
84,90,16.08,-21.362,-68.82
84,90,16.24,-26.694,-74.82
84,90,16.4,-26.17,-75.98
84,90,16.56,-24.228,-73.16
84,90,16.72,-19.008,-68.49
84,90,16.88,-27.124,-77.59
84,90,17.04,-30.476,-81.73
84,90,17.2,-28.58,-81.01
84,90,17.36,-28.756,-81.4
84,90,17.52,-21.846,-74.38
84,90,17.68,-48.212,-101.29
84,90,17.84,-26.178,-79.09
84,90,18,-23.5,-76.31
85,90,2,-4.25,-26.04
85,90,2.16,-4.288,-27.7
85,90,2.32,-2.646,-28.3
85,90,2.48,-1.764,-29.01
85,90,2.64,-4.098,-32.81
85,90,2.8,-2.94,-30
85,90,2.96,-1.978,-30.29
85,90,3.12,-4.946,-33.18
85,90,3.28,-1.772,-31.79
85,90,3.44,-0.362000000000002,-29.01
85,90,3.6,-5.33,-32.78
85,90,3.76,-6.014,-35.5
85,90,3.92,-5.832,-33.38
85,90,4.08,-11.922,-39.59
85,90,4.24,-13.046,-42.07
85,90,4.4,-9.74,-39.55
85,90,4.56,-17.906,-47.72
85,90,4.72,-11.424,-41.41
85,90,4.88,-11.15,-41.28
85,90,5.04,-15.49,-45.54
85,90,5.2,-10.03,-41.45
85,90,5.36,-11.23,-42.03
85,90,5.52,-22.888,-53.17
85,90,5.68,-16.41,-47.78
85,90,5.84,-25.372,-56.82
85,90,6,-16.25,-47.79
85,90,6.16,-19.98,-52.02
85,90,6.32,-19.858,-53.35
85,90,6.48,-27.366,-61.45
85,90,6.64,-23.908,-58.3
85,90,6.8,-19.08,-52.58
85,90,6.96,-20.392,-54.72
85,90,7.12,-17.146,-51.74
85,90,7.28,-20.242,-54.62
85,90,7.44,-17.276,-51.61
85,90,7.6,-23.12,-56.52
85,90,7.76,-24.368,-59.59
85,90,7.92,-30.782,-65.41
85,90,8.08,-24.156,-58.96
85,90,8.24,-19.812,-54.92
85,90,8.4,-16.49,-51.87
85,90,8.56,-16.152,-52.43
85,90,8.72,-13.298,-50.6
85,90,8.88,-19.008,-56.15
85,90,9.04,-21.424,-59.21
85,90,9.2,-23.81,-62.67
85,90,9.36,-25.074,-63.14
85,90,9.52,-28.762,-67.14
85,90,9.68,-23.98,-62.87
85,90,9.84,-18.436,-57.55
85,90,10,-17.6,-56.67
85,90,10.16,-17.898,-57.54
85,90,10.32,-17.512,-57.14
85,90,10.48,-17.328,-56.86
85,90,10.64,-21.138,-61.15
85,90,10.8,-23.03,-63.3
85,90,10.96,-17.096,-57.08
85,90,11.12,-17.976,-58.22
85,90,11.28,-19.116,-59.56
85,90,11.44,-18.062,-58.81
85,90,11.6,-20.04,-60.91
85,90,11.76,-18.554,-59.67
85,90,11.92,-22.894,-64.02
85,90,12.08,-24.2,-66.39
85,90,12.24,-24.914,-67.17
85,90,12.4,-26.75,-69.41
85,90,12.56,-26.06,-70.13
85,90,12.72,-34.684,-79.24
85,90,12.88,-30.446,-75.65
85,90,13.04,-25.728,-72.23
85,90,13.2,-32.05,-78.83
85,90,13.36,-26.154,-72.37
85,90,13.52,-26.492,-72.5
85,90,13.68,-24.99,-71.67
85,90,13.84,-20.668,-68.15
85,90,14,-31.71,-79.56
85,90,14.16,-21.366,-69.59
85,90,14.32,-20.836,-69.79
85,90,14.48,-20.114,-71.94
85,90,14.64,-31.634,-81.09
85,90,14.8,-32.07,-80.08
85,90,14.96,-32.462,-79.59
85,90,15.12,-22.97,-69.4
85,90,15.28,-18.25,-64.8
85,90,15.44,-23.556,-69.87
85,90,15.6,-18.58,-65.21
85,90,15.76,-22.078,-69.27
85,90,15.92,-20.672,-67.85
85,90,16.08,-17.812,-65.27
85,90,16.24,-20.574,-68.7
85,90,16.4,-45.49,-95.3
85,90,16.56,-24.558,-73.49
85,90,16.72,-19.828,-69.31
85,90,16.88,-23.344,-73.81
85,90,17.04,-24.946,-76.2
85,90,17.2,-35.6,-88.03
85,90,17.36,-27.676,-80.32
85,90,17.52,-24.136,-76.67
85,90,17.68,-22.922,-76
85,90,17.84,-19.558,-72.47
85,90,18,-35.25,-88.06
86,90,2,-4.33,-26.12
86,90,2.16,-4.538,-27.95
86,90,2.32,-2.656,-28.31
86,90,2.48,-1.904,-29.15
86,90,2.64,-4.208,-32.92
86,90,2.8,-2.81,-29.87
86,90,2.96,-2.128,-30.44
86,90,3.12,-5.396,-33.63
86,90,3.28,-1.732,-31.75
86,90,3.44,-0.231999999999999,-28.88
86,90,3.6,-4.88,-32.33
86,90,3.76,-5.494,-34.98
86,90,3.92,-4.722,-32.27
86,90,4.08,-10.602,-38.27
86,90,4.24,-12.476,-41.5
86,90,4.4,-7.67,-37.48
86,90,4.56,-15.816,-45.63
86,90,4.72,-10.544,-40.53
86,90,4.88,-9.31,-39.44
86,90,5.04,-14.52,-44.57
86,90,5.2,-9.76,-41.18
86,90,5.36,-10.75,-41.55
86,90,5.52,-19.618,-49.9
86,90,5.68,-15.12,-46.49
86,90,5.84,-21.932,-53.38
86,90,6,-16.59,-48.13
86,90,6.16,-18.5,-50.54
86,90,6.32,-18.268,-51.76
86,90,6.48,-29.656,-63.74
86,90,6.64,-27.828,-62.22
86,90,6.8,-21.89,-55.39
86,90,6.96,-23.892,-58.22
86,90,7.12,-18.106,-52.7
86,90,7.28,-21.232,-55.61
86,90,7.44,-18.836,-53.17
86,90,7.6,-19.29,-52.69
86,90,7.76,-19.518,-54.74
86,90,7.92,-22.142,-56.77
86,90,8.08,-21.726,-56.53
86,90,8.24,-21.452,-56.56
86,90,8.4,-21.07,-56.45
86,90,8.56,-16.752,-53.03
86,90,8.72,-13.888,-51.19
86,90,8.88,-18.288,-55.43
86,90,9.04,-23.974,-61.76
86,90,9.2,-18.02,-56.88
86,90,9.36,-21.154,-59.22
86,90,9.52,-23.322,-61.7
86,90,9.68,-21.82,-60.71
86,90,9.84,-18.096,-57.21
86,90,10,-16.84,-55.91
86,90,10.16,-17.178,-56.82
86,90,10.32,-16.612,-56.24
86,90,10.48,-17.738,-57.27
86,90,10.64,-20.038,-60.05
86,90,10.8,-21.52,-61.79
86,90,10.96,-17.856,-57.84
86,90,11.12,-19.226,-59.47
86,90,11.28,-19.416,-59.86
86,90,11.44,-18.482,-59.23
86,90,11.6,-20.66,-61.53
86,90,11.76,-18.754,-59.87
86,90,11.92,-25.744,-66.87
86,90,12.08,-23.33,-65.52
86,90,12.24,-22.654,-64.91
86,90,12.4,-21.49,-64.15
86,90,12.56,-22.81,-66.88
86,90,12.72,-32.984,-77.54
86,90,12.88,-38.336,-83.54
86,90,13.04,-27.618,-74.12
86,90,13.2,-34.48,-81.26
86,90,13.36,-23.444,-69.66
86,90,13.52,-35.582,-81.59
86,90,13.68,-27.05,-73.73
86,90,13.84,-25.368,-72.85
86,90,14,-28.12,-75.97
86,90,14.16,-15.156,-63.38
86,90,14.32,-25.476,-74.43
86,90,14.48,-22.414,-74.24
86,90,14.64,-22.464,-71.92
86,90,14.8,-19.2,-67.21
86,90,14.96,-24.162,-71.29
86,90,15.12,-22.29,-68.72
86,90,15.28,-21.82,-68.37
86,90,15.44,-26.156,-72.47
86,90,15.6,-30.44,-77.07
86,90,15.76,-25.918,-73.11
86,90,15.92,-28.102,-75.28
86,90,16.08,-19.142,-66.6
86,90,16.24,-19.424,-67.55
86,90,16.4,-25.13,-74.94
86,90,16.56,-22.398,-71.33
86,90,16.72,-23.078,-72.56
86,90,16.88,-28.594,-79.06
86,90,17.04,-25.046,-76.3
86,90,17.2,-19.88,-72.31
86,90,17.36,-23.346,-75.99
86,90,17.52,-20.796,-73.33
86,90,17.68,-21.742,-74.82
86,90,17.84,-27.258,-80.17
86,90,18,-24.42,-77.23
87,90,2,-4.5,-26.29
87,90,2.16,-4.788,-28.2
87,90,2.32,-2.696,-28.35
87,90,2.48,-2.174,-29.42
87,90,2.64,-4.518,-33.23
87,90,2.8,-2.64,-29.7
87,90,2.96,-2.408,-30.72
87,90,3.12,-5.756,-33.99
87,90,3.28,-1.602,-31.62
87,90,3.44,-0.202000000000002,-28.85
87,90,3.6,-4.42,-31.87
87,90,3.76,-5.28400000000001,-34.77
87,90,3.92,-3.772,-31.32
87,90,4.08,-9.302,-36.97
87,90,4.24,-12.096,-41.12
87,90,4.4,-6.01,-35.82
87,90,4.56,-13.536,-43.35
87,90,4.72,-10.524,-40.51
87,90,4.88,-8.09,-38.22
87,90,5.04,-13.05,-43.1
87,90,5.2,-9.57,-40.99
87,90,5.36,-10.47,-41.27
87,90,5.52,-17.558,-47.84
87,90,5.68,-14.36,-45.73
87,90,5.84,-20.312,-51.76
87,90,6,-16.04,-47.58
87,90,6.16,-17,-49.04
87,90,6.32,-17.698,-51.19
87,90,6.48,-24.326,-58.41
87,90,6.64,-32.418,-66.81
87,90,6.8,-24.95,-58.45
87,90,6.96,-31.042,-65.37
87,90,7.12,-21.246,-55.84
87,90,7.28,-23.702,-58.08
87,90,7.44,-19.756,-54.09
87,90,7.6,-18.09,-51.49
87,90,7.76,-17.308,-52.53
87,90,7.92,-17.242,-51.87
87,90,8.08,-18.836,-53.64
87,90,8.24,-17.422,-52.53
87,90,8.4,-20.96,-56.34
87,90,8.56,-19.202,-55.48
87,90,8.72,-16.448,-53.75
87,90,8.88,-21.438,-58.58
87,90,9.04,-29.354,-67.14
87,90,9.2,-17.77,-56.63
87,90,9.36,-20.154,-58.22
87,90,9.52,-19.702,-58.08
87,90,9.68,-19.49,-58.38
87,90,9.84,-18.176,-57.29
87,90,10,-14.77,-53.84
87,90,10.16,-15.318,-54.96
87,90,10.32,-15.642,-55.27
87,90,10.48,-15.528,-55.06
87,90,10.64,-18.618,-58.63
87,90,10.8,-23.21,-63.48
87,90,10.96,-17.896,-57.88
87,90,11.12,-19.176,-59.42
87,90,11.28,-19.936,-60.38
87,90,11.44,-20.222,-60.97
87,90,11.6,-23.13,-64
87,90,11.76,-19.204,-60.32
87,90,11.92,-24.284,-65.41
87,90,12.08,-27.17,-69.36
87,90,12.24,-26.274,-68.53
87,90,12.4,-27.54,-70.2
87,90,12.56,-27.45,-71.52
87,90,12.72,-26.634,-71.19
87,90,12.88,-24.256,-69.46
87,90,13.04,-26.418,-72.92
87,90,13.2,-27.21,-73.99
87,90,13.36,-24.914,-71.13
87,90,13.52,-37.132,-83.14
87,90,13.68,-29.18,-75.86
87,90,13.84,-19.708,-67.19
87,90,14,-21.75,-69.6
87,90,14.16,-21.986,-70.21
87,90,14.32,-14.606,-63.56
87,90,14.48,-17.514,-69.34
87,90,14.64,-14.204,-63.66
87,90,14.8,-18.42,-66.43
87,90,14.96,-17.432,-64.56
87,90,15.12,-24.84,-71.27
87,90,15.28,-26.57,-73.12
87,90,15.44,-27.986,-74.3
87,90,15.6,-28.89,-75.52
87,90,15.76,-25.168,-72.36
87,90,15.92,-25.822,-73
87,90,16.08,-24.932,-72.39
87,90,16.24,-22.624,-70.75
87,90,16.4,-43.99,-93.8
87,90,16.56,-22.828,-71.76
87,90,16.72,-30.278,-79.76
87,90,16.88,-27.224,-77.69
87,90,17.04,-20.416,-71.67
87,90,17.2,-22.19,-74.62
87,90,17.36,-26.586,-79.23
87,90,17.52,-22.266,-74.8
87,90,17.68,-23.742,-76.82
87,90,17.84,-17.528,-70.44
87,90,18,-32.01,-84.82
88,90,2,-4.68,-26.47
88,90,2.16,-4.998,-28.41
88,90,2.32,-2.826,-28.48
88,90,2.48,-2.494,-29.74
88,90,2.64,-4.708,-33.42
88,90,2.8,-2.52,-29.58
88,90,2.96,-2.468,-30.78
88,90,3.12,-6.17599999999999,-34.41
88,90,3.28,-1.622,-31.64
88,90,3.44,-0.161999999999999,-28.81
88,90,3.6,-4.1,-31.55
88,90,3.76,-5.084,-34.57
88,90,3.92,-2.942,-30.49
88,90,4.08,-8.142,-35.81
88,90,4.24,-12.036,-41.06
88,90,4.4,-4.76,-34.57
88,90,4.56,-11.976,-41.79
88,90,4.72,-10.414,-40.4
88,90,4.88,-7.55,-37.68
88,90,5.04,-12.38,-42.43
88,90,5.2,-9.87,-41.29
88,90,5.36,-10.97,-41.77
88,90,5.52,-16.108,-46.39
88,90,5.68,-14.06,-45.43
88,90,5.84,-19.142,-50.59
88,90,6,-15.44,-46.98
88,90,6.16,-15.95,-47.99
88,90,6.32,-16.738,-50.23
88,90,6.48,-21.876,-55.96
88,90,6.64,-31.388,-65.78
88,90,6.8,-28.59,-62.09
88,90,6.96,-29.152,-63.48
88,90,7.12,-25.386,-59.98
88,90,7.28,-27.452,-61.83
88,90,7.44,-23.806,-58.14
88,90,7.6,-18.8,-52.2
88,90,7.76,-16.758,-51.98
88,90,7.92,-16.392,-51.02
88,90,8.08,-15.226,-50.03
88,90,8.24,-13.642,-48.75
88,90,8.4,-17.58,-52.96
88,90,8.56,-19.682,-55.96
88,90,8.72,-20.478,-57.78
88,90,8.88,-25.048,-62.19
88,90,9.04,-24.014,-61.8
88,90,9.2,-21.27,-60.13
88,90,9.36,-22.064,-60.13
88,90,9.52,-20.812,-59.19
88,90,9.68,-18.41,-57.3
88,90,9.84,-19.386,-58.5
88,90,10,-12.97,-52.04
88,90,10.16,-13.728,-53.37
88,90,10.32,-15.132,-54.76
88,90,10.48,-14.138,-53.67
88,90,10.64,-15.928,-55.94
88,90,10.8,-21.28,-61.55
88,90,10.96,-17.666,-57.65
88,90,11.12,-20.296,-60.54
88,90,11.28,-19.526,-59.97
88,90,11.44,-19.952,-60.7
88,90,11.6,-22.02,-62.89
88,90,11.76,-20.914,-62.03
88,90,11.92,-23.024,-64.15
88,90,12.08,-38.07,-80.26
88,90,12.24,-23.084,-65.34
88,90,12.4,-28.87,-71.53
88,90,12.56,-28.77,-72.84
88,90,12.72,-27.044,-71.6
88,90,12.88,-32.756,-77.96
88,90,13.04,-28.028,-74.53
88,90,13.2,-22.67,-69.45
88,90,13.36,-23.404,-69.62
88,90,13.52,-27.442,-73.45
88,90,13.68,-23.55,-70.23
88,90,13.84,-22.058,-69.54
88,90,14,-29.63,-77.48
88,90,14.16,-17.206,-65.43
88,90,14.32,-15.006,-63.96
88,90,14.48,-18.504,-70.33
88,90,14.64,-15.264,-64.72
88,90,14.8,-18.33,-66.34
88,90,14.96,-22.042,-69.17
88,90,15.12,-21.59,-68.02
88,90,15.28,-25.52,-72.07
88,90,15.44,-25.276,-71.59
88,90,15.6,-26.37,-73
88,90,15.76,-23.048,-70.24
88,90,15.92,-30.932,-78.11
88,90,16.08,-25.292,-72.75
88,90,16.24,-32.504,-80.63
88,90,16.4,-23.39,-73.2
88,90,16.56,-26.758,-75.69
88,90,16.72,-25.788,-75.27
88,90,16.88,-23.074,-73.54
88,90,17.04,-18.596,-69.85
88,90,17.2,-23.97,-76.4
88,90,17.36,-30.576,-83.22
88,90,17.52,-17.596,-70.13
88,90,17.68,-38.442,-91.52
88,90,17.84,-23.638,-76.55
88,90,18,-34.57,-87.38
89,90,2,-4.9,-26.69
89,90,2.16,-5.248,-28.66
89,90,2.32,-2.926,-28.58
89,90,2.48,-2.774,-30.02
89,90,2.64,-5.088,-33.8
89,90,2.8,-2.47,-29.53
89,90,2.96,-2.598,-30.91
89,90,3.12,-6.766,-35
89,90,3.28,-1.702,-31.72
89,90,3.44,-0.312000000000001,-28.96
89,90,3.6,-3.81,-31.26
89,90,3.76,-5.07400000000001,-34.56
89,90,3.92,-2.372,-29.92
89,90,4.08,-7.202,-34.87
89,90,4.24,-12.136,-41.16
89,90,4.4,-3.84,-33.65
89,90,4.56,-10.386,-40.2
89,90,4.72,-10.504,-40.49
89,90,4.88,-6.88,-37.01
89,90,5.04,-11.72,-41.77
89,90,5.2,-10.39,-41.81
89,90,5.36,-11.67,-42.47
89,90,5.52,-14.958,-45.24
89,90,5.68,-13.82,-45.19
89,90,5.84,-18.812,-50.26
89,90,6,-15.63,-47.17
89,90,6.16,-15.19,-47.23
89,90,6.32,-16.308,-49.8
89,90,6.48,-19.206,-53.29
89,90,6.64,-28.208,-62.6
89,90,6.8,-24,-57.5
89,90,6.96,-21.492,-55.82
89,90,7.12,-32.306,-66.9
89,90,7.28,-29.492,-63.87
89,90,7.44,-28.086,-62.42
89,90,7.6,-21.27,-54.67
89,90,7.76,-17.968,-53.19
89,90,7.92,-16.382,-51.01
89,90,8.08,-14.566,-49.37
89,90,8.24,-12.102,-47.21
89,90,8.4,-15.21,-50.59
89,90,8.56,-15.882,-52.16
89,90,8.72,-19.798,-57.1
89,90,8.88,-25.168,-62.31
89,90,9.04,-21.304,-59.09
89,90,9.2,-23.27,-62.13
89,90,9.36,-28.104,-66.17
89,90,9.52,-19.302,-57.68
89,90,9.68,-16.45,-55.34
89,90,9.84,-18.626,-57.74
89,90,10,-13.17,-52.24
89,90,10.16,-15.308,-54.95
89,90,10.32,-15.262,-54.89
89,90,10.48,-13.188,-52.72
89,90,10.64,-15.068,-55.08
89,90,10.8,-19.2,-59.47
89,90,10.96,-16.776,-56.76
89,90,11.12,-19.966,-60.21
89,90,11.28,-19.636,-60.08
89,90,11.44,-17.252,-58
89,90,11.6,-21.76,-62.63
89,90,11.76,-20.274,-61.39
89,90,11.92,-20.864,-61.99
89,90,12.08,-21.96,-64.15
89,90,12.24,-26.634,-68.89
89,90,12.4,-24.84,-67.5
89,90,12.56,-28.63,-72.7
89,90,12.72,-29.124,-73.68
89,90,12.88,-37.296,-82.5
89,90,13.04,-22.838,-69.34
89,90,13.2,-24.18,-70.96
89,90,13.36,-26.254,-72.47
89,90,13.52,-24.972,-70.98
89,90,13.68,-22.01,-68.69
89,90,13.84,-33.548,-81.03
89,90,14,-22.97,-70.82
89,90,14.16,-14.876,-63.1
89,90,14.32,-16.346,-65.3
89,90,14.48,-18.914,-70.74
89,90,14.64,-17.434,-66.89
89,90,14.8,-14.69,-62.7
89,90,14.96,-21.752,-68.88
89,90,15.12,-23.75,-70.18
89,90,15.28,-23.69,-70.24
89,90,15.44,-24.556,-70.87
89,90,15.6,-27.47,-74.1
89,90,15.76,-29.948,-77.14
89,90,15.92,-24.052,-71.23
89,90,16.08,-25.952,-73.41
89,90,16.24,-30.204,-78.33
89,90,16.4,-31.92,-81.73
89,90,16.56,-23.418,-72.35
89,90,16.72,-23.598,-73.08
89,90,16.88,-21.194,-71.66
89,90,17.04,-15.606,-66.86
89,90,17.2,-34.78,-87.21
89,90,17.36,-20.356,-73
89,90,17.52,-19.646,-72.18
89,90,17.68,-21.942,-75.02
89,90,17.84,-19.858,-72.77
89,90,18,-14.23,-67.04
90,90,2,-5.18,-26.97
90,90,2.16,-5.568,-28.98
90,90,2.32,-3.036,-28.69
90,90,2.48,-3.084,-30.33
90,90,2.64,-5.488,-34.2
90,90,2.8,-2.52,-29.58
90,90,2.96,-2.868,-31.18
90,90,3.12,-7.126,-35.36
90,90,3.28,-1.902,-31.92
90,90,3.44,-0.501999999999999,-29.15
90,90,3.6,-3.68,-31.13
90,90,3.76,-5.294,-34.78
90,90,3.92,-1.902,-29.45
90,90,4.08,-6.362,-34.03
90,90,4.24,-12.476,-41.5
90,90,4.4,-3.27,-33.08
90,90,4.56,-8.896,-38.71
90,90,4.72,-10.874,-40.86
90,90,4.88,-6.76,-36.89
90,90,5.04,-10.78,-40.83
90,90,5.2,-11.49,-42.91
90,90,5.36,-12.59,-43.39
90,90,5.52,-14.908,-45.19
90,90,5.68,-14.2,-45.57
90,90,5.84,-19.202,-50.65
90,90,6,-15.48,-47.02
90,90,6.16,-14.97,-47.01
90,90,6.32,-17.338,-50.83
90,90,6.48,-17.456,-51.54
90,90,6.64,-25.088,-59.48
90,90,6.8,-20.95,-54.45
90,90,6.96,-18.062,-52.39
90,90,7.12,-22.306,-56.9
90,90,7.28,-24.762,-59.14
90,90,7.44,-22.126,-56.46
90,90,7.6,-24.77,-58.17
90,90,7.76,-20.548,-55.77
90,90,7.92,-17.852,-52.48
90,90,8.08,-15.116,-49.92
90,90,8.24,-12.262,-47.37
90,90,8.4,-13.88,-49.26
90,90,8.56,-13.762,-50.04
90,90,8.72,-16.068,-53.37
90,90,8.88,-20.018,-57.16
90,90,9.04,-19.914,-57.7
90,90,9.2,-17.52,-56.38
90,90,9.36,-18.564,-56.63
90,90,9.52,-14.262,-52.64
90,90,9.68,-15.85,-54.74
90,90,9.84,-14.846,-53.96
90,90,10,-12.9,-51.97
90,90,10.16,-16.178,-55.82
90,90,10.32,-14.742,-54.37
90,90,10.48,-14.508,-54.04
90,90,10.64,-14.688,-54.7
90,90,10.8,-18,-58.27
90,90,10.96,-16.746,-56.73
90,90,11.12,-17.696,-57.94
90,90,11.28,-19.546,-59.99
90,90,11.44,-16.622,-57.37
90,90,11.6,-19.06,-59.93
90,90,11.76,-21.284,-62.4
90,90,11.92,-19.174,-60.3
90,90,12.08,-19.99,-62.18
90,90,12.24,-21.594,-63.85
90,90,12.4,-22.35,-65.01
90,90,12.56,-27.93,-72
90,90,12.72,-36.054,-80.61
90,90,12.88,-23.686,-68.89
90,90,13.04,-21.268,-67.77
90,90,13.2,-24.28,-71.06
90,90,13.36,-20.934,-67.15
90,90,13.52,-20.802,-66.81
90,90,13.68,-25.94,-72.62
90,90,13.84,-18.588,-66.07
90,90,14,-33.5,-81.35
90,90,14.16,-19.946,-68.17
90,90,14.32,-17.086,-66.04
90,90,14.48,-18.214,-70.04
90,90,14.64,-18.204,-67.66
90,90,14.8,-27.57,-75.58
90,90,14.96,-22.892,-70.02
90,90,15.12,-24.9,-71.33
90,90,15.28,-23.18,-69.73
90,90,15.44,-26.366,-72.68
90,90,15.6,-27.24,-73.87
90,90,15.76,-29.208,-76.4
90,90,15.92,-19.562,-66.74
90,90,16.08,-26.712,-74.17
90,90,16.24,-32.724,-80.85
90,90,16.4,-23.5,-73.31
90,90,16.56,-22.678,-71.61
90,90,16.72,-20.628,-70.11
90,90,16.88,-23.534,-74
90,90,17.04,-18.806,-70.06
90,90,17.2,-32.13,-84.56
90,90,17.36,-20.456,-73.1
90,90,17.52,-19.376,-71.91
90,90,17.68,-23.102,-76.18
90,90,17.84,-22.228,-75.14
90,90,18,-23.84,-76.65
91,90,2,-5.44,-27.23
91,90,2.16,-5.788,-29.2
91,90,2.32,-3.206,-28.86
91,90,2.48,-3.414,-30.66
91,90,2.64,-5.688,-34.4
91,90,2.8,-2.64,-29.7
91,90,2.96,-2.948,-31.26
91,90,3.12,-7.436,-35.67
91,90,3.28,-2.172,-32.19
91,90,3.44,-0.681999999999999,-29.33
91,90,3.6,-3.57,-31.02
91,90,3.76,-5.594,-35.08
91,90,3.92,-1.732,-29.28
91,90,4.08,-5.662,-33.33
91,90,4.24,-13.016,-42.04
91,90,4.4,-2.93,-32.74
91,90,4.56,-7.996,-37.81
91,90,4.72,-10.934,-40.92
91,90,4.88,-6.95,-37.08
91,90,5.04,-10.33,-40.38
91,90,5.2,-12.34,-43.76
91,90,5.36,-14.71,-45.51
91,90,5.52,-15.158,-45.44
91,90,5.68,-14.74,-46.11
91,90,5.84,-21.722,-53.17
91,90,6,-15.45,-46.99
91,90,6.16,-15.24,-47.28
91,90,6.32,-18.728,-52.22
91,90,6.48,-16.656,-50.74
91,90,6.64,-25.278,-59.67
91,90,6.8,-19.46,-52.96
91,90,6.96,-17.382,-51.71
91,90,7.12,-19.186,-53.78
91,90,7.28,-21.382,-55.76
91,90,7.44,-17.186,-51.52
91,90,7.6,-22.28,-55.68
91,90,7.76,-20.318,-55.54
91,90,7.92,-18.922,-53.55
91,90,8.08,-17.216,-52.02
91,90,8.24,-13.752,-48.86
91,90,8.4,-15.38,-50.76
91,90,8.56,-13.512,-49.79
91,90,8.72,-15.798,-53.1
91,90,8.88,-17.218,-54.36
91,90,9.04,-21.524,-59.31
91,90,9.2,-13.7,-52.56
91,90,9.36,-14.264,-52.33
91,90,9.52,-12.042,-50.42
91,90,9.68,-15.56,-54.45
91,90,9.84,-12.186,-51.3
91,90,10,-11.86,-50.93
91,90,10.16,-16.588,-56.23
91,90,10.32,-15.282,-54.91
91,90,10.48,-14.468,-54
91,90,10.64,-17.008,-57.02
91,90,10.8,-19.18,-59.45
91,90,10.96,-17.756,-57.74
91,90,11.12,-18.236,-58.48
91,90,11.28,-20.616,-61.06
91,90,11.44,-17.052,-57.8
91,90,11.6,-20.19,-61.06
91,90,11.76,-22.214,-63.33
91,90,11.92,-21.724,-62.85
91,90,12.08,-22.48,-64.67
91,90,12.24,-24.054,-66.31
91,90,12.4,-28.25,-70.91
91,90,12.56,-24.87,-68.94
91,90,12.72,-42.664,-87.22
91,90,12.88,-24.866,-70.07
91,90,13.04,-20.718,-67.22
91,90,13.2,-21.62,-68.4
91,90,13.36,-22.724,-68.94
91,90,13.52,-28.152,-74.16
91,90,13.68,-19.96,-66.64
91,90,13.84,-20.898,-68.38
91,90,14,-35.85,-83.7
91,90,14.16,-23.956,-72.18
91,90,14.32,-21.806,-70.76
91,90,14.48,-21.844,-73.67
91,90,14.64,-19.364,-68.82
91,90,14.8,-40.08,-88.09
91,90,14.96,-29.772,-76.9
91,90,15.12,-25.06,-71.49
91,90,15.28,-23.57,-70.12
91,90,15.44,-20.376,-66.69
91,90,15.6,-23.02,-69.65
91,90,15.76,-22.958,-70.15
91,90,15.92,-27.032,-74.21
91,90,16.08,-22.892,-70.35
91,90,16.24,-28.674,-76.8
91,90,16.4,-21.78,-71.59
91,90,16.56,-21.138,-70.07
91,90,16.72,-24.348,-73.83
91,90,16.88,-21.964,-72.43
91,90,17.04,-21.396,-72.65
91,90,17.2,-37.88,-90.31
91,90,17.36,-24.036,-76.68
91,90,17.52,-22.876,-75.41
91,90,17.68,-21.382,-74.46
91,90,17.84,-35.088,-88
91,90,18,-26.84,-79.65
92,90,2,-5.75,-27.54
92,90,2.16,-6.128,-29.54
92,90,2.32,-3.446,-29.1
92,90,2.48,-3.794,-31.04
92,90,2.64,-6.288,-35
92,90,2.8,-2.94,-30
92,90,2.96,-3.118,-31.43
92,90,3.12,-7.736,-35.97
92,90,3.28,-2.652,-32.67
92,90,3.44,-0.931999999999999,-29.58
92,90,3.6,-3.61,-31.06
92,90,3.76,-5.934,-35.42
92,90,3.92,-1.682,-29.23
92,90,4.08,-5.332,-33
92,90,4.24,-13.466,-42.49
92,90,4.4,-2.92,-32.73
92,90,4.56,-7.146,-36.96
92,90,4.72,-11.294,-41.28
92,90,4.88,-7.26,-37.39
92,90,5.04,-9.83,-39.88
92,90,5.2,-13.39,-44.81
92,90,5.36,-15.98,-46.78
92,90,5.52,-16.668,-46.95
92,90,5.68,-14.84,-46.21
92,90,5.84,-26.062,-57.51
92,90,6,-16.33,-47.87
92,90,6.16,-15.76,-47.8
92,90,6.32,-21.028,-54.52
92,90,6.48,-17.346,-51.43
92,90,6.64,-23.888,-58.28
92,90,6.8,-19.77,-53.27
92,90,6.96,-16.692,-51.02
92,90,7.12,-17.956,-52.55
92,90,7.28,-18.572,-52.95
92,90,7.44,-15.206,-49.54
92,90,7.6,-18.62,-52.02
92,90,7.76,-18.528,-53.75
92,90,7.92,-18.952,-53.58
92,90,8.08,-19.496,-54.3
92,90,8.24,-17.062,-52.17
92,90,8.4,-18.58,-53.96
92,90,8.56,-15.262,-51.54
92,90,8.72,-17.518,-54.82
92,90,8.88,-19.188,-56.33
92,90,9.04,-22.534,-60.32
92,90,9.2,-12.73,-51.59
92,90,9.36,-13.304,-51.37
92,90,9.52,-11.772,-50.15
92,90,9.68,-15.83,-54.72
92,90,9.84,-11.656,-50.77
92,90,10,-10.62,-49.69
92,90,10.16,-18.638,-58.28
92,90,10.32,-16.732,-56.36
92,90,10.48,-16.418,-55.95
92,90,10.64,-16.188,-56.2
92,90,10.8,-25.95,-66.22
92,90,10.96,-17.446,-57.43
92,90,11.12,-19.796,-60.04
92,90,11.28,-25.266,-65.71
92,90,11.44,-18.282,-59.03
92,90,11.6,-18.22,-59.09
92,90,11.76,-20.434,-61.55
92,90,11.92,-22.384,-63.51
92,90,12.08,-19.82,-62.01
92,90,12.24,-25.034,-67.29
92,90,12.4,-26.75,-69.41
92,90,12.56,-24.52,-68.59
92,90,12.72,-37.804,-82.36
92,90,12.88,-24.176,-69.38
92,90,13.04,-24.168,-70.67
92,90,13.2,-20.31,-67.09
92,90,13.36,-22.724,-68.94
92,90,13.52,-22.262,-68.27
92,90,13.68,-23.02,-69.7
92,90,13.84,-21.878,-69.36
92,90,14,-25.78,-73.63
92,90,14.16,-22.226,-70.45
92,90,14.32,-23.556,-72.51
92,90,14.48,-19.304,-71.13
92,90,14.64,-23.524,-72.98
92,90,14.8,-29.43,-77.44
92,90,14.96,-24.482,-71.61
92,90,15.12,-25.13,-71.56
92,90,15.28,-29.44,-75.99
92,90,15.44,-22.626,-68.94
92,90,15.6,-24.87,-71.5
92,90,15.76,-23.498,-70.69
92,90,15.92,-25.352,-72.53
92,90,16.08,-23.372,-70.83
92,90,16.24,-23.654,-71.78
92,90,16.4,-30.97,-80.78
92,90,16.56,-24.928,-73.86
92,90,16.72,-22.138,-71.62
92,90,16.88,-20.344,-70.81
92,90,17.04,-19.016,-70.27
92,90,17.2,-20.79,-73.22
92,90,17.36,-27.716,-80.36
92,90,17.52,-31.546,-84.08
92,90,17.68,-25.472,-78.55
92,90,17.84,-23.108,-76.02
92,90,18,-24.4,-77.21
93,90,2,-6.16,-27.95
93,90,2.16,-6.468,-29.88
93,90,2.32,-3.646,-29.3
93,90,2.48,-4.164,-31.41
93,90,2.64,-6.858,-35.57
93,90,2.8,-3.32,-30.38
93,90,2.96,-3.408,-31.72
93,90,3.12,-8.126,-36.36
93,90,3.28,-3.29200000000001,-33.31
93,90,3.44,-1.222,-29.87
93,90,3.6,-3.68,-31.13
93,90,3.76,-6.384,-35.87
93,90,3.92,-1.942,-29.49
93,90,4.08,-5.112,-32.78
93,90,4.24,-14.216,-43.24
93,90,4.4,-3.12,-32.93
93,90,4.56,-6.706,-36.52
93,90,4.72,-11.134,-41.12
93,90,4.88,-7.96,-38.09
93,90,5.04,-9.59,-39.64
93,90,5.2,-13.7,-45.12
93,90,5.36,-15.94,-46.74
93,90,5.52,-18.248,-48.53
93,90,5.68,-15.08,-46.45
93,90,5.84,-31.592,-63.04
93,90,6,-16.73,-48.27
93,90,6.16,-16.74,-48.78
93,90,6.32,-23.908,-57.4
93,90,6.48,-19.086,-53.17
93,90,6.64,-27.398,-61.79
93,90,6.8,-21.89,-55.39
93,90,6.96,-17.062,-51.39
93,90,7.12,-18.626,-53.22
93,90,7.28,-17.692,-52.07
93,90,7.44,-14.556,-48.89
93,90,7.6,-16.12,-49.52
93,90,7.76,-16.868,-52.09
93,90,7.92,-18.642,-53.27
93,90,8.08,-18.986,-53.79
93,90,8.24,-19.042,-54.15
93,90,8.4,-29.6,-64.98
93,90,8.56,-18.332,-54.61
93,90,8.72,-18.198,-55.5
93,90,8.88,-21.418,-58.56
93,90,9.04,-29.084,-66.87
93,90,9.2,-13.69,-52.55
93,90,9.36,-13.864,-51.93
93,90,9.52,-12.362,-50.74
93,90,9.68,-18.56,-57.45
93,90,9.84,-11.216,-50.33
93,90,10,-10.94,-50.01
93,90,10.16,-17.378,-57.02
93,90,10.32,-18.022,-57.65
93,90,10.48,-17.428,-56.96
93,90,10.64,-16.788,-56.8
93,90,10.8,-34.3,-74.57
93,90,10.96,-18.966,-58.95
93,90,11.12,-22.556,-62.8
93,90,11.28,-18.126,-58.57
93,90,11.44,-17.552,-58.3
93,90,11.6,-19.11,-59.98
93,90,11.76,-18.884,-60
93,90,11.92,-21.964,-63.09
93,90,12.08,-18.99,-61.18
93,90,12.24,-18.464,-60.72
93,90,12.4,-21.89,-64.55
93,90,12.56,-31.14,-75.21
93,90,12.72,-27.534,-72.09
93,90,12.88,-23.936,-69.14
93,90,13.04,-20.048,-66.55
93,90,13.2,-17.74,-64.52
93,90,13.36,-20.734,-66.95
93,90,13.52,-31.152,-77.16
93,90,13.68,-20.44,-67.12
93,90,13.84,-19.928,-67.41
93,90,14,-26.09,-73.94
93,90,14.16,-22.876,-71.1
93,90,14.32,-18.896,-67.85
93,90,14.48,-22.374,-74.2
93,90,14.64,-16.174,-65.63
93,90,14.8,-22.01,-70.02
93,90,14.96,-19.042,-66.17
93,90,15.12,-23.78,-70.21
93,90,15.28,-26.88,-73.43
93,90,15.44,-26.636,-72.95
93,90,15.6,-32.85,-79.48
93,90,15.76,-22.558,-69.75
93,90,15.92,-20.852,-68.03
93,90,16.08,-22.602,-70.06
93,90,16.24,-26.864,-74.99
93,90,16.4,-22.51,-72.32
93,90,16.56,-23.588,-72.52
93,90,16.72,-22.988,-72.47
93,90,16.88,-22.174,-72.64
93,90,17.04,-20.516,-71.77
93,90,17.2,-20.65,-73.08
93,90,17.36,-20.146,-72.79
93,90,17.52,-33.316,-85.85
93,90,17.68,-21.172,-74.25
93,90,17.84,-21.208,-74.12
93,90,18,-30.92,-83.73
94,90,2,-6.55,-28.34
94,90,2.16,-6.858,-30.27
94,90,2.32,-3.926,-29.58
94,90,2.48,-4.614,-31.86
94,90,2.64,-7.508,-36.22
94,90,2.8,-3.88,-30.94
94,90,2.96,-3.728,-32.04
94,90,3.12,-8.376,-36.61
94,90,3.28,-4.04200000000001,-34.06
94,90,3.44,-1.572,-30.22
94,90,3.6,-3.8,-31.25
94,90,3.76,-6.96400000000001,-36.45
94,90,3.92,-2.382,-29.93
94,90,4.08,-5.142,-32.81
94,90,4.24,-14.666,-43.69
94,90,4.4,-3.36,-33.17
94,90,4.56,-6.356,-36.17
94,90,4.72,-10.614,-40.6
94,90,4.88,-8.89,-39.02
94,90,5.04,-10.04,-40.09
94,90,5.2,-13.66,-45.08
94,90,5.36,-15.08,-45.88
94,90,5.52,-21.498,-51.78
94,90,5.68,-15.83,-47.2
94,90,5.84,-27.542,-58.99
94,90,6,-18.3,-49.84
94,90,6.16,-18.58,-50.62
94,90,6.32,-27.268,-60.76
94,90,6.48,-21.966,-56.05
94,90,6.64,-25.628,-60.02
94,90,6.8,-25.33,-58.83
94,90,6.96,-17.662,-51.99
94,90,7.12,-19.376,-53.97
94,90,7.28,-18.162,-52.54
94,90,7.44,-14.816,-49.15
94,90,7.6,-14.8,-48.2
94,90,7.76,-16.998,-52.22
94,90,7.92,-18.172,-52.8
94,90,8.08,-17.116,-51.92
94,90,8.24,-17.652,-52.76
94,90,8.4,-22.37,-57.75
94,90,8.56,-27.202,-63.48
94,90,8.72,-15.788,-53.09
94,90,8.88,-17.438,-54.58
94,90,9.04,-25.844,-63.63
94,90,9.2,-14.74,-53.6
94,90,9.36,-15.454,-53.52
94,90,9.52,-14.582,-52.96
94,90,9.68,-20.74,-59.63
94,90,9.84,-13.226,-52.34
94,90,10,-12.67,-51.74
94,90,10.16,-22.798,-62.44
94,90,10.32,-20.022,-59.65
94,90,10.48,-20.218,-59.75
94,90,10.64,-17.108,-57.12
94,90,10.8,-26.38,-66.65
94,90,10.96,-17.286,-57.27
94,90,11.12,-18.986,-59.23
94,90,11.28,-16.726,-57.17
94,90,11.44,-14.882,-55.63
94,90,11.6,-19.25,-60.12
94,90,11.76,-16.944,-58.06
94,90,11.92,-18.694,-59.82
94,90,12.08,-19.57,-61.76
94,90,12.24,-24.014,-66.27
94,90,12.4,-18.91,-61.57
94,90,12.56,-24.51,-68.58
94,90,12.72,-25.774,-70.33
94,90,12.88,-20.186,-65.39
94,90,13.04,-20.498,-67
94,90,13.2,-19.4,-66.18
94,90,13.36,-23.054,-69.27
94,90,13.52,-20.502,-66.51
94,90,13.68,-24.45,-71.13
94,90,13.84,-26.888,-74.37
94,90,14,-19.79,-67.64
94,90,14.16,-17.436,-65.66
94,90,14.32,-16.696,-65.65
94,90,14.48,-16.164,-67.99
94,90,14.64,-12.494,-61.95
94,90,14.8,-13.67,-61.68
94,90,14.96,-21.042,-68.17
94,90,15.12,-19.04,-65.47
94,90,15.28,-24.88,-71.43
94,90,15.44,-33.426,-79.74
94,90,15.6,-35.01,-81.64
94,90,15.76,-25.488,-72.68
94,90,15.92,-27.962,-75.14
94,90,16.08,-23.712,-71.17
94,90,16.24,-28.394,-76.52
94,90,16.4,-26.9,-76.71
94,90,16.56,-27.008,-75.94
94,90,16.72,-38.988,-88.47
94,90,16.88,-26.534,-77
94,90,17.04,-28.496,-79.75
94,90,17.2,-21.69,-74.12
94,90,17.36,-19.286,-71.93
94,90,17.52,-20.476,-73.01
94,90,17.68,-20.842,-73.92
94,90,17.84,-18.118,-71.03
94,90,18,-16.46,-69.27
95,90,2,-7.07,-28.86
95,90,2.16,-7.218,-30.63
95,90,2.32,-4.266,-29.92
95,90,2.48,-4.994,-32.24
95,90,2.64,-8.188,-36.9
95,90,2.8,-4.4,-31.46
95,90,2.96,-4.118,-32.43
95,90,3.12,-8.546,-36.78
95,90,3.28,-4.942,-34.96
95,90,3.44,-1.992,-30.64
95,90,3.6,-4.01,-31.46
95,90,3.76,-7.504,-36.99
95,90,3.92,-3.132,-30.68
95,90,4.08,-5.262,-32.93
95,90,4.24,-15.406,-44.43
95,90,4.4,-4,-33.81
95,90,4.56,-6.386,-36.2
95,90,4.72,-10.234,-40.22
95,90,4.88,-9.87,-40
95,90,5.04,-10.87,-40.92
95,90,5.2,-13.26,-44.68
95,90,5.36,-14.44,-45.24
95,90,5.52,-25.918,-56.2
95,90,5.68,-16.46,-47.83
95,90,5.84,-23.532,-54.98
95,90,6,-19.61,-51.15
95,90,6.16,-21.18,-53.22
95,90,6.32,-32.348,-65.84
95,90,6.48,-25.596,-59.68
95,90,6.64,-21.138,-55.53
95,90,6.8,-23.94,-57.44
95,90,6.96,-16.782,-51.11
95,90,7.12,-18.776,-53.37
95,90,7.28,-18.302,-52.68
95,90,7.44,-16.076,-50.41
95,90,7.6,-14.89,-48.29
95,90,7.76,-16.488,-51.71
95,90,7.92,-18.732,-53.36
95,90,8.08,-16.526,-51.33
95,90,8.24,-16.182,-51.29
95,90,8.4,-16.38,-51.76
95,90,8.56,-28.392,-64.67
95,90,8.72,-13.638,-50.94
95,90,8.88,-14.598,-51.74
95,90,9.04,-20.754,-58.54
95,90,9.2,-14.37,-53.23
95,90,9.36,-17.294,-55.36
95,90,9.52,-18.372,-56.75
95,90,9.68,-26.73,-65.62
95,90,9.84,-15.796,-54.91
95,90,10,-16.63,-55.7
95,90,10.16,-38.028,-77.67
95,90,10.32,-20.242,-59.87
95,90,10.48,-26.768,-66.3
95,90,10.64,-22.638,-62.65
95,90,10.8,-22.86,-63.13
95,90,10.96,-17.036,-57.02
95,90,11.12,-19.866,-60.11
95,90,11.28,-16.406,-56.85
95,90,11.44,-13.792,-54.54
95,90,11.6,-18.93,-59.8
95,90,11.76,-16.304,-57.42
95,90,11.92,-17.674,-58.8
95,90,12.08,-19.07,-61.26
95,90,12.24,-20.974,-63.23
95,90,12.4,-19.55,-62.21
95,90,12.56,-21.79,-65.86
95,90,12.72,-25.244,-69.8
95,90,12.88,-19.726,-64.93
95,90,13.04,-21.458,-67.96
95,90,13.2,-17.1,-63.88
95,90,13.36,-19.344,-65.56
95,90,13.52,-17.892,-63.9
95,90,13.68,-23.18,-69.86
95,90,13.84,-21.518,-69
95,90,14,-21.5,-69.35
95,90,14.16,-25.046,-73.27
95,90,14.32,-18.306,-67.26
95,90,14.48,-16.794,-68.62
95,90,14.64,-13.524,-62.98
95,90,14.8,-11.57,-59.58
95,90,14.96,-15.152,-62.28
95,90,15.12,-16.2,-62.63
95,90,15.28,-20.89,-67.44
95,90,15.44,-21.436,-67.75
95,90,15.6,-26.16,-72.79
95,90,15.76,-22.738,-69.93
95,90,15.92,-25.062,-72.24
95,90,16.08,-30.552,-78.01
95,90,16.24,-21.784,-69.91
95,90,16.4,-31.7,-81.51
95,90,16.56,-23.548,-72.48
95,90,16.72,-35.128,-84.61
95,90,16.88,-30.654,-81.12
95,90,17.04,-28.386,-79.64
95,90,17.2,-28.82,-81.25
95,90,17.36,-19.876,-72.52
95,90,17.52,-17.686,-70.22
95,90,17.68,-24.912,-77.99
95,90,17.84,-18.348,-71.26
95,90,18,-14.41,-67.22
96,90,2,-7.59,-29.38
96,90,2.16,-7.658,-31.07
96,90,2.32,-4.636,-30.29
96,90,2.48,-5.344,-32.59
96,90,2.64,-8.728,-37.44
96,90,2.8,-5.27,-32.33
96,90,2.96,-4.398,-32.71
96,90,3.12,-8.92599999999999,-37.16
96,90,3.28,-6.122,-36.14
96,90,3.44,-2.482,-31.13
96,90,3.6,-4.31,-31.76
96,90,3.76,-8.204,-37.69
96,90,3.92,-4.102,-31.65
96,90,4.08,-5.572,-33.24
96,90,4.24,-15.486,-44.51
96,90,4.4,-4.74,-34.55
96,90,4.56,-6.806,-36.62
96,90,4.72,-10.214,-40.2
96,90,4.88,-10.7,-40.83
96,90,5.04,-12.17,-42.22
96,90,5.2,-13.47,-44.89
96,90,5.36,-14.24,-45.04
96,90,5.52,-31.358,-61.64
96,90,5.68,-18.98,-50.35
96,90,5.84,-21.902,-53.35
96,90,6,-20.27,-51.81
96,90,6.16,-26.03,-58.07
96,90,6.32,-29.838,-63.33
96,90,6.48,-40.836,-74.92
96,90,6.64,-18.448,-52.84
96,90,6.8,-18.78,-52.28
96,90,6.96,-15.212,-49.54
96,90,7.12,-16.996,-51.59
96,90,7.28,-18.972,-53.35
96,90,7.44,-17.886,-52.22
96,90,7.6,-15.63,-49.03
96,90,7.76,-17.368,-52.59
96,90,7.92,-20.522,-55.15
96,90,8.08,-17.636,-52.44
96,90,8.24,-16.292,-51.4
96,90,8.4,-15.06,-50.44
96,90,8.56,-21.162,-57.44
96,90,8.72,-13.308,-50.61
96,90,8.88,-13.668,-50.81
96,90,9.04,-17.444,-55.23
96,90,9.2,-12.88,-51.74
96,90,9.36,-16.934,-55
96,90,9.52,-20.462,-58.84
96,90,9.68,-27.58,-66.47
96,90,9.84,-17.706,-56.82
96,90,10,-24.57,-63.64
96,90,10.16,-19.728,-59.37
96,90,10.32,-16.662,-56.29
96,90,10.48,-25.558,-65.09
96,90,10.64,-25.148,-65.16
96,90,10.8,-20.3,-60.57
96,90,10.96,-19.436,-59.42
96,90,11.12,-22.086,-62.33
96,90,11.28,-17.996,-58.44
96,90,11.44,-13.832,-54.58
96,90,11.6,-19.08,-59.95
96,90,11.76,-18.724,-59.84
96,90,11.92,-16.994,-58.12
96,90,12.08,-21.4,-63.59
96,90,12.24,-25.144,-67.4
96,90,12.4,-19.66,-62.32
96,90,12.56,-20.04,-64.11
96,90,12.72,-28.814,-73.37
96,90,12.88,-21.266,-66.47
96,90,13.04,-18.838,-65.34
96,90,13.2,-17.82,-64.6
96,90,13.36,-19.334,-65.55
96,90,13.52,-16.862,-62.87
96,90,13.68,-19.47,-66.15
96,90,13.84,-21.378,-68.86
96,90,14,-26.49,-74.34
96,90,14.16,-18.026,-66.25
96,90,14.32,-14.176,-63.13
96,90,14.48,-17.284,-69.11
96,90,14.64,-12.224,-61.68
96,90,14.8,-13.19,-61.2
96,90,14.96,-17.662,-64.79
96,90,15.12,-18.09,-64.52
96,90,15.28,-19.37,-65.92
96,90,15.44,-23.146,-69.46
96,90,15.6,-21.06,-67.69
96,90,15.76,-21.788,-68.98
96,90,15.92,-19.362,-66.54
96,90,16.08,-24.872,-72.33
96,90,16.24,-35.664,-83.79
96,90,16.4,-25.1,-74.91
96,90,16.56,-26.618,-75.55
96,90,16.72,-23.358,-72.84
96,90,16.88,-24.134,-74.6
96,90,17.04,-25.306,-76.56
96,90,17.2,-32.53,-84.96
96,90,17.36,-17.586,-70.23
96,90,17.52,-20.046,-72.58
96,90,17.68,-29.502,-82.58
96,90,17.84,-17.878,-70.79
96,90,18,-21.83,-74.64
97,90,2,-8.11,-29.9
97,90,2.16,-8.228,-31.64
97,90,2.32,-5.066,-30.72
97,90,2.48,-5.924,-33.17
97,90,2.64,-9.328,-38.04
97,90,2.8,-6.21,-33.27
97,90,2.96,-4.898,-33.21
97,90,3.12,-9.056,-37.29
97,90,3.28,-7.25200000000001,-37.27
97,90,3.44,-3.102,-31.75
97,90,3.6,-4.75,-32.2
97,90,3.76,-8.82400000000001,-38.31
97,90,3.92,-5.352,-32.9
97,90,4.08,-6.302,-33.97
97,90,4.24,-16.046,-45.07
97,90,4.4,-5.96,-35.77
97,90,4.56,-7.226,-37.04
97,90,4.72,-10.344,-40.33
97,90,4.88,-11.93,-42.06
97,90,5.04,-14.91,-44.96
97,90,5.2,-14.63,-46.05
97,90,5.36,-15.33,-46.13
97,90,5.52,-27.738,-58.02
97,90,5.68,-22.76,-54.13
97,90,5.84,-22.782,-54.23
97,90,6,-20.78,-52.32
97,90,6.16,-28.07,-60.11
97,90,6.32,-32.008,-65.5
97,90,6.48,-28.096,-62.18
97,90,6.64,-15.948,-50.34
97,90,6.8,-15.5,-49
97,90,6.96,-13.242,-47.57
97,90,7.12,-14.756,-49.35
97,90,7.28,-18.802,-53.18
97,90,7.44,-20.366,-54.7
97,90,7.6,-17.03,-50.43
97,90,7.76,-18.268,-53.49
97,90,7.92,-22.002,-56.63
97,90,8.08,-19.836,-54.64
97,90,8.24,-19.222,-54.33
97,90,8.4,-15.55,-50.93
97,90,8.56,-19.362,-55.64
97,90,8.72,-14.428,-51.73
97,90,8.88,-14.718,-51.86
97,90,9.04,-15.354,-53.14
97,90,9.2,-13.94,-52.8
97,90,9.36,-17.754,-55.82
97,90,9.52,-23.402,-61.78
97,90,9.68,-20.17,-59.06
97,90,9.84,-16.556,-55.67
97,90,10,-36.87,-75.94
97,90,10.16,-16.208,-55.85
97,90,10.32,-13.912,-53.54
97,90,10.48,-15.338,-54.87
97,90,10.64,-21.818,-61.83
97,90,10.8,-16.04,-56.31
97,90,10.96,-18.406,-58.39
97,90,11.12,-17.086,-57.33
97,90,11.28,-21.236,-61.68
97,90,11.44,-17.372,-58.12
97,90,11.6,-18.54,-59.41
97,90,11.76,-23.544,-64.66
97,90,11.92,-17.884,-59.01
97,90,12.08,-21.3,-63.49
97,90,12.24,-19.674,-61.93
97,90,12.4,-22.49,-65.15
97,90,12.56,-17.7,-61.77
97,90,12.72,-26.844,-71.4
97,90,12.88,-18.866,-64.07
97,90,13.04,-20.148,-66.65
97,90,13.2,-19.03,-65.81
97,90,13.36,-20.244,-66.46
97,90,13.52,-25.002,-71.01
97,90,13.68,-21.11,-67.79
97,90,13.84,-30.288,-77.77
97,90,14,-20.9,-68.75
97,90,14.16,-21.186,-69.41
97,90,14.32,-13.106,-62.06
97,90,14.48,-19.004,-70.83
97,90,14.64,-14.394,-63.85
97,90,14.8,-15.44,-63.45
97,90,14.96,-19.632,-66.76
97,90,15.12,-20.45,-66.88
97,90,15.28,-24.8,-71.35
97,90,15.44,-17.896,-64.21
97,90,15.6,-24.08,-70.71
97,90,15.76,-21.248,-68.44
97,90,15.92,-22.602,-69.78
97,90,16.08,-23.042,-70.5
97,90,16.24,-26.324,-74.45
97,90,16.4,-22.5,-72.31
97,90,16.56,-26.498,-75.43
97,90,16.72,-20.338,-69.82
97,90,16.88,-20.944,-71.41
97,90,17.04,-20.486,-71.74
97,90,17.2,-23.72,-76.15
97,90,17.36,-17.336,-69.98
97,90,17.52,-21.736,-74.27
97,90,17.68,-33.602,-86.68
97,90,17.84,-24.258,-77.17
97,90,18,-22.15,-74.96
98,90,2,-8.84,-30.63
98,90,2.16,-8.778,-32.19
98,90,2.32,-5.536,-31.19
98,90,2.48,-6.384,-33.63
98,90,2.64,-10.088,-38.8
98,90,2.8,-7.22,-34.28
98,90,2.96,-5.428,-33.74
98,90,3.12,-9.246,-37.48
98,90,3.28,-8.532,-38.55
98,90,3.44,-3.772,-32.42
98,90,3.6,-5.2,-32.65
98,90,3.76,-9.374,-38.86
98,90,3.92,-6.86199999999999,-34.41
98,90,4.08,-7.042,-34.71
98,90,4.24,-16.366,-45.39
98,90,4.4,-7.69,-37.5
98,90,4.56,-8.256,-38.07
98,90,4.72,-10.984,-40.97
98,90,4.88,-12.72,-42.85
98,90,5.04,-19.14,-49.19
98,90,5.2,-16.4,-47.82
98,90,5.36,-16.46,-47.26
98,90,5.52,-25.478,-55.76
98,90,5.68,-31.3,-62.67
98,90,5.84,-24.162,-55.61
98,90,6,-19.58,-51.12
98,90,6.16,-25.31,-57.35
98,90,6.32,-33.378,-66.87
98,90,6.48,-22.886,-56.97
98,90,6.64,-15.378,-49.77
98,90,6.8,-14.41,-47.91
98,90,6.96,-12.102,-46.43
98,90,7.12,-12.846,-47.44
98,90,7.28,-17.832,-52.21
98,90,7.44,-19.996,-54.33
98,90,7.6,-18.76,-52.16
98,90,7.76,-20.728,-55.95
98,90,7.92,-23.702,-58.33
98,90,8.08,-23.706,-58.51
98,90,8.24,-24.482,-59.59
98,90,8.4,-17.44,-52.82
98,90,8.56,-18.182,-54.46
98,90,8.72,-16.398,-53.7
98,90,8.88,-16.018,-53.16
98,90,9.04,-14.964,-52.75
98,90,9.2,-15.18,-54.04
98,90,9.36,-19.664,-57.73
98,90,9.52,-22.242,-60.62
98,90,9.68,-18.47,-57.36
98,90,9.84,-15.346,-54.46
98,90,10,-25.53,-64.6
98,90,10.16,-15.078,-54.72
98,90,10.32,-11.882,-51.51
98,90,10.48,-12.828,-52.36
98,90,10.64,-17.868,-57.88
98,90,10.8,-14.13,-54.4
98,90,10.96,-16.006,-55.99
98,90,11.12,-15.986,-56.23
98,90,11.28,-21.086,-61.53
98,90,11.44,-17.062,-57.81
98,90,11.6,-19.35,-60.22
98,90,11.76,-18.574,-59.69
98,90,11.92,-17.054,-58.18
98,90,12.08,-21.26,-63.45
98,90,12.24,-17.004,-59.26
98,90,12.4,-19.2,-61.86
98,90,12.56,-16.64,-60.71
98,90,12.72,-24.544,-69.1
98,90,12.88,-19.486,-64.69
98,90,13.04,-17.758,-64.26
98,90,13.2,-18.96,-65.74
98,90,13.36,-26.574,-72.79
98,90,13.52,-25.702,-71.71
98,90,13.68,-18.38,-65.06
98,90,13.84,-27.468,-74.95
98,90,14,-21.66,-69.51
98,90,14.16,-18.516,-66.74
98,90,14.32,-17.826,-66.78
98,90,14.48,-19.724,-71.55
98,90,14.64,-14.944,-64.4
98,90,14.8,-14.57,-62.58
98,90,14.96,-24.212,-71.34
98,90,15.12,-31.53,-77.96
98,90,15.28,-20.17,-66.72
98,90,15.44,-22.566,-68.88
98,90,15.6,-21.91,-68.54
98,90,15.76,-18.748,-65.94
98,90,15.92,-20.742,-67.92
98,90,16.08,-24.492,-71.95
98,90,16.24,-20.214,-68.34
98,90,16.4,-23.77,-73.58
98,90,16.56,-24.278,-73.21
98,90,16.72,-23.638,-73.12
98,90,16.88,-28.904,-79.37
98,90,17.04,-20.576,-71.83
98,90,17.2,-24.83,-77.26
98,90,17.36,-27.266,-79.91
98,90,17.52,-20.456,-72.99
98,90,17.68,-29.382,-82.46
98,90,17.84,-25.018,-77.93
98,90,18,-21.55,-74.36
99,90,2,-9.51,-31.3
99,90,2.16,-9.418,-32.83
99,90,2.32,-6.026,-31.68
99,90,2.48,-6.944,-34.19
99,90,2.64,-10.838,-39.55
99,90,2.8,-8.32,-35.38
99,90,2.96,-5.948,-34.26
99,90,3.12,-9.266,-37.5
99,90,3.28,-9.832,-39.85
99,90,3.44,-4.802,-33.45
99,90,3.6,-5.8,-33.25
99,90,3.76,-10.004,-39.49
99,90,3.92,-8.952,-36.5
99,90,4.08,-8.172,-35.84
99,90,4.24,-16.746,-45.77
99,90,4.4,-9.96,-39.77
99,90,4.56,-9.476,-39.29
99,90,4.72,-11.624,-41.61
99,90,4.88,-13.54,-43.67
99,90,5.04,-28.57,-58.62
99,90,5.2,-19.7,-51.12
99,90,5.36,-19,-49.8
99,90,5.52,-24.768,-55.05
99,90,5.68,-30.06,-61.43
99,90,5.84,-33.452,-64.9
99,90,6,-18.02,-49.56
99,90,6.16,-21.74,-53.78
99,90,6.32,-28.318,-61.81
99,90,6.48,-20.586,-54.67
99,90,6.64,-15.368,-49.76
99,90,6.8,-13.54,-47.04
99,90,6.96,-11.632,-45.96
99,90,7.12,-12.386,-46.98
99,90,7.28,-15.782,-50.16
99,90,7.44,-19.636,-53.97
99,90,7.6,-19.78,-53.18
99,90,7.76,-22.298,-57.52
99,90,7.92,-23.212,-57.84
99,90,8.08,-23.576,-58.38
99,90,8.24,-23.072,-58.18
99,90,8.4,-19.85,-55.23
99,90,8.56,-18.692,-54.97
99,90,8.72,-17.028,-54.33
99,90,8.88,-17.388,-54.53
99,90,9.04,-14.774,-52.56
99,90,9.2,-18.5,-57.36
99,90,9.36,-18.924,-56.99
99,90,9.52,-19.842,-58.22
99,90,9.68,-15.41,-54.3
99,90,9.84,-12.606,-51.72
99,90,10,-19.52,-58.59
99,90,10.16,-15.808,-55.45
99,90,10.32,-10.872,-50.5
99,90,10.48,-11.398,-50.93
99,90,10.64,-17.288,-57.3
99,90,10.8,-13.91,-54.18
99,90,10.96,-15.686,-55.67
99,90,11.12,-16.546,-56.79
99,90,11.28,-18.646,-59.09
99,90,11.44,-19.982,-60.73
99,90,11.6,-20.44,-61.31
99,90,11.76,-18.654,-59.77
99,90,11.92,-19.474,-60.6
99,90,12.08,-19.26,-61.45
99,90,12.24,-16.724,-58.98
99,90,12.4,-17.75,-60.41
99,90,12.56,-17.53,-61.6
99,90,12.72,-22.104,-66.66
99,90,12.88,-18.436,-63.64
99,90,13.04,-15.848,-62.35
99,90,13.2,-20.69,-67.47
99,90,13.36,-21.574,-67.79
99,90,13.52,-21.932,-67.94
99,90,13.68,-33.15,-79.83
99,90,13.84,-26.768,-74.25
99,90,14,-20.72,-68.57
99,90,14.16,-25.346,-73.57
99,90,14.32,-20.126,-69.08
99,90,14.48,-18.034,-69.86
99,90,14.64,-13.774,-63.23
99,90,14.8,-14.92,-62.93
99,90,14.96,-27.232,-74.36
99,90,15.12,-23.25,-69.68
99,90,15.28,-27.7,-74.25
99,90,15.44,-22.436,-68.75
99,90,15.6,-24.64,-71.27
99,90,15.76,-17.858,-65.05
99,90,15.92,-18.802,-65.98
99,90,16.08,-25.632,-73.09
99,90,16.24,-21.834,-69.96
99,90,16.4,-21.67,-71.48
99,90,16.56,-21.778,-70.71
99,90,16.72,-20.008,-69.49
99,90,16.88,-26.584,-77.05
99,90,17.04,-24.446,-75.7
99,90,17.2,-17.57,-70
99,90,17.36,-27.156,-79.8
99,90,17.52,-21.236,-73.77
99,90,17.68,-24.432,-77.51
99,90,17.84,-26.208,-79.12
99,90,18,-24.43,-77.24
100,90,2,-10.28,-32.07
100,90,2.16,-10.148,-33.56
100,90,2.32,-6.816,-32.47
100,90,2.48,-7.594,-34.84
100,90,2.64,-11.598,-40.31
100,90,2.8,-9.49,-36.55
100,90,2.96,-6.70800000000001,-35.02
100,90,3.12,-9.566,-37.8
100,90,3.28,-10.892,-40.91
100,90,3.44,-6.182,-34.83
100,90,3.6,-6.66,-34.11
100,90,3.76,-10.854,-40.34
100,90,3.92,-11.582,-39.13
100,90,4.08,-9.762,-37.43
100,90,4.24,-16.416,-45.44
100,90,4.4,-12.82,-42.63
100,90,4.56,-11.156,-40.97
100,90,4.72,-12.904,-42.89
100,90,4.88,-14.13,-44.26
100,90,5.04,-26.98,-57.03
100,90,5.2,-27.67,-59.09
100,90,5.36,-22.66,-53.46
100,90,5.52,-23.878,-54.16
100,90,5.68,-21.09,-52.46
100,90,5.84,-33.832,-65.28
100,90,6,-16.49,-48.03
100,90,6.16,-18.45,-50.49
100,90,6.32,-23.618,-57.11
100,90,6.48,-18.796,-52.88
100,90,6.64,-16.028,-50.42
100,90,6.8,-13.81,-47.31
100,90,6.96,-12.362,-46.69
100,90,7.12,-13.066,-47.66
100,90,7.28,-14.352,-48.73
100,90,7.44,-18.706,-53.04
100,90,7.6,-19.8,-53.2
100,90,7.76,-24.618,-59.84
100,90,7.92,-22.322,-56.95
100,90,8.08,-22.646,-57.45
100,90,8.24,-20.132,-55.24
100,90,8.4,-21.45,-56.83
100,90,8.56,-19.412,-55.69
100,90,8.72,-17.388,-54.69
100,90,8.88,-19.808,-56.95
100,90,9.04,-15.374,-53.16
100,90,9.2,-23.57,-62.43
100,90,9.36,-16.204,-54.27
100,90,9.52,-18.212,-56.59
100,90,9.68,-13.53,-52.42
100,90,9.84,-11.266,-50.38
100,90,10,-13.15,-52.22
100,90,10.16,-18.588,-58.23
100,90,10.32,-10.782,-50.41
100,90,10.48,-10.238,-49.77
100,90,10.64,-14.658,-54.67
100,90,10.8,-16,-56.27
100,90,10.96,-15.396,-55.38
100,90,11.12,-17.886,-58.13
100,90,11.28,-20.106,-60.55
100,90,11.44,-22.232,-62.98
100,90,11.6,-24.22,-65.09
100,90,11.76,-21.284,-62.4
100,90,11.92,-23.724,-64.85
100,90,12.08,-23.09,-65.28
100,90,12.24,-20.204,-62.46
100,90,12.4,-17.54,-60.2
100,90,12.56,-19.09,-63.16
100,90,12.72,-19.744,-64.3
100,90,12.88,-21.396,-66.6
100,90,13.04,-16.938,-63.44
100,90,13.2,-17.55,-64.33
100,90,13.36,-21.424,-67.64
100,90,13.52,-19.742,-65.75
100,90,13.68,-46.63,-93.31
100,90,13.84,-26.338,-73.82
100,90,14,-23.49,-71.34
100,90,14.16,-17.826,-66.05
100,90,14.32,-29.796,-78.75
100,90,14.48,-15.624,-67.45
100,90,14.64,-14.304,-63.76
100,90,14.8,-13.29,-61.3
100,90,14.96,-16.532,-63.66
100,90,15.12,-20.89,-67.32
100,90,15.28,-22.71,-69.26
100,90,15.44,-19.966,-66.28
100,90,15.6,-20.69,-67.32
100,90,15.76,-16.658,-63.85
100,90,15.92,-17.822,-65
100,90,16.08,-25.022,-72.48
100,90,16.24,-18.534,-66.66
100,90,16.4,-20.81,-70.62
100,90,16.56,-21.658,-70.59
100,90,16.72,-23.678,-73.16
100,90,16.88,-20.104,-70.57
100,90,17.04,-33.926,-85.18
100,90,17.2,-22.03,-74.46
100,90,17.36,-19.336,-71.98
100,90,17.52,-22.406,-74.94
100,90,17.68,-23.522,-76.6
100,90,17.84,-21.408,-74.32
100,90,18,-15.99,-68.8
101,90,2,-10.96,-32.75
101,90,2.16,-10.958,-34.37
101,90,2.32,-7.666,-33.32
101,90,2.48,-8.394,-35.64
101,90,2.64,-12.178,-40.89
101,90,2.8,-11.08,-38.14
101,90,2.96,-7.658,-35.97
101,90,3.12,-9.686,-37.92
101,90,3.28,-11.792,-41.81
101,90,3.44,-7.822,-36.47
101,90,3.6,-7.7,-35.15
101,90,3.76,-11.964,-41.45
101,90,3.92,-14.862,-42.41
101,90,4.08,-11.592,-39.26
101,90,4.24,-16.496,-45.52
101,90,4.4,-17.39,-47.2
101,90,4.56,-13.426,-43.24
101,90,4.72,-14.994,-44.98
101,90,4.88,-14.95,-45.08
101,90,5.04,-18.75,-48.8
101,90,5.2,-28.33,-59.75
101,90,5.36,-27.29,-58.09
101,90,5.52,-23.098,-53.38
101,90,5.68,-17.41,-48.78
101,90,5.84,-24.442,-55.89
101,90,6,-16.02,-47.56
101,90,6.16,-15.99,-48.03
101,90,6.32,-18.218,-51.71
101,90,6.48,-17.276,-51.36
101,90,6.64,-15.028,-49.42
101,90,6.8,-14.27,-47.77
101,90,6.96,-12.952,-47.28
101,90,7.12,-13.396,-47.99
101,90,7.28,-14.012,-48.39
101,90,7.44,-18.386,-52.72
101,90,7.6,-19.83,-53.23
101,90,7.76,-34.558,-69.78
101,90,7.92,-23.872,-58.5
101,90,8.08,-22.346,-57.15
101,90,8.24,-17.972,-53.08
101,90,8.4,-20.08,-55.46
101,90,8.56,-21.412,-57.69
101,90,8.72,-15.118,-52.42
101,90,8.88,-16.138,-53.28
101,90,9.04,-16.534,-54.32
101,90,9.2,-22.97,-61.83
101,90,9.36,-15.274,-53.34
101,90,9.52,-16.202,-54.58
101,90,9.68,-14.2,-53.09
101,90,9.84,-10.636,-49.75
101,90,10,-10,-49.07
101,90,10.16,-19.878,-59.52
101,90,10.32,-12.102,-51.73
101,90,10.48,-10.018,-49.55
101,90,10.64,-13.658,-53.67
101,90,10.8,-20.09,-60.36
101,90,10.96,-15.546,-55.53
101,90,11.12,-19.696,-59.94
101,90,11.28,-24.116,-64.56
101,90,11.44,-24.002,-64.75
101,90,11.6,-26.14,-67.01
101,90,11.76,-26.834,-67.95
101,90,11.92,-30.514,-71.64
101,90,12.08,-25.8,-67.99
101,90,12.24,-35.204,-77.46
101,90,12.4,-19.05,-61.71
101,90,12.56,-26.61,-70.68
101,90,12.72,-24.234,-68.79
101,90,12.88,-26.516,-71.72
101,90,13.04,-17.048,-63.55
101,90,13.2,-18.96,-65.74
101,90,13.36,-25.054,-71.27
101,90,13.52,-22.512,-68.52
101,90,13.68,-28.93,-75.61
101,90,13.84,-22.008,-69.49
101,90,14,-36.84,-84.69
101,90,14.16,-17.326,-65.55
101,90,14.32,-37.516,-86.47
101,90,14.48,-17.164,-68.99
101,90,14.64,-12.634,-62.09
101,90,14.8,-14.13,-62.14
101,90,14.96,-17.532,-64.66
101,90,15.12,-18.58,-65.01
101,90,15.28,-23.72,-70.27
101,90,15.44,-16.376,-62.69
101,90,15.6,-17.56,-64.19
101,90,15.76,-15.598,-62.79
101,90,15.92,-15.532,-62.71
101,90,16.08,-17.602,-65.06
101,90,16.24,-13.564,-61.69
101,90,16.4,-20,-69.81
101,90,16.56,-22.028,-70.96
101,90,16.72,-28.958,-78.44
101,90,16.88,-25.064,-75.53
101,90,17.04,-19.236,-70.49
101,90,17.2,-25.81,-78.24
101,90,17.36,-19.486,-72.13
101,90,17.52,-18.336,-70.87
101,90,17.68,-30.122,-83.2
101,90,17.84,-22.218,-75.13
101,90,18,-31.53,-84.34
102,90,2,-11.81,-33.6
102,90,2.16,-11.778,-35.19
102,90,2.32,-8.686,-34.34
102,90,2.48,-9.354,-36.6
102,90,2.64,-12.728,-41.44
102,90,2.8,-12.39,-39.45
102,90,2.96,-8.618,-36.93
102,90,3.12,-10.006,-38.24
102,90,3.28,-12.342,-42.36
102,90,3.44,-10.242,-38.89
102,90,3.6,-8.94,-36.39
102,90,3.76,-13.954,-43.44
102,90,3.92,-18.552,-46.1
102,90,4.08,-13.362,-41.03
102,90,4.24,-16.576,-45.6
102,90,4.4,-23.74,-53.55
102,90,4.56,-16.646,-46.46
102,90,4.72,-17.364,-47.35
102,90,4.88,-14.71,-44.84
102,90,5.04,-15.67,-45.72
102,90,5.2,-20.08,-51.5
102,90,5.36,-28.42,-59.22
102,90,5.52,-23.008,-53.29
102,90,5.68,-15.04,-46.41
102,90,5.84,-20.202,-51.65
102,90,6,-15.26,-46.8
102,90,6.16,-14.93,-46.97
102,90,6.32,-16.278,-49.77
102,90,6.48,-16.666,-50.75
102,90,6.64,-14.278,-48.67
102,90,6.8,-14.39,-47.89
102,90,6.96,-14.082,-48.41
102,90,7.12,-15.166,-49.76
102,90,7.28,-13.552,-47.93
102,90,7.44,-19.256,-53.59
102,90,7.6,-19.59,-52.99
102,90,7.76,-35.888,-71.11
102,90,7.92,-24.932,-59.56
102,90,8.08,-25.756,-60.56
102,90,8.24,-19.552,-54.66
102,90,8.4,-17.66,-53.04
102,90,8.56,-23.512,-59.79
102,90,8.72,-14.048,-51.35
102,90,8.88,-13.328,-50.47
102,90,9.04,-16.294,-54.08
102,90,9.2,-19.89,-58.75
102,90,9.36,-14.414,-52.48
102,90,9.52,-17.072,-55.45
102,90,9.68,-15.62,-54.51
102,90,9.84,-11.416,-50.53
102,90,10,-9.45,-48.52
102,90,10.16,-17.488,-57.13
102,90,10.32,-12.292,-51.92
102,90,10.48,-9.918,-49.45
102,90,10.64,-12.118,-52.13
102,90,10.8,-23.97,-64.24
102,90,10.96,-15.526,-55.51
102,90,11.12,-19.236,-59.48
102,90,11.28,-26.446,-66.89
102,90,11.44,-21.472,-62.22
102,90,11.6,-22.14,-63.01
102,90,11.76,-20.564,-61.68
102,90,11.92,-28.114,-69.24
102,90,12.08,-20.83,-63.02
102,90,12.24,-20.854,-63.11
102,90,12.4,-17.51,-60.17
102,90,12.56,-23.75,-67.82
102,90,12.72,-28.214,-72.77
102,90,12.88,-24.016,-69.22
102,90,13.04,-24.468,-70.97
102,90,13.2,-22.29,-69.07
102,90,13.36,-27.644,-73.86
102,90,13.52,-32.322,-78.33
102,90,13.68,-27.16,-73.84
102,90,13.84,-24.828,-72.31
102,90,14,-31.59,-79.44
102,90,14.16,-18.986,-67.21
102,90,14.32,-23.756,-72.71
102,90,14.48,-12.884,-64.71
102,90,14.64,-13.274,-62.73
102,90,14.8,-14.55,-62.56
102,90,14.96,-19.192,-66.32
102,90,15.12,-19.3,-65.73
102,90,15.28,-20.63,-67.18
102,90,15.44,-18.276,-64.59
102,90,15.6,-18.96,-65.59
102,90,15.76,-16.448,-63.64
102,90,15.92,-13.922,-61.1
102,90,16.08,-19.322,-66.78
102,90,16.24,-19.724,-67.85
102,90,16.4,-20.21,-70.02
102,90,16.56,-30.278,-79.21
102,90,16.72,-27.028,-76.51
102,90,16.88,-19.234,-69.7
102,90,17.04,-29.076,-80.33
102,90,17.2,-25.29,-77.72
102,90,17.36,-24.016,-76.66
102,90,17.52,-22.806,-75.34
102,90,17.68,-18.322,-71.4
102,90,17.84,-29.078,-81.99
102,90,18,-31.76,-84.57
103,90,2,-12.51,-34.3
103,90,2.16,-12.698,-36.11
103,90,2.32,-9.696,-35.35
103,90,2.48,-10.284,-37.53
103,90,2.64,-13.388,-42.1
103,90,2.8,-14.2,-41.26
103,90,2.96,-9.728,-38.04
103,90,3.12,-10.356,-38.59
103,90,3.28,-12.702,-42.72
103,90,3.44,-13.612,-42.26
103,90,3.6,-10.91,-38.36
103,90,3.76,-16.364,-45.85
103,90,3.92,-20.882,-48.43
103,90,4.08,-14.342,-42.01
103,90,4.24,-16.396,-45.42
103,90,4.4,-23.06,-52.87
103,90,4.56,-20.356,-50.17
103,90,4.72,-21.684,-51.67
103,90,4.88,-14.74,-44.87
103,90,5.04,-13.91,-43.96
103,90,5.2,-16.36,-47.78
103,90,5.36,-23.4,-54.2
103,90,5.52,-22.368,-52.65
103,90,5.68,-13.4,-44.77
103,90,5.84,-18.592,-50.04
103,90,6,-15.14,-46.68
103,90,6.16,-14.5,-46.54
103,90,6.32,-15.048,-48.54
103,90,6.48,-15.616,-49.7
103,90,6.64,-13.238,-47.63
103,90,6.8,-14.55,-48.05
103,90,6.96,-14.702,-49.03
103,90,7.12,-16.216,-50.81
103,90,7.28,-14.082,-48.46
103,90,7.44,-21.136,-55.47
103,90,7.6,-20.55,-53.95
103,90,7.76,-26.708,-61.93
103,90,7.92,-28.832,-63.46
103,90,8.08,-30.346,-65.15
103,90,8.24,-19.402,-54.51
103,90,8.4,-16.84,-52.22
103,90,8.56,-24.462,-60.74
103,90,8.72,-13.558,-50.86
103,90,8.88,-12.348,-49.49
103,90,9.04,-15.544,-53.33
103,90,9.2,-17.33,-56.19
103,90,9.36,-13.414,-51.48
103,90,9.52,-16.212,-54.59
103,90,9.68,-18.71,-57.6
103,90,9.84,-11.956,-51.07
103,90,10,-9.1,-48.17
103,90,10.16,-17.048,-56.69
103,90,10.32,-12.842,-52.47
103,90,10.48,-8.958,-48.49
103,90,10.64,-11.708,-51.72
103,90,10.8,-23,-63.27
103,90,10.96,-14.296,-54.28
103,90,11.12,-16.746,-56.99
103,90,11.28,-20.946,-61.39
103,90,11.44,-22.732,-63.48
103,90,11.6,-18.36,-59.23
103,90,11.76,-18.474,-59.59
103,90,11.92,-23.114,-64.24
103,90,12.08,-17.33,-59.52
103,90,12.24,-16.504,-58.76
103,90,12.4,-15.86,-58.52
103,90,12.56,-18.29,-62.36
103,90,12.72,-19.234,-63.79
103,90,12.88,-23.276,-68.48
103,90,13.04,-21.468,-67.97
103,90,13.2,-19.35,-66.13
103,90,13.36,-24.344,-70.56
103,90,13.52,-31.622,-77.63
103,90,13.68,-27.45,-74.13
103,90,13.84,-22.878,-70.36
103,90,14,-39.71,-87.56
103,90,14.16,-21.426,-69.65
103,90,14.32,-20.596,-69.55
103,90,14.48,-15.924,-67.75
103,90,14.64,-15.094,-64.55
103,90,14.8,-13.58,-61.59
103,90,14.96,-23.952,-71.08
103,90,15.12,-24.54,-70.97
103,90,15.28,-17.37,-63.92
103,90,15.44,-16.706,-63.02
103,90,15.6,-17.67,-64.3
103,90,15.76,-14.958,-62.15
103,90,15.92,-15.792,-62.97
103,90,16.08,-17.752,-65.21
103,90,16.24,-20.644,-68.77
103,90,16.4,-19.02,-68.83
103,90,16.56,-30.178,-79.11
103,90,16.72,-22.888,-72.37
103,90,16.88,-25.574,-76.04
103,90,17.04,-20.606,-71.86
103,90,17.2,-26.06,-78.49
103,90,17.36,-20.466,-73.11
103,90,17.52,-20.586,-73.12
103,90,17.68,-29.152,-82.23
103,90,17.84,-29.748,-82.66
103,90,18,-30.2,-83.01
104,90,2,-13.25,-35.04
104,90,2.16,-13.648,-37.06
104,90,2.32,-11.216,-36.87
104,90,2.48,-11.644,-38.89
104,90,2.64,-14.268,-42.98
104,90,2.8,-16.25,-43.31
104,90,2.96,-11.068,-39.38
104,90,3.12,-10.916,-39.15
104,90,3.28,-12.572,-42.59
104,90,3.44,-19.552,-48.2
104,90,3.6,-13.37,-40.82
104,90,3.76,-20.904,-50.39
104,90,3.92,-18.422,-45.97
104,90,4.08,-13.552,-41.22
104,90,4.24,-16.676,-45.7
104,90,4.4,-18.56,-48.37
104,90,4.56,-19.336,-49.15
104,90,4.72,-23.594,-53.58
104,90,4.88,-14.06,-44.19
104,90,5.04,-13.4,-43.45
104,90,5.2,-14.2,-45.62
104,90,5.36,-22.6,-53.4
104,90,5.52,-21.628,-51.91
104,90,5.68,-12.62,-43.99
104,90,5.84,-17.262,-48.71
104,90,6,-15.29,-46.83
104,90,6.16,-14.09,-46.13
104,90,6.32,-13.378,-46.87
104,90,6.48,-15.056,-49.14
104,90,6.64,-12.208,-46.6
104,90,6.8,-14.93,-48.43
104,90,6.96,-15.722,-50.05
104,90,7.12,-17.096,-51.69
104,90,7.28,-13.792,-48.17
104,90,7.44,-22.876,-57.21
104,90,7.6,-20.25,-53.65
104,90,7.76,-23.218,-58.44
104,90,7.92,-26.012,-60.64
104,90,8.08,-40.256,-75.06
104,90,8.24,-21.352,-56.46
104,90,8.4,-15.83,-51.21
104,90,8.56,-20.382,-56.66
104,90,8.72,-13.078,-50.38
104,90,8.88,-11.598,-48.74
104,90,9.04,-15.124,-52.91
104,90,9.2,-17.04,-55.9
104,90,9.36,-14.284,-52.35
104,90,9.52,-16.082,-54.46
104,90,9.68,-20.55,-59.44
104,90,9.84,-13.476,-52.59
104,90,10,-9.53,-48.6
104,90,10.16,-16.098,-55.74
104,90,10.32,-12.452,-52.08
104,90,10.48,-9.61799999999999,-49.15
104,90,10.64,-11.718,-51.73
104,90,10.8,-19.85,-60.12
104,90,10.96,-13.896,-53.88
104,90,11.12,-14.306,-54.55
104,90,11.28,-18.346,-58.79
104,90,11.44,-25.322,-66.07
104,90,11.6,-19.2,-60.07
104,90,11.76,-17.804,-58.92
104,90,11.92,-22.844,-63.97
104,90,12.08,-17.17,-59.36
104,90,12.24,-15.994,-58.25
104,90,12.4,-16.45,-59.11
104,90,12.56,-16.86,-60.93
104,90,12.72,-24.864,-69.42
104,90,12.88,-28.236,-73.44
104,90,13.04,-22.298,-68.8
104,90,13.2,-20.74,-67.52
104,90,13.36,-24.664,-70.88
104,90,13.52,-24.432,-70.44
104,90,13.68,-26.65,-73.33
104,90,13.84,-28.748,-76.23
104,90,14,-34.23,-82.08
104,90,14.16,-26.726,-74.95
104,90,14.32,-16.976,-65.93
104,90,14.48,-21.624,-73.45
104,90,14.64,-16.894,-66.35
104,90,14.8,-18.29,-66.3
104,90,14.96,-32.852,-79.98
104,90,15.12,-39.41,-85.84
104,90,15.28,-24.33,-70.88
104,90,15.44,-17.076,-63.39
104,90,15.6,-15.86,-62.49
104,90,15.76,-22.978,-70.17
104,90,15.92,-13.832,-61.01
104,90,16.08,-19.712,-67.17
104,90,16.24,-18.914,-67.04
104,90,16.4,-20.78,-70.59
104,90,16.56,-25.888,-74.82
104,90,16.72,-26.508,-75.99
104,90,16.88,-25.404,-75.87
104,90,17.04,-22.246,-73.5
104,90,17.2,-26.32,-78.75
104,90,17.36,-22.186,-74.83
104,90,17.52,-26.876,-79.41
104,90,17.68,-22.832,-75.91
104,90,17.84,-31.388,-84.3
104,90,18,-24.53,-77.34
105,90,2,-13.71,-35.5
105,90,2.16,-14.718,-38.13
105,90,2.32,-12.856,-38.51
105,90,2.48,-13.334,-40.58
105,90,2.64,-14.978,-43.69
105,90,2.8,-18.75,-45.81
105,90,2.96,-12.818,-41.13
105,90,3.12,-11.806,-40.04
105,90,3.28,-12.322,-42.34
105,90,3.44,-32.152,-60.8
105,90,3.6,-16.54,-43.99
105,90,3.76,-30.474,-59.96
105,90,3.92,-15.452,-43
105,90,4.08,-12.082,-39.75
105,90,4.24,-16.976,-46
105,90,4.4,-16.33,-46.14
105,90,4.56,-16.196,-46.01
105,90,4.72,-19.344,-49.33
105,90,4.88,-13.46,-43.59
105,90,5.04,-13.15,-43.2
105,90,5.2,-13.04,-44.46
105,90,5.36,-21.22,-52.02
105,90,5.52,-22.058,-52.34
105,90,5.68,-12.99,-44.36
105,90,5.84,-18.042,-49.49
105,90,6,-15.66,-47.2
105,90,6.16,-14.68,-46.72
105,90,6.32,-13.108,-46.6
105,90,6.48,-14.106,-48.19
105,90,6.64,-12.578,-46.97
105,90,6.8,-14.45,-47.95
105,90,6.96,-15.802,-50.13
105,90,7.12,-16.856,-51.45
105,90,7.28,-14.402,-48.78
105,90,7.44,-24.856,-59.19
105,90,7.6,-21.26,-54.66
105,90,7.76,-21.028,-56.25
105,90,7.92,-22.922,-57.55
105,90,8.08,-38.906,-73.71
105,90,8.24,-20.782,-55.89
105,90,8.4,-15.32,-50.7
105,90,8.56,-19.032,-55.31
105,90,8.72,-13.748,-51.05
105,90,8.88,-12.538,-49.68
105,90,9.04,-15.854,-53.64
105,90,9.2,-18.86,-57.72
105,90,9.36,-16.024,-54.09
105,90,9.52,-14.212,-52.59
105,90,9.68,-21.9,-60.79
105,90,9.84,-13.086,-52.2
105,90,10,-9.47,-48.54
105,90,10.16,-14.568,-54.21
105,90,10.32,-12.862,-52.49
105,90,10.48,-9.15799999999999,-48.69
105,90,10.64,-12.388,-52.4
105,90,10.8,-21.65,-61.92
105,90,10.96,-13.566,-53.55
105,90,11.12,-15.056,-55.3
105,90,11.28,-19.786,-60.23
105,90,11.44,-27.952,-68.7
105,90,11.6,-22.39,-63.26
105,90,11.76,-17.504,-58.62
105,90,11.92,-19.164,-60.29
105,90,12.08,-18.81,-61
105,90,12.24,-16.974,-59.23
105,90,12.4,-15.33,-57.99
105,90,12.56,-16.88,-60.95
105,90,12.72,-33.744,-78.3
105,90,12.88,-28.506,-73.71
105,90,13.04,-21.018,-67.52
105,90,13.2,-27.41,-74.19
105,90,13.36,-24.584,-70.8
105,90,13.52,-24.362,-70.37
105,90,13.68,-26.56,-73.24
105,90,13.84,-24.968,-72.45
105,90,14,-34.6,-82.45
105,90,14.16,-23.046,-71.27
105,90,14.32,-15.406,-64.36
105,90,14.48,-19.744,-71.57
105,90,14.64,-12.724,-62.18
105,90,14.8,-16.55,-64.56
105,90,14.96,-21.082,-68.21
105,90,15.12,-21.1,-67.53
105,90,15.28,-19.42,-65.97
105,90,15.44,-23.596,-69.91
105,90,15.6,-20.3,-66.93
105,90,15.76,-19.768,-66.96
105,90,15.92,-19.392,-66.57
105,90,16.08,-25.012,-72.47
105,90,16.24,-25.414,-73.54
105,90,16.4,-21.09,-70.9
105,90,16.56,-32.788,-81.72
105,90,16.72,-28.988,-78.47
105,90,16.88,-24.844,-75.31
105,90,17.04,-40.346,-91.6
105,90,17.2,-25.57,-78
105,90,17.36,-17.556,-70.2
105,90,17.52,-19.696,-72.23
105,90,17.68,-23.142,-76.22
105,90,17.84,-23.228,-76.14
105,90,18,-28.99,-81.8
106,90,2,-14.17,-35.96
106,90,2.16,-15.298,-38.71
106,90,2.32,-14.466,-40.12
106,90,2.48,-15.394,-42.64
106,90,2.64,-16.438,-45.15
106,90,2.8,-22.65,-49.71
106,90,2.96,-14.668,-42.98
106,90,3.12,-12.756,-40.99
106,90,3.28,-11.942,-41.96
106,90,3.44,-19.332,-47.98
106,90,3.6,-19.16,-46.61
106,90,3.76,-23.304,-52.79
106,90,3.92,-12.912,-40.46
106,90,4.08,-10.242,-37.91
106,90,4.24,-16.556,-45.58
106,90,4.4,-14.87,-44.68
106,90,4.56,-13.346,-43.16
106,90,4.72,-15.814,-45.8
106,90,4.88,-12.51,-42.64
106,90,5.04,-13.77,-43.82
106,90,5.2,-12.86,-44.28
106,90,5.36,-20.56,-51.36
106,90,5.52,-21.508,-51.79
106,90,5.68,-13.9,-45.27
106,90,5.84,-19.372,-50.82
106,90,6,-16.41,-47.95
106,90,6.16,-15.22,-47.26
106,90,6.32,-13.428,-46.92
106,90,6.48,-13.186,-47.27
106,90,6.64,-12.298,-46.69
106,90,6.8,-14.44,-47.94
106,90,6.96,-14.452,-48.78
106,90,7.12,-15.766,-50.36
106,90,7.28,-14.412,-48.79
106,90,7.44,-22.896,-57.23
106,90,7.6,-19.16,-52.56
106,90,7.76,-18.008,-53.23
106,90,7.92,-21.422,-56.05
106,90,8.08,-29.896,-64.7
106,90,8.24,-21.572,-56.68
106,90,8.4,-14.04,-49.42
106,90,8.56,-15.912,-52.19
106,90,8.72,-14.818,-52.12
106,90,8.88,-15.148,-52.29
106,90,9.04,-19.544,-57.33
106,90,9.2,-21.99,-60.85
106,90,9.36,-17.984,-56.05
106,90,9.52,-12.252,-50.63
106,90,9.68,-18.79,-57.68
106,90,9.84,-11.646,-50.76
106,90,10,-9.86,-48.93
106,90,10.16,-11.878,-51.52
106,90,10.32,-12.022,-51.65
106,90,10.48,-10.348,-49.88
106,90,10.64,-11.508,-51.52
106,90,10.8,-20.49,-60.76
106,90,10.96,-14.406,-54.39
106,90,11.12,-16.036,-56.28
106,90,11.28,-20.436,-60.88
106,90,11.44,-22.032,-62.78
106,90,11.6,-26.37,-67.24
106,90,11.76,-19.214,-60.33
106,90,11.92,-14.734,-55.86
106,90,12.08,-16.35,-58.54
106,90,12.24,-18.024,-60.28
106,90,12.4,-16.91,-59.57
106,90,12.56,-15.57,-59.64
106,90,12.72,-27.444,-72
106,90,12.88,-23.576,-68.78
106,90,13.04,-23.258,-69.76
106,90,13.2,-23.78,-70.56
106,90,13.36,-25.214,-71.43
106,90,13.52,-38.632,-84.64
106,90,13.68,-34.05,-80.73
106,90,13.84,-26.638,-74.12
106,90,14,-29.74,-77.59
106,90,14.16,-16.426,-64.65
106,90,14.32,-22.576,-71.53
106,90,14.48,-20.524,-72.35
106,90,14.64,-14.334,-63.79
106,90,14.8,-18.09,-66.1
106,90,14.96,-18.792,-65.92
106,90,15.12,-20.07,-66.5
106,90,15.28,-21.38,-67.93
106,90,15.44,-40.846,-87.16
106,90,15.6,-23.49,-70.12
106,90,15.76,-26.458,-73.65
106,90,15.92,-15.922,-63.1
106,90,16.08,-31.302,-78.76
106,90,16.24,-20.704,-68.83
106,90,16.4,-22.28,-72.09
106,90,16.56,-26.288,-75.22
106,90,16.72,-35.138,-84.62
106,90,16.88,-32.024,-82.49
106,90,17.04,-24.006,-75.26
106,90,17.2,-26.07,-78.5
106,90,17.36,-28.226,-80.87
106,90,17.52,-24.846,-77.38
106,90,17.68,-25.902,-78.98
106,90,17.84,-22.628,-75.54
106,90,18,-34.43,-87.24
107,90,2,-14.63,-36.42
107,90,2.16,-15.988,-39.4
107,90,2.32,-16.606,-42.26
107,90,2.48,-17.864,-45.11
107,90,2.64,-18.228,-46.94
107,90,2.8,-25.22,-52.28
107,90,2.96,-17.278,-45.59
107,90,3.12,-14.516,-42.75
107,90,3.28,-11.772,-41.79
107,90,3.44,-14.442,-43.09
107,90,3.6,-17.51,-44.96
107,90,3.76,-16.834,-46.32
107,90,3.92,-11.112,-38.66
107,90,4.08,-8.712,-36.38
107,90,4.24,-15.876,-44.9
107,90,4.4,-13.74,-43.55
107,90,4.56,-11.576,-41.39
107,90,4.72,-12.994,-42.98
107,90,4.88,-11.7,-41.83
107,90,5.04,-14.97,-45.02
107,90,5.2,-13.4,-44.82
107,90,5.36,-19.62,-50.42
107,90,5.52,-22.638,-52.92
107,90,5.68,-15.3,-46.67
107,90,5.84,-23.232,-54.68
107,90,6,-16.27,-47.81
107,90,6.16,-14.75,-46.79
107,90,6.32,-13.128,-46.62
107,90,6.48,-11.826,-45.91
107,90,6.64,-12.768,-47.16
107,90,6.8,-13.34,-46.84
107,90,6.96,-13.072,-47.4
107,90,7.12,-14.106,-48.7
107,90,7.28,-13.252,-47.63
107,90,7.44,-20.206,-54.54
107,90,7.6,-17.87,-51.27
107,90,7.76,-15.938,-51.16
107,90,7.92,-20.192,-54.82
107,90,8.08,-21.896,-56.7
107,90,8.24,-18.262,-53.37
107,90,8.4,-12.91,-48.29
107,90,8.56,-13.572,-49.85
107,90,8.72,-15.348,-52.65
107,90,8.88,-19.408,-56.55
107,90,9.04,-20.654,-58.44
107,90,9.2,-29.28,-68.14
107,90,9.36,-16.444,-54.51
107,90,9.52,-10.322,-48.7
107,90,9.68,-15.77,-54.66
107,90,9.84,-10.466,-49.58
107,90,10,-8.38,-47.45
107,90,10.16,-10.608,-50.25
107,90,10.32,-11.102,-50.73
107,90,10.48,-11.978,-51.51
107,90,10.64,-11.478,-51.49
107,90,10.8,-17.13,-57.4
107,90,10.96,-20.276,-60.26
107,90,11.12,-19.856,-60.1
107,90,11.28,-19.036,-59.48
107,90,11.44,-15.882,-56.63
107,90,11.6,-21.29,-62.16
107,90,11.76,-16.034,-57.15
107,90,11.92,-12.254,-53.38
107,90,12.08,-12.69,-54.88
107,90,12.24,-15.414,-57.67
107,90,12.4,-15.56,-58.22
107,90,12.56,-15.43,-59.5
107,90,12.72,-21.504,-66.06
107,90,12.88,-27.306,-72.51
107,90,13.04,-23.478,-69.98
107,90,13.2,-27.28,-74.06
107,90,13.36,-26.864,-73.08
107,90,13.52,-33.762,-79.77
107,90,13.68,-32.03,-78.71
107,90,13.84,-30.368,-77.85
107,90,14,-24.79,-72.64
107,90,14.16,-23.836,-72.06
107,90,14.32,-25.196,-74.15
107,90,14.48,-15.554,-67.38
107,90,14.64,-16.384,-65.84
107,90,14.8,-23.11,-71.12
107,90,14.96,-19.412,-66.54
107,90,15.12,-21.31,-67.74
107,90,15.28,-21.47,-68.02
107,90,15.44,-30.816,-77.13
107,90,15.6,-24,-70.63
107,90,15.76,-20.308,-67.5
107,90,15.92,-19.282,-66.46
107,90,16.08,-26.972,-74.43
107,90,16.24,-23.404,-71.53
107,90,16.4,-22.31,-72.12
107,90,16.56,-33.248,-82.18
107,90,16.72,-29.518,-79
107,90,16.88,-22.804,-73.27
107,90,17.04,-19.396,-70.65
107,90,17.2,-28.79,-81.22
107,90,17.36,-29.326,-81.97
107,90,17.52,-23.886,-76.42
107,90,17.68,-26.072,-79.15
107,90,17.84,-26.858,-79.77
107,90,18,-13.34,-66.15
108,90,2,-15.13,-36.92
108,90,2.16,-16.458,-39.87
108,90,2.32,-18.256,-43.91
108,90,2.48,-22.414,-49.66
108,90,2.64,-20.698,-49.41
108,90,2.8,-24.89,-51.95
108,90,2.96,-19.848,-48.16
108,90,3.12,-16.166,-44.4
108,90,3.28,-11.942,-41.96
108,90,3.44,-11.552,-40.2
108,90,3.6,-13.94,-41.39
108,90,3.76,-12.994,-42.48
108,90,3.92,-9.492,-37.04
108,90,4.08,-7.482,-35.15
108,90,4.24,-15.026,-44.05
108,90,4.4,-12.83,-42.64
108,90,4.56,-10.366,-40.18
108,90,4.72,-11.114,-41.1
108,90,4.88,-10.69,-40.82
108,90,5.04,-15.5,-45.55
108,90,5.2,-14,-45.42
108,90,5.36,-19.21,-50.01
108,90,5.52,-22.818,-53.1
108,90,5.68,-17.31,-48.68
108,90,5.84,-31.232,-62.68
108,90,6,-15.53,-47.07
108,90,6.16,-14.64,-46.68
108,90,6.32,-13.048,-46.54
108,90,6.48,-10.586,-44.67
108,90,6.64,-12.028,-46.42
108,90,6.8,-11.66,-45.16
108,90,6.96,-11.102,-45.43
108,90,7.12,-11.916,-46.51
108,90,7.28,-12.662,-47.04
108,90,7.44,-17.406,-51.74
108,90,7.6,-15.61,-49.01
108,90,7.76,-14.388,-49.61
108,90,7.92,-19.022,-53.65
108,90,8.08,-17.886,-52.69
108,90,8.24,-16.372,-51.48
108,90,8.4,-12.23,-47.61
108,90,8.56,-11.742,-48.02
108,90,8.72,-15.038,-52.34
108,90,8.88,-22.038,-59.18
108,90,9.04,-25.154,-62.94
108,90,9.2,-45.21,-84.07
108,90,9.36,-14.584,-52.65
108,90,9.52,-9.372,-47.75
108,90,9.68,-13.2,-52.09
108,90,9.84,-9.726,-48.84
108,90,10,-9.4,-48.47
108,90,10.16,-8.758,-48.4
108,90,10.32,-10.982,-50.61
108,90,10.48,-15.108,-54.64
108,90,10.64,-12.358,-52.37
108,90,10.8,-13.45,-53.72
108,90,10.96,-22.016,-62
108,90,11.12,-20.496,-60.74
108,90,11.28,-17.186,-57.63
108,90,11.44,-13.692,-54.44
108,90,11.6,-17.68,-58.55
108,90,11.76,-14.964,-56.08
108,90,11.92,-10.284,-51.41
108,90,12.08,-10.89,-53.08
108,90,12.24,-13.374,-55.63
108,90,12.4,-15.51,-58.17
108,90,12.56,-14.93,-59
108,90,12.72,-19.624,-64.18
108,90,12.88,-27.186,-72.39
108,90,13.04,-19.748,-66.25
108,90,13.2,-27.19,-73.97
108,90,13.36,-23.854,-70.07
108,90,13.52,-23.422,-69.43
108,90,13.68,-24.45,-71.13
108,90,13.84,-24.018,-71.5
108,90,14,-26.44,-74.29
108,90,14.16,-21.826,-70.05
108,90,14.32,-23.576,-72.53
108,90,14.48,-21.924,-73.75
108,90,14.64,-20.814,-70.27
108,90,14.8,-28.29,-76.3
108,90,14.96,-30.712,-77.84
108,90,15.12,-29.3,-75.73
108,90,15.28,-26.13,-72.68
108,90,15.44,-18.706,-65.02
108,90,15.6,-33.05,-79.68
108,90,15.76,-32.898,-80.09
108,90,15.92,-18.952,-66.13
108,90,16.08,-24.062,-71.52
108,90,16.24,-26.014,-74.14
108,90,16.4,-28.3,-78.11
108,90,16.56,-29.938,-78.87
108,90,16.72,-23.878,-73.36
108,90,16.88,-21.584,-72.05
108,90,17.04,-16.636,-67.89
108,90,17.2,-27.25,-79.68
108,90,17.36,-22.256,-74.9
108,90,17.52,-27.936,-80.47
108,90,17.68,-20.422,-73.5
108,90,17.84,-18.938,-71.85
108,90,18,-30.32,-83.13
109,90,2,-15.51,-37.3
109,90,2.16,-16.678,-40.09
109,90,2.32,-19.696,-45.35
109,90,2.48,-27.664,-54.91
109,90,2.64,-24.278,-52.99
109,90,2.8,-23.04,-50.1
109,90,2.96,-21.108,-49.42
109,90,3.12,-18.046,-46.28
109,90,3.28,-12.482,-42.5
109,90,3.44,-9.702,-38.35
109,90,3.6,-11.44,-38.89
109,90,3.76,-10.604,-40.09
109,90,3.92,-8.052,-35.6
109,90,4.08,-6.812,-34.48
109,90,4.24,-13.956,-42.98
109,90,4.4,-11.82,-41.63
109,90,4.56,-9.636,-39.45
109,90,4.72,-9.834,-39.82
109,90,4.88,-10.06,-40.19
109,90,5.04,-14.96,-45.01
109,90,5.2,-14.49,-45.91
109,90,5.36,-17.67,-48.47
109,90,5.52,-22.668,-52.95
109,90,5.68,-16.92,-48.29
109,90,5.84,-21.612,-53.06
109,90,6,-13.78,-45.32
109,90,6.16,-13.32,-45.36
109,90,6.32,-12.008,-45.5
109,90,6.48,-9.236,-43.32
109,90,6.64,-10.688,-45.08
109,90,6.8,-10.32,-43.82
109,90,6.96,-9.322,-43.65
109,90,7.12,-10.176,-44.77
109,90,7.28,-11.322,-45.7
109,90,7.44,-14.546,-48.88
109,90,7.6,-13.99,-47.39
109,90,7.76,-12.708,-47.93
109,90,7.92,-16.302,-50.93
109,90,8.08,-15.336,-50.14
109,90,8.24,-14.662,-49.77
109,90,8.4,-11.93,-47.31
109,90,8.56,-11.052,-47.33
109,90,8.72,-14.328,-51.63
109,90,8.88,-23.638,-60.78
109,90,9.04,-25.784,-63.57
109,90,9.2,-32.33,-71.19
109,90,9.36,-14.044,-52.11
109,90,9.52,-10.542,-48.92
109,90,9.68,-13.36,-52.25
109,90,9.84,-9.54599999999999,-48.66
109,90,10,-10.42,-49.49
109,90,10.16,-9.248,-48.89
109,90,10.32,-10.322,-49.95
109,90,10.48,-18.658,-58.19
109,90,10.64,-15.448,-55.46
109,90,10.8,-12.18,-52.45
109,90,10.96,-17.346,-57.33
109,90,11.12,-25.466,-65.71
109,90,11.28,-16.926,-57.37
109,90,11.44,-13.472,-54.22
109,90,11.6,-15.97,-56.84
109,90,11.76,-15.364,-56.48
109,90,11.92,-10.714,-51.84
109,90,12.08,-11.15,-53.34
109,90,12.24,-13.914,-56.17
109,90,12.4,-15.7,-58.36
109,90,12.56,-18.47,-62.54
109,90,12.72,-18.914,-63.47
109,90,12.88,-16.616,-61.82
109,90,13.04,-21.208,-67.71
109,90,13.2,-19.97,-66.75
109,90,13.36,-27.454,-73.67
109,90,13.52,-24.822,-70.83
109,90,13.68,-22.75,-69.43
109,90,13.84,-22.538,-70.02
109,90,14,-34.86,-82.71
109,90,14.16,-48.076,-96.3
109,90,14.32,-20.536,-69.49
109,90,14.48,-20.164,-71.99
109,90,14.64,-23.874,-73.33
109,90,14.8,-19.33,-67.34
109,90,14.96,-24.512,-71.64
109,90,15.12,-25.4,-71.83
109,90,15.28,-19.87,-66.42
109,90,15.44,-16.936,-63.25
109,90,15.6,-17.79,-64.42
109,90,15.76,-23.288,-70.48
109,90,15.92,-13.432,-60.61
109,90,16.08,-25.252,-72.71
109,90,16.24,-24.704,-72.83
109,90,16.4,-28.13,-77.94
109,90,16.56,-23.358,-72.29
109,90,16.72,-32.148,-81.63
109,90,16.88,-26.034,-76.5
109,90,17.04,-22.426,-73.68
109,90,17.2,-20.68,-73.11
109,90,17.36,-18.496,-71.14
109,90,17.52,-19.586,-72.12
109,90,17.68,-20.562,-73.64
109,90,17.84,-18.108,-71.02
109,90,18,-20.14,-72.95
110,90,2,-15.76,-37.55
110,90,2.16,-16.648,-40.06
110,90,2.32,-19.226,-44.88
110,90,2.48,-27.804,-55.05
110,90,2.64,-29.008,-57.72
110,90,2.8,-20.62,-47.68
110,90,2.96,-21.858,-50.17
110,90,3.12,-20.826,-49.06
110,90,3.28,-13.092,-43.11
110,90,3.44,-8.702,-37.35
110,90,3.6,-9.65,-37.1
110,90,3.76,-8.834,-38.32
110,90,3.92,-6.86199999999999,-34.41
110,90,4.08,-6.232,-33.9
110,90,4.24,-12.586,-41.61
110,90,4.4,-10.57,-40.38
110,90,4.56,-8.876,-38.69
110,90,4.72,-8.99399999999999,-38.98
110,90,4.88,-9.64,-39.77
110,90,5.04,-13.62,-43.67
110,90,5.2,-14.13,-45.55
110,90,5.36,-15.5,-46.3
110,90,5.52,-20.588,-50.87
110,90,5.68,-15.91,-47.28
110,90,5.84,-15.392,-46.84
110,90,6,-12.42,-43.96
110,90,6.16,-12.03,-44.07
110,90,6.32,-11.278,-44.77
110,90,6.48,-8.116,-42.2
110,90,6.64,-9.538,-43.93
110,90,6.8,-8.62,-42.12
110,90,6.96,-8.022,-42.35
110,90,7.12,-8.686,-43.28
110,90,7.28,-10.002,-44.38
110,90,7.44,-12.566,-46.9
110,90,7.6,-11.61,-45.01
110,90,7.76,-11.148,-46.37
110,90,7.92,-14.902,-49.53
110,90,8.08,-13.146,-47.95
110,90,8.24,-13.892,-49
110,90,8.4,-13.23,-48.61
110,90,8.56,-11.322,-47.6
110,90,8.72,-13.868,-51.17
110,90,8.88,-24.838,-61.98
110,90,9.04,-21.394,-59.18
110,90,9.2,-26.49,-65.35
110,90,9.36,-14.594,-52.66
110,90,9.52,-12.302,-50.68
110,90,9.68,-13.51,-52.4
110,90,9.84,-11.126,-50.24
110,90,10,-12.23,-51.3
110,90,10.16,-10.468,-50.11
110,90,10.32,-11.172,-50.8
110,90,10.48,-19.128,-58.66
110,90,10.64,-21.078,-61.09
110,90,10.8,-13.78,-54.05
110,90,10.96,-16.386,-56.37
110,90,11.12,-29.156,-69.4
110,90,11.28,-17.946,-58.39
110,90,11.44,-14.852,-55.6
110,90,11.6,-13.66,-54.53
110,90,11.76,-16.464,-57.58
110,90,11.92,-13.374,-54.5
110,90,12.08,-13.25,-55.44
110,90,12.24,-14.344,-56.6
110,90,12.4,-19.53,-62.19
110,90,12.56,-18.01,-62.08
110,90,12.72,-20.084,-64.64
110,90,12.88,-24.926,-70.13
110,90,13.04,-17.388,-63.89
110,90,13.2,-19.74,-66.52
110,90,13.36,-20.494,-66.71
110,90,13.52,-22.432,-68.44
110,90,13.68,-30.21,-76.89
110,90,13.84,-18.068,-65.55
110,90,14,-21.11,-68.96
110,90,14.16,-23.846,-72.07
110,90,14.32,-15.346,-64.3
110,90,14.48,-29.954,-81.78
110,90,14.64,-15.344,-64.8
110,90,14.8,-16.69,-64.7
110,90,14.96,-15.212,-62.34
110,90,15.12,-19.87,-66.3
110,90,15.28,-22.04,-68.59
110,90,15.44,-17.276,-63.59
110,90,15.6,-15.87,-62.5
110,90,15.76,-17.558,-64.75
110,90,15.92,-19.352,-66.53
110,90,16.08,-20.072,-67.53
110,90,16.24,-30.344,-78.47
110,90,16.4,-25.77,-75.58
110,90,16.56,-31.168,-80.1
110,90,16.72,-21.258,-70.74
110,90,16.88,-22.404,-72.87
110,90,17.04,-28.126,-79.38
110,90,17.2,-14.93,-67.36
110,90,17.36,-17.956,-70.6
110,90,17.52,-26.846,-79.38
110,90,17.68,-20.052,-73.13
110,90,17.84,-16.638,-69.55
110,90,18,-17.16,-69.97
111,90,2,-16.22,-38.01
111,90,2.16,-16.318,-39.73
111,90,2.32,-18.016,-43.67
111,90,2.48,-23.014,-50.26
111,90,2.64,-33.548,-62.26
111,90,2.8,-18.58,-45.64
111,90,2.96,-18.218,-46.53
111,90,3.12,-22.616,-50.85
111,90,3.28,-14.322,-44.34
111,90,3.44,-8.042,-36.69
111,90,3.6,-8.02,-35.47
111,90,3.76,-7.524,-37.01
111,90,3.92,-5.722,-33.27
111,90,4.08,-5.922,-33.59
111,90,4.24,-11.526,-40.55
111,90,4.4,-9.47,-39.28
111,90,4.56,-8.166,-37.98
111,90,4.72,-8.63399999999999,-38.62
111,90,4.88,-9.33,-39.46
111,90,5.04,-11.24,-41.29
111,90,5.2,-14.06,-45.48
111,90,5.36,-13.81,-44.61
111,90,5.52,-18.088,-48.37
111,90,5.68,-15.3,-46.67
111,90,5.84,-11.522,-42.97
111,90,6,-10.79,-42.33
111,90,6.16,-10.9,-42.94
111,90,6.32,-10.608,-44.1
111,90,6.48,-7.066,-41.15
111,90,6.64,-7.888,-42.28
111,90,6.8,-7.57,-41.07
111,90,6.96,-7.182,-41.51
111,90,7.12,-7.826,-42.42
111,90,7.28,-8.642,-43.02
111,90,7.44,-11.036,-45.37
111,90,7.6,-10.37,-43.77
111,90,7.76,-10.158,-45.38
111,90,7.92,-12.812,-47.44
111,90,8.08,-12.136,-46.94
111,90,8.24,-12.502,-47.61
111,90,8.4,-15.49,-50.87
111,90,8.56,-12.132,-48.41
111,90,8.72,-14.118,-51.42
111,90,8.88,-30.868,-68.01
111,90,9.04,-22.144,-59.93
111,90,9.2,-25.58,-64.44
111,90,9.36,-15.734,-53.8
111,90,9.52,-14.822,-53.2
111,90,9.68,-14.78,-53.67
111,90,9.84,-12.436,-51.55
111,90,10,-17.74,-56.81
111,90,10.16,-13.208,-52.85
111,90,10.32,-14.172,-53.8
111,90,10.48,-20.688,-60.22
111,90,10.64,-26.698,-66.71
111,90,10.8,-17.83,-58.1
111,90,10.96,-18.746,-58.73
111,90,11.12,-31.816,-72.06
111,90,11.28,-22.826,-63.27
111,90,11.44,-17.482,-58.23
111,90,11.6,-15.6,-56.47
111,90,11.76,-17.564,-58.68
111,90,11.92,-19.084,-60.21
111,90,12.08,-18.66,-60.85
111,90,12.24,-17.484,-59.74
111,90,12.4,-18.68,-61.34
111,90,12.56,-19.97,-64.04
111,90,12.72,-20.664,-65.22
111,90,12.88,-17.506,-62.71
111,90,13.04,-20.418,-66.92
111,90,13.2,-18.59,-65.37
111,90,13.36,-22.724,-68.94
111,90,13.52,-26.282,-72.29
111,90,13.68,-22.6,-69.28
111,90,13.84,-23.718,-71.2
111,90,14,-19.5,-67.35
111,90,14.16,-24.846,-73.07
111,90,14.32,-13.726,-62.68
111,90,14.48,-24.804,-76.63
111,90,14.64,-11.804,-61.26
111,90,14.8,-15.24,-63.25
111,90,14.96,-14.382,-61.51
111,90,15.12,-18.42,-64.85
111,90,15.28,-19.05,-65.6
111,90,15.44,-19.296,-65.61
111,90,15.6,-16.42,-63.05
111,90,15.76,-19.038,-66.23
111,90,15.92,-19.862,-67.04
111,90,16.08,-22.672,-70.13
111,90,16.24,-28.294,-76.42
111,90,16.4,-24.9,-74.71
111,90,16.56,-40.478,-89.41
111,90,16.72,-22.088,-71.57
111,90,16.88,-19.334,-69.8
111,90,17.04,-21.336,-72.59
111,90,17.2,-20.34,-72.77
111,90,17.36,-15.976,-68.62
111,90,17.52,-17.406,-69.94
111,90,17.68,-26.662,-79.74
111,90,17.84,-15.958,-68.87
111,90,18,-17.82,-70.63
112,90,2,-16.78,-38.57
112,90,2.16,-16.168,-39.58
112,90,2.32,-16.456,-42.11
112,90,2.48,-18.874,-46.12
112,90,2.64,-26.488,-55.2
112,90,2.8,-17.93,-44.99
112,90,2.96,-15.058,-43.37
112,90,3.12,-26.486,-54.72
112,90,3.28,-15.662,-45.68
112,90,3.44,-7.712,-36.36
112,90,3.6,-7.25,-34.7
112,90,3.76,-6.724,-36.21
112,90,3.92,-4.942,-32.49
112,90,4.08,-5.672,-33.34
112,90,4.24,-10.616,-39.64
112,90,4.4,-8.33,-38.14
112,90,4.56,-7.706,-37.52
112,90,4.72,-8.474,-38.46
112,90,4.88,-9.04,-39.17
112,90,5.04,-8.98999999999999,-39.04
112,90,5.2,-12.74,-44.16
112,90,5.36,-11.99,-42.79
112,90,5.52,-14.818,-45.1
112,90,5.68,-15.41,-46.78
112,90,5.84,-8.992,-40.44
112,90,6,-9.16,-40.7
112,90,6.16,-10.08,-42.12
112,90,6.32,-10.068,-43.56
112,90,6.48,-6.346,-40.43
112,90,6.64,-6.968,-41.36
112,90,6.8,-6.62,-40.12
112,90,6.96,-6.65199999999999,-40.98
112,90,7.12,-7.376,-41.97
112,90,7.28,-8.082,-42.46
112,90,7.44,-9.546,-43.88
112,90,7.6,-9.05,-42.45
112,90,7.76,-9.468,-44.69
112,90,7.92,-11.762,-46.39
112,90,8.08,-11.606,-46.41
112,90,8.24,-12.682,-47.79
112,90,8.4,-17.32,-52.7
112,90,8.56,-13.212,-49.49
112,90,8.72,-13.798,-51.1
112,90,8.88,-24.028,-61.17
112,90,9.04,-30.024,-67.81
112,90,9.2,-37.77,-76.63
112,90,9.36,-17.414,-55.48
112,90,9.52,-16.762,-55.14
112,90,9.68,-16.1,-54.99
112,90,9.84,-14.036,-53.15
112,90,10,-19.67,-58.74
112,90,10.16,-17.008,-56.65
112,90,10.32,-19.282,-58.91
112,90,10.48,-25.908,-65.44
112,90,10.64,-31.828,-71.84
112,90,10.8,-23.59,-63.86
112,90,10.96,-24.086,-64.07
112,90,11.12,-30.136,-70.38
112,90,11.28,-27.686,-68.13
112,90,11.44,-19.062,-59.81
112,90,11.6,-17.85,-58.72
112,90,11.76,-20.324,-61.44
112,90,11.92,-21.504,-62.63
112,90,12.08,-22.36,-64.55
112,90,12.24,-16.884,-59.14
112,90,12.4,-17.34,-60
112,90,12.56,-21.53,-65.6
112,90,12.72,-20.834,-65.39
112,90,12.88,-18.376,-63.58
112,90,13.04,-15.658,-62.16
112,90,13.2,-17.67,-64.45
112,90,13.36,-20.494,-66.71
112,90,13.52,-21.212,-67.22
112,90,13.68,-33.78,-80.46
112,90,13.84,-19.058,-66.54
112,90,14,-22.28,-70.13
112,90,14.16,-22.296,-70.52
112,90,14.32,-12.456,-61.41
112,90,14.48,-23.844,-75.67
112,90,14.64,-12.174,-61.63
112,90,14.8,-16.35,-64.36
112,90,14.96,-14.162,-61.29
112,90,15.12,-21.1,-67.53
112,90,15.28,-17.96,-64.51
112,90,15.44,-16.656,-62.97
112,90,15.6,-17.05,-63.68
112,90,15.76,-18.698,-65.89
112,90,15.92,-23.442,-70.62
112,90,16.08,-24.762,-72.22
112,90,16.24,-24.464,-72.59
112,90,16.4,-20.96,-70.77
112,90,16.56,-18.588,-67.52
112,90,16.72,-20.218,-69.7
112,90,16.88,-19.374,-69.84
112,90,17.04,-21.076,-72.33
112,90,17.2,-17.2,-69.63
112,90,17.36,-17.466,-70.11
112,90,17.52,-29.916,-82.45
112,90,17.68,-33.962,-87.04
112,90,17.84,-17.788,-70.7
112,90,18,-27.74,-80.55
113,90,2,-17.03,-38.82
113,90,2.16,-16.128,-39.54
113,90,2.32,-15.046,-40.7
113,90,2.48,-16.684,-43.93
113,90,2.64,-21.788,-50.5
113,90,2.8,-17.43,-44.49
113,90,2.96,-13.068,-41.38
113,90,3.12,-27.796,-56.03
113,90,3.28,-17.422,-47.44
113,90,3.44,-7.542,-36.19
113,90,3.6,-6.6,-34.05
113,90,3.76,-5.974,-35.46
113,90,3.92,-4.402,-31.95
113,90,4.08,-5.502,-33.17
113,90,4.24,-9.856,-38.88
113,90,4.4,-7.56,-37.37
113,90,4.56,-7.216,-37.03
113,90,4.72,-8.294,-38.28
113,90,4.88,-8.91999999999999,-39.05
113,90,5.04,-7.15,-37.2
113,90,5.2,-10.98,-42.4
113,90,5.36,-10.13,-40.93
113,90,5.52,-11.768,-42.05
113,90,5.68,-14.46,-45.83
113,90,5.84,-7.622,-39.07
113,90,6,-7.52,-39.06
113,90,6.16,-9.27,-41.31
113,90,6.32,-9.748,-43.24
113,90,6.48,-6.07599999999999,-40.16
113,90,6.64,-6.028,-40.42
113,90,6.8,-6.16,-39.66
113,90,6.96,-6.352,-40.68
113,90,7.12,-7.476,-42.07
113,90,7.28,-7.982,-42.36
113,90,7.44,-9.196,-43.53
113,90,7.6,-8.5,-41.9
113,90,7.76,-9.028,-44.25
113,90,7.92,-10.442,-45.07
113,90,8.08,-11.406,-46.21
113,90,8.24,-12.222,-47.33
113,90,8.4,-17.06,-52.44
113,90,8.56,-14.272,-50.55
113,90,8.72,-13.598,-50.9
113,90,8.88,-19.678,-56.82
113,90,9.04,-26.624,-64.41
113,90,9.2,-29.61,-68.47
113,90,9.36,-17.914,-55.98
113,90,9.52,-16.612,-54.99
113,90,9.68,-16.29,-55.18
113,90,9.84,-16.686,-55.8
113,90,10,-19.89,-58.96
113,90,10.16,-17.328,-56.97
113,90,10.32,-22.912,-62.54
113,90,10.48,-26.178,-65.71
113,90,10.64,-30.118,-70.13
113,90,10.8,-29.97,-70.24
113,90,10.96,-24.246,-64.23
113,90,11.12,-28.756,-69
113,90,11.28,-30.376,-70.82
113,90,11.44,-18.212,-58.96
113,90,11.6,-18.67,-59.54
113,90,11.76,-23.464,-64.58
113,90,11.92,-22.114,-63.24
113,90,12.08,-22.9,-65.09
113,90,12.24,-17.034,-59.29
113,90,12.4,-16.19,-58.85
113,90,12.56,-18.17,-62.24
113,90,12.72,-20.424,-64.98
113,90,12.88,-15.966,-61.17
113,90,13.04,-14.868,-61.37
113,90,13.2,-17.31,-64.09
113,90,13.36,-22.724,-68.94
113,90,13.52,-19.392,-65.4
113,90,13.68,-24.18,-70.86
113,90,13.84,-32.908,-80.39
113,90,14,-21.47,-69.32
113,90,14.16,-29.606,-77.83
113,90,14.32,-17.496,-66.45
113,90,14.48,-20.834,-72.66
113,90,14.64,-15.434,-64.89
113,90,14.8,-15.55,-63.56
113,90,14.96,-14.512,-61.64
113,90,15.12,-18.89,-65.32
113,90,15.28,-15.5,-62.05
113,90,15.44,-15.266,-61.58
113,90,15.6,-14.43,-61.06
113,90,15.76,-22.708,-69.9
113,90,15.92,-25.372,-72.55
113,90,16.08,-20.282,-67.74
113,90,16.24,-19.734,-67.86
113,90,16.4,-24.6,-74.41
113,90,16.56,-22.608,-71.54
113,90,16.72,-22.068,-71.55
113,90,16.88,-16.554,-67.02
113,90,17.04,-20.126,-71.38
113,90,17.2,-21.16,-73.59
113,90,17.36,-30.716,-83.36
113,90,17.52,-21.076,-73.61
113,90,17.68,-21.062,-74.14
113,90,17.84,-15.958,-68.87
113,90,18,-18.07,-70.88
114,90,2,-17.82,-39.61
114,90,2.16,-16.148,-39.56
114,90,2.32,-14.336,-39.99
114,90,2.48,-15.124,-42.37
114,90,2.64,-19.328,-48.04
114,90,2.8,-17.27,-44.33
114,90,2.96,-11.508,-39.82
114,90,3.12,-31.346,-59.58
114,90,3.28,-19.152,-49.17
114,90,3.44,-7.812,-36.46
114,90,3.6,-6.19,-33.64
114,90,3.76,-5.774,-35.26
114,90,3.92,-4.082,-31.63
114,90,4.08,-5.452,-33.12
114,90,4.24,-9.286,-38.31
114,90,4.4,-6.84,-36.65
114,90,4.56,-6.806,-36.62
114,90,4.72,-8.09399999999999,-38.08
114,90,4.88,-8.3,-38.43
114,90,5.04,-5.65,-35.7
114,90,5.2,-8.87,-40.29
114,90,5.36,-8.54000000000001,-39.34
114,90,5.52,-9.548,-39.83
114,90,5.68,-12.43,-43.8
114,90,5.84,-6.732,-38.18
114,90,6,-6.33,-37.87
114,90,6.16,-8.64,-40.68
114,90,6.32,-9.36799999999999,-42.86
114,90,6.48,-5.82599999999999,-39.91
114,90,6.64,-5.738,-40.13
114,90,6.8,-5.92,-39.42
114,90,6.96,-6.192,-40.52
114,90,7.12,-7.876,-42.47
114,90,7.28,-8.472,-42.85
114,90,7.44,-9.416,-43.75
114,90,7.6,-8.34,-41.74
114,90,7.76,-10.008,-45.23
114,90,7.92,-9.962,-44.59
114,90,8.08,-11.626,-46.43
114,90,8.24,-12.862,-47.97
114,90,8.4,-15.41,-50.79
114,90,8.56,-13.642,-49.92
114,90,8.72,-12.908,-50.21
114,90,8.88,-16.858,-54
114,90,9.04,-18.844,-56.63
114,90,9.2,-25.62,-64.48
114,90,9.36,-16.364,-54.43
114,90,9.52,-16.862,-55.24
114,90,9.68,-15.37,-54.26
114,90,9.84,-15.716,-54.83
114,90,10,-18.08,-57.15
114,90,10.16,-19.618,-59.26
114,90,10.32,-26.072,-65.7
114,90,10.48,-29.948,-69.48
114,90,10.64,-25.528,-65.54
114,90,10.8,-31.74,-72.01
114,90,10.96,-26.706,-66.69
114,90,11.12,-32.436,-72.68
114,90,11.28,-32.736,-73.18
114,90,11.44,-19.462,-60.21
114,90,11.6,-21.17,-62.04
114,90,11.76,-22.804,-63.92
114,90,11.92,-21.954,-63.08
114,90,12.08,-18.84,-61.03
114,90,12.24,-15.854,-58.11
114,90,12.4,-13.61,-56.27
114,90,12.56,-16.53,-60.6
114,90,12.72,-21.474,-66.03
114,90,12.88,-15.736,-60.94
114,90,13.04,-15.008,-61.51
114,90,13.2,-16.2,-62.98
114,90,13.36,-17.654,-63.87
114,90,13.52,-21.702,-67.71
114,90,13.68,-25.17,-71.85
114,90,13.84,-31.428,-78.91
114,90,14,-23.58,-71.43
114,90,14.16,-29.306,-77.53
114,90,14.32,-15.676,-64.63
114,90,14.48,-21.254,-73.08
114,90,14.64,-13.054,-62.51
114,90,14.8,-14.03,-62.04
114,90,14.96,-14.432,-61.56
114,90,15.12,-15.21,-61.64
114,90,15.28,-13.88,-60.43
114,90,15.44,-13.666,-59.98
114,90,15.6,-14.72,-61.35
114,90,15.76,-28.148,-75.34
114,90,15.92,-28.542,-75.72
114,90,16.08,-36.872,-84.33
114,90,16.24,-23.914,-72.04
114,90,16.4,-21.97,-71.78
114,90,16.56,-27.318,-76.25
114,90,16.72,-21.848,-71.33
114,90,16.88,-15.764,-66.23
114,90,17.04,-19.806,-71.06
114,90,17.2,-22.59,-75.02
114,90,17.36,-28.676,-81.32
114,90,17.52,-16.166,-68.7
114,90,17.68,-21.652,-74.73
114,90,17.84,-16.138,-69.05
114,90,18,-19.05,-71.86
115,90,2,-18.74,-40.53
115,90,2.16,-16.368,-39.78
115,90,2.32,-13.446,-39.1
115,90,2.48,-13.444,-40.69
115,90,2.64,-17.288,-46
115,90,2.8,-17.25,-44.31
115,90,2.96,-10.358,-38.67
115,90,3.12,-37.466,-65.7
115,90,3.28,-21.632,-51.65
115,90,3.44,-8.132,-36.78
115,90,3.6,-6.01,-33.46
115,90,3.76,-5.724,-35.21
115,90,3.92,-4.102,-31.65
115,90,4.08,-5.522,-33.19
115,90,4.24,-8.84599999999999,-37.87
115,90,4.4,-6.33,-36.14
115,90,4.56,-6.616,-36.43
115,90,4.72,-8.13399999999999,-38.12
115,90,4.88,-7.48,-37.61
115,90,5.04,-4.52,-34.57
115,90,5.2,-6.83,-38.25
115,90,5.36,-7.21,-38.01
115,90,5.52,-7.588,-37.87
115,90,5.68,-9.87,-41.24
115,90,5.84,-6.212,-37.66
115,90,6,-5.69,-37.23
115,90,6.16,-7.71,-39.75
115,90,6.32,-9.038,-42.53
115,90,6.48,-5.85599999999999,-39.94
115,90,6.64,-5.458,-39.85
115,90,6.8,-6.3,-39.8
115,90,6.96,-6.132,-40.46
115,90,7.12,-8.786,-43.38
115,90,7.28,-9.202,-43.58
115,90,7.44,-10.426,-44.76
115,90,7.6,-8.78,-42.18
115,90,7.76,-10.118,-45.34
115,90,7.92,-10.062,-44.69
115,90,8.08,-11.576,-46.38
115,90,8.24,-12.242,-47.35
115,90,8.4,-13.57,-48.95
115,90,8.56,-12.692,-48.97
115,90,8.72,-11.868,-49.17
115,90,8.88,-14.318,-51.46
115,90,9.04,-15.434,-53.22
115,90,9.2,-16.42,-55.28
115,90,9.36,-13.614,-51.68
115,90,9.52,-15.272,-53.65
115,90,9.68,-13.72,-52.61
115,90,9.84,-13.286,-52.4
115,90,10,-15.93,-55
115,90,10.16,-22.868,-62.51
115,90,10.32,-22.122,-61.75
115,90,10.48,-32.248,-71.78
115,90,10.64,-22.238,-62.25
115,90,10.8,-21.93,-62.2
115,90,10.96,-32.546,-72.53
115,90,11.12,-27.546,-67.79
115,90,11.28,-30.946,-71.39
115,90,11.44,-19.912,-60.66
115,90,11.6,-21.65,-62.52
115,90,11.76,-21.124,-62.24
115,90,11.92,-25.774,-66.9
115,90,12.08,-20.62,-62.81
115,90,12.24,-18.594,-60.85
115,90,12.4,-14.78,-57.44
115,90,12.56,-16.11,-60.18
115,90,12.72,-26.074,-70.63
115,90,12.88,-15.806,-61.01
115,90,13.04,-13.828,-60.33
115,90,13.2,-16.14,-62.92
115,90,13.36,-18.334,-64.55
115,90,13.52,-19.232,-65.24
115,90,13.68,-20.67,-67.35
115,90,13.84,-22.378,-69.86
115,90,14,-25.6,-73.45
115,90,14.16,-22.256,-70.48
115,90,14.32,-13.406,-62.36
115,90,14.48,-13.544,-65.37
115,90,14.64,-10.624,-60.08
115,90,14.8,-10.68,-58.69
115,90,14.96,-13.222,-60.35
115,90,15.12,-12.51,-58.94
115,90,15.28,-15.41,-61.96
115,90,15.44,-17.096,-63.41
115,90,15.6,-23.16,-69.79
115,90,15.76,-32.188,-79.38
115,90,15.92,-27.932,-75.11
115,90,16.08,-24.772,-72.23
115,90,16.24,-23.114,-71.24
115,90,16.4,-20.7,-70.51
115,90,16.56,-24.818,-73.75
115,90,16.72,-26.948,-76.43
115,90,16.88,-19.244,-69.71
115,90,17.04,-20.066,-71.32
115,90,17.2,-21,-73.43
115,90,17.36,-17.866,-70.51
115,90,17.52,-19.946,-72.48
115,90,17.68,-17.122,-70.2
115,90,17.84,-21.708,-74.62
115,90,18,-18.4,-71.21
116,90,2,-19.16,-40.95
116,90,2.16,-16.568,-39.98
116,90,2.32,-12.656,-38.31
116,90,2.48,-12.364,-39.61
116,90,2.64,-16.358,-45.07
116,90,2.8,-16.58,-43.64
116,90,2.96,-9.658,-37.97
116,90,3.12,-31.656,-59.89
116,90,3.28,-22.332,-52.35
116,90,3.44,-8.552,-37.2
116,90,3.6,-5.87,-33.32
116,90,3.76,-5.804,-35.29
116,90,3.92,-4.342,-31.89
116,90,4.08,-5.662,-33.33
116,90,4.24,-8.466,-37.49
116,90,4.4,-5.95,-35.76
116,90,4.56,-6.626,-36.44
116,90,4.72,-7.604,-37.59
116,90,4.88,-6.52,-36.65
116,90,5.04,-3.73999999999999,-33.79
116,90,5.2,-5.39,-36.81
116,90,5.36,-5.77,-36.57
116,90,5.52,-6.018,-36.3
116,90,5.68,-7.93,-39.3
116,90,5.84,-5.992,-37.44
116,90,6,-5.55,-37.09
116,90,6.16,-6.85,-38.89
116,90,6.32,-9.47799999999999,-42.97
116,90,6.48,-6.126,-40.21
116,90,6.64,-5.598,-39.99
116,90,6.8,-7.13,-40.63
116,90,6.96,-6.512,-40.84
116,90,7.12,-9.536,-44.13
116,90,7.28,-10.182,-44.56
116,90,7.44,-11.456,-45.79
116,90,7.6,-9.73,-43.13
116,90,7.76,-10.428,-45.65
116,90,7.92,-10.862,-45.49
116,90,8.08,-10.906,-45.71
116,90,8.24,-11.222,-46.33
116,90,8.4,-11.66,-47.04
116,90,8.56,-11.382,-47.66
116,90,8.72,-10.858,-48.16
116,90,8.88,-12.738,-49.88
116,90,9.04,-13.704,-51.49
116,90,9.2,-11.14,-50
116,90,9.36,-11.684,-49.75
116,90,9.52,-13.732,-52.11
116,90,9.68,-13.3,-52.19
116,90,9.84,-12.286,-51.4
116,90,10,-16.71,-55.78
116,90,10.16,-19.438,-59.08
116,90,10.32,-16.322,-55.95
116,90,10.48,-20.298,-59.83
116,90,10.64,-19.788,-59.8
116,90,10.8,-18.6,-58.87
116,90,10.96,-37.766,-77.75
116,90,11.12,-28.646,-68.89
116,90,11.28,-26.716,-67.16
116,90,11.44,-25.142,-65.89
116,90,11.6,-27.9,-68.77
116,90,11.76,-20.934,-62.05
116,90,11.92,-21.194,-62.32
116,90,12.08,-21.53,-63.72
116,90,12.24,-23.884,-66.14
116,90,12.4,-19.9,-62.56
116,90,12.56,-16.17,-60.24
116,90,12.72,-25.884,-70.44
116,90,12.88,-17.226,-62.43
116,90,13.04,-13.998,-60.5
116,90,13.2,-16.3,-63.08
116,90,13.36,-19.714,-65.93
116,90,13.52,-23.592,-69.6
116,90,13.68,-20.65,-67.33
116,90,13.84,-26.848,-74.33
116,90,14,-20.48,-68.33
116,90,14.16,-17.696,-65.92
116,90,14.32,-14.406,-63.36
116,90,14.48,-11.784,-63.61
116,90,14.64,-8.74400000000001,-58.2
116,90,14.8,-11.57,-59.58
116,90,14.96,-13.262,-60.39
116,90,15.12,-13.92,-60.35
116,90,15.28,-16.58,-63.13
116,90,15.44,-19.936,-66.25
116,90,15.6,-23.2,-69.83
116,90,15.76,-28.778,-75.97
116,90,15.92,-33.892,-81.07
116,90,16.08,-24.902,-72.36
116,90,16.24,-24.514,-72.64
116,90,16.4,-21.42,-71.23
116,90,16.56,-28.518,-77.45
116,90,16.72,-20.588,-70.07
116,90,16.88,-15.604,-66.07
116,90,17.04,-21.816,-73.07
116,90,17.2,-17.14,-69.57
116,90,17.36,-13.906,-66.55
116,90,17.52,-21.236,-73.77
116,90,17.68,-17.142,-70.22
116,90,17.84,-18.528,-71.44
116,90,18,-20.65,-73.46
117,90,2,-19.76,-41.55
117,90,2.16,-17.178,-40.59
117,90,2.32,-12.206,-37.86
117,90,2.48,-11.174,-38.42
117,90,2.64,-16.348,-45.06
117,90,2.8,-16.37,-43.43
117,90,2.96,-8.898,-37.21
117,90,3.12,-25.376,-53.61
117,90,3.28,-25.432,-55.45
117,90,3.44,-9.192,-37.84
117,90,3.6,-5.79,-33.24
117,90,3.76,-6.014,-35.5
117,90,3.92,-4.872,-32.42
117,90,4.08,-6.032,-33.7
117,90,4.24,-8.296,-37.32
117,90,4.4,-5.54,-35.35
117,90,4.56,-6.896,-36.71
117,90,4.72,-7.284,-37.27
117,90,4.88,-5.59999999999999,-35.73
117,90,5.04,-3.16999999999999,-33.22
117,90,5.2,-4.58,-36
117,90,5.36,-4.7,-35.5
117,90,5.52,-4.778,-35.06
117,90,5.68,-6.77,-38.14
117,90,5.84,-5.862,-37.31
117,90,6,-5.79,-37.33
117,90,6.16,-6.43,-38.47
117,90,6.32,-9.748,-43.24
117,90,6.48,-6.546,-40.63
117,90,6.64,-5.718,-40.11
117,90,6.8,-8.13,-41.63
117,90,6.96,-7.372,-41.7
117,90,7.12,-10.446,-45.04
117,90,7.28,-11.682,-46.06
117,90,7.44,-12.216,-46.55
117,90,7.6,-10.39,-43.79
117,90,7.76,-10.908,-46.13
117,90,7.92,-11.352,-45.98
117,90,8.08,-10.286,-45.09
117,90,8.24,-9.492,-44.6
117,90,8.4,-10.29,-45.67
117,90,8.56,-9.84199999999999,-46.12
117,90,8.72,-9.448,-46.75
117,90,8.88,-11.488,-48.63
117,90,9.04,-12.594,-50.38
117,90,9.2,-8.58,-47.44
117,90,9.36,-10.254,-48.32
117,90,9.52,-13.432,-51.81
117,90,9.68,-13.75,-52.64
117,90,9.84,-12.126,-51.24
117,90,10,-16.81,-55.88
117,90,10.16,-15.598,-55.24
117,90,10.32,-13.242,-52.87
117,90,10.48,-17.128,-56.66
117,90,10.64,-16.118,-56.13
117,90,10.8,-15.84,-56.11
117,90,10.96,-24.566,-64.55
117,90,11.12,-32.426,-72.67
117,90,11.28,-34.606,-75.05
117,90,11.44,-42.222,-82.97
117,90,11.6,-26.3,-67.17
117,90,11.76,-23.454,-64.57
117,90,11.92,-28.754,-69.88
117,90,12.08,-26.82,-69.01
117,90,12.24,-30.084,-72.34
117,90,12.4,-25.34,-68
117,90,12.56,-19.67,-63.74
117,90,12.72,-26.254,-70.81
117,90,12.88,-20.706,-65.91
117,90,13.04,-14.768,-61.27
117,90,13.2,-19.32,-66.1
117,90,13.36,-17.654,-63.87
117,90,13.52,-24.182,-70.19
117,90,13.68,-19.41,-66.09
117,90,13.84,-20.618,-68.1
117,90,14,-13.74,-61.59
117,90,14.16,-14.466,-62.69
117,90,14.32,-12.886,-61.84
117,90,14.48,-16.924,-68.75
117,90,14.64,-11.334,-60.79
117,90,14.8,-11.58,-59.59
117,90,14.96,-15.212,-62.34
117,90,15.12,-15.89,-62.32
117,90,15.28,-17.14,-63.69
117,90,15.44,-17.146,-63.46
117,90,15.6,-16.08,-62.71
117,90,15.76,-18.788,-65.98
117,90,15.92,-25.592,-72.77
117,90,16.08,-23.292,-70.75
117,90,16.24,-26.604,-74.73
117,90,16.4,-20.97,-70.78
117,90,16.56,-29.588,-78.52
117,90,16.72,-21.978,-71.46
117,90,16.88,-15.474,-65.94
117,90,17.04,-12.856,-64.11
117,90,17.2,-19.62,-72.05
117,90,17.36,-17.796,-70.44
117,90,17.52,-24.426,-76.96
117,90,17.68,-19.132,-72.21
117,90,17.84,-16.798,-69.71
117,90,18,-18.84,-71.65
118,90,2,-20.31,-42.1
118,90,2.16,-17.948,-41.36
118,90,2.32,-11.836,-37.49
118,90,2.48,-10.154,-37.4
118,90,2.64,-16.378,-45.09
118,90,2.8,-15.79,-42.85
118,90,2.96,-8.818,-37.13
118,90,3.12,-20.806,-49.04
118,90,3.28,-26.352,-56.37
118,90,3.44,-9.752,-38.4
118,90,3.6,-5.75,-33.2
118,90,3.76,-6.204,-35.69
118,90,3.92,-5.552,-33.1
118,90,4.08,-6.572,-34.24
118,90,4.24,-8.01599999999999,-37.04
118,90,4.4,-5.14,-34.95
118,90,4.56,-7.316,-37.13
118,90,4.72,-6.56399999999999,-36.55
118,90,4.88,-4.66999999999999,-34.8
118,90,5.04,-2.66,-32.71
118,90,5.2,-3.77,-35.19
118,90,5.36,-4.02,-34.82
118,90,5.52,-4.008,-34.29
118,90,5.68,-6.07,-37.44
118,90,5.84,-6.082,-37.53
118,90,6,-6.53,-38.07
118,90,6.16,-6.53,-38.57
118,90,6.32,-10.158,-43.65
118,90,6.48,-7.056,-41.14
118,90,6.64,-6.308,-40.7
118,90,6.8,-9.55,-43.05
118,90,6.96,-8.892,-43.22
118,90,7.12,-11.486,-46.08
118,90,7.28,-12.952,-47.33
118,90,7.44,-12.576,-46.91
118,90,7.6,-11.81,-45.21
118,90,7.76,-10.758,-45.98
118,90,7.92,-11.162,-45.79
118,90,8.08,-9.436,-44.24
118,90,8.24,-8.182,-43.29
118,90,8.4,-8.89,-44.27
118,90,8.56,-9.36199999999999,-45.64
118,90,8.72,-9.258,-46.56
118,90,8.88,-11.428,-48.57
118,90,9.04,-11.304,-49.09
118,90,9.2,-7.45,-46.31
118,90,9.36,-9.224,-47.29
118,90,9.52,-10.822,-49.2
118,90,9.68,-12.71,-51.6
118,90,9.84,-11.506,-50.62
118,90,10,-13.53,-52.6
118,90,10.16,-11.638,-51.28
118,90,10.32,-10.302,-49.93
118,90,10.48,-12.628,-52.16
118,90,10.64,-17.228,-57.24
118,90,10.8,-15.55,-55.82
118,90,10.96,-19.806,-59.79
118,90,11.12,-22.326,-62.57
118,90,11.28,-26.396,-66.84
118,90,11.44,-19.562,-60.31
118,90,11.6,-20.78,-61.65
118,90,11.76,-19.464,-60.58
118,90,11.92,-20.954,-62.08
118,90,12.08,-28.78,-70.97
118,90,12.24,-24.984,-67.24
118,90,12.4,-30.24,-72.9
118,90,12.56,-22.57,-66.64
118,90,12.72,-27.484,-72.04
118,90,12.88,-29.306,-74.51
118,90,13.04,-19.888,-66.39
118,90,13.2,-20.35,-67.13
118,90,13.36,-18.224,-64.44
118,90,13.52,-21.142,-67.15
118,90,13.68,-17.26,-63.94
118,90,13.84,-20.818,-68.3
118,90,14,-11.82,-59.67
118,90,14.16,-10.436,-58.66
118,90,14.32,-12.316,-61.27
118,90,14.48,-12.584,-64.41
118,90,14.64,-13.834,-63.29
118,90,14.8,-14.18,-62.19
118,90,14.96,-12.882,-60.01
118,90,15.12,-14.92,-61.35
118,90,15.28,-14.95,-61.5
118,90,15.44,-11.706,-58.02
118,90,15.6,-13.09,-59.72
118,90,15.76,-20.328,-67.52
118,90,15.92,-26.752,-73.93
118,90,16.08,-29.542,-77
118,90,16.24,-23.894,-72.02
118,90,16.4,-23.8,-73.61
118,90,16.56,-25.628,-74.56
118,90,16.72,-22.578,-72.06
118,90,16.88,-17.744,-68.21
118,90,17.04,-19.626,-70.88
118,90,17.2,-16.07,-68.5
118,90,17.36,-14.986,-67.63
118,90,17.52,-19.316,-71.85
118,90,17.68,-32.802,-85.88
118,90,17.84,-15.958,-68.87
118,90,18,-17.87,-70.68
119,90,2,-19.66,-41.45
119,90,2.16,-18.898,-42.31
119,90,2.32,-11.576,-37.23
119,90,2.48,-9.254,-36.5
119,90,2.64,-16.678,-45.39
119,90,2.8,-15.53,-42.59
119,90,2.96,-9.118,-37.43
119,90,3.12,-17.676,-45.91
119,90,3.28,-24.102,-54.12
119,90,3.44,-10.182,-38.83
119,90,3.6,-5.73,-33.18
119,90,3.76,-6.28400000000001,-35.77
119,90,3.92,-6.002,-33.55
119,90,4.08,-7.422,-35.09
119,90,4.24,-7.91599999999999,-36.94
119,90,4.4,-4.7,-34.51
119,90,4.56,-8.246,-38.06
119,90,4.72,-5.964,-35.95
119,90,4.88,-3.98,-34.11
119,90,5.04,-2.06,-32.11
119,90,5.2,-3.47,-34.89
119,90,5.36,-3.94,-34.74
119,90,5.52,-3.418,-33.7
119,90,5.68,-5.77,-37.14
119,90,5.84,-6.852,-38.3
119,90,6,-7.25,-38.79
119,90,6.16,-6.93,-38.97
119,90,6.32,-10.658,-44.15
119,90,6.48,-7.746,-41.83
119,90,6.64,-7.008,-41.4
119,90,6.8,-10.99,-44.49
119,90,6.96,-9.942,-44.27
119,90,7.12,-12.236,-46.83
119,90,7.28,-13.462,-47.84
119,90,7.44,-12.006,-46.34
119,90,7.6,-11.2,-44.6
119,90,7.76,-9.788,-45.01
119,90,7.92,-10.182,-44.81
119,90,8.08,-8.826,-43.63
119,90,8.24,-7.782,-42.89
119,90,8.4,-8.01,-43.39
119,90,8.56,-9.23199999999999,-45.51
119,90,8.72,-9.508,-46.81
119,90,8.88,-10.448,-47.59
119,90,9.04,-10.004,-47.79
119,90,9.2,-7.92,-46.78
119,90,9.36,-8.30399999999999,-46.37
119,90,9.52,-8.042,-46.42
119,90,9.68,-11.64,-50.53
119,90,9.84,-10.566,-49.68
119,90,10,-9.9,-48.97
119,90,10.16,-8.408,-48.05
119,90,10.32,-10.212,-49.84
119,90,10.48,-11.938,-51.47
119,90,10.64,-17.268,-57.28
119,90,10.8,-14.47,-54.74
119,90,10.96,-15.796,-55.78
119,90,11.12,-17.266,-57.51
119,90,11.28,-18.696,-59.14
119,90,11.44,-16.152,-56.9
119,90,11.6,-17.54,-58.41
119,90,11.76,-17.714,-58.83
119,90,11.92,-20.704,-61.83
119,90,12.08,-20.24,-62.43
119,90,12.24,-25.124,-67.38
119,90,12.4,-42.34,-85
119,90,12.56,-26.72,-70.79
119,90,12.72,-27.304,-71.86
119,90,12.88,-24.176,-69.38
119,90,13.04,-25.688,-72.19
119,90,13.2,-19.09,-65.87
119,90,13.36,-26.324,-72.54
119,90,13.52,-21.732,-67.74
119,90,13.68,-24.31,-70.99
119,90,13.84,-15.888,-63.37
119,90,14,-12.2,-60.05
119,90,14.16,-11.166,-59.39
119,90,14.32,-16.026,-64.98
119,90,14.48,-15.084,-66.91
119,90,14.64,-11.264,-60.72
119,90,14.8,-12,-60.01
119,90,14.96,-12.182,-59.31
119,90,15.12,-9.99,-56.42
119,90,15.28,-13.02,-59.57
119,90,15.44,-12.356,-58.67
119,90,15.6,-13.45,-60.08
119,90,15.76,-15.568,-62.76
119,90,15.92,-38.952,-86.13
119,90,16.08,-25.212,-72.67
119,90,16.24,-30.704,-78.83
119,90,16.4,-23.79,-73.6
119,90,16.56,-27.638,-76.57
119,90,16.72,-15.748,-65.23
119,90,16.88,-15.614,-66.08
119,90,17.04,-16.366,-67.62
119,90,17.2,-21.9,-74.33
119,90,17.36,-16.436,-69.08
119,90,17.52,-14.726,-67.26
119,90,17.68,-39.012,-92.09
119,90,17.84,-21.278,-74.19
119,90,18,-19.38,-72.19
120,90,2,-18.44,-40.23
120,90,2.16,-20.578,-43.99
120,90,2.32,-11.756,-37.41
120,90,2.48,-8.534,-35.78
120,90,2.64,-17.268,-45.98
120,90,2.8,-15.3,-42.36
120,90,2.96,-9.698,-38.01
120,90,3.12,-16.336,-44.57
120,90,3.28,-20.332,-50.35
120,90,3.44,-10.232,-38.88
120,90,3.6,-5.81,-33.26
120,90,3.76,-6.564,-36.05
120,90,3.92,-6.442,-33.99
120,90,4.08,-8.252,-35.92
120,90,4.24,-7.936,-36.96
120,90,4.4,-4.09,-33.9
120,90,4.56,-8.986,-38.8
120,90,4.72,-5.66399999999999,-35.65
120,90,4.88,-3.48,-33.61
120,90,5.04,-1.64,-31.69
120,90,5.2,-3.48,-34.9
120,90,5.36,-4.37,-35.17
120,90,5.52,-3.498,-33.78
120,90,5.68,-5.43,-36.8
120,90,5.84,-8.292,-39.74
120,90,6,-8,-39.54
120,90,6.16,-8.15,-40.19
120,90,6.32,-10.638,-44.13
120,90,6.48,-8.656,-42.74
120,90,6.64,-8.038,-42.43
120,90,6.8,-12.37,-45.87
120,90,6.96,-10.202,-44.53
120,90,7.12,-11.886,-46.48
120,90,7.28,-13.372,-47.75
120,90,7.44,-10.976,-45.31
120,90,7.6,-10.17,-43.57
120,90,7.76,-9.018,-44.24
120,90,7.92,-9.502,-44.13
120,90,8.08,-9.206,-44.01
120,90,8.24,-7.572,-42.68
120,90,8.4,-7.91999999999999,-43.3
120,90,8.56,-9.642,-45.92
120,90,8.72,-10.218,-47.52
120,90,8.88,-10.198,-47.34
120,90,9.04,-8.98400000000001,-46.77
120,90,9.2,-9.92,-48.78
120,90,9.36,-8.084,-46.15
120,90,9.52,-6.872,-45.25
120,90,9.68,-10.1,-48.99
120,90,9.84,-9.736,-48.85
120,90,10,-8.7,-47.77
120,90,10.16,-7.568,-47.21
120,90,10.32,-10.332,-49.96
120,90,10.48,-12.518,-52.05
120,90,10.64,-18.508,-58.52
120,90,10.8,-14.32,-54.59
120,90,10.96,-14.896,-54.88
120,90,11.12,-14.426,-54.67
120,90,11.28,-16.096,-56.54
120,90,11.44,-16.052,-56.8
120,90,11.6,-16.33,-57.2
120,90,11.76,-18.374,-59.49
120,90,11.92,-21.054,-62.18
120,90,12.08,-20.92,-63.11
120,90,12.24,-20.274,-62.53
120,90,12.4,-35.83,-78.49
120,90,12.56,-23.04,-67.11
120,90,12.72,-25.914,-70.47
120,90,12.88,-26.736,-71.94
120,90,13.04,-34.818,-81.32
120,90,13.2,-18.44,-65.22
120,90,13.36,-25.414,-71.63
120,90,13.52,-21.352,-67.36
120,90,13.68,-16.36,-63.04
120,90,13.84,-16.778,-64.26
120,90,14,-15.11,-62.96
120,90,14.16,-15.756,-63.98
120,90,14.32,-18.026,-66.98
120,90,14.48,-13.764,-65.59
120,90,14.64,-9.53400000000001,-58.99
120,90,14.8,-9.54,-57.55
120,90,14.96,-11.962,-59.09
120,90,15.12,-10.39,-56.82
120,90,15.28,-12.85,-59.4
120,90,15.44,-14.706,-61.02
120,90,15.6,-14.69,-61.32
120,90,15.76,-18.668,-65.86
120,90,15.92,-25.192,-72.37
120,90,16.08,-18.752,-66.21
120,90,16.24,-43.104,-91.23
120,90,16.4,-20.64,-70.45
120,90,16.56,-20.288,-69.22
120,90,16.72,-22.458,-71.94
120,90,16.88,-19.914,-70.38
120,90,17.04,-22.556,-73.81
120,90,17.2,-20.33,-72.76
120,90,17.36,-18.076,-70.72
120,90,17.52,-18.816,-71.35
120,90,17.68,-41.302,-94.38
120,90,17.84,-30.548,-83.46
120,90,18,-22.84,-75.65
121,90,2,-17.25,-39.04
121,90,2.16,-22.008,-45.42
121,90,2.32,-12.066,-37.72
121,90,2.48,-8.034,-35.28
121,90,2.64,-17.348,-46.06
121,90,2.8,-15.25,-42.31
121,90,2.96,-10.568,-38.88
121,90,3.12,-15.006,-43.24
121,90,3.28,-18.422,-48.44
121,90,3.44,-10.202,-38.85
121,90,3.6,-5.73,-33.18
121,90,3.76,-6.484,-35.97
121,90,3.92,-6.392,-33.94
121,90,4.08,-9.352,-37.02
121,90,4.24,-8.09599999999999,-37.12
121,90,4.4,-3.65,-33.46
121,90,4.56,-9.356,-39.17
121,90,4.72,-5.464,-35.45
121,90,4.88,-3.34999999999999,-33.48
121,90,5.04,-1.47,-31.52
121,90,5.2,-3.56,-34.98
121,90,5.36,-5.29000000000001,-36.09
121,90,5.52,-4.198,-34.48
121,90,5.68,-5.13,-36.5
121,90,5.84,-10.292,-41.74
121,90,6,-8.64,-40.18
121,90,6.16,-9.24,-41.28
121,90,6.32,-10.378,-43.87
121,90,6.48,-9.64599999999999,-43.73
121,90,6.64,-8.878,-43.27
121,90,6.8,-12.55,-46.05
121,90,6.96,-9.492,-43.82
121,90,7.12,-10.806,-45.4
121,90,7.28,-12.332,-46.71
121,90,7.44,-10.346,-44.68
121,90,7.6,-9.47,-42.87
121,90,7.76,-8.348,-43.57
121,90,7.92,-8.872,-43.5
121,90,8.08,-10.106,-44.91
121,90,8.24,-8.312,-43.42
121,90,8.4,-8.58,-43.96
121,90,8.56,-9.55199999999999,-45.83
121,90,8.72,-10.748,-48.05
121,90,8.88,-9.568,-46.71
121,90,9.04,-8.27400000000001,-46.06
121,90,9.2,-10.29,-49.15
121,90,9.36,-8.284,-46.35
121,90,9.52,-6.662,-45.04
121,90,9.68,-8,-46.89
121,90,9.84,-8.96599999999999,-48.08
121,90,10,-9.48,-48.55
121,90,10.16,-8.63800000000001,-48.28
121,90,10.32,-10.632,-50.26
121,90,10.48,-15.158,-54.69
121,90,10.64,-19.378,-59.39
121,90,10.8,-17.12,-57.39
121,90,10.96,-15.786,-55.77
121,90,11.12,-13.896,-54.14
121,90,11.28,-16.676,-57.12
121,90,11.44,-16.852,-57.6
121,90,11.6,-15.21,-56.08
121,90,11.76,-19.254,-60.37
121,90,11.92,-20.224,-61.35
121,90,12.08,-19.32,-61.51
121,90,12.24,-20.254,-62.51
121,90,12.4,-30.08,-72.74
121,90,12.56,-25.23,-69.3
121,90,12.72,-26.544,-71.1
121,90,12.88,-31.676,-76.88
121,90,13.04,-29.708,-76.21
121,90,13.2,-18.42,-65.2
121,90,13.36,-23.954,-70.17
121,90,13.52,-18.392,-64.4
121,90,13.68,-14.12,-60.8
121,90,13.84,-17.608,-65.09
121,90,14,-18.75,-66.6
121,90,14.16,-12.986,-61.21
121,90,14.32,-12.856,-61.81
121,90,14.48,-10.424,-62.25
121,90,14.64,-10.784,-60.24
121,90,14.8,-11.54,-59.55
121,90,14.96,-12.762,-59.89
121,90,15.12,-12.06,-58.49
121,90,15.28,-14.04,-60.59
121,90,15.44,-15.396,-61.71
121,90,15.6,-18.35,-64.98
121,90,15.76,-25.078,-72.27
121,90,15.92,-25.532,-72.71
121,90,16.08,-24.872,-72.33
121,90,16.24,-30.324,-78.45
121,90,16.4,-24.47,-74.28
121,90,16.56,-18.858,-67.79
121,90,16.72,-22.108,-71.59
121,90,16.88,-21.054,-71.52
121,90,17.04,-27.626,-78.88
121,90,17.2,-27.24,-79.67
121,90,17.36,-16.436,-69.08
121,90,17.52,-19.436,-71.97
121,90,17.68,-38.102,-91.18
121,90,17.84,-17.828,-70.74
121,90,18,-20.27,-73.08
122,90,2,-15.83,-37.62
122,90,2.16,-24.688,-48.1
122,90,2.32,-12.296,-37.95
122,90,2.48,-7.574,-34.82
122,90,2.64,-16.778,-45.49
122,90,2.8,-15.94,-43
122,90,2.96,-12.098,-40.41
122,90,3.12,-14.476,-42.71
122,90,3.28,-16.832,-46.85
122,90,3.44,-9.882,-38.53
122,90,3.6,-5.79,-33.24
122,90,3.76,-6.594,-36.08
122,90,3.92,-5.952,-33.5
122,90,4.08,-10.302,-37.97
122,90,4.24,-8.406,-37.43
122,90,4.4,-3.29,-33.1
122,90,4.56,-9.326,-39.14
122,90,4.72,-5.544,-35.53
122,90,4.88,-3.63,-33.76
122,90,5.04,-1.7,-31.75
122,90,5.2,-3.71,-35.13
122,90,5.36,-6.94,-37.74
122,90,5.52,-5.528,-35.81
122,90,5.68,-5.29,-36.66
122,90,5.84,-12.832,-44.28
122,90,6,-9.62,-41.16
122,90,6.16,-10.16,-42.2
122,90,6.32,-10.128,-43.62
122,90,6.48,-9.886,-43.97
122,90,6.64,-9.358,-43.75
122,90,6.8,-11.52,-45.02
122,90,6.96,-8.602,-42.93
122,90,7.12,-9.416,-44.01
122,90,7.28,-10.472,-44.85
122,90,7.44,-9.586,-43.92
122,90,7.6,-9.12,-42.52
122,90,7.76,-7.918,-43.14
122,90,7.92,-8.122,-42.75
122,90,8.08,-11.256,-46.06
122,90,8.24,-10.242,-45.35
122,90,8.4,-9.41,-44.79
122,90,8.56,-9.65199999999999,-45.93
122,90,8.72,-10.698,-48
122,90,8.88,-9.538,-46.68
122,90,9.04,-7.404,-45.19
122,90,9.2,-9.64,-48.5
122,90,9.36,-9.394,-47.46
122,90,9.52,-8.062,-46.44
122,90,9.68,-7.82,-46.71
122,90,9.84,-7.516,-46.63
122,90,10,-10.43,-49.5
122,90,10.16,-12.298,-51.94
122,90,10.32,-13.302,-52.93
122,90,10.48,-16.488,-56.02
122,90,10.64,-17.028,-57.04
122,90,10.8,-20.49,-60.76
122,90,10.96,-19.596,-59.58
122,90,11.12,-17.256,-57.5
122,90,11.28,-16.306,-56.75
122,90,11.44,-19.042,-59.79
122,90,11.6,-17.14,-58.01
122,90,11.76,-17.714,-58.83
122,90,11.92,-17.794,-58.92
122,90,12.08,-16.06,-58.25
122,90,12.24,-21.574,-63.83
122,90,12.4,-26.98,-69.64
122,90,12.56,-26.34,-70.41
122,90,12.72,-29.404,-73.96
122,90,12.88,-36.696,-81.9
122,90,13.04,-27.898,-74.4
122,90,13.2,-16.67,-63.45
122,90,13.36,-17.274,-63.49
122,90,13.52,-16.862,-62.87
122,90,13.68,-15.51,-62.19
122,90,13.84,-17.868,-65.35
122,90,14,-12.51,-60.36
122,90,14.16,-13.856,-62.08
122,90,14.32,-10.236,-59.19
122,90,14.48,-11.184,-63.01
122,90,14.64,-11.014,-60.47
122,90,14.8,-14.37,-62.38
122,90,14.96,-12.972,-60.1
122,90,15.12,-11.73,-58.16
122,90,15.28,-13.88,-60.43
122,90,15.44,-14.296,-60.61
122,90,15.6,-19.26,-65.89
122,90,15.76,-22.858,-70.05
122,90,15.92,-19.392,-66.57
122,90,16.08,-19.692,-67.15
122,90,16.24,-24.404,-72.53
122,90,16.4,-23.68,-73.49
122,90,16.56,-25.138,-74.07
122,90,16.72,-25.598,-75.08
122,90,16.88,-25.474,-75.94
122,90,17.04,-19.356,-70.61
122,90,17.2,-23.81,-76.24
122,90,17.36,-23.876,-76.52
122,90,17.52,-17.106,-69.64
122,90,17.68,-26.362,-79.44
122,90,17.84,-20.958,-73.87
122,90,18,-23.24,-76.05
123,90,2,-14.46,-36.25
123,90,2.16,-27.348,-50.76
123,90,2.32,-12.856,-38.51
123,90,2.48,-7.294,-34.54
123,90,2.64,-15.708,-44.42
123,90,2.8,-16.63,-43.69
123,90,2.96,-13.438,-41.75
123,90,3.12,-14.326,-42.56
123,90,3.28,-16.142,-46.16
123,90,3.44,-9.372,-38.02
123,90,3.6,-5.82,-33.27
123,90,3.76,-6.614,-36.1
123,90,3.92,-5.192,-32.74
123,90,4.08,-11.022,-38.69
123,90,4.24,-8.98599999999999,-38.01
123,90,4.4,-3.13,-32.94
123,90,4.56,-8.536,-38.35
123,90,4.72,-6.17399999999999,-36.16
123,90,4.88,-4.38,-34.51
123,90,5.04,-2.45999999999999,-32.51
123,90,5.2,-3.79,-35.21
123,90,5.36,-8.51000000000001,-39.31
123,90,5.52,-8.118,-38.4
123,90,5.68,-5.96,-37.33
123,90,5.84,-15.482,-46.93
123,90,6,-10.03,-41.57
123,90,6.16,-10.6,-42.64
123,90,6.32,-9.54799999999999,-43.04
123,90,6.48,-10.106,-44.19
123,90,6.64,-8.668,-43.06
123,90,6.8,-9.87,-43.37
123,90,6.96,-7.732,-42.06
123,90,7.12,-8.286,-42.88
123,90,7.28,-9.132,-43.51
123,90,7.44,-9.436,-43.77
123,90,7.6,-9.15,-42.55
123,90,7.76,-8.248,-43.47
123,90,7.92,-8.022,-42.65
123,90,8.08,-11.636,-46.44
123,90,8.24,-12.402,-47.51
123,90,8.4,-10.78,-46.16
123,90,8.56,-10.302,-46.58
123,90,8.72,-9.958,-47.26
123,90,8.88,-9.09800000000001,-46.24
123,90,9.04,-7.614,-45.4
123,90,9.2,-8.21,-47.07
123,90,9.36,-9.454,-47.52
123,90,9.52,-11.372,-49.75
123,90,9.68,-9.1,-47.99
123,90,9.84,-8.246,-47.36
123,90,10,-11.2,-50.27
123,90,10.16,-20.088,-59.73
123,90,10.32,-21.992,-61.62
123,90,10.48,-17.698,-57.23
123,90,10.64,-18.688,-58.7
123,90,10.8,-23.92,-64.19
123,90,10.96,-24.066,-64.05
123,90,11.12,-20.366,-60.61
123,90,11.28,-16.746,-57.19
123,90,11.44,-16.222,-56.97
123,90,11.6,-15.24,-56.11
123,90,11.76,-17.974,-59.09
123,90,11.92,-18.834,-59.96
123,90,12.08,-17.35,-59.54
123,90,12.24,-20.274,-62.53
123,90,12.4,-21.73,-64.39
123,90,12.56,-29.68,-73.75
123,90,12.72,-29.444,-74
123,90,12.88,-25.806,-71.01
123,90,13.04,-29.698,-76.2
123,90,13.2,-16.94,-63.72
123,90,13.36,-22.574,-68.79
123,90,13.52,-18.722,-64.73
123,90,13.68,-13.61,-60.29
123,90,13.84,-19.938,-67.42
123,90,14,-10.73,-58.58
123,90,14.16,-12.366,-60.59
123,90,14.32,-9.846,-58.8
123,90,14.48,-16.464,-68.29
123,90,14.64,-13.274,-62.73
123,90,14.8,-15.12,-63.13
123,90,14.96,-14.722,-61.85
123,90,15.12,-12.72,-59.15
123,90,15.28,-13.74,-60.29
123,90,15.44,-12.966,-59.28
123,90,15.6,-17.65,-64.28
123,90,15.76,-19.018,-66.21
123,90,15.92,-25.412,-72.59
123,90,16.08,-24.902,-72.36
123,90,16.24,-21.514,-69.64
123,90,16.4,-24.82,-74.63
123,90,16.56,-29.178,-78.11
123,90,16.72,-23.338,-72.82
123,90,16.88,-17.644,-68.11
123,90,17.04,-19.846,-71.1
123,90,17.2,-27.37,-79.8
123,90,17.36,-13.066,-65.71
123,90,17.52,-14.276,-66.81
123,90,17.68,-25.302,-78.38
123,90,17.84,-26.248,-79.16
123,90,18,-21.43,-74.24
124,90,2,-13.2,-34.99
124,90,2.16,-28.928,-52.34
124,90,2.32,-13.636,-39.29
124,90,2.48,-7.174,-34.42
124,90,2.64,-14.418,-43.13
124,90,2.8,-18.06,-45.12
124,90,2.96,-15.688,-44
124,90,3.12,-14.736,-42.97
124,90,3.28,-16.872,-46.89
124,90,3.44,-9.162,-37.81
124,90,3.6,-5.91,-33.36
124,90,3.76,-6.564,-36.05
124,90,3.92,-4.412,-31.96
124,90,4.08,-10.502,-38.17
124,90,4.24,-10.116,-39.14
124,90,4.4,-3.22,-33.03
124,90,4.56,-8.036,-37.85
124,90,4.72,-6.80399999999999,-36.79
124,90,4.88,-5.64,-35.77
124,90,5.04,-3.91,-33.96
124,90,5.2,-4.07,-35.49
124,90,5.36,-9.40000000000001,-40.2
124,90,5.52,-11.858,-42.14
124,90,5.68,-6.92,-38.29
124,90,5.84,-15.462,-46.91
124,90,6,-10.03,-41.57
124,90,6.16,-10.19,-42.23
124,90,6.32,-9.218,-42.71
124,90,6.48,-9.156,-43.24
124,90,6.64,-8.428,-42.82
124,90,6.8,-8.62,-42.12
124,90,6.96,-7.65199999999999,-41.98
124,90,7.12,-8.256,-42.85
124,90,7.28,-8.832,-43.21
124,90,7.44,-9.196,-43.53
124,90,7.6,-10.2,-43.6
124,90,7.76,-9.888,-45.11
124,90,7.92,-8.702,-43.33
124,90,8.08,-11.846,-46.65
124,90,8.24,-14.782,-49.89
124,90,8.4,-12.81,-48.19
124,90,8.56,-10.512,-46.79
124,90,8.72,-9.658,-46.96
124,90,8.88,-10.608,-47.75
124,90,9.04,-8.45400000000001,-46.24
124,90,9.2,-7.69,-46.55
124,90,9.36,-8.604,-46.67
124,90,9.52,-13.532,-51.91
124,90,9.68,-11.31,-50.2
124,90,9.84,-9.266,-48.38
124,90,10,-13.27,-52.34
124,90,10.16,-26.368,-66.01
124,90,10.32,-23.052,-62.68
124,90,10.48,-15.488,-55.02
124,90,10.64,-22.728,-62.74
124,90,10.8,-22.96,-63.23
124,90,10.96,-20.656,-60.64
124,90,11.12,-19.836,-60.08
124,90,11.28,-16.576,-57.02
124,90,11.44,-17.152,-57.9
124,90,11.6,-15.09,-55.96
124,90,11.76,-17.784,-58.9
124,90,11.92,-24.554,-65.68
124,90,12.08,-20.67,-62.86
124,90,12.24,-20.364,-62.62
124,90,12.4,-20.83,-63.49
124,90,12.56,-20.19,-64.26
124,90,12.72,-34.274,-78.83
124,90,12.88,-24.466,-69.67
124,90,13.04,-29.198,-75.7
124,90,13.2,-18.66,-65.44
124,90,13.36,-18.834,-65.05
124,90,13.52,-16.582,-62.59
124,90,13.68,-15.67,-62.35
124,90,13.84,-19.938,-67.42
124,90,14,-9.22,-57.07
124,90,14.16,-10.766,-58.99
124,90,14.32,-11.466,-60.42
124,90,14.48,-14.504,-66.33
124,90,14.64,-14.794,-64.25
124,90,14.8,-15.35,-63.36
124,90,14.96,-14.202,-61.33
124,90,15.12,-13.87,-60.3
124,90,15.28,-13.13,-59.68
124,90,15.44,-15.196,-61.51
124,90,15.6,-14.91,-61.54
124,90,15.76,-19.148,-66.34
124,90,15.92,-21.742,-68.92
124,90,16.08,-28.312,-75.77
124,90,16.24,-23.994,-72.12
124,90,16.4,-31.85,-81.66
124,90,16.56,-23.418,-72.35
124,90,16.72,-17.998,-67.48
124,90,16.88,-22.244,-72.71
124,90,17.04,-18.436,-69.69
124,90,17.2,-27.44,-79.87
124,90,17.36,-17.626,-70.27
124,90,17.52,-24.496,-77.03
124,90,17.68,-25.922,-79
124,90,17.84,-24.878,-77.79
124,90,18,-20.9,-73.71
125,90,2,-12.03,-33.82
125,90,2.16,-27.128,-50.54
125,90,2.32,-14.626,-40.28
125,90,2.48,-7.194,-34.44
125,90,2.64,-13.368,-42.08
125,90,2.8,-20.24,-47.3
125,90,2.96,-17.348,-45.66
125,90,3.12,-15.336,-43.57
125,90,3.28,-18.812,-48.83
125,90,3.44,-9.102,-37.75
125,90,3.6,-5.93,-33.38
125,90,3.76,-6.624,-36.11
125,90,3.92,-3.592,-31.14
125,90,4.08,-9.112,-36.78
125,90,4.24,-11.496,-40.52
125,90,4.4,-3.6,-33.41
125,90,4.56,-7.166,-36.98
125,90,4.72,-7.404,-37.39
125,90,4.88,-7.14,-37.27
125,90,5.04,-6.33,-36.38
125,90,5.2,-4.79,-36.21
125,90,5.36,-9.74,-40.54
125,90,5.52,-17.758,-48.04
125,90,5.68,-7.72000000000001,-39.09
125,90,5.84,-12.692,-44.14
125,90,6,-9.62,-41.16
125,90,6.16,-9.78,-41.82
125,90,6.32,-8.678,-42.17
125,90,6.48,-9.006,-43.09
125,90,6.64,-7.938,-42.33
125,90,6.8,-7.77,-41.27
125,90,6.96,-7.412,-41.74
125,90,7.12,-8.186,-42.78
125,90,7.28,-9.112,-43.49
125,90,7.44,-9.32599999999999,-43.66
125,90,7.6,-10.8,-44.2
125,90,7.76,-12.018,-47.24
125,90,7.92,-9.752,-44.38
125,90,8.08,-12.206,-47.01
125,90,8.24,-15.202,-50.31
125,90,8.4,-14.52,-49.9
125,90,8.56,-10.982,-47.26
125,90,8.72,-9.358,-46.66
125,90,8.88,-10.288,-47.43
125,90,9.04,-10.294,-48.08
125,90,9.2,-7.91,-46.77
125,90,9.36,-8.274,-46.34
125,90,9.52,-13.362,-51.74
125,90,9.68,-14.11,-53
125,90,9.84,-10.766,-49.88
125,90,10,-16.77,-55.84
125,90,10.16,-20.988,-60.63
125,90,10.32,-22.602,-62.23
125,90,10.48,-17.908,-57.44
125,90,10.64,-26.048,-66.06
125,90,10.8,-18.28,-58.55
125,90,10.96,-20.006,-59.99
125,90,11.12,-16.476,-56.72
125,90,11.28,-18.676,-59.12
125,90,11.44,-19.152,-59.9
125,90,11.6,-16.94,-57.81
125,90,11.76,-20.254,-61.37
125,90,11.92,-27.164,-68.29
125,90,12.08,-23.44,-65.63
125,90,12.24,-26.654,-68.91
125,90,12.4,-22.72,-65.38
125,90,12.56,-18.73,-62.8
125,90,12.72,-21.224,-65.78
125,90,12.88,-25.466,-70.67
125,90,13.04,-24.288,-70.79
125,90,13.2,-21.27,-68.05
125,90,13.36,-16.964,-63.18
125,90,13.52,-18.502,-64.51
125,90,13.68,-14.7,-61.38
125,90,13.84,-13.588,-61.07
125,90,14,-9.93,-57.78
125,90,14.16,-9.736,-57.96
125,90,14.32,-9.60600000000001,-58.56
125,90,14.48,-13.094,-64.92
125,90,14.64,-13.204,-62.66
125,90,14.8,-16.56,-64.57
125,90,14.96,-14.932,-62.06
125,90,15.12,-15.29,-61.72
125,90,15.28,-16.04,-62.59
125,90,15.44,-14.246,-60.56
125,90,15.6,-15,-61.63
125,90,15.76,-22.578,-69.77
125,90,15.92,-22.732,-69.91
125,90,16.08,-32.212,-79.67
125,90,16.24,-25.084,-73.21
125,90,16.4,-27.16,-76.97
125,90,16.56,-28.538,-77.47
125,90,16.72,-22.528,-72.01
125,90,16.88,-27.354,-77.82
125,90,17.04,-22.666,-73.92
125,90,17.2,-25.1,-77.53
125,90,17.36,-22.146,-74.79
125,90,17.52,-21.046,-73.58
125,90,17.68,-20.622,-73.7
125,90,17.84,-20.398,-73.31
125,90,18,-22.14,-74.95
126,90,2,-11.26,-33.05
126,90,2.16,-23.968,-47.38
126,90,2.32,-15.616,-41.27
126,90,2.48,-7.524,-34.77
126,90,2.64,-12.728,-41.44
126,90,2.8,-22.66,-49.72
126,90,2.96,-18.528,-46.84
126,90,3.12,-16.106,-44.34
126,90,3.28,-21.622,-51.64
126,90,3.44,-9.332,-37.98
126,90,3.6,-6.01,-33.46
126,90,3.76,-6.634,-36.12
126,90,3.92,-3.182,-30.73
126,90,4.08,-7.552,-35.22
126,90,4.24,-13.076,-42.1
126,90,4.4,-4.29,-34.1
126,90,4.56,-7.116,-36.93
126,90,4.72,-7.41399999999999,-37.4
126,90,4.88,-8.4,-38.53
126,90,5.04,-10.05,-40.1
126,90,5.2,-6.16,-37.58
126,90,5.36,-9.7,-40.5
126,90,5.52,-27.078,-57.36
126,90,5.68,-7.71,-39.08
126,90,5.84,-10.152,-41.6
126,90,6,-8.55,-40.09
126,90,6.16,-9.5,-41.54
126,90,6.32,-8.718,-42.21
126,90,6.48,-9.046,-43.13
126,90,6.64,-8.258,-42.65
126,90,6.8,-7.55,-41.05
126,90,6.96,-7.86199999999999,-42.19
126,90,7.12,-8.846,-43.44
126,90,7.28,-10.762,-45.14
126,90,7.44,-9.186,-43.52
126,90,7.6,-11.42,-44.82
126,90,7.76,-13.948,-49.17
126,90,7.92,-11.652,-46.28
126,90,8.08,-11.986,-46.79
126,90,8.24,-13.762,-48.87
126,90,8.4,-14.75,-50.13
126,90,8.56,-11.962,-48.24
126,90,8.72,-9.618,-46.92
126,90,8.88,-8.798,-45.94
126,90,9.04,-11.224,-49.01
126,90,9.2,-10.19,-49.05
126,90,9.36,-8.98399999999999,-47.05
126,90,9.52,-11.682,-50.06
126,90,9.68,-14.61,-53.5
126,90,9.84,-10.406,-49.52
126,90,10,-16.46,-55.53
126,90,10.16,-14.278,-53.92
126,90,10.32,-15.222,-54.85
126,90,10.48,-21.468,-61
126,90,10.64,-31.768,-71.78
126,90,10.8,-19.49,-59.76
126,90,10.96,-22.766,-62.75
126,90,11.12,-19.556,-59.8
126,90,11.28,-21.996,-62.44
126,90,11.44,-21.762,-62.51
126,90,11.6,-19.48,-60.35
126,90,11.76,-27.614,-68.73
126,90,11.92,-31.804,-72.93
126,90,12.08,-28.39,-70.58
126,90,12.24,-33.714,-75.97
126,90,12.4,-29.94,-72.6
126,90,12.56,-22.55,-66.62
126,90,12.72,-24.114,-68.67
126,90,12.88,-19.576,-64.78
126,90,13.04,-21.178,-67.68
126,90,13.2,-24.03,-70.81
126,90,13.36,-15.914,-62.13
126,90,13.52,-14.352,-60.36
126,90,13.68,-14.46,-61.14
126,90,13.84,-11.748,-59.23
126,90,14,-10.22,-58.07
126,90,14.16,-8.816,-57.04
126,90,14.32,-7.96600000000001,-56.92
126,90,14.48,-11.944,-63.77
126,90,14.64,-13.514,-62.97
126,90,14.8,-21.57,-69.58
126,90,14.96,-15.922,-63.05
126,90,15.12,-17.23,-63.66
126,90,15.28,-14.4,-60.95
126,90,15.44,-15.756,-62.07
126,90,15.6,-19.04,-65.67
126,90,15.76,-24.998,-72.19
126,90,15.92,-57.252,-104.43
126,90,16.08,-33.662,-81.12
126,90,16.24,-18.314,-66.44
126,90,16.4,-27.65,-77.46
126,90,16.56,-28.758,-77.69
126,90,16.72,-28.408,-77.89
126,90,16.88,-41.864,-92.33
126,90,17.04,-20.886,-72.14
126,90,17.2,-23.13,-75.56
126,90,17.36,-22.516,-75.16
126,90,17.52,-22.866,-75.4
126,90,17.68,-23.902,-76.98
126,90,17.84,-19.918,-72.83
126,90,18,-20.91,-73.72
127,90,2,-10.57,-32.36
127,90,2.16,-21.778,-45.19
127,90,2.32,-16.446,-42.1
127,90,2.48,-7.954,-35.2
127,90,2.64,-12.398,-41.11
127,90,2.8,-27.24,-54.3
127,90,2.96,-19.018,-47.33
127,90,3.12,-16.536,-44.77
127,90,3.28,-19.362,-49.38
127,90,3.44,-9.672,-38.32
127,90,3.6,-6.08,-33.53
127,90,3.76,-7.064,-36.55
127,90,3.92,-3.042,-30.59
127,90,4.08,-6.262,-33.93
127,90,4.24,-13.646,-42.67
127,90,4.4,-5.59,-35.4
127,90,4.56,-7.406,-37.22
127,90,4.72,-7.074,-37.06
127,90,4.88,-8.52999999999999,-38.66
127,90,5.04,-15.77,-45.82
127,90,5.2,-7.98,-39.4
127,90,5.36,-9.58000000000001,-40.38
127,90,5.52,-27.778,-58.06
127,90,5.68,-7.99,-39.36
127,90,5.84,-8.312,-39.76
127,90,6,-7.93,-39.47
127,90,6.16,-9.71,-41.75
127,90,6.32,-9.08799999999999,-42.58
127,90,6.48,-9.706,-43.79
127,90,6.64,-8.76799999999999,-43.16
127,90,6.8,-7.51,-41.01
127,90,6.96,-9.092,-43.42
127,90,7.12,-9.286,-43.88
127,90,7.28,-13.172,-47.55
127,90,7.44,-10.426,-44.76
127,90,7.6,-11.91,-45.31
127,90,7.76,-14.848,-50.07
127,90,7.92,-13.272,-47.9
127,90,8.08,-12.196,-47
127,90,8.24,-12.602,-47.71
127,90,8.4,-13.78,-49.16
127,90,8.56,-13.392,-49.67
127,90,8.72,-10.858,-48.16
127,90,8.88,-8.218,-45.36
127,90,9.04,-9.264,-47.05
127,90,9.2,-12.18,-51.04
127,90,9.36,-10.004,-48.07
127,90,9.52,-10.822,-49.2
127,90,9.68,-11.83,-50.72
127,90,9.84,-11.146,-50.26
127,90,10,-13.42,-52.49
127,90,10.16,-13.318,-52.96
127,90,10.32,-14.972,-54.6
127,90,10.48,-22.128,-61.66
127,90,10.64,-50.228,-90.24
127,90,10.8,-20.29,-60.56
127,90,10.96,-28.296,-68.28
127,90,11.12,-20.066,-60.31
127,90,11.28,-26.396,-66.84
127,90,11.44,-25.542,-66.29
127,90,11.6,-24.17,-65.04
127,90,11.76,-40.774,-81.89
127,90,11.92,-28.944,-70.07
127,90,12.08,-40.39,-82.58
127,90,12.24,-33.314,-75.57
127,90,12.4,-25.5,-68.16
127,90,12.56,-17.4,-61.47
127,90,12.72,-19.324,-63.88
127,90,12.88,-22.036,-67.24
127,90,13.04,-20.868,-67.37
127,90,13.2,-13.97,-60.75
127,90,13.36,-15.094,-61.31
127,90,13.52,-13.742,-59.75
127,90,13.68,-11.92,-58.6
127,90,13.84,-10.728,-58.21
127,90,14,-9.04,-56.89
127,90,14.16,-7.21599999999999,-55.44
127,90,14.32,-8.596,-57.55
127,90,14.48,-12.694,-64.52
127,90,14.64,-20.704,-70.16
127,90,14.8,-16.33,-64.34
127,90,14.96,-17.712,-64.84
127,90,15.12,-17.76,-64.19
127,90,15.28,-16.27,-62.82
127,90,15.44,-20.956,-67.27
127,90,15.6,-29.75,-76.38
127,90,15.76,-23.128,-70.32
127,90,15.92,-21.712,-68.89
127,90,16.08,-24.192,-71.65
127,90,16.24,-28.894,-77.02
127,90,16.4,-17.9,-67.71
127,90,16.56,-22.288,-71.22
127,90,16.72,-38.918,-88.4
127,90,16.88,-23.324,-73.79
127,90,17.04,-27.356,-78.61
127,90,17.2,-19.45,-71.88
127,90,17.36,-34.546,-87.19
127,90,17.52,-24.286,-76.82
127,90,17.68,-30.572,-83.65
127,90,17.84,-24.228,-77.14
127,90,18,-22.91,-75.72
128,90,2,-10.05,-31.84
128,90,2.16,-19.838,-43.25
128,90,2.32,-17.196,-42.85
128,90,2.48,-8.66399999999999,-35.91
128,90,2.64,-12.438,-41.15
128,90,2.8,-32.38,-59.44
128,90,2.96,-19.768,-48.08
128,90,3.12,-15.776,-44.01
128,90,3.28,-14.852,-44.87
128,90,3.44,-9.502,-38.15
128,90,3.6,-6.1,-33.55
128,90,3.76,-7.28400000000001,-36.77
128,90,3.92,-3.302,-30.85
128,90,4.08,-5.352,-33.02
128,90,4.24,-12.696,-41.72
128,90,4.4,-7.13,-36.94
128,90,4.56,-8.096,-37.91
128,90,4.72,-7.034,-37.02
128,90,4.88,-8.52,-38.65
128,90,5.04,-24.88,-54.93
128,90,5.2,-9.97,-41.39
128,90,5.36,-9.54000000000001,-40.34
128,90,5.52,-22.858,-53.14
128,90,5.68,-8.64,-40.01
128,90,5.84,-7.782,-39.23
128,90,6,-7.57,-39.11
128,90,6.16,-10.14,-42.18
128,90,6.32,-9.718,-43.21
128,90,6.48,-11.506,-45.59
128,90,6.64,-10.068,-44.46
128,90,6.8,-8.33,-41.83
128,90,6.96,-10.372,-44.7
128,90,7.12,-9.936,-44.53
128,90,7.28,-15.012,-49.39
128,90,7.44,-11.606,-45.94
128,90,7.6,-12.61,-46.01
128,90,7.76,-14.588,-49.81
128,90,7.92,-13.312,-47.94
128,90,8.08,-12.176,-46.98
128,90,8.24,-12.632,-47.74
128,90,8.4,-12.36,-47.74
128,90,8.56,-13.482,-49.76
128,90,8.72,-12.878,-50.18
128,90,8.88,-9.018,-46.16
128,90,9.04,-7.84400000000001,-45.63
128,90,9.2,-11.29,-50.15
128,90,9.36,-10.444,-48.51
128,90,9.52,-11.792,-50.17
128,90,9.68,-9.7,-48.59
128,90,9.84,-9.666,-48.78
128,90,10,-13.65,-52.72
128,90,10.16,-16.108,-55.75
128,90,10.32,-14.862,-54.49
128,90,10.48,-24.688,-64.22
128,90,10.64,-31.928,-71.94
128,90,10.8,-23.61,-63.88
128,90,10.96,-30.586,-70.57
128,90,11.12,-22.416,-62.66
128,90,11.28,-24.776,-65.22
128,90,11.44,-21.932,-62.68
128,90,11.6,-29.91,-70.78
128,90,11.76,-23.204,-64.32
128,90,11.92,-27.054,-68.18
128,90,12.08,-30.82,-73.01
128,90,12.24,-25.684,-67.94
128,90,12.4,-28.46,-71.12
128,90,12.56,-13.58,-57.65
128,90,12.72,-19.534,-64.09
128,90,12.88,-22.326,-67.53
128,90,13.04,-16.368,-62.87
128,90,13.2,-11.23,-58.01
128,90,13.36,-13.504,-59.72
128,90,13.52,-14.482,-60.49
128,90,13.68,-11.79,-58.47
128,90,13.84,-9.188,-56.67
128,90,14,-7.5,-55.35
128,90,14.16,-7.476,-55.7
128,90,14.32,-10.306,-59.26
128,90,14.48,-14.104,-65.93
128,90,14.64,-22.014,-71.47
128,90,14.8,-12.58,-60.59
128,90,14.96,-16.282,-63.41
128,90,15.12,-19.59,-66.02
128,90,15.28,-20.88,-67.43
128,90,15.44,-20.486,-66.8
128,90,15.6,-33.17,-79.8
128,90,15.76,-23.048,-70.24
128,90,15.92,-29.832,-77.01
128,90,16.08,-26.422,-73.88
128,90,16.24,-34.504,-82.63
128,90,16.4,-33.27,-83.08
128,90,16.56,-20.758,-69.69
128,90,16.72,-21.708,-71.19
128,90,16.88,-23.714,-74.18
128,90,17.04,-32.596,-83.85
128,90,17.2,-22.41,-74.84
128,90,17.36,-18.956,-71.6
128,90,17.52,-28.116,-80.65
128,90,17.68,-28.262,-81.34
128,90,17.84,-27.648,-80.56
128,90,18,-16.46,-69.27
129,90,2,-9.77,-31.56
129,90,2.16,-18.038,-41.45
129,90,2.32,-17.416,-43.07
129,90,2.48,-9.424,-36.67
129,90,2.64,-12.788,-41.5
129,90,2.8,-36.06,-63.12
129,90,2.96,-22.258,-50.57
129,90,3.12,-15.116,-43.35
129,90,3.28,-11.192,-41.21
129,90,3.44,-8.962,-37.61
129,90,3.6,-6.08,-33.53
129,90,3.76,-7.484,-36.97
129,90,3.92,-4.052,-31.6
129,90,4.08,-5.262,-32.93
129,90,4.24,-11.196,-40.22
129,90,4.4,-8.67,-38.48
129,90,4.56,-9.126,-38.94
129,90,4.72,-7.70399999999999,-37.69
129,90,4.88,-8.71,-38.84
129,90,5.04,-36.52,-66.57
129,90,5.2,-11,-42.42
129,90,5.36,-9.17,-39.97
129,90,5.52,-17.018,-47.3
129,90,5.68,-10.09,-41.46
129,90,5.84,-8.682,-40.13
129,90,6,-8.05,-39.59
129,90,6.16,-11.17,-43.21
129,90,6.32,-10.508,-44
129,90,6.48,-13.546,-47.63
129,90,6.64,-12.498,-46.89
129,90,6.8,-9.68,-43.18
129,90,6.96,-11.322,-45.65
129,90,7.12,-10.926,-45.52
129,90,7.28,-15.282,-49.66
129,90,7.44,-12.636,-46.97
129,90,7.6,-13,-46.4
129,90,7.76,-13.528,-48.75
129,90,7.92,-11.862,-46.49
129,90,8.08,-11.876,-46.68
129,90,8.24,-14.072,-49.18
129,90,8.4,-12.12,-47.5
129,90,8.56,-11.762,-48.04
129,90,8.72,-12.738,-50.04
129,90,8.88,-11.628,-48.77
129,90,9.04,-8.05400000000001,-45.84
129,90,9.2,-8.71,-47.57
129,90,9.36,-9.41399999999999,-47.48
129,90,9.52,-14.872,-53.25
129,90,9.68,-10.09,-48.98
129,90,9.84,-9.25599999999999,-48.37
129,90,10,-13.06,-52.13
129,90,10.16,-22.468,-62.11
129,90,10.32,-18.022,-57.65
129,90,10.48,-18.968,-58.5
129,90,10.64,-19.848,-59.86
129,90,10.8,-29.48,-69.75
129,90,10.96,-25.556,-65.54
129,90,11.12,-25.656,-65.9
129,90,11.28,-27.026,-67.47
129,90,11.44,-21.642,-62.39
129,90,11.6,-22.16,-63.03
129,90,11.76,-19.214,-60.33
129,90,11.92,-18.474,-59.6
129,90,12.08,-20.64,-62.83
129,90,12.24,-21.144,-63.4
129,90,12.4,-28.2,-70.86
129,90,12.56,-17.07,-61.14
129,90,12.72,-15.774,-60.33
129,90,12.88,-26.196,-71.4
129,90,13.04,-13.468,-59.97
129,90,13.2,-11.27,-58.05
129,90,13.36,-16.284,-62.5
129,90,13.52,-14.132,-60.14
129,90,13.68,-12.6,-59.28
129,90,13.84,-10.328,-57.81
129,90,14,-8.43,-56.28
129,90,14.16,-8.67599999999999,-56.9
129,90,14.32,-9.46600000000001,-58.42
129,90,14.48,-13.944,-65.77
129,90,14.64,-12.614,-62.07
129,90,14.8,-17.37,-65.38
129,90,14.96,-25.682,-72.81
129,90,15.12,-17.93,-64.36
129,90,15.28,-23.6,-70.15
129,90,15.44,-17.986,-64.3
129,90,15.6,-22.9,-69.53
129,90,15.76,-28.128,-75.32
129,90,15.92,-31.262,-78.44
129,90,16.08,-22.872,-70.33
129,90,16.24,-27.794,-75.92
129,90,16.4,-26.03,-75.84
129,90,16.56,-19.088,-68.02
129,90,16.72,-22.498,-71.98
129,90,16.88,-25.434,-75.9
129,90,17.04,-22.156,-73.41
129,90,17.2,-23.86,-76.29
129,90,17.36,-26.996,-79.64
129,90,17.52,-34.256,-86.79
129,90,17.68,-19.482,-72.56
129,90,17.84,-25.478,-78.39
129,90,18,-27.84,-80.65
130,90,2,-9.6,-31.39
130,90,2.16,-16.838,-40.25
130,90,2.32,-17.376,-43.03
130,90,2.48,-10.334,-37.58
130,90,2.64,-13.638,-42.35
130,90,2.8,-30,-57.06
130,90,2.96,-26.168,-54.48
130,90,3.12,-14.146,-42.38
130,90,3.28,-8.842,-38.86
130,90,3.44,-8.042,-36.69
130,90,3.6,-5.93,-33.38
130,90,3.76,-7.32400000000001,-36.81
130,90,3.92,-5.502,-33.05
130,90,4.08,-5.782,-33.45
130,90,4.24,-9.756,-38.78
130,90,4.4,-9.52,-39.33
130,90,4.56,-10.246,-40.06
130,90,4.72,-9.16399999999999,-39.15
130,90,4.88,-9.97,-40.1
130,90,5.04,-29.2,-59.25
130,90,5.2,-11.62,-43.04
130,90,5.36,-8.69,-39.49
130,90,5.52,-13.148,-43.43
130,90,5.68,-10.55,-41.92
130,90,5.84,-11.012,-42.46
130,90,6,-9.38,-40.92
130,90,6.16,-12.65,-44.69
130,90,6.32,-11.118,-44.61
130,90,6.48,-15.226,-49.31
130,90,6.64,-13.908,-48.3
130,90,6.8,-10.23,-43.73
130,90,6.96,-11.512,-45.84
130,90,7.12,-10.856,-45.45
130,90,7.28,-14.692,-49.07
130,90,7.44,-14.036,-48.37
130,90,7.6,-12.56,-45.96
130,90,7.76,-12.418,-47.64
130,90,7.92,-10.682,-45.31
130,90,8.08,-11.386,-46.19
130,90,8.24,-14.722,-49.83
130,90,8.4,-14.74,-50.12
130,90,8.56,-10.732,-47.01
130,90,8.72,-11.058,-48.36
130,90,8.88,-13.678,-50.82
130,90,9.04,-10.644,-48.43
130,90,9.2,-8.01,-46.87
130,90,9.36,-7.254,-45.32
130,90,9.52,-13.742,-52.12
130,90,9.68,-14.17,-53.06
130,90,9.84,-10.356,-49.47
130,90,10,-12.43,-51.5
130,90,10.16,-22.898,-62.54
130,90,10.32,-21.762,-61.39
130,90,10.48,-15.798,-55.33
130,90,10.64,-14.558,-54.57
130,90,10.8,-20.13,-60.4
130,90,10.96,-28.866,-68.85
130,90,11.12,-22.926,-63.17
130,90,11.28,-19.156,-59.6
130,90,11.44,-19.322,-60.07
130,90,11.6,-22.43,-63.3
130,90,11.76,-24.044,-65.16
130,90,11.92,-19.884,-61.01
130,90,12.08,-18.68,-60.87
130,90,12.24,-16.404,-58.66
130,90,12.4,-19.11,-61.77
130,90,12.56,-16.78,-60.85
130,90,12.72,-15.214,-59.77
130,90,12.88,-21.446,-66.65
130,90,13.04,-13.348,-59.85
130,90,13.2,-16.49,-63.27
130,90,13.36,-17.014,-63.23
130,90,13.52,-15.132,-61.14
130,90,13.68,-11.69,-58.37
130,90,13.84,-11.618,-59.1
130,90,14,-8.73,-56.58
130,90,14.16,-9.616,-57.84
130,90,14.32,-8.99600000000001,-57.95
130,90,14.48,-12.924,-64.75
130,90,14.64,-10.754,-60.21
130,90,14.8,-15,-63.01
130,90,14.96,-18.832,-65.96
130,90,15.12,-25,-71.43
130,90,15.28,-29.29,-75.84
130,90,15.44,-21.556,-67.87
130,90,15.6,-20.87,-67.5
130,90,15.76,-24.358,-71.55
130,90,15.92,-38.002,-85.18
130,90,16.08,-23.912,-71.37
130,90,16.24,-25.744,-73.87
130,90,16.4,-22.01,-71.82
130,90,16.56,-27.408,-76.34
130,90,16.72,-25.098,-74.58
130,90,16.88,-21.044,-71.51
130,90,17.04,-28.756,-80.01
130,90,17.2,-33.11,-85.54
130,90,17.36,-29.586,-82.23
130,90,17.52,-20.946,-73.48
130,90,17.68,-29.622,-82.7
130,90,17.84,-23.168,-76.08
130,90,18,-17.13,-69.94
131,90,2,-9.64,-31.43
131,90,2.16,-15.738,-39.15
131,90,2.32,-17.056,-42.71
131,90,2.48,-11.354,-38.6
131,90,2.64,-14.588,-43.3
131,90,2.8,-25.93,-52.99
131,90,2.96,-41.688,-70
131,90,3.12,-13.396,-41.63
131,90,3.28,-7.062,-37.08
131,90,3.44,-6.912,-35.56
131,90,3.6,-5.74,-33.19
131,90,3.76,-6.89400000000001,-36.38
131,90,3.92,-7.372,-34.92
131,90,4.08,-6.872,-34.54
131,90,4.24,-8.55599999999999,-37.58
131,90,4.4,-9.64,-39.45
131,90,4.56,-11.456,-41.27
131,90,4.72,-11.514,-41.5
131,90,4.88,-12.67,-42.8
131,90,5.04,-19.14,-49.19
131,90,5.2,-12.06,-43.48
131,90,5.36,-8.54000000000001,-39.34
131,90,5.52,-10.878,-41.16
131,90,5.68,-10,-41.37
131,90,5.84,-12.432,-43.88
131,90,6,-12.05,-43.59
131,90,6.16,-15.38,-47.42
131,90,6.32,-11.998,-45.49
131,90,6.48,-15.446,-49.53
131,90,6.64,-14.858,-49.25
131,90,6.8,-10.42,-43.92
131,90,6.96,-9.952,-44.28
131,90,7.12,-10.986,-45.58
131,90,7.28,-13.432,-47.81
131,90,7.44,-14.206,-48.54
131,90,7.6,-12.77,-46.17
131,90,7.76,-12.278,-47.5
131,90,7.92,-10.442,-45.07
131,90,8.08,-11.686,-46.49
131,90,8.24,-13.572,-48.68
131,90,8.4,-18.68,-54.06
131,90,8.56,-11.232,-47.51
131,90,8.72,-9.888,-47.19
131,90,8.88,-12.568,-49.71
131,90,9.04,-14.664,-52.45
131,90,9.2,-9.53,-48.39
131,90,9.36,-6.454,-44.52
131,90,9.52,-9.872,-48.25
131,90,9.68,-20.1,-58.99
131,90,9.84,-12.386,-51.5
131,90,10,-10.4,-49.47
131,90,10.16,-17.108,-56.75
131,90,10.32,-16.762,-56.39
131,90,10.48,-19.448,-58.98
131,90,10.64,-18.148,-58.16
131,90,10.8,-17.78,-58.05
131,90,10.96,-20.386,-60.37
131,90,11.12,-27.776,-68.02
131,90,11.28,-16.936,-57.38
131,90,11.44,-15.892,-56.64
131,90,11.6,-15.29,-56.16
131,90,11.76,-21.404,-62.52
131,90,11.92,-28.034,-69.16
131,90,12.08,-18.59,-60.78
131,90,12.24,-18.854,-61.11
131,90,12.4,-19.28,-61.94
131,90,12.56,-17.98,-62.05
131,90,12.72,-16.504,-61.06
131,90,12.88,-17.096,-62.3
131,90,13.04,-13.228,-59.73
131,90,13.2,-14.83,-61.61
131,90,13.36,-19.734,-65.95
131,90,13.52,-14.472,-60.48
131,90,13.68,-12.35,-59.03
131,90,13.84,-12.578,-60.06
131,90,14,-9.96,-57.81
131,90,14.16,-8.836,-57.06
131,90,14.32,-7.03600000000001,-55.99
131,90,14.48,-13.714,-65.54
131,90,14.64,-16.244,-65.7
131,90,14.8,-17.58,-65.59
131,90,14.96,-17.292,-64.42
131,90,15.12,-31.75,-78.18
131,90,15.28,-23.57,-70.12
131,90,15.44,-21.496,-67.81
131,90,15.6,-24.24,-70.87
131,90,15.76,-37.308,-84.5
131,90,15.92,-28.272,-75.45
131,90,16.08,-23.812,-71.27
131,90,16.24,-25.704,-73.83
131,90,16.4,-22.65,-72.46
131,90,16.56,-29.038,-77.97
131,90,16.72,-24.128,-73.61
131,90,16.88,-24.694,-75.16
131,90,17.04,-25.696,-76.95
131,90,17.2,-20.24,-72.67
131,90,17.36,-29.266,-81.91
131,90,17.52,-23.246,-75.78
131,90,17.68,-22.732,-75.81
131,90,17.84,-21.108,-74.02
131,90,18,-25.2,-78.01
132,90,2,-9.81,-31.6
132,90,2.16,-14.568,-37.98
132,90,2.32,-16.406,-42.06
132,90,2.48,-12.074,-39.32
132,90,2.64,-15.568,-44.28
132,90,2.8,-24.31,-51.37
132,90,2.96,-23.448,-51.76
132,90,3.12,-13.076,-41.31
132,90,3.28,-5.82200000000001,-35.84
132,90,3.44,-6.172,-34.82
132,90,3.6,-5.73,-33.18
132,90,3.76,-6.414,-35.9
132,90,3.92,-9.802,-37.35
132,90,4.08,-8.652,-36.32
132,90,4.24,-7.95599999999999,-36.98
132,90,4.4,-9.47,-39.28
132,90,4.56,-11.766,-41.58
132,90,4.72,-14.484,-44.47
132,90,4.88,-16.21,-46.34
132,90,5.04,-13.11,-43.16
132,90,5.2,-11.26,-42.68
132,90,5.36,-9.06,-39.86
132,90,5.52,-10.328,-40.61
132,90,5.68,-9.49,-40.86
132,90,5.84,-12.142,-43.59
132,90,6,-15.53,-47.07
132,90,6.16,-17.74,-49.78
132,90,6.32,-12.138,-45.63
132,90,6.48,-13.456,-47.54
132,90,6.64,-14.298,-48.69
132,90,6.8,-10.29,-43.79
132,90,6.96,-8.752,-43.08
132,90,7.12,-11.426,-46.02
132,90,7.28,-13.052,-47.43
132,90,7.44,-13.656,-47.99
132,90,7.6,-12.99,-46.39
132,90,7.76,-12.818,-48.04
132,90,7.92,-12.122,-46.75
132,90,8.08,-13.086,-47.89
132,90,8.24,-12.232,-47.34
132,90,8.4,-19.39,-54.77
132,90,8.56,-12.972,-49.25
132,90,8.72,-10.288,-47.59
132,90,8.88,-9.998,-47.14
132,90,9.04,-14.014,-51.8
132,90,9.2,-15.35,-54.21
132,90,9.36,-7.444,-45.51
132,90,9.52,-7.652,-46.03
132,90,9.68,-15.5,-54.39
132,90,9.84,-15.336,-54.45
132,90,10,-10.15,-49.22
132,90,10.16,-14.998,-54.64
132,90,10.32,-13.332,-52.96
132,90,10.48,-16.828,-56.36
132,90,10.64,-25.628,-65.64
132,90,10.8,-19.07,-59.34
132,90,10.96,-16.896,-56.88
132,90,11.12,-17.426,-57.67
132,90,11.28,-23.696,-64.14
132,90,11.44,-18.232,-58.98
132,90,11.6,-18.23,-59.1
132,90,11.76,-20.684,-61.8
132,90,11.92,-24.104,-65.23
132,90,12.08,-19.65,-61.84
132,90,12.24,-20.274,-62.53
132,90,12.4,-18.41,-61.07
132,90,12.56,-17.66,-61.73
132,90,12.72,-17.424,-61.98
132,90,12.88,-19.716,-64.92
132,90,13.04,-16.898,-63.4
132,90,13.2,-20.45,-67.23
132,90,13.36,-15.844,-62.06
132,90,13.52,-19.202,-65.21
132,90,13.68,-15.85,-62.53
132,90,13.84,-11.818,-59.3
132,90,14,-9.16,-57.01
132,90,14.16,-7.116,-55.34
132,90,14.32,-8.83600000000001,-57.79
132,90,14.48,-13.714,-65.54
132,90,14.64,-17.724,-67.18
132,90,14.8,-17.61,-65.62
132,90,14.96,-17.252,-64.38
132,90,15.12,-23.42,-69.85
132,90,15.28,-31.97,-78.52
132,90,15.44,-29.446,-75.76
132,90,15.6,-21.27,-67.9
132,90,15.76,-30.378,-77.57
132,90,15.92,-25.142,-72.32
132,90,16.08,-28.562,-76.02
132,90,16.24,-25.304,-73.43
132,90,16.4,-24.01,-73.82
132,90,16.56,-24.778,-73.71
132,90,16.72,-24.288,-73.77
132,90,16.88,-20.864,-71.33
132,90,17.04,-22.486,-73.74
132,90,17.2,-28.3,-80.73
132,90,17.36,-20.936,-73.58
132,90,17.52,-24.756,-77.29
132,90,17.68,-26.902,-79.98
132,90,17.84,-19.828,-72.74
132,90,18,-30.32,-83.13
133,90,2,-10.22,-32.01
133,90,2.16,-13.758,-37.17
133,90,2.32,-15.986,-41.64
133,90,2.48,-12.404,-39.65
133,90,2.64,-16.398,-45.11
133,90,2.8,-22.6,-49.66
133,90,2.96,-17.268,-45.58
133,90,3.12,-13.226,-41.46
133,90,3.28,-5.192,-35.21
133,90,3.44,-5.802,-34.45
133,90,3.6,-6.04,-33.49
133,90,3.76,-6.254,-35.74
133,90,3.92,-12.462,-40.01
133,90,4.08,-10.932,-38.6
133,90,4.24,-7.45599999999999,-36.48
133,90,4.4,-8.86,-38.67
133,90,4.56,-11.326,-41.14
133,90,4.72,-16.844,-46.83
133,90,4.88,-17.15,-47.28
133,90,5.04,-9.76,-39.81
133,90,5.2,-9.85,-41.27
133,90,5.36,-9.75,-40.55
133,90,5.52,-10.398,-40.68
133,90,5.68,-10.26,-41.63
133,90,5.84,-12.012,-43.46
133,90,6,-18.46,-50
133,90,6.16,-18.5,-50.54
133,90,6.32,-12.058,-45.55
133,90,6.48,-10.656,-44.74
133,90,6.64,-11.428,-45.82
133,90,6.8,-10.98,-44.48
133,90,6.96,-8.072,-42.4
133,90,7.12,-12.206,-46.8
133,90,7.28,-13.652,-48.03
133,90,7.44,-13.286,-47.62
133,90,7.6,-12.94,-46.34
133,90,7.76,-12.768,-47.99
133,90,7.92,-14.422,-49.05
133,90,8.08,-15.096,-49.9
133,90,8.24,-12.002,-47.11
133,90,8.4,-16.54,-51.92
133,90,8.56,-16.852,-53.13
133,90,8.72,-11.838,-49.14
133,90,8.88,-9.148,-46.29
133,90,9.04,-9.904,-47.69
133,90,9.2,-15.61,-54.47
133,90,9.36,-10.764,-48.83
133,90,9.52,-8.232,-46.61
133,90,9.68,-11.41,-50.3
133,90,9.84,-13.536,-52.65
133,90,10,-12.84,-51.91
133,90,10.16,-20.158,-59.8
133,90,10.32,-13.882,-53.51
133,90,10.48,-14.118,-53.65
133,90,10.64,-18.608,-58.62
133,90,10.8,-33.89,-74.16
133,90,10.96,-17.626,-57.61
133,90,11.12,-14.426,-54.67
133,90,11.28,-20.836,-61.28
133,90,11.44,-27.112,-67.86
133,90,11.6,-26.21,-67.08
133,90,11.76,-32.354,-73.47
133,90,11.92,-33.534,-74.66
133,90,12.08,-23.7,-65.89
133,90,12.24,-20.784,-63.04
133,90,12.4,-17.33,-59.99
133,90,12.56,-17.44,-61.51
133,90,12.72,-20.094,-64.65
133,90,12.88,-17.716,-62.92
133,90,13.04,-17.258,-63.76
133,90,13.2,-20.84,-67.62
133,90,13.36,-16.944,-63.16
133,90,13.52,-16.122,-62.13
133,90,13.68,-17.68,-64.36
133,90,13.84,-12.238,-59.72
133,90,14,-11.31,-59.16
133,90,14.16,-7.476,-55.7
133,90,14.32,-10.626,-59.58
133,90,14.48,-15.664,-67.49
133,90,14.64,-13.384,-62.84
133,90,14.8,-17.82,-65.83
133,90,14.96,-19.382,-66.51
133,90,15.12,-23.14,-69.57
133,90,15.28,-25.6,-72.15
133,90,15.44,-32.486,-78.8
133,90,15.6,-23.43,-70.06
133,90,15.76,-24.618,-71.81
133,90,15.92,-22.672,-69.85
133,90,16.08,-20.122,-67.58
133,90,16.24,-24.704,-72.83
133,90,16.4,-22.45,-72.26
133,90,16.56,-18.408,-67.34
133,90,16.72,-19.798,-69.28
133,90,16.88,-31.484,-81.95
133,90,17.04,-24.246,-75.5
133,90,17.2,-28.15,-80.58
133,90,17.36,-19.956,-72.6
133,90,17.52,-26.006,-78.54
133,90,17.68,-27.912,-80.99
133,90,17.84,-21.238,-74.15
133,90,18,-21.5,-74.31
134,90,2,-10.79,-32.58
134,90,2.16,-13.038,-36.45
134,90,2.32,-15.516,-41.17
134,90,2.48,-12.704,-39.95
134,90,2.64,-17.178,-45.89
134,90,2.8,-21.69,-48.75
134,90,2.96,-13.698,-42.01
134,90,3.12,-13.066,-41.3
134,90,3.28,-4.942,-34.96
134,90,3.44,-5.822,-34.47
134,90,3.6,-6.73,-34.18
134,90,3.76,-6.504,-35.99
134,90,3.92,-13.982,-41.53
134,90,4.08,-12.762,-40.43
134,90,4.24,-7.08599999999999,-36.11
134,90,4.4,-7.9,-37.71
134,90,4.56,-10.256,-40.07
134,90,4.72,-16.604,-46.59
134,90,4.88,-14.14,-44.27
134,90,5.04,-8.13999999999999,-38.19
134,90,5.2,-8.1,-39.52
134,90,5.36,-9.42,-40.22
134,90,5.52,-10.898,-41.18
134,90,5.68,-11.96,-43.33
134,90,5.84,-12.162,-43.61
134,90,6,-19.08,-50.62
134,90,6.16,-18.49,-50.53
134,90,6.32,-12.538,-46.03
134,90,6.48,-9.006,-43.09
134,90,6.64,-8.58799999999999,-42.98
134,90,6.8,-12.52,-46.02
134,90,6.96,-8.552,-42.88
134,90,7.12,-12.746,-47.34
134,90,7.28,-14.362,-48.74
134,90,7.44,-14.016,-48.35
134,90,7.6,-13.41,-46.81
134,90,7.76,-12.928,-48.15
134,90,7.92,-16.702,-51.33
134,90,8.08,-16.736,-51.54
134,90,8.24,-12.522,-47.63
134,90,8.4,-13.79,-49.17
134,90,8.56,-16.352,-52.63
134,90,8.72,-13.398,-50.7
134,90,8.88,-9.578,-46.72
134,90,9.04,-7.944,-45.73
134,90,9.2,-10.94,-49.8
134,90,9.36,-15.654,-53.72
134,90,9.52,-12.302,-50.68
134,90,9.68,-10.33,-49.22
134,90,9.84,-9.92599999999999,-49.04
134,90,10,-11.25,-50.32
134,90,10.16,-17.758,-57.4
134,90,10.32,-25.682,-65.31
134,90,10.48,-18.498,-58.03
134,90,10.64,-18.608,-58.62
134,90,10.8,-25.68,-65.95
134,90,10.96,-23.876,-63.86
134,90,11.12,-15.926,-56.17
134,90,11.28,-20.546,-60.99
134,90,11.44,-29.142,-69.89
134,90,11.6,-28.72,-69.59
134,90,11.76,-19.284,-60.4
134,90,11.92,-21.504,-62.63
134,90,12.08,-21.49,-63.68
134,90,12.24,-23.544,-65.8
134,90,12.4,-19.81,-62.47
134,90,12.56,-19.82,-63.89
134,90,12.72,-21.334,-65.89
134,90,12.88,-18.186,-63.39
134,90,13.04,-17.088,-63.59
134,90,13.2,-16.09,-62.87
134,90,13.36,-17.424,-63.64
134,90,13.52,-15.232,-61.24
134,90,13.68,-17.87,-64.55
134,90,13.84,-12.618,-60.1
134,90,14,-11.72,-59.57
134,90,14.16,-11.056,-59.28
134,90,14.32,-8.526,-57.48
134,90,14.48,-13.744,-65.57
134,90,14.64,-12.894,-62.35
134,90,14.8,-14.82,-62.83
134,90,14.96,-18.942,-66.07
134,90,15.12,-29.33,-75.76
134,90,15.28,-26.05,-72.6
134,90,15.44,-21.606,-67.92
134,90,15.6,-20.97,-67.6
134,90,15.76,-24.108,-71.3
134,90,15.92,-27.622,-74.8
134,90,16.08,-21.922,-69.38
134,90,16.24,-24.424,-72.55
134,90,16.4,-24.71,-74.52
134,90,16.56,-20.908,-69.84
134,90,16.72,-18.818,-68.3
134,90,16.88,-21.114,-71.58
134,90,17.04,-21.486,-72.74
134,90,17.2,-21.01,-73.44
134,90,17.36,-28.736,-81.38
134,90,17.52,-21.936,-74.47
134,90,17.68,-21.432,-74.51
134,90,17.84,-25.428,-78.34
134,90,18,-24.64,-77.45
135,90,2,-11.49,-33.28
135,90,2.16,-12.308,-35.72
135,90,2.32,-15.126,-40.78
135,90,2.48,-12.344,-39.59
135,90,2.64,-17.038,-45.75
135,90,2.8,-20.85,-47.91
135,90,2.96,-11.558,-39.87
135,90,3.12,-12.706,-40.94
135,90,3.28,-5.062,-35.08
135,90,3.44,-6.372,-35.02
135,90,3.6,-7.86,-35.31
135,90,3.76,-7.154,-36.64
135,90,3.92,-15.282,-42.83
135,90,4.08,-13.372,-41.04
135,90,4.24,-6.84599999999999,-35.87
135,90,4.4,-6.6,-36.41
135,90,4.56,-8.746,-38.56
135,90,4.72,-14.284,-44.27
135,90,4.88,-11.68,-41.81
135,90,5.04,-7.74999999999999,-37.8
135,90,5.2,-7.57,-38.99
135,90,5.36,-8.52,-39.32
135,90,5.52,-10.718,-41
135,90,5.68,-15.52,-46.89
135,90,5.84,-12.152,-43.6
135,90,6,-16.22,-47.76
135,90,6.16,-16.75,-48.79
135,90,6.32,-13.158,-46.65
135,90,6.48,-8.546,-42.63
135,90,6.64,-6.598,-40.99
135,90,6.8,-12.98,-46.48
135,90,6.96,-9.742,-44.07
135,90,7.12,-13.736,-48.33
135,90,7.28,-15.592,-49.97
135,90,7.44,-13.566,-47.9
135,90,7.6,-14,-47.4
135,90,7.76,-13.358,-48.58
135,90,7.92,-15.922,-50.55
135,90,8.08,-16.966,-51.77
135,90,8.24,-14.432,-49.54
135,90,8.4,-13.2,-48.58
135,90,8.56,-12.822,-49.1
135,90,8.72,-12.658,-49.96
135,90,8.88,-11.918,-49.06
135,90,9.04,-9.754,-47.54
135,90,9.2,-9.43,-48.29
135,90,9.36,-11.624,-49.69
135,90,9.52,-19.742,-58.12
135,90,9.68,-13.35,-52.24
135,90,9.84,-10.926,-50.04
135,90,10,-12.4,-51.47
135,90,10.16,-15.378,-55.02
135,90,10.32,-23.612,-63.24
135,90,10.48,-33.748,-73.28
135,90,10.64,-22.098,-62.11
135,90,10.8,-19.37,-59.64
135,90,10.96,-25.136,-65.12
135,90,11.12,-21.116,-61.36
135,90,11.28,-20.286,-60.73
135,90,11.44,-19.752,-60.5
135,90,11.6,-20.48,-61.35
135,90,11.76,-22.594,-63.71
135,90,11.92,-18.054,-59.18
135,90,12.08,-17.3,-59.49
135,90,12.24,-30.214,-72.47
135,90,12.4,-25.26,-67.92
135,90,12.56,-21.66,-65.73
135,90,12.72,-17.714,-62.27
135,90,12.88,-16.636,-61.84
135,90,13.04,-26.088,-72.59
135,90,13.2,-16.87,-63.65
135,90,13.36,-21.564,-67.78
135,90,13.52,-16.542,-62.55
135,90,13.68,-13.64,-60.32
135,90,13.84,-10.468,-57.95
135,90,14,-11.55,-59.4
135,90,14.16,-10.896,-59.12
135,90,14.32,-8.18600000000001,-57.14
135,90,14.48,-11.104,-62.93
135,90,14.64,-14.204,-63.66
135,90,14.8,-13.71,-61.72
135,90,14.96,-25.532,-72.66
135,90,15.12,-27,-73.43
135,90,15.28,-30.39,-76.94
135,90,15.44,-17.366,-63.68
135,90,15.6,-16.17,-62.8
135,90,15.76,-26.158,-73.35
135,90,15.92,-24.492,-71.67
135,90,16.08,-23.092,-70.55
135,90,16.24,-29.894,-78.02
135,90,16.4,-24.97,-74.78
135,90,16.56,-22.868,-71.8
135,90,16.72,-23.248,-72.73
135,90,16.88,-20.794,-71.26
135,90,17.04,-29.566,-80.82
135,90,17.2,-24.97,-77.4
135,90,17.36,-39.766,-92.41
135,90,17.52,-20.616,-73.15
135,90,17.68,-22.202,-75.28
135,90,17.84,-21.808,-74.72
135,90,18,-17.74,-70.55
136,90,2,-12.28,-34.07
136,90,2.16,-11.528,-34.94
136,90,2.32,-14.666,-40.32
136,90,2.48,-11.804,-39.05
136,90,2.64,-16.478,-45.19
136,90,2.8,-20.12,-47.18
136,90,2.96,-9.998,-38.31
136,90,3.12,-11.826,-40.06
136,90,3.28,-5.392,-35.41
136,90,3.44,-7.122,-35.77
136,90,3.6,-9.54,-36.99
136,90,3.76,-8.344,-37.83
136,90,3.92,-16.172,-43.72
136,90,4.08,-13.432,-41.1
136,90,4.24,-6.576,-35.6
136,90,4.4,-5.3,-35.11
136,90,4.56,-7.206,-37.02
136,90,4.72,-10.664,-40.65
136,90,4.88,-9.97,-40.1
136,90,5.04,-8.45,-38.5
136,90,5.2,-7.63,-39.05
136,90,5.36,-7.81,-38.61
136,90,5.52,-9.538,-39.82
136,90,5.68,-18.08,-49.45
136,90,5.84,-11.642,-43.09
136,90,6,-13.24,-44.78
136,90,6.16,-13.54,-45.58
136,90,6.32,-13.968,-47.46
136,90,6.48,-9.706,-43.79
136,90,6.64,-6.318,-40.71
136,90,6.8,-12.56,-46.06
136,90,6.96,-12.582,-46.91
136,90,7.12,-13.346,-47.94
136,90,7.28,-16.602,-50.98
136,90,7.44,-14.216,-48.55
136,90,7.6,-14.84,-48.24
136,90,7.76,-15.288,-50.51
136,90,7.92,-14.062,-48.69
136,90,8.08,-14.406,-49.21
136,90,8.24,-18.292,-53.4
136,90,8.4,-14.91,-50.29
136,90,8.56,-10.622,-46.9
136,90,8.72,-10.278,-47.58
136,90,8.88,-11.908,-49.05
136,90,9.04,-16.854,-54.64
136,90,9.2,-9.87,-48.73
136,90,9.36,-8.574,-46.64
136,90,9.52,-13.922,-52.3
136,90,9.68,-25.07,-63.96
136,90,9.84,-17.106,-56.22
136,90,10,-16.7,-55.77
136,90,10.16,-16.648,-56.29
136,90,10.32,-22.222,-61.85
136,90,10.48,-23.598,-63.13
136,90,10.64,-22.688,-62.7
136,90,10.8,-18.31,-58.58
136,90,10.96,-17.586,-57.57
136,90,11.12,-20.206,-60.45
136,90,11.28,-23.526,-63.97
136,90,11.44,-13.982,-54.73
136,90,11.6,-15.09,-55.96
136,90,11.76,-17.074,-58.19
136,90,11.92,-20.344,-61.47
136,90,12.08,-16.09,-58.28
136,90,12.24,-20.774,-63.03
136,90,12.4,-20.68,-63.34
136,90,12.56,-22.55,-66.62
136,90,12.72,-21.474,-66.03
136,90,12.88,-21.436,-66.64
136,90,13.04,-26.828,-73.33
136,90,13.2,-17.1,-63.88
136,90,13.36,-19.014,-65.23
136,90,13.52,-16.562,-62.57
136,90,13.68,-25.3,-71.98
136,90,13.84,-12.768,-60.25
136,90,14,-10.21,-58.06
136,90,14.16,-9.766,-57.99
136,90,14.32,-10.606,-59.56
136,90,14.48,-12.324,-64.15
136,90,14.64,-13.964,-63.42
136,90,14.8,-22.48,-70.49
136,90,14.96,-24.672,-71.8
136,90,15.12,-16.59,-63.02
136,90,15.28,-19.87,-66.42
136,90,15.44,-19.246,-65.56
136,90,15.6,-25.85,-72.48
136,90,15.76,-24.828,-72.02
136,90,15.92,-18.032,-65.21
136,90,16.08,-25.102,-72.56
136,90,16.24,-38.984,-87.11
136,90,16.4,-38.08,-87.89
136,90,16.56,-24.418,-73.35
136,90,16.72,-32.148,-81.63
136,90,16.88,-23.374,-73.84
136,90,17.04,-21.936,-73.19
136,90,17.2,-20.6,-73.03
136,90,17.36,-25.726,-78.37
136,90,17.52,-19.636,-72.17
136,90,17.68,-27.342,-80.42
136,90,17.84,-17.328,-70.24
136,90,18,-24.9,-77.71
137,90,2,-13.26,-35.05
137,90,2.16,-10.968,-34.38
137,90,2.32,-14.386,-40.04
137,90,2.48,-11.134,-38.38
137,90,2.64,-15.518,-44.23
137,90,2.8,-18.79,-45.85
137,90,2.96,-9.128,-37.44
137,90,3.12,-10.936,-39.17
137,90,3.28,-5.982,-36
137,90,3.44,-8.012,-36.66
137,90,3.6,-11.94,-39.39
137,90,3.76,-10.344,-39.83
137,90,3.92,-15.012,-42.56
137,90,4.08,-12.562,-40.23
137,90,4.24,-6.80599999999999,-35.83
137,90,4.4,-4.44,-34.25
137,90,4.56,-6.136,-35.95
137,90,4.72,-7.854,-37.84
137,90,4.88,-8.2,-38.33
137,90,5.04,-9.77999999999999,-39.83
137,90,5.2,-9.02,-40.44
137,90,5.36,-7.13,-37.93
137,90,5.52,-8.238,-38.52
137,90,5.68,-17.06,-48.43
137,90,5.84,-11.732,-43.18
137,90,6,-11.5,-43.04
137,90,6.16,-11.42,-43.46
137,90,6.32,-12.868,-46.36
137,90,6.48,-12.096,-46.18
137,90,6.64,-6.958,-41.35
137,90,6.8,-11.63,-45.13
137,90,6.96,-15.122,-49.45
137,90,7.12,-13.056,-47.65
137,90,7.28,-16.482,-50.86
137,90,7.44,-14.006,-48.34
137,90,7.6,-15.05,-48.45
137,90,7.76,-17.818,-53.04
137,90,7.92,-13.372,-48
137,90,8.08,-12.676,-47.48
137,90,8.24,-18.002,-53.11
137,90,8.4,-20,-55.38
137,90,8.56,-11.022,-47.3
137,90,8.72,-9.008,-46.31
137,90,8.88,-10.028,-47.17
137,90,9.04,-22.724,-60.51
137,90,9.2,-12.96,-51.82
137,90,9.36,-9.884,-47.95
137,90,9.52,-10.582,-48.96
137,90,9.68,-15.41,-54.3
137,90,9.84,-35.336,-74.45
137,90,10,-17.66,-56.73
137,90,10.16,-16.458,-56.1
137,90,10.32,-23.372,-63
137,90,10.48,-21.268,-60.8
137,90,10.64,-41.318,-81.33
137,90,10.8,-19.31,-59.58
137,90,10.96,-14.876,-54.86
137,90,11.12,-17.086,-57.33
137,90,11.28,-25.606,-66.05
137,90,11.44,-13.582,-54.33
137,90,11.6,-13.18,-54.05
137,90,11.76,-12.764,-53.88
137,90,11.92,-16.994,-58.12
137,90,12.08,-17.01,-59.2
137,90,12.24,-23.284,-65.54
137,90,12.4,-19.81,-62.47
137,90,12.56,-16.56,-60.63
137,90,12.72,-22.684,-67.24
137,90,12.88,-28.916,-74.12
137,90,13.04,-24.158,-70.66
137,90,13.2,-18.31,-65.09
137,90,13.36,-17.694,-63.91
137,90,13.52,-16.282,-62.29
137,90,13.68,-29.96,-76.64
137,90,13.84,-15.218,-62.7
137,90,14,-12.74,-60.59
137,90,14.16,-13.546,-61.77
137,90,14.32,-11.046,-60
137,90,14.48,-12.024,-63.85
137,90,14.64,-15.064,-64.52
137,90,14.8,-13.24,-61.25
137,90,14.96,-14.822,-61.95
137,90,15.12,-17.51,-63.94
137,90,15.28,-20.22,-66.77
137,90,15.44,-21.006,-67.32
137,90,15.6,-30.22,-76.85
137,90,15.76,-31.678,-78.87
137,90,15.92,-22.052,-69.23
137,90,16.08,-19.922,-67.38
137,90,16.24,-21.464,-69.59
137,90,16.4,-19.31,-69.12
137,90,16.56,-22.498,-71.43
137,90,16.72,-29.148,-78.63
137,90,16.88,-24.914,-75.38
137,90,17.04,-22.666,-73.92
137,90,17.2,-29.22,-81.65
137,90,17.36,-18.586,-71.23
137,90,17.52,-20.336,-72.87
137,90,17.68,-26.492,-79.57
137,90,17.84,-25.298,-78.21
137,90,18,-20.04,-72.85
138,90,2,-14.23,-36.02
138,90,2.16,-10.468,-33.88
138,90,2.32,-13.846,-39.5
138,90,2.48,-10.334,-37.58
138,90,2.64,-14.318,-43.03
138,90,2.8,-16.9,-43.96
138,90,2.96,-8.848,-37.16
138,90,3.12,-9.946,-38.18
138,90,3.28,-6.832,-36.85
138,90,3.44,-9.632,-38.28
138,90,3.6,-14.56,-42.01
138,90,3.76,-11.584,-41.07
138,90,3.92,-11.312,-38.86
138,90,4.08,-10.382,-38.05
138,90,4.24,-7.356,-36.38
138,90,4.4,-4.11,-33.92
138,90,4.56,-5.736,-35.55
138,90,4.72,-6.254,-36.24
138,90,4.88,-6.62,-36.75
138,90,5.04,-10.7,-40.75
138,90,5.2,-10.71,-42.13
138,90,5.36,-6.68,-37.48
138,90,5.52,-6.818,-37.1
138,90,5.68,-12.56,-43.93
138,90,5.84,-12.552,-44
138,90,6,-10.65,-42.19
138,90,6.16,-10.65,-42.69
138,90,6.32,-11.118,-44.61
138,90,6.48,-14.086,-48.17
138,90,6.64,-9.108,-43.5
138,90,6.8,-12.23,-45.73
138,90,6.96,-17.242,-51.57
138,90,7.12,-11.366,-45.96
138,90,7.28,-15.902,-50.28
138,90,7.44,-14.256,-48.59
138,90,7.6,-15.04,-48.44
138,90,7.76,-22.408,-57.63
138,90,7.92,-14.222,-48.85
138,90,8.08,-12.786,-47.59
138,90,8.24,-16.352,-51.46
138,90,8.4,-27.52,-62.9
138,90,8.56,-13.952,-50.23
138,90,8.72,-10.538,-47.84
138,90,8.88,-11.598,-48.74
138,90,9.04,-15.824,-53.61
138,90,9.2,-20.73,-59.59
138,90,9.36,-14.024,-52.09
138,90,9.52,-9.132,-47.51
138,90,9.68,-13.56,-52.45
138,90,9.84,-22.746,-61.86
138,90,10,-19.79,-58.86
138,90,10.16,-19.268,-58.91
138,90,10.32,-19.232,-58.86
138,90,10.48,-18.928,-58.46
138,90,10.64,-22.318,-62.33
138,90,10.8,-28.56,-68.83
138,90,10.96,-16.166,-56.15
138,90,11.12,-15.116,-55.36
138,90,11.28,-15.196,-55.64
138,90,11.44,-15.252,-56
138,90,11.6,-15.39,-56.26
138,90,11.76,-14.204,-55.32
138,90,11.92,-14.924,-56.05
138,90,12.08,-13.88,-56.07
138,90,12.24,-19.104,-61.36
138,90,12.4,-19.94,-62.6
138,90,12.56,-18.28,-62.35
138,90,12.72,-17.334,-61.89
138,90,12.88,-22.186,-67.39
138,90,13.04,-23.268,-69.77
138,90,13.2,-16.54,-63.32
138,90,13.36,-18.164,-64.38
138,90,13.52,-22.192,-68.2
138,90,13.68,-24.41,-71.09
138,90,13.84,-17.748,-65.23
138,90,14,-15.52,-63.37
138,90,14.16,-14.476,-62.7
138,90,14.32,-11.406,-60.36
138,90,14.48,-13.114,-64.94
138,90,14.64,-14.054,-63.51
138,90,14.8,-14.49,-62.5
138,90,14.96,-16.302,-63.43
138,90,15.12,-19.21,-65.64
138,90,15.28,-26.72,-73.27
138,90,15.44,-21.346,-67.66
138,90,15.6,-23.2,-69.83
138,90,15.76,-22.198,-69.39
138,90,15.92,-20.202,-67.38
138,90,16.08,-24.622,-72.08
138,90,16.24,-17.484,-65.61
138,90,16.4,-22.21,-72.02
138,90,16.56,-19.558,-68.49
138,90,16.72,-26.498,-75.98
138,90,16.88,-17.504,-67.97
138,90,17.04,-16.566,-67.82
138,90,17.2,-28.02,-80.45
138,90,17.36,-17.636,-70.28
138,90,17.52,-21.956,-74.49
138,90,17.68,-30.762,-83.84
138,90,17.84,-25.968,-78.88
138,90,18,-18.63,-71.44
139,90,2,-15.28,-37.07
139,90,2.16,-9.948,-33.36
139,90,2.32,-13.496,-39.15
139,90,2.48,-9.604,-36.85
139,90,2.64,-12.838,-41.55
139,90,2.8,-14.96,-42.02
139,90,2.96,-8.978,-37.29
139,90,3.12,-9.316,-37.55
139,90,3.28,-7.79200000000001,-37.81
139,90,3.44,-10.782,-39.43
139,90,3.6,-16.55,-44
139,90,3.76,-11.594,-41.08
139,90,3.92,-7.982,-35.53
139,90,4.08,-7.802,-35.47
139,90,4.24,-7.896,-36.92
139,90,4.4,-4.13,-33.94
139,90,4.56,-5.756,-35.57
139,90,4.72,-5.374,-35.36
139,90,4.88,-5.36,-35.49
139,90,5.04,-11.15,-41.2
139,90,5.2,-12.33,-43.75
139,90,5.36,-6.47000000000001,-37.27
139,90,5.52,-5.798,-36.08
139,90,5.68,-9.35,-40.72
139,90,5.84,-12.942,-44.39
139,90,6,-11.26,-42.8
139,90,6.16,-11.8,-43.84
139,90,6.32,-9.80799999999999,-43.3
139,90,6.48,-13.306,-47.39
139,90,6.64,-11.568,-45.96
139,90,6.8,-12.72,-46.22
139,90,6.96,-15.472,-49.8
139,90,7.12,-10.626,-45.22
139,90,7.28,-14.502,-48.88
139,90,7.44,-14.146,-48.48
139,90,7.6,-14.98,-48.38
139,90,7.76,-21.418,-56.64
139,90,7.92,-17.952,-52.58
139,90,8.08,-15.406,-50.21
139,90,8.24,-17.122,-52.23
139,90,8.4,-20.18,-55.56
139,90,8.56,-19.552,-55.83
139,90,8.72,-16.778,-54.08
139,90,8.88,-13.748,-50.89
139,90,9.04,-12.564,-50.35
139,90,9.2,-20.28,-59.14
139,90,9.36,-20.664,-58.73
139,90,9.52,-12.962,-51.34
139,90,9.68,-14.13,-53.02
139,90,9.84,-18.636,-57.75
139,90,10,-32.33,-71.4
139,90,10.16,-24.178,-63.82
139,90,10.32,-26.642,-66.27
139,90,10.48,-17.238,-56.77
139,90,10.64,-17.678,-57.69
139,90,10.8,-17.76,-58.03
139,90,10.96,-16.246,-56.23
139,90,11.12,-18.406,-58.65
139,90,11.28,-11.686,-52.13
139,90,11.44,-13.872,-54.62
139,90,11.6,-15.83,-56.7
139,90,11.76,-17.984,-59.1
139,90,11.92,-15.104,-56.23
139,90,12.08,-13.01,-55.2
139,90,12.24,-13.954,-56.21
139,90,12.4,-13.88,-56.54
139,90,12.56,-22.19,-66.26
139,90,12.72,-19.414,-63.97
139,90,12.88,-17.536,-62.74
139,90,13.04,-13.658,-60.16
139,90,13.2,-14.58,-61.36
139,90,13.36,-26.534,-72.75
139,90,13.52,-30.412,-76.42
139,90,13.68,-19.31,-65.99
139,90,13.84,-20.238,-67.72
139,90,14,-13.05,-60.9
139,90,14.16,-16.556,-64.78
139,90,14.32,-11.886,-60.84
139,90,14.48,-16.294,-68.12
139,90,14.64,-15.214,-64.67
139,90,14.8,-18.69,-66.7
139,90,14.96,-19.072,-66.2
139,90,15.12,-19.5,-65.93
139,90,15.28,-26.83,-73.38
139,90,15.44,-24.486,-70.8
139,90,15.6,-20.29,-66.92
139,90,15.76,-21.808,-69
139,90,15.92,-19.472,-66.65
139,90,16.08,-23.122,-70.58
139,90,16.24,-18.804,-66.93
139,90,16.4,-21.36,-71.17
139,90,16.56,-20.088,-69.02
139,90,16.72,-19.408,-68.89
139,90,16.88,-19.164,-69.63
139,90,17.04,-24.376,-75.63
139,90,17.2,-23.37,-75.8
139,90,17.36,-25.076,-77.72
139,90,17.52,-21.956,-74.49
139,90,17.68,-26.662,-79.74
139,90,17.84,-19.628,-72.54
139,90,18,-25.72,-78.53
140,90,2,-16.02,-37.81
140,90,2.16,-9.558,-32.97
140,90,2.32,-13.036,-38.69
140,90,2.48,-8.894,-36.14
140,90,2.64,-11.318,-40.03
140,90,2.8,-12.6,-39.66
140,90,2.96,-10.038,-38.35
140,90,3.12,-9.416,-37.65
140,90,3.28,-9.082,-39.1
140,90,3.44,-12.612,-41.26
140,90,3.6,-16.15,-43.6
140,90,3.76,-10.324,-39.81
140,90,3.92,-5.682,-33.23
140,90,4.08,-5.252,-32.92
140,90,4.24,-8.256,-37.28
140,90,4.4,-4.47,-34.28
140,90,4.56,-6.116,-35.93
140,90,4.72,-5.45399999999999,-35.44
140,90,4.88,-4.88,-35.01
140,90,5.04,-10.57,-40.62
140,90,5.2,-13.24,-44.66
140,90,5.36,-6.83000000000001,-37.63
140,90,5.52,-5.338,-35.62
140,90,5.68,-7.13,-38.5
140,90,5.84,-11.692,-43.14
140,90,6,-11.75,-43.29
140,90,6.16,-14.52,-46.56
140,90,6.32,-9.578,-43.07
140,90,6.48,-11.006,-45.09
140,90,6.64,-13.308,-47.7
140,90,6.8,-11.97,-45.47
140,90,6.96,-14.622,-48.95
140,90,7.12,-10.626,-45.22
140,90,7.28,-13.512,-47.89
140,90,7.44,-14.536,-48.87
140,90,7.6,-15.18,-48.58
140,90,7.76,-19.368,-54.59
140,90,7.92,-22.642,-57.27
140,90,8.08,-21.806,-56.61
140,90,8.24,-18.582,-53.69
140,90,8.4,-16.43,-51.81
140,90,8.56,-16.842,-53.12
140,90,8.72,-27.448,-64.75
140,90,8.88,-14.858,-52
140,90,9.04,-11.684,-49.47
140,90,9.2,-12.51,-51.37
140,90,9.36,-19.344,-57.41
140,90,9.52,-24.672,-63.05
140,90,9.68,-18.41,-57.3
140,90,9.84,-17.536,-56.65
140,90,10,-16.46,-55.53
140,90,10.16,-17.918,-57.56
140,90,10.32,-26.532,-66.16
140,90,10.48,-19.008,-58.54
140,90,10.64,-16.728,-56.74
140,90,10.8,-11.78,-52.05
140,90,10.96,-11.726,-51.71
140,90,11.12,-19.396,-59.64
140,90,11.28,-15.106,-55.55
140,90,11.44,-14.362,-55.11
140,90,11.6,-16.9,-57.77
140,90,11.76,-16.154,-57.27
140,90,11.92,-16.404,-57.53
140,90,12.08,-15.28,-57.47
140,90,12.24,-14.284,-56.54
140,90,12.4,-12.12,-54.78
140,90,12.56,-15.98,-60.05
140,90,12.72,-21.274,-65.83
140,90,12.88,-19.646,-64.85
140,90,13.04,-15.208,-61.71
140,90,13.2,-17.63,-64.41
140,90,13.36,-22.464,-68.68
140,90,13.52,-24.702,-70.71
140,90,13.68,-30.32,-77
140,90,13.84,-17.668,-65.15
140,90,14,-13.95,-61.8
140,90,14.16,-13.726,-61.95
140,90,14.32,-22.266,-71.22
140,90,14.48,-26.244,-78.07
140,90,14.64,-21.854,-71.31
140,90,14.8,-22.5,-70.51
140,90,14.96,-17.532,-64.66
140,90,15.12,-20.61,-67.04
140,90,15.28,-19.83,-66.38
140,90,15.44,-20.446,-66.76
140,90,15.6,-21.39,-68.02
140,90,15.76,-40.948,-88.14
140,90,15.92,-18.342,-65.52
140,90,16.08,-17.272,-64.73
140,90,16.24,-22.924,-71.05
140,90,16.4,-16.5,-66.31
140,90,16.56,-19.368,-68.3
140,90,16.72,-28.758,-78.24
140,90,16.88,-19.574,-70.04
140,90,17.04,-21.416,-72.67
140,90,17.2,-17.8,-70.23
140,90,17.36,-27.486,-80.13
140,90,17.52,-23.356,-75.89
140,90,17.68,-19.682,-72.76
140,90,17.84,-24.318,-77.23
140,90,18,-17.89,-70.7
141,90,2,-16.77,-38.56
141,90,2.16,-9.208,-32.62
141,90,2.32,-12.566,-38.22
141,90,2.48,-8.634,-35.88
141,90,2.64,-10.098,-38.81
141,90,2.8,-10.76,-37.82
141,90,2.96,-12.118,-40.43
141,90,3.12,-9.616,-37.85
141,90,3.28,-10.312,-40.33
141,90,3.44,-15.302,-43.95
141,90,3.6,-14.59,-42.04
141,90,3.76,-9.07400000000001,-38.56
141,90,3.92,-4.332,-31.88
141,90,4.08,-3.532,-31.2
141,90,4.24,-7.87599999999999,-36.9
141,90,4.4,-5.01,-34.82
141,90,4.56,-6.976,-36.79
141,90,4.72,-6.394,-36.38
141,90,4.88,-5.06,-35.19
141,90,5.04,-9.48999999999999,-39.54
141,90,5.2,-11.85,-43.27
141,90,5.36,-7.65000000000001,-38.45
141,90,5.52,-5.518,-35.8
141,90,5.68,-6.69,-38.06
141,90,5.84,-9.822,-41.27
141,90,6,-11.36,-42.9
141,90,6.16,-17.31,-49.35
141,90,6.32,-9.828,-43.32
141,90,6.48,-10.156,-44.24
141,90,6.64,-13.488,-47.88
141,90,6.8,-11.31,-44.81
141,90,6.96,-12.512,-46.84
141,90,7.12,-11.856,-46.45
141,90,7.28,-13.142,-47.52
141,90,7.44,-15.406,-49.74
141,90,7.6,-16.8,-50.2
141,90,7.76,-18.738,-53.96
141,90,7.92,-23.512,-58.14
141,90,8.08,-26.696,-61.5
141,90,8.24,-17.332,-52.44
141,90,8.4,-16.5,-51.88
141,90,8.56,-14.582,-50.86
141,90,8.72,-27.258,-64.56
141,90,8.88,-19.918,-57.06
141,90,9.04,-13.464,-51.25
141,90,9.2,-11.38,-50.24
141,90,9.36,-13.624,-51.69
141,90,9.52,-19.012,-57.39
141,90,9.68,-27.09,-65.98
141,90,9.84,-23.866,-62.98
141,90,10,-15.85,-54.92
141,90,10.16,-14.708,-54.35
141,90,10.32,-16.122,-55.75
141,90,10.48,-14.318,-53.85
141,90,10.64,-19.398,-59.41
141,90,10.8,-12.74,-53.01
141,90,10.96,-12.996,-52.98
141,90,11.12,-13.786,-54.03
141,90,11.28,-20.446,-60.89
141,90,11.44,-18.052,-58.8
141,90,11.6,-17.96,-58.83
141,90,11.76,-12.184,-53.3
141,90,11.92,-13.374,-54.5
141,90,12.08,-15.7,-57.89
141,90,12.24,-15.424,-57.68
141,90,12.4,-13.27,-55.93
141,90,12.56,-12.06,-56.13
141,90,12.72,-17.034,-61.59
141,90,12.88,-21.006,-66.21
141,90,13.04,-22.448,-68.95
141,90,13.2,-22.3,-69.08
141,90,13.36,-22.144,-68.36
141,90,13.52,-23.992,-70
141,90,13.68,-25.83,-72.51
141,90,13.84,-20.938,-68.42
141,90,14,-14.8,-62.65
141,90,14.16,-15.546,-63.77
141,90,14.32,-26.646,-75.6
141,90,14.48,-19.214,-71.04
141,90,14.64,-17.344,-66.8
141,90,14.8,-19.88,-67.89
141,90,14.96,-17.762,-64.89
141,90,15.12,-25.25,-71.68
141,90,15.28,-21.98,-68.53
141,90,15.44,-27.176,-73.49
141,90,15.6,-26.84,-73.47
141,90,15.76,-26.588,-73.78
141,90,15.92,-32.452,-79.63
141,90,16.08,-18.242,-65.7
141,90,16.24,-27.774,-75.9
141,90,16.4,-22.09,-71.9
141,90,16.56,-27.548,-76.48
141,90,16.72,-49.418,-98.9
141,90,16.88,-19.504,-69.97
141,90,17.04,-26.056,-77.31
141,90,17.2,-23.21,-75.64
141,90,17.36,-16.886,-69.53
141,90,17.52,-21.066,-73.6
141,90,17.68,-19.542,-72.62
141,90,17.84,-23.858,-76.77
141,90,18,-16.6,-69.41
142,90,2,-17.01,-38.8
142,90,2.16,-9.098,-32.51
142,90,2.32,-12.276,-37.93
142,90,2.48,-8.564,-35.81
142,90,2.64,-9.168,-37.88
142,90,2.8,-9.12,-36.18
142,90,2.96,-15.378,-43.69
142,90,3.12,-10.696,-38.93
142,90,3.28,-12.162,-42.18
142,90,3.44,-19.112,-47.76
142,90,3.6,-12.74,-40.19
142,90,3.76,-8.474,-37.96
142,90,3.92,-3.912,-31.46
142,90,4.08,-2.562,-30.23
142,90,4.24,-6.91599999999999,-35.94
142,90,4.4,-5.29,-35.1
142,90,4.56,-8.006,-37.82
142,90,4.72,-8.044,-38.03
142,90,4.88,-5.77,-35.9
142,90,5.04,-8.3,-38.35
142,90,5.2,-8.8,-40.22
142,90,5.36,-8.88,-39.68
142,90,5.52,-6.608,-36.89
142,90,5.68,-7.39,-38.76
142,90,5.84,-8.432,-39.88
142,90,6,-10.55,-42.09
142,90,6.16,-18.97,-51.01
142,90,6.32,-11.038,-44.53
142,90,6.48,-9.416,-43.5
142,90,6.64,-12.258,-46.65
142,90,6.8,-10.48,-43.98
142,90,6.96,-11.522,-45.85
142,90,7.12,-13.736,-48.33
142,90,7.28,-14.632,-49.01
142,90,7.44,-16.236,-50.57
142,90,7.6,-18.67,-52.07
142,90,7.76,-19.928,-55.15
142,90,7.92,-21.582,-56.21
142,90,8.08,-26.916,-61.72
142,90,8.24,-17.822,-52.93
142,90,8.4,-19.58,-54.96
142,90,8.56,-14.852,-51.13
142,90,8.72,-20.938,-58.24
142,90,8.88,-20.998,-58.14
142,90,9.04,-17.624,-55.41
142,90,9.2,-15.62,-54.48
142,90,9.36,-13.594,-51.66
142,90,9.52,-15.222,-53.6
142,90,9.68,-19.92,-58.81
142,90,9.84,-28.386,-67.5
142,90,10,-18.86,-57.93
142,90,10.16,-14.258,-53.9
142,90,10.32,-13.312,-52.94
142,90,10.48,-12.198,-51.73
142,90,10.64,-15.908,-55.92
142,90,10.8,-17.76,-58.03
142,90,10.96,-19.546,-59.53
142,90,11.12,-14.276,-54.52
142,90,11.28,-17.546,-57.99
142,90,11.44,-17.052,-57.8
142,90,11.6,-16.84,-57.71
142,90,11.76,-13.904,-55.02
142,90,11.92,-12.444,-53.57
142,90,12.08,-13.28,-55.47
142,90,12.24,-15.114,-57.37
142,90,12.4,-15.05,-57.71
142,90,12.56,-16.07,-60.14
142,90,12.72,-18.494,-63.05
142,90,12.88,-22.156,-67.36
142,90,13.04,-21.308,-67.81
142,90,13.2,-23.52,-70.3
142,90,13.36,-22.774,-68.99
142,90,13.52,-22.402,-68.41
142,90,13.68,-26.96,-73.64
142,90,13.84,-17.828,-65.31
142,90,14,-16.41,-64.26
142,90,14.16,-25.956,-74.18
142,90,14.32,-22.866,-71.82
142,90,14.48,-20.654,-72.48
142,90,14.64,-19.054,-68.51
142,90,14.8,-23.49,-71.5
142,90,14.96,-18.772,-65.9
142,90,15.12,-27.17,-73.6
142,90,15.28,-31.41,-77.96
142,90,15.44,-28.176,-74.49
142,90,15.6,-25.03,-71.66
142,90,15.76,-24.008,-71.2
142,90,15.92,-19.532,-66.71
142,90,16.08,-29.612,-77.07
142,90,16.24,-25.224,-73.35
142,90,16.4,-18.8,-68.61
142,90,16.56,-17.928,-66.86
142,90,16.72,-24.468,-73.95
142,90,16.88,-18.874,-69.34
142,90,17.04,-21.416,-72.67
142,90,17.2,-23.13,-75.56
142,90,17.36,-22.646,-75.29
142,90,17.52,-17.746,-70.28
142,90,17.68,-26.742,-79.82
142,90,17.84,-18.858,-71.77
142,90,18,-26.05,-78.86
143,90,2,-16.96,-38.75
143,90,2.16,-9.188,-32.6
143,90,2.32,-11.946,-37.6
143,90,2.48,-8.80399999999999,-36.05
143,90,2.64,-8.528,-37.24
143,90,2.8,-7.93,-34.99
143,90,2.96,-20.258,-48.57
143,90,3.12,-11.946,-40.18
143,90,3.28,-13.822,-43.84
143,90,3.44,-23.242,-51.89
143,90,3.6,-10.51,-37.96
143,90,3.76,-8.294,-37.78
143,90,3.92,-4.082,-31.63
143,90,4.08,-2.382,-30.05
143,90,4.24,-6.186,-35.21
143,90,4.4,-5.59,-35.4
143,90,4.56,-8.396,-38.21
143,90,4.72,-10.084,-40.07
143,90,4.88,-6.8,-36.93
143,90,5.04,-6.97,-37.02
143,90,5.2,-6.26,-37.68
143,90,5.36,-9.13,-39.93
143,90,5.52,-8.108,-38.39
143,90,5.68,-9.33000000000001,-40.7
143,90,5.84,-7.682,-39.13
143,90,6,-9.57,-41.11
143,90,6.16,-15.69,-47.73
143,90,6.32,-13.088,-46.58
143,90,6.48,-9.626,-43.71
143,90,6.64,-11.888,-46.28
143,90,6.8,-10.43,-43.93
143,90,6.96,-10.722,-45.05
143,90,7.12,-15.396,-49.99
143,90,7.28,-16.862,-51.24
143,90,7.44,-16.436,-50.77
143,90,7.6,-19.91,-53.31
143,90,7.76,-21.038,-56.26
143,90,7.92,-18.892,-53.52
143,90,8.08,-20.336,-55.14
143,90,8.24,-20.882,-55.99
143,90,8.4,-25.19,-60.57
143,90,8.56,-15.812,-52.09
143,90,8.72,-15.468,-52.77
143,90,8.88,-15.988,-53.13
143,90,9.04,-18.964,-56.75
143,90,9.2,-26.97,-65.83
143,90,9.36,-16.504,-54.57
143,90,9.52,-12.412,-50.79
143,90,9.68,-13.91,-52.8
143,90,9.84,-18.026,-57.14
143,90,10,-23.31,-62.38
143,90,10.16,-18.678,-58.32
143,90,10.32,-14.282,-53.91
143,90,10.48,-13.668,-53.2
143,90,10.64,-15.778,-55.79
143,90,10.8,-18.94,-59.21
143,90,10.96,-18.746,-58.73
143,90,11.12,-19.036,-59.28
143,90,11.28,-13.096,-53.54
143,90,11.44,-12.622,-53.37
143,90,11.6,-14.36,-55.23
143,90,11.76,-15.814,-56.93
143,90,11.92,-14.754,-55.88
143,90,12.08,-13.77,-55.96
143,90,12.24,-11.934,-54.19
143,90,12.4,-11.46,-54.12
143,90,12.56,-16.93,-61
143,90,12.72,-30.624,-75.18
143,90,12.88,-25.876,-71.08
143,90,13.04,-17.918,-64.42
143,90,13.2,-14.93,-61.71
143,90,13.36,-26.094,-72.31
143,90,13.52,-26.672,-72.68
143,90,13.68,-42.14,-88.82
143,90,13.84,-20.458,-67.94
143,90,14,-19.31,-67.16
143,90,14.16,-18.456,-66.68
143,90,14.32,-16.636,-65.59
143,90,14.48,-19.874,-71.7
143,90,14.64,-28.584,-78.04
143,90,14.8,-24.88,-72.89
143,90,14.96,-26.352,-73.48
143,90,15.12,-33.5,-79.93
143,90,15.28,-23.83,-70.38
143,90,15.44,-25.236,-71.55
143,90,15.6,-25.05,-71.68
143,90,15.76,-30.368,-77.56
143,90,15.92,-25.892,-73.07
143,90,16.08,-31.612,-79.07
143,90,16.24,-46.904,-95.03
143,90,16.4,-20.12,-69.93
143,90,16.56,-21.388,-70.32
143,90,16.72,-40.108,-89.59
143,90,16.88,-30.254,-80.72
143,90,17.04,-21.076,-72.33
143,90,17.2,-25.28,-77.71
143,90,17.36,-19.776,-72.42
143,90,17.52,-25.136,-77.67
143,90,17.68,-29.482,-82.56
143,90,17.84,-23.368,-76.28
143,90,18,-20.03,-72.84
144,90,2,-16.51,-38.3
144,90,2.16,-9.378,-32.79
144,90,2.32,-11.646,-37.3
144,90,2.48,-9.294,-36.54
144,90,2.64,-8.198,-36.91
144,90,2.8,-7.19,-34.25
144,90,2.96,-26.028,-54.34
144,90,3.12,-13.646,-41.88
144,90,3.28,-15.912,-45.93
144,90,3.44,-19.862,-48.51
144,90,3.6,-8.57,-36.02
144,90,3.76,-8.444,-37.93
144,90,3.92,-4.922,-32.47
144,90,4.08,-2.812,-30.48
144,90,4.24,-5.896,-34.92
144,90,4.4,-6.01,-35.82
144,90,4.56,-8.736,-38.55
144,90,4.72,-11.854,-41.84
144,90,4.88,-8.04,-38.17
144,90,5.04,-6.27999999999999,-36.33
144,90,5.2,-4.45,-35.87
144,90,5.36,-8.1,-38.9
144,90,5.52,-9.718,-40
144,90,5.68,-11.6,-42.97
144,90,5.84,-7.922,-39.37
144,90,6,-8.86,-40.4
144,90,6.16,-12.48,-44.52
144,90,6.32,-15.328,-48.82
144,90,6.48,-11.296,-45.38
144,90,6.64,-12.758,-47.15
144,90,6.8,-10.6,-44.1
144,90,6.96,-10.732,-45.06
144,90,7.12,-15.536,-50.13
144,90,7.28,-17.932,-52.31
144,90,7.44,-15.196,-49.53
144,90,7.6,-19.54,-52.94
144,90,7.76,-19.298,-54.52
144,90,7.92,-16.712,-51.34
144,90,8.08,-16.516,-51.32
144,90,8.24,-20.272,-55.38
144,90,8.4,-30.07,-65.45
144,90,8.56,-17.192,-53.47
144,90,8.72,-14.848,-52.15
144,90,8.88,-14.898,-52.04
144,90,9.04,-15.564,-53.35
144,90,9.2,-23.68,-62.54
144,90,9.36,-20.584,-58.65
144,90,9.52,-13.062,-51.44
144,90,9.68,-14.63,-53.52
144,90,9.84,-14.376,-53.49
144,90,10,-16.98,-56.05
144,90,10.16,-22.078,-61.72
144,90,10.32,-17.902,-57.53
144,90,10.48,-18.498,-58.03
144,90,10.64,-21.698,-61.71
144,90,10.8,-15.49,-55.76
144,90,10.96,-12.886,-52.87
144,90,11.12,-18.626,-58.87
144,90,11.28,-11.996,-52.44
144,90,11.44,-11.282,-52.03
144,90,11.6,-11.78,-52.65
144,90,11.76,-13.984,-55.1
144,90,11.92,-16.374,-57.5
144,90,12.08,-13.79,-55.98
144,90,12.24,-13.154,-55.41
144,90,12.4,-12.6,-55.26
144,90,12.56,-15.12,-59.19
144,90,12.72,-26.194,-70.75
144,90,12.88,-28.426,-73.63
144,90,13.04,-19.518,-66.02
144,90,13.2,-17.94,-64.72
144,90,13.36,-37.484,-83.7
144,90,13.52,-27.312,-73.32
144,90,13.68,-30.84,-77.52
144,90,13.84,-22.728,-70.21
144,90,14,-19.69,-67.54
144,90,14.16,-17.396,-65.62
144,90,14.32,-15.976,-64.93
144,90,14.48,-20.144,-71.97
144,90,14.64,-23.574,-73.03
144,90,14.8,-17.94,-65.95
144,90,14.96,-30.182,-77.31
144,90,15.12,-18.34,-64.77
144,90,15.28,-21.02,-67.57
144,90,15.44,-24.246,-70.56
144,90,15.6,-22.71,-69.34
144,90,15.76,-26.448,-73.64
144,90,15.92,-22.942,-70.12
144,90,16.08,-33.242,-80.7
144,90,16.24,-24.524,-72.65
144,90,16.4,-19.36,-69.17
144,90,16.56,-19.638,-68.57
144,90,16.72,-22.458,-71.94
144,90,16.88,-30.864,-81.33
144,90,17.04,-24.066,-75.32
144,90,17.2,-25.73,-78.16
144,90,17.36,-21.366,-74.01
144,90,17.52,-21.746,-74.28
144,90,17.68,-30.002,-83.08
144,90,17.84,-22.148,-75.06
144,90,18,-19.05,-71.86
145,90,2,-15.78,-37.57
145,90,2.16,-9.628,-33.04
145,90,2.32,-11.286,-36.94
145,90,2.48,-10.024,-37.27
145,90,2.64,-8.108,-36.82
145,90,2.8,-6.94,-34
145,90,2.96,-20.998,-49.31
145,90,3.12,-14.706,-42.94
145,90,3.28,-17.122,-47.14
145,90,3.44,-15.542,-44.19
145,90,3.6,-7.05,-34.5
145,90,3.76,-8.484,-37.97
145,90,3.92,-6.192,-33.74
145,90,4.08,-3.892,-31.56
145,90,4.24,-5.94599999999999,-34.97
145,90,4.4,-6.54,-36.35
145,90,4.56,-8.496,-38.31
145,90,4.72,-11.604,-41.59
145,90,4.88,-8.84,-38.97
145,90,5.04,-6.49999999999999,-36.55
145,90,5.2,-3.89,-35.31
145,90,5.36,-7.06,-37.86
145,90,5.52,-10.648,-40.93
145,90,5.68,-13.37,-44.74
145,90,5.84,-8.352,-39.8
145,90,6,-8.76,-40.3
145,90,6.16,-10.04,-42.08
145,90,6.32,-15.088,-48.58
145,90,6.48,-12.376,-46.46
145,90,6.64,-14.818,-49.21
145,90,6.8,-10.89,-44.39
145,90,6.96,-10.432,-44.76
145,90,7.12,-13.846,-48.44
145,90,7.28,-16.472,-50.85
145,90,7.44,-13.546,-47.88
145,90,7.6,-17.73,-51.13
145,90,7.76,-22.408,-57.63
145,90,7.92,-16.402,-51.03
145,90,8.08,-15.176,-49.98
145,90,8.24,-21.112,-56.22
145,90,8.4,-23.11,-58.49
145,90,8.56,-18.982,-55.26
145,90,8.72,-16.138,-53.44
145,90,8.88,-15.188,-52.33
145,90,9.04,-13.714,-51.5
145,90,9.2,-20.26,-59.12
145,90,9.36,-28.164,-66.23
145,90,9.52,-16.092,-54.47
145,90,9.68,-17.41,-56.3
145,90,9.84,-19.886,-59
145,90,10,-20.83,-59.9
145,90,10.16,-20.478,-60.12
145,90,10.32,-22.642,-62.27
145,90,10.48,-25.638,-65.17
145,90,10.64,-19.478,-59.49
145,90,10.8,-12.45,-52.72
145,90,10.96,-10.066,-50.05
145,90,11.12,-15.416,-55.66
145,90,11.28,-13.456,-53.9
145,90,11.44,-12.752,-53.5
145,90,11.6,-13,-53.87
145,90,11.76,-12.734,-53.85
145,90,11.92,-12.794,-53.92
145,90,12.08,-11.75,-53.94
145,90,12.24,-15.534,-57.79
145,90,12.4,-18.22,-60.88
145,90,12.56,-16.98,-61.05
145,90,12.72,-18.274,-62.83
145,90,12.88,-20.486,-65.69
145,90,13.04,-24.738,-71.24
145,90,13.2,-46.82,-93.6
145,90,13.36,-20.964,-67.18
145,90,13.52,-25.372,-71.38
145,90,13.68,-32.94,-79.62
145,90,13.84,-25.748,-73.23
145,90,14,-27.63,-75.48
145,90,14.16,-40.106,-88.33
145,90,14.32,-28.786,-77.74
145,90,14.48,-22.874,-74.7
145,90,14.64,-15.944,-65.4
145,90,14.8,-15.01,-63.02
145,90,14.96,-16.712,-63.84
145,90,15.12,-18.09,-64.52
145,90,15.28,-20.95,-67.5
145,90,15.44,-20.746,-67.06
145,90,15.6,-22.07,-68.7
145,90,15.76,-20.858,-68.05
145,90,15.92,-26.462,-73.64
145,90,16.08,-24.742,-72.2
145,90,16.24,-25.644,-73.77
145,90,16.4,-23.44,-73.25
145,90,16.56,-23.058,-71.99
145,90,16.72,-18.228,-67.71
145,90,16.88,-20.674,-71.14
145,90,17.04,-25.116,-76.37
145,90,17.2,-31.11,-83.54
145,90,17.36,-45.576,-98.22
145,90,17.52,-22.586,-75.12
145,90,17.68,-27.902,-80.98
145,90,17.84,-23.878,-76.79
145,90,18,-22.73,-75.54
146,90,2,-14.69,-36.48
146,90,2.16,-10.138,-33.55
146,90,2.32,-11.006,-36.66
146,90,2.48,-10.864,-38.11
146,90,2.64,-8.518,-37.23
146,90,2.8,-7.08,-34.14
146,90,2.96,-16.908,-45.22
146,90,3.12,-15.256,-43.49
146,90,3.28,-16.922,-46.94
146,90,3.44,-13.852,-42.5
146,90,3.6,-5.9,-33.35
146,90,3.76,-7.89400000000001,-37.38
146,90,3.92,-7.822,-35.37
146,90,4.08,-5.582,-33.25
146,90,4.24,-6.506,-35.53
146,90,4.4,-7.24,-37.05
146,90,4.56,-7.786,-37.6
146,90,4.72,-9.73399999999999,-39.72
146,90,4.88,-9.51,-39.64
146,90,5.04,-7.56,-37.61
146,90,5.2,-4.26,-35.68
146,90,5.36,-6.83000000000001,-37.63
146,90,5.52,-10.328,-40.61
146,90,5.68,-13.43,-44.8
146,90,5.84,-9.342,-40.79
146,90,6,-8.63,-40.17
146,90,6.16,-9.59,-41.63
146,90,6.32,-13.688,-47.18
146,90,6.48,-13.526,-47.61
146,90,6.64,-17.138,-51.53
146,90,6.8,-10.68,-44.18
146,90,6.96,-10.162,-44.49
146,90,7.12,-12.826,-47.42
146,90,7.28,-14.032,-48.41
146,90,7.44,-13.636,-47.97
146,90,7.6,-16.21,-49.61
146,90,7.76,-23.018,-58.24
146,90,7.92,-17.912,-52.54
146,90,8.08,-16.196,-51
146,90,8.24,-20.352,-55.46
146,90,8.4,-20.14,-55.52
146,90,8.56,-17.712,-53.99
146,90,8.72,-18.528,-55.83
146,90,8.88,-15.498,-52.64
146,90,9.04,-14.234,-52.02
146,90,9.2,-16.1,-54.96
146,90,9.36,-24.924,-62.99
146,90,9.52,-18.632,-57.01
146,90,9.68,-29.39,-68.28
146,90,9.84,-22.316,-61.43
146,90,10,-23.24,-62.31
146,90,10.16,-21.278,-60.92
146,90,10.32,-25.582,-65.21
146,90,10.48,-18.188,-57.72
146,90,10.64,-21.118,-61.13
146,90,10.8,-13.97,-54.24
146,90,10.96,-12.026,-52.01
146,90,11.12,-11.956,-52.2
146,90,11.28,-12.196,-52.64
146,90,11.44,-11.952,-52.7
146,90,11.6,-15.81,-56.68
146,90,11.76,-16.454,-57.57
146,90,11.92,-12.204,-53.33
146,90,12.08,-9.49999999999999,-51.69
146,90,12.24,-12.524,-54.78
146,90,12.4,-22.09,-64.75
146,90,12.56,-18.31,-62.38
146,90,12.72,-18.324,-62.88
146,90,12.88,-20.706,-65.91
146,90,13.04,-18.068,-64.57
146,90,13.2,-25.56,-72.34
146,90,13.36,-22.724,-68.94
146,90,13.52,-47.502,-93.51
146,90,13.68,-23.85,-70.53
146,90,13.84,-22.988,-70.47
146,90,14,-36.62,-84.47
146,90,14.16,-27.106,-75.33
146,90,14.32,-24.086,-73.04
146,90,14.48,-23.264,-75.09
146,90,14.64,-16.444,-65.9
146,90,14.8,-15.67,-63.68
146,90,14.96,-18.742,-65.87
146,90,15.12,-18.72,-65.15
146,90,15.28,-20.1,-66.65
146,90,15.44,-20.426,-66.74
146,90,15.6,-20.3,-66.93
146,90,15.76,-19.838,-67.03
146,90,15.92,-23.292,-70.47
146,90,16.08,-24.032,-71.49
146,90,16.24,-20.374,-68.5
146,90,16.4,-23.27,-73.08
146,90,16.56,-24.938,-73.87
146,90,16.72,-24.348,-73.83
146,90,16.88,-22.964,-73.43
146,90,17.04,-20.506,-71.76
146,90,17.2,-13.91,-66.34
146,90,17.36,-18.676,-71.32
146,90,17.52,-29.606,-82.14
146,90,17.68,-26.972,-80.05
146,90,17.84,-25.488,-78.4
146,90,18,-24.7,-77.51
147,90,2,-13.51,-35.3
147,90,2.16,-10.588,-34
147,90,2.32,-10.946,-36.6
147,90,2.48,-11.724,-38.97
147,90,2.64,-9.278,-37.99
147,90,2.8,-7.89,-34.95
147,90,2.96,-15.918,-44.23
147,90,3.12,-14.766,-43
147,90,3.28,-15.202,-45.22
147,90,3.44,-13.242,-41.89
147,90,3.6,-5.27,-32.72
147,90,3.76,-7.32400000000001,-36.81
147,90,3.92,-8.902,-36.45
147,90,4.08,-7.712,-35.38
147,90,4.24,-7.716,-36.74
147,90,4.4,-8.08,-37.89
147,90,4.56,-6.956,-36.77
147,90,4.72,-7.48399999999999,-37.47
147,90,4.88,-9.41,-39.54
147,90,5.04,-9.41,-39.46
147,90,5.2,-5.5,-36.92
147,90,5.36,-7.18,-37.98
147,90,5.52,-9.898,-40.18
147,90,5.68,-11.26,-42.63
147,90,5.84,-10.592,-42.04
147,90,6,-9.36,-40.9
147,90,6.16,-10.82,-42.86
147,90,6.32,-13.078,-46.57
147,90,6.48,-12.766,-46.85
147,90,6.64,-18.638,-53.03
147,90,6.8,-9.84,-43.34
147,90,6.96,-9.54199999999999,-43.87
147,90,7.12,-12.676,-47.27
147,90,7.28,-11.912,-46.29
147,90,7.44,-14.466,-48.8
147,90,7.6,-16.44,-49.84
147,90,7.76,-21.598,-56.82
147,90,7.92,-18.612,-53.24
147,90,8.08,-18.006,-52.81
147,90,8.24,-17.092,-52.2
147,90,8.4,-17.32,-52.7
147,90,8.56,-15.842,-52.12
147,90,8.72,-17.468,-54.77
147,90,8.88,-14.038,-51.18
147,90,9.04,-14.864,-52.65
147,90,9.2,-14.33,-53.19
147,90,9.36,-20.964,-59.03
147,90,9.52,-16.352,-54.73
147,90,9.68,-33.06,-71.95
147,90,9.84,-17.376,-56.49
147,90,10,-17,-56.07
147,90,10.16,-18.788,-58.43
147,90,10.32,-20.972,-60.6
147,90,10.48,-13.808,-53.34
147,90,10.64,-13.808,-53.82
147,90,10.8,-17.32,-57.59
147,90,10.96,-16.846,-56.83
147,90,11.12,-12.036,-52.28
147,90,11.28,-11.336,-51.78
147,90,11.44,-9.54199999999999,-50.29
147,90,11.6,-14.8,-55.67
147,90,11.76,-16.764,-57.88
147,90,11.92,-13.944,-55.07
147,90,12.08,-12.19,-54.38
147,90,12.24,-10.904,-53.16
147,90,12.4,-16.39,-59.05
147,90,12.56,-13.06,-57.13
147,90,12.72,-18.814,-63.37
147,90,12.88,-19.366,-64.57
147,90,13.04,-22.348,-68.85
147,90,13.2,-19.37,-66.15
147,90,13.36,-24.764,-70.98
147,90,13.52,-25.812,-71.82
147,90,13.68,-26.97,-73.65
147,90,13.84,-17.048,-64.53
147,90,14,-29.37,-77.22
147,90,14.16,-21.786,-70.01
147,90,14.32,-28.736,-77.69
147,90,14.48,-18.584,-70.41
147,90,14.64,-18.194,-67.65
147,90,14.8,-27.93,-75.94
147,90,14.96,-22.972,-70.1
147,90,15.12,-17.63,-64.06
147,90,15.28,-17.99,-64.54
147,90,15.44,-20.036,-66.35
147,90,15.6,-20.12,-66.75
147,90,15.76,-17.908,-65.1
147,90,15.92,-18.722,-65.9
147,90,16.08,-22.992,-70.45
147,90,16.24,-24.844,-72.97
147,90,16.4,-31.72,-81.53
147,90,16.56,-23.328,-72.26
147,90,16.72,-24.918,-74.4
147,90,16.88,-19.164,-69.63
147,90,17.04,-25.526,-76.78
147,90,17.2,-31.09,-83.52
147,90,17.36,-18.436,-71.08
147,90,17.52,-25.226,-77.76
147,90,17.68,-28.292,-81.37
147,90,17.84,-20.388,-73.3
147,90,18,-19.29,-72.1
148,90,2,-12.4,-34.19
148,90,2.16,-11.158,-34.57
148,90,2.32,-10.886,-36.54
148,90,2.48,-12.354,-39.6
148,90,2.64,-10.428,-39.14
148,90,2.8,-9.56,-36.62
148,90,2.96,-15.798,-44.11
148,90,3.12,-14.926,-43.16
148,90,3.28,-13.092,-43.11
148,90,3.44,-13.912,-42.56
148,90,3.6,-5.44,-32.89
148,90,3.76,-6.904,-36.39
148,90,3.92,-9.542,-37.09
148,90,4.08,-10.102,-37.77
148,90,4.24,-9.176,-38.2
148,90,4.4,-8.59,-38.4
148,90,4.56,-6.016,-35.83
148,90,4.72,-5.99399999999999,-35.98
148,90,4.88,-8.07,-38.2
148,90,5.04,-11.7,-41.75
148,90,5.2,-7.38,-38.8
148,90,5.36,-8.17,-38.97
148,90,5.52,-9.138,-39.42
148,90,5.68,-8.99,-40.36
148,90,5.84,-11.092,-42.54
148,90,6,-9.77,-41.31
148,90,6.16,-13.6,-45.64
148,90,6.32,-13.198,-46.69
148,90,6.48,-12.616,-46.7
148,90,6.64,-16.928,-51.32
148,90,6.8,-9.83,-43.33
148,90,6.96,-9.022,-43.35
148,90,7.12,-14.536,-49.13
148,90,7.28,-11.012,-45.39
148,90,7.44,-16.356,-50.69
148,90,7.6,-17.29,-50.69
148,90,7.76,-16.298,-51.52
148,90,7.92,-17.542,-52.17
148,90,8.08,-20.036,-54.84
148,90,8.24,-15.122,-50.23
148,90,8.4,-16.5,-51.88
148,90,8.56,-16.642,-52.92
148,90,8.72,-14.028,-51.33
148,90,8.88,-14.158,-51.3
148,90,9.04,-13.994,-51.78
148,90,9.2,-16.98,-55.84
148,90,9.36,-18.474,-56.54
148,90,9.52,-13.092,-51.47
148,90,9.68,-18.96,-57.85
148,90,9.84,-18.796,-57.91
148,90,10,-23.37,-62.44
148,90,10.16,-19.998,-59.64
148,90,10.32,-23.332,-62.96
148,90,10.48,-13.538,-53.07
148,90,10.64,-13.738,-53.75
148,90,10.8,-17.82,-58.09
148,90,10.96,-16.636,-56.62
148,90,11.12,-14.016,-54.26
148,90,11.28,-14.006,-54.45
148,90,11.44,-10.342,-51.09
148,90,11.6,-14,-54.87
148,90,11.76,-14.314,-55.43
148,90,11.92,-13.244,-54.37
148,90,12.08,-14.44,-56.63
148,90,12.24,-15.804,-58.06
148,90,12.4,-13.47,-56.13
148,90,12.56,-12.49,-56.56
148,90,12.72,-15.844,-60.4
148,90,12.88,-16.776,-61.98
148,90,13.04,-20.908,-67.41
148,90,13.2,-23.02,-69.8
148,90,13.36,-29.224,-75.44
148,90,13.52,-26.402,-72.41
148,90,13.68,-19.02,-65.7
148,90,13.84,-22.808,-70.29
148,90,14,-27.64,-75.49
148,90,14.16,-22.956,-71.18
148,90,14.32,-23.146,-72.1
148,90,14.48,-18.024,-69.85
148,90,14.64,-21.724,-71.18
148,90,14.8,-20.34,-68.35
148,90,14.96,-19.782,-66.91
148,90,15.12,-15.05,-61.48
148,90,15.28,-19.7,-66.25
148,90,15.44,-19.686,-66
148,90,15.6,-20.17,-66.8
148,90,15.76,-24.748,-71.94
148,90,15.92,-24.042,-71.22
148,90,16.08,-25.362,-72.82
148,90,16.24,-22.024,-70.15
148,90,16.4,-25.3,-75.11
148,90,16.56,-23.858,-72.79
148,90,16.72,-22.328,-71.81
148,90,16.88,-21.004,-71.47
148,90,17.04,-21.326,-72.58
148,90,17.2,-32.37,-84.8
148,90,17.36,-34.246,-86.89
148,90,17.52,-18.386,-70.92
148,90,17.68,-20.052,-73.13
148,90,17.84,-19.828,-72.74
148,90,18,-16.95,-69.76
149,90,2,-11.36,-33.15
149,90,2.16,-11.348,-34.76
149,90,2.32,-10.846,-36.5
149,90,2.48,-12.564,-39.81
149,90,2.64,-12.108,-40.82
149,90,2.8,-12.3,-39.36
149,90,2.96,-17.438,-45.75
149,90,3.12,-15.056,-43.29
149,90,3.28,-11.422,-41.44
149,90,3.44,-16.342,-44.99
149,90,3.6,-6.17,-33.62
149,90,3.76,-7.014,-36.5
149,90,3.92,-9.61199999999999,-37.16
149,90,4.08,-11.452,-39.12
149,90,4.24,-10.796,-39.82
149,90,4.4,-8.96,-38.77
149,90,4.56,-5.326,-35.14
149,90,4.72,-5.034,-35.02
149,90,4.88,-6.84999999999999,-36.98
149,90,5.04,-12.47,-42.52
149,90,5.2,-9.39,-40.81
149,90,5.36,-9.37,-40.17
149,90,5.52,-8.798,-39.08
149,90,5.68,-7.82,-39.19
149,90,5.84,-10.992,-42.44
149,90,6,-9.57,-41.11
149,90,6.16,-17.68,-49.72
149,90,6.32,-12.768,-46.26
149,90,6.48,-11.936,-46.02
149,90,6.64,-14.928,-49.32
149,90,6.8,-10.4,-43.9
149,90,6.96,-8.912,-43.24
149,90,7.12,-17.036,-51.63
149,90,7.28,-11.582,-45.96
149,90,7.44,-17.146,-51.48
149,90,7.6,-16.17,-49.57
149,90,7.76,-13.628,-48.85
149,90,7.92,-15.652,-50.28
149,90,8.08,-20.866,-55.67
149,90,8.24,-15.162,-50.27
149,90,8.4,-16.29,-51.67
149,90,8.56,-16.752,-53.03
149,90,8.72,-12.018,-49.32
149,90,8.88,-12.548,-49.69
149,90,9.04,-12.074,-49.86
149,90,9.2,-20.84,-59.7
149,90,9.36,-17.264,-55.33
149,90,9.52,-12.092,-50.47
149,90,9.68,-14.3,-53.19
149,90,9.84,-16.376,-55.49
149,90,10,-23.99,-63.06
149,90,10.16,-22.928,-62.57
149,90,10.32,-20.192,-59.82
149,90,10.48,-17.388,-56.92
149,90,10.64,-18.308,-58.32
149,90,10.8,-17.17,-57.44
149,90,10.96,-11.676,-51.66
149,90,11.12,-13.736,-53.98
149,90,11.28,-15.506,-55.95
149,90,11.44,-12.832,-53.58
149,90,11.6,-13.43,-54.3
149,90,11.76,-13.084,-54.2
149,90,11.92,-10.244,-51.37
149,90,12.08,-12.38,-54.57
149,90,12.24,-18.454,-60.71
149,90,12.4,-15.99,-58.65
149,90,12.56,-14.07,-58.14
149,90,12.72,-16.044,-60.6
149,90,12.88,-16.256,-61.46
149,90,13.04,-16.598,-63.1
149,90,13.2,-24.93,-71.71
149,90,13.36,-27.854,-74.07
149,90,13.52,-27.262,-73.27
149,90,13.68,-20.9,-67.58
149,90,13.84,-28.808,-76.29
149,90,14,-25.4,-73.25
149,90,14.16,-13.606,-61.83
149,90,14.32,-15.426,-64.38
149,90,14.48,-17.784,-69.61
149,90,14.64,-15.364,-64.82
149,90,14.8,-13.19,-61.2
149,90,14.96,-15.162,-62.29
149,90,15.12,-15.2,-61.63
149,90,15.28,-25.94,-72.49
149,90,15.44,-23.776,-70.09
149,90,15.6,-20.18,-66.81
149,90,15.76,-24.108,-71.3
149,90,15.92,-37.412,-84.59
149,90,16.08,-24.032,-71.49
149,90,16.24,-23.984,-72.11
149,90,16.4,-27.74,-77.55
149,90,16.56,-28.578,-77.51
149,90,16.72,-23.318,-72.8
149,90,16.88,-26.324,-76.79
149,90,17.04,-19.056,-70.31
149,90,17.2,-19.19,-71.62
149,90,17.36,-25.966,-78.61
149,90,17.52,-24.896,-77.43
149,90,17.68,-39.532,-92.61
149,90,17.84,-19.628,-72.54
149,90,18,-20.52,-73.33
150,90,2,-10.4,-32.19
150,90,2.16,-11.498,-34.91
150,90,2.32,-10.976,-36.63
150,90,2.48,-12.734,-39.98
150,90,2.64,-14.018,-42.73
150,90,2.8,-16.26,-43.32
150,90,2.96,-17.698,-46.01
150,90,3.12,-15.646,-43.88
150,90,3.28,-10.052,-40.07
150,90,3.44,-20.152,-48.8
150,90,3.6,-7.35,-34.8
150,90,3.76,-7.78400000000001,-37.27
150,90,3.92,-9.732,-37.28
150,90,4.08,-11.642,-39.31
150,90,4.24,-12.116,-41.14
150,90,4.4,-9.57,-39.38
150,90,4.56,-4.926,-34.74
150,90,4.72,-5.05399999999999,-35.04
150,90,4.88,-6.31,-36.44
150,90,5.04,-12.4,-42.45
150,90,5.2,-10.95,-42.37
150,90,5.36,-10.66,-41.46
150,90,5.52,-8.708,-38.99
150,90,5.68,-7.09,-38.46
150,90,5.84,-10.782,-42.23
150,90,6,-9.1,-40.64
150,90,6.16,-20.14,-52.18
150,90,6.32,-12.928,-46.42
150,90,6.48,-11.916,-46
150,90,6.64,-12.458,-46.85
150,90,6.8,-11.13,-44.63
150,90,6.96,-9.54199999999999,-43.87
150,90,7.12,-17.566,-52.16
150,90,7.28,-12.692,-47.07
150,90,7.44,-17.016,-51.35
150,90,7.6,-15.1,-48.5
150,90,7.76,-12.048,-47.27
150,90,7.92,-13.692,-48.32
150,90,8.08,-18.156,-52.96
150,90,8.24,-16.112,-51.22
150,90,8.4,-15.46,-50.84
150,90,8.56,-18.672,-54.95
150,90,8.72,-11.218,-48.52
150,90,8.88,-10.758,-47.9
150,90,9.04,-10.314,-48.1
150,90,9.2,-19.33,-58.19
150,90,9.36,-16.734,-54.8
150,90,9.52,-13.462,-51.84
150,90,9.68,-13.17,-52.06
150,90,9.84,-15.136,-54.25
150,90,10,-26.86,-65.93
150,90,10.16,-23.358,-63
150,90,10.32,-21.022,-60.65
150,90,10.48,-23.538,-63.07
150,90,10.64,-21.498,-61.51
150,90,10.8,-16.08,-56.35
150,90,10.96,-11.406,-51.39
150,90,11.12,-13.516,-53.76
150,90,11.28,-12.836,-53.28
150,90,11.44,-12.912,-53.66
150,90,11.6,-14.56,-55.43
150,90,11.76,-13.094,-54.21
150,90,11.92,-9.164,-50.29
150,90,12.08,-10.58,-52.77
150,90,12.24,-13.994,-56.25
150,90,12.4,-13.61,-56.27
150,90,12.56,-15.54,-59.61
150,90,12.72,-22.044,-66.6
150,90,12.88,-25.726,-70.93
150,90,13.04,-19.628,-66.13
150,90,13.2,-22.26,-69.04
150,90,13.36,-25.554,-71.77
150,90,13.52,-19.782,-65.79
150,90,13.68,-19.27,-65.95
150,90,13.84,-25.948,-73.43
150,90,14,-23.39,-71.24
150,90,14.16,-13.706,-61.93
150,90,14.32,-17.116,-66.07
150,90,14.48,-20.394,-72.22
150,90,14.64,-11.334,-60.79
150,90,14.8,-19.47,-67.48
150,90,14.96,-18.142,-65.27
150,90,15.12,-17.23,-63.66
150,90,15.28,-22.67,-69.22
150,90,15.44,-25.976,-72.29
150,90,15.6,-16.65,-63.28
150,90,15.76,-18.098,-65.29
150,90,15.92,-20.302,-67.48
150,90,16.08,-26.952,-74.41
150,90,16.24,-31.244,-79.37
150,90,16.4,-37.25,-87.06
150,90,16.56,-29.358,-78.29
150,90,16.72,-29.118,-78.6
150,90,16.88,-21.204,-71.67
150,90,17.04,-24.726,-75.98
150,90,17.2,-21.12,-73.55
150,90,17.36,-30.796,-83.44
150,90,17.52,-19.316,-71.85
150,90,17.68,-28.532,-81.61
150,90,17.84,-27.868,-80.78
150,90,18,-25.76,-78.57
151,90,2,-9.66,-31.45
151,90,2.16,-11.228,-34.64
151,90,2.32,-11.566,-37.22
151,90,2.48,-12.724,-39.97
151,90,2.64,-16.158,-44.87
151,90,2.8,-20.86,-47.92
151,90,2.96,-15.368,-43.68
151,90,3.12,-16.376,-44.61
151,90,3.28,-9.162,-39.18
151,90,3.44,-20.132,-48.78
151,90,3.6,-9.46,-36.91
151,90,3.76,-9.14400000000001,-38.63
151,90,3.92,-9.602,-37.15
151,90,4.08,-10.632,-38.3
151,90,4.24,-12.626,-41.65
151,90,4.4,-10.79,-40.6
151,90,4.56,-5.066,-34.88
151,90,4.72,-5.934,-35.92
151,90,4.88,-6.82,-36.95
151,90,5.04,-11.55,-41.6
151,90,5.2,-10.46,-41.88
151,90,5.36,-11.48,-42.28
151,90,5.52,-9.078,-39.36
151,90,5.68,-7.29,-38.66
151,90,5.84,-10.972,-42.42
151,90,6,-8.7,-40.24
151,90,6.16,-18.99,-51.03
151,90,6.32,-13.478,-46.97
151,90,6.48,-11.876,-45.96
151,90,6.64,-11.538,-45.93
151,90,6.8,-12,-45.5
151,90,6.96,-10.102,-44.43
151,90,7.12,-16.336,-50.93
151,90,7.28,-13.742,-48.12
151,90,7.44,-15.276,-49.61
151,90,7.6,-14.62,-48.02
151,90,7.76,-12.038,-47.26
151,90,7.92,-13.412,-48.04
151,90,8.08,-16.476,-51.28
151,90,8.24,-18.502,-53.61
151,90,8.4,-13.72,-49.1
151,90,8.56,-17.832,-54.11
151,90,8.72,-11.388,-48.69
151,90,8.88,-10.348,-47.49
151,90,9.04,-9.974,-47.76
151,90,9.2,-14.17,-53.03
151,90,9.36,-15.984,-54.05
151,90,9.52,-14.802,-53.18
151,90,9.68,-14.41,-53.3
151,90,9.84,-17.566,-56.68
151,90,10,-21.37,-60.44
151,90,10.16,-24.178,-63.82
151,90,10.32,-29.392,-69.02
151,90,10.48,-23.348,-62.88
151,90,10.64,-21.898,-61.91
151,90,10.8,-21.96,-62.23
151,90,10.96,-13.366,-53.35
151,90,11.12,-15.536,-55.78
151,90,11.28,-10.756,-51.2
151,90,11.44,-11.092,-51.84
151,90,11.6,-13.98,-54.85
151,90,11.76,-14.024,-55.14
151,90,11.92,-12.024,-53.15
151,90,12.08,-12.65,-54.84
151,90,12.24,-12.944,-55.2
151,90,12.4,-12.97,-55.63
151,90,12.56,-14.56,-58.63
151,90,12.72,-24.754,-69.31
151,90,12.88,-20.536,-65.74
151,90,13.04,-22.508,-69.01
151,90,13.2,-16.69,-63.47
151,90,13.36,-18.334,-64.55
151,90,13.52,-19.382,-65.39
151,90,13.68,-16.34,-63.02
151,90,13.84,-22.598,-70.08
151,90,14,-27.33,-75.18
151,90,14.16,-15.336,-63.56
151,90,14.32,-18.706,-67.66
151,90,14.48,-16.594,-68.42
151,90,14.64,-13.424,-62.88
151,90,14.8,-22.73,-70.74
151,90,14.96,-19.692,-66.82
151,90,15.12,-22.77,-69.2
151,90,15.28,-27.19,-73.74
151,90,15.44,-20.046,-66.36
151,90,15.6,-18.64,-65.27
151,90,15.76,-24.878,-72.07
151,90,15.92,-31.602,-78.78
151,90,16.08,-24.152,-71.61
151,90,16.24,-27.894,-76.02
151,90,16.4,-26.81,-76.62
151,90,16.56,-30.038,-78.97
151,90,16.72,-36.478,-85.96
151,90,16.88,-21.164,-71.63
151,90,17.04,-32.166,-83.42
151,90,17.2,-25.93,-78.36
151,90,17.36,-23.886,-76.53
151,90,17.52,-29.526,-82.06
151,90,17.68,-32.252,-85.33
151,90,17.84,-23.458,-76.37
151,90,18,-16.17,-68.98
152,90,2,-9.06,-30.85
152,90,2.16,-10.628,-34.04
152,90,2.32,-11.906,-37.56
152,90,2.48,-13.214,-40.46
152,90,2.64,-18.128,-46.84
152,90,2.8,-18.37,-45.43
152,90,2.96,-11.828,-40.14
152,90,3.12,-16.066,-44.3
152,90,3.28,-8.852,-38.87
152,90,3.44,-16.942,-45.59
152,90,3.6,-12.19,-39.64
152,90,3.76,-11.014,-40.5
152,90,3.92,-9.092,-36.64
152,90,4.08,-9.572,-37.24
152,90,4.24,-11.896,-40.92
152,90,4.4,-12.35,-42.16
152,90,4.56,-5.806,-35.62
152,90,4.72,-7.714,-37.7
152,90,4.88,-7.97,-38.1
152,90,5.04,-10.82,-40.87
152,90,5.2,-9.56,-40.98
152,90,5.36,-11,-41.8
152,90,5.52,-10.208,-40.49
152,90,5.68,-8.1,-39.47
152,90,5.84,-11.272,-42.72
152,90,6,-8.8,-40.34
152,90,6.16,-15.37,-47.41
152,90,6.32,-14.008,-47.5
152,90,6.48,-12.946,-47.03
152,90,6.64,-11.488,-45.88
152,90,6.8,-13,-46.5
152,90,6.96,-11.422,-45.75
152,90,7.12,-13.576,-48.17
152,90,7.28,-14.432,-48.81
152,90,7.44,-14.056,-48.39
152,90,7.6,-14.24,-47.64
152,90,7.76,-13.158,-48.38
152,90,7.92,-14.722,-49.35
152,90,8.08,-15.746,-50.55
152,90,8.24,-16.622,-51.73
152,90,8.4,-12.23,-47.61
152,90,8.56,-13.382,-49.66
152,90,8.72,-12.248,-49.55
152,90,8.88,-10.568,-47.71
152,90,9.04,-11.004,-48.79
152,90,9.2,-11.82,-50.68
152,90,9.36,-14.904,-52.97
152,90,9.52,-13.262,-51.64
152,90,9.68,-15.94,-54.83
152,90,9.84,-16.686,-55.8
152,90,10,-14.52,-53.59
152,90,10.16,-21.558,-61.2
152,90,10.32,-26.222,-65.85
152,90,10.48,-28.498,-68.03
152,90,10.64,-18.798,-58.81
152,90,10.8,-21.59,-61.86
152,90,10.96,-16.396,-56.38
152,90,11.12,-14.256,-54.5
152,90,11.28,-11.966,-52.41
152,90,11.44,-10.402,-51.15
152,90,11.6,-14.24,-55.11
152,90,11.76,-11.574,-52.69
152,90,11.92,-11.964,-53.09
152,90,12.08,-15.71,-57.9
152,90,12.24,-14.654,-56.91
152,90,12.4,-15.55,-58.21
152,90,12.56,-14.46,-58.53
152,90,12.72,-20.834,-65.39
152,90,12.88,-13.956,-59.16
152,90,13.04,-16.058,-62.56
152,90,13.2,-18.75,-65.53
152,90,13.36,-21.464,-67.68
152,90,13.52,-18.882,-64.89
152,90,13.68,-18.97,-65.65
152,90,13.84,-23.628,-71.11
152,90,14,-20.66,-68.51
152,90,14.16,-21.806,-70.03
152,90,14.32,-18.426,-67.38
152,90,14.48,-17.614,-69.44
152,90,14.64,-18.034,-67.49
152,90,14.8,-17.54,-65.55
152,90,14.96,-20.162,-67.29
152,90,15.12,-28.94,-75.37
152,90,15.28,-23.48,-70.03
152,90,15.44,-24.616,-70.93
152,90,15.6,-21.7,-68.33
152,90,15.76,-30.608,-77.8
152,90,15.92,-27.642,-74.82
152,90,16.08,-17.842,-65.3
152,90,16.24,-20.794,-68.92
152,90,16.4,-24.56,-74.37
152,90,16.56,-25.198,-74.13
152,90,16.72,-24.708,-74.19
152,90,16.88,-20.584,-71.05
152,90,17.04,-20.056,-71.31
152,90,17.2,-21.02,-73.45
152,90,17.36,-32.106,-84.75
152,90,17.52,-18.256,-70.79
152,90,17.68,-25.002,-78.08
152,90,17.84,-20.778,-73.69
152,90,18,-23.19,-76
153,90,2,-8.58,-30.37
153,90,2.16,-10.088,-33.5
153,90,2.32,-12.936,-38.59
153,90,2.48,-14.074,-41.32
153,90,2.64,-19.838,-48.55
153,90,2.8,-14.55,-41.61
153,90,2.96,-9.288,-37.6
153,90,3.12,-14.636,-42.87
153,90,3.28,-9.07200000000001,-39.09
153,90,3.44,-14.882,-43.53
153,90,3.6,-14.99,-42.44
153,90,3.76,-12.814,-42.3
153,90,3.92,-8.442,-35.99
153,90,4.08,-8.482,-36.15
153,90,4.24,-10.566,-39.59
153,90,4.4,-14.25,-44.06
153,90,4.56,-6.596,-36.41
153,90,4.72,-10.484,-40.47
153,90,4.88,-9.84,-39.97
153,90,5.04,-9.81,-39.86
153,90,5.2,-8.57,-39.99
153,90,5.36,-9.52,-40.32
153,90,5.52,-11.588,-41.87
153,90,5.68,-8.8,-40.17
153,90,5.84,-11.232,-42.68
153,90,6,-9.71,-41.25
153,90,6.16,-13.56,-45.6
153,90,6.32,-15.578,-49.07
153,90,6.48,-13.526,-47.61
153,90,6.64,-12.218,-46.61
153,90,6.8,-13.67,-47.17
153,90,6.96,-12.372,-46.7
153,90,7.12,-11.166,-45.76
153,90,7.28,-14.512,-48.89
153,90,7.44,-13.356,-47.69
153,90,7.6,-13.74,-47.14
153,90,7.76,-14.278,-49.5
153,90,7.92,-15.762,-50.39
153,90,8.08,-14.996,-49.8
153,90,8.24,-15.092,-50.2
153,90,8.4,-10.93,-46.31
153,90,8.56,-10.662,-46.94
153,90,8.72,-11.058,-48.36
153,90,8.88,-10.958,-48.1
153,90,9.04,-12.894,-50.68
153,90,9.2,-10.87,-49.73
153,90,9.36,-12.664,-50.73
153,90,9.52,-11.092,-49.47
153,90,9.68,-14.38,-53.27
153,90,9.84,-17.106,-56.22
153,90,10,-16.77,-55.84
153,90,10.16,-22.138,-61.78
153,90,10.32,-23.882,-63.51
153,90,10.48,-31.228,-70.76
153,90,10.64,-20.418,-60.43
153,90,10.8,-17.64,-57.91
153,90,10.96,-16.366,-56.35
153,90,11.12,-13.236,-53.48
153,90,11.28,-13.176,-53.62
153,90,11.44,-13.342,-54.09
153,90,11.6,-12.97,-53.84
153,90,11.76,-10.374,-51.49
153,90,11.92,-11.304,-52.43
153,90,12.08,-14.3,-56.49
153,90,12.24,-16.084,-58.34
153,90,12.4,-16.65,-59.31
153,90,12.56,-14.09,-58.16
153,90,12.72,-22.094,-66.65
153,90,12.88,-14.696,-59.9
153,90,13.04,-16.068,-62.57
153,90,13.2,-18.66,-65.44
153,90,13.36,-21.934,-68.15
153,90,13.52,-17.502,-63.51
153,90,13.68,-18.45,-65.13
153,90,13.84,-25.538,-73.02
153,90,14,-18.75,-66.6
153,90,14.16,-13.976,-62.2
153,90,14.32,-18.516,-67.47
153,90,14.48,-15.404,-67.23
153,90,14.64,-16.404,-65.86
153,90,14.8,-22.12,-70.13
153,90,14.96,-19.992,-67.12
153,90,15.12,-27.28,-73.71
153,90,15.28,-24.86,-71.41
153,90,15.44,-24.676,-70.99
153,90,15.6,-24.94,-71.57
153,90,15.76,-24.558,-71.75
153,90,15.92,-25.932,-73.11
153,90,16.08,-25.822,-73.28
153,90,16.24,-30.624,-78.75
153,90,16.4,-38.67,-88.48
153,90,16.56,-28.818,-77.75
153,90,16.72,-26.228,-75.71
153,90,16.88,-23.374,-73.84
153,90,17.04,-22.716,-73.97
153,90,17.2,-20.65,-73.08
153,90,17.36,-23.166,-75.81
153,90,17.52,-21.916,-74.45
153,90,17.68,-23.132,-76.21
153,90,17.84,-21.278,-74.19
153,90,18,-24.86,-77.67
154,90,2,-8.35,-30.14
154,90,2.16,-9.618,-33.03
154,90,2.32,-13.716,-39.37
154,90,2.48,-15.464,-42.71
154,90,2.64,-20.178,-48.89
154,90,2.8,-12.64,-39.7
154,90,2.96,-7.568,-35.88
154,90,3.12,-12.716,-40.95
154,90,3.28,-10.102,-40.12
154,90,3.44,-14.582,-43.23
154,90,3.6,-17.3,-44.75
154,90,3.76,-14.184,-43.67
154,90,3.92,-8.142,-35.69
154,90,4.08,-7.862,-35.53
154,90,4.24,-9.506,-38.53
154,90,4.4,-14.56,-44.37
154,90,4.56,-7.606,-37.42
154,90,4.72,-12.874,-42.86
154,90,4.88,-11.36,-41.49
154,90,5.04,-8.85999999999999,-38.91
154,90,5.2,-8.15,-39.57
154,90,5.36,-7.88,-38.68
154,90,5.52,-12.268,-42.55
154,90,5.68,-9.53,-40.9
154,90,5.84,-11.262,-42.71
154,90,6,-11,-42.54
154,90,6.16,-12.28,-44.32
154,90,6.32,-16.368,-49.86
154,90,6.48,-12.896,-46.98
154,90,6.64,-13.118,-47.51
154,90,6.8,-13.02,-46.52
154,90,6.96,-14.352,-48.68
154,90,7.12,-10.206,-44.8
154,90,7.28,-14.252,-48.63
154,90,7.44,-12.626,-46.96
154,90,7.6,-13.27,-46.67
154,90,7.76,-14.938,-50.16
154,90,7.92,-14.652,-49.28
154,90,8.08,-14.076,-48.88
154,90,8.24,-12.302,-47.41
154,90,8.4,-12.15,-47.53
154,90,8.56,-9.20199999999999,-45.48
154,90,8.72,-8.568,-45.87
154,90,8.88,-11.238,-48.38
154,90,9.04,-13.194,-50.98
154,90,9.2,-11.62,-50.48
154,90,9.36,-11.554,-49.62
154,90,9.52,-10.372,-48.75
154,90,9.68,-11.18,-50.07
154,90,9.84,-14.626,-53.74
154,90,10,-27.22,-66.29
154,90,10.16,-19.198,-58.84
154,90,10.32,-16.662,-56.29
154,90,10.48,-21.078,-60.61
154,90,10.64,-22.228,-62.24
154,90,10.8,-16.88,-57.15
154,90,10.96,-18.276,-58.26
154,90,11.12,-12.976,-53.22
154,90,11.28,-12.466,-52.91
154,90,11.44,-14.522,-55.27
154,90,11.6,-14,-54.87
154,90,11.76,-11.954,-53.07
154,90,11.92,-13.064,-54.19
154,90,12.08,-14.81,-57
154,90,12.24,-13.854,-56.11
154,90,12.4,-13.66,-56.32
154,90,12.56,-17.03,-61.1
154,90,12.72,-19.874,-64.43
154,90,12.88,-19.616,-64.82
154,90,13.04,-17.238,-63.74
154,90,13.2,-18.74,-65.52
154,90,13.36,-20.564,-66.78
154,90,13.52,-16.662,-62.67
154,90,13.68,-19.56,-66.24
154,90,13.84,-25.478,-72.96
154,90,14,-16.32,-64.17
154,90,14.16,-18.226,-66.45
154,90,14.32,-23.736,-72.69
154,90,14.48,-12.584,-64.41
154,90,14.64,-12.634,-62.09
154,90,14.8,-20.95,-68.96
154,90,14.96,-25.612,-72.74
154,90,15.12,-20.89,-67.32
154,90,15.28,-26.42,-72.97
154,90,15.44,-26.396,-72.71
154,90,15.6,-32.01,-78.64
154,90,15.76,-30.928,-78.12
154,90,15.92,-24.432,-71.61
154,90,16.08,-20.642,-68.1
154,90,16.24,-26.344,-74.47
154,90,16.4,-27.76,-77.57
154,90,16.56,-34.338,-83.27
154,90,16.72,-23.308,-72.79
154,90,16.88,-30.394,-80.86
154,90,17.04,-25.166,-76.42
154,90,17.2,-18.89,-71.32
154,90,17.36,-23.146,-75.79
154,90,17.52,-27.296,-79.83
154,90,17.68,-26.302,-79.38
154,90,17.84,-23.898,-76.81
154,90,18,-30.32,-83.13
155,90,2,-8.29,-30.08
155,90,2.16,-9.258,-32.67
155,90,2.32,-15.016,-40.67
155,90,2.48,-16.704,-43.95
155,90,2.64,-18.748,-47.46
155,90,2.8,-12.05,-39.11
155,90,2.96,-6.63800000000001,-34.95
155,90,3.12,-11.386,-39.62
155,90,3.28,-11.732,-41.75
155,90,3.44,-15.422,-44.07
155,90,3.6,-17.36,-44.81
155,90,3.76,-15.604,-45.09
155,90,3.92,-8.072,-35.62
155,90,4.08,-8.012,-35.68
155,90,4.24,-8.716,-37.74
155,90,4.4,-13.75,-43.56
155,90,4.56,-8.306,-38.12
155,90,4.72,-14.274,-44.26
155,90,4.88,-11.97,-42.1
155,90,5.04,-8.37,-38.42
155,90,5.2,-8.57,-39.99
155,90,5.36,-6.94,-37.74
155,90,5.52,-10.908,-41.19
155,90,5.68,-10.34,-41.71
155,90,5.84,-11.632,-43.08
155,90,6,-12.25,-43.79
155,90,6.16,-13.42,-45.46
155,90,6.32,-17.008,-50.5
155,90,6.48,-12.176,-46.26
155,90,6.64,-13.578,-47.97
155,90,6.8,-11.77,-45.27
155,90,6.96,-16.452,-50.78
155,90,7.12,-10.496,-45.09
155,90,7.28,-13.682,-48.06
155,90,7.44,-11.286,-45.62
155,90,7.6,-12.26,-45.66
155,90,7.76,-14.458,-49.68
155,90,7.92,-13.792,-48.42
155,90,8.08,-13.176,-47.98
155,90,8.24,-11.962,-47.07
155,90,8.4,-13.09,-48.47
155,90,8.56,-10.132,-46.41
155,90,8.72,-8.028,-45.33
155,90,8.88,-10.738,-47.88
155,90,9.04,-10.844,-48.63
155,90,9.2,-12.21,-51.07
155,90,9.36,-13.324,-51.39
155,90,9.52,-12.092,-50.47
155,90,9.68,-10.39,-49.28
155,90,9.84,-11.566,-50.68
155,90,10,-30.54,-69.61
155,90,10.16,-20.868,-60.51
155,90,10.32,-17.542,-57.17
155,90,10.48,-20.938,-60.47
155,90,10.64,-23.158,-63.17
155,90,10.8,-15.75,-56.02
155,90,10.96,-18.166,-58.15
155,90,11.12,-14.816,-55.06
155,90,11.28,-12.816,-53.26
155,90,11.44,-14.072,-54.82
155,90,11.6,-12.58,-53.45
155,90,11.76,-14.254,-55.37
155,90,11.92,-14.554,-55.68
155,90,12.08,-14.41,-56.6
155,90,12.24,-14.614,-56.87
155,90,12.4,-13.05,-55.71
155,90,12.56,-15.67,-59.74
155,90,12.72,-21.774,-66.33
155,90,12.88,-32.036,-77.24
155,90,13.04,-18.048,-64.55
155,90,13.2,-22.1,-68.88
155,90,13.36,-25.494,-71.71
155,90,13.52,-19.462,-65.47
155,90,13.68,-22.5,-69.18
155,90,13.84,-19.518,-67
155,90,14,-15.64,-63.49
155,90,14.16,-25.766,-73.99
155,90,14.32,-18.606,-67.56
155,90,14.48,-18.134,-69.96
155,90,14.64,-12.824,-62.28
155,90,14.8,-24.22,-72.23
155,90,14.96,-26.992,-74.12
155,90,15.12,-17.53,-63.96
155,90,15.28,-27.23,-73.78
155,90,15.44,-39.046,-85.36
155,90,15.6,-29.98,-76.61
155,90,15.76,-22.178,-69.37
155,90,15.92,-46.102,-93.28
155,90,16.08,-24.652,-72.11
155,90,16.24,-38.854,-86.98
155,90,16.4,-21.88,-71.69
155,90,16.56,-21.738,-70.67
155,90,16.72,-28.048,-77.53
155,90,16.88,-22.794,-73.26
155,90,17.04,-20.566,-71.82
155,90,17.2,-36.33,-88.76
155,90,17.36,-31.286,-83.93
155,90,17.52,-25.586,-78.12
155,90,17.68,-21.832,-74.91
155,90,17.84,-29.968,-82.88
155,90,18,-23.37,-76.18
156,90,2,-8.46,-30.25
156,90,2.16,-9.158,-32.57
156,90,2.32,-16.056,-41.71
156,90,2.48,-17.164,-44.41
156,90,2.64,-16.928,-45.64
156,90,2.8,-12.74,-39.8
156,90,2.96,-6.38800000000001,-34.7
156,90,3.12,-10.476,-38.71
156,90,3.28,-14.402,-44.42
156,90,3.44,-17.972,-46.62
156,90,3.6,-15.44,-42.89
156,90,3.76,-16.964,-46.45
156,90,3.92,-8.472,-36.02
156,90,4.08,-8.652,-36.32
156,90,4.24,-8.786,-37.81
156,90,4.4,-12.64,-42.45
156,90,4.56,-8.736,-38.55
156,90,4.72,-13.594,-43.58
156,90,4.88,-11.7,-41.83
156,90,5.04,-8.45999999999999,-38.51
156,90,5.2,-9.48999999999999,-40.91
156,90,5.36,-7.13,-37.93
156,90,5.52,-9.368,-39.65
156,90,5.68,-11.38,-42.75
156,90,5.84,-11.752,-43.2
156,90,6,-12.36,-43.9
156,90,6.16,-15.05,-47.09
156,90,6.32,-17.138,-50.63
156,90,6.48,-11.456,-45.54
156,90,6.64,-14.658,-49.05
156,90,6.8,-11.34,-44.84
156,90,6.96,-17.512,-51.84
156,90,7.12,-10.936,-45.53
156,90,7.28,-13.312,-47.69
156,90,7.44,-10.296,-44.63
156,90,7.6,-11.53,-44.93
156,90,7.76,-13.808,-49.03
156,90,7.92,-12.922,-47.55
156,90,8.08,-12.116,-46.92
156,90,8.24,-11.832,-46.94
156,90,8.4,-12.34,-47.72
156,90,8.56,-13.082,-49.36
156,90,8.72,-9.328,-46.63
156,90,8.88,-9.73800000000001,-46.88
156,90,9.04,-8.624,-46.41
156,90,9.2,-11.56,-50.42
156,90,9.36,-16.294,-54.36
156,90,9.52,-14.072,-52.45
156,90,9.68,-11.92,-50.81
156,90,9.84,-12.806,-51.92
156,90,10,-19.09,-58.16
156,90,10.16,-19.128,-58.77
156,90,10.32,-19.132,-58.76
156,90,10.48,-29.858,-69.39
156,90,10.64,-18.468,-58.48
156,90,10.8,-14.19,-54.46
156,90,10.96,-14.136,-54.12
156,90,11.12,-18.586,-58.83
156,90,11.28,-16.726,-57.17
156,90,11.44,-13.532,-54.28
156,90,11.6,-12.25,-53.12
156,90,11.76,-15.314,-56.43
156,90,11.92,-15.404,-56.53
156,90,12.08,-14.16,-56.35
156,90,12.24,-15.104,-57.36
156,90,12.4,-19.6,-62.26
156,90,12.56,-17.63,-61.7
156,90,12.72,-26.384,-70.94
156,90,12.88,-20.386,-65.59
156,90,13.04,-22.348,-68.85
156,90,13.2,-20.75,-67.53
156,90,13.36,-21.444,-67.66
156,90,13.52,-21.572,-67.58
156,90,13.68,-26.3,-72.98
156,90,13.84,-23.668,-71.15
156,90,14,-23.43,-71.28
156,90,14.16,-22.156,-70.38
156,90,14.32,-15.496,-64.45
156,90,14.48,-18.704,-70.53
156,90,14.64,-18.104,-67.56
156,90,14.8,-21.8,-69.81
156,90,14.96,-26.742,-73.87
156,90,15.12,-23.45,-69.88
156,90,15.28,-24.1,-70.65
156,90,15.44,-27.476,-73.79
156,90,15.6,-26.24,-72.87
156,90,15.76,-22.858,-70.05
156,90,15.92,-38.192,-85.37
156,90,16.08,-24.742,-72.2
156,90,16.24,-26.604,-74.73
156,90,16.4,-18.9,-68.71
156,90,16.56,-23.528,-72.46
156,90,16.72,-22.248,-71.73
156,90,16.88,-27.604,-78.07
156,90,17.04,-20.366,-71.62
156,90,17.2,-23,-75.43
156,90,17.36,-34.086,-86.73
156,90,17.52,-24.816,-77.35
156,90,17.68,-26.142,-79.22
156,90,17.84,-21.728,-74.64
156,90,18,-19.98,-72.79
157,90,2,-8.87,-30.66
157,90,2.16,-9.148,-32.56
157,90,2.32,-17.386,-43.04
157,90,2.48,-16.494,-43.74
157,90,2.64,-14.558,-43.27
157,90,2.8,-14.72,-41.78
157,90,2.96,-6.918,-35.23
157,90,3.12,-10.076,-38.31
157,90,3.28,-17.542,-47.56
157,90,3.44,-21.512,-50.16
157,90,3.6,-12.54,-39.99
157,90,3.76,-15.694,-45.18
157,90,3.92,-9.702,-37.25
157,90,4.08,-9.952,-37.62
157,90,4.24,-9.326,-38.35
157,90,4.4,-11.45,-41.26
157,90,4.56,-8.446,-38.26
157,90,4.72,-12.504,-42.49
157,90,4.88,-11.06,-41.19
157,90,5.04,-8.81999999999999,-38.87
157,90,5.2,-11.17,-42.59
157,90,5.36,-8.39,-39.19
157,90,5.52,-8.388,-38.67
157,90,5.68,-11.72,-43.09
157,90,5.84,-12.712,-44.16
157,90,6,-11.04,-42.58
157,90,6.16,-15.83,-47.87
157,90,6.32,-15.898,-49.39
157,90,6.48,-11.616,-45.7
157,90,6.64,-15.718,-50.11
157,90,6.8,-11.62,-45.12
157,90,6.96,-15.952,-50.28
157,90,7.12,-11.246,-45.84
157,90,7.28,-12.112,-46.49
157,90,7.44,-10.356,-44.69
157,90,7.6,-10.57,-43.97
157,90,7.76,-13.268,-48.49
157,90,7.92,-13.422,-48.05
157,90,8.08,-12.496,-47.3
157,90,8.24,-12.792,-47.9
157,90,8.4,-11.19,-46.57
157,90,8.56,-14.362,-50.64
157,90,8.72,-12.138,-49.44
157,90,8.88,-9.428,-46.57
157,90,9.04,-8.10400000000001,-45.89
157,90,9.2,-10.04,-48.9
157,90,9.36,-15.804,-53.87
157,90,9.52,-12.702,-51.08
157,90,9.68,-14.06,-52.95
157,90,9.84,-12.756,-51.87
157,90,10,-12.5,-51.57
157,90,10.16,-14.518,-54.16
157,90,10.32,-18.072,-57.7
157,90,10.48,-22.598,-62.13
157,90,10.64,-16.998,-57.01
157,90,10.8,-15.15,-55.42
157,90,10.96,-14.796,-54.78
157,90,11.12,-17.066,-57.31
157,90,11.28,-17.726,-58.17
157,90,11.44,-16.562,-57.31
157,90,11.6,-14.14,-55.01
157,90,11.76,-15.894,-57.01
157,90,11.92,-14.644,-55.77
157,90,12.08,-13.37,-55.56
157,90,12.24,-14.954,-57.21
157,90,12.4,-20.8,-63.46
157,90,12.56,-27.16,-71.23
157,90,12.72,-24.674,-69.23
157,90,12.88,-19.336,-64.54
157,90,13.04,-25.048,-71.55
157,90,13.2,-19.96,-66.74
157,90,13.36,-27.134,-73.35
157,90,13.52,-19.762,-65.77
157,90,13.68,-19.54,-66.22
157,90,13.84,-25.118,-72.6
157,90,14,-33.27,-81.12
157,90,14.16,-20.446,-68.67
157,90,14.32,-17.306,-66.26
157,90,14.48,-29.844,-81.67
157,90,14.64,-22.534,-71.99
157,90,14.8,-20.73,-68.74
157,90,14.96,-20.492,-67.62
157,90,15.12,-19.88,-66.31
157,90,15.28,-22.97,-69.52
157,90,15.44,-26.936,-73.25
157,90,15.6,-33.3,-79.93
157,90,15.76,-33.968,-81.16
157,90,15.92,-26.192,-73.37
157,90,16.08,-22.402,-69.86
157,90,16.24,-28.614,-76.74
157,90,16.4,-16.75,-66.56
157,90,16.56,-23.978,-72.91
157,90,16.72,-27.848,-77.33
157,90,16.88,-23.804,-74.27
157,90,17.04,-17.776,-69.03
157,90,17.2,-16.82,-69.25
157,90,17.36,-24.596,-77.24
157,90,17.52,-33.336,-85.87
157,90,17.68,-34.452,-87.53
157,90,17.84,-23.098,-76.01
157,90,18,-24.72,-77.53
158,90,2,-9.53,-31.32
158,90,2.16,-9.548,-32.96
158,90,2.32,-18.116,-43.77
158,90,2.48,-14.344,-41.59
158,90,2.64,-12.758,-41.47
158,90,2.8,-18.45,-45.51
158,90,2.96,-8.198,-36.51
158,90,3.12,-10.516,-38.75
158,90,3.28,-23.042,-53.06
158,90,3.44,-20.562,-49.21
158,90,3.6,-10.28,-37.73
158,90,3.76,-13.054,-42.54
158,90,3.92,-11.232,-38.78
158,90,4.08,-11.492,-39.16
158,90,4.24,-10.286,-39.31
158,90,4.4,-10.37,-40.18
158,90,4.56,-8.016,-37.83
158,90,4.72,-11.354,-41.34
158,90,4.88,-10.2,-40.33
158,90,5.04,-8.88,-38.93
158,90,5.2,-12.17,-43.59
158,90,5.36,-10.38,-41.18
158,90,5.52,-8.168,-38.45
158,90,5.68,-11.16,-42.53
158,90,5.84,-13.932,-45.38
158,90,6,-9.52,-41.06
158,90,6.16,-14.77,-46.81
158,90,6.32,-15.898,-49.39
158,90,6.48,-12.296,-46.38
158,90,6.64,-17.598,-51.99
158,90,6.8,-13.03,-46.53
158,90,6.96,-13.702,-48.03
158,90,7.12,-10.986,-45.58
158,90,7.28,-11.592,-45.97
158,90,7.44,-10.686,-45.02
158,90,7.6,-10.66,-44.06
158,90,7.76,-12.918,-48.14
158,90,7.92,-14.282,-48.91
158,90,8.08,-13.156,-47.96
158,90,8.24,-12.882,-47.99
158,90,8.4,-10.62,-46
158,90,8.56,-13.322,-49.6
158,90,8.72,-14.358,-51.66
158,90,8.88,-10.808,-47.95
158,90,9.04,-9.16400000000001,-46.95
158,90,9.2,-10.56,-49.42
158,90,9.36,-14.654,-52.72
158,90,9.52,-12.762,-51.14
158,90,9.68,-15.14,-54.03
158,90,9.84,-13.306,-52.42
158,90,10,-12.23,-51.3
158,90,10.16,-14.918,-54.56
158,90,10.32,-16.672,-56.3
158,90,10.48,-15.748,-55.28
158,90,10.64,-17.008,-57.02
158,90,10.8,-17.83,-58.1
158,90,10.96,-16.606,-56.59
158,90,11.12,-14.896,-55.14
158,90,11.28,-15.596,-56.04
158,90,11.44,-18.112,-58.86
158,90,11.6,-16.76,-57.63
158,90,11.76,-18.024,-59.14
158,90,11.92,-17.714,-58.84
158,90,12.08,-18.95,-61.14
158,90,12.24,-18.764,-61.02
158,90,12.4,-29.71,-72.37
158,90,12.56,-29.08,-73.15
158,90,12.72,-25.984,-70.54
158,90,12.88,-19.406,-64.61
158,90,13.04,-26.638,-73.14
158,90,13.2,-56.74,-103.52
158,90,13.36,-26.274,-72.49
158,90,13.52,-22.492,-68.5
158,90,13.68,-24.68,-71.36
158,90,13.84,-22.318,-69.8
158,90,14,-24.77,-72.62
158,90,14.16,-20.496,-68.72
158,90,14.32,-23.346,-72.3
158,90,14.48,-21.984,-73.81
158,90,14.64,-21.844,-71.3
158,90,14.8,-23.01,-71.02
158,90,14.96,-19.582,-66.71
158,90,15.12,-23.87,-70.3
158,90,15.28,-32.78,-79.33
158,90,15.44,-28.456,-74.77
158,90,15.6,-30.96,-77.59
158,90,15.76,-18.068,-65.26
158,90,15.92,-24.382,-71.56
158,90,16.08,-28.402,-75.86
158,90,16.24,-21.074,-69.2
158,90,16.4,-20.63,-70.44
158,90,16.56,-25.318,-74.25
158,90,16.72,-25.838,-75.32
158,90,16.88,-28.194,-78.66
158,90,17.04,-26.726,-77.98
158,90,17.2,-28.85,-81.28
158,90,17.36,-27.576,-80.22
158,90,17.52,-33.016,-85.55
158,90,17.68,-27.692,-80.77
158,90,17.84,-27.968,-80.88
158,90,18,-27.59,-80.4
159,90,2,-10.35,-32.14
159,90,2.16,-10.078,-33.49
159,90,2.32,-18.856,-44.51
159,90,2.48,-13.004,-40.25
159,90,2.64,-11.338,-40.05
159,90,2.8,-22.62,-49.68
159,90,2.96,-10.348,-38.66
159,90,3.12,-11.786,-40.02
159,90,3.28,-31.712,-61.73
159,90,3.44,-17.282,-45.93
159,90,3.6,-8.91,-36.36
159,90,3.76,-10.244,-39.73
159,90,3.92,-13.072,-40.62
159,90,4.08,-12.882,-40.55
159,90,4.24,-11.446,-40.47
159,90,4.4,-9.77,-39.58
159,90,4.56,-7.376,-37.19
159,90,4.72,-10.744,-40.73
159,90,4.88,-9.47,-39.6
159,90,5.04,-8.3,-38.35
159,90,5.2,-11.34,-42.76
159,90,5.36,-13.66,-44.46
159,90,5.52,-8.718,-39
159,90,5.68,-10.06,-41.43
159,90,5.84,-15.772,-47.22
159,90,6,-8.41,-39.95
159,90,6.16,-13.99,-46.03
159,90,6.32,-15.898,-49.39
159,90,6.48,-13.266,-47.35
159,90,6.64,-19.198,-53.59
159,90,6.8,-14.46,-47.96
159,90,6.96,-11.372,-45.7
159,90,7.12,-10.896,-45.49
159,90,7.28,-10.772,-45.15
159,90,7.44,-10.936,-45.27
159,90,7.6,-12.09,-45.49
159,90,7.76,-13.018,-48.24
159,90,7.92,-15.562,-50.19
159,90,8.08,-14.186,-48.99
159,90,8.24,-13.302,-48.41
159,90,8.4,-10.8,-46.18
159,90,8.56,-11.142,-47.42
159,90,8.72,-14.228,-51.53
159,90,8.88,-12.738,-49.88
159,90,9.04,-9.70400000000001,-47.49
159,90,9.2,-10.89,-49.75
159,90,9.36,-13.224,-51.29
159,90,9.52,-13.112,-51.49
159,90,9.68,-13.14,-52.03
159,90,9.84,-12.626,-51.74
159,90,10,-13.66,-52.73
159,90,10.16,-13.558,-53.2
159,90,10.32,-16.762,-56.39
159,90,10.48,-13.428,-52.96
159,90,10.64,-15.578,-55.59
159,90,10.8,-16.75,-57.02
159,90,10.96,-17.306,-57.29
159,90,11.12,-19.036,-59.28
159,90,11.28,-16.916,-57.36
159,90,11.44,-18.752,-59.5
159,90,11.6,-16.23,-57.1
159,90,11.76,-17.034,-58.15
159,90,11.92,-19.764,-60.89
159,90,12.08,-23.38,-65.57
159,90,12.24,-29.094,-71.35
159,90,12.4,-37.58,-80.24
159,90,12.56,-31.82,-75.89
159,90,12.72,-32.294,-76.85
159,90,12.88,-32.736,-77.94
159,90,13.04,-26.828,-73.33
159,90,13.2,-25.03,-71.81
159,90,13.36,-25.804,-72.02
159,90,13.52,-24.782,-70.79
159,90,13.68,-16.21,-62.89
159,90,13.84,-38.468,-85.95
159,90,14,-23.89,-71.74
159,90,14.16,-17.936,-66.16
159,90,14.32,-18.026,-66.98
159,90,14.48,-24.274,-76.1
159,90,14.64,-19.484,-68.94
159,90,14.8,-23.94,-71.95
159,90,14.96,-27.642,-74.77
159,90,15.12,-23.33,-69.76
159,90,15.28,-27.59,-74.14
159,90,15.44,-26.606,-72.92
159,90,15.6,-24.42,-71.05
159,90,15.76,-17.098,-64.29
159,90,15.92,-28.612,-75.79
159,90,16.08,-33.942,-81.4
159,90,16.24,-27.914,-76.04
159,90,16.4,-26.44,-76.25
159,90,16.56,-30.238,-79.17
159,90,16.72,-20.608,-70.09
159,90,16.88,-26.094,-76.56
159,90,17.04,-28.656,-79.91
159,90,17.2,-18.92,-71.35
159,90,17.36,-26.156,-78.8
159,90,17.52,-17.356,-69.89
159,90,17.68,-19.232,-72.31
159,90,17.84,-18.548,-71.46
159,90,18,-27.86,-80.67
160,90,2,-11.6,-33.39
160,90,2.16,-11.038,-34.45
160,90,2.32,-19.666,-45.32
160,90,2.48,-11.494,-38.74
160,90,2.64,-10.078,-38.79
160,90,2.8,-17.87,-44.93
160,90,2.96,-13.708,-42.02
160,90,3.12,-13.936,-42.17
160,90,3.28,-31.372,-61.39
160,90,3.44,-15.132,-43.78
160,90,3.6,-8.3,-35.75
160,90,3.76,-8.504,-37.99
160,90,3.92,-15.052,-42.6
160,90,4.08,-13.582,-41.25
160,90,4.24,-12.936,-41.96
160,90,4.4,-9.07,-38.88
160,90,4.56,-6.676,-36.49
160,90,4.72,-10.394,-40.38
160,90,4.88,-9.25,-39.38
160,90,5.04,-7.98,-38.03
160,90,5.2,-10.54,-41.96
160,90,5.36,-16.45,-47.25
160,90,5.52,-9.738,-40.02
160,90,5.68,-9.03,-40.4
160,90,5.84,-20.052,-51.5
160,90,6,-8.42,-39.96
160,90,6.16,-13.62,-45.66
160,90,6.32,-14.968,-48.46
160,90,6.48,-14.506,-48.59
160,90,6.64,-17.448,-51.84
160,90,6.8,-16.47,-49.97
160,90,6.96,-9.992,-44.32
160,90,7.12,-10.736,-45.33
160,90,7.28,-11.022,-45.4
160,90,7.44,-12.226,-46.56
160,90,7.6,-14.48,-47.88
160,90,7.76,-13.708,-48.93
160,90,7.92,-14.082,-48.71
160,90,8.08,-14.226,-49.03
160,90,8.24,-13.032,-48.14
160,90,8.4,-11.61,-46.99
160,90,8.56,-10.512,-46.79
160,90,8.72,-11.758,-49.06
160,90,8.88,-14.438,-51.58
160,90,9.04,-9.41400000000001,-47.2
160,90,9.2,-10.68,-49.54
160,90,9.36,-14.754,-52.82
160,90,9.52,-14.152,-52.53
160,90,9.68,-10.97,-49.86
160,90,9.84,-12.686,-51.8
160,90,10,-14.31,-53.38
160,90,10.16,-13.888,-53.53
160,90,10.32,-14.952,-54.58
160,90,10.48,-12.558,-52.09
160,90,10.64,-13.278,-53.29
160,90,10.8,-16.8,-57.07
160,90,10.96,-16.146,-56.13
160,90,11.12,-19.706,-59.95
160,90,11.28,-18.576,-59.02
160,90,11.44,-17.782,-58.53
160,90,11.6,-14.82,-55.69
160,90,11.76,-22.334,-63.45
160,90,11.92,-24.764,-65.89
160,90,12.08,-30.34,-72.53
160,90,12.24,-23.834,-66.09
160,90,12.4,-25.25,-67.91
160,90,12.56,-25.75,-69.82
160,90,12.72,-22.804,-67.36
160,90,12.88,-30.646,-75.85
160,90,13.04,-28.378,-74.88
160,90,13.2,-20.44,-67.22
160,90,13.36,-23.494,-69.71
160,90,13.52,-26.722,-72.73
160,90,13.68,-23.58,-70.26
160,90,13.84,-25.878,-73.36
160,90,14,-20.97,-68.82
160,90,14.16,-15.466,-63.69
160,90,14.32,-13.976,-62.93
160,90,14.48,-19.944,-71.77
160,90,14.64,-15.704,-65.16
160,90,14.8,-17.44,-65.45
160,90,14.96,-25.222,-72.35
160,90,15.12,-18.66,-65.09
160,90,15.28,-19.14,-65.69
160,90,15.44,-23.866,-70.18
160,90,15.6,-51.11,-97.74
160,90,15.76,-22.708,-69.9
160,90,15.92,-28.842,-76.02
160,90,16.08,-27.102,-74.56
160,90,16.24,-27.184,-75.31
160,90,16.4,-21.8,-71.61
160,90,16.56,-27.928,-76.86
160,90,16.72,-26.458,-75.94
160,90,16.88,-39.444,-89.91
160,90,17.04,-38.966,-90.22
160,90,17.2,-19.77,-72.2
160,90,17.36,-25.386,-78.03
160,90,17.52,-18.926,-71.46
160,90,17.68,-19.402,-72.48
160,90,17.84,-22.368,-75.28
160,90,18,-23.26,-76.07
161,90,2,-13.01,-34.8
161,90,2.16,-12.268,-35.68
161,90,2.32,-19.846,-45.5
161,90,2.48,-10.904,-38.15
161,90,2.64,-9.378,-38.09
161,90,2.8,-13.67,-40.73
161,90,2.96,-18.128,-46.44
161,90,3.12,-16.716,-44.95
161,90,3.28,-26.052,-56.07
161,90,3.44,-13.932,-42.58
161,90,3.6,-8.58,-36.03
161,90,3.76,-7.624,-37.11
161,90,3.92,-15.952,-43.5
161,90,4.08,-12.982,-40.65
161,90,4.24,-13.906,-42.93
161,90,4.4,-9.08,-38.89
161,90,4.56,-6.446,-36.26
161,90,4.72,-10.214,-40.2
161,90,4.88,-10.36,-40.49
161,90,5.04,-7.95,-38
161,90,5.2,-9.4,-40.82
161,90,5.36,-16.01,-46.81
161,90,5.52,-11.298,-41.58
161,90,5.68,-8.3,-39.67
161,90,5.84,-19.782,-51.23
161,90,6,-9.93,-41.47
161,90,6.16,-15.24,-47.28
161,90,6.32,-13.648,-47.14
161,90,6.48,-15.496,-49.58
161,90,6.64,-16.648,-51.04
161,90,6.8,-17.19,-50.69
161,90,6.96,-10.262,-44.59
161,90,7.12,-11.526,-46.12
161,90,7.28,-12.512,-46.89
161,90,7.44,-14.866,-49.2
161,90,7.6,-17.01,-50.41
161,90,7.76,-13.168,-48.39
161,90,7.92,-12.402,-47.03
161,90,8.08,-14.206,-49.01
161,90,8.24,-13.122,-48.23
161,90,8.4,-12.07,-47.45
161,90,8.56,-10.292,-46.57
161,90,8.72,-10.838,-48.14
161,90,8.88,-14.568,-51.71
161,90,9.04,-8.57400000000001,-46.36
161,90,9.2,-10.22,-49.08
161,90,9.36,-14.504,-52.57
161,90,9.52,-15.022,-53.4
161,90,9.68,-10.96,-49.85
161,90,9.84,-12.026,-51.14
161,90,10,-14.71,-53.78
161,90,10.16,-13.698,-53.34
161,90,10.32,-16.022,-55.65
161,90,10.48,-14.668,-54.2
161,90,10.64,-17.178,-57.19
161,90,10.8,-18.56,-58.83
161,90,10.96,-14.216,-54.2
161,90,11.12,-19.596,-59.84
161,90,11.28,-18.196,-58.64
161,90,11.44,-22.902,-63.65
161,90,11.6,-18.47,-59.34
161,90,11.76,-24.504,-65.62
161,90,11.92,-32.334,-73.46
161,90,12.08,-33.23,-75.42
161,90,12.24,-22.934,-65.19
161,90,12.4,-24.08,-66.74
161,90,12.56,-18.2,-62.27
161,90,12.72,-22.394,-66.95
161,90,12.88,-22.906,-68.11
161,90,13.04,-21.478,-67.98
161,90,13.2,-15.27,-62.05
161,90,13.36,-16.854,-63.07
161,90,13.52,-21.282,-67.29
161,90,13.68,-24.97,-71.65
161,90,13.84,-19.548,-67.03
161,90,14,-30.24,-78.09
161,90,14.16,-19.956,-68.18
161,90,14.32,-16.366,-65.32
161,90,14.48,-20.304,-72.13
161,90,14.64,-18.974,-68.43
161,90,14.8,-14.45,-62.46
161,90,14.96,-16.272,-63.4
161,90,15.12,-17.9,-64.33
161,90,15.28,-18.18,-64.73
161,90,15.44,-37.146,-83.46
161,90,15.6,-31.27,-77.9
161,90,15.76,-21.908,-69.1
161,90,15.92,-26.992,-74.17
161,90,16.08,-23.412,-70.87
161,90,16.24,-27.534,-75.66
161,90,16.4,-18.2,-68.01
161,90,16.56,-21.958,-70.89
161,90,16.72,-22.518,-72
161,90,16.88,-22.684,-73.15
161,90,17.04,-25.876,-77.13
161,90,17.2,-23.8,-76.23
161,90,17.36,-19.516,-72.16
161,90,17.52,-19.146,-71.68
161,90,17.68,-20.182,-73.26
161,90,17.84,-25.318,-78.23
161,90,18,-24.2,-77.01
162,90,2,-14.77,-36.56
162,90,2.16,-13.708,-37.12
162,90,2.32,-18.426,-44.08
162,90,2.48,-10.554,-37.8
162,90,2.64,-9.248,-37.96
162,90,2.8,-11.21,-38.27
162,90,2.96,-19.398,-47.71
162,90,3.12,-22.646,-50.88
162,90,3.28,-21.182,-51.2
162,90,3.44,-13.502,-42.15
162,90,3.6,-9.74,-37.19
162,90,3.76,-7.804,-37.29
162,90,3.92,-16.592,-44.14
162,90,4.08,-11.242,-38.91
162,90,4.24,-14.056,-43.08
162,90,4.4,-9.43,-39.24
162,90,4.56,-6.506,-36.32
162,90,4.72,-9.74399999999999,-39.73
162,90,4.88,-12.69,-42.82
162,90,5.04,-8.59,-38.64
162,90,5.2,-8.91,-40.33
162,90,5.36,-13.49,-44.29
162,90,5.52,-12.888,-43.17
162,90,5.68,-8.17,-39.54
162,90,5.84,-14.972,-46.42
162,90,6,-12.98,-44.52
162,90,6.16,-17.59,-49.63
162,90,6.32,-12.508,-46
162,90,6.48,-16.086,-50.17
162,90,6.64,-15.968,-50.36
162,90,6.8,-15.28,-48.78
162,90,6.96,-12.322,-46.65
162,90,7.12,-13.126,-47.72
162,90,7.28,-13.782,-48.16
162,90,7.44,-19.576,-53.91
162,90,7.6,-18.33,-51.73
162,90,7.76,-12.498,-47.72
162,90,7.92,-11.172,-45.8
162,90,8.08,-13.356,-48.16
162,90,8.24,-13.582,-48.69
162,90,8.4,-12.27,-47.65
162,90,8.56,-11.332,-47.61
162,90,8.72,-10.618,-47.92
162,90,8.88,-13.018,-50.16
162,90,9.04,-8.28400000000001,-46.07
162,90,9.2,-10.71,-49.57
162,90,9.36,-14.214,-52.28
162,90,9.52,-12.962,-51.34
162,90,9.68,-9.92,-48.81
162,90,9.84,-12.356,-51.47
162,90,10,-13.89,-52.96
162,90,10.16,-13.008,-52.65
162,90,10.32,-14.842,-54.47
162,90,10.48,-16.488,-56.02
162,90,10.64,-20.978,-60.99
162,90,10.8,-22.38,-62.65
162,90,10.96,-14.346,-54.33
162,90,11.12,-18.496,-58.74
162,90,11.28,-18.926,-59.37
162,90,11.44,-23.582,-64.33
162,90,11.6,-19.89,-60.76
162,90,11.76,-21.114,-62.23
162,90,11.92,-21.254,-62.38
162,90,12.08,-30.27,-72.46
162,90,12.24,-23.174,-65.43
162,90,12.4,-21.84,-64.5
162,90,12.56,-20.03,-64.1
162,90,12.72,-22.644,-67.2
162,90,12.88,-36.306,-81.51
162,90,13.04,-17.978,-64.48
162,90,13.2,-15.65,-62.43
162,90,13.36,-19.024,-65.24
162,90,13.52,-19.922,-65.93
162,90,13.68,-37.6,-84.28
162,90,13.84,-22.728,-70.21
162,90,14,-43.64,-91.49
162,90,14.16,-19.406,-67.63
162,90,14.32,-25.146,-74.1
162,90,14.48,-24.364,-76.19
162,90,14.64,-13.514,-62.97
162,90,14.8,-12.35,-60.36
162,90,14.96,-16.942,-64.07
162,90,15.12,-17.01,-63.44
162,90,15.28,-17.81,-64.36
162,90,15.44,-18.526,-64.84
162,90,15.6,-16.76,-63.39
162,90,15.76,-16.368,-63.56
162,90,15.92,-23.342,-70.52
162,90,16.08,-26.522,-73.98
162,90,16.24,-27.694,-75.82
162,90,16.4,-23.21,-73.02
162,90,16.56,-21.178,-70.11
162,90,16.72,-19.368,-68.85
162,90,16.88,-37.084,-87.55
162,90,17.04,-22.166,-73.42
162,90,17.2,-20.17,-72.6
162,90,17.36,-18.706,-71.35
162,90,17.52,-21.646,-74.18
162,90,17.68,-19.172,-72.25
162,90,17.84,-25.728,-78.64
162,90,18,-19.76,-72.57
163,90,2,-16.2,-37.99
163,90,2.16,-15.238,-38.65
163,90,2.32,-16.186,-41.84
163,90,2.48,-10.464,-37.71
163,90,2.64,-9.418,-38.13
163,90,2.8,-9.86,-36.92
163,90,2.96,-16.258,-44.57
163,90,3.12,-32.276,-60.51
163,90,3.28,-17.802,-47.82
163,90,3.44,-13.182,-41.83
163,90,3.6,-12.11,-39.56
163,90,3.76,-8.744,-38.23
163,90,3.92,-16.382,-43.93
163,90,4.08,-9.622,-37.29
163,90,4.24,-13.226,-42.25
163,90,4.4,-9.94,-39.75
163,90,4.56,-7.316,-37.13
163,90,4.72,-9.81399999999999,-39.8
163,90,4.88,-15.55,-45.68
163,90,5.04,-9.79,-39.84
163,90,5.2,-8.67,-40.09
163,90,5.36,-11.09,-41.89
163,90,5.52,-13.008,-43.29
163,90,5.68,-8.5,-39.87
163,90,5.84,-11.672,-43.12
163,90,6,-16.1,-47.64
163,90,6.16,-21.29,-53.33
163,90,6.32,-12.638,-46.13
163,90,6.48,-15.616,-49.7
163,90,6.64,-15.848,-50.24
163,90,6.8,-12.68,-46.18
163,90,6.96,-14.352,-48.68
163,90,7.12,-15.426,-50.02
163,90,7.28,-14.962,-49.34
163,90,7.44,-22.936,-57.27
163,90,7.6,-18.88,-52.28
163,90,7.76,-11.698,-46.92
163,90,7.92,-11.412,-46.04
163,90,8.08,-14.326,-49.13
163,90,8.24,-13.642,-48.75
163,90,8.4,-11.74,-47.12
163,90,8.56,-12.682,-48.96
163,90,8.72,-11.798,-49.1
163,90,8.88,-10.388,-47.53
163,90,9.04,-9.434,-47.22
163,90,9.2,-12.3,-51.16
163,90,9.36,-12.554,-50.62
163,90,9.52,-11.082,-49.46
163,90,9.68,-9.65,-48.54
163,90,9.84,-12.366,-51.48
163,90,10,-13.66,-52.73
163,90,10.16,-12.498,-52.14
163,90,10.32,-14.522,-54.15
163,90,10.48,-15.088,-54.62
163,90,10.64,-25.018,-65.03
163,90,10.8,-19.67,-59.94
163,90,10.96,-14.616,-54.6
163,90,11.12,-22.406,-62.65
163,90,11.28,-21.526,-61.97
163,90,11.44,-29.152,-69.9
163,90,11.6,-22.39,-63.26
163,90,11.76,-28.624,-69.74
163,90,11.92,-23.614,-64.74
163,90,12.08,-35.33,-77.52
163,90,12.24,-28.964,-71.22
163,90,12.4,-19.01,-61.67
163,90,12.56,-18.31,-62.38
163,90,12.72,-22.724,-67.28
163,90,12.88,-27.296,-72.5
163,90,13.04,-17.858,-64.36
163,90,13.2,-16.74,-63.52
163,90,13.36,-26.644,-72.86
163,90,13.52,-18.732,-64.74
163,90,13.68,-24.82,-71.5
163,90,13.84,-29.418,-76.9
163,90,14,-25.23,-73.08
163,90,14.16,-23.776,-72
163,90,14.32,-18.566,-67.52
163,90,14.48,-19.684,-71.51
163,90,14.64,-15.104,-64.56
163,90,14.8,-14.91,-62.92
163,90,14.96,-22.022,-69.15
163,90,15.12,-16.24,-62.67
163,90,15.28,-15.68,-62.23
163,90,15.44,-15.056,-61.37
163,90,15.6,-17.59,-64.22
163,90,15.76,-17.838,-65.03
163,90,15.92,-22.052,-69.23
163,90,16.08,-19.672,-67.13
163,90,16.24,-23.504,-71.63
163,90,16.4,-20.09,-69.9
163,90,16.56,-31.688,-80.62
163,90,16.72,-20.808,-70.29
163,90,16.88,-21.854,-72.32
163,90,17.04,-22.486,-73.74
163,90,17.2,-17.67,-70.1
163,90,17.36,-32.196,-84.84
163,90,17.52,-20.036,-72.57
163,90,17.68,-20.102,-73.18
163,90,17.84,-19.188,-72.1
163,90,18,-27.01,-79.82
164,90,2,-16.83,-38.62
164,90,2.16,-16.548,-39.96
164,90,2.32,-13.876,-39.53
164,90,2.48,-10.344,-37.59
164,90,2.64,-10.098,-38.81
164,90,2.8,-9.34,-36.4
164,90,2.96,-13.848,-42.16
164,90,3.12,-34.426,-62.66
164,90,3.28,-15.872,-45.89
164,90,3.44,-12.502,-41.15
164,90,3.6,-15.94,-43.39
164,90,3.76,-10.364,-39.85
164,90,3.92,-15.072,-42.62
164,90,4.08,-8.062,-35.73
164,90,4.24,-11.806,-40.83
164,90,4.4,-10.58,-40.39
164,90,4.56,-8.636,-38.45
164,90,4.72,-10.244,-40.23
164,90,4.88,-17.34,-47.47
164,90,5.04,-11.23,-41.28
164,90,5.2,-8.5,-39.92
164,90,5.36,-9.61,-40.41
164,90,5.52,-12.048,-42.33
164,90,5.68,-9.29,-40.66
164,90,5.84,-10.032,-41.48
164,90,6,-17.23,-48.77
164,90,6.16,-23.18,-55.22
164,90,6.32,-13.878,-47.37
164,90,6.48,-15.396,-49.48
164,90,6.64,-16.478,-50.87
164,90,6.8,-11.13,-44.63
164,90,6.96,-15.302,-49.63
164,90,7.12,-16.876,-51.47
164,90,7.28,-15.762,-50.14
164,90,7.44,-18.536,-52.87
164,90,7.6,-18.6,-52
164,90,7.76,-12.668,-47.89
164,90,7.92,-13.052,-47.68
164,90,8.08,-16.066,-50.87
164,90,8.24,-15.022,-50.13
164,90,8.4,-10.53,-45.91
164,90,8.56,-13.442,-49.72
164,90,8.72,-12.858,-50.16
164,90,8.88,-9.818,-46.96
164,90,9.04,-10.244,-48.03
164,90,9.2,-13.25,-52.11
164,90,9.36,-11.934,-50
164,90,9.52,-9.342,-47.72
164,90,9.68,-10.35,-49.24
164,90,9.84,-12.706,-51.82
164,90,10,-13.37,-52.44
164,90,10.16,-13.378,-53.02
164,90,10.32,-14.682,-54.31
164,90,10.48,-15.288,-54.82
164,90,10.64,-21.618,-61.63
164,90,10.8,-16.33,-56.6
164,90,10.96,-14.436,-54.42
164,90,11.12,-23.356,-63.6
164,90,11.28,-30.416,-70.86
164,90,11.44,-28.972,-69.72
164,90,11.6,-24.39,-65.26
164,90,11.76,-37.994,-79.11
164,90,11.92,-34.104,-75.23
164,90,12.08,-24.72,-66.91
164,90,12.24,-21.444,-63.7
164,90,12.4,-23.19,-65.85
164,90,12.56,-17.78,-61.85
164,90,12.72,-20.914,-65.47
164,90,12.88,-19.046,-64.25
164,90,13.04,-21.628,-68.13
164,90,13.2,-20.54,-67.32
164,90,13.36,-24.284,-70.5
164,90,13.52,-24.322,-70.33
164,90,13.68,-23.52,-70.2
164,90,13.84,-22.798,-70.28
164,90,14,-20.57,-68.42
164,90,14.16,-22.346,-70.57
164,90,14.32,-12.836,-61.79
164,90,14.48,-15.974,-67.8
164,90,14.64,-17.394,-66.85
164,90,14.8,-15.39,-63.4
164,90,14.96,-21.302,-68.43
164,90,15.12,-15.33,-61.76
164,90,15.28,-16.04,-62.59
164,90,15.44,-20.396,-66.71
164,90,15.6,-21.88,-68.51
164,90,15.76,-27.418,-74.61
164,90,15.92,-18.302,-65.48
164,90,16.08,-19.922,-67.38
164,90,16.24,-28.664,-76.79
164,90,16.4,-29.87,-79.68
164,90,16.56,-21.308,-70.24
164,90,16.72,-19.878,-69.36
164,90,16.88,-20.224,-70.69
164,90,17.04,-20.846,-72.1
164,90,17.2,-20.37,-72.8
164,90,17.36,-18.766,-71.41
164,90,17.52,-25.436,-77.97
164,90,17.68,-22.622,-75.7
164,90,17.84,-18.928,-71.84
164,90,18,-24.66,-77.47
165,90,2,-16.49,-38.28
165,90,2.16,-17.738,-41.15
165,90,2.32,-11.686,-37.34
165,90,2.48,-10.184,-37.43
165,90,2.64,-11.008,-39.72
165,90,2.8,-9.68,-36.74
165,90,2.96,-12.918,-41.23
165,90,3.12,-29.506,-57.74
165,90,3.28,-14.452,-44.47
165,90,3.44,-11.582,-40.23
165,90,3.6,-23.05,-50.5
165,90,3.76,-12.644,-42.13
165,90,3.92,-13.312,-40.86
165,90,4.08,-7.022,-34.69
165,90,4.24,-10.646,-39.67
165,90,4.4,-11.2,-41.01
165,90,4.56,-10.766,-40.58
165,90,4.72,-11.414,-41.4
165,90,4.88,-17.67,-47.8
165,90,5.04,-12.5,-42.55
165,90,5.2,-8.53,-39.95
165,90,5.36,-9.54000000000001,-40.34
165,90,5.52,-10.948,-41.23
165,90,5.68,-10.49,-41.86
165,90,5.84,-9.542,-40.99
165,90,6,-17.71,-49.25
165,90,6.16,-19.56,-51.6
165,90,6.32,-14.928,-48.42
165,90,6.48,-15.446,-49.53
165,90,6.64,-17.308,-51.7
165,90,6.8,-11.05,-44.55
165,90,6.96,-17.692,-52.02
165,90,7.12,-17.676,-52.27
165,90,7.28,-16.362,-50.74
165,90,7.44,-14.696,-49.03
165,90,7.6,-16.12,-49.52
165,90,7.76,-12.798,-48.02
165,90,7.92,-15.902,-50.53
165,90,8.08,-17.126,-51.93
165,90,8.24,-15.662,-50.77
165,90,8.4,-10.97,-46.35
165,90,8.56,-14.402,-50.68
165,90,8.72,-14.258,-51.56
165,90,8.88,-9.938,-47.08
165,90,9.04,-10.424,-48.21
165,90,9.2,-11.77,-50.63
165,90,9.36,-12.614,-50.68
165,90,9.52,-10.522,-48.9
165,90,9.68,-11.71,-50.6
165,90,9.84,-12.196,-51.31
165,90,10,-12.53,-51.6
165,90,10.16,-13.408,-53.05
165,90,10.32,-16.292,-55.92
165,90,10.48,-15.698,-55.23
165,90,10.64,-18.598,-58.61
165,90,10.8,-16.5,-56.77
165,90,10.96,-14.376,-54.36
165,90,11.12,-20.786,-61.03
165,90,11.28,-27.896,-68.34
165,90,11.44,-23.632,-64.38
165,90,11.6,-22.03,-62.9
165,90,11.76,-29.654,-70.77
165,90,11.92,-28.324,-69.45
165,90,12.08,-30.54,-72.73
165,90,12.24,-22.494,-64.75
165,90,12.4,-27.81,-70.47
165,90,12.56,-18.95,-63.02
165,90,12.72,-28.844,-73.4
165,90,12.88,-28.816,-74.02
165,90,13.04,-21.238,-67.74
165,90,13.2,-22.25,-69.03
165,90,13.36,-21.994,-68.21
165,90,13.52,-27.472,-73.48
165,90,13.68,-18.37,-65.05
165,90,13.84,-17.238,-64.72
165,90,14,-28.03,-75.88
165,90,14.16,-17.826,-66.05
165,90,14.32,-14.726,-63.68
165,90,14.48,-19.804,-71.63
165,90,14.64,-15.184,-64.64
165,90,14.8,-15.62,-63.63
165,90,14.96,-17.702,-64.83
165,90,15.12,-13.91,-60.34
165,90,15.28,-18.12,-64.67
165,90,15.44,-37.116,-83.43
165,90,15.6,-20.84,-67.47
165,90,15.76,-15.248,-62.44
165,90,15.92,-16.942,-64.12
165,90,16.08,-18.822,-66.28
165,90,16.24,-23.954,-72.08
165,90,16.4,-27.82,-77.63
165,90,16.56,-22.938,-71.87
165,90,16.72,-20.778,-70.26
165,90,16.88,-20.044,-70.51
165,90,17.04,-31.516,-82.77
165,90,17.2,-19.29,-71.72
165,90,17.36,-19.806,-72.45
165,90,17.52,-34.476,-87.01
165,90,17.68,-18.102,-71.18
165,90,17.84,-22.178,-75.09
165,90,18,-47.16,-99.97
166,90,2,-15.44,-37.23
166,90,2.16,-17.848,-41.26
166,90,2.32,-10.176,-35.83
166,90,2.48,-9.55399999999999,-36.8
166,90,2.64,-12.478,-41.19
166,90,2.8,-10.81,-37.87
166,90,2.96,-12.038,-40.35
166,90,3.12,-32.446,-60.68
166,90,3.28,-14.352,-44.37
166,90,3.44,-10.852,-39.5
166,90,3.6,-31.48,-58.93
166,90,3.76,-15.304,-44.79
166,90,3.92,-12.072,-39.62
166,90,4.08,-6.602,-34.27
166,90,4.24,-9.746,-38.77
166,90,4.4,-11.52,-41.33
166,90,4.56,-13.016,-42.83
166,90,4.72,-12.324,-42.31
166,90,4.88,-14.81,-44.94
166,90,5.04,-13.43,-43.48
166,90,5.2,-8.7,-40.12
166,90,5.36,-10.31,-41.11
166,90,5.52,-10.298,-40.58
166,90,5.68,-11.63,-43
166,90,5.84,-10.432,-41.88
166,90,6,-18.55,-50.09
166,90,6.16,-16.27,-48.31
166,90,6.32,-15.628,-49.12
166,90,6.48,-17.936,-52.02
166,90,6.64,-17.118,-51.51
166,90,6.8,-12.93,-46.43
166,90,6.96,-18.312,-52.64
166,90,7.12,-15.686,-50.28
166,90,7.28,-17.372,-51.75
166,90,7.44,-12.396,-46.73
166,90,7.6,-13.68,-47.08
166,90,7.76,-13.238,-48.46
166,90,7.92,-18.262,-52.89
166,90,8.08,-16.146,-50.95
166,90,8.24,-16.452,-51.56
166,90,8.4,-12.27,-47.65
166,90,8.56,-14.832,-51.11
166,90,8.72,-14.878,-52.18
166,90,8.88,-11.978,-49.12
166,90,9.04,-9.654,-47.44
166,90,9.2,-10.6,-49.46
166,90,9.36,-13.094,-51.16
166,90,9.52,-12.492,-50.87
166,90,9.68,-12.78,-51.67
166,90,9.84,-13.966,-53.08
166,90,10,-11.62,-50.69
166,90,10.16,-12.368,-52.01
166,90,10.32,-15.292,-54.92
166,90,10.48,-15.828,-55.36
166,90,10.64,-18.458,-58.47
166,90,10.8,-18.98,-59.25
166,90,10.96,-15.686,-55.67
166,90,11.12,-22.876,-63.12
166,90,11.28,-19.896,-60.34
166,90,11.44,-18.972,-59.72
166,90,11.6,-17.18,-58.05
166,90,11.76,-21.674,-62.79
166,90,11.92,-24.784,-65.91
166,90,12.08,-38.32,-80.51
166,90,12.24,-26.264,-68.52
166,90,12.4,-23.16,-65.82
166,90,12.56,-26.73,-70.8
166,90,12.72,-31.054,-75.61
166,90,12.88,-40.056,-85.26
166,90,13.04,-25.408,-71.91
166,90,13.2,-21.48,-68.26
166,90,13.36,-19.964,-66.18
166,90,13.52,-26.112,-72.12
166,90,13.68,-20.36,-67.04
166,90,13.84,-22.098,-69.58
166,90,14,-30.66,-78.51
166,90,14.16,-19.916,-68.14
166,90,14.32,-17.456,-66.41
166,90,14.48,-13.694,-65.52
166,90,14.64,-13.164,-62.62
166,90,14.8,-21.19,-69.2
166,90,14.96,-18.702,-65.83
166,90,15.12,-14.51,-60.94
166,90,15.28,-15.19,-61.74
166,90,15.44,-22.676,-68.99
166,90,15.6,-17.51,-64.14
166,90,15.76,-19.468,-66.66
166,90,15.92,-17.662,-64.84
166,90,16.08,-28.982,-76.44
166,90,16.24,-25.584,-73.71
166,90,16.4,-20.15,-69.96
166,90,16.56,-24.508,-73.44
166,90,16.72,-19.778,-69.26
166,90,16.88,-39.174,-89.64
166,90,17.04,-27.476,-78.73
166,90,17.2,-19.22,-71.65
166,90,17.36,-32.066,-84.71
166,90,17.52,-32.396,-84.93
166,90,17.68,-26.322,-79.4
166,90,17.84,-21.878,-74.79
166,90,18,-17.71,-70.52
167,90,2,-14.34,-36.13
167,90,2.16,-18.668,-42.08
167,90,2.32,-9.076,-34.73
167,90,2.48,-8.91399999999999,-36.16
167,90,2.64,-14.118,-42.83
167,90,2.8,-12.76,-39.82
167,90,2.96,-11.198,-39.51
167,90,3.12,-25.806,-54.04
167,90,3.28,-15.482,-45.5
167,90,3.44,-10.312,-38.96
167,90,3.6,-22.62,-50.07
167,90,3.76,-17.214,-46.7
167,90,3.92,-11.222,-38.77
167,90,4.08,-6.812,-34.48
167,90,4.24,-9.63599999999999,-38.66
167,90,4.4,-12.22,-42.03
167,90,4.56,-15.376,-45.19
167,90,4.72,-13.664,-43.65
167,90,4.88,-12.47,-42.6
167,90,5.04,-12.34,-42.39
167,90,5.2,-9.23999999999999,-40.66
167,90,5.36,-11.94,-42.74
167,90,5.52,-10.638,-40.92
167,90,5.68,-12.55,-43.92
167,90,5.84,-11.902,-43.35
167,90,6,-18.96,-50.5
167,90,6.16,-14.33,-46.37
167,90,6.32,-13.958,-47.45
167,90,6.48,-21.156,-55.24
167,90,6.64,-16.618,-51.01
167,90,6.8,-14.74,-48.24
167,90,6.96,-14.772,-49.1
167,90,7.12,-13.196,-47.79
167,90,7.28,-18.782,-53.16
167,90,7.44,-11.936,-46.27
167,90,7.6,-12.74,-46.14
167,90,7.76,-14.188,-49.41
167,90,7.92,-20.012,-54.64
167,90,8.08,-14.726,-49.53
167,90,8.24,-15.622,-50.73
167,90,8.4,-15.03,-50.41
167,90,8.56,-14.162,-50.44
167,90,8.72,-15.428,-52.73
167,90,8.88,-14.018,-51.16
167,90,9.04,-9.39400000000001,-47.18
167,90,9.2,-10.04,-48.9
167,90,9.36,-12.704,-50.77
167,90,9.52,-14.492,-52.87
167,90,9.68,-13.89,-52.78
167,90,9.84,-16.186,-55.3
167,90,10,-12.34,-51.41
167,90,10.16,-13.918,-53.56
167,90,10.32,-15.142,-54.77
167,90,10.48,-17.788,-57.32
167,90,10.64,-16.238,-56.25
167,90,10.8,-17.96,-58.23
167,90,10.96,-16.946,-56.93
167,90,11.12,-22.236,-62.48
167,90,11.28,-18.036,-58.48
167,90,11.44,-18.412,-59.16
167,90,11.6,-17.89,-58.76
167,90,11.76,-22.164,-63.28
167,90,11.92,-21.954,-63.08
167,90,12.08,-30.77,-72.96
167,90,12.24,-21.294,-63.55
167,90,12.4,-18.24,-60.9
167,90,12.56,-20.19,-64.26
167,90,12.72,-29.584,-74.14
167,90,12.88,-31.216,-76.42
167,90,13.04,-17.668,-64.17
167,90,13.2,-21.95,-68.73
167,90,13.36,-25.884,-72.1
167,90,13.52,-26.472,-72.48
167,90,13.68,-26.5,-73.18
167,90,13.84,-21.998,-69.48
167,90,14,-20.29,-68.14
167,90,14.16,-16.686,-64.91
167,90,14.32,-19.596,-68.55
167,90,14.48,-13.614,-65.44
167,90,14.64,-12.024,-61.48
167,90,14.8,-22,-70.01
167,90,14.96,-19.472,-66.6
167,90,15.12,-13.18,-59.61
167,90,15.28,-13.66,-60.21
167,90,15.44,-21.576,-67.89
167,90,15.6,-26.03,-72.66
167,90,15.76,-23.798,-70.99
167,90,15.92,-18.462,-65.64
167,90,16.08,-19.792,-67.25
167,90,16.24,-18.644,-66.77
167,90,16.4,-18.97,-68.78
167,90,16.56,-23.718,-72.65
167,90,16.72,-16.078,-65.56
167,90,16.88,-22.934,-73.4
167,90,17.04,-32.366,-83.62
167,90,17.2,-24.59,-77.02
167,90,17.36,-22.496,-75.14
167,90,17.52,-35.696,-88.23
167,90,17.68,-28.202,-81.28
167,90,17.84,-24.488,-77.4
167,90,18,-25.3,-78.11
168,90,2,-13.18,-34.97
168,90,2.16,-19.518,-42.93
168,90,2.32,-8.156,-33.81
168,90,2.48,-8.154,-35.4
168,90,2.64,-14.998,-43.71
168,90,2.8,-15.62,-42.68
168,90,2.96,-10.158,-38.47
168,90,3.12,-18.816,-47.05
168,90,3.28,-17.102,-47.12
168,90,3.44,-10.762,-39.41
168,90,3.6,-18.95,-46.4
168,90,3.76,-19.194,-48.68
168,90,3.92,-11.222,-38.77
168,90,4.08,-7.812,-35.48
168,90,4.24,-9.996,-39.02
168,90,4.4,-13.82,-43.63
168,90,4.56,-17.236,-47.05
168,90,4.72,-14.174,-44.16
168,90,4.88,-10.45,-40.58
168,90,5.04,-9.63999999999999,-39.69
168,90,5.2,-9.72,-41.14
168,90,5.36,-14.29,-45.09
168,90,5.52,-11.548,-41.83
168,90,5.68,-13.67,-45.04
168,90,5.84,-12.822,-44.27
168,90,6,-17.34,-48.88
168,90,6.16,-14.21,-46.25
168,90,6.32,-12.958,-46.45
168,90,6.48,-22.646,-56.73
168,90,6.64,-16.878,-51.27
168,90,6.8,-16,-49.5
168,90,6.96,-11.752,-46.08
168,90,7.12,-11.196,-45.79
168,90,7.28,-19.742,-54.12
168,90,7.44,-12.576,-46.91
168,90,7.6,-13.29,-46.69
168,90,7.76,-15.238,-50.46
168,90,7.92,-16.932,-51.56
168,90,8.08,-13.986,-48.79
168,90,8.24,-13.212,-48.32
168,90,8.4,-14.97,-50.35
168,90,8.56,-15.042,-51.32
168,90,8.72,-15.128,-52.43
168,90,8.88,-17.528,-54.67
168,90,9.04,-9.82400000000001,-47.61
168,90,9.2,-11.58,-50.44
168,90,9.36,-14.254,-52.32
168,90,9.52,-15.142,-53.52
168,90,9.68,-13.58,-52.47
168,90,9.84,-15.886,-55
168,90,10,-12.59,-51.66
168,90,10.16,-15.458,-55.1
168,90,10.32,-15.272,-54.9
168,90,10.48,-17.048,-56.58
168,90,10.64,-16.438,-56.45
168,90,10.8,-17.07,-57.34
168,90,10.96,-13.886,-53.87
168,90,11.12,-19.036,-59.28
168,90,11.28,-18.716,-59.16
168,90,11.44,-20.572,-61.32
168,90,11.6,-22.8,-63.67
168,90,11.76,-25.384,-66.5
168,90,11.92,-21.184,-62.31
168,90,12.08,-27.65,-69.84
168,90,12.24,-19.774,-62.03
168,90,12.4,-18.76,-61.42
168,90,12.56,-24.36,-68.43
168,90,12.72,-28.784,-73.34
168,90,12.88,-22.456,-67.66
168,90,13.04,-17.868,-64.37
168,90,13.2,-21.72,-68.5
168,90,13.36,-33.724,-79.94
168,90,13.52,-26.482,-72.49
168,90,13.68,-21.46,-68.14
168,90,13.84,-33.638,-81.12
168,90,14,-17.17,-65.02
168,90,14.16,-17.756,-65.98
168,90,14.32,-22.186,-71.14
168,90,14.48,-20.014,-71.84
168,90,14.64,-14.124,-63.58
168,90,14.8,-24.43,-72.44
168,90,14.96,-19.552,-66.68
168,90,15.12,-14.55,-60.98
168,90,15.28,-17.47,-64.02
168,90,15.44,-20.706,-67.02
168,90,15.6,-27.49,-74.12
168,90,15.76,-21.968,-69.16
168,90,15.92,-21.822,-69
168,90,16.08,-24.932,-72.39
168,90,16.24,-30.094,-78.22
168,90,16.4,-20.86,-70.67
168,90,16.56,-32.608,-81.54
168,90,16.72,-20.718,-70.2
168,90,16.88,-22.414,-72.88
168,90,17.04,-19.086,-70.34
168,90,17.2,-19.28,-71.71
168,90,17.36,-17.546,-70.19
168,90,17.52,-18.756,-71.29
168,90,17.68,-21.962,-75.04
168,90,17.84,-28.988,-81.9
168,90,18,-17.9,-70.71
169,90,2,-12.09,-33.88
169,90,2.16,-21.368,-44.78
169,90,2.32,-7.866,-33.52
169,90,2.48,-7.514,-34.76
169,90,2.64,-15.258,-43.97
169,90,2.8,-19.85,-46.91
169,90,2.96,-9.118,-37.43
169,90,3.12,-14.666,-42.9
169,90,3.28,-18.782,-48.8
169,90,3.44,-11.382,-40.03
169,90,3.6,-17.79,-45.24
169,90,3.76,-22.234,-51.72
169,90,3.92,-12.042,-39.59
169,90,4.08,-9.582,-37.25
169,90,4.24,-11.266,-40.29
169,90,4.4,-16.38,-46.19
169,90,4.56,-18.176,-47.99
169,90,4.72,-14.394,-44.38
169,90,4.88,-9.05,-39.18
169,90,5.04,-7.45999999999999,-37.51
169,90,5.2,-9.78,-41.2
169,90,5.36,-16.67,-47.47
169,90,5.52,-12.768,-43.05
169,90,5.68,-14.36,-45.73
169,90,5.84,-13.502,-44.95
169,90,6,-16.79,-48.33
169,90,6.16,-14.44,-46.48
169,90,6.32,-12.438,-45.93
169,90,6.48,-23.626,-57.71
169,90,6.64,-17.328,-51.72
169,90,6.8,-14.7,-48.2
169,90,6.96,-10.192,-44.52
169,90,7.12,-11.196,-45.79
169,90,7.28,-19.452,-53.83
169,90,7.44,-13.786,-48.12
169,90,7.6,-15.3,-48.7
169,90,7.76,-17.688,-52.91
169,90,7.92,-15.302,-49.93
169,90,8.08,-14.516,-49.32
169,90,8.24,-12.592,-47.7
169,90,8.4,-13.1,-48.48
169,90,8.56,-14.292,-50.57
169,90,8.72,-14.558,-51.86
169,90,8.88,-18.468,-55.61
169,90,9.04,-11.394,-49.18
169,90,9.2,-13.49,-52.35
169,90,9.36,-14.444,-52.51
169,90,9.52,-14.992,-53.37
169,90,9.68,-13.58,-52.47
169,90,9.84,-15.056,-54.17
169,90,10,-14.56,-53.63
169,90,10.16,-15.628,-55.27
169,90,10.32,-15.862,-55.49
169,90,10.48,-18.718,-58.25
169,90,10.64,-16.638,-56.65
169,90,10.8,-16.48,-56.75
169,90,10.96,-12.906,-52.89
169,90,11.12,-17.556,-57.8
169,90,11.28,-21.676,-62.12
169,90,11.44,-17.972,-58.72
169,90,11.6,-20.73,-61.6
169,90,11.76,-25.254,-66.37
169,90,11.92,-25.514,-66.64
169,90,12.08,-23.23,-65.42
169,90,12.24,-19.904,-62.16
169,90,12.4,-18.44,-61.1
169,90,12.56,-23.1,-67.17
169,90,12.72,-24.014,-68.57
169,90,12.88,-23.616,-68.82
169,90,13.04,-21.928,-68.43
169,90,13.2,-22.33,-69.11
169,90,13.36,-25.364,-71.58
169,90,13.52,-19.612,-65.62
169,90,13.68,-15.85,-62.53
169,90,13.84,-22.398,-69.88
169,90,14,-25.71,-73.56
169,90,14.16,-20.536,-68.76
169,90,14.32,-16.316,-65.27
169,90,14.48,-24.004,-75.83
169,90,14.64,-21.034,-70.49
169,90,14.8,-22.16,-70.17
169,90,14.96,-19.382,-66.51
169,90,15.12,-19.28,-65.71
169,90,15.28,-21.3,-67.85
169,90,15.44,-23.406,-69.72
169,90,15.6,-25.1,-71.73
169,90,15.76,-23.278,-70.47
169,90,15.92,-28.102,-75.28
169,90,16.08,-30.442,-77.9
169,90,16.24,-17.754,-65.88
169,90,16.4,-20.35,-70.16
169,90,16.56,-24.958,-73.89
169,90,16.72,-23.368,-72.85
169,90,16.88,-19.704,-70.17
169,90,17.04,-24.626,-75.88
169,90,17.2,-14.92,-67.35
169,90,17.36,-24.206,-76.85
169,90,17.52,-21.566,-74.1
169,90,17.68,-18.332,-71.41
169,90,17.84,-20.728,-73.64
169,90,18,-18.16,-70.97
170,90,2,-11.12,-32.91
170,90,2.16,-24.948,-48.36
170,90,2.32,-7.846,-33.5
170,90,2.48,-7.194,-34.44
170,90,2.64,-14.798,-43.51
170,90,2.8,-25.47,-52.53
170,90,2.96,-8.038,-36.35
170,90,3.12,-12.026,-40.26
170,90,3.28,-18.462,-48.48
170,90,3.44,-12.482,-41.13
170,90,3.6,-17.11,-44.56
170,90,3.76,-39.114,-68.6
170,90,3.92,-13.242,-40.79
170,90,4.08,-11.762,-39.43
170,90,4.24,-12.956,-41.98
170,90,4.4,-19.95,-49.76
170,90,4.56,-17.816,-47.63
170,90,4.72,-14.974,-44.96
170,90,4.88,-9.11,-39.24
170,90,5.04,-6.41,-36.46
170,90,5.2,-9.7,-41.12
170,90,5.36,-18.16,-48.96
170,90,5.52,-14.008,-44.29
170,90,5.68,-14.45,-45.82
170,90,5.84,-12.822,-44.27
170,90,6,-16.04,-47.58
170,90,6.16,-17.21,-49.25
170,90,6.32,-13.748,-47.24
170,90,6.48,-20.726,-54.81
170,90,6.64,-16.438,-50.83
170,90,6.8,-13.61,-47.11
170,90,6.96,-10.312,-44.64
170,90,7.12,-12.676,-47.27
170,90,7.28,-16.992,-51.37
170,90,7.44,-15.176,-49.51
170,90,7.6,-16.93,-50.33
170,90,7.76,-17.518,-52.74
170,90,7.92,-13.772,-48.4
170,90,8.08,-15.536,-50.34
170,90,8.24,-13.612,-48.72
170,90,8.4,-11.64,-47.02
170,90,8.56,-13.592,-49.87
170,90,8.72,-13.428,-50.73
170,90,8.88,-17.138,-54.28
170,90,9.04,-13.474,-51.26
170,90,9.2,-13.69,-52.55
170,90,9.36,-14.664,-52.73
170,90,9.52,-16.422,-54.8
170,90,9.68,-13.65,-52.54
170,90,9.84,-12.826,-51.94
170,90,10,-16.56,-55.63
170,90,10.16,-12.088,-51.73
170,90,10.32,-15.712,-55.34
170,90,10.48,-17.648,-57.18
170,90,10.64,-15.068,-55.08
170,90,10.8,-17.55,-57.82
170,90,10.96,-14.526,-54.51
170,90,11.12,-16.986,-57.23
170,90,11.28,-22.556,-63
170,90,11.44,-17.072,-57.82
170,90,11.6,-17.77,-58.64
170,90,11.76,-20.634,-61.75
170,90,11.92,-24.074,-65.2
170,90,12.08,-17.8,-59.99
170,90,12.24,-18.534,-60.79
170,90,12.4,-18.52,-61.18
170,90,12.56,-25.04,-69.11
170,90,12.72,-22.164,-66.72
170,90,12.88,-30.446,-75.65
170,90,13.04,-22.348,-68.85
170,90,13.2,-26.61,-73.39
170,90,13.36,-19.664,-65.88
170,90,13.52,-19.322,-65.33
170,90,13.68,-17.83,-64.51
170,90,13.84,-21.138,-68.62
170,90,14,-31.9,-79.75
170,90,14.16,-15.896,-64.12
170,90,14.32,-13.916,-62.87
170,90,14.48,-13.874,-65.7
170,90,14.64,-16.624,-66.08
170,90,14.8,-33.09,-81.1
170,90,14.96,-20.822,-67.95
170,90,15.12,-19.42,-65.85
170,90,15.28,-20.1,-66.65
170,90,15.44,-21.676,-67.99
170,90,15.6,-26.07,-72.7
170,90,15.76,-32.948,-80.14
170,90,15.92,-23.952,-71.13
170,90,16.08,-21.202,-68.66
170,90,16.24,-23.424,-71.55
170,90,16.4,-21.28,-71.09
170,90,16.56,-30.978,-79.91
170,90,16.72,-32.428,-81.91
170,90,16.88,-30.074,-80.54
170,90,17.04,-17.086,-68.34
170,90,17.2,-23.27,-75.7
170,90,17.36,-27.456,-80.1
170,90,17.52,-23.026,-75.56
170,90,17.68,-20.012,-73.09
170,90,17.84,-20.408,-73.32
170,90,18,-26.16,-78.97
171,90,2,-10.21,-32
171,90,2.16,-26.408,-49.82
171,90,2.32,-8.256,-33.91
171,90,2.48,-7.194,-34.44
171,90,2.64,-14.558,-43.27
171,90,2.8,-26.7,-53.76
171,90,2.96,-7.508,-35.82
171,90,3.12,-10.136,-38.37
171,90,3.28,-16.592,-46.61
171,90,3.44,-13.812,-42.46
171,90,3.6,-16.5,-43.95
171,90,3.76,-24.364,-53.85
171,90,3.92,-14.582,-42.13
171,90,4.08,-14.242,-41.91
171,90,4.24,-15.756,-44.78
171,90,4.4,-27.73,-57.54
171,90,4.56,-16.296,-46.11
171,90,4.72,-15.554,-45.54
171,90,4.88,-10.23,-40.36
171,90,5.04,-6.69,-36.74
171,90,5.2,-9.85,-41.27
171,90,5.36,-17.95,-48.75
171,90,5.52,-14.678,-44.96
171,90,5.68,-13.99,-45.36
171,90,5.84,-12.332,-43.78
171,90,6,-14.49,-46.03
171,90,6.16,-19.86,-51.9
171,90,6.32,-15.128,-48.62
171,90,6.48,-19.456,-53.54
171,90,6.64,-15.628,-50.02
171,90,6.8,-12.48,-45.98
171,90,6.96,-12.022,-46.35
171,90,7.12,-15.146,-49.74
171,90,7.28,-14.732,-49.11
171,90,7.44,-15.776,-50.11
171,90,7.6,-18.13,-51.53
171,90,7.76,-17.548,-52.77
171,90,7.92,-13.802,-48.43
171,90,8.08,-17.426,-52.23
171,90,8.24,-16.582,-51.69
171,90,8.4,-11.09,-46.47
171,90,8.56,-13.562,-49.84
171,90,8.72,-14.768,-52.07
171,90,8.88,-16.578,-53.72
171,90,9.04,-15.224,-53.01
171,90,9.2,-13.09,-51.95
171,90,9.36,-14.624,-52.69
171,90,9.52,-17.972,-56.35
171,90,9.68,-14.55,-53.44
171,90,9.84,-11.846,-50.96
171,90,10,-16.2,-55.27
171,90,10.16,-9.428,-49.07
171,90,10.32,-14.672,-54.3
171,90,10.48,-15.828,-55.36
171,90,10.64,-13.248,-53.26
171,90,10.8,-13.61,-53.88
171,90,10.96,-16.346,-56.33
171,90,11.12,-16.406,-56.65
171,90,11.28,-29.426,-69.87
171,90,11.44,-17.172,-57.92
171,90,11.6,-20.44,-61.31
171,90,11.76,-23.064,-64.18
171,90,11.92,-21.874,-63
171,90,12.08,-18.03,-60.22
171,90,12.24,-21.164,-63.42
171,90,12.4,-19.99,-62.65
171,90,12.56,-20.66,-64.73
171,90,12.72,-22.384,-66.94
171,90,12.88,-27.526,-72.73
171,90,13.04,-24.318,-70.82
171,90,13.2,-22.98,-69.76
171,90,13.36,-26.754,-72.97
171,90,13.52,-21.942,-67.95
171,90,13.68,-18.27,-64.95
171,90,13.84,-26.588,-74.07
171,90,14,-30.34,-78.19
171,90,14.16,-15.196,-63.42
171,90,14.32,-16.596,-65.55
171,90,14.48,-19.004,-70.83
171,90,14.64,-13.624,-63.08
171,90,14.8,-21.54,-69.55
171,90,14.96,-19.692,-66.82
171,90,15.12,-16.02,-62.45
171,90,15.28,-15.74,-62.29
171,90,15.44,-22.726,-69.04
171,90,15.6,-42.37,-89
171,90,15.76,-18.908,-66.1
171,90,15.92,-24.002,-71.18
171,90,16.08,-22.412,-69.87
171,90,16.24,-25.204,-73.33
171,90,16.4,-29.78,-79.59
171,90,16.56,-27.088,-76.02
171,90,16.72,-20.668,-70.15
171,90,16.88,-23.524,-73.99
171,90,17.04,-21.316,-72.57
171,90,17.2,-20.01,-72.44
171,90,17.36,-23.106,-75.75
171,90,17.52,-20.046,-72.58
171,90,17.68,-19.062,-72.14
171,90,17.84,-21.988,-74.9
171,90,18,-31.15,-83.96
172,90,2,-9.38,-31.17
172,90,2.16,-21.078,-44.49
172,90,2.32,-9.046,-34.7
172,90,2.48,-7.444,-34.69
172,90,2.64,-14.428,-43.14
172,90,2.8,-24.57,-51.63
172,90,2.96,-7.45800000000001,-35.77
172,90,3.12,-9.316,-37.55
172,90,3.28,-15.392,-45.41
172,90,3.44,-14.832,-43.48
172,90,3.6,-15.57,-43.02
172,90,3.76,-16.934,-46.42
172,90,3.92,-14.692,-42.24
172,90,4.08,-14.832,-42.5
172,90,4.24,-19.036,-48.06
172,90,4.4,-34.39,-64.2
172,90,4.56,-16.006,-45.82
172,90,4.72,-16.934,-46.92
172,90,4.88,-12.22,-42.35
172,90,5.04,-8.06,-38.11
172,90,5.2,-10.89,-42.31
172,90,5.36,-16.25,-47.05
172,90,5.52,-14.788,-45.07
172,90,5.68,-13.58,-44.95
172,90,5.84,-12.092,-43.54
172,90,6,-14.04,-45.58
172,90,6.16,-21.62,-53.66
172,90,6.32,-16.698,-50.19
172,90,6.48,-18.676,-52.76
172,90,6.64,-15.108,-49.5
172,90,6.8,-11.97,-45.47
172,90,6.96,-15.312,-49.64
172,90,7.12,-17.296,-51.89
172,90,7.28,-13.272,-47.65
172,90,7.44,-15.866,-50.2
172,90,7.6,-17.11,-50.51
172,90,7.76,-17.658,-52.88
172,90,7.92,-15.822,-50.45
172,90,8.08,-17.206,-52.01
172,90,8.24,-18.862,-53.97
172,90,8.4,-13.87,-49.25
172,90,8.56,-15.532,-51.81
172,90,8.72,-17.198,-54.5
172,90,8.88,-18.168,-55.31
172,90,9.04,-13.964,-51.75
172,90,9.2,-12.81,-51.67
172,90,9.36,-13.504,-51.57
172,90,9.52,-16.302,-54.68
172,90,9.68,-14.16,-53.05
172,90,9.84,-11.996,-51.11
172,90,10,-15.59,-54.66
172,90,10.16,-9.23800000000001,-48.88
172,90,10.32,-12.372,-52
172,90,10.48,-15.218,-54.75
172,90,10.64,-14.478,-54.49
172,90,10.8,-12.97,-53.24
172,90,10.96,-15.476,-55.46
172,90,11.12,-16.206,-56.45
172,90,11.28,-25.806,-66.25
172,90,11.44,-20.302,-61.05
172,90,11.6,-20.47,-61.34
172,90,11.76,-24.404,-65.52
172,90,11.92,-23.234,-64.36
172,90,12.08,-22.19,-64.38
172,90,12.24,-24.994,-67.25
172,90,12.4,-23.01,-65.67
172,90,12.56,-23.92,-67.99
172,90,12.72,-24.524,-69.08
172,90,12.88,-25.216,-70.42
172,90,13.04,-22.678,-69.18
172,90,13.2,-22.05,-68.83
172,90,13.36,-27.954,-74.17
172,90,13.52,-24.492,-70.5
172,90,13.68,-16.58,-63.26
172,90,13.84,-34.948,-82.43
172,90,14,-24.25,-72.1
172,90,14.16,-14.956,-63.18
172,90,14.32,-15.836,-64.79
172,90,14.48,-19.284,-71.11
172,90,14.64,-15.874,-65.33
172,90,14.8,-17.37,-65.38
172,90,14.96,-20.792,-67.92
172,90,15.12,-15.79,-62.22
172,90,15.28,-21.61,-68.16
172,90,15.44,-31.656,-77.97
172,90,15.6,-30.08,-76.71
172,90,15.76,-21.468,-68.66
172,90,15.92,-28.182,-75.36
172,90,16.08,-24.852,-72.31
172,90,16.24,-26.634,-74.76
172,90,16.4,-26.5,-76.31
172,90,16.56,-32.218,-81.15
172,90,16.72,-30.548,-80.03
172,90,16.88,-21.944,-72.41
172,90,17.04,-23.286,-74.54
172,90,17.2,-24.11,-76.54
172,90,17.36,-23.606,-76.25
172,90,17.52,-17.966,-70.5
172,90,17.68,-25.662,-78.74
172,90,17.84,-25.778,-78.69
172,90,18,-21.28,-74.09
173,90,2,-8.49,-30.28
173,90,2.16,-15.988,-39.4
173,90,2.32,-10.426,-36.08
173,90,2.48,-8.174,-35.42
173,90,2.64,-14.668,-43.38
173,90,2.8,-23.33,-50.39
173,90,2.96,-8.068,-36.38
173,90,3.12,-9.196,-37.43
173,90,3.28,-14.582,-44.6
173,90,3.44,-15.542,-44.19
173,90,3.6,-15.21,-42.66
173,90,3.76,-13.734,-43.22
173,90,3.92,-13.812,-41.36
173,90,4.08,-14.062,-41.73
173,90,4.24,-23.386,-52.41
173,90,4.4,-24.19,-54
173,90,4.56,-15.776,-45.59
173,90,4.72,-17.934,-47.92
173,90,4.88,-15.49,-45.62
173,90,5.04,-10.68,-40.73
173,90,5.2,-12.5,-43.92
173,90,5.36,-13.18,-43.98
173,90,5.52,-13.418,-43.7
173,90,5.68,-13.39,-44.76
173,90,5.84,-11.872,-43.32
173,90,6,-14.23,-45.77
173,90,6.16,-22.19,-54.23
173,90,6.32,-16.998,-50.49
173,90,6.48,-17.796,-51.88
173,90,6.64,-14.938,-49.33
173,90,6.8,-13.32,-46.82
173,90,6.96,-17.902,-52.23
173,90,7.12,-19.416,-54.01
173,90,7.28,-13.662,-48.04
173,90,7.44,-15.726,-50.06
173,90,7.6,-17,-50.4
173,90,7.76,-19.188,-54.41
173,90,7.92,-18.482,-53.11
173,90,8.08,-18.616,-53.42
173,90,8.24,-21.542,-56.65
173,90,8.4,-18.75,-54.13
173,90,8.56,-18.192,-54.47
173,90,8.72,-18.608,-55.91
173,90,8.88,-21.668,-58.81
173,90,9.04,-15.284,-53.07
173,90,9.2,-14.67,-53.53
173,90,9.36,-12.334,-50.4
173,90,9.52,-15.692,-54.07
173,90,9.68,-12.56,-51.45
173,90,9.84,-12.066,-51.18
173,90,10,-16.59,-55.66
173,90,10.16,-10.848,-50.49
173,90,10.32,-12.652,-52.28
173,90,10.48,-16.718,-56.25
173,90,10.64,-14.408,-54.42
173,90,10.8,-15.32,-55.59
173,90,10.96,-13.366,-53.35
173,90,11.12,-15.786,-56.03
173,90,11.28,-19.906,-60.35
173,90,11.44,-22.322,-63.07
173,90,11.6,-19.67,-60.54
173,90,11.76,-23.554,-64.67
173,90,11.92,-23.814,-64.94
173,90,12.08,-23.26,-65.45
173,90,12.24,-25.424,-67.68
173,90,12.4,-43.02,-85.68
173,90,12.56,-24.29,-68.36
173,90,12.72,-28.184,-72.74
173,90,12.88,-23.316,-68.52
173,90,13.04,-17.278,-63.78
173,90,13.2,-18.03,-64.81
173,90,13.36,-35.454,-81.67
173,90,13.52,-26.422,-72.43
173,90,13.68,-17.61,-64.29
173,90,13.84,-25.488,-72.97
173,90,14,-32.23,-80.08
173,90,14.16,-20.386,-68.61
173,90,14.32,-13.986,-62.94
173,90,14.48,-18.424,-70.25
173,90,14.64,-17.554,-67.01
173,90,14.8,-17.97,-65.98
173,90,14.96,-26.982,-74.11
173,90,15.12,-18.89,-65.32
173,90,15.28,-23.59,-70.14
173,90,15.44,-30.056,-76.37
173,90,15.6,-26.95,-73.58
173,90,15.76,-33.378,-80.57
173,90,15.92,-27.692,-74.87
173,90,16.08,-28.262,-75.72
173,90,16.24,-23.984,-72.11
173,90,16.4,-24.41,-74.22
173,90,16.56,-25.918,-74.85
173,90,16.72,-32.728,-82.21
173,90,16.88,-30.574,-81.04
173,90,17.04,-29.366,-80.62
173,90,17.2,-22.67,-75.1
173,90,17.36,-20.116,-72.76
173,90,17.52,-30.446,-82.98
173,90,17.68,-23.052,-76.13
173,90,17.84,-28.048,-80.96
173,90,18,-23.94,-76.75
174,90,2,-7.78,-29.57
174,90,2.16,-12.718,-36.13
174,90,2.32,-11.796,-37.45
174,90,2.48,-9.214,-36.46
174,90,2.64,-14.948,-43.66
174,90,2.8,-21,-48.06
174,90,2.96,-9.258,-37.57
174,90,3.12,-10.026,-38.26
174,90,3.28,-14.802,-44.82
174,90,3.44,-14.952,-43.6
174,90,3.6,-16.01,-43.46
174,90,3.76,-11.994,-41.48
174,90,3.92,-12.862,-40.41
174,90,4.08,-13.292,-40.96
174,90,4.24,-24.686,-53.71
174,90,4.4,-20.7,-50.51
174,90,4.56,-15.686,-45.5
174,90,4.72,-18.874,-48.86
174,90,4.88,-17.97,-48.1
174,90,5.04,-13.29,-43.34
174,90,5.2,-14.39,-45.81
174,90,5.36,-10.71,-41.51
174,90,5.52,-12.108,-42.39
174,90,5.68,-13.6,-44.97
174,90,5.84,-12.422,-43.87
174,90,6,-16.54,-48.08
174,90,6.16,-20.45,-52.49
174,90,6.32,-16.458,-49.95
174,90,6.48,-15.586,-49.67
174,90,6.64,-13.738,-48.13
174,90,6.8,-16.13,-49.63
174,90,6.96,-21.222,-55.55
174,90,7.12,-18.936,-53.53
174,90,7.28,-16.842,-51.22
174,90,7.44,-16.486,-50.82
174,90,7.6,-18.36,-51.76
174,90,7.76,-23.248,-58.47
174,90,7.92,-21.052,-55.68
174,90,8.08,-19.676,-54.48
174,90,8.24,-21.992,-57.1
174,90,8.4,-31.78,-67.16
174,90,8.56,-22.582,-58.86
174,90,8.72,-21.548,-58.85
174,90,8.88,-23.928,-61.07
174,90,9.04,-16.764,-54.55
174,90,9.2,-17.86,-56.72
174,90,9.36,-13.254,-51.32
174,90,9.52,-17.152,-55.53
174,90,9.68,-11.88,-50.77
174,90,9.84,-12.516,-51.63
174,90,10,-16.04,-55.11
174,90,10.16,-13.858,-53.5
174,90,10.32,-14.652,-54.28
174,90,10.48,-17.708,-57.24
174,90,10.64,-15.598,-55.61
174,90,10.8,-17.49,-57.76
174,90,10.96,-14.876,-54.86
174,90,11.12,-16.966,-57.21
174,90,11.28,-20.376,-60.82
174,90,11.44,-19.682,-60.43
174,90,11.6,-15.5,-56.37
174,90,11.76,-20.294,-61.41
174,90,11.92,-25.424,-66.55
174,90,12.08,-17.77,-59.96
174,90,12.24,-22.164,-64.42
174,90,12.4,-26.76,-69.42
174,90,12.56,-23.79,-67.86
174,90,12.72,-25.964,-70.52
174,90,12.88,-30.986,-76.19
174,90,13.04,-18.188,-64.69
174,90,13.2,-19.42,-66.2
174,90,13.36,-23.624,-69.84
174,90,13.52,-19.892,-65.9
174,90,13.68,-18.37,-65.05
174,90,13.84,-23.028,-70.51
174,90,14,-33.26,-81.11
174,90,14.16,-22.836,-71.06
174,90,14.32,-17.366,-66.32
174,90,14.48,-14.354,-66.18
174,90,14.64,-20.964,-70.42
174,90,14.8,-28.72,-76.73
174,90,14.96,-32.772,-79.9
174,90,15.12,-15.95,-62.38
174,90,15.28,-22.95,-69.5
174,90,15.44,-26.846,-73.16
174,90,15.6,-31.59,-78.22
174,90,15.76,-29.198,-76.39
174,90,15.92,-28.312,-75.49
174,90,16.08,-24.222,-71.68
174,90,16.24,-40.644,-88.77
174,90,16.4,-23.78,-73.59
174,90,16.56,-31.768,-80.7
174,90,16.72,-31.738,-81.22
174,90,16.88,-24.284,-74.75
174,90,17.04,-31.556,-82.81
174,90,17.2,-32.49,-84.92
174,90,17.36,-25.286,-77.93
174,90,17.52,-28.556,-81.09
174,90,17.68,-23.722,-76.8
174,90,17.84,-25.198,-78.11
174,90,18,-18.49,-71.3
175,90,2,-7.07,-28.86
175,90,2.16,-10.198,-33.61
175,90,2.32,-13.196,-38.85
175,90,2.48,-10.774,-38.02
175,90,2.64,-15.138,-43.85
175,90,2.8,-18.15,-45.21
175,90,2.96,-10.988,-39.3
175,90,3.12,-11.326,-39.56
175,90,3.28,-15.852,-45.87
175,90,3.44,-13.712,-42.36
175,90,3.6,-16.79,-44.24
175,90,3.76,-11.774,-41.26
175,90,3.92,-12.002,-39.55
175,90,4.08,-13.212,-40.88
175,90,4.24,-25.526,-54.55
175,90,4.4,-18.96,-48.77
175,90,4.56,-15.966,-45.78
175,90,4.72,-22.004,-51.99
175,90,4.88,-18.53,-48.66
175,90,5.04,-15.21,-45.26
175,90,5.2,-15.8,-47.22
175,90,5.36,-9.87,-40.67
175,90,5.52,-11.018,-41.3
175,90,5.68,-15.48,-46.85
175,90,5.84,-12.862,-44.31
175,90,6,-20.64,-52.18
175,90,6.16,-18.44,-50.48
175,90,6.32,-15.878,-49.37
175,90,6.48,-14.446,-48.53
175,90,6.64,-13.058,-47.45
175,90,6.8,-20.22,-53.72
175,90,6.96,-21.572,-55.9
175,90,7.12,-15.546,-50.14
175,90,7.28,-22.742,-57.12
175,90,7.44,-18.676,-53.01
175,90,7.6,-20.44,-53.84
175,90,7.76,-34.028,-69.25
175,90,7.92,-23.242,-57.87
175,90,8.08,-21.996,-56.8
175,90,8.24,-29.232,-64.34
175,90,8.4,-33.74,-69.12
175,90,8.56,-32.972,-69.25
175,90,8.72,-28.088,-65.39
175,90,8.88,-27.568,-64.71
175,90,9.04,-18.644,-56.43
175,90,9.2,-20.41,-59.27
175,90,9.36,-16.894,-54.96
175,90,9.52,-22.962,-61.34
175,90,9.68,-14.13,-53.02
175,90,9.84,-13.606,-52.72
175,90,10,-19.84,-58.91
175,90,10.16,-16.818,-56.46
175,90,10.32,-17.222,-56.85
175,90,10.48,-17.978,-57.51
175,90,10.64,-15.378,-55.39
175,90,10.8,-18.25,-58.52
175,90,10.96,-17.496,-57.48
175,90,11.12,-18.076,-58.32
175,90,11.28,-31.966,-72.41
175,90,11.44,-16.322,-57.07
175,90,11.6,-16.62,-57.49
175,90,11.76,-20.934,-62.05
175,90,11.92,-19.714,-60.84
175,90,12.08,-14.53,-56.72
175,90,12.24,-21.614,-63.87
175,90,12.4,-19.28,-61.94
175,90,12.56,-24.32,-68.39
175,90,12.72,-38.344,-82.9
175,90,12.88,-24.166,-69.37
175,90,13.04,-19.268,-65.77
175,90,13.2,-21.79,-68.57
175,90,13.36,-24.344,-70.56
175,90,13.52,-20.002,-66.01
175,90,13.68,-15.92,-62.6
175,90,13.84,-25.098,-72.58
175,90,14,-29.68,-77.53
175,90,14.16,-18.996,-67.22
175,90,14.32,-16.966,-65.92
175,90,14.48,-19.734,-71.56
175,90,14.64,-22.154,-71.61
175,90,14.8,-25.89,-73.9
175,90,14.96,-31.892,-79.02
175,90,15.12,-16.69,-63.12
175,90,15.28,-22.07,-68.62
175,90,15.44,-23.986,-70.3
175,90,15.6,-29.61,-76.24
175,90,15.76,-30.438,-77.63
175,90,15.92,-31.532,-78.71
175,90,16.08,-32.122,-79.58
175,90,16.24,-28.664,-76.79
175,90,16.4,-40.02,-89.83
175,90,16.56,-29.718,-78.65
175,90,16.72,-22.978,-72.46
175,90,16.88,-36.254,-86.72
175,90,17.04,-21.146,-72.4
175,90,17.2,-23.61,-76.04
175,90,17.36,-28.046,-80.69
175,90,17.52,-38.086,-90.62
175,90,17.68,-31.852,-84.93
175,90,17.84,-31.928,-84.84
175,90,18,-26.46,-79.27
176,90,2,-6.45,-28.24
176,90,2.16,-8.388,-31.8
176,90,2.32,-13.706,-39.36
176,90,2.48,-12.564,-39.81
176,90,2.64,-14.908,-43.62
176,90,2.8,-15.17,-42.23
176,90,2.96,-13.028,-41.34
176,90,3.12,-13.256,-41.49
176,90,3.28,-16.692,-46.71
176,90,3.44,-12.152,-40.8
176,90,3.6,-17.55,-45
176,90,3.76,-12.164,-41.65
176,90,3.92,-11.772,-39.32
176,90,4.08,-13.752,-41.42
176,90,4.24,-23.286,-52.31
176,90,4.4,-17.88,-47.69
176,90,4.56,-15.586,-45.4
176,90,4.72,-22.814,-52.8
176,90,4.88,-17.24,-47.37
176,90,5.04,-14.06,-44.11
176,90,5.2,-15.74,-47.16
176,90,5.36,-10.09,-40.89
176,90,5.52,-10.138,-40.42
176,90,5.68,-18.22,-49.59
176,90,5.84,-13.542,-44.99
176,90,6,-27.56,-59.1
176,90,6.16,-17.56,-49.6
176,90,6.32,-16.308,-49.8
176,90,6.48,-14.946,-49.03
176,90,6.64,-12.908,-47.3
176,90,6.8,-21.08,-54.58
176,90,6.96,-19.432,-53.76
176,90,7.12,-14.346,-48.94
176,90,7.28,-22.212,-56.59
176,90,7.44,-19.906,-54.24
176,90,7.6,-24,-57.4
176,90,7.76,-31.158,-66.38
176,90,7.92,-23.132,-57.76
176,90,8.08,-23.326,-58.13
176,90,8.24,-44.662,-79.77
176,90,8.4,-38.86,-74.24
176,90,8.56,-27.472,-63.75
176,90,8.72,-38.318,-75.62
176,90,8.88,-28.268,-65.41
176,90,9.04,-23.514,-61.3
176,90,9.2,-22.25,-61.11
176,90,9.36,-20.994,-59.06
176,90,9.52,-27.302,-65.68
176,90,9.68,-17.22,-56.11
176,90,9.84,-14.576,-53.69
176,90,10,-26.49,-65.56
176,90,10.16,-18.648,-58.29
176,90,10.32,-16.402,-56.03
176,90,10.48,-26.248,-65.78
176,90,10.64,-17.188,-57.2
176,90,10.8,-17.22,-57.49
176,90,10.96,-19.946,-59.93
176,90,11.12,-18.256,-58.5
176,90,11.28,-40.976,-81.42
176,90,11.44,-16.792,-57.54
176,90,11.6,-18.07,-58.94
176,90,11.76,-23.084,-64.2
176,90,11.92,-22.304,-63.43
176,90,12.08,-17.98,-60.17
176,90,12.24,-22.744,-65
176,90,12.4,-19.69,-62.35
176,90,12.56,-26.59,-70.66
176,90,12.72,-35.994,-80.55
176,90,12.88,-21.116,-66.32
176,90,13.04,-18.148,-64.65
176,90,13.2,-22.88,-69.66
176,90,13.36,-33.664,-79.88
176,90,13.52,-20.962,-66.97
176,90,13.68,-17.26,-63.94
176,90,13.84,-37.088,-84.57
176,90,14,-32.27,-80.12
176,90,14.16,-14.926,-63.15
176,90,14.32,-13.586,-62.54
176,90,14.48,-27.204,-79.03
176,90,14.64,-17.244,-66.7
176,90,14.8,-17.19,-65.2
176,90,14.96,-23.032,-70.16
176,90,15.12,-24.24,-70.67
176,90,15.28,-28.42,-74.97
176,90,15.44,-28.226,-74.54
176,90,15.6,-35.63,-82.26
176,90,15.76,-23.708,-70.9
176,90,15.92,-24.912,-72.09
176,90,16.08,-26.552,-74.01
176,90,16.24,-34.194,-82.32
176,90,16.4,-23.53,-73.34
176,90,16.56,-21.398,-70.33
176,90,16.72,-22.838,-72.32
176,90,16.88,-28.514,-78.98
176,90,17.04,-30.236,-81.49
176,90,17.2,-25.06,-77.49
176,90,17.36,-18.656,-71.3
176,90,17.52,-18.836,-71.37
176,90,17.68,-19.842,-72.92
176,90,17.84,-31.928,-84.84
176,90,18,-24.13,-76.94
177,90,2,-6,-27.79
177,90,2.16,-6.848,-30.26
177,90,2.32,-13.406,-39.06
177,90,2.48,-14.834,-42.08
177,90,2.64,-14.748,-43.46
177,90,2.8,-12.77,-39.83
177,90,2.96,-14.648,-42.96
177,90,3.12,-15.926,-44.16
177,90,3.28,-17.872,-47.89
177,90,3.44,-10.492,-39.14
177,90,3.6,-16.95,-44.4
177,90,3.76,-13.254,-42.74
177,90,3.92,-11.572,-39.12
177,90,4.08,-14.262,-41.93
177,90,4.24,-19.396,-48.42
177,90,4.4,-15.89,-45.7
177,90,4.56,-14.786,-44.6
177,90,4.72,-21.084,-51.07
177,90,4.88,-15.17,-45.3
177,90,5.04,-11.54,-41.59
177,90,5.2,-14.09,-45.51
177,90,5.36,-11.92,-42.72
177,90,5.52,-9.598,-39.88
177,90,5.68,-25.57,-56.94
177,90,5.84,-13.962,-45.41
177,90,6,-42.17,-73.71
177,90,6.16,-18.03,-50.07
177,90,6.32,-17.368,-50.86
177,90,6.48,-16.496,-50.58
177,90,6.64,-14.578,-48.97
177,90,6.8,-17.55,-51.05
177,90,6.96,-20.012,-54.34
177,90,7.12,-15.256,-49.85
177,90,7.28,-20.072,-54.45
177,90,7.44,-20.256,-54.59
177,90,7.6,-25.77,-59.17
177,90,7.76,-28.998,-64.22
177,90,7.92,-24.362,-58.99
177,90,8.08,-22.386,-57.19
177,90,8.24,-33.872,-68.98
177,90,8.4,-38.78,-74.16
177,90,8.56,-20.382,-56.66
177,90,8.72,-22.388,-59.69
177,90,8.88,-25.028,-62.17
177,90,9.04,-33.704,-71.49
177,90,9.2,-28.76,-67.62
177,90,9.36,-19.994,-58.06
177,90,9.52,-20.802,-59.18
177,90,9.68,-23.65,-62.54
177,90,9.84,-16.976,-56.09
177,90,10,-27.85,-66.92
177,90,10.16,-19.818,-59.46
177,90,10.32,-16.122,-55.75
177,90,10.48,-20.938,-60.47
177,90,10.64,-20.438,-60.45
177,90,10.8,-19.62,-59.89
177,90,10.96,-17.126,-57.11
177,90,11.12,-17.656,-57.9
177,90,11.28,-24.146,-64.59
177,90,11.44,-19.072,-59.82
177,90,11.6,-20.99,-61.86
177,90,11.76,-24.674,-65.79
177,90,11.92,-30.124,-71.25
177,90,12.08,-30.14,-72.33
177,90,12.24,-31.084,-73.34
177,90,12.4,-31.46,-74.12
177,90,12.56,-30.3,-74.37
177,90,12.72,-24.934,-69.49
177,90,12.88,-29.566,-74.77
177,90,13.04,-25.208,-71.71
177,90,13.2,-25.27,-72.05
177,90,13.36,-28.964,-75.18
177,90,13.52,-20.942,-66.95
177,90,13.68,-18.07,-64.75
177,90,13.84,-21.678,-69.16
177,90,14,-32.91,-80.76
177,90,14.16,-17.446,-65.67
177,90,14.32,-17.186,-66.14
177,90,14.48,-26.284,-78.11
177,90,14.64,-21.004,-70.46
177,90,14.8,-21.66,-69.67
177,90,14.96,-34.382,-81.51
177,90,15.12,-20.74,-67.17
177,90,15.28,-32.25,-78.8
177,90,15.44,-23.646,-69.96
177,90,15.6,-27.42,-74.05
177,90,15.76,-28.478,-75.67
177,90,15.92,-26.992,-74.17
177,90,16.08,-25.922,-73.38
177,90,16.24,-24.604,-72.73
177,90,16.4,-22.63,-72.44
177,90,16.56,-21.068,-70
177,90,16.72,-20.628,-70.11
177,90,16.88,-27.614,-78.08
177,90,17.04,-22.976,-74.23
177,90,17.2,-15.91,-68.34
177,90,17.36,-27.516,-80.16
177,90,17.52,-17.726,-70.26
177,90,17.68,-17.172,-70.25
177,90,17.84,-18.478,-71.39
177,90,18,-23.99,-76.8
178,90,2,-5.76,-27.55
178,90,2.16,-5.828,-29.24
178,90,2.32,-12.476,-38.13
178,90,2.48,-17.154,-44.4
178,90,2.64,-13.888,-42.6
178,90,2.8,-11.53,-38.59
178,90,2.96,-13.778,-42.09
178,90,3.12,-17.756,-45.99
178,90,3.28,-17.152,-47.17
178,90,3.44,-9.222,-37.87
178,90,3.6,-15.7,-43.15
178,90,3.76,-14.544,-44.03
178,90,3.92,-11.262,-38.81
178,90,4.08,-14.232,-41.9
178,90,4.24,-16.596,-45.62
178,90,4.4,-14.78,-44.59
178,90,4.56,-14.166,-43.98
178,90,4.72,-20.914,-50.9
178,90,4.88,-14.29,-44.42
178,90,5.04,-9.10999999999999,-39.16
178,90,5.2,-12.15,-43.57
178,90,5.36,-13.58,-44.38
178,90,5.52,-9.058,-39.34
178,90,5.68,-40.44,-71.81
178,90,5.84,-13.892,-45.34
178,90,6,-28.54,-60.08
178,90,6.16,-19.14,-51.18
178,90,6.32,-18.458,-51.95
178,90,6.48,-19.456,-53.54
178,90,6.64,-16.688,-51.08
178,90,6.8,-14.82,-48.32
178,90,6.96,-22.092,-56.42
178,90,7.12,-18.876,-53.47
178,90,7.28,-19.472,-53.85
178,90,7.44,-20.296,-54.63
178,90,7.6,-23.63,-57.03
178,90,7.76,-26.148,-61.37
178,90,7.92,-25.662,-60.29
178,90,8.08,-21.946,-56.75
178,90,8.24,-23.242,-58.35
178,90,8.4,-21.9,-57.28
178,90,8.56,-17.362,-53.64
178,90,8.72,-19.018,-56.32
178,90,8.88,-20.548,-57.69
178,90,9.04,-25.494,-63.28
178,90,9.2,-29,-67.86
178,90,9.36,-18.994,-57.06
178,90,9.52,-20.162,-58.54
178,90,9.68,-31.9,-70.79
178,90,9.84,-21.166,-60.28
178,90,10,-26.83,-65.9
178,90,10.16,-22.638,-62.28
178,90,10.32,-18.642,-58.27
178,90,10.48,-17.708,-57.24
178,90,10.64,-17.988,-58
178,90,10.8,-21.2,-61.47
178,90,10.96,-18.856,-58.84
178,90,11.12,-17.946,-58.19
178,90,11.28,-19.916,-60.36
178,90,11.44,-31.122,-71.87
178,90,11.6,-24.58,-65.45
178,90,11.76,-28.574,-69.69
178,90,11.92,-34.674,-75.8
178,90,12.08,-32.39,-74.58
178,90,12.24,-25.884,-68.14
178,90,12.4,-31.11,-73.77
178,90,12.56,-35.79,-79.86
178,90,12.72,-31.944,-76.5
178,90,12.88,-26.546,-71.75
178,90,13.04,-21.068,-67.57
178,90,13.2,-23.2,-69.98
178,90,13.36,-19.934,-66.15
178,90,13.52,-19.182,-65.19
178,90,13.68,-20.25,-66.93
178,90,13.84,-24.308,-71.79
178,90,14,-24.54,-72.39
178,90,14.16,-14.156,-62.38
178,90,14.32,-17.136,-66.09
178,90,14.48,-33.234,-85.06
178,90,14.64,-16.784,-66.24
178,90,14.8,-22.18,-70.19
178,90,14.96,-19.322,-66.45
178,90,15.12,-21.72,-68.15
178,90,15.28,-22.95,-69.5
178,90,15.44,-21.366,-67.68
178,90,15.6,-21.41,-68.04
178,90,15.76,-38.148,-85.34
178,90,15.92,-25.092,-72.27
178,90,16.08,-20.802,-68.26
178,90,16.24,-47.974,-96.1
178,90,16.4,-17.13,-66.94
178,90,16.56,-30.598,-79.53
178,90,16.72,-21.578,-71.06
178,90,16.88,-24.194,-74.66
178,90,17.04,-30.876,-82.13
178,90,17.2,-21.14,-73.57
178,90,17.36,-27.056,-79.7
178,90,17.52,-31.836,-84.37
178,90,17.68,-18.342,-71.42
178,90,17.84,-20.228,-73.14
178,90,18,-33.28,-86.09
179,90,2,-5.62,-27.41
179,90,2.16,-5.098,-28.51
179,90,2.32,-11.526,-37.18
179,90,2.48,-19.054,-46.3
179,90,2.64,-13.658,-42.37
179,90,2.8,-10.38,-37.44
179,90,2.96,-12.878,-41.19
179,90,3.12,-19.306,-47.54
179,90,3.28,-16.472,-46.49
179,90,3.44,-8.682,-37.33
179,90,3.6,-14.62,-42.07
179,90,3.76,-15.424,-44.91
179,90,3.92,-10.702,-38.25
179,90,4.08,-14.052,-41.72
179,90,4.24,-14.416,-43.44
179,90,4.4,-13.39,-43.2
179,90,4.56,-14.256,-44.07
179,90,4.72,-23.254,-53.24
179,90,4.88,-14.32,-44.45
179,90,5.04,-7.63,-37.68
179,90,5.2,-10.32,-41.74
179,90,5.36,-14.27,-45.07
179,90,5.52,-8.198,-38.48
179,90,5.68,-26.32,-57.69
179,90,5.84,-14.092,-45.54
179,90,6,-23.61,-55.15
179,90,6.16,-21.07,-53.11
179,90,6.32,-19.068,-52.56
179,90,6.48,-21.326,-55.41
179,90,6.64,-19.738,-54.13
179,90,6.8,-12.5,-46
179,90,6.96,-21.612,-55.94
179,90,7.12,-26.646,-61.24
179,90,7.28,-18.482,-52.86
179,90,7.44,-20.146,-54.48
179,90,7.6,-19.23,-52.63
179,90,7.76,-25.888,-61.11
179,90,7.92,-29.302,-63.93
179,90,8.08,-23.886,-58.69
179,90,8.24,-18.502,-53.61
179,90,8.4,-17.12,-52.5
179,90,8.56,-15.202,-51.48
179,90,8.72,-16.488,-53.79
179,90,8.88,-24.068,-61.21
179,90,9.04,-20.604,-58.39
179,90,9.2,-20.29,-59.15
179,90,9.36,-19.624,-57.69
179,90,9.52,-23.392,-61.77
179,90,9.68,-42.06,-80.95
179,90,9.84,-24.796,-63.91
179,90,10,-18.81,-57.88
179,90,10.16,-16.188,-55.83
179,90,10.32,-16.152,-55.78
179,90,10.48,-24.278,-63.81
179,90,10.64,-14.528,-54.54
179,90,10.8,-17.57,-57.84
179,90,10.96,-30.106,-70.09
179,90,11.12,-22.036,-62.28
179,90,11.28,-18.176,-58.62
179,90,11.44,-25.772,-66.52
179,90,11.6,-24.34,-65.21
179,90,11.76,-24.854,-65.97
179,90,11.92,-24.804,-65.93
179,90,12.08,-22.36,-64.55
179,90,12.24,-28.274,-70.53
179,90,12.4,-28.35,-71.01
179,90,12.56,-27.52,-71.59
179,90,12.72,-29.264,-73.82
179,90,12.88,-27.066,-72.27
179,90,13.04,-19.328,-65.83
179,90,13.2,-23.98,-70.76
179,90,13.36,-23.514,-69.73
179,90,13.52,-22.702,-68.71
179,90,13.68,-21.35,-68.03
179,90,13.84,-25.998,-73.48
179,90,14,-21.48,-69.33
179,90,14.16,-17.586,-65.81
179,90,14.32,-17.506,-66.46
179,90,14.48,-16.884,-68.71
179,90,14.64,-11.454,-60.91
179,90,14.8,-17.74,-65.75
179,90,14.96,-19.802,-66.93
179,90,15.12,-16.4,-62.83
179,90,15.28,-24.49,-71.04
179,90,15.44,-18.866,-65.18
179,90,15.6,-22.02,-68.65
179,90,15.76,-14.568,-61.76
179,90,15.92,-18.372,-65.55
179,90,16.08,-23.042,-70.5
179,90,16.24,-25.204,-73.33
179,90,16.4,-20.37,-70.18
179,90,16.56,-19.028,-67.96
179,90,16.72,-23.218,-72.7
179,90,16.88,-19.344,-69.81
179,90,17.04,-25.116,-76.37
179,90,17.2,-15.25,-67.68
179,90,17.36,-28.586,-81.23
179,90,17.52,-16.546,-69.08
179,90,17.68,-16.092,-69.17
179,90,17.84,-22.228,-75.14
179,90,18,-20.32,-73.13
180,90,2,-5.69,-27.48
180,90,2.16,-4.718,-28.13
180,90,2.32,-10.766,-36.42
180,90,2.48,-20.034,-47.28
180,90,2.64,-13.338,-42.05
180,90,2.8,-9.97,-37.03
180,90,2.96,-12.428,-40.74
180,90,3.12,-19.216,-47.45
180,90,3.28,-16.982,-47
180,90,3.44,-8.622,-37.27
180,90,3.6,-14.33,-41.78
180,90,3.76,-15.114,-44.6
180,90,3.92,-9.872,-37.42
180,90,4.08,-13.932,-41.6
180,90,4.24,-13.686,-42.71
180,90,4.4,-13.58,-43.39
180,90,4.56,-14.296,-44.11
180,90,4.72,-25.304,-55.29
180,90,4.88,-15.7,-45.83
180,90,5.04,-7.66,-37.71
180,90,5.2,-10.11,-41.53
180,90,5.36,-15.06,-45.86
180,90,5.52,-7.488,-37.77
180,90,5.68,-24.68,-56.05
180,90,5.84,-13.512,-44.96
180,90,6,-21.18,-52.72
180,90,6.16,-21.61,-53.65
180,90,6.32,-18.438,-51.93
180,90,6.48,-20.876,-54.96
180,90,6.64,-24.948,-59.34
180,90,6.8,-12.33,-45.83
180,90,6.96,-22.192,-56.52
180,90,7.12,-29.766,-64.36
180,90,7.28,-18.472,-52.85
180,90,7.44,-20.236,-54.57
180,90,7.6,-17.81,-51.21
180,90,7.76,-24.028,-59.25
180,90,7.92,-29.762,-64.39
180,90,8.08,-27.766,-62.57
180,90,8.24,-18.612,-53.72
180,90,8.4,-15.45,-50.83
180,90,8.56,-14.592,-50.87
180,90,8.72,-15.698,-53
180,90,8.88,-23.898,-61.04
180,90,9.04,-18.944,-56.73
180,90,9.2,-18.65,-57.51
180,90,9.36,-18.524,-56.59
180,90,9.52,-23.722,-62.1
180,90,9.68,-33.25,-72.14
180,90,9.84,-26.316,-65.43
180,90,10,-17.87,-56.94
180,90,10.16,-15.638,-55.28
180,90,10.32,-14.112,-53.74
180,90,10.48,-41.018,-80.55
180,90,10.64,-14.038,-54.05
180,90,10.8,-17.28,-57.55
180,90,10.96,-24.156,-64.14
180,90,11.12,-25.246,-65.49
180,90,11.28,-21.736,-62.18
180,90,11.44,-22.282,-63.03
180,90,11.6,-24.58,-65.45
180,90,11.76,-22.414,-63.53
180,90,11.92,-17.584,-58.71
180,90,12.08,-18.9,-61.09
180,90,12.24,-27.134,-69.39
180,90,12.4,-29.87,-72.53
180,90,12.56,-23.46,-67.53
180,90,12.72,-26.104,-70.66
180,90,12.88,-23.366,-68.57
180,90,13.04,-17.988,-64.49
180,90,13.2,-23.84,-70.62
180,90,13.36,-27.834,-74.05
180,90,13.52,-22.732,-68.74
180,90,13.68,-20.97,-67.65
180,90,13.84,-29.038,-76.52
180,90,14,-24.46,-72.31
180,90,14.16,-14.346,-62.57
180,90,14.32,-17.356,-66.31
180,90,14.48,-15.254,-67.08
180,90,14.64,-12.594,-62.05
180,90,14.8,-15.07,-63.08
180,90,14.96,-20.162,-67.29
180,90,15.12,-13.59,-60.02
180,90,15.28,-17.56,-64.11
180,90,15.44,-22.806,-69.12
180,90,15.6,-18.27,-64.9
180,90,15.76,-17.588,-64.78
180,90,15.92,-15.942,-63.12
180,90,16.08,-17.882,-65.34
180,90,16.24,-25.034,-73.16
180,90,16.4,-24.13,-73.94
180,90,16.56,-19.668,-68.6
180,90,16.72,-20.098,-69.58
180,90,16.88,-19.514,-69.98
180,90,17.04,-18.696,-69.95
180,90,17.2,-15.71,-68.14
180,90,17.36,-23.226,-75.87
180,90,17.52,-24.646,-77.18
180,90,17.68,-20.322,-73.4
180,90,17.84,-20.498,-73.41
180,90,18,-22.3,-75.11
