Phi (deg),Theta (deg),Freq (GHz),Gain (dB),S21 (dB)
0,90,2,8.57,-13.22
0,90,2.16,8.992,-14.42
0,90,2.32,8.974,-16.68
0,90,2.48,9.516,-17.73
0,90,2.64,8.852,-19.86
0,90,2.8,9.74,-17.32
0,90,2.96,9.772,-18.54
0,90,3.12,10.694,-17.54
0,90,3.28,10.038,-19.98
0,90,3.44,10.788,-17.86
0,90,3.6,10.89,-16.56
0,90,3.76,9.876,-19.61
0,90,3.92,11.488,-16.06
0,90,4.08,11.528,-16.14
0,90,4.24,11.524,-17.5
0,90,4.4,11.98,-17.83
0,90,4.56,12.294,-17.52
0,90,4.72,12.556,-17.43
0,90,4.88,12.82,-17.31
0,90,5.04,13.41,-16.64
0,90,5.2,13.21,-18.21
0,90,5.36,13.26,-17.54
0,90,5.52,13.562,-16.72
0,90,5.68,13.29,-18.08
0,90,5.84,13.598,-17.85
0,90,6,13.66,-17.88
0,90,6.16,14.04,-18
0,90,6.32,13.792,-19.7
0,90,6.48,14.124,-19.96
0,90,6.64,14.032,-20.36
0,90,6.8,14.47,-19.03
0,90,6.96,14.548,-19.78
0,90,7.12,14.694,-19.9
0,90,7.28,14.838,-19.54
0,90,7.44,14.604,-19.73
0,90,7.6,14.91,-18.49
0,90,7.76,14.322,-20.9
0,90,7.92,15.168,-19.46
0,90,8.08,15.084,-19.72
0,90,8.24,15.228,-19.88
0,90,8.4,15.35,-20.03
0,90,8.56,15.508,-20.77
0,90,8.72,15.392,-21.91
0,90,8.88,15.852,-21.29
0,90,9.04,15.866,-21.92
0,90,9.2,15.77,-23.09
0,90,9.36,15.996,-22.07
0,90,9.52,15.808,-22.57
0,90,9.68,15.77,-23.12
0,90,9.84,15.744,-23.37
0,90,10,15.82,-23.25
0,90,10.16,15.742,-23.9
0,90,10.32,15.958,-23.67
0,90,10.48,16.102,-23.43
0,90,10.64,16.032,-23.98
0,90,10.8,16.15,-24.12
0,90,10.96,16.304,-23.68
0,90,11.12,16.254,-23.99
0,90,11.28,16.284,-24.16
0,90,11.44,16.188,-24.56
0,90,11.6,16.31,-24.56
0,90,11.76,16.256,-24.86
0,90,11.92,16.486,-24.64
0,90,12.08,16.2,-25.99
0,90,12.24,16.546,-25.71
0,90,12.4,16.47,-26.19
0,90,12.56,16.29,-27.78
0,90,12.72,16.676,-27.88
0,90,12.88,16.774,-28.43
0,90,13.04,16.582,-29.92
0,90,13.2,17.06,-29.72
0,90,13.36,17.336,-28.88
0,90,13.52,17.538,-28.47
0,90,13.68,17.72,-28.96
0,90,13.84,17.802,-29.68
0,90,14,18.18,-29.67
0,90,14.16,18.394,-29.83
0,90,14.32,18.934,-30.02
0,90,14.48,17.976,-33.85
0,90,14.64,19.326,-30.13
0,90,14.8,19.21,-28.8
0,90,14.96,19.498,-27.63
0,90,15.12,19.74,-26.69
0,90,15.28,19.76,-26.79
0,90,15.44,20.154,-26.16
0,90,15.6,20.2,-26.43
0,90,15.76,20.232,-26.96
0,90,15.92,20.618,-26.56
0,90,16.08,20.608,-26.85
0,90,16.24,20.676,-27.45
0,90,16.4,20.44,-29.37
0,90,16.56,20.702,-28.23
0,90,16.72,20.332,-29.15
0,90,16.88,20.146,-30.32
0,90,17.04,20.224,-31.03
0,90,17.2,19.76,-32.67
0,90,17.36,19.324,-33.32
0,90,17.52,19.194,-33.34
0,90,17.68,18.638,-34.44
0,90,17.84,18.472,-34.44
0,90,18,18.24,-34.57
1,90,2,8.63,-13.16
1,90,2.16,8.982,-14.43
1,90,2.32,8.974,-16.68
1,90,2.48,9.516,-17.73
1,90,2.64,8.842,-19.87
1,90,2.8,9.77,-17.29
1,90,2.96,9.752,-18.56
1,90,3.12,10.664,-17.57
1,90,3.28,10.018,-20
1,90,3.44,10.738,-17.91
1,90,3.6,10.83,-16.62
1,90,3.76,9.886,-19.6
1,90,3.92,11.498,-16.05
1,90,4.08,11.498,-16.17
1,90,4.24,11.534,-17.49
1,90,4.4,11.99,-17.82
1,90,4.56,12.274,-17.54
1,90,4.72,12.526,-17.46
1,90,4.88,12.82,-17.31
1,90,5.04,13.39,-16.66
1,90,5.2,13.2,-18.22
1,90,5.36,13.26,-17.54
1,90,5.52,13.542,-16.74
1,90,5.68,13.25,-18.12
1,90,5.84,13.558,-17.89
1,90,6,13.64,-17.9
1,90,6.16,14.06,-17.98
1,90,6.32,13.772,-19.72
1,90,6.48,14.104,-19.98
1,90,6.64,14.022,-20.37
1,90,6.8,14.48,-19.02
1,90,6.96,14.528,-19.8
1,90,7.12,14.684,-19.91
1,90,7.28,14.848,-19.53
1,90,7.44,14.674,-19.66
1,90,7.6,14.91,-18.49
1,90,7.76,14.362,-20.86
1,90,7.92,15.148,-19.48
1,90,8.08,15.084,-19.72
1,90,8.24,15.238,-19.87
1,90,8.4,15.34,-20.04
1,90,8.56,15.478,-20.8
1,90,8.72,15.402,-21.9
1,90,8.88,15.792,-21.35
1,90,9.04,15.796,-21.99
1,90,9.2,15.76,-23.1
1,90,9.36,16.016,-22.05
1,90,9.52,15.788,-22.59
1,90,9.68,15.71,-23.18
1,90,9.84,15.664,-23.45
1,90,10,15.79,-23.28
1,90,10.16,15.712,-23.93
1,90,10.32,15.968,-23.66
1,90,10.48,16.102,-23.43
1,90,10.64,15.992,-24.02
1,90,10.8,16.14,-24.13
1,90,10.96,16.274,-23.71
1,90,11.12,16.174,-24.07
1,90,11.28,16.124,-24.32
1,90,11.44,16.128,-24.62
1,90,11.6,16.19,-24.68
1,90,11.76,16.166,-24.95
1,90,11.92,16.416,-24.71
1,90,12.08,16.13,-26.06
1,90,12.24,16.386,-25.87
1,90,12.4,16.34,-26.32
1,90,12.56,16.26,-27.81
1,90,12.72,16.626,-27.93
1,90,12.88,16.724,-28.48
1,90,13.04,16.562,-29.94
1,90,13.2,17.07,-29.71
1,90,13.36,17.246,-28.97
1,90,13.52,17.538,-28.47
1,90,13.68,17.74,-28.94
1,90,13.84,17.802,-29.68
1,90,14,18.09,-29.76
1,90,14.16,18.314,-29.91
1,90,14.32,18.844,-30.11
1,90,14.48,18.006,-33.82
1,90,14.64,19.216,-30.24
1,90,14.8,19.16,-28.85
1,90,14.96,19.478,-27.65
1,90,15.12,19.71,-26.72
1,90,15.28,19.87,-26.68
1,90,15.44,20.194,-26.12
1,90,15.6,20.14,-26.49
1,90,15.76,20.182,-27.01
1,90,15.92,20.628,-26.55
1,90,16.08,20.558,-26.9
1,90,16.24,20.586,-27.54
1,90,16.4,20.33,-29.48
1,90,16.56,20.642,-28.29
1,90,16.72,20.232,-29.25
1,90,16.88,20.046,-30.42
1,90,17.04,20.074,-31.18
1,90,17.2,19.47,-32.96
1,90,17.36,18.924,-33.72
1,90,17.52,18.724,-33.81
1,90,17.68,18.178,-34.9
1,90,17.84,18.062,-34.85
1,90,18,17.68,-35.13
2,90,2,8.6,-13.19
2,90,2.16,8.992,-14.42
2,90,2.32,8.934,-16.72
2,90,2.48,9.506,-17.74
2,90,2.64,8.842,-19.87
2,90,2.8,9.76,-17.3
2,90,2.96,9.782,-18.53
2,90,3.12,10.594,-17.64
2,90,3.28,10.008,-20.01
2,90,3.44,10.728,-17.92
2,90,3.6,10.73,-16.72
2,90,3.76,9.906,-19.58
2,90,3.92,11.488,-16.06
2,90,4.08,11.458,-16.21
2,90,4.24,11.494,-17.53
2,90,4.4,11.99,-17.82
2,90,4.56,12.234,-17.58
2,90,4.72,12.496,-17.49
2,90,4.88,12.77,-17.36
2,90,5.04,13.39,-16.66
2,90,5.2,13.1,-18.32
2,90,5.36,13.29,-17.51
2,90,5.52,13.492,-16.79
2,90,5.68,13.22,-18.15
2,90,5.84,13.538,-17.91
2,90,6,13.65,-17.89
2,90,6.16,14.05,-17.99
2,90,6.32,13.692,-19.8
2,90,6.48,14.074,-20.01
2,90,6.64,13.942,-20.45
2,90,6.8,14.4,-19.1
2,90,6.96,14.438,-19.89
2,90,7.12,14.624,-19.97
2,90,7.28,14.798,-19.58
2,90,7.44,14.664,-19.67
2,90,7.6,14.87,-18.53
2,90,7.76,14.382,-20.84
2,90,7.92,15.038,-19.59
2,90,8.08,15.044,-19.76
2,90,8.24,15.148,-19.96
2,90,8.4,15.26,-20.12
2,90,8.56,15.368,-20.91
2,90,8.72,15.202,-22.1
2,90,8.88,15.602,-21.54
2,90,9.04,15.646,-22.14
2,90,9.2,15.74,-23.12
2,90,9.36,15.896,-22.17
2,90,9.52,15.678,-22.7
2,90,9.68,15.63,-23.26
2,90,9.84,15.514,-23.6
2,90,10,15.64,-23.43
2,90,10.16,15.502,-24.14
2,90,10.32,15.798,-23.83
2,90,10.48,15.922,-23.61
2,90,10.64,15.842,-24.17
2,90,10.8,16.03,-24.24
2,90,10.96,16.114,-23.87
2,90,11.12,16.044,-24.2
2,90,11.28,15.904,-24.54
2,90,11.44,15.938,-24.81
2,90,11.6,15.94,-24.93
2,90,11.76,15.886,-25.23
2,90,11.92,16.116,-25.01
2,90,12.08,15.9,-26.29
2,90,12.24,16.186,-26.07
2,90,12.4,16.26,-26.4
2,90,12.56,16.15,-27.92
2,90,12.72,16.566,-27.99
2,90,12.88,16.574,-28.63
2,90,13.04,16.452,-30.05
2,90,13.2,17.06,-29.72
2,90,13.36,17.236,-28.98
2,90,13.52,17.528,-28.48
2,90,13.68,17.65,-29.03
2,90,13.84,17.842,-29.64
2,90,14,18.01,-29.84
2,90,14.16,18.254,-29.97
2,90,14.32,18.704,-30.25
2,90,14.48,17.776,-34.05
2,90,14.64,19.106,-30.35
2,90,14.8,19,-29.01
2,90,14.96,19.098,-28.03
2,90,15.12,19.44,-26.99
2,90,15.28,19.57,-26.98
2,90,15.44,19.904,-26.41
2,90,15.6,19.89,-26.74
2,90,15.76,19.912,-27.28
2,90,15.92,20.338,-26.84
2,90,16.08,20.288,-27.17
2,90,16.24,20.246,-27.88
2,90,16.4,20.01,-29.8
2,90,16.56,20.172,-28.76
2,90,16.72,19.822,-29.66
2,90,16.88,19.536,-30.93
2,90,17.04,19.534,-31.72
2,90,17.2,19,-33.43
2,90,17.36,18.364,-34.28
2,90,17.52,18.234,-34.3
2,90,17.68,17.468,-35.61
2,90,17.84,17.322,-35.59
2,90,18,16.81,-36
3,90,2,8.54,-13.25
3,90,2.16,9.042,-14.37
3,90,2.32,8.914,-16.74
3,90,2.48,9.516,-17.73
3,90,2.64,8.852,-19.86
3,90,2.8,9.69,-17.37
3,90,2.96,9.852,-18.46
3,90,3.12,10.574,-17.66
3,90,3.28,9.998,-20.02
3,90,3.44,10.718,-17.93
3,90,3.6,10.57,-16.88
3,90,3.76,9.896,-19.59
3,90,3.92,11.458,-16.09
3,90,4.08,11.408,-16.26
3,90,4.24,11.464,-17.56
3,90,4.4,11.93,-17.88
3,90,4.56,12.174,-17.64
3,90,4.72,12.456,-17.53
3,90,4.88,12.7,-17.43
3,90,5.04,13.36,-16.69
3,90,5.2,12.97,-18.45
3,90,5.36,13.31,-17.49
3,90,5.52,13.412,-16.87
3,90,5.68,13.22,-18.15
3,90,5.84,13.488,-17.96
3,90,6,13.6,-17.94
3,90,6.16,13.97,-18.07
3,90,6.32,13.642,-19.85
3,90,6.48,13.994,-20.09
3,90,6.64,13.842,-20.55
3,90,6.8,14.34,-19.16
3,90,6.96,14.348,-19.98
3,90,7.12,14.524,-20.07
3,90,7.28,14.708,-19.67
3,90,7.44,14.494,-19.84
3,90,7.6,14.68,-18.72
3,90,7.76,14.312,-20.91
3,90,7.92,14.888,-19.74
3,90,8.08,14.924,-19.88
3,90,8.24,15.028,-20.08
3,90,8.4,15.14,-20.24
3,90,8.56,15.178,-21.1
3,90,8.72,14.982,-22.32
3,90,8.88,15.452,-21.69
3,90,9.04,15.476,-22.31
3,90,9.2,15.57,-23.29
3,90,9.36,15.696,-22.37
3,90,9.52,15.418,-22.96
3,90,9.68,15.45,-23.44
3,90,9.84,15.274,-23.84
3,90,10,15.5,-23.57
3,90,10.16,15.302,-24.34
3,90,10.32,15.598,-24.03
3,90,10.48,15.722,-23.81
3,90,10.64,15.582,-24.43
3,90,10.8,15.75,-24.52
3,90,10.96,15.884,-24.1
3,90,11.12,15.824,-24.42
3,90,11.28,15.624,-24.82
3,90,11.44,15.688,-25.06
3,90,11.6,15.59,-25.28
3,90,11.76,15.576,-25.54
3,90,11.92,15.746,-25.38
3,90,12.08,15.48,-26.71
3,90,12.24,15.856,-26.4
3,90,12.4,15.87,-26.79
3,90,12.56,15.71,-28.36
3,90,12.72,16.196,-28.36
3,90,12.88,16.384,-28.82
3,90,13.04,16.152,-30.35
3,90,13.2,16.73,-30.05
3,90,13.36,16.856,-29.36
3,90,13.52,17.198,-28.81
3,90,13.68,17.48,-29.2
3,90,13.84,17.472,-30.01
3,90,14,17.7,-30.15
3,90,14.16,17.934,-30.29
3,90,14.32,18.384,-30.57
3,90,14.48,17.196,-34.63
3,90,14.64,18.536,-30.92
3,90,14.8,18.4,-29.61
3,90,14.96,18.598,-28.53
3,90,15.12,18.88,-27.55
3,90,15.28,18.98,-27.57
3,90,15.44,19.354,-26.96
3,90,15.6,19.36,-27.27
3,90,15.76,19.492,-27.7
3,90,15.92,19.828,-27.35
3,90,16.08,19.848,-27.61
3,90,16.24,19.886,-28.24
3,90,16.4,19.54,-30.27
3,90,16.56,19.582,-29.35
3,90,16.72,19.032,-30.45
3,90,16.88,18.696,-31.77
3,90,17.04,18.684,-32.57
3,90,17.2,18.02,-34.41
3,90,17.36,17.364,-35.28
3,90,17.52,17.174,-35.36
3,90,17.68,16.398,-36.68
3,90,17.84,16.302,-36.61
3,90,18,16.05,-36.76
4,90,2,8.49,-13.3
4,90,2.16,9.062,-14.35
4,90,2.32,8.894,-16.76
4,90,2.48,9.486,-17.76
4,90,2.64,8.862,-19.85
4,90,2.8,9.64,-17.42
4,90,2.96,9.902,-18.41
4,90,3.12,10.514,-17.72
4,90,3.28,9.968,-20.05
4,90,3.44,10.708,-17.94
4,90,3.6,10.45,-17
4,90,3.76,9.866,-19.62
4,90,3.92,11.408,-16.14
4,90,4.08,11.358,-16.31
4,90,4.24,11.404,-17.62
4,90,4.4,11.87,-17.94
4,90,4.56,12.114,-17.7
4,90,4.72,12.406,-17.58
4,90,4.88,12.58,-17.55
4,90,5.04,13.36,-16.69
4,90,5.2,12.81,-18.61
4,90,5.36,13.24,-17.56
4,90,5.52,13.312,-16.97
4,90,5.68,13.19,-18.18
4,90,5.84,13.418,-18.03
4,90,6,13.49,-18.05
4,90,6.16,13.86,-18.18
4,90,6.32,13.542,-19.95
4,90,6.48,13.894,-20.19
4,90,6.64,13.722,-20.67
4,90,6.8,14.17,-19.33
4,90,6.96,14.268,-20.06
4,90,7.12,14.384,-20.21
4,90,7.28,14.548,-19.83
4,90,7.44,14.284,-20.05
4,90,7.6,14.48,-18.92
4,90,7.76,14.142,-21.08
4,90,7.92,14.678,-19.95
4,90,8.08,14.704,-20.1
4,90,8.24,14.848,-20.26
4,90,8.4,14.9,-20.48
4,90,8.56,15.018,-21.26
4,90,8.72,14.812,-22.49
4,90,8.88,15.312,-21.83
4,90,9.04,15.266,-22.52
4,90,9.2,15.3,-23.56
4,90,9.36,15.486,-22.58
4,90,9.52,15.238,-23.14
4,90,9.68,15.15,-23.74
4,90,9.84,15.024,-24.09
4,90,10,15.18,-23.89
4,90,10.16,15.012,-24.63
4,90,10.32,15.308,-24.32
4,90,10.48,15.422,-24.11
4,90,10.64,15.272,-24.74
4,90,10.8,15.41,-24.86
4,90,10.96,15.544,-24.44
4,90,11.12,15.504,-24.74
4,90,11.28,15.244,-25.2
4,90,11.44,15.258,-25.49
4,90,11.6,15.15,-25.72
4,90,11.76,15.176,-25.94
4,90,11.92,15.256,-25.87
4,90,12.08,15.06,-27.13
4,90,12.24,15.286,-26.97
4,90,12.4,15.44,-27.22
4,90,12.56,15.31,-28.76
4,90,12.72,15.776,-28.78
4,90,12.88,15.994,-29.21
4,90,13.04,15.752,-30.75
4,90,13.2,16.42,-30.36
4,90,13.36,16.536,-29.68
4,90,13.52,16.798,-29.21
4,90,13.68,16.94,-29.74
4,90,13.84,17.032,-30.45
4,90,14,17.27,-30.58
4,90,14.16,17.444,-30.78
4,90,14.32,17.864,-31.09
4,90,14.48,16.816,-35.01
4,90,14.64,18.096,-31.36
4,90,14.8,17.92,-30.09
4,90,14.96,18.248,-28.88
4,90,15.12,18.33,-28.1
4,90,15.28,18.4,-28.15
4,90,15.44,18.634,-27.68
4,90,15.6,18.59,-28.04
4,90,15.76,18.502,-28.69
4,90,15.92,18.868,-28.31
4,90,16.08,18.788,-28.67
4,90,16.24,18.816,-29.31
4,90,16.4,18.6,-31.21
4,90,16.56,18.672,-30.26
4,90,16.72,18.032,-31.45
4,90,16.88,17.646,-32.82
4,90,17.04,17.624,-33.63
4,90,17.2,16.89,-35.54
4,90,17.36,15.964,-36.68
4,90,17.52,15.894,-36.64
4,90,17.68,15.048,-38.03
4,90,17.84,14.892,-38.02
4,90,18,14.69,-38.12
5,90,2,8.42,-13.37
5,90,2.16,9.082,-14.33
5,90,2.32,8.844,-16.81
5,90,2.48,9.436,-17.81
5,90,2.64,8.852,-19.86
5,90,2.8,9.57,-17.49
5,90,2.96,9.962,-18.35
5,90,3.12,10.414,-17.82
5,90,3.28,9.938,-20.08
5,90,3.44,10.708,-17.94
5,90,3.6,10.34,-17.11
5,90,3.76,9.826,-19.66
5,90,3.92,11.338,-16.21
5,90,4.08,11.288,-16.38
5,90,4.24,11.354,-17.67
5,90,4.4,11.81,-18
5,90,4.56,12.054,-17.76
5,90,4.72,12.356,-17.63
5,90,4.88,12.5,-17.63
5,90,5.04,13.3,-16.75
5,90,5.2,12.64,-18.78
5,90,5.36,13.12,-17.68
5,90,5.52,13.162,-17.12
5,90,5.68,13.06,-18.31
5,90,5.84,13.278,-18.17
5,90,6,13.35,-18.19
5,90,6.16,13.74,-18.3
5,90,6.32,13.432,-20.06
5,90,6.48,13.744,-20.34
5,90,6.64,13.562,-20.83
5,90,6.8,14,-19.5
5,90,6.96,14.118,-20.21
5,90,7.12,14.164,-20.43
5,90,7.28,14.278,-20.1
5,90,7.44,14.124,-20.21
5,90,7.6,14.3,-19.1
5,90,7.76,13.922,-21.3
5,90,7.92,14.448,-20.18
5,90,8.08,14.464,-20.34
5,90,8.24,14.598,-20.51
5,90,8.4,14.65,-20.73
5,90,8.56,14.828,-21.45
5,90,8.72,14.632,-22.67
5,90,8.88,15.072,-22.07
5,90,9.04,15.036,-22.75
5,90,9.2,15.07,-23.79
5,90,9.36,15.216,-22.85
5,90,9.52,14.918,-23.46
5,90,9.68,14.78,-24.11
5,90,9.84,14.674,-24.44
5,90,10,14.75,-24.32
5,90,10.16,14.602,-25.04
5,90,10.32,14.858,-24.77
5,90,10.48,15.002,-24.53
5,90,10.64,14.832,-25.18
5,90,10.8,14.95,-25.32
5,90,10.96,15.034,-24.95
5,90,11.12,14.994,-25.25
5,90,11.28,14.714,-25.73
5,90,11.44,14.688,-26.06
5,90,11.6,14.56,-26.31
5,90,11.76,14.516,-26.6
5,90,11.92,14.596,-26.53
5,90,12.08,14.48,-27.71
5,90,12.24,14.686,-27.57
5,90,12.4,14.83,-27.83
5,90,12.56,14.75,-29.32
5,90,12.72,15.286,-29.27
5,90,12.88,15.504,-29.7
5,90,13.04,15.262,-31.24
5,90,13.2,16.09,-30.69
5,90,13.36,16.046,-30.17
5,90,13.52,16.378,-29.63
5,90,13.68,16.53,-30.15
5,90,13.84,16.512,-30.97
5,90,14,16.7,-31.15
5,90,14.16,16.804,-31.42
5,90,14.32,17.164,-31.79
5,90,14.48,16.106,-35.72
5,90,14.64,17.356,-32.1
5,90,14.8,17.04,-30.97
5,90,14.96,17.298,-29.83
5,90,15.12,17.42,-29.01
5,90,15.28,17.47,-29.08
5,90,15.44,17.644,-28.67
5,90,15.6,17.56,-29.07
5,90,15.76,17.562,-29.63
5,90,15.92,17.748,-29.43
5,90,16.08,17.628,-29.83
5,90,16.24,17.546,-30.58
5,90,16.4,17.33,-32.48
5,90,16.56,17.312,-31.62
5,90,16.72,16.632,-32.85
5,90,16.88,16.136,-34.33
5,90,17.04,16.094,-35.16
5,90,17.2,15.33,-37.1
5,90,17.36,14.514,-38.13
5,90,17.52,14.294,-38.24
5,90,17.68,13.528,-39.55
5,90,17.84,13.662,-39.25
5,90,18,13.62,-39.19
6,90,2,8.31,-13.48
6,90,2.16,9.092,-14.32
6,90,2.32,8.794,-16.86
6,90,2.48,9.376,-17.87
6,90,2.64,8.822,-19.89
6,90,2.8,9.45,-17.61
6,90,2.96,9.982,-18.33
6,90,3.12,10.334,-17.9
6,90,3.28,9.848,-20.17
6,90,3.44,10.698,-17.95
6,90,3.6,10.26,-17.19
6,90,3.76,9.736,-19.75
6,90,3.92,11.258,-16.29
6,90,4.08,11.198,-16.47
6,90,4.24,11.284,-17.74
6,90,4.4,11.73,-18.08
6,90,4.56,11.944,-17.87
6,90,4.72,12.316,-17.67
6,90,4.88,12.38,-17.75
6,90,5.04,13.2,-16.85
6,90,5.2,12.5,-18.92
6,90,5.36,13.03,-17.77
6,90,5.52,13.052,-17.23
6,90,5.68,12.87,-18.5
6,90,5.84,13.148,-18.3
6,90,6,13.21,-18.33
6,90,6.16,13.6,-18.44
6,90,6.32,13.262,-20.23
6,90,6.48,13.534,-20.55
6,90,6.64,13.362,-21.03
6,90,6.8,13.74,-19.76
6,90,6.96,13.878,-20.45
6,90,7.12,13.904,-20.69
6,90,7.28,14.008,-20.37
6,90,7.44,13.914,-20.42
6,90,7.6,14.03,-19.37
6,90,7.76,13.642,-21.58
6,90,7.92,14.198,-20.43
6,90,8.08,14.204,-20.6
6,90,8.24,14.278,-20.83
6,90,8.4,14.4,-20.98
6,90,8.56,14.538,-21.74
6,90,8.72,14.292,-23.01
6,90,8.88,14.692,-22.45
6,90,9.04,14.676,-23.11
6,90,9.2,14.71,-24.15
6,90,9.36,14.766,-23.3
6,90,9.52,14.458,-23.92
6,90,9.68,14.34,-24.55
6,90,9.84,14.274,-24.84
6,90,10,14.24,-24.83
6,90,10.16,14.192,-25.45
6,90,10.32,14.338,-25.29
6,90,10.48,14.392,-25.14
6,90,10.64,14.402,-25.61
6,90,10.8,14.36,-25.91
6,90,10.96,14.484,-25.5
6,90,11.12,14.394,-25.85
6,90,11.28,14.074,-26.37
6,90,11.44,14.078,-26.67
6,90,11.6,13.87,-27
6,90,11.76,13.806,-27.31
6,90,11.92,13.826,-27.3
6,90,12.08,13.68,-28.51
6,90,12.24,13.946,-28.31
6,90,12.4,14.22,-28.44
6,90,12.56,14.01,-30.06
6,90,12.72,14.696,-29.86
6,90,12.88,14.904,-30.3
6,90,13.04,14.702,-31.8
6,90,13.2,15.55,-31.23
6,90,13.36,15.576,-30.64
6,90,13.52,15.738,-30.27
6,90,13.68,15.82,-30.86
6,90,13.84,15.852,-31.63
6,90,14,15.96,-31.89
6,90,14.16,16.074,-32.15
6,90,14.32,16.354,-32.6
6,90,14.48,15.166,-36.66
6,90,14.64,16.476,-32.98
6,90,14.8,15.84,-32.17
6,90,14.96,16.298,-30.83
6,90,15.12,16.27,-30.16
6,90,15.28,16.28,-30.27
6,90,15.44,16.434,-29.88
6,90,15.6,16.26,-30.37
6,90,15.76,16.152,-31.04
6,90,15.92,16.268,-30.91
6,90,16.08,16.268,-31.19
6,90,16.24,16.096,-32.03
6,90,16.4,15.67,-34.14
6,90,16.56,15.662,-33.27
6,90,16.72,14.942,-34.54
6,90,16.88,14.446,-36.02
6,90,17.04,14.314,-36.94
6,90,17.2,13.57,-38.86
6,90,17.36,12.734,-39.91
6,90,17.52,12.574,-39.96
6,90,17.68,12.098,-40.98
6,90,17.84,12.442,-40.47
6,90,18,12.9,-39.91
7,90,2,8.2,-13.59
7,90,2.16,9.092,-14.32
7,90,2.32,8.744,-16.91
7,90,2.48,9.306,-17.94
7,90,2.64,8.792,-19.92
7,90,2.8,9.33,-17.73
7,90,2.96,9.952,-18.36
7,90,3.12,10.214,-18.02
7,90,3.28,9.808,-20.21
7,90,3.44,10.638,-18.01
7,90,3.6,10.23,-17.22
7,90,3.76,9.636,-19.85
7,90,3.92,11.198,-16.35
7,90,4.08,11.158,-16.51
7,90,4.24,11.214,-17.81
7,90,4.4,11.64,-18.17
7,90,4.56,11.834,-17.98
7,90,4.72,12.246,-17.74
7,90,4.88,12.27,-17.86
7,90,5.04,13.08,-16.97
7,90,5.2,12.39,-19.03
7,90,5.36,12.9,-17.9
7,90,5.52,12.912,-17.37
7,90,5.68,12.64,-18.73
7,90,5.84,12.988,-18.46
7,90,6,13.02,-18.52
7,90,6.16,13.39,-18.65
7,90,6.32,13.082,-20.41
7,90,6.48,13.274,-20.81
7,90,6.64,13.092,-21.3
7,90,6.8,13.44,-20.06
7,90,6.96,13.668,-20.66
7,90,7.12,13.664,-20.93
7,90,7.28,13.718,-20.66
7,90,7.44,13.654,-20.68
7,90,7.6,13.66,-19.74
7,90,7.76,13.392,-21.83
7,90,7.92,13.828,-20.8
7,90,8.08,13.924,-20.88
7,90,8.24,13.938,-21.17
7,90,8.4,14.03,-21.35
7,90,8.56,14.068,-22.21
7,90,8.72,13.852,-23.45
7,90,8.88,14.212,-22.93
7,90,9.04,14.206,-23.58
7,90,9.2,14.25,-24.61
7,90,9.36,14.266,-23.8
7,90,9.52,13.998,-24.38
7,90,9.68,13.81,-25.08
7,90,9.84,13.714,-25.4
7,90,10,13.73,-25.34
7,90,10.16,13.602,-26.04
7,90,10.32,13.758,-25.87
7,90,10.48,13.822,-25.71
7,90,10.64,13.842,-26.17
7,90,10.8,13.71,-26.56
7,90,10.96,13.744,-26.24
7,90,11.12,13.774,-26.47
7,90,11.28,13.334,-27.11
7,90,11.44,13.328,-27.42
7,90,11.6,12.96,-27.91
7,90,11.76,12.966,-28.15
7,90,11.92,12.816,-28.31
7,90,12.08,12.9,-29.29
7,90,12.24,13.126,-29.13
7,90,12.4,13.38,-29.28
7,90,12.56,13.28,-30.79
7,90,12.72,13.926,-30.63
7,90,12.88,14.164,-31.04
7,90,13.04,13.952,-32.55
7,90,13.2,14.9,-31.88
7,90,13.36,14.796,-31.42
7,90,13.52,15.048,-30.96
7,90,13.68,15.19,-31.49
7,90,13.84,15.022,-32.46
7,90,14,15.15,-32.7
7,90,14.16,15.224,-33
7,90,14.32,15.384,-33.57
7,90,14.48,14.176,-37.65
7,90,14.64,15.406,-34.05
7,90,14.8,14.69,-33.32
7,90,14.96,15.018,-32.11
7,90,15.12,15.06,-31.37
7,90,15.28,14.74,-31.81
7,90,15.44,14.974,-31.34
7,90,15.6,14.65,-31.98
7,90,15.76,14.652,-32.54
7,90,15.92,14.608,-32.57
7,90,16.08,14.548,-32.91
7,90,16.24,14.396,-33.73
7,90,16.4,14.04,-35.77
7,90,16.56,13.932,-35
7,90,16.72,13.102,-36.38
7,90,16.88,12.346,-38.12
7,90,17.04,12.414,-38.84
7,90,17.2,11.93,-40.5
7,90,17.36,11.404,-41.24
7,90,17.52,11.554,-40.98
7,90,17.68,11.608,-41.47
7,90,17.84,12.432,-40.48
7,90,18,13.14,-39.67
8,90,2,8.08,-13.71
8,90,2.16,9.072,-14.34
8,90,2.32,8.694,-16.96
8,90,2.48,9.186,-18.06
8,90,2.64,8.722,-19.99
8,90,2.8,9.17,-17.89
8,90,2.96,9.942,-18.37
8,90,3.12,10.124,-18.11
8,90,3.28,9.748,-20.27
8,90,3.44,10.538,-18.11
8,90,3.6,10.16,-17.29
8,90,3.76,9.526,-19.96
8,90,3.92,11.118,-16.43
8,90,4.08,11.088,-16.58
8,90,4.24,11.064,-17.96
8,90,4.4,11.5,-18.31
8,90,4.56,11.664,-18.15
8,90,4.72,12.156,-17.83
8,90,4.88,12.08,-18.05
8,90,5.04,12.91,-17.14
8,90,5.2,12.3,-19.12
8,90,5.36,12.71,-18.09
8,90,5.52,12.762,-17.52
8,90,5.68,12.41,-18.96
8,90,5.84,12.748,-18.7
8,90,6,12.77,-18.77
8,90,6.16,13.15,-18.89
8,90,6.32,12.882,-20.61
8,90,6.48,13.014,-21.07
8,90,6.64,12.872,-21.52
8,90,6.8,13.15,-20.35
8,90,6.96,13.388,-20.94
8,90,7.12,13.434,-21.16
8,90,7.28,13.358,-21.02
8,90,7.44,13.364,-20.97
8,90,7.6,13.27,-20.13
8,90,7.76,13.142,-22.08
8,90,7.92,13.368,-21.26
8,90,8.08,13.594,-21.21
8,90,8.24,13.538,-21.57
8,90,8.4,13.58,-21.8
8,90,8.56,13.618,-22.66
8,90,8.72,13.422,-23.88
8,90,8.88,13.672,-23.47
8,90,9.04,13.696,-24.09
8,90,9.2,13.85,-25.01
8,90,9.36,13.726,-24.34
8,90,9.52,13.338,-25.04
8,90,9.68,13.23,-25.66
8,90,9.84,13.074,-26.04
8,90,10,13.16,-25.91
8,90,10.16,12.932,-26.71
8,90,10.32,13.048,-26.58
8,90,10.48,13.082,-26.45
8,90,10.64,13.142,-26.87
8,90,10.8,12.93,-27.34
8,90,10.96,13.004,-26.98
8,90,11.12,12.874,-27.37
8,90,11.28,12.334,-28.11
8,90,11.44,12.468,-28.28
8,90,11.6,11.8,-29.07
8,90,11.76,12.066,-29.05
8,90,11.92,11.846,-29.28
8,90,12.08,11.9,-30.29
8,90,12.24,12.166,-30.09
8,90,12.4,12.49,-30.17
8,90,12.56,12.32,-31.75
8,90,12.72,13.006,-31.55
8,90,12.88,13.534,-31.67
8,90,13.04,13.242,-33.26
8,90,13.2,14.16,-32.62
8,90,13.36,13.986,-32.23
8,90,13.52,14.268,-31.74
8,90,13.68,14.26,-32.42
8,90,13.84,14.142,-33.34
8,90,14,14.18,-33.67
8,90,14.16,14.104,-34.12
8,90,14.32,14.304,-34.65
8,90,14.48,12.966,-38.86
8,90,14.64,14.136,-35.32
8,90,14.8,13.37,-34.64
8,90,14.96,13.538,-33.59
8,90,15.12,13.51,-32.92
8,90,15.28,12.94,-33.61
8,90,15.44,13.204,-33.11
8,90,15.6,12.63,-34
8,90,15.76,12.722,-34.47
8,90,15.92,12.608,-34.57
8,90,16.08,12.528,-34.93
8,90,16.24,12.526,-35.6
8,90,16.4,12,-37.81
8,90,16.56,11.842,-37.09
8,90,16.72,11.162,-38.32
8,90,16.88,10.636,-39.83
8,90,17.04,11.254,-40
8,90,17.2,11.05,-41.38
8,90,17.36,10.454,-42.19
8,90,17.52,11.614,-40.92
8,90,17.68,11.678,-41.4
8,90,17.84,12.352,-40.56
8,90,18,13.21,-39.6
9,90,2,7.97,-13.82
9,90,2.16,9.052,-14.36
9,90,2.32,8.654,-17
9,90,2.48,9.096,-18.15
9,90,2.64,8.672,-20.04
9,90,2.8,9.01,-18.05
9,90,2.96,9.902,-18.41
9,90,3.12,10.064,-18.17
9,90,3.28,9.658,-20.36
9,90,3.44,10.388,-18.26
9,90,3.6,10.08,-17.37
9,90,3.76,9.426,-20.06
9,90,3.92,11.058,-16.49
9,90,4.08,10.998,-16.67
9,90,4.24,10.894,-18.13
9,90,4.4,11.35,-18.46
9,90,4.56,11.494,-18.32
9,90,4.72,12.006,-17.98
9,90,4.88,11.89,-18.24
9,90,5.04,12.72,-17.33
9,90,5.2,12.17,-19.25
9,90,5.36,12.44,-18.36
9,90,5.52,12.562,-17.72
9,90,5.68,12.21,-19.16
9,90,5.84,12.548,-18.9
9,90,6,12.53,-19.01
9,90,6.16,12.96,-19.08
9,90,6.32,12.682,-20.81
9,90,6.48,12.764,-21.32
9,90,6.64,12.592,-21.8
9,90,6.8,12.86,-20.64
9,90,6.96,13.038,-21.29
9,90,7.12,13.124,-21.47
9,90,7.28,12.878,-21.5
9,90,7.44,13.014,-21.32
9,90,7.6,12.79,-20.61
9,90,7.76,12.842,-22.38
9,90,7.92,12.818,-21.81
9,90,8.08,13.194,-21.61
9,90,8.24,13.018,-22.09
9,90,8.4,13.14,-22.24
9,90,8.56,13.138,-23.14
9,90,8.72,12.902,-24.4
9,90,8.88,13.132,-24.01
9,90,9.04,13.116,-24.67
9,90,9.2,13.23,-25.63
9,90,9.36,13.146,-24.92
9,90,9.52,12.558,-25.82
9,90,9.68,12.62,-26.27
9,90,9.84,12.424,-26.69
9,90,10,12.39,-26.68
9,90,10.16,12.222,-27.42
9,90,10.32,12.348,-27.28
9,90,10.48,12.282,-27.25
9,90,10.64,12.392,-27.62
9,90,10.8,12.18,-28.09
9,90,10.96,12.094,-27.89
9,90,11.12,11.974,-28.27
9,90,11.28,11.324,-29.12
9,90,11.44,11.508,-29.24
9,90,11.6,10.71,-30.16
9,90,11.76,11.006,-30.11
9,90,11.92,10.696,-30.43
9,90,12.08,10.84,-31.35
9,90,12.24,11.106,-31.15
9,90,12.4,11.47,-31.19
9,90,12.56,11.4,-32.67
9,90,12.72,12.136,-32.42
9,90,12.88,12.664,-32.54
9,90,13.04,12.412,-34.09
9,90,13.2,13.36,-33.42
9,90,13.36,13.156,-33.06
9,90,13.52,13.368,-32.64
9,90,13.68,13.42,-33.26
9,90,13.84,13.112,-34.37
9,90,14,13.15,-34.7
9,90,14.16,12.964,-35.26
9,90,14.32,13.054,-35.9
9,90,14.48,11.536,-40.29
9,90,14.64,12.616,-36.84
9,90,14.8,11.72,-36.29
9,90,14.96,11.968,-35.16
9,90,15.12,11.89,-34.54
9,90,15.28,10.93,-35.62
9,90,15.44,11.324,-34.99
9,90,15.6,10.54,-36.09
9,90,15.76,10.532,-36.66
9,90,15.92,10.318,-36.86
9,90,16.08,10.588,-36.87
9,90,16.24,10.586,-37.54
9,90,16.4,10.24,-39.57
9,90,16.56,10.322,-38.61
9,90,16.72,9.742,-39.74
9,90,16.88,9.74600000000001,-40.72
9,90,17.04,10.514,-40.74
9,90,17.2,10.48,-41.95
9,90,17.36,10.454,-42.19
9,90,17.52,11.974,-40.56
9,90,17.68,12.008,-41.07
9,90,17.84,12.772,-40.14
9,90,18,13.64,-39.17
10,90,2,7.85,-13.94
10,90,2.16,9.002,-14.41
10,90,2.32,8.574,-17.08
10,90,2.48,8.966,-18.28
10,90,2.64,8.572,-20.14
10,90,2.8,8.85,-18.21
10,90,2.96,9.862,-18.45
10,90,3.12,9.964,-18.27
10,90,3.28,9.608,-20.41
10,90,3.44,10.188,-18.46
10,90,3.6,9.99,-17.46
10,90,3.76,9.276,-20.21
10,90,3.92,10.948,-16.6
10,90,4.08,10.908,-16.76
10,90,4.24,10.694,-18.33
10,90,4.4,11.2,-18.61
10,90,4.56,11.304,-18.51
10,90,4.72,11.846,-18.14
10,90,4.88,11.69,-18.44
10,90,5.04,12.48,-17.57
10,90,5.2,12.04,-19.38
10,90,5.36,12.12,-18.68
10,90,5.52,12.352,-17.93
10,90,5.68,12,-19.37
10,90,5.84,12.288,-19.16
10,90,6,12.28,-19.26
10,90,6.16,12.75,-19.29
10,90,6.32,12.382,-21.11
10,90,6.48,12.414,-21.67
10,90,6.64,12.242,-22.15
10,90,6.8,12.52,-20.98
10,90,6.96,12.608,-21.72
10,90,7.12,12.674,-21.92
10,90,7.28,12.408,-21.97
10,90,7.44,12.644,-21.69
10,90,7.6,12.27,-21.13
10,90,7.76,12.462,-22.76
10,90,7.92,12.298,-22.33
10,90,8.08,12.754,-22.05
10,90,8.24,12.498,-22.61
10,90,8.4,12.64,-22.74
10,90,8.56,12.548,-23.73
10,90,8.72,12.262,-25.04
10,90,8.88,12.432,-24.71
10,90,9.04,12.486,-25.3
10,90,9.2,12.53,-26.33
10,90,9.36,12.476,-25.59
10,90,9.52,11.748,-26.63
10,90,9.68,11.9,-26.99
10,90,9.84,11.564,-27.55
10,90,10,11.55,-27.52
10,90,10.16,11.282,-28.36
10,90,10.32,11.538,-28.09
10,90,10.48,11.402,-28.13
10,90,10.64,11.442,-28.57
10,90,10.8,11.19,-29.08
10,90,10.96,11.044,-28.94
10,90,11.12,11.004,-29.24
10,90,11.28,10.274,-30.17
10,90,11.44,10.348,-30.4
10,90,11.6,9.39,-31.48
10,90,11.76,9.636,-31.48
10,90,11.92,9.376,-31.75
10,90,12.08,9.69,-32.5
10,90,12.24,10.026,-32.23
10,90,12.4,10.55,-32.11
10,90,12.56,10.46,-33.61
10,90,12.72,11.316,-33.24
10,90,12.88,11.834,-33.37
10,90,13.04,11.452,-35.05
10,90,13.2,12.52,-34.26
10,90,13.36,12.266,-33.95
10,90,13.52,12.328,-33.68
10,90,13.68,12.46,-34.22
10,90,13.84,11.942,-35.54
10,90,14,11.97,-35.88
10,90,14.16,11.794,-36.43
10,90,14.32,11.684,-37.27
10,90,14.48,10.106,-41.72
10,90,14.64,10.956,-38.5
10,90,14.8,10.14,-37.87
10,90,14.96,9.908,-37.22
10,90,15.12,9.95,-36.48
10,90,15.28,8.58,-37.97
10,90,15.44,9.234,-37.08
10,90,15.6,8.41,-38.22
10,90,15.76,8.192,-39
10,90,15.92,8.22799999999999,-38.95
10,90,16.08,8.728,-38.73
10,90,16.24,9.21599999999999,-38.91
10,90,16.4,8.85,-40.96
10,90,16.56,9.16200000000001,-39.77
10,90,16.72,9.012,-40.47
10,90,16.88,9.34600000000001,-41.12
10,90,17.04,10.724,-40.53
10,90,17.2,10.62,-41.81
10,90,17.36,11.004,-41.64
10,90,17.52,11.994,-40.54
10,90,17.68,12.388,-40.69
10,90,17.84,12.692,-40.22
10,90,18,13.46,-39.35
11,90,2,7.76,-14.03
11,90,2.16,8.952,-14.46
11,90,2.32,8.494,-17.16
11,90,2.48,8.826,-18.42
11,90,2.64,8.512,-20.2
11,90,2.8,8.68,-18.38
11,90,2.96,9.812,-18.5
11,90,3.12,9.894,-18.34
11,90,3.28,9.548,-20.47
11,90,3.44,9.958,-18.69
11,90,3.6,9.88,-17.57
11,90,3.76,9.166,-20.32
11,90,3.92,10.818,-16.73
11,90,4.08,10.788,-16.88
11,90,4.24,10.454,-18.57
11,90,4.4,11.05,-18.76
11,90,4.56,11.104,-18.71
11,90,4.72,11.656,-18.33
11,90,4.88,11.52,-18.61
11,90,5.04,12.21,-17.84
11,90,5.2,11.86,-19.56
11,90,5.36,11.86,-18.94
11,90,5.52,12.112,-18.17
11,90,5.68,11.81,-19.56
11,90,5.84,11.978,-19.47
11,90,6,11.96,-19.58
11,90,6.16,12.48,-19.56
11,90,6.32,12.032,-21.46
11,90,6.48,11.984,-22.1
11,90,6.64,11.832,-22.56
11,90,6.8,12.14,-21.36
11,90,6.96,12.178,-22.15
11,90,7.12,12.254,-22.34
11,90,7.28,11.978,-22.4
11,90,7.44,12.224,-22.11
11,90,7.6,11.74,-21.66
11,90,7.76,11.992,-23.23
11,90,7.92,11.828,-22.8
11,90,8.08,12.204,-22.6
11,90,8.24,11.958,-23.15
11,90,8.4,11.96,-23.42
11,90,8.56,11.918,-24.36
11,90,8.72,11.552,-25.75
11,90,8.88,11.682,-25.46
11,90,9.04,11.806,-25.98
11,90,9.2,11.79,-27.07
11,90,9.36,11.766,-26.3
11,90,9.52,10.928,-27.45
11,90,9.68,11.14,-27.75
11,90,9.84,10.614,-28.5
11,90,10,10.62,-28.45
11,90,10.16,10.392,-29.25
11,90,10.32,10.568,-29.06
11,90,10.48,10.382,-29.15
11,90,10.64,10.502,-29.51
11,90,10.8,10.1,-30.17
11,90,10.96,9.924,-30.06
11,90,11.12,9.824,-30.42
11,90,11.28,9.044,-31.4
11,90,11.44,9.068,-31.68
11,90,11.6,8.06,-32.81
11,90,11.76,8.176,-32.94
11,90,11.92,8.166,-32.96
11,90,12.08,8.38,-33.81
11,90,12.24,8.906,-33.35
11,90,12.4,9.26,-33.4
11,90,12.56,9.31000000000001,-34.76
11,90,12.72,10.336,-34.22
11,90,12.88,10.894,-34.31
11,90,13.04,10.392,-36.11
11,90,13.2,11.62,-35.16
11,90,13.36,11.396,-34.82
11,90,13.52,11.348,-34.66
11,90,13.68,11.38,-35.3
11,90,13.84,10.852,-36.63
11,90,14,10.63,-37.22
11,90,14.16,10.464,-37.76
11,90,14.32,10.024,-38.93
11,90,14.48,8.72600000000001,-43.1
11,90,14.64,9.19599999999999,-40.26
11,90,14.8,8.4,-39.61
11,90,14.96,7.858,-39.27
11,90,15.12,7.77,-38.66
11,90,15.28,6.23999999999999,-40.31
11,90,15.44,6.894,-39.42
11,90,15.6,6.07,-40.56
11,90,15.76,6.352,-40.84
11,90,15.92,6.558,-40.62
11,90,16.08,7.508,-39.95
11,90,16.24,8.02599999999999,-40.1
11,90,16.4,7.68,-42.13
11,90,16.56,8.63200000000001,-40.3
11,90,16.72,8.792,-40.69
11,90,16.88,9.49600000000001,-40.97
11,90,17.04,10.814,-40.44
11,90,17.2,10.79,-41.64
11,90,17.36,11.174,-41.47
11,90,17.52,12.274,-40.26
11,90,17.68,12.248,-40.83
11,90,17.84,12.582,-40.33
11,90,18,13.24,-39.57
12,90,2,7.64,-14.15
12,90,2.16,8.882,-14.53
12,90,2.32,8.394,-17.26
12,90,2.48,8.696,-18.55
12,90,2.64,8.432,-20.28
12,90,2.8,8.55,-18.51
12,90,2.96,9.752,-18.56
12,90,3.12,9.774,-18.46
12,90,3.28,9.468,-20.55
12,90,3.44,9.808,-18.84
12,90,3.6,9.75,-17.7
12,90,3.76,9.046,-20.44
12,90,3.92,10.668,-16.88
12,90,4.08,10.678,-16.99
12,90,4.24,10.314,-18.71
12,90,4.4,10.88,-18.93
12,90,4.56,10.924,-18.89
12,90,4.72,11.446,-18.54
12,90,4.88,11.36,-18.77
12,90,5.04,11.95,-18.1
12,90,5.2,11.68,-19.74
12,90,5.36,11.6,-19.2
12,90,5.52,11.822,-18.46
12,90,5.68,11.56,-19.81
12,90,5.84,11.658,-19.79
12,90,6,11.62,-19.92
12,90,6.16,12.19,-19.85
12,90,6.32,11.712,-21.78
12,90,6.48,11.604,-22.48
12,90,6.64,11.442,-22.95
12,90,6.8,11.7,-21.8
12,90,6.96,11.778,-22.55
12,90,7.12,11.814,-22.78
12,90,7.28,11.528,-22.85
12,90,7.44,11.724,-22.61
12,90,7.6,11.21,-22.19
12,90,7.76,11.402,-23.82
12,90,7.92,11.208,-23.42
12,90,8.08,11.604,-23.2
12,90,8.24,11.348,-23.76
12,90,8.4,11.27,-24.11
12,90,8.56,11.358,-24.92
12,90,8.72,10.782,-26.52
12,90,8.88,10.942,-26.2
12,90,9.04,10.996,-26.79
12,90,9.2,10.94,-27.92
12,90,9.36,11.026,-27.04
12,90,9.52,9.948,-28.43
12,90,9.68,10.22,-28.67
12,90,9.84,9.614,-29.5
12,90,10,9.64,-29.43
12,90,10.16,9.47199999999999,-30.17
12,90,10.32,9.408,-30.22
12,90,10.48,9.272,-30.26
12,90,10.64,9.422,-30.59
12,90,10.8,8.99,-31.28
12,90,10.96,8.694,-31.29
12,90,11.12,8.594,-31.65
12,90,11.28,7.754,-32.69
12,90,11.44,7.568,-33.18
12,90,11.6,6.63,-34.24
12,90,11.76,6.696,-34.42
12,90,11.92,6.85599999999999,-34.27
12,90,12.08,6.94,-35.25
12,90,12.24,7.786,-34.47
12,90,12.4,8.23999999999999,-34.42
12,90,12.56,8.41000000000001,-35.66
12,90,12.72,9.29600000000001,-35.26
12,90,12.88,9.944,-35.26
12,90,13.04,9.48199999999999,-37.02
12,90,13.2,10.54,-36.24
12,90,13.36,10.526,-35.69
12,90,13.52,10.148,-35.86
12,90,13.68,10.41,-36.27
12,90,13.84,9.672,-37.81
12,90,14,9.38,-38.47
12,90,14.16,9.224,-39
12,90,14.32,8.43399999999999,-40.52
12,90,14.48,7.126,-44.7
12,90,14.64,7.31599999999999,-42.14
12,90,14.8,6.35,-41.66
12,90,14.96,5.658,-41.47
12,90,15.12,5.28,-41.15
12,90,15.28,3.73,-42.82
12,90,15.44,4.974,-41.34
12,90,15.6,4.62,-42.01
12,90,15.76,4.392,-42.8
12,90,15.92,5.808,-41.37
12,90,16.08,6.578,-40.88
12,90,16.24,7.57599999999999,-40.55
12,90,16.4,7.15000000000001,-42.66
12,90,16.56,8.43200000000001,-40.5
12,90,16.72,8.582,-40.9
12,90,16.88,9.63600000000001,-40.83
12,90,17.04,10.554,-40.7
12,90,17.2,10.67,-41.76
12,90,17.36,10.824,-41.82
12,90,17.52,11.724,-40.81
12,90,17.68,11.788,-41.29
12,90,17.84,12.022,-40.89
12,90,18,12.47,-40.34
13,90,2,7.58,-14.21
13,90,2.16,8.802,-14.61
13,90,2.32,8.274,-17.38
13,90,2.48,8.556,-18.69
13,90,2.64,8.332,-20.38
13,90,2.8,8.37,-18.69
13,90,2.96,9.682,-18.63
13,90,3.12,9.694,-18.54
13,90,3.28,9.338,-20.68
13,90,3.44,9.658,-18.99
13,90,3.6,9.62,-17.83
13,90,3.76,8.956,-20.53
13,90,3.92,10.508,-17.04
13,90,4.08,10.558,-17.11
13,90,4.24,10.144,-18.88
13,90,4.4,10.69,-19.12
13,90,4.56,10.734,-19.08
13,90,4.72,11.196,-18.79
13,90,4.88,11.14,-18.99
13,90,5.04,11.65,-18.4
13,90,5.2,11.47,-19.95
13,90,5.36,11.29,-19.51
13,90,5.52,11.512,-18.77
13,90,5.68,11.24,-20.13
13,90,5.84,11.338,-20.11
13,90,6,11.26,-20.28
13,90,6.16,11.85,-20.19
13,90,6.32,11.372,-22.12
13,90,6.48,11.144,-22.94
13,90,6.64,11.052,-23.34
13,90,6.8,11.24,-22.26
13,90,6.96,11.328,-23
13,90,7.12,11.294,-23.3
13,90,7.28,10.938,-23.44
13,90,7.44,11.184,-23.15
13,90,7.6,10.62,-22.78
13,90,7.76,10.802,-24.42
13,90,7.92,10.528,-24.1
13,90,8.08,11.004,-23.8
13,90,8.24,10.698,-24.41
13,90,8.4,10.56,-24.82
13,90,8.56,10.688,-25.59
13,90,8.72,9.882,-27.42
13,90,8.88,10.082,-27.06
13,90,9.04,10.156,-27.63
13,90,9.2,10.16,-28.7
13,90,9.36,9.966,-28.1
13,90,9.52,9.058,-29.32
13,90,9.68,9.08,-29.81
13,90,9.84,8.62400000000001,-30.49
13,90,10,8.51,-30.56
13,90,10.16,8.54199999999999,-31.1
13,90,10.32,8.198,-31.43
13,90,10.48,7.962,-31.57
13,90,10.64,8.142,-31.87
13,90,10.8,7.65000000000001,-32.62
13,90,10.96,7.334,-32.65
13,90,11.12,7.234,-33.01
13,90,11.28,6.304,-34.14
13,90,11.44,6.178,-34.57
13,90,11.6,5,-35.87
13,90,11.76,5.136,-35.98
13,90,11.92,5.656,-35.47
13,90,12.08,5.68000000000001,-36.51
13,90,12.24,6.806,-35.45
13,90,12.4,7.01,-35.65
13,90,12.56,7.46000000000001,-36.61
13,90,12.72,8.37600000000001,-36.18
13,90,12.88,9.07399999999999,-36.13
13,90,13.04,8.66199999999999,-37.84
13,90,13.2,9.46,-37.32
13,90,13.36,9.626,-36.59
13,90,13.52,9.108,-36.9
13,90,13.68,9.14000000000001,-37.54
13,90,13.84,8.472,-39.01
13,90,14,8.02,-39.83
13,90,14.16,7.82400000000001,-40.4
13,90,14.32,6.724,-42.23
13,90,14.48,5.50600000000001,-46.32
13,90,14.64,5.40599999999999,-44.05
13,90,14.8,4.06,-43.95
13,90,14.96,3.868,-43.26
13,90,15.12,3.13,-43.3
13,90,15.28,2.13,-44.42
13,90,15.44,3.064,-43.25
13,90,15.6,3.17,-43.46
13,90,15.76,3.302,-43.89
13,90,15.92,4.878,-42.3
13,90,16.08,5.848,-41.61
13,90,16.24,7.13599999999999,-40.99
13,90,16.4,6.51000000000001,-43.3
13,90,16.56,8.15200000000001,-40.78
13,90,16.72,8.412,-41.07
13,90,16.88,9.24600000000001,-41.22
13,90,17.04,10.144,-41.11
13,90,17.2,10.02,-42.41
13,90,17.36,10.314,-42.33
13,90,17.52,11.284,-41.25
13,90,17.68,10.968,-42.11
13,90,17.84,10.992,-41.92
13,90,18,11.42,-41.39
14,90,2,7.52,-14.27
14,90,2.16,8.712,-14.7
14,90,2.32,8.194,-17.46
14,90,2.48,8.386,-18.86
14,90,2.64,8.222,-20.49
14,90,2.8,8.21,-18.85
14,90,2.96,9.572,-18.74
14,90,3.12,9.564,-18.67
14,90,3.28,9.168,-20.85
14,90,3.44,9.538,-19.11
14,90,3.6,9.45,-18
14,90,3.76,8.876,-20.61
14,90,3.92,10.348,-17.2
14,90,4.08,10.428,-17.24
14,90,4.24,9.904,-19.12
14,90,4.4,10.47,-19.34
14,90,4.56,10.544,-19.27
14,90,4.72,10.936,-19.05
14,90,4.88,10.94,-19.19
14,90,5.04,11.36,-18.69
14,90,5.2,11.25,-20.17
14,90,5.36,10.95,-19.85
14,90,5.52,11.182,-19.1
14,90,5.68,10.91,-20.46
14,90,5.84,11.038,-20.41
14,90,6,10.93,-20.61
14,90,6.16,11.49,-20.55
14,90,6.32,11.032,-22.46
14,90,6.48,10.694,-23.39
14,90,6.64,10.592,-23.8
14,90,6.8,10.71,-22.79
14,90,6.96,10.868,-23.46
14,90,7.12,10.774,-23.82
14,90,7.28,10.328,-24.05
14,90,7.44,10.554,-23.78
14,90,7.6,9.94,-23.46
14,90,7.76,10.202,-25.02
14,90,7.92,9.878,-24.75
14,90,8.08,10.344,-24.46
14,90,8.24,9.968,-25.14
14,90,8.4,9.67,-25.71
14,90,8.56,9.94800000000001,-26.33
14,90,8.72,8.952,-28.35
14,90,8.88,9.11199999999999,-28.03
14,90,9.04,9.23599999999999,-28.55
14,90,9.2,9.31,-29.55
14,90,9.36,8.906,-29.16
14,90,9.52,8.008,-30.37
14,90,9.68,7.95,-30.94
14,90,9.84,7.814,-31.3
14,90,10,7.3,-31.77
14,90,10.16,7.532,-32.11
14,90,10.32,7.048,-32.58
14,90,10.48,6.712,-32.82
14,90,10.64,6.882,-33.13
14,90,10.8,6.31,-33.96
14,90,10.96,5.874,-34.11
14,90,11.12,5.724,-34.52
14,90,11.28,4.854,-35.59
14,90,11.44,4.62800000000001,-36.12
14,90,11.6,3.33,-37.54
14,90,11.76,3.596,-37.52
14,90,11.92,4.476,-36.65
14,90,12.08,4.39000000000001,-37.8
14,90,12.24,5.876,-36.38
14,90,12.4,5.81,-36.85
14,90,12.56,6.44,-37.63
14,90,12.72,7.52600000000001,-37.03
14,90,12.88,7.92399999999999,-37.28
14,90,13.04,7.702,-38.8
14,90,13.2,8.56,-38.22
14,90,13.36,8.57600000000001,-37.64
14,90,13.52,7.968,-38.04
14,90,13.68,8.18000000000001,-38.5
14,90,13.84,7.142,-40.34
14,90,14,6.71,-41.14
14,90,14.16,6.71400000000001,-41.51
14,90,14.32,5.50399999999999,-43.45
14,90,14.48,3.90600000000001,-47.92
14,90,14.64,3.64599999999999,-45.81
14,90,14.8,2.53,-45.48
14,90,14.96,2.318,-44.81
14,90,15.12,1.11,-45.32
14,90,15.28,0.459999999999994,-46.09
14,90,15.44,1.524,-44.79
14,90,15.6,1.98,-44.65
14,90,15.76,2.002,-45.19
14,90,15.92,4.36799999999999,-42.81
14,90,16.08,5.088,-42.37
14,90,16.24,6.40599999999999,-41.72
14,90,16.4,6.07,-43.74
14,90,16.56,7.68200000000001,-41.25
14,90,16.72,7.942,-41.54
14,90,16.88,8.68600000000001,-41.78
14,90,17.04,9.73399999999999,-41.52
14,90,17.2,9.67,-42.76
14,90,17.36,9.544,-43.1
14,90,17.52,10.004,-42.53
14,90,17.68,9.898,-43.18
14,90,17.84,9.66200000000001,-43.25
14,90,18,9.81,-43
15,90,2,7.46,-14.33
15,90,2.16,8.602,-14.81
15,90,2.32,8.094,-17.56
15,90,2.48,8.216,-19.03
15,90,2.64,8.092,-20.62
15,90,2.8,8.01,-19.05
15,90,2.96,9.472,-18.84
15,90,3.12,9.444,-18.79
15,90,3.28,8.978,-21.04
15,90,3.44,9.468,-19.18
15,90,3.6,9.23,-18.22
15,90,3.76,8.796,-20.69
15,90,3.92,10.138,-17.41
15,90,4.08,10.278,-17.39
15,90,4.24,9.674,-19.35
15,90,4.4,10.2,-19.61
15,90,4.56,10.304,-19.51
15,90,4.72,10.676,-19.31
15,90,4.88,10.64,-19.49
15,90,5.04,11.06,-18.99
15,90,5.2,10.98,-20.44
15,90,5.36,10.62,-20.18
15,90,5.52,10.852,-19.43
15,90,5.68,10.58,-20.79
15,90,5.84,10.668,-20.78
15,90,6,10.56,-20.98
15,90,6.16,11.04,-21
15,90,6.32,10.622,-22.87
15,90,6.48,10.184,-23.9
15,90,6.64,10.062,-24.33
15,90,6.8,10.14,-23.36
15,90,6.96,10.318,-24.01
15,90,7.12,10.174,-24.42
15,90,7.28,9.708,-24.67
15,90,7.44,9.964,-24.37
15,90,7.6,9.29,-24.11
15,90,7.76,9.482,-25.74
15,90,7.92,9.218,-25.41
15,90,8.08,9.544,-25.26
15,90,8.24,9.188,-25.92
15,90,8.4,8.72,-26.66
15,90,8.56,9.19800000000001,-27.08
15,90,8.72,8.022,-29.28
15,90,8.88,7.992,-29.15
15,90,9.04,8.26599999999999,-29.52
15,90,9.2,8.37,-30.49
15,90,9.36,7.726,-30.34
15,90,9.52,6.848,-31.53
15,90,9.68,6.67,-32.22
15,90,9.84,6.804,-32.31
15,90,10,5.69,-33.38
15,90,10.16,6.252,-33.39
15,90,10.32,5.698,-33.93
15,90,10.48,5.34200000000001,-34.19
15,90,10.64,5.452,-34.56
15,90,10.8,4.74,-35.53
15,90,10.96,4.474,-35.51
15,90,11.12,4.104,-36.14
15,90,11.28,3.424,-37.02
15,90,11.44,2.898,-37.85
15,90,11.6,1.39,-39.48
15,90,11.76,1.946,-39.17
15,90,11.92,3.556,-37.57
15,90,12.08,3.2,-38.99
15,90,12.24,5.026,-37.23
15,90,12.4,4.91,-37.75
15,90,12.56,5.42000000000001,-38.65
15,90,12.72,6.79600000000001,-37.76
15,90,12.88,7.02399999999999,-38.18
15,90,13.04,6.61199999999999,-39.89
15,90,13.2,7.72,-39.06
15,90,13.36,7.70600000000001,-38.51
15,90,13.52,6.868,-39.14
15,90,13.68,7.10000000000001,-39.58
15,90,13.84,6.132,-41.35
15,90,14,5.34,-42.51
15,90,14.16,5.504,-42.72
15,90,14.32,3.874,-45.08
15,90,14.48,2.15600000000001,-49.67
15,90,14.64,2.25599999999999,-47.2
15,90,14.8,-0.0600000000000023,-48.07
15,90,14.96,0.298000000000002,-46.83
15,90,15.12,-0.920000000000002,-47.35
15,90,15.28,-1.21,-47.76
15,90,15.44,-0.0260000000000034,-46.34
15,90,15.6,0.57,-46.06
15,90,15.76,0.762,-46.43
15,90,15.92,3.178,-44
15,90,16.08,3.858,-43.6
15,90,16.24,5.41599999999999,-42.71
15,90,16.4,5.09,-44.72
15,90,16.56,6.46200000000001,-42.47
15,90,16.72,7.232,-42.25
15,90,16.88,7.55600000000001,-42.91
15,90,17.04,8.71399999999999,-42.54
15,90,17.2,8.11,-44.32
15,90,17.36,7.864,-44.78
15,90,17.52,8.454,-44.08
15,90,17.68,8.218,-44.86
15,90,17.84,7.98200000000001,-44.93
15,90,18,7.98,-44.83
16,90,2,7.36,-14.43
16,90,2.16,8.472,-14.94
16,90,2.32,8.024,-17.63
16,90,2.48,8.046,-19.2
16,90,2.64,7.972,-20.74
16,90,2.8,7.78,-19.28
16,90,2.96,9.302,-19.01
16,90,3.12,9.264,-18.97
16,90,3.28,8.708,-21.31
16,90,3.44,9.378,-19.27
16,90,3.6,8.98,-18.47
16,90,3.76,8.706,-20.78
16,90,3.92,9.928,-17.62
16,90,4.08,10.128,-17.54
16,90,4.24,9.41400000000001,-19.61
16,90,4.4,9.89,-19.92
16,90,4.56,10.134,-19.68
16,90,4.72,10.406,-19.58
16,90,4.88,10.34,-19.79
16,90,5.04,10.76,-19.29
16,90,5.2,10.67,-20.75
16,90,5.36,10.29,-20.51
16,90,5.52,10.502,-19.78
16,90,5.68,10.25,-21.12
16,90,5.84,10.248,-21.2
16,90,6,10.19,-21.35
16,90,6.16,10.58,-21.46
16,90,6.32,10.202,-23.29
16,90,6.48,9.664,-24.42
16,90,6.64,9.482,-24.91
16,90,6.8,9.55,-23.95
16,90,6.96,9.728,-24.6
16,90,7.12,9.604,-24.99
16,90,7.28,8.988,-25.39
16,90,7.44,9.294,-25.04
16,90,7.6,8.53,-24.87
16,90,7.76,8.732,-26.49
16,90,7.92,8.388,-26.24
16,90,8.08,8.684,-26.12
16,90,8.24,8.348,-26.76
16,90,8.4,7.81,-27.57
16,90,8.56,8.22800000000001,-28.05
16,90,8.72,6.932,-30.37
16,90,8.88,7.04199999999999,-30.1
16,90,9.04,7.25599999999999,-30.53
16,90,9.2,7.32,-31.54
16,90,9.36,6.606,-31.46
16,90,9.52,5.628,-32.75
16,90,9.68,5.34,-33.55
16,90,9.84,5.554,-33.56
16,90,10,4.34,-34.73
16,90,10.16,5.162,-34.48
16,90,10.32,4.318,-35.31
16,90,10.48,4.012,-35.52
16,90,10.64,4.072,-35.94
16,90,10.8,3.15000000000001,-37.12
16,90,10.96,2.914,-37.07
16,90,11.12,2.594,-37.65
16,90,11.28,1.89400000000001,-38.55
16,90,11.44,1.068,-39.68
16,90,11.6,-0.240000000000002,-41.11
16,90,11.76,0.576000000000001,-40.54
16,90,11.92,2.496,-38.63
16,90,12.08,2.14000000000001,-40.05
16,90,12.24,4.246,-38.01
16,90,12.4,3.88999999999999,-38.77
16,90,12.56,4.27000000000001,-39.8
16,90,12.72,5.78600000000001,-38.77
16,90,12.88,5.86399999999999,-39.34
16,90,13.04,5.592,-40.91
16,90,13.2,6.62,-40.16
16,90,13.36,6.53600000000001,-39.68
16,90,13.52,5.648,-40.36
16,90,13.68,5.77000000000001,-40.91
16,90,13.84,5.082,-42.4
16,90,14,4.27,-43.58
16,90,14.16,4.804,-43.42
16,90,14.32,2.27399999999999,-46.68
16,90,14.48,0.666000000000011,-51.16
16,90,14.64,0.105999999999987,-49.35
16,90,14.8,-1.63,-49.64
16,90,14.96,-1.222,-48.35
16,90,15.12,-2.38,-48.81
16,90,15.28,-2.67,-49.22
16,90,15.44,-1.886,-48.2
16,90,15.6,-1.2,-47.83
16,90,15.76,-0.567999999999998,-47.76
16,90,15.92,1.65799999999999,-45.52
16,90,16.08,3.018,-44.44
16,90,16.24,3.94599999999999,-44.18
16,90,16.4,4.18,-45.63
16,90,16.56,5.10200000000001,-43.83
16,90,16.72,6.012,-43.47
16,90,16.88,6.14600000000001,-44.32
16,90,17.04,7.53399999999999,-43.72
16,90,17.2,6.96,-45.47
16,90,17.36,6.654,-45.99
16,90,17.52,7.294,-45.24
16,90,17.68,6.218,-46.86
16,90,17.84,5.922,-46.99
16,90,18,6,-46.81
17,90,2,7.34,-14.45
17,90,2.16,8.332,-15.08
17,90,2.32,7.924,-17.73
17,90,2.48,7.836,-19.41
17,90,2.64,7.802,-20.91
17,90,2.8,7.55,-19.51
17,90,2.96,9.142,-19.17
17,90,3.12,9.084,-19.15
17,90,3.28,8.418,-21.6
17,90,3.44,9.338,-19.31
17,90,3.6,8.7,-18.75
17,90,3.76,8.576,-20.91
17,90,3.92,9.688,-17.86
17,90,4.08,9.988,-17.68
17,90,4.24,9.19400000000001,-19.83
17,90,4.4,9.56,-20.25
17,90,4.56,9.934,-19.88
17,90,4.72,10.136,-19.85
17,90,4.88,9.99,-20.14
17,90,5.04,10.48,-19.57
17,90,5.2,10.28,-21.14
17,90,5.36,9.99,-20.81
17,90,5.52,10.072,-20.21
17,90,5.68,9.91,-21.46
17,90,5.84,9.728,-21.72
17,90,6,9.79,-21.75
17,90,6.16,10.13,-21.91
17,90,6.32,9.722,-23.77
17,90,6.48,9.194,-24.89
17,90,6.64,8.892,-25.5
17,90,6.8,8.98,-24.52
17,90,6.96,9.068,-25.26
17,90,7.12,8.964,-25.63
17,90,7.28,8.168,-26.21
17,90,7.44,8.594,-25.74
17,90,7.6,7.67,-25.73
17,90,7.76,8.012,-27.21
17,90,7.92,7.578,-27.05
17,90,8.08,7.794,-27.01
17,90,8.24,7.498,-27.61
17,90,8.4,6.8,-28.58
17,90,8.56,7.16800000000001,-29.11
17,90,8.72,5.862,-31.44
17,90,8.88,5.822,-31.32
17,90,9.04,6.206,-31.58
17,90,9.2,5.99,-32.87
17,90,9.36,5.576,-32.49
17,90,9.52,4.208,-34.17
17,90,9.68,4.09,-34.8
17,90,9.84,4.03400000000001,-35.08
17,90,10,3.11,-35.96
17,90,10.16,3.852,-35.79
17,90,10.32,2.818,-36.81
17,90,10.48,2.782,-36.75
17,90,10.64,2.752,-37.26
17,90,10.8,1.36000000000001,-38.91
17,90,10.96,1.664,-38.32
17,90,11.12,0.893999999999998,-39.35
17,90,11.28,0.614000000000004,-39.83
17,90,11.44,-0.651999999999994,-41.4
17,90,11.6,-1.43,-42.3
17,90,11.76,-0.533999999999999,-41.65
17,90,11.92,1.616,-39.51
17,90,12.08,1.35,-40.84
17,90,12.24,3.116,-39.14
17,90,12.4,2.98,-39.68
17,90,12.56,3.37,-40.7
17,90,12.72,5.03600000000001,-39.52
17,90,12.88,4.60399999999999,-40.6
17,90,13.04,4.51199999999999,-41.99
17,90,13.2,5.41,-41.37
17,90,13.36,5.33600000000001,-40.88
17,90,13.52,4.838,-41.17
17,90,13.68,4.72000000000001,-41.96
17,90,13.84,4.012,-43.47
17,90,14,3.27,-44.58
17,90,14.16,3.164,-45.06
17,90,14.32,1.34399999999999,-47.61
17,90,14.48,-1.23399999999999,-53.06
17,90,14.64,-0.94400000000001,-50.4
17,90,14.8,-4,-52.01
17,90,14.96,-4.062,-51.19
17,90,15.12,-5.3,-51.73
17,90,15.28,-5.54000000000001,-52.09
17,90,15.44,-3.846,-50.16
17,90,15.6,-3.62,-50.25
17,90,15.76,-2.248,-49.44
17,90,15.92,0.137999999999998,-47.04
17,90,16.08,1.508,-45.95
17,90,16.24,2.06599999999999,-46.06
17,90,16.4,2.99,-46.82
17,90,16.56,3.67200000000001,-45.26
17,90,16.72,4.922,-44.56
17,90,16.88,4.73600000000001,-45.73
17,90,17.04,6.28399999999999,-44.97
17,90,17.2,5.55,-46.88
17,90,17.36,5.124,-47.52
17,90,17.52,5.674,-46.86
17,90,17.68,4.788,-48.29
17,90,17.84,3.65200000000001,-49.26
17,90,18,4.16,-48.65
18,90,2,7.26,-14.53
18,90,2.16,8.162,-15.25
18,90,2.32,7.864,-17.79
18,90,2.48,7.646,-19.6
18,90,2.64,7.622,-21.09
18,90,2.8,7.31,-19.75
18,90,2.96,8.982,-19.33
18,90,3.12,8.924,-19.31
18,90,3.28,8.118,-21.9
18,90,3.44,9.258,-19.39
18,90,3.6,8.42,-19.03
18,90,3.76,8.436,-21.05
18,90,3.92,9.418,-18.13
18,90,4.08,9.798,-17.87
18,90,4.24,8.96400000000001,-20.06
18,90,4.4,9.22,-20.59
18,90,4.56,9.734,-20.08
18,90,4.72,9.816,-20.17
18,90,4.88,9.6,-20.53
18,90,5.04,10.17,-19.88
18,90,5.2,9.92,-21.5
18,90,5.36,9.64,-21.16
18,90,5.52,9.522,-20.76
18,90,5.68,9.56,-21.81
18,90,5.84,9.158,-22.29
18,90,6,9.37,-22.17
18,90,6.16,9.67,-22.37
18,90,6.32,9.16200000000001,-24.33
18,90,6.48,8.594,-25.49
18,90,6.64,8.272,-26.12
18,90,6.8,8.37,-25.13
18,90,6.96,8.338,-25.99
18,90,7.12,8.274,-26.32
18,90,7.28,7.328,-27.05
18,90,7.44,7.844,-26.49
18,90,7.6,6.89,-26.51
18,90,7.76,7.262,-27.96
18,90,7.92,6.608,-28.02
18,90,8.08,6.934,-27.87
18,90,8.24,6.628,-28.48
18,90,8.4,5.68,-29.7
18,90,8.56,5.97800000000001,-30.3
18,90,8.72,4.832,-32.47
18,90,8.88,4.602,-32.54
18,90,9.04,5.00599999999999,-32.78
18,90,9.2,4.69,-34.17
18,90,9.36,4.376,-33.69
18,90,9.52,2.698,-35.68
18,90,9.68,2.98,-35.91
18,90,9.84,2.28400000000001,-36.83
18,90,10,1.77,-37.3
18,90,10.16,2.272,-37.37
18,90,10.32,1.418,-38.21
18,90,10.48,0.862000000000002,-38.67
18,90,10.64,1.262,-38.75
18,90,10.8,-0.709999999999994,-40.98
18,90,10.96,0.334000000000003,-39.65
18,90,11.12,-1.026,-41.27
18,90,11.28,-0.665999999999997,-41.11
18,90,11.44,-2.33199999999999,-43.08
18,90,11.6,-2.48,-43.35
18,90,11.76,-1.474,-42.59
18,90,11.92,0.315999999999995,-40.81
18,90,12.08,0.390000000000008,-41.8
18,90,12.24,1.846,-40.41
18,90,12.4,2.13999999999999,-40.52
18,90,12.56,2.48,-41.59
18,90,12.72,4.13600000000001,-40.42
18,90,12.88,3.57399999999999,-41.63
18,90,13.04,3.522,-42.98
18,90,13.2,4.68,-42.1
18,90,13.36,4.15600000000001,-42.06
18,90,13.52,3.578,-42.43
18,90,13.68,3.65000000000001,-43.03
18,90,13.84,2.512,-44.97
18,90,14,1.72,-46.13
18,90,14.16,2.204,-46.02
18,90,14.32,-0.246000000000009,-49.2
18,90,14.48,-2.53399999999999,-54.36
18,90,14.64,-2.25400000000001,-51.71
18,90,14.8,-6.52,-54.53
18,90,14.96,-4.602,-51.73
18,90,15.12,-8.05,-54.48
18,90,15.28,-8.75,-55.3
18,90,15.44,-7.176,-53.49
18,90,15.6,-7.98,-54.61
18,90,15.76,-4.698,-51.89
18,90,15.92,-2.782,-49.96
18,90,16.08,0.507999999999996,-46.95
18,90,16.24,0.715999999999994,-47.41
18,90,16.4,2.05,-47.76
18,90,16.56,2.21200000000001,-46.72
18,90,16.72,3.322,-46.16
18,90,16.88,3.126,-47.34
18,90,17.04,4.30399999999999,-46.95
18,90,17.2,4.09,-48.34
18,90,17.36,3.184,-49.46
18,90,17.52,4.704,-47.83
18,90,17.68,3.018,-50.06
18,90,17.84,2.44200000000001,-50.47
18,90,18,2.7,-50.11
19,90,2,7.22,-14.57
19,90,2.16,7.942,-15.47
19,90,2.32,7.764,-17.89
19,90,2.48,7.406,-19.84
19,90,2.64,7.432,-21.28
19,90,2.8,7.13,-19.93
19,90,2.96,8.782,-19.53
19,90,3.12,8.744,-19.49
19,90,3.28,7.808,-22.21
19,90,3.44,9.158,-19.49
19,90,3.6,8.14,-19.31
19,90,3.76,8.306,-21.18
19,90,3.92,9.148,-18.4
19,90,4.08,9.608,-18.06
19,90,4.24,8.724,-20.3
19,90,4.4,8.86,-20.95
19,90,4.56,9.524,-20.29
19,90,4.72,9.486,-20.5
19,90,4.88,9.22,-20.91
19,90,5.04,9.83000000000001,-20.22
19,90,5.2,9.54,-21.88
19,90,5.36,9.31,-21.49
19,90,5.52,8.972,-21.31
19,90,5.68,9.26,-22.11
19,90,5.84,8.638,-22.81
19,90,6,8.92,-22.62
19,90,6.16,9.21,-22.83
19,90,6.32,8.562,-24.93
19,90,6.48,8.054,-26.03
19,90,6.64,7.612,-26.78
19,90,6.8,7.71,-25.79
19,90,6.96,7.688,-26.64
19,90,7.12,7.554,-27.04
19,90,7.28,6.618,-27.76
19,90,7.44,7.004,-27.33
19,90,7.6,6.15,-27.25
19,90,7.76,6.502,-28.72
19,90,7.92,5.598,-29.03
19,90,8.08,6.034,-28.77
19,90,8.24,5.678,-29.43
19,90,8.4,4.71,-30.67
19,90,8.56,4.71800000000001,-31.56
19,90,8.72,3.702,-33.6
19,90,8.88,3.342,-33.8
19,90,9.04,3.90599999999999,-33.88
19,90,9.2,3.37,-35.49
19,90,9.36,3.076,-34.99
19,90,9.52,1.338,-37.04
19,90,9.68,1.41,-37.48
19,90,9.84,0.824000000000005,-38.29
19,90,10,0.490000000000002,-38.58
19,90,10.16,1.19199999999999,-38.45
19,90,10.32,-0.112000000000002,-39.74
19,90,10.48,-0.488,-40.02
19,90,10.64,-0.147999999999996,-40.16
19,90,10.8,-2.45999999999999,-42.73
19,90,10.96,-0.445999999999998,-40.43
19,90,11.12,-2.926,-43.17
19,90,11.28,-1.766,-42.21
19,90,11.44,-4.22199999999999,-44.97
19,90,11.6,-3.89,-44.76
19,90,11.76,-1.894,-43.01
19,90,11.92,-0.764000000000003,-41.89
19,90,12.08,-0.329999999999998,-42.52
19,90,12.24,0.816000000000003,-41.44
19,90,12.4,1.34,-41.32
19,90,12.56,1.31000000000001,-42.76
19,90,12.72,3.13600000000001,-41.42
19,90,12.88,2.61399999999999,-42.59
19,90,13.04,2.30199999999999,-44.2
19,90,13.2,3.82,-42.96
19,90,13.36,2.99600000000001,-43.22
19,90,13.52,3.038,-42.97
19,90,13.68,2.49000000000001,-44.19
19,90,13.84,0.701999999999998,-46.78
19,90,14,0.780000000000001,-47.07
19,90,14.16,0.264000000000003,-47.96
19,90,14.32,-1.556,-50.51
19,90,14.48,-4.80399999999999,-56.63
19,90,14.64,-4.71400000000001,-54.17
19,90,14.8,-8.46,-56.47
19,90,14.96,-6.362,-53.49
19,90,15.12,-11.5,-57.93
19,90,15.28,-12.53,-59.08
19,90,15.44,-9.266,-55.58
19,90,15.6,-11.27,-57.9
19,90,15.76,-6.038,-53.23
19,90,15.92,-3.212,-50.39
19,90,16.08,-0.731999999999999,-48.19
19,90,16.24,0.0859999999999914,-48.04
19,90,16.4,0.109999999999999,-49.7
19,90,16.56,1.46200000000001,-47.47
19,90,16.72,1.632,-47.85
19,90,16.88,1.89600000000001,-48.57
19,90,17.04,2.96399999999999,-48.29
19,90,17.2,2.82,-49.61
19,90,17.36,1.264,-51.38
19,90,17.52,3.974,-48.56
19,90,17.68,1.66800000000001,-51.41
19,90,17.84,1.492,-51.42
19,90,18,1.98,-50.83
20,90,2,7.15,-14.64
20,90,2.16,7.752,-15.66
20,90,2.32,7.724,-17.93
20,90,2.48,7.196,-20.05
20,90,2.64,7.232,-21.48
20,90,2.8,6.84,-20.22
20,90,2.96,8.622,-19.69
20,90,3.12,8.624,-19.61
20,90,3.28,7.468,-22.55
20,90,3.44,9.118,-19.53
20,90,3.6,7.88,-19.57
20,90,3.76,8.126,-21.36
20,90,3.92,8.868,-18.68
20,90,4.08,9.408,-18.26
20,90,4.24,8.474,-20.55
20,90,4.4,8.47,-21.34
20,90,4.56,9.244,-20.57
20,90,4.72,9.146,-20.84
20,90,4.88,8.86,-21.27
20,90,5.04,9.43,-20.62
20,90,5.2,9.11,-22.31
20,90,5.36,8.94,-21.86
20,90,5.52,8.372,-21.91
20,90,5.68,8.97,-22.4
20,90,5.84,8.058,-23.39
20,90,6,8.4,-23.14
20,90,6.16,8.79,-23.25
20,90,6.32,7.86200000000001,-25.63
20,90,6.48,7.424,-26.66
20,90,6.64,6.982,-27.41
20,90,6.8,6.97,-26.53
20,90,6.96,7.078,-27.25
20,90,7.12,6.704,-27.89
20,90,7.28,5.958,-28.42
20,90,7.44,6.014,-28.32
20,90,7.6,5.28,-28.12
20,90,7.76,5.672,-29.55
20,90,7.92,4.508,-30.12
20,90,8.08,5.104,-29.7
20,90,8.24,4.538,-30.57
20,90,8.4,3.74,-31.64
20,90,8.56,3.47800000000001,-32.8
20,90,8.72,2.422,-34.88
20,90,8.88,1.882,-35.26
20,90,9.04,2.64599999999999,-35.14
20,90,9.2,1.95,-36.91
20,90,9.36,1.486,-36.58
20,90,9.52,-0.0820000000000007,-38.46
20,90,9.68,0.0399999999999991,-38.85
20,90,9.84,-0.595999999999997,-39.71
20,90,10,-1.22,-40.29
20,90,10.16,-0.0180000000000007,-39.66
20,90,10.32,-1.532,-41.16
20,90,10.48,-1.808,-41.34
20,90,10.64,-0.798000000000002,-40.81
20,90,10.8,-4.07,-44.34
20,90,10.96,-1.516,-41.5
20,90,11.12,-4.456,-44.7
20,90,11.28,-2.916,-43.36
20,90,11.44,-5.432,-46.18
20,90,11.6,-5.88,-46.75
20,90,11.76,-2.464,-43.58
20,90,11.92,-2.264,-43.39
20,90,12.08,-1.38999999999999,-43.58
20,90,12.24,-0.344000000000001,-42.6
20,90,12.4,-0.310000000000002,-42.97
20,90,12.56,-0.11999999999999,-44.19
20,90,12.72,1.75600000000001,-42.8
20,90,12.88,1.57399999999999,-43.63
20,90,13.04,0.531999999999996,-45.97
20,90,13.2,2.83,-43.95
20,90,13.36,1.81600000000001,-44.4
20,90,13.52,1.928,-44.08
20,90,13.68,1.27000000000001,-45.41
20,90,13.84,-1.198,-48.68
20,90,14,-0.740000000000002,-48.59
20,90,14.16,-1.556,-49.78
20,90,14.32,-3.236,-52.19
20,90,14.48,-6.23399999999999,-58.06
20,90,14.64,-6.33400000000001,-55.79
20,90,14.8,-14.69,-62.7
20,90,14.96,-9.522,-56.65
20,90,15.12,-15.88,-62.31
20,90,15.28,-13.98,-60.53
20,90,15.44,-14.606,-60.92
20,90,15.6,-11.78,-58.41
20,90,15.76,-6.208,-53.4
20,90,15.92,-3.672,-50.85
20,90,16.08,-1.822,-49.28
20,90,16.24,-0.594000000000008,-48.72
20,90,16.4,-0.949999999999996,-50.76
20,90,16.56,0.452000000000012,-48.48
20,90,16.72,0.0720000000000027,-49.41
20,90,16.88,1.00600000000001,-49.46
20,90,17.04,1.82399999999999,-49.43
20,90,17.2,1.01,-51.42
20,90,17.36,0.814,-51.83
20,90,17.52,2.544,-49.99
20,90,17.68,0.978000000000002,-52.1
20,90,17.84,1.04200000000001,-51.87
20,90,18,1.36,-51.45
21,90,2,7.06,-14.73
21,90,2.16,7.552,-15.86
21,90,2.32,7.604,-18.05
21,90,2.48,6.936,-20.31
21,90,2.64,7.032,-21.68
21,90,2.8,6.64,-20.42
21,90,2.96,8.442,-19.87
21,90,3.12,8.484,-19.75
21,90,3.28,7.138,-22.88
21,90,3.44,8.978,-19.67
21,90,3.6,7.63,-19.82
21,90,3.76,7.966,-21.52
21,90,3.92,8.608,-18.94
21,90,4.08,9.168,-18.5
21,90,4.24,8.184,-20.84
21,90,4.4,8.08,-21.73
21,90,4.56,8.954,-20.86
21,90,4.72,8.816,-21.17
21,90,4.88,8.55,-21.58
21,90,5.04,8.98,-21.07
21,90,5.2,8.73,-22.69
21,90,5.36,8.6,-22.2
21,90,5.52,7.762,-22.52
21,90,5.68,8.58,-22.79
21,90,5.84,7.488,-23.96
21,90,6,7.79,-23.75
21,90,6.16,8.31,-23.73
21,90,6.32,7.192,-26.3
21,90,6.48,6.824,-27.26
21,90,6.64,6.312,-28.08
21,90,6.8,6.2,-27.3
21,90,6.96,6.418,-27.91
21,90,7.12,5.834,-28.76
21,90,7.28,5.208,-29.17
21,90,7.44,4.954,-29.38
21,90,7.6,4.37,-29.03
21,90,7.76,4.722,-30.5
21,90,7.92,3.478,-31.15
21,90,8.08,4.054,-30.75
21,90,8.24,3.338,-31.77
21,90,8.4,2.6,-32.78
21,90,8.56,2.29800000000001,-33.98
21,90,8.72,0.841999999999999,-36.46
21,90,8.88,0.711999999999996,-36.43
21,90,9.04,1.276,-36.51
21,90,9.2,0.719999999999999,-38.14
21,90,9.36,-0.103999999999999,-38.17
21,90,9.52,-1.262,-39.64
21,90,9.68,-2.13,-41.02
21,90,9.84,-1.556,-40.67
21,90,10,-3.18,-42.25
21,90,10.16,-0.908000000000001,-40.55
21,90,10.32,-3.002,-42.63
21,90,10.48,-3.818,-43.35
21,90,10.64,-2.168,-42.18
21,90,10.8,-5.75,-46.02
21,90,10.96,-3.186,-43.17
21,90,11.12,-6.176,-46.42
21,90,11.28,-4.576,-45.02
21,90,11.44,-6.47199999999999,-47.22
21,90,11.6,-7.43,-48.3
21,90,11.76,-2.954,-44.07
21,90,11.92,-3.954,-45.08
21,90,12.08,-2.4,-44.59
21,90,12.24,-1.624,-43.88
21,90,12.4,-1.57,-44.23
21,90,12.56,-1.39999999999999,-45.47
21,90,12.72,0.31600000000001,-44.24
21,90,12.88,0.323999999999991,-44.88
21,90,13.04,-0.328000000000003,-46.83
21,90,13.2,1.33,-45.45
21,90,13.36,-0.0439999999999898,-46.26
21,90,13.52,0.888000000000005,-45.12
21,90,13.68,-0.419999999999995,-47.1
21,90,13.84,-2.508,-49.99
21,90,14,-1.72,-49.57
21,90,14.16,-3.156,-51.38
21,90,14.32,-3.876,-52.83
21,90,14.48,-7.43399999999999,-59.26
21,90,14.64,-9.35400000000001,-58.81
21,90,14.8,-14.86,-62.87
21,90,14.96,-16.082,-63.21
21,90,15.12,-17.89,-64.32
21,90,15.28,-12.82,-59.37
21,90,15.44,-12.396,-58.71
21,90,15.6,-11.06,-57.69
21,90,15.76,-5.108,-52.3
21,90,15.92,-3.77200000000001,-50.95
21,90,16.08,-2.372,-49.83
21,90,16.24,-1.38400000000001,-49.51
21,90,16.4,-1.51,-51.32
21,90,16.56,-0.167999999999992,-49.1
21,90,16.72,-1.118,-50.6
21,90,16.88,-1.01399999999999,-51.48
21,90,17.04,-0.0260000000000105,-51.28
21,90,17.2,-1.06,-53.49
21,90,17.36,-0.696000000000005,-53.34
21,90,17.52,0.473999999999997,-52.06
21,90,17.68,-0.331999999999994,-53.41
21,90,17.84,-1.01799999999999,-53.93
21,90,18,0.460000000000001,-52.35
22,90,2,6.83,-14.96
22,90,2.16,7.342,-16.07
22,90,2.32,7.504,-18.15
22,90,2.48,6.706,-20.54
22,90,2.64,6.832,-21.88
22,90,2.8,6.49,-20.57
22,90,2.96,8.232,-20.08
22,90,3.12,8.364,-19.87
22,90,3.28,6.818,-23.2
22,90,3.44,8.868,-19.78
22,90,3.6,7.38,-20.07
22,90,3.76,7.766,-21.72
22,90,3.92,8.338,-19.21
22,90,4.08,8.928,-18.74
22,90,4.24,7.864,-21.16
22,90,4.4,7.7,-22.11
22,90,4.56,8.644,-21.17
22,90,4.72,8.416,-21.57
22,90,4.88,8.26,-21.87
22,90,5.04,8.51000000000001,-21.54
22,90,5.2,8.31,-23.11
22,90,5.36,8.22,-22.58
22,90,5.52,7.142,-23.14
22,90,5.68,8.08,-23.29
22,90,5.84,6.938,-24.51
22,90,6,7.19,-24.35
22,90,6.16,7.88,-24.16
22,90,6.32,6.552,-26.94
22,90,6.48,6.184,-27.9
22,90,6.64,5.632,-28.76
22,90,6.8,5.39,-28.11
22,90,6.96,5.708,-28.62
22,90,7.12,4.864,-29.73
22,90,7.28,4.378,-30
22,90,7.44,3.954,-30.38
22,90,7.6,3.4,-30
22,90,7.76,3.702,-31.52
22,90,7.92,2.458,-32.17
22,90,8.08,3.074,-31.73
22,90,8.24,2.04799999999999,-33.06
22,90,8.4,1.18,-34.2
22,90,8.56,1.26800000000001,-35.01
22,90,8.72,-1.068,-38.37
22,90,8.88,-0.448000000000008,-37.59
22,90,9.04,-0.274000000000008,-38.06
22,90,9.2,-0.630000000000003,-39.49
22,90,9.36,-1.80399999999999,-39.87
22,90,9.52,-2.462,-40.84
22,90,9.68,-3.97,-42.86
22,90,9.84,-2.836,-41.95
22,90,10,-4.65,-43.72
22,90,10.16,-2.13800000000001,-41.78
22,90,10.32,-4.162,-43.79
22,90,10.48,-5.008,-44.54
22,90,10.64,-3.738,-43.75
22,90,10.8,-6.72,-46.99
22,90,10.96,-4.736,-44.72
22,90,11.12,-7.216,-47.46
22,90,11.28,-6.946,-47.39
22,90,11.44,-6.952,-47.7
22,90,11.6,-10.37,-51.24
22,90,11.76,-3.994,-45.11
22,90,11.92,-4.96400000000001,-46.09
22,90,12.08,-4.49999999999999,-46.69
22,90,12.24,-3.034,-45.29
22,90,12.4,-2.91,-45.57
22,90,12.56,-2.64999999999999,-46.72
22,90,12.72,-1.56399999999999,-46.12
22,90,12.88,-0.88600000000001,-46.09
22,90,13.04,-2.158,-48.66
22,90,13.2,0.439999999999998,-46.34
22,90,13.36,-1.374,-47.59
22,90,13.52,-0.781999999999996,-46.79
22,90,13.68,-1.47999999999999,-48.16
22,90,13.84,-4.308,-51.79
22,90,14,-3.36,-51.21
22,90,14.16,-6.10599999999999,-54.33
22,90,14.32,-6.47600000000001,-55.43
22,90,14.48,-11.754,-63.58
22,90,14.64,-16.374,-65.83
22,90,14.8,-27.72,-75.73
22,90,14.96,-20.592,-67.72
22,90,15.12,-23.39,-69.82
22,90,15.28,-13.76,-60.31
22,90,15.44,-10.536,-56.85
22,90,15.6,-9.06,-55.69
22,90,15.76,-6.228,-53.42
22,90,15.92,-4.852,-52.03
22,90,16.08,-3.342,-50.8
22,90,16.24,-2.18400000000001,-50.31
22,90,16.4,-3.58,-53.39
22,90,16.56,-1.51799999999999,-50.45
22,90,16.72,-2.008,-51.49
22,90,16.88,-2.84399999999999,-53.31
22,90,17.04,-1.04600000000001,-52.3
22,90,17.2,-2.87,-55.3
22,90,17.36,-2.076,-54.72
22,90,17.52,-3.576,-56.11
22,90,17.68,-2.122,-55.2
22,90,17.84,-1.38799999999999,-54.3
22,90,18,-2.62,-55.43
23,90,2,6.69,-15.1
23,90,2.16,7.122,-16.29
23,90,2.32,7.354,-18.3
23,90,2.48,6.486,-20.76
23,90,2.64,6.562,-22.15
23,90,2.8,6.31,-20.75
23,90,2.96,8.022,-20.29
23,90,3.12,8.224,-20.01
23,90,3.28,6.528,-23.49
23,90,3.44,8.668,-19.98
23,90,3.6,7.14,-20.31
23,90,3.76,7.576,-21.91
23,90,3.92,8.058,-19.49
23,90,4.08,8.658,-19.01
23,90,4.24,7.544,-21.48
23,90,4.4,7.31,-22.5
23,90,4.56,8.324,-21.49
23,90,4.72,8.026,-21.96
23,90,4.88,7.96,-22.17
23,90,5.04,8.01000000000001,-22.04
23,90,5.2,7.93,-23.49
23,90,5.36,7.75,-23.05
23,90,5.52,6.562,-23.72
23,90,5.68,7.52,-23.85
23,90,5.84,6.388,-25.06
23,90,6,6.61,-24.93
23,90,6.16,7.36,-24.68
23,90,6.32,5.812,-27.68
23,90,6.48,5.384,-28.7
23,90,6.64,4.912,-29.48
23,90,6.8,4.61,-28.89
23,90,6.96,4.868,-29.46
23,90,7.12,3.834,-30.76
23,90,7.28,3.558,-30.82
23,90,7.44,2.874,-31.46
23,90,7.6,2.37,-31.03
23,90,7.76,2.542,-32.68
23,90,7.92,1.268,-33.36
23,90,8.08,2.14400000000001,-32.66
23,90,8.24,0.637999999999998,-34.47
23,90,8.4,-0.339999999999996,-35.72
23,90,8.56,0.328000000000003,-35.95
23,90,8.72,-3.198,-40.5
23,90,8.88,-1.478,-38.62
23,90,9.04,-1.864,-39.65
23,90,9.2,-1.85,-40.71
23,90,9.36,-3.574,-41.64
23,90,9.52,-4.022,-42.4
23,90,9.68,-5.49,-44.38
23,90,9.84,-4.476,-43.59
23,90,10,-5.64,-44.71
23,90,10.16,-3.66800000000001,-43.31
23,90,10.32,-5.242,-44.87
23,90,10.48,-6.22799999999999,-45.76
23,90,10.64,-5.778,-45.79
23,90,10.8,-7.91,-48.18
23,90,10.96,-6.356,-46.34
23,90,11.12,-8.996,-49.24
23,90,11.28,-9.366,-49.81
23,90,11.44,-8.522,-49.27
23,90,11.6,-11.45,-52.32
23,90,11.76,-5.074,-46.19
23,90,11.92,-6.994,-48.12
23,90,12.08,-6.12,-48.31
23,90,12.24,-5.094,-47.35
23,90,12.4,-5.48,-48.14
23,90,12.56,-4.09999999999999,-48.17
23,90,12.72,-3.60399999999998,-48.16
23,90,12.88,-2.07600000000001,-47.28
23,90,13.04,-3.048,-49.55
23,90,13.2,-1.66,-48.44
23,90,13.36,-2.68399999999999,-48.9
23,90,13.52,-3.72199999999999,-49.73
23,90,13.68,-2.95999999999999,-49.64
23,90,13.84,-6.928,-54.41
23,90,14,-5.26,-53.11
23,90,14.16,-6.50599999999999,-54.73
23,90,14.32,-9.50600000000001,-58.46
23,90,14.48,-12.804,-64.63
23,90,14.64,-15.394,-64.85
23,90,14.8,-22.92,-70.93
23,90,14.96,-25.132,-72.26
23,90,15.12,-30.33,-76.76
23,90,15.28,-11.46,-58.01
23,90,15.44,-10.866,-57.18
23,90,15.6,-10.74,-57.37
23,90,15.76,-6.088,-53.28
23,90,15.92,-5.852,-53.03
23,90,16.08,-3.682,-51.14
23,90,16.24,-3.29400000000001,-51.42
23,90,16.4,-4.57,-54.38
23,90,16.56,-3.14799999999999,-52.08
23,90,16.72,-4.318,-53.8
23,90,16.88,-3.96399999999999,-54.43
23,90,17.04,-3.19600000000001,-54.45
23,90,17.2,-5.2,-57.63
23,90,17.36,-4.336,-56.98
23,90,17.52,-4.706,-57.24
23,90,17.68,-6.882,-59.96
23,90,17.84,-6.11799999999999,-59.03
23,90,18,-6.93,-59.74
24,90,2,6.63,-15.16
24,90,2.16,6.922,-16.49
24,90,2.32,7.174,-18.48
24,90,2.48,6.256,-20.99
24,90,2.64,6.302,-22.41
24,90,2.8,6.13,-20.93
24,90,2.96,7.792,-20.52
24,90,3.12,8.074,-20.16
24,90,3.28,6.238,-23.78
24,90,3.44,8.418,-20.23
24,90,3.6,6.83,-20.62
24,90,3.76,7.336,-22.15
24,90,3.92,7.778,-19.77
24,90,4.08,8.378,-19.29
24,90,4.24,7.21400000000001,-21.81
24,90,4.4,6.94,-22.87
24,90,4.56,7.974,-21.84
24,90,4.72,7.626,-22.36
24,90,4.88,7.57,-22.56
24,90,5.04,7.59,-22.46
24,90,5.2,7.52,-23.9
24,90,5.36,7.22,-23.58
24,90,5.52,6.122,-24.16
24,90,5.68,6.94,-24.43
24,90,5.84,5.828,-25.62
24,90,6,6.04,-25.5
24,90,6.16,6.85,-25.19
24,90,6.32,5.062,-28.43
24,90,6.48,4.634,-29.45
24,90,6.64,4.122,-30.27
24,90,6.8,3.88,-29.62
24,90,6.96,4.018,-30.31
24,90,7.12,2.934,-31.66
24,90,7.28,2.638,-31.74
24,90,7.44,1.934,-32.4
24,90,7.6,1.25,-32.15
24,90,7.76,1.472,-33.75
24,90,7.92,-0.322000000000003,-34.95
24,90,8.08,1.454,-33.35
24,90,8.24,-0.492000000000004,-35.6
24,90,8.4,-2.04,-37.42
24,90,8.56,-0.751999999999995,-37.03
24,90,8.72,-4.998,-42.3
24,90,8.88,-3.078,-40.22
24,90,9.04,-3.614,-41.4
24,90,9.2,-3.67,-42.53
24,90,9.36,-4.644,-42.71
24,90,9.52,-6.002,-44.38
24,90,9.68,-6.43,-45.32
24,90,9.84,-6.816,-45.93
24,90,10,-6.31,-45.38
24,90,10.16,-5.538,-45.18
24,90,10.32,-6.172,-45.8
24,90,10.48,-7.708,-47.24
24,90,10.64,-7.598,-47.61
24,90,10.8,-8.29,-48.56
24,90,10.96,-7.576,-47.56
24,90,11.12,-9.456,-49.7
24,90,11.28,-11.746,-52.19
24,90,11.44,-11.062,-51.81
24,90,11.6,-12.13,-53
24,90,11.76,-6.944,-48.06
24,90,11.92,-7.584,-48.71
24,90,12.08,-7.98999999999999,-50.18
24,90,12.24,-6.244,-48.5
24,90,12.4,-7.04000000000001,-49.7
24,90,12.56,-4.85999999999999,-48.93
24,90,12.72,-4.06399999999999,-48.62
24,90,12.88,-3.26600000000001,-48.47
24,90,13.04,-4.008,-50.51
24,90,13.2,-2.96,-49.74
24,90,13.36,-3.58399999999999,-49.8
24,90,13.52,-5.642,-51.65
24,90,13.68,-5.38999999999999,-52.07
24,90,13.84,-9.118,-56.6
24,90,14,-7.3,-55.15
24,90,14.16,-9.096,-57.32
24,90,14.32,-12.636,-61.59
24,90,14.48,-18.994,-70.82
24,90,14.64,-23.724,-73.18
24,90,14.8,-21.43,-69.44
24,90,14.96,-21.042,-68.17
24,90,15.12,-18.41,-64.84
24,90,15.28,-13.13,-59.68
24,90,15.44,-11.396,-57.71
24,90,15.6,-9.76,-56.39
24,90,15.76,-9.028,-56.22
24,90,15.92,-7.042,-54.22
24,90,16.08,-5.342,-52.8
24,90,16.24,-5.67400000000001,-53.8
24,90,16.4,-6.09,-55.9
24,90,16.56,-5.88799999999999,-54.82
24,90,16.72,-6.508,-55.99
24,90,16.88,-6.08399999999999,-56.55
24,90,17.04,-6.26600000000001,-57.52
24,90,17.2,-6.42,-58.85
24,90,17.36,-7.766,-60.41
24,90,17.52,-6.376,-58.91
24,90,17.68,-9.002,-62.08
24,90,17.84,-10.168,-63.08
24,90,18,-12.74,-65.55
25,90,2,6.47,-15.32
25,90,2.16,6.742,-16.67
25,90,2.32,6.934,-18.72
25,90,2.48,6.046,-21.2
25,90,2.64,6.002,-22.71
25,90,2.8,5.93,-21.13
25,90,2.96,7.572,-20.74
25,90,3.12,7.884,-20.35
25,90,3.28,5.918,-24.1
25,90,3.44,8.128,-20.52
25,90,3.6,6.54,-20.91
25,90,3.76,7.126,-22.36
25,90,3.92,7.498,-20.05
25,90,4.08,8.128,-19.54
25,90,4.24,6.854,-22.17
25,90,4.4,6.56,-23.25
25,90,4.56,7.614,-22.2
25,90,4.72,7.206,-22.78
25,90,4.88,7.08,-23.05
25,90,5.04,7.14,-22.91
25,90,5.2,7.21,-24.21
25,90,5.36,6.59,-24.21
25,90,5.52,5.652,-24.63
25,90,5.68,6.38,-24.99
25,90,5.84,5.218,-26.23
25,90,6,5.38,-26.16
25,90,6.16,6.28,-25.76
25,90,6.32,4.34200000000001,-29.15
25,90,6.48,3.894,-30.19
25,90,6.64,3.302,-31.09
25,90,6.8,3.03,-30.47
25,90,6.96,3.138,-31.19
25,90,7.12,2.174,-32.42
25,90,7.28,1.508,-32.87
25,90,7.44,1.03400000000001,-33.3
25,90,7.6,-0.0799999999999983,-33.48
25,90,7.76,0.542000000000002,-34.68
25,90,7.92,-1.872,-36.5
25,90,8.08,0.434000000000005,-34.37
25,90,8.24,-1.672,-36.78
25,90,8.4,-3.8,-39.18
25,90,8.56,-2.142,-38.42
25,90,8.72,-6.818,-44.12
25,90,8.88,-4.468,-41.61
25,90,9.04,-5.09400000000001,-42.88
25,90,9.2,-5.22,-44.08
25,90,9.36,-5.824,-43.89
25,90,9.52,-8.532,-46.91
25,90,9.68,-6.86,-45.75
25,90,9.84,-9.126,-48.24
25,90,10,-6.91,-45.98
25,90,10.16,-6.818,-46.46
25,90,10.32,-8.382,-48.01
25,90,10.48,-9.608,-49.14
25,90,10.64,-10.328,-50.34
25,90,10.8,-9.81,-50.08
25,90,10.96,-11.196,-51.18
25,90,11.12,-11.686,-51.93
25,90,11.28,-14.406,-54.85
25,90,11.44,-15.102,-55.85
25,90,11.6,-12.87,-53.74
25,90,11.76,-9.164,-50.28
25,90,11.92,-9.014,-50.14
25,90,12.08,-8.95999999999999,-51.15
25,90,12.24,-6.784,-49.04
25,90,12.4,-8.94,-51.6
25,90,12.56,-6.07999999999999,-50.15
25,90,12.72,-4.51399999999999,-49.07
25,90,12.88,-4.32600000000001,-49.53
25,90,13.04,-4.788,-51.29
25,90,13.2,-3.94,-50.72
25,90,13.36,-4.43399999999999,-50.65
25,90,13.52,-6.812,-52.82
25,90,13.68,-5.67999999999999,-52.36
25,90,13.84,-10.258,-57.74
25,90,14,-10.14,-57.99
25,90,14.16,-9.85599999999999,-58.08
25,90,14.32,-13.106,-62.06
25,90,14.48,-29.334,-81.16
25,90,14.64,-22.604,-72.06
25,90,14.8,-23.52,-71.53
25,90,14.96,-17.162,-64.29
25,90,15.12,-21.5,-67.93
25,90,15.28,-14.33,-60.88
25,90,15.44,-15.436,-61.75
25,90,15.6,-12.47,-59.1
25,90,15.76,-11.588,-58.78
25,90,15.92,-8.512,-55.69
25,90,16.08,-7.782,-55.24
25,90,16.24,-8.53400000000001,-56.66
25,90,16.4,-10.38,-60.19
25,90,16.56,-9.20799999999999,-58.14
25,90,16.72,-10.988,-60.47
25,90,16.88,-8.70399999999999,-59.17
25,90,17.04,-9.32600000000001,-60.58
25,90,17.2,-9.03,-61.46
25,90,17.36,-12.286,-64.93
25,90,17.52,-10.836,-63.37
25,90,17.68,-10.892,-63.97
25,90,17.84,-15.238,-68.15
25,90,18,-17.41,-70.22
26,90,2,6.27,-15.52
26,90,2.16,6.562,-16.85
26,90,2.32,6.654,-19
26,90,2.48,5.836,-21.41
26,90,2.64,5.712,-23
26,90,2.8,5.71,-21.35
26,90,2.96,7.322,-20.99
26,90,3.12,7.694,-20.54
26,90,3.28,5.628,-24.39
26,90,3.44,7.758,-20.89
26,90,3.6,6.2,-21.25
26,90,3.76,6.846,-22.64
26,90,3.92,7.208,-20.34
26,90,4.08,7.828,-19.84
26,90,4.24,6.41400000000001,-22.61
26,90,4.4,6.18,-23.63
26,90,4.56,7.204,-22.61
26,90,4.72,6.816,-23.17
26,90,4.88,6.58,-23.55
26,90,5.04,6.71,-23.34
26,90,5.2,6.84,-24.58
26,90,5.36,5.91,-24.89
26,90,5.52,5.202,-25.08
26,90,5.68,5.77,-25.6
26,90,5.84,4.558,-26.89
26,90,6,4.68,-26.86
26,90,6.16,5.62,-26.42
26,90,6.32,3.722,-29.77
26,90,6.48,3.054,-31.03
26,90,6.64,2.482,-31.91
26,90,6.8,2.18,-31.32
26,90,6.96,2.218,-32.11
26,90,7.12,1.374,-33.22
26,90,7.28,0.158000000000001,-34.22
26,90,7.44,0.214000000000006,-34.12
26,90,7.6,-1.38,-34.78
26,90,7.76,-0.298000000000002,-35.52
26,90,7.92,-3.362,-37.99
26,90,8.08,-0.756,-35.56
26,90,8.24,-2.872,-37.98
26,90,8.4,-5.36,-40.74
26,90,8.56,-3.562,-39.84
26,90,8.72,-8.628,-45.93
26,90,8.88,-6.41800000000001,-43.56
26,90,9.04,-6.17400000000001,-43.96
26,90,9.2,-7.36,-46.22
26,90,9.36,-5.994,-44.06
26,90,9.52,-12.532,-50.91
26,90,9.68,-8.25,-47.14
26,90,9.84,-11.566,-50.68
26,90,10,-7.23,-46.3
26,90,10.16,-9.048,-48.69
26,90,10.32,-11.022,-50.65
26,90,10.48,-10.548,-50.08
26,90,10.64,-14.358,-54.37
26,90,10.8,-11.05,-51.32
26,90,10.96,-13.286,-53.27
26,90,11.12,-12.806,-53.05
26,90,11.28,-17.046,-57.49
26,90,11.44,-18.292,-59.04
26,90,11.6,-12.15,-53.02
26,90,11.76,-10.254,-51.37
26,90,11.92,-10.244,-51.37
26,90,12.08,-9.34,-51.53
26,90,12.24,-8.544,-50.8
26,90,12.4,-9.82,-52.48
26,90,12.56,-7.10999999999999,-51.18
26,90,12.72,-4.97399999999999,-49.53
26,90,12.88,-5.43600000000001,-50.64
26,90,13.04,-5.118,-51.62
26,90,13.2,-4.89,-51.67
26,90,13.36,-5.57399999999999,-51.79
26,90,13.52,-6.672,-52.68
26,90,13.68,-8.66999999999999,-55.35
26,90,13.84,-11.918,-59.4
26,90,14,-11.53,-59.38
26,90,14.16,-8.75599999999999,-56.98
26,90,14.32,-12.696,-61.65
26,90,14.48,-27.204,-79.03
26,90,14.64,-19.874,-69.33
26,90,14.8,-18.31,-66.32
26,90,14.96,-26.012,-73.14
26,90,15.12,-33.34,-79.77
26,90,15.28,-19.45,-66
26,90,15.44,-18.996,-65.31
26,90,15.6,-19.82,-66.45
26,90,15.76,-14.958,-62.15
26,90,15.92,-13.702,-60.88
26,90,16.08,-10.902,-58.36
26,90,16.24,-14.134,-62.26
26,90,16.4,-14.63,-64.44
26,90,16.56,-12.568,-61.5
26,90,16.72,-14.738,-64.22
26,90,16.88,-11.064,-61.53
26,90,17.04,-13.356,-64.61
26,90,17.2,-16.23,-68.66
26,90,17.36,-11.526,-64.17
26,90,17.52,-22.696,-75.23
26,90,17.68,-16.012,-69.09
26,90,17.84,-21.968,-74.88
26,90,18,-22.06,-74.87
27,90,2,6.01,-15.78
27,90,2.16,6.362,-17.05
27,90,2.32,6.384,-19.27
27,90,2.48,5.646,-21.6
27,90,2.64,5.422,-23.29
27,90,2.8,5.46,-21.6
27,90,2.96,7.082,-21.23
27,90,3.12,7.494,-20.74
27,90,3.28,5.368,-24.65
27,90,3.44,7.438,-21.21
27,90,3.6,5.9,-21.55
27,90,3.76,6.526,-22.96
27,90,3.92,6.908,-20.64
27,90,4.08,7.568,-20.1
27,90,4.24,5.974,-23.05
27,90,4.4,5.75,-24.06
27,90,4.56,6.834,-22.98
27,90,4.72,6.416,-23.57
27,90,4.88,6.1,-24.03
27,90,5.04,6.28,-23.77
27,90,5.2,6.41,-25.01
27,90,5.36,5.22,-25.58
27,90,5.52,4.762,-25.52
27,90,5.68,5.19,-26.18
27,90,5.84,3.948,-27.5
27,90,6,3.93,-27.61
27,90,6.16,4.92,-27.12
27,90,6.32,3.012,-30.48
27,90,6.48,2.304,-31.78
27,90,6.64,1.682,-32.71
27,90,6.8,1.37,-32.13
27,90,6.96,1.258,-33.07
27,90,7.12,0.524000000000001,-34.07
27,90,7.28,-1.112,-35.49
27,90,7.44,-0.866,-35.2
27,90,7.6,-2.68,-36.08
27,90,7.76,-1.328,-36.55
27,90,7.92,-4.352,-38.98
27,90,8.08,-1.976,-36.78
27,90,8.24,-4.13200000000001,-39.24
27,90,8.4,-6.77,-42.15
27,90,8.56,-5.05199999999999,-41.33
27,90,8.72,-9.858,-47.16
27,90,8.88,-8.34800000000001,-45.49
27,90,9.04,-7.21400000000001,-45
27,90,9.2,-10.32,-49.18
27,90,9.36,-6.854,-44.92
27,90,9.52,-17.192,-55.57
27,90,9.68,-9.92,-48.81
27,90,9.84,-13.846,-52.96
27,90,10,-8.93,-48
27,90,10.16,-10.668,-50.31
27,90,10.32,-14.562,-54.19
27,90,10.48,-13.468,-53
27,90,10.64,-17.848,-57.86
27,90,10.8,-12.23,-52.5
27,90,10.96,-18.076,-58.06
27,90,11.12,-15.496,-55.74
27,90,11.28,-17.396,-57.84
27,90,11.44,-22.422,-63.17
27,90,11.6,-11.95,-52.82
27,90,11.76,-11.064,-52.18
27,90,11.92,-10.134,-51.26
27,90,12.08,-8.60999999999999,-50.8
27,90,12.24,-9.604,-51.86
27,90,12.4,-8.94,-51.6
27,90,12.56,-7.32999999999999,-51.4
27,90,12.72,-5.48399999999999,-50.04
27,90,12.88,-5.81600000000001,-51.02
27,90,13.04,-5.998,-52.5
27,90,13.2,-4.78,-51.56
27,90,13.36,-5.91399999999999,-52.13
27,90,13.52,-6.422,-52.43
27,90,13.68,-8.22999999999999,-54.91
27,90,13.84,-10.008,-57.49
27,90,14,-10.27,-58.12
27,90,14.16,-10.796,-59.02
27,90,14.32,-13.356,-62.31
27,90,14.48,-42.534,-94.36
27,90,14.64,-17.304,-66.76
27,90,14.8,-20.92,-68.93
27,90,14.96,-19.982,-67.11
27,90,15.12,-21.87,-68.3
27,90,15.28,-29.14,-75.69
27,90,15.44,-23.856,-70.17
27,90,15.6,-32.84,-79.47
27,90,15.76,-22.958,-70.15
27,90,15.92,-21.632,-68.81
27,90,16.08,-19.182,-66.64
27,90,16.24,-23.464,-71.59
27,90,16.4,-21.62,-71.43
27,90,16.56,-14.058,-62.99
27,90,16.72,-24.828,-74.31
27,90,16.88,-18.844,-69.31
27,90,17.04,-17.126,-68.38
27,90,17.2,-29.53,-81.96
27,90,17.36,-18.316,-70.96
27,90,17.52,-29.206,-81.74
27,90,17.68,-22.192,-75.27
27,90,17.84,-40.258,-93.17
27,90,18,-31.09,-83.9
28,90,2,5.9,-15.89
28,90,2.16,6.262,-17.15
28,90,2.32,6.084,-19.57
28,90,2.48,5.436,-21.81
28,90,2.64,5.112,-23.6
28,90,2.8,5.15,-21.91
28,90,2.96,6.832,-21.48
28,90,3.12,7.244,-20.99
28,90,3.28,5.088,-24.93
28,90,3.44,7.068,-21.58
28,90,3.6,5.61,-21.84
28,90,3.76,6.206,-23.28
28,90,3.92,6.558,-20.99
28,90,4.08,7.278,-20.39
28,90,4.24,5.524,-23.5
28,90,4.4,5.38,-24.43
28,90,4.56,6.384,-23.43
28,90,4.72,6.08600000000001,-23.9
28,90,4.88,5.6,-24.53
28,90,5.04,5.77,-24.28
28,90,5.2,5.96,-25.46
28,90,5.36,4.52,-26.28
28,90,5.52,4.252,-26.03
28,90,5.68,4.49,-26.88
28,90,5.84,3.338,-28.11
28,90,6,3.28,-28.26
28,90,6.16,4.18,-27.86
28,90,6.32,2.532,-30.96
28,90,6.48,1.544,-32.54
28,90,6.64,0.742000000000004,-33.65
28,90,6.8,0.289999999999999,-33.21
28,90,6.96,0.258000000000003,-34.07
28,90,7.12,-0.216000000000001,-34.81
28,90,7.28,-2.432,-36.81
28,90,7.44,-2.026,-36.36
28,90,7.6,-3.93,-37.33
28,90,7.76,-2.408,-37.63
28,90,7.92,-5.612,-40.24
28,90,8.08,-3.10599999999999,-37.91
28,90,8.24,-5.782,-40.89
28,90,8.4,-8.66,-44.04
28,90,8.56,-6.58199999999999,-42.86
28,90,8.72,-10.288,-47.59
28,90,8.88,-12.548,-49.69
28,90,9.04,-8.24400000000001,-46.03
28,90,9.2,-13.58,-52.44
28,90,9.36,-8.604,-46.67
28,90,9.52,-19.002,-57.38
28,90,9.68,-12.24,-51.13
28,90,9.84,-14.896,-54.01
28,90,10,-11.53,-50.6
28,90,10.16,-11.828,-51.47
28,90,10.32,-21.122,-60.75
28,90,10.48,-16.058,-55.59
28,90,10.64,-23.498,-63.51
28,90,10.8,-14.48,-54.75
28,90,10.96,-24.086,-64.07
28,90,11.12,-15.106,-55.35
28,90,11.28,-17.856,-58.3
28,90,11.44,-19.512,-60.26
28,90,11.6,-10.16,-51.03
28,90,11.76,-10.534,-51.65
28,90,11.92,-10.084,-51.21
28,90,12.08,-7.70999999999999,-49.9
28,90,12.24,-9.534,-51.79
28,90,12.4,-8.2,-50.86
28,90,12.56,-7.83999999999999,-51.91
28,90,12.72,-4.82399999999999,-49.38
28,90,12.88,-5.83600000000001,-51.04
28,90,13.04,-6.41800000000001,-52.92
28,90,13.2,-5.35,-52.13
28,90,13.36,-5.58399999999999,-51.8
28,90,13.52,-6.622,-52.63
28,90,13.68,-7.73999999999999,-54.42
28,90,13.84,-12.438,-59.92
28,90,14,-10.31,-58.16
28,90,14.16,-9.976,-58.2
28,90,14.32,-9.776,-58.73
28,90,14.48,-18.494,-70.32
28,90,14.64,-20.264,-69.72
28,90,14.8,-14.9,-62.91
28,90,14.96,-13.362,-60.49
28,90,15.12,-17.94,-64.37
28,90,15.28,-16.55,-63.1
28,90,15.44,-17.206,-63.52
28,90,15.6,-13.66,-60.29
28,90,15.76,-15.778,-62.97
28,90,15.92,-18.362,-65.54
28,90,16.08,-16.112,-63.57
28,90,16.24,-15.334,-63.46
28,90,16.4,-14.08,-63.89
28,90,16.56,-12.868,-61.8
28,90,16.72,-15.768,-65.25
28,90,16.88,-18.694,-69.16
28,90,17.04,-23.656,-74.91
28,90,17.2,-19.35,-71.78
28,90,17.36,-13.356,-66
28,90,17.52,-16.276,-68.81
28,90,17.68,-21.852,-74.93
28,90,17.84,-17.008,-69.92
28,90,18,-15.85,-68.66
29,90,2,5.6,-16.19
29,90,2.16,6.132,-17.28
29,90,2.32,5.804,-19.85
29,90,2.48,5.236,-22.01
29,90,2.64,4.812,-23.9
29,90,2.8,4.84,-22.22
29,90,2.96,6.632,-21.68
29,90,3.12,6.964,-21.27
29,90,3.28,4.868,-25.15
29,90,3.44,6.698,-21.95
29,90,3.6,5.35,-22.1
29,90,3.76,5.906,-23.58
29,90,3.92,6.248,-21.3
29,90,4.08,6.938,-20.73
29,90,4.24,5.044,-23.98
29,90,4.4,4.99,-24.82
29,90,4.56,5.964,-23.85
29,90,4.72,5.706,-24.28
29,90,4.88,5.06,-25.07
29,90,5.04,5.28,-24.77
29,90,5.2,5.52,-25.9
29,90,5.36,3.91,-26.89
29,90,5.52,3.772,-26.51
29,90,5.68,3.81,-27.56
29,90,5.84,2.808,-28.64
29,90,6,2.58,-28.96
29,90,6.16,3.36,-28.68
29,90,6.32,1.802,-31.69
29,90,6.48,0.824000000000005,-33.26
29,90,6.64,-0.0379999999999967,-34.43
29,90,6.8,-0.619999999999997,-34.12
29,90,6.96,-0.631999999999998,-34.96
29,90,7.12,-1.226,-35.82
29,90,7.28,-3.332,-37.71
29,90,7.44,-3.376,-37.71
29,90,7.6,-4.75,-38.15
29,90,7.76,-3.718,-38.94
29,90,7.92,-6.582,-41.21
29,90,8.08,-4.376,-39.18
29,90,8.24,-7.212,-42.32
29,90,8.4,-10.84,-46.22
29,90,8.56,-8.282,-44.56
29,90,8.72,-10.178,-47.48
29,90,8.88,-15.908,-53.05
29,90,9.04,-10.414,-48.2
29,90,9.2,-15.32,-54.18
29,90,9.36,-11.274,-49.34
29,90,9.52,-17.422,-55.8
29,90,9.68,-14.66,-53.55
29,90,9.84,-14.596,-53.71
29,90,10,-14.04,-53.11
29,90,10.16,-14.058,-53.7
29,90,10.32,-27.542,-67.17
29,90,10.48,-18.328,-57.86
29,90,10.64,-23.348,-63.36
29,90,10.8,-15.96,-56.23
29,90,10.96,-22.866,-62.85
29,90,11.12,-13.806,-54.05
29,90,11.28,-13.996,-54.44
29,90,11.44,-17.162,-57.91
29,90,11.6,-8.89,-49.76
29,90,11.76,-9.064,-50.18
29,90,11.92,-9.164,-50.29
29,90,12.08,-6.48999999999999,-48.68
29,90,12.24,-8.734,-50.99
29,90,12.4,-7.69,-50.35
29,90,12.56,-6.45,-50.52
29,90,12.72,-4.85399999999998,-49.41
29,90,12.88,-5.78600000000001,-50.99
29,90,13.04,-5.83800000000001,-52.34
29,90,13.2,-5.34,-52.12
29,90,13.36,-5.78399999999999,-52
29,90,13.52,-6.412,-52.42
29,90,13.68,-7.43999999999999,-54.12
29,90,13.84,-8.708,-56.19
29,90,14,-8.37,-56.22
29,90,14.16,-9.846,-58.07
29,90,14.32,-8.13600000000001,-57.09
29,90,14.48,-11.984,-63.81
29,90,14.64,-16.804,-66.26
29,90,14.8,-15,-63.01
29,90,14.96,-12.142,-59.27
29,90,15.12,-12.18,-58.61
29,90,15.28,-12.55,-59.1
29,90,15.44,-11.906,-58.22
29,90,15.6,-13.77,-60.4
29,90,15.76,-10.378,-57.57
29,90,15.92,-14.352,-61.53
29,90,16.08,-11.892,-59.35
29,90,16.24,-11.814,-59.94
29,90,16.4,-13.14,-62.95
29,90,16.56,-11.028,-59.96
29,90,16.72,-11.968,-61.45
29,90,16.88,-17.094,-67.56
29,90,17.04,-13.166,-64.42
29,90,17.2,-12.52,-64.95
29,90,17.36,-12.496,-65.14
29,90,17.52,-9.766,-62.3
29,90,17.68,-12.012,-65.09
29,90,17.84,-10.238,-63.15
29,90,18,-12.9,-65.71
30,90,2,5.37,-16.42
30,90,2.16,5.982,-17.43
30,90,2.32,5.474,-20.18
30,90,2.48,5.016,-22.23
30,90,2.64,4.452,-24.26
30,90,2.8,4.47,-22.59
30,90,2.96,6.392,-21.92
30,90,3.12,6.664,-21.57
30,90,3.28,4.648,-25.37
30,90,3.44,6.338,-22.31
30,90,3.6,5.15,-22.3
30,90,3.76,5.536,-23.95
30,90,3.92,5.908,-21.64
30,90,4.08,6.568,-21.1
30,90,4.24,4.62400000000001,-24.4
30,90,4.4,4.57,-25.24
30,90,4.56,5.474,-24.34
30,90,4.72,5.296,-24.69
30,90,4.88,4.52,-25.61
30,90,5.04,4.75,-25.3
30,90,5.2,5.08,-26.34
30,90,5.36,3.32,-27.48
30,90,5.52,3.162,-27.12
30,90,5.68,3.14,-28.23
30,90,5.84,2.158,-29.29
30,90,6,1.96,-29.58
30,90,6.16,2.5,-29.54
30,90,6.32,0.972000000000001,-32.52
30,90,6.48,0.104000000000006,-33.98
30,90,6.64,-0.847999999999999,-35.24
30,90,6.8,-1.43,-34.93
30,90,6.96,-1.642,-35.97
30,90,7.12,-2.236,-36.83
30,90,7.28,-4.012,-38.39
30,90,7.44,-4.92599999999999,-39.26
30,90,7.6,-5.55,-38.95
30,90,7.76,-5.128,-40.35
30,90,7.92,-7.392,-42.02
30,90,8.08,-5.476,-40.28
30,90,8.24,-8.052,-43.16
30,90,8.4,-12.25,-47.63
30,90,8.56,-10.622,-46.9
30,90,8.72,-11.838,-49.14
30,90,8.88,-16.348,-53.49
30,90,9.04,-14.604,-52.39
30,90,9.2,-16.81,-55.67
30,90,9.36,-14.494,-52.56
30,90,9.52,-18.622,-57
30,90,9.68,-17.79,-56.68
30,90,9.84,-14.326,-53.44
30,90,10,-19.81,-58.88
30,90,10.16,-16.208,-55.85
30,90,10.32,-21.162,-60.79
30,90,10.48,-18.988,-58.52
30,90,10.64,-18.898,-58.91
30,90,10.8,-15.12,-55.39
30,90,10.96,-16.156,-56.14
30,90,11.12,-10.366,-50.61
30,90,11.28,-13.236,-53.68
30,90,11.44,-14.092,-54.84
30,90,11.6,-7.72000000000001,-48.59
30,90,11.76,-7.844,-48.96
30,90,11.92,-8.934,-50.06
30,90,12.08,-6.70999999999999,-48.9
30,90,12.24,-8.534,-50.79
30,90,12.4,-6.54000000000001,-49.2
30,90,12.56,-6.03999999999999,-50.11
30,90,12.72,-4.55399999999999,-49.11
30,90,12.88,-5.51600000000001,-50.72
30,90,13.04,-5.618,-52.12
30,90,13.2,-5.23,-52.01
30,90,13.36,-4.70399999999999,-50.92
30,90,13.52,-6.332,-52.34
30,90,13.68,-6.84,-53.52
30,90,13.84,-7.248,-54.73
30,90,14,-8.21,-56.06
30,90,14.16,-8.026,-56.25
30,90,14.32,-7.50600000000001,-56.46
30,90,14.48,-12.414,-64.24
30,90,14.64,-13.974,-63.43
30,90,14.8,-11.72,-59.73
30,90,14.96,-8.652,-55.78
30,90,15.12,-9,-55.43
30,90,15.28,-9.21,-55.76
30,90,15.44,-8.916,-55.23
30,90,15.6,-9.59,-56.22
30,90,15.76,-8.898,-56.09
30,90,15.92,-9.122,-56.3
30,90,16.08,-9.792,-57.25
30,90,16.24,-9.74400000000001,-57.87
30,90,16.4,-12.06,-61.87
30,90,16.56,-9.13799999999999,-58.07
30,90,16.72,-11.528,-61.01
30,90,16.88,-14.934,-65.4
30,90,17.04,-13.356,-64.61
30,90,17.2,-14.7,-67.13
30,90,17.36,-12.396,-65.04
30,90,17.52,-13.546,-66.08
30,90,17.68,-12.642,-65.72
30,90,17.84,-10.578,-63.49
30,90,18,-12.02,-64.83
31,90,2,5.16,-16.63
31,90,2.16,5.832,-17.58
31,90,2.32,5.224,-20.43
31,90,2.48,4.786,-22.46
31,90,2.64,4.122,-24.59
31,90,2.8,4.09,-22.97
31,90,2.96,6.162,-22.15
31,90,3.12,6.344,-21.89
31,90,3.28,4.438,-25.58
31,90,3.44,5.988,-22.66
31,90,3.6,4.97,-22.48
31,90,3.76,5.206,-24.28
31,90,3.92,5.618,-21.93
31,90,4.08,6.188,-21.48
31,90,4.24,4.16400000000001,-24.86
31,90,4.4,4.23,-25.58
31,90,4.56,4.974,-24.84
31,90,4.72,4.916,-25.07
31,90,4.88,3.98,-26.15
31,90,5.04,4.24000000000001,-25.81
31,90,5.2,4.6,-26.82
31,90,5.36,2.81,-27.99
31,90,5.52,2.572,-27.71
31,90,5.68,2.62,-28.75
31,90,5.84,1.348,-30.1
31,90,6,1.38,-30.16
31,90,6.16,1.73,-30.31
31,90,6.32,0.0720000000000027,-33.42
31,90,6.48,-0.625999999999998,-34.71
31,90,6.64,-1.778,-36.17
31,90,6.8,-2.18,-35.68
31,90,6.96,-2.47199999999999,-36.8
31,90,7.12,-3.286,-37.88
31,90,7.28,-4.692,-39.07
31,90,7.44,-6.586,-40.92
31,90,7.6,-6.29,-39.69
31,90,7.76,-5.888,-41.11
31,90,7.92,-8.742,-43.37
31,90,8.08,-6.776,-41.58
31,90,8.24,-8.992,-44.1
31,90,8.4,-13.73,-49.11
31,90,8.56,-12.532,-48.81
31,90,8.72,-13.498,-50.8
31,90,8.88,-15.158,-52.3
31,90,9.04,-19.374,-57.16
31,90,9.2,-16.27,-55.13
31,90,9.36,-17.534,-55.6
31,90,9.52,-23.292,-61.67
31,90,9.68,-21.52,-60.41
31,90,9.84,-16.906,-56.02
31,90,10,-26.11,-65.18
31,90,10.16,-19.638,-59.28
31,90,10.32,-20.052,-59.68
31,90,10.48,-14.928,-54.46
31,90,10.64,-16.178,-56.19
31,90,10.8,-12.98,-53.25
31,90,10.96,-16.106,-56.09
31,90,11.12,-8.916,-49.16
31,90,11.28,-10.976,-51.42
31,90,11.44,-11.872,-52.62
31,90,11.6,-7.43,-48.3
31,90,11.76,-7.054,-48.17
31,90,11.92,-7.924,-49.05
31,90,12.08,-7.67999999999999,-49.87
31,90,12.24,-8.404,-50.66
31,90,12.4,-5.48,-48.14
31,90,12.56,-6.07999999999999,-50.15
31,90,12.72,-4.54399999999999,-49.1
31,90,12.88,-5.94600000000001,-51.15
31,90,13.04,-5.13800000000001,-51.64
31,90,13.2,-5.64,-52.42
31,90,13.36,-4.60399999999999,-50.82
31,90,13.52,-6.802,-52.81
31,90,13.68,-6.50999999999999,-53.19
31,90,13.84,-6.688,-54.17
31,90,14,-7.96,-55.81
31,90,14.16,-7.066,-55.29
31,90,14.32,-6.89600000000001,-55.85
31,90,14.48,-11.394,-63.22
31,90,14.64,-9.75400000000001,-59.21
31,90,14.8,-9.7,-57.71
31,90,14.96,-9.862,-56.99
31,90,15.12,-8.23,-54.66
31,90,15.28,-8.07,-54.62
31,90,15.44,-9.256,-55.57
31,90,15.6,-8.45,-55.08
31,90,15.76,-7.878,-55.07
31,90,15.92,-8.59200000000001,-55.77
31,90,16.08,-10.402,-57.86
31,90,16.24,-8.90400000000001,-57.03
31,90,16.4,-9.96,-59.77
31,90,16.56,-9.81799999999999,-58.75
31,90,16.72,-12.978,-62.46
31,90,16.88,-12.494,-62.96
31,90,17.04,-11.926,-63.18
31,90,17.2,-12.63,-65.06
31,90,17.36,-11.696,-64.34
31,90,17.52,-10.746,-63.28
31,90,17.68,-11.342,-64.42
31,90,17.84,-13.208,-66.12
31,90,18,-9.76,-62.57
32,90,2,4.92,-16.87
32,90,2.16,5.682,-17.73
32,90,2.32,4.954,-20.7
32,90,2.48,4.516,-22.73
32,90,2.64,3.812,-24.9
32,90,2.8,3.69,-23.37
32,90,2.96,5.952,-22.36
32,90,3.12,5.954,-22.28
32,90,3.28,4.298,-25.72
32,90,3.44,5.548,-23.1
32,90,3.6,4.77,-22.68
32,90,3.76,4.806,-24.68
32,90,3.92,5.328,-22.22
32,90,4.08,5.728,-21.94
32,90,4.24,3.71400000000001,-25.31
32,90,4.4,3.88,-25.93
32,90,4.56,4.444,-25.37
32,90,4.72,4.40600000000001,-25.58
32,90,4.88,3.39,-26.74
32,90,5.04,3.83000000000001,-26.22
32,90,5.2,4.09,-27.33
32,90,5.36,2.38,-28.42
32,90,5.52,1.772,-28.51
32,90,5.68,2.17,-29.2
32,90,5.84,0.527999999999999,-30.92
32,90,6,0.879999999999999,-30.66
32,90,6.16,1.01,-31.03
32,90,6.32,-0.887999999999998,-34.38
32,90,6.48,-1.186,-35.27
32,90,6.64,-2.308,-36.7
32,90,6.8,-3.1,-36.6
32,90,6.96,-3.322,-37.65
32,90,7.12,-4.136,-38.73
32,90,7.28,-5.192,-39.57
32,90,7.44,-7.976,-42.31
32,90,7.6,-7.71,-41.11
32,90,7.76,-6.498,-41.72
32,90,7.92,-9.662,-44.29
32,90,8.08,-8.256,-43.06
32,90,8.24,-10.952,-46.06
32,90,8.4,-13.84,-49.22
32,90,8.56,-13.792,-50.07
32,90,8.72,-18.978,-56.28
32,90,8.88,-16.238,-53.38
32,90,9.04,-24.124,-61.91
32,90,9.2,-19.8,-58.66
32,90,9.36,-16.054,-54.12
32,90,9.52,-18.522,-56.9
32,90,9.68,-20.58,-59.47
32,90,9.84,-19.426,-58.54
32,90,10,-26.69,-65.76
32,90,10.16,-19.038,-58.68
32,90,10.32,-23.872,-63.5
32,90,10.48,-11.668,-51.2
32,90,10.64,-12.848,-52.86
32,90,10.8,-12.98,-53.25
32,90,10.96,-13.386,-53.37
32,90,11.12,-8.996,-49.24
32,90,11.28,-8.696,-49.14
32,90,11.44,-10.892,-51.64
32,90,11.6,-6.88,-47.75
32,90,11.76,-6.814,-47.93
32,90,11.92,-7.39400000000001,-48.52
32,90,12.08,-8.31,-50.5
32,90,12.24,-9.014,-51.27
32,90,12.4,-5.8,-48.46
32,90,12.56,-5.88999999999999,-49.96
32,90,12.72,-4.83399999999999,-49.39
32,90,12.88,-4.78600000000001,-49.99
32,90,13.04,-6.30800000000001,-52.81
32,90,13.2,-5.46,-52.24
32,90,13.36,-5.66399999999999,-51.88
32,90,13.52,-6.092,-52.1
32,90,13.68,-6.78999999999999,-53.47
32,90,13.84,-6.488,-53.97
32,90,14,-8.46,-56.31
32,90,14.16,-5.656,-53.88
32,90,14.32,-8.03600000000001,-56.99
32,90,14.48,-11.084,-62.91
32,90,14.64,-10.424,-59.88
32,90,14.8,-9.97,-57.98
32,90,14.96,-9.682,-56.81
32,90,15.12,-8.9,-55.33
32,90,15.28,-6.65000000000001,-53.2
32,90,15.44,-8.536,-54.85
32,90,15.6,-8.82,-55.45
32,90,15.76,-7.758,-54.95
32,90,15.92,-8.732,-55.91
32,90,16.08,-10.162,-57.62
32,90,16.24,-10.684,-58.81
32,90,16.4,-12.27,-62.08
32,90,16.56,-12.068,-61
32,90,16.72,-13.178,-62.66
32,90,16.88,-17.064,-67.53
32,90,17.04,-12.796,-64.05
32,90,17.2,-12.18,-64.61
32,90,17.36,-11.976,-64.62
32,90,17.52,-12.936,-65.47
32,90,17.68,-10.462,-63.54
32,90,17.84,-16.628,-69.54
32,90,18,-12.53,-65.34
33,90,2,4.8,-16.99
33,90,2.16,5.522,-17.89
33,90,2.32,4.734,-20.92
33,90,2.48,4.206,-23.04
33,90,2.64,3.502,-25.21
33,90,2.8,3.33,-23.73
33,90,2.96,5.702,-22.61
33,90,3.12,5.654,-22.58
33,90,3.28,4.098,-25.92
33,90,3.44,5.098,-23.55
33,90,3.6,4.51,-22.94
33,90,3.76,4.486,-25
33,90,3.92,5.058,-22.49
33,90,4.08,5.278,-22.39
33,90,4.24,3.21400000000001,-25.81
33,90,4.4,3.51,-26.3
33,90,4.56,3.984,-25.83
33,90,4.72,3.92600000000001,-26.06
33,90,4.88,2.84,-27.29
33,90,5.04,3.35,-26.7
33,90,5.2,3.55,-27.87
33,90,5.36,1.89,-28.91
33,90,5.52,0.902000000000001,-29.38
33,90,5.68,1.72,-29.65
33,90,5.84,-0.372,-31.82
33,90,6,0.289999999999999,-31.25
33,90,6.16,0.379999999999999,-31.66
33,90,6.32,-1.708,-35.2
33,90,6.48,-1.936,-36.02
33,90,6.64,-2.878,-37.27
33,90,6.8,-4.17,-37.67
33,90,6.96,-4.15199999999999,-38.48
33,90,7.12,-5.206,-39.8
33,90,7.28,-6.032,-40.41
33,90,7.44,-8.436,-42.77
33,90,7.6,-9.22,-42.62
33,90,7.76,-6.808,-42.03
33,90,7.92,-11.192,-45.82
33,90,8.08,-8.706,-43.51
33,90,8.24,-12.772,-47.88
33,90,8.4,-15.66,-51.04
33,90,8.56,-12.802,-49.08
33,90,8.72,-21.888,-59.19
33,90,8.88,-18.968,-56.11
33,90,9.04,-24.554,-62.34
33,90,9.2,-21.9,-60.76
33,90,9.36,-16.294,-54.36
33,90,9.52,-13.662,-52.04
33,90,9.68,-21.35,-60.24
33,90,9.84,-19.346,-58.46
33,90,10,-21.91,-60.98
33,90,10.16,-17.388,-57.03
33,90,10.32,-23.212,-62.84
33,90,10.48,-11.298,-50.83
33,90,10.64,-9.968,-49.98
33,90,10.8,-11.8,-52.07
33,90,10.96,-10.066,-50.05
33,90,11.12,-9.096,-49.34
33,90,11.28,-7.996,-48.44
33,90,11.44,-10.712,-51.46
33,90,11.6,-6.95,-47.82
33,90,11.76,-6.654,-47.77
33,90,11.92,-7.154,-48.28
33,90,12.08,-9.09,-51.28
33,90,12.24,-10.014,-52.27
33,90,12.4,-6.82,-49.48
33,90,12.56,-6.93999999999999,-51.01
33,90,12.72,-5.40399999999999,-49.96
33,90,12.88,-6.276,-51.48
33,90,13.04,-6.248,-52.75
33,90,13.2,-5.63,-52.41
33,90,13.36,-5.72399999999999,-51.94
33,90,13.52,-6.97199999999999,-52.98
33,90,13.68,-7.41999999999999,-54.1
33,90,13.84,-8.048,-55.53
33,90,14,-7.64,-55.49
33,90,14.16,-6.456,-54.68
33,90,14.32,-9.846,-58.8
33,90,14.48,-10.494,-62.32
33,90,14.64,-9.02400000000001,-58.48
33,90,14.8,-11.12,-59.13
33,90,14.96,-10.912,-58.04
33,90,15.12,-8.45,-54.88
33,90,15.28,-7.29000000000001,-53.84
33,90,15.44,-7.956,-54.27
33,90,15.6,-9.51,-56.14
33,90,15.76,-6.798,-53.99
33,90,15.92,-8.082,-55.26
33,90,16.08,-10.812,-58.27
33,90,16.24,-12.374,-60.5
33,90,16.4,-11.74,-61.55
33,90,16.56,-16.728,-65.66
33,90,16.72,-14.648,-64.13
33,90,16.88,-32.874,-83.34
33,90,17.04,-18.156,-69.41
33,90,17.2,-14.89,-67.32
33,90,17.36,-14.296,-66.94
33,90,17.52,-10.246,-62.78
33,90,17.68,-16.432,-69.51
33,90,17.84,-17.908,-70.82
33,90,18,-15.61,-68.42
34,90,2,4.61,-17.18
34,90,2.16,5.302,-18.11
34,90,2.32,4.534,-21.12
34,90,2.48,3.926,-23.32
34,90,2.64,3.182,-25.53
34,90,2.8,2.97,-24.09
34,90,2.96,5.452,-22.86
34,90,3.12,5.264,-22.97
34,90,3.28,3.948,-26.07
34,90,3.44,4.668,-23.98
34,90,3.6,4.2,-23.25
34,90,3.76,4.156,-25.33
34,90,3.92,4.788,-22.76
34,90,4.08,4.818,-22.85
34,90,4.24,2.69400000000001,-26.33
34,90,4.4,3.06,-26.75
34,90,4.56,3.544,-26.27
34,90,4.72,3.40600000000001,-26.58
34,90,4.88,2.34,-27.79
34,90,5.04,2.96,-27.09
34,90,5.2,3.1,-28.32
34,90,5.36,1.43,-29.37
34,90,5.52,0.161999999999999,-30.12
34,90,5.68,1.27,-30.1
34,90,5.84,-1.272,-32.72
34,90,6,-0.350000000000001,-31.89
34,90,6.16,-0.300000000000004,-32.34
34,90,6.32,-2.498,-35.99
34,90,6.48,-2.556,-36.64
34,90,6.64,-3.488,-37.88
34,90,6.8,-5.25,-38.75
34,90,6.96,-4.992,-39.32
34,90,7.12,-5.896,-40.49
34,90,7.28,-6.742,-41.12
34,90,7.44,-8.686,-43.02
34,90,7.6,-10.82,-44.22
34,90,7.76,-7.688,-42.91
34,90,7.92,-13.082,-47.71
34,90,8.08,-8.696,-43.5
34,90,8.24,-13.112,-48.22
34,90,8.4,-19.2,-54.58
34,90,8.56,-12.422,-48.7
34,90,8.72,-19.958,-57.26
34,90,8.88,-20.478,-57.62
34,90,9.04,-19.154,-56.94
34,90,9.2,-28.77,-67.63
34,90,9.36,-16.384,-54.45
34,90,9.52,-10.162,-48.54
34,90,9.68,-16.97,-55.86
34,90,9.84,-21.266,-60.38
34,90,10,-17.21,-56.28
34,90,10.16,-15.678,-55.32
34,90,10.32,-15.452,-55.08
34,90,10.48,-11.818,-51.35
34,90,10.64,-8.758,-48.77
34,90,10.8,-11.14,-51.41
34,90,10.96,-9.206,-49.19
34,90,11.12,-8.056,-48.3
34,90,11.28,-8.346,-48.79
34,90,11.44,-9.682,-50.43
34,90,11.6,-7.58000000000001,-48.45
34,90,11.76,-6.304,-47.42
34,90,11.92,-7.224,-48.35
34,90,12.08,-9.62,-51.81
34,90,12.24,-9.884,-52.14
34,90,12.4,-8.46,-51.12
34,90,12.56,-8.20999999999999,-52.28
34,90,12.72,-6.63399999999999,-51.19
34,90,12.88,-5.92600000000001,-51.13
34,90,13.04,-7.618,-54.12
34,90,13.2,-6.97,-53.75
34,90,13.36,-6.64399999999999,-52.86
34,90,13.52,-7.062,-53.07
34,90,13.68,-7.03999999999999,-53.72
34,90,13.84,-8.638,-56.12
34,90,14,-9.35,-57.2
34,90,14.16,-7.346,-55.57
34,90,14.32,-8.53600000000001,-57.49
34,90,14.48,-11.104,-62.93
34,90,14.64,-10.354,-59.81
34,90,14.8,-10.49,-58.5
34,90,14.96,-10.802,-57.93
34,90,15.12,-8.59,-55.02
34,90,15.28,-9.33000000000001,-55.88
34,90,15.44,-8.136,-54.45
34,90,15.6,-9.46,-56.09
34,90,15.76,-7.768,-54.96
34,90,15.92,-7.13200000000001,-54.31
34,90,16.08,-9.982,-57.44
34,90,16.24,-10.584,-58.71
34,90,16.4,-11.46,-61.27
34,90,16.56,-13.638,-62.57
34,90,16.72,-13.408,-62.89
34,90,16.88,-22.924,-73.39
34,90,17.04,-13.866,-65.12
34,90,17.2,-19.17,-71.6
34,90,17.36,-13.156,-65.8
34,90,17.52,-19.906,-72.44
34,90,17.68,-15.552,-68.63
34,90,17.84,-11.398,-64.31
34,90,18,-16.65,-69.46
35,90,2,4.43,-17.36
35,90,2.16,5.082,-18.33
35,90,2.32,4.324,-21.33
35,90,2.48,3.646,-23.6
35,90,2.64,2.902,-25.81
35,90,2.8,2.68,-24.38
35,90,2.96,5.172,-23.14
35,90,3.12,4.924,-23.31
35,90,3.28,3.738,-26.28
35,90,3.44,4.298,-24.35
35,90,3.6,3.84,-23.61
35,90,3.76,3.846,-25.64
35,90,3.92,4.538,-23.01
35,90,4.08,4.378,-23.29
35,90,4.24,2.23400000000001,-26.79
35,90,4.4,2.49,-27.32
35,90,4.56,3.224,-26.59
35,90,4.72,2.896,-27.09
35,90,4.88,1.8,-28.33
35,90,5.04,2.45,-27.6
35,90,5.2,2.56,-28.86
35,90,5.36,0.929999999999996,-29.87
35,90,5.52,-0.468,-30.75
35,90,5.68,0.659999999999997,-30.71
35,90,5.84,-1.962,-33.41
35,90,6,-1.1,-32.64
35,90,6.16,-1.15,-33.19
35,90,6.32,-3.19799999999999,-36.69
35,90,6.48,-3.126,-37.21
35,90,6.64,-4.04799999999999,-38.44
35,90,6.8,-6.25,-39.75
35,90,6.96,-6.08199999999999,-40.41
35,90,7.12,-6.506,-41.1
35,90,7.28,-7.782,-42.16
35,90,7.44,-9.996,-44.33
35,90,7.6,-12.38,-45.78
35,90,7.76,-8.458,-43.68
35,90,7.92,-13.672,-48.3
35,90,8.08,-8.876,-43.68
35,90,8.24,-12.712,-47.82
35,90,8.4,-25.16,-60.54
35,90,8.56,-13.132,-49.41
35,90,8.72,-16.158,-53.46
35,90,8.88,-20.048,-57.19
35,90,9.04,-17.424,-55.21
35,90,9.2,-26.92,-65.78
35,90,9.36,-18.164,-56.23
35,90,9.52,-9.242,-47.62
35,90,9.68,-13.28,-52.17
35,90,9.84,-20.596,-59.71
35,90,10,-13.63,-52.7
35,90,10.16,-15.428,-55.07
35,90,10.32,-12.932,-52.56
35,90,10.48,-12.388,-51.92
35,90,10.64,-8.458,-48.47
35,90,10.8,-9.63999999999999,-49.91
35,90,10.96,-10.006,-49.99
35,90,11.12,-7.566,-47.81
35,90,11.28,-8.776,-49.22
35,90,11.44,-9.822,-50.57
35,90,11.6,-8.62,-49.49
35,90,11.76,-6.024,-47.14
35,90,11.92,-7.604,-48.73
35,90,12.08,-11.07,-53.26
35,90,12.24,-9.984,-52.24
35,90,12.4,-9.03,-51.69
35,90,12.56,-8.66999999999999,-52.74
35,90,12.72,-8.10399999999998,-52.66
35,90,12.88,-7.72600000000001,-52.93
35,90,13.04,-6.70800000000001,-53.21
35,90,13.2,-7.66,-54.44
35,90,13.36,-8.06399999999999,-54.28
35,90,13.52,-7.492,-53.5
35,90,13.68,-8.72999999999999,-55.41
35,90,13.84,-9.558,-57.04
35,90,14,-9.6,-57.45
35,90,14.16,-8.546,-56.77
35,90,14.32,-6.75600000000001,-55.71
35,90,14.48,-10.314,-62.14
35,90,14.64,-9.31400000000001,-58.77
35,90,14.8,-11.34,-59.35
35,90,14.96,-10.982,-58.11
35,90,15.12,-8.15,-54.58
35,90,15.28,-8.16,-54.71
35,90,15.44,-8.316,-54.63
35,90,15.6,-9.34999999999999,-55.98
35,90,15.76,-8.998,-56.19
35,90,15.92,-9.002,-56.18
35,90,16.08,-10.162,-57.62
35,90,16.24,-16.034,-64.16
35,90,16.4,-13.92,-63.73
35,90,16.56,-15.798,-64.73
35,90,16.72,-16.908,-66.39
35,90,16.88,-19.214,-69.68
35,90,17.04,-15.446,-66.7
35,90,17.2,-20.49,-72.92
35,90,17.36,-10.306,-62.95
35,90,17.52,-14.756,-67.29
35,90,17.68,-16.562,-69.64
35,90,17.84,-12.598,-65.51
35,90,18,-11.73,-64.54
36,90,2,4.29,-17.5
36,90,2.16,4.842,-18.57
36,90,2.32,4.134,-21.52
36,90,2.48,3.296,-23.95
36,90,2.64,2.502,-26.21
36,90,2.8,2.36,-24.7
36,90,2.96,4.872,-23.44
36,90,3.12,4.554,-23.68
36,90,3.28,3.528,-26.49
36,90,3.44,3.988,-24.66
36,90,3.6,3.44,-24.01
36,90,3.76,3.496,-25.99
36,90,3.92,4.248,-23.3
36,90,4.08,3.958,-23.71
36,90,4.24,1.754,-27.27
36,90,4.4,1.85,-27.96
36,90,4.56,2.954,-26.86
36,90,4.72,2.366,-27.62
36,90,4.88,1.26,-28.87
36,90,5.04,2,-28.05
36,90,5.2,2.11,-29.31
36,90,5.36,0.399999999999999,-30.4
36,90,5.52,-0.827999999999999,-31.11
36,90,5.68,-0.0700000000000038,-31.44
36,90,5.84,-2.692,-34.14
36,90,6,-1.64,-33.18
36,90,6.16,-1.94,-33.98
36,90,6.32,-4.068,-37.56
36,90,6.48,-3.766,-37.85
36,90,6.64,-4.47799999999999,-38.87
36,90,6.8,-7.03,-40.53
36,90,6.96,-7.172,-41.5
36,90,7.12,-6.836,-41.43
36,90,7.28,-8.492,-42.87
36,90,7.44,-10.796,-45.13
36,90,7.6,-12.96,-46.36
36,90,7.76,-10.028,-45.25
36,90,7.92,-13.702,-48.33
36,90,8.08,-10.186,-44.99
36,90,8.24,-12.332,-47.44
36,90,8.4,-24.33,-59.71
36,90,8.56,-15.222,-51.5
36,90,8.72,-14.828,-52.13
36,90,8.88,-17.198,-54.34
36,90,9.04,-15.564,-53.35
36,90,9.2,-20.22,-59.08
36,90,9.36,-17.424,-55.49
36,90,9.52,-8.332,-46.71
36,90,9.68,-11.45,-50.34
36,90,9.84,-21.886,-61
36,90,10,-11.24,-50.31
36,90,10.16,-14.768,-54.41
36,90,10.32,-10.782,-50.41
36,90,10.48,-11.968,-51.5
36,90,10.64,-9.568,-49.58
36,90,10.8,-8.94,-49.21
36,90,10.96,-9.966,-49.95
36,90,11.12,-7.346,-47.59
36,90,11.28,-8.476,-48.92
36,90,11.44,-9.51199999999999,-50.26
36,90,11.6,-8.39,-49.26
36,90,11.76,-6.974,-48.09
36,90,11.92,-7.984,-49.11
36,90,12.08,-10.84,-53.03
36,90,12.24,-11.564,-53.82
36,90,12.4,-10.02,-52.68
36,90,12.56,-10.05,-54.12
36,90,12.72,-9.40399999999999,-53.96
36,90,12.88,-8.916,-54.12
36,90,13.04,-7.658,-54.16
36,90,13.2,-7.84,-54.62
36,90,13.36,-8.46399999999999,-54.68
36,90,13.52,-8.392,-54.4
36,90,13.68,-8.28999999999999,-54.97
36,90,13.84,-10.708,-58.19
36,90,14,-9.68,-57.53
36,90,14.16,-9.906,-58.13
36,90,14.32,-6.956,-55.91
36,90,14.48,-9.21399999999999,-61.04
36,90,14.64,-9.29400000000001,-58.75
36,90,14.8,-9.56,-57.57
36,90,14.96,-10.492,-57.62
36,90,15.12,-8.52,-54.95
36,90,15.28,-7.25,-53.8
36,90,15.44,-9.026,-55.34
36,90,15.6,-8.79,-55.42
36,90,15.76,-9.098,-56.29
36,90,15.92,-10.832,-58.01
36,90,16.08,-13.182,-60.64
36,90,16.24,-14.284,-62.41
36,90,16.4,-19.06,-68.87
36,90,16.56,-13.498,-62.43
36,90,16.72,-15.638,-65.12
36,90,16.88,-15.584,-66.05
36,90,17.04,-13.476,-64.73
36,90,17.2,-12.27,-64.7
36,90,17.36,-12.886,-65.53
36,90,17.52,-13.656,-66.19
36,90,17.68,-13.962,-67.04
36,90,17.84,-13.648,-66.56
36,90,18,-14.28,-67.09
37,90,2,4.18,-17.61
37,90,2.16,4.582,-18.83
37,90,2.32,3.924,-21.73
37,90,2.48,2.996,-24.25
37,90,2.64,2.172,-26.54
37,90,2.8,2.12,-24.94
37,90,2.96,4.522,-23.79
37,90,3.12,4.224,-24.01
37,90,3.28,3.188,-26.83
37,90,3.44,3.778,-24.87
37,90,3.6,2.98,-24.47
37,90,3.76,3.156,-26.33
37,90,3.92,3.968,-23.58
37,90,4.08,3.528,-24.14
37,90,4.24,1.30400000000001,-27.72
37,90,4.4,1.11,-28.7
37,90,4.56,2.674,-27.14
37,90,4.72,1.92600000000001,-28.06
37,90,4.88,0.670000000000002,-29.46
37,90,5.04,1.45,-28.6
37,90,5.2,1.65,-29.77
37,90,5.36,-0.250000000000004,-31.05
37,90,5.52,-1.118,-31.4
37,90,5.68,-0.670000000000002,-32.04
37,90,5.84,-3.482,-34.93
37,90,6,-2.13,-33.67
37,90,6.16,-2.75,-34.79
37,90,6.32,-5.05799999999999,-38.55
37,90,6.48,-4.206,-38.29
37,90,6.64,-5.078,-39.47
37,90,6.8,-7.46,-40.96
37,90,6.96,-8.532,-42.86
37,90,7.12,-7.496,-42.09
37,90,7.28,-9.322,-43.7
37,90,7.44,-12.006,-46.34
37,90,7.6,-14.11,-47.51
37,90,7.76,-11.728,-46.95
37,90,7.92,-12.592,-47.22
37,90,8.08,-12.666,-47.47
37,90,8.24,-12.912,-48.02
37,90,8.4,-18.57,-53.95
37,90,8.56,-17.112,-53.39
37,90,8.72,-13.458,-50.76
37,90,8.88,-15.288,-52.43
37,90,9.04,-15.574,-53.36
37,90,9.2,-16.51,-55.37
37,90,9.36,-15.884,-53.95
37,90,9.52,-8.152,-46.53
37,90,9.68,-9.5,-48.39
37,90,9.84,-18.756,-57.87
37,90,10,-10.45,-49.52
37,90,10.16,-12.778,-52.42
37,90,10.32,-11.582,-51.21
37,90,10.48,-9.51799999999999,-49.05
37,90,10.64,-9.688,-49.7
37,90,10.8,-8.45,-48.72
37,90,10.96,-8.736,-48.72
37,90,11.12,-7.276,-47.52
37,90,11.28,-8.28599999999999,-48.73
37,90,11.44,-9.352,-50.1
37,90,11.6,-8.67,-49.54
37,90,11.76,-7.154,-48.27
37,90,11.92,-8.504,-49.63
37,90,12.08,-11.03,-53.22
37,90,12.24,-11.924,-54.18
37,90,12.4,-9.6,-52.26
37,90,12.56,-11.14,-55.21
37,90,12.72,-9.54399999999999,-54.1
37,90,12.88,-10.216,-55.42
37,90,13.04,-8.548,-55.05
37,90,13.2,-6.26,-53.04
37,90,13.36,-7.27399999999999,-53.49
37,90,13.52,-7.79199999999999,-53.8
37,90,13.68,-7.09,-53.77
37,90,13.84,-9.688,-57.17
37,90,14,-8.64,-56.49
37,90,14.16,-9.706,-57.93
37,90,14.32,-7.06600000000001,-56.02
37,90,14.48,-8.73399999999999,-60.56
37,90,14.64,-9.96400000000001,-59.42
37,90,14.8,-10.24,-58.25
37,90,14.96,-10.862,-57.99
37,90,15.12,-8.26,-54.69
37,90,15.28,-8.41,-54.96
37,90,15.44,-8.886,-55.2
37,90,15.6,-10.66,-57.29
37,90,15.76,-9.498,-56.69
37,90,15.92,-15.842,-63.02
37,90,16.08,-15.482,-62.94
37,90,16.24,-15.504,-63.63
37,90,16.4,-15.11,-64.92
37,90,16.56,-12.078,-61.01
37,90,16.72,-13.938,-63.42
37,90,16.88,-11.304,-61.77
37,90,17.04,-11.506,-62.76
37,90,17.2,-10.88,-63.31
37,90,17.36,-8.966,-61.61
37,90,17.52,-8.946,-61.48
37,90,17.68,-8.312,-61.39
37,90,17.84,-12.078,-64.99
37,90,18,-10.06,-62.87
38,90,2,4.01,-17.78
38,90,2.16,4.272,-19.14
38,90,2.32,3.684,-21.97
38,90,2.48,2.646,-24.6
38,90,2.64,1.842,-26.87
38,90,2.8,1.91,-25.15
38,90,2.96,4.192,-24.12
38,90,3.12,3.904,-24.33
38,90,3.28,2.868,-27.15
38,90,3.44,3.638,-25.01
38,90,3.6,2.5,-24.95
38,90,3.76,2.786,-26.7
38,90,3.92,3.638,-23.91
38,90,4.08,3.188,-24.48
38,90,4.24,0.934000000000005,-28.09
38,90,4.4,0.389999999999997,-29.42
38,90,4.56,2.304,-27.51
38,90,4.72,1.466,-28.52
38,90,4.88,0.0800000000000018,-30.05
38,90,5.04,0.920000000000005,-29.13
38,90,5.2,1.24,-30.18
38,90,5.36,-0.850000000000001,-31.65
38,90,5.52,-1.518,-31.8
38,90,5.68,-1.27,-32.64
38,90,5.84,-4.422,-35.87
38,90,6,-2.56,-34.1
38,90,6.16,-3.44,-35.48
38,90,6.32,-5.818,-39.31
38,90,6.48,-4.666,-38.75
38,90,6.64,-5.828,-40.22
38,90,6.8,-7.88,-41.38
38,90,6.96,-9.532,-43.86
38,90,7.12,-7.766,-42.36
38,90,7.28,-9.702,-44.08
38,90,7.44,-13.806,-48.14
38,90,7.6,-14.4,-47.8
38,90,7.76,-14.038,-49.26
38,90,7.92,-12.382,-47.01
38,90,8.08,-14.176,-48.98
38,90,8.24,-13.912,-49.02
38,90,8.4,-17.47,-52.85
38,90,8.56,-17.472,-53.75
38,90,8.72,-13.578,-50.88
38,90,8.88,-11.928,-49.07
38,90,9.04,-14.244,-52.03
38,90,9.2,-15.95,-54.81
38,90,9.36,-12.934,-51
38,90,9.52,-8.762,-47.14
38,90,9.68,-8.99,-47.88
38,90,9.84,-16.226,-55.34
38,90,10,-8.92,-47.99
38,90,10.16,-10.878,-50.52
38,90,10.32,-12.442,-52.07
38,90,10.48,-8.498,-48.03
38,90,10.64,-9.168,-49.18
38,90,10.8,-8.18,-48.45
38,90,10.96,-7.986,-47.97
38,90,11.12,-7.626,-47.87
38,90,11.28,-8.086,-48.53
38,90,11.44,-9.29199999999999,-50.04
38,90,11.6,-8.34,-49.21
38,90,11.76,-6.754,-47.87
38,90,11.92,-9.364,-50.49
38,90,12.08,-11.81,-54
38,90,12.24,-12.064,-54.32
38,90,12.4,-10.76,-53.42
38,90,12.56,-9.95,-54.02
38,90,12.72,-10.744,-55.3
38,90,12.88,-9.19600000000001,-54.4
38,90,13.04,-9.728,-56.23
38,90,13.2,-7.32,-54.1
38,90,13.36,-7.01399999999999,-53.23
38,90,13.52,-7.802,-53.81
38,90,13.68,-7.67999999999999,-54.36
38,90,13.84,-8.938,-56.42
38,90,14,-7.97,-55.82
38,90,14.16,-9.136,-57.36
38,90,14.32,-9.83600000000001,-58.79
38,90,14.48,-8.00399999999999,-59.83
38,90,14.64,-9.09400000000001,-58.55
38,90,14.8,-10.56,-58.57
38,90,14.96,-11.242,-58.37
38,90,15.12,-8.97,-55.4
38,90,15.28,-8.69,-55.24
38,90,15.44,-10.846,-57.16
38,90,15.6,-13,-59.63
38,90,15.76,-11.058,-58.25
38,90,15.92,-16.262,-63.44
38,90,16.08,-16.932,-64.39
38,90,16.24,-13.184,-61.31
38,90,16.4,-13.82,-63.63
38,90,16.56,-9.60799999999999,-58.54
38,90,16.72,-11.918,-61.4
38,90,16.88,-9.94399999999999,-60.41
38,90,17.04,-9.91600000000001,-61.17
38,90,17.2,-8.98,-61.41
38,90,17.36,-7.44600000000001,-60.09
38,90,17.52,-8.606,-61.14
38,90,17.68,-8.822,-61.9
38,90,17.84,-9.47799999999999,-62.39
38,90,18,-7.73,-60.54
39,90,2,3.81,-17.98
39,90,2.16,3.962,-19.45
39,90,2.32,3.454,-22.2
39,90,2.48,2.386,-24.86
39,90,2.64,1.472,-27.24
39,90,2.8,1.66,-25.4
39,90,2.96,3.792,-24.52
39,90,3.12,3.564,-24.67
39,90,3.28,2.458,-27.56
39,90,3.44,3.538,-25.11
39,90,3.6,2,-25.45
39,90,3.76,2.356,-27.13
39,90,3.92,3.318,-24.23
39,90,4.08,2.808,-24.86
39,90,4.24,0.534000000000006,-28.49
39,90,4.4,-0.34,-30.15
39,90,4.56,1.904,-27.91
39,90,4.72,1.036,-28.95
39,90,4.88,-0.489999999999998,-30.62
39,90,5.04,0.430000000000003,-29.62
39,90,5.2,0.760000000000002,-30.66
39,90,5.36,-1.64,-32.44
39,90,5.52,-2.058,-32.34
39,90,5.68,-1.64,-33.01
39,90,5.84,-5.482,-36.93
39,90,6,-3.29,-34.83
39,90,6.16,-4.03,-36.07
39,90,6.32,-6.26799999999999,-39.76
39,90,6.48,-5.39599999999999,-39.48
39,90,6.64,-6.608,-41
39,90,6.8,-8.1,-41.6
39,90,6.96,-10.012,-44.34
39,90,7.12,-8.476,-43.07
39,90,7.28,-9.772,-44.15
39,90,7.44,-16.436,-50.77
39,90,7.6,-14.5,-47.9
39,90,7.76,-16.078,-51.3
39,90,7.92,-12.932,-47.56
39,90,8.08,-13.766,-48.57
39,90,8.24,-14.172,-49.28
39,90,8.4,-17.8,-53.18
39,90,8.56,-15.222,-51.5
39,90,8.72,-12.458,-49.76
39,90,8.88,-9.91800000000001,-47.06
39,90,9.04,-12.294,-50.08
39,90,9.2,-14.13,-52.99
39,90,9.36,-10.814,-48.88
39,90,9.52,-8.742,-47.12
39,90,9.68,-8.85,-47.74
39,90,9.84,-12.956,-52.07
39,90,10,-8.33,-47.4
39,90,10.16,-8.398,-48.04
39,90,10.32,-14.062,-53.69
39,90,10.48,-6.788,-46.32
39,90,10.64,-8.478,-48.49
39,90,10.8,-8.22,-48.49
39,90,10.96,-6.696,-46.68
39,90,11.12,-8.086,-48.33
39,90,11.28,-7.846,-48.29
39,90,11.44,-9.66199999999999,-50.41
39,90,11.6,-8.45,-49.32
39,90,11.76,-7.304,-48.42
39,90,11.92,-9.814,-50.94
39,90,12.08,-11.11,-53.3
39,90,12.24,-11.494,-53.75
39,90,12.4,-12.13,-54.79
39,90,12.56,-10.22,-54.29
39,90,12.72,-9.29399999999999,-53.85
39,90,12.88,-9.42600000000001,-54.63
39,90,13.04,-10.318,-56.82
39,90,13.2,-9.03,-55.81
39,90,13.36,-6.22399999999999,-52.44
39,90,13.52,-8.072,-54.08
39,90,13.68,-8.06999999999999,-54.75
39,90,13.84,-9.998,-57.48
39,90,14,-9.1,-56.95
39,90,14.16,-9.126,-57.35
39,90,14.32,-8.29600000000001,-57.25
39,90,14.48,-11.654,-63.48
39,90,14.64,-8.58400000000001,-58.04
39,90,14.8,-14.87,-62.88
39,90,14.96,-13.612,-60.74
39,90,15.12,-10.83,-57.26
39,90,15.28,-13.39,-59.94
39,90,15.44,-14.756,-61.07
39,90,15.6,-16.33,-62.96
39,90,15.76,-13.678,-60.87
39,90,15.92,-18.662,-65.84
39,90,16.08,-16.542,-64
39,90,16.24,-13.654,-61.78
39,90,16.4,-12.42,-62.23
39,90,16.56,-10.618,-59.55
39,90,16.72,-11.998,-61.48
39,90,16.88,-10.574,-61.04
39,90,17.04,-8.78600000000001,-60.04
39,90,17.2,-10.24,-62.67
39,90,17.36,-7.756,-60.4
39,90,17.52,-6.816,-59.35
39,90,17.68,-7.622,-60.7
39,90,17.84,-11.578,-64.49
39,90,18,-9.28,-62.09
40,90,2,3.62,-18.17
40,90,2.16,3.592,-19.82
40,90,2.32,3.144,-22.51
40,90,2.48,2.076,-25.17
40,90,2.64,1.062,-27.65
40,90,2.8,1.4,-25.66
40,90,2.96,3.492,-24.82
40,90,3.12,3.244,-24.99
40,90,3.28,2.038,-27.98
40,90,3.44,3.488,-25.16
40,90,3.6,1.6,-25.85
40,90,3.76,1.816,-27.67
40,90,3.92,2.908,-24.64
40,90,4.08,2.418,-25.25
40,90,4.24,0.124000000000006,-28.9
40,90,4.4,-0.890000000000001,-30.7
40,90,4.56,1.394,-28.42
40,90,4.72,0.636000000000003,-29.35
40,90,4.88,-0.989999999999998,-31.12
40,90,5.04,-0.0499999999999972,-30.1
40,90,5.2,0.370000000000001,-31.05
40,90,5.36,-2.56,-33.36
40,90,5.52,-2.678,-32.96
40,90,5.68,-1.85,-33.22
40,90,5.84,-6.692,-38.14
40,90,6,-4.1,-35.64
40,90,6.16,-5.08,-37.12
40,90,6.32,-6.138,-39.63
40,90,6.48,-6.166,-40.25
40,90,6.64,-7.758,-42.15
40,90,6.8,-8.73,-42.23
40,90,6.96,-10.192,-44.52
40,90,7.12,-9.466,-44.06
40,90,7.28,-10.002,-44.38
40,90,7.44,-18.326,-52.66
40,90,7.6,-14.56,-47.96
40,90,7.76,-17.758,-52.98
40,90,7.92,-13.732,-48.36
40,90,8.08,-12.766,-47.57
40,90,8.24,-13.712,-48.82
40,90,8.4,-17.88,-53.26
40,90,8.56,-13.092,-49.37
40,90,8.72,-11.558,-48.86
40,90,8.88,-8.728,-45.87
40,90,9.04,-11.084,-48.87
40,90,9.2,-12.73,-51.59
40,90,9.36,-10.094,-48.16
40,90,9.52,-7.162,-45.54
40,90,9.68,-9.24,-48.13
40,90,9.84,-10.836,-49.95
40,90,10,-8.68,-47.75
40,90,10.16,-8.19800000000001,-47.84
40,90,10.32,-14.232,-53.86
40,90,10.48,-7.258,-46.79
40,90,10.64,-6.878,-46.89
40,90,10.8,-8.16,-48.43
40,90,10.96,-6.706,-46.69
40,90,11.12,-7.666,-47.91
40,90,11.28,-8.53599999999999,-48.98
40,90,11.44,-9.54199999999999,-50.29
40,90,11.6,-8.83000000000001,-49.7
40,90,11.76,-7.744,-48.86
40,90,11.92,-10.934,-52.06
40,90,12.08,-12.99,-55.18
40,90,12.24,-12.044,-54.3
40,90,12.4,-12.63,-55.29
40,90,12.56,-11.03,-55.1
40,90,12.72,-10.314,-54.87
40,90,12.88,-10.246,-55.45
40,90,13.04,-9.05800000000001,-55.56
40,90,13.2,-11.36,-58.14
40,90,13.36,-8.45399999999999,-54.67
40,90,13.52,-8.072,-54.08
40,90,13.68,-7.97999999999999,-54.66
40,90,13.84,-8.918,-56.4
40,90,14,-7.97,-55.82
40,90,14.16,-9.886,-58.11
40,90,14.32,-10.886,-59.84
40,90,14.48,-11.634,-63.46
40,90,14.64,-11.994,-61.45
40,90,14.8,-16.56,-64.57
40,90,14.96,-16.852,-63.98
40,90,15.12,-14.39,-60.82
40,90,15.28,-16.45,-63
40,90,15.44,-19.056,-65.37
40,90,15.6,-16.96,-63.59
40,90,15.76,-14.368,-61.56
40,90,15.92,-16.532,-63.71
40,90,16.08,-19.912,-67.37
40,90,16.24,-14.834,-62.96
40,90,16.4,-14.15,-63.96
40,90,16.56,-11.938,-60.87
40,90,16.72,-13.208,-62.69
40,90,16.88,-13.634,-64.1
40,90,17.04,-10.366,-61.62
40,90,17.2,-9.87,-62.3
40,90,17.36,-9.736,-62.38
40,90,17.52,-8.256,-60.79
40,90,17.68,-10.712,-63.79
40,90,17.84,-14.638,-67.55
40,90,18,-11.27,-64.08
41,90,2,3.33,-18.46
41,90,2.16,3.282,-20.13
41,90,2.32,2.824,-22.83
41,90,2.48,1.806,-25.44
41,90,2.64,0.692,-28.02
41,90,2.8,1.1,-25.96
41,90,2.96,3.232,-25.08
41,90,3.12,2.934,-25.3
41,90,3.28,1.598,-28.42
41,90,3.44,3.348,-25.3
41,90,3.6,1.3,-26.15
41,90,3.76,1.336,-28.15
41,90,3.92,2.518,-25.03
41,90,4.08,2.038,-25.63
41,90,4.24,-0.435999999999996,-29.46
41,90,4.4,-1.16,-30.97
41,90,4.56,0.844000000000001,-28.97
41,90,4.72,0.256000000000004,-29.73
41,90,4.88,-1.42,-31.55
41,90,5.04,-0.339999999999996,-30.39
41,90,5.2,-0.109999999999999,-31.53
41,90,5.36,-3.21,-34.01
41,90,5.52,-3.318,-33.6
41,90,5.68,-2.03,-33.4
41,90,5.84,-7.292,-38.74
41,90,6,-4.96,-36.5
41,90,6.16,-5.73,-37.77
41,90,6.32,-6.108,-39.6
41,90,6.48,-6.53599999999999,-40.62
41,90,6.64,-8.638,-43.03
41,90,6.8,-9.55,-43.05
41,90,6.96,-10.212,-44.54
41,90,7.12,-10.426,-45.02
41,90,7.28,-9.662,-44.04
41,90,7.44,-17.776,-52.11
41,90,7.6,-14.93,-48.33
41,90,7.76,-17.028,-52.25
41,90,7.92,-15.762,-50.39
41,90,8.08,-11.486,-46.29
41,90,8.24,-13.492,-48.6
41,90,8.4,-15.87,-51.25
41,90,8.56,-12.162,-48.44
41,90,8.72,-10.238,-47.54
41,90,8.88,-7.69800000000001,-44.84
41,90,9.04,-10.094,-47.88
41,90,9.2,-11.27,-50.13
41,90,9.36,-9.064,-47.13
41,90,9.52,-6.582,-44.96
41,90,9.68,-9.19,-48.08
41,90,9.84,-11.006,-50.12
41,90,10,-8.66,-47.73
41,90,10.16,-8.12800000000001,-47.77
41,90,10.32,-12.562,-52.19
41,90,10.48,-8.458,-47.99
41,90,10.64,-7.278,-47.29
41,90,10.8,-7.75,-48.02
41,90,10.96,-8.196,-48.18
41,90,11.12,-7.106,-47.35
41,90,11.28,-8.406,-48.85
41,90,11.44,-10.162,-50.91
41,90,11.6,-9.49,-50.36
41,90,11.76,-8.234,-49.35
41,90,11.92,-11.974,-53.1
41,90,12.08,-16.67,-58.86
41,90,12.24,-13.514,-55.77
41,90,12.4,-15.94,-58.6
41,90,12.56,-15.99,-60.06
41,90,12.72,-10.014,-54.57
41,90,12.88,-12.216,-57.42
41,90,13.04,-9.648,-56.15
41,90,13.2,-19.31,-66.09
41,90,13.36,-11.084,-57.3
41,90,13.52,-10.402,-56.41
41,90,13.68,-9.71999999999999,-56.4
41,90,13.84,-11.268,-58.75
41,90,14,-11.63,-59.48
41,90,14.16,-10.526,-58.75
41,90,14.32,-12.706,-61.66
41,90,14.48,-16.094,-67.92
41,90,14.64,-16.994,-66.45
41,90,14.8,-20.04,-68.05
41,90,14.96,-17.342,-64.47
41,90,15.12,-14.73,-61.16
41,90,15.28,-14.63,-61.18
41,90,15.44,-18.846,-65.16
41,90,15.6,-18.42,-65.05
41,90,15.76,-16.438,-63.63
41,90,15.92,-16.392,-63.57
41,90,16.08,-13.772,-61.23
41,90,16.24,-12.694,-60.82
41,90,16.4,-10.42,-60.23
41,90,16.56,-9.76799999999999,-58.7
41,90,16.72,-10.338,-59.82
41,90,16.88,-13.954,-64.42
41,90,17.04,-11.796,-63.05
41,90,17.2,-7.9,-60.33
41,90,17.36,-9.366,-62.01
41,90,17.52,-8.326,-60.86
41,90,17.68,-13.162,-66.24
41,90,17.84,-10.518,-63.43
41,90,18,-12.09,-64.9
42,90,2,3.02,-18.77
42,90,2.16,2.972,-20.44
42,90,2.32,2.434,-23.22
42,90,2.48,1.556,-25.69
42,90,2.64,0.271999999999998,-28.44
42,90,2.8,0.739999999999998,-26.32
42,90,2.96,3.072,-25.24
42,90,3.12,2.494,-25.74
42,90,3.28,1.128,-28.89
42,90,3.44,3.168,-25.48
42,90,3.6,0.969999999999999,-26.48
42,90,3.76,0.785999999999998,-28.7
42,90,3.92,2.088,-25.46
42,90,4.08,1.568,-26.1
42,90,4.24,-1.076,-30.1
42,90,4.4,-1.38,-31.19
42,90,4.56,0.373999999999999,-29.44
42,90,4.72,-0.173999999999996,-30.16
42,90,4.88,-2.13,-32.26
42,90,5.04,-0.659999999999997,-30.71
42,90,5.2,-0.439999999999998,-31.86
42,90,5.36,-3.86,-34.66
42,90,5.52,-4.298,-34.58
42,90,5.68,-2.48,-33.85
42,90,5.84,-7.632,-39.08
42,90,6,-5.93,-37.47
42,90,6.16,-6.82,-38.86
42,90,6.32,-6.22799999999999,-39.72
42,90,6.48,-6.516,-40.6
42,90,6.64,-9.01799999999999,-43.41
42,90,6.8,-10.82,-44.32
42,90,6.96,-10.782,-45.11
42,90,7.12,-10.336,-44.93
42,90,7.28,-9.952,-44.33
42,90,7.44,-15.286,-49.62
42,90,7.6,-16.84,-50.24
42,90,7.76,-14.888,-50.11
42,90,7.92,-17.732,-52.36
42,90,8.08,-10.806,-45.61
42,90,8.24,-12.442,-47.55
42,90,8.4,-15.46,-50.84
42,90,8.56,-11.132,-47.41
42,90,8.72,-9.428,-46.73
42,90,8.88,-7.48800000000001,-44.63
42,90,9.04,-9.74400000000001,-47.53
42,90,9.2,-11.17,-50.03
42,90,9.36,-8.024,-46.09
42,90,9.52,-6.392,-44.77
42,90,9.68,-8.51,-47.4
42,90,9.84,-12.606,-51.72
42,90,10,-8.26,-47.33
42,90,10.16,-8.508,-48.15
42,90,10.32,-12.382,-52.01
42,90,10.48,-9.36799999999999,-48.9
42,90,10.64,-7.078,-47.09
42,90,10.8,-6.93,-47.2
42,90,10.96,-9.866,-49.85
42,90,11.12,-7.476,-47.72
42,90,11.28,-8.326,-48.77
42,90,11.44,-11.312,-52.06
42,90,11.6,-9.54,-50.41
42,90,11.76,-9.684,-50.8
42,90,11.92,-11.654,-52.78
42,90,12.08,-16.42,-58.61
42,90,12.24,-14.674,-56.93
42,90,12.4,-14.53,-57.19
42,90,12.56,-20.59,-64.66
42,90,12.72,-13.034,-57.59
42,90,12.88,-10.936,-56.14
42,90,13.04,-11.038,-57.54
42,90,13.2,-13.19,-59.97
42,90,13.36,-15.564,-61.78
42,90,13.52,-12.152,-58.16
42,90,13.68,-12.59,-59.27
42,90,13.84,-15.388,-62.87
42,90,14,-12.58,-60.43
42,90,14.16,-10.306,-58.53
42,90,14.32,-11.426,-60.38
42,90,14.48,-16.434,-68.26
42,90,14.64,-13.954,-63.41
42,90,14.8,-18.73,-66.74
42,90,14.96,-16.342,-63.47
42,90,15.12,-14.05,-60.48
42,90,15.28,-12.41,-58.96
42,90,15.44,-17.546,-63.86
42,90,15.6,-14.5,-61.13
42,90,15.76,-10.658,-57.85
42,90,15.92,-14.342,-61.52
42,90,16.08,-11.292,-58.75
42,90,16.24,-8.65400000000001,-56.78
42,90,16.4,-9.53,-59.34
42,90,16.56,-8.00799999999999,-56.94
42,90,16.72,-9.028,-58.51
42,90,16.88,-10.014,-60.48
42,90,17.04,-11.446,-62.7
42,90,17.2,-9.69,-62.12
42,90,17.36,-10.546,-63.19
42,90,17.52,-10.696,-63.23
42,90,17.68,-11.162,-64.24
42,90,17.84,-11.598,-64.51
42,90,18,-10.65,-63.46
43,90,2,2.69,-19.1
43,90,2.16,2.692,-20.72
43,90,2.32,2.074,-23.58
43,90,2.48,1.296,-25.95
43,90,2.64,-0.178000000000001,-28.89
43,90,2.8,0.34,-26.72
43,90,2.96,3.062,-25.25
43,90,3.12,2.104,-26.13
43,90,3.28,0.707999999999998,-29.31
43,90,3.44,2.918,-25.73
43,90,3.6,0.739999999999998,-26.71
43,90,3.76,0.315999999999995,-29.17
43,90,3.92,1.648,-25.9
43,90,4.08,1.068,-26.6
43,90,4.24,-1.80599999999999,-30.83
43,90,4.4,-1.48,-31.29
43,90,4.56,-0.146000000000001,-29.96
43,90,4.72,-0.573999999999995,-30.56
43,90,4.88,-2.83,-32.96
43,90,5.04,-1.12,-31.17
43,90,5.2,-0.729999999999997,-32.15
43,90,5.36,-4.37,-35.17
43,90,5.52,-5.088,-35.37
43,90,5.68,-3.23,-34.6
43,90,5.84,-7.562,-39.01
43,90,6,-6.74,-38.28
43,90,6.16,-7.98,-40.02
43,90,6.32,-6.76799999999999,-40.26
43,90,6.48,-6.386,-40.47
43,90,6.64,-9.238,-43.63
43,90,6.8,-12.1,-45.6
43,90,6.96,-10.852,-45.18
43,90,7.12,-10.716,-45.31
43,90,7.28,-10.202,-44.58
43,90,7.44,-13.176,-47.51
43,90,7.6,-19.26,-52.66
43,90,7.76,-13.358,-48.58
43,90,7.92,-16.562,-51.19
43,90,8.08,-10.526,-45.33
43,90,8.24,-11.402,-46.51
43,90,8.4,-15.49,-50.87
43,90,8.56,-10.142,-46.42
43,90,8.72,-8.958,-46.26
43,90,8.88,-7.748,-44.89
43,90,9.04,-9.17400000000001,-46.96
43,90,9.2,-11.32,-50.18
43,90,9.36,-7.424,-45.49
43,90,9.52,-6.272,-44.65
43,90,9.68,-8.24,-47.13
43,90,9.84,-12.456,-51.57
43,90,10,-8.62,-47.69
43,90,10.16,-8.568,-48.21
43,90,10.32,-13.762,-53.39
43,90,10.48,-9.718,-49.25
43,90,10.64,-7.988,-48
43,90,10.8,-7.05,-47.32
43,90,10.96,-10.186,-50.17
43,90,11.12,-8.626,-48.87
43,90,11.28,-8.60599999999999,-49.05
43,90,11.44,-11.552,-52.3
43,90,11.6,-11.04,-51.91
43,90,11.76,-10.024,-51.14
43,90,11.92,-11.984,-53.11
43,90,12.08,-17,-59.19
43,90,12.24,-15.114,-57.37
43,90,12.4,-14.66,-57.32
43,90,12.56,-20.2,-64.27
43,90,12.72,-16.374,-60.93
43,90,12.88,-13.156,-58.36
43,90,13.04,-9.548,-56.05
43,90,13.2,-12.08,-58.86
43,90,13.36,-12.834,-59.05
43,90,13.52,-12.352,-58.36
43,90,13.68,-11.97,-58.65
43,90,13.84,-13.768,-61.25
43,90,14,-12.56,-60.41
43,90,14.16,-10.556,-58.78
43,90,14.32,-12.176,-61.13
43,90,14.48,-13.694,-65.52
43,90,14.64,-14.634,-64.09
43,90,14.8,-15.48,-63.49
43,90,14.96,-13.602,-60.73
43,90,15.12,-12.21,-58.64
43,90,15.28,-13.4,-59.95
43,90,15.44,-13.016,-59.33
43,90,15.6,-12.15,-58.78
43,90,15.76,-11.238,-58.43
43,90,15.92,-12.462,-59.64
43,90,16.08,-10.122,-57.58
43,90,16.24,-7.93400000000001,-56.06
43,90,16.4,-9.43,-59.24
43,90,16.56,-7.69799999999999,-56.63
43,90,16.72,-8.978,-58.46
43,90,16.88,-10.454,-60.92
43,90,17.04,-8.65600000000001,-59.91
43,90,17.2,-9.87,-62.3
43,90,17.36,-9.106,-61.75
43,90,17.52,-10.786,-63.32
43,90,17.68,-8.822,-61.9
43,90,17.84,-9.90799999999999,-62.82
43,90,18,-10.36,-63.17
44,90,2,2.35,-19.44
44,90,2.16,2.412,-21
44,90,2.32,1.644,-24.01
44,90,2.48,1.046,-26.2
44,90,2.64,-0.577999999999999,-29.29
44,90,2.8,-0.120000000000001,-27.18
44,90,2.96,3.122,-25.19
44,90,3.12,1.714,-26.52
44,90,3.28,0.237999999999996,-29.78
44,90,3.44,2.558,-26.09
44,90,3.6,0.509999999999998,-26.94
44,90,3.76,-0.164000000000001,-29.65
44,90,3.92,1.228,-26.32
44,90,4.08,0.488,-27.18
44,90,4.24,-2.51599999999999,-31.54
44,90,4.4,-1.79,-31.6
44,90,4.56,-0.456,-30.27
44,90,4.72,-0.973999999999997,-30.96
44,90,4.88,-3.52999999999999,-33.66
44,90,5.04,-1.62,-31.67
44,90,5.2,-0.93,-32.35
44,90,5.36,-4.66,-35.46
44,90,5.52,-5.908,-36.19
44,90,5.68,-4.09,-35.46
44,90,5.84,-7.642,-39.09
44,90,6,-7.17,-38.71
44,90,6.16,-8.83,-40.87
44,90,6.32,-7.648,-41.14
44,90,6.48,-6.406,-40.49
44,90,6.64,-8.97799999999999,-43.37
44,90,6.8,-12.42,-45.92
44,90,6.96,-11.502,-45.83
44,90,7.12,-10.306,-44.9
44,90,7.28,-10.762,-45.14
44,90,7.44,-12.456,-46.79
44,90,7.6,-20.01,-53.41
44,90,7.76,-13.228,-48.45
44,90,7.92,-15.032,-49.66
44,90,8.08,-10.166,-44.97
44,90,8.24,-10.632,-45.74
44,90,8.4,-15.11,-50.49
44,90,8.56,-10.112,-46.39
44,90,8.72,-8.048,-45.35
44,90,8.88,-7.998,-45.14
44,90,9.04,-8.81400000000001,-46.6
44,90,9.2,-11.87,-50.73
44,90,9.36,-8.644,-46.71
44,90,9.52,-6.102,-44.48
44,90,9.68,-8.06,-46.95
44,90,9.84,-12.636,-51.75
44,90,10,-8.48,-47.55
44,90,10.16,-8.858,-48.5
44,90,10.32,-12.312,-51.94
44,90,10.48,-11.158,-50.69
44,90,10.64,-9.268,-49.28
44,90,10.8,-7.34999999999999,-47.62
44,90,10.96,-9.836,-49.82
44,90,11.12,-9.196,-49.44
44,90,11.28,-9.476,-49.92
44,90,11.44,-11.432,-52.18
44,90,11.6,-10.02,-50.89
44,90,11.76,-11.844,-52.96
44,90,11.92,-12.684,-53.81
44,90,12.08,-16.32,-58.51
44,90,12.24,-16.464,-58.72
44,90,12.4,-15.16,-57.82
44,90,12.56,-17.37,-61.44
44,90,12.72,-13.914,-58.47
44,90,12.88,-12.156,-57.36
44,90,13.04,-10.038,-56.54
44,90,13.2,-11.69,-58.47
44,90,13.36,-10.284,-56.5
44,90,13.52,-11.282,-57.29
44,90,13.68,-11.01,-57.69
44,90,13.84,-12.128,-59.61
44,90,14,-13.19,-61.04
44,90,14.16,-12.476,-60.7
44,90,14.32,-12.386,-61.34
44,90,14.48,-19.634,-71.46
44,90,14.64,-17.184,-66.64
44,90,14.8,-15.99,-64
44,90,14.96,-11.682,-58.81
44,90,15.12,-11.08,-57.51
44,90,15.28,-12.78,-59.33
44,90,15.44,-13.156,-59.47
44,90,15.6,-9.89,-56.52
44,90,15.76,-10.088,-57.28
44,90,15.92,-13.382,-60.56
44,90,16.08,-11.342,-58.8
44,90,16.24,-12.294,-60.42
44,90,16.4,-10.89,-60.7
44,90,16.56,-12.418,-61.35
44,90,16.72,-12.498,-61.98
44,90,16.88,-9.76399999999999,-60.23
44,90,17.04,-14.706,-65.96
44,90,17.2,-13.14,-65.57
44,90,17.36,-9.826,-62.47
44,90,17.52,-11.746,-64.28
44,90,17.68,-13.542,-66.62
44,90,17.84,-10.628,-63.54
44,90,18,-10,-62.81
45,90,2,1.81,-19.98
45,90,2.16,2.172,-21.24
45,90,2.32,1.194,-24.46
45,90,2.48,0.776000000000003,-26.47
45,90,2.64,-1.038,-29.75
45,90,2.8,-0.670000000000002,-27.73
45,90,2.96,3.152,-25.16
45,90,3.12,1.294,-26.94
45,90,3.28,-0.152000000000005,-30.17
45,90,3.44,2.158,-26.49
45,90,3.6,0.140000000000001,-27.31
45,90,3.76,-0.534000000000002,-30.02
45,90,3.92,0.808000000000003,-26.74
45,90,4.08,-0.122,-27.79
45,90,4.24,-3.20599999999999,-32.23
45,90,4.4,-2.19,-32
45,90,4.56,-0.626000000000001,-30.44
45,90,4.72,-1.404,-31.39
45,90,4.88,-4.23,-34.36
45,90,5.04,-2.15,-32.2
45,90,5.2,-1.13,-32.55
45,90,5.36,-4.94,-35.74
45,90,5.52,-6.708,-36.99
45,90,5.68,-5.2,-36.57
45,90,5.84,-8.052,-39.5
45,90,6,-7.52,-39.06
45,90,6.16,-9.75,-41.79
45,90,6.32,-7.97799999999999,-41.47
45,90,6.48,-6.796,-40.88
45,90,6.64,-8.86799999999999,-43.26
45,90,6.8,-12.18,-45.68
45,90,6.96,-11.772,-46.1
45,90,7.12,-10.066,-44.66
45,90,7.28,-11.412,-45.79
45,90,7.44,-13.396,-47.73
45,90,7.6,-16,-49.4
45,90,7.76,-13.808,-49.03
45,90,7.92,-13.502,-48.13
45,90,8.08,-10.636,-45.44
45,90,8.24,-10.182,-45.29
45,90,8.4,-13.4,-48.78
45,90,8.56,-10.442,-46.72
45,90,8.72,-7.408,-44.71
45,90,8.88,-7.928,-45.07
45,90,9.04,-9.044,-46.83
45,90,9.2,-10.32,-49.18
45,90,9.36,-9.48399999999999,-47.55
45,90,9.52,-6.842,-45.22
45,90,9.68,-7.69,-46.58
45,90,9.84,-12.646,-51.76
45,90,10,-7.63,-46.7
45,90,10.16,-9.63800000000001,-49.28
45,90,10.32,-11.482,-51.11
45,90,10.48,-10.988,-50.52
45,90,10.64,-9.368,-49.38
45,90,10.8,-8.4,-48.67
45,90,10.96,-10.846,-50.83
45,90,11.12,-9.826,-50.07
45,90,11.28,-10.456,-50.9
45,90,11.44,-12.572,-53.32
45,90,11.6,-10.67,-51.54
45,90,11.76,-12.394,-53.51
45,90,11.92,-14.144,-55.27
45,90,12.08,-13.32,-55.51
45,90,12.24,-14.954,-57.21
45,90,12.4,-14.5,-57.16
45,90,12.56,-14.93,-59
45,90,12.72,-13.574,-58.13
45,90,12.88,-9.14600000000001,-54.35
45,90,13.04,-10.728,-57.23
45,90,13.2,-11.89,-58.67
45,90,13.36,-10.144,-56.36
45,90,13.52,-9.552,-55.56
45,90,13.68,-10.43,-57.11
45,90,13.84,-12.518,-60
45,90,14,-11,-58.85
45,90,14.16,-12.946,-61.17
45,90,14.32,-10.266,-59.22
45,90,14.48,-16.554,-68.38
45,90,14.64,-23.304,-72.76
45,90,14.8,-15.58,-63.59
45,90,14.96,-14.332,-61.46
45,90,15.12,-12.87,-59.3
45,90,15.28,-12.99,-59.54
45,90,15.44,-16.956,-63.27
45,90,15.6,-12.3,-58.93
45,90,15.76,-13.508,-60.7
45,90,15.92,-12.992,-60.17
45,90,16.08,-14.372,-61.83
45,90,16.24,-11.994,-60.12
45,90,16.4,-12.93,-62.74
45,90,16.56,-12.858,-61.79
45,90,16.72,-17.598,-67.08
45,90,16.88,-14.354,-64.82
45,90,17.04,-16.206,-67.46
45,90,17.2,-10.41,-62.84
45,90,17.36,-10.746,-63.39
45,90,17.52,-13.726,-66.26
45,90,17.68,-17.532,-70.61
45,90,17.84,-15.908,-68.82
45,90,18,-19.4,-72.21
46,90,2,1.4,-20.39
46,90,2.16,1.972,-21.44
46,90,2.32,0.814,-24.84
46,90,2.48,0.466000000000001,-26.78
46,90,2.64,-1.418,-30.13
46,90,2.8,-1.1,-28.16
46,90,2.96,3.232,-25.08
46,90,3.12,0.974,-27.26
46,90,3.28,-0.482000000000003,-30.5
46,90,3.44,1.788,-26.86
46,90,3.6,-0.129999999999999,-27.58
46,90,3.76,-0.894000000000002,-30.38
46,90,3.92,0.438000000000002,-27.11
46,90,4.08,-0.682000000000002,-28.35
46,90,4.24,-3.936,-32.96
46,90,4.4,-2.8,-32.61
46,90,4.56,-0.815999999999999,-30.63
46,90,4.72,-1.91399999999999,-31.9
46,90,4.88,-4.73,-34.86
46,90,5.04,-2.91999999999999,-32.97
46,90,5.2,-1.34,-32.76
46,90,5.36,-5.31,-36.11
46,90,5.52,-7.268,-37.55
46,90,5.68,-5.59,-36.96
46,90,5.84,-9.322,-40.77
46,90,6,-7.86,-39.4
46,90,6.16,-10.41,-42.45
46,90,6.32,-8.33799999999999,-41.83
46,90,6.48,-7.17599999999999,-41.26
46,90,6.64,-8.818,-43.21
46,90,6.8,-11.77,-45.27
46,90,6.96,-11.982,-46.31
46,90,7.12,-9.496,-44.09
46,90,7.28,-11.032,-45.41
46,90,7.44,-14.276,-48.61
46,90,7.6,-14.55,-47.95
46,90,7.76,-13.638,-48.86
46,90,7.92,-13.542,-48.17
46,90,8.08,-10.816,-45.62
46,90,8.24,-10.262,-45.37
46,90,8.4,-12.41,-47.79
46,90,8.56,-10.352,-46.63
46,90,8.72,-7.338,-44.64
46,90,8.88,-7.70800000000001,-44.85
46,90,9.04,-9.364,-47.15
46,90,9.2,-9.75,-48.61
46,90,9.36,-9.41399999999999,-47.48
46,90,9.52,-8.292,-46.67
46,90,9.68,-8.27,-47.16
46,90,9.84,-11.846,-50.96
46,90,10,-7.63,-46.7
46,90,10.16,-9.34800000000001,-48.99
46,90,10.32,-11.922,-51.55
46,90,10.48,-9.61799999999999,-49.15
46,90,10.64,-8.478,-48.49
46,90,10.8,-8.88999999999999,-49.16
46,90,10.96,-9.996,-49.98
46,90,11.12,-10.926,-51.17
46,90,11.28,-11.596,-52.04
46,90,11.44,-13.752,-54.5
46,90,11.6,-10.3,-51.17
46,90,11.76,-12.504,-53.62
46,90,11.92,-15.334,-56.46
46,90,12.08,-14.52,-56.71
46,90,12.24,-14.094,-56.35
46,90,12.4,-14.74,-57.4
46,90,12.56,-15.18,-59.25
46,90,12.72,-14.014,-58.57
46,90,12.88,-10.096,-55.3
46,90,13.04,-11.118,-57.62
46,90,13.2,-12.41,-59.19
46,90,13.36,-10.524,-56.74
46,90,13.52,-10.922,-56.93
46,90,13.68,-12.15,-58.83
46,90,13.84,-11.678,-59.16
46,90,14,-11.46,-59.31
46,90,14.16,-10.126,-58.35
46,90,14.32,-12.116,-61.07
46,90,14.48,-13.524,-65.35
46,90,14.64,-17.324,-66.78
46,90,14.8,-20.73,-68.74
46,90,14.96,-15.992,-63.12
46,90,15.12,-14.43,-60.86
46,90,15.28,-14.45,-61
46,90,15.44,-17.246,-63.56
46,90,15.6,-14.14,-60.77
46,90,15.76,-16.028,-63.22
46,90,15.92,-13.462,-60.64
46,90,16.08,-13.252,-60.71
46,90,16.24,-10.904,-59.03
46,90,16.4,-12.8,-62.61
46,90,16.56,-9.98799999999999,-58.92
46,90,16.72,-11.968,-61.45
46,90,16.88,-11.144,-61.61
46,90,17.04,-14.646,-65.9
46,90,17.2,-11.2,-63.63
46,90,17.36,-10.746,-63.39
46,90,17.52,-11.596,-64.13
46,90,17.68,-15.702,-68.78
46,90,17.84,-22.948,-75.86
46,90,18,-13.85,-66.66
47,90,2,0.879999999999999,-20.91
47,90,2.16,1.762,-21.65
47,90,2.32,0.434000000000001,-25.22
47,90,2.48,0.136000000000003,-27.11
47,90,2.64,-1.718,-30.43
47,90,2.8,-1.72,-28.78
47,90,2.96,3.222,-25.09
47,90,3.12,0.584000000000003,-27.65
47,90,3.28,-0.862000000000002,-30.88
47,90,3.44,1.328,-27.32
47,90,3.6,-0.52,-27.97
47,90,3.76,-1.204,-30.69
47,90,3.92,0.128,-27.42
47,90,4.08,-1.212,-28.88
47,90,4.24,-4.62599999999999,-33.65
47,90,4.4,-3.51,-33.32
47,90,4.56,-0.995999999999999,-30.81
47,90,4.72,-2.264,-32.25
47,90,4.88,-4.91999999999999,-35.05
47,90,5.04,-3.63,-33.68
47,90,5.2,-1.78,-33.2
47,90,5.36,-5.78,-36.58
47,90,5.52,-7.818,-38.1
47,90,5.68,-5.69,-37.06
47,90,5.84,-10.622,-42.07
47,90,6,-8.19,-39.73
47,90,6.16,-11.04,-43.08
47,90,6.32,-7.73799999999999,-41.23
47,90,6.48,-7.956,-42.04
47,90,6.64,-9.29799999999999,-43.69
47,90,6.8,-11.54,-45.04
47,90,6.96,-12.152,-46.48
47,90,7.12,-9.676,-44.27
47,90,7.28,-10.252,-44.63
47,90,7.44,-15.406,-49.74
47,90,7.6,-14.2,-47.6
47,90,7.76,-14.188,-49.41
47,90,7.92,-12.892,-47.52
47,90,8.08,-11.706,-46.51
47,90,8.24,-10.652,-45.76
47,90,8.4,-13.12,-48.5
47,90,8.56,-9.11199999999999,-45.39
47,90,8.72,-7.728,-45.03
47,90,8.88,-7.12800000000001,-44.27
47,90,9.04,-8.99400000000001,-46.78
47,90,9.2,-9.82,-48.68
47,90,9.36,-8.974,-47.04
47,90,9.52,-8.052,-46.43
47,90,9.68,-9.81,-48.7
47,90,9.84,-10.766,-49.88
47,90,10,-8.49,-47.56
47,90,10.16,-8.758,-48.4
47,90,10.32,-12.972,-52.6
47,90,10.48,-10.418,-49.95
47,90,10.64,-8.018,-48.03
47,90,10.8,-9.56,-49.83
47,90,10.96,-10.046,-50.03
47,90,11.12,-11.166,-51.41
47,90,11.28,-11.746,-52.19
47,90,11.44,-14.432,-55.18
47,90,11.6,-11.16,-52.03
47,90,11.76,-11.324,-52.44
47,90,11.92,-15.044,-56.17
47,90,12.08,-17.01,-59.2
47,90,12.24,-15.484,-57.74
47,90,12.4,-15.56,-58.22
47,90,12.56,-17.63,-61.7
47,90,12.72,-16.464,-61.02
47,90,12.88,-12.466,-57.67
47,90,13.04,-11.898,-58.4
47,90,13.2,-17.01,-63.79
47,90,13.36,-15.754,-61.97
47,90,13.52,-12.672,-58.68
47,90,13.68,-11.57,-58.25
47,90,13.84,-13.298,-60.78
47,90,14,-13.68,-61.53
47,90,14.16,-13.426,-61.65
47,90,14.32,-15.366,-64.32
47,90,14.48,-16.274,-68.1
47,90,14.64,-15.894,-65.35
47,90,14.8,-19.82,-67.83
47,90,14.96,-14.172,-61.3
47,90,15.12,-15.2,-61.63
47,90,15.28,-15.43,-61.98
47,90,15.44,-11.816,-58.13
47,90,15.6,-11.18,-57.81
47,90,15.76,-12.758,-59.95
47,90,15.92,-9.762,-56.94
47,90,16.08,-9.482,-56.94
47,90,16.24,-8.97400000000001,-57.1
47,90,16.4,-10.12,-59.93
47,90,16.56,-10.518,-59.45
47,90,16.72,-9.958,-59.44
47,90,16.88,-10.474,-60.94
47,90,17.04,-12.826,-64.08
47,90,17.2,-10.65,-63.08
47,90,17.36,-14.736,-67.38
47,90,17.52,-13.876,-66.41
47,90,17.68,-12.612,-65.69
47,90,17.84,-16.398,-69.31
47,90,18,-10.35,-63.16
48,90,2,0.349999999999998,-21.44
48,90,2.16,1.532,-21.88
48,90,2.32,0.0539999999999985,-25.6
48,90,2.48,-0.223999999999997,-27.47
48,90,2.64,-1.928,-30.64
48,90,2.8,-2.35,-29.41
48,90,2.96,3.102,-25.21
48,90,3.12,0.324000000000002,-27.91
48,90,3.28,-1.162,-31.18
48,90,3.44,0.847999999999999,-27.8
48,90,3.6,-0.960000000000001,-28.41
48,90,3.76,-1.544,-31.03
48,90,3.92,-0.251999999999999,-27.8
48,90,4.08,-1.652,-29.32
48,90,4.24,-5.23599999999999,-34.26
48,90,4.4,-4.43,-34.24
48,90,4.56,-1.466,-31.28
48,90,4.72,-2.67399999999999,-32.66
48,90,4.88,-4.98999999999999,-35.12
48,90,5.04,-4.23999999999999,-34.29
48,90,5.2,-2.37,-33.79
48,90,5.36,-6.13,-36.93
48,90,5.52,-8.468,-38.75
48,90,5.68,-5.71,-37.08
48,90,5.84,-11.752,-43.2
48,90,6,-9.32,-40.86
48,90,6.16,-11.68,-43.72
48,90,6.32,-7.36799999999999,-40.86
48,90,6.48,-8.21599999999999,-42.3
48,90,6.64,-9.968,-44.36
48,90,6.8,-11.77,-45.27
48,90,6.96,-12.562,-46.89
48,90,7.12,-9.566,-44.16
48,90,7.28,-9.472,-43.85
48,90,7.44,-14.556,-48.89
48,90,7.6,-14.86,-48.26
48,90,7.76,-14.868,-50.09
48,90,7.92,-12.702,-47.33
48,90,8.08,-11.786,-46.59
48,90,8.24,-10.782,-45.89
48,90,8.4,-13.81,-49.19
48,90,8.56,-8.86199999999999,-45.14
48,90,8.72,-7.528,-44.83
48,90,8.88,-7.59800000000001,-44.74
48,90,9.04,-8.91400000000001,-46.7
48,90,9.2,-9.21,-48.07
48,90,9.36,-8.98399999999999,-47.05
48,90,9.52,-6.812,-45.19
48,90,9.68,-11.33,-50.22
48,90,9.84,-10.556,-49.67
48,90,10,-9.16,-48.23
48,90,10.16,-9.288,-48.93
48,90,10.32,-14.212,-53.84
48,90,10.48,-11.368,-50.9
48,90,10.64,-7.538,-47.55
48,90,10.8,-8.98,-49.25
48,90,10.96,-10.756,-50.74
48,90,11.12,-10.196,-50.44
48,90,11.28,-12.246,-52.69
48,90,11.44,-13.672,-54.42
48,90,11.6,-13.32,-54.19
48,90,11.76,-12.064,-53.18
48,90,11.92,-14.984,-56.11
48,90,12.08,-18.7,-60.89
48,90,12.24,-16.684,-58.94
48,90,12.4,-15.66,-58.32
48,90,12.56,-20.21,-64.28
48,90,12.72,-17.304,-61.86
48,90,12.88,-13.876,-59.08
48,90,13.04,-13.328,-59.83
48,90,13.2,-16.74,-63.52
48,90,13.36,-19.074,-65.29
48,90,13.52,-16.992,-63
48,90,13.68,-14.67,-61.35
48,90,13.84,-14.838,-62.32
48,90,14,-15.45,-63.3
48,90,14.16,-14.296,-62.52
48,90,14.32,-14.126,-63.08
48,90,14.48,-13.974,-65.8
48,90,14.64,-16.544,-66
48,90,14.8,-20.75,-68.76
48,90,14.96,-13.702,-60.83
48,90,15.12,-11.59,-58.02
48,90,15.28,-12.22,-58.77
48,90,15.44,-10.806,-57.12
48,90,15.6,-9.69,-56.32
48,90,15.76,-11.458,-58.65
48,90,15.92,-9.282,-56.46
48,90,16.08,-10.062,-57.52
48,90,16.24,-9.08400000000001,-57.21
48,90,16.4,-11.22,-61.03
48,90,16.56,-12.028,-60.96
48,90,16.72,-16.088,-65.57
48,90,16.88,-12.164,-62.63
48,90,17.04,-13.176,-64.43
48,90,17.2,-12.69,-65.12
48,90,17.36,-14.256,-66.9
48,90,17.52,-11.836,-64.37
48,90,17.68,-17.152,-70.23
48,90,17.84,-14.248,-67.16
48,90,18,-12.87,-65.68
49,90,2,-0.199999999999999,-21.99
49,90,2.16,1.282,-22.13
49,90,2.32,-0.236000000000001,-25.89
49,90,2.48,-0.643999999999998,-27.89
49,90,2.64,-2.088,-30.8
49,90,2.8,-2.98,-30.04
49,90,2.96,2.882,-25.43
49,90,3.12,0.134,-28.1
49,90,3.28,-1.472,-31.49
49,90,3.44,0.408000000000001,-28.24
49,90,3.6,-1.28,-28.73
49,90,3.76,-1.894,-31.38
49,90,3.92,-0.691999999999997,-28.24
49,90,4.08,-1.982,-29.65
49,90,4.24,-5.646,-34.67
49,90,4.4,-5.32,-35.13
49,90,4.56,-1.956,-31.77
49,90,4.72,-3.23399999999999,-33.22
49,90,4.88,-5.06,-35.19
49,90,5.04,-4.77999999999999,-34.83
49,90,5.2,-3.08,-34.5
49,90,5.36,-6.61,-37.41
49,90,5.52,-8.908,-39.19
49,90,5.68,-6.07,-37.44
49,90,5.84,-12.082,-43.53
49,90,6,-10.37,-41.91
49,90,6.16,-12.54,-44.58
49,90,6.32,-7.508,-41
49,90,6.48,-8.246,-42.33
49,90,6.64,-9.718,-44.11
49,90,6.8,-11.8,-45.3
49,90,6.96,-13.612,-47.94
49,90,7.12,-9.696,-44.29
49,90,7.28,-9.102,-43.48
49,90,7.44,-14.146,-48.48
49,90,7.6,-15.04,-48.44
49,90,7.76,-14.698,-49.92
49,90,7.92,-11.862,-46.49
49,90,8.08,-10.766,-45.57
49,90,8.24,-10.502,-45.61
49,90,8.4,-13.43,-48.81
49,90,8.56,-8.84199999999999,-45.12
49,90,8.72,-7.258,-44.56
49,90,8.88,-7.368,-44.51
49,90,9.04,-8.944,-46.73
49,90,9.2,-9.03,-47.89
49,90,9.36,-9.044,-47.11
49,90,9.52,-6.272,-44.65
49,90,9.68,-10.41,-49.3
49,90,9.84,-12.126,-51.24
49,90,10,-9.54,-48.61
49,90,10.16,-9.648,-49.29
49,90,10.32,-13.832,-53.46
49,90,10.48,-12.138,-51.67
49,90,10.64,-9.478,-49.49
49,90,10.8,-8.88,-49.15
49,90,10.96,-11.986,-51.97
49,90,11.12,-10.316,-50.56
49,90,11.28,-11.776,-52.22
49,90,11.44,-13.842,-54.59
49,90,11.6,-12.94,-53.81
49,90,11.76,-13.884,-55
49,90,11.92,-15.174,-56.3
49,90,12.08,-18.15,-60.34
49,90,12.24,-17.974,-60.23
49,90,12.4,-15.14,-57.8
49,90,12.56,-17.37,-61.44
49,90,12.72,-16.304,-60.86
49,90,12.88,-13.976,-59.18
49,90,13.04,-13.658,-60.16
49,90,13.2,-13.05,-59.83
49,90,13.36,-15.744,-61.96
49,90,13.52,-14.442,-60.45
49,90,13.68,-13.81,-60.49
49,90,13.84,-14.348,-61.83
49,90,14,-14,-61.85
49,90,14.16,-15.066,-63.29
49,90,14.32,-15.186,-64.14
49,90,14.48,-17.414,-69.24
49,90,14.64,-16.084,-65.54
49,90,14.8,-15.32,-63.33
49,90,14.96,-12.012,-59.14
49,90,15.12,-9.94,-56.37
49,90,15.28,-13,-59.55
49,90,15.44,-11.866,-58.18
49,90,15.6,-10.98,-57.61
49,90,15.76,-12.798,-59.99
49,90,15.92,-13.482,-60.66
49,90,16.08,-14.652,-62.11
49,90,16.24,-13.374,-61.5
49,90,16.4,-13.57,-63.38
49,90,16.56,-20.068,-69
49,90,16.72,-16.658,-66.14
49,90,16.88,-13.564,-64.03
49,90,17.04,-18.936,-70.19
49,90,17.2,-11.74,-64.17
49,90,17.36,-13.036,-65.68
49,90,17.52,-13.036,-65.57
49,90,17.68,-14.342,-67.42
49,90,17.84,-14.328,-67.24
49,90,18,-13.71,-66.52
50,90,2,-0.740000000000002,-22.53
50,90,2.16,0.981999999999999,-22.43
50,90,2.32,-0.446000000000002,-26.1
50,90,2.48,-1.104,-28.35
50,90,2.64,-2.248,-30.96
50,90,2.8,-3.54,-30.6
50,90,2.96,2.552,-25.76
50,90,3.12,-0.0359999999999978,-28.27
50,90,3.28,-1.652,-31.67
50,90,3.44,-0.102,-28.75
50,90,3.6,-1.74,-29.19
50,90,3.76,-2.264,-31.75
50,90,3.92,-1.042,-28.59
50,90,4.08,-2.262,-29.93
50,90,4.24,-6.09599999999999,-35.12
50,90,4.4,-5.65,-35.46
50,90,4.56,-2.606,-32.42
50,90,4.72,-3.91399999999999,-33.9
50,90,4.88,-5.21,-35.34
50,90,5.04,-4.85999999999999,-34.91
50,90,5.2,-3.77,-35.19
50,90,5.36,-7.22000000000001,-38.02
50,90,5.52,-9.448,-39.73
50,90,5.68,-7.03,-38.4
50,90,5.84,-11.362,-42.81
50,90,6,-11.32,-42.86
50,90,6.16,-12.97,-45.01
50,90,6.32,-7.708,-41.2
50,90,6.48,-8.616,-42.7
50,90,6.64,-9.90799999999999,-44.3
50,90,6.8,-11.88,-45.38
50,90,6.96,-13.682,-48.01
50,90,7.12,-10.166,-44.76
50,90,7.28,-9.432,-43.81
50,90,7.44,-13.376,-47.71
50,90,7.6,-14.97,-48.37
50,90,7.76,-13.448,-48.67
50,90,7.92,-13.482,-48.11
50,90,8.08,-9.536,-44.34
50,90,8.24,-11.282,-46.39
50,90,8.4,-13.12,-48.5
50,90,8.56,-9.062,-45.34
50,90,8.72,-6.818,-44.12
50,90,8.88,-7.30800000000001,-44.45
50,90,9.04,-9.684,-47.47
50,90,9.2,-9.15,-48.01
50,90,9.36,-8.824,-46.89
50,90,9.52,-6.452,-44.83
50,90,9.68,-10.1,-48.99
50,90,9.84,-12.736,-51.85
50,90,10,-9.17,-48.24
50,90,10.16,-10.298,-49.94
50,90,10.32,-14.722,-54.35
50,90,10.48,-13.228,-52.76
50,90,10.64,-10.068,-50.08
50,90,10.8,-10.08,-50.35
50,90,10.96,-12.546,-52.53
50,90,11.12,-13.406,-53.65
50,90,11.28,-11.696,-52.14
50,90,11.44,-14.342,-55.09
50,90,11.6,-13.74,-54.61
50,90,11.76,-14.334,-55.45
50,90,11.92,-15.874,-57
50,90,12.08,-16.11,-58.3
50,90,12.24,-15.354,-57.61
50,90,12.4,-15.58,-58.24
50,90,12.56,-17.02,-61.09
50,90,12.72,-16.694,-61.25
50,90,12.88,-13.196,-58.4
50,90,13.04,-11.648,-58.15
50,90,13.2,-10.55,-57.33
50,90,13.36,-11.964,-58.18
50,90,13.52,-12.072,-58.08
50,90,13.68,-11.4,-58.08
50,90,13.84,-13.008,-60.49
50,90,14,-13.31,-61.16
50,90,14.16,-13.996,-62.22
50,90,14.32,-12.506,-61.46
50,90,14.48,-15.844,-67.67
50,90,14.64,-19.684,-69.14
50,90,14.8,-14.31,-62.32
50,90,14.96,-11.022,-58.15
50,90,15.12,-11.6,-58.03
50,90,15.28,-15.12,-61.67
50,90,15.44,-12.456,-58.77
50,90,15.6,-12.58,-59.21
50,90,15.76,-11.938,-59.13
50,90,15.92,-14.092,-61.27
50,90,16.08,-15.662,-63.12
50,90,16.24,-12.544,-60.67
50,90,16.4,-17.29,-67.1
50,90,16.56,-14.068,-63
50,90,16.72,-14.808,-64.29
50,90,16.88,-16.814,-67.28
50,90,17.04,-14.066,-65.32
50,90,17.2,-13.13,-65.56
50,90,17.36,-16.246,-68.89
50,90,17.52,-20.946,-73.48
50,90,17.68,-20.692,-73.77
50,90,17.84,-24.688,-77.6
50,90,18,-24.12,-76.93
51,90,2,-1.11,-22.9
51,90,2.16,0.631999999999998,-22.78
51,90,2.32,-0.606000000000002,-26.26
51,90,2.48,-1.604,-28.85
51,90,2.64,-2.378,-31.09
51,90,2.8,-4.06,-31.12
51,90,2.96,2.052,-26.26
51,90,3.12,-0.145999999999997,-28.38
51,90,3.28,-1.872,-31.89
51,90,3.44,-0.522000000000002,-29.17
51,90,3.6,-2.02,-29.47
51,90,3.76,-2.734,-32.22
51,90,3.92,-1.562,-29.11
51,90,4.08,-2.552,-30.22
51,90,4.24,-6.66599999999999,-35.69
51,90,4.4,-5.74,-35.55
51,90,4.56,-3.366,-33.18
51,90,4.72,-4.59399999999999,-34.58
51,90,4.88,-5.66,-35.79
51,90,5.04,-4.77999999999999,-34.83
51,90,5.2,-4.35,-35.77
51,90,5.36,-7.92,-38.72
51,90,5.52,-9.648,-39.93
51,90,5.68,-8.25,-39.62
51,90,5.84,-11.132,-42.58
51,90,6,-11.55,-43.09
51,90,6.16,-13.83,-45.87
51,90,6.32,-7.94799999999999,-41.44
51,90,6.48,-9.296,-43.38
51,90,6.64,-9.898,-44.29
51,90,6.8,-11.78,-45.28
51,90,6.96,-13.682,-48.01
51,90,7.12,-11.016,-45.61
51,90,7.28,-9.432,-43.81
51,90,7.44,-13.736,-48.07
51,90,7.6,-14.53,-47.93
51,90,7.76,-11.988,-47.21
51,90,7.92,-14.442,-49.07
51,90,8.08,-8.716,-43.52
51,90,8.24,-10.342,-45.45
51,90,8.4,-13.07,-48.45
51,90,8.56,-8.69199999999999,-44.97
51,90,8.72,-7.208,-44.51
51,90,8.88,-7.788,-44.93
51,90,9.04,-9.084,-46.87
51,90,9.2,-9.84,-48.7
51,90,9.36,-8.524,-46.59
51,90,9.52,-7.382,-45.76
51,90,9.68,-10.61,-49.5
51,90,9.84,-12.216,-51.33
51,90,10,-10.18,-49.25
51,90,10.16,-10.588,-50.23
51,90,10.32,-16.622,-56.25
51,90,10.48,-13.298,-52.83
51,90,10.64,-10.728,-50.74
51,90,10.8,-10.28,-50.55
51,90,10.96,-12.076,-52.06
51,90,11.12,-15.116,-55.36
51,90,11.28,-12.346,-52.79
51,90,11.44,-14.922,-55.67
51,90,11.6,-13.67,-54.54
51,90,11.76,-15.274,-56.39
51,90,11.92,-16.214,-57.34
51,90,12.08,-15.49,-57.68
51,90,12.24,-15.094,-57.35
51,90,12.4,-14.59,-57.25
51,90,12.56,-15.61,-59.68
51,90,12.72,-13.144,-57.7
51,90,12.88,-12.636,-57.84
51,90,13.04,-12.758,-59.26
51,90,13.2,-10.78,-57.56
51,90,13.36,-12.274,-58.49
51,90,13.52,-12.392,-58.4
51,90,13.68,-11.65,-58.33
51,90,13.84,-15.198,-62.68
51,90,14,-11.45,-59.3
51,90,14.16,-12.216,-60.44
51,90,14.32,-16.026,-64.98
51,90,14.48,-19.384,-71.21
51,90,14.64,-17.444,-66.9
51,90,14.8,-14.64,-62.65
51,90,14.96,-13.312,-60.44
51,90,15.12,-14.27,-60.7
51,90,15.28,-15.33,-61.88
51,90,15.44,-13.776,-60.09
51,90,15.6,-13.99,-60.62
51,90,15.76,-11.658,-58.85
51,90,15.92,-12.232,-59.41
51,90,16.08,-11.462,-58.92
51,90,16.24,-10.024,-58.15
51,90,16.4,-12.43,-62.24
51,90,16.56,-10.308,-59.24
51,90,16.72,-12.518,-62
51,90,16.88,-11.854,-62.32
51,90,17.04,-13.736,-64.99
51,90,17.2,-16.47,-68.9
51,90,17.36,-16.246,-68.89
51,90,17.52,-17.066,-69.6
51,90,17.68,-21.802,-74.88
51,90,17.84,-17.598,-70.51
51,90,18,-12.88,-65.69
52,90,2,-1.47,-23.26
52,90,2.16,0.181999999999999,-23.23
52,90,2.32,-0.686,-26.34
52,90,2.48,-2.094,-29.34
52,90,2.64,-2.498,-31.21
52,90,2.8,-4.52,-31.58
52,90,2.96,1.492,-26.82
52,90,3.12,-0.366,-28.6
52,90,3.28,-2.092,-32.11
52,90,3.44,-0.992000000000001,-29.64
52,90,3.6,-2.28,-29.73
52,90,3.76,-3.164,-32.65
52,90,3.92,-2.122,-29.67
52,90,4.08,-2.912,-30.58
52,90,4.24,-7.156,-36.18
52,90,4.4,-5.61,-35.42
52,90,4.56,-4.086,-33.9
52,90,4.72,-5.224,-35.21
52,90,4.88,-6.44,-36.57
52,90,5.04,-4.7,-34.75
52,90,5.2,-4.8,-36.22
52,90,5.36,-9.07,-39.87
52,90,5.52,-9.568,-39.85
52,90,5.68,-9.38,-40.75
52,90,5.84,-11.632,-43.08
52,90,6,-11.09,-42.63
52,90,6.16,-14.96,-47
52,90,6.32,-8.08799999999999,-41.58
52,90,6.48,-9.446,-43.53
52,90,6.64,-10.268,-44.66
52,90,6.8,-11.24,-44.74
52,90,6.96,-13.312,-47.64
52,90,7.12,-12.036,-46.63
52,90,7.28,-9.652,-44.03
52,90,7.44,-12.986,-47.32
52,90,7.6,-14.82,-48.22
52,90,7.76,-11.178,-46.4
52,90,7.92,-14.742,-49.37
52,90,8.08,-9.146,-43.95
52,90,8.24,-10.112,-45.22
52,90,8.4,-13.06,-48.44
52,90,8.56,-8.33199999999999,-44.61
52,90,8.72,-6.828,-44.13
52,90,8.88,-8.428,-45.57
52,90,9.04,-9.514,-47.3
52,90,9.2,-10.46,-49.32
52,90,9.36,-9.544,-47.61
52,90,9.52,-7.832,-46.21
52,90,9.68,-11.42,-50.31
52,90,9.84,-12.476,-51.59
52,90,10,-10.38,-49.45
52,90,10.16,-10.298,-49.94
52,90,10.32,-15.082,-54.71
52,90,10.48,-15.428,-54.96
52,90,10.64,-11.448,-51.46
52,90,10.8,-10.77,-51.04
52,90,10.96,-13.786,-53.77
52,90,11.12,-14.476,-54.72
52,90,11.28,-14.896,-55.34
52,90,11.44,-13.872,-54.62
52,90,11.6,-13.33,-54.2
52,90,11.76,-14.994,-56.11
52,90,11.92,-16.204,-57.33
52,90,12.08,-13.42,-55.61
52,90,12.24,-14.984,-57.24
52,90,12.4,-15.96,-58.62
52,90,12.56,-16.56,-60.63
52,90,12.72,-12.794,-57.35
52,90,12.88,-13.706,-58.91
52,90,13.04,-14.128,-60.63
52,90,13.2,-13.41,-60.19
52,90,13.36,-14.164,-60.38
52,90,13.52,-12.652,-58.66
52,90,13.68,-11.25,-57.93
52,90,13.84,-14.298,-61.78
52,90,14,-11.32,-59.17
52,90,14.16,-13.156,-61.38
52,90,14.32,-17.096,-66.05
52,90,14.48,-19.364,-71.19
52,90,14.64,-14.844,-64.3
52,90,14.8,-14.75,-62.76
52,90,14.96,-12.202,-59.33
52,90,15.12,-13.95,-60.38
52,90,15.28,-13.04,-59.59
52,90,15.44,-11.606,-57.92
52,90,15.6,-12.42,-59.05
52,90,15.76,-12.648,-59.84
52,90,15.92,-10.642,-57.82
52,90,16.08,-11.652,-59.11
52,90,16.24,-10.944,-59.07
52,90,16.4,-12.66,-62.47
52,90,16.56,-13.928,-62.86
52,90,16.72,-12.468,-61.95
52,90,16.88,-13.834,-64.3
52,90,17.04,-20.006,-71.26
52,90,17.2,-14.81,-67.24
52,90,17.36,-18.056,-70.7
52,90,17.52,-29.396,-81.93
52,90,17.68,-23.402,-76.48
52,90,17.84,-13.108,-66.02
52,90,18,-15.1,-67.91
53,90,2,-1.64,-23.43
53,90,2.16,-0.298000000000002,-23.71
53,90,2.32,-0.806000000000001,-26.46
53,90,2.48,-2.634,-29.88
53,90,2.64,-2.718,-31.43
53,90,2.8,-4.88,-31.94
53,90,2.96,0.851999999999997,-27.46
53,90,3.12,-0.675999999999998,-28.91
53,90,3.28,-2.36200000000001,-32.38
53,90,3.44,-1.512,-30.16
53,90,3.6,-2.53,-29.98
53,90,3.76,-3.504,-32.99
53,90,3.92,-2.732,-30.28
53,90,4.08,-3.352,-31.02
53,90,4.24,-7.73599999999999,-36.76
53,90,4.4,-5.37,-35.18
53,90,4.56,-4.456,-34.27
53,90,4.72,-5.63399999999999,-35.62
53,90,4.88,-7.61,-37.74
53,90,5.04,-4.72,-34.77
53,90,5.2,-4.97,-36.39
53,90,5.36,-10.13,-40.93
53,90,5.52,-9.748,-40.03
53,90,5.68,-9.90000000000001,-41.27
53,90,5.84,-12.842,-44.29
53,90,6,-10.68,-42.22
53,90,6.16,-15.16,-47.2
53,90,6.32,-8.788,-42.28
53,90,6.48,-9.166,-43.25
53,90,6.64,-11.138,-45.53
53,90,6.8,-11.58,-45.08
53,90,6.96,-12.752,-47.08
53,90,7.12,-11.246,-45.84
53,90,7.28,-10.732,-45.11
53,90,7.44,-13.206,-47.54
53,90,7.6,-14.77,-48.17
53,90,7.76,-11.198,-46.42
53,90,7.92,-13.242,-47.87
53,90,8.08,-9.816,-44.62
53,90,8.24,-9.16200000000001,-44.27
53,90,8.4,-13.2,-48.58
53,90,8.56,-9.12199999999999,-45.4
53,90,8.72,-6.768,-44.07
53,90,8.88,-8.108,-45.25
53,90,9.04,-9.82400000000001,-47.61
53,90,9.2,-11.4,-50.26
53,90,9.36,-10.334,-48.4
53,90,9.52,-8.922,-47.3
53,90,9.68,-11.73,-50.62
53,90,9.84,-14.026,-53.14
53,90,10,-10.44,-49.51
53,90,10.16,-12.008,-51.65
53,90,10.32,-14.772,-54.4
53,90,10.48,-13.688,-53.22
53,90,10.64,-11.988,-52
53,90,10.8,-10.83,-51.1
53,90,10.96,-13.396,-53.38
53,90,11.12,-14.306,-54.55
53,90,11.28,-15.036,-55.48
53,90,11.44,-15.772,-56.52
53,90,11.6,-14.5,-55.37
53,90,11.76,-14.084,-55.2
53,90,11.92,-17.034,-58.16
53,90,12.08,-12.38,-54.57
53,90,12.24,-14.094,-56.35
53,90,12.4,-15.46,-58.12
53,90,12.56,-17.9,-61.97
53,90,12.72,-12.414,-56.97
53,90,12.88,-12.686,-57.89
53,90,13.04,-14.798,-61.3
53,90,13.2,-20.31,-67.09
53,90,13.36,-18.584,-64.8
53,90,13.52,-14.012,-60.02
53,90,13.68,-13.55,-60.23
53,90,13.84,-15.438,-62.92
53,90,14,-13.83,-61.68
53,90,14.16,-13.416,-61.64
53,90,14.32,-15.576,-64.53
53,90,14.48,-15.484,-67.31
53,90,14.64,-15.424,-64.88
53,90,14.8,-16.38,-64.39
53,90,14.96,-14.662,-61.79
53,90,15.12,-12.94,-59.37
53,90,15.28,-13.38,-59.93
53,90,15.44,-12.706,-59.02
53,90,15.6,-11.18,-57.81
53,90,15.76,-13.318,-60.51
53,90,15.92,-12.552,-59.73
53,90,16.08,-11.952,-59.41
53,90,16.24,-15.984,-64.11
53,90,16.4,-17.42,-67.23
53,90,16.56,-17.808,-66.74
53,90,16.72,-18.348,-67.83
53,90,16.88,-15.754,-66.22
53,90,17.04,-14.336,-65.59
53,90,17.2,-15.24,-67.67
53,90,17.36,-15.936,-68.58
53,90,17.52,-15.306,-67.84
53,90,17.68,-16.022,-69.1
53,90,17.84,-17.968,-70.88
53,90,18,-16.5,-69.31
54,90,2,-1.82,-23.61
54,90,2.16,-0.868000000000002,-24.28
54,90,2.32,-0.885999999999999,-26.54
54,90,2.48,-3.054,-30.3
54,90,2.64,-2.988,-31.7
54,90,2.8,-5.12,-32.18
54,90,2.96,0.151999999999997,-28.16
54,90,3.12,-1.036,-29.27
54,90,3.28,-2.762,-32.78
54,90,3.44,-2.012,-30.66
54,90,3.6,-2.86,-30.31
54,90,3.76,-3.754,-33.24
54,90,3.92,-3.392,-30.94
54,90,4.08,-3.962,-31.63
54,90,4.24,-8.27599999999999,-37.3
54,90,4.4,-5.11,-34.92
54,90,4.56,-4.526,-34.34
54,90,4.72,-5.874,-35.86
54,90,4.88,-8.81,-38.94
54,90,5.04,-5.06999999999999,-35.12
54,90,5.2,-5.16,-36.58
54,90,5.36,-11.32,-42.12
54,90,5.52,-10.318,-40.6
54,90,5.68,-9.11,-40.48
54,90,5.84,-14.532,-45.98
54,90,6,-11.57,-43.11
54,90,6.16,-14.32,-46.36
54,90,6.32,-9.258,-42.75
54,90,6.48,-9.32599999999999,-43.41
54,90,6.64,-11.448,-45.84
54,90,6.8,-12.3,-45.8
54,90,6.96,-12.452,-46.78
54,90,7.12,-10.046,-44.64
54,90,7.28,-11.482,-45.86
54,90,7.44,-12.476,-46.81
54,90,7.6,-14.29,-47.69
54,90,7.76,-12.308,-47.53
54,90,7.92,-12.062,-46.69
54,90,8.08,-10.716,-45.52
54,90,8.24,-10.162,-45.27
54,90,8.4,-12.56,-47.94
54,90,8.56,-9.20199999999999,-45.48
54,90,8.72,-6.778,-44.08
54,90,8.88,-8.498,-45.64
54,90,9.04,-9.77400000000001,-47.56
54,90,9.2,-11.2,-50.06
54,90,9.36,-10.044,-48.11
54,90,9.52,-10.062,-48.44
54,90,9.68,-11.86,-50.75
54,90,9.84,-14.046,-53.16
54,90,10,-11.48,-50.55
54,90,10.16,-11.918,-51.56
54,90,10.32,-16.262,-55.89
54,90,10.48,-14.178,-53.71
54,90,10.64,-11.018,-51.03
54,90,10.8,-10.76,-51.03
54,90,10.96,-13.246,-53.23
54,90,11.12,-14.146,-54.39
54,90,11.28,-14.916,-55.36
54,90,11.44,-15.232,-55.98
54,90,11.6,-13.88,-54.75
54,90,11.76,-12.884,-54
54,90,11.92,-18.374,-59.5
54,90,12.08,-14.77,-56.96
54,90,12.24,-13.284,-55.54
54,90,12.4,-15.42,-58.08
54,90,12.56,-17.42,-61.49
54,90,12.72,-13.724,-58.28
54,90,12.88,-14.536,-59.74
54,90,13.04,-13.798,-60.3
54,90,13.2,-18.77,-65.55
54,90,13.36,-17.934,-64.15
54,90,13.52,-16.032,-62.04
54,90,13.68,-13.5,-60.18
54,90,13.84,-13.148,-60.63
54,90,14,-12.16,-60.01
54,90,14.16,-14.496,-62.72
54,90,14.32,-12.966,-61.92
54,90,14.48,-36.494,-88.32
54,90,14.64,-22.904,-72.36
54,90,14.8,-14.05,-62.06
54,90,14.96,-12.372,-59.5
54,90,15.12,-10.89,-57.32
54,90,15.28,-13.05,-59.6
54,90,15.44,-12.666,-58.98
54,90,15.6,-14.26,-60.89
54,90,15.76,-13.698,-60.89
54,90,15.92,-12.152,-59.33
54,90,16.08,-12.332,-59.79
54,90,16.24,-20.604,-68.73
54,90,16.4,-13.28,-63.09
54,90,16.56,-20.498,-69.43
54,90,16.72,-26.148,-75.63
54,90,16.88,-21.734,-72.2
54,90,17.04,-16.916,-68.17
54,90,17.2,-18.62,-71.05
54,90,17.36,-23.766,-76.41
54,90,17.52,-27.736,-80.27
54,90,17.68,-17.292,-70.37
54,90,17.84,-15.808,-68.72
54,90,18,-17.16,-69.97
55,90,2,-1.79,-23.58
55,90,2.16,-1.498,-24.91
55,90,2.32,-1.046,-26.7
55,90,2.48,-3.424,-30.67
55,90,2.64,-3.348,-32.06
55,90,2.8,-5.49,-32.55
55,90,2.96,-0.398000000000003,-28.71
55,90,3.12,-1.576,-29.81
55,90,3.28,-3.152,-33.17
55,90,3.44,-2.442,-31.09
55,90,3.6,-3.25,-30.7
55,90,3.76,-4.124,-33.61
55,90,3.92,-3.972,-31.52
55,90,4.08,-4.712,-32.38
55,90,4.24,-8.88599999999999,-37.91
55,90,4.4,-5.27,-35.08
55,90,4.56,-4.266,-34.08
55,90,4.72,-6.254,-36.24
55,90,4.88,-9.11,-39.24
55,90,5.04,-5.85999999999999,-35.91
55,90,5.2,-5.31,-36.73
55,90,5.36,-11.77,-42.57
55,90,5.52,-10.848,-41.13
55,90,5.68,-8.46,-39.83
55,90,5.84,-15.672,-47.12
55,90,6,-13.16,-44.7
55,90,6.16,-12.71,-44.75
55,90,6.32,-9.44799999999999,-42.94
55,90,6.48,-9.60599999999999,-43.69
55,90,6.64,-11.328,-45.72
55,90,6.8,-13.38,-46.88
55,90,6.96,-12.762,-47.09
55,90,7.12,-9.316,-43.91
55,90,7.28,-11.922,-46.3
55,90,7.44,-12.596,-46.93
55,90,7.6,-14.01,-47.41
55,90,7.76,-13.198,-48.42
55,90,7.92,-11.832,-46.46
55,90,8.08,-11.046,-45.85
55,90,8.24,-10.572,-45.68
55,90,8.4,-12.33,-47.71
55,90,8.56,-9.182,-45.46
55,90,8.72,-7.418,-44.72
55,90,8.88,-8.478,-45.62
55,90,9.04,-10.054,-47.84
55,90,9.2,-10.82,-49.68
55,90,9.36,-9.404,-47.47
55,90,9.52,-10.972,-49.35
55,90,9.68,-12.81,-51.7
55,90,9.84,-13.246,-52.36
55,90,10,-11.08,-50.15
55,90,10.16,-12.228,-51.87
55,90,10.32,-19.702,-59.33
55,90,10.48,-14.248,-53.78
55,90,10.64,-11.548,-51.56
55,90,10.8,-10.87,-51.14
55,90,10.96,-14.116,-54.1
55,90,11.12,-13.976,-54.22
55,90,11.28,-14.886,-55.33
55,90,11.44,-16.762,-57.51
55,90,11.6,-13.58,-54.45
55,90,11.76,-14.484,-55.6
55,90,11.92,-17.304,-58.43
55,90,12.08,-17.02,-59.21
55,90,12.24,-14.624,-56.88
55,90,12.4,-14.31,-56.97
55,90,12.56,-18.48,-62.55
55,90,12.72,-15.884,-60.44
55,90,12.88,-14.596,-59.8
55,90,13.04,-14.008,-60.51
55,90,13.2,-14.09,-60.87
55,90,13.36,-14.214,-60.43
55,90,13.52,-13.422,-59.43
55,90,13.68,-13.61,-60.29
55,90,13.84,-14.718,-62.2
55,90,14,-10.66,-58.51
55,90,14.16,-13.346,-61.57
55,90,14.32,-11.456,-60.41
55,90,14.48,-15.574,-67.4
55,90,14.64,-18.654,-68.11
55,90,14.8,-14.52,-62.53
55,90,14.96,-14.822,-61.95
55,90,15.12,-12.73,-59.16
55,90,15.28,-11.63,-58.18
55,90,15.44,-12.466,-58.78
55,90,15.6,-11.97,-58.6
55,90,15.76,-13.798,-60.99
55,90,15.92,-11.132,-58.31
55,90,16.08,-11.922,-59.38
55,90,16.24,-14.054,-62.18
55,90,16.4,-13.55,-63.36
55,90,16.56,-15.778,-64.71
55,90,16.72,-16.208,-65.69
55,90,16.88,-14.134,-64.6
55,90,17.04,-14.896,-66.15
55,90,17.2,-15.01,-67.44
55,90,17.36,-19.666,-72.31
55,90,17.52,-22.876,-75.41
55,90,17.68,-18.052,-71.13
55,90,17.84,-18.588,-71.5
55,90,18,-14.04,-66.85
56,90,2,-1.73,-23.52
56,90,2.16,-2.158,-25.57
56,90,2.32,-1.246,-26.9
56,90,2.48,-3.784,-31.03
56,90,2.64,-3.778,-32.49
56,90,2.8,-5.72,-32.78
56,90,2.96,-0.878000000000004,-29.19
56,90,3.12,-2.176,-30.41
56,90,3.28,-3.602,-33.62
56,90,3.44,-2.692,-31.34
56,90,3.6,-3.63,-31.08
56,90,3.76,-4.414,-33.9
56,90,3.92,-4.452,-32
56,90,4.08,-5.622,-33.29
56,90,4.24,-9.506,-38.53
56,90,4.4,-5.56,-35.37
56,90,4.56,-3.986,-33.8
56,90,4.72,-6.56399999999999,-36.55
56,90,4.88,-9.12,-39.25
56,90,5.04,-6.83,-36.88
56,90,5.2,-5.65,-37.07
56,90,5.36,-12.22,-43.02
56,90,5.52,-12.078,-42.36
56,90,5.68,-8.31,-39.68
56,90,5.84,-15.362,-46.81
56,90,6,-16.17,-47.71
56,90,6.16,-12.19,-44.23
56,90,6.32,-8.61799999999999,-42.11
56,90,6.48,-10.326,-44.41
56,90,6.64,-10.848,-45.24
56,90,6.8,-13.27,-46.77
56,90,6.96,-13.362,-47.69
56,90,7.12,-9.416,-44.01
56,90,7.28,-10.962,-45.34
56,90,7.44,-12.756,-47.09
56,90,7.6,-13.25,-46.65
56,90,7.76,-12.718,-47.94
56,90,7.92,-12.182,-46.81
56,90,8.08,-11.526,-46.33
56,90,8.24,-10.572,-45.68
56,90,8.4,-13.01,-48.39
56,90,8.56,-9.602,-45.88
56,90,8.72,-7.878,-45.18
56,90,8.88,-9.48800000000001,-46.63
56,90,9.04,-10.334,-48.12
56,90,9.2,-10.57,-49.43
56,90,9.36,-10.294,-48.36
56,90,9.52,-10.862,-49.24
56,90,9.68,-12.88,-51.77
56,90,9.84,-14.336,-53.45
56,90,10,-11.14,-50.21
56,90,10.16,-12.478,-52.12
56,90,10.32,-20.312,-59.94
56,90,10.48,-14.488,-54.02
56,90,10.64,-13.708,-53.72
56,90,10.8,-11.21,-51.48
56,90,10.96,-15.296,-55.28
56,90,11.12,-15.116,-55.36
56,90,11.28,-13.666,-54.11
56,90,11.44,-16.642,-57.39
56,90,11.6,-13.9,-54.77
56,90,11.76,-13.824,-54.94
56,90,11.92,-17.364,-58.49
56,90,12.08,-14.37,-56.56
56,90,12.24,-15.404,-57.66
56,90,12.4,-16.31,-58.97
56,90,12.56,-16.64,-60.71
56,90,12.72,-15.474,-60.03
56,90,12.88,-15.596,-60.8
56,90,13.04,-12.928,-59.43
56,90,13.2,-13.91,-60.69
56,90,13.36,-13.864,-60.08
56,90,13.52,-12.072,-58.08
56,90,13.68,-10.6,-57.28
56,90,13.84,-12.918,-60.4
56,90,14,-13.23,-61.08
56,90,14.16,-13.836,-62.06
56,90,14.32,-14.016,-62.97
56,90,14.48,-18.484,-70.31
56,90,14.64,-14.914,-64.37
56,90,14.8,-16.38,-64.39
56,90,14.96,-14.202,-61.33
56,90,15.12,-14.81,-61.24
56,90,15.28,-12.97,-59.52
56,90,15.44,-12.906,-59.22
56,90,15.6,-14.69,-61.32
56,90,15.76,-13.718,-60.91
56,90,15.92,-12.602,-59.78
56,90,16.08,-11.282,-58.74
56,90,16.24,-13.664,-61.79
56,90,16.4,-12.15,-61.96
56,90,16.56,-15.278,-64.21
56,90,16.72,-16.058,-65.54
56,90,16.88,-31.344,-81.81
56,90,17.04,-15.026,-66.28
56,90,17.2,-17.25,-69.68
56,90,17.36,-31.486,-84.13
56,90,17.52,-17.976,-70.51
56,90,17.68,-14.752,-67.83
56,90,17.84,-13.538,-66.45
56,90,18,-15.99,-68.8
57,90,2,-1.56,-23.35
57,90,2.16,-2.808,-26.22
57,90,2.32,-1.556,-27.21
57,90,2.48,-4.024,-31.27
57,90,2.64,-4.048,-32.76
57,90,2.8,-5.94,-33
57,90,2.96,-1.138,-29.45
57,90,3.12,-2.816,-31.05
57,90,3.28,-4.012,-34.03
57,90,3.44,-2.982,-31.63
57,90,3.6,-4.25,-31.7
57,90,3.76,-4.694,-34.18
57,90,3.92,-4.872,-32.42
57,90,4.08,-6.512,-34.18
57,90,4.24,-10.036,-39.06
57,90,4.4,-6.08,-35.89
57,90,4.56,-3.846,-33.66
57,90,4.72,-6.874,-36.86
57,90,4.88,-8.63,-38.76
57,90,5.04,-7.81,-37.86
57,90,5.2,-5.89,-37.31
57,90,5.36,-12.43,-43.23
57,90,5.52,-12.838,-43.12
57,90,5.68,-8.77,-40.14
57,90,5.84,-14.232,-45.68
57,90,6,-19.07,-50.61
57,90,6.16,-12.31,-44.35
57,90,6.32,-8.26799999999999,-41.76
57,90,6.48,-10.456,-44.54
57,90,6.64,-11.488,-45.88
57,90,6.8,-12.72,-46.22
57,90,6.96,-13.742,-48.07
57,90,7.12,-9.896,-44.49
57,90,7.28,-10.092,-44.47
57,90,7.44,-12.726,-47.06
57,90,7.6,-13.31,-46.71
57,90,7.76,-13.098,-48.32
57,90,7.92,-11.912,-46.54
57,90,8.08,-12.296,-47.1
57,90,8.24,-10.522,-45.63
57,90,8.4,-13,-48.38
57,90,8.56,-9.752,-46.03
57,90,8.72,-8.368,-45.67
57,90,8.88,-9.718,-46.86
57,90,9.04,-11.744,-49.53
57,90,9.2,-10.56,-49.42
57,90,9.36,-11.204,-49.27
57,90,9.52,-10.642,-49.02
57,90,9.68,-11.95,-50.84
57,90,9.84,-15.336,-54.45
57,90,10,-11.42,-50.49
57,90,10.16,-12.428,-52.07
57,90,10.32,-19.682,-59.31
57,90,10.48,-14.398,-53.93
57,90,10.64,-12.748,-52.76
57,90,10.8,-14.11,-54.38
57,90,10.96,-15.016,-55
57,90,11.12,-18.796,-59.04
57,90,11.28,-14.436,-54.88
57,90,11.44,-15.642,-56.39
57,90,11.6,-14.71,-55.58
57,90,11.76,-14.804,-55.92
57,90,11.92,-15.804,-56.93
57,90,12.08,-13.38,-55.57
57,90,12.24,-12.324,-54.58
57,90,12.4,-13.76,-56.42
57,90,12.56,-14.91,-58.98
57,90,12.72,-14.994,-59.55
57,90,12.88,-14.226,-59.43
57,90,13.04,-13.558,-60.06
57,90,13.2,-13.16,-59.94
57,90,13.36,-13.734,-59.95
57,90,13.52,-12.882,-58.89
57,90,13.68,-10.95,-57.63
57,90,13.84,-11.628,-59.11
57,90,14,-15.96,-63.81
57,90,14.16,-16.386,-64.61
57,90,14.32,-19.916,-68.87
57,90,14.48,-20.114,-71.94
57,90,14.64,-15.744,-65.2
57,90,14.8,-20.77,-68.78
57,90,14.96,-14.622,-61.75
57,90,15.12,-13.85,-60.28
57,90,15.28,-16.28,-62.83
57,90,15.44,-13.026,-59.34
57,90,15.6,-13.45,-60.08
57,90,15.76,-12.148,-59.34
57,90,15.92,-12.312,-59.49
57,90,16.08,-12.812,-60.27
57,90,16.24,-15.264,-63.39
57,90,16.4,-18.25,-68.06
57,90,16.56,-21.838,-70.77
57,90,16.72,-16.038,-65.52
57,90,16.88,-16.294,-66.76
57,90,17.04,-12.326,-63.58
57,90,17.2,-14.36,-66.79
57,90,17.36,-19.546,-72.19
57,90,17.52,-14.706,-67.24
57,90,17.68,-20.052,-73.13
57,90,17.84,-12.338,-65.25
57,90,18,-10.67,-63.48
58,90,2,-1.6,-23.39
58,90,2.16,-3.428,-26.84
58,90,2.32,-1.936,-27.59
58,90,2.48,-4.264,-31.51
58,90,2.64,-4.488,-33.2
58,90,2.8,-6.24,-33.3
58,90,2.96,-1.258,-29.57
58,90,3.12,-3.526,-31.76
58,90,3.28,-4.61200000000001,-34.63
58,90,3.44,-3.362,-32.01
58,90,3.6,-4.92,-32.37
58,90,3.76,-5.10400000000001,-34.59
58,90,3.92,-5.102,-32.65
58,90,4.08,-7.382,-35.05
58,90,4.24,-10.776,-39.8
58,90,4.4,-7.1,-36.91
58,90,4.56,-3.886,-33.7
58,90,4.72,-7.124,-37.11
58,90,4.88,-8.5,-38.63
58,90,5.04,-8.35999999999999,-38.41
58,90,5.2,-6.48,-37.9
58,90,5.36,-12.77,-43.57
58,90,5.52,-13.648,-43.93
58,90,5.68,-9.77,-41.14
58,90,5.84,-13.662,-45.11
58,90,6,-18.16,-49.7
58,90,6.16,-13.74,-45.78
58,90,6.32,-8.04799999999999,-41.54
58,90,6.48,-9.736,-43.82
58,90,6.64,-12.518,-46.91
58,90,6.8,-12.19,-45.69
58,90,6.96,-13.632,-47.96
58,90,7.12,-10.936,-45.53
58,90,7.28,-9.842,-44.22
58,90,7.44,-13.286,-47.62
58,90,7.6,-12.81,-46.21
58,90,7.76,-13.738,-48.96
58,90,7.92,-11.352,-45.98
58,90,8.08,-12.996,-47.8
58,90,8.24,-11.822,-46.93
58,90,8.4,-12.26,-47.64
58,90,8.56,-10.552,-46.83
58,90,8.72,-8.918,-46.22
58,90,8.88,-9.688,-46.83
58,90,9.04,-13.294,-51.08
58,90,9.2,-10.71,-49.57
58,90,9.36,-10.944,-49.01
58,90,9.52,-11.432,-49.81
58,90,9.68,-12.54,-51.43
58,90,9.84,-14.726,-53.84
58,90,10,-13.15,-52.22
58,90,10.16,-12.268,-51.91
58,90,10.32,-20.062,-59.69
58,90,10.48,-15.928,-55.46
58,90,10.64,-12.938,-52.95
58,90,10.8,-14.68,-54.95
58,90,10.96,-16.546,-56.53
58,90,11.12,-19.116,-59.36
58,90,11.28,-17.526,-57.97
58,90,11.44,-15.782,-56.53
58,90,11.6,-16.04,-56.91
58,90,11.76,-15.674,-56.79
58,90,11.92,-15.924,-57.05
58,90,12.08,-14.09,-56.28
58,90,12.24,-12.764,-55.02
58,90,12.4,-13.69,-56.35
58,90,12.56,-14.85,-58.92
58,90,12.72,-13.464,-58.02
58,90,12.88,-14.326,-59.53
58,90,13.04,-16.658,-63.16
58,90,13.2,-14.99,-61.77
58,90,13.36,-13.754,-59.97
58,90,13.52,-13.312,-59.32
58,90,13.68,-10.43,-57.11
58,90,13.84,-12.918,-60.4
58,90,14,-14.63,-62.48
58,90,14.16,-12.336,-60.56
58,90,14.32,-15.866,-64.82
58,90,14.48,-14.214,-66.04
58,90,14.64,-13.614,-63.07
58,90,14.8,-12.88,-60.89
58,90,14.96,-13.032,-60.16
58,90,15.12,-14.25,-60.68
58,90,15.28,-16.78,-63.33
58,90,15.44,-13.026,-59.34
58,90,15.6,-11.83,-58.46
58,90,15.76,-12.228,-59.42
58,90,15.92,-12.912,-60.09
58,90,16.08,-15.802,-63.26
58,90,16.24,-16.594,-64.72
58,90,16.4,-22.06,-71.87
58,90,16.56,-23.468,-72.4
58,90,16.72,-27.738,-77.22
58,90,16.88,-17.824,-68.29
58,90,17.04,-18.566,-69.82
58,90,17.2,-22.89,-75.32
58,90,17.36,-20.126,-72.77
58,90,17.52,-12.756,-65.29
58,90,17.68,-15.232,-68.31
58,90,17.84,-12.278,-65.19
58,90,18,-14.94,-67.75
59,90,2,-1.53,-23.32
59,90,2.16,-3.938,-27.35
59,90,2.32,-2.436,-28.09
59,90,2.48,-4.454,-31.7
59,90,2.64,-4.988,-33.7
59,90,2.8,-6.5,-33.56
59,90,2.96,-1.348,-29.66
59,90,3.12,-4.166,-32.4
59,90,3.28,-5.102,-35.12
59,90,3.44,-3.762,-32.41
59,90,3.6,-5.61,-33.06
59,90,3.76,-5.60400000000001,-35.09
59,90,3.92,-5.332,-32.88
59,90,4.08,-7.872,-35.54
59,90,4.24,-11.296,-40.32
59,90,4.4,-8.05,-37.86
59,90,4.56,-4.286,-34.1
59,90,4.72,-7.13399999999999,-37.12
59,90,4.88,-8.62,-38.75
59,90,5.04,-8.3,-38.35
59,90,5.2,-6.66,-38.08
59,90,5.36,-12.69,-43.49
59,90,5.52,-14.098,-44.38
59,90,5.68,-11.28,-42.65
59,90,5.84,-14.102,-45.55
59,90,6,-16.4,-47.94
59,90,6.16,-15.53,-47.57
59,90,6.32,-8.538,-42.03
59,90,6.48,-9.706,-43.79
59,90,6.64,-12.408,-46.8
59,90,6.8,-12.62,-46.12
59,90,6.96,-13.882,-48.21
59,90,7.12,-10.776,-45.37
59,90,7.28,-10.202,-44.58
59,90,7.44,-13.226,-47.56
59,90,7.6,-12.7,-46.1
59,90,7.76,-15.878,-51.1
59,90,7.92,-10.832,-45.46
59,90,8.08,-12.386,-47.19
59,90,8.24,-12.062,-47.17
59,90,8.4,-13.34,-48.72
59,90,8.56,-10.082,-46.36
59,90,8.72,-9.138,-46.44
59,90,8.88,-9.658,-46.8
59,90,9.04,-13.384,-51.17
59,90,9.2,-11.78,-50.64
59,90,9.36,-10.484,-48.55
59,90,9.52,-12.162,-50.54
59,90,9.68,-14.54,-53.43
59,90,9.84,-14.016,-53.13
59,90,10,-13.44,-52.51
59,90,10.16,-13.578,-53.22
59,90,10.32,-17.672,-57.3
59,90,10.48,-18.118,-57.65
59,90,10.64,-12.868,-52.88
59,90,10.8,-12.77,-53.04
59,90,10.96,-17.406,-57.39
59,90,11.12,-16.556,-56.8
59,90,11.28,-18.416,-58.86
59,90,11.44,-16.512,-57.26
59,90,11.6,-16.32,-57.19
59,90,11.76,-16.054,-57.17
59,90,11.92,-15.884,-57.01
59,90,12.08,-13.78,-55.97
59,90,12.24,-14.394,-56.65
59,90,12.4,-14.08,-56.74
59,90,12.56,-15.09,-59.16
59,90,12.72,-14.274,-58.83
59,90,12.88,-14.016,-59.22
59,90,13.04,-18.378,-64.88
59,90,13.2,-17.79,-64.57
59,90,13.36,-14.564,-60.78
59,90,13.52,-15.022,-61.03
59,90,13.68,-12.2,-58.88
59,90,13.84,-14.058,-61.54
59,90,14,-12.7,-60.55
59,90,14.16,-12.546,-60.77
59,90,14.32,-17.536,-66.49
59,90,14.48,-16.064,-67.89
59,90,14.64,-17.174,-66.63
59,90,14.8,-14.42,-62.43
59,90,14.96,-14.632,-61.76
59,90,15.12,-13.11,-59.54
59,90,15.28,-14.74,-61.29
59,90,15.44,-15.586,-61.9
59,90,15.6,-15.43,-62.06
59,90,15.76,-14.888,-62.08
59,90,15.92,-16.242,-63.42
59,90,16.08,-13.662,-61.12
59,90,16.24,-19.674,-67.8
59,90,16.4,-29.04,-78.85
59,90,16.56,-20.538,-69.47
59,90,16.72,-22.578,-72.06
59,90,16.88,-27.714,-78.18
59,90,17.04,-15.146,-66.4
59,90,17.2,-20.79,-73.22
59,90,17.36,-19.786,-72.43
59,90,17.52,-18.496,-71.03
59,90,17.68,-23.852,-76.93
59,90,17.84,-17.738,-70.65
59,90,18,-20.67,-73.48
60,90,2,-1.57,-23.36
60,90,2.16,-4.458,-27.87
60,90,2.32,-3.066,-28.72
60,90,2.48,-4.544,-31.79
60,90,2.64,-5.378,-34.09
60,90,2.8,-6.87,-33.93
60,90,2.96,-1.288,-29.6
60,90,3.12,-4.536,-32.77
60,90,3.28,-5.642,-35.66
60,90,3.44,-4.322,-32.97
60,90,3.6,-6.34,-33.79
60,90,3.76,-6.164,-35.65
60,90,3.92,-5.512,-33.06
60,90,4.08,-8.272,-35.94
60,90,4.24,-12.106,-41.13
60,90,4.4,-8.75,-38.56
60,90,4.56,-4.916,-34.73
60,90,4.72,-6.964,-36.95
60,90,4.88,-9.32,-39.45
60,90,5.04,-7.99999999999999,-38.05
60,90,5.2,-6.94,-38.36
60,90,5.36,-12.59,-43.39
60,90,5.52,-14.688,-44.97
60,90,5.68,-12.17,-43.54
60,90,5.84,-15.382,-46.83
60,90,6,-15.31,-46.85
60,90,6.16,-16.62,-48.66
60,90,6.32,-9.178,-42.67
60,90,6.48,-9.32599999999999,-43.41
60,90,6.64,-12.298,-46.69
60,90,6.8,-13.06,-46.56
60,90,6.96,-13.872,-48.2
60,90,7.12,-10.466,-45.06
60,90,7.28,-10.712,-45.09
60,90,7.44,-13.986,-48.32
60,90,7.6,-12.8,-46.2
60,90,7.76,-16.588,-51.81
60,90,7.92,-11.132,-45.76
60,90,8.08,-11.976,-46.78
60,90,8.24,-12.462,-47.57
60,90,8.4,-14.45,-49.83
60,90,8.56,-9.812,-46.09
60,90,8.72,-9.148,-46.45
60,90,8.88,-10.498,-47.64
60,90,9.04,-12.364,-50.15
60,90,9.2,-12.89,-51.75
60,90,9.36,-12.624,-50.69
60,90,9.52,-11.842,-50.22
60,90,9.68,-16.54,-55.43
60,90,9.84,-15.326,-54.44
60,90,10,-15.34,-54.41
60,90,10.16,-14.878,-54.52
60,90,10.32,-17.812,-57.44
60,90,10.48,-18.368,-57.9
60,90,10.64,-13.058,-53.07
60,90,10.8,-12.42,-52.69
60,90,10.96,-13.936,-53.92
60,90,11.12,-20.626,-60.87
60,90,11.28,-18.266,-58.71
60,90,11.44,-17.542,-58.29
60,90,11.6,-15.81,-56.68
60,90,11.76,-16.324,-57.44
60,90,11.92,-15.514,-56.64
60,90,12.08,-13.7,-55.89
60,90,12.24,-14.564,-56.82
60,90,12.4,-14.51,-57.17
60,90,12.56,-16.07,-60.14
60,90,12.72,-16.354,-60.91
60,90,12.88,-13.826,-59.03
60,90,13.04,-20.158,-66.66
60,90,13.2,-16.78,-63.56
60,90,13.36,-18.314,-64.53
60,90,13.52,-16.202,-62.21
60,90,13.68,-15.31,-61.99
60,90,13.84,-12.978,-60.46
60,90,14,-13.58,-61.43
60,90,14.16,-14.706,-62.93
60,90,14.32,-16.146,-65.1
60,90,14.48,-17.694,-69.52
60,90,14.64,-16.804,-66.26
60,90,14.8,-15.1,-63.11
60,90,14.96,-14.412,-61.54
60,90,15.12,-13.82,-60.25
60,90,15.28,-15.3,-61.85
60,90,15.44,-17.346,-63.66
60,90,15.6,-15.21,-61.84
60,90,15.76,-15.938,-63.13
60,90,15.92,-19.892,-67.07
60,90,16.08,-15.812,-63.27
60,90,16.24,-19.044,-67.17
60,90,16.4,-20.74,-70.55
60,90,16.56,-21.488,-70.42
60,90,16.72,-17.938,-67.42
60,90,16.88,-19.904,-70.37
60,90,17.04,-22.016,-73.27
60,90,17.2,-20.3,-72.73
60,90,17.36,-17.296,-69.94
60,90,17.52,-20.306,-72.84
60,90,17.68,-19.582,-72.66
60,90,17.84,-14.448,-67.36
60,90,18,-14.56,-67.37
61,90,2,-1.71,-23.5
61,90,2.16,-4.678,-28.09
61,90,2.32,-3.666,-29.32
61,90,2.48,-4.814,-32.06
61,90,2.64,-5.788,-34.5
61,90,2.8,-7.1,-34.16
61,90,2.96,-1.418,-29.73
61,90,3.12,-4.816,-33.05
61,90,3.28,-6.202,-36.22
61,90,3.44,-4.912,-33.56
61,90,3.6,-7.14,-34.59
61,90,3.76,-6.924,-36.41
61,90,3.92,-5.842,-33.39
61,90,4.08,-8.292,-35.96
61,90,4.24,-12.706,-41.73
61,90,4.4,-9.2,-39.01
61,90,4.56,-5.876,-35.69
61,90,4.72,-7.17399999999999,-37.16
61,90,4.88,-10.23,-40.36
61,90,5.04,-7.67999999999999,-37.73
61,90,5.2,-7.05,-38.47
61,90,5.36,-12.12,-42.92
61,90,5.52,-15.058,-45.34
61,90,5.68,-13.25,-44.62
61,90,5.84,-17.532,-48.98
61,90,6,-15.98,-47.52
61,90,6.16,-16.16,-48.2
61,90,6.32,-9.858,-43.35
61,90,6.48,-10.086,-44.17
61,90,6.64,-12.028,-46.42
61,90,6.8,-13.81,-47.31
61,90,6.96,-14.662,-48.99
61,90,7.12,-10.576,-45.17
61,90,7.28,-10.752,-45.13
61,90,7.44,-13.426,-47.76
61,90,7.6,-14.09,-47.49
61,90,7.76,-15.938,-51.16
61,90,7.92,-11.572,-46.2
61,90,8.08,-12.396,-47.2
61,90,8.24,-12.372,-47.48
61,90,8.4,-14.75,-50.13
61,90,8.56,-9.642,-45.92
61,90,8.72,-9.198,-46.5
61,90,8.88,-11.378,-48.52
61,90,9.04,-13.064,-50.85
61,90,9.2,-12.38,-51.24
61,90,9.36,-13.664,-51.73
61,90,9.52,-12.752,-51.13
61,90,9.68,-16.92,-55.81
61,90,9.84,-16.516,-55.63
61,90,10,-14.14,-53.21
61,90,10.16,-15.358,-55
61,90,10.32,-20.482,-60.11
61,90,10.48,-17.828,-57.36
61,90,10.64,-14.668,-54.68
61,90,10.8,-14.28,-54.55
61,90,10.96,-13.756,-53.74
61,90,11.12,-16.226,-56.47
61,90,11.28,-18.506,-58.95
61,90,11.44,-15.572,-56.32
61,90,11.6,-15.84,-56.71
61,90,11.76,-17.034,-58.15
61,90,11.92,-14.364,-55.49
61,90,12.08,-15.43,-57.62
61,90,12.24,-15.314,-57.57
61,90,12.4,-14.77,-57.43
61,90,12.56,-19.22,-63.29
61,90,12.72,-20.374,-64.93
61,90,12.88,-16.236,-61.44
61,90,13.04,-19.738,-66.24
61,90,13.2,-14.67,-61.45
61,90,13.36,-16.284,-62.5
61,90,13.52,-14.172,-60.18
61,90,13.68,-12.19,-58.87
61,90,13.84,-17.018,-64.5
61,90,14,-13.33,-61.18
61,90,14.16,-14.906,-63.13
61,90,14.32,-16.846,-65.8
61,90,14.48,-20.214,-72.04
61,90,14.64,-15.474,-64.93
61,90,14.8,-18.51,-66.52
61,90,14.96,-14.932,-62.06
61,90,15.12,-15.23,-61.66
61,90,15.28,-13.43,-59.98
61,90,15.44,-16.546,-62.86
61,90,15.6,-17.94,-64.57
61,90,15.76,-17.438,-64.63
61,90,15.92,-16.672,-63.85
61,90,16.08,-16.362,-63.82
61,90,16.24,-18.934,-67.06
61,90,16.4,-25.72,-75.53
61,90,16.56,-16.698,-65.63
61,90,16.72,-21.208,-70.69
61,90,16.88,-17.194,-67.66
61,90,17.04,-17.546,-68.8
61,90,17.2,-17.19,-69.62
61,90,17.36,-18.016,-70.66
61,90,17.52,-16.966,-69.5
61,90,17.68,-16.952,-70.03
61,90,17.84,-14.838,-67.75
61,90,18,-12.17,-64.98
62,90,2,-1.87,-23.66
62,90,2.16,-4.878,-28.29
62,90,2.32,-4.406,-30.06
62,90,2.48,-5.094,-32.34
62,90,2.64,-6.158,-34.87
62,90,2.8,-7.4,-34.46
62,90,2.96,-1.608,-29.92
62,90,3.12,-4.876,-33.11
62,90,3.28,-6.61200000000001,-36.63
62,90,3.44,-5.482,-34.13
62,90,3.6,-7.78,-35.23
62,90,3.76,-7.674,-37.16
62,90,3.92,-6.202,-33.75
62,90,4.08,-8.472,-36.14
62,90,4.24,-13.636,-42.66
62,90,4.4,-9.29,-39.1
62,90,4.56,-7.136,-36.95
62,90,4.72,-7.724,-37.71
62,90,4.88,-10.78,-40.91
62,90,5.04,-7.85999999999999,-37.91
62,90,5.2,-7.41,-38.83
62,90,5.36,-11.92,-42.72
62,90,5.52,-15.448,-45.73
62,90,5.68,-12.82,-44.19
62,90,5.84,-18.082,-49.53
62,90,6,-17.3,-48.84
62,90,6.16,-15.4,-47.44
62,90,6.32,-10.318,-43.81
62,90,6.48,-10.636,-44.72
62,90,6.64,-12.288,-46.68
62,90,6.8,-13.93,-47.43
62,90,6.96,-14.862,-49.19
62,90,7.12,-11.236,-45.83
62,90,7.28,-11.422,-45.8
62,90,7.44,-13.016,-47.35
62,90,7.6,-14.94,-48.34
62,90,7.76,-15.288,-50.51
62,90,7.92,-12.732,-47.36
62,90,8.08,-13.116,-47.92
62,90,8.24,-12.872,-47.98
62,90,8.4,-14.36,-49.74
62,90,8.56,-10.172,-46.45
62,90,8.72,-9.588,-46.89
62,90,8.88,-11.028,-48.17
62,90,9.04,-13.514,-51.3
62,90,9.2,-13.14,-52
62,90,9.36,-13.834,-51.9
62,90,9.52,-14.632,-53.01
62,90,9.68,-14.54,-53.43
62,90,9.84,-17.596,-56.71
62,90,10,-13.89,-52.96
62,90,10.16,-17.268,-56.91
62,90,10.32,-19.822,-59.45
62,90,10.48,-18.258,-57.79
62,90,10.64,-14.468,-54.48
62,90,10.8,-13.97,-54.24
62,90,10.96,-15.996,-55.98
62,90,11.12,-17.206,-57.45
62,90,11.28,-17.806,-58.25
62,90,11.44,-15.772,-56.52
62,90,11.6,-16.54,-57.41
62,90,11.76,-16.184,-57.3
62,90,11.92,-15.444,-56.57
62,90,12.08,-15.13,-57.32
62,90,12.24,-15.064,-57.32
62,90,12.4,-15.21,-57.87
62,90,12.56,-15.54,-59.61
62,90,12.72,-16.494,-61.05
62,90,12.88,-16.816,-62.02
62,90,13.04,-16.068,-62.57
62,90,13.2,-16.41,-63.19
62,90,13.36,-14.364,-60.58
62,90,13.52,-14.692,-60.7
62,90,13.68,-12.14,-58.82
62,90,13.84,-12.918,-60.4
62,90,14,-12.87,-60.72
62,90,14.16,-13.766,-61.99
62,90,14.32,-16.546,-65.5
62,90,14.48,-16.324,-68.15
62,90,14.64,-17.414,-66.87
62,90,14.8,-17.42,-65.43
62,90,14.96,-16.412,-63.54
62,90,15.12,-16.67,-63.1
62,90,15.28,-17,-63.55
62,90,15.44,-15.296,-61.61
62,90,15.6,-15.15,-61.78
62,90,15.76,-13.898,-61.09
62,90,15.92,-16.712,-63.89
62,90,16.08,-15.382,-62.84
62,90,16.24,-18.884,-67.01
62,90,16.4,-21.97,-71.78
62,90,16.56,-19.238,-68.17
62,90,16.72,-20.818,-70.3
62,90,16.88,-17.784,-68.25
62,90,17.04,-17.816,-69.07
62,90,17.2,-21.16,-73.59
62,90,17.36,-17.676,-70.32
62,90,17.52,-17.246,-69.78
62,90,17.68,-14.692,-67.77
62,90,17.84,-15.308,-68.22
62,90,18,-17.27,-70.08
63,90,2,-2.06,-23.85
63,90,2.16,-5.008,-28.42
63,90,2.32,-5.166,-30.82
63,90,2.48,-5.41399999999999,-32.66
63,90,2.64,-6.558,-35.27
63,90,2.8,-7.57,-34.63
63,90,2.96,-1.928,-30.24
63,90,3.12,-4.906,-33.14
63,90,3.28,-7.00200000000001,-37.02
63,90,3.44,-5.982,-34.63
63,90,3.6,-8.33,-35.78
63,90,3.76,-8.334,-37.82
63,90,3.92,-6.812,-34.36
63,90,4.08,-8.762,-36.43
63,90,4.24,-14.606,-43.63
63,90,4.4,-8.99,-38.8
63,90,4.56,-8.096,-37.91
63,90,4.72,-8.67399999999999,-38.66
63,90,4.88,-11.02,-41.15
63,90,5.04,-8.27999999999999,-38.33
63,90,5.2,-7.66,-39.08
63,90,5.36,-12.14,-42.94
63,90,5.52,-14.998,-45.28
63,90,5.68,-13.04,-44.41
63,90,5.84,-18.542,-49.99
63,90,6,-20,-51.54
63,90,6.16,-15.23,-47.27
63,90,6.32,-10.028,-43.52
63,90,6.48,-11.416,-45.5
63,90,6.64,-13.418,-47.81
63,90,6.8,-14.13,-47.63
63,90,6.96,-14.932,-49.26
63,90,7.12,-12.046,-46.64
63,90,7.28,-12.642,-47.02
63,90,7.44,-12.776,-47.11
63,90,7.6,-15.49,-48.89
63,90,7.76,-14.318,-49.54
63,90,7.92,-12.572,-47.2
63,90,8.08,-14.546,-49.35
63,90,8.24,-12.802,-47.91
63,90,8.4,-13.96,-49.34
63,90,8.56,-11.182,-47.46
63,90,8.72,-10.208,-47.51
63,90,8.88,-11.948,-49.09
63,90,9.04,-13.194,-50.98
63,90,9.2,-13.39,-52.25
63,90,9.36,-13.744,-51.81
63,90,9.52,-15.022,-53.4
63,90,9.68,-15.63,-54.52
63,90,9.84,-18.906,-58.02
63,90,10,-13.78,-52.85
63,90,10.16,-17.408,-57.05
63,90,10.32,-19.842,-59.47
63,90,10.48,-18.038,-57.57
63,90,10.64,-15.378,-55.39
63,90,10.8,-15.46,-55.73
63,90,10.96,-17.646,-57.63
63,90,11.12,-17.966,-58.21
63,90,11.28,-16.266,-56.71
63,90,11.44,-16.472,-57.22
63,90,11.6,-15.62,-56.49
63,90,11.76,-14.994,-56.11
63,90,11.92,-15.104,-56.23
63,90,12.08,-14.63,-56.82
63,90,12.24,-16.034,-58.29
63,90,12.4,-14.82,-57.48
63,90,12.56,-14.91,-58.98
63,90,12.72,-14.794,-59.35
63,90,12.88,-15.506,-60.71
63,90,13.04,-17.158,-63.66
63,90,13.2,-14.17,-60.95
63,90,13.36,-13.764,-59.98
63,90,13.52,-13.072,-59.08
63,90,13.68,-12.35,-59.03
63,90,13.84,-12.598,-60.08
63,90,14,-12.67,-60.52
63,90,14.16,-14.516,-62.74
63,90,14.32,-18.496,-67.45
63,90,14.48,-19.694,-71.52
63,90,14.64,-23.714,-73.17
63,90,14.8,-16.24,-64.25
63,90,14.96,-19.472,-66.6
63,90,15.12,-16.69,-63.12
63,90,15.28,-16.55,-63.1
63,90,15.44,-17.176,-63.49
63,90,15.6,-13.77,-60.4
63,90,15.76,-15.638,-62.83
63,90,15.92,-15.422,-62.6
63,90,16.08,-16.872,-64.33
63,90,16.24,-21.024,-69.15
63,90,16.4,-26.13,-75.94
63,90,16.56,-21.718,-70.65
63,90,16.72,-18.558,-68.04
63,90,16.88,-17.744,-68.21
63,90,17.04,-13.036,-64.29
63,90,17.2,-14.36,-66.79
63,90,17.36,-21.286,-73.93
63,90,17.52,-13.286,-65.82
63,90,17.68,-13.652,-66.73
63,90,17.84,-13.908,-66.82
63,90,18,-15.98,-68.79
64,90,2,-2.34,-24.13
64,90,2.16,-5.088,-28.5
64,90,2.32,-5.836,-31.49
64,90,2.48,-5.824,-33.07
64,90,2.64,-7.028,-35.74
64,90,2.8,-7.6,-34.66
64,90,2.96,-2.368,-30.68
64,90,3.12,-5.016,-33.25
64,90,3.28,-6.93200000000001,-36.95
64,90,3.44,-6.382,-35.03
64,90,3.6,-8.61,-36.06
64,90,3.76,-9.054,-38.54
64,90,3.92,-7.412,-34.96
64,90,4.08,-9.422,-37.09
64,90,4.24,-15.246,-44.27
64,90,4.4,-8.84,-38.65
64,90,4.56,-8.296,-38.11
64,90,4.72,-9.944,-39.93
64,90,4.88,-11.57,-41.7
64,90,5.04,-9.16,-39.21
64,90,5.2,-8.58,-40
64,90,5.36,-12.63,-43.43
64,90,5.52,-14.128,-44.41
64,90,5.68,-12.64,-44.01
64,90,5.84,-17.262,-48.71
64,90,6,-20.4,-51.94
64,90,6.16,-16.02,-48.06
64,90,6.32,-10.108,-43.6
64,90,6.48,-11.756,-45.84
64,90,6.64,-13.328,-47.72
64,90,6.8,-14.17,-47.67
64,90,6.96,-14.452,-48.78
64,90,7.12,-12.656,-47.25
64,90,7.28,-13.452,-47.83
64,90,7.44,-12.736,-47.07
64,90,7.6,-15.4,-48.8
64,90,7.76,-13.558,-48.78
64,90,7.92,-12.952,-47.58
64,90,8.08,-15.436,-50.24
64,90,8.24,-13.422,-48.53
64,90,8.4,-14.92,-50.3
64,90,8.56,-11.912,-48.19
64,90,8.72,-10.358,-47.66
64,90,8.88,-12.168,-49.31
64,90,9.04,-13.734,-51.52
64,90,9.2,-13.57,-52.43
64,90,9.36,-14.394,-52.46
64,90,9.52,-14.702,-53.08
64,90,9.68,-15.56,-54.45
64,90,9.84,-17.706,-56.82
64,90,10,-14.54,-53.61
64,90,10.16,-16.758,-56.4
64,90,10.32,-24.272,-63.9
64,90,10.48,-16.948,-56.48
64,90,10.64,-16.488,-56.5
64,90,10.8,-15.23,-55.5
64,90,10.96,-17.606,-57.59
64,90,11.12,-24.526,-64.77
64,90,11.28,-17.106,-57.55
64,90,11.44,-17.602,-58.35
64,90,11.6,-15.11,-55.98
64,90,11.76,-15.314,-56.43
64,90,11.92,-14.124,-55.25
64,90,12.08,-14.84,-57.03
64,90,12.24,-14.234,-56.49
64,90,12.4,-14.09,-56.75
64,90,12.56,-14.56,-58.63
64,90,12.72,-16.414,-60.97
64,90,12.88,-15.366,-60.57
64,90,13.04,-16.918,-63.42
64,90,13.2,-16.24,-63.02
64,90,13.36,-17.504,-63.72
64,90,13.52,-15.202,-61.21
64,90,13.68,-16.42,-63.1
64,90,13.84,-15.508,-62.99
64,90,14,-13.93,-61.78
64,90,14.16,-15.046,-63.27
64,90,14.32,-15.676,-64.63
64,90,14.48,-17.954,-69.78
64,90,14.64,-23.604,-73.06
64,90,14.8,-21.18,-69.19
64,90,14.96,-16.092,-63.22
64,90,15.12,-14.24,-60.67
64,90,15.28,-14.48,-61.03
64,90,15.44,-15.366,-61.68
64,90,15.6,-16.18,-62.81
64,90,15.76,-16.388,-63.58
64,90,15.92,-17.822,-65
64,90,16.08,-19.382,-66.84
64,90,16.24,-31.194,-79.32
64,90,16.4,-19.35,-69.16
64,90,16.56,-20.948,-69.88
64,90,16.72,-14.598,-64.08
64,90,16.88,-17.394,-67.86
64,90,17.04,-21.116,-72.37
64,90,17.2,-13.05,-65.48
64,90,17.36,-15.856,-68.5
64,90,17.52,-17.446,-69.98
64,90,17.68,-11.522,-64.6
64,90,17.84,-12.348,-65.26
64,90,18,-12.97,-65.78
65,90,2,-2.65,-24.44
65,90,2.16,-5.138,-28.55
65,90,2.32,-6.326,-31.98
65,90,2.48,-6.314,-33.56
65,90,2.64,-7.468,-36.18
65,90,2.8,-7.59,-34.65
65,90,2.96,-2.908,-31.22
65,90,3.12,-5.136,-33.37
65,90,3.28,-7.04200000000001,-37.06
65,90,3.44,-6.432,-35.08
65,90,3.6,-8.74,-36.19
65,90,3.76,-9.514,-39
65,90,3.92,-8.032,-35.58
65,90,4.08,-10.232,-37.9
65,90,4.24,-15.536,-44.56
65,90,4.4,-8.97,-38.78
65,90,4.56,-8.236,-38.05
65,90,4.72,-11.064,-41.05
65,90,4.88,-11.81,-41.94
65,90,5.04,-10.23,-40.28
65,90,5.2,-9.4,-40.82
65,90,5.36,-13.38,-44.18
65,90,5.52,-13.918,-44.2
65,90,5.68,-12.5,-43.87
65,90,5.84,-16.302,-47.75
65,90,6,-18.59,-50.13
65,90,6.16,-17.27,-49.31
65,90,6.32,-10.398,-43.89
65,90,6.48,-12.046,-46.13
65,90,6.64,-13.698,-48.09
65,90,6.8,-14.37,-47.87
65,90,6.96,-14.382,-48.71
65,90,7.12,-12.116,-46.71
65,90,7.28,-14.032,-48.41
65,90,7.44,-13.336,-47.67
65,90,7.6,-15.27,-48.67
65,90,7.76,-14.618,-49.84
65,90,7.92,-13.372,-48
65,90,8.08,-14.586,-49.39
65,90,8.24,-14.092,-49.2
65,90,8.4,-15.33,-50.71
65,90,8.56,-12.712,-48.99
65,90,8.72,-10.968,-48.27
65,90,8.88,-12.928,-50.07
65,90,9.04,-14.464,-52.25
65,90,9.2,-13.41,-52.27
65,90,9.36,-15.284,-53.35
65,90,9.52,-14.772,-53.15
65,90,9.68,-16.71,-55.6
65,90,9.84,-15.696,-54.81
65,90,10,-15.81,-54.88
65,90,10.16,-16.038,-55.68
65,90,10.32,-23.052,-62.68
65,90,10.48,-17.918,-57.45
65,90,10.64,-15.518,-55.53
65,90,10.8,-15.22,-55.49
65,90,10.96,-17.276,-57.26
65,90,11.12,-21.396,-61.64
65,90,11.28,-18.136,-58.58
65,90,11.44,-16.832,-57.58
65,90,11.6,-15.65,-56.52
65,90,11.76,-15.104,-56.22
65,90,11.92,-15.114,-56.24
65,90,12.08,-13.28,-55.47
65,90,12.24,-16.004,-58.26
65,90,12.4,-16.24,-58.9
65,90,12.56,-14.41,-58.48
65,90,12.72,-16.404,-60.96
65,90,12.88,-17.576,-62.78
65,90,13.04,-18.298,-64.8
65,90,13.2,-21.71,-68.49
65,90,13.36,-15.144,-61.36
65,90,13.52,-15.242,-61.25
65,90,13.68,-16.32,-63
65,90,13.84,-16.848,-64.33
65,90,14,-14.21,-62.06
65,90,14.16,-14.536,-62.76
65,90,14.32,-15.426,-64.38
65,90,14.48,-21.264,-73.09
65,90,14.64,-22.094,-71.55
65,90,14.8,-16.43,-64.44
65,90,14.96,-19.152,-66.28
65,90,15.12,-14.48,-60.91
65,90,15.28,-20.48,-67.03
65,90,15.44,-18.966,-65.28
65,90,15.6,-18.31,-64.94
65,90,15.76,-19.228,-66.42
65,90,15.92,-19.122,-66.3
65,90,16.08,-24.382,-71.84
65,90,16.24,-29.984,-78.11
65,90,16.4,-22.88,-72.69
65,90,16.56,-20.088,-69.02
65,90,16.72,-15.578,-65.06
65,90,16.88,-18.004,-68.47
65,90,17.04,-15.596,-66.85
65,90,17.2,-13.44,-65.87
65,90,17.36,-15.886,-68.53
65,90,17.52,-18.296,-70.83
65,90,17.68,-13.682,-66.76
65,90,17.84,-17.748,-70.66
65,90,18,-16.01,-68.82
66,90,2,-3.02,-24.81
66,90,2.16,-5.248,-28.66
66,90,2.32,-6.846,-32.5
66,90,2.48,-6.904,-34.15
66,90,2.64,-7.968,-36.68
66,90,2.8,-7.49,-34.55
66,90,2.96,-3.478,-31.79
66,90,3.12,-5.316,-33.55
66,90,3.28,-6.992,-37.01
66,90,3.44,-6.342,-34.99
66,90,3.6,-8.63,-36.08
66,90,3.76,-10.244,-39.73
66,90,3.92,-8.532,-36.08
66,90,4.08,-11.192,-38.86
66,90,4.24,-15.186,-44.21
66,90,4.4,-9.61,-39.42
66,90,4.56,-7.626,-37.44
66,90,4.72,-11.584,-41.57
66,90,4.88,-12.41,-42.54
66,90,5.04,-11.49,-41.54
66,90,5.2,-10.43,-41.85
66,90,5.36,-15.06,-45.86
66,90,5.52,-14.068,-44.35
66,90,5.68,-13.07,-44.44
66,90,5.84,-16.092,-47.54
66,90,6,-17.08,-48.62
66,90,6.16,-18.25,-50.29
66,90,6.32,-11.168,-44.66
66,90,6.48,-12.716,-46.8
66,90,6.64,-14.058,-48.45
66,90,6.8,-15.04,-48.54
66,90,6.96,-14.892,-49.22
66,90,7.12,-11.676,-46.27
66,90,7.28,-13.352,-47.73
66,90,7.44,-14.006,-48.34
66,90,7.6,-14.68,-48.08
66,90,7.76,-14.198,-49.42
66,90,7.92,-14.832,-49.46
66,90,8.08,-14.306,-49.11
66,90,8.24,-14.952,-50.06
66,90,8.4,-16.06,-51.44
66,90,8.56,-12.622,-48.9
66,90,8.72,-12.378,-49.68
66,90,8.88,-13.428,-50.57
66,90,9.04,-15.244,-53.03
66,90,9.2,-13.12,-51.98
66,90,9.36,-15.404,-53.47
66,90,9.52,-15.952,-54.33
66,90,9.68,-18.44,-57.33
66,90,9.84,-16.156,-55.27
66,90,10,-16.79,-55.86
66,90,10.16,-17.858,-57.5
66,90,10.32,-20.082,-59.71
66,90,10.48,-20.288,-59.82
66,90,10.64,-16.758,-56.77
66,90,10.8,-15.45,-55.72
66,90,10.96,-18.056,-58.04
66,90,11.12,-20.936,-61.18
66,90,11.28,-17.926,-58.37
66,90,11.44,-17.342,-58.09
66,90,11.6,-16.54,-57.41
66,90,11.76,-17.054,-58.17
66,90,11.92,-15.264,-56.39
66,90,12.08,-15.26,-57.45
66,90,12.24,-15.034,-57.29
66,90,12.4,-16.52,-59.18
66,90,12.56,-18.53,-62.6
66,90,12.72,-15.734,-60.29
66,90,12.88,-20.146,-65.35
66,90,13.04,-16.788,-63.29
66,90,13.2,-17.24,-64.02
66,90,13.36,-16.134,-62.35
66,90,13.52,-16.222,-62.23
66,90,13.68,-13.68,-60.36
66,90,13.84,-12.898,-60.38
66,90,14,-18.7,-66.55
66,90,14.16,-16.646,-64.87
66,90,14.32,-19.776,-68.73
66,90,14.48,-26.574,-78.4
66,90,14.64,-23.514,-72.97
66,90,14.8,-24.64,-72.65
66,90,14.96,-18.022,-65.15
66,90,15.12,-19.5,-65.93
66,90,15.28,-18.65,-65.2
66,90,15.44,-17.046,-63.36
66,90,15.6,-18.81,-65.44
66,90,15.76,-14.458,-61.65
66,90,15.92,-17.012,-64.19
66,90,16.08,-18.402,-65.86
66,90,16.24,-26.724,-74.85
66,90,16.4,-18.66,-68.47
66,90,16.56,-16.698,-65.63
66,90,16.72,-18.848,-68.33
66,90,16.88,-17.844,-68.31
66,90,17.04,-19.216,-70.47
66,90,17.2,-14.66,-67.09
66,90,17.36,-14.176,-66.82
66,90,17.52,-12.676,-65.21
66,90,17.68,-18.402,-71.48
66,90,17.84,-14.288,-67.2
66,90,18,-22.1,-74.91
67,90,2,-3.37,-25.16
67,90,2.16,-5.378,-28.79
67,90,2.32,-7.126,-32.78
67,90,2.48,-7.584,-34.83
67,90,2.64,-8.598,-37.31
67,90,2.8,-7.52,-34.58
67,90,2.96,-4.148,-32.46
67,90,3.12,-5.796,-34.03
67,90,3.28,-6.852,-36.87
67,90,3.44,-5.952,-34.6
67,90,3.6,-8.5,-35.95
67,90,3.76,-10.734,-40.22
67,90,3.92,-8.892,-36.44
67,90,4.08,-12.332,-40
67,90,4.24,-15.076,-44.1
67,90,4.4,-10.17,-39.98
67,90,4.56,-7.516,-37.33
67,90,4.72,-12.014,-42
67,90,4.88,-13.17,-43.3
67,90,5.04,-12.26,-42.31
67,90,5.2,-11.55,-42.97
67,90,5.36,-16.34,-47.14
67,90,5.52,-15.268,-45.55
67,90,5.68,-13.72,-45.09
67,90,5.84,-16.622,-48.07
67,90,6,-16.68,-48.22
67,90,6.16,-17.75,-49.79
67,90,6.32,-11.738,-45.23
67,90,6.48,-13.166,-47.25
67,90,6.64,-13.928,-48.32
67,90,6.8,-15.53,-49.03
67,90,6.96,-15.522,-49.85
67,90,7.12,-11.426,-46.02
67,90,7.28,-12.782,-47.16
67,90,7.44,-15.436,-49.77
67,90,7.6,-14.63,-48.03
67,90,7.76,-14.478,-49.7
67,90,7.92,-15.292,-49.92
67,90,8.08,-14.386,-49.19
67,90,8.24,-13.702,-48.81
67,90,8.4,-16.41,-51.79
67,90,8.56,-12.252,-48.53
67,90,8.72,-12.488,-49.79
67,90,8.88,-15.358,-52.5
67,90,9.04,-15.874,-53.66
67,90,9.2,-14.53,-53.39
67,90,9.36,-16.274,-54.34
67,90,9.52,-16.872,-55.25
67,90,9.68,-19.13,-58.02
67,90,9.84,-15.846,-54.96
67,90,10,-16.63,-55.7
67,90,10.16,-20.148,-59.79
67,90,10.32,-20.262,-59.89
67,90,10.48,-20.358,-59.89
67,90,10.64,-16.658,-56.67
67,90,10.8,-15.08,-55.35
67,90,10.96,-18.686,-58.67
67,90,11.12,-18.746,-58.99
67,90,11.28,-19.766,-60.21
67,90,11.44,-18.502,-59.25
67,90,11.6,-17.71,-58.58
67,90,11.76,-18.154,-59.27
67,90,11.92,-18.224,-59.35
67,90,12.08,-15.75,-57.94
67,90,12.24,-17.394,-59.65
67,90,12.4,-18.7,-61.36
67,90,12.56,-17.35,-61.42
67,90,12.72,-22.214,-66.77
67,90,12.88,-18.986,-64.19
67,90,13.04,-22.618,-69.12
67,90,13.2,-16.35,-63.13
67,90,13.36,-15.444,-61.66
67,90,13.52,-18.732,-64.74
67,90,13.68,-15.88,-62.56
67,90,13.84,-15.598,-63.08
67,90,14,-17.77,-65.62
67,90,14.16,-15.166,-63.39
67,90,14.32,-25.746,-74.7
67,90,14.48,-18.834,-70.66
67,90,14.64,-20.164,-69.62
67,90,14.8,-21.17,-69.18
67,90,14.96,-22.412,-69.54
67,90,15.12,-14.98,-61.41
67,90,15.28,-18.91,-65.46
67,90,15.44,-19.356,-65.67
67,90,15.6,-19.08,-65.71
67,90,15.76,-13.948,-61.14
67,90,15.92,-18.662,-65.84
67,90,16.08,-18.082,-65.54
67,90,16.24,-25.354,-73.48
67,90,16.4,-15.32,-65.13
67,90,16.56,-15.738,-64.67
67,90,16.72,-17.428,-66.91
67,90,16.88,-17.254,-67.72
67,90,17.04,-14.856,-66.11
67,90,17.2,-15.72,-68.15
67,90,17.36,-16.236,-68.88
67,90,17.52,-13.916,-66.45
67,90,17.68,-19.322,-72.4
67,90,17.84,-15.818,-68.73
67,90,18,-19.7,-72.51
68,90,2,-3.83,-25.62
68,90,2.16,-5.598,-29.01
68,90,2.32,-7.586,-33.24
68,90,2.48,-8.244,-35.49
68,90,2.64,-9.308,-38.02
68,90,2.8,-7.33,-34.39
68,90,2.96,-4.718,-33.03
68,90,3.12,-6.346,-34.58
68,90,3.28,-6.842,-36.86
68,90,3.44,-5.552,-34.2
68,90,3.6,-8.27,-35.72
68,90,3.76,-11.354,-40.84
68,90,3.92,-9.372,-36.92
68,90,4.08,-12.952,-40.62
68,90,4.24,-14.876,-43.9
68,90,4.4,-11.03,-40.84
68,90,4.56,-7.686,-37.5
68,90,4.72,-11.304,-41.29
68,90,4.88,-13.6,-43.73
68,90,5.04,-12.51,-42.56
68,90,5.2,-11.82,-43.24
68,90,5.36,-17.72,-48.52
68,90,5.52,-16.778,-47.06
68,90,5.68,-14.92,-46.29
68,90,5.84,-17.782,-49.23
68,90,6,-16.26,-47.8
68,90,6.16,-16.27,-48.31
68,90,6.32,-11.858,-45.35
68,90,6.48,-13.036,-47.12
68,90,6.64,-13.958,-48.35
68,90,6.8,-16.23,-49.73
68,90,6.96,-15.142,-49.47
68,90,7.12,-11.896,-46.49
68,90,7.28,-11.522,-45.9
68,90,7.44,-17.106,-51.44
68,90,7.6,-15.21,-48.61
68,90,7.76,-14.248,-49.47
68,90,7.92,-14.712,-49.34
68,90,8.08,-15.486,-50.29
68,90,8.24,-13.922,-49.03
68,90,8.4,-17.11,-52.49
68,90,8.56,-12.952,-49.23
68,90,8.72,-12.708,-50.01
68,90,8.88,-15.168,-52.31
68,90,9.04,-15.974,-53.76
68,90,9.2,-16.06,-54.92
68,90,9.36,-15.324,-53.39
68,90,9.52,-17.982,-56.36
68,90,9.68,-19.73,-58.62
68,90,9.84,-16.996,-56.11
68,90,10,-20.09,-59.16
68,90,10.16,-18.068,-57.71
68,90,10.32,-23.412,-63.04
68,90,10.48,-20.308,-59.84
68,90,10.64,-16.848,-56.86
68,90,10.8,-16.75,-57.02
68,90,10.96,-20.576,-60.56
68,90,11.12,-18.036,-58.28
68,90,11.28,-18.456,-58.9
68,90,11.44,-18.552,-59.3
68,90,11.6,-14.91,-55.78
68,90,11.76,-16.874,-57.99
68,90,11.92,-17.804,-58.93
68,90,12.08,-14.79,-56.98
68,90,12.24,-17.384,-59.64
68,90,12.4,-17.08,-59.74
68,90,12.56,-17.85,-61.92
68,90,12.72,-19.294,-63.85
68,90,12.88,-17.356,-62.56
68,90,13.04,-27.068,-73.57
68,90,13.2,-19.87,-66.65
68,90,13.36,-15.344,-61.56
68,90,13.52,-20.562,-66.57
68,90,13.68,-14.61,-61.29
68,90,13.84,-17.158,-64.64
68,90,14,-17.44,-65.29
68,90,14.16,-15.086,-63.31
68,90,14.32,-20.526,-69.48
68,90,14.48,-19.714,-71.54
68,90,14.64,-17.284,-66.74
68,90,14.8,-18.63,-66.64
68,90,14.96,-17.012,-64.14
68,90,15.12,-19.75,-66.18
68,90,15.28,-15.74,-62.29
68,90,15.44,-18.786,-65.1
68,90,15.6,-16.71,-63.34
68,90,15.76,-20.778,-67.97
68,90,15.92,-26.922,-74.1
68,90,16.08,-25.072,-72.53
68,90,16.24,-23.744,-71.87
68,90,16.4,-19.58,-69.39
68,90,16.56,-18.228,-67.16
68,90,16.72,-15.498,-64.98
68,90,16.88,-17.994,-68.46
68,90,17.04,-17.966,-69.22
68,90,17.2,-21.05,-73.48
68,90,17.36,-13.986,-66.63
68,90,17.52,-16.766,-69.3
68,90,17.68,-15.902,-68.98
68,90,17.84,-19.938,-72.85
68,90,18,-16.93,-69.74
69,90,2,-4.22,-26.01
69,90,2.16,-5.788,-29.2
69,90,2.32,-7.666,-33.32
69,90,2.48,-8.98399999999999,-36.23
69,90,2.64,-9.918,-38.63
69,90,2.8,-7.45,-34.51
69,90,2.96,-4.988,-33.3
69,90,3.12,-7.086,-35.32
69,90,3.28,-6.952,-36.97
69,90,3.44,-5.332,-33.98
69,90,3.6,-8.15,-35.6
69,90,3.76,-11.854,-41.34
69,90,3.92,-9.432,-36.98
69,90,4.08,-13.562,-41.23
69,90,4.24,-15.406,-44.43
69,90,4.4,-11.79,-41.6
69,90,4.56,-8.336,-38.15
69,90,4.72,-11.154,-41.14
69,90,4.88,-13.71,-43.84
69,90,5.04,-12.87,-42.92
69,90,5.2,-11.68,-43.1
69,90,5.36,-18.94,-49.74
69,90,5.52,-17.938,-48.22
69,90,5.68,-16.84,-48.21
69,90,5.84,-19.622,-51.07
69,90,6,-16.37,-47.91
69,90,6.16,-15.07,-47.11
69,90,6.32,-11.318,-44.81
69,90,6.48,-13.126,-47.21
69,90,6.64,-14.188,-48.58
69,90,6.8,-15.24,-48.74
69,90,6.96,-16.132,-50.46
69,90,7.12,-13.346,-47.94
69,90,7.28,-11.882,-46.26
69,90,7.44,-16.886,-51.22
69,90,7.6,-15.55,-48.95
69,90,7.76,-15.148,-50.37
69,90,7.92,-14.122,-48.75
69,90,8.08,-17.506,-52.31
69,90,8.24,-14.912,-50.02
69,90,8.4,-16.36,-51.74
69,90,8.56,-13.112,-49.39
69,90,8.72,-12.988,-50.29
69,90,8.88,-14.838,-51.98
69,90,9.04,-16.404,-54.19
69,90,9.2,-15.52,-54.38
69,90,9.36,-16.174,-54.24
69,90,9.52,-18.922,-57.3
69,90,9.68,-19.08,-57.97
69,90,9.84,-18.336,-57.45
69,90,10,-22.56,-61.63
69,90,10.16,-19.258,-58.9
69,90,10.32,-21.552,-61.18
69,90,10.48,-21.808,-61.34
69,90,10.64,-16.688,-56.7
69,90,10.8,-18.11,-58.38
69,90,10.96,-20.356,-60.34
69,90,11.12,-20.266,-60.51
69,90,11.28,-17.986,-58.43
69,90,11.44,-18.372,-59.12
69,90,11.6,-13.61,-54.48
69,90,11.76,-16.444,-57.56
69,90,11.92,-15.414,-56.54
69,90,12.08,-14.84,-57.03
69,90,12.24,-16.874,-59.13
69,90,12.4,-15.83,-58.49
69,90,12.56,-15.44,-59.51
69,90,12.72,-18.494,-63.05
69,90,12.88,-17.936,-63.14
69,90,13.04,-15.858,-62.36
69,90,13.2,-13.85,-60.63
69,90,13.36,-14.724,-60.94
69,90,13.52,-16.642,-62.65
69,90,13.68,-15.57,-62.25
69,90,13.84,-16.648,-64.13
69,90,14,-15.25,-63.1
69,90,14.16,-15.196,-63.42
69,90,14.32,-29.566,-78.52
69,90,14.48,-20.134,-71.96
69,90,14.64,-20.034,-69.49
69,90,14.8,-22.11,-70.12
69,90,14.96,-17.462,-64.59
69,90,15.12,-21.01,-67.44
69,90,15.28,-20.51,-67.06
69,90,15.44,-18.926,-65.24
69,90,15.6,-20.49,-67.12
69,90,15.76,-22.668,-69.86
69,90,15.92,-23.502,-70.68
69,90,16.08,-19.932,-67.39
69,90,16.24,-22.534,-70.66
69,90,16.4,-30.77,-80.58
69,90,16.56,-22.608,-71.54
69,90,16.72,-18.228,-67.71
69,90,16.88,-18.844,-69.31
69,90,17.04,-23.796,-75.05
69,90,17.2,-15.92,-68.35
69,90,17.36,-16.916,-69.56
69,90,17.52,-15.936,-68.47
69,90,17.68,-17.942,-71.02
69,90,17.84,-16.518,-69.43
69,90,18,-17.78,-70.59
70,90,2,-4.71,-26.5
70,90,2.16,-6.088,-29.5
70,90,2.32,-7.926,-33.58
70,90,2.48,-9.604,-36.85
70,90,2.64,-10.648,-39.36
70,90,2.8,-7.59,-34.65
70,90,2.96,-5.088,-33.4
70,90,3.12,-8.076,-36.31
70,90,3.28,-7.172,-37.19
70,90,3.44,-5.222,-33.87
70,90,3.6,-8.18,-35.63
70,90,3.76,-11.754,-41.24
70,90,3.92,-9.762,-37.31
70,90,4.08,-13.502,-41.17
70,90,4.24,-15.836,-44.86
70,90,4.4,-11.93,-41.74
70,90,4.56,-9.566,-39.38
70,90,4.72,-11.314,-41.3
70,90,4.88,-13.02,-43.15
70,90,5.04,-13.05,-43.1
70,90,5.2,-11.46,-42.88
70,90,5.36,-19.69,-50.49
70,90,5.52,-19.578,-49.86
70,90,5.68,-19.18,-50.55
70,90,5.84,-21.372,-52.82
70,90,6,-18.39,-49.93
70,90,6.16,-14.38,-46.42
70,90,6.32,-11.048,-44.54
70,90,6.48,-13.086,-47.17
70,90,6.64,-14.248,-48.64
70,90,6.8,-14.82,-48.32
70,90,6.96,-16.842,-51.17
70,90,7.12,-14.276,-48.87
70,90,7.28,-12.552,-46.93
70,90,7.44,-15.536,-49.87
70,90,7.6,-16.55,-49.95
70,90,7.76,-17.038,-52.26
70,90,7.92,-14.532,-49.16
70,90,8.08,-15.756,-50.56
70,90,8.24,-18.032,-53.14
70,90,8.4,-16.29,-51.67
70,90,8.56,-13.012,-49.29
70,90,8.72,-13.648,-50.95
70,90,8.88,-14.418,-51.56
70,90,9.04,-15.834,-53.62
70,90,9.2,-16.64,-55.5
70,90,9.36,-16.174,-54.24
70,90,9.52,-19.222,-57.6
70,90,9.68,-21.74,-60.63
70,90,9.84,-16.096,-55.21
70,90,10,-20.34,-59.41
70,90,10.16,-19.358,-59
70,90,10.32,-21.092,-60.72
70,90,10.48,-21.988,-61.52
70,90,10.64,-17.768,-57.78
70,90,10.8,-16.17,-56.44
70,90,10.96,-20.886,-60.87
70,90,11.12,-19.196,-59.44
70,90,11.28,-18.456,-58.9
70,90,11.44,-17.212,-57.96
70,90,11.6,-15.64,-56.51
70,90,11.76,-14.824,-55.94
70,90,11.92,-14.864,-55.99
70,90,12.08,-14.77,-56.96
70,90,12.24,-14.344,-56.6
70,90,12.4,-15.88,-58.54
70,90,12.56,-15.37,-59.44
70,90,12.72,-17.284,-61.84
70,90,12.88,-20.946,-66.15
70,90,13.04,-21.228,-67.73
70,90,13.2,-15.87,-62.65
70,90,13.36,-16.944,-63.16
70,90,13.52,-15.112,-61.12
70,90,13.68,-14.86,-61.54
70,90,13.84,-17.878,-65.36
70,90,14,-16.94,-64.79
70,90,14.16,-17.246,-65.47
70,90,14.32,-21.536,-70.49
70,90,14.48,-27.324,-79.15
70,90,14.64,-20.014,-69.47
70,90,14.8,-23.61,-71.62
70,90,14.96,-17.902,-65.03
70,90,15.12,-18.48,-64.91
70,90,15.28,-14.72,-61.27
70,90,15.44,-25.866,-72.18
70,90,15.6,-25.41,-72.04
70,90,15.76,-18.188,-65.38
70,90,15.92,-20.402,-67.58
70,90,16.08,-22.882,-70.34
70,90,16.24,-23.224,-71.35
70,90,16.4,-17.67,-67.48
70,90,16.56,-17.458,-66.39
70,90,16.72,-16.398,-65.88
70,90,16.88,-19.014,-69.48
70,90,17.04,-20.416,-71.67
70,90,17.2,-18.01,-70.44
70,90,17.36,-16.216,-68.86
70,90,17.52,-16.606,-69.14
70,90,17.68,-15.552,-68.63
70,90,17.84,-17.628,-70.54
70,90,18,-14.31,-67.12
71,90,2,-5.08,-26.87
71,90,2.16,-6.348,-29.76
71,90,2.32,-8.136,-33.79
71,90,2.48,-10.254,-37.5
71,90,2.64,-11.228,-39.94
71,90,2.8,-7.98,-35.04
71,90,2.96,-5.078,-33.39
71,90,3.12,-8.946,-37.18
71,90,3.28,-7.57200000000001,-37.59
71,90,3.44,-5.232,-33.88
71,90,3.6,-8.38,-35.83
71,90,3.76,-11.344,-40.83
71,90,3.92,-10.232,-37.78
71,90,4.08,-13.262,-40.93
71,90,4.24,-16.386,-45.41
71,90,4.4,-12,-41.81
71,90,4.56,-10.646,-40.46
71,90,4.72,-11.874,-41.86
71,90,4.88,-12.28,-42.41
71,90,5.04,-13.72,-43.77
71,90,5.2,-11.48,-42.9
71,90,5.36,-18.69,-49.49
71,90,5.52,-18.728,-49.01
71,90,5.68,-20.74,-52.11
71,90,5.84,-23.022,-54.47
71,90,6,-21.6,-53.14
71,90,6.16,-14.84,-46.88
71,90,6.32,-10.638,-44.13
71,90,6.48,-13.216,-47.3
71,90,6.64,-14.378,-48.77
71,90,6.8,-14.91,-48.41
71,90,6.96,-16.692,-51.02
71,90,7.12,-15.386,-49.98
71,90,7.28,-14.262,-48.64
71,90,7.44,-15.496,-49.83
71,90,7.6,-16.55,-49.95
71,90,7.76,-17.918,-53.14
71,90,7.92,-15.462,-50.09
71,90,8.08,-14.536,-49.34
71,90,8.24,-19.042,-54.15
71,90,8.4,-18.33,-53.71
71,90,8.56,-12.612,-48.89
71,90,8.72,-13.988,-51.29
71,90,8.88,-15.298,-52.44
71,90,9.04,-16.684,-54.47
71,90,9.2,-15.56,-54.42
71,90,9.36,-17.974,-56.04
71,90,9.52,-19.352,-57.73
71,90,9.68,-23.31,-62.2
71,90,9.84,-17.756,-56.87
71,90,10,-17.58,-56.65
71,90,10.16,-22.358,-62
71,90,10.32,-21.982,-61.61
71,90,10.48,-21.428,-60.96
71,90,10.64,-20.098,-60.11
71,90,10.8,-17.4,-57.67
71,90,10.96,-19.366,-59.35
71,90,11.12,-19.906,-60.15
71,90,11.28,-19.126,-59.57
71,90,11.44,-19.122,-59.87
71,90,11.6,-17.48,-58.35
71,90,11.76,-16.654,-57.77
71,90,11.92,-16.514,-57.64
71,90,12.08,-14.78,-56.97
71,90,12.24,-15.324,-57.58
71,90,12.4,-17.77,-60.43
71,90,12.56,-16.3,-60.37
71,90,12.72,-17.434,-61.99
71,90,12.88,-18.136,-63.34
71,90,13.04,-19.568,-66.07
71,90,13.2,-20.26,-67.04
71,90,13.36,-19.464,-65.68
71,90,13.52,-18.462,-64.47
71,90,13.68,-17.04,-63.72
71,90,13.84,-15.818,-63.3
71,90,14,-21.01,-68.86
71,90,14.16,-19.966,-68.19
71,90,14.32,-14.366,-63.32
71,90,14.48,-33.694,-85.52
71,90,14.64,-22.154,-71.61
71,90,14.8,-18.8,-66.81
71,90,14.96,-23.562,-70.69
71,90,15.12,-21.85,-68.28
71,90,15.28,-20.09,-66.64
71,90,15.44,-22.886,-69.2
71,90,15.6,-23.39,-70.02
71,90,15.76,-18.728,-65.92
71,90,15.92,-16.422,-63.6
71,90,16.08,-21.582,-69.04
71,90,16.24,-23.034,-71.16
71,90,16.4,-17.46,-67.27
71,90,16.56,-17.818,-66.75
71,90,16.72,-19.828,-69.31
71,90,16.88,-13.164,-63.63
71,90,17.04,-15.316,-66.57
71,90,17.2,-16.05,-68.48
71,90,17.36,-22.216,-74.86
71,90,17.52,-17.516,-70.05
71,90,17.68,-19.332,-72.41
71,90,17.84,-19.358,-72.27
71,90,18,-18.6,-71.41
72,90,2,-5.46,-27.25
72,90,2.16,-6.728,-30.14
72,90,2.32,-8.416,-34.07
72,90,2.48,-10.884,-38.13
72,90,2.64,-11.878,-40.59
72,90,2.8,-8.39,-35.45
72,90,2.96,-4.928,-33.24
72,90,3.12,-9.766,-38
72,90,3.28,-8.352,-38.37
72,90,3.44,-5.532,-34.18
72,90,3.6,-8.82,-36.27
72,90,3.76,-11.124,-40.61
72,90,3.92,-10.842,-38.39
72,90,4.08,-12.952,-40.62
72,90,4.24,-16.866,-45.89
72,90,4.4,-12.15,-41.96
72,90,4.56,-11.686,-41.5
72,90,4.72,-12.924,-42.91
72,90,4.88,-12.19,-42.32
72,90,5.04,-14.33,-44.38
72,90,5.2,-11.44,-42.86
72,90,5.36,-16.71,-47.51
72,90,5.52,-18.568,-48.85
72,90,5.68,-22.52,-53.89
72,90,5.84,-22.262,-53.71
72,90,6,-26.58,-58.12
72,90,6.16,-15.66,-47.7
72,90,6.32,-10.928,-44.42
72,90,6.48,-12.506,-46.59
72,90,6.64,-15.018,-49.41
72,90,6.8,-15.88,-49.38
72,90,6.96,-15.792,-50.12
72,90,7.12,-15.366,-49.96
72,90,7.28,-15.362,-49.74
72,90,7.44,-16.446,-50.78
72,90,7.6,-17.02,-50.42
72,90,7.76,-17.988,-53.21
72,90,7.92,-17.912,-52.54
72,90,8.08,-15.286,-50.09
72,90,8.24,-17.162,-52.27
72,90,8.4,-20.2,-55.58
72,90,8.56,-13.952,-50.23
72,90,8.72,-13.688,-50.99
72,90,8.88,-15.598,-52.74
72,90,9.04,-17.574,-55.36
72,90,9.2,-17.84,-56.7
72,90,9.36,-18.064,-56.13
72,90,9.52,-18.582,-56.96
72,90,9.68,-20.08,-58.97
72,90,9.84,-19.726,-58.84
72,90,10,-17.92,-56.99
72,90,10.16,-21.148,-60.79
72,90,10.32,-21.442,-61.07
72,90,10.48,-23.048,-62.58
72,90,10.64,-18.058,-58.07
72,90,10.8,-18.28,-58.55
72,90,10.96,-20.076,-60.06
72,90,11.12,-21.436,-61.68
72,90,11.28,-20.756,-61.2
72,90,11.44,-18.752,-59.5
72,90,11.6,-18.35,-59.22
72,90,11.76,-19.184,-60.3
72,90,11.92,-16.664,-57.79
72,90,12.08,-18.04,-60.23
72,90,12.24,-16.444,-58.7
72,90,12.4,-19.02,-61.68
72,90,12.56,-19.52,-63.59
72,90,12.72,-19.074,-63.63
72,90,12.88,-20.276,-65.48
72,90,13.04,-24.118,-70.62
72,90,13.2,-19,-65.78
72,90,13.36,-20.134,-66.35
72,90,13.52,-17.332,-63.34
72,90,13.68,-19.24,-65.92
72,90,13.84,-17.548,-65.03
72,90,14,-16.2,-64.05
72,90,14.16,-15.516,-63.74
72,90,14.32,-15.496,-64.45
72,90,14.48,-21.894,-73.72
72,90,14.64,-21.694,-71.15
72,90,14.8,-21.75,-69.76
72,90,14.96,-22.522,-69.65
72,90,15.12,-20.3,-66.73
72,90,15.28,-24.87,-71.42
72,90,15.44,-23.496,-69.81
72,90,15.6,-25.01,-71.64
72,90,15.76,-28.958,-76.15
72,90,15.92,-21.862,-69.04
72,90,16.08,-25.122,-72.58
72,90,16.24,-17.124,-65.25
72,90,16.4,-20.32,-70.13
72,90,16.56,-20.038,-68.97
72,90,16.72,-19.038,-68.52
72,90,16.88,-22.774,-73.24
72,90,17.04,-21.466,-72.72
72,90,17.2,-33.23,-85.66
72,90,17.36,-20.196,-72.84
72,90,17.52,-13.586,-66.12
72,90,17.68,-16.742,-69.82
72,90,17.84,-23.798,-76.71
72,90,18,-14.9,-67.71
73,90,2,-5.89,-27.68
73,90,2.16,-7.028,-30.44
73,90,2.32,-8.876,-34.53
73,90,2.48,-11.484,-38.73
73,90,2.64,-12.478,-41.19
73,90,2.8,-8.92,-35.98
73,90,2.96,-4.728,-33.04
73,90,3.12,-10.406,-38.64
73,90,3.28,-9.192,-39.21
73,90,3.44,-5.762,-34.41
73,90,3.6,-9.17,-36.62
73,90,3.76,-10.654,-40.14
73,90,3.92,-11.742,-39.29
73,90,4.08,-12.862,-40.53
73,90,4.24,-16.436,-45.46
73,90,4.4,-12.29,-42.1
73,90,4.56,-11.696,-41.51
73,90,4.72,-14.054,-44.04
73,90,4.88,-12.58,-42.71
73,90,5.04,-14.21,-44.26
73,90,5.2,-12.01,-43.43
73,90,5.36,-15.44,-46.24
73,90,5.52,-17.588,-47.87
73,90,5.68,-22.57,-53.94
73,90,5.84,-22.742,-54.19
73,90,6,-30.46,-62
73,90,6.16,-18.22,-50.26
73,90,6.32,-12.228,-45.72
73,90,6.48,-13.206,-47.29
73,90,6.64,-15.748,-50.14
73,90,6.8,-18.06,-51.56
73,90,6.96,-15.542,-49.87
73,90,7.12,-14.686,-49.28
73,90,7.28,-15.282,-49.66
73,90,7.44,-17.706,-52.04
73,90,7.6,-17.81,-51.21
73,90,7.76,-15.828,-51.05
73,90,7.92,-17.082,-51.71
73,90,8.08,-17.246,-52.05
73,90,8.24,-16.572,-51.68
73,90,8.4,-18.11,-53.49
73,90,8.56,-15.472,-51.75
73,90,8.72,-14.888,-52.19
73,90,8.88,-15.218,-52.36
73,90,9.04,-18.284,-56.07
73,90,9.2,-17.97,-56.83
73,90,9.36,-18.434,-56.5
73,90,9.52,-21.412,-59.79
73,90,9.68,-19.4,-58.29
73,90,9.84,-20.736,-59.85
73,90,10,-18.85,-57.92
73,90,10.16,-21.428,-61.07
73,90,10.32,-23.752,-63.38
73,90,10.48,-21.328,-60.86
73,90,10.64,-18.308,-58.32
73,90,10.8,-18.63,-58.9
73,90,10.96,-19.286,-59.27
73,90,11.12,-22.516,-62.76
73,90,11.28,-21.496,-61.94
73,90,11.44,-18.862,-59.61
73,90,11.6,-18.41,-59.28
73,90,11.76,-18.604,-59.72
73,90,11.92,-16.614,-57.74
73,90,12.08,-18.49,-60.68
73,90,12.24,-17.684,-59.94
73,90,12.4,-18,-60.66
73,90,12.56,-21.05,-65.12
73,90,12.72,-18.704,-63.26
73,90,12.88,-25.376,-70.58
73,90,13.04,-19.988,-66.49
73,90,13.2,-20,-66.78
73,90,13.36,-16.764,-62.98
73,90,13.52,-15.982,-61.99
73,90,13.68,-16.47,-63.15
73,90,13.84,-16.618,-64.1
73,90,14,-15.83,-63.68
73,90,14.16,-21.106,-69.33
73,90,14.32,-20.116,-69.07
73,90,14.48,-25.904,-77.73
73,90,14.64,-26.174,-75.63
73,90,14.8,-21.91,-69.92
73,90,14.96,-21.582,-68.71
73,90,15.12,-18.12,-64.55
73,90,15.28,-22.69,-69.24
73,90,15.44,-16.086,-62.4
73,90,15.6,-19.59,-66.22
73,90,15.76,-19.668,-66.86
73,90,15.92,-18.482,-65.66
73,90,16.08,-28.202,-75.66
73,90,16.24,-25.284,-73.41
73,90,16.4,-18.41,-68.22
73,90,16.56,-20.048,-68.98
73,90,16.72,-20.178,-69.66
73,90,16.88,-19.994,-70.46
73,90,17.04,-12.566,-63.82
73,90,17.2,-23.52,-75.95
73,90,17.36,-14.976,-67.62
73,90,17.52,-18.416,-70.95
73,90,17.68,-22.952,-76.03
73,90,17.84,-22.318,-75.23
73,90,18,-18.25,-71.06
74,90,2,-6.32,-28.11
74,90,2.16,-7.408,-30.82
74,90,2.32,-9.376,-35.03
74,90,2.48,-11.854,-39.1
74,90,2.64,-13.048,-41.76
74,90,2.8,-9.82,-36.88
74,90,2.96,-4.698,-33.01
74,90,3.12,-10.626,-38.86
74,90,3.28,-10.222,-40.24
74,90,3.44,-6.422,-35.07
74,90,3.6,-10.03,-37.48
74,90,3.76,-10.584,-40.07
74,90,3.92,-12.702,-40.25
74,90,4.08,-12.802,-40.47
74,90,4.24,-15.786,-44.81
74,90,4.4,-11.94,-41.75
74,90,4.56,-11.126,-40.94
74,90,4.72,-15.074,-45.06
74,90,4.88,-13.51,-43.64
74,90,5.04,-14.32,-44.37
74,90,5.2,-13.07,-44.49
74,90,5.36,-15.18,-45.98
74,90,5.52,-16.588,-46.87
74,90,5.68,-21.11,-52.48
74,90,5.84,-23.192,-54.64
74,90,6,-23.93,-55.47
74,90,6.16,-20.29,-52.33
74,90,6.32,-14.638,-48.13
74,90,6.48,-14.636,-48.72
74,90,6.64,-15.778,-50.17
74,90,6.8,-19.36,-52.86
74,90,6.96,-16.172,-50.5
74,90,7.12,-15.626,-50.22
74,90,7.28,-14.952,-49.33
74,90,7.44,-16.226,-50.56
74,90,7.6,-20.01,-53.41
74,90,7.76,-16.638,-51.86
74,90,7.92,-15.462,-50.09
74,90,8.08,-20.156,-54.96
74,90,8.24,-17.152,-52.26
74,90,8.4,-16.86,-52.24
74,90,8.56,-16.572,-52.85
74,90,8.72,-16.788,-54.09
74,90,8.88,-18.498,-55.64
74,90,9.04,-18.404,-56.19
74,90,9.2,-18.35,-57.21
74,90,9.36,-20.334,-58.4
74,90,9.52,-19.482,-57.86
74,90,9.68,-18.81,-57.7
74,90,9.84,-21.186,-60.3
74,90,10,-18.82,-57.89
74,90,10.16,-20.848,-60.49
74,90,10.32,-24.042,-63.67
74,90,10.48,-20.318,-59.85
74,90,10.64,-18.558,-58.57
74,90,10.8,-18.22,-58.49
74,90,10.96,-18.456,-58.44
74,90,11.12,-22.946,-63.19
74,90,11.28,-21.156,-61.6
74,90,11.44,-19.522,-60.27
74,90,11.6,-16.98,-57.85
74,90,11.76,-19.094,-60.21
74,90,11.92,-16.874,-58
74,90,12.08,-19.17,-61.36
74,90,12.24,-18.064,-60.32
74,90,12.4,-18.36,-61.02
74,90,12.56,-22.36,-66.43
74,90,12.72,-22.384,-66.94
74,90,12.88,-21.916,-67.12
74,90,13.04,-22.558,-69.06
74,90,13.2,-18.42,-65.2
74,90,13.36,-20.444,-66.66
74,90,13.52,-17.722,-63.73
74,90,13.68,-19.28,-65.96
74,90,13.84,-15.898,-63.38
74,90,14,-19.36,-67.21
74,90,14.16,-30.646,-78.87
74,90,14.32,-26.396,-75.35
74,90,14.48,-18.854,-70.68
74,90,14.64,-17.364,-66.82
74,90,14.8,-20.35,-68.36
74,90,14.96,-26.152,-73.28
74,90,15.12,-18.53,-64.96
74,90,15.28,-40.13,-86.68
74,90,15.44,-20.196,-66.51
74,90,15.6,-20.4,-67.03
74,90,15.76,-24.458,-71.65
74,90,15.92,-26.732,-73.91
74,90,16.08,-30.702,-78.16
74,90,16.24,-18.714,-66.84
74,90,16.4,-22.67,-72.48
74,90,16.56,-18.768,-67.7
74,90,16.72,-19.308,-68.79
74,90,16.88,-16.614,-67.08
74,90,17.04,-21.116,-72.37
74,90,17.2,-32.89,-85.32
74,90,17.36,-16.846,-69.49
74,90,17.52,-17.996,-70.53
74,90,17.68,-14.892,-67.97
74,90,17.84,-16.088,-69
74,90,18,-18.44,-71.25
75,90,2,-6.8,-28.59
75,90,2.16,-7.708,-31.12
75,90,2.32,-9.916,-35.57
75,90,2.48,-12.344,-39.59
75,90,2.64,-13.758,-42.47
75,90,2.8,-10.48,-37.54
75,90,2.96,-4.658,-32.97
75,90,3.12,-10.376,-38.61
75,90,3.28,-11.492,-41.51
75,90,3.44,-7.112,-35.76
75,90,3.6,-10.77,-38.22
75,90,3.76,-10.544,-40.03
75,90,3.92,-13.712,-41.26
75,90,4.08,-13.172,-40.84
75,90,4.24,-15.466,-44.49
75,90,4.4,-11.61,-41.42
75,90,4.56,-10.346,-40.16
75,90,4.72,-15.554,-45.54
75,90,4.88,-14.49,-44.62
75,90,5.04,-14.11,-44.16
75,90,5.2,-14.41,-45.83
75,90,5.36,-15.48,-46.28
75,90,5.52,-16.198,-46.48
75,90,5.68,-18.38,-49.75
75,90,5.84,-25.012,-56.46
75,90,6,-21.09,-52.63
75,90,6.16,-22.23,-54.27
75,90,6.32,-16.728,-50.22
75,90,6.48,-16.426,-50.51
75,90,6.64,-16.038,-50.43
75,90,6.8,-19.45,-52.95
75,90,6.96,-18.012,-52.34
75,90,7.12,-16.096,-50.69
75,90,7.28,-15.532,-49.91
75,90,7.44,-15.316,-49.65
75,90,7.6,-21.93,-55.33
75,90,7.76,-18.258,-53.48
75,90,7.92,-14.612,-49.24
75,90,8.08,-21.216,-56.02
75,90,8.24,-17.752,-52.86
75,90,8.4,-17.77,-53.15
75,90,8.56,-15.952,-52.23
75,90,8.72,-17.208,-54.51
75,90,8.88,-19.248,-56.39
75,90,9.04,-18.284,-56.07
75,90,9.2,-18,-56.86
75,90,9.36,-21.104,-59.17
75,90,9.52,-20.412,-58.79
75,90,9.68,-20.71,-59.6
75,90,9.84,-19.976,-59.09
75,90,10,-18.33,-57.4
75,90,10.16,-22.238,-61.88
75,90,10.32,-23.412,-63.04
75,90,10.48,-19.998,-59.53
75,90,10.64,-19.868,-59.88
75,90,10.8,-20.25,-60.52
75,90,10.96,-16.836,-56.82
75,90,11.12,-25.386,-65.63
75,90,11.28,-18.816,-59.26
75,90,11.44,-20.042,-60.79
75,90,11.6,-16.49,-57.36
75,90,11.76,-16.514,-57.63
75,90,11.92,-18.134,-59.26
75,90,12.08,-17.94,-60.13
75,90,12.24,-19.284,-61.54
75,90,12.4,-18.45,-61.11
75,90,12.56,-18.25,-62.32
75,90,12.72,-21.764,-66.32
75,90,12.88,-20.706,-65.91
75,90,13.04,-24.288,-70.79
75,90,13.2,-20.98,-67.76
75,90,13.36,-26.054,-72.27
75,90,13.52,-18.002,-64.01
75,90,13.68,-21.72,-68.4
75,90,13.84,-17.608,-65.09
75,90,14,-16.86,-64.71
75,90,14.16,-21.766,-69.99
75,90,14.32,-24.106,-73.06
75,90,14.48,-30.094,-81.92
75,90,14.64,-23.184,-72.64
75,90,14.8,-18.71,-66.72
75,90,14.96,-19.922,-67.05
75,90,15.12,-24.06,-70.49
75,90,15.28,-24.22,-70.77
75,90,15.44,-24.406,-70.72
75,90,15.6,-18.25,-64.88
75,90,15.76,-22.048,-69.24
75,90,15.92,-22.922,-70.1
75,90,16.08,-27.882,-75.34
75,90,16.24,-17.674,-65.8
75,90,16.4,-20.5,-70.31
75,90,16.56,-16.028,-64.96
75,90,16.72,-18.928,-68.41
75,90,16.88,-22.144,-72.61
75,90,17.04,-15.956,-67.21
75,90,17.2,-20.33,-72.76
75,90,17.36,-20.366,-73.01
75,90,17.52,-22.416,-74.95
75,90,17.68,-17.502,-70.58
75,90,17.84,-19.918,-72.83
75,90,18,-22.27,-75.08
76,90,2,-7.36,-29.15
76,90,2.16,-8.058,-31.47
76,90,2.32,-10.446,-36.1
76,90,2.48,-12.674,-39.92
76,90,2.64,-14.218,-42.93
76,90,2.8,-11.37,-38.43
76,90,2.96,-4.858,-33.17
76,90,3.12,-10.046,-38.28
76,90,3.28,-12.942,-42.96
76,90,3.44,-8.142,-36.79
76,90,3.6,-11.44,-38.89
76,90,3.76,-11.194,-40.68
76,90,3.92,-14.732,-42.28
76,90,4.08,-13.782,-41.45
76,90,4.24,-14.806,-43.83
76,90,4.4,-11.02,-40.83
76,90,4.56,-9.946,-39.76
76,90,4.72,-15.284,-45.27
76,90,4.88,-15.76,-45.89
76,90,5.04,-13.96,-44.01
76,90,5.2,-15.51,-46.93
76,90,5.36,-16.73,-47.53
76,90,5.52,-15.898,-46.18
76,90,5.68,-16.1,-47.47
76,90,5.84,-28.602,-60.05
76,90,6,-19.47,-51.01
76,90,6.16,-21.01,-53.05
76,90,6.32,-16.078,-49.57
76,90,6.48,-19.016,-53.1
76,90,6.64,-17.978,-52.37
76,90,6.8,-19.41,-52.91
76,90,6.96,-18.522,-52.85
76,90,7.12,-16.276,-50.87
76,90,7.28,-17.332,-51.71
76,90,7.44,-15.846,-50.18
76,90,7.6,-19.65,-53.05
76,90,7.76,-19.238,-54.46
76,90,7.92,-15.572,-50.2
76,90,8.08,-19.126,-53.93
76,90,8.24,-20.012,-55.12
76,90,8.4,-19.15,-54.53
76,90,8.56,-15.712,-51.99
76,90,8.72,-15.748,-53.05
76,90,8.88,-20.818,-57.96
76,90,9.04,-20.094,-57.88
76,90,9.2,-19.34,-58.2
76,90,9.36,-21.364,-59.43
76,90,9.52,-21.052,-59.43
76,90,9.68,-20.28,-59.17
76,90,9.84,-22.036,-61.15
76,90,10,-18.92,-57.99
76,90,10.16,-21.328,-60.97
76,90,10.32,-23.022,-62.65
76,90,10.48,-24.068,-63.6
76,90,10.64,-19.828,-59.84
76,90,10.8,-20.94,-61.21
76,90,10.96,-18.696,-58.68
76,90,11.12,-24.236,-64.48
76,90,11.28,-19.786,-60.23
76,90,11.44,-20.142,-60.89
76,90,11.6,-18.37,-59.24
76,90,11.76,-17.844,-58.96
76,90,11.92,-19.874,-61
76,90,12.08,-17.56,-59.75
76,90,12.24,-21.924,-64.18
76,90,12.4,-19.5,-62.16
76,90,12.56,-20.93,-65
76,90,12.72,-23.364,-67.92
76,90,12.88,-29.416,-74.62
76,90,13.04,-21.078,-67.58
76,90,13.2,-19.62,-66.4
76,90,13.36,-24.684,-70.9
76,90,13.52,-20.422,-66.43
76,90,13.68,-20.05,-66.73
76,90,13.84,-15.408,-62.89
76,90,14,-19.13,-66.98
76,90,14.16,-17.256,-65.48
76,90,14.32,-25.086,-74.04
76,90,14.48,-26.284,-78.11
76,90,14.64,-26.014,-75.47
76,90,14.8,-23.18,-71.19
76,90,14.96,-20.762,-67.89
76,90,15.12,-25.11,-71.54
76,90,15.28,-19.72,-66.27
76,90,15.44,-20.036,-66.35
76,90,15.6,-22.05,-68.68
76,90,15.76,-24.368,-71.56
76,90,15.92,-30.672,-77.85
76,90,16.08,-23.432,-70.89
76,90,16.24,-24.014,-72.14
76,90,16.4,-20.15,-69.96
76,90,16.56,-14.948,-63.88
76,90,16.72,-18.958,-68.44
76,90,16.88,-17.754,-68.22
76,90,17.04,-18.536,-69.79
76,90,17.2,-18.17,-70.6
76,90,17.36,-14.476,-67.12
76,90,17.52,-24.976,-77.51
76,90,17.68,-21.702,-74.78
76,90,17.84,-24.728,-77.64
76,90,18,-24.82,-77.63
77,90,2,-7.81,-29.6
77,90,2.16,-8.398,-31.81
77,90,2.32,-11.186,-36.84
77,90,2.48,-13.154,-40.4
77,90,2.64,-14.548,-43.26
77,90,2.8,-12.44,-39.5
77,90,2.96,-5.27800000000001,-33.59
77,90,3.12,-9.696,-37.93
77,90,3.28,-14.112,-44.13
77,90,3.44,-9.452,-38.1
77,90,3.6,-12.13,-39.58
77,90,3.76,-11.674,-41.16
77,90,3.92,-15.152,-42.7
77,90,4.08,-14.562,-42.23
77,90,4.24,-14.856,-43.88
77,90,4.4,-10.46,-40.27
77,90,4.56,-9.666,-39.48
77,90,4.72,-14.514,-44.5
77,90,4.88,-16.21,-46.34
77,90,5.04,-13.87,-43.92
77,90,5.2,-16.51,-47.93
77,90,5.36,-18.51,-49.31
77,90,5.52,-16.708,-46.99
77,90,5.68,-14.55,-45.92
77,90,5.84,-29.502,-60.95
77,90,6,-20.75,-52.29
77,90,6.16,-20.16,-52.2
77,90,6.32,-14.118,-47.61
77,90,6.48,-18.236,-52.32
77,90,6.64,-20.018,-54.41
77,90,6.8,-21.1,-54.6
77,90,6.96,-18.852,-53.18
77,90,7.12,-16.136,-50.73
77,90,7.28,-19.452,-53.83
77,90,7.44,-16.736,-51.07
77,90,7.6,-17.54,-50.94
77,90,7.76,-19.718,-54.94
77,90,7.92,-17.632,-52.26
77,90,8.08,-17.946,-52.75
77,90,8.24,-21.292,-56.4
77,90,8.4,-19.47,-54.85
77,90,8.56,-17.032,-53.31
77,90,8.72,-16.438,-53.74
77,90,8.88,-18.438,-55.58
77,90,9.04,-22.184,-59.97
77,90,9.2,-21.62,-60.48
77,90,9.36,-25.194,-63.26
77,90,9.52,-21.822,-60.2
77,90,9.68,-22.95,-61.84
77,90,9.84,-22.386,-61.5
77,90,10,-23.51,-62.58
77,90,10.16,-22.858,-62.5
77,90,10.32,-22.302,-61.93
77,90,10.48,-23.818,-63.35
77,90,10.64,-19.668,-59.68
77,90,10.8,-21.73,-62
77,90,10.96,-18.976,-58.96
77,90,11.12,-21.716,-61.96
77,90,11.28,-18.396,-58.84
77,90,11.44,-22.552,-63.3
77,90,11.6,-16.37,-57.24
77,90,11.76,-17.134,-58.25
77,90,11.92,-19.914,-61.04
77,90,12.08,-20.79,-62.98
77,90,12.24,-20.584,-62.84
77,90,12.4,-20.34,-63
77,90,12.56,-20.19,-64.26
77,90,12.72,-24.324,-68.88
77,90,12.88,-18.386,-63.59
77,90,13.04,-22.198,-68.7
77,90,13.2,-17.7,-64.48
77,90,13.36,-18.104,-64.32
77,90,13.52,-19.342,-65.35
77,90,13.68,-15.94,-62.62
77,90,13.84,-20.668,-68.15
77,90,14,-27.17,-75.02
77,90,14.16,-19.396,-67.62
77,90,14.32,-26.496,-75.45
77,90,14.48,-25.254,-77.08
77,90,14.64,-26.624,-76.08
77,90,14.8,-27.89,-75.9
77,90,14.96,-27.592,-74.72
77,90,15.12,-22.09,-68.52
77,90,15.28,-24.54,-71.09
77,90,15.44,-28.596,-74.91
77,90,15.6,-20.08,-66.71
77,90,15.76,-22.048,-69.24
77,90,15.92,-27.362,-74.54
77,90,16.08,-23.262,-70.72
77,90,16.24,-22.034,-70.16
77,90,16.4,-22.08,-71.89
77,90,16.56,-17.338,-66.27
77,90,16.72,-18.408,-67.89
77,90,16.88,-15.744,-66.21
77,90,17.04,-17.146,-68.4
77,90,17.2,-18.37,-70.8
77,90,17.36,-24.636,-77.28
77,90,17.52,-20.916,-73.45
77,90,17.68,-24.712,-77.79
77,90,17.84,-19.708,-72.62
77,90,18,-22.63,-75.44
78,90,2,-8.38,-30.17
78,90,2.16,-8.848,-32.26
78,90,2.32,-11.716,-37.37
78,90,2.48,-13.614,-40.86
78,90,2.64,-14.658,-43.37
78,90,2.8,-12.96,-40.02
78,90,2.96,-5.698,-34.01
78,90,3.12,-9.366,-37.6
78,90,3.28,-14.672,-44.69
78,90,3.44,-11.112,-39.76
78,90,3.6,-13.24,-40.69
78,90,3.76,-12.894,-42.38
78,90,3.92,-15.152,-42.7
78,90,4.08,-15.432,-43.1
78,90,4.24,-15.276,-44.3
78,90,4.4,-10.03,-39.84
78,90,4.56,-9.746,-39.56
78,90,4.72,-14.064,-44.05
78,90,4.88,-16.69,-46.82
78,90,5.04,-13.74,-43.79
78,90,5.2,-15.57,-46.99
78,90,5.36,-20.2,-51
78,90,5.52,-18.318,-48.6
78,90,5.68,-14.69,-46.06
78,90,5.84,-25.712,-57.16
78,90,6,-21.04,-52.58
78,90,6.16,-19.3,-51.34
78,90,6.32,-13.348,-46.84
78,90,6.48,-15.736,-49.82
78,90,6.64,-19.038,-53.43
78,90,6.8,-21.51,-55.01
78,90,6.96,-20.172,-54.5
78,90,7.12,-15.526,-50.12
78,90,7.28,-17.572,-51.95
78,90,7.44,-19.556,-53.89
78,90,7.6,-18.12,-51.52
78,90,7.76,-19.388,-54.61
78,90,7.92,-19.852,-54.48
78,90,8.08,-18.236,-53.04
78,90,8.24,-19.162,-54.27
78,90,8.4,-21.06,-56.44
78,90,8.56,-16.652,-52.93
78,90,8.72,-18.918,-56.22
78,90,8.88,-18.718,-55.86
78,90,9.04,-19.784,-57.57
78,90,9.2,-22.51,-61.37
78,90,9.36,-23.434,-61.5
78,90,9.52,-20.222,-58.6
78,90,9.68,-24.87,-63.76
78,90,9.84,-23.696,-62.81
78,90,10,-22.67,-61.74
78,90,10.16,-27.788,-67.43
78,90,10.32,-21.182,-60.81
78,90,10.48,-22.458,-61.99
78,90,10.64,-19.008,-59.02
78,90,10.8,-20.95,-61.22
78,90,10.96,-22.856,-62.84
78,90,11.12,-22.426,-62.67
78,90,11.28,-19.866,-60.31
78,90,11.44,-20.872,-61.62
78,90,11.6,-18.63,-59.5
78,90,11.76,-19.884,-61
78,90,11.92,-17.254,-58.38
78,90,12.08,-18.47,-60.66
78,90,12.24,-20.664,-62.92
78,90,12.4,-18.98,-61.64
78,90,12.56,-22.51,-66.58
78,90,12.72,-24.234,-68.79
78,90,12.88,-20.916,-66.12
78,90,13.04,-20.318,-66.82
78,90,13.2,-18.14,-64.92
78,90,13.36,-16.544,-62.76
78,90,13.52,-22.292,-68.3
78,90,13.68,-18.14,-64.82
78,90,13.84,-26.038,-73.52
78,90,14,-21.53,-69.38
78,90,14.16,-20.606,-68.83
78,90,14.32,-31.586,-80.54
78,90,14.48,-30.514,-82.34
78,90,14.64,-21.704,-71.16
78,90,14.8,-24.75,-72.76
78,90,14.96,-24.842,-71.97
78,90,15.12,-24.21,-70.64
78,90,15.28,-30.65,-77.2
78,90,15.44,-36.236,-82.55
78,90,15.6,-22.81,-69.44
78,90,15.76,-21.428,-68.62
78,90,15.92,-29.502,-76.68
78,90,16.08,-19.302,-66.76
78,90,16.24,-34.764,-82.89
78,90,16.4,-19.75,-69.56
78,90,16.56,-19.608,-68.54
78,90,16.72,-21.588,-71.07
78,90,16.88,-20.934,-71.4
78,90,17.04,-24.496,-75.75
78,90,17.2,-18.77,-71.2
78,90,17.36,-31.316,-83.96
78,90,17.52,-15.036,-67.57
78,90,17.68,-25.552,-78.63
78,90,17.84,-18.388,-71.3
78,90,18,-22,-74.81
79,90,2,-8.83,-30.62
79,90,2.16,-9.318,-32.73
79,90,2.32,-12.386,-38.04
79,90,2.48,-14.344,-41.59
79,90,2.64,-14.998,-43.71
79,90,2.8,-13.96,-41.02
79,90,2.96,-6.508,-34.82
79,90,3.12,-9.226,-37.46
79,90,3.28,-14.802,-44.82
79,90,3.44,-12.852,-41.5
79,90,3.6,-13.7,-41.15
79,90,3.76,-13.734,-43.22
79,90,3.92,-15.272,-42.82
79,90,4.08,-16.612,-44.28
79,90,4.24,-16.006,-45.03
79,90,4.4,-9.98,-39.79
79,90,4.56,-9.826,-39.64
79,90,4.72,-13.664,-43.65
79,90,4.88,-16.75,-46.88
79,90,5.04,-13.83,-43.88
79,90,5.2,-15.25,-46.67
79,90,5.36,-22.26,-53.06
79,90,5.52,-21.338,-51.62
79,90,5.68,-15.6,-46.97
79,90,5.84,-24.392,-55.84
79,90,6,-21.24,-52.78
79,90,6.16,-19.11,-51.15
79,90,6.32,-14.088,-47.58
79,90,6.48,-14.976,-49.06
79,90,6.64,-17.488,-51.88
79,90,6.8,-19.16,-52.66
79,90,6.96,-24.812,-59.14
79,90,7.12,-16.556,-51.15
79,90,7.28,-16.742,-51.12
79,90,7.44,-21.046,-55.38
79,90,7.6,-19.47,-52.87
79,90,7.76,-20.718,-55.94
79,90,7.92,-19.152,-53.78
79,90,8.08,-19.866,-54.67
79,90,8.24,-19.982,-55.09
79,90,8.4,-20.54,-55.92
79,90,8.56,-15.802,-52.08
79,90,8.72,-19.918,-57.22
79,90,8.88,-19.628,-56.77
79,90,9.04,-19.824,-57.61
79,90,9.2,-21.26,-60.12
79,90,9.36,-22.244,-60.31
79,90,9.52,-23.242,-61.62
79,90,9.68,-24.53,-63.42
79,90,9.84,-24.076,-63.19
79,90,10,-25.04,-64.11
79,90,10.16,-27.018,-66.66
79,90,10.32,-24.982,-64.61
79,90,10.48,-23.788,-63.32
79,90,10.64,-19.698,-59.71
79,90,10.8,-21.24,-61.51
79,90,10.96,-21.056,-61.04
79,90,11.12,-26.436,-66.68
79,90,11.28,-21.886,-62.33
79,90,11.44,-19.882,-60.63
79,90,11.6,-16.85,-57.72
79,90,11.76,-18.334,-59.45
79,90,11.92,-17.554,-58.68
79,90,12.08,-18.05,-60.24
79,90,12.24,-23.414,-65.67
79,90,12.4,-20.7,-63.36
79,90,12.56,-21.54,-65.61
79,90,12.72,-21.494,-66.05
79,90,12.88,-26.246,-71.45
79,90,13.04,-23.228,-69.73
79,90,13.2,-19.62,-66.4
79,90,13.36,-21.264,-67.48
79,90,13.52,-29.382,-75.39
79,90,13.68,-22.53,-69.21
79,90,13.84,-23.558,-71.04
79,90,14,-21.17,-69.02
79,90,14.16,-18.226,-66.45
79,90,14.32,-21.886,-70.84
79,90,14.48,-30.334,-82.16
79,90,14.64,-19.114,-68.57
79,90,14.8,-17.15,-65.16
79,90,14.96,-22.882,-70.01
79,90,15.12,-22.56,-68.99
79,90,15.28,-23.02,-69.57
79,90,15.44,-28.046,-74.36
79,90,15.6,-20.81,-67.44
79,90,15.76,-32.038,-79.23
79,90,15.92,-25.002,-72.18
79,90,16.08,-21.922,-69.38
79,90,16.24,-23.974,-72.1
79,90,16.4,-20.49,-70.3
79,90,16.56,-25.258,-74.19
79,90,16.72,-22.378,-71.86
79,90,16.88,-24.414,-74.88
79,90,17.04,-17.676,-68.93
79,90,17.2,-22.95,-75.38
79,90,17.36,-24.306,-76.95
79,90,17.52,-18.996,-71.53
79,90,17.68,-26.242,-79.32
79,90,17.84,-20.728,-73.64
79,90,18,-20.59,-73.4
80,90,2,-9.52,-31.31
80,90,2.16,-9.928,-33.34
80,90,2.32,-12.886,-38.54
80,90,2.48,-14.644,-41.89
80,90,2.64,-14.948,-43.66
80,90,2.8,-14.91,-41.97
80,90,2.96,-7.338,-35.65
80,90,3.12,-9.206,-37.44
80,90,3.28,-14.132,-44.15
80,90,3.44,-14.812,-43.46
80,90,3.6,-14.6,-42.05
80,90,3.76,-15.164,-44.65
80,90,3.92,-15.592,-43.14
80,90,4.08,-17.982,-45.65
80,90,4.24,-16.596,-45.62
80,90,4.4,-10.47,-40.28
80,90,4.56,-10.026,-39.84
80,90,4.72,-13.534,-43.52
80,90,4.88,-16.85,-46.98
80,90,5.04,-14.09,-44.14
80,90,5.2,-14.46,-45.88
80,90,5.36,-21.93,-52.73
80,90,5.52,-23.758,-54.04
80,90,5.68,-17.27,-48.64
80,90,5.84,-23.902,-55.35
80,90,6,-21.07,-52.61
80,90,6.16,-19.05,-51.09
80,90,6.32,-15.638,-49.13
80,90,6.48,-15.476,-49.56
80,90,6.64,-16.598,-50.99
80,90,6.8,-17.31,-50.81
80,90,6.96,-25.912,-60.24
80,90,7.12,-20.176,-54.77
80,90,7.28,-17.042,-51.42
80,90,7.44,-19.356,-53.69
80,90,7.6,-21.43,-54.83
80,90,7.76,-23.008,-58.23
80,90,7.92,-19.432,-54.06
80,90,8.08,-19.556,-54.36
80,90,8.24,-18.942,-54.05
80,90,8.4,-22.09,-57.47
80,90,8.56,-16.412,-52.69
80,90,8.72,-19.968,-57.27
80,90,8.88,-21.458,-58.6
80,90,9.04,-19.154,-56.94
80,90,9.2,-19,-57.86
80,90,9.36,-22.234,-60.3
80,90,9.52,-22.562,-60.94
80,90,9.68,-24.2,-63.09
80,90,9.84,-22.106,-61.22
80,90,10,-28.38,-67.45
80,90,10.16,-26.518,-66.16
80,90,10.32,-29.152,-68.78
80,90,10.48,-24.548,-64.08
80,90,10.64,-23.628,-63.64
80,90,10.8,-20.51,-60.78
80,90,10.96,-21.506,-61.49
80,90,11.12,-23.496,-63.74
80,90,11.28,-26.966,-67.41
80,90,11.44,-20.592,-61.34
80,90,11.6,-17.68,-58.55
80,90,11.76,-19.424,-60.54
80,90,11.92,-17.584,-58.71
80,90,12.08,-23.48,-65.67
80,90,12.24,-23.194,-65.45
80,90,12.4,-21.71,-64.37
80,90,12.56,-20.43,-64.5
80,90,12.72,-26.474,-71.03
80,90,12.88,-23.266,-68.47
80,90,13.04,-27.288,-73.79
80,90,13.2,-28.51,-75.29
80,90,13.36,-42.654,-88.87
80,90,13.52,-22.302,-68.31
80,90,13.68,-21.35,-68.03
80,90,13.84,-18.518,-66
80,90,14,-20.83,-68.68
80,90,14.16,-19.476,-67.7
80,90,14.32,-22.006,-70.96
80,90,14.48,-30.854,-82.68
80,90,14.64,-29.164,-78.62
80,90,14.8,-22.37,-70.38
80,90,14.96,-22.942,-70.07
80,90,15.12,-23.02,-69.45
80,90,15.28,-23.42,-69.97
80,90,15.44,-22.946,-69.26
80,90,15.6,-22.86,-69.49
80,90,15.76,-24.358,-71.55
80,90,15.92,-23.972,-71.15
80,90,16.08,-24.442,-71.9
80,90,16.24,-25.514,-73.64
80,90,16.4,-19.9,-69.71
80,90,16.56,-20.948,-69.88
80,90,16.72,-21.278,-70.76
80,90,16.88,-21.044,-71.51
80,90,17.04,-20.276,-71.53
80,90,17.2,-25.59,-78.02
80,90,17.36,-23.466,-76.11
80,90,17.52,-23.016,-75.55
80,90,17.68,-23.072,-76.15
80,90,17.84,-24.718,-77.63
80,90,18,-25.11,-77.92
81,90,2,-9.95,-31.74
81,90,2.16,-10.408,-33.82
81,90,2.32,-13.456,-39.11
81,90,2.48,-15.154,-42.4
81,90,2.64,-14.918,-43.63
81,90,2.8,-15.35,-42.41
81,90,2.96,-8.268,-36.58
81,90,3.12,-9.526,-37.76
81,90,3.28,-13.782,-43.8
81,90,3.44,-16.712,-45.36
81,90,3.6,-15.66,-43.11
81,90,3.76,-15.834,-45.32
81,90,3.92,-16.152,-43.7
81,90,4.08,-18.492,-46.16
81,90,4.24,-17.416,-46.44
81,90,4.4,-11.31,-41.12
81,90,4.56,-10.006,-39.82
81,90,4.72,-13.744,-43.73
81,90,4.88,-16.84,-46.97
81,90,5.04,-13.91,-43.96
81,90,5.2,-14.04,-45.46
81,90,5.36,-22.29,-53.09
81,90,5.52,-24.488,-54.77
81,90,5.68,-19.82,-51.19
81,90,5.84,-22.932,-54.38
81,90,6,-20.84,-52.38
81,90,6.16,-18.78,-50.82
81,90,6.32,-15.908,-49.4
81,90,6.48,-17.756,-51.84
81,90,6.64,-17.078,-51.47
81,90,6.8,-16,-49.5
81,90,6.96,-20.092,-54.42
81,90,7.12,-22.506,-57.1
81,90,7.28,-18.002,-52.38
81,90,7.44,-18.136,-52.47
81,90,7.6,-18.95,-52.35
81,90,7.76,-20.138,-55.36
81,90,7.92,-20.972,-55.6
81,90,8.08,-19.886,-54.69
81,90,8.24,-20.882,-55.99
81,90,8.4,-22.52,-57.9
81,90,8.56,-16.512,-52.79
81,90,8.72,-18.188,-55.49
81,90,8.88,-24.718,-61.86
81,90,9.04,-19.724,-57.51
81,90,9.2,-20.29,-59.15
81,90,9.36,-21.714,-59.78
81,90,9.52,-23.102,-61.48
81,90,9.68,-28.91,-67.8
81,90,9.84,-23.026,-62.14
81,90,10,-29.08,-68.15
81,90,10.16,-24.788,-64.43
81,90,10.32,-38.422,-78.05
81,90,10.48,-29.038,-68.57
81,90,10.64,-31.188,-71.2
81,90,10.8,-27.18,-67.45
81,90,10.96,-25.356,-65.34
81,90,11.12,-21.546,-61.79
81,90,11.28,-24.276,-64.72
81,90,11.44,-22.982,-63.73
81,90,11.6,-19.38,-60.25
81,90,11.76,-23.834,-64.95
81,90,11.92,-19.584,-60.71
81,90,12.08,-23.78,-65.97
81,90,12.24,-27.084,-69.34
81,90,12.4,-23.88,-66.54
81,90,12.56,-21.31,-65.38
81,90,12.72,-24.644,-69.2
81,90,12.88,-23.166,-68.37
81,90,13.04,-25.898,-72.4
81,90,13.2,-25.3,-72.08
81,90,13.36,-23.554,-69.77
81,90,13.52,-23.382,-69.39
81,90,13.68,-21.94,-68.62
81,90,13.84,-17.818,-65.3
81,90,14,-36.65,-84.5
81,90,14.16,-24.526,-72.75
81,90,14.32,-23.796,-72.75
81,90,14.48,-27.254,-79.08
81,90,14.64,-22.574,-72.03
81,90,14.8,-27.37,-75.38
81,90,14.96,-23.952,-71.08
81,90,15.12,-23.63,-70.06
81,90,15.28,-22.48,-69.03
81,90,15.44,-20.246,-66.56
81,90,15.6,-26.99,-73.62
81,90,15.76,-26.318,-73.51
81,90,15.92,-20.042,-67.22
81,90,16.08,-20.152,-67.61
81,90,16.24,-27.574,-75.7
81,90,16.4,-19.08,-68.89
81,90,16.56,-24.078,-73.01
81,90,16.72,-19.728,-69.21
81,90,16.88,-20.134,-70.6
81,90,17.04,-23.856,-75.11
81,90,17.2,-26.59,-79.02
81,90,17.36,-17.246,-69.89
81,90,17.52,-22.726,-75.26
81,90,17.68,-23.092,-76.17
81,90,17.84,-26.178,-79.09
81,90,18,-22.39,-75.2
82,90,2,-10.56,-32.35
82,90,2.16,-11.058,-34.47
82,90,2.32,-14.096,-39.75
82,90,2.48,-15.984,-43.23
82,90,2.64,-14.788,-43.5
82,90,2.8,-16.55,-43.61
82,90,2.96,-9.318,-37.63
82,90,3.12,-9.936,-38.17
82,90,3.28,-13.142,-43.16
82,90,3.44,-17.042,-45.69
82,90,3.6,-16.98,-44.43
82,90,3.76,-16.564,-46.05
82,90,3.92,-17.302,-44.85
82,90,4.08,-19.162,-46.83
82,90,4.24,-18.186,-47.21
82,90,4.4,-12.74,-42.55
82,90,4.56,-10.206,-40.02
82,90,4.72,-13.664,-43.65
82,90,4.88,-16.51,-46.64
82,90,5.04,-13.81,-43.86
82,90,5.2,-13.94,-45.36
82,90,5.36,-22.6,-53.4
82,90,5.52,-22.978,-53.26
82,90,5.68,-22.17,-53.54
82,90,5.84,-24.472,-55.92
82,90,6,-21.69,-53.23
82,90,6.16,-17.95,-49.99
82,90,6.32,-15.618,-49.11
82,90,6.48,-19.846,-53.93
82,90,6.64,-18.628,-53.02
82,90,6.8,-16.85,-50.35
82,90,6.96,-17.082,-51.41
82,90,7.12,-21.396,-55.99
82,90,7.28,-19.772,-54.15
82,90,7.44,-19.466,-53.8
82,90,7.6,-18.46,-51.86
82,90,7.76,-18.798,-54.02
82,90,7.92,-23.752,-58.38
82,90,8.08,-19.966,-54.77
82,90,8.24,-21.512,-56.62
82,90,8.4,-22.71,-58.09
82,90,8.56,-16.872,-53.15
82,90,8.72,-18.138,-55.44
82,90,8.88,-24.878,-62.02
82,90,9.04,-19.124,-56.91
82,90,9.2,-19.98,-58.84
82,90,9.36,-21.374,-59.44
82,90,9.52,-19.742,-58.12
82,90,9.68,-22.8,-61.69
82,90,9.84,-25.446,-64.56
82,90,10,-23.32,-62.39
82,90,10.16,-21.618,-61.26
82,90,10.32,-36.362,-75.99
82,90,10.48,-24.368,-63.9
82,90,10.64,-28.658,-68.67
82,90,10.8,-28.8,-69.07
82,90,10.96,-27.926,-67.91
82,90,11.12,-21.836,-62.08
82,90,11.28,-25.046,-65.49
82,90,11.44,-25.212,-65.96
82,90,11.6,-21.83,-62.7
82,90,11.76,-29.434,-70.55
82,90,11.92,-20.484,-61.61
82,90,12.08,-21.44,-63.63
82,90,12.24,-22.544,-64.8
82,90,12.4,-24.67,-67.33
82,90,12.56,-24.32,-68.39
82,90,12.72,-21.404,-65.96
82,90,12.88,-25.956,-71.16
82,90,13.04,-28.718,-75.22
82,90,13.2,-22.76,-69.54
82,90,13.36,-24.134,-70.35
82,90,13.52,-24.602,-70.61
82,90,13.68,-23.65,-70.33
82,90,13.84,-21.708,-69.19
82,90,14,-25.73,-73.58
82,90,14.16,-24.436,-72.66
82,90,14.32,-44.296,-93.25
82,90,14.48,-24.534,-76.36
82,90,14.64,-20.064,-69.52
82,90,14.8,-40.06,-88.07
82,90,14.96,-26.542,-73.67
82,90,15.12,-26.85,-73.28
82,90,15.28,-40.91,-87.46
82,90,15.44,-24.146,-70.46
82,90,15.6,-23.65,-70.28
82,90,15.76,-22.038,-69.23
82,90,15.92,-20.682,-67.86
82,90,16.08,-19.152,-66.61
82,90,16.24,-23.764,-71.89
82,90,16.4,-20.34,-70.15
82,90,16.56,-18.468,-67.4
82,90,16.72,-29.208,-78.69
82,90,16.88,-24.124,-74.59
82,90,17.04,-22.356,-73.61
82,90,17.2,-25.42,-77.85
82,90,17.36,-19.656,-72.3
82,90,17.52,-28.516,-81.05
82,90,17.68,-20.382,-73.46
82,90,17.84,-36.048,-88.96
82,90,18,-21.28,-74.09
83,90,2,-10.94,-32.73
83,90,2.16,-11.748,-35.16
83,90,2.32,-14.396,-40.05
83,90,2.48,-16.284,-43.53
83,90,2.64,-14.658,-43.37
83,90,2.8,-17.54,-44.6
83,90,2.96,-10.208,-38.52
83,90,3.12,-10.716,-38.95
83,90,3.28,-12.682,-42.7
83,90,3.44,-17.022,-45.67
83,90,3.6,-18,-45.45
83,90,3.76,-17.264,-46.75
83,90,3.92,-18.442,-45.99
83,90,4.08,-19.572,-47.24
83,90,4.24,-18.826,-47.85
83,90,4.4,-14.45,-44.26
83,90,4.56,-10.876,-40.69
83,90,4.72,-14.204,-44.19
83,90,4.88,-16.32,-46.45
83,90,5.04,-13.61,-43.66
83,90,5.2,-14.05,-45.47
83,90,5.36,-22.06,-52.86
83,90,5.52,-22.608,-52.89
83,90,5.68,-23.4,-54.77
83,90,5.84,-26.472,-57.92
83,90,6,-22.2,-53.74
83,90,6.16,-17.43,-49.47
83,90,6.32,-15.458,-48.95
83,90,6.48,-19.116,-53.2
83,90,6.64,-22.048,-56.44
83,90,6.8,-17.46,-50.96
83,90,6.96,-16.442,-50.77
83,90,7.12,-18.626,-53.22
83,90,7.28,-19.052,-53.43
83,90,7.44,-22.166,-56.5
83,90,7.6,-18.27,-51.67
83,90,7.76,-17.698,-52.92
83,90,7.92,-21.042,-55.67
83,90,8.08,-22.836,-57.64
83,90,8.24,-21.022,-56.13
83,90,8.4,-24.33,-59.71
83,90,8.56,-17.722,-54
83,90,8.72,-18.248,-55.55
83,90,8.88,-21.268,-58.41
83,90,9.04,-22.164,-59.95
83,90,9.2,-23.21,-62.07
83,90,9.36,-26.674,-64.74
83,90,9.52,-21.092,-59.47
83,90,9.68,-21.41,-60.3
83,90,9.84,-22.336,-61.45
83,90,10,-33.5,-72.57
83,90,10.16,-22.038,-61.68
83,90,10.32,-27.672,-67.3
83,90,10.48,-25.438,-64.97
83,90,10.64,-25.148,-65.16
83,90,10.8,-26.7,-66.97
83,90,10.96,-32.646,-72.63
83,90,11.12,-23.166,-63.41
83,90,11.28,-23.316,-63.76
83,90,11.44,-26.032,-66.78
83,90,11.6,-26.75,-67.62
83,90,11.76,-22.544,-63.66
83,90,11.92,-21.004,-62.13
83,90,12.08,-20,-62.19
83,90,12.24,-21.914,-64.17
83,90,12.4,-20.6,-63.26
83,90,12.56,-26.28,-70.35
83,90,12.72,-24.234,-68.79
83,90,12.88,-24.306,-69.51
83,90,13.04,-20.168,-66.67
83,90,13.2,-20.9,-67.68
83,90,13.36,-31.114,-77.33
83,90,13.52,-23.562,-69.57
83,90,13.68,-35.36,-82.04
83,90,13.84,-19.678,-67.16
83,90,14,-24.68,-72.53
83,90,14.16,-17.996,-66.22
83,90,14.32,-33.796,-82.75
83,90,14.48,-23.104,-74.93
83,90,14.64,-24.834,-74.29
83,90,14.8,-34.8,-82.81
83,90,14.96,-26.262,-73.39
83,90,15.12,-27.65,-74.08
83,90,15.28,-25.33,-71.88
83,90,15.44,-26.016,-72.33
83,90,15.6,-20.63,-67.26
83,90,15.76,-21.138,-68.33
83,90,15.92,-23.702,-70.88
83,90,16.08,-23.442,-70.9
83,90,16.24,-22.764,-70.89
83,90,16.4,-37.71,-87.52
83,90,16.56,-22.378,-71.31
83,90,16.72,-20.958,-70.44
83,90,16.88,-28.524,-78.99
83,90,17.04,-31.466,-82.72
83,90,17.2,-23.46,-75.89
83,90,17.36,-23.466,-76.11
83,90,17.52,-18.186,-70.72
83,90,17.68,-19.032,-72.11
83,90,17.84,-21.788,-74.7
83,90,18,-26.97,-79.78
84,90,2,-11.52,-33.31
84,90,2.16,-12.208,-35.62
84,90,2.32,-15.276,-40.93
84,90,2.48,-16.944,-44.19
84,90,2.64,-14.448,-43.16
84,90,2.8,-18.92,-45.98
84,90,2.96,-11.188,-39.5
84,90,3.12,-12.006,-40.24
84,90,3.28,-12.712,-42.73
84,90,3.44,-16.292,-44.94
84,90,3.6,-18.05,-45.5
84,90,3.76,-17.564,-47.05
84,90,3.92,-20.972,-48.52
84,90,4.08,-19.932,-47.6
84,90,4.24,-19.456,-48.48
84,90,4.4,-15.7,-45.51
84,90,4.56,-12.396,-42.21
84,90,4.72,-15.234,-45.22
84,90,4.88,-16.36,-46.49
84,90,5.04,-13.96,-44.01
84,90,5.2,-13.76,-45.18
84,90,5.36,-21.17,-51.97
84,90,5.52,-22.958,-53.24
84,90,5.68,-23.19,-54.56
84,90,5.84,-25.862,-57.31
84,90,6,-22.1,-53.64
84,90,6.16,-18.47,-50.51
84,90,6.32,-15.488,-48.98
84,90,6.48,-18.996,-53.08
84,90,6.64,-22.618,-57.01
84,90,6.8,-20.16,-53.66
84,90,6.96,-16.512,-50.84
84,90,7.12,-16.386,-50.98
84,90,7.28,-18.092,-52.47
84,90,7.44,-24.316,-58.65
84,90,7.6,-21.67,-55.07
84,90,7.76,-17.838,-53.06
84,90,7.92,-18.752,-53.38
84,90,8.08,-25.986,-60.79
84,90,8.24,-20.392,-55.5
84,90,8.4,-22.78,-58.16
84,90,8.56,-20.082,-56.36
84,90,8.72,-18.748,-56.05
84,90,8.88,-22.098,-59.24
84,90,9.04,-22.574,-60.36
84,90,9.2,-21.34,-60.2
84,90,9.36,-26.464,-64.53
84,90,9.52,-24.102,-62.48
84,90,9.68,-21.21,-60.1
84,90,9.84,-18.496,-57.61
84,90,10,-30.91,-69.98
84,90,10.16,-26.998,-66.64
84,90,10.32,-29.792,-69.42
84,90,10.48,-25.368,-64.9
84,90,10.64,-24.018,-64.03
84,90,10.8,-27.81,-68.08
84,90,10.96,-27.336,-67.32
84,90,11.12,-30.016,-70.26
84,90,11.28,-25.586,-66.03
84,90,11.44,-21.552,-62.3
84,90,11.6,-22.3,-63.17
84,90,11.76,-18.874,-59.99
84,90,11.92,-19.824,-60.95
84,90,12.08,-21.03,-63.22
84,90,12.24,-22.614,-64.87
84,90,12.4,-24.79,-67.45
84,90,12.56,-22.46,-66.53
84,90,12.72,-30.204,-74.76
84,90,12.88,-38.746,-83.95
84,90,13.04,-19.148,-65.65
84,90,13.2,-23.37,-70.15
84,90,13.36,-24.654,-70.87
84,90,13.52,-21.802,-67.81
84,90,13.68,-20.66,-67.34
84,90,13.84,-17.168,-64.65
84,90,14,-17.88,-65.73
84,90,14.16,-28.076,-76.3
84,90,14.32,-20.486,-69.44
84,90,14.48,-20.064,-71.89
84,90,14.64,-32.214,-81.67
84,90,14.8,-30.37,-78.38
84,90,14.96,-24.562,-71.69
84,90,15.12,-30.9,-77.33
84,90,15.28,-25.92,-72.47
84,90,15.44,-21.646,-67.96
84,90,15.6,-26.31,-72.94
84,90,15.76,-23.158,-70.35
84,90,15.92,-25.732,-72.91
84,90,16.08,-25.742,-73.2
84,90,16.24,-23.134,-71.26
84,90,16.4,-22.45,-72.26
84,90,16.56,-27.778,-76.71
84,90,16.72,-24.008,-73.49
84,90,16.88,-20.024,-70.49
84,90,17.04,-25.886,-77.14
84,90,17.2,-18.32,-70.75
84,90,17.36,-39.116,-91.76
84,90,17.52,-21.696,-74.23
84,90,17.68,-27.322,-80.4
84,90,17.84,-17.848,-70.76
84,90,18,-14.62,-67.43
85,90,2,-11.78,-33.57
85,90,2.16,-12.618,-36.03
85,90,2.32,-15.656,-41.31
85,90,2.48,-17.354,-44.6
85,90,2.64,-14.528,-43.24
85,90,2.8,-19.92,-46.98
85,90,2.96,-11.858,-40.17
85,90,3.12,-13.136,-41.37
85,90,3.28,-12.772,-42.79
85,90,3.44,-15.602,-44.25
85,90,3.6,-17.46,-44.91
85,90,3.76,-17.784,-47.27
85,90,3.92,-23.152,-50.7
85,90,4.08,-20.722,-48.39
85,90,4.24,-19.376,-48.4
85,90,4.4,-16.38,-46.19
85,90,4.56,-13.956,-43.77
85,90,4.72,-15.684,-45.67
85,90,4.88,-16.49,-46.62
85,90,5.04,-14.9,-44.95
85,90,5.2,-14.94,-46.36
85,90,5.36,-19.99,-50.79
85,90,5.52,-24.428,-54.71
85,90,5.68,-23.91,-55.28
85,90,5.84,-25.272,-56.72
85,90,6,-21.31,-52.85
85,90,6.16,-18.61,-50.65
85,90,6.32,-15.568,-49.06
85,90,6.48,-18.596,-52.68
85,90,6.64,-20.548,-54.94
85,90,6.8,-22.73,-56.23
85,90,6.96,-17.502,-51.83
85,90,7.12,-15.876,-50.47
85,90,7.28,-17.732,-52.11
85,90,7.44,-20.996,-55.33
85,90,7.6,-25.17,-58.57
85,90,7.76,-19.878,-55.1
85,90,7.92,-18.372,-53
85,90,8.08,-22.136,-56.94
85,90,8.24,-22.302,-57.41
85,90,8.4,-22.14,-57.52
85,90,8.56,-21.772,-58.05
85,90,8.72,-20.408,-57.71
85,90,8.88,-21.828,-58.97
85,90,9.04,-24.224,-62.01
85,90,9.2,-19.88,-58.74
85,90,9.36,-22.494,-60.56
85,90,9.52,-27.282,-65.66
85,90,9.68,-23.58,-62.47
85,90,9.84,-18.356,-57.47
85,90,10,-24.67,-63.74
85,90,10.16,-26.618,-66.26
85,90,10.32,-27.512,-67.14
85,90,10.48,-23.198,-62.73
85,90,10.64,-24.098,-64.11
85,90,10.8,-23.49,-63.76
85,90,10.96,-22.566,-62.55
85,90,11.12,-30.526,-70.77
85,90,11.28,-24.436,-64.88
85,90,11.44,-22.192,-62.94
85,90,11.6,-21.04,-61.91
85,90,11.76,-20.274,-61.39
85,90,11.92,-18.754,-59.88
85,90,12.08,-21.97,-64.16
85,90,12.24,-26.584,-68.84
85,90,12.4,-32.62,-75.28
85,90,12.56,-22.9,-66.97
85,90,12.72,-28.104,-72.66
85,90,12.88,-30.316,-75.52
85,90,13.04,-26.528,-73.03
85,90,13.2,-23.93,-70.71
85,90,13.36,-19.274,-65.49
85,90,13.52,-25.422,-71.43
85,90,13.68,-22.73,-69.41
85,90,13.84,-15.678,-63.16
85,90,14,-28.45,-76.3
85,90,14.16,-38.736,-86.96
85,90,14.32,-26.716,-75.67
85,90,14.48,-26.204,-78.03
85,90,14.64,-20.784,-70.24
85,90,14.8,-21.82,-69.83
85,90,14.96,-23.482,-70.61
85,90,15.12,-29.49,-75.92
85,90,15.28,-20.12,-66.67
85,90,15.44,-27.746,-74.06
85,90,15.6,-38.15,-84.78
85,90,15.76,-26.788,-73.98
85,90,15.92,-25.552,-72.73
85,90,16.08,-23.602,-71.06
85,90,16.24,-25.094,-73.22
85,90,16.4,-19.07,-68.88
85,90,16.56,-24.298,-73.23
85,90,16.72,-21.878,-71.36
85,90,16.88,-26.414,-76.88
85,90,17.04,-21.746,-73
85,90,17.2,-19.46,-71.89
85,90,17.36,-31.126,-83.77
85,90,17.52,-22.216,-74.75
85,90,17.68,-36.942,-90.02
85,90,17.84,-23.158,-76.07
85,90,18,-20.99,-73.8
86,90,2,-12.2,-33.99
86,90,2.16,-12.738,-36.15
86,90,2.32,-16.406,-42.06
86,90,2.48,-18.314,-45.56
86,90,2.64,-14.568,-43.28
86,90,2.8,-20.5,-47.56
86,90,2.96,-12.318,-40.63
86,90,3.12,-14.846,-43.08
86,90,3.28,-13.112,-43.13
86,90,3.44,-15.432,-44.08
86,90,3.6,-16.33,-43.78
86,90,3.76,-17.964,-47.45
86,90,3.92,-25.932,-53.48
86,90,4.08,-21.832,-49.5
86,90,4.24,-20.006,-49.03
86,90,4.4,-16.93,-46.74
86,90,4.56,-16.826,-46.64
86,90,4.72,-17.384,-47.37
86,90,4.88,-17.34,-47.47
86,90,5.04,-16.24,-46.29
86,90,5.2,-15.79,-47.21
86,90,5.36,-19.3,-50.1
86,90,5.52,-25.768,-56.05
86,90,5.68,-26.12,-57.49
86,90,5.84,-25.892,-57.34
86,90,6,-20.51,-52.05
86,90,6.16,-18.91,-50.95
86,90,6.32,-15.248,-48.74
86,90,6.48,-18.136,-52.22
86,90,6.64,-22.078,-56.47
86,90,6.8,-26.84,-60.34
86,90,6.96,-18.812,-53.14
86,90,7.12,-15.706,-50.3
86,90,7.28,-18.922,-53.3
86,90,7.44,-19.976,-54.31
86,90,7.6,-25.94,-59.34
86,90,7.76,-22.438,-57.66
86,90,7.92,-19.782,-54.41
86,90,8.08,-19.376,-54.18
86,90,8.24,-23.392,-58.5
86,90,8.4,-21.08,-56.46
86,90,8.56,-20.862,-57.14
86,90,8.72,-21.298,-58.6
86,90,8.88,-24.408,-61.55
86,90,9.04,-22.654,-60.44
86,90,9.2,-19.88,-58.74
86,90,9.36,-19.934,-58
86,90,9.52,-24.842,-63.22
86,90,9.68,-27.72,-66.61
86,90,9.84,-21.086,-60.2
86,90,10,-22.81,-61.88
86,90,10.16,-23.798,-63.44
86,90,10.32,-26.132,-65.76
86,90,10.48,-25.048,-64.58
86,90,10.64,-23.948,-63.96
86,90,10.8,-20.5,-60.77
86,90,10.96,-24.646,-64.63
86,90,11.12,-25.606,-65.85
86,90,11.28,-25.666,-66.11
86,90,11.44,-21.202,-61.95
86,90,11.6,-20.38,-61.25
86,90,11.76,-21.304,-62.42
86,90,11.92,-27.264,-68.39
86,90,12.08,-26.83,-69.02
86,90,12.24,-27.674,-69.93
86,90,12.4,-24.41,-67.07
86,90,12.56,-29.33,-73.4
86,90,12.72,-24.004,-68.56
86,90,12.88,-27.266,-72.47
86,90,13.04,-21.308,-67.81
86,90,13.2,-25.33,-72.11
86,90,13.36,-23.464,-69.68
86,90,13.52,-22.772,-68.78
86,90,13.68,-22.54,-69.22
86,90,13.84,-32.878,-80.36
86,90,14,-28.25,-76.1
86,90,14.16,-21.386,-69.61
86,90,14.32,-16.336,-65.29
86,90,14.48,-26.784,-78.61
86,90,14.64,-20.004,-69.46
86,90,14.8,-22.61,-70.62
86,90,14.96,-23.662,-70.79
86,90,15.12,-28.48,-74.91
86,90,15.28,-30.36,-76.91
86,90,15.44,-25.616,-71.93
86,90,15.6,-24.68,-71.31
86,90,15.76,-32.788,-79.98
86,90,15.92,-27.482,-74.66
86,90,16.08,-31.072,-78.53
86,90,16.24,-25.584,-73.71
86,90,16.4,-20.31,-70.12
86,90,16.56,-22.888,-71.82
86,90,16.72,-20.128,-69.61
86,90,16.88,-19.184,-69.65
86,90,17.04,-22.836,-74.09
86,90,17.2,-29.38,-81.81
86,90,17.36,-19.766,-72.41
86,90,17.52,-23.196,-75.73
86,90,17.68,-29.582,-82.66
86,90,17.84,-19.898,-72.81
86,90,18,-16.48,-69.29
87,90,2,-12.74,-34.53
87,90,2.16,-12.758,-36.17
87,90,2.32,-16.506,-42.16
87,90,2.48,-18.734,-45.98
87,90,2.64,-14.658,-43.37
87,90,2.8,-20.46,-47.52
87,90,2.96,-12.688,-41
87,90,3.12,-16.766,-45
87,90,3.28,-13.792,-43.81
87,90,3.44,-15.732,-44.38
87,90,3.6,-15.72,-43.17
87,90,3.76,-18.214,-47.7
87,90,3.92,-25.492,-53.04
87,90,4.08,-23.262,-50.93
87,90,4.24,-19.686,-48.71
87,90,4.4,-17.51,-47.32
87,90,4.56,-19.046,-48.86
87,90,4.72,-19.414,-49.4
87,90,4.88,-17.89,-48.02
87,90,5.04,-18.72,-48.77
87,90,5.2,-16.42,-47.84
87,90,5.36,-19.67,-50.47
87,90,5.52,-24.408,-54.69
87,90,5.68,-25.8,-57.17
87,90,5.84,-27.072,-58.52
87,90,6,-21.33,-52.87
87,90,6.16,-17.93,-49.97
87,90,6.32,-14.448,-47.94
87,90,6.48,-18.676,-52.76
87,90,6.64,-21.678,-56.07
87,90,6.8,-27.77,-61.27
87,90,6.96,-21.682,-56.01
87,90,7.12,-17.176,-51.77
87,90,7.28,-18.292,-52.67
87,90,7.44,-19.866,-54.2
87,90,7.6,-21.87,-55.27
87,90,7.76,-24.228,-59.45
87,90,7.92,-22.682,-57.31
87,90,8.08,-18.386,-53.19
87,90,8.24,-22.052,-57.16
87,90,8.4,-22.56,-57.94
87,90,8.56,-25.792,-62.07
87,90,8.72,-23.408,-60.71
87,90,8.88,-22.948,-60.09
87,90,9.04,-23.904,-61.69
87,90,9.2,-24.79,-63.65
87,90,9.36,-20.424,-58.49
87,90,9.52,-22.622,-61
87,90,9.68,-28.95,-67.84
87,90,9.84,-26.196,-65.31
87,90,10,-22.28,-61.35
87,90,10.16,-23.628,-63.27
87,90,10.32,-23.022,-62.65
87,90,10.48,-24.128,-63.66
87,90,10.64,-22.258,-62.27
87,90,10.8,-22.45,-62.72
87,90,10.96,-25.006,-64.99
87,90,11.12,-25.636,-65.88
87,90,11.28,-23.606,-64.05
87,90,11.44,-23.742,-64.49
87,90,11.6,-30.26,-71.13
87,90,11.76,-28.404,-69.52
87,90,11.92,-32.114,-73.24
87,90,12.08,-22.14,-64.33
87,90,12.24,-19.614,-61.87
87,90,12.4,-18.73,-61.39
87,90,12.56,-26.05,-70.12
87,90,12.72,-29.834,-74.39
87,90,12.88,-24.566,-69.77
87,90,13.04,-19.338,-65.84
87,90,13.2,-20,-66.78
87,90,13.36,-23.254,-69.47
87,90,13.52,-28.652,-74.66
87,90,13.68,-19.94,-66.62
87,90,13.84,-24.158,-71.64
87,90,14,-17.9,-65.75
87,90,14.16,-20.926,-69.15
87,90,14.32,-26.926,-75.88
87,90,14.48,-27.884,-79.71
87,90,14.64,-25.464,-74.92
87,90,14.8,-26.37,-74.38
87,90,14.96,-33.542,-80.67
87,90,15.12,-22.47,-68.9
87,90,15.28,-20.34,-66.89
87,90,15.44,-25.136,-71.45
87,90,15.6,-23.96,-70.59
87,90,15.76,-26.408,-73.6
87,90,15.92,-26.162,-73.34
87,90,16.08,-34.472,-81.93
87,90,16.24,-26.384,-74.51
87,90,16.4,-19.77,-69.58
87,90,16.56,-20.558,-69.49
87,90,16.72,-21.608,-71.09
87,90,16.88,-29.004,-79.47
87,90,17.04,-25.806,-77.06
87,90,17.2,-31.5,-83.93
87,90,17.36,-25.956,-78.6
87,90,17.52,-22.616,-75.15
87,90,17.68,-26.452,-79.53
87,90,17.84,-25.518,-78.43
87,90,18,-24.74,-77.55
88,90,2,-13.19,-34.98
88,90,2.16,-12.778,-36.19
88,90,2.32,-16.546,-42.2
88,90,2.48,-19.124,-46.37
88,90,2.64,-14.938,-43.65
88,90,2.8,-20.18,-47.24
88,90,2.96,-12.908,-41.22
88,90,3.12,-18.116,-46.35
88,90,3.28,-14.832,-44.85
88,90,3.44,-16.432,-45.08
88,90,3.6,-15.01,-42.46
88,90,3.76,-18.844,-48.33
88,90,3.92,-23.662,-51.21
88,90,4.08,-25.812,-53.48
88,90,4.24,-19.156,-48.18
88,90,4.4,-18.47,-48.28
88,90,4.56,-19.396,-49.21
88,90,4.72,-20.914,-50.9
88,90,4.88,-20.31,-50.44
88,90,5.04,-22.37,-52.42
88,90,5.2,-17.4,-48.82
88,90,5.36,-20.37,-51.17
88,90,5.52,-21.348,-51.63
88,90,5.68,-24.36,-55.73
88,90,5.84,-29.932,-61.38
88,90,6,-22.39,-53.93
88,90,6.16,-17.75,-49.79
88,90,6.32,-14.268,-47.76
88,90,6.48,-17.626,-51.71
88,90,6.64,-20.518,-54.91
88,90,6.8,-28.21,-61.71
88,90,6.96,-23.752,-58.08
88,90,7.12,-20.506,-55.1
88,90,7.28,-19.202,-53.58
88,90,7.44,-19.046,-53.38
88,90,7.6,-20.23,-53.63
88,90,7.76,-23.758,-58.98
88,90,7.92,-27.582,-62.21
88,90,8.08,-19.956,-54.76
88,90,8.24,-20.122,-55.23
88,90,8.4,-20.4,-55.78
88,90,8.56,-20.302,-56.58
88,90,8.72,-25.858,-63.16
88,90,8.88,-22.468,-59.61
88,90,9.04,-22.914,-60.7
88,90,9.2,-24.67,-63.53
88,90,9.36,-21.854,-59.92
88,90,9.52,-20.762,-59.14
88,90,9.68,-26.99,-65.88
88,90,9.84,-27.866,-66.98
88,90,10,-25.87,-64.94
88,90,10.16,-24.598,-64.24
88,90,10.32,-25.432,-65.06
88,90,10.48,-29.378,-68.91
88,90,10.64,-26.168,-66.18
88,90,10.8,-21.19,-61.46
88,90,10.96,-24.216,-64.2
88,90,11.12,-25.416,-65.66
88,90,11.28,-22.946,-63.39
88,90,11.44,-28.552,-69.3
88,90,11.6,-27.75,-68.62
88,90,11.76,-24.074,-65.19
88,90,11.92,-25.564,-66.69
88,90,12.08,-21.54,-63.73
88,90,12.24,-21.244,-63.5
88,90,12.4,-21.54,-64.2
88,90,12.56,-23.89,-67.96
88,90,12.72,-27.284,-71.84
88,90,12.88,-26.596,-71.8
88,90,13.04,-20.358,-66.86
88,90,13.2,-23.42,-70.2
88,90,13.36,-25.714,-71.93
88,90,13.52,-28.202,-74.21
88,90,13.68,-26.5,-73.18
88,90,13.84,-21.958,-69.44
88,90,14,-20.71,-68.56
88,90,14.16,-20.096,-68.32
88,90,14.32,-20.816,-69.77
88,90,14.48,-24.404,-76.23
88,90,14.64,-23.354,-72.81
88,90,14.8,-28.35,-76.36
88,90,14.96,-24.292,-71.42
88,90,15.12,-20.77,-67.2
88,90,15.28,-21.62,-68.17
88,90,15.44,-26.346,-72.66
88,90,15.6,-27.21,-73.84
88,90,15.76,-25.268,-72.46
88,90,15.92,-32.572,-79.75
88,90,16.08,-27.342,-74.8
88,90,16.24,-24.824,-72.95
88,90,16.4,-22.33,-72.14
88,90,16.56,-25.268,-74.2
88,90,16.72,-36.648,-86.13
88,90,16.88,-22.544,-73.01
88,90,17.04,-23.786,-75.04
88,90,17.2,-22.84,-75.27
88,90,17.36,-24.906,-77.55
88,90,17.52,-31.276,-83.81
88,90,17.68,-34.532,-87.61
88,90,17.84,-22.428,-75.34
88,90,18,-24.51,-77.32
89,90,2,-13.81,-35.6
89,90,2.16,-12.728,-36.14
89,90,2.32,-16.956,-42.61
89,90,2.48,-20.014,-47.26
89,90,2.64,-15.638,-44.35
89,90,2.8,-19.14,-46.2
89,90,2.96,-12.848,-41.16
89,90,3.12,-20.566,-48.8
89,90,3.28,-16.142,-46.16
89,90,3.44,-17.352,-46
89,90,3.6,-15.08,-42.53
89,90,3.76,-18.724,-48.21
89,90,3.92,-21.992,-49.54
89,90,4.08,-28.742,-56.41
89,90,4.24,-18.816,-47.84
89,90,4.4,-20.51,-50.32
89,90,4.56,-18.476,-48.29
89,90,4.72,-24.604,-54.59
89,90,4.88,-21.86,-51.99
89,90,5.04,-26.35,-56.4
89,90,5.2,-19.74,-51.16
89,90,5.36,-21.62,-52.42
89,90,5.52,-20.988,-51.27
89,90,5.68,-21.63,-53
89,90,5.84,-36.212,-67.66
89,90,6,-24.87,-56.41
89,90,6.16,-18.58,-50.62
89,90,6.32,-14.318,-47.81
89,90,6.48,-17.966,-52.05
89,90,6.64,-20.988,-55.38
89,90,6.8,-26.67,-60.17
89,90,6.96,-26.072,-60.4
89,90,7.12,-24.696,-59.29
89,90,7.28,-22.982,-57.36
89,90,7.44,-19.966,-54.3
89,90,7.6,-19.11,-52.51
89,90,7.76,-21.748,-56.97
89,90,7.92,-26.302,-60.93
89,90,8.08,-24.846,-59.65
89,90,8.24,-20.282,-55.39
89,90,8.4,-18.91,-54.29
89,90,8.56,-18.392,-54.67
89,90,8.72,-25.798,-63.1
89,90,8.88,-22.818,-59.96
89,90,9.04,-25.104,-62.89
89,90,9.2,-24.38,-63.24
89,90,9.36,-24.874,-62.94
89,90,9.52,-21.882,-60.26
89,90,9.68,-25,-63.89
89,90,9.84,-27.706,-66.82
89,90,10,-28.67,-67.74
89,90,10.16,-26.868,-66.51
89,90,10.32,-27.922,-67.55
89,90,10.48,-27.678,-67.21
89,90,10.64,-30.238,-70.25
89,90,10.8,-22.27,-62.54
89,90,10.96,-23.966,-63.95
89,90,11.12,-24.636,-64.88
89,90,11.28,-25.826,-66.27
89,90,11.44,-23.892,-64.64
89,90,11.6,-22.38,-63.25
89,90,11.76,-21.834,-62.95
89,90,11.92,-21.704,-62.83
89,90,12.08,-23.04,-65.23
89,90,12.24,-22.124,-64.38
89,90,12.4,-21.54,-64.2
89,90,12.56,-26.67,-70.74
89,90,12.72,-34.704,-79.26
89,90,12.88,-22.396,-67.6
89,90,13.04,-24.748,-71.25
89,90,13.2,-23.69,-70.47
89,90,13.36,-24.624,-70.84
89,90,13.52,-29.292,-75.3
89,90,13.68,-20.07,-66.75
89,90,13.84,-23.558,-71.04
89,90,14,-23.63,-71.48
89,90,14.16,-25.836,-74.06
89,90,14.32,-26.366,-75.32
89,90,14.48,-26.394,-78.22
89,90,14.64,-49.664,-99.12
89,90,14.8,-23.47,-71.48
89,90,14.96,-22.502,-69.63
89,90,15.12,-19.22,-65.65
89,90,15.28,-38.85,-85.4
89,90,15.44,-24.556,-70.87
89,90,15.6,-34.31,-80.94
89,90,15.76,-23.358,-70.55
89,90,15.92,-19.002,-66.18
89,90,16.08,-23.012,-70.47
89,90,16.24,-18.444,-66.57
89,90,16.4,-17.63,-67.44
89,90,16.56,-22.568,-71.5
89,90,16.72,-27.668,-77.15
89,90,16.88,-23.264,-73.73
89,90,17.04,-23.576,-74.83
89,90,17.2,-22.45,-74.88
89,90,17.36,-35.076,-87.72
89,90,17.52,-21.056,-73.59
89,90,17.68,-15.222,-68.3
89,90,17.84,-25.368,-78.28
89,90,18,-17.13,-69.94
90,90,2,-14.42,-36.21
90,90,2.16,-12.508,-35.92
90,90,2.32,-16.596,-42.25
90,90,2.48,-20.204,-47.45
90,90,2.64,-15.848,-44.56
90,90,2.8,-18.48,-45.54
90,90,2.96,-12.968,-41.28
90,90,3.12,-21.896,-50.13
90,90,3.28,-17.632,-47.65
90,90,3.44,-18.492,-47.14
90,90,3.6,-15.67,-43.12
90,90,3.76,-18.854,-48.34
90,90,3.92,-19.982,-47.53
90,90,4.08,-37.562,-65.23
90,90,4.24,-18.586,-47.61
90,90,4.4,-23.68,-53.49
90,90,4.56,-17.606,-47.42
90,90,4.72,-25.774,-55.76
90,90,4.88,-24.11,-54.24
90,90,5.04,-27.87,-57.92
90,90,5.2,-23.52,-54.94
90,90,5.36,-23.81,-54.61
90,90,5.52,-19.308,-49.59
90,90,5.68,-20.56,-51.93
90,90,5.84,-40.632,-72.08
90,90,6,-26.26,-57.8
90,90,6.16,-19.68,-51.72
90,90,6.32,-15.898,-49.39
90,90,6.48,-18.946,-53.03
90,90,6.64,-21.318,-55.71
90,90,6.8,-24.88,-58.38
90,90,6.96,-27.342,-61.67
90,90,7.12,-25.456,-60.05
90,90,7.28,-26.922,-61.3
90,90,7.44,-20.556,-54.89
90,90,7.6,-18.85,-52.25
90,90,7.76,-20.468,-55.69
90,90,7.92,-21.362,-55.99
90,90,8.08,-36.896,-71.7
90,90,8.24,-23.072,-58.18
90,90,8.4,-19.67,-55.05
90,90,8.56,-17.632,-53.91
90,90,8.72,-21.788,-59.09
90,90,8.88,-29.618,-66.76
90,90,9.04,-28.974,-66.76
90,90,9.2,-32.61,-71.47
90,90,9.36,-28.764,-66.83
90,90,9.52,-22.322,-60.7
90,90,9.68,-23.7,-62.59
90,90,9.84,-23.156,-62.27
90,90,10,-31.21,-70.28
90,90,10.16,-32.948,-72.59
90,90,10.32,-35.802,-75.43
90,90,10.48,-26.078,-65.61
90,90,10.64,-27.948,-67.96
90,90,10.8,-20.78,-61.05
90,90,10.96,-23.986,-63.97
90,90,11.12,-30.196,-70.44
90,90,11.28,-26.506,-66.95
90,90,11.44,-20.762,-61.51
90,90,11.6,-19.24,-60.11
90,90,11.76,-20.884,-62
90,90,11.92,-21.084,-62.21
90,90,12.08,-26.45,-68.64
90,90,12.24,-48.154,-90.41
90,90,12.4,-28.65,-71.31
90,90,12.56,-33.04,-77.11
90,90,12.72,-30.994,-75.55
90,90,12.88,-29.496,-74.7
90,90,13.04,-28.498,-75
90,90,13.2,-23.2,-69.98
90,90,13.36,-28.694,-74.91
90,90,13.52,-22.382,-68.39
90,90,13.68,-21.21,-67.89
90,90,13.84,-43.748,-91.23
90,90,14,-28.55,-76.4
90,90,14.16,-22.456,-70.68
90,90,14.32,-23.856,-72.81
90,90,14.48,-20.034,-71.86
90,90,14.64,-15.844,-65.3
90,90,14.8,-22.48,-70.49
90,90,14.96,-28.572,-75.7
90,90,15.12,-27.29,-73.72
90,90,15.28,-31.04,-77.59
90,90,15.44,-25.066,-71.38
90,90,15.6,-22.63,-69.26
90,90,15.76,-24.128,-71.32
90,90,15.92,-22.322,-69.5
90,90,16.08,-25.612,-73.07
90,90,16.24,-22.914,-71.04
90,90,16.4,-23.15,-72.96
90,90,16.56,-22.078,-71.01
90,90,16.72,-26.778,-76.26
90,90,16.88,-24.344,-74.81
90,90,17.04,-32.416,-83.67
90,90,17.2,-20.04,-72.47
90,90,17.36,-19.806,-72.45
90,90,17.52,-16.646,-69.18
90,90,17.68,-15.352,-68.43
90,90,17.84,-31.788,-84.7
90,90,18,-28.51,-81.32
91,90,2,-15.12,-36.91
91,90,2.16,-12.488,-35.9
91,90,2.32,-16.176,-41.83
91,90,2.48,-20.784,-48.03
91,90,2.64,-16.608,-45.32
91,90,2.8,-17.98,-45.04
91,90,2.96,-13.008,-41.32
91,90,3.12,-21.956,-50.19
91,90,3.28,-19.872,-49.89
91,90,3.44,-20.172,-48.82
91,90,3.6,-16.28,-43.73
91,90,3.76,-19.014,-48.5
91,90,3.92,-19.422,-46.97
91,90,4.08,-35.172,-62.84
91,90,4.24,-18.766,-47.79
91,90,4.4,-25.92,-55.73
91,90,4.56,-17.326,-47.14
91,90,4.72,-25.424,-55.41
91,90,4.88,-24.11,-54.24
91,90,5.04,-24.27,-54.32
91,90,5.2,-27.93,-59.35
91,90,5.36,-25.65,-56.45
91,90,5.52,-19.788,-50.07
91,90,5.68,-19.58,-50.95
91,90,5.84,-33.672,-65.12
91,90,6,-29.51,-61.05
91,90,6.16,-21.34,-53.38
91,90,6.32,-18.308,-51.8
91,90,6.48,-19.126,-53.21
91,90,6.64,-22.478,-56.87
91,90,6.8,-25.29,-58.79
91,90,6.96,-24.202,-58.53
91,90,7.12,-24.926,-59.52
91,90,7.28,-31.182,-65.56
91,90,7.44,-26.946,-61.28
91,90,7.6,-20.53,-53.93
91,90,7.76,-18.938,-54.16
91,90,7.92,-21.602,-56.23
91,90,8.08,-29.366,-64.17
91,90,8.24,-28.512,-63.62
91,90,8.4,-22.13,-57.51
91,90,8.56,-19.792,-56.07
91,90,8.72,-19.578,-56.88
91,90,8.88,-25.098,-62.24
91,90,9.04,-27.054,-64.84
91,90,9.2,-31.91,-70.77
91,90,9.36,-44.024,-82.09
91,90,9.52,-22.532,-60.91
91,90,9.68,-20.91,-59.8
91,90,9.84,-23.186,-62.3
91,90,10,-26.61,-65.68
91,90,10.16,-29.708,-69.35
91,90,10.32,-37.422,-77.05
91,90,10.48,-21.618,-61.15
91,90,10.64,-23.868,-63.88
91,90,10.8,-20.99,-61.26
91,90,10.96,-21.826,-61.81
91,90,11.12,-23.806,-64.05
91,90,11.28,-30.076,-70.52
91,90,11.44,-22.822,-63.57
91,90,11.6,-19.85,-60.72
91,90,11.76,-22.454,-63.57
91,90,11.92,-22.114,-63.24
91,90,12.08,-37.93,-80.12
91,90,12.24,-28.234,-70.49
91,90,12.4,-33.82,-76.48
91,90,12.56,-33.77,-77.84
91,90,12.72,-27.294,-71.85
91,90,12.88,-34.486,-79.69
91,90,13.04,-27.568,-74.07
91,90,13.2,-20.89,-67.67
91,90,13.36,-20.444,-66.66
91,90,13.52,-24.202,-70.21
91,90,13.68,-26.74,-73.42
91,90,13.84,-26.888,-74.37
91,90,14,-23.68,-71.53
91,90,14.16,-21.886,-70.11
91,90,14.32,-26.556,-75.51
91,90,14.48,-20.674,-72.5
91,90,14.64,-24.064,-73.52
91,90,14.8,-28.35,-76.36
91,90,14.96,-31.872,-79
91,90,15.12,-27.16,-73.59
91,90,15.28,-22.71,-69.26
91,90,15.44,-26.236,-72.55
91,90,15.6,-21.86,-68.49
91,90,15.76,-19.228,-66.42
91,90,15.92,-33.562,-80.74
91,90,16.08,-48.412,-95.87
91,90,16.24,-37.684,-85.81
91,90,16.4,-19.03,-68.84
91,90,16.56,-25.038,-73.97
91,90,16.72,-26.518,-76
91,90,16.88,-24.594,-75.06
91,90,17.04,-28.586,-79.84
91,90,17.2,-17.87,-70.3
91,90,17.36,-20.606,-73.25
91,90,17.52,-20.266,-72.8
91,90,17.68,-18.872,-71.95
91,90,17.84,-26.308,-79.22
91,90,18,-21.18,-73.99
92,90,2,-15.91,-37.7
92,90,2.16,-12.528,-35.94
92,90,2.32,-15.846,-41.5
92,90,2.48,-20.374,-47.62
92,90,2.64,-17.768,-46.48
92,90,2.8,-17.62,-44.68
92,90,2.96,-13.118,-41.43
92,90,3.12,-21.536,-49.77
92,90,3.28,-22.652,-52.67
92,90,3.44,-22.012,-50.66
92,90,3.6,-18.03,-45.48
92,90,3.76,-18.894,-48.38
92,90,3.92,-18.702,-46.25
92,90,4.08,-28.332,-56
92,90,4.24,-19.246,-48.27
92,90,4.4,-26.27,-56.08
92,90,4.56,-18.096,-47.91
92,90,4.72,-23.904,-53.89
92,90,4.88,-24.48,-54.61
92,90,5.04,-21.55,-51.6
92,90,5.2,-29.99,-61.41
92,90,5.36,-27.55,-58.35
92,90,5.52,-20.668,-50.95
92,90,5.68,-19.07,-50.44
92,90,5.84,-30.242,-61.69
92,90,6,-29.78,-61.32
92,90,6.16,-24.5,-56.54
92,90,6.32,-20.028,-53.52
92,90,6.48,-22.386,-56.47
92,90,6.64,-25.708,-60.1
92,90,6.8,-25.53,-59.03
92,90,6.96,-24.242,-58.57
92,90,7.12,-23.516,-58.11
92,90,7.28,-27.442,-61.82
92,90,7.44,-28.576,-62.91
92,90,7.6,-23.65,-57.05
92,90,7.76,-20.498,-55.72
92,90,7.92,-22.412,-57.04
92,90,8.08,-24.126,-58.93
92,90,8.24,-35.122,-70.23
92,90,8.4,-23.55,-58.93
92,90,8.56,-23.272,-59.55
92,90,8.72,-21.748,-59.05
92,90,8.88,-23.878,-61.02
92,90,9.04,-25.764,-63.55
92,90,9.2,-24.79,-63.65
92,90,9.36,-26.824,-64.89
92,90,9.52,-31.532,-69.91
92,90,9.68,-25.96,-64.85
92,90,9.84,-22.406,-61.52
92,90,10,-24.21,-63.28
92,90,10.16,-29.548,-69.19
92,90,10.32,-36.532,-76.16
92,90,10.48,-27.858,-67.39
92,90,10.64,-30.028,-70.04
92,90,10.8,-24.7,-64.97
92,90,10.96,-23.806,-63.79
92,90,11.12,-21.536,-61.78
92,90,11.28,-28.486,-68.93
92,90,11.44,-23.622,-64.37
92,90,11.6,-21.59,-62.46
92,90,11.76,-26.184,-67.3
92,90,11.92,-25.404,-66.53
92,90,12.08,-22.67,-64.86
92,90,12.24,-22.454,-64.71
92,90,12.4,-22.96,-65.62
92,90,12.56,-30.03,-74.1
92,90,12.72,-25.964,-70.52
92,90,12.88,-32.706,-77.91
92,90,13.04,-26.708,-73.21
92,90,13.2,-24.7,-71.48
92,90,13.36,-27.644,-73.86
92,90,13.52,-31.822,-77.83
92,90,13.68,-27.3,-73.98
92,90,13.84,-25.888,-73.37
92,90,14,-25.55,-73.4
92,90,14.16,-21.566,-69.79
92,90,14.32,-24.436,-73.39
92,90,14.48,-20.644,-72.47
92,90,14.64,-27.114,-76.57
92,90,14.8,-27.21,-75.22
92,90,14.96,-24.112,-71.24
92,90,15.12,-21.18,-67.61
92,90,15.28,-23.87,-70.42
92,90,15.44,-26.786,-73.1
92,90,15.6,-30.52,-77.15
92,90,15.76,-24.848,-72.04
92,90,15.92,-29.532,-76.71
92,90,16.08,-24.362,-71.82
92,90,16.24,-25.784,-73.91
92,90,16.4,-19.38,-69.19
92,90,16.56,-45.098,-94.03
92,90,16.72,-25.508,-74.99
92,90,16.88,-23.364,-73.83
92,90,17.04,-20.926,-72.18
92,90,17.2,-18.6,-71.03
92,90,17.36,-38.266,-90.91
92,90,17.52,-30.966,-83.5
92,90,17.68,-19.632,-72.71
92,90,17.84,-17.568,-70.48
92,90,18,-30.23,-83.04
93,90,2,-16.97,-38.76
93,90,2.16,-12.718,-36.13
93,90,2.32,-15.986,-41.64
93,90,2.48,-19.834,-47.08
93,90,2.64,-18.998,-47.71
93,90,2.8,-17.5,-44.56
93,90,2.96,-13.338,-41.65
93,90,3.12,-20.606,-48.84
93,90,3.28,-28.272,-58.29
93,90,3.44,-24.202,-52.85
93,90,3.6,-19.6,-47.05
93,90,3.76,-19.324,-48.81
93,90,3.92,-19.082,-46.63
93,90,4.08,-24.712,-52.38
93,90,4.24,-20.226,-49.25
93,90,4.4,-22.99,-52.8
93,90,4.56,-19.386,-49.2
93,90,4.72,-22.514,-52.5
93,90,4.88,-24.59,-54.72
93,90,5.04,-20.19,-50.24
93,90,5.2,-28.11,-59.53
93,90,5.36,-26.83,-57.63
93,90,5.52,-21.128,-51.41
93,90,5.68,-19.28,-50.65
93,90,5.84,-27.052,-58.5
93,90,6,-29.83,-61.37
93,90,6.16,-25.73,-57.77
93,90,6.32,-22.358,-55.85
93,90,6.48,-25.706,-59.79
93,90,6.64,-26.708,-61.1
93,90,6.8,-28.61,-62.11
93,90,6.96,-22.872,-57.2
93,90,7.12,-22.266,-56.86
93,90,7.28,-23.722,-58.1
93,90,7.44,-30.926,-65.26
93,90,7.6,-28.87,-62.27
93,90,7.76,-21.148,-56.37
93,90,7.92,-25.082,-59.71
93,90,8.08,-21.366,-56.17
93,90,8.24,-28.912,-64.02
93,90,8.4,-23.64,-59.02
93,90,8.56,-28.392,-64.67
93,90,8.72,-23.798,-61.1
93,90,8.88,-23.558,-60.7
93,90,9.04,-24.324,-62.11
93,90,9.2,-23.2,-62.06
93,90,9.36,-23.084,-61.15
93,90,9.52,-29.952,-68.33
93,90,9.68,-29.17,-68.06
93,90,9.84,-23.396,-62.51
93,90,10,-25.26,-64.33
93,90,10.16,-27.208,-66.85
93,90,10.32,-30.382,-70.01
93,90,10.48,-31.588,-71.12
93,90,10.64,-33.048,-73.06
93,90,10.8,-31.83,-72.1
93,90,10.96,-24.266,-64.25
93,90,11.12,-21.896,-62.14
93,90,11.28,-24.866,-65.31
93,90,11.44,-29.902,-70.65
93,90,11.6,-29.51,-70.38
93,90,11.76,-28.374,-69.49
93,90,11.92,-25.054,-66.18
93,90,12.08,-20.77,-62.96
93,90,12.24,-18.594,-60.85
93,90,12.4,-26.59,-69.25
93,90,12.56,-28.72,-72.79
93,90,12.72,-32.834,-77.39
93,90,12.88,-26.146,-71.35
93,90,13.04,-25.508,-72.01
93,90,13.2,-39.33,-86.11
93,90,13.36,-27.114,-73.33
93,90,13.52,-32.872,-78.88
93,90,13.68,-23.85,-70.53
93,90,13.84,-20.828,-68.31
93,90,14,-27.98,-75.83
93,90,14.16,-21.256,-69.48
93,90,14.32,-19.116,-68.07
93,90,14.48,-29.424,-81.25
93,90,14.64,-20.434,-69.89
93,90,14.8,-22.6,-70.61
93,90,14.96,-23.962,-71.09
93,90,15.12,-24.57,-71
93,90,15.28,-30.81,-77.36
93,90,15.44,-28.646,-74.96
93,90,15.6,-35.15,-81.78
93,90,15.76,-26.808,-74
93,90,15.92,-22.462,-69.64
93,90,16.08,-22.342,-69.8
93,90,16.24,-19.394,-67.52
93,90,16.4,-18.09,-67.9
93,90,16.56,-22.188,-71.12
93,90,16.72,-23.048,-72.53
93,90,16.88,-25.334,-75.8
93,90,17.04,-31.276,-82.53
93,90,17.2,-23.26,-75.69
93,90,17.36,-16.656,-69.3
93,90,17.52,-21.796,-74.33
93,90,17.68,-25.912,-78.99
93,90,17.84,-26.628,-79.54
93,90,18,-19.89,-72.7
94,90,2,-18.07,-39.86
94,90,2.16,-13.128,-36.54
94,90,2.32,-15.636,-41.29
94,90,2.48,-19.194,-46.44
94,90,2.64,-20.268,-48.98
94,90,2.8,-18.3,-45.36
94,90,2.96,-13.608,-41.92
94,90,3.12,-19.826,-48.06
94,90,3.28,-39.362,-69.38
94,90,3.44,-26.522,-55.17
94,90,3.6,-22.8,-50.25
94,90,3.76,-20.124,-49.61
94,90,3.92,-19.382,-46.93
94,90,4.08,-22.622,-50.29
94,90,4.24,-21.466,-50.49
94,90,4.4,-21.25,-51.06
94,90,4.56,-20.366,-50.18
94,90,4.72,-22.304,-52.29
94,90,4.88,-24.13,-54.26
94,90,5.04,-19.5,-49.55
94,90,5.2,-22.92,-54.34
94,90,5.36,-25.14,-55.94
94,90,5.52,-22.598,-52.88
94,90,5.68,-19.06,-50.43
94,90,5.84,-26.302,-57.75
94,90,6,-29.38,-60.92
94,90,6.16,-27.57,-59.61
94,90,6.32,-24.718,-58.21
94,90,6.48,-36.736,-70.82
94,90,6.64,-32.768,-67.16
94,90,6.8,-30.91,-64.41
94,90,6.96,-23.722,-58.05
94,90,7.12,-23.396,-57.99
94,90,7.28,-23.042,-57.42
94,90,7.44,-28.616,-62.95
94,90,7.6,-34.3,-67.7
94,90,7.76,-23.618,-58.84
94,90,7.92,-31.072,-65.7
94,90,8.08,-23.156,-57.96
94,90,8.24,-24.402,-59.51
94,90,8.4,-23.64,-59.02
94,90,8.56,-26.272,-62.55
94,90,8.72,-28.748,-66.05
94,90,8.88,-26.958,-64.1
94,90,9.04,-25.064,-62.85
94,90,9.2,-23.56,-62.42
94,90,9.36,-24.374,-62.44
94,90,9.52,-23.162,-61.54
94,90,9.68,-27.7,-66.59
94,90,9.84,-25.706,-64.82
94,90,10,-25.48,-64.55
94,90,10.16,-24.758,-64.4
94,90,10.32,-24.512,-64.14
94,90,10.48,-28.938,-68.47
94,90,10.64,-27.108,-67.12
94,90,10.8,-27.26,-67.53
94,90,10.96,-32.516,-72.5
94,90,11.12,-23.846,-64.09
94,90,11.28,-23.526,-63.97
94,90,11.44,-29.002,-69.75
94,90,11.6,-32.31,-73.18
94,90,11.76,-22.634,-63.75
94,90,11.92,-26.574,-67.7
94,90,12.08,-22.31,-64.5
94,90,12.24,-18.674,-60.93
94,90,12.4,-28.31,-70.97
94,90,12.56,-31.99,-76.06
94,90,12.72,-28.634,-73.19
94,90,12.88,-27.106,-72.31
94,90,13.04,-29.498,-76
94,90,13.2,-24.36,-71.14
94,90,13.36,-33.564,-79.78
94,90,13.52,-28.462,-74.47
94,90,13.68,-17.02,-63.7
94,90,13.84,-19.148,-66.63
94,90,14,-32.42,-80.27
94,90,14.16,-22.906,-71.13
94,90,14.32,-25.506,-74.46
94,90,14.48,-23.844,-75.67
94,90,14.64,-22.904,-72.36
94,90,14.8,-20.66,-68.67
94,90,14.96,-25.292,-72.42
94,90,15.12,-61.73,-108.16
94,90,15.28,-30.6,-77.15
94,90,15.44,-32.366,-78.68
94,90,15.6,-24.49,-71.12
94,90,15.76,-30.168,-77.36
94,90,15.92,-19.582,-66.76
94,90,16.08,-26.372,-73.83
94,90,16.24,-25.354,-73.48
94,90,16.4,-18.61,-68.42
94,90,16.56,-25.418,-74.35
94,90,16.72,-32.298,-81.78
94,90,16.88,-26.414,-76.88
94,90,17.04,-22.826,-74.08
94,90,17.2,-20.68,-73.11
94,90,17.36,-22.476,-75.12
94,90,17.52,-26.276,-78.81
94,90,17.68,-20.322,-73.4
94,90,17.84,-27.008,-79.92
94,90,18,-18.12,-70.93
95,90,2,-18.71,-40.5
95,90,2.16,-13.388,-36.8
95,90,2.32,-15.726,-41.38
95,90,2.48,-18.624,-45.87
95,90,2.64,-21.608,-50.32
95,90,2.8,-18.98,-46.04
95,90,2.96,-14.048,-42.36
95,90,3.12,-19.436,-47.67
95,90,3.28,-36.952,-66.97
95,90,3.44,-27.112,-55.76
95,90,3.6,-25.61,-53.06
95,90,3.76,-20.744,-50.23
95,90,3.92,-20.432,-47.98
95,90,4.08,-22.172,-49.84
95,90,4.24,-22.486,-51.51
95,90,4.4,-20.88,-50.69
95,90,4.56,-22.436,-52.25
95,90,4.72,-22.024,-52.01
95,90,4.88,-24.69,-54.82
95,90,5.04,-20.22,-50.27
95,90,5.2,-21.07,-52.49
95,90,5.36,-24.2,-55
95,90,5.52,-23.628,-53.91
95,90,5.68,-19.5,-50.87
95,90,5.84,-24.242,-55.69
95,90,6,-27.25,-58.79
95,90,6.16,-29.45,-61.49
95,90,6.32,-23.908,-57.4
95,90,6.48,-27.866,-61.95
95,90,6.64,-50.938,-85.33
95,90,6.8,-30.59,-64.09
95,90,6.96,-24.952,-59.28
95,90,7.12,-23.406,-58
95,90,7.28,-24.652,-59.03
95,90,7.44,-28.096,-62.43
95,90,7.6,-35.57,-68.97
95,90,7.76,-25.088,-60.31
95,90,7.92,-31.212,-65.84
95,90,8.08,-25.236,-60.04
95,90,8.24,-25.312,-60.42
95,90,8.4,-24.06,-59.44
95,90,8.56,-25.122,-61.4
95,90,8.72,-26.278,-63.58
95,90,8.88,-32.878,-70.02
95,90,9.04,-26.234,-64.02
95,90,9.2,-25.11,-63.97
95,90,9.36,-23.314,-61.38
95,90,9.52,-25.072,-63.45
95,90,9.68,-22.33,-61.22
95,90,9.84,-32.466,-71.58
95,90,10,-27.31,-66.38
95,90,10.16,-23.568,-63.21
95,90,10.32,-31.292,-70.92
95,90,10.48,-26.488,-66.02
95,90,10.64,-26.788,-66.8
95,90,10.8,-22.32,-62.59
95,90,10.96,-34.926,-74.91
95,90,11.12,-34.726,-74.97
95,90,11.28,-31.756,-72.2
95,90,11.44,-24.392,-65.14
95,90,11.6,-21.66,-62.53
95,90,11.76,-19.304,-60.42
95,90,11.92,-23.974,-65.1
95,90,12.08,-32.55,-74.74
95,90,12.24,-24.094,-66.35
95,90,12.4,-27.8,-70.46
95,90,12.56,-28.83,-72.9
95,90,12.72,-27.104,-71.66
95,90,12.88,-24.016,-69.22
95,90,13.04,-24.528,-71.03
95,90,13.2,-24.18,-70.96
95,90,13.36,-26.054,-72.27
95,90,13.52,-24.012,-70.02
95,90,13.68,-19.87,-66.55
95,90,13.84,-22.538,-70.02
95,90,14,-25.8,-73.65
95,90,14.16,-32.676,-80.9
95,90,14.32,-21.916,-70.87
95,90,14.48,-24.124,-75.95
95,90,14.64,-19.834,-69.29
95,90,14.8,-23.73,-71.74
95,90,14.96,-41.262,-88.39
95,90,15.12,-29,-75.43
95,90,15.28,-38.27,-84.82
95,90,15.44,-25.626,-71.94
95,90,15.6,-23.41,-70.04
95,90,15.76,-20.838,-68.03
95,90,15.92,-19.402,-66.58
95,90,16.08,-22.562,-70.02
95,90,16.24,-31.584,-79.71
95,90,16.4,-27.55,-77.36
95,90,16.56,-23.008,-71.94
95,90,16.72,-30.298,-79.78
95,90,16.88,-23.834,-74.3
95,90,17.04,-19.366,-70.62
95,90,17.2,-22.49,-74.92
95,90,17.36,-19.136,-71.78
95,90,17.52,-22.276,-74.81
95,90,17.68,-22.322,-75.4
95,90,17.84,-24.158,-77.07
95,90,18,-38.34,-91.15
96,90,2,-19.44,-41.23
96,90,2.16,-13.918,-37.33
96,90,2.32,-16.086,-41.74
96,90,2.48,-17.864,-45.11
96,90,2.64,-22.618,-51.33
96,90,2.8,-20.58,-47.64
96,90,2.96,-14.798,-43.11
96,90,3.12,-19.356,-47.59
96,90,3.28,-28.142,-58.16
96,90,3.44,-26.332,-54.98
96,90,3.6,-31.53,-58.98
96,90,3.76,-22.454,-51.94
96,90,3.92,-21.462,-49.01
96,90,4.08,-21.302,-48.97
96,90,4.24,-22.656,-51.68
96,90,4.4,-20.51,-50.32
96,90,4.56,-23.116,-52.93
96,90,4.72,-21.994,-51.98
96,90,4.88,-25.71,-55.84
96,90,5.04,-20.09,-50.14
96,90,5.2,-20.17,-51.59
96,90,5.36,-21.64,-52.44
96,90,5.52,-22.968,-53.25
96,90,5.68,-19.47,-50.84
96,90,5.84,-23.562,-55.01
96,90,6,-24.89,-56.43
96,90,6.16,-27.63,-59.67
96,90,6.32,-24.158,-57.65
96,90,6.48,-24.786,-58.87
96,90,6.64,-37.038,-71.43
96,90,6.8,-38.11,-71.61
96,90,6.96,-24.622,-58.95
96,90,7.12,-23.986,-58.58
96,90,7.28,-23.442,-57.82
96,90,7.44,-25.896,-60.23
96,90,7.6,-31.32,-64.72
96,90,7.76,-24.978,-60.2
96,90,7.92,-26.962,-61.59
96,90,8.08,-30.116,-64.92
96,90,8.24,-24.682,-59.79
96,90,8.4,-22.63,-58.01
96,90,8.56,-23.462,-59.74
96,90,8.72,-26.978,-64.28
96,90,8.88,-29.458,-66.6
96,90,9.04,-27.094,-64.88
96,90,9.2,-28.27,-67.13
96,90,9.36,-29.894,-67.96
96,90,9.52,-22.612,-60.99
96,90,9.68,-21.77,-60.66
96,90,9.84,-26.286,-65.4
96,90,10,-26.09,-65.16
96,90,10.16,-24.398,-64.04
96,90,10.32,-31.252,-70.88
96,90,10.48,-21.448,-60.98
96,90,10.64,-26.298,-66.31
96,90,10.8,-24.58,-64.85
96,90,10.96,-25.836,-65.82
96,90,11.12,-36.216,-76.46
96,90,11.28,-29.866,-70.31
96,90,11.44,-25.152,-65.9
96,90,11.6,-21.34,-62.21
96,90,11.76,-20.394,-61.51
96,90,11.92,-25.914,-67.04
96,90,12.08,-30.94,-73.13
96,90,12.24,-26.504,-68.76
96,90,12.4,-30.6,-73.26
96,90,12.56,-20.24,-64.31
96,90,12.72,-25.484,-70.04
96,90,12.88,-26.946,-72.15
96,90,13.04,-26.628,-73.13
96,90,13.2,-25.73,-72.51
96,90,13.36,-32.534,-78.75
96,90,13.52,-27.262,-73.27
96,90,13.68,-30.47,-77.15
96,90,13.84,-31.218,-78.7
96,90,14,-23.59,-71.44
96,90,14.16,-40.436,-88.66
96,90,14.32,-23.456,-72.41
96,90,14.48,-32.464,-84.29
96,90,14.64,-23.574,-73.03
96,90,14.8,-43.65,-91.66
96,90,14.96,-25.982,-73.11
96,90,15.12,-33.46,-79.89
96,90,15.28,-22.74,-69.29
96,90,15.44,-20.326,-66.64
96,90,15.6,-24,-70.63
96,90,15.76,-23.648,-70.84
96,90,15.92,-41.662,-88.84
96,90,16.08,-30.422,-77.88
96,90,16.24,-24.004,-72.13
96,90,16.4,-18.38,-68.19
96,90,16.56,-31.468,-80.4
96,90,16.72,-31.468,-80.95
96,90,16.88,-24.094,-74.56
96,90,17.04,-20.836,-72.09
96,90,17.2,-25.92,-78.35
96,90,17.36,-33.296,-85.94
96,90,17.52,-22.446,-74.98
96,90,17.68,-22.632,-75.71
96,90,17.84,-24.618,-77.53
96,90,18,-18.54,-71.35
97,90,2,-20.07,-41.86
97,90,2.16,-14.498,-37.91
97,90,2.32,-16.706,-42.36
97,90,2.48,-17.594,-44.84
97,90,2.64,-25.838,-54.55
97,90,2.8,-21.75,-48.81
97,90,2.96,-15.658,-43.97
97,90,3.12,-18.576,-46.81
97,90,3.28,-23.732,-53.75
97,90,3.44,-24.292,-52.94
97,90,3.6,-33.76,-61.21
97,90,3.76,-24.824,-54.31
97,90,3.92,-23.972,-51.52
97,90,4.08,-21.632,-49.3
97,90,4.24,-22.186,-51.21
97,90,4.4,-20.5,-50.31
97,90,4.56,-23.526,-53.34
97,90,4.72,-22.214,-52.2
97,90,4.88,-25.26,-55.39
97,90,5.04,-22.36,-52.41
97,90,5.2,-20.04,-51.46
97,90,5.36,-21.15,-51.95
97,90,5.52,-22.248,-52.53
97,90,5.68,-21.3,-52.67
97,90,5.84,-23.182,-54.63
97,90,6,-23.31,-54.85
97,90,6.16,-26.15,-58.19
97,90,6.32,-24.058,-57.55
97,90,6.48,-24.396,-58.48
97,90,6.64,-32.988,-67.38
97,90,6.8,-44.78,-78.28
97,90,6.96,-25.802,-60.13
97,90,7.12,-25.146,-59.74
97,90,7.28,-25.042,-59.42
97,90,7.44,-24.576,-58.91
97,90,7.6,-33.93,-67.33
97,90,7.76,-26.068,-61.29
97,90,7.92,-23.582,-58.21
97,90,8.08,-45.826,-80.63
97,90,8.24,-23.782,-58.89
97,90,8.4,-23.97,-59.35
97,90,8.56,-21.392,-57.67
97,90,8.72,-28.688,-65.99
97,90,8.88,-28.728,-65.87
97,90,9.04,-31.134,-68.92
97,90,9.2,-35.59,-74.45
97,90,9.36,-41.854,-79.92
97,90,9.52,-36.142,-74.52
97,90,9.68,-22.63,-61.52
97,90,9.84,-23.196,-62.31
97,90,10,-26.84,-65.91
97,90,10.16,-29.028,-68.67
97,90,10.32,-35.022,-74.65
97,90,10.48,-23.948,-63.48
97,90,10.64,-22.508,-62.52
97,90,10.8,-24.98,-65.25
97,90,10.96,-24.126,-64.11
97,90,11.12,-28.826,-69.07
97,90,11.28,-26.356,-66.8
97,90,11.44,-29.922,-70.67
97,90,11.6,-28.46,-69.33
97,90,11.76,-22.604,-63.72
97,90,11.92,-23.034,-64.16
97,90,12.08,-27.83,-70.02
97,90,12.24,-29.714,-71.97
97,90,12.4,-21.91,-64.57
97,90,12.56,-24.5,-68.57
97,90,12.72,-26.094,-70.65
97,90,12.88,-24.746,-69.95
97,90,13.04,-25.688,-72.19
97,90,13.2,-23.25,-70.03
97,90,13.36,-32.224,-78.44
97,90,13.52,-38.532,-84.54
97,90,13.68,-27.74,-74.42
97,90,13.84,-23.678,-71.16
97,90,14,-24.18,-72.03
97,90,14.16,-19.296,-67.52
97,90,14.32,-23.396,-72.35
97,90,14.48,-28.134,-79.96
97,90,14.64,-22.744,-72.2
97,90,14.8,-33.75,-81.76
97,90,14.96,-27.192,-74.32
97,90,15.12,-23.48,-69.91
97,90,15.28,-27.66,-74.21
97,90,15.44,-25.116,-71.43
97,90,15.6,-26.03,-72.66
97,90,15.76,-23.578,-70.77
97,90,15.92,-23.752,-70.93
97,90,16.08,-30.872,-78.33
97,90,16.24,-28.094,-76.22
97,90,16.4,-19.71,-69.52
97,90,16.56,-22.498,-71.43
97,90,16.72,-28.598,-78.08
97,90,16.88,-26.594,-77.06
97,90,17.04,-22.106,-73.36
97,90,17.2,-22.32,-74.75
97,90,17.36,-26.456,-79.1
97,90,17.52,-21.006,-73.54
97,90,17.68,-26.722,-79.8
97,90,17.84,-20.408,-73.32
97,90,18,-33.63,-86.44
98,90,2,-20.27,-42.06
98,90,2.16,-15.288,-38.7
98,90,2.32,-17.336,-42.99
98,90,2.48,-17.464,-44.71
98,90,2.64,-26.198,-54.91
98,90,2.8,-23.29,-50.35
98,90,2.96,-16.908,-45.22
98,90,3.12,-19.076,-47.31
98,90,3.28,-21.432,-51.45
98,90,3.44,-22.902,-51.55
98,90,3.6,-32.11,-59.56
98,90,3.76,-26.724,-56.21
98,90,3.92,-26.732,-54.28
98,90,4.08,-22.132,-49.8
98,90,4.24,-21.266,-50.29
98,90,4.4,-19.09,-48.9
98,90,4.56,-23.166,-52.98
98,90,4.72,-22.644,-52.63
98,90,4.88,-27.43,-57.56
98,90,5.04,-24.12,-54.17
98,90,5.2,-21.17,-52.59
98,90,5.36,-21.18,-51.98
98,90,5.52,-20.758,-51.04
98,90,5.68,-21.68,-53.05
98,90,5.84,-24.612,-56.06
98,90,6,-23.4,-54.94
98,90,6.16,-25.35,-57.39
98,90,6.32,-22.948,-56.44
98,90,6.48,-23.786,-57.87
98,90,6.64,-27.998,-62.39
98,90,6.8,-31.44,-64.94
98,90,6.96,-26.942,-61.27
98,90,7.12,-28.596,-63.19
98,90,7.28,-25.212,-59.59
98,90,7.44,-25.276,-59.61
98,90,7.6,-30.44,-63.84
98,90,7.76,-33.998,-69.22
98,90,7.92,-25.192,-59.82
98,90,8.08,-29.676,-64.48
98,90,8.24,-30.662,-65.77
98,90,8.4,-25.54,-60.92
98,90,8.56,-24.192,-60.47
98,90,8.72,-29.858,-67.16
98,90,8.88,-25.368,-62.51
98,90,9.04,-30.794,-68.58
98,90,9.2,-28.66,-67.52
98,90,9.36,-39.914,-77.98
98,90,9.52,-30.552,-68.93
98,90,9.68,-23.81,-62.7
98,90,9.84,-21.796,-60.91
98,90,10,-28.83,-67.9
98,90,10.16,-32.338,-71.98
98,90,10.32,-28.182,-67.81
98,90,10.48,-31.218,-70.75
98,90,10.64,-24.968,-64.98
98,90,10.8,-33.03,-73.3
98,90,10.96,-25.276,-65.26
98,90,11.12,-29.886,-70.13
98,90,11.28,-26.386,-66.83
98,90,11.44,-32.672,-73.42
98,90,11.6,-30.56,-71.43
98,90,11.76,-30.184,-71.3
98,90,11.92,-36.194,-77.32
98,90,12.08,-27.89,-70.08
98,90,12.24,-23.154,-65.41
98,90,12.4,-23.29,-65.95
98,90,12.56,-41.38,-85.45
98,90,12.72,-32.334,-76.89
98,90,12.88,-31.476,-76.68
98,90,13.04,-23.208,-69.71
98,90,13.2,-22.21,-68.99
98,90,13.36,-28.034,-74.25
98,90,13.52,-25.422,-71.43
98,90,13.68,-29.75,-76.43
98,90,13.84,-31.528,-79.01
98,90,14,-21.13,-68.98
98,90,14.16,-20.076,-68.3
98,90,14.32,-21.656,-70.61
98,90,14.48,-25.734,-77.56
98,90,14.64,-24.654,-74.11
98,90,14.8,-26.29,-74.3
98,90,14.96,-30.882,-78.01
98,90,15.12,-26.21,-72.64
98,90,15.28,-30.8,-77.35
98,90,15.44,-33.746,-80.06
98,90,15.6,-37.04,-83.67
98,90,15.76,-30.518,-77.71
98,90,15.92,-21.612,-68.79
98,90,16.08,-30.892,-78.35
98,90,16.24,-26.414,-74.54
98,90,16.4,-25.5,-75.31
98,90,16.56,-27.598,-76.53
98,90,16.72,-25.428,-74.91
98,90,16.88,-30.324,-80.79
98,90,17.04,-22.876,-74.13
98,90,17.2,-29.89,-82.32
98,90,17.36,-21.336,-73.98
98,90,17.52,-30.086,-82.62
98,90,17.68,-18.962,-72.04
98,90,17.84,-34.128,-87.04
98,90,18,-29.69,-82.5
99,90,2,-20.17,-41.96
99,90,2.16,-15.848,-39.26
99,90,2.32,-18.266,-43.92
99,90,2.48,-17.564,-44.81
99,90,2.64,-27.238,-55.95
99,90,2.8,-25.44,-52.5
99,90,2.96,-18.528,-46.84
99,90,3.12,-19.036,-47.27
99,90,3.28,-20.792,-50.81
99,90,3.44,-22.272,-50.92
99,90,3.6,-28.06,-55.51
99,90,3.76,-31.384,-60.87
99,90,3.92,-31.112,-58.66
99,90,4.08,-23.042,-50.71
99,90,4.24,-20.276,-49.3
99,90,4.4,-18.25,-48.06
99,90,4.56,-24.156,-53.97
99,90,4.72,-22.324,-52.31
99,90,4.88,-28.58,-58.71
99,90,5.04,-27.57,-57.62
99,90,5.2,-21.71,-53.13
99,90,5.36,-20.52,-51.32
99,90,5.52,-20.228,-50.51
99,90,5.68,-23.35,-54.72
99,90,5.84,-26.172,-57.62
99,90,6,-23.96,-55.5
99,90,6.16,-24.38,-56.42
99,90,6.32,-24.278,-57.77
99,90,6.48,-22.916,-57
99,90,6.64,-25.608,-60
99,90,6.8,-27.31,-60.81
99,90,6.96,-38.122,-72.45
99,90,7.12,-43.656,-78.25
99,90,7.28,-26.212,-60.59
99,90,7.44,-25.326,-59.66
99,90,7.6,-27.83,-61.23
99,90,7.76,-29.898,-65.12
99,90,7.92,-28.442,-63.07
99,90,8.08,-25.746,-60.55
99,90,8.24,-34.552,-69.66
99,90,8.4,-29.79,-65.17
99,90,8.56,-25.422,-61.7
99,90,8.72,-35.098,-72.4
99,90,8.88,-25.488,-62.63
99,90,9.04,-25.614,-63.4
99,90,9.2,-26.65,-65.51
99,90,9.36,-32.004,-70.07
99,90,9.52,-37.952,-76.33
99,90,9.68,-27.69,-66.58
99,90,9.84,-25.746,-64.86
99,90,10,-27.14,-66.21
99,90,10.16,-34.648,-74.29
99,90,10.32,-28.762,-68.39
99,90,10.48,-30.318,-69.85
99,90,10.64,-25.408,-65.42
99,90,10.8,-35.63,-75.9
99,90,10.96,-30.546,-70.53
99,90,11.12,-29.156,-69.4
99,90,11.28,-26.836,-67.28
99,90,11.44,-39.742,-80.49
99,90,11.6,-30.53,-71.4
99,90,11.76,-26.224,-67.34
99,90,11.92,-26.584,-67.71
99,90,12.08,-28.68,-70.87
99,90,12.24,-26.014,-68.27
99,90,12.4,-28.65,-71.31
99,90,12.56,-35.47,-79.54
99,90,12.72,-37.084,-81.64
99,90,12.88,-29.716,-74.92
99,90,13.04,-22.038,-68.54
99,90,13.2,-23.96,-70.74
99,90,13.36,-41.284,-87.5
99,90,13.52,-23.812,-69.82
99,90,13.68,-25.21,-71.89
99,90,13.84,-21.878,-69.36
99,90,14,-28.63,-76.48
99,90,14.16,-26.066,-74.29
99,90,14.32,-27.246,-76.2
99,90,14.48,-24.324,-76.15
99,90,14.64,-25.854,-75.31
99,90,14.8,-26.28,-74.29
99,90,14.96,-34.092,-81.22
99,90,15.12,-31.25,-77.68
99,90,15.28,-33.13,-79.68
99,90,15.44,-22.786,-69.1
99,90,15.6,-22.81,-69.44
99,90,15.76,-28.448,-75.64
99,90,15.92,-25.392,-72.57
99,90,16.08,-29.082,-76.54
99,90,16.24,-34.794,-82.92
99,90,16.4,-20.89,-70.7
99,90,16.56,-24.018,-72.95
99,90,16.72,-31.538,-81.02
99,90,16.88,-21.024,-71.49
99,90,17.04,-20.746,-72
99,90,17.2,-31.28,-83.71
99,90,17.36,-34.906,-87.55
99,90,17.52,-22.796,-75.33
99,90,17.68,-26.982,-80.06
99,90,17.84,-23.538,-76.45
99,90,18,-26.51,-79.32
100,90,2,-20.21,-42
100,90,2.16,-16.348,-39.76
100,90,2.32,-19.116,-44.77
100,90,2.48,-17.894,-45.14
100,90,2.64,-27.258,-55.97
100,90,2.8,-26.05,-53.11
100,90,2.96,-19.628,-47.94
100,90,3.12,-19.876,-48.11
100,90,3.28,-19.522,-49.54
100,90,3.44,-20.832,-49.48
100,90,3.6,-26.48,-53.93
100,90,3.76,-38.164,-67.65
100,90,3.92,-33.432,-60.98
100,90,4.08,-24.702,-52.37
100,90,4.24,-19.886,-48.91
100,90,4.4,-17.74,-47.55
100,90,4.56,-26.076,-55.89
100,90,4.72,-22.944,-52.93
100,90,4.88,-33.21,-63.34
100,90,5.04,-31.63,-61.68
100,90,5.2,-23.12,-54.54
100,90,5.36,-20.21,-51.01
100,90,5.52,-19.658,-49.94
100,90,5.68,-22.76,-54.13
100,90,5.84,-27.992,-59.44
100,90,6,-27.3,-58.84
100,90,6.16,-25.11,-57.15
100,90,6.32,-26.168,-59.66
100,90,6.48,-24.476,-58.56
100,90,6.64,-25.088,-59.48
100,90,6.8,-23.11,-56.61
100,90,6.96,-32.762,-67.09
100,90,7.12,-31.756,-66.35
100,90,7.28,-53.042,-87.42
100,90,7.44,-27.086,-61.42
100,90,7.6,-27.01,-60.41
100,90,7.76,-26.078,-61.3
100,90,7.92,-29.602,-64.23
100,90,8.08,-23.436,-58.24
100,90,8.24,-40.852,-75.96
100,90,8.4,-28.46,-63.84
100,90,8.56,-28.022,-64.3
100,90,8.72,-33.778,-71.08
100,90,8.88,-25.388,-62.53
100,90,9.04,-26.664,-64.45
100,90,9.2,-25.12,-63.98
100,90,9.36,-25.314,-63.38
100,90,9.52,-33.822,-72.2
100,90,9.68,-34.7,-73.59
100,90,9.84,-38.076,-77.19
100,90,10,-39.14,-78.21
100,90,10.16,-28.778,-68.42
100,90,10.32,-29.122,-68.75
100,90,10.48,-37.898,-77.43
100,90,10.64,-34.028,-74.04
100,90,10.8,-27.64,-67.91
100,90,10.96,-34.496,-74.48
100,90,11.12,-32.366,-72.61
100,90,11.28,-29.986,-70.43
100,90,11.44,-33.542,-74.29
100,90,11.6,-25.54,-66.41
100,90,11.76,-21.464,-62.58
100,90,11.92,-28.194,-69.32
100,90,12.08,-40.69,-82.88
100,90,12.24,-26.844,-69.1
100,90,12.4,-35.13,-77.79
100,90,12.56,-30.19,-74.26
100,90,12.72,-26.524,-71.08
100,90,12.88,-26.936,-72.14
100,90,13.04,-29.458,-75.96
100,90,13.2,-27.47,-74.25
100,90,13.36,-34.384,-80.6
100,90,13.52,-25.362,-71.37
100,90,13.68,-22.49,-69.17
100,90,13.84,-47.588,-95.07
100,90,14,-27.22,-75.07
100,90,14.16,-18.046,-66.27
100,90,14.32,-34.276,-83.23
100,90,14.48,-24.504,-76.33
100,90,14.64,-24.894,-74.35
100,90,14.8,-42.45,-90.46
100,90,14.96,-26.462,-73.59
100,90,15.12,-34.31,-80.74
100,90,15.28,-26.4,-72.95
100,90,15.44,-25.656,-71.97
100,90,15.6,-29.56,-76.19
100,90,15.76,-31.978,-79.17
100,90,15.92,-25.752,-72.93
100,90,16.08,-25.882,-73.34
100,90,16.24,-38.094,-86.22
100,90,16.4,-25.37,-75.18
100,90,16.56,-34.818,-83.75
100,90,16.72,-20.318,-69.8
100,90,16.88,-18.864,-69.33
100,90,17.04,-31.816,-83.07
100,90,17.2,-32.16,-84.59
100,90,17.36,-21.216,-73.86
100,90,17.52,-19.836,-72.37
100,90,17.68,-20.622,-73.7
100,90,17.84,-20.118,-73.03
100,90,18,-24.79,-77.6
101,90,2,-20.46,-42.25
101,90,2.16,-16.708,-40.12
101,90,2.32,-20.436,-46.09
101,90,2.48,-18.044,-45.29
101,90,2.64,-25.418,-54.13
101,90,2.8,-25.58,-52.64
101,90,2.96,-19.418,-47.73
101,90,3.12,-21.206,-49.44
101,90,3.28,-19.152,-49.17
101,90,3.44,-19.482,-48.13
101,90,3.6,-25.96,-53.41
101,90,3.76,-36.264,-65.75
101,90,3.92,-29.392,-56.94
101,90,4.08,-26.712,-54.38
101,90,4.24,-19.726,-48.75
101,90,4.4,-16.96,-46.77
101,90,4.56,-27.686,-57.5
101,90,4.72,-23.254,-53.24
101,90,4.88,-37.35,-67.48
101,90,5.04,-38.68,-68.73
101,90,5.2,-24.64,-56.06
101,90,5.36,-21.57,-52.37
101,90,5.52,-20.088,-50.37
101,90,5.68,-22.93,-54.3
101,90,5.84,-47.542,-78.99
101,90,6,-33.29,-64.83
101,90,6.16,-27.74,-59.78
101,90,6.32,-27.998,-61.49
101,90,6.48,-25.626,-59.71
101,90,6.64,-26.538,-60.93
101,90,6.8,-22.53,-56.03
101,90,6.96,-28.152,-62.48
101,90,7.12,-25.556,-60.15
101,90,7.28,-33.652,-68.03
101,90,7.44,-33.706,-68.04
101,90,7.6,-25.79,-59.19
101,90,7.76,-24.788,-60.01
101,90,7.92,-29.512,-64.14
101,90,8.08,-22.166,-56.97
101,90,8.24,-27.992,-63.1
101,90,8.4,-30.04,-65.42
101,90,8.56,-35.152,-71.43
101,90,8.72,-41.388,-78.69
101,90,8.88,-27.298,-64.44
101,90,9.04,-26.254,-64.04
101,90,9.2,-24.33,-63.19
101,90,9.36,-23.664,-61.73
101,90,9.52,-26.232,-64.61
101,90,9.68,-33.16,-72.05
101,90,9.84,-42.506,-81.62
101,90,10,-36.12,-75.19
101,90,10.16,-30.848,-70.49
101,90,10.32,-24.042,-63.67
101,90,10.48,-43.428,-82.96
101,90,10.64,-42.958,-82.97
101,90,10.8,-26.13,-66.4
101,90,10.96,-44.006,-83.99
101,90,11.12,-32.296,-72.54
101,90,11.28,-34.386,-74.83
101,90,11.44,-34.192,-74.94
101,90,11.6,-28.57,-69.44
101,90,11.76,-23.864,-64.98
101,90,11.92,-32.564,-73.69
101,90,12.08,-39.12,-81.31
101,90,12.24,-23.324,-65.58
101,90,12.4,-26.26,-68.92
101,90,12.56,-30.3,-74.37
101,90,12.72,-28.914,-73.47
101,90,12.88,-21.586,-66.79
101,90,13.04,-36.688,-83.19
101,90,13.2,-23.85,-70.63
101,90,13.36,-27.734,-73.95
101,90,13.52,-35.552,-81.56
101,90,13.68,-22.34,-69.02
101,90,13.84,-30.698,-78.18
101,90,14,-25.78,-73.63
101,90,14.16,-20.876,-69.1
101,90,14.32,-25.696,-74.65
101,90,14.48,-26.814,-78.64
101,90,14.64,-32.444,-81.9
101,90,14.8,-23.62,-71.63
101,90,14.96,-24.482,-71.61
101,90,15.12,-28.87,-75.3
101,90,15.28,-25.62,-72.17
101,90,15.44,-25.596,-71.91
101,90,15.6,-23.83,-70.46
101,90,15.76,-31.398,-78.59
101,90,15.92,-27.082,-74.26
101,90,16.08,-23.182,-70.64
101,90,16.24,-23.934,-72.06
101,90,16.4,-25.54,-75.35
101,90,16.56,-22.118,-71.05
101,90,16.72,-26.468,-75.95
101,90,16.88,-25.004,-75.47
101,90,17.04,-32.426,-83.68
101,90,17.2,-22.13,-74.56
101,90,17.36,-18.816,-71.46
101,90,17.52,-16.556,-69.09
101,90,17.68,-30.042,-83.12
101,90,17.84,-21.858,-74.77
101,90,18,-22.71,-75.52
102,90,2,-20.32,-42.11
102,90,2.16,-16.798,-40.21
102,90,2.32,-21.716,-47.37
102,90,2.48,-18.764,-46.01
102,90,2.64,-25.158,-53.87
102,90,2.8,-23.66,-50.72
102,90,2.96,-17.698,-46.01
102,90,3.12,-22.706,-50.94
102,90,3.28,-19.142,-49.16
102,90,3.44,-18.192,-46.84
102,90,3.6,-27.99,-55.44
102,90,3.76,-34.074,-63.56
102,90,3.92,-27.162,-54.71
102,90,4.08,-28.522,-56.19
102,90,4.24,-20.836,-49.86
102,90,4.4,-17.68,-47.49
102,90,4.56,-29.046,-58.86
102,90,4.72,-22.854,-52.84
102,90,4.88,-35.9,-66.03
102,90,5.04,-38.31,-68.36
102,90,5.2,-26.29,-57.71
102,90,5.36,-23.07,-53.87
102,90,5.52,-20.628,-50.91
102,90,5.68,-22.46,-53.83
102,90,5.84,-30.992,-62.44
102,90,6,-42.7,-74.24
102,90,6.16,-30.65,-62.69
102,90,6.32,-48.248,-81.74
102,90,6.48,-32.366,-66.45
102,90,6.64,-28.178,-62.57
102,90,6.8,-23.95,-57.45
102,90,6.96,-26.452,-60.78
102,90,7.12,-22.706,-57.3
102,90,7.28,-25.042,-59.42
102,90,7.44,-38.886,-73.22
102,90,7.6,-27.73,-61.13
102,90,7.76,-26.648,-61.87
102,90,7.92,-26.222,-60.85
102,90,8.08,-23.956,-58.76
102,90,8.24,-25.602,-60.71
102,90,8.4,-27.45,-62.83
102,90,8.56,-26.572,-62.85
102,90,8.72,-28.748,-66.05
102,90,8.88,-43.438,-80.58
102,90,9.04,-28.724,-66.51
102,90,9.2,-28.51,-67.37
102,90,9.36,-23.634,-61.7
102,90,9.52,-25.752,-64.13
102,90,9.68,-31.34,-70.23
102,90,9.84,-28.486,-67.6
102,90,10,-26.49,-65.56
102,90,10.16,-30.738,-70.38
102,90,10.32,-26.592,-66.22
102,90,10.48,-33.148,-72.68
102,90,10.64,-45.378,-85.39
102,90,10.8,-22.94,-63.21
102,90,10.96,-33.846,-73.83
102,90,11.12,-30.986,-71.23
102,90,11.28,-30.676,-71.12
102,90,11.44,-30.232,-70.98
102,90,11.6,-25.74,-66.61
102,90,11.76,-29.574,-70.69
102,90,11.92,-29.554,-70.68
102,90,12.08,-34.72,-76.91
102,90,12.24,-24.944,-67.2
102,90,12.4,-29,-71.66
102,90,12.56,-28.02,-72.09
102,90,12.72,-29.474,-74.03
102,90,12.88,-27.426,-72.63
102,90,13.04,-39.118,-85.62
102,90,13.2,-28.2,-74.98
102,90,13.36,-25.714,-71.93
102,90,13.52,-30.142,-76.15
102,90,13.68,-18.33,-65.01
102,90,13.84,-30.128,-77.61
102,90,14,-33.05,-80.9
102,90,14.16,-18.586,-66.81
102,90,14.32,-24.466,-73.42
102,90,14.48,-29.944,-81.77
102,90,14.64,-22.684,-72.14
102,90,14.8,-27.45,-75.46
102,90,14.96,-26.702,-73.83
102,90,15.12,-28.31,-74.74
102,90,15.28,-31.63,-78.18
102,90,15.44,-25.956,-72.27
102,90,15.6,-31.95,-78.58
102,90,15.76,-28.938,-76.13
102,90,15.92,-35.652,-82.83
102,90,16.08,-35.782,-83.24
102,90,16.24,-27.474,-75.6
102,90,16.4,-26.2,-76.01
102,90,16.56,-29.538,-78.47
102,90,16.72,-43.598,-93.08
102,90,16.88,-31.054,-81.52
102,90,17.04,-26.166,-77.42
102,90,17.2,-24.5,-76.93
102,90,17.36,-21.086,-73.73
102,90,17.52,-24.296,-76.83
102,90,17.68,-25.742,-78.82
102,90,17.84,-19.538,-72.45
102,90,18,-19.41,-72.22
103,90,2,-20.55,-42.34
103,90,2.16,-16.498,-39.91
103,90,2.32,-22.696,-48.35
103,90,2.48,-19.844,-47.09
103,90,2.64,-24.568,-53.28
103,90,2.8,-22.98,-50.04
103,90,2.96,-15.958,-44.27
103,90,3.12,-23.886,-52.12
103,90,3.28,-19.732,-49.75
103,90,3.44,-17.612,-46.26
103,90,3.6,-28.94,-56.39
103,90,3.76,-32.414,-61.9
103,90,3.92,-25.062,-52.61
103,90,4.08,-30.072,-57.74
103,90,4.24,-22.506,-51.53
103,90,4.4,-18.66,-48.47
103,90,4.56,-31.286,-61.1
103,90,4.72,-24.544,-54.53
103,90,4.88,-29.98,-60.11
103,90,5.04,-32.36,-62.41
103,90,5.2,-31.31,-62.73
103,90,5.36,-25.2,-56
103,90,5.52,-22.348,-52.63
103,90,5.68,-21.36,-52.73
103,90,5.84,-25.752,-57.2
103,90,6,-28.79,-60.33
103,90,6.16,-28.26,-60.3
103,90,6.32,-26.938,-60.43
103,90,6.48,-32.776,-66.86
103,90,6.64,-27.568,-61.96
103,90,6.8,-23.92,-57.42
103,90,6.96,-23.902,-58.23
103,90,7.12,-21.026,-55.62
103,90,7.28,-22.492,-56.87
103,90,7.44,-25.336,-59.67
103,90,7.6,-37.28,-70.68
103,90,7.76,-34.258,-69.48
103,90,7.92,-28.212,-62.84
103,90,8.08,-24.366,-59.17
103,90,8.24,-24.782,-59.89
103,90,8.4,-24.76,-60.14
103,90,8.56,-25.002,-61.28
103,90,8.72,-24.728,-62.03
103,90,8.88,-42.598,-79.74
103,90,9.04,-33.384,-71.17
103,90,9.2,-32.08,-70.94
103,90,9.36,-28.454,-66.52
103,90,9.52,-27.642,-66.02
103,90,9.68,-27.8,-66.69
103,90,9.84,-26.976,-66.09
103,90,10,-26.06,-65.13
103,90,10.16,-30.338,-69.98
103,90,10.32,-37.182,-76.81
103,90,10.48,-33.028,-72.56
103,90,10.64,-31.348,-71.36
103,90,10.8,-28.19,-68.46
103,90,10.96,-27.826,-67.81
103,90,11.12,-28.846,-69.09
103,90,11.28,-36.186,-76.63
103,90,11.44,-31.002,-71.75
103,90,11.6,-41.27,-82.14
103,90,11.76,-34.084,-75.2
103,90,11.92,-27.254,-68.38
103,90,12.08,-24.21,-66.4
103,90,12.24,-21.994,-64.25
103,90,12.4,-25.58,-68.24
103,90,12.56,-24.23,-68.3
103,90,12.72,-35.184,-79.74
103,90,12.88,-26.496,-71.7
103,90,13.04,-20.828,-67.33
103,90,13.2,-24.45,-71.23
103,90,13.36,-31.434,-77.65
103,90,13.52,-30.962,-76.97
103,90,13.68,-20.39,-67.07
103,90,13.84,-24.758,-72.24
103,90,14,-32.73,-80.58
103,90,14.16,-21.796,-70.02
103,90,14.32,-27.116,-76.07
103,90,14.48,-33.744,-85.57
103,90,14.64,-25.004,-74.46
103,90,14.8,-23.5,-71.51
103,90,14.96,-24.652,-71.78
103,90,15.12,-24.63,-71.06
103,90,15.28,-32,-78.55
103,90,15.44,-26.546,-72.86
103,90,15.6,-25.04,-71.67
103,90,15.76,-26.198,-73.39
103,90,15.92,-24.502,-71.68
103,90,16.08,-34.032,-81.49
103,90,16.24,-24.574,-72.7
103,90,16.4,-25.62,-75.43
103,90,16.56,-26.188,-75.12
103,90,16.72,-28.648,-78.13
103,90,16.88,-24.384,-74.85
103,90,17.04,-19.946,-71.2
103,90,17.2,-21.95,-74.38
103,90,17.36,-28.786,-81.43
103,90,17.52,-18.036,-70.57
103,90,17.68,-21.992,-75.07
103,90,17.84,-19.078,-71.99
103,90,18,-23.24,-76.05
104,90,2,-20.98,-42.77
104,90,2.16,-16.348,-39.76
104,90,2.32,-23.256,-48.91
104,90,2.48,-20.324,-47.57
104,90,2.64,-23.948,-52.66
104,90,2.8,-21.68,-48.74
104,90,2.96,-14.168,-42.48
104,90,3.12,-26.036,-54.27
104,90,3.28,-20.662,-50.68
104,90,3.44,-16.572,-45.22
104,90,3.6,-31.74,-59.19
104,90,3.76,-30.824,-60.31
104,90,3.92,-23.232,-50.78
104,90,4.08,-29.832,-57.5
104,90,4.24,-25.146,-54.17
104,90,4.4,-20.75,-50.56
104,90,4.56,-31.336,-61.15
104,90,4.72,-26.404,-56.39
104,90,4.88,-27.47,-57.6
104,90,5.04,-29.35,-59.4
104,90,5.2,-35.6,-67.02
104,90,5.36,-26.78,-57.58
104,90,5.52,-25.398,-55.68
104,90,5.68,-21.02,-52.39
104,90,5.84,-22.682,-54.13
104,90,6,-23.68,-55.22
104,90,6.16,-26.88,-58.92
104,90,6.32,-23.868,-57.36
104,90,6.48,-30.546,-64.63
104,90,6.64,-30.518,-64.91
104,90,6.8,-31.18,-64.68
104,90,6.96,-26.032,-60.36
104,90,7.12,-22.246,-56.84
104,90,7.28,-22.132,-56.51
104,90,7.44,-24.486,-58.82
104,90,7.6,-33.12,-66.52
104,90,7.76,-42.408,-77.63
104,90,7.92,-45.562,-80.19
104,90,8.08,-27.076,-61.88
104,90,8.24,-26.832,-61.94
104,90,8.4,-26.54,-61.92
104,90,8.56,-23.602,-59.88
104,90,8.72,-23.758,-61.06
104,90,8.88,-25.018,-62.16
104,90,9.04,-35.374,-73.16
104,90,9.2,-32.61,-71.47
104,90,9.36,-37.344,-75.41
104,90,9.52,-30.952,-69.33
104,90,9.68,-33.08,-71.97
104,90,9.84,-27.546,-66.66
104,90,10,-26.32,-65.39
104,90,10.16,-27.168,-66.81
104,90,10.32,-27.102,-66.73
104,90,10.48,-58.508,-98.04
104,90,10.64,-29.148,-69.16
104,90,10.8,-32.12,-72.39
104,90,10.96,-33.496,-73.48
104,90,11.12,-34.736,-74.98
104,90,11.28,-33.666,-74.11
104,90,11.44,-45.152,-85.9
104,90,11.6,-45.06,-85.93
104,90,11.76,-27.424,-68.54
104,90,11.92,-25.904,-67.03
104,90,12.08,-26.63,-68.82
104,90,12.24,-22.314,-64.57
104,90,12.4,-35.15,-77.81
104,90,12.56,-38.88,-82.95
104,90,12.72,-27.964,-72.52
104,90,12.88,-24.676,-69.88
104,90,13.04,-22.018,-68.52
104,90,13.2,-25.7,-72.48
104,90,13.36,-19.544,-65.76
104,90,13.52,-29.262,-75.27
104,90,13.68,-24.55,-71.23
104,90,13.84,-31.818,-79.3
104,90,14,-22.75,-70.6
104,90,14.16,-28.156,-76.38
104,90,14.32,-21.276,-70.23
104,90,14.48,-23.164,-74.99
104,90,14.64,-40.694,-90.15
104,90,14.8,-26.11,-74.12
104,90,14.96,-34.542,-81.67
104,90,15.12,-24.75,-71.18
104,90,15.28,-34.78,-81.33
104,90,15.44,-26.496,-72.81
104,90,15.6,-36.24,-82.87
104,90,15.76,-24.748,-71.94
104,90,15.92,-27.912,-75.09
104,90,16.08,-32.032,-79.49
104,90,16.24,-30.234,-78.36
104,90,16.4,-23.5,-73.31
104,90,16.56,-27.548,-76.48
104,90,16.72,-27.958,-77.44
104,90,16.88,-23.494,-73.96
104,90,17.04,-33.476,-84.73
104,90,17.2,-19.46,-71.89
104,90,17.36,-19.446,-72.09
104,90,17.52,-24.026,-76.56
104,90,17.68,-19.092,-72.17
104,90,17.84,-26.698,-79.61
104,90,18,-26,-78.81
105,90,2,-21.09,-42.88
105,90,2.16,-16.228,-39.64
105,90,2.32,-23.416,-49.07
105,90,2.48,-21.664,-48.91
105,90,2.64,-23.808,-52.52
105,90,2.8,-20.95,-48.01
105,90,2.96,-12.798,-41.11
105,90,3.12,-26.676,-54.91
105,90,3.28,-22.852,-52.87
105,90,3.44,-15.892,-44.54
105,90,3.6,-34.49,-61.94
105,90,3.76,-30.144,-59.63
105,90,3.92,-21.642,-49.19
105,90,4.08,-28.342,-56.01
105,90,4.24,-28.356,-57.38
105,90,4.4,-24.42,-54.23
105,90,4.56,-30.686,-60.5
105,90,4.72,-27.214,-57.2
105,90,4.88,-26.44,-56.57
105,90,5.04,-28.76,-58.81
105,90,5.2,-44.81,-76.23
105,90,5.36,-32.03,-62.83
105,90,5.52,-28.028,-58.31
105,90,5.68,-21.53,-52.9
105,90,5.84,-22.192,-53.64
105,90,6,-21.58,-53.12
105,90,6.16,-26.19,-58.23
105,90,6.32,-21.118,-54.61
105,90,6.48,-25.726,-59.81
105,90,6.64,-28.608,-63
105,90,6.8,-37.54,-71.04
105,90,6.96,-26.162,-60.49
105,90,7.12,-24.756,-59.35
105,90,7.28,-24.332,-58.71
105,90,7.44,-22.556,-56.89
105,90,7.6,-26.56,-59.96
105,90,7.76,-30.748,-65.97
105,90,7.92,-33.832,-68.46
105,90,8.08,-30.756,-65.56
105,90,8.24,-29.692,-64.8
105,90,8.4,-28.15,-63.53
105,90,8.56,-26.232,-62.51
105,90,8.72,-24.528,-61.83
105,90,8.88,-26.938,-64.08
105,90,9.04,-29.564,-67.35
105,90,9.2,-35.94,-74.8
105,90,9.36,-30.044,-68.11
105,90,9.52,-30.102,-68.48
105,90,9.68,-28.46,-67.35
105,90,9.84,-35.166,-74.28
105,90,10,-27.13,-66.2
105,90,10.16,-25.528,-65.17
105,90,10.32,-26.572,-66.2
105,90,10.48,-32.088,-71.62
105,90,10.64,-28.558,-68.57
105,90,10.8,-31.82,-72.09
105,90,10.96,-35.256,-75.24
105,90,11.12,-27.386,-67.63
105,90,11.28,-41.466,-81.91
105,90,11.44,-34.852,-75.6
105,90,11.6,-26.7,-67.57
105,90,11.76,-28.794,-69.91
105,90,11.92,-25.314,-66.44
105,90,12.08,-30.91,-73.1
105,90,12.24,-27.954,-70.21
105,90,12.4,-32.75,-75.41
105,90,12.56,-51.97,-96.04
105,90,12.72,-26.224,-70.78
105,90,12.88,-41.116,-86.32
105,90,13.04,-21.348,-67.85
105,90,13.2,-23.75,-70.53
105,90,13.36,-24.434,-70.65
105,90,13.52,-29.242,-75.25
105,90,13.68,-47.97,-94.65
105,90,13.84,-33.038,-80.52
105,90,14,-25.83,-73.68
105,90,14.16,-26.266,-74.49
105,90,14.32,-28.806,-77.76
105,90,14.48,-36.584,-88.41
105,90,14.64,-29.314,-78.77
105,90,14.8,-25.37,-73.38
105,90,14.96,-19.922,-67.05
105,90,15.12,-27.81,-74.24
105,90,15.28,-24.51,-71.06
105,90,15.44,-32.076,-78.39
105,90,15.6,-30.14,-76.77
105,90,15.76,-41.918,-89.11
105,90,15.92,-25.642,-72.82
105,90,16.08,-30.732,-78.19
105,90,16.24,-27.224,-75.35
105,90,16.4,-31.04,-80.85
105,90,16.56,-26.958,-75.89
105,90,16.72,-31.478,-80.96
105,90,16.88,-26.744,-77.21
105,90,17.04,-20.266,-71.52
105,90,17.2,-22.66,-75.09
105,90,17.36,-22.676,-75.32
105,90,17.52,-32.066,-84.6
105,90,17.68,-18.582,-71.66
105,90,17.84,-24.168,-77.08
105,90,18,-22.43,-75.24
106,90,2,-21.68,-43.47
106,90,2.16,-16.058,-39.47
106,90,2.32,-22.796,-48.45
106,90,2.48,-23.204,-50.45
106,90,2.64,-23.038,-51.75
106,90,2.8,-20.07,-47.13
106,90,2.96,-11.708,-40.02
106,90,3.12,-24.966,-53.2
106,90,3.28,-25.902,-55.92
106,90,3.44,-15.812,-44.46
106,90,3.6,-31.35,-58.8
106,90,3.76,-33.724,-63.21
106,90,3.92,-21.762,-49.31
106,90,4.08,-27.672,-55.34
106,90,4.24,-30.966,-59.99
106,90,4.4,-31.14,-60.95
106,90,4.56,-32.576,-62.39
106,90,4.72,-28.724,-58.71
106,90,4.88,-25.67,-55.8
106,90,5.04,-29.49,-59.54
106,90,5.2,-38.12,-69.54
106,90,5.36,-34.13,-64.93
106,90,5.52,-29.398,-59.68
106,90,5.68,-23.66,-55.03
106,90,5.84,-21.962,-53.41
106,90,6,-19.85,-51.39
106,90,6.16,-26.32,-58.36
106,90,6.32,-21.348,-54.84
106,90,6.48,-26.686,-60.77
106,90,6.64,-31.588,-65.98
106,90,6.8,-38.34,-71.84
106,90,6.96,-35.302,-69.63
106,90,7.12,-31.026,-65.62
106,90,7.28,-28.802,-63.18
106,90,7.44,-22.466,-56.8
106,90,7.6,-23.71,-57.11
106,90,7.76,-26.378,-61.6
106,90,7.92,-26.052,-60.68
106,90,8.08,-34.046,-68.85
106,90,8.24,-34.152,-69.26
106,90,8.4,-38.58,-73.96
106,90,8.56,-26.312,-62.59
106,90,8.72,-27.608,-64.91
106,90,8.88,-26.128,-63.27
106,90,9.04,-27.924,-65.71
106,90,9.2,-30.02,-68.88
106,90,9.36,-23.354,-61.42
106,90,9.52,-29.832,-68.21
106,90,9.68,-29.14,-68.03
106,90,9.84,-33.716,-72.83
106,90,10,-34.36,-73.43
106,90,10.16,-33.888,-73.53
106,90,10.32,-26.932,-66.56
106,90,10.48,-30.818,-70.35
106,90,10.64,-25.498,-65.51
106,90,10.8,-24.1,-64.37
106,90,10.96,-40.906,-80.89
106,90,11.12,-31.956,-72.2
106,90,11.28,-36.086,-76.53
106,90,11.44,-29.212,-69.96
106,90,11.6,-22.26,-63.13
106,90,11.76,-29.604,-70.72
106,90,11.92,-32.524,-73.65
106,90,12.08,-41.54,-83.73
106,90,12.24,-36.384,-78.64
106,90,12.4,-28.67,-71.33
106,90,12.56,-26.01,-70.08
106,90,12.72,-25.204,-69.76
106,90,12.88,-35.756,-80.96
106,90,13.04,-29.908,-76.41
106,90,13.2,-22.73,-69.51
106,90,13.36,-25.314,-71.53
106,90,13.52,-23.882,-69.89
106,90,13.68,-33.99,-80.67
106,90,13.84,-39.228,-86.71
106,90,14,-29.68,-77.53
106,90,14.16,-22.026,-70.25
106,90,14.32,-21.846,-70.8
106,90,14.48,-32.124,-83.95
106,90,14.64,-33.714,-83.17
106,90,14.8,-22.02,-70.03
106,90,14.96,-25.752,-72.88
106,90,15.12,-25.44,-71.87
106,90,15.28,-25.28,-71.83
106,90,15.44,-26.066,-72.38
106,90,15.6,-40.67,-87.3
106,90,15.76,-26.388,-73.58
106,90,15.92,-33.692,-80.87
106,90,16.08,-29.462,-76.92
106,90,16.24,-46.824,-94.95
106,90,16.4,-35.18,-84.99
106,90,16.56,-24.448,-73.38
106,90,16.72,-25.498,-74.98
106,90,16.88,-27.764,-78.23
106,90,17.04,-22.286,-73.54
106,90,17.2,-27,-79.43
106,90,17.36,-23.016,-75.66
106,90,17.52,-17.226,-69.76
106,90,17.68,-23.902,-76.98
106,90,17.84,-21.458,-74.37
106,90,18,-22.41,-75.22
107,90,2,-22.25,-44.04
107,90,2.16,-15.988,-39.4
107,90,2.32,-21.786,-47.44
107,90,2.48,-24.534,-51.78
107,90,2.64,-23.748,-52.46
107,90,2.8,-19.74,-46.8
107,90,2.96,-11.058,-39.37
107,90,3.12,-23.956,-52.19
107,90,3.28,-28.482,-58.5
107,90,3.44,-15.542,-44.19
107,90,3.6,-28.25,-55.7
107,90,3.76,-31.154,-60.64
107,90,3.92,-21.452,-49
107,90,4.08,-25.522,-53.19
107,90,4.24,-29.306,-58.33
107,90,4.4,-26.54,-56.35
107,90,4.56,-28.866,-58.68
107,90,4.72,-31.504,-61.49
107,90,4.88,-26.82,-56.95
107,90,5.04,-30.68,-60.73
107,90,5.2,-33.06,-64.48
107,90,5.36,-31.83,-62.63
107,90,5.52,-30.978,-61.26
107,90,5.68,-28.44,-59.81
107,90,5.84,-22.152,-53.6
107,90,6,-21,-52.54
107,90,6.16,-27.16,-59.2
107,90,6.32,-20.898,-54.39
107,90,6.48,-24.506,-58.59
107,90,6.64,-27.958,-62.35
107,90,6.8,-31.95,-65.45
107,90,6.96,-33.302,-67.63
107,90,7.12,-33.086,-67.68
107,90,7.28,-28.332,-62.71
107,90,7.44,-22.756,-57.09
107,90,7.6,-23.67,-57.07
107,90,7.76,-24.428,-59.65
107,90,7.92,-23.102,-57.73
107,90,8.08,-26.566,-61.37
107,90,8.24,-28.912,-64.02
107,90,8.4,-31.65,-67.03
107,90,8.56,-40.312,-76.59
107,90,8.72,-28.488,-65.79
107,90,8.88,-28.568,-65.71
107,90,9.04,-29.494,-67.28
107,90,9.2,-23.55,-62.41
107,90,9.36,-25.904,-63.97
107,90,9.52,-25.542,-63.92
107,90,9.68,-26.11,-65
107,90,9.84,-36.586,-75.7
107,90,10,-31.01,-70.08
107,90,10.16,-33.188,-72.83
107,90,10.32,-25.982,-65.61
107,90,10.48,-32.648,-72.18
107,90,10.64,-27.538,-67.55
107,90,10.8,-23.37,-63.64
107,90,10.96,-30.216,-70.2
107,90,11.12,-40.406,-80.65
107,90,11.28,-29.536,-69.98
107,90,11.44,-27.172,-67.92
107,90,11.6,-21.75,-62.62
107,90,11.76,-27.744,-68.86
107,90,11.92,-31.814,-72.94
107,90,12.08,-32.09,-74.28
107,90,12.24,-27.634,-69.89
107,90,12.4,-26.56,-69.22
107,90,12.56,-31.95,-76.02
107,90,12.72,-29.124,-73.68
107,90,12.88,-32.146,-77.35
107,90,13.04,-31.748,-78.25
107,90,13.2,-22.31,-69.09
107,90,13.36,-28.844,-75.06
107,90,13.52,-27.502,-73.51
107,90,13.68,-29.12,-75.8
107,90,13.84,-28.278,-75.76
107,90,14,-26.27,-74.12
107,90,14.16,-23.136,-71.36
107,90,14.32,-23.896,-72.85
107,90,14.48,-22.804,-74.63
107,90,14.64,-23.934,-73.39
107,90,14.8,-27.38,-75.39
107,90,14.96,-22.202,-69.33
107,90,15.12,-30.26,-76.69
107,90,15.28,-26.79,-73.34
107,90,15.44,-27.946,-74.26
107,90,15.6,-29.55,-76.18
107,90,15.76,-28.848,-76.04
107,90,15.92,-30.502,-77.68
107,90,16.08,-27.342,-74.8
107,90,16.24,-44.344,-92.47
107,90,16.4,-29.67,-79.48
107,90,16.56,-26.618,-75.55
107,90,16.72,-23.178,-72.66
107,90,16.88,-54.944,-105.41
107,90,17.04,-19.856,-71.11
107,90,17.2,-25.68,-78.11
107,90,17.36,-25.346,-77.99
107,90,17.52,-24.146,-76.68
107,90,17.68,-19.482,-72.56
107,90,17.84,-26.598,-79.51
107,90,18,-20.4,-73.21
108,90,2,-22.29,-44.08
108,90,2.16,-16.548,-39.96
108,90,2.32,-21.606,-47.26
108,90,2.48,-24.714,-51.96
108,90,2.64,-23.418,-52.13
108,90,2.8,-19.06,-46.12
108,90,2.96,-10.318,-38.63
108,90,3.12,-21.026,-49.26
108,90,3.28,-38.112,-68.13
108,90,3.44,-16.172,-44.82
108,90,3.6,-25.27,-52.72
108,90,3.76,-27.544,-57.03
108,90,3.92,-21.392,-48.94
108,90,4.08,-25.132,-52.8
108,90,4.24,-28.396,-57.42
108,90,4.4,-22.9,-52.71
108,90,4.56,-29.016,-58.83
108,90,4.72,-34.404,-64.39
108,90,4.88,-26.73,-56.86
108,90,5.04,-32.14,-62.19
108,90,5.2,-34.17,-65.59
108,90,5.36,-28.41,-59.21
108,90,5.52,-29.798,-60.08
108,90,5.68,-35.53,-66.9
108,90,5.84,-24.102,-55.55
108,90,6,-21.46,-53
108,90,6.16,-26.03,-58.07
108,90,6.32,-22.968,-56.46
108,90,6.48,-26.226,-60.31
108,90,6.64,-27.188,-61.58
108,90,6.8,-28.18,-61.68
108,90,6.96,-29.212,-63.54
108,90,7.12,-26.346,-60.94
108,90,7.28,-27.152,-61.53
108,90,7.44,-25.296,-59.63
108,90,7.6,-26.08,-59.48
108,90,7.76,-23.518,-58.74
108,90,7.92,-24.382,-59.01
108,90,8.08,-24.656,-59.46
108,90,8.24,-23.702,-58.81
108,90,8.4,-25.13,-60.51
108,90,8.56,-29.652,-65.93
108,90,8.72,-33.898,-71.2
108,90,8.88,-31.568,-68.71
108,90,9.04,-28.364,-66.15
108,90,9.2,-29.01,-67.87
108,90,9.36,-24.204,-62.27
108,90,9.52,-22.452,-60.83
108,90,9.68,-23.26,-62.15
108,90,9.84,-27.706,-66.82
108,90,10,-31.69,-70.76
108,90,10.16,-31.848,-71.49
108,90,10.32,-35.282,-74.91
108,90,10.48,-33.458,-72.99
108,90,10.64,-24.738,-64.75
108,90,10.8,-20.16,-60.43
108,90,10.96,-34.456,-74.44
108,90,11.12,-40.766,-81.01
108,90,11.28,-34.686,-75.13
108,90,11.44,-31.882,-72.63
108,90,11.6,-33.04,-73.91
108,90,11.76,-39.654,-80.77
108,90,11.92,-37.524,-78.65
108,90,12.08,-31.17,-73.36
108,90,12.24,-32.334,-74.59
108,90,12.4,-29.97,-72.63
108,90,12.56,-32.59,-76.66
108,90,12.72,-25.864,-70.42
108,90,12.88,-32.336,-77.54
108,90,13.04,-24.438,-70.94
108,90,13.2,-26.09,-72.87
108,90,13.36,-23.864,-70.08
108,90,13.52,-24.522,-70.53
108,90,13.68,-24.44,-71.12
108,90,13.84,-27.728,-75.21
108,90,14,-34.28,-82.13
108,90,14.16,-22.776,-71
108,90,14.32,-30.646,-79.6
108,90,14.48,-19.764,-71.59
108,90,14.64,-26.374,-75.83
108,90,14.8,-41.98,-89.99
108,90,14.96,-23.482,-70.61
108,90,15.12,-27.37,-73.8
108,90,15.28,-27.8,-74.35
108,90,15.44,-22.766,-69.08
108,90,15.6,-33.22,-79.85
108,90,15.76,-26.478,-73.67
108,90,15.92,-28.652,-75.83
108,90,16.08,-27.622,-75.08
108,90,16.24,-35.094,-83.22
108,90,16.4,-26.61,-76.42
108,90,16.56,-21.098,-70.03
108,90,16.72,-31.678,-81.16
108,90,16.88,-44.474,-94.94
108,90,17.04,-25.466,-76.72
108,90,17.2,-20.89,-73.32
108,90,17.36,-21.606,-74.25
108,90,17.52,-32.146,-84.68
108,90,17.68,-21.782,-74.86
108,90,17.84,-23.678,-76.59
108,90,18,-23.79,-76.6
109,90,2,-22.56,-44.35
109,90,2.16,-17.048,-40.46
109,90,2.32,-21.716,-47.37
109,90,2.48,-26.934,-54.18
109,90,2.64,-24.118,-52.83
109,90,2.8,-18.82,-45.88
109,90,2.96,-9.88800000000001,-38.2
109,90,3.12,-19.716,-47.95
109,90,3.28,-29.492,-59.51
109,90,3.44,-17.102,-45.75
109,90,3.6,-23.72,-51.17
109,90,3.76,-25.514,-55
109,90,3.92,-22.152,-49.7
109,90,4.08,-24.342,-52.01
109,90,4.24,-26.526,-55.55
109,90,4.4,-20.21,-50.02
109,90,4.56,-27.486,-57.3
109,90,4.72,-43.844,-73.83
109,90,4.88,-29.64,-59.77
109,90,5.04,-36.68,-66.73
109,90,5.2,-29.63,-61.05
109,90,5.36,-26.81,-57.61
109,90,5.52,-29.148,-59.43
109,90,5.68,-29.95,-61.32
109,90,5.84,-27.022,-58.47
109,90,6,-23.66,-55.2
109,90,6.16,-27.57,-59.61
109,90,6.32,-27.368,-60.86
109,90,6.48,-27.796,-61.88
109,90,6.64,-27.878,-62.27
109,90,6.8,-28.18,-61.68
109,90,6.96,-27.602,-61.93
109,90,7.12,-22.566,-57.16
109,90,7.28,-26.332,-60.71
109,90,7.44,-27.906,-62.24
109,90,7.6,-30.01,-63.41
109,90,7.76,-25.798,-61.02
109,90,7.92,-24.162,-58.79
109,90,8.08,-23.436,-58.24
109,90,8.24,-22.222,-57.33
109,90,8.4,-23.84,-59.22
109,90,8.56,-24.932,-61.21
109,90,8.72,-32.228,-69.53
109,90,8.88,-38.748,-75.89
109,90,9.04,-32.534,-70.32
109,90,9.2,-43.71,-82.57
109,90,9.36,-23.034,-61.1
109,90,9.52,-25.952,-64.33
109,90,9.68,-21.96,-60.85
109,90,9.84,-26.276,-65.39
109,90,10,-31.71,-70.78
109,90,10.16,-27.698,-67.34
109,90,10.32,-32.052,-71.68
109,90,10.48,-36.178,-75.71
109,90,10.64,-28.338,-68.35
109,90,10.8,-22.81,-63.08
109,90,10.96,-34.826,-74.81
109,90,11.12,-33.876,-74.12
109,90,11.28,-25.056,-65.5
109,90,11.44,-33.602,-74.35
109,90,11.6,-30.6,-71.47
109,90,11.76,-31.844,-72.96
109,90,11.92,-41.044,-82.17
109,90,12.08,-28.9,-71.09
109,90,12.24,-26.814,-69.07
109,90,12.4,-29.17,-71.83
109,90,12.56,-32.62,-76.69
109,90,12.72,-26.624,-71.18
109,90,12.88,-27.246,-72.45
109,90,13.04,-24.488,-70.99
109,90,13.2,-21.84,-68.62
109,90,13.36,-30.814,-77.03
109,90,13.52,-28.832,-74.84
109,90,13.68,-32.95,-79.63
109,90,13.84,-30.588,-78.07
109,90,14,-30.5,-78.35
109,90,14.16,-26.196,-74.42
109,90,14.32,-23.996,-72.95
109,90,14.48,-22.904,-74.73
109,90,14.64,-23.544,-73
109,90,14.8,-30.09,-78.1
109,90,14.96,-31.342,-78.47
109,90,15.12,-41.76,-88.19
109,90,15.28,-26.41,-72.96
109,90,15.44,-27.496,-73.81
109,90,15.6,-29.68,-76.31
109,90,15.76,-35.388,-82.58
109,90,15.92,-24.792,-71.97
109,90,16.08,-37.382,-84.84
109,90,16.24,-33.044,-81.17
109,90,16.4,-26.77,-76.58
109,90,16.56,-35.808,-84.74
109,90,16.72,-30.388,-79.87
109,90,16.88,-28.384,-78.85
109,90,17.04,-15.576,-66.83
109,90,17.2,-22.26,-74.69
109,90,17.36,-25.756,-78.4
109,90,17.52,-21.246,-73.78
109,90,17.68,-24.112,-77.19
109,90,17.84,-24.568,-77.48
109,90,18,-14.46,-67.27
110,90,2,-22.22,-44.01
110,90,2.16,-17.668,-41.08
110,90,2.32,-22.096,-47.75
110,90,2.48,-27.124,-54.37
110,90,2.64,-24.078,-52.79
110,90,2.8,-18.44,-45.5
110,90,2.96,-9.718,-38.03
110,90,3.12,-17.656,-45.89
110,90,3.28,-25.832,-55.85
110,90,3.44,-18.532,-47.18
110,90,3.6,-21.84,-49.29
110,90,3.76,-23.424,-52.91
110,90,3.92,-22.782,-50.33
110,90,4.08,-25.332,-53
110,90,4.24,-23.296,-52.32
110,90,4.4,-18.65,-48.46
110,90,4.56,-25.186,-55
110,90,4.72,-39.324,-69.31
110,90,4.88,-33.23,-63.36
110,90,5.04,-43.99,-74.04
110,90,5.2,-27.56,-58.98
110,90,5.36,-26.6,-57.4
110,90,5.52,-29.028,-59.31
110,90,5.68,-27.24,-58.61
110,90,5.84,-27.322,-58.77
110,90,6,-27.69,-59.23
110,90,6.16,-28.53,-60.57
110,90,6.32,-36.058,-69.55
110,90,6.48,-34.286,-68.37
110,90,6.64,-29.888,-64.28
110,90,6.8,-29.12,-62.62
110,90,6.96,-29.342,-63.67
110,90,7.12,-22.846,-57.44
110,90,7.28,-24.242,-58.62
110,90,7.44,-29.456,-63.79
110,90,7.6,-35.26,-68.66
110,90,7.76,-29.918,-65.14
110,90,7.92,-24.372,-59
110,90,8.08,-25.546,-60.35
110,90,8.24,-24.402,-59.51
110,90,8.4,-23.87,-59.25
110,90,8.56,-21.932,-58.21
110,90,8.72,-28.088,-65.39
110,90,8.88,-34.348,-71.49
110,90,9.04,-42.974,-80.76
110,90,9.2,-42.17,-81.03
110,90,9.36,-29.884,-67.95
110,90,9.52,-24.642,-63.02
110,90,9.68,-21.55,-60.44
110,90,9.84,-28.456,-67.57
110,90,10,-26.61,-65.68
110,90,10.16,-32.868,-72.51
110,90,10.32,-32.922,-72.55
110,90,10.48,-27.418,-66.95
110,90,10.64,-35.258,-75.27
110,90,10.8,-35.58,-75.85
110,90,10.96,-31.576,-71.56
110,90,11.12,-33.176,-73.42
110,90,11.28,-25.896,-66.34
110,90,11.44,-26.612,-67.36
110,90,11.6,-28.04,-68.91
110,90,11.76,-24.684,-65.8
110,90,11.92,-38.274,-79.4
110,90,12.08,-45.75,-87.94
110,90,12.24,-23.214,-65.47
110,90,12.4,-35.7,-78.36
110,90,12.56,-24.38,-68.45
110,90,12.72,-22.604,-67.16
110,90,12.88,-26.876,-72.08
110,90,13.04,-25.918,-72.42
110,90,13.2,-27.97,-74.75
110,90,13.36,-40.134,-86.35
110,90,13.52,-31.712,-77.72
110,90,13.68,-39.45,-86.13
110,90,13.84,-23.638,-71.12
110,90,14,-22.37,-70.22
110,90,14.16,-22.456,-70.68
110,90,14.32,-36.906,-85.86
110,90,14.48,-26.964,-78.79
110,90,14.64,-29.524,-78.98
110,90,14.8,-28.22,-76.23
110,90,14.96,-29.172,-76.3
110,90,15.12,-26.41,-72.84
110,90,15.28,-30.55,-77.1
110,90,15.44,-29.326,-75.64
110,90,15.6,-26.64,-73.27
110,90,15.76,-23.598,-70.79
110,90,15.92,-27.072,-74.25
110,90,16.08,-46.862,-94.32
110,90,16.24,-29.074,-77.2
110,90,16.4,-26.69,-76.5
110,90,16.56,-33.618,-82.55
110,90,16.72,-31.118,-80.6
110,90,16.88,-27.484,-77.95
110,90,17.04,-22.466,-73.72
110,90,17.2,-19.84,-72.27
110,90,17.36,-25.566,-78.21
110,90,17.52,-29.896,-82.43
110,90,17.68,-27.832,-80.91
110,90,17.84,-23.018,-75.93
110,90,18,-18.49,-71.3
111,90,2,-21.47,-43.26
111,90,2.16,-18.858,-42.27
111,90,2.32,-22.636,-48.29
111,90,2.48,-27.014,-54.26
111,90,2.64,-24.278,-52.99
111,90,2.8,-18.31,-45.37
111,90,2.96,-9.698,-38.01
111,90,3.12,-17.266,-45.5
111,90,3.28,-22.552,-52.57
111,90,3.44,-21.032,-49.68
111,90,3.6,-21.42,-48.87
111,90,3.76,-21.354,-50.84
111,90,3.92,-22.612,-50.16
111,90,4.08,-25.182,-52.85
111,90,4.24,-24.126,-53.15
111,90,4.4,-17.36,-47.17
111,90,4.56,-24.486,-54.3
111,90,4.72,-32.254,-62.24
111,90,4.88,-40.07,-70.2
111,90,5.04,-39.8,-69.85
111,90,5.2,-27.43,-58.85
111,90,5.36,-24.96,-55.76
111,90,5.52,-29.458,-59.74
111,90,5.68,-26.44,-57.81
111,90,5.84,-26.672,-58.12
111,90,6,-30.64,-62.18
111,90,6.16,-27.98,-60.02
111,90,6.32,-46.578,-80.07
111,90,6.48,-40.676,-74.76
111,90,6.64,-32.918,-67.31
111,90,6.8,-33.3,-66.8
111,90,6.96,-28.952,-63.28
111,90,7.12,-24.006,-58.6
111,90,7.28,-25.462,-59.84
111,90,7.44,-30.566,-64.9
111,90,7.6,-32.27,-65.67
111,90,7.76,-30.558,-65.78
111,90,7.92,-25.832,-60.46
111,90,8.08,-27.516,-62.32
111,90,8.24,-26.622,-61.73
111,90,8.4,-22.82,-58.2
111,90,8.56,-22.892,-59.17
111,90,8.72,-24.288,-61.59
111,90,8.88,-27.938,-65.08
111,90,9.04,-34.054,-71.84
111,90,9.2,-31.05,-69.91
111,90,9.36,-42.474,-80.54
111,90,9.52,-25.922,-64.3
111,90,9.68,-30.95,-69.84
111,90,9.84,-28.416,-67.53
111,90,10,-25.65,-64.72
111,90,10.16,-31.918,-71.56
111,90,10.32,-30.252,-69.88
111,90,10.48,-30.408,-69.94
111,90,10.64,-29.288,-69.3
111,90,10.8,-29.2,-69.47
111,90,10.96,-37.386,-77.37
111,90,11.12,-31.766,-72.01
111,90,11.28,-25.036,-65.48
111,90,11.44,-26.062,-66.81
111,90,11.6,-27.9,-68.77
111,90,11.76,-23.104,-64.22
111,90,11.92,-33.634,-74.76
111,90,12.08,-32.39,-74.58
111,90,12.24,-18.494,-60.75
111,90,12.4,-30.32,-72.98
111,90,12.56,-25.76,-69.83
111,90,12.72,-22.344,-66.9
111,90,12.88,-32.516,-77.72
111,90,13.04,-27.168,-73.67
111,90,13.2,-42.4,-89.18
111,90,13.36,-30.664,-76.88
111,90,13.52,-32.092,-78.1
111,90,13.68,-25.93,-72.61
111,90,13.84,-27.168,-74.65
111,90,14,-27.68,-75.53
111,90,14.16,-27.316,-75.54
111,90,14.32,-27.766,-76.72
111,90,14.48,-24.854,-76.68
111,90,14.64,-23.714,-73.17
111,90,14.8,-28.66,-76.67
111,90,14.96,-29.992,-77.12
111,90,15.12,-32.96,-79.39
111,90,15.28,-31.76,-78.31
111,90,15.44,-30.596,-76.91
111,90,15.6,-31.08,-77.71
111,90,15.76,-28.948,-76.14
111,90,15.92,-23.782,-70.96
111,90,16.08,-23.812,-71.27
111,90,16.24,-27.554,-75.68
111,90,16.4,-23.43,-73.24
111,90,16.56,-31.968,-80.9
111,90,16.72,-26.948,-76.43
111,90,16.88,-27.494,-77.96
111,90,17.04,-28.056,-79.31
111,90,17.2,-20.61,-73.04
111,90,17.36,-33.566,-86.21
111,90,17.52,-22.506,-75.04
111,90,17.68,-27.252,-80.33
111,90,17.84,-19.178,-72.09
111,90,18,-32.27,-85.08
112,90,2,-20.45,-42.24
112,90,2.16,-20.608,-44.02
112,90,2.32,-23.876,-49.53
112,90,2.48,-26.414,-53.66
112,90,2.64,-24.198,-52.91
112,90,2.8,-17.79,-44.85
112,90,2.96,-9.478,-37.79
112,90,3.12,-16.146,-44.38
112,90,3.28,-20.492,-50.51
112,90,3.44,-25.052,-53.7
112,90,3.6,-21.47,-48.92
112,90,3.76,-20.774,-50.26
112,90,3.92,-22.082,-49.63
112,90,4.08,-25.492,-53.16
112,90,4.24,-22.966,-51.99
112,90,4.4,-17.61,-47.42
112,90,4.56,-23.136,-52.95
112,90,4.72,-28.814,-58.8
112,90,4.88,-36.35,-66.48
112,90,5.04,-31.24,-61.29
112,90,5.2,-27.31,-58.73
112,90,5.36,-25.45,-56.25
112,90,5.52,-28.838,-59.12
112,90,5.68,-24.97,-56.34
112,90,5.84,-24.642,-56.09
112,90,6,-32.02,-63.56
112,90,6.16,-25.67,-57.71
112,90,6.32,-41.528,-75.02
112,90,6.48,-37.316,-71.4
112,90,6.64,-34.948,-69.34
112,90,6.8,-43.92,-77.42
112,90,6.96,-31.152,-65.48
112,90,7.12,-27.146,-61.74
112,90,7.28,-27.092,-61.47
112,90,7.44,-31.196,-65.53
112,90,7.6,-34.7,-68.1
112,90,7.76,-28.188,-63.41
112,90,7.92,-30.352,-64.98
112,90,8.08,-28.216,-63.02
112,90,8.24,-32.212,-67.32
112,90,8.4,-24.52,-59.9
112,90,8.56,-25.252,-61.53
112,90,8.72,-30.238,-67.54
112,90,8.88,-23.838,-60.98
112,90,9.04,-37.644,-75.43
112,90,9.2,-29.52,-68.38
112,90,9.36,-32.274,-70.34
112,90,9.52,-24.572,-62.95
112,90,9.68,-31.53,-70.42
112,90,9.84,-32.036,-71.15
112,90,10,-25.88,-64.95
112,90,10.16,-34.798,-74.44
112,90,10.32,-25.932,-65.56
112,90,10.48,-25.668,-65.2
112,90,10.64,-25.598,-65.61
112,90,10.8,-27.15,-67.42
112,90,10.96,-28.126,-68.11
112,90,11.12,-43.086,-83.33
112,90,11.28,-31.136,-71.58
112,90,11.44,-29.942,-70.69
112,90,11.6,-34.14,-75.01
112,90,11.76,-26.174,-67.29
112,90,11.92,-34.354,-75.48
112,90,12.08,-29.2,-71.39
112,90,12.24,-18.294,-60.55
112,90,12.4,-29.75,-72.41
112,90,12.56,-36.76,-80.83
112,90,12.72,-39.524,-84.08
112,90,12.88,-32.036,-77.24
112,90,13.04,-26.388,-72.89
112,90,13.2,-36.03,-82.81
112,90,13.36,-25.724,-71.94
112,90,13.52,-28.842,-74.85
112,90,13.68,-24.08,-70.76
112,90,13.84,-27.568,-75.05
112,90,14,-29.66,-77.51
112,90,14.16,-23.756,-71.98
112,90,14.32,-23.606,-72.56
112,90,14.48,-20.084,-71.91
112,90,14.64,-21.074,-70.53
112,90,14.8,-26.96,-74.97
112,90,14.96,-31.832,-78.96
112,90,15.12,-31.92,-78.35
112,90,15.28,-28.03,-74.58
112,90,15.44,-27.806,-74.12
112,90,15.6,-34.61,-81.24
112,90,15.76,-27.408,-74.6
112,90,15.92,-24.872,-72.05
112,90,16.08,-33.752,-81.21
112,90,16.24,-33.224,-81.35
112,90,16.4,-32.46,-82.27
112,90,16.56,-22.518,-71.45
112,90,16.72,-30.428,-79.91
112,90,16.88,-25.914,-76.38
112,90,17.04,-26.316,-77.57
112,90,17.2,-31.14,-83.57
112,90,17.36,-35.556,-88.2
112,90,17.52,-31.176,-83.71
112,90,17.68,-26.972,-80.05
112,90,17.84,-18.768,-71.68
112,90,18,-31.35,-84.16
113,90,2,-19.95,-41.74
113,90,2.16,-23.608,-47.02
113,90,2.32,-25.346,-51
113,90,2.48,-27.254,-54.5
113,90,2.64,-24.978,-53.69
113,90,2.8,-17.11,-44.17
113,90,2.96,-9.398,-37.71
113,90,3.12,-15.696,-43.93
113,90,3.28,-18.412,-48.43
113,90,3.44,-31.412,-60.06
113,90,3.6,-21.91,-49.36
113,90,3.76,-19.964,-49.45
113,90,3.92,-21.662,-49.21
113,90,4.08,-25.912,-53.58
113,90,4.24,-23.166,-52.19
113,90,4.4,-17.04,-46.85
113,90,4.56,-23.296,-53.11
113,90,4.72,-29.194,-59.18
113,90,4.88,-32.08,-62.21
113,90,5.04,-25.95,-56
113,90,5.2,-29.21,-60.63
113,90,5.36,-25.29,-56.09
113,90,5.52,-30.578,-60.86
113,90,5.68,-25.46,-56.83
113,90,5.84,-23.832,-55.28
113,90,6,-32.01,-63.55
113,90,6.16,-25.32,-57.36
113,90,6.32,-37.218,-70.71
113,90,6.48,-36.176,-70.26
113,90,6.64,-29.998,-64.39
113,90,6.8,-54.43,-87.93
113,90,6.96,-38.372,-72.7
113,90,7.12,-38.136,-72.73
113,90,7.28,-29.632,-64.01
113,90,7.44,-32.106,-66.44
113,90,7.6,-30.66,-64.06
113,90,7.76,-32.708,-67.93
113,90,7.92,-34.242,-68.87
113,90,8.08,-37.386,-72.19
113,90,8.24,-33.412,-68.52
113,90,8.4,-31.63,-67.01
113,90,8.56,-27.432,-63.71
113,90,8.72,-36.698,-74
113,90,8.88,-27.598,-64.74
113,90,9.04,-32.604,-70.39
113,90,9.2,-28.76,-67.62
113,90,9.36,-27.434,-65.5
113,90,9.52,-20.762,-59.14
113,90,9.68,-23.18,-62.07
113,90,9.84,-31.806,-70.92
113,90,10,-27.15,-66.22
113,90,10.16,-29.118,-68.76
113,90,10.32,-31.932,-71.56
113,90,10.48,-23.268,-62.8
113,90,10.64,-27.098,-67.11
113,90,10.8,-25.95,-66.22
113,90,10.96,-28.446,-68.43
113,90,11.12,-35.026,-75.27
113,90,11.28,-31.266,-71.71
113,90,11.44,-36.972,-77.72
113,90,11.6,-37.9,-78.77
113,90,11.76,-31.044,-72.16
113,90,11.92,-33.044,-74.17
113,90,12.08,-30.65,-72.84
113,90,12.24,-23.034,-65.29
113,90,12.4,-30.42,-73.08
113,90,12.56,-38.25,-82.32
113,90,12.72,-31.624,-76.18
113,90,12.88,-31.846,-77.05
113,90,13.04,-27.188,-73.69
113,90,13.2,-24.94,-71.72
113,90,13.36,-24.084,-70.3
113,90,13.52,-26.502,-72.51
113,90,13.68,-25.88,-72.56
113,90,13.84,-34.668,-82.15
113,90,14,-37.25,-85.1
113,90,14.16,-21.026,-69.25
113,90,14.32,-19.786,-68.74
113,90,14.48,-21.454,-73.28
113,90,14.64,-57.214,-106.67
113,90,14.8,-27.21,-75.22
113,90,14.96,-21.102,-68.23
113,90,15.12,-30.44,-76.87
113,90,15.28,-25.43,-71.98
113,90,15.44,-22.506,-68.82
113,90,15.6,-31.66,-78.29
113,90,15.76,-26.408,-73.6
113,90,15.92,-26.082,-73.26
113,90,16.08,-34.922,-82.38
113,90,16.24,-27.914,-76.04
113,90,16.4,-25.42,-75.23
113,90,16.56,-22.778,-71.71
113,90,16.72,-27.848,-77.33
113,90,16.88,-27.784,-78.25
113,90,17.04,-19.626,-70.88
113,90,17.2,-22.28,-74.71
113,90,17.36,-34.946,-87.59
113,90,17.52,-21.646,-74.18
113,90,17.68,-26.922,-80
113,90,17.84,-22.818,-75.73
113,90,18,-26.65,-79.46
114,90,2,-19.17,-40.96
114,90,2.16,-27.368,-50.78
114,90,2.32,-28.046,-53.7
114,90,2.48,-26.574,-53.82
114,90,2.64,-25.158,-53.87
114,90,2.8,-16.66,-43.72
114,90,2.96,-9.568,-37.88
114,90,3.12,-15.656,-43.89
114,90,3.28,-17.322,-47.34
114,90,3.44,-32.742,-61.39
114,90,3.6,-23.32,-50.77
114,90,3.76,-19.894,-49.38
114,90,3.92,-19.932,-47.48
114,90,4.08,-25.962,-53.63
114,90,4.24,-23.406,-52.43
114,90,4.4,-17.5,-47.31
114,90,4.56,-22.116,-51.93
114,90,4.72,-28.344,-58.33
114,90,4.88,-28.71,-58.84
114,90,5.04,-22.89,-52.94
114,90,5.2,-29.32,-60.74
114,90,5.36,-27.28,-58.08
114,90,5.52,-32.388,-62.67
114,90,5.68,-26.12,-57.49
114,90,5.84,-23.152,-54.6
114,90,6,-34.16,-65.7
114,90,6.16,-25.07,-57.11
114,90,6.32,-28.868,-62.36
114,90,6.48,-50.206,-84.29
114,90,6.64,-31.118,-65.51
114,90,6.8,-30.88,-64.38
114,90,6.96,-41.582,-75.91
114,90,7.12,-47.686,-82.28
114,90,7.28,-45.312,-79.69
114,90,7.44,-33.586,-67.92
114,90,7.6,-38.25,-71.65
114,90,7.76,-41.018,-76.24
114,90,7.92,-38.322,-72.95
114,90,8.08,-50.286,-85.09
114,90,8.24,-36.512,-71.62
114,90,8.4,-36.17,-71.55
114,90,8.56,-29.962,-66.24
114,90,8.72,-39.238,-76.54
114,90,8.88,-31.688,-68.83
114,90,9.04,-36.684,-74.47
114,90,9.2,-28.46,-67.32
114,90,9.36,-31.224,-69.29
114,90,9.52,-21.302,-59.68
114,90,9.68,-22.7,-61.59
114,90,9.84,-24.386,-63.5
114,90,10,-32.58,-71.65
114,90,10.16,-36.268,-75.91
114,90,10.32,-37.372,-77
114,90,10.48,-29.528,-69.06
114,90,10.64,-30.718,-70.73
114,90,10.8,-27.43,-67.7
114,90,10.96,-31.436,-71.42
114,90,11.12,-29.076,-69.32
114,90,11.28,-30.546,-70.99
114,90,11.44,-33.132,-73.88
114,90,11.6,-31.52,-72.39
114,90,11.76,-39.504,-80.62
114,90,11.92,-32.284,-73.41
114,90,12.08,-39.12,-81.31
114,90,12.24,-32.314,-74.57
114,90,12.4,-28.33,-70.99
114,90,12.56,-39.64,-83.71
114,90,12.72,-24.114,-68.67
114,90,12.88,-25.546,-70.75
114,90,13.04,-39.868,-86.37
114,90,13.2,-31.61,-78.39
114,90,13.36,-32.584,-78.8
114,90,13.52,-31.232,-77.24
114,90,13.68,-32.95,-79.63
114,90,13.84,-23.828,-71.31
114,90,14,-21.94,-69.79
114,90,14.16,-31.706,-79.93
114,90,14.32,-22.096,-71.05
114,90,14.48,-27.694,-79.52
114,90,14.64,-21.594,-71.05
114,90,14.8,-25.28,-73.29
114,90,14.96,-25.552,-72.68
114,90,15.12,-32.45,-78.88
114,90,15.28,-28.07,-74.62
114,90,15.44,-30.176,-76.49
114,90,15.6,-23.94,-70.57
114,90,15.76,-38.318,-85.51
114,90,15.92,-23.322,-70.5
114,90,16.08,-27.212,-74.67
114,90,16.24,-36.064,-84.19
114,90,16.4,-23.55,-73.36
114,90,16.56,-25.548,-74.48
114,90,16.72,-31.958,-81.44
114,90,16.88,-29.084,-79.55
114,90,17.04,-26.016,-77.27
114,90,17.2,-44.71,-97.14
114,90,17.36,-22.526,-75.17
114,90,17.52,-18.996,-71.53
114,90,17.68,-18.642,-71.72
114,90,17.84,-18.348,-71.26
114,90,18,-23.22,-76.03
115,90,2,-18.43,-40.22
115,90,2.16,-33.258,-56.67
115,90,2.32,-31.916,-57.57
115,90,2.48,-27.364,-54.61
115,90,2.64,-24.728,-53.44
115,90,2.8,-16.37,-43.43
115,90,2.96,-9.358,-37.67
115,90,3.12,-15.626,-43.86
115,90,3.28,-16.212,-46.23
115,90,3.44,-24.742,-53.39
115,90,3.6,-24.87,-52.32
115,90,3.76,-20.464,-49.95
115,90,3.92,-19.782,-47.33
115,90,4.08,-25.632,-53.3
115,90,4.24,-24.156,-53.18
115,90,4.4,-18.02,-47.83
115,90,4.56,-21.526,-51.34
115,90,4.72,-30.974,-60.96
115,90,4.88,-26.31,-56.44
115,90,5.04,-21.41,-51.46
115,90,5.2,-28.37,-59.79
115,90,5.36,-28.63,-59.43
115,90,5.52,-33.748,-64.03
115,90,5.68,-28.27,-59.64
115,90,5.84,-22.702,-54.15
115,90,6,-30.11,-61.65
115,90,6.16,-27.19,-59.23
115,90,6.32,-29.268,-62.76
115,90,6.48,-34.006,-68.09
115,90,6.64,-30.338,-64.73
115,90,6.8,-32.83,-66.33
115,90,6.96,-35.452,-69.78
115,90,7.12,-33.116,-67.71
115,90,7.28,-39.722,-74.1
115,90,7.44,-32.076,-66.41
115,90,7.6,-30.56,-63.96
115,90,7.76,-35.948,-71.17
115,90,7.92,-39.712,-74.34
115,90,8.08,-49.016,-83.82
115,90,8.24,-34.212,-69.32
115,90,8.4,-37.65,-73.03
115,90,8.56,-35.622,-71.9
115,90,8.72,-32.348,-69.65
115,90,8.88,-31.488,-68.63
115,90,9.04,-36.664,-74.45
115,90,9.2,-34.09,-72.95
115,90,9.36,-35.324,-73.39
115,90,9.52,-22.552,-60.93
115,90,9.68,-23.28,-62.17
115,90,9.84,-22.866,-61.98
115,90,10,-27.01,-66.08
115,90,10.16,-49.248,-88.89
115,90,10.32,-35.952,-75.58
115,90,10.48,-30.578,-70.11
115,90,10.64,-31.478,-71.49
115,90,10.8,-29.84,-70.11
115,90,10.96,-34.826,-74.81
115,90,11.12,-31.756,-72
115,90,11.28,-28.836,-69.28
115,90,11.44,-28.232,-68.98
115,90,11.6,-25.41,-66.28
115,90,11.76,-30.494,-71.61
115,90,11.92,-25.684,-66.81
115,90,12.08,-38.05,-80.24
115,90,12.24,-41.094,-83.35
115,90,12.4,-23.77,-66.43
115,90,12.56,-30.03,-74.1
115,90,12.72,-33.544,-78.1
115,90,12.88,-24.206,-69.41
115,90,13.04,-37.108,-83.61
115,90,13.2,-30.41,-77.19
115,90,13.36,-27.764,-73.98
115,90,13.52,-23.732,-69.74
115,90,13.68,-28.44,-75.12
115,90,13.84,-31.138,-78.62
115,90,14,-27.99,-75.84
115,90,14.16,-22.206,-70.43
115,90,14.32,-24.166,-73.12
115,90,14.48,-22.004,-73.83
115,90,14.64,-30.004,-79.46
115,90,14.8,-23.35,-71.36
115,90,14.96,-43.192,-90.32
115,90,15.12,-25.05,-71.48
115,90,15.28,-27.31,-73.86
115,90,15.44,-51.516,-97.83
115,90,15.6,-24.51,-71.14
115,90,15.76,-35.498,-82.69
115,90,15.92,-28.082,-75.26
115,90,16.08,-26.702,-74.16
115,90,16.24,-28.814,-76.94
115,90,16.4,-20.44,-70.25
115,90,16.56,-34.648,-83.58
115,90,16.72,-28.288,-77.77
115,90,16.88,-26.714,-77.18
115,90,17.04,-26.816,-78.07
115,90,17.2,-17.47,-69.9
115,90,17.36,-30.046,-82.69
115,90,17.52,-22.056,-74.59
115,90,17.68,-20.242,-73.32
115,90,17.84,-17.518,-70.43
115,90,18,-22.44,-75.25
116,90,2,-17.8,-39.59
116,90,2.16,-35.328,-58.74
116,90,2.32,-42.226,-67.88
116,90,2.48,-27.944,-55.19
116,90,2.64,-23.288,-52
116,90,2.8,-16,-43.06
116,90,2.96,-9.548,-37.86
116,90,3.12,-16.046,-44.28
116,90,3.28,-15.912,-45.93
116,90,3.44,-21.692,-50.34
116,90,3.6,-27.6,-55.05
116,90,3.76,-21.764,-51.25
116,90,3.92,-19.772,-47.32
116,90,4.08,-25.032,-52.7
116,90,4.24,-25.256,-54.28
116,90,4.4,-19.19,-49
116,90,4.56,-21.326,-51.14
116,90,4.72,-36.724,-66.71
116,90,4.88,-26.95,-57.08
116,90,5.04,-19.98,-50.03
116,90,5.2,-29.28,-60.7
116,90,5.36,-31.61,-62.41
116,90,5.52,-31.958,-62.24
116,90,5.68,-27.98,-59.35
116,90,5.84,-21.562,-53.01
116,90,6,-25.23,-56.77
116,90,6.16,-27.06,-59.1
116,90,6.32,-29.648,-63.14
116,90,6.48,-29.176,-63.26
116,90,6.64,-29.548,-63.94
116,90,6.8,-28.5,-62
116,90,6.96,-35.262,-69.59
116,90,7.12,-29.806,-64.4
116,90,7.28,-36.752,-71.13
116,90,7.44,-35.436,-69.77
116,90,7.6,-28.19,-61.59
116,90,7.76,-34.408,-69.63
116,90,7.92,-31.262,-65.89
116,90,8.08,-33.756,-68.56
116,90,8.24,-35.252,-70.36
116,90,8.4,-37.35,-72.73
116,90,8.56,-35.742,-72.02
116,90,8.72,-27.988,-65.29
116,90,8.88,-33.568,-70.71
116,90,9.04,-33.774,-71.56
116,90,9.2,-39.59,-78.45
116,90,9.36,-32.654,-70.72
116,90,9.52,-25.132,-63.51
116,90,9.68,-23.62,-62.51
116,90,9.84,-22.226,-61.34
116,90,10,-28.51,-67.58
116,90,10.16,-32.868,-72.51
116,90,10.32,-31.662,-71.29
116,90,10.48,-33.048,-72.58
116,90,10.64,-53.698,-93.71
116,90,10.8,-41.05,-81.32
116,90,10.96,-38.856,-78.84
116,90,11.12,-27.936,-68.18
116,90,11.28,-27.116,-67.56
116,90,11.44,-23.052,-63.8
116,90,11.6,-29.64,-70.51
116,90,11.76,-30.214,-71.33
116,90,11.92,-31.864,-72.99
116,90,12.08,-28.52,-70.71
116,90,12.24,-32.754,-75.01
116,90,12.4,-21.85,-64.51
116,90,12.56,-37.77,-81.84
116,90,12.72,-34.404,-78.96
116,90,12.88,-22.666,-67.87
116,90,13.04,-36.908,-83.41
116,90,13.2,-27.51,-74.29
116,90,13.36,-36.904,-83.12
116,90,13.52,-27.682,-73.69
116,90,13.68,-32.61,-79.29
116,90,13.84,-33.938,-81.42
116,90,14,-29.27,-77.12
116,90,14.16,-21.976,-70.2
116,90,14.32,-25.746,-74.7
116,90,14.48,-17.884,-69.71
116,90,14.64,-21.224,-70.68
116,90,14.8,-32.57,-80.58
116,90,14.96,-31.652,-78.78
116,90,15.12,-29.11,-75.54
116,90,15.28,-26.08,-72.63
116,90,15.44,-28.366,-74.68
116,90,15.6,-30.49,-77.12
116,90,15.76,-30.098,-77.29
116,90,15.92,-35.202,-82.38
116,90,16.08,-33.652,-81.11
116,90,16.24,-33.994,-82.12
116,90,16.4,-36.63,-86.44
116,90,16.56,-27.478,-76.41
116,90,16.72,-28.918,-78.4
116,90,16.88,-21.194,-71.66
116,90,17.04,-24.246,-75.5
116,90,17.2,-17.73,-70.16
116,90,17.36,-26.296,-78.94
116,90,17.52,-24.706,-77.24
116,90,17.68,-25.082,-78.16
116,90,17.84,-22.348,-75.26
116,90,18,-18.55,-71.36
117,90,2,-16.75,-38.54
117,90,2.16,-28.858,-52.27
117,90,2.32,-35.396,-61.05
117,90,2.48,-28.444,-55.69
117,90,2.64,-22.518,-51.23
117,90,2.8,-15.96,-43.02
117,90,2.96,-9.628,-37.94
117,90,3.12,-15.696,-43.93
117,90,3.28,-15.282,-45.3
117,90,3.44,-19.452,-48.1
117,90,3.6,-33.33,-60.78
117,90,3.76,-22.504,-51.99
117,90,3.92,-20.222,-47.77
117,90,4.08,-24.102,-51.77
117,90,4.24,-26.366,-55.39
117,90,4.4,-21.3,-51.11
117,90,4.56,-20.996,-50.81
117,90,4.72,-30.484,-60.47
117,90,4.88,-28.31,-58.44
117,90,5.04,-19.72,-49.77
117,90,5.2,-27.93,-59.35
117,90,5.36,-33.82,-64.62
117,90,5.52,-30.118,-60.4
117,90,5.68,-27.49,-58.86
117,90,5.84,-22.732,-54.18
117,90,6,-24.91,-56.45
117,90,6.16,-27.19,-59.23
117,90,6.32,-29.248,-62.74
117,90,6.48,-28.206,-62.29
117,90,6.64,-32.068,-66.46
117,90,6.8,-29.11,-62.61
117,90,6.96,-32.032,-66.36
117,90,7.12,-28.086,-62.68
117,90,7.28,-33.022,-67.4
117,90,7.44,-34.156,-68.49
117,90,7.6,-27.86,-61.26
117,90,7.76,-34.208,-69.43
117,90,7.92,-34.942,-69.57
117,90,8.08,-31.046,-65.85
117,90,8.24,-27.522,-62.63
117,90,8.4,-31.31,-66.69
117,90,8.56,-29.812,-66.09
117,90,8.72,-32.358,-69.66
117,90,8.88,-45.488,-82.63
117,90,9.04,-41.914,-79.7
117,90,9.2,-36.66,-75.52
117,90,9.36,-41.604,-79.67
117,90,9.52,-25.692,-64.07
117,90,9.68,-30.46,-69.35
117,90,9.84,-22.336,-61.45
117,90,10,-28.45,-67.52
117,90,10.16,-31.728,-71.37
117,90,10.32,-28.452,-68.08
117,90,10.48,-30.098,-69.63
117,90,10.64,-32.628,-72.64
117,90,10.8,-32.82,-73.09
117,90,10.96,-42.456,-82.44
117,90,11.12,-37.256,-77.5
117,90,11.28,-27.346,-67.79
117,90,11.44,-30.162,-70.91
117,90,11.6,-31.27,-72.14
117,90,11.76,-40.554,-81.67
117,90,11.92,-35.234,-76.36
117,90,12.08,-29.87,-72.06
117,90,12.24,-24.444,-66.7
117,90,12.4,-23.76,-66.42
117,90,12.56,-27.76,-71.83
117,90,12.72,-32.434,-76.99
117,90,12.88,-26.616,-71.82
117,90,13.04,-51.448,-97.95
117,90,13.2,-28.84,-75.62
117,90,13.36,-38.914,-85.13
117,90,13.52,-27.392,-73.4
117,90,13.68,-27.08,-73.76
117,90,13.84,-24.278,-71.76
117,90,14,-33.48,-81.33
117,90,14.16,-27.916,-76.14
117,90,14.32,-22.526,-71.48
117,90,14.48,-29.614,-81.44
117,90,14.64,-31.574,-81.03
117,90,14.8,-34.63,-82.64
117,90,14.96,-36.092,-83.22
117,90,15.12,-31.55,-77.98
117,90,15.28,-28.83,-75.38
117,90,15.44,-25.666,-71.98
117,90,15.6,-33.97,-80.6
117,90,15.76,-21.718,-68.91
117,90,15.92,-24.532,-71.71
117,90,16.08,-31.352,-78.81
117,90,16.24,-28.524,-76.65
117,90,16.4,-26.94,-76.75
117,90,16.56,-26.888,-75.82
117,90,16.72,-22.328,-71.81
117,90,16.88,-31.004,-81.47
117,90,17.04,-35.206,-86.46
117,90,17.2,-19.39,-71.82
117,90,17.36,-31.556,-84.2
117,90,17.52,-22.386,-74.92
117,90,17.68,-23.662,-76.74
117,90,17.84,-19.328,-72.24
117,90,18,-29.46,-82.27
118,90,2,-16.32,-38.11
118,90,2.16,-24.248,-47.66
118,90,2.32,-30.576,-56.23
118,90,2.48,-27.294,-54.54
118,90,2.64,-22.908,-51.62
118,90,2.8,-15.72,-42.78
118,90,2.96,-9.628,-37.94
118,90,3.12,-16.066,-44.3
118,90,3.28,-14.932,-44.95
118,90,3.44,-18.412,-47.06
118,90,3.6,-50.78,-78.23
118,90,3.76,-24.714,-54.2
118,90,3.92,-20.852,-48.4
118,90,4.08,-24.262,-51.93
118,90,4.24,-28.036,-57.06
118,90,4.4,-22.98,-52.79
118,90,4.56,-21.136,-50.95
118,90,4.72,-26.944,-56.93
118,90,4.88,-30.63,-60.76
118,90,5.04,-20.46,-50.51
118,90,5.2,-30.52,-61.94
118,90,5.36,-30.44,-61.24
118,90,5.52,-30.268,-60.55
118,90,5.68,-24.29,-55.66
118,90,5.84,-22.832,-54.28
118,90,6,-23.47,-55.01
118,90,6.16,-25.56,-57.6
118,90,6.32,-26.968,-60.46
118,90,6.48,-28.356,-62.44
118,90,6.64,-29.298,-63.69
118,90,6.8,-30.4,-63.9
118,90,6.96,-37.402,-71.73
118,90,7.12,-27.586,-62.18
118,90,7.28,-34.822,-69.2
118,90,7.44,-28.376,-62.71
118,90,7.6,-30.5,-63.9
118,90,7.76,-28.328,-63.55
118,90,7.92,-33.472,-68.1
118,90,8.08,-30.256,-65.06
118,90,8.24,-33.412,-68.52
118,90,8.4,-34.49,-69.87
118,90,8.56,-26.422,-62.7
118,90,8.72,-29.768,-67.07
118,90,8.88,-44.028,-81.17
118,90,9.04,-31.844,-69.63
118,90,9.2,-30.05,-68.91
118,90,9.36,-34.454,-72.52
118,90,9.52,-34.432,-72.81
118,90,9.68,-38.01,-76.9
118,90,9.84,-29.846,-68.96
118,90,10,-33.02,-72.09
118,90,10.16,-33.898,-73.54
118,90,10.32,-27.812,-67.44
118,90,10.48,-30.548,-70.08
118,90,10.64,-29.028,-69.04
118,90,10.8,-23.79,-64.06
118,90,10.96,-29.966,-69.95
118,90,11.12,-36.686,-76.93
118,90,11.28,-35.916,-76.36
118,90,11.44,-28.492,-69.24
118,90,11.6,-31.53,-72.4
118,90,11.76,-37.164,-78.28
118,90,11.92,-35.064,-76.19
118,90,12.08,-35.42,-77.61
118,90,12.24,-26.144,-68.4
118,90,12.4,-27,-69.66
118,90,12.56,-34.31,-78.38
118,90,12.72,-27.174,-71.73
118,90,12.88,-24.656,-69.86
118,90,13.04,-31.998,-78.5
118,90,13.2,-33.97,-80.75
118,90,13.36,-27.824,-74.04
118,90,13.52,-57.602,-103.61
118,90,13.68,-28.42,-75.1
118,90,13.84,-27.188,-74.67
118,90,14,-23.02,-70.87
118,90,14.16,-33.856,-82.08
118,90,14.32,-28.266,-77.22
118,90,14.48,-25.894,-77.72
118,90,14.64,-44.634,-94.09
118,90,14.8,-31.26,-79.27
118,90,14.96,-36.992,-84.12
118,90,15.12,-25.51,-71.94
118,90,15.28,-24.79,-71.34
118,90,15.44,-31.216,-77.53
118,90,15.6,-52.29,-98.92
118,90,15.76,-33.148,-80.34
118,90,15.92,-24.002,-71.18
118,90,16.08,-26.402,-73.86
118,90,16.24,-35.054,-83.18
118,90,16.4,-34,-83.81
118,90,16.56,-32.138,-81.07
118,90,16.72,-28.788,-78.27
118,90,16.88,-24.314,-74.78
118,90,17.04,-32.066,-83.32
118,90,17.2,-23.17,-75.6
118,90,17.36,-40.836,-93.48
118,90,17.52,-38.016,-90.55
118,90,17.68,-22.142,-75.22
118,90,17.84,-16.528,-69.44
118,90,18,-43.75,-96.56
119,90,2,-15.77,-37.56
119,90,2.16,-21.628,-45.04
119,90,2.32,-25.946,-51.6
119,90,2.48,-27.624,-54.87
119,90,2.64,-21.358,-50.07
119,90,2.8,-15.74,-42.8
119,90,2.96,-9.858,-38.17
119,90,3.12,-16.436,-44.67
119,90,3.28,-14.502,-44.52
119,90,3.44,-17.652,-46.3
119,90,3.6,-34.33,-61.78
119,90,3.76,-27.404,-56.89
119,90,3.92,-22.752,-50.3
119,90,4.08,-24.112,-51.78
119,90,4.24,-29.256,-58.28
119,90,4.4,-27.27,-57.08
119,90,4.56,-21.456,-51.27
119,90,4.72,-23.034,-53.02
119,90,4.88,-33.51,-63.64
119,90,5.04,-21.48,-51.53
119,90,5.2,-27.93,-59.35
119,90,5.36,-28.94,-59.74
119,90,5.52,-30.538,-60.82
119,90,5.68,-21.66,-53.03
119,90,5.84,-23.582,-55.03
119,90,6,-24.93,-56.47
119,90,6.16,-24.37,-56.41
119,90,6.32,-24.578,-58.07
119,90,6.48,-28.996,-63.08
119,90,6.64,-26.848,-61.24
119,90,6.8,-28.85,-62.35
119,90,6.96,-31.032,-65.36
119,90,7.12,-28.106,-62.7
119,90,7.28,-30.112,-64.49
119,90,7.44,-29.916,-64.25
119,90,7.6,-30.36,-63.76
119,90,7.76,-24.718,-59.94
119,90,7.92,-33.202,-67.83
119,90,8.08,-34.006,-68.81
119,90,8.24,-35.862,-70.97
119,90,8.4,-42.43,-77.81
119,90,8.56,-25.732,-62.01
119,90,8.72,-29.958,-67.26
119,90,8.88,-36.878,-74.02
119,90,9.04,-34.494,-72.28
119,90,9.2,-26.59,-65.45
119,90,9.36,-34.794,-72.86
119,90,9.52,-34.082,-72.46
119,90,9.68,-47.98,-86.87
119,90,9.84,-30.686,-69.8
119,90,10,-30.25,-69.32
119,90,10.16,-30.808,-70.45
119,90,10.32,-27.682,-67.31
119,90,10.48,-39.388,-78.92
119,90,10.64,-30.618,-70.63
119,90,10.8,-22.54,-62.81
119,90,10.96,-25.536,-65.52
119,90,11.12,-40.066,-80.31
119,90,11.28,-25.946,-66.39
119,90,11.44,-32.022,-72.77
119,90,11.6,-33.73,-74.6
119,90,11.76,-39.914,-81.03
119,90,11.92,-47.904,-89.03
119,90,12.08,-28.3,-70.49
119,90,12.24,-32.834,-75.09
119,90,12.4,-30.95,-73.61
119,90,12.56,-31.22,-75.29
119,90,12.72,-33.524,-78.08
119,90,12.88,-29.456,-74.66
119,90,13.04,-32.428,-78.93
119,90,13.2,-31.21,-77.99
119,90,13.36,-28.214,-74.43
119,90,13.52,-31.722,-77.73
119,90,13.68,-32.5,-79.18
119,90,13.84,-30.458,-77.94
119,90,14,-25.5,-73.35
119,90,14.16,-20.986,-69.21
119,90,14.32,-24.876,-73.83
119,90,14.48,-27.744,-79.57
119,90,14.64,-29.014,-78.47
119,90,14.8,-27.36,-75.37
119,90,14.96,-29.532,-76.66
119,90,15.12,-28.83,-75.26
119,90,15.28,-27.88,-74.43
119,90,15.44,-26.006,-72.32
119,90,15.6,-46.5,-93.13
119,90,15.76,-28.488,-75.68
119,90,15.92,-25.352,-72.53
119,90,16.08,-25.882,-73.34
119,90,16.24,-35.344,-83.47
119,90,16.4,-56.78,-106.59
119,90,16.56,-37.718,-86.65
119,90,16.72,-26.738,-76.22
119,90,16.88,-27.664,-78.13
119,90,17.04,-31.726,-82.98
119,90,17.2,-31.94,-84.37
119,90,17.36,-24.256,-76.9
119,90,17.52,-21.036,-73.57
119,90,17.68,-18.532,-71.61
119,90,17.84,-24.378,-77.29
119,90,18,-19.37,-72.18
120,90,2,-15.01,-36.8
120,90,2.16,-20.068,-43.48
120,90,2.32,-23.426,-49.08
120,90,2.48,-26.704,-53.95
120,90,2.64,-20.588,-49.3
120,90,2.8,-15.83,-42.89
120,90,2.96,-10.298,-38.61
120,90,3.12,-16.796,-45.03
120,90,3.28,-14.482,-44.5
120,90,3.44,-16.812,-45.46
120,90,3.6,-28.48,-55.93
120,90,3.76,-26.554,-56.04
120,90,3.92,-25.042,-52.59
120,90,4.08,-24.152,-51.82
120,90,4.24,-30.646,-59.67
120,90,4.4,-34.29,-64.1
120,90,4.56,-20.936,-50.75
120,90,4.72,-21.284,-51.27
120,90,4.88,-34.72,-64.85
120,90,5.04,-23.48,-53.53
120,90,5.2,-27.46,-58.88
120,90,5.36,-29.46,-60.26
120,90,5.52,-38.438,-68.72
120,90,5.68,-22.11,-53.48
120,90,5.84,-23.642,-55.09
120,90,6,-23.52,-55.06
120,90,6.16,-25.15,-57.19
120,90,6.32,-24.468,-57.96
120,90,6.48,-26.666,-60.75
120,90,6.64,-28.728,-63.12
120,90,6.8,-25.98,-59.48
120,90,6.96,-26.902,-61.23
120,90,7.12,-37.236,-71.83
120,90,7.28,-32.902,-67.28
120,90,7.44,-30.706,-65.04
120,90,7.6,-31.08,-64.48
120,90,7.76,-21.998,-57.22
120,90,7.92,-29.702,-64.33
120,90,8.08,-35.316,-70.12
120,90,8.24,-27.482,-62.59
120,90,8.4,-28.99,-64.37
120,90,8.56,-26.132,-62.41
120,90,8.72,-26.658,-63.96
120,90,8.88,-35.148,-72.29
120,90,9.04,-33.014,-70.8
120,90,9.2,-26.51,-65.37
120,90,9.36,-27.654,-65.72
120,90,9.52,-31.422,-69.8
120,90,9.68,-36.04,-74.93
120,90,9.84,-43.206,-82.32
120,90,10,-37.59,-76.66
120,90,10.16,-37.218,-76.86
120,90,10.32,-38.832,-78.46
120,90,10.48,-32.538,-72.07
120,90,10.64,-28.088,-68.1
120,90,10.8,-23.67,-63.94
120,90,10.96,-32.556,-72.54
120,90,11.12,-31.346,-71.59
120,90,11.28,-25.776,-66.22
120,90,11.44,-46.512,-87.26
120,90,11.6,-31.31,-72.18
120,90,11.76,-30.224,-71.34
120,90,11.92,-33.224,-74.35
120,90,12.08,-36.35,-78.54
120,90,12.24,-29.474,-71.73
120,90,12.4,-35.7,-78.36
120,90,12.56,-28.95,-73.02
120,90,12.72,-31.674,-76.23
120,90,12.88,-37.186,-82.39
120,90,13.04,-27.798,-74.3
120,90,13.2,-22.44,-69.22
120,90,13.36,-27.404,-73.62
120,90,13.52,-36.432,-82.44
120,90,13.68,-30.08,-76.76
120,90,13.84,-30.058,-77.54
120,90,14,-24.31,-72.16
120,90,14.16,-25.536,-73.76
120,90,14.32,-23.156,-72.11
120,90,14.48,-30.154,-81.98
120,90,14.64,-28.664,-78.12
120,90,14.8,-22.84,-70.85
120,90,14.96,-39.402,-86.53
120,90,15.12,-25.06,-71.49
120,90,15.28,-34.11,-80.66
120,90,15.44,-30.716,-77.03
120,90,15.6,-26.48,-73.11
120,90,15.76,-43.488,-90.68
120,90,15.92,-47.642,-94.82
120,90,16.08,-31.382,-78.84
120,90,16.24,-23.414,-71.54
120,90,16.4,-33.27,-83.08
120,90,16.56,-32.548,-81.48
120,90,16.72,-21.268,-70.75
120,90,16.88,-30.554,-81.02
120,90,17.04,-26.986,-78.24
120,90,17.2,-35.91,-88.34
120,90,17.36,-22.956,-75.6
120,90,17.52,-20.996,-73.53
120,90,17.68,-23.452,-76.53
120,90,17.84,-23.978,-76.89
120,90,18,-28.08,-80.89
121,90,2,-14.6,-36.39
121,90,2.16,-18.698,-42.11
121,90,2.32,-21.526,-47.18
121,90,2.48,-26.444,-53.69
121,90,2.64,-19.958,-48.67
121,90,2.8,-15.67,-42.73
121,90,2.96,-10.668,-38.98
121,90,3.12,-17.286,-45.52
121,90,3.28,-14.222,-44.24
121,90,3.44,-16.632,-45.28
121,90,3.6,-24.07,-51.52
121,90,3.76,-24.874,-54.36
121,90,3.92,-28.242,-55.79
121,90,4.08,-25.482,-53.15
121,90,4.24,-29.136,-58.16
121,90,4.4,-43.17,-72.98
121,90,4.56,-20.216,-50.03
121,90,4.72,-21.054,-51.04
121,90,4.88,-31.77,-61.9
121,90,5.04,-25,-55.05
121,90,5.2,-26.49,-57.91
121,90,5.36,-29.04,-59.84
121,90,5.52,-47.838,-78.12
121,90,5.68,-21.97,-53.34
121,90,5.84,-22.852,-54.3
121,90,6,-25.19,-56.73
121,90,6.16,-24.71,-56.75
121,90,6.32,-22.788,-56.28
121,90,6.48,-27.346,-61.43
121,90,6.64,-30.218,-64.61
121,90,6.8,-26.91,-60.41
121,90,6.96,-24.812,-59.14
121,90,7.12,-35.206,-69.8
121,90,7.28,-27.722,-62.1
121,90,7.44,-31.396,-65.73
121,90,7.6,-35.83,-69.23
121,90,7.76,-22.198,-57.42
121,90,7.92,-28.592,-63.22
121,90,8.08,-31.906,-66.71
121,90,8.24,-28.802,-63.91
121,90,8.4,-26.39,-61.77
121,90,8.56,-25.362,-61.64
121,90,8.72,-24.418,-61.72
121,90,8.88,-25.368,-62.51
121,90,9.04,-27.754,-65.54
121,90,9.2,-29.37,-68.23
121,90,9.36,-29.874,-67.94
121,90,9.52,-29.822,-68.2
121,90,9.68,-32.37,-71.26
121,90,9.84,-30.466,-69.58
121,90,10,-33.44,-72.51
121,90,10.16,-34.988,-74.63
121,90,10.32,-36.592,-76.22
121,90,10.48,-27.268,-66.8
121,90,10.64,-26.828,-66.84
121,90,10.8,-27.9,-68.17
121,90,10.96,-39.686,-79.67
121,90,11.12,-24.396,-64.64
121,90,11.28,-23.076,-63.52
121,90,11.44,-39.922,-80.67
121,90,11.6,-30.02,-70.89
121,90,11.76,-47.134,-88.25
121,90,11.92,-24.644,-65.77
121,90,12.08,-42.14,-84.33
121,90,12.24,-30.064,-72.32
121,90,12.4,-29.8,-72.46
121,90,12.56,-27.77,-71.84
121,90,12.72,-29.434,-73.99
121,90,12.88,-25.996,-71.2
121,90,13.04,-29.228,-75.73
121,90,13.2,-24.85,-71.63
121,90,13.36,-30.914,-77.13
121,90,13.52,-25.292,-71.3
121,90,13.68,-37.14,-83.82
121,90,13.84,-26.718,-74.2
121,90,14,-31.83,-79.68
121,90,14.16,-24.236,-72.46
121,90,14.32,-29.296,-78.25
121,90,14.48,-39.774,-91.6
121,90,14.64,-22.084,-71.54
121,90,14.8,-25.67,-73.68
121,90,14.96,-25.712,-72.84
121,90,15.12,-27.92,-74.35
121,90,15.28,-26.58,-73.13
121,90,15.44,-28.876,-75.19
121,90,15.6,-32.44,-79.07
121,90,15.76,-43.828,-91.02
121,90,15.92,-25.542,-72.72
121,90,16.08,-32.192,-79.65
121,90,16.24,-28.754,-76.88
121,90,16.4,-23.49,-73.3
121,90,16.56,-44.158,-93.09
121,90,16.72,-37.598,-87.08
121,90,16.88,-26.814,-77.28
121,90,17.04,-43.036,-94.29
121,90,17.2,-25.34,-77.77
121,90,17.36,-20.756,-73.4
121,90,17.52,-27.546,-80.08
121,90,17.68,-27.902,-80.98
121,90,17.84,-30.658,-83.57
121,90,18,-25.79,-78.6
122,90,2,-14.03,-35.82
122,90,2.16,-17.618,-41.03
122,90,2.32,-20.176,-45.83
122,90,2.48,-25.864,-53.11
122,90,2.64,-19.138,-47.85
122,90,2.8,-15.76,-42.82
122,90,2.96,-11.248,-39.56
122,90,3.12,-17.186,-45.42
122,90,3.28,-13.842,-43.86
122,90,3.44,-16.882,-45.53
122,90,3.6,-23.09,-50.54
122,90,3.76,-22.184,-51.67
122,90,3.92,-31.432,-58.98
122,90,4.08,-27.102,-54.77
122,90,4.24,-25.656,-54.68
122,90,4.4,-30.1,-59.91
122,90,4.56,-19.586,-49.4
122,90,4.72,-20.534,-50.52
122,90,4.88,-31.42,-61.55
122,90,5.04,-25.74,-55.79
122,90,5.2,-26.3,-57.72
122,90,5.36,-29.46,-60.26
122,90,5.52,-29.158,-59.44
122,90,5.68,-24.72,-56.09
122,90,5.84,-24.682,-56.13
122,90,6,-25.23,-56.77
122,90,6.16,-27.15,-59.19
122,90,6.32,-25.498,-58.99
122,90,6.48,-26.476,-60.56
122,90,6.64,-26.828,-61.22
122,90,6.8,-28.22,-61.72
122,90,6.96,-23.442,-57.77
122,90,7.12,-30.736,-65.33
122,90,7.28,-25.272,-59.65
122,90,7.44,-27.276,-61.61
122,90,7.6,-39.85,-73.25
122,90,7.76,-28.038,-63.26
122,90,7.92,-33.992,-68.62
122,90,8.08,-30.146,-64.95
122,90,8.24,-29.142,-64.25
122,90,8.4,-33.16,-68.54
122,90,8.56,-29.612,-65.89
122,90,8.72,-25.898,-63.2
122,90,8.88,-24.238,-61.38
122,90,9.04,-26.084,-63.87
122,90,9.2,-31.78,-70.64
122,90,9.36,-23.874,-61.94
122,90,9.52,-28.282,-66.66
122,90,9.68,-33.04,-71.93
122,90,9.84,-32.436,-71.55
122,90,10,-30.18,-69.25
122,90,10.16,-29.348,-68.99
122,90,10.32,-45.802,-85.43
122,90,10.48,-31.508,-71.04
122,90,10.64,-31.228,-71.24
122,90,10.8,-31.13,-71.4
122,90,10.96,-31.796,-71.78
122,90,11.12,-26.736,-66.98
122,90,11.28,-26.526,-66.97
122,90,11.44,-28.992,-69.74
122,90,11.6,-45.08,-85.95
122,90,11.76,-26.334,-67.45
122,90,11.92,-23.614,-64.74
122,90,12.08,-33.06,-75.25
122,90,12.24,-29.234,-71.49
122,90,12.4,-31.48,-74.14
122,90,12.56,-34.71,-78.78
122,90,12.72,-32.994,-77.55
122,90,12.88,-27.106,-72.31
122,90,13.04,-29.208,-75.71
122,90,13.2,-37.02,-83.8
122,90,13.36,-30.004,-76.22
122,90,13.52,-28.112,-74.12
122,90,13.68,-28.72,-75.4
122,90,13.84,-30.358,-77.84
122,90,14,-27.38,-75.23
122,90,14.16,-20.426,-68.65
122,90,14.32,-23.216,-72.17
122,90,14.48,-20.374,-72.2
122,90,14.64,-30.954,-80.41
122,90,14.8,-40.05,-88.06
122,90,14.96,-33.962,-81.09
122,90,15.12,-30.5,-76.93
122,90,15.28,-38.48,-85.03
122,90,15.44,-37.056,-83.37
122,90,15.6,-34.94,-81.57
122,90,15.76,-27.288,-74.48
122,90,15.92,-35.162,-82.34
122,90,16.08,-30.682,-78.14
122,90,16.24,-29.654,-77.78
122,90,16.4,-24.39,-74.2
122,90,16.56,-25.288,-74.22
122,90,16.72,-33.008,-82.49
122,90,16.88,-25.064,-75.53
122,90,17.04,-19.086,-70.34
122,90,17.2,-21.52,-73.95
122,90,17.36,-32.096,-84.74
122,90,17.52,-28.926,-81.46
122,90,17.68,-21.542,-74.62
122,90,17.84,-18.008,-70.92
122,90,18,-18.22,-71.03
123,90,2,-13.72,-35.51
123,90,2.16,-16.958,-40.37
123,90,2.32,-19.146,-44.8
123,90,2.48,-25.384,-52.63
123,90,2.64,-19.068,-47.78
123,90,2.8,-15.82,-42.88
123,90,2.96,-12.178,-40.49
123,90,3.12,-17.106,-45.34
123,90,3.28,-13.562,-43.58
123,90,3.44,-16.412,-45.06
123,90,3.6,-21.22,-48.67
123,90,3.76,-20.904,-50.39
123,90,3.92,-32.982,-60.53
123,90,4.08,-28.842,-56.51
123,90,4.24,-23.626,-52.65
123,90,4.4,-25.12,-54.93
123,90,4.56,-19.416,-49.23
123,90,4.72,-20.014,-50
123,90,4.88,-25.85,-55.98
123,90,5.04,-26.24,-56.29
123,90,5.2,-24.45,-55.87
123,90,5.36,-31.46,-62.26
123,90,5.52,-25.438,-55.72
123,90,5.68,-30.13,-61.5
123,90,5.84,-25.262,-56.71
123,90,6,-25.01,-56.55
123,90,6.16,-27.01,-59.05
123,90,6.32,-24.058,-57.55
123,90,6.48,-25.346,-59.43
123,90,6.64,-25.628,-60.02
123,90,6.8,-32.66,-66.16
123,90,6.96,-25.092,-59.42
123,90,7.12,-29.296,-63.89
123,90,7.28,-26.362,-60.74
123,90,7.44,-24.786,-59.12
123,90,7.6,-38.22,-71.62
123,90,7.76,-31.208,-66.43
123,90,7.92,-30.052,-64.68
123,90,8.08,-29.116,-63.92
123,90,8.24,-32.772,-67.88
123,90,8.4,-32.57,-67.95
123,90,8.56,-32.672,-68.95
123,90,8.72,-34.198,-71.5
123,90,8.88,-25.738,-62.88
123,90,9.04,-25.364,-63.15
123,90,9.2,-34.27,-73.13
123,90,9.36,-27.724,-65.79
123,90,9.52,-23.202,-61.58
123,90,9.68,-33.05,-71.94
123,90,9.84,-40.046,-79.16
123,90,10,-24.17,-63.24
123,90,10.16,-33.678,-73.32
123,90,10.32,-26.702,-66.33
123,90,10.48,-27.928,-67.46
123,90,10.64,-32.948,-72.96
123,90,10.8,-36.88,-77.15
123,90,10.96,-29.756,-69.74
123,90,11.12,-25.996,-66.24
123,90,11.28,-27.526,-67.97
123,90,11.44,-30.222,-70.97
123,90,11.6,-35.94,-76.81
123,90,11.76,-24.344,-65.46
123,90,11.92,-30.274,-71.4
123,90,12.08,-39.3,-81.49
123,90,12.24,-25.604,-67.86
123,90,12.4,-28.3,-70.96
123,90,12.56,-23.41,-67.48
123,90,12.72,-34.404,-78.96
123,90,12.88,-31.846,-77.05
123,90,13.04,-29.298,-75.8
123,90,13.2,-27,-73.78
123,90,13.36,-24.294,-70.51
123,90,13.52,-23.372,-69.38
123,90,13.68,-26.98,-73.66
123,90,13.84,-28.888,-76.37
123,90,14,-52.31,-100.16
123,90,14.16,-22.946,-71.17
123,90,14.32,-26.216,-75.17
123,90,14.48,-24.824,-76.65
123,90,14.64,-21.294,-70.75
123,90,14.8,-27.98,-75.99
123,90,14.96,-27.222,-74.35
123,90,15.12,-29.2,-75.63
123,90,15.28,-34.58,-81.13
123,90,15.44,-24.786,-71.1
123,90,15.6,-34.78,-81.41
123,90,15.76,-34.338,-81.53
123,90,15.92,-27.572,-74.75
123,90,16.08,-29.692,-77.15
123,90,16.24,-27.784,-75.91
123,90,16.4,-23.44,-73.25
123,90,16.56,-50.578,-99.51
123,90,16.72,-25.458,-74.94
123,90,16.88,-23.754,-74.22
123,90,17.04,-27.436,-78.69
123,90,17.2,-23.87,-76.3
123,90,17.36,-31.086,-83.73
123,90,17.52,-20.056,-72.59
123,90,17.68,-25.262,-78.34
123,90,17.84,-31.778,-84.69
123,90,18,-22.98,-75.79
124,90,2,-13.26,-35.05
124,90,2.16,-16.358,-39.77
124,90,2.32,-18.056,-43.71
124,90,2.48,-24.834,-52.08
124,90,2.64,-18.598,-47.31
124,90,2.8,-16.15,-43.21
124,90,2.96,-13.118,-41.43
124,90,3.12,-17.156,-45.39
124,90,3.28,-13.432,-43.45
124,90,3.44,-16.682,-45.33
124,90,3.6,-19.99,-47.44
124,90,3.76,-19.134,-48.62
124,90,3.92,-30.882,-58.43
124,90,4.08,-30.122,-57.79
124,90,4.24,-22.146,-51.17
124,90,4.4,-22.99,-52.8
124,90,4.56,-19.246,-49.06
124,90,4.72,-20.754,-50.74
124,90,4.88,-25.02,-55.15
124,90,5.04,-25.18,-55.23
124,90,5.2,-23.85,-55.27
124,90,5.36,-32.09,-62.89
124,90,5.52,-21.758,-52.04
124,90,5.68,-26.58,-57.95
124,90,5.84,-26.462,-57.91
124,90,6,-24.85,-56.39
124,90,6.16,-26.97,-59.01
124,90,6.32,-24.418,-57.91
124,90,6.48,-26.746,-60.83
124,90,6.64,-23.988,-58.38
124,90,6.8,-31.4,-64.9
124,90,6.96,-28.512,-62.84
124,90,7.12,-29.896,-64.49
124,90,7.28,-24.972,-59.35
124,90,7.44,-23.296,-57.63
124,90,7.6,-35.28,-68.68
124,90,7.76,-30.578,-65.8
124,90,7.92,-26.782,-61.41
124,90,8.08,-38.946,-73.75
124,90,8.24,-41.142,-76.25
124,90,8.4,-37.15,-72.53
124,90,8.56,-35.802,-72.08
124,90,8.72,-35.008,-72.31
124,90,8.88,-27.228,-64.37
124,90,9.04,-24.634,-62.42
124,90,9.2,-32.21,-71.07
124,90,9.36,-27.554,-65.62
124,90,9.52,-26.082,-64.46
124,90,9.68,-39.25,-78.14
124,90,9.84,-33.306,-72.42
124,90,10,-23.41,-62.48
124,90,10.16,-28.028,-67.67
124,90,10.32,-31.962,-71.59
124,90,10.48,-28.978,-68.51
124,90,10.64,-30.458,-70.47
124,90,10.8,-30.93,-71.2
124,90,10.96,-30.016,-70
124,90,11.12,-31.766,-72.01
124,90,11.28,-45.336,-85.78
124,90,11.44,-32.482,-73.23
124,90,11.6,-29.6,-70.47
124,90,11.76,-25.424,-66.54
124,90,11.92,-35.014,-76.14
124,90,12.08,-38.95,-81.14
124,90,12.24,-26.164,-68.42
124,90,12.4,-27.49,-70.15
124,90,12.56,-25.99,-70.06
124,90,12.72,-36.424,-80.98
124,90,12.88,-25.526,-70.73
124,90,13.04,-41.888,-88.39
124,90,13.2,-25.37,-72.15
124,90,13.36,-29.854,-76.07
124,90,13.52,-47.022,-93.03
124,90,13.68,-24.87,-71.55
124,90,13.84,-23.178,-70.66
124,90,14,-25.63,-73.48
124,90,14.16,-27.736,-75.96
124,90,14.32,-22.856,-71.81
124,90,14.48,-28.084,-79.91
124,90,14.64,-22.304,-71.76
124,90,14.8,-21.26,-69.27
124,90,14.96,-24.632,-71.76
124,90,15.12,-27.87,-74.3
124,90,15.28,-44.42,-90.97
124,90,15.44,-43.446,-89.76
124,90,15.6,-28.01,-74.64
124,90,15.76,-28.908,-76.1
124,90,15.92,-29.992,-77.17
124,90,16.08,-27.962,-75.42
124,90,16.24,-31.284,-79.41
124,90,16.4,-26.4,-76.21
124,90,16.56,-24.078,-73.01
124,90,16.72,-24.788,-74.27
124,90,16.88,-29.084,-79.55
124,90,17.04,-35.876,-87.13
124,90,17.2,-26.14,-78.57
124,90,17.36,-21.766,-74.41
124,90,17.52,-29.706,-82.24
124,90,17.68,-21.482,-74.56
124,90,17.84,-24.298,-77.21
124,90,18,-24.47,-77.28
125,90,2,-13.07,-34.86
125,90,2.16,-15.988,-39.4
125,90,2.32,-17.946,-43.6
125,90,2.48,-24.794,-52.04
125,90,2.64,-17.948,-46.66
125,90,2.8,-16.02,-43.08
125,90,2.96,-14.518,-42.83
125,90,3.12,-17.336,-45.57
125,90,3.28,-12.912,-42.93
125,90,3.44,-16.792,-45.44
125,90,3.6,-19.7,-47.15
125,90,3.76,-19.184,-48.67
125,90,3.92,-30.042,-57.59
125,90,4.08,-28.572,-56.24
125,90,4.24,-21.256,-50.28
125,90,4.4,-21.98,-51.79
125,90,4.56,-20.106,-49.92
125,90,4.72,-21.954,-51.94
125,90,4.88,-23.62,-53.75
125,90,5.04,-23.28,-53.33
125,90,5.2,-21.64,-53.06
125,90,5.36,-35.26,-66.06
125,90,5.52,-20.548,-50.83
125,90,5.68,-22.25,-53.62
125,90,5.84,-25.092,-56.54
125,90,6,-22.91,-54.45
125,90,6.16,-27.58,-59.62
125,90,6.32,-23.938,-57.43
125,90,6.48,-30.356,-64.44
125,90,6.64,-23.508,-57.9
125,90,6.8,-30.39,-63.89
125,90,6.96,-29.742,-64.07
125,90,7.12,-32.746,-67.34
125,90,7.28,-27.232,-61.61
125,90,7.44,-25.846,-60.18
125,90,7.6,-35.97,-69.37
125,90,7.76,-29.488,-64.71
125,90,7.92,-26.812,-61.44
125,90,8.08,-39.656,-74.46
125,90,8.24,-32.002,-67.11
125,90,8.4,-32.52,-67.9
125,90,8.56,-27.022,-63.3
125,90,8.72,-48.628,-85.93
125,90,8.88,-32.408,-69.55
125,90,9.04,-32.124,-69.91
125,90,9.2,-31.29,-70.15
125,90,9.36,-25.504,-63.57
125,90,9.52,-25.982,-64.36
125,90,9.68,-45.52,-84.41
125,90,9.84,-39.316,-78.43
125,90,10,-23.96,-63.03
125,90,10.16,-25.668,-65.31
125,90,10.32,-27.162,-66.79
125,90,10.48,-33.348,-72.88
125,90,10.64,-34.268,-74.28
125,90,10.8,-23.27,-63.54
125,90,10.96,-25.336,-65.32
125,90,11.12,-36.536,-76.78
125,90,11.28,-32.456,-72.9
125,90,11.44,-41.712,-82.46
125,90,11.6,-34.67,-75.54
125,90,11.76,-32.094,-73.21
125,90,11.92,-37.544,-78.67
125,90,12.08,-30.01,-72.2
125,90,12.24,-25.364,-67.62
125,90,12.4,-28.21,-70.87
125,90,12.56,-27.84,-71.91
125,90,12.72,-28.504,-73.06
125,90,12.88,-25.436,-70.64
125,90,13.04,-32.008,-78.51
125,90,13.2,-27.85,-74.63
125,90,13.36,-37.724,-83.94
125,90,13.52,-33.202,-79.21
125,90,13.68,-41.37,-88.05
125,90,13.84,-22.228,-69.71
125,90,14,-29.8,-77.65
125,90,14.16,-22.206,-70.43
125,90,14.32,-24.576,-73.53
125,90,14.48,-20.154,-71.98
125,90,14.64,-23.634,-73.09
125,90,14.8,-27.98,-75.99
125,90,14.96,-27.802,-74.93
125,90,15.12,-35.58,-82.01
125,90,15.28,-27.84,-74.39
125,90,15.44,-56.766,-103.08
125,90,15.6,-37.78,-84.41
125,90,15.76,-25.058,-72.25
125,90,15.92,-26.842,-74.02
125,90,16.08,-27.562,-75.02
125,90,16.24,-49.904,-98.03
125,90,16.4,-25.96,-75.77
125,90,16.56,-23.378,-72.31
125,90,16.72,-24.298,-73.78
125,90,16.88,-27.904,-78.37
125,90,17.04,-24.046,-75.3
125,90,17.2,-22.11,-74.54
125,90,17.36,-32.836,-85.48
125,90,17.52,-30.836,-83.37
125,90,17.68,-24.812,-77.89
125,90,17.84,-15.088,-68
125,90,18,-19.55,-72.36
126,90,2,-12.92,-34.71
126,90,2.16,-15.788,-39.2
126,90,2.32,-17.746,-43.4
126,90,2.48,-24.174,-51.42
126,90,2.64,-18.088,-46.8
126,90,2.8,-16.26,-43.32
126,90,2.96,-15.688,-44
126,90,3.12,-17.216,-45.45
126,90,3.28,-12.972,-42.99
126,90,3.44,-16.182,-44.83
126,90,3.6,-19.1,-46.55
126,90,3.76,-18.984,-48.47
126,90,3.92,-27.542,-55.09
126,90,4.08,-29.322,-56.99
126,90,4.24,-20.916,-49.94
126,90,4.4,-22.71,-52.52
126,90,4.56,-20.956,-50.77
126,90,4.72,-22.064,-52.05
126,90,4.88,-23.84,-53.97
126,90,5.04,-21.37,-51.42
126,90,5.2,-20.48,-51.9
126,90,5.36,-38.86,-69.66
126,90,5.52,-19.648,-49.93
126,90,5.68,-19.38,-50.75
126,90,5.84,-21.162,-52.61
126,90,6,-21.52,-53.06
126,90,6.16,-25.03,-57.07
126,90,6.32,-23.238,-56.73
126,90,6.48,-27.986,-62.07
126,90,6.64,-26.888,-61.28
126,90,6.8,-29.98,-63.48
126,90,6.96,-31.732,-66.06
126,90,7.12,-27.916,-62.51
126,90,7.28,-27.362,-61.74
126,90,7.44,-28.846,-63.18
126,90,7.6,-35.76,-69.16
126,90,7.76,-26.608,-61.83
126,90,7.92,-27.882,-62.51
126,90,8.08,-41.156,-75.96
126,90,8.24,-24.582,-59.69
126,90,8.4,-27.44,-62.82
126,90,8.56,-24.862,-61.14
126,90,8.72,-34.228,-71.53
126,90,8.88,-30.668,-67.81
126,90,9.04,-28.524,-66.31
126,90,9.2,-28.59,-67.45
126,90,9.36,-31.774,-69.84
126,90,9.52,-31.382,-69.76
126,90,9.68,-33.89,-72.78
126,90,9.84,-31.816,-70.93
126,90,10,-25.72,-64.79
126,90,10.16,-26.948,-66.59
126,90,10.32,-31.292,-70.92
126,90,10.48,-42.008,-81.54
126,90,10.64,-26.158,-66.17
126,90,10.8,-22.77,-63.04
126,90,10.96,-28.136,-68.12
126,90,11.12,-34.456,-74.7
126,90,11.28,-32.986,-73.43
126,90,11.44,-30.822,-71.57
126,90,11.6,-28.03,-68.9
126,90,11.76,-29.794,-70.91
126,90,11.92,-28.674,-69.8
126,90,12.08,-25.82,-68.01
126,90,12.24,-23.054,-65.31
126,90,12.4,-30.46,-73.12
126,90,12.56,-29.54,-73.61
126,90,12.72,-27.424,-71.98
126,90,12.88,-25.406,-70.61
126,90,13.04,-26.738,-73.24
126,90,13.2,-28.63,-75.41
126,90,13.36,-28.184,-74.4
126,90,13.52,-25.852,-71.86
126,90,13.68,-28.72,-75.4
126,90,13.84,-22.338,-69.82
126,90,14,-32.32,-80.17
126,90,14.16,-35.256,-83.48
126,90,14.32,-22.966,-71.92
126,90,14.48,-23.894,-75.72
126,90,14.64,-30.114,-79.57
126,90,14.8,-22.62,-70.63
126,90,14.96,-39.862,-86.99
126,90,15.12,-29.66,-76.09
126,90,15.28,-26.49,-73.04
126,90,15.44,-23.606,-69.92
126,90,15.6,-27.32,-73.95
126,90,15.76,-31.358,-78.55
126,90,15.92,-24.172,-71.35
126,90,16.08,-26.562,-74.02
126,90,16.24,-34.924,-83.05
126,90,16.4,-30.28,-80.09
126,90,16.56,-39.198,-88.13
126,90,16.72,-24.898,-74.38
126,90,16.88,-27.664,-78.13
126,90,17.04,-38.546,-89.8
126,90,17.2,-22.15,-74.58
126,90,17.36,-27.016,-79.66
126,90,17.52,-18.736,-71.27
126,90,17.68,-29.892,-82.97
126,90,17.84,-31.948,-84.86
126,90,18,-18.46,-71.27
127,90,2,-12.82,-34.61
127,90,2.16,-15.688,-39.1
127,90,2.32,-17.976,-43.63
127,90,2.48,-25.284,-52.53
127,90,2.64,-18.388,-47.1
127,90,2.8,-16.38,-43.44
127,90,2.96,-17.198,-45.51
127,90,3.12,-17.416,-45.65
127,90,3.28,-13.242,-43.26
127,90,3.44,-16.152,-44.8
127,90,3.6,-19.16,-46.61
127,90,3.76,-19.334,-48.82
127,90,3.92,-26.742,-54.29
127,90,4.08,-26.962,-54.63
127,90,4.24,-21.066,-50.09
127,90,4.4,-24.45,-54.26
127,90,4.56,-22.856,-52.67
127,90,4.72,-23.244,-53.23
127,90,4.88,-24.02,-54.15
127,90,5.04,-20.18,-50.23
127,90,5.2,-18.74,-50.16
127,90,5.36,-36.33,-67.13
127,90,5.52,-20.838,-51.12
127,90,5.68,-18.42,-49.79
127,90,5.84,-19.222,-50.67
127,90,6,-20.83,-52.37
127,90,6.16,-23.13,-55.17
127,90,6.32,-21.648,-55.14
127,90,6.48,-24.146,-58.23
127,90,6.64,-23.118,-57.51
127,90,6.8,-32.52,-66.02
127,90,6.96,-28.402,-62.73
127,90,7.12,-26.796,-61.39
127,90,7.28,-31.592,-65.97
127,90,7.44,-35.126,-69.46
127,90,7.6,-37.37,-70.77
127,90,7.76,-27.478,-62.7
127,90,7.92,-34.372,-69
127,90,8.08,-33.836,-68.64
127,90,8.24,-28.932,-64.04
127,90,8.4,-25.54,-60.92
127,90,8.56,-25.682,-61.96
127,90,8.72,-34.728,-72.03
127,90,8.88,-27.938,-65.08
127,90,9.04,-27.244,-65.03
127,90,9.2,-26.71,-65.57
127,90,9.36,-30.734,-68.8
127,90,9.52,-27.192,-65.57
127,90,9.68,-34.98,-73.87
127,90,9.84,-27.166,-66.28
127,90,10,-28,-67.07
127,90,10.16,-33.568,-73.21
127,90,10.32,-25.332,-64.96
127,90,10.48,-32.008,-71.54
127,90,10.64,-31.778,-71.79
127,90,10.8,-25.36,-65.63
127,90,10.96,-23.536,-63.52
127,90,11.12,-27.126,-67.37
127,90,11.28,-35.816,-76.26
127,90,11.44,-28.692,-69.44
127,90,11.6,-36.55,-77.42
127,90,11.76,-26.704,-67.82
127,90,11.92,-31.674,-72.8
127,90,12.08,-29.02,-71.21
127,90,12.24,-26.664,-68.92
127,90,12.4,-27.82,-70.48
127,90,12.56,-37.34,-81.41
127,90,12.72,-23.464,-68.02
127,90,12.88,-27.026,-72.23
127,90,13.04,-33.688,-80.19
127,90,13.2,-29.54,-76.32
127,90,13.36,-28.494,-74.71
127,90,13.52,-20.542,-66.55
127,90,13.68,-21.81,-68.49
127,90,13.84,-26.488,-73.97
127,90,14,-25.57,-73.42
127,90,14.16,-25.966,-74.19
127,90,14.32,-31.756,-80.71
127,90,14.48,-31.094,-82.92
127,90,14.64,-30.624,-80.08
127,90,14.8,-29.54,-77.55
127,90,14.96,-25.732,-72.86
127,90,15.12,-31.54,-77.97
127,90,15.28,-25.09,-71.64
127,90,15.44,-31.336,-77.65
127,90,15.6,-30.47,-77.1
127,90,15.76,-24.958,-72.15
127,90,15.92,-24.372,-71.55
127,90,16.08,-28.142,-75.6
127,90,16.24,-25.924,-74.05
127,90,16.4,-23.8,-73.61
127,90,16.56,-28.928,-77.86
127,90,16.72,-26.678,-76.16
127,90,16.88,-20.704,-71.17
127,90,17.04,-20.916,-72.17
127,90,17.2,-32.07,-84.5
127,90,17.36,-38.206,-90.85
127,90,17.52,-21.876,-74.41
127,90,17.68,-38.212,-91.29
127,90,17.84,-18.358,-71.27
127,90,18,-30.55,-83.36
128,90,2,-12.91,-34.7
128,90,2.16,-15.748,-39.16
128,90,2.32,-18.166,-43.82
128,90,2.48,-25.754,-53
128,90,2.64,-18.468,-47.18
128,90,2.8,-16.53,-43.59
128,90,2.96,-19.018,-47.33
128,90,3.12,-17.226,-45.46
128,90,3.28,-13.332,-43.35
128,90,3.44,-15.262,-43.91
128,90,3.6,-18.89,-46.34
128,90,3.76,-19.874,-49.36
128,90,3.92,-26.802,-54.35
128,90,4.08,-26.252,-53.92
128,90,4.24,-21.856,-50.88
128,90,4.4,-29.38,-59.19
128,90,4.56,-26.136,-55.95
128,90,4.72,-24.344,-54.33
128,90,4.88,-24.44,-54.57
128,90,5.04,-20.11,-50.16
128,90,5.2,-17.47,-48.89
128,90,5.36,-35.83,-66.63
128,90,5.52,-22.408,-52.69
128,90,5.68,-17.9,-49.27
128,90,5.84,-18.182,-49.63
128,90,6,-20.07,-51.61
128,90,6.16,-19.6,-51.64
128,90,6.32,-21.308,-54.8
128,90,6.48,-22.086,-56.17
128,90,6.64,-22.688,-57.08
128,90,6.8,-29.43,-62.93
128,90,6.96,-29.892,-64.22
128,90,7.12,-25.166,-59.76
128,90,7.28,-32.122,-66.5
128,90,7.44,-35.766,-70.1
128,90,7.6,-32.21,-65.61
128,90,7.76,-34.948,-70.17
128,90,7.92,-37.452,-72.08
128,90,8.08,-25.806,-60.61
128,90,8.24,-40.152,-75.26
128,90,8.4,-31.74,-67.12
128,90,8.56,-24.432,-60.71
128,90,8.72,-35.758,-73.06
128,90,8.88,-28.488,-65.63
128,90,9.04,-26.724,-64.51
128,90,9.2,-28.19,-67.05
128,90,9.36,-26.964,-65.03
128,90,9.52,-32.522,-70.9
128,90,9.68,-35.64,-74.53
128,90,9.84,-27.666,-66.78
128,90,10,-28.94,-68.01
128,90,10.16,-28.318,-67.96
128,90,10.32,-31.342,-70.97
128,90,10.48,-33.018,-72.55
128,90,10.64,-31.008,-71.02
128,90,10.8,-27.78,-68.05
128,90,10.96,-22.206,-62.19
128,90,11.12,-24.256,-64.5
128,90,11.28,-28.776,-69.22
128,90,11.44,-30.652,-71.4
128,90,11.6,-32.78,-73.65
128,90,11.76,-25.874,-66.99
128,90,11.92,-31.704,-72.83
128,90,12.08,-38.9,-81.09
128,90,12.24,-41.584,-83.84
128,90,12.4,-29.31,-71.97
128,90,12.56,-28.12,-72.19
128,90,12.72,-25.134,-69.69
128,90,12.88,-49.246,-94.45
128,90,13.04,-35.778,-82.28
128,90,13.2,-29.57,-76.35
128,90,13.36,-36.704,-82.92
128,90,13.52,-28.082,-74.09
128,90,13.68,-25.37,-72.05
128,90,13.84,-26.128,-73.61
128,90,14,-27.76,-75.61
128,90,14.16,-19.296,-67.52
128,90,14.32,-25.536,-74.49
128,90,14.48,-24.494,-76.32
128,90,14.64,-25.884,-75.34
128,90,14.8,-21.84,-69.85
128,90,14.96,-28.492,-75.62
128,90,15.12,-25.48,-71.91
128,90,15.28,-37.91,-84.46
128,90,15.44,-31.906,-78.22
128,90,15.6,-23.79,-70.42
128,90,15.76,-28.638,-75.83
128,90,15.92,-26.332,-73.51
128,90,16.08,-24.672,-72.13
128,90,16.24,-49.374,-97.5
128,90,16.4,-20.17,-69.98
128,90,16.56,-34.988,-83.92
128,90,16.72,-29.348,-78.83
128,90,16.88,-25.084,-75.55
128,90,17.04,-36.466,-87.72
128,90,17.2,-20.34,-72.77
128,90,17.36,-25.586,-78.23
128,90,17.52,-20.546,-73.08
128,90,17.68,-25.572,-78.65
128,90,17.84,-20.878,-73.79
128,90,18,-31.06,-83.87
129,90,2,-13.04,-34.83
129,90,2.16,-16.008,-39.42
129,90,2.32,-18.676,-44.33
129,90,2.48,-27.014,-54.26
129,90,2.64,-18.908,-47.62
129,90,2.8,-16.78,-43.84
129,90,2.96,-19.898,-48.21
129,90,3.12,-17.726,-45.96
129,90,3.28,-13.882,-43.9
129,90,3.44,-14.532,-43.18
129,90,3.6,-18.79,-46.24
129,90,3.76,-20.494,-49.98
129,90,3.92,-26.982,-54.53
129,90,4.08,-24.312,-51.98
129,90,4.24,-21.756,-50.78
129,90,4.4,-35.21,-65.02
129,90,4.56,-31.356,-61.17
129,90,4.72,-24.444,-54.43
129,90,4.88,-24.18,-54.31
129,90,5.04,-20.49,-50.54
129,90,5.2,-17.6,-49.02
129,90,5.36,-34,-64.8
129,90,5.52,-23.898,-54.18
129,90,5.68,-19.17,-50.54
129,90,5.84,-17.582,-49.03
129,90,6,-19.39,-50.93
129,90,6.16,-17.85,-49.89
129,90,6.32,-19.068,-52.56
129,90,6.48,-23.036,-57.12
129,90,6.64,-21.338,-55.73
129,90,6.8,-27.82,-61.32
129,90,6.96,-26.852,-61.18
129,90,7.12,-24.936,-59.53
129,90,7.28,-26.532,-60.91
129,90,7.44,-29.546,-63.88
129,90,7.6,-31.91,-65.31
129,90,7.76,-34.558,-69.78
129,90,7.92,-37.062,-71.69
129,90,8.08,-26.416,-61.22
129,90,8.24,-31.712,-66.82
129,90,8.4,-32.87,-68.25
129,90,8.56,-34.592,-70.87
129,90,8.72,-33.618,-70.92
129,90,8.88,-25.778,-62.92
129,90,9.04,-28.294,-66.08
129,90,9.2,-29.46,-68.32
129,90,9.36,-25.674,-63.74
129,90,9.52,-25.692,-64.07
129,90,9.68,-34.88,-73.77
129,90,9.84,-27.166,-66.28
129,90,10,-29.98,-69.05
129,90,10.16,-33.988,-73.63
129,90,10.32,-33.512,-73.14
129,90,10.48,-30.698,-70.23
129,90,10.64,-29.678,-69.69
129,90,10.8,-28.1,-68.37
129,90,10.96,-23.146,-63.13
129,90,11.12,-24.856,-65.1
129,90,11.28,-26.596,-67.04
129,90,11.44,-37.342,-78.09
129,90,11.6,-27.14,-68.01
129,90,11.76,-25.304,-66.42
129,90,11.92,-33.434,-74.56
129,90,12.08,-29.8,-71.99
129,90,12.24,-37.494,-79.75
129,90,12.4,-24.94,-67.6
129,90,12.56,-27.67,-71.74
129,90,12.72,-32.744,-77.3
129,90,12.88,-30.906,-76.11
129,90,13.04,-24.548,-71.05
129,90,13.2,-30.55,-77.33
129,90,13.36,-24.864,-71.08
129,90,13.52,-35.882,-81.89
129,90,13.68,-22.99,-69.67
129,90,13.84,-23.048,-70.53
129,90,14,-23.02,-70.87
129,90,14.16,-20.296,-68.52
129,90,14.32,-22.046,-71
129,90,14.48,-38.084,-89.91
129,90,14.64,-36.024,-85.48
129,90,14.8,-22.29,-70.3
129,90,14.96,-35.012,-82.14
129,90,15.12,-27.32,-73.75
129,90,15.28,-43.37,-89.92
129,90,15.44,-31.756,-78.07
129,90,15.6,-24.52,-71.15
129,90,15.76,-24.078,-71.27
129,90,15.92,-25.342,-72.52
129,90,16.08,-32.972,-80.43
129,90,16.24,-25.014,-73.14
129,90,16.4,-23.35,-73.16
129,90,16.56,-33.668,-82.6
129,90,16.72,-22.198,-71.68
129,90,16.88,-26.764,-77.23
129,90,17.04,-22.296,-73.55
129,90,17.2,-27.32,-79.75
129,90,17.36,-21.976,-74.62
129,90,17.52,-26.926,-79.46
129,90,17.68,-24.482,-77.56
129,90,17.84,-34.648,-87.56
129,90,18,-26.68,-79.49
130,90,2,-13.22,-35.01
130,90,2.16,-16.108,-39.52
130,90,2.32,-19.316,-44.97
130,90,2.48,-27.724,-54.97
130,90,2.64,-19.608,-48.32
130,90,2.8,-16.71,-43.77
130,90,2.96,-20.178,-48.49
130,90,3.12,-18.636,-46.87
130,90,3.28,-14.782,-44.8
130,90,3.44,-13.822,-42.47
130,90,3.6,-18.26,-45.71
130,90,3.76,-22.024,-51.51
130,90,3.92,-26.912,-54.46
130,90,4.08,-23.382,-51.05
130,90,4.24,-21.926,-50.95
130,90,4.4,-26.04,-55.85
130,90,4.56,-25.936,-55.75
130,90,4.72,-24.544,-54.53
130,90,4.88,-22.95,-53.08
130,90,5.04,-20.8,-50.85
130,90,5.2,-17.31,-48.73
130,90,5.36,-28.45,-59.25
130,90,5.52,-26.278,-56.56
130,90,5.68,-20.71,-52.08
130,90,5.84,-19.032,-50.48
130,90,6,-20.13,-51.67
130,90,6.16,-17.31,-49.35
130,90,6.32,-17.878,-51.37
130,90,6.48,-23.446,-57.53
130,90,6.64,-22.128,-56.52
130,90,6.8,-23.8,-57.3
130,90,6.96,-24.992,-59.32
130,90,7.12,-24.196,-58.79
130,90,7.28,-24.182,-58.56
130,90,7.44,-29.386,-63.72
130,90,7.6,-29.17,-62.57
130,90,7.76,-28.008,-63.23
130,90,7.92,-28.352,-62.98
130,90,8.08,-26.796,-61.6
130,90,8.24,-27.382,-62.49
130,90,8.4,-32.71,-68.09
130,90,8.56,-45.242,-81.52
130,90,8.72,-36.478,-73.78
130,90,8.88,-25.338,-62.48
130,90,9.04,-30.154,-67.94
130,90,9.2,-34.41,-73.27
130,90,9.36,-27.414,-65.48
130,90,9.52,-29.662,-68.04
130,90,9.68,-33.43,-72.32
130,90,9.84,-22.386,-61.5
130,90,10,-47.08,-86.15
130,90,10.16,-46.888,-86.53
130,90,10.32,-30.542,-70.17
130,90,10.48,-29.708,-69.24
130,90,10.64,-31.398,-71.41
130,90,10.8,-25.04,-65.31
130,90,10.96,-26.946,-66.93
130,90,11.12,-25.436,-65.68
130,90,11.28,-23.116,-63.56
130,90,11.44,-28.692,-69.44
130,90,11.6,-27.58,-68.45
130,90,11.76,-30.924,-72.04
130,90,11.92,-26.234,-67.36
130,90,12.08,-28.53,-70.72
130,90,12.24,-25.594,-67.85
130,90,12.4,-28.95,-71.61
130,90,12.56,-23.64,-67.71
130,90,12.72,-29.174,-73.73
130,90,12.88,-32.096,-77.3
130,90,13.04,-20.898,-67.4
130,90,13.2,-27.14,-73.92
130,90,13.36,-24.824,-71.04
130,90,13.52,-30.162,-76.17
130,90,13.68,-25.53,-72.21
130,90,13.84,-31.588,-79.07
130,90,14,-20.95,-68.8
130,90,14.16,-27.826,-76.05
130,90,14.32,-21.506,-70.46
130,90,14.48,-33.164,-84.99
130,90,14.64,-30.314,-79.77
130,90,14.8,-32.61,-80.62
130,90,14.96,-27.052,-74.18
130,90,15.12,-33.81,-80.24
130,90,15.28,-27.16,-73.71
130,90,15.44,-27.366,-73.68
130,90,15.6,-43.6,-90.23
130,90,15.76,-25.268,-72.46
130,90,15.92,-30.902,-78.08
130,90,16.08,-20.752,-68.21
130,90,16.24,-25.204,-73.33
130,90,16.4,-26.69,-76.5
130,90,16.56,-28.868,-77.8
130,90,16.72,-25.178,-74.66
130,90,16.88,-35.954,-86.42
130,90,17.04,-25.086,-76.34
130,90,17.2,-22.53,-74.96
130,90,17.36,-33.406,-86.05
130,90,17.52,-24.376,-76.91
130,90,17.68,-25.062,-78.14
130,90,17.84,-27.898,-80.81
130,90,18,-21.69,-74.5
131,90,2,-13.68,-35.47
131,90,2.16,-16.798,-40.21
131,90,2.32,-20.106,-45.76
131,90,2.48,-29.724,-56.97
131,90,2.64,-19.938,-48.65
131,90,2.8,-17.06,-44.12
131,90,2.96,-19.508,-47.82
131,90,3.12,-20.546,-48.78
131,90,3.28,-15.482,-45.5
131,90,3.44,-13.392,-42.04
131,90,3.6,-17.82,-45.27
131,90,3.76,-23.004,-52.49
131,90,3.92,-25.392,-52.94
131,90,4.08,-22.582,-50.25
131,90,4.24,-21.406,-50.43
131,90,4.4,-21.27,-51.08
131,90,4.56,-20.766,-50.58
131,90,4.72,-22.144,-52.13
131,90,4.88,-22.89,-53.02
131,90,5.04,-19.69,-49.74
131,90,5.2,-17.15,-48.57
131,90,5.36,-23.01,-53.81
131,90,5.52,-30.808,-61.09
131,90,5.68,-22.48,-53.85
131,90,5.84,-20.522,-51.97
131,90,6,-19.85,-51.39
131,90,6.16,-17.22,-49.26
131,90,6.32,-16.688,-50.18
131,90,6.48,-21.906,-55.99
131,90,6.64,-23.628,-58.02
131,90,6.8,-22.93,-56.43
131,90,6.96,-23.382,-57.71
131,90,7.12,-24.846,-59.44
131,90,7.28,-23.072,-57.45
131,90,7.44,-28.496,-62.83
131,90,7.6,-30.46,-63.86
131,90,7.76,-26.898,-62.12
131,90,7.92,-27.302,-61.93
131,90,8.08,-30.006,-64.81
131,90,8.24,-25.982,-61.09
131,90,8.4,-32.44,-67.82
131,90,8.56,-32.592,-68.87
131,90,8.72,-37.488,-74.79
131,90,8.88,-30.668,-67.81
131,90,9.04,-30.014,-67.8
131,90,9.2,-28.69,-67.55
131,90,9.36,-26.224,-64.29
131,90,9.52,-34.232,-72.61
131,90,9.68,-28.92,-67.81
131,90,9.84,-21.786,-60.9
131,90,10,-30.43,-69.5
131,90,10.16,-31.728,-71.37
131,90,10.32,-30.892,-70.52
131,90,10.48,-27.818,-67.35
131,90,10.64,-33.698,-73.71
131,90,10.8,-32.07,-72.34
131,90,10.96,-26.866,-66.85
131,90,11.12,-26.746,-66.99
131,90,11.28,-24.126,-64.57
131,90,11.44,-30.332,-71.08
131,90,11.6,-22.36,-63.23
131,90,11.76,-34.714,-75.83
131,90,11.92,-29.844,-70.97
131,90,12.08,-30.22,-72.41
131,90,12.24,-22.514,-64.77
131,90,12.4,-25.09,-67.75
131,90,12.56,-27.88,-71.95
131,90,12.72,-23.194,-67.75
131,90,12.88,-26.336,-71.54
131,90,13.04,-25.988,-72.49
131,90,13.2,-31.47,-78.25
131,90,13.36,-35.514,-81.73
131,90,13.52,-33.622,-79.63
131,90,13.68,-24.66,-71.34
131,90,13.84,-30.538,-78.02
131,90,14,-26.76,-74.61
131,90,14.16,-28.336,-76.56
131,90,14.32,-24.436,-73.39
131,90,14.48,-23.694,-75.52
131,90,14.64,-30.784,-80.24
131,90,14.8,-34.18,-82.19
131,90,14.96,-33.302,-80.43
131,90,15.12,-31.62,-78.05
131,90,15.28,-31.05,-77.6
131,90,15.44,-29.746,-76.06
131,90,15.6,-26.93,-73.56
131,90,15.76,-24.038,-71.23
131,90,15.92,-25.782,-72.96
131,90,16.08,-27.912,-75.37
131,90,16.24,-30.584,-78.71
131,90,16.4,-41.42,-91.23
131,90,16.56,-23.368,-72.3
131,90,16.72,-27.898,-77.38
131,90,16.88,-29.724,-80.19
131,90,17.04,-31.126,-82.38
131,90,17.2,-24.89,-77.32
131,90,17.36,-24.966,-77.61
131,90,17.52,-27.656,-80.19
131,90,17.68,-20.872,-73.95
131,90,17.84,-26.168,-79.08
131,90,18,-26.17,-78.98
132,90,2,-14.24,-36.03
132,90,2.16,-17.428,-40.84
132,90,2.32,-21.926,-47.58
132,90,2.48,-30.614,-57.86
132,90,2.64,-20.958,-49.67
132,90,2.8,-17.45,-44.51
132,90,2.96,-17.718,-46.03
132,90,3.12,-22.546,-50.78
132,90,3.28,-17.352,-47.37
132,90,3.44,-13.052,-41.7
132,90,3.6,-16.99,-44.44
132,90,3.76,-24.664,-54.15
132,90,3.92,-24.272,-51.82
132,90,4.08,-23.012,-50.68
132,90,4.24,-21.446,-50.47
132,90,4.4,-18.87,-48.68
132,90,4.56,-17.866,-47.68
132,90,4.72,-20.744,-50.73
132,90,4.88,-20.13,-50.26
132,90,5.04,-17.45,-47.5
132,90,5.2,-16.82,-48.24
132,90,5.36,-20.73,-51.53
132,90,5.52,-32.918,-63.2
132,90,5.68,-26.44,-57.81
132,90,5.84,-22.432,-53.88
132,90,6,-20.49,-52.03
132,90,6.16,-17.88,-49.92
132,90,6.32,-16.898,-50.39
132,90,6.48,-22.116,-56.2
132,90,6.64,-23.808,-58.2
132,90,6.8,-23.25,-56.75
132,90,6.96,-23.702,-58.03
132,90,7.12,-22.696,-57.29
132,90,7.28,-23.802,-58.18
132,90,7.44,-30.106,-64.44
132,90,7.6,-28.82,-62.22
132,90,7.76,-25.378,-60.6
132,90,7.92,-25.802,-60.43
132,90,8.08,-28.506,-63.31
132,90,8.24,-24.932,-60.04
132,90,8.4,-27.17,-62.55
132,90,8.56,-29.092,-65.37
132,90,8.72,-40.718,-78.02
132,90,8.88,-29.398,-66.54
132,90,9.04,-26.764,-64.55
132,90,9.2,-32.57,-71.43
132,90,9.36,-31.184,-69.25
132,90,9.52,-36.882,-75.26
132,90,9.68,-25.61,-64.5
132,90,9.84,-19.396,-58.51
132,90,10,-31.25,-70.32
132,90,10.16,-32.778,-72.42
132,90,10.32,-45.392,-85.02
132,90,10.48,-28.638,-68.17
132,90,10.64,-22.558,-62.57
132,90,10.8,-26.41,-66.68
132,90,10.96,-34.796,-74.78
132,90,11.12,-43.746,-83.99
132,90,11.28,-29.446,-69.89
132,90,11.44,-31.802,-72.55
132,90,11.6,-39.03,-79.9
132,90,11.76,-30.974,-72.09
132,90,11.92,-30.974,-72.1
132,90,12.08,-23.7,-65.89
132,90,12.24,-21.634,-63.89
132,90,12.4,-27.2,-69.86
132,90,12.56,-26.31,-70.38
132,90,12.72,-30.784,-75.34
132,90,12.88,-20.786,-65.99
132,90,13.04,-21.268,-67.77
132,90,13.2,-23.64,-70.42
132,90,13.36,-26.894,-73.11
132,90,13.52,-26.192,-72.2
132,90,13.68,-31.27,-77.95
132,90,13.84,-25.548,-73.03
132,90,14,-26.84,-74.69
132,90,14.16,-34.466,-82.69
132,90,14.32,-23.776,-72.73
132,90,14.48,-30.324,-82.15
132,90,14.64,-24.244,-73.7
132,90,14.8,-26.96,-74.97
132,90,14.96,-36.752,-83.88
132,90,15.12,-26.73,-73.16
132,90,15.28,-26.08,-72.63
132,90,15.44,-24.236,-70.55
132,90,15.6,-29.03,-75.66
132,90,15.76,-36.948,-84.14
132,90,15.92,-25.472,-72.65
132,90,16.08,-29.162,-76.62
132,90,16.24,-37.544,-85.67
132,90,16.4,-31.48,-81.29
132,90,16.56,-26.548,-75.48
132,90,16.72,-27.598,-77.08
132,90,16.88,-29.844,-80.31
132,90,17.04,-28.546,-79.8
132,90,17.2,-22.92,-75.35
132,90,17.36,-25.786,-78.43
132,90,17.52,-29.096,-81.63
132,90,17.68,-23.792,-76.87
132,90,17.84,-21.568,-74.48
132,90,18,-22.15,-74.96
133,90,2,-14.78,-36.57
133,90,2.16,-17.918,-41.33
133,90,2.32,-23.866,-49.52
133,90,2.48,-33.754,-61
133,90,2.64,-22.118,-50.83
133,90,2.8,-18.08,-45.14
133,90,2.96,-16.138,-44.45
133,90,3.12,-26.956,-55.19
133,90,3.28,-19.702,-49.72
133,90,3.44,-12.712,-41.36
133,90,3.6,-16.52,-43.97
133,90,3.76,-25.994,-55.48
133,90,3.92,-23.192,-50.74
133,90,4.08,-23.382,-51.05
133,90,4.24,-20.626,-49.65
133,90,4.4,-17.2,-47.01
133,90,4.56,-15.956,-45.77
133,90,4.72,-18.494,-48.48
133,90,4.88,-18.87,-49
133,90,5.04,-15.68,-45.73
133,90,5.2,-15.62,-47.04
133,90,5.36,-18.47,-49.27
133,90,5.52,-29.058,-59.34
133,90,5.68,-37.82,-69.19
133,90,5.84,-24.622,-56.07
133,90,6,-22.43,-53.97
133,90,6.16,-18.58,-50.62
133,90,6.32,-17.648,-51.14
133,90,6.48,-22.786,-56.87
133,90,6.64,-24.078,-58.47
133,90,6.8,-23.96,-57.46
133,90,6.96,-23.632,-57.96
133,90,7.12,-22.336,-56.93
133,90,7.28,-21.402,-55.78
133,90,7.44,-28.566,-62.9
133,90,7.6,-27.25,-60.65
133,90,7.76,-23.298,-58.52
133,90,7.92,-28.722,-63.35
133,90,8.08,-29.936,-64.74
133,90,8.24,-24.582,-59.69
133,90,8.4,-25.85,-61.23
133,90,8.56,-28.612,-64.89
133,90,8.72,-33.118,-70.42
133,90,8.88,-34.588,-71.73
133,90,9.04,-32.034,-69.82
133,90,9.2,-31.47,-70.33
133,90,9.36,-29.204,-67.27
133,90,9.52,-28.542,-66.92
133,90,9.68,-26.79,-65.68
133,90,9.84,-19.276,-58.39
133,90,10,-27.69,-66.76
133,90,10.16,-24.758,-64.4
133,90,10.32,-31.222,-70.85
133,90,10.48,-25.148,-64.68
133,90,10.64,-19.978,-59.99
133,90,10.8,-20.32,-60.59
133,90,10.96,-29.826,-69.81
133,90,11.12,-23.296,-63.54
133,90,11.28,-24.996,-65.44
133,90,11.44,-30.052,-70.8
133,90,11.6,-37.24,-78.11
133,90,11.76,-32.114,-73.23
133,90,11.92,-37.514,-78.64
133,90,12.08,-24.6,-66.79
133,90,12.24,-22.574,-64.83
133,90,12.4,-35.89,-78.55
133,90,12.56,-27.28,-71.35
133,90,12.72,-24.264,-68.82
133,90,12.88,-22.226,-67.43
133,90,13.04,-24.618,-71.12
133,90,13.2,-24.21,-70.99
133,90,13.36,-24.764,-70.98
133,90,13.52,-27.852,-73.86
133,90,13.68,-21.48,-68.16
133,90,13.84,-25.008,-72.49
133,90,14,-23.94,-71.79
133,90,14.16,-22.446,-70.67
133,90,14.32,-24.386,-73.34
133,90,14.48,-24.674,-76.5
133,90,14.64,-27.594,-77.05
133,90,14.8,-26.99,-75
133,90,14.96,-35.692,-82.82
133,90,15.12,-30.45,-76.88
133,90,15.28,-27.14,-73.69
133,90,15.44,-34.276,-80.59
133,90,15.6,-34.47,-81.1
133,90,15.76,-27.618,-74.81
133,90,15.92,-24.762,-71.94
133,90,16.08,-57.142,-104.6
133,90,16.24,-33.724,-81.85
133,90,16.4,-39.46,-89.27
133,90,16.56,-23.628,-72.56
133,90,16.72,-27.948,-77.43
133,90,16.88,-26.924,-77.39
133,90,17.04,-28.416,-79.67
133,90,17.2,-22.3,-74.73
133,90,17.36,-19.916,-72.56
133,90,17.52,-18.746,-71.28
133,90,17.68,-32.402,-85.48
133,90,17.84,-20.638,-73.55
133,90,18,-25.63,-78.44
134,90,2,-15.31,-37.1
134,90,2.16,-18.478,-41.89
134,90,2.32,-25.066,-50.72
134,90,2.48,-36.284,-63.53
134,90,2.64,-23.298,-52.01
134,90,2.8,-18.64,-45.7
134,90,2.96,-14.758,-43.07
134,90,3.12,-32.486,-60.72
134,90,3.28,-23.892,-53.91
134,90,3.44,-12.992,-41.64
134,90,3.6,-16.37,-43.82
134,90,3.76,-25.334,-54.82
134,90,3.92,-22.422,-49.97
134,90,4.08,-22.552,-50.22
134,90,4.24,-20.386,-49.41
134,90,4.4,-15.86,-45.67
134,90,4.56,-14.786,-44.6
134,90,4.72,-16.704,-46.69
134,90,4.88,-17.11,-47.24
134,90,5.04,-14.11,-44.16
134,90,5.2,-14.6,-46.02
134,90,5.36,-17.27,-48.07
134,90,5.52,-24.708,-54.99
134,90,5.68,-31.54,-62.91
134,90,5.84,-26.432,-57.88
134,90,6,-25.83,-57.37
134,90,6.16,-19.82,-51.86
134,90,6.32,-20.558,-54.05
134,90,6.48,-22.626,-56.71
134,90,6.64,-25.268,-59.66
134,90,6.8,-24.33,-57.83
134,90,6.96,-27.812,-62.14
134,90,7.12,-23.546,-58.14
134,90,7.28,-20.302,-54.68
134,90,7.44,-27.496,-61.83
134,90,7.6,-25.73,-59.13
134,90,7.76,-22.258,-57.48
134,90,7.92,-26.532,-61.16
134,90,8.08,-26.566,-61.37
134,90,8.24,-25.562,-60.67
134,90,8.4,-29.59,-64.97
134,90,8.56,-24.922,-61.2
134,90,8.72,-27.828,-65.13
134,90,8.88,-40.868,-78.01
134,90,9.04,-40.294,-78.08
134,90,9.2,-44.94,-83.8
134,90,9.36,-31.024,-69.09
134,90,9.52,-30.382,-68.76
134,90,9.68,-32.29,-71.18
134,90,9.84,-24.576,-63.69
134,90,10,-24.65,-63.72
134,90,10.16,-27.358,-67
134,90,10.32,-24.032,-63.66
134,90,10.48,-26.058,-65.59
134,90,10.64,-21.148,-61.16
134,90,10.8,-21.16,-61.43
134,90,10.96,-21.286,-61.27
134,90,11.12,-21.236,-61.48
134,90,11.28,-24.296,-64.74
134,90,11.44,-28.332,-69.08
134,90,11.6,-35.48,-76.35
134,90,11.76,-32.384,-73.5
134,90,11.92,-32.224,-73.35
134,90,12.08,-31.72,-73.91
134,90,12.24,-26.724,-68.98
134,90,12.4,-38.59,-81.25
134,90,12.56,-27.44,-71.51
134,90,12.72,-28.534,-73.09
134,90,12.88,-23.676,-68.88
134,90,13.04,-30.568,-77.07
134,90,13.2,-23.63,-70.41
134,90,13.36,-26.474,-72.69
134,90,13.52,-31.102,-77.11
134,90,13.68,-25.13,-71.81
134,90,13.84,-31.678,-79.16
134,90,14,-25.41,-73.26
134,90,14.16,-22.706,-70.93
134,90,14.32,-28.776,-77.73
134,90,14.48,-20.084,-71.91
134,90,14.64,-34.614,-84.07
134,90,14.8,-31.77,-79.78
134,90,14.96,-26.752,-73.88
134,90,15.12,-28.63,-75.06
134,90,15.28,-30.19,-76.74
134,90,15.44,-33.216,-79.53
134,90,15.6,-26.33,-72.96
134,90,15.76,-23.908,-71.1
134,90,15.92,-29.922,-77.1
134,90,16.08,-27.972,-75.43
134,90,16.24,-29.364,-77.49
134,90,16.4,-21.58,-71.39
134,90,16.56,-20.698,-69.63
134,90,16.72,-26.398,-75.88
134,90,16.88,-21.534,-72
134,90,17.04,-31.466,-82.72
134,90,17.2,-17.21,-69.64
134,90,17.36,-28.756,-81.4
134,90,17.52,-18.096,-70.63
134,90,17.68,-38.322,-91.4
134,90,17.84,-19.768,-72.68
134,90,18,-23.64,-76.45
135,90,2,-16.11,-37.9
135,90,2.16,-18.648,-42.06
135,90,2.32,-25.756,-51.41
135,90,2.48,-36.254,-63.5
135,90,2.64,-24.838,-53.55
135,90,2.8,-19.99,-47.05
135,90,2.96,-13.478,-41.79
135,90,3.12,-24.756,-52.99
135,90,3.28,-29.612,-59.63
135,90,3.44,-13.822,-42.47
135,90,3.6,-16.48,-43.93
135,90,3.76,-25.824,-55.31
135,90,3.92,-20.962,-48.51
135,90,4.08,-22.922,-50.59
135,90,4.24,-20.776,-49.8
135,90,4.4,-14.88,-44.69
135,90,4.56,-14.366,-44.18
135,90,4.72,-15.814,-45.8
135,90,4.88,-16.42,-46.55
135,90,5.04,-13.45,-43.5
135,90,5.2,-13.28,-44.7
135,90,5.36,-16.2,-47
135,90,5.52,-21.958,-52.24
135,90,5.68,-25.12,-56.49
135,90,5.84,-28.812,-60.26
135,90,6,-25.96,-57.5
135,90,6.16,-20.98,-53.02
135,90,6.32,-23.008,-56.5
135,90,6.48,-26.646,-60.73
135,90,6.64,-25.448,-59.84
135,90,6.8,-23.95,-57.45
135,90,6.96,-33.382,-67.71
135,90,7.12,-26.076,-60.67
135,90,7.28,-20.572,-54.95
135,90,7.44,-25.256,-59.59
135,90,7.6,-24.6,-58
135,90,7.76,-22.468,-57.69
135,90,7.92,-25.382,-60.01
135,90,8.08,-22.936,-57.74
135,90,8.24,-23.672,-58.78
135,90,8.4,-28.66,-64.04
135,90,8.56,-24.902,-61.18
135,90,8.72,-26.218,-63.52
135,90,8.88,-36.458,-73.6
135,90,9.04,-32.004,-69.79
135,90,9.2,-32.95,-71.81
135,90,9.36,-37.274,-75.34
135,90,9.52,-33.382,-71.76
135,90,9.68,-34.88,-73.77
135,90,9.84,-29.796,-68.91
135,90,10,-28.92,-67.99
135,90,10.16,-27.998,-67.64
135,90,10.32,-27.882,-67.51
135,90,10.48,-27.268,-66.8
135,90,10.64,-23.998,-64.01
135,90,10.8,-24.38,-64.65
135,90,10.96,-22.006,-61.99
135,90,11.12,-22.736,-62.98
135,90,11.28,-21.366,-61.81
135,90,11.44,-23.692,-64.44
135,90,11.6,-33.57,-74.44
135,90,11.76,-29.394,-70.51
135,90,11.92,-24.414,-65.54
135,90,12.08,-35.31,-77.5
135,90,12.24,-28.634,-70.89
135,90,12.4,-32.07,-74.73
135,90,12.56,-31.93,-76
135,90,12.72,-32.334,-76.89
135,90,12.88,-34.276,-79.48
135,90,13.04,-31.098,-77.6
135,90,13.2,-24.69,-71.47
135,90,13.36,-26.714,-72.93
135,90,13.52,-30.542,-76.55
135,90,13.68,-28.03,-74.71
135,90,13.84,-27.238,-74.72
135,90,14,-22.88,-70.73
135,90,14.16,-23.446,-71.67
135,90,14.32,-33.136,-82.09
135,90,14.48,-23.024,-74.85
135,90,14.64,-29.164,-78.62
135,90,14.8,-26.77,-74.78
135,90,14.96,-26.352,-73.48
135,90,15.12,-26.73,-73.16
135,90,15.28,-28.56,-75.11
135,90,15.44,-19.296,-65.61
135,90,15.6,-31.63,-78.26
135,90,15.76,-27.918,-75.11
135,90,15.92,-44.072,-91.25
135,90,16.08,-24.302,-71.76
135,90,16.24,-27.704,-75.83
135,90,16.4,-28.98,-78.79
135,90,16.56,-23.068,-72
135,90,16.72,-28.388,-77.87
135,90,16.88,-24.844,-75.31
135,90,17.04,-21.796,-73.05
135,90,17.2,-20.4,-72.83
135,90,17.36,-20.806,-73.45
135,90,17.52,-18.696,-71.23
135,90,17.68,-21.802,-74.88
135,90,17.84,-21.148,-74.06
135,90,18,-35.65,-88.46
136,90,2,-16.43,-38.22
136,90,2.16,-18.578,-41.99
136,90,2.32,-25.446,-51.1
136,90,2.48,-33.664,-60.91
136,90,2.64,-26.328,-55.04
136,90,2.8,-21.47,-48.53
136,90,2.96,-12.318,-40.63
136,90,3.12,-19.186,-47.42
136,90,3.28,-29.532,-59.55
136,90,3.44,-15.612,-44.26
136,90,3.6,-17.09,-44.54
136,90,3.76,-25.714,-55.2
136,90,3.92,-20.062,-47.61
136,90,4.08,-21.902,-49.57
136,90,4.24,-22.066,-51.09
136,90,4.4,-14.21,-44.02
136,90,4.56,-13.766,-43.58
136,90,4.72,-15.044,-45.03
136,90,4.88,-15.39,-45.52
136,90,5.04,-13.47,-43.52
136,90,5.2,-12.55,-43.97
136,90,5.36,-15.1,-45.9
136,90,5.52,-20.318,-50.6
136,90,5.68,-20.68,-52.05
136,90,5.84,-26.662,-58.11
136,90,6,-22.01,-53.55
136,90,6.16,-20.13,-52.17
136,90,6.32,-23.768,-57.26
136,90,6.48,-27.936,-62.02
136,90,6.64,-29.228,-63.62
136,90,6.8,-22.85,-56.35
136,90,6.96,-36.522,-70.85
136,90,7.12,-31.926,-66.52
136,90,7.28,-22.062,-56.44
136,90,7.44,-22.606,-56.94
136,90,7.6,-23.83,-57.23
136,90,7.76,-23.118,-58.34
136,90,7.92,-24.392,-59.02
136,90,8.08,-23.026,-57.83
136,90,8.24,-22.022,-57.13
136,90,8.4,-30.69,-66.07
136,90,8.56,-25.922,-62.2
136,90,8.72,-25.478,-62.78
136,90,8.88,-48.868,-86.01
136,90,9.04,-30.144,-67.93
136,90,9.2,-28.06,-66.92
136,90,9.36,-26.714,-64.78
136,90,9.52,-30.902,-69.28
136,90,9.68,-29.73,-68.62
136,90,9.84,-34.526,-73.64
136,90,10,-33.59,-72.66
136,90,10.16,-36.708,-76.35
136,90,10.32,-28.182,-67.81
136,90,10.48,-27.268,-66.8
136,90,10.64,-24.508,-64.52
136,90,10.8,-25.45,-65.72
136,90,10.96,-27.336,-67.32
136,90,11.12,-21.626,-61.87
136,90,11.28,-23.526,-63.97
136,90,11.44,-19.622,-60.37
136,90,11.6,-24.61,-65.48
136,90,11.76,-30.654,-71.77
136,90,11.92,-26.684,-67.81
136,90,12.08,-25.94,-68.13
136,90,12.24,-26.804,-69.06
136,90,12.4,-30.48,-73.14
136,90,12.56,-21.34,-65.41
136,90,12.72,-33.174,-77.73
136,90,12.88,-25.946,-71.15
136,90,13.04,-31.398,-77.9
136,90,13.2,-24.01,-70.79
136,90,13.36,-28.894,-75.11
136,90,13.52,-27.812,-73.82
136,90,13.68,-28.89,-75.57
136,90,13.84,-26.598,-74.08
136,90,14,-26.06,-73.91
136,90,14.16,-23.646,-71.87
136,90,14.32,-36.206,-85.16
136,90,14.48,-23.794,-75.62
136,90,14.64,-22.604,-72.06
136,90,14.8,-29.35,-77.36
136,90,14.96,-23.482,-70.61
136,90,15.12,-32.03,-78.46
136,90,15.28,-24.27,-70.82
136,90,15.44,-24.806,-71.12
136,90,15.6,-24.04,-70.67
136,90,15.76,-39.918,-87.11
136,90,15.92,-30.822,-78
136,90,16.08,-24.842,-72.3
136,90,16.24,-28.664,-76.79
136,90,16.4,-32.32,-82.13
136,90,16.56,-27.828,-76.76
136,90,16.72,-28.928,-78.41
136,90,16.88,-18.974,-69.44
136,90,17.04,-21.666,-72.92
136,90,17.2,-19.21,-71.64
136,90,17.36,-21.896,-74.54
136,90,17.52,-21.636,-74.17
136,90,17.68,-34.972,-88.05
136,90,17.84,-17.458,-70.37
136,90,18,-25.59,-78.4
137,90,2,-16.86,-38.65
137,90,2.16,-18.108,-41.52
137,90,2.32,-23.356,-49.01
137,90,2.48,-28.814,-56.06
137,90,2.64,-28.958,-57.67
137,90,2.8,-22.89,-49.95
137,90,2.96,-11.238,-39.55
137,90,3.12,-15.946,-44.18
137,90,3.28,-22.242,-52.26
137,90,3.44,-18.802,-47.45
137,90,3.6,-18.54,-45.99
137,90,3.76,-25.344,-54.83
137,90,3.92,-19.342,-46.89
137,90,4.08,-20.492,-48.16
137,90,4.24,-25.106,-54.13
137,90,4.4,-14.52,-44.33
137,90,4.56,-13.796,-43.61
137,90,4.72,-14.164,-44.15
137,90,4.88,-15.59,-45.72
137,90,5.04,-13.99,-44.04
137,90,5.2,-12.74,-44.16
137,90,5.36,-15,-45.8
137,90,5.52,-18.528,-48.81
137,90,5.68,-18.55,-49.92
137,90,5.84,-25.252,-56.7
137,90,6,-19.45,-50.99
137,90,6.16,-19.2,-51.24
137,90,6.32,-23.238,-56.73
137,90,6.48,-26.436,-60.52
137,90,6.64,-29.008,-63.4
137,90,6.8,-25.75,-59.25
137,90,6.96,-30.292,-64.62
137,90,7.12,-38.736,-73.33
137,90,7.28,-24.182,-58.56
137,90,7.44,-22.996,-57.33
137,90,7.6,-23.13,-56.53
137,90,7.76,-23.638,-58.86
137,90,7.92,-21.172,-55.8
137,90,8.08,-23.956,-58.76
137,90,8.24,-23.892,-59
137,90,8.4,-28.54,-63.92
137,90,8.56,-27.882,-64.16
137,90,8.72,-27.058,-64.36
137,90,8.88,-35.508,-72.65
137,90,9.04,-32.014,-69.8
137,90,9.2,-28.91,-67.77
137,90,9.36,-24.284,-62.35
137,90,9.52,-25.552,-63.93
137,90,9.68,-26.71,-65.6
137,90,9.84,-25.796,-64.91
137,90,10,-26.69,-65.76
137,90,10.16,-40.608,-80.25
137,90,10.32,-33.622,-73.25
137,90,10.48,-32.718,-72.25
137,90,10.64,-31.538,-71.55
137,90,10.8,-27.8,-68.07
137,90,10.96,-25.526,-65.51
137,90,11.12,-32.556,-72.8
137,90,11.28,-28.656,-69.1
137,90,11.44,-19.632,-60.38
137,90,11.6,-22.35,-63.22
137,90,11.76,-24.484,-65.6
137,90,11.92,-32.654,-73.78
137,90,12.08,-24.43,-66.62
137,90,12.24,-24.814,-67.07
137,90,12.4,-21.9,-64.56
137,90,12.56,-21.58,-65.65
137,90,12.72,-25.004,-69.56
137,90,12.88,-26.976,-72.18
137,90,13.04,-35.838,-82.34
137,90,13.2,-25.49,-72.27
137,90,13.36,-41.454,-87.67
137,90,13.52,-32.022,-78.03
137,90,13.68,-39.55,-86.23
137,90,13.84,-27.878,-75.36
137,90,14,-33.92,-81.77
137,90,14.16,-18.776,-67
137,90,14.32,-27.266,-76.22
137,90,14.48,-21.294,-73.12
137,90,14.64,-23.534,-72.99
137,90,14.8,-19.58,-67.59
137,90,14.96,-27.152,-74.28
137,90,15.12,-23.69,-70.12
137,90,15.28,-22.67,-69.22
137,90,15.44,-23.766,-70.08
137,90,15.6,-21.53,-68.16
137,90,15.76,-25.428,-72.62
137,90,15.92,-27.422,-74.6
137,90,16.08,-24.322,-71.78
137,90,16.24,-30.344,-78.47
137,90,16.4,-20.17,-69.98
137,90,16.56,-32.498,-81.43
137,90,16.72,-21.388,-70.87
137,90,16.88,-28.374,-78.84
137,90,17.04,-25.386,-76.64
137,90,17.2,-27.43,-79.86
137,90,17.36,-19.446,-72.09
137,90,17.52,-27.386,-79.92
137,90,17.68,-26.302,-79.38
137,90,17.84,-26.188,-79.1
137,90,18,-23.95,-76.76
138,90,2,-17.02,-38.81
138,90,2.16,-17.158,-40.57
138,90,2.32,-21.916,-47.57
138,90,2.48,-26.844,-54.09
138,90,2.64,-29.308,-58.02
138,90,2.8,-23.56,-50.62
138,90,2.96,-10.738,-39.05
138,90,3.12,-13.686,-41.92
138,90,3.28,-18.062,-48.08
138,90,3.44,-23.862,-52.51
138,90,3.6,-21.43,-48.88
138,90,3.76,-25.144,-54.63
138,90,3.92,-18.192,-45.74
138,90,4.08,-19.252,-46.92
138,90,4.24,-30.796,-59.82
138,90,4.4,-15.44,-45.25
138,90,4.56,-13.816,-43.63
138,90,4.72,-13.284,-43.27
138,90,4.88,-14.88,-45.01
138,90,5.04,-14.89,-44.94
138,90,5.2,-13.4,-44.82
138,90,5.36,-15.15,-45.95
138,90,5.52,-17.738,-48.02
138,90,5.68,-17.07,-48.44
138,90,5.84,-21.982,-53.43
138,90,6,-18.59,-50.13
138,90,6.16,-17.26,-49.3
138,90,6.32,-21.208,-54.7
138,90,6.48,-22.966,-57.05
138,90,6.64,-23.768,-58.16
138,90,6.8,-24.57,-58.07
138,90,6.96,-26.192,-60.52
138,90,7.12,-39.136,-73.73
138,90,7.28,-31.922,-66.3
138,90,7.44,-30.206,-64.54
138,90,7.6,-25.75,-59.15
138,90,7.76,-29.368,-64.59
138,90,7.92,-21.412,-56.04
138,90,8.08,-24.376,-59.18
138,90,8.24,-26.322,-61.43
138,90,8.4,-40.52,-75.9
138,90,8.56,-30.722,-67
138,90,8.72,-26.528,-63.83
138,90,8.88,-27.498,-64.64
138,90,9.04,-33.214,-71
138,90,9.2,-30.87,-69.73
138,90,9.36,-22.954,-61.02
138,90,9.52,-23.132,-61.51
138,90,9.68,-23.38,-62.27
138,90,9.84,-20.796,-59.91
138,90,10,-24.32,-63.39
138,90,10.16,-35.058,-74.7
138,90,10.32,-42.572,-82.2
138,90,10.48,-25.948,-65.48
138,90,10.64,-40.508,-80.52
138,90,10.8,-48.89,-89.16
138,90,10.96,-34.466,-74.45
138,90,11.12,-31.886,-72.13
138,90,11.28,-28.966,-69.41
138,90,11.44,-20.222,-60.97
138,90,11.6,-22.85,-63.72
138,90,11.76,-23.454,-64.57
138,90,11.92,-30.014,-71.14
138,90,12.08,-23.83,-66.02
138,90,12.24,-21.834,-64.09
138,90,12.4,-21.58,-64.24
138,90,12.56,-21.16,-65.23
138,90,12.72,-20.024,-64.58
138,90,12.88,-26.556,-71.76
138,90,13.04,-26.058,-72.56
138,90,13.2,-27.62,-74.4
138,90,13.36,-20.854,-67.07
138,90,13.52,-28.022,-74.03
138,90,13.68,-34.56,-81.24
138,90,13.84,-26.748,-74.23
138,90,14,-24.97,-72.82
138,90,14.16,-31.086,-79.31
138,90,14.32,-22.726,-71.68
138,90,14.48,-26.534,-78.36
138,90,14.64,-27.104,-76.56
138,90,14.8,-29.16,-77.17
138,90,14.96,-25.452,-72.58
138,90,15.12,-27.23,-73.66
138,90,15.28,-21.76,-68.31
138,90,15.44,-26.896,-73.21
138,90,15.6,-22.55,-69.18
138,90,15.76,-31.068,-78.26
138,90,15.92,-24.502,-71.68
138,90,16.08,-22.992,-70.45
138,90,16.24,-31.554,-79.68
138,90,16.4,-21.16,-70.97
138,90,16.56,-35.278,-84.21
138,90,16.72,-29.488,-78.97
138,90,16.88,-28.844,-79.31
138,90,17.04,-23.646,-74.9
138,90,17.2,-18.73,-71.16
138,90,17.36,-24.306,-76.95
138,90,17.52,-30.816,-83.35
138,90,17.68,-20.592,-73.67
138,90,17.84,-29.798,-82.71
138,90,18,-25.15,-77.96
139,90,2,-17.14,-38.93
139,90,2.16,-16.188,-39.6
139,90,2.32,-20.086,-45.74
139,90,2.48,-24.994,-52.24
139,90,2.64,-30.378,-59.09
139,90,2.8,-23.97,-51.03
139,90,2.96,-10.288,-38.6
139,90,3.12,-12.316,-40.55
139,90,3.28,-15.342,-45.36
139,90,3.44,-23.502,-52.15
139,90,3.6,-24.09,-51.54
139,90,3.76,-26.834,-56.32
139,90,3.92,-17.222,-44.77
139,90,4.08,-18.482,-46.15
139,90,4.24,-28.396,-57.42
139,90,4.4,-18.22,-48.03
139,90,4.56,-14.686,-44.5
139,90,4.72,-12.644,-42.63
139,90,4.88,-14.31,-44.44
139,90,5.04,-15.38,-45.43
139,90,5.2,-14.99,-46.41
139,90,5.36,-16.71,-47.51
139,90,5.52,-17.388,-47.67
139,90,5.68,-15.8,-47.17
139,90,5.84,-19.182,-50.63
139,90,6,-18.84,-50.38
139,90,6.16,-15.92,-47.96
139,90,6.32,-17.378,-50.87
139,90,6.48,-19.856,-53.94
139,90,6.64,-22.598,-56.99
139,90,6.8,-24.26,-57.76
139,90,6.96,-26.142,-60.47
139,90,7.12,-30.656,-65.25
139,90,7.28,-29.052,-63.43
139,90,7.44,-33.826,-68.16
139,90,7.6,-38.49,-71.89
139,90,7.76,-33.288,-68.51
139,90,7.92,-24.222,-58.85
139,90,8.08,-23.766,-58.57
139,90,8.24,-25.762,-60.87
139,90,8.4,-40.1,-75.48
139,90,8.56,-37.492,-73.77
139,90,8.72,-26.038,-63.34
139,90,8.88,-34.198,-71.34
139,90,9.04,-28.234,-66.02
139,90,9.2,-38.28,-77.14
139,90,9.36,-23.944,-62.01
139,90,9.52,-25.802,-64.18
139,90,9.68,-21.66,-60.55
139,90,9.84,-19.046,-58.16
139,90,10,-24.18,-63.25
139,90,10.16,-33.928,-73.57
139,90,10.32,-32.682,-72.31
139,90,10.48,-34.108,-73.64
139,90,10.64,-33.798,-73.81
139,90,10.8,-33.19,-73.46
139,90,10.96,-34.796,-74.78
139,90,11.12,-32.236,-72.48
139,90,11.28,-51.156,-91.6
139,90,11.44,-30.262,-71.01
139,90,11.6,-26.74,-67.61
139,90,11.76,-32.224,-73.34
139,90,11.92,-30.174,-71.3
139,90,12.08,-30.09,-72.28
139,90,12.24,-21.104,-63.36
139,90,12.4,-23.78,-66.44
139,90,12.56,-27.78,-71.85
139,90,12.72,-22.604,-67.16
139,90,12.88,-21.516,-66.72
139,90,13.04,-26.118,-72.62
139,90,13.2,-25.35,-72.13
139,90,13.36,-26.164,-72.38
139,90,13.52,-18.092,-64.1
139,90,13.68,-22.57,-69.25
139,90,13.84,-23.618,-71.1
139,90,14,-22.97,-70.82
139,90,14.16,-24.636,-72.86
139,90,14.32,-22.686,-71.64
139,90,14.48,-29.154,-80.98
139,90,14.64,-29.884,-79.34
139,90,14.8,-41.14,-89.15
139,90,14.96,-34.582,-81.71
139,90,15.12,-27.89,-74.32
139,90,15.28,-27.76,-74.31
139,90,15.44,-26.306,-72.62
139,90,15.6,-35.04,-81.67
139,90,15.76,-33.508,-80.7
139,90,15.92,-32.292,-79.47
139,90,16.08,-29.952,-77.41
139,90,16.24,-30.444,-78.57
139,90,16.4,-26.03,-75.84
139,90,16.56,-27.658,-76.59
139,90,16.72,-31.478,-80.96
139,90,16.88,-26.424,-76.89
139,90,17.04,-22.196,-73.45
139,90,17.2,-33.91,-86.34
139,90,17.36,-14.016,-66.66
139,90,17.52,-18.056,-70.59
139,90,17.68,-20.512,-73.59
139,90,17.84,-20.388,-73.3
139,90,18,-33.41,-86.22
140,90,2,-17.26,-39.05
140,90,2.16,-15.178,-38.59
140,90,2.32,-18.796,-44.45
140,90,2.48,-23.044,-50.29
140,90,2.64,-27.828,-56.54
140,90,2.8,-23.64,-50.7
140,90,2.96,-10.298,-38.61
140,90,3.12,-11.446,-39.68
140,90,3.28,-13.642,-43.66
140,90,3.44,-17.722,-46.37
140,90,3.6,-23.69,-51.14
140,90,3.76,-29.524,-59.01
140,90,3.92,-16.962,-44.51
140,90,4.08,-17.762,-45.43
140,90,4.24,-22.726,-51.75
140,90,4.4,-22.71,-52.52
140,90,4.56,-16.376,-46.19
140,90,4.72,-13.124,-43.11
140,90,4.88,-13.82,-43.95
140,90,5.04,-15.24,-45.29
140,90,5.2,-16.79,-48.21
140,90,5.36,-19,-49.8
140,90,5.52,-17.668,-47.95
140,90,5.68,-14.39,-45.76
140,90,5.84,-17.672,-49.12
140,90,6,-19.24,-50.78
140,90,6.16,-16.04,-48.08
140,90,6.32,-15.398,-48.89
140,90,6.48,-17.566,-51.65
140,90,6.64,-20.808,-55.2
140,90,6.8,-21.69,-55.19
140,90,6.96,-25.242,-59.57
140,90,7.12,-23.966,-58.56
140,90,7.28,-23.222,-57.6
140,90,7.44,-22.966,-57.3
140,90,7.6,-27.54,-60.94
140,90,7.76,-23.568,-58.79
140,90,7.92,-40.282,-74.91
140,90,8.08,-24.816,-59.62
140,90,8.24,-26.902,-62.01
140,90,8.4,-34.15,-69.53
140,90,8.56,-34.992,-71.27
140,90,8.72,-29.838,-67.14
140,90,8.88,-26.568,-63.71
140,90,9.04,-25.924,-63.71
140,90,9.2,-31.15,-70.01
140,90,9.36,-25.134,-63.2
140,90,9.52,-29.542,-67.92
140,90,9.68,-21.72,-60.61
140,90,9.84,-21.426,-60.54
140,90,10,-25.63,-64.7
140,90,10.16,-28.848,-68.49
140,90,10.32,-35.562,-75.19
140,90,10.48,-26.818,-66.35
140,90,10.64,-29.888,-69.9
140,90,10.8,-31.17,-71.44
140,90,10.96,-25.756,-65.74
140,90,11.12,-42.016,-82.26
140,90,11.28,-33.966,-74.41
140,90,11.44,-46.602,-87.35
140,90,11.6,-35.08,-75.95
140,90,11.76,-32.984,-74.1
140,90,11.92,-47.954,-89.08
140,90,12.08,-23.89,-66.08
140,90,12.24,-24.194,-66.45
140,90,12.4,-30.52,-73.18
140,90,12.56,-35.53,-79.6
140,90,12.72,-29.324,-73.88
140,90,12.88,-23.546,-68.75
140,90,13.04,-26.058,-72.56
140,90,13.2,-24.8,-71.58
140,90,13.36,-22.044,-68.26
140,90,13.52,-22.102,-68.11
140,90,13.68,-20.49,-67.17
140,90,13.84,-19.248,-66.73
140,90,14,-22.38,-70.23
140,90,14.16,-20.726,-68.95
140,90,14.32,-16.576,-65.53
140,90,14.48,-32.144,-83.97
140,90,14.64,-20.704,-70.16
140,90,14.8,-17.69,-65.7
140,90,14.96,-30.722,-77.85
140,90,15.12,-21.55,-67.98
140,90,15.28,-31.3,-77.85
140,90,15.44,-32.656,-78.97
140,90,15.6,-33.05,-79.68
140,90,15.76,-31.008,-78.2
140,90,15.92,-26.872,-74.05
140,90,16.08,-34.072,-81.53
140,90,16.24,-27.594,-75.72
140,90,16.4,-26.46,-76.27
140,90,16.56,-25.898,-74.83
140,90,16.72,-30.408,-79.89
140,90,16.88,-45.664,-96.13
140,90,17.04,-30.216,-81.47
140,90,17.2,-26.73,-79.16
140,90,17.36,-23.966,-76.61
140,90,17.52,-29.936,-82.47
140,90,17.68,-30.312,-83.39
140,90,17.84,-24.148,-77.06
140,90,18,-18.25,-71.06
141,90,2,-17.16,-38.95
141,90,2.16,-14.328,-37.74
141,90,2.32,-17.796,-43.45
141,90,2.48,-21.674,-48.92
141,90,2.64,-25.698,-54.41
141,90,2.8,-21.7,-48.76
141,90,2.96,-10.418,-38.73
141,90,3.12,-10.896,-39.13
141,90,3.28,-12.442,-42.46
141,90,3.44,-13.822,-42.47
141,90,3.6,-20.18,-47.63
141,90,3.76,-28.284,-57.77
141,90,3.92,-17.322,-44.87
141,90,4.08,-17.092,-44.76
141,90,4.24,-19.426,-48.45
141,90,4.4,-23.45,-53.26
141,90,4.56,-19.586,-49.4
141,90,4.72,-14.024,-44.01
141,90,4.88,-13.32,-43.45
141,90,5.04,-14.56,-44.61
141,90,5.2,-17.55,-48.97
141,90,5.36,-21.21,-52.01
141,90,5.52,-19.488,-49.77
141,90,5.68,-14,-45.37
141,90,5.84,-16.072,-47.52
141,90,6,-18.66,-50.2
141,90,6.16,-16.47,-48.51
141,90,6.32,-14.808,-48.3
141,90,6.48,-15.986,-50.07
141,90,6.64,-19.338,-53.73
141,90,6.8,-20.06,-53.56
141,90,6.96,-22.932,-57.26
141,90,7.12,-20.996,-55.59
141,90,7.28,-19.452,-53.83
141,90,7.44,-18.716,-53.05
141,90,7.6,-23.76,-57.16
141,90,7.76,-19.278,-54.5
141,90,7.92,-28.002,-62.63
141,90,8.08,-30.556,-65.36
141,90,8.24,-27.392,-62.5
141,90,8.4,-29.45,-64.83
141,90,8.56,-29.812,-66.09
141,90,8.72,-34.478,-71.78
141,90,8.88,-28.188,-65.33
141,90,9.04,-23.484,-61.27
141,90,9.2,-28.87,-67.73
141,90,9.36,-30.424,-68.49
141,90,9.52,-29.922,-68.3
141,90,9.68,-22.12,-61.01
141,90,9.84,-22.496,-61.61
141,90,10,-27.73,-66.8
141,90,10.16,-30.408,-70.05
141,90,10.32,-31.932,-71.56
141,90,10.48,-30.928,-70.46
141,90,10.64,-27.848,-67.86
141,90,10.8,-30.73,-71
141,90,10.96,-25.516,-65.5
141,90,11.12,-38.056,-78.3
141,90,11.28,-27.876,-68.32
141,90,11.44,-27.822,-68.57
141,90,11.6,-30.23,-71.1
141,90,11.76,-23.584,-64.7
141,90,11.92,-25.814,-66.94
141,90,12.08,-29.05,-71.24
141,90,12.24,-26.834,-69.09
141,90,12.4,-36.53,-79.19
141,90,12.56,-27.17,-71.24
141,90,12.72,-27.224,-71.78
141,90,12.88,-23.976,-69.18
141,90,13.04,-26.088,-72.59
141,90,13.2,-27.84,-74.62
141,90,13.36,-30.424,-76.64
141,90,13.52,-22.532,-68.54
141,90,13.68,-21.41,-68.09
141,90,13.84,-22.998,-70.48
141,90,14,-24.37,-72.22
141,90,14.16,-19.866,-68.09
141,90,14.32,-17.966,-66.92
141,90,14.48,-24.704,-76.53
141,90,14.64,-27.664,-77.12
141,90,14.8,-24.16,-72.17
141,90,14.96,-26.412,-73.54
141,90,15.12,-27.96,-74.39
141,90,15.28,-35.27,-81.82
141,90,15.44,-29.136,-75.45
141,90,15.6,-23.39,-70.02
141,90,15.76,-28.628,-75.82
141,90,15.92,-25.992,-73.17
141,90,16.08,-21.682,-69.14
141,90,16.24,-28.754,-76.88
141,90,16.4,-21.52,-71.33
141,90,16.56,-31.978,-80.91
141,90,16.72,-27.708,-77.19
141,90,16.88,-40.664,-91.13
141,90,17.04,-30.246,-81.5
141,90,17.2,-22.15,-74.58
141,90,17.36,-26.806,-79.45
141,90,17.52,-18.246,-70.78
141,90,17.68,-23.552,-76.63
141,90,17.84,-24.358,-77.27
141,90,18,-25.11,-77.92
142,90,2,-17.17,-38.96
142,90,2.16,-13.628,-37.04
142,90,2.32,-16.776,-42.43
142,90,2.48,-21.134,-48.38
142,90,2.64,-23.628,-52.34
142,90,2.8,-19.84,-46.9
142,90,2.96,-10.378,-38.69
142,90,3.12,-10.746,-38.98
142,90,3.28,-11.452,-41.47
142,90,3.44,-11.532,-40.18
142,90,3.6,-16.51,-43.96
142,90,3.76,-24.004,-53.49
142,90,3.92,-18.772,-46.32
142,90,4.08,-16.982,-44.65
142,90,4.24,-17.426,-46.45
142,90,4.4,-19.05,-48.86
142,90,4.56,-24.816,-54.63
142,90,4.72,-15.784,-45.77
142,90,4.88,-13.4,-43.53
142,90,5.04,-14.69,-44.74
142,90,5.2,-17.07,-48.49
142,90,5.36,-20.38,-51.18
142,90,5.52,-23.848,-54.13
142,90,5.68,-13.9,-45.27
142,90,5.84,-15.912,-47.36
142,90,6,-17.67,-49.21
142,90,6.16,-17.1,-49.14
142,90,6.32,-14.918,-48.41
142,90,6.48,-15.316,-49.4
142,90,6.64,-18.238,-52.63
142,90,6.8,-17.81,-51.31
142,90,6.96,-20.022,-54.35
142,90,7.12,-19.346,-53.94
142,90,7.28,-17.512,-51.89
142,90,7.44,-17.346,-51.68
142,90,7.6,-20.14,-53.54
142,90,7.76,-19.348,-54.57
142,90,7.92,-22.052,-56.68
142,90,8.08,-31.606,-66.41
142,90,8.24,-25.522,-60.63
142,90,8.4,-26.48,-61.86
142,90,8.56,-31.622,-67.9
142,90,8.72,-29.378,-66.68
142,90,8.88,-28.448,-65.59
142,90,9.04,-29.394,-67.18
142,90,9.2,-39.42,-78.28
142,90,9.36,-29.884,-67.95
142,90,9.52,-32.152,-70.53
142,90,9.68,-25.73,-64.62
142,90,9.84,-24.496,-63.61
142,90,10,-25.33,-64.4
142,90,10.16,-25.598,-65.24
142,90,10.32,-26.912,-66.54
142,90,10.48,-32.478,-72.01
142,90,10.64,-28.418,-68.43
142,90,10.8,-32.56,-72.83
142,90,10.96,-23.166,-63.15
142,90,11.12,-22.476,-62.72
142,90,11.28,-23.306,-63.75
142,90,11.44,-25.892,-66.64
142,90,11.6,-30.62,-71.49
142,90,11.76,-23.624,-64.74
142,90,11.92,-22.824,-63.95
142,90,12.08,-28.68,-70.87
142,90,12.24,-28.734,-70.99
142,90,12.4,-30.03,-72.69
142,90,12.56,-30.45,-74.52
142,90,12.72,-30.794,-75.35
142,90,12.88,-24.086,-69.29
142,90,13.04,-43.958,-90.46
142,90,13.2,-29.82,-76.6
142,90,13.36,-29.994,-76.21
142,90,13.52,-31.412,-77.42
142,90,13.68,-28.74,-75.42
142,90,13.84,-34.668,-82.15
142,90,14,-32,-79.85
142,90,14.16,-20.016,-68.24
142,90,14.32,-18.126,-67.08
142,90,14.48,-32.964,-84.79
142,90,14.64,-24.494,-73.95
142,90,14.8,-27.19,-75.2
142,90,14.96,-26.872,-74
142,90,15.12,-24.05,-70.48
142,90,15.28,-26.4,-72.95
142,90,15.44,-21.466,-67.78
142,90,15.6,-25.11,-71.74
142,90,15.76,-33.398,-80.59
142,90,15.92,-18.952,-66.13
142,90,16.08,-28.332,-75.79
142,90,16.24,-26.914,-75.04
142,90,16.4,-33.24,-83.05
142,90,16.56,-26.898,-75.83
142,90,16.72,-32.548,-82.03
142,90,16.88,-19.204,-69.67
142,90,17.04,-46.526,-97.78
142,90,17.2,-36.71,-89.14
142,90,17.36,-18.306,-70.95
142,90,17.52,-26.396,-78.93
142,90,17.68,-38.622,-91.7
142,90,17.84,-22.418,-75.33
142,90,18,-25.05,-77.86
143,90,2,-16.88,-38.67
143,90,2.16,-12.978,-36.39
143,90,2.32,-16.246,-41.9
143,90,2.48,-20.314,-47.56
143,90,2.64,-22.298,-51.01
143,90,2.8,-17.8,-44.86
143,90,2.96,-10.328,-38.64
143,90,3.12,-10.886,-39.12
143,90,3.28,-11.352,-41.37
143,90,3.44,-10.072,-38.72
143,90,3.6,-14.38,-41.83
143,90,3.76,-20.594,-50.08
143,90,3.92,-20.682,-48.23
143,90,4.08,-18.082,-45.75
143,90,4.24,-17.136,-46.16
143,90,4.4,-16.02,-45.83
143,90,4.56,-22.056,-51.87
143,90,4.72,-20.154,-50.14
143,90,4.88,-14.25,-44.38
143,90,5.04,-15.31,-45.36
143,90,5.2,-16.07,-47.49
143,90,5.36,-17.62,-48.42
143,90,5.52,-37.728,-68.01
143,90,5.68,-15.35,-46.72
143,90,5.84,-16.892,-48.34
143,90,6,-17.13,-48.67
143,90,6.16,-16.53,-48.57
143,90,6.32,-15.338,-48.83
143,90,6.48,-15.476,-49.56
143,90,6.64,-17.508,-51.9
143,90,6.8,-17.12,-50.62
143,90,6.96,-17.882,-52.21
143,90,7.12,-19.296,-53.89
143,90,7.28,-17.332,-51.71
143,90,7.44,-15.846,-50.18
143,90,7.6,-17.68,-51.08
143,90,7.76,-20.718,-55.94
143,90,7.92,-20.472,-55.1
143,90,8.08,-24.346,-59.15
143,90,8.24,-22.822,-57.93
143,90,8.4,-25.06,-60.44
143,90,8.56,-33.382,-69.66
143,90,8.72,-36.598,-73.9
143,90,8.88,-28.358,-65.5
143,90,9.04,-28.784,-66.57
143,90,9.2,-31.74,-70.6
143,90,9.36,-26.774,-64.84
143,90,9.52,-37.422,-75.8
143,90,9.68,-25.98,-64.87
143,90,9.84,-28.686,-67.8
143,90,10,-25.91,-64.98
143,90,10.16,-23.468,-63.11
143,90,10.32,-24.652,-64.28
143,90,10.48,-29.268,-68.8
143,90,10.64,-36.658,-76.67
143,90,10.8,-32.41,-72.68
143,90,10.96,-20.976,-60.96
143,90,11.12,-19.246,-59.49
143,90,11.28,-19.146,-59.59
143,90,11.44,-26.962,-67.71
143,90,11.6,-30.2,-71.07
143,90,11.76,-21.234,-62.35
143,90,11.92,-23.914,-65.04
143,90,12.08,-24.89,-67.08
143,90,12.24,-22.884,-65.14
143,90,12.4,-22.26,-64.92
143,90,12.56,-28.11,-72.18
143,90,12.72,-32.324,-76.88
143,90,12.88,-26.596,-71.8
143,90,13.04,-28.638,-75.14
143,90,13.2,-32.98,-79.76
143,90,13.36,-34.174,-80.39
143,90,13.52,-28.772,-74.78
143,90,13.68,-34.61,-81.29
143,90,13.84,-28.858,-76.34
143,90,14,-27.06,-74.91
143,90,14.16,-26.076,-74.3
143,90,14.32,-23.086,-72.04
143,90,14.48,-26.174,-78
143,90,14.64,-33.214,-82.67
143,90,14.8,-21.65,-69.66
143,90,14.96,-52.702,-99.83
143,90,15.12,-21.47,-67.9
143,90,15.28,-26.6,-73.15
143,90,15.44,-25.626,-71.94
143,90,15.6,-25.11,-71.74
143,90,15.76,-32.248,-79.44
143,90,15.92,-22.562,-69.74
143,90,16.08,-22.802,-70.26
143,90,16.24,-25.234,-73.36
143,90,16.4,-19.82,-69.63
143,90,16.56,-22.478,-71.41
143,90,16.72,-24.438,-73.92
143,90,16.88,-19.394,-69.86
143,90,17.04,-29.576,-80.83
143,90,17.2,-24.06,-76.49
143,90,17.36,-16.906,-69.55
143,90,17.52,-18.536,-71.07
143,90,17.68,-22.522,-75.6
143,90,17.84,-24.438,-77.35
143,90,18,-27.87,-80.68
144,90,2,-16.63,-38.42
144,90,2.16,-12.528,-35.94
144,90,2.32,-15.406,-41.06
144,90,2.48,-19.724,-46.97
144,90,2.64,-21.778,-50.49
144,90,2.8,-16.38,-43.44
144,90,2.96,-9.848,-38.16
144,90,3.12,-10.866,-39.1
144,90,3.28,-10.822,-40.84
144,90,3.44,-9.252,-37.9
144,90,3.6,-13.2,-40.65
144,90,3.76,-17.474,-46.96
144,90,3.92,-21.572,-49.12
144,90,4.08,-18.582,-46.25
144,90,4.24,-17.006,-46.03
144,90,4.4,-14.14,-43.95
144,90,4.56,-16.486,-46.3
144,90,4.72,-21.664,-51.65
144,90,4.88,-15.25,-45.38
144,90,5.04,-17.73,-47.78
144,90,5.2,-16.91,-48.33
144,90,5.36,-16.01,-46.81
144,90,5.52,-24.298,-54.58
144,90,5.68,-19.56,-50.93
144,90,5.84,-18.272,-49.72
144,90,6,-17.17,-48.71
144,90,6.16,-15.07,-47.11
144,90,6.32,-15.818,-49.31
144,90,6.48,-17.556,-51.64
144,90,6.64,-18.278,-52.67
144,90,6.8,-17.28,-50.78
144,90,6.96,-16.742,-51.07
144,90,7.12,-22.926,-57.52
144,90,7.28,-18.252,-52.63
144,90,7.44,-15.336,-49.67
144,90,7.6,-16.79,-50.19
144,90,7.76,-20.238,-55.46
144,90,7.92,-19.942,-54.57
144,90,8.08,-22.416,-57.22
144,90,8.24,-20.032,-55.14
144,90,8.4,-22.35,-57.73
144,90,8.56,-28.982,-65.26
144,90,8.72,-37.858,-75.16
144,90,8.88,-30.908,-68.05
144,90,9.04,-24.544,-62.33
144,90,9.2,-22.44,-61.3
144,90,9.36,-21.654,-59.72
144,90,9.52,-30.782,-69.16
144,90,9.68,-29.21,-68.1
144,90,9.84,-31.306,-70.42
144,90,10,-28.84,-67.91
144,90,10.16,-25.198,-64.84
144,90,10.32,-23.032,-62.66
144,90,10.48,-24.718,-64.25
144,90,10.64,-35.058,-75.07
144,90,10.8,-28.39,-68.66
144,90,10.96,-24.716,-64.7
144,90,11.12,-20.696,-60.94
144,90,11.28,-19.046,-59.49
144,90,11.44,-20.602,-61.35
144,90,11.6,-21.72,-62.59
144,90,11.76,-24.474,-65.59
144,90,11.92,-27.264,-68.39
144,90,12.08,-23.34,-65.53
144,90,12.24,-23.094,-65.35
144,90,12.4,-21.78,-64.44
144,90,12.56,-25.06,-69.13
144,90,12.72,-27.674,-72.23
144,90,12.88,-21.306,-66.51
144,90,13.04,-22.828,-69.33
144,90,13.2,-24.13,-70.91
144,90,13.36,-25.984,-72.2
144,90,13.52,-23.612,-69.62
144,90,13.68,-41.21,-87.89
144,90,13.84,-22.108,-69.59
144,90,14,-28.52,-76.37
144,90,14.16,-24.456,-72.68
144,90,14.32,-32.276,-81.23
144,90,14.48,-24.504,-76.33
144,90,14.64,-30.824,-80.28
144,90,14.8,-23.5,-71.51
144,90,14.96,-28.072,-75.2
144,90,15.12,-33.12,-79.55
144,90,15.28,-25.7,-72.25
144,90,15.44,-28.266,-74.58
144,90,15.6,-25.44,-72.07
144,90,15.76,-42.188,-89.38
144,90,15.92,-23.972,-71.15
144,90,16.08,-23.252,-70.71
144,90,16.24,-26.284,-74.41
144,90,16.4,-23.88,-73.69
144,90,16.56,-23.658,-72.59
144,90,16.72,-22.528,-72.01
144,90,16.88,-19.284,-69.75
144,90,17.04,-31.516,-82.77
144,90,17.2,-20.97,-73.4
144,90,17.36,-23.036,-75.68
144,90,17.52,-18.116,-70.65
144,90,17.68,-20.642,-73.72
144,90,17.84,-18.228,-71.14
144,90,18,-19.12,-71.93
145,90,2,-16.22,-38.01
145,90,2.16,-12.128,-35.54
145,90,2.32,-14.996,-40.65
145,90,2.48,-19.564,-46.81
145,90,2.64,-20.718,-49.43
145,90,2.8,-15.08,-42.14
145,90,2.96,-8.898,-37.21
145,90,3.12,-10.936,-39.17
145,90,3.28,-11.132,-41.15
145,90,3.44,-8.952,-37.6
145,90,3.6,-12.57,-40.02
145,90,3.76,-15.174,-44.66
145,90,3.92,-19.122,-46.67
145,90,4.08,-19.542,-47.21
145,90,4.24,-17.266,-46.29
145,90,4.4,-13.44,-43.25
145,90,4.56,-13.046,-42.86
145,90,4.72,-17.694,-47.68
145,90,4.88,-16.11,-46.24
145,90,5.04,-19.62,-49.67
145,90,5.2,-18.53,-49.95
145,90,5.36,-15.84,-46.64
145,90,5.52,-17.758,-48.04
145,90,5.68,-25.87,-57.24
145,90,5.84,-20.532,-51.98
145,90,6,-20.02,-51.56
145,90,6.16,-15.4,-47.44
145,90,6.32,-15.188,-48.68
145,90,6.48,-17.446,-51.53
145,90,6.64,-20.898,-55.29
145,90,6.8,-18.34,-51.84
145,90,6.96,-17.032,-51.36
145,90,7.12,-24.256,-58.85
145,90,7.28,-20.802,-55.18
145,90,7.44,-15.836,-50.17
145,90,7.6,-16.57,-49.97
145,90,7.76,-20.308,-55.53
145,90,7.92,-21.352,-55.98
145,90,8.08,-22.066,-56.87
145,90,8.24,-20.662,-55.77
145,90,8.4,-22.97,-58.35
145,90,8.56,-27.752,-64.03
145,90,8.72,-35.438,-72.74
145,90,8.88,-32.468,-69.61
145,90,9.04,-29.104,-66.89
145,90,9.2,-21.18,-60.04
145,90,9.36,-24.074,-62.14
145,90,9.52,-25.942,-64.32
145,90,9.68,-29.21,-68.1
145,90,9.84,-30.606,-69.72
145,90,10,-36.38,-75.45
145,90,10.16,-26.058,-65.7
145,90,10.32,-30.602,-70.23
145,90,10.48,-23.088,-62.62
145,90,10.64,-31.938,-71.95
145,90,10.8,-32.14,-72.41
145,90,10.96,-29.176,-69.16
145,90,11.12,-22.216,-62.46
145,90,11.28,-19.976,-60.42
145,90,11.44,-19.402,-60.15
145,90,11.6,-18.32,-59.19
145,90,11.76,-22.224,-63.34
145,90,11.92,-23.594,-64.72
145,90,12.08,-35.25,-77.44
145,90,12.24,-29.964,-72.22
145,90,12.4,-19.27,-61.93
145,90,12.56,-21.04,-65.11
145,90,12.72,-22.724,-67.28
145,90,12.88,-18.326,-63.53
145,90,13.04,-18.668,-65.17
145,90,13.2,-21.46,-68.24
145,90,13.36,-26.734,-72.95
145,90,13.52,-22.382,-68.39
145,90,13.68,-30.43,-77.11
145,90,13.84,-28.638,-76.12
145,90,14,-29.25,-77.1
145,90,14.16,-25.426,-73.65
145,90,14.32,-25.306,-74.26
145,90,14.48,-37.654,-89.48
145,90,14.64,-27.444,-76.9
145,90,14.8,-27.52,-75.53
145,90,14.96,-33.672,-80.8
145,90,15.12,-33.65,-80.08
145,90,15.28,-27.38,-73.93
145,90,15.44,-32.466,-78.78
145,90,15.6,-26.77,-73.4
145,90,15.76,-35.718,-82.91
145,90,15.92,-26.962,-74.14
145,90,16.08,-34.262,-81.72
145,90,16.24,-23.904,-72.03
145,90,16.4,-26.48,-76.29
145,90,16.56,-20.508,-69.44
145,90,16.72,-31.078,-80.56
145,90,16.88,-19.404,-69.87
145,90,17.04,-28.856,-80.11
145,90,17.2,-17.32,-69.75
145,90,17.36,-19.206,-71.85
145,90,17.52,-20.416,-72.95
145,90,17.68,-25.142,-78.22
145,90,17.84,-16.398,-69.31
145,90,18,-33.53,-86.34
146,90,2,-15.93,-37.72
146,90,2.16,-11.848,-35.26
146,90,2.32,-14.786,-40.44
146,90,2.48,-20.044,-47.29
146,90,2.64,-20.038,-48.75
146,90,2.8,-14.01,-41.07
146,90,2.96,-7.758,-36.07
146,90,3.12,-10.646,-38.88
146,90,3.28,-11.172,-41.19
146,90,3.44,-9.072,-37.72
146,90,3.6,-12.25,-39.7
146,90,3.76,-14.014,-43.5
146,90,3.92,-16.172,-43.72
146,90,4.08,-19.082,-46.75
146,90,4.24,-18.306,-47.33
146,90,4.4,-13.55,-43.36
146,90,4.56,-11.366,-41.18
146,90,4.72,-14.004,-43.99
146,90,4.88,-14.74,-44.87
146,90,5.04,-18.51,-48.56
146,90,5.2,-20.83,-52.25
146,90,5.36,-16.03,-46.83
146,90,5.52,-15.308,-45.59
146,90,5.68,-22.72,-54.09
146,90,5.84,-23.072,-54.52
146,90,6,-22.81,-54.35
146,90,6.16,-17.42,-49.46
146,90,6.32,-15.078,-48.57
146,90,6.48,-17.666,-51.75
146,90,6.64,-21.098,-55.49
146,90,6.8,-20.35,-53.85
146,90,6.96,-19.972,-54.3
146,90,7.12,-24.446,-59.04
146,90,7.28,-24.602,-58.98
146,90,7.44,-17.286,-51.62
146,90,7.6,-17.27,-50.67
146,90,7.76,-21.188,-56.41
146,90,7.92,-20.032,-54.66
146,90,8.08,-21.056,-55.86
146,90,8.24,-20.322,-55.43
146,90,8.4,-23.57,-58.95
146,90,8.56,-24.722,-61
146,90,8.72,-27.838,-65.14
146,90,8.88,-28.788,-65.93
146,90,9.04,-30.574,-68.36
146,90,9.2,-28.06,-66.92
146,90,9.36,-20.914,-58.98
146,90,9.52,-20.522,-58.9
146,90,9.68,-26.76,-65.65
146,90,9.84,-38.796,-77.91
146,90,10,-33.14,-72.21
146,90,10.16,-27.898,-67.54
146,90,10.32,-27.092,-66.72
146,90,10.48,-26.178,-65.71
146,90,10.64,-31.768,-71.78
146,90,10.8,-28.26,-68.53
146,90,10.96,-28.166,-68.15
146,90,11.12,-29.126,-69.37
146,90,11.28,-29.626,-70.07
146,90,11.44,-23.102,-63.85
146,90,11.6,-20.37,-61.24
146,90,11.76,-21.764,-62.88
146,90,11.92,-24.904,-66.03
146,90,12.08,-27.05,-69.24
146,90,12.24,-30.034,-72.29
146,90,12.4,-23.88,-66.54
146,90,12.56,-27.35,-71.42
146,90,12.72,-23.224,-67.78
146,90,12.88,-22.856,-68.06
146,90,13.04,-21.958,-68.46
146,90,13.2,-24.75,-71.53
146,90,13.36,-21.664,-67.88
146,90,13.52,-23.262,-69.27
146,90,13.68,-22.1,-68.78
146,90,13.84,-23.708,-71.19
146,90,14,-19.91,-67.76
146,90,14.16,-23.066,-71.29
146,90,14.32,-39.436,-88.39
146,90,14.48,-20.694,-72.52
146,90,14.64,-20.864,-70.32
146,90,14.8,-26.28,-74.29
146,90,14.96,-24.612,-71.74
146,90,15.12,-32.3,-78.73
146,90,15.28,-24.15,-70.7
146,90,15.44,-26.246,-72.56
146,90,15.6,-33.96,-80.59
146,90,15.76,-30.748,-77.94
146,90,15.92,-31.562,-78.74
146,90,16.08,-23.592,-71.05
146,90,16.24,-19.524,-67.65
146,90,16.4,-25.06,-74.87
146,90,16.56,-24.138,-73.07
146,90,16.72,-29.328,-78.81
146,90,16.88,-28.234,-78.7
146,90,17.04,-33.476,-84.73
146,90,17.2,-25.05,-77.48
146,90,17.36,-26.936,-79.58
146,90,17.52,-24.306,-76.84
146,90,17.68,-25.592,-78.67
146,90,17.84,-16.788,-69.7
146,90,18,-28.82,-81.63
147,90,2,-15.4,-37.19
147,90,2.16,-11.608,-35.02
147,90,2.32,-14.546,-40.2
147,90,2.48,-19.894,-47.14
147,90,2.64,-19.458,-48.17
147,90,2.8,-13.11,-40.17
147,90,2.96,-6.668,-34.98
147,90,3.12,-10.186,-38.42
147,90,3.28,-11.072,-41.09
147,90,3.44,-9.012,-37.66
147,90,3.6,-12.58,-40.03
147,90,3.76,-13.134,-42.62
147,90,3.92,-14.152,-41.7
147,90,4.08,-17.482,-45.15
147,90,4.24,-17.746,-46.77
147,90,4.4,-14.47,-44.28
147,90,4.56,-10.836,-40.65
147,90,4.72,-12.164,-42.15
147,90,4.88,-12.38,-42.51
147,90,5.04,-15.13,-45.18
147,90,5.2,-18.55,-49.97
147,90,5.36,-18.9,-49.7
147,90,5.52,-14.868,-45.15
147,90,5.68,-17.49,-48.86
147,90,5.84,-21.702,-53.15
147,90,6,-22.63,-54.17
147,90,6.16,-21.46,-53.5
147,90,6.32,-17.268,-50.76
147,90,6.48,-16.776,-50.86
147,90,6.64,-18.038,-52.43
147,90,6.8,-21.1,-54.6
147,90,6.96,-22.442,-56.77
147,90,7.12,-27.156,-61.75
147,90,7.28,-32.422,-66.8
147,90,7.44,-19.906,-54.24
147,90,7.6,-19.26,-52.66
147,90,7.76,-20.548,-55.77
147,90,7.92,-20.302,-54.93
147,90,8.08,-18.386,-53.19
147,90,8.24,-21.812,-56.92
147,90,8.4,-25.22,-60.6
147,90,8.56,-25.302,-61.58
147,90,8.72,-22.428,-59.73
147,90,8.88,-25.338,-62.48
147,90,9.04,-27.054,-64.84
147,90,9.2,-33.17,-72.03
147,90,9.36,-26.554,-64.62
147,90,9.52,-21.912,-60.29
147,90,9.68,-24.87,-63.76
147,90,9.84,-28.836,-67.95
147,90,10,-29.7,-68.77
147,90,10.16,-35.638,-75.28
147,90,10.32,-27.922,-67.55
147,90,10.48,-26.298,-65.83
147,90,10.64,-25.418,-65.43
147,90,10.8,-28.77,-69.04
147,90,10.96,-31.696,-71.68
147,90,11.12,-31.186,-71.43
147,90,11.28,-41.646,-82.09
147,90,11.44,-31.902,-72.65
147,90,11.6,-25.38,-66.25
147,90,11.76,-27.144,-68.26
147,90,11.92,-25.284,-66.41
147,90,12.08,-29.08,-71.27
147,90,12.24,-29.224,-71.48
147,90,12.4,-24.23,-66.89
147,90,12.56,-27.08,-71.15
147,90,12.72,-20.984,-65.54
147,90,12.88,-21.576,-66.78
147,90,13.04,-20.938,-67.44
147,90,13.2,-29.25,-76.03
147,90,13.36,-24.424,-70.64
147,90,13.52,-21.862,-67.87
147,90,13.68,-18.85,-65.53
147,90,13.84,-19.448,-66.93
147,90,14,-20.45,-68.3
147,90,14.16,-18.516,-66.74
147,90,14.32,-27.906,-76.86
147,90,14.48,-20.074,-71.9
147,90,14.64,-21.664,-71.12
147,90,14.8,-23.36,-71.37
147,90,14.96,-27.222,-74.35
147,90,15.12,-25.58,-72.01
147,90,15.28,-27.85,-74.4
147,90,15.44,-26.836,-73.15
147,90,15.6,-34.12,-80.75
147,90,15.76,-28.598,-75.79
147,90,15.92,-31.862,-79.04
147,90,16.08,-22.332,-69.79
147,90,16.24,-18.754,-66.88
147,90,16.4,-23.61,-73.42
147,90,16.56,-36.658,-85.59
147,90,16.72,-23.628,-73.11
147,90,16.88,-21.144,-71.61
147,90,17.04,-22.386,-73.64
147,90,17.2,-33.37,-85.8
147,90,17.36,-35.306,-87.95
147,90,17.52,-25.736,-78.27
147,90,17.68,-34.402,-87.48
147,90,17.84,-23.588,-76.5
147,90,18,-32.34,-85.15
148,90,2,-14.85,-36.64
148,90,2.16,-11.398,-34.81
148,90,2.32,-14.496,-40.15
148,90,2.48,-19.894,-47.14
148,90,2.64,-19.988,-48.7
148,90,2.8,-12.5,-39.56
148,90,2.96,-5.77800000000001,-34.09
148,90,3.12,-9.376,-37.61
148,90,3.28,-10.732,-40.75
148,90,3.44,-9.042,-37.69
148,90,3.6,-13.41,-40.86
148,90,3.76,-12.924,-42.41
148,90,3.92,-12.802,-40.35
148,90,4.08,-15.392,-43.06
148,90,4.24,-16.866,-45.89
148,90,4.4,-15.47,-45.28
148,90,4.56,-11.216,-41.03
148,90,4.72,-11.074,-41.06
148,90,4.88,-11,-41.13
148,90,5.04,-12.08,-42.13
148,90,5.2,-14.7,-46.12
148,90,5.36,-22.54,-53.34
148,90,5.52,-15.918,-46.2
148,90,5.68,-15.6,-46.97
148,90,5.84,-18.392,-49.84
148,90,6,-18.14,-49.68
148,90,6.16,-20.04,-52.08
148,90,6.32,-22.558,-56.05
148,90,6.48,-18.106,-52.19
148,90,6.64,-17.638,-52.03
148,90,6.8,-19.94,-53.44
148,90,6.96,-21.492,-55.82
148,90,7.12,-27.076,-61.67
148,90,7.28,-30.792,-65.17
148,90,7.44,-23.226,-57.56
148,90,7.6,-22.8,-56.2
148,90,7.76,-23.138,-58.36
148,90,7.92,-21.082,-55.71
148,90,8.08,-17.876,-52.68
148,90,8.24,-20.482,-55.59
148,90,8.4,-25.07,-60.45
148,90,8.56,-31.182,-67.46
148,90,8.72,-21.798,-59.1
148,90,8.88,-22.278,-59.42
148,90,9.04,-22.204,-59.99
148,90,9.2,-36.25,-75.11
148,90,9.36,-28.914,-66.98
148,90,9.52,-22.532,-60.91
148,90,9.68,-24.15,-63.04
148,90,9.84,-21.106,-60.22
148,90,10,-26.83,-65.9
148,90,10.16,-39.938,-79.58
148,90,10.32,-35.092,-74.72
148,90,10.48,-23.218,-62.75
148,90,10.64,-23.838,-63.85
148,90,10.8,-24.79,-65.06
148,90,10.96,-28.486,-68.47
148,90,11.12,-30.066,-70.31
148,90,11.28,-34.976,-75.42
148,90,11.44,-31.062,-71.81
148,90,11.6,-49.5,-90.37
148,90,11.76,-24.694,-65.81
148,90,11.92,-26.854,-67.98
148,90,12.08,-29.6,-71.79
148,90,12.24,-25.524,-67.78
148,90,12.4,-33.15,-75.81
148,90,12.56,-25.38,-69.45
148,90,12.72,-22.744,-67.3
148,90,12.88,-23.216,-68.42
148,90,13.04,-19.538,-66.04
148,90,13.2,-20.05,-66.83
148,90,13.36,-22.504,-68.72
148,90,13.52,-27.332,-73.34
148,90,13.68,-37.32,-84
148,90,13.84,-23.558,-71.04
148,90,14,-21.15,-69
148,90,14.16,-19.056,-67.28
148,90,14.32,-19.106,-68.06
148,90,14.48,-18.984,-70.81
148,90,14.64,-21.834,-71.29
148,90,14.8,-25.55,-73.56
148,90,14.96,-28.242,-75.37
148,90,15.12,-26.13,-72.56
148,90,15.28,-31.85,-78.4
148,90,15.44,-19.356,-65.67
148,90,15.6,-23.39,-70.02
148,90,15.76,-27.428,-74.62
148,90,15.92,-24.012,-71.19
148,90,16.08,-23.152,-70.61
148,90,16.24,-26.174,-74.3
148,90,16.4,-23.15,-72.96
148,90,16.56,-25.458,-74.39
148,90,16.72,-20.788,-70.27
148,90,16.88,-22.214,-72.68
148,90,17.04,-22.786,-74.04
148,90,17.2,-23.15,-75.58
148,90,17.36,-24.756,-77.4
148,90,17.52,-22.316,-74.85
148,90,17.68,-24.182,-77.26
148,90,17.84,-30.338,-83.25
148,90,18,-25.24,-78.05
149,90,2,-14.59,-36.38
149,90,2.16,-11.408,-34.82
149,90,2.32,-14.366,-40.02
149,90,2.48,-20.124,-47.37
149,90,2.64,-20.488,-49.2
149,90,2.8,-12.14,-39.2
149,90,2.96,-5.288,-33.6
149,90,3.12,-8.766,-37
149,90,3.28,-9.892,-39.91
149,90,3.44,-8.852,-37.5
149,90,3.6,-14.38,-41.83
149,90,3.76,-13.424,-42.91
149,90,3.92,-12.312,-39.86
149,90,4.08,-13.872,-41.54
149,90,4.24,-14.796,-43.82
149,90,4.4,-15.52,-45.33
149,90,4.56,-11.856,-41.67
149,90,4.72,-11.344,-41.33
149,90,4.88,-10.29,-40.42
149,90,5.04,-10.14,-40.19
149,90,5.2,-11.83,-43.25
149,90,5.36,-17.9,-48.7
149,90,5.52,-18.648,-48.93
149,90,5.68,-15.29,-46.66
149,90,5.84,-17.412,-48.86
149,90,6,-15.85,-47.39
149,90,6.16,-15.34,-47.38
149,90,6.32,-20.398,-53.89
149,90,6.48,-20.986,-55.07
149,90,6.64,-18.058,-52.45
149,90,6.8,-19.2,-52.7
149,90,6.96,-20.652,-54.98
149,90,7.12,-20.026,-54.62
149,90,7.28,-26.702,-61.08
149,90,7.44,-25.026,-59.36
149,90,7.6,-25.07,-58.47
149,90,7.76,-23.788,-59.01
149,90,7.92,-22.542,-57.17
149,90,8.08,-19.266,-54.07
149,90,8.24,-19.792,-54.9
149,90,8.4,-21.52,-56.9
149,90,8.56,-35.302,-71.58
149,90,8.72,-24.978,-62.28
149,90,8.88,-20.758,-57.9
149,90,9.04,-21.714,-59.5
149,90,9.2,-28.77,-67.63
149,90,9.36,-37.584,-75.65
149,90,9.52,-24.202,-62.58
149,90,9.68,-22.3,-61.19
149,90,9.84,-18.946,-58.06
149,90,10,-20.99,-60.06
149,90,10.16,-25.888,-65.53
149,90,10.32,-41.422,-81.05
149,90,10.48,-25.738,-65.27
149,90,10.64,-30.768,-70.78
149,90,10.8,-24.43,-64.7
149,90,10.96,-23.846,-63.83
149,90,11.12,-23.606,-63.85
149,90,11.28,-32.356,-72.8
149,90,11.44,-27.422,-68.17
149,90,11.6,-35.03,-75.9
149,90,11.76,-22.534,-63.65
149,90,11.92,-22.844,-63.97
149,90,12.08,-22.73,-64.92
149,90,12.24,-23.174,-65.43
149,90,12.4,-23.32,-65.98
149,90,12.56,-30.55,-74.62
149,90,12.72,-25.824,-70.38
149,90,12.88,-29.796,-75
149,90,13.04,-39.828,-86.33
149,90,13.2,-32.45,-79.23
149,90,13.36,-23.074,-69.29
149,90,13.52,-30.302,-76.31
149,90,13.68,-40.86,-87.54
149,90,13.84,-23.588,-71.07
149,90,14,-30.62,-78.47
149,90,14.16,-40.966,-89.19
149,90,14.32,-26.606,-75.56
149,90,14.48,-17.584,-69.41
149,90,14.64,-24.844,-74.3
149,90,14.8,-25.22,-73.23
149,90,14.96,-22.832,-69.96
149,90,15.12,-26.29,-72.72
149,90,15.28,-25.14,-71.69
149,90,15.44,-26.296,-72.61
149,90,15.6,-27.53,-74.16
149,90,15.76,-18.938,-66.13
149,90,15.92,-27.572,-74.75
149,90,16.08,-18.732,-66.19
149,90,16.24,-34.674,-82.8
149,90,16.4,-27.19,-77
149,90,16.56,-24.198,-73.13
149,90,16.72,-21.038,-70.52
149,90,16.88,-36.504,-86.97
149,90,17.04,-20.416,-71.67
149,90,17.2,-21.24,-73.67
149,90,17.36,-20.586,-73.23
149,90,17.52,-21.406,-73.94
149,90,17.68,-21.422,-74.5
149,90,17.84,-20.018,-72.93
149,90,18,-26.98,-79.79
150,90,2,-14.23,-36.02
150,90,2.16,-11.398,-34.81
150,90,2.32,-14.876,-40.53
150,90,2.48,-19.844,-47.09
150,90,2.64,-20.768,-49.48
150,90,2.8,-11.85,-38.91
150,90,2.96,-4.88800000000001,-33.2
150,90,3.12,-7.966,-36.2
150,90,3.28,-9.162,-39.18
150,90,3.44,-8.182,-36.83
150,90,3.6,-14.88,-42.33
150,90,3.76,-14.264,-43.75
150,90,3.92,-12.602,-40.15
150,90,4.08,-12.802,-40.47
150,90,4.24,-13.026,-42.05
150,90,4.4,-14.3,-44.11
150,90,4.56,-12.226,-42.04
150,90,4.72,-11.874,-41.86
150,90,4.88,-10.07,-40.2
150,90,5.04,-8.83,-38.88
150,90,5.2,-10.03,-41.45
150,90,5.36,-12.93,-43.73
150,90,5.52,-19.868,-50.15
150,90,5.68,-17.46,-48.83
150,90,5.84,-17.432,-48.88
150,90,6,-15.52,-47.06
150,90,6.16,-13.15,-45.19
150,90,6.32,-15.118,-48.61
150,90,6.48,-22.156,-56.24
150,90,6.64,-20.248,-54.64
150,90,6.8,-19.95,-53.45
150,90,6.96,-19.902,-54.23
150,90,7.12,-17.956,-52.55
150,90,7.28,-22.342,-56.72
150,90,7.44,-27.656,-61.99
150,90,7.6,-29.72,-63.12
150,90,7.76,-27.608,-62.83
150,90,7.92,-24.802,-59.43
150,90,8.08,-25.466,-60.27
150,90,8.24,-20.092,-55.2
150,90,8.4,-22.92,-58.3
150,90,8.56,-29.882,-66.16
150,90,8.72,-31.858,-69.16
150,90,8.88,-25.228,-62.37
150,90,9.04,-26.274,-64.06
150,90,9.2,-25.01,-63.87
150,90,9.36,-28.634,-66.7
150,90,9.52,-24.682,-63.06
150,90,9.68,-25.15,-64.04
150,90,9.84,-23.316,-62.43
150,90,10,-22.18,-61.25
150,90,10.16,-20.348,-59.99
150,90,10.32,-27.472,-67.1
150,90,10.48,-23.808,-63.34
150,90,10.64,-29.468,-69.48
150,90,10.8,-26.71,-66.98
150,90,10.96,-21.156,-61.14
150,90,11.12,-20.376,-60.62
150,90,11.28,-24.126,-64.57
150,90,11.44,-26.312,-67.06
150,90,11.6,-43.35,-84.22
150,90,11.76,-30.134,-71.25
150,90,11.92,-26.364,-67.49
150,90,12.08,-30.33,-72.52
150,90,12.24,-29.924,-72.18
150,90,12.4,-29.35,-72.01
150,90,12.56,-41.37,-85.44
150,90,12.72,-26.434,-70.99
150,90,12.88,-23.066,-68.27
150,90,13.04,-28.458,-74.96
150,90,13.2,-32.89,-79.67
150,90,13.36,-34.094,-80.31
150,90,13.52,-28.012,-74.02
150,90,13.68,-24.46,-71.14
150,90,13.84,-26.458,-73.94
150,90,14,-20.5,-68.35
150,90,14.16,-25.226,-73.45
150,90,14.32,-22.526,-71.48
150,90,14.48,-19.544,-71.37
150,90,14.64,-18.424,-67.88
150,90,14.8,-19.46,-67.47
150,90,14.96,-44.242,-91.37
150,90,15.12,-30.47,-76.9
150,90,15.28,-28.6,-75.15
150,90,15.44,-25.016,-71.33
150,90,15.6,-28.86,-75.49
150,90,15.76,-25.098,-72.29
150,90,15.92,-26.712,-73.89
150,90,16.08,-22.812,-70.27
150,90,16.24,-23.354,-71.48
150,90,16.4,-21.34,-71.15
150,90,16.56,-23.308,-72.24
150,90,16.72,-28.938,-78.42
150,90,16.88,-28.864,-79.33
150,90,17.04,-32.876,-84.13
150,90,17.2,-23.12,-75.55
150,90,17.36,-22.986,-75.63
150,90,17.52,-18.806,-71.34
150,90,17.68,-20.362,-73.44
150,90,17.84,-25.848,-78.76
150,90,18,-20.12,-72.93
151,90,2,-13.91,-35.7
151,90,2.16,-11.558,-34.97
151,90,2.32,-15.036,-40.69
151,90,2.48,-19.264,-46.51
151,90,2.64,-20.428,-49.14
151,90,2.8,-11.72,-38.78
151,90,2.96,-4.788,-33.1
151,90,3.12,-7.576,-35.81
151,90,3.28,-8.332,-38.35
151,90,3.44,-7.362,-36.01
151,90,3.6,-14.78,-42.23
151,90,3.76,-15.414,-44.9
151,90,3.92,-13.272,-40.82
151,90,4.08,-12.642,-40.31
151,90,4.24,-12.076,-41.1
151,90,4.4,-12.39,-42.2
151,90,4.56,-12.456,-42.27
151,90,4.72,-13.114,-43.1
151,90,4.88,-10.95,-41.08
151,90,5.04,-8.41999999999999,-38.47
151,90,5.2,-9.21,-40.63
151,90,5.36,-10.3,-41.1
151,90,5.52,-15.888,-46.17
151,90,5.68,-19.23,-50.6
151,90,5.84,-17.452,-48.9
151,90,6,-16.97,-48.51
151,90,6.16,-12.68,-44.72
151,90,6.32,-12.488,-45.98
151,90,6.48,-17.196,-51.28
151,90,6.64,-19.548,-53.94
151,90,6.8,-22.82,-56.32
151,90,6.96,-22.432,-56.76
151,90,7.12,-18.206,-52.8
151,90,7.28,-19.602,-53.98
151,90,7.44,-46.846,-81.18
151,90,7.6,-33.73,-67.13
151,90,7.76,-30.218,-65.44
151,90,7.92,-32.782,-67.41
151,90,8.08,-41.406,-76.21
151,90,8.24,-25.422,-60.53
151,90,8.4,-25.65,-61.03
151,90,8.56,-34.792,-71.07
151,90,8.72,-37.158,-74.46
151,90,8.88,-30.158,-67.3
151,90,9.04,-36.644,-74.43
151,90,9.2,-29.76,-68.62
151,90,9.36,-23.934,-62
151,90,9.52,-23.512,-61.89
151,90,9.68,-23.41,-62.3
151,90,9.84,-30.866,-69.98
151,90,10,-28.29,-67.36
151,90,10.16,-19.448,-59.09
151,90,10.32,-20.452,-60.08
151,90,10.48,-18.778,-58.31
151,90,10.64,-25.658,-65.67
151,90,10.8,-27.13,-67.4
151,90,10.96,-25.606,-65.59
151,90,11.12,-22.416,-62.66
151,90,11.28,-23.616,-64.06
151,90,11.44,-21.642,-62.39
151,90,11.6,-23.2,-64.07
151,90,11.76,-29.134,-70.25
151,90,11.92,-30.184,-71.31
151,90,12.08,-39.43,-81.62
151,90,12.24,-22.654,-64.91
151,90,12.4,-20.25,-62.91
151,90,12.56,-18.57,-62.64
151,90,12.72,-25.954,-70.51
151,90,12.88,-23.716,-68.92
151,90,13.04,-28.788,-75.29
151,90,13.2,-25.85,-72.63
151,90,13.36,-22.454,-68.67
151,90,13.52,-22.402,-68.41
151,90,13.68,-26.67,-73.35
151,90,13.84,-36.498,-83.98
151,90,14,-27.97,-75.82
151,90,14.16,-24.196,-72.42
151,90,14.32,-31.156,-80.11
151,90,14.48,-43.944,-95.77
151,90,14.64,-31.634,-81.09
151,90,14.8,-23.16,-71.17
151,90,14.96,-31.692,-78.82
151,90,15.12,-27.8,-74.23
151,90,15.28,-32.54,-79.09
151,90,15.44,-27.976,-74.29
151,90,15.6,-24.13,-70.76
151,90,15.76,-33.318,-80.51
151,90,15.92,-21.642,-68.82
151,90,16.08,-29.162,-76.62
151,90,16.24,-38.094,-86.22
151,90,16.4,-27.1,-76.91
151,90,16.56,-31.308,-80.24
151,90,16.72,-28.198,-77.68
151,90,16.88,-48.154,-98.62
151,90,17.04,-19.626,-70.88
151,90,17.2,-29.48,-81.91
151,90,17.36,-25.646,-78.29
151,90,17.52,-25.016,-77.55
151,90,17.68,-21.832,-74.91
151,90,17.84,-19.668,-72.58
151,90,18,-22.4,-75.21
152,90,2,-13.65,-35.44
152,90,2.16,-11.568,-34.98
152,90,2.32,-15.596,-41.25
152,90,2.48,-18.794,-46.04
152,90,2.64,-20.718,-49.43
152,90,2.8,-11.76,-38.82
152,90,2.96,-4.988,-33.3
152,90,3.12,-7.256,-35.49
152,90,3.28,-7.50200000000001,-37.52
152,90,3.44,-6.782,-35.43
152,90,3.6,-14.04,-41.49
152,90,3.76,-16.644,-46.13
152,90,3.92,-14.782,-42.33
152,90,4.08,-12.402,-40.07
152,90,4.24,-11.446,-40.47
152,90,4.4,-11.01,-40.82
152,90,4.56,-11.346,-41.16
152,90,4.72,-14.004,-43.99
152,90,4.88,-11.91,-42.04
152,90,5.04,-8.85999999999999,-38.91
152,90,5.2,-9.29,-40.71
152,90,5.36,-8.52,-39.32
152,90,5.52,-12.718,-43
152,90,5.68,-16.71,-48.08
152,90,5.84,-16.302,-47.75
152,90,6,-18.98,-50.52
152,90,6.16,-14.52,-46.56
152,90,6.32,-11.768,-45.26
152,90,6.48,-15.046,-49.13
152,90,6.64,-15.958,-50.35
152,90,6.8,-22.33,-55.83
152,90,6.96,-24.252,-58.58
152,90,7.12,-17.196,-51.79
152,90,7.28,-16.572,-50.95
152,90,7.44,-27.466,-61.8
152,90,7.6,-26.93,-60.33
152,90,7.76,-23.768,-58.99
152,90,7.92,-29.752,-64.38
152,90,8.08,-29.836,-64.64
152,90,8.24,-35.052,-70.16
152,90,8.4,-45.27,-80.65
152,90,8.56,-34.542,-70.82
152,90,8.72,-30.998,-68.3
152,90,8.88,-48.008,-85.15
152,90,9.04,-30.234,-68.02
152,90,9.2,-30.47,-69.33
152,90,9.36,-21.974,-60.04
152,90,9.52,-19.762,-58.14
152,90,9.68,-23.01,-61.9
152,90,9.84,-24.756,-63.87
152,90,10,-26.63,-65.7
152,90,10.16,-21.048,-60.69
152,90,10.32,-20.372,-60
152,90,10.48,-19.858,-59.39
152,90,10.64,-25.938,-65.95
152,90,10.8,-25.6,-65.87
152,90,10.96,-36.216,-76.2
152,90,11.12,-25.086,-65.33
152,90,11.28,-23.986,-64.43
152,90,11.44,-21.032,-61.78
152,90,11.6,-23.5,-64.37
152,90,11.76,-22.984,-64.1
152,90,11.92,-23.914,-65.04
152,90,12.08,-28.31,-70.5
152,90,12.24,-36.404,-78.66
152,90,12.4,-20.12,-62.78
152,90,12.56,-19.68,-63.75
152,90,12.72,-16.874,-61.43
152,90,12.88,-20.556,-65.76
152,90,13.04,-23.898,-70.4
152,90,13.2,-19.62,-66.4
152,90,13.36,-27.614,-73.83
152,90,13.52,-25.172,-71.18
152,90,13.68,-25.78,-72.46
152,90,13.84,-25.158,-72.64
152,90,14,-21.77,-69.62
152,90,14.16,-32.626,-80.85
152,90,14.32,-22.036,-70.99
152,90,14.48,-31.294,-83.12
152,90,14.64,-27.084,-76.54
152,90,14.8,-26.19,-74.2
152,90,14.96,-32.472,-79.6
152,90,15.12,-34.36,-80.79
152,90,15.28,-26.76,-73.31
152,90,15.44,-32.676,-78.99
152,90,15.6,-30.55,-77.18
152,90,15.76,-25.148,-72.34
152,90,15.92,-35.652,-82.83
152,90,16.08,-33.972,-81.43
152,90,16.24,-33.834,-81.96
152,90,16.4,-28.63,-78.44
152,90,16.56,-31.938,-80.87
152,90,16.72,-25.118,-74.6
152,90,16.88,-25.394,-75.86
152,90,17.04,-21.486,-72.74
152,90,17.2,-26.99,-79.42
152,90,17.36,-24.786,-77.43
152,90,17.52,-20.636,-73.17
152,90,17.68,-25.082,-78.16
152,90,17.84,-35.018,-87.93
152,90,18,-23.46,-76.27
153,90,2,-13.62,-35.41
153,90,2.16,-11.648,-35.06
153,90,2.32,-16.046,-41.7
153,90,2.48,-18.584,-45.83
153,90,2.64,-19.638,-48.35
153,90,2.8,-12.06,-39.12
153,90,2.96,-5.468,-33.78
153,90,3.12,-7.056,-35.29
153,90,3.28,-6.942,-36.96
153,90,3.44,-6.092,-34.74
153,90,3.6,-13.13,-40.58
153,90,3.76,-17.204,-46.69
153,90,3.92,-16.412,-43.96
153,90,4.08,-13.112,-40.78
153,90,4.24,-11.426,-40.45
153,90,4.4,-9.74,-39.55
153,90,4.56,-9.916,-39.73
153,90,4.72,-13.084,-43.07
153,90,4.88,-12.82,-42.95
153,90,5.04,-9.88999999999999,-39.94
153,90,5.2,-10.11,-41.53
153,90,5.36,-8.13,-38.93
153,90,5.52,-11.238,-41.52
153,90,5.68,-13.17,-44.54
153,90,5.84,-13.872,-45.32
153,90,6,-19.45,-50.99
153,90,6.16,-17.63,-49.67
153,90,6.32,-12.778,-46.27
153,90,6.48,-13.426,-47.51
153,90,6.64,-14.138,-48.53
153,90,6.8,-19.11,-52.61
153,90,6.96,-21.962,-56.29
153,90,7.12,-17.616,-52.21
153,90,7.28,-15.952,-50.33
153,90,7.44,-21.796,-56.13
153,90,7.6,-22.88,-56.28
153,90,7.76,-23.048,-58.27
153,90,7.92,-24.722,-59.35
153,90,8.08,-26.356,-61.16
153,90,8.24,-27.592,-62.7
153,90,8.4,-32.11,-67.49
153,90,8.56,-37.462,-73.74
153,90,8.72,-29.368,-66.67
153,90,8.88,-31.968,-69.11
153,90,9.04,-27.334,-65.12
153,90,9.2,-26.02,-64.88
153,90,9.36,-24.464,-62.53
153,90,9.52,-21.022,-59.4
153,90,9.68,-24.71,-63.6
153,90,9.84,-23.526,-62.64
153,90,10,-27,-66.07
153,90,10.16,-21.068,-60.71
153,90,10.32,-21.512,-61.14
153,90,10.48,-23.258,-62.79
153,90,10.64,-28.108,-68.12
153,90,10.8,-24.16,-64.43
153,90,10.96,-25.666,-65.65
153,90,11.12,-22.516,-62.76
153,90,11.28,-24.846,-65.29
153,90,11.44,-22.952,-63.7
153,90,11.6,-24.08,-64.95
153,90,11.76,-20.414,-61.53
153,90,11.92,-20.024,-61.15
153,90,12.08,-19.36,-61.55
153,90,12.24,-19.194,-61.45
153,90,12.4,-23.39,-66.05
153,90,12.56,-21.41,-65.48
153,90,12.72,-20.424,-64.98
153,90,12.88,-23.926,-69.13
153,90,13.04,-19.398,-65.9
153,90,13.2,-23.3,-70.08
153,90,13.36,-20.604,-66.82
153,90,13.52,-21.742,-67.75
153,90,13.68,-23.9,-70.58
153,90,13.84,-21.368,-68.85
153,90,14,-21.98,-69.83
153,90,14.16,-19.826,-68.05
153,90,14.32,-23.586,-72.54
153,90,14.48,-28.414,-80.24
153,90,14.64,-24.054,-73.51
153,90,14.8,-26.27,-74.28
153,90,14.96,-25.612,-72.74
153,90,15.12,-32.03,-78.46
153,90,15.28,-25.78,-72.33
153,90,15.44,-27.696,-74.01
153,90,15.6,-41.08,-87.71
153,90,15.76,-30.118,-77.31
153,90,15.92,-29.242,-76.42
153,90,16.08,-24.542,-72
153,90,16.24,-32.634,-80.76
153,90,16.4,-24.78,-74.59
153,90,16.56,-34.488,-83.42
153,90,16.72,-31.758,-81.24
153,90,16.88,-22.604,-73.07
153,90,17.04,-30.416,-81.67
153,90,17.2,-17.47,-69.9
153,90,17.36,-24.816,-77.46
153,90,17.52,-28.216,-80.75
153,90,17.68,-28.422,-81.5
153,90,17.84,-18.828,-71.74
153,90,18,-27.15,-79.96
154,90,2,-13.67,-35.46
154,90,2.16,-11.658,-35.07
154,90,2.32,-16.816,-42.47
154,90,2.48,-18.034,-45.28
154,90,2.64,-19.648,-48.36
154,90,2.8,-12.49,-39.55
154,90,2.96,-6.158,-34.47
154,90,3.12,-7.146,-35.38
154,90,3.28,-6.61200000000001,-36.63
154,90,3.44,-5.712,-34.36
154,90,3.6,-11.91,-39.36
154,90,3.76,-15.274,-44.76
154,90,3.92,-17.362,-44.91
154,90,4.08,-14.562,-42.23
154,90,4.24,-11.566,-40.59
154,90,4.4,-9.47,-39.28
154,90,4.56,-8.936,-38.75
154,90,4.72,-11.844,-41.83
154,90,4.88,-13.11,-43.24
154,90,5.04,-10.92,-40.97
154,90,5.2,-10.94,-42.36
154,90,5.36,-8.73,-39.53
154,90,5.52,-10.728,-41.01
154,90,5.68,-10.84,-42.21
154,90,5.84,-11.922,-43.37
154,90,6,-16.47,-48.01
154,90,6.16,-19.23,-51.27
154,90,6.32,-14.158,-47.65
154,90,6.48,-13.346,-47.43
154,90,6.64,-13.328,-47.72
154,90,6.8,-16.2,-49.7
154,90,6.96,-18.772,-53.1
154,90,7.12,-17.056,-51.65
154,90,7.28,-15.992,-50.37
154,90,7.44,-17.976,-52.31
154,90,7.6,-20.31,-53.71
154,90,7.76,-22.838,-58.06
154,90,7.92,-21.932,-56.56
154,90,8.08,-27.066,-61.87
154,90,8.24,-22.852,-57.96
154,90,8.4,-29.47,-64.85
154,90,8.56,-36.652,-72.93
154,90,8.72,-32.338,-69.64
154,90,8.88,-26.878,-64.02
154,90,9.04,-24.504,-62.29
154,90,9.2,-28.66,-67.52
154,90,9.36,-26.884,-64.95
154,90,9.52,-32.252,-70.63
154,90,9.68,-36.57,-75.46
154,90,9.84,-34.766,-73.88
154,90,10,-28.13,-67.2
154,90,10.16,-22.918,-62.56
154,90,10.32,-21.162,-60.79
154,90,10.48,-29.028,-68.56
154,90,10.64,-38.508,-78.52
154,90,10.8,-26.21,-66.48
154,90,10.96,-28.346,-68.33
154,90,11.12,-22.496,-62.74
154,90,11.28,-27.336,-67.78
154,90,11.44,-21.942,-62.69
154,90,11.6,-29.51,-70.38
154,90,11.76,-23.374,-64.49
154,90,11.92,-23.974,-65.1
154,90,12.08,-22.77,-64.96
154,90,12.24,-21.134,-63.39
154,90,12.4,-20.14,-62.8
154,90,12.56,-24.07,-68.14
154,90,12.72,-27.424,-71.98
154,90,12.88,-26.656,-71.86
154,90,13.04,-20.068,-66.57
154,90,13.2,-19.77,-66.55
154,90,13.36,-26.244,-72.46
154,90,13.52,-30.632,-76.64
154,90,13.68,-25.76,-72.44
154,90,13.84,-21.468,-68.95
154,90,14,-23.18,-71.03
154,90,14.16,-16.086,-64.31
154,90,14.32,-19.966,-68.92
154,90,14.48,-29.724,-81.55
154,90,14.64,-18.834,-68.29
154,90,14.8,-23.23,-71.24
154,90,14.96,-24.172,-71.3
154,90,15.12,-22.96,-69.39
154,90,15.28,-25.76,-72.31
154,90,15.44,-22.976,-69.29
154,90,15.6,-33.99,-80.62
154,90,15.76,-22.268,-69.46
154,90,15.92,-25.742,-72.92
154,90,16.08,-28.332,-75.79
154,90,16.24,-23.204,-71.33
154,90,16.4,-22.66,-72.47
154,90,16.56,-22.608,-71.54
154,90,16.72,-27.728,-77.21
154,90,16.88,-21.424,-71.89
154,90,17.04,-21.136,-72.39
154,90,17.2,-19.46,-71.89
154,90,17.36,-23.316,-75.96
154,90,17.52,-25.916,-78.45
154,90,17.68,-24.012,-77.09
154,90,17.84,-19.498,-72.41
154,90,18,-16.7,-69.51
155,90,2,-13.63,-35.42
155,90,2.16,-11.858,-35.27
155,90,2.32,-17.236,-42.89
155,90,2.48,-17.764,-45.01
155,90,2.64,-18.598,-47.31
155,90,2.8,-12.81,-39.87
155,90,2.96,-7.008,-35.32
155,90,3.12,-7.496,-35.73
155,90,3.28,-6.522,-36.54
155,90,3.44,-5.432,-34.08
155,90,3.6,-11.24,-38.69
155,90,3.76,-13.544,-43.03
155,90,3.92,-16.872,-44.42
155,90,4.08,-16.592,-44.26
155,90,4.24,-12.336,-41.36
155,90,4.4,-9.85,-39.66
155,90,4.56,-8.696,-38.51
155,90,4.72,-10.924,-40.91
155,90,4.88,-12.14,-42.27
155,90,5.04,-11.3,-41.35
155,90,5.2,-12.02,-43.44
155,90,5.36,-9.94,-40.74
155,90,5.52,-10.938,-41.22
155,90,5.68,-10.08,-41.45
155,90,5.84,-11.222,-42.67
155,90,6,-14.61,-46.15
155,90,6.16,-17.1,-49.14
155,90,6.32,-16.018,-49.51
155,90,6.48,-13.976,-48.06
155,90,6.64,-13.318,-47.71
155,90,6.8,-14.64,-48.14
155,90,6.96,-15.092,-49.42
155,90,7.12,-15.326,-49.92
155,90,7.28,-15.882,-50.26
155,90,7.44,-16.726,-51.06
155,90,7.6,-18.26,-51.66
155,90,7.76,-22.148,-57.37
155,90,7.92,-22.262,-56.89
155,90,8.08,-28.296,-63.1
155,90,8.24,-20.482,-55.59
155,90,8.4,-24.36,-59.74
155,90,8.56,-22.722,-59
155,90,8.72,-30.848,-68.15
155,90,8.88,-34.608,-71.75
155,90,9.04,-26.804,-64.59
155,90,9.2,-29.92,-68.78
155,90,9.36,-30.994,-69.06
155,90,9.52,-26.892,-65.27
155,90,9.68,-28.26,-67.15
155,90,9.84,-23.446,-62.56
155,90,10,-23.89,-62.96
155,90,10.16,-22.698,-62.34
155,90,10.32,-24.662,-64.29
155,90,10.48,-51.418,-90.95
155,90,10.64,-30.418,-70.43
155,90,10.8,-38.72,-78.99
155,90,10.96,-39.856,-79.84
155,90,11.12,-25.906,-66.15
155,90,11.28,-24.136,-64.58
155,90,11.44,-21.272,-62.02
155,90,11.6,-23.9,-64.77
155,90,11.76,-34.124,-75.24
155,90,11.92,-34.464,-75.59
155,90,12.08,-22.98,-65.17
155,90,12.24,-22.724,-64.98
155,90,12.4,-17.76,-60.42
155,90,12.56,-24.51,-68.58
155,90,12.72,-26.644,-71.2
155,90,12.88,-20.446,-65.65
155,90,13.04,-26.118,-72.62
155,90,13.2,-22.74,-69.52
155,90,13.36,-21.404,-67.62
155,90,13.52,-20.202,-66.21
155,90,13.68,-19.37,-66.05
155,90,13.84,-18.608,-66.09
155,90,14,-23.6,-71.45
155,90,14.16,-20.756,-68.98
155,90,14.32,-21.676,-70.63
155,90,14.48,-21.434,-73.26
155,90,14.64,-21.704,-71.16
155,90,14.8,-19.7,-67.71
155,90,14.96,-18.272,-65.4
155,90,15.12,-20.9,-67.33
155,90,15.28,-28.68,-75.23
155,90,15.44,-19.846,-66.16
155,90,15.6,-31.04,-77.67
155,90,15.76,-31.308,-78.5
155,90,15.92,-18.252,-65.43
155,90,16.08,-25.592,-73.05
155,90,16.24,-22.804,-70.93
155,90,16.4,-24.71,-74.52
155,90,16.56,-33.478,-82.41
155,90,16.72,-22.518,-72
155,90,16.88,-20.564,-71.03
155,90,17.04,-21.936,-73.19
155,90,17.2,-31.14,-83.57
155,90,17.36,-22.766,-75.41
155,90,17.52,-19.056,-71.59
155,90,17.68,-23.672,-76.75
155,90,17.84,-17.748,-70.66
155,90,18,-21.79,-74.6
156,90,2,-13.8,-35.59
156,90,2.16,-12.138,-35.55
156,90,2.32,-17.846,-43.5
156,90,2.48,-17.404,-44.65
156,90,2.64,-17.488,-46.2
156,90,2.8,-13.23,-40.29
156,90,2.96,-7.718,-36.03
156,90,3.12,-7.686,-35.92
156,90,3.28,-6.702,-36.72
156,90,3.44,-5.672,-34.32
156,90,3.6,-10.73,-38.18
156,90,3.76,-12.314,-41.8
156,90,3.92,-14.762,-42.31
156,90,4.08,-19.462,-47.13
156,90,4.24,-13.646,-42.67
156,90,4.4,-10.86,-40.67
156,90,4.56,-8.876,-38.69
156,90,4.72,-10.394,-40.38
156,90,4.88,-11,-41.13
156,90,5.04,-10.81,-40.86
156,90,5.2,-12.07,-43.49
156,90,5.36,-11.79,-42.59
156,90,5.52,-11.958,-42.24
156,90,5.68,-10.31,-41.68
156,90,5.84,-10.962,-42.41
156,90,6,-13.23,-44.77
156,90,6.16,-14.57,-46.61
156,90,6.32,-14.918,-48.41
156,90,6.48,-13.986,-48.07
156,90,6.64,-14.128,-48.52
156,90,6.8,-15.05,-48.55
156,90,6.96,-14.382,-48.71
156,90,7.12,-13.756,-48.35
156,90,7.28,-14.892,-49.27
156,90,7.44,-16.016,-50.35
156,90,7.6,-17.29,-50.69
156,90,7.76,-19.068,-54.29
156,90,7.92,-20.442,-55.07
156,90,8.08,-26.116,-60.92
156,90,8.24,-19.672,-54.78
156,90,8.4,-22.34,-57.72
156,90,8.56,-19.202,-55.48
156,90,8.72,-25.308,-62.61
156,90,8.88,-27.268,-64.41
156,90,9.04,-25.334,-63.12
156,90,9.2,-28.13,-66.99
156,90,9.36,-24.434,-62.5
156,90,9.52,-22.572,-60.95
156,90,9.68,-24.28,-63.17
156,90,9.84,-19.756,-58.87
156,90,10,-21.4,-60.47
156,90,10.16,-26.518,-66.16
156,90,10.32,-30.102,-69.73
156,90,10.48,-28.988,-68.52
156,90,10.64,-46.488,-86.5
156,90,10.8,-26.69,-66.96
156,90,10.96,-27.616,-67.6
156,90,11.12,-27.796,-68.04
156,90,11.28,-27.106,-67.55
156,90,11.44,-22.682,-63.43
156,90,11.6,-22.95,-63.82
156,90,11.76,-38.174,-79.29
156,90,11.92,-29.174,-70.3
156,90,12.08,-23.34,-65.53
156,90,12.24,-26.344,-68.6
156,90,12.4,-21.15,-63.81
156,90,12.56,-22.35,-66.42
156,90,12.72,-21.774,-66.33
156,90,12.88,-22.316,-67.52
156,90,13.04,-24.708,-71.21
156,90,13.2,-28.54,-75.32
156,90,13.36,-21.564,-67.78
156,90,13.52,-24.322,-70.33
156,90,13.68,-21.68,-68.36
156,90,13.84,-21.898,-69.38
156,90,14,-18.1,-65.95
156,90,14.16,-27.716,-75.94
156,90,14.32,-22.606,-71.56
156,90,14.48,-35.204,-87.03
156,90,14.64,-20.834,-70.29
156,90,14.8,-18.58,-66.59
156,90,14.96,-26.612,-73.74
156,90,15.12,-20.37,-66.8
156,90,15.28,-20.79,-67.34
156,90,15.44,-20.946,-67.26
156,90,15.6,-20.04,-66.67
156,90,15.76,-26.728,-73.92
156,90,15.92,-22.522,-69.7
156,90,16.08,-25.862,-73.32
156,90,16.24,-22.044,-70.17
156,90,16.4,-22.88,-72.69
156,90,16.56,-24.138,-73.07
156,90,16.72,-21.948,-71.43
156,90,16.88,-21.984,-72.45
156,90,17.04,-25.426,-76.68
156,90,17.2,-19.06,-71.49
156,90,17.36,-19.516,-72.16
156,90,17.52,-12.566,-65.1
156,90,17.68,-18.092,-71.17
156,90,17.84,-21.048,-73.96
156,90,18,-20.9,-73.71
157,90,2,-13.71,-35.5
157,90,2.16,-12.358,-35.77
157,90,2.32,-18.866,-44.52
157,90,2.48,-17.084,-44.33
157,90,2.64,-17.058,-45.77
157,90,2.8,-12.97,-40.03
157,90,2.96,-8.588,-36.9
157,90,3.12,-8.296,-36.53
157,90,3.28,-6.962,-36.98
157,90,3.44,-6.012,-34.66
157,90,3.6,-10.59,-38.04
157,90,3.76,-11.514,-41
157,90,3.92,-13.022,-40.57
157,90,4.08,-19.802,-47.47
157,90,4.24,-15.156,-44.18
157,90,4.4,-12.21,-42.02
157,90,4.56,-9.576,-39.39
157,90,4.72,-10.924,-40.91
157,90,4.88,-10.18,-40.31
157,90,5.04,-9.99999999999999,-40.05
157,90,5.2,-11.03,-42.45
157,90,5.36,-12.76,-43.56
157,90,5.52,-12.848,-43.13
157,90,5.68,-12.03,-43.4
157,90,5.84,-11.782,-43.23
157,90,6,-12.44,-43.98
157,90,6.16,-12.45,-44.49
157,90,6.32,-12.588,-46.08
157,90,6.48,-13.426,-47.51
157,90,6.64,-14.438,-48.83
157,90,6.8,-15.68,-49.18
157,90,6.96,-14.562,-48.89
157,90,7.12,-13.326,-47.92
157,90,7.28,-13.662,-48.04
157,90,7.44,-14.916,-49.25
157,90,7.6,-15.64,-49.04
157,90,7.76,-16.918,-52.14
157,90,7.92,-18.152,-52.78
157,90,8.08,-23.926,-58.73
157,90,8.24,-21.872,-56.98
157,90,8.4,-21.12,-56.5
157,90,8.56,-18.982,-55.26
157,90,8.72,-22.288,-59.59
157,90,8.88,-21.138,-58.28
157,90,9.04,-22.104,-59.89
157,90,9.2,-34.38,-73.24
157,90,9.36,-21.694,-59.76
157,90,9.52,-20.532,-58.91
157,90,9.68,-23.88,-62.77
157,90,9.84,-20.956,-60.07
157,90,10,-26.16,-65.23
157,90,10.16,-37.858,-77.5
157,90,10.32,-35.672,-75.3
157,90,10.48,-27.588,-67.12
157,90,10.64,-39.778,-79.79
157,90,10.8,-26.39,-66.66
157,90,10.96,-26.876,-66.86
157,90,11.12,-27.726,-67.97
157,90,11.28,-26.556,-67
157,90,11.44,-32.872,-73.62
157,90,11.6,-30.39,-71.26
157,90,11.76,-29.944,-71.06
157,90,11.92,-26.684,-67.81
157,90,12.08,-23.89,-66.08
157,90,12.24,-28.294,-70.55
157,90,12.4,-27.07,-69.73
157,90,12.56,-24.99,-69.06
157,90,12.72,-27.434,-71.99
157,90,12.88,-20.336,-65.54
157,90,13.04,-23.498,-70
157,90,13.2,-22.27,-69.05
157,90,13.36,-26.444,-72.66
157,90,13.52,-20.282,-66.29
157,90,13.68,-24.02,-70.7
157,90,13.84,-27.108,-74.59
157,90,14,-26.54,-74.39
157,90,14.16,-16.126,-64.35
157,90,14.32,-19.976,-68.93
157,90,14.48,-24.374,-76.2
157,90,14.64,-19.324,-68.78
157,90,14.8,-23.94,-71.95
157,90,14.96,-19.322,-66.45
157,90,15.12,-18.44,-64.87
157,90,15.28,-26.66,-73.21
157,90,15.44,-24.356,-70.67
157,90,15.6,-20.05,-66.68
157,90,15.76,-22.818,-70.01
157,90,15.92,-28.782,-75.96
157,90,16.08,-24.502,-71.96
157,90,16.24,-18.674,-66.8
157,90,16.4,-25.46,-75.27
157,90,16.56,-18.338,-67.27
157,90,16.72,-21.168,-70.65
157,90,16.88,-19.034,-69.5
157,90,17.04,-24.606,-75.86
157,90,17.2,-14.26,-66.69
157,90,17.36,-23.496,-76.14
157,90,17.52,-18.196,-70.73
157,90,17.68,-21.762,-74.84
157,90,17.84,-17.508,-70.42
157,90,18,-30.6,-83.41
158,90,2,-13.71,-35.5
158,90,2.16,-12.758,-36.17
158,90,2.32,-19.256,-44.91
158,90,2.48,-16.774,-44.02
158,90,2.64,-15.988,-44.7
158,90,2.8,-12.77,-39.83
158,90,2.96,-9.238,-37.55
158,90,3.12,-8.816,-37.05
158,90,3.28,-7.452,-37.47
158,90,3.44,-6.502,-35.15
158,90,3.6,-10.82,-38.27
158,90,3.76,-11.144,-40.63
158,90,3.92,-11.852,-39.4
158,90,4.08,-17.352,-45.02
158,90,4.24,-16.016,-45.04
158,90,4.4,-13.87,-43.68
158,90,4.56,-10.896,-40.71
158,90,4.72,-11.864,-41.85
158,90,4.88,-10.08,-40.21
158,90,5.04,-9.27999999999999,-39.33
158,90,5.2,-9.53,-40.95
158,90,5.36,-12.4,-43.2
158,90,5.52,-13.508,-43.79
158,90,5.68,-14.44,-45.81
158,90,5.84,-13.082,-44.53
158,90,6,-12.59,-44.13
158,90,6.16,-11.77,-43.81
158,90,6.32,-11.038,-44.53
158,90,6.48,-12.346,-46.43
158,90,6.64,-13.908,-48.3
158,90,6.8,-16.42,-49.92
158,90,6.96,-15.922,-50.25
158,90,7.12,-13.386,-47.98
158,90,7.28,-12.922,-47.3
158,90,7.44,-14.116,-48.45
158,90,7.6,-14.1,-47.5
158,90,7.76,-16.058,-51.28
158,90,7.92,-16.812,-51.44
158,90,8.08,-20.916,-55.72
158,90,8.24,-22.412,-57.52
158,90,8.4,-20.63,-56.01
158,90,8.56,-20.692,-56.97
158,90,8.72,-21.578,-58.88
158,90,8.88,-20.898,-58.04
158,90,9.04,-20.684,-58.47
158,90,9.2,-22.7,-61.56
158,90,9.36,-20.104,-58.17
158,90,9.52,-19.312,-57.69
158,90,9.68,-20.16,-59.05
158,90,9.84,-22.956,-62.07
158,90,10,-23.96,-63.03
158,90,10.16,-31.038,-70.68
158,90,10.32,-22.132,-61.76
158,90,10.48,-23.548,-63.08
158,90,10.64,-22.958,-62.97
158,90,10.8,-31.27,-71.54
158,90,10.96,-25.726,-65.71
158,90,11.12,-24.236,-64.48
158,90,11.28,-25.706,-66.15
158,90,11.44,-32.992,-73.74
158,90,11.6,-25.3,-66.17
158,90,11.76,-22.764,-63.88
158,90,11.92,-25.884,-67.01
158,90,12.08,-22.29,-64.48
158,90,12.24,-30.974,-73.23
158,90,12.4,-30.71,-73.37
158,90,12.56,-29.44,-73.51
158,90,12.72,-21.324,-65.88
158,90,12.88,-21.406,-66.61
158,90,13.04,-29.358,-75.86
158,90,13.2,-24.82,-71.6
158,90,13.36,-26.224,-72.44
158,90,13.52,-23.632,-69.64
158,90,13.68,-30.4,-77.08
158,90,13.84,-25.298,-72.78
158,90,14,-21.19,-69.04
158,90,14.16,-18.406,-66.63
158,90,14.32,-21.956,-70.91
158,90,14.48,-33.414,-85.24
158,90,14.64,-20.264,-69.72
158,90,14.8,-24.94,-72.95
158,90,14.96,-20.292,-67.42
158,90,15.12,-20.21,-66.64
158,90,15.28,-19.3,-65.85
158,90,15.44,-21.796,-68.11
158,90,15.6,-25.4,-72.03
158,90,15.76,-27.058,-74.25
158,90,15.92,-23.902,-71.08
158,90,16.08,-18.692,-66.15
158,90,16.24,-17.974,-66.1
158,90,16.4,-16.82,-66.63
158,90,16.56,-18.248,-67.18
158,90,16.72,-20.438,-69.92
158,90,16.88,-15.824,-66.29
158,90,17.04,-18.526,-69.78
158,90,17.2,-19.08,-71.51
158,90,17.36,-14.926,-67.57
158,90,17.52,-16.446,-68.98
158,90,17.68,-23.092,-76.17
158,90,17.84,-18.818,-71.73
158,90,18,-21.37,-74.18
159,90,2,-13.61,-35.4
159,90,2.16,-13.328,-36.74
159,90,2.32,-18.786,-44.44
159,90,2.48,-16.644,-43.89
159,90,2.64,-15.538,-44.25
159,90,2.8,-12.17,-39.23
159,90,2.96,-9.508,-37.82
159,90,3.12,-9.17599999999999,-37.41
159,90,3.28,-7.872,-37.89
159,90,3.44,-7.202,-35.85
159,90,3.6,-11.22,-38.67
159,90,3.76,-11.114,-40.6
159,90,3.92,-11.302,-38.85
159,90,4.08,-14.772,-42.44
159,90,4.24,-15.906,-44.93
159,90,4.4,-14.92,-44.73
159,90,4.56,-12.756,-42.57
159,90,4.72,-13.194,-43.18
159,90,4.88,-10.51,-40.64
159,90,5.04,-9.12,-39.17
159,90,5.2,-8.61,-40.03
159,90,5.36,-10.69,-41.49
159,90,5.52,-12.958,-43.24
159,90,5.68,-15.31,-46.68
159,90,5.84,-14.802,-46.25
159,90,6,-13.1,-44.64
159,90,6.16,-11.8,-43.84
159,90,6.32,-10.058,-43.55
159,90,6.48,-11.076,-45.16
159,90,6.64,-12.848,-47.24
159,90,6.8,-15.78,-49.28
159,90,6.96,-17.082,-51.41
159,90,7.12,-13.886,-48.48
159,90,7.28,-12.402,-46.78
159,90,7.44,-13.326,-47.66
159,90,7.6,-12.94,-46.34
159,90,7.76,-16.378,-51.6
159,90,7.92,-15.252,-49.88
159,90,8.08,-17.736,-52.54
159,90,8.24,-21.592,-56.7
159,90,8.4,-20.89,-56.27
159,90,8.56,-18.882,-55.16
159,90,8.72,-20.688,-57.99
159,90,8.88,-18.278,-55.42
159,90,9.04,-19.524,-57.31
159,90,9.2,-18.24,-57.1
159,90,9.36,-18.504,-56.57
159,90,9.52,-18.742,-57.12
159,90,9.68,-18.48,-57.37
159,90,9.84,-21.246,-60.36
159,90,10,-21.68,-60.75
159,90,10.16,-34.648,-74.29
159,90,10.32,-18.752,-58.38
159,90,10.48,-23.858,-63.39
159,90,10.64,-22.088,-62.1
159,90,10.8,-20.6,-60.87
159,90,10.96,-21.146,-61.13
159,90,11.12,-21.336,-61.58
159,90,11.28,-25.176,-65.62
159,90,11.44,-35.862,-76.61
159,90,11.6,-30.01,-70.88
159,90,11.76,-28.894,-70.01
159,90,11.92,-26.444,-67.57
159,90,12.08,-30.71,-72.9
159,90,12.24,-27.164,-69.42
159,90,12.4,-30.37,-73.03
159,90,12.56,-33.45,-77.52
159,90,12.72,-27.404,-71.96
159,90,12.88,-28.746,-73.95
159,90,13.04,-26.998,-73.5
159,90,13.2,-32.39,-79.17
159,90,13.36,-30.064,-76.28
159,90,13.52,-35.572,-81.58
159,90,13.68,-23.12,-69.8
159,90,13.84,-19.748,-67.23
159,90,14,-25.86,-73.71
159,90,14.16,-19.576,-67.8
159,90,14.32,-21.496,-70.45
159,90,14.48,-31.434,-83.26
159,90,14.64,-20.394,-69.85
159,90,14.8,-21.96,-69.97
159,90,14.96,-24.112,-71.24
159,90,15.12,-22.73,-69.16
159,90,15.28,-25.3,-71.85
159,90,15.44,-22.466,-68.78
159,90,15.6,-27.21,-73.84
159,90,15.76,-28.218,-75.41
159,90,15.92,-24.762,-71.94
159,90,16.08,-21.382,-68.84
159,90,16.24,-31.204,-79.33
159,90,16.4,-21.87,-71.68
159,90,16.56,-22.638,-71.57
159,90,16.72,-24.408,-73.89
159,90,16.88,-20.984,-71.45
159,90,17.04,-20.506,-71.76
159,90,17.2,-18.78,-71.21
159,90,17.36,-18.856,-71.5
159,90,17.52,-20.876,-73.41
159,90,17.68,-33.882,-86.96
159,90,17.84,-17.968,-70.88
159,90,18,-17.04,-69.85
160,90,2,-13.33,-35.12
160,90,2.16,-13.618,-37.03
160,90,2.32,-18.996,-44.65
160,90,2.48,-17.294,-44.54
160,90,2.64,-15.248,-43.96
160,90,2.8,-11.58,-38.64
160,90,2.96,-9.488,-37.8
160,90,3.12,-9.646,-37.88
160,90,3.28,-8.342,-38.36
160,90,3.44,-7.792,-36.44
160,90,3.6,-11.95,-39.4
160,90,3.76,-11.784,-41.27
160,90,3.92,-11.292,-38.84
160,90,4.08,-12.732,-40.4
160,90,4.24,-14.886,-43.91
160,90,4.4,-14.33,-44.14
160,90,4.56,-14.126,-43.94
160,90,4.72,-15.074,-45.06
160,90,4.88,-11.21,-41.34
160,90,5.04,-9.41,-39.46
160,90,5.2,-8.12,-39.54
160,90,5.36,-9.5,-40.3
160,90,5.52,-11.918,-42.2
160,90,5.68,-13.93,-45.3
160,90,5.84,-15.822,-47.27
160,90,6,-14.04,-45.58
160,90,6.16,-13.18,-45.22
160,90,6.32,-10.508,-44
160,90,6.48,-10.936,-45.02
160,90,6.64,-12.378,-46.77
160,90,6.8,-14.39,-47.89
160,90,6.96,-17.442,-51.77
160,90,7.12,-14.356,-48.95
160,90,7.28,-12.672,-47.05
160,90,7.44,-12.896,-47.23
160,90,7.6,-12.54,-45.94
160,90,7.76,-17.078,-52.3
160,90,7.92,-14.672,-49.3
160,90,8.08,-16.086,-50.89
160,90,8.24,-19.032,-54.14
160,90,8.4,-20.43,-55.81
160,90,8.56,-17.052,-53.33
160,90,8.72,-19.708,-57.01
160,90,8.88,-19.168,-56.31
160,90,9.04,-20.674,-58.46
160,90,9.2,-18.48,-57.34
160,90,9.36,-17.914,-55.98
160,90,9.52,-17.942,-56.32
160,90,9.68,-18.37,-57.26
160,90,9.84,-21.696,-60.81
160,90,10,-19.03,-58.1
160,90,10.16,-24.498,-64.14
160,90,10.32,-19.342,-58.97
160,90,10.48,-20.348,-59.88
160,90,10.64,-23.098,-63.11
160,90,10.8,-20.07,-60.34
160,90,10.96,-18.716,-58.7
160,90,11.12,-18.786,-59.03
160,90,11.28,-23.786,-64.23
160,90,11.44,-32.652,-73.4
160,90,11.6,-33.07,-73.94
160,90,11.76,-30.144,-71.26
160,90,11.92,-22.914,-64.04
160,90,12.08,-24.23,-66.42
160,90,12.24,-21.744,-64
160,90,12.4,-30.49,-73.15
160,90,12.56,-29,-73.07
160,90,12.72,-29.434,-73.99
160,90,12.88,-19.536,-64.74
160,90,13.04,-36.628,-83.13
160,90,13.2,-21.76,-68.54
160,90,13.36,-31.024,-77.24
160,90,13.52,-32.122,-78.13
160,90,13.68,-23.87,-70.55
160,90,13.84,-28.628,-76.11
160,90,14,-23.55,-71.4
160,90,14.16,-20.896,-69.12
160,90,14.32,-23.276,-72.23
160,90,14.48,-25.514,-77.34
160,90,14.64,-36.504,-85.96
160,90,14.8,-25.78,-73.79
160,90,14.96,-24.912,-72.04
160,90,15.12,-22.51,-68.94
160,90,15.28,-26.35,-72.9
160,90,15.44,-24.486,-70.8
160,90,15.6,-23.21,-69.84
160,90,15.76,-26.108,-73.3
160,90,15.92,-23.492,-70.67
160,90,16.08,-24.362,-71.82
160,90,16.24,-23.634,-71.76
160,90,16.4,-32.72,-82.53
160,90,16.56,-22.128,-71.06
160,90,16.72,-21.198,-70.68
160,90,16.88,-24.624,-75.09
160,90,17.04,-21.046,-72.3
160,90,17.2,-15.52,-67.95
160,90,17.36,-24.876,-77.52
160,90,17.52,-19.866,-72.4
160,90,17.68,-15.862,-68.94
160,90,17.84,-14.838,-67.75
160,90,18,-21.37,-74.18
161,90,2,-13.04,-34.83
161,90,2.16,-14.088,-37.5
161,90,2.32,-18.256,-43.91
161,90,2.48,-17.614,-44.86
161,90,2.64,-14.988,-43.7
161,90,2.8,-11.07,-38.13
161,90,2.96,-9.418,-37.73
161,90,3.12,-9.566,-37.8
161,90,3.28,-8.592,-38.61
161,90,3.44,-8.312,-36.96
161,90,3.6,-12.92,-40.37
161,90,3.76,-12.474,-41.96
161,90,3.92,-11.682,-39.23
161,90,4.08,-11.552,-39.22
161,90,4.24,-13.626,-42.65
161,90,4.4,-12.95,-42.76
161,90,4.56,-14.076,-43.89
161,90,4.72,-16.444,-46.43
161,90,4.88,-12.79,-42.92
161,90,5.04,-10.05,-40.1
161,90,5.2,-8.01,-39.43
161,90,5.36,-9.05,-39.85
161,90,5.52,-10.808,-41.09
161,90,5.68,-11.76,-43.13
161,90,5.84,-15.732,-47.18
161,90,6,-14.69,-46.23
161,90,6.16,-14.46,-46.5
161,90,6.32,-11.498,-44.99
161,90,6.48,-11.416,-45.5
161,90,6.64,-12.618,-47.01
161,90,6.8,-14.52,-48.02
161,90,6.96,-16.772,-51.1
161,90,7.12,-14.016,-48.61
161,90,7.28,-13.232,-47.61
161,90,7.44,-12.136,-46.47
161,90,7.6,-12.2,-45.6
161,90,7.76,-16.688,-51.91
161,90,7.92,-14.062,-48.69
161,90,8.08,-15.426,-50.23
161,90,8.24,-17.472,-52.58
161,90,8.4,-18.86,-54.24
161,90,8.56,-15.582,-51.86
161,90,8.72,-17.728,-55.03
161,90,8.88,-17.058,-54.2
161,90,9.04,-18.034,-55.82
161,90,9.2,-17.7,-56.56
161,90,9.36,-18.024,-56.09
161,90,9.52,-17.482,-55.86
161,90,9.68,-18.85,-57.74
161,90,9.84,-21.496,-60.61
161,90,10,-18.2,-57.27
161,90,10.16,-19.398,-59.04
161,90,10.32,-18.942,-58.57
161,90,10.48,-21.418,-60.95
161,90,10.64,-25.668,-65.68
161,90,10.8,-21.38,-61.65
161,90,10.96,-18.576,-58.56
161,90,11.12,-17.216,-57.46
161,90,11.28,-21.376,-61.82
161,90,11.44,-25.692,-66.44
161,90,11.6,-26.67,-67.54
161,90,11.76,-20.464,-61.58
161,90,11.92,-30.054,-71.18
161,90,12.08,-23,-65.19
161,90,12.24,-20.264,-62.52
161,90,12.4,-32.83,-75.49
161,90,12.56,-29.65,-73.72
161,90,12.72,-22.474,-67.03
161,90,12.88,-28.206,-73.41
161,90,13.04,-26.538,-73.04
161,90,13.2,-19.9,-66.68
161,90,13.36,-29.014,-75.23
161,90,13.52,-35.772,-81.78
161,90,13.68,-36.99,-83.67
161,90,13.84,-30.758,-78.24
161,90,14,-25.14,-72.99
161,90,14.16,-28.796,-77.02
161,90,14.32,-32.216,-81.17
161,90,14.48,-24.814,-76.64
161,90,14.64,-24.194,-73.65
161,90,14.8,-22.45,-70.46
161,90,14.96,-22.212,-69.34
161,90,15.12,-28.02,-74.45
161,90,15.28,-29.14,-75.69
161,90,15.44,-26.136,-72.45
161,90,15.6,-26.34,-72.97
161,90,15.76,-24.718,-71.91
161,90,15.92,-25.382,-72.56
161,90,16.08,-26.692,-74.15
161,90,16.24,-22.244,-70.37
161,90,16.4,-24.29,-74.1
161,90,16.56,-28.078,-77.01
161,90,16.72,-25.228,-74.71
161,90,16.88,-23.044,-73.51
161,90,17.04,-27.876,-79.13
161,90,17.2,-23.61,-76.04
161,90,17.36,-19.846,-72.49
161,90,17.52,-24.506,-77.04
161,90,17.68,-27.382,-80.46
161,90,17.84,-26.278,-79.19
161,90,18,-15.89,-68.7
162,90,2,-12.69,-34.48
162,90,2.16,-14.428,-37.84
162,90,2.32,-17.646,-43.3
162,90,2.48,-18.034,-45.28
162,90,2.64,-15.128,-43.84
162,90,2.8,-10.88,-37.94
162,90,2.96,-9.108,-37.42
162,90,3.12,-9.736,-37.97
162,90,3.28,-8.622,-38.64
162,90,3.44,-8.422,-37.07
162,90,3.6,-13.7,-41.15
162,90,3.76,-14.034,-43.52
162,90,3.92,-12.462,-40.01
162,90,4.08,-10.962,-38.63
162,90,4.24,-12.856,-41.88
162,90,4.4,-11.99,-41.8
162,90,4.56,-13.126,-42.94
162,90,4.72,-15.944,-45.93
162,90,4.88,-14.45,-44.58
162,90,5.04,-10.79,-40.84
162,90,5.2,-8.65,-40.07
162,90,5.36,-9.09,-39.89
162,90,5.52,-10.338,-40.62
162,90,5.68,-9.96,-41.33
162,90,5.84,-14.052,-45.5
162,90,6,-14.71,-46.25
162,90,6.16,-14.82,-46.86
162,90,6.32,-12.608,-46.1
162,90,6.48,-12.736,-46.82
162,90,6.64,-14.738,-49.13
162,90,6.8,-14.76,-48.26
162,90,6.96,-16.212,-50.54
162,90,7.12,-13.626,-48.22
162,90,7.28,-14.262,-48.64
162,90,7.44,-12.336,-46.67
162,90,7.6,-12.84,-46.24
162,90,7.76,-16.058,-51.28
162,90,7.92,-14.842,-49.47
162,90,8.08,-15.726,-50.53
162,90,8.24,-17.442,-52.55
162,90,8.4,-18.32,-53.7
162,90,8.56,-15.212,-51.49
162,90,8.72,-15.508,-52.81
162,90,8.88,-16.178,-53.32
162,90,9.04,-17.934,-55.72
162,90,9.2,-16.55,-55.41
162,90,9.36,-16.904,-54.97
162,90,9.52,-15.672,-54.05
162,90,9.68,-19.61,-58.5
162,90,9.84,-20.396,-59.51
162,90,10,-17.73,-56.8
162,90,10.16,-18.248,-57.89
162,90,10.32,-16.742,-56.37
162,90,10.48,-19.588,-59.12
162,90,10.64,-21.858,-61.87
162,90,10.8,-25.42,-65.69
162,90,10.96,-18.836,-58.82
162,90,11.12,-20.356,-60.6
162,90,11.28,-19.916,-60.36
162,90,11.44,-25.602,-66.35
162,90,11.6,-22.52,-63.39
162,90,11.76,-18.664,-59.78
162,90,11.92,-25.774,-66.9
162,90,12.08,-25.04,-67.23
162,90,12.24,-19.894,-62.15
162,90,12.4,-31.5,-74.16
162,90,12.56,-24.49,-68.56
162,90,12.72,-27.334,-71.89
162,90,12.88,-25.606,-70.81
162,90,13.04,-33.988,-80.49
162,90,13.2,-27.78,-74.56
162,90,13.36,-33.774,-79.99
162,90,13.52,-34.762,-80.77
162,90,13.68,-32.26,-78.94
162,90,13.84,-31.448,-78.93
162,90,14,-29.99,-77.84
162,90,14.16,-33.326,-81.55
162,90,14.32,-27.976,-76.93
162,90,14.48,-25.154,-76.98
162,90,14.64,-25.224,-74.68
162,90,14.8,-19.37,-67.38
162,90,14.96,-25.312,-72.44
162,90,15.12,-36.07,-82.5
162,90,15.28,-29.42,-75.97
162,90,15.44,-37.066,-83.38
162,90,15.6,-33.27,-79.9
162,90,15.76,-24.038,-71.23
162,90,15.92,-21.852,-69.03
162,90,16.08,-30.602,-78.06
162,90,16.24,-25.104,-73.23
162,90,16.4,-43.12,-92.93
162,90,16.56,-24.988,-73.92
162,90,16.72,-31.138,-80.62
162,90,16.88,-28.624,-79.09
162,90,17.04,-21.756,-73.01
162,90,17.2,-18.6,-71.03
162,90,17.36,-19.566,-72.21
162,90,17.52,-17.506,-70.04
162,90,17.68,-20.162,-73.24
162,90,17.84,-24.488,-77.4
162,90,18,-24.95,-77.76
163,90,2,-12.44,-34.23
163,90,2.16,-14.708,-38.12
163,90,2.32,-16.756,-42.41
163,90,2.48,-18.564,-45.81
163,90,2.64,-15.858,-44.57
163,90,2.8,-10.82,-37.88
163,90,2.96,-8.70800000000001,-37.02
163,90,3.12,-9.556,-37.79
163,90,3.28,-8.532,-38.55
163,90,3.44,-8.092,-36.74
163,90,3.6,-14.43,-41.88
163,90,3.76,-16.014,-45.5
163,90,3.92,-13.502,-41.05
163,90,4.08,-10.672,-38.34
163,90,4.24,-12.546,-41.57
163,90,4.4,-11.42,-41.23
163,90,4.56,-11.806,-41.62
163,90,4.72,-14.864,-44.85
163,90,4.88,-14.79,-44.92
163,90,5.04,-11.32,-41.37
163,90,5.2,-9.18,-40.6
163,90,5.36,-9.74,-40.54
163,90,5.52,-10.198,-40.48
163,90,5.68,-9.18,-40.55
163,90,5.84,-12.912,-44.36
163,90,6,-14.02,-45.56
163,90,6.16,-14.29,-46.33
163,90,6.32,-12.428,-45.92
163,90,6.48,-13.386,-47.47
163,90,6.64,-16.328,-50.72
163,90,6.8,-15.92,-49.42
163,90,6.96,-15.992,-50.32
163,90,7.12,-13.666,-48.26
163,90,7.28,-14.092,-48.47
163,90,7.44,-12.146,-46.48
163,90,7.6,-13.18,-46.58
163,90,7.76,-14.458,-49.68
163,90,7.92,-14.842,-49.47
163,90,8.08,-15.726,-50.53
163,90,8.24,-16.692,-51.8
163,90,8.4,-16.35,-51.73
163,90,8.56,-15.442,-51.72
163,90,8.72,-15.988,-53.29
163,90,8.88,-15.888,-53.03
163,90,9.04,-16.434,-54.22
163,90,9.2,-16.01,-54.87
163,90,9.36,-16.684,-54.75
163,90,9.52,-16.352,-54.73
163,90,9.68,-17.21,-56.1
163,90,9.84,-23.126,-62.24
163,90,10,-18,-57.07
163,90,10.16,-18.078,-57.72
163,90,10.32,-18.192,-57.82
163,90,10.48,-17.808,-57.34
163,90,10.64,-19.538,-59.55
163,90,10.8,-21.7,-61.97
163,90,10.96,-21.456,-61.44
163,90,11.12,-20.086,-60.33
163,90,11.28,-21.696,-62.14
163,90,11.44,-26.412,-67.16
163,90,11.6,-19.92,-60.79
163,90,11.76,-20.064,-61.18
163,90,11.92,-21.744,-62.87
163,90,12.08,-25.53,-67.72
163,90,12.24,-21.344,-63.6
163,90,12.4,-23.83,-66.49
163,90,12.56,-24.07,-68.14
163,90,12.72,-26.374,-70.93
163,90,12.88,-28.216,-73.42
163,90,13.04,-30.638,-77.14
163,90,13.2,-25.7,-72.48
163,90,13.36,-25.534,-71.75
163,90,13.52,-25.912,-71.92
163,90,13.68,-23.52,-70.2
163,90,13.84,-23.268,-70.75
163,90,14,-27.96,-75.81
163,90,14.16,-25.226,-73.45
163,90,14.32,-24.836,-73.79
163,90,14.48,-25.234,-77.06
163,90,14.64,-36.154,-85.61
163,90,14.8,-27.45,-75.46
163,90,14.96,-28.802,-75.93
163,90,15.12,-37.5,-83.93
163,90,15.28,-33.6,-80.15
163,90,15.44,-43.956,-90.27
163,90,15.6,-39.39,-86.02
163,90,15.76,-45.508,-92.7
163,90,15.92,-30.622,-77.8
163,90,16.08,-35.392,-82.85
163,90,16.24,-33.484,-81.61
163,90,16.4,-33.37,-83.18
163,90,16.56,-30.818,-79.75
163,90,16.72,-24.248,-73.73
163,90,16.88,-20.524,-70.99
163,90,17.04,-29.416,-80.67
163,90,17.2,-13.9,-66.33
163,90,17.36,-30.946,-83.59
163,90,17.52,-21.216,-73.75
163,90,17.68,-24.092,-77.17
163,90,17.84,-27.578,-80.49
163,90,18,-19.18,-71.99
164,90,2,-12.08,-33.87
164,90,2.16,-14.498,-37.91
164,90,2.32,-15.916,-41.57
164,90,2.48,-18.894,-46.14
164,90,2.64,-16.178,-44.89
164,90,2.8,-10.97,-38.03
164,90,2.96,-8.358,-36.67
164,90,3.12,-9.356,-37.59
164,90,3.28,-8.442,-38.46
164,90,3.44,-7.842,-36.49
164,90,3.6,-14.59,-42.04
164,90,3.76,-17.164,-46.65
164,90,3.92,-14.742,-42.29
164,90,4.08,-11.352,-39.02
164,90,4.24,-12.296,-41.32
164,90,4.4,-10.95,-40.76
164,90,4.56,-10.906,-40.72
164,90,4.72,-13.614,-43.6
164,90,4.88,-13.83,-43.96
164,90,5.04,-11.38,-41.43
164,90,5.2,-9.55,-40.97
164,90,5.36,-10.83,-41.63
164,90,5.52,-10.398,-40.68
164,90,5.68,-8.78,-40.15
164,90,5.84,-12.052,-43.5
164,90,6,-13.72,-45.26
164,90,6.16,-14,-46.04
164,90,6.32,-11.798,-45.29
164,90,6.48,-12.836,-46.92
164,90,6.64,-16.418,-50.81
164,90,6.8,-16.57,-50.07
164,90,6.96,-15.742,-50.07
164,90,7.12,-15.166,-49.76
164,90,7.28,-14.712,-49.09
164,90,7.44,-13.576,-47.91
164,90,7.6,-14.12,-47.52
164,90,7.76,-12.478,-47.7
164,90,7.92,-14.282,-48.91
164,90,8.08,-16.606,-51.41
164,90,8.24,-16.822,-51.93
164,90,8.4,-16.6,-51.98
164,90,8.56,-16.822,-53.1
164,90,8.72,-17.568,-54.87
164,90,8.88,-16.318,-53.46
164,90,9.04,-17.524,-55.31
164,90,9.2,-16.63,-55.49
164,90,9.36,-15.544,-53.61
164,90,9.52,-14.742,-53.12
164,90,9.68,-17.66,-56.55
164,90,9.84,-18.616,-57.73
164,90,10,-18.14,-57.21
164,90,10.16,-18.888,-58.53
164,90,10.32,-19.902,-59.53
164,90,10.48,-16.958,-56.49
164,90,10.64,-19.258,-59.27
164,90,10.8,-17.49,-57.76
164,90,10.96,-18.866,-58.85
164,90,11.12,-20.406,-60.65
164,90,11.28,-24.106,-64.55
164,90,11.44,-26.292,-67.04
164,90,11.6,-21.03,-61.9
164,90,11.76,-21.554,-62.67
164,90,11.92,-24.864,-65.99
164,90,12.08,-24.42,-66.61
164,90,12.24,-20.234,-62.49
164,90,12.4,-23.26,-65.92
164,90,12.56,-24.04,-68.11
164,90,12.72,-24.684,-69.24
164,90,12.88,-19.166,-64.37
164,90,13.04,-33.008,-79.51
164,90,13.2,-20.27,-67.05
164,90,13.36,-22.134,-68.35
164,90,13.52,-20.602,-66.61
164,90,13.68,-27.44,-74.12
164,90,13.84,-34.148,-81.63
164,90,14,-36.47,-84.32
164,90,14.16,-21.796,-70.02
164,90,14.32,-23.296,-72.25
164,90,14.48,-24.894,-76.72
164,90,14.64,-25.014,-74.47
164,90,14.8,-39.34,-87.35
164,90,14.96,-39.272,-86.4
164,90,15.12,-31.49,-77.92
164,90,15.28,-27.58,-74.13
164,90,15.44,-31.796,-78.11
164,90,15.6,-30.73,-77.36
164,90,15.76,-29.968,-77.16
164,90,15.92,-22.992,-70.17
164,90,16.08,-30.412,-77.87
164,90,16.24,-28.424,-76.55
164,90,16.4,-30.17,-79.98
164,90,16.56,-24.298,-73.23
164,90,16.72,-23.048,-72.53
164,90,16.88,-28.974,-79.44
164,90,17.04,-21.636,-72.89
164,90,17.2,-22.49,-74.92
164,90,17.36,-33.556,-86.2
164,90,17.52,-30.366,-82.9
164,90,17.68,-23.062,-76.14
164,90,17.84,-20.178,-73.09
164,90,18,-27.98,-80.79
165,90,2,-11.73,-33.52
165,90,2.16,-14.598,-38.01
165,90,2.32,-15.016,-40.67
165,90,2.48,-18.464,-45.71
165,90,2.64,-16.878,-45.59
165,90,2.8,-11.56,-38.62
165,90,2.96,-8.118,-36.43
165,90,3.12,-9.086,-37.32
165,90,3.28,-8.202,-38.22
165,90,3.44,-7.492,-36.14
165,90,3.6,-14.2,-41.65
165,90,3.76,-18.364,-47.85
165,90,3.92,-15.512,-43.06
165,90,4.08,-12.072,-39.74
165,90,4.24,-12.676,-41.7
165,90,4.4,-11.28,-41.09
165,90,4.56,-10.406,-40.22
165,90,4.72,-12.264,-42.25
165,90,4.88,-12.62,-42.75
165,90,5.04,-11.13,-41.18
165,90,5.2,-9.48999999999999,-40.91
165,90,5.36,-11.69,-42.49
165,90,5.52,-10.398,-40.68
165,90,5.68,-9.07,-40.44
165,90,5.84,-11.912,-43.36
165,90,6,-14.28,-45.82
165,90,6.16,-13.44,-45.48
165,90,6.32,-12.038,-45.53
165,90,6.48,-12.106,-46.19
165,90,6.64,-14.488,-48.88
165,90,6.8,-15.98,-49.48
165,90,6.96,-16.492,-50.82
165,90,7.12,-16.116,-50.71
165,90,7.28,-14.882,-49.26
165,90,7.44,-14.586,-48.92
165,90,7.6,-14.94,-48.34
165,90,7.76,-12.268,-47.49
165,90,7.92,-13.792,-48.42
165,90,8.08,-17.376,-52.18
165,90,8.24,-16.392,-51.5
165,90,8.4,-17.36,-52.74
165,90,8.56,-17.212,-53.49
165,90,8.72,-18.468,-55.77
165,90,8.88,-17.778,-54.92
165,90,9.04,-19.034,-56.82
165,90,9.2,-18.23,-57.09
165,90,9.36,-17.214,-55.28
165,90,9.52,-15.382,-53.76
165,90,9.68,-18.85,-57.74
165,90,9.84,-17.686,-56.8
165,90,10,-19.25,-58.32
165,90,10.16,-19.338,-58.98
165,90,10.32,-18.422,-58.05
165,90,10.48,-18.218,-57.75
165,90,10.64,-19.928,-59.94
165,90,10.8,-19.88,-60.15
165,90,10.96,-20.006,-59.99
165,90,11.12,-19.026,-59.27
165,90,11.28,-23.086,-63.53
165,90,11.44,-25.412,-66.16
165,90,11.6,-21.37,-62.24
165,90,11.76,-23.214,-64.33
165,90,11.92,-22.284,-63.41
165,90,12.08,-21.51,-63.7
165,90,12.24,-23.854,-66.11
165,90,12.4,-28.05,-70.71
165,90,12.56,-27.9,-71.97
165,90,12.72,-26.784,-71.34
165,90,12.88,-24.176,-69.38
165,90,13.04,-29.768,-76.27
165,90,13.2,-21.72,-68.5
165,90,13.36,-25.614,-71.83
165,90,13.52,-26.102,-72.11
165,90,13.68,-28.5,-75.18
165,90,13.84,-25.478,-72.96
165,90,14,-26.1,-73.95
165,90,14.16,-16.626,-64.85
165,90,14.32,-39.176,-88.13
165,90,14.48,-25.134,-76.96
165,90,14.64,-23.884,-73.34
165,90,14.8,-25.7,-73.71
165,90,14.96,-26.842,-73.97
165,90,15.12,-27.71,-74.14
165,90,15.28,-37.05,-83.6
165,90,15.44,-24.556,-70.87
165,90,15.6,-28.76,-75.39
165,90,15.76,-29.288,-76.48
165,90,15.92,-25.252,-72.43
165,90,16.08,-29.092,-76.55
165,90,16.24,-26.004,-74.13
165,90,16.4,-31.85,-81.66
165,90,16.56,-23.298,-72.23
165,90,16.72,-26.298,-75.78
165,90,16.88,-23.114,-73.58
165,90,17.04,-31.406,-82.66
165,90,17.2,-19.82,-72.25
165,90,17.36,-19.936,-72.58
165,90,17.52,-16.876,-69.41
165,90,17.68,-31.272,-84.35
165,90,17.84,-25.078,-77.99
165,90,18,-26.07,-78.88
166,90,2,-11.4,-33.19
166,90,2.16,-14.078,-37.49
166,90,2.32,-14.026,-39.68
166,90,2.48,-17.884,-45.13
166,90,2.64,-17.668,-46.38
166,90,2.8,-12.2,-39.26
166,90,2.96,-7.998,-36.31
166,90,3.12,-9.046,-37.28
166,90,3.28,-8.242,-38.26
166,90,3.44,-7.192,-35.84
166,90,3.6,-13.52,-40.97
166,90,3.76,-17.424,-46.91
166,90,3.92,-16.012,-43.56
166,90,4.08,-13.362,-41.03
166,90,4.24,-14.006,-43.03
166,90,4.4,-11.99,-41.8
166,90,4.56,-10.746,-40.56
166,90,4.72,-11.684,-41.67
166,90,4.88,-11.5,-41.63
166,90,5.04,-10.4,-40.45
166,90,5.2,-9.16,-40.58
166,90,5.36,-12.25,-43.05
166,90,5.52,-10.328,-40.61
166,90,5.68,-9.55,-40.92
166,90,5.84,-12.172,-43.62
166,90,6,-14.64,-46.18
166,90,6.16,-13.48,-45.52
166,90,6.32,-12.278,-45.77
166,90,6.48,-12.086,-46.17
166,90,6.64,-13.058,-47.45
166,90,6.8,-15.18,-48.68
166,90,6.96,-16.222,-50.55
166,90,7.12,-16.396,-50.99
166,90,7.28,-14.382,-48.76
166,90,7.44,-15.576,-49.91
166,90,7.6,-16.21,-49.61
166,90,7.76,-11.768,-46.99
166,90,7.92,-13.862,-48.49
166,90,8.08,-16.856,-51.66
166,90,8.24,-17.322,-52.43
166,90,8.4,-17.98,-53.36
166,90,8.56,-18.232,-54.51
166,90,8.72,-19.868,-57.17
166,90,8.88,-17.238,-54.38
166,90,9.04,-20.694,-58.48
166,90,9.2,-21.02,-59.88
166,90,9.36,-18.724,-56.79
166,90,9.52,-19.352,-57.73
166,90,9.68,-18.71,-57.6
166,90,9.84,-15.676,-54.79
166,90,10,-18.07,-57.14
166,90,10.16,-19.158,-58.8
166,90,10.32,-17.352,-56.98
166,90,10.48,-16.148,-55.68
166,90,10.64,-22.528,-62.54
166,90,10.8,-21.82,-62.09
166,90,10.96,-20.496,-60.48
166,90,11.12,-21.036,-61.28
166,90,11.28,-24.076,-64.52
166,90,11.44,-23.222,-63.97
166,90,11.6,-18.66,-59.53
166,90,11.76,-24.044,-65.16
166,90,11.92,-21.214,-62.34
166,90,12.08,-18.04,-60.23
166,90,12.24,-18.844,-61.1
166,90,12.4,-31.65,-74.31
166,90,12.56,-20.9,-64.97
166,90,12.72,-22.574,-67.13
166,90,12.88,-22.726,-67.93
166,90,13.04,-24.808,-71.31
166,90,13.2,-17.98,-64.76
166,90,13.36,-22.814,-69.03
166,90,13.52,-21.132,-67.14
166,90,13.68,-25.15,-71.83
166,90,13.84,-25.458,-72.94
166,90,14,-24.57,-72.42
166,90,14.16,-18.676,-66.9
166,90,14.32,-22.446,-71.4
166,90,14.48,-19.214,-71.04
166,90,14.64,-18.514,-67.97
166,90,14.8,-36.13,-84.14
166,90,14.96,-32.522,-79.65
166,90,15.12,-24.74,-71.17
166,90,15.28,-30.61,-77.16
166,90,15.44,-24.076,-70.39
166,90,15.6,-33.32,-79.95
166,90,15.76,-20.788,-67.98
166,90,15.92,-25.802,-72.98
166,90,16.08,-26.262,-73.72
166,90,16.24,-33.944,-82.07
166,90,16.4,-19.41,-69.22
166,90,16.56,-22.908,-71.84
166,90,16.72,-20.188,-69.67
166,90,16.88,-31.084,-81.55
166,90,17.04,-37.726,-88.98
166,90,17.2,-26.94,-79.37
166,90,17.36,-26.506,-79.15
166,90,17.52,-25.106,-77.64
166,90,17.68,-22.152,-75.23
166,90,17.84,-27.768,-80.68
166,90,18,-23.15,-75.96
167,90,2,-11.28,-33.07
167,90,2.16,-13.698,-37.11
167,90,2.32,-13.076,-38.73
167,90,2.48,-16.184,-43.43
167,90,2.64,-18.018,-46.73
167,90,2.8,-13.17,-40.23
167,90,2.96,-7.938,-36.25
167,90,3.12,-8.92599999999999,-37.16
167,90,3.28,-8.202,-38.22
167,90,3.44,-7.122,-35.77
167,90,3.6,-12.66,-40.11
167,90,3.76,-16.564,-46.05
167,90,3.92,-15.412,-42.96
167,90,4.08,-15.442,-43.11
167,90,4.24,-15.216,-44.24
167,90,4.4,-13.17,-42.98
167,90,4.56,-11.426,-41.24
167,90,4.72,-11.604,-41.59
167,90,4.88,-11.23,-41.36
167,90,5.04,-10.13,-40.18
167,90,5.2,-8.43,-39.85
167,90,5.36,-12.34,-43.14
167,90,5.52,-10.318,-40.6
167,90,5.68,-9.76000000000001,-41.13
167,90,5.84,-11.942,-43.39
167,90,6,-14.64,-46.18
167,90,6.16,-13.72,-45.76
167,90,6.32,-13.248,-46.74
167,90,6.48,-12.466,-46.55
167,90,6.64,-12.748,-47.14
167,90,6.8,-13.76,-47.26
167,90,6.96,-16.292,-50.62
167,90,7.12,-15.516,-50.11
167,90,7.28,-14.052,-48.43
167,90,7.44,-14.756,-49.09
167,90,7.6,-17.06,-50.46
167,90,7.76,-12.878,-48.1
167,90,7.92,-13.452,-48.08
167,90,8.08,-15.596,-50.4
167,90,8.24,-18.932,-54.04
167,90,8.4,-18.9,-54.28
167,90,8.56,-20.312,-56.59
167,90,8.72,-19.168,-56.47
167,90,8.88,-17.658,-54.8
167,90,9.04,-21.244,-59.03
167,90,9.2,-20.75,-59.61
167,90,9.36,-20.094,-58.16
167,90,9.52,-22.082,-60.46
167,90,9.68,-22.15,-61.04
167,90,9.84,-16.206,-55.32
167,90,10,-18.65,-57.72
167,90,10.16,-20.038,-59.68
167,90,10.32,-18.352,-57.98
167,90,10.48,-17.138,-56.67
167,90,10.64,-22.328,-62.34
167,90,10.8,-30.64,-70.91
167,90,10.96,-19.106,-59.09
167,90,11.12,-20.006,-60.25
167,90,11.28,-23.166,-63.61
167,90,11.44,-21.302,-62.05
167,90,11.6,-18.8,-59.67
167,90,11.76,-18.704,-59.82
167,90,11.92,-20.864,-61.99
167,90,12.08,-19.46,-61.65
167,90,12.24,-16.914,-59.17
167,90,12.4,-22.77,-65.43
167,90,12.56,-18.87,-62.94
167,90,12.72,-24.444,-69
167,90,12.88,-24.816,-70.02
167,90,13.04,-21.348,-67.85
167,90,13.2,-20.26,-67.04
167,90,13.36,-21.664,-67.88
167,90,13.52,-18.192,-64.2
167,90,13.68,-19.06,-65.74
167,90,13.84,-21.598,-69.08
167,90,14,-24.16,-72.01
167,90,14.16,-17.476,-65.7
167,90,14.32,-18.936,-67.89
167,90,14.48,-17.584,-69.41
167,90,14.64,-21.794,-71.25
167,90,14.8,-25.74,-73.75
167,90,14.96,-30.762,-77.89
167,90,15.12,-23.03,-69.46
167,90,15.28,-35.79,-82.34
167,90,15.44,-28.466,-74.78
167,90,15.6,-31.08,-77.71
167,90,15.76,-43.018,-90.21
167,90,15.92,-21.402,-68.58
167,90,16.08,-38.412,-85.87
167,90,16.24,-27.144,-75.27
167,90,16.4,-20.2,-70.01
167,90,16.56,-24.108,-73.04
167,90,16.72,-19.558,-69.04
167,90,16.88,-25.294,-75.76
167,90,17.04,-37.226,-88.48
167,90,17.2,-23.41,-75.84
167,90,17.36,-23.496,-76.14
167,90,17.52,-16.146,-68.68
167,90,17.68,-27.292,-80.37
167,90,17.84,-24.658,-77.57
167,90,18,-25.16,-77.97
168,90,2,-11.12,-32.91
168,90,2.16,-13.208,-36.62
168,90,2.32,-12.396,-38.05
168,90,2.48,-14.914,-42.16
168,90,2.64,-16.988,-45.7
168,90,2.8,-14.44,-41.5
168,90,2.96,-7.95800000000001,-36.27
168,90,3.12,-8.836,-37.07
168,90,3.28,-8.242,-38.26
168,90,3.44,-6.932,-35.58
168,90,3.6,-12.42,-39.87
168,90,3.76,-14.734,-44.22
168,90,3.92,-14.282,-41.83
168,90,4.08,-16.952,-44.62
168,90,4.24,-16.586,-45.61
168,90,4.4,-14.38,-44.19
168,90,4.56,-12.136,-41.95
168,90,4.72,-12.174,-42.16
168,90,4.88,-11.4,-41.53
168,90,5.04,-10.31,-40.36
168,90,5.2,-8.76,-40.18
168,90,5.36,-12.2,-43
168,90,5.52,-9.948,-40.23
168,90,5.68,-9.66,-41.03
168,90,5.84,-11.792,-43.24
168,90,6,-14.88,-46.42
168,90,6.16,-13.61,-45.65
168,90,6.32,-13.518,-47.01
168,90,6.48,-14.206,-48.29
168,90,6.64,-13.598,-47.99
168,90,6.8,-14.06,-47.56
168,90,6.96,-16.382,-50.71
168,90,7.12,-14.776,-49.37
168,90,7.28,-13.112,-47.49
168,90,7.44,-13.186,-47.52
168,90,7.6,-15.65,-49.05
168,90,7.76,-12.968,-48.19
168,90,7.92,-13.842,-48.47
168,90,8.08,-15.106,-49.91
168,90,8.24,-19.352,-54.46
168,90,8.4,-20.52,-55.9
168,90,8.56,-21.332,-57.61
168,90,8.72,-18.918,-56.22
168,90,8.88,-17.668,-54.81
168,90,9.04,-20.114,-57.9
168,90,9.2,-20.36,-59.22
168,90,9.36,-17.284,-55.35
168,90,9.52,-22.002,-60.38
168,90,9.68,-24.55,-63.44
168,90,9.84,-16.626,-55.74
168,90,10,-20.82,-59.89
168,90,10.16,-20.638,-60.28
168,90,10.32,-18.382,-58.01
168,90,10.48,-16.978,-56.51
168,90,10.64,-19.798,-59.81
168,90,10.8,-25.83,-66.1
168,90,10.96,-19.606,-59.59
168,90,11.12,-19.536,-59.78
168,90,11.28,-21.426,-61.87
168,90,11.44,-21.402,-62.15
168,90,11.6,-18.88,-59.75
168,90,11.76,-23.334,-64.45
168,90,11.92,-18.734,-59.86
168,90,12.08,-17.26,-59.45
168,90,12.24,-17.174,-59.43
168,90,12.4,-23.94,-66.6
168,90,12.56,-18.62,-62.69
168,90,12.72,-23.604,-68.16
168,90,12.88,-20.376,-65.58
168,90,13.04,-21.088,-67.59
168,90,13.2,-17.35,-64.13
168,90,13.36,-19.914,-66.13
168,90,13.52,-20.652,-66.66
168,90,13.68,-20.49,-67.17
168,90,13.84,-21.898,-69.38
168,90,14,-21,-68.85
168,90,14.16,-19.006,-67.23
168,90,14.32,-18.406,-67.36
168,90,14.48,-29.994,-81.82
168,90,14.64,-39.614,-89.07
168,90,14.8,-20.77,-68.78
168,90,14.96,-32.102,-79.23
168,90,15.12,-26.49,-72.92
168,90,15.28,-26.53,-73.08
168,90,15.44,-26.036,-72.35
168,90,15.6,-22.62,-69.25
168,90,15.76,-22.798,-69.99
168,90,15.92,-26.562,-73.74
168,90,16.08,-23.712,-71.17
168,90,16.24,-19.424,-67.55
168,90,16.4,-18.31,-68.12
168,90,16.56,-18.958,-67.89
168,90,16.72,-21.898,-71.38
168,90,16.88,-19.624,-70.09
168,90,17.04,-25.516,-76.77
168,90,17.2,-36.95,-89.38
168,90,17.36,-22.156,-74.8
168,90,17.52,-19.996,-72.53
168,90,17.68,-25.092,-78.17
168,90,17.84,-17.648,-70.56
168,90,18,-34.78,-87.59
169,90,2,-11.06,-32.85
169,90,2.16,-12.648,-36.06
169,90,2.32,-11.616,-37.27
169,90,2.48,-13.604,-40.85
169,90,2.64,-16.148,-44.86
169,90,2.8,-15.6,-42.66
169,90,2.96,-8.148,-36.46
169,90,3.12,-8.946,-37.18
169,90,3.28,-8.382,-38.4
169,90,3.44,-6.972,-35.62
169,90,3.6,-12.08,-39.53
169,90,3.76,-13.624,-43.11
169,90,3.92,-13.392,-40.94
169,90,4.08,-17.512,-45.18
169,90,4.24,-17.666,-46.69
169,90,4.4,-15.47,-45.28
169,90,4.56,-13.016,-42.83
169,90,4.72,-13.044,-43.03
169,90,4.88,-12.28,-42.41
169,90,5.04,-10.68,-40.73
169,90,5.2,-9.11,-40.53
169,90,5.36,-12.41,-43.21
169,90,5.52,-10.228,-40.51
169,90,5.68,-9.32,-40.69
169,90,5.84,-11.882,-43.33
169,90,6,-14.83,-46.37
169,90,6.16,-13.46,-45.5
169,90,6.32,-13.308,-46.8
169,90,6.48,-15.596,-49.68
169,90,6.64,-15.128,-49.52
169,90,6.8,-15.01,-48.51
169,90,6.96,-16.412,-50.74
169,90,7.12,-15.216,-49.81
169,90,7.28,-13.282,-47.66
169,90,7.44,-12.886,-47.22
169,90,7.6,-14.07,-47.47
169,90,7.76,-13.588,-48.81
169,90,7.92,-13.702,-48.33
169,90,8.08,-14.456,-49.26
169,90,8.24,-17.632,-52.74
169,90,8.4,-20.21,-55.59
169,90,8.56,-20.952,-57.23
169,90,8.72,-18.918,-56.22
169,90,8.88,-19.978,-57.12
169,90,9.04,-21.104,-58.89
169,90,9.2,-19.21,-58.07
169,90,9.36,-17.224,-55.29
169,90,9.52,-19.012,-57.39
169,90,9.68,-25.25,-64.14
169,90,9.84,-19.196,-58.31
169,90,10,-20.33,-59.4
169,90,10.16,-20.798,-60.44
169,90,10.32,-17.402,-57.03
169,90,10.48,-18.008,-57.54
169,90,10.64,-21.068,-61.08
169,90,10.8,-24.36,-64.63
169,90,10.96,-21.176,-61.16
169,90,11.12,-19.946,-60.19
169,90,11.28,-20.056,-60.5
169,90,11.44,-19.482,-60.23
169,90,11.6,-20.33,-61.2
169,90,11.76,-22.584,-63.7
169,90,11.92,-19.174,-60.3
169,90,12.08,-18.16,-60.35
169,90,12.24,-17.974,-60.23
169,90,12.4,-20.5,-63.16
169,90,12.56,-24.18,-68.25
169,90,12.72,-18.694,-63.25
169,90,12.88,-21.806,-67.01
169,90,13.04,-27.948,-74.45
169,90,13.2,-15.66,-62.44
169,90,13.36,-17.984,-64.2
169,90,13.52,-19.302,-65.31
169,90,13.68,-20.27,-66.95
169,90,13.84,-22.018,-69.5
169,90,14,-20.12,-67.97
169,90,14.16,-16.246,-64.47
169,90,14.32,-24.046,-73
169,90,14.48,-18.844,-70.67
169,90,14.64,-23.954,-73.41
169,90,14.8,-20.87,-68.88
169,90,14.96,-19.772,-66.9
169,90,15.12,-20.93,-67.36
169,90,15.28,-24.66,-71.21
169,90,15.44,-29.286,-75.6
169,90,15.6,-26.99,-73.62
169,90,15.76,-22.888,-70.08
169,90,15.92,-26.382,-73.56
169,90,16.08,-22.922,-70.38
169,90,16.24,-20.224,-68.35
169,90,16.4,-18.26,-68.07
169,90,16.56,-25.148,-74.08
169,90,16.72,-26.708,-76.19
169,90,16.88,-25.644,-76.11
169,90,17.04,-22.486,-73.74
169,90,17.2,-27.07,-79.5
169,90,17.36,-25.456,-78.1
169,90,17.52,-27.136,-79.67
169,90,17.68,-17.862,-70.94
169,90,17.84,-21.738,-74.65
169,90,18,-15.51,-68.32
170,90,2,-10.96,-32.75
170,90,2.16,-11.908,-35.32
170,90,2.32,-11.046,-36.7
170,90,2.48,-12.864,-40.11
170,90,2.64,-15.058,-43.77
170,90,2.8,-16.66,-43.72
170,90,2.96,-8.398,-36.71
170,90,3.12,-8.876,-37.11
170,90,3.28,-8.342,-38.36
170,90,3.44,-6.772,-35.42
170,90,3.6,-11.84,-39.29
170,90,3.76,-12.754,-42.24
170,90,3.92,-12.682,-40.23
170,90,4.08,-16.302,-43.97
170,90,4.24,-17.446,-46.47
170,90,4.4,-15.04,-44.85
170,90,4.56,-13.706,-43.52
170,90,4.72,-14.224,-44.21
170,90,4.88,-14.08,-44.21
170,90,5.04,-11.77,-41.82
170,90,5.2,-9.94,-41.36
170,90,5.36,-12.79,-43.59
170,90,5.52,-11.218,-41.5
170,90,5.68,-9.47000000000001,-40.84
170,90,5.84,-11.722,-43.17
170,90,6,-14.78,-46.32
170,90,6.16,-13.26,-45.3
170,90,6.32,-13.098,-46.59
170,90,6.48,-16.736,-50.82
170,90,6.64,-16.878,-51.27
170,90,6.8,-15.82,-49.32
170,90,6.96,-16.902,-51.23
170,90,7.12,-16.156,-50.75
170,90,7.28,-13.892,-48.27
170,90,7.44,-13.086,-47.42
170,90,7.6,-13.84,-47.24
170,90,7.76,-13.308,-48.53
170,90,7.92,-14.152,-48.78
170,90,8.08,-15.606,-50.41
170,90,8.24,-16.822,-51.93
170,90,8.4,-19.66,-55.04
170,90,8.56,-19.952,-56.23
170,90,8.72,-18.538,-55.84
170,90,8.88,-19.668,-56.81
170,90,9.04,-22.104,-59.89
170,90,9.2,-17.53,-56.39
170,90,9.36,-17.974,-56.04
170,90,9.52,-18.502,-56.88
170,90,9.68,-21.54,-60.43
170,90,9.84,-17.846,-56.96
170,90,10,-22.33,-61.4
170,90,10.16,-20.138,-59.78
170,90,10.32,-15.752,-55.38
170,90,10.48,-16.678,-56.21
170,90,10.64,-24.218,-64.23
170,90,10.8,-22.08,-62.35
170,90,10.96,-21.966,-61.95
170,90,11.12,-20.206,-60.45
170,90,11.28,-20.976,-61.42
170,90,11.44,-19.652,-60.4
170,90,11.6,-19.42,-60.29
170,90,11.76,-26.154,-67.27
170,90,11.92,-18.694,-59.82
170,90,12.08,-16.72,-58.91
170,90,12.24,-21.164,-63.42
170,90,12.4,-26.89,-69.55
170,90,12.56,-23.95,-68.02
170,90,12.72,-24.574,-69.13
170,90,12.88,-20.256,-65.46
170,90,13.04,-23.548,-70.05
170,90,13.2,-15.27,-62.05
170,90,13.36,-17.704,-63.92
170,90,13.52,-18.262,-64.27
170,90,13.68,-20.12,-66.8
170,90,13.84,-20.248,-67.73
170,90,14,-20.42,-68.27
170,90,14.16,-15.876,-64.1
170,90,14.32,-17.296,-66.25
170,90,14.48,-23.424,-75.25
170,90,14.64,-22.114,-71.57
170,90,14.8,-21.82,-69.83
170,90,14.96,-17.862,-64.99
170,90,15.12,-23.7,-70.13
170,90,15.28,-30.09,-76.64
170,90,15.44,-19.326,-65.64
170,90,15.6,-25.85,-72.48
170,90,15.76,-25.108,-72.3
170,90,15.92,-31.972,-79.15
170,90,16.08,-26.042,-73.5
170,90,16.24,-18.794,-66.92
170,90,16.4,-21.12,-70.93
170,90,16.56,-24.218,-73.15
170,90,16.72,-25.148,-74.63
170,90,16.88,-21.714,-72.18
170,90,17.04,-16.236,-67.49
170,90,17.2,-25.44,-77.87
170,90,17.36,-35.616,-88.26
170,90,17.52,-22.366,-74.9
170,90,17.68,-25.262,-78.34
170,90,17.84,-21.838,-74.75
170,90,18,-28.14,-80.95
171,90,2,-10.93,-32.72
171,90,2.16,-11.168,-34.58
171,90,2.32,-10.666,-36.32
171,90,2.48,-11.824,-39.07
171,90,2.64,-14.128,-42.84
171,90,2.8,-16.26,-43.32
171,90,2.96,-8.70800000000001,-37.02
171,90,3.12,-8.956,-37.19
171,90,3.28,-8.422,-38.44
171,90,3.44,-6.672,-35.32
171,90,3.6,-11.53,-38.98
171,90,3.76,-12.174,-41.66
171,90,3.92,-12.542,-40.09
171,90,4.08,-15.392,-43.06
171,90,4.24,-16.416,-45.44
171,90,4.4,-14.58,-44.39
171,90,4.56,-13.256,-43.07
171,90,4.72,-15.844,-45.83
171,90,4.88,-15.77,-45.9
171,90,5.04,-13.18,-43.23
171,90,5.2,-10.77,-42.19
171,90,5.36,-13,-43.8
171,90,5.52,-12.638,-42.92
171,90,5.68,-10.05,-41.42
171,90,5.84,-12.302,-43.75
171,90,6,-15.38,-46.92
171,90,6.16,-14.07,-46.11
171,90,6.32,-12.658,-46.15
171,90,6.48,-16.456,-50.54
171,90,6.64,-17.328,-51.72
171,90,6.8,-17.26,-50.76
171,90,6.96,-16.912,-51.24
171,90,7.12,-18.516,-53.11
171,90,7.28,-14.822,-49.2
171,90,7.44,-13.866,-48.2
171,90,7.6,-14.47,-47.87
171,90,7.76,-13.958,-49.18
171,90,7.92,-13.962,-48.59
171,90,8.08,-16.966,-51.77
171,90,8.24,-17.882,-52.99
171,90,8.4,-18.89,-54.27
171,90,8.56,-17.792,-54.07
171,90,8.72,-18.198,-55.5
171,90,8.88,-17.808,-54.95
171,90,9.04,-19.534,-57.32
171,90,9.2,-19.64,-58.5
171,90,9.36,-18.714,-56.78
171,90,9.52,-18.672,-57.05
171,90,9.68,-18.13,-57.02
171,90,9.84,-16.716,-55.83
171,90,10,-19.42,-58.49
171,90,10.16,-19.258,-58.9
171,90,10.32,-14.292,-53.92
171,90,10.48,-14.878,-54.41
171,90,10.64,-24.008,-64.02
171,90,10.8,-22.02,-62.29
171,90,10.96,-21.896,-61.88
171,90,11.12,-20.126,-60.37
171,90,11.28,-20.726,-61.17
171,90,11.44,-21.572,-62.32
171,90,11.6,-21.03,-61.9
171,90,11.76,-24.534,-65.65
171,90,11.92,-21.884,-63.01
171,90,12.08,-17.54,-59.73
171,90,12.24,-19.044,-61.3
171,90,12.4,-24.81,-67.47
171,90,12.56,-22.76,-66.83
171,90,12.72,-27.184,-71.74
171,90,12.88,-24.726,-69.93
171,90,13.04,-23.748,-70.25
171,90,13.2,-19.1,-65.88
171,90,13.36,-18.404,-64.62
171,90,13.52,-22.412,-68.42
171,90,13.68,-20.43,-67.11
171,90,13.84,-18.008,-65.49
171,90,14,-31.85,-79.7
171,90,14.16,-15.766,-63.99
171,90,14.32,-17.216,-66.17
171,90,14.48,-22.974,-74.8
171,90,14.64,-20.964,-70.42
171,90,14.8,-17.94,-65.95
171,90,14.96,-23.912,-71.04
171,90,15.12,-24.1,-70.53
171,90,15.28,-28.5,-75.05
171,90,15.44,-19.896,-66.21
171,90,15.6,-20.77,-67.4
171,90,15.76,-23.398,-70.59
171,90,15.92,-25.822,-73
171,90,16.08,-20.182,-67.64
171,90,16.24,-24.114,-72.24
171,90,16.4,-15.24,-65.05
171,90,16.56,-19.878,-68.81
171,90,16.72,-19.148,-68.63
171,90,16.88,-26.784,-77.25
171,90,17.04,-22.286,-73.54
171,90,17.2,-20.05,-72.48
171,90,17.36,-19.406,-72.05
171,90,17.52,-19.176,-71.71
171,90,17.68,-19.112,-72.19
171,90,17.84,-17.398,-70.31
171,90,18,-24.98,-77.79
172,90,2,-10.93,-32.72
172,90,2.16,-10.618,-34.03
172,90,2.32,-10.286,-35.94
172,90,2.48,-11.274,-38.52
172,90,2.64,-12.868,-41.58
172,90,2.8,-15.25,-42.31
172,90,2.96,-8.728,-37.04
172,90,3.12,-8.976,-37.21
172,90,3.28,-8.342,-38.36
172,90,3.44,-6.532,-35.18
172,90,3.6,-11.35,-38.8
172,90,3.76,-12.054,-41.54
172,90,3.92,-12.752,-40.3
172,90,4.08,-14.382,-42.05
172,90,4.24,-15.806,-44.83
172,90,4.4,-13.62,-43.43
172,90,4.56,-12.336,-42.15
172,90,4.72,-16.564,-46.55
172,90,4.88,-17.02,-47.15
172,90,5.04,-14.77,-44.82
172,90,5.2,-11.88,-43.3
172,90,5.36,-12.53,-43.33
172,90,5.52,-14.708,-44.99
172,90,5.68,-10.96,-42.33
172,90,5.84,-13.152,-44.6
172,90,6,-16.2,-47.74
172,90,6.16,-14.42,-46.46
172,90,6.32,-13.018,-46.51
172,90,6.48,-16.136,-50.22
172,90,6.64,-17.718,-52.11
172,90,6.8,-18.67,-52.17
172,90,6.96,-17.402,-51.73
172,90,7.12,-18.406,-53
172,90,7.28,-15.592,-49.97
172,90,7.44,-15.576,-49.91
172,90,7.6,-15.75,-49.15
172,90,7.76,-12.908,-48.13
172,90,7.92,-14.182,-48.81
172,90,8.08,-17.796,-52.6
172,90,8.24,-17.522,-52.63
172,90,8.4,-17.54,-52.92
172,90,8.56,-17.812,-54.09
172,90,8.72,-16.168,-53.47
172,90,8.88,-17.398,-54.54
172,90,9.04,-17.824,-55.61
172,90,9.2,-18.39,-57.25
172,90,9.36,-18.674,-56.74
172,90,9.52,-17.542,-55.92
172,90,9.68,-18.61,-57.5
172,90,9.84,-15.576,-54.69
172,90,10,-18.32,-57.39
172,90,10.16,-18.708,-58.35
172,90,10.32,-15.472,-55.1
172,90,10.48,-15.668,-55.2
172,90,10.64,-22.378,-62.39
172,90,10.8,-22.46,-62.73
172,90,10.96,-20.516,-60.5
172,90,11.12,-16.896,-57.14
172,90,11.28,-23.066,-63.51
172,90,11.44,-22.952,-63.7
172,90,11.6,-21.79,-62.66
172,90,11.76,-22.464,-63.58
172,90,11.92,-23.684,-64.81
172,90,12.08,-18.08,-60.27
172,90,12.24,-17.024,-59.28
172,90,12.4,-20.04,-62.7
172,90,12.56,-18.45,-62.52
172,90,12.72,-27.414,-71.97
172,90,12.88,-32.326,-77.53
172,90,13.04,-26.568,-73.07
172,90,13.2,-20.35,-67.13
172,90,13.36,-17.864,-64.08
172,90,13.52,-22.872,-68.88
172,90,13.68,-18.73,-65.41
172,90,13.84,-19.408,-66.89
172,90,14,-28.65,-76.5
172,90,14.16,-16.656,-64.88
172,90,14.32,-15.936,-64.89
172,90,14.48,-21.414,-73.24
172,90,14.64,-20.274,-69.73
172,90,14.8,-21.97,-69.98
172,90,14.96,-24.012,-71.14
172,90,15.12,-21.58,-68.01
172,90,15.28,-20.31,-66.86
172,90,15.44,-23.506,-69.82
172,90,15.6,-24.89,-71.52
172,90,15.76,-22.318,-69.51
172,90,15.92,-20.052,-67.23
172,90,16.08,-20.652,-68.11
172,90,16.24,-19.284,-67.41
172,90,16.4,-20.09,-69.9
172,90,16.56,-20.498,-69.43
172,90,16.72,-24.598,-74.08
172,90,16.88,-23.784,-74.25
172,90,17.04,-19.936,-71.19
172,90,17.2,-18.21,-70.64
172,90,17.36,-22.126,-74.77
172,90,17.52,-22.856,-75.39
172,90,17.68,-23.202,-76.28
172,90,17.84,-22.328,-75.24
172,90,18,-25.3,-78.11
173,90,2,-11.11,-32.9
173,90,2.16,-9.958,-33.37
173,90,2.32,-9.986,-35.64
173,90,2.48,-10.774,-38.02
173,90,2.64,-12.268,-40.98
173,90,2.8,-14.07,-41.13
173,90,2.96,-8.558,-36.87
173,90,3.12,-8.886,-37.12
173,90,3.28,-8.402,-38.42
173,90,3.44,-6.242,-34.89
173,90,3.6,-10.91,-38.36
173,90,3.76,-11.864,-41.35
173,90,3.92,-13.002,-40.55
173,90,4.08,-13.872,-41.54
173,90,4.24,-15.466,-44.49
173,90,4.4,-13.06,-42.87
173,90,4.56,-11.556,-41.37
173,90,4.72,-15.814,-45.8
173,90,4.88,-16.96,-47.09
173,90,5.04,-16.47,-46.52
173,90,5.2,-12.52,-43.94
173,90,5.36,-11.98,-42.78
173,90,5.52,-16.428,-46.71
173,90,5.68,-12.46,-43.83
173,90,5.84,-14.282,-45.73
173,90,6,-17.06,-48.6
173,90,6.16,-16.44,-48.48
173,90,6.32,-13.518,-47.01
173,90,6.48,-16.536,-50.62
173,90,6.64,-17.878,-52.27
173,90,6.8,-18.17,-51.67
173,90,6.96,-17.422,-51.75
173,90,7.12,-18.206,-52.8
173,90,7.28,-15.652,-50.03
173,90,7.44,-16.156,-50.49
173,90,7.6,-16.51,-49.91
173,90,7.76,-12.998,-48.22
173,90,7.92,-14.232,-48.86
173,90,8.08,-17.536,-52.34
173,90,8.24,-18.172,-53.28
173,90,8.4,-18.08,-53.46
173,90,8.56,-17.182,-53.46
173,90,8.72,-16.558,-53.86
173,90,8.88,-16.428,-53.57
173,90,9.04,-17.044,-54.83
173,90,9.2,-18.1,-56.96
173,90,9.36,-19.364,-57.43
173,90,9.52,-17.752,-56.13
173,90,9.68,-19.38,-58.27
173,90,9.84,-15.516,-54.63
173,90,10,-17.72,-56.79
173,90,10.16,-18.048,-57.69
173,90,10.32,-16.832,-56.46
173,90,10.48,-16.508,-56.04
173,90,10.64,-24.368,-64.38
173,90,10.8,-23.01,-63.28
173,90,10.96,-17.876,-57.86
173,90,11.12,-17.306,-57.55
173,90,11.28,-21.346,-61.79
173,90,11.44,-19.902,-60.65
173,90,11.6,-20.17,-61.04
173,90,11.76,-20.914,-62.03
173,90,11.92,-21.604,-62.73
173,90,12.08,-17.06,-59.25
173,90,12.24,-17.884,-60.14
173,90,12.4,-20.57,-63.23
173,90,12.56,-17.1,-61.17
173,90,12.72,-27.014,-71.57
173,90,12.88,-30.036,-75.24
173,90,13.04,-20.688,-67.19
173,90,13.2,-21.88,-68.66
173,90,13.36,-21.754,-67.97
173,90,13.52,-19.932,-65.94
173,90,13.68,-16.94,-63.62
173,90,13.84,-26.408,-73.89
173,90,14,-21.98,-69.83
173,90,14.16,-19.936,-68.16
173,90,14.32,-18.026,-66.98
173,90,14.48,-21.164,-72.99
173,90,14.64,-23.684,-73.14
173,90,14.8,-21.98,-69.99
173,90,14.96,-18.732,-65.86
173,90,15.12,-20.16,-66.59
173,90,15.28,-31.46,-78.01
173,90,15.44,-25.116,-71.43
173,90,15.6,-26.31,-72.94
173,90,15.76,-22.538,-69.73
173,90,15.92,-25.232,-72.41
173,90,16.08,-22.872,-70.33
173,90,16.24,-23.384,-71.51
173,90,16.4,-19.24,-69.05
173,90,16.56,-22.038,-70.97
173,90,16.72,-25.168,-74.65
173,90,16.88,-38.074,-88.54
173,90,17.04,-23.536,-74.79
173,90,17.2,-21.27,-73.7
173,90,17.36,-26.826,-79.47
173,90,17.52,-20.576,-73.11
173,90,17.68,-21.432,-74.51
173,90,17.84,-21.998,-74.91
173,90,18,-15.86,-68.67
174,90,2,-11.11,-32.9
174,90,2.16,-9.428,-32.84
174,90,2.32,-9.706,-35.36
174,90,2.48,-10.294,-37.54
174,90,2.64,-11.668,-40.38
174,90,2.8,-12.43,-39.49
174,90,2.96,-8.248,-36.56
174,90,3.12,-8.936,-37.17
174,90,3.28,-8.472,-38.49
174,90,3.44,-6.002,-34.65
174,90,3.6,-10.25,-37.7
174,90,3.76,-11.974,-41.46
174,90,3.92,-13.352,-40.9
174,90,4.08,-14.262,-41.93
174,90,4.24,-15.326,-44.35
174,90,4.4,-12.75,-42.56
174,90,4.56,-10.956,-40.77
174,90,4.72,-15.794,-45.78
174,90,4.88,-16.64,-46.77
174,90,5.04,-16.75,-46.8
174,90,5.2,-12.85,-44.27
174,90,5.36,-11.18,-41.98
174,90,5.52,-16.368,-46.65
174,90,5.68,-13.18,-44.55
174,90,5.84,-15.382,-46.83
174,90,6,-18,-49.54
174,90,6.16,-17.15,-49.19
174,90,6.32,-15.348,-48.84
174,90,6.48,-17.146,-51.23
174,90,6.64,-19.018,-53.41
174,90,6.8,-17.94,-51.44
174,90,6.96,-18.992,-53.32
174,90,7.12,-19.606,-54.2
174,90,7.28,-16.172,-50.55
174,90,7.44,-16.366,-50.7
174,90,7.6,-17.26,-50.66
174,90,7.76,-13.298,-48.52
174,90,7.92,-14.272,-48.9
174,90,8.08,-16.746,-51.55
174,90,8.24,-19.242,-54.35
174,90,8.4,-18.5,-53.88
174,90,8.56,-18.942,-55.22
174,90,8.72,-15.588,-52.89
174,90,8.88,-16.598,-53.74
174,90,9.04,-18.594,-56.38
174,90,9.2,-18.4,-57.26
174,90,9.36,-20.034,-58.1
174,90,9.52,-17.972,-56.35
174,90,9.68,-16.81,-55.7
174,90,9.84,-16.046,-55.16
174,90,10,-19.58,-58.65
174,90,10.16,-16.838,-56.48
174,90,10.32,-18.802,-58.43
174,90,10.48,-16.358,-55.89
174,90,10.64,-23.618,-63.63
174,90,10.8,-25.01,-65.28
174,90,10.96,-18.636,-58.62
174,90,11.12,-15.746,-55.99
174,90,11.28,-18.796,-59.24
174,90,11.44,-18.042,-58.79
174,90,11.6,-19.61,-60.48
174,90,11.76,-19.804,-60.92
174,90,11.92,-17.114,-58.24
174,90,12.08,-16.98,-59.17
174,90,12.24,-16.964,-59.22
174,90,12.4,-17.77,-60.43
174,90,12.56,-17.54,-61.61
174,90,12.72,-23.664,-68.22
174,90,12.88,-34.326,-79.53
174,90,13.04,-23.628,-70.13
174,90,13.2,-16.81,-63.59
174,90,13.36,-20.994,-67.21
174,90,13.52,-23.012,-69.02
174,90,13.68,-17.42,-64.1
174,90,13.84,-15.678,-63.16
174,90,14,-22.95,-70.8
174,90,14.16,-18.546,-66.77
174,90,14.32,-15.276,-64.23
174,90,14.48,-19.434,-71.26
174,90,14.64,-26.004,-75.46
174,90,14.8,-25.18,-73.19
174,90,14.96,-22.592,-69.72
174,90,15.12,-29.5,-75.93
174,90,15.28,-28.31,-74.86
174,90,15.44,-23.636,-69.95
174,90,15.6,-27.39,-74.02
174,90,15.76,-22.448,-69.64
174,90,15.92,-21.752,-68.93
174,90,16.08,-22.162,-69.62
174,90,16.24,-27.034,-75.16
174,90,16.4,-26.36,-76.17
174,90,16.56,-24.988,-73.92
174,90,16.72,-24.038,-73.52
174,90,16.88,-18.204,-68.67
174,90,17.04,-24.166,-75.42
174,90,17.2,-18.62,-71.05
174,90,17.36,-21.886,-74.53
174,90,17.52,-18.886,-71.42
174,90,17.68,-27.062,-80.14
174,90,17.84,-24.808,-77.72
174,90,18,-26.59,-79.4
175,90,2,-11.13,-32.92
175,90,2.16,-8.888,-32.3
175,90,2.32,-9.506,-35.16
175,90,2.48,-10.094,-37.34
175,90,2.64,-11.288,-40
175,90,2.8,-11.19,-38.25
175,90,2.96,-7.678,-35.99
175,90,3.12,-8.776,-37.01
175,90,3.28,-8.232,-38.25
175,90,3.44,-5.932,-34.58
175,90,3.6,-9.55,-37
175,90,3.76,-12.044,-41.53
175,90,3.92,-13.692,-41.24
175,90,4.08,-14.952,-42.62
175,90,4.24,-15.856,-44.88
175,90,4.4,-12.28,-42.09
175,90,4.56,-11.096,-40.91
175,90,4.72,-15.694,-45.68
175,90,4.88,-16.54,-46.67
175,90,5.04,-16.06,-46.11
175,90,5.2,-12.36,-43.78
175,90,5.36,-10.85,-41.65
175,90,5.52,-15.088,-45.37
175,90,5.68,-13.51,-44.88
175,90,5.84,-15.322,-46.77
175,90,6,-17.77,-49.31
175,90,6.16,-17.6,-49.64
175,90,6.32,-17.398,-50.89
175,90,6.48,-20.026,-54.11
175,90,6.64,-19.308,-53.7
175,90,6.8,-18.1,-51.6
175,90,6.96,-20.322,-54.65
175,90,7.12,-20.006,-54.6
175,90,7.28,-15.942,-50.32
175,90,7.44,-15.416,-49.75
175,90,7.6,-16.07,-49.47
175,90,7.76,-14.778,-50
175,90,7.92,-14.772,-49.4
175,90,8.08,-16.116,-50.92
175,90,8.24,-20.802,-55.91
175,90,8.4,-19.58,-54.96
175,90,8.56,-18.982,-55.26
175,90,8.72,-17.478,-54.78
175,90,8.88,-18.098,-55.24
175,90,9.04,-20.134,-57.92
175,90,9.2,-19.85,-58.71
175,90,9.36,-21.994,-60.06
175,90,9.52,-17.512,-55.89
175,90,9.68,-17.1,-55.99
175,90,9.84,-16.776,-55.89
175,90,10,-19.85,-58.92
175,90,10.16,-17.008,-56.65
175,90,10.32,-19.002,-58.63
175,90,10.48,-17.168,-56.7
175,90,10.64,-21.408,-61.42
175,90,10.8,-25.83,-66.1
175,90,10.96,-20.946,-60.93
175,90,11.12,-16.856,-57.1
175,90,11.28,-18.286,-58.73
175,90,11.44,-19.612,-60.36
175,90,11.6,-21.45,-62.32
175,90,11.76,-20.224,-61.34
175,90,11.92,-19.824,-60.95
175,90,12.08,-15.11,-57.3
175,90,12.24,-18.494,-60.75
175,90,12.4,-19.36,-62.02
175,90,12.56,-18.59,-62.66
175,90,12.72,-18.394,-62.95
175,90,12.88,-20.906,-66.11
175,90,13.04,-25.608,-72.11
175,90,13.2,-20.48,-67.26
175,90,13.36,-18.664,-64.88
175,90,13.52,-22.272,-68.28
175,90,13.68,-25.72,-72.4
175,90,13.84,-19.888,-67.37
175,90,14,-23.43,-71.28
175,90,14.16,-16.976,-65.2
175,90,14.32,-15.336,-64.29
175,90,14.48,-21.914,-73.74
175,90,14.64,-30.754,-80.21
175,90,14.8,-19.36,-67.37
175,90,14.96,-21.602,-68.73
175,90,15.12,-22.88,-69.31
175,90,15.28,-26.67,-73.22
175,90,15.44,-28.986,-75.3
175,90,15.6,-25.65,-72.28
175,90,15.76,-48.848,-96.04
175,90,15.92,-25.702,-72.88
175,90,16.08,-29.782,-77.24
175,90,16.24,-27.384,-75.51
175,90,16.4,-27.88,-77.69
175,90,16.56,-20.498,-69.43
175,90,16.72,-18.518,-68
175,90,16.88,-19.734,-70.2
175,90,17.04,-28.136,-79.39
175,90,17.2,-31.59,-84.02
175,90,17.36,-29.566,-82.21
175,90,17.52,-28.736,-81.27
175,90,17.68,-38.182,-91.26
175,90,17.84,-20.938,-73.85
175,90,18,-17.8,-70.61
176,90,2,-11.2,-32.99
176,90,2.16,-8.498,-31.91
176,90,2.32,-9.316,-34.97
176,90,2.48,-9.924,-37.17
176,90,2.64,-10.838,-39.55
176,90,2.8,-9.95,-37.01
176,90,2.96,-6.968,-35.28
176,90,3.12,-8.386,-36.62
176,90,3.28,-8.04200000000001,-38.06
176,90,3.44,-5.732,-34.38
176,90,3.6,-8.81,-36.26
176,90,3.76,-11.704,-41.19
176,90,3.92,-13.402,-40.95
176,90,4.08,-15.912,-43.58
176,90,4.24,-16.636,-45.66
176,90,4.4,-12.38,-42.19
176,90,4.56,-11.636,-41.45
176,90,4.72,-16.114,-46.1
176,90,4.88,-16.74,-46.87
176,90,5.04,-15.33,-45.38
176,90,5.2,-11.57,-42.99
176,90,5.36,-11,-41.8
176,90,5.52,-13.718,-44
176,90,5.68,-12.96,-44.33
176,90,5.84,-14.792,-46.24
176,90,6,-17.14,-48.68
176,90,6.16,-17.15,-49.19
176,90,6.32,-19.128,-52.62
176,90,6.48,-21.716,-55.8
176,90,6.64,-19.368,-53.76
176,90,6.8,-17.74,-51.24
176,90,6.96,-22.282,-56.61
176,90,7.12,-20.796,-55.39
176,90,7.28,-16.012,-50.39
176,90,7.44,-15.336,-49.67
176,90,7.6,-16.93,-50.33
176,90,7.76,-15.148,-50.37
176,90,7.92,-14.232,-48.86
176,90,8.08,-15.216,-50.02
176,90,8.24,-19.672,-54.78
176,90,8.4,-19.62,-55
176,90,8.56,-20.202,-56.48
176,90,8.72,-17.628,-54.93
176,90,8.88,-22.458,-59.6
176,90,9.04,-24.264,-62.05
176,90,9.2,-21.58,-60.44
176,90,9.36,-25.974,-64.04
176,90,9.52,-19.982,-58.36
176,90,9.68,-17.43,-56.32
176,90,9.84,-16.326,-55.44
176,90,10,-18.78,-57.85
176,90,10.16,-20.158,-59.8
176,90,10.32,-18.612,-58.24
176,90,10.48,-18.898,-58.43
176,90,10.64,-20.998,-61.01
176,90,10.8,-31.33,-71.6
176,90,10.96,-23.006,-62.99
176,90,11.12,-18.066,-58.31
176,90,11.28,-21.366,-61.81
176,90,11.44,-21.812,-62.56
176,90,11.6,-20.76,-61.63
176,90,11.76,-21.414,-62.53
176,90,11.92,-19.114,-60.24
176,90,12.08,-18.31,-60.5
176,90,12.24,-19.524,-61.78
176,90,12.4,-21.47,-64.13
176,90,12.56,-17.95,-62.02
176,90,12.72,-22.754,-67.31
176,90,12.88,-19.886,-65.09
176,90,13.04,-26.108,-72.61
176,90,13.2,-20.78,-67.56
176,90,13.36,-20.244,-66.46
176,90,13.52,-19.082,-65.09
176,90,13.68,-20.23,-66.91
176,90,13.84,-18.188,-65.67
176,90,14,-16.68,-64.53
176,90,14.16,-18.396,-66.62
176,90,14.32,-15.856,-64.81
176,90,14.48,-21.474,-73.3
176,90,14.64,-23.724,-73.18
176,90,14.8,-18.18,-66.19
176,90,14.96,-21.132,-68.26
176,90,15.12,-25.49,-71.92
176,90,15.28,-20.36,-66.91
176,90,15.44,-26.586,-72.9
176,90,15.6,-25.64,-72.27
176,90,15.76,-35.168,-82.36
176,90,15.92,-17.972,-65.15
176,90,16.08,-25.812,-73.27
176,90,16.24,-22.274,-70.4
176,90,16.4,-19.8,-69.61
176,90,16.56,-22.628,-71.56
176,90,16.72,-21.808,-71.29
176,90,16.88,-27.514,-77.98
176,90,17.04,-20.736,-71.99
176,90,17.2,-24.12,-76.55
176,90,17.36,-25.126,-77.77
176,90,17.52,-17.846,-70.38
176,90,17.68,-18.922,-72
176,90,17.84,-19.388,-72.3
176,90,18,-33.44,-86.25
177,90,2,-11.19,-32.98
177,90,2.16,-8.218,-31.63
177,90,2.32,-9.226,-34.88
177,90,2.48,-9.824,-37.07
177,90,2.64,-10.928,-39.64
177,90,2.8,-8.87,-35.93
177,90,2.96,-6.468,-34.78
177,90,3.12,-8.246,-36.48
177,90,3.28,-7.972,-37.99
177,90,3.44,-5.672,-34.32
177,90,3.6,-8.22,-35.67
177,90,3.76,-11.394,-40.88
177,90,3.92,-13.382,-40.93
177,90,4.08,-17.192,-44.86
177,90,4.24,-17.596,-46.62
177,90,4.4,-12.22,-42.03
177,90,4.56,-12.716,-42.53
177,90,4.72,-16.834,-46.82
177,90,4.88,-17.78,-47.91
177,90,5.04,-14.43,-44.48
177,90,5.2,-10.3,-41.72
177,90,5.36,-11.19,-41.99
177,90,5.52,-13.338,-43.62
177,90,5.68,-12.25,-43.62
177,90,5.84,-13.422,-44.87
177,90,6,-15.76,-47.3
177,90,6.16,-16.69,-48.73
177,90,6.32,-18.438,-51.93
177,90,6.48,-21.816,-55.9
177,90,6.64,-19.948,-54.34
177,90,6.8,-18.03,-51.53
177,90,6.96,-22.972,-57.3
177,90,7.12,-22.106,-56.7
177,90,7.28,-17.122,-51.5
177,90,7.44,-16.786,-51.12
177,90,7.6,-17,-50.4
177,90,7.76,-14.978,-50.2
177,90,7.92,-15.142,-49.77
177,90,8.08,-16.746,-51.55
177,90,8.24,-20.872,-55.98
177,90,8.4,-20.52,-55.9
177,90,8.56,-20.912,-57.19
177,90,8.72,-19.188,-56.49
177,90,8.88,-23.008,-60.15
177,90,9.04,-22.404,-60.19
177,90,9.2,-23.4,-62.26
177,90,9.36,-34.874,-72.94
177,90,9.52,-22.692,-61.07
177,90,9.68,-18.36,-57.25
177,90,9.84,-17.026,-56.14
177,90,10,-17.64,-56.71
177,90,10.16,-21.358,-61
177,90,10.32,-19.002,-58.63
177,90,10.48,-17.578,-57.11
177,90,10.64,-20.568,-60.58
177,90,10.8,-25.29,-65.56
177,90,10.96,-21.566,-61.55
177,90,11.12,-21.726,-61.97
177,90,11.28,-24.026,-64.47
177,90,11.44,-25.642,-66.39
177,90,11.6,-24.21,-65.08
177,90,11.76,-26.814,-67.93
177,90,11.92,-21.184,-62.31
177,90,12.08,-19.63,-61.82
177,90,12.24,-22.364,-64.62
177,90,12.4,-24.02,-66.68
177,90,12.56,-17.49,-61.56
177,90,12.72,-22.384,-66.94
177,90,12.88,-21.746,-66.95
177,90,13.04,-24.858,-71.36
177,90,13.2,-15.96,-62.74
177,90,13.36,-18.664,-64.88
177,90,13.52,-19.372,-65.38
177,90,13.68,-21.65,-68.33
177,90,13.84,-16.198,-63.68
177,90,14,-23.25,-71.1
177,90,14.16,-18.486,-66.71
177,90,14.32,-18.646,-67.6
177,90,14.48,-23.864,-75.69
177,90,14.64,-21.364,-70.82
177,90,14.8,-19.32,-67.33
177,90,14.96,-26.292,-73.42
177,90,15.12,-22.29,-68.72
177,90,15.28,-26.61,-73.16
177,90,15.44,-23.136,-69.45
177,90,15.6,-34.93,-81.56
177,90,15.76,-24.518,-71.71
177,90,15.92,-17.932,-65.11
177,90,16.08,-22.442,-69.9
177,90,16.24,-19.404,-67.53
177,90,16.4,-19.03,-68.84
177,90,16.56,-20.498,-69.43
177,90,16.72,-32.568,-82.05
177,90,16.88,-19.194,-69.66
177,90,17.04,-35.296,-86.55
177,90,17.2,-20.5,-72.93
177,90,17.36,-20.466,-73.11
177,90,17.52,-21.046,-73.58
177,90,17.68,-30.132,-83.21
177,90,17.84,-21.638,-74.55
177,90,18,-34.53,-87.34
178,90,2,-11.11,-32.9
178,90,2.16,-8.068,-31.48
178,90,2.32,-9.076,-34.73
178,90,2.48,-9.744,-36.99
178,90,2.64,-10.768,-39.48
178,90,2.8,-8.26,-35.32
178,90,2.96,-5.828,-34.14
178,90,3.12,-8.036,-36.27
178,90,3.28,-7.802,-37.82
178,90,3.44,-5.472,-34.12
178,90,3.6,-7.74,-35.19
178,90,3.76,-10.844,-40.33
178,90,3.92,-12.882,-40.43
178,90,4.08,-17.912,-45.58
178,90,4.24,-18.196,-47.22
178,90,4.4,-11.98,-41.79
178,90,4.56,-14.296,-44.11
178,90,4.72,-18.224,-48.21
178,90,4.88,-18.31,-48.44
178,90,5.04,-13.18,-43.23
178,90,5.2,-9.63,-41.05
178,90,5.36,-11.8,-42.6
178,90,5.52,-13.308,-43.59
178,90,5.68,-11.58,-42.95
178,90,5.84,-12.542,-43.99
178,90,6,-14.19,-45.73
178,90,6.16,-16,-48.04
178,90,6.32,-17.458,-50.95
178,90,6.48,-20.296,-54.38
178,90,6.64,-20.428,-54.82
178,90,6.8,-17.28,-50.78
178,90,6.96,-20.582,-54.91
178,90,7.12,-23.116,-57.71
178,90,7.28,-18.332,-52.71
178,90,7.44,-18.956,-53.29
178,90,7.6,-19.82,-53.22
178,90,7.76,-15.038,-50.26
178,90,7.92,-14.822,-49.45
178,90,8.08,-18.226,-53.03
178,90,8.24,-22.652,-57.76
178,90,8.4,-22.77,-58.15
178,90,8.56,-22.262,-58.54
178,90,8.72,-21.708,-59.01
178,90,8.88,-21.698,-58.84
178,90,9.04,-21.784,-59.57
178,90,9.2,-22.31,-61.17
178,90,9.36,-31.434,-69.5
178,90,9.52,-20.842,-59.22
178,90,9.68,-19.73,-58.62
178,90,9.84,-16.856,-55.97
178,90,10,-19.88,-58.95
178,90,10.16,-20.188,-59.83
178,90,10.32,-17.822,-57.45
178,90,10.48,-19.518,-59.05
178,90,10.64,-22.198,-62.21
178,90,10.8,-25.04,-65.31
178,90,10.96,-23.176,-63.16
178,90,11.12,-18.616,-58.86
178,90,11.28,-25.546,-65.99
178,90,11.44,-24.332,-65.08
178,90,11.6,-20.8,-61.67
178,90,11.76,-25.104,-66.22
178,90,11.92,-23.094,-64.22
178,90,12.08,-19.96,-62.15
178,90,12.24,-21.954,-64.21
178,90,12.4,-22.35,-65.01
178,90,12.56,-20.73,-64.8
178,90,12.72,-27.284,-71.84
178,90,12.88,-40.956,-86.16
178,90,13.04,-35.888,-82.39
178,90,13.2,-20.11,-66.89
178,90,13.36,-20.974,-67.19
178,90,13.52,-21.462,-67.47
178,90,13.68,-21,-67.68
178,90,13.84,-19.268,-66.75
178,90,14,-21.17,-69.02
178,90,14.16,-21.806,-70.03
178,90,14.32,-20.916,-69.87
178,90,14.48,-20.794,-72.62
178,90,14.64,-19.894,-69.35
178,90,14.8,-20.32,-68.33
178,90,14.96,-22.772,-69.9
178,90,15.12,-24.47,-70.9
178,90,15.28,-26.24,-72.79
178,90,15.44,-23.946,-70.26
178,90,15.6,-24.65,-71.28
178,90,15.76,-18.078,-65.27
178,90,15.92,-25.752,-72.93
178,90,16.08,-23.712,-71.17
178,90,16.24,-25.574,-73.7
178,90,16.4,-21.75,-71.56
178,90,16.56,-18.978,-67.91
178,90,16.72,-21.768,-71.25
178,90,16.88,-21.094,-71.56
178,90,17.04,-29.926,-81.18
178,90,17.2,-18.67,-71.1
178,90,17.36,-17.776,-70.42
178,90,17.52,-21.206,-73.74
178,90,17.68,-23.212,-76.29
178,90,17.84,-20.898,-73.81
178,90,18,-21.18,-73.99
179,90,2,-10.99,-32.78
179,90,2.16,-7.848,-31.26
179,90,2.32,-8.926,-34.58
179,90,2.48,-9.73399999999999,-36.98
179,90,2.64,-10.778,-39.49
179,90,2.8,-7.7,-34.76
179,90,2.96,-5.488,-33.8
179,90,3.12,-7.786,-36.02
179,90,3.28,-7.652,-37.67
179,90,3.44,-5.472,-34.12
179,90,3.6,-7.46,-34.91
179,90,3.76,-10.534,-40.02
179,90,3.92,-12.522,-40.07
179,90,4.08,-18.442,-46.11
179,90,4.24,-18.246,-47.27
179,90,4.4,-12.07,-41.88
179,90,4.56,-15.496,-45.31
179,90,4.72,-19.604,-49.59
179,90,4.88,-17.66,-47.79
179,90,5.04,-12.17,-42.22
179,90,5.2,-8.91,-40.33
179,90,5.36,-12.18,-42.98
179,90,5.52,-13.318,-43.6
179,90,5.68,-11.04,-42.41
179,90,5.84,-11.782,-43.23
179,90,6,-13.2,-44.74
179,90,6.16,-14.81,-46.85
179,90,6.32,-15.878,-49.37
179,90,6.48,-19.246,-53.33
179,90,6.64,-20.768,-55.16
179,90,6.8,-16.76,-50.26
179,90,6.96,-20.832,-55.16
179,90,7.12,-21.476,-56.07
179,90,7.28,-17.622,-52
179,90,7.44,-22.386,-56.72
179,90,7.6,-22.13,-55.53
179,90,7.76,-15.538,-50.76
179,90,7.92,-14.772,-49.4
179,90,8.08,-18.626,-53.43
179,90,8.24,-24.632,-59.74
179,90,8.4,-30.26,-65.64
179,90,8.56,-25.052,-61.33
179,90,8.72,-22.558,-59.86
179,90,8.88,-19.538,-56.68
179,90,9.04,-19.704,-57.49
179,90,9.2,-20.8,-59.66
179,90,9.36,-30.024,-68.09
179,90,9.52,-22.022,-60.4
179,90,9.68,-20.11,-59
179,90,9.84,-16.576,-55.69
179,90,10,-17.89,-56.96
179,90,10.16,-19.668,-59.31
179,90,10.32,-22.642,-62.27
179,90,10.48,-17.588,-57.12
179,90,10.64,-24.548,-64.56
179,90,10.8,-30.11,-70.38
179,90,10.96,-31.466,-71.45
179,90,11.12,-19.496,-59.74
179,90,11.28,-25.306,-65.75
179,90,11.44,-23.122,-63.87
179,90,11.6,-21.11,-61.98
179,90,11.76,-24.374,-65.49
179,90,11.92,-22.554,-63.68
179,90,12.08,-18.84,-61.03
179,90,12.24,-29.464,-71.72
179,90,12.4,-30.37,-73.03
179,90,12.56,-21,-65.07
179,90,12.72,-24.854,-69.41
179,90,12.88,-24.196,-69.4
179,90,13.04,-20.948,-67.45
179,90,13.2,-17.6,-64.38
179,90,13.36,-22.554,-68.77
179,90,13.52,-25.202,-71.21
179,90,13.68,-27.09,-73.77
179,90,13.84,-19.408,-66.89
179,90,14,-22.55,-70.4
179,90,14.16,-18.466,-66.69
179,90,14.32,-17.536,-66.49
179,90,14.48,-27.134,-78.96
179,90,14.64,-22.184,-71.64
179,90,14.8,-21.07,-69.08
179,90,14.96,-24.712,-71.84
179,90,15.12,-16.45,-62.88
179,90,15.28,-24.18,-70.73
179,90,15.44,-24.226,-70.54
179,90,15.6,-18.54,-65.17
179,90,15.76,-17.648,-64.84
179,90,15.92,-25.802,-72.98
179,90,16.08,-22.862,-70.32
179,90,16.24,-21.464,-69.59
179,90,16.4,-16.23,-66.04
179,90,16.56,-14.928,-63.86
179,90,16.72,-18.318,-67.8
179,90,16.88,-21.984,-72.45
179,90,17.04,-26.886,-78.14
179,90,17.2,-18.09,-70.52
179,90,17.36,-23.616,-76.26
179,90,17.52,-12.626,-65.16
179,90,17.68,-24.202,-77.28
179,90,17.84,-18.588,-71.5
179,90,18,-22.75,-75.56
180,90,2,-10.94,-32.73
180,90,2.16,-7.788,-31.2
180,90,2.32,-8.826,-34.48
180,90,2.48,-9.814,-37.06
180,90,2.64,-10.948,-39.66
180,90,2.8,-7.54,-34.6
180,90,2.96,-5.338,-33.65
180,90,3.12,-7.666,-35.9
180,90,3.28,-7.722,-37.74
180,90,3.44,-5.472,-34.12
180,90,3.6,-7.59,-35.04
180,90,3.76,-10.354,-39.84
180,90,3.92,-12.332,-39.88
180,90,4.08,-18.202,-45.87
180,90,4.24,-18.296,-47.32
180,90,4.4,-11.83,-41.64
180,90,4.56,-16.076,-45.89
180,90,4.72,-20.784,-50.77
180,90,4.88,-17.44,-47.57
180,90,5.04,-12.27,-42.32
180,90,5.2,-8.83,-40.25
180,90,5.36,-12.45,-43.25
180,90,5.52,-13.648,-43.93
180,90,5.68,-10.66,-42.03
180,90,5.84,-11.242,-42.69
180,90,6,-12.68,-44.22
180,90,6.16,-14.72,-46.76
180,90,6.32,-15.728,-49.22
180,90,6.48,-18.236,-52.32
180,90,6.64,-19.148,-53.54
180,90,6.8,-16.67,-50.17
180,90,6.96,-19.782,-54.11
180,90,7.12,-19.996,-54.59
180,90,7.28,-17.312,-51.69
180,90,7.44,-23.056,-57.39
180,90,7.6,-24.7,-58.1
180,90,7.76,-15.688,-50.91
180,90,7.92,-15.582,-50.21
180,90,8.08,-19.506,-54.31
180,90,8.24,-28.692,-63.8
180,90,8.4,-31.38,-66.76
180,90,8.56,-27.022,-63.3
180,90,8.72,-21.938,-59.24
180,90,8.88,-18.668,-55.81
180,90,9.04,-19.544,-57.33
180,90,9.2,-19.14,-58
180,90,9.36,-27.514,-65.58
180,90,9.52,-24.232,-62.61
180,90,9.68,-19.88,-58.77
180,90,9.84,-18.246,-57.36
180,90,10,-18.15,-57.22
180,90,10.16,-19.628,-59.27
180,90,10.32,-21.932,-61.56
180,90,10.48,-18.038,-57.57
180,90,10.64,-24.048,-64.06
180,90,10.8,-32.17,-72.44
180,90,10.96,-26.766,-66.75
180,90,11.12,-21.556,-61.8
180,90,11.28,-27.866,-68.31
180,90,11.44,-24.942,-65.69
180,90,11.6,-21.88,-62.75
180,90,11.76,-22.774,-63.89
180,90,11.92,-22.324,-63.45
180,90,12.08,-22.37,-64.56
180,90,12.24,-25.274,-67.53
180,90,12.4,-26.31,-68.97
180,90,12.56,-18.91,-62.98
180,90,12.72,-26.874,-71.43
180,90,12.88,-41.986,-87.19
180,90,13.04,-27.308,-73.81
180,90,13.2,-18.05,-64.83
180,90,13.36,-26.164,-72.38
180,90,13.52,-31.692,-77.7
180,90,13.68,-21.21,-67.89
180,90,13.84,-20.428,-67.91
180,90,14,-20.88,-68.73
180,90,14.16,-16.636,-64.86
180,90,14.32,-15.886,-64.84
180,90,14.48,-23.364,-75.19
180,90,14.64,-21.664,-71.12
180,90,14.8,-22.25,-70.26
180,90,14.96,-24.442,-71.57
180,90,15.12,-20.47,-66.9
180,90,15.28,-23.3,-69.85
180,90,15.44,-19.016,-65.33
180,90,15.6,-20.38,-67.01
180,90,15.76,-17.918,-65.11
180,90,15.92,-17.462,-64.64
180,90,16.08,-20.322,-67.78
180,90,16.24,-19.004,-67.13
180,90,16.4,-15.36,-65.17
180,90,16.56,-20.878,-69.81
180,90,16.72,-16.158,-65.64
180,90,16.88,-18.374,-68.84
180,90,17.04,-19.726,-70.98
180,90,17.2,-16.94,-69.37
180,90,17.36,-26.146,-78.79
180,90,17.52,-16.436,-68.97
180,90,17.68,-15.062,-68.14
180,90,17.84,-18.308,-71.22
180,90,18,-22.15,-74.96
181,90,2,-10.84,-32.63
181,90,2.16,-7.898,-31.31
181,90,2.32,-8.896,-34.55
181,90,2.48,-9.974,-37.22
181,90,2.64,-11.048,-39.76
181,90,2.8,-7.63,-34.69
181,90,2.96,-5.318,-33.63
181,90,3.12,-7.516,-35.75
181,90,3.28,-7.552,-37.57
181,90,3.44,-5.472,-34.12
181,90,3.6,-7.75,-35.2
181,90,3.76,-10.234,-39.72
181,90,3.92,-12.422,-39.97
181,90,4.08,-18.212,-45.88
181,90,4.24,-17.696,-46.72
181,90,4.4,-11.75,-41.56
181,90,4.56,-15.756,-45.57
181,90,4.72,-20.794,-50.78
181,90,4.88,-16.97,-47.1
181,90,5.04,-12.49,-42.54
181,90,5.2,-9.19,-40.61
181,90,5.36,-12.16,-42.96
181,90,5.52,-14.018,-44.3
181,90,5.68,-10.99,-42.36
181,90,5.84,-11.522,-42.97
181,90,6,-12.95,-44.49
181,90,6.16,-15.16,-47.2
181,90,6.32,-15.638,-49.13
181,90,6.48,-18.026,-52.11
181,90,6.64,-19.748,-54.14
181,90,6.8,-17.78,-51.28
181,90,6.96,-20.712,-55.04
181,90,7.12,-20.396,-54.99
181,90,7.28,-17.172,-51.55
181,90,7.44,-23.536,-57.87
181,90,7.6,-21.67,-55.07
181,90,7.76,-15.158,-50.38
181,90,7.92,-16.092,-50.72
181,90,8.08,-19.896,-54.7
181,90,8.24,-27.422,-62.53
181,90,8.4,-24.35,-59.73
181,90,8.56,-25.012,-61.29
181,90,8.72,-22.468,-59.77
181,90,8.88,-20.888,-58.03
181,90,9.04,-19.054,-56.84
181,90,9.2,-18.63,-57.49
181,90,9.36,-29.394,-67.46
181,90,9.52,-24.752,-63.13
181,90,9.68,-20.67,-59.56
181,90,9.84,-16.246,-55.36
181,90,10,-19.25,-58.32
181,90,10.16,-19.128,-58.77
181,90,10.32,-21.482,-61.11
181,90,10.48,-18.178,-57.71
181,90,10.64,-22.108,-62.12
181,90,10.8,-33.55,-73.82
181,90,10.96,-27.166,-67.15
181,90,11.12,-21.796,-62.04
181,90,11.28,-25.496,-65.94
181,90,11.44,-28.432,-69.18
181,90,11.6,-24.52,-65.39
181,90,11.76,-23.194,-64.31
181,90,11.92,-27.374,-68.5
181,90,12.08,-18.7,-60.89
181,90,12.24,-22.304,-64.56
181,90,12.4,-22.98,-65.64
181,90,12.56,-18.28,-62.35
181,90,12.72,-30.604,-75.16
181,90,12.88,-22.956,-68.16
181,90,13.04,-23.258,-69.76
181,90,13.2,-19.85,-66.63
181,90,13.36,-28.304,-74.52
181,90,13.52,-28.142,-74.15
181,90,13.68,-22.19,-68.87
181,90,13.84,-24.378,-71.86
181,90,14,-20.08,-67.93
181,90,14.16,-14.526,-62.75
181,90,14.32,-22.896,-71.85
181,90,14.48,-33.404,-85.23
181,90,14.64,-20.084,-69.54
181,90,14.8,-20.08,-68.09
181,90,14.96,-21.082,-68.21
181,90,15.12,-21.92,-68.35
181,90,15.28,-28.62,-75.17
181,90,15.44,-20.606,-66.92
181,90,15.6,-18.7,-65.33
181,90,15.76,-20.468,-67.66
181,90,15.92,-20.832,-68.01
181,90,16.08,-21.942,-69.4
181,90,16.24,-25.594,-73.72
181,90,16.4,-18.32,-68.13
181,90,16.56,-21.008,-69.94
181,90,16.72,-18.058,-67.54
181,90,16.88,-19.184,-69.65
181,90,17.04,-23.856,-75.11
181,90,17.2,-15.04,-67.47
181,90,17.36,-29.846,-82.49
181,90,17.52,-22.536,-75.07
181,90,17.68,-19.132,-72.21
181,90,17.84,-17.158,-70.07
181,90,18,-15.66,-68.47
182,90,2,-10.74,-32.53
182,90,2.16,-7.908,-31.32
182,90,2.32,-8.926,-34.58
182,90,2.48,-9.994,-37.24
182,90,2.64,-11.418,-40.13
182,90,2.8,-7.93,-34.99
182,90,2.96,-5.538,-33.85
182,90,3.12,-7.856,-36.09
182,90,3.28,-7.722,-37.74
182,90,3.44,-5.592,-34.24
182,90,3.6,-8.09,-35.54
182,90,3.76,-10.444,-39.93
182,90,3.92,-12.432,-39.98
182,90,4.08,-18.332,-46
182,90,4.24,-17.496,-46.52
182,90,4.4,-11.5,-41.31
182,90,4.56,-14.416,-44.23
182,90,4.72,-19.904,-49.89
182,90,4.88,-16.25,-46.38
182,90,5.04,-12.9,-42.95
182,90,5.2,-9.94,-41.36
182,90,5.36,-11.84,-42.64
182,90,5.52,-14.468,-44.75
182,90,5.68,-11.47,-42.84
182,90,5.84,-11.882,-43.33
182,90,6,-14.12,-45.66
182,90,6.16,-15.34,-47.38
182,90,6.32,-16.918,-50.41
182,90,6.48,-18.066,-52.15
182,90,6.64,-19.948,-54.34
182,90,6.8,-18.67,-52.17
182,90,6.96,-22.112,-56.44
182,90,7.12,-21.886,-56.48
182,90,7.28,-17.042,-51.42
182,90,7.44,-18.806,-53.14
182,90,7.6,-19.61,-53.01
182,90,7.76,-15.228,-50.45
182,90,7.92,-16.482,-51.11
182,90,8.08,-18.406,-53.21
182,90,8.24,-23.062,-58.17
182,90,8.4,-21.83,-57.21
182,90,8.56,-23.242,-59.52
182,90,8.72,-20.128,-57.43
182,90,8.88,-20.688,-57.83
182,90,9.04,-21.874,-59.66
182,90,9.2,-20.69,-59.55
182,90,9.36,-26.404,-64.47
182,90,9.52,-23.002,-61.38
182,90,9.68,-20.2,-59.09
182,90,9.84,-15.386,-54.5
182,90,10,-17.69,-56.76
182,90,10.16,-21.018,-60.66
182,90,10.32,-20.882,-60.51
182,90,10.48,-17.968,-57.5
182,90,10.64,-20.378,-60.39
182,90,10.8,-31.14,-71.41
182,90,10.96,-21.886,-61.87
182,90,11.12,-20.766,-61.01
182,90,11.28,-24.876,-65.32
182,90,11.44,-27.332,-68.08
182,90,11.6,-21.02,-61.89
182,90,11.76,-26.014,-67.13
182,90,11.92,-29.644,-70.77
182,90,12.08,-20.08,-62.27
182,90,12.24,-18.654,-60.91
182,90,12.4,-21.75,-64.41
182,90,12.56,-24.97,-69.04
182,90,12.72,-41.214,-85.77
182,90,12.88,-25.056,-70.26
182,90,13.04,-22.408,-68.91
182,90,13.2,-15.88,-62.66
182,90,13.36,-20.534,-66.75
182,90,13.52,-20.342,-66.35
182,90,13.68,-22.21,-68.89
182,90,13.84,-24.378,-71.86
182,90,14,-20.69,-68.54
182,90,14.16,-16.016,-64.24
182,90,14.32,-16.406,-65.36
182,90,14.48,-23.414,-75.24
182,90,14.64,-28.234,-77.69
182,90,14.8,-19.44,-67.45
182,90,14.96,-21.882,-69.01
182,90,15.12,-29.55,-75.98
182,90,15.28,-29.32,-75.87
182,90,15.44,-23.366,-69.68
182,90,15.6,-26.95,-73.58
182,90,15.76,-23.348,-70.54
182,90,15.92,-21.142,-68.32
182,90,16.08,-26.352,-73.81
182,90,16.24,-19.784,-67.91
182,90,16.4,-19.25,-69.06
182,90,16.56,-23.548,-72.48
182,90,16.72,-15.288,-64.77
182,90,16.88,-23.264,-73.73
182,90,17.04,-22.186,-73.44
182,90,17.2,-19.39,-71.82
182,90,17.36,-20.426,-73.07
182,90,17.52,-21.696,-74.23
182,90,17.68,-22.902,-75.98
182,90,17.84,-18.338,-71.25
182,90,18,-21.23,-74.04
183,90,2,-10.74,-32.53
183,90,2.16,-8.088,-31.5
183,90,2.32,-8.926,-34.58
183,90,2.48,-10.214,-37.46
183,90,2.64,-11.708,-40.42
183,90,2.8,-8.5,-35.56
183,90,2.96,-6.02800000000001,-34.34
183,90,3.12,-8.106,-36.34
183,90,3.28,-7.872,-37.89
183,90,3.44,-5.602,-34.25
183,90,3.6,-8.65,-36.1
183,90,3.76,-10.694,-40.18
183,90,3.92,-12.642,-40.19
183,90,4.08,-18.362,-46.03
183,90,4.24,-17.016,-46.04
183,90,4.4,-11.45,-41.26
183,90,4.56,-13.096,-42.91
183,90,4.72,-18.444,-48.43
183,90,4.88,-15.54,-45.67
183,90,5.04,-14.32,-44.37
183,90,5.2,-10.95,-42.37
183,90,5.36,-11.11,-41.91
183,90,5.52,-14.758,-45.04
183,90,5.68,-12.44,-43.81
183,90,5.84,-13.292,-44.74
183,90,6,-15.66,-47.2
183,90,6.16,-16.57,-48.61
183,90,6.32,-17.228,-50.72
183,90,6.48,-18.966,-53.05
183,90,6.64,-19.738,-54.13
183,90,6.8,-19.84,-53.34
183,90,6.96,-22.782,-57.11
183,90,7.12,-22.706,-57.3
183,90,7.28,-16.212,-50.59
183,90,7.44,-16.526,-50.86
183,90,7.6,-17.54,-50.94
183,90,7.76,-14.498,-49.72
183,90,7.92,-16.302,-50.93
183,90,8.08,-17.296,-52.1
183,90,8.24,-22.822,-57.93
183,90,8.4,-20.32,-55.7
183,90,8.56,-20.722,-57
183,90,8.72,-19.538,-56.84
183,90,8.88,-24.818,-61.96
183,90,9.04,-22.644,-60.43
183,90,9.2,-19.36,-58.22
183,90,9.36,-32.424,-70.49
183,90,9.52,-22.912,-61.29
183,90,9.68,-19.76,-58.65
183,90,9.84,-17.446,-56.56
183,90,10,-16.95,-56.02
183,90,10.16,-19.978,-59.62
183,90,10.32,-22.402,-62.03
183,90,10.48,-17.038,-56.57
183,90,10.64,-21.738,-61.75
183,90,10.8,-23.42,-63.69
183,90,10.96,-23.026,-63.01
183,90,11.12,-18.846,-59.09
183,90,11.28,-23.536,-63.98
183,90,11.44,-28.692,-69.44
183,90,11.6,-20.08,-60.95
183,90,11.76,-26.934,-68.05
183,90,11.92,-24.614,-65.74
183,90,12.08,-17.66,-59.85
183,90,12.24,-16.864,-59.12
183,90,12.4,-19.76,-62.42
183,90,12.56,-28.26,-72.33
183,90,12.72,-23.524,-68.08
183,90,12.88,-25.726,-70.93
183,90,13.04,-23.808,-70.31
183,90,13.2,-14.87,-61.65
183,90,13.36,-18.834,-65.05
183,90,13.52,-19.252,-65.26
183,90,13.68,-21.88,-68.56
183,90,13.84,-23.568,-71.05
183,90,14,-22.72,-70.57
183,90,14.16,-17.016,-65.24
183,90,14.32,-18.556,-67.51
183,90,14.48,-28.204,-80.03
183,90,14.64,-22.304,-71.76
183,90,14.8,-21.22,-69.23
183,90,14.96,-26.022,-73.15
183,90,15.12,-22.1,-68.53
183,90,15.28,-33.33,-79.88
183,90,15.44,-24.276,-70.59
183,90,15.6,-24.06,-70.69
183,90,15.76,-18.118,-65.31
183,90,15.92,-19.862,-67.04
183,90,16.08,-19.672,-67.13
183,90,16.24,-25.244,-73.37
183,90,16.4,-18.16,-67.97
183,90,16.56,-25.088,-74.02
183,90,16.72,-18.178,-67.66
183,90,16.88,-22.224,-72.69
183,90,17.04,-20.896,-72.15
183,90,17.2,-28.99,-81.42
183,90,17.36,-25.056,-77.7
183,90,17.52,-27.396,-79.93
183,90,17.68,-37.512,-90.59
183,90,17.84,-24.528,-77.44
183,90,18,-19.5,-72.31
184,90,2,-10.91,-32.7
184,90,2.16,-8.348,-31.76
184,90,2.32,-9.096,-34.75
184,90,2.48,-10.384,-37.63
184,90,2.64,-12.028,-40.74
184,90,2.8,-9.53,-36.59
184,90,2.96,-6.618,-34.93
184,90,3.12,-8.306,-36.54
184,90,3.28,-7.952,-37.97
184,90,3.44,-5.782,-34.43
184,90,3.6,-9.11,-36.56
184,90,3.76,-10.904,-40.39
184,90,3.92,-13.182,-40.73
184,90,4.08,-16.982,-44.65
184,90,4.24,-15.906,-44.93
184,90,4.4,-11.69,-41.5
184,90,4.56,-11.616,-41.43
184,90,4.72,-16.324,-46.31
184,90,4.88,-14.76,-44.89
184,90,5.04,-15.61,-45.66
184,90,5.2,-12.09,-43.51
184,90,5.36,-10.88,-41.68
184,90,5.52,-14.988,-45.27
184,90,5.68,-13.74,-45.11
184,90,5.84,-15.042,-46.49
184,90,6,-17.94,-49.48
184,90,6.16,-17.15,-49.19
184,90,6.32,-17.338,-50.83
184,90,6.48,-19.476,-53.56
184,90,6.64,-19.958,-54.35
184,90,6.8,-18.88,-52.38
184,90,6.96,-22.322,-56.65
184,90,7.12,-20.586,-55.18
184,90,7.28,-15.612,-49.99
184,90,7.44,-16.086,-50.42
184,90,7.6,-16.86,-50.26
184,90,7.76,-13.748,-48.97
184,90,7.92,-15.252,-49.88
184,90,8.08,-15.986,-50.79
184,90,8.24,-21.872,-56.98
184,90,8.4,-21.25,-56.63
184,90,8.56,-19.912,-56.19
184,90,8.72,-18.158,-55.46
184,90,8.88,-23.518,-60.66
184,90,9.04,-22.294,-60.08
184,90,9.2,-19.59,-58.45
184,90,9.36,-28.394,-66.46
184,90,9.52,-21.182,-59.56
184,90,9.68,-17.76,-56.65
184,90,9.84,-16.986,-56.1
184,90,10,-17.17,-56.24
184,90,10.16,-18.458,-58.1
184,90,10.32,-20.632,-60.26
184,90,10.48,-16.798,-56.33
184,90,10.64,-21.458,-61.47
184,90,10.8,-22.54,-62.81
184,90,10.96,-22.066,-62.05
184,90,11.12,-18.576,-58.82
184,90,11.28,-20.876,-61.32
184,90,11.44,-23.322,-64.07
184,90,11.6,-20.06,-60.93
184,90,11.76,-21.954,-63.07
184,90,11.92,-21.544,-62.67
184,90,12.08,-16.46,-58.65
184,90,12.24,-18.144,-60.4
184,90,12.4,-20.19,-62.85
184,90,12.56,-20.19,-64.26
184,90,12.72,-20.914,-65.47
184,90,12.88,-23.176,-68.38
184,90,13.04,-24.978,-71.48
184,90,13.2,-16.87,-63.65
184,90,13.36,-19.894,-66.11
184,90,13.52,-18.812,-64.82
184,90,13.68,-19.26,-65.94
184,90,13.84,-24.528,-72.01
184,90,14,-23.19,-71.04
184,90,14.16,-18.546,-66.77
184,90,14.32,-16.796,-65.75
184,90,14.48,-23.964,-75.79
184,90,14.64,-19.834,-69.29
184,90,14.8,-16.02,-64.03
184,90,14.96,-21.152,-68.28
184,90,15.12,-21.8,-68.23
184,90,15.28,-26.11,-72.66
184,90,15.44,-24.546,-70.86
184,90,15.6,-26.03,-72.66
184,90,15.76,-31.658,-78.85
184,90,15.92,-18.382,-65.56
184,90,16.08,-21.012,-68.47
184,90,16.24,-22.384,-70.51
184,90,16.4,-23.01,-72.82
184,90,16.56,-21.378,-70.31
184,90,16.72,-21.398,-70.88
184,90,16.88,-21.844,-72.31
184,90,17.04,-19.436,-70.69
184,90,17.2,-23.29,-75.72
184,90,17.36,-19.786,-72.43
184,90,17.52,-23.666,-76.2
184,90,17.68,-35.402,-88.48
184,90,17.84,-29.728,-82.64
184,90,18,-20.18,-72.99
185,90,2,-10.85,-32.64
185,90,2.16,-8.558,-31.97
185,90,2.32,-9.146,-34.8
185,90,2.48,-10.744,-37.99
185,90,2.64,-12.608,-41.32
185,90,2.8,-10.66,-37.72
185,90,2.96,-7.218,-35.53
185,90,3.12,-8.376,-36.61
185,90,3.28,-8.25200000000001,-38.27
185,90,3.44,-5.792,-34.44
185,90,3.6,-9.47,-36.92
185,90,3.76,-11.104,-40.59
185,90,3.92,-13.132,-40.68
185,90,4.08,-15.942,-43.61
185,90,4.24,-15.656,-44.68
185,90,4.4,-11.59,-41.4
185,90,4.56,-10.816,-40.63
185,90,4.72,-15.474,-45.46
185,90,4.88,-14.4,-44.53
185,90,5.04,-17.28,-47.33
185,90,5.2,-12.64,-44.06
185,90,5.36,-10.81,-41.61
185,90,5.52,-15.248,-45.53
185,90,5.68,-14.47,-45.84
185,90,5.84,-16.462,-47.91
185,90,6,-18.35,-49.89
185,90,6.16,-16.73,-48.77
185,90,6.32,-16.758,-50.25
185,90,6.48,-17.646,-51.73
185,90,6.64,-19.318,-53.71
185,90,6.8,-17.99,-51.49
185,90,6.96,-20.152,-54.48
185,90,7.12,-17.766,-52.36
185,90,7.28,-15.762,-50.14
185,90,7.44,-16.226,-50.56
185,90,7.6,-17.22,-50.62
185,90,7.76,-13.528,-48.75
185,90,7.92,-14.282,-48.91
185,90,8.08,-17.106,-51.91
185,90,8.24,-20.382,-55.49
185,90,8.4,-22.03,-57.41
185,90,8.56,-19.582,-55.86
185,90,8.72,-16.818,-54.12
185,90,8.88,-20.588,-57.73
185,90,9.04,-19.414,-57.2
185,90,9.2,-19.66,-58.52
185,90,9.36,-21.334,-59.4
185,90,9.52,-19.592,-57.97
185,90,9.68,-17.82,-56.71
185,90,9.84,-16.706,-55.82
185,90,10,-18.93,-58
185,90,10.16,-16.838,-56.48
185,90,10.32,-20.662,-60.29
185,90,10.48,-18.098,-57.63
185,90,10.64,-20.698,-60.71
185,90,10.8,-22.99,-63.26
185,90,10.96,-19.816,-59.8
185,90,11.12,-17.616,-57.86
185,90,11.28,-18.996,-59.44
185,90,11.44,-21.712,-62.46
185,90,11.6,-19.84,-60.71
185,90,11.76,-21.494,-62.61
185,90,11.92,-18.054,-59.18
185,90,12.08,-16.09,-58.28
185,90,12.24,-16.524,-58.78
185,90,12.4,-18.84,-61.5
185,90,12.56,-16.15,-60.22
185,90,12.72,-18.794,-63.35
185,90,12.88,-24.616,-69.82
185,90,13.04,-20.608,-67.11
185,90,13.2,-18.43,-65.21
185,90,13.36,-16.864,-63.08
185,90,13.52,-18.652,-64.66
185,90,13.68,-25.86,-72.54
185,90,13.84,-24.458,-71.94
185,90,14,-22.96,-70.81
185,90,14.16,-18.516,-66.74
185,90,14.32,-16.766,-65.72
185,90,14.48,-23.594,-75.42
185,90,14.64,-25.874,-75.33
185,90,14.8,-19.62,-67.63
185,90,14.96,-21.372,-68.5
185,90,15.12,-24.66,-71.09
185,90,15.28,-28.98,-75.53
185,90,15.44,-20.846,-67.16
185,90,15.6,-20.32,-66.95
185,90,15.76,-25.248,-72.44
185,90,15.92,-25.592,-72.77
185,90,16.08,-22.482,-69.94
185,90,16.24,-23.134,-71.26
185,90,16.4,-20.63,-70.44
185,90,16.56,-24.028,-72.96
185,90,16.72,-18.338,-67.82
185,90,16.88,-20.034,-70.5
185,90,17.04,-23.446,-74.7
185,90,17.2,-30.41,-82.84
185,90,17.36,-26.416,-79.06
185,90,17.52,-36.426,-88.96
185,90,17.68,-14.982,-68.06
185,90,17.84,-17.908,-70.82
185,90,18,-23.63,-76.44
186,90,2,-11.12,-32.91
186,90,2.16,-8.888,-32.3
186,90,2.32,-9.306,-34.96
186,90,2.48,-10.994,-38.24
186,90,2.64,-13.158,-41.87
186,90,2.8,-12.15,-39.21
186,90,2.96,-7.798,-36.11
186,90,3.12,-8.696,-36.93
186,90,3.28,-8.532,-38.55
186,90,3.44,-6.122,-34.77
186,90,3.6,-10.12,-37.57
186,90,3.76,-11.144,-40.63
186,90,3.92,-13.292,-40.84
186,90,4.08,-14.702,-42.37
186,90,4.24,-15.506,-44.53
186,90,4.4,-12.01,-41.82
186,90,4.56,-10.316,-40.13
186,90,4.72,-15.274,-45.26
186,90,4.88,-14.7,-44.83
186,90,5.04,-18.41,-48.46
186,90,5.2,-13.05,-44.47
186,90,5.36,-10.94,-41.74
186,90,5.52,-15.168,-45.45
186,90,5.68,-15.06,-46.43
186,90,5.84,-17.152,-48.6
186,90,6,-18.67,-50.21
186,90,6.16,-15.46,-47.5
186,90,6.32,-15.058,-48.55
186,90,6.48,-17.506,-51.59
186,90,6.64,-19.798,-54.19
186,90,6.8,-17.75,-51.25
186,90,6.96,-18.692,-53.02
186,90,7.12,-17.076,-51.67
186,90,7.28,-15.312,-49.69
186,90,7.44,-16.436,-50.77
186,90,7.6,-17.64,-51.04
186,90,7.76,-13.158,-48.38
186,90,7.92,-14.362,-48.99
186,90,8.08,-17.216,-52.02
186,90,8.24,-20.172,-55.28
186,90,8.4,-19.48,-54.86
186,90,8.56,-18.192,-54.47
186,90,8.72,-16.568,-53.87
186,90,8.88,-17.318,-54.46
186,90,9.04,-16.644,-54.43
186,90,9.2,-18.01,-56.87
186,90,9.36,-19.144,-57.21
186,90,9.52,-19.852,-58.23
186,90,9.68,-17.66,-56.55
186,90,9.84,-15.696,-54.81
186,90,10,-19.49,-58.56
186,90,10.16,-16.778,-56.42
186,90,10.32,-17.852,-57.48
186,90,10.48,-18.658,-58.19
186,90,10.64,-22.318,-62.33
186,90,10.8,-22.88,-63.15
186,90,10.96,-17.846,-57.83
186,90,11.12,-15.646,-55.89
186,90,11.28,-21.536,-61.98
186,90,11.44,-20.532,-61.28
186,90,11.6,-19.76,-60.63
186,90,11.76,-19.304,-60.42
186,90,11.92,-17.324,-58.45
186,90,12.08,-16.11,-58.3
186,90,12.24,-14.694,-56.95
186,90,12.4,-16.42,-59.08
186,90,12.56,-18.99,-63.06
186,90,12.72,-21.984,-66.54
186,90,12.88,-24.676,-69.88
186,90,13.04,-22.998,-69.5
186,90,13.2,-17.63,-64.41
186,90,13.36,-16.964,-63.18
186,90,13.52,-17.092,-63.1
186,90,13.68,-19.8,-66.48
186,90,13.84,-21.588,-69.07
186,90,14,-23.34,-71.19
186,90,14.16,-20.356,-68.58
186,90,14.32,-21.646,-70.6
186,90,14.48,-25.224,-77.05
186,90,14.64,-21.114,-70.57
186,90,14.8,-23.48,-71.49
186,90,14.96,-25.182,-72.31
186,90,15.12,-27.41,-73.84
186,90,15.28,-28.84,-75.39
186,90,15.44,-26.066,-72.38
186,90,15.6,-26.47,-73.1
186,90,15.76,-22.148,-69.34
186,90,15.92,-24.872,-72.05
186,90,16.08,-26.532,-73.99
186,90,16.24,-25.594,-73.72
186,90,16.4,-30.21,-80.02
186,90,16.56,-24.408,-73.34
186,90,16.72,-30.138,-79.62
186,90,16.88,-25.034,-75.5
186,90,17.04,-19.786,-71.04
186,90,17.2,-23.19,-75.62
186,90,17.36,-19.566,-72.21
186,90,17.52,-22.036,-74.57
186,90,17.68,-29.582,-82.66
186,90,17.84,-18.968,-71.88
186,90,18,-20.51,-73.32
187,90,2,-11.2,-32.99
187,90,2.16,-9.328,-32.74
187,90,2.32,-9.476,-35.13
187,90,2.48,-11.394,-38.64
187,90,2.64,-13.588,-42.3
187,90,2.8,-13.98,-41.04
187,90,2.96,-8.258,-36.57
187,90,3.12,-8.736,-36.97
187,90,3.28,-8.772,-38.79
187,90,3.44,-6.232,-34.88
187,90,3.6,-10.32,-37.77
187,90,3.76,-11.134,-40.62
187,90,3.92,-13.042,-40.59
187,90,4.08,-14.332,-42
187,90,4.24,-15.586,-44.61
187,90,4.4,-12.69,-42.5
187,90,4.56,-10.516,-40.33
187,90,4.72,-15.024,-45.01
187,90,4.88,-15.62,-45.75
187,90,5.04,-17.91,-47.96
187,90,5.2,-12.77,-44.19
187,90,5.36,-11.37,-42.17
187,90,5.52,-14.758,-45.04
187,90,5.68,-14.24,-45.61
187,90,5.84,-16.032,-47.48
187,90,6,-16.76,-48.3
187,90,6.16,-14.77,-46.81
187,90,6.32,-13.858,-47.35
187,90,6.48,-15.716,-49.8
187,90,6.64,-17.698,-52.09
187,90,6.8,-17.4,-50.9
187,90,6.96,-18.262,-52.59
187,90,7.12,-16.976,-51.57
187,90,7.28,-15.292,-49.67
187,90,7.44,-16.726,-51.06
187,90,7.6,-16.9,-50.3
187,90,7.76,-13.378,-48.6
187,90,7.92,-14.692,-49.32
187,90,8.08,-17.176,-51.98
187,90,8.24,-19.822,-54.93
187,90,8.4,-19.48,-54.86
187,90,8.56,-16.772,-53.05
187,90,8.72,-14.998,-52.3
187,90,8.88,-16.678,-53.82
187,90,9.04,-16.704,-54.49
187,90,9.2,-17.73,-56.59
187,90,9.36,-18.434,-56.5
187,90,9.52,-17.492,-55.87
187,90,9.68,-17.67,-56.56
187,90,9.84,-15.916,-55.03
187,90,10,-19.39,-58.46
187,90,10.16,-16.488,-56.13
187,90,10.32,-16.002,-55.63
187,90,10.48,-18.658,-58.19
187,90,10.64,-20.088,-60.1
187,90,10.8,-20.18,-60.45
187,90,10.96,-18.816,-58.8
187,90,11.12,-17.586,-57.83
187,90,11.28,-20.156,-60.6
187,90,11.44,-23.182,-63.93
187,90,11.6,-19.99,-60.86
187,90,11.76,-18.444,-59.56
187,90,11.92,-19.404,-60.53
187,90,12.08,-16.58,-58.77
187,90,12.24,-17.114,-59.37
187,90,12.4,-17.48,-60.14
187,90,12.56,-18.18,-62.25
187,90,12.72,-18.454,-63.01
187,90,12.88,-20.676,-65.88
187,90,13.04,-21.808,-68.31
187,90,13.2,-18.59,-65.37
187,90,13.36,-18.234,-64.45
187,90,13.52,-17.792,-63.8
187,90,13.68,-19.23,-65.91
187,90,13.84,-20.588,-68.07
187,90,14,-21.53,-69.38
187,90,14.16,-17.956,-66.18
187,90,14.32,-15.866,-64.82
187,90,14.48,-19.554,-71.38
187,90,14.64,-21.984,-71.44
187,90,14.8,-21.37,-69.38
187,90,14.96,-26.712,-73.84
187,90,15.12,-27.18,-73.61
187,90,15.28,-38.47,-85.02
187,90,15.44,-26.016,-72.33
187,90,15.6,-25.99,-72.62
187,90,15.76,-21.188,-68.38
187,90,15.92,-26.712,-73.89
187,90,16.08,-25.212,-72.67
187,90,16.24,-24.924,-73.05
187,90,16.4,-19.62,-69.43
187,90,16.56,-20.118,-69.05
187,90,16.72,-21.508,-70.99
187,90,16.88,-25.504,-75.97
187,90,17.04,-26.366,-77.62
187,90,17.2,-17.29,-69.72
187,90,17.36,-20.296,-72.94
187,90,17.52,-19.326,-71.86
187,90,17.68,-23.692,-76.77
187,90,17.84,-21.138,-74.05
187,90,18,-23.58,-76.39
188,90,2,-11.36,-33.15
188,90,2.16,-9.808,-33.22
188,90,2.32,-9.696,-35.35
188,90,2.48,-12.074,-39.32
188,90,2.64,-14.308,-43.02
188,90,2.8,-15.95,-43.01
188,90,2.96,-8.548,-36.86
188,90,3.12,-8.586,-36.82
188,90,3.28,-8.992,-39.01
188,90,3.44,-6.402,-35.05
188,90,3.6,-10.56,-38.01
188,90,3.76,-11.224,-40.71
188,90,3.92,-13.002,-40.55
188,90,4.08,-14.252,-41.92
188,90,4.24,-16.156,-45.18
188,90,4.4,-13.45,-43.26
188,90,4.56,-11.236,-41.05
188,90,4.72,-16.084,-46.07
188,90,4.88,-16.57,-46.7
188,90,5.04,-16.54,-46.59
188,90,5.2,-12.22,-43.64
188,90,5.36,-11.74,-42.54
188,90,5.52,-13.618,-43.9
188,90,5.68,-12.74,-44.11
188,90,5.84,-14.102,-45.55
188,90,6,-15.36,-46.9
188,90,6.16,-14.48,-46.52
188,90,6.32,-12.678,-46.17
188,90,6.48,-15.306,-49.39
188,90,6.64,-17.838,-52.23
188,90,6.8,-16.97,-50.47
188,90,6.96,-17.582,-51.91
188,90,7.12,-17.536,-52.13
188,90,7.28,-14.832,-49.21
188,90,7.44,-15.646,-49.98
188,90,7.6,-16.18,-49.58
188,90,7.76,-14.038,-49.26
188,90,7.92,-14.712,-49.34
188,90,8.08,-16.826,-51.63
188,90,8.24,-19.422,-54.53
188,90,8.4,-17.81,-53.19
188,90,8.56,-16.462,-52.74
188,90,8.72,-15.108,-52.41
188,90,8.88,-17.548,-54.69
188,90,9.04,-18.934,-56.72
188,90,9.2,-18.4,-57.26
188,90,9.36,-18.534,-56.6
188,90,9.52,-16.342,-54.72
188,90,9.68,-17.05,-55.94
188,90,9.84,-16.296,-55.41
188,90,10,-18.37,-57.44
188,90,10.16,-16.698,-56.34
188,90,10.32,-15.112,-54.74
188,90,10.48,-16.438,-55.97
188,90,10.64,-20.098,-60.11
188,90,10.8,-18.27,-58.54
188,90,10.96,-19.626,-59.61
188,90,11.12,-17.546,-57.79
188,90,11.28,-20.666,-61.11
188,90,11.44,-23.612,-64.36
188,90,11.6,-19.07,-59.94
188,90,11.76,-20.294,-61.41
188,90,11.92,-19.714,-60.84
188,90,12.08,-18.92,-61.11
188,90,12.24,-16.534,-58.79
188,90,12.4,-18.72,-61.38
188,90,12.56,-18.71,-62.78
188,90,12.72,-22.224,-66.78
188,90,12.88,-25.196,-70.4
188,90,13.04,-20.718,-67.22
188,90,13.2,-19.41,-66.19
188,90,13.36,-22.124,-68.34
188,90,13.52,-20.122,-66.13
188,90,13.68,-23.83,-70.51
188,90,13.84,-31.138,-78.62
188,90,14,-19.54,-67.39
188,90,14.16,-15.776,-64
188,90,14.32,-18.136,-67.09
188,90,14.48,-26.364,-78.19
188,90,14.64,-23.024,-72.48
188,90,14.8,-16.15,-64.16
188,90,14.96,-22.112,-69.24
188,90,15.12,-19.65,-66.08
188,90,15.28,-25.02,-71.57
188,90,15.44,-21.386,-67.7
188,90,15.6,-21.08,-67.71
188,90,15.76,-25.558,-72.75
188,90,15.92,-25.782,-72.96
188,90,16.08,-21.952,-69.41
188,90,16.24,-23.444,-71.57
188,90,16.4,-21.18,-70.99
188,90,16.56,-23.288,-72.22
188,90,16.72,-20.738,-70.22
188,90,16.88,-19.134,-69.6
188,90,17.04,-36.576,-87.83
188,90,17.2,-23.7,-76.13
188,90,17.36,-26.126,-78.77
188,90,17.52,-17.576,-70.11
188,90,17.68,-19.242,-72.32
188,90,17.84,-25.898,-78.81
188,90,18,-22.64,-75.45
189,90,2,-11.59,-33.38
189,90,2.16,-10.308,-33.72
189,90,2.32,-9.976,-35.63
189,90,2.48,-12.544,-39.79
189,90,2.64,-15.148,-43.86
189,90,2.8,-17.51,-44.57
189,90,2.96,-8.568,-36.88
189,90,3.12,-8.596,-36.83
189,90,3.28,-9.04200000000001,-39.06
189,90,3.44,-6.752,-35.4
189,90,3.6,-10.85,-38.3
189,90,3.76,-11.364,-40.85
189,90,3.92,-12.632,-40.18
189,90,4.08,-14.472,-42.14
189,90,4.24,-16.946,-45.97
189,90,4.4,-14.03,-43.84
189,90,4.56,-12.306,-42.12
189,90,4.72,-17.234,-47.22
189,90,4.88,-15.7,-45.83
189,90,5.04,-13.89,-43.94
189,90,5.2,-11.4,-42.82
189,90,5.36,-12,-42.8
189,90,5.52,-12.158,-42.44
189,90,5.68,-11.35,-42.72
189,90,5.84,-12.572,-44.02
189,90,6,-14.67,-46.21
189,90,6.16,-14.24,-46.28
189,90,6.32,-12.578,-46.07
189,90,6.48,-14.846,-48.93
189,90,6.64,-17.788,-52.18
189,90,6.8,-16.44,-49.94
189,90,6.96,-16.872,-51.2
189,90,7.12,-17.546,-52.14
189,90,7.28,-13.462,-47.84
189,90,7.44,-13.536,-47.87
189,90,7.6,-15.93,-49.33
189,90,7.76,-14.428,-49.65
189,90,7.92,-14.812,-49.44
189,90,8.08,-15.776,-50.58
189,90,8.24,-18.492,-53.6
189,90,8.4,-19.56,-54.94
189,90,8.56,-17.952,-54.23
189,90,8.72,-17.068,-54.37
189,90,8.88,-17.828,-54.97
189,90,9.04,-20.724,-58.51
189,90,9.2,-17.7,-56.56
189,90,9.36,-19.294,-57.36
189,90,9.52,-16.852,-55.23
189,90,9.68,-17.53,-56.42
189,90,9.84,-16.736,-55.85
189,90,10,-20.45,-59.52
189,90,10.16,-16.918,-56.56
189,90,10.32,-15.212,-54.84
189,90,10.48,-15.918,-55.45
189,90,10.64,-22.018,-62.03
189,90,10.8,-19.28,-59.55
189,90,10.96,-22.366,-62.35
189,90,11.12,-17.716,-57.96
189,90,11.28,-20.516,-60.96
189,90,11.44,-23.002,-63.75
189,90,11.6,-21.15,-62.02
189,90,11.76,-19.414,-60.53
189,90,11.92,-18.404,-59.53
189,90,12.08,-17.97,-60.16
189,90,12.24,-17.724,-59.98
189,90,12.4,-19.52,-62.18
189,90,12.56,-23.9,-67.97
189,90,12.72,-20.884,-65.44
189,90,12.88,-24.076,-69.28
189,90,13.04,-22.058,-68.56
189,90,13.2,-19.21,-65.99
189,90,13.36,-18.754,-64.97
189,90,13.52,-16.582,-62.59
189,90,13.68,-29.25,-75.93
189,90,13.84,-24.918,-72.4
189,90,14,-16.95,-64.8
189,90,14.16,-15.926,-64.15
189,90,14.32,-18.186,-67.14
189,90,14.48,-27.914,-79.74
189,90,14.64,-18.184,-67.64
189,90,14.8,-17.37,-65.38
189,90,14.96,-24.252,-71.38
189,90,15.12,-21.22,-67.65
189,90,15.28,-18.61,-65.16
189,90,15.44,-21.726,-68.04
189,90,15.6,-27.1,-73.73
189,90,15.76,-22.368,-69.56
189,90,15.92,-26.242,-73.42
189,90,16.08,-25.882,-73.34
189,90,16.24,-25.524,-73.65
189,90,16.4,-21.09,-70.9
189,90,16.56,-24.298,-73.23
189,90,16.72,-20.488,-69.97
189,90,16.88,-20.234,-70.7
189,90,17.04,-24.516,-75.77
189,90,17.2,-18.48,-70.91
189,90,17.36,-22.666,-75.31
189,90,17.52,-18.216,-70.75
189,90,17.68,-20.262,-73.34
189,90,17.84,-21.628,-74.54
189,90,18,-23.76,-76.57
190,90,2,-11.73,-33.52
190,90,2.16,-10.938,-34.35
190,90,2.32,-10.316,-35.97
190,90,2.48,-13.284,-40.53
190,90,2.64,-15.948,-44.66
190,90,2.8,-17.93,-44.99
190,90,2.96,-8.338,-36.65
190,90,3.12,-8.67599999999999,-36.91
190,90,3.28,-9.11200000000001,-39.13
190,90,3.44,-7.182,-35.83
190,90,3.6,-11.17,-38.62
190,90,3.76,-12.064,-41.55
190,90,3.92,-12.912,-40.46
190,90,4.08,-15.732,-43.4
190,90,4.24,-16.886,-45.91
190,90,4.4,-14.67,-44.48
190,90,4.56,-13.346,-43.16
190,90,4.72,-17.084,-47.07
190,90,4.88,-13.88,-44.01
190,90,5.04,-11.87,-41.92
190,90,5.2,-10.5,-41.92
190,90,5.36,-11.6,-42.4
190,90,5.52,-11.038,-41.32
190,90,5.68,-10.11,-41.48
190,90,5.84,-11.692,-43.14
190,90,6,-14.53,-46.07
190,90,6.16,-14.07,-46.11
190,90,6.32,-12.948,-46.44
190,90,6.48,-15.066,-49.15
190,90,6.64,-16.278,-50.67
190,90,6.8,-15.7,-49.2
190,90,6.96,-16.052,-50.38
190,90,7.12,-16.786,-51.38
190,90,7.28,-12.922,-47.3
190,90,7.44,-12.656,-46.99
190,90,7.6,-15.67,-49.07
190,90,7.76,-13.948,-49.17
190,90,7.92,-13.242,-47.87
190,90,8.08,-15.326,-50.13
190,90,8.24,-18.082,-53.19
190,90,8.4,-20.75,-56.13
190,90,8.56,-19.942,-56.22
190,90,8.72,-17.388,-54.69
190,90,8.88,-19.238,-56.38
190,90,9.04,-21.354,-59.14
190,90,9.2,-19.98,-58.84
190,90,9.36,-18.644,-56.71
190,90,9.52,-17.622,-56
190,90,9.68,-19.62,-58.51
190,90,9.84,-19.246,-58.36
190,90,10,-20.48,-59.55
190,90,10.16,-19.198,-58.84
190,90,10.32,-16.122,-55.75
190,90,10.48,-17.458,-56.99
190,90,10.64,-20.878,-60.89
190,90,10.8,-23.02,-63.29
190,90,10.96,-21.566,-61.55
190,90,11.12,-17.726,-57.97
190,90,11.28,-18.556,-59
190,90,11.44,-21.312,-62.06
190,90,11.6,-20.31,-61.18
190,90,11.76,-20.804,-61.92
190,90,11.92,-19.274,-60.4
190,90,12.08,-19.06,-61.25
190,90,12.24,-17.414,-59.67
190,90,12.4,-20.63,-63.29
190,90,12.56,-21.64,-65.71
190,90,12.72,-29.984,-74.54
190,90,12.88,-23.846,-69.05
190,90,13.04,-17.718,-64.22
190,90,13.2,-18.9,-65.68
190,90,13.36,-20.294,-66.51
190,90,13.52,-19.762,-65.77
190,90,13.68,-20.61,-67.29
190,90,13.84,-21.868,-69.35
190,90,14,-23.83,-71.68
190,90,14.16,-16.566,-64.79
190,90,14.32,-23.816,-72.77
190,90,14.48,-23.234,-75.06
190,90,14.64,-17.264,-66.72
190,90,14.8,-21.67,-69.68
190,90,14.96,-25.352,-72.48
190,90,15.12,-25.17,-71.6
190,90,15.28,-25.57,-72.12
190,90,15.44,-19.536,-65.85
190,90,15.6,-24.47,-71.1
190,90,15.76,-19.278,-66.47
190,90,15.92,-20.672,-67.85
190,90,16.08,-21.392,-68.85
190,90,16.24,-19.554,-67.68
190,90,16.4,-16.44,-66.25
190,90,16.56,-24.338,-73.27
190,90,16.72,-23.228,-72.71
190,90,16.88,-21.764,-72.23
190,90,17.04,-21.636,-72.89
190,90,17.2,-30.92,-83.35
190,90,17.36,-23.706,-76.35
190,90,17.52,-23.786,-76.32
190,90,17.68,-27.632,-80.71
190,90,17.84,-28.168,-81.08
190,90,18,-22.85,-75.66
191,90,2,-11.95,-33.74
191,90,2.16,-11.548,-34.96
191,90,2.32,-10.596,-36.25
191,90,2.48,-14.014,-41.26
191,90,2.64,-17.338,-46.05
191,90,2.8,-17.51,-44.57
191,90,2.96,-8.038,-36.35
191,90,3.12,-8.356,-36.59
191,90,3.28,-9.242,-39.26
191,90,3.44,-7.602,-36.25
191,90,3.6,-11.62,-39.07
191,90,3.76,-12.484,-41.97
191,90,3.92,-13.192,-40.74
191,90,4.08,-17.172,-44.84
191,90,4.24,-17.096,-46.12
191,90,4.4,-14.91,-44.72
191,90,4.56,-13.346,-43.16
191,90,4.72,-15.454,-45.44
191,90,4.88,-12,-42.13
191,90,5.04,-10.32,-40.37
191,90,5.2,-9.71,-41.13
191,90,5.36,-11.21,-42.01
191,90,5.52,-10.558,-40.84
191,90,5.68,-9.81,-41.18
191,90,5.84,-11.142,-42.59
191,90,6,-14.7,-46.24
191,90,6.16,-14.41,-46.45
191,90,6.32,-13.298,-46.79
191,90,6.48,-14.846,-48.93
191,90,6.64,-15.138,-49.53
191,90,6.8,-14.31,-47.81
191,90,6.96,-16.082,-50.41
191,90,7.12,-16.556,-51.15
191,90,7.28,-12.282,-46.66
191,90,7.44,-11.706,-46.04
191,90,7.6,-17.13,-50.53
191,90,7.76,-13.898,-49.12
191,90,7.92,-13.042,-47.67
191,90,8.08,-15.066,-49.87
191,90,8.24,-16.532,-51.64
191,90,8.4,-20.58,-55.96
191,90,8.56,-20.672,-56.95
191,90,8.72,-20.558,-57.86
191,90,8.88,-18.488,-55.63
191,90,9.04,-19.714,-57.5
191,90,9.2,-17.32,-56.18
191,90,9.36,-17.414,-55.48
191,90,9.52,-20.092,-58.47
191,90,9.68,-22.16,-61.05
191,90,9.84,-21.896,-61.01
191,90,10,-22.21,-61.28
191,90,10.16,-18.078,-57.72
191,90,10.32,-16.342,-55.97
191,90,10.48,-18.698,-58.23
191,90,10.64,-21.888,-61.9
191,90,10.8,-21.87,-62.14
191,90,10.96,-20.306,-60.29
191,90,11.12,-18.896,-59.14
191,90,11.28,-18.896,-59.34
191,90,11.44,-23.052,-63.8
191,90,11.6,-18.59,-59.46
191,90,11.76,-18.774,-59.89
191,90,11.92,-18.594,-59.72
191,90,12.08,-19.54,-61.73
191,90,12.24,-16.784,-59.04
191,90,12.4,-18.52,-61.18
191,90,12.56,-18.89,-62.96
191,90,12.72,-24.794,-69.35
191,90,12.88,-17.916,-63.12
191,90,13.04,-21.038,-67.54
191,90,13.2,-16.2,-62.98
191,90,13.36,-22.064,-68.28
191,90,13.52,-17.902,-63.91
191,90,13.68,-20.82,-67.5
191,90,13.84,-21.848,-69.33
191,90,14,-21.75,-69.6
191,90,14.16,-20.306,-68.53
191,90,14.32,-17.236,-66.19
191,90,14.48,-23.404,-75.23
191,90,14.64,-24.384,-73.84
191,90,14.8,-17.25,-65.26
191,90,14.96,-24.902,-72.03
191,90,15.12,-25.15,-71.58
191,90,15.28,-22.23,-68.78
191,90,15.44,-20.856,-67.17
191,90,15.6,-21.48,-68.11
191,90,15.76,-22.728,-69.92
191,90,15.92,-21.652,-68.83
191,90,16.08,-22.682,-70.14
191,90,16.24,-20.014,-68.14
191,90,16.4,-20.3,-70.11
191,90,16.56,-31.968,-80.9
191,90,16.72,-21.008,-70.49
191,90,16.88,-29.494,-79.96
191,90,17.04,-19.626,-70.88
191,90,17.2,-20.58,-73.01
191,90,17.36,-29.246,-81.89
191,90,17.52,-21.286,-73.82
191,90,17.68,-18.392,-71.47
191,90,17.84,-17.788,-70.7
191,90,18,-24.43,-77.24
192,90,2,-11.96,-33.75
192,90,2.16,-12.078,-35.49
192,90,2.32,-11.086,-36.74
192,90,2.48,-15.214,-42.46
192,90,2.64,-18.508,-47.22
192,90,2.8,-15.97,-43.03
192,90,2.96,-7.818,-36.13
192,90,3.12,-8.536,-36.77
192,90,3.28,-9.392,-39.41
192,90,3.44,-8.172,-36.82
192,90,3.6,-12.32,-39.77
192,90,3.76,-13.494,-42.98
192,90,3.92,-14.202,-41.75
192,90,4.08,-17.402,-45.07
192,90,4.24,-15.976,-45
192,90,4.4,-14.15,-43.96
192,90,4.56,-12.916,-42.73
192,90,4.72,-13.744,-43.73
192,90,4.88,-10.66,-40.79
192,90,5.04,-9.48999999999999,-39.54
192,90,5.2,-9.28,-40.7
192,90,5.36,-10.93,-41.73
192,90,5.52,-10.748,-41.03
192,90,5.68,-9.77,-41.14
192,90,5.84,-10.882,-42.33
192,90,6,-14.66,-46.2
192,90,6.16,-14.59,-46.63
192,90,6.32,-12.848,-46.34
192,90,6.48,-13.756,-47.84
192,90,6.64,-13.608,-48
192,90,6.8,-13.22,-46.72
192,90,6.96,-15.232,-49.56
192,90,7.12,-15.796,-50.39
192,90,7.28,-12.592,-46.97
192,90,7.44,-12.256,-46.59
192,90,7.6,-18.01,-51.41
192,90,7.76,-13.828,-49.05
192,90,7.92,-13.462,-48.09
192,90,8.08,-16.486,-51.29
192,90,8.24,-16.112,-51.22
192,90,8.4,-20.17,-55.55
192,90,8.56,-20.472,-56.75
192,90,8.72,-19.988,-57.29
192,90,8.88,-19.108,-56.25
192,90,9.04,-18.944,-56.73
192,90,9.2,-17.23,-56.09
192,90,9.36,-18.544,-56.61
192,90,9.52,-22.072,-60.45
192,90,9.68,-24.02,-62.91
192,90,9.84,-21.626,-60.74
192,90,10,-22.58,-61.65
192,90,10.16,-17.938,-57.58
192,90,10.32,-16.192,-55.82
192,90,10.48,-17.668,-57.2
192,90,10.64,-21.858,-61.87
192,90,10.8,-20.48,-60.75
192,90,10.96,-20.696,-60.68
192,90,11.12,-17.736,-57.98
192,90,11.28,-20.686,-61.13
192,90,11.44,-22.012,-62.76
192,90,11.6,-17.84,-58.71
192,90,11.76,-17.854,-58.97
192,90,11.92,-16.594,-57.72
192,90,12.08,-18.65,-60.84
192,90,12.24,-15.454,-57.71
192,90,12.4,-18.94,-61.6
192,90,12.56,-17,-61.07
192,90,12.72,-26.154,-70.71
192,90,12.88,-23.316,-68.52
192,90,13.04,-21.938,-68.44
192,90,13.2,-17.53,-64.31
192,90,13.36,-21.424,-67.64
192,90,13.52,-23.652,-69.66
192,90,13.68,-21.53,-68.21
192,90,13.84,-21.828,-69.31
192,90,14,-21.95,-69.8
192,90,14.16,-21.636,-69.86
192,90,14.32,-18.116,-67.07
192,90,14.48,-26.944,-78.77
192,90,14.64,-23.424,-72.88
192,90,14.8,-18.64,-66.65
192,90,14.96,-21.142,-68.27
192,90,15.12,-41.59,-88.02
192,90,15.28,-27.04,-73.59
192,90,15.44,-26.456,-72.77
192,90,15.6,-29.24,-75.87
192,90,15.76,-24.888,-72.08
192,90,15.92,-18.762,-65.94
192,90,16.08,-22.982,-70.44
192,90,16.24,-33.304,-81.43
192,90,16.4,-20.38,-70.19
192,90,16.56,-30.948,-79.88
192,90,16.72,-20.278,-69.76
192,90,16.88,-25.324,-75.79
192,90,17.04,-27.146,-78.4
192,90,17.2,-25.48,-77.91
192,90,17.36,-26.696,-79.34
192,90,17.52,-25.406,-77.94
192,90,17.68,-20.442,-73.52
192,90,17.84,-24.018,-76.93
192,90,18,-16.58,-69.39
193,90,2,-12.28,-34.07
193,90,2.16,-12.438,-35.85
193,90,2.32,-11.556,-37.21
193,90,2.48,-16.014,-43.26
193,90,2.64,-20.098,-48.81
193,90,2.8,-14.71,-41.77
193,90,2.96,-7.508,-35.82
193,90,3.12,-8.716,-36.95
193,90,3.28,-9.672,-39.69
193,90,3.44,-8.752,-37.4
193,90,3.6,-12.96,-40.41
193,90,3.76,-14.694,-44.18
193,90,3.92,-14.762,-42.31
193,90,4.08,-16.632,-44.3
193,90,4.24,-14.336,-43.36
193,90,4.4,-13.37,-43.18
193,90,4.56,-11.976,-41.79
193,90,4.72,-13.124,-43.11
193,90,4.88,-10.38,-40.51
193,90,5.04,-9.23,-39.28
193,90,5.2,-9.12,-40.54
193,90,5.36,-10.7,-41.5
193,90,5.52,-10.908,-41.19
193,90,5.68,-10.05,-41.42
193,90,5.84,-11.142,-42.59
193,90,6,-14.57,-46.11
193,90,6.16,-14.27,-46.31
193,90,6.32,-11.978,-45.47
193,90,6.48,-12.926,-47.01
193,90,6.64,-12.728,-47.12
193,90,6.8,-13.28,-46.78
193,90,6.96,-15.882,-50.21
193,90,7.12,-16.026,-50.62
193,90,7.28,-12.992,-47.37
193,90,7.44,-13.566,-47.9
193,90,7.6,-18.62,-52.02
193,90,7.76,-13.968,-49.19
193,90,7.92,-14.732,-49.36
193,90,8.08,-16.356,-51.16
193,90,8.24,-16.672,-51.78
193,90,8.4,-18.38,-53.76
193,90,8.56,-18.092,-54.37
193,90,8.72,-21.238,-58.54
193,90,8.88,-17.728,-54.87
193,90,9.04,-20.144,-57.93
193,90,9.2,-18.97,-57.83
193,90,9.36,-19.564,-57.63
193,90,9.52,-22.162,-60.54
193,90,9.68,-20.85,-59.74
193,90,9.84,-19.146,-58.26
193,90,10,-21.79,-60.86
193,90,10.16,-17.358,-57
193,90,10.32,-16.722,-56.35
193,90,10.48,-15.878,-55.41
193,90,10.64,-23.068,-63.08
193,90,10.8,-21.43,-61.7
193,90,10.96,-18.916,-58.9
193,90,11.12,-19.216,-59.46
193,90,11.28,-20.456,-60.9
193,90,11.44,-21.102,-61.85
193,90,11.6,-19.88,-60.75
193,90,11.76,-16.774,-57.89
193,90,11.92,-15.564,-56.69
193,90,12.08,-18.84,-61.03
193,90,12.24,-15.934,-58.19
193,90,12.4,-17.39,-60.05
193,90,12.56,-16.32,-60.39
193,90,12.72,-22.044,-66.6
193,90,12.88,-24.886,-70.09
193,90,13.04,-21.398,-67.9
193,90,13.2,-21.38,-68.16
193,90,13.36,-26.244,-72.46
193,90,13.52,-23.392,-69.4
193,90,13.68,-27.08,-73.76
193,90,13.84,-21.668,-69.15
193,90,14,-22.19,-70.04
193,90,14.16,-21.466,-69.69
193,90,14.32,-24.486,-73.44
193,90,14.48,-21.884,-73.71
193,90,14.64,-19.304,-68.76
193,90,14.8,-26.45,-74.46
193,90,14.96,-25.162,-72.29
193,90,15.12,-24.64,-71.07
193,90,15.28,-26.99,-73.54
193,90,15.44,-23.216,-69.53
193,90,15.6,-23.84,-70.47
193,90,15.76,-22.898,-70.09
193,90,15.92,-19.322,-66.5
193,90,16.08,-22.812,-70.27
193,90,16.24,-27.504,-75.63
193,90,16.4,-20.56,-70.37
193,90,16.56,-24.318,-73.25
193,90,16.72,-26.948,-76.43
193,90,16.88,-25.604,-76.07
193,90,17.04,-28.406,-79.66
193,90,17.2,-23.4,-75.83
193,90,17.36,-31.626,-84.27
193,90,17.52,-31.076,-83.61
193,90,17.68,-24.282,-77.36
193,90,17.84,-25.458,-78.37
193,90,18,-19.63,-72.44
194,90,2,-12.6,-34.39
194,90,2.16,-12.988,-36.4
194,90,2.32,-12.076,-37.73
194,90,2.48,-17.564,-44.81
194,90,2.64,-19.578,-48.29
194,90,2.8,-13.17,-40.23
194,90,2.96,-7.418,-35.73
194,90,3.12,-8.686,-36.92
194,90,3.28,-10.282,-40.3
194,90,3.44,-9.072,-37.72
194,90,3.6,-13.88,-41.33
194,90,3.76,-15.694,-45.18
194,90,3.92,-15.402,-42.95
194,90,4.08,-14.612,-42.28
194,90,4.24,-13.336,-42.36
194,90,4.4,-12.6,-42.41
194,90,4.56,-11.316,-41.13
194,90,4.72,-12.674,-42.66
194,90,4.88,-10.84,-40.97
194,90,5.04,-9.73999999999999,-39.79
194,90,5.2,-9.42,-40.84
194,90,5.36,-10.84,-41.64
194,90,5.52,-11.108,-41.39
194,90,5.68,-10.03,-41.4
194,90,5.84,-11.152,-42.6
194,90,6,-14.56,-46.1
194,90,6.16,-13.6,-45.64
194,90,6.32,-11.278,-44.77
194,90,6.48,-12.006,-46.09
194,90,6.64,-12.518,-46.91
194,90,6.8,-13.96,-47.46
194,90,6.96,-16.632,-50.96
194,90,7.12,-16.106,-50.7
194,90,7.28,-14.102,-48.48
194,90,7.44,-13.906,-48.24
194,90,7.6,-16.68,-50.08
194,90,7.76,-14.008,-49.23
194,90,7.92,-15.142,-49.77
194,90,8.08,-16.006,-50.81
194,90,8.24,-16.382,-51.49
194,90,8.4,-17.37,-52.75
194,90,8.56,-15.972,-52.25
194,90,8.72,-19.448,-56.75
194,90,8.88,-17.688,-54.83
194,90,9.04,-20.354,-58.14
194,90,9.2,-19.82,-58.68
194,90,9.36,-17.164,-55.23
194,90,9.52,-17.132,-55.51
194,90,9.68,-20.34,-59.23
194,90,9.84,-18.446,-57.56
194,90,10,-19.57,-58.64
194,90,10.16,-18.908,-58.55
194,90,10.32,-19.372,-59
194,90,10.48,-16.968,-56.5
194,90,10.64,-19.108,-59.12
194,90,10.8,-19.8,-60.07
194,90,10.96,-17.696,-57.68
194,90,11.12,-18.296,-58.54
194,90,11.28,-19.656,-60.1
194,90,11.44,-22.092,-62.84
194,90,11.6,-21.05,-61.92
194,90,11.76,-17.884,-59
194,90,11.92,-16.964,-58.09
194,90,12.08,-17.31,-59.5
194,90,12.24,-18.744,-61
194,90,12.4,-20.8,-63.46
194,90,12.56,-20.38,-64.45
194,90,12.72,-20.824,-65.38
194,90,12.88,-24.576,-69.78
194,90,13.04,-22.168,-68.67
194,90,13.2,-21.61,-68.39
194,90,13.36,-24.794,-71.01
194,90,13.52,-24.922,-70.93
194,90,13.68,-30.11,-76.79
194,90,13.84,-24.948,-72.43
194,90,14,-25.55,-73.4
194,90,14.16,-21.126,-69.35
194,90,14.32,-25.846,-74.8
194,90,14.48,-18.714,-70.54
194,90,14.64,-20.304,-69.76
194,90,14.8,-26.34,-74.35
194,90,14.96,-23.262,-70.39
194,90,15.12,-23.3,-69.73
194,90,15.28,-27.53,-74.08
194,90,15.44,-18.816,-65.13
194,90,15.6,-29.25,-75.88
194,90,15.76,-29.178,-76.37
194,90,15.92,-26.932,-74.11
194,90,16.08,-23.512,-70.97
194,90,16.24,-43.484,-91.61
194,90,16.4,-21.91,-71.72
194,90,16.56,-21.748,-70.68
194,90,16.72,-21.398,-70.88
194,90,16.88,-27.554,-78.02
194,90,17.04,-25.486,-76.74
194,90,17.2,-26.71,-79.14
194,90,17.36,-25.376,-78.02
194,90,17.52,-27.446,-79.98
194,90,17.68,-27.322,-80.4
194,90,17.84,-27.828,-80.74
194,90,18,-22.6,-75.41
195,90,2,-12.65,-34.44
195,90,2.16,-13.368,-36.78
195,90,2.32,-12.766,-38.42
195,90,2.48,-18.664,-45.91
195,90,2.64,-18.878,-47.59
195,90,2.8,-12,-39.06
195,90,2.96,-7.348,-35.66
195,90,3.12,-9.026,-37.26
195,90,3.28,-10.722,-40.74
195,90,3.44,-9.422,-38.07
195,90,3.6,-14.68,-42.13
195,90,3.76,-16.144,-45.63
195,90,3.92,-14.892,-42.44
195,90,4.08,-12.942,-40.61
195,90,4.24,-12.396,-41.42
195,90,4.4,-12.09,-41.9
195,90,4.56,-10.926,-40.74
195,90,4.72,-12.964,-42.95
195,90,4.88,-11.64,-41.77
195,90,5.04,-10.52,-40.57
195,90,5.2,-9.53,-40.95
195,90,5.36,-10.67,-41.47
195,90,5.52,-11.058,-41.34
195,90,5.68,-9.74,-41.11
195,90,5.84,-11.602,-43.05
195,90,6,-13.81,-45.35
195,90,6.16,-12.97,-45.01
195,90,6.32,-11.288,-44.78
195,90,6.48,-12.196,-46.28
195,90,6.64,-13.848,-48.24
195,90,6.8,-15.12,-48.62
195,90,6.96,-17.592,-51.92
195,90,7.12,-16.126,-50.72
195,90,7.28,-14.012,-48.39
195,90,7.44,-14.136,-48.47
195,90,7.6,-14.48,-47.88
195,90,7.76,-14.358,-49.58
195,90,7.92,-15.352,-49.98
195,90,8.08,-14.656,-49.46
195,90,8.24,-17.392,-52.5
195,90,8.4,-16.72,-52.1
195,90,8.56,-15.312,-51.59
195,90,8.72,-17.518,-54.82
195,90,8.88,-17.308,-54.45
195,90,9.04,-18.854,-56.64
195,90,9.2,-18.41,-57.27
195,90,9.36,-16.694,-54.76
195,90,9.52,-15.842,-54.22
195,90,9.68,-19.2,-58.09
195,90,9.84,-19.046,-58.16
195,90,10,-19.19,-58.26
195,90,10.16,-20.348,-59.99
195,90,10.32,-22.822,-62.45
195,90,10.48,-21.328,-60.86
195,90,10.64,-18.778,-58.79
195,90,10.8,-18.95,-59.22
195,90,10.96,-18.906,-58.89
195,90,11.12,-18.936,-59.18
195,90,11.28,-18.606,-59.05
195,90,11.44,-25.712,-66.46
195,90,11.6,-21.47,-62.34
195,90,11.76,-17.514,-58.63
195,90,11.92,-17.814,-58.94
195,90,12.08,-22.42,-64.61
195,90,12.24,-20.184,-62.44
195,90,12.4,-25.54,-68.2
195,90,12.56,-21.07,-65.14
195,90,12.72,-30.384,-74.94
195,90,12.88,-18.906,-64.11
195,90,13.04,-32.298,-78.8
195,90,13.2,-21.52,-68.3
195,90,13.36,-24.054,-70.27
195,90,13.52,-35.952,-81.96
195,90,13.68,-32.22,-78.9
195,90,13.84,-20.448,-67.93
195,90,14,-24.81,-72.66
195,90,14.16,-17.936,-66.16
195,90,14.32,-27.556,-76.51
195,90,14.48,-25.024,-76.85
195,90,14.64,-21.814,-71.27
195,90,14.8,-22.81,-70.82
195,90,14.96,-31.712,-78.84
195,90,15.12,-26.85,-73.28
195,90,15.28,-26.73,-73.28
195,90,15.44,-24.526,-70.84
195,90,15.6,-32.31,-78.94
195,90,15.76,-26.088,-73.28
195,90,15.92,-35.632,-82.81
195,90,16.08,-21.402,-68.86
195,90,16.24,-28.134,-76.26
195,90,16.4,-20.24,-70.05
195,90,16.56,-25.408,-74.34
195,90,16.72,-30.708,-80.19
195,90,16.88,-27.514,-77.98
195,90,17.04,-32.856,-84.11
195,90,17.2,-24.75,-77.18
195,90,17.36,-32.556,-85.2
195,90,17.52,-20.106,-72.64
195,90,17.68,-23.242,-76.32
195,90,17.84,-22.408,-75.32
195,90,18,-30.98,-83.79
196,90,2,-13,-34.79
196,90,2.16,-13.588,-37
196,90,2.32,-13.246,-38.9
196,90,2.48,-19.964,-47.21
196,90,2.64,-17.368,-46.08
196,90,2.8,-11.1,-38.16
196,90,2.96,-7.418,-35.73
196,90,3.12,-9.006,-37.24
196,90,3.28,-11.142,-41.16
196,90,3.44,-9.522,-38.17
196,90,3.6,-15.36,-42.81
196,90,3.76,-15.894,-45.38
196,90,3.92,-14.162,-41.71
196,90,4.08,-11.742,-39.41
196,90,4.24,-11.866,-40.89
196,90,4.4,-11.7,-41.51
196,90,4.56,-10.986,-40.8
196,90,4.72,-13.664,-43.65
196,90,4.88,-13.35,-43.48
196,90,5.04,-11.24,-41.29
196,90,5.2,-9.81,-41.23
196,90,5.36,-9.99,-40.79
196,90,5.52,-10.428,-40.71
196,90,5.68,-9.1,-40.47
196,90,5.84,-11.452,-42.9
196,90,6,-13.58,-45.12
196,90,6.16,-13.01,-45.05
196,90,6.32,-11.808,-45.3
196,90,6.48,-13.006,-47.09
196,90,6.64,-15.008,-49.4
196,90,6.8,-16.11,-49.61
196,90,6.96,-16.532,-50.86
196,90,7.12,-14.906,-49.5
196,90,7.28,-14.182,-48.56
196,90,7.44,-13.166,-47.5
196,90,7.6,-13.32,-46.72
196,90,7.76,-14.478,-49.7
196,90,7.92,-14.302,-48.93
196,90,8.08,-15.036,-49.84
196,90,8.24,-17.292,-52.4
196,90,8.4,-16.96,-52.34
196,90,8.56,-15.192,-51.47
196,90,8.72,-15.998,-53.3
196,90,8.88,-16.728,-53.87
196,90,9.04,-17.894,-55.68
196,90,9.2,-16.16,-55.02
196,90,9.36,-16.134,-54.2
196,90,9.52,-15.762,-54.14
196,90,9.68,-19.31,-58.2
196,90,9.84,-19.596,-58.71
196,90,10,-18.32,-57.39
196,90,10.16,-17.648,-57.29
196,90,10.32,-19.242,-58.87
196,90,10.48,-19.828,-59.36
196,90,10.64,-16.868,-56.88
196,90,10.8,-16.98,-57.25
196,90,10.96,-23.546,-63.53
196,90,11.12,-17.886,-58.13
196,90,11.28,-20.186,-60.63
196,90,11.44,-29.552,-70.3
196,90,11.6,-20.98,-61.85
196,90,11.76,-18.374,-59.49
196,90,11.92,-19.474,-60.6
196,90,12.08,-19.74,-61.93
196,90,12.24,-21.144,-63.4
196,90,12.4,-25.46,-68.12
196,90,12.56,-22.78,-66.85
196,90,12.72,-33.734,-78.29
196,90,12.88,-27.306,-72.51
196,90,13.04,-35.158,-81.66
196,90,13.2,-34.04,-80.82
196,90,13.36,-26.424,-72.64
196,90,13.52,-37.432,-83.44
196,90,13.68,-22.31,-68.99
196,90,13.84,-21.488,-68.97
196,90,14,-21.16,-69.01
196,90,14.16,-18.606,-66.83
196,90,14.32,-31.416,-80.37
196,90,14.48,-20.634,-72.46
196,90,14.64,-29.414,-78.87
196,90,14.8,-26.14,-74.15
196,90,14.96,-27.452,-74.58
196,90,15.12,-26.88,-73.31
196,90,15.28,-31.79,-78.34
196,90,15.44,-24.246,-70.56
196,90,15.6,-24.39,-71.02
196,90,15.76,-28.758,-75.95
196,90,15.92,-26.842,-74.02
196,90,16.08,-25.252,-72.71
196,90,16.24,-23.054,-71.18
196,90,16.4,-25.28,-75.09
196,90,16.56,-29.678,-78.61
196,90,16.72,-20.798,-70.28
196,90,16.88,-22.064,-72.53
196,90,17.04,-27.366,-78.62
196,90,17.2,-25.29,-77.72
196,90,17.36,-19.376,-72.02
196,90,17.52,-18.506,-71.04
196,90,17.68,-24.642,-77.72
196,90,17.84,-29.588,-82.5
196,90,18,-20.8,-73.61
197,90,2,-13.18,-34.97
197,90,2.16,-13.748,-37.16
197,90,2.32,-13.826,-39.48
197,90,2.48,-20.814,-48.06
197,90,2.64,-15.928,-44.64
197,90,2.8,-10.65,-37.71
197,90,2.96,-7.608,-35.92
197,90,3.12,-8.936,-37.17
197,90,3.28,-11.402,-41.42
197,90,3.44,-9.382,-38.03
197,90,3.6,-15.45,-42.9
197,90,3.76,-15.064,-44.55
197,90,3.92,-12.992,-40.54
197,90,4.08,-10.862,-38.53
197,90,4.24,-11.926,-40.95
197,90,4.4,-11.85,-41.66
197,90,4.56,-11.566,-41.38
197,90,4.72,-15.114,-45.1
197,90,4.88,-14.8,-44.93
197,90,5.04,-11.23,-41.28
197,90,5.2,-9.5,-40.92
197,90,5.36,-9.55,-40.35
197,90,5.52,-9.778,-40.06
197,90,5.68,-8.97000000000001,-40.34
197,90,5.84,-12.572,-44.02
197,90,6,-13.8,-45.34
197,90,6.16,-13.64,-45.68
197,90,6.32,-13.138,-46.63
197,90,6.48,-13.756,-47.84
197,90,6.64,-14.878,-49.27
197,90,6.8,-15.1,-48.6
197,90,6.96,-15.872,-50.2
197,90,7.12,-13.946,-48.54
197,90,7.28,-13.782,-48.16
197,90,7.44,-12.486,-46.82
197,90,7.6,-12.96,-46.36
197,90,7.76,-14.898,-50.12
197,90,7.92,-14.552,-49.18
197,90,8.08,-15.306,-50.11
197,90,8.24,-17.792,-52.9
197,90,8.4,-17.18,-52.56
197,90,8.56,-14.612,-50.89
197,90,8.72,-14.468,-51.77
197,90,8.88,-15.918,-53.06
197,90,9.04,-15.564,-53.35
197,90,9.2,-15.92,-54.78
197,90,9.36,-16.114,-54.18
197,90,9.52,-16.332,-54.71
197,90,9.68,-19.69,-58.58
197,90,9.84,-19.436,-58.55
197,90,10,-17.69,-56.76
197,90,10.16,-17.028,-56.67
197,90,10.32,-18.732,-58.36
197,90,10.48,-20.528,-60.06
197,90,10.64,-17.578,-57.59
197,90,10.8,-18.37,-58.64
197,90,10.96,-20.366,-60.35
197,90,11.12,-21.696,-61.94
197,90,11.28,-21.656,-62.1
197,90,11.44,-28.092,-68.84
197,90,11.6,-18.83,-59.7
197,90,11.76,-18.344,-59.46
197,90,11.92,-19.944,-61.07
197,90,12.08,-27.26,-69.45
197,90,12.24,-19.344,-61.6
197,90,12.4,-23.55,-66.21
197,90,12.56,-24.4,-68.47
197,90,12.72,-28.014,-72.57
197,90,12.88,-25.956,-71.16
197,90,13.04,-25.688,-72.19
197,90,13.2,-32.95,-79.73
197,90,13.36,-35.914,-82.13
197,90,13.52,-34.492,-80.5
197,90,13.68,-24.87,-71.55
197,90,13.84,-19.758,-67.24
197,90,14,-27.5,-75.35
197,90,14.16,-17.856,-66.08
197,90,14.32,-24.356,-73.31
197,90,14.48,-26.654,-78.48
197,90,14.64,-25.754,-75.21
197,90,14.8,-25.01,-73.02
197,90,14.96,-26.152,-73.28
197,90,15.12,-32.57,-79
197,90,15.28,-56.1,-102.65
197,90,15.44,-24.186,-70.5
197,90,15.6,-30.97,-77.6
197,90,15.76,-23.028,-70.22
197,90,15.92,-24.152,-71.33
197,90,16.08,-37.502,-84.96
197,90,16.24,-34.644,-82.77
197,90,16.4,-25.01,-74.82
197,90,16.56,-24.518,-73.45
197,90,16.72,-40.448,-89.93
197,90,16.88,-26.274,-76.74
197,90,17.04,-34.026,-85.28
197,90,17.2,-28.05,-80.48
197,90,17.36,-24.146,-76.79
197,90,17.52,-22.676,-75.21
197,90,17.68,-26.722,-79.8
197,90,17.84,-34.888,-87.8
197,90,18,-23.93,-76.74
198,90,2,-13.48,-35.27
198,90,2.16,-13.818,-37.23
198,90,2.32,-14.166,-39.82
198,90,2.48,-21.194,-48.44
198,90,2.64,-15.048,-43.76
198,90,2.8,-10.41,-37.47
198,90,2.96,-7.88800000000001,-36.2
198,90,3.12,-9.006,-37.24
198,90,3.28,-11.512,-41.53
198,90,3.44,-9.042,-37.69
198,90,3.6,-15.41,-42.86
198,90,3.76,-13.864,-43.35
198,90,3.92,-12.272,-39.82
198,90,4.08,-10.832,-38.5
198,90,4.24,-12.466,-41.49
198,90,4.4,-12.23,-42.04
198,90,4.56,-12.726,-42.54
198,90,4.72,-16.554,-46.54
198,90,4.88,-14.86,-44.99
198,90,5.04,-10.52,-40.57
198,90,5.2,-9.31,-40.73
198,90,5.36,-9.57,-40.37
198,90,5.52,-9.318,-39.6
198,90,5.68,-9.01000000000001,-40.38
198,90,5.84,-13.672,-45.12
198,90,6,-14.76,-46.3
198,90,6.16,-14.27,-46.31
198,90,6.32,-13.448,-46.94
198,90,6.48,-13.486,-47.57
198,90,6.64,-13.188,-47.58
198,90,6.8,-14.08,-47.58
198,90,6.96,-15.292,-49.62
198,90,7.12,-13.976,-48.57
198,90,7.28,-13.472,-47.85
198,90,7.44,-12.706,-47.04
198,90,7.6,-12.48,-45.88
198,90,7.76,-15.598,-50.82
198,90,7.92,-13.802,-48.43
198,90,8.08,-15.466,-50.27
198,90,8.24,-16.562,-51.67
198,90,8.4,-17.27,-52.65
198,90,8.56,-14.402,-50.68
198,90,8.72,-13.898,-51.2
198,90,8.88,-15.678,-52.82
198,90,9.04,-16.734,-54.52
198,90,9.2,-15.35,-54.21
198,90,9.36,-16.194,-54.26
198,90,9.52,-17.952,-56.33
198,90,9.68,-18.26,-57.15
198,90,9.84,-18.476,-57.59
198,90,10,-19.95,-59.02
198,90,10.16,-17.758,-57.4
198,90,10.32,-18.512,-58.14
198,90,10.48,-19.038,-58.57
198,90,10.64,-19.298,-59.31
198,90,10.8,-21.78,-62.05
198,90,10.96,-20.706,-60.69
198,90,11.12,-18.726,-58.97
198,90,11.28,-21.116,-61.56
198,90,11.44,-25.952,-66.7
198,90,11.6,-19.26,-60.13
198,90,11.76,-17.104,-58.22
198,90,11.92,-19.744,-60.87
198,90,12.08,-25.25,-67.44
198,90,12.24,-22.044,-64.3
198,90,12.4,-24.27,-66.93
198,90,12.56,-21.56,-65.63
198,90,12.72,-23.944,-68.5
198,90,12.88,-24.566,-69.77
198,90,13.04,-19.528,-66.03
198,90,13.2,-23.85,-70.63
198,90,13.36,-30.094,-76.31
198,90,13.52,-31.822,-77.83
198,90,13.68,-37.62,-84.3
198,90,13.84,-22.158,-69.64
198,90,14,-21.5,-69.35
198,90,14.16,-29.596,-77.82
198,90,14.32,-22.726,-71.68
198,90,14.48,-22.824,-74.65
198,90,14.64,-31.534,-80.99
198,90,14.8,-18.57,-66.58
198,90,14.96,-26.672,-73.8
198,90,15.12,-26.98,-73.41
198,90,15.28,-40.48,-87.03
198,90,15.44,-25.626,-71.94
198,90,15.6,-26.93,-73.56
198,90,15.76,-30.848,-78.04
198,90,15.92,-25.342,-72.52
198,90,16.08,-26.102,-73.56
198,90,16.24,-30.514,-78.64
198,90,16.4,-32.39,-82.2
198,90,16.56,-24.978,-73.91
198,90,16.72,-28.148,-77.63
198,90,16.88,-31.864,-82.33
198,90,17.04,-26.636,-77.89
198,90,17.2,-20.66,-73.09
198,90,17.36,-27.246,-79.89
198,90,17.52,-17.596,-70.13
198,90,17.68,-37.192,-90.27
198,90,17.84,-19.538,-72.45
198,90,18,-26.89,-79.7
199,90,2,-13.55,-35.34
199,90,2.16,-13.978,-37.39
199,90,2.32,-14.446,-40.1
199,90,2.48,-21.504,-48.75
199,90,2.64,-14.538,-43.25
199,90,2.8,-10.4,-37.46
199,90,2.96,-8.108,-36.42
199,90,3.12,-9.046,-37.28
199,90,3.28,-11.292,-41.31
199,90,3.44,-8.742,-37.39
199,90,3.6,-14.15,-41.6
199,90,3.76,-12.604,-42.09
199,90,3.92,-11.682,-39.23
199,90,4.08,-11.302,-38.97
199,90,4.24,-13.306,-42.33
199,90,4.4,-12.86,-42.67
199,90,4.56,-14.026,-43.84
199,90,4.72,-16.664,-46.65
199,90,4.88,-13.74,-43.87
199,90,5.04,-9.4,-39.45
199,90,5.2,-9.06,-40.48
199,90,5.36,-9.98,-40.78
199,90,5.52,-9.268,-39.55
199,90,5.68,-10.09,-41.46
199,90,5.84,-14.502,-45.95
199,90,6,-15.32,-46.86
199,90,6.16,-14.51,-46.55
199,90,6.32,-12.268,-45.76
199,90,6.48,-11.866,-45.95
199,90,6.64,-11.618,-46.01
199,90,6.8,-13.72,-47.22
199,90,6.96,-15.302,-49.63
199,90,7.12,-14.636,-49.23
199,90,7.28,-13.792,-48.17
199,90,7.44,-12.936,-47.27
199,90,7.6,-12.35,-45.75
199,90,7.76,-15.098,-50.32
199,90,7.92,-14.622,-49.25
199,90,8.08,-14.806,-49.61
199,90,8.24,-15.962,-51.07
199,90,8.4,-18.28,-53.66
199,90,8.56,-13.992,-50.27
199,90,8.72,-15.548,-52.85
199,90,8.88,-16.298,-53.44
199,90,9.04,-17.334,-55.12
199,90,9.2,-16.55,-55.41
199,90,9.36,-16.924,-54.99
199,90,9.52,-17.932,-56.31
199,90,9.68,-17.77,-56.66
199,90,9.84,-17.146,-56.26
199,90,10,-19.33,-58.4
199,90,10.16,-18.518,-58.16
199,90,10.32,-18.602,-58.23
199,90,10.48,-18.598,-58.13
199,90,10.64,-21.148,-61.16
199,90,10.8,-20.91,-61.18
199,90,10.96,-19.866,-59.85
199,90,11.12,-19.886,-60.13
199,90,11.28,-21.176,-61.62
199,90,11.44,-27.242,-67.99
199,90,11.6,-24.01,-64.88
199,90,11.76,-15.834,-56.95
199,90,11.92,-21.274,-62.4
199,90,12.08,-29.59,-71.78
199,90,12.24,-22.324,-64.58
199,90,12.4,-24.19,-66.85
199,90,12.56,-24.44,-68.51
199,90,12.72,-21.714,-66.27
199,90,12.88,-18.696,-63.9
199,90,13.04,-22.078,-68.58
199,90,13.2,-25.38,-72.16
199,90,13.36,-22.044,-68.26
199,90,13.52,-24.172,-70.18
199,90,13.68,-26.45,-73.13
199,90,13.84,-21.858,-69.34
199,90,14,-27.23,-75.08
199,90,14.16,-18.146,-66.37
199,90,14.32,-19.926,-68.88
199,90,14.48,-21.354,-73.18
199,90,14.64,-33.094,-82.55
199,90,14.8,-27.94,-75.95
199,90,14.96,-26.432,-73.56
199,90,15.12,-24.82,-71.25
199,90,15.28,-27.41,-73.96
199,90,15.44,-31.136,-77.45
199,90,15.6,-24.04,-70.67
199,90,15.76,-24.078,-71.27
199,90,15.92,-21.462,-68.64
199,90,16.08,-22.972,-70.43
199,90,16.24,-25.334,-73.46
199,90,16.4,-23.2,-73.01
199,90,16.56,-26.608,-75.54
199,90,16.72,-48.158,-97.64
199,90,16.88,-19.404,-69.87
199,90,17.04,-25.796,-77.05
199,90,17.2,-25.41,-77.84
199,90,17.36,-19.576,-72.22
199,90,17.52,-18.646,-71.18
199,90,17.68,-22.012,-75.09
199,90,17.84,-20.388,-73.3
199,90,18,-17.89,-70.7
200,90,2,-13.52,-35.31
200,90,2.16,-14.028,-37.44
200,90,2.32,-14.656,-40.31
200,90,2.48,-20.874,-48.12
200,90,2.64,-14.048,-42.76
200,90,2.8,-10.92,-37.98
200,90,2.96,-8.308,-36.62
200,90,3.12,-8.716,-36.95
200,90,3.28,-10.612,-40.63
200,90,3.44,-8.052,-36.7
200,90,3.6,-13.15,-40.6
200,90,3.76,-11.804,-41.29
200,90,3.92,-11.462,-39.01
200,90,4.08,-12.132,-39.8
200,90,4.24,-14.696,-43.72
200,90,4.4,-13.75,-43.56
200,90,4.56,-14.356,-44.17
200,90,4.72,-15.644,-45.63
200,90,4.88,-12.63,-42.76
200,90,5.04,-8.67999999999999,-38.73
200,90,5.2,-9.03,-40.45
200,90,5.36,-10.86,-41.66
200,90,5.52,-10.008,-40.29
200,90,5.68,-11.8,-43.17
200,90,5.84,-15.162,-46.61
200,90,6,-15.31,-46.85
200,90,6.16,-13.85,-45.89
200,90,6.32,-10.708,-44.2
200,90,6.48,-11.296,-45.38
200,90,6.64,-11.308,-45.7
200,90,6.8,-13.72,-47.22
200,90,6.96,-14.852,-49.18
200,90,7.12,-15.156,-49.75
200,90,7.28,-13.902,-48.28
200,90,7.44,-13.086,-47.42
200,90,7.6,-12.42,-45.82
200,90,7.76,-14.898,-50.12
200,90,7.92,-15.122,-49.75
200,90,8.08,-14.856,-49.66
200,90,8.24,-16.942,-52.05
200,90,8.4,-20.04,-55.42
200,90,8.56,-14.942,-51.22
200,90,8.72,-16.688,-53.99
200,90,8.88,-17.488,-54.63
200,90,9.04,-19.774,-57.56
200,90,9.2,-17.52,-56.38
200,90,9.36,-17.824,-55.89
200,90,9.52,-17.242,-55.62
200,90,9.68,-16.69,-55.58
200,90,9.84,-17.876,-56.99
200,90,10,-21.75,-60.82
200,90,10.16,-22.728,-62.37
200,90,10.32,-22.022,-61.65
200,90,10.48,-22.098,-61.63
200,90,10.64,-17.388,-57.4
200,90,10.8,-19.08,-59.35
200,90,10.96,-19.866,-59.85
200,90,11.12,-21.056,-61.3
200,90,11.28,-20.976,-61.42
200,90,11.44,-26.292,-67.04
200,90,11.6,-28.68,-69.55
200,90,11.76,-18.394,-59.51
200,90,11.92,-20.554,-61.68
200,90,12.08,-28.13,-70.32
200,90,12.24,-23.424,-65.68
200,90,12.4,-22.96,-65.62
200,90,12.56,-27.14,-71.21
200,90,12.72,-24.134,-68.69
200,90,12.88,-22.936,-68.14
200,90,13.04,-24.008,-70.51
200,90,13.2,-22.12,-68.9
200,90,13.36,-27.334,-73.55
200,90,13.52,-22.622,-68.63
200,90,13.68,-29.84,-76.52
200,90,13.84,-44.698,-92.18
200,90,14,-26.22,-74.07
200,90,14.16,-23.866,-72.09
200,90,14.32,-20.076,-69.03
200,90,14.48,-38.604,-90.43
200,90,14.64,-23.494,-72.95
200,90,14.8,-31.16,-79.17
200,90,14.96,-21.712,-68.84
200,90,15.12,-22.5,-68.93
200,90,15.28,-28.14,-74.69
200,90,15.44,-23.336,-69.65
200,90,15.6,-22,-68.63
200,90,15.76,-20.328,-67.52
200,90,15.92,-26.912,-74.09
200,90,16.08,-25.212,-72.67
200,90,16.24,-27.204,-75.33
200,90,16.4,-28.76,-78.57
200,90,16.56,-19.388,-68.32
200,90,16.72,-27.508,-76.99
200,90,16.88,-20.494,-70.96
200,90,17.04,-18.836,-70.09
200,90,17.2,-18.89,-71.32
200,90,17.36,-20.896,-73.54
200,90,17.52,-19.566,-72.1
200,90,17.68,-18.342,-71.42
200,90,17.84,-18.238,-71.15
200,90,18,-25.54,-78.35
201,90,2,-13.18,-34.97
201,90,2.16,-13.928,-37.34
201,90,2.32,-14.796,-40.45
201,90,2.48,-20.434,-47.68
201,90,2.64,-14.018,-42.73
201,90,2.8,-11.38,-38.44
201,90,2.96,-8.148,-36.46
201,90,3.12,-8.496,-36.73
201,90,3.28,-9.802,-39.82
201,90,3.44,-7.342,-35.99
201,90,3.6,-12.15,-39.6
201,90,3.76,-10.894,-40.38
201,90,3.92,-11.732,-39.28
201,90,4.08,-14.072,-41.74
201,90,4.24,-15.746,-44.77
201,90,4.4,-14.1,-43.91
201,90,4.56,-13.726,-43.54
201,90,4.72,-13.824,-43.81
201,90,4.88,-11.5,-41.63
201,90,5.04,-8.58,-38.63
201,90,5.2,-9.43,-40.85
201,90,5.36,-11.9,-42.7
201,90,5.52,-10.948,-41.23
201,90,5.68,-13.25,-44.62
201,90,5.84,-13.992,-45.44
201,90,6,-14.57,-46.11
201,90,6.16,-12.52,-44.56
201,90,6.32,-10.018,-43.51
201,90,6.48,-10.896,-44.98
201,90,6.64,-11.598,-45.99
201,90,6.8,-14.15,-47.65
201,90,6.96,-14.472,-48.8
201,90,7.12,-14.696,-49.29
201,90,7.28,-13.962,-48.34
201,90,7.44,-12.726,-47.06
201,90,7.6,-12.49,-45.89
201,90,7.76,-15.188,-50.41
201,90,7.92,-15.512,-50.14
201,90,8.08,-16.106,-50.91
201,90,8.24,-19.482,-54.59
201,90,8.4,-20.03,-55.41
201,90,8.56,-16.402,-52.68
201,90,8.72,-18.818,-56.12
201,90,8.88,-19.158,-56.3
201,90,9.04,-21.014,-58.8
201,90,9.2,-18.61,-57.47
201,90,9.36,-19.654,-57.72
201,90,9.52,-16.842,-55.22
201,90,9.68,-18.39,-57.28
201,90,9.84,-18.976,-58.09
201,90,10,-27.63,-66.7
201,90,10.16,-23.008,-62.65
201,90,10.32,-20.342,-59.97
201,90,10.48,-22.928,-62.46
201,90,10.64,-21.978,-61.99
201,90,10.8,-18.27,-58.54
201,90,10.96,-19.756,-59.74
201,90,11.12,-22.386,-62.63
201,90,11.28,-23.446,-63.89
201,90,11.44,-29.002,-69.75
201,90,11.6,-22.32,-63.19
201,90,11.76,-18.814,-59.93
201,90,11.92,-20.924,-62.05
201,90,12.08,-22.96,-65.15
201,90,12.24,-23.764,-66.02
201,90,12.4,-21.42,-64.08
201,90,12.56,-23.39,-67.46
201,90,12.72,-27.404,-71.96
201,90,12.88,-31.886,-77.09
201,90,13.04,-27.628,-74.13
201,90,13.2,-23.96,-70.74
201,90,13.36,-26.394,-72.61
201,90,13.52,-24.562,-70.57
201,90,13.68,-26.49,-73.17
201,90,13.84,-27.898,-75.38
201,90,14,-30.29,-78.14
201,90,14.16,-28.266,-76.49
201,90,14.32,-20.046,-69
201,90,14.48,-28.354,-80.18
201,90,14.64,-21.194,-70.65
201,90,14.8,-21.8,-69.81
201,90,14.96,-26.392,-73.52
201,90,15.12,-20.14,-66.57
201,90,15.28,-26,-72.55
201,90,15.44,-24.386,-70.7
201,90,15.6,-25.29,-71.92
201,90,15.76,-21.138,-68.33
201,90,15.92,-24.062,-71.24
201,90,16.08,-25.972,-73.43
201,90,16.24,-37.504,-85.63
201,90,16.4,-22.83,-72.64
201,90,16.56,-21.478,-70.41
201,90,16.72,-30.198,-79.68
201,90,16.88,-20.524,-70.99
201,90,17.04,-15.306,-66.56
201,90,17.2,-13.88,-66.31
201,90,17.36,-26.946,-79.59
201,90,17.52,-13.996,-66.53
201,90,17.68,-22.312,-75.39
201,90,17.84,-17.888,-70.8
201,90,18,-26.41,-79.22
202,90,2,-12.97,-34.76
202,90,2.16,-14.018,-37.43
202,90,2.32,-14.696,-40.35
202,90,2.48,-19.744,-46.99
202,90,2.64,-14.548,-43.26
202,90,2.8,-12.1,-39.16
202,90,2.96,-7.848,-36.16
202,90,3.12,-8.106,-36.34
202,90,3.28,-8.742,-38.76
202,90,3.44,-6.632,-35.28
202,90,3.6,-11.3,-38.75
202,90,3.76,-11.064,-40.55
202,90,3.92,-12.332,-39.88
202,90,4.08,-16.352,-44.02
202,90,4.24,-15.506,-44.53
202,90,4.4,-13.52,-43.33
202,90,4.56,-12.266,-42.08
202,90,4.72,-11.944,-41.93
202,90,4.88,-10.77,-40.9
202,90,5.04,-8.81,-38.86
202,90,5.2,-9.86,-41.28
202,90,5.36,-13.02,-43.82
202,90,5.52,-11.768,-42.05
202,90,5.68,-12.31,-43.68
202,90,5.84,-12.422,-43.87
202,90,6,-13.77,-45.31
202,90,6.16,-11.93,-43.97
202,90,6.32,-10.348,-43.84
202,90,6.48,-11.946,-46.03
202,90,6.64,-13.168,-47.56
202,90,6.8,-14.66,-48.16
202,90,6.96,-13.762,-48.09
202,90,7.12,-14.126,-48.72
202,90,7.28,-13.762,-48.14
202,90,7.44,-12.806,-47.14
202,90,7.6,-12.74,-46.14
202,90,7.76,-15.828,-51.05
202,90,7.92,-18.092,-52.72
202,90,8.08,-17.746,-52.55
202,90,8.24,-21.152,-56.26
202,90,8.4,-18.67,-54.05
202,90,8.56,-17.592,-53.87
202,90,8.72,-18.648,-55.95
202,90,8.88,-19.238,-56.38
202,90,9.04,-20.444,-58.23
202,90,9.2,-21.96,-60.82
202,90,9.36,-21.494,-59.56
202,90,9.52,-17.692,-56.07
202,90,9.68,-20.57,-59.46
202,90,9.84,-18.716,-57.83
202,90,10,-26.87,-65.94
202,90,10.16,-24.878,-64.52
202,90,10.32,-19.032,-58.66
202,90,10.48,-23.288,-62.82
202,90,10.64,-29.098,-69.11
202,90,10.8,-22.88,-63.15
202,90,10.96,-25.686,-65.67
202,90,11.12,-26.616,-66.86
202,90,11.28,-29.446,-69.89
202,90,11.44,-27.032,-67.78
202,90,11.6,-22.8,-63.67
202,90,11.76,-25.114,-66.23
202,90,11.92,-19.644,-60.77
202,90,12.08,-19.73,-61.92
202,90,12.24,-26.414,-68.67
202,90,12.4,-30.28,-72.94
202,90,12.56,-23.91,-67.98
202,90,12.72,-26.144,-70.7
202,90,12.88,-27.376,-72.58
202,90,13.04,-22.608,-69.11
202,90,13.2,-24.04,-70.82
202,90,13.36,-20.384,-66.6
202,90,13.52,-17.982,-63.99
202,90,13.68,-25.82,-72.5
202,90,13.84,-21.918,-69.4
202,90,14,-23.17,-71.02
202,90,14.16,-26.406,-74.63
202,90,14.32,-21.976,-70.93
202,90,14.48,-29.384,-81.21
202,90,14.64,-22.534,-71.99
202,90,14.8,-22.43,-70.44
202,90,14.96,-27.212,-74.34
202,90,15.12,-22.09,-68.52
202,90,15.28,-22.49,-69.04
202,90,15.44,-26.316,-72.63
202,90,15.6,-24.32,-70.95
202,90,15.76,-22.318,-69.51
202,90,15.92,-19.182,-66.36
202,90,16.08,-23.382,-70.84
202,90,16.24,-19.924,-68.05
202,90,16.4,-20.7,-70.51
202,90,16.56,-21.488,-70.42
202,90,16.72,-26.898,-76.38
202,90,16.88,-18.664,-69.13
202,90,17.04,-21.966,-73.22
202,90,17.2,-13.39,-65.82
202,90,17.36,-22.786,-75.43
202,90,17.52,-14.886,-67.42
202,90,17.68,-27.282,-80.36
202,90,17.84,-16.478,-69.39
202,90,18,-17.08,-69.89
203,90,2,-12.61,-34.4
203,90,2.16,-13.978,-37.39
203,90,2.32,-14.606,-40.26
203,90,2.48,-19.494,-46.74
203,90,2.64,-14.898,-43.61
203,90,2.8,-12.53,-39.59
203,90,2.96,-7.228,-35.54
203,90,3.12,-7.546,-35.78
203,90,3.28,-7.872,-37.89
203,90,3.44,-6.192,-34.84
203,90,3.6,-10.59,-38.04
203,90,3.76,-10.984,-40.47
203,90,3.92,-13.292,-40.84
203,90,4.08,-18.382,-46.05
203,90,4.24,-14.396,-43.42
203,90,4.4,-12.02,-41.83
203,90,4.56,-10.786,-40.6
203,90,4.72,-11.234,-41.22
203,90,4.88,-10.61,-40.74
203,90,5.04,-9.38,-39.43
203,90,5.2,-10.74,-42.16
203,90,5.36,-13.73,-44.53
203,90,5.52,-11.458,-41.74
203,90,5.68,-10.59,-41.96
203,90,5.84,-11.082,-42.53
203,90,6,-13.3,-44.84
203,90,6.16,-12.27,-44.31
203,90,6.32,-12.098,-45.59
203,90,6.48,-14.026,-48.11
203,90,6.64,-14.658,-49.05
203,90,6.8,-13.8,-47.3
203,90,6.96,-12.682,-47.01
203,90,7.12,-13.816,-48.41
203,90,7.28,-13.732,-48.11
203,90,7.44,-13.446,-47.78
203,90,7.6,-13.14,-46.54
203,90,7.76,-16.828,-52.05
203,90,7.92,-19.222,-53.85
203,90,8.08,-20.016,-54.82
203,90,8.24,-21.262,-56.37
203,90,8.4,-20.42,-55.8
203,90,8.56,-18.972,-55.25
203,90,8.72,-19.768,-57.07
203,90,8.88,-22.758,-59.9
203,90,9.04,-22.364,-60.15
203,90,9.2,-22.47,-61.33
203,90,9.36,-22.774,-60.84
203,90,9.52,-20.902,-59.28
203,90,9.68,-22.22,-61.11
203,90,9.84,-18.286,-57.4
203,90,10,-24.96,-64.03
203,90,10.16,-28.828,-68.47
203,90,10.32,-20.772,-60.4
203,90,10.48,-27.268,-66.8
203,90,10.64,-28.208,-68.22
203,90,10.8,-30.86,-71.13
203,90,10.96,-22.766,-62.75
203,90,11.12,-28.276,-68.52
203,90,11.28,-25.036,-65.48
203,90,11.44,-26.122,-66.87
203,90,11.6,-20.3,-61.17
203,90,11.76,-22.764,-63.88
203,90,11.92,-22.424,-63.55
203,90,12.08,-21.6,-63.79
203,90,12.24,-23.074,-65.33
203,90,12.4,-29.66,-72.32
203,90,12.56,-23.3,-67.37
203,90,12.72,-26.664,-71.22
203,90,12.88,-18.986,-64.19
203,90,13.04,-24.638,-71.14
203,90,13.2,-22.59,-69.37
203,90,13.36,-23.524,-69.74
203,90,13.52,-22.042,-68.05
203,90,13.68,-21.2,-67.88
203,90,13.84,-26.378,-73.86
203,90,14,-22.31,-70.16
203,90,14.16,-21.866,-70.09
203,90,14.32,-17.896,-66.85
203,90,14.48,-19.534,-71.36
203,90,14.64,-19.584,-69.04
203,90,14.8,-21.71,-69.72
203,90,14.96,-24.232,-71.36
203,90,15.12,-20.63,-67.06
203,90,15.28,-25.74,-72.29
203,90,15.44,-20.246,-66.56
203,90,15.6,-27.81,-74.44
203,90,15.76,-21.798,-68.99
203,90,15.92,-18.322,-65.5
203,90,16.08,-22.782,-70.24
203,90,16.24,-25.574,-73.7
203,90,16.4,-20.08,-69.89
203,90,16.56,-20.438,-69.37
203,90,16.72,-21.628,-71.11
203,90,16.88,-26.144,-76.61
203,90,17.04,-20.186,-71.44
203,90,17.2,-20.17,-72.6
203,90,17.36,-19.866,-72.51
203,90,17.52,-15.916,-68.45
203,90,17.68,-25.082,-78.16
203,90,17.84,-24.968,-77.88
203,90,18,-18.95,-71.76
204,90,2,-12.35,-34.14
204,90,2.16,-13.798,-37.21
204,90,2.32,-14.426,-40.08
204,90,2.48,-19.474,-46.72
204,90,2.64,-16.158,-44.87
204,90,2.8,-12.37,-39.43
204,90,2.96,-6.598,-34.91
204,90,3.12,-6.966,-35.2
204,90,3.28,-7.232,-37.25
204,90,3.44,-5.822,-34.47
204,90,3.6,-10.57,-38.02
204,90,3.76,-11.554,-41.04
204,90,3.92,-15.002,-42.55
204,90,4.08,-19.132,-46.8
204,90,4.24,-12.776,-41.8
204,90,4.4,-10.81,-40.62
204,90,4.56,-9.976,-39.79
204,90,4.72,-10.764,-40.75
204,90,4.88,-11.01,-41.14
204,90,5.04,-10.24,-40.29
204,90,5.2,-11.15,-42.57
204,90,5.36,-12.46,-43.26
204,90,5.52,-10.738,-41.02
204,90,5.68,-9.33000000000001,-40.7
204,90,5.84,-10.682,-42.13
204,90,6,-13.33,-44.87
204,90,6.16,-12.96,-45
204,90,6.32,-14.638,-48.13
204,90,6.48,-15.096,-49.18
204,90,6.64,-14.458,-48.85
204,90,6.8,-12.64,-46.14
204,90,6.96,-13.422,-47.75
204,90,7.12,-13.986,-48.58
204,90,7.28,-14.952,-49.33
204,90,7.44,-14.236,-48.57
204,90,7.6,-14.08,-47.48
204,90,7.76,-17.618,-52.84
204,90,7.92,-21.022,-55.65
204,90,8.08,-21.516,-56.32
204,90,8.24,-18.592,-53.7
204,90,8.4,-22.1,-57.48
204,90,8.56,-20.312,-56.59
204,90,8.72,-23.078,-60.38
204,90,8.88,-22.488,-59.63
204,90,9.04,-26.634,-64.42
204,90,9.2,-24.48,-63.34
204,90,9.36,-24.374,-62.44
204,90,9.52,-28.252,-66.63
204,90,9.68,-23.62,-62.51
204,90,9.84,-17.316,-56.43
204,90,10,-21.65,-60.72
204,90,10.16,-39.378,-79.02
204,90,10.32,-26.882,-66.51
204,90,10.48,-23.918,-63.45
204,90,10.64,-35.098,-75.11
204,90,10.8,-27.08,-67.35
204,90,10.96,-30.066,-70.05
204,90,11.12,-29.216,-69.46
204,90,11.28,-32.216,-72.66
204,90,11.44,-26.282,-67.03
204,90,11.6,-22.08,-62.95
204,90,11.76,-41.934,-83.05
204,90,11.92,-26.124,-67.25
204,90,12.08,-25.83,-68.02
204,90,12.24,-18.194,-60.45
204,90,12.4,-21.15,-63.81
204,90,12.56,-24.16,-68.23
204,90,12.72,-19.504,-64.06
204,90,12.88,-19.136,-64.34
204,90,13.04,-23.598,-70.1
204,90,13.2,-28.16,-74.94
204,90,13.36,-21.444,-67.66
204,90,13.52,-22.542,-68.55
204,90,13.68,-19.74,-66.42
204,90,13.84,-20.488,-67.97
204,90,14,-23.34,-71.19
204,90,14.16,-15.406,-63.63
204,90,14.32,-16.086,-65.04
204,90,14.48,-30.274,-82.1
204,90,14.64,-19.764,-69.22
204,90,14.8,-23.13,-71.14
204,90,14.96,-20.502,-67.63
204,90,15.12,-22.25,-68.68
204,90,15.28,-20.48,-67.03
204,90,15.44,-20.786,-67.1
204,90,15.6,-18.46,-65.09
204,90,15.76,-17.688,-64.88
204,90,15.92,-20.522,-67.7
204,90,16.08,-18.002,-65.46
204,90,16.24,-25.334,-73.46
204,90,16.4,-22.15,-71.96
204,90,16.56,-24.728,-73.66
204,90,16.72,-27.978,-77.46
204,90,16.88,-17.684,-68.15
204,90,17.04,-22.346,-73.6
204,90,17.2,-19.52,-71.95
204,90,17.36,-25.176,-77.82
204,90,17.52,-21.136,-73.67
204,90,17.68,-34.842,-87.92
204,90,17.84,-16.348,-69.26
204,90,18,-20.82,-73.63
205,90,2,-12.11,-33.9
205,90,2.16,-13.928,-37.34
205,90,2.32,-14.166,-39.82
205,90,2.48,-19.074,-46.32
205,90,2.64,-16.918,-45.63
205,90,2.8,-12.13,-39.19
205,90,2.96,-5.878,-34.19
205,90,3.12,-6.606,-34.84
205,90,3.28,-6.692,-36.71
205,90,3.44,-5.702,-34.35
205,90,3.6,-10.65,-38.1
205,90,3.76,-12.734,-42.22
205,90,3.92,-16.812,-44.36
205,90,4.08,-17.232,-44.9
205,90,4.24,-11.816,-40.84
205,90,4.4,-10.01,-39.82
205,90,4.56,-9.746,-39.56
205,90,4.72,-11.224,-41.21
205,90,4.88,-11.9,-42.03
205,90,5.04,-10.74,-40.79
205,90,5.2,-10.55,-41.97
205,90,5.36,-10.69,-41.49
205,90,5.52,-10.128,-40.41
205,90,5.68,-8.96,-40.33
205,90,5.84,-10.642,-42.09
205,90,6,-14.14,-45.68
205,90,6.16,-15.27,-47.31
205,90,6.32,-16.678,-50.17
205,90,6.48,-14.766,-48.85
205,90,6.64,-13.388,-47.78
205,90,6.8,-12.68,-46.18
205,90,6.96,-14.182,-48.51
205,90,7.12,-14.946,-49.54
205,90,7.28,-16.212,-50.59
205,90,7.44,-15.646,-49.98
205,90,7.6,-15.07,-48.47
205,90,7.76,-18.178,-53.4
205,90,7.92,-24.842,-59.47
205,90,8.08,-20.936,-55.74
205,90,8.24,-17.752,-52.86
205,90,8.4,-23.2,-58.58
205,90,8.56,-23.822,-60.1
205,90,8.72,-27.038,-64.34
205,90,8.88,-29.558,-66.7
205,90,9.04,-30.164,-67.95
205,90,9.2,-26.82,-65.68
205,90,9.36,-24.004,-62.07
205,90,9.52,-34.142,-72.52
205,90,9.68,-25.08,-63.97
205,90,9.84,-19.916,-59.03
205,90,10,-24.34,-63.41
205,90,10.16,-29.978,-69.62
205,90,10.32,-27.122,-66.75
205,90,10.48,-31.668,-71.2
205,90,10.64,-28.318,-68.33
205,90,10.8,-33.08,-73.35
205,90,10.96,-34.556,-74.54
205,90,11.12,-27.276,-67.52
205,90,11.28,-24.646,-65.09
205,90,11.44,-21.912,-62.66
205,90,11.6,-24.44,-65.31
205,90,11.76,-31.934,-73.05
205,90,11.92,-22.594,-63.72
205,90,12.08,-18.68,-60.87
205,90,12.24,-17.544,-59.8
205,90,12.4,-21.33,-63.99
205,90,12.56,-19.86,-63.93
205,90,12.72,-20.284,-64.84
205,90,12.88,-21.436,-66.64
205,90,13.04,-25.258,-71.76
205,90,13.2,-23.83,-70.61
205,90,13.36,-26.434,-72.65
205,90,13.52,-17.412,-63.42
205,90,13.68,-19.52,-66.2
205,90,13.84,-18.298,-65.78
205,90,14,-23.2,-71.05
205,90,14.16,-19.516,-67.74
205,90,14.32,-18.686,-67.64
205,90,14.48,-31.844,-83.67
205,90,14.64,-21.934,-71.39
205,90,14.8,-17.78,-65.79
205,90,14.96,-18.602,-65.73
205,90,15.12,-28.07,-74.5
205,90,15.28,-20.84,-67.39
205,90,15.44,-23.036,-69.35
205,90,15.6,-19.78,-66.41
205,90,15.76,-22.168,-69.36
205,90,15.92,-18.792,-65.97
205,90,16.08,-20.192,-67.65
205,90,16.24,-39.464,-87.59
205,90,16.4,-26.52,-76.33
205,90,16.56,-17.428,-66.36
205,90,16.72,-27.938,-77.42
205,90,16.88,-21.074,-71.54
205,90,17.04,-21.606,-72.86
205,90,17.2,-21.78,-74.21
205,90,17.36,-33.766,-86.41
205,90,17.52,-18.356,-70.89
205,90,17.68,-19.672,-72.75
205,90,17.84,-17.838,-70.75
205,90,18,-33.05,-85.86
206,90,2,-11.92,-33.71
206,90,2.16,-13.888,-37.3
206,90,2.32,-13.856,-39.51
206,90,2.48,-19.014,-46.26
206,90,2.64,-18.108,-46.82
206,90,2.8,-11.5,-38.56
206,90,2.96,-5.178,-33.49
206,90,3.12,-6.386,-34.62
206,90,3.28,-6.562,-36.58
206,90,3.44,-5.932,-34.58
206,90,3.6,-11.35,-38.8
206,90,3.76,-13.644,-43.13
206,90,3.92,-18.332,-45.88
206,90,4.08,-14.692,-42.36
206,90,4.24,-11.056,-40.08
206,90,4.4,-9.52,-39.33
206,90,4.56,-10.126,-39.94
206,90,4.72,-12.044,-42.03
206,90,4.88,-12.69,-42.82
206,90,5.04,-10.61,-40.66
206,90,5.2,-9.48999999999999,-40.91
206,90,5.36,-9,-39.8
206,90,5.52,-10.008,-40.29
206,90,5.68,-9.67,-41.04
206,90,5.84,-12.232,-43.68
206,90,6,-15.46,-47
206,90,6.16,-16.64,-48.68
206,90,6.32,-15.588,-49.08
206,90,6.48,-13.656,-47.74
206,90,6.64,-12.848,-47.24
206,90,6.8,-14.26,-47.76
206,90,6.96,-17.612,-51.94
206,90,7.12,-16.546,-51.14
206,90,7.28,-16.122,-50.5
206,90,7.44,-17.326,-51.66
206,90,7.6,-16.37,-49.77
206,90,7.76,-18.598,-53.82
206,90,7.92,-25.502,-60.13
206,90,8.08,-21.386,-56.19
206,90,8.24,-19.222,-54.33
206,90,8.4,-25.34,-60.72
206,90,8.56,-26.552,-62.83
206,90,8.72,-44.878,-82.18
206,90,8.88,-36.358,-73.5
206,90,9.04,-28.784,-66.57
206,90,9.2,-27.12,-65.98
206,90,9.36,-36.414,-74.48
206,90,9.52,-36.232,-74.61
206,90,9.68,-36.75,-75.64
206,90,9.84,-32.536,-71.65
206,90,10,-28.48,-67.55
206,90,10.16,-24.698,-64.34
206,90,10.32,-25.402,-65.03
206,90,10.48,-28.548,-68.08
206,90,10.64,-25.928,-65.94
206,90,10.8,-20.56,-60.83
206,90,10.96,-21.906,-61.89
206,90,11.12,-23.986,-64.23
206,90,11.28,-24.366,-64.81
206,90,11.44,-23.672,-64.42
206,90,11.6,-23.09,-63.96
206,90,11.76,-21.204,-62.32
206,90,11.92,-20.184,-61.31
206,90,12.08,-18.87,-61.06
206,90,12.24,-18.274,-60.53
206,90,12.4,-25.94,-68.6
206,90,12.56,-23.77,-67.84
206,90,12.72,-25.544,-70.1
206,90,12.88,-21.526,-66.73
206,90,13.04,-17.738,-64.24
206,90,13.2,-16.98,-63.76
206,90,13.36,-22.254,-68.47
206,90,13.52,-20.202,-66.21
206,90,13.68,-20.04,-66.72
206,90,13.84,-18.808,-66.29
206,90,14,-23.13,-70.98
206,90,14.16,-17.306,-65.53
206,90,14.32,-15.976,-64.93
206,90,14.48,-22.644,-74.47
206,90,14.64,-26.484,-75.94
206,90,14.8,-19.06,-67.07
206,90,14.96,-26.072,-73.2
206,90,15.12,-22.73,-69.16
206,90,15.28,-26.76,-73.31
206,90,15.44,-28.926,-75.24
206,90,15.6,-25.35,-71.98
206,90,15.76,-30.098,-77.29
206,90,15.92,-26.982,-74.16
206,90,16.08,-21.382,-68.84
206,90,16.24,-22.124,-70.25
206,90,16.4,-20.37,-70.18
206,90,16.56,-23.328,-72.26
206,90,16.72,-24.088,-73.57
206,90,16.88,-26.874,-77.34
206,90,17.04,-25.966,-77.22
206,90,17.2,-18.36,-70.79
206,90,17.36,-22.386,-75.03
206,90,17.52,-24.576,-77.11
206,90,17.68,-20.992,-74.07
206,90,17.84,-27.608,-80.52
206,90,18,-17.71,-70.52
207,90,2,-11.76,-33.55
207,90,2.16,-13.638,-37.05
207,90,2.32,-13.596,-39.25
207,90,2.48,-19.034,-46.28
207,90,2.64,-19.218,-47.93
207,90,2.8,-11.11,-38.17
207,90,2.96,-4.868,-33.18
207,90,3.12,-6.306,-34.54
207,90,3.28,-6.79200000000001,-36.81
207,90,3.44,-6.432,-35.08
207,90,3.6,-12.26,-39.71
207,90,3.76,-14.784,-44.27
207,90,3.92,-17.582,-45.13
207,90,4.08,-12.912,-40.58
207,90,4.24,-10.846,-39.87
207,90,4.4,-9.97,-39.78
207,90,4.56,-10.986,-40.8
207,90,4.72,-13.364,-43.35
207,90,4.88,-12.68,-42.81
207,90,5.04,-9.66,-39.71
207,90,5.2,-8.79,-40.21
207,90,5.36,-8.33000000000001,-39.13
207,90,5.52,-10.568,-40.85
207,90,5.68,-11.49,-42.86
207,90,5.84,-14.162,-45.61
207,90,6,-16.72,-48.26
207,90,6.16,-16.3,-48.34
207,90,6.32,-13.548,-47.04
207,90,6.48,-13.676,-47.76
207,90,6.64,-13.658,-48.05
207,90,6.8,-17.04,-50.54
207,90,6.96,-19.312,-53.64
207,90,7.12,-17.606,-52.2
207,90,7.28,-16.402,-50.78
207,90,7.44,-18.336,-52.67
207,90,7.6,-18.51,-51.91
207,90,7.76,-20.598,-55.82
207,90,7.92,-32.182,-66.81
207,90,8.08,-24.276,-59.08
207,90,8.24,-22.112,-57.22
207,90,8.4,-27.81,-63.19
207,90,8.56,-30.972,-67.25
207,90,8.72,-37.718,-75.02
207,90,8.88,-39.508,-76.65
207,90,9.04,-29.884,-67.67
207,90,9.2,-26.36,-65.22
207,90,9.36,-25.154,-63.22
207,90,9.52,-25.732,-64.11
207,90,9.68,-30.71,-69.6
207,90,9.84,-26.786,-65.9
207,90,10,-55.49,-94.56
207,90,10.16,-23.448,-63.09
207,90,10.32,-21.942,-61.57
207,90,10.48,-29.218,-68.75
207,90,10.64,-24.628,-64.64
207,90,10.8,-21.53,-61.8
207,90,10.96,-24.216,-64.2
207,90,11.12,-22.536,-62.78
207,90,11.28,-29.486,-69.93
207,90,11.44,-26.242,-66.99
207,90,11.6,-21.67,-62.54
207,90,11.76,-17.864,-58.98
207,90,11.92,-17.984,-59.11
207,90,12.08,-18.84,-61.03
207,90,12.24,-22.534,-64.79
207,90,12.4,-25.15,-67.81
207,90,12.56,-19.59,-63.66
207,90,12.72,-20.474,-65.03
207,90,12.88,-20.176,-65.38
207,90,13.04,-22.368,-68.87
207,90,13.2,-22.7,-69.48
207,90,13.36,-26.014,-72.23
207,90,13.52,-28.432,-74.44
207,90,13.68,-24.23,-70.91
207,90,13.84,-24.068,-71.55
207,90,14,-22.75,-70.6
207,90,14.16,-19.066,-67.29
207,90,14.32,-20.436,-69.39
207,90,14.48,-24.464,-76.29
207,90,14.64,-24.684,-74.14
207,90,14.8,-20.85,-68.86
207,90,14.96,-25.522,-72.65
207,90,15.12,-26.75,-73.18
207,90,15.28,-35.72,-82.27
207,90,15.44,-22.736,-69.05
207,90,15.6,-29.09,-75.72
207,90,15.76,-29.368,-76.56
207,90,15.92,-25.762,-72.94
207,90,16.08,-23.582,-71.04
207,90,16.24,-20.804,-68.93
207,90,16.4,-29.25,-79.06
207,90,16.56,-26.238,-75.17
207,90,16.72,-29.078,-78.56
207,90,16.88,-21.934,-72.4
207,90,17.04,-23.946,-75.2
207,90,17.2,-26.54,-78.97
207,90,17.36,-24.856,-77.5
207,90,17.52,-24.406,-76.94
207,90,17.68,-18.852,-71.93
207,90,17.84,-33.688,-86.6
207,90,18,-35.14,-87.95
208,90,2,-11.79,-33.58
208,90,2.16,-13.658,-37.07
208,90,2.32,-13.456,-39.11
208,90,2.48,-19.194,-46.44
208,90,2.64,-20.428,-49.14
208,90,2.8,-10.81,-37.87
208,90,2.96,-4.598,-32.91
208,90,3.12,-6.336,-34.57
208,90,3.28,-6.952,-36.97
208,90,3.44,-6.942,-35.59
208,90,3.6,-13.45,-40.9
208,90,3.76,-15.304,-44.79
208,90,3.92,-15.662,-43.21
208,90,4.08,-12.012,-39.68
208,90,4.24,-11.176,-40.2
208,90,4.4,-10.77,-40.58
208,90,4.56,-12.396,-42.21
208,90,4.72,-13.684,-43.67
208,90,4.88,-11.91,-42.04
208,90,5.04,-8.77,-38.82
208,90,5.2,-8.48,-39.9
208,90,5.36,-8.6,-39.4
208,90,5.52,-12.328,-42.61
208,90,5.68,-14.45,-45.82
208,90,5.84,-16.042,-47.49
208,90,6,-16.53,-48.07
208,90,6.16,-14.56,-46.6
208,90,6.32,-12.648,-46.14
208,90,6.48,-14.636,-48.72
208,90,6.64,-15.818,-50.21
208,90,6.8,-20.33,-53.83
208,90,6.96,-19.522,-53.85
208,90,7.12,-17.636,-52.23
208,90,7.28,-17.452,-51.83
208,90,7.44,-20.296,-54.63
208,90,7.6,-22.08,-55.48
208,90,7.76,-24.608,-59.83
208,90,7.92,-35.482,-70.11
208,90,8.08,-28.046,-62.85
208,90,8.24,-29.712,-64.82
208,90,8.4,-31.25,-66.63
208,90,8.56,-34.762,-71.04
208,90,8.72,-36.018,-73.32
208,90,8.88,-32.728,-69.87
208,90,9.04,-37.194,-74.98
208,90,9.2,-30.47,-69.33
208,90,9.36,-24.444,-62.51
208,90,9.52,-25.562,-63.94
208,90,9.68,-23.53,-62.42
208,90,9.84,-31.106,-70.22
208,90,10,-27.58,-66.65
208,90,10.16,-19.588,-59.23
208,90,10.32,-20.272,-59.9
208,90,10.48,-21.118,-60.65
208,90,10.64,-22.438,-62.45
208,90,10.8,-26.75,-67.02
208,90,10.96,-31.506,-71.49
208,90,11.12,-22.626,-62.87
208,90,11.28,-29.086,-69.53
208,90,11.44,-21.552,-62.3
208,90,11.6,-23.05,-63.92
208,90,11.76,-17.954,-59.07
208,90,11.92,-18.254,-59.38
208,90,12.08,-21.49,-63.68
208,90,12.24,-23.564,-65.82
208,90,12.4,-22.35,-65.01
208,90,12.56,-23.02,-67.09
208,90,12.72,-18.934,-63.49
208,90,12.88,-21.836,-67.04
208,90,13.04,-19.118,-65.62
208,90,13.2,-22.25,-69.03
208,90,13.36,-27.114,-73.33
208,90,13.52,-25.382,-71.39
208,90,13.68,-19.49,-66.17
208,90,13.84,-23.028,-70.51
208,90,14,-26.42,-74.27
208,90,14.16,-27.666,-75.89
208,90,14.32,-33.506,-82.46
208,90,14.48,-23.874,-75.7
208,90,14.64,-22.044,-71.5
208,90,14.8,-34.79,-82.8
208,90,14.96,-25.472,-72.6
208,90,15.12,-20.97,-67.4
208,90,15.28,-37.76,-84.31
208,90,15.44,-29.356,-75.67
208,90,15.6,-31.81,-78.44
208,90,15.76,-23.358,-70.55
208,90,15.92,-44.742,-91.92
208,90,16.08,-43.592,-91.05
208,90,16.24,-53.934,-102.06
208,90,16.4,-28.8,-78.61
208,90,16.56,-22.008,-70.94
208,90,16.72,-25.198,-74.68
208,90,16.88,-24.934,-75.4
208,90,17.04,-24.696,-75.95
208,90,17.2,-25.92,-78.35
208,90,17.36,-22.116,-74.76
208,90,17.52,-20.666,-73.2
208,90,17.68,-18.082,-71.16
208,90,17.84,-18.818,-71.73
208,90,18,-27.09,-79.9
209,90,2,-11.8,-33.59
209,90,2.16,-13.478,-36.89
209,90,2.32,-13.176,-38.83
209,90,2.48,-18.874,-46.12
209,90,2.64,-21.068,-49.78
209,90,2.8,-10.57,-37.63
209,90,2.96,-4.558,-32.87
209,90,3.12,-6.506,-34.74
209,90,3.28,-7.61200000000001,-37.63
209,90,3.44,-7.722,-36.37
209,90,3.6,-14.39,-41.84
209,90,3.76,-14.814,-44.3
209,90,3.92,-14.132,-41.68
209,90,4.08,-11.782,-39.45
209,90,4.24,-11.806,-40.83
209,90,4.4,-12.15,-41.96
209,90,4.56,-13.516,-43.33
209,90,4.72,-13.014,-43
209,90,4.88,-10.43,-40.56
209,90,5.04,-8.12,-38.17
209,90,5.2,-8.92,-40.34
209,90,5.36,-9.93,-40.73
209,90,5.52,-15.188,-45.47
209,90,5.68,-17.13,-48.5
209,90,5.84,-16.062,-47.51
209,90,6,-15.17,-46.71
209,90,6.16,-13.55,-45.59
209,90,6.32,-12.278,-45.77
209,90,6.48,-18.546,-52.63
209,90,6.64,-19.938,-54.33
209,90,6.8,-21.86,-55.36
209,90,6.96,-17.722,-52.05
209,90,7.12,-18.116,-52.71
209,90,7.28,-20.052,-54.43
209,90,7.44,-25.776,-60.11
209,90,7.6,-28.82,-62.22
209,90,7.76,-30.838,-66.06
209,90,7.92,-28.472,-63.1
209,90,8.08,-28.026,-62.83
209,90,8.24,-25.632,-60.74
209,90,8.4,-26.38,-61.76
209,90,8.56,-37.322,-73.6
209,90,8.72,-32.758,-70.06
209,90,8.88,-26.118,-63.26
209,90,9.04,-28.264,-66.05
209,90,9.2,-26.63,-65.49
209,90,9.36,-25.254,-63.32
209,90,9.52,-27.332,-65.71
209,90,9.68,-29.31,-68.2
209,90,9.84,-29.846,-68.96
209,90,10,-24.29,-63.36
209,90,10.16,-18.158,-57.8
209,90,10.32,-19.112,-58.74
209,90,10.48,-21.688,-61.22
209,90,10.64,-24.048,-64.06
209,90,10.8,-27.06,-67.33
209,90,10.96,-22.276,-62.26
209,90,11.12,-20.036,-60.28
209,90,11.28,-26.866,-67.31
209,90,11.44,-24.242,-64.99
209,90,11.6,-25.78,-66.65
209,90,11.76,-24.714,-65.83
209,90,11.92,-25.664,-66.79
209,90,12.08,-21.7,-63.89
209,90,12.24,-21.014,-63.27
209,90,12.4,-22.36,-65.02
209,90,12.56,-28.58,-72.65
209,90,12.72,-27.144,-71.7
209,90,12.88,-27.206,-72.41
209,90,13.04,-27.368,-73.87
209,90,13.2,-17.81,-64.59
209,90,13.36,-22.094,-68.31
209,90,13.52,-27.702,-73.71
209,90,13.68,-21.84,-68.52
209,90,13.84,-29.678,-77.16
209,90,14,-23.35,-71.2
209,90,14.16,-28.556,-76.78
209,90,14.32,-31.466,-80.42
209,90,14.48,-41.634,-93.46
209,90,14.64,-31.044,-80.5
209,90,14.8,-21.98,-69.99
209,90,14.96,-26.462,-73.59
209,90,15.12,-30.06,-76.49
209,90,15.28,-35.38,-81.93
209,90,15.44,-30.426,-76.74
209,90,15.6,-24.07,-70.7
209,90,15.76,-29.268,-76.46
209,90,15.92,-29.582,-76.76
209,90,16.08,-30.942,-78.4
209,90,16.24,-22.804,-70.93
209,90,16.4,-22.37,-72.18
209,90,16.56,-23.438,-72.37
209,90,16.72,-29.358,-78.84
209,90,16.88,-17.024,-67.49
209,90,17.04,-23.416,-74.67
209,90,17.2,-25.18,-77.61
209,90,17.36,-25.006,-77.65
209,90,17.52,-33.316,-85.85
209,90,17.68,-18.592,-71.67
209,90,17.84,-37.758,-90.67
209,90,18,-18.31,-71.12
210,90,2,-12.01,-33.8
210,90,2.16,-13.288,-36.7
210,90,2.32,-12.966,-38.62
210,90,2.48,-18.424,-45.67
210,90,2.64,-21.108,-49.82
210,90,2.8,-10.55,-37.61
210,90,2.96,-4.728,-33.04
210,90,3.12,-6.856,-35.09
210,90,3.28,-8.162,-38.18
210,90,3.44,-8.272,-36.92
210,90,3.6,-14.97,-42.42
210,90,3.76,-13.824,-43.31
210,90,3.92,-13.492,-41.04
210,90,4.08,-11.982,-39.65
210,90,4.24,-13.286,-42.31
210,90,4.4,-13.93,-43.74
210,90,4.56,-13.316,-43.13
210,90,4.72,-12.264,-42.25
210,90,4.88,-9.96,-40.09
210,90,5.04,-7.98999999999999,-38.04
210,90,5.2,-9.94,-41.36
210,90,5.36,-12.95,-43.75
210,90,5.52,-19.098,-49.38
210,90,5.68,-15.91,-47.28
210,90,5.84,-15.962,-47.41
210,90,6,-14.36,-45.9
210,90,6.16,-14.02,-46.06
210,90,6.32,-14.788,-48.28
210,90,6.48,-24.196,-58.28
210,90,6.64,-22.268,-56.66
210,90,6.8,-19.42,-52.92
210,90,6.96,-16.872,-51.2
210,90,7.12,-19.096,-53.69
210,90,7.28,-25.812,-60.19
210,90,7.44,-33.866,-68.2
210,90,7.6,-34.99,-68.39
210,90,7.76,-30.038,-65.26
210,90,7.92,-24.882,-59.51
210,90,8.08,-24.776,-59.58
210,90,8.24,-23.422,-58.53
210,90,8.4,-25.38,-60.76
210,90,8.56,-33.802,-70.08
210,90,8.72,-26.878,-64.18
210,90,8.88,-24.578,-61.72
210,90,9.04,-24.434,-62.22
210,90,9.2,-22.99,-61.85
210,90,9.36,-32.794,-70.86
210,90,9.52,-27.062,-65.44
210,90,9.68,-30.86,-69.75
210,90,9.84,-22.566,-61.68
210,90,10,-22.61,-61.68
210,90,10.16,-19.988,-59.63
210,90,10.32,-21.002,-60.63
210,90,10.48,-24.458,-63.99
210,90,10.64,-24.248,-64.26
210,90,10.8,-24.57,-64.84
210,90,10.96,-26.386,-66.37
210,90,11.12,-19.946,-60.19
210,90,11.28,-23.006,-63.45
210,90,11.44,-24.732,-65.48
210,90,11.6,-28.37,-69.24
210,90,11.76,-33.214,-74.33
210,90,11.92,-23.704,-64.83
210,90,12.08,-21.76,-63.95
210,90,12.24,-23.194,-65.45
210,90,12.4,-23.78,-66.44
210,90,12.56,-30.19,-74.26
210,90,12.72,-24.524,-69.08
210,90,12.88,-42.596,-87.8
210,90,13.04,-33.788,-80.29
210,90,13.2,-24.43,-71.21
210,90,13.36,-31.174,-77.39
210,90,13.52,-23.922,-69.93
210,90,13.68,-37.99,-84.67
210,90,13.84,-48.978,-96.46
210,90,14,-27.73,-75.58
210,90,14.16,-29.366,-77.59
210,90,14.32,-23.606,-72.56
210,90,14.48,-20.064,-71.89
210,90,14.64,-31.584,-81.04
210,90,14.8,-28.72,-76.73
210,90,14.96,-26.362,-73.49
210,90,15.12,-25.62,-72.05
210,90,15.28,-30.35,-76.9
210,90,15.44,-31.526,-77.84
210,90,15.6,-24.25,-70.88
210,90,15.76,-26.178,-73.37
210,90,15.92,-22.902,-70.08
210,90,16.08,-24.822,-72.28
210,90,16.24,-24.604,-72.73
210,90,16.4,-19.49,-69.3
210,90,16.56,-24.438,-73.37
210,90,16.72,-25.558,-75.04
210,90,16.88,-20.894,-71.36
210,90,17.04,-25.516,-76.77
210,90,17.2,-22.66,-75.09
210,90,17.36,-21.326,-73.97
210,90,17.52,-18.986,-71.52
210,90,17.68,-25.352,-78.43
210,90,17.84,-22.288,-75.2
210,90,18,-25.04,-77.85
211,90,2,-12.26,-34.05
211,90,2.16,-13.148,-36.56
211,90,2.32,-12.876,-38.53
211,90,2.48,-18.444,-45.69
211,90,2.64,-21.428,-50.14
211,90,2.8,-10.81,-37.87
211,90,2.96,-5.158,-33.47
211,90,3.12,-7.146,-35.38
211,90,3.28,-8.882,-38.9
211,90,3.44,-8.672,-37.32
211,90,3.6,-14.62,-42.07
211,90,3.76,-12.864,-42.35
211,90,3.92,-13.372,-40.92
211,90,4.08,-13.182,-40.85
211,90,4.24,-15.116,-44.14
211,90,4.4,-15.03,-44.84
211,90,4.56,-12.026,-41.84
211,90,4.72,-11.784,-41.77
211,90,4.88,-9.97,-40.1
211,90,5.04,-8.73,-38.78
211,90,5.2,-11.5,-42.92
211,90,5.36,-17.86,-48.66
211,90,5.52,-21.098,-51.38
211,90,5.68,-15.04,-46.41
211,90,5.84,-16.262,-47.71
211,90,6,-15.18,-46.72
211,90,6.16,-16.6,-48.64
211,90,6.32,-20.238,-53.73
211,90,6.48,-22.996,-57.08
211,90,6.64,-19.298,-53.69
211,90,6.8,-18.07,-51.57
211,90,6.96,-18.422,-52.75
211,90,7.12,-21.476,-56.07
211,90,7.28,-29.582,-63.96
211,90,7.44,-26.226,-60.56
211,90,7.6,-30.57,-63.97
211,90,7.76,-25.328,-60.55
211,90,7.92,-22.042,-56.67
211,90,8.08,-21.646,-56.45
211,90,8.24,-22.632,-57.74
211,90,8.4,-28.58,-63.96
211,90,8.56,-32.052,-68.33
211,90,8.72,-22.228,-59.53
211,90,8.88,-22.178,-59.32
211,90,9.04,-21.714,-59.5
211,90,9.2,-24.8,-63.66
211,90,9.36,-32.934,-71
211,90,9.52,-23.742,-62.12
211,90,9.68,-25.32,-64.21
211,90,9.84,-21.766,-60.88
211,90,10,-22.14,-61.21
211,90,10.16,-23.568,-63.21
211,90,10.32,-28.782,-68.41
211,90,10.48,-30.458,-69.99
211,90,10.64,-24.578,-64.59
211,90,10.8,-23.31,-63.58
211,90,10.96,-24.546,-64.53
211,90,11.12,-22.746,-62.99
211,90,11.28,-32.916,-73.36
211,90,11.44,-36.532,-77.28
211,90,11.6,-26.21,-67.08
211,90,11.76,-28.894,-70.01
211,90,11.92,-23.084,-64.21
211,90,12.08,-23.58,-65.77
211,90,12.24,-28.614,-70.87
211,90,12.4,-22.85,-65.51
211,90,12.56,-26.17,-70.24
211,90,12.72,-27.294,-71.85
211,90,12.88,-32.346,-77.55
211,90,13.04,-29.958,-76.46
211,90,13.2,-25.02,-71.8
211,90,13.36,-22.924,-69.14
211,90,13.52,-42.432,-88.44
211,90,13.68,-20.09,-66.77
211,90,13.84,-30.218,-77.7
211,90,14,-42.12,-89.97
211,90,14.16,-22.666,-70.89
211,90,14.32,-18.816,-67.77
211,90,14.48,-18.264,-70.09
211,90,14.64,-20.874,-70.33
211,90,14.8,-26.56,-74.57
211,90,14.96,-20.852,-67.98
211,90,15.12,-23.49,-69.92
211,90,15.28,-23.64,-70.19
211,90,15.44,-26.186,-72.5
211,90,15.6,-25.05,-71.68
211,90,15.76,-20.018,-67.21
211,90,15.92,-23.942,-71.12
211,90,16.08,-27.222,-74.68
211,90,16.24,-24.204,-72.33
211,90,16.4,-24.53,-74.34
211,90,16.56,-22.558,-71.49
211,90,16.72,-22.388,-71.87
211,90,16.88,-25.344,-75.81
211,90,17.04,-23.996,-75.25
211,90,17.2,-25.75,-78.18
211,90,17.36,-18.996,-71.64
211,90,17.52,-35.116,-87.65
211,90,17.68,-18.042,-71.12
211,90,17.84,-19.878,-72.79
211,90,18,-25.09,-77.9
212,90,2,-12.58,-34.37
212,90,2.16,-13.178,-36.59
212,90,2.32,-12.786,-38.44
212,90,2.48,-18.254,-45.5
212,90,2.64,-21.238,-49.95
212,90,2.8,-11.25,-38.31
212,90,2.96,-5.848,-34.16
212,90,3.12,-7.846,-36.08
212,90,3.28,-9.372,-39.39
212,90,3.44,-8.952,-37.6
212,90,3.6,-13.97,-41.42
212,90,3.76,-12.514,-42
212,90,3.92,-14.252,-41.8
212,90,4.08,-14.812,-42.48
212,90,4.24,-16.496,-45.52
212,90,4.4,-14.96,-44.77
212,90,4.56,-11.376,-41.19
212,90,4.72,-12.064,-42.05
212,90,4.88,-10.71,-40.84
212,90,5.04,-10.18,-40.23
212,90,5.2,-13.7,-45.12
212,90,5.36,-24.27,-55.07
212,90,5.52,-18.248,-48.53
212,90,5.68,-14.8,-46.17
212,90,5.84,-19.242,-50.69
212,90,6,-18.8,-50.34
212,90,6.16,-22.47,-54.51
212,90,6.32,-21.878,-55.37
212,90,6.48,-20.406,-54.49
212,90,6.64,-17.828,-52.22
212,90,6.8,-19.38,-52.88
212,90,6.96,-20.582,-54.91
212,90,7.12,-28.306,-62.9
212,90,7.28,-26.182,-60.56
212,90,7.44,-19.866,-54.2
212,90,7.6,-24.73,-58.13
212,90,7.76,-21.618,-56.84
212,90,7.92,-20.762,-55.39
212,90,8.08,-19.236,-54.04
212,90,8.24,-24.012,-59.12
212,90,8.4,-30.4,-65.78
212,90,8.56,-25.432,-61.71
212,90,8.72,-22.448,-59.75
212,90,8.88,-22.188,-59.33
212,90,9.04,-22.484,-60.27
212,90,9.2,-28.66,-67.52
212,90,9.36,-28.744,-66.81
212,90,9.52,-21.392,-59.77
212,90,9.68,-22.97,-61.86
212,90,9.84,-21.506,-60.62
212,90,10,-27.16,-66.23
212,90,10.16,-42.258,-81.9
212,90,10.32,-26.162,-65.79
212,90,10.48,-27.268,-66.8
212,90,10.64,-24.728,-64.74
212,90,10.8,-25.31,-65.58
212,90,10.96,-27.876,-67.86
212,90,11.12,-25.426,-65.67
212,90,11.28,-53.496,-93.94
212,90,11.44,-31.282,-72.03
212,90,11.6,-22.02,-62.89
212,90,11.76,-22.144,-63.26
212,90,11.92,-23.774,-64.9
212,90,12.08,-21.7,-63.89
212,90,12.24,-29.964,-72.22
212,90,12.4,-27.24,-69.9
212,90,12.56,-29.24,-73.31
212,90,12.72,-26.714,-71.27
212,90,12.88,-24.516,-69.72
212,90,13.04,-24.728,-71.23
212,90,13.2,-22.8,-69.58
212,90,13.36,-17.484,-63.7
212,90,13.52,-25.892,-71.9
212,90,13.68,-24.34,-71.02
212,90,13.84,-26.598,-74.08
212,90,14,-29.3,-77.15
212,90,14.16,-24.806,-73.03
212,90,14.32,-24.136,-73.09
212,90,14.48,-19.964,-71.79
212,90,14.64,-18.144,-67.6
212,90,14.8,-23.04,-71.05
212,90,14.96,-23.162,-70.29
212,90,15.12,-24.23,-70.66
212,90,15.28,-20.04,-66.59
212,90,15.44,-23.736,-70.05
212,90,15.6,-22.92,-69.55
212,90,15.76,-21.218,-68.41
212,90,15.92,-24.272,-71.45
212,90,16.08,-21.032,-68.49
212,90,16.24,-25.514,-73.64
212,90,16.4,-23.85,-73.66
212,90,16.56,-29.758,-78.69
212,90,16.72,-25.928,-75.41
212,90,16.88,-28.194,-78.66
212,90,17.04,-24.466,-75.72
212,90,17.2,-23.08,-75.51
212,90,17.36,-23.226,-75.87
212,90,17.52,-30.106,-82.64
212,90,17.68,-24.322,-77.4
212,90,17.84,-26.048,-78.96
212,90,18,-20.88,-73.69
213,90,2,-12.81,-34.6
213,90,2.16,-12.868,-36.28
213,90,2.32,-12.966,-38.62
213,90,2.48,-17.904,-45.15
213,90,2.64,-21.308,-50.02
213,90,2.8,-11.96,-39.02
213,90,2.96,-6.608,-34.92
213,90,3.12,-8.126,-36.36
213,90,3.28,-9.772,-39.79
213,90,3.44,-9.072,-37.72
213,90,3.6,-13.21,-40.66
213,90,3.76,-12.424,-41.91
213,90,3.92,-15.632,-43.18
213,90,4.08,-16.672,-44.34
213,90,4.24,-18.316,-47.34
213,90,4.4,-14.35,-44.16
213,90,4.56,-11.516,-41.33
213,90,4.72,-13.474,-43.46
213,90,4.88,-12.68,-42.81
213,90,5.04,-12.51,-42.56
213,90,5.2,-16.55,-47.97
213,90,5.36,-21.06,-51.86
213,90,5.52,-17.368,-47.65
213,90,5.68,-16.38,-47.75
213,90,5.84,-24.522,-55.97
213,90,6,-22.39,-53.93
213,90,6.16,-21.83,-53.87
213,90,6.32,-16.528,-50.02
213,90,6.48,-19.146,-53.23
213,90,6.64,-19.418,-53.81
213,90,6.8,-23.14,-56.64
213,90,6.96,-27.212,-61.54
213,90,7.12,-30.916,-65.51
213,90,7.28,-23.302,-57.68
213,90,7.44,-18.076,-52.41
213,90,7.6,-22.23,-55.63
213,90,7.76,-19.498,-54.72
213,90,7.92,-19.542,-54.17
213,90,8.08,-19.056,-53.86
213,90,8.24,-24.992,-60.1
213,90,8.4,-24.87,-60.25
213,90,8.56,-23.212,-59.49
213,90,8.72,-23.438,-60.74
213,90,8.88,-23.328,-60.47
213,90,9.04,-24.394,-62.18
213,90,9.2,-30.53,-69.39
213,90,9.36,-24.214,-62.28
213,90,9.52,-20.432,-58.81
213,90,9.68,-22.49,-61.38
213,90,9.84,-27.226,-66.34
213,90,10,-25.54,-64.61
213,90,10.16,-41.088,-80.73
213,90,10.32,-23.242,-62.87
213,90,10.48,-22.698,-62.23
213,90,10.64,-26.688,-66.7
213,90,10.8,-31.41,-71.68
213,90,10.96,-26.046,-66.03
213,90,11.12,-33.096,-73.34
213,90,11.28,-33.506,-73.95
213,90,11.44,-28.282,-69.03
213,90,11.6,-25.36,-66.23
213,90,11.76,-26.674,-67.79
213,90,11.92,-30.924,-72.05
213,90,12.08,-26.78,-68.97
213,90,12.24,-31.344,-73.6
213,90,12.4,-28.59,-71.25
213,90,12.56,-24.15,-68.22
213,90,12.72,-17.354,-61.91
213,90,12.88,-20.846,-66.05
213,90,13.04,-22.788,-69.29
213,90,13.2,-26.36,-73.14
213,90,13.36,-21.454,-67.67
213,90,13.52,-19.952,-65.96
213,90,13.68,-16.73,-63.41
213,90,13.84,-22.848,-70.33
213,90,14,-18.68,-66.53
213,90,14.16,-24.176,-72.4
213,90,14.32,-23.146,-72.1
213,90,14.48,-14.544,-66.37
213,90,14.64,-17.044,-66.5
213,90,14.8,-25.01,-73.02
213,90,14.96,-22.012,-69.14
213,90,15.12,-22.87,-69.3
213,90,15.28,-21.66,-68.21
213,90,15.44,-27.626,-73.94
213,90,15.6,-18.89,-65.52
213,90,15.76,-30.638,-77.83
213,90,15.92,-32.722,-79.9
213,90,16.08,-21.502,-68.96
213,90,16.24,-25.134,-73.26
213,90,16.4,-22.57,-72.38
213,90,16.56,-37.258,-86.19
213,90,16.72,-24.528,-74.01
213,90,16.88,-28.504,-78.97
213,90,17.04,-22.596,-73.85
213,90,17.2,-29.68,-82.11
213,90,17.36,-24.506,-77.15
213,90,17.52,-19.246,-71.78
213,90,17.68,-23.932,-77.01
213,90,17.84,-22.498,-75.41
213,90,18,-17.2,-70.01
214,90,2,-13.07,-34.86
214,90,2.16,-13.028,-36.44
214,90,2.32,-13.106,-38.76
214,90,2.48,-17.954,-45.2
214,90,2.64,-21.358,-50.07
214,90,2.8,-13.05,-40.11
214,90,2.96,-7.428,-35.74
214,90,3.12,-8.546,-36.78
214,90,3.28,-9.892,-39.91
214,90,3.44,-8.992,-37.64
214,90,3.6,-13.26,-40.71
214,90,3.76,-12.974,-42.46
214,90,3.92,-17.322,-44.87
214,90,4.08,-19.102,-46.77
214,90,4.24,-19.046,-48.07
214,90,4.4,-13.65,-43.46
214,90,4.56,-12.016,-41.83
214,90,4.72,-15.874,-45.86
214,90,4.88,-15.16,-45.29
214,90,5.04,-14.94,-44.99
214,90,5.2,-19.73,-51.15
214,90,5.36,-18.47,-49.27
214,90,5.52,-18.498,-48.78
214,90,5.68,-21.26,-52.63
214,90,5.84,-25.222,-56.67
214,90,6,-23.1,-54.64
214,90,6.16,-17.33,-49.37
214,90,6.32,-15.168,-48.66
214,90,6.48,-19.396,-53.48
214,90,6.64,-20.528,-54.92
214,90,6.8,-22.04,-55.54
214,90,6.96,-21.042,-55.37
214,90,7.12,-25.876,-60.47
214,90,7.28,-22.722,-57.1
214,90,7.44,-16.596,-50.93
214,90,7.6,-19.18,-52.58
214,90,7.76,-19.288,-54.51
214,90,7.92,-19.852,-54.48
214,90,8.08,-19.756,-54.56
214,90,8.24,-23.182,-58.29
214,90,8.4,-24.05,-59.43
214,90,8.56,-22.702,-58.98
214,90,8.72,-26.328,-63.63
214,90,8.88,-36.898,-74.04
214,90,9.04,-24.484,-62.27
214,90,9.2,-24.18,-63.04
214,90,9.36,-26.134,-64.2
214,90,9.52,-21.782,-60.16
214,90,9.68,-25.12,-64.01
214,90,9.84,-33.166,-72.28
214,90,10,-40,-79.07
214,90,10.16,-32.098,-71.74
214,90,10.32,-24.452,-64.08
214,90,10.48,-22.698,-62.23
214,90,10.64,-29.688,-69.7
214,90,10.8,-32.93,-73.2
214,90,10.96,-26.196,-66.18
214,90,11.12,-27.916,-68.16
214,90,11.28,-28.226,-68.67
214,90,11.44,-23.772,-64.52
214,90,11.6,-22.69,-63.56
214,90,11.76,-23.724,-64.84
214,90,11.92,-27.664,-68.79
214,90,12.08,-32.29,-74.48
214,90,12.24,-27.284,-69.54
214,90,12.4,-22.54,-65.2
214,90,12.56,-21.19,-65.26
214,90,12.72,-21.764,-66.32
214,90,12.88,-19.716,-64.92
214,90,13.04,-21.528,-68.03
214,90,13.2,-23.19,-69.97
214,90,13.36,-20.734,-66.95
214,90,13.52,-25.922,-71.93
214,90,13.68,-18.72,-65.4
214,90,13.84,-27.618,-75.1
214,90,14,-25.29,-73.14
214,90,14.16,-29.936,-78.16
214,90,14.32,-25.316,-74.27
214,90,14.48,-19.784,-71.61
214,90,14.64,-21.844,-71.3
214,90,14.8,-19.41,-67.42
214,90,14.96,-21.892,-69.02
214,90,15.12,-23.15,-69.58
214,90,15.28,-36.15,-82.7
214,90,15.44,-28.826,-75.14
214,90,15.6,-26.91,-73.54
214,90,15.76,-22.908,-70.1
214,90,15.92,-25.722,-72.9
214,90,16.08,-45.982,-93.44
214,90,16.24,-29.904,-78.03
214,90,16.4,-20.63,-70.44
214,90,16.56,-26.728,-75.66
214,90,16.72,-26.678,-76.16
214,90,16.88,-24.284,-74.75
214,90,17.04,-21.696,-72.95
214,90,17.2,-23.61,-76.04
214,90,17.36,-22.886,-75.53
214,90,17.52,-20.376,-72.91
214,90,17.68,-28.562,-81.64
214,90,17.84,-20.548,-73.46
214,90,18,-18.46,-71.27
215,90,2,-13.27,-35.06
215,90,2.16,-13.178,-36.59
215,90,2.32,-13.386,-39.04
215,90,2.48,-17.934,-45.18
215,90,2.64,-21.948,-50.66
215,90,2.8,-14.25,-41.31
215,90,2.96,-8.338,-36.65
215,90,3.12,-8.92599999999999,-37.16
215,90,3.28,-9.902,-39.92
215,90,3.44,-9.042,-37.69
215,90,3.6,-13.63,-41.08
215,90,3.76,-13.994,-43.48
215,90,3.92,-20.482,-48.03
215,90,4.08,-18.742,-46.41
215,90,4.24,-18.736,-47.76
215,90,4.4,-13.26,-43.07
215,90,4.56,-14.196,-44.01
215,90,4.72,-21.134,-51.12
215,90,4.88,-17.91,-48.04
215,90,5.04,-16.12,-46.17
215,90,5.2,-18.67,-50.09
215,90,5.36,-17.43,-48.23
215,90,5.52,-23.098,-53.38
215,90,5.68,-40.5,-71.87
215,90,5.84,-20.652,-52.1
215,90,6,-18.85,-50.39
215,90,6.16,-15.63,-47.67
215,90,6.32,-15.788,-49.28
215,90,6.48,-19.936,-54.02
215,90,6.64,-19.978,-54.37
215,90,6.8,-18.17,-51.67
215,90,6.96,-17.062,-51.39
215,90,7.12,-23.146,-57.74
215,90,7.28,-19.832,-54.21
215,90,7.44,-15.926,-50.26
215,90,7.6,-17.23,-50.63
215,90,7.76,-17.358,-52.58
215,90,7.92,-19.772,-54.4
215,90,8.08,-20.776,-55.58
215,90,8.24,-21.122,-56.23
215,90,8.4,-22.4,-57.78
215,90,8.56,-25.362,-61.64
215,90,8.72,-29.128,-66.43
215,90,8.88,-35.808,-72.95
215,90,9.04,-23.674,-61.46
215,90,9.2,-22.69,-61.55
215,90,9.36,-27.824,-65.89
215,90,9.52,-27.412,-65.79
215,90,9.68,-37.59,-76.48
215,90,9.84,-36.506,-75.62
215,90,10,-28.99,-68.06
215,90,10.16,-22.768,-62.41
215,90,10.32,-23.622,-63.25
215,90,10.48,-25.788,-65.32
215,90,10.64,-31.738,-71.75
215,90,10.8,-28.57,-68.84
215,90,10.96,-27.656,-67.64
215,90,11.12,-24.166,-64.41
215,90,11.28,-24.646,-65.09
215,90,11.44,-22.032,-62.78
215,90,11.6,-19.95,-60.82
215,90,11.76,-22.784,-63.9
215,90,11.92,-24.094,-65.22
215,90,12.08,-23.97,-66.16
215,90,12.24,-23.474,-65.73
215,90,12.4,-21.26,-63.92
215,90,12.56,-20.94,-65.01
215,90,12.72,-20.574,-65.13
215,90,12.88,-19.796,-65
215,90,13.04,-22.748,-69.25
215,90,13.2,-19.52,-66.3
215,90,13.36,-19.314,-65.53
215,90,13.52,-25.172,-71.18
215,90,13.68,-20.45,-67.13
215,90,13.84,-22.288,-69.77
215,90,14,-26.35,-74.2
215,90,14.16,-23.626,-71.85
215,90,14.32,-35.236,-84.19
215,90,14.48,-19.134,-70.96
215,90,14.64,-27.504,-76.96
215,90,14.8,-29.35,-77.36
215,90,14.96,-27.742,-74.87
215,90,15.12,-27.87,-74.3
215,90,15.28,-24.53,-71.08
215,90,15.44,-29.796,-76.11
215,90,15.6,-30.79,-77.42
215,90,15.76,-30.628,-77.82
215,90,15.92,-31.802,-78.98
215,90,16.08,-35.642,-83.1
215,90,16.24,-31.684,-79.81
215,90,16.4,-25.77,-75.58
215,90,16.56,-30.618,-79.55
215,90,16.72,-21.888,-71.37
215,90,16.88,-21.174,-71.64
215,90,17.04,-33.686,-84.94
215,90,17.2,-25.49,-77.92
215,90,17.36,-39.606,-92.25
215,90,17.52,-26.216,-78.75
215,90,17.68,-23.642,-76.72
215,90,17.84,-18.278,-71.19
215,90,18,-23.97,-76.78
216,90,2,-13.39,-35.18
216,90,2.16,-13.378,-36.79
216,90,2.32,-13.596,-39.25
216,90,2.48,-17.794,-45.04
216,90,2.64,-22.208,-50.92
216,90,2.8,-16,-43.06
216,90,2.96,-8.988,-37.3
216,90,3.12,-9.296,-37.53
216,90,3.28,-9.982,-40
216,90,3.44,-9.622,-38.27
216,90,3.6,-14.77,-42.22
216,90,3.76,-15.294,-44.78
216,90,3.92,-22.832,-50.38
216,90,4.08,-17.962,-45.63
216,90,4.24,-18.436,-47.46
216,90,4.4,-14.11,-43.92
216,90,4.56,-17.526,-47.34
216,90,4.72,-25.884,-55.87
216,90,4.88,-17.97,-48.1
216,90,5.04,-15.67,-45.72
216,90,5.2,-17.48,-48.9
216,90,5.36,-18.71,-49.51
216,90,5.52,-42.548,-72.83
216,90,5.68,-22.56,-53.93
216,90,5.84,-17.732,-49.18
216,90,6,-16.94,-48.48
216,90,6.16,-16,-48.04
216,90,6.32,-16.408,-49.9
216,90,6.48,-18.196,-52.28
216,90,6.64,-16.478,-50.87
216,90,6.8,-16.17,-49.67
216,90,6.96,-17.332,-51.66
216,90,7.12,-21.666,-56.26
216,90,7.28,-18.632,-53.01
216,90,7.44,-15.876,-50.21
216,90,7.6,-17,-50.4
216,90,7.76,-18.178,-53.4
216,90,7.92,-20.152,-54.78
216,90,8.08,-20.966,-55.77
216,90,8.24,-19.452,-54.56
216,90,8.4,-21.49,-56.87
216,90,8.56,-30.842,-67.12
216,90,8.72,-29.768,-67.07
216,90,8.88,-32.308,-69.45
216,90,9.04,-22.884,-60.67
216,90,9.2,-22.69,-61.55
216,90,9.36,-20.914,-58.98
216,90,9.52,-34.902,-73.28
216,90,9.68,-34.35,-73.24
216,90,9.84,-31.866,-70.98
216,90,10,-31.01,-70.08
216,90,10.16,-21.858,-61.5
216,90,10.32,-21.972,-61.6
216,90,10.48,-23.408,-62.94
216,90,10.64,-39.268,-79.28
216,90,10.8,-31.36,-71.63
216,90,10.96,-25.466,-65.45
216,90,11.12,-21.656,-61.9
216,90,11.28,-20.636,-61.08
216,90,11.44,-20.912,-61.66
216,90,11.6,-21.61,-62.48
216,90,11.76,-22.724,-63.84
216,90,11.92,-21.584,-62.71
216,90,12.08,-20.68,-62.87
216,90,12.24,-20.084,-62.34
216,90,12.4,-25.28,-67.94
216,90,12.56,-26.3,-70.37
216,90,12.72,-24.684,-69.24
216,90,12.88,-28.786,-73.99
216,90,13.04,-23.868,-70.37
216,90,13.2,-18.81,-65.59
216,90,13.36,-21.084,-67.3
216,90,13.52,-24.422,-70.43
216,90,13.68,-29.49,-76.17
216,90,13.84,-23.438,-70.92
216,90,14,-28.41,-76.26
216,90,14.16,-24.346,-72.57
216,90,14.32,-27.666,-76.62
216,90,14.48,-23.214,-75.04
216,90,14.64,-25.744,-75.2
216,90,14.8,-33.44,-81.45
216,90,14.96,-39.302,-86.43
216,90,15.12,-28.83,-75.26
216,90,15.28,-30.49,-77.04
216,90,15.44,-28.226,-74.54
216,90,15.6,-27.69,-74.32
216,90,15.76,-23.358,-70.55
216,90,15.92,-20.742,-67.92
216,90,16.08,-20.602,-68.06
216,90,16.24,-25.044,-73.17
216,90,16.4,-17.33,-67.14
216,90,16.56,-20.348,-69.28
216,90,16.72,-30.438,-79.92
216,90,16.88,-22.784,-73.25
216,90,17.04,-18.346,-69.6
216,90,17.2,-19.99,-72.42
216,90,17.36,-17.746,-70.39
216,90,17.52,-15.706,-68.24
216,90,17.68,-22.512,-75.59
216,90,17.84,-18.708,-71.62
216,90,18,-20.12,-72.93
217,90,2,-13.51,-35.3
217,90,2.16,-13.538,-36.95
217,90,2.32,-14.086,-39.74
217,90,2.48,-18.114,-45.36
217,90,2.64,-22.028,-50.74
217,90,2.8,-17.75,-44.81
217,90,2.96,-9.428,-37.74
217,90,3.12,-9.526,-37.76
217,90,3.28,-10.022,-40.04
217,90,3.44,-10.432,-39.08
217,90,3.6,-16.58,-44.03
217,90,3.76,-17.664,-47.15
217,90,3.92,-22.162,-49.71
217,90,4.08,-17.022,-44.69
217,90,4.24,-19.086,-48.11
217,90,4.4,-15.8,-45.61
217,90,4.56,-23.046,-52.86
217,90,4.72,-19.574,-49.56
217,90,4.88,-16.88,-47.01
217,90,5.04,-14.91,-44.96
217,90,5.2,-17.53,-48.95
217,90,5.36,-22.96,-53.76
217,90,5.52,-25.418,-55.7
217,90,5.68,-16.49,-47.86
217,90,5.84,-16.412,-47.86
217,90,6,-17.07,-48.61
217,90,6.16,-17.27,-49.31
217,90,6.32,-16.398,-49.89
217,90,6.48,-16.016,-50.1
217,90,6.64,-15.328,-49.72
217,90,6.8,-15.31,-48.81
217,90,6.96,-18.572,-52.9
217,90,7.12,-21.326,-55.92
217,90,7.28,-18.852,-53.23
217,90,7.44,-17.446,-51.78
217,90,7.6,-17.29,-50.69
217,90,7.76,-18.648,-53.87
217,90,7.92,-20.462,-55.09
217,90,8.08,-21.296,-56.1
217,90,8.24,-22.612,-57.72
217,90,8.4,-24.15,-59.53
217,90,8.56,-31.162,-67.44
217,90,8.72,-30.688,-67.99
217,90,8.88,-26.708,-63.85
217,90,9.04,-23.854,-61.64
217,90,9.2,-27.84,-66.7
217,90,9.36,-21.094,-59.16
217,90,9.52,-29.862,-68.24
217,90,9.68,-22.66,-61.55
217,90,9.84,-23.876,-62.99
217,90,10,-35.59,-74.66
217,90,10.16,-22.338,-61.98
217,90,10.32,-22.782,-62.41
217,90,10.48,-28.498,-68.03
217,90,10.64,-31.608,-71.62
217,90,10.8,-27.77,-68.04
217,90,10.96,-25.516,-65.5
217,90,11.12,-21.256,-61.5
217,90,11.28,-21.036,-61.48
217,90,11.44,-22.602,-63.35
217,90,11.6,-25.91,-66.78
217,90,11.76,-20.094,-61.21
217,90,11.92,-22.554,-63.68
217,90,12.08,-21.7,-63.89
217,90,12.24,-21.914,-64.17
217,90,12.4,-22.78,-65.44
217,90,12.56,-26.03,-70.1
217,90,12.72,-23.194,-67.75
217,90,12.88,-26.056,-71.26
217,90,13.04,-28.448,-74.95
217,90,13.2,-28.05,-74.83
217,90,13.36,-24.734,-70.95
217,90,13.52,-45.292,-91.3
217,90,13.68,-27.82,-74.5
217,90,13.84,-35.418,-82.9
217,90,14,-25.99,-73.84
217,90,14.16,-26.186,-74.41
217,90,14.32,-20.956,-69.91
217,90,14.48,-33.814,-85.64
217,90,14.64,-29.874,-79.33
217,90,14.8,-36.57,-84.58
217,90,14.96,-23.902,-71.03
217,90,15.12,-23.58,-70.01
217,90,15.28,-24.12,-70.67
217,90,15.44,-28.366,-74.68
217,90,15.6,-22.1,-68.73
217,90,15.76,-22.188,-69.38
217,90,15.92,-20.232,-67.41
217,90,16.08,-22.252,-69.71
217,90,16.24,-25.564,-73.69
217,90,16.4,-22.18,-71.99
217,90,16.56,-29.058,-77.99
217,90,16.72,-21.898,-71.38
217,90,16.88,-27.224,-77.69
217,90,17.04,-26.386,-77.64
217,90,17.2,-20.93,-73.36
217,90,17.36,-20.336,-72.98
217,90,17.52,-27.416,-79.95
217,90,17.68,-24.482,-77.56
217,90,17.84,-35.568,-88.48
217,90,18,-24.81,-77.62
218,90,2,-13.43,-35.22
218,90,2.16,-14.028,-37.44
218,90,2.32,-14.726,-40.38
218,90,2.48,-18.524,-45.77
218,90,2.64,-23.348,-52.06
218,90,2.8,-19.6,-46.66
218,90,2.96,-9.738,-38.05
218,90,3.12,-9.826,-38.06
218,90,3.28,-10.542,-40.56
218,90,3.44,-12.342,-40.99
218,90,3.6,-19.35,-46.8
218,90,3.76,-20.864,-50.35
218,90,3.92,-20.262,-47.81
218,90,4.08,-16.612,-44.28
218,90,4.24,-20.226,-49.25
218,90,4.4,-19.52,-49.33
218,90,4.56,-21.726,-51.54
218,90,4.72,-15.564,-45.55
218,90,4.88,-15.5,-45.63
218,90,5.04,-15.13,-45.18
218,90,5.2,-18.19,-49.61
218,90,5.36,-35.4,-66.2
218,90,5.52,-18.558,-48.84
218,90,5.68,-14.35,-45.72
218,90,5.84,-16.182,-47.63
218,90,6,-17.63,-49.17
218,90,6.16,-17.86,-49.9
218,90,6.32,-14.668,-48.16
218,90,6.48,-14.926,-49.01
218,90,6.64,-14.928,-49.32
218,90,6.8,-16.17,-49.67
218,90,6.96,-20.622,-54.95
218,90,7.12,-20.206,-54.8
218,90,7.28,-17.892,-52.27
218,90,7.44,-18.136,-52.47
218,90,7.6,-19.22,-52.62
218,90,7.76,-19.788,-55.01
218,90,7.92,-22.252,-56.88
218,90,8.08,-24.596,-59.4
218,90,8.24,-26.702,-61.81
218,90,8.4,-26.74,-62.12
218,90,8.56,-27.842,-64.12
218,90,8.72,-29.468,-66.77
218,90,8.88,-30.568,-67.71
218,90,9.04,-32.224,-70.01
218,90,9.2,-36.57,-75.43
218,90,9.36,-25.164,-63.23
218,90,9.52,-25.532,-63.91
218,90,9.68,-19.22,-58.11
218,90,9.84,-20.316,-59.43
218,90,10,-36.1,-75.17
218,90,10.16,-24.838,-64.48
218,90,10.32,-21.742,-61.37
218,90,10.48,-26.648,-66.18
218,90,10.64,-29.498,-69.51
218,90,10.8,-25.42,-65.69
218,90,10.96,-23.046,-63.03
218,90,11.12,-23.356,-63.6
218,90,11.28,-21.406,-61.85
218,90,11.44,-22.212,-62.96
218,90,11.6,-26.04,-66.91
218,90,11.76,-20.574,-61.69
218,90,11.92,-22.474,-63.6
218,90,12.08,-28.36,-70.55
218,90,12.24,-29.714,-71.97
218,90,12.4,-24.59,-67.25
218,90,12.56,-31.38,-75.45
218,90,12.72,-24.474,-69.03
218,90,12.88,-24.106,-69.31
218,90,13.04,-34.318,-80.82
218,90,13.2,-46.36,-93.14
218,90,13.36,-23.924,-70.14
218,90,13.52,-30.572,-76.58
218,90,13.68,-42.73,-89.41
218,90,13.84,-30.298,-77.78
218,90,14,-24.95,-72.8
218,90,14.16,-21.866,-70.09
218,90,14.32,-19.816,-68.77
218,90,14.48,-28.124,-79.95
218,90,14.64,-22.644,-72.1
218,90,14.8,-21.5,-69.51
218,90,14.96,-25.552,-72.68
218,90,15.12,-24.76,-71.19
218,90,15.28,-24.28,-70.83
218,90,15.44,-23.236,-69.55
218,90,15.6,-23.18,-69.81
218,90,15.76,-19.198,-66.39
218,90,15.92,-25.442,-72.62
218,90,16.08,-18.012,-65.47
218,90,16.24,-20.494,-68.62
218,90,16.4,-20.98,-70.79
218,90,16.56,-19.578,-68.51
218,90,16.72,-35.878,-85.36
218,90,16.88,-29.944,-80.41
218,90,17.04,-40.076,-91.33
218,90,17.2,-22.09,-74.52
218,90,17.36,-29.156,-81.8
218,90,17.52,-19.546,-72.08
218,90,17.68,-20.632,-73.71
218,90,17.84,-22.858,-75.77
218,90,18,-29.08,-81.89
219,90,2,-13.34,-35.13
219,90,2.16,-14.548,-37.96
219,90,2.32,-15.426,-41.08
219,90,2.48,-19.444,-46.69
219,90,2.64,-23.658,-52.37
219,90,2.8,-22.14,-49.2
219,90,2.96,-9.728,-38.04
219,90,3.12,-10.116,-38.35
219,90,3.28,-11.172,-41.19
219,90,3.44,-14.962,-43.61
219,90,3.6,-23.42,-50.87
219,90,3.76,-26.054,-55.54
219,90,3.92,-19.392,-46.94
219,90,4.08,-16.852,-44.52
219,90,4.24,-23.626,-52.65
219,90,4.4,-27.22,-57.03
219,90,4.56,-17.196,-47.01
219,90,4.72,-13.264,-43.25
219,90,4.88,-15.37,-45.5
219,90,5.04,-16.32,-46.37
219,90,5.2,-22.21,-53.63
219,90,5.36,-25.68,-56.48
219,90,5.52,-16.398,-46.68
219,90,5.68,-13.55,-44.92
219,90,5.84,-16.732,-48.18
219,90,6,-18.66,-50.2
219,90,6.16,-16.47,-48.51
219,90,6.32,-13.808,-47.3
219,90,6.48,-14.556,-48.64
219,90,6.64,-15.538,-49.93
219,90,6.8,-17.31,-50.81
219,90,6.96,-23.582,-57.91
219,90,7.12,-20.686,-55.28
219,90,7.28,-20.142,-54.52
219,90,7.44,-21.606,-55.94
219,90,7.6,-20.08,-53.48
219,90,7.76,-22.148,-57.37
219,90,7.92,-26.522,-61.15
219,90,8.08,-37.526,-72.33
219,90,8.24,-37.292,-72.4
219,90,8.4,-29.99,-65.37
219,90,8.56,-31.422,-67.7
219,90,8.72,-29.328,-66.63
219,90,8.88,-27.238,-64.38
219,90,9.04,-27.934,-65.72
219,90,9.2,-28.59,-67.45
219,90,9.36,-22.844,-60.91
219,90,9.52,-23.982,-62.36
219,90,9.68,-19.24,-58.13
219,90,9.84,-17.386,-56.5
219,90,10,-31.96,-71.03
219,90,10.16,-27.748,-67.39
219,90,10.32,-26.092,-65.72
219,90,10.48,-23.458,-62.99
219,90,10.64,-23.558,-63.57
219,90,10.8,-25.74,-66.01
219,90,10.96,-25.266,-65.25
219,90,11.12,-26.086,-66.33
219,90,11.28,-25.026,-65.47
219,90,11.44,-23.472,-64.22
219,90,11.6,-25.95,-66.82
219,90,11.76,-22.374,-63.49
219,90,11.92,-23.914,-65.04
219,90,12.08,-37.07,-79.26
219,90,12.24,-40.664,-82.92
219,90,12.4,-32.87,-75.53
219,90,12.56,-26.96,-71.03
219,90,12.72,-29.654,-74.21
219,90,12.88,-24.826,-70.03
219,90,13.04,-30.288,-76.79
219,90,13.2,-21.19,-67.97
219,90,13.36,-26.584,-72.8
219,90,13.52,-21.022,-67.03
219,90,13.68,-22.57,-69.25
219,90,13.84,-18.418,-65.9
219,90,14,-22.62,-70.47
219,90,14.16,-21.346,-69.57
219,90,14.32,-19.616,-68.57
219,90,14.48,-35.294,-87.12
219,90,14.64,-27.984,-77.44
219,90,14.8,-21.37,-69.38
219,90,14.96,-19.302,-66.43
219,90,15.12,-23.01,-69.44
219,90,15.28,-23.02,-69.57
219,90,15.44,-17.476,-63.79
219,90,15.6,-22.1,-68.73
219,90,15.76,-28.298,-75.49
219,90,15.92,-20.442,-67.62
219,90,16.08,-17.962,-65.42
219,90,16.24,-25.654,-73.78
219,90,16.4,-22.86,-72.67
219,90,16.56,-19.938,-68.87
219,90,16.72,-24.438,-73.92
219,90,16.88,-27.124,-77.59
219,90,17.04,-28.336,-79.59
219,90,17.2,-18.95,-71.38
219,90,17.36,-35.566,-88.21
219,90,17.52,-25.026,-77.56
219,90,17.68,-24.202,-77.28
219,90,17.84,-30.488,-83.4
219,90,18,-25.05,-77.86
220,90,2,-13.22,-35.01
220,90,2.16,-15.248,-38.66
220,90,2.32,-16.256,-41.91
220,90,2.48,-20.204,-47.45
220,90,2.64,-26.188,-54.9
220,90,2.8,-22.4,-49.46
220,90,2.96,-9.808,-38.12
220,90,3.12,-10.696,-38.93
220,90,3.28,-12.202,-42.22
220,90,3.44,-20.002,-48.65
220,90,3.6,-25.23,-52.68
220,90,3.76,-32.094,-61.58
220,90,3.92,-18.292,-45.84
220,90,4.08,-17.962,-45.63
220,90,4.24,-29.146,-58.17
220,90,4.4,-26.43,-56.24
220,90,4.56,-14.176,-43.99
220,90,4.72,-12.234,-42.22
220,90,4.88,-16.55,-46.68
220,90,5.04,-18.62,-48.67
220,90,5.2,-24,-55.42
220,90,5.36,-19.29,-50.09
220,90,5.52,-15.468,-45.75
220,90,5.68,-14.36,-45.73
220,90,5.84,-17.992,-49.44
220,90,6,-19.07,-50.61
220,90,6.16,-15.63,-47.67
220,90,6.32,-14.178,-47.67
220,90,6.48,-15.616,-49.7
220,90,6.64,-17.108,-51.5
220,90,6.8,-19.33,-52.83
220,90,6.96,-23.782,-58.11
220,90,7.12,-25.006,-59.6
220,90,7.28,-23.432,-57.81
220,90,7.44,-24.496,-58.83
220,90,7.6,-23.63,-57.03
220,90,7.76,-27.188,-62.41
220,90,7.92,-30.962,-65.59
220,90,8.08,-35.976,-70.78
220,90,8.24,-45.352,-80.46
220,90,8.4,-37.43,-72.81
220,90,8.56,-35.162,-71.44
220,90,8.72,-22.288,-59.59
220,90,8.88,-23.978,-61.12
220,90,9.04,-25.694,-63.48
220,90,9.2,-33.34,-72.2
220,90,9.36,-23.084,-61.15
220,90,9.52,-23.282,-61.66
220,90,9.68,-22.07,-60.96
220,90,9.84,-19.406,-58.52
220,90,10,-31,-70.07
220,90,10.16,-37.948,-77.59
220,90,10.32,-31.362,-70.99
220,90,10.48,-24.758,-64.29
220,90,10.64,-23.678,-63.69
220,90,10.8,-25.36,-65.63
220,90,10.96,-27.186,-67.17
220,90,11.12,-28.766,-69.01
220,90,11.28,-25.926,-66.37
220,90,11.44,-26.802,-67.55
220,90,11.6,-30.7,-71.57
220,90,11.76,-33.164,-74.28
220,90,11.92,-24.084,-65.21
220,90,12.08,-24.78,-66.97
220,90,12.24,-26.854,-69.11
220,90,12.4,-25.02,-67.68
220,90,12.56,-24.44,-68.51
220,90,12.72,-26.864,-71.42
220,90,12.88,-24.726,-69.93
220,90,13.04,-25.868,-72.37
220,90,13.2,-27.68,-74.46
220,90,13.36,-27.534,-73.75
220,90,13.52,-19.972,-65.98
220,90,13.68,-18.77,-65.45
220,90,13.84,-20.608,-68.09
220,90,14,-24.67,-72.52
220,90,14.16,-25.486,-73.71
220,90,14.32,-22.636,-71.59
220,90,14.48,-26.514,-78.34
220,90,14.64,-18.634,-68.09
220,90,14.8,-24.47,-72.48
220,90,14.96,-25.932,-73.06
220,90,15.12,-25.18,-71.61
220,90,15.28,-38.43,-84.98
220,90,15.44,-25.146,-71.46
220,90,15.6,-30.67,-77.3
220,90,15.76,-22.958,-70.15
220,90,15.92,-25.582,-72.76
220,90,16.08,-22.282,-69.74
220,90,16.24,-26.274,-74.4
220,90,16.4,-23.87,-73.68
220,90,16.56,-43.878,-92.81
220,90,16.72,-40.848,-90.33
220,90,16.88,-25.214,-75.68
220,90,17.04,-19.676,-70.93
220,90,17.2,-37.57,-90
220,90,17.36,-21.126,-73.77
220,90,17.52,-44.966,-97.5
220,90,17.68,-24.782,-77.86
220,90,17.84,-27.188,-80.1
220,90,18,-23.81,-76.62
221,90,2,-13.17,-34.96
221,90,2.16,-16.008,-39.42
221,90,2.32,-17.386,-43.04
221,90,2.48,-21.044,-48.29
221,90,2.64,-26.698,-55.41
221,90,2.8,-22.92,-49.98
221,90,2.96,-10.128,-38.44
221,90,3.12,-11.386,-39.62
221,90,3.28,-13.602,-43.62
221,90,3.44,-34.152,-62.8
221,90,3.6,-22.11,-49.56
221,90,3.76,-30.944,-60.43
221,90,3.92,-18.632,-46.18
221,90,4.08,-18.962,-46.63
221,90,4.24,-30.436,-59.46
221,90,4.4,-19.2,-49.01
221,90,4.56,-12.896,-42.71
221,90,4.72,-12.054,-42.04
221,90,4.88,-17.12,-47.25
221,90,5.04,-20.2,-50.25
221,90,5.2,-21.49,-52.91
221,90,5.36,-16.5,-47.3
221,90,5.52,-14.948,-45.23
221,90,5.68,-16.1,-47.47
221,90,5.84,-18.302,-49.75
221,90,6,-18.58,-50.12
221,90,6.16,-15.15,-47.19
221,90,6.32,-16.158,-49.65
221,90,6.48,-17.166,-51.25
221,90,6.64,-18.108,-52.5
221,90,6.8,-24.04,-57.54
221,90,6.96,-23.832,-58.16
221,90,7.12,-28.866,-63.46
221,90,7.28,-29.482,-63.86
221,90,7.44,-32.006,-66.34
221,90,7.6,-29.9,-63.3
221,90,7.76,-30.718,-65.94
221,90,7.92,-23.312,-57.94
221,90,8.08,-27.676,-62.48
221,90,8.24,-36.852,-71.96
221,90,8.4,-34.63,-70.01
221,90,8.56,-32.652,-68.93
221,90,8.72,-21.998,-59.3
221,90,8.88,-23.138,-60.28
221,90,9.04,-25.124,-62.91
221,90,9.2,-39.62,-78.48
221,90,9.36,-23.274,-61.34
221,90,9.52,-25.472,-63.85
221,90,9.68,-25.11,-64
221,90,9.84,-20.486,-59.6
221,90,10,-27.25,-66.32
221,90,10.16,-38.718,-78.36
221,90,10.32,-38.262,-77.89
221,90,10.48,-32.128,-71.66
221,90,10.64,-29.018,-69.03
221,90,10.8,-34.15,-74.42
221,90,10.96,-29.996,-69.98
221,90,11.12,-40.266,-80.51
221,90,11.28,-38.646,-79.09
221,90,11.44,-34.502,-75.25
221,90,11.6,-40.61,-81.48
221,90,11.76,-34.074,-75.19
221,90,11.92,-23.774,-64.9
221,90,12.08,-23.77,-65.96
221,90,12.24,-21.834,-64.09
221,90,12.4,-22.83,-65.49
221,90,12.56,-18.89,-62.96
221,90,12.72,-19.774,-64.33
221,90,12.88,-21.686,-66.89
221,90,13.04,-32.018,-78.52
221,90,13.2,-26.47,-73.25
221,90,13.36,-23.814,-70.03
221,90,13.52,-23.982,-69.99
221,90,13.68,-23.02,-69.7
221,90,13.84,-25.258,-72.74
221,90,14,-23.35,-71.2
221,90,14.16,-21.836,-70.06
221,90,14.32,-23.556,-72.51
221,90,14.48,-38.284,-90.11
221,90,14.64,-27.444,-76.9
221,90,14.8,-21.78,-69.79
221,90,14.96,-37.942,-85.07
221,90,15.12,-32.71,-79.14
221,90,15.28,-33.81,-80.36
221,90,15.44,-30.996,-77.31
221,90,15.6,-31.71,-78.34
221,90,15.76,-31.118,-78.31
221,90,15.92,-34.662,-81.84
221,90,16.08,-25.502,-72.96
221,90,16.24,-33.484,-81.61
221,90,16.4,-26.92,-76.73
221,90,16.56,-30.568,-79.5
221,90,16.72,-22.428,-71.91
221,90,16.88,-26.544,-77.01
221,90,17.04,-19.706,-70.96
221,90,17.2,-24.13,-76.56
221,90,17.36,-21.836,-74.48
221,90,17.52,-22.876,-75.41
221,90,17.68,-21.012,-74.09
221,90,17.84,-21.148,-74.06
221,90,18,-20.92,-73.73
222,90,2,-13.17,-34.96
222,90,2.16,-16.668,-40.08
222,90,2.32,-18.826,-44.48
222,90,2.48,-22.974,-50.22
222,90,2.64,-29.688,-58.4
222,90,2.8,-22.15,-49.21
222,90,2.96,-10.648,-38.96
222,90,3.12,-12.746,-40.98
222,90,3.28,-16.182,-46.2
222,90,3.44,-23.722,-52.37
222,90,3.6,-18.94,-46.39
222,90,3.76,-29.104,-58.59
222,90,3.92,-19.322,-46.87
222,90,4.08,-20.932,-48.6
222,90,4.24,-24.546,-53.57
222,90,4.4,-15.92,-45.73
222,90,4.56,-12.176,-41.99
222,90,4.72,-12.464,-42.45
222,90,4.88,-16.44,-46.57
222,90,5.04,-19.62,-49.67
222,90,5.2,-18.09,-49.51
222,90,5.36,-15.79,-46.59
222,90,5.52,-15.368,-45.65
222,90,5.68,-17.59,-48.96
222,90,5.84,-19.502,-50.95
222,90,6,-17.95,-49.49
222,90,6.16,-17.07,-49.11
222,90,6.32,-18.548,-52.04
222,90,6.48,-19.336,-53.42
222,90,6.64,-20.838,-55.23
222,90,6.8,-24.65,-58.15
222,90,6.96,-24.532,-58.86
222,90,7.12,-34.896,-69.49
222,90,7.28,-36.162,-70.54
222,90,7.44,-37.846,-72.18
222,90,7.6,-42.89,-76.29
222,90,7.76,-24.998,-60.22
222,90,7.92,-21.052,-55.68
222,90,8.08,-26.206,-61.01
222,90,8.24,-28.062,-63.17
222,90,8.4,-28.61,-63.99
222,90,8.56,-37.622,-73.9
222,90,8.72,-21.658,-58.96
222,90,8.88,-23.858,-61
222,90,9.04,-27.894,-65.68
222,90,9.2,-34.11,-72.97
222,90,9.36,-22.404,-60.47
222,90,9.52,-24.492,-62.87
222,90,9.68,-25.06,-63.95
222,90,9.84,-21.666,-60.78
222,90,10,-25.71,-64.78
222,90,10.16,-29.168,-68.81
222,90,10.32,-37.512,-77.14
222,90,10.48,-34.408,-73.94
222,90,10.64,-48.348,-88.36
222,90,10.8,-29.1,-69.37
222,90,10.96,-37.626,-77.61
222,90,11.12,-34.786,-75.03
222,90,11.28,-24.476,-64.92
222,90,11.44,-25.282,-66.03
222,90,11.6,-28.34,-69.21
222,90,11.76,-32.274,-73.39
222,90,11.92,-30.704,-71.83
222,90,12.08,-21.29,-63.48
222,90,12.24,-22.624,-64.88
222,90,12.4,-20.56,-63.22
222,90,12.56,-17.55,-61.62
222,90,12.72,-20.994,-65.55
222,90,12.88,-18.716,-63.92
222,90,13.04,-26.478,-72.98
222,90,13.2,-20.22,-67
222,90,13.36,-26.444,-72.66
222,90,13.52,-24.502,-70.51
222,90,13.68,-26.99,-73.67
222,90,13.84,-20.338,-67.82
222,90,14,-26.49,-74.34
222,90,14.16,-36.236,-84.46
222,90,14.32,-25.476,-74.43
222,90,14.48,-28.804,-80.63
222,90,14.64,-23.884,-73.34
222,90,14.8,-23.54,-71.55
222,90,14.96,-30.772,-77.9
222,90,15.12,-37.63,-84.06
222,90,15.28,-24.41,-70.96
222,90,15.44,-26.296,-72.61
222,90,15.6,-28.55,-75.18
222,90,15.76,-23.788,-70.98
222,90,15.92,-31.322,-78.5
222,90,16.08,-28.402,-75.86
222,90,16.24,-33.574,-81.7
222,90,16.4,-28.43,-78.24
222,90,16.56,-31.098,-80.03
222,90,16.72,-22.788,-72.27
222,90,16.88,-25.134,-75.6
222,90,17.04,-26.436,-77.69
222,90,17.2,-26.67,-79.1
222,90,17.36,-17.786,-70.43
222,90,17.52,-28.376,-80.91
222,90,17.68,-28.752,-81.83
222,90,17.84,-21.348,-74.26
222,90,18,-22.53,-75.34
223,90,2,-13.13,-34.92
223,90,2.16,-17.288,-40.7
223,90,2.32,-20.056,-45.71
223,90,2.48,-25.554,-52.8
223,90,2.64,-31.448,-60.16
223,90,2.8,-21.82,-48.88
223,90,2.96,-11.418,-39.73
223,90,3.12,-13.956,-42.19
223,90,3.28,-19.752,-49.77
223,90,3.44,-17.472,-46.12
223,90,3.6,-16.53,-43.98
223,90,3.76,-29.214,-58.7
223,90,3.92,-20.552,-48.1
223,90,4.08,-23.502,-51.17
223,90,4.24,-21.556,-50.58
223,90,4.4,-14.34,-44.15
223,90,4.56,-12.096,-41.91
223,90,4.72,-12.854,-42.84
223,90,4.88,-15.93,-46.06
223,90,5.04,-17.71,-47.76
223,90,5.2,-16.31,-47.73
223,90,5.36,-16.2,-47
223,90,5.52,-16.438,-46.72
223,90,5.68,-19.01,-50.38
223,90,5.84,-20.662,-52.11
223,90,6,-19.32,-50.86
223,90,6.16,-19.6,-51.64
223,90,6.32,-22.178,-55.67
223,90,6.48,-20.036,-54.12
223,90,6.64,-23.248,-57.64
223,90,6.8,-23.66,-57.16
223,90,6.96,-27.302,-61.63
223,90,7.12,-33.526,-68.12
223,90,7.28,-29.972,-64.35
223,90,7.44,-31.436,-65.77
223,90,7.6,-36.35,-69.75
223,90,7.76,-22.678,-57.9
223,90,7.92,-22.302,-56.93
223,90,8.08,-23.936,-58.74
223,90,8.24,-26.592,-61.7
223,90,8.4,-31.17,-66.55
223,90,8.56,-29.012,-65.29
223,90,8.72,-24.308,-61.61
223,90,8.88,-24.978,-62.12
223,90,9.04,-33.934,-71.72
223,90,9.2,-37.67,-76.53
223,90,9.36,-22.724,-60.79
223,90,9.52,-25.762,-64.14
223,90,9.68,-21.94,-60.83
223,90,9.84,-21.786,-60.9
223,90,10,-26.43,-65.5
223,90,10.16,-38.638,-78.28
223,90,10.32,-38.232,-77.86
223,90,10.48,-37.128,-76.66
223,90,10.64,-28.498,-68.51
223,90,10.8,-32.11,-72.38
223,90,10.96,-27.316,-67.3
223,90,11.12,-32.136,-72.38
223,90,11.28,-21.496,-61.94
223,90,11.44,-25.502,-66.25
223,90,11.6,-25.3,-66.17
223,90,11.76,-24.104,-65.22
223,90,11.92,-27.994,-69.12
223,90,12.08,-19.19,-61.38
223,90,12.24,-21.664,-63.92
223,90,12.4,-16.7,-59.36
223,90,12.56,-23.76,-67.83
223,90,12.72,-22.734,-67.29
223,90,12.88,-25.916,-71.12
223,90,13.04,-25.588,-72.09
223,90,13.2,-23.19,-69.97
223,90,13.36,-34.094,-80.31
223,90,13.52,-34.232,-80.24
223,90,13.68,-25,-71.68
223,90,13.84,-25.378,-72.86
223,90,14,-29.8,-77.65
223,90,14.16,-28.326,-76.55
223,90,14.32,-20.426,-69.38
223,90,14.48,-20.234,-72.06
223,90,14.64,-22.294,-71.75
223,90,14.8,-24.22,-72.23
223,90,14.96,-29.852,-76.98
223,90,15.12,-28.98,-75.41
223,90,15.28,-21.11,-67.66
223,90,15.44,-29.486,-75.8
223,90,15.6,-27.35,-73.98
223,90,15.76,-35.568,-82.76
223,90,15.92,-23.492,-70.67
223,90,16.08,-24.742,-72.2
223,90,16.24,-26.024,-74.15
223,90,16.4,-38.63,-88.44
223,90,16.56,-21.418,-70.35
223,90,16.72,-24.248,-73.73
223,90,16.88,-31.544,-82.01
223,90,17.04,-25.186,-76.44
223,90,17.2,-19.55,-71.98
223,90,17.36,-27.866,-80.51
223,90,17.52,-21.956,-74.49
223,90,17.68,-29.052,-82.13
223,90,17.84,-27.948,-80.86
223,90,18,-22.81,-75.62
224,90,2,-13.12,-34.91
224,90,2.16,-17.608,-41.02
224,90,2.32,-21.916,-47.57
224,90,2.48,-28.454,-55.7
224,90,2.64,-34.828,-63.54
224,90,2.8,-20.49,-47.55
224,90,2.96,-12.628,-40.94
224,90,3.12,-15.786,-44.02
224,90,3.28,-25.562,-55.58
224,90,3.44,-14.572,-43.22
224,90,3.6,-15.51,-42.96
224,90,3.76,-28.214,-57.7
224,90,3.92,-22.012,-49.56
224,90,4.08,-25.832,-53.5
224,90,4.24,-20.166,-49.19
224,90,4.4,-13.86,-43.67
224,90,4.56,-12.326,-42.14
224,90,4.72,-13.134,-43.12
224,90,4.88,-15.06,-45.19
224,90,5.04,-16.06,-46.11
224,90,5.2,-15.85,-47.27
224,90,5.36,-17.27,-48.07
224,90,5.52,-17.178,-47.46
224,90,5.68,-21.23,-52.6
224,90,5.84,-22.652,-54.1
224,90,6,-21.9,-53.44
224,90,6.16,-25.49,-57.53
224,90,6.32,-23.288,-56.78
224,90,6.48,-22.396,-56.48
224,90,6.64,-26.198,-60.59
224,90,6.8,-24.46,-57.96
224,90,6.96,-35.882,-70.21
224,90,7.12,-27.066,-61.66
224,90,7.28,-23.392,-57.77
224,90,7.44,-25.966,-60.3
224,90,7.6,-28.54,-61.94
224,90,7.76,-21.248,-56.47
224,90,7.92,-23.542,-58.17
224,90,8.08,-21.906,-56.71
224,90,8.24,-21.112,-56.22
224,90,8.4,-36.22,-71.6
224,90,8.56,-32.362,-68.64
224,90,8.72,-30.978,-68.28
224,90,8.88,-39.078,-76.22
224,90,9.04,-51.234,-89.02
224,90,9.2,-34.14,-73
224,90,9.36,-33.634,-71.7
224,90,9.52,-37.522,-75.9
224,90,9.68,-23.52,-62.41
224,90,9.84,-31.756,-70.87
224,90,10,-31.9,-70.97
224,90,10.16,-32.218,-71.86
224,90,10.32,-26.892,-66.52
224,90,10.48,-25.868,-65.4
224,90,10.64,-31.468,-71.48
224,90,10.8,-35.61,-75.88
224,90,10.96,-24.826,-64.81
224,90,11.12,-23.206,-63.45
224,90,11.28,-23.336,-63.78
224,90,11.44,-26.962,-67.71
224,90,11.6,-29.16,-70.03
224,90,11.76,-23.024,-64.14
224,90,11.92,-27.794,-68.92
224,90,12.08,-27.25,-69.44
224,90,12.24,-20.144,-62.4
224,90,12.4,-23.56,-66.22
224,90,12.56,-25.47,-69.54
224,90,12.72,-33.754,-78.31
224,90,12.88,-29.136,-74.34
224,90,13.04,-27.338,-73.84
224,90,13.2,-36.89,-83.67
224,90,13.36,-48.914,-95.13
224,90,13.52,-29.092,-75.1
224,90,13.68,-29.93,-76.61
224,90,13.84,-32.898,-80.38
224,90,14,-24.12,-71.97
224,90,14.16,-23.646,-71.87
224,90,14.32,-38.556,-87.51
224,90,14.48,-18.004,-69.83
224,90,14.64,-24.414,-73.87
224,90,14.8,-24.61,-72.62
224,90,14.96,-23.712,-70.84
224,90,15.12,-23.86,-70.29
224,90,15.28,-31.52,-78.07
224,90,15.44,-26.316,-72.63
224,90,15.6,-22.68,-69.31
224,90,15.76,-27.318,-74.51
224,90,15.92,-37.682,-84.86
224,90,16.08,-35.902,-83.36
224,90,16.24,-23.434,-71.56
224,90,16.4,-22.97,-72.78
224,90,16.56,-27.048,-75.98
224,90,16.72,-40.478,-89.96
224,90,16.88,-22.224,-72.69
224,90,17.04,-22.196,-73.45
224,90,17.2,-34.67,-87.1
224,90,17.36,-22.396,-75.04
224,90,17.52,-29.556,-82.09
224,90,17.68,-36.522,-89.6
224,90,17.84,-18.328,-71.24
224,90,18,-20.06,-72.87
225,90,2,-13.33,-35.12
225,90,2.16,-17.888,-41.3
225,90,2.32,-23.856,-49.51
225,90,2.48,-33.994,-61.24
225,90,2.64,-30.108,-58.82
225,90,2.8,-19.75,-46.81
225,90,2.96,-13.928,-42.24
225,90,3.12,-18.476,-46.71
225,90,3.28,-26.702,-56.72
225,90,3.44,-13.132,-41.78
225,90,3.6,-14.86,-42.31
225,90,3.76,-28.744,-58.23
225,90,3.92,-23.192,-50.74
225,90,4.08,-28.612,-56.28
225,90,4.24,-20.156,-49.18
225,90,4.4,-13.88,-43.69
225,90,4.56,-12.926,-42.74
225,90,4.72,-13.654,-43.64
225,90,4.88,-14.72,-44.85
225,90,5.04,-16.34,-46.39
225,90,5.2,-16.53,-47.95
225,90,5.36,-19.91,-50.71
225,90,5.52,-19.018,-49.3
225,90,5.68,-24.4,-55.77
225,90,5.84,-24.572,-56.02
225,90,6,-27.49,-59.03
225,90,6.16,-30.19,-62.23
225,90,6.32,-21.838,-55.33
225,90,6.48,-24.996,-59.08
225,90,6.64,-30.428,-64.82
225,90,6.8,-28.19,-61.69
225,90,6.96,-34.332,-68.66
225,90,7.12,-23.336,-57.93
225,90,7.28,-22.122,-56.5
225,90,7.44,-24.016,-58.35
225,90,7.6,-27.5,-60.9
225,90,7.76,-20.618,-55.84
225,90,7.92,-25.852,-60.48
225,90,8.08,-22.056,-56.86
225,90,8.24,-21.112,-56.22
225,90,8.4,-29.65,-65.03
225,90,8.56,-30.632,-66.91
225,90,8.72,-29.408,-66.71
225,90,8.88,-34.378,-71.52
225,90,9.04,-36.864,-74.65
225,90,9.2,-37.79,-76.65
225,90,9.36,-33.044,-71.11
225,90,9.52,-33.642,-72.02
225,90,9.68,-29.77,-68.66
225,90,9.84,-34.696,-73.81
225,90,10,-41.76,-80.83
225,90,10.16,-25.718,-65.36
225,90,10.32,-23.292,-62.92
225,90,10.48,-25.318,-64.85
225,90,10.64,-29.138,-69.15
225,90,10.8,-25.32,-65.59
225,90,10.96,-21.516,-61.5
225,90,11.12,-20.736,-60.98
225,90,11.28,-25.386,-65.83
225,90,11.44,-27.562,-68.31
225,90,11.6,-28.23,-69.1
225,90,11.76,-26.294,-67.41
225,90,11.92,-26.604,-67.73
225,90,12.08,-32.27,-74.46
225,90,12.24,-29.664,-71.92
225,90,12.4,-30.21,-72.87
225,90,12.56,-24.84,-68.91
225,90,12.72,-36.494,-81.05
225,90,12.88,-24.896,-70.1
225,90,13.04,-22.938,-69.44
225,90,13.2,-26.12,-72.9
225,90,13.36,-26.884,-73.1
225,90,13.52,-24.022,-70.03
225,90,13.68,-24.39,-71.07
225,90,13.84,-21.188,-68.67
225,90,14,-22.26,-70.11
225,90,14.16,-23.596,-71.82
225,90,14.32,-20.006,-68.96
225,90,14.48,-25.434,-77.26
225,90,14.64,-22.914,-72.37
225,90,14.8,-27.42,-75.43
225,90,14.96,-27.492,-74.62
225,90,15.12,-35.64,-82.07
225,90,15.28,-24.11,-70.66
225,90,15.44,-26.546,-72.86
225,90,15.6,-24.09,-70.72
225,90,15.76,-29.648,-76.84
225,90,15.92,-23.852,-71.03
225,90,16.08,-24.282,-71.74
225,90,16.24,-33.874,-82
225,90,16.4,-29.5,-79.31
225,90,16.56,-50.628,-99.56
225,90,16.72,-30.488,-79.97
225,90,16.88,-28.864,-79.33
225,90,17.04,-27.756,-79.01
225,90,17.2,-24.99,-77.42
225,90,17.36,-17.636,-70.28
225,90,17.52,-46.556,-99.09
225,90,17.68,-25.292,-78.37
225,90,17.84,-18.178,-71.09
225,90,18,-24.82,-77.63
226,90,2,-13.4,-35.19
226,90,2.16,-17.888,-41.3
226,90,2.32,-26.186,-51.84
226,90,2.48,-50.354,-77.6
226,90,2.64,-27.318,-56.03
226,90,2.8,-19.37,-46.43
226,90,2.96,-15.958,-44.27
226,90,3.12,-21.806,-50.04
226,90,3.28,-22.122,-52.14
226,90,3.44,-12.342,-40.99
226,90,3.6,-14.73,-42.18
226,90,3.76,-28.724,-58.21
226,90,3.92,-23.112,-50.66
226,90,4.08,-29.762,-57.43
226,90,4.24,-20.746,-49.77
226,90,4.4,-14.83,-44.64
226,90,4.56,-13.656,-43.47
226,90,4.72,-14.574,-44.56
226,90,4.88,-14.8,-44.93
226,90,5.04,-16.88,-46.93
226,90,5.2,-17.68,-49.1
226,90,5.36,-22.01,-52.81
226,90,5.52,-21.298,-51.58
226,90,5.68,-26.8,-58.17
226,90,5.84,-26.512,-57.96
226,90,6,-39.36,-70.9
226,90,6.16,-23.83,-55.87
226,90,6.32,-20.248,-53.74
226,90,6.48,-23.406,-57.49
226,90,6.64,-26.638,-61.03
226,90,6.8,-29.32,-62.82
226,90,6.96,-26.032,-60.36
226,90,7.12,-21.606,-56.2
226,90,7.28,-22.382,-56.76
226,90,7.44,-25.046,-59.38
226,90,7.6,-27.44,-60.84
226,90,7.76,-20.718,-55.94
226,90,7.92,-23.172,-57.8
226,90,8.08,-22.576,-57.38
226,90,8.24,-23.042,-58.15
226,90,8.4,-33.26,-68.64
226,90,8.56,-28.202,-64.48
226,90,8.72,-29.128,-66.43
226,90,8.88,-33.718,-70.86
226,90,9.04,-26.444,-64.23
226,90,9.2,-25.78,-64.64
226,90,9.36,-33.404,-71.47
226,90,9.52,-22.902,-61.28
226,90,9.68,-34.87,-73.76
226,90,9.84,-31.206,-70.32
226,90,10,-29.26,-68.33
226,90,10.16,-24.878,-64.52
226,90,10.32,-25.772,-65.4
226,90,10.48,-26.948,-66.48
226,90,10.64,-26.348,-66.36
226,90,10.8,-21.6,-61.87
226,90,10.96,-20.326,-60.31
226,90,11.12,-21.606,-61.85
226,90,11.28,-23.566,-64.01
226,90,11.44,-35.352,-76.1
226,90,11.6,-27.25,-68.12
226,90,11.76,-31.714,-72.83
226,90,11.92,-35.924,-77.05
226,90,12.08,-43.24,-85.43
226,90,12.24,-32.544,-74.8
226,90,12.4,-30.11,-72.77
226,90,12.56,-29.76,-73.83
226,90,12.72,-27.044,-71.6
226,90,12.88,-35.466,-80.67
226,90,13.04,-24.788,-71.29
226,90,13.2,-24.68,-71.46
226,90,13.36,-29.624,-75.84
226,90,13.52,-34.412,-80.42
226,90,13.68,-33.97,-80.65
226,90,13.84,-31.508,-78.99
226,90,14,-23.5,-71.35
226,90,14.16,-27.056,-75.28
226,90,14.32,-25.586,-74.54
226,90,14.48,-34.244,-86.07
226,90,14.64,-22.434,-71.89
226,90,14.8,-37.26,-85.27
226,90,14.96,-27.342,-74.47
226,90,15.12,-28.03,-74.46
226,90,15.28,-25.42,-71.97
226,90,15.44,-22.316,-68.63
226,90,15.6,-30.06,-76.69
226,90,15.76,-31.058,-78.25
226,90,15.92,-34.422,-81.6
226,90,16.08,-28.902,-76.36
226,90,16.24,-33.144,-81.27
226,90,16.4,-41.19,-91
226,90,16.56,-28.828,-77.76
226,90,16.72,-25.338,-74.82
226,90,16.88,-32.134,-82.6
226,90,17.04,-25.066,-76.32
226,90,17.2,-27.27,-79.7
226,90,17.36,-25.776,-78.42
226,90,17.52,-22.096,-74.63
226,90,17.68,-22.252,-75.33
226,90,17.84,-17.908,-70.82
226,90,18,-22.58,-75.39
227,90,2,-13.7,-35.49
227,90,2.16,-17.158,-40.57
227,90,2.32,-25.336,-50.99
227,90,2.48,-38.204,-65.45
227,90,2.64,-24.488,-53.2
227,90,2.8,-18.76,-45.82
227,90,2.96,-18.238,-46.55
227,90,3.12,-26.106,-54.34
227,90,3.28,-18.742,-48.76
227,90,3.44,-12.232,-40.88
227,90,3.6,-14.72,-42.17
227,90,3.76,-28.854,-58.34
227,90,3.92,-23.742,-51.29
227,90,4.08,-33.442,-61.11
227,90,4.24,-21.856,-50.88
227,90,4.4,-15.69,-45.5
227,90,4.56,-14.416,-44.23
227,90,4.72,-15.124,-45.11
227,90,4.88,-15.66,-45.79
227,90,5.04,-18.45,-48.5
227,90,5.2,-19.36,-50.78
227,90,5.36,-23.87,-54.67
227,90,5.52,-27.428,-57.71
227,90,5.68,-26.81,-58.18
227,90,5.84,-30.192,-61.64
227,90,6,-26.01,-57.55
227,90,6.16,-20.38,-52.42
227,90,6.32,-18.408,-51.9
227,90,6.48,-21.786,-55.87
227,90,6.64,-26.128,-60.52
227,90,6.8,-28.17,-61.67
227,90,6.96,-22.412,-56.74
227,90,7.12,-23.096,-57.69
227,90,7.28,-22.272,-56.65
227,90,7.44,-26.876,-61.21
227,90,7.6,-26.47,-59.87
227,90,7.76,-20.108,-55.33
227,90,7.92,-22.492,-57.12
227,90,8.08,-25.436,-60.24
227,90,8.24,-28.852,-63.96
227,90,8.4,-31.7,-67.08
227,90,8.56,-27.422,-63.7
227,90,8.72,-37.118,-74.42
227,90,8.88,-24.948,-62.09
227,90,9.04,-21.054,-58.84
227,90,9.2,-22.97,-61.83
227,90,9.36,-26.554,-64.62
227,90,9.52,-24.282,-62.66
227,90,9.68,-34.66,-73.55
227,90,9.84,-24.436,-63.55
227,90,10,-35.11,-74.18
227,90,10.16,-25.978,-65.62
227,90,10.32,-36.962,-76.59
227,90,10.48,-22.908,-62.44
227,90,10.64,-26.548,-66.56
227,90,10.8,-24.51,-64.78
227,90,10.96,-23.226,-63.21
227,90,11.12,-27.326,-67.57
227,90,11.28,-30.806,-71.25
227,90,11.44,-29.642,-70.39
227,90,11.6,-31.23,-72.1
227,90,11.76,-34.334,-75.45
227,90,11.92,-31.714,-72.84
227,90,12.08,-30.89,-73.08
227,90,12.24,-29.374,-71.63
227,90,12.4,-30.5,-73.16
227,90,12.56,-25.77,-69.84
227,90,12.72,-22.084,-66.64
227,90,12.88,-25.006,-70.21
227,90,13.04,-25.688,-72.19
227,90,13.2,-24.19,-70.97
227,90,13.36,-23.384,-69.6
227,90,13.52,-21.732,-67.74
227,90,13.68,-24.12,-70.8
227,90,13.84,-29.018,-76.5
227,90,14,-26.98,-74.83
227,90,14.16,-32.916,-81.14
227,90,14.32,-26.486,-75.44
227,90,14.48,-21.084,-72.91
227,90,14.64,-23.784,-73.24
227,90,14.8,-24.64,-72.65
227,90,14.96,-31.752,-78.88
227,90,15.12,-26.62,-73.05
227,90,15.28,-27.07,-73.62
227,90,15.44,-29.426,-75.74
227,90,15.6,-32.27,-78.9
227,90,15.76,-33.408,-80.6
227,90,15.92,-28.302,-75.48
227,90,16.08,-28.102,-75.56
227,90,16.24,-26.144,-74.27
227,90,16.4,-20.85,-70.66
227,90,16.56,-26.368,-75.3
227,90,16.72,-24.178,-73.66
227,90,16.88,-25.464,-75.93
227,90,17.04,-29.876,-81.13
227,90,17.2,-30.78,-83.21
227,90,17.36,-33.206,-85.85
227,90,17.52,-27.786,-80.32
227,90,17.68,-18.892,-71.97
227,90,17.84,-28.478,-81.39
227,90,18,-21.3,-74.11
228,90,2,-13.98,-35.77
228,90,2.16,-16.948,-40.36
228,90,2.32,-24.196,-49.85
228,90,2.48,-31.694,-58.94
228,90,2.64,-22.468,-51.18
228,90,2.8,-18.36,-45.42
228,90,2.96,-21.618,-49.93
228,90,3.12,-39.026,-67.26
228,90,3.28,-17.112,-47.13
228,90,3.44,-12.442,-41.09
228,90,3.6,-14.87,-42.32
228,90,3.76,-26.324,-55.81
228,90,3.92,-22.732,-50.28
228,90,4.08,-38.902,-66.57
228,90,4.24,-24.036,-53.06
228,90,4.4,-16.96,-46.77
228,90,4.56,-15.756,-45.57
228,90,4.72,-16.304,-46.29
228,90,4.88,-16.86,-46.99
228,90,5.04,-19.19,-49.24
228,90,5.2,-19.29,-50.71
228,90,5.36,-26.56,-57.36
228,90,5.52,-37.248,-67.53
228,90,5.68,-27.21,-58.58
228,90,5.84,-32.412,-63.86
228,90,6,-22.25,-53.79
228,90,6.16,-18.77,-50.81
228,90,6.32,-17.598,-51.09
228,90,6.48,-21.496,-55.58
228,90,6.64,-29.728,-64.12
228,90,6.8,-26.75,-60.25
228,90,6.96,-21.142,-55.47
228,90,7.12,-23.116,-57.71
228,90,7.28,-22.922,-57.3
228,90,7.44,-28.876,-63.21
228,90,7.6,-29.09,-62.49
228,90,7.76,-20.428,-55.65
228,90,7.92,-24.532,-59.16
228,90,8.08,-28.176,-62.98
228,90,8.24,-29.212,-64.32
228,90,8.4,-30.18,-65.56
228,90,8.56,-27.422,-63.7
228,90,8.72,-35.408,-72.71
228,90,8.88,-22.478,-59.62
228,90,9.04,-20.074,-57.86
228,90,9.2,-21.75,-60.61
228,90,9.36,-26.324,-64.39
228,90,9.52,-28.402,-66.78
228,90,9.68,-24.31,-63.2
228,90,9.84,-23.546,-62.66
228,90,10,-31.17,-70.24
228,90,10.16,-25.448,-65.09
228,90,10.32,-28.952,-68.58
228,90,10.48,-24.488,-64.02
228,90,10.64,-35.538,-75.55
228,90,10.8,-28.54,-68.81
228,90,10.96,-26.756,-66.74
228,90,11.12,-25.106,-65.35
228,90,11.28,-29.796,-70.24
228,90,11.44,-30.732,-71.48
228,90,11.6,-38.44,-79.31
228,90,11.76,-36.154,-77.27
228,90,11.92,-26.534,-67.66
228,90,12.08,-27.07,-69.26
228,90,12.24,-31.624,-73.88
228,90,12.4,-28.5,-71.16
228,90,12.56,-26.47,-70.54
228,90,12.72,-24.874,-69.43
228,90,12.88,-27.886,-73.09
228,90,13.04,-37.758,-84.26
228,90,13.2,-29,-75.78
228,90,13.36,-28.364,-74.58
228,90,13.52,-23.942,-69.95
228,90,13.68,-24.66,-71.34
228,90,13.84,-27.048,-74.53
228,90,14,-34.73,-82.58
228,90,14.16,-23.636,-71.86
228,90,14.32,-34.276,-83.23
228,90,14.48,-20.104,-71.93
228,90,14.64,-23.064,-72.52
228,90,14.8,-39.9,-87.91
228,90,14.96,-28.642,-75.77
228,90,15.12,-40.32,-86.75
228,90,15.28,-30.43,-76.98
228,90,15.44,-22.866,-69.18
228,90,15.6,-28.17,-74.8
228,90,15.76,-30.058,-77.25
228,90,15.92,-32.882,-80.06
228,90,16.08,-24.732,-72.19
228,90,16.24,-46.594,-94.72
228,90,16.4,-22.06,-71.87
228,90,16.56,-26.948,-75.88
228,90,16.72,-26.528,-76.01
228,90,16.88,-26.284,-76.75
228,90,17.04,-25.996,-77.25
228,90,17.2,-22.69,-75.12
228,90,17.36,-19.556,-72.2
228,90,17.52,-23.746,-76.28
228,90,17.68,-38.622,-91.7
228,90,17.84,-22.908,-75.82
228,90,18,-31.37,-84.18
229,90,2,-14.28,-36.07
229,90,2.16,-16.638,-40.05
229,90,2.32,-22.666,-48.32
229,90,2.48,-28.464,-55.71
229,90,2.64,-21.198,-49.91
229,90,2.8,-18.29,-45.35
229,90,2.96,-25.318,-53.63
229,90,3.12,-32.436,-60.67
229,90,3.28,-15.742,-45.76
229,90,3.44,-13.002,-41.65
229,90,3.6,-15.21,-42.66
229,90,3.76,-22.954,-52.44
229,90,3.92,-22.612,-50.16
229,90,4.08,-39.192,-66.86
229,90,4.24,-27.376,-56.4
229,90,4.4,-18.43,-48.24
229,90,4.56,-17.686,-47.5
229,90,4.72,-17.754,-47.74
229,90,4.88,-18.53,-48.66
229,90,5.04,-19.62,-49.67
229,90,5.2,-18.8,-50.22
229,90,5.36,-32.86,-63.66
229,90,5.52,-29.898,-60.18
229,90,5.68,-27.08,-58.45
229,90,5.84,-28.002,-59.45
229,90,6,-19.18,-50.72
229,90,6.16,-17.38,-49.42
229,90,6.32,-16.318,-49.81
229,90,6.48,-21.276,-55.36
229,90,6.64,-28.618,-63.01
229,90,6.8,-23.78,-57.28
229,90,6.96,-20.762,-55.09
229,90,7.12,-25.476,-60.07
229,90,7.28,-23.892,-58.27
229,90,7.44,-31.146,-65.48
229,90,7.6,-34.44,-67.84
229,90,7.76,-23.198,-58.42
229,90,7.92,-24.062,-58.69
229,90,8.08,-31.356,-66.16
229,90,8.24,-32.732,-67.84
229,90,8.4,-28.2,-63.58
229,90,8.56,-28.842,-65.12
229,90,8.72,-27.508,-64.81
229,90,8.88,-24.228,-61.37
229,90,9.04,-22.314,-60.1
229,90,9.2,-22.71,-61.57
229,90,9.36,-25.644,-63.71
229,90,9.52,-32.522,-70.9
229,90,9.68,-27.19,-66.08
229,90,9.84,-27.006,-66.12
229,90,10,-34.31,-73.38
229,90,10.16,-31.878,-71.52
229,90,10.32,-24.402,-64.03
229,90,10.48,-31.208,-70.74
229,90,10.64,-30.198,-70.21
229,90,10.8,-26.69,-66.96
229,90,10.96,-23.676,-63.66
229,90,11.12,-27.506,-67.75
229,90,11.28,-27.246,-67.69
229,90,11.44,-32.162,-72.91
229,90,11.6,-24.56,-65.43
229,90,11.76,-29.324,-70.44
229,90,11.92,-26.144,-67.27
229,90,12.08,-25.1,-67.29
229,90,12.24,-34.114,-76.37
229,90,12.4,-23.88,-66.54
229,90,12.56,-27.54,-71.61
229,90,12.72,-33.004,-77.56
229,90,12.88,-22.546,-67.75
229,90,13.04,-22.848,-69.35
229,90,13.2,-29.33,-76.11
229,90,13.36,-23.514,-69.73
229,90,13.52,-36.472,-82.48
229,90,13.68,-27.22,-73.9
229,90,13.84,-26.388,-73.87
229,90,14,-27.68,-75.53
229,90,14.16,-28.786,-77.01
229,90,14.32,-21.946,-70.9
229,90,14.48,-42.344,-94.17
229,90,14.64,-33.734,-83.19
229,90,14.8,-28.26,-76.27
229,90,14.96,-27.092,-74.22
229,90,15.12,-35.93,-82.36
229,90,15.28,-30.95,-77.5
229,90,15.44,-28.406,-74.72
229,90,15.6,-38.24,-84.87
229,90,15.76,-28.218,-75.41
229,90,15.92,-33.072,-80.25
229,90,16.08,-29.062,-76.52
229,90,16.24,-25.474,-73.6
229,90,16.4,-19.01,-68.82
229,90,16.56,-42.258,-91.19
229,90,16.72,-42.188,-91.67
229,90,16.88,-23.724,-74.19
229,90,17.04,-33.576,-84.83
229,90,17.2,-20.55,-72.98
229,90,17.36,-23.616,-76.26
229,90,17.52,-23.976,-76.51
229,90,17.68,-25.302,-78.38
229,90,17.84,-26.168,-79.08
229,90,18,-30.78,-83.59
230,90,2,-14.59,-36.38
230,90,2.16,-16.338,-39.75
230,90,2.32,-21.216,-46.87
230,90,2.48,-26.024,-53.27
230,90,2.64,-20.268,-48.98
230,90,2.8,-18.17,-45.23
230,90,2.96,-26.058,-54.37
230,90,3.12,-25.016,-53.25
230,90,3.28,-14.592,-44.61
230,90,3.44,-13.872,-42.52
230,90,3.6,-15.4,-42.85
230,90,3.76,-21.694,-51.18
230,90,3.92,-23.262,-50.81
230,90,4.08,-46.762,-74.43
230,90,4.24,-30.406,-59.43
230,90,4.4,-20.84,-50.65
230,90,4.56,-21.456,-51.27
230,90,4.72,-19.104,-49.09
230,90,4.88,-21.11,-51.24
230,90,5.04,-19.48,-49.53
230,90,5.2,-17.38,-48.8
230,90,5.36,-32.69,-63.49
230,90,5.52,-25.638,-55.92
230,90,5.68,-27.7,-59.07
230,90,5.84,-23.682,-55.13
230,90,6,-19.09,-50.63
230,90,6.16,-16.89,-48.93
230,90,6.32,-16.608,-50.1
230,90,6.48,-20.896,-54.98
230,90,6.64,-25.038,-59.43
230,90,6.8,-24.74,-58.24
230,90,6.96,-22.082,-56.41
230,90,7.12,-25.846,-60.44
230,90,7.28,-24.552,-58.93
230,90,7.44,-31.116,-65.45
230,90,7.6,-48.7,-82.1
230,90,7.76,-24.708,-59.93
230,90,7.92,-26.562,-61.19
230,90,8.08,-26.946,-61.75
230,90,8.24,-27.422,-62.53
230,90,8.4,-26.27,-61.65
230,90,8.56,-35.472,-71.75
230,90,8.72,-29.458,-66.76
230,90,8.88,-27.408,-64.55
230,90,9.04,-26.534,-64.32
230,90,9.2,-24.71,-63.57
230,90,9.36,-23.934,-62
230,90,9.52,-27.342,-65.72
230,90,9.68,-36.64,-75.53
230,90,9.84,-43.166,-82.28
230,90,10,-32.49,-71.56
230,90,10.16,-29.938,-69.58
230,90,10.32,-29.342,-68.97
230,90,10.48,-33.058,-72.59
230,90,10.64,-25.588,-65.6
230,90,10.8,-26.21,-66.48
230,90,10.96,-24.806,-64.79
230,90,11.12,-26.756,-67
230,90,11.28,-20.966,-61.41
230,90,11.44,-29.262,-70.01
230,90,11.6,-26.45,-67.32
230,90,11.76,-31.544,-72.66
230,90,11.92,-26.934,-68.06
230,90,12.08,-26.25,-68.44
230,90,12.24,-38.584,-80.84
230,90,12.4,-30.37,-73.03
230,90,12.56,-27.13,-71.2
230,90,12.72,-31.214,-75.77
230,90,12.88,-30.386,-75.59
230,90,13.04,-32.288,-78.79
230,90,13.2,-29.16,-75.94
230,90,13.36,-22.934,-69.15
230,90,13.52,-26.672,-72.68
230,90,13.68,-26.52,-73.2
230,90,13.84,-24.328,-71.81
230,90,14,-20.71,-68.56
230,90,14.16,-27.206,-75.43
230,90,14.32,-22.266,-71.22
230,90,14.48,-24.774,-76.6
230,90,14.64,-28.744,-78.2
230,90,14.8,-23.41,-71.42
230,90,14.96,-33.392,-80.52
230,90,15.12,-27.03,-73.46
230,90,15.28,-39.31,-85.86
230,90,15.44,-26.916,-73.23
230,90,15.6,-31.67,-78.3
230,90,15.76,-24.968,-72.16
230,90,15.92,-38.022,-85.2
230,90,16.08,-25.702,-73.16
230,90,16.24,-31.584,-79.71
230,90,16.4,-21.95,-71.76
230,90,16.56,-26.448,-75.38
230,90,16.72,-23.388,-72.87
230,90,16.88,-23.374,-73.84
230,90,17.04,-31.106,-82.36
230,90,17.2,-28.07,-80.5
230,90,17.36,-25.046,-77.69
230,90,17.52,-27.216,-79.75
230,90,17.68,-25.452,-78.53
230,90,17.84,-26.118,-79.03
230,90,18,-32.45,-85.26
231,90,2,-15.18,-36.97
231,90,2.16,-15.898,-39.31
231,90,2.32,-20.096,-45.75
231,90,2.48,-23.134,-50.38
231,90,2.64,-19.368,-48.08
231,90,2.8,-17.98,-45.04
231,90,2.96,-24.078,-52.39
231,90,3.12,-20.666,-48.9
231,90,3.28,-14.242,-44.26
231,90,3.44,-14.782,-43.43
231,90,3.6,-15.68,-43.13
231,90,3.76,-19.424,-48.91
231,90,3.92,-22.432,-49.98
231,90,4.08,-38.562,-66.23
231,90,4.24,-30.176,-59.2
231,90,4.4,-25.68,-55.49
231,90,4.56,-25.106,-54.92
231,90,4.72,-21.804,-51.79
231,90,4.88,-23.62,-53.75
231,90,5.04,-18.9,-48.95
231,90,5.2,-16.39,-47.81
231,90,5.36,-28.29,-59.09
231,90,5.52,-24.328,-54.61
231,90,5.68,-28.64,-60.01
231,90,5.84,-21.102,-52.55
231,90,6,-18.31,-49.85
231,90,6.16,-16.57,-48.61
231,90,6.32,-17.248,-50.74
231,90,6.48,-21.926,-56.01
231,90,6.64,-23.788,-58.18
231,90,6.8,-26.79,-60.29
231,90,6.96,-23.442,-57.77
231,90,7.12,-26.096,-60.69
231,90,7.28,-23.812,-58.19
231,90,7.44,-30.546,-64.88
231,90,7.6,-32.55,-65.95
231,90,7.76,-29.218,-64.44
231,90,7.92,-30.222,-64.85
231,90,8.08,-23.916,-58.72
231,90,8.24,-31.692,-66.8
231,90,8.4,-24.49,-59.87
231,90,8.56,-63.212,-99.49
231,90,8.72,-36.288,-73.59
231,90,8.88,-29.518,-66.66
231,90,9.04,-28.114,-65.9
231,90,9.2,-22.62,-61.48
231,90,9.36,-22.354,-60.42
231,90,9.52,-23.602,-61.98
231,90,9.68,-30.65,-69.54
231,90,9.84,-29.646,-68.76
231,90,10,-32.01,-71.08
231,90,10.16,-35.468,-75.11
231,90,10.32,-29.532,-69.16
231,90,10.48,-29.248,-68.78
231,90,10.64,-26.898,-66.91
231,90,10.8,-28.55,-68.82
231,90,10.96,-25.166,-65.15
231,90,11.12,-27.006,-67.25
231,90,11.28,-23.696,-64.14
231,90,11.44,-31.392,-72.14
231,90,11.6,-27.12,-67.99
231,90,11.76,-24.144,-65.26
231,90,11.92,-27.504,-68.63
231,90,12.08,-27.43,-69.62
231,90,12.24,-36.504,-78.76
231,90,12.4,-23.02,-65.68
231,90,12.56,-32.88,-76.95
231,90,12.72,-34.134,-78.69
231,90,12.88,-29.466,-74.67
231,90,13.04,-27.388,-73.89
231,90,13.2,-32.24,-79.02
231,90,13.36,-25.304,-71.52
231,90,13.52,-30.672,-76.68
231,90,13.68,-41.8,-88.48
231,90,13.84,-33.108,-80.59
231,90,14,-34.34,-82.19
231,90,14.16,-16.916,-65.14
231,90,14.32,-28.236,-77.19
231,90,14.48,-37.264,-89.09
231,90,14.64,-30.824,-80.28
231,90,14.8,-31.96,-79.97
231,90,14.96,-23.332,-70.46
231,90,15.12,-28.56,-74.99
231,90,15.28,-24.28,-70.83
231,90,15.44,-26.566,-72.88
231,90,15.6,-29.08,-75.71
231,90,15.76,-26.998,-74.19
231,90,15.92,-32.382,-79.56
231,90,16.08,-35.262,-82.72
231,90,16.24,-31.504,-79.63
231,90,16.4,-23.33,-73.14
231,90,16.56,-31.968,-80.9
231,90,16.72,-24.978,-74.46
231,90,16.88,-21.304,-71.77
231,90,17.04,-38.786,-90.04
231,90,17.2,-22.34,-74.77
231,90,17.36,-26.146,-78.79
231,90,17.52,-19.286,-71.82
231,90,17.68,-25.052,-78.13
231,90,17.84,-31.728,-84.64
231,90,18,-24.59,-77.4
232,90,2,-15.4,-37.19
232,90,2.16,-15.998,-39.41
232,90,2.32,-19.336,-44.99
232,90,2.48,-22.684,-49.93
232,90,2.64,-18.558,-47.27
232,90,2.8,-17.5,-44.56
232,90,2.96,-21.088,-49.4
232,90,3.12,-18.316,-46.55
232,90,3.28,-14.182,-44.2
232,90,3.44,-15.392,-44.04
232,90,3.6,-15.62,-43.07
232,90,3.76,-18.274,-47.76
232,90,3.92,-23.312,-50.86
232,90,4.08,-41.452,-69.12
232,90,4.24,-29.666,-58.69
232,90,4.4,-33.2,-63.01
232,90,4.56,-25.596,-55.41
232,90,4.72,-26.634,-56.62
232,90,4.88,-24.08,-54.21
232,90,5.04,-18.47,-48.52
232,90,5.2,-16.19,-47.61
232,90,5.36,-26.04,-56.84
232,90,5.52,-22.858,-53.14
232,90,5.68,-27.12,-58.49
232,90,5.84,-19.662,-51.11
232,90,6,-18.53,-50.07
232,90,6.16,-17.79,-49.83
232,90,6.32,-17.198,-50.69
232,90,6.48,-21.596,-55.68
232,90,6.64,-26.028,-60.42
232,90,6.8,-32.65,-66.15
232,90,6.96,-26.452,-60.78
232,90,7.12,-26.026,-60.62
232,90,7.28,-27.332,-61.71
232,90,7.44,-30.956,-65.29
232,90,7.6,-33.28,-66.68
232,90,7.76,-40.758,-75.98
232,90,7.92,-31.982,-66.61
232,90,8.08,-26.586,-61.39
232,90,8.24,-29.172,-64.28
232,90,8.4,-27.36,-62.74
232,90,8.56,-29.082,-65.36
232,90,8.72,-34.628,-71.93
232,90,8.88,-31.998,-69.14
232,90,9.04,-27.604,-65.39
232,90,9.2,-22.07,-60.93
232,90,9.36,-22.664,-60.73
232,90,9.52,-23.812,-62.19
232,90,9.68,-41.66,-80.55
232,90,9.84,-27.716,-66.83
232,90,10,-29.88,-68.95
232,90,10.16,-38.278,-77.92
232,90,10.32,-32.692,-72.32
232,90,10.48,-29.408,-68.94
232,90,10.64,-32.338,-72.35
232,90,10.8,-23.91,-64.18
232,90,10.96,-21.866,-61.85
232,90,11.12,-23.516,-63.76
232,90,11.28,-30.326,-70.77
232,90,11.44,-31.182,-71.93
232,90,11.6,-28.2,-69.07
232,90,11.76,-23.024,-64.14
232,90,11.92,-24.604,-65.73
232,90,12.08,-31.35,-73.54
232,90,12.24,-37.934,-80.19
232,90,12.4,-28.67,-71.33
232,90,12.56,-22.26,-66.33
232,90,12.72,-26.864,-71.42
232,90,12.88,-33.306,-78.51
232,90,13.04,-36.948,-83.45
232,90,13.2,-30.58,-77.36
232,90,13.36,-26.394,-72.61
232,90,13.52,-29.352,-75.36
232,90,13.68,-44.53,-91.21
232,90,13.84,-21.028,-68.51
232,90,14,-31.97,-79.82
232,90,14.16,-20.986,-69.21
232,90,14.32,-25.206,-74.16
232,90,14.48,-21.364,-73.19
232,90,14.64,-23.274,-72.73
232,90,14.8,-25.66,-73.67
232,90,14.96,-26.182,-73.31
232,90,15.12,-29.46,-75.89
232,90,15.28,-41.29,-87.84
232,90,15.44,-29.466,-75.78
232,90,15.6,-32.29,-78.92
232,90,15.76,-25.758,-72.95
232,90,15.92,-35.722,-82.9
232,90,16.08,-25.582,-73.04
232,90,16.24,-29.934,-78.06
232,90,16.4,-25.57,-75.38
232,90,16.56,-34.488,-83.42
232,90,16.72,-36.238,-85.72
232,90,16.88,-29.334,-79.8
232,90,17.04,-24.436,-75.69
232,90,17.2,-21.6,-74.03
232,90,17.36,-23.276,-75.92
232,90,17.52,-22.026,-74.56
232,90,17.68,-35.492,-88.57
232,90,17.84,-27.008,-79.92
232,90,18,-33.3,-86.11
233,90,2,-15.88,-37.67
233,90,2.16,-15.938,-39.35
233,90,2.32,-18.946,-44.6
233,90,2.48,-21.834,-49.08
233,90,2.64,-18.158,-46.87
233,90,2.8,-17.55,-44.61
233,90,2.96,-18.548,-46.86
233,90,3.12,-16.736,-44.97
233,90,3.28,-14.022,-44.04
233,90,3.44,-15.932,-44.58
233,90,3.6,-15.5,-42.95
233,90,3.76,-16.924,-46.41
233,90,3.92,-23.642,-51.19
233,90,4.08,-37.812,-65.48
233,90,4.24,-28.436,-57.46
233,90,4.4,-37.17,-66.98
233,90,4.56,-24.536,-54.35
233,90,4.72,-30.654,-60.64
233,90,4.88,-23.08,-53.21
233,90,5.04,-18.34,-48.39
233,90,5.2,-16.36,-47.78
233,90,5.36,-23.61,-54.41
233,90,5.52,-24.158,-54.44
233,90,5.68,-26.73,-58.1
233,90,5.84,-20.842,-52.29
233,90,6,-19.18,-50.72
233,90,6.16,-19.51,-51.55
233,90,6.32,-17.158,-50.65
233,90,6.48,-22.736,-56.82
233,90,6.64,-25.068,-59.46
233,90,6.8,-35.47,-68.97
233,90,6.96,-27.122,-61.45
233,90,7.12,-26.796,-61.39
233,90,7.28,-31.962,-66.34
233,90,7.44,-32.436,-66.77
233,90,7.6,-33.82,-67.22
233,90,7.76,-39.598,-74.82
233,90,7.92,-29.322,-63.95
233,90,8.08,-27.826,-62.63
233,90,8.24,-25.072,-60.18
233,90,8.4,-25.16,-60.54
233,90,8.56,-25.432,-61.71
233,90,8.72,-29.778,-67.08
233,90,8.88,-28.828,-65.97
233,90,9.04,-24.774,-62.56
233,90,9.2,-22.23,-61.09
233,90,9.36,-23.574,-61.64
233,90,9.52,-27.852,-66.23
233,90,9.68,-30.11,-69
233,90,9.84,-23.316,-62.43
233,90,10,-25.32,-64.39
233,90,10.16,-30.018,-69.66
233,90,10.32,-29.212,-68.84
233,90,10.48,-33.008,-72.54
233,90,10.64,-26.278,-66.29
233,90,10.8,-22.87,-63.14
233,90,10.96,-23.606,-63.59
233,90,11.12,-32.876,-73.12
233,90,11.28,-36.306,-76.75
233,90,11.44,-31.902,-72.65
233,90,11.6,-37.27,-78.14
233,90,11.76,-21.894,-63.01
233,90,11.92,-32.954,-74.08
233,90,12.08,-38.13,-80.32
233,90,12.24,-38.864,-81.12
233,90,12.4,-50.3,-92.96
233,90,12.56,-22.28,-66.35
233,90,12.72,-27.414,-71.97
233,90,12.88,-42.786,-87.99
233,90,13.04,-30.168,-76.67
233,90,13.2,-48.46,-95.24
233,90,13.36,-26.744,-72.96
233,90,13.52,-30.302,-76.31
233,90,13.68,-30.77,-77.45
233,90,13.84,-21.118,-68.6
233,90,14,-32,-79.85
233,90,14.16,-24.906,-73.13
233,90,14.32,-29.306,-78.26
233,90,14.48,-33.294,-85.12
233,90,14.64,-27.374,-76.83
233,90,14.8,-26.37,-74.38
233,90,14.96,-39.342,-86.47
233,90,15.12,-25.81,-72.24
233,90,15.28,-37.34,-83.89
233,90,15.44,-33.626,-79.94
233,90,15.6,-27.16,-73.79
233,90,15.76,-30.528,-77.72
233,90,15.92,-29.272,-76.45
233,90,16.08,-30.802,-78.26
233,90,16.24,-27.544,-75.67
233,90,16.4,-29.19,-79
233,90,16.56,-32.308,-81.24
233,90,16.72,-31.718,-81.2
233,90,16.88,-29.174,-79.64
233,90,17.04,-38.166,-89.42
233,90,17.2,-21.53,-73.96
233,90,17.36,-23.176,-75.82
233,90,17.52,-27.246,-79.78
233,90,17.68,-29.612,-82.69
233,90,17.84,-27.468,-80.38
233,90,18,-16.37,-69.18
234,90,2,-16.44,-38.23
234,90,2.16,-15.948,-39.36
234,90,2.32,-18.736,-44.39
234,90,2.48,-20.724,-47.97
234,90,2.64,-18.048,-46.76
234,90,2.8,-17.18,-44.24
234,90,2.96,-16.558,-44.87
234,90,3.12,-15.496,-43.73
234,90,3.28,-14.212,-44.23
234,90,3.44,-16.082,-44.73
234,90,3.6,-15.62,-43.07
234,90,3.76,-16.624,-46.11
234,90,3.92,-23.882,-51.43
234,90,4.08,-36.682,-64.35
234,90,4.24,-27.736,-56.76
234,90,4.4,-27.88,-57.69
234,90,4.56,-23.546,-53.36
234,90,4.72,-38.904,-68.89
234,90,4.88,-24.42,-54.55
234,90,5.04,-18.63,-48.68
234,90,5.2,-16.17,-47.59
234,90,5.36,-23.52,-54.32
234,90,5.52,-24.248,-54.53
234,90,5.68,-28.67,-60.04
234,90,5.84,-21.892,-53.34
234,90,6,-20.08,-51.62
234,90,6.16,-21.33,-53.37
234,90,6.32,-17.548,-51.04
234,90,6.48,-25.786,-59.87
234,90,6.64,-27.828,-62.22
234,90,6.8,-40.26,-73.76
234,90,6.96,-28.922,-63.25
234,90,7.12,-26.806,-61.4
234,90,7.28,-39.222,-73.6
234,90,7.44,-34.826,-69.16
234,90,7.6,-34.4,-67.8
234,90,7.76,-31.608,-66.83
234,90,7.92,-29.762,-64.39
234,90,8.08,-34.016,-68.82
234,90,8.24,-23.802,-58.91
234,90,8.4,-30.53,-65.91
234,90,8.56,-26.992,-63.27
234,90,8.72,-42.128,-79.43
234,90,8.88,-34.558,-71.7
234,90,9.04,-25.774,-63.56
234,90,9.2,-23.08,-61.94
234,90,9.36,-28.174,-66.24
234,90,9.52,-29.002,-67.38
234,90,9.68,-28.96,-67.85
234,90,9.84,-23.786,-62.9
234,90,10,-21.45,-60.52
234,90,10.16,-28.738,-68.38
234,90,10.32,-35.682,-75.31
234,90,10.48,-39.898,-79.43
234,90,10.64,-28.318,-68.33
234,90,10.8,-22.76,-63.03
234,90,10.96,-22.916,-62.9
234,90,11.12,-33.116,-73.36
234,90,11.28,-46.936,-87.38
234,90,11.44,-29.012,-69.76
234,90,11.6,-36.43,-77.3
234,90,11.76,-23.654,-64.77
234,90,11.92,-31.534,-72.66
234,90,12.08,-30.24,-72.43
234,90,12.24,-32.944,-75.2
234,90,12.4,-30.25,-72.91
234,90,12.56,-31.02,-75.09
234,90,12.72,-26.714,-71.27
234,90,12.88,-32.156,-77.36
234,90,13.04,-34.548,-81.05
234,90,13.2,-22.64,-69.42
234,90,13.36,-45.584,-91.8
234,90,13.52,-27.892,-73.9
234,90,13.68,-27.14,-73.82
234,90,13.84,-22.228,-69.71
234,90,14,-32.1,-79.95
234,90,14.16,-24.066,-72.29
234,90,14.32,-29.246,-78.2
234,90,14.48,-22.634,-74.46
234,90,14.64,-30.494,-79.95
234,90,14.8,-25.84,-73.85
234,90,14.96,-30.982,-78.11
234,90,15.12,-27.4,-73.83
234,90,15.28,-39.11,-85.66
234,90,15.44,-43.256,-89.57
234,90,15.6,-36.97,-83.6
234,90,15.76,-25.348,-72.54
234,90,15.92,-23.412,-70.59
234,90,16.08,-31.112,-78.57
234,90,16.24,-29.734,-77.86
234,90,16.4,-22.62,-72.43
234,90,16.56,-22.638,-71.57
234,90,16.72,-28.948,-78.43
234,90,16.88,-23.414,-73.88
234,90,17.04,-22.926,-74.18
234,90,17.2,-20.59,-73.02
234,90,17.36,-26.776,-79.42
234,90,17.52,-18.166,-70.7
234,90,17.68,-23.832,-76.91
234,90,17.84,-26.588,-79.5
234,90,18,-26.15,-78.96
235,90,2,-17.07,-38.86
235,90,2.16,-16.058,-39.47
235,90,2.32,-18.876,-44.53
235,90,2.48,-20.554,-47.8
235,90,2.64,-18.198,-46.91
235,90,2.8,-16.66,-43.72
235,90,2.96,-14.698,-43.01
235,90,3.12,-14.976,-43.21
235,90,3.28,-14.362,-44.38
235,90,3.44,-16.082,-44.73
235,90,3.6,-15.89,-43.34
235,90,3.76,-16.544,-46.03
235,90,3.92,-25.162,-52.71
235,90,4.08,-33.822,-61.49
235,90,4.24,-27.286,-56.31
235,90,4.4,-25.46,-55.27
235,90,4.56,-22.786,-52.6
235,90,4.72,-43.544,-73.53
235,90,4.88,-24.77,-54.9
235,90,5.04,-18.53,-48.58
235,90,5.2,-17.12,-48.54
235,90,5.36,-22.27,-53.07
235,90,5.52,-23.138,-53.42
235,90,5.68,-36.94,-68.31
235,90,5.84,-23.722,-55.17
235,90,6,-20.3,-51.84
235,90,6.16,-22.32,-54.36
235,90,6.32,-18.128,-51.62
235,90,6.48,-30.156,-64.24
235,90,6.64,-26.818,-61.21
235,90,6.8,-33.85,-67.35
235,90,6.96,-40.782,-75.11
235,90,7.12,-27.236,-61.83
235,90,7.28,-37.042,-71.42
235,90,7.44,-34.126,-68.46
235,90,7.6,-36.59,-69.99
235,90,7.76,-33.108,-68.33
235,90,7.92,-32.132,-66.76
235,90,8.08,-30.896,-65.7
235,90,8.24,-25.212,-60.32
235,90,8.4,-36.53,-71.91
235,90,8.56,-31.152,-67.43
235,90,8.72,-33.038,-70.34
235,90,8.88,-29.188,-66.33
235,90,9.04,-23.324,-61.11
235,90,9.2,-24.2,-63.06
235,90,9.36,-31.324,-69.39
235,90,9.52,-33.162,-71.54
235,90,9.68,-27.17,-66.06
235,90,9.84,-26.676,-65.79
235,90,10,-22.78,-61.85
235,90,10.16,-38.658,-78.3
235,90,10.32,-34.332,-73.96
235,90,10.48,-25.368,-64.9
235,90,10.64,-28.498,-68.51
235,90,10.8,-22.45,-62.72
235,90,10.96,-23.916,-63.9
235,90,11.12,-32.316,-72.56
235,90,11.28,-44.006,-84.45
235,90,11.44,-35.482,-76.23
235,90,11.6,-27.43,-68.3
235,90,11.76,-32.054,-73.17
235,90,11.92,-32.994,-74.12
235,90,12.08,-28.61,-70.8
235,90,12.24,-31.774,-74.03
235,90,12.4,-27.89,-70.55
235,90,12.56,-35.67,-79.74
235,90,12.72,-26.014,-70.57
235,90,12.88,-26.136,-71.34
235,90,13.04,-29.208,-75.71
235,90,13.2,-21.09,-67.87
235,90,13.36,-32.614,-78.83
235,90,13.52,-27.082,-73.09
235,90,13.68,-42.79,-89.47
235,90,13.84,-23.528,-71.01
235,90,14,-26.7,-74.55
235,90,14.16,-39.396,-87.62
235,90,14.32,-31.426,-80.38
235,90,14.48,-30.024,-81.85
235,90,14.64,-23.204,-72.66
235,90,14.8,-22.21,-70.22
235,90,14.96,-34.462,-81.59
235,90,15.12,-40.42,-86.85
235,90,15.28,-27.57,-74.12
235,90,15.44,-25.606,-71.92
235,90,15.6,-27.93,-74.56
235,90,15.76,-30.258,-77.45
235,90,15.92,-28.362,-75.54
235,90,16.08,-30.222,-77.68
235,90,16.24,-23.784,-71.91
235,90,16.4,-28.67,-78.48
235,90,16.56,-26.578,-75.51
235,90,16.72,-40.968,-90.45
235,90,16.88,-25.294,-75.76
235,90,17.04,-24.066,-75.32
235,90,17.2,-30.46,-82.89
235,90,17.36,-27.746,-80.39
235,90,17.52,-30.436,-82.97
235,90,17.68,-24.342,-77.42
235,90,17.84,-24.568,-77.48
235,90,18,-23.75,-76.56
236,90,2,-17.63,-39.42
236,90,2.16,-16.388,-39.8
236,90,2.32,-18.936,-44.59
236,90,2.48,-20.524,-47.77
236,90,2.64,-18.078,-46.79
236,90,2.8,-16.04,-43.1
236,90,2.96,-13.328,-41.64
236,90,3.12,-14.156,-42.39
236,90,3.28,-14.692,-44.71
236,90,3.44,-15.862,-44.51
236,90,3.6,-16.26,-43.71
236,90,3.76,-17.234,-46.72
236,90,3.92,-27.242,-54.79
236,90,4.08,-29.102,-56.77
236,90,4.24,-28.936,-57.96
236,90,4.4,-25,-54.81
236,90,4.56,-22.606,-52.42
236,90,4.72,-47.164,-77.15
236,90,4.88,-24.61,-54.74
236,90,5.04,-19.07,-49.12
236,90,5.2,-17.82,-49.24
236,90,5.36,-23.17,-53.97
236,90,5.52,-21.708,-51.99
236,90,5.68,-36.36,-67.73
236,90,5.84,-23.062,-54.51
236,90,6,-21.39,-52.93
236,90,6.16,-23.01,-55.05
236,90,6.32,-21.018,-54.51
236,90,6.48,-29.236,-63.32
236,90,6.64,-26.618,-61.01
236,90,6.8,-35.32,-68.82
236,90,6.96,-34.002,-68.33
236,90,7.12,-26.736,-61.33
236,90,7.28,-31.582,-65.96
236,90,7.44,-43.696,-78.03
236,90,7.6,-38.66,-72.06
236,90,7.76,-35.648,-70.87
236,90,7.92,-37.222,-71.85
236,90,8.08,-30.926,-65.73
236,90,8.24,-28.272,-63.38
236,90,8.4,-39.88,-75.26
236,90,8.56,-41.572,-77.85
236,90,8.72,-27.258,-64.56
236,90,8.88,-24.058,-61.2
236,90,9.04,-22.284,-60.07
236,90,9.2,-25.88,-64.74
236,90,9.36,-32.814,-70.88
236,90,9.52,-35.012,-73.39
236,90,9.68,-36.11,-75
236,90,9.84,-27.596,-66.71
236,90,10,-22.53,-61.6
236,90,10.16,-26.348,-65.99
236,90,10.32,-46.582,-86.21
236,90,10.48,-26.248,-65.78
236,90,10.64,-35.798,-75.81
236,90,10.8,-24.79,-65.06
236,90,10.96,-28.886,-68.87
236,90,11.12,-24.566,-64.81
236,90,11.28,-43.736,-84.18
236,90,11.44,-40.952,-81.7
236,90,11.6,-30.83,-71.7
236,90,11.76,-27.104,-68.22
236,90,11.92,-43.124,-84.25
236,90,12.08,-32.39,-74.58
236,90,12.24,-26.214,-68.47
236,90,12.4,-29.19,-71.85
236,90,12.56,-26.61,-70.68
236,90,12.72,-33.564,-78.12
236,90,12.88,-24.816,-70.02
236,90,13.04,-28.868,-75.37
236,90,13.2,-31.48,-78.26
236,90,13.36,-38.354,-84.57
236,90,13.52,-38.872,-84.88
236,90,13.68,-31.18,-77.86
236,90,13.84,-29.718,-77.2
236,90,14,-34.16,-82.01
236,90,14.16,-31.736,-79.96
236,90,14.32,-22.496,-71.45
236,90,14.48,-19.214,-71.04
236,90,14.64,-21.954,-71.41
236,90,14.8,-27.62,-75.63
236,90,14.96,-32.002,-79.13
236,90,15.12,-46.18,-92.61
236,90,15.28,-35.01,-81.56
236,90,15.44,-26.846,-73.16
236,90,15.6,-29.72,-76.35
236,90,15.76,-25.808,-73
236,90,15.92,-32.222,-79.4
236,90,16.08,-30.612,-78.07
236,90,16.24,-23.414,-71.54
236,90,16.4,-27.86,-77.67
236,90,16.56,-38.538,-87.47
236,90,16.72,-20.658,-70.14
236,90,16.88,-35.594,-86.06
236,90,17.04,-22.486,-73.74
236,90,17.2,-26.84,-79.27
236,90,17.36,-27.136,-79.78
236,90,17.52,-24.896,-77.43
236,90,17.68,-19.332,-72.41
236,90,17.84,-26.728,-79.64
236,90,18,-36.2,-89.01
237,90,2,-18.42,-40.21
237,90,2.16,-16.848,-40.26
237,90,2.32,-19.136,-44.79
237,90,2.48,-20.424,-47.67
237,90,2.64,-18.638,-47.35
237,90,2.8,-15.64,-42.7
237,90,2.96,-12.278,-40.59
237,90,3.12,-13.906,-42.14
237,90,3.28,-14.582,-44.6
237,90,3.44,-15.502,-44.15
237,90,3.6,-17.49,-44.94
237,90,3.76,-18.784,-48.27
237,90,3.92,-30.212,-57.76
237,90,4.08,-26.132,-53.8
237,90,4.24,-30.536,-59.56
237,90,4.4,-25.82,-55.63
237,90,4.56,-23.056,-52.87
237,90,4.72,-40.884,-70.87
237,90,4.88,-26.18,-56.31
237,90,5.04,-18.44,-48.49
237,90,5.2,-17.86,-49.28
237,90,5.36,-21.65,-52.45
237,90,5.52,-21.178,-51.46
237,90,5.68,-25.92,-57.29
237,90,5.84,-21.772,-53.22
237,90,6,-22.49,-54.03
237,90,6.16,-23.51,-55.55
237,90,6.32,-23.738,-57.23
237,90,6.48,-29.796,-63.88
237,90,6.64,-26.798,-61.19
237,90,6.8,-56.97,-90.47
237,90,6.96,-25.922,-60.25
237,90,7.12,-24.676,-59.27
237,90,7.28,-33.332,-67.71
237,90,7.44,-32.996,-67.33
237,90,7.6,-32.28,-65.68
237,90,7.76,-33.388,-68.61
237,90,7.92,-37.622,-72.25
237,90,8.08,-33.806,-68.61
237,90,8.24,-29.892,-65
237,90,8.4,-34.61,-69.99
237,90,8.56,-28.032,-64.31
237,90,8.72,-23.858,-61.16
237,90,8.88,-20.488,-57.63
237,90,9.04,-21.174,-58.96
237,90,9.2,-25.68,-64.54
237,90,9.36,-37.824,-75.89
237,90,9.52,-41.282,-79.66
237,90,9.68,-30,-68.89
237,90,9.84,-27.256,-66.37
237,90,10,-23.64,-62.71
237,90,10.16,-26.198,-65.84
237,90,10.32,-34.752,-74.38
237,90,10.48,-28.928,-68.46
237,90,10.64,-23.378,-63.39
237,90,10.8,-23.17,-63.44
237,90,10.96,-30.176,-70.16
237,90,11.12,-32.626,-72.87
237,90,11.28,-31.786,-72.23
237,90,11.44,-36.852,-77.6
237,90,11.6,-25.99,-66.86
237,90,11.76,-31.514,-72.63
237,90,11.92,-31.504,-72.63
237,90,12.08,-35.24,-77.43
237,90,12.24,-24.334,-66.59
237,90,12.4,-33.8,-76.46
237,90,12.56,-24.5,-68.57
237,90,12.72,-31.034,-75.59
237,90,12.88,-26.196,-71.4
237,90,13.04,-30.748,-77.25
237,90,13.2,-34.2,-80.98
237,90,13.36,-28.104,-74.32
237,90,13.52,-25.502,-71.51
237,90,13.68,-30.36,-77.04
237,90,13.84,-33.348,-80.83
237,90,14,-23.28,-71.13
237,90,14.16,-27.746,-75.97
237,90,14.32,-24.806,-73.76
237,90,14.48,-25.484,-77.31
237,90,14.64,-24.244,-73.7
237,90,14.8,-39.98,-87.99
237,90,14.96,-25.202,-72.33
237,90,15.12,-24.15,-70.58
237,90,15.28,-24.08,-70.63
237,90,15.44,-44.446,-90.76
237,90,15.6,-24.27,-70.9
237,90,15.76,-30.708,-77.9
237,90,15.92,-38.602,-85.78
237,90,16.08,-23.862,-71.32
237,90,16.24,-25.134,-73.26
237,90,16.4,-34.26,-84.07
237,90,16.56,-25.948,-74.88
237,90,16.72,-20.018,-69.5
237,90,16.88,-30.304,-80.77
237,90,17.04,-24.016,-75.27
237,90,17.2,-22.55,-74.98
237,90,17.36,-19.296,-71.94
237,90,17.52,-19.116,-71.65
237,90,17.68,-18.332,-71.41
237,90,17.84,-25.958,-78.87
237,90,18,-24.98,-77.79
238,90,2,-19.36,-41.15
238,90,2.16,-17.568,-40.98
238,90,2.32,-19.626,-45.28
238,90,2.48,-20.534,-47.78
238,90,2.64,-19.508,-48.22
238,90,2.8,-15.03,-42.09
238,90,2.96,-11.258,-39.57
238,90,3.12,-13.756,-41.99
238,90,3.28,-14.842,-44.86
238,90,3.44,-15.222,-43.87
238,90,3.6,-18.26,-45.71
238,90,3.76,-20.764,-50.25
238,90,3.92,-36.732,-64.28
238,90,4.08,-25.402,-53.07
238,90,4.24,-29.716,-58.74
238,90,4.4,-28.54,-58.35
238,90,4.56,-24.296,-54.11
238,90,4.72,-33.654,-63.64
238,90,4.88,-28.92,-59.05
238,90,5.04,-18.15,-48.2
238,90,5.2,-18.56,-49.98
238,90,5.36,-20.53,-51.33
238,90,5.52,-20.808,-51.09
238,90,5.68,-22.48,-53.85
238,90,5.84,-20.992,-52.44
238,90,6,-22.32,-53.86
238,90,6.16,-25.7,-57.74
238,90,6.32,-23.368,-56.86
238,90,6.48,-28.066,-62.15
238,90,6.64,-30.088,-64.48
238,90,6.8,-29.77,-63.27
238,90,6.96,-22.522,-56.85
238,90,7.12,-24.956,-59.55
238,90,7.28,-33.042,-67.42
238,90,7.44,-27.046,-61.38
238,90,7.6,-31.83,-65.23
238,90,7.76,-35.708,-70.93
238,90,7.92,-28.682,-63.31
238,90,8.08,-37.196,-72
238,90,8.24,-27.022,-62.13
238,90,8.4,-27.93,-63.31
238,90,8.56,-24.522,-60.8
238,90,8.72,-20.088,-57.39
238,90,8.88,-19.318,-56.46
238,90,9.04,-21.494,-59.28
238,90,9.2,-33.14,-72
238,90,9.36,-28.884,-66.95
238,90,9.52,-26.752,-65.13
238,90,9.68,-28.06,-66.95
238,90,9.84,-25.176,-64.29
238,90,10,-22.4,-61.47
238,90,10.16,-26.938,-66.58
238,90,10.32,-25.832,-65.46
238,90,10.48,-25.498,-65.03
238,90,10.64,-30.678,-70.69
238,90,10.8,-29.47,-69.74
238,90,10.96,-30.426,-70.41
238,90,11.12,-55.706,-95.95
238,90,11.28,-40.766,-81.21
238,90,11.44,-37.692,-78.44
238,90,11.6,-25.13,-66
238,90,11.76,-31.184,-72.3
238,90,11.92,-30.424,-71.55
238,90,12.08,-30.29,-72.48
238,90,12.24,-31.874,-74.13
238,90,12.4,-27.04,-69.7
238,90,12.56,-28.86,-72.93
238,90,12.72,-26.234,-70.79
238,90,12.88,-25.546,-70.75
238,90,13.04,-36.518,-83.02
238,90,13.2,-36.13,-82.91
238,90,13.36,-27.434,-73.65
238,90,13.52,-39.692,-85.7
238,90,13.68,-30.67,-77.35
238,90,13.84,-25.828,-73.31
238,90,14,-21.12,-68.97
238,90,14.16,-24.036,-72.26
238,90,14.32,-22.746,-71.7
238,90,14.48,-24.794,-76.62
238,90,14.64,-26.114,-75.57
238,90,14.8,-35.07,-83.08
238,90,14.96,-38.602,-85.73
238,90,15.12,-33.63,-80.06
238,90,15.28,-37.68,-84.23
238,90,15.44,-35.266,-81.58
238,90,15.6,-31.22,-77.85
238,90,15.76,-34.358,-81.55
238,90,15.92,-25.802,-72.98
238,90,16.08,-26.972,-74.43
238,90,16.24,-32.424,-80.55
238,90,16.4,-27.16,-76.97
238,90,16.56,-26.938,-75.87
238,90,16.72,-29.058,-78.54
238,90,16.88,-22.694,-73.16
238,90,17.04,-22.566,-73.82
238,90,17.2,-20.5,-72.93
238,90,17.36,-31.596,-84.24
238,90,17.52,-22.746,-75.28
238,90,17.68,-21.022,-74.1
238,90,17.84,-20.478,-73.39
238,90,18,-26,-78.81
239,90,2,-20.64,-42.43
239,90,2.16,-18.428,-41.84
239,90,2.32,-21.086,-46.74
239,90,2.48,-21.434,-48.68
239,90,2.64,-20.308,-49.02
239,90,2.8,-14.58,-41.64
239,90,2.96,-10.778,-39.09
239,90,3.12,-13.826,-42.06
239,90,3.28,-15.192,-45.21
239,90,3.44,-15.122,-43.77
239,90,3.6,-19.96,-47.41
239,90,3.76,-24.604,-54.09
239,90,3.92,-39.112,-66.66
239,90,4.08,-24.432,-52.1
239,90,4.24,-28.336,-57.36
239,90,4.4,-26.09,-55.9
239,90,4.56,-23.486,-53.3
239,90,4.72,-30.034,-60.02
239,90,4.88,-33.59,-63.72
239,90,5.04,-17.73,-47.78
239,90,5.2,-18.71,-50.13
239,90,5.36,-20.35,-51.15
239,90,5.52,-21.198,-51.48
239,90,5.68,-21.01,-52.38
239,90,5.84,-21.902,-53.35
239,90,6,-21.59,-53.13
239,90,6.16,-26.32,-58.36
239,90,6.32,-22.368,-55.86
239,90,6.48,-29.036,-63.12
239,90,6.64,-28.128,-62.52
239,90,6.8,-27.73,-61.23
239,90,6.96,-23.912,-58.24
239,90,7.12,-27.046,-61.64
239,90,7.28,-38.842,-73.22
239,90,7.44,-24.666,-59
239,90,7.6,-30.17,-63.57
239,90,7.76,-39.658,-74.88
239,90,7.92,-23.222,-57.85
239,90,8.08,-31.776,-66.58
239,90,8.24,-25.352,-60.46
239,90,8.4,-25.96,-61.34
239,90,8.56,-22.102,-58.38
239,90,8.72,-18.568,-55.87
239,90,8.88,-20.268,-57.41
239,90,9.04,-23.824,-61.61
239,90,9.2,-34.21,-73.07
239,90,9.36,-31.324,-69.39
239,90,9.52,-23.182,-61.56
239,90,9.68,-29.52,-68.41
239,90,9.84,-24.566,-63.68
239,90,10,-21.87,-60.94
239,90,10.16,-25.008,-64.65
239,90,10.32,-25.502,-65.13
239,90,10.48,-22.878,-62.41
239,90,10.64,-27.968,-67.98
239,90,10.8,-33.32,-73.59
239,90,10.96,-43.636,-83.62
239,90,11.12,-30.546,-70.79
239,90,11.28,-31.856,-72.3
239,90,11.44,-30.502,-71.25
239,90,11.6,-25.53,-66.4
239,90,11.76,-29.504,-70.62
239,90,11.92,-30.024,-71.15
239,90,12.08,-38.81,-81
239,90,12.24,-30.354,-72.61
239,90,12.4,-25.58,-68.24
239,90,12.56,-29.13,-73.2
239,90,12.72,-30.354,-74.91
239,90,12.88,-31.396,-76.6
239,90,13.04,-25.288,-71.79
239,90,13.2,-35.03,-81.81
239,90,13.36,-35.354,-81.57
239,90,13.52,-31.512,-77.52
239,90,13.68,-28.43,-75.11
239,90,13.84,-27.368,-74.85
239,90,14,-27.85,-75.7
239,90,14.16,-23.806,-72.03
239,90,14.32,-28.556,-77.51
239,90,14.48,-25.674,-77.5
239,90,14.64,-29.794,-79.25
239,90,14.8,-27.44,-75.45
239,90,14.96,-30.412,-77.54
239,90,15.12,-23.49,-69.92
239,90,15.28,-26.54,-73.09
239,90,15.44,-26.386,-72.7
239,90,15.6,-29.42,-76.05
239,90,15.76,-22.798,-69.99
239,90,15.92,-24.762,-71.94
239,90,16.08,-27.502,-74.96
239,90,16.24,-30.304,-78.43
239,90,16.4,-32.51,-82.32
239,90,16.56,-25.088,-74.02
239,90,16.72,-41.508,-90.99
239,90,16.88,-33.544,-84.01
239,90,17.04,-44.336,-95.59
239,90,17.2,-26.58,-79.01
239,90,17.36,-26.926,-79.57
239,90,17.52,-23.156,-75.69
239,90,17.68,-21.502,-74.58
239,90,17.84,-26.378,-79.29
239,90,18,-34.22,-87.03
240,90,2,-21.73,-43.52
240,90,2.16,-19.638,-43.05
240,90,2.32,-21.976,-47.63
240,90,2.48,-22.014,-49.26
240,90,2.64,-20.778,-49.49
240,90,2.8,-14.19,-41.25
240,90,2.96,-10.388,-38.7
240,90,3.12,-14.096,-42.33
240,90,3.28,-15.442,-45.46
240,90,3.44,-15.362,-44.01
240,90,3.6,-22.3,-49.75
240,90,3.76,-28.424,-57.91
240,90,3.92,-33.362,-60.91
240,90,4.08,-24.292,-51.96
240,90,4.24,-25.246,-54.27
240,90,4.4,-23.59,-53.4
240,90,4.56,-24.226,-54.04
240,90,4.72,-28.504,-58.49
240,90,4.88,-31.23,-61.36
240,90,5.04,-16.86,-46.91
240,90,5.2,-19.55,-50.97
240,90,5.36,-19.6,-50.4
240,90,5.52,-21.838,-52.12
240,90,5.68,-19.83,-51.2
240,90,5.84,-22.422,-53.87
240,90,6,-20.19,-51.73
240,90,6.16,-26.29,-58.33
240,90,6.32,-20.978,-54.47
240,90,6.48,-30.276,-64.36
240,90,6.64,-25.428,-59.82
240,90,6.8,-25.12,-58.62
240,90,6.96,-24.962,-59.29
240,90,7.12,-26.626,-61.22
240,90,7.28,-37.472,-71.85
240,90,7.44,-24.946,-59.28
240,90,7.6,-34.55,-67.95
240,90,7.76,-33.158,-68.38
240,90,7.92,-24.682,-59.31
240,90,8.08,-28.756,-63.56
240,90,8.24,-23.732,-58.84
240,90,8.4,-22.21,-57.59
240,90,8.56,-21.102,-57.38
240,90,8.72,-19.268,-56.57
240,90,8.88,-22.958,-60.1
240,90,9.04,-27.654,-65.44
240,90,9.2,-34.92,-73.78
240,90,9.36,-26.914,-64.98
240,90,9.52,-27.132,-65.51
240,90,9.68,-28.95,-67.84
240,90,9.84,-24.526,-63.64
240,90,10,-23.25,-62.32
240,90,10.16,-25.038,-64.68
240,90,10.32,-23.902,-63.53
240,90,10.48,-25.798,-65.33
240,90,10.64,-24.828,-64.84
240,90,10.8,-32.5,-72.77
240,90,10.96,-27.676,-67.66
240,90,11.12,-28.096,-68.34
240,90,11.28,-30.756,-71.2
240,90,11.44,-27.702,-68.45
240,90,11.6,-23.1,-63.97
240,90,11.76,-31.754,-72.87
240,90,11.92,-26.154,-67.28
240,90,12.08,-29.43,-71.62
240,90,12.24,-28.834,-71.09
240,90,12.4,-30.09,-72.75
240,90,12.56,-40.96,-85.03
240,90,12.72,-26.334,-70.89
240,90,12.88,-36.186,-81.39
240,90,13.04,-25.148,-71.65
240,90,13.2,-37.17,-83.95
240,90,13.36,-23.804,-70.02
240,90,13.52,-35.092,-81.1
240,90,13.68,-27.12,-73.8
240,90,13.84,-26.288,-73.77
240,90,14,-32.51,-80.36
240,90,14.16,-29.126,-77.35
240,90,14.32,-27.396,-76.35
240,90,14.48,-27.274,-79.1
240,90,14.64,-21.934,-71.39
240,90,14.8,-27.33,-75.34
240,90,14.96,-30.932,-78.06
240,90,15.12,-19.9,-66.33
240,90,15.28,-35.05,-81.6
240,90,15.44,-30.306,-76.62
240,90,15.6,-29.05,-75.68
240,90,15.76,-27.388,-74.58
240,90,15.92,-33.302,-80.48
240,90,16.08,-26.392,-73.85
240,90,16.24,-27.484,-75.61
240,90,16.4,-21.24,-71.05
240,90,16.56,-23.878,-72.81
240,90,16.72,-24.128,-73.61
240,90,16.88,-24.484,-74.95
240,90,17.04,-21.456,-72.71
240,90,17.2,-23.07,-75.5
240,90,17.36,-39.586,-92.23
240,90,17.52,-20.986,-73.52
240,90,17.68,-19.512,-72.59
240,90,17.84,-24.148,-77.06
240,90,18,-36.75,-89.56
241,90,2,-23.1,-44.89
241,90,2.16,-20.948,-44.36
241,90,2.32,-23.566,-49.22
241,90,2.48,-22.254,-49.5
241,90,2.64,-21.488,-50.2
241,90,2.8,-13.93,-40.99
241,90,2.96,-10.068,-38.38
241,90,3.12,-13.566,-41.8
241,90,3.28,-15.422,-45.44
241,90,3.44,-16.032,-44.68
241,90,3.6,-25.24,-52.69
241,90,3.76,-26.394,-55.88
241,90,3.92,-29.732,-57.28
241,90,4.08,-24.592,-52.26
241,90,4.24,-22.816,-51.84
241,90,4.4,-21.05,-50.86
241,90,4.56,-23.896,-53.71
241,90,4.72,-27.534,-57.52
241,90,4.88,-27.18,-57.31
241,90,5.04,-16.68,-46.73
241,90,5.2,-19.99,-51.41
241,90,5.36,-19.42,-50.22
241,90,5.52,-22.378,-52.66
241,90,5.68,-19.95,-51.32
241,90,5.84,-21.202,-52.65
241,90,6,-20.34,-51.88
241,90,6.16,-26.46,-58.5
241,90,6.32,-24.888,-58.38
241,90,6.48,-28.256,-62.34
241,90,6.64,-25.218,-59.61
241,90,6.8,-25.41,-58.91
241,90,6.96,-29.382,-63.71
241,90,7.12,-25.366,-59.96
241,90,7.28,-32.112,-66.49
241,90,7.44,-26.536,-60.87
241,90,7.6,-39.44,-72.84
241,90,7.76,-30.618,-65.84
241,90,7.92,-25.062,-59.69
241,90,8.08,-28.676,-63.48
241,90,8.24,-25.492,-60.6
241,90,8.4,-22.1,-57.48
241,90,8.56,-22.152,-58.43
241,90,8.72,-19.948,-57.25
241,90,8.88,-24.028,-61.17
241,90,9.04,-26.714,-64.5
241,90,9.2,-30.86,-69.72
241,90,9.36,-22.414,-60.48
241,90,9.52,-23.642,-62.02
241,90,9.68,-30.78,-69.67
241,90,9.84,-23.546,-62.66
241,90,10,-26.49,-65.56
241,90,10.16,-23.378,-63.02
241,90,10.32,-20.742,-60.37
241,90,10.48,-19.898,-59.43
241,90,10.64,-31.318,-71.33
241,90,10.8,-32.39,-72.66
241,90,10.96,-30.846,-70.83
241,90,11.12,-28.756,-69
241,90,11.28,-24.166,-64.61
241,90,11.44,-32.252,-73
241,90,11.6,-29.75,-70.62
241,90,11.76,-33.584,-74.7
241,90,11.92,-30.324,-71.45
241,90,12.08,-27.29,-69.48
241,90,12.24,-33.944,-76.2
241,90,12.4,-39.07,-81.73
241,90,12.56,-32.65,-76.72
241,90,12.72,-22.404,-66.96
241,90,12.88,-30.726,-75.93
241,90,13.04,-28.898,-75.4
241,90,13.2,-32.98,-79.76
241,90,13.36,-22.814,-69.03
241,90,13.52,-35.672,-81.68
241,90,13.68,-26.44,-73.12
241,90,13.84,-23.048,-70.53
241,90,14,-25.36,-73.21
241,90,14.16,-31.176,-79.4
241,90,14.32,-29.286,-78.24
241,90,14.48,-30.074,-81.9
241,90,14.64,-21.274,-70.73
241,90,14.8,-23.13,-71.14
241,90,14.96,-25.092,-72.22
241,90,15.12,-27.4,-73.83
241,90,15.28,-33.12,-79.67
241,90,15.44,-30.036,-76.35
241,90,15.6,-68.25,-114.88
241,90,15.76,-29.138,-76.33
241,90,15.92,-39.752,-86.93
241,90,16.08,-27.542,-75
241,90,16.24,-28.804,-76.93
241,90,16.4,-30.24,-80.05
241,90,16.56,-28.988,-77.92
241,90,16.72,-28.468,-77.95
241,90,16.88,-23.554,-74.02
241,90,17.04,-26.656,-77.91
241,90,17.2,-24.98,-77.41
241,90,17.36,-29.116,-81.76
241,90,17.52,-18.196,-70.73
241,90,17.68,-25.552,-78.63
241,90,17.84,-19.028,-71.94
241,90,18,-32.26,-85.07
242,90,2,-25.92,-47.71
242,90,2.16,-22.898,-46.31
242,90,2.32,-25.796,-51.45
242,90,2.48,-23.504,-50.75
242,90,2.64,-23.218,-51.93
242,90,2.8,-13.75,-40.81
242,90,2.96,-10.118,-38.43
242,90,3.12,-14.336,-42.57
242,90,3.28,-15.582,-45.6
242,90,3.44,-17.092,-45.74
242,90,3.6,-29.55,-57
242,90,3.76,-22.264,-51.75
242,90,3.92,-27.932,-55.48
242,90,4.08,-24.752,-52.42
242,90,4.24,-20.076,-49.1
242,90,4.4,-19.52,-49.33
242,90,4.56,-22.886,-52.7
242,90,4.72,-29.024,-59.01
242,90,4.88,-23.72,-53.85
242,90,5.04,-16.35,-46.4
242,90,5.2,-21.13,-52.55
242,90,5.36,-19.95,-50.75
242,90,5.52,-23.898,-54.18
242,90,5.68,-20.28,-51.65
242,90,5.84,-20.542,-51.99
242,90,6,-19.61,-51.15
242,90,6.16,-27.98,-60.02
242,90,6.32,-27.148,-60.64
242,90,6.48,-26.536,-60.62
242,90,6.64,-23.078,-57.47
242,90,6.8,-26.43,-59.93
242,90,6.96,-28.422,-62.75
242,90,7.12,-27.106,-61.7
242,90,7.28,-35.652,-70.03
242,90,7.44,-30.966,-65.3
242,90,7.6,-40.09,-73.49
242,90,7.76,-29.758,-64.98
242,90,7.92,-30.762,-65.39
242,90,8.08,-25.716,-60.52
242,90,8.24,-27.412,-62.52
242,90,8.4,-22.41,-57.79
242,90,8.56,-21.462,-57.74
242,90,8.72,-19.538,-56.84
242,90,8.88,-23.078,-60.22
242,90,9.04,-29.604,-67.39
242,90,9.2,-34.54,-73.4
242,90,9.36,-23.874,-61.94
242,90,9.52,-27.322,-65.7
242,90,9.68,-34.73,-73.62
242,90,9.84,-31.826,-70.94
242,90,10,-27.45,-66.52
242,90,10.16,-24.428,-64.07
242,90,10.32,-24.882,-64.51
242,90,10.48,-22.368,-61.9
242,90,10.64,-32.928,-72.94
242,90,10.8,-44.89,-85.16
242,90,10.96,-32.796,-72.78
242,90,11.12,-27.696,-67.94
242,90,11.28,-21.596,-62.04
242,90,11.44,-30.912,-71.66
242,90,11.6,-32.51,-73.38
242,90,11.76,-36.604,-77.72
242,90,11.92,-40.914,-82.04
242,90,12.08,-20.38,-62.57
242,90,12.24,-30.624,-72.88
242,90,12.4,-45.23,-87.89
242,90,12.56,-46.66,-90.73
242,90,12.72,-39.094,-83.65
242,90,12.88,-31.806,-77.01
242,90,13.04,-23.358,-69.86
242,90,13.2,-20.16,-66.94
242,90,13.36,-28.684,-74.9
242,90,13.52,-28.992,-75
242,90,13.68,-32.32,-79
242,90,13.84,-19.328,-66.81
242,90,14,-34.35,-82.2
242,90,14.16,-23.646,-71.87
242,90,14.32,-21.736,-70.69
242,90,14.48,-24.144,-75.97
242,90,14.64,-20.734,-70.19
242,90,14.8,-26.48,-74.49
242,90,14.96,-31.752,-78.88
242,90,15.12,-25.18,-71.61
242,90,15.28,-37.17,-83.72
242,90,15.44,-26.016,-72.33
242,90,15.6,-26.71,-73.34
242,90,15.76,-28.928,-76.12
242,90,15.92,-25.962,-73.14
242,90,16.08,-28.482,-75.94
242,90,16.24,-25.684,-73.81
242,90,16.4,-23.61,-73.42
242,90,16.56,-22.358,-71.29
242,90,16.72,-32.238,-81.72
242,90,16.88,-22.454,-72.92
242,90,17.04,-23.776,-75.03
242,90,17.2,-31.06,-83.49
242,90,17.36,-24.296,-76.94
242,90,17.52,-37.236,-89.77
242,90,17.68,-21.262,-74.34
242,90,17.84,-18.388,-71.3
242,90,18,-19.29,-72.1
243,90,2,-29.15,-50.94
243,90,2.16,-25.558,-48.97
243,90,2.32,-28.376,-54.03
243,90,2.48,-24.334,-51.58
243,90,2.64,-24.298,-53.01
243,90,2.8,-13.82,-40.88
243,90,2.96,-10.128,-38.44
243,90,3.12,-14.416,-42.65
243,90,3.28,-15.962,-45.98
243,90,3.44,-18.422,-47.07
243,90,3.6,-40.48,-67.93
243,90,3.76,-19.884,-49.37
243,90,3.92,-27.712,-55.26
243,90,4.08,-24.532,-52.2
243,90,4.24,-19.036,-48.06
243,90,4.4,-18.33,-48.14
243,90,4.56,-22.276,-52.09
243,90,4.72,-29.724,-59.71
243,90,4.88,-23.02,-53.15
243,90,5.04,-17.08,-47.13
243,90,5.2,-21.97,-53.39
243,90,5.36,-20.68,-51.48
243,90,5.52,-25.298,-55.58
243,90,5.68,-20.73,-52.1
243,90,5.84,-18.862,-50.31
243,90,6,-19.99,-51.53
243,90,6.16,-30.03,-62.07
243,90,6.32,-26.268,-59.76
243,90,6.48,-26.926,-61.01
243,90,6.64,-25.098,-59.49
243,90,6.8,-30.36,-63.86
243,90,6.96,-28.352,-62.68
243,90,7.12,-32.886,-67.48
243,90,7.28,-30.932,-65.31
243,90,7.44,-29.796,-64.13
243,90,7.6,-32.49,-65.89
243,90,7.76,-30.788,-66.01
243,90,7.92,-36.392,-71.02
243,90,8.08,-24.676,-59.48
243,90,8.24,-24.902,-60.01
243,90,8.4,-21.86,-57.24
243,90,8.56,-22.842,-59.12
243,90,8.72,-21.158,-58.46
243,90,8.88,-22.568,-59.71
243,90,9.04,-28.124,-65.91
243,90,9.2,-29.34,-68.2
243,90,9.36,-21.894,-59.96
243,90,9.52,-26.242,-64.62
243,90,9.68,-32.48,-71.37
243,90,9.84,-28.006,-67.12
243,90,10,-24.79,-63.86
243,90,10.16,-24.178,-63.82
243,90,10.32,-26.682,-66.31
243,90,10.48,-22.138,-61.67
243,90,10.64,-33.278,-73.29
243,90,10.8,-28.14,-68.41
243,90,10.96,-41.806,-81.79
243,90,11.12,-26.746,-66.99
243,90,11.28,-23.996,-64.44
243,90,11.44,-53.112,-93.86
243,90,11.6,-29.04,-69.91
243,90,11.76,-36.054,-77.17
243,90,11.92,-32.244,-73.37
243,90,12.08,-23.74,-65.93
243,90,12.24,-33.184,-75.44
243,90,12.4,-32.72,-75.38
243,90,12.56,-32.2,-76.27
243,90,12.72,-28.314,-72.87
243,90,12.88,-31.056,-76.26
243,90,13.04,-30.648,-77.15
243,90,13.2,-21.89,-68.67
243,90,13.36,-28.964,-75.18
243,90,13.52,-37.992,-84
243,90,13.68,-41.7,-88.38
243,90,13.84,-26.028,-73.51
243,90,14,-23.13,-70.98
243,90,14.16,-26.326,-74.55
243,90,14.32,-32.586,-81.54
243,90,14.48,-29.304,-81.13
243,90,14.64,-23.654,-73.11
243,90,14.8,-25.87,-73.88
243,90,14.96,-24.432,-71.56
243,90,15.12,-29.48,-75.91
243,90,15.28,-25.23,-71.78
243,90,15.44,-31.356,-77.67
243,90,15.6,-24.33,-70.96
243,90,15.76,-26.408,-73.6
243,90,15.92,-26.012,-73.19
243,90,16.08,-33.052,-80.51
243,90,16.24,-23.504,-71.63
243,90,16.4,-23.66,-73.47
243,90,16.56,-28.068,-77
243,90,16.72,-35.688,-85.17
243,90,16.88,-27.094,-77.56
243,90,17.04,-30.436,-81.69
243,90,17.2,-34.43,-86.86
243,90,17.36,-30.376,-83.02
243,90,17.52,-27.386,-79.92
243,90,17.68,-30.862,-83.94
243,90,17.84,-19.198,-72.11
243,90,18,-41.95,-94.76
244,90,2,-33.45,-55.24
244,90,2.16,-29.658,-53.07
244,90,2.32,-32.866,-58.52
244,90,2.48,-26.234,-53.48
244,90,2.64,-25.028,-53.74
244,90,2.8,-13.83,-40.89
244,90,2.96,-10.318,-38.63
244,90,3.12,-14.656,-42.89
244,90,3.28,-16.212,-46.23
244,90,3.44,-20.452,-49.1
244,90,3.6,-32.68,-60.13
244,90,3.76,-18.554,-48.04
244,90,3.92,-26.642,-54.19
244,90,4.08,-25.272,-52.94
244,90,4.24,-17.916,-46.94
244,90,4.4,-18.43,-48.24
244,90,4.56,-23.136,-52.95
244,90,4.72,-28.354,-58.34
244,90,4.88,-22.63,-52.76
244,90,5.04,-17.87,-47.92
244,90,5.2,-25.62,-57.04
244,90,5.36,-22.23,-53.03
244,90,5.52,-27.408,-57.69
244,90,5.68,-20.85,-52.22
244,90,5.84,-18.702,-50.15
244,90,6,-21.94,-53.48
244,90,6.16,-39.27,-71.31
244,90,6.32,-27.428,-60.92
244,90,6.48,-28.406,-62.49
244,90,6.64,-24.968,-59.36
244,90,6.8,-32.84,-66.34
244,90,6.96,-30.442,-64.77
244,90,7.12,-38.636,-73.23
244,90,7.28,-32.742,-67.12
244,90,7.44,-29.056,-63.39
244,90,7.6,-32.94,-66.34
244,90,7.76,-29.018,-64.24
244,90,7.92,-36.322,-70.95
244,90,8.08,-24.926,-59.73
244,90,8.24,-26.672,-61.78
244,90,8.4,-21.37,-56.75
244,90,8.56,-22.142,-58.42
244,90,8.72,-20.278,-57.58
244,90,8.88,-26.338,-63.48
244,90,9.04,-30.594,-68.38
244,90,9.2,-21.54,-60.4
244,90,9.36,-22.774,-60.84
244,90,9.52,-23.462,-61.84
244,90,9.68,-26.67,-65.56
244,90,9.84,-42.126,-81.24
244,90,10,-27.46,-66.53
244,90,10.16,-22.578,-62.22
244,90,10.32,-22.392,-62.02
244,90,10.48,-22.808,-62.34
244,90,10.64,-26.508,-66.52
244,90,10.8,-33,-73.27
244,90,10.96,-32.816,-72.8
244,90,11.12,-24.796,-65.04
244,90,11.28,-26.476,-66.92
244,90,11.44,-45.082,-85.83
244,90,11.6,-30,-70.87
244,90,11.76,-29.324,-70.44
244,90,11.92,-23.134,-64.26
244,90,12.08,-33.53,-75.72
244,90,12.24,-30.324,-72.58
244,90,12.4,-24.58,-67.24
244,90,12.56,-35.33,-79.4
244,90,12.72,-27.394,-71.95
244,90,12.88,-33.336,-78.54
244,90,13.04,-26.068,-72.57
244,90,13.2,-20.79,-67.57
244,90,13.36,-26.014,-72.23
244,90,13.52,-28.172,-74.18
244,90,13.68,-27.2,-73.88
244,90,13.84,-24.038,-71.52
244,90,14,-29.91,-77.76
244,90,14.16,-22.756,-70.98
244,90,14.32,-25.976,-74.93
244,90,14.48,-26.214,-78.04
244,90,14.64,-20.004,-69.46
244,90,14.8,-23.65,-71.66
244,90,14.96,-32.212,-79.34
244,90,15.12,-28.59,-75.02
244,90,15.28,-32.62,-79.17
244,90,15.44,-34.036,-80.35
244,90,15.6,-22.56,-69.19
244,90,15.76,-35.688,-82.88
244,90,15.92,-22.272,-69.45
244,90,16.08,-28.292,-75.75
244,90,16.24,-25.214,-73.34
244,90,16.4,-25.61,-75.42
244,90,16.56,-29.528,-78.46
244,90,16.72,-26.598,-76.08
244,90,16.88,-30.314,-80.78
244,90,17.04,-29.586,-80.84
244,90,17.2,-18.3,-70.73
244,90,17.36,-22.486,-75.13
244,90,17.52,-36.726,-89.26
244,90,17.68,-21.682,-74.76
244,90,17.84,-15.968,-68.88
244,90,18,-32.21,-85.02
245,90,2,-37.53,-59.32
245,90,2.16,-31.598,-55.01
245,90,2.32,-35.576,-61.23
245,90,2.48,-26.784,-54.03
245,90,2.64,-25.758,-54.47
245,90,2.8,-13.9,-40.96
245,90,2.96,-10.418,-38.73
245,90,3.12,-14.626,-42.86
245,90,3.28,-17.122,-47.14
245,90,3.44,-24.132,-52.78
245,90,3.6,-27.44,-54.89
245,90,3.76,-18.824,-48.31
245,90,3.92,-26.082,-53.63
245,90,4.08,-24.782,-52.45
245,90,4.24,-17.766,-46.79
245,90,4.4,-18.58,-48.39
245,90,4.56,-23.136,-52.95
245,90,4.72,-29.344,-59.33
245,90,4.88,-23.71,-53.84
245,90,5.04,-18.99,-49.04
245,90,5.2,-26.4,-57.82
245,90,5.36,-24.11,-54.91
245,90,5.52,-30.108,-60.39
245,90,5.68,-20.72,-52.09
245,90,5.84,-19.442,-50.89
245,90,6,-22.99,-54.53
245,90,6.16,-36.21,-68.25
245,90,6.32,-28.508,-62
245,90,6.48,-25.226,-59.31
245,90,6.64,-23.708,-58.1
245,90,6.8,-29.79,-63.29
245,90,6.96,-30.692,-65.02
245,90,7.12,-37.246,-71.84
245,90,7.28,-31.662,-66.04
245,90,7.44,-32.996,-67.33
245,90,7.6,-29.33,-62.73
245,90,7.76,-31.958,-67.18
245,90,7.92,-30.422,-65.05
245,90,8.08,-21.636,-56.44
245,90,8.24,-26.982,-62.09
245,90,8.4,-22.39,-57.77
245,90,8.56,-22.382,-58.66
245,90,8.72,-21.248,-58.55
245,90,8.88,-27.908,-65.05
245,90,9.04,-29.004,-66.79
245,90,9.2,-19.45,-58.31
245,90,9.36,-22.114,-60.18
245,90,9.52,-21.702,-60.08
245,90,9.68,-23.05,-61.94
245,90,9.84,-28.446,-67.56
245,90,10,-24.08,-63.15
245,90,10.16,-25.758,-65.4
245,90,10.32,-23.512,-63.14
245,90,10.48,-30.428,-69.96
245,90,10.64,-26.288,-66.3
245,90,10.8,-26.5,-66.77
245,90,10.96,-35.066,-75.05
245,90,11.12,-23.276,-63.52
245,90,11.28,-31.706,-72.15
245,90,11.44,-40.732,-81.48
245,90,11.6,-34.98,-75.85
245,90,11.76,-25.634,-66.75
245,90,11.92,-23.894,-65.02
245,90,12.08,-40.93,-83.12
245,90,12.24,-32.664,-74.92
245,90,12.4,-24.24,-66.9
245,90,12.56,-26.02,-70.09
245,90,12.72,-25.624,-70.18
245,90,12.88,-26.296,-71.5
245,90,13.04,-38.518,-85.02
245,90,13.2,-22.16,-68.94
245,90,13.36,-36.614,-82.83
245,90,13.52,-28.162,-74.17
245,90,13.68,-31.61,-78.29
245,90,13.84,-31.208,-78.69
245,90,14,-29.17,-77.02
245,90,14.16,-21.856,-70.08
245,90,14.32,-21.966,-70.92
245,90,14.48,-23.324,-75.15
245,90,14.64,-19.654,-69.11
245,90,14.8,-33.67,-81.68
245,90,14.96,-33.352,-80.48
245,90,15.12,-31.55,-77.98
245,90,15.28,-30.33,-76.88
245,90,15.44,-24.866,-71.18
245,90,15.6,-26.42,-73.05
245,90,15.76,-28.798,-75.99
245,90,15.92,-36.442,-83.62
245,90,16.08,-32.332,-79.79
245,90,16.24,-24.294,-72.42
245,90,16.4,-32.13,-81.94
245,90,16.56,-21.588,-70.52
245,90,16.72,-21.878,-71.36
245,90,16.88,-30.764,-81.23
245,90,17.04,-29.866,-81.12
245,90,17.2,-25.24,-77.67
245,90,17.36,-26.066,-78.71
245,90,17.52,-19.836,-72.37
245,90,17.68,-28.552,-81.63
245,90,17.84,-25.218,-78.13
245,90,18,-33.26,-86.07
246,90,2,-33.71,-55.5
246,90,2.16,-28.748,-52.16
246,90,2.32,-34.916,-60.57
246,90,2.48,-27.554,-54.8
246,90,2.64,-25.988,-54.7
246,90,2.8,-14.26,-41.32
246,90,2.96,-10.648,-38.96
246,90,3.12,-15.116,-43.35
246,90,3.28,-18.102,-48.12
246,90,3.44,-26.012,-54.66
246,90,3.6,-23.03,-50.48
246,90,3.76,-18.324,-47.81
246,90,3.92,-26.612,-54.16
246,90,4.08,-23.402,-51.07
246,90,4.24,-17.536,-46.56
246,90,4.4,-19.44,-49.25
246,90,4.56,-23.866,-53.68
246,90,4.72,-29.044,-59.03
246,90,4.88,-24.83,-54.96
246,90,5.04,-20.23,-50.28
246,90,5.2,-25.11,-56.53
246,90,5.36,-26.48,-57.28
246,90,5.52,-29.428,-59.71
246,90,5.68,-21.08,-52.45
246,90,5.84,-20.622,-52.07
246,90,6,-26.38,-57.92
246,90,6.16,-30.79,-62.83
246,90,6.32,-30.028,-63.52
246,90,6.48,-24.866,-58.95
246,90,6.64,-25.608,-60
246,90,6.8,-31.05,-64.55
246,90,6.96,-35.152,-69.48
246,90,7.12,-33.436,-68.03
246,90,7.28,-33.352,-67.73
246,90,7.44,-37.696,-72.03
246,90,7.6,-31.24,-64.64
246,90,7.76,-29.848,-65.07
246,90,7.92,-22.592,-57.22
246,90,8.08,-23.076,-57.88
246,90,8.24,-28.202,-63.31
246,90,8.4,-24.12,-59.5
246,90,8.56,-22.462,-58.74
246,90,8.72,-24.508,-61.81
246,90,8.88,-31.588,-68.73
246,90,9.04,-28.074,-65.86
246,90,9.2,-18.22,-57.08
246,90,9.36,-21.734,-59.8
246,90,9.52,-19.502,-57.88
246,90,9.68,-26.32,-65.21
246,90,9.84,-28.506,-67.62
246,90,10,-22.37,-61.44
246,90,10.16,-26.378,-66.02
246,90,10.32,-27.102,-66.73
246,90,10.48,-42.288,-81.82
246,90,10.64,-26.878,-66.89
246,90,10.8,-28.11,-68.38
246,90,10.96,-26.696,-66.68
246,90,11.12,-26.306,-66.55
246,90,11.28,-27.586,-68.03
246,90,11.44,-31.652,-72.4
246,90,11.6,-29.23,-70.1
246,90,11.76,-22.074,-63.19
246,90,11.92,-25.014,-66.14
246,90,12.08,-30.34,-72.53
246,90,12.24,-38.964,-81.22
246,90,12.4,-33.16,-75.82
246,90,12.56,-27.67,-71.74
246,90,12.72,-26.484,-71.04
246,90,12.88,-24.856,-70.06
246,90,13.04,-25.288,-71.79
246,90,13.2,-27.52,-74.3
246,90,13.36,-27.094,-73.31
246,90,13.52,-27.382,-73.39
246,90,13.68,-25.24,-71.92
246,90,13.84,-24.348,-71.83
246,90,14,-28.25,-76.1
246,90,14.16,-19.176,-67.4
246,90,14.32,-28.796,-77.75
246,90,14.48,-30.724,-82.55
246,90,14.64,-21.544,-71
246,90,14.8,-24.45,-72.46
246,90,14.96,-30.372,-77.5
246,90,15.12,-37.91,-84.34
246,90,15.28,-26.24,-72.79
246,90,15.44,-26.746,-73.06
246,90,15.6,-28.25,-74.88
246,90,15.76,-28.948,-76.14
246,90,15.92,-31.472,-78.65
246,90,16.08,-29.272,-76.73
246,90,16.24,-27.334,-75.46
246,90,16.4,-25.91,-75.72
246,90,16.56,-24.448,-73.38
246,90,16.72,-33.278,-82.76
246,90,16.88,-26.444,-76.91
246,90,17.04,-24.016,-75.27
246,90,17.2,-25.62,-78.05
246,90,17.36,-29.086,-81.73
246,90,17.52,-26.136,-78.67
246,90,17.68,-23.392,-76.47
246,90,17.84,-37.258,-90.17
246,90,18,-21.89,-74.7
247,90,2,-28.73,-50.52
247,90,2.16,-24.588,-48
247,90,2.32,-31.006,-56.66
247,90,2.48,-29.564,-56.81
247,90,2.64,-26.308,-55.02
247,90,2.8,-14.4,-41.46
247,90,2.96,-10.888,-39.2
247,90,3.12,-15.386,-43.62
247,90,3.28,-20.152,-50.17
247,90,3.44,-25.262,-53.91
247,90,3.6,-20.97,-48.42
247,90,3.76,-18.604,-48.09
247,90,3.92,-25.852,-53.4
247,90,4.08,-23.012,-50.68
247,90,4.24,-17.936,-46.96
247,90,4.4,-20.5,-50.31
247,90,4.56,-25.206,-55.02
247,90,4.72,-30.974,-60.96
247,90,4.88,-24.99,-55.12
247,90,5.04,-21.98,-52.03
247,90,5.2,-25.16,-56.58
247,90,5.36,-29.02,-59.82
247,90,5.52,-29.728,-60.01
247,90,5.68,-22.37,-53.74
247,90,5.84,-22.082,-53.53
247,90,6,-29.37,-60.91
247,90,6.16,-27.74,-59.78
247,90,6.32,-30.008,-63.5
247,90,6.48,-24.876,-58.96
247,90,6.64,-25.808,-60.2
247,90,6.8,-28.66,-62.16
247,90,6.96,-45.192,-79.52
247,90,7.12,-36.156,-70.75
247,90,7.28,-36.272,-70.65
247,90,7.44,-35.446,-69.78
247,90,7.6,-28.26,-61.66
247,90,7.76,-23.498,-58.72
247,90,7.92,-19.692,-54.32
247,90,8.08,-22.706,-57.51
247,90,8.24,-26.942,-62.05
247,90,8.4,-22.25,-57.63
247,90,8.56,-22.922,-59.2
247,90,8.72,-28.178,-65.48
247,90,8.88,-28.568,-65.71
247,90,9.04,-25.194,-62.98
247,90,9.2,-17.44,-56.3
247,90,9.36,-22.074,-60.14
247,90,9.52,-21.282,-59.66
247,90,9.68,-22.81,-61.7
247,90,9.84,-26.456,-65.57
247,90,10,-23.54,-62.61
247,90,10.16,-28.528,-68.17
247,90,10.32,-26.722,-66.35
247,90,10.48,-42.628,-82.16
247,90,10.64,-30.698,-70.71
247,90,10.8,-22.1,-62.37
247,90,10.96,-24.226,-64.21
247,90,11.12,-26.536,-66.78
247,90,11.28,-26.496,-66.94
247,90,11.44,-31.122,-71.87
247,90,11.6,-27.05,-67.92
247,90,11.76,-31.354,-72.47
247,90,11.92,-32.794,-73.92
247,90,12.08,-33.1,-75.29
247,90,12.24,-33.364,-75.62
247,90,12.4,-31.85,-74.51
247,90,12.56,-26.55,-70.62
247,90,12.72,-29.134,-73.69
247,90,12.88,-24.966,-70.17
247,90,13.04,-28.678,-75.18
247,90,13.2,-27.72,-74.5
247,90,13.36,-34.294,-80.51
247,90,13.52,-29.392,-75.4
247,90,13.68,-21.1,-67.78
247,90,13.84,-22.798,-70.28
247,90,14,-33.95,-81.8
247,90,14.16,-23.356,-71.58
247,90,14.32,-26.516,-75.47
247,90,14.48,-34.174,-86
247,90,14.64,-25.824,-75.28
247,90,14.8,-23.23,-71.24
247,90,14.96,-40.982,-88.11
247,90,15.12,-34.17,-80.6
247,90,15.28,-28.72,-75.27
247,90,15.44,-40.836,-87.15
247,90,15.6,-35.22,-81.85
247,90,15.76,-24.818,-72.01
247,90,15.92,-22.572,-69.75
247,90,16.08,-31.812,-79.27
247,90,16.24,-21.744,-69.87
247,90,16.4,-24.58,-74.39
247,90,16.56,-32.408,-81.34
247,90,16.72,-33.338,-82.82
247,90,16.88,-30.684,-81.15
247,90,17.04,-23.456,-74.71
247,90,17.2,-21.41,-73.84
247,90,17.36,-23.166,-75.81
247,90,17.52,-18.716,-71.25
247,90,17.68,-20.202,-73.28
247,90,17.84,-16.568,-69.48
247,90,18,-26.01,-78.82
248,90,2,-25.8,-47.59
248,90,2.16,-21.878,-45.29
248,90,2.32,-28.136,-53.79
248,90,2.48,-28.254,-55.5
248,90,2.64,-25.478,-54.19
248,90,2.8,-14.71,-41.77
248,90,2.96,-11.028,-39.34
248,90,3.12,-15.676,-43.91
248,90,3.28,-24.002,-54.02
248,90,3.44,-22.252,-50.9
248,90,3.6,-19.46,-46.91
248,90,3.76,-19.814,-49.3
248,90,3.92,-26.172,-53.72
248,90,4.08,-22.092,-49.76
248,90,4.24,-18.286,-47.31
248,90,4.4,-20.61,-50.42
248,90,4.56,-24.796,-54.61
248,90,4.72,-32.564,-62.55
248,90,4.88,-25.92,-56.05
248,90,5.04,-23.11,-53.16
248,90,5.2,-24.63,-56.05
248,90,5.36,-30.86,-61.66
248,90,5.52,-26.508,-56.79
248,90,5.68,-23.13,-54.5
248,90,5.84,-23.022,-54.47
248,90,6,-26.87,-58.41
248,90,6.16,-27.58,-59.62
248,90,6.32,-26.028,-59.52
248,90,6.48,-24.536,-58.62
248,90,6.64,-28.138,-62.53
248,90,6.8,-33.17,-66.67
248,90,6.96,-35.222,-69.55
248,90,7.12,-32.496,-67.09
248,90,7.28,-33.432,-67.81
248,90,7.44,-30.316,-64.65
248,90,7.6,-23.68,-57.08
248,90,7.76,-19.628,-54.85
248,90,7.92,-19.172,-53.8
248,90,8.08,-22.396,-57.2
248,90,8.24,-23.962,-59.07
248,90,8.4,-21.05,-56.43
248,90,8.56,-25.602,-61.88
248,90,8.72,-36.268,-73.57
248,90,8.88,-34.258,-71.4
248,90,9.04,-24.964,-62.75
248,90,9.2,-18.44,-57.3
248,90,9.36,-22.214,-60.28
248,90,9.52,-22.672,-61.05
248,90,9.68,-25.74,-64.63
248,90,9.84,-20.246,-59.36
248,90,10,-19.36,-58.43
248,90,10.16,-31.338,-70.98
248,90,10.32,-26.372,-66
248,90,10.48,-31.298,-70.83
248,90,10.64,-27.858,-67.87
248,90,10.8,-24.22,-64.49
248,90,10.96,-22.846,-62.83
248,90,11.12,-30.256,-70.5
248,90,11.28,-23.466,-63.91
248,90,11.44,-29.982,-70.73
248,90,11.6,-28.16,-69.03
248,90,11.76,-26.514,-67.63
248,90,11.92,-40.424,-81.55
248,90,12.08,-31.08,-73.27
248,90,12.24,-31.844,-74.1
248,90,12.4,-34.21,-76.87
248,90,12.56,-27.68,-71.75
248,90,12.72,-32.904,-77.46
248,90,12.88,-23.936,-69.14
248,90,13.04,-24.618,-71.12
248,90,13.2,-28.83,-75.61
248,90,13.36,-23.234,-69.45
248,90,13.52,-26.082,-72.09
248,90,13.68,-26.68,-73.36
248,90,13.84,-33.778,-81.26
248,90,14,-36.55,-84.4
248,90,14.16,-35.556,-83.78
248,90,14.32,-20.796,-69.75
248,90,14.48,-26.814,-78.64
248,90,14.64,-19.154,-68.61
248,90,14.8,-23.63,-71.64
248,90,14.96,-36.352,-83.48
248,90,15.12,-27.96,-74.39
248,90,15.28,-27.36,-73.91
248,90,15.44,-31.096,-77.41
248,90,15.6,-47.88,-94.51
248,90,15.76,-24.628,-71.82
248,90,15.92,-25.672,-72.85
248,90,16.08,-31.132,-78.59
248,90,16.24,-30.694,-78.82
248,90,16.4,-28.23,-78.04
248,90,16.56,-22.248,-71.18
248,90,16.72,-34.358,-83.84
248,90,16.88,-31.814,-82.28
248,90,17.04,-21.706,-72.96
248,90,17.2,-28.75,-81.18
248,90,17.36,-29.686,-82.33
248,90,17.52,-22.796,-75.33
248,90,17.68,-17.752,-70.83
248,90,17.84,-23.978,-76.89
248,90,18,-20.04,-72.85
249,90,2,-23.34,-45.13
249,90,2.16,-20.148,-43.56
249,90,2.32,-26.236,-51.89
249,90,2.48,-28.874,-56.12
249,90,2.64,-26.218,-54.93
249,90,2.8,-15.48,-42.54
249,90,2.96,-11.178,-39.49
249,90,3.12,-16.746,-44.98
249,90,3.28,-28.922,-58.94
249,90,3.44,-19.942,-48.59
249,90,3.6,-18.65,-46.1
249,90,3.76,-21.374,-50.86
249,90,3.92,-27.692,-55.24
249,90,4.08,-21.832,-49.5
249,90,4.24,-19.196,-48.22
249,90,4.4,-21.18,-50.99
249,90,4.56,-26.096,-55.91
249,90,4.72,-31.664,-61.65
249,90,4.88,-26.75,-56.88
249,90,5.04,-24.91,-54.96
249,90,5.2,-23.36,-54.78
249,90,5.36,-32.73,-63.53
249,90,5.52,-25.148,-55.43
249,90,5.68,-24.96,-56.33
249,90,5.84,-24.892,-56.34
249,90,6,-25.97,-57.51
249,90,6.16,-31.21,-63.25
249,90,6.32,-24.258,-57.75
249,90,6.48,-25.396,-59.48
249,90,6.64,-31.768,-66.16
249,90,6.8,-36.99,-70.49
249,90,6.96,-26.892,-61.22
249,90,7.12,-24.996,-59.59
249,90,7.28,-27.072,-61.45
249,90,7.44,-27.566,-61.9
249,90,7.6,-23.3,-56.7
249,90,7.76,-19.488,-54.71
249,90,7.92,-17.872,-52.5
249,90,8.08,-21.516,-56.32
249,90,8.24,-21.612,-56.72
249,90,8.4,-19.15,-54.53
249,90,8.56,-24.592,-60.87
249,90,8.72,-37.928,-75.23
249,90,8.88,-29.968,-67.11
249,90,9.04,-23.854,-61.64
249,90,9.2,-19.79,-58.65
249,90,9.36,-24.294,-62.36
249,90,9.52,-27.892,-66.27
249,90,9.68,-30.57,-69.46
249,90,9.84,-19.136,-58.25
249,90,10,-21.25,-60.32
249,90,10.16,-32.568,-72.21
249,90,10.32,-24.172,-63.8
249,90,10.48,-34.828,-74.36
249,90,10.64,-25.438,-65.45
249,90,10.8,-26.4,-66.67
249,90,10.96,-22.096,-62.08
249,90,11.12,-26.856,-67.1
249,90,11.28,-25.026,-65.47
249,90,11.44,-32.102,-72.85
249,90,11.6,-24.76,-65.63
249,90,11.76,-24.404,-65.52
249,90,11.92,-33.194,-74.32
249,90,12.08,-45.76,-87.95
249,90,12.24,-38.034,-80.29
249,90,12.4,-25,-67.66
249,90,12.56,-28.7,-72.77
249,90,12.72,-24.694,-69.25
249,90,12.88,-26.736,-71.94
249,90,13.04,-27.818,-74.32
249,90,13.2,-33.8,-80.58
249,90,13.36,-26.064,-72.28
249,90,13.52,-31.152,-77.16
249,90,13.68,-38.98,-85.66
249,90,13.84,-27.608,-75.09
249,90,14,-28.54,-76.39
249,90,14.16,-27.196,-75.42
249,90,14.32,-24.896,-73.85
249,90,14.48,-23.604,-75.43
249,90,14.64,-27.464,-76.92
249,90,14.8,-26.93,-74.94
249,90,14.96,-29.062,-76.19
249,90,15.12,-28.26,-74.69
249,90,15.28,-35.65,-82.2
249,90,15.44,-23.766,-70.08
249,90,15.6,-30.1,-76.73
249,90,15.76,-24.558,-71.75
249,90,15.92,-23.062,-70.24
249,90,16.08,-27.012,-74.47
249,90,16.24,-22.734,-70.86
249,90,16.4,-27.87,-77.68
249,90,16.56,-21.858,-70.79
249,90,16.72,-23.638,-73.12
249,90,16.88,-26.904,-77.37
249,90,17.04,-19.526,-70.78
249,90,17.2,-29.46,-81.89
249,90,17.36,-23.646,-76.29
249,90,17.52,-17.266,-69.8
249,90,17.68,-22.092,-75.17
249,90,17.84,-22.918,-75.83
249,90,18,-18.54,-71.35
250,90,2,-21.09,-42.88
250,90,2.16,-18.888,-42.3
250,90,2.32,-25.446,-51.1
250,90,2.48,-28.544,-55.79
250,90,2.64,-25.388,-54.1
250,90,2.8,-15.67,-42.73
250,90,2.96,-11.148,-39.46
250,90,3.12,-17.756,-45.99
250,90,3.28,-33.492,-63.51
250,90,3.44,-18.292,-46.94
250,90,3.6,-18.43,-45.88
250,90,3.76,-22.834,-52.32
250,90,3.92,-27.562,-55.11
250,90,4.08,-21.052,-48.72
250,90,4.24,-20.146,-49.17
250,90,4.4,-22.37,-52.18
250,90,4.56,-25.466,-55.28
250,90,4.72,-30.534,-60.52
250,90,4.88,-27.16,-57.29
250,90,5.04,-28.33,-58.38
250,90,5.2,-23.29,-54.71
250,90,5.36,-32.48,-63.28
250,90,5.52,-23.668,-53.95
250,90,5.68,-25.59,-56.96
250,90,5.84,-27.092,-58.54
250,90,6,-23.66,-55.2
250,90,6.16,-27.06,-59.1
250,90,6.32,-23.188,-56.68
250,90,6.48,-28.676,-62.76
250,90,6.64,-34.158,-68.55
250,90,6.8,-39.55,-73.05
250,90,6.96,-24.312,-58.64
250,90,7.12,-24.046,-58.64
250,90,7.28,-31.142,-65.52
250,90,7.44,-25.956,-60.29
250,90,7.6,-24.46,-57.86
250,90,7.76,-20.518,-55.74
250,90,7.92,-18.432,-53.06
250,90,8.08,-19.506,-54.31
250,90,8.24,-20.792,-55.9
250,90,8.4,-20.25,-55.63
250,90,8.56,-26.932,-63.21
250,90,8.72,-28.628,-65.93
250,90,8.88,-23.668,-60.81
250,90,9.04,-22.594,-60.38
250,90,9.2,-22.58,-61.44
250,90,9.36,-29.794,-67.86
250,90,9.52,-32.322,-70.7
250,90,9.68,-25.83,-64.72
250,90,9.84,-18.696,-57.81
250,90,10,-20.02,-59.09
250,90,10.16,-35.228,-74.87
250,90,10.32,-27.062,-66.69
250,90,10.48,-29.368,-68.9
250,90,10.64,-28.268,-68.28
250,90,10.8,-29.38,-69.65
250,90,10.96,-28.016,-68
250,90,11.12,-28.446,-68.69
250,90,11.28,-30.936,-71.38
250,90,11.44,-27.722,-68.47
250,90,11.6,-25.57,-66.44
250,90,11.76,-24.434,-65.55
250,90,11.92,-34.744,-75.87
250,90,12.08,-31.68,-73.87
250,90,12.24,-38.714,-80.97
250,90,12.4,-27.32,-69.98
250,90,12.56,-30.07,-74.14
250,90,12.72,-22.214,-66.77
250,90,12.88,-35.626,-80.83
250,90,13.04,-26.338,-72.84
250,90,13.2,-28.59,-75.37
250,90,13.36,-24.484,-70.7
250,90,13.52,-32.922,-78.93
250,90,13.68,-25.93,-72.61
250,90,13.84,-22.098,-69.58
250,90,14,-31.72,-79.57
250,90,14.16,-32.946,-81.17
250,90,14.32,-22.786,-71.74
250,90,14.48,-21.594,-73.42
250,90,14.64,-35.374,-84.83
250,90,14.8,-23.46,-71.47
250,90,14.96,-27.782,-74.91
250,90,15.12,-36.36,-82.79
250,90,15.28,-30.69,-77.24
250,90,15.44,-28.116,-74.43
250,90,15.6,-28.99,-75.62
250,90,15.76,-31.918,-79.11
250,90,15.92,-25.962,-73.14
250,90,16.08,-39.612,-87.07
250,90,16.24,-27.814,-75.94
250,90,16.4,-29.98,-79.79
250,90,16.56,-24.418,-73.35
250,90,16.72,-18.898,-68.38
250,90,16.88,-33.534,-84
250,90,17.04,-29.926,-81.18
250,90,17.2,-35.98,-88.41
250,90,17.36,-28.606,-81.25
250,90,17.52,-21.766,-74.3
250,90,17.68,-24.092,-77.17
250,90,17.84,-33.848,-86.76
250,90,18,-20.86,-73.67
251,90,2,-19.93,-41.72
251,90,2.16,-17.948,-41.36
251,90,2.32,-24.956,-50.61
251,90,2.48,-27.294,-54.54
251,90,2.64,-26.258,-54.97
251,90,2.8,-16.17,-43.23
251,90,2.96,-11.498,-39.81
251,90,3.12,-19.106,-47.34
251,90,3.28,-27.762,-57.78
251,90,3.44,-16.582,-45.23
251,90,3.6,-18.67,-46.12
251,90,3.76,-25.134,-54.62
251,90,3.92,-26.732,-54.28
251,90,4.08,-20.682,-48.35
251,90,4.24,-21.526,-50.55
251,90,4.4,-23.86,-53.67
251,90,4.56,-24.526,-54.34
251,90,4.72,-27.234,-57.22
251,90,4.88,-26.6,-56.73
251,90,5.04,-32.77,-62.82
251,90,5.2,-22.96,-54.38
251,90,5.36,-32.7,-63.5
251,90,5.52,-23.678,-53.96
251,90,5.68,-26.23,-57.6
251,90,5.84,-24.372,-55.82
251,90,6,-21.29,-52.83
251,90,6.16,-22.6,-54.64
251,90,6.32,-24.058,-57.55
251,90,6.48,-36.516,-70.6
251,90,6.64,-32.028,-66.42
251,90,6.8,-40.48,-73.98
251,90,6.96,-26.432,-60.76
251,90,7.12,-24.946,-59.54
251,90,7.28,-29.132,-63.51
251,90,7.44,-28.536,-62.87
251,90,7.6,-24.46,-57.86
251,90,7.76,-22.068,-57.29
251,90,7.92,-18.602,-53.23
251,90,8.08,-19.636,-54.44
251,90,8.24,-18.782,-53.89
251,90,8.4,-20.84,-56.22
251,90,8.56,-29.132,-65.41
251,90,8.72,-25.108,-62.41
251,90,8.88,-22.268,-59.41
251,90,9.04,-22.554,-60.34
251,90,9.2,-25.06,-63.92
251,90,9.36,-46.804,-84.87
251,90,9.52,-30.412,-68.79
251,90,9.68,-23.27,-62.16
251,90,9.84,-20.236,-59.35
251,90,10,-24.79,-63.86
251,90,10.16,-26.968,-66.61
251,90,10.32,-28.322,-67.95
251,90,10.48,-25.188,-64.72
251,90,10.64,-31.268,-71.28
251,90,10.8,-23.34,-63.61
251,90,10.96,-29.186,-69.17
251,90,11.12,-25.796,-66.04
251,90,11.28,-26.536,-66.98
251,90,11.44,-30.432,-71.18
251,90,11.6,-33.09,-73.96
251,90,11.76,-24.314,-65.43
251,90,11.92,-32.194,-73.32
251,90,12.08,-28.82,-71.01
251,90,12.24,-52.744,-95
251,90,12.4,-30.6,-73.26
251,90,12.56,-27.41,-71.48
251,90,12.72,-34.074,-78.63
251,90,12.88,-28.696,-73.9
251,90,13.04,-22.528,-69.03
251,90,13.2,-24.02,-70.8
251,90,13.36,-20.034,-66.25
251,90,13.52,-36.112,-82.12
251,90,13.68,-35.53,-82.21
251,90,13.84,-25.008,-72.49
251,90,14,-22.73,-70.58
251,90,14.16,-35.376,-83.6
251,90,14.32,-28.016,-76.97
251,90,14.48,-28.734,-80.56
251,90,14.64,-22.454,-71.91
251,90,14.8,-24.21,-72.22
251,90,14.96,-28.762,-75.89
251,90,15.12,-31.65,-78.08
251,90,15.28,-41.84,-88.39
251,90,15.44,-51.346,-97.66
251,90,15.6,-40.68,-87.31
251,90,15.76,-34.418,-81.61
251,90,15.92,-34.002,-81.18
251,90,16.08,-31.712,-79.17
251,90,16.24,-25.574,-73.7
251,90,16.4,-42.82,-92.63
251,90,16.56,-22.628,-71.56
251,90,16.72,-34.168,-83.65
251,90,16.88,-21.554,-72.02
251,90,17.04,-23.536,-74.79
251,90,17.2,-22.59,-75.02
251,90,17.36,-17.636,-70.28
251,90,17.52,-18.986,-71.52
251,90,17.68,-21.812,-74.89
251,90,17.84,-20.948,-73.86
251,90,18,-23.24,-76.05
252,90,2,-18.59,-40.38
252,90,2.16,-17.098,-40.51
252,90,2.32,-25.036,-50.69
252,90,2.48,-25.854,-53.1
252,90,2.64,-24.958,-53.67
252,90,2.8,-16.59,-43.65
252,90,2.96,-11.698,-40.01
252,90,3.12,-20.246,-48.48
252,90,3.28,-22.672,-52.69
252,90,3.44,-16.032,-44.68
252,90,3.6,-18.97,-46.42
252,90,3.76,-27.774,-57.26
252,90,3.92,-25.042,-52.59
252,90,4.08,-20.962,-48.63
252,90,4.24,-22.536,-51.56
252,90,4.4,-24.47,-54.28
252,90,4.56,-23.936,-53.75
252,90,4.72,-24.594,-54.58
252,90,4.88,-25.96,-56.09
252,90,5.04,-36.69,-66.74
252,90,5.2,-23.58,-55
252,90,5.36,-31.05,-61.85
252,90,5.52,-23.388,-53.67
252,90,5.68,-25.86,-57.23
252,90,5.84,-22.012,-53.46
252,90,6,-19.4,-50.94
252,90,6.16,-20.84,-52.88
252,90,6.32,-22.828,-56.32
252,90,6.48,-34.396,-68.48
252,90,6.64,-31.248,-65.64
252,90,6.8,-36.82,-70.32
252,90,6.96,-27.432,-61.76
252,90,7.12,-25.866,-60.46
252,90,7.28,-41.522,-75.9
252,90,7.44,-32.946,-67.28
252,90,7.6,-24.17,-57.57
252,90,7.76,-23.378,-58.6
252,90,7.92,-18.332,-52.96
252,90,8.08,-21.166,-55.97
252,90,8.24,-21.782,-56.89
252,90,8.4,-24.56,-59.94
252,90,8.56,-33.022,-69.3
252,90,8.72,-21.038,-58.34
252,90,8.88,-20.978,-58.12
252,90,9.04,-23.004,-60.79
252,90,9.2,-34.41,-73.27
252,90,9.36,-30.734,-68.8
252,90,9.52,-24.252,-62.63
252,90,9.68,-21.45,-60.34
252,90,9.84,-26.526,-65.64
252,90,10,-25.83,-64.9
252,90,10.16,-38.828,-78.47
252,90,10.32,-25.782,-65.41
252,90,10.48,-33.718,-73.25
252,90,10.64,-23.338,-63.35
252,90,10.8,-22.47,-62.74
252,90,10.96,-31.946,-71.93
252,90,11.12,-30.516,-70.76
252,90,11.28,-31.406,-71.85
252,90,11.44,-34.182,-74.93
252,90,11.6,-30.46,-71.33
252,90,11.76,-33.134,-74.25
252,90,11.92,-52.734,-93.86
252,90,12.08,-26.84,-69.03
252,90,12.24,-37.404,-79.66
252,90,12.4,-30.58,-73.24
252,90,12.56,-43.02,-87.09
252,90,12.72,-30.124,-74.68
252,90,12.88,-24.786,-69.99
252,90,13.04,-34.098,-80.6
252,90,13.2,-20.61,-67.39
252,90,13.36,-40.904,-87.12
252,90,13.52,-33.782,-79.79
252,90,13.68,-29.48,-76.16
252,90,13.84,-24.398,-71.88
252,90,14,-23.04,-70.89
252,90,14.16,-28.166,-76.39
252,90,14.32,-32.066,-81.02
252,90,14.48,-27.154,-78.98
252,90,14.64,-18.294,-67.75
252,90,14.8,-46.19,-94.2
252,90,14.96,-35.812,-82.94
252,90,15.12,-29.74,-76.17
252,90,15.28,-24.82,-71.37
252,90,15.44,-30.306,-76.62
252,90,15.6,-39.11,-85.74
252,90,15.76,-27.878,-75.07
252,90,15.92,-31.092,-78.27
252,90,16.08,-33.162,-80.62
252,90,16.24,-24.104,-72.23
252,90,16.4,-17.82,-67.63
252,90,16.56,-26.368,-75.3
252,90,16.72,-25.498,-74.98
252,90,16.88,-25.494,-75.96
252,90,17.04,-17.936,-69.19
252,90,17.2,-28.15,-80.58
252,90,17.36,-26.806,-79.45
252,90,17.52,-27.486,-80.02
252,90,17.68,-26.732,-79.81
252,90,17.84,-19.928,-72.84
252,90,18,-25.64,-78.45
253,90,2,-17.85,-39.64
253,90,2.16,-16.828,-40.24
253,90,2.32,-24.396,-50.05
253,90,2.48,-24.994,-52.24
253,90,2.64,-26.458,-55.17
253,90,2.8,-17.33,-44.39
253,90,2.96,-12.258,-40.57
253,90,3.12,-21.056,-49.29
253,90,3.28,-19.452,-49.47
253,90,3.44,-16.012,-44.66
253,90,3.6,-19.57,-47.02
253,90,3.76,-28.224,-57.71
253,90,3.92,-23.642,-51.19
253,90,4.08,-21.822,-49.49
253,90,4.24,-23.926,-52.95
253,90,4.4,-26.64,-56.45
253,90,4.56,-22.806,-52.62
253,90,4.72,-23.384,-53.37
253,90,4.88,-28.89,-59.02
253,90,5.04,-36.15,-66.2
253,90,5.2,-22.68,-54.1
253,90,5.36,-30.88,-61.68
253,90,5.52,-22.968,-53.25
253,90,5.68,-23.86,-55.23
253,90,5.84,-21.612,-53.06
253,90,6,-18.12,-49.66
253,90,6.16,-22.18,-54.22
253,90,6.32,-21.648,-55.14
253,90,6.48,-30.606,-64.69
253,90,6.64,-32.468,-66.86
253,90,6.8,-37.47,-70.97
253,90,6.96,-37.022,-71.35
253,90,7.12,-28.966,-63.56
253,90,7.28,-37.042,-71.42
253,90,7.44,-28.596,-62.93
253,90,7.6,-24.6,-58
253,90,7.76,-22.828,-58.05
253,90,7.92,-20.362,-54.99
253,90,8.08,-23.646,-58.45
253,90,8.24,-27.132,-62.24
253,90,8.4,-27.66,-63.04
253,90,8.56,-26.182,-62.46
253,90,8.72,-19.618,-56.92
253,90,8.88,-22.478,-59.62
253,90,9.04,-23.574,-61.36
253,90,9.2,-32.26,-71.12
253,90,9.36,-25.414,-63.48
253,90,9.52,-23.412,-61.79
253,90,9.68,-20.85,-59.74
253,90,9.84,-30.986,-70.1
253,90,10,-27.05,-66.12
253,90,10.16,-25.818,-65.46
253,90,10.32,-25.102,-64.73
253,90,10.48,-26.958,-66.49
253,90,10.64,-26.588,-66.6
253,90,10.8,-24.22,-64.49
253,90,10.96,-29.476,-69.46
253,90,11.12,-44.516,-84.76
253,90,11.28,-25.866,-66.31
253,90,11.44,-27.792,-68.54
253,90,11.6,-28.5,-69.37
253,90,11.76,-39.354,-80.47
253,90,11.92,-37.054,-78.18
253,90,12.08,-28.22,-70.41
253,90,12.24,-47.334,-89.59
253,90,12.4,-25.36,-68.02
253,90,12.56,-40.58,-84.65
253,90,12.72,-35.794,-80.35
253,90,12.88,-33.086,-78.29
253,90,13.04,-31.898,-78.4
253,90,13.2,-28.43,-75.21
253,90,13.36,-25.624,-71.84
253,90,13.52,-26.632,-72.64
253,90,13.68,-29.22,-75.9
253,90,13.84,-36.798,-84.28
253,90,14,-31.62,-79.47
253,90,14.16,-24.436,-72.66
253,90,14.32,-30.156,-79.11
253,90,14.48,-20.094,-71.92
253,90,14.64,-19.974,-69.43
253,90,14.8,-40.75,-88.76
253,90,14.96,-32.462,-79.59
253,90,15.12,-25.26,-71.69
253,90,15.28,-31.17,-77.72
253,90,15.44,-33.516,-79.83
253,90,15.6,-26.89,-73.52
253,90,15.76,-26.498,-73.69
253,90,15.92,-25.092,-72.27
253,90,16.08,-27.272,-74.73
253,90,16.24,-35.774,-83.9
253,90,16.4,-22.14,-71.95
253,90,16.56,-28.428,-77.36
253,90,16.72,-25.278,-74.76
253,90,16.88,-24.864,-75.33
253,90,17.04,-31.566,-82.82
253,90,17.2,-24.56,-76.99
253,90,17.36,-40.746,-93.39
253,90,17.52,-29.756,-82.29
253,90,17.68,-28.982,-82.06
253,90,17.84,-19.008,-71.92
253,90,18,-18,-70.81
254,90,2,-16.98,-38.77
254,90,2.16,-16.558,-39.97
254,90,2.32,-24.206,-49.86
254,90,2.48,-23.414,-50.66
254,90,2.64,-26.948,-55.66
254,90,2.8,-17.59,-44.65
254,90,2.96,-12.928,-41.24
254,90,3.12,-22.546,-50.78
254,90,3.28,-17.582,-47.6
254,90,3.44,-15.912,-44.56
254,90,3.6,-20.91,-48.36
254,90,3.76,-27.684,-57.17
254,90,3.92,-23.152,-50.7
254,90,4.08,-22.292,-49.96
254,90,4.24,-24.866,-53.89
254,90,4.4,-23.47,-53.28
254,90,4.56,-22.006,-51.82
254,90,4.72,-23.744,-53.73
254,90,4.88,-29.96,-60.09
254,90,5.04,-35.18,-65.23
254,90,5.2,-25.18,-56.6
254,90,5.36,-30.04,-60.84
254,90,5.52,-25.408,-55.69
254,90,5.68,-20.88,-52.25
254,90,5.84,-21.052,-52.5
254,90,6,-16.99,-48.53
254,90,6.16,-21.47,-53.51
254,90,6.32,-20.808,-54.3
254,90,6.48,-29.736,-63.82
254,90,6.64,-37.168,-71.56
254,90,6.8,-32.03,-65.53
254,90,6.96,-36.382,-70.71
254,90,7.12,-31.576,-66.17
254,90,7.28,-26.402,-60.78
254,90,7.44,-28.056,-62.39
254,90,7.6,-25.42,-58.82
254,90,7.76,-21.898,-57.12
254,90,7.92,-23.332,-57.96
254,90,8.08,-27.786,-62.59
254,90,8.24,-43.942,-79.05
254,90,8.4,-33.74,-69.12
254,90,8.56,-23.022,-59.3
254,90,8.72,-18.808,-56.11
254,90,8.88,-21.018,-58.16
254,90,9.04,-25.224,-63.01
254,90,9.2,-34.15,-73.01
254,90,9.36,-28.024,-66.09
254,90,9.52,-23.762,-62.14
254,90,9.68,-22.45,-61.34
254,90,9.84,-26.546,-65.66
254,90,10,-25.15,-64.22
254,90,10.16,-26.808,-66.45
254,90,10.32,-25.102,-64.73
254,90,10.48,-23.468,-63
254,90,10.64,-24.388,-64.4
254,90,10.8,-25.39,-65.66
254,90,10.96,-25.506,-65.49
254,90,11.12,-33.156,-73.4
254,90,11.28,-28.536,-68.98
254,90,11.44,-24.652,-65.4
254,90,11.6,-31.49,-72.36
254,90,11.76,-39.454,-80.57
254,90,11.92,-27.964,-69.09
254,90,12.08,-33.27,-75.46
254,90,12.24,-37.014,-79.27
254,90,12.4,-29.87,-72.53
254,90,12.56,-33.43,-77.5
254,90,12.72,-30.384,-74.94
254,90,12.88,-25.746,-70.95
254,90,13.04,-26.028,-72.53
254,90,13.2,-27.12,-73.9
254,90,13.36,-25.604,-71.82
254,90,13.52,-25.122,-71.13
254,90,13.68,-23.65,-70.33
254,90,13.84,-27.688,-75.17
254,90,14,-35.19,-83.04
254,90,14.16,-27.186,-75.41
254,90,14.32,-23.036,-71.99
254,90,14.48,-20.714,-72.54
254,90,14.64,-21.444,-70.9
254,90,14.8,-32.26,-80.27
254,90,14.96,-32.552,-79.68
254,90,15.12,-32.38,-78.81
254,90,15.28,-26.67,-73.22
254,90,15.44,-26.776,-73.09
254,90,15.6,-25.39,-72.02
254,90,15.76,-33.248,-80.44
254,90,15.92,-36.672,-83.85
254,90,16.08,-27.202,-74.66
254,90,16.24,-37.064,-85.19
254,90,16.4,-21.76,-71.57
254,90,16.56,-32.218,-81.15
254,90,16.72,-31.678,-81.16
254,90,16.88,-25.594,-76.06
254,90,17.04,-23.376,-74.63
254,90,17.2,-20.55,-72.98
254,90,17.36,-25.606,-78.25
254,90,17.52,-27.686,-80.22
254,90,17.68,-32.612,-85.69
254,90,17.84,-19.118,-72.03
254,90,18,-18.05,-70.86
255,90,2,-16.22,-38.01
255,90,2.16,-16.398,-39.81
255,90,2.32,-24.796,-50.45
255,90,2.48,-22.144,-49.39
255,90,2.64,-26.458,-55.17
255,90,2.8,-18.31,-45.37
255,90,2.96,-14.148,-42.46
255,90,3.12,-21.756,-49.99
255,90,3.28,-16.382,-46.4
255,90,3.44,-16.472,-45.12
255,90,3.6,-22.16,-49.61
255,90,3.76,-26.324,-55.81
255,90,3.92,-21.992,-49.54
255,90,4.08,-22.622,-50.29
255,90,4.24,-22.576,-51.6
255,90,4.4,-20.47,-50.28
255,90,4.56,-21.706,-51.52
255,90,4.72,-22.964,-52.95
255,90,4.88,-35.92,-66.05
255,90,5.04,-44.92,-74.97
255,90,5.2,-27.14,-58.56
255,90,5.36,-30.09,-60.89
255,90,5.52,-26.648,-56.93
255,90,5.68,-18.89,-50.26
255,90,5.84,-20.602,-52.05
255,90,6,-17.9,-49.44
255,90,6.16,-22.53,-54.57
255,90,6.32,-20.358,-53.85
255,90,6.48,-28.776,-62.86
255,90,6.64,-30.978,-65.37
255,90,6.8,-31.3,-64.8
255,90,6.96,-29.692,-64.02
255,90,7.12,-28.606,-63.2
255,90,7.28,-24.222,-58.6
255,90,7.44,-28.686,-63.02
255,90,7.6,-28.96,-62.36
255,90,7.76,-25.678,-60.9
255,90,7.92,-23.072,-57.7
255,90,8.08,-49.116,-83.92
255,90,8.24,-41.882,-76.99
255,90,8.4,-29.33,-64.71
255,90,8.56,-21.142,-57.42
255,90,8.72,-19.498,-56.8
255,90,8.88,-23.348,-60.49
255,90,9.04,-26.844,-64.63
255,90,9.2,-26.18,-65.04
255,90,9.36,-27.564,-65.63
255,90,9.52,-21.912,-60.29
255,90,9.68,-26.11,-65
255,90,9.84,-28.426,-67.54
255,90,10,-26.89,-65.96
255,90,10.16,-24.008,-63.65
255,90,10.32,-25.442,-65.07
255,90,10.48,-26.118,-65.65
255,90,10.64,-26.288,-66.3
255,90,10.8,-27.46,-67.73
255,90,10.96,-24.926,-64.91
255,90,11.12,-33.496,-73.74
255,90,11.28,-36.586,-77.03
255,90,11.44,-29.412,-70.16
255,90,11.6,-31,-71.87
255,90,11.76,-27.394,-68.51
255,90,11.92,-26.004,-67.13
255,90,12.08,-34.8,-76.99
255,90,12.24,-33.414,-75.67
255,90,12.4,-24.26,-66.92
255,90,12.56,-33.47,-77.54
255,90,12.72,-29.244,-73.8
255,90,12.88,-26.936,-72.14
255,90,13.04,-30.588,-77.09
255,90,13.2,-36.59,-83.37
255,90,13.36,-27.944,-74.16
255,90,13.52,-20.992,-67
255,90,13.68,-40.57,-87.25
255,90,13.84,-28.228,-75.71
255,90,14,-22.16,-70.01
255,90,14.16,-27.156,-75.38
255,90,14.32,-22.426,-71.38
255,90,14.48,-21.314,-73.14
255,90,14.64,-43.984,-93.44
255,90,14.8,-26.22,-74.23
255,90,14.96,-26.722,-73.85
255,90,15.12,-34.43,-80.86
255,90,15.28,-42.62,-89.17
255,90,15.44,-20.126,-66.44
255,90,15.6,-29.8,-76.43
255,90,15.76,-32.478,-79.67
255,90,15.92,-44.162,-91.34
255,90,16.08,-29.202,-76.66
255,90,16.24,-35.214,-83.34
255,90,16.4,-26.51,-76.32
255,90,16.56,-31.338,-80.27
255,90,16.72,-25.938,-75.42
255,90,16.88,-32.704,-83.17
255,90,17.04,-21.986,-73.24
255,90,17.2,-24.74,-77.17
255,90,17.36,-25.776,-78.42
255,90,17.52,-26.056,-78.59
255,90,17.68,-26.132,-79.21
255,90,17.84,-17.288,-70.2
255,90,18,-24.75,-77.56
256,90,2,-16.09,-37.88
256,90,2.16,-16.438,-39.85
256,90,2.32,-23.726,-49.38
256,90,2.48,-20.724,-47.97
256,90,2.64,-27.068,-55.78
256,90,2.8,-18.75,-45.81
256,90,2.96,-15.958,-44.27
256,90,3.12,-19.986,-48.22
256,90,3.28,-15.692,-45.71
256,90,3.44,-17.312,-45.96
256,90,3.6,-24.57,-52.02
256,90,3.76,-24.154,-53.64
256,90,3.92,-22.532,-50.08
256,90,4.08,-24.202,-51.87
256,90,4.24,-21.006,-50.03
256,90,4.4,-18.54,-48.35
256,90,4.56,-22.156,-51.97
256,90,4.72,-24.624,-54.61
256,90,4.88,-41.29,-71.42
256,90,5.04,-34.65,-64.7
256,90,5.2,-30.76,-62.18
256,90,5.36,-30.2,-61
256,90,5.52,-33.408,-63.69
256,90,5.68,-18.63,-50
256,90,5.84,-21.122,-52.57
256,90,6,-18.15,-49.69
256,90,6.16,-24.1,-56.14
256,90,6.32,-22.728,-56.22
256,90,6.48,-33.216,-67.3
256,90,6.64,-27.018,-61.41
256,90,6.8,-28.71,-62.21
256,90,6.96,-25.622,-59.95
256,90,7.12,-23.316,-57.91
256,90,7.28,-22.092,-56.47
256,90,7.44,-27.076,-61.41
256,90,7.6,-37.87,-71.27
256,90,7.76,-29.108,-64.33
256,90,7.92,-23.242,-57.87
256,90,8.08,-30.816,-65.62
256,90,8.24,-28.142,-63.25
256,90,8.4,-25.1,-60.48
256,90,8.56,-21.072,-57.35
256,90,8.72,-21.368,-58.67
256,90,8.88,-23.188,-60.33
256,90,9.04,-39.844,-77.63
256,90,9.2,-27.06,-65.92
256,90,9.36,-24.124,-62.19
256,90,9.52,-21.632,-60.01
256,90,9.68,-25.79,-64.68
256,90,9.84,-33.396,-72.51
256,90,10,-31.47,-70.54
256,90,10.16,-25.228,-64.87
256,90,10.32,-26.882,-66.51
256,90,10.48,-26.338,-65.87
256,90,10.64,-28.908,-68.92
256,90,10.8,-25.2,-65.47
256,90,10.96,-29.806,-69.79
256,90,11.12,-29.466,-69.71
256,90,11.28,-37.366,-77.81
256,90,11.44,-29.372,-70.12
256,90,11.6,-27.52,-68.39
256,90,11.76,-24.504,-65.62
256,90,11.92,-29.424,-70.55
256,90,12.08,-37.88,-80.07
256,90,12.24,-38.504,-80.76
256,90,12.4,-32.12,-74.78
256,90,12.56,-33.47,-77.54
256,90,12.72,-40.074,-84.63
256,90,12.88,-24.266,-69.47
256,90,13.04,-26.338,-72.84
256,90,13.2,-26.09,-72.87
256,90,13.36,-39.014,-85.23
256,90,13.52,-24.562,-70.57
256,90,13.68,-24.48,-71.16
256,90,13.84,-38.938,-86.42
256,90,14,-27.59,-75.44
256,90,14.16,-21.886,-70.11
256,90,14.32,-21.656,-70.61
256,90,14.48,-24.264,-76.09
256,90,14.64,-27.864,-77.32
256,90,14.8,-22.25,-70.26
256,90,14.96,-30.102,-77.23
256,90,15.12,-49.14,-95.57
256,90,15.28,-43.57,-90.12
256,90,15.44,-26.116,-72.43
256,90,15.6,-23.44,-70.07
256,90,15.76,-40.548,-87.74
256,90,15.92,-32.132,-79.31
256,90,16.08,-29.602,-77.06
256,90,16.24,-25.594,-73.72
256,90,16.4,-22.73,-72.54
256,90,16.56,-27.188,-76.12
256,90,16.72,-27.288,-76.77
256,90,16.88,-30.244,-80.71
256,90,17.04,-34.736,-85.99
256,90,17.2,-22.93,-75.36
256,90,17.36,-38.346,-90.99
256,90,17.52,-22.176,-74.71
256,90,17.68,-17.602,-70.68
256,90,17.84,-19.258,-72.17
256,90,18,-32.48,-85.29
257,90,2,-15.91,-37.7
257,90,2.16,-16.348,-39.76
257,90,2.32,-23.136,-48.79
257,90,2.48,-20.204,-47.45
257,90,2.64,-27.908,-56.62
257,90,2.8,-20.02,-47.08
257,90,2.96,-17.588,-45.9
257,90,3.12,-18.486,-46.72
257,90,3.28,-15.242,-45.26
257,90,3.44,-18.252,-46.9
257,90,3.6,-27.23,-54.68
257,90,3.76,-23.214,-52.7
257,90,3.92,-23.602,-51.15
257,90,4.08,-24.812,-52.48
257,90,4.24,-19.246,-48.27
257,90,4.4,-16.9,-46.71
257,90,4.56,-22.936,-52.75
257,90,4.72,-24.824,-54.81
257,90,4.88,-36.07,-66.2
257,90,5.04,-32.22,-62.27
257,90,5.2,-35.76,-67.18
257,90,5.36,-26.82,-57.62
257,90,5.52,-36.798,-67.08
257,90,5.68,-18.39,-49.76
257,90,5.84,-23.442,-54.89
257,90,6,-21.38,-52.92
257,90,6.16,-26.86,-58.9
257,90,6.32,-28.588,-62.08
257,90,6.48,-32.246,-66.33
257,90,6.64,-25.558,-59.95
257,90,6.8,-24.01,-57.51
257,90,6.96,-23.682,-58.01
257,90,7.12,-22.806,-57.4
257,90,7.28,-24.022,-58.4
257,90,7.44,-26.206,-60.54
257,90,7.6,-33.39,-66.79
257,90,7.76,-26.968,-62.19
257,90,7.92,-21.952,-56.58
257,90,8.08,-31.426,-66.23
257,90,8.24,-30.632,-65.74
257,90,8.4,-23.66,-59.04
257,90,8.56,-23.252,-59.53
257,90,8.72,-22.798,-60.1
257,90,8.88,-25.948,-63.09
257,90,9.04,-31.234,-69.02
257,90,9.2,-22.92,-61.78
257,90,9.36,-26.044,-64.11
257,90,9.52,-22.912,-61.29
257,90,9.68,-28.11,-67
257,90,9.84,-34.246,-73.36
257,90,10,-25.79,-64.86
257,90,10.16,-30.458,-70.1
257,90,10.32,-26.322,-65.95
257,90,10.48,-37.268,-76.8
257,90,10.64,-34.468,-74.48
257,90,10.8,-26.51,-66.78
257,90,10.96,-33.346,-73.33
257,90,11.12,-32.986,-73.23
257,90,11.28,-32.176,-72.62
257,90,11.44,-31.032,-71.78
257,90,11.6,-22.74,-63.61
257,90,11.76,-24.124,-65.24
257,90,11.92,-31.034,-72.16
257,90,12.08,-28.97,-71.16
257,90,12.24,-30.564,-72.82
257,90,12.4,-30.81,-73.47
257,90,12.56,-35.55,-79.62
257,90,12.72,-25.584,-70.14
257,90,12.88,-28.176,-73.38
257,90,13.04,-26.458,-72.96
257,90,13.2,-32.06,-78.84
257,90,13.36,-24.164,-70.38
257,90,13.52,-25.402,-71.41
257,90,13.68,-38.45,-85.13
257,90,13.84,-23.348,-70.83
257,90,14,-25.71,-73.56
257,90,14.16,-26.586,-74.81
257,90,14.32,-20.816,-69.77
257,90,14.48,-28.424,-80.25
257,90,14.64,-28.704,-78.16
257,90,14.8,-21.79,-69.8
257,90,14.96,-22.602,-69.73
257,90,15.12,-30.3,-76.73
257,90,15.28,-25.56,-72.11
257,90,15.44,-32.766,-79.08
257,90,15.6,-24.22,-70.85
257,90,15.76,-41.778,-88.97
257,90,15.92,-27.562,-74.74
257,90,16.08,-27.582,-75.04
257,90,16.24,-35.674,-83.8
257,90,16.4,-31.56,-81.37
257,90,16.56,-25.388,-74.32
257,90,16.72,-21.748,-71.23
257,90,16.88,-24.264,-74.73
257,90,17.04,-24.246,-75.5
257,90,17.2,-24.82,-77.25
257,90,17.36,-27.896,-80.54
257,90,17.52,-21.046,-73.58
257,90,17.68,-20.712,-73.79
257,90,17.84,-22.548,-75.46
257,90,18,-27.03,-79.84
258,90,2,-15.58,-37.37
258,90,2.16,-15.938,-39.35
258,90,2.32,-21.616,-47.27
258,90,2.48,-19.334,-46.58
258,90,2.64,-27.578,-56.29
258,90,2.8,-20.69,-47.75
258,90,2.96,-19.058,-47.37
258,90,3.12,-17.556,-45.79
258,90,3.28,-15.512,-45.53
258,90,3.44,-19.302,-47.95
258,90,3.6,-33.3,-60.75
258,90,3.76,-22.514,-52
258,90,3.92,-24.712,-52.26
258,90,4.08,-27.022,-54.69
258,90,4.24,-17.416,-46.44
258,90,4.4,-16.21,-46.02
258,90,4.56,-24.586,-54.4
258,90,4.72,-25.504,-55.49
258,90,4.88,-31.03,-61.16
258,90,5.04,-29.22,-59.27
258,90,5.2,-34.32,-65.74
258,90,5.36,-27.34,-58.14
258,90,5.52,-31.798,-62.08
258,90,5.68,-19.57,-50.94
258,90,5.84,-25.352,-56.8
258,90,6,-23.48,-55.02
258,90,6.16,-33.64,-65.68
258,90,6.32,-35.728,-69.22
258,90,6.48,-31.036,-65.12
258,90,6.64,-24.348,-58.74
258,90,6.8,-23.6,-57.1
258,90,6.96,-23.982,-58.31
258,90,7.12,-23.066,-57.66
258,90,7.28,-26.232,-60.61
258,90,7.44,-24.856,-59.19
258,90,7.6,-27.72,-61.12
258,90,7.76,-23.398,-58.62
258,90,7.92,-20.512,-55.14
258,90,8.08,-27.656,-62.46
258,90,8.24,-31.162,-66.27
258,90,8.4,-21.65,-57.03
258,90,8.56,-25.542,-61.82
258,90,8.72,-25.158,-62.46
258,90,8.88,-32.988,-70.13
258,90,9.04,-27.504,-65.29
258,90,9.2,-22.97,-61.83
258,90,9.36,-24.824,-62.89
258,90,9.52,-24.182,-62.56
258,90,9.68,-32.95,-71.84
258,90,9.84,-31.576,-70.69
258,90,10,-33.66,-72.73
258,90,10.16,-33.278,-72.92
258,90,10.32,-28.292,-67.92
258,90,10.48,-38.228,-77.76
258,90,10.64,-29.648,-69.66
258,90,10.8,-32.17,-72.44
258,90,10.96,-34.306,-74.29
258,90,11.12,-31.326,-71.57
258,90,11.28,-22.896,-63.34
258,90,11.44,-30.572,-71.32
258,90,11.6,-30.68,-71.55
258,90,11.76,-36.404,-77.52
258,90,11.92,-26.514,-67.64
258,90,12.08,-38.94,-81.13
258,90,12.24,-30.274,-72.53
258,90,12.4,-31.54,-74.2
258,90,12.56,-29.88,-73.95
258,90,12.72,-25.624,-70.18
258,90,12.88,-43.906,-89.11
258,90,13.04,-30.328,-76.83
258,90,13.2,-22.59,-69.37
258,90,13.36,-30.054,-76.27
258,90,13.52,-29.522,-75.53
258,90,13.68,-29.68,-76.36
258,90,13.84,-25.228,-72.71
258,90,14,-26.92,-74.77
258,90,14.16,-24.786,-73.01
258,90,14.32,-23.076,-72.03
258,90,14.48,-30.194,-82.02
258,90,14.64,-16.904,-66.36
258,90,14.8,-23.64,-71.65
258,90,14.96,-27.372,-74.5
258,90,15.12,-32.78,-79.21
258,90,15.28,-24.96,-71.51
258,90,15.44,-31.636,-77.95
258,90,15.6,-25.09,-71.72
258,90,15.76,-23.528,-70.72
258,90,15.92,-26.192,-73.37
258,90,16.08,-30.202,-77.66
258,90,16.24,-25.894,-74.02
258,90,16.4,-30.84,-80.65
258,90,16.56,-32.178,-81.11
258,90,16.72,-28.418,-77.9
258,90,16.88,-22.904,-73.37
258,90,17.04,-20.206,-71.46
258,90,17.2,-23,-75.43
258,90,17.36,-23.206,-75.85
258,90,17.52,-26.116,-78.65
258,90,17.68,-18.272,-71.35
258,90,17.84,-24.008,-76.92
258,90,18,-21.38,-74.19
259,90,2,-15.54,-37.33
259,90,2.16,-15.608,-39.02
259,90,2.32,-20.826,-46.48
259,90,2.48,-18.254,-45.5
259,90,2.64,-26.738,-55.45
259,90,2.8,-21.64,-48.7
259,90,2.96,-19.368,-47.68
259,90,3.12,-16.796,-45.03
259,90,3.28,-15.472,-45.49
259,90,3.44,-21.272,-49.92
259,90,3.6,-40.87,-68.32
259,90,3.76,-23.124,-52.61
259,90,3.92,-25.812,-53.36
259,90,4.08,-26.922,-54.59
259,90,4.24,-16.416,-45.44
259,90,4.4,-16.05,-45.86
259,90,4.56,-24.856,-54.67
259,90,4.72,-28.704,-58.69
259,90,4.88,-25.39,-55.52
259,90,5.04,-29.02,-59.07
259,90,5.2,-26.22,-57.64
259,90,5.36,-27.53,-58.33
259,90,5.52,-26.058,-56.34
259,90,5.68,-21.57,-52.94
259,90,5.84,-30.052,-61.5
259,90,6,-27.45,-58.99
259,90,6.16,-44.58,-76.62
259,90,6.32,-27.738,-61.23
259,90,6.48,-26.236,-60.32
259,90,6.64,-24.108,-58.5
259,90,6.8,-25.65,-59.15
259,90,6.96,-25.932,-60.26
259,90,7.12,-28.226,-62.82
259,90,7.28,-36.942,-71.32
259,90,7.44,-26.606,-60.94
259,90,7.6,-24.67,-58.07
259,90,7.76,-22.248,-57.47
259,90,7.92,-21.132,-55.76
259,90,8.08,-28.166,-62.97
259,90,8.24,-30.482,-65.59
259,90,8.4,-23.57,-58.95
259,90,8.56,-25.872,-62.15
259,90,8.72,-26.848,-64.15
259,90,8.88,-28.018,-65.16
259,90,9.04,-24.634,-62.42
259,90,9.2,-21.54,-60.4
259,90,9.36,-25.914,-63.98
259,90,9.52,-33.332,-71.71
259,90,9.68,-36.57,-75.46
259,90,9.84,-33.616,-72.73
259,90,10,-32.17,-71.24
259,90,10.16,-30.668,-70.31
259,90,10.32,-28.172,-67.8
259,90,10.48,-35.588,-75.12
259,90,10.64,-36.478,-76.49
259,90,10.8,-27.67,-67.94
259,90,10.96,-40.716,-80.7
259,90,11.12,-26.956,-67.2
259,90,11.28,-27.106,-67.55
259,90,11.44,-33.622,-74.37
259,90,11.6,-37.86,-78.73
259,90,11.76,-30.574,-71.69
259,90,11.92,-31.564,-72.69
259,90,12.08,-31.76,-73.95
259,90,12.24,-22.834,-65.09
259,90,12.4,-28.14,-70.8
259,90,12.56,-32.76,-76.83
259,90,12.72,-32.954,-77.51
259,90,12.88,-29.536,-74.74
259,90,13.04,-43.488,-89.99
259,90,13.2,-23.53,-70.31
259,90,13.36,-32.124,-78.34
259,90,13.52,-27.922,-73.93
259,90,13.68,-27.9,-74.58
259,90,13.84,-21.838,-69.32
259,90,14,-29.77,-77.62
259,90,14.16,-31.636,-79.86
259,90,14.32,-25.426,-74.38
259,90,14.48,-18.584,-70.41
259,90,14.64,-20.774,-70.23
259,90,14.8,-35.54,-83.55
259,90,14.96,-26.122,-73.25
259,90,15.12,-30.2,-76.63
259,90,15.28,-28.26,-74.81
259,90,15.44,-27.196,-73.51
259,90,15.6,-38.78,-85.41
259,90,15.76,-26.838,-74.03
259,90,15.92,-31.512,-78.69
259,90,16.08,-26.462,-73.92
259,90,16.24,-22.654,-70.78
259,90,16.4,-19.67,-69.48
259,90,16.56,-37.948,-86.88
259,90,16.72,-28.438,-77.92
259,90,16.88,-30.144,-80.61
259,90,17.04,-25.006,-76.26
259,90,17.2,-18.71,-71.14
259,90,17.36,-23.266,-75.91
259,90,17.52,-24.406,-76.94
259,90,17.68,-23.952,-77.03
259,90,17.84,-27.448,-80.36
259,90,18,-17.22,-70.03
260,90,2,-15.56,-37.35
260,90,2.16,-15.008,-38.42
260,90,2.32,-19.386,-45.04
260,90,2.48,-18.134,-45.38
260,90,2.64,-25.048,-53.76
260,90,2.8,-21.69,-48.75
260,90,2.96,-18.288,-46.6
260,90,3.12,-16.426,-44.66
260,90,3.28,-16.332,-46.35
260,90,3.44,-22.632,-51.28
260,90,3.6,-35.65,-63.1
260,90,3.76,-24.454,-53.94
260,90,3.92,-29.562,-57.11
260,90,4.08,-25.452,-53.12
260,90,4.24,-15.846,-44.87
260,90,4.4,-16.73,-46.54
260,90,4.56,-25.826,-55.64
260,90,4.72,-32.764,-62.75
260,90,4.88,-24.63,-54.76
260,90,5.04,-26.12,-56.17
260,90,5.2,-23.5,-54.92
260,90,5.36,-28.12,-58.92
260,90,5.52,-23.988,-54.27
260,90,5.68,-23.59,-54.96
260,90,5.84,-34.052,-65.5
260,90,6,-42.4,-73.94
260,90,6.16,-33.01,-65.05
260,90,6.32,-22.388,-55.88
260,90,6.48,-23.976,-58.06
260,90,6.64,-23.718,-58.11
260,90,6.8,-26.65,-60.15
260,90,6.96,-30.172,-64.5
260,90,7.12,-38.476,-73.07
260,90,7.28,-38.322,-72.7
260,90,7.44,-23.206,-57.54
260,90,7.6,-24.28,-57.68
260,90,7.76,-22.068,-57.29
260,90,7.92,-22.432,-57.06
260,90,8.08,-31.486,-66.29
260,90,8.24,-27.462,-62.57
260,90,8.4,-23.38,-58.76
260,90,8.56,-25.332,-61.61
260,90,8.72,-29.398,-66.7
260,90,8.88,-30.668,-67.81
260,90,9.04,-22.504,-60.29
260,90,9.2,-21.15,-60.01
260,90,9.36,-24.934,-63
260,90,9.52,-35.292,-73.67
260,90,9.68,-32.1,-70.99
260,90,9.84,-27.886,-67
260,90,10,-29.87,-68.94
260,90,10.16,-34.358,-74
260,90,10.32,-29.382,-69.01
260,90,10.48,-31.208,-70.74
260,90,10.64,-36.878,-76.89
260,90,10.8,-36.47,-76.74
260,90,10.96,-37.116,-77.1
260,90,11.12,-34.666,-74.91
260,90,11.28,-28.306,-68.75
260,90,11.44,-33.222,-73.97
260,90,11.6,-29.73,-70.6
260,90,11.76,-24.204,-65.32
260,90,11.92,-29.664,-70.79
260,90,12.08,-28.39,-70.58
260,90,12.24,-28.304,-70.56
260,90,12.4,-32.41,-75.07
260,90,12.56,-32.04,-76.11
260,90,12.72,-27.664,-72.22
260,90,12.88,-25.636,-70.84
260,90,13.04,-23.158,-69.66
260,90,13.2,-25.7,-72.48
260,90,13.36,-30.834,-77.05
260,90,13.52,-26.932,-72.94
260,90,13.68,-27.46,-74.14
260,90,13.84,-31.528,-79.01
260,90,14,-29.93,-77.78
260,90,14.16,-26.426,-74.65
260,90,14.32,-30.786,-79.74
260,90,14.48,-25.014,-76.84
260,90,14.64,-24.824,-74.28
260,90,14.8,-36.22,-84.23
260,90,14.96,-32.642,-79.77
260,90,15.12,-25.81,-72.24
260,90,15.28,-35.7,-82.25
260,90,15.44,-31.816,-78.13
260,90,15.6,-30.41,-77.04
260,90,15.76,-22.728,-69.92
260,90,15.92,-25.122,-72.3
260,90,16.08,-24.402,-71.86
260,90,16.24,-21.824,-69.95
260,90,16.4,-20.22,-70.03
260,90,16.56,-25.028,-73.96
260,90,16.72,-36.538,-86.02
260,90,16.88,-28.814,-79.28
260,90,17.04,-28.026,-79.28
260,90,17.2,-28.46,-80.89
260,90,17.36,-18.586,-71.23
260,90,17.52,-23.206,-75.74
260,90,17.68,-25.912,-78.99
260,90,17.84,-24.098,-77.01
260,90,18,-19.99,-72.8
261,90,2,-15.64,-37.43
261,90,2.16,-14.698,-38.11
261,90,2.32,-18.476,-44.13
261,90,2.48,-18.604,-45.85
261,90,2.64,-25.178,-53.89
261,90,2.8,-21.74,-48.8
261,90,2.96,-16.458,-44.77
261,90,3.12,-16.616,-44.85
261,90,3.28,-17.072,-47.09
261,90,3.44,-26.742,-55.39
261,90,3.6,-29.56,-57.01
261,90,3.76,-25.594,-55.08
261,90,3.92,-33.652,-61.2
261,90,4.08,-23.712,-51.38
261,90,4.24,-15.916,-44.94
261,90,4.4,-17.4,-47.21
261,90,4.56,-25.066,-54.88
261,90,4.72,-31.514,-61.5
261,90,4.88,-22.95,-53.08
261,90,5.04,-23.62,-53.67
261,90,5.2,-21.07,-52.49
261,90,5.36,-29.62,-60.42
261,90,5.52,-23.958,-54.24
261,90,5.68,-25.07,-56.44
261,90,5.84,-35.162,-66.61
261,90,6,-38.08,-69.62
261,90,6.16,-26.22,-58.26
261,90,6.32,-20.518,-54.01
261,90,6.48,-22.956,-57.04
261,90,6.64,-24.698,-59.09
261,90,6.8,-29.32,-62.82
261,90,6.96,-50.962,-85.29
261,90,7.12,-38.336,-72.93
261,90,7.28,-25.102,-59.48
261,90,7.44,-22.976,-57.31
261,90,7.6,-22.45,-55.85
261,90,7.76,-22.888,-58.11
261,90,7.92,-26.702,-61.33
261,90,8.08,-32.496,-67.3
261,90,8.24,-24.112,-59.22
261,90,8.4,-23.48,-58.86
261,90,8.56,-25.422,-61.7
261,90,8.72,-38.978,-76.28
261,90,8.88,-24.878,-62.02
261,90,9.04,-21.074,-58.86
261,90,9.2,-23.62,-62.48
261,90,9.36,-40.404,-78.47
261,90,9.52,-29.202,-67.58
261,90,9.68,-28.41,-67.3
261,90,9.84,-29.896,-69.01
261,90,10,-29.05,-68.12
261,90,10.16,-39.648,-79.29
261,90,10.32,-28.472,-68.1
261,90,10.48,-30.198,-69.73
261,90,10.64,-36.958,-76.97
261,90,10.8,-41.48,-81.75
261,90,10.96,-32.076,-72.06
261,90,11.12,-39.656,-79.9
261,90,11.28,-29.746,-70.19
261,90,11.44,-28.802,-69.55
261,90,11.6,-28.68,-69.55
261,90,11.76,-23.614,-64.73
261,90,11.92,-27.174,-68.3
261,90,12.08,-28.9,-71.09
261,90,12.24,-33.734,-75.99
261,90,12.4,-29.92,-72.58
261,90,12.56,-28.15,-72.22
261,90,12.72,-36.464,-81.02
261,90,12.88,-29.416,-74.62
261,90,13.04,-33.858,-80.36
261,90,13.2,-23.66,-70.44
261,90,13.36,-23.144,-69.36
261,90,13.52,-25.612,-71.62
261,90,13.68,-21.72,-68.4
261,90,13.84,-21.588,-69.07
261,90,14,-33.85,-81.7
261,90,14.16,-22.976,-71.2
261,90,14.32,-32.256,-81.21
261,90,14.48,-21.574,-73.4
261,90,14.64,-42.424,-91.88
261,90,14.8,-23.7,-71.71
261,90,14.96,-29.932,-77.06
261,90,15.12,-31.7,-78.13
261,90,15.28,-25.65,-72.2
261,90,15.44,-25.786,-72.1
261,90,15.6,-22.29,-68.92
261,90,15.76,-24.538,-71.73
261,90,15.92,-35.312,-82.49
261,90,16.08,-33.402,-80.86
261,90,16.24,-38.464,-86.59
261,90,16.4,-24.69,-74.5
261,90,16.56,-22.098,-71.03
261,90,16.72,-27.218,-76.7
261,90,16.88,-21.664,-72.13
261,90,17.04,-34.946,-86.2
261,90,17.2,-23.8,-76.23
261,90,17.36,-24.036,-76.68
261,90,17.52,-15.096,-67.63
261,90,17.68,-27.402,-80.48
261,90,17.84,-21.588,-74.5
261,90,18,-23.69,-76.5
262,90,2,-15.75,-37.54
262,90,2.16,-13.778,-37.19
262,90,2.32,-17.836,-43.49
262,90,2.48,-18.504,-45.75
262,90,2.64,-24.318,-53.03
262,90,2.8,-20.79,-47.85
262,90,2.96,-14.628,-42.94
262,90,3.12,-16.826,-45.06
262,90,3.28,-18.442,-48.46
262,90,3.44,-30.712,-59.36
262,90,3.6,-27.77,-55.22
262,90,3.76,-26.674,-56.16
262,90,3.92,-37.612,-65.16
262,90,4.08,-22.932,-50.6
262,90,4.24,-16.226,-45.25
262,90,4.4,-18.49,-48.3
262,90,4.56,-26.276,-56.09
262,90,4.72,-26.444,-56.43
262,90,4.88,-21.76,-51.89
262,90,5.04,-22.47,-52.52
262,90,5.2,-20.43,-51.85
262,90,5.36,-29.2,-60
262,90,5.52,-24.348,-54.63
262,90,5.68,-25.51,-56.88
262,90,5.84,-31.422,-62.87
262,90,6,-34.46,-66
262,90,6.16,-24.6,-56.64
262,90,6.32,-20.468,-53.96
262,90,6.48,-21.906,-55.99
262,90,6.64,-26.518,-60.91
262,90,6.8,-32.65,-66.15
262,90,6.96,-29.882,-64.21
262,90,7.12,-25.446,-60.04
262,90,7.28,-23.082,-57.46
262,90,7.44,-24.406,-58.74
262,90,7.6,-24.13,-57.53
262,90,7.76,-24.328,-59.55
262,90,7.92,-32.782,-67.41
262,90,8.08,-25.366,-60.17
262,90,8.24,-21.672,-56.78
262,90,8.4,-25.37,-60.75
262,90,8.56,-26.852,-63.13
262,90,8.72,-32.318,-69.62
262,90,8.88,-28.638,-65.78
262,90,9.04,-22.384,-60.17
262,90,9.2,-26.73,-65.59
262,90,9.36,-41.664,-79.73
262,90,9.52,-29.622,-68
262,90,9.68,-24.91,-63.8
262,90,9.84,-30.316,-69.43
262,90,10,-33.81,-72.88
262,90,10.16,-33.428,-73.07
262,90,10.32,-33.332,-72.96
262,90,10.48,-29.368,-68.9
262,90,10.64,-35.448,-75.46
262,90,10.8,-32.59,-72.86
262,90,10.96,-24.026,-64.01
262,90,11.12,-35.756,-76
262,90,11.28,-24.466,-64.91
262,90,11.44,-30.682,-71.43
262,90,11.6,-31.25,-72.12
262,90,11.76,-34.084,-75.2
262,90,11.92,-33.794,-74.92
262,90,12.08,-23.48,-65.67
262,90,12.24,-31.244,-73.5
262,90,12.4,-34.61,-77.27
262,90,12.56,-38.78,-82.85
262,90,12.72,-30.774,-75.33
262,90,12.88,-24.706,-69.91
262,90,13.04,-26.898,-73.4
262,90,13.2,-27.14,-73.92
262,90,13.36,-24.194,-70.41
262,90,13.52,-25.182,-71.19
262,90,13.68,-31.61,-78.29
262,90,13.84,-35.608,-83.09
262,90,14,-35.15,-83
262,90,14.16,-24.566,-72.79
262,90,14.32,-19.066,-68.02
262,90,14.48,-24.364,-76.19
262,90,14.64,-41.014,-90.47
262,90,14.8,-24.01,-72.02
262,90,14.96,-27.512,-74.64
262,90,15.12,-26.97,-73.4
262,90,15.28,-27.88,-74.43
262,90,15.44,-22.436,-68.75
262,90,15.6,-22.75,-69.38
262,90,15.76,-37.158,-84.35
262,90,15.92,-32.172,-79.35
262,90,16.08,-38.822,-86.28
262,90,16.24,-30.254,-78.38
262,90,16.4,-30.04,-79.85
262,90,16.56,-34.488,-83.42
262,90,16.72,-19.718,-69.2
262,90,16.88,-18.804,-69.27
262,90,17.04,-19.656,-70.91
262,90,17.2,-20.27,-72.7
262,90,17.36,-28.806,-81.45
262,90,17.52,-34.666,-87.2
262,90,17.68,-22.122,-75.2
262,90,17.84,-26.748,-79.66
262,90,18,-27.85,-80.66
263,90,2,-15.83,-37.62
263,90,2.16,-13.298,-36.71
263,90,2.32,-17.456,-43.11
263,90,2.48,-18.774,-46.02
263,90,2.64,-22.658,-51.37
263,90,2.8,-19.73,-46.79
263,90,2.96,-13.748,-42.06
263,90,3.12,-17.306,-45.54
263,90,3.28,-19.802,-49.82
263,90,3.44,-33.882,-62.53
263,90,3.6,-25.19,-52.64
263,90,3.76,-27.454,-56.94
263,90,3.92,-34.942,-62.49
263,90,4.08,-21.942,-49.61
263,90,4.24,-17.486,-46.51
263,90,4.4,-19.05,-48.86
263,90,4.56,-29.856,-59.67
263,90,4.72,-22.534,-52.52
263,90,4.88,-21.59,-51.72
263,90,5.04,-20.85,-50.9
263,90,5.2,-20.36,-51.78
263,90,5.36,-30.43,-61.23
263,90,5.52,-26.118,-56.4
263,90,5.68,-22.39,-53.76
263,90,5.84,-31.892,-63.34
263,90,6,-39.6,-71.14
263,90,6.16,-24.12,-56.16
263,90,6.32,-20.538,-54.03
263,90,6.48,-21.466,-55.55
263,90,6.64,-27.808,-62.2
263,90,6.8,-31.63,-65.13
263,90,6.96,-27.482,-61.81
263,90,7.12,-25.576,-60.17
263,90,7.28,-22.112,-56.49
263,90,7.44,-26.136,-60.47
263,90,7.6,-24.75,-58.15
263,90,7.76,-27.298,-62.52
263,90,7.92,-34.052,-68.68
263,90,8.08,-21.576,-56.38
263,90,8.24,-23.952,-59.06
263,90,8.4,-26.37,-61.75
263,90,8.56,-33.812,-70.09
263,90,8.72,-29.518,-66.82
263,90,8.88,-22.808,-59.95
263,90,9.04,-24.874,-62.66
263,90,9.2,-38.75,-77.61
263,90,9.36,-29.664,-67.73
263,90,9.52,-34.422,-72.8
263,90,9.68,-29.62,-68.51
263,90,9.84,-28.946,-68.06
263,90,10,-37.23,-76.3
263,90,10.16,-33.068,-72.71
263,90,10.32,-35.262,-74.89
263,90,10.48,-35.918,-75.45
263,90,10.64,-32.798,-72.81
263,90,10.8,-27.92,-68.19
263,90,10.96,-22.056,-62.04
263,90,11.12,-23.656,-63.9
263,90,11.28,-26.706,-67.15
263,90,11.44,-36.322,-77.07
263,90,11.6,-25.31,-66.18
263,90,11.76,-30.204,-71.32
263,90,11.92,-27.224,-68.35
263,90,12.08,-25.13,-67.32
263,90,12.24,-46.784,-89.04
263,90,12.4,-31.15,-73.81
263,90,12.56,-25.54,-69.61
263,90,12.72,-24.084,-68.64
263,90,12.88,-20.426,-65.63
263,90,13.04,-43.578,-90.08
263,90,13.2,-22.88,-69.66
263,90,13.36,-23.774,-69.99
263,90,13.52,-24.972,-70.98
263,90,13.68,-23.55,-70.23
263,90,13.84,-23.688,-71.17
263,90,14,-25.87,-73.72
263,90,14.16,-26.266,-74.49
263,90,14.32,-21.636,-70.59
263,90,14.48,-23.004,-74.83
263,90,14.64,-25.064,-74.52
263,90,14.8,-26.38,-74.39
263,90,14.96,-30.972,-78.1
263,90,15.12,-25.37,-71.8
263,90,15.28,-24.71,-71.26
263,90,15.44,-29.536,-75.85
263,90,15.6,-28.94,-75.57
263,90,15.76,-26.258,-73.45
263,90,15.92,-29.362,-76.54
263,90,16.08,-25.682,-73.14
263,90,16.24,-24.544,-72.67
263,90,16.4,-33.42,-83.23
263,90,16.56,-24.418,-73.35
263,90,16.72,-26.658,-76.14
263,90,16.88,-34.984,-85.45
263,90,17.04,-22.796,-74.05
263,90,17.2,-32.4,-84.83
263,90,17.36,-23.956,-76.6
263,90,17.52,-22.146,-74.68
263,90,17.68,-22.952,-76.03
263,90,17.84,-24.518,-77.43
263,90,18,-17.72,-70.53
264,90,2,-15.57,-37.36
264,90,2.16,-12.738,-36.15
264,90,2.32,-17.166,-42.82
264,90,2.48,-19.264,-46.51
264,90,2.64,-21.508,-50.22
264,90,2.8,-18.47,-45.53
264,90,2.96,-12.738,-41.05
264,90,3.12,-18.216,-46.45
264,90,3.28,-22.942,-52.96
264,90,3.44,-26.462,-55.11
264,90,3.6,-23.73,-51.18
264,90,3.76,-25.804,-55.29
264,90,3.92,-30.202,-57.75
264,90,4.08,-20.942,-48.61
264,90,4.24,-18.716,-47.74
264,90,4.4,-19.02,-48.83
264,90,4.56,-29.686,-59.5
264,90,4.72,-20.374,-50.36
264,90,4.88,-21.39,-51.52
264,90,5.04,-20.12,-50.17
264,90,5.2,-20.74,-52.16
264,90,5.36,-34.32,-65.12
264,90,5.52,-29.398,-59.68
264,90,5.68,-21.26,-52.63
264,90,5.84,-31.632,-63.08
264,90,6,-35.04,-66.58
264,90,6.16,-22.75,-54.79
264,90,6.32,-19.948,-53.44
264,90,6.48,-21.416,-55.5
264,90,6.64,-35.468,-69.86
264,90,6.8,-29.43,-62.93
264,90,6.96,-23.032,-57.36
264,90,7.12,-22.976,-57.57
264,90,7.28,-23.392,-57.77
264,90,7.44,-29.596,-63.93
264,90,7.6,-25.97,-59.37
264,90,7.76,-29.068,-64.29
264,90,7.92,-39.572,-74.2
264,90,8.08,-20.276,-55.08
264,90,8.24,-26.432,-61.54
264,90,8.4,-33.78,-69.16
264,90,8.56,-26.542,-62.82
264,90,8.72,-25.338,-62.64
264,90,8.88,-24.048,-61.19
264,90,9.04,-28.014,-65.8
264,90,9.2,-36.54,-75.4
264,90,9.36,-26.574,-64.64
264,90,9.52,-26.252,-64.63
264,90,9.68,-25.48,-64.37
264,90,9.84,-33.186,-72.3
264,90,10,-32.3,-71.37
264,90,10.16,-39.688,-79.33
264,90,10.32,-32.912,-72.54
264,90,10.48,-35.618,-75.15
264,90,10.64,-24.578,-64.59
264,90,10.8,-30.18,-70.45
264,90,10.96,-23.246,-63.23
264,90,11.12,-27.696,-67.94
264,90,11.28,-25.026,-65.47
264,90,11.44,-32.282,-73.03
264,90,11.6,-27.87,-68.74
264,90,11.76,-25.894,-67.01
264,90,11.92,-23.614,-64.74
264,90,12.08,-32.46,-74.65
264,90,12.24,-26.434,-68.69
264,90,12.4,-28.65,-71.31
264,90,12.56,-23.52,-67.59
264,90,12.72,-28.244,-72.8
264,90,12.88,-30.356,-75.56
264,90,13.04,-29.688,-76.19
264,90,13.2,-25.49,-72.27
264,90,13.36,-24.674,-70.89
264,90,13.52,-21.392,-67.4
264,90,13.68,-24.25,-70.93
264,90,13.84,-26.128,-73.61
264,90,14,-27.12,-74.97
264,90,14.16,-22.716,-70.94
264,90,14.32,-24.616,-73.57
264,90,14.48,-25.804,-77.63
264,90,14.64,-25.274,-74.73
264,90,14.8,-22.19,-70.2
264,90,14.96,-31.542,-78.67
264,90,15.12,-29.7,-76.13
264,90,15.28,-31.65,-78.2
264,90,15.44,-27.056,-73.37
264,90,15.6,-22.56,-69.19
264,90,15.76,-24.578,-71.77
264,90,15.92,-29.082,-76.26
264,90,16.08,-28.622,-76.08
264,90,16.24,-47.354,-95.48
264,90,16.4,-22.38,-72.19
264,90,16.56,-24.408,-73.34
264,90,16.72,-20.858,-70.34
264,90,16.88,-37.304,-87.77
264,90,17.04,-19.106,-70.36
264,90,17.2,-30.09,-82.52
264,90,17.36,-26.006,-78.65
264,90,17.52,-29.886,-82.42
264,90,17.68,-19.942,-73.02
264,90,17.84,-25.398,-78.31
264,90,18,-21.43,-74.24
265,90,2,-14.98,-36.77
265,90,2.16,-12.278,-35.69
265,90,2.32,-17.096,-42.75
265,90,2.48,-20.364,-47.61
265,90,2.64,-20.588,-49.3
265,90,2.8,-17.61,-44.67
265,90,2.96,-12.288,-40.6
265,90,3.12,-19.456,-47.69
265,90,3.28,-26.752,-56.77
265,90,3.44,-22.112,-50.76
265,90,3.6,-21.84,-49.29
265,90,3.76,-23.894,-53.38
265,90,3.92,-27.552,-55.1
265,90,4.08,-20.912,-48.58
265,90,4.24,-19.716,-48.74
265,90,4.4,-19.32,-49.13
265,90,4.56,-25.476,-55.29
265,90,4.72,-19.844,-49.83
265,90,4.88,-21.51,-51.64
265,90,5.04,-20.98,-51.03
265,90,5.2,-21.26,-52.68
265,90,5.36,-34.15,-64.95
265,90,5.52,-27.008,-57.29
265,90,5.68,-20.86,-52.23
265,90,5.84,-31.162,-62.61
265,90,6,-31.04,-62.58
265,90,6.16,-22.88,-54.92
265,90,6.32,-18.628,-52.12
265,90,6.48,-23.686,-57.77
265,90,6.64,-43.358,-77.75
265,90,6.8,-26.66,-60.16
265,90,6.96,-20.642,-54.97
265,90,7.12,-23.116,-57.71
265,90,7.28,-24.982,-59.36
265,90,7.44,-26.906,-61.24
265,90,7.6,-28.92,-62.32
265,90,7.76,-32.458,-67.68
265,90,7.92,-30.222,-64.85
265,90,8.08,-22.366,-57.17
265,90,8.24,-32.532,-67.64
265,90,8.4,-26.85,-62.23
265,90,8.56,-22.842,-59.12
265,90,8.72,-27.478,-64.78
265,90,8.88,-24.538,-61.68
265,90,9.04,-40.414,-78.2
265,90,9.2,-33.88,-72.74
265,90,9.36,-24.134,-62.2
265,90,9.52,-25.682,-64.06
265,90,9.68,-23.01,-61.9
265,90,9.84,-34.196,-73.31
265,90,10,-30.11,-69.18
265,90,10.16,-38.568,-78.21
265,90,10.32,-31.262,-70.89
265,90,10.48,-24.138,-63.67
265,90,10.64,-21.148,-61.16
265,90,10.8,-28.29,-68.56
265,90,10.96,-31.786,-71.77
265,90,11.12,-28.066,-68.31
265,90,11.28,-30.136,-70.58
265,90,11.44,-23.142,-63.89
265,90,11.6,-30.98,-71.85
265,90,11.76,-25.394,-66.51
265,90,11.92,-27.424,-68.55
265,90,12.08,-33.42,-75.61
265,90,12.24,-24.104,-66.36
265,90,12.4,-29.45,-72.11
265,90,12.56,-24.46,-68.53
265,90,12.72,-38.644,-83.2
265,90,12.88,-26.456,-71.66
265,90,13.04,-24.308,-70.81
265,90,13.2,-27.12,-73.9
265,90,13.36,-24.184,-70.4
265,90,13.52,-28.382,-74.39
265,90,13.68,-23.58,-70.26
265,90,13.84,-25.428,-72.91
265,90,14,-22.99,-70.84
265,90,14.16,-26.976,-75.2
265,90,14.32,-26.896,-75.85
265,90,14.48,-29.194,-81.02
265,90,14.64,-45.344,-94.8
265,90,14.8,-30.49,-78.5
265,90,14.96,-30.412,-77.54
265,90,15.12,-27.27,-73.7
265,90,15.28,-26.28,-72.83
265,90,15.44,-21.956,-68.27
265,90,15.6,-23.81,-70.44
265,90,15.76,-29.038,-76.23
265,90,15.92,-23.512,-70.69
265,90,16.08,-22.492,-69.95
265,90,16.24,-23.014,-71.14
265,90,16.4,-31.98,-81.79
265,90,16.56,-25.688,-74.62
265,90,16.72,-21.268,-70.75
265,90,16.88,-29.044,-79.51
265,90,17.04,-23.336,-74.59
265,90,17.2,-36.18,-88.61
265,90,17.36,-19.216,-71.86
265,90,17.52,-24.776,-77.31
265,90,17.68,-17.112,-70.19
265,90,17.84,-25.218,-78.13
265,90,18,-22.63,-75.44
266,90,2,-14.65,-36.44
266,90,2.16,-11.968,-35.38
266,90,2.32,-17.566,-43.22
266,90,2.48,-21.684,-48.93
266,90,2.64,-19.458,-48.17
266,90,2.8,-16.91,-43.97
266,90,2.96,-12.058,-40.37
266,90,3.12,-20.366,-48.6
266,90,3.28,-29.552,-59.57
266,90,3.44,-19.412,-48.06
266,90,3.6,-20.89,-48.34
266,90,3.76,-22.484,-51.97
266,90,3.92,-25.402,-52.95
266,90,4.08,-21.242,-48.91
266,90,4.24,-20.626,-49.65
266,90,4.4,-20.34,-50.15
266,90,4.56,-21.436,-51.25
266,90,4.72,-19.844,-49.83
266,90,4.88,-20.15,-50.28
266,90,5.04,-21.71,-51.76
266,90,5.2,-23.17,-54.59
266,90,5.36,-34.12,-64.92
266,90,5.52,-24.528,-54.81
266,90,5.68,-21.13,-52.5
266,90,5.84,-33.792,-65.24
266,90,6,-27.42,-58.96
266,90,6.16,-22.3,-54.34
266,90,6.32,-19.658,-53.15
266,90,6.48,-26.966,-61.05
266,90,6.64,-29.508,-63.9
266,90,6.8,-24,-57.5
266,90,6.96,-19.852,-54.18
266,90,7.12,-20.966,-55.56
266,90,7.28,-25.702,-60.08
266,90,7.44,-25.176,-59.51
266,90,7.6,-31,-64.4
266,90,7.76,-34.558,-69.78
266,90,7.92,-28.232,-62.86
266,90,8.08,-23.846,-58.65
266,90,8.24,-29.402,-64.51
266,90,8.4,-25.01,-60.39
266,90,8.56,-21.662,-57.94
266,90,8.72,-26.398,-63.7
266,90,8.88,-34.848,-71.99
266,90,9.04,-45.374,-83.16
266,90,9.2,-23.45,-62.31
266,90,9.36,-24.394,-62.46
266,90,9.52,-22.602,-60.98
266,90,9.68,-26.24,-65.13
266,90,9.84,-35.416,-74.53
266,90,10,-30.81,-69.88
266,90,10.16,-40.368,-80.01
266,90,10.32,-26.652,-66.28
266,90,10.48,-27.158,-66.69
266,90,10.64,-25.878,-65.89
266,90,10.8,-34.22,-74.49
266,90,10.96,-44.096,-84.08
266,90,11.12,-23.576,-63.82
266,90,11.28,-25.396,-65.84
266,90,11.44,-24.682,-65.43
266,90,11.6,-30.43,-71.3
266,90,11.76,-22.284,-63.4
266,90,11.92,-24.884,-66.01
266,90,12.08,-34.67,-76.86
266,90,12.24,-27.064,-69.32
266,90,12.4,-36.15,-78.81
266,90,12.56,-29.76,-73.83
266,90,12.72,-24.324,-68.88
266,90,12.88,-17.056,-62.26
266,90,13.04,-28.508,-75.01
266,90,13.2,-24.43,-71.21
266,90,13.36,-30.444,-76.66
266,90,13.52,-32.082,-78.09
266,90,13.68,-30.98,-77.66
266,90,13.84,-31.148,-78.63
266,90,14,-22.38,-70.23
266,90,14.16,-29.766,-77.99
266,90,14.32,-37.976,-86.93
266,90,14.48,-28.024,-79.85
266,90,14.64,-28.214,-77.67
266,90,14.8,-20.52,-68.53
266,90,14.96,-26.062,-73.19
266,90,15.12,-25.95,-72.38
266,90,15.28,-33.77,-80.32
266,90,15.44,-29.876,-76.19
266,90,15.6,-31.74,-78.37
266,90,15.76,-33.868,-81.06
266,90,15.92,-20.532,-67.71
266,90,16.08,-24.832,-72.29
266,90,16.24,-23.884,-72.01
266,90,16.4,-22.68,-72.49
266,90,16.56,-26.998,-75.93
266,90,16.72,-27.508,-76.99
266,90,16.88,-28.664,-79.13
266,90,17.04,-18.146,-69.4
266,90,17.2,-27.44,-79.87
266,90,17.36,-27.716,-80.36
266,90,17.52,-34.596,-87.13
266,90,17.68,-28.652,-81.73
266,90,17.84,-28.658,-81.57
266,90,18,-26.16,-78.97
267,90,2,-13.91,-35.7
267,90,2.16,-11.808,-35.22
267,90,2.32,-17.896,-43.55
267,90,2.48,-22.514,-49.76
267,90,2.64,-18.868,-47.58
267,90,2.8,-16.46,-43.52
267,90,2.96,-11.918,-40.23
267,90,3.12,-21.006,-49.24
267,90,3.28,-25.692,-55.71
267,90,3.44,-17.352,-46
267,90,3.6,-19.47,-46.92
267,90,3.76,-21.924,-51.41
267,90,3.92,-24.392,-51.94
267,90,4.08,-22.032,-49.7
267,90,4.24,-20.876,-49.9
267,90,4.4,-23.06,-52.87
267,90,4.56,-18.286,-48.1
267,90,4.72,-19.964,-49.95
267,90,4.88,-20.83,-50.96
267,90,5.04,-22.92,-52.97
267,90,5.2,-26.6,-58.02
267,90,5.36,-31.26,-62.06
267,90,5.52,-22.378,-52.66
267,90,5.68,-19.68,-51.05
267,90,5.84,-40.582,-72.03
267,90,6,-26.31,-57.85
267,90,6.16,-22.24,-54.28
267,90,6.32,-19.868,-53.36
267,90,6.48,-37.526,-71.61
267,90,6.64,-25.948,-60.34
267,90,6.8,-24.9,-58.4
267,90,6.96,-21.322,-55.65
267,90,7.12,-21.416,-56.01
267,90,7.28,-26.312,-60.69
267,90,7.44,-22.986,-57.32
267,90,7.6,-30.85,-64.25
267,90,7.76,-31.778,-67
267,90,7.92,-22.922,-57.55
267,90,8.08,-25.406,-60.21
267,90,8.24,-27.552,-62.66
267,90,8.4,-26.3,-61.68
267,90,8.56,-23.802,-60.08
267,90,8.72,-30.228,-67.53
267,90,8.88,-33.048,-70.19
267,90,9.04,-29.824,-67.61
267,90,9.2,-23.95,-62.81
267,90,9.36,-22.974,-61.04
267,90,9.52,-32.412,-70.79
267,90,9.68,-32.45,-71.34
267,90,9.84,-25.716,-64.83
267,90,10,-31.9,-70.97
267,90,10.16,-36.068,-75.71
267,90,10.32,-25.592,-65.22
267,90,10.48,-27.888,-67.42
267,90,10.64,-34.728,-74.74
267,90,10.8,-33.3,-73.57
267,90,10.96,-29.716,-69.7
267,90,11.12,-26.366,-66.61
267,90,11.28,-26.986,-67.43
267,90,11.44,-25.042,-65.79
267,90,11.6,-21.93,-62.8
267,90,11.76,-21.914,-63.03
267,90,11.92,-23.254,-64.38
267,90,12.08,-23.42,-65.61
267,90,12.24,-34.644,-76.9
267,90,12.4,-26.35,-69.01
267,90,12.56,-29.93,-74
267,90,12.72,-23.704,-68.26
267,90,12.88,-28.206,-73.41
267,90,13.04,-23.908,-70.41
267,90,13.2,-30.61,-77.39
267,90,13.36,-26.644,-72.86
267,90,13.52,-30.282,-76.29
267,90,13.68,-23.76,-70.44
267,90,13.84,-26.668,-74.15
267,90,14,-37.12,-84.97
267,90,14.16,-25.796,-74.02
267,90,14.32,-29.126,-78.08
267,90,14.48,-19.954,-71.78
267,90,14.64,-17.304,-66.76
267,90,14.8,-25.52,-73.53
267,90,14.96,-28.902,-76.03
267,90,15.12,-24.67,-71.1
267,90,15.28,-25.83,-72.38
267,90,15.44,-27.536,-73.85
267,90,15.6,-28.91,-75.54
267,90,15.76,-27.408,-74.6
267,90,15.92,-24.812,-71.99
267,90,16.08,-19.992,-67.45
267,90,16.24,-17.674,-65.8
267,90,16.4,-20.6,-70.41
267,90,16.56,-23.078,-72.01
267,90,16.72,-20.738,-70.22
267,90,16.88,-24.824,-75.29
267,90,17.04,-21.456,-72.71
267,90,17.2,-24.07,-76.5
267,90,17.36,-21.546,-74.19
267,90,17.52,-34.996,-87.53
267,90,17.68,-35.202,-88.28
267,90,17.84,-24.738,-77.65
267,90,18,-25.17,-77.98
268,90,2,-13.14,-34.93
268,90,2.16,-11.708,-35.12
268,90,2.32,-18.596,-44.25
268,90,2.48,-23.684,-50.93
268,90,2.64,-17.898,-46.61
268,90,2.8,-16.56,-43.62
268,90,2.96,-11.778,-40.09
268,90,3.12,-21.456,-49.69
268,90,3.28,-21.002,-51.02
268,90,3.44,-15.642,-44.29
268,90,3.6,-18.26,-45.71
268,90,3.76,-21.274,-50.76
268,90,3.92,-23.782,-51.33
268,90,4.08,-23.142,-50.81
268,90,4.24,-21.486,-50.51
268,90,4.4,-29.41,-59.22
268,90,4.56,-16.616,-46.43
268,90,4.72,-21.094,-51.08
268,90,4.88,-21.09,-51.22
268,90,5.04,-24.74,-54.79
268,90,5.2,-35.92,-67.34
268,90,5.36,-27,-57.8
268,90,5.52,-20.268,-50.55
268,90,5.68,-20.38,-51.75
268,90,5.84,-37.772,-69.22
268,90,6,-25.36,-56.9
268,90,6.16,-20.91,-52.95
268,90,6.32,-20.578,-54.07
268,90,6.48,-28.686,-62.77
268,90,6.64,-23.858,-58.25
268,90,6.8,-23.7,-57.2
268,90,6.96,-21.622,-55.95
268,90,7.12,-20.616,-55.21
268,90,7.28,-24.612,-58.99
268,90,7.44,-23.076,-57.41
268,90,7.6,-26.56,-59.96
268,90,7.76,-26.578,-61.8
268,90,7.92,-20.462,-55.09
268,90,8.08,-25.676,-60.48
268,90,8.24,-26.272,-61.38
268,90,8.4,-28.28,-63.66
268,90,8.56,-26.982,-63.26
268,90,8.72,-21.838,-59.14
268,90,8.88,-24.818,-61.96
268,90,9.04,-26.684,-64.47
268,90,9.2,-23.87,-62.73
268,90,9.36,-29.114,-67.18
268,90,9.52,-25.282,-63.66
268,90,9.68,-24.95,-63.84
268,90,9.84,-24.466,-63.58
268,90,10,-23.99,-63.06
268,90,10.16,-27.178,-66.82
268,90,10.32,-26.412,-66.04
268,90,10.48,-33.348,-72.88
268,90,10.64,-26.638,-66.65
268,90,10.8,-25.27,-65.54
268,90,10.96,-24.096,-64.08
268,90,11.12,-35.176,-75.42
268,90,11.28,-27.406,-67.85
268,90,11.44,-24.062,-64.81
268,90,11.6,-21.37,-62.24
268,90,11.76,-19.684,-60.8
268,90,11.92,-22.934,-64.06
268,90,12.08,-25.13,-67.32
268,90,12.24,-24.504,-66.76
268,90,12.4,-20.49,-63.15
268,90,12.56,-31.11,-75.18
268,90,12.72,-33.924,-78.48
268,90,12.88,-25.536,-70.74
268,90,13.04,-27.158,-73.66
268,90,13.2,-25.99,-72.77
268,90,13.36,-24.294,-70.51
268,90,13.52,-24.492,-70.5
268,90,13.68,-23.49,-70.17
268,90,13.84,-26.438,-73.92
268,90,14,-31.92,-79.77
268,90,14.16,-26.696,-74.92
268,90,14.32,-24.226,-73.18
268,90,14.48,-17.494,-69.32
268,90,14.64,-16.184,-65.64
268,90,14.8,-24.41,-72.42
268,90,14.96,-31.092,-78.22
268,90,15.12,-32.42,-78.85
268,90,15.28,-33.41,-79.96
268,90,15.44,-22.746,-69.06
268,90,15.6,-21.91,-68.54
268,90,15.76,-25.248,-72.44
268,90,15.92,-33.202,-80.38
268,90,16.08,-29.782,-77.24
268,90,16.24,-32.334,-80.46
268,90,16.4,-20.9,-70.71
268,90,16.56,-16.858,-65.79
268,90,16.72,-25.018,-74.5
268,90,16.88,-19.334,-69.8
268,90,17.04,-20.446,-71.7
268,90,17.2,-20.37,-72.8
268,90,17.36,-21.086,-73.73
268,90,17.52,-28.966,-81.5
268,90,17.68,-42.042,-95.12
268,90,17.84,-21.298,-74.21
268,90,18,-19.26,-72.07
269,90,2,-12.58,-34.37
269,90,2.16,-11.788,-35.2
269,90,2.32,-19.866,-45.52
269,90,2.48,-24.224,-51.47
269,90,2.64,-17.218,-45.93
269,90,2.8,-16.88,-43.94
269,90,2.96,-11.748,-40.06
269,90,3.12,-21.746,-49.98
269,90,3.28,-17.732,-47.75
269,90,3.44,-14.642,-43.29
269,90,3.6,-17.45,-44.9
269,90,3.76,-21.124,-50.61
269,90,3.92,-22.812,-50.36
269,90,4.08,-25.172,-52.84
269,90,4.24,-21.146,-50.17
269,90,4.4,-32.75,-62.56
269,90,4.56,-15.536,-45.35
269,90,4.72,-22.004,-51.99
269,90,4.88,-23.21,-53.34
269,90,5.04,-29.8,-59.85
269,90,5.2,-30.22,-61.64
269,90,5.36,-24.73,-55.53
269,90,5.52,-19.298,-49.58
269,90,5.68,-21,-52.37
269,90,5.84,-39.622,-71.07
269,90,6,-23.76,-55.3
269,90,6.16,-20.97,-53.01
269,90,6.32,-19.898,-53.39
269,90,6.48,-21.946,-56.03
269,90,6.64,-22.078,-56.47
269,90,6.8,-24.21,-57.71
269,90,6.96,-24.142,-58.47
269,90,7.12,-21.426,-56.02
269,90,7.28,-24.752,-59.13
269,90,7.44,-24.446,-58.78
269,90,7.6,-23.54,-56.94
269,90,7.76,-21.598,-56.82
269,90,7.92,-18.822,-53.45
269,90,8.08,-28.996,-63.8
269,90,8.24,-25.542,-60.65
269,90,8.4,-27.69,-63.07
269,90,8.56,-20.672,-56.95
269,90,8.72,-19.368,-56.67
269,90,8.88,-24.728,-61.87
269,90,9.04,-29.844,-67.63
269,90,9.2,-32.6,-71.46
269,90,9.36,-51.544,-89.61
269,90,9.52,-25.032,-63.41
269,90,9.68,-25.16,-64.05
269,90,9.84,-22.056,-61.17
269,90,10,-25.66,-64.73
269,90,10.16,-35.248,-74.89
269,90,10.32,-32.222,-71.85
269,90,10.48,-28.788,-68.32
269,90,10.64,-23.088,-63.1
269,90,10.8,-25.05,-65.32
269,90,10.96,-22.386,-62.37
269,90,11.12,-26.556,-66.8
269,90,11.28,-29.246,-69.69
269,90,11.44,-22.772,-63.52
269,90,11.6,-24.95,-65.82
269,90,11.76,-23.254,-64.37
269,90,11.92,-24.374,-65.5
269,90,12.08,-19.14,-61.33
269,90,12.24,-19.964,-62.22
269,90,12.4,-22.25,-64.91
269,90,12.56,-37.75,-81.82
269,90,12.72,-36.244,-80.8
269,90,12.88,-23.196,-68.4
269,90,13.04,-30.448,-76.95
269,90,13.2,-24.58,-71.36
269,90,13.36,-29.784,-76
269,90,13.52,-18.272,-64.28
269,90,13.68,-30.15,-76.83
269,90,13.84,-27.258,-74.74
269,90,14,-16.42,-64.27
269,90,14.16,-25.426,-73.65
269,90,14.32,-25.146,-74.1
269,90,14.48,-25.334,-77.16
269,90,14.64,-37.464,-86.92
269,90,14.8,-23.55,-71.56
269,90,14.96,-25.992,-73.12
269,90,15.12,-25.61,-72.04
269,90,15.28,-27.37,-73.92
269,90,15.44,-23.716,-70.03
269,90,15.6,-23.96,-70.59
269,90,15.76,-21.818,-69.01
269,90,15.92,-33.672,-80.85
269,90,16.08,-26.622,-74.08
269,90,16.24,-28.714,-76.84
269,90,16.4,-23.93,-73.74
269,90,16.56,-25.638,-74.57
269,90,16.72,-22.408,-71.89
269,90,16.88,-23.244,-73.71
269,90,17.04,-39.956,-91.21
269,90,17.2,-27.91,-80.34
269,90,17.36,-33.956,-86.6
269,90,17.52,-26.556,-79.09
269,90,17.68,-22.452,-75.53
269,90,17.84,-27.008,-79.92
269,90,18,-17.63,-70.44
270,90,2,-12.01,-33.8
270,90,2.16,-12.128,-35.54
270,90,2.32,-20.486,-46.14
270,90,2.48,-22.784,-50.03
270,90,2.64,-17.008,-45.72
270,90,2.8,-17.46,-44.52
270,90,2.96,-12.038,-40.35
270,90,3.12,-20.816,-49.05
270,90,3.28,-15.532,-45.55
270,90,3.44,-13.832,-42.48
270,90,3.6,-16.82,-44.27
270,90,3.76,-21.154,-50.64
270,90,3.92,-22.902,-50.45
270,90,4.08,-25.682,-53.35
270,90,4.24,-21.366,-50.39
270,90,4.4,-23.73,-53.54
270,90,4.56,-15.206,-45.02
270,90,4.72,-23.504,-53.49
270,90,4.88,-27.22,-57.35
270,90,5.04,-42.93,-72.98
270,90,5.2,-23.41,-54.83
270,90,5.36,-23.38,-54.18
270,90,5.52,-18.858,-49.14
270,90,5.68,-21.43,-52.8
270,90,5.84,-34.172,-65.62
270,90,6,-22.09,-53.63
270,90,6.16,-20.31,-52.35
270,90,6.32,-17.878,-51.37
270,90,6.48,-19.576,-53.66
270,90,6.64,-21.788,-56.18
270,90,6.8,-25.3,-58.8
270,90,6.96,-25.192,-59.52
270,90,7.12,-22.556,-57.15
270,90,7.28,-24.692,-59.07
270,90,7.44,-23.836,-58.17
270,90,7.6,-21.82,-55.22
270,90,7.76,-19.358,-54.58
270,90,7.92,-18.662,-53.29
270,90,8.08,-45.686,-80.49
270,90,8.24,-28.262,-63.37
270,90,8.4,-24.91,-60.29
270,90,8.56,-17.992,-54.27
270,90,8.72,-19.858,-57.16
270,90,8.88,-31.668,-68.81
270,90,9.04,-30.734,-68.52
270,90,9.2,-25.86,-64.72
270,90,9.36,-33.634,-71.7
270,90,9.52,-23.242,-61.62
270,90,9.68,-26.92,-65.81
270,90,9.84,-22.086,-61.2
270,90,10,-22.62,-61.69
270,90,10.16,-37.548,-77.19
270,90,10.32,-37.132,-76.76
270,90,10.48,-26.218,-65.75
270,90,10.64,-25.818,-65.83
270,90,10.8,-22.29,-62.56
270,90,10.96,-21.016,-61
270,90,11.12,-21.646,-61.89
270,90,11.28,-24.006,-64.45
270,90,11.44,-27.862,-68.61
270,90,11.6,-29.31,-70.18
270,90,11.76,-21.114,-62.23
270,90,11.92,-24.844,-65.97
270,90,12.08,-19.07,-61.26
270,90,12.24,-22.824,-65.08
270,90,12.4,-24.02,-66.68
270,90,12.56,-35.67,-79.74
270,90,12.72,-27.174,-71.73
270,90,12.88,-25.376,-70.58
270,90,13.04,-28.228,-74.73
270,90,13.2,-23.58,-70.36
270,90,13.36,-24.464,-70.68
270,90,13.52,-24.692,-70.7
270,90,13.68,-27.3,-73.98
270,90,13.84,-22.668,-70.15
270,90,14,-22.87,-70.72
270,90,14.16,-22.526,-70.75
270,90,14.32,-21.436,-70.39
270,90,14.48,-16.534,-68.36
270,90,14.64,-25.204,-74.66
270,90,14.8,-22.96,-70.97
270,90,14.96,-26.732,-73.86
270,90,15.12,-25.25,-71.68
270,90,15.28,-29.23,-75.78
270,90,15.44,-22.726,-69.04
270,90,15.6,-32.61,-79.24
270,90,15.76,-26.928,-74.12
270,90,15.92,-24.852,-72.03
270,90,16.08,-33.822,-81.28
270,90,16.24,-25.404,-73.53
270,90,16.4,-29.56,-79.37
270,90,16.56,-23.248,-72.18
270,90,16.72,-27.568,-77.05
270,90,16.88,-23.084,-73.55
270,90,17.04,-40.776,-92.03
270,90,17.2,-19.43,-71.86
270,90,17.36,-18.346,-70.99
270,90,17.52,-39.866,-92.4
270,90,17.68,-31.862,-84.94
270,90,17.84,-28.758,-81.67
270,90,18,-32.16,-84.97
271,90,2,-11.56,-33.35
271,90,2.16,-12.608,-36.02
271,90,2.32,-20.836,-46.49
271,90,2.48,-21.584,-48.83
271,90,2.64,-16.448,-45.16
271,90,2.8,-18.07,-45.13
271,90,2.96,-12.058,-40.37
271,90,3.12,-19.796,-48.03
271,90,3.28,-13.802,-43.82
271,90,3.44,-13.322,-41.97
271,90,3.6,-16.52,-43.97
271,90,3.76,-20.824,-50.31
271,90,3.92,-22.382,-49.93
271,90,4.08,-25.042,-52.71
271,90,4.24,-21.346,-50.37
271,90,4.4,-19.63,-49.44
271,90,4.56,-15.776,-45.59
271,90,4.72,-22.254,-52.24
271,90,4.88,-31.52,-61.65
271,90,5.04,-28.08,-58.13
271,90,5.2,-19.69,-51.11
271,90,5.36,-21.75,-52.55
271,90,5.52,-19.398,-49.68
271,90,5.68,-24.12,-55.49
271,90,5.84,-30.282,-61.73
271,90,6,-20.28,-51.82
271,90,6.16,-19.31,-51.35
271,90,6.32,-15.758,-49.25
271,90,6.48,-18.826,-52.91
271,90,6.64,-20.978,-55.37
271,90,6.8,-24.38,-57.88
271,90,6.96,-25.702,-60.03
271,90,7.12,-24.836,-59.43
271,90,7.28,-25.492,-59.87
271,90,7.44,-22.716,-57.05
271,90,7.6,-21.21,-54.61
271,90,7.76,-18.548,-53.77
271,90,7.92,-19.632,-54.26
271,90,8.08,-27.356,-62.16
271,90,8.24,-22.752,-57.86
271,90,8.4,-21.62,-57
271,90,8.56,-18.032,-54.31
271,90,8.72,-23.408,-60.71
271,90,8.88,-28.388,-65.53
271,90,9.04,-24.944,-62.73
271,90,9.2,-22.48,-61.34
271,90,9.36,-26.164,-64.23
271,90,9.52,-25.632,-64.01
271,90,9.68,-26.75,-65.64
271,90,9.84,-20.766,-59.88
271,90,10,-26.32,-65.39
271,90,10.16,-32.738,-72.38
271,90,10.32,-27.422,-67.05
271,90,10.48,-22.508,-62.04
271,90,10.64,-28.088,-68.1
271,90,10.8,-22.96,-63.23
271,90,10.96,-19.526,-59.51
271,90,11.12,-22.806,-63.05
271,90,11.28,-24.866,-65.31
271,90,11.44,-26.292,-67.04
271,90,11.6,-22.87,-63.74
271,90,11.76,-22.364,-63.48
271,90,11.92,-21.974,-63.1
271,90,12.08,-22.47,-64.66
271,90,12.24,-24.924,-67.18
271,90,12.4,-23.69,-66.35
271,90,12.56,-25.43,-69.5
271,90,12.72,-27.374,-71.93
271,90,12.88,-33.216,-78.42
271,90,13.04,-32.138,-78.64
271,90,13.2,-20.7,-67.48
271,90,13.36,-19.534,-65.75
271,90,13.52,-21.322,-67.33
271,90,13.68,-21.48,-68.16
271,90,13.84,-23.518,-71
271,90,14,-21.46,-69.31
271,90,14.16,-22.576,-70.8
271,90,14.32,-24.016,-72.97
271,90,14.48,-17.364,-69.19
271,90,14.64,-19.984,-69.44
271,90,14.8,-34.16,-82.17
271,90,14.96,-26.892,-74.02
271,90,15.12,-21.46,-67.89
271,90,15.28,-26.99,-73.54
271,90,15.44,-27.026,-73.34
271,90,15.6,-20.44,-67.07
271,90,15.76,-22.848,-70.04
271,90,15.92,-22.262,-69.44
271,90,16.08,-27.382,-74.84
271,90,16.24,-25.504,-73.63
271,90,16.4,-26.99,-76.8
271,90,16.56,-24.348,-73.28
271,90,16.72,-20.558,-70.04
271,90,16.88,-25.544,-76.01
271,90,17.04,-26.416,-77.67
271,90,17.2,-31.65,-84.08
271,90,17.36,-28.006,-80.65
271,90,17.52,-21.676,-74.21
271,90,17.68,-19.082,-72.16
271,90,17.84,-24.118,-77.03
271,90,18,-25.46,-78.27
272,90,2,-10.84,-32.63
272,90,2.16,-13.078,-36.49
272,90,2.32,-20.436,-46.09
272,90,2.48,-20.484,-47.73
272,90,2.64,-16.178,-44.89
272,90,2.8,-19.13,-46.19
272,90,2.96,-12.188,-40.5
272,90,3.12,-18.026,-46.26
272,90,3.28,-12.692,-42.71
272,90,3.44,-13.322,-41.97
272,90,3.6,-16.66,-44.11
272,90,3.76,-20.324,-49.81
272,90,3.92,-21.762,-49.31
272,90,4.08,-24.012,-51.68
272,90,4.24,-22.136,-51.16
272,90,4.4,-17.3,-47.11
272,90,4.56,-16.936,-46.75
272,90,4.72,-21.614,-51.6
272,90,4.88,-28.63,-58.76
272,90,5.04,-22.08,-52.13
272,90,5.2,-17.02,-48.44
272,90,5.36,-21.32,-52.12
272,90,5.52,-20.138,-50.42
272,90,5.68,-28.93,-60.3
272,90,5.84,-26.962,-58.41
272,90,6,-18.98,-50.52
272,90,6.16,-18.86,-50.9
272,90,6.32,-15.538,-49.03
272,90,6.48,-18.496,-52.58
272,90,6.64,-21.438,-55.83
272,90,6.8,-22.95,-56.45
272,90,6.96,-23.432,-57.76
272,90,7.12,-25.546,-60.14
272,90,7.28,-23.112,-57.49
272,90,7.44,-20.376,-54.71
272,90,7.6,-20.5,-53.9
272,90,7.76,-20.168,-55.39
272,90,7.92,-22.982,-57.61
272,90,8.08,-21.216,-56.02
272,90,8.24,-20.582,-55.69
272,90,8.4,-21.47,-56.85
272,90,8.56,-19.702,-55.98
272,90,8.72,-24.798,-62.1
272,90,8.88,-25.268,-62.41
272,90,9.04,-23.194,-60.98
272,90,9.2,-22.16,-61.02
272,90,9.36,-27.904,-65.97
272,90,9.52,-29.732,-68.11
272,90,9.68,-21.02,-59.91
272,90,9.84,-21.656,-60.77
272,90,10,-27.01,-66.08
272,90,10.16,-30.318,-69.96
272,90,10.32,-22.532,-62.16
272,90,10.48,-21.578,-61.11
272,90,10.64,-23.748,-63.76
272,90,10.8,-21.84,-62.11
272,90,10.96,-20.326,-60.31
272,90,11.12,-37.376,-77.62
272,90,11.28,-23.436,-63.88
272,90,11.44,-21.162,-61.91
272,90,11.6,-20.11,-60.98
272,90,11.76,-23.614,-64.73
272,90,11.92,-29.044,-70.17
272,90,12.08,-33.67,-75.86
272,90,12.24,-25.484,-67.74
272,90,12.4,-21.94,-64.6
272,90,12.56,-23.63,-67.7
272,90,12.72,-27.384,-71.94
272,90,12.88,-21.516,-66.72
272,90,13.04,-31.408,-77.91
272,90,13.2,-16.74,-63.52
272,90,13.36,-20.164,-66.38
272,90,13.52,-26.332,-72.34
272,90,13.68,-20.56,-67.24
272,90,13.84,-24.868,-72.35
272,90,14,-24.56,-72.41
272,90,14.16,-20.446,-68.67
272,90,14.32,-25.636,-74.59
272,90,14.48,-23.724,-75.55
272,90,14.64,-29.554,-79.01
272,90,14.8,-22.79,-70.8
272,90,14.96,-26.792,-73.92
272,90,15.12,-20.8,-67.23
272,90,15.28,-22.69,-69.24
272,90,15.44,-24.466,-70.78
272,90,15.6,-23.36,-69.99
272,90,15.76,-31.668,-78.86
272,90,15.92,-33.532,-80.71
272,90,16.08,-39.792,-87.25
272,90,16.24,-24.264,-72.39
272,90,16.4,-22.07,-71.88
272,90,16.56,-23.558,-72.49
272,90,16.72,-22.678,-72.16
272,90,16.88,-25.504,-75.97
272,90,17.04,-18.656,-69.91
272,90,17.2,-28,-80.43
272,90,17.36,-26.006,-78.65
272,90,17.52,-21.996,-74.53
272,90,17.68,-25.762,-78.84
272,90,17.84,-24.688,-77.6
272,90,18,-25.1,-77.91
273,90,2,-10.42,-32.21
273,90,2.16,-13.718,-37.13
273,90,2.32,-19.456,-45.11
273,90,2.48,-18.774,-46.02
273,90,2.64,-16.388,-45.1
273,90,2.8,-20.2,-47.26
273,90,2.96,-12.058,-40.37
273,90,3.12,-16.546,-44.78
273,90,3.28,-11.942,-41.96
273,90,3.44,-13.132,-41.78
273,90,3.6,-17.37,-44.82
273,90,3.76,-19.214,-48.7
273,90,3.92,-21.822,-49.37
273,90,4.08,-22.732,-50.4
273,90,4.24,-22.566,-51.59
273,90,4.4,-16.38,-46.19
273,90,4.56,-18.096,-47.91
273,90,4.72,-21.564,-51.55
273,90,4.88,-24.53,-54.66
273,90,5.04,-18.55,-48.6
273,90,5.2,-15.77,-47.19
273,90,5.36,-20.43,-51.23
273,90,5.52,-21.808,-52.09
273,90,5.68,-33.44,-64.81
273,90,5.84,-23.992,-55.44
273,90,6,-19.23,-50.77
273,90,6.16,-19.93,-51.97
273,90,6.32,-15.728,-49.22
273,90,6.48,-19.096,-53.18
273,90,6.64,-20.348,-54.74
273,90,6.8,-23.55,-57.05
273,90,6.96,-23.092,-57.42
273,90,7.12,-23.156,-57.75
273,90,7.28,-21.512,-55.89
273,90,7.44,-20.056,-54.39
273,90,7.6,-19.99,-53.39
273,90,7.76,-23.298,-58.52
273,90,7.92,-22.112,-56.74
273,90,8.08,-18.886,-53.69
273,90,8.24,-22.492,-57.6
273,90,8.4,-22.44,-57.82
273,90,8.56,-22.682,-58.96
273,90,8.72,-23.828,-61.13
273,90,8.88,-24.738,-61.88
273,90,9.04,-22.334,-60.12
273,90,9.2,-23.14,-62
273,90,9.36,-24.794,-62.86
273,90,9.52,-25.372,-63.75
273,90,9.68,-21.28,-60.17
273,90,9.84,-25.526,-64.64
273,90,10,-24.86,-63.93
273,90,10.16,-24.498,-64.14
273,90,10.32,-22.012,-61.64
273,90,10.48,-21.108,-60.64
273,90,10.64,-24.228,-64.24
273,90,10.8,-20.46,-60.73
273,90,10.96,-25.776,-65.76
273,90,11.12,-39.816,-80.06
273,90,11.28,-23.276,-63.72
273,90,11.44,-24.812,-65.56
273,90,11.6,-21.57,-62.44
273,90,11.76,-24.334,-65.45
273,90,11.92,-23.094,-64.22
273,90,12.08,-28.32,-70.51
273,90,12.24,-33.804,-76.06
273,90,12.4,-28.51,-71.17
273,90,12.56,-26.81,-70.88
273,90,12.72,-25.644,-70.2
273,90,12.88,-32.386,-77.59
273,90,13.04,-30.798,-77.3
273,90,13.2,-24.15,-70.93
273,90,13.36,-20.354,-66.57
273,90,13.52,-22.122,-68.13
273,90,13.68,-24.34,-71.02
273,90,13.84,-20.348,-67.83
273,90,14,-19.39,-67.24
273,90,14.16,-19.616,-67.84
273,90,14.32,-29.396,-78.35
273,90,14.48,-29.604,-81.43
273,90,14.64,-28.834,-78.29
273,90,14.8,-25.58,-73.59
273,90,14.96,-20.472,-67.6
273,90,15.12,-30.77,-77.2
273,90,15.28,-27.39,-73.94
273,90,15.44,-25.336,-71.65
273,90,15.6,-23.65,-70.28
273,90,15.76,-29.718,-76.91
273,90,15.92,-28.712,-75.89
273,90,16.08,-20.942,-68.4
273,90,16.24,-21.044,-69.17
273,90,16.4,-20.63,-70.44
273,90,16.56,-26.788,-75.72
273,90,16.72,-25.898,-75.38
273,90,16.88,-22.544,-73.01
273,90,17.04,-26.536,-77.79
273,90,17.2,-27.47,-79.9
273,90,17.36,-29.206,-81.85
273,90,17.52,-21.526,-74.06
273,90,17.68,-29.142,-82.22
273,90,17.84,-23.168,-76.08
273,90,18,-29.1,-81.91
274,90,2,-10.05,-31.84
274,90,2.16,-14.158,-37.57
274,90,2.32,-17.566,-43.22
274,90,2.48,-17.284,-44.53
274,90,2.64,-16.468,-45.18
274,90,2.8,-21.05,-48.11
274,90,2.96,-11.818,-40.13
274,90,3.12,-14.676,-42.91
274,90,3.28,-11.432,-41.45
274,90,3.44,-13.432,-42.08
274,90,3.6,-18.63,-46.08
274,90,3.76,-18.214,-47.7
274,90,3.92,-20.822,-48.37
274,90,4.08,-21.532,-49.2
274,90,4.24,-21.216,-50.24
274,90,4.4,-16.31,-46.12
274,90,4.56,-17.166,-46.98
274,90,4.72,-20.684,-50.67
274,90,4.88,-20.6,-50.73
274,90,5.04,-15.69,-45.74
274,90,5.2,-14.93,-46.35
274,90,5.36,-20.4,-51.2
274,90,5.52,-25.228,-55.51
274,90,5.68,-28.78,-60.15
274,90,5.84,-23.722,-55.17
274,90,6,-19.36,-50.9
274,90,6.16,-23.33,-55.37
274,90,6.32,-16.448,-49.94
274,90,6.48,-18.296,-52.38
274,90,6.64,-19.578,-53.97
274,90,6.8,-24.52,-58.02
274,90,6.96,-22.882,-57.21
274,90,7.12,-20.776,-55.37
274,90,7.28,-17.632,-52.01
274,90,7.44,-19.846,-54.18
274,90,7.6,-21.96,-55.36
274,90,7.76,-22.228,-57.45
274,90,7.92,-19.032,-53.66
274,90,8.08,-18.176,-52.98
274,90,8.24,-22.752,-57.86
274,90,8.4,-24.63,-60.01
274,90,8.56,-20.852,-57.13
274,90,8.72,-21.608,-58.91
274,90,8.88,-27.368,-64.51
274,90,9.04,-24.504,-62.29
274,90,9.2,-24.63,-63.49
274,90,9.36,-21.224,-59.29
274,90,9.52,-20.312,-58.69
274,90,9.68,-20.56,-59.45
274,90,9.84,-29.266,-68.38
274,90,10,-23.9,-62.97
274,90,10.16,-21.818,-61.46
274,90,10.32,-22.162,-61.79
274,90,10.48,-20.018,-59.55
274,90,10.64,-22.428,-62.44
274,90,10.8,-22.98,-63.25
274,90,10.96,-29.916,-69.9
274,90,11.12,-44.886,-85.13
274,90,11.28,-25.306,-65.75
274,90,11.44,-28.532,-69.28
274,90,11.6,-24.08,-64.95
274,90,11.76,-23.634,-64.75
274,90,11.92,-19.494,-60.62
274,90,12.08,-19.1,-61.29
274,90,12.24,-23.214,-65.47
274,90,12.4,-22.85,-65.51
274,90,12.56,-24.91,-68.98
274,90,12.72,-35.374,-79.93
274,90,12.88,-30.606,-75.81
274,90,13.04,-28.138,-74.64
274,90,13.2,-22.21,-68.99
274,90,13.36,-23.104,-69.32
274,90,13.52,-28.292,-74.3
274,90,13.68,-32.15,-78.83
274,90,13.84,-27.368,-74.85
274,90,14,-22.94,-70.79
274,90,14.16,-20.616,-68.84
274,90,14.32,-26.236,-75.19
274,90,14.48,-29.524,-81.35
274,90,14.64,-21.614,-71.07
274,90,14.8,-24.69,-72.7
274,90,14.96,-20.592,-67.72
274,90,15.12,-24.59,-71.02
274,90,15.28,-20.57,-67.12
274,90,15.44,-32.116,-78.43
274,90,15.6,-50.22,-96.85
274,90,15.76,-23.778,-70.97
274,90,15.92,-25.502,-72.68
274,90,16.08,-21.462,-68.92
274,90,16.24,-26.604,-74.73
274,90,16.4,-27.48,-77.29
274,90,16.56,-18.908,-67.84
274,90,16.72,-35.158,-84.64
274,90,16.88,-28.834,-79.3
274,90,17.04,-44.416,-95.67
274,90,17.2,-23.63,-76.06
274,90,17.36,-24.966,-77.61
274,90,17.52,-16.936,-69.47
274,90,17.68,-29.462,-82.54
274,90,17.84,-21.758,-74.67
274,90,18,-18.77,-71.58
275,90,2,-9.62,-31.41
275,90,2.16,-14.478,-37.89
275,90,2.32,-16.376,-42.03
275,90,2.48,-16.134,-43.38
275,90,2.64,-16.718,-45.43
275,90,2.8,-20.09,-47.15
275,90,2.96,-11.348,-39.66
275,90,3.12,-12.746,-40.98
275,90,3.28,-11.202,-41.22
275,90,3.44,-14.152,-42.8
275,90,3.6,-19.96,-47.41
275,90,3.76,-17.614,-47.1
275,90,3.92,-19.892,-47.44
275,90,4.08,-20.902,-48.57
275,90,4.24,-19.776,-48.8
275,90,4.4,-16.31,-46.12
275,90,4.56,-15.546,-45.36
275,90,4.72,-19.474,-49.46
275,90,4.88,-18.14,-48.27
275,90,5.04,-14,-44.05
275,90,5.2,-14.22,-45.64
275,90,5.36,-20.57,-51.37
275,90,5.52,-29.308,-59.59
275,90,5.68,-23.5,-54.87
275,90,5.84,-23.262,-54.71
275,90,6,-21.08,-52.62
275,90,6.16,-22.42,-54.46
275,90,6.32,-16.588,-50.08
275,90,6.48,-17.726,-51.81
275,90,6.64,-20.508,-54.9
275,90,6.8,-25.8,-59.3
275,90,6.96,-20.152,-54.48
275,90,7.12,-18.966,-53.56
275,90,7.28,-16.642,-51.02
275,90,7.44,-19.616,-53.95
275,90,7.6,-24.39,-57.79
275,90,7.76,-17.458,-52.68
275,90,7.92,-16.992,-51.62
275,90,8.08,-21.816,-56.62
275,90,8.24,-23.052,-58.16
275,90,8.4,-20.48,-55.86
275,90,8.56,-18.562,-54.84
275,90,8.72,-22.598,-59.9
275,90,8.88,-23.358,-60.5
275,90,9.04,-21.364,-59.15
275,90,9.2,-23.34,-62.2
275,90,9.36,-20.864,-58.93
275,90,9.52,-22.022,-60.4
275,90,9.68,-22.92,-61.81
275,90,9.84,-22.496,-61.61
275,90,10,-22.95,-62.02
275,90,10.16,-24.518,-64.16
275,90,10.32,-24.912,-64.54
275,90,10.48,-25.538,-65.07
275,90,10.64,-24.858,-64.87
275,90,10.8,-21.52,-61.79
275,90,10.96,-26.236,-66.22
275,90,11.12,-22.846,-63.09
275,90,11.28,-31.536,-71.98
275,90,11.44,-23.232,-63.98
275,90,11.6,-27.12,-67.99
275,90,11.76,-18.814,-59.93
275,90,11.92,-21.024,-62.15
275,90,12.08,-21.24,-63.43
275,90,12.24,-22.784,-65.04
275,90,12.4,-23.04,-65.7
275,90,12.56,-22.37,-66.44
275,90,12.72,-29.224,-73.78
275,90,12.88,-22.626,-67.83
275,90,13.04,-32.858,-79.36
275,90,13.2,-26.75,-73.53
275,90,13.36,-23.934,-70.15
275,90,13.52,-30.032,-76.04
275,90,13.68,-27.22,-73.9
275,90,13.84,-19.218,-66.7
275,90,14,-20.72,-68.57
275,90,14.16,-24.376,-72.6
275,90,14.32,-30.036,-78.99
275,90,14.48,-24.234,-76.06
275,90,14.64,-21.784,-71.24
275,90,14.8,-24.08,-72.09
275,90,14.96,-19.482,-66.61
275,90,15.12,-25.29,-71.72
275,90,15.28,-20.27,-66.82
275,90,15.44,-26.686,-73
275,90,15.6,-24.84,-71.47
275,90,15.76,-21.478,-68.67
275,90,15.92,-25.742,-72.92
275,90,16.08,-37.122,-84.58
275,90,16.24,-28.234,-76.36
275,90,16.4,-20.38,-70.19
275,90,16.56,-19.158,-68.09
275,90,16.72,-23.628,-73.11
275,90,16.88,-19.724,-70.19
275,90,17.04,-29.446,-80.7
275,90,17.2,-22.78,-75.21
275,90,17.36,-33.796,-86.44
275,90,17.52,-47.286,-99.82
275,90,17.68,-26.542,-79.62
275,90,17.84,-19.478,-72.39
275,90,18,-18.42,-71.23
276,90,2,-9.26,-31.05
276,90,2.16,-14.438,-37.85
276,90,2.32,-15.206,-40.86
276,90,2.48,-15.514,-42.76
276,90,2.64,-17.198,-45.91
276,90,2.8,-19.19,-46.25
276,90,2.96,-10.618,-38.93
276,90,3.12,-11.476,-39.71
276,90,3.28,-11.262,-41.28
276,90,3.44,-15.152,-43.8
276,90,3.6,-21.17,-48.62
276,90,3.76,-16.804,-46.29
276,90,3.92,-18.452,-46
276,90,4.08,-21.142,-48.81
276,90,4.24,-19.126,-48.15
276,90,4.4,-16.03,-45.84
276,90,4.56,-13.496,-43.31
276,90,4.72,-17.824,-47.81
276,90,4.88,-17.12,-47.25
276,90,5.04,-13.09,-43.14
276,90,5.2,-14.02,-45.44
276,90,5.36,-21.08,-51.88
276,90,5.52,-28.488,-58.77
276,90,5.68,-21.28,-52.65
276,90,5.84,-22.902,-54.35
276,90,6,-22.6,-54.14
276,90,6.16,-20.6,-52.64
276,90,6.32,-15.078,-48.57
276,90,6.48,-17.376,-51.46
276,90,6.64,-21.728,-56.12
276,90,6.8,-25.81,-59.31
276,90,6.96,-17.552,-51.88
276,90,7.12,-17.786,-52.38
276,90,7.28,-16.342,-50.72
276,90,7.44,-23.636,-57.97
276,90,7.6,-23.73,-57.13
276,90,7.76,-15.568,-50.79
276,90,7.92,-17.462,-52.09
276,90,8.08,-29.076,-63.88
276,90,8.24,-20.762,-55.87
276,90,8.4,-21.66,-57.04
276,90,8.56,-18.482,-54.76
276,90,8.72,-21.688,-58.99
276,90,8.88,-21.168,-58.31
276,90,9.04,-19.654,-57.44
276,90,9.2,-21.7,-60.56
276,90,9.36,-22.784,-60.85
276,90,9.52,-23.562,-61.94
276,90,9.68,-22.54,-61.43
276,90,9.84,-21.956,-61.07
276,90,10,-22.18,-61.25
276,90,10.16,-24.588,-64.23
276,90,10.32,-29.962,-69.59
276,90,10.48,-28.318,-67.85
276,90,10.64,-21.778,-61.79
276,90,10.8,-22.45,-62.72
276,90,10.96,-22.866,-62.85
276,90,11.12,-23.326,-63.57
276,90,11.28,-26.266,-66.71
276,90,11.44,-20.792,-61.54
276,90,11.6,-23.35,-64.22
276,90,11.76,-17.934,-59.05
276,90,11.92,-21.964,-63.09
276,90,12.08,-22.41,-64.6
276,90,12.24,-21.454,-63.71
276,90,12.4,-22.89,-65.55
276,90,12.56,-25.67,-69.74
276,90,12.72,-29.604,-74.16
276,90,12.88,-23.826,-69.03
276,90,13.04,-23.798,-70.3
276,90,13.2,-23.09,-69.87
276,90,13.36,-20.874,-67.09
276,90,13.52,-22.412,-68.42
276,90,13.68,-21.35,-68.03
276,90,13.84,-24.258,-71.74
276,90,14,-29.28,-77.13
276,90,14.16,-25.436,-73.66
276,90,14.32,-35.006,-83.96
276,90,14.48,-23.404,-75.23
276,90,14.64,-23.304,-72.76
276,90,14.8,-22.6,-70.61
276,90,14.96,-26.282,-73.41
276,90,15.12,-30.14,-76.57
276,90,15.28,-27.52,-74.07
276,90,15.44,-21.096,-67.41
276,90,15.6,-27.25,-73.88
276,90,15.76,-22.938,-70.13
276,90,15.92,-29.942,-77.12
276,90,16.08,-28.042,-75.5
276,90,16.24,-28.344,-76.47
276,90,16.4,-27.2,-77.01
276,90,16.56,-21.668,-70.6
276,90,16.72,-39.328,-88.81
276,90,16.88,-25.204,-75.67
276,90,17.04,-29.686,-80.94
276,90,17.2,-19.77,-72.2
276,90,17.36,-28.196,-80.84
276,90,17.52,-24.966,-77.5
276,90,17.68,-19.972,-73.05
276,90,17.84,-19.708,-72.62
276,90,18,-24.19,-77
277,90,2,-8.96,-30.75
277,90,2.16,-14.038,-37.45
277,90,2.32,-13.996,-39.65
277,90,2.48,-14.604,-41.85
277,90,2.64,-18.078,-46.79
277,90,2.8,-17.55,-44.61
277,90,2.96,-9.668,-37.98
277,90,3.12,-10.266,-38.5
277,90,3.28,-11.182,-41.2
277,90,3.44,-15.292,-43.94
277,90,3.6,-20.51,-47.96
277,90,3.76,-16.474,-45.96
277,90,3.92,-17.162,-44.71
277,90,4.08,-21.252,-48.92
277,90,4.24,-18.766,-47.79
277,90,4.4,-14.74,-44.55
277,90,4.56,-11.726,-41.54
277,90,4.72,-16.524,-46.51
277,90,4.88,-16.33,-46.46
277,90,5.04,-12.91,-42.96
277,90,5.2,-13.78,-45.2
277,90,5.36,-20.94,-51.74
277,90,5.52,-26.448,-56.73
277,90,5.68,-21.2,-52.57
277,90,5.84,-23.032,-54.48
277,90,6,-23.58,-55.12
277,90,6.16,-18.53,-50.57
277,90,6.32,-15.078,-48.57
277,90,6.48,-18.816,-52.9
277,90,6.64,-24.378,-58.77
277,90,6.8,-20.93,-54.43
277,90,6.96,-16.682,-51.01
277,90,7.12,-17.176,-51.77
277,90,7.28,-18.012,-52.39
277,90,7.44,-24.596,-58.93
277,90,7.6,-20.66,-54.06
277,90,7.76,-15.398,-50.62
277,90,7.92,-22.132,-56.76
277,90,8.08,-24.346,-59.15
277,90,8.24,-19.452,-54.56
277,90,8.4,-22.32,-57.7
277,90,8.56,-17.442,-53.72
277,90,8.72,-19.218,-56.52
277,90,8.88,-19.318,-56.46
277,90,9.04,-21.004,-58.79
277,90,9.2,-23.25,-62.11
277,90,9.36,-22.734,-60.8
277,90,9.52,-22.072,-60.45
277,90,9.68,-21.44,-60.33
277,90,9.84,-21.746,-60.86
277,90,10,-22.09,-61.16
277,90,10.16,-26.738,-66.38
277,90,10.32,-28.472,-68.1
277,90,10.48,-22.588,-62.12
277,90,10.64,-24.008,-64.02
277,90,10.8,-26.17,-66.44
277,90,10.96,-24.236,-64.22
277,90,11.12,-22.866,-63.11
277,90,11.28,-31.706,-72.15
277,90,11.44,-20.082,-60.83
277,90,11.6,-21.49,-62.36
277,90,11.76,-21.984,-63.1
277,90,11.92,-22.194,-63.32
277,90,12.08,-28.79,-70.98
277,90,12.24,-28.024,-70.28
277,90,12.4,-27.26,-69.92
277,90,12.56,-26.68,-70.75
277,90,12.72,-34.004,-78.56
277,90,12.88,-21.316,-66.52
277,90,13.04,-26.838,-73.34
277,90,13.2,-21.68,-68.46
277,90,13.36,-19.654,-65.87
277,90,13.52,-17.022,-63.03
277,90,13.68,-21.65,-68.33
277,90,13.84,-21.338,-68.82
277,90,14,-25.27,-73.12
277,90,14.16,-23.016,-71.24
277,90,14.32,-23.206,-72.16
277,90,14.48,-24.414,-76.24
277,90,14.64,-23.594,-73.05
277,90,14.8,-24.66,-72.67
277,90,14.96,-26.232,-73.36
277,90,15.12,-21.1,-67.53
277,90,15.28,-30.52,-77.07
277,90,15.44,-17.616,-63.93
277,90,15.6,-19.72,-66.35
277,90,15.76,-23.178,-70.37
277,90,15.92,-24.642,-71.82
277,90,16.08,-28.962,-76.42
277,90,16.24,-25.754,-73.88
277,90,16.4,-28.13,-77.94
277,90,16.56,-23.308,-72.24
277,90,16.72,-36.278,-85.76
277,90,16.88,-28.394,-78.86
277,90,17.04,-26.506,-77.76
277,90,17.2,-21.12,-73.55
277,90,17.36,-22.346,-74.99
277,90,17.52,-21.566,-74.1
277,90,17.68,-17.362,-70.44
277,90,17.84,-24.968,-77.88
277,90,18,-22.52,-75.33
278,90,2,-8.74,-30.53
278,90,2.16,-13.318,-36.73
278,90,2.32,-13.056,-38.71
278,90,2.48,-13.994,-41.24
278,90,2.64,-18.958,-47.67
278,90,2.8,-16.18,-43.24
278,90,2.96,-8.918,-37.23
278,90,3.12,-9.226,-37.46
278,90,3.28,-11.862,-41.88
278,90,3.44,-16.362,-45.01
278,90,3.6,-17.77,-45.22
278,90,3.76,-16.234,-45.72
278,90,3.92,-15.642,-43.19
278,90,4.08,-21.852,-49.52
278,90,4.24,-18.506,-47.53
278,90,4.4,-13,-42.81
278,90,4.56,-10.896,-40.71
278,90,4.72,-15.114,-45.1
278,90,4.88,-15.91,-46.04
278,90,5.04,-13.24,-43.29
278,90,5.2,-13.21,-44.63
278,90,5.36,-21.38,-52.18
278,90,5.52,-25.818,-56.1
278,90,5.68,-20.39,-51.76
278,90,5.84,-23.362,-54.81
278,90,6,-23.09,-54.63
278,90,6.16,-17.93,-49.97
278,90,6.32,-14.728,-48.22
278,90,6.48,-19.206,-53.29
278,90,6.64,-20.978,-55.37
278,90,6.8,-18.15,-51.65
278,90,6.96,-16.502,-50.83
278,90,7.12,-18.336,-52.93
278,90,7.28,-19.992,-54.37
278,90,7.44,-20.746,-55.08
278,90,7.6,-17.94,-51.34
278,90,7.76,-17.128,-52.35
278,90,7.92,-42.522,-77.15
278,90,8.08,-19.776,-54.58
278,90,8.24,-22.192,-57.3
278,90,8.4,-22.44,-57.82
278,90,8.56,-17.522,-53.8
278,90,8.72,-17.118,-54.42
278,90,8.88,-20.658,-57.8
278,90,9.04,-22.354,-60.14
278,90,9.2,-22.8,-61.66
278,90,9.36,-22.454,-60.52
278,90,9.52,-20.842,-59.22
278,90,9.68,-21.84,-60.73
278,90,9.84,-23.806,-62.92
278,90,10,-27.74,-66.81
278,90,10.16,-32.888,-72.53
278,90,10.32,-24.452,-64.08
278,90,10.48,-25.268,-64.8
278,90,10.64,-30.328,-70.34
278,90,10.8,-23.59,-63.86
278,90,10.96,-27.746,-67.73
278,90,11.12,-25.606,-65.85
278,90,11.28,-26.986,-67.43
278,90,11.44,-21.532,-62.28
278,90,11.6,-18.55,-59.42
278,90,11.76,-23.204,-64.32
278,90,11.92,-20.814,-61.94
278,90,12.08,-27.45,-69.64
278,90,12.24,-38.274,-80.53
278,90,12.4,-22.45,-65.11
278,90,12.56,-24.73,-68.8
278,90,12.72,-25.594,-70.15
278,90,12.88,-26.746,-71.95
278,90,13.04,-26.578,-73.08
278,90,13.2,-24.21,-70.99
278,90,13.36,-22.254,-68.47
278,90,13.52,-23.612,-69.62
278,90,13.68,-31.4,-78.08
278,90,13.84,-23.808,-71.29
278,90,14,-18.79,-66.64
278,90,14.16,-15.996,-64.22
278,90,14.32,-18.976,-67.93
278,90,14.48,-24.054,-75.88
278,90,14.64,-24.524,-73.98
278,90,14.8,-31.19,-79.2
278,90,14.96,-28.872,-76
278,90,15.12,-21.91,-68.34
278,90,15.28,-23.26,-69.81
278,90,15.44,-20.916,-67.23
278,90,15.6,-20.56,-67.19
278,90,15.76,-24.688,-71.88
278,90,15.92,-31.052,-78.23
278,90,16.08,-27.212,-74.67
278,90,16.24,-24.404,-72.53
278,90,16.4,-19.65,-69.46
278,90,16.56,-23.958,-72.89
278,90,16.72,-21.198,-70.68
278,90,16.88,-29.914,-80.38
278,90,17.04,-17.586,-68.84
278,90,17.2,-20.93,-73.36
278,90,17.36,-22.496,-75.14
278,90,17.52,-26.026,-78.56
278,90,17.68,-19.222,-72.3
278,90,17.84,-22.398,-75.31
278,90,18,-21.8,-74.61
279,90,2,-8.43,-30.22
279,90,2.16,-12.578,-35.99
279,90,2.32,-12.286,-37.94
279,90,2.48,-13.364,-40.61
279,90,2.64,-19.858,-48.57
279,90,2.8,-15.17,-42.23
279,90,2.96,-7.948,-36.26
279,90,3.12,-8.726,-36.96
279,90,3.28,-12.732,-42.75
279,90,3.44,-16.742,-45.39
279,90,3.6,-15.88,-43.33
279,90,3.76,-16.384,-45.87
279,90,3.92,-15.052,-42.6
279,90,4.08,-21.462,-49.13
279,90,4.24,-18.146,-47.17
279,90,4.4,-11.53,-41.34
279,90,4.56,-10.446,-40.26
279,90,4.72,-14.414,-44.4
279,90,4.88,-15.33,-45.46
279,90,5.04,-13.68,-43.73
279,90,5.2,-12.7,-44.12
279,90,5.36,-21.67,-52.47
279,90,5.52,-26.978,-57.26
279,90,5.68,-19.06,-50.43
279,90,5.84,-23.642,-55.09
279,90,6,-22.73,-54.27
279,90,6.16,-17.22,-49.26
279,90,6.32,-14.808,-48.3
279,90,6.48,-17.986,-52.07
279,90,6.64,-18.698,-53.09
279,90,6.8,-17.02,-50.52
279,90,6.96,-18.402,-52.73
279,90,7.12,-18.056,-52.65
279,90,7.28,-19.432,-53.81
279,90,7.44,-18.356,-52.69
279,90,7.6,-17.73,-51.13
279,90,7.76,-21.018,-56.24
279,90,7.92,-23.072,-57.7
279,90,8.08,-18.526,-53.33
279,90,8.24,-22.812,-57.92
279,90,8.4,-22.32,-57.7
279,90,8.56,-16.532,-52.81
279,90,8.72,-17.478,-54.78
279,90,8.88,-24.418,-61.56
279,90,9.04,-20.964,-58.75
279,90,9.2,-22.04,-60.9
279,90,9.36,-20.084,-58.15
279,90,9.52,-20.432,-58.81
279,90,9.68,-25.2,-64.09
279,90,9.84,-21.326,-60.44
279,90,10,-25.01,-64.08
279,90,10.16,-33.438,-73.08
279,90,10.32,-26.202,-65.83
279,90,10.48,-34.368,-73.9
279,90,10.64,-23.078,-63.09
279,90,10.8,-24.67,-64.94
279,90,10.96,-24.296,-64.28
279,90,11.12,-24.806,-65.05
279,90,11.28,-24.826,-65.27
279,90,11.44,-21.622,-62.37
279,90,11.6,-21.1,-61.97
279,90,11.76,-20.694,-61.81
279,90,11.92,-18.204,-59.33
279,90,12.08,-23.69,-65.88
279,90,12.24,-20.724,-62.98
279,90,12.4,-18.97,-61.63
279,90,12.56,-26.01,-70.08
279,90,12.72,-25.234,-69.79
279,90,12.88,-28.036,-73.24
279,90,13.04,-26.908,-73.41
279,90,13.2,-22.4,-69.18
279,90,13.36,-26.794,-73.01
279,90,13.52,-26.472,-72.48
279,90,13.68,-19.97,-66.65
279,90,13.84,-24.878,-72.36
279,90,14,-22.4,-70.25
279,90,14.16,-26.416,-74.64
279,90,14.32,-23.506,-72.46
279,90,14.48,-28.894,-80.72
279,90,14.64,-20.044,-69.5
279,90,14.8,-20.98,-68.99
279,90,14.96,-26.132,-73.26
279,90,15.12,-26.9,-73.33
279,90,15.28,-22.81,-69.36
279,90,15.44,-19.496,-65.81
279,90,15.6,-23.91,-70.54
279,90,15.76,-28.548,-75.74
279,90,15.92,-23.962,-71.14
279,90,16.08,-21.252,-68.71
279,90,16.24,-29.704,-77.83
279,90,16.4,-16.93,-66.74
279,90,16.56,-23.698,-72.63
279,90,16.72,-20.578,-70.06
279,90,16.88,-21.994,-72.46
279,90,17.04,-22.266,-73.52
279,90,17.2,-20.28,-72.71
279,90,17.36,-24.526,-77.17
279,90,17.52,-23.666,-76.2
279,90,17.68,-21.402,-74.48
279,90,17.84,-27.728,-80.64
279,90,18,-25.48,-78.29
280,90,2,-8.25,-30.04
280,90,2.16,-11.578,-34.99
280,90,2.32,-11.576,-37.23
280,90,2.48,-12.934,-40.18
280,90,2.64,-20.758,-49.47
280,90,2.8,-14.22,-41.28
280,90,2.96,-7.168,-35.48
280,90,3.12,-8.386,-36.62
280,90,3.28,-13.132,-43.15
280,90,3.44,-16.212,-44.86
280,90,3.6,-13.96,-41.41
280,90,3.76,-15.404,-44.89
280,90,3.92,-14.752,-42.3
280,90,4.08,-19.912,-47.58
280,90,4.24,-18.566,-47.59
280,90,4.4,-10.4,-40.21
280,90,4.56,-9.786,-39.6
280,90,4.72,-13.754,-43.74
280,90,4.88,-14.86,-44.99
280,90,5.04,-14.14,-44.19
280,90,5.2,-12.48,-43.9
280,90,5.36,-22.07,-52.87
280,90,5.52,-25.878,-56.16
280,90,5.68,-17.21,-48.58
280,90,5.84,-25.152,-56.6
280,90,6,-23.27,-54.81
280,90,6.16,-18.23,-50.27
280,90,6.32,-15.128,-48.62
280,90,6.48,-16.076,-50.16
280,90,6.64,-16.698,-51.09
280,90,6.8,-17.22,-50.72
280,90,6.96,-19.902,-54.23
280,90,7.12,-17.966,-52.56
280,90,7.28,-16.912,-51.29
280,90,7.44,-19.746,-54.08
280,90,7.6,-19.28,-52.68
280,90,7.76,-23.548,-58.77
280,90,7.92,-18.212,-52.84
280,90,8.08,-19.936,-54.74
280,90,8.24,-21.332,-56.44
280,90,8.4,-19.64,-55.02
280,90,8.56,-16.202,-52.48
280,90,8.72,-19.188,-56.49
280,90,8.88,-24.568,-61.71
280,90,9.04,-20.654,-58.44
280,90,9.2,-19.09,-57.95
280,90,9.36,-20.994,-59.06
280,90,9.52,-21.782,-60.16
280,90,9.68,-29.27,-68.16
280,90,9.84,-22.956,-62.07
280,90,10,-22.09,-61.16
280,90,10.16,-25.988,-65.63
280,90,10.32,-27.812,-67.44
280,90,10.48,-27.368,-66.9
280,90,10.64,-21.668,-61.68
280,90,10.8,-23.47,-63.74
280,90,10.96,-20.866,-60.85
280,90,11.12,-26.106,-66.35
280,90,11.28,-26.326,-66.77
280,90,11.44,-25.382,-66.13
280,90,11.6,-20.67,-61.54
280,90,11.76,-20.354,-61.47
280,90,11.92,-19.594,-60.72
280,90,12.08,-18.89,-61.08
280,90,12.24,-19.304,-61.56
280,90,12.4,-20.48,-63.14
280,90,12.56,-25.2,-69.27
280,90,12.72,-27.134,-71.69
280,90,12.88,-20.126,-65.33
280,90,13.04,-27.668,-74.17
280,90,13.2,-21.02,-67.8
280,90,13.36,-29.054,-75.27
280,90,13.52,-21.142,-67.15
280,90,13.68,-18.26,-64.94
280,90,13.84,-20.668,-68.15
280,90,14,-25.22,-73.07
280,90,14.16,-20.026,-68.25
280,90,14.32,-22.966,-71.92
280,90,14.48,-36.664,-88.49
280,90,14.64,-22.124,-71.58
280,90,14.8,-19.83,-67.84
280,90,14.96,-49.162,-96.29
280,90,15.12,-21.97,-68.4
280,90,15.28,-23.12,-69.67
280,90,15.44,-25.376,-71.69
280,90,15.6,-20.48,-67.11
280,90,15.76,-26.758,-73.95
280,90,15.92,-22.452,-69.63
280,90,16.08,-24.602,-72.06
280,90,16.24,-27.094,-75.22
280,90,16.4,-22.81,-72.62
280,90,16.56,-17.978,-66.91
280,90,16.72,-20.818,-70.3
280,90,16.88,-20.994,-71.46
280,90,17.04,-22.816,-74.07
280,90,17.2,-16.65,-69.08
280,90,17.36,-20.196,-72.84
280,90,17.52,-23.826,-76.36
280,90,17.68,-28.362,-81.44
280,90,17.84,-17.078,-69.99
280,90,18,-17.76,-70.57
281,90,2,-7.95,-29.74
281,90,2.16,-10.888,-34.3
281,90,2.32,-10.976,-36.63
281,90,2.48,-12.494,-39.74
281,90,2.64,-21.578,-50.29
281,90,2.8,-13.47,-40.53
281,90,2.96,-6.378,-34.69
281,90,3.12,-8.286,-36.52
281,90,3.28,-13.652,-43.67
281,90,3.44,-15.352,-44
281,90,3.6,-12.92,-40.37
281,90,3.76,-14.594,-44.08
281,90,3.92,-14.722,-42.27
281,90,4.08,-18.152,-45.82
281,90,4.24,-18.246,-47.27
281,90,4.4,-9.95,-39.76
281,90,4.56,-9.476,-39.29
281,90,4.72,-13.844,-43.83
281,90,4.88,-14.61,-44.74
281,90,5.04,-14.49,-44.54
281,90,5.2,-12.63,-44.05
281,90,5.36,-23.09,-53.89
281,90,5.52,-23.228,-53.51
281,90,5.68,-16.33,-47.7
281,90,5.84,-26.262,-57.71
281,90,6,-22.99,-54.53
281,90,6.16,-19.01,-51.05
281,90,6.32,-13.998,-47.49
281,90,6.48,-14.806,-48.89
281,90,6.64,-16.428,-50.82
281,90,6.8,-18.67,-52.17
281,90,6.96,-23.112,-57.44
281,90,7.12,-16.726,-51.32
281,90,7.28,-16.612,-50.99
281,90,7.44,-19.756,-54.09
281,90,7.6,-19.05,-52.45
281,90,7.76,-19.628,-54.85
281,90,7.92,-16.752,-51.38
281,90,8.08,-23.876,-58.68
281,90,8.24,-19.002,-54.11
281,90,8.4,-18.23,-53.61
281,90,8.56,-16.602,-52.88
281,90,8.72,-20.018,-57.32
281,90,8.88,-21.588,-58.73
281,90,9.04,-21.504,-59.29
281,90,9.2,-18.76,-57.62
281,90,9.36,-22.524,-60.59
281,90,9.52,-24.522,-62.9
281,90,9.68,-28.97,-67.86
281,90,9.84,-23.156,-62.27
281,90,10,-22.83,-61.9
281,90,10.16,-31.298,-70.94
281,90,10.32,-24.472,-64.1
281,90,10.48,-22.948,-62.48
281,90,10.64,-19.828,-59.84
281,90,10.8,-20.34,-60.61
281,90,10.96,-21.466,-61.45
281,90,11.12,-32.056,-72.3
281,90,11.28,-21.036,-61.48
281,90,11.44,-21.112,-61.86
281,90,11.6,-20.13,-61
281,90,11.76,-19.824,-60.94
281,90,11.92,-18.584,-59.71
281,90,12.08,-17.39,-59.58
281,90,12.24,-28.964,-71.22
281,90,12.4,-19.63,-62.29
281,90,12.56,-25.03,-69.1
281,90,12.72,-21.464,-66.02
281,90,12.88,-27.686,-72.89
281,90,13.04,-29.268,-75.77
281,90,13.2,-22.19,-68.97
281,90,13.36,-19.104,-65.32
281,90,13.52,-24.532,-70.54
281,90,13.68,-16.16,-62.84
281,90,13.84,-22.628,-70.11
281,90,14,-20.29,-68.14
281,90,14.16,-15.586,-63.81
281,90,14.32,-24.436,-73.39
281,90,14.48,-25.034,-76.86
281,90,14.64,-24.224,-73.68
281,90,14.8,-18.07,-66.08
281,90,14.96,-24.792,-71.92
281,90,15.12,-23.86,-70.29
281,90,15.28,-24.26,-70.81
281,90,15.44,-27.846,-74.16
281,90,15.6,-20.23,-66.86
281,90,15.76,-23.418,-70.61
281,90,15.92,-25.722,-72.9
281,90,16.08,-22.282,-69.74
281,90,16.24,-27.364,-75.49
281,90,16.4,-24.94,-74.75
281,90,16.56,-24.968,-73.9
281,90,16.72,-29.488,-78.97
281,90,16.88,-22.734,-73.2
281,90,17.04,-21.206,-72.46
281,90,17.2,-18.09,-70.52
281,90,17.36,-30.436,-83.08
281,90,17.52,-17.546,-70.08
281,90,17.68,-25.082,-78.16
281,90,17.84,-20.248,-73.16
281,90,18,-22.66,-75.47
282,90,2,-7.73,-29.52
282,90,2.16,-10.098,-33.51
282,90,2.32,-10.286,-35.94
282,90,2.48,-12.254,-39.5
282,90,2.64,-21.318,-50.03
282,90,2.8,-12.81,-39.87
282,90,2.96,-5.77800000000001,-34.09
282,90,3.12,-8.576,-36.81
282,90,3.28,-13.802,-43.82
282,90,3.44,-13.142,-41.79
282,90,3.6,-12.37,-39.82
282,90,3.76,-13.514,-43
282,90,3.92,-14.832,-42.38
282,90,4.08,-16.592,-44.26
282,90,4.24,-17.546,-46.57
282,90,4.4,-9.85,-39.66
282,90,4.56,-9.186,-39
282,90,4.72,-13.674,-43.66
282,90,4.88,-15.4,-45.53
282,90,5.04,-14.11,-44.16
282,90,5.2,-13.38,-44.8
282,90,5.36,-22.31,-53.11
282,90,5.52,-20.578,-50.86
282,90,5.68,-16.06,-47.43
282,90,5.84,-29.452,-60.9
282,90,6,-21.18,-52.72
282,90,6.16,-19.5,-51.54
282,90,6.32,-12.988,-46.48
282,90,6.48,-15.436,-49.52
282,90,6.64,-18.028,-52.42
282,90,6.8,-21.55,-55.05
282,90,6.96,-20.452,-54.78
282,90,7.12,-16.106,-50.7
282,90,7.28,-18.112,-52.49
282,90,7.44,-21.346,-55.68
282,90,7.6,-18.96,-52.36
282,90,7.76,-17.538,-52.76
282,90,7.92,-16.742,-51.37
282,90,8.08,-20.886,-55.69
282,90,8.24,-17.602,-52.71
282,90,8.4,-17.86,-53.24
282,90,8.56,-18.222,-54.5
282,90,8.72,-19.818,-57.12
282,90,8.88,-20.078,-57.22
282,90,9.04,-21.714,-59.5
282,90,9.2,-21.12,-59.98
282,90,9.36,-23.834,-61.9
282,90,9.52,-22.952,-61.33
282,90,9.68,-27.94,-66.83
282,90,9.84,-20.516,-59.63
282,90,10,-24.01,-63.08
282,90,10.16,-28.828,-68.47
282,90,10.32,-21.592,-61.22
282,90,10.48,-20.978,-60.51
282,90,10.64,-20.338,-60.35
282,90,10.8,-22.57,-62.84
282,90,10.96,-20.706,-60.69
282,90,11.12,-25.526,-65.77
282,90,11.28,-19.146,-59.59
282,90,11.44,-18.742,-59.49
282,90,11.6,-17.48,-58.35
282,90,11.76,-16.644,-57.76
282,90,11.92,-18.664,-59.79
282,90,12.08,-22.02,-64.21
282,90,12.24,-21.344,-63.6
282,90,12.4,-21.1,-63.76
282,90,12.56,-22.76,-66.83
282,90,12.72,-23.284,-67.84
282,90,12.88,-23.956,-69.16
282,90,13.04,-22.608,-69.11
282,90,13.2,-20.93,-67.71
282,90,13.36,-20.234,-66.45
282,90,13.52,-23.512,-69.52
282,90,13.68,-18.49,-65.17
282,90,13.84,-20.288,-67.77
282,90,14,-22.49,-70.34
282,90,14.16,-22.836,-71.06
282,90,14.32,-26.796,-75.75
282,90,14.48,-18.834,-70.66
282,90,14.64,-21.284,-70.74
282,90,14.8,-19.7,-67.71
282,90,14.96,-20.372,-67.5
282,90,15.12,-27.67,-74.1
282,90,15.28,-19.73,-66.28
282,90,15.44,-26.906,-73.22
282,90,15.6,-23.44,-70.07
282,90,15.76,-21.478,-68.67
282,90,15.92,-20.372,-67.55
282,90,16.08,-23.482,-70.94
282,90,16.24,-26.444,-74.57
282,90,16.4,-24.62,-74.43
282,90,16.56,-28.108,-77.04
282,90,16.72,-25.138,-74.62
282,90,16.88,-20.284,-70.75
282,90,17.04,-29.946,-81.2
282,90,17.2,-26.4,-78.83
282,90,17.36,-20.586,-73.23
282,90,17.52,-26.216,-78.75
282,90,17.68,-20.282,-73.36
282,90,17.84,-29.098,-82.01
282,90,18,-24.4,-77.21
283,90,2,-7.57,-29.36
283,90,2.16,-9.378,-32.79
283,90,2.32,-9.786,-35.44
283,90,2.48,-12.064,-39.31
283,90,2.64,-20.408,-49.12
283,90,2.8,-12.22,-39.28
283,90,2.96,-5.228,-33.54
283,90,3.12,-9.17599999999999,-37.41
283,90,3.28,-13.842,-43.86
283,90,3.44,-11.282,-39.93
283,90,3.6,-12.1,-39.55
283,90,3.76,-12.804,-42.29
283,90,3.92,-15.072,-42.62
283,90,4.08,-15.322,-42.99
283,90,4.24,-17.156,-46.18
283,90,4.4,-10.07,-39.88
283,90,4.56,-9.326,-39.14
283,90,4.72,-13.784,-43.77
283,90,4.88,-15.88,-46.01
283,90,5.04,-13.87,-43.92
283,90,5.2,-14.52,-45.94
283,90,5.36,-21.83,-52.63
283,90,5.52,-18.068,-48.35
283,90,5.68,-15.93,-47.3
283,90,5.84,-36.732,-68.18
283,90,6,-19.95,-51.49
283,90,6.16,-19.75,-51.79
283,90,6.32,-13.288,-46.78
283,90,6.48,-17.086,-51.17
283,90,6.64,-18.368,-52.76
283,90,6.8,-21.08,-54.58
283,90,6.96,-19.132,-53.46
283,90,7.12,-16.346,-50.94
283,90,7.28,-20.192,-54.57
283,90,7.44,-18.236,-52.57
283,90,7.6,-19,-52.4
283,90,7.76,-17.558,-52.78
283,90,7.92,-18.072,-52.7
283,90,8.08,-18.886,-53.69
283,90,8.24,-17.922,-53.03
283,90,8.4,-19.07,-54.45
283,90,8.56,-19.702,-55.98
283,90,8.72,-16.148,-53.45
283,90,8.88,-20.358,-57.5
283,90,9.04,-20.654,-58.44
283,90,9.2,-21.98,-60.84
283,90,9.36,-22.374,-60.44
283,90,9.52,-21.182,-59.56
283,90,9.68,-24.95,-63.84
283,90,9.84,-19.436,-58.55
283,90,10,-25.39,-64.46
283,90,10.16,-23.128,-62.77
283,90,10.32,-21.012,-60.64
283,90,10.48,-20.478,-60.01
283,90,10.64,-23.208,-63.22
283,90,10.8,-22.8,-63.07
283,90,10.96,-20.536,-60.52
283,90,11.12,-20.616,-60.86
283,90,11.28,-20.936,-61.38
283,90,11.44,-18.592,-59.34
283,90,11.6,-17.08,-57.95
283,90,11.76,-17.514,-58.63
283,90,11.92,-22.814,-63.94
283,90,12.08,-21.21,-63.4
283,90,12.24,-19.074,-61.33
283,90,12.4,-21.43,-64.09
283,90,12.56,-20.01,-64.08
283,90,12.72,-19.414,-63.97
283,90,12.88,-19.706,-64.91
283,90,13.04,-21.538,-68.04
283,90,13.2,-20.3,-67.08
283,90,13.36,-19.184,-65.4
283,90,13.52,-22.902,-68.91
283,90,13.68,-17.44,-64.12
283,90,13.84,-18.698,-66.18
283,90,14,-19.11,-66.96
283,90,14.16,-21.456,-69.68
283,90,14.32,-19.756,-68.71
283,90,14.48,-19.974,-71.8
283,90,14.64,-27.174,-76.63
283,90,14.8,-26.17,-74.18
283,90,14.96,-23.042,-70.17
283,90,15.12,-21.24,-67.67
283,90,15.28,-26.59,-73.14
283,90,15.44,-19.356,-65.67
283,90,15.6,-21.25,-67.88
283,90,15.76,-22.728,-69.92
283,90,15.92,-35.482,-82.66
283,90,16.08,-27.972,-75.43
283,90,16.24,-27.384,-75.51
283,90,16.4,-25.67,-75.48
283,90,16.56,-27.108,-76.04
283,90,16.72,-25.788,-75.27
283,90,16.88,-19.234,-69.7
283,90,17.04,-19.076,-70.33
283,90,17.2,-17.3,-69.73
283,90,17.36,-19.346,-71.99
283,90,17.52,-19.436,-71.97
283,90,17.68,-18.322,-71.4
283,90,17.84,-26.298,-79.21
283,90,18,-18.87,-71.68
284,90,2,-7.33,-29.12
284,90,2.16,-8.758,-32.17
284,90,2.32,-9.226,-34.88
284,90,2.48,-11.994,-39.24
284,90,2.64,-18.618,-47.33
284,90,2.8,-11.83,-38.89
284,90,2.96,-4.868,-33.18
284,90,3.12,-9.846,-38.08
284,90,3.28,-12.962,-42.98
284,90,3.44,-9.812,-38.46
284,90,3.6,-11.8,-39.25
284,90,3.76,-12.084,-41.57
284,90,3.92,-14.742,-42.29
284,90,4.08,-14.512,-42.18
284,90,4.24,-16.816,-45.84
284,90,4.4,-10.56,-40.37
284,90,4.56,-9.506,-39.32
284,90,4.72,-14.104,-44.09
284,90,4.88,-16.4,-46.53
284,90,5.04,-13.54,-43.59
284,90,5.2,-15.84,-47.26
284,90,5.36,-19.73,-50.53
284,90,5.52,-17.298,-47.58
284,90,5.68,-17.26,-48.63
284,90,5.84,-30.682,-62.13
284,90,6,-18.98,-50.52
284,90,6.16,-19.88,-51.92
284,90,6.32,-14.838,-48.33
284,90,6.48,-19.696,-53.78
284,90,6.64,-17.858,-52.25
284,90,6.8,-20.92,-54.42
284,90,6.96,-19.602,-53.93
284,90,7.12,-15.846,-50.44
284,90,7.28,-19.162,-53.54
284,90,7.44,-16.006,-50.34
284,90,7.6,-20.44,-53.84
284,90,7.76,-18.858,-54.08
284,90,7.92,-18.262,-52.89
284,90,8.08,-17.196,-52
284,90,8.24,-19.222,-54.33
284,90,8.4,-23.9,-59.28
284,90,8.56,-17.132,-53.41
284,90,8.72,-15.008,-52.31
284,90,8.88,-18.808,-55.95
284,90,9.04,-22.674,-60.46
284,90,9.2,-21.15,-60.01
284,90,9.36,-23.414,-61.48
284,90,9.52,-22.252,-60.63
284,90,9.68,-24.13,-63.02
284,90,9.84,-21.426,-60.54
284,90,10,-21.25,-60.32
284,90,10.16,-20.858,-60.5
284,90,10.32,-25.332,-64.96
284,90,10.48,-21.508,-61.04
284,90,10.64,-22.818,-62.83
284,90,10.8,-19.88,-60.15
284,90,10.96,-20.566,-60.55
284,90,11.12,-22.876,-63.12
284,90,11.28,-21.876,-62.32
284,90,11.44,-16.072,-56.82
284,90,11.6,-18.51,-59.38
284,90,11.76,-18.804,-59.92
284,90,11.92,-20.814,-61.94
284,90,12.08,-19.31,-61.5
284,90,12.24,-18.274,-60.53
284,90,12.4,-21.25,-63.91
284,90,12.56,-22.38,-66.45
284,90,12.72,-19.764,-64.32
284,90,12.88,-24.606,-69.81
284,90,13.04,-24.248,-70.75
284,90,13.2,-23.66,-70.44
284,90,13.36,-19.734,-65.95
284,90,13.52,-29.802,-75.81
284,90,13.68,-19.39,-66.07
284,90,13.84,-20.828,-68.31
284,90,14,-27.65,-75.5
284,90,14.16,-29.006,-77.23
284,90,14.32,-21.086,-70.04
284,90,14.48,-24.304,-76.13
284,90,14.64,-26.704,-76.16
284,90,14.8,-20.48,-68.49
284,90,14.96,-21.282,-68.41
284,90,15.12,-19.61,-66.04
284,90,15.28,-27.03,-73.58
284,90,15.44,-20.436,-66.75
284,90,15.6,-21,-67.63
284,90,15.76,-20.788,-67.98
284,90,15.92,-23.892,-71.07
284,90,16.08,-23.332,-70.79
284,90,16.24,-39.544,-87.67
284,90,16.4,-29.13,-78.94
284,90,16.56,-19.198,-68.13
284,90,16.72,-20.108,-69.59
284,90,16.88,-25.604,-76.07
284,90,17.04,-26.606,-77.86
284,90,17.2,-22.28,-74.71
284,90,17.36,-18.126,-70.77
284,90,17.52,-27.296,-79.83
284,90,17.68,-22.502,-75.58
284,90,17.84,-23.158,-76.07
284,90,18,-41.28,-94.09
285,90,2,-7.03,-28.82
285,90,2.16,-8.208,-31.62
285,90,2.32,-8.816,-34.47
285,90,2.48,-11.934,-39.18
285,90,2.64,-17.108,-45.82
285,90,2.8,-11.31,-38.37
285,90,2.96,-4.578,-32.89
285,90,3.12,-10.776,-39.01
285,90,3.28,-12.402,-42.42
285,90,3.44,-8.192,-36.84
285,90,3.6,-11.48,-38.93
285,90,3.76,-11.724,-41.21
285,90,3.92,-14.192,-41.74
285,90,4.08,-13.622,-41.29
285,90,4.24,-17.326,-46.35
285,90,4.4,-10.87,-40.68
285,90,4.56,-10.156,-39.97
285,90,4.72,-14.054,-44.04
285,90,4.88,-16.58,-46.71
285,90,5.04,-13.59,-43.64
285,90,5.2,-15.39,-46.81
285,90,5.36,-18.25,-49.05
285,90,5.52,-17.768,-48.05
285,90,5.68,-18.16,-49.53
285,90,5.84,-24.532,-55.98
285,90,6,-19.87,-51.41
285,90,6.16,-21.55,-53.59
285,90,6.32,-15.838,-49.33
285,90,6.48,-18.256,-52.34
285,90,6.64,-16.028,-50.42
285,90,6.8,-20.98,-54.48
285,90,6.96,-17.992,-52.32
285,90,7.12,-15.226,-49.82
285,90,7.28,-15.642,-50.02
285,90,7.44,-16.036,-50.37
285,90,7.6,-19.16,-52.56
285,90,7.76,-18.318,-53.54
285,90,7.92,-16.742,-51.37
285,90,8.08,-18.206,-53.01
285,90,8.24,-21.302,-56.41
285,90,8.4,-21.85,-57.23
285,90,8.56,-15.202,-51.48
285,90,8.72,-14.318,-51.62
285,90,8.88,-21.778,-58.92
285,90,9.04,-20.334,-58.12
285,90,9.2,-18.52,-57.38
285,90,9.36,-20.824,-58.89
285,90,9.52,-19.832,-58.21
285,90,9.68,-21.99,-60.88
285,90,9.84,-23.976,-63.09
285,90,10,-18.47,-57.54
285,90,10.16,-20.288,-59.93
285,90,10.32,-23.042,-62.67
285,90,10.48,-19.148,-58.68
285,90,10.64,-22.338,-62.35
285,90,10.8,-18.79,-59.06
285,90,10.96,-21.936,-61.92
285,90,11.12,-22.906,-63.15
285,90,11.28,-19.006,-59.45
285,90,11.44,-19.372,-60.12
285,90,11.6,-21.92,-62.79
285,90,11.76,-21.114,-62.23
285,90,11.92,-18.564,-59.69
285,90,12.08,-18.09,-60.28
285,90,12.24,-19.314,-61.57
285,90,12.4,-19.1,-61.76
285,90,12.56,-16.1,-60.17
285,90,12.72,-23.154,-67.71
285,90,12.88,-27.766,-72.97
285,90,13.04,-22.808,-69.31
285,90,13.2,-22.32,-69.1
285,90,13.36,-19.714,-65.93
285,90,13.52,-17.932,-63.94
285,90,13.68,-18.08,-64.76
285,90,13.84,-16.978,-64.46
285,90,14,-20.98,-68.83
285,90,14.16,-22.126,-70.35
285,90,14.32,-27.436,-76.39
285,90,14.48,-22.634,-74.46
285,90,14.64,-17.884,-67.34
285,90,14.8,-22.32,-70.33
285,90,14.96,-20.402,-67.53
285,90,15.12,-16.22,-62.65
285,90,15.28,-31.36,-77.91
285,90,15.44,-19.006,-65.32
285,90,15.6,-22.78,-69.41
285,90,15.76,-24.708,-71.9
285,90,15.92,-22.342,-69.52
285,90,16.08,-30.212,-77.67
285,90,16.24,-28.514,-76.64
285,90,16.4,-18.64,-68.45
285,90,16.56,-18.928,-67.86
285,90,16.72,-20.528,-70.01
285,90,16.88,-30.044,-80.51
285,90,17.04,-16.026,-67.28
285,90,17.2,-24.9,-77.33
285,90,17.36,-16.236,-68.88
285,90,17.52,-19.996,-72.53
285,90,17.68,-19.712,-72.79
285,90,17.84,-21.708,-74.62
285,90,18,-21.06,-73.87
286,90,2,-6.79,-28.58
286,90,2.16,-7.598,-31.01
286,90,2.32,-8.396,-34.05
286,90,2.48,-11.774,-39.02
286,90,2.64,-15.048,-43.76
286,90,2.8,-10.87,-37.93
286,90,2.96,-4.468,-32.78
286,90,3.12,-10.946,-39.18
286,90,3.28,-11.392,-41.41
286,90,3.44,-7.142,-35.79
286,90,3.6,-10.97,-38.42
286,90,3.76,-11.524,-41.01
286,90,3.92,-13.342,-40.89
286,90,4.08,-13.032,-40.7
286,90,4.24,-17.466,-46.49
286,90,4.4,-10.84,-40.65
286,90,4.56,-11.286,-41.1
286,90,4.72,-13.614,-43.6
286,90,4.88,-15.53,-45.66
286,90,5.04,-13.82,-43.87
286,90,5.2,-14.11,-45.53
286,90,5.36,-17.96,-48.76
286,90,5.52,-18.308,-48.59
286,90,5.68,-18.37,-49.74
286,90,5.84,-21.912,-53.36
286,90,6,-21.3,-52.84
286,90,6.16,-21.31,-53.35
286,90,6.32,-15.298,-48.79
286,90,6.48,-15.676,-49.76
286,90,6.64,-15.578,-49.97
286,90,6.8,-20.3,-53.8
286,90,6.96,-17.732,-52.06
286,90,7.12,-13.926,-48.52
286,90,7.28,-14.952,-49.33
286,90,7.44,-15.926,-50.26
286,90,7.6,-17.54,-50.94
286,90,7.76,-16.688,-51.91
286,90,7.92,-16.592,-51.22
286,90,8.08,-18.596,-53.4
286,90,8.24,-21.312,-56.42
286,90,8.4,-19.33,-54.71
286,90,8.56,-14.862,-51.14
286,90,8.72,-15.448,-52.75
286,90,8.88,-18.958,-56.1
286,90,9.04,-18.274,-56.06
286,90,9.2,-16.25,-55.11
286,90,9.36,-20.494,-58.56
286,90,9.52,-21.612,-59.99
286,90,9.68,-20.14,-59.03
286,90,9.84,-19.916,-59.03
286,90,10,-18.89,-57.96
286,90,10.16,-19.548,-59.19
286,90,10.32,-23.242,-62.87
286,90,10.48,-19.878,-59.41
286,90,10.64,-18.148,-58.16
286,90,10.8,-16.52,-56.79
286,90,10.96,-18.766,-58.75
286,90,11.12,-21.096,-61.34
286,90,11.28,-20.086,-60.53
286,90,11.44,-21.162,-61.91
286,90,11.6,-17.61,-58.48
286,90,11.76,-19.254,-60.37
286,90,11.92,-16.754,-57.88
286,90,12.08,-20.34,-62.53
286,90,12.24,-16.954,-59.21
286,90,12.4,-19.02,-61.68
286,90,12.56,-20.7,-64.77
286,90,12.72,-22.954,-67.51
286,90,12.88,-24.646,-69.85
286,90,13.04,-19.758,-66.26
286,90,13.2,-20.25,-67.03
286,90,13.36,-18.904,-65.12
286,90,13.52,-15.962,-61.97
286,90,13.68,-21.03,-67.71
286,90,13.84,-19.768,-67.25
286,90,14,-18.7,-66.55
286,90,14.16,-19.156,-67.38
286,90,14.32,-18.366,-67.32
286,90,14.48,-31.514,-83.34
286,90,14.64,-19.374,-68.83
286,90,14.8,-21.75,-69.76
286,90,14.96,-21.672,-68.8
286,90,15.12,-20.61,-67.04
286,90,15.28,-20.25,-66.8
286,90,15.44,-16.636,-62.95
286,90,15.6,-20.81,-67.44
286,90,15.76,-19.818,-67.01
286,90,15.92,-21.412,-68.59
286,90,16.08,-25.522,-72.98
286,90,16.24,-25.564,-73.69
286,90,16.4,-19.22,-69.03
286,90,16.56,-18.898,-67.83
286,90,16.72,-19.078,-68.56
286,90,16.88,-20.204,-70.67
286,90,17.04,-17.626,-68.88
286,90,17.2,-28.16,-80.59
286,90,17.36,-21.396,-74.04
286,90,17.52,-17.196,-69.73
286,90,17.68,-26.752,-79.83
286,90,17.84,-17.918,-70.83
286,90,18,-20.71,-73.52
287,90,2,-6.46,-28.25
287,90,2.16,-6.968,-30.38
287,90,2.32,-8.066,-33.72
287,90,2.48,-11.654,-38.9
287,90,2.64,-13.688,-42.4
287,90,2.8,-10.3,-37.36
287,90,2.96,-4.568,-32.88
287,90,3.12,-10.706,-38.94
287,90,3.28,-10.732,-40.75
287,90,3.44,-6.242,-34.89
287,90,3.6,-10.23,-37.68
287,90,3.76,-11.354,-40.84
287,90,3.92,-12.512,-40.06
287,90,4.08,-12.822,-40.49
287,90,4.24,-18.386,-47.41
287,90,4.4,-10.96,-40.77
287,90,4.56,-12.236,-42.05
287,90,4.72,-12.904,-42.89
287,90,4.88,-14.77,-44.9
287,90,5.04,-14.48,-44.53
287,90,5.2,-12.79,-44.21
287,90,5.36,-18.19,-48.99
287,90,5.52,-18.668,-48.95
287,90,5.68,-17.13,-48.5
287,90,5.84,-21.472,-52.92
287,90,6,-26.09,-57.63
287,90,6.16,-19.67,-51.71
287,90,6.32,-12.748,-46.24
287,90,6.48,-14.026,-48.11
287,90,6.64,-16.118,-50.51
287,90,6.8,-18.59,-52.09
287,90,6.96,-15.882,-50.21
287,90,7.12,-12.506,-47.1
287,90,7.28,-15.332,-49.71
287,90,7.44,-15.956,-50.29
287,90,7.6,-16.07,-49.47
287,90,7.76,-15.868,-51.09
287,90,7.92,-16.832,-51.46
287,90,8.08,-18.326,-53.13
287,90,8.24,-17.672,-52.78
287,90,8.4,-16.55,-51.93
287,90,8.56,-14.432,-50.71
287,90,8.72,-14.688,-51.99
287,90,8.88,-16.558,-53.7
287,90,9.04,-17.854,-55.64
287,90,9.2,-17.56,-56.42
287,90,9.36,-20.154,-58.22
287,90,9.52,-19.982,-58.36
287,90,9.68,-18.91,-57.8
287,90,9.84,-19.836,-58.95
287,90,10,-19.66,-58.73
287,90,10.16,-19.578,-59.22
287,90,10.32,-21.462,-61.09
287,90,10.48,-24.208,-63.74
287,90,10.64,-18.708,-58.72
287,90,10.8,-17.79,-58.06
287,90,10.96,-19.326,-59.31
287,90,11.12,-24.796,-65.04
287,90,11.28,-19.766,-60.21
287,90,11.44,-19.562,-60.31
287,90,11.6,-19.32,-60.19
287,90,11.76,-17.514,-58.63
287,90,11.92,-15.744,-56.87
287,90,12.08,-16.97,-59.16
287,90,12.24,-19.134,-61.39
287,90,12.4,-18.37,-61.03
287,90,12.56,-25.6,-69.67
287,90,12.72,-21.704,-66.26
287,90,12.88,-24.436,-69.64
287,90,13.04,-20.898,-67.4
287,90,13.2,-17.81,-64.59
287,90,13.36,-18.194,-64.41
287,90,13.52,-17.942,-63.95
287,90,13.68,-20.33,-67.01
287,90,13.84,-18.838,-66.32
287,90,14,-19.61,-67.46
287,90,14.16,-20.536,-68.76
287,90,14.32,-21.366,-70.32
287,90,14.48,-26.674,-78.5
287,90,14.64,-27.414,-76.87
287,90,14.8,-18.62,-66.63
287,90,14.96,-27.932,-75.06
287,90,15.12,-20.8,-67.23
287,90,15.28,-19.56,-66.11
287,90,15.44,-20.376,-66.69
287,90,15.6,-20.06,-66.69
287,90,15.76,-18.338,-65.53
287,90,15.92,-19.292,-66.47
287,90,16.08,-28.462,-75.92
287,90,16.24,-27.074,-75.2
287,90,16.4,-17,-66.81
287,90,16.56,-19.798,-68.73
287,90,16.72,-19.538,-69.02
287,90,16.88,-19.704,-70.17
287,90,17.04,-24.856,-76.11
287,90,17.2,-19.37,-71.8
287,90,17.36,-34.386,-87.03
287,90,17.52,-22.306,-74.84
287,90,17.68,-31.412,-84.49
287,90,17.84,-25.028,-77.94
287,90,18,-18.43,-71.24
288,90,2,-5.98,-27.77
288,90,2.16,-6.528,-29.94
288,90,2.32,-7.816,-33.47
288,90,2.48,-11.324,-38.57
288,90,2.64,-12.388,-41.1
288,90,2.8,-9.78,-36.84
288,90,2.96,-4.648,-32.96
288,90,3.12,-10.246,-38.48
288,90,3.28,-9.942,-39.96
288,90,3.44,-5.702,-34.35
288,90,3.6,-9.56,-37.01
288,90,3.76,-11.544,-41.03
288,90,3.92,-11.562,-39.11
288,90,4.08,-12.432,-40.1
288,90,4.24,-18.526,-47.55
288,90,4.4,-10.91,-40.72
288,90,4.56,-12.416,-42.23
288,90,4.72,-12.244,-42.23
288,90,4.88,-14.4,-44.53
288,90,5.04,-13.97,-44.02
288,90,5.2,-11.84,-43.26
288,90,5.36,-18.06,-48.86
288,90,5.52,-18.858,-49.14
288,90,5.68,-16.07,-47.44
288,90,5.84,-22.892,-54.34
288,90,6,-31.11,-62.65
288,90,6.16,-17.59,-49.63
288,90,6.32,-11.218,-44.71
288,90,6.48,-13.876,-47.96
288,90,6.64,-15.958,-50.35
288,90,6.8,-15.97,-49.47
288,90,6.96,-15.802,-50.13
288,90,7.12,-12.876,-47.47
288,90,7.28,-15.592,-49.97
288,90,7.44,-15.116,-49.45
288,90,7.6,-16.56,-49.96
288,90,7.76,-15.978,-51.2
288,90,7.92,-16.552,-51.18
288,90,8.08,-16.016,-50.82
288,90,8.24,-15.892,-51
288,90,8.4,-17.25,-52.63
288,90,8.56,-14.242,-50.52
288,90,8.72,-13.378,-50.68
288,90,8.88,-15.618,-52.76
288,90,9.04,-17.594,-55.38
288,90,9.2,-19.5,-58.36
288,90,9.36,-19.724,-57.79
288,90,9.52,-18.342,-56.72
288,90,9.68,-18.66,-57.55
288,90,9.84,-20.356,-59.47
288,90,10,-17.7,-56.77
288,90,10.16,-18.888,-58.53
288,90,10.32,-24.052,-63.68
288,90,10.48,-21.008,-60.54
288,90,10.64,-16.878,-56.89
288,90,10.8,-17.76,-58.03
288,90,10.96,-21.856,-61.84
288,90,11.12,-26.556,-66.8
288,90,11.28,-21.826,-62.27
288,90,11.44,-20.452,-61.2
288,90,11.6,-20.27,-61.14
288,90,11.76,-18.744,-59.86
288,90,11.92,-17.534,-58.66
288,90,12.08,-19.12,-61.31
288,90,12.24,-16.554,-58.81
288,90,12.4,-19.05,-61.71
288,90,12.56,-17.42,-61.49
288,90,12.72,-21.234,-65.79
288,90,12.88,-20.306,-65.51
288,90,13.04,-22.018,-68.52
288,90,13.2,-17.16,-63.94
288,90,13.36,-18.214,-64.43
288,90,13.52,-16.232,-62.24
288,90,13.68,-16.29,-62.97
288,90,13.84,-21.618,-69.1
288,90,14,-15.46,-63.31
288,90,14.16,-18.926,-67.15
288,90,14.32,-21.496,-70.45
288,90,14.48,-24.194,-76.02
288,90,14.64,-23.804,-73.26
288,90,14.8,-23.08,-71.09
288,90,14.96,-22.022,-69.15
288,90,15.12,-20.96,-67.39
288,90,15.28,-18.94,-65.49
288,90,15.44,-18.676,-64.99
288,90,15.6,-18.89,-65.52
288,90,15.76,-17.728,-64.92
288,90,15.92,-20.782,-67.96
288,90,16.08,-23.312,-70.77
288,90,16.24,-20.794,-68.92
288,90,16.4,-20.8,-70.61
288,90,16.56,-27.828,-76.76
288,90,16.72,-21.918,-71.4
288,90,16.88,-22.824,-73.29
288,90,17.04,-19.446,-70.7
288,90,17.2,-19.09,-71.52
288,90,17.36,-17.366,-70.01
288,90,17.52,-17.576,-70.11
288,90,17.68,-21.982,-75.06
288,90,17.84,-32.088,-85
288,90,18,-24.05,-76.86
289,90,2,-5.7,-27.49
289,90,2.16,-5.988,-29.4
289,90,2.32,-7.726,-33.38
289,90,2.48,-10.774,-38.02
289,90,2.64,-11.378,-40.09
289,90,2.8,-9.38,-36.44
289,90,2.96,-4.718,-33.03
289,90,3.12,-9.116,-37.35
289,90,3.28,-9.022,-39.04
289,90,3.44,-5.442,-34.09
289,90,3.6,-9,-36.45
289,90,3.76,-11.644,-41.13
289,90,3.92,-11.092,-38.64
289,90,4.08,-12.182,-39.85
289,90,4.24,-18.526,-47.55
289,90,4.4,-11.25,-41.06
289,90,4.56,-11.206,-41.02
289,90,4.72,-11.654,-41.64
289,90,4.88,-14.99,-45.12
289,90,5.04,-13.33,-43.38
289,90,5.2,-11.6,-43.02
289,90,5.36,-18.73,-49.53
289,90,5.52,-19.178,-49.46
289,90,5.68,-16.22,-47.59
289,90,5.84,-24.592,-56.04
289,90,6,-26.44,-57.98
289,90,6.16,-15.9,-47.94
289,90,6.32,-10.498,-43.99
289,90,6.48,-13.736,-47.82
289,90,6.64,-15.508,-49.9
289,90,6.8,-14.93,-48.43
289,90,6.96,-16.112,-50.44
289,90,7.12,-13.676,-48.27
289,90,7.28,-14.912,-49.29
289,90,7.44,-14.866,-49.2
289,90,7.6,-17.14,-50.54
289,90,7.76,-17.048,-52.27
289,90,7.92,-16.672,-51.3
289,90,8.08,-14.596,-49.4
289,90,8.24,-15.682,-50.79
289,90,8.4,-16.69,-52.07
289,90,8.56,-13.312,-49.59
289,90,8.72,-12.778,-50.08
289,90,8.88,-15.768,-52.91
289,90,9.04,-17.864,-55.65
289,90,9.2,-17.66,-56.52
289,90,9.36,-17.204,-55.27
289,90,9.52,-18.932,-57.31
289,90,9.68,-20.59,-59.48
289,90,9.84,-18.946,-58.06
289,90,10,-17.81,-56.88
289,90,10.16,-21.338,-60.98
289,90,10.32,-22.982,-62.61
289,90,10.48,-25.368,-64.9
289,90,10.64,-16.818,-56.83
289,90,10.8,-17.51,-57.78
289,90,10.96,-21.676,-61.66
289,90,11.12,-21.726,-61.97
289,90,11.28,-21.536,-61.98
289,90,11.44,-21.932,-62.68
289,90,11.6,-16.65,-57.52
289,90,11.76,-17.494,-58.61
289,90,11.92,-17.004,-58.13
289,90,12.08,-17.35,-59.54
289,90,12.24,-20.184,-62.44
289,90,12.4,-15.93,-58.59
289,90,12.56,-17.33,-61.4
289,90,12.72,-17.564,-62.12
289,90,12.88,-23.896,-69.1
289,90,13.04,-22.058,-68.56
289,90,13.2,-17.13,-63.91
289,90,13.36,-17.934,-64.15
289,90,13.52,-19.312,-65.32
289,90,13.68,-14.44,-61.12
289,90,13.84,-18.738,-66.22
289,90,14,-14.64,-62.49
289,90,14.16,-21.816,-70.04
289,90,14.32,-17.256,-66.21
289,90,14.48,-23.364,-75.19
289,90,14.64,-23.644,-73.1
289,90,14.8,-23.6,-71.61
289,90,14.96,-22.552,-69.68
289,90,15.12,-21.49,-67.92
289,90,15.28,-18.38,-64.93
289,90,15.44,-21.276,-67.59
289,90,15.6,-19.05,-65.68
289,90,15.76,-23.698,-70.89
289,90,15.92,-23.852,-71.03
289,90,16.08,-21.782,-69.24
289,90,16.24,-28.264,-76.39
289,90,16.4,-33.91,-83.72
289,90,16.56,-18.968,-67.9
289,90,16.72,-26.728,-76.21
289,90,16.88,-18.774,-69.24
289,90,17.04,-17.536,-68.79
289,90,17.2,-17.47,-69.9
289,90,17.36,-19.276,-71.92
289,90,17.52,-21.206,-73.74
289,90,17.68,-14.652,-67.73
289,90,17.84,-20.768,-73.68
289,90,18,-21.7,-74.51
290,90,2,-5.24,-27.03
290,90,2.16,-5.608,-29.02
290,90,2.32,-7.676,-33.33
290,90,2.48,-10.204,-37.45
290,90,2.64,-10.468,-39.18
290,90,2.8,-8.99,-36.05
290,90,2.96,-4.918,-33.23
290,90,3.12,-8.236,-36.47
290,90,3.28,-8.372,-38.39
290,90,3.44,-5.282,-33.93
290,90,3.6,-8.73,-36.18
290,90,3.76,-11.294,-40.78
290,90,3.92,-10.492,-38.04
290,90,4.08,-12.182,-39.85
290,90,4.24,-17.366,-46.39
290,90,4.4,-11.22,-41.03
290,90,4.56,-9.976,-39.79
290,90,4.72,-11.034,-41.02
290,90,4.88,-15.45,-45.58
290,90,5.04,-12.11,-42.16
290,90,5.2,-11.64,-43.06
290,90,5.36,-18.51,-49.31
290,90,5.52,-18.848,-49.13
290,90,5.68,-16.46,-47.83
290,90,5.84,-23.922,-55.37
290,90,6,-22.32,-53.86
290,90,6.16,-14.99,-47.03
290,90,6.32,-10.668,-44.16
290,90,6.48,-13.396,-47.48
290,90,6.64,-14.888,-49.28
290,90,6.8,-15.2,-48.7
290,90,6.96,-16.142,-50.47
290,90,7.12,-14.806,-49.4
290,90,7.28,-13.152,-47.53
290,90,7.44,-15.576,-49.91
290,90,7.6,-17.08,-50.48
290,90,7.76,-16.998,-52.22
290,90,7.92,-15.292,-49.92
290,90,8.08,-14.176,-48.98
290,90,8.24,-16.242,-51.35
290,90,8.4,-16.81,-52.19
290,90,8.56,-13.092,-49.37
290,90,8.72,-12.468,-49.77
290,90,8.88,-15.258,-52.4
290,90,9.04,-17.644,-55.43
290,90,9.2,-16.71,-55.57
290,90,9.36,-16.364,-54.43
290,90,9.52,-21.412,-59.79
290,90,9.68,-20.28,-59.17
290,90,9.84,-18.996,-58.11
290,90,10,-20,-59.07
290,90,10.16,-21.778,-61.42
290,90,10.32,-22.172,-61.8
290,90,10.48,-22.958,-62.49
290,90,10.64,-17.698,-57.71
290,90,10.8,-17.98,-58.25
290,90,10.96,-20.406,-60.39
290,90,11.12,-21.586,-61.83
290,90,11.28,-19.536,-59.98
290,90,11.44,-20.952,-61.7
290,90,11.6,-16.2,-57.07
290,90,11.76,-15.654,-56.77
290,90,11.92,-16.714,-57.84
290,90,12.08,-18.21,-60.4
290,90,12.24,-18.004,-60.26
290,90,12.4,-15.22,-57.88
290,90,12.56,-18.43,-62.5
290,90,12.72,-21.324,-65.88
290,90,12.88,-18.556,-63.76
290,90,13.04,-26.688,-73.19
290,90,13.2,-16.79,-63.57
290,90,13.36,-16.894,-63.11
290,90,13.52,-18.402,-64.41
290,90,13.68,-14.85,-61.53
290,90,13.84,-17.578,-65.06
290,90,14,-15.85,-63.7
290,90,14.16,-21.976,-70.2
290,90,14.32,-19.936,-68.89
290,90,14.48,-18.934,-70.76
290,90,14.64,-27.304,-76.76
290,90,14.8,-22.09,-70.1
290,90,14.96,-19.592,-66.72
290,90,15.12,-18.87,-65.3
290,90,15.28,-18.02,-64.57
290,90,15.44,-21.996,-68.31
290,90,15.6,-27.1,-73.73
290,90,15.76,-17.058,-64.25
290,90,15.92,-24.682,-71.86
290,90,16.08,-24.842,-72.3
290,90,16.24,-28.044,-76.17
290,90,16.4,-23.07,-72.88
290,90,16.56,-22.658,-71.59
290,90,16.72,-21.108,-70.59
290,90,16.88,-19.814,-70.28
290,90,17.04,-25.816,-77.07
290,90,17.2,-18.44,-70.87
290,90,17.36,-28.586,-81.23
290,90,17.52,-23.516,-76.05
290,90,17.68,-17.782,-70.86
290,90,17.84,-18.708,-71.62
290,90,18,-23.82,-76.63
291,90,2,-4.7,-26.49
291,90,2.16,-5.148,-28.56
291,90,2.32,-7.696,-33.35
291,90,2.48,-9.314,-36.56
291,90,2.64,-9.748,-38.46
291,90,2.8,-8.86,-35.92
291,90,2.96,-4.828,-33.14
291,90,3.12,-7.056,-35.29
291,90,3.28,-7.942,-37.96
291,90,3.44,-5.362,-34.01
291,90,3.6,-8.46,-35.91
291,90,3.76,-11.214,-40.7
291,90,3.92,-10.112,-37.66
291,90,4.08,-12.402,-40.07
291,90,4.24,-16.926,-45.95
291,90,4.4,-11.06,-40.87
291,90,4.56,-8.696,-38.51
291,90,4.72,-10.784,-40.77
291,90,4.88,-15.79,-45.92
291,90,5.04,-11.28,-41.33
291,90,5.2,-11.48,-42.9
291,90,5.36,-17.57,-48.37
291,90,5.52,-18.208,-48.49
291,90,5.68,-17.31,-48.68
291,90,5.84,-20.092,-51.54
291,90,6,-20.2,-51.74
291,90,6.16,-14.54,-46.58
291,90,6.32,-10.958,-44.45
291,90,6.48,-12.826,-46.91
291,90,6.64,-14.058,-48.45
291,90,6.8,-15.57,-49.07
291,90,6.96,-15.822,-50.15
291,90,7.12,-14.446,-49.04
291,90,7.28,-12.162,-46.54
291,90,7.44,-16.206,-50.54
291,90,7.6,-16.47,-49.87
291,90,7.76,-16.548,-51.77
291,90,7.92,-13.982,-48.61
291,90,8.08,-14.546,-49.35
291,90,8.24,-16.272,-51.38
291,90,8.4,-16.56,-51.94
291,90,8.56,-12.102,-48.38
291,90,8.72,-12.798,-50.1
291,90,8.88,-15.758,-52.9
291,90,9.04,-17.824,-55.61
291,90,9.2,-15.62,-54.48
291,90,9.36,-17.934,-56
291,90,9.52,-21.852,-60.23
291,90,9.68,-18.38,-57.27
291,90,9.84,-20.916,-60.03
291,90,10,-20.71,-59.78
291,90,10.16,-19.958,-59.6
291,90,10.32,-20.862,-60.49
291,90,10.48,-24.258,-63.79
291,90,10.64,-17.548,-57.56
291,90,10.8,-16.71,-56.98
291,90,10.96,-18.756,-58.74
291,90,11.12,-19.416,-59.66
291,90,11.28,-18.816,-59.26
291,90,11.44,-17.602,-58.35
291,90,11.6,-15.49,-56.36
291,90,11.76,-15.384,-56.5
291,90,11.92,-17.814,-58.94
291,90,12.08,-17.77,-59.96
291,90,12.24,-17.044,-59.3
291,90,12.4,-15.73,-58.39
291,90,12.56,-19.4,-63.47
291,90,12.72,-18.344,-62.9
291,90,12.88,-28.096,-73.3
291,90,13.04,-21.958,-68.46
291,90,13.2,-18.81,-65.59
291,90,13.36,-14.424,-60.64
291,90,13.52,-19.162,-65.17
291,90,13.68,-15.01,-61.69
291,90,13.84,-16.478,-63.96
291,90,14,-16.03,-63.88
291,90,14.16,-19.836,-68.06
291,90,14.32,-26.306,-75.26
291,90,14.48,-22.714,-74.54
291,90,14.64,-19.714,-69.17
291,90,14.8,-21.57,-69.58
291,90,14.96,-20.742,-67.87
291,90,15.12,-19.38,-65.81
291,90,15.28,-21.3,-67.85
291,90,15.44,-23.696,-70.01
291,90,15.6,-16.91,-63.54
291,90,15.76,-14.068,-61.26
291,90,15.92,-21.342,-68.52
291,90,16.08,-20.672,-68.13
291,90,16.24,-20.324,-68.45
291,90,16.4,-20.61,-70.42
291,90,16.56,-16.018,-64.95
291,90,16.72,-19.458,-68.94
291,90,16.88,-22.084,-72.55
291,90,17.04,-19.166,-70.42
291,90,17.2,-17.82,-70.25
291,90,17.36,-23.836,-76.48
291,90,17.52,-18.846,-71.38
291,90,17.68,-17.322,-70.4
291,90,17.84,-23.288,-76.2
291,90,18,-20.11,-72.92
292,90,2,-4.22,-26.01
292,90,2.16,-4.888,-28.3
292,90,2.32,-7.656,-33.31
292,90,2.48,-8.534,-35.78
292,90,2.64,-9.178,-37.89
292,90,2.8,-8.71,-35.77
292,90,2.96,-4.358,-32.67
292,90,3.12,-6.326,-34.56
292,90,3.28,-7.50200000000001,-37.52
292,90,3.44,-5.582,-34.23
292,90,3.6,-8.47,-35.92
292,90,3.76,-10.684,-40.17
292,90,3.92,-9.822,-37.37
292,90,4.08,-12.332,-40
292,90,4.24,-16.456,-45.48
292,90,4.4,-10.85,-40.66
292,90,4.56,-7.936,-37.75
292,90,4.72,-10.714,-40.7
292,90,4.88,-15.57,-45.7
292,90,5.04,-10.78,-40.83
292,90,5.2,-11.7,-43.12
292,90,5.36,-16.72,-47.52
292,90,5.52,-16.958,-47.24
292,90,5.68,-17.17,-48.54
292,90,5.84,-18.072,-49.52
292,90,6,-19.32,-50.86
292,90,6.16,-14.64,-46.68
292,90,6.32,-11.058,-44.55
292,90,6.48,-12.696,-46.78
292,90,6.64,-13.868,-48.26
292,90,6.8,-15.85,-49.35
292,90,6.96,-16.002,-50.33
292,90,7.12,-13.206,-47.8
292,90,7.28,-11.732,-46.11
292,90,7.44,-16.756,-51.09
292,90,7.6,-15.65,-49.05
292,90,7.76,-14.848,-50.07
292,90,7.92,-13.372,-48
292,90,8.08,-15.116,-49.92
292,90,8.24,-15.272,-50.38
292,90,8.4,-16.21,-51.59
292,90,8.56,-12.642,-48.92
292,90,8.72,-13.158,-50.46
292,90,8.88,-16.108,-53.25
292,90,9.04,-15.564,-53.35
292,90,9.2,-14.62,-53.48
292,90,9.36,-17.394,-55.46
292,90,9.52,-17.702,-56.08
292,90,9.68,-18.01,-56.9
292,90,9.84,-20.366,-59.48
292,90,10,-18.24,-57.31
292,90,10.16,-18.658,-58.3
292,90,10.32,-22.392,-62.02
292,90,10.48,-21.108,-60.64
292,90,10.64,-16.608,-56.62
292,90,10.8,-17.18,-57.45
292,90,10.96,-17.946,-57.93
292,90,11.12,-20.256,-60.5
292,90,11.28,-18.496,-58.94
292,90,11.44,-17.412,-58.16
292,90,11.6,-15,-55.87
292,90,11.76,-17.194,-58.31
292,90,11.92,-18.494,-59.62
292,90,12.08,-15.25,-57.44
292,90,12.24,-16.774,-59.03
292,90,12.4,-19.97,-62.63
292,90,12.56,-17.29,-61.36
292,90,12.72,-21.034,-65.59
292,90,12.88,-25.396,-70.6
292,90,13.04,-23.458,-69.96
292,90,13.2,-19.26,-66.04
292,90,13.36,-18.324,-64.54
292,90,13.52,-17.052,-63.06
292,90,13.68,-18.5,-65.18
292,90,13.84,-15.228,-62.71
292,90,14,-20.79,-68.64
292,90,14.16,-15.726,-63.95
292,90,14.32,-18.906,-67.86
292,90,14.48,-20.994,-72.82
292,90,14.64,-15.964,-65.42
292,90,14.8,-21.05,-69.06
292,90,14.96,-19.792,-66.92
292,90,15.12,-18.32,-64.75
292,90,15.28,-21.56,-68.11
292,90,15.44,-15.686,-62
292,90,15.6,-16.1,-62.73
292,90,15.76,-17.498,-64.69
292,90,15.92,-19.212,-66.39
292,90,16.08,-24.772,-72.23
292,90,16.24,-22.904,-71.03
292,90,16.4,-18.61,-68.42
292,90,16.56,-17.138,-66.07
292,90,16.72,-16.508,-65.99
292,90,16.88,-17.114,-67.58
292,90,17.04,-21.806,-73.06
292,90,17.2,-21.5,-73.93
292,90,17.36,-17.016,-69.66
292,90,17.52,-27.906,-80.44
292,90,17.68,-25.312,-78.39
292,90,17.84,-18.628,-71.54
292,90,18,-19.36,-72.17
293,90,2,-3.72,-25.51
293,90,2.16,-4.618,-28.03
293,90,2.32,-7.546,-33.2
293,90,2.48,-7.744,-34.99
293,90,2.64,-8.608,-37.32
293,90,2.8,-8.69,-35.75
293,90,2.96,-3.878,-32.19
293,90,3.12,-5.806,-34.04
293,90,3.28,-7.062,-37.08
293,90,3.44,-5.802,-34.45
293,90,3.6,-8.66,-36.11
293,90,3.76,-10.474,-39.96
293,90,3.92,-9.402,-36.95
293,90,4.08,-11.962,-39.63
293,90,4.24,-15.946,-44.97
293,90,4.4,-10.19,-40
293,90,4.56,-7.706,-37.52
293,90,4.72,-10.954,-40.94
293,90,4.88,-14.18,-44.31
293,90,5.04,-10.62,-40.67
293,90,5.2,-11.62,-43.04
293,90,5.36,-16.22,-47.02
293,90,5.52,-16.358,-46.64
293,90,5.68,-16.36,-47.73
293,90,5.84,-16.452,-47.9
293,90,6,-18.68,-50.22
293,90,6.16,-14.3,-46.34
293,90,6.32,-11.108,-44.6
293,90,6.48,-12.156,-46.24
293,90,6.64,-13.608,-48
293,90,6.8,-15.93,-49.43
293,90,6.96,-16.052,-50.38
293,90,7.12,-11.716,-46.31
293,90,7.28,-12.042,-46.42
293,90,7.44,-14.796,-49.13
293,90,7.6,-14.45,-47.85
293,90,7.76,-14.208,-49.43
293,90,7.92,-12.732,-47.36
293,90,8.08,-15.046,-49.85
293,90,8.24,-14.892,-50
293,90,8.4,-15.49,-50.87
293,90,8.56,-12.682,-48.96
293,90,8.72,-13.178,-50.48
293,90,8.88,-13.858,-51
293,90,9.04,-16.114,-53.9
293,90,9.2,-16.06,-54.92
293,90,9.36,-17.324,-55.39
293,90,9.52,-16.482,-54.86
293,90,9.68,-21.29,-60.18
293,90,9.84,-16.426,-55.54
293,90,10,-15.74,-54.81
293,90,10.16,-17.628,-57.27
293,90,10.32,-20.452,-60.08
293,90,10.48,-18.128,-57.66
293,90,10.64,-16.508,-56.52
293,90,10.8,-16.09,-56.36
293,90,10.96,-17.156,-57.14
293,90,11.12,-17.986,-58.23
293,90,11.28,-17.746,-58.19
293,90,11.44,-17.642,-58.39
293,90,11.6,-16.48,-57.35
293,90,11.76,-16.024,-57.14
293,90,11.92,-16.744,-57.87
293,90,12.08,-15.29,-57.48
293,90,12.24,-16.204,-58.46
293,90,12.4,-15.85,-58.51
293,90,12.56,-17,-61.07
293,90,12.72,-16.404,-60.96
293,90,12.88,-15.886,-61.09
293,90,13.04,-19.508,-66.01
293,90,13.2,-16.99,-63.77
293,90,13.36,-18.474,-64.69
293,90,13.52,-16.722,-62.73
293,90,13.68,-15.4,-62.08
293,90,13.84,-14.808,-62.29
293,90,14,-17.63,-65.48
293,90,14.16,-14.286,-62.51
293,90,14.32,-18.876,-67.83
293,90,14.48,-24.954,-76.78
293,90,14.64,-22.544,-72
293,90,14.8,-16.01,-64.02
293,90,14.96,-24.032,-71.16
293,90,15.12,-17.87,-64.3
293,90,15.28,-21.87,-68.42
293,90,15.44,-18.316,-64.63
293,90,15.6,-15.68,-62.31
293,90,15.76,-15.228,-62.42
293,90,15.92,-16.232,-63.41
293,90,16.08,-20.842,-68.3
293,90,16.24,-24.104,-72.23
293,90,16.4,-15.89,-65.7
293,90,16.56,-18.738,-67.67
293,90,16.72,-23.018,-72.5
293,90,16.88,-21.874,-72.34
293,90,17.04,-20.596,-71.85
293,90,17.2,-20.65,-73.08
293,90,17.36,-18.686,-71.33
293,90,17.52,-16.856,-69.39
293,90,17.68,-20.512,-73.59
293,90,17.84,-16.708,-69.62
293,90,18,-14,-66.81
294,90,2,-3.14,-24.93
294,90,2.16,-4.448,-27.86
294,90,2.32,-7.436,-33.09
294,90,2.48,-7.014,-34.26
294,90,2.64,-8.198,-36.91
294,90,2.8,-8.7,-35.76
294,90,2.96,-3.268,-31.58
294,90,3.12,-5.466,-33.7
294,90,3.28,-6.86200000000001,-36.88
294,90,3.44,-6.022,-34.67
294,90,3.6,-8.81,-36.26
294,90,3.76,-9.724,-39.21
294,90,3.92,-8.912,-36.46
294,90,4.08,-11.322,-38.99
294,90,4.24,-16.126,-45.15
294,90,4.4,-9.35,-39.16
294,90,4.56,-7.666,-37.48
294,90,4.72,-10.974,-40.96
294,90,4.88,-12.8,-42.93
294,90,5.04,-10.51,-40.56
294,90,5.2,-11.31,-42.73
294,90,5.36,-15.93,-46.73
294,90,5.52,-15.498,-45.78
294,90,5.68,-14.88,-46.25
294,90,5.84,-16.722,-48.17
294,90,6,-18.11,-49.65
294,90,6.16,-15.72,-47.76
294,90,6.32,-11.438,-44.93
294,90,6.48,-11.876,-45.96
294,90,6.64,-13.568,-47.96
294,90,6.8,-15.03,-48.53
294,90,6.96,-14.922,-49.25
294,90,7.12,-10.776,-45.37
294,90,7.28,-12.692,-47.07
294,90,7.44,-13.786,-48.12
294,90,7.6,-14,-47.4
294,90,7.76,-13.678,-48.9
294,90,7.92,-12.882,-47.51
294,90,8.08,-15.466,-50.27
294,90,8.24,-13.652,-48.76
294,90,8.4,-15.43,-50.81
294,90,8.56,-13.712,-49.99
294,90,8.72,-12.498,-49.8
294,90,8.88,-12.448,-49.59
294,90,9.04,-15.824,-53.61
294,90,9.2,-16.07,-54.93
294,90,9.36,-16.354,-54.42
294,90,9.52,-16.332,-54.71
294,90,9.68,-20.4,-59.29
294,90,9.84,-15.526,-54.64
294,90,10,-15.03,-54.1
294,90,10.16,-17.908,-57.55
294,90,10.32,-20.742,-60.37
294,90,10.48,-21.168,-60.7
294,90,10.64,-16.388,-56.4
294,90,10.8,-15.4,-55.67
294,90,10.96,-16.806,-56.79
294,90,11.12,-22.136,-62.38
294,90,11.28,-20.336,-60.78
294,90,11.44,-18.472,-59.22
294,90,11.6,-16.04,-56.91
294,90,11.76,-16.894,-58.01
294,90,11.92,-18.674,-59.8
294,90,12.08,-14.85,-57.04
294,90,12.24,-14.044,-56.3
294,90,12.4,-16.77,-59.43
294,90,12.56,-15.64,-59.71
294,90,12.72,-13.224,-57.78
294,90,12.88,-19.206,-64.41
294,90,13.04,-20.198,-66.7
294,90,13.2,-14.48,-61.26
294,90,13.36,-16.694,-62.91
294,90,13.52,-13.652,-59.66
294,90,13.68,-13.71,-60.39
294,90,13.84,-15.218,-62.7
294,90,14,-15.28,-63.13
294,90,14.16,-14.526,-62.75
294,90,14.32,-18.026,-66.98
294,90,14.48,-20.094,-71.92
294,90,14.64,-23.804,-73.26
294,90,14.8,-24.1,-72.11
294,90,14.96,-20.362,-67.49
294,90,15.12,-17.92,-64.35
294,90,15.28,-18.02,-64.57
294,90,15.44,-20.736,-67.05
294,90,15.6,-17.43,-64.06
294,90,15.76,-16.388,-63.58
294,90,15.92,-17.542,-64.72
294,90,16.08,-20.162,-67.62
294,90,16.24,-28.874,-77
294,90,16.4,-19.34,-69.15
294,90,16.56,-20.128,-69.06
294,90,16.72,-20.068,-69.55
294,90,16.88,-17.684,-68.15
294,90,17.04,-19.476,-70.73
294,90,17.2,-28.16,-80.59
294,90,17.36,-15.876,-68.52
294,90,17.52,-15.276,-67.81
294,90,17.68,-19.152,-72.23
294,90,17.84,-12.818,-65.73
294,90,18,-23.23,-76.04
295,90,2,-2.7,-24.49
295,90,2.16,-4.318,-27.73
295,90,2.32,-6.986,-32.64
295,90,2.48,-6.374,-33.62
295,90,2.64,-7.838,-36.55
295,90,2.8,-8.59,-35.65
295,90,2.96,-2.688,-31
295,90,3.12,-5.146,-33.38
295,90,3.28,-6.622,-36.64
295,90,3.44,-5.972,-34.62
295,90,3.6,-8.94,-36.39
295,90,3.76,-9.114,-38.6
295,90,3.92,-8.412,-35.96
295,90,4.08,-10.472,-38.14
295,90,4.24,-15.926,-44.95
295,90,4.4,-8.75,-38.56
295,90,4.56,-7.786,-37.6
295,90,4.72,-10.854,-40.84
295,90,4.88,-11.67,-41.8
295,90,5.04,-10.27,-40.32
295,90,5.2,-10.68,-42.1
295,90,5.36,-14.93,-45.73
295,90,5.52,-15.688,-45.97
295,90,5.68,-13.37,-44.74
295,90,5.84,-16.892,-48.34
295,90,6,-18.63,-50.17
295,90,6.16,-16,-48.04
295,90,6.32,-11.088,-44.58
295,90,6.48,-12.106,-46.19
295,90,6.64,-13.868,-48.26
295,90,6.8,-15.04,-48.54
295,90,6.96,-14.302,-48.63
295,90,7.12,-10.736,-45.33
295,90,7.28,-13.312,-47.69
295,90,7.44,-12.886,-47.22
295,90,7.6,-14.21,-47.61
295,90,7.76,-14.368,-49.59
295,90,7.92,-12.562,-47.19
295,90,8.08,-15.356,-50.16
295,90,8.24,-13.542,-48.65
295,90,8.4,-15.38,-50.76
295,90,8.56,-12.472,-48.75
295,90,8.72,-10.988,-48.29
295,90,8.88,-11.928,-49.07
295,90,9.04,-16.714,-54.5
295,90,9.2,-14.25,-53.11
295,90,9.36,-15.714,-53.78
295,90,9.52,-14.782,-53.16
295,90,9.68,-16.9,-55.79
295,90,9.84,-15.606,-54.72
295,90,10,-14.99,-54.06
295,90,10.16,-18.198,-57.84
295,90,10.32,-21.442,-61.07
295,90,10.48,-18.138,-57.67
295,90,10.64,-16.508,-56.52
295,90,10.8,-15.45,-55.72
295,90,10.96,-15.866,-55.85
295,90,11.12,-20.606,-60.85
295,90,11.28,-23.756,-64.2
295,90,11.44,-19.662,-60.41
295,90,11.6,-17.03,-57.9
295,90,11.76,-17.944,-59.06
295,90,11.92,-16.644,-57.77
295,90,12.08,-15.61,-57.8
295,90,12.24,-14.054,-56.31
295,90,12.4,-17.83,-60.49
295,90,12.56,-15.56,-59.63
295,90,12.72,-17.274,-61.83
295,90,12.88,-16.236,-61.44
295,90,13.04,-19.998,-66.5
295,90,13.2,-18.24,-65.02
295,90,13.36,-17.454,-63.67
295,90,13.52,-14.782,-60.79
295,90,13.68,-15.23,-61.91
295,90,13.84,-16.348,-63.83
295,90,14,-14.8,-62.65
295,90,14.16,-12.886,-61.11
295,90,14.32,-13.586,-62.54
295,90,14.48,-21.684,-73.51
295,90,14.64,-19.254,-68.71
295,90,14.8,-16.29,-64.3
295,90,14.96,-19.092,-66.22
295,90,15.12,-16.42,-62.85
295,90,15.28,-16.29,-62.84
295,90,15.44,-18.986,-65.3
295,90,15.6,-15.44,-62.07
295,90,15.76,-17.608,-64.8
295,90,15.92,-19.102,-66.28
295,90,16.08,-22.422,-69.88
295,90,16.24,-22.854,-70.98
295,90,16.4,-19.11,-68.92
295,90,16.56,-18.588,-67.52
295,90,16.72,-21.278,-70.76
295,90,16.88,-13.664,-64.13
295,90,17.04,-15.546,-66.8
295,90,17.2,-16.89,-69.32
295,90,17.36,-22.956,-75.6
295,90,17.52,-14.216,-66.75
295,90,17.68,-15.792,-68.87
295,90,17.84,-18.438,-71.35
295,90,18,-17.83,-70.64
296,90,2,-2.2,-23.99
296,90,2.16,-4.248,-27.66
296,90,2.32,-6.466,-32.12
296,90,2.48,-5.824,-33.07
296,90,2.64,-7.528,-36.24
296,90,2.8,-8.69,-35.75
296,90,2.96,-2.188,-30.5
296,90,3.12,-5.136,-33.37
296,90,3.28,-6.532,-36.55
296,90,3.44,-5.822,-34.47
296,90,3.6,-8.76,-36.21
296,90,3.76,-8.634,-38.12
296,90,3.92,-8.032,-35.58
296,90,4.08,-9.762,-37.43
296,90,4.24,-15.756,-44.78
296,90,4.4,-8.45,-38.26
296,90,4.56,-7.936,-37.75
296,90,4.72,-10.074,-40.06
296,90,4.88,-11.52,-41.65
296,90,5.04,-9.77999999999999,-39.83
296,90,5.2,-9.5,-40.92
296,90,5.36,-14.13,-44.93
296,90,5.52,-16.198,-46.48
296,90,5.68,-11.99,-43.36
296,90,5.84,-17.932,-49.38
296,90,6,-18.51,-50.05
296,90,6.16,-15.83,-47.87
296,90,6.32,-10.738,-44.23
296,90,6.48,-11.666,-45.75
296,90,6.64,-13.908,-48.3
296,90,6.8,-14.57,-48.07
296,90,6.96,-13.732,-48.06
296,90,7.12,-11.406,-46
296,90,7.28,-13.732,-48.11
296,90,7.44,-12.386,-46.72
296,90,7.6,-15.31,-48.71
296,90,7.76,-14.308,-49.53
296,90,7.92,-13.602,-48.23
296,90,8.08,-14.526,-49.33
296,90,8.24,-13.582,-48.69
296,90,8.4,-15.69,-51.07
296,90,8.56,-11.052,-47.33
296,90,8.72,-10.598,-47.9
296,90,8.88,-12.958,-50.1
296,90,9.04,-15.214,-53
296,90,9.2,-13.33,-52.19
296,90,9.36,-14.434,-52.5
296,90,9.52,-14.192,-52.57
296,90,9.68,-15.97,-54.86
296,90,9.84,-15.346,-54.46
296,90,10,-16.32,-55.39
296,90,10.16,-18.978,-58.62
296,90,10.32,-22.182,-61.81
296,90,10.48,-20.738,-60.27
296,90,10.64,-15.988,-56
296,90,10.8,-14.92,-55.19
296,90,10.96,-17.206,-57.19
296,90,11.12,-25.326,-65.57
296,90,11.28,-18.636,-59.08
296,90,11.44,-18.102,-58.85
296,90,11.6,-19.01,-59.88
296,90,11.76,-17.674,-58.79
296,90,11.92,-15.744,-56.87
296,90,12.08,-14.85,-57.04
296,90,12.24,-14.754,-57.01
296,90,12.4,-15.67,-58.33
296,90,12.56,-18.28,-62.35
296,90,12.72,-15.554,-60.11
296,90,12.88,-14.976,-60.18
296,90,13.04,-17.048,-63.55
296,90,13.2,-19.04,-65.82
296,90,13.36,-16.454,-62.67
296,90,13.52,-15.142,-61.15
296,90,13.68,-17.08,-63.76
296,90,13.84,-18.378,-65.86
296,90,14,-15.93,-63.78
296,90,14.16,-13.836,-62.06
296,90,14.32,-10.756,-59.71
296,90,14.48,-19.764,-71.59
296,90,14.64,-22.434,-71.89
296,90,14.8,-23.28,-71.29
296,90,14.96,-18.052,-65.18
296,90,15.12,-16.02,-62.45
296,90,15.28,-16.73,-63.28
296,90,15.44,-17.536,-63.85
296,90,15.6,-16.74,-63.37
296,90,15.76,-19.118,-66.31
296,90,15.92,-16.962,-64.14
296,90,16.08,-18.622,-66.08
296,90,16.24,-36.144,-84.27
296,90,16.4,-20.54,-70.35
296,90,16.56,-18.228,-67.16
296,90,16.72,-15.458,-64.94
296,90,16.88,-15.214,-65.68
296,90,17.04,-19.006,-70.26
296,90,17.2,-12.98,-65.41
296,90,17.36,-15.686,-68.33
296,90,17.52,-19.156,-71.69
296,90,17.68,-20.422,-73.5
296,90,17.84,-18.308,-71.22
296,90,18,-15.24,-68.05
297,90,2,-1.82,-23.61
297,90,2.16,-4.128,-27.54
297,90,2.32,-5.746,-31.4
297,90,2.48,-5.444,-32.69
297,90,2.64,-7.178,-35.89
297,90,2.8,-8.38,-35.44
297,90,2.96,-1.728,-30.04
297,90,3.12,-5.086,-33.32
297,90,3.28,-6.222,-36.24
297,90,3.44,-5.612,-34.26
297,90,3.6,-8.42,-35.87
297,90,3.76,-7.89400000000001,-37.38
297,90,3.92,-7.602,-35.15
297,90,4.08,-9.142,-36.81
297,90,4.24,-15.456,-44.48
297,90,4.4,-8.52,-38.33
297,90,4.56,-7.326,-37.14
297,90,4.72,-8.864,-38.85
297,90,4.88,-11.14,-41.27
297,90,5.04,-9.23999999999999,-39.29
297,90,5.2,-8.67,-40.09
297,90,5.36,-13.14,-43.94
297,90,5.52,-16.288,-46.57
297,90,5.68,-11.62,-42.99
297,90,5.84,-19.772,-51.22
297,90,6,-19.42,-50.96
297,90,6.16,-15.37,-47.41
297,90,6.32,-10.958,-44.45
297,90,6.48,-12.106,-46.19
297,90,6.64,-13.268,-47.66
297,90,6.8,-14.02,-47.52
297,90,6.96,-13.642,-47.97
297,90,7.12,-12.116,-46.71
297,90,7.28,-12.512,-46.89
297,90,7.44,-11.906,-46.24
297,90,7.6,-16.77,-50.17
297,90,7.76,-13.168,-48.39
297,90,7.92,-14.402,-49.03
297,90,8.08,-13.026,-47.83
297,90,8.24,-13.542,-48.65
297,90,8.4,-14.36,-49.74
297,90,8.56,-10.532,-46.81
297,90,8.72,-10.108,-47.41
297,90,8.88,-11.748,-48.89
297,90,9.04,-13.834,-51.62
297,90,9.2,-12.43,-51.29
297,90,9.36,-12.614,-50.68
297,90,9.52,-15.492,-53.87
297,90,9.68,-16.33,-55.22
297,90,9.84,-16.906,-56.02
297,90,10,-16.41,-55.48
297,90,10.16,-18.008,-57.65
297,90,10.32,-20.322,-59.95
297,90,10.48,-20.328,-59.86
297,90,10.64,-14.888,-54.9
297,90,10.8,-14.65,-54.92
297,90,10.96,-18.846,-58.83
297,90,11.12,-17.296,-57.54
297,90,11.28,-17.136,-57.58
297,90,11.44,-16.802,-57.55
297,90,11.6,-15.78,-56.65
297,90,11.76,-16.504,-57.62
297,90,11.92,-15.674,-56.8
297,90,12.08,-14.72,-56.91
297,90,12.24,-15.624,-57.88
297,90,12.4,-15.33,-57.99
297,90,12.56,-20,-64.07
297,90,12.72,-14.624,-59.18
297,90,12.88,-14.876,-60.08
297,90,13.04,-19.958,-66.46
297,90,13.2,-15.75,-62.53
297,90,13.36,-18.104,-64.32
297,90,13.52,-15.442,-61.45
297,90,13.68,-14.35,-61.03
297,90,13.84,-17.738,-65.22
297,90,14,-13.69,-61.54
297,90,14.16,-17.766,-65.99
297,90,14.32,-15.226,-64.18
297,90,14.48,-24.294,-76.12
297,90,14.64,-18.784,-68.24
297,90,14.8,-13.43,-61.44
297,90,14.96,-17.742,-64.87
297,90,15.12,-18.51,-64.94
297,90,15.28,-17.93,-64.48
297,90,15.44,-20.046,-66.36
297,90,15.6,-15.99,-62.62
297,90,15.76,-17.028,-64.22
297,90,15.92,-21.242,-68.42
297,90,16.08,-18.182,-65.64
297,90,16.24,-21.134,-69.26
297,90,16.4,-24.66,-74.47
297,90,16.56,-24.538,-73.47
297,90,16.72,-23.738,-73.22
297,90,16.88,-22.644,-73.11
297,90,17.04,-16.276,-67.53
297,90,17.2,-14.34,-66.77
297,90,17.36,-14.246,-66.89
297,90,17.52,-22.916,-75.45
297,90,17.68,-20.022,-73.1
297,90,17.84,-23.868,-76.78
297,90,18,-18.47,-71.28
298,90,2,-1.54,-23.33
298,90,2.16,-4.108,-27.52
298,90,2.32,-4.936,-30.59
298,90,2.48,-5.104,-32.35
298,90,2.64,-6.928,-35.64
298,90,2.8,-8.07,-35.13
298,90,2.96,-1.458,-29.77
298,90,3.12,-5.026,-33.26
298,90,3.28,-5.952,-35.97
298,90,3.44,-5.212,-33.86
298,90,3.6,-7.72,-35.17
298,90,3.76,-7.014,-36.5
298,90,3.92,-7.182,-34.73
298,90,4.08,-8.662,-36.33
298,90,4.24,-14.516,-43.54
298,90,4.4,-8.72,-38.53
298,90,4.56,-6.556,-36.37
298,90,4.72,-8.06399999999999,-38.05
298,90,4.88,-10.98,-41.11
298,90,5.04,-8.66,-38.71
298,90,5.2,-8.03,-39.45
298,90,5.36,-12.57,-43.37
298,90,5.52,-15.958,-46.24
298,90,5.68,-11.25,-42.62
298,90,5.84,-21.242,-52.69
298,90,6,-18.19,-49.73
298,90,6.16,-15.66,-47.7
298,90,6.32,-10.388,-43.88
298,90,6.48,-12.066,-46.15
298,90,6.64,-12.408,-46.8
298,90,6.8,-13.87,-47.37
298,90,6.96,-14.252,-48.58
298,90,7.12,-12.506,-47.1
298,90,7.28,-11.012,-45.39
298,90,7.44,-12.746,-47.08
298,90,7.6,-16.66,-50.06
298,90,7.76,-12.828,-48.05
298,90,7.92,-14.532,-49.16
298,90,8.08,-12.346,-47.15
298,90,8.24,-12.452,-47.56
298,90,8.4,-14.17,-49.55
298,90,8.56,-10.112,-46.39
298,90,8.72,-9.818,-47.12
298,90,8.88,-10.908,-48.05
298,90,9.04,-13.814,-51.6
298,90,9.2,-12.49,-51.35
298,90,9.36,-12.924,-50.99
298,90,9.52,-15.132,-53.51
298,90,9.68,-16.47,-55.36
298,90,9.84,-19.326,-58.44
298,90,10,-14.63,-53.7
298,90,10.16,-15.318,-54.96
298,90,10.32,-20.952,-60.58
298,90,10.48,-18.638,-58.17
298,90,10.64,-13.808,-53.82
298,90,10.8,-13.93,-54.2
298,90,10.96,-16.656,-56.64
298,90,11.12,-15.956,-56.2
298,90,11.28,-17.836,-58.28
298,90,11.44,-16.832,-57.58
298,90,11.6,-14.87,-55.74
298,90,11.76,-17.234,-58.35
298,90,11.92,-15.564,-56.69
298,90,12.08,-15.51,-57.7
298,90,12.24,-16.684,-58.94
298,90,12.4,-15.46,-58.12
298,90,12.56,-17.48,-61.55
298,90,12.72,-17.184,-61.74
298,90,12.88,-19.556,-64.76
298,90,13.04,-17.528,-64.03
298,90,13.2,-16.39,-63.17
298,90,13.36,-16.334,-62.55
298,90,13.52,-14.802,-60.81
298,90,13.68,-12.53,-59.21
298,90,13.84,-16.238,-63.72
298,90,14,-14.94,-62.79
298,90,14.16,-15.806,-64.03
298,90,14.32,-14.956,-63.91
298,90,14.48,-31.924,-83.75
298,90,14.64,-15.464,-64.92
298,90,14.8,-19,-67.01
298,90,14.96,-15.222,-62.35
298,90,15.12,-16.45,-62.88
298,90,15.28,-15.91,-62.46
298,90,15.44,-16.756,-63.07
298,90,15.6,-14.99,-61.62
298,90,15.76,-14.718,-61.91
298,90,15.92,-16.712,-63.89
298,90,16.08,-17.532,-64.99
298,90,16.24,-30.134,-78.26
298,90,16.4,-27.62,-77.43
298,90,16.56,-17.968,-66.9
298,90,16.72,-21.088,-70.57
298,90,16.88,-17.334,-67.8
298,90,17.04,-20.306,-71.56
298,90,17.2,-20.78,-73.21
298,90,17.36,-14.696,-67.34
298,90,17.52,-23.976,-76.51
298,90,17.68,-23.212,-76.29
298,90,17.84,-21.418,-74.33
298,90,18,-21.02,-73.83
299,90,2,-1.28,-23.07
299,90,2.16,-3.898,-27.31
299,90,2.32,-4.266,-29.92
299,90,2.48,-4.844,-32.09
299,90,2.64,-6.458,-35.17
299,90,2.8,-7.39,-34.45
299,90,2.96,-1.308,-29.62
299,90,3.12,-4.816,-33.05
299,90,3.28,-5.68200000000001,-35.7
299,90,3.44,-4.722,-33.37
299,90,3.6,-7.02,-34.47
299,90,3.76,-6.244,-35.73
299,90,3.92,-7.052,-34.6
299,90,4.08,-8.132,-35.8
299,90,4.24,-13.476,-42.5
299,90,4.4,-8.86,-38.67
299,90,4.56,-5.856,-35.67
299,90,4.72,-7.52399999999999,-37.51
299,90,4.88,-10.64,-40.77
299,90,5.04,-8.27,-38.32
299,90,5.2,-7.61,-39.03
299,90,5.36,-12.64,-43.44
299,90,5.52,-14.718,-45
299,90,5.68,-11.7,-43.07
299,90,5.84,-19.242,-50.69
299,90,6,-16.18,-47.72
299,90,6.16,-16.8,-48.84
299,90,6.32,-10.508,-44
299,90,6.48,-11.116,-45.2
299,90,6.64,-11.968,-46.36
299,90,6.8,-13.88,-47.38
299,90,6.96,-14.572,-48.9
299,90,7.12,-11.256,-45.85
299,90,7.28,-10.562,-44.94
299,90,7.44,-13.596,-47.93
299,90,7.6,-14.93,-48.33
299,90,7.76,-13.218,-48.44
299,90,7.92,-13.302,-47.93
299,90,8.08,-11.786,-46.59
299,90,8.24,-12.062,-47.17
299,90,8.4,-14.42,-49.8
299,90,8.56,-9.62199999999999,-45.9
299,90,8.72,-9.278,-46.58
299,90,8.88,-10.408,-47.55
299,90,9.04,-13.594,-51.38
299,90,9.2,-12.69,-51.55
299,90,9.36,-13.544,-51.61
299,90,9.52,-14.132,-52.51
299,90,9.68,-17.62,-56.51
299,90,9.84,-15.826,-54.94
299,90,10,-15.82,-54.89
299,90,10.16,-14.738,-54.38
299,90,10.32,-20.582,-60.21
299,90,10.48,-20.738,-60.27
299,90,10.64,-14.268,-54.28
299,90,10.8,-13.42,-53.69
299,90,10.96,-13.386,-53.37
299,90,11.12,-17.086,-57.33
299,90,11.28,-18.556,-59
299,90,11.44,-15.002,-55.75
299,90,11.6,-14.83,-55.7
299,90,11.76,-17.324,-58.44
299,90,11.92,-16.764,-57.89
299,90,12.08,-15.08,-57.27
299,90,12.24,-15.734,-57.99
299,90,12.4,-14.34,-57
299,90,12.56,-21.75,-65.82
299,90,12.72,-15.904,-60.46
299,90,12.88,-16.436,-61.64
299,90,13.04,-20.848,-67.35
299,90,13.2,-17.03,-63.81
299,90,13.36,-14.824,-61.04
299,90,13.52,-14.502,-60.51
299,90,13.68,-11.64,-58.32
299,90,13.84,-16.268,-63.75
299,90,14,-13.43,-61.28
299,90,14.16,-17.216,-65.44
299,90,14.32,-15.136,-64.09
299,90,14.48,-22.494,-74.32
299,90,14.64,-21.474,-70.93
299,90,14.8,-16.08,-64.09
299,90,14.96,-18.252,-65.38
299,90,15.12,-15.68,-62.11
299,90,15.28,-16.12,-62.67
299,90,15.44,-19.146,-65.46
299,90,15.6,-15,-61.63
299,90,15.76,-13.638,-60.83
299,90,15.92,-17.552,-64.73
299,90,16.08,-18.082,-65.54
299,90,16.24,-20.024,-68.15
299,90,16.4,-26.81,-76.62
299,90,16.56,-18.698,-67.63
299,90,16.72,-19.338,-68.82
299,90,16.88,-15.204,-65.67
299,90,17.04,-13.646,-64.9
299,90,17.2,-19.13,-71.56
299,90,17.36,-13.466,-66.11
299,90,17.52,-16.066,-68.6
299,90,17.68,-30.172,-83.25
299,90,17.84,-16.218,-69.13
299,90,18,-20.85,-73.66
300,90,2,-1.14,-22.93
300,90,2.16,-3.688,-27.1
300,90,2.32,-3.526,-29.18
300,90,2.48,-4.664,-31.91
300,90,2.64,-6.148,-34.86
300,90,2.8,-6.88,-33.94
300,90,2.96,-1.298,-29.61
300,90,3.12,-4.526,-32.76
300,90,3.28,-5.232,-35.25
300,90,3.44,-4.382,-33.03
300,90,3.6,-6.27,-33.72
300,90,3.76,-5.57400000000001,-35.06
300,90,3.92,-6.752,-34.3
300,90,4.08,-7.652,-35.32
300,90,4.24,-12.866,-41.89
300,90,4.4,-8.43,-38.24
300,90,4.56,-4.876,-34.69
300,90,4.72,-7.294,-37.28
300,90,4.88,-9.87,-40
300,90,5.04,-8.34999999999999,-38.4
300,90,5.2,-7.23999999999999,-38.66
300,90,5.36,-12.47,-43.27
300,90,5.52,-14.388,-44.67
300,90,5.68,-12.03,-43.4
300,90,5.84,-17.412,-48.86
300,90,6,-15.64,-47.18
300,90,6.16,-16.82,-48.86
300,90,6.32,-9.90799999999999,-43.4
300,90,6.48,-10.316,-44.4
300,90,6.64,-12.108,-46.5
300,90,6.8,-13.75,-47.25
300,90,6.96,-14.342,-48.67
300,90,7.12,-10.626,-45.22
300,90,7.28,-10.532,-44.91
300,90,7.44,-12.646,-46.98
300,90,7.6,-14.21,-47.61
300,90,7.76,-13.498,-48.72
300,90,7.92,-12.012,-46.64
300,90,8.08,-11.776,-46.58
300,90,8.24,-11.592,-46.7
300,90,8.4,-13.45,-48.83
300,90,8.56,-9.032,-45.31
300,90,8.72,-9.148,-46.45
300,90,8.88,-10.418,-47.56
300,90,9.04,-12.954,-50.74
300,90,9.2,-13,-51.86
300,90,9.36,-12.874,-50.94
300,90,9.52,-13.752,-52.13
300,90,9.68,-16.27,-55.16
300,90,9.84,-14.356,-53.47
300,90,10,-15.87,-54.94
300,90,10.16,-14.038,-53.68
300,90,10.32,-20.742,-60.37
300,90,10.48,-20.088,-59.62
300,90,10.64,-12.728,-52.74
300,90,10.8,-13.06,-53.33
300,90,10.96,-13.656,-53.64
300,90,11.12,-19.306,-59.55
300,90,11.28,-16.486,-56.93
300,90,11.44,-17.222,-57.97
300,90,11.6,-15.15,-56.02
300,90,11.76,-17.514,-58.63
300,90,11.92,-17.344,-58.47
300,90,12.08,-14.01,-56.2
300,90,12.24,-12.614,-54.87
300,90,12.4,-14.62,-57.28
300,90,12.56,-14.88,-58.95
300,90,12.72,-15.604,-60.16
300,90,12.88,-15.546,-60.75
300,90,13.04,-15.608,-62.11
300,90,13.2,-13.66,-60.44
300,90,13.36,-13.764,-59.98
300,90,13.52,-15.272,-61.28
300,90,13.68,-13.26,-59.94
300,90,13.84,-12.078,-59.56
300,90,14,-14.28,-62.13
300,90,14.16,-14.886,-63.11
300,90,14.32,-15.556,-64.51
300,90,14.48,-16.634,-68.46
300,90,14.64,-16.114,-65.57
300,90,14.8,-16.44,-64.45
300,90,14.96,-15.302,-62.43
300,90,15.12,-15.87,-62.3
300,90,15.28,-17.4,-63.95
300,90,15.44,-14.516,-60.83
300,90,15.6,-15.12,-61.75
300,90,15.76,-13.828,-61.02
300,90,15.92,-15.352,-62.53
300,90,16.08,-15.972,-63.43
300,90,16.24,-17.794,-65.92
300,90,16.4,-20.94,-70.75
300,90,16.56,-16.968,-65.9
300,90,16.72,-14.878,-64.36
300,90,16.88,-25.904,-76.37
300,90,17.04,-12.446,-63.7
300,90,17.2,-22.23,-74.66
300,90,17.36,-14.676,-67.32
300,90,17.52,-14.126,-66.66
300,90,17.68,-30.522,-83.6
300,90,17.84,-18.228,-71.14
300,90,18,-16.04,-68.85
301,90,2,-1.06,-22.85
301,90,2.16,-3.288,-26.7
301,90,2.32,-2.976,-28.63
301,90,2.48,-4.454,-31.7
301,90,2.64,-5.808,-34.52
301,90,2.8,-6.35,-33.41
301,90,2.96,-1.358,-29.67
301,90,3.12,-4.066,-32.3
301,90,3.28,-4.842,-34.86
301,90,3.44,-4.052,-32.7
301,90,3.6,-5.56,-33.01
301,90,3.76,-4.89400000000001,-34.38
301,90,3.92,-6.392,-33.94
301,90,4.08,-7.302,-34.97
301,90,4.24,-12.286,-41.31
301,90,4.4,-7.69,-37.5
301,90,4.56,-4.236,-34.05
301,90,4.72,-7.27399999999999,-37.26
301,90,4.88,-9.36,-39.49
301,90,5.04,-8.09,-38.14
301,90,5.2,-6.68,-38.1
301,90,5.36,-11.89,-42.69
301,90,5.52,-14.468,-44.75
301,90,5.68,-11.56,-42.93
301,90,5.84,-15.782,-47.23
301,90,6,-15.95,-47.49
301,90,6.16,-15.76,-47.8
301,90,6.32,-8.80799999999999,-42.3
301,90,6.48,-10.436,-44.52
301,90,6.64,-12.118,-46.51
301,90,6.8,-13.08,-46.58
301,90,6.96,-14.362,-48.69
301,90,7.12,-10.336,-44.93
301,90,7.28,-10.492,-44.87
301,90,7.44,-12.586,-46.92
301,90,7.6,-14.37,-47.77
301,90,7.76,-13.158,-48.38
301,90,7.92,-10.922,-45.55
301,90,8.08,-12.266,-47.07
301,90,8.24,-11.952,-47.06
301,90,8.4,-12.93,-48.31
301,90,8.56,-9.672,-45.95
301,90,8.72,-9.358,-46.66
301,90,8.88,-9.748,-46.89
301,90,9.04,-12.664,-50.45
301,90,9.2,-12.68,-51.54
301,90,9.36,-11.014,-49.08
301,90,9.52,-13.712,-52.09
301,90,9.68,-14.12,-53.01
301,90,9.84,-15.676,-54.79
301,90,10,-14.47,-53.54
301,90,10.16,-13.378,-53.02
301,90,10.32,-19.762,-59.39
301,90,10.48,-16.828,-56.36
301,90,10.64,-12.558,-52.57
301,90,10.8,-13.02,-53.29
301,90,10.96,-17.466,-57.45
301,90,11.12,-17.316,-57.56
301,90,11.28,-17.516,-57.96
301,90,11.44,-18.212,-58.96
301,90,11.6,-14.57,-55.44
301,90,11.76,-16.454,-57.57
301,90,11.92,-15.804,-56.93
301,90,12.08,-12.97,-55.16
301,90,12.24,-12.654,-54.91
301,90,12.4,-15.8,-58.46
301,90,12.56,-15.02,-59.09
301,90,12.72,-15.234,-59.79
301,90,12.88,-15.886,-61.09
301,90,13.04,-14.278,-60.78
301,90,13.2,-15.89,-62.67
301,90,13.36,-14.094,-60.31
301,90,13.52,-16.472,-62.48
301,90,13.68,-13.42,-60.1
301,90,13.84,-11.848,-59.33
301,90,14,-14.3,-62.15
301,90,14.16,-12.126,-60.35
301,90,14.32,-13.846,-62.8
301,90,14.48,-20.444,-72.27
301,90,14.64,-15.844,-65.3
301,90,14.8,-17.26,-65.27
301,90,14.96,-14.942,-62.07
301,90,15.12,-14.79,-61.22
301,90,15.28,-18.29,-64.84
301,90,15.44,-18.276,-64.59
301,90,15.6,-18.17,-64.8
301,90,15.76,-14.268,-61.46
301,90,15.92,-16.462,-63.64
301,90,16.08,-16.582,-64.04
301,90,16.24,-16.764,-64.89
301,90,16.4,-22.15,-71.96
301,90,16.56,-17.728,-66.66
301,90,16.72,-20.558,-70.04
301,90,16.88,-22.154,-72.62
301,90,17.04,-17.566,-68.82
301,90,17.2,-18.23,-70.66
301,90,17.36,-24.276,-76.92
301,90,17.52,-13.936,-66.47
301,90,17.68,-23.392,-76.47
301,90,17.84,-13.038,-65.95
301,90,18,-14.74,-67.55
302,90,2,-1.08,-22.87
302,90,2.16,-2.808,-26.22
302,90,2.32,-2.576,-28.23
302,90,2.48,-4.234,-31.48
302,90,2.64,-5.358,-34.07
302,90,2.8,-5.88,-32.94
302,90,2.96,-1.428,-29.74
302,90,3.12,-3.456,-31.69
302,90,3.28,-4.382,-34.4
302,90,3.44,-3.722,-32.37
302,90,3.6,-4.95,-32.4
302,90,3.76,-4.544,-34.03
302,90,3.92,-5.902,-33.45
302,90,4.08,-6.712,-34.38
302,90,4.24,-11.486,-40.51
302,90,4.4,-6.79,-36.6
302,90,4.56,-3.776,-33.59
302,90,4.72,-7.23399999999999,-37.22
302,90,4.88,-9.05,-39.18
302,90,5.04,-8.19,-38.24
302,90,5.2,-6.33,-37.75
302,90,5.36,-11.61,-42.41
302,90,5.52,-14.278,-44.56
302,90,5.68,-9.90000000000001,-41.27
302,90,5.84,-15.082,-46.53
302,90,6,-17.53,-49.07
302,90,6.16,-14.59,-46.63
302,90,6.32,-8.41799999999999,-41.91
302,90,6.48,-10.416,-44.5
302,90,6.64,-12.218,-46.61
302,90,6.8,-12.76,-46.26
302,90,6.96,-13.622,-47.95
302,90,7.12,-9.856,-44.45
302,90,7.28,-10.862,-45.24
302,90,7.44,-12.996,-47.33
302,90,7.6,-14.43,-47.83
302,90,7.76,-12.698,-47.92
302,90,7.92,-11.532,-46.16
302,90,8.08,-12.226,-47.03
302,90,8.24,-11.522,-46.63
302,90,8.4,-12.54,-47.92
302,90,8.56,-10.172,-46.45
302,90,8.72,-9.098,-46.4
302,90,8.88,-9.588,-46.73
302,90,9.04,-13.434,-51.22
302,90,9.2,-11.21,-50.07
302,90,9.36,-10.764,-48.83
302,90,9.52,-12.592,-50.97
302,90,9.68,-12.65,-51.54
302,90,9.84,-16.116,-55.23
302,90,10,-12.49,-51.56
302,90,10.16,-12.918,-52.56
302,90,10.32,-21.022,-60.65
302,90,10.48,-15.818,-55.35
302,90,10.64,-12.588,-52.6
302,90,10.8,-14.86,-55.13
302,90,10.96,-16.886,-56.87
302,90,11.12,-17.346,-57.59
302,90,11.28,-17.486,-57.93
302,90,11.44,-16.792,-57.54
302,90,11.6,-15.4,-56.27
302,90,11.76,-17.734,-58.85
302,90,11.92,-16.684,-57.81
302,90,12.08,-14.83,-57.02
302,90,12.24,-17.614,-59.87
302,90,12.4,-14.95,-57.61
302,90,12.56,-16.4,-60.47
302,90,12.72,-16.174,-60.73
302,90,12.88,-15.926,-61.13
302,90,13.04,-17.098,-63.6
302,90,13.2,-18.15,-64.93
302,90,13.36,-16.214,-62.43
302,90,13.52,-14.882,-60.89
302,90,13.68,-11.92,-58.6
302,90,13.84,-12.878,-60.36
302,90,14,-13.97,-61.82
302,90,14.16,-11.306,-59.53
302,90,14.32,-16.736,-65.69
302,90,14.48,-15.924,-67.75
302,90,14.64,-20.244,-69.7
302,90,14.8,-18.11,-66.12
302,90,14.96,-16.102,-63.23
302,90,15.12,-14.91,-61.34
302,90,15.28,-16.94,-63.49
302,90,15.44,-18.186,-64.5
302,90,15.6,-14.08,-60.71
302,90,15.76,-13.838,-61.03
302,90,15.92,-16.072,-63.25
302,90,16.08,-16.232,-63.69
302,90,16.24,-16.494,-64.62
302,90,16.4,-16.65,-66.46
302,90,16.56,-22.898,-71.83
302,90,16.72,-21.868,-71.35
302,90,16.88,-22.064,-72.53
302,90,17.04,-14.856,-66.11
302,90,17.2,-24.83,-77.26
302,90,17.36,-33.766,-86.41
302,90,17.52,-20.326,-72.86
302,90,17.68,-18.042,-71.12
302,90,17.84,-13.188,-66.1
302,90,18,-22.43,-75.24
303,90,2,-1.15,-22.94
303,90,2.16,-2.208,-25.62
303,90,2.32,-2.206,-27.86
303,90,2.48,-4.104,-31.35
303,90,2.64,-5.068,-33.78
303,90,2.8,-5.53,-32.59
303,90,2.96,-1.368,-29.68
303,90,3.12,-2.806,-31.04
303,90,3.28,-4.00200000000001,-34.02
303,90,3.44,-3.462,-32.11
303,90,3.6,-4.47,-31.92
303,90,3.76,-4.274,-33.76
303,90,3.92,-5.312,-32.86
303,90,4.08,-6.102,-33.77
303,90,4.24,-11.206,-40.23
303,90,4.4,-6.07,-35.88
303,90,4.56,-3.606,-33.42
303,90,4.72,-7.364,-37.35
303,90,4.88,-9.11,-39.24
303,90,5.04,-7.66999999999999,-37.72
303,90,5.2,-5.8,-37.22
303,90,5.36,-11.16,-41.96
303,90,5.52,-13.878,-44.16
303,90,5.68,-8.79,-40.16
303,90,5.84,-16.402,-47.85
303,90,6,-17.42,-48.96
303,90,6.16,-13.4,-45.44
303,90,6.32,-8.55799999999999,-42.05
303,90,6.48,-11.366,-45.45
303,90,6.64,-11.508,-45.9
303,90,6.8,-12.77,-46.27
303,90,6.96,-13.972,-48.3
303,90,7.12,-9.466,-44.06
303,90,7.28,-10.932,-45.31
303,90,7.44,-13.436,-47.77
303,90,7.6,-14.03,-47.43
303,90,7.76,-12.208,-47.43
303,90,7.92,-12.092,-46.72
303,90,8.08,-12.056,-46.86
303,90,8.24,-10.892,-46
303,90,8.4,-13.91,-49.29
303,90,8.56,-9.55199999999999,-45.83
303,90,8.72,-8.748,-46.05
303,90,8.88,-9.48800000000001,-46.63
303,90,9.04,-12.024,-49.81
303,90,9.2,-10.07,-48.93
303,90,9.36,-10.584,-48.65
303,90,9.52,-11.352,-49.73
303,90,9.68,-13.15,-52.04
303,90,9.84,-14.896,-54.01
303,90,10,-11.85,-50.92
303,90,10.16,-13.638,-53.28
303,90,10.32,-19.262,-58.89
303,90,10.48,-15.518,-55.05
303,90,10.64,-14.158,-54.17
303,90,10.8,-14.89,-55.16
303,90,10.96,-15.496,-55.48
303,90,11.12,-17.896,-58.14
303,90,11.28,-16.986,-57.43
303,90,11.44,-15.812,-56.56
303,90,11.6,-16.58,-57.45
303,90,11.76,-17.134,-58.25
303,90,11.92,-19.654,-60.78
303,90,12.08,-17.02,-59.21
303,90,12.24,-14.454,-56.71
303,90,12.4,-15.71,-58.37
303,90,12.56,-17.46,-61.53
303,90,12.72,-16.974,-61.53
303,90,12.88,-16.306,-61.51
303,90,13.04,-15.398,-61.9
303,90,13.2,-18.15,-64.93
303,90,13.36,-16.074,-62.29
303,90,13.52,-15.122,-61.13
303,90,13.68,-12.47,-59.15
303,90,13.84,-14.068,-61.55
303,90,14,-14.8,-62.65
303,90,14.16,-15.456,-63.68
303,90,14.32,-17.546,-66.5
303,90,14.48,-20.984,-72.81
303,90,14.64,-18.684,-68.14
303,90,14.8,-14.11,-62.12
303,90,14.96,-14.602,-61.73
303,90,15.12,-12.49,-58.92
303,90,15.28,-15.4,-61.95
303,90,15.44,-15.876,-62.19
303,90,15.6,-11.84,-58.47
303,90,15.76,-12.768,-59.96
303,90,15.92,-14.762,-61.94
303,90,16.08,-15.052,-62.51
303,90,16.24,-16.684,-64.81
303,90,16.4,-18.53,-68.34
303,90,16.56,-25.588,-74.52
303,90,16.72,-20.888,-70.37
303,90,16.88,-19.114,-69.58
303,90,17.04,-15.576,-66.83
303,90,17.2,-19,-71.43
303,90,17.36,-16.646,-69.29
303,90,17.52,-14.896,-67.43
303,90,17.68,-14.762,-67.84
303,90,17.84,-18.718,-71.63
303,90,18,-17.44,-70.25
304,90,2,-1.25,-23.04
304,90,2.16,-1.538,-24.95
304,90,2.32,-1.966,-27.62
304,90,2.48,-3.804,-31.05
304,90,2.64,-4.658,-33.37
304,90,2.8,-5.29,-32.35
304,90,2.96,-1.188,-29.5
304,90,3.12,-2.136,-30.37
304,90,3.28,-3.61200000000001,-33.63
304,90,3.44,-3.132,-31.78
304,90,3.6,-4,-31.45
304,90,3.76,-4.134,-33.62
304,90,3.92,-4.712,-32.26
304,90,4.08,-5.422,-33.09
304,90,4.24,-10.636,-39.66
304,90,4.4,-5.48,-35.29
304,90,4.56,-3.726,-33.54
304,90,4.72,-6.99399999999999,-36.98
304,90,4.88,-9.08,-39.21
304,90,5.04,-6.95,-37
304,90,5.2,-5.44,-36.86
304,90,5.36,-11.3,-42.1
304,90,5.52,-13.008,-43.29
304,90,5.68,-7.49,-38.86
304,90,5.84,-18.182,-49.63
304,90,6,-15.3,-46.84
304,90,6.16,-13.75,-45.79
304,90,6.32,-8.91799999999999,-42.41
304,90,6.48,-11.256,-45.34
304,90,6.64,-10.828,-45.22
304,90,6.8,-13.69,-47.19
304,90,6.96,-12.782,-47.11
304,90,7.12,-9.066,-43.66
304,90,7.28,-11.272,-45.65
304,90,7.44,-12.746,-47.08
304,90,7.6,-13.35,-46.75
304,90,7.76,-11.928,-47.15
304,90,7.92,-12.472,-47.1
304,90,8.08,-11.086,-45.89
304,90,8.24,-10.382,-45.49
304,90,8.4,-13.56,-48.94
304,90,8.56,-8.59199999999999,-44.87
304,90,8.72,-8.388,-45.69
304,90,8.88,-8.798,-45.94
304,90,9.04,-9.99400000000001,-47.78
304,90,9.2,-10.28,-49.14
304,90,9.36,-9.944,-48.01
304,90,9.52,-11.192,-49.57
304,90,9.68,-13.12,-52.01
304,90,9.84,-13.866,-52.98
304,90,10,-11.7,-50.77
304,90,10.16,-14.068,-53.71
304,90,10.32,-19.052,-58.68
304,90,10.48,-15.958,-55.49
304,90,10.64,-13.218,-53.23
304,90,10.8,-11.26,-51.53
304,90,10.96,-15.566,-55.55
304,90,11.12,-15.936,-56.18
304,90,11.28,-15.946,-56.39
304,90,11.44,-15.382,-56.13
304,90,11.6,-15.4,-56.27
304,90,11.76,-16.414,-57.53
304,90,11.92,-19.504,-60.63
304,90,12.08,-15.33,-57.52
304,90,12.24,-15.694,-57.95
304,90,12.4,-18.12,-60.78
304,90,12.56,-17.21,-61.28
304,90,12.72,-15.754,-60.31
304,90,12.88,-15.046,-60.25
304,90,13.04,-14.738,-61.24
304,90,13.2,-18.55,-65.33
304,90,13.36,-15.684,-61.9
304,90,13.52,-12.652,-58.66
304,90,13.68,-14.93,-61.61
304,90,13.84,-15.538,-63.02
304,90,14,-16.88,-64.73
304,90,14.16,-16.746,-64.97
304,90,14.32,-23.006,-71.96
304,90,14.48,-17.204,-69.03
304,90,14.64,-19.154,-68.61
304,90,14.8,-15.7,-63.71
304,90,14.96,-13.652,-60.78
304,90,15.12,-15,-61.43
304,90,15.28,-15.9,-62.45
304,90,15.44,-14.206,-60.52
304,90,15.6,-12.43,-59.06
304,90,15.76,-15.238,-62.43
304,90,15.92,-12.202,-59.38
304,90,16.08,-15.212,-62.67
304,90,16.24,-15.694,-63.82
304,90,16.4,-16.73,-66.54
304,90,16.56,-21.058,-69.99
304,90,16.72,-22.418,-71.9
304,90,16.88,-16.774,-67.24
304,90,17.04,-20.136,-71.39
304,90,17.2,-15.04,-67.47
304,90,17.36,-22.636,-75.28
304,90,17.52,-20.616,-73.15
304,90,17.68,-18.752,-71.83
304,90,17.84,-20.938,-73.85
304,90,18,-15.03,-67.84
305,90,2,-1.36,-23.15
305,90,2.16,-0.898,-24.31
305,90,2.32,-1.826,-27.48
305,90,2.48,-3.464,-30.71
305,90,2.64,-4.348,-33.06
305,90,2.8,-5.05,-32.11
305,90,2.96,-0.718000000000004,-29.03
305,90,3.12,-1.526,-29.76
305,90,3.28,-3.332,-33.35
305,90,3.44,-2.692,-31.34
305,90,3.6,-3.56,-31.01
305,90,3.76,-4.184,-33.67
305,90,3.92,-4.142,-31.69
305,90,4.08,-4.602,-32.27
305,90,4.24,-10.016,-39.04
305,90,4.4,-5.23,-35.04
305,90,4.56,-4.056,-33.87
305,90,4.72,-6.714,-36.7
305,90,4.88,-8.87,-39
305,90,5.04,-6.09999999999999,-36.15
305,90,5.2,-5.22,-36.64
305,90,5.36,-11.33,-42.13
305,90,5.52,-11.248,-41.53
305,90,5.68,-7.33000000000001,-38.7
305,90,5.84,-19.862,-51.31
305,90,6,-12.42,-43.96
305,90,6.16,-14.25,-46.29
305,90,6.32,-9.288,-42.78
305,90,6.48,-10.346,-44.43
305,90,6.64,-10.758,-45.15
305,90,6.8,-13.04,-46.54
305,90,6.96,-12.542,-46.87
305,90,7.12,-9.066,-43.66
305,90,7.28,-11.422,-45.8
305,90,7.44,-12.236,-46.57
305,90,7.6,-12.85,-46.25
305,90,7.76,-12.598,-47.82
305,90,7.92,-12.282,-46.91
305,90,8.08,-10.606,-45.41
305,90,8.24,-10.792,-45.9
305,90,8.4,-12.65,-48.03
305,90,8.56,-8.562,-44.84
305,90,8.72,-7.938,-45.24
305,90,8.88,-7.818,-44.96
305,90,9.04,-10.124,-47.91
305,90,9.2,-10.77,-49.63
305,90,9.36,-10.224,-48.29
305,90,9.52,-10.982,-49.36
305,90,9.68,-12.85,-51.74
305,90,9.84,-13.356,-52.47
305,90,10,-12.14,-51.21
305,90,10.16,-13.018,-52.66
305,90,10.32,-18.342,-57.97
305,90,10.48,-13.658,-53.19
305,90,10.64,-11.358,-51.37
305,90,10.8,-10.68,-50.95
305,90,10.96,-13.116,-53.1
305,90,11.12,-15.046,-55.29
305,90,11.28,-16.776,-57.22
305,90,11.44,-13.792,-54.54
305,90,11.6,-14.06,-54.93
305,90,11.76,-15.634,-56.75
305,90,11.92,-17.674,-58.8
305,90,12.08,-15.55,-57.74
305,90,12.24,-16.554,-58.81
305,90,12.4,-16.73,-59.39
305,90,12.56,-15.67,-59.74
305,90,12.72,-13.554,-58.11
305,90,12.88,-14.986,-60.19
305,90,13.04,-16.348,-62.85
305,90,13.2,-15.28,-62.06
305,90,13.36,-15.494,-61.71
305,90,13.52,-10.042,-56.05
305,90,13.68,-13.25,-59.93
305,90,13.84,-14.098,-61.58
305,90,14,-12.89,-60.74
305,90,14.16,-11.296,-59.52
305,90,14.32,-16.976,-65.93
305,90,14.48,-21.384,-73.21
305,90,14.64,-17.274,-66.73
305,90,14.8,-13.76,-61.77
305,90,14.96,-14.752,-61.88
305,90,15.12,-12.86,-59.29
305,90,15.28,-13.29,-59.84
305,90,15.44,-15.336,-61.65
305,90,15.6,-14.47,-61.1
305,90,15.76,-12.408,-59.6
305,90,15.92,-11.352,-58.53
305,90,16.08,-12.992,-60.45
305,90,16.24,-16.074,-64.2
305,90,16.4,-14.36,-64.17
305,90,16.56,-20.238,-69.17
305,90,16.72,-20.678,-70.16
305,90,16.88,-15.344,-65.81
305,90,17.04,-17.716,-68.97
305,90,17.2,-18.75,-71.18
305,90,17.36,-20.496,-73.14
305,90,17.52,-25.956,-78.49
305,90,17.68,-16.482,-69.56
305,90,17.84,-15.518,-68.43
305,90,18,-25.72,-78.53
306,90,2,-1.47,-23.26
306,90,2.16,-0.298000000000002,-23.71
306,90,2.32,-1.736,-27.39
306,90,2.48,-3.044,-30.29
306,90,2.64,-4.088,-32.8
306,90,2.8,-4.85,-31.91
306,90,2.96,-0.118000000000002,-28.43
306,90,3.12,-0.945999999999998,-29.18
306,90,3.28,-3.102,-33.12
306,90,3.44,-2.102,-30.75
306,90,3.6,-3.2,-30.65
306,90,3.76,-4.024,-33.51
306,90,3.92,-3.442,-30.99
306,90,4.08,-4.062,-31.73
306,90,4.24,-9.38599999999999,-38.41
306,90,4.4,-5.18,-34.99
306,90,4.56,-4.306,-34.12
306,90,4.72,-6.284,-36.27
306,90,4.88,-8.36,-38.49
306,90,5.04,-5.45,-35.5
306,90,5.2,-5.04,-36.46
306,90,5.36,-11.42,-42.22
306,90,5.52,-10.258,-40.54
306,90,5.68,-7.99,-39.36
306,90,5.84,-17.222,-48.67
306,90,6,-11.08,-42.62
306,90,6.16,-15.58,-47.62
306,90,6.32,-8.938,-42.43
306,90,6.48,-9.686,-43.77
306,90,6.64,-11.168,-45.56
306,90,6.8,-12.67,-46.17
306,90,6.96,-11.972,-46.3
306,90,7.12,-9.676,-44.27
306,90,7.28,-10.742,-45.12
306,90,7.44,-11.306,-45.64
306,90,7.6,-13.46,-46.86
306,90,7.76,-12.418,-47.64
306,90,7.92,-11.992,-46.62
306,90,8.08,-10.576,-45.38
306,90,8.24,-10.222,-45.33
306,90,8.4,-12.25,-47.63
306,90,8.56,-8.65199999999999,-44.93
306,90,8.72,-7.428,-44.73
306,90,8.88,-7.52800000000001,-44.67
306,90,9.04,-10.134,-47.92
306,90,9.2,-11.3,-50.16
306,90,9.36,-10.184,-48.25
306,90,9.52,-10.772,-49.15
306,90,9.68,-11.8,-50.69
306,90,9.84,-15.426,-54.54
306,90,10,-11.79,-50.86
306,90,10.16,-12.018,-51.66
306,90,10.32,-18.512,-58.14
306,90,10.48,-12.448,-51.98
306,90,10.64,-11.178,-51.19
306,90,10.8,-10.31,-50.58
306,90,10.96,-12.496,-52.48
306,90,11.12,-15.166,-55.41
306,90,11.28,-13.816,-54.26
306,90,11.44,-12.862,-53.61
306,90,11.6,-14.86,-55.73
306,90,11.76,-14.194,-55.31
306,90,11.92,-17.544,-58.67
306,90,12.08,-15.49,-57.68
306,90,12.24,-13.004,-55.26
306,90,12.4,-16.13,-58.79
306,90,12.56,-14.89,-58.96
306,90,12.72,-14.834,-59.39
306,90,12.88,-15.466,-60.67
306,90,13.04,-13.278,-59.78
306,90,13.2,-16.28,-63.06
306,90,13.36,-13.004,-59.22
306,90,13.52,-12.532,-58.54
306,90,13.68,-10.82,-57.5
306,90,13.84,-14.548,-62.03
306,90,14,-11.44,-59.29
306,90,14.16,-10.846,-59.07
306,90,14.32,-15.286,-64.24
306,90,14.48,-17.824,-69.65
306,90,14.64,-17.764,-67.22
306,90,14.8,-13.89,-61.9
306,90,14.96,-11.882,-59.01
306,90,15.12,-13.18,-59.61
306,90,15.28,-14.89,-61.44
306,90,15.44,-15.946,-62.26
306,90,15.6,-13.25,-59.88
306,90,15.76,-12.668,-59.86
306,90,15.92,-13.062,-60.24
306,90,16.08,-13.912,-61.37
306,90,16.24,-15.044,-63.17
306,90,16.4,-15.94,-65.75
306,90,16.56,-17.698,-66.63
306,90,16.72,-23.958,-73.44
306,90,16.88,-14.024,-64.49
306,90,17.04,-18.746,-70
306,90,17.2,-15.84,-68.27
306,90,17.36,-17.096,-69.74
306,90,17.52,-20.776,-73.31
306,90,17.68,-15.742,-68.82
306,90,17.84,-13.318,-66.23
306,90,18,-12.88,-65.69
307,90,2,-1.52,-23.31
307,90,2.16,0.271999999999998,-23.14
307,90,2.32,-1.636,-27.29
307,90,2.48,-2.594,-29.84
307,90,2.64,-3.798,-32.51
307,90,2.8,-4.68,-31.74
307,90,2.96,0.591999999999999,-27.72
307,90,3.12,-0.385999999999999,-28.62
307,90,3.28,-2.902,-32.92
307,90,3.44,-1.542,-30.19
307,90,3.6,-2.98,-30.43
307,90,3.76,-3.914,-33.4
307,90,3.92,-2.812,-30.36
307,90,4.08,-3.572,-31.24
307,90,4.24,-8.496,-37.52
307,90,4.4,-5.38,-35.19
307,90,4.56,-4.256,-34.07
307,90,4.72,-5.66399999999999,-35.65
307,90,4.88,-7.39,-37.52
307,90,5.04,-5.04,-35.09
307,90,5.2,-4.91,-36.33
307,90,5.36,-10.28,-41.08
307,90,5.52,-9.508,-39.79
307,90,5.68,-8.71,-40.08
307,90,5.84,-14.532,-45.98
307,90,6,-10.63,-42.17
307,90,6.16,-16.63,-48.67
307,90,6.32,-8.458,-41.95
307,90,6.48,-9.546,-43.63
307,90,6.64,-11.268,-45.66
307,90,6.8,-12.03,-45.53
307,90,6.96,-12.472,-46.8
307,90,7.12,-10.616,-45.21
307,90,7.28,-9.842,-44.22
307,90,7.44,-11.586,-45.92
307,90,7.6,-14.44,-47.84
307,90,7.76,-13.028,-48.25
307,90,7.92,-11.642,-46.27
307,90,8.08,-10.186,-44.99
307,90,8.24,-9.262,-44.37
307,90,8.4,-12.29,-47.67
307,90,8.56,-8.15199999999999,-44.43
307,90,8.72,-7.138,-44.44
307,90,8.88,-7.968,-45.11
307,90,9.04,-9.754,-47.54
307,90,9.2,-10.77,-49.63
307,90,9.36,-9.754,-47.82
307,90,9.52,-9.392,-47.77
307,90,9.68,-11.32,-50.21
307,90,9.84,-14.246,-53.36
307,90,10,-10.56,-49.63
307,90,10.16,-11.468,-51.11
307,90,10.32,-19.072,-58.7
307,90,10.48,-12.688,-52.22
307,90,10.64,-12.628,-52.64
307,90,10.8,-10.96,-51.23
307,90,10.96,-12.656,-52.64
307,90,11.12,-14.796,-55.04
307,90,11.28,-14.266,-54.71
307,90,11.44,-14.042,-54.79
307,90,11.6,-14.2,-55.07
307,90,11.76,-14.034,-55.15
307,90,11.92,-17.044,-58.17
307,90,12.08,-13.98,-56.17
307,90,12.24,-12.754,-55.01
307,90,12.4,-15.67,-58.33
307,90,12.56,-18.19,-62.26
307,90,12.72,-14.064,-58.62
307,90,12.88,-14.256,-59.46
307,90,13.04,-14.258,-60.76
307,90,13.2,-14.31,-61.09
307,90,13.36,-17.444,-63.66
307,90,13.52,-13.552,-59.56
307,90,13.68,-11.94,-58.62
307,90,13.84,-14.248,-61.73
307,90,14,-11.93,-59.78
307,90,14.16,-13.226,-61.45
307,90,14.32,-17.036,-65.99
307,90,14.48,-18.894,-70.72
307,90,14.64,-16.134,-65.59
307,90,14.8,-12.82,-60.83
307,90,14.96,-12.882,-60.01
307,90,15.12,-12.01,-58.44
307,90,15.28,-13.28,-59.83
307,90,15.44,-13.956,-60.27
307,90,15.6,-12.02,-58.65
307,90,15.76,-11.958,-59.15
307,90,15.92,-15.442,-62.62
307,90,16.08,-12.752,-60.21
307,90,16.24,-18.854,-66.98
307,90,16.4,-17.5,-67.31
307,90,16.56,-21.398,-70.33
307,90,16.72,-19.788,-69.27
307,90,16.88,-19.974,-70.44
307,90,17.04,-14.596,-65.85
307,90,17.2,-28.73,-81.16
307,90,17.36,-18.306,-70.95
307,90,17.52,-15.586,-68.12
307,90,17.68,-13.792,-66.87
307,90,17.84,-14.598,-67.51
307,90,18,-16.34,-69.15
308,90,2,-1.5,-23.29
308,90,2.16,0.731999999999999,-22.68
308,90,2.32,-1.556,-27.21
308,90,2.48,-2.154,-29.4
308,90,2.64,-3.538,-32.25
308,90,2.8,-4.41,-31.47
308,90,2.96,1.252,-27.06
308,90,3.12,0.00400000000000134,-28.23
308,90,3.28,-2.712,-32.73
308,90,3.44,-1.012,-29.66
308,90,3.6,-2.67,-30.12
308,90,3.76,-3.544,-33.03
308,90,3.92,-2.222,-29.77
308,90,4.08,-3.152,-30.82
308,90,4.24,-7.70599999999999,-36.73
308,90,4.4,-5.67,-35.48
308,90,4.56,-4.066,-33.88
308,90,4.72,-4.974,-34.96
308,90,4.88,-6.71,-36.84
308,90,5.04,-4.95999999999999,-35.01
308,90,5.2,-4.55,-35.97
308,90,5.36,-9.12,-39.92
308,90,5.52,-9.098,-39.38
308,90,5.68,-9.71,-41.08
308,90,5.84,-12.282,-43.73
308,90,6,-10.56,-42.1
308,90,6.16,-16.04,-48.08
308,90,6.32,-7.718,-41.21
308,90,6.48,-9.696,-43.78
308,90,6.64,-10.618,-45.01
308,90,6.8,-11.7,-45.2
308,90,6.96,-12.362,-46.69
308,90,7.12,-11.206,-45.8
308,90,7.28,-9.072,-43.45
308,90,7.44,-12.836,-47.17
308,90,7.6,-15.41,-48.81
308,90,7.76,-12.598,-47.82
308,90,7.92,-12.312,-46.94
308,90,8.08,-9.42599999999999,-44.23
308,90,8.24,-9.172,-44.28
308,90,8.4,-13.16,-48.54
308,90,8.56,-8.44199999999999,-44.72
308,90,8.72,-7.168,-44.47
308,90,8.88,-8.12800000000001,-45.27
308,90,9.04,-9.404,-47.19
308,90,9.2,-10.43,-49.29
308,90,9.36,-9.104,-47.17
308,90,9.52,-8.772,-47.15
308,90,9.68,-11.58,-50.47
308,90,9.84,-12.496,-51.61
308,90,10,-10.46,-49.53
308,90,10.16,-10.498,-50.14
308,90,10.32,-17.062,-56.69
308,90,10.48,-14.608,-54.14
308,90,10.64,-12.008,-52.02
308,90,10.8,-10.39,-50.66
308,90,10.96,-14.436,-54.42
308,90,11.12,-14.236,-54.48
308,90,11.28,-15.176,-55.62
308,90,11.44,-13.872,-54.62
308,90,11.6,-14.86,-55.73
308,90,11.76,-14.194,-55.31
308,90,11.92,-16.074,-57.2
308,90,12.08,-14.63,-56.82
308,90,12.24,-13.244,-55.5
308,90,12.4,-16.27,-58.93
308,90,12.56,-21.54,-65.61
308,90,12.72,-15.604,-60.16
308,90,12.88,-14.886,-60.09
308,90,13.04,-16.138,-62.64
308,90,13.2,-17.78,-64.56
308,90,13.36,-17.944,-64.16
308,90,13.52,-16.352,-62.36
308,90,13.68,-13.04,-59.72
308,90,13.84,-15.418,-62.9
308,90,14,-15.53,-63.38
308,90,14.16,-16.806,-65.03
308,90,14.32,-18.856,-67.81
308,90,14.48,-19.094,-70.92
308,90,14.64,-17.124,-66.58
308,90,14.8,-14.64,-62.65
308,90,14.96,-12.512,-59.64
308,90,15.12,-13.67,-60.1
308,90,15.28,-12.05,-58.6
308,90,15.44,-13.166,-59.48
308,90,15.6,-11.16,-57.79
308,90,15.76,-10.928,-58.12
308,90,15.92,-12.922,-60.1
308,90,16.08,-12.112,-59.57
308,90,16.24,-15.964,-64.09
308,90,16.4,-14.67,-64.48
308,90,16.56,-20.598,-69.53
308,90,16.72,-19.508,-68.99
308,90,16.88,-17.414,-67.88
308,90,17.04,-15.426,-66.68
308,90,17.2,-17.96,-70.39
308,90,17.36,-18.516,-71.16
308,90,17.52,-15.516,-68.05
308,90,17.68,-17.452,-70.53
308,90,17.84,-13.858,-66.77
308,90,18,-10.86,-63.67
309,90,2,-1.31,-23.1
309,90,2.16,1.112,-22.3
309,90,2.32,-1.436,-27.09
309,90,2.48,-1.674,-28.92
309,90,2.64,-3.358,-32.07
309,90,2.8,-4.03,-31.09
309,90,2.96,1.792,-26.52
309,90,3.12,0.294,-27.94
309,90,3.28,-2.342,-32.36
309,90,3.44,-0.462,-29.11
309,90,3.6,-2.45,-29.9
309,90,3.76,-3.114,-32.6
309,90,3.92,-1.692,-29.24
309,90,4.08,-2.802,-30.47
309,90,4.24,-7.13599999999999,-36.16
309,90,4.4,-5.9,-35.71
309,90,4.56,-3.466,-33.28
309,90,4.72,-4.224,-34.21
309,90,4.88,-6.2,-36.33
309,90,5.04,-4.76,-34.81
309,90,5.2,-4.37,-35.79
309,90,5.36,-8.14,-38.94
309,90,5.52,-9.068,-39.35
309,90,5.68,-9.66,-41.03
309,90,5.84,-11.612,-43.06
309,90,6,-11.13,-42.67
309,90,6.16,-14.68,-46.72
309,90,6.32,-7.47799999999999,-40.97
309,90,6.48,-9.526,-43.61
309,90,6.64,-10.418,-44.81
309,90,6.8,-11.9,-45.4
309,90,6.96,-12.652,-46.98
309,90,7.12,-11.686,-46.28
309,90,7.28,-9.082,-43.46
309,90,7.44,-13.996,-48.33
309,90,7.6,-14.57,-47.97
309,90,7.76,-13.708,-48.93
309,90,7.92,-11.342,-45.97
309,90,8.08,-9.116,-43.92
309,90,8.24,-10.122,-45.23
309,90,8.4,-13.65,-49.03
309,90,8.56,-8.62199999999999,-44.9
309,90,8.72,-6.938,-44.24
309,90,8.88,-7.268,-44.41
309,90,9.04,-9.35400000000001,-47.14
309,90,9.2,-10.21,-49.07
309,90,9.36,-8.704,-46.77
309,90,9.52,-7.922,-46.3
309,90,9.68,-10.85,-49.74
309,90,9.84,-11.756,-50.87
309,90,10,-10.51,-49.58
309,90,10.16,-9.928,-49.57
309,90,10.32,-19.152,-58.78
309,90,10.48,-12.998,-52.53
309,90,10.64,-11.338,-51.35
309,90,10.8,-10.54,-50.81
309,90,10.96,-12.316,-52.3
309,90,11.12,-13.706,-53.95
309,90,11.28,-14.606,-55.05
309,90,11.44,-14.342,-55.09
309,90,11.6,-14.42,-55.29
309,90,11.76,-15.014,-56.13
309,90,11.92,-16.024,-57.15
309,90,12.08,-16.28,-58.47
309,90,12.24,-13.954,-56.21
309,90,12.4,-19.72,-62.38
309,90,12.56,-18.73,-62.8
309,90,12.72,-15.324,-59.88
309,90,12.88,-16.576,-61.78
309,90,13.04,-15.118,-61.62
309,90,13.2,-20.34,-67.12
309,90,13.36,-17.944,-64.16
309,90,13.52,-16.022,-62.03
309,90,13.68,-14.19,-60.87
309,90,13.84,-17.438,-64.92
309,90,14,-16,-63.85
309,90,14.16,-15.896,-64.12
309,90,14.32,-15.226,-64.18
309,90,14.48,-13.314,-65.14
309,90,14.64,-19.684,-69.14
309,90,14.8,-13.91,-61.92
309,90,14.96,-13.002,-60.13
309,90,15.12,-11.11,-57.54
309,90,15.28,-15.17,-61.72
309,90,15.44,-11.876,-58.19
309,90,15.6,-14.38,-61.01
309,90,15.76,-13.498,-60.69
309,90,15.92,-12.652,-59.83
309,90,16.08,-11.972,-59.43
309,90,16.24,-10.994,-59.12
309,90,16.4,-17.47,-67.28
309,90,16.56,-13.108,-62.04
309,90,16.72,-17.348,-66.83
309,90,16.88,-19.014,-69.48
309,90,17.04,-14.186,-65.44
309,90,17.2,-17.24,-69.67
309,90,17.36,-14.436,-67.08
309,90,17.52,-14.426,-66.96
309,90,17.68,-19.502,-72.58
309,90,17.84,-16.358,-69.27
309,90,18,-11.91,-64.72
310,90,2,-1.06,-22.85
310,90,2.16,1.462,-21.95
310,90,2.32,-1.216,-26.87
310,90,2.48,-1.254,-28.5
310,90,2.64,-3.088,-31.8
310,90,2.8,-3.53,-30.59
310,90,2.96,2.302,-26.01
310,90,3.12,0.424000000000003,-27.81
310,90,3.28,-2.082,-32.1
310,90,3.44,-0.022000000000002,-28.67
310,90,3.6,-2.14,-29.59
310,90,3.76,-2.564,-32.05
310,90,3.92,-1.192,-28.74
310,90,4.08,-2.532,-30.2
310,90,4.24,-6.48599999999999,-35.51
310,90,4.4,-5.78,-35.59
310,90,4.56,-2.706,-32.52
310,90,4.72,-3.534,-33.52
310,90,4.88,-5.73999999999999,-35.87
310,90,5.04,-4.59999999999999,-34.65
310,90,5.2,-3.82,-35.24
310,90,5.36,-7.25,-38.05
310,90,5.52,-8.908,-39.19
310,90,5.68,-8.23,-39.6
310,90,5.84,-11.402,-42.85
310,90,6,-11.2,-42.74
310,90,6.16,-13.71,-45.75
310,90,6.32,-7.438,-40.93
310,90,6.48,-9.32599999999999,-43.41
310,90,6.64,-10.208,-44.6
310,90,6.8,-12.16,-45.66
310,90,6.96,-13.212,-47.54
310,90,7.12,-11.126,-45.72
310,90,7.28,-9.372,-43.75
310,90,7.44,-15.536,-49.87
310,90,7.6,-14.1,-47.5
310,90,7.76,-13.908,-49.13
310,90,7.92,-10.972,-45.6
310,90,8.08,-9.60599999999999,-44.41
310,90,8.24,-10.502,-45.61
310,90,8.4,-14.45,-49.83
310,90,8.56,-8.322,-44.6
310,90,8.72,-6.738,-44.04
310,90,8.88,-7.12800000000001,-44.27
310,90,9.04,-9.504,-47.29
310,90,9.2,-9.65,-48.51
310,90,9.36,-8.644,-46.71
310,90,9.52,-7.382,-45.76
310,90,9.68,-10.09,-48.98
310,90,9.84,-12.176,-51.29
310,90,10,-9.79,-48.86
310,90,10.16,-9.478,-49.12
310,90,10.32,-19.382,-59.01
310,90,10.48,-11.708,-51.24
310,90,10.64,-10.998,-51.01
310,90,10.8,-9.77,-50.04
310,90,10.96,-12.636,-52.62
310,90,11.12,-13.506,-53.75
310,90,11.28,-13.556,-54
310,90,11.44,-14.832,-55.58
310,90,11.6,-14.75,-55.62
310,90,11.76,-14.964,-56.08
310,90,11.92,-17.104,-58.23
310,90,12.08,-20.2,-62.39
310,90,12.24,-20.534,-62.79
310,90,12.4,-17.4,-60.06
310,90,12.56,-18.89,-62.96
310,90,12.72,-18.134,-62.69
310,90,12.88,-13.626,-58.83
310,90,13.04,-12.538,-59.04
310,90,13.2,-15.84,-62.62
310,90,13.36,-14.704,-60.92
310,90,13.52,-15.882,-61.89
310,90,13.68,-13.51,-60.19
310,90,13.84,-15.518,-63
310,90,14,-14.01,-61.86
310,90,14.16,-15.996,-64.22
310,90,14.32,-13.516,-62.47
310,90,14.48,-13.614,-65.44
310,90,14.64,-14.714,-64.17
310,90,14.8,-15.72,-63.73
310,90,14.96,-12.042,-59.17
310,90,15.12,-11.99,-58.42
310,90,15.28,-15.96,-62.51
310,90,15.44,-12.746,-59.06
310,90,15.6,-14.99,-61.62
310,90,15.76,-14.428,-61.62
310,90,15.92,-11.962,-59.14
310,90,16.08,-12.662,-60.12
310,90,16.24,-14.584,-62.71
310,90,16.4,-16.08,-65.89
310,90,16.56,-14.588,-63.52
310,90,16.72,-16.488,-65.97
310,90,16.88,-18.154,-68.62
310,90,17.04,-19.036,-70.29
310,90,17.2,-16.22,-68.65
310,90,17.36,-17.846,-70.49
310,90,17.52,-19.006,-71.54
310,90,17.68,-19.812,-72.89
310,90,17.84,-11.418,-64.33
310,90,18,-15.21,-68.02
311,90,2,-0.670000000000002,-22.46
311,90,2.16,1.722,-21.69
311,90,2.32,-0.966000000000001,-26.62
311,90,2.48,-0.863999999999997,-28.11
311,90,2.64,-2.848,-31.56
311,90,2.8,-3.02,-30.08
311,90,2.96,2.652,-25.66
311,90,3.12,0.604000000000003,-27.63
311,90,3.28,-1.572,-31.59
311,90,3.44,0.468,-28.18
311,90,3.6,-1.82,-29.27
311,90,3.76,-2.174,-31.66
311,90,3.92,-0.771999999999998,-28.32
311,90,4.08,-2.182,-29.85
311,90,4.24,-5.88599999999999,-34.91
311,90,4.4,-5.24,-35.05
311,90,4.56,-2.026,-31.84
311,90,4.72,-2.91399999999999,-32.9
311,90,4.88,-5.56,-35.69
311,90,5.04,-4.22,-34.27
311,90,5.2,-3.21,-34.63
311,90,5.36,-7.01000000000001,-37.81
311,90,5.52,-8.858,-39.14
311,90,5.68,-7.26000000000001,-38.63
311,90,5.84,-11.402,-42.85
311,90,6,-10.73,-42.27
311,90,6.16,-13.27,-45.31
311,90,6.32,-7.578,-41.07
311,90,6.48,-8.886,-42.97
311,90,6.64,-10.628,-45.02
311,90,6.8,-12.07,-45.57
311,90,6.96,-13.852,-48.18
311,90,7.12,-10.646,-45.24
311,90,7.28,-9.712,-44.09
311,90,7.44,-14.616,-48.95
311,90,7.6,-14.09,-47.49
311,90,7.76,-14.078,-49.3
311,90,7.92,-11.172,-45.8
311,90,8.08,-10.866,-45.67
311,90,8.24,-10.632,-45.74
311,90,8.4,-14.67,-50.05
311,90,8.56,-7.90199999999999,-44.18
311,90,8.72,-7.058,-44.36
311,90,8.88,-7.228,-44.37
311,90,9.04,-9.71400000000001,-47.5
311,90,9.2,-8.76,-47.62
311,90,9.36,-8.424,-46.49
311,90,9.52,-6.622,-45
311,90,9.68,-10.35,-49.24
311,90,9.84,-11.736,-50.85
311,90,10,-9.85,-48.92
311,90,10.16,-9.23800000000001,-48.88
311,90,10.32,-15.062,-54.69
311,90,10.48,-11.188,-50.72
311,90,10.64,-9.388,-49.4
311,90,10.8,-9.16999999999999,-49.44
311,90,10.96,-11.806,-51.79
311,90,11.12,-11.686,-51.93
311,90,11.28,-12.506,-52.95
311,90,11.44,-13.212,-53.96
311,90,11.6,-14.19,-55.06
311,90,11.76,-14.684,-55.8
311,90,11.92,-16.264,-57.39
311,90,12.08,-24.76,-66.95
311,90,12.24,-17.924,-60.18
311,90,12.4,-14.32,-56.98
311,90,12.56,-21.24,-65.31
311,90,12.72,-16.394,-60.95
311,90,12.88,-12.446,-57.65
311,90,13.04,-11.458,-57.96
311,90,13.2,-14.64,-61.42
311,90,13.36,-12.584,-58.8
311,90,13.52,-12.632,-58.64
311,90,13.68,-11.75,-58.43
311,90,13.84,-12.508,-59.99
311,90,14,-14.34,-62.19
311,90,14.16,-12.766,-60.99
311,90,14.32,-15.046,-64
311,90,14.48,-16.244,-68.07
311,90,14.64,-15.984,-65.44
311,90,14.8,-13.89,-61.9
311,90,14.96,-11.642,-58.77
311,90,15.12,-11.03,-57.46
311,90,15.28,-12.96,-59.51
311,90,15.44,-13.136,-59.45
311,90,15.6,-13.88,-60.51
311,90,15.76,-13.668,-60.86
311,90,15.92,-13.432,-60.61
311,90,16.08,-16.792,-64.25
311,90,16.24,-16.934,-65.06
311,90,16.4,-13.1,-62.91
311,90,16.56,-17.738,-66.67
311,90,16.72,-20.018,-69.5
311,90,16.88,-21.454,-71.92
311,90,17.04,-14.716,-65.97
311,90,17.2,-18.43,-70.86
311,90,17.36,-19.866,-72.51
311,90,17.52,-18.146,-70.68
311,90,17.68,-12.262,-65.34
311,90,17.84,-14.648,-67.56
311,90,18,-14.41,-67.22
312,90,2,-0.25,-22.04
312,90,2.16,1.932,-21.48
312,90,2.32,-0.565999999999999,-26.22
312,90,2.48,-0.393999999999998,-27.64
312,90,2.64,-2.488,-31.2
312,90,2.8,-2.47,-29.53
312,90,2.96,2.932,-25.38
312,90,3.12,0.704000000000001,-27.53
312,90,3.28,-1.222,-31.24
312,90,3.44,0.878,-27.77
312,90,3.6,-1.49,-28.94
312,90,3.76,-1.694,-31.18
312,90,3.92,-0.341999999999999,-27.89
312,90,4.08,-1.812,-29.48
312,90,4.24,-5.37599999999999,-34.4
312,90,4.4,-4.51,-34.32
312,90,4.56,-1.516,-31.33
312,90,4.72,-2.34399999999999,-32.33
312,90,4.88,-5.5,-35.63
312,90,5.04,-3.84999999999999,-33.9
312,90,5.2,-2.41,-33.83
312,90,5.36,-6.74,-37.54
312,90,5.52,-8.648,-38.93
312,90,5.68,-6.17,-37.54
312,90,5.84,-11.242,-42.69
312,90,6,-9.79,-41.33
312,90,6.16,-12.31,-44.35
312,90,6.32,-7.598,-41.09
312,90,6.48,-8.626,-42.71
312,90,6.64,-10.218,-44.61
312,90,6.8,-12.04,-45.54
312,90,6.96,-14.012,-48.34
312,90,7.12,-10.126,-44.72
312,90,7.28,-9.812,-44.19
312,90,7.44,-14.516,-48.85
312,90,7.6,-14.07,-47.47
312,90,7.76,-14.528,-49.75
312,90,7.92,-11.622,-46.25
312,90,8.08,-11.746,-46.55
312,90,8.24,-9.892,-45
312,90,8.4,-13.63,-49.01
312,90,8.56,-7.91199999999999,-44.19
312,90,8.72,-7.968,-45.27
312,90,8.88,-7.338,-44.48
312,90,9.04,-9.044,-46.83
312,90,9.2,-8.29,-47.15
312,90,9.36,-8.674,-46.74
312,90,9.52,-7.132,-45.51
312,90,9.68,-10.46,-49.35
312,90,9.84,-11.126,-50.24
312,90,10,-9.43,-48.5
312,90,10.16,-9.008,-48.65
312,90,10.32,-15.132,-54.76
312,90,10.48,-11.048,-50.58
312,90,10.64,-8.348,-48.36
312,90,10.8,-8.73,-49
312,90,10.96,-10.796,-50.78
312,90,11.12,-10.576,-50.82
312,90,11.28,-12.266,-52.71
312,90,11.44,-12.522,-53.27
312,90,11.6,-13.09,-53.96
312,90,11.76,-12.444,-53.56
312,90,11.92,-16.114,-57.24
312,90,12.08,-18.49,-60.68
312,90,12.24,-12.324,-54.58
312,90,12.4,-12.34,-55
312,90,12.56,-17.95,-62.02
312,90,12.72,-14.884,-59.44
312,90,12.88,-12.806,-58.01
312,90,13.04,-11.188,-57.69
312,90,13.2,-12.4,-59.18
312,90,13.36,-13.724,-59.94
312,90,13.52,-12.792,-58.8
312,90,13.68,-10.64,-57.32
312,90,13.84,-11.998,-59.48
312,90,14,-14.26,-62.11
312,90,14.16,-10.546,-58.77
312,90,14.32,-13.816,-62.77
312,90,14.48,-13.354,-65.18
312,90,14.64,-19.204,-68.66
312,90,14.8,-14.15,-62.16
312,90,14.96,-11.432,-58.56
312,90,15.12,-10.47,-56.9
312,90,15.28,-12.24,-58.79
312,90,15.44,-11.906,-58.22
312,90,15.6,-11.61,-58.24
312,90,15.76,-12.298,-59.49
312,90,15.92,-13.202,-60.38
312,90,16.08,-13.712,-61.17
312,90,16.24,-15.474,-63.6
312,90,16.4,-15.79,-65.6
312,90,16.56,-16.338,-65.27
312,90,16.72,-21.558,-71.04
312,90,16.88,-17.134,-67.6
312,90,17.04,-14.966,-66.22
312,90,17.2,-19.08,-71.51
312,90,17.36,-13.526,-66.17
312,90,17.52,-19.906,-72.44
312,90,17.68,-16.152,-69.23
312,90,17.84,-16.308,-69.22
312,90,18,-11.21,-64.02
313,90,2,0.25,-21.54
313,90,2.16,2.142,-21.27
313,90,2.32,-0.155999999999999,-25.81
313,90,2.48,-0.0939999999999976,-27.34
313,90,2.64,-2.058,-30.77
313,90,2.8,-1.88,-28.94
313,90,2.96,3.102,-25.21
313,90,3.12,0.884,-27.35
313,90,3.28,-0.822000000000003,-30.84
313,90,3.44,1.308,-27.34
313,90,3.6,-1.02,-28.47
313,90,3.76,-1.244,-30.73
313,90,3.92,0.0180000000000007,-27.53
313,90,4.08,-1.272,-28.94
313,90,4.24,-4.716,-33.74
313,90,4.4,-3.76,-33.57
313,90,4.56,-1.116,-30.93
313,90,4.72,-2.014,-32
313,90,4.88,-5.18,-35.31
313,90,5.04,-3.31999999999999,-33.37
313,90,5.2,-1.86,-33.28
313,90,5.36,-6.41,-37.21
313,90,5.52,-8.428,-38.71
313,90,5.68,-5.59,-36.96
313,90,5.84,-10.892,-42.34
313,90,6,-8.97,-40.51
313,90,6.16,-11.56,-43.6
313,90,6.32,-7.788,-41.28
313,90,6.48,-8.316,-42.4
313,90,6.64,-9.448,-43.84
313,90,6.8,-12,-45.5
313,90,6.96,-12.952,-47.28
313,90,7.12,-9.686,-44.28
313,90,7.28,-9.912,-44.29
313,90,7.44,-13.836,-48.17
313,90,7.6,-15.11,-48.51
313,90,7.76,-15.448,-50.67
313,90,7.92,-11.692,-46.32
313,90,8.08,-12.656,-47.46
313,90,8.24,-9.752,-44.86
313,90,8.4,-12.59,-47.97
313,90,8.56,-8.98199999999999,-45.26
313,90,8.72,-8.128,-45.43
313,90,8.88,-6.968,-44.11
313,90,9.04,-9.154,-46.94
313,90,9.2,-8.83,-47.69
313,90,9.36,-9.514,-47.58
313,90,9.52,-8.212,-46.59
313,90,9.68,-9.58,-48.47
313,90,9.84,-11.246,-50.36
313,90,10,-8.86,-47.93
313,90,10.16,-9.45800000000001,-49.1
313,90,10.32,-13.282,-52.91
313,90,10.48,-10.858,-50.39
313,90,10.64,-8.318,-48.33
313,90,10.8,-8.88999999999999,-49.16
313,90,10.96,-9.806,-49.79
313,90,11.12,-11.156,-51.4
313,90,11.28,-10.796,-51.24
313,90,11.44,-11.572,-52.32
313,90,11.6,-11.65,-52.52
313,90,11.76,-10.934,-52.05
313,90,11.92,-13.244,-54.37
313,90,12.08,-13.38,-55.57
313,90,12.24,-12.474,-54.73
313,90,12.4,-11.42,-54.08
313,90,12.56,-19.36,-63.43
313,90,12.72,-15.194,-59.75
313,90,12.88,-10.536,-55.74
313,90,13.04,-11.008,-57.51
313,90,13.2,-11.94,-58.72
313,90,13.36,-15.694,-61.91
313,90,13.52,-12.832,-58.84
313,90,13.68,-12.38,-59.06
313,90,13.84,-14.148,-61.63
313,90,14,-13.39,-61.24
313,90,14.16,-16.016,-64.24
313,90,14.32,-13.886,-62.84
313,90,14.48,-16.004,-67.83
313,90,14.64,-21.414,-70.87
313,90,14.8,-16.56,-64.57
313,90,14.96,-13.412,-60.54
313,90,15.12,-11.49,-57.92
313,90,15.28,-12.56,-59.11
313,90,15.44,-13.206,-59.52
313,90,15.6,-11.57,-58.2
313,90,15.76,-13.118,-60.31
313,90,15.92,-11.642,-58.82
313,90,16.08,-13.082,-60.54
313,90,16.24,-12.884,-61.01
313,90,16.4,-10.52,-60.33
313,90,16.56,-14.778,-63.71
313,90,16.72,-14.788,-64.27
313,90,16.88,-19.614,-70.08
313,90,17.04,-31.126,-82.38
313,90,17.2,-12.77,-65.2
313,90,17.36,-16.906,-69.55
313,90,17.52,-13.376,-65.91
313,90,17.68,-16.312,-69.39
313,90,17.84,-14.098,-67.01
313,90,18,-13.87,-66.68
314,90,2,0.73,-21.06
314,90,2.16,2.292,-21.12
314,90,2.32,0.303999999999998,-25.35
314,90,2.48,0.236000000000001,-27.01
314,90,2.64,-1.598,-30.31
314,90,2.8,-1.39,-28.45
314,90,2.96,3.172,-25.14
314,90,3.12,1.114,-27.12
314,90,3.28,-0.482000000000003,-30.5
314,90,3.44,1.748,-26.9
314,90,3.6,-0.609999999999999,-28.06
314,90,3.76,-0.894000000000002,-30.38
314,90,3.92,0.368000000000002,-27.18
314,90,4.08,-0.742000000000001,-28.41
314,90,4.24,-4.09599999999999,-33.12
314,90,4.4,-3.01,-32.82
314,90,4.56,-0.905999999999999,-30.72
314,90,4.72,-1.634,-31.62
314,90,4.88,-4.94,-35.07
314,90,5.04,-2.87,-32.92
314,90,5.2,-1.44,-32.86
314,90,5.36,-6.13,-36.93
314,90,5.52,-7.868,-38.15
314,90,5.68,-5.31,-36.68
314,90,5.84,-9.862,-41.31
314,90,6,-8.57,-40.11
314,90,6.16,-10.69,-42.73
314,90,6.32,-8.16799999999999,-41.66
314,90,6.48,-7.486,-41.57
314,90,6.64,-8.998,-43.39
314,90,6.8,-12.83,-46.33
314,90,6.96,-11.952,-46.28
314,90,7.12,-9.626,-44.22
314,90,7.28,-10.442,-44.82
314,90,7.44,-13.986,-48.32
314,90,7.6,-16.14,-49.54
314,90,7.76,-15.528,-50.75
314,90,7.92,-11.922,-46.55
314,90,8.08,-11.736,-46.54
314,90,8.24,-9.902,-45.01
314,90,8.4,-12.57,-47.95
314,90,8.56,-10.212,-46.49
314,90,8.72,-7.448,-44.75
314,90,8.88,-6.868,-44.01
314,90,9.04,-9.02400000000001,-46.81
314,90,9.2,-9.44,-48.3
314,90,9.36,-9.434,-47.5
314,90,9.52,-7.482,-45.86
314,90,9.68,-8.25,-47.14
314,90,9.84,-12.316,-51.43
314,90,10,-8.17,-47.24
314,90,10.16,-8.978,-48.62
314,90,10.32,-12.172,-51.8
314,90,10.48,-10.888,-50.42
314,90,10.64,-8.318,-48.33
314,90,10.8,-8.12,-48.39
314,90,10.96,-9.716,-49.7
314,90,11.12,-10.186,-50.43
314,90,11.28,-9.726,-50.17
314,90,11.44,-11.352,-52.1
314,90,11.6,-10.52,-51.39
314,90,11.76,-10.174,-51.29
314,90,11.92,-11.474,-52.6
314,90,12.08,-14.13,-56.32
314,90,12.24,-14.324,-56.58
314,90,12.4,-14.04,-56.7
314,90,12.56,-18.1,-62.17
314,90,12.72,-15.634,-60.19
314,90,12.88,-12.016,-57.22
314,90,13.04,-10.988,-57.49
314,90,13.2,-16.95,-63.73
314,90,13.36,-12.724,-58.94
314,90,13.52,-14.492,-60.5
314,90,13.68,-15.47,-62.15
314,90,13.84,-15.968,-63.45
314,90,14,-14.82,-62.67
314,90,14.16,-15.976,-64.2
314,90,14.32,-13.206,-62.16
314,90,14.48,-20.114,-71.94
314,90,14.64,-25.474,-74.93
314,90,14.8,-16.99,-65
314,90,14.96,-13.512,-60.64
314,90,15.12,-13.39,-59.82
314,90,15.28,-14.41,-60.96
314,90,15.44,-14.026,-60.34
314,90,15.6,-11.75,-58.38
314,90,15.76,-13.988,-61.18
314,90,15.92,-13.222,-60.4
314,90,16.08,-13.042,-60.5
314,90,16.24,-12.094,-60.22
314,90,16.4,-13.56,-63.37
314,90,16.56,-14.738,-63.67
314,90,16.72,-15.208,-64.69
314,90,16.88,-18.324,-68.79
314,90,17.04,-17.366,-68.62
314,90,17.2,-17.13,-69.56
314,90,17.36,-21.216,-73.86
314,90,17.52,-16.996,-69.53
314,90,17.68,-17.532,-70.61
314,90,17.84,-17.028,-69.94
314,90,18,-18.07,-70.88
315,90,2,1.2,-20.59
315,90,2.16,2.462,-20.95
315,90,2.32,0.783999999999999,-24.87
315,90,2.48,0.576000000000001,-26.67
315,90,2.64,-1.008,-29.72
315,90,2.8,-0.91,-27.97
315,90,2.96,3.222,-25.09
315,90,3.12,1.384,-26.85
315,90,3.28,-0.0720000000000027,-30.09
315,90,3.44,2.138,-26.51
315,90,3.6,-0.140000000000001,-27.59
315,90,3.76,-0.564000000000004,-30.05
315,90,3.92,0.798000000000002,-26.75
315,90,4.08,-0.0719999999999992,-27.74
315,90,4.24,-3.296,-32.32
315,90,4.4,-2.54,-32.35
315,90,4.56,-0.786000000000001,-30.6
315,90,4.72,-1.294,-31.28
315,90,4.88,-4.48,-34.61
315,90,5.04,-2.17999999999999,-32.23
315,90,5.2,-1.08,-32.5
315,90,5.36,-5.53,-36.33
315,90,5.52,-7.088,-37.37
315,90,5.68,-4.90000000000001,-36.27
315,90,5.84,-8.832,-40.28
315,90,6,-8.11,-39.65
315,90,6.16,-9.89,-41.93
315,90,6.32,-8.23799999999999,-41.73
315,90,6.48,-6.996,-41.08
315,90,6.64,-8.83799999999999,-43.23
315,90,6.8,-12.77,-46.27
315,90,6.96,-11.562,-45.89
315,90,7.12,-9.926,-44.52
315,90,7.28,-10.622,-45
315,90,7.44,-13.686,-48.02
315,90,7.6,-17.09,-50.49
315,90,7.76,-13.738,-48.96
315,90,7.92,-12.312,-46.94
315,90,8.08,-11.476,-46.28
315,90,8.24,-10.012,-45.12
315,90,8.4,-14.08,-49.46
315,90,8.56,-10.162,-46.44
315,90,8.72,-6.518,-43.82
315,90,8.88,-7.038,-44.18
315,90,9.04,-9.154,-46.94
315,90,9.2,-10.89,-49.75
315,90,9.36,-9.014,-47.08
315,90,9.52,-6.312,-44.69
315,90,9.68,-7.8,-46.69
315,90,9.84,-12.186,-51.3
315,90,10,-8.35,-47.42
315,90,10.16,-9.298,-48.94
315,90,10.32,-12.032,-51.66
315,90,10.48,-10.788,-50.32
315,90,10.64,-9.208,-49.22
315,90,10.8,-8.45999999999999,-48.73
315,90,10.96,-10.446,-50.43
315,90,11.12,-9.686,-49.93
315,90,11.28,-9.906,-50.35
315,90,11.44,-12.132,-52.88
315,90,11.6,-11.15,-52.02
315,90,11.76,-10.874,-51.99
315,90,11.92,-11.564,-52.69
315,90,12.08,-13.68,-55.87
315,90,12.24,-15.554,-57.81
315,90,12.4,-18.64,-61.3
315,90,12.56,-18.25,-62.32
315,90,12.72,-16.934,-61.49
315,90,12.88,-11.706,-56.91
315,90,13.04,-12.508,-59.01
315,90,13.2,-16.17,-62.95
315,90,13.36,-14.334,-60.55
315,90,13.52,-15.642,-61.65
315,90,13.68,-14.97,-61.65
315,90,13.84,-18.178,-65.66
315,90,14,-13.82,-61.67
315,90,14.16,-15.336,-63.56
315,90,14.32,-13.826,-62.78
315,90,14.48,-22.554,-74.38
315,90,14.64,-16.914,-66.37
315,90,14.8,-15.34,-63.35
315,90,14.96,-11.062,-58.19
315,90,15.12,-14.04,-60.47
315,90,15.28,-12.7,-59.25
315,90,15.44,-16.526,-62.84
315,90,15.6,-14.71,-61.34
315,90,15.76,-11.378,-58.57
315,90,15.92,-15.082,-62.26
315,90,16.08,-17.902,-65.36
315,90,16.24,-13.334,-61.46
315,90,16.4,-16.17,-65.98
315,90,16.56,-14.478,-63.41
315,90,16.72,-18.298,-67.78
315,90,16.88,-17.484,-67.95
315,90,17.04,-19.216,-70.47
315,90,17.2,-35.11,-87.54
315,90,17.36,-16.576,-69.22
315,90,17.52,-23.416,-75.95
315,90,17.68,-19.822,-72.9
315,90,17.84,-18.208,-71.12
315,90,18,-17.24,-70.05
316,90,2,1.63,-20.16
316,90,2.16,2.632,-20.78
316,90,2.32,1.244,-24.41
316,90,2.48,0.816000000000003,-26.43
316,90,2.64,-0.538,-29.25
316,90,2.8,-0.460000000000001,-27.52
316,90,2.96,3.212,-25.1
316,90,3.12,1.764,-26.47
316,90,3.28,0.297999999999998,-29.72
316,90,3.44,2.548,-26.1
316,90,3.6,0.189999999999998,-27.26
316,90,3.76,-0.234000000000002,-29.72
316,90,3.92,1.178,-26.37
316,90,4.08,0.558,-27.11
316,90,4.24,-2.53599999999999,-31.56
316,90,4.4,-2.2,-32.01
316,90,4.56,-0.585999999999999,-30.4
316,90,4.72,-0.973999999999997,-30.96
316,90,4.88,-3.84,-33.97
316,90,5.04,-1.62,-31.67
316,90,5.2,-0.869999999999997,-32.29
316,90,5.36,-5.12,-35.92
316,90,5.52,-6.128,-36.41
316,90,5.68,-4.32,-35.69
316,90,5.84,-8.132,-39.58
316,90,6,-7.71,-39.25
316,90,6.16,-8.96,-41
316,90,6.32,-7.90799999999999,-41.4
316,90,6.48,-6.436,-40.52
316,90,6.64,-8.758,-43.15
316,90,6.8,-12.43,-45.93
316,90,6.96,-11.312,-45.64
316,90,7.12,-10.336,-44.93
316,90,7.28,-10.882,-45.26
316,90,7.44,-13.366,-47.7
316,90,7.6,-19.46,-52.86
316,90,7.76,-12.778,-48
316,90,7.92,-14.072,-48.7
316,90,8.08,-10.556,-45.36
316,90,8.24,-10.532,-45.64
316,90,8.4,-14.34,-49.72
316,90,8.56,-9.682,-45.96
316,90,8.72,-7.058,-44.36
316,90,8.88,-7.95800000000001,-45.1
316,90,9.04,-9.154,-46.94
316,90,9.2,-11.68,-50.54
316,90,9.36,-7.714,-45.78
316,90,9.52,-6.062,-44.44
316,90,9.68,-8.15,-47.04
316,90,9.84,-12.246,-51.36
316,90,10,-8.6,-47.67
316,90,10.16,-8.608,-48.25
316,90,10.32,-12.812,-52.44
316,90,10.48,-10.928,-50.46
316,90,10.64,-8.878,-48.89
316,90,10.8,-8.18,-48.45
316,90,10.96,-11.416,-51.4
316,90,11.12,-10.236,-50.48
316,90,11.28,-10.906,-51.35
316,90,11.44,-13.112,-53.86
316,90,11.6,-11.32,-52.19
316,90,11.76,-12.334,-53.45
316,90,11.92,-12.174,-53.3
316,90,12.08,-17.78,-59.97
316,90,12.24,-21.964,-64.22
316,90,12.4,-18.68,-61.34
316,90,12.56,-16.45,-60.52
316,90,12.72,-14.724,-59.28
316,90,12.88,-13.706,-58.91
316,90,13.04,-12.028,-58.53
316,90,13.2,-12.71,-59.49
316,90,13.36,-13.994,-60.21
316,90,13.52,-12.892,-58.9
316,90,13.68,-12.22,-58.9
316,90,13.84,-13.298,-60.78
316,90,14,-11.32,-59.17
316,90,14.16,-12.646,-60.87
316,90,14.32,-15.426,-64.38
316,90,14.48,-14.404,-66.23
316,90,14.64,-19.794,-69.25
316,90,14.8,-18.2,-66.21
316,90,14.96,-11.212,-58.34
316,90,15.12,-12,-58.43
316,90,15.28,-12.42,-58.97
316,90,15.44,-13.466,-59.78
316,90,15.6,-11.97,-58.6
316,90,15.76,-9.928,-57.12
316,90,15.92,-15.552,-62.73
316,90,16.08,-14.782,-62.24
316,90,16.24,-12.154,-60.28
316,90,16.4,-16.32,-66.13
316,90,16.56,-16.938,-65.87
316,90,16.72,-18.378,-67.86
316,90,16.88,-15.204,-65.67
316,90,17.04,-17.346,-68.6
316,90,17.2,-22.66,-75.09
316,90,17.36,-15.016,-67.66
316,90,17.52,-14.426,-66.96
316,90,17.68,-19.792,-72.87
316,90,17.84,-17.918,-70.83
316,90,18,-13.47,-66.28
317,90,2,1.99,-19.8
317,90,2.16,2.822,-20.59
317,90,2.32,1.684,-23.97
317,90,2.48,1.166,-26.08
317,90,2.64,-0.0380000000000003,-28.75
317,90,2.8,-0.0100000000000016,-27.07
317,90,2.96,3.252,-25.06
317,90,3.12,2.134,-26.1
317,90,3.28,0.677999999999997,-29.34
317,90,3.44,2.888,-25.76
317,90,3.6,0.59,-26.86
317,90,3.76,0.165999999999997,-29.32
317,90,3.92,1.578,-25.97
317,90,4.08,1.168,-26.5
317,90,4.24,-1.796,-30.82
317,90,4.4,-1.9,-31.71
317,90,4.56,-0.376000000000001,-30.19
317,90,4.72,-0.623999999999995,-30.61
317,90,4.88,-3.23999999999999,-33.37
317,90,5.04,-1.09999999999999,-31.15
317,90,5.2,-0.659999999999997,-32.08
317,90,5.36,-4.65000000000001,-35.45
317,90,5.52,-4.908,-35.19
317,90,5.68,-3.71,-35.08
317,90,5.84,-7.652,-39.1
317,90,6,-7.26,-38.8
317,90,6.16,-7.86,-39.9
317,90,6.32,-7.498,-40.99
317,90,6.48,-5.96599999999999,-40.05
317,90,6.64,-9.258,-43.65
317,90,6.8,-11.83,-45.33
317,90,6.96,-10.452,-44.78
317,90,7.12,-10.866,-45.46
317,90,7.28,-10.752,-45.13
317,90,7.44,-14.056,-48.39
317,90,7.6,-19.75,-53.15
317,90,7.76,-12.208,-47.43
317,90,7.92,-16.252,-50.88
317,90,8.08,-10.346,-45.15
317,90,8.24,-11.472,-46.58
317,90,8.4,-13.82,-49.2
317,90,8.56,-10.222,-46.5
317,90,8.72,-8.108,-45.41
317,90,8.88,-8.148,-45.29
317,90,9.04,-9.57400000000001,-47.36
317,90,9.2,-10.84,-49.7
317,90,9.36,-6.98399999999999,-45.05
317,90,9.52,-6.092,-44.47
317,90,9.68,-8.45,-47.34
317,90,9.84,-12.776,-51.89
317,90,10,-7.67,-46.74
317,90,10.16,-8.968,-48.61
317,90,10.32,-13.022,-52.65
317,90,10.48,-10.618,-50.15
317,90,10.64,-7.988,-48
317,90,10.8,-7.43,-47.7
317,90,10.96,-9.986,-49.97
317,90,11.12,-9.586,-49.83
317,90,11.28,-10.986,-51.43
317,90,11.44,-11.642,-52.39
317,90,11.6,-11.76,-52.63
317,90,11.76,-12.184,-53.3
317,90,11.92,-12.884,-54.01
317,90,12.08,-20.19,-62.38
317,90,12.24,-15.914,-58.17
317,90,12.4,-14.05,-56.71
317,90,12.56,-17.34,-61.41
317,90,12.72,-13.224,-57.78
317,90,12.88,-12.426,-57.63
317,90,13.04,-12.298,-58.8
317,90,13.2,-12.48,-59.26
317,90,13.36,-12.444,-58.66
317,90,13.52,-9.922,-55.93
317,90,13.68,-10.08,-56.76
317,90,13.84,-12.908,-60.39
317,90,14,-10.34,-58.19
317,90,14.16,-11.626,-59.85
317,90,14.32,-11.456,-60.41
317,90,14.48,-12.794,-64.62
317,90,14.64,-13.994,-63.45
317,90,14.8,-14.42,-62.43
317,90,14.96,-11.532,-58.66
317,90,15.12,-11.97,-58.4
317,90,15.28,-11.95,-58.5
317,90,15.44,-12.056,-58.37
317,90,15.6,-10.36,-56.99
317,90,15.76,-10.718,-57.91
317,90,15.92,-13.992,-61.17
317,90,16.08,-10.572,-58.03
317,90,16.24,-9.24400000000001,-57.37
317,90,16.4,-11.25,-61.06
317,90,16.56,-11.708,-60.64
317,90,16.72,-12.408,-61.89
317,90,16.88,-16.844,-67.31
317,90,17.04,-12.916,-64.17
317,90,17.2,-16.2,-68.63
317,90,17.36,-20.126,-72.77
317,90,17.52,-13.606,-66.14
317,90,17.68,-16.302,-69.38
317,90,17.84,-11.518,-64.43
317,90,18,-15.08,-67.89
318,90,2,2.34,-19.45
318,90,2.16,3.052,-20.36
318,90,2.32,2.104,-23.55
318,90,2.48,1.466,-25.78
318,90,2.64,0.411999999999999,-28.3
318,90,2.8,0.379999999999999,-26.68
318,90,2.96,3.342,-24.97
318,90,3.12,2.514,-25.72
318,90,3.28,1.128,-28.89
318,90,3.44,3.108,-25.54
318,90,3.6,0.919999999999998,-26.53
318,90,3.76,0.595999999999997,-28.89
318,90,3.92,2.018,-25.53
318,90,4.08,1.658,-26.01
318,90,4.24,-1.10599999999999,-30.13
318,90,4.4,-1.73,-31.54
318,90,4.56,0.0440000000000005,-29.77
318,90,4.72,-0.283999999999995,-30.27
318,90,4.88,-2.65,-32.78
318,90,5.04,-0.529999999999994,-30.58
318,90,5.2,-0.289999999999999,-31.71
318,90,5.36,-4.06,-34.86
318,90,5.52,-3.938,-34.22
318,90,5.68,-3.15000000000001,-34.52
318,90,5.84,-7.562,-39.01
318,90,6,-6.55,-38.09
318,90,6.16,-7.08,-39.12
318,90,6.32,-6.788,-40.28
318,90,6.48,-6.086,-40.17
318,90,6.64,-9.01799999999999,-43.41
318,90,6.8,-11.25,-44.75
318,90,6.96,-10.352,-44.68
318,90,7.12,-10.886,-45.48
318,90,7.28,-10.142,-44.52
318,90,7.44,-14.876,-49.21
318,90,7.6,-17.73,-51.13
318,90,7.76,-12.748,-47.97
318,90,7.92,-19.002,-53.63
318,90,8.08,-10.686,-45.49
318,90,8.24,-11.662,-46.77
318,90,8.4,-13.96,-49.34
318,90,8.56,-11.132,-47.41
318,90,8.72,-9.298,-46.6
318,90,8.88,-8.23800000000001,-45.38
318,90,9.04,-9.294,-47.08
318,90,9.2,-11.18,-50.04
318,90,9.36,-7.534,-45.6
318,90,9.52,-6.352,-44.73
318,90,9.68,-8.14,-47.03
318,90,9.84,-11.946,-51.06
318,90,10,-8.2,-47.27
318,90,10.16,-8.798,-48.44
318,90,10.32,-12.392,-52.02
318,90,10.48,-8.858,-48.39
318,90,10.64,-7.438,-47.45
318,90,10.8,-7.88,-48.15
318,90,10.96,-8.906,-48.89
318,90,11.12,-8.566,-48.81
318,90,11.28,-10.176,-50.62
318,90,11.44,-10.502,-51.25
318,90,11.6,-11.22,-52.09
318,90,11.76,-10.034,-51.15
318,90,11.92,-11.834,-52.96
318,90,12.08,-14.48,-56.67
318,90,12.24,-12.464,-54.72
318,90,12.4,-12.68,-55.34
318,90,12.56,-13.44,-57.51
318,90,12.72,-11.154,-55.71
318,90,12.88,-11.696,-56.9
318,90,13.04,-9.978,-56.48
318,90,13.2,-10.86,-57.64
318,90,13.36,-10.234,-56.45
318,90,13.52,-9.062,-55.07
318,90,13.68,-9.91999999999999,-56.6
318,90,13.84,-12.428,-59.91
318,90,14,-8.97,-56.82
318,90,14.16,-10.046,-58.27
318,90,14.32,-11.736,-60.69
318,90,14.48,-11.824,-63.65
318,90,14.64,-13.554,-63.01
318,90,14.8,-19.25,-67.26
318,90,14.96,-13.022,-60.15
318,90,15.12,-11.55,-57.98
318,90,15.28,-13.6,-60.15
318,90,15.44,-12.266,-58.58
318,90,15.6,-12.05,-58.68
318,90,15.76,-10.448,-57.64
318,90,15.92,-10.572,-57.75
318,90,16.08,-11.212,-58.67
318,90,16.24,-9.16400000000001,-57.29
318,90,16.4,-9.46,-59.27
318,90,16.56,-9.58799999999999,-58.52
318,90,16.72,-10.788,-60.27
318,90,16.88,-17.214,-67.68
318,90,17.04,-12.306,-63.56
318,90,17.2,-14.89,-67.32
318,90,17.36,-16.906,-69.55
318,90,17.52,-14.756,-67.29
318,90,17.68,-18.212,-71.29
318,90,17.84,-20.568,-73.48
318,90,18,-13.43,-66.24
319,90,2,2.64,-19.15
319,90,2.16,3.342,-20.07
319,90,2.32,2.454,-23.2
319,90,2.48,1.776,-25.47
319,90,2.64,0.821999999999999,-27.89
319,90,2.8,0.77,-26.29
319,90,2.96,3.462,-24.85
319,90,3.12,2.914,-25.32
319,90,3.28,1.628,-28.39
319,90,3.44,3.308,-25.34
319,90,3.6,1.28,-26.17
319,90,3.76,1.056,-28.43
319,90,3.92,2.448,-25.1
319,90,4.08,2.118,-25.55
319,90,4.24,-0.575999999999997,-29.6
319,90,4.4,-1.43,-31.24
319,90,4.56,0.484000000000002,-29.33
319,90,4.72,0.0460000000000029,-29.94
319,90,4.88,-1.98999999999999,-32.12
319,90,5.04,-0.159999999999997,-30.21
319,90,5.2,0.180000000000003,-31.24
319,90,5.36,-3.63,-34.43
319,90,5.52,-3.108,-33.39
319,90,5.68,-2.64,-34.01
319,90,5.84,-7.072,-38.52
319,90,6,-5.78,-37.32
319,90,6.16,-6.34,-38.38
319,90,6.32,-6.54799999999999,-40.04
319,90,6.48,-6.086,-40.17
319,90,6.64,-8.708,-43.1
319,90,6.8,-9.92,-43.42
319,90,6.96,-10.092,-44.42
319,90,7.12,-10.286,-44.88
319,90,7.28,-10.442,-44.82
319,90,7.44,-15.776,-50.11
319,90,7.6,-16.87,-50.27
319,90,7.76,-13.978,-49.2
319,90,7.92,-17.632,-52.26
319,90,8.08,-11.056,-45.86
319,90,8.24,-11.762,-46.87
319,90,8.4,-16.62,-52
319,90,8.56,-12.472,-48.75
319,90,8.72,-10.308,-47.61
319,90,8.88,-7.938,-45.08
319,90,9.04,-9.02400000000001,-46.81
319,90,9.2,-11.75,-50.61
319,90,9.36,-8.324,-46.39
319,90,9.52,-6.532,-44.91
319,90,9.68,-8.86,-47.75
319,90,9.84,-11.236,-50.35
319,90,10,-8.67,-47.74
319,90,10.16,-8.038,-47.68
319,90,10.32,-12.202,-51.83
319,90,10.48,-8.708,-48.24
319,90,10.64,-6.578,-46.59
319,90,10.8,-7.7,-47.97
319,90,10.96,-7.266,-47.25
319,90,11.12,-8.036,-48.28
319,90,11.28,-8.556,-49
319,90,11.44,-9.022,-49.77
319,90,11.6,-8.39,-49.26
319,90,11.76,-7.484,-48.6
319,90,11.92,-8.954,-50.08
319,90,12.08,-12.13,-54.32
319,90,12.24,-10.164,-52.42
319,90,12.4,-12.15,-54.81
319,90,12.56,-11.57,-55.64
319,90,12.72,-10.834,-55.39
319,90,12.88,-9.19600000000001,-54.4
319,90,13.04,-8.658,-55.16
319,90,13.2,-10.62,-57.4
319,90,13.36,-11.344,-57.56
319,90,13.52,-9.742,-55.75
319,90,13.68,-10.69,-57.37
319,90,13.84,-10.848,-58.33
319,90,14,-10.43,-58.28
319,90,14.16,-11.606,-59.83
319,90,14.32,-11.306,-60.26
319,90,14.48,-12.554,-64.38
319,90,14.64,-15.174,-64.63
319,90,14.8,-19.03,-67.04
319,90,14.96,-14.802,-61.93
319,90,15.12,-11.33,-57.76
319,90,15.28,-14.63,-61.18
319,90,15.44,-14.286,-60.6
319,90,15.6,-12.61,-59.24
319,90,15.76,-11.978,-59.17
319,90,15.92,-13.012,-60.19
319,90,16.08,-12.752,-60.21
319,90,16.24,-11.234,-59.36
319,90,16.4,-11.45,-61.26
319,90,16.56,-11.848,-60.78
319,90,16.72,-12.448,-61.93
319,90,16.88,-12.294,-62.76
319,90,17.04,-13.876,-65.13
319,90,17.2,-15.04,-67.47
319,90,17.36,-15.536,-68.18
319,90,17.52,-11.466,-64
319,90,17.68,-14.832,-67.91
319,90,17.84,-13.788,-66.7
319,90,18,-12.45,-65.26
320,90,2,2.92,-18.87
320,90,2.16,3.632,-19.78
320,90,2.32,2.774,-22.88
320,90,2.48,2.106,-25.14
320,90,2.64,1.242,-27.47
320,90,2.8,1.14,-25.92
320,90,2.96,3.692,-24.62
320,90,3.12,3.214,-25.02
320,90,3.28,2.118,-27.9
320,90,3.44,3.468,-25.18
320,90,3.6,1.65,-25.8
320,90,3.76,1.586,-27.9
320,90,3.92,2.828,-24.72
320,90,4.08,2.518,-25.15
320,90,4.24,-0.075999999999997,-29.1
320,90,4.4,-0.93,-30.74
320,90,4.56,0.934000000000001,-28.88
320,90,4.72,0.416000000000004,-29.57
320,90,4.88,-1.42,-31.55
320,90,5.04,0.270000000000003,-29.78
320,90,5.2,0.57,-30.85
320,90,5.36,-2.88,-33.68
320,90,5.52,-2.478,-32.76
320,90,5.68,-2.29,-33.66
320,90,5.84,-6.292,-37.74
320,90,6,-4.78,-36.32
320,90,6.16,-5.61,-37.65
320,90,6.32,-6.458,-39.95
320,90,6.48,-6.126,-40.21
320,90,6.64,-8.33799999999999,-42.73
320,90,6.8,-9.27,-42.77
320,90,6.96,-10.022,-44.35
320,90,7.12,-9.456,-44.05
320,90,7.28,-10.032,-44.41
320,90,7.44,-16.716,-51.05
320,90,7.6,-17.06,-50.46
320,90,7.76,-14.778,-50
320,90,7.92,-15.282,-49.91
320,90,8.08,-12.076,-46.88
320,90,8.24,-12.112,-47.22
320,90,8.4,-19.33,-54.71
320,90,8.56,-12.452,-48.73
320,90,8.72,-10.708,-48.01
320,90,8.88,-8.37800000000001,-45.52
320,90,9.04,-9.754,-47.54
320,90,9.2,-13.47,-52.33
320,90,9.36,-9.544,-47.61
320,90,9.52,-7.552,-45.93
320,90,9.68,-8.58,-47.47
320,90,9.84,-11.376,-50.49
320,90,10,-8.72,-47.79
320,90,10.16,-7.568,-47.21
320,90,10.32,-12.272,-51.9
320,90,10.48,-8.258,-47.79
320,90,10.64,-6.838,-46.85
320,90,10.8,-8.20999999999999,-48.48
320,90,10.96,-6.396,-46.38
320,90,11.12,-8.386,-48.63
320,90,11.28,-7.046,-47.49
320,90,11.44,-8.132,-48.88
320,90,11.6,-7.73,-48.6
320,90,11.76,-6.464,-47.58
320,90,11.92,-8.164,-49.29
320,90,12.08,-10.76,-52.95
320,90,12.24,-10.714,-52.97
320,90,12.4,-10.86,-53.52
320,90,12.56,-10.17,-54.24
320,90,12.72,-10.674,-55.23
320,90,12.88,-8.306,-53.51
320,90,13.04,-7.88800000000001,-54.39
320,90,13.2,-10.21,-56.99
320,90,13.36,-9.124,-55.34
320,90,13.52,-9.812,-55.82
320,90,13.68,-10.45,-57.13
320,90,13.84,-12.058,-59.54
320,90,14,-11.28,-59.13
320,90,14.16,-11.366,-59.59
320,90,14.32,-11.916,-60.87
320,90,14.48,-12.304,-64.13
320,90,14.64,-14.934,-64.39
320,90,14.8,-16.6,-64.61
320,90,14.96,-15.862,-62.99
320,90,15.12,-14.16,-60.59
320,90,15.28,-15.95,-62.5
320,90,15.44,-14.036,-60.35
320,90,15.6,-15.47,-62.1
320,90,15.76,-12.708,-59.9
320,90,15.92,-14.042,-61.22
320,90,16.08,-15.012,-62.47
320,90,16.24,-14.864,-62.99
320,90,16.4,-9.9,-59.71
320,90,16.56,-11.598,-60.53
320,90,16.72,-13.778,-63.26
320,90,16.88,-13.554,-64.02
320,90,17.04,-13.626,-64.88
320,90,17.2,-9.79,-62.22
320,90,17.36,-10.316,-62.96
320,90,17.52,-12.826,-65.36
320,90,17.68,-14.852,-67.93
320,90,17.84,-13.658,-66.57
320,90,18,-9.14,-61.95
321,90,2,3.16,-18.63
321,90,2.16,3.952,-19.46
321,90,2.32,3.104,-22.55
321,90,2.48,2.436,-24.81
321,90,2.64,1.542,-27.17
321,90,2.8,1.5,-25.56
321,90,2.96,3.962,-24.35
321,90,3.12,3.614,-24.62
321,90,3.28,2.578,-27.44
321,90,3.44,3.568,-25.08
321,90,3.6,2.1,-25.35
321,90,3.76,2.126,-27.36
321,90,3.92,3.208,-24.34
321,90,4.08,2.938,-24.73
321,90,4.24,0.304000000000006,-28.72
321,90,4.4,-0.330000000000002,-30.14
321,90,4.56,1.514,-28.3
321,90,4.72,0.836000000000006,-29.15
321,90,4.88,-0.769999999999996,-30.9
321,90,5.04,0.720000000000006,-29.33
321,90,5.2,0.920000000000002,-30.5
321,90,5.36,-2.1,-32.9
321,90,5.52,-1.998,-32.28
321,90,5.68,-2.01000000000001,-33.38
321,90,5.84,-5.332,-36.78
321,90,6,-4.11,-35.65
321,90,6.16,-4.89,-36.93
321,90,6.32,-6.208,-39.7
321,90,6.48,-5.866,-39.95
321,90,6.64,-7.438,-41.83
321,90,6.8,-8.47,-41.97
321,90,6.96,-10.212,-44.54
321,90,7.12,-8.436,-43.03
321,90,7.28,-10.202,-44.58
321,90,7.44,-16.546,-50.88
321,90,7.6,-15.97,-49.37
321,90,7.76,-14.238,-49.46
321,90,7.92,-14.012,-48.64
321,90,8.08,-12.836,-47.64
321,90,8.24,-14.682,-49.79
321,90,8.4,-18.47,-53.85
321,90,8.56,-13.892,-50.17
321,90,8.72,-11.888,-49.19
321,90,8.88,-9.048,-46.19
321,90,9.04,-11.884,-49.67
321,90,9.2,-14.64,-53.5
321,90,9.36,-10.214,-48.28
321,90,9.52,-8.192,-46.57
321,90,9.68,-9.06,-47.95
321,90,9.84,-11.906,-51.02
321,90,10,-8.13,-47.2
321,90,10.16,-8.548,-48.19
321,90,10.32,-13.122,-52.75
321,90,10.48,-7.69799999999999,-47.23
321,90,10.64,-7.628,-47.64
321,90,10.8,-7.44,-47.71
321,90,10.96,-6.976,-46.96
321,90,11.12,-7.486,-47.73
321,90,11.28,-6.616,-47.06
321,90,11.44,-8.61199999999999,-49.36
321,90,11.6,-8.11,-48.98
321,90,11.76,-6.824,-47.94
321,90,11.92,-8.044,-49.17
321,90,12.08,-10.6,-52.79
321,90,12.24,-11.344,-53.6
321,90,12.4,-9.72000000000001,-52.38
321,90,12.56,-11.1,-55.17
321,90,12.72,-10.724,-55.28
321,90,12.88,-8.54600000000001,-53.75
321,90,13.04,-9.20800000000001,-55.71
321,90,13.2,-10.9,-57.68
321,90,13.36,-9.09399999999999,-55.31
321,90,13.52,-11.362,-57.37
321,90,13.68,-10.74,-57.42
321,90,13.84,-12.818,-60.3
321,90,14,-10.98,-58.83
321,90,14.16,-9.746,-57.97
321,90,14.32,-11.226,-60.18
321,90,14.48,-11.954,-63.78
321,90,14.64,-12.624,-62.08
321,90,14.8,-12.77,-60.78
321,90,14.96,-13.432,-60.56
321,90,15.12,-10.83,-57.26
321,90,15.28,-14.29,-60.84
321,90,15.44,-14.166,-60.48
321,90,15.6,-15.29,-61.92
321,90,15.76,-14.928,-62.12
321,90,15.92,-14.652,-61.83
321,90,16.08,-16.002,-63.46
321,90,16.24,-13.174,-61.3
321,90,16.4,-11.72,-61.53
321,90,16.56,-12.218,-61.15
321,90,16.72,-15.008,-64.49
321,90,16.88,-11.424,-61.89
321,90,17.04,-10.356,-61.61
321,90,17.2,-9.79,-62.22
321,90,17.36,-10.136,-62.78
321,90,17.52,-8.996,-61.53
321,90,17.68,-13.072,-66.15
321,90,17.84,-9.72799999999999,-62.64
321,90,18,-10.23,-63.04
322,90,2,3.38,-18.41
322,90,2.16,4.252,-19.16
322,90,2.32,3.404,-22.25
322,90,2.48,2.716,-24.53
322,90,2.64,1.892,-26.82
322,90,2.8,1.82,-25.24
322,90,2.96,4.262,-24.05
322,90,3.12,3.894,-24.34
322,90,3.28,2.998,-27.02
322,90,3.44,3.698,-24.95
322,90,3.6,2.53,-24.92
322,90,3.76,2.536,-26.95
322,90,3.92,3.548,-24
322,90,4.08,3.278,-24.39
322,90,4.24,0.594000000000005,-28.43
322,90,4.4,0.379999999999999,-29.43
322,90,4.56,1.944,-27.87
322,90,4.72,1.296,-28.69
322,90,4.88,-0.209999999999997,-30.34
322,90,5.04,1.12,-28.93
322,90,5.2,1.29,-30.13
322,90,5.36,-1.24,-32.04
322,90,5.52,-1.658,-31.94
322,90,5.68,-1.7,-33.07
322,90,5.84,-4.502,-35.95
322,90,6,-3.31,-34.85
322,90,6.16,-4.05,-36.09
322,90,6.32,-6.038,-39.53
322,90,6.48,-5.566,-39.65
322,90,6.64,-6.448,-40.84
322,90,6.8,-8.12,-41.62
322,90,6.96,-9.65199999999999,-43.98
322,90,7.12,-7.536,-42.13
322,90,7.28,-10.572,-44.95
322,90,7.44,-14.696,-49.03
322,90,7.6,-14.84,-48.24
322,90,7.76,-13.288,-48.51
322,90,7.92,-13.622,-48.25
322,90,8.08,-13.146,-47.95
322,90,8.24,-16.242,-51.35
322,90,8.4,-16.42,-51.8
322,90,8.56,-15.712,-51.99
322,90,8.72,-13.538,-50.84
322,90,8.88,-10.768,-47.91
322,90,9.04,-14.534,-52.32
322,90,9.2,-14.5,-53.36
322,90,9.36,-12.184,-50.25
322,90,9.52,-8.362,-46.74
322,90,9.68,-9.19,-48.08
322,90,9.84,-14.036,-53.15
322,90,10,-8.43,-47.5
322,90,10.16,-10.758,-50.4
322,90,10.32,-12.422,-52.05
322,90,10.48,-8.818,-48.35
322,90,10.64,-8.998,-49.01
322,90,10.8,-7.06,-47.33
322,90,10.96,-8.156,-48.14
322,90,11.12,-7.126,-47.37
322,90,11.28,-7.60599999999999,-48.05
322,90,11.44,-9.202,-49.95
322,90,11.6,-8.65000000000001,-49.52
322,90,11.76,-7.244,-48.36
322,90,11.92,-8.244,-49.37
322,90,12.08,-10.84,-53.03
322,90,12.24,-12.134,-54.39
322,90,12.4,-10.8,-53.46
322,90,12.56,-12.86,-56.93
322,90,12.72,-10.174,-54.73
322,90,12.88,-10.516,-55.72
322,90,13.04,-9.118,-55.62
322,90,13.2,-9.15,-55.93
322,90,13.36,-8.94399999999999,-55.16
322,90,13.52,-11.892,-57.9
322,90,13.68,-9.61999999999999,-56.3
322,90,13.84,-10.058,-57.54
322,90,14,-8.63,-56.48
322,90,14.16,-8.68599999999999,-56.91
322,90,14.32,-9.22600000000001,-58.18
322,90,14.48,-11.454,-63.28
322,90,14.64,-9.04400000000001,-58.5
322,90,14.8,-12.54,-60.55
322,90,14.96,-12.542,-59.67
322,90,15.12,-9.75,-56.18
322,90,15.28,-11.82,-58.37
322,90,15.44,-11.076,-57.39
322,90,15.6,-14.69,-61.32
322,90,15.76,-11.608,-58.8
322,90,15.92,-13.632,-60.81
322,90,16.08,-16.192,-63.65
322,90,16.24,-13.584,-61.71
322,90,16.4,-11.23,-61.04
322,90,16.56,-11.658,-60.59
322,90,16.72,-14.158,-63.64
322,90,16.88,-11.094,-61.56
322,90,17.04,-11.926,-63.18
322,90,17.2,-11.72,-64.15
322,90,17.36,-11.546,-64.19
322,90,17.52,-9.546,-62.08
322,90,17.68,-9.90199999999999,-62.98
322,90,17.84,-12.558,-65.47
322,90,18,-10.61,-63.42
323,90,2,3.59,-18.2
323,90,2.16,4.552,-18.86
323,90,2.32,3.664,-21.99
323,90,2.48,3.026,-24.22
323,90,2.64,2.182,-26.53
323,90,2.8,2.16,-24.9
323,90,2.96,4.652,-23.66
323,90,3.12,4.234,-24
323,90,3.28,3.328,-26.69
323,90,3.44,3.918,-24.73
323,90,3.6,2.98,-24.47
323,90,3.76,2.936,-26.55
323,90,3.92,3.928,-23.62
323,90,4.08,3.668,-24
323,90,4.24,0.964000000000006,-28.06
323,90,4.4,1.16,-28.65
323,90,4.56,2.354,-27.46
323,90,4.72,1.826,-28.16
323,90,4.88,0.430000000000003,-29.7
323,90,5.04,1.62,-28.43
323,90,5.2,1.59,-29.83
323,90,5.36,-0.360000000000003,-31.16
323,90,5.52,-1.398,-31.68
323,90,5.68,-1.08000000000001,-32.45
323,90,5.84,-3.452,-34.9
323,90,6,-2.5,-34.04
323,90,6.16,-3.3,-35.34
323,90,6.32,-5.288,-38.78
323,90,6.48,-4.816,-38.9
323,90,6.64,-5.528,-39.92
323,90,6.8,-7.66,-41.16
323,90,6.96,-8.762,-43.09
323,90,7.12,-6.956,-41.55
323,90,7.28,-10.842,-45.22
323,90,7.44,-12.816,-47.15
323,90,7.6,-14.45,-47.85
323,90,7.76,-11.918,-47.14
323,90,7.92,-13.542,-48.17
323,90,8.08,-12.246,-47.05
323,90,8.24,-14.552,-49.66
323,90,8.4,-17.43,-52.81
323,90,8.56,-19.232,-55.51
323,90,8.72,-13.628,-50.93
323,90,8.88,-12.668,-49.81
323,90,9.04,-15.754,-53.54
323,90,9.2,-16.06,-54.92
323,90,9.36,-14.884,-52.95
323,90,9.52,-7.852,-46.23
323,90,9.68,-9.5,-48.39
323,90,9.84,-15.756,-54.87
323,90,10,-9.72,-48.79
323,90,10.16,-13.508,-53.15
323,90,10.32,-11.952,-51.58
323,90,10.48,-10.058,-49.59
323,90,10.64,-8.948,-48.96
323,90,10.8,-8.13999999999999,-48.41
323,90,10.96,-8.486,-48.47
323,90,11.12,-7.736,-47.98
323,90,11.28,-8.42599999999999,-48.87
323,90,11.44,-10.512,-51.26
323,90,11.6,-8.15000000000001,-49.02
323,90,11.76,-7.724,-48.84
323,90,11.92,-8.284,-49.41
323,90,12.08,-12.15,-54.34
323,90,12.24,-12.924,-55.18
323,90,12.4,-10.76,-53.42
323,90,12.56,-12.09,-56.16
323,90,12.72,-8.61399999999999,-53.17
323,90,12.88,-9.40600000000001,-54.61
323,90,13.04,-9.118,-55.62
323,90,13.2,-8.22,-55
323,90,13.36,-9.47399999999999,-55.69
323,90,13.52,-8.672,-54.68
323,90,13.68,-9.04999999999999,-55.73
323,90,13.84,-7.248,-54.73
323,90,14,-8.52,-56.37
323,90,14.16,-8.306,-56.53
323,90,14.32,-7.35600000000001,-56.31
323,90,14.48,-8.89399999999999,-60.72
323,90,14.64,-7.87400000000001,-57.33
323,90,14.8,-9.73,-57.74
323,90,14.96,-10.422,-57.55
323,90,15.12,-8.9,-55.33
323,90,15.28,-9.56,-56.11
323,90,15.44,-11.706,-58.02
323,90,15.6,-12,-58.63
323,90,15.76,-11.618,-58.81
323,90,15.92,-13.832,-61.01
323,90,16.08,-14.732,-62.19
323,90,16.24,-12.604,-60.73
323,90,16.4,-11.63,-61.44
323,90,16.56,-11.818,-60.75
323,90,16.72,-16.778,-66.26
323,90,16.88,-10.414,-60.88
323,90,17.04,-13.336,-64.59
323,90,17.2,-12.36,-64.79
323,90,17.36,-10.816,-63.46
323,90,17.52,-12.146,-64.68
323,90,17.68,-12.602,-65.68
323,90,17.84,-11.868,-64.78
323,90,18,-10.97,-63.78
324,90,2,3.82,-17.97
324,90,2.16,4.832,-18.58
324,90,2.32,3.924,-21.73
324,90,2.48,3.296,-23.95
324,90,2.64,2.502,-26.21
324,90,2.8,2.48,-24.58
324,90,2.96,4.992,-23.32
324,90,3.12,4.544,-23.69
324,90,3.28,3.638,-26.38
324,90,3.44,4.198,-24.45
324,90,3.6,3.4,-24.05
324,90,3.76,3.356,-26.13
324,90,3.92,4.188,-23.36
324,90,4.08,4.058,-23.61
324,90,4.24,1.37400000000001,-27.65
324,90,4.4,1.88,-27.93
324,90,4.56,2.674,-27.14
324,90,4.72,2.326,-27.66
324,90,4.88,1.01,-29.12
324,90,5.04,2.11,-27.94
324,90,5.2,1.86,-29.56
324,90,5.36,0.319999999999997,-30.48
324,90,5.52,-1.198,-31.48
324,90,5.68,-0.430000000000003,-31.8
324,90,5.84,-2.652,-34.1
324,90,6,-1.93,-33.47
324,90,6.16,-2.5,-34.54
324,90,6.32,-4.33799999999999,-37.83
324,90,6.48,-4.126,-38.21
324,90,6.64,-4.90799999999999,-39.3
324,90,6.8,-7.46,-40.96
324,90,6.96,-7.642,-41.97
324,90,7.12,-6.376,-40.97
324,90,7.28,-10.082,-44.46
324,90,7.44,-11.816,-46.15
324,90,7.6,-14.07,-47.47
324,90,7.76,-10.368,-45.59
324,90,7.92,-14.172,-48.8
324,90,8.08,-11.386,-46.19
324,90,8.24,-13.122,-48.23
324,90,8.4,-20.01,-55.39
324,90,8.56,-16.982,-53.26
324,90,8.72,-14.888,-52.19
324,90,8.88,-15.428,-52.57
324,90,9.04,-15.664,-53.45
324,90,9.2,-20.11,-58.97
324,90,9.36,-16.694,-54.76
324,90,9.52,-7.702,-46.08
324,90,9.68,-10.38,-49.27
324,90,9.84,-17.606,-56.72
324,90,10,-11.82,-50.89
324,90,10.16,-13.898,-53.54
324,90,10.32,-12.142,-51.77
324,90,10.48,-10.628,-50.16
324,90,10.64,-8.448,-48.46
324,90,10.8,-8.75,-49.02
324,90,10.96,-9.336,-49.32
324,90,11.12,-7.666,-47.91
324,90,11.28,-9.556,-50
324,90,11.44,-10.262,-51.01
324,90,11.6,-8.47000000000001,-49.34
324,90,11.76,-8.474,-49.59
324,90,11.92,-7.794,-48.92
324,90,12.08,-12.45,-54.64
324,90,12.24,-11.824,-54.08
324,90,12.4,-9.99,-52.65
324,90,12.56,-9.48999999999999,-53.56
324,90,12.72,-7.92399999999999,-52.48
324,90,12.88,-8.89600000000001,-54.1
324,90,13.04,-7.91800000000001,-54.42
324,90,13.2,-7.73,-54.51
324,90,13.36,-6.90399999999999,-53.12
324,90,13.52,-6.912,-52.92
324,90,13.68,-6.95999999999999,-53.64
324,90,13.84,-8.108,-55.59
324,90,14,-7.64,-55.49
324,90,14.16,-7.906,-56.13
324,90,14.32,-6.236,-55.19
324,90,14.48,-8.32399999999999,-60.15
324,90,14.64,-8.41400000000001,-57.87
324,90,14.8,-8.12,-56.13
324,90,14.96,-9.582,-56.71
324,90,15.12,-8.73,-55.16
324,90,15.28,-8.03,-54.58
324,90,15.44,-9.536,-55.85
324,90,15.6,-9.3,-55.93
324,90,15.76,-9.308,-56.5
324,90,15.92,-10.772,-57.95
324,90,16.08,-13.682,-61.14
324,90,16.24,-11.594,-59.72
324,90,16.4,-12.92,-62.73
324,90,16.56,-12.408,-61.34
324,90,16.72,-14.558,-64.04
324,90,16.88,-13.854,-64.32
324,90,17.04,-15.586,-66.84
324,90,17.2,-13.25,-65.68
324,90,17.36,-10.046,-62.69
324,90,17.52,-13.946,-66.48
324,90,17.68,-14.222,-67.3
324,90,17.84,-10.708,-63.62
324,90,18,-8.65,-61.46
325,90,2,4,-17.79
325,90,2.16,5.082,-18.33
325,90,2.32,4.164,-21.49
325,90,2.48,3.576,-23.67
325,90,2.64,2.822,-25.89
325,90,2.8,2.81,-24.25
325,90,2.96,5.332,-22.98
325,90,3.12,4.914,-23.32
325,90,3.28,3.838,-26.18
325,90,3.44,4.618,-24.03
325,90,3.6,3.8,-23.65
325,90,3.76,3.756,-25.73
325,90,3.92,4.488,-23.06
325,90,4.08,4.418,-23.25
325,90,4.24,1.814,-27.21
325,90,4.4,2.55,-27.26
325,90,4.56,3.034,-26.78
325,90,4.72,2.876,-27.11
325,90,4.88,1.65,-28.48
325,90,5.04,2.54,-27.51
325,90,5.2,2.28,-29.14
325,90,5.36,1.02,-29.78
325,90,5.52,-0.777999999999999,-31.06
325,90,5.68,0.249999999999996,-31.12
325,90,5.84,-1.852,-33.3
325,90,6,-1.2,-32.74
325,90,6.16,-1.73,-33.77
325,90,6.32,-3.458,-36.95
325,90,6.48,-3.42599999999999,-37.51
325,90,6.64,-4.178,-38.57
325,90,6.8,-6.92,-40.42
325,90,6.96,-6.282,-40.61
325,90,7.12,-6.116,-40.71
325,90,7.28,-8.902,-43.28
325,90,7.44,-10.426,-44.76
325,90,7.6,-13.06,-46.46
325,90,7.76,-8.998,-44.22
325,90,7.92,-13.972,-48.6
325,90,8.08,-9.796,-44.6
325,90,8.24,-12.742,-47.85
325,90,8.4,-28.24,-63.62
325,90,8.56,-14.532,-50.81
325,90,8.72,-15.028,-52.33
325,90,8.88,-16.938,-54.08
325,90,9.04,-16.624,-54.41
325,90,9.2,-23.79,-62.65
325,90,9.36,-16.164,-54.23
325,90,9.52,-8.842,-47.22
325,90,9.68,-12.97,-51.86
325,90,9.84,-17.196,-56.31
325,90,10,-13.41,-52.48
325,90,10.16,-14.118,-53.76
325,90,10.32,-14.052,-53.68
325,90,10.48,-12.338,-51.87
325,90,10.64,-8.498,-48.51
325,90,10.8,-9.88999999999999,-50.16
325,90,10.96,-9.806,-49.79
325,90,11.12,-8.146,-48.39
325,90,11.28,-9.506,-49.95
325,90,11.44,-9.86199999999999,-50.61
325,90,11.6,-8.03,-48.9
325,90,11.76,-7.634,-48.75
325,90,11.92,-7.39400000000001,-48.52
325,90,12.08,-11.2,-53.39
325,90,12.24,-10.044,-52.3
325,90,12.4,-8.29000000000001,-50.95
325,90,12.56,-6.90999999999999,-50.98
325,90,12.72,-7.44399999999999,-52
325,90,12.88,-6.986,-52.19
325,90,13.04,-6.58800000000001,-53.09
325,90,13.2,-6.59,-53.37
325,90,13.36,-5.46399999999999,-51.68
325,90,13.52,-5.512,-51.52
325,90,13.68,-6.52999999999999,-53.21
325,90,13.84,-7.128,-54.61
325,90,14,-6.85,-54.7
325,90,14.16,-9.50599999999999,-57.73
325,90,14.32,-5.29600000000001,-54.25
325,90,14.48,-9.30399999999999,-61.13
325,90,14.64,-7.53400000000001,-56.99
325,90,14.8,-9.86,-57.87
325,90,14.96,-9.742,-56.87
325,90,15.12,-7.73,-54.16
325,90,15.28,-8.03,-54.58
325,90,15.44,-8.576,-54.89
325,90,15.6,-8.13,-54.76
325,90,15.76,-8.798,-55.99
325,90,15.92,-8.84200000000001,-56.02
325,90,16.08,-10.952,-58.41
325,90,16.24,-12.734,-60.86
325,90,16.4,-13.59,-63.4
325,90,16.56,-11.918,-60.85
325,90,16.72,-12.768,-62.25
325,90,16.88,-17.394,-67.86
325,90,17.04,-14.156,-65.41
325,90,17.2,-12.08,-64.51
325,90,17.36,-9.476,-62.12
325,90,17.52,-11.176,-63.71
325,90,17.68,-11.362,-64.44
325,90,17.84,-8.49799999999999,-61.41
325,90,18,-7.23,-60.04
326,90,2,4.23,-17.56
326,90,2.16,5.332,-18.08
326,90,2.32,4.444,-21.21
326,90,2.48,3.866,-23.38
326,90,2.64,3.122,-25.59
326,90,2.8,3.16,-23.9
326,90,2.96,5.602,-22.71
326,90,3.12,5.294,-22.94
326,90,3.28,4.028,-25.99
326,90,3.44,5.078,-23.57
326,90,3.6,4.11,-23.34
326,90,3.76,4.056,-25.43
326,90,3.92,4.778,-22.77
326,90,4.08,4.878,-22.79
326,90,4.24,2.32400000000001,-26.7
326,90,4.4,3.07,-26.74
326,90,4.56,3.434,-26.38
326,90,4.72,3.346,-26.64
326,90,4.88,2.21,-27.92
326,90,5.04,2.96,-27.09
326,90,5.2,2.76,-28.66
326,90,5.36,1.6,-29.2
326,90,5.52,-0.178000000000001,-30.46
326,90,5.68,1.04,-30.33
326,90,5.84,-1.032,-32.48
326,90,6,-0.579999999999998,-32.12
326,90,6.16,-0.82,-32.86
326,90,6.32,-2.79799999999999,-36.29
326,90,6.48,-2.736,-36.82
326,90,6.64,-3.698,-38.09
326,90,6.8,-5.87,-39.37
326,90,6.96,-5.052,-39.38
326,90,7.12,-5.806,-40.4
326,90,7.28,-7.612,-41.99
326,90,7.44,-9.416,-43.75
326,90,7.6,-11.87,-45.27
326,90,7.76,-7.868,-43.09
326,90,7.92,-13.752,-48.38
326,90,8.08,-9.096,-43.9
326,90,8.24,-14.262,-49.37
326,90,8.4,-20.44,-55.82
326,90,8.56,-13.182,-49.46
326,90,8.72,-16.978,-54.28
326,90,8.88,-20.438,-57.58
326,90,9.04,-20.324,-58.11
326,90,9.2,-40,-78.86
326,90,9.36,-15.854,-53.92
326,90,9.52,-10.012,-48.39
326,90,9.68,-17.76,-56.65
326,90,9.84,-17.826,-56.94
326,90,10,-15.93,-55
326,90,10.16,-14.858,-54.5
326,90,10.32,-14.972,-54.6
326,90,10.48,-12.128,-51.66
326,90,10.64,-8.898,-48.91
326,90,10.8,-11.54,-51.81
326,90,10.96,-8.616,-48.6
326,90,11.12,-9.086,-49.33
326,90,11.28,-8.576,-49.02
326,90,11.44,-9.91199999999999,-50.66
326,90,11.6,-7.51000000000001,-48.38
326,90,11.76,-6.644,-47.76
326,90,11.92,-7.014,-48.14
326,90,12.08,-9.59999999999999,-51.79
326,90,12.24,-9.324,-51.58
326,90,12.4,-6.48,-49.14
326,90,12.56,-6.13999999999999,-50.21
326,90,12.72,-6.31399999999999,-50.87
326,90,12.88,-5.306,-50.51
326,90,13.04,-5.70800000000001,-52.21
326,90,13.2,-5.2,-51.98
326,90,13.36,-5.09399999999999,-51.31
326,90,13.52,-5.852,-51.86
326,90,13.68,-7.56999999999999,-54.25
326,90,13.84,-6.898,-54.38
326,90,14,-7.94,-55.79
326,90,14.16,-7.696,-55.92
326,90,14.32,-6.19600000000001,-55.15
326,90,14.48,-9.29399999999999,-61.12
326,90,14.64,-9.79400000000001,-59.25
326,90,14.8,-9.38,-57.39
326,90,14.96,-10.102,-57.23
326,90,15.12,-7.45,-53.88
326,90,15.28,-9.57,-56.12
326,90,15.44,-7.426,-53.74
326,90,15.6,-8.11,-54.74
326,90,15.76,-9.388,-56.58
326,90,15.92,-7.972,-55.15
326,90,16.08,-10.042,-57.5
326,90,16.24,-9.61400000000001,-57.74
326,90,16.4,-11.45,-61.26
326,90,16.56,-14.128,-63.06
326,90,16.72,-14.728,-64.21
326,90,16.88,-20.914,-71.38
326,90,17.04,-8.78600000000001,-60.04
326,90,17.2,-11.1,-63.53
326,90,17.36,-9.746,-62.39
326,90,17.52,-8.436,-60.97
326,90,17.68,-10.962,-64.04
326,90,17.84,-7.38799999999999,-60.3
326,90,18,-7.98,-60.79
327,90,2,4.44,-17.35
327,90,2.16,5.522,-17.89
327,90,2.32,4.704,-20.95
327,90,2.48,4.086,-23.16
327,90,2.64,3.452,-25.26
327,90,2.8,3.49,-23.57
327,90,2.96,5.822,-22.49
327,90,3.12,5.604,-22.63
327,90,3.28,4.208,-25.81
327,90,3.44,5.608,-23.04
327,90,3.6,4.39,-23.06
327,90,3.76,4.416,-25.07
327,90,3.92,5.048,-22.5
327,90,4.08,5.268,-22.4
327,90,4.24,2.854,-26.17
327,90,4.4,3.54,-26.27
327,90,4.56,3.824,-25.99
327,90,4.72,3.83600000000001,-26.15
327,90,4.88,2.77,-27.36
327,90,5.04,3.35,-26.7
327,90,5.2,3.32,-28.1
327,90,5.36,2.04,-28.76
327,90,5.52,0.591999999999999,-29.69
327,90,5.68,1.67,-29.7
327,90,5.84,-0.201999999999998,-31.65
327,90,6,-0.0500000000000007,-31.59
327,90,6.16,-0.119999999999997,-32.16
327,90,6.32,-1.898,-35.39
327,90,6.48,-2.026,-36.11
327,90,6.64,-3.208,-37.6
327,90,6.8,-4.61,-38.11
327,90,6.96,-4.172,-38.5
327,90,7.12,-5.286,-39.88
327,90,7.28,-6.462,-40.84
327,90,7.44,-9.006,-43.34
327,90,7.6,-9.78,-43.18
327,90,7.76,-7.368,-42.59
327,90,7.92,-12.522,-47.15
327,90,8.08,-8.626,-43.43
327,90,8.24,-13.682,-48.79
327,90,8.4,-15.99,-51.37
327,90,8.56,-13.102,-49.38
327,90,8.72,-22.598,-59.9
327,90,8.88,-18.978,-56.12
327,90,9.04,-22.864,-60.65
327,90,9.2,-32.61,-71.47
327,90,9.36,-15.924,-53.99
327,90,9.52,-12.372,-50.75
327,90,9.68,-22.04,-60.93
327,90,9.84,-18.326,-57.44
327,90,10,-20.7,-59.77
327,90,10.16,-15.918,-55.56
327,90,10.32,-22.602,-62.23
327,90,10.48,-11.098,-50.63
327,90,10.64,-10.828,-50.84
327,90,10.8,-11.38,-51.65
327,90,10.96,-9.366,-49.35
327,90,11.12,-9.536,-49.78
327,90,11.28,-8.71599999999999,-49.16
327,90,11.44,-10.202,-50.95
327,90,11.6,-6.84,-47.71
327,90,11.76,-6.564,-47.68
327,90,11.92,-6.664,-47.79
327,90,12.08,-8.44,-50.63
327,90,12.24,-8.084,-50.34
327,90,12.4,-4.94,-47.6
327,90,12.56,-6.02999999999999,-50.1
327,90,12.72,-5.43399999999999,-49.99
327,90,12.88,-4.956,-50.16
327,90,13.04,-5.76800000000001,-52.27
327,90,13.2,-4.75,-51.53
327,90,13.36,-4.91399999999999,-51.13
327,90,13.52,-6.29199999999999,-52.3
327,90,13.68,-7.00999999999999,-53.69
327,90,13.84,-8.518,-56
327,90,14,-8.39,-56.24
327,90,14.16,-7.316,-55.54
327,90,14.32,-8.07600000000001,-57.03
327,90,14.48,-12.664,-64.49
327,90,14.64,-8.19400000000001,-57.65
327,90,14.8,-8.34,-56.35
327,90,14.96,-9.912,-57.04
327,90,15.12,-8.27,-54.7
327,90,15.28,-8.05,-54.6
327,90,15.44,-7.686,-54
327,90,15.6,-8.86,-55.49
327,90,15.76,-8.188,-55.38
327,90,15.92,-8.352,-55.53
327,90,16.08,-10.552,-58.01
327,90,16.24,-11.214,-59.34
327,90,16.4,-12.33,-62.14
327,90,16.56,-12.008,-60.94
327,90,16.72,-12.328,-61.81
327,90,16.88,-14.224,-64.69
327,90,17.04,-10.266,-61.52
327,90,17.2,-11.23,-63.66
327,90,17.36,-9.326,-61.97
327,90,17.52,-8.346,-60.88
327,90,17.68,-9.072,-62.15
327,90,17.84,-7.23799999999999,-60.15
327,90,18,-9.37,-62.18
328,90,2,4.65,-17.14
328,90,2.16,5.722,-17.69
328,90,2.32,4.974,-20.68
328,90,2.48,4.316,-22.93
328,90,2.64,3.762,-24.95
328,90,2.8,3.87,-23.19
328,90,2.96,6.042,-22.27
328,90,3.12,5.924,-22.31
328,90,3.28,4.418,-25.6
328,90,3.44,6.058,-22.59
328,90,3.6,4.59,-22.86
328,90,3.76,4.816,-24.67
328,90,3.92,5.318,-22.23
328,90,4.08,5.748,-21.92
328,90,4.24,3.41400000000001,-25.61
328,90,4.4,3.93,-25.88
328,90,4.56,4.374,-25.44
328,90,4.72,4.286,-25.7
328,90,4.88,3.27,-26.86
328,90,5.04,3.72000000000001,-26.33
328,90,5.2,3.85,-27.57
328,90,5.36,2.4,-28.4
328,90,5.52,1.352,-28.93
328,90,5.68,2.22,-29.15
328,90,5.84,0.538,-30.91
328,90,6,0.66,-30.88
328,90,6.16,0.559999999999999,-31.48
328,90,6.32,-0.977999999999994,-34.47
328,90,6.48,-1.366,-35.45
328,90,6.64,-2.47799999999999,-36.87
328,90,6.8,-3.27,-36.77
328,90,6.96,-3.242,-37.57
328,90,7.12,-4.586,-39.18
328,90,7.28,-5.682,-40.06
328,90,7.44,-8.126,-42.46
328,90,7.6,-8.18,-41.58
328,90,7.76,-6.848,-42.07
328,90,7.92,-10.792,-45.42
328,90,8.08,-8.056,-42.86
328,90,8.24,-11.142,-46.25
328,90,8.4,-14.85,-50.23
328,90,8.56,-13.272,-49.55
328,90,8.72,-19.158,-56.46
328,90,8.88,-17.488,-54.63
328,90,9.04,-27.354,-65.14
328,90,9.2,-21.08,-59.94
328,90,9.36,-16.294,-54.36
328,90,9.52,-17.002,-55.38
328,90,9.68,-19.43,-58.32
328,90,9.84,-17.646,-56.76
328,90,10,-32.6,-71.67
328,90,10.16,-18.178,-57.82
328,90,10.32,-25.642,-65.27
328,90,10.48,-11.908,-51.44
328,90,10.64,-12.488,-52.5
328,90,10.8,-11.52,-51.79
328,90,10.96,-12.676,-52.66
328,90,11.12,-8.976,-49.22
328,90,11.28,-8.696,-49.14
328,90,11.44,-10.142,-50.89
328,90,11.6,-6.94,-47.81
328,90,11.76,-6.484,-47.6
328,90,11.92,-6.974,-48.1
328,90,12.08,-7.77999999999999,-49.97
328,90,12.24,-7.514,-49.77
328,90,12.4,-5.03,-47.69
328,90,12.56,-6.56,-50.63
328,90,12.72,-5.35399999999998,-49.91
328,90,12.88,-4.736,-49.94
328,90,13.04,-5.08800000000001,-51.59
328,90,13.2,-5.98,-52.76
328,90,13.36,-5.624,-51.84
328,90,13.52,-6.352,-52.36
328,90,13.68,-9.16,-55.84
328,90,13.84,-8.108,-55.59
328,90,14,-9.43,-57.28
328,90,14.16,-6.616,-54.84
328,90,14.32,-7.40600000000001,-56.36
328,90,14.48,-13.504,-65.33
328,90,14.64,-11.944,-61.4
328,90,14.8,-9.97,-57.98
328,90,14.96,-9.412,-56.54
328,90,15.12,-8.76,-55.19
328,90,15.28,-7.5,-54.05
328,90,15.44,-8.366,-54.68
328,90,15.6,-9.48999999999999,-56.12
328,90,15.76,-7.408,-54.6
328,90,15.92,-8.112,-55.29
328,90,16.08,-10.212,-57.67
328,90,16.24,-9.19400000000001,-57.32
328,90,16.4,-10.79,-60.6
328,90,16.56,-9.89799999999999,-58.83
328,90,16.72,-12.278,-61.76
328,90,16.88,-10.834,-61.3
328,90,17.04,-9.91600000000001,-61.17
328,90,17.2,-9.77,-62.2
328,90,17.36,-7.976,-60.62
328,90,17.52,-10.076,-62.61
328,90,17.68,-9.022,-62.1
328,90,17.84,-9.54799999999999,-62.46
328,90,18,-8.3,-61.11
329,90,2,4.88,-16.91
329,90,2.16,5.892,-17.52
329,90,2.32,5.274,-20.38
329,90,2.48,4.556,-22.69
329,90,2.64,4.152,-24.56
329,90,2.8,4.25,-22.81
329,90,2.96,6.262,-22.05
329,90,3.12,6.234,-22
329,90,3.28,4.668,-25.35
329,90,3.44,6.468,-22.18
329,90,3.6,4.78,-22.67
329,90,3.76,5.206,-24.28
329,90,3.92,5.578,-21.97
329,90,4.08,6.228,-21.44
329,90,4.24,3.96400000000001,-25.06
329,90,4.4,4.27,-25.54
329,90,4.56,4.954,-24.86
329,90,4.72,4.76600000000001,-25.22
329,90,4.88,3.85,-26.28
329,90,5.04,4.22000000000001,-25.83
329,90,5.2,4.39,-27.03
329,90,5.36,2.77,-28.03
329,90,5.52,2.172,-28.11
329,90,5.68,2.79,-28.58
329,90,5.84,1.268,-30.18
329,90,6,1.27,-30.27
329,90,6.16,1.39,-30.65
329,90,6.32,-0.0879999999999939,-33.58
329,90,6.48,-0.745999999999995,-34.83
329,90,6.64,-1.858,-36.25
329,90,6.8,-2.26,-35.76
329,90,6.96,-2.372,-36.7
329,90,7.12,-3.566,-38.16
329,90,7.28,-5.012,-39.39
329,90,7.44,-6.78599999999999,-41.12
329,90,7.6,-7.16,-40.56
329,90,7.76,-6.228,-41.45
329,90,7.92,-9.672,-44.3
329,90,8.08,-6.726,-41.53
329,90,8.24,-9.312,-44.42
329,90,8.4,-14.77,-50.15
329,90,8.56,-12.342,-48.62
329,90,8.72,-15.688,-52.99
329,90,8.88,-16.338,-53.48
329,90,9.04,-22.654,-60.44
329,90,9.2,-17.75,-56.61
329,90,9.36,-17.764,-55.83
329,90,9.52,-24.852,-63.23
329,90,9.68,-18.19,-57.08
329,90,9.84,-17.036,-56.15
329,90,10,-26.1,-65.17
329,90,10.16,-22.798,-62.44
329,90,10.32,-23.792,-63.42
329,90,10.48,-13.128,-52.66
329,90,10.64,-14.078,-54.09
329,90,10.8,-12.03,-52.3
329,90,10.96,-15.686,-55.67
329,90,11.12,-8.476,-48.72
329,90,11.28,-9.196,-49.64
329,90,11.44,-10.822,-51.57
329,90,11.6,-8.27,-49.14
329,90,11.76,-6.404,-47.52
329,90,11.92,-7.404,-48.53
329,90,12.08,-7.45999999999999,-49.65
329,90,12.24,-7.304,-49.56
329,90,12.4,-5.25,-47.91
329,90,12.56,-6.90999999999999,-50.98
329,90,12.72,-5.45399999999999,-50.01
329,90,12.88,-5.94600000000001,-51.15
329,90,13.04,-5.148,-51.65
329,90,13.2,-5.97,-52.75
329,90,13.36,-6.55399999999999,-52.77
329,90,13.52,-8.952,-54.96
329,90,13.68,-8.38999999999999,-55.07
329,90,13.84,-7.568,-55.05
329,90,14,-9.74,-57.59
329,90,14.16,-7.476,-55.7
329,90,14.32,-7.51600000000001,-56.47
329,90,14.48,-12.534,-64.36
329,90,14.64,-11.044,-60.5
329,90,14.8,-9.85,-57.86
329,90,14.96,-9.712,-56.84
329,90,15.12,-8.48,-54.91
329,90,15.28,-7.3,-53.85
329,90,15.44,-10.266,-56.58
329,90,15.6,-7.84999999999999,-54.48
329,90,15.76,-8.438,-55.63
329,90,15.92,-8.77200000000001,-55.95
329,90,16.08,-9.742,-57.2
329,90,16.24,-8.21400000000001,-56.34
329,90,16.4,-10.05,-59.86
329,90,16.56,-8.80799999999999,-57.74
329,90,16.72,-10.388,-59.87
329,90,16.88,-9.60399999999999,-60.07
329,90,17.04,-10.096,-61.35
329,90,17.2,-13.23,-65.66
329,90,17.36,-9.526,-62.17
329,90,17.52,-11.506,-64.04
329,90,17.68,-13.602,-66.68
329,90,17.84,-9.30799999999999,-62.22
329,90,18,-7.48999999999999,-60.3
330,90,2,5.13,-16.66
330,90,2.16,6.042,-17.37
330,90,2.32,5.584,-20.07
330,90,2.48,4.746,-22.5
330,90,2.64,4.492,-24.22
330,90,2.8,4.66,-22.4
330,90,2.96,6.462,-21.85
330,90,3.12,6.524,-21.71
330,90,3.28,4.868,-25.15
330,90,3.44,6.818,-21.83
330,90,3.6,4.93,-22.52
330,90,3.76,5.546,-23.94
330,90,3.92,5.848,-21.7
330,90,4.08,6.648,-21.02
330,90,4.24,4.48400000000001,-24.54
330,90,4.4,4.6,-25.21
330,90,4.56,5.474,-24.34
330,90,4.72,5.15600000000001,-24.83
330,90,4.88,4.4,-25.73
330,90,5.04,4.67000000000001,-25.38
330,90,5.2,4.97,-26.45
330,90,5.36,3.22,-27.58
330,90,5.52,2.832,-27.45
330,90,5.68,3.28,-28.09
330,90,5.84,1.978,-29.47
330,90,6,1.8,-29.74
330,90,6.16,2.28,-29.76
330,90,6.32,0.722000000000001,-32.77
330,90,6.48,-0.165999999999997,-34.25
330,90,6.64,-1.078,-35.47
330,90,6.8,-1.36,-34.86
330,90,6.96,-1.602,-35.93
330,90,7.12,-2.396,-36.99
330,90,7.28,-4.162,-38.54
330,90,7.44,-5.336,-39.67
330,90,7.6,-6.54,-39.94
330,90,7.76,-5.168,-40.39
330,90,7.92,-8.202,-42.83
330,90,8.08,-5.756,-40.56
330,90,8.24,-8.292,-43.4
330,90,8.4,-12.71,-48.09
330,90,8.56,-11.052,-47.33
330,90,8.72,-13.288,-50.59
330,90,8.88,-16.238,-53.38
330,90,9.04,-15.414,-53.2
330,90,9.2,-17.23,-56.09
330,90,9.36,-16.834,-54.9
330,90,9.52,-20.052,-58.43
330,90,9.68,-17.63,-56.52
330,90,9.84,-15.556,-54.67
330,90,10,-19.05,-58.12
330,90,10.16,-17.728,-57.37
330,90,10.32,-25.012,-64.64
330,90,10.48,-16.358,-55.89
330,90,10.64,-17.018,-57.03
330,90,10.8,-13.66,-53.93
330,90,10.96,-16.916,-56.9
330,90,11.12,-9.396,-49.64
330,90,11.28,-10.266,-50.71
330,90,11.44,-12.682,-53.43
330,90,11.6,-8.71,-49.58
330,90,11.76,-6.804,-47.92
330,90,11.92,-8.694,-49.82
330,90,12.08,-7.13999999999999,-49.33
330,90,12.24,-8.754,-51.01
330,90,12.4,-6.84,-49.5
330,90,12.56,-8.56999999999999,-52.64
330,90,12.72,-6.31399999999999,-50.87
330,90,12.88,-5.85600000000001,-51.06
330,90,13.04,-6.718,-53.22
330,90,13.2,-8.46,-55.24
330,90,13.36,-7.29399999999999,-53.51
330,90,13.52,-8.22199999999999,-54.23
330,90,13.68,-7.63999999999999,-54.32
330,90,13.84,-8.158,-55.64
330,90,14,-9.08,-56.93
330,90,14.16,-7.096,-55.32
330,90,14.32,-6.846,-55.8
330,90,14.48,-11.624,-63.45
330,90,14.64,-12.134,-61.59
330,90,14.8,-10.82,-58.83
330,90,14.96,-9.612,-56.74
330,90,15.12,-8.79,-55.22
330,90,15.28,-9.16,-55.71
330,90,15.44,-8.686,-55
330,90,15.6,-8.25,-54.88
330,90,15.76,-7.798,-54.99
330,90,15.92,-9.02200000000001,-56.2
330,90,16.08,-8.672,-56.13
330,90,16.24,-6.82400000000001,-54.95
330,90,16.4,-8.41999999999999,-58.23
330,90,16.56,-7.87799999999999,-56.81
330,90,16.72,-7.458,-56.94
330,90,16.88,-9.28399999999999,-59.75
330,90,17.04,-10.416,-61.67
330,90,17.2,-11.51,-63.94
330,90,17.36,-10.336,-62.98
330,90,17.52,-9.316,-61.85
330,90,17.68,-11.402,-64.48
330,90,17.84,-11.748,-64.66
330,90,18,-8.22,-61.03
331,90,2,5.34,-16.45
331,90,2.16,6.172,-17.24
331,90,2.32,5.874,-19.78
331,90,2.48,4.946,-22.3
331,90,2.64,4.862,-23.85
331,90,2.8,5.03,-22.03
331,90,2.96,6.662,-21.65
331,90,3.12,6.794,-21.44
331,90,3.28,5.138,-24.88
331,90,3.44,7.108,-21.54
331,90,3.6,5.15,-22.3
331,90,3.76,5.906,-23.58
331,90,3.92,6.148,-21.4
331,90,4.08,7.018,-20.65
331,90,4.24,4.994,-24.03
331,90,4.4,4.95,-24.86
331,90,4.56,5.964,-23.85
331,90,4.72,5.466,-24.52
331,90,4.88,4.97,-25.16
331,90,5.04,5.08000000000001,-24.97
331,90,5.2,5.42,-26
331,90,5.36,3.75,-27.05
331,90,5.52,3.512,-26.77
331,90,5.68,3.89,-27.48
331,90,5.84,2.598,-28.85
331,90,6,2.45,-29.09
331,90,6.16,3.12,-28.92
331,90,6.32,1.602,-31.89
331,90,6.48,0.644000000000005,-33.44
331,90,6.64,-0.157999999999994,-34.55
331,90,6.8,-0.350000000000001,-33.85
331,90,6.96,-0.781999999999996,-35.11
331,90,7.12,-1.486,-36.08
331,90,7.28,-3.562,-37.94
331,90,7.44,-3.85599999999999,-38.19
331,90,7.6,-5.66,-39.06
331,90,7.76,-3.988,-39.21
331,90,7.92,-7.062,-41.69
331,90,8.08,-4.726,-39.53
331,90,8.24,-7.48200000000001,-42.59
331,90,8.4,-11.17,-46.55
331,90,8.56,-9.172,-45.45
331,90,8.72,-12.348,-49.65
331,90,8.88,-16.258,-53.4
331,90,9.04,-11.334,-49.12
331,90,9.2,-15.82,-54.68
331,90,9.36,-12.904,-50.97
331,90,9.52,-17.632,-56.01
331,90,9.68,-14.43,-53.32
331,90,9.84,-14.976,-54.09
331,90,10,-13.88,-52.95
331,90,10.16,-15.388,-55.03
331,90,10.32,-32.252,-71.88
331,90,10.48,-19.988,-59.52
331,90,10.64,-18.178,-58.19
331,90,10.8,-14.88,-55.15
331,90,10.96,-18.886,-58.87
331,90,11.12,-10.296,-50.54
331,90,11.28,-11.726,-52.17
331,90,11.44,-17.772,-58.52
331,90,11.6,-8.69,-49.56
331,90,11.76,-8.384,-49.5
331,90,11.92,-9.96400000000001,-51.09
331,90,12.08,-7.76,-49.95
331,90,12.24,-9.794,-52.05
331,90,12.4,-10.25,-52.91
331,90,12.56,-8.97999999999999,-53.05
331,90,12.72,-6.64399999999999,-51.2
331,90,12.88,-6.846,-52.05
331,90,13.04,-8.288,-54.79
331,90,13.2,-7.39,-54.17
331,90,13.36,-7.39399999999999,-53.61
331,90,13.52,-7.662,-53.67
331,90,13.68,-7.61999999999999,-54.3
331,90,13.84,-9.188,-56.67
331,90,14,-7.63,-55.48
331,90,14.16,-8.43599999999999,-56.66
331,90,14.32,-8.39600000000001,-57.35
331,90,14.48,-12.944,-64.77
331,90,14.64,-19.264,-68.72
331,90,14.8,-10.46,-58.47
331,90,14.96,-10.502,-57.63
331,90,15.12,-10.72,-57.15
331,90,15.28,-10.74,-57.29
331,90,15.44,-9.536,-55.85
331,90,15.6,-9.5,-56.13
331,90,15.76,-7.948,-55.14
331,90,15.92,-8.91200000000001,-56.09
331,90,16.08,-8.362,-55.82
331,90,16.24,-7.29400000000001,-55.42
331,90,16.4,-9.64,-59.45
331,90,16.56,-6.88799999999999,-55.82
331,90,16.72,-8.908,-58.39
331,90,16.88,-12.404,-62.87
331,90,17.04,-11.466,-62.72
331,90,17.2,-9.77,-62.2
331,90,17.36,-12.606,-65.25
331,90,17.52,-8.266,-60.8
331,90,17.68,-12.602,-65.68
331,90,17.84,-8.288,-61.2
331,90,18,-10.23,-63.04
332,90,2,5.58,-16.21
332,90,2.16,6.322,-17.09
332,90,2.32,6.154,-19.5
332,90,2.48,5.116,-22.13
332,90,2.64,5.242,-23.47
332,90,2.8,5.38,-21.68
332,90,2.96,6.912,-21.4
332,90,3.12,7.014,-21.22
332,90,3.28,5.398,-24.62
332,90,3.44,7.368,-21.28
332,90,3.6,5.4,-22.05
332,90,3.76,6.206,-23.28
332,90,3.92,6.478,-21.07
332,90,4.08,7.358,-20.31
332,90,4.24,5.48400000000001,-23.54
332,90,4.4,5.31,-24.5
332,90,4.56,6.364,-23.45
332,90,4.72,5.806,-24.18
332,90,4.88,5.44,-24.69
332,90,5.04,5.58000000000001,-24.47
332,90,5.2,5.86,-25.56
332,90,5.36,4.43,-26.37
332,90,5.52,4.112,-26.17
332,90,5.68,4.45,-26.92
332,90,5.84,3.168,-28.28
332,90,6,3.08,-28.46
332,90,6.16,3.98,-28.06
332,90,6.32,2.262,-31.23
332,90,6.48,1.294,-32.79
332,90,6.64,0.822000000000003,-33.57
332,90,6.8,0.560000000000002,-32.94
332,90,6.96,0.078000000000003,-34.25
332,90,7.12,-0.326000000000001,-34.92
332,90,7.28,-2.662,-37.04
332,90,7.44,-2.456,-36.79
332,90,7.6,-4.73,-38.13
332,90,7.76,-2.698,-37.92
332,90,7.92,-5.922,-40.55
332,90,8.08,-3.756,-38.56
332,90,8.24,-6.392,-41.5
332,90,8.4,-9.01,-44.39
332,90,8.56,-7.45199999999999,-43.73
332,90,8.72,-10.888,-48.19
332,90,8.88,-12.088,-49.23
332,90,9.04,-9.374,-47.16
332,90,9.2,-13.66,-52.52
332,90,9.36,-9.944,-48.01
332,90,9.52,-19.512,-57.89
332,90,9.68,-12.91,-51.8
332,90,9.84,-14.436,-53.55
332,90,10,-11.28,-50.35
332,90,10.16,-13.138,-52.78
332,90,10.32,-20.842,-60.47
332,90,10.48,-19.278,-58.81
332,90,10.64,-17.698,-57.71
332,90,10.8,-14.07,-54.34
332,90,10.96,-20.966,-60.95
332,90,11.12,-12.306,-52.55
332,90,11.28,-12.076,-52.52
332,90,11.44,-21.732,-62.48
332,90,11.6,-8.96,-49.83
332,90,11.76,-9.984,-51.1
332,90,11.92,-10.014,-51.14
332,90,12.08,-7.91999999999999,-50.11
332,90,12.24,-11.304,-53.56
332,90,12.4,-12.38,-55.04
332,90,12.56,-10.34,-54.41
332,90,12.72,-6.49399999999999,-51.05
332,90,12.88,-7.806,-53.01
332,90,13.04,-8.718,-55.22
332,90,13.2,-6.18,-52.96
332,90,13.36,-7.31399999999999,-53.53
332,90,13.52,-7.47199999999999,-53.48
332,90,13.68,-8.14999999999999,-54.83
332,90,13.84,-9.568,-57.05
332,90,14,-8.01,-55.86
332,90,14.16,-8.496,-56.72
332,90,14.32,-8.35600000000001,-57.31
332,90,14.48,-15.364,-67.19
332,90,14.64,-18.184,-67.64
332,90,14.8,-18.34,-66.35
332,90,14.96,-12.672,-59.8
332,90,15.12,-14.69,-61.12
332,90,15.28,-14.66,-61.21
332,90,15.44,-13.346,-59.66
332,90,15.6,-11.77,-58.4
332,90,15.76,-11.308,-58.5
332,90,15.92,-12.222,-59.4
332,90,16.08,-8.892,-56.35
332,90,16.24,-10.094,-58.22
332,90,16.4,-8.28,-58.09
332,90,16.56,-7.87799999999999,-56.81
332,90,16.72,-10.118,-59.6
332,90,16.88,-12.124,-62.59
332,90,17.04,-11.796,-63.05
332,90,17.2,-11.53,-63.96
332,90,17.36,-10.186,-62.83
332,90,17.52,-13.066,-65.6
332,90,17.68,-11.612,-64.69
332,90,17.84,-9.11799999999999,-62.03
332,90,18,-10.5,-63.31
333,90,2,5.79,-16
333,90,2.16,6.462,-16.95
333,90,2.32,6.454,-19.2
333,90,2.48,5.316,-21.93
333,90,2.64,5.582,-23.13
333,90,2.8,5.69,-21.37
333,90,2.96,7.192,-21.12
333,90,3.12,7.304,-20.93
333,90,3.28,5.648,-24.37
333,90,3.44,7.618,-21.03
333,90,3.6,5.72,-21.73
333,90,3.76,6.516,-22.97
333,90,3.92,6.808,-20.74
333,90,4.08,7.658,-20.01
333,90,4.24,5.934,-23.09
333,90,4.4,5.73,-24.08
333,90,4.56,6.854,-22.96
333,90,4.72,6.17600000000001,-23.81
333,90,4.88,6.01,-24.12
333,90,5.04,6.07,-23.98
333,90,5.2,6.36,-25.06
333,90,5.36,5.09,-25.71
333,90,5.52,4.642,-25.64
333,90,5.68,5.12,-26.25
333,90,5.84,3.768,-27.68
333,90,6,3.84,-27.7
333,90,6.16,4.77,-27.27
333,90,6.32,2.942,-30.55
333,90,6.48,2.07400000000001,-32.01
333,90,6.64,1.762,-32.63
333,90,6.8,1.43,-32.07
333,90,6.96,1.02800000000001,-33.3
333,90,7.12,0.624000000000002,-33.97
333,90,7.28,-1.642,-36.02
333,90,7.44,-1.226,-35.56
333,90,7.6,-3.19,-36.59
333,90,7.76,-1.788,-37.01
333,90,7.92,-5.042,-39.67
333,90,8.08,-2.596,-37.4
333,90,8.24,-4.712,-39.82
333,90,8.4,-7.52,-42.9
333,90,8.56,-5.58199999999999,-41.86
333,90,8.72,-10.348,-47.65
333,90,8.88,-8.768,-45.91
333,90,9.04,-8.64400000000001,-46.43
333,90,9.2,-10.48,-49.34
333,90,9.36,-7.614,-45.68
333,90,9.52,-17.072,-55.45
333,90,9.68,-10.88,-49.77
333,90,9.84,-13.466,-52.58
333,90,10,-9.45,-48.52
333,90,10.16,-12.128,-51.77
333,90,10.32,-15.832,-55.46
333,90,10.48,-14.318,-53.85
333,90,10.64,-15.788,-55.8
333,90,10.8,-12.37,-52.64
333,90,10.96,-17.456,-57.44
333,90,11.12,-12.896,-53.14
333,90,11.28,-13.216,-53.66
333,90,11.44,-19.562,-60.31
333,90,11.6,-10.3,-51.17
333,90,11.76,-9.434,-50.55
333,90,11.92,-10.724,-51.85
333,90,12.08,-9.38999999999999,-51.58
333,90,12.24,-13.564,-55.82
333,90,12.4,-13.1,-55.76
333,90,12.56,-10.6,-54.67
333,90,12.72,-7.58399999999999,-52.14
333,90,12.88,-6.86600000000001,-52.07
333,90,13.04,-8.078,-54.58
333,90,13.2,-5.77,-52.55
333,90,13.36,-7.624,-53.84
333,90,13.52,-6.732,-52.74
333,90,13.68,-8.38,-55.06
333,90,13.84,-10.948,-58.43
333,90,14,-9.39,-57.24
333,90,14.16,-11.366,-59.59
333,90,14.32,-11.126,-60.08
333,90,14.48,-22.774,-74.6
333,90,14.64,-27.224,-76.68
333,90,14.8,-18.42,-66.43
333,90,14.96,-17.462,-64.59
333,90,15.12,-19.61,-66.04
333,90,15.28,-17.56,-64.11
333,90,15.44,-21.236,-67.55
333,90,15.6,-13.69,-60.32
333,90,15.76,-16.878,-64.07
333,90,15.92,-13.402,-60.58
333,90,16.08,-11.622,-59.08
333,90,16.24,-13.054,-61.18
333,90,16.4,-11.35,-61.16
333,90,16.56,-8.66799999999999,-57.6
333,90,16.72,-12.878,-62.36
333,90,16.88,-12.704,-63.17
333,90,17.04,-11.216,-62.47
333,90,17.2,-11.95,-64.38
333,90,17.36,-9.596,-62.24
333,90,17.52,-15.796,-68.33
333,90,17.68,-11.532,-64.61
333,90,17.84,-9.38799999999999,-62.3
333,90,18,-8.63,-61.44
334,90,2,6.01,-15.78
334,90,2.16,6.612,-16.8
334,90,2.32,6.694,-18.96
334,90,2.48,5.496,-21.75
334,90,2.64,5.952,-22.76
334,90,2.8,5.99,-21.07
334,90,2.96,7.482,-20.83
334,90,3.12,7.554,-20.68
334,90,3.28,5.848,-24.17
334,90,3.44,7.878,-20.77
334,90,3.6,6.07,-21.38
334,90,3.76,6.776,-22.71
334,90,3.92,7.108,-20.44
334,90,4.08,7.928,-19.74
334,90,4.24,6.354,-22.67
334,90,4.4,6.16,-23.65
334,90,4.56,7.244,-22.57
334,90,4.72,6.60600000000001,-23.38
334,90,4.88,6.54,-23.59
334,90,5.04,6.53,-23.52
334,90,5.2,6.74,-24.68
334,90,5.36,5.8,-25
334,90,5.52,5.112,-25.17
334,90,5.68,5.75,-25.62
334,90,5.84,4.338,-27.11
334,90,6,4.5,-27.04
334,90,6.16,5.48,-26.56
334,90,6.32,3.582,-29.91
334,90,6.48,2.874,-31.21
334,90,6.64,2.632,-31.76
334,90,6.8,2.13,-31.37
334,90,6.96,2.108,-32.22
334,90,7.12,1.494,-33.1
334,90,7.28,-0.322000000000003,-34.7
334,90,7.44,-0.165999999999997,-34.5
334,90,7.6,-2.05,-35.45
334,90,7.76,-0.808,-36.03
334,90,7.92,-3.742,-38.37
334,90,8.08,-1.156,-35.96
334,90,8.24,-3.222,-38.33
334,90,8.4,-5.94,-41.32
334,90,8.56,-3.86199999999999,-40.14
334,90,8.72,-9.138,-46.44
334,90,8.88,-6.55800000000001,-43.7
334,90,9.04,-7.514,-45.3
334,90,9.2,-7.34,-46.2
334,90,9.36,-7.444,-45.51
334,90,9.52,-12.702,-51.08
334,90,9.68,-9.2,-48.09
334,90,9.84,-11.586,-50.7
334,90,10,-8.53,-47.6
334,90,10.16,-9.898,-49.54
334,90,10.32,-11.352,-50.98
334,90,10.48,-12.548,-52.08
334,90,10.64,-12.948,-52.96
334,90,10.8,-10.19,-50.46
334,90,10.96,-14.246,-54.23
334,90,11.12,-12.066,-52.31
334,90,11.28,-12.086,-52.53
334,90,11.44,-17.572,-58.32
334,90,11.6,-11.34,-52.21
334,90,11.76,-8.794,-49.91
334,90,11.92,-10.844,-51.97
334,90,12.08,-10.54,-52.73
334,90,12.24,-12.254,-54.51
334,90,12.4,-13.57,-56.23
334,90,12.56,-9.70999999999999,-53.78
334,90,12.72,-6.29399999999999,-50.85
334,90,12.88,-6.83600000000001,-52.04
334,90,13.04,-7.318,-53.82
334,90,13.2,-5.77,-52.55
334,90,13.36,-6.58399999999999,-52.8
334,90,13.52,-6.90199999999999,-52.91
334,90,13.68,-8.72999999999999,-55.41
334,90,13.84,-11.188,-58.67
334,90,14,-10.58,-58.43
334,90,14.16,-10.346,-58.57
334,90,14.32,-12.836,-61.79
334,90,14.48,-21.144,-72.97
334,90,14.64,-20.834,-70.29
334,90,14.8,-32.96,-80.97
334,90,14.96,-28.822,-75.95
334,90,15.12,-21.67,-68.1
334,90,15.28,-17.78,-64.33
334,90,15.44,-24.706,-71.02
334,90,15.6,-14.63,-61.26
334,90,15.76,-12.888,-60.08
334,90,15.92,-15.332,-62.51
334,90,16.08,-11.432,-58.89
334,90,16.24,-14.744,-62.87
334,90,16.4,-12.11,-61.92
334,90,16.56,-10.118,-59.05
334,90,16.72,-11.438,-60.92
334,90,16.88,-10.644,-61.11
334,90,17.04,-10.186,-61.44
334,90,17.2,-11,-63.43
334,90,17.36,-10.896,-63.54
334,90,17.52,-8.666,-61.2
334,90,17.68,-14.522,-67.6
334,90,17.84,-8.578,-61.49
334,90,18,-7.69,-60.5
335,90,2,6.2,-15.59
335,90,2.16,6.782,-16.63
335,90,2.32,6.914,-18.74
335,90,2.48,5.686,-21.56
335,90,2.64,6.212,-22.5
335,90,2.8,6.23,-20.83
335,90,2.96,7.752,-20.56
335,90,3.12,7.764,-20.47
335,90,3.28,6.068,-23.95
335,90,3.44,8.138,-20.51
335,90,3.6,6.42,-21.03
335,90,3.76,7.036,-22.45
335,90,3.92,7.388,-20.16
335,90,4.08,8.158,-19.51
335,90,4.24,6.754,-22.27
335,90,4.4,6.54,-23.27
335,90,4.56,7.644,-22.17
335,90,4.72,7.01600000000001,-22.97
335,90,4.88,7,-23.13
335,90,5.04,7.05,-23
335,90,5.2,7.12,-24.3
335,90,5.36,6.38,-24.42
335,90,5.52,5.582,-24.7
335,90,5.68,6.36,-25.01
335,90,5.84,4.938,-26.51
335,90,6,5.25,-26.29
335,90,6.16,6.08,-25.96
335,90,6.32,4.232,-29.26
335,90,6.48,3.664,-30.42
335,90,6.64,3.402,-30.99
335,90,6.8,2.88,-30.62
335,90,6.96,3.048,-31.28
335,90,7.12,2.184,-32.41
335,90,7.28,0.948,-33.43
335,90,7.44,0.884,-33.45
335,90,7.6,-0.740000000000002,-34.14
335,90,7.76,0.242000000000004,-34.98
335,90,7.92,-2.382,-37.01
335,90,8.08,-0.0959999999999965,-34.9
335,90,8.24,-2.122,-37.23
335,90,8.4,-4.25,-39.63
335,90,8.56,-2.38199999999999,-38.66
335,90,8.72,-7.838,-45.14
335,90,8.88,-4.84800000000001,-41.99
335,90,9.04,-5.84400000000001,-43.63
335,90,9.2,-5.57,-44.43
335,90,9.36,-6.194,-44.26
335,90,9.52,-8.762,-47.14
335,90,9.68,-7.71,-46.6
335,90,9.84,-8.75599999999999,-47.87
335,90,10,-7.19,-46.26
335,90,10.16,-7.428,-47.07
335,90,10.32,-8.942,-48.57
335,90,10.48,-9.468,-49
335,90,10.64,-9.738,-49.75
335,90,10.8,-8.66,-48.93
335,90,10.96,-10.746,-50.73
335,90,11.12,-9.646,-49.89
335,90,11.28,-11.396,-51.84
335,90,11.44,-13.682,-54.43
335,90,11.6,-11.23,-52.1
335,90,11.76,-7.404,-48.52
335,90,11.92,-9.584,-50.71
335,90,12.08,-11.84,-54.03
335,90,12.24,-9.274,-51.53
335,90,12.4,-12.37,-55.03
335,90,12.56,-7.39999999999999,-51.47
335,90,12.72,-5.87399999999999,-50.43
335,90,12.88,-6.38600000000001,-51.59
335,90,13.04,-6.478,-52.98
335,90,13.2,-4.91,-51.69
335,90,13.36,-5.95399999999999,-52.17
335,90,13.52,-6.202,-52.21
335,90,13.68,-7.34,-54.02
335,90,13.84,-10.668,-58.15
335,90,14,-10.68,-58.53
335,90,14.16,-8.846,-57.07
335,90,14.32,-12.236,-61.19
335,90,14.48,-15.274,-67.1
335,90,14.64,-16.184,-65.64
335,90,14.8,-16,-64.01
335,90,14.96,-23.412,-70.54
335,90,15.12,-18.3,-64.73
335,90,15.28,-12.5,-59.05
335,90,15.44,-16.046,-62.36
335,90,15.6,-12.04,-58.67
335,90,15.76,-10.588,-57.78
335,90,15.92,-10.272,-57.45
335,90,16.08,-8.582,-56.04
335,90,16.24,-11.834,-59.96
335,90,16.4,-12.99,-62.8
335,90,16.56,-8.82799999999999,-57.76
335,90,16.72,-10.978,-60.46
335,90,16.88,-7.76399999999999,-58.23
335,90,17.04,-7.07600000000001,-58.33
335,90,17.2,-9.49,-61.92
335,90,17.36,-8.926,-61.57
335,90,17.52,-7.726,-60.26
335,90,17.68,-10.282,-63.36
335,90,17.84,-5.74799999999999,-58.66
335,90,18,-6.04,-58.85
336,90,2,6.38,-15.41
336,90,2.16,6.962,-16.45
336,90,2.32,7.114,-18.54
336,90,2.48,5.906,-21.34
336,90,2.64,6.522,-22.19
336,90,2.8,6.47,-20.59
336,90,2.96,8.062,-20.25
336,90,3.12,7.994,-20.24
336,90,3.28,6.348,-23.67
336,90,3.44,8.418,-20.23
336,90,3.6,6.8,-20.65
336,90,3.76,7.266,-22.22
336,90,3.92,7.658,-19.89
336,90,4.08,8.428,-19.24
336,90,4.24,7.14400000000001,-21.88
336,90,4.4,6.9,-22.91
336,90,4.56,8.014,-21.8
336,90,4.72,7.466,-22.52
336,90,4.88,7.44,-22.69
336,90,5.04,7.52,-22.53
336,90,5.2,7.48,-23.94
336,90,5.36,6.93,-23.87
336,90,5.52,6.052,-24.23
336,90,5.68,6.92,-24.45
336,90,5.84,5.538,-25.91
336,90,6,5.92,-25.62
336,90,6.16,6.69,-25.35
336,90,6.32,5.052,-28.44
336,90,6.48,4.424,-29.66
336,90,6.64,4.172,-30.22
336,90,6.8,3.7,-29.8
336,90,6.96,3.998,-30.33
336,90,7.12,2.904,-31.69
336,90,7.28,2.168,-32.21
336,90,7.44,1.724,-32.61
336,90,7.6,0.589999999999996,-32.81
336,90,7.76,1.402,-33.82
336,90,7.92,-0.802,-35.43
336,90,8.08,0.994,-33.81
336,90,8.24,-1.09200000000001,-36.2
336,90,8.4,-2.29,-37.67
336,90,8.56,-1.09199999999999,-37.37
336,90,8.72,-5.628,-42.93
336,90,8.88,-3.688,-40.83
336,90,9.04,-4.194,-41.98
336,90,9.2,-4.33,-43.19
336,90,9.36,-5.454,-43.52
336,90,9.52,-6.422,-44.8
336,90,9.68,-6.32,-45.21
336,90,9.84,-7.04599999999999,-46.16
336,90,10,-6.31,-45.38
336,90,10.16,-5.41800000000001,-45.06
336,90,10.32,-7.272,-46.9
336,90,10.48,-7.738,-47.27
336,90,10.64,-7.798,-47.81
336,90,10.8,-8.41999999999999,-48.69
336,90,10.96,-8.046,-48.03
336,90,11.12,-7.766,-48.01
336,90,11.28,-10.316,-50.76
336,90,11.44,-10.392,-51.14
336,90,11.6,-10.37,-51.24
336,90,11.76,-6.754,-47.87
336,90,11.92,-8.794,-49.92
336,90,12.08,-8.70999999999999,-50.9
336,90,12.24,-6.904,-49.16
336,90,12.4,-9.97000000000001,-52.63
336,90,12.56,-5.58999999999999,-49.66
336,90,12.72,-5.04399999999999,-49.6
336,90,12.88,-5.166,-50.37
336,90,13.04,-5.728,-52.23
336,90,13.2,-3.63,-50.41
336,90,13.36,-4.86399999999999,-51.08
336,90,13.52,-6.242,-52.25
336,90,13.68,-5.47999999999999,-52.16
336,90,13.84,-11.318,-58.8
336,90,14,-9.98,-57.83
336,90,14.16,-8.496,-56.72
336,90,14.32,-11.276,-60.23
336,90,14.48,-17.684,-69.51
336,90,14.64,-14.554,-64.01
336,90,14.8,-11.9,-59.91
336,90,14.96,-21.322,-68.45
336,90,15.12,-13.04,-59.47
336,90,15.28,-9.77,-56.32
336,90,15.44,-12.306,-58.62
336,90,15.6,-9.72,-56.35
336,90,15.76,-7.238,-54.43
336,90,15.92,-7.172,-54.35
336,90,16.08,-6.292,-53.75
336,90,16.24,-7.50400000000001,-55.63
336,90,16.4,-9.48999999999999,-59.3
336,90,16.56,-5.63799999999999,-54.57
336,90,16.72,-6.228,-55.71
336,90,16.88,-5.86399999999999,-56.33
336,90,17.04,-5.09600000000001,-56.35
336,90,17.2,-5.95,-58.38
336,90,17.36,-7.706,-60.35
336,90,17.52,-4.176,-56.71
336,90,17.68,-7.982,-61.06
336,90,17.84,-3.72799999999999,-56.64
336,90,18,-4.02,-56.83
337,90,2,6.54,-15.25
337,90,2.16,7.172,-16.24
337,90,2.32,7.294,-18.36
337,90,2.48,6.136,-21.11
337,90,2.64,6.792,-21.92
337,90,2.8,6.65,-20.41
337,90,2.96,8.312,-20
337,90,3.12,8.204,-20.03
337,90,3.28,6.598,-23.42
337,90,3.44,8.668,-19.98
337,90,3.6,7.13,-20.32
337,90,3.76,7.496,-21.99
337,90,3.92,7.908,-19.64
337,90,4.08,8.678,-18.99
337,90,4.24,7.494,-21.53
337,90,4.4,7.28,-22.53
337,90,4.56,8.354,-21.46
337,90,4.72,7.866,-22.12
337,90,4.88,7.83,-22.3
337,90,5.04,7.97000000000001,-22.08
337,90,5.2,7.85,-23.57
337,90,5.36,7.48,-23.32
337,90,5.52,6.622,-23.66
337,90,5.68,7.47,-23.9
337,90,5.84,6.108,-25.34
337,90,6,6.61,-24.93
337,90,6.16,7.22,-24.82
337,90,6.32,5.802,-27.69
337,90,6.48,5.164,-28.92
337,90,6.64,4.912,-29.48
337,90,6.8,4.55,-28.95
337,90,6.96,4.878,-29.45
337,90,7.12,3.734,-30.86
337,90,7.28,3.318,-31.06
337,90,7.44,2.694,-31.64
337,90,7.6,1.63,-31.77
337,90,7.76,2.552,-32.67
337,90,7.92,0.718000000000004,-33.91
337,90,8.08,2.094,-32.71
337,90,8.24,0.0579999999999998,-35.05
337,90,8.4,-0.399999999999999,-35.78
337,90,8.56,-0.0919999999999916,-36.37
337,90,8.72,-3.468,-40.77
337,90,8.88,-2.20800000000001,-39.35
337,90,9.04,-2.474,-40.26
337,90,9.2,-2.68,-41.54
337,90,9.36,-3.754,-41.82
337,90,9.52,-4.302,-42.68
337,90,9.68,-5.28,-44.17
337,90,9.84,-5.18599999999999,-44.3
337,90,10,-5.47,-44.54
337,90,10.16,-3.44800000000001,-43.09
337,90,10.32,-5.372,-45
337,90,10.48,-5.888,-45.42
337,90,10.64,-5.838,-45.85
337,90,10.8,-6.93,-47.2
337,90,10.96,-5.996,-45.98
337,90,11.12,-6.536,-46.78
337,90,11.28,-8.35599999999999,-48.8
337,90,11.44,-8.092,-48.84
337,90,11.6,-9.48,-50.35
337,90,11.76,-5.404,-46.52
337,90,11.92,-6.764,-47.89
337,90,12.08,-6.02,-48.21
337,90,12.24,-5.394,-47.65
337,90,12.4,-7.1,-49.76
337,90,12.56,-4.02999999999999,-48.1
337,90,12.72,-4.33399999999999,-48.89
337,90,12.88,-2.53600000000001,-47.74
337,90,13.04,-4.548,-51.05
337,90,13.2,-2.57,-49.35
337,90,13.36,-3.74399999999999,-49.96
337,90,13.52,-3.922,-49.93
337,90,13.68,-3.41,-50.09
337,90,13.84,-10.878,-58.36
337,90,14,-8.8,-56.65
337,90,14.16,-9.016,-57.24
337,90,14.32,-10.386,-59.34
337,90,14.48,-17.374,-69.2
337,90,14.64,-11.664,-61.12
337,90,14.8,-12.57,-60.58
337,90,14.96,-19.802,-66.93
337,90,15.12,-13.06,-59.49
337,90,15.28,-8.77,-55.32
337,90,15.44,-7.976,-54.29
337,90,15.6,-8.09999999999999,-54.73
337,90,15.76,-5.618,-52.81
337,90,15.92,-5.102,-52.28
337,90,16.08,-4.762,-52.22
337,90,16.24,-3.89400000000001,-52.02
337,90,16.4,-4.36,-54.17
337,90,16.56,-3.48799999999999,-52.42
337,90,16.72,-3.338,-52.82
337,90,16.88,-3.86399999999999,-54.33
337,90,17.04,-2.25600000000001,-53.51
337,90,17.2,-5.98,-58.41
337,90,17.36,-2.556,-55.2
337,90,17.52,-1.446,-53.98
337,90,17.68,-3.072,-56.15
337,90,17.84,-0.307999999999993,-53.22
337,90,18,-0.75,-53.56
338,90,2,6.69,-15.1
338,90,2.16,7.372,-16.04
338,90,2.32,7.434,-18.22
338,90,2.48,6.396,-20.85
338,90,2.64,6.992,-21.72
338,90,2.8,6.82,-20.24
338,90,2.96,8.532,-19.78
338,90,3.12,8.374,-19.86
338,90,3.28,6.898,-23.12
338,90,3.44,8.888,-19.76
338,90,3.6,7.44,-20.01
338,90,3.76,7.706,-21.78
338,90,3.92,8.148,-19.4
338,90,4.08,8.948,-18.72
338,90,4.24,7.854,-21.17
338,90,4.4,7.67,-22.14
338,90,4.56,8.634,-21.18
338,90,4.72,8.26600000000001,-21.72
338,90,4.88,8.18,-21.95
338,90,5.04,8.44,-21.61
338,90,5.2,8.24,-23.18
338,90,5.36,7.95,-22.85
338,90,5.52,7.182,-23.1
338,90,5.68,8.02,-23.35
338,90,5.84,6.648,-24.8
338,90,6,7.15,-24.39
338,90,6.16,7.74,-24.3
338,90,6.32,6.472,-27.02
338,90,6.48,5.924,-28.16
338,90,6.64,5.722,-28.67
338,90,6.8,5.33,-28.17
338,90,6.96,5.748,-28.58
338,90,7.12,4.704,-29.89
338,90,7.28,4.298,-30.08
338,90,7.44,3.634,-30.7
338,90,7.6,2.78,-30.62
338,90,7.76,3.602,-31.62
338,90,7.92,1.938,-32.69
338,90,8.08,3.124,-31.68
338,90,8.24,1.428,-33.68
338,90,8.4,1.24,-34.14
338,90,8.56,0.548000000000009,-35.73
338,90,8.72,-1.228,-38.53
338,90,8.88,-1.148,-38.29
338,90,9.04,-0.624000000000002,-38.41
338,90,9.2,-1.45,-40.31
338,90,9.36,-2.104,-40.17
338,90,9.52,-2.752,-41.13
338,90,9.68,-3.89,-42.78
338,90,9.84,-3.29599999999999,-42.41
338,90,10,-4.24,-43.31
338,90,10.16,-1.98800000000001,-41.63
338,90,10.32,-4.802,-44.43
338,90,10.48,-4.828,-44.36
338,90,10.64,-4.108,-44.12
338,90,10.8,-6.5,-46.77
338,90,10.96,-3.986,-43.97
338,90,11.12,-6.106,-46.35
338,90,11.28,-5.946,-46.39
338,90,11.44,-6.212,-46.96
338,90,11.6,-8.23,-49.1
338,90,11.76,-3.904,-45.02
338,90,11.92,-5.404,-46.53
338,90,12.08,-4.2,-46.39
338,90,12.24,-3.664,-45.92
338,90,12.4,-3.97000000000001,-46.63
338,90,12.56,-2.92999999999999,-47
338,90,12.72,-2.71399999999999,-47.27
338,90,12.88,-0.896000000000008,-46.1
338,90,13.04,-2.868,-49.37
338,90,13.2,-0.93,-47.71
338,90,13.36,-2.40399999999999,-48.62
338,90,13.52,-1.912,-47.92
338,90,13.68,-2.52999999999999,-49.21
338,90,13.84,-8.228,-55.71
338,90,14,-6.74,-54.59
338,90,14.16,-6.316,-54.54
338,90,14.32,-9.776,-58.73
338,90,14.48,-11.954,-63.78
338,90,14.64,-12.164,-61.62
338,90,14.8,-14.86,-62.87
338,90,14.96,-15.612,-62.74
338,90,15.12,-13.9,-60.33
338,90,15.28,-7.82,-54.37
338,90,15.44,-7.876,-54.19
338,90,15.6,-7.27999999999999,-53.91
338,90,15.76,-4.168,-51.36
338,90,15.92,-4.09200000000001,-51.27
338,90,16.08,-2.712,-50.17
338,90,16.24,-1.51400000000001,-49.64
338,90,16.4,-2.59999999999999,-52.41
338,90,16.56,-0.967999999999989,-49.9
338,90,16.72,-1.008,-50.49
338,90,16.88,-1.84399999999999,-52.31
338,90,17.04,0.00399999999999068,-51.25
338,90,17.2,-1.01,-53.44
338,90,17.36,-0.486000000000004,-53.13
338,90,17.52,1.134,-51.4
338,90,17.68,-0.0519999999999996,-53.13
338,90,17.84,0.952000000000005,-51.96
338,90,18,1.56,-51.25
339,90,2,6.82,-14.97
339,90,2.16,7.592,-15.82
339,90,2.32,7.554,-18.1
339,90,2.48,6.636,-20.61
339,90,2.64,7.192,-21.52
339,90,2.8,7.01,-20.05
339,90,2.96,8.712,-19.6
339,90,3.12,8.534,-19.7
339,90,3.28,7.178,-22.84
339,90,3.44,9.078,-19.57
339,90,3.6,7.72,-19.73
339,90,3.76,7.866,-21.62
339,90,3.92,8.438,-19.11
339,90,4.08,9.198,-18.47
339,90,4.24,8.134,-20.89
339,90,4.4,8.07,-21.74
339,90,4.56,8.934,-20.88
339,90,4.72,8.67600000000001,-21.31
339,90,4.88,8.5,-21.63
339,90,5.04,8.88,-21.17
339,90,5.2,8.64,-22.78
339,90,5.36,8.38,-22.42
339,90,5.52,7.732,-22.55
339,90,5.68,8.49,-22.88
339,90,5.84,7.268,-24.18
339,90,6,7.69,-23.85
339,90,6.16,8.19,-23.85
339,90,6.32,7.11200000000001,-26.38
339,90,6.48,6.614,-27.47
339,90,6.64,6.322,-28.07
339,90,6.8,6.14,-27.36
339,90,6.96,6.448,-27.88
339,90,7.12,5.654,-28.94
339,90,7.28,5.118,-29.26
339,90,7.44,4.604,-29.73
339,90,7.6,3.86,-29.54
339,90,7.76,4.502,-30.72
339,90,7.92,2.968,-31.66
339,90,8.08,3.954,-30.85
339,90,8.24,2.688,-32.42
339,90,8.4,2.55,-32.83
339,90,8.56,1.688,-34.59
339,90,8.72,0.731999999999999,-36.57
339,90,8.88,-0.348000000000006,-37.49
339,90,9.04,0.835999999999991,-36.95
339,90,9.2,-0.0799999999999983,-38.94
339,90,9.36,-0.653999999999996,-38.72
339,90,9.52,-1.672,-40.05
339,90,9.68,-2.32,-41.21
339,90,9.84,-1.71599999999999,-40.83
339,90,10,-3.05,-42.12
339,90,10.16,-0.968000000000004,-40.61
339,90,10.32,-3.032,-42.66
339,90,10.48,-3.19799999999999,-42.73
339,90,10.64,-2.288,-42.3
339,90,10.8,-5.48,-45.75
339,90,10.96,-2.536,-42.52
339,90,11.12,-5.446,-45.69
339,90,11.28,-3.836,-44.28
339,90,11.44,-4.66199999999999,-45.41
339,90,11.6,-6.82,-47.69
339,90,11.76,-2.384,-43.5
339,90,11.92,-3.89400000000001,-45.02
339,90,12.08,-2.65,-44.84
339,90,12.24,-2.234,-44.49
339,90,12.4,-2.12,-44.78
339,90,12.56,-2.10999999999999,-46.18
339,90,12.72,-0.583999999999989,-45.14
339,90,12.88,0.303999999999995,-44.9
339,90,13.04,-1.468,-47.97
339,90,13.2,0.609999999999999,-46.17
339,90,13.36,-1.08399999999999,-47.3
339,90,13.52,-1.072,-47.08
339,90,13.68,-1.10999999999999,-47.79
339,90,13.84,-5.468,-52.95
339,90,14,-5.39,-53.24
339,90,14.16,-4.726,-52.95
339,90,14.32,-7.00600000000001,-55.96
339,90,14.48,-12.924,-64.75
339,90,14.64,-15.794,-65.25
339,90,14.8,-17.24,-65.25
339,90,14.96,-20.372,-67.5
339,90,15.12,-16.06,-62.49
339,90,15.28,-7.89,-54.44
339,90,15.44,-8.406,-54.72
339,90,15.6,-7.23999999999999,-53.87
339,90,15.76,-3.808,-51
339,90,15.92,-2.602,-49.78
339,90,16.08,-1.922,-49.38
339,90,16.24,0.0159999999999911,-48.11
339,90,16.4,-1.45,-51.26
339,90,16.56,0.622000000000007,-48.31
339,90,16.72,-0.118000000000002,-49.6
339,90,16.88,0.0560000000000116,-50.41
339,90,17.04,1.31399999999999,-49.94
339,90,17.2,0.460000000000001,-51.97
339,90,17.36,2.184,-50.46
339,90,17.52,3.344,-49.19
339,90,17.68,2.268,-50.81
339,90,17.84,2.462,-50.45
339,90,18,3.14,-49.67
340,90,2,6.94,-14.85
340,90,2.16,7.802,-15.61
340,90,2.32,7.654,-18
340,90,2.48,6.896,-20.35
340,90,2.64,7.362,-21.35
340,90,2.8,7.2,-19.86
340,90,2.96,8.862,-19.45
340,90,3.12,8.654,-19.58
340,90,3.28,7.508,-22.51
340,90,3.44,9.238,-19.41
340,90,3.6,7.99,-19.46
340,90,3.76,8.026,-21.46
340,90,3.92,8.738,-18.81
340,90,4.08,9.438,-18.23
340,90,4.24,8.384,-20.64
340,90,4.4,8.49,-21.32
340,90,4.56,9.164,-20.65
340,90,4.72,9.026,-20.96
340,90,4.88,8.86,-21.27
340,90,5.04,9.29,-20.76
340,90,5.2,9.03,-22.39
340,90,5.36,8.78,-22.02
340,90,5.52,8.282,-22
340,90,5.68,8.81,-22.56
340,90,5.84,7.778,-23.67
340,90,6,8.23,-23.31
340,90,6.16,8.69,-23.35
340,90,6.32,7.732,-25.76
340,90,6.48,7.304,-26.78
340,90,6.64,6.962,-27.43
340,90,6.8,6.88,-26.62
340,90,6.96,7.068,-27.26
340,90,7.12,6.444,-28.15
340,90,7.28,5.838,-28.54
340,90,7.44,5.624,-28.71
340,90,7.6,4.99,-28.41
340,90,7.76,5.272,-29.95
340,90,7.92,4.258,-30.37
340,90,8.08,4.904,-29.9
340,90,8.24,3.988,-31.12
340,90,8.4,3.63,-31.75
340,90,8.56,2.94800000000001,-33.33
340,90,8.72,2.162,-35.14
340,90,8.88,1.072,-36.07
340,90,9.04,2.346,-35.44
340,90,9.2,1.26,-37.6
340,90,9.36,1.136,-36.93
340,90,9.52,-0.512,-38.89
340,90,9.68,-0.509999999999998,-39.4
340,90,9.84,-0.395999999999994,-39.51
340,90,10,-1.4,-40.47
340,90,10.16,0.231999999999999,-39.41
340,90,10.32,-1.652,-41.28
340,90,10.48,-1.828,-41.36
340,90,10.64,-0.847999999999999,-40.86
340,90,10.8,-4.15,-44.42
340,90,10.96,-0.975999999999999,-40.96
340,90,11.12,-4.196,-44.44
340,90,11.28,-2.17599999999999,-42.62
340,90,11.44,-4.072,-44.82
340,90,11.6,-4.97000000000001,-45.84
340,90,11.76,-1.684,-42.8
340,90,11.92,-2.46400000000001,-43.59
340,90,12.08,-1.49999999999999,-43.69
340,90,12.24,-1.204,-43.46
340,90,12.4,-0.390000000000001,-43.05
340,90,12.56,-0.609999999999992,-44.68
340,90,12.72,1.27600000000001,-43.28
340,90,12.88,1.16399999999999,-44.04
340,90,13.04,0.0519999999999925,-46.45
340,90,13.2,1.67,-45.11
340,90,13.36,0.236000000000011,-45.98
340,90,13.52,0.328000000000003,-45.68
340,90,13.68,-0.0799999999999912,-46.76
340,90,13.84,-3.138,-50.62
340,90,14,-3.06,-50.91
340,90,14.16,-3.316,-51.54
340,90,14.32,-6.456,-55.41
340,90,14.48,-9.40399999999999,-61.23
340,90,14.64,-11.014,-60.47
340,90,14.8,-23.71,-71.72
340,90,14.96,-18.362,-65.49
340,90,15.12,-18.04,-64.47
340,90,15.28,-8.27,-54.82
340,90,15.44,-8.156,-54.47
340,90,15.6,-6.82,-53.45
340,90,15.76,-3.178,-50.37
340,90,15.92,-2.402,-49.58
340,90,16.08,-0.552,-48.01
340,90,16.24,0.785999999999987,-47.34
340,90,16.4,0.440000000000005,-49.37
340,90,16.56,1.63200000000001,-47.3
340,90,16.72,1.132,-48.35
340,90,16.88,2.08600000000001,-48.38
340,90,17.04,3.04399999999999,-48.21
340,90,17.2,3.05,-49.38
340,90,17.36,3.144,-49.5
340,90,17.52,5.014,-47.52
340,90,17.68,3.59800000000001,-49.48
340,90,17.84,4.23200000000001,-48.68
340,90,18,4.71,-48.1
341,90,2,7.03,-14.76
341,90,2.16,8.012,-15.4
341,90,2.32,7.734,-17.92
341,90,2.48,7.166,-20.08
341,90,2.64,7.522,-21.19
341,90,2.8,7.43,-19.63
341,90,2.96,8.992,-19.32
341,90,3.12,8.784,-19.45
341,90,3.28,7.798,-22.22
341,90,3.44,9.378,-19.27
341,90,3.6,8.29,-19.16
341,90,3.76,8.156,-21.33
341,90,3.92,9.038,-18.51
341,90,4.08,9.678,-17.99
341,90,4.24,8.64400000000001,-20.38
341,90,4.4,8.9,-20.91
341,90,4.56,9.404,-20.41
341,90,4.72,9.40600000000001,-20.58
341,90,4.88,9.22,-20.91
341,90,5.04,9.69,-20.36
341,90,5.2,9.39,-22.03
341,90,5.36,9.2,-21.6
341,90,5.52,8.872,-21.41
341,90,5.68,9.16,-22.21
341,90,5.84,8.338,-23.11
341,90,6,8.72,-22.82
341,90,6.16,9.19,-22.85
341,90,6.32,8.402,-25.09
341,90,6.48,8.004,-26.08
341,90,6.64,7.552,-26.84
341,90,6.8,7.64,-25.86
341,90,6.96,7.768,-26.56
341,90,7.12,7.284,-27.31
341,90,7.28,6.578,-27.8
341,90,7.44,6.534,-27.8
341,90,7.6,5.94,-27.46
341,90,7.76,6.062,-29.16
341,90,7.92,5.488,-29.14
341,90,8.08,5.784,-29.02
341,90,8.24,5.288,-29.82
341,90,8.4,4.53,-30.85
341,90,8.56,4.358,-31.92
341,90,8.72,3.422,-33.88
341,90,8.88,2.452,-34.69
341,90,9.04,3.526,-34.26
341,90,9.2,2.53,-36.33
341,90,9.36,2.636,-35.43
341,90,9.52,0.768000000000001,-37.61
341,90,9.68,1.22,-37.67
341,90,9.84,0.824000000000005,-38.29
341,90,10,0.0499999999999972,-39.02
341,90,10.16,1.47199999999999,-38.17
341,90,10.32,-0.212000000000003,-39.84
341,90,10.48,-0.238,-39.77
341,90,10.64,-0.0279999999999987,-40.04
341,90,10.8,-2.36,-42.63
341,90,10.96,0.224000000000004,-39.76
341,90,11.12,-2.236,-42.48
341,90,11.28,-0.655999999999999,-41.1
341,90,11.44,-2.992,-43.74
341,90,11.6,-2.82,-43.69
341,90,11.76,-1.424,-42.54
341,90,11.92,-0.664000000000001,-41.79
341,90,12.08,-0.399999999999999,-42.59
341,90,12.24,-0.00399999999999778,-42.26
341,90,12.4,0.859999999999999,-41.8
341,90,12.56,0.120000000000005,-43.95
341,90,12.72,2.56600000000001,-41.99
341,90,12.88,2.124,-43.08
341,90,13.04,1.132,-45.37
341,90,13.2,2.36,-44.42
341,90,13.36,1.46600000000001,-44.75
341,90,13.52,1.508,-44.5
341,90,13.68,0.620000000000005,-46.06
341,90,13.84,-1.818,-49.3
341,90,14,-2.05,-49.9
341,90,14.16,-2.07599999999999,-50.3
341,90,14.32,-4.096,-53.05
341,90,14.48,-7.45399999999999,-59.28
341,90,14.64,-8.03400000000001,-57.49
341,90,14.8,-23.02,-71.03
341,90,14.96,-15.842,-62.97
341,90,15.12,-24.29,-70.72
341,90,15.28,-8.66,-55.21
341,90,15.44,-9.156,-55.47
341,90,15.6,-6.98999999999999,-53.62
341,90,15.76,-3.598,-50.79
341,90,15.92,-1.432,-48.61
341,90,16.08,0.647999999999996,-46.81
341,90,16.24,1.29599999999999,-46.83
341,90,16.4,1.66,-48.15
341,90,16.56,2.41200000000001,-46.52
341,90,16.72,3.392,-46.09
341,90,16.88,3.51600000000001,-46.95
341,90,17.04,4.21399999999999,-47.04
341,90,17.2,4.18,-48.25
341,90,17.36,4.294,-48.35
341,90,17.52,5.714,-46.82
341,90,17.68,4.678,-48.4
341,90,17.84,5.65200000000001,-47.26
341,90,18,5.94,-46.87
342,90,2,7.1,-14.69
342,90,2.16,8.192,-15.22
342,90,2.32,7.814,-17.84
342,90,2.48,7.426,-19.82
342,90,2.64,7.702,-21.01
342,90,2.8,7.68,-19.38
342,90,2.96,9.122,-19.19
342,90,3.12,8.924,-19.31
342,90,3.28,8.098,-21.92
342,90,3.44,9.498,-19.15
342,90,3.6,8.55,-18.9
342,90,3.76,8.296,-21.19
342,90,3.92,9.328,-18.22
342,90,4.08,9.868,-17.8
342,90,4.24,8.904,-20.12
342,90,4.4,9.27,-20.54
342,90,4.56,9.654,-20.16
342,90,4.72,9.736,-20.25
342,90,4.88,9.58,-20.55
342,90,5.04,10.02,-20.03
342,90,5.2,9.73,-21.69
342,90,5.36,9.57,-21.23
342,90,5.52,9.412,-20.87
342,90,5.68,9.45,-21.92
342,90,5.84,8.918,-22.53
342,90,6,9.21,-22.33
342,90,6.16,9.62,-22.42
342,90,6.32,9.032,-24.46
342,90,6.48,8.564,-25.52
342,90,6.64,8.172,-26.22
342,90,6.8,8.34,-25.16
342,90,6.96,8.428,-25.9
342,90,7.12,8.034,-26.56
342,90,7.28,7.348,-27.03
342,90,7.44,7.434,-26.9
342,90,7.6,6.78,-26.62
342,90,7.76,6.792,-28.43
342,90,7.92,6.568,-28.06
342,90,8.08,6.604,-28.2
342,90,8.24,6.388,-28.72
342,90,8.4,5.49,-29.89
342,90,8.56,5.54800000000001,-30.73
342,90,8.72,4.522,-32.78
342,90,8.88,4.092,-33.05
342,90,9.04,4.666,-33.12
342,90,9.2,3.94,-34.92
342,90,9.36,4.106,-33.96
342,90,9.52,2.208,-36.17
342,90,9.68,2.64,-36.25
342,90,9.84,2.31400000000001,-36.8
342,90,10,1.56,-37.51
342,90,10.16,2.58199999999999,-37.06
342,90,10.32,1.118,-38.51
342,90,10.48,1.352,-38.18
342,90,10.64,1.242,-38.77
342,90,10.8,-0.399999999999999,-40.67
342,90,10.96,0.994,-38.99
342,90,11.12,-0.386000000000003,-40.63
342,90,11.28,0.484000000000002,-39.96
342,90,11.44,-1.452,-42.2
342,90,11.6,-1.24,-42.11
342,90,11.76,-1.124,-42.24
342,90,11.92,0.835999999999999,-40.29
342,90,12.08,0.420000000000002,-41.77
342,90,12.24,1.066,-41.19
342,90,12.4,1.83,-40.83
342,90,12.56,1.3,-42.77
342,90,12.72,3.71600000000001,-40.84
342,90,12.88,3.28399999999999,-41.92
342,90,13.04,2.132,-44.37
342,90,13.2,3.22,-43.56
342,90,13.36,3.20600000000001,-43.01
342,90,13.52,2.298,-43.71
342,90,13.68,1.84,-44.84
342,90,13.84,-0.218000000000004,-47.7
342,90,14,-1.16,-49.01
342,90,14.16,-0.505999999999993,-48.73
342,90,14.32,-3.36600000000001,-52.32
342,90,14.48,-6.444,-58.27
342,90,14.64,-7.24400000000001,-56.7
342,90,14.8,-15.9,-63.91
342,90,14.96,-10.752,-57.88
342,90,15.12,-18.67,-65.1
342,90,15.28,-8.86,-55.41
342,90,15.44,-7.946,-54.26
342,90,15.6,-6.73,-53.36
342,90,15.76,-3.078,-50.27
342,90,15.92,-1.232,-48.41
342,90,16.08,1.558,-45.9
342,90,16.24,1.82599999999999,-46.3
342,90,16.4,3.06,-46.75
342,90,16.56,3.65200000000001,-45.28
342,90,16.72,4.642,-44.84
342,90,16.88,4.41600000000001,-46.05
342,90,17.04,5.75399999999999,-45.5
342,90,17.2,5.93,-46.5
342,90,17.36,5.744,-46.9
342,90,17.52,6.704,-45.83
342,90,17.68,5.968,-47.11
342,90,17.84,6.392,-46.52
342,90,18,7.26000000000001,-45.55
343,90,2,7.16,-14.63
343,90,2.16,8.352,-15.06
343,90,2.32,7.904,-17.75
343,90,2.48,7.656,-19.59
343,90,2.64,7.842,-20.87
343,90,2.8,7.94,-19.12
343,90,2.96,9.252,-19.06
343,90,3.12,9.074,-19.16
343,90,3.28,8.398,-21.62
343,90,3.44,9.578,-19.07
343,90,3.6,8.86,-18.59
343,90,3.76,8.426,-21.06
343,90,3.92,9.578,-17.97
343,90,4.08,10.038,-17.63
343,90,4.24,9.134,-19.89
343,90,4.4,9.61,-20.2
343,90,4.56,9.894,-19.92
343,90,4.72,10.026,-19.96
343,90,4.88,9.94,-20.19
343,90,5.04,10.37,-19.68
343,90,5.2,10.11,-21.31
343,90,5.36,9.89,-20.91
343,90,5.52,9.922,-20.36
343,90,5.68,9.8,-21.57
343,90,5.84,9.458,-21.99
343,90,6,9.63,-21.91
343,90,6.16,10.04,-22
343,90,6.32,9.622,-23.87
343,90,6.48,9.094,-24.99
343,90,6.64,8.772,-25.62
343,90,6.8,8.97,-24.53
343,90,6.96,9.088,-25.24
343,90,7.12,8.834,-25.76
343,90,7.28,8.188,-26.19
343,90,7.44,8.274,-26.06
343,90,7.6,7.62,-25.78
343,90,7.76,7.662,-27.56
343,90,7.92,7.488,-27.14
343,90,8.08,7.464,-27.34
343,90,8.24,7.318,-27.79
343,90,8.4,6.53,-28.85
343,90,8.56,6.70800000000001,-29.57
343,90,8.72,5.612,-31.69
343,90,8.88,5.392,-31.75
343,90,9.04,5.626,-32.16
343,90,9.2,5.3,-33.56
343,90,9.36,5.416,-32.65
343,90,9.52,3.708,-34.67
343,90,9.68,4.08,-34.81
343,90,9.84,3.81400000000001,-35.3
343,90,10,3.07,-36
343,90,10.16,3.842,-35.8
343,90,10.32,2.538,-37.09
343,90,10.48,2.762,-36.77
343,90,10.64,2.642,-37.37
343,90,10.8,1.55,-38.72
343,90,10.96,2.164,-37.82
343,90,11.12,1.684,-38.56
343,90,11.28,1.684,-38.76
343,90,11.44,0.698000000000008,-40.05
343,90,11.6,-0.0200000000000031,-40.89
343,90,11.76,0.146000000000001,-40.97
343,90,11.92,1.78599999999999,-39.34
343,90,12.08,1.25000000000001,-40.94
343,90,12.24,2.106,-40.15
343,90,12.4,2.45,-40.21
343,90,12.56,2.09000000000001,-41.98
343,90,12.72,4.10600000000001,-40.45
343,90,12.88,3.874,-41.33
343,90,13.04,3.392,-43.11
343,90,13.2,4.03,-42.75
343,90,13.36,3.81600000000001,-42.4
343,90,13.52,3.63800000000001,-42.37
343,90,13.68,2.65000000000001,-44.03
343,90,13.84,1.232,-46.25
343,90,14,-0.280000000000001,-48.13
343,90,14.16,1.35400000000001,-46.87
343,90,14.32,-2.85600000000001,-51.81
343,90,14.48,-3.25399999999999,-55.08
343,90,14.64,-6.00400000000001,-55.46
343,90,14.8,-9.06,-57.07
343,90,14.96,-7.812,-54.94
343,90,15.12,-9.62,-56.05
343,90,15.28,-6.1,-52.65
343,90,15.44,-4.986,-51.3
343,90,15.6,-4.16,-50.79
343,90,15.76,-1.908,-49.1
343,90,15.92,0.238,-46.94
343,90,16.08,2.318,-45.14
343,90,16.24,2.85599999999999,-45.27
343,90,16.4,3.99,-45.82
343,90,16.56,4.59200000000001,-44.34
343,90,16.72,6.102,-43.38
343,90,16.88,5.60600000000001,-44.86
343,90,17.04,7.55399999999999,-43.7
343,90,17.2,6.81,-45.62
343,90,17.36,6.584,-46.06
343,90,17.52,7.534,-45
343,90,17.68,7.488,-45.59
343,90,17.84,7.922,-44.99
343,90,18,8.59,-44.22
344,90,2,7.26,-14.53
344,90,2.16,8.502,-14.91
344,90,2.32,7.984,-17.67
344,90,2.48,7.856,-19.39
344,90,2.64,7.982,-20.73
344,90,2.8,8.18,-18.88
344,90,2.96,9.382,-18.93
344,90,3.12,9.194,-19.04
344,90,3.28,8.708,-21.31
344,90,3.44,9.638,-19.01
344,90,3.6,9.12,-18.33
344,90,3.76,8.556,-20.93
344,90,3.92,9.848,-17.7
344,90,4.08,10.198,-17.47
344,90,4.24,9.37400000000001,-19.65
344,90,4.4,9.93,-19.88
344,90,4.56,10.124,-19.69
344,90,4.72,10.306,-19.68
344,90,4.88,10.31,-19.82
344,90,5.04,10.73,-19.32
344,90,5.2,10.48,-20.94
344,90,5.36,10.21,-20.59
344,90,5.52,10.362,-19.92
344,90,5.68,10.15,-21.22
344,90,5.84,9.978,-21.47
344,90,6,10.08,-21.46
344,90,6.16,10.47,-21.57
344,90,6.32,10.152,-23.34
344,90,6.48,9.614,-24.47
344,90,6.64,9.392,-25
344,90,6.8,9.58,-23.92
344,90,6.96,9.738,-24.59
344,90,7.12,9.504,-25.09
344,90,7.28,8.948,-25.43
344,90,7.44,8.964,-25.37
344,90,7.6,8.46,-24.94
344,90,7.76,8.552,-26.67
344,90,7.92,8.348,-26.28
344,90,8.08,8.414,-26.39
344,90,8.24,8.198,-26.91
344,90,8.4,7.58,-27.8
344,90,8.56,7.838,-28.44
344,90,8.72,6.692,-30.61
344,90,8.88,6.672,-30.47
344,90,9.04,6.75599999999999,-31.03
344,90,9.2,6.77,-32.09
344,90,9.36,6.356,-31.71
344,90,9.52,5.248,-33.13
344,90,9.68,5.32,-33.57
344,90,9.84,5.224,-33.89
344,90,10,4.45,-34.62
344,90,10.16,5.062,-34.58
344,90,10.32,4.048,-35.58
344,90,10.48,4.13200000000001,-35.4
344,90,10.64,4.012,-36
344,90,10.8,3.26000000000001,-37.01
344,90,10.96,3.32400000000001,-36.66
344,90,11.12,3.224,-37.02
344,90,11.28,2.914,-37.53
344,90,11.44,2.37800000000001,-38.37
344,90,11.6,1.62,-39.25
344,90,11.76,1.376,-39.74
344,90,11.92,3.076,-38.05
344,90,12.08,2.13,-40.06
344,90,12.24,3.426,-38.83
344,90,12.4,3.27,-39.39
344,90,12.56,3.16000000000001,-40.91
344,90,12.72,4.91600000000001,-39.64
344,90,12.88,4.694,-40.51
344,90,13.04,4.212,-42.29
344,90,13.2,5.02,-41.76
344,90,13.36,4.97600000000001,-41.24
344,90,13.52,4.438,-41.57
344,90,13.68,4.02000000000001,-42.66
344,90,13.84,2.782,-44.7
344,90,14,1.03,-46.82
344,90,14.16,2.914,-45.31
344,90,14.32,-0.996000000000009,-49.95
344,90,14.48,-2.63399999999999,-54.46
344,90,14.64,-4.74400000000001,-54.2
344,90,14.8,-6.67,-54.68
344,90,14.96,-5.022,-52.15
344,90,15.12,-7.59,-54.02
344,90,15.28,-3.7,-50.25
344,90,15.44,-2.716,-49.03
344,90,15.6,-1.4,-48.03
344,90,15.76,-0.857999999999997,-48.05
344,90,15.92,1.488,-45.69
344,90,16.08,2.878,-44.58
344,90,16.24,4.41599999999999,-43.71
344,90,16.4,5.24,-44.57
344,90,16.56,5.82200000000001,-43.11
344,90,16.72,7.232,-42.25
344,90,16.88,6.75600000000001,-43.71
344,90,17.04,8.50399999999999,-42.75
344,90,17.2,8.02,-44.41
344,90,17.36,8.184,-44.46
344,90,17.52,9.264,-43.27
344,90,17.68,8.928,-44.15
344,90,17.84,8.93200000000001,-43.98
344,90,18,9.75,-43.06
345,90,2,7.31,-14.48
345,90,2.16,8.622,-14.79
345,90,2.32,8.074,-17.58
345,90,2.48,8.046,-19.2
345,90,2.64,8.102,-20.61
345,90,2.8,8.42,-18.64
345,90,2.96,9.492,-18.82
345,90,3.12,9.314,-18.92
345,90,3.28,8.998,-21.02
345,90,3.44,9.678,-18.97
345,90,3.6,9.36,-18.09
345,90,3.76,8.676,-20.81
345,90,3.92,10.068,-17.48
345,90,4.08,10.358,-17.31
345,90,4.24,9.614,-19.41
345,90,4.4,10.24,-19.57
345,90,4.56,10.364,-19.45
345,90,4.72,10.546,-19.44
345,90,4.88,10.63,-19.5
345,90,5.04,11.04,-19.01
345,90,5.2,10.86,-20.56
345,90,5.36,10.51,-20.29
345,90,5.52,10.722,-19.56
345,90,5.68,10.52,-20.85
345,90,5.84,10.468,-20.98
345,90,6,10.49,-21.05
345,90,6.16,10.93,-21.11
345,90,6.32,10.622,-22.87
345,90,6.48,10.164,-23.92
345,90,6.64,9.972,-24.42
345,90,6.8,10.15,-23.35
345,90,6.96,10.348,-23.98
345,90,7.12,10.114,-24.48
345,90,7.28,9.628,-24.75
345,90,7.44,9.674,-24.66
345,90,7.6,9.19,-24.21
345,90,7.76,9.382,-25.84
345,90,7.92,9.108,-25.52
345,90,8.08,9.314,-25.49
345,90,8.24,9.048,-26.06
345,90,8.4,8.56,-26.82
345,90,8.56,8.84800000000001,-27.43
345,90,8.72,7.782,-29.52
345,90,8.88,7.782,-29.36
345,90,9.04,7.83599999999999,-29.95
345,90,9.2,7.85,-31.01
345,90,9.36,7.426,-30.64
345,90,9.52,6.398,-31.98
345,90,9.68,6.56,-32.33
345,90,9.84,6.514,-32.6
345,90,10,5.84,-33.23
345,90,10.16,6.322,-33.32
345,90,10.32,5.528,-34.1
345,90,10.48,5.572,-33.96
345,90,10.64,5.352,-34.66
345,90,10.8,4.8,-35.47
345,90,10.96,4.814,-35.17
345,90,11.12,4.974,-35.27
345,90,11.28,4.344,-36.1
345,90,11.44,4.228,-36.52
345,90,11.6,3.22,-37.65
345,90,11.76,3.066,-38.05
345,90,11.92,4.256,-36.87
345,90,12.08,3.32000000000001,-38.87
345,90,12.24,4.446,-37.81
345,90,12.4,3.91999999999999,-38.74
345,90,12.56,4.28000000000001,-39.79
345,90,12.72,5.62600000000001,-38.93
345,90,12.88,5.874,-39.33
345,90,13.04,5.19199999999999,-41.31
345,90,13.2,5.87,-40.91
345,90,13.36,6.07600000000001,-40.14
345,90,13.52,5.198,-40.81
345,90,13.68,4.93000000000001,-41.75
345,90,13.84,3.992,-43.49
345,90,14,2.61,-45.24
345,90,14.16,3.42400000000001,-44.8
345,90,14.32,0.463999999999992,-48.49
345,90,14.48,-0.833999999999989,-52.66
345,90,14.64,-2.01400000000001,-51.47
345,90,14.8,-4.28,-52.29
345,90,14.96,-2.792,-49.92
345,90,15.12,-4.53,-50.96
345,90,15.28,-2.03,-48.58
345,90,15.44,-1.266,-47.58
345,90,15.6,0.470000000000006,-46.16
345,90,15.76,0.491999999999997,-46.7
345,90,15.92,3.208,-43.97
345,90,16.08,3.968,-43.49
345,90,16.24,5.84599999999999,-42.28
345,90,16.4,5.91,-43.9
345,90,16.56,7.32200000000001,-41.61
345,90,16.72,7.912,-41.57
345,90,16.88,8.45600000000001,-42.01
345,90,17.04,9.34399999999999,-41.91
345,90,17.2,9.17,-43.26
345,90,17.36,9.174,-43.47
345,90,17.52,10.344,-42.19
345,90,17.68,10.428,-42.65
345,90,17.84,10.552,-42.36
345,90,18,11.41,-41.4
346,90,2,7.39,-14.4
346,90,2.16,8.732,-14.68
346,90,2.32,8.164,-17.49
346,90,2.48,8.196,-19.05
346,90,2.64,8.202,-20.51
346,90,2.8,8.61,-18.45
346,90,2.96,9.602,-18.71
346,90,3.12,9.474,-18.76
346,90,3.28,9.258,-20.76
346,90,3.44,9.658,-18.99
346,90,3.6,9.54,-17.91
346,90,3.76,8.806,-20.68
346,90,3.92,10.258,-17.29
346,90,4.08,10.508,-17.16
346,90,4.24,9.80400000000001,-19.22
346,90,4.4,10.5,-19.31
346,90,4.56,10.554,-19.26
346,90,4.72,10.786,-19.2
346,90,4.88,10.88,-19.25
346,90,5.04,11.33,-18.72
346,90,5.2,11.14,-20.28
346,90,5.36,10.84,-19.96
346,90,5.52,11.032,-19.25
346,90,5.68,10.87,-20.5
346,90,5.84,10.828,-20.62
346,90,6,10.88,-20.66
346,90,6.16,11.32,-20.72
346,90,6.32,11.002,-22.49
346,90,6.48,10.654,-23.43
346,90,6.64,10.522,-23.87
346,90,6.8,10.7,-22.8
346,90,6.96,10.908,-23.42
346,90,7.12,10.744,-23.85
346,90,7.28,10.258,-24.12
346,90,7.44,10.334,-24
346,90,7.6,9.81,-23.59
346,90,7.76,10.072,-25.15
346,90,7.92,9.748,-24.88
346,90,8.08,10.054,-24.75
346,90,8.24,9.768,-25.34
346,90,8.4,9.41,-25.97
346,90,8.56,9.678,-26.6
346,90,8.72,8.682,-28.62
346,90,8.88,8.732,-28.41
346,90,9.04,8.816,-28.97
346,90,9.2,8.86,-30
346,90,9.36,8.576,-29.49
346,90,9.52,7.568,-30.81
346,90,9.68,7.79,-31.1
346,90,9.84,7.71400000000001,-31.4
346,90,10,7.07,-32
346,90,10.16,7.44199999999999,-32.2
346,90,10.32,6.748,-32.88
346,90,10.48,6.812,-32.72
346,90,10.64,6.772,-33.24
346,90,10.8,6.37,-33.9
346,90,10.96,6.304,-33.68
346,90,11.12,6.364,-33.88
346,90,11.28,5.834,-34.61
346,90,11.44,5.868,-34.88
346,90,11.6,4.86,-36.01
346,90,11.76,4.836,-36.28
346,90,11.92,5.53599999999999,-35.59
346,90,12.08,4.51000000000001,-37.68
346,90,12.24,5.506,-36.75
346,90,12.4,4.95999999999999,-37.7
346,90,12.56,5.39000000000001,-38.68
346,90,12.72,6.26600000000001,-38.29
346,90,12.88,6.77399999999999,-38.43
346,90,13.04,5.86199999999999,-40.64
346,90,13.2,6.8,-39.98
346,90,13.36,6.98600000000001,-39.23
346,90,13.52,6.148,-39.86
346,90,13.68,6.3,-40.38
346,90,13.84,5.152,-42.33
346,90,14,4.12,-43.73
346,90,14.16,4.754,-43.47
346,90,14.32,1.764,-47.19
346,90,14.48,0.586000000000006,-51.24
346,90,14.64,-0.364000000000011,-49.82
346,90,14.8,-1.92,-49.93
346,90,14.96,-1.112,-48.24
346,90,15.12,-2.72,-49.15
346,90,15.28,-1.24,-47.79
346,90,15.44,0.984000000000002,-45.33
346,90,15.6,1.97000000000001,-44.66
346,90,15.76,2.312,-44.88
346,90,15.92,4.238,-42.94
346,90,16.08,5.248,-42.21
346,90,16.24,6.97599999999999,-41.15
346,90,16.4,6.76000000000001,-43.05
346,90,16.56,8.42200000000001,-40.51
346,90,16.72,8.582,-40.9
346,90,16.88,9.42600000000001,-41.04
346,90,17.04,10.224,-41.03
346,90,17.2,10.28,-42.15
346,90,17.36,10.224,-42.42
346,90,17.52,11.094,-41.44
346,90,17.68,11.508,-41.57
346,90,17.84,11.402,-41.51
346,90,18,12.53,-40.28
347,90,2,7.48,-14.31
347,90,2.16,8.822,-14.59
347,90,2.32,8.244,-17.41
347,90,2.48,8.386,-18.86
347,90,2.64,8.322,-20.39
347,90,2.8,8.77,-18.29
347,90,2.96,9.692,-18.62
347,90,3.12,9.584,-18.65
347,90,3.28,9.468,-20.55
347,90,3.44,9.718,-18.93
347,90,3.6,9.71,-17.74
347,90,3.76,8.926,-20.56
347,90,3.92,10.468,-17.08
347,90,4.08,10.648,-17.02
347,90,4.24,10.014,-19.01
347,90,4.4,10.75,-19.06
347,90,4.56,10.744,-19.07
347,90,4.72,11.036,-18.95
347,90,4.88,11.12,-19.01
347,90,5.04,11.64,-18.41
347,90,5.2,11.42,-20
347,90,5.36,11.19,-19.61
347,90,5.52,11.352,-18.93
347,90,5.68,11.18,-20.19
347,90,5.84,11.148,-20.3
347,90,6,11.23,-20.31
347,90,6.16,11.72,-20.32
347,90,6.32,11.352,-22.14
347,90,6.48,11.074,-23.01
347,90,6.64,10.992,-23.4
347,90,6.8,11.23,-22.27
347,90,6.96,11.388,-22.94
347,90,7.12,11.274,-23.32
347,90,7.28,10.888,-23.49
347,90,7.44,11.044,-23.29
347,90,7.6,10.49,-22.91
347,90,7.76,10.652,-24.57
347,90,7.92,10.518,-24.11
347,90,8.08,10.774,-24.03
347,90,8.24,10.458,-24.65
347,90,8.4,10.37,-25.01
347,90,8.56,10.418,-25.86
347,90,8.72,9.592,-27.71
347,90,8.88,9.742,-27.4
347,90,9.04,9.78599999999999,-28
347,90,9.2,9.75,-29.11
347,90,9.36,9.726,-28.34
347,90,9.52,8.698,-29.68
347,90,9.68,8.9,-29.99
347,90,9.84,8.614,-30.5
347,90,10,8.33,-30.74
347,90,10.16,8.502,-31.14
347,90,10.32,8.198,-31.43
347,90,10.48,8.102,-31.43
347,90,10.64,8.032,-31.98
347,90,10.8,7.76000000000001,-32.51
347,90,10.96,7.634,-32.35
347,90,11.12,7.714,-32.53
347,90,11.28,7.294,-33.15
347,90,11.44,7.30800000000001,-33.44
347,90,11.6,6.46,-34.41
347,90,11.76,6.556,-34.56
347,90,11.92,6.726,-34.4
347,90,12.08,5.93000000000001,-36.26
347,90,12.24,6.766,-35.49
347,90,12.4,6.23999999999999,-36.42
347,90,12.56,6.28000000000001,-37.79
347,90,12.72,7.03600000000001,-37.52
347,90,12.88,7.694,-37.51
347,90,13.04,7.032,-39.47
347,90,13.2,7.74,-39.04
347,90,13.36,7.82600000000001,-38.39
347,90,13.52,7.27800000000001,-38.73
347,90,13.68,7.27000000000001,-39.41
347,90,13.84,6.252,-41.23
347,90,14,5.85,-42
347,90,14.16,6.124,-42.1
347,90,14.32,4.36399999999999,-44.59
347,90,14.48,2.36600000000001,-49.46
347,90,14.64,1.93599999999999,-47.52
347,90,14.8,0.0599999999999952,-47.95
347,90,14.96,0.728000000000002,-46.4
347,90,15.12,0.219999999999999,-46.21
347,90,15.28,-0.230000000000004,-46.78
347,90,15.44,2.574,-43.74
347,90,15.6,2.67,-43.96
347,90,15.76,3.772,-43.42
347,90,15.92,5.148,-42.03
347,90,16.08,6.378,-41.08
347,90,16.24,7.90599999999999,-40.22
347,90,16.4,7.65000000000001,-42.16
347,90,16.56,9.33200000000001,-39.6
347,90,16.72,9.122,-40.36
347,90,16.88,9.89600000000001,-40.57
347,90,17.04,11.204,-40.05
347,90,17.2,11.04,-41.39
347,90,17.36,11.164,-41.48
347,90,17.52,12.124,-40.41
347,90,17.68,12.388,-40.69
347,90,17.84,12.702,-40.21
347,90,18,13.56,-39.25
348,90,2,7.57,-14.22
348,90,2.16,8.922,-14.49
348,90,2.32,8.334,-17.32
348,90,2.48,8.536,-18.71
348,90,2.64,8.412,-20.3
348,90,2.8,8.91,-18.15
348,90,2.96,9.772,-18.54
348,90,3.12,9.674,-18.56
348,90,3.28,9.638,-20.38
348,90,3.44,9.808,-18.84
348,90,3.6,9.84,-17.61
348,90,3.76,9.056,-20.43
348,90,3.92,10.638,-16.91
348,90,4.08,10.768,-16.9
348,90,4.24,10.184,-18.84
348,90,4.4,10.95,-18.86
348,90,4.56,10.934,-18.88
348,90,4.72,11.266,-18.72
348,90,4.88,11.32,-18.81
348,90,5.04,11.92,-18.13
348,90,5.2,11.62,-19.8
348,90,5.36,11.55,-19.25
348,90,5.52,11.692,-18.59
348,90,5.68,11.5,-19.87
348,90,5.84,11.458,-19.99
348,90,6,11.6,-19.94
348,90,6.16,12.05,-19.99
348,90,6.32,11.692,-21.8
348,90,6.48,11.484,-22.6
348,90,6.64,11.412,-22.98
348,90,6.8,11.71,-21.79
348,90,6.96,11.828,-22.5
348,90,7.12,11.754,-22.84
348,90,7.28,11.428,-22.95
348,90,7.44,11.634,-22.7
348,90,7.6,11.08,-22.32
348,90,7.76,11.222,-24
348,90,7.92,11.128,-23.5
348,90,8.08,11.474,-23.33
348,90,8.24,11.178,-23.93
348,90,8.4,11.17,-24.21
348,90,8.56,11.128,-25.15
348,90,8.72,10.462,-26.84
348,90,8.88,10.702,-26.44
348,90,9.04,10.676,-27.11
348,90,9.2,10.66,-28.2
348,90,9.36,10.666,-27.4
348,90,9.52,9.628,-28.75
348,90,9.68,10.06,-28.83
348,90,9.84,9.55400000000001,-29.56
348,90,10,9.53,-29.54
348,90,10.16,9.402,-30.24
348,90,10.32,9.338,-30.29
348,90,10.48,9.272,-30.26
348,90,10.64,9.362,-30.65
348,90,10.8,9.01,-31.26
348,90,10.96,8.944,-31.04
348,90,11.12,9.014,-31.23
348,90,11.28,8.664,-31.78
348,90,11.44,8.768,-31.98
348,90,11.6,8.02999999999999,-32.84
348,90,11.76,8.066,-33.05
348,90,11.92,8.046,-33.08
348,90,12.08,7.63,-34.56
348,90,12.24,7.956,-34.3
348,90,12.4,7.62,-35.04
348,90,12.56,7.46000000000001,-36.61
348,90,12.72,8.02600000000001,-36.53
348,90,12.88,8.71399999999999,-36.49
348,90,13.04,7.98199999999999,-38.52
348,90,13.2,8.85,-37.93
348,90,13.36,8.66600000000001,-37.55
348,90,13.52,8.538,-37.47
348,90,13.68,8.57000000000001,-38.11
348,90,13.84,7.382,-40.1
348,90,14,7.13,-40.72
348,90,14.16,7.28400000000001,-40.94
348,90,14.32,5.99399999999999,-42.96
348,90,14.48,3.89600000000001,-47.93
348,90,14.64,3.71599999999999,-45.74
348,90,14.8,2.69,-45.32
348,90,14.96,2.678,-44.45
348,90,15.12,1.96,-44.47
348,90,15.28,1.68,-44.87
348,90,15.44,3.784,-42.53
348,90,15.6,3.99,-42.64
348,90,15.76,5.252,-41.94
348,90,15.92,6.038,-41.14
348,90,16.08,7.448,-40.01
348,90,16.24,8.43599999999999,-39.69
348,90,16.4,8.34,-41.47
348,90,16.56,9.69200000000001,-39.24
348,90,16.72,9.642,-39.84
348,90,16.88,10.606,-39.86
348,90,17.04,11.594,-39.66
348,90,17.2,11.96,-40.47
348,90,17.36,12.144,-40.5
348,90,17.52,12.914,-39.62
348,90,17.68,13.358,-39.72
348,90,17.84,13.562,-39.35
348,90,18,14.15,-38.66
349,90,2,7.67,-14.12
349,90,2.16,8.972,-14.44
349,90,2.32,8.424,-17.23
349,90,2.48,8.686,-18.56
349,90,2.64,8.492,-20.22
349,90,2.8,9.02,-18.04
349,90,2.96,9.832,-18.48
349,90,3.12,9.784,-18.45
349,90,3.28,9.738,-20.28
349,90,3.44,9.938,-18.71
349,90,3.6,9.95,-17.5
349,90,3.76,9.156,-20.33
349,90,3.92,10.798,-16.75
349,90,4.08,10.888,-16.78
349,90,4.24,10.454,-18.57
349,90,4.4,11.15,-18.66
349,90,4.56,11.114,-18.7
349,90,4.72,11.526,-18.46
349,90,4.88,11.53,-18.6
349,90,5.04,12.18,-17.87
349,90,5.2,11.82,-19.6
349,90,5.36,11.83,-18.97
349,90,5.52,11.992,-18.29
349,90,5.68,11.79,-19.58
349,90,5.84,11.858,-19.59
349,90,6,11.96,-19.58
349,90,6.16,12.37,-19.67
349,90,6.32,12.022,-21.47
349,90,6.48,11.964,-22.12
349,90,6.64,11.842,-22.55
349,90,6.8,12.17,-21.33
349,90,6.96,12.218,-22.11
349,90,7.12,12.204,-22.39
349,90,7.28,11.948,-22.43
349,90,7.44,12.094,-22.24
349,90,7.6,11.63,-21.77
349,90,7.76,11.852,-23.37
349,90,7.92,11.688,-22.94
349,90,8.08,12.074,-22.73
349,90,8.24,11.818,-23.29
349,90,8.4,11.85,-23.53
349,90,8.56,11.728,-24.55
349,90,8.72,11.362,-25.94
349,90,8.88,11.502,-25.64
349,90,9.04,11.466,-26.32
349,90,9.2,11.57,-27.29
349,90,9.36,11.616,-26.45
349,90,9.52,10.628,-27.75
349,90,9.68,11.08,-27.81
349,90,9.84,10.544,-28.57
349,90,10,10.66,-28.41
349,90,10.16,10.422,-29.22
349,90,10.32,10.468,-29.16
349,90,10.48,10.382,-29.15
349,90,10.64,10.472,-29.54
349,90,10.8,10.15,-30.12
349,90,10.96,10.194,-29.79
349,90,11.12,10.334,-29.91
349,90,11.28,9.874,-30.57
349,90,11.44,10.028,-30.72
349,90,11.6,9.25,-31.62
349,90,11.76,9.416,-31.7
349,90,11.92,9.326,-31.8
349,90,12.08,9.06,-33.13
349,90,12.24,9.176,-33.08
349,90,12.4,8.98999999999999,-33.67
349,90,12.56,8.64000000000001,-35.43
349,90,12.72,9.12600000000001,-35.43
349,90,12.88,9.93399999999999,-35.27
349,90,13.04,8.94199999999999,-37.56
349,90,13.2,9.94,-36.84
349,90,13.36,9.71600000000001,-36.5
349,90,13.52,9.698,-36.31
349,90,13.68,9.74000000000001,-36.94
349,90,13.84,8.852,-38.63
349,90,14,8.72,-39.13
349,90,14.16,8.654,-39.57
349,90,14.32,7.74399999999999,-41.21
349,90,14.48,6.056,-45.77
349,90,14.64,6.10599999999999,-43.35
349,90,14.8,4.78,-43.23
349,90,14.96,4.728,-42.4
349,90,15.12,4.76,-41.67
349,90,15.28,3.32,-43.23
349,90,15.44,5.414,-40.9
349,90,15.6,4.95,-41.68
349,90,15.76,6.322,-40.87
349,90,15.92,6.718,-40.46
349,90,16.08,8.228,-39.23
349,90,16.24,9.14599999999999,-38.98
349,90,16.4,9,-40.81
349,90,16.56,10.242,-38.69
349,90,16.72,10.102,-39.38
349,90,16.88,10.966,-39.5
349,90,17.04,12.134,-39.12
349,90,17.2,12.38,-40.05
349,90,17.36,12.414,-40.23
349,90,17.52,13.504,-39.03
349,90,17.68,13.758,-39.32
349,90,17.84,14.002,-38.91
349,90,18,14.84,-37.97
350,90,2,7.79,-14
350,90,2.16,9.042,-14.37
350,90,2.32,8.494,-17.16
350,90,2.48,8.806,-18.44
350,90,2.64,8.582,-20.13
350,90,2.8,9.12,-17.94
350,90,2.96,9.912,-18.4
350,90,3.12,9.874,-18.36
350,90,3.28,9.798,-20.22
350,90,3.44,10.128,-18.52
350,90,3.6,10.04,-17.41
350,90,3.76,9.296,-20.19
350,90,3.92,10.948,-16.6
350,90,4.08,10.978,-16.69
350,90,4.24,10.654,-18.37
350,90,4.4,11.31,-18.5
350,90,4.56,11.284,-18.53
350,90,4.72,11.716,-18.27
350,90,4.88,11.73,-18.4
350,90,5.04,12.41,-17.64
350,90,5.2,11.95,-19.47
350,90,5.36,12.06,-18.74
350,90,5.52,12.282,-18
350,90,5.68,12,-19.37
350,90,5.84,12.198,-19.25
350,90,6,12.23,-19.31
350,90,6.16,12.62,-19.42
350,90,6.32,12.282,-21.21
350,90,6.48,12.324,-21.76
350,90,6.64,12.232,-22.16
350,90,6.8,12.58,-20.92
350,90,6.96,12.598,-21.73
350,90,7.12,12.634,-21.96
350,90,7.28,12.448,-21.93
350,90,7.44,12.484,-21.85
350,90,7.6,12.19,-21.21
350,90,7.76,12.312,-22.91
350,90,7.92,12.178,-22.45
350,90,8.08,12.564,-22.24
350,90,8.24,12.338,-22.77
350,90,8.4,12.49,-22.89
350,90,8.56,12.308,-23.97
350,90,8.72,12.052,-25.25
350,90,8.88,12.182,-24.96
350,90,9.04,12.156,-25.63
350,90,9.2,12.29,-26.57
350,90,9.36,12.246,-25.82
350,90,9.52,11.568,-26.81
350,90,9.68,11.81,-27.08
350,90,9.84,11.424,-27.69
350,90,10,11.52,-27.55
350,90,10.16,11.272,-28.37
350,90,10.32,11.468,-28.16
350,90,10.48,11.322,-28.21
350,90,10.64,11.392,-28.62
350,90,10.8,11.21,-29.06
350,90,10.96,11.294,-28.69
350,90,11.12,11.414,-28.83
350,90,11.28,10.954,-29.49
350,90,11.44,11.188,-29.56
350,90,11.6,10.54,-30.33
350,90,11.76,10.716,-30.4
350,90,11.92,10.436,-30.69
350,90,12.08,10.31,-31.88
350,90,12.24,10.366,-31.89
350,90,12.4,10.06,-32.6
350,90,12.56,9.70000000000001,-34.37
350,90,12.72,10.176,-34.38
350,90,12.88,10.804,-34.4
350,90,13.04,10.052,-36.45
350,90,13.2,11.04,-35.74
350,90,13.36,10.686,-35.53
350,90,13.52,10.758,-35.25
350,90,13.68,10.76,-35.92
350,90,13.84,10.032,-37.45
350,90,14,10.1,-37.75
350,90,14.16,10.044,-38.18
350,90,14.32,9.39399999999999,-39.56
350,90,14.48,8.08600000000001,-43.74
350,90,14.64,8.59599999999999,-40.86
350,90,14.8,6.93,-41.08
350,90,14.96,7.118,-40.01
350,90,15.12,6.73,-39.7
350,90,15.28,5.88,-40.67
350,90,15.44,7.064,-39.25
350,90,15.6,6.48,-40.15
350,90,15.76,7.702,-39.49
350,90,15.92,7.828,-39.35
350,90,16.08,8.938,-38.52
350,90,16.24,9.77599999999999,-38.35
350,90,16.4,10.04,-39.77
350,90,16.56,10.712,-38.22
350,90,16.72,10.592,-38.89
350,90,16.88,11.136,-39.33
350,90,17.04,12.394,-38.86
350,90,17.2,12.7,-39.73
350,90,17.36,12.794,-39.85
350,90,17.52,13.824,-38.71
350,90,17.68,13.858,-39.22
350,90,17.84,14.262,-38.65
350,90,18,14.99,-37.82
351,90,2,7.91,-13.88
351,90,2.16,9.112,-14.3
351,90,2.32,8.574,-17.08
351,90,2.48,8.936,-18.31
351,90,2.64,8.672,-20.04
351,90,2.8,9.24,-17.82
351,90,2.96,9.952,-18.36
351,90,3.12,9.974,-18.26
351,90,3.28,9.848,-20.17
351,90,3.44,10.308,-18.34
351,90,3.6,10.14,-17.31
351,90,3.76,9.416,-20.07
351,90,3.92,11.058,-16.49
351,90,4.08,11.038,-16.63
351,90,4.24,10.844,-18.18
351,90,4.4,11.45,-18.36
351,90,4.56,11.454,-18.36
351,90,4.72,11.896,-18.09
351,90,4.88,11.92,-18.21
351,90,5.04,12.64,-17.41
351,90,5.2,12.09,-19.33
351,90,5.36,12.34,-18.46
351,90,5.52,12.492,-17.79
351,90,5.68,12.13,-19.24
351,90,5.84,12.488,-18.96
351,90,6,12.45,-19.09
351,90,6.16,12.86,-19.18
351,90,6.32,12.602,-20.89
351,90,6.48,12.644,-21.44
351,90,6.64,12.582,-21.81
351,90,6.8,12.9,-20.6
351,90,6.96,12.988,-21.34
351,90,7.12,13.024,-21.57
351,90,7.28,12.948,-21.43
351,90,7.44,12.904,-21.43
351,90,7.6,12.76,-20.64
351,90,7.76,12.752,-22.47
351,90,7.92,12.738,-21.89
351,90,8.08,13.104,-21.7
351,90,8.24,12.858,-22.25
351,90,8.4,13.04,-22.34
351,90,8.56,12.878,-23.4
351,90,8.72,12.742,-24.56
351,90,8.88,12.862,-24.28
351,90,9.04,12.856,-24.93
351,90,9.2,12.99,-25.87
351,90,9.36,12.886,-25.18
351,90,9.52,12.358,-26.02
351,90,9.68,12.56,-26.33
351,90,9.84,12.334,-26.78
351,90,10,12.32,-26.75
351,90,10.16,12.142,-27.5
351,90,10.32,12.278,-27.35
351,90,10.48,12.172,-27.36
351,90,10.64,12.282,-27.73
351,90,10.8,12.16,-28.11
351,90,10.96,12.244,-27.74
351,90,11.12,12.374,-27.87
351,90,11.28,11.914,-28.53
351,90,11.44,12.318,-28.43
351,90,11.6,11.6,-29.27
351,90,11.76,11.936,-29.18
351,90,11.92,11.596,-29.53
351,90,12.08,11.52,-30.67
351,90,12.24,11.556,-30.7
351,90,12.4,11.35,-31.31
351,90,12.56,10.78,-33.29
351,90,12.72,11.266,-33.29
351,90,12.88,11.804,-33.4
351,90,13.04,11.152,-35.35
351,90,13.2,11.97,-34.81
351,90,13.36,11.736,-34.48
351,90,13.52,12.058,-33.95
351,90,13.68,11.8,-34.88
351,90,13.84,11.392,-36.09
351,90,14,11.4,-36.45
351,90,14.16,11.364,-36.86
351,90,14.32,11.154,-37.8
351,90,14.48,9.49600000000001,-42.33
351,90,14.64,10.356,-39.1
351,90,14.8,9.15,-38.86
351,90,14.96,9.278,-37.85
351,90,15.12,9,-37.43
351,90,15.28,8.29,-38.26
351,90,15.44,9.034,-37.28
351,90,15.6,8.65000000000001,-37.98
351,90,15.76,9.232,-37.96
351,90,15.92,9.268,-37.91
351,90,16.08,10.208,-37.25
351,90,16.24,10.696,-37.43
351,90,16.4,11.05,-38.76
351,90,16.56,11.552,-37.38
351,90,16.72,11.362,-38.12
351,90,16.88,11.486,-38.98
351,90,17.04,12.614,-38.64
351,90,17.2,12.85,-39.58
351,90,17.36,12.894,-39.75
351,90,17.52,13.924,-38.61
351,90,17.68,13.898,-39.18
351,90,17.84,14.422,-38.49
351,90,18,14.99,-37.82
352,90,2,8.04,-13.75
352,90,2.16,9.162,-14.25
352,90,2.32,8.654,-17
352,90,2.48,9.066,-18.18
352,90,2.64,8.732,-19.98
352,90,2.8,9.37,-17.69
352,90,2.96,10.032,-18.28
352,90,3.12,10.074,-18.16
352,90,3.28,9.868,-20.15
352,90,3.44,10.468,-18.18
352,90,3.6,10.22,-17.23
352,90,3.76,9.476,-20.01
352,90,3.92,11.158,-16.39
352,90,4.08,11.098,-16.57
352,90,4.24,10.994,-18.03
352,90,4.4,11.59,-18.22
352,90,4.56,11.634,-18.18
352,90,4.72,12.026,-17.96
352,90,4.88,12.12,-18.01
352,90,5.04,12.85,-17.2
352,90,5.2,12.23,-19.19
352,90,5.36,12.65,-18.15
352,90,5.52,12.712,-17.57
352,90,5.68,12.31,-19.06
352,90,5.84,12.698,-18.75
352,90,6,12.69,-18.85
352,90,6.16,13.09,-18.95
352,90,6.32,12.832,-20.66
352,90,6.48,12.934,-21.15
352,90,6.64,12.842,-21.55
352,90,6.8,13.2,-20.3
352,90,6.96,13.328,-21
352,90,7.12,13.394,-21.2
352,90,7.28,13.338,-21.04
352,90,7.44,13.234,-21.1
352,90,7.6,13.22,-20.18
352,90,7.76,13.092,-22.13
352,90,7.92,13.238,-21.39
352,90,8.08,13.534,-21.27
352,90,8.24,13.368,-21.74
352,90,8.4,13.46,-21.92
352,90,8.56,13.428,-22.85
352,90,8.72,13.262,-24.04
352,90,8.88,13.492,-23.65
352,90,9.04,13.446,-24.34
352,90,9.2,13.61,-25.25
352,90,9.36,13.486,-24.58
352,90,9.52,13.108,-25.27
352,90,9.68,13.13,-25.76
352,90,9.84,13.064,-26.05
352,90,10,12.98,-26.09
352,90,10.16,12.942,-26.7
352,90,10.32,13.048,-26.58
352,90,10.48,13.022,-26.51
352,90,10.64,13.082,-26.93
352,90,10.8,13.01,-27.26
352,90,10.96,13.084,-26.9
352,90,11.12,13.204,-27.04
352,90,11.28,12.894,-27.55
352,90,11.44,13.138,-27.61
352,90,11.6,12.57,-28.3
352,90,11.76,12.926,-28.19
352,90,11.92,12.686,-28.44
352,90,12.08,12.58,-29.61
352,90,12.24,12.556,-29.7
352,90,12.4,12.5,-30.16
352,90,12.56,11.91,-32.16
352,90,12.72,12.346,-32.21
352,90,12.88,12.684,-32.52
352,90,13.04,12.192,-34.31
352,90,13.2,12.94,-33.84
352,90,13.36,12.776,-33.44
352,90,13.52,13.138,-32.87
352,90,13.68,12.9,-33.78
352,90,13.84,12.572,-34.91
352,90,14,12.64,-35.21
352,90,14.16,12.704,-35.52
352,90,14.32,12.644,-36.31
352,90,14.48,11.106,-40.72
352,90,14.64,12.146,-37.31
352,90,14.8,11.14,-36.87
352,90,14.96,11.328,-35.8
352,90,15.12,11.18,-35.25
352,90,15.28,10.54,-36.01
352,90,15.44,11.034,-35.28
352,90,15.6,10.71,-35.92
352,90,15.76,11.142,-36.05
352,90,15.92,11.068,-36.11
352,90,16.08,11.678,-35.78
352,90,16.24,12.096,-36.03
352,90,16.4,12.09,-37.72
352,90,16.56,12.552,-36.38
352,90,16.72,12.362,-37.12
352,90,16.88,12.026,-38.44
352,90,17.04,13.244,-38.01
352,90,17.2,13.45,-38.98
352,90,17.36,13.214,-39.43
352,90,17.52,13.954,-38.58
352,90,17.68,14.168,-38.91
352,90,17.84,14.522,-38.39
352,90,18,15,-37.81
353,90,2,8.16,-13.63
353,90,2.16,9.182,-14.23
353,90,2.32,8.714,-16.94
353,90,2.48,9.176,-18.07
353,90,2.64,8.802,-19.91
353,90,2.8,9.52,-17.54
353,90,2.96,10.092,-18.22
353,90,3.12,10.194,-18.04
353,90,3.28,9.888,-20.13
353,90,3.44,10.558,-18.09
353,90,3.6,10.28,-17.17
353,90,3.76,9.536,-19.95
353,90,3.92,11.268,-16.28
353,90,4.08,11.158,-16.51
353,90,4.24,11.124,-17.9
353,90,4.4,11.68,-18.13
353,90,4.56,11.764,-18.05
353,90,4.72,12.156,-17.83
353,90,4.88,12.26,-17.87
353,90,5.04,13.06,-16.99
353,90,5.2,12.34,-19.08
353,90,5.36,12.92,-17.88
353,90,5.52,12.912,-17.37
353,90,5.68,12.56,-18.81
353,90,5.84,12.928,-18.52
353,90,6,12.97,-18.57
353,90,6.16,13.33,-18.71
353,90,6.32,13.052,-20.44
353,90,6.48,13.244,-20.84
353,90,6.64,13.122,-21.27
353,90,6.8,13.47,-20.03
353,90,6.96,13.638,-20.69
353,90,7.12,13.674,-20.92
353,90,7.28,13.738,-20.64
353,90,7.44,13.594,-20.74
353,90,7.6,13.6,-19.8
353,90,7.76,13.372,-21.85
353,90,7.92,13.708,-20.92
353,90,8.08,13.874,-20.93
353,90,8.24,13.828,-21.28
353,90,8.4,13.96,-21.42
353,90,8.56,13.948,-22.33
353,90,8.72,13.752,-23.55
353,90,8.88,14.052,-23.09
353,90,9.04,13.996,-23.79
353,90,9.2,14.11,-24.75
353,90,9.36,14.096,-23.97
353,90,9.52,13.828,-24.55
353,90,9.68,13.67,-25.22
353,90,9.84,13.654,-25.46
353,90,10,13.6,-25.47
353,90,10.16,13.612,-26.03
353,90,10.32,13.608,-26.02
353,90,10.48,13.782,-25.75
353,90,10.64,13.782,-26.23
353,90,10.8,13.71,-26.56
353,90,10.96,13.894,-26.09
353,90,11.12,13.914,-26.33
353,90,11.28,13.764,-26.68
353,90,11.44,13.878,-26.87
353,90,11.6,13.55,-27.32
353,90,11.76,13.736,-27.38
353,90,11.92,13.596,-27.53
353,90,12.08,13.51,-28.68
353,90,12.24,13.546,-28.71
353,90,12.4,13.45,-29.21
353,90,12.56,12.87,-31.2
353,90,12.72,13.286,-31.27
353,90,12.88,13.534,-31.67
353,90,13.04,13.072,-33.43
353,90,13.2,13.74,-33.04
353,90,13.36,13.696,-32.52
353,90,13.52,14.038,-31.97
353,90,13.68,14,-32.68
353,90,13.84,13.732,-33.75
353,90,14,13.74,-34.11
353,90,14.16,14.004,-34.22
353,90,14.32,13.914,-35.04
353,90,14.48,12.546,-39.28
353,90,14.64,13.726,-35.73
353,90,14.8,12.7,-35.31
353,90,14.96,13.158,-33.97
353,90,15.12,12.97,-33.46
353,90,15.28,12.7,-33.85
353,90,15.44,12.984,-33.33
353,90,15.6,12.8,-33.83
353,90,15.76,13.002,-34.19
353,90,15.92,12.998,-34.18
353,90,16.08,13.448,-34.01
353,90,16.24,13.646,-34.48
353,90,16.4,13.58,-36.23
353,90,16.56,13.932,-35
353,90,16.72,13.662,-35.82
353,90,16.88,13.286,-37.18
353,90,17.04,14.014,-37.24
353,90,17.2,14.11,-38.32
353,90,17.36,13.694,-38.95
353,90,17.52,14.564,-37.97
353,90,17.68,14.338,-38.74
353,90,17.84,14.682,-38.23
353,90,18,14.91,-37.9
354,90,2,8.29,-13.5
354,90,2.16,9.212,-14.2
354,90,2.32,8.784,-16.87
354,90,2.48,9.276,-17.97
354,90,2.64,8.852,-19.86
354,90,2.8,9.65,-17.41
354,90,2.96,10.102,-18.21
354,90,3.12,10.314,-17.92
354,90,3.28,9.928,-20.09
354,90,3.44,10.588,-18.06
354,90,3.6,10.34,-17.11
354,90,3.76,9.566,-19.92
354,90,3.92,11.358,-16.19
354,90,4.08,11.218,-16.45
354,90,4.24,11.234,-17.79
354,90,4.4,11.76,-18.05
354,90,4.56,11.874,-17.94
354,90,4.72,12.256,-17.73
354,90,4.88,12.38,-17.75
354,90,5.04,13.21,-16.84
354,90,5.2,12.45,-18.97
354,90,5.36,13.06,-17.74
354,90,5.52,13.072,-17.21
354,90,5.68,12.82,-18.55
354,90,5.84,13.108,-18.34
354,90,6,13.17,-18.37
354,90,6.16,13.53,-18.51
354,90,6.32,13.272,-20.22
354,90,6.48,13.524,-20.56
354,90,6.64,13.372,-21.02
354,90,6.8,13.76,-19.74
354,90,6.96,13.898,-20.43
354,90,7.12,13.944,-20.65
354,90,7.28,14.018,-20.36
354,90,7.44,13.884,-20.45
354,90,7.6,13.94,-19.46
354,90,7.76,13.592,-21.63
354,90,7.92,14.118,-20.51
354,90,8.08,14.144,-20.66
354,90,8.24,14.238,-20.87
354,90,8.4,14.33,-21.05
354,90,8.56,14.358,-21.92
354,90,8.72,14.202,-23.1
354,90,8.88,14.502,-22.64
354,90,9.04,14.506,-23.28
354,90,9.2,14.52,-24.34
354,90,9.36,14.606,-23.46
354,90,9.52,14.348,-24.03
354,90,9.68,14.22,-24.67
354,90,9.84,14.224,-24.89
354,90,10,14.15,-24.92
354,90,10.16,14.122,-25.52
354,90,10.32,14.278,-25.35
354,90,10.48,14.442,-25.09
354,90,10.64,14.452,-25.56
354,90,10.8,14.38,-25.89
354,90,10.96,14.574,-25.41
354,90,11.12,14.564,-25.68
354,90,11.28,14.444,-26
354,90,11.44,14.528,-26.22
354,90,11.6,14.44,-26.43
354,90,11.76,14.426,-26.69
354,90,11.92,14.496,-26.63
354,90,12.08,14.29,-27.9
354,90,12.24,14.306,-27.95
354,90,12.4,14.22,-28.44
354,90,12.56,13.86,-30.21
354,90,12.72,14.206,-30.35
354,90,12.88,14.334,-30.87
354,90,13.04,13.902,-32.6
354,90,13.2,14.65,-32.13
354,90,13.36,14.556,-31.66
354,90,13.52,14.908,-31.1
354,90,13.68,14.93,-31.75
354,90,13.84,14.692,-32.79
354,90,14,14.77,-33.08
354,90,14.16,14.964,-33.26
354,90,14.32,15.184,-33.77
354,90,14.48,13.846,-37.98
354,90,14.64,15.026,-34.43
354,90,14.8,14.37,-33.64
354,90,14.96,14.668,-32.46
354,90,15.12,14.52,-31.91
354,90,15.28,14.4,-32.15
354,90,15.44,14.724,-31.59
354,90,15.6,14.62,-32.01
354,90,15.76,14.662,-32.53
354,90,15.92,14.968,-32.21
354,90,16.08,15.168,-32.29
354,90,16.24,15.186,-32.94
354,90,16.4,15.05,-34.76
354,90,16.56,15.522,-33.41
354,90,16.72,15.132,-34.35
354,90,16.88,14.696,-35.77
354,90,17.04,15.324,-35.93
354,90,17.2,15.2,-37.23
354,90,17.36,14.724,-37.92
354,90,17.52,15.344,-37.19
354,90,17.68,15.088,-37.99
354,90,17.84,15.052,-37.86
354,90,18,15.35,-37.46
355,90,2,8.4,-13.39
355,90,2.16,9.212,-14.2
355,90,2.32,8.844,-16.81
355,90,2.48,9.346,-17.9
355,90,2.64,8.872,-19.84
355,90,2.8,9.77,-17.29
355,90,2.96,10.112,-18.2
355,90,3.12,10.434,-17.8
355,90,3.28,9.968,-20.05
355,90,3.44,10.598,-18.05
355,90,3.6,10.42,-17.03
355,90,3.76,9.596,-19.89
355,90,3.92,11.438,-16.11
355,90,4.08,11.268,-16.4
355,90,4.24,11.324,-17.7
355,90,4.4,11.83,-17.98
355,90,4.56,11.984,-17.83
355,90,4.72,12.356,-17.63
355,90,4.88,12.5,-17.63
355,90,5.04,13.31,-16.74
355,90,5.2,12.57,-18.85
355,90,5.36,13.11,-17.69
355,90,5.52,13.152,-17.13
355,90,5.68,12.97,-18.4
355,90,5.84,13.228,-18.22
355,90,6,13.32,-18.22
355,90,6.16,13.67,-18.37
355,90,6.32,13.412,-20.08
355,90,6.48,13.684,-20.4
355,90,6.64,13.542,-20.85
355,90,6.8,14,-19.5
355,90,6.96,14.108,-20.22
355,90,7.12,14.114,-20.48
355,90,7.28,14.258,-20.12
355,90,7.44,14.074,-20.26
355,90,7.6,14.21,-19.19
355,90,7.76,13.872,-21.35
355,90,7.92,14.388,-20.24
355,90,8.08,14.394,-20.41
355,90,8.24,14.558,-20.55
355,90,8.4,14.61,-20.77
355,90,8.56,14.688,-21.59
355,90,8.72,14.592,-22.71
355,90,8.88,14.912,-22.23
355,90,9.04,14.896,-22.89
355,90,9.2,14.87,-23.99
355,90,9.36,15.056,-23.01
355,90,9.52,14.808,-23.57
355,90,9.68,14.72,-24.17
355,90,9.84,14.704,-24.41
355,90,10,14.76,-24.31
355,90,10.16,14.662,-24.98
355,90,10.32,14.768,-24.86
355,90,10.48,14.982,-24.55
355,90,10.64,14.882,-25.13
355,90,10.8,14.95,-25.32
355,90,10.96,15.184,-24.8
355,90,11.12,15.094,-25.15
355,90,11.28,14.984,-25.46
355,90,11.44,15.018,-25.73
355,90,11.6,14.99,-25.88
355,90,11.76,15.076,-26.04
355,90,11.92,15.096,-26.03
355,90,12.08,14.98,-27.21
355,90,12.24,15.026,-27.23
355,90,12.4,14.93,-27.73
355,90,12.56,14.56,-29.51
355,90,12.72,14.946,-29.61
355,90,12.88,14.914,-30.29
355,90,13.04,14.662,-31.84
355,90,13.2,15.32,-31.46
355,90,13.36,15.336,-30.88
355,90,13.52,15.778,-30.23
355,90,13.68,15.71,-30.97
355,90,13.84,15.482,-32
355,90,14,15.73,-32.12
355,90,14.16,15.954,-32.27
355,90,14.32,16.154,-32.8
355,90,14.48,14.956,-36.87
355,90,14.64,16.186,-33.27
355,90,14.8,15.71,-32.3
355,90,14.96,15.888,-31.24
355,90,15.12,15.9,-30.53
355,90,15.28,15.94,-30.61
355,90,15.44,16.204,-30.11
355,90,15.6,16.27,-30.36
355,90,15.76,16.272,-30.92
355,90,15.92,16.588,-30.59
355,90,16.08,16.618,-30.84
355,90,16.24,16.676,-31.45
355,90,16.4,16.57,-33.24
355,90,16.56,16.912,-32.02
355,90,16.72,16.682,-32.8
355,90,16.88,16.306,-34.16
355,90,17.04,16.524,-34.73
355,90,17.2,16.3,-36.13
355,90,17.36,15.794,-36.85
355,90,17.52,16.234,-36.3
355,90,17.68,15.818,-37.26
355,90,17.84,15.942,-36.97
355,90,18,16,-36.81
356,90,2,8.51,-13.28
356,90,2.16,9.202,-14.21
356,90,2.32,8.904,-16.75
356,90,2.48,9.406,-17.84
356,90,2.64,8.882,-19.83
356,90,2.8,9.85,-17.21
356,90,2.96,10.062,-18.25
356,90,3.12,10.524,-17.71
356,90,3.28,10.018,-20
356,90,3.44,10.608,-18.04
356,90,3.6,10.5,-16.95
356,90,3.76,9.636,-19.85
356,90,3.92,11.488,-16.06
356,90,4.08,11.328,-16.34
356,90,4.24,11.414,-17.61
356,90,4.4,11.86,-17.95
356,90,4.56,12.084,-17.73
356,90,4.72,12.436,-17.55
356,90,4.88,12.56,-17.57
356,90,5.04,13.38,-16.67
356,90,5.2,12.71,-18.71
356,90,5.36,13.17,-17.63
356,90,5.52,13.232,-17.05
356,90,5.68,13.07,-18.3
356,90,5.84,13.308,-18.14
356,90,6,13.45,-18.09
356,90,6.16,13.78,-18.26
356,90,6.32,13.512,-19.98
356,90,6.48,13.844,-20.24
356,90,6.64,13.702,-20.69
356,90,6.8,14.18,-19.32
356,90,6.96,14.288,-20.04
356,90,7.12,14.284,-20.31
356,90,7.28,14.508,-19.87
356,90,7.44,14.214,-20.12
356,90,7.6,14.44,-18.96
356,90,7.76,14.112,-21.11
356,90,7.92,14.628,-20
356,90,8.08,14.644,-20.16
356,90,8.24,14.788,-20.32
356,90,8.4,14.87,-20.51
356,90,8.56,14.928,-21.35
356,90,8.72,14.782,-22.52
356,90,8.88,15.192,-21.95
356,90,9.04,15.176,-22.61
356,90,9.2,15.18,-23.68
356,90,9.36,15.406,-22.66
356,90,9.52,15.168,-23.21
356,90,9.68,15.12,-23.77
356,90,9.84,15.024,-24.09
356,90,10,15.12,-23.95
356,90,10.16,15.032,-24.61
356,90,10.32,15.238,-24.39
356,90,10.48,15.432,-24.1
356,90,10.64,15.252,-24.76
356,90,10.8,15.39,-24.88
356,90,10.96,15.564,-24.42
356,90,11.12,15.594,-24.65
356,90,11.28,15.454,-24.99
356,90,11.44,15.538,-25.21
356,90,11.6,15.51,-25.36
356,90,11.76,15.586,-25.53
356,90,11.92,15.686,-25.44
356,90,12.08,15.37,-26.82
356,90,12.24,15.606,-26.65
356,90,12.4,15.53,-27.13
356,90,12.56,15.1,-28.97
356,90,12.72,15.456,-29.1
356,90,12.88,15.504,-29.7
356,90,13.04,15.282,-31.22
356,90,13.2,15.9,-30.88
356,90,13.36,15.916,-30.3
356,90,13.52,16.278,-29.73
356,90,13.68,16.34,-30.34
356,90,13.84,16.122,-31.36
356,90,14,16.39,-31.46
356,90,14.16,16.704,-31.52
356,90,14.32,16.974,-31.98
356,90,14.48,15.916,-35.91
356,90,14.64,17.106,-32.35
356,90,14.8,16.69,-31.32
356,90,14.96,17.038,-30.09
356,90,15.12,17.09,-29.34
356,90,15.28,17.12,-29.43
356,90,15.44,17.474,-28.84
356,90,15.6,17.5,-29.13
356,90,15.76,17.512,-29.68
356,90,15.92,17.928,-29.25
356,90,16.08,17.918,-29.54
356,90,16.24,18.006,-30.12
356,90,16.4,18,-31.81
356,90,16.56,18.152,-30.78
356,90,16.72,17.912,-31.57
356,90,16.88,17.596,-32.87
356,90,17.04,17.664,-33.59
356,90,17.2,17.37,-35.06
356,90,17.36,17.024,-35.62
356,90,17.52,17.324,-35.21
356,90,17.68,16.758,-36.32
356,90,17.84,16.792,-36.12
356,90,18,16.75,-36.06
357,90,2,8.59,-13.2
357,90,2.16,9.192,-14.22
357,90,2.32,8.954,-16.7
357,90,2.48,9.436,-17.81
357,90,2.64,8.882,-19.83
357,90,2.8,9.91,-17.15
357,90,2.96,10.002,-18.31
357,90,3.12,10.594,-17.64
357,90,3.28,10.058,-19.96
357,90,3.44,10.608,-18.04
357,90,3.6,10.63,-16.82
357,90,3.76,9.726,-19.76
357,90,3.92,11.518,-16.03
357,90,4.08,11.378,-16.29
357,90,4.24,11.474,-17.55
357,90,4.4,11.89,-17.92
357,90,4.56,12.164,-17.65
357,90,4.72,12.486,-17.5
357,90,4.88,12.64,-17.49
357,90,5.04,13.4,-16.65
357,90,5.2,12.9,-18.52
357,90,5.36,13.29,-17.51
357,90,5.52,13.362,-16.92
357,90,5.68,13.15,-18.22
357,90,5.84,13.378,-18.07
357,90,6,13.59,-17.95
357,90,6.16,13.9,-18.14
357,90,6.32,13.612,-19.88
357,90,6.48,13.954,-20.13
357,90,6.64,13.842,-20.55
357,90,6.8,14.33,-19.17
357,90,6.96,14.408,-19.92
357,90,7.12,14.484,-20.11
357,90,7.28,14.748,-19.63
357,90,7.44,14.394,-19.94
357,90,7.6,14.66,-18.74
357,90,7.76,14.282,-20.94
357,90,7.92,14.878,-19.75
357,90,8.08,14.874,-19.93
357,90,8.24,14.998,-20.11
357,90,8.4,15.11,-20.27
357,90,8.56,15.118,-21.16
357,90,8.72,14.952,-22.35
357,90,8.88,15.382,-21.76
357,90,9.04,15.426,-22.36
357,90,9.2,15.46,-23.4
357,90,9.36,15.656,-22.41
357,90,9.52,15.338,-23.04
357,90,9.68,15.4,-23.49
357,90,9.84,15.284,-23.83
357,90,10,15.43,-23.64
357,90,10.16,15.282,-24.36
357,90,10.32,15.568,-24.06
357,90,10.48,15.712,-23.82
357,90,10.64,15.522,-24.49
357,90,10.8,15.79,-24.48
357,90,10.96,15.884,-24.1
357,90,11.12,15.934,-24.31
357,90,11.28,15.754,-24.69
357,90,11.44,15.858,-24.89
357,90,11.6,15.9,-24.97
357,90,11.76,15.876,-25.24
357,90,11.92,16.136,-24.99
357,90,12.08,15.76,-26.43
357,90,12.24,16.026,-26.23
357,90,12.4,15.92,-26.74
357,90,12.56,15.65,-28.42
357,90,12.72,15.906,-28.65
357,90,12.88,15.924,-29.28
357,90,13.04,15.762,-30.74
357,90,13.2,16.37,-30.41
357,90,13.36,16.436,-29.78
357,90,13.52,16.758,-29.25
357,90,13.68,16.93,-29.75
357,90,13.84,16.862,-30.62
357,90,14,17.03,-30.82
357,90,14.16,17.324,-30.9
357,90,14.32,17.654,-31.3
357,90,14.48,16.506,-35.32
357,90,14.64,17.906,-31.55
357,90,14.8,17.59,-30.42
357,90,14.96,17.758,-29.37
357,90,15.12,17.86,-28.57
357,90,15.28,18.04,-28.51
357,90,15.44,18.334,-27.98
357,90,15.6,18.56,-28.07
357,90,15.76,18.652,-28.54
357,90,15.92,19.018,-28.16
357,90,16.08,18.988,-28.47
357,90,16.24,19.166,-28.96
357,90,16.4,19.07,-30.74
357,90,16.56,19.302,-29.63
357,90,16.72,18.822,-30.66
357,90,16.88,18.526,-31.94
357,90,17.04,18.844,-32.41
357,90,17.2,18.49,-33.94
357,90,17.36,17.954,-34.69
357,90,17.52,18.024,-34.51
357,90,17.68,17.548,-35.53
357,90,17.84,17.662,-35.25
357,90,18,17.39,-35.42
358,90,2,8.66,-13.13
358,90,2.16,9.182,-14.23
358,90,2.32,8.974,-16.68
358,90,2.48,9.456,-17.79
358,90,2.64,8.862,-19.85
358,90,2.8,9.92,-17.14
358,90,2.96,9.922,-18.39
358,90,3.12,10.674,-17.56
358,90,3.28,10.068,-19.95
358,90,3.44,10.658,-17.99
358,90,3.6,10.75,-16.7
358,90,3.76,9.776,-19.71
358,90,3.92,11.508,-16.04
358,90,4.08,11.448,-16.22
358,90,4.24,11.504,-17.52
358,90,4.4,11.92,-17.89
358,90,4.56,12.244,-17.57
358,90,4.72,12.506,-17.48
358,90,4.88,12.7,-17.43
358,90,5.04,13.41,-16.64
358,90,5.2,13.05,-18.37
358,90,5.36,13.35,-17.45
358,90,5.52,13.472,-16.81
358,90,5.68,13.22,-18.15
358,90,5.84,13.478,-17.97
358,90,6,13.69,-17.85
358,90,6.16,13.99,-18.05
358,90,6.32,13.692,-19.8
358,90,6.48,14.024,-20.06
358,90,6.64,13.932,-20.46
358,90,6.8,14.4,-19.1
358,90,6.96,14.478,-19.85
358,90,7.12,14.594,-20
358,90,7.28,14.848,-19.53
358,90,7.44,14.574,-19.76
358,90,7.6,14.89,-18.51
358,90,7.76,14.332,-20.89
358,90,7.92,15.068,-19.56
358,90,8.08,15.054,-19.75
358,90,8.24,15.138,-19.97
358,90,8.4,15.22,-20.16
358,90,8.56,15.318,-20.96
358,90,8.72,15.192,-22.11
358,90,8.88,15.572,-21.57
358,90,9.04,15.576,-22.21
358,90,9.2,15.65,-23.21
358,90,9.36,15.826,-22.24
358,90,9.52,15.568,-22.81
358,90,9.68,15.53,-23.36
358,90,9.84,15.464,-23.65
358,90,10,15.61,-23.46
358,90,10.16,15.522,-24.12
358,90,10.32,15.738,-23.89
358,90,10.48,15.942,-23.59
358,90,10.64,15.842,-24.17
358,90,10.8,16.04,-24.23
358,90,10.96,16.104,-23.88
358,90,11.12,16.144,-24.1
358,90,11.28,15.984,-24.46
358,90,11.44,16.098,-24.65
358,90,11.6,16.16,-24.71
358,90,11.76,16.106,-25.01
358,90,11.92,16.366,-24.76
358,90,12.08,16.08,-26.11
358,90,12.24,16.406,-25.85
358,90,12.4,16.23,-26.43
358,90,12.56,16.07,-28
358,90,12.72,16.276,-28.28
358,90,12.88,16.224,-28.98
358,90,13.04,16.112,-30.39
358,90,13.2,16.75,-30.03
358,90,13.36,16.926,-29.29
358,90,13.52,17.178,-28.83
358,90,13.68,17.43,-29.25
358,90,13.84,17.322,-30.16
358,90,14,17.5,-30.35
358,90,14.16,17.724,-30.5
358,90,14.32,18.144,-30.81
358,90,14.48,17.146,-34.68
358,90,14.64,18.486,-30.97
358,90,14.8,18.33,-29.68
358,90,14.96,18.438,-28.69
358,90,15.12,18.66,-27.77
358,90,15.28,18.82,-27.73
358,90,15.44,19.184,-27.13
358,90,15.6,19.33,-27.3
358,90,15.76,19.312,-27.88
358,90,15.92,19.758,-27.42
358,90,16.08,19.808,-27.65
358,90,16.24,19.856,-28.27
358,90,16.4,19.66,-30.15
358,90,16.56,19.902,-29.03
358,90,16.72,19.652,-29.83
358,90,16.88,19.456,-31.01
358,90,17.04,19.724,-31.53
358,90,17.2,19.23,-33.2
358,90,17.36,18.754,-33.89
358,90,17.52,18.754,-33.78
358,90,17.68,18.318,-34.76
358,90,17.84,18.162,-34.75
358,90,18,17.95,-34.86
359,90,2,8.69,-13.1
359,90,2.16,9.162,-14.25
359,90,2.32,8.994,-16.66
359,90,2.48,9.456,-17.79
359,90,2.64,8.852,-19.86
359,90,2.8,9.93,-17.13
359,90,2.96,9.872,-18.44
359,90,3.12,10.694,-17.54
359,90,3.28,10.098,-19.92
359,90,3.44,10.698,-17.95
359,90,3.6,10.85,-16.6
359,90,3.76,9.846,-19.64
359,90,3.92,11.508,-16.04
359,90,4.08,11.498,-16.17
359,90,4.24,11.514,-17.51
359,90,4.4,11.95,-17.86
359,90,4.56,12.274,-17.54
359,90,4.72,12.526,-17.46
359,90,4.88,12.78,-17.35
359,90,5.04,13.41,-16.64
359,90,5.2,13.16,-18.26
359,90,5.36,13.31,-17.49
359,90,5.52,13.542,-16.74
359,90,5.68,13.29,-18.08
359,90,5.84,13.538,-17.91
359,90,6,13.69,-17.85
359,90,6.16,14.01,-18.03
359,90,6.32,13.752,-19.74
359,90,6.48,14.074,-20.01
359,90,6.64,13.962,-20.43
359,90,6.8,14.46,-19.04
359,90,6.96,14.518,-19.81
359,90,7.12,14.644,-19.95
359,90,7.28,14.828,-19.55
359,90,7.44,14.604,-19.73
359,90,7.6,14.94,-18.46
359,90,7.76,14.332,-20.89
359,90,7.92,15.128,-19.5
359,90,8.08,15.084,-19.72
359,90,8.24,15.198,-19.91
359,90,8.4,15.28,-20.1
359,90,8.56,15.438,-20.84
359,90,8.72,15.332,-21.97
359,90,8.88,15.732,-21.41
359,90,9.04,15.726,-22.06
359,90,9.2,15.74,-23.12
359,90,9.36,15.996,-22.07
359,90,9.52,15.728,-22.65
359,90,9.68,15.68,-23.21
359,90,9.84,15.614,-23.5
359,90,10,15.72,-23.35
359,90,10.16,15.682,-23.96
359,90,10.32,15.868,-23.76
359,90,10.48,16.072,-23.46
359,90,10.64,15.992,-24.02
359,90,10.8,16.18,-24.09
359,90,10.96,16.284,-23.7
359,90,11.12,16.224,-24.02
359,90,11.28,16.144,-24.3
359,90,11.44,16.218,-24.53
359,90,11.6,16.29,-24.58
359,90,11.76,16.246,-24.87
359,90,11.92,16.506,-24.62
359,90,12.08,16.22,-25.97
359,90,12.24,16.506,-25.75
359,90,12.4,16.37,-26.29
359,90,12.56,16.26,-27.81
359,90,12.72,16.526,-28.03
359,90,12.88,16.594,-28.61
359,90,13.04,16.322,-30.18
359,90,13.2,16.93,-29.85
359,90,13.36,17.106,-29.11
359,90,13.52,17.548,-28.46
359,90,13.68,17.6,-29.08
359,90,13.84,17.562,-29.92
359,90,14,17.84,-30.01
359,90,14.16,18.114,-30.11
359,90,14.32,18.474,-30.48
359,90,14.48,17.576,-34.25
359,90,14.64,18.816,-30.64
359,90,14.8,18.78,-29.23
359,90,14.96,18.918,-28.21
359,90,15.12,19.15,-27.28
359,90,15.28,19.31,-27.24
359,90,15.44,19.754,-26.56
359,90,15.6,19.71,-26.92
359,90,15.76,19.732,-27.46
359,90,15.92,20.208,-26.97
359,90,16.08,20.168,-27.29
359,90,16.24,20.236,-27.89
359,90,16.4,20.04,-29.77
359,90,16.56,20.412,-28.52
359,90,16.72,20.142,-29.34
359,90,16.88,19.936,-30.53
359,90,17.04,20.114,-31.14
359,90,17.2,19.55,-32.88
359,90,17.36,19.174,-33.47
359,90,17.52,19.104,-33.43
359,90,17.68,18.598,-34.48
359,90,17.84,18.492,-34.42
