Phi (deg),Theta (deg),Freq (GHz),Gain (dB),S21 (dB)
-179,0,8,-13.79,-48.41
-179,0,8.04,-15.688,-50.4
-179,0,8.08,-17.556,-52.36
-179,0,8.12,-20.192,-55.08
-179,0,8.16,-18.576,-53.54
-179,0,8.2,-15.69,-50.73
-179,0,8.24,-11.842,-46.95
-179,0,8.28,-10.644,-45.82
-179,0,8.32,-8.236,-43.48
-179,0,8.36,-7.008,-42.32
-179,0,8.4,-6.95,-42.33
-179,0,8.44,-6.552,-42.14
-179,0,8.48,-6.604,-42.4
-179,0,8.52,-6.544,-42.57
-179,0,8.56,-6.22199999999999,-42.5
-179,0,8.6,-6.6,-43.13
-179,0,8.64,-7.97399999999999,-44.82
-179,0,8.68,-8.478,-45.64
-179,0,8.72,-9.918,-47.22
-179,0,8.76,-10.664,-47.93
-179,0,8.8,-9.68,-46.91
-179,0,8.84,-6.13400000000001,-43.32
-179,0,8.88,-4.608,-41.75
-179,0,8.92,-3.294,-40.5
-179,0,8.96,-1.582,-38.96
-179,0,9,1.16,-36.39
-179,0,9.04,1.666,-36.12
-179,0,9.08,3.73200000000001,-34.29
-179,0,9.12,3.714,-34.57
-179,0,9.16,4.722,-33.85
-179,0,9.2,5.43,-33.43
-179,0,9.24,6.13,-32.47
-179,0,9.28,6.05000000000001,-32.29
-179,0,9.32,6.372,-31.79
-179,0,9.36,6.676,-31.39
-179,0,9.4,5.85,-32.12
-179,0,9.44,5.226,-32.88
-179,0,9.48,5.33200000000001,-32.91
-179,0,9.52,5.298,-33.08
-179,0,9.56,4.57400000000001,-33.94
-179,0,9.6,3.12,-35.53
-179,0,9.64,3.40000000000001,-35.37
-179,0,9.68,3.1,-35.79
-179,0,9.72,3.102,-35.88
-179,0,9.76,3.246,-35.8
-179,0,9.8,3.76,-35.35
-179,0,9.84,3.654,-35.46
-179,0,9.88,3.16799999999999,-35.95
-179,0,9.92,2.76,-36.35
-179,0,9.96,2.37,-36.72
-179,0,10,1.58,-37.49
-179,0,10.04,0.385999999999996,-38.86
-179,0,10.08,-0.828000000000003,-40.25
-179,0,10.12,-3.816,-43.37
-179,0,10.16,-7.088,-46.73
-179,0,10.2,-7.46,-47.19
-179,0,10.24,-5.45200000000001,-45.15
-179,0,10.28,-3.484,-43.15
-179,0,10.32,-2.982,-42.61
-179,0,10.36,-2.956,-42.54
-179,0,10.4,-2.65,-42.19
-179,0,10.44,-2.794,-42.33
-179,0,10.48,-2.58799999999999,-42.12
-179,0,10.52,-3.54199999999999,-43.15
-179,0,10.56,-3.566,-43.33
-179,0,10.6,-4.07,-43.99
-179,0,10.64,-5.498,-45.51
-179,0,10.68,-7.64599999999999,-47.75
-179,0,10.72,-8.716,-48.89
-179,0,10.76,-9.658,-49.88
-179,0,10.8,-9.69,-49.96
-179,0,10.84,-9.23,-49.4
-179,0,10.88,-8.83999999999999,-48.91
-179,0,10.92,-7.95199999999999,-47.96
-179,0,10.96,-6.836,-46.82
-179,0,11,-6.06,-46.02
-179,0,11.04,-6.47600000000001,-46.54
-179,0,11.08,-7.452,-47.62
-179,0,11.12,-6.356,-46.6
-179,0,11.16,-6.678,-46.97
-179,0,11.2,-6.86,-47.2
-179,0,11.24,-7.568,-47.96
-179,0,11.28,-8.506,-48.95
-179,0,11.32,-10.434,-50.95
-179,0,11.36,-11.622,-52.23
-179,0,11.4,-12.32,-53.02
-179,0,11.44,-11.952,-52.7
-179,0,11.48,-10.664,-51.46
-179,0,11.52,-11.22,-52.05
-179,0,11.56,-11.77,-52.62
-179,0,11.6,-11.53,-52.4
-179,0,11.64,-11.456,-52.41
-179,0,11.68,-10.972,-52.01
-179,0,11.72,-11.918,-53.01
-179,0,11.76,-12.654,-53.77
-179,0,11.8,-13.14,-54.28
-179,0,11.84,-14.536,-55.62
-179,0,11.88,-14.022,-55.05
-179,0,11.92,-12.544,-53.67
-179,0,11.96,-12.392,-53.77
-179,0,12,-13.74,-55.37
-178,0,8,-17.31,-51.93
-178,0,8.04,-21.048,-55.76
-178,0,8.08,-20.966,-55.77
-178,0,8.12,-16.672,-51.56
-178,0,8.16,-13.796,-48.76
-178,0,8.2,-12.19,-47.23
-178,0,8.24,-9.48200000000001,-44.59
-178,0,8.28,-8.444,-43.62
-178,0,8.32,-6.976,-42.22
-178,0,8.36,-6.288,-41.6
-178,0,8.4,-6.65,-42.03
-178,0,8.44,-6.772,-42.36
-178,0,8.48,-7.374,-43.17
-178,0,8.52,-7.934,-43.96
-178,0,8.56,-8.40199999999999,-44.68
-178,0,8.6,-8.6,-45.13
-178,0,8.64,-10.344,-47.19
-178,0,8.68,-9.458,-46.62
-178,0,8.72,-9.738,-47.04
-178,0,8.76,-7.504,-44.77
-178,0,8.8,-5.7,-42.93
-178,0,8.84,-2.544,-39.73
-178,0,8.88,-1.288,-38.43
-178,0,8.92,-0.263999999999996,-37.47
-178,0,8.96,0.847999999999999,-36.53
-178,0,9,3.3,-34.25
-178,0,9.04,3.43599999999999,-34.35
-178,0,9.08,5.16200000000001,-32.86
-178,0,9.12,5.004,-33.28
-178,0,9.16,5.862,-32.71
-178,0,9.2,6.29,-32.57
-178,0,9.24,6.81999999999999,-31.78
-178,0,9.28,6.42000000000001,-31.92
-178,0,9.32,6.492,-31.67
-178,0,9.36,6.636,-31.43
-178,0,9.4,5.7,-32.27
-178,0,9.44,5.176,-32.93
-178,0,9.48,5.252,-32.99
-178,0,9.52,5.078,-33.3
-178,0,9.56,4.424,-34.09
-178,0,9.6,2.86,-35.79
-178,0,9.64,3.06,-35.71
-178,0,9.68,2.69,-36.2
-178,0,9.72,2.602,-36.38
-178,0,9.76,2.646,-36.4
-178,0,9.8,3.13,-35.98
-178,0,9.84,2.614,-36.5
-178,0,9.88,1.818,-37.3
-178,0,9.92,1.45,-37.66
-178,0,9.96,0.680000000000007,-38.41
-178,0,10,-0.560000000000002,-39.63
-178,0,10.04,-2.294,-41.54
-178,0,10.08,-3.688,-43.11
-178,0,10.12,-7.26600000000001,-46.82
-178,0,10.16,-9.858,-49.5
-178,0,10.2,-6.43,-46.16
-178,0,10.24,-3.58200000000001,-43.28
-178,0,10.28,-2.204,-41.87
-178,0,10.32,-2.212,-41.84
-178,0,10.36,-2.776,-42.36
-178,0,10.4,-2.56,-42.1
-178,0,10.44,-3.304,-42.84
-178,0,10.48,-3.578,-43.11
-178,0,10.52,-5.092,-44.7
-178,0,10.56,-5.486,-45.25
-178,0,10.6,-6.48,-46.4
-178,0,10.64,-8.708,-48.72
-178,0,10.68,-10.886,-50.99
-178,0,10.72,-10.626,-50.8
-178,0,10.76,-8.648,-48.87
-178,0,10.8,-7.72,-47.99
-178,0,10.84,-7.71,-47.88
-178,0,10.88,-8.14999999999999,-48.22
-178,0,10.92,-7.59199999999999,-47.6
-178,0,10.96,-6.336,-46.32
-178,0,11,-6.06,-46.02
-178,0,11.04,-6.88600000000001,-46.95
-178,0,11.08,-7.642,-47.81
-178,0,11.12,-7.646,-47.89
-178,0,11.16,-7.438,-47.73
-178,0,11.2,-8.25,-48.59
-178,0,11.24,-9.308,-49.7
-178,0,11.28,-10.346,-50.79
-178,0,11.32,-12.524,-53.04
-178,0,11.36,-12.722,-53.33
-178,0,11.4,-12.34,-53.04
-178,0,11.44,-11.312,-52.06
-178,0,11.48,-11.164,-51.96
-178,0,11.52,-11.7,-52.53
-178,0,11.56,-12.07,-52.92
-178,0,11.6,-11.97,-52.84
-178,0,11.64,-12.676,-53.63
-178,0,11.68,-12.312,-53.35
-178,0,11.72,-12.358,-53.45
-178,0,11.76,-13.164,-54.28
-178,0,11.8,-13.64,-54.78
-178,0,11.84,-13.596,-54.68
-178,0,11.88,-13.532,-54.56
-178,0,11.92,-14.004,-55.13
-178,0,11.96,-14.872,-56.25
-178,0,12,-14.48,-56.11
-177,0,8,-21.19,-55.81
-177,0,8.04,-21.068,-55.78
-177,0,8.08,-16.366,-51.17
-177,0,8.12,-12.592,-47.48
-177,0,8.16,-10.146,-45.11
-177,0,8.2,-9.68,-44.72
-177,0,8.24,-8.072,-43.18
-177,0,8.28,-7.434,-42.61
-177,0,8.32,-6.416,-41.66
-177,0,8.36,-6.658,-41.97
-177,0,8.4,-7.06,-42.44
-177,0,8.44,-7.922,-43.51
-177,0,8.48,-9.724,-45.52
-177,0,8.52,-10.834,-46.86
-177,0,8.56,-10.912,-47.19
-177,0,8.6,-10.75,-47.28
-177,0,8.64,-10.164,-47.01
-177,0,8.68,-7.228,-44.39
-177,0,8.72,-5.488,-42.79
-177,0,8.76,-3.644,-40.91
-177,0,8.8,-2.25,-39.48
-177,0,8.84,0.445999999999991,-36.74
-177,0,8.88,1.132,-36.01
-177,0,8.92,2.026,-35.18
-177,0,8.96,2.968,-34.41
-177,0,9,4.86,-32.69
-177,0,9.04,4.776,-33.01
-177,0,9.08,6.32200000000001,-31.7
-177,0,9.12,5.784,-32.5
-177,0,9.16,6.422,-32.15
-177,0,9.2,6.61,-32.25
-177,0,9.24,6.98999999999999,-31.61
-177,0,9.28,6.36000000000001,-31.98
-177,0,9.32,6.302,-31.86
-177,0,9.36,6.496,-31.57
-177,0,9.4,5.45,-32.52
-177,0,9.44,4.866,-33.24
-177,0,9.48,4.782,-33.46
-177,0,9.52,4.758,-33.62
-177,0,9.56,3.874,-34.64
-177,0,9.6,2.28,-36.37
-177,0,9.64,2.37,-36.4
-177,0,9.68,2.08,-36.81
-177,0,9.72,1.812,-37.17
-177,0,9.76,1.786,-37.26
-177,0,9.8,1.86,-37.25
-177,0,9.84,1.28400000000001,-37.83
-177,0,9.88,0.0979999999999919,-39.02
-177,0,9.92,-0.410000000000004,-39.52
-177,0,9.96,-1.38,-40.47
-177,0,10,-2.98,-42.05
-177,0,10.04,-5.224,-44.47
-177,0,10.08,-6.608,-46.03
-177,0,10.12,-9.14600000000001,-48.7
-177,0,10.16,-7.618,-47.26
-177,0,10.2,-4.38,-44.11
-177,0,10.24,-2.37200000000001,-42.07
-177,0,10.28,-1.374,-41.04
-177,0,10.32,-2.452,-42.08
-177,0,10.36,-3.14599999999999,-42.73
-177,0,10.4,-3.27,-42.81
-177,0,10.44,-4.594,-44.13
-177,0,10.48,-6.22799999999999,-45.76
-177,0,10.52,-7.982,-47.59
-177,0,10.56,-9.736,-49.5
-177,0,10.6,-10.31,-50.23
-177,0,10.64,-11.458,-51.47
-177,0,10.68,-10.406,-50.51
-177,0,10.72,-8.036,-48.21
-177,0,10.76,-7.148,-47.37
-177,0,10.8,-6.93,-47.2
-177,0,10.84,-8.19,-48.36
-177,0,10.88,-7.70999999999999,-47.78
-177,0,10.92,-7.47199999999999,-47.48
-177,0,10.96,-7.296,-47.28
-177,0,11,-6.84,-46.8
-177,0,11.04,-7.65600000000001,-47.72
-177,0,11.08,-9.202,-49.37
-177,0,11.12,-9.006,-49.25
-177,0,11.16,-9.108,-49.4
-177,0,11.2,-10.22,-50.56
-177,0,11.24,-11.688,-52.08
-177,0,11.28,-12.056,-52.5
-177,0,11.32,-12.504,-53.02
-177,0,11.36,-12.792,-53.4
-177,0,11.4,-12.67,-53.37
-177,0,11.44,-11.472,-52.22
-177,0,11.48,-10.544,-51.34
-177,0,11.52,-11.45,-52.28
-177,0,11.56,-12.15,-53
-177,0,11.6,-12.95,-53.82
-177,0,11.64,-13.086,-54.04
-177,0,11.68,-12.292,-53.33
-177,0,11.72,-12.018,-53.11
-177,0,11.76,-13.824,-54.94
-177,0,11.8,-16.6,-57.74
-177,0,11.84,-16.236,-57.32
-177,0,11.88,-17.902,-58.93
-177,0,11.92,-15.804,-56.93
-177,0,11.96,-13.652,-55.03
-177,0,12,-13.91,-55.54
-176,0,8,-18.31,-52.93
-176,0,8.04,-15.778,-50.49
-176,0,8.08,-12.316,-47.12
-176,0,8.12,-9.602,-44.49
-176,0,8.16,-8.106,-43.07
-176,0,8.2,-8.53,-43.57
-176,0,8.24,-7.472,-42.58
-176,0,8.28,-7.474,-42.65
-176,0,8.32,-6.836,-42.08
-176,0,8.36,-7.168,-42.48
-176,0,8.4,-8.98999999999999,-44.37
-176,0,8.44,-10.632,-46.22
-176,0,8.48,-12.354,-48.15
-176,0,8.52,-12.644,-48.67
-176,0,8.56,-10.882,-47.16
-176,0,8.6,-8.05,-44.58
-176,0,8.64,-6.14399999999999,-42.99
-176,0,8.68,-3.208,-40.37
-176,0,8.72,-1.818,-39.12
-176,0,8.76,-0.213999999999999,-37.48
-176,0,8.8,0.509999999999998,-36.72
-176,0,8.84,2.55599999999999,-34.63
-176,0,8.88,3.19199999999999,-33.95
-176,0,8.92,3.65600000000001,-33.55
-176,0,8.96,4.268,-33.11
-176,0,9,5.95,-31.6
-176,0,9.04,5.706,-32.08
-176,0,9.08,6.96200000000001,-31.06
-176,0,9.12,6.264,-32.02
-176,0,9.16,6.602,-31.97
-176,0,9.2,6.73,-32.13
-176,0,9.24,6.9,-31.7
-176,0,9.28,6.30000000000001,-32.04
-176,0,9.32,6.212,-31.95
-176,0,9.36,6.236,-31.83
-176,0,9.4,5.11,-32.86
-176,0,9.44,4.506,-33.6
-176,0,9.48,4.33200000000001,-33.91
-176,0,9.52,4.108,-34.27
-176,0,9.56,3.334,-35.18
-176,0,9.6,1.68,-36.97
-176,0,9.64,1.58000000000001,-37.19
-176,0,9.68,1.15,-37.74
-176,0,9.72,1.062,-37.92
-176,0,9.76,0.655999999999999,-38.39
-176,0,9.8,0.57,-38.54
-176,0,9.84,-0.265999999999998,-39.38
-176,0,9.88,-1.542,-40.66
-176,0,9.92,-2.3,-41.41
-176,0,9.96,-3.79,-42.88
-176,0,10,-5.45,-44.52
-176,0,10.04,-7.234,-46.48
-176,0,10.08,-7.438,-46.86
-176,0,10.12,-7.65600000000001,-47.21
-176,0,10.16,-5.62800000000001,-45.27
-176,0,10.2,-3.22000000000001,-42.95
-176,0,10.24,-2.062,-41.76
-176,0,10.28,-1.624,-41.29
-176,0,10.32,-2.802,-42.43
-176,0,10.36,-3.866,-43.45
-176,0,10.4,-4.51,-44.05
-176,0,10.44,-6.594,-46.13
-176,0,10.48,-9.76799999999999,-49.3
-176,0,10.52,-12.952,-52.56
-176,0,10.56,-13.266,-53.03
-176,0,10.6,-11.09,-51.01
-176,0,10.64,-9.368,-49.38
-176,0,10.68,-8.46599999999999,-48.57
-176,0,10.72,-7.176,-47.35
-176,0,10.76,-6.238,-46.46
-176,0,10.8,-6.52999999999999,-46.8
-176,0,10.84,-7.38,-47.55
-176,0,10.88,-8.41999999999999,-48.49
-176,0,10.92,-8.31199999999999,-48.32
-176,0,10.96,-8.006,-47.99
-176,0,11,-8.74,-48.7
-176,0,11.04,-9.306,-49.37
-176,0,11.08,-10.592,-50.76
-176,0,11.12,-10.886,-51.13
-176,0,11.16,-12.248,-52.54
-176,0,11.2,-13.21,-53.55
-176,0,11.24,-13.468,-53.86
-176,0,11.28,-13.026,-53.47
-176,0,11.32,-12.084,-52.6
-176,0,11.36,-11.732,-52.34
-176,0,11.4,-11.13,-51.83
-176,0,11.44,-10.262,-51.01
-176,0,11.48,-9.77399999999999,-50.57
-176,0,11.52,-10.91,-51.74
-176,0,11.56,-12.54,-53.39
-176,0,11.6,-12.38,-53.25
-176,0,11.64,-12.026,-52.98
-176,0,11.68,-12.162,-53.2
-176,0,11.72,-13.848,-54.94
-176,0,11.76,-17.704,-58.82
-176,0,11.8,-23.59,-64.73
-176,0,11.84,-21.486,-62.57
-176,0,11.88,-17.312,-58.34
-176,0,11.92,-12.964,-54.09
-176,0,11.96,-11.472,-52.85
-176,0,12,-12.48,-54.11
-175,0,8,-13.69,-48.31
-175,0,8.04,-11.888,-46.6
-175,0,8.08,-9.60599999999999,-44.41
-175,0,8.12,-7.86199999999999,-42.75
-175,0,8.16,-6.806,-41.77
-175,0,8.2,-7.76,-42.8
-175,0,8.24,-7.59200000000001,-42.7
-175,0,8.28,-8.034,-43.21
-175,0,8.32,-8.106,-43.35
-175,0,8.36,-9.538,-44.85
-175,0,8.4,-11.96,-47.34
-175,0,8.44,-13.742,-49.33
-175,0,8.48,-12.694,-48.49
-175,0,8.52,-10.104,-46.13
-175,0,8.56,-6.572,-42.85
-175,0,8.6,-4.12,-40.65
-175,0,8.64,-2.29399999999999,-39.14
-175,0,8.68,-0.0480000000000018,-37.21
-175,0,8.72,0.902000000000001,-36.4
-175,0,8.76,2.266,-35
-175,0,8.8,2.51,-34.72
-175,0,8.84,4.316,-32.87
-175,0,8.88,4.572,-32.57
-175,0,8.92,4.76600000000001,-32.44
-175,0,8.96,5.238,-32.14
-175,0,9,6.72,-30.83
-175,0,9.04,6.23599999999999,-31.55
-175,0,9.08,7.32200000000001,-30.7
-175,0,9.12,6.344,-31.94
-175,0,9.16,6.532,-32.04
-175,0,9.2,6.39,-32.47
-175,0,9.24,6.52,-32.08
-175,0,9.28,5.88000000000001,-32.46
-175,0,9.32,5.852,-32.31
-175,0,9.36,5.676,-32.39
-175,0,9.4,4.43,-33.54
-175,0,9.44,3.606,-34.5
-175,0,9.48,3.362,-34.88
-175,0,9.52,3.078,-35.3
-175,0,9.56,2.504,-36.01
-175,0,9.6,0.519999999999996,-38.13
-175,0,9.64,0.590000000000003,-38.18
-175,0,9.68,0.189999999999998,-38.7
-175,0,9.72,-0.107999999999997,-39.09
-175,0,9.76,-0.624000000000002,-39.67
-175,0,9.8,-0.960000000000001,-40.07
-175,0,9.84,-1.86599999999999,-40.98
-175,0,9.88,-3.41200000000001,-42.53
-175,0,9.92,-4.18,-43.29
-175,0,9.96,-5.59,-44.68
-175,0,10,-7.38,-46.45
-175,0,10.04,-7.78400000000001,-47.03
-175,0,10.08,-7.16800000000001,-46.59
-175,0,10.12,-6.21600000000001,-45.77
-175,0,10.16,-4.818,-44.46
-175,0,10.2,-3,-42.73
-175,0,10.24,-1.97200000000001,-41.67
-175,0,10.28,-1.904,-41.57
-175,0,10.32,-3.552,-43.18
-175,0,10.36,-4.916,-44.5
-175,0,10.4,-6.76,-46.3
-175,0,10.44,-10.364,-49.9
-175,0,10.48,-13.578,-53.11
-175,0,10.52,-16.242,-55.85
-175,0,10.56,-12.476,-52.24
-175,0,10.6,-8.46,-48.38
-175,0,10.64,-7.758,-47.77
-175,0,10.68,-6.846,-46.95
-175,0,10.72,-6.346,-46.52
-175,0,10.76,-5.738,-45.96
-175,0,10.8,-6.25,-46.52
-175,0,10.84,-7.8,-47.97
-175,0,10.88,-8.7,-48.77
-175,0,10.92,-9.55199999999999,-49.56
-175,0,10.96,-9.756,-49.74
-175,0,11,-10.18,-50.14
-175,0,11.04,-11.086,-51.15
-175,0,11.08,-13.212,-53.38
-175,0,11.12,-13.656,-53.9
-175,0,11.16,-14.468,-54.76
-175,0,11.2,-14.6,-54.94
-175,0,11.24,-13.548,-53.94
-175,0,11.28,-11.586,-52.03
-175,0,11.32,-10.964,-51.48
-175,0,11.36,-10.072,-50.68
-175,0,11.4,-9.45999999999999,-50.16
-175,0,11.44,-9.40199999999999,-50.15
-175,0,11.48,-10.574,-51.37
-175,0,11.52,-12.17,-53
-175,0,11.56,-14.02,-54.87
-175,0,11.6,-15.28,-56.15
-175,0,11.64,-14.886,-55.84
-175,0,11.68,-15.052,-56.09
-175,0,11.72,-19.748,-60.84
-175,0,11.76,-20.184,-61.3
-175,0,11.8,-18.96,-60.1
-175,0,11.84,-16.496,-57.58
-175,0,11.88,-15.412,-56.44
-175,0,11.92,-13.244,-54.37
-175,0,11.96,-13.202,-54.58
-175,0,12,-14.16,-55.79
-174,0,8,-10.53,-45.15
-174,0,8.04,-9.328,-44.04
-174,0,8.08,-7.886,-42.69
-174,0,8.12,-7.242,-42.13
-174,0,8.16,-6.626,-41.59
-174,0,8.2,-7.89,-42.93
-174,0,8.24,-8.09200000000001,-43.2
-174,0,8.28,-10.124,-45.3
-174,0,8.32,-10.726,-45.97
-174,0,8.36,-12.578,-47.89
-174,0,8.4,-14.95,-50.33
-174,0,8.44,-12.452,-48.04
-174,0,8.48,-8.714,-44.51
-174,0,8.52,-5.67400000000001,-41.7
-174,0,8.56,-3.182,-39.46
-174,0,8.6,-0.990000000000002,-37.52
-174,0,8.64,0.586000000000013,-36.26
-174,0,8.68,2.362,-34.8
-174,0,8.72,2.952,-34.35
-174,0,8.76,3.92599999999999,-33.34
-174,0,8.8,3.95999999999999,-33.27
-174,0,8.84,5.55599999999999,-31.63
-174,0,8.88,5.52199999999999,-31.62
-174,0,8.92,5.366,-31.84
-174,0,8.96,5.578,-31.8
-174,0,9,7.04,-30.51
-174,0,9.04,6.41599999999999,-31.37
-174,0,9.08,7.30200000000001,-30.72
-174,0,9.12,6.224,-32.06
-174,0,9.16,6.122,-32.45
-174,0,9.2,5.92,-32.94
-174,0,9.24,5.92999999999999,-32.67
-174,0,9.28,5.15000000000001,-33.19
-174,0,9.32,4.972,-33.19
-174,0,9.36,4.726,-33.34
-174,0,9.4,3.4,-34.57
-174,0,9.44,2.336,-35.77
-174,0,9.48,2.102,-36.14
-174,0,9.52,1.808,-36.57
-174,0,9.56,1.164,-37.35
-174,0,9.6,-0.5,-39.15
-174,0,9.64,-0.449999999999996,-39.22
-174,0,9.68,-1.08,-39.97
-174,0,9.72,-1.36799999999999,-40.35
-174,0,9.76,-1.954,-41
-174,0,9.8,-2.17,-41.28
-174,0,9.84,-3.226,-42.34
-174,0,9.88,-4.462,-43.58
-174,0,9.92,-5.6,-44.71
-174,0,9.96,-6.58,-45.67
-174,0,10,-7.4,-46.47
-174,0,10.04,-7.124,-46.37
-174,0,10.08,-6.048,-45.47
-174,0,10.12,-5.236,-44.79
-174,0,10.16,-4.59800000000001,-44.24
-174,0,10.2,-2.91,-42.64
-174,0,10.24,-2.34200000000001,-42.04
-174,0,10.28,-2.82400000000001,-42.49
-174,0,10.32,-4.702,-44.33
-174,0,10.36,-7.386,-46.97
-174,0,10.4,-10.24,-49.78
-174,0,10.44,-14.194,-53.73
-174,0,10.48,-18.678,-58.21
-174,0,10.52,-13.562,-53.17
-174,0,10.56,-9.35599999999999,-49.12
-174,0,10.6,-7.2,-47.12
-174,0,10.64,-6.478,-46.49
-174,0,10.68,-5.79599999999999,-45.9
-174,0,10.72,-5.316,-45.49
-174,0,10.76,-5.558,-45.78
-174,0,10.8,-6.66999999999999,-46.94
-174,0,10.84,-9.02,-49.19
-174,0,10.88,-10.73,-50.8
-174,0,10.92,-11.862,-51.87
-174,0,10.96,-12.636,-52.62
-174,0,11,-13.33,-53.29
-174,0,11.04,-15.676,-55.74
-174,0,11.08,-16.082,-56.25
-174,0,11.12,-14.436,-54.68
-174,0,11.16,-12.028,-52.32
-174,0,11.2,-11.27,-51.61
-174,0,11.24,-10.558,-50.95
-174,0,11.28,-9.166,-49.61
-174,0,11.32,-10.204,-50.72
-174,0,11.36,-9.72199999999999,-50.33
-174,0,11.4,-10.93,-51.63
-174,0,11.44,-11.692,-52.44
-174,0,11.48,-14.724,-55.52
-174,0,11.52,-17.09,-57.92
-174,0,11.56,-19.32,-60.17
-174,0,11.6,-17.33,-58.2
-174,0,11.64,-16.406,-57.36
-174,0,11.68,-15.582,-56.62
-174,0,11.72,-14.538,-55.63
-174,0,11.76,-13.794,-54.91
-174,0,11.8,-12.65,-53.79
-174,0,11.84,-13.686,-54.77
-174,0,11.88,-14.382,-55.41
-174,0,11.92,-16.784,-57.91
-174,0,11.96,-14.392,-55.77
-174,0,12,-15.5,-57.13
-173,0,8,-8.83000000000001,-43.45
-173,0,8.04,-7.998,-42.71
-173,0,8.08,-7.346,-42.15
-173,0,8.12,-6.992,-41.88
-173,0,8.16,-6.986,-41.95
-173,0,8.2,-8.93,-43.97
-173,0,8.24,-10.092,-45.2
-173,0,8.28,-13.484,-48.66
-173,0,8.32,-14.406,-49.65
-173,0,8.36,-13.568,-48.88
-173,0,8.4,-10.71,-46.09
-173,0,8.44,-7.622,-43.21
-173,0,8.48,-4.744,-40.54
-173,0,8.52,-2.304,-38.33
-173,0,8.56,-0.421999999999997,-36.7
-173,0,8.6,1.28,-35.25
-173,0,8.64,2.38600000000001,-34.46
-173,0,8.68,3.962,-33.2
-173,0,8.72,4.412,-32.89
-173,0,8.76,5.046,-32.22
-173,0,8.8,4.91,-32.32
-173,0,8.84,6.34599999999999,-30.84
-173,0,8.88,6.052,-31.09
-173,0,8.92,5.806,-31.4
-173,0,8.96,5.788,-31.59
-173,0,9,7.11,-30.44
-173,0,9.04,6.316,-31.47
-173,0,9.08,7.082,-30.94
-173,0,9.12,5.874,-32.41
-173,0,9.16,5.712,-32.86
-173,0,9.2,5.38,-33.48
-173,0,9.24,5.34999999999999,-33.25
-173,0,9.28,4.30000000000001,-34.04
-173,0,9.32,3.882,-34.28
-173,0,9.36,3.466,-34.6
-173,0,9.4,1.99,-35.98
-173,0,9.44,1.146,-36.96
-173,0,9.48,0.682000000000002,-37.56
-173,0,9.52,0.637999999999998,-37.74
-173,0,9.56,0.0140000000000029,-38.5
-173,0,9.6,-1.62,-40.27
-173,0,9.64,-1.65,-40.42
-173,0,9.68,-2.13,-41.02
-173,0,9.72,-2.62799999999999,-41.61
-173,0,9.76,-2.914,-41.96
-173,0,9.8,-3.3,-42.41
-173,0,9.84,-4.14599999999999,-43.26
-173,0,9.88,-5.58200000000001,-44.7
-173,0,9.92,-6.32,-45.43
-173,0,9.96,-7.38,-46.47
-173,0,10,-7.61,-46.68
-173,0,10.04,-7.24400000000001,-46.49
-173,0,10.08,-5.788,-45.21
-173,0,10.12,-5.36600000000001,-44.92
-173,0,10.16,-4.368,-44.01
-173,0,10.2,-3.42,-43.15
-173,0,10.24,-3.172,-42.87
-173,0,10.28,-4.484,-44.15
-173,0,10.32,-7.312,-46.94
-173,0,10.36,-11.026,-50.61
-173,0,10.4,-14.18,-53.72
-173,0,10.44,-18.894,-58.43
-173,0,10.48,-14.948,-54.48
-173,0,10.52,-9.462,-49.07
-173,0,10.56,-6.846,-46.61
-173,0,10.6,-5.66,-45.58
-173,0,10.64,-5.048,-45.06
-173,0,10.68,-5.346,-45.45
-173,0,10.72,-5.196,-45.37
-173,0,10.76,-5.918,-46.14
-173,0,10.8,-7.59,-47.86
-173,0,10.84,-11.15,-51.32
-173,0,10.88,-15.52,-55.59
-173,0,10.92,-17.522,-57.53
-173,0,10.96,-17.166,-57.15
-173,0,11,-16.13,-56.09
-173,0,11.04,-12.256,-52.32
-173,0,11.08,-11.392,-51.56
-173,0,11.12,-9.296,-49.54
-173,0,11.16,-8.908,-49.2
-173,0,11.2,-9.13,-49.47
-173,0,11.24,-8.708,-49.1
-173,0,11.28,-8.746,-49.19
-173,0,11.32,-10.094,-50.61
-173,0,11.36,-12.512,-53.12
-173,0,11.4,-14.88,-55.58
-173,0,11.44,-16.292,-57.04
-173,0,11.48,-22.494,-63.29
-173,0,11.52,-19.52,-60.35
-173,0,11.56,-18.77,-59.62
-173,0,11.6,-16.56,-57.43
-173,0,11.64,-13.926,-54.88
-173,0,11.68,-12.802,-53.84
-173,0,11.72,-12.628,-53.72
-173,0,11.76,-12.754,-53.87
-173,0,11.8,-13.77,-54.91
-173,0,11.84,-15.996,-57.08
-173,0,11.88,-16.332,-57.36
-173,0,11.92,-15.244,-56.37
-173,0,11.96,-17.042,-58.42
-173,0,12,-16.9,-58.53
-172,0,8,-7.81,-42.43
-172,0,8.04,-7.928,-42.64
-172,0,8.08,-7.866,-42.67
-172,0,8.12,-8.09199999999999,-42.98
-172,0,8.16,-8.916,-43.88
-172,0,8.2,-11.12,-46.16
-172,0,8.24,-13.662,-48.77
-172,0,8.28,-16.344,-51.52
-172,0,8.32,-11.986,-47.23
-172,0,8.36,-8.318,-43.63
-172,0,8.4,-5.73,-41.11
-172,0,8.44,-3.502,-39.09
-172,0,8.48,-1.694,-37.49
-172,0,8.52,0.125999999999998,-35.9
-172,0,8.56,1.76800000000001,-34.51
-172,0,8.6,3.24,-33.29
-172,0,8.64,3.93600000000001,-32.91
-172,0,8.68,5.252,-31.91
-172,0,8.72,5.532,-31.77
-172,0,8.76,5.976,-31.29
-172,0,8.8,5.52,-31.71
-172,0,8.84,6.77599999999999,-30.41
-172,0,8.88,6.282,-30.86
-172,0,8.92,5.896,-31.31
-172,0,8.96,5.718,-31.66
-172,0,9,6.9,-30.65
-172,0,9.04,6.03599999999999,-31.75
-172,0,9.08,6.652,-31.37
-172,0,9.12,5.334,-32.95
-172,0,9.16,5.122,-33.45
-172,0,9.2,4.56,-34.3
-172,0,9.24,4.16,-34.44
-172,0,9.28,2.93000000000001,-35.41
-172,0,9.32,2.132,-36.03
-172,0,9.36,1.976,-36.09
-172,0,9.4,0.649999999999999,-37.32
-172,0,9.44,-0.443999999999996,-38.55
-172,0,9.48,-0.347999999999999,-38.59
-172,0,9.52,-0.402000000000001,-38.78
-172,0,9.56,-0.995999999999995,-39.51
-172,0,9.6,-2.87,-41.52
-172,0,9.64,-2.83,-41.6
-172,0,9.68,-3.34,-42.23
-172,0,9.72,-3.858,-42.84
-172,0,9.76,-3.844,-42.89
-172,0,9.8,-3.85,-42.96
-172,0,9.84,-5.236,-44.35
-172,0,9.88,-6.16200000000001,-45.28
-172,0,9.92,-7.01,-46.12
-172,0,9.96,-7.61,-46.7
-172,0,10,-7.88,-46.95
-172,0,10.04,-7.694,-46.94
-172,0,10.08,-5.398,-44.82
-172,0,10.12,-5.54600000000001,-45.1
-172,0,10.16,-5.268,-44.91
-172,0,10.2,-4.89,-44.62
-172,0,10.24,-5.26200000000001,-44.96
-172,0,10.28,-7.474,-47.14
-172,0,10.32,-12.322,-51.95
-172,0,10.36,-15.126,-54.71
-172,0,10.4,-16.34,-55.88
-172,0,10.44,-13.054,-52.59
-172,0,10.48,-9.62799999999999,-49.16
-172,0,10.52,-7.072,-46.68
-172,0,10.56,-5.726,-45.49
-172,0,10.6,-4.63,-44.55
-172,0,10.64,-4.708,-44.72
-172,0,10.68,-5.78599999999999,-45.89
-172,0,10.72,-6.206,-46.38
-172,0,10.76,-8.108,-48.33
-172,0,10.8,-11.78,-52.05
-172,0,10.84,-18.29,-58.46
-172,0,10.88,-29.44,-69.51
-172,0,10.92,-17.242,-57.25
-172,0,10.96,-13.566,-53.55
-172,0,11,-10.3,-50.26
-172,0,11.04,-8.35600000000001,-48.42
-172,0,11.08,-9.212,-49.38
-172,0,11.12,-8.436,-48.68
-172,0,11.16,-8.138,-48.43
-172,0,11.2,-8.72,-49.06
-172,0,11.24,-8.97799999999999,-49.37
-172,0,11.28,-9.78599999999999,-50.23
-172,0,11.32,-14.534,-55.05
-172,0,11.36,-16.912,-57.52
-172,0,11.4,-24.33,-65.03
-172,0,11.44,-25.602,-66.35
-172,0,11.48,-21.894,-62.69
-172,0,11.52,-18.91,-59.74
-172,0,11.56,-15,-55.85
-172,0,11.6,-14.51,-55.38
-172,0,11.64,-12.166,-53.12
-172,0,11.68,-12.732,-53.77
-172,0,11.72,-13.248,-54.34
-172,0,11.76,-14.884,-56
-172,0,11.8,-16.7,-57.84
-172,0,11.84,-18.786,-59.87
-172,0,11.88,-16.242,-57.27
-172,0,11.92,-17.564,-58.69
-172,0,11.96,-17.192,-58.57
-172,0,12,-18,-59.63
-171,0,8,-7.57,-42.19
-171,0,8.04,-8.448,-43.16
-171,0,8.08,-9.496,-44.3
-171,0,8.12,-10.392,-45.28
-171,0,8.16,-12.346,-47.31
-171,0,8.2,-15.34,-50.38
-171,0,8.24,-14.052,-49.16
-171,0,8.28,-11.024,-46.2
-171,0,8.32,-6.346,-41.59
-171,0,8.36,-4.058,-39.37
-171,0,8.4,-2.37,-37.75
-171,0,8.44,-0.792000000000002,-36.38
-171,0,8.48,0.386000000000003,-35.41
-171,0,8.52,1.886,-34.14
-171,0,8.56,3.12800000000001,-33.15
-171,0,8.6,4.49,-32.04
-171,0,8.64,4.94600000000001,-31.9
-171,0,8.68,6.172,-30.99
-171,0,8.72,6.162,-31.14
-171,0,8.76,6.476,-30.79
-171,0,8.8,5.77,-31.46
-171,0,8.84,6.84599999999999,-30.34
-171,0,8.88,6.36199999999999,-30.78
-171,0,8.92,5.726,-31.48
-171,0,8.96,5.398,-31.98
-171,0,9,6.39,-31.16
-171,0,9.04,5.40599999999999,-32.38
-171,0,9.08,5.87200000000001,-32.15
-171,0,9.12,4.484,-33.8
-171,0,9.16,4.172,-34.4
-171,0,9.2,3.31,-35.55
-171,0,9.24,2.73999999999999,-35.86
-171,0,9.28,1.48000000000001,-36.86
-171,0,9.32,0.652000000000001,-37.51
-171,0,9.36,0.516000000000005,-37.55
-171,0,9.4,-0.910000000000004,-38.88
-171,0,9.44,-1.714,-39.82
-171,0,9.48,-1.62799999999999,-39.87
-171,0,9.52,-1.372,-39.75
-171,0,9.56,-2.086,-40.6
-171,0,9.6,-3.55,-42.2
-171,0,9.64,-3.5,-42.27
-171,0,9.68,-4.13,-43.02
-171,0,9.72,-4.648,-43.63
-171,0,9.76,-4.694,-43.74
-171,0,9.8,-4.97,-44.08
-171,0,9.84,-5.42599999999999,-44.54
-171,0,9.88,-6.62200000000001,-45.74
-171,0,9.92,-7.4,-46.51
-171,0,9.96,-7.77,-46.86
-171,0,10,-7.73,-46.8
-171,0,10.04,-7.20400000000001,-46.45
-171,0,10.08,-6.068,-45.49
-171,0,10.12,-6.806,-46.36
-171,0,10.16,-7.16800000000001,-46.81
-171,0,10.2,-6.63,-46.36
-171,0,10.24,-7.77200000000001,-47.47
-171,0,10.28,-10.894,-50.56
-171,0,10.32,-14.212,-53.84
-171,0,10.36,-15.166,-54.75
-171,0,10.4,-11.74,-51.28
-171,0,10.44,-8.974,-48.51
-171,0,10.48,-7.098,-46.63
-171,0,10.52,-5.83199999999999,-45.44
-171,0,10.56,-5.256,-45.02
-171,0,10.6,-5,-44.92
-171,0,10.64,-5.518,-45.53
-171,0,10.68,-7.96599999999999,-48.07
-171,0,10.72,-9.586,-49.76
-171,0,10.76,-12.258,-52.48
-171,0,10.8,-19.47,-59.74
-171,0,10.84,-38.82,-78.99
-171,0,10.88,-17.28,-57.35
-171,0,10.92,-12.062,-52.07
-171,0,10.96,-9.356,-49.34
-171,0,11,-7.58,-47.54
-171,0,11.04,-7.44600000000001,-47.51
-171,0,11.08,-8.052,-48.22
-171,0,11.12,-7.976,-48.22
-171,0,11.16,-8.598,-48.89
-171,0,11.2,-9.7,-50.04
-171,0,11.24,-11.268,-51.66
-171,0,11.28,-13.096,-53.54
-171,0,11.32,-18.284,-58.8
-171,0,11.36,-25.692,-66.3
-171,0,11.4,-29.49,-70.19
-171,0,11.44,-21.412,-62.16
-171,0,11.48,-16.564,-57.36
-171,0,11.52,-13.75,-54.58
-171,0,11.56,-12.87,-53.72
-171,0,11.6,-11.81,-52.68
-171,0,11.64,-11.956,-52.91
-171,0,11.68,-13.642,-54.68
-171,0,11.72,-14.808,-55.9
-171,0,11.76,-16.864,-57.98
-171,0,11.8,-19.16,-60.3
-171,0,11.84,-21.626,-62.71
-171,0,11.88,-22.242,-63.27
-171,0,11.92,-22.684,-63.81
-171,0,11.96,-21.172,-62.55
-171,0,12,-18.9,-60.53
-170,0,8,-7.53,-42.15
-170,0,8.04,-9.868,-44.58
-170,0,8.08,-11.966,-46.77
-170,0,8.12,-15.402,-50.29
-170,0,8.16,-16.626,-51.59
-170,0,8.2,-13.63,-48.67
-170,0,8.24,-8.95200000000001,-44.06
-170,0,8.28,-5.714,-40.89
-170,0,8.32,-2.596,-37.84
-170,0,8.36,-1.128,-36.44
-170,0,8.4,0.260000000000005,-35.12
-170,0,8.44,1.378,-34.21
-170,0,8.48,2.206,-33.59
-170,0,8.52,3.206,-32.82
-170,0,8.56,4.15800000000001,-32.12
-170,0,8.6,5.23,-31.3
-170,0,8.64,5.55600000000001,-31.29
-170,0,8.68,6.652,-30.51
-170,0,8.72,6.442,-30.86
-170,0,8.76,6.686,-30.58
-170,0,8.8,5.86,-31.37
-170,0,8.84,6.82599999999999,-30.36
-170,0,8.88,6.04199999999999,-31.1
-170,0,8.92,5.306,-31.9
-170,0,8.96,4.878,-32.5
-170,0,9,5.68,-31.87
-170,0,9.04,4.39599999999999,-33.39
-170,0,9.08,4.98200000000001,-33.04
-170,0,9.12,3.474,-34.81
-170,0,9.16,3.142,-35.43
-170,0,9.2,2.06,-36.8
-170,0,9.24,1.45999999999999,-37.14
-170,0,9.28,0.120000000000012,-38.22
-170,0,9.32,-0.438000000000002,-38.6
-170,0,9.36,-0.783999999999999,-38.85
-170,0,9.4,-2.11,-40.08
-170,0,9.44,-2.704,-40.81
-170,0,9.48,-2.498,-40.74
-170,0,9.52,-1.952,-40.33
-170,0,9.56,-2.736,-41.25
-170,0,9.6,-4.63,-43.28
-170,0,9.64,-4.47,-43.24
-170,0,9.68,-5.02,-43.91
-170,0,9.72,-5.54799999999999,-44.53
-170,0,9.76,-5.664,-44.71
-170,0,9.8,-5.55,-44.66
-170,0,9.84,-5.876,-44.99
-170,0,9.88,-6.97200000000001,-46.09
-170,0,9.92,-7.55,-46.66
-170,0,9.96,-8.02,-47.11
-170,0,10,-7.87,-46.94
-170,0,10.04,-7.96400000000001,-47.21
-170,0,10.08,-7.548,-46.97
-170,0,10.12,-8.236,-47.79
-170,0,10.16,-8.928,-48.57
-170,0,10.2,-9.25,-48.98
-170,0,10.24,-9.88200000000001,-49.58
-170,0,10.28,-11.724,-51.39
-170,0,10.32,-13.602,-53.23
-170,0,10.36,-12.616,-52.2
-170,0,10.4,-10.12,-49.66
-170,0,10.44,-7.524,-47.06
-170,0,10.48,-6.398,-45.93
-170,0,10.52,-6.12199999999999,-45.73
-170,0,10.56,-5.266,-45.03
-170,0,10.6,-7.04,-46.96
-170,0,10.64,-8.298,-48.31
-170,0,10.68,-10.976,-51.08
-170,0,10.72,-14.496,-54.67
-170,0,10.76,-19.258,-59.48
-170,0,10.8,-33.72,-73.99
-170,0,10.84,-19.14,-59.31
-170,0,10.88,-13.8,-53.87
-170,0,10.92,-10.552,-50.56
-170,0,10.96,-8.396,-48.38
-170,0,11,-6.6,-46.56
-170,0,11.04,-7.25600000000001,-47.32
-170,0,11.08,-7.852,-48.02
-170,0,11.12,-8.426,-48.67
-170,0,11.16,-10.198,-50.49
-170,0,11.2,-12.22,-52.56
-170,0,11.24,-16.228,-56.62
-170,0,11.28,-20.126,-60.57
-170,0,11.32,-31.634,-72.15
-170,0,11.36,-23.062,-63.67
-170,0,11.4,-18.78,-59.48
-170,0,11.44,-14.772,-55.52
-170,0,11.48,-11.194,-51.99
-170,0,11.52,-10.18,-51.01
-170,0,11.56,-10.17,-51.02
-170,0,11.6,-9.69,-50.56
-170,0,11.64,-12.096,-53.05
-170,0,11.68,-11.992,-53.03
-170,0,11.72,-14.158,-55.25
-170,0,11.76,-16.164,-57.28
-170,0,11.8,-21.04,-62.18
-170,0,11.84,-26.846,-67.93
-170,0,11.88,-36.632,-77.66
-170,0,11.92,-24.474,-65.6
-170,0,11.96,-20.122,-61.5
-170,0,12,-18.3,-59.93
-169,0,8,-9.03,-43.65
-169,0,8.04,-12.058,-46.77
-169,0,8.08,-15.766,-50.57
-169,0,8.12,-16.952,-51.84
-169,0,8.16,-11.506,-46.47
-169,0,8.2,-8.52,-43.56
-169,0,8.24,-4.77200000000001,-39.88
-169,0,8.28,-2.444,-37.62
-169,0,8.32,0.0439999999999969,-35.2
-169,0,8.36,1.22199999999999,-34.09
-169,0,8.4,2.19,-33.19
-169,0,8.44,3.018,-32.57
-169,0,8.48,3.686,-32.11
-169,0,8.52,4.376,-31.65
-169,0,8.56,4.93800000000001,-31.34
-169,0,8.6,5.74,-30.79
-169,0,8.64,5.86600000000001,-30.98
-169,0,8.68,6.802,-30.36
-169,0,8.72,6.502,-30.8
-169,0,8.76,6.556,-30.71
-169,0,8.8,5.68,-31.55
-169,0,8.84,6.40599999999999,-30.78
-169,0,8.88,5.482,-31.66
-169,0,8.92,4.606,-32.6
-169,0,8.96,3.948,-33.43
-169,0,9,4.66999999999999,-32.88
-169,0,9.04,3.306,-34.48
-169,0,9.08,3.752,-34.27
-169,0,9.12,2.264,-36.02
-169,0,9.16,1.892,-36.68
-169,0,9.2,0.839999999999996,-38.02
-169,0,9.24,0.319999999999993,-38.28
-169,0,9.28,-0.969999999999992,-39.31
-169,0,9.32,-1.598,-39.76
-169,0,9.36,-1.774,-39.84
-169,0,9.4,-2.82,-40.79
-169,0,9.44,-3.444,-41.55
-169,0,9.48,-3.008,-41.25
-169,0,9.52,-2.592,-40.97
-169,0,9.56,-3.316,-41.83
-169,0,9.6,-5.18,-43.83
-169,0,9.64,-5.09,-43.86
-169,0,9.68,-5.85,-44.74
-169,0,9.72,-6.008,-44.99
-169,0,9.76,-6.284,-45.33
-169,0,9.8,-5.69,-44.8
-169,0,9.84,-6.016,-45.13
-169,0,9.88,-7.34200000000001,-46.46
-169,0,9.92,-7.64,-46.75
-169,0,9.96,-8.65,-47.74
-169,0,10,-8.63,-47.7
-169,0,10.04,-10.044,-49.29
-169,0,10.08,-9.678,-49.1
-169,0,10.12,-9.76600000000001,-49.32
-169,0,10.16,-10.398,-50.04
-169,0,10.2,-9.59,-49.32
-169,0,10.24,-10.162,-49.86
-169,0,10.28,-11.394,-51.06
-169,0,10.32,-12.482,-52.11
-169,0,10.36,-10.716,-50.3
-169,0,10.4,-8.6,-48.14
-169,0,10.44,-7.574,-47.11
-169,0,10.48,-7.008,-46.54
-169,0,10.52,-6.912,-46.52
-169,0,10.56,-7.39599999999999,-47.16
-169,0,10.6,-9.09,-49.01
-169,0,10.64,-11.288,-51.3
-169,0,10.68,-16.996,-57.1
-169,0,10.72,-25.006,-65.18
-169,0,10.76,-24.008,-64.23
-169,0,10.8,-17.5,-57.77
-169,0,10.84,-14.15,-54.32
-169,0,10.88,-12.14,-52.21
-169,0,10.92,-9.86199999999999,-49.87
-169,0,10.96,-8.016,-48
-169,0,11,-6.95,-46.91
-169,0,11.04,-7.64600000000001,-47.71
-169,0,11.08,-8.872,-49.04
-169,0,11.12,-8.986,-49.23
-169,0,11.16,-11.598,-51.89
-169,0,11.2,-16.48,-56.82
-169,0,11.24,-24.248,-64.64
-169,0,11.28,-25.936,-66.38
-169,0,11.32,-19.194,-59.71
-169,0,11.36,-14.812,-55.42
-169,0,11.4,-12.45,-53.15
-169,0,11.44,-10.422,-51.17
-169,0,11.48,-9.014,-49.81
-169,0,11.52,-9.02,-49.85
-169,0,11.56,-10.96,-51.81
-169,0,11.6,-11.44,-52.31
-169,0,11.64,-12.886,-53.84
-169,0,11.68,-13.672,-54.71
-169,0,11.72,-17.038,-58.13
-169,0,11.76,-19.854,-60.97
-169,0,11.8,-27.75,-68.89
-169,0,11.84,-30.196,-71.28
-169,0,11.88,-25.512,-66.54
-169,0,11.92,-22.914,-64.04
-169,0,11.96,-18.732,-60.11
-169,0,12,-16.27,-57.9
-168,0,8,-11.63,-46.25
-168,0,8.04,-15.418,-50.13
-168,0,8.08,-15.246,-50.05
-168,0,8.12,-10.932,-45.82
-168,0,8.16,-6.766,-41.73
-168,0,8.2,-4.92,-39.96
-168,0,8.24,-1.98200000000001,-37.09
-168,0,8.28,-0.183999999999997,-35.36
-168,0,8.32,1.964,-33.28
-168,0,8.36,2.992,-32.32
-168,0,8.4,3.5,-31.88
-168,0,8.44,4.188,-31.4
-168,0,8.48,4.726,-31.07
-168,0,8.52,5.10599999999999,-30.92
-168,0,8.56,5.45800000000001,-30.82
-168,0,8.6,5.98,-30.55
-168,0,8.64,5.87600000000001,-30.97
-168,0,8.68,6.642,-30.52
-168,0,8.72,6.192,-31.11
-168,0,8.76,6.146,-31.12
-168,0,8.8,5.19,-32.04
-168,0,8.84,5.69599999999999,-31.49
-168,0,8.88,4.672,-32.47
-168,0,8.92,3.54600000000001,-33.66
-168,0,8.96,2.738,-34.64
-168,0,9,3.15,-34.4
-168,0,9.04,1.94599999999999,-35.84
-168,0,9.08,2.44200000000001,-35.58
-168,0,9.12,1.054,-37.23
-168,0,9.16,0.662000000000006,-37.91
-168,0,9.2,-0.289999999999999,-39.15
-168,0,9.24,-0.690000000000005,-39.29
-168,0,9.28,-2.05999999999999,-40.4
-168,0,9.32,-2.618,-40.78
-168,0,9.36,-2.854,-40.92
-168,0,9.4,-3.42,-41.39
-168,0,9.44,-4.204,-42.31
-168,0,9.48,-3.538,-41.78
-168,0,9.52,-3.262,-41.64
-168,0,9.56,-4.156,-42.67
-168,0,9.6,-6.04,-44.69
-168,0,9.64,-5.83,-44.6
-168,0,9.68,-5.97,-44.86
-168,0,9.72,-6.358,-45.34
-168,0,9.76,-6.364,-45.41
-168,0,9.8,-5.88,-44.99
-168,0,9.84,-6.596,-45.71
-168,0,9.88,-7.88200000000001,-47
-168,0,9.92,-8.81,-47.92
-168,0,9.96,-9.68,-48.77
-168,0,10,-10.91,-49.98
-168,0,10.04,-11.814,-51.06
-168,0,10.08,-10.448,-49.87
-168,0,10.12,-10.026,-49.58
-168,0,10.16,-10.438,-50.08
-168,0,10.2,-9.34,-49.07
-168,0,10.24,-9.93200000000001,-49.63
-168,0,10.28,-9.694,-49.36
-168,0,10.32,-10.862,-50.49
-168,0,10.36,-10.656,-50.24
-168,0,10.4,-9.04,-48.58
-168,0,10.44,-8.494,-48.03
-168,0,10.48,-8.958,-48.49
-168,0,10.52,-8.662,-48.27
-168,0,10.56,-9.006,-48.77
-168,0,10.6,-10.59,-50.51
-168,0,10.64,-14.328,-54.34
-168,0,10.68,-21.796,-61.9
-168,0,10.72,-22.206,-62.38
-168,0,10.76,-17.648,-57.87
-168,0,10.8,-13.69,-53.96
-168,0,10.84,-12.36,-52.53
-168,0,10.88,-11.09,-51.16
-168,0,10.92,-9.87199999999999,-49.88
-168,0,10.96,-8.076,-48.06
-168,0,11,-7.8,-47.76
-168,0,11.04,-8.626,-48.69
-168,0,11.08,-10.742,-50.91
-168,0,11.12,-12.596,-52.84
-168,0,11.16,-16.348,-56.64
-168,0,11.2,-25.84,-66.18
-168,0,11.24,-19.888,-60.28
-168,0,11.28,-14.876,-55.32
-168,0,11.32,-11.654,-52.17
-168,0,11.36,-9.822,-50.43
-168,0,11.4,-9.48,-50.18
-168,0,11.44,-9.62199999999999,-50.37
-168,0,11.48,-9.84399999999999,-50.64
-168,0,11.52,-11.61,-52.44
-168,0,11.56,-13.91,-54.76
-168,0,11.6,-15.63,-56.5
-168,0,11.64,-18.176,-59.13
-168,0,11.68,-19.942,-60.98
-168,0,11.72,-21.628,-62.72
-168,0,11.76,-20.394,-61.51
-168,0,11.8,-17.77,-58.91
-168,0,11.84,-17.576,-58.66
-168,0,11.88,-17.232,-58.26
-168,0,11.92,-16.414,-57.54
-168,0,11.96,-19.022,-60.4
-168,0,12,-16.89,-58.52
-167,0,8,-13.1,-47.72
-167,0,8.04,-12.018,-46.73
-167,0,8.08,-8.286,-43.09
-167,0,8.12,-5.852,-40.74
-167,0,8.16,-3.366,-38.33
-167,0,8.2,-2.14,-37.18
-167,0,8.24,0.187999999999995,-34.92
-167,0,8.28,1.566,-33.61
-167,0,8.32,3.294,-31.95
-167,0,8.36,3.972,-31.34
-167,0,8.4,4.44,-30.94
-167,0,8.44,4.918,-30.67
-167,0,8.48,5.166,-30.63
-167,0,8.52,5.526,-30.5
-167,0,8.56,5.658,-30.62
-167,0,8.6,5.97,-30.56
-167,0,8.64,5.59600000000001,-31.25
-167,0,8.68,6.242,-30.92
-167,0,8.72,5.602,-31.7
-167,0,8.76,5.576,-31.69
-167,0,8.8,4.45999999999999,-32.77
-167,0,8.84,4.76599999999999,-32.42
-167,0,8.88,3.532,-33.61
-167,0,8.92,2.01600000000001,-35.19
-167,0,8.96,1.198,-36.18
-167,0,9,1.87,-35.68
-167,0,9.04,0.645999999999994,-37.14
-167,0,9.08,1.34200000000001,-36.68
-167,0,9.12,-0.136000000000003,-38.42
-167,0,9.16,-0.567999999999998,-39.14
-167,0,9.2,-1.25,-40.11
-167,0,9.24,-1.63,-40.23
-167,0,9.28,-3.00999999999999,-41.35
-167,0,9.32,-3.438,-41.6
-167,0,9.36,-3.114,-41.18
-167,0,9.4,-3.74,-41.71
-167,0,9.44,-4.55399999999999,-42.66
-167,0,9.48,-4.178,-42.42
-167,0,9.52,-4.322,-42.7
-167,0,9.56,-4.976,-43.49
-167,0,9.6,-6.84,-45.49
-167,0,9.64,-6.13999999999999,-44.91
-167,0,9.68,-6.26,-45.15
-167,0,9.72,-6.54799999999999,-45.53
-167,0,9.76,-6.714,-45.76
-167,0,9.8,-6.5,-45.61
-167,0,9.84,-7.85599999999999,-46.97
-167,0,9.88,-9.44200000000001,-48.56
-167,0,9.92,-9.97,-49.08
-167,0,9.96,-11.23,-50.32
-167,0,10,-11.41,-50.48
-167,0,10.04,-11.304,-50.55
-167,0,10.08,-9.398,-48.82
-167,0,10.12,-10.106,-49.66
-167,0,10.16,-11.008,-50.65
-167,0,10.2,-10.24,-49.97
-167,0,10.24,-10.632,-50.33
-167,0,10.28,-9.564,-49.23
-167,0,10.32,-10.082,-49.71
-167,0,10.36,-10.986,-50.57
-167,0,10.4,-9.79,-49.33
-167,0,10.44,-9.904,-49.44
-167,0,10.48,-9.87799999999999,-49.41
-167,0,10.52,-9.97199999999999,-49.58
-167,0,10.56,-10.826,-50.59
-167,0,10.6,-13.32,-53.24
-167,0,10.64,-17.528,-57.54
-167,0,10.68,-21.666,-61.77
-167,0,10.72,-17.466,-57.64
-167,0,10.76,-14.308,-54.53
-167,0,10.8,-12.36,-52.63
-167,0,10.84,-12.16,-52.33
-167,0,10.88,-10.69,-50.76
-167,0,10.92,-9.77199999999999,-49.78
-167,0,10.96,-9.116,-49.1
-167,0,11,-9.65,-49.61
-167,0,11.04,-10.956,-51.02
-167,0,11.08,-14.562,-54.73
-167,0,11.12,-20.616,-60.86
-167,0,11.16,-37.188,-77.48
-167,0,11.2,-20.37,-60.71
-167,0,11.24,-15.028,-55.42
-167,0,11.28,-11.736,-52.18
-167,0,11.32,-9.81399999999999,-50.33
-167,0,11.36,-9.482,-50.09
-167,0,11.4,-9.88,-50.58
-167,0,11.44,-10.442,-51.19
-167,0,11.48,-12.714,-53.51
-167,0,11.52,-17.19,-58.02
-167,0,11.56,-20.38,-61.23
-167,0,11.6,-26.82,-67.69
-167,0,11.64,-25.826,-66.78
-167,0,11.68,-19.492,-60.53
-167,0,11.72,-18.078,-59.17
-167,0,11.76,-15.664,-56.78
-167,0,11.8,-15.65,-56.79
-167,0,11.84,-14.036,-55.12
-167,0,11.88,-13.862,-54.89
-167,0,11.92,-13.814,-54.94
-167,0,11.96,-14.752,-56.13
-167,0,12,-16.68,-58.31
-166,0,8,-9.64,-44.26
-166,0,8.04,-6.87800000000001,-41.59
-166,0,8.08,-4.256,-39.06
-166,0,8.12,-2.33199999999999,-37.22
-166,0,8.16,-0.636000000000003,-35.6
-166,0,8.2,-0.0300000000000011,-35.07
-166,0,8.24,1.86799999999999,-33.24
-166,0,8.28,2.886,-32.29
-166,0,8.32,4.144,-31.1
-166,0,8.36,4.692,-30.62
-166,0,8.4,5.04,-30.34
-166,0,8.44,5.328,-30.26
-166,0,8.48,5.476,-30.32
-166,0,8.52,5.596,-30.43
-166,0,8.56,5.518,-30.76
-166,0,8.6,5.65,-30.88
-166,0,8.64,5.13600000000001,-31.71
-166,0,8.68,5.512,-31.65
-166,0,8.72,4.882,-32.42
-166,0,8.76,4.636,-32.63
-166,0,8.8,3.45,-33.78
-166,0,8.84,3.526,-33.66
-166,0,8.88,2.102,-35.04
-166,0,8.92,0.546000000000006,-36.66
-166,0,8.96,-0.351999999999997,-37.73
-166,0,9,0.43,-37.12
-166,0,9.04,-0.554000000000009,-38.34
-166,0,9.08,0.242000000000004,-37.78
-166,0,9.12,-1.256,-39.54
-166,0,9.16,-1.418,-39.99
-166,0,9.2,-1.89,-40.75
-166,0,9.24,-2.59,-41.19
-166,0,9.28,-3.74999999999999,-42.09
-166,0,9.32,-3.908,-42.07
-166,0,9.36,-3.774,-41.84
-166,0,9.4,-4.35,-42.32
-166,0,9.44,-5.064,-43.17
-166,0,9.48,-4.888,-43.13
-166,0,9.52,-5.352,-43.73
-166,0,9.56,-5.956,-44.47
-166,0,9.6,-7.06,-45.71
-166,0,9.64,-6.66,-45.43
-166,0,9.68,-6.51,-45.4
-166,0,9.72,-6.758,-45.74
-166,0,9.76,-7.054,-46.1
-166,0,9.8,-7.48,-46.59
-166,0,9.84,-9.03599999999999,-48.15
-166,0,9.88,-10.882,-50
-166,0,9.92,-11.33,-50.44
-166,0,9.96,-11.27,-50.36
-166,0,10,-11.11,-50.18
-166,0,10.04,-9.71400000000001,-48.96
-166,0,10.08,-9.928,-49.35
-166,0,10.12,-11.036,-50.59
-166,0,10.16,-11.798,-51.44
-166,0,10.2,-10.99,-50.72
-166,0,10.24,-10.932,-50.63
-166,0,10.28,-10.084,-49.75
-166,0,10.32,-11.292,-50.92
-166,0,10.36,-11.616,-51.2
-166,0,10.4,-11.71,-51.25
-166,0,10.44,-9.784,-49.32
-166,0,10.48,-11.018,-50.55
-166,0,10.52,-11.502,-51.11
-166,0,10.56,-14.006,-53.77
-166,0,10.6,-17.59,-57.51
-166,0,10.64,-17.218,-57.23
-166,0,10.68,-16.286,-56.39
-166,0,10.72,-14.836,-55.01
-166,0,10.76,-13.028,-53.25
-166,0,10.8,-12.43,-52.7
-166,0,10.84,-11.96,-52.13
-166,0,10.88,-10.14,-50.21
-166,0,10.92,-10.762,-50.77
-166,0,10.96,-10.696,-50.68
-166,0,11,-12.9,-52.86
-166,0,11.04,-16.536,-56.6
-166,0,11.08,-24.262,-64.43
-166,0,11.12,-32.126,-72.37
-166,0,11.16,-20.918,-61.21
-166,0,11.2,-14.6,-54.94
-166,0,11.24,-12.248,-52.64
-166,0,11.28,-10.806,-51.25
-166,0,11.32,-9.694,-50.21
-166,0,11.36,-9.842,-50.45
-166,0,11.4,-11.8,-52.5
-166,0,11.44,-14.612,-55.36
-166,0,11.48,-16.674,-57.47
-166,0,11.52,-23.68,-64.51
-166,0,11.56,-36.61,-77.46
-166,0,11.6,-23.54,-64.41
-166,0,11.64,-19.816,-60.77
-166,0,11.68,-16.502,-57.54
-166,0,11.72,-15.088,-56.18
-166,0,11.76,-14.394,-55.51
-166,0,11.8,-14.51,-55.65
-166,0,11.84,-13.356,-54.44
-166,0,11.88,-14.222,-55.25
-166,0,11.92,-13.054,-54.18
-166,0,11.96,-14.162,-55.54
-166,0,12,-16.71,-58.34
-165,0,8,-5.31,-39.93
-165,0,8.04,-3.298,-38.01
-165,0,8.08,-1.256,-36.06
-165,0,8.12,0.108000000000004,-34.78
-165,0,8.16,1.474,-33.49
-165,0,8.2,1.69,-33.35
-165,0,8.24,3.188,-31.92
-165,0,8.28,3.786,-31.39
-165,0,8.32,4.854,-30.39
-165,0,8.36,5.112,-30.2
-165,0,8.4,5.3,-30.08
-165,0,8.44,5.448,-30.14
-165,0,8.48,5.436,-30.36
-165,0,8.52,5.406,-30.62
-165,0,8.56,5.11800000000001,-31.16
-165,0,8.6,5.08,-31.45
-165,0,8.64,4.40600000000001,-32.44
-165,0,8.68,4.692,-32.47
-165,0,8.72,3.802,-33.5
-165,0,8.76,3.636,-33.63
-165,0,8.8,2.32,-34.91
-165,0,8.84,2.246,-34.94
-165,0,8.88,0.711999999999996,-36.43
-165,0,8.92,-1.104,-38.31
-165,0,8.96,-2.042,-39.42
-165,0,9,-0.870000000000005,-38.42
-165,0,9.04,-1.504,-39.29
-165,0,9.08,-0.947999999999993,-38.97
-165,0,9.12,-2.396,-40.68
-165,0,9.16,-2.558,-41.13
-165,0,9.2,-2.81,-41.67
-165,0,9.24,-3.24000000000001,-41.84
-165,0,9.28,-4.25999999999999,-42.6
-165,0,9.32,-4.258,-42.42
-165,0,9.36,-4.124,-42.19
-165,0,9.4,-4.98,-42.95
-165,0,9.44,-6.024,-44.13
-165,0,9.48,-5.72799999999999,-43.97
-165,0,9.52,-6.122,-44.5
-165,0,9.56,-6.85599999999999,-45.37
-165,0,9.6,-8.22,-46.87
-165,0,9.64,-7.26,-46.03
-165,0,9.68,-6.98,-45.87
-165,0,9.72,-7.22799999999999,-46.21
-165,0,9.76,-7.884,-46.93
-165,0,9.8,-8.87,-47.98
-165,0,9.84,-9.85599999999999,-48.97
-165,0,9.88,-11.542,-50.66
-165,0,9.92,-11.06,-50.17
-165,0,9.96,-10.63,-49.72
-165,0,10,-9.87,-48.94
-165,0,10.04,-9.934,-49.18
-165,0,10.08,-10.098,-49.52
-165,0,10.12,-11.496,-51.05
-165,0,10.16,-12.288,-51.93
-165,0,10.2,-12.07,-51.8
-165,0,10.24,-11.252,-50.95
-165,0,10.28,-10.324,-49.99
-165,0,10.32,-11.832,-51.46
-165,0,10.36,-11.986,-51.57
-165,0,10.4,-11.11,-50.65
-165,0,10.44,-12.034,-51.57
-165,0,10.48,-12.598,-52.13
-165,0,10.52,-14.122,-53.73
-165,0,10.56,-16.576,-56.34
-165,0,10.6,-14.88,-54.8
-165,0,10.64,-14.368,-54.38
-165,0,10.68,-13.706,-53.81
-165,0,10.72,-14.716,-54.89
-165,0,10.76,-13.308,-53.53
-165,0,10.8,-12.63,-52.9
-165,0,10.84,-11.91,-52.08
-165,0,10.88,-12.89,-52.96
-165,0,10.92,-13.492,-53.5
-165,0,10.96,-14.506,-54.49
-165,0,11,-17.22,-57.18
-165,0,11.04,-27.396,-67.46
-165,0,11.08,-25.562,-65.73
-165,0,11.12,-20.076,-60.32
-165,0,11.16,-14.598,-54.89
-165,0,11.2,-12.86,-53.2
-165,0,11.24,-11.008,-51.4
-165,0,11.28,-10.806,-51.25
-165,0,11.32,-11.444,-51.96
-165,0,11.36,-12.572,-53.18
-165,0,11.4,-15.69,-56.39
-165,0,11.44,-21.442,-62.19
-165,0,11.48,-26.564,-67.36
-165,0,11.52,-34.01,-74.84
-165,0,11.56,-20.45,-61.3
-165,0,11.6,-17.89,-58.76
-165,0,11.64,-16.246,-57.2
-165,0,11.68,-13.002,-54.04
-165,0,11.72,-13.088,-54.18
-165,0,11.76,-14.564,-55.68
-165,0,11.8,-16.11,-57.25
-165,0,11.84,-17.076,-58.16
-165,0,11.88,-16.872,-57.9
-165,0,11.92,-17.224,-58.35
-165,0,11.96,-16.382,-57.76
-165,0,12,-17.42,-59.05
-164,0,8,-2.35,-36.97
-164,0,8.04,-0.658000000000001,-35.37
-164,0,8.08,0.824000000000005,-33.98
-164,0,8.12,1.798,-33.09
-164,0,8.16,2.974,-31.99
-164,0,8.2,2.75,-32.29
-164,0,8.24,4.118,-30.99
-164,0,8.28,4.446,-30.73
-164,0,8.32,5.254,-29.99
-164,0,8.36,5.232,-30.08
-164,0,8.4,5.21,-30.17
-164,0,8.44,5.348,-30.24
-164,0,8.48,5.076,-30.72
-164,0,8.52,4.896,-31.13
-164,0,8.56,4.44800000000001,-31.83
-164,0,8.6,4.22,-32.31
-164,0,8.64,3.50600000000001,-33.34
-164,0,8.68,3.572,-33.59
-164,0,8.72,2.762,-34.54
-164,0,8.76,2.316,-34.95
-164,0,8.8,0.939999999999998,-36.29
-164,0,8.84,1.14599999999999,-36.04
-164,0,8.88,-0.478000000000002,-37.62
-164,0,8.92,-2.284,-39.49
-164,0,8.96,-3.122,-40.5
-164,0,9,-1.8,-39.35
-164,0,9.04,-2.434,-40.22
-164,0,9.08,-1.62799999999999,-39.65
-164,0,9.12,-3.016,-41.3
-164,0,9.16,-3.54799999999999,-42.12
-164,0,9.2,-3.51,-42.37
-164,0,9.24,-4.05,-42.65
-164,0,9.28,-4.83999999999999,-43.18
-164,0,9.32,-4.778,-42.94
-164,0,9.36,-4.644,-42.71
-164,0,9.4,-5.81,-43.78
-164,0,9.44,-6.594,-44.7
-164,0,9.48,-6.76799999999999,-45.01
-164,0,9.52,-7.342,-45.72
-164,0,9.56,-7.806,-46.32
-164,0,9.6,-8.85,-47.5
-164,0,9.64,-7.84,-46.61
-164,0,9.68,-7.77,-46.66
-164,0,9.72,-8.04799999999999,-47.03
-164,0,9.76,-9.004,-48.05
-164,0,9.8,-10.01,-49.12
-164,0,9.84,-10.456,-49.57
-164,0,9.88,-11.352,-50.47
-164,0,9.92,-10.59,-49.7
-164,0,9.96,-10.24,-49.33
-164,0,10,-9.89,-48.96
-164,0,10.04,-10.984,-50.23
-164,0,10.08,-10.498,-49.92
-164,0,10.12,-11.966,-51.52
-164,0,10.16,-13.178,-52.82
-164,0,10.2,-12.67,-52.4
-164,0,10.24,-11.872,-51.57
-164,0,10.28,-11.194,-50.86
-164,0,10.32,-12.622,-52.25
-164,0,10.36,-13.256,-52.84
-164,0,10.4,-12.95,-52.49
-164,0,10.44,-13.274,-52.81
-164,0,10.48,-13.568,-53.1
-164,0,10.52,-15.292,-54.9
-164,0,10.56,-14.506,-54.27
-164,0,10.6,-14.31,-54.23
-164,0,10.64,-13.198,-53.21
-164,0,10.68,-14.076,-54.18
-164,0,10.72,-13.786,-53.96
-164,0,10.76,-12.908,-53.13
-164,0,10.8,-13.09,-53.36
-164,0,10.84,-13.87,-54.04
-164,0,10.88,-15.4,-55.47
-164,0,10.92,-17.032,-57.04
-164,0,10.96,-18.256,-58.24
-164,0,11,-22.11,-62.07
-164,0,11.04,-24.026,-64.09
-164,0,11.08,-20.502,-60.67
-164,0,11.12,-16.006,-56.25
-164,0,11.16,-13.948,-54.24
-164,0,11.2,-11.99,-52.33
-164,0,11.24,-12.498,-52.89
-164,0,11.28,-11.906,-52.35
-164,0,11.32,-13.854,-54.37
-164,0,11.36,-17.022,-57.63
-164,0,11.4,-21.86,-62.56
-164,0,11.44,-40.642,-81.39
-164,0,11.48,-22.484,-63.28
-164,0,11.52,-15.73,-56.56
-164,0,11.56,-13.65,-54.5
-164,0,11.6,-12.86,-53.73
-164,0,11.64,-11.576,-52.53
-164,0,11.68,-12.082,-53.12
-164,0,11.72,-11.928,-53.02
-164,0,11.76,-14.244,-55.36
-164,0,11.8,-18.67,-59.81
-164,0,11.84,-20.486,-61.57
-164,0,11.88,-20.662,-61.69
-164,0,11.92,-20.304,-61.43
-164,0,11.96,-19.172,-60.55
-164,0,12,-17.91,-59.54
-163,0,8,-0.0900000000000034,-34.71
-163,0,8.04,1.182,-33.53
-163,0,8.08,2.374,-32.43
-163,0,8.12,3.218,-31.67
-163,0,8.16,4.064,-30.9
-163,0,8.2,3.61,-31.43
-163,0,8.24,4.758,-30.35
-163,0,8.28,4.856,-30.32
-163,0,8.32,5.364,-29.88
-163,0,8.36,5.132,-30.18
-163,0,8.4,4.89,-30.49
-163,0,8.44,4.858,-30.73
-163,0,8.48,4.436,-31.36
-163,0,8.52,4.08599999999999,-31.94
-163,0,8.56,3.538,-32.74
-163,0,8.6,3.15,-33.38
-163,0,8.64,2.27600000000001,-34.57
-163,0,8.68,2.322,-34.84
-163,0,8.72,1.362,-35.94
-163,0,8.76,0.875999999999998,-36.39
-163,0,8.8,-0.370000000000005,-37.6
-163,0,8.84,-0.19400000000001,-37.38
-163,0,8.88,-1.62800000000001,-38.77
-163,0,8.92,-3.674,-40.88
-163,0,8.96,-4.062,-41.44
-163,0,9,-2.09,-39.64
-163,0,9.04,-3.05400000000001,-40.84
-163,0,9.08,-2.218,-40.24
-163,0,9.12,-3.696,-41.98
-163,0,9.16,-3.86799999999999,-42.44
-163,0,9.2,-4.33,-43.19
-163,0,9.24,-4.78000000000001,-43.38
-163,0,9.28,-5.41999999999999,-43.76
-163,0,9.32,-5.308,-43.47
-163,0,9.36,-5.354,-43.42
-163,0,9.4,-6.48,-44.45
-163,0,9.44,-7.694,-45.8
-163,0,9.48,-7.858,-46.1
-163,0,9.52,-8.182,-46.56
-163,0,9.56,-8.67599999999999,-47.19
-163,0,9.6,-9.45,-48.1
-163,0,9.64,-8.5,-47.27
-163,0,9.68,-8.59,-47.48
-163,0,9.72,-8.79799999999999,-47.78
-163,0,9.76,-9.224,-48.27
-163,0,9.8,-9.74,-48.85
-163,0,9.84,-10.546,-49.66
-163,0,9.88,-11.152,-50.27
-163,0,9.92,-11.04,-50.15
-163,0,9.96,-11.46,-50.55
-163,0,10,-10.82,-49.89
-163,0,10.04,-11.824,-51.07
-163,0,10.08,-11.728,-51.15
-163,0,10.12,-12.776,-52.33
-163,0,10.16,-13.118,-52.76
-163,0,10.2,-12.51,-52.24
-163,0,10.24,-12.442,-52.14
-163,0,10.28,-12.144,-51.81
-163,0,10.32,-13.682,-53.31
-163,0,10.36,-14.866,-54.45
-163,0,10.4,-14.58,-54.12
-163,0,10.44,-15.084,-54.62
-163,0,10.48,-13.908,-53.44
-163,0,10.52,-15.492,-55.1
-163,0,10.56,-15.536,-55.3
-163,0,10.6,-13.64,-53.56
-163,0,10.64,-12.438,-52.45
-163,0,10.68,-13.216,-53.32
-163,0,10.72,-13.016,-53.19
-163,0,10.76,-13.928,-54.15
-163,0,10.8,-15.02,-55.29
-163,0,10.84,-16.23,-56.4
-163,0,10.88,-17.24,-57.31
-163,0,10.92,-16.922,-56.93
-163,0,10.96,-17.076,-57.06
-163,0,11,-18.55,-58.51
-163,0,11.04,-18.236,-58.3
-163,0,11.08,-15.312,-55.48
-163,0,11.12,-14.686,-54.93
-163,0,11.16,-12.668,-52.96
-163,0,11.2,-13.03,-53.37
-163,0,11.24,-13.998,-54.39
-163,0,11.28,-16.536,-56.98
-163,0,11.32,-19.974,-60.49
-163,0,11.36,-27.242,-67.85
-163,0,11.4,-28.19,-68.89
-163,0,11.44,-20.592,-61.34
-163,0,11.48,-14.184,-54.98
-163,0,11.52,-12.65,-53.48
-163,0,11.56,-12.78,-53.63
-163,0,11.6,-11.89,-52.76
-163,0,11.64,-12.006,-52.96
-163,0,11.68,-12.662,-53.7
-163,0,11.72,-13.888,-54.98
-163,0,11.76,-18.434,-59.55
-163,0,11.8,-20.79,-61.93
-163,0,11.84,-20.006,-61.09
-163,0,11.88,-19.702,-60.73
-163,0,11.92,-20.234,-61.36
-163,0,11.96,-18.642,-60.02
-163,0,12,-16.63,-58.26
-162,0,8,1.47,-33.15
-162,0,8.04,2.562,-32.15
-162,0,8.08,3.454,-31.35
-162,0,8.12,4.128,-30.76
-162,0,8.16,4.754,-30.21
-162,0,8.2,4.02,-31.02
-162,0,8.24,4.938,-30.17
-162,0,8.28,4.856,-30.32
-162,0,8.32,5.234,-30.01
-162,0,8.36,4.822,-30.49
-162,0,8.4,4.41,-30.97
-162,0,8.44,4.028,-31.56
-162,0,8.48,3.576,-32.22
-162,0,8.52,3.166,-32.86
-162,0,8.56,2.438,-33.84
-162,0,8.6,1.91,-34.62
-162,0,8.64,0.996000000000009,-35.85
-162,0,8.68,0.932000000000002,-36.23
-162,0,8.72,-0.088000000000001,-37.39
-162,0,8.76,-0.574000000000005,-37.84
-162,0,8.8,-1.5,-38.73
-162,0,8.84,-1.23400000000001,-38.42
-162,0,8.88,-2.898,-40.04
-162,0,8.92,-4.20399999999999,-41.41
-162,0,8.96,-4.452,-41.83
-162,0,9,-2.69,-40.24
-162,0,9.04,-3.48400000000001,-41.27
-162,0,9.08,-2.48799999999999,-40.51
-162,0,9.12,-4.046,-42.33
-162,0,9.16,-4.36799999999999,-42.94
-162,0,9.2,-4.99,-43.85
-162,0,9.24,-5.76000000000001,-44.36
-162,0,9.28,-5.97999999999999,-44.32
-162,0,9.32,-6.158,-44.32
-162,0,9.36,-6.104,-44.17
-162,0,9.4,-7.86,-45.83
-162,0,9.44,-8.824,-46.93
-162,0,9.48,-9.08799999999999,-47.33
-162,0,9.52,-9.202,-47.58
-162,0,9.56,-8.486,-47
-162,0,9.6,-9.49,-48.14
-162,0,9.64,-8.91999999999999,-47.69
-162,0,9.68,-8.92,-47.81
-162,0,9.72,-9.648,-48.63
-162,0,9.76,-9.924,-48.97
-162,0,9.8,-10.14,-49.25
-162,0,9.84,-11.416,-50.53
-162,0,9.88,-11.282,-50.4
-162,0,9.92,-11.32,-50.43
-162,0,9.96,-12.03,-51.12
-162,0,10,-11.07,-50.14
-162,0,10.04,-11.884,-51.13
-162,0,10.08,-11.828,-51.25
-162,0,10.12,-14.006,-53.56
-162,0,10.16,-13.278,-52.92
-162,0,10.2,-13.73,-53.46
-162,0,10.24,-12.932,-52.63
-162,0,10.28,-13.624,-53.29
-162,0,10.32,-15.042,-54.67
-162,0,10.36,-15.756,-55.34
-162,0,10.4,-14.2,-53.74
-162,0,10.44,-14.754,-54.29
-162,0,10.48,-14.288,-53.82
-162,0,10.52,-15.492,-55.1
-162,0,10.56,-15.536,-55.3
-162,0,10.6,-16.94,-56.86
-162,0,10.64,-16.358,-56.37
-162,0,10.68,-14.616,-54.72
-162,0,10.72,-13.686,-53.86
-162,0,10.76,-15.358,-55.58
-162,0,10.8,-16.95,-57.22
-162,0,10.84,-16.23,-56.4
-162,0,10.88,-17.76,-57.83
-162,0,10.92,-17.232,-57.24
-162,0,10.96,-15.076,-55.06
-162,0,11,-14.9,-54.86
-162,0,11.04,-15.586,-55.65
-162,0,11.08,-15.692,-55.86
-162,0,11.12,-14.306,-54.55
-162,0,11.16,-13.398,-53.69
-162,0,11.2,-15.3,-55.64
-162,0,11.24,-19.878,-60.27
-162,0,11.28,-22.986,-63.43
-162,0,11.32,-29.454,-69.97
-162,0,11.36,-23.902,-64.51
-162,0,11.4,-17.83,-58.53
-162,0,11.44,-13.522,-54.27
-162,0,11.48,-11.534,-52.33
-162,0,11.52,-10.95,-51.78
-162,0,11.56,-11.53,-52.38
-162,0,11.6,-12.8,-53.67
-162,0,11.64,-13.506,-54.46
-162,0,11.68,-15.052,-56.09
-162,0,11.72,-19.798,-60.89
-162,0,11.76,-22.764,-63.88
-162,0,11.8,-23.62,-64.76
-162,0,11.84,-22.866,-63.95
-162,0,11.88,-17.342,-58.37
-162,0,11.92,-18.384,-59.51
-162,0,11.96,-16.362,-57.74
-162,0,12,-18.19,-59.82
-161,0,8,2.79,-31.83
-161,0,8.04,3.482,-31.23
-161,0,8.08,4.274,-30.53
-161,0,8.12,4.70800000000001,-30.18
-161,0,8.16,5.154,-29.81
-161,0,8.2,4.18,-30.86
-161,0,8.24,4.878,-30.23
-161,0,8.28,4.436,-30.74
-161,0,8.32,4.774,-30.47
-161,0,8.36,4.302,-31.01
-161,0,8.4,3.78,-31.6
-161,0,8.44,3.168,-32.42
-161,0,8.48,2.396,-33.4
-161,0,8.52,1.956,-34.07
-161,0,8.56,1.05800000000001,-35.22
-161,0,8.6,0.57,-35.96
-161,0,8.64,-0.533999999999992,-37.38
-161,0,8.68,-0.497999999999998,-37.66
-161,0,8.72,-1.478,-38.78
-161,0,8.76,-1.954,-39.22
-161,0,8.8,-2.65000000000001,-39.88
-161,0,8.84,-2.24400000000001,-39.43
-161,0,8.88,-3.578,-40.72
-161,0,8.92,-4.634,-41.84
-161,0,8.96,-4.742,-42.12
-161,0,9,-3.27,-40.82
-161,0,9.04,-4.20400000000001,-41.99
-161,0,9.08,-2.858,-40.88
-161,0,9.12,-4.516,-42.8
-161,0,9.16,-4.61799999999999,-43.19
-161,0,9.2,-5.93,-44.79
-161,0,9.24,-6.33000000000001,-44.93
-161,0,9.28,-6.72999999999999,-45.07
-161,0,9.32,-6.718,-44.88
-161,0,9.36,-6.954,-45.02
-161,0,9.4,-8.64,-46.61
-161,0,9.44,-9.424,-47.53
-161,0,9.48,-10.218,-48.46
-161,0,9.52,-9.282,-47.66
-161,0,9.56,-8.14599999999999,-46.66
-161,0,9.6,-9.97,-48.62
-161,0,9.64,-9.81,-48.58
-161,0,9.68,-10.37,-49.26
-161,0,9.72,-10.308,-49.29
-161,0,9.76,-11.754,-50.8
-161,0,9.8,-11.55,-50.66
-161,0,9.84,-11.986,-51.1
-161,0,9.88,-12.412,-51.53
-161,0,9.92,-12.13,-51.24
-161,0,9.96,-11.35,-50.44
-161,0,10,-11.53,-50.6
-161,0,10.04,-12.604,-51.85
-161,0,10.08,-12.698,-52.12
-161,0,10.12,-15.566,-55.12
-161,0,10.16,-14.198,-53.84
-161,0,10.2,-14.45,-54.18
-161,0,10.24,-14.032,-53.73
-161,0,10.28,-12.754,-52.42
-161,0,10.32,-14.312,-53.94
-161,0,10.36,-13.666,-53.25
-161,0,10.4,-14.2,-53.74
-161,0,10.44,-15.914,-55.45
-161,0,10.48,-15.848,-55.38
-161,0,10.52,-17.412,-57.02
-161,0,10.56,-16.576,-56.34
-161,0,10.6,-17.59,-57.51
-161,0,10.64,-16.918,-56.93
-161,0,10.68,-15.716,-55.82
-161,0,10.72,-15.026,-55.2
-161,0,10.76,-14.428,-54.65
-161,0,10.8,-15.35,-55.62
-161,0,10.84,-16.44,-56.61
-161,0,10.88,-17.14,-57.21
-161,0,10.92,-15.382,-55.39
-161,0,10.96,-12.806,-52.79
-161,0,11,-13.23,-53.19
-161,0,11.04,-13.706,-53.77
-161,0,11.08,-16.082,-56.25
-161,0,11.12,-17.896,-58.14
-161,0,11.16,-20.068,-60.36
-161,0,11.2,-24.76,-65.1
-161,0,11.24,-26.428,-66.82
-161,0,11.28,-21.876,-62.32
-161,0,11.32,-21.344,-61.86
-161,0,11.36,-16.332,-56.94
-161,0,11.4,-13.5,-54.2
-161,0,11.44,-10.912,-51.66
-161,0,11.48,-10.724,-51.52
-161,0,11.52,-11.23,-52.06
-161,0,11.56,-12.98,-53.83
-161,0,11.6,-13.36,-54.23
-161,0,11.64,-15.506,-56.46
-161,0,11.68,-21.852,-62.89
-161,0,11.72,-26.608,-67.7
-161,0,11.76,-22.664,-63.78
-161,0,11.8,-19.07,-60.21
-161,0,11.84,-17.366,-58.45
-161,0,11.88,-15.252,-56.28
-161,0,11.92,-16.014,-57.14
-161,0,11.96,-14.562,-55.94
-161,0,12,-16.32,-57.95
-160,0,8,3.63,-30.99
-160,0,8.04,4.102,-30.61
-160,0,8.08,4.734,-30.07
-160,0,8.12,5.00800000000001,-29.88
-160,0,8.16,5.264,-29.7
-160,0,8.2,4.09,-30.95
-160,0,8.24,4.438,-30.67
-160,0,8.28,3.866,-31.31
-160,0,8.32,4.144,-31.1
-160,0,8.36,3.422,-31.89
-160,0,8.4,2.87,-32.51
-160,0,8.44,2.068,-33.52
-160,0,8.48,1.126,-34.67
-160,0,8.52,0.405999999999999,-35.62
-160,0,8.56,-0.411999999999992,-36.69
-160,0,8.6,-0.869999999999997,-37.4
-160,0,8.64,-1.82399999999999,-38.67
-160,0,8.68,-1.598,-38.76
-160,0,8.72,-2.568,-39.87
-160,0,8.76,-2.924,-40.19
-160,0,8.8,-3.58000000000001,-40.81
-160,0,8.84,-3.02400000000001,-40.21
-160,0,8.88,-4.358,-41.5
-160,0,8.92,-4.80399999999999,-42.01
-160,0,8.96,-5.252,-42.63
-160,0,9,-4.08000000000001,-41.63
-160,0,9.04,-5.05400000000001,-42.84
-160,0,9.08,-4.008,-42.03
-160,0,9.12,-5.116,-43.4
-160,0,9.16,-5.488,-44.06
-160,0,9.2,-6.67,-45.53
-160,0,9.24,-6.57000000000001,-45.17
-160,0,9.28,-7.10999999999999,-45.45
-160,0,9.32,-7.568,-45.73
-160,0,9.36,-7.934,-46
-160,0,9.4,-9.88,-47.85
-160,0,9.44,-9.924,-48.03
-160,0,9.48,-9.938,-48.18
-160,0,9.52,-9.162,-47.54
-160,0,9.56,-8.636,-47.15
-160,0,9.6,-10.54,-49.19
-160,0,9.64,-9.75,-48.52
-160,0,9.68,-11.51,-50.4
-160,0,9.72,-12.118,-51.1
-160,0,9.76,-13.314,-52.36
-160,0,9.8,-12.39,-51.5
-160,0,9.84,-12.386,-51.5
-160,0,9.88,-12.772,-51.89
-160,0,9.92,-11.58,-50.69
-160,0,9.96,-12.33,-51.42
-160,0,10,-13.41,-52.48
-160,0,10.04,-13.974,-53.22
-160,0,10.08,-13.848,-53.27
-160,0,10.12,-14.876,-54.43
-160,0,10.16,-15.518,-55.16
-160,0,10.2,-13.97,-53.7
-160,0,10.24,-12.442,-52.14
-160,0,10.28,-12.574,-52.24
-160,0,10.32,-14.012,-53.64
-160,0,10.36,-16.926,-56.51
-160,0,10.4,-16.59,-56.13
-160,0,10.44,-17.074,-56.61
-160,0,10.48,-17.718,-57.25
-160,0,10.52,-18.272,-57.88
-160,0,10.56,-18.276,-58.04
-160,0,10.6,-19.05,-58.97
-160,0,10.64,-16.988,-57
-160,0,10.68,-16.486,-56.59
-160,0,10.72,-14.246,-54.42
-160,0,10.76,-14.298,-54.52
-160,0,10.8,-15.83,-56.1
-160,0,10.84,-18.1,-58.27
-160,0,10.88,-16.7,-56.77
-160,0,10.92,-14.042,-54.05
-160,0,10.96,-12.946,-52.93
-160,0,11,-13.94,-53.9
-160,0,11.04,-15.326,-55.39
-160,0,11.08,-20.342,-60.51
-160,0,11.12,-29.786,-70.03
-160,0,11.16,-22.608,-62.9
-160,0,11.2,-19.22,-59.56
-160,0,11.24,-16.258,-56.65
-160,0,11.28,-14.106,-54.55
-160,0,11.32,-14.204,-54.72
-160,0,11.36,-13.232,-53.84
-160,0,11.4,-12.61,-53.31
-160,0,11.44,-11.982,-52.73
-160,0,11.48,-12.184,-52.98
-160,0,11.52,-11.21,-52.04
-160,0,11.56,-13.07,-53.92
-160,0,11.6,-15.74,-56.61
-160,0,11.64,-17.356,-58.31
-160,0,11.68,-29.902,-70.94
-160,0,11.72,-24.088,-65.18
-160,0,11.76,-21.194,-62.31
-160,0,11.8,-19.76,-60.9
-160,0,11.84,-16.966,-58.05
-160,0,11.88,-15.632,-56.66
-160,0,11.92,-15.374,-56.5
-160,0,11.96,-14.762,-56.14
-160,0,12,-16.04,-57.67
-159,0,8,4.13,-30.49
-159,0,8.04,4.532,-30.18
-159,0,8.08,4.964,-29.84
-159,0,8.12,5.02800000000001,-29.86
-159,0,8.16,5.124,-29.84
-159,0,8.2,3.64,-31.4
-159,0,8.24,3.708,-31.4
-159,0,8.28,2.966,-32.21
-159,0,8.32,3.014,-32.23
-159,0,8.36,2.412,-32.9
-159,0,8.4,1.68,-33.7
-159,0,8.44,0.747999999999998,-34.84
-159,0,8.48,-0.323999999999998,-36.12
-159,0,8.52,-1.264,-37.29
-159,0,8.56,-1.83199999999999,-38.11
-159,0,8.6,-1.94,-38.47
-159,0,8.64,-2.50399999999999,-39.35
-159,0,8.68,-2.348,-39.51
-159,0,8.72,-3.318,-40.62
-159,0,8.76,-3.724,-40.99
-159,0,8.8,-4.59,-41.82
-159,0,8.84,-3.80400000000001,-40.99
-159,0,8.88,-4.44800000000001,-41.59
-159,0,8.92,-5.324,-42.53
-159,0,8.96,-5.882,-43.26
-159,0,9,-5.38,-42.93
-159,0,9.04,-5.88400000000001,-43.67
-159,0,9.08,-4.748,-42.77
-159,0,9.12,-5.816,-44.1
-159,0,9.16,-6.198,-44.77
-159,0,9.2,-6.74,-45.6
-159,0,9.24,-7.04000000000001,-45.64
-159,0,9.28,-7.99999999999999,-46.34
-159,0,9.32,-8.258,-46.42
-159,0,9.36,-8.494,-46.56
-159,0,9.4,-9.09,-47.06
-159,0,9.44,-9.664,-47.77
-159,0,9.48,-10.108,-48.35
-159,0,9.52,-9.572,-47.95
-159,0,9.56,-9.17599999999999,-47.69
-159,0,9.6,-10.88,-49.53
-159,0,9.64,-10.7,-49.47
-159,0,9.68,-12.26,-51.15
-159,0,9.72,-13.348,-52.33
-159,0,9.76,-13.264,-52.31
-159,0,9.8,-12.25,-51.36
-159,0,9.84,-13.306,-52.42
-159,0,9.88,-13.332,-52.45
-159,0,9.92,-13.48,-52.59
-159,0,9.96,-13.6,-52.69
-159,0,10,-14.81,-53.88
-159,0,10.04,-14.584,-53.83
-159,0,10.08,-15.028,-54.45
-159,0,10.12,-14.846,-54.4
-159,0,10.16,-16.108,-55.75
-159,0,10.2,-13.58,-53.31
-159,0,10.24,-13.182,-52.88
-159,0,10.28,-12.894,-52.56
-159,0,10.32,-15.702,-55.33
-159,0,10.36,-16.646,-56.23
-159,0,10.4,-18.51,-58.05
-159,0,10.44,-17.844,-57.38
-159,0,10.48,-19.088,-58.62
-159,0,10.52,-18.292,-57.9
-159,0,10.56,-17.956,-57.72
-159,0,10.6,-16.98,-56.9
-159,0,10.64,-16.088,-56.1
-159,0,10.68,-15.136,-55.24
-159,0,10.72,-14.406,-54.58
-159,0,10.76,-14.568,-54.79
-159,0,10.8,-16.12,-56.39
-159,0,10.84,-19.56,-59.73
-159,0,10.88,-17.33,-57.4
-159,0,10.92,-15.192,-55.2
-159,0,10.96,-14.516,-54.5
-159,0,11,-17.6,-57.56
-159,0,11.04,-21.006,-61.07
-159,0,11.08,-36.712,-76.88
-159,0,11.12,-25.816,-66.06
-159,0,11.16,-16.598,-56.89
-159,0,11.2,-14.81,-55.15
-159,0,11.24,-12.528,-52.92
-159,0,11.28,-12.336,-52.78
-159,0,11.32,-12.644,-53.16
-159,0,11.36,-12.592,-53.2
-159,0,11.4,-12.86,-53.56
-159,0,11.44,-14.602,-55.35
-159,0,11.48,-14.624,-55.42
-159,0,11.52,-16.18,-57.01
-159,0,11.56,-16.23,-57.08
-159,0,11.6,-18.23,-59.1
-159,0,11.64,-20.806,-61.76
-159,0,11.68,-21.742,-62.78
-159,0,11.72,-21.078,-62.17
-159,0,11.76,-16.404,-57.52
-159,0,11.8,-16.02,-57.16
-159,0,11.84,-16.276,-57.36
-159,0,11.88,-14.462,-55.49
-159,0,11.92,-14.444,-55.57
-159,0,11.96,-14.742,-56.12
-159,0,12,-14.82,-56.45
-158,0,8,4.22,-30.4
-158,0,8.04,4.512,-30.2
-158,0,8.08,4.944,-29.86
-158,0,8.12,4.838,-30.05
-158,0,8.16,4.644,-30.32
-158,0,8.2,3.04,-32
-158,0,8.24,2.83799999999999,-32.27
-158,0,8.28,1.886,-33.29
-158,0,8.32,1.834,-33.41
-158,0,8.36,1.082,-34.23
-158,0,8.4,0.32,-35.06
-158,0,8.44,-0.802,-36.39
-158,0,8.48,-1.724,-37.52
-158,0,8.52,-2.554,-38.58
-158,0,8.56,-2.80199999999999,-39.08
-158,0,8.6,-2.7,-39.23
-158,0,8.64,-3.30399999999999,-40.15
-158,0,8.68,-2.948,-40.11
-158,0,8.72,-3.948,-41.25
-158,0,8.76,-4.32400000000001,-41.59
-158,0,8.8,-5.26000000000001,-42.49
-158,0,8.84,-4.27400000000001,-41.46
-158,0,8.88,-5.23800000000001,-42.38
-158,0,8.92,-6.154,-43.36
-158,0,8.96,-7.162,-44.54
-158,0,9,-5.96,-43.51
-158,0,9.04,-6.874,-44.66
-158,0,9.08,-6.20799999999999,-44.23
-158,0,9.12,-6.856,-45.14
-158,0,9.16,-6.918,-45.49
-158,0,9.2,-7.06,-45.92
-158,0,9.24,-7.72000000000001,-46.32
-158,0,9.28,-8.19999999999999,-46.54
-158,0,9.32,-8.528,-46.69
-158,0,9.36,-8.974,-47.04
-158,0,9.4,-9.67,-47.64
-158,0,9.44,-9.944,-48.05
-158,0,9.48,-10.918,-49.16
-158,0,9.52,-10.012,-48.39
-158,0,9.56,-9.89599999999999,-48.41
-158,0,9.6,-11.56,-50.21
-158,0,9.64,-11.33,-50.1
-158,0,9.68,-12.24,-51.13
-158,0,9.72,-13.378,-52.36
-158,0,9.76,-13.414,-52.46
-158,0,9.8,-13.57,-52.68
-158,0,9.84,-14.156,-53.27
-158,0,9.88,-14.272,-53.39
-158,0,9.92,-14.6,-53.71
-158,0,9.96,-15.44,-54.53
-158,0,10,-16.1,-55.17
-158,0,10.04,-14.354,-53.6
-158,0,10.08,-14.758,-54.18
-158,0,10.12,-15.476,-55.03
-158,0,10.16,-15.928,-55.57
-158,0,10.2,-14.81,-54.54
-158,0,10.24,-14.252,-53.95
-158,0,10.28,-16.394,-56.06
-158,0,10.32,-16.612,-56.24
-158,0,10.36,-19.406,-58.99
-158,0,10.4,-18.79,-58.33
-158,0,10.44,-18.964,-58.5
-158,0,10.48,-18.008,-57.54
-158,0,10.52,-20.292,-59.9
-158,0,10.56,-17.886,-57.65
-158,0,10.6,-16.16,-56.08
-158,0,10.64,-15.958,-55.97
-158,0,10.68,-15.386,-55.49
-158,0,10.72,-16.216,-56.39
-158,0,10.76,-16.658,-56.88
-158,0,10.8,-17.13,-57.4
-158,0,10.84,-19.69,-59.86
-158,0,10.88,-18.05,-58.12
-158,0,10.92,-16.952,-56.96
-158,0,10.96,-16.816,-56.8
-158,0,11,-21.38,-61.34
-158,0,11.04,-23.446,-63.51
-158,0,11.08,-22.692,-62.86
-158,0,11.12,-17.396,-57.64
-158,0,11.16,-15.108,-55.4
-158,0,11.2,-13.58,-53.92
-158,0,11.24,-12.528,-52.92
-158,0,11.28,-11.876,-52.32
-158,0,11.32,-13.074,-53.59
-158,0,11.36,-12.852,-53.46
-158,0,11.4,-14.96,-55.66
-158,0,11.44,-17.862,-58.61
-158,0,11.48,-16.514,-57.31
-158,0,11.52,-18.69,-59.52
-158,0,11.56,-20.71,-61.56
-158,0,11.6,-18.71,-59.58
-158,0,11.64,-18.646,-59.6
-158,0,11.68,-17.132,-58.17
-158,0,11.72,-16.068,-57.16
-158,0,11.76,-15.374,-56.49
-158,0,11.8,-16.36,-57.5
-158,0,11.84,-13.576,-54.66
-158,0,11.88,-13.712,-54.74
-158,0,11.92,-13.994,-55.12
-158,0,11.96,-13.932,-55.31
-158,0,12,-15.35,-56.98
-157,0,8,4.02,-30.6
-157,0,8.04,4.29199999999999,-30.42
-157,0,8.08,4.534,-30.27
-157,0,8.12,4.378,-30.51
-157,0,8.16,4.004,-30.96
-157,0,8.2,2.16,-32.88
-157,0,8.24,1.948,-33.16
-157,0,8.28,0.846000000000004,-34.33
-157,0,8.32,0.444000000000003,-34.8
-157,0,8.36,-0.528000000000006,-35.84
-157,0,8.4,-1.62,-37
-157,0,8.44,-2.432,-38.02
-157,0,8.48,-3.324,-39.12
-157,0,8.52,-3.884,-39.91
-157,0,8.56,-3.922,-40.2
-157,0,8.6,-3.34,-39.87
-157,0,8.64,-3.66399999999999,-40.51
-157,0,8.68,-3.498,-40.66
-157,0,8.72,-4.528,-41.83
-157,0,8.76,-4.924,-42.19
-157,0,8.8,-5.72000000000001,-42.95
-157,0,8.84,-4.98400000000001,-42.17
-157,0,8.88,-6.068,-43.21
-157,0,8.92,-7.014,-44.22
-157,0,8.96,-7.772,-45.15
-157,0,9,-6.59,-44.14
-157,0,9.04,-7.81400000000001,-45.6
-157,0,9.08,-6.968,-44.99
-157,0,9.12,-8.056,-46.34
-157,0,9.16,-7.558,-46.13
-157,0,9.2,-8,-46.86
-157,0,9.24,-8.08000000000001,-46.68
-157,0,9.28,-9.01999999999999,-47.36
-157,0,9.32,-9.268,-47.43
-157,0,9.36,-9.204,-47.27
-157,0,9.4,-10.08,-48.05
-157,0,9.44,-10.514,-48.62
-157,0,9.48,-11.068,-49.31
-157,0,9.52,-10.612,-48.99
-157,0,9.56,-10.476,-48.99
-157,0,9.6,-12.34,-50.99
-157,0,9.64,-12.12,-50.89
-157,0,9.68,-12.87,-51.76
-157,0,9.72,-13.338,-52.32
-157,0,9.76,-14.374,-53.42
-157,0,9.8,-13.97,-53.08
-157,0,9.84,-14.796,-53.91
-157,0,9.88,-15.122,-54.24
-157,0,9.92,-15.64,-54.75
-157,0,9.96,-14.82,-53.91
-157,0,10,-14.46,-53.53
-157,0,10.04,-15.304,-54.55
-157,0,10.08,-15.828,-55.25
-157,0,10.12,-16.896,-56.45
-157,0,10.16,-17.378,-57.02
-157,0,10.2,-16.06,-55.79
-157,0,10.24,-16.332,-56.03
-157,0,10.28,-15.994,-55.66
-157,0,10.32,-18.162,-57.79
-157,0,10.36,-17.566,-57.15
-157,0,10.4,-16.84,-56.38
-157,0,10.44,-19.484,-59.02
-157,0,10.48,-19.748,-59.28
-157,0,10.52,-19.022,-58.63
-157,0,10.56,-18.116,-57.88
-157,0,10.6,-14.69,-54.61
-157,0,10.64,-15.308,-55.32
-157,0,10.68,-16.686,-56.79
-157,0,10.72,-16.556,-56.73
-157,0,10.76,-18.058,-58.28
-157,0,10.8,-20.61,-60.88
-157,0,10.84,-20.22,-60.39
-157,0,10.88,-18.35,-58.42
-157,0,10.92,-19.662,-59.67
-157,0,10.96,-20.106,-60.09
-157,0,11,-22.15,-62.11
-157,0,11.04,-20.316,-60.38
-157,0,11.08,-17.072,-57.24
-157,0,11.12,-14.866,-55.11
-157,0,11.16,-12.798,-53.09
-157,0,11.2,-13.36,-53.7
-157,0,11.24,-12.618,-53.01
-157,0,11.28,-12.566,-53.01
-157,0,11.32,-13.034,-53.55
-157,0,11.36,-14.582,-55.19
-157,0,11.4,-17.28,-57.98
-157,0,11.44,-25.492,-66.24
-157,0,11.48,-26.424,-67.22
-157,0,11.52,-20.08,-60.91
-157,0,11.56,-18.09,-58.94
-157,0,11.6,-16.18,-57.05
-157,0,11.64,-17.616,-58.57
-157,0,11.68,-14.952,-55.99
-157,0,11.72,-14.308,-55.4
-157,0,11.76,-13.894,-55.01
-157,0,11.8,-14.31,-55.45
-157,0,11.84,-14.086,-55.17
-157,0,11.88,-13.892,-54.92
-157,0,11.92,-13.424,-54.55
-157,0,11.96,-12.192,-53.57
-157,0,12,-15.22,-56.85
-156,0,8,3.56,-31.06
-156,0,8.04,3.802,-30.91
-156,0,8.08,3.884,-30.92
-156,0,8.12,3.57800000000001,-31.31
-156,0,8.16,3.184,-31.78
-156,0,8.2,1.29,-33.75
-156,0,8.24,0.957999999999998,-34.15
-156,0,8.28,-0.244,-35.42
-156,0,8.32,-0.795999999999999,-36.04
-156,0,8.36,-2.038,-37.35
-156,0,8.4,-3.46,-38.84
-156,0,8.44,-4.172,-39.76
-156,0,8.48,-4.564,-40.36
-156,0,8.52,-4.774,-40.8
-156,0,8.56,-4.642,-40.92
-156,0,8.6,-4.14,-40.67
-156,0,8.64,-4.17399999999999,-41.02
-156,0,8.68,-4.198,-41.36
-156,0,8.72,-5.068,-42.37
-156,0,8.76,-5.624,-42.89
-156,0,8.8,-6.14,-43.37
-156,0,8.84,-5.49400000000001,-42.68
-156,0,8.88,-6.608,-43.75
-156,0,8.92,-7.604,-44.81
-156,0,8.96,-8.242,-45.62
-156,0,9,-7.15000000000001,-44.7
-156,0,9.04,-8.254,-46.04
-156,0,9.08,-7.928,-45.95
-156,0,9.12,-8.446,-46.73
-156,0,9.16,-8.528,-47.1
-156,0,9.2,-8.93,-47.79
-156,0,9.24,-8.62,-47.22
-156,0,9.28,-9.67999999999999,-48.02
-156,0,9.32,-10.088,-48.25
-156,0,9.36,-10.514,-48.58
-156,0,9.4,-10.73,-48.7
-156,0,9.44,-10.764,-48.87
-156,0,9.48,-10.798,-49.04
-156,0,9.52,-10.692,-49.07
-156,0,9.56,-11.746,-50.26
-156,0,9.6,-13.52,-52.17
-156,0,9.64,-13.65,-52.42
-156,0,9.68,-12.94,-51.83
-156,0,9.72,-14.258,-53.24
-156,0,9.76,-14.384,-53.43
-156,0,9.8,-14.54,-53.65
-156,0,9.84,-14.486,-53.6
-156,0,9.88,-13.572,-52.69
-156,0,9.92,-14.85,-53.96
-156,0,9.96,-15.66,-54.75
-156,0,10,-15.56,-54.63
-156,0,10.04,-16.834,-56.08
-156,0,10.08,-16.728,-56.15
-156,0,10.12,-15.636,-55.19
-156,0,10.16,-17.638,-57.28
-156,0,10.2,-17.47,-57.2
-156,0,10.24,-16.332,-56.03
-156,0,10.28,-17.144,-56.81
-156,0,10.32,-18.482,-58.11
-156,0,10.36,-18.266,-57.85
-156,0,10.4,-18.46,-58
-156,0,10.44,-18.684,-58.22
-156,0,10.48,-19.848,-59.38
-156,0,10.52,-17.272,-56.88
-156,0,10.56,-16.906,-56.67
-156,0,10.6,-15.64,-55.56
-156,0,10.64,-16.718,-56.73
-156,0,10.68,-18.496,-58.6
-156,0,10.72,-19.606,-59.78
-156,0,10.76,-19.638,-59.86
-156,0,10.8,-21.4,-61.67
-156,0,10.84,-20.83,-61
-156,0,10.88,-19.42,-59.49
-156,0,10.92,-18.892,-58.9
-156,0,10.96,-20.376,-60.36
-156,0,11,-21.89,-61.85
-156,0,11.04,-19.216,-59.28
-156,0,11.08,-14.732,-54.9
-156,0,11.12,-13.836,-54.08
-156,0,11.16,-13.458,-53.75
-156,0,11.2,-12.37,-52.71
-156,0,11.24,-13.438,-53.83
-156,0,11.28,-12.876,-53.32
-156,0,11.32,-15.104,-55.62
-156,0,11.36,-15.662,-56.27
-156,0,11.4,-21.27,-61.97
-156,0,11.44,-43.632,-84.38
-156,0,11.48,-22.554,-63.35
-156,0,11.52,-18.46,-59.29
-156,0,11.56,-19.09,-59.94
-156,0,11.6,-18.32,-59.19
-156,0,11.64,-17.856,-58.81
-156,0,11.68,-14.322,-55.36
-156,0,11.72,-13.968,-55.06
-156,0,11.76,-15.294,-56.41
-156,0,11.8,-15.17,-56.31
-156,0,11.84,-14.736,-55.82
-156,0,11.88,-14.342,-55.37
-156,0,11.92,-14.164,-55.29
-156,0,11.96,-15.462,-56.84
-156,0,12,-19.74,-61.37
-155,0,8,2.89,-31.73
-155,0,8.04,2.902,-31.81
-155,0,8.08,2.814,-31.99
-155,0,8.12,2.548,-32.34
-155,0,8.16,2.054,-32.91
-155,0,8.2,0.0600000000000023,-34.98
-155,0,8.24,-0.192,-35.3
-155,0,8.28,-1.414,-36.59
-155,0,8.32,-1.996,-37.24
-155,0,8.36,-3.378,-38.69
-155,0,8.4,-4.82,-40.2
-155,0,8.44,-5.592,-41.18
-155,0,8.48,-5.684,-41.48
-155,0,8.52,-5.654,-41.68
-155,0,8.56,-5.44199999999999,-41.72
-155,0,8.6,-4.88,-41.41
-155,0,8.64,-5.34399999999999,-42.19
-155,0,8.68,-4.858,-42.02
-155,0,8.72,-5.828,-43.13
-155,0,8.76,-6.084,-43.35
-155,0,8.8,-7.11000000000001,-44.34
-155,0,8.84,-6.13400000000001,-43.32
-155,0,8.88,-6.998,-44.14
-155,0,8.92,-8.27399999999999,-45.48
-155,0,8.96,-8.882,-46.26
-155,0,9,-7.25,-44.8
-155,0,9.04,-8.544,-46.33
-155,0,9.08,-7.788,-45.81
-155,0,9.12,-9.016,-47.3
-155,0,9.16,-9.518,-48.09
-155,0,9.2,-9.48,-48.34
-155,0,9.24,-9.87,-48.47
-155,0,9.28,-10.61,-48.95
-155,0,9.32,-10.928,-49.09
-155,0,9.36,-10.544,-48.61
-155,0,9.4,-10.51,-48.48
-155,0,9.44,-10.814,-48.92
-155,0,9.48,-11.308,-49.55
-155,0,9.52,-12.052,-50.43
-155,0,9.56,-14.046,-52.56
-155,0,9.6,-15.1,-53.75
-155,0,9.64,-13.33,-52.1
-155,0,9.68,-14.69,-53.58
-155,0,9.72,-14.858,-53.84
-155,0,9.76,-14.114,-53.16
-155,0,9.8,-14.99,-54.1
-155,0,9.84,-14.786,-53.9
-155,0,9.88,-14.982,-54.1
-155,0,9.92,-15.56,-54.67
-155,0,9.96,-16.18,-55.27
-155,0,10,-18.42,-57.49
-155,0,10.04,-19.084,-58.33
-155,0,10.08,-17.208,-56.63
-155,0,10.12,-17.826,-57.38
-155,0,10.16,-17.398,-57.04
-155,0,10.2,-16.56,-56.29
-155,0,10.24,-17.672,-57.37
-155,0,10.28,-17.524,-57.19
-155,0,10.32,-19.912,-59.54
-155,0,10.36,-19.166,-58.75
-155,0,10.4,-17.71,-57.25
-155,0,10.44,-16.684,-56.22
-155,0,10.48,-17.008,-56.54
-155,0,10.52,-16.152,-55.76
-155,0,10.56,-16.116,-55.88
-155,0,10.6,-17.14,-57.06
-155,0,10.64,-17.708,-57.72
-155,0,10.68,-20.176,-60.28
-155,0,10.72,-20.686,-60.86
-155,0,10.76,-21.838,-62.06
-155,0,10.8,-23.62,-63.89
-155,0,10.84,-21.55,-61.72
-155,0,10.88,-18.6,-58.67
-155,0,10.92,-18.732,-58.74
-155,0,10.96,-20.976,-60.96
-155,0,11,-22.07,-62.03
-155,0,11.04,-18.676,-58.74
-155,0,11.08,-14.762,-54.93
-155,0,11.12,-12.736,-52.98
-155,0,11.16,-12.258,-52.55
-155,0,11.2,-11.99,-52.33
-155,0,11.24,-13.168,-53.56
-155,0,11.28,-16.266,-56.71
-155,0,11.32,-18.614,-59.13
-155,0,11.36,-21.282,-61.89
-155,0,11.4,-32.66,-73.36
-155,0,11.44,-25.402,-66.15
-155,0,11.48,-17.874,-58.67
-155,0,11.52,-18.49,-59.32
-155,0,11.56,-18.18,-59.03
-155,0,11.6,-19.79,-60.66
-155,0,11.64,-18.366,-59.32
-155,0,11.68,-16.572,-57.61
-155,0,11.72,-15.578,-56.67
-155,0,11.76,-16.994,-58.11
-155,0,11.8,-19.84,-60.98
-155,0,11.84,-19.356,-60.44
-155,0,11.88,-19.542,-60.57
-155,0,11.92,-18.184,-59.31
-155,0,11.96,-17.912,-59.29
-155,0,12,-25.06,-66.69
-154,0,8,2.02999999999999,-32.59
-154,0,8.04,1.732,-32.98
-154,0,8.08,1.624,-33.18
-154,0,8.12,1.08800000000001,-33.8
-154,0,8.16,0.664000000000001,-34.3
-154,0,8.2,-1.32,-36.36
-154,0,8.24,-1.59200000000001,-36.7
-154,0,8.28,-2.564,-37.74
-154,0,8.32,-2.826,-38.07
-154,0,8.36,-4.238,-39.55
-154,0,8.4,-5.52,-40.9
-154,0,8.44,-6.082,-41.67
-154,0,8.48,-6.704,-42.5
-154,0,8.52,-6.35400000000001,-42.38
-154,0,8.56,-6.37199999999999,-42.65
-154,0,8.6,-6.04,-42.57
-154,0,8.64,-6.40399999999999,-43.25
-154,0,8.68,-5.808,-42.97
-154,0,8.72,-6.708,-44.01
-154,0,8.76,-7.07400000000001,-44.34
-154,0,8.8,-7.98,-45.21
-154,0,8.84,-6.474,-43.66
-154,0,8.88,-7.44800000000001,-44.59
-154,0,8.92,-8.674,-45.88
-154,0,8.96,-9.402,-46.78
-154,0,9,-7.38,-44.93
-154,0,9.04,-8.504,-46.29
-154,0,9.08,-7.97799999999999,-46
-154,0,9.12,-9.776,-48.06
-154,0,9.16,-10.508,-49.08
-154,0,9.2,-10.23,-49.09
-154,0,9.24,-10.85,-49.45
-154,0,9.28,-11.94,-50.28
-154,0,9.32,-11.328,-49.49
-154,0,9.36,-10.024,-48.09
-154,0,9.4,-10.13,-48.1
-154,0,9.44,-10.414,-48.52
-154,0,9.48,-12.108,-50.35
-154,0,9.52,-12.972,-51.35
-154,0,9.56,-14.836,-53.35
-154,0,9.6,-15.31,-53.96
-154,0,9.64,-14.55,-53.32
-154,0,9.68,-15.47,-54.36
-154,0,9.72,-15.238,-54.22
-154,0,9.76,-14.634,-53.68
-154,0,9.8,-15.11,-54.22
-154,0,9.84,-16.056,-55.17
-154,0,9.88,-16.542,-55.66
-154,0,9.92,-17.97,-57.08
-154,0,9.96,-19.72,-58.81
-154,0,10,-19.13,-58.2
-154,0,10.04,-19.634,-58.88
-154,0,10.08,-18.908,-58.33
-154,0,10.12,-17.656,-57.21
-154,0,10.16,-17.058,-56.7
-154,0,10.2,-17.75,-57.48
-154,0,10.24,-16.272,-55.97
-154,0,10.28,-16.274,-55.94
-154,0,10.32,-17.382,-57.01
-154,0,10.36,-16.526,-56.11
-154,0,10.4,-16.65,-56.19
-154,0,10.44,-15.694,-55.23
-154,0,10.48,-16.118,-55.65
-154,0,10.52,-18.032,-57.64
-154,0,10.56,-17.256,-57.02
-154,0,10.6,-19.17,-59.09
-154,0,10.64,-19.418,-59.43
-154,0,10.68,-20.426,-60.53
-154,0,10.72,-20.926,-61.1
-154,0,10.76,-21.328,-61.55
-154,0,10.8,-20.62,-60.89
-154,0,10.84,-19.92,-60.09
-154,0,10.88,-18.65,-58.72
-154,0,10.92,-17.042,-57.05
-154,0,10.96,-19.576,-59.56
-154,0,11,-21.76,-61.72
-154,0,11.04,-16.926,-56.99
-154,0,11.08,-15.502,-55.67
-154,0,11.12,-13.526,-53.77
-154,0,11.16,-12.528,-52.82
-154,0,11.2,-14.12,-54.46
-154,0,11.24,-15.448,-55.84
-154,0,11.28,-18.816,-59.26
-154,0,11.32,-26.244,-66.76
-154,0,11.36,-34.662,-75.27
-154,0,11.4,-22.08,-62.78
-154,0,11.44,-17.402,-58.15
-154,0,11.48,-16.114,-56.91
-154,0,11.52,-15.64,-56.47
-154,0,11.56,-18.52,-59.37
-154,0,11.6,-16.92,-57.79
-154,0,11.64,-17.756,-58.71
-154,0,11.68,-16.952,-57.99
-154,0,11.72,-18.608,-59.7
-154,0,11.76,-21.294,-62.41
-154,0,11.8,-23.27,-64.41
-154,0,11.84,-25.776,-66.86
-154,0,11.88,-27.652,-68.68
-154,0,11.92,-21.314,-62.44
-154,0,11.96,-22.262,-63.64
-154,0,12,-19.39,-61.02
-153,0,8,1.08,-33.54
-153,0,8.04,0.441999999999993,-34.27
-153,0,8.08,-0.0760000000000005,-34.88
-153,0,8.12,-0.471999999999994,-35.36
-153,0,8.16,-0.956000000000003,-35.92
-153,0,8.2,-2.85,-37.89
-153,0,8.24,-2.932,-38.04
-153,0,8.28,-3.764,-38.94
-153,0,8.32,-3.576,-38.82
-153,0,8.36,-4.568,-39.88
-153,0,8.4,-6.06,-41.44
-153,0,8.44,-6.712,-42.3
-153,0,8.48,-7.144,-42.94
-153,0,8.52,-7.224,-43.25
-153,0,8.56,-7.062,-43.34
-153,0,8.6,-6.86,-43.39
-153,0,8.64,-7.46399999999999,-44.31
-153,0,8.68,-6.608,-43.77
-153,0,8.72,-7.668,-44.97
-153,0,8.76,-8.014,-45.28
-153,0,8.8,-8.98,-46.21
-153,0,8.84,-6.974,-44.16
-153,0,8.88,-7.87800000000001,-45.02
-153,0,8.92,-9.45399999999999,-46.66
-153,0,8.96,-9.252,-46.63
-153,0,9,-8.44,-45.99
-153,0,9.04,-9.294,-47.08
-153,0,9.08,-8.47799999999999,-46.5
-153,0,9.12,-10.606,-48.89
-153,0,9.16,-11.848,-50.42
-153,0,9.2,-11.41,-50.27
-153,0,9.24,-11.52,-50.12
-153,0,9.28,-11.94,-50.28
-153,0,9.32,-11.498,-49.66
-153,0,9.36,-10.244,-48.31
-153,0,9.4,-11.03,-49
-153,0,9.44,-11.684,-49.79
-153,0,9.48,-12.028,-50.27
-153,0,9.52,-13.312,-51.69
-153,0,9.56,-14.306,-52.82
-153,0,9.6,-15.01,-53.66
-153,0,9.64,-15.24,-54.01
-153,0,9.68,-15.65,-54.54
-153,0,9.72,-15.278,-54.26
-153,0,9.76,-14.624,-53.67
-153,0,9.8,-16.01,-55.12
-153,0,9.84,-16.976,-56.09
-153,0,9.88,-19.622,-58.74
-153,0,9.92,-20.17,-59.28
-153,0,9.96,-19.52,-58.61
-153,0,10,-19.28,-58.35
-153,0,10.04,-22.914,-62.16
-153,0,10.08,-21.408,-60.83
-153,0,10.12,-18.656,-58.21
-153,0,10.16,-17.578,-57.22
-153,0,10.2,-15.94,-55.67
-153,0,10.24,-15.312,-55.01
-153,0,10.28,-16.604,-56.27
-153,0,10.32,-16.022,-55.65
-153,0,10.36,-16.686,-56.27
-153,0,10.4,-17.21,-56.75
-153,0,10.44,-19.494,-59.03
-153,0,10.48,-21.428,-60.96
-153,0,10.52,-20.732,-60.34
-153,0,10.56,-18.916,-58.68
-153,0,10.6,-19.44,-59.36
-153,0,10.64,-18.328,-58.34
-153,0,10.68,-22.356,-62.46
-153,0,10.72,-21.576,-61.75
-153,0,10.76,-20.248,-60.47
-153,0,10.8,-19.1,-59.37
-153,0,10.84,-18.82,-58.99
-153,0,10.88,-17.12,-57.19
-153,0,10.92,-18.312,-58.32
-153,0,10.96,-19.176,-59.16
-153,0,11,-18.53,-58.49
-153,0,11.04,-17.296,-57.36
-153,0,11.08,-15.512,-55.68
-153,0,11.12,-14.466,-54.71
-153,0,11.16,-14.978,-55.27
-153,0,11.2,-17.03,-57.37
-153,0,11.24,-19.678,-60.07
-153,0,11.28,-23.246,-63.69
-153,0,11.32,-31.454,-71.97
-153,0,11.36,-23.112,-63.72
-153,0,11.4,-19.24,-59.94
-153,0,11.44,-16.912,-57.66
-153,0,11.48,-16.334,-57.13
-153,0,11.52,-18.25,-59.08
-153,0,11.56,-17.71,-58.56
-153,0,11.6,-17.97,-58.84
-153,0,11.64,-19.876,-60.83
-153,0,11.68,-16.672,-57.71
-153,0,11.72,-19.378,-60.47
-153,0,11.76,-20.194,-61.31
-153,0,11.8,-22.66,-63.8
-153,0,11.84,-29.276,-70.36
-153,0,11.88,-25.852,-66.88
-153,0,11.92,-19.594,-60.72
-153,0,11.96,-21.122,-62.5
-153,0,12,-25.44,-67.07
-152,0,8,-0.150000000000006,-34.77
-152,0,8.04,-1.078,-35.79
-152,0,8.08,-1.746,-36.55
-152,0,8.12,-2.29199999999999,-37.18
-152,0,8.16,-2.656,-37.62
-152,0,8.2,-4.26,-39.3
-152,0,8.24,-4.172,-39.28
-152,0,8.28,-4.744,-39.92
-152,0,8.32,-4.236,-39.48
-152,0,8.36,-4.748,-40.06
-152,0,8.4,-6.37,-41.75
-152,0,8.44,-7.012,-42.6
-152,0,8.48,-7.994,-43.79
-152,0,8.52,-8.06400000000001,-44.09
-152,0,8.56,-7.69199999999999,-43.97
-152,0,8.6,-7.49,-44.02
-152,0,8.64,-8.29399999999999,-45.14
-152,0,8.68,-7.908,-45.07
-152,0,8.72,-8.218,-45.52
-152,0,8.76,-9.294,-46.56
-152,0,8.8,-9.40000000000001,-46.63
-152,0,8.84,-7.71400000000001,-44.9
-152,0,8.88,-8.44800000000001,-45.59
-152,0,8.92,-9.77399999999999,-46.98
-152,0,8.96,-10.102,-47.48
-152,0,9,-8.91,-46.46
-152,0,9.04,-10.404,-48.19
-152,0,9.08,-9.578,-47.6
-152,0,9.12,-11.536,-49.82
-152,0,9.16,-12.538,-51.11
-152,0,9.2,-12.18,-51.04
-152,0,9.24,-12.24,-50.84
-152,0,9.28,-11.83,-50.17
-152,0,9.32,-11.348,-49.51
-152,0,9.36,-11.074,-49.14
-152,0,9.4,-12.14,-50.11
-152,0,9.44,-12.794,-50.9
-152,0,9.48,-12.448,-50.69
-152,0,9.52,-12.832,-51.21
-152,0,9.56,-14.536,-53.05
-152,0,9.6,-15.49,-54.14
-152,0,9.64,-15.07,-53.84
-152,0,9.68,-15.9,-54.79
-152,0,9.72,-15.618,-54.6
-152,0,9.76,-15.624,-54.67
-152,0,9.8,-17.14,-56.25
-152,0,9.84,-17.606,-56.72
-152,0,9.88,-19.672,-58.79
-152,0,9.92,-20.96,-60.07
-152,0,9.96,-20.5,-59.59
-152,0,10,-22.85,-61.92
-152,0,10.04,-25.024,-64.27
-152,0,10.08,-20.958,-60.38
-152,0,10.12,-19.476,-59.03
-152,0,10.16,-17.578,-57.22
-152,0,10.2,-15.11,-54.84
-152,0,10.24,-14.592,-54.29
-152,0,10.28,-15.054,-54.72
-152,0,10.32,-16.092,-55.72
-152,0,10.36,-17.346,-56.93
-152,0,10.4,-21.06,-60.6
-152,0,10.44,-22.934,-62.47
-152,0,10.48,-21.318,-60.85
-152,0,10.52,-19.642,-59.25
-152,0,10.56,-17.476,-57.24
-152,0,10.6,-17.58,-57.5
-152,0,10.64,-19.968,-59.98
-152,0,10.68,-20.116,-60.22
-152,0,10.72,-18.736,-58.91
-152,0,10.76,-17.468,-57.69
-152,0,10.8,-17.84,-58.11
-152,0,10.84,-16.89,-57.06
-152,0,10.88,-17.53,-57.6
-152,0,10.92,-16.902,-56.91
-152,0,10.96,-17.366,-57.35
-152,0,11,-17.95,-57.91
-152,0,11.04,-18.666,-58.73
-152,0,11.08,-18.122,-58.29
-152,0,11.12,-17.226,-57.47
-152,0,11.16,-18.748,-59.04
-152,0,11.2,-18.65,-58.99
-152,0,11.24,-23.098,-63.49
-152,0,11.28,-22.706,-63.15
-152,0,11.32,-20.554,-61.07
-152,0,11.36,-20.452,-61.06
-152,0,11.4,-18.87,-59.57
-152,0,11.44,-17.172,-57.92
-152,0,11.48,-17.404,-58.2
-152,0,11.52,-18.55,-59.38
-152,0,11.56,-18.25,-59.1
-152,0,11.6,-19.62,-60.49
-152,0,11.64,-19.106,-60.06
-152,0,11.68,-19.202,-60.24
-152,0,11.72,-19.018,-60.11
-152,0,11.76,-21.874,-62.99
-152,0,11.8,-22.23,-63.37
-152,0,11.84,-23.576,-64.66
-152,0,11.88,-19.412,-60.44
-152,0,11.92,-21.464,-62.59
-152,0,11.96,-23.352,-64.73
-152,0,12,-24.19,-65.82
-151,0,8,-1.44,-36.06
-151,0,8.04,-2.698,-37.41
-151,0,8.08,-3.526,-38.33
-151,0,8.12,-4.102,-38.99
-151,0,8.16,-4.556,-39.52
-151,0,8.2,-5.64,-40.68
-151,0,8.24,-5.34200000000001,-40.45
-151,0,8.28,-5.654,-40.83
-151,0,8.32,-4.886,-40.13
-151,0,8.36,-5.568,-40.88
-151,0,8.4,-6.54,-41.92
-151,0,8.44,-7.122,-42.71
-151,0,8.48,-8.414,-44.21
-151,0,8.52,-8.884,-44.91
-151,0,8.56,-8.20199999999999,-44.48
-151,0,8.6,-8.11,-44.64
-151,0,8.64,-8.86399999999999,-45.71
-151,0,8.68,-8.548,-45.71
-151,0,8.72,-9.478,-46.78
-151,0,8.76,-9.754,-47.02
-151,0,8.8,-10.56,-47.79
-151,0,8.84,-8.474,-45.66
-151,0,8.88,-9.258,-46.4
-151,0,8.92,-10.344,-47.55
-151,0,8.96,-10.542,-47.92
-151,0,9,-9.62,-47.17
-151,0,9.04,-11.134,-48.92
-151,0,9.08,-11.038,-49.06
-151,0,9.12,-12.426,-50.71
-151,0,9.16,-12.048,-50.62
-151,0,9.2,-12.92,-51.78
-151,0,9.24,-12.63,-51.23
-151,0,9.28,-12.41,-50.75
-151,0,9.32,-11.858,-50.02
-151,0,9.36,-12.114,-50.18
-151,0,9.4,-12.77,-50.74
-151,0,9.44,-12.464,-50.57
-151,0,9.48,-12.458,-50.7
-151,0,9.52,-12.782,-51.16
-151,0,9.56,-14.066,-52.58
-151,0,9.6,-15.85,-54.5
-151,0,9.64,-16.16,-54.93
-151,0,9.68,-16.32,-55.21
-151,0,9.72,-15.998,-54.98
-151,0,9.76,-16.044,-55.09
-151,0,9.8,-17.21,-56.32
-151,0,9.84,-17.116,-56.23
-151,0,9.88,-20.202,-59.32
-151,0,9.92,-24.91,-64.02
-151,0,9.96,-23.1,-62.19
-151,0,10,-25.05,-64.12
-151,0,10.04,-23.774,-63.02
-151,0,10.08,-19.518,-58.94
-151,0,10.12,-18.746,-58.3
-151,0,10.16,-17.648,-57.29
-151,0,10.2,-15.03,-54.76
-151,0,10.24,-14.302,-54
-151,0,10.28,-13.984,-53.65
-151,0,10.32,-18.462,-58.09
-151,0,10.36,-21.396,-60.98
-151,0,10.4,-31.42,-70.96
-151,0,10.44,-30.704,-70.24
-151,0,10.48,-18.808,-58.34
-151,0,10.52,-16.002,-55.61
-151,0,10.56,-16.346,-56.11
-151,0,10.6,-17.82,-57.74
-151,0,10.64,-20.508,-60.52
-151,0,10.68,-18.606,-58.71
-151,0,10.72,-18.496,-58.67
-151,0,10.76,-17.458,-57.68
-151,0,10.8,-16.78,-57.05
-151,0,10.84,-16.21,-56.38
-151,0,10.88,-17.02,-57.09
-151,0,10.92,-18.072,-58.08
-151,0,10.96,-17.536,-57.52
-151,0,11,-17.88,-57.84
-151,0,11.04,-21.436,-61.5
-151,0,11.08,-20.942,-61.11
-151,0,11.12,-19.146,-59.39
-151,0,11.16,-16.798,-57.09
-151,0,11.2,-19.25,-59.59
-151,0,11.24,-21.758,-62.15
-151,0,11.28,-20.916,-61.36
-151,0,11.32,-18.364,-58.88
-151,0,11.36,-21.452,-62.06
-151,0,11.4,-20.7,-61.4
-151,0,11.44,-19.282,-60.03
-151,0,11.48,-19.784,-60.58
-151,0,11.52,-19.64,-60.47
-151,0,11.56,-19.66,-60.51
-151,0,11.6,-21.25,-62.12
-151,0,11.64,-23.936,-64.89
-151,0,11.68,-21.752,-62.79
-151,0,11.72,-24.338,-65.43
-151,0,11.76,-21.834,-62.95
-151,0,11.8,-20.04,-61.18
-151,0,11.84,-21.466,-62.55
-151,0,11.88,-18.722,-59.75
-151,0,11.92,-19.924,-61.05
-151,0,11.96,-21.962,-63.34
-151,0,12,-22.31,-63.94
-150,0,8,-2.90000000000001,-37.52
-150,0,8.04,-4.248,-38.96
-150,0,8.08,-5.17599999999999,-39.98
-150,0,8.12,-5.502,-40.39
-150,0,8.16,-5.606,-40.57
-150,0,8.2,-6.69,-41.73
-150,0,8.24,-6.372,-41.48
-150,0,8.28,-6.214,-41.39
-150,0,8.32,-5.686,-40.93
-150,0,8.36,-6.328,-41.64
-150,0,8.4,-6.84999999999999,-42.23
-150,0,8.44,-7.582,-43.17
-150,0,8.48,-8.794,-44.59
-150,0,8.52,-9.24400000000001,-45.27
-150,0,8.56,-9.032,-45.31
-150,0,8.6,-8.52,-45.05
-150,0,8.64,-9.20399999999999,-46.05
-150,0,8.68,-9.188,-46.35
-150,0,8.72,-9.788,-47.09
-150,0,8.76,-10.824,-48.09
-150,0,8.8,-10.87,-48.1
-150,0,8.84,-9.16400000000001,-46.35
-150,0,8.88,-10.018,-47.16
-150,0,8.92,-10.394,-47.6
-150,0,8.96,-10.512,-47.89
-150,0,9,-10.56,-48.11
-150,0,9.04,-12.544,-50.33
-150,0,9.08,-11.708,-49.73
-150,0,9.12,-12.736,-51.02
-150,0,9.16,-12.568,-51.14
-150,0,9.2,-13.6,-52.46
-150,0,9.24,-13.54,-52.14
-150,0,9.28,-12.78,-51.12
-150,0,9.32,-12.768,-50.93
-150,0,9.36,-12.784,-50.85
-150,0,9.4,-13.55,-51.52
-150,0,9.44,-14.064,-52.17
-150,0,9.48,-13.728,-51.97
-150,0,9.52,-14.472,-52.85
-150,0,9.56,-15.726,-54.24
-150,0,9.6,-16.38,-55.03
-150,0,9.64,-15.4,-54.17
-150,0,9.68,-16.25,-55.14
-150,0,9.72,-15.228,-54.21
-150,0,9.76,-14.974,-54.02
-150,0,9.8,-15.62,-54.73
-150,0,9.84,-17.776,-56.89
-150,0,9.88,-23.482,-62.6
-150,0,9.92,-25.7,-64.81
-150,0,9.96,-27.97,-67.06
-150,0,10,-21.87,-60.94
-150,0,10.04,-22.024,-61.27
-150,0,10.08,-19.278,-58.7
-150,0,10.12,-19.116,-58.67
-150,0,10.16,-17.308,-56.95
-150,0,10.2,-15.06,-54.79
-150,0,10.24,-15.862,-55.56
-150,0,10.28,-17.724,-57.39
-150,0,10.32,-20.912,-60.54
-150,0,10.36,-26.526,-66.11
-150,0,10.4,-31.91,-71.45
-150,0,10.44,-23.044,-62.58
-150,0,10.48,-19.188,-58.72
-150,0,10.52,-17.392,-57
-150,0,10.56,-17.646,-57.41
-150,0,10.6,-17.46,-57.38
-150,0,10.64,-18.908,-58.92
-150,0,10.68,-18.576,-58.68
-150,0,10.72,-18.856,-59.03
-150,0,10.76,-16.268,-56.49
-150,0,10.8,-15.89,-56.16
-150,0,10.84,-17.57,-57.74
-150,0,10.88,-19.01,-59.08
-150,0,10.92,-18.432,-58.44
-150,0,10.96,-20.326,-60.31
-150,0,11,-21.36,-61.32
-150,0,11.04,-23.596,-63.66
-150,0,11.08,-21.892,-62.06
-150,0,11.12,-17.816,-58.06
-150,0,11.16,-17.368,-57.66
-150,0,11.2,-17.74,-58.08
-150,0,11.24,-19.458,-59.85
-150,0,11.28,-20.276,-60.72
-150,0,11.32,-20.874,-61.39
-150,0,11.36,-21.122,-61.73
-150,0,11.4,-20.12,-60.82
-150,0,11.44,-18.752,-59.5
-150,0,11.48,-22.294,-63.09
-150,0,11.52,-22.68,-63.51
-150,0,11.56,-21.28,-62.13
-150,0,11.6,-21.75,-62.62
-150,0,11.64,-28.006,-68.96
-150,0,11.68,-31.632,-72.67
-150,0,11.72,-35.068,-76.16
-150,0,11.76,-24.374,-65.49
-150,0,11.8,-19.81,-60.95
-150,0,11.84,-20.186,-61.27
-150,0,11.88,-19.382,-60.41
-150,0,11.92,-19.964,-61.09
-150,0,11.96,-20.682,-62.06
-150,0,12,-18.41,-60.04
-149,0,8,-4.45,-39.07
-149,0,8.04,-5.52800000000001,-40.24
-149,0,8.08,-6.286,-41.09
-149,0,8.12,-6.79199999999999,-41.68
-149,0,8.16,-6.666,-41.63
-149,0,8.2,-7.31,-42.35
-149,0,8.24,-6.892,-42
-149,0,8.28,-7.214,-42.39
-149,0,8.32,-6.996,-42.24
-149,0,8.36,-7.688,-43
-149,0,8.4,-7.97,-43.35
-149,0,8.44,-8.732,-44.32
-149,0,8.48,-9.734,-45.53
-149,0,8.52,-10.174,-46.2
-149,0,8.56,-9.492,-45.77
-149,0,8.6,-8.78,-45.31
-149,0,8.64,-8.93399999999999,-45.78
-149,0,8.68,-8.678,-45.84
-149,0,8.72,-9.888,-47.19
-149,0,8.76,-10.674,-47.94
-149,0,8.8,-11.14,-48.37
-149,0,8.84,-10.284,-47.47
-149,0,8.88,-11.478,-48.62
-149,0,8.92,-11.204,-48.41
-149,0,8.96,-11.082,-48.46
-149,0,9,-11.54,-49.09
-149,0,9.04,-13.004,-50.79
-149,0,9.08,-13.028,-51.05
-149,0,9.12,-14.076,-52.36
-149,0,9.16,-13.658,-52.23
-149,0,9.2,-14.55,-53.41
-149,0,9.24,-13.85,-52.45
-149,0,9.28,-13.19,-51.53
-149,0,9.32,-12.958,-51.12
-149,0,9.36,-12.904,-50.97
-149,0,9.4,-14.58,-52.55
-149,0,9.44,-15.124,-53.23
-149,0,9.48,-15.008,-53.25
-149,0,9.52,-16.202,-54.58
-149,0,9.56,-15.706,-54.22
-149,0,9.6,-16.27,-54.92
-149,0,9.64,-17.15,-55.92
-149,0,9.68,-15.66,-54.55
-149,0,9.72,-15.638,-54.62
-149,0,9.76,-15.804,-54.85
-149,0,9.8,-16.96,-56.07
-149,0,9.84,-21.976,-61.09
-149,0,9.88,-27.312,-66.43
-149,0,9.92,-24.6,-63.71
-149,0,9.96,-23.27,-62.36
-149,0,10,-19.44,-58.51
-149,0,10.04,-19.644,-58.89
-149,0,10.08,-17.868,-57.29
-149,0,10.12,-17.906,-57.46
-149,0,10.16,-18.438,-58.08
-149,0,10.2,-17.3,-57.03
-149,0,10.24,-16.382,-56.08
-149,0,10.28,-18.564,-58.23
-149,0,10.32,-25.202,-64.83
-149,0,10.36,-33.676,-73.26
-149,0,10.4,-23.41,-62.95
-149,0,10.44,-20.694,-60.23
-149,0,10.48,-21.538,-61.07
-149,0,10.52,-18.002,-57.61
-149,0,10.56,-19.076,-58.84
-149,0,10.6,-17.42,-57.34
-149,0,10.64,-18.628,-58.64
-149,0,10.68,-17.176,-57.28
-149,0,10.72,-18.026,-58.2
-149,0,10.76,-19.458,-59.68
-149,0,10.8,-19.52,-59.79
-149,0,10.84,-20.7,-60.87
-149,0,10.88,-21.41,-61.48
-149,0,10.92,-23.662,-63.67
-149,0,10.96,-24.696,-64.68
-149,0,11,-20.49,-60.45
-149,0,11.04,-20.016,-60.08
-149,0,11.08,-20.252,-60.42
-149,0,11.12,-16.356,-56.6
-149,0,11.16,-16.518,-56.81
-149,0,11.2,-19.16,-59.5
-149,0,11.24,-20.678,-61.07
-149,0,11.28,-19.176,-59.62
-149,0,11.32,-19.794,-60.31
-149,0,11.36,-20.512,-61.12
-149,0,11.4,-23.2,-63.9
-149,0,11.44,-19.632,-60.38
-149,0,11.48,-20.044,-60.84
-149,0,11.52,-20.22,-61.05
-149,0,11.56,-21.01,-61.86
-149,0,11.6,-19.68,-60.55
-149,0,11.64,-23.856,-64.81
-149,0,11.68,-27.112,-68.15
-149,0,11.72,-29.058,-70.15
-149,0,11.76,-23.814,-64.93
-149,0,11.8,-23.18,-64.32
-149,0,11.84,-20.986,-62.07
-149,0,11.88,-20.382,-61.41
-149,0,11.92,-20.604,-61.73
-149,0,11.96,-21.432,-62.81
-149,0,12,-22.92,-64.55
-148,0,8,-5.49,-40.11
-148,0,8.04,-6.578,-41.29
-148,0,8.08,-7.046,-41.85
-148,0,8.12,-7.40199999999999,-42.29
-148,0,8.16,-7.346,-42.31
-148,0,8.2,-8.12,-43.16
-148,0,8.24,-7.872,-42.98
-148,0,8.28,-8.55399999999999,-43.73
-148,0,8.32,-8.246,-43.49
-148,0,8.36,-9.13800000000001,-44.45
-148,0,8.4,-9.23,-44.61
-148,0,8.44,-9.932,-45.52
-148,0,8.48,-11.234,-47.03
-148,0,8.52,-11.084,-47.11
-148,0,8.56,-9.88199999999999,-46.16
-148,0,8.6,-8.65,-45.18
-148,0,8.64,-8.71399999999999,-45.56
-148,0,8.68,-8.508,-45.67
-148,0,8.72,-9.638,-46.94
-148,0,8.76,-11.074,-48.34
-148,0,8.8,-11.53,-48.76
-148,0,8.84,-10.904,-48.09
-148,0,8.88,-12.458,-49.6
-148,0,8.92,-11.874,-49.08
-148,0,8.96,-11.052,-48.43
-148,0,9,-12.64,-50.19
-148,0,9.04,-14.414,-52.2
-148,0,9.08,-14.478,-52.5
-148,0,9.12,-15.376,-53.66
-148,0,9.16,-13.798,-52.37
-148,0,9.2,-14.43,-53.29
-148,0,9.24,-13.67,-52.27
-148,0,9.28,-12.97,-51.31
-148,0,9.32,-13.578,-51.74
-148,0,9.36,-13.514,-51.58
-148,0,9.4,-16.32,-54.29
-148,0,9.44,-18.014,-56.12
-148,0,9.48,-17.748,-55.99
-148,0,9.52,-17.672,-56.05
-148,0,9.56,-17.516,-56.03
-148,0,9.6,-17.3,-55.95
-148,0,9.64,-15.62,-54.39
-148,0,9.68,-16.25,-55.14
-148,0,9.72,-15.218,-54.2
-148,0,9.76,-16.174,-55.22
-148,0,9.8,-19.83,-58.94
-148,0,9.84,-25.976,-65.09
-148,0,9.88,-24.492,-63.61
-148,0,9.92,-21.81,-60.92
-148,0,9.96,-18.96,-58.05
-148,0,10,-20.44,-59.51
-148,0,10.04,-19.994,-59.24
-148,0,10.08,-18.248,-57.67
-148,0,10.12,-18.516,-58.07
-148,0,10.16,-17.628,-57.27
-148,0,10.2,-18.71,-58.44
-148,0,10.24,-17.952,-57.65
-148,0,10.28,-19.874,-59.54
-148,0,10.32,-24.302,-63.93
-148,0,10.36,-28.426,-68.01
-148,0,10.4,-25.55,-65.09
-148,0,10.44,-22.654,-62.19
-148,0,10.48,-23.578,-63.11
-148,0,10.52,-20.282,-59.89
-148,0,10.56,-15.856,-55.62
-148,0,10.6,-17.19,-57.11
-148,0,10.64,-16.708,-56.72
-148,0,10.68,-18.736,-58.84
-148,0,10.72,-20.586,-60.76
-148,0,10.76,-21.348,-61.57
-148,0,10.8,-25.81,-66.08
-148,0,10.84,-27.83,-68
-148,0,10.88,-27.33,-67.4
-148,0,10.92,-23.192,-63.2
-148,0,10.96,-21.746,-61.73
-148,0,11,-19.26,-59.22
-148,0,11.04,-22.046,-62.11
-148,0,11.08,-19.782,-59.95
-148,0,11.12,-17.366,-57.61
-148,0,11.16,-19.468,-59.76
-148,0,11.2,-20.52,-60.86
-148,0,11.24,-21.948,-62.34
-148,0,11.28,-20.166,-60.61
-148,0,11.32,-23.464,-63.98
-148,0,11.36,-24.272,-64.88
-148,0,11.4,-20.29,-60.99
-148,0,11.44,-19.682,-60.43
-148,0,11.48,-21.464,-62.26
-148,0,11.52,-21.42,-62.25
-148,0,11.56,-24.05,-64.9
-148,0,11.6,-24.01,-64.88
-148,0,11.64,-22.396,-63.35
-148,0,11.68,-22.032,-63.07
-148,0,11.72,-24.538,-65.63
-148,0,11.76,-20.784,-61.9
-148,0,11.8,-24.1,-65.24
-148,0,11.84,-22.156,-63.24
-148,0,11.88,-21.592,-62.62
-148,0,11.92,-19.614,-60.74
-148,0,11.96,-25.182,-66.56
-148,0,12,-28.84,-70.47
-147,0,8,-6.29,-40.91
-147,0,8.04,-7.008,-41.72
-147,0,8.08,-7.216,-42.02
-147,0,8.12,-7.932,-42.82
-147,0,8.16,-7.616,-42.58
-147,0,8.2,-8.24,-43.28
-147,0,8.24,-8.282,-43.39
-147,0,8.28,-9.114,-44.29
-147,0,8.32,-9.296,-44.54
-147,0,8.36,-10.488,-45.8
-147,0,8.4,-10.91,-46.29
-147,0,8.44,-11.042,-46.63
-147,0,8.48,-11.704,-47.5
-147,0,8.52,-11.664,-47.69
-147,0,8.56,-10.412,-46.69
-147,0,8.6,-9.23,-45.76
-147,0,8.64,-9.20399999999999,-46.05
-147,0,8.68,-8.548,-45.71
-147,0,8.72,-10.538,-47.84
-147,0,8.76,-11.294,-48.56
-147,0,8.8,-12.71,-49.94
-147,0,8.84,-11.804,-48.99
-147,0,8.88,-12.128,-49.27
-147,0,8.92,-11.934,-49.14
-147,0,8.96,-12.032,-49.41
-147,0,9,-11.86,-49.41
-147,0,9.04,-13.554,-51.34
-147,0,9.08,-14.858,-52.88
-147,0,9.12,-15.986,-54.27
-147,0,9.16,-13.468,-52.04
-147,0,9.2,-14.41,-53.27
-147,0,9.24,-12.68,-51.28
-147,0,9.28,-13.44,-51.78
-147,0,9.32,-13.758,-51.92
-147,0,9.36,-15.124,-53.19
-147,0,9.4,-19.17,-57.14
-147,0,9.44,-18.454,-56.56
-147,0,9.48,-18.618,-56.86
-147,0,9.52,-19.222,-57.6
-147,0,9.56,-17.936,-56.45
-147,0,9.6,-17.78,-56.43
-147,0,9.64,-16.04,-54.81
-147,0,9.68,-16.18,-55.07
-147,0,9.72,-17.268,-56.25
-147,0,9.76,-20.884,-59.93
-147,0,9.8,-23.66,-62.77
-147,0,9.84,-23.236,-62.35
-147,0,9.88,-22.732,-61.85
-147,0,9.92,-18.97,-58.08
-147,0,9.96,-19.85,-58.94
-147,0,10,-19.23,-58.3
-147,0,10.04,-21.654,-60.9
-147,0,10.08,-18.148,-57.57
-147,0,10.12,-20.476,-60.03
-147,0,10.16,-19.158,-58.8
-147,0,10.2,-19.63,-59.36
-147,0,10.24,-20.002,-59.7
-147,0,10.28,-22.234,-61.9
-147,0,10.32,-23.932,-63.56
-147,0,10.36,-28.396,-67.98
-147,0,10.4,-23.04,-62.58
-147,0,10.44,-23.404,-62.94
-147,0,10.48,-19.878,-59.41
-147,0,10.52,-18.172,-57.78
-147,0,10.56,-15.056,-54.82
-147,0,10.6,-14.1,-54.02
-147,0,10.64,-17.738,-57.75
-147,0,10.68,-19.646,-59.75
-147,0,10.72,-21.516,-61.69
-147,0,10.76,-25.388,-65.61
-147,0,10.8,-29.81,-70.08
-147,0,10.84,-26.85,-67.02
-147,0,10.88,-23.39,-63.46
-147,0,10.92,-22.962,-62.97
-147,0,10.96,-20.606,-60.59
-147,0,11,-23.04,-63
-147,0,11.04,-20.046,-60.11
-147,0,11.08,-20.712,-60.88
-147,0,11.12,-20.616,-60.86
-147,0,11.16,-21.908,-62.2
-147,0,11.2,-22.27,-62.61
-147,0,11.24,-23.898,-64.29
-147,0,11.28,-22.136,-62.58
-147,0,11.32,-24.034,-64.55
-147,0,11.36,-24.432,-65.04
-147,0,11.4,-21.82,-62.52
-147,0,11.44,-21.372,-62.12
-147,0,11.48,-23.264,-64.06
-147,0,11.52,-22.89,-63.72
-147,0,11.56,-29.01,-69.86
-147,0,11.6,-22.21,-63.08
-147,0,11.64,-19.296,-60.25
-147,0,11.68,-16.992,-58.03
-147,0,11.72,-17.588,-58.68
-147,0,11.76,-20.614,-61.73
-147,0,11.8,-20.98,-62.12
-147,0,11.84,-22.026,-63.11
-147,0,11.88,-20.382,-61.41
-147,0,11.92,-23.624,-64.75
-147,0,11.96,-23.062,-64.44
-147,0,12,-26.09,-67.72
-146,0,8,-7.05,-41.67
-146,0,8.04,-7.368,-42.08
-146,0,8.08,-7.456,-42.26
-146,0,8.12,-8.29199999999999,-43.18
-146,0,8.16,-7.986,-42.95
-146,0,8.2,-8.7,-43.74
-146,0,8.24,-9.02200000000001,-44.13
-146,0,8.28,-9.674,-44.85
-146,0,8.32,-10.066,-45.31
-146,0,8.36,-11.118,-46.43
-146,0,8.4,-12.11,-47.49
-146,0,8.44,-12.792,-48.38
-146,0,8.48,-12.974,-48.77
-146,0,8.52,-11.384,-47.41
-146,0,8.56,-10.612,-46.89
-146,0,8.6,-9.71,-46.24
-146,0,8.64,-10.094,-46.94
-146,0,8.68,-9.728,-46.89
-146,0,8.72,-11.408,-48.71
-146,0,8.76,-12.374,-49.64
-146,0,8.8,-13.27,-50.5
-146,0,8.84,-12.524,-49.71
-146,0,8.88,-12.528,-49.67
-146,0,8.92,-12.084,-49.29
-146,0,8.96,-13.202,-50.58
-146,0,9,-12.5,-50.05
-146,0,9.04,-13.834,-51.62
-146,0,9.08,-14.468,-52.49
-146,0,9.12,-14.816,-53.1
-146,0,9.16,-13.428,-52
-146,0,9.2,-13.7,-52.56
-146,0,9.24,-13.06,-51.66
-146,0,9.28,-13.87,-52.21
-146,0,9.32,-14.518,-52.68
-146,0,9.36,-17.254,-55.32
-146,0,9.4,-20.11,-58.08
-146,0,9.44,-17.914,-56.02
-146,0,9.48,-18.998,-57.24
-146,0,9.52,-18.122,-56.5
-146,0,9.56,-18.166,-56.68
-146,0,9.6,-17.65,-56.3
-146,0,9.64,-16.77,-55.54
-146,0,9.68,-17.51,-56.4
-146,0,9.72,-20.398,-59.38
-146,0,9.76,-25.424,-64.47
-146,0,9.8,-26.16,-65.27
-146,0,9.84,-20.756,-59.87
-146,0,9.88,-20.702,-59.82
-146,0,9.92,-20.92,-60.03
-146,0,9.96,-19.82,-58.91
-146,0,10,-21.26,-60.33
-146,0,10.04,-18.414,-57.66
-146,0,10.08,-19.038,-58.46
-146,0,10.12,-21.206,-60.76
-146,0,10.16,-19.318,-58.96
-146,0,10.2,-18.6,-58.33
-146,0,10.24,-20.392,-60.09
-146,0,10.28,-22.004,-61.67
-146,0,10.32,-22.722,-62.35
-146,0,10.36,-24.516,-64.1
-146,0,10.4,-20.36,-59.9
-146,0,10.44,-21.304,-60.84
-146,0,10.48,-17.348,-56.88
-146,0,10.52,-17.082,-56.69
-146,0,10.56,-14.886,-54.65
-146,0,10.6,-15.52,-55.44
-146,0,10.64,-17.648,-57.66
-146,0,10.68,-20.926,-61.03
-146,0,10.72,-25.626,-65.8
-146,0,10.76,-30.018,-70.24
-146,0,10.8,-24.5,-64.77
-146,0,10.84,-24.04,-64.21
-146,0,10.88,-23.91,-63.98
-146,0,10.92,-22.122,-62.13
-146,0,10.96,-23.206,-63.19
-146,0,11,-20.07,-60.03
-146,0,11.04,-19.866,-59.93
-146,0,11.08,-21.862,-62.03
-146,0,11.12,-20.946,-61.19
-146,0,11.16,-22.038,-62.33
-146,0,11.2,-23.45,-63.79
-146,0,11.24,-22.478,-62.87
-146,0,11.28,-28.826,-69.27
-146,0,11.32,-28.034,-68.55
-146,0,11.36,-29.122,-69.73
-146,0,11.4,-29.01,-69.71
-146,0,11.44,-23.712,-64.46
-146,0,11.48,-23.204,-64
-146,0,11.52,-28.26,-69.09
-146,0,11.56,-25.33,-66.18
-146,0,11.6,-21.65,-62.52
-146,0,11.64,-20.446,-61.4
-146,0,11.68,-18.512,-59.55
-146,0,11.72,-19.838,-60.93
-146,0,11.76,-19.694,-60.81
-146,0,11.8,-22.9,-64.04
-146,0,11.84,-23.136,-64.22
-146,0,11.88,-27.052,-68.08
-146,0,11.92,-23.194,-64.32
-146,0,11.96,-20.562,-61.94
-146,0,12,-19.76,-61.39
-145,0,8,-7.76000000000001,-42.38
-145,0,8.04,-7.84800000000001,-42.56
-145,0,8.08,-7.736,-42.54
-145,0,8.12,-8.492,-43.38
-145,0,8.16,-8.496,-43.46
-145,0,8.2,-9.79,-44.83
-145,0,8.24,-9.682,-44.79
-145,0,8.28,-10.834,-46.01
-145,0,8.32,-11.126,-46.37
-145,0,8.36,-12.308,-47.62
-145,0,8.4,-12.85,-48.23
-145,0,8.44,-13.152,-48.74
-145,0,8.48,-11.804,-47.6
-145,0,8.52,-11.424,-47.45
-145,0,8.56,-11.132,-47.41
-145,0,8.6,-11.39,-47.92
-145,0,8.64,-11.244,-48.09
-145,0,8.68,-11.918,-49.08
-145,0,8.72,-13.198,-50.5
-145,0,8.76,-13.734,-51
-145,0,8.8,-13.21,-50.44
-145,0,8.84,-12.064,-49.25
-145,0,8.88,-12.708,-49.85
-145,0,8.92,-13.314,-50.52
-145,0,8.96,-14.522,-51.9
-145,0,9,-13.6,-51.15
-145,0,9.04,-14.074,-51.86
-145,0,9.08,-12.938,-50.96
-145,0,9.12,-13.676,-51.96
-145,0,9.16,-13.418,-51.99
-145,0,9.2,-13.8,-52.66
-145,0,9.24,-13.15,-51.75
-145,0,9.28,-12.94,-51.28
-145,0,9.32,-16.408,-54.57
-145,0,9.36,-20.904,-58.97
-145,0,9.4,-17.99,-55.96
-145,0,9.44,-17.984,-56.09
-145,0,9.48,-19.158,-57.4
-145,0,9.52,-17.922,-56.3
-145,0,9.56,-17.376,-55.89
-145,0,9.6,-18,-56.65
-145,0,9.64,-17.95,-56.72
-145,0,9.68,-19.96,-58.85
-145,0,9.72,-25.348,-64.33
-145,0,9.76,-28.654,-67.7
-145,0,9.8,-22.67,-61.78
-145,0,9.84,-20.096,-59.21
-145,0,9.88,-19.742,-58.86
-145,0,9.92,-21.27,-60.38
-145,0,9.96,-25.03,-64.12
-145,0,10,-21.04,-60.11
-145,0,10.04,-19.324,-58.57
-145,0,10.08,-21.408,-60.83
-145,0,10.12,-19.306,-58.86
-145,0,10.16,-21.298,-60.94
-145,0,10.2,-23.45,-63.18
-145,0,10.24,-24.022,-63.72
-145,0,10.28,-23.724,-63.39
-145,0,10.32,-24.992,-64.62
-145,0,10.36,-23.036,-62.62
-145,0,10.4,-18.27,-57.81
-145,0,10.44,-15.394,-54.93
-145,0,10.48,-16.118,-55.65
-145,0,10.52,-16.622,-56.23
-145,0,10.56,-16.596,-56.36
-145,0,10.6,-19.47,-59.39
-145,0,10.64,-22.908,-62.92
-145,0,10.68,-22.566,-62.67
-145,0,10.72,-24.276,-64.45
-145,0,10.76,-19.188,-59.41
-145,0,10.8,-20.64,-60.91
-145,0,10.84,-22.92,-63.09
-145,0,10.88,-22.88,-62.95
-145,0,10.92,-20.792,-60.8
-145,0,10.96,-20.636,-60.62
-145,0,11,-20.31,-60.27
-145,0,11.04,-20.296,-60.36
-145,0,11.08,-25.772,-65.94
-145,0,11.12,-21.676,-61.92
-145,0,11.16,-23.678,-63.97
-145,0,11.2,-22.47,-62.81
-145,0,11.24,-22.258,-62.65
-145,0,11.28,-24.716,-65.16
-145,0,11.32,-26.274,-66.79
-145,0,11.36,-29.682,-70.29
-145,0,11.4,-28.5,-69.2
-145,0,11.44,-22.072,-62.82
-145,0,11.48,-23.524,-64.32
-145,0,11.52,-32.85,-73.68
-145,0,11.56,-32.24,-73.09
-145,0,11.6,-31,-71.87
-145,0,11.64,-21.716,-62.67
-145,0,11.68,-19.852,-60.89
-145,0,11.72,-25.528,-66.62
-145,0,11.76,-30.574,-71.69
-145,0,11.8,-34.23,-75.37
-145,0,11.84,-34.246,-75.33
-145,0,11.88,-21.802,-62.83
-145,0,11.92,-17.854,-58.98
-145,0,11.96,-15.302,-56.68
-145,0,12,-15.74,-57.37
-144,0,8,-8.26000000000001,-42.88
-144,0,8.04,-8.108,-42.82
-144,0,8.08,-8.526,-43.33
-144,0,8.12,-9.23199999999999,-44.12
-144,0,8.16,-9.176,-44.14
-144,0,8.2,-11.07,-46.11
-144,0,8.24,-11.452,-46.56
-144,0,8.28,-11.654,-46.83
-144,0,8.32,-11.986,-47.23
-144,0,8.36,-12.488,-47.8
-144,0,8.4,-13.15,-48.53
-144,0,8.44,-13.682,-49.27
-144,0,8.48,-11.824,-47.62
-144,0,8.52,-10.814,-46.84
-144,0,8.56,-11.602,-47.88
-144,0,8.6,-12.77,-49.3
-144,0,8.64,-13.554,-50.4
-144,0,8.68,-13.848,-51.01
-144,0,8.72,-15.468,-52.77
-144,0,8.76,-14.604,-51.87
-144,0,8.8,-13.69,-50.92
-144,0,8.84,-12.214,-49.4
-144,0,8.88,-12.638,-49.78
-144,0,8.92,-14.744,-51.95
-144,0,8.96,-14.972,-52.35
-144,0,9,-13.35,-50.9
-144,0,9.04,-13.834,-51.62
-144,0,9.08,-13.498,-51.52
-144,0,9.12,-13.326,-51.61
-144,0,9.16,-13.668,-52.24
-144,0,9.2,-13.58,-52.44
-144,0,9.24,-13.54,-52.14
-144,0,9.28,-15.49,-53.83
-144,0,9.32,-18.238,-56.4
-144,0,9.36,-19.754,-57.82
-144,0,9.4,-16.77,-54.74
-144,0,9.44,-17.624,-55.73
-144,0,9.48,-16.938,-55.18
-144,0,9.52,-16.352,-54.73
-144,0,9.56,-17.826,-56.34
-144,0,9.6,-17.52,-56.17
-144,0,9.64,-19.74,-58.51
-144,0,9.68,-21.19,-60.08
-144,0,9.72,-25.828,-64.81
-144,0,9.76,-27.714,-66.76
-144,0,9.8,-21.58,-60.69
-144,0,9.84,-20.786,-59.9
-144,0,9.88,-21.232,-60.35
-144,0,9.92,-25.11,-64.22
-144,0,9.96,-21.5,-60.59
-144,0,10,-22.14,-61.21
-144,0,10.04,-21.424,-60.67
-144,0,10.08,-19.528,-58.95
-144,0,10.12,-23.146,-62.7
-144,0,10.16,-22.288,-61.93
-144,0,10.2,-27.02,-66.75
-144,0,10.24,-26.322,-66.02
-144,0,10.28,-20.844,-60.51
-144,0,10.32,-21.292,-60.92
-144,0,10.36,-20.036,-59.62
-144,0,10.4,-16.38,-55.92
-144,0,10.44,-15.644,-55.18
-144,0,10.48,-16.958,-56.49
-144,0,10.52,-19.912,-59.52
-144,0,10.56,-25.846,-65.61
-144,0,10.6,-24.77,-64.69
-144,0,10.64,-23.908,-63.92
-144,0,10.68,-22.926,-63.03
-144,0,10.72,-21.486,-61.66
-144,0,10.76,-20.258,-60.48
-144,0,10.8,-21.84,-62.11
-144,0,10.84,-22.42,-62.59
-144,0,10.88,-25.4,-65.47
-144,0,10.92,-21.862,-61.87
-144,0,10.96,-18.746,-58.73
-144,0,11,-20.1,-60.06
-144,0,11.04,-21.036,-61.1
-144,0,11.08,-21.742,-61.91
-144,0,11.12,-21.776,-62.02
-144,0,11.16,-21.728,-62.02
-144,0,11.2,-21.39,-61.73
-144,0,11.24,-26.008,-66.4
-144,0,11.28,-30.016,-70.46
-144,0,11.32,-31.364,-71.88
-144,0,11.36,-22.132,-62.74
-144,0,11.4,-23.44,-64.14
-144,0,11.44,-19.562,-60.31
-144,0,11.48,-20.184,-60.98
-144,0,11.52,-23,-63.83
-144,0,11.56,-30.72,-71.57
-144,0,11.6,-34.71,-75.58
-144,0,11.64,-29.606,-70.56
-144,0,11.68,-41.112,-82.15
-144,0,11.72,-31.558,-72.65
-144,0,11.76,-33.554,-74.67
-144,0,11.8,-22.91,-64.05
-144,0,11.84,-21.756,-62.84
-144,0,11.88,-18.052,-59.08
-144,0,11.92,-17.094,-58.22
-144,0,11.96,-15.622,-57
-144,0,12,-18.13,-59.76
-143,0,8,-8.92,-43.54
-143,0,8.04,-8.63800000000001,-43.35
-143,0,8.08,-8.946,-43.75
-143,0,8.12,-10.292,-45.18
-143,0,8.16,-10.016,-44.98
-143,0,8.2,-11.34,-46.38
-143,0,8.24,-12.252,-47.36
-143,0,8.28,-12.994,-48.17
-143,0,8.32,-13.346,-48.59
-143,0,8.36,-13.268,-48.58
-143,0,8.4,-13.46,-48.84
-143,0,8.44,-12.922,-48.51
-143,0,8.48,-11.284,-47.08
-143,0,8.52,-11.034,-47.06
-143,0,8.56,-11.432,-47.71
-143,0,8.6,-13.01,-49.54
-143,0,8.64,-15.244,-52.09
-143,0,8.68,-16.248,-53.41
-143,0,8.72,-17.388,-54.69
-143,0,8.76,-14.224,-51.49
-143,0,8.8,-13.82,-51.05
-143,0,8.84,-13.474,-50.66
-143,0,8.88,-13.958,-51.1
-143,0,8.92,-15.564,-52.77
-143,0,8.96,-15.932,-53.31
-143,0,9,-15.29,-52.84
-143,0,9.04,-14.934,-52.72
-143,0,9.08,-13.268,-51.29
-143,0,9.12,-15.556,-53.84
-143,0,9.16,-13.868,-52.44
-143,0,9.2,-13.96,-52.82
-143,0,9.24,-14.88,-53.48
-143,0,9.28,-17.03,-55.37
-143,0,9.32,-18.278,-56.44
-143,0,9.36,-18.074,-56.14
-143,0,9.4,-17.6,-55.57
-143,0,9.44,-17.644,-55.75
-143,0,9.48,-17.568,-55.81
-143,0,9.52,-16.332,-54.71
-143,0,9.56,-16.756,-55.27
-143,0,9.6,-18.42,-57.07
-143,0,9.64,-19.11,-57.88
-143,0,9.68,-21.43,-60.32
-143,0,9.72,-25.368,-64.35
-143,0,9.76,-22.314,-61.36
-143,0,9.8,-23.11,-62.22
-143,0,9.84,-21.636,-60.75
-143,0,9.88,-21.862,-60.98
-143,0,9.92,-22.6,-61.71
-143,0,9.96,-23.95,-63.04
-143,0,10,-20.9,-59.97
-143,0,10.04,-23.984,-63.23
-143,0,10.08,-23.108,-62.53
-143,0,10.12,-23.126,-62.68
-143,0,10.16,-23.208,-62.85
-143,0,10.2,-29.63,-69.36
-143,0,10.24,-28.872,-68.57
-143,0,10.28,-24.364,-64.03
-143,0,10.32,-20.402,-60.03
-143,0,10.36,-17.626,-57.21
-143,0,10.4,-15.58,-55.12
-143,0,10.44,-17.334,-56.87
-143,0,10.48,-17.598,-57.13
-143,0,10.52,-25.642,-65.25
-143,0,10.56,-26.186,-65.95
-143,0,10.6,-22.19,-62.11
-143,0,10.64,-22.668,-62.68
-143,0,10.68,-25.556,-65.66
-143,0,10.72,-21.596,-61.77
-143,0,10.76,-23.678,-63.9
-143,0,10.8,-21.7,-61.97
-143,0,10.84,-22.91,-63.08
-143,0,10.88,-19.84,-59.91
-143,0,10.92,-20.322,-60.33
-143,0,10.96,-19.256,-59.24
-143,0,11,-20.92,-60.88
-143,0,11.04,-21.166,-61.23
-143,0,11.08,-25.182,-65.35
-143,0,11.12,-26.706,-66.95
-143,0,11.16,-24.238,-64.53
-143,0,11.2,-29.57,-69.91
-143,0,11.24,-26.338,-66.73
-143,0,11.28,-22.456,-62.9
-143,0,11.32,-22.714,-63.23
-143,0,11.36,-19.392,-60
-143,0,11.4,-17.64,-58.34
-143,0,11.44,-16.302,-57.05
-143,0,11.48,-19.374,-60.17
-143,0,11.52,-25.12,-65.95
-143,0,11.56,-29.25,-70.1
-143,0,11.6,-31.09,-71.96
-143,0,11.64,-26.656,-67.61
-143,0,11.68,-22.712,-63.75
-143,0,11.72,-25.908,-67
-143,0,11.76,-26.064,-67.18
-143,0,11.8,-24.98,-66.12
-143,0,11.84,-23.936,-65.02
-143,0,11.88,-22.982,-64.01
-143,0,11.92,-21.794,-62.92
-143,0,11.96,-23.522,-64.9
-143,0,12,-24.63,-66.26
-142,0,8,-9.48,-44.1
-142,0,8.04,-9.398,-44.11
-142,0,8.08,-9.936,-44.74
-142,0,8.12,-10.682,-45.57
-142,0,8.16,-10.936,-45.9
-142,0,8.2,-12.78,-47.82
-142,0,8.24,-12.792,-47.9
-142,0,8.28,-14.284,-49.46
-142,0,8.32,-14.316,-49.56
-142,0,8.36,-13.748,-49.06
-142,0,8.4,-13.43,-48.81
-142,0,8.44,-12.922,-48.51
-142,0,8.48,-11.594,-47.39
-142,0,8.52,-10.924,-46.95
-142,0,8.56,-11.522,-47.8
-142,0,8.6,-12.7,-49.23
-142,0,8.64,-16.014,-52.86
-142,0,8.68,-18.328,-55.49
-142,0,8.72,-18.078,-55.38
-142,0,8.76,-15.994,-53.26
-142,0,8.8,-15.35,-52.58
-142,0,8.84,-13.344,-50.53
-142,0,8.88,-14.508,-51.65
-142,0,8.92,-15.394,-52.6
-142,0,8.96,-15.492,-52.87
-142,0,9,-14.12,-51.67
-142,0,9.04,-16.104,-53.89
-142,0,9.08,-14.348,-52.37
-142,0,9.12,-16.126,-54.41
-142,0,9.16,-15.078,-53.65
-142,0,9.2,-14.42,-53.28
-142,0,9.24,-15.91,-54.51
-142,0,9.28,-17.8,-56.14
-142,0,9.32,-17.958,-56.12
-142,0,9.36,-19.104,-57.17
-142,0,9.4,-17.94,-55.91
-142,0,9.44,-17.864,-55.97
-142,0,9.48,-16.928,-55.17
-142,0,9.52,-16.572,-54.95
-142,0,9.56,-17.836,-56.35
-142,0,9.6,-19.93,-58.58
-142,0,9.64,-20.97,-59.74
-142,0,9.68,-21.96,-60.85
-142,0,9.72,-20.608,-59.59
-142,0,9.76,-22.534,-61.58
-142,0,9.8,-20.4,-59.51
-142,0,9.84,-20.406,-59.52
-142,0,9.88,-21.162,-60.28
-142,0,9.92,-20.44,-59.55
-142,0,9.96,-20.07,-59.16
-142,0,10,-21.06,-60.13
-142,0,10.04,-23.054,-62.3
-142,0,10.08,-22.468,-61.89
-142,0,10.12,-24.606,-64.16
-142,0,10.16,-26.178,-65.82
-142,0,10.2,-22.91,-62.64
-142,0,10.24,-24.502,-64.2
-142,0,10.28,-18.444,-58.11
-142,0,10.32,-17.662,-57.29
-142,0,10.36,-18.126,-57.71
-142,0,10.4,-18.55,-58.09
-142,0,10.44,-19.064,-58.6
-142,0,10.48,-24.808,-64.34
-142,0,10.52,-26.102,-65.71
-142,0,10.56,-25.046,-64.81
-142,0,10.6,-25,-64.92
-142,0,10.64,-26.938,-66.95
-142,0,10.68,-24.736,-64.84
-142,0,10.72,-20.696,-60.87
-142,0,10.76,-20.358,-60.58
-142,0,10.8,-21.43,-61.7
-142,0,10.84,-22.84,-63.01
-142,0,10.88,-24.31,-64.38
-142,0,10.92,-21.482,-61.49
-142,0,10.96,-22.256,-62.24
-142,0,11,-22.19,-62.15
-142,0,11.04,-22.326,-62.39
-142,0,11.08,-24.452,-64.62
-142,0,11.12,-28.976,-69.22
-142,0,11.16,-39.898,-80.19
-142,0,11.2,-27.16,-67.5
-142,0,11.24,-22.398,-62.79
-142,0,11.28,-18.916,-59.36
-142,0,11.32,-18.724,-59.24
-142,0,11.36,-17.872,-58.48
-142,0,11.4,-17.28,-57.98
-142,0,11.44,-17.922,-58.67
-142,0,11.48,-21.744,-62.54
-142,0,11.52,-30.17,-71
-142,0,11.56,-24.36,-65.21
-142,0,11.6,-19.7,-60.57
-142,0,11.64,-20.576,-61.53
-142,0,11.68,-23.082,-64.12
-142,0,11.72,-31.308,-72.4
-142,0,11.76,-33.694,-74.81
-142,0,11.8,-29.31,-70.45
-142,0,11.84,-26.626,-67.71
-142,0,11.88,-25.812,-66.84
-142,0,11.92,-27.014,-68.14
-142,0,11.96,-26.072,-67.45
-142,0,12,-28.2,-69.83
-141,0,8,-10.28,-44.9
-141,0,8.04,-10.488,-45.2
-141,0,8.08,-10.956,-45.76
-141,0,8.12,-11.742,-46.63
-141,0,8.16,-11.236,-46.2
-141,0,8.2,-12.9,-47.94
-141,0,8.24,-13.252,-48.36
-141,0,8.28,-15.164,-50.34
-141,0,8.32,-15.566,-50.81
-141,0,8.36,-14.878,-50.19
-141,0,8.4,-14.21,-49.59
-141,0,8.44,-12.902,-48.49
-141,0,8.48,-11.924,-47.72
-141,0,8.52,-12.054,-48.08
-141,0,8.56,-12.172,-48.45
-141,0,8.6,-12.6,-49.13
-141,0,8.64,-16.564,-53.41
-141,0,8.68,-18.308,-55.47
-141,0,8.72,-18.268,-55.57
-141,0,8.76,-17.504,-54.77
-141,0,8.8,-16.99,-54.22
-141,0,8.84,-14.054,-51.24
-141,0,8.88,-13.958,-51.1
-141,0,8.92,-15.374,-52.58
-141,0,8.96,-15.992,-53.37
-141,0,9,-14.97,-52.52
-141,0,9.04,-16.974,-54.76
-141,0,9.08,-15.508,-53.53
-141,0,9.12,-16.906,-55.19
-141,0,9.16,-16.368,-54.94
-141,0,9.2,-15.58,-54.44
-141,0,9.24,-16.87,-55.47
-141,0,9.28,-17.38,-55.72
-141,0,9.32,-18.688,-56.85
-141,0,9.36,-19.054,-57.12
-141,0,9.4,-18.98,-56.95
-141,0,9.44,-18.644,-56.75
-141,0,9.48,-17.668,-55.91
-141,0,9.52,-17.592,-55.97
-141,0,9.56,-17.816,-56.33
-141,0,9.6,-21,-59.65
-141,0,9.64,-25.74,-64.51
-141,0,9.68,-22.88,-61.77
-141,0,9.72,-20.338,-59.32
-141,0,9.76,-22.464,-61.51
-141,0,9.8,-24.4,-63.51
-141,0,9.84,-22.056,-61.17
-141,0,9.88,-21.262,-60.38
-141,0,9.92,-20.13,-59.24
-141,0,9.96,-22.81,-61.9
-141,0,10,-21.75,-60.82
-141,0,10.04,-21.874,-61.12
-141,0,10.08,-19.258,-58.68
-141,0,10.12,-22.256,-61.81
-141,0,10.16,-21.908,-61.55
-141,0,10.2,-21.29,-61.02
-141,0,10.24,-20.232,-59.93
-141,0,10.28,-18.494,-58.16
-141,0,10.32,-19.382,-59.01
-141,0,10.36,-20.136,-59.72
-141,0,10.4,-18.57,-58.11
-141,0,10.44,-23.024,-62.56
-141,0,10.48,-26.748,-66.28
-141,0,10.52,-21.892,-61.5
-141,0,10.56,-24.206,-63.97
-141,0,10.6,-23.55,-63.47
-141,0,10.64,-30.998,-71.01
-141,0,10.68,-26.186,-66.29
-141,0,10.72,-23.986,-64.16
-141,0,10.76,-18.558,-58.78
-141,0,10.8,-20.27,-60.54
-141,0,10.84,-25.16,-65.33
-141,0,10.88,-26.79,-66.86
-141,0,10.92,-26.832,-66.84
-141,0,10.96,-22.926,-62.91
-141,0,11,-26.63,-66.59
-141,0,11.04,-22.046,-62.11
-141,0,11.08,-25.502,-65.67
-141,0,11.12,-35.606,-75.85
-141,0,11.16,-31.278,-71.57
-141,0,11.2,-23.41,-63.75
-141,0,11.24,-21.388,-61.78
-141,0,11.28,-19.016,-59.46
-141,0,11.32,-21.334,-61.85
-141,0,11.36,-18.542,-59.15
-141,0,11.4,-21.17,-61.87
-141,0,11.44,-22.442,-63.19
-141,0,11.48,-29.184,-69.98
-141,0,11.52,-22.25,-63.08
-141,0,11.56,-20.11,-60.96
-141,0,11.6,-21.07,-61.94
-141,0,11.64,-22.176,-63.13
-141,0,11.68,-24.622,-65.66
-141,0,11.72,-22.278,-63.37
-141,0,11.76,-20.114,-61.23
-141,0,11.8,-21.35,-62.49
-141,0,11.84,-18.626,-59.71
-141,0,11.88,-21.222,-62.25
-141,0,11.92,-19.674,-60.8
-141,0,11.96,-18.502,-59.88
-141,0,12,-20.59,-62.22
-140,0,8,-10.83,-45.45
-140,0,8.04,-11.508,-46.22
-140,0,8.08,-11.776,-46.58
-140,0,8.12,-12.142,-47.03
-140,0,8.16,-11.586,-46.55
-140,0,8.2,-13.49,-48.53
-140,0,8.24,-13.182,-48.29
-140,0,8.28,-15.334,-50.51
-140,0,8.32,-16.546,-51.79
-140,0,8.36,-14.848,-50.16
-140,0,8.4,-14.44,-49.82
-140,0,8.44,-13.632,-49.22
-140,0,8.48,-13.464,-49.26
-140,0,8.52,-12.804,-48.83
-140,0,8.56,-13.032,-49.31
-140,0,8.6,-12.97,-49.5
-140,0,8.64,-15.264,-52.11
-140,0,8.68,-18.148,-55.31
-140,0,8.72,-19.968,-57.27
-140,0,8.76,-17.764,-55.03
-140,0,8.8,-16.42,-53.65
-140,0,8.84,-14.054,-51.24
-140,0,8.88,-14.148,-51.29
-140,0,8.92,-16.024,-53.23
-140,0,8.96,-16.112,-53.49
-140,0,9,-15.99,-53.54
-140,0,9.04,-18.054,-55.84
-140,0,9.08,-16.508,-54.53
-140,0,9.12,-18.186,-56.47
-140,0,9.16,-17.398,-55.97
-140,0,9.2,-16.4,-55.26
-140,0,9.24,-17.19,-55.79
-140,0,9.28,-17.34,-55.68
-140,0,9.32,-18.638,-56.8
-140,0,9.36,-19.414,-57.48
-140,0,9.4,-18.88,-56.85
-140,0,9.44,-18.984,-57.09
-140,0,9.48,-19.318,-57.56
-140,0,9.52,-17.892,-56.27
-140,0,9.56,-19.936,-58.45
-140,0,9.6,-22.18,-60.83
-140,0,9.64,-25.16,-63.93
-140,0,9.68,-25.91,-64.8
-140,0,9.72,-24.238,-63.22
-140,0,9.76,-24.574,-63.62
-140,0,9.8,-20.44,-59.55
-140,0,9.84,-19.446,-58.56
-140,0,9.88,-20.772,-59.89
-140,0,9.92,-21.45,-60.56
-140,0,9.96,-22.57,-61.66
-140,0,10,-21.15,-60.22
-140,0,10.04,-20.254,-59.5
-140,0,10.08,-19.488,-58.91
-140,0,10.12,-20.376,-59.93
-140,0,10.16,-19.498,-59.14
-140,0,10.2,-20.06,-59.79
-140,0,10.24,-22.042,-61.74
-140,0,10.28,-22.224,-61.89
-140,0,10.32,-20.612,-60.24
-140,0,10.36,-21.966,-61.55
-140,0,10.4,-20.57,-60.11
-140,0,10.44,-21.584,-61.12
-140,0,10.48,-22.068,-61.6
-140,0,10.52,-24.412,-64.02
-140,0,10.56,-24.966,-64.73
-140,0,10.6,-24.07,-63.99
-140,0,10.64,-27.198,-67.21
-140,0,10.68,-22.726,-62.83
-140,0,10.72,-18.216,-58.39
-140,0,10.76,-16.338,-56.56
-140,0,10.8,-19.03,-59.3
-140,0,10.84,-20.44,-60.61
-140,0,10.88,-25.29,-65.36
-140,0,10.92,-29.162,-69.17
-140,0,10.96,-28.686,-68.67
-140,0,11,-26.59,-66.55
-140,0,11.04,-25.206,-65.27
-140,0,11.08,-29.002,-69.17
-140,0,11.12,-36.866,-77.11
-140,0,11.16,-31.788,-72.08
-140,0,11.2,-22.49,-62.83
-140,0,11.24,-21.898,-62.29
-140,0,11.28,-21.696,-62.14
-140,0,11.32,-23.424,-63.94
-140,0,11.36,-26.052,-66.66
-140,0,11.4,-24.93,-65.63
-140,0,11.44,-43.262,-84.01
-140,0,11.48,-31.754,-72.55
-140,0,11.52,-23.42,-64.25
-140,0,11.56,-22.59,-63.44
-140,0,11.6,-23.28,-64.15
-140,0,11.64,-22.396,-63.35
-140,0,11.68,-19.472,-60.51
-140,0,11.72,-19.318,-60.41
-140,0,11.76,-17.424,-58.54
-140,0,11.8,-18.28,-59.42
-140,0,11.84,-20.056,-61.14
-140,0,11.88,-18.182,-59.21
-140,0,11.92,-19.414,-60.54
-140,0,11.96,-19.542,-60.92
-140,0,12,-20.02,-61.65
-139,0,8,-11.66,-46.28
-139,0,8.04,-12.708,-47.42
-139,0,8.08,-12.906,-47.71
-139,0,8.12,-12.412,-47.3
-139,0,8.16,-11.946,-46.91
-139,0,8.2,-13.05,-48.09
-139,0,8.24,-13.082,-48.19
-139,0,8.28,-14.554,-49.73
-139,0,8.32,-17.186,-52.43
-139,0,8.36,-16.348,-51.66
-139,0,8.4,-15.37,-50.75
-139,0,8.44,-13.842,-49.43
-139,0,8.48,-14.134,-49.93
-139,0,8.52,-13.774,-49.8
-139,0,8.56,-13.912,-50.19
-139,0,8.6,-13.29,-49.82
-139,0,8.64,-15.274,-52.12
-139,0,8.68,-16.868,-54.03
-139,0,8.72,-19.398,-56.7
-139,0,8.76,-17.614,-54.88
-139,0,8.8,-15.52,-52.75
-139,0,8.84,-14.714,-51.9
-139,0,8.88,-15.148,-52.29
-139,0,8.92,-16.654,-53.86
-139,0,8.96,-16.152,-53.53
-139,0,9,-16.32,-53.87
-139,0,9.04,-18.284,-56.07
-139,0,9.08,-17.048,-55.07
-139,0,9.12,-18.926,-57.21
-139,0,9.16,-18.298,-56.87
-139,0,9.2,-17.34,-56.2
-139,0,9.24,-17.14,-55.74
-139,0,9.28,-17.48,-55.82
-139,0,9.32,-17.718,-55.88
-139,0,9.36,-18.714,-56.78
-139,0,9.4,-17.64,-55.61
-139,0,9.44,-17.824,-55.93
-139,0,9.48,-20.048,-58.29
-139,0,9.52,-17.852,-56.23
-139,0,9.56,-18.886,-57.4
-139,0,9.6,-21.91,-60.56
-139,0,9.64,-25.67,-64.44
-139,0,9.68,-26.74,-65.63
-139,0,9.72,-24.798,-63.78
-139,0,9.76,-22.864,-61.91
-139,0,9.8,-22.44,-61.55
-139,0,9.84,-19.036,-58.15
-139,0,9.88,-19.742,-58.86
-139,0,9.92,-21.02,-60.13
-139,0,9.96,-22.65,-61.74
-139,0,10,-21.94,-61.01
-139,0,10.04,-21.454,-60.7
-139,0,10.08,-18.708,-58.13
-139,0,10.12,-19.426,-58.98
-139,0,10.16,-19.548,-59.19
-139,0,10.2,-19.79,-59.52
-139,0,10.24,-25.462,-65.16
-139,0,10.28,-24.654,-64.32
-139,0,10.32,-22.552,-62.18
-139,0,10.36,-21.976,-61.56
-139,0,10.4,-23.12,-62.66
-139,0,10.44,-21.104,-60.64
-139,0,10.48,-21.838,-61.37
-139,0,10.52,-24.982,-64.59
-139,0,10.56,-29.886,-69.65
-139,0,10.6,-28.07,-67.99
-139,0,10.64,-22.638,-62.65
-139,0,10.68,-20.566,-60.67
-139,0,10.72,-17.006,-57.18
-139,0,10.76,-16.118,-56.34
-139,0,10.8,-19.54,-59.81
-139,0,10.84,-21.68,-61.85
-139,0,10.88,-23.62,-63.69
-139,0,10.92,-25.212,-65.22
-139,0,10.96,-24.026,-64.01
-139,0,11,-22.61,-62.57
-139,0,11.04,-25.786,-65.85
-139,0,11.08,-38.682,-78.85
-139,0,11.12,-30.396,-70.64
-139,0,11.16,-27.538,-67.83
-139,0,11.2,-22.91,-63.25
-139,0,11.24,-23.898,-64.29
-139,0,11.28,-23.336,-63.78
-139,0,11.32,-25.774,-66.29
-139,0,11.36,-31.832,-72.44
-139,0,11.4,-29.77,-70.47
-139,0,11.44,-31.792,-72.54
-139,0,11.48,-31.964,-72.76
-139,0,11.52,-40.89,-81.72
-139,0,11.56,-27.64,-68.49
-139,0,11.6,-22.79,-63.66
-139,0,11.64,-21.436,-62.39
-139,0,11.68,-20.842,-61.88
-139,0,11.72,-18.948,-60.04
-139,0,11.76,-20.614,-61.73
-139,0,11.8,-20.14,-61.28
-139,0,11.84,-23.386,-64.47
-139,0,11.88,-19.632,-60.66
-139,0,11.92,-19.534,-60.66
-139,0,11.96,-19.602,-60.98
-139,0,12,-21.78,-63.41
-138,0,8,-13.08,-47.7
-138,0,8.04,-13.558,-48.27
-138,0,8.08,-13.546,-48.35
-138,0,8.12,-12.822,-47.71
-138,0,8.16,-12.486,-47.45
-138,0,8.2,-13.23,-48.27
-138,0,8.24,-12.062,-47.17
-138,0,8.28,-14.954,-50.13
-138,0,8.32,-17.196,-52.44
-138,0,8.36,-16.768,-52.08
-138,0,8.4,-15.31,-50.69
-138,0,8.44,-15.422,-51.01
-138,0,8.48,-15.024,-50.82
-138,0,8.52,-15.904,-51.93
-138,0,8.56,-15.792,-52.07
-138,0,8.6,-14.59,-51.12
-138,0,8.64,-16.534,-53.38
-138,0,8.68,-17.178,-54.34
-138,0,8.72,-18.978,-56.28
-138,0,8.76,-17.714,-54.98
-138,0,8.8,-15.76,-52.99
-138,0,8.84,-14.254,-51.44
-138,0,8.88,-15.408,-52.55
-138,0,8.92,-18.154,-55.36
-138,0,8.96,-18.002,-55.38
-138,0,9,-16.42,-53.97
-138,0,9.04,-18.634,-56.42
-138,0,9.08,-19.058,-57.08
-138,0,9.12,-19.266,-57.55
-138,0,9.16,-17.328,-55.9
-138,0,9.2,-18.47,-57.33
-138,0,9.24,-17.55,-56.15
-138,0,9.28,-18.03,-56.37
-138,0,9.32,-18.738,-56.9
-138,0,9.36,-17.744,-55.81
-138,0,9.4,-18.4,-56.37
-138,0,9.44,-19.904,-58.01
-138,0,9.48,-17.878,-56.12
-138,0,9.52,-16.892,-55.27
-138,0,9.56,-19.746,-58.26
-138,0,9.6,-22.83,-61.48
-138,0,9.64,-26.17,-64.94
-138,0,9.68,-27.33,-66.22
-138,0,9.72,-25.888,-64.87
-138,0,9.76,-25.094,-64.14
-138,0,9.8,-21.71,-60.82
-138,0,9.84,-20.806,-59.92
-138,0,9.88,-21.532,-60.65
-138,0,9.92,-21.96,-61.07
-138,0,9.96,-21.75,-60.84
-138,0,10,-21.25,-60.32
-138,0,10.04,-22.334,-61.58
-138,0,10.08,-19.708,-59.13
-138,0,10.12,-18.466,-58.02
-138,0,10.16,-19.028,-58.67
-138,0,10.2,-22.71,-62.44
-138,0,10.24,-27.532,-67.23
-138,0,10.28,-25.934,-65.6
-138,0,10.32,-23.692,-63.32
-138,0,10.36,-23.216,-62.8
-138,0,10.4,-22.93,-62.47
-138,0,10.44,-23.104,-62.64
-138,0,10.48,-21.428,-60.96
-138,0,10.52,-30.962,-70.57
-138,0,10.56,-28.046,-67.81
-138,0,10.6,-21.46,-61.38
-138,0,10.64,-19.378,-59.39
-138,0,10.68,-18.286,-58.39
-138,0,10.72,-18.066,-58.24
-138,0,10.76,-18.168,-58.39
-138,0,10.8,-22,-62.27
-138,0,10.84,-22.7,-62.87
-138,0,10.88,-23.04,-63.11
-138,0,10.92,-21.762,-61.77
-138,0,10.96,-21.966,-61.95
-138,0,11,-22.97,-62.93
-138,0,11.04,-30.036,-70.1
-138,0,11.08,-32.962,-73.13
-138,0,11.12,-24.126,-64.37
-138,0,11.16,-20.318,-60.61
-138,0,11.2,-18.2,-58.54
-138,0,11.24,-20.008,-60.4
-138,0,11.28,-21.696,-62.14
-138,0,11.32,-22.974,-63.49
-138,0,11.36,-22.462,-63.07
-138,0,11.4,-25.22,-65.92
-138,0,11.44,-33.092,-73.84
-138,0,11.48,-28.254,-69.05
-138,0,11.52,-36.54,-77.37
-138,0,11.56,-32.82,-73.67
-138,0,11.6,-23.5,-64.37
-138,0,11.64,-30.036,-70.99
-138,0,11.68,-24.482,-65.52
-138,0,11.72,-27.658,-68.75
-138,0,11.76,-30.044,-71.16
-138,0,11.8,-24.53,-65.67
-138,0,11.84,-24.616,-65.7
-138,0,11.88,-29.242,-70.27
-138,0,11.92,-26.074,-67.2
-138,0,11.96,-21.452,-62.83
-138,0,12,-23.08,-64.71
-137,0,8,-14.02,-48.64
-137,0,8.04,-14.018,-48.73
-137,0,8.08,-14.076,-48.88
-137,0,8.12,-12.972,-47.86
-137,0,8.16,-12.476,-47.44
-137,0,8.2,-13.24,-48.28
-137,0,8.24,-12.912,-48.02
-137,0,8.28,-14.854,-50.03
-137,0,8.32,-15.706,-50.95
-137,0,8.36,-16.158,-51.47
-137,0,8.4,-16.04,-51.42
-137,0,8.44,-15.952,-51.54
-137,0,8.48,-17.394,-53.19
-137,0,8.52,-18.034,-54.06
-137,0,8.56,-16.582,-52.86
-137,0,8.6,-15.73,-52.26
-137,0,8.64,-16.564,-53.41
-137,0,8.68,-16.448,-53.61
-137,0,8.72,-17.688,-54.99
-137,0,8.76,-15.994,-53.26
-137,0,8.8,-16.68,-53.91
-137,0,8.84,-16.024,-53.21
-137,0,8.88,-17.128,-54.27
-137,0,8.92,-18.774,-55.98
-137,0,8.96,-18.052,-55.43
-137,0,9,-16.72,-54.27
-137,0,9.04,-19.634,-57.42
-137,0,9.08,-20.008,-58.03
-137,0,9.12,-21.746,-60.03
-137,0,9.16,-17.868,-56.44
-137,0,9.2,-17.28,-56.14
-137,0,9.24,-18.91,-57.51
-137,0,9.28,-19.82,-58.16
-137,0,9.32,-19.958,-58.12
-137,0,9.36,-17.554,-55.62
-137,0,9.4,-18.47,-56.44
-137,0,9.44,-17.994,-56.1
-137,0,9.48,-17.168,-55.41
-137,0,9.52,-18.132,-56.51
-137,0,9.56,-19.426,-57.94
-137,0,9.6,-23.51,-62.16
-137,0,9.64,-22.25,-61.02
-137,0,9.68,-24.97,-63.86
-137,0,9.72,-24.518,-63.5
-137,0,9.76,-25.464,-64.51
-137,0,9.8,-20.85,-59.96
-137,0,9.84,-20.326,-59.44
-137,0,9.88,-21.642,-60.76
-137,0,9.92,-25.2,-64.31
-137,0,9.96,-21.57,-60.66
-137,0,10,-21.39,-60.46
-137,0,10.04,-25.394,-64.64
-137,0,10.08,-19.978,-59.4
-137,0,10.12,-21.886,-61.44
-137,0,10.16,-18.198,-57.84
-137,0,10.2,-21.52,-61.25
-137,0,10.24,-27.662,-67.36
-137,0,10.28,-26.334,-66
-137,0,10.32,-26.592,-66.22
-137,0,10.36,-24.746,-64.33
-137,0,10.4,-22.38,-61.92
-137,0,10.44,-23.064,-62.6
-137,0,10.48,-28.118,-67.65
-137,0,10.52,-26.832,-66.44
-137,0,10.56,-23.936,-63.7
-137,0,10.6,-23.59,-63.51
-137,0,10.64,-20.908,-60.92
-137,0,10.68,-20.736,-60.84
-137,0,10.72,-19.846,-60.02
-137,0,10.76,-20.758,-60.98
-137,0,10.8,-23.67,-63.94
-137,0,10.84,-24.76,-64.93
-137,0,10.88,-21.16,-61.23
-137,0,10.92,-20.002,-60.01
-137,0,10.96,-19.156,-59.14
-137,0,11,-22.56,-62.52
-137,0,11.04,-25.646,-65.71
-137,0,11.08,-29.872,-70.04
-137,0,11.12,-20.796,-61.04
-137,0,11.16,-20.538,-60.83
-137,0,11.2,-18.98,-59.32
-137,0,11.24,-16.948,-57.34
-137,0,11.28,-20.486,-60.93
-137,0,11.32,-21.164,-61.68
-137,0,11.36,-22.702,-63.31
-137,0,11.4,-30.01,-70.71
-137,0,11.44,-31.322,-72.07
-137,0,11.48,-22.904,-63.7
-137,0,11.52,-23.63,-64.46
-137,0,11.56,-22.11,-62.96
-137,0,11.6,-22.51,-63.38
-137,0,11.64,-27.996,-68.95
-137,0,11.68,-28.462,-69.5
-137,0,11.72,-28.148,-69.24
-137,0,11.76,-26.574,-67.69
-137,0,11.8,-32.11,-73.25
-137,0,11.84,-32.606,-73.69
-137,0,11.88,-27.242,-68.27
-137,0,11.92,-30.194,-71.32
-137,0,11.96,-26.472,-67.85
-137,0,12,-26.92,-68.55
-136,0,8,-14.73,-49.35
-136,0,8.04,-14.898,-49.61
-136,0,8.08,-13.476,-48.28
-136,0,8.12,-13.142,-48.03
-136,0,8.16,-12.406,-47.37
-136,0,8.2,-13.29,-48.33
-136,0,8.24,-12.762,-47.87
-136,0,8.28,-15.604,-50.78
-136,0,8.32,-14.676,-49.92
-136,0,8.36,-15.728,-51.04
-136,0,8.4,-16.62,-52
-136,0,8.44,-15.502,-51.09
-136,0,8.48,-16.834,-52.63
-136,0,8.52,-19.064,-55.09
-136,0,8.56,-17.552,-53.83
-136,0,8.6,-17.66,-54.19
-136,0,8.64,-17.554,-54.4
-136,0,8.68,-16.218,-53.38
-136,0,8.72,-16.658,-53.96
-136,0,8.76,-16.504,-53.77
-136,0,8.8,-17.43,-54.66
-136,0,8.84,-16.614,-53.8
-136,0,8.88,-18.128,-55.27
-136,0,8.92,-18.174,-55.38
-136,0,8.96,-18.492,-55.87
-136,0,9,-18.34,-55.89
-136,0,9.04,-20.964,-58.75
-136,0,9.08,-21.918,-59.94
-136,0,9.12,-22.106,-60.39
-136,0,9.16,-18.658,-57.23
-136,0,9.2,-19.3,-58.16
-136,0,9.24,-19.61,-58.21
-136,0,9.28,-20.95,-59.29
-136,0,9.32,-20.278,-58.44
-136,0,9.36,-18.264,-56.33
-136,0,9.4,-18.4,-56.37
-136,0,9.44,-18.974,-57.08
-136,0,9.48,-17.898,-56.14
-136,0,9.52,-18.692,-57.07
-136,0,9.56,-19.436,-57.95
-136,0,9.6,-23.4,-62.05
-136,0,9.64,-19.97,-58.74
-136,0,9.68,-22.98,-61.87
-136,0,9.72,-23.368,-62.35
-136,0,9.76,-23.134,-62.18
-136,0,9.8,-21.44,-60.55
-136,0,9.84,-19.296,-58.41
-136,0,9.88,-21.232,-60.35
-136,0,9.92,-23.98,-63.09
-136,0,9.96,-21.38,-60.47
-136,0,10,-21.09,-60.16
-136,0,10.04,-21.944,-61.19
-136,0,10.08,-21.568,-60.99
-136,0,10.12,-18.596,-58.15
-136,0,10.16,-20.498,-60.14
-136,0,10.2,-21.52,-61.25
-136,0,10.24,-26.082,-65.78
-136,0,10.28,-26.384,-66.05
-136,0,10.32,-26.822,-66.45
-136,0,10.36,-23.616,-63.2
-136,0,10.4,-26.65,-66.19
-136,0,10.44,-28.894,-68.43
-136,0,10.48,-28.478,-68.01
-136,0,10.52,-21.212,-60.82
-136,0,10.56,-20.726,-60.49
-136,0,10.6,-19.51,-59.43
-136,0,10.64,-20.108,-60.12
-136,0,10.68,-21.246,-61.35
-136,0,10.72,-24.606,-64.78
-136,0,10.76,-25.658,-65.88
-136,0,10.8,-25.86,-66.13
-136,0,10.84,-24.39,-64.56
-136,0,10.88,-21.59,-61.66
-136,0,10.92,-20.952,-60.96
-136,0,10.96,-20.326,-60.31
-136,0,11,-19.69,-59.65
-136,0,11.04,-22.936,-63
-136,0,11.08,-22.762,-62.93
-136,0,11.12,-21.666,-61.91
-136,0,11.16,-19.328,-59.62
-136,0,11.2,-18.46,-58.8
-136,0,11.24,-19.268,-59.66
-136,0,11.28,-21.956,-62.4
-136,0,11.32,-22.194,-62.71
-136,0,11.36,-22.362,-62.97
-136,0,11.4,-28.66,-69.36
-136,0,11.44,-24.072,-64.82
-136,0,11.48,-18.514,-59.31
-136,0,11.52,-18.57,-59.4
-136,0,11.56,-19.28,-60.13
-136,0,11.6,-20.33,-61.2
-136,0,11.64,-20.626,-61.58
-136,0,11.68,-22.002,-63.04
-136,0,11.72,-20.018,-61.11
-136,0,11.76,-22.524,-63.64
-136,0,11.8,-23.79,-64.93
-136,0,11.84,-24.806,-65.89
-136,0,11.88,-23.252,-64.28
-136,0,11.92,-32.704,-73.83
-136,0,11.96,-32.912,-74.29
-136,0,12,-25.02,-66.65
-135,0,8,-15.55,-50.17
-135,0,8.04,-15.108,-49.82
-135,0,8.08,-14.256,-49.06
-135,0,8.12,-13.652,-48.54
-135,0,8.16,-13.166,-48.13
-135,0,8.2,-14.14,-49.18
-135,0,8.24,-14.302,-49.41
-135,0,8.28,-15.714,-50.89
-135,0,8.32,-14.746,-49.99
-135,0,8.36,-14.818,-50.13
-135,0,8.4,-16.28,-51.66
-135,0,8.44,-16.632,-52.22
-135,0,8.48,-17.204,-53
-135,0,8.52,-19.964,-55.99
-135,0,8.56,-18.362,-54.64
-135,0,8.6,-18.92,-55.45
-135,0,8.64,-17.294,-54.14
-135,0,8.68,-15.768,-52.93
-135,0,8.72,-15.998,-53.3
-135,0,8.76,-17.174,-54.44
-135,0,8.8,-18.45,-55.68
-135,0,8.84,-17.524,-54.71
-135,0,8.88,-19.118,-56.26
-135,0,8.92,-17.744,-54.95
-135,0,8.96,-18.672,-56.05
-135,0,9,-18.15,-55.7
-135,0,9.04,-21.214,-59
-135,0,9.08,-21.748,-59.77
-135,0,9.12,-22.586,-60.87
-135,0,9.16,-19.318,-57.89
-135,0,9.2,-20.65,-59.51
-135,0,9.24,-22.8,-61.4
-135,0,9.28,-22.59,-60.93
-135,0,9.32,-20.718,-58.88
-135,0,9.36,-18.934,-57
-135,0,9.4,-18.75,-56.72
-135,0,9.44,-17.914,-56.02
-135,0,9.48,-18.818,-57.06
-135,0,9.52,-18.462,-56.84
-135,0,9.56,-19.436,-57.95
-135,0,9.6,-22.28,-60.93
-135,0,9.64,-19.62,-58.39
-135,0,9.68,-21.19,-60.08
-135,0,9.72,-19.708,-58.69
-135,0,9.76,-19.924,-58.97
-135,0,9.8,-21.2,-60.31
-135,0,9.84,-19.646,-58.76
-135,0,9.88,-23.352,-62.47
-135,0,9.92,-22.18,-61.29
-135,0,9.96,-23.42,-62.51
-135,0,10,-22.21,-61.28
-135,0,10.04,-19.554,-58.8
-135,0,10.08,-18.828,-58.25
-135,0,10.12,-20.966,-60.52
-135,0,10.16,-24.938,-64.58
-135,0,10.2,-27.74,-67.47
-135,0,10.24,-20.122,-59.82
-135,0,10.28,-21.964,-61.63
-135,0,10.32,-24.662,-64.29
-135,0,10.36,-26.476,-66.06
-135,0,10.4,-26.32,-65.86
-135,0,10.44,-50.434,-89.97
-135,0,10.48,-25.408,-64.94
-135,0,10.52,-22.322,-61.93
-135,0,10.56,-19.616,-59.38
-135,0,10.6,-24.59,-64.51
-135,0,10.64,-21.838,-61.85
-135,0,10.68,-24.046,-64.15
-135,0,10.72,-25.536,-65.71
-135,0,10.76,-27.878,-68.1
-135,0,10.8,-33.36,-73.63
-135,0,10.84,-25.59,-65.76
-135,0,10.88,-23.57,-63.64
-135,0,10.92,-21.992,-62
-135,0,10.96,-20.676,-60.66
-135,0,11,-18.96,-58.92
-135,0,11.04,-19.996,-60.06
-135,0,11.08,-22.742,-62.91
-135,0,11.12,-21.146,-61.39
-135,0,11.16,-18.398,-58.69
-135,0,11.2,-19.33,-59.67
-135,0,11.24,-20.728,-61.12
-135,0,11.28,-22.996,-63.44
-135,0,11.32,-21.644,-62.16
-135,0,11.36,-22.152,-62.76
-135,0,11.4,-23.2,-63.9
-135,0,11.44,-19.062,-59.81
-135,0,11.48,-18.264,-59.06
-135,0,11.52,-18.41,-59.24
-135,0,11.56,-18.97,-59.82
-135,0,11.6,-21.97,-62.84
-135,0,11.64,-24.166,-65.12
-135,0,11.68,-19.362,-60.4
-135,0,11.72,-16.438,-57.53
-135,0,11.76,-16.134,-57.25
-135,0,11.8,-17.41,-58.55
-135,0,11.84,-19.966,-61.05
-135,0,11.88,-22.172,-63.2
-135,0,11.92,-20.604,-61.73
-135,0,11.96,-20.242,-61.62
-135,0,12,-23.72,-65.35
-134,0,8,-16.26,-50.88
-134,0,8.04,-15.898,-50.61
-134,0,8.08,-15.166,-49.97
-134,0,8.12,-14.082,-48.97
-134,0,8.16,-13.736,-48.7
-134,0,8.2,-14.94,-49.98
-134,0,8.24,-15.342,-50.45
-134,0,8.28,-17.264,-52.44
-134,0,8.32,-14.926,-50.17
-134,0,8.36,-15.008,-50.32
-134,0,8.4,-16.25,-51.63
-134,0,8.44,-16.052,-51.64
-134,0,8.48,-18.454,-54.25
-134,0,8.52,-19.624,-55.65
-134,0,8.56,-17.872,-54.15
-134,0,8.6,-18.62,-55.15
-134,0,8.64,-17.864,-54.71
-134,0,8.68,-16.008,-53.17
-134,0,8.72,-16.368,-53.67
-134,0,8.76,-18.474,-55.74
-134,0,8.8,-18.53,-55.76
-134,0,8.84,-19.064,-56.25
-134,0,8.88,-19.688,-56.83
-134,0,8.92,-17.804,-55.01
-134,0,8.96,-18.482,-55.86
-134,0,9,-18.86,-56.41
-134,0,9.04,-22.534,-60.32
-134,0,9.08,-21.218,-59.24
-134,0,9.12,-24.106,-62.39
-134,0,9.16,-22.338,-60.91
-134,0,9.2,-21.64,-60.5
-134,0,9.24,-21.48,-60.08
-134,0,9.28,-22.2,-60.54
-134,0,9.32,-21.098,-59.26
-134,0,9.36,-21.034,-59.1
-134,0,9.4,-21.26,-59.23
-134,0,9.44,-20.904,-59.01
-134,0,9.48,-19.818,-58.06
-134,0,9.52,-17.942,-56.32
-134,0,9.56,-18.426,-56.94
-134,0,9.6,-20.07,-58.72
-134,0,9.64,-19.36,-58.13
-134,0,9.68,-19.76,-58.65
-134,0,9.72,-18.328,-57.31
-134,0,9.76,-21.084,-60.13
-134,0,9.8,-20.59,-59.7
-134,0,9.84,-20.316,-59.43
-134,0,9.88,-21.882,-61
-134,0,9.92,-21.99,-61.1
-134,0,9.96,-21.3,-60.39
-134,0,10,-20.98,-60.05
-134,0,10.04,-19.814,-59.06
-134,0,10.08,-22.048,-61.47
-134,0,10.12,-22.026,-61.58
-134,0,10.16,-25.168,-64.81
-134,0,10.2,-20.44,-60.17
-134,0,10.24,-18.312,-58.01
-134,0,10.28,-20.284,-59.95
-134,0,10.32,-21.612,-61.24
-134,0,10.36,-29.196,-68.78
-134,0,10.4,-26.06,-65.6
-134,0,10.44,-28.924,-68.46
-134,0,10.48,-24.008,-63.54
-134,0,10.52,-21.492,-61.1
-134,0,10.56,-21.486,-61.25
-134,0,10.6,-21.95,-61.87
-134,0,10.64,-21.188,-61.2
-134,0,10.68,-27.776,-67.88
-134,0,10.72,-24.996,-65.17
-134,0,10.76,-26.748,-66.97
-134,0,10.8,-34.73,-75
-134,0,10.84,-27.63,-67.8
-134,0,10.88,-25.83,-65.9
-134,0,10.92,-24.062,-64.07
-134,0,10.96,-24.896,-64.88
-134,0,11,-20.45,-60.41
-134,0,11.04,-19.946,-60.01
-134,0,11.08,-21.332,-61.5
-134,0,11.12,-23.186,-63.43
-134,0,11.16,-21.038,-61.33
-134,0,11.2,-21.5,-61.84
-134,0,11.24,-22.338,-62.73
-134,0,11.28,-26.556,-67
-134,0,11.32,-22.864,-63.38
-134,0,11.36,-22.152,-62.76
-134,0,11.4,-19.68,-60.38
-134,0,11.44,-18.292,-59.04
-134,0,11.48,-19.704,-60.5
-134,0,11.52,-22.62,-63.45
-134,0,11.56,-22.88,-63.73
-134,0,11.6,-23.34,-64.21
-134,0,11.64,-21.196,-62.15
-134,0,11.68,-17.432,-58.47
-134,0,11.72,-15.998,-57.09
-134,0,11.76,-17.244,-58.36
-134,0,11.8,-17.71,-58.85
-134,0,11.84,-17.216,-58.3
-134,0,11.88,-19.042,-60.07
-134,0,11.92,-19.984,-61.11
-134,0,11.96,-23.182,-64.56
-134,0,12,-32.66,-74.29
-133,0,8,-16.36,-50.98
-133,0,8.04,-15.948,-50.66
-133,0,8.08,-15.696,-50.5
-133,0,8.12,-14.292,-49.18
-133,0,8.16,-14.266,-49.23
-133,0,8.2,-15.59,-50.63
-133,0,8.24,-16.282,-51.39
-133,0,8.28,-18.544,-53.72
-133,0,8.32,-15.646,-50.89
-133,0,8.36,-17.008,-52.32
-133,0,8.4,-16.32,-51.7
-133,0,8.44,-17.072,-52.66
-133,0,8.48,-17.904,-53.7
-133,0,8.52,-17.754,-53.78
-133,0,8.56,-17.932,-54.21
-133,0,8.6,-18.08,-54.61
-133,0,8.64,-17.534,-54.38
-133,0,8.68,-16.818,-53.98
-133,0,8.72,-17.428,-54.73
-133,0,8.76,-18.854,-56.12
-133,0,8.8,-18.53,-55.76
-133,0,8.84,-19.634,-56.82
-133,0,8.88,-19.448,-56.59
-133,0,8.92,-17.444,-54.65
-133,0,8.96,-17.612,-54.99
-133,0,9,-17.07,-54.62
-133,0,9.04,-18.674,-56.46
-133,0,9.08,-20.838,-58.86
-133,0,9.12,-24.926,-63.21
-133,0,9.16,-26.118,-64.69
-133,0,9.2,-27.55,-66.41
-133,0,9.24,-24.11,-62.71
-133,0,9.28,-22.79,-61.13
-133,0,9.32,-20.688,-58.85
-133,0,9.36,-21.024,-59.09
-133,0,9.4,-26.73,-64.7
-133,0,9.44,-26.034,-64.14
-133,0,9.48,-21.038,-59.28
-133,0,9.52,-19.062,-57.44
-133,0,9.56,-17.746,-56.26
-133,0,9.6,-19.66,-58.31
-133,0,9.64,-20.28,-59.05
-133,0,9.68,-19.22,-58.11
-133,0,9.72,-18.128,-57.11
-133,0,9.76,-21.924,-60.97
-133,0,9.8,-21.38,-60.49
-133,0,9.84,-19.656,-58.77
-133,0,9.88,-20.152,-59.27
-133,0,9.92,-20.39,-59.5
-133,0,9.96,-19.26,-58.35
-133,0,10,-19.74,-58.81
-133,0,10.04,-22.094,-61.34
-133,0,10.08,-23.798,-63.22
-133,0,10.12,-27.596,-67.15
-133,0,10.16,-22.778,-62.42
-133,0,10.2,-19.68,-59.41
-133,0,10.24,-17.562,-57.26
-133,0,10.28,-19.544,-59.21
-133,0,10.32,-23.302,-62.93
-133,0,10.36,-25.636,-65.22
-133,0,10.4,-23.95,-63.49
-133,0,10.44,-21.514,-61.05
-133,0,10.48,-25.518,-65.05
-133,0,10.52,-19.912,-59.52
-133,0,10.56,-20.146,-59.91
-133,0,10.6,-22.23,-62.15
-133,0,10.64,-23.948,-63.96
-133,0,10.68,-29.116,-69.22
-133,0,10.72,-25.446,-65.62
-133,0,10.76,-26.058,-66.28
-133,0,10.8,-30.85,-71.12
-133,0,10.84,-27.46,-67.63
-133,0,10.88,-23.35,-63.42
-133,0,10.92,-25.272,-65.28
-133,0,10.96,-33.006,-72.99
-133,0,11,-24.57,-64.53
-133,0,11.04,-21.156,-61.22
-133,0,11.08,-20.772,-60.94
-133,0,11.12,-20.296,-60.54
-133,0,11.16,-19.818,-60.11
-133,0,11.2,-22.33,-62.67
-133,0,11.24,-24.278,-64.67
-133,0,11.28,-29.166,-69.61
-133,0,11.32,-24.854,-65.37
-133,0,11.36,-21.472,-62.08
-133,0,11.4,-18.68,-59.38
-133,0,11.44,-18.922,-59.67
-133,0,11.48,-22.274,-63.07
-133,0,11.52,-21.43,-62.26
-133,0,11.56,-27.54,-68.39
-133,0,11.6,-25.15,-66.02
-133,0,11.64,-19.616,-60.57
-133,0,11.68,-17.982,-59.02
-133,0,11.72,-16.978,-58.07
-133,0,11.76,-17.204,-58.32
-133,0,11.8,-16.48,-57.62
-133,0,11.84,-20.166,-61.25
-133,0,11.88,-20.872,-61.9
-133,0,11.92,-23.244,-64.37
-133,0,11.96,-38.882,-80.26
-133,0,12,-31.09,-72.72
-132,0,8,-16.19,-50.81
-132,0,8.04,-16.348,-51.06
-132,0,8.08,-15.716,-50.52
-132,0,8.12,-15.022,-49.91
-132,0,8.16,-14.236,-49.2
-132,0,8.2,-15.91,-50.95
-132,0,8.24,-17.352,-52.46
-132,0,8.28,-20.654,-55.83
-132,0,8.32,-17.206,-52.45
-132,0,8.36,-19.258,-54.57
-132,0,8.4,-17.48,-52.86
-132,0,8.44,-15.692,-51.28
-132,0,8.48,-17.774,-53.57
-132,0,8.52,-16.404,-52.43
-132,0,8.56,-18.062,-54.34
-132,0,8.6,-18.24,-54.77
-132,0,8.64,-17.374,-54.22
-132,0,8.68,-17.118,-54.28
-132,0,8.72,-19.198,-56.5
-132,0,8.76,-20.654,-57.92
-132,0,8.8,-20.03,-57.26
-132,0,8.84,-19.984,-57.17
-132,0,8.88,-17.898,-55.04
-132,0,8.92,-18.214,-55.42
-132,0,8.96,-18.222,-55.6
-132,0,9,-15.61,-53.16
-132,0,9.04,-17.194,-54.98
-132,0,9.08,-19.328,-57.35
-132,0,9.12,-25.066,-63.35
-132,0,9.16,-30.238,-68.81
-132,0,9.2,-26.48,-65.34
-132,0,9.24,-22,-60.6
-132,0,9.28,-22.49,-60.83
-132,0,9.32,-18.528,-56.69
-132,0,9.36,-19.954,-58.02
-132,0,9.4,-28.82,-66.79
-132,0,9.44,-32.694,-70.8
-132,0,9.48,-21.238,-59.48
-132,0,9.52,-18.492,-56.87
-132,0,9.56,-18.236,-56.75
-132,0,9.6,-20.6,-59.25
-132,0,9.64,-19.99,-58.76
-132,0,9.68,-20.39,-59.28
-132,0,9.72,-19.838,-58.82
-132,0,9.76,-23.184,-62.23
-132,0,9.8,-22.18,-61.29
-132,0,9.84,-21.326,-60.44
-132,0,9.88,-23.702,-62.82
-132,0,9.92,-21.08,-60.19
-132,0,9.96,-19.45,-58.54
-132,0,10,-21.2,-60.27
-132,0,10.04,-25.484,-64.73
-132,0,10.08,-33.798,-73.22
-132,0,10.12,-24.116,-63.67
-132,0,10.16,-22.038,-61.68
-132,0,10.2,-19.7,-59.43
-132,0,10.24,-19.302,-59
-132,0,10.28,-21.234,-60.9
-132,0,10.32,-25.662,-65.29
-132,0,10.36,-22.946,-62.53
-132,0,10.4,-21.13,-60.67
-132,0,10.44,-20.124,-59.66
-132,0,10.48,-22.858,-62.39
-132,0,10.52,-21.952,-61.56
-132,0,10.56,-23.766,-63.53
-132,0,10.6,-25.8,-65.72
-132,0,10.64,-27.288,-67.3
-132,0,10.68,-27.046,-67.15
-132,0,10.72,-24.646,-64.82
-132,0,10.76,-19.818,-60.04
-132,0,10.8,-20.87,-61.14
-132,0,10.84,-23.59,-63.76
-132,0,10.88,-27.75,-67.82
-132,0,10.92,-33.492,-73.5
-132,0,10.96,-32.276,-72.26
-132,0,11,-21.71,-61.67
-132,0,11.04,-19.756,-59.82
-132,0,11.08,-17.812,-57.98
-132,0,11.12,-19.196,-59.44
-132,0,11.16,-21.688,-61.98
-132,0,11.2,-25.85,-66.19
-132,0,11.24,-23.768,-64.16
-132,0,11.28,-29.636,-70.08
-132,0,11.32,-23.184,-63.7
-132,0,11.36,-23.022,-63.63
-132,0,11.4,-20.79,-61.49
-132,0,11.44,-21.882,-62.63
-132,0,11.48,-22.874,-63.67
-132,0,11.52,-25.66,-66.49
-132,0,11.56,-28.49,-69.34
-132,0,11.6,-28.24,-69.11
-132,0,11.64,-21.856,-62.81
-132,0,11.68,-21.082,-62.12
-132,0,11.72,-18.248,-59.34
-132,0,11.76,-19.204,-60.32
-132,0,11.8,-19.56,-60.7
-132,0,11.84,-23.776,-64.86
-132,0,11.88,-23.662,-64.69
-132,0,11.92,-29.074,-70.2
-132,0,11.96,-24.762,-66.14
-132,0,12,-22.3,-63.93
-131,0,8,-16.12,-50.74
-131,0,8.04,-16.208,-50.92
-131,0,8.08,-16.496,-51.3
-131,0,8.12,-15.332,-50.22
-131,0,8.16,-14.476,-49.44
-131,0,8.2,-15.9,-50.94
-131,0,8.24,-17.912,-53.02
-131,0,8.28,-21.024,-56.2
-131,0,8.32,-19.606,-54.85
-131,0,8.36,-21.548,-56.86
-131,0,8.4,-19.72,-55.1
-131,0,8.44,-17.352,-52.94
-131,0,8.48,-18.034,-53.83
-131,0,8.52,-16.514,-52.54
-131,0,8.56,-18.942,-55.22
-131,0,8.6,-18.33,-54.86
-131,0,8.64,-17.484,-54.33
-131,0,8.68,-17.618,-54.78
-131,0,8.72,-21.708,-59.01
-131,0,8.76,-22.984,-60.25
-131,0,8.8,-21.52,-58.75
-131,0,8.84,-18.754,-55.94
-131,0,8.88,-17.728,-54.87
-131,0,8.92,-18.454,-55.66
-131,0,8.96,-18.092,-55.47
-131,0,9,-14.43,-51.98
-131,0,9.04,-17.094,-54.88
-131,0,9.08,-19.178,-57.2
-131,0,9.12,-25.316,-63.6
-131,0,9.16,-30.008,-68.58
-131,0,9.2,-23.89,-62.75
-131,0,9.24,-21.63,-60.23
-131,0,9.28,-19.92,-58.26
-131,0,9.32,-18.598,-56.76
-131,0,9.36,-21.414,-59.48
-131,0,9.4,-27.48,-65.45
-131,0,9.44,-32.074,-70.18
-131,0,9.48,-22.668,-60.91
-131,0,9.52,-20.472,-58.85
-131,0,9.56,-18.996,-57.51
-131,0,9.6,-21.09,-59.74
-131,0,9.64,-19.85,-58.62
-131,0,9.68,-20.27,-59.16
-131,0,9.72,-21.138,-60.12
-131,0,9.76,-22.664,-61.71
-131,0,9.8,-23.61,-62.72
-131,0,9.84,-22.586,-61.7
-131,0,9.88,-22.562,-61.68
-131,0,9.92,-19.04,-58.15
-131,0,9.96,-19.92,-59.01
-131,0,10,-21.43,-60.5
-131,0,10.04,-24.284,-63.53
-131,0,10.08,-28.698,-68.12
-131,0,10.12,-22.656,-62.21
-131,0,10.16,-22.788,-62.43
-131,0,10.2,-20.06,-59.79
-131,0,10.24,-20.512,-60.21
-131,0,10.28,-23.204,-62.87
-131,0,10.32,-23.772,-63.4
-131,0,10.36,-21.756,-61.34
-131,0,10.4,-22.21,-61.75
-131,0,10.44,-20.564,-60.1
-131,0,10.48,-23.348,-62.88
-131,0,10.52,-24.362,-63.97
-131,0,10.56,-27.026,-66.79
-131,0,10.6,-28.52,-68.44
-131,0,10.64,-24.888,-64.9
-131,0,10.68,-22.126,-62.23
-131,0,10.72,-18.156,-58.33
-131,0,10.76,-18.978,-59.2
-131,0,10.8,-18.96,-59.23
-131,0,10.84,-23.19,-63.36
-131,0,10.88,-27.03,-67.1
-131,0,10.92,-29.232,-69.24
-131,0,10.96,-29.346,-69.33
-131,0,11,-19.57,-59.53
-131,0,11.04,-19.816,-59.88
-131,0,11.08,-16.912,-57.08
-131,0,11.12,-18.726,-58.97
-131,0,11.16,-23.378,-63.67
-131,0,11.2,-21.86,-62.2
-131,0,11.24,-22.088,-62.48
-131,0,11.28,-21.726,-62.17
-131,0,11.32,-20.634,-61.15
-131,0,11.36,-20.472,-61.08
-131,0,11.4,-21.71,-62.41
-131,0,11.44,-26.322,-67.07
-131,0,11.48,-25.944,-66.74
-131,0,11.52,-23.4,-64.23
-131,0,11.56,-25.29,-66.14
-131,0,11.6,-20.76,-61.63
-131,0,11.64,-21.366,-62.32
-131,0,11.68,-18.892,-59.93
-131,0,11.72,-18.168,-59.26
-131,0,11.76,-18.374,-59.49
-131,0,11.8,-21.47,-62.61
-131,0,11.84,-20.886,-61.97
-131,0,11.88,-31.452,-72.48
-131,0,11.92,-32.654,-73.78
-131,0,11.96,-26.572,-67.95
-131,0,12,-28.52,-70.15
-130,0,8,-15.04,-49.66
-130,0,8.04,-15.608,-50.32
-130,0,8.08,-16.616,-51.42
-130,0,8.12,-16.192,-51.08
-130,0,8.16,-14.596,-49.56
-130,0,8.2,-15.7,-50.74
-130,0,8.24,-16.832,-51.94
-130,0,8.28,-19.954,-55.13
-130,0,8.32,-19.436,-54.68
-130,0,8.36,-23.488,-58.8
-130,0,8.4,-21.38,-56.76
-130,0,8.44,-18.992,-54.58
-130,0,8.48,-18.334,-54.13
-130,0,8.52,-17.224,-53.25
-130,0,8.56,-19.692,-55.97
-130,0,8.6,-17.98,-54.51
-130,0,8.64,-17.434,-54.28
-130,0,8.68,-19.458,-56.62
-130,0,8.72,-22.378,-59.68
-130,0,8.76,-24.484,-61.75
-130,0,8.8,-20.88,-58.11
-130,0,8.84,-18.074,-55.26
-130,0,8.88,-17.488,-54.63
-130,0,8.92,-18.894,-56.1
-130,0,8.96,-18.712,-56.09
-130,0,9,-15.87,-53.42
-130,0,9.04,-17.544,-55.33
-130,0,9.08,-18.958,-56.98
-130,0,9.12,-26.006,-64.29
-130,0,9.16,-24.428,-63
-130,0,9.2,-22.53,-61.39
-130,0,9.24,-23.05,-61.65
-130,0,9.28,-21.66,-60
-130,0,9.32,-20.778,-58.94
-130,0,9.36,-21.494,-59.56
-130,0,9.4,-29.81,-67.78
-130,0,9.44,-27.744,-65.85
-130,0,9.48,-25.158,-63.4
-130,0,9.52,-23.342,-61.72
-130,0,9.56,-20.586,-59.1
-130,0,9.6,-19.76,-58.41
-130,0,9.64,-20.74,-59.51
-130,0,9.68,-20.37,-59.26
-130,0,9.72,-21.638,-60.62
-130,0,9.76,-23.674,-62.72
-130,0,9.8,-23.19,-62.3
-130,0,9.84,-32.376,-71.49
-130,0,9.88,-23.212,-62.33
-130,0,9.92,-22.94,-62.05
-130,0,9.96,-21.48,-60.57
-130,0,10,-20.92,-59.99
-130,0,10.04,-31.804,-71.05
-130,0,10.08,-37.718,-77.14
-130,0,10.12,-26.126,-65.68
-130,0,10.16,-22.668,-62.31
-130,0,10.2,-19.86,-59.59
-130,0,10.24,-22.372,-62.07
-130,0,10.28,-25.344,-65.01
-130,0,10.32,-22.082,-61.71
-130,0,10.36,-21.836,-61.42
-130,0,10.4,-20.38,-59.92
-130,0,10.44,-26.754,-66.29
-130,0,10.48,-25.478,-65.01
-130,0,10.52,-25.512,-65.12
-130,0,10.56,-31.476,-71.24
-130,0,10.6,-29.69,-69.61
-130,0,10.64,-25.088,-65.1
-130,0,10.68,-19.966,-60.07
-130,0,10.72,-20.306,-60.48
-130,0,10.76,-18.908,-59.13
-130,0,10.8,-23.95,-64.22
-130,0,10.84,-27.94,-68.11
-130,0,10.88,-33.83,-73.9
-130,0,10.92,-29.402,-69.41
-130,0,10.96,-24.116,-64.1
-130,0,11,-21.07,-61.03
-130,0,11.04,-19.576,-59.64
-130,0,11.08,-19.432,-59.6
-130,0,11.12,-20.416,-60.66
-130,0,11.16,-22.888,-63.18
-130,0,11.2,-22.31,-62.65
-130,0,11.24,-21.738,-62.13
-130,0,11.28,-21.936,-62.38
-130,0,11.32,-21.054,-61.57
-130,0,11.36,-23.052,-63.66
-130,0,11.4,-25.64,-66.34
-130,0,11.44,-25.632,-66.38
-130,0,11.48,-22.934,-63.73
-130,0,11.52,-21.06,-61.89
-130,0,11.56,-20.69,-61.54
-130,0,11.6,-22.61,-63.48
-130,0,11.64,-17.376,-58.33
-130,0,11.68,-16.572,-57.61
-130,0,11.72,-16.738,-57.83
-130,0,11.76,-18.964,-60.08
-130,0,11.8,-19.82,-60.96
-130,0,11.84,-27.376,-68.46
-130,0,11.88,-33.062,-74.09
-130,0,11.92,-29.674,-70.8
-130,0,11.96,-30.492,-71.87
-130,0,12,-27.82,-69.45
-129,0,8,-14.83,-49.45
-129,0,8.04,-16.098,-50.81
-129,0,8.08,-16.916,-51.72
-129,0,8.12,-16.152,-51.04
-129,0,8.16,-14.426,-49.39
-129,0,8.2,-15.17,-50.21
-129,0,8.24,-16.422,-51.53
-129,0,8.28,-18.534,-53.71
-129,0,8.32,-18.726,-53.97
-129,0,8.36,-25.268,-60.58
-129,0,8.4,-24.28,-59.66
-129,0,8.44,-22.442,-58.03
-129,0,8.48,-18.344,-54.14
-129,0,8.52,-17.814,-53.84
-129,0,8.56,-20.512,-56.79
-129,0,8.6,-18.04,-54.57
-129,0,8.64,-19.734,-56.58
-129,0,8.68,-20.698,-57.86
-129,0,8.72,-22.318,-59.62
-129,0,8.76,-22.364,-59.63
-129,0,8.8,-21.78,-59.01
-129,0,8.84,-17.184,-54.37
-129,0,8.88,-18.238,-55.38
-129,0,8.92,-19.754,-56.96
-129,0,8.96,-18.942,-56.32
-129,0,9,-18.13,-55.68
-129,0,9.04,-20.164,-57.95
-129,0,9.08,-21.298,-59.32
-129,0,9.12,-22.546,-60.83
-129,0,9.16,-24.488,-63.06
-129,0,9.2,-21.95,-60.81
-129,0,9.24,-22.91,-61.51
-129,0,9.28,-23.45,-61.79
-129,0,9.32,-20.838,-59
-129,0,9.36,-20.094,-58.16
-129,0,9.4,-32.72,-70.69
-129,0,9.44,-22.664,-60.77
-129,0,9.48,-22.038,-60.28
-129,0,9.52,-22.802,-61.18
-129,0,9.56,-23.176,-61.69
-129,0,9.6,-22.5,-61.15
-129,0,9.64,-20.82,-59.59
-129,0,9.68,-20,-58.89
-129,0,9.72,-21.608,-60.59
-129,0,9.76,-22.754,-61.8
-129,0,9.8,-22.68,-61.79
-129,0,9.84,-25.536,-64.65
-129,0,9.88,-29.312,-68.43
-129,0,9.92,-25.6,-64.71
-129,0,9.96,-25.87,-64.96
-129,0,10,-23.55,-62.62
-129,0,10.04,-25.564,-64.81
-129,0,10.08,-28.198,-67.62
-129,0,10.12,-26.486,-66.04
-129,0,10.16,-22.858,-62.5
-129,0,10.2,-21.06,-60.79
-129,0,10.24,-23.232,-62.93
-129,0,10.28,-30.984,-70.65
-129,0,10.32,-24.642,-64.27
-129,0,10.36,-22.516,-62.1
-129,0,10.4,-22.65,-62.19
-129,0,10.44,-29.854,-69.39
-129,0,10.48,-33.918,-73.45
-129,0,10.52,-26.522,-66.13
-129,0,10.56,-30.986,-70.75
-129,0,10.6,-28.67,-68.59
-129,0,10.64,-20.898,-60.91
-129,0,10.68,-21.926,-62.03
-129,0,10.72,-21.586,-61.76
-129,0,10.76,-24.258,-64.48
-129,0,10.8,-30.61,-70.88
-129,0,10.84,-47.21,-87.38
-129,0,10.88,-28.17,-68.24
-129,0,10.92,-26.742,-66.75
-129,0,10.96,-22.036,-62.02
-129,0,11,-22.11,-62.07
-129,0,11.04,-19.646,-59.71
-129,0,11.08,-21.842,-62.01
-129,0,11.12,-23.686,-63.93
-129,0,11.16,-23.718,-64.01
-129,0,11.2,-20.21,-60.55
-129,0,11.24,-20.388,-60.78
-129,0,11.28,-23.536,-63.98
-129,0,11.32,-22.064,-62.58
-129,0,11.36,-22.422,-63.03
-129,0,11.4,-26.54,-67.24
-129,0,11.44,-31.462,-72.21
-129,0,11.48,-20.824,-61.62
-129,0,11.52,-21.45,-62.28
-129,0,11.56,-19.25,-60.1
-129,0,11.6,-19.62,-60.49
-129,0,11.64,-20.706,-61.66
-129,0,11.68,-19.682,-60.72
-129,0,11.72,-20.108,-61.2
-129,0,11.76,-22.164,-63.28
-129,0,11.8,-29.83,-70.97
-129,0,11.84,-28.876,-69.96
-129,0,11.88,-20.092,-61.12
-129,0,11.92,-22.124,-63.25
-129,0,11.96,-23.142,-64.52
-129,0,12,-20.38,-62.01
-128,0,8,-14.51,-49.13
-128,0,8.04,-15.928,-50.64
-128,0,8.08,-16.586,-51.39
-128,0,8.12,-16.742,-51.63
-128,0,8.16,-14.666,-49.63
-128,0,8.2,-15.38,-50.42
-128,0,8.24,-14.772,-49.88
-128,0,8.28,-16.404,-51.58
-128,0,8.32,-17.816,-53.06
-128,0,8.36,-22.298,-57.61
-128,0,8.4,-22.39,-57.77
-128,0,8.44,-23.772,-59.36
-128,0,8.48,-19.784,-55.58
-128,0,8.52,-18.984,-55.01
-128,0,8.56,-20.712,-56.99
-128,0,8.6,-19.57,-56.1
-128,0,8.64,-20.964,-57.81
-128,0,8.68,-20.678,-57.84
-128,0,8.72,-21.978,-59.28
-128,0,8.76,-22.594,-59.86
-128,0,8.8,-21.93,-59.16
-128,0,8.84,-18.124,-55.31
-128,0,8.88,-19.108,-56.25
-128,0,8.92,-22.064,-59.27
-128,0,8.96,-19.442,-56.82
-128,0,9,-22.54,-60.09
-128,0,9.04,-23.494,-61.28
-128,0,9.08,-20.778,-58.8
-128,0,9.12,-25.346,-63.63
-128,0,9.16,-23.518,-62.09
-128,0,9.2,-24.84,-63.7
-128,0,9.24,-23.54,-62.14
-128,0,9.28,-23.76,-62.1
-128,0,9.32,-21.398,-59.56
-128,0,9.36,-22.664,-60.73
-128,0,9.4,-24.08,-62.05
-128,0,9.44,-22.734,-60.84
-128,0,9.48,-22.978,-61.22
-128,0,9.52,-24.782,-63.16
-128,0,9.56,-22.226,-60.74
-128,0,9.6,-23.04,-61.69
-128,0,9.64,-23.13,-61.9
-128,0,9.68,-21.05,-59.94
-128,0,9.72,-20.388,-59.37
-128,0,9.76,-20.064,-59.11
-128,0,9.8,-22.79,-61.9
-128,0,9.84,-27.376,-66.49
-128,0,9.88,-26.082,-65.2
-128,0,9.92,-26.97,-66.08
-128,0,9.96,-26.1,-65.19
-128,0,10,-24.24,-63.31
-128,0,10.04,-34.314,-73.56
-128,0,10.08,-30.248,-69.67
-128,0,10.12,-24.296,-63.85
-128,0,10.16,-22.668,-62.31
-128,0,10.2,-21.29,-61.02
-128,0,10.24,-20.542,-60.24
-128,0,10.28,-20.934,-60.6
-128,0,10.32,-26.172,-65.8
-128,0,10.36,-25.316,-64.9
-128,0,10.4,-24.43,-63.97
-128,0,10.44,-34.754,-74.29
-128,0,10.48,-27.338,-66.87
-128,0,10.52,-27.432,-67.04
-128,0,10.56,-30.776,-70.54
-128,0,10.6,-25.61,-65.53
-128,0,10.64,-24.218,-64.23
-128,0,10.68,-25.876,-65.98
-128,0,10.72,-24.386,-64.56
-128,0,10.76,-34.938,-75.16
-128,0,10.8,-31.92,-72.19
-128,0,10.84,-23.84,-64.01
-128,0,10.88,-26.7,-66.77
-128,0,10.92,-25.562,-65.57
-128,0,10.96,-21.566,-61.55
-128,0,11,-24.29,-64.25
-128,0,11.04,-25.676,-65.74
-128,0,11.08,-25.152,-65.32
-128,0,11.12,-23.536,-63.78
-128,0,11.16,-25.668,-65.96
-128,0,11.2,-21.82,-62.16
-128,0,11.24,-24.658,-65.05
-128,0,11.28,-30.846,-71.29
-128,0,11.32,-29.654,-70.17
-128,0,11.36,-25.942,-66.55
-128,0,11.4,-29.58,-70.28
-128,0,11.44,-25.552,-66.3
-128,0,11.48,-22.714,-63.51
-128,0,11.52,-22.88,-63.71
-128,0,11.56,-22.65,-63.5
-128,0,11.6,-22.81,-63.68
-128,0,11.64,-26.846,-67.8
-128,0,11.68,-24.062,-65.1
-128,0,11.72,-31.598,-72.69
-128,0,11.76,-29.674,-70.79
-128,0,11.8,-28.8,-69.94
-128,0,11.84,-22.916,-64
-128,0,11.88,-20.882,-61.91
-128,0,11.92,-23.144,-64.27
-128,0,11.96,-23.812,-65.19
-128,0,12,-23.52,-65.15
-127,0,8,-15.47,-50.09
-127,0,8.04,-16.208,-50.92
-127,0,8.08,-16.826,-51.63
-127,0,8.12,-17.542,-52.43
-127,0,8.16,-15.236,-50.2
-127,0,8.2,-14.52,-49.56
-127,0,8.24,-14.912,-50.02
-127,0,8.28,-15.564,-50.74
-127,0,8.32,-17.156,-52.4
-127,0,8.36,-19.898,-55.21
-127,0,8.4,-20.47,-55.85
-127,0,8.44,-23.662,-59.25
-127,0,8.48,-22.394,-58.19
-127,0,8.52,-18.744,-54.77
-127,0,8.56,-20.882,-57.16
-127,0,8.6,-21.95,-58.48
-127,0,8.64,-22.264,-59.11
-127,0,8.68,-23.708,-60.87
-127,0,8.72,-21.418,-58.72
-127,0,8.76,-21.884,-59.15
-127,0,8.8,-23.99,-61.22
-127,0,8.84,-19.664,-56.85
-127,0,8.88,-19.168,-56.31
-127,0,8.92,-21.604,-58.81
-127,0,8.96,-21.802,-59.18
-127,0,9,-23.05,-60.6
-127,0,9.04,-25.174,-62.96
-127,0,9.08,-25.208,-63.23
-127,0,9.12,-29.406,-67.69
-127,0,9.16,-23.698,-62.27
-127,0,9.2,-21.96,-60.82
-127,0,9.24,-22.74,-61.34
-127,0,9.28,-25.03,-63.37
-127,0,9.32,-25.008,-63.17
-127,0,9.36,-27.574,-65.64
-127,0,9.4,-21.62,-59.59
-127,0,9.44,-21.324,-59.43
-127,0,9.48,-24.138,-62.38
-127,0,9.52,-23.132,-61.51
-127,0,9.56,-22.556,-61.07
-127,0,9.6,-23.07,-61.72
-127,0,9.64,-22.22,-60.99
-127,0,9.68,-20.44,-59.33
-127,0,9.72,-20.388,-59.37
-127,0,9.76,-21.404,-60.45
-127,0,9.8,-22.07,-61.18
-127,0,9.84,-24.396,-63.51
-127,0,9.88,-24.222,-63.34
-127,0,9.92,-26.34,-65.45
-127,0,9.96,-29.21,-68.3
-127,0,10,-29.18,-68.25
-127,0,10.04,-31.404,-70.65
-127,0,10.08,-28.488,-67.91
-127,0,10.12,-21.936,-61.49
-127,0,10.16,-23.288,-62.93
-127,0,10.2,-20.43,-60.16
-127,0,10.24,-23.682,-63.38
-127,0,10.28,-23.604,-63.27
-127,0,10.32,-25.082,-64.71
-127,0,10.36,-26.626,-66.21
-127,0,10.4,-33.93,-73.47
-127,0,10.44,-30.574,-70.11
-127,0,10.48,-29.638,-69.17
-127,0,10.52,-25.942,-65.55
-127,0,10.56,-31.186,-70.95
-127,0,10.6,-24.94,-64.86
-127,0,10.64,-29.098,-69.11
-127,0,10.68,-25.656,-65.76
-127,0,10.72,-27.556,-67.73
-127,0,10.76,-32.448,-72.67
-127,0,10.8,-45.73,-86
-127,0,10.84,-32.22,-72.39
-127,0,10.88,-31.34,-71.41
-127,0,10.92,-29.102,-69.11
-127,0,10.96,-30.406,-70.39
-127,0,11,-32.76,-72.72
-127,0,11.04,-29.576,-69.64
-127,0,11.08,-23.712,-63.88
-127,0,11.12,-24.016,-64.26
-127,0,11.16,-26.088,-66.38
-127,0,11.2,-25.62,-65.96
-127,0,11.24,-30.818,-71.21
-127,0,11.28,-26.216,-66.66
-127,0,11.32,-24.434,-64.95
-127,0,11.36,-23.962,-64.57
-127,0,11.4,-28.13,-68.83
-127,0,11.44,-30.312,-71.06
-127,0,11.48,-28.474,-69.27
-127,0,11.52,-29.81,-70.64
-127,0,11.56,-34.29,-75.14
-127,0,11.6,-31.53,-72.4
-127,0,11.64,-41.016,-81.97
-127,0,11.68,-28.152,-69.19
-127,0,11.72,-22.768,-63.86
-127,0,11.76,-23.384,-64.5
-127,0,11.8,-27.73,-68.87
-127,0,11.84,-24.306,-65.39
-127,0,11.88,-22.712,-63.74
-127,0,11.92,-32.074,-73.2
-127,0,11.96,-29.302,-70.68
-127,0,12,-26.36,-67.99
-126,0,8,-15.89,-50.51
-126,0,8.04,-16.268,-50.98
-126,0,8.08,-17.066,-51.87
-126,0,8.12,-17.372,-52.26
-126,0,8.16,-15.696,-50.66
-126,0,8.2,-15.41,-50.45
-126,0,8.24,-14.852,-49.96
-126,0,8.28,-15.164,-50.34
-126,0,8.32,-16.226,-51.47
-126,0,8.36,-18.178,-53.49
-126,0,8.4,-19.79,-55.17
-126,0,8.44,-22.922,-58.51
-126,0,8.48,-20.984,-56.78
-126,0,8.52,-19.374,-55.4
-126,0,8.56,-21.192,-57.47
-126,0,8.6,-21.21,-57.74
-126,0,8.64,-22.014,-58.86
-126,0,8.68,-23.198,-60.36
-126,0,8.72,-19.948,-57.25
-126,0,8.76,-21.044,-58.31
-126,0,8.8,-25.35,-62.58
-126,0,8.84,-21.484,-58.67
-126,0,8.88,-20.708,-57.85
-126,0,8.92,-21.934,-59.14
-126,0,8.96,-20.742,-58.12
-126,0,9,-22.54,-60.09
-126,0,9.04,-24.484,-62.27
-126,0,9.08,-32.138,-70.16
-126,0,9.12,-32.476,-70.76
-126,0,9.16,-24.718,-63.29
-126,0,9.2,-22.33,-61.19
-126,0,9.24,-23.61,-62.21
-126,0,9.28,-22.64,-60.98
-126,0,9.32,-26.218,-64.38
-126,0,9.36,-24.944,-63.01
-126,0,9.4,-23.12,-61.09
-126,0,9.44,-24.254,-62.36
-126,0,9.48,-25.258,-63.5
-126,0,9.52,-24.612,-62.99
-126,0,9.56,-22.686,-61.2
-126,0,9.6,-21.33,-59.98
-126,0,9.64,-20.03,-58.8
-126,0,9.68,-19.43,-58.32
-126,0,9.72,-21.548,-60.53
-126,0,9.76,-20.514,-59.56
-126,0,9.8,-21.93,-61.04
-126,0,9.84,-23.536,-62.65
-126,0,9.88,-25.782,-64.9
-126,0,9.92,-27.34,-66.45
-126,0,9.96,-27.77,-66.86
-126,0,10,-25.37,-64.44
-126,0,10.04,-24.794,-64.04
-126,0,10.08,-21.738,-61.16
-126,0,10.12,-23.196,-62.75
-126,0,10.16,-25.218,-64.86
-126,0,10.2,-24.26,-63.99
-126,0,10.24,-23.502,-63.2
-126,0,10.28,-22.154,-61.82
-126,0,10.32,-25.182,-64.81
-126,0,10.36,-29.846,-69.43
-126,0,10.4,-27.31,-66.85
-126,0,10.44,-31.174,-70.71
-126,0,10.48,-29.928,-69.46
-126,0,10.52,-20.852,-60.46
-126,0,10.56,-25.216,-64.98
-126,0,10.6,-29.18,-69.1
-126,0,10.64,-34.628,-74.64
-126,0,10.68,-25.996,-66.1
-126,0,10.72,-25.996,-66.17
-126,0,10.76,-25.968,-66.19
-126,0,10.8,-26.33,-66.6
-126,0,10.84,-28.63,-68.8
-126,0,10.88,-30.42,-70.49
-126,0,10.92,-30.702,-70.71
-126,0,10.96,-36.446,-76.43
-126,0,11,-37.84,-77.8
-126,0,11.04,-28.036,-68.1
-126,0,11.08,-30.292,-70.46
-126,0,11.12,-25.016,-65.26
-126,0,11.16,-29.128,-69.42
-126,0,11.2,-23.93,-64.27
-126,0,11.24,-25.058,-65.45
-126,0,11.28,-23.616,-64.06
-126,0,11.32,-20.594,-61.11
-126,0,11.36,-28.822,-69.43
-126,0,11.4,-29.83,-70.53
-126,0,11.44,-40.702,-81.45
-126,0,11.48,-32.384,-73.18
-126,0,11.52,-30.91,-71.74
-126,0,11.56,-30.54,-71.39
-126,0,11.6,-25.93,-66.8
-126,0,11.64,-22.276,-63.23
-126,0,11.68,-19.932,-60.97
-126,0,11.72,-20.318,-61.41
-126,0,11.76,-20.034,-61.15
-126,0,11.8,-23.75,-64.89
-126,0,11.84,-31.426,-72.51
-126,0,11.88,-29.992,-71.02
-126,0,11.92,-24.304,-65.43
-126,0,11.96,-28.572,-69.95
-126,0,12,-33.45,-75.08
-125,0,8,-16.67,-51.29
-125,0,8.04,-17.248,-51.96
-125,0,8.08,-17.426,-52.23
-125,0,8.12,-17.432,-52.32
-125,0,8.16,-16.346,-51.31
-125,0,8.2,-16.12,-51.16
-125,0,8.24,-15.332,-50.44
-125,0,8.28,-15.884,-51.06
-125,0,8.32,-16.306,-51.55
-125,0,8.36,-17.138,-52.45
-125,0,8.4,-18.26,-53.64
-125,0,8.44,-19.972,-55.56
-125,0,8.48,-21.244,-57.04
-125,0,8.52,-19.044,-55.07
-125,0,8.56,-21.382,-57.66
-125,0,8.6,-22.13,-58.66
-125,0,8.64,-25.384,-62.23
-125,0,8.68,-21.568,-58.73
-125,0,8.72,-19.928,-57.23
-125,0,8.76,-21.294,-58.56
-125,0,8.8,-20.54,-57.77
-125,0,8.84,-20.924,-58.11
-125,0,8.88,-21.658,-58.8
-125,0,8.92,-21.764,-58.97
-125,0,8.96,-20.862,-58.24
-125,0,9,-20.79,-58.34
-125,0,9.04,-24.004,-61.79
-125,0,9.08,-26.408,-64.43
-125,0,9.12,-31.306,-69.59
-125,0,9.16,-24.778,-63.35
-125,0,9.2,-24.12,-62.98
-125,0,9.24,-22.96,-61.56
-125,0,9.28,-21.5,-59.84
-125,0,9.32,-25.298,-63.46
-125,0,9.36,-26.684,-64.75
-125,0,9.4,-25.55,-63.52
-125,0,9.44,-26.634,-64.74
-125,0,9.48,-28.758,-67
-125,0,9.52,-23.762,-62.14
-125,0,9.56,-23.816,-62.33
-125,0,9.6,-23.02,-61.67
-125,0,9.64,-20.04,-58.81
-125,0,9.68,-22.53,-61.42
-125,0,9.72,-20.358,-59.34
-125,0,9.76,-22.704,-61.75
-125,0,9.8,-27.19,-66.3
-125,0,9.84,-27.756,-66.87
-125,0,9.88,-26.622,-65.74
-125,0,9.92,-29.54,-68.65
-125,0,9.96,-24.24,-63.33
-125,0,10,-25.14,-64.21
-125,0,10.04,-20.634,-59.88
-125,0,10.08,-19.938,-59.36
-125,0,10.12,-21.996,-61.55
-125,0,10.16,-28.808,-68.45
-125,0,10.2,-24.99,-64.72
-125,0,10.24,-24.352,-64.05
-125,0,10.28,-25.424,-65.09
-125,0,10.32,-26.012,-65.64
-125,0,10.36,-23.156,-62.74
-125,0,10.4,-27.1,-66.64
-125,0,10.44,-25.434,-64.97
-125,0,10.48,-22.508,-62.04
-125,0,10.52,-23.752,-63.36
-125,0,10.56,-27.236,-67
-125,0,10.6,-34.01,-73.93
-125,0,10.64,-29.698,-69.71
-125,0,10.68,-21.636,-61.74
-125,0,10.72,-20.876,-61.05
-125,0,10.76,-19.988,-60.21
-125,0,10.8,-27.17,-67.44
-125,0,10.84,-28.91,-69.08
-125,0,10.88,-29.29,-69.36
-125,0,10.92,-38.502,-78.51
-125,0,10.96,-38.636,-78.62
-125,0,11,-39.1,-79.06
-125,0,11.04,-24.996,-65.06
-125,0,11.08,-25.512,-65.68
-125,0,11.12,-19.656,-59.9
-125,0,11.16,-20.428,-60.72
-125,0,11.2,-21.38,-61.72
-125,0,11.24,-21.978,-62.37
-125,0,11.28,-26.006,-66.45
-125,0,11.32,-27.464,-67.98
-125,0,11.36,-26.572,-67.18
-125,0,11.4,-44.7,-85.4
-125,0,11.44,-28.062,-68.81
-125,0,11.48,-27.464,-68.26
-125,0,11.52,-21.71,-62.54
-125,0,11.56,-23.05,-63.9
-125,0,11.6,-21.6,-62.47
-125,0,11.64,-18.656,-59.61
-125,0,11.68,-16.922,-57.96
-125,0,11.72,-17.438,-58.53
-125,0,11.76,-18.434,-59.55
-125,0,11.8,-19.44,-60.58
-125,0,11.84,-19.046,-60.13
-125,0,11.88,-20.102,-61.13
-125,0,11.92,-20.934,-62.06
-125,0,11.96,-22.322,-63.7
-125,0,12,-20.54,-62.17
-124,0,8,-17.66,-52.28
-124,0,8.04,-17.578,-52.29
-124,0,8.08,-17.256,-52.06
-124,0,8.12,-16.872,-51.76
-124,0,8.16,-16.946,-51.91
-124,0,8.2,-16.91,-51.95
-124,0,8.24,-15.942,-51.05
-124,0,8.28,-16.534,-51.71
-124,0,8.32,-18.206,-53.45
-124,0,8.36,-16.598,-51.91
-124,0,8.4,-17.72,-53.1
-124,0,8.44,-19.302,-54.89
-124,0,8.48,-19.384,-55.18
-124,0,8.52,-18.014,-54.04
-124,0,8.56,-20.122,-56.4
-124,0,8.6,-21.49,-58.02
-124,0,8.64,-24.094,-60.94
-124,0,8.68,-23.328,-60.49
-124,0,8.72,-19.938,-57.24
-124,0,8.76,-19.534,-56.8
-124,0,8.8,-20.91,-58.14
-124,0,8.84,-19.884,-57.07
-124,0,8.88,-23.278,-60.42
-124,0,8.92,-19.914,-57.12
-124,0,8.96,-18.842,-56.22
-124,0,9,-18.24,-55.79
-124,0,9.04,-21.534,-59.32
-124,0,9.08,-23.558,-61.58
-124,0,9.12,-34.636,-72.92
-124,0,9.16,-25.038,-63.61
-124,0,9.2,-27.37,-66.23
-124,0,9.24,-22.34,-60.94
-124,0,9.28,-22.85,-61.19
-124,0,9.32,-27.498,-65.66
-124,0,9.36,-27.394,-65.46
-124,0,9.4,-28.62,-66.59
-124,0,9.44,-26.864,-64.97
-124,0,9.48,-35.978,-74.22
-124,0,9.52,-32.652,-71.03
-124,0,9.56,-24.506,-63.02
-124,0,9.6,-26.17,-64.82
-124,0,9.64,-22.02,-60.79
-124,0,9.68,-22.6,-61.49
-124,0,9.72,-24.288,-63.27
-124,0,9.76,-22.174,-61.22
-124,0,9.8,-28.11,-67.22
-124,0,9.84,-36.246,-75.36
-124,0,9.88,-26.052,-65.17
-124,0,9.92,-23.66,-62.77
-124,0,9.96,-24.3,-63.39
-124,0,10,-23.3,-62.37
-124,0,10.04,-21.804,-61.05
-124,0,10.08,-21.128,-60.55
-124,0,10.12,-21.656,-61.21
-124,0,10.16,-42.328,-81.97
-124,0,10.2,-48.52,-88.25
-124,0,10.24,-29.622,-69.32
-124,0,10.28,-27.814,-67.48
-124,0,10.32,-20.542,-60.17
-124,0,10.36,-24.516,-64.1
-124,0,10.4,-31.94,-71.48
-124,0,10.44,-25.284,-64.82
-124,0,10.48,-21.828,-61.36
-124,0,10.52,-24.992,-64.6
-124,0,10.56,-26.096,-65.86
-124,0,10.6,-34.16,-74.08
-124,0,10.64,-22.498,-62.51
-124,0,10.68,-22.736,-62.84
-124,0,10.72,-20.626,-60.8
-124,0,10.76,-20.568,-60.79
-124,0,10.8,-25,-65.27
-124,0,10.84,-25.36,-65.53
-124,0,10.88,-31.32,-71.39
-124,0,10.92,-31.142,-71.15
-124,0,10.96,-28.676,-68.66
-124,0,11,-29.38,-69.34
-124,0,11.04,-24.506,-64.57
-124,0,11.08,-22.192,-62.36
-124,0,11.12,-20.106,-60.35
-124,0,11.16,-24.778,-65.07
-124,0,11.2,-25.84,-66.18
-124,0,11.24,-30.888,-71.28
-124,0,11.28,-29.096,-69.54
-124,0,11.32,-49.604,-90.12
-124,0,11.36,-34.452,-75.06
-124,0,11.4,-26.53,-67.23
-124,0,11.44,-22.332,-63.08
-124,0,11.48,-21.254,-62.05
-124,0,11.52,-20.16,-60.99
-124,0,11.56,-21.81,-62.66
-124,0,11.6,-19.96,-60.83
-124,0,11.64,-18.536,-59.49
-124,0,11.68,-16.962,-58
-124,0,11.72,-17.838,-58.93
-124,0,11.76,-17.134,-58.25
-124,0,11.8,-17.57,-58.71
-124,0,11.84,-16.696,-57.78
-124,0,11.88,-17.422,-58.45
-124,0,11.92,-19.294,-60.42
-124,0,11.96,-15.092,-56.47
-124,0,12,-15.09,-56.72
-123,0,8,-18.24,-52.86
-123,0,8.04,-18.898,-53.61
-123,0,8.08,-17.276,-52.08
-123,0,8.12,-16.942,-51.83
-123,0,8.16,-17.396,-52.36
-123,0,8.2,-18.69,-53.73
-123,0,8.24,-18.562,-53.67
-123,0,8.28,-19.624,-54.8
-123,0,8.32,-18.586,-53.83
-123,0,8.36,-16.838,-52.15
-123,0,8.4,-16.97,-52.35
-123,0,8.44,-18.402,-53.99
-123,0,8.48,-18.414,-54.21
-123,0,8.52,-17.614,-53.64
-123,0,8.56,-20.112,-56.39
-123,0,8.6,-20.95,-57.48
-123,0,8.64,-22.344,-59.19
-123,0,8.68,-20.048,-57.21
-123,0,8.72,-20.038,-57.34
-123,0,8.76,-21.474,-58.74
-123,0,8.8,-21.26,-58.49
-123,0,8.84,-20.574,-57.76
-123,0,8.88,-21.048,-58.19
-123,0,8.92,-19.154,-56.36
-123,0,8.96,-20.052,-57.43
-123,0,9,-22.16,-59.71
-123,0,9.04,-23.144,-60.93
-123,0,9.08,-23.258,-61.28
-123,0,9.12,-41.766,-80.05
-123,0,9.16,-28.238,-66.81
-123,0,9.2,-29.02,-67.88
-123,0,9.24,-22.88,-61.48
-123,0,9.28,-24.77,-63.11
-123,0,9.32,-25.588,-63.75
-123,0,9.36,-28.074,-66.14
-123,0,9.4,-30.17,-68.14
-123,0,9.44,-30.134,-68.24
-123,0,9.48,-30.848,-69.09
-123,0,9.52,-28.852,-67.23
-123,0,9.56,-31.956,-70.47
-123,0,9.6,-24.18,-62.83
-123,0,9.64,-22.38,-61.15
-123,0,9.68,-22.72,-61.61
-123,0,9.72,-26.628,-65.61
-123,0,9.76,-29.144,-68.19
-123,0,9.8,-35.26,-74.37
-123,0,9.84,-29.906,-69.02
-123,0,9.88,-25.642,-64.76
-123,0,9.92,-22.36,-61.47
-123,0,9.96,-23.76,-62.85
-123,0,10,-23.42,-62.49
-123,0,10.04,-25.804,-65.05
-123,0,10.08,-21.008,-60.43
-123,0,10.12,-27.046,-66.6
-123,0,10.16,-35.318,-74.96
-123,0,10.2,-42.54,-82.27
-123,0,10.24,-36.352,-76.05
-123,0,10.28,-22.874,-62.54
-123,0,10.32,-21.752,-61.38
-123,0,10.36,-22.806,-62.39
-123,0,10.4,-22.7,-62.24
-123,0,10.44,-23.874,-63.41
-123,0,10.48,-21.838,-61.37
-123,0,10.52,-26.032,-65.64
-123,0,10.56,-42.386,-82.15
-123,0,10.6,-24.91,-64.83
-123,0,10.64,-21.288,-61.3
-123,0,10.68,-18.916,-59.02
-123,0,10.72,-20.266,-60.44
-123,0,10.76,-19.478,-59.7
-123,0,10.8,-24.69,-64.96
-123,0,10.84,-34.09,-74.26
-123,0,10.88,-33.38,-73.45
-123,0,10.92,-29.172,-69.18
-123,0,10.96,-23.846,-63.83
-123,0,11,-24.13,-64.09
-123,0,11.04,-24.096,-64.16
-123,0,11.08,-20.432,-60.6
-123,0,11.12,-22.916,-63.16
-123,0,11.16,-29.168,-69.46
-123,0,11.2,-35.56,-75.9
-123,0,11.24,-32.578,-72.97
-123,0,11.28,-27.156,-67.6
-123,0,11.32,-25.064,-65.58
-123,0,11.36,-32.012,-72.62
-123,0,11.4,-26.09,-66.79
-123,0,11.44,-21.432,-62.18
-123,0,11.48,-20.554,-61.35
-123,0,11.52,-21.95,-62.78
-123,0,11.56,-22.27,-63.12
-123,0,11.6,-19.66,-60.53
-123,0,11.64,-21.536,-62.49
-123,0,11.68,-18.952,-59.99
-123,0,11.72,-14.738,-55.83
-123,0,11.76,-16.314,-57.43
-123,0,11.8,-16.54,-57.68
-123,0,11.84,-17.596,-58.68
-123,0,11.88,-17.162,-58.19
-123,0,11.92,-14.504,-55.63
-123,0,11.96,-13.162,-54.54
-123,0,12,-12.59,-54.22
-122,0,8,-18.95,-53.57
-122,0,8.04,-17.918,-52.63
-122,0,8.08,-17.326,-52.13
-122,0,8.12,-16.642,-51.53
-122,0,8.16,-17.866,-52.83
-122,0,8.2,-19.91,-54.95
-122,0,8.24,-21.162,-56.27
-122,0,8.28,-22.804,-57.98
-122,0,8.32,-18.596,-53.84
-122,0,8.36,-16.438,-51.75
-122,0,8.4,-17.56,-52.94
-122,0,8.44,-19.082,-54.67
-122,0,8.48,-18.254,-54.05
-122,0,8.52,-17.924,-53.95
-122,0,8.56,-19.702,-55.98
-122,0,8.6,-20.55,-57.08
-122,0,8.64,-21.974,-58.82
-122,0,8.68,-20.898,-58.06
-122,0,8.72,-19.488,-56.79
-122,0,8.76,-20.184,-57.45
-122,0,8.8,-22.38,-59.61
-122,0,8.84,-20.134,-57.32
-122,0,8.88,-19.578,-56.72
-122,0,8.92,-18.564,-55.77
-122,0,8.96,-19.622,-57
-122,0,9,-20,-57.55
-122,0,9.04,-22.424,-60.21
-122,0,9.08,-22.858,-60.88
-122,0,9.12,-31.246,-69.53
-122,0,9.16,-23.818,-62.39
-122,0,9.2,-27.94,-66.8
-122,0,9.24,-22.92,-61.52
-122,0,9.28,-23.18,-61.52
-122,0,9.32,-24.588,-62.75
-122,0,9.36,-23.884,-61.95
-122,0,9.4,-27.41,-65.38
-122,0,9.44,-28.144,-66.25
-122,0,9.48,-32.358,-70.6
-122,0,9.52,-31.562,-69.94
-122,0,9.56,-32.126,-70.64
-122,0,9.6,-26.27,-64.92
-122,0,9.64,-22.65,-61.42
-122,0,9.68,-25.35,-64.24
-122,0,9.72,-24.298,-63.28
-122,0,9.76,-34.114,-73.16
-122,0,9.8,-30,-69.11
-122,0,9.84,-24.286,-63.4
-122,0,9.88,-24.272,-63.39
-122,0,9.92,-21.28,-60.39
-122,0,9.96,-22.5,-61.59
-122,0,10,-26.11,-65.18
-122,0,10.04,-27.454,-66.7
-122,0,10.08,-30.218,-69.64
-122,0,10.12,-36.066,-75.62
-122,0,10.16,-35.818,-75.46
-122,0,10.2,-29.8,-69.53
-122,0,10.24,-28.342,-68.04
-122,0,10.28,-25.144,-64.81
-122,0,10.32,-23.152,-62.78
-122,0,10.36,-25.046,-64.63
-122,0,10.4,-28.28,-67.82
-122,0,10.44,-21.394,-60.93
-122,0,10.48,-27.348,-66.88
-122,0,10.52,-32.942,-72.55
-122,0,10.56,-35.206,-74.97
-122,0,10.6,-21.35,-61.27
-122,0,10.64,-18.058,-58.07
-122,0,10.68,-21.386,-61.49
-122,0,10.72,-21.226,-61.4
-122,0,10.76,-22.748,-62.97
-122,0,10.8,-50.35,-90.62
-122,0,10.84,-30.38,-70.55
-122,0,10.88,-31.12,-71.19
-122,0,10.92,-25.962,-65.97
-122,0,10.96,-22.816,-62.8
-122,0,11,-26.84,-66.8
-122,0,11.04,-24.036,-64.1
-122,0,11.08,-24.592,-64.76
-122,0,11.12,-31.086,-71.33
-122,0,11.16,-32.178,-72.47
-122,0,11.2,-51.35,-91.69
-122,0,11.24,-31.748,-72.14
-122,0,11.28,-26.286,-66.73
-122,0,11.32,-31.034,-71.55
-122,0,11.36,-27.622,-68.23
-122,0,11.4,-27.89,-68.59
-122,0,11.44,-22.552,-63.3
-122,0,11.48,-24.664,-65.46
-122,0,11.52,-26.97,-67.8
-122,0,11.56,-28.44,-69.29
-122,0,11.6,-22.97,-63.84
-122,0,11.64,-23.046,-64
-122,0,11.68,-20.462,-61.5
-122,0,11.72,-16.178,-57.27
-122,0,11.76,-17.054,-58.17
-122,0,11.8,-17.83,-58.97
-122,0,11.84,-17.006,-58.09
-122,0,11.88,-17.072,-58.1
-122,0,11.92,-14.564,-55.69
-122,0,11.96,-13.482,-54.86
-122,0,12,-12.55,-54.18
-121,0,8,-19.6,-54.22
-121,0,8.04,-19.178,-53.89
-121,0,8.08,-17.676,-52.48
-121,0,8.12,-16.752,-51.64
-121,0,8.16,-18.016,-52.98
-121,0,8.2,-21.11,-56.15
-121,0,8.24,-26.232,-61.34
-121,0,8.28,-24.384,-59.56
-121,0,8.32,-17.856,-53.1
-121,0,8.36,-17.228,-52.54
-121,0,8.4,-18.35,-53.73
-121,0,8.44,-19.062,-54.65
-121,0,8.48,-18.844,-54.64
-121,0,8.52,-18.834,-54.86
-121,0,8.56,-21.422,-57.7
-121,0,8.6,-20.15,-56.68
-121,0,8.64,-24.314,-61.16
-121,0,8.68,-21.698,-58.86
-121,0,8.72,-20.598,-57.9
-121,0,8.76,-23.374,-60.64
-121,0,8.8,-21.99,-59.22
-121,0,8.84,-19.714,-56.9
-121,0,8.88,-19.298,-56.44
-121,0,8.92,-20.354,-57.56
-121,0,8.96,-22.272,-59.65
-121,0,9,-21.33,-58.88
-121,0,9.04,-22.274,-60.06
-121,0,9.08,-25.308,-63.33
-121,0,9.12,-25.306,-63.59
-121,0,9.16,-22.938,-61.51
-121,0,9.2,-27.58,-66.44
-121,0,9.24,-22.12,-60.72
-121,0,9.28,-23,-61.34
-121,0,9.32,-25.518,-63.68
-121,0,9.36,-22.574,-60.64
-121,0,9.4,-27.07,-65.04
-121,0,9.44,-33.424,-71.53
-121,0,9.48,-30.938,-69.18
-121,0,9.52,-27.262,-65.64
-121,0,9.56,-25.046,-63.56
-121,0,9.6,-22.29,-60.94
-121,0,9.64,-22.26,-61.03
-121,0,9.68,-23.68,-62.57
-121,0,9.72,-24.468,-63.45
-121,0,9.76,-28.594,-67.64
-121,0,9.8,-29.81,-68.92
-121,0,9.84,-25.556,-64.67
-121,0,9.88,-23.112,-62.23
-121,0,9.92,-24.19,-63.3
-121,0,9.96,-24.15,-63.24
-121,0,10,-35.34,-74.41
-121,0,10.04,-32.094,-71.34
-121,0,10.08,-48.568,-87.99
-121,0,10.12,-46.236,-85.79
-121,0,10.16,-42.448,-82.09
-121,0,10.2,-36.89,-76.62
-121,0,10.24,-30.362,-70.06
-121,0,10.28,-27.584,-67.25
-121,0,10.32,-26.972,-66.6
-121,0,10.36,-33.066,-72.65
-121,0,10.4,-23.38,-62.92
-121,0,10.44,-26.944,-66.48
-121,0,10.48,-25.918,-65.45
-121,0,10.52,-31.282,-70.89
-121,0,10.56,-30.726,-70.49
-121,0,10.6,-25.28,-65.2
-121,0,10.64,-18.668,-58.68
-121,0,10.68,-22.776,-62.88
-121,0,10.72,-26.096,-66.27
-121,0,10.76,-43.358,-83.58
-121,0,10.8,-31.46,-71.73
-121,0,10.84,-25.36,-65.53
-121,0,10.88,-29.73,-69.8
-121,0,10.92,-30.872,-70.88
-121,0,10.96,-26.546,-66.53
-121,0,11,-26.79,-66.75
-121,0,11.04,-30.876,-70.94
-121,0,11.08,-31.132,-71.3
-121,0,11.12,-29.536,-69.78
-121,0,11.16,-35.628,-75.92
-121,0,11.2,-29.57,-69.91
-121,0,11.24,-27.368,-67.76
-121,0,11.28,-25.036,-65.48
-121,0,11.32,-26.904,-67.42
-121,0,11.36,-31.172,-71.78
-121,0,11.4,-24.89,-65.59
-121,0,11.44,-23.382,-64.13
-121,0,11.48,-24.654,-65.45
-121,0,11.52,-30.16,-70.99
-121,0,11.56,-28.62,-69.47
-121,0,11.6,-25.68,-66.55
-121,0,11.64,-27.756,-68.71
-121,0,11.68,-24.352,-65.39
-121,0,11.72,-19.408,-60.5
-121,0,11.76,-19.984,-61.1
-121,0,11.8,-19.68,-60.82
-121,0,11.84,-18.326,-59.41
-121,0,11.88,-17.002,-58.03
-121,0,11.92,-16.484,-57.61
-121,0,11.96,-13.672,-55.05
-121,0,12,-13.21,-54.84
-120,0,8,-19.1,-53.72
-120,0,8.04,-19.148,-53.86
-120,0,8.08,-17.466,-52.27
-120,0,8.12,-17.012,-51.9
-120,0,8.16,-18.216,-53.18
-120,0,8.2,-23,-58.04
-120,0,8.24,-28.432,-63.54
-120,0,8.28,-26.334,-61.51
-120,0,8.32,-18.246,-53.49
-120,0,8.36,-17.938,-53.25
-120,0,8.4,-19.42,-54.8
-120,0,8.44,-19.832,-55.42
-120,0,8.48,-19.544,-55.34
-120,0,8.52,-19.444,-55.47
-120,0,8.56,-19.192,-55.47
-120,0,8.6,-20.52,-57.05
-120,0,8.64,-22.074,-58.92
-120,0,8.68,-21.428,-58.59
-120,0,8.72,-22.308,-59.61
-120,0,8.76,-22.874,-60.14
-120,0,8.8,-22.81,-60.04
-120,0,8.84,-22.244,-59.43
-120,0,8.88,-20.778,-57.92
-120,0,8.92,-22.054,-59.26
-120,0,8.96,-23.822,-61.2
-120,0,9,-21.79,-59.34
-120,0,9.04,-20.914,-58.7
-120,0,9.08,-20.988,-59.01
-120,0,9.12,-22.316,-60.6
-120,0,9.16,-20.718,-59.29
-120,0,9.2,-23.98,-62.84
-120,0,9.24,-21.26,-59.86
-120,0,9.28,-24.93,-63.27
-120,0,9.32,-24.718,-62.88
-120,0,9.36,-22.304,-60.37
-120,0,9.4,-26.24,-64.21
-120,0,9.44,-38.404,-76.51
-120,0,9.48,-34.388,-72.63
-120,0,9.52,-25.732,-64.11
-120,0,9.56,-28.616,-67.13
-120,0,9.6,-23.09,-61.74
-120,0,9.64,-21.24,-60.01
-120,0,9.68,-22.82,-61.71
-120,0,9.72,-22.998,-61.98
-120,0,9.76,-28.914,-67.96
-120,0,9.8,-29.24,-68.35
-120,0,9.84,-26.776,-65.89
-120,0,9.88,-25.052,-64.17
-120,0,9.92,-22.77,-61.88
-120,0,9.96,-29.06,-68.15
-120,0,10,-33.53,-72.6
-120,0,10.04,-31.004,-70.25
-120,0,10.08,-36.908,-76.33
-120,0,10.12,-32.596,-72.15
-120,0,10.16,-28.308,-67.95
-120,0,10.2,-27.23,-66.96
-120,0,10.24,-32.772,-72.47
-120,0,10.28,-35.354,-75.02
-120,0,10.32,-36.782,-76.41
-120,0,10.36,-32.076,-71.66
-120,0,10.4,-29.09,-68.63
-120,0,10.44,-38.114,-77.65
-120,0,10.48,-35.988,-75.52
-120,0,10.52,-41.382,-80.99
-120,0,10.56,-29.806,-69.57
-120,0,10.6,-23.13,-63.05
-120,0,10.64,-25.778,-65.79
-120,0,10.68,-30.426,-70.53
-120,0,10.72,-38.006,-78.18
-120,0,10.76,-31.748,-71.97
-120,0,10.8,-28.19,-68.46
-120,0,10.84,-28.92,-69.09
-120,0,10.88,-40.4,-80.47
-120,0,10.92,-33.832,-73.84
-120,0,10.96,-42.136,-82.12
-120,0,11,-33.18,-73.14
-120,0,11.04,-42.556,-82.62
-120,0,11.08,-29.402,-69.57
-120,0,11.12,-35.446,-75.69
-120,0,11.16,-32.318,-72.61
-120,0,11.2,-29.29,-69.63
-120,0,11.24,-36.068,-76.46
-120,0,11.28,-37.396,-77.84
-120,0,11.32,-31.144,-71.66
-120,0,11.36,-23.842,-64.45
-120,0,11.4,-26.28,-66.98
-120,0,11.44,-23.942,-64.69
-120,0,11.48,-29.034,-69.83
-120,0,11.52,-25.86,-66.69
-120,0,11.56,-26.18,-67.03
-120,0,11.6,-24.87,-65.74
-120,0,11.64,-23.366,-64.32
-120,0,11.68,-24.932,-65.97
-120,0,11.72,-19.078,-60.17
-120,0,11.76,-18.824,-59.94
-120,0,11.8,-19.96,-61.1
-120,0,11.84,-19.386,-60.47
-120,0,11.88,-18.852,-59.88
-120,0,11.92,-16.854,-57.98
-120,0,11.96,-16.592,-57.97
-120,0,12,-14.98,-56.61
-119,0,8,-19.47,-54.09
-119,0,8.04,-18.948,-53.66
-119,0,8.08,-18.466,-53.27
-119,0,8.12,-17.322,-52.21
-119,0,8.16,-19.116,-54.08
-119,0,8.2,-24.82,-59.86
-119,0,8.24,-32.322,-67.43
-119,0,8.28,-26.384,-61.56
-119,0,8.32,-18.826,-54.07
-119,0,8.36,-18.638,-53.95
-119,0,8.4,-21.15,-56.53
-119,0,8.44,-22.702,-58.29
-119,0,8.48,-22.024,-57.82
-119,0,8.52,-20.654,-56.68
-119,0,8.56,-20.602,-56.88
-119,0,8.6,-21.42,-57.95
-119,0,8.64,-21.594,-58.44
-119,0,8.68,-20.138,-57.3
-119,0,8.72,-23.028,-60.33
-119,0,8.76,-27.924,-65.19
-119,0,8.8,-24.8,-62.03
-119,0,8.84,-22.654,-59.84
-119,0,8.88,-24.068,-61.21
-119,0,8.92,-23.064,-60.27
-119,0,8.96,-25.322,-62.7
-119,0,9,-22.2,-59.75
-119,0,9.04,-20.854,-58.64
-119,0,9.08,-22.468,-60.49
-119,0,9.12,-20.476,-58.76
-119,0,9.16,-22.128,-60.7
-119,0,9.2,-23.2,-62.06
-119,0,9.24,-20.49,-59.09
-119,0,9.28,-24.98,-63.32
-119,0,9.32,-22.458,-60.62
-119,0,9.36,-22.684,-60.75
-119,0,9.4,-31.09,-69.06
-119,0,9.44,-31.884,-69.99
-119,0,9.48,-26.768,-65.01
-119,0,9.52,-23.882,-62.26
-119,0,9.56,-22.386,-60.9
-119,0,9.6,-21.3,-59.95
-119,0,9.64,-21.78,-60.55
-119,0,9.68,-24.56,-63.45
-119,0,9.72,-28.088,-67.07
-119,0,9.76,-33.164,-72.21
-119,0,9.8,-32.74,-71.85
-119,0,9.84,-27.236,-66.35
-119,0,9.88,-21.952,-61.07
-119,0,9.92,-22.3,-61.41
-119,0,9.96,-26.54,-65.63
-119,0,10,-36.68,-75.75
-119,0,10.04,-33.944,-73.19
-119,0,10.08,-36.028,-75.45
-119,0,10.12,-30.766,-70.32
-119,0,10.16,-31.708,-71.35
-119,0,10.2,-26.43,-66.16
-119,0,10.24,-28.472,-68.17
-119,0,10.28,-33.364,-73.03
-119,0,10.32,-30.902,-70.53
-119,0,10.36,-27.756,-67.34
-119,0,10.4,-25.28,-64.82
-119,0,10.44,-37.314,-76.85
-119,0,10.48,-34.378,-73.91
-119,0,10.52,-40.982,-80.59
-119,0,10.56,-27.666,-67.43
-119,0,10.6,-25.14,-65.06
-119,0,10.64,-30.278,-70.29
-119,0,10.68,-32.786,-72.89
-119,0,10.72,-36.396,-76.57
-119,0,10.76,-29.148,-69.37
-119,0,10.8,-31.67,-71.94
-119,0,10.84,-29.84,-70.01
-119,0,10.88,-34.44,-74.51
-119,0,10.92,-34.752,-74.76
-119,0,10.96,-30.496,-70.48
-119,0,11,-30.92,-70.88
-119,0,11.04,-30.736,-70.8
-119,0,11.08,-35.152,-75.32
-119,0,11.12,-30.186,-70.43
-119,0,11.16,-35.868,-76.16
-119,0,11.2,-36.19,-76.53
-119,0,11.24,-27.578,-67.97
-119,0,11.28,-24.936,-65.38
-119,0,11.32,-24.544,-65.06
-119,0,11.36,-25.812,-66.42
-119,0,11.4,-20.69,-61.39
-119,0,11.44,-21.062,-61.81
-119,0,11.48,-25.504,-66.3
-119,0,11.52,-23.2,-64.03
-119,0,11.56,-21.3,-62.15
-119,0,11.6,-20.69,-61.56
-119,0,11.64,-19.206,-60.16
-119,0,11.68,-17.752,-58.79
-119,0,11.72,-18.218,-59.31
-119,0,11.76,-16.474,-57.59
-119,0,11.8,-16.93,-58.07
-119,0,11.84,-17.616,-58.7
-119,0,11.88,-16.952,-57.98
-119,0,11.92,-17.214,-58.34
-119,0,11.96,-15.242,-56.62
-119,0,12,-16.12,-57.75
-118,0,8,-19.89,-54.51
-118,0,8.04,-19.658,-54.37
-118,0,8.08,-18.966,-53.77
-118,0,8.12,-18.272,-53.16
-118,0,8.16,-19.086,-54.05
-118,0,8.2,-24.92,-59.96
-118,0,8.24,-30.822,-65.93
-118,0,8.28,-24.314,-59.49
-118,0,8.32,-20.556,-55.8
-118,0,8.36,-18.888,-54.2
-118,0,8.4,-20.89,-56.27
-118,0,8.44,-23.722,-59.31
-118,0,8.48,-24.444,-60.24
-118,0,8.52,-22.904,-58.93
-118,0,8.56,-20.812,-57.09
-118,0,8.6,-20.94,-57.47
-118,0,8.64,-21.064,-57.91
-118,0,8.68,-21.118,-58.28
-118,0,8.72,-21.768,-59.07
-118,0,8.76,-26.564,-63.83
-118,0,8.8,-26.78,-64.01
-118,0,8.84,-27.644,-64.83
-118,0,8.88,-34.688,-71.83
-118,0,8.92,-25.224,-62.43
-118,0,8.96,-23.272,-60.65
-118,0,9,-21.31,-58.86
-118,0,9.04,-22.804,-60.59
-118,0,9.08,-23.728,-61.75
-118,0,9.12,-22.616,-60.9
-118,0,9.16,-22.578,-61.15
-118,0,9.2,-21.61,-60.47
-118,0,9.24,-19.69,-58.29
-118,0,9.28,-23.69,-62.03
-118,0,9.32,-23.538,-61.7
-118,0,9.36,-22.764,-60.83
-118,0,9.4,-26.94,-64.91
-118,0,9.44,-33.394,-71.5
-118,0,9.48,-29.198,-67.44
-118,0,9.52,-25.342,-63.72
-118,0,9.56,-22.636,-61.15
-118,0,9.6,-21.25,-59.9
-118,0,9.64,-22.18,-60.95
-118,0,9.68,-27,-65.89
-118,0,9.72,-31.268,-70.25
-118,0,9.76,-40.574,-79.62
-118,0,9.8,-31.22,-70.33
-118,0,9.84,-27.136,-66.25
-118,0,9.88,-24.772,-63.89
-118,0,9.92,-30.25,-69.36
-118,0,9.96,-31.79,-70.88
-118,0,10,-31.19,-70.26
-118,0,10.04,-32.104,-71.35
-118,0,10.08,-32.868,-72.29
-118,0,10.12,-28.266,-67.82
-118,0,10.16,-26.278,-65.92
-118,0,10.2,-24.97,-64.7
-118,0,10.24,-27.922,-67.62
-118,0,10.28,-31.474,-71.14
-118,0,10.32,-30.962,-70.59
-118,0,10.36,-29.286,-68.87
-118,0,10.4,-33.85,-73.39
-118,0,10.44,-51.904,-91.44
-118,0,10.48,-28.648,-68.18
-118,0,10.52,-34.782,-74.39
-118,0,10.56,-35.406,-75.17
-118,0,10.6,-29.02,-68.94
-118,0,10.64,-31.538,-71.55
-118,0,10.68,-30.516,-70.62
-118,0,10.72,-33.866,-74.04
-118,0,10.76,-31.228,-71.45
-118,0,10.8,-32.61,-72.88
-118,0,10.84,-30.89,-71.06
-118,0,10.88,-28.04,-68.11
-118,0,10.92,-31.332,-71.34
-118,0,10.96,-32.896,-72.88
-118,0,11,-30.65,-70.61
-118,0,11.04,-33.776,-73.84
-118,0,11.08,-39.142,-79.31
-118,0,11.12,-34.536,-74.78
-118,0,11.16,-24.958,-65.25
-118,0,11.2,-28.05,-68.39
-118,0,11.24,-25.898,-66.29
-118,0,11.28,-24.696,-65.14
-118,0,11.32,-21.494,-62.01
-118,0,11.36,-21.272,-61.88
-118,0,11.4,-19.08,-59.78
-118,0,11.44,-21.922,-62.67
-118,0,11.48,-24.174,-64.97
-118,0,11.52,-20.68,-61.51
-118,0,11.56,-20.96,-61.81
-118,0,11.6,-16.87,-57.74
-118,0,11.64,-15.566,-56.52
-118,0,11.68,-15.262,-56.3
-118,0,11.72,-15.338,-56.43
-118,0,11.76,-15.654,-56.77
-118,0,11.8,-15.31,-56.45
-118,0,11.84,-14.496,-55.58
-118,0,11.88,-13.312,-54.34
-118,0,11.92,-13.884,-55.01
-118,0,11.96,-12.762,-54.14
-118,0,12,-13.03,-54.66
-117,0,8,-21.24,-55.86
-117,0,8.04,-20.458,-55.17
-117,0,8.08,-20.026,-54.83
-117,0,8.12,-19.642,-54.53
-117,0,8.16,-21.796,-56.76
-117,0,8.2,-27.5,-62.54
-117,0,8.24,-32.322,-67.43
-117,0,8.28,-22.324,-57.5
-117,0,8.32,-19.416,-54.66
-117,0,8.36,-20.008,-55.32
-117,0,8.4,-22.37,-57.75
-117,0,8.44,-23.562,-59.15
-117,0,8.48,-28.794,-64.59
-117,0,8.52,-23.544,-59.57
-117,0,8.56,-21.612,-57.89
-117,0,8.6,-20.17,-56.7
-117,0,8.64,-20.464,-57.31
-117,0,8.68,-20.368,-57.53
-117,0,8.72,-22.408,-59.71
-117,0,8.76,-27.914,-65.18
-117,0,8.8,-33.92,-71.15
-117,0,8.84,-33.154,-70.34
-117,0,8.88,-34.738,-71.88
-117,0,8.92,-27.414,-64.62
-117,0,8.96,-23.022,-60.4
-117,0,9,-21.88,-59.43
-117,0,9.04,-24.124,-61.91
-117,0,9.08,-25.898,-63.92
-117,0,9.12,-23.716,-62
-117,0,9.16,-25.558,-64.13
-117,0,9.2,-21.5,-60.36
-117,0,9.24,-21.1,-59.7
-117,0,9.28,-25.3,-63.64
-117,0,9.32,-24.638,-62.8
-117,0,9.36,-23.644,-61.71
-117,0,9.4,-31.2,-69.17
-117,0,9.44,-29.584,-67.69
-117,0,9.48,-30.568,-68.81
-117,0,9.52,-25.452,-63.83
-117,0,9.56,-27.996,-66.51
-117,0,9.6,-23.73,-62.38
-117,0,9.64,-29.92,-68.69
-117,0,9.68,-31.14,-70.03
-117,0,9.72,-31.988,-70.97
-117,0,9.76,-30.754,-69.8
-117,0,9.8,-26.42,-65.53
-117,0,9.84,-27.716,-66.83
-117,0,9.88,-26.162,-65.28
-117,0,9.92,-29.83,-68.94
-117,0,9.96,-28.06,-67.15
-117,0,10,-31.78,-70.85
-117,0,10.04,-25.194,-64.44
-117,0,10.08,-29.198,-68.62
-117,0,10.12,-24.736,-64.29
-117,0,10.16,-29.538,-69.18
-117,0,10.2,-25.7,-65.43
-117,0,10.24,-37.742,-77.44
-117,0,10.28,-34.564,-74.23
-117,0,10.32,-30.822,-70.45
-117,0,10.36,-31.426,-71.01
-117,0,10.4,-31.31,-70.85
-117,0,10.44,-30.514,-70.05
-117,0,10.48,-27.998,-67.53
-117,0,10.52,-31.432,-71.04
-117,0,10.56,-29.046,-68.81
-117,0,10.6,-30.4,-70.32
-117,0,10.64,-26.528,-66.54
-117,0,10.68,-28.636,-68.74
-117,0,10.72,-32.436,-72.61
-117,0,10.76,-49.228,-89.45
-117,0,10.8,-39.56,-79.83
-117,0,10.84,-29.52,-69.69
-117,0,10.88,-32.4,-72.47
-117,0,10.92,-30.472,-70.48
-117,0,10.96,-31.276,-71.26
-117,0,11,-30.13,-70.09
-117,0,11.04,-46.846,-86.91
-117,0,11.08,-45.072,-85.24
-117,0,11.12,-45.646,-85.89
-117,0,11.16,-46.608,-86.9
-117,0,11.2,-25.07,-65.41
-117,0,11.24,-23.408,-63.8
-117,0,11.28,-19.326,-59.77
-117,0,11.32,-20.254,-60.77
-117,0,11.36,-19.342,-59.95
-117,0,11.4,-21.02,-61.72
-117,0,11.44,-20.772,-61.52
-117,0,11.48,-25.014,-65.81
-117,0,11.52,-22.86,-63.69
-117,0,11.56,-18.97,-59.82
-117,0,11.6,-17.02,-57.89
-117,0,11.64,-13.776,-54.73
-117,0,11.68,-13.692,-54.73
-117,0,11.72,-14.588,-55.68
-117,0,11.76,-14.804,-55.92
-117,0,11.8,-13.4,-54.54
-117,0,11.84,-12.136,-53.22
-117,0,11.88,-11.872,-52.9
-117,0,11.92,-11.104,-52.23
-117,0,11.96,-10.992,-52.37
-117,0,12,-10.91,-52.54
-116,0,8,-21.69,-56.31
-116,0,8.04,-21.038,-55.75
-116,0,8.08,-20.946,-55.75
-116,0,8.12,-21.312,-56.2
-116,0,8.16,-25.096,-60.06
-116,0,8.2,-32.01,-67.05
-116,0,8.24,-25.052,-60.16
-116,0,8.28,-22.374,-57.55
-116,0,8.32,-19.626,-54.87
-116,0,8.36,-20.838,-56.15
-116,0,8.4,-20.84,-56.22
-116,0,8.44,-24.232,-59.82
-116,0,8.48,-31.834,-67.63
-116,0,8.52,-24.844,-60.87
-116,0,8.56,-20.892,-57.17
-116,0,8.6,-20.6,-57.13
-116,0,8.64,-19.764,-56.61
-116,0,8.68,-19.068,-56.23
-116,0,8.72,-21.238,-58.54
-116,0,8.76,-27.024,-64.29
-116,0,8.8,-26.66,-63.89
-116,0,8.84,-36.904,-74.09
-116,0,8.88,-29.658,-66.8
-116,0,8.92,-27.164,-64.37
-116,0,8.96,-26.352,-63.73
-116,0,9,-21,-58.55
-116,0,9.04,-25.684,-63.47
-116,0,9.08,-26.278,-64.3
-116,0,9.12,-24.406,-62.69
-116,0,9.16,-29.528,-68.1
-116,0,9.2,-23.46,-62.32
-116,0,9.24,-22.97,-61.57
-116,0,9.28,-27.41,-65.75
-116,0,9.32,-23.978,-62.14
-116,0,9.36,-22.184,-60.25
-116,0,9.4,-30.37,-68.34
-116,0,9.44,-36.634,-74.74
-116,0,9.48,-30.608,-68.85
-116,0,9.52,-32.692,-71.07
-116,0,9.56,-27.186,-65.7
-116,0,9.6,-25.05,-63.7
-116,0,9.64,-37.94,-76.71
-116,0,9.68,-26.76,-65.65
-116,0,9.72,-31.598,-70.58
-116,0,9.76,-26.904,-65.95
-116,0,9.8,-28.84,-67.95
-116,0,9.84,-31.126,-70.24
-116,0,9.88,-28.452,-67.57
-116,0,9.92,-32.21,-71.32
-116,0,9.96,-30.04,-69.13
-116,0,10,-26.96,-66.03
-116,0,10.04,-30.214,-69.46
-116,0,10.08,-27.888,-67.31
-116,0,10.12,-23.586,-63.14
-116,0,10.16,-29.878,-69.52
-116,0,10.2,-25.29,-65.02
-116,0,10.24,-32.632,-72.33
-116,0,10.28,-30.174,-69.84
-116,0,10.32,-30.562,-70.19
-116,0,10.36,-24.856,-64.44
-116,0,10.4,-28.7,-68.24
-116,0,10.44,-39.934,-79.47
-116,0,10.48,-35.498,-75.03
-116,0,10.52,-32.412,-72.02
-116,0,10.56,-39.926,-79.69
-116,0,10.6,-25.55,-65.47
-116,0,10.64,-28.748,-68.76
-116,0,10.68,-29.886,-69.99
-116,0,10.72,-30.126,-70.3
-116,0,10.76,-33.288,-73.51
-116,0,10.8,-35.32,-75.59
-116,0,10.84,-27.86,-68.03
-116,0,10.88,-30.11,-70.18
-116,0,10.92,-37.072,-77.08
-116,0,10.96,-36.616,-76.6
-116,0,11,-35.36,-75.32
-116,0,11.04,-31.716,-71.78
-116,0,11.08,-26.202,-66.37
-116,0,11.12,-31.846,-72.09
-116,0,11.16,-33.948,-74.24
-116,0,11.2,-27.95,-68.29
-116,0,11.24,-25.478,-65.87
-116,0,11.28,-19.476,-59.92
-116,0,11.32,-16.674,-57.19
-116,0,11.36,-18.452,-59.06
-116,0,11.4,-21.62,-62.32
-116,0,11.44,-24.872,-65.62
-116,0,11.48,-31.244,-72.04
-116,0,11.52,-22.75,-63.58
-116,0,11.56,-18.76,-59.61
-116,0,11.6,-15.1,-55.97
-116,0,11.64,-13.896,-54.85
-116,0,11.68,-14.102,-55.14
-116,0,11.72,-13.878,-54.97
-116,0,11.76,-13.314,-54.43
-116,0,11.8,-13.05,-54.19
-116,0,11.84,-12.316,-53.4
-116,0,11.88,-10.492,-51.52
-116,0,11.92,-10.214,-51.34
-116,0,11.96,-9.35199999999999,-50.73
-116,0,12,-9.86,-51.49
-115,0,8,-25.56,-60.18
-115,0,8.04,-23.138,-57.85
-115,0,8.08,-22.216,-57.02
-115,0,8.12,-23.452,-58.34
-115,0,8.16,-32.506,-67.47
-115,0,8.2,-30.96,-66
-115,0,8.24,-22.932,-58.04
-115,0,8.28,-21.544,-56.72
-115,0,8.32,-20.246,-55.49
-115,0,8.36,-19.458,-54.77
-115,0,8.4,-22.08,-57.46
-115,0,8.44,-24.872,-60.46
-115,0,8.48,-35.384,-71.18
-115,0,8.52,-24.984,-61.01
-115,0,8.56,-22.062,-58.34
-115,0,8.6,-20.49,-57.02
-115,0,8.64,-19.834,-56.68
-115,0,8.68,-20.978,-58.14
-115,0,8.72,-21.438,-58.74
-115,0,8.76,-29.784,-67.05
-115,0,8.8,-29.68,-66.91
-115,0,8.84,-34.564,-71.75
-115,0,8.88,-31.778,-68.92
-115,0,8.92,-35.094,-72.3
-115,0,8.96,-24.772,-62.15
-115,0,9,-20.57,-58.12
-115,0,9.04,-26.844,-64.63
-115,0,9.08,-27.368,-65.39
-115,0,9.12,-24.996,-63.28
-115,0,9.16,-33.608,-72.18
-115,0,9.2,-26.09,-64.95
-115,0,9.24,-23.02,-61.62
-115,0,9.28,-28.22,-66.56
-115,0,9.32,-25.168,-63.33
-115,0,9.36,-25.444,-63.51
-115,0,9.4,-28.15,-66.12
-115,0,9.44,-30.204,-68.31
-115,0,9.48,-36.308,-74.55
-115,0,9.52,-30.902,-69.28
-115,0,9.56,-35.796,-74.31
-115,0,9.6,-26.74,-65.39
-115,0,9.64,-31.41,-70.18
-115,0,9.68,-31.89,-70.78
-115,0,9.72,-30.838,-69.82
-115,0,9.76,-26.314,-65.36
-115,0,9.8,-25.72,-64.83
-115,0,9.84,-29.906,-69.02
-115,0,9.88,-31.572,-70.69
-115,0,9.92,-37.05,-76.16
-115,0,9.96,-27.59,-66.68
-115,0,10,-25.37,-64.44
-115,0,10.04,-23.804,-63.05
-115,0,10.08,-24.648,-64.07
-115,0,10.12,-26.106,-65.66
-115,0,10.16,-33.528,-73.17
-115,0,10.2,-28.57,-68.3
-115,0,10.24,-31.562,-71.26
-115,0,10.28,-29.734,-69.4
-115,0,10.32,-28.412,-68.04
-115,0,10.36,-29.966,-69.55
-115,0,10.4,-29.59,-69.13
-115,0,10.44,-32.134,-71.67
-115,0,10.48,-32.578,-72.11
-115,0,10.52,-35.182,-74.79
-115,0,10.56,-27.516,-67.28
-115,0,10.6,-27.26,-67.18
-115,0,10.64,-28.878,-68.89
-115,0,10.68,-26.826,-66.93
-115,0,10.72,-29.736,-69.91
-115,0,10.76,-29.198,-69.42
-115,0,10.8,-26.86,-67.13
-115,0,10.84,-35.45,-75.62
-115,0,10.88,-39.63,-79.7
-115,0,10.92,-37.352,-77.36
-115,0,10.96,-31.316,-71.3
-115,0,11,-28.32,-68.28
-115,0,11.04,-25.926,-65.99
-115,0,11.08,-28.082,-68.25
-115,0,11.12,-26.476,-66.72
-115,0,11.16,-27.338,-67.63
-115,0,11.2,-24.91,-65.25
-115,0,11.24,-23.258,-63.65
-115,0,11.28,-19.676,-60.12
-115,0,11.32,-17.434,-57.95
-115,0,11.36,-21.082,-61.69
-115,0,11.4,-22.62,-63.32
-115,0,11.44,-25.882,-66.63
-115,0,11.48,-27.294,-68.09
-115,0,11.52,-21.47,-62.3
-115,0,11.56,-18.81,-59.66
-115,0,11.6,-16.72,-57.59
-115,0,11.64,-15.966,-56.92
-115,0,11.68,-14.802,-55.84
-115,0,11.72,-14.318,-55.41
-115,0,11.76,-13.674,-54.79
-115,0,11.8,-12.61,-53.75
-115,0,11.84,-11.896,-52.98
-115,0,11.88,-11.382,-52.41
-115,0,11.92,-10.384,-51.51
-115,0,11.96,-9.682,-51.06
-115,0,12,-10.5,-52.13
-114,0,8,-31.38,-66
-114,0,8.04,-23.218,-57.93
-114,0,8.08,-24.716,-59.52
-114,0,8.12,-25.202,-60.09
-114,0,8.16,-38.286,-73.25
-114,0,8.2,-29.89,-64.93
-114,0,8.24,-23.262,-58.37
-114,0,8.28,-20.754,-55.93
-114,0,8.32,-20.426,-55.67
-114,0,8.36,-20.088,-55.4
-114,0,8.4,-21.47,-56.85
-114,0,8.44,-24.282,-59.87
-114,0,8.48,-43.154,-78.95
-114,0,8.52,-25.784,-61.81
-114,0,8.56,-21.772,-58.05
-114,0,8.6,-20.16,-56.69
-114,0,8.64,-21.344,-58.19
-114,0,8.68,-20.848,-58.01
-114,0,8.72,-22.698,-60
-114,0,8.76,-24.514,-61.78
-114,0,8.8,-29.14,-66.37
-114,0,8.84,-31.154,-68.34
-114,0,8.88,-38.348,-75.49
-114,0,8.92,-29.804,-67.01
-114,0,8.96,-26.122,-63.5
-114,0,9,-25,-62.55
-114,0,9.04,-30.604,-68.39
-114,0,9.08,-26.718,-64.74
-114,0,9.12,-25.596,-63.88
-114,0,9.16,-32.928,-71.5
-114,0,9.2,-32.34,-71.2
-114,0,9.24,-26.87,-65.47
-114,0,9.28,-27.14,-65.48
-114,0,9.32,-22.378,-60.54
-114,0,9.36,-25.194,-63.26
-114,0,9.4,-27.35,-65.32
-114,0,9.44,-29.484,-67.59
-114,0,9.48,-31.388,-69.63
-114,0,9.52,-50.902,-89.28
-114,0,9.56,-39.346,-77.86
-114,0,9.6,-43.86,-82.51
-114,0,9.64,-31.51,-70.28
-114,0,9.68,-28.01,-66.9
-114,0,9.72,-32.538,-71.52
-114,0,9.76,-28.414,-67.46
-114,0,9.8,-34.37,-73.48
-114,0,9.84,-35.036,-74.15
-114,0,9.88,-27.702,-66.82
-114,0,9.92,-40.73,-79.84
-114,0,9.96,-31,-70.09
-114,0,10,-28.09,-67.16
-114,0,10.04,-38.934,-78.18
-114,0,10.08,-27.768,-67.19
-114,0,10.12,-27.096,-66.65
-114,0,10.16,-29.648,-69.29
-114,0,10.2,-36.34,-76.07
-114,0,10.24,-33.352,-73.05
-114,0,10.28,-32.604,-72.27
-114,0,10.32,-30.182,-69.81
-114,0,10.36,-27.126,-66.71
-114,0,10.4,-40.14,-79.68
-114,0,10.44,-25.444,-64.98
-114,0,10.48,-28.498,-68.03
-114,0,10.52,-50.652,-90.26
-114,0,10.56,-35.386,-75.15
-114,0,10.6,-31.68,-71.6
-114,0,10.64,-41.018,-81.03
-114,0,10.68,-25.686,-65.79
-114,0,10.72,-25.236,-65.41
-114,0,10.76,-26.668,-66.89
-114,0,10.8,-26.2,-66.47
-114,0,10.84,-28.69,-68.86
-114,0,10.88,-33.08,-73.15
-114,0,10.92,-26.232,-66.24
-114,0,10.96,-26.016,-66
-114,0,11,-25.55,-65.51
-114,0,11.04,-23.476,-63.54
-114,0,11.08,-25.212,-65.38
-114,0,11.12,-24.776,-65.02
-114,0,11.16,-26.018,-66.31
-114,0,11.2,-26.47,-66.81
-114,0,11.24,-24.688,-65.08
-114,0,11.28,-20.766,-61.21
-114,0,11.32,-20.614,-61.13
-114,0,11.36,-19.992,-60.6
-114,0,11.4,-23.42,-64.12
-114,0,11.44,-29.852,-70.6
-114,0,11.48,-27.894,-68.69
-114,0,11.52,-25.9,-66.73
-114,0,11.56,-23.06,-63.91
-114,0,11.6,-20.34,-61.21
-114,0,11.64,-16.296,-57.25
-114,0,11.68,-15.682,-56.72
-114,0,11.72,-16.628,-57.72
-114,0,11.76,-14.994,-56.11
-114,0,11.8,-15.46,-56.6
-114,0,11.84,-12.946,-54.03
-114,0,11.88,-12.522,-53.55
-114,0,11.92,-11.114,-52.24
-114,0,11.96,-10.422,-51.8
-114,0,12,-12.06,-53.69
-113,0,8,-30.84,-65.46
-113,0,8.04,-28.548,-63.26
-113,0,8.08,-27.496,-62.3
-113,0,8.12,-27.892,-62.78
-113,0,8.16,-31.816,-66.78
-113,0,8.2,-30.73,-65.77
-113,0,8.24,-23.032,-58.14
-113,0,8.28,-20.714,-55.89
-113,0,8.32,-21.796,-57.04
-113,0,8.36,-20.288,-55.6
-113,0,8.4,-20.7,-56.08
-113,0,8.44,-24.722,-60.31
-113,0,8.48,-38.434,-74.23
-113,0,8.52,-28.384,-64.41
-113,0,8.56,-24.952,-61.23
-113,0,8.6,-22.34,-58.87
-113,0,8.64,-20.724,-57.57
-113,0,8.68,-20.118,-57.28
-113,0,8.72,-23.018,-60.32
-113,0,8.76,-23.864,-61.13
-113,0,8.8,-29.98,-67.21
-113,0,8.84,-32.444,-69.63
-113,0,8.88,-37.568,-74.71
-113,0,8.92,-30.864,-68.07
-113,0,8.96,-25.502,-62.88
-113,0,9,-26.11,-63.66
-113,0,9.04,-29.574,-67.36
-113,0,9.08,-25.498,-63.52
-113,0,9.12,-29.876,-68.16
-113,0,9.16,-32.308,-70.88
-113,0,9.2,-25.05,-63.91
-113,0,9.24,-27.39,-65.99
-113,0,9.28,-27.28,-65.62
-113,0,9.32,-26.258,-64.42
-113,0,9.36,-29.354,-67.42
-113,0,9.4,-28.79,-66.76
-113,0,9.44,-29.374,-67.48
-113,0,9.48,-32.558,-70.8
-113,0,9.52,-32.432,-70.81
-113,0,9.56,-28.666,-67.18
-113,0,9.6,-35.57,-74.22
-113,0,9.64,-30.98,-69.75
-113,0,9.68,-27.8,-66.69
-113,0,9.72,-39.618,-78.6
-113,0,9.76,-35.834,-74.88
-113,0,9.8,-33.3,-72.41
-113,0,9.84,-33.836,-72.95
-113,0,9.88,-30.862,-69.98
-113,0,9.92,-35.62,-74.73
-113,0,9.96,-27.51,-66.6
-113,0,10,-27.41,-66.48
-113,0,10.04,-28.494,-67.74
-113,0,10.08,-32.248,-71.67
-113,0,10.12,-30.676,-70.23
-113,0,10.16,-32.018,-71.66
-113,0,10.2,-38.08,-77.81
-113,0,10.24,-34.222,-73.92
-113,0,10.28,-33.984,-73.65
-113,0,10.32,-36.262,-75.89
-113,0,10.36,-33.926,-73.51
-113,0,10.4,-40.48,-80.02
-113,0,10.44,-29.494,-69.03
-113,0,10.48,-30.238,-69.77
-113,0,10.52,-44.222,-83.83
-113,0,10.56,-32.666,-72.43
-113,0,10.6,-32.02,-71.94
-113,0,10.64,-30.628,-70.64
-113,0,10.68,-30.056,-70.16
-113,0,10.72,-30.956,-71.13
-113,0,10.76,-26.588,-66.81
-113,0,10.8,-24.65,-64.92
-113,0,10.84,-30.09,-70.26
-113,0,10.88,-31.52,-71.59
-113,0,10.92,-35.632,-75.64
-113,0,10.96,-30.916,-70.9
-113,0,11,-23.54,-63.5
-113,0,11.04,-28.166,-68.23
-113,0,11.08,-23.792,-63.96
-113,0,11.12,-30.026,-70.27
-113,0,11.16,-29.318,-69.61
-113,0,11.2,-34.27,-74.61
-113,0,11.24,-33.238,-73.63
-113,0,11.28,-23.726,-64.17
-113,0,11.32,-24.254,-64.77
-113,0,11.36,-21.962,-62.57
-113,0,11.4,-25.01,-65.71
-113,0,11.44,-29.872,-70.62
-113,0,11.48,-34.224,-75.02
-113,0,11.52,-25.53,-66.36
-113,0,11.56,-25.14,-65.99
-113,0,11.6,-23.57,-64.44
-113,0,11.64,-18.706,-59.66
-113,0,11.68,-17.212,-58.25
-113,0,11.72,-18.148,-59.24
-113,0,11.76,-15.734,-56.85
-113,0,11.8,-15.19,-56.33
-113,0,11.84,-13.696,-54.78
-113,0,11.88,-13.942,-54.97
-113,0,11.92,-13.234,-54.36
-113,0,11.96,-12.582,-53.96
-113,0,12,-13.68,-55.31
-112,0,8,-26.06,-60.68
-112,0,8.04,-26.478,-61.19
-112,0,8.08,-29.326,-64.13
-112,0,8.12,-25.912,-60.8
-112,0,8.16,-29.296,-64.26
-112,0,8.2,-27.48,-62.52
-112,0,8.24,-23.332,-58.44
-112,0,8.28,-22.134,-57.31
-112,0,8.32,-20.766,-56.01
-112,0,8.36,-21.728,-57.04
-112,0,8.4,-22.95,-58.33
-112,0,8.44,-27.832,-63.42
-112,0,8.48,-39.474,-75.27
-112,0,8.52,-29.974,-66
-112,0,8.56,-25.662,-61.94
-112,0,8.6,-23.83,-60.36
-112,0,8.64,-21.934,-58.78
-112,0,8.68,-22.858,-60.02
-112,0,8.72,-23.898,-61.2
-112,0,8.76,-25.034,-62.3
-112,0,8.8,-27.21,-64.44
-112,0,8.84,-32.304,-69.49
-112,0,8.88,-32.418,-69.56
-112,0,8.92,-30.044,-67.25
-112,0,8.96,-31.402,-68.78
-112,0,9,-31.87,-69.42
-112,0,9.04,-41.424,-79.21
-112,0,9.08,-29.658,-67.68
-112,0,9.12,-28.066,-66.35
-112,0,9.16,-29.718,-68.29
-112,0,9.2,-33.02,-71.88
-112,0,9.24,-34.24,-72.84
-112,0,9.28,-28.37,-66.71
-112,0,9.32,-24.798,-62.96
-112,0,9.36,-30.884,-68.95
-112,0,9.4,-29.9,-67.87
-112,0,9.44,-27.784,-65.89
-112,0,9.48,-30.488,-68.73
-112,0,9.52,-29.492,-67.87
-112,0,9.56,-35.866,-74.38
-112,0,9.6,-34.15,-72.8
-112,0,9.64,-30.75,-69.52
-112,0,9.68,-26.7,-65.59
-112,0,9.72,-40.578,-79.56
-112,0,9.76,-34.194,-73.24
-112,0,9.8,-32.97,-72.08
-112,0,9.84,-34.496,-73.61
-112,0,9.88,-30.222,-69.34
-112,0,9.92,-34.25,-73.36
-112,0,9.96,-28.04,-67.13
-112,0,10,-24.9,-63.97
-112,0,10.04,-34.244,-73.49
-112,0,10.08,-41.608,-81.03
-112,0,10.12,-27.656,-67.21
-112,0,10.16,-30.098,-69.74
-112,0,10.2,-27.05,-66.78
-112,0,10.24,-43.952,-83.65
-112,0,10.28,-37.114,-76.78
-112,0,10.32,-38.102,-77.73
-112,0,10.36,-50.546,-90.13
-112,0,10.4,-28.96,-68.5
-112,0,10.44,-34.094,-73.63
-112,0,10.48,-28.968,-68.5
-112,0,10.52,-39.802,-79.41
-112,0,10.56,-33.786,-73.55
-112,0,10.6,-38.43,-78.35
-112,0,10.64,-30.298,-70.31
-112,0,10.68,-33.806,-73.91
-112,0,10.72,-26.526,-66.7
-112,0,10.76,-29.998,-70.22
-112,0,10.8,-24.91,-65.18
-112,0,10.84,-31.14,-71.31
-112,0,10.88,-36.5,-76.57
-112,0,10.92,-35.072,-75.08
-112,0,10.96,-27.626,-67.61
-112,0,11,-24.86,-64.82
-112,0,11.04,-26.736,-66.8
-112,0,11.08,-26.162,-66.33
-112,0,11.12,-30.856,-71.1
-112,0,11.16,-25.678,-65.97
-112,0,11.2,-28.36,-68.7
-112,0,11.24,-32.718,-73.11
-112,0,11.28,-22.176,-62.62
-112,0,11.32,-24.394,-64.91
-112,0,11.36,-23.482,-64.09
-112,0,11.4,-21.47,-62.17
-112,0,11.44,-26.402,-67.15
-112,0,11.48,-22.634,-63.43
-112,0,11.52,-22.43,-63.26
-112,0,11.56,-22.27,-63.12
-112,0,11.6,-25.3,-66.17
-112,0,11.64,-18.076,-59.03
-112,0,11.68,-17.812,-58.85
-112,0,11.72,-16.618,-57.71
-112,0,11.76,-16.474,-57.59
-112,0,11.8,-15.22,-56.36
-112,0,11.84,-14.826,-55.91
-112,0,11.88,-13.542,-54.57
-112,0,11.92,-12.694,-53.82
-112,0,11.96,-12.532,-53.91
-112,0,12,-14.42,-56.05
-111,0,8,-22.47,-57.09
-111,0,8.04,-23.998,-58.71
-111,0,8.08,-25.776,-60.58
-111,0,8.12,-27.192,-62.08
-111,0,8.16,-26.126,-61.09
-111,0,8.2,-27.57,-62.61
-111,0,8.24,-25.282,-60.39
-111,0,8.28,-22.434,-57.61
-111,0,8.32,-22.546,-57.79
-111,0,8.36,-22.578,-57.89
-111,0,8.4,-22.21,-57.59
-111,0,8.44,-26.702,-62.29
-111,0,8.48,-38.474,-74.27
-111,0,8.52,-37.094,-73.12
-111,0,8.56,-32.682,-68.96
-111,0,8.6,-26.98,-63.51
-111,0,8.64,-24.124,-60.97
-111,0,8.68,-25.248,-62.41
-111,0,8.72,-24.338,-61.64
-111,0,8.76,-24.374,-61.64
-111,0,8.8,-30.79,-68.02
-111,0,8.84,-33.864,-71.05
-111,0,8.88,-40.278,-77.42
-111,0,8.92,-53.894,-91.1
-111,0,8.96,-29.222,-66.6
-111,0,9,-26.07,-63.62
-111,0,9.04,-35.984,-73.77
-111,0,9.08,-27.048,-65.07
-111,0,9.12,-35.706,-73.99
-111,0,9.16,-26.988,-65.56
-111,0,9.2,-31.7,-70.56
-111,0,9.24,-29.97,-68.57
-111,0,9.28,-35.9,-74.24
-111,0,9.32,-34.238,-72.4
-111,0,9.36,-27.334,-65.4
-111,0,9.4,-28.93,-66.9
-111,0,9.44,-29.484,-67.59
-111,0,9.48,-30.208,-68.45
-111,0,9.52,-28.712,-67.09
-111,0,9.56,-49.146,-87.66
-111,0,9.6,-36.57,-75.22
-111,0,9.64,-30.74,-69.51
-111,0,9.68,-35.34,-74.23
-111,0,9.72,-38.808,-77.79
-111,0,9.76,-35.044,-74.09
-111,0,9.8,-32.05,-71.16
-111,0,9.84,-32.376,-71.49
-111,0,9.88,-30.042,-69.16
-111,0,9.92,-48.91,-88.02
-111,0,9.96,-30.88,-69.97
-111,0,10,-31.42,-70.49
-111,0,10.04,-51.214,-90.46
-111,0,10.08,-27.748,-67.17
-111,0,10.12,-29.936,-69.49
-111,0,10.16,-26.518,-66.16
-111,0,10.2,-29.51,-69.24
-111,0,10.24,-34.052,-73.75
-111,0,10.28,-32.084,-71.75
-111,0,10.32,-40.932,-80.56
-111,0,10.36,-37.896,-77.48
-111,0,10.4,-32.41,-71.95
-111,0,10.44,-29.564,-69.1
-111,0,10.48,-39.288,-78.82
-111,0,10.52,-49.722,-89.33
-111,0,10.56,-31.766,-71.53
-111,0,10.6,-36.31,-76.23
-111,0,10.64,-32.388,-72.4
-111,0,10.68,-34.296,-74.4
-111,0,10.72,-30.716,-70.89
-111,0,10.76,-25.628,-65.85
-111,0,10.8,-23.55,-63.82
-111,0,10.84,-23.78,-63.95
-111,0,10.88,-29.78,-69.85
-111,0,10.92,-36.102,-76.11
-111,0,10.96,-26.076,-66.06
-111,0,11,-37.39,-77.35
-111,0,11.04,-28.356,-68.42
-111,0,11.08,-31.482,-71.65
-111,0,11.12,-28.846,-69.09
-111,0,11.16,-30.858,-71.15
-111,0,11.2,-27.11,-67.45
-111,0,11.24,-22.718,-63.11
-111,0,11.28,-22.566,-63.01
-111,0,11.32,-22.424,-62.94
-111,0,11.36,-25.842,-66.45
-111,0,11.4,-29.44,-70.14
-111,0,11.44,-24.732,-65.48
-111,0,11.48,-22.774,-63.57
-111,0,11.52,-22.15,-62.98
-111,0,11.56,-21.84,-62.69
-111,0,11.6,-19.58,-60.45
-111,0,11.64,-18.376,-59.33
-111,0,11.68,-17.852,-58.89
-111,0,11.72,-15.548,-56.64
-111,0,11.76,-15.014,-56.13
-111,0,11.8,-15.83,-56.97
-111,0,11.84,-15.666,-56.75
-111,0,11.88,-12.832,-53.86
-111,0,11.92,-11.694,-52.82
-111,0,11.96,-12.792,-54.17
-111,0,12,-14.12,-55.75
-110,0,8,-20.75,-55.37
-110,0,8.04,-20.548,-55.26
-110,0,8.08,-22.356,-57.16
-110,0,8.12,-27.812,-62.7
-110,0,8.16,-25.156,-60.12
-110,0,8.2,-29.59,-64.63
-110,0,8.24,-24.982,-60.09
-110,0,8.28,-23.244,-58.42
-110,0,8.32,-22.576,-57.82
-110,0,8.36,-22.328,-57.64
-110,0,8.4,-24.88,-60.26
-110,0,8.44,-26.232,-61.82
-110,0,8.48,-32.784,-68.58
-110,0,8.52,-39.804,-75.83
-110,0,8.56,-38.562,-74.84
-110,0,8.6,-29.89,-66.42
-110,0,8.64,-25.804,-62.65
-110,0,8.68,-24.508,-61.67
-110,0,8.72,-24.258,-61.56
-110,0,8.76,-24.924,-62.19
-110,0,8.8,-27.25,-64.48
-110,0,8.84,-29.304,-66.49
-110,0,8.88,-28.768,-65.91
-110,0,8.92,-52.134,-89.34
-110,0,8.96,-35.512,-72.89
-110,0,9,-37.54,-75.09
-110,0,9.04,-37.354,-75.14
-110,0,9.08,-32.438,-70.46
-110,0,9.12,-34.196,-72.48
-110,0,9.16,-31.088,-69.66
-110,0,9.2,-25.22,-64.08
-110,0,9.24,-29.96,-68.56
-110,0,9.28,-28.44,-66.78
-110,0,9.32,-33.468,-71.63
-110,0,9.36,-32.144,-70.21
-110,0,9.4,-26.36,-64.33
-110,0,9.44,-27.854,-65.96
-110,0,9.48,-30.138,-68.38
-110,0,9.52,-32.702,-71.08
-110,0,9.56,-27.996,-66.51
-110,0,9.6,-30.2,-68.85
-110,0,9.64,-29.57,-68.34
-110,0,9.68,-32.66,-71.55
-110,0,9.72,-38.198,-77.18
-110,0,9.76,-31.344,-70.39
-110,0,9.8,-45.42,-84.53
-110,0,9.84,-36.136,-75.25
-110,0,9.88,-28.322,-67.44
-110,0,9.92,-31.43,-70.54
-110,0,9.96,-31.91,-71
-110,0,10,-25.32,-64.39
-110,0,10.04,-30.584,-69.83
-110,0,10.08,-28.378,-67.8
-110,0,10.12,-23.586,-63.14
-110,0,10.16,-30.468,-70.11
-110,0,10.2,-26.12,-65.85
-110,0,10.24,-32.612,-72.31
-110,0,10.28,-37.984,-77.65
-110,0,10.32,-33.822,-73.45
-110,0,10.36,-32.276,-71.86
-110,0,10.4,-25.38,-64.92
-110,0,10.44,-25.704,-65.24
-110,0,10.48,-25.648,-65.18
-110,0,10.52,-42.292,-81.9
-110,0,10.56,-35.446,-75.21
-110,0,10.6,-32.25,-72.17
-110,0,10.64,-32.168,-72.18
-110,0,10.68,-30.866,-70.97
-110,0,10.72,-29.726,-69.9
-110,0,10.76,-25.098,-65.32
-110,0,10.8,-25.3,-65.57
-110,0,10.84,-28.78,-68.95
-110,0,10.88,-32.99,-73.06
-110,0,10.92,-33.242,-73.25
-110,0,10.96,-32.776,-72.76
-110,0,11,-41.15,-81.11
-110,0,11.04,-37.246,-77.31
-110,0,11.08,-30.452,-70.62
-110,0,11.12,-25.476,-65.72
-110,0,11.16,-24.208,-64.5
-110,0,11.2,-25.58,-65.92
-110,0,11.24,-23.208,-63.6
-110,0,11.28,-19.816,-60.26
-110,0,11.32,-22.944,-63.46
-110,0,11.36,-25.482,-66.09
-110,0,11.4,-21.91,-62.61
-110,0,11.44,-22.362,-63.11
-110,0,11.48,-21.554,-62.35
-110,0,11.52,-21.28,-62.11
-110,0,11.56,-18.88,-59.73
-110,0,11.6,-19.24,-60.11
-110,0,11.64,-17.126,-58.08
-110,0,11.68,-16.012,-57.05
-110,0,11.72,-15.698,-56.79
-110,0,11.76,-15.064,-56.18
-110,0,11.8,-14.34,-55.48
-110,0,11.84,-12.676,-53.76
-110,0,11.88,-11.362,-52.39
-110,0,11.92,-11.674,-52.8
-110,0,11.96,-11.432,-52.81
-110,0,12,-13.25,-54.88
-109,0,8,-19.04,-53.66
-109,0,8.04,-19.998,-54.71
-109,0,8.08,-22.256,-57.06
-109,0,8.12,-23.462,-58.35
-109,0,8.16,-28.306,-63.27
-109,0,8.2,-31.34,-66.38
-109,0,8.24,-29.122,-64.23
-109,0,8.28,-26.804,-61.98
-109,0,8.32,-22.856,-58.1
-109,0,8.36,-23.158,-58.47
-109,0,8.4,-23.87,-59.25
-109,0,8.44,-25.852,-61.44
-109,0,8.48,-30.664,-66.46
-109,0,8.52,-31.824,-67.85
-109,0,8.56,-38.072,-74.35
-109,0,8.6,-30.68,-67.21
-109,0,8.64,-28.544,-65.39
-109,0,8.68,-26.598,-63.76
-109,0,8.72,-25.188,-62.49
-109,0,8.76,-24.284,-61.55
-109,0,8.8,-31.69,-68.92
-109,0,8.84,-31.524,-68.71
-109,0,8.88,-32.898,-70.04
-109,0,8.92,-44.934,-82.14
-109,0,8.96,-35.762,-73.14
-109,0,9,-26.88,-64.43
-109,0,9.04,-33.334,-71.12
-109,0,9.08,-40.758,-78.78
-109,0,9.12,-35.326,-73.61
-109,0,9.16,-26.518,-65.09
-109,0,9.2,-32.31,-71.17
-109,0,9.24,-36.48,-75.08
-109,0,9.28,-31.77,-70.11
-109,0,9.32,-28.868,-67.03
-109,0,9.36,-31.034,-69.1
-109,0,9.4,-29.72,-67.69
-109,0,9.44,-32.924,-71.03
-109,0,9.48,-29.928,-68.17
-109,0,9.52,-25.052,-63.43
-109,0,9.56,-25.986,-64.5
-109,0,9.6,-28.81,-67.46
-109,0,9.64,-28.14,-66.91
-109,0,9.68,-32.41,-71.3
-109,0,9.72,-43.088,-82.07
-109,0,9.76,-29.544,-68.59
-109,0,9.8,-36.62,-75.73
-109,0,9.84,-34.816,-73.93
-109,0,9.88,-33.972,-73.09
-109,0,9.92,-33.77,-72.88
-109,0,9.96,-31.1,-70.19
-109,0,10,-33.28,-72.35
-109,0,10.04,-48.394,-87.64
-109,0,10.08,-31.658,-71.08
-109,0,10.12,-30.896,-70.45
-109,0,10.16,-26.998,-66.64
-109,0,10.2,-29.73,-69.46
-109,0,10.24,-29.852,-69.55
-109,0,10.28,-30.544,-70.21
-109,0,10.32,-47.532,-87.16
-109,0,10.36,-31.386,-70.97
-109,0,10.4,-26.82,-66.36
-109,0,10.44,-25.824,-65.36
-109,0,10.48,-29.968,-69.5
-109,0,10.52,-48.812,-88.42
-109,0,10.56,-44.296,-84.06
-109,0,10.6,-35.76,-75.68
-109,0,10.64,-35.628,-75.64
-109,0,10.68,-27.966,-68.07
-109,0,10.72,-27.396,-67.57
-109,0,10.76,-22.038,-62.26
-109,0,10.8,-25.41,-65.68
-109,0,10.84,-28.27,-68.44
-109,0,10.88,-37.83,-77.9
-109,0,10.92,-35.042,-75.05
-109,0,10.96,-36.006,-75.99
-109,0,11,-30.21,-70.17
-109,0,11.04,-27.866,-67.93
-109,0,11.08,-29.092,-69.26
-109,0,11.12,-22.916,-63.16
-109,0,11.16,-24.818,-65.11
-109,0,11.2,-26.7,-67.04
-109,0,11.24,-22.268,-62.66
-109,0,11.28,-21.286,-61.73
-109,0,11.32,-24.304,-64.82
-109,0,11.36,-26.502,-67.11
-109,0,11.4,-23.42,-64.12
-109,0,11.44,-23.012,-63.76
-109,0,11.48,-20.404,-61.2
-109,0,11.52,-18.28,-59.11
-109,0,11.56,-20.65,-61.5
-109,0,11.6,-17.98,-58.85
-109,0,11.64,-16.496,-57.45
-109,0,11.68,-15.232,-56.27
-109,0,11.72,-13.798,-54.89
-109,0,11.76,-14.594,-55.71
-109,0,11.8,-15.46,-56.6
-109,0,11.84,-13.396,-54.48
-109,0,11.88,-10.792,-51.82
-109,0,11.92,-10.344,-51.47
-109,0,11.96,-11.002,-52.38
-109,0,12,-12.93,-54.56
-108,0,8,-17.39,-52.01
-108,0,8.04,-18.278,-52.99
-108,0,8.08,-20.066,-54.87
-108,0,8.12,-23.642,-58.53
-108,0,8.16,-26.806,-61.77
-108,0,8.2,-37,-72.04
-108,0,8.24,-29.312,-64.42
-108,0,8.28,-27.814,-62.99
-108,0,8.32,-22.036,-57.28
-108,0,8.36,-22.308,-57.62
-108,0,8.4,-22.46,-57.84
-108,0,8.44,-26.912,-62.5
-108,0,8.48,-26.204,-62
-108,0,8.52,-31.094,-67.12
-108,0,8.56,-36.282,-72.56
-108,0,8.6,-33.64,-70.17
-108,0,8.64,-31.104,-67.95
-108,0,8.68,-27.588,-64.75
-108,0,8.72,-25.118,-62.42
-108,0,8.76,-24.354,-61.62
-108,0,8.8,-24.26,-61.49
-108,0,8.84,-28.394,-65.58
-108,0,8.88,-29.008,-66.15
-108,0,8.92,-32.034,-69.24
-108,0,8.96,-32.472,-69.85
-108,0,9,-40.01,-77.56
-108,0,9.04,-35.904,-73.69
-108,0,9.08,-48.678,-86.7
-108,0,9.12,-38.556,-76.84
-108,0,9.16,-29.818,-68.39
-108,0,9.2,-32.42,-71.28
-108,0,9.24,-34.03,-72.63
-108,0,9.28,-33.35,-71.69
-108,0,9.32,-30.608,-68.77
-108,0,9.36,-27.814,-65.88
-108,0,9.4,-34.66,-72.63
-108,0,9.44,-32.074,-70.18
-108,0,9.48,-27.358,-65.6
-108,0,9.52,-28.522,-66.9
-108,0,9.56,-26.976,-65.49
-108,0,9.6,-27.21,-65.86
-108,0,9.64,-28.96,-67.73
-108,0,9.68,-36.44,-75.33
-108,0,9.72,-41.308,-80.29
-108,0,9.76,-35.514,-74.56
-108,0,9.8,-37.86,-76.97
-108,0,9.84,-29.396,-68.51
-108,0,9.88,-28.002,-67.12
-108,0,9.92,-27.4,-66.51
-108,0,9.96,-30.04,-69.13
-108,0,10,-27.6,-66.67
-108,0,10.04,-49.004,-88.25
-108,0,10.08,-32.238,-71.66
-108,0,10.12,-32.316,-71.87
-108,0,10.16,-31.878,-71.52
-108,0,10.2,-30.89,-70.62
-108,0,10.24,-28.782,-68.48
-108,0,10.28,-44.834,-84.5
-108,0,10.32,-40.862,-80.49
-108,0,10.36,-39.696,-79.28
-108,0,10.4,-28.06,-67.6
-108,0,10.44,-26.904,-66.44
-108,0,10.48,-29.048,-68.58
-108,0,10.52,-31.682,-71.29
-108,0,10.56,-34.636,-74.4
-108,0,10.6,-34.49,-74.41
-108,0,10.64,-30.918,-70.93
-108,0,10.68,-33.826,-73.93
-108,0,10.72,-25.296,-65.47
-108,0,10.76,-24.378,-64.6
-108,0,10.8,-26.78,-67.05
-108,0,10.84,-34.83,-75
-108,0,10.88,-43.97,-84.04
-108,0,10.92,-35.052,-75.06
-108,0,10.96,-46.476,-86.46
-108,0,11,-27.02,-66.98
-108,0,11.04,-26.896,-66.96
-108,0,11.08,-30.132,-70.3
-108,0,11.12,-27.236,-67.48
-108,0,11.16,-30.878,-71.17
-108,0,11.2,-29.21,-69.55
-108,0,11.24,-23.518,-63.91
-108,0,11.28,-22.176,-62.62
-108,0,11.32,-27.034,-67.55
-108,0,11.36,-23.872,-64.48
-108,0,11.4,-21.34,-62.04
-108,0,11.44,-20.062,-60.81
-108,0,11.48,-22.824,-63.62
-108,0,11.52,-19.27,-60.1
-108,0,11.56,-20.37,-61.22
-108,0,11.6,-19.54,-60.41
-108,0,11.64,-18.276,-59.23
-108,0,11.68,-17.322,-58.36
-108,0,11.72,-15.108,-56.2
-108,0,11.76,-15.164,-56.28
-108,0,11.8,-16.73,-57.87
-108,0,11.84,-14.746,-55.83
-108,0,11.88,-12.052,-53.08
-108,0,11.92,-11.494,-52.62
-108,0,11.96,-13.212,-54.59
-108,0,12,-14.44,-56.07
-107,0,8,-16.37,-50.99
-107,0,8.04,-16.568,-51.28
-107,0,8.08,-20.336,-55.14
-107,0,8.12,-24.652,-59.54
-107,0,8.16,-28.306,-63.27
-107,0,8.2,-33.77,-68.81
-107,0,8.24,-31.072,-66.18
-107,0,8.28,-25.924,-61.1
-107,0,8.32,-20.806,-56.05
-107,0,8.36,-19.878,-55.19
-107,0,8.4,-22.49,-57.87
-107,0,8.44,-25.142,-60.73
-107,0,8.48,-24.694,-60.49
-107,0,8.52,-25.674,-61.7
-107,0,8.56,-32.522,-68.8
-107,0,8.6,-40.61,-77.14
-107,0,8.64,-33.304,-70.15
-107,0,8.68,-27.608,-64.77
-107,0,8.72,-24.048,-61.35
-107,0,8.76,-22.994,-60.26
-107,0,8.8,-25.48,-62.71
-107,0,8.84,-25.004,-62.19
-107,0,8.88,-28.718,-65.86
-107,0,8.92,-33.594,-70.8
-107,0,8.96,-31.102,-68.48
-107,0,9,-35.47,-73.02
-107,0,9.04,-38.344,-76.13
-107,0,9.08,-41.378,-79.4
-107,0,9.12,-33.976,-72.26
-107,0,9.16,-33.248,-71.82
-107,0,9.2,-34.78,-73.64
-107,0,9.24,-31.32,-69.92
-107,0,9.28,-30.27,-68.61
-107,0,9.32,-31.778,-69.94
-107,0,9.36,-30.674,-68.74
-107,0,9.4,-36.64,-74.61
-107,0,9.44,-39.224,-77.33
-107,0,9.48,-28.448,-66.69
-107,0,9.52,-25.322,-63.7
-107,0,9.56,-23.366,-61.88
-107,0,9.6,-29.46,-68.11
-107,0,9.64,-29.65,-68.42
-107,0,9.68,-31.68,-70.57
-107,0,9.72,-32.368,-71.35
-107,0,9.76,-54.614,-93.66
-107,0,9.8,-30.88,-69.99
-107,0,9.84,-28.996,-68.11
-107,0,9.88,-29.462,-68.58
-107,0,9.92,-34.03,-73.14
-107,0,9.96,-31.94,-71.03
-107,0,10,-32.2,-71.27
-107,0,10.04,-31.044,-70.29
-107,0,10.08,-46.028,-85.45
-107,0,10.12,-32.576,-72.13
-107,0,10.16,-30.828,-70.47
-107,0,10.2,-29.9,-69.63
-107,0,10.24,-29.432,-69.13
-107,0,10.28,-35.704,-75.37
-107,0,10.32,-33.472,-73.1
-107,0,10.36,-33.826,-73.41
-107,0,10.4,-31.08,-70.62
-107,0,10.44,-25.954,-65.49
-107,0,10.48,-33.898,-73.43
-107,0,10.52,-31.712,-71.32
-107,0,10.56,-35.926,-75.69
-107,0,10.6,-31.1,-71.02
-107,0,10.64,-29.488,-69.5
-107,0,10.68,-32.286,-72.39
-107,0,10.72,-26.386,-66.56
-107,0,10.76,-27.148,-67.37
-107,0,10.8,-33.24,-73.51
-107,0,10.84,-36.16,-76.33
-107,0,10.88,-42.08,-82.15
-107,0,10.92,-31.582,-71.59
-107,0,10.96,-31.156,-71.14
-107,0,11,-25.52,-65.48
-107,0,11.04,-24.496,-64.56
-107,0,11.08,-32.132,-72.3
-107,0,11.12,-30.666,-70.91
-107,0,11.16,-30.408,-70.7
-107,0,11.2,-32.13,-72.47
-107,0,11.24,-24.098,-64.49
-107,0,11.28,-26.486,-66.93
-107,0,11.32,-30.184,-70.7
-107,0,11.36,-25.282,-65.89
-107,0,11.4,-25.41,-66.11
-107,0,11.44,-24.572,-65.32
-107,0,11.48,-24.954,-65.75
-107,0,11.52,-25.2,-66.03
-107,0,11.56,-23.08,-63.93
-107,0,11.6,-23.8,-64.67
-107,0,11.64,-22.356,-63.31
-107,0,11.68,-20.982,-62.02
-107,0,11.72,-17.638,-58.73
-107,0,11.76,-17.554,-58.67
-107,0,11.8,-17.54,-58.68
-107,0,11.84,-14.936,-56.02
-107,0,11.88,-13.492,-54.52
-107,0,11.92,-13.414,-54.54
-107,0,11.96,-13.912,-55.29
-107,0,12,-17.46,-59.09
-106,0,8,-15.64,-50.26
-106,0,8.04,-16.978,-51.69
-106,0,8.08,-19.906,-54.71
-106,0,8.12,-24.852,-59.74
-106,0,8.16,-30.176,-65.14
-106,0,8.2,-33.08,-68.12
-106,0,8.24,-29.152,-64.26
-106,0,8.28,-24.514,-59.69
-106,0,8.32,-21.076,-56.32
-106,0,8.36,-19.278,-54.59
-106,0,8.4,-20.91,-56.29
-106,0,8.44,-24.032,-59.62
-106,0,8.48,-24.954,-60.75
-106,0,8.52,-26.094,-62.12
-106,0,8.56,-30.232,-66.51
-106,0,8.6,-33.73,-70.26
-106,0,8.64,-33.124,-69.97
-106,0,8.68,-25.848,-63.01
-106,0,8.72,-22.138,-59.44
-106,0,8.76,-21.174,-58.44
-106,0,8.8,-21.97,-59.2
-106,0,8.84,-22.794,-59.98
-106,0,8.88,-29.938,-67.08
-106,0,8.92,-29.824,-67.03
-106,0,8.96,-27.452,-64.83
-106,0,9,-33.18,-70.73
-106,0,9.04,-31.184,-68.97
-106,0,9.08,-33.058,-71.08
-106,0,9.12,-31.116,-69.4
-106,0,9.16,-34.448,-73.02
-106,0,9.2,-41.72,-80.58
-106,0,9.24,-31.25,-69.85
-106,0,9.28,-37.65,-75.99
-106,0,9.32,-33.858,-72.02
-106,0,9.36,-30.904,-68.97
-106,0,9.4,-31.61,-69.58
-106,0,9.44,-26.654,-64.76
-106,0,9.48,-29.068,-67.31
-106,0,9.52,-25.192,-63.57
-106,0,9.56,-21.536,-60.05
-106,0,9.6,-26.71,-65.36
-106,0,9.64,-29.48,-68.25
-106,0,9.68,-38.17,-77.06
-106,0,9.72,-33.848,-72.83
-106,0,9.76,-30.764,-69.81
-106,0,9.8,-33.4,-72.51
-106,0,9.84,-26.686,-65.8
-106,0,9.88,-27.272,-66.39
-106,0,9.92,-26.47,-65.58
-106,0,9.96,-31.97,-71.06
-106,0,10,-33.21,-72.28
-106,0,10.04,-30.314,-69.56
-106,0,10.08,-38.198,-77.62
-106,0,10.12,-49.026,-88.58
-106,0,10.16,-33.468,-73.11
-106,0,10.2,-30.56,-70.29
-106,0,10.24,-36.172,-75.87
-106,0,10.28,-31.244,-70.91
-106,0,10.32,-28.872,-68.5
-106,0,10.36,-31.346,-70.93
-106,0,10.4,-31.23,-70.77
-106,0,10.44,-28.704,-68.24
-106,0,10.48,-31.968,-71.5
-106,0,10.52,-29.992,-69.6
-106,0,10.56,-31.516,-71.28
-106,0,10.6,-26.4,-66.32
-106,0,10.64,-26.118,-66.13
-106,0,10.68,-35.416,-75.52
-106,0,10.72,-28.296,-68.47
-106,0,10.76,-31.638,-71.86
-106,0,10.8,-30.35,-70.62
-106,0,10.84,-37.03,-77.2
-106,0,10.88,-33.31,-73.38
-106,0,10.92,-33.622,-73.63
-106,0,10.96,-27.176,-67.16
-106,0,11,-21.79,-61.75
-106,0,11.04,-23.156,-63.22
-106,0,11.08,-28.252,-68.42
-106,0,11.12,-33.596,-73.84
-106,0,11.16,-28.508,-68.8
-106,0,11.2,-29.77,-70.11
-106,0,11.24,-26.938,-67.33
-106,0,11.28,-29.976,-70.42
-106,0,11.32,-35.634,-76.15
-106,0,11.36,-24.972,-65.58
-106,0,11.4,-26.5,-67.2
-106,0,11.44,-29.272,-70.02
-106,0,11.48,-30.004,-70.8
-106,0,11.52,-28.7,-69.53
-106,0,11.56,-28.45,-69.3
-106,0,11.6,-32.17,-73.04
-106,0,11.64,-26.746,-67.7
-106,0,11.68,-22.432,-63.47
-106,0,11.72,-24.378,-65.47
-106,0,11.76,-22.234,-63.35
-106,0,11.8,-21.52,-62.66
-106,0,11.84,-17.306,-58.39
-106,0,11.88,-16.492,-57.52
-106,0,11.92,-17.814,-58.94
-106,0,11.96,-18.542,-59.92
-106,0,12,-21.82,-63.45
-105,0,8,-15.92,-50.54
-105,0,8.04,-16.808,-51.52
-105,0,8.08,-19.756,-54.56
-105,0,8.12,-26.502,-61.39
-105,0,8.16,-29.096,-64.06
-105,0,8.2,-29.59,-64.63
-105,0,8.24,-25.772,-60.88
-105,0,8.28,-23.424,-58.6
-105,0,8.32,-19.216,-54.46
-105,0,8.36,-18.598,-53.91
-105,0,8.4,-20.68,-56.06
-105,0,8.44,-23.032,-58.62
-105,0,8.48,-22.574,-58.37
-105,0,8.52,-24.634,-60.66
-105,0,8.56,-27.402,-63.68
-105,0,8.6,-29.56,-66.09
-105,0,8.64,-29.414,-66.26
-105,0,8.68,-25.118,-62.28
-105,0,8.72,-21.568,-58.87
-105,0,8.76,-21.274,-58.54
-105,0,8.8,-21.82,-59.05
-105,0,8.84,-22.324,-59.51
-105,0,8.88,-32.448,-69.59
-105,0,8.92,-28.384,-65.59
-105,0,8.96,-32.772,-70.15
-105,0,9,-28.06,-65.61
-105,0,9.04,-30.804,-68.59
-105,0,9.08,-28.188,-66.21
-105,0,9.12,-29.206,-67.49
-105,0,9.16,-30.368,-68.94
-105,0,9.2,-31.62,-70.48
-105,0,9.24,-35.83,-74.43
-105,0,9.28,-37.43,-75.77
-105,0,9.32,-33.288,-71.45
-105,0,9.36,-30.844,-68.91
-105,0,9.4,-28.49,-66.46
-105,0,9.44,-26.594,-64.7
-105,0,9.48,-24.468,-62.71
-105,0,9.52,-24.382,-62.76
-105,0,9.56,-26.636,-65.15
-105,0,9.6,-28.55,-67.2
-105,0,9.64,-34.19,-72.96
-105,0,9.68,-40.7,-79.59
-105,0,9.72,-34.588,-73.57
-105,0,9.76,-31.374,-70.42
-105,0,9.8,-30.9,-70.01
-105,0,9.84,-27.116,-66.23
-105,0,9.88,-28.362,-67.48
-105,0,9.92,-24.03,-63.14
-105,0,9.96,-27.06,-66.15
-105,0,10,-33.89,-72.96
-105,0,10.04,-28.244,-67.49
-105,0,10.08,-31.068,-70.49
-105,0,10.12,-31.446,-71
-105,0,10.16,-36.758,-76.4
-105,0,10.2,-28.7,-68.43
-105,0,10.24,-30.832,-70.53
-105,0,10.28,-28.854,-68.52
-105,0,10.32,-33.822,-73.45
-105,0,10.36,-34.246,-73.83
-105,0,10.4,-31.91,-71.45
-105,0,10.44,-33.824,-73.36
-105,0,10.48,-33.738,-73.27
-105,0,10.52,-34.972,-74.58
-105,0,10.56,-27.936,-67.7
-105,0,10.6,-26.56,-66.48
-105,0,10.64,-31.328,-71.34
-105,0,10.68,-32.546,-72.65
-105,0,10.72,-37.846,-78.02
-105,0,10.76,-38.178,-78.4
-105,0,10.8,-26.63,-66.9
-105,0,10.84,-25.29,-65.46
-105,0,10.88,-33.02,-73.09
-105,0,10.92,-25.502,-65.51
-105,0,10.96,-23.246,-63.23
-105,0,11,-22.81,-62.77
-105,0,11.04,-34.416,-74.48
-105,0,11.08,-33.612,-73.78
-105,0,11.12,-27.866,-68.11
-105,0,11.16,-29.398,-69.69
-105,0,11.2,-25.53,-65.87
-105,0,11.24,-33.158,-73.55
-105,0,11.28,-40.226,-80.67
-105,0,11.32,-40.924,-81.44
-105,0,11.36,-33.652,-74.26
-105,0,11.4,-36.2,-76.9
-105,0,11.44,-29.112,-69.86
-105,0,11.48,-32.674,-73.47
-105,0,11.52,-27.55,-68.38
-105,0,11.56,-29.46,-70.31
-105,0,11.6,-30.51,-71.38
-105,0,11.64,-27.366,-68.32
-105,0,11.68,-31.972,-73.01
-105,0,11.72,-28.318,-69.41
-105,0,11.76,-32.454,-73.57
-105,0,11.8,-28.35,-69.49
-105,0,11.84,-22.696,-63.78
-105,0,11.88,-19.772,-60.8
-105,0,11.92,-19.864,-60.99
-105,0,11.96,-22.192,-63.57
-105,0,12,-26.33,-67.96
-104,0,8,-15.52,-50.14
-104,0,8.04,-16.918,-51.63
-104,0,8.08,-20.416,-55.22
-104,0,8.12,-29.242,-64.13
-104,0,8.16,-30.786,-65.75
-104,0,8.2,-25.66,-60.7
-104,0,8.24,-22.902,-58.01
-104,0,8.28,-21.744,-56.92
-104,0,8.32,-20.276,-55.52
-104,0,8.36,-18.878,-54.19
-104,0,8.4,-20.36,-55.74
-104,0,8.44,-22.662,-58.25
-104,0,8.48,-22.724,-58.52
-104,0,8.52,-23.904,-59.93
-104,0,8.56,-27.162,-63.44
-104,0,8.6,-29.16,-65.69
-104,0,8.64,-24.484,-61.33
-104,0,8.68,-22.178,-59.34
-104,0,8.72,-22.808,-60.11
-104,0,8.76,-19.864,-57.13
-104,0,8.8,-20.59,-57.82
-104,0,8.84,-21.574,-58.76
-104,0,8.88,-25.228,-62.37
-104,0,8.92,-33.714,-70.92
-104,0,8.96,-26.122,-63.5
-104,0,9,-25.32,-62.87
-104,0,9.04,-26.034,-63.82
-104,0,9.08,-23.268,-61.29
-104,0,9.12,-26.786,-65.07
-104,0,9.16,-28.698,-67.27
-104,0,9.2,-30.88,-69.74
-104,0,9.24,-35.44,-74.04
-104,0,9.28,-29.05,-67.39
-104,0,9.32,-35.738,-73.9
-104,0,9.36,-31.344,-69.41
-104,0,9.4,-28.19,-66.16
-104,0,9.44,-25.544,-63.65
-104,0,9.48,-24.318,-62.56
-104,0,9.52,-25.892,-64.27
-104,0,9.56,-26.716,-65.23
-104,0,9.6,-33.27,-71.92
-104,0,9.64,-43.91,-82.68
-104,0,9.68,-34.56,-73.45
-104,0,9.72,-26.938,-65.92
-104,0,9.76,-28.144,-67.19
-104,0,9.8,-26.11,-65.22
-104,0,9.84,-25.346,-64.46
-104,0,9.88,-26.042,-65.16
-104,0,9.92,-25.72,-64.83
-104,0,9.96,-26.22,-65.31
-104,0,10,-32.82,-71.89
-104,0,10.04,-31.314,-70.56
-104,0,10.08,-25.278,-64.7
-104,0,10.12,-31.956,-71.51
-104,0,10.16,-33.928,-73.57
-104,0,10.2,-31.68,-71.41
-104,0,10.24,-29.462,-69.16
-104,0,10.28,-29.604,-69.27
-104,0,10.32,-36.072,-75.7
-104,0,10.36,-38.426,-78.01
-104,0,10.4,-29.65,-69.19
-104,0,10.44,-29.584,-69.12
-104,0,10.48,-32.688,-72.22
-104,0,10.52,-25.842,-65.45
-104,0,10.56,-24.436,-64.2
-104,0,10.6,-23.99,-63.91
-104,0,10.64,-30.998,-71.01
-104,0,10.68,-33.616,-73.72
-104,0,10.72,-29.746,-69.92
-104,0,10.76,-30.048,-70.27
-104,0,10.8,-26.22,-66.49
-104,0,10.84,-25.48,-65.65
-104,0,10.88,-29.23,-69.3
-104,0,10.92,-25.952,-65.96
-104,0,10.96,-23.236,-63.22
-104,0,11,-23.98,-63.94
-104,0,11.04,-36.616,-76.68
-104,0,11.08,-32.802,-72.97
-104,0,11.12,-25.426,-65.67
-104,0,11.16,-24.548,-64.84
-104,0,11.2,-30.6,-70.94
-104,0,11.24,-39.448,-79.84
-104,0,11.28,-32.596,-73.04
-104,0,11.32,-32.934,-73.45
-104,0,11.36,-39.492,-80.1
-104,0,11.4,-32.59,-73.29
-104,0,11.44,-29.512,-70.26
-104,0,11.48,-28.734,-69.53
-104,0,11.52,-23.84,-64.67
-104,0,11.56,-25.8,-66.65
-104,0,11.6,-28.31,-69.18
-104,0,11.64,-26.626,-67.58
-104,0,11.68,-29.332,-70.37
-104,0,11.72,-29.948,-71.04
-104,0,11.76,-24.124,-65.24
-104,0,11.8,-25.31,-66.45
-104,0,11.84,-20.706,-61.79
-104,0,11.88,-19.832,-60.86
-104,0,11.92,-18.604,-59.73
-104,0,11.96,-23.812,-65.19
-104,0,12,-25.54,-67.17
-103,0,8,-15.61,-50.23
-103,0,8.04,-17.408,-52.12
-103,0,8.08,-22.996,-57.8
-103,0,8.12,-26.782,-61.67
-103,0,8.16,-28.176,-63.14
-103,0,8.2,-24.74,-59.78
-103,0,8.24,-24.272,-59.38
-103,0,8.28,-23.794,-58.97
-103,0,8.32,-19.646,-54.89
-103,0,8.36,-20.078,-55.39
-103,0,8.4,-22.16,-57.54
-103,0,8.44,-24.012,-59.6
-103,0,8.48,-21.744,-57.54
-103,0,8.52,-23.714,-59.74
-103,0,8.56,-26.042,-62.32
-103,0,8.6,-26.82,-63.35
-103,0,8.64,-24.204,-61.05
-103,0,8.68,-21.088,-58.25
-103,0,8.72,-20.078,-57.38
-103,0,8.76,-19.824,-57.09
-103,0,8.8,-20.85,-58.08
-103,0,8.84,-20.504,-57.69
-103,0,8.88,-25.548,-62.69
-103,0,8.92,-33.164,-70.37
-103,0,8.96,-28.812,-66.19
-103,0,9,-24.59,-62.14
-103,0,9.04,-23.684,-61.47
-103,0,9.08,-23.348,-61.37
-103,0,9.12,-28.236,-66.52
-103,0,9.16,-28.678,-67.25
-103,0,9.2,-29.56,-68.42
-103,0,9.24,-39.96,-78.56
-103,0,9.28,-34.4,-72.74
-103,0,9.32,-29.918,-68.08
-103,0,9.36,-27.144,-65.21
-103,0,9.4,-23.66,-61.63
-103,0,9.44,-23.904,-62.01
-103,0,9.48,-22.548,-60.79
-103,0,9.52,-27.702,-66.08
-103,0,9.56,-36.126,-74.64
-103,0,9.6,-37.54,-76.19
-103,0,9.64,-31.62,-70.39
-103,0,9.68,-31.67,-70.56
-103,0,9.72,-30.758,-69.74
-103,0,9.76,-25.324,-64.37
-103,0,9.8,-25.7,-64.81
-103,0,9.84,-26.836,-65.95
-103,0,9.88,-27.522,-66.64
-103,0,9.92,-25.58,-64.69
-103,0,9.96,-26.77,-65.86
-103,0,10,-31.51,-70.58
-103,0,10.04,-31.424,-70.67
-103,0,10.08,-42.568,-81.99
-103,0,10.12,-35.506,-75.06
-103,0,10.16,-29.888,-69.53
-103,0,10.2,-31.62,-71.35
-103,0,10.24,-36.542,-76.24
-103,0,10.28,-27.524,-67.19
-103,0,10.32,-27.112,-66.74
-103,0,10.36,-31.576,-71.16
-103,0,10.4,-30.97,-70.51
-103,0,10.44,-34.154,-73.69
-103,0,10.48,-32.158,-71.69
-103,0,10.52,-38.182,-77.79
-103,0,10.56,-26.006,-65.77
-103,0,10.6,-27.65,-67.57
-103,0,10.64,-40.768,-80.78
-103,0,10.68,-29.556,-69.66
-103,0,10.72,-32.586,-72.76
-103,0,10.76,-26.078,-66.3
-103,0,10.8,-22.29,-62.56
-103,0,10.84,-22.91,-63.08
-103,0,10.88,-31.32,-71.39
-103,0,10.92,-23.892,-63.9
-103,0,10.96,-24.886,-64.87
-103,0,11,-31.07,-71.03
-103,0,11.04,-36.586,-76.65
-103,0,11.08,-27.722,-67.89
-103,0,11.12,-22.906,-63.15
-103,0,11.16,-21.988,-62.28
-103,0,11.2,-28.42,-68.76
-103,0,11.24,-30.928,-71.32
-103,0,11.28,-32.256,-72.7
-103,0,11.32,-26.834,-67.35
-103,0,11.36,-25.902,-66.51
-103,0,11.4,-28.85,-69.55
-103,0,11.44,-23.152,-63.9
-103,0,11.48,-24.114,-64.91
-103,0,11.52,-20.09,-60.92
-103,0,11.56,-19.47,-60.32
-103,0,11.6,-21.71,-62.58
-103,0,11.64,-22.406,-63.36
-103,0,11.68,-21.912,-62.95
-103,0,11.72,-21.358,-62.45
-103,0,11.76,-19.384,-60.5
-103,0,11.8,-20.68,-61.82
-103,0,11.84,-17.586,-58.67
-103,0,11.88,-16.572,-57.6
-103,0,11.92,-16.924,-58.05
-103,0,11.96,-19.212,-60.59
-103,0,12,-20.78,-62.41
-102,0,8,-16.58,-51.2
-102,0,8.04,-17.828,-52.54
-102,0,8.08,-23.636,-58.44
-102,0,8.12,-32.032,-66.92
-102,0,8.16,-25.026,-59.99
-102,0,8.2,-23.54,-58.58
-102,0,8.24,-22.832,-57.94
-102,0,8.28,-22.764,-57.94
-102,0,8.32,-19.836,-55.08
-102,0,8.36,-19.958,-55.27
-102,0,8.4,-21.42,-56.8
-102,0,8.44,-23.102,-58.69
-102,0,8.48,-23.204,-59
-102,0,8.52,-25.444,-61.47
-102,0,8.56,-26.402,-62.68
-102,0,8.6,-25.71,-62.24
-102,0,8.64,-24.154,-61
-102,0,8.68,-21.528,-58.69
-102,0,8.72,-20.018,-57.32
-102,0,8.76,-21.484,-58.75
-102,0,8.8,-21.81,-59.04
-102,0,8.84,-21.314,-58.5
-102,0,8.88,-25.418,-62.56
-102,0,8.92,-34.484,-71.69
-102,0,8.96,-25.552,-62.93
-102,0,9,-22.24,-59.79
-102,0,9.04,-20.004,-57.79
-102,0,9.08,-22.328,-60.35
-102,0,9.12,-24.886,-63.17
-102,0,9.16,-26.048,-64.62
-102,0,9.2,-28.53,-67.39
-102,0,9.24,-33.92,-72.52
-102,0,9.28,-30.37,-68.71
-102,0,9.32,-28.648,-66.81
-102,0,9.36,-25.924,-63.99
-102,0,9.4,-24.24,-62.21
-102,0,9.44,-23.774,-61.88
-102,0,9.48,-25.498,-63.74
-102,0,9.52,-28.382,-66.76
-102,0,9.56,-33.996,-72.51
-102,0,9.6,-36.81,-75.46
-102,0,9.64,-28.23,-67
-102,0,9.68,-25.96,-64.85
-102,0,9.72,-27.118,-66.1
-102,0,9.76,-23.704,-62.75
-102,0,9.8,-25.24,-64.35
-102,0,9.84,-25.316,-64.43
-102,0,9.88,-23.902,-63.02
-102,0,9.92,-27.51,-66.62
-102,0,9.96,-32.1,-71.19
-102,0,10,-33.25,-72.32
-102,0,10.04,-33.264,-72.51
-102,0,10.08,-37.318,-76.74
-102,0,10.12,-27.876,-67.43
-102,0,10.16,-36.438,-76.08
-102,0,10.2,-31.28,-71.01
-102,0,10.24,-31.902,-71.6
-102,0,10.28,-30.294,-69.96
-102,0,10.32,-30.792,-70.42
-102,0,10.36,-31.956,-71.54
-102,0,10.4,-38.27,-77.81
-102,0,10.44,-28.134,-67.67
-102,0,10.48,-31.358,-70.89
-102,0,10.52,-31.682,-71.29
-102,0,10.56,-25.656,-65.42
-102,0,10.6,-28.7,-68.62
-102,0,10.64,-29.548,-69.56
-102,0,10.68,-25.246,-65.35
-102,0,10.72,-26.086,-66.26
-102,0,10.76,-23.308,-63.53
-102,0,10.8,-22.46,-62.73
-102,0,10.84,-25.22,-65.39
-102,0,10.88,-25.04,-65.11
-102,0,10.92,-25.872,-65.88
-102,0,10.96,-32.006,-71.99
-102,0,11,-33.14,-73.1
-102,0,11.04,-23.276,-63.34
-102,0,11.08,-24.642,-64.81
-102,0,11.12,-23.676,-63.92
-102,0,11.16,-24.238,-64.53
-102,0,11.2,-29.25,-69.59
-102,0,11.24,-29.918,-70.31
-102,0,11.28,-25.936,-66.38
-102,0,11.32,-23.904,-64.42
-102,0,11.36,-24.912,-65.52
-102,0,11.4,-26.11,-66.81
-102,0,11.44,-22.802,-63.55
-102,0,11.48,-22.744,-63.54
-102,0,11.52,-18.85,-59.68
-102,0,11.56,-19.98,-60.83
-102,0,11.6,-20.08,-60.95
-102,0,11.64,-20.406,-61.36
-102,0,11.68,-21.522,-62.56
-102,0,11.72,-17.568,-58.66
-102,0,11.76,-15.604,-56.72
-102,0,11.8,-15.86,-57
-102,0,11.84,-15.246,-56.33
-102,0,11.88,-15.312,-56.34
-102,0,11.92,-15.714,-56.84
-102,0,11.96,-15.662,-57.04
-102,0,12,-16.8,-58.43
-101,0,8,-18.01,-52.63
-101,0,8.04,-20.628,-55.34
-101,0,8.08,-25.996,-60.8
-101,0,8.12,-32.592,-67.48
-101,0,8.16,-24.956,-59.92
-101,0,8.2,-22.72,-57.76
-101,0,8.24,-22.162,-57.27
-101,0,8.28,-24.014,-59.19
-101,0,8.32,-21.246,-56.49
-101,0,8.36,-20.428,-55.74
-101,0,8.4,-23.92,-59.3
-101,0,8.44,-25.862,-61.45
-101,0,8.48,-24.034,-59.83
-101,0,8.52,-25.434,-61.46
-101,0,8.56,-25.552,-61.83
-101,0,8.6,-24.63,-61.16
-101,0,8.64,-23.814,-60.66
-101,0,8.68,-18.798,-55.96
-101,0,8.72,-21.268,-58.57
-101,0,8.76,-20.674,-57.94
-101,0,8.8,-21.18,-58.41
-101,0,8.84,-21.384,-58.57
-101,0,8.88,-28.398,-65.54
-101,0,8.92,-29.584,-66.79
-101,0,8.96,-28.722,-66.1
-101,0,9,-23.27,-60.82
-101,0,9.04,-21.794,-59.58
-101,0,9.08,-20.758,-58.78
-101,0,9.12,-24.136,-62.42
-101,0,9.16,-26.008,-64.58
-101,0,9.2,-35.28,-74.14
-101,0,9.24,-35.21,-73.81
-101,0,9.28,-27.31,-65.65
-101,0,9.32,-29.898,-68.06
-101,0,9.36,-26.794,-64.86
-101,0,9.4,-23.15,-61.12
-101,0,9.44,-23.234,-61.34
-101,0,9.48,-26.138,-64.38
-101,0,9.52,-27.072,-65.45
-101,0,9.56,-36.986,-75.5
-101,0,9.6,-29.78,-68.43
-101,0,9.64,-31.49,-70.26
-101,0,9.68,-26.86,-65.75
-101,0,9.72,-25.788,-64.77
-101,0,9.76,-24.914,-63.96
-101,0,9.8,-25.43,-64.54
-101,0,9.84,-27.806,-66.92
-101,0,9.88,-25.732,-64.85
-101,0,9.92,-33.69,-72.8
-101,0,9.96,-32.74,-71.83
-101,0,10,-32.09,-71.16
-101,0,10.04,-29.834,-69.08
-101,0,10.08,-34.848,-74.27
-101,0,10.12,-30.556,-70.11
-101,0,10.16,-31.568,-71.21
-101,0,10.2,-37.17,-76.9
-101,0,10.24,-36.512,-76.21
-101,0,10.28,-30.984,-70.65
-101,0,10.32,-31.032,-70.66
-101,0,10.36,-32.116,-71.7
-101,0,10.4,-34.74,-74.28
-101,0,10.44,-47.184,-86.72
-101,0,10.48,-28.938,-68.47
-101,0,10.52,-31.632,-71.24
-101,0,10.56,-27.566,-67.33
-101,0,10.6,-32.91,-72.83
-101,0,10.64,-29.578,-69.59
-101,0,10.68,-26.076,-66.18
-101,0,10.72,-24.616,-64.79
-101,0,10.76,-22.288,-62.51
-101,0,10.8,-24.91,-65.18
-101,0,10.84,-28.18,-68.35
-101,0,10.88,-25.43,-65.5
-101,0,10.92,-24.182,-64.19
-101,0,10.96,-30.906,-70.89
-101,0,11,-28.08,-68.04
-101,0,11.04,-28.356,-68.42
-101,0,11.08,-25.442,-65.61
-101,0,11.12,-24.756,-65
-101,0,11.16,-28.928,-69.22
-101,0,11.2,-34.59,-74.93
-101,0,11.24,-26.778,-67.17
-101,0,11.28,-30.546,-70.99
-101,0,11.32,-23.454,-63.97
-101,0,11.36,-22.512,-63.12
-101,0,11.4,-24.11,-64.81
-101,0,11.44,-21.292,-62.04
-101,0,11.48,-22.104,-62.9
-101,0,11.52,-19.25,-60.08
-101,0,11.56,-18.96,-59.81
-101,0,11.6,-18.98,-59.85
-101,0,11.64,-18.416,-59.37
-101,0,11.68,-16.862,-57.9
-101,0,11.72,-16.188,-57.28
-101,0,11.76,-15.174,-56.29
-101,0,11.8,-15.03,-56.17
-101,0,11.84,-14.636,-55.72
-101,0,11.88,-14.632,-55.66
-101,0,11.92,-14.254,-55.38
-101,0,11.96,-16.552,-57.93
-101,0,12,-17.68,-59.31
-100,0,8,-18.23,-52.85
-100,0,8.04,-21.718,-56.43
-100,0,8.08,-29.126,-63.93
-100,0,8.12,-28.262,-63.15
-100,0,8.16,-25.146,-60.11
-100,0,8.2,-22.61,-57.65
-100,0,8.24,-21.842,-56.95
-100,0,8.28,-22.454,-57.63
-100,0,8.32,-22.146,-57.39
-100,0,8.36,-20.638,-55.95
-100,0,8.4,-25.41,-60.79
-100,0,8.44,-28.872,-64.46
-100,0,8.48,-24.384,-60.18
-100,0,8.52,-26.034,-62.06
-100,0,8.56,-25.962,-62.24
-100,0,8.6,-24.25,-60.78
-100,0,8.64,-21.364,-58.21
-100,0,8.68,-19.368,-56.53
-100,0,8.72,-19.658,-56.96
-100,0,8.76,-20.604,-57.87
-100,0,8.8,-23.15,-60.38
-100,0,8.84,-22.844,-60.03
-100,0,8.88,-27.048,-64.19
-100,0,8.92,-28.134,-65.34
-100,0,8.96,-26.752,-64.13
-100,0,9,-21.91,-59.46
-100,0,9.04,-20.884,-58.67
-100,0,9.08,-21.878,-59.9
-100,0,9.12,-25.306,-63.59
-100,0,9.16,-27.938,-66.51
-100,0,9.2,-40.51,-79.37
-100,0,9.24,-32.64,-71.24
-100,0,9.28,-27.2,-65.54
-100,0,9.32,-25.758,-63.92
-100,0,9.36,-28.174,-66.24
-100,0,9.4,-23.71,-61.68
-100,0,9.44,-23.464,-61.57
-100,0,9.48,-25.988,-64.23
-100,0,9.52,-33.712,-72.09
-100,0,9.56,-36.596,-75.11
-100,0,9.6,-30.15,-68.8
-100,0,9.64,-26.12,-64.89
-100,0,9.68,-23.39,-62.28
-100,0,9.72,-23.268,-62.25
-100,0,9.76,-24.394,-63.44
-100,0,9.8,-28.26,-67.37
-100,0,9.84,-26.516,-65.63
-100,0,9.88,-37.812,-76.93
-100,0,9.92,-28.79,-67.9
-100,0,9.96,-33.58,-72.67
-100,0,10,-27.03,-66.1
-100,0,10.04,-26.734,-65.98
-100,0,10.08,-25.228,-64.65
-100,0,10.12,-33.436,-72.99
-100,0,10.16,-37.908,-77.55
-100,0,10.2,-37.04,-76.77
-100,0,10.24,-26.562,-66.26
-100,0,10.28,-36.834,-76.5
-100,0,10.32,-36.262,-75.89
-100,0,10.36,-41.546,-81.13
-100,0,10.4,-50.46,-90
-100,0,10.44,-39.664,-79.2
-100,0,10.48,-32.668,-72.2
-100,0,10.52,-38.762,-78.37
-100,0,10.56,-26.756,-66.52
-100,0,10.6,-33.64,-73.56
-100,0,10.64,-28.598,-68.61
-100,0,10.68,-24.496,-64.6
-100,0,10.72,-27.826,-68
-100,0,10.76,-21.878,-62.1
-100,0,10.8,-23.65,-63.92
-100,0,10.84,-29.13,-69.3
-100,0,10.88,-27.36,-67.43
-100,0,10.92,-29.072,-69.08
-100,0,10.96,-41.476,-81.46
-100,0,11,-24.39,-64.35
-100,0,11.04,-25.546,-65.61
-100,0,11.08,-28.082,-68.25
-100,0,11.12,-26.656,-66.9
-100,0,11.16,-36.648,-76.94
-100,0,11.2,-32.58,-72.92
-100,0,11.24,-22.178,-62.57
-100,0,11.28,-26.136,-66.58
-100,0,11.32,-20.884,-61.4
-100,0,11.36,-21.522,-62.13
-100,0,11.4,-21.33,-62.03
-100,0,11.44,-19.382,-60.13
-100,0,11.48,-20.634,-61.43
-100,0,11.52,-19.79,-60.62
-100,0,11.56,-19.57,-60.42
-100,0,11.6,-18.75,-59.62
-100,0,11.64,-16.746,-57.7
-100,0,11.68,-17.422,-58.46
-100,0,11.72,-14.498,-55.59
-100,0,11.76,-14.914,-56.03
-100,0,11.8,-15.92,-57.06
-100,0,11.84,-15.086,-56.17
-100,0,11.88,-15.062,-56.09
-100,0,11.92,-15.934,-57.06
-100,0,11.96,-18.192,-59.57
-100,0,12,-17.07,-58.7
-99,0,8,-20.44,-55.06
-99,0,8.04,-24.388,-59.1
-99,0,8.08,-34.156,-68.96
-99,0,8.12,-27.952,-62.84
-99,0,8.16,-25.576,-60.54
-99,0,8.2,-24.54,-59.58
-99,0,8.24,-24.352,-59.46
-99,0,8.28,-27.194,-62.37
-99,0,8.32,-24.426,-59.67
-99,0,8.36,-23.968,-59.28
-99,0,8.4,-28.07,-63.45
-99,0,8.44,-27.402,-62.99
-99,0,8.48,-28.454,-64.25
-99,0,8.52,-26.644,-62.67
-99,0,8.56,-24.972,-61.25
-99,0,8.6,-22.87,-59.4
-99,0,8.64,-22.524,-59.37
-99,0,8.68,-20.788,-57.95
-99,0,8.72,-21.578,-58.88
-99,0,8.76,-21.334,-58.6
-99,0,8.8,-24.32,-61.55
-99,0,8.84,-25.334,-62.52
-99,0,8.88,-33.828,-70.97
-99,0,8.92,-30.324,-67.53
-99,0,8.96,-25.412,-62.79
-99,0,9,-22.39,-59.94
-99,0,9.04,-23.364,-61.15
-99,0,9.08,-22.028,-60.05
-99,0,9.12,-25.606,-63.89
-99,0,9.16,-31.188,-69.76
-99,0,9.2,-45.28,-84.14
-99,0,9.24,-28.84,-67.44
-99,0,9.28,-27.96,-66.3
-99,0,9.32,-26.418,-64.58
-99,0,9.36,-27.694,-65.76
-99,0,9.4,-24.31,-62.28
-99,0,9.44,-26.104,-64.21
-99,0,9.48,-28.428,-66.67
-99,0,9.52,-33.282,-71.66
-99,0,9.56,-32.456,-70.97
-99,0,9.6,-28.61,-67.26
-99,0,9.64,-28.85,-67.62
-99,0,9.68,-26.31,-65.2
-99,0,9.72,-26.108,-65.09
-99,0,9.76,-25.764,-64.81
-99,0,9.8,-32.43,-71.54
-99,0,9.84,-28.036,-67.15
-99,0,9.88,-30.102,-69.22
-99,0,9.92,-39.58,-78.69
-99,0,9.96,-34.1,-73.19
-99,0,10,-31.79,-70.86
-99,0,10.04,-27.214,-66.46
-99,0,10.08,-28.628,-68.05
-99,0,10.12,-36.066,-75.62
-99,0,10.16,-42.968,-82.61
-99,0,10.2,-38.09,-77.82
-99,0,10.24,-27.482,-67.18
-99,0,10.28,-31.314,-70.98
-99,0,10.32,-42.992,-82.62
-99,0,10.36,-38.456,-78.04
-99,0,10.4,-33.97,-73.51
-99,0,10.44,-30.234,-69.77
-99,0,10.48,-33.548,-73.08
-99,0,10.52,-31.592,-71.2
-99,0,10.56,-24.996,-64.76
-99,0,10.6,-30.04,-69.96
-99,0,10.64,-26.328,-66.34
-99,0,10.68,-29.506,-69.61
-99,0,10.72,-24.966,-65.14
-99,0,10.76,-28.448,-68.67
-99,0,10.8,-27.59,-67.86
-99,0,10.84,-28.48,-68.65
-99,0,10.88,-38.13,-78.2
-99,0,10.92,-31.112,-71.12
-99,0,10.96,-28.596,-68.58
-99,0,11,-23.89,-63.85
-99,0,11.04,-25.276,-65.34
-99,0,11.08,-25.582,-65.75
-99,0,11.12,-32.886,-73.13
-99,0,11.16,-33.818,-74.11
-99,0,11.2,-27.81,-68.15
-99,0,11.24,-33.268,-73.66
-99,0,11.28,-26.966,-67.41
-99,0,11.32,-20.104,-60.62
-99,0,11.36,-20.222,-60.83
-99,0,11.4,-23.98,-64.68
-99,0,11.44,-23.572,-64.32
-99,0,11.48,-25.214,-66.01
-99,0,11.52,-21.9,-62.73
-99,0,11.56,-21.75,-62.6
-99,0,11.6,-18.62,-59.49
-99,0,11.64,-19.336,-60.29
-99,0,11.68,-16.742,-57.78
-99,0,11.72,-15.448,-56.54
-99,0,11.76,-16.124,-57.24
-99,0,11.8,-15.98,-57.12
-99,0,11.84,-16.546,-57.63
-99,0,11.88,-17.162,-58.19
-99,0,11.92,-17.494,-58.62
-99,0,11.96,-18.502,-59.88
-99,0,12,-19.72,-61.35
-98,0,8,-22.21,-56.83
-98,0,8.04,-27.488,-62.2
-98,0,8.08,-32.626,-67.43
-98,0,8.12,-29.502,-64.39
-98,0,8.16,-24.416,-59.38
-98,0,8.2,-25.39,-60.43
-98,0,8.24,-23.722,-58.83
-98,0,8.28,-28.534,-63.71
-98,0,8.32,-26.346,-61.59
-98,0,8.36,-27.188,-62.5
-98,0,8.4,-28.42,-63.8
-98,0,8.44,-29.812,-65.4
-98,0,8.48,-28.554,-64.35
-98,0,8.52,-28.954,-64.98
-98,0,8.56,-29.362,-65.64
-98,0,8.6,-22.9,-59.43
-98,0,8.64,-23.024,-59.87
-98,0,8.68,-20.658,-57.82
-98,0,8.72,-22.588,-59.89
-98,0,8.76,-21.614,-58.88
-98,0,8.8,-28.63,-65.86
-98,0,8.84,-30.834,-68.02
-98,0,8.88,-34.468,-71.61
-98,0,8.92,-28.184,-65.39
-98,0,8.96,-25.802,-63.18
-98,0,9,-23,-60.55
-98,0,9.04,-23.664,-61.45
-98,0,9.08,-23.718,-61.74
-98,0,9.12,-27.286,-65.57
-98,0,9.16,-32.848,-71.42
-98,0,9.2,-37.78,-76.64
-98,0,9.24,-24.48,-63.08
-98,0,9.28,-27.87,-66.21
-98,0,9.32,-32.668,-70.83
-98,0,9.36,-28.614,-66.68
-98,0,9.4,-24.88,-62.85
-98,0,9.44,-33.954,-72.06
-98,0,9.48,-31.368,-69.61
-98,0,9.52,-38.442,-76.82
-98,0,9.56,-25.166,-63.68
-98,0,9.6,-32,-70.65
-98,0,9.64,-30.39,-69.16
-98,0,9.68,-34.07,-72.96
-98,0,9.72,-28.888,-67.87
-98,0,9.76,-27.724,-66.77
-98,0,9.8,-32.09,-71.2
-98,0,9.84,-31.966,-71.08
-98,0,9.88,-30.942,-70.06
-98,0,9.92,-32.29,-71.4
-98,0,9.96,-33.55,-72.64
-98,0,10,-31.59,-70.66
-98,0,10.04,-29.764,-69.01
-98,0,10.08,-29.788,-69.21
-98,0,10.12,-37.706,-77.26
-98,0,10.16,-35.838,-75.48
-98,0,10.2,-24.43,-64.16
-98,0,10.24,-28.272,-67.97
-98,0,10.28,-28.884,-68.55
-98,0,10.32,-33.952,-73.58
-98,0,10.36,-34.466,-74.05
-98,0,10.4,-30.01,-69.55
-98,0,10.44,-32.634,-72.17
-98,0,10.48,-33.448,-72.98
-98,0,10.52,-32.072,-71.68
-98,0,10.56,-25.766,-65.53
-98,0,10.6,-35.23,-75.15
-98,0,10.64,-25.978,-65.99
-98,0,10.68,-25.356,-65.46
-98,0,10.72,-25.176,-65.35
-98,0,10.76,-29.938,-70.16
-98,0,10.8,-45.09,-85.36
-98,0,10.84,-29.45,-69.62
-98,0,10.88,-27.18,-67.25
-98,0,10.92,-29.622,-69.63
-98,0,10.96,-26.916,-66.9
-98,0,11,-25.06,-65.02
-98,0,11.04,-23.536,-63.6
-98,0,11.08,-31.152,-71.32
-98,0,11.12,-32.036,-72.28
-98,0,11.16,-41.248,-81.54
-98,0,11.2,-25.6,-65.94
-98,0,11.24,-25.838,-66.23
-98,0,11.28,-23.236,-63.68
-98,0,11.32,-20.934,-61.45
-98,0,11.36,-22.422,-63.03
-98,0,11.4,-28.67,-69.37
-98,0,11.44,-25.242,-65.99
-98,0,11.48,-26.774,-67.57
-98,0,11.52,-23.14,-63.97
-98,0,11.56,-21.22,-62.07
-98,0,11.6,-23.71,-64.58
-98,0,11.64,-19.446,-60.4
-98,0,11.68,-19.102,-60.14
-98,0,11.72,-17.738,-58.83
-98,0,11.76,-19.064,-60.18
-98,0,11.8,-20.77,-61.91
-98,0,11.84,-17.986,-59.07
-98,0,11.88,-20.812,-61.84
-98,0,11.92,-20.684,-61.81
-98,0,11.96,-20.702,-62.08
-98,0,12,-21.88,-63.51
-97,0,8,-23.43,-58.05
-97,0,8.04,-29.378,-64.09
-97,0,8.08,-31.386,-66.19
-97,0,8.12,-26.972,-61.86
-97,0,8.16,-23.836,-58.8
-97,0,8.2,-24.99,-60.03
-97,0,8.24,-25.562,-60.67
-97,0,8.28,-32.764,-67.94
-97,0,8.32,-31.136,-66.38
-97,0,8.36,-31.998,-67.31
-97,0,8.4,-34.23,-69.61
-97,0,8.44,-34.702,-70.29
-97,0,8.48,-30.154,-65.95
-97,0,8.52,-30.124,-66.15
-97,0,8.56,-27.472,-63.75
-97,0,8.6,-23.49,-60.02
-97,0,8.64,-22.694,-59.54
-97,0,8.68,-22.338,-59.5
-97,0,8.72,-21.358,-58.66
-97,0,8.76,-24.854,-62.12
-97,0,8.8,-28.52,-65.75
-97,0,8.84,-36.354,-73.54
-97,0,8.88,-36.518,-73.66
-97,0,8.92,-28.884,-66.09
-97,0,8.96,-25.592,-62.97
-97,0,9,-23.96,-61.51
-97,0,9.04,-24.614,-62.4
-97,0,9.08,-24.368,-62.39
-97,0,9.12,-26.366,-64.65
-97,0,9.16,-45.078,-83.65
-97,0,9.2,-34.5,-73.36
-97,0,9.24,-26.82,-65.42
-97,0,9.28,-34.17,-72.51
-97,0,9.32,-27.358,-65.52
-97,0,9.36,-27.904,-65.97
-97,0,9.4,-27.09,-65.06
-97,0,9.44,-33.154,-71.26
-97,0,9.48,-32.808,-71.05
-97,0,9.52,-29.622,-68
-97,0,9.56,-34.686,-73.2
-97,0,9.6,-29.64,-68.29
-97,0,9.64,-31.28,-70.05
-97,0,9.68,-28.09,-66.98
-97,0,9.72,-33.048,-72.03
-97,0,9.76,-30.544,-69.59
-97,0,9.8,-40.2,-79.31
-97,0,9.84,-32.506,-71.62
-97,0,9.88,-32.602,-71.72
-97,0,9.92,-31.38,-70.49
-97,0,9.96,-40.69,-79.78
-97,0,10,-24.54,-63.61
-97,0,10.04,-29.064,-68.31
-97,0,10.08,-26.398,-65.82
-97,0,10.12,-35.186,-74.74
-97,0,10.16,-32.088,-71.73
-97,0,10.2,-32.14,-71.87
-97,0,10.24,-28.002,-67.7
-97,0,10.28,-29.444,-69.11
-97,0,10.32,-32.522,-72.15
-97,0,10.36,-25.646,-65.23
-97,0,10.4,-29.18,-68.72
-97,0,10.44,-28.654,-68.19
-97,0,10.48,-24.628,-64.16
-97,0,10.52,-33.552,-73.16
-97,0,10.56,-34.136,-73.9
-97,0,10.6,-30.94,-70.86
-97,0,10.64,-24.748,-64.76
-97,0,10.68,-30.426,-70.53
-97,0,10.72,-30.276,-70.45
-97,0,10.76,-29.658,-69.88
-97,0,10.8,-32,-72.27
-97,0,10.84,-30.08,-70.25
-97,0,10.88,-30.75,-70.82
-97,0,10.92,-26.072,-66.08
-97,0,10.96,-26.936,-66.92
-97,0,11,-26.46,-66.42
-97,0,11.04,-31.226,-71.29
-97,0,11.08,-32.092,-72.26
-97,0,11.12,-30.036,-70.28
-97,0,11.16,-26.778,-67.07
-97,0,11.2,-23.72,-64.06
-97,0,11.24,-28.148,-68.54
-97,0,11.28,-27.136,-67.58
-97,0,11.32,-23.084,-63.6
-97,0,11.36,-23.602,-64.21
-97,0,11.4,-29.29,-69.99
-97,0,11.44,-30.892,-71.64
-97,0,11.48,-26.024,-66.82
-97,0,11.52,-24.65,-65.48
-97,0,11.56,-24.38,-65.23
-97,0,11.6,-23.65,-64.52
-97,0,11.64,-19.686,-60.64
-97,0,11.68,-18.622,-59.66
-97,0,11.72,-22.098,-63.19
-97,0,11.76,-23.354,-64.47
-97,0,11.8,-22.58,-63.72
-97,0,11.84,-31.106,-72.19
-97,0,11.88,-27.342,-68.37
-97,0,11.92,-26.304,-67.43
-97,0,11.96,-22.802,-64.18
-97,0,12,-26.66,-68.29
-96,0,8,-23.49,-58.11
-96,0,8.04,-31.528,-66.24
-96,0,8.08,-30.916,-65.72
-96,0,8.12,-26.782,-61.67
-96,0,8.16,-27.166,-62.13
-96,0,8.2,-23.63,-58.67
-96,0,8.24,-27.722,-62.83
-96,0,8.28,-33.354,-68.53
-96,0,8.32,-33.796,-69.04
-96,0,8.36,-38.608,-73.92
-96,0,8.4,-32.89,-68.27
-96,0,8.44,-35.622,-71.21
-96,0,8.48,-34.984,-70.78
-96,0,8.52,-30.494,-66.52
-96,0,8.56,-26.872,-63.15
-96,0,8.6,-27.28,-63.81
-96,0,8.64,-25.564,-62.41
-96,0,8.68,-25.628,-62.79
-96,0,8.72,-25.238,-62.54
-96,0,8.76,-31.384,-68.65
-96,0,8.8,-40.26,-77.49
-96,0,8.84,-37.314,-74.5
-96,0,8.88,-32.968,-70.11
-96,0,8.92,-28.554,-65.76
-96,0,8.96,-25.332,-62.71
-96,0,9,-31.15,-68.7
-96,0,9.04,-27.724,-65.51
-96,0,9.08,-24.958,-62.98
-96,0,9.12,-28.296,-66.58
-96,0,9.16,-48.978,-87.55
-96,0,9.2,-31.12,-69.98
-96,0,9.24,-27.82,-66.42
-96,0,9.28,-26.84,-65.18
-96,0,9.32,-32.188,-70.35
-96,0,9.36,-30.024,-68.09
-96,0,9.4,-32.09,-70.06
-96,0,9.44,-27.064,-65.17
-96,0,9.48,-32.818,-71.06
-96,0,9.52,-37.782,-76.16
-96,0,9.56,-27.916,-66.43
-96,0,9.6,-31.28,-69.93
-96,0,9.64,-32.17,-70.94
-96,0,9.68,-29.98,-68.87
-96,0,9.72,-36.848,-75.83
-96,0,9.76,-36.974,-76.02
-96,0,9.8,-30.82,-69.93
-96,0,9.84,-27.826,-66.94
-96,0,9.88,-27.672,-66.79
-96,0,9.92,-36.67,-75.78
-96,0,9.96,-34.64,-73.73
-96,0,10,-25.22,-64.29
-96,0,10.04,-29.014,-68.26
-96,0,10.08,-27.258,-66.68
-96,0,10.12,-33.386,-72.94
-96,0,10.16,-42.618,-82.26
-96,0,10.2,-29.44,-69.17
-96,0,10.24,-31.202,-70.9
-96,0,10.28,-32.024,-71.69
-96,0,10.32,-34.062,-73.69
-96,0,10.36,-31.246,-70.83
-96,0,10.4,-25.63,-65.17
-96,0,10.44,-41.884,-81.42
-96,0,10.48,-31.318,-70.85
-96,0,10.52,-33.472,-73.08
-96,0,10.56,-32.816,-72.58
-96,0,10.6,-27.91,-67.83
-96,0,10.64,-30.848,-70.86
-96,0,10.68,-27.746,-67.85
-96,0,10.72,-27.036,-67.21
-96,0,10.76,-35.438,-75.66
-96,0,10.8,-32.24,-72.51
-96,0,10.84,-30.34,-70.51
-96,0,10.88,-31.02,-71.09
-96,0,10.92,-27.012,-67.02
-96,0,10.96,-26.646,-66.63
-96,0,11,-27.29,-67.25
-96,0,11.04,-35.426,-75.49
-96,0,11.08,-28.912,-69.08
-96,0,11.12,-31.446,-71.69
-96,0,11.16,-25.028,-65.32
-96,0,11.2,-25.12,-65.46
-96,0,11.24,-26.638,-67.03
-96,0,11.28,-23.636,-64.08
-96,0,11.32,-24.824,-65.34
-96,0,11.36,-30.932,-71.54
-96,0,11.4,-38.39,-79.09
-96,0,11.44,-31.582,-72.33
-96,0,11.48,-26.554,-67.35
-96,0,11.52,-26.28,-67.11
-96,0,11.56,-21.67,-62.52
-96,0,11.6,-25.35,-66.22
-96,0,11.64,-22.276,-63.23
-96,0,11.68,-24.152,-65.19
-96,0,11.72,-26.318,-67.41
-96,0,11.76,-30.484,-71.6
-96,0,11.8,-39.68,-80.82
-96,0,11.84,-35.646,-76.73
-96,0,11.88,-36.982,-78.01
-96,0,11.92,-27.694,-68.82
-96,0,11.96,-30.202,-71.58
-96,0,12,-31.91,-73.54
-95,0,8,-25.52,-60.14
-95,0,8.04,-37.728,-72.44
-95,0,8.08,-34.526,-69.33
-95,0,8.12,-26.692,-61.58
-95,0,8.16,-26.746,-61.71
-95,0,8.2,-26.38,-61.42
-95,0,8.24,-26.142,-61.25
-95,0,8.28,-27.754,-62.93
-95,0,8.32,-38.516,-73.76
-95,0,8.36,-31.568,-66.88
-95,0,8.4,-34.84,-70.22
-95,0,8.44,-28.452,-64.04
-95,0,8.48,-31.454,-67.25
-95,0,8.52,-34.594,-70.62
-95,0,8.56,-30.162,-66.44
-95,0,8.6,-26.42,-62.95
-95,0,8.64,-28.034,-64.88
-95,0,8.68,-26.968,-64.13
-95,0,8.72,-28.788,-66.09
-95,0,8.76,-32.674,-69.94
-95,0,8.8,-46.21,-83.44
-95,0,8.84,-35.634,-72.82
-95,0,8.88,-34.248,-71.39
-95,0,8.92,-34.374,-71.58
-95,0,8.96,-27.642,-65.02
-95,0,9,-27.07,-64.62
-95,0,9.04,-26.044,-63.83
-95,0,9.08,-31.688,-69.71
-95,0,9.12,-28.396,-66.68
-95,0,9.16,-37.058,-75.63
-95,0,9.2,-32.01,-70.87
-95,0,9.24,-30.02,-68.62
-95,0,9.28,-31.63,-69.97
-95,0,9.32,-42.188,-80.35
-95,0,9.36,-30.504,-68.57
-95,0,9.4,-32.22,-70.19
-95,0,9.44,-28.824,-66.93
-95,0,9.48,-31.468,-69.71
-95,0,9.52,-33.732,-72.11
-95,0,9.56,-26.956,-65.47
-95,0,9.6,-29.37,-68.02
-95,0,9.64,-29.15,-67.92
-95,0,9.68,-31.97,-70.86
-95,0,9.72,-32.108,-71.09
-95,0,9.76,-30.984,-70.03
-95,0,9.8,-29.74,-68.85
-95,0,9.84,-33.856,-72.97
-95,0,9.88,-30.022,-69.14
-95,0,9.92,-27.46,-66.57
-95,0,9.96,-27.92,-67.01
-95,0,10,-32.3,-71.37
-95,0,10.04,-28.974,-68.22
-95,0,10.08,-35.978,-75.4
-95,0,10.12,-38.886,-78.44
-95,0,10.16,-30.538,-70.18
-95,0,10.2,-29.6,-69.33
-95,0,10.24,-29.572,-69.27
-95,0,10.28,-31.474,-71.14
-95,0,10.32,-26.762,-66.39
-95,0,10.36,-30.256,-69.84
-95,0,10.4,-31.19,-70.73
-95,0,10.44,-34.884,-74.42
-95,0,10.48,-30.718,-70.25
-95,0,10.52,-38.862,-78.47
-95,0,10.56,-34.416,-74.18
-95,0,10.6,-30.35,-70.27
-95,0,10.64,-30.828,-70.84
-95,0,10.68,-28.336,-68.44
-95,0,10.72,-29.036,-69.21
-95,0,10.76,-29.158,-69.38
-95,0,10.8,-29.42,-69.69
-95,0,10.84,-30.96,-71.13
-95,0,10.88,-31.1,-71.17
-95,0,10.92,-24.862,-64.87
-95,0,10.96,-25.276,-65.26
-95,0,11,-25.54,-65.5
-95,0,11.04,-34.956,-75.02
-95,0,11.08,-29.292,-69.46
-95,0,11.12,-25.956,-66.2
-95,0,11.16,-23.738,-64.03
-95,0,11.2,-24.23,-64.57
-95,0,11.24,-29.558,-69.95
-95,0,11.28,-27.046,-67.49
-95,0,11.32,-26.144,-66.66
-95,0,11.36,-36.412,-77.02
-95,0,11.4,-36.26,-76.96
-95,0,11.44,-31.302,-72.05
-95,0,11.48,-24.224,-65.02
-95,0,11.52,-20.66,-61.49
-95,0,11.56,-21.57,-62.42
-95,0,11.6,-29.8,-70.67
-95,0,11.64,-24.846,-65.8
-95,0,11.68,-25.432,-66.47
-95,0,11.72,-32.518,-73.61
-95,0,11.76,-28.274,-69.39
-95,0,11.8,-34.2,-75.34
-95,0,11.84,-24.766,-65.85
-95,0,11.88,-26.772,-67.8
-95,0,11.92,-24.374,-65.5
-95,0,11.96,-23.002,-64.38
-95,0,12,-23.16,-64.79
-94,0,8,-30.27,-64.89
-94,0,8.04,-40.768,-75.48
-94,0,8.08,-32.726,-67.53
-94,0,8.12,-27.972,-62.86
-94,0,8.16,-24.976,-59.94
-94,0,8.2,-26.22,-61.26
-94,0,8.24,-25.882,-60.99
-94,0,8.28,-26.504,-61.68
-94,0,8.32,-29.026,-64.27
-94,0,8.36,-30.938,-66.25
-94,0,8.4,-32.77,-68.15
-94,0,8.44,-31.252,-66.84
-94,0,8.48,-28.904,-64.7
-94,0,8.52,-30.344,-66.37
-94,0,8.56,-29.272,-65.55
-94,0,8.6,-31.33,-67.86
-94,0,8.64,-31.134,-67.98
-94,0,8.68,-29.668,-66.83
-94,0,8.72,-29.838,-67.14
-94,0,8.76,-32.554,-69.82
-94,0,8.8,-42.08,-79.31
-94,0,8.84,-31.194,-68.38
-94,0,8.88,-37.908,-75.05
-94,0,8.92,-36.654,-73.86
-94,0,8.96,-35.292,-72.67
-94,0,9,-34.2,-71.75
-94,0,9.04,-34.074,-71.86
-94,0,9.08,-33.738,-71.76
-94,0,9.12,-35.066,-73.35
-94,0,9.16,-39.548,-78.12
-94,0,9.2,-32.11,-70.97
-94,0,9.24,-28.7,-67.3
-94,0,9.28,-30.66,-69
-94,0,9.32,-32.058,-70.22
-94,0,9.36,-50.234,-88.3
-94,0,9.4,-37.77,-75.74
-94,0,9.44,-31.464,-69.57
-94,0,9.48,-29.908,-68.15
-94,0,9.52,-36.932,-75.31
-94,0,9.56,-29.326,-67.84
-94,0,9.6,-31.42,-70.07
-94,0,9.64,-27.02,-65.79
-94,0,9.68,-32.87,-71.76
-94,0,9.72,-28.178,-67.16
-94,0,9.76,-33.884,-72.93
-94,0,9.8,-27.89,-67
-94,0,9.84,-24.496,-63.61
-94,0,9.88,-26.912,-66.03
-94,0,9.92,-26.37,-65.48
-94,0,9.96,-31.44,-70.53
-94,0,10,-24.37,-63.44
-94,0,10.04,-24.924,-64.17
-94,0,10.08,-35.828,-75.25
-94,0,10.12,-30.786,-70.34
-94,0,10.16,-32.308,-71.95
-94,0,10.2,-31.03,-70.76
-94,0,10.24,-29.432,-69.13
-94,0,10.28,-28.194,-67.86
-94,0,10.32,-26.912,-66.54
-94,0,10.36,-28.786,-68.37
-94,0,10.4,-36.33,-75.87
-94,0,10.44,-35.544,-75.08
-94,0,10.48,-29.138,-68.67
-94,0,10.52,-42.862,-82.47
-94,0,10.56,-34.866,-74.63
-94,0,10.6,-26.95,-66.87
-94,0,10.64,-31.728,-71.74
-94,0,10.68,-26.286,-66.39
-94,0,10.72,-29.026,-69.2
-94,0,10.76,-24.118,-64.34
-94,0,10.8,-24.23,-64.5
-94,0,10.84,-30.69,-70.86
-94,0,10.88,-27.55,-67.62
-94,0,10.92,-24.802,-64.81
-94,0,10.96,-23.686,-63.67
-94,0,11,-33.14,-73.1
-94,0,11.04,-38.026,-78.09
-94,0,11.08,-28.852,-69.02
-94,0,11.12,-26.336,-66.58
-94,0,11.16,-23.598,-63.89
-94,0,11.2,-23.32,-63.66
-94,0,11.24,-26.408,-66.8
-94,0,11.28,-23.756,-64.2
-94,0,11.32,-32.204,-72.72
-94,0,11.36,-38.262,-78.87
-94,0,11.4,-47.44,-88.14
-94,0,11.44,-27.232,-67.98
-94,0,11.48,-22.404,-63.2
-94,0,11.52,-22.65,-63.48
-94,0,11.56,-23.02,-63.87
-94,0,11.6,-25.14,-66.01
-94,0,11.64,-22.686,-63.64
-94,0,11.68,-34.632,-75.67
-94,0,11.72,-25.058,-66.15
-94,0,11.76,-22.714,-63.83
-94,0,11.8,-21.93,-63.07
-94,0,11.84,-20.976,-62.06
-94,0,11.88,-20.252,-61.28
-94,0,11.92,-26.564,-67.69
-94,0,11.96,-22.162,-63.54
-94,0,12,-24.32,-65.95
-93,0,8,-29.81,-64.43
-93,0,8.04,-36.078,-70.79
-93,0,8.08,-32.786,-67.59
-93,0,8.12,-28.382,-63.27
-93,0,8.16,-24.836,-59.8
-93,0,8.2,-27.03,-62.07
-93,0,8.24,-26.042,-61.15
-93,0,8.28,-26.804,-61.98
-93,0,8.32,-28.826,-64.07
-93,0,8.36,-29.908,-65.22
-93,0,8.4,-27.74,-63.12
-93,0,8.44,-26.212,-61.8
-93,0,8.48,-25.214,-61.01
-93,0,8.52,-28.494,-64.52
-93,0,8.56,-28.942,-65.22
-93,0,8.6,-29.35,-65.88
-93,0,8.64,-31.394,-68.24
-93,0,8.68,-28.798,-65.96
-93,0,8.72,-41.578,-78.88
-93,0,8.76,-46.404,-83.67
-93,0,8.8,-29.52,-66.75
-93,0,8.84,-29.544,-66.73
-93,0,8.88,-32.028,-69.17
-93,0,8.92,-35.194,-72.4
-93,0,8.96,-34.932,-72.31
-93,0,9,-35.95,-73.5
-93,0,9.04,-35.304,-73.09
-93,0,9.08,-34.438,-72.46
-93,0,9.12,-44.306,-82.59
-93,0,9.16,-37.118,-75.69
-93,0,9.2,-32.77,-71.63
-93,0,9.24,-29.56,-68.16
-93,0,9.28,-34.71,-73.05
-93,0,9.32,-40.158,-78.32
-93,0,9.36,-35.944,-74.01
-93,0,9.4,-41.49,-79.46
-93,0,9.44,-28.444,-66.55
-93,0,9.48,-27.328,-65.57
-93,0,9.52,-36.882,-75.26
-93,0,9.56,-29.836,-68.35
-93,0,9.6,-29.1,-67.75
-93,0,9.64,-27.97,-66.74
-93,0,9.68,-26.1,-64.99
-93,0,9.72,-27.938,-66.92
-93,0,9.76,-28.544,-67.59
-93,0,9.8,-25.26,-64.37
-93,0,9.84,-25.596,-64.71
-93,0,9.88,-24.742,-63.86
-93,0,9.92,-25.61,-64.72
-93,0,9.96,-27.02,-66.11
-93,0,10,-24.5,-63.57
-93,0,10.04,-28.454,-67.7
-93,0,10.08,-42.178,-81.6
-93,0,10.12,-30.446,-70
-93,0,10.16,-32.178,-71.82
-93,0,10.2,-29.8,-69.53
-93,0,10.24,-24.512,-64.21
-93,0,10.28,-28.504,-68.17
-93,0,10.32,-27.662,-67.29
-93,0,10.36,-30.426,-70.01
-93,0,10.4,-31.33,-70.87
-93,0,10.44,-38.494,-78.03
-93,0,10.48,-27.038,-66.57
-93,0,10.52,-34.052,-73.66
-93,0,10.56,-28.556,-68.32
-93,0,10.6,-25.7,-65.62
-93,0,10.64,-22.178,-62.19
-93,0,10.68,-28.806,-68.91
-93,0,10.72,-30.526,-70.7
-93,0,10.76,-27.908,-68.13
-93,0,10.8,-27.66,-67.93
-93,0,10.84,-36.77,-76.94
-93,0,10.88,-31.3,-71.37
-93,0,10.92,-24.602,-64.61
-93,0,10.96,-25.936,-65.92
-93,0,11,-27.76,-67.72
-93,0,11.04,-26.406,-66.47
-93,0,11.08,-28.412,-68.58
-93,0,11.12,-23.366,-63.61
-93,0,11.16,-25.698,-65.99
-93,0,11.2,-30.5,-70.84
-93,0,11.24,-26.608,-67
-93,0,11.28,-27.486,-67.93
-93,0,11.32,-34.184,-74.7
-93,0,11.36,-29.612,-70.22
-93,0,11.4,-35.65,-76.35
-93,0,11.44,-24.932,-65.68
-93,0,11.48,-21.304,-62.1
-93,0,11.52,-23.46,-64.29
-93,0,11.56,-23.85,-64.7
-93,0,11.6,-23.57,-64.44
-93,0,11.64,-23.466,-64.42
-93,0,11.68,-30.472,-71.51
-93,0,11.72,-22.468,-63.56
-93,0,11.76,-19.684,-60.8
-93,0,11.8,-20.42,-61.56
-93,0,11.84,-20.256,-61.34
-93,0,11.88,-20.992,-62.02
-93,0,11.92,-18.584,-59.71
-93,0,11.96,-21.022,-62.4
-93,0,12,-19.19,-60.82
-92,0,8,-36.89,-71.51
-92,0,8.04,-35.258,-69.97
-92,0,8.08,-29.446,-64.25
-92,0,8.12,-28.072,-62.96
-92,0,8.16,-25.966,-60.93
-92,0,8.2,-25.13,-60.17
-92,0,8.24,-26.312,-61.42
-92,0,8.28,-23.144,-58.32
-92,0,8.32,-24.536,-59.78
-92,0,8.36,-24.138,-59.45
-92,0,8.4,-23.33,-58.71
-92,0,8.44,-26.302,-61.89
-92,0,8.48,-25.294,-61.09
-92,0,8.52,-27.954,-63.98
-92,0,8.56,-30.782,-67.06
-92,0,8.6,-27.53,-64.06
-92,0,8.64,-28.784,-65.63
-92,0,8.68,-30.998,-68.16
-92,0,8.72,-37.758,-75.06
-92,0,8.76,-36.814,-74.08
-92,0,8.8,-29.61,-66.84
-92,0,8.84,-29.804,-66.99
-92,0,8.88,-30.518,-67.66
-92,0,8.92,-40.034,-77.24
-92,0,8.96,-34.352,-71.73
-92,0,9,-36.33,-73.88
-92,0,9.04,-42.024,-79.81
-92,0,9.08,-34.638,-72.66
-92,0,9.12,-32.826,-71.11
-92,0,9.16,-34.398,-72.97
-92,0,9.2,-25.56,-64.42
-92,0,9.24,-28.84,-67.44
-92,0,9.28,-33.24,-71.58
-92,0,9.32,-47.708,-85.87
-92,0,9.36,-42.634,-80.7
-92,0,9.4,-32.26,-70.23
-92,0,9.44,-31.234,-69.34
-92,0,9.48,-29.428,-67.67
-92,0,9.52,-31.652,-70.03
-92,0,9.56,-27.926,-66.44
-92,0,9.6,-29.78,-68.43
-92,0,9.64,-27.55,-66.32
-92,0,9.68,-27.37,-66.26
-92,0,9.72,-28.638,-67.62
-92,0,9.76,-26.714,-65.76
-92,0,9.8,-31.27,-70.38
-92,0,9.84,-26.116,-65.23
-92,0,9.88,-26.072,-65.19
-92,0,9.92,-27.28,-66.39
-92,0,9.96,-27.24,-66.33
-92,0,10,-25.3,-64.37
-92,0,10.04,-28.144,-67.39
-92,0,10.08,-30.048,-69.47
-92,0,10.12,-30.096,-69.65
-92,0,10.16,-40.988,-80.63
-92,0,10.2,-25.91,-65.64
-92,0,10.24,-26.612,-66.31
-92,0,10.28,-23.574,-63.24
-92,0,10.32,-23.532,-63.16
-92,0,10.36,-33.136,-72.72
-92,0,10.4,-31.59,-71.13
-92,0,10.44,-34.444,-73.98
-92,0,10.48,-39.118,-78.65
-92,0,10.52,-27.222,-66.83
-92,0,10.56,-27.926,-67.69
-92,0,10.6,-31.33,-71.25
-92,0,10.64,-30.128,-70.14
-92,0,10.68,-31.076,-71.18
-92,0,10.72,-27.786,-67.96
-92,0,10.76,-26.788,-67.01
-92,0,10.8,-25.88,-66.15
-92,0,10.84,-27.08,-67.25
-92,0,10.88,-27.38,-67.45
-92,0,10.92,-25.912,-65.92
-92,0,10.96,-25.366,-65.35
-92,0,11,-28.15,-68.11
-92,0,11.04,-26.286,-66.35
-92,0,11.08,-29.082,-69.25
-92,0,11.12,-24.926,-65.17
-92,0,11.16,-25.048,-65.34
-92,0,11.2,-27.93,-68.27
-92,0,11.24,-31.228,-71.62
-92,0,11.28,-31.656,-72.1
-92,0,11.32,-32.904,-73.42
-92,0,11.36,-32.302,-72.91
-92,0,11.4,-36.28,-76.98
-92,0,11.44,-26.092,-66.84
-92,0,11.48,-20.554,-61.35
-92,0,11.52,-21.59,-62.42
-92,0,11.56,-21.34,-62.19
-92,0,11.6,-19.85,-60.72
-92,0,11.64,-28.746,-69.7
-92,0,11.68,-27.692,-68.73
-92,0,11.72,-22.088,-63.18
-92,0,11.76,-20.034,-61.15
-92,0,11.8,-20.46,-61.6
-92,0,11.84,-20.006,-61.09
-92,0,11.88,-20.462,-61.49
-92,0,11.92,-21.384,-62.51
-92,0,11.96,-18.282,-59.66
-92,0,12,-20.73,-62.36
-91,0,8,-36.5,-71.12
-91,0,8.04,-34.788,-69.5
-91,0,8.08,-38.236,-73.04
-91,0,8.12,-28.622,-63.51
-91,0,8.16,-27.616,-62.58
-91,0,8.2,-25.12,-60.16
-91,0,8.24,-26.792,-61.9
-91,0,8.28,-24.304,-59.48
-91,0,8.32,-25.006,-60.25
-91,0,8.36,-23.828,-59.14
-91,0,8.4,-24.27,-59.65
-91,0,8.44,-23.302,-58.89
-91,0,8.48,-25.184,-60.98
-91,0,8.52,-27.534,-63.56
-91,0,8.56,-28.302,-64.58
-91,0,8.6,-29.36,-65.89
-91,0,8.64,-29.134,-65.98
-91,0,8.68,-28.498,-65.66
-91,0,8.72,-33.568,-70.87
-91,0,8.76,-33.804,-71.07
-91,0,8.8,-29.56,-66.79
-91,0,8.84,-26.994,-64.18
-91,0,8.88,-36.108,-73.25
-91,0,8.92,-32.664,-69.87
-91,0,8.96,-40.692,-78.07
-91,0,9,-39.53,-77.08
-91,0,9.04,-34.834,-72.62
-91,0,9.08,-34.778,-72.8
-91,0,9.12,-32.496,-70.78
-91,0,9.16,-27.738,-66.31
-91,0,9.2,-28.36,-67.22
-91,0,9.24,-26.9,-65.5
-91,0,9.28,-39.6,-77.94
-91,0,9.32,-45.778,-83.94
-91,0,9.36,-33.684,-71.75
-91,0,9.4,-30.22,-68.19
-91,0,9.44,-28.644,-66.75
-91,0,9.48,-28.148,-66.39
-91,0,9.52,-31.592,-69.97
-91,0,9.56,-30.046,-68.56
-91,0,9.6,-25.67,-64.32
-91,0,9.64,-27.44,-66.21
-91,0,9.68,-23.63,-62.52
-91,0,9.72,-25.918,-64.9
-91,0,9.76,-27.534,-66.58
-91,0,9.8,-30.83,-69.94
-91,0,9.84,-29.306,-68.42
-91,0,9.88,-24.802,-63.92
-91,0,9.92,-24.83,-63.94
-91,0,9.96,-26.17,-65.26
-91,0,10,-25.22,-64.29
-91,0,10.04,-33.434,-72.68
-91,0,10.08,-30.778,-70.2
-91,0,10.12,-31.676,-71.23
-91,0,10.16,-37.168,-76.81
-91,0,10.2,-24.19,-63.92
-91,0,10.24,-25.962,-65.66
-91,0,10.28,-25.604,-65.27
-91,0,10.32,-26.542,-66.17
-91,0,10.36,-28.626,-68.21
-91,0,10.4,-38.6,-78.14
-91,0,10.44,-30.764,-70.3
-91,0,10.48,-27.838,-67.37
-91,0,10.52,-30.002,-69.61
-91,0,10.56,-32.996,-72.76
-91,0,10.6,-30.76,-70.68
-91,0,10.64,-31.238,-71.25
-91,0,10.68,-26.956,-67.06
-91,0,10.72,-32.286,-72.46
-91,0,10.76,-25.888,-66.11
-91,0,10.8,-27.47,-67.74
-91,0,10.84,-29.81,-69.98
-91,0,10.88,-30.46,-70.53
-91,0,10.92,-31.572,-71.58
-91,0,10.96,-25.296,-65.28
-91,0,11,-26.53,-66.49
-91,0,11.04,-28.686,-68.75
-91,0,11.08,-25.092,-65.26
-91,0,11.12,-21.416,-61.66
-91,0,11.16,-24.198,-64.49
-91,0,11.2,-27.53,-67.87
-91,0,11.24,-26.558,-66.95
-91,0,11.28,-27.886,-68.33
-91,0,11.32,-29.394,-69.91
-91,0,11.36,-24.762,-65.37
-91,0,11.4,-40.16,-80.86
-91,0,11.44,-24.162,-64.91
-91,0,11.48,-23.374,-64.17
-91,0,11.52,-23.92,-64.75
-91,0,11.56,-22.44,-63.29
-91,0,11.6,-25.45,-66.32
-91,0,11.64,-24.246,-65.2
-91,0,11.68,-30.022,-71.06
-91,0,11.72,-21.398,-62.49
-91,0,11.76,-18.984,-60.1
-91,0,11.8,-18.17,-59.31
-91,0,11.84,-19.416,-60.5
-91,0,11.88,-21.352,-62.38
-91,0,11.92,-22.594,-63.72
-91,0,11.96,-22.142,-63.52
-91,0,12,-20.74,-62.37
-90,0,8,-34.75,-69.37
-90,0,8.04,-35.948,-70.66
-90,0,8.08,-31.776,-66.58
-90,0,8.12,-33.582,-68.47
-90,0,8.16,-27.296,-62.26
-90,0,8.2,-28.06,-63.1
-90,0,8.24,-24.532,-59.64
-90,0,8.28,-24.864,-60.04
-90,0,8.32,-24.486,-59.73
-90,0,8.36,-24.208,-59.52
-90,0,8.4,-22.52,-57.9
-90,0,8.44,-21.672,-57.26
-90,0,8.48,-22.464,-58.26
-90,0,8.52,-26.544,-62.57
-90,0,8.56,-27.002,-63.28
-90,0,8.6,-25.93,-62.46
-90,0,8.64,-25.944,-62.79
-90,0,8.68,-27.268,-64.43
-90,0,8.72,-28.328,-65.63
-90,0,8.76,-33.464,-70.73
-90,0,8.8,-29.25,-66.48
-90,0,8.84,-28.324,-65.51
-90,0,8.88,-30.248,-67.39
-90,0,8.92,-29.434,-66.64
-90,0,8.96,-35.302,-72.68
-90,0,9,-30.4,-67.95
-90,0,9.04,-41.274,-79.06
-90,0,9.08,-31.928,-69.95
-90,0,9.12,-29.756,-68.04
-90,0,9.16,-26.808,-65.38
-90,0,9.2,-29.11,-67.97
-90,0,9.24,-27.95,-66.55
-90,0,9.28,-35.94,-74.28
-90,0,9.32,-35.068,-73.23
-90,0,9.36,-29.904,-67.97
-90,0,9.4,-25.88,-63.85
-90,0,9.44,-26.374,-64.48
-90,0,9.48,-29.148,-67.39
-90,0,9.52,-33.882,-72.26
-90,0,9.56,-26.846,-65.36
-90,0,9.6,-27.56,-66.21
-90,0,9.64,-25.94,-64.71
-90,0,9.68,-27.04,-65.93
-90,0,9.72,-25.148,-64.13
-90,0,9.76,-27.174,-66.22
-90,0,9.8,-31.37,-70.48
-90,0,9.84,-26.336,-65.45
-90,0,9.88,-33.922,-73.04
-90,0,9.92,-27.5,-66.61
-90,0,9.96,-25.72,-64.81
-90,0,10,-28.29,-67.36
-90,0,10.04,-30.634,-69.88
-90,0,10.08,-31.218,-70.64
-90,0,10.12,-27.026,-66.58
-90,0,10.16,-32.008,-71.65
-90,0,10.2,-28.92,-68.65
-90,0,10.24,-26.212,-65.91
-90,0,10.28,-27.244,-66.91
-90,0,10.32,-26.542,-66.17
-90,0,10.36,-33.046,-72.63
-90,0,10.4,-40.15,-79.69
-90,0,10.44,-36.184,-75.72
-90,0,10.48,-25.048,-64.58
-90,0,10.52,-27.852,-67.46
-90,0,10.56,-29.076,-68.84
-90,0,10.6,-28.21,-68.13
-90,0,10.64,-29.618,-69.63
-90,0,10.68,-32.076,-72.18
-90,0,10.72,-27.586,-67.76
-90,0,10.76,-27.128,-67.35
-90,0,10.8,-29.41,-69.68
-90,0,10.84,-29.5,-69.67
-90,0,10.88,-26.44,-66.51
-90,0,10.92,-25.142,-65.15
-90,0,10.96,-23.406,-63.39
-90,0,11,-23.65,-63.61
-90,0,11.04,-24.796,-64.86
-90,0,11.08,-31.732,-71.9
-90,0,11.12,-23.176,-63.42
-90,0,11.16,-21.688,-61.98
-90,0,11.2,-24.45,-64.79
-90,0,11.24,-28.468,-68.86
-90,0,11.28,-33.546,-73.99
-90,0,11.32,-34.044,-74.56
-90,0,11.36,-26.742,-67.35
-90,0,11.4,-32.47,-73.17
-90,0,11.44,-29.432,-70.18
-90,0,11.48,-24.034,-64.83
-90,0,11.52,-28.3,-69.13
-90,0,11.56,-23.56,-64.41
-90,0,11.6,-22.14,-63.01
-90,0,11.64,-25.936,-66.89
-90,0,11.68,-31.612,-72.65
-90,0,11.72,-21.798,-62.89
-90,0,11.76,-23.274,-64.39
-90,0,11.8,-21.69,-62.83
-90,0,11.84,-21.906,-62.99
-90,0,11.88,-21.362,-62.39
-90,0,11.92,-22.234,-63.36
-90,0,11.96,-21.132,-62.51
-90,0,12,-22.95,-64.58
-89,0,8,-35.21,-69.83
-89,0,8.04,-27.918,-62.63
-89,0,8.08,-30.956,-65.76
-89,0,8.12,-35.442,-70.33
-89,0,8.16,-33.056,-68.02
-89,0,8.2,-26.62,-61.66
-89,0,8.24,-24.802,-59.91
-89,0,8.28,-24.154,-59.33
-89,0,8.32,-24.646,-59.89
-89,0,8.36,-23.648,-58.96
-89,0,8.4,-23.8,-59.18
-89,0,8.44,-23.142,-58.73
-89,0,8.48,-23.534,-59.33
-89,0,8.52,-26.554,-62.58
-89,0,8.56,-26.722,-63
-89,0,8.6,-25.38,-61.91
-89,0,8.64,-24.234,-61.08
-89,0,8.68,-25.978,-63.14
-89,0,8.72,-28.868,-66.17
-89,0,8.76,-25.354,-62.62
-89,0,8.8,-25.85,-63.08
-89,0,8.84,-26.824,-64.01
-89,0,8.88,-28.378,-65.52
-89,0,8.92,-29.914,-67.12
-89,0,8.96,-37.252,-74.63
-89,0,9,-49.13,-86.68
-89,0,9.04,-30.754,-68.54
-89,0,9.08,-25.558,-63.58
-89,0,9.12,-28.966,-67.25
-89,0,9.16,-28.308,-66.88
-89,0,9.2,-26.41,-65.27
-89,0,9.24,-26.84,-65.44
-89,0,9.28,-31.35,-69.69
-89,0,9.32,-42.918,-81.08
-89,0,9.36,-33.184,-71.25
-89,0,9.4,-26.14,-64.11
-89,0,9.44,-28.124,-66.23
-89,0,9.48,-28.228,-66.47
-89,0,9.52,-33.942,-72.32
-89,0,9.56,-25.146,-63.66
-89,0,9.6,-25.93,-64.58
-89,0,9.64,-29.76,-68.53
-89,0,9.68,-27.99,-66.88
-89,0,9.72,-25.428,-64.41
-89,0,9.76,-25.634,-64.68
-89,0,9.8,-27.68,-66.79
-89,0,9.84,-25.746,-64.86
-89,0,9.88,-27.662,-66.78
-89,0,9.92,-29.97,-69.08
-89,0,9.96,-24.28,-63.37
-89,0,10,-26.81,-65.88
-89,0,10.04,-31.654,-70.9
-89,0,10.08,-28.008,-67.43
-89,0,10.12,-27.556,-67.11
-89,0,10.16,-34.698,-74.34
-89,0,10.2,-26.17,-65.9
-89,0,10.24,-25.512,-65.21
-89,0,10.28,-28.134,-67.8
-89,0,10.32,-29.712,-69.34
-89,0,10.36,-38.536,-78.12
-89,0,10.4,-30.91,-70.45
-89,0,10.44,-35.814,-75.35
-89,0,10.48,-25.928,-65.46
-89,0,10.52,-24.342,-63.95
-89,0,10.56,-37.236,-77
-89,0,10.6,-37.39,-77.31
-89,0,10.64,-36.258,-76.27
-89,0,10.68,-31.046,-71.15
-89,0,10.72,-32.556,-72.73
-89,0,10.76,-24.678,-64.9
-89,0,10.8,-26.99,-67.26
-89,0,10.84,-28.56,-68.73
-89,0,10.88,-26.58,-66.65
-89,0,10.92,-26.692,-66.7
-89,0,10.96,-30.836,-70.82
-89,0,11,-29.23,-69.19
-89,0,11.04,-28.606,-68.67
-89,0,11.08,-24.422,-64.59
-89,0,11.12,-25.496,-65.74
-89,0,11.16,-23.798,-64.09
-89,0,11.2,-26.78,-67.12
-89,0,11.24,-29.408,-69.8
-89,0,11.28,-34.166,-74.61
-89,0,11.32,-36.074,-76.59
-89,0,11.36,-29.932,-70.54
-89,0,11.4,-34.65,-75.35
-89,0,11.44,-28.762,-69.51
-89,0,11.48,-23.824,-64.62
-89,0,11.52,-31.08,-71.91
-89,0,11.56,-29.44,-70.29
-89,0,11.6,-23.61,-64.48
-89,0,11.64,-28.206,-69.16
-89,0,11.68,-35.952,-76.99
-89,0,11.72,-26.278,-67.37
-89,0,11.76,-23.344,-64.46
-89,0,11.8,-23.6,-64.74
-89,0,11.84,-23.456,-64.54
-89,0,11.88,-25.702,-66.73
-89,0,11.92,-26.584,-67.71
-89,0,11.96,-23.052,-64.43
-89,0,12,-23.49,-65.12
-88,0,8,-31.82,-66.44
-88,0,8.04,-26.818,-61.53
-88,0,8.08,-29.606,-64.41
-88,0,8.12,-36.372,-71.26
-88,0,8.16,-32.296,-67.26
-88,0,8.2,-25.65,-60.69
-88,0,8.24,-23.182,-58.29
-88,0,8.28,-23.244,-58.42
-88,0,8.32,-24.156,-59.4
-88,0,8.36,-23.248,-58.56
-88,0,8.4,-23.21,-58.59
-88,0,8.44,-22.682,-58.27
-88,0,8.48,-22.984,-58.78
-88,0,8.52,-24.254,-60.28
-88,0,8.56,-24.562,-60.84
-88,0,8.6,-26.71,-63.24
-88,0,8.64,-25.444,-62.29
-88,0,8.68,-26.318,-63.48
-88,0,8.72,-24.758,-62.06
-88,0,8.76,-24.184,-61.45
-88,0,8.8,-24.66,-61.89
-88,0,8.84,-27.144,-64.33
-88,0,8.88,-26.768,-63.91
-88,0,8.92,-27.364,-64.57
-88,0,8.96,-36.232,-73.61
-88,0,9,-44.84,-82.39
-88,0,9.04,-35.914,-73.7
-88,0,9.08,-27.118,-65.14
-88,0,9.12,-26.776,-65.06
-88,0,9.16,-24.418,-62.99
-88,0,9.2,-29.68,-68.54
-88,0,9.24,-25.42,-64.02
-88,0,9.28,-32.84,-71.18
-88,0,9.32,-33.758,-71.92
-88,0,9.36,-26.114,-64.18
-88,0,9.4,-30.3,-68.27
-88,0,9.44,-25.414,-63.52
-88,0,9.48,-29.978,-68.22
-88,0,9.52,-34.192,-72.57
-88,0,9.56,-29.426,-67.94
-88,0,9.6,-26.71,-65.36
-88,0,9.64,-27.88,-66.65
-88,0,9.68,-26.61,-65.5
-88,0,9.72,-28.978,-67.96
-88,0,9.76,-29.334,-68.38
-88,0,9.8,-27.84,-66.95
-88,0,9.84,-24.256,-63.37
-88,0,9.88,-33.722,-72.84
-88,0,9.92,-33.64,-72.75
-88,0,9.96,-25.2,-64.29
-88,0,10,-26.68,-65.75
-88,0,10.04,-27.324,-66.57
-88,0,10.08,-31.858,-71.28
-88,0,10.12,-30.596,-70.15
-88,0,10.16,-28.898,-68.54
-88,0,10.2,-34.84,-74.57
-88,0,10.24,-32.712,-72.41
-88,0,10.28,-36.094,-75.76
-88,0,10.32,-27.472,-67.1
-88,0,10.36,-39.636,-79.22
-88,0,10.4,-30.04,-69.58
-88,0,10.44,-26.134,-65.67
-88,0,10.48,-24.018,-63.55
-88,0,10.52,-26.832,-66.44
-88,0,10.56,-25.106,-64.87
-88,0,10.6,-25.76,-65.68
-88,0,10.64,-31.108,-71.12
-88,0,10.68,-30.426,-70.53
-88,0,10.72,-47.336,-87.51
-88,0,10.76,-26.938,-67.16
-88,0,10.8,-41.41,-81.68
-88,0,10.84,-30.5,-70.67
-88,0,10.88,-30.87,-70.94
-88,0,10.92,-29.762,-69.77
-88,0,10.96,-27.186,-67.17
-88,0,11,-29.94,-69.9
-88,0,11.04,-33.376,-73.44
-88,0,11.08,-27.912,-68.08
-88,0,11.12,-24.456,-64.7
-88,0,11.16,-25.058,-65.35
-88,0,11.2,-24.07,-64.41
-88,0,11.24,-24.318,-64.71
-88,0,11.28,-27.806,-68.25
-88,0,11.32,-45.074,-85.59
-88,0,11.36,-32.662,-73.27
-88,0,11.4,-39.74,-80.44
-88,0,11.44,-31.232,-71.98
-88,0,11.48,-30.994,-71.79
-88,0,11.52,-28.28,-69.11
-88,0,11.56,-28.08,-68.93
-88,0,11.6,-29.76,-70.63
-88,0,11.64,-23.336,-64.29
-88,0,11.68,-29.992,-71.03
-88,0,11.72,-37.908,-79
-88,0,11.76,-27.624,-68.74
-88,0,11.8,-29.85,-70.99
-88,0,11.84,-32.396,-73.48
-88,0,11.88,-29.322,-70.35
-88,0,11.92,-32.914,-74.04
-88,0,11.96,-31.502,-72.88
-88,0,12,-28,-69.63
-87,0,8,-29.35,-63.97
-87,0,8.04,-26.698,-61.41
-87,0,8.08,-27.596,-62.4
-87,0,8.12,-46.172,-81.06
-87,0,8.16,-30.996,-65.96
-87,0,8.2,-26.59,-61.63
-87,0,8.24,-23.892,-59
-87,0,8.28,-22.524,-57.7
-87,0,8.32,-25.286,-60.53
-87,0,8.36,-23.728,-59.04
-87,0,8.4,-23.64,-59.02
-87,0,8.44,-24.342,-59.93
-87,0,8.48,-25.714,-61.51
-87,0,8.52,-24.954,-60.98
-87,0,8.56,-26.322,-62.6
-87,0,8.6,-23.23,-59.76
-87,0,8.64,-22.114,-58.96
-87,0,8.68,-23.298,-60.46
-87,0,8.72,-26.228,-63.53
-87,0,8.76,-24.284,-61.55
-87,0,8.8,-25.79,-63.02
-87,0,8.84,-24.504,-61.69
-87,0,8.88,-25.378,-62.52
-87,0,8.92,-31.284,-68.49
-87,0,8.96,-49.672,-87.05
-87,0,9,-40.06,-77.61
-87,0,9.04,-32.304,-70.09
-87,0,9.08,-26.998,-65.02
-87,0,9.12,-29.736,-68.02
-87,0,9.16,-28.638,-67.21
-87,0,9.2,-24.88,-63.74
-87,0,9.24,-23.93,-62.53
-87,0,9.28,-37.66,-76
-87,0,9.32,-35.038,-73.2
-87,0,9.36,-30.514,-68.58
-87,0,9.4,-27.27,-65.24
-87,0,9.44,-28.194,-66.3
-87,0,9.48,-32.448,-70.69
-87,0,9.52,-31.162,-69.54
-87,0,9.56,-35.726,-74.24
-87,0,9.6,-30.9,-69.55
-87,0,9.64,-27.27,-66.04
-87,0,9.68,-29.6,-68.49
-87,0,9.72,-28.008,-66.99
-87,0,9.76,-30.494,-69.54
-87,0,9.8,-28.21,-67.32
-87,0,9.84,-27.326,-66.44
-87,0,9.88,-29.052,-68.17
-87,0,9.92,-28.19,-67.3
-87,0,9.96,-24.74,-63.83
-87,0,10,-26.21,-65.28
-87,0,10.04,-30.824,-70.07
-87,0,10.08,-30.288,-69.71
-87,0,10.12,-30.096,-69.65
-87,0,10.16,-32.168,-71.81
-87,0,10.2,-29,-68.73
-87,0,10.24,-28.572,-68.27
-87,0,10.28,-29.324,-68.99
-87,0,10.32,-48.082,-87.71
-87,0,10.36,-33.156,-72.74
-87,0,10.4,-35.15,-74.69
-87,0,10.44,-34.464,-74
-87,0,10.48,-24.078,-63.61
-87,0,10.52,-22.952,-62.56
-87,0,10.56,-23.126,-62.89
-87,0,10.6,-25.96,-65.88
-87,0,10.64,-31.008,-71.02
-87,0,10.68,-36.036,-76.14
-87,0,10.72,-32.066,-72.24
-87,0,10.76,-36.708,-76.93
-87,0,10.8,-34.04,-74.31
-87,0,10.84,-33.31,-73.48
-87,0,10.88,-33.55,-73.62
-87,0,10.92,-30.412,-70.42
-87,0,10.96,-28.746,-68.73
-87,0,11,-31.5,-71.46
-87,0,11.04,-33.296,-73.36
-87,0,11.08,-32.972,-73.14
-87,0,11.12,-29.136,-69.38
-87,0,11.16,-29.308,-69.6
-87,0,11.2,-28.18,-68.52
-87,0,11.24,-24.468,-64.86
-87,0,11.28,-25.066,-65.51
-87,0,11.32,-30.204,-70.72
-87,0,11.36,-28.912,-69.52
-87,0,11.4,-25.11,-65.81
-87,0,11.44,-33.002,-73.75
-87,0,11.48,-29.274,-70.07
-87,0,11.52,-30.39,-71.22
-87,0,11.56,-25.98,-66.83
-87,0,11.6,-29.92,-70.79
-87,0,11.64,-22.656,-63.61
-87,0,11.68,-23.282,-64.32
-87,0,11.72,-34.348,-75.44
-87,0,11.76,-31.084,-72.2
-87,0,11.8,-36.77,-77.91
-87,0,11.84,-30.956,-72.04
-87,0,11.88,-32.052,-73.08
-87,0,11.92,-32.154,-73.28
-87,0,11.96,-40.912,-82.29
-87,0,12,-27.57,-69.2
-86,0,8,-26.4,-61.02
-86,0,8.04,-24.658,-59.37
-86,0,8.08,-27.646,-62.45
-86,0,8.12,-39.482,-74.37
-86,0,8.16,-31.686,-66.65
-86,0,8.2,-26.55,-61.59
-86,0,8.24,-24.402,-59.51
-86,0,8.28,-23.074,-58.25
-86,0,8.32,-23.256,-58.5
-86,0,8.36,-25.168,-60.48
-86,0,8.4,-25.65,-61.03
-86,0,8.44,-23.062,-58.65
-86,0,8.48,-24.184,-59.98
-86,0,8.52,-23.994,-60.02
-86,0,8.56,-25.252,-61.53
-86,0,8.6,-23.38,-59.91
-86,0,8.64,-22.564,-59.41
-86,0,8.68,-22.128,-59.29
-86,0,8.72,-25.248,-62.55
-86,0,8.76,-24.234,-61.5
-86,0,8.8,-26.37,-63.6
-86,0,8.84,-24.004,-61.19
-86,0,8.88,-26.658,-63.8
-86,0,8.92,-29.394,-66.6
-86,0,8.96,-35.412,-72.79
-86,0,9,-37.26,-74.81
-86,0,9.04,-32.984,-70.77
-86,0,9.08,-28.418,-66.44
-86,0,9.12,-30.356,-68.64
-86,0,9.16,-27.978,-66.55
-86,0,9.2,-27.79,-66.65
-86,0,9.24,-23.96,-62.56
-86,0,9.28,-31.36,-69.7
-86,0,9.32,-39.778,-77.94
-86,0,9.36,-27.314,-65.38
-86,0,9.4,-27.22,-65.19
-86,0,9.44,-33.504,-71.61
-86,0,9.48,-31.768,-70.01
-86,0,9.52,-39.882,-78.26
-86,0,9.56,-34.096,-72.61
-86,0,9.6,-33.16,-71.81
-86,0,9.64,-30.61,-69.38
-86,0,9.68,-35.1,-73.99
-86,0,9.72,-38.008,-76.99
-86,0,9.76,-42.914,-81.96
-86,0,9.8,-32.94,-72.05
-86,0,9.84,-26.106,-65.22
-86,0,9.88,-31.432,-70.55
-86,0,9.92,-37.68,-76.79
-86,0,9.96,-26.22,-65.31
-86,0,10,-30.12,-69.19
-86,0,10.04,-27.544,-66.79
-86,0,10.08,-28.138,-67.56
-86,0,10.12,-33.806,-73.36
-86,0,10.16,-32.158,-71.8
-86,0,10.2,-25.95,-65.68
-86,0,10.24,-27.802,-67.5
-86,0,10.28,-31.414,-71.08
-86,0,10.32,-31.232,-70.86
-86,0,10.36,-33.606,-73.19
-86,0,10.4,-29.2,-68.74
-86,0,10.44,-26.154,-65.69
-86,0,10.48,-24.938,-64.47
-86,0,10.52,-23.532,-63.14
-86,0,10.56,-22.466,-62.23
-86,0,10.6,-23.63,-63.55
-86,0,10.64,-25.248,-65.26
-86,0,10.68,-30.346,-70.45
-86,0,10.72,-31.266,-71.44
-86,0,10.76,-30.878,-71.1
-86,0,10.8,-36.72,-76.99
-86,0,10.84,-33.28,-73.45
-86,0,10.88,-31.89,-71.96
-86,0,10.92,-31.332,-71.34
-86,0,10.96,-28.706,-68.69
-86,0,11,-31.21,-71.17
-86,0,11.04,-40.526,-80.59
-86,0,11.08,-40.102,-80.27
-86,0,11.12,-35.056,-75.3
-86,0,11.16,-28.328,-68.62
-86,0,11.2,-26.6,-66.94
-86,0,11.24,-24.738,-65.13
-86,0,11.28,-22.896,-63.34
-86,0,11.32,-27.594,-68.11
-86,0,11.36,-30.142,-70.75
-86,0,11.4,-23.46,-64.16
-86,0,11.44,-24.812,-65.56
-86,0,11.48,-29.284,-70.08
-86,0,11.52,-28.13,-68.96
-86,0,11.56,-30.09,-70.94
-86,0,11.6,-25.6,-66.47
-86,0,11.64,-22.226,-63.18
-86,0,11.68,-21.362,-62.4
-86,0,11.72,-22.508,-63.6
-86,0,11.76,-24.394,-65.51
-86,0,11.8,-25.64,-66.78
-86,0,11.84,-29.416,-70.5
-86,0,11.88,-23.222,-64.25
-86,0,11.92,-28.224,-69.35
-86,0,11.96,-30.122,-71.5
-86,0,12,-30.19,-71.82
-85,0,8,-25.68,-60.3
-85,0,8.04,-25.888,-60.6
-85,0,8.08,-27.276,-62.08
-85,0,8.12,-34.672,-69.56
-85,0,8.16,-33.046,-68.01
-85,0,8.2,-27.54,-62.58
-85,0,8.24,-23.842,-58.95
-85,0,8.28,-22.154,-57.33
-85,0,8.32,-24.246,-59.49
-85,0,8.36,-24.998,-60.31
-85,0,8.4,-25.18,-60.56
-85,0,8.44,-25.182,-60.77
-85,0,8.48,-28.734,-64.53
-85,0,8.52,-25.344,-61.37
-85,0,8.56,-24.962,-61.24
-85,0,8.6,-22.84,-59.37
-85,0,8.64,-21.984,-58.83
-85,0,8.68,-22.968,-60.13
-85,0,8.72,-23.958,-61.26
-85,0,8.76,-24.774,-62.04
-85,0,8.8,-26.94,-64.17
-85,0,8.84,-27.564,-64.75
-85,0,8.88,-26.748,-63.89
-85,0,8.92,-26.634,-63.84
-85,0,8.96,-44.462,-81.84
-85,0,9,-36.17,-73.72
-85,0,9.04,-52.404,-90.19
-85,0,9.08,-30.408,-68.43
-85,0,9.12,-34.006,-72.29
-85,0,9.16,-31.528,-70.1
-85,0,9.2,-25.66,-64.52
-85,0,9.24,-25.78,-64.38
-85,0,9.28,-28.9,-67.24
-85,0,9.32,-39.288,-77.45
-85,0,9.36,-31.914,-69.98
-85,0,9.4,-31.73,-69.7
-85,0,9.44,-27.924,-66.03
-85,0,9.48,-30.638,-68.88
-85,0,9.52,-33.752,-72.13
-85,0,9.56,-37.566,-76.08
-85,0,9.6,-48.68,-87.33
-85,0,9.64,-38.71,-77.48
-85,0,9.68,-36.61,-75.5
-85,0,9.72,-44.158,-83.14
-85,0,9.76,-39.214,-78.26
-85,0,9.8,-35.34,-74.45
-85,0,9.84,-33.766,-72.88
-85,0,9.88,-52.452,-91.57
-85,0,9.92,-31.33,-70.44
-85,0,9.96,-33.63,-72.72
-85,0,10,-32.98,-72.05
-85,0,10.04,-39.934,-79.18
-85,0,10.08,-31.178,-70.6
-85,0,10.12,-32.346,-71.9
-85,0,10.16,-34.448,-74.09
-85,0,10.2,-28,-67.73
-85,0,10.24,-30.162,-69.86
-85,0,10.28,-27.494,-67.16
-85,0,10.32,-33.472,-73.1
-85,0,10.36,-32.646,-72.23
-85,0,10.4,-36.46,-76
-85,0,10.44,-32.574,-72.11
-85,0,10.48,-27.168,-66.7
-85,0,10.52,-24.842,-64.45
-85,0,10.56,-22.366,-62.13
-85,0,10.6,-20.18,-60.1
-85,0,10.64,-24.288,-64.3
-85,0,10.68,-28.876,-68.98
-85,0,10.72,-29.876,-70.05
-85,0,10.76,-34.118,-74.34
-85,0,10.8,-31.24,-71.51
-85,0,10.84,-28.95,-69.12
-85,0,10.88,-34.27,-74.34
-85,0,10.92,-32.972,-72.98
-85,0,10.96,-27.536,-67.52
-85,0,11,-26.15,-66.11
-85,0,11.04,-28.696,-68.76
-85,0,11.08,-34.902,-75.07
-85,0,11.12,-25.246,-65.49
-85,0,11.16,-30.718,-71.01
-85,0,11.2,-27.4,-67.74
-85,0,11.24,-22.408,-62.8
-85,0,11.28,-22.826,-63.27
-85,0,11.32,-25.164,-65.68
-85,0,11.36,-24.932,-65.54
-85,0,11.4,-21.12,-61.82
-85,0,11.44,-22.152,-62.9
-85,0,11.48,-25.964,-66.76
-85,0,11.52,-24.8,-65.63
-85,0,11.56,-28.4,-69.25
-85,0,11.6,-28.9,-69.77
-85,0,11.64,-19.696,-60.65
-85,0,11.68,-19.742,-60.78
-85,0,11.72,-19.098,-60.19
-85,0,11.76,-21.084,-62.2
-85,0,11.8,-22.27,-63.41
-85,0,11.84,-19.806,-60.89
-85,0,11.88,-22.262,-63.29
-85,0,11.92,-26.184,-67.31
-85,0,11.96,-20.862,-62.24
-85,0,12,-25.94,-67.57
-84,0,8,-24.62,-59.24
-84,0,8.04,-24.258,-58.97
-84,0,8.08,-26.536,-61.34
-84,0,8.12,-33.982,-68.87
-84,0,8.16,-36.096,-71.06
-84,0,8.2,-27.25,-62.29
-84,0,8.24,-23.802,-58.91
-84,0,8.28,-22.484,-57.66
-84,0,8.32,-23.866,-59.11
-84,0,8.36,-26.678,-61.99
-84,0,8.4,-24.57,-59.95
-84,0,8.44,-26.272,-61.86
-84,0,8.48,-23.114,-58.91
-84,0,8.52,-26.284,-62.31
-84,0,8.56,-23.872,-60.15
-84,0,8.6,-22,-58.53
-84,0,8.64,-22.364,-59.21
-84,0,8.68,-23.228,-60.39
-84,0,8.72,-26.708,-64.01
-84,0,8.76,-26.704,-63.97
-84,0,8.8,-27.01,-64.24
-84,0,8.84,-30.124,-67.31
-84,0,8.88,-27.608,-64.75
-84,0,8.92,-31.474,-68.68
-84,0,8.96,-48.702,-86.08
-84,0,9,-36.14,-73.69
-84,0,9.04,-35.954,-73.74
-84,0,9.08,-31.308,-69.33
-84,0,9.12,-28.476,-66.76
-84,0,9.16,-30.028,-68.6
-84,0,9.2,-27.08,-65.94
-84,0,9.24,-26.51,-65.11
-84,0,9.28,-27.84,-66.18
-84,0,9.32,-33.898,-72.06
-84,0,9.36,-41.634,-79.7
-84,0,9.4,-31.77,-69.74
-84,0,9.44,-32.194,-70.3
-84,0,9.48,-31.118,-69.36
-84,0,9.52,-29.642,-68.02
-84,0,9.56,-33.416,-71.93
-84,0,9.6,-38.58,-77.23
-84,0,9.64,-40.68,-79.45
-84,0,9.68,-40.26,-79.15
-84,0,9.72,-34.728,-73.71
-84,0,9.76,-29.654,-68.7
-84,0,9.8,-31.19,-70.3
-84,0,9.84,-36.796,-75.91
-84,0,9.88,-33.422,-72.54
-84,0,9.92,-32.89,-72
-84,0,9.96,-34.42,-73.51
-84,0,10,-38.45,-77.52
-84,0,10.04,-36.764,-76.01
-84,0,10.08,-30.698,-70.12
-84,0,10.12,-31.796,-71.35
-84,0,10.16,-29.458,-69.1
-84,0,10.2,-28.17,-67.9
-84,0,10.24,-27.692,-67.39
-84,0,10.28,-26.324,-65.99
-84,0,10.32,-32.062,-71.69
-84,0,10.36,-35.596,-75.18
-84,0,10.4,-40.91,-80.45
-84,0,10.44,-33.974,-73.51
-84,0,10.48,-26.718,-66.25
-84,0,10.52,-22.992,-62.6
-84,0,10.56,-20.956,-60.72
-84,0,10.6,-22.29,-62.21
-84,0,10.64,-24.428,-64.44
-84,0,10.68,-27.606,-67.71
-84,0,10.72,-29.226,-69.4
-84,0,10.76,-24.658,-64.88
-84,0,10.8,-25.03,-65.3
-84,0,10.84,-30.03,-70.2
-84,0,10.88,-28.83,-68.9
-84,0,10.92,-37.362,-77.37
-84,0,10.96,-29.306,-69.29
-84,0,11,-27.42,-67.38
-84,0,11.04,-27.246,-67.31
-84,0,11.08,-27.442,-67.61
-84,0,11.12,-32.096,-72.34
-84,0,11.16,-31.898,-72.19
-84,0,11.2,-24.42,-64.76
-84,0,11.24,-23.108,-63.5
-84,0,11.28,-19.576,-60.02
-84,0,11.32,-22.764,-63.28
-84,0,11.36,-23.022,-63.63
-84,0,11.4,-19.47,-60.17
-84,0,11.44,-20.432,-61.18
-84,0,11.48,-20.484,-61.28
-84,0,11.52,-20.76,-61.59
-84,0,11.56,-23.38,-64.23
-84,0,11.6,-25.86,-66.73
-84,0,11.64,-23.916,-64.87
-84,0,11.68,-21.362,-62.4
-84,0,11.72,-17.768,-58.86
-84,0,11.76,-18.524,-59.64
-84,0,11.8,-20.67,-61.81
-84,0,11.84,-19.486,-60.57
-84,0,11.88,-18.982,-60.01
-84,0,11.92,-18.504,-59.63
-84,0,11.96,-20.962,-62.34
-84,0,12,-21.15,-62.78
-83,0,8,-25.29,-59.91
-83,0,8.04,-22.658,-57.37
-83,0,8.08,-27.226,-62.03
-83,0,8.12,-30.842,-65.73
-83,0,8.16,-32.196,-67.16
-83,0,8.2,-29.84,-64.88
-83,0,8.24,-25.552,-60.66
-83,0,8.28,-23.974,-59.15
-83,0,8.32,-23.816,-59.06
-83,0,8.36,-27.218,-62.53
-83,0,8.4,-27.21,-62.59
-83,0,8.44,-26.922,-62.51
-83,0,8.48,-27.904,-63.7
-83,0,8.52,-27.564,-63.59
-83,0,8.56,-23.022,-59.3
-83,0,8.6,-22.44,-58.97
-83,0,8.64,-21.154,-58
-83,0,8.68,-21.528,-58.69
-83,0,8.72,-26.318,-63.62
-83,0,8.76,-26.974,-64.24
-83,0,8.8,-29.55,-66.78
-83,0,8.84,-27.384,-64.57
-83,0,8.88,-29.178,-66.32
-83,0,8.92,-32.214,-69.42
-83,0,8.96,-32.662,-70.04
-83,0,9,-32.01,-69.56
-83,0,9.04,-37.174,-74.96
-83,0,9.08,-39.248,-77.27
-83,0,9.12,-40.956,-79.24
-83,0,9.16,-44.018,-82.59
-83,0,9.2,-27.56,-66.42
-83,0,9.24,-27.67,-66.27
-83,0,9.28,-29.67,-68.01
-83,0,9.32,-32.998,-71.16
-83,0,9.36,-33.364,-71.43
-83,0,9.4,-35.42,-73.39
-83,0,9.44,-44.024,-82.13
-83,0,9.48,-39.428,-77.67
-83,0,9.52,-47.782,-86.16
-83,0,9.56,-33.846,-72.36
-83,0,9.6,-55.28,-93.93
-83,0,9.64,-40.83,-79.6
-83,0,9.68,-31.54,-70.43
-83,0,9.72,-33.568,-72.55
-83,0,9.76,-25.614,-64.66
-83,0,9.8,-25.94,-65.05
-83,0,9.84,-29.846,-68.96
-83,0,9.88,-31.592,-70.71
-83,0,9.92,-30.87,-69.98
-83,0,9.96,-33.07,-72.16
-83,0,10,-38.29,-77.36
-83,0,10.04,-33.274,-72.52
-83,0,10.08,-34.818,-74.24
-83,0,10.12,-33.586,-73.14
-83,0,10.16,-33.208,-72.85
-83,0,10.2,-30.43,-70.16
-83,0,10.24,-26.632,-66.33
-83,0,10.28,-24.034,-63.7
-83,0,10.32,-26.692,-66.32
-83,0,10.36,-30.296,-69.88
-83,0,10.4,-34.47,-74.01
-83,0,10.44,-32.954,-72.49
-83,0,10.48,-27.628,-67.16
-83,0,10.52,-25.872,-65.48
-83,0,10.56,-19.216,-58.98
-83,0,10.6,-23.07,-62.99
-83,0,10.64,-22.408,-62.42
-83,0,10.68,-24.476,-64.58
-83,0,10.72,-25.976,-66.15
-83,0,10.76,-23.688,-63.91
-83,0,10.8,-23.56,-63.83
-83,0,10.84,-24.12,-64.29
-83,0,10.88,-27.58,-67.65
-83,0,10.92,-33.302,-73.31
-83,0,10.96,-28.446,-68.43
-83,0,11,-24.77,-64.73
-83,0,11.04,-22.956,-63.02
-83,0,11.08,-24.152,-64.32
-83,0,11.12,-23.216,-63.46
-83,0,11.16,-24.958,-65.25
-83,0,11.2,-24.44,-64.78
-83,0,11.24,-21.878,-62.27
-83,0,11.28,-20.536,-60.98
-83,0,11.32,-20.844,-61.36
-83,0,11.36,-22.122,-62.73
-83,0,11.4,-18.82,-59.52
-83,0,11.44,-19.052,-59.8
-83,0,11.48,-20.154,-60.95
-83,0,11.52,-21.72,-62.55
-83,0,11.56,-22.16,-63.01
-83,0,11.6,-25.14,-66.01
-83,0,11.64,-23.196,-64.15
-83,0,11.68,-21.902,-62.94
-83,0,11.72,-18.398,-59.49
-83,0,11.76,-18.734,-59.85
-83,0,11.8,-21.12,-62.26
-83,0,11.84,-19.356,-60.44
-83,0,11.88,-18.642,-59.67
-83,0,11.92,-18.854,-59.98
-83,0,11.96,-19.982,-61.36
-83,0,12,-23.39,-65.02
-82,0,8,-23.98,-58.6
-82,0,8.04,-22.568,-57.28
-82,0,8.08,-24.406,-59.21
-82,0,8.12,-27.072,-61.96
-82,0,8.16,-31.126,-66.09
-82,0,8.2,-29.21,-64.25
-82,0,8.24,-23.612,-58.72
-82,0,8.28,-23.494,-58.67
-82,0,8.32,-25.596,-60.84
-82,0,8.36,-28.088,-63.4
-82,0,8.4,-36.83,-72.21
-82,0,8.44,-32.772,-68.36
-82,0,8.48,-31.084,-66.88
-82,0,8.52,-28.954,-64.98
-82,0,8.56,-26.702,-62.98
-82,0,8.6,-21.46,-57.99
-82,0,8.64,-21.314,-58.16
-82,0,8.68,-22.398,-59.56
-82,0,8.72,-25.668,-62.97
-82,0,8.76,-25.644,-62.91
-82,0,8.8,-30.96,-68.19
-82,0,8.84,-30.034,-67.22
-82,0,8.88,-35.808,-72.95
-82,0,8.92,-30.344,-67.55
-82,0,8.96,-29.792,-67.17
-82,0,9,-35.79,-73.34
-82,0,9.04,-34.794,-72.58
-82,0,9.08,-28.838,-66.86
-82,0,9.12,-35.246,-73.53
-82,0,9.16,-36.138,-74.71
-82,0,9.2,-29.08,-67.94
-82,0,9.24,-27.73,-66.33
-82,0,9.28,-29.84,-68.18
-82,0,9.32,-36.308,-74.47
-82,0,9.36,-36.804,-74.87
-82,0,9.4,-36.46,-74.43
-82,0,9.44,-36.984,-75.09
-82,0,9.48,-33.108,-71.35
-82,0,9.52,-49.502,-87.88
-82,0,9.56,-44.416,-82.93
-82,0,9.6,-40.9,-79.55
-82,0,9.64,-35.61,-74.38
-82,0,9.68,-28.47,-67.36
-82,0,9.72,-24.068,-63.05
-82,0,9.76,-23.084,-62.13
-82,0,9.8,-23.67,-62.78
-82,0,9.84,-31.446,-70.56
-82,0,9.88,-35.002,-74.12
-82,0,9.92,-35.15,-74.26
-82,0,9.96,-33.95,-73.04
-82,0,10,-31.08,-70.15
-82,0,10.04,-36.024,-75.27
-82,0,10.08,-35.368,-74.79
-82,0,10.12,-35.986,-75.54
-82,0,10.16,-30.288,-69.93
-82,0,10.2,-32.65,-72.38
-82,0,10.24,-28.462,-68.16
-82,0,10.28,-25.354,-65.02
-82,0,10.32,-23.992,-63.62
-82,0,10.36,-27.226,-66.81
-82,0,10.4,-35.58,-75.12
-82,0,10.44,-36.824,-76.36
-82,0,10.48,-34.068,-73.6
-82,0,10.52,-24.742,-64.35
-82,0,10.56,-21.896,-61.66
-82,0,10.6,-19.52,-59.44
-82,0,10.64,-21.108,-61.12
-82,0,10.68,-23.916,-64.02
-82,0,10.72,-24.036,-64.21
-82,0,10.76,-24.008,-64.23
-82,0,10.8,-23.11,-63.38
-82,0,10.84,-22.46,-62.63
-82,0,10.88,-26.17,-66.24
-82,0,10.92,-26.332,-66.34
-82,0,10.96,-29.496,-69.48
-82,0,11,-31.72,-71.68
-82,0,11.04,-22.516,-62.58
-82,0,11.08,-24.342,-64.51
-82,0,11.12,-23.066,-63.31
-82,0,11.16,-22.198,-62.49
-82,0,11.2,-25.95,-66.29
-82,0,11.24,-23.288,-63.68
-82,0,11.28,-20.576,-61.02
-82,0,11.32,-22.944,-63.46
-82,0,11.36,-23.152,-63.76
-82,0,11.4,-17.85,-58.55
-82,0,11.44,-17.872,-58.62
-82,0,11.48,-18.614,-59.41
-82,0,11.52,-23.65,-64.48
-82,0,11.56,-21.49,-62.34
-82,0,11.6,-21.75,-62.62
-82,0,11.64,-22.916,-63.87
-82,0,11.68,-19.442,-60.48
-82,0,11.72,-19.758,-60.85
-82,0,11.76,-20.804,-61.92
-82,0,11.8,-20.64,-61.78
-82,0,11.84,-20.336,-61.42
-82,0,11.88,-20.462,-61.49
-82,0,11.92,-19.634,-60.76
-82,0,11.96,-19.262,-60.64
-82,0,12,-22.12,-63.75
-81,0,8,-22.89,-57.51
-81,0,8.04,-21.818,-56.53
-81,0,8.08,-23.426,-58.23
-81,0,8.12,-24.622,-59.51
-81,0,8.16,-28.376,-63.34
-81,0,8.2,-29.61,-64.65
-81,0,8.24,-24.532,-59.64
-81,0,8.28,-23.074,-58.25
-81,0,8.32,-25.906,-61.15
-81,0,8.36,-29.128,-64.44
-81,0,8.4,-33.87,-69.25
-81,0,8.44,-38.782,-74.37
-81,0,8.48,-35.994,-71.79
-81,0,8.52,-28.114,-64.14
-81,0,8.56,-28.082,-64.36
-81,0,8.6,-24.4,-60.93
-81,0,8.64,-22.594,-59.44
-81,0,8.68,-22.438,-59.6
-81,0,8.72,-25.858,-63.16
-81,0,8.76,-26.424,-63.69
-81,0,8.8,-30.04,-67.27
-81,0,8.84,-31.434,-68.62
-81,0,8.88,-27.968,-65.11
-81,0,8.92,-31.624,-68.83
-81,0,8.96,-34.952,-72.33
-81,0,9,-31.89,-69.44
-81,0,9.04,-26.884,-64.67
-81,0,9.08,-26.078,-64.1
-81,0,9.12,-30.336,-68.62
-81,0,9.16,-28.768,-67.34
-81,0,9.2,-33.94,-72.8
-81,0,9.24,-33.65,-72.25
-81,0,9.28,-37.81,-76.15
-81,0,9.32,-30.508,-68.67
-81,0,9.36,-34.164,-72.23
-81,0,9.4,-41.76,-79.73
-81,0,9.44,-28.204,-66.31
-81,0,9.48,-29.358,-67.6
-81,0,9.52,-45.992,-84.37
-81,0,9.56,-35.446,-73.96
-81,0,9.6,-33.25,-71.9
-81,0,9.64,-33.44,-72.21
-81,0,9.68,-25.75,-64.64
-81,0,9.72,-23.378,-62.36
-81,0,9.76,-22.374,-61.42
-81,0,9.8,-23.47,-62.58
-81,0,9.84,-26.896,-66.01
-81,0,9.88,-32.172,-71.29
-81,0,9.92,-31.04,-70.15
-81,0,9.96,-35,-74.09
-81,0,10,-35.62,-74.69
-81,0,10.04,-36.904,-76.15
-81,0,10.08,-40.428,-79.85
-81,0,10.12,-34.196,-73.75
-81,0,10.16,-29.768,-69.41
-81,0,10.2,-26.58,-66.31
-81,0,10.24,-23.072,-62.77
-81,0,10.28,-20.204,-59.87
-81,0,10.32,-24.332,-63.96
-81,0,10.36,-29.846,-69.43
-81,0,10.4,-32.69,-72.23
-81,0,10.44,-28.834,-68.37
-81,0,10.48,-33.828,-73.36
-81,0,10.52,-24.762,-64.37
-81,0,10.56,-20.246,-60.01
-81,0,10.6,-20.92,-60.84
-81,0,10.64,-22.198,-62.21
-81,0,10.68,-24.256,-64.36
-81,0,10.72,-22.826,-63
-81,0,10.76,-25.438,-65.66
-81,0,10.8,-26.27,-66.54
-81,0,10.84,-22.88,-63.05
-81,0,10.88,-25.86,-65.93
-81,0,10.92,-25.942,-65.95
-81,0,10.96,-27.006,-66.99
-81,0,11,-23.06,-63.02
-81,0,11.04,-23.206,-63.27
-81,0,11.08,-21.932,-62.1
-81,0,11.12,-21.226,-61.47
-81,0,11.16,-21.398,-61.69
-81,0,11.2,-23.55,-63.89
-81,0,11.24,-23.488,-63.88
-81,0,11.28,-26.376,-66.82
-81,0,11.32,-21.464,-61.98
-81,0,11.36,-22.062,-62.67
-81,0,11.4,-19.17,-59.87
-81,0,11.44,-16.952,-57.7
-81,0,11.48,-17.944,-58.74
-81,0,11.52,-21.25,-62.08
-81,0,11.56,-20.08,-60.93
-81,0,11.6,-22.32,-63.19
-81,0,11.64,-22.496,-63.45
-81,0,11.68,-25.722,-66.76
-81,0,11.72,-24.718,-65.81
-81,0,11.76,-23.454,-64.57
-81,0,11.8,-22.94,-64.08
-81,0,11.84,-20.516,-61.6
-81,0,11.88,-19.282,-60.31
-81,0,11.92,-20.034,-61.16
-81,0,11.96,-21.272,-62.65
-81,0,12,-21.14,-62.77
-80,0,8,-23.08,-57.7
-80,0,8.04,-21.598,-56.31
-80,0,8.08,-23.066,-57.87
-80,0,8.12,-24.332,-59.22
-80,0,8.16,-25.156,-60.12
-80,0,8.2,-32.05,-67.09
-80,0,8.24,-24.802,-59.91
-80,0,8.28,-24.414,-59.59
-80,0,8.32,-23.356,-58.6
-80,0,8.36,-33.538,-68.85
-80,0,8.4,-35.37,-70.75
-80,0,8.44,-34.672,-70.26
-80,0,8.48,-32.084,-67.88
-80,0,8.52,-32.514,-68.54
-80,0,8.56,-29.402,-65.68
-80,0,8.6,-23.66,-60.19
-80,0,8.64,-23.054,-59.9
-80,0,8.68,-25.088,-62.25
-80,0,8.72,-25.048,-62.35
-80,0,8.76,-29.094,-66.36
-80,0,8.8,-31.31,-68.54
-80,0,8.84,-28.004,-65.19
-80,0,8.88,-34.328,-71.47
-80,0,8.92,-38.274,-75.48
-80,0,8.96,-27.742,-65.12
-80,0,9,-29.46,-67.01
-80,0,9.04,-27.824,-65.61
-80,0,9.08,-27.358,-65.38
-80,0,9.12,-28.076,-66.36
-80,0,9.16,-30.628,-69.2
-80,0,9.2,-34.92,-73.78
-80,0,9.24,-34.13,-72.73
-80,0,9.28,-44,-82.34
-80,0,9.32,-37.128,-75.29
-80,0,9.36,-33.434,-71.5
-80,0,9.4,-30.3,-68.27
-80,0,9.44,-27.394,-65.5
-80,0,9.48,-28.498,-66.74
-80,0,9.52,-38.412,-76.79
-80,0,9.56,-33.856,-72.37
-80,0,9.6,-33.1,-71.75
-80,0,9.64,-27.3,-66.07
-80,0,9.68,-21.1,-59.99
-80,0,9.72,-21.918,-60.9
-80,0,9.76,-22.464,-61.51
-80,0,9.8,-20.8,-59.91
-80,0,9.84,-23.236,-62.35
-80,0,9.88,-25.512,-64.63
-80,0,9.92,-32.67,-71.78
-80,0,9.96,-33.31,-72.4
-80,0,10,-34.97,-74.04
-80,0,10.04,-45.064,-84.31
-80,0,10.08,-45.158,-84.58
-80,0,10.12,-43.386,-82.94
-80,0,10.16,-29.488,-69.13
-80,0,10.2,-25.28,-65.01
-80,0,10.24,-25.012,-64.71
-80,0,10.28,-21.724,-61.39
-80,0,10.32,-22.602,-62.23
-80,0,10.36,-29.836,-69.42
-80,0,10.4,-35.18,-74.72
-80,0,10.44,-34.694,-74.23
-80,0,10.48,-31.298,-70.83
-80,0,10.52,-31.382,-70.99
-80,0,10.56,-24.216,-63.98
-80,0,10.6,-23.53,-63.45
-80,0,10.64,-21.208,-61.22
-80,0,10.68,-23.626,-63.73
-80,0,10.72,-23.296,-63.47
-80,0,10.76,-20.618,-60.84
-80,0,10.8,-22.83,-63.1
-80,0,10.84,-23.69,-63.86
-80,0,10.88,-21.99,-62.06
-80,0,10.92,-24.672,-64.68
-80,0,10.96,-27.696,-67.68
-80,0,11,-25.67,-65.63
-80,0,11.04,-21.846,-61.91
-80,0,11.08,-24.002,-64.17
-80,0,11.12,-21.386,-61.63
-80,0,11.16,-17.708,-58
-80,0,11.2,-21.19,-61.53
-80,0,11.24,-24.688,-65.08
-80,0,11.28,-25.466,-65.91
-80,0,11.32,-24.514,-65.03
-80,0,11.36,-22.912,-63.52
-80,0,11.4,-21.95,-62.65
-80,0,11.44,-19.372,-60.12
-80,0,11.48,-18.694,-59.49
-80,0,11.52,-22.82,-63.65
-80,0,11.56,-20.87,-61.72
-80,0,11.6,-21.22,-62.09
-80,0,11.64,-21.576,-62.53
-80,0,11.68,-26.842,-67.88
-80,0,11.72,-26.858,-67.95
-80,0,11.76,-29.344,-70.46
-80,0,11.8,-28.97,-70.11
-80,0,11.84,-28.016,-69.1
-80,0,11.88,-31.572,-72.6
-80,0,11.92,-26.974,-68.1
-80,0,11.96,-24.682,-66.06
-80,0,12,-24.16,-65.79
-79,0,8,-22.36,-56.98
-79,0,8.04,-21.318,-56.03
-79,0,8.08,-21.876,-56.68
-79,0,8.12,-22.432,-57.32
-79,0,8.16,-26.076,-61.04
-79,0,8.2,-31.85,-66.89
-79,0,8.24,-26.062,-61.17
-79,0,8.28,-25.924,-61.1
-79,0,8.32,-24.886,-60.13
-79,0,8.36,-28.408,-63.72
-79,0,8.4,-30.54,-65.92
-79,0,8.44,-32.882,-68.47
-79,0,8.48,-34.754,-70.55
-79,0,8.52,-32.154,-68.18
-79,0,8.56,-29.262,-65.54
-79,0,8.6,-26.5,-63.03
-79,0,8.64,-24.974,-61.82
-79,0,8.68,-30.548,-67.71
-79,0,8.72,-26.238,-63.54
-79,0,8.76,-27.234,-64.5
-79,0,8.8,-30.65,-67.88
-79,0,8.84,-32.974,-70.16
-79,0,8.88,-34.668,-71.81
-79,0,8.92,-35.094,-72.3
-79,0,8.96,-28.762,-66.14
-79,0,9,-29.99,-67.54
-79,0,9.04,-24.384,-62.17
-79,0,9.08,-22.268,-60.29
-79,0,9.12,-23.766,-62.05
-79,0,9.16,-26.958,-65.53
-79,0,9.2,-28.77,-67.63
-79,0,9.24,-38.59,-77.19
-79,0,9.28,-40.83,-79.17
-79,0,9.32,-40.718,-78.88
-79,0,9.36,-34.414,-72.48
-79,0,9.4,-30.84,-68.81
-79,0,9.44,-29.634,-67.74
-79,0,9.48,-25.978,-64.22
-79,0,9.52,-32.082,-70.46
-79,0,9.56,-36.916,-75.43
-79,0,9.6,-27.25,-65.9
-79,0,9.64,-23.87,-62.64
-79,0,9.68,-22.31,-61.2
-79,0,9.72,-21.778,-60.76
-79,0,9.76,-21.244,-60.29
-79,0,9.8,-20.98,-60.09
-79,0,9.84,-24.536,-63.65
-79,0,9.88,-24.972,-64.09
-79,0,9.92,-28.26,-67.37
-79,0,9.96,-38.17,-77.26
-79,0,10,-30.42,-69.49
-79,0,10.04,-30.574,-69.82
-79,0,10.08,-34.748,-74.17
-79,0,10.12,-31.146,-70.7
-79,0,10.16,-26.808,-66.45
-79,0,10.2,-25.75,-65.48
-79,0,10.24,-24.232,-63.93
-79,0,10.28,-23.254,-62.92
-79,0,10.32,-23.522,-63.15
-79,0,10.36,-25.206,-64.79
-79,0,10.4,-27.26,-66.8
-79,0,10.44,-38.404,-77.94
-79,0,10.48,-30.708,-70.24
-79,0,10.52,-31.232,-70.84
-79,0,10.56,-25.026,-64.79
-79,0,10.6,-25.47,-65.39
-79,0,10.64,-25.448,-65.46
-79,0,10.68,-25.016,-65.12
-79,0,10.72,-24.456,-64.63
-79,0,10.76,-23.318,-63.54
-79,0,10.8,-23.08,-63.35
-79,0,10.84,-24.82,-64.99
-79,0,10.88,-24.77,-64.84
-79,0,10.92,-25.492,-65.5
-79,0,10.96,-28.436,-68.42
-79,0,11,-27.47,-67.43
-79,0,11.04,-24.036,-64.1
-79,0,11.08,-25.992,-66.16
-79,0,11.12,-22.956,-63.2
-79,0,11.16,-18.878,-59.17
-79,0,11.2,-19.35,-59.69
-79,0,11.24,-20.868,-61.26
-79,0,11.28,-23.906,-64.35
-79,0,11.32,-27.174,-67.69
-79,0,11.36,-24.792,-65.4
-79,0,11.4,-24.46,-65.16
-79,0,11.44,-20.242,-60.99
-79,0,11.48,-21.564,-62.36
-79,0,11.52,-23.08,-63.91
-79,0,11.56,-22.97,-63.82
-79,0,11.6,-20.87,-61.74
-79,0,11.64,-22.996,-63.95
-79,0,11.68,-24.302,-65.34
-79,0,11.72,-28.148,-69.24
-79,0,11.76,-26.074,-67.19
-79,0,11.8,-32.11,-73.25
-79,0,11.84,-34.606,-75.69
-79,0,11.88,-35.692,-76.72
-79,0,11.92,-33.314,-74.44
-79,0,11.96,-28.712,-70.09
-79,0,12,-26.4,-68.03
-78,0,8,-21.8,-56.42
-78,0,8.04,-20.968,-55.68
-78,0,8.08,-21.546,-56.35
-78,0,8.12,-21.672,-56.56
-78,0,8.16,-24.396,-59.36
-78,0,8.2,-31.37,-66.41
-78,0,8.24,-27.572,-62.68
-78,0,8.28,-25.014,-60.19
-78,0,8.32,-25.766,-61.01
-78,0,8.36,-26.238,-61.55
-78,0,8.4,-30.04,-65.42
-78,0,8.44,-28.932,-64.52
-78,0,8.48,-32.504,-68.3
-78,0,8.52,-32.484,-68.51
-78,0,8.56,-29.762,-66.04
-78,0,8.6,-33.6,-70.13
-78,0,8.64,-27.754,-64.6
-78,0,8.68,-32.258,-69.42
-78,0,8.72,-28.318,-65.62
-78,0,8.76,-33.214,-70.48
-78,0,8.8,-30.65,-67.88
-78,0,8.84,-37.294,-74.48
-78,0,8.88,-32.728,-69.87
-78,0,8.92,-28.114,-65.32
-78,0,8.96,-28.802,-66.18
-78,0,9,-23.69,-61.24
-78,0,9.04,-22.224,-60.01
-78,0,9.08,-22.198,-60.22
-78,0,9.12,-23.146,-61.43
-78,0,9.16,-24.618,-63.19
-78,0,9.2,-27.12,-65.98
-78,0,9.24,-31.78,-70.38
-78,0,9.28,-38.68,-77.02
-78,0,9.32,-36.818,-74.98
-78,0,9.36,-34.524,-72.59
-78,0,9.4,-29.2,-67.17
-78,0,9.44,-24.414,-62.52
-78,0,9.48,-24.948,-63.19
-78,0,9.52,-27.302,-65.68
-78,0,9.56,-39.226,-77.74
-78,0,9.6,-29.59,-68.24
-78,0,9.64,-27.1,-65.87
-78,0,9.68,-21.75,-60.64
-78,0,9.72,-21.838,-60.82
-78,0,9.76,-21.914,-60.96
-78,0,9.8,-22.17,-61.28
-78,0,9.84,-23.956,-63.07
-78,0,9.88,-27.342,-66.46
-78,0,9.92,-32.7,-71.81
-78,0,9.96,-35.11,-74.2
-78,0,10,-42.75,-81.82
-78,0,10.04,-30.314,-69.56
-78,0,10.08,-26.828,-66.25
-78,0,10.12,-33.316,-72.87
-78,0,10.16,-30.128,-69.77
-78,0,10.2,-27.6,-67.33
-78,0,10.24,-25.332,-65.03
-78,0,10.28,-21.964,-61.63
-78,0,10.32,-22.662,-62.29
-78,0,10.36,-25.416,-65
-78,0,10.4,-26.06,-65.6
-78,0,10.44,-34.674,-74.21
-78,0,10.48,-30.838,-70.37
-78,0,10.52,-26.352,-65.96
-78,0,10.56,-32.096,-71.86
-78,0,10.6,-26.8,-66.72
-78,0,10.64,-26.298,-66.31
-78,0,10.68,-22.246,-62.35
-78,0,10.72,-24.626,-64.8
-78,0,10.76,-24.688,-64.91
-78,0,10.8,-27.6,-67.87
-78,0,10.84,-28.28,-68.45
-78,0,10.88,-26.62,-66.69
-78,0,10.92,-22.802,-62.81
-78,0,10.96,-23.226,-63.21
-78,0,11,-27.89,-67.85
-78,0,11.04,-27.226,-67.29
-78,0,11.08,-33.372,-73.54
-78,0,11.12,-25.816,-66.06
-78,0,11.16,-21.128,-61.42
-78,0,11.2,-20.24,-60.58
-78,0,11.24,-20.458,-60.85
-78,0,11.28,-21.346,-61.79
-78,0,11.32,-31.624,-72.14
-78,0,11.36,-29.322,-69.93
-78,0,11.4,-30.95,-71.65
-78,0,11.44,-26.872,-67.62
-78,0,11.48,-22.924,-63.72
-78,0,11.52,-24.93,-65.76
-78,0,11.56,-24.95,-65.8
-78,0,11.6,-23.17,-64.04
-78,0,11.64,-20.626,-61.58
-78,0,11.68,-21.402,-62.44
-78,0,11.72,-21.808,-62.9
-78,0,11.76,-22.204,-63.32
-78,0,11.8,-21.36,-62.5
-78,0,11.84,-27.006,-68.09
-78,0,11.88,-30.782,-71.81
-78,0,11.92,-27.444,-68.57
-78,0,11.96,-30.502,-71.88
-78,0,12,-38.59,-80.22
-77,0,8,-22.72,-57.34
-77,0,8.04,-21.458,-56.17
-77,0,8.08,-19.696,-54.5
-77,0,8.12,-21.112,-56
-77,0,8.16,-25.046,-60.01
-77,0,8.2,-31.09,-66.13
-77,0,8.24,-28.832,-63.94
-77,0,8.28,-24.864,-60.04
-77,0,8.32,-22.896,-58.14
-77,0,8.36,-26.898,-62.21
-77,0,8.4,-27.61,-62.99
-77,0,8.44,-29.492,-65.08
-77,0,8.48,-35.124,-70.92
-77,0,8.52,-31.564,-67.59
-77,0,8.56,-28.182,-64.46
-77,0,8.6,-30.02,-66.55
-77,0,8.64,-35.644,-72.49
-77,0,8.68,-26.898,-64.06
-77,0,8.72,-38.758,-76.06
-77,0,8.76,-29.814,-67.08
-77,0,8.8,-31.98,-69.21
-77,0,8.84,-35.584,-72.77
-77,0,8.88,-30.068,-67.21
-77,0,8.92,-28.414,-65.62
-77,0,8.96,-26.142,-63.52
-77,0,9,-23.65,-61.2
-77,0,9.04,-23.154,-60.94
-77,0,9.08,-20.938,-58.96
-77,0,9.12,-21.286,-59.57
-77,0,9.16,-23.978,-62.55
-77,0,9.2,-24.43,-63.29
-77,0,9.24,-26.1,-64.7
-77,0,9.28,-27.57,-65.91
-77,0,9.32,-32.908,-71.07
-77,0,9.36,-44.874,-82.94
-77,0,9.4,-29.52,-67.49
-77,0,9.44,-23.064,-61.17
-77,0,9.48,-24.728,-62.97
-77,0,9.52,-27.732,-66.11
-77,0,9.56,-34.076,-72.59
-77,0,9.6,-33.03,-71.68
-77,0,9.64,-24.09,-62.86
-77,0,9.68,-25.11,-64
-77,0,9.72,-21.118,-60.1
-77,0,9.76,-23.624,-62.67
-77,0,9.8,-21.83,-60.94
-77,0,9.84,-22.856,-61.97
-77,0,9.88,-25.122,-64.24
-77,0,9.92,-31.56,-70.67
-77,0,9.96,-51.03,-90.12
-77,0,10,-28.45,-67.52
-77,0,10.04,-32.474,-71.72
-77,0,10.08,-27.138,-66.56
-77,0,10.12,-25.486,-65.04
-77,0,10.16,-28.898,-68.54
-77,0,10.2,-33.49,-73.22
-77,0,10.24,-25.392,-65.09
-77,0,10.28,-22.204,-61.87
-77,0,10.32,-23.162,-62.79
-77,0,10.36,-24.356,-63.94
-77,0,10.4,-24.7,-64.24
-77,0,10.44,-27.814,-67.35
-77,0,10.48,-29.498,-69.03
-77,0,10.52,-25.152,-64.76
-77,0,10.56,-28.676,-68.44
-77,0,10.6,-32.94,-72.86
-77,0,10.64,-26.698,-66.71
-77,0,10.68,-27.576,-67.68
-77,0,10.72,-26.586,-66.76
-77,0,10.76,-24.508,-64.73
-77,0,10.8,-25.01,-65.28
-77,0,10.84,-26.84,-67.01
-77,0,10.88,-27.05,-67.12
-77,0,10.92,-33.052,-73.06
-77,0,10.96,-27.016,-67
-77,0,11,-26.32,-66.28
-77,0,11.04,-29.346,-69.41
-77,0,11.08,-29.912,-70.08
-77,0,11.12,-30.296,-70.54
-77,0,11.16,-24.848,-65.14
-77,0,11.2,-24.61,-64.95
-77,0,11.24,-21.598,-61.99
-77,0,11.28,-22.276,-62.72
-77,0,11.32,-31.084,-71.6
-77,0,11.36,-35.272,-75.88
-77,0,11.4,-29.41,-70.11
-77,0,11.44,-26.682,-67.43
-77,0,11.48,-23.434,-64.23
-77,0,11.52,-26.37,-67.2
-77,0,11.56,-25.1,-65.95
-77,0,11.6,-23.26,-64.13
-77,0,11.64,-22.346,-63.3
-77,0,11.68,-18.752,-59.79
-77,0,11.72,-18.618,-59.71
-77,0,11.76,-18.444,-59.56
-77,0,11.8,-21.01,-62.15
-77,0,11.84,-20.626,-61.71
-77,0,11.88,-22.862,-63.89
-77,0,11.92,-24.664,-65.79
-77,0,11.96,-22.552,-63.93
-77,0,12,-22.57,-64.2
-76,0,8,-22.2,-56.82
-76,0,8.04,-21.798,-56.51
-76,0,8.08,-21.086,-55.89
-76,0,8.12,-21.122,-56.01
-76,0,8.16,-23.596,-58.56
-76,0,8.2,-31.29,-66.33
-76,0,8.24,-28.522,-63.63
-76,0,8.28,-27.844,-63.02
-76,0,8.32,-27.586,-62.83
-76,0,8.36,-25.548,-60.86
-76,0,8.4,-28.16,-63.54
-76,0,8.44,-26.002,-61.59
-76,0,8.48,-26.074,-61.87
-76,0,8.52,-27.914,-63.94
-76,0,8.56,-26.692,-62.97
-76,0,8.6,-27.78,-64.31
-76,0,8.64,-33.624,-70.47
-76,0,8.68,-34.518,-71.68
-76,0,8.72,-34.588,-71.89
-76,0,8.76,-30.414,-67.68
-76,0,8.8,-28.78,-66.01
-76,0,8.84,-27.804,-64.99
-76,0,8.88,-32.968,-70.11
-76,0,8.92,-32.084,-69.29
-76,0,8.96,-24.292,-61.67
-76,0,9,-23.58,-61.13
-76,0,9.04,-23.384,-61.17
-76,0,9.08,-19.628,-57.65
-76,0,9.12,-21.216,-59.5
-76,0,9.16,-22.998,-61.57
-76,0,9.2,-22.76,-61.62
-76,0,9.24,-24.36,-62.96
-76,0,9.28,-29.58,-67.92
-76,0,9.32,-28.188,-66.35
-76,0,9.36,-44.194,-82.26
-76,0,9.4,-29.49,-67.46
-76,0,9.44,-26.354,-64.46
-76,0,9.48,-23.648,-61.89
-76,0,9.52,-30.462,-68.84
-76,0,9.56,-28.566,-67.08
-76,0,9.6,-33.91,-72.56
-76,0,9.64,-29.91,-68.68
-76,0,9.68,-24.07,-62.96
-76,0,9.72,-24.538,-63.52
-76,0,9.76,-23.434,-62.48
-76,0,9.8,-21.98,-61.09
-76,0,9.84,-23.566,-62.68
-76,0,9.88,-25.062,-64.18
-76,0,9.92,-28.64,-67.75
-76,0,9.96,-28.39,-67.48
-76,0,10,-31.18,-70.25
-76,0,10.04,-30.414,-69.66
-76,0,10.08,-27.328,-66.75
-76,0,10.12,-27.896,-67.45
-76,0,10.16,-26.478,-66.12
-76,0,10.2,-28.23,-67.96
-76,0,10.24,-27.062,-66.76
-76,0,10.28,-27.454,-67.12
-76,0,10.32,-21.852,-61.48
-76,0,10.36,-24.636,-64.22
-76,0,10.4,-24.81,-64.35
-76,0,10.44,-29.554,-69.09
-76,0,10.48,-33.948,-73.48
-76,0,10.52,-28.832,-68.44
-76,0,10.56,-29.276,-69.04
-76,0,10.6,-34.68,-74.6
-76,0,10.64,-32.158,-72.17
-76,0,10.68,-28.676,-68.78
-76,0,10.72,-31.386,-71.56
-76,0,10.76,-24.958,-65.18
-76,0,10.8,-25.11,-65.38
-76,0,10.84,-29.98,-70.15
-76,0,10.88,-32.63,-72.7
-76,0,10.92,-33.722,-73.73
-76,0,10.96,-26.996,-66.98
-76,0,11,-29.32,-69.28
-76,0,11.04,-26.316,-66.38
-76,0,11.08,-29.982,-70.15
-76,0,11.12,-38.306,-78.55
-76,0,11.16,-36.538,-76.83
-76,0,11.2,-28.32,-68.66
-76,0,11.24,-26.318,-66.71
-76,0,11.28,-23.256,-63.7
-76,0,11.32,-25.554,-66.07
-76,0,11.36,-24.312,-64.92
-76,0,11.4,-31.75,-72.45
-76,0,11.44,-23.722,-64.47
-76,0,11.48,-31.034,-71.83
-76,0,11.52,-22,-62.83
-76,0,11.56,-29.78,-70.63
-76,0,11.6,-29.5,-70.37
-76,0,11.64,-29.856,-70.81
-76,0,11.68,-20.572,-61.61
-76,0,11.72,-19.338,-60.43
-76,0,11.76,-17.074,-58.19
-76,0,11.8,-18.36,-59.5
-76,0,11.84,-18.766,-59.85
-76,0,11.88,-17.972,-59
-76,0,11.92,-19.244,-60.37
-76,0,11.96,-20.522,-61.9
-76,0,12,-21.18,-62.81
-75,0,8,-21.84,-56.46
-75,0,8.04,-20.878,-55.59
-75,0,8.08,-20.486,-55.29
-75,0,8.12,-20.032,-54.92
-75,0,8.16,-24.916,-59.88
-75,0,8.2,-28.57,-63.61
-75,0,8.24,-26.722,-61.83
-75,0,8.28,-27.384,-62.56
-75,0,8.32,-29.476,-64.72
-75,0,8.36,-29.298,-64.61
-75,0,8.4,-27.52,-62.9
-75,0,8.44,-28.392,-63.98
-75,0,8.48,-25.984,-61.78
-75,0,8.52,-25.364,-61.39
-75,0,8.56,-27.022,-63.3
-75,0,8.6,-26.88,-63.41
-75,0,8.64,-33.224,-70.07
-75,0,8.68,-36.328,-73.49
-75,0,8.72,-38.638,-75.94
-75,0,8.76,-28.164,-65.43
-75,0,8.8,-30.44,-67.67
-75,0,8.84,-26.884,-64.07
-75,0,8.88,-33.558,-70.7
-75,0,8.92,-28.464,-65.67
-75,0,8.96,-28.142,-65.52
-75,0,9,-23.68,-61.23
-75,0,9.04,-22.364,-60.15
-75,0,9.08,-20.398,-58.42
-75,0,9.12,-21.516,-59.8
-75,0,9.16,-22.118,-60.69
-75,0,9.2,-23.62,-62.48
-75,0,9.24,-25.5,-64.1
-75,0,9.28,-25.03,-63.37
-75,0,9.32,-26.608,-64.77
-75,0,9.36,-33.824,-71.89
-75,0,9.4,-33.97,-71.94
-75,0,9.44,-25.774,-63.88
-75,0,9.48,-23.008,-61.25
-75,0,9.52,-26.432,-64.81
-75,0,9.56,-27.156,-65.67
-75,0,9.6,-33.19,-71.84
-75,0,9.64,-29.92,-68.69
-75,0,9.68,-23.51,-62.4
-75,0,9.72,-22.738,-61.72
-75,0,9.76,-23.424,-62.47
-75,0,9.8,-22.94,-62.05
-75,0,9.84,-20.886,-60
-75,0,9.88,-23.012,-62.13
-75,0,9.92,-26.24,-65.35
-75,0,9.96,-35.74,-74.83
-75,0,10,-51.38,-90.45
-75,0,10.04,-30.834,-70.08
-75,0,10.08,-24.928,-64.35
-75,0,10.12,-30.536,-70.09
-75,0,10.16,-28.978,-68.62
-75,0,10.2,-31.61,-71.34
-75,0,10.24,-29.192,-68.89
-75,0,10.28,-23.854,-63.52
-75,0,10.32,-23.532,-63.16
-75,0,10.36,-21.876,-61.46
-75,0,10.4,-25.47,-65.01
-75,0,10.44,-28.734,-68.27
-75,0,10.48,-38.608,-78.14
-75,0,10.52,-26.722,-66.33
-75,0,10.56,-32.376,-72.14
-75,0,10.6,-28.92,-68.84
-75,0,10.64,-28.458,-68.47
-75,0,10.68,-33.486,-73.59
-75,0,10.72,-33.166,-73.34
-75,0,10.76,-33.278,-73.5
-75,0,10.8,-29.41,-69.68
-75,0,10.84,-32.42,-72.59
-75,0,10.88,-39.19,-79.26
-75,0,10.92,-34.132,-74.14
-75,0,10.96,-25.916,-65.9
-75,0,11,-27.34,-67.3
-75,0,11.04,-26.866,-66.93
-75,0,11.08,-28.672,-68.84
-75,0,11.12,-31.876,-72.12
-75,0,11.16,-32.938,-73.23
-75,0,11.2,-33.97,-74.31
-75,0,11.24,-30.648,-71.04
-75,0,11.28,-24.406,-64.85
-75,0,11.32,-27.094,-67.61
-75,0,11.36,-27.952,-68.56
-75,0,11.4,-24.35,-65.05
-75,0,11.44,-21.242,-61.99
-75,0,11.48,-19.184,-59.98
-75,0,11.52,-22.1,-62.93
-75,0,11.56,-23.15,-64
-75,0,11.6,-25.49,-66.36
-75,0,11.64,-27.566,-68.52
-75,0,11.68,-21.632,-62.67
-75,0,11.72,-17.768,-58.86
-75,0,11.76,-17.584,-58.7
-75,0,11.8,-17.63,-58.77
-75,0,11.84,-17.716,-58.8
-75,0,11.88,-16.882,-57.91
-75,0,11.92,-17.394,-58.52
-75,0,11.96,-18.292,-59.67
-75,0,12,-20.23,-61.86
-74,0,8,-22.11,-56.73
-74,0,8.04,-21.098,-55.81
-74,0,8.08,-20.126,-54.93
-74,0,8.12,-20.572,-55.46
-74,0,8.16,-23.356,-58.32
-74,0,8.2,-32.23,-67.27
-74,0,8.24,-26.402,-61.51
-74,0,8.28,-26.414,-61.59
-74,0,8.32,-28.166,-63.41
-74,0,8.36,-28.548,-63.86
-74,0,8.4,-27.49,-62.87
-74,0,8.44,-26.372,-61.96
-74,0,8.48,-25.684,-61.48
-74,0,8.52,-24.404,-60.43
-74,0,8.56,-25.252,-61.53
-74,0,8.6,-25.93,-62.46
-74,0,8.64,-26.974,-63.82
-74,0,8.68,-28.388,-65.55
-74,0,8.72,-35.428,-72.73
-74,0,8.76,-26.104,-63.37
-74,0,8.8,-24.2,-61.43
-74,0,8.84,-23.674,-60.86
-74,0,8.88,-32.308,-69.45
-74,0,8.92,-32.034,-69.24
-74,0,8.96,-27.082,-64.46
-74,0,9,-24.81,-62.36
-74,0,9.04,-24.204,-61.99
-74,0,9.08,-21.568,-59.59
-74,0,9.12,-21.346,-59.63
-74,0,9.16,-23.778,-62.35
-74,0,9.2,-25.26,-64.12
-74,0,9.24,-22.41,-61.01
-74,0,9.28,-22.08,-60.42
-74,0,9.32,-24.188,-62.35
-74,0,9.36,-29.054,-67.12
-74,0,9.4,-27.81,-65.78
-74,0,9.44,-29.404,-67.51
-74,0,9.48,-32.748,-70.99
-74,0,9.52,-23.312,-61.69
-74,0,9.56,-26.386,-64.9
-74,0,9.6,-31.81,-70.46
-74,0,9.64,-29.07,-67.84
-74,0,9.68,-25.77,-64.66
-74,0,9.72,-25.828,-64.81
-74,0,9.76,-23.874,-62.92
-74,0,9.8,-23.39,-62.5
-74,0,9.84,-27.736,-66.85
-74,0,9.88,-25.482,-64.6
-74,0,9.92,-25.54,-64.65
-74,0,9.96,-48.48,-87.57
-74,0,10,-33.01,-72.08
-74,0,10.04,-33.314,-72.56
-74,0,10.08,-23.188,-62.61
-74,0,10.12,-24.316,-63.87
-74,0,10.16,-32.108,-71.75
-74,0,10.2,-37.05,-76.78
-74,0,10.24,-27.342,-67.04
-74,0,10.28,-24.154,-63.82
-74,0,10.32,-24.312,-63.94
-74,0,10.36,-23.986,-63.57
-74,0,10.4,-26.82,-66.36
-74,0,10.44,-29.314,-68.85
-74,0,10.48,-41.908,-81.44
-74,0,10.52,-31.252,-70.86
-74,0,10.56,-26.136,-65.9
-74,0,10.6,-29.34,-69.26
-74,0,10.64,-36.298,-76.31
-74,0,10.68,-35.546,-75.65
-74,0,10.72,-31.006,-71.18
-74,0,10.76,-33.438,-73.66
-74,0,10.8,-31.83,-72.1
-74,0,10.84,-35.32,-75.49
-74,0,10.88,-33.29,-73.36
-74,0,10.92,-36.652,-76.66
-74,0,10.96,-38.416,-78.4
-74,0,11,-30.12,-70.08
-74,0,11.04,-33.796,-73.86
-74,0,11.08,-34.412,-74.58
-74,0,11.12,-29.346,-69.59
-74,0,11.16,-27.068,-67.36
-74,0,11.2,-36.4,-76.74
-74,0,11.24,-28.718,-69.11
-74,0,11.28,-35.226,-75.67
-74,0,11.32,-29.234,-69.75
-74,0,11.36,-26.822,-67.43
-74,0,11.4,-26.6,-67.3
-74,0,11.44,-21.802,-62.55
-74,0,11.48,-19.534,-60.33
-74,0,11.52,-18.84,-59.67
-74,0,11.56,-20.64,-61.49
-74,0,11.6,-23.48,-64.35
-74,0,11.64,-24.796,-65.75
-74,0,11.68,-26.402,-67.44
-74,0,11.72,-22.978,-64.07
-74,0,11.76,-18.544,-59.66
-74,0,11.8,-19.99,-61.13
-74,0,11.84,-17.876,-58.96
-74,0,11.88,-17.882,-58.91
-74,0,11.92,-18.644,-59.77
-74,0,11.96,-20.712,-62.09
-74,0,12,-19.48,-61.11
-73,0,8,-22.32,-56.94
-73,0,8.04,-21.128,-55.84
-73,0,8.08,-20.086,-54.89
-73,0,8.12,-20.312,-55.2
-73,0,8.16,-23.306,-58.27
-73,0,8.2,-26.98,-62.02
-73,0,8.24,-26.232,-61.34
-73,0,8.28,-27.014,-62.19
-73,0,8.32,-26.226,-61.47
-73,0,8.36,-33.788,-69.1
-73,0,8.4,-28.98,-64.36
-73,0,8.44,-27.022,-62.61
-73,0,8.48,-24.584,-60.38
-73,0,8.52,-21.764,-57.79
-73,0,8.56,-21.062,-57.34
-73,0,8.6,-22.65,-59.18
-73,0,8.64,-25.834,-62.68
-73,0,8.68,-27.268,-64.43
-73,0,8.72,-28.188,-65.49
-73,0,8.76,-25.524,-62.79
-73,0,8.8,-26.54,-63.77
-73,0,8.84,-23.204,-60.39
-73,0,8.88,-27.848,-64.99
-73,0,8.92,-38.454,-75.66
-73,0,8.96,-26.062,-63.44
-73,0,9,-26.78,-64.33
-73,0,9.04,-26.554,-64.34
-73,0,9.08,-21.168,-59.19
-73,0,9.12,-22.576,-60.86
-73,0,9.16,-23.398,-61.97
-73,0,9.2,-22.23,-61.09
-73,0,9.24,-23.63,-62.23
-73,0,9.28,-22.2,-60.54
-73,0,9.32,-24.348,-62.51
-73,0,9.36,-25.414,-63.48
-73,0,9.4,-29.81,-67.78
-73,0,9.44,-33.644,-71.75
-73,0,9.48,-29.828,-68.07
-73,0,9.52,-24.712,-63.09
-73,0,9.56,-25.116,-63.63
-73,0,9.6,-32.74,-71.39
-73,0,9.64,-31.7,-70.47
-73,0,9.68,-29.17,-68.06
-73,0,9.72,-29.068,-68.05
-73,0,9.76,-22.564,-61.61
-73,0,9.8,-23.72,-62.83
-73,0,9.84,-26.136,-65.25
-73,0,9.88,-26.062,-65.18
-73,0,9.92,-25.51,-64.62
-73,0,9.96,-33.27,-72.36
-73,0,10,-33.56,-72.63
-73,0,10.04,-27.864,-67.11
-73,0,10.08,-23.688,-63.11
-73,0,10.12,-22.616,-62.17
-73,0,10.16,-23.978,-63.62
-73,0,10.2,-30.82,-70.55
-73,0,10.24,-27.932,-67.63
-73,0,10.28,-23.384,-63.05
-73,0,10.32,-24.802,-64.43
-73,0,10.36,-25.366,-64.95
-73,0,10.4,-32.45,-71.99
-73,0,10.44,-30.434,-69.97
-73,0,10.48,-29.738,-69.27
-73,0,10.52,-26.852,-66.46
-73,0,10.56,-27.166,-66.93
-73,0,10.6,-27.27,-67.19
-73,0,10.64,-28.518,-68.53
-73,0,10.68,-34.336,-74.44
-73,0,10.72,-29.376,-69.55
-73,0,10.76,-27.518,-67.74
-73,0,10.8,-39.13,-79.4
-73,0,10.84,-32.82,-72.99
-73,0,10.88,-33.95,-74.02
-73,0,10.92,-33.362,-73.37
-73,0,10.96,-33.396,-73.38
-73,0,11,-32.74,-72.7
-73,0,11.04,-31.226,-71.29
-73,0,11.08,-35.342,-75.51
-73,0,11.12,-28.726,-68.97
-73,0,11.16,-23.608,-63.9
-73,0,11.2,-26.54,-66.88
-73,0,11.24,-28.628,-69.02
-73,0,11.28,-46.146,-86.59
-73,0,11.32,-33.614,-74.13
-73,0,11.36,-31.002,-71.61
-73,0,11.4,-24.65,-65.35
-73,0,11.44,-21.782,-62.53
-73,0,11.48,-19.354,-60.15
-73,0,11.52,-18.66,-59.49
-73,0,11.56,-21.07,-61.92
-73,0,11.6,-20.69,-61.56
-73,0,11.64,-24.596,-65.55
-73,0,11.68,-34.962,-76
-73,0,11.72,-24.998,-66.09
-73,0,11.76,-21.854,-62.97
-73,0,11.8,-18.97,-60.11
-73,0,11.84,-18.956,-60.04
-73,0,11.88,-17.842,-58.87
-73,0,11.92,-20.744,-61.87
-73,0,11.96,-21.272,-62.65
-73,0,12,-22.14,-63.77
-72,0,8,-23.56,-58.18
-72,0,8.04,-20.308,-55.02
-72,0,8.08,-19.866,-54.67
-72,0,8.12,-20.332,-55.22
-72,0,8.16,-22.986,-57.95
-72,0,8.2,-28.24,-63.28
-72,0,8.24,-26.342,-61.45
-72,0,8.28,-25.744,-60.92
-72,0,8.32,-27.466,-62.71
-72,0,8.36,-29.898,-65.21
-72,0,8.4,-29.05,-64.43
-72,0,8.44,-26.592,-62.18
-72,0,8.48,-23.454,-59.25
-72,0,8.52,-22.934,-58.96
-72,0,8.56,-21.072,-57.35
-72,0,8.6,-23.04,-59.57
-72,0,8.64,-22.164,-59.01
-72,0,8.68,-24.968,-62.13
-72,0,8.72,-27.598,-64.9
-72,0,8.76,-24.464,-61.73
-72,0,8.8,-25.05,-62.28
-72,0,8.84,-20.834,-58.02
-72,0,8.88,-24.028,-61.17
-72,0,8.92,-33.824,-71.03
-72,0,8.96,-27.982,-65.36
-72,0,9,-28.66,-66.21
-72,0,9.04,-31.404,-69.19
-72,0,9.08,-28.218,-66.24
-72,0,9.12,-21.066,-59.35
-72,0,9.16,-23.928,-62.5
-72,0,9.2,-23.58,-62.44
-72,0,9.24,-21.75,-60.35
-72,0,9.28,-25.35,-63.69
-72,0,9.32,-23.448,-61.61
-72,0,9.36,-27.344,-65.41
-72,0,9.4,-31.32,-69.29
-72,0,9.44,-31.044,-69.15
-72,0,9.48,-33.508,-71.75
-72,0,9.52,-27.512,-65.89
-72,0,9.56,-28.236,-66.75
-72,0,9.6,-32.82,-71.47
-72,0,9.64,-33.44,-72.21
-72,0,9.68,-29.74,-68.63
-72,0,9.72,-25.698,-64.68
-72,0,9.76,-23.254,-62.3
-72,0,9.8,-27.25,-66.36
-72,0,9.84,-30.456,-69.57
-72,0,9.88,-26.332,-65.45
-72,0,9.92,-27.01,-66.12
-72,0,9.96,-28.65,-67.74
-72,0,10,-36.13,-75.2
-72,0,10.04,-26.384,-65.63
-72,0,10.08,-23.268,-62.69
-72,0,10.12,-26.046,-65.6
-72,0,10.16,-23.968,-63.61
-72,0,10.2,-27.99,-67.72
-72,0,10.24,-38.952,-78.65
-72,0,10.28,-28.334,-68
-72,0,10.32,-23.952,-63.58
-72,0,10.36,-28.816,-68.4
-72,0,10.4,-29.38,-68.92
-72,0,10.44,-31.124,-70.66
-72,0,10.48,-29.478,-69.01
-72,0,10.52,-22.402,-62.01
-72,0,10.56,-25.146,-64.91
-72,0,10.6,-41.45,-81.37
-72,0,10.64,-30.778,-70.79
-72,0,10.68,-31.836,-71.94
-72,0,10.72,-27.026,-67.2
-72,0,10.76,-31.198,-71.42
-72,0,10.8,-32.89,-73.16
-72,0,10.84,-26.02,-66.19
-72,0,10.88,-28.64,-68.71
-72,0,10.92,-29.612,-69.62
-72,0,10.96,-28.346,-68.33
-72,0,11,-35.75,-75.71
-72,0,11.04,-43.206,-83.27
-72,0,11.08,-34.682,-74.85
-72,0,11.12,-29.006,-69.25
-72,0,11.16,-24.678,-64.97
-72,0,11.2,-25.88,-66.22
-72,0,11.24,-24.778,-65.17
-72,0,11.28,-30.746,-71.19
-72,0,11.32,-30.654,-71.17
-72,0,11.36,-33.222,-73.83
-72,0,11.4,-31.66,-72.36
-72,0,11.44,-27.382,-68.13
-72,0,11.48,-22.584,-63.38
-72,0,11.52,-21.13,-61.96
-72,0,11.56,-21.06,-61.91
-72,0,11.6,-23.19,-64.06
-72,0,11.64,-25.806,-66.76
-72,0,11.68,-30.152,-71.19
-72,0,11.72,-29.808,-70.9
-72,0,11.76,-25.184,-66.3
-72,0,11.8,-20.34,-61.48
-72,0,11.84,-19.856,-60.94
-72,0,11.88,-20.232,-61.26
-72,0,11.92,-21.604,-62.73
-72,0,11.96,-23.442,-64.82
-72,0,12,-22.34,-63.97
-71,0,8,-22,-56.62
-71,0,8.04,-20.978,-55.69
-71,0,8.08,-20.236,-55.04
-71,0,8.12,-19.852,-54.74
-71,0,8.16,-21.266,-56.23
-71,0,8.2,-26.72,-61.76
-71,0,8.24,-24.602,-59.71
-71,0,8.28,-26.004,-61.18
-71,0,8.32,-27.046,-62.29
-71,0,8.36,-28.438,-63.75
-71,0,8.4,-27.02,-62.4
-71,0,8.44,-27.472,-63.06
-71,0,8.48,-23.174,-58.97
-71,0,8.52,-20.934,-56.96
-71,0,8.56,-21.422,-57.7
-71,0,8.6,-20.91,-57.44
-71,0,8.64,-23.324,-60.17
-71,0,8.68,-23.098,-60.26
-71,0,8.72,-22.118,-59.42
-71,0,8.76,-23.444,-60.71
-71,0,8.8,-23.71,-60.94
-71,0,8.84,-21.484,-58.67
-71,0,8.88,-24.398,-61.54
-71,0,8.92,-29.404,-66.61
-71,0,8.96,-41.402,-78.78
-71,0,9,-24.83,-62.38
-71,0,9.04,-31.594,-69.38
-71,0,9.08,-26.708,-64.73
-71,0,9.12,-25.106,-63.39
-71,0,9.16,-22.958,-61.53
-71,0,9.2,-21.81,-60.67
-71,0,9.24,-23.74,-62.34
-71,0,9.28,-23.24,-61.58
-71,0,9.32,-27.348,-65.51
-71,0,9.36,-25.704,-63.77
-71,0,9.4,-30.99,-68.96
-71,0,9.44,-32.614,-70.72
-71,0,9.48,-35.218,-73.46
-71,0,9.52,-27.672,-66.05
-71,0,9.56,-27.546,-66.06
-71,0,9.6,-34.69,-73.34
-71,0,9.64,-32.99,-71.76
-71,0,9.68,-32.89,-71.78
-71,0,9.72,-26.268,-65.25
-71,0,9.76,-27.654,-66.7
-71,0,9.8,-27.5,-66.61
-71,0,9.84,-34.336,-73.45
-71,0,9.88,-32.062,-71.18
-71,0,9.92,-28.48,-67.59
-71,0,9.96,-32.21,-71.3
-71,0,10,-35.97,-75.04
-71,0,10.04,-30.134,-69.38
-71,0,10.08,-24.488,-63.91
-71,0,10.12,-27.716,-67.27
-71,0,10.16,-22.978,-62.62
-71,0,10.2,-26.05,-65.78
-71,0,10.24,-33.672,-73.37
-71,0,10.28,-25.654,-65.32
-71,0,10.32,-32.182,-71.81
-71,0,10.36,-25.426,-65.01
-71,0,10.4,-26.36,-65.9
-71,0,10.44,-24.114,-63.65
-71,0,10.48,-25.268,-64.8
-71,0,10.52,-21.562,-61.17
-71,0,10.56,-25.806,-65.57
-71,0,10.6,-30.46,-70.38
-71,0,10.64,-32.648,-72.66
-71,0,10.68,-29.676,-69.78
-71,0,10.72,-29.026,-69.2
-71,0,10.76,-29.688,-69.91
-71,0,10.8,-26.6,-66.87
-71,0,10.84,-25.98,-66.15
-71,0,10.88,-25.41,-65.48
-71,0,10.92,-26.632,-66.64
-71,0,10.96,-27.186,-67.17
-71,0,11,-32.12,-72.08
-71,0,11.04,-32.816,-72.88
-71,0,11.08,-39.052,-79.22
-71,0,11.12,-31.246,-71.49
-71,0,11.16,-28.308,-68.6
-71,0,11.2,-26.79,-67.13
-71,0,11.24,-23.718,-64.11
-71,0,11.28,-25.176,-65.62
-71,0,11.32,-31.074,-71.59
-71,0,11.36,-26.932,-67.54
-71,0,11.4,-32.74,-73.44
-71,0,11.44,-36.252,-77
-71,0,11.48,-25.354,-66.15
-71,0,11.52,-25.09,-65.92
-71,0,11.56,-28.26,-69.11
-71,0,11.6,-27.8,-68.67
-71,0,11.64,-27.236,-68.19
-71,0,11.68,-27.432,-68.47
-71,0,11.72,-26.508,-67.6
-71,0,11.76,-22.144,-63.26
-71,0,11.8,-20.37,-61.51
-71,0,11.84,-20.556,-61.64
-71,0,11.88,-18.822,-59.85
-71,0,11.92,-23.394,-64.52
-71,0,11.96,-20.802,-62.18
-71,0,12,-20.28,-61.91
-70,0,8,-22.8,-57.42
-70,0,8.04,-20.908,-55.62
-70,0,8.08,-20.876,-55.68
-70,0,8.12,-19.052,-53.94
-70,0,8.16,-21.126,-56.09
-70,0,8.2,-27.4,-62.44
-70,0,8.24,-25.192,-60.3
-70,0,8.28,-23.734,-58.91
-70,0,8.32,-25.116,-60.36
-70,0,8.36,-29.248,-64.56
-70,0,8.4,-30.23,-65.61
-70,0,8.44,-30.262,-65.85
-70,0,8.48,-24.974,-60.77
-70,0,8.52,-23.664,-59.69
-70,0,8.56,-21.112,-57.39
-70,0,8.6,-20.78,-57.31
-70,0,8.64,-22.674,-59.52
-70,0,8.68,-21.768,-58.93
-70,0,8.72,-22.158,-59.46
-70,0,8.76,-22.394,-59.66
-70,0,8.8,-22.79,-60.02
-70,0,8.84,-20.784,-57.97
-70,0,8.88,-21.378,-58.52
-70,0,8.92,-25.554,-62.76
-70,0,8.96,-34.212,-71.59
-70,0,9,-28.09,-65.64
-70,0,9.04,-32.464,-70.25
-70,0,9.08,-31.818,-69.84
-70,0,9.12,-30.886,-69.17
-70,0,9.16,-26.048,-64.62
-70,0,9.2,-24.51,-63.37
-70,0,9.24,-24.76,-63.36
-70,0,9.28,-26.31,-64.65
-70,0,9.32,-26.738,-64.9
-70,0,9.36,-30.884,-68.95
-70,0,9.4,-34.09,-72.06
-70,0,9.44,-32.204,-70.31
-70,0,9.48,-36.498,-74.74
-70,0,9.52,-29.122,-67.5
-70,0,9.56,-25.496,-64.01
-70,0,9.6,-32.51,-71.16
-70,0,9.64,-42.2,-80.97
-70,0,9.68,-31.7,-70.59
-70,0,9.72,-27.708,-66.69
-70,0,9.76,-29.104,-68.15
-70,0,9.8,-28.91,-68.02
-70,0,9.84,-27.556,-66.67
-70,0,9.88,-32.312,-71.43
-70,0,9.92,-31.32,-70.43
-70,0,9.96,-32.73,-71.82
-70,0,10,-32.18,-71.25
-70,0,10.04,-36.574,-75.82
-70,0,10.08,-26.548,-65.97
-70,0,10.12,-22.386,-61.94
-70,0,10.16,-27.478,-67.12
-70,0,10.2,-26.18,-65.91
-70,0,10.24,-26.642,-66.34
-70,0,10.28,-35.054,-74.72
-70,0,10.32,-29.132,-68.76
-70,0,10.36,-26.896,-66.48
-70,0,10.4,-26.8,-66.34
-70,0,10.44,-27.494,-67.03
-70,0,10.48,-24.398,-63.93
-70,0,10.52,-20.522,-60.13
-70,0,10.56,-21.216,-60.98
-70,0,10.6,-23.23,-63.15
-70,0,10.64,-28.828,-68.84
-70,0,10.68,-34.186,-74.29
-70,0,10.72,-27.786,-67.96
-70,0,10.76,-24.298,-64.52
-70,0,10.8,-24.43,-64.7
-70,0,10.84,-23.17,-63.34
-70,0,10.88,-23.52,-63.59
-70,0,10.92,-22.882,-62.89
-70,0,10.96,-26.956,-66.94
-70,0,11,-30.87,-70.83
-70,0,11.04,-32.856,-72.92
-70,0,11.08,-32.022,-72.19
-70,0,11.12,-30.126,-70.37
-70,0,11.16,-26.718,-67.01
-70,0,11.2,-39.83,-80.17
-70,0,11.24,-29.398,-69.79
-70,0,11.28,-30.056,-70.5
-70,0,11.32,-31.014,-71.53
-70,0,11.36,-30.492,-71.1
-70,0,11.4,-32.25,-72.95
-70,0,11.44,-32.562,-73.31
-70,0,11.48,-30.894,-71.69
-70,0,11.52,-25.79,-66.62
-70,0,11.56,-30.37,-71.22
-70,0,11.6,-29.94,-70.81
-70,0,11.64,-36.686,-77.64
-70,0,11.68,-28.972,-70.01
-70,0,11.72,-21.718,-62.81
-70,0,11.76,-18.144,-59.26
-70,0,11.8,-18.45,-59.59
-70,0,11.84,-18.356,-59.44
-70,0,11.88,-18.682,-59.71
-70,0,11.92,-21.654,-62.78
-70,0,11.96,-17.932,-59.31
-70,0,12,-18.34,-59.97
-69,0,8,-22.46,-57.08
-69,0,8.04,-22.038,-56.75
-69,0,8.08,-20.126,-54.93
-69,0,8.12,-19.612,-54.5
-69,0,8.16,-20.116,-55.08
-69,0,8.2,-22.93,-57.97
-69,0,8.24,-23.562,-58.67
-69,0,8.28,-23.384,-58.56
-69,0,8.32,-24.236,-59.48
-69,0,8.36,-26.928,-62.24
-69,0,8.4,-31.14,-66.52
-69,0,8.44,-36.712,-72.3
-69,0,8.48,-26.114,-61.91
-69,0,8.52,-23.024,-59.05
-69,0,8.56,-22.182,-58.46
-69,0,8.6,-22.23,-58.76
-69,0,8.64,-23.754,-60.6
-69,0,8.68,-22.248,-59.41
-69,0,8.72,-23.408,-60.71
-69,0,8.76,-21.534,-58.8
-69,0,8.8,-22.87,-60.1
-69,0,8.84,-19.564,-56.75
-69,0,8.88,-20.988,-58.13
-69,0,8.92,-25.274,-62.48
-69,0,8.96,-31.822,-69.2
-69,0,9,-33.71,-71.26
-69,0,9.04,-35.174,-72.96
-69,0,9.08,-40.108,-78.13
-69,0,9.12,-34.386,-72.67
-69,0,9.16,-28.318,-66.89
-69,0,9.2,-28.46,-67.32
-69,0,9.24,-25.81,-64.41
-69,0,9.28,-25.46,-63.8
-69,0,9.32,-36.188,-74.35
-69,0,9.36,-33.474,-71.54
-69,0,9.4,-30.75,-68.72
-69,0,9.44,-31.254,-69.36
-69,0,9.48,-38.678,-76.92
-69,0,9.52,-27.132,-65.51
-69,0,9.56,-27.116,-65.63
-69,0,9.6,-27.7,-66.35
-69,0,9.64,-34.01,-72.78
-69,0,9.68,-28.79,-67.68
-69,0,9.72,-29.298,-68.28
-69,0,9.76,-28.214,-67.26
-69,0,9.8,-27.17,-66.28
-69,0,9.84,-32.746,-71.86
-69,0,9.88,-31.502,-70.62
-69,0,9.92,-26.46,-65.57
-69,0,9.96,-29.85,-68.94
-69,0,10,-33.45,-72.52
-69,0,10.04,-36.914,-76.16
-69,0,10.08,-32.568,-71.99
-69,0,10.12,-26.126,-65.68
-69,0,10.16,-25.788,-65.43
-69,0,10.2,-24.86,-64.59
-69,0,10.24,-28.552,-68.25
-69,0,10.28,-34.904,-74.57
-69,0,10.32,-25.642,-65.27
-69,0,10.36,-24.476,-64.06
-69,0,10.4,-26.19,-65.73
-69,0,10.44,-25.414,-64.95
-69,0,10.48,-21.638,-61.17
-69,0,10.52,-20.722,-60.33
-69,0,10.56,-23.146,-62.91
-69,0,10.6,-24.05,-63.97
-69,0,10.64,-29.218,-69.23
-69,0,10.68,-26.166,-66.27
-69,0,10.72,-29.036,-69.21
-69,0,10.76,-20.848,-61.07
-69,0,10.8,-22.64,-62.91
-69,0,10.84,-22.65,-62.82
-69,0,10.88,-20.84,-60.91
-69,0,10.92,-23.742,-63.75
-69,0,10.96,-25.186,-65.17
-69,0,11,-29.3,-69.26
-69,0,11.04,-28.216,-68.28
-69,0,11.08,-27.902,-68.07
-69,0,11.12,-25.166,-65.41
-69,0,11.16,-31.718,-72.01
-69,0,11.2,-40.17,-80.51
-69,0,11.24,-38.398,-78.79
-69,0,11.28,-27.996,-68.44
-69,0,11.32,-28.994,-69.51
-69,0,11.36,-24.702,-65.31
-69,0,11.4,-34.89,-75.59
-69,0,11.44,-44.912,-85.66
-69,0,11.48,-28.814,-69.61
-69,0,11.52,-28.27,-69.1
-69,0,11.56,-25.32,-66.17
-69,0,11.6,-21.26,-62.13
-69,0,11.64,-23.826,-64.78
-69,0,11.68,-27.632,-68.67
-69,0,11.72,-19.918,-61.01
-69,0,11.76,-16.694,-57.81
-69,0,11.8,-17.01,-58.15
-69,0,11.84,-15.716,-56.8
-69,0,11.88,-14.132,-55.16
-69,0,11.92,-16.304,-57.43
-69,0,11.96,-15.682,-57.06
-69,0,12,-15.22,-56.85
-68,0,8,-22.12,-56.74
-68,0,8.04,-23.458,-58.17
-68,0,8.08,-21.306,-56.11
-68,0,8.12,-20.082,-54.97
-68,0,8.16,-20.316,-55.28
-68,0,8.2,-23.92,-58.96
-68,0,8.24,-21.492,-56.6
-68,0,8.28,-21.714,-56.89
-68,0,8.32,-21.826,-57.07
-68,0,8.36,-25.278,-60.59
-68,0,8.4,-32.62,-68
-68,0,8.44,-33.122,-68.71
-68,0,8.48,-30.714,-66.51
-68,0,8.52,-25.794,-61.82
-68,0,8.56,-22.502,-58.78
-68,0,8.6,-24.67,-61.2
-68,0,8.64,-26.884,-63.73
-68,0,8.68,-25.088,-62.25
-68,0,8.72,-21.688,-58.99
-68,0,8.76,-20.874,-58.14
-68,0,8.8,-21.82,-59.05
-68,0,8.84,-19.684,-56.87
-68,0,8.88,-20.868,-58.01
-68,0,8.92,-23.574,-60.78
-68,0,8.96,-28.872,-66.25
-68,0,9,-36.51,-74.06
-68,0,9.04,-36.894,-74.68
-68,0,9.08,-32.308,-70.33
-68,0,9.12,-40.376,-78.66
-68,0,9.16,-32.168,-70.74
-68,0,9.2,-29.9,-68.76
-68,0,9.24,-27.55,-66.15
-68,0,9.28,-31.35,-69.69
-68,0,9.32,-45.708,-83.87
-68,0,9.36,-33.774,-71.84
-68,0,9.4,-33.64,-71.61
-68,0,9.44,-26.984,-65.09
-68,0,9.48,-34.058,-72.3
-68,0,9.52,-29.272,-67.65
-68,0,9.56,-25.936,-64.45
-68,0,9.6,-29.4,-68.05
-68,0,9.64,-32.72,-71.49
-68,0,9.68,-33.16,-72.05
-68,0,9.72,-29.508,-68.49
-68,0,9.76,-31.554,-70.6
-68,0,9.8,-30.39,-69.5
-68,0,9.84,-30.806,-69.92
-68,0,9.88,-31.822,-70.94
-68,0,9.92,-28.96,-68.07
-68,0,9.96,-28.01,-67.1
-68,0,10,-32.94,-72.01
-68,0,10.04,-29.144,-68.39
-68,0,10.08,-28.138,-67.56
-68,0,10.12,-25.356,-64.91
-68,0,10.16,-24.438,-64.08
-68,0,10.2,-24.88,-64.61
-68,0,10.24,-22.692,-62.39
-68,0,10.28,-26.144,-65.81
-68,0,10.32,-25.572,-65.2
-68,0,10.36,-26.976,-66.56
-68,0,10.4,-27.04,-66.58
-68,0,10.44,-23.934,-63.47
-68,0,10.48,-28.138,-67.67
-68,0,10.52,-20.872,-60.48
-68,0,10.56,-23.276,-63.04
-68,0,10.6,-24.82,-64.74
-68,0,10.64,-24.718,-64.73
-68,0,10.68,-24.906,-65.01
-68,0,10.72,-25.166,-65.34
-68,0,10.76,-22.488,-62.71
-68,0,10.8,-20.59,-60.86
-68,0,10.84,-18.72,-58.89
-68,0,10.88,-22.58,-62.65
-68,0,10.92,-22.412,-62.42
-68,0,10.96,-24.206,-64.19
-68,0,11,-24.73,-64.69
-68,0,11.04,-23.536,-63.6
-68,0,11.08,-25.122,-65.29
-68,0,11.12,-24.446,-64.69
-68,0,11.16,-25.758,-66.05
-68,0,11.2,-34.2,-74.54
-68,0,11.24,-34.258,-74.65
-68,0,11.28,-31.886,-72.33
-68,0,11.32,-24.784,-65.3
-68,0,11.36,-23.182,-63.79
-68,0,11.4,-29.95,-70.65
-68,0,11.44,-30.672,-71.42
-68,0,11.48,-33.184,-73.98
-68,0,11.52,-23.05,-63.88
-68,0,11.56,-19.78,-60.63
-68,0,11.6,-20.78,-61.65
-68,0,11.64,-19.866,-60.82
-68,0,11.68,-20.132,-61.17
-68,0,11.72,-19.878,-60.97
-68,0,11.76,-17.684,-58.8
-68,0,11.8,-17.23,-58.37
-68,0,11.84,-13.766,-54.85
-68,0,11.88,-13.762,-54.79
-68,0,11.92,-13.984,-55.11
-68,0,11.96,-12.962,-54.34
-68,0,12,-14.72,-56.35
-67,0,8,-22.62,-57.24
-67,0,8.04,-23.828,-58.54
-67,0,8.08,-21.826,-56.63
-67,0,8.12,-20.252,-55.14
-67,0,8.16,-20.016,-54.98
-67,0,8.2,-23.43,-58.47
-67,0,8.24,-22.152,-57.26
-67,0,8.28,-21.644,-56.82
-67,0,8.32,-21.106,-56.35
-67,0,8.36,-25.108,-60.42
-67,0,8.4,-33.6,-68.98
-67,0,8.44,-48.642,-84.23
-67,0,8.48,-30.664,-66.46
-67,0,8.52,-27.474,-63.5
-67,0,8.56,-25.182,-61.46
-67,0,8.6,-29.22,-65.75
-67,0,8.64,-26.604,-63.45
-67,0,8.68,-28.308,-65.47
-67,0,8.72,-21.458,-58.76
-67,0,8.76,-21.544,-58.81
-67,0,8.8,-19.98,-57.21
-67,0,8.84,-20.684,-57.87
-67,0,8.88,-21.178,-58.32
-67,0,8.92,-22.364,-59.57
-67,0,8.96,-27.672,-65.05
-67,0,9,-23.68,-61.23
-67,0,9.04,-36.004,-73.79
-67,0,9.08,-34.468,-72.49
-67,0,9.12,-36.626,-74.91
-67,0,9.16,-31.728,-70.3
-67,0,9.2,-31.45,-70.31
-67,0,9.24,-28.53,-67.13
-67,0,9.28,-31.31,-69.65
-67,0,9.32,-31.698,-69.86
-67,0,9.36,-25.614,-63.68
-67,0,9.4,-28.65,-66.62
-67,0,9.44,-25.604,-63.71
-67,0,9.48,-35.728,-73.97
-67,0,9.52,-34.002,-72.38
-67,0,9.56,-23.696,-62.21
-67,0,9.6,-27.84,-66.49
-67,0,9.64,-33.15,-71.92
-67,0,9.68,-31.66,-70.55
-67,0,9.72,-30.728,-69.71
-67,0,9.76,-32.724,-71.77
-67,0,9.8,-32.98,-72.09
-67,0,9.84,-37.106,-76.22
-67,0,9.88,-30.022,-69.14
-67,0,9.92,-28.75,-67.86
-67,0,9.96,-26.79,-65.88
-67,0,10,-28.86,-67.93
-67,0,10.04,-32.074,-71.32
-67,0,10.08,-31.428,-70.85
-67,0,10.12,-24.686,-64.24
-67,0,10.16,-26.628,-66.27
-67,0,10.2,-28.53,-68.26
-67,0,10.24,-27.002,-66.7
-67,0,10.28,-23.654,-63.32
-67,0,10.32,-26.072,-65.7
-67,0,10.36,-26.386,-65.97
-67,0,10.4,-25,-64.54
-67,0,10.44,-25.074,-64.61
-67,0,10.48,-24.048,-63.58
-67,0,10.52,-22.102,-61.71
-67,0,10.56,-22.496,-62.26
-67,0,10.6,-24.27,-64.19
-67,0,10.64,-25.978,-65.99
-67,0,10.68,-27.246,-67.35
-67,0,10.72,-25.066,-65.24
-67,0,10.76,-21.178,-61.4
-67,0,10.8,-19.07,-59.34
-67,0,10.84,-19.77,-59.94
-67,0,10.88,-21.01,-61.08
-67,0,10.92,-20.972,-60.98
-67,0,10.96,-22.336,-62.32
-67,0,11,-22.8,-62.76
-67,0,11.04,-23.176,-63.24
-67,0,11.08,-24.702,-64.87
-67,0,11.12,-23.626,-63.87
-67,0,11.16,-25.678,-65.97
-67,0,11.2,-30.32,-70.66
-67,0,11.24,-31.118,-71.51
-67,0,11.28,-26.136,-66.58
-67,0,11.32,-21.264,-61.78
-67,0,11.36,-20.852,-61.46
-67,0,11.4,-23.48,-64.18
-67,0,11.44,-25.562,-66.31
-67,0,11.48,-32.524,-73.32
-67,0,11.52,-22.19,-63.02
-67,0,11.56,-18.92,-59.77
-67,0,11.6,-20.02,-60.89
-67,0,11.64,-18.836,-59.79
-67,0,11.68,-17.842,-58.88
-67,0,11.72,-17.898,-58.99
-67,0,11.76,-16.724,-57.84
-67,0,11.8,-17.68,-58.82
-67,0,11.84,-14.476,-55.56
-67,0,11.88,-13.492,-54.52
-67,0,11.92,-12.824,-53.95
-67,0,11.96,-11.682,-53.06
-67,0,12,-14.14,-55.77
-66,0,8,-22.83,-57.45
-66,0,8.04,-25.228,-59.94
-66,0,8.08,-22.876,-57.68
-66,0,8.12,-22.142,-57.03
-66,0,8.16,-20.426,-55.39
-66,0,8.2,-23.31,-58.35
-66,0,8.24,-23.162,-58.27
-66,0,8.28,-22.084,-57.26
-66,0,8.32,-21.856,-57.1
-66,0,8.36,-26.808,-62.12
-66,0,8.4,-31.19,-66.57
-66,0,8.44,-49.502,-85.09
-66,0,8.48,-31.864,-67.66
-66,0,8.52,-25.634,-61.66
-66,0,8.56,-25.222,-61.5
-66,0,8.6,-31.05,-67.58
-66,0,8.64,-46.704,-83.55
-66,0,8.68,-27.778,-64.94
-66,0,8.72,-22.658,-59.96
-66,0,8.76,-20.704,-57.97
-66,0,8.8,-21.19,-58.42
-66,0,8.84,-21.334,-58.52
-66,0,8.88,-23.808,-60.95
-66,0,8.92,-21.654,-58.86
-66,0,8.96,-26.162,-63.54
-66,0,9,-26.07,-63.62
-66,0,9.04,-29.314,-67.1
-66,0,9.08,-27.628,-65.65
-66,0,9.12,-32.706,-70.99
-66,0,9.16,-30.048,-68.62
-66,0,9.2,-24.57,-63.43
-66,0,9.24,-34.42,-73.02
-66,0,9.28,-37.44,-75.78
-66,0,9.32,-30.378,-68.54
-66,0,9.36,-27.314,-65.38
-66,0,9.4,-24.02,-61.99
-66,0,9.44,-23.834,-61.94
-66,0,9.48,-29.908,-68.15
-66,0,9.52,-33.242,-71.62
-66,0,9.56,-27.546,-66.06
-66,0,9.6,-28.13,-66.78
-66,0,9.64,-32.86,-71.63
-66,0,9.68,-27.32,-66.21
-66,0,9.72,-30.078,-69.06
-66,0,9.76,-28.524,-67.57
-66,0,9.8,-28.39,-67.5
-66,0,9.84,-35.706,-74.82
-66,0,9.88,-28.722,-67.84
-66,0,9.92,-25.86,-64.97
-66,0,9.96,-25.11,-64.2
-66,0,10,-26.08,-65.15
-66,0,10.04,-27.684,-66.93
-66,0,10.08,-30.808,-70.23
-66,0,10.12,-28.756,-68.31
-66,0,10.16,-31.438,-71.08
-66,0,10.2,-25.75,-65.48
-66,0,10.24,-27.452,-67.15
-66,0,10.28,-22.934,-62.6
-66,0,10.32,-23.072,-62.7
-66,0,10.36,-27.076,-66.66
-66,0,10.4,-28.55,-68.09
-66,0,10.44,-25.474,-65.01
-66,0,10.48,-23.538,-63.07
-66,0,10.52,-22.012,-61.62
-66,0,10.56,-21.716,-61.48
-66,0,10.6,-25.31,-65.23
-66,0,10.64,-24.598,-64.61
-66,0,10.68,-26.196,-66.3
-66,0,10.72,-22.986,-63.16
-66,0,10.76,-21.208,-61.43
-66,0,10.8,-20.05,-60.32
-66,0,10.84,-20.07,-60.24
-66,0,10.88,-19.32,-59.39
-66,0,10.92,-19.712,-59.72
-66,0,10.96,-18.376,-58.36
-66,0,11,-20.52,-60.48
-66,0,11.04,-26.376,-66.44
-66,0,11.08,-23.832,-64
-66,0,11.12,-24.256,-64.5
-66,0,11.16,-25.048,-65.34
-66,0,11.2,-24.15,-64.49
-66,0,11.24,-35.118,-75.51
-66,0,11.28,-24.106,-64.55
-66,0,11.32,-20.054,-60.57
-66,0,11.36,-18.082,-58.69
-66,0,11.4,-21.74,-62.44
-66,0,11.44,-21.182,-61.93
-66,0,11.48,-28.604,-69.4
-66,0,11.52,-23.53,-64.36
-66,0,11.56,-20.69,-61.54
-66,0,11.6,-17.84,-58.71
-66,0,11.64,-17.606,-58.56
-66,0,11.68,-17.022,-58.06
-66,0,11.72,-19.678,-60.77
-66,0,11.76,-20.774,-61.89
-66,0,11.8,-19.59,-60.73
-66,0,11.84,-15.186,-56.27
-66,0,11.88,-12.992,-54.02
-66,0,11.92,-12.694,-53.82
-66,0,11.96,-11.942,-53.32
-66,0,12,-14.03,-55.66
-65,0,8,-21.57,-56.19
-65,0,8.04,-24.618,-59.33
-65,0,8.08,-24.926,-59.73
-65,0,8.12,-21.962,-56.85
-65,0,8.16,-22.676,-57.64
-65,0,8.2,-25.82,-60.86
-65,0,8.24,-24.792,-59.9
-65,0,8.28,-23.404,-58.58
-65,0,8.32,-21.686,-56.93
-65,0,8.36,-27.358,-62.67
-65,0,8.4,-27.57,-62.95
-65,0,8.44,-47.542,-83.13
-65,0,8.48,-27.564,-63.36
-65,0,8.52,-26.304,-62.33
-65,0,8.56,-28.402,-64.68
-65,0,8.6,-30.98,-67.51
-65,0,8.64,-37.384,-74.23
-65,0,8.68,-27.458,-64.62
-65,0,8.72,-22.828,-60.13
-65,0,8.76,-20.184,-57.45
-65,0,8.8,-19.62,-56.85
-65,0,8.84,-21.464,-58.65
-65,0,8.88,-23.598,-60.74
-65,0,8.92,-21.234,-58.44
-65,0,8.96,-23.722,-61.1
-65,0,9,-22.36,-59.91
-65,0,9.04,-23.734,-61.52
-65,0,9.08,-23.318,-61.34
-65,0,9.12,-24.486,-62.77
-65,0,9.16,-24.768,-63.34
-65,0,9.2,-24.1,-62.96
-65,0,9.24,-25.14,-63.74
-65,0,9.28,-30.55,-68.89
-65,0,9.32,-26.118,-64.28
-65,0,9.36,-23.334,-61.4
-65,0,9.4,-24.41,-62.38
-65,0,9.44,-23.934,-62.04
-65,0,9.48,-28.428,-66.67
-65,0,9.52,-32.752,-71.13
-65,0,9.56,-28.396,-66.91
-65,0,9.6,-27.51,-66.16
-65,0,9.64,-34.67,-73.44
-65,0,9.68,-31.9,-70.79
-65,0,9.72,-32.028,-71.01
-65,0,9.76,-32.604,-71.65
-65,0,9.8,-27.97,-67.08
-65,0,9.84,-26.916,-66.03
-65,0,9.88,-29.262,-68.38
-65,0,9.92,-27.8,-66.91
-65,0,9.96,-27.58,-66.67
-65,0,10,-28.68,-67.75
-65,0,10.04,-29.104,-68.35
-65,0,10.08,-31.888,-71.31
-65,0,10.12,-33.856,-73.41
-65,0,10.16,-39.158,-78.8
-65,0,10.2,-33.03,-72.76
-65,0,10.24,-24.862,-64.56
-65,0,10.28,-23.224,-62.89
-65,0,10.32,-25.202,-64.83
-65,0,10.36,-29.236,-68.82
-65,0,10.4,-26.32,-65.86
-65,0,10.44,-29.854,-69.39
-65,0,10.48,-25.578,-65.11
-65,0,10.52,-21.762,-61.37
-65,0,10.56,-20.406,-60.17
-65,0,10.6,-21.79,-61.71
-65,0,10.64,-28.008,-68.02
-65,0,10.68,-26.196,-66.3
-65,0,10.72,-27.496,-67.67
-65,0,10.76,-22.558,-62.78
-65,0,10.8,-22,-62.27
-65,0,10.84,-18.31,-58.48
-65,0,10.88,-18.14,-58.21
-65,0,10.92,-18.212,-58.22
-65,0,10.96,-17.776,-57.76
-65,0,11,-20,-59.96
-65,0,11.04,-25.596,-65.66
-65,0,11.08,-32.022,-72.19
-65,0,11.12,-20.456,-60.7
-65,0,11.16,-21.348,-61.64
-65,0,11.2,-21.88,-62.22
-65,0,11.24,-28.008,-68.4
-65,0,11.28,-25.076,-65.52
-65,0,11.32,-21.454,-61.97
-65,0,11.36,-21.802,-62.41
-65,0,11.4,-19.85,-60.55
-65,0,11.44,-20.662,-61.41
-65,0,11.48,-21.724,-62.52
-65,0,11.52,-22.92,-63.75
-65,0,11.56,-21.47,-62.32
-65,0,11.6,-20.08,-60.95
-65,0,11.64,-19.106,-60.06
-65,0,11.68,-19.422,-60.46
-65,0,11.72,-21.088,-62.18
-65,0,11.76,-22.564,-63.68
-65,0,11.8,-24.3,-65.44
-65,0,11.84,-18.156,-59.24
-65,0,11.88,-14.482,-55.51
-65,0,11.92,-12.774,-53.9
-65,0,11.96,-12.502,-53.88
-65,0,12,-13.99,-55.62
-64,0,8,-22.13,-56.75
-64,0,8.04,-23.508,-58.22
-64,0,8.08,-26.156,-60.96
-64,0,8.12,-24.812,-59.7
-64,0,8.16,-25.076,-60.04
-64,0,8.2,-32.18,-67.22
-64,0,8.24,-25.062,-60.17
-64,0,8.28,-23.634,-58.81
-64,0,8.32,-20.776,-56.02
-64,0,8.36,-25.348,-60.66
-64,0,8.4,-27.41,-62.79
-64,0,8.44,-33.812,-69.4
-64,0,8.48,-28.784,-64.58
-64,0,8.52,-24.414,-60.44
-64,0,8.56,-25.532,-61.81
-64,0,8.6,-30.83,-67.36
-64,0,8.64,-33.854,-70.7
-64,0,8.68,-26.748,-63.91
-64,0,8.72,-22.068,-59.37
-64,0,8.76,-19.654,-56.92
-64,0,8.8,-19.63,-56.86
-64,0,8.84,-20.754,-57.94
-64,0,8.88,-23.798,-60.94
-64,0,8.92,-21.804,-59.01
-64,0,8.96,-25.732,-63.11
-64,0,9,-22.07,-59.62
-64,0,9.04,-25.374,-63.16
-64,0,9.08,-23.388,-61.41
-64,0,9.12,-22.766,-61.05
-64,0,9.16,-21.578,-60.15
-64,0,9.2,-20.84,-59.7
-64,0,9.24,-24.94,-63.54
-64,0,9.28,-24.67,-63.01
-64,0,9.32,-23.058,-61.22
-64,0,9.36,-22.494,-60.56
-64,0,9.4,-23.47,-61.44
-64,0,9.44,-23.634,-61.74
-64,0,9.48,-27.808,-66.05
-64,0,9.52,-30.462,-68.84
-64,0,9.56,-22.886,-61.4
-64,0,9.6,-27.43,-66.08
-64,0,9.64,-29.86,-68.63
-64,0,9.68,-30.52,-69.41
-64,0,9.72,-28.778,-67.76
-64,0,9.76,-33.054,-72.1
-64,0,9.8,-25.16,-64.27
-64,0,9.84,-25.936,-65.05
-64,0,9.88,-27.132,-66.25
-64,0,9.92,-26.19,-65.3
-64,0,9.96,-27.53,-66.62
-64,0,10,-27.05,-66.12
-64,0,10.04,-24.664,-63.91
-64,0,10.08,-33.048,-72.47
-64,0,10.12,-26.656,-66.21
-64,0,10.16,-48.698,-88.34
-64,0,10.2,-29.01,-68.74
-64,0,10.24,-32.212,-71.91
-64,0,10.28,-30.094,-69.76
-64,0,10.32,-26.482,-66.11
-64,0,10.36,-29.856,-69.44
-64,0,10.4,-33.16,-72.7
-64,0,10.44,-28.534,-68.07
-64,0,10.48,-21.898,-61.43
-64,0,10.52,-19.212,-58.82
-64,0,10.56,-18.426,-58.19
-64,0,10.6,-20.69,-60.61
-64,0,10.64,-22.968,-62.98
-64,0,10.68,-32.386,-72.49
-64,0,10.72,-27.436,-67.61
-64,0,10.76,-23.968,-64.19
-64,0,10.8,-21.03,-61.3
-64,0,10.84,-19.47,-59.64
-64,0,10.88,-20.5,-60.57
-64,0,10.92,-19.602,-59.61
-64,0,10.96,-17.776,-57.76
-64,0,11,-19.09,-59.05
-64,0,11.04,-20.086,-60.15
-64,0,11.08,-24.012,-64.18
-64,0,11.12,-22.646,-62.89
-64,0,11.16,-18.628,-58.92
-64,0,11.2,-18.34,-58.68
-64,0,11.24,-20.428,-60.82
-64,0,11.28,-20.266,-60.71
-64,0,11.32,-22.734,-63.25
-64,0,11.36,-21.732,-62.34
-64,0,11.4,-21.16,-61.86
-64,0,11.44,-21.892,-62.64
-64,0,11.48,-27.394,-68.19
-64,0,11.52,-30.09,-70.92
-64,0,11.56,-22.42,-63.27
-64,0,11.6,-20.72,-61.59
-64,0,11.64,-20.476,-61.43
-64,0,11.68,-24.932,-65.97
-64,0,11.72,-24.218,-65.31
-64,0,11.76,-28.704,-69.82
-64,0,11.8,-24.04,-65.18
-64,0,11.84,-19.766,-60.85
-64,0,11.88,-15.922,-56.95
-64,0,11.92,-13.594,-54.72
-64,0,11.96,-11.802,-53.18
-64,0,12,-13.35,-54.98
-63,0,8,-20.37,-54.99
-63,0,8.04,-24.498,-59.21
-63,0,8.08,-26.536,-61.34
-63,0,8.12,-29.552,-64.44
-63,0,8.16,-32.006,-66.97
-63,0,8.2,-44.16,-79.2
-63,0,8.24,-28.052,-63.16
-63,0,8.28,-21.154,-56.33
-63,0,8.32,-20.556,-55.8
-63,0,8.36,-23.778,-59.09
-63,0,8.4,-24.45,-59.83
-63,0,8.44,-31.402,-66.99
-63,0,8.48,-29.854,-65.65
-63,0,8.52,-26.414,-62.44
-63,0,8.56,-26.202,-62.48
-63,0,8.6,-26.54,-63.07
-63,0,8.64,-30.144,-66.99
-63,0,8.68,-24.218,-61.38
-63,0,8.72,-21.668,-58.97
-63,0,8.76,-19.444,-56.71
-63,0,8.8,-19.6,-56.83
-63,0,8.84,-21.184,-58.37
-63,0,8.88,-20.638,-57.78
-63,0,8.92,-23.094,-60.3
-63,0,8.96,-26.772,-64.15
-63,0,9,-20.93,-58.48
-63,0,9.04,-24.224,-62.01
-63,0,9.08,-22.258,-60.28
-63,0,9.12,-24.916,-63.2
-63,0,9.16,-22.308,-60.88
-63,0,9.2,-19.14,-58
-63,0,9.24,-21.11,-59.71
-63,0,9.28,-20.35,-58.69
-63,0,9.32,-23.968,-62.13
-63,0,9.36,-22.714,-60.78
-63,0,9.4,-25.18,-63.15
-63,0,9.44,-24.604,-62.71
-63,0,9.48,-27.828,-66.07
-63,0,9.52,-26.582,-64.96
-63,0,9.56,-23.836,-62.35
-63,0,9.6,-28.24,-66.89
-63,0,9.64,-27.94,-66.71
-63,0,9.68,-32.72,-71.61
-63,0,9.72,-28.858,-67.84
-63,0,9.76,-25.724,-64.77
-63,0,9.8,-25.34,-64.45
-63,0,9.84,-25.356,-64.47
-63,0,9.88,-29.852,-68.97
-63,0,9.92,-29.64,-68.75
-63,0,9.96,-26.22,-65.31
-63,0,10,-24.21,-63.28
-63,0,10.04,-23.754,-63
-63,0,10.08,-22.098,-61.52
-63,0,10.12,-30.426,-69.98
-63,0,10.16,-34.888,-74.53
-63,0,10.2,-31.69,-71.42
-63,0,10.24,-32.632,-72.33
-63,0,10.28,-30.294,-69.96
-63,0,10.32,-35.482,-75.11
-63,0,10.36,-37.646,-77.23
-63,0,10.4,-31.49,-71.03
-63,0,10.44,-24.644,-64.18
-63,0,10.48,-23.908,-63.44
-63,0,10.52,-19.222,-58.83
-63,0,10.56,-17.556,-57.32
-63,0,10.6,-18.81,-58.73
-63,0,10.64,-22.758,-62.77
-63,0,10.68,-31.136,-71.24
-63,0,10.72,-30.946,-71.12
-63,0,10.76,-26.658,-66.88
-63,0,10.8,-24.58,-64.85
-63,0,10.84,-21.64,-61.81
-63,0,10.88,-23.3,-63.37
-63,0,10.92,-20.642,-60.65
-63,0,10.96,-17.636,-57.62
-63,0,11,-17.49,-57.45
-63,0,11.04,-21.336,-61.4
-63,0,11.08,-23.612,-63.78
-63,0,11.12,-22.346,-62.59
-63,0,11.16,-20.218,-60.51
-63,0,11.2,-18.1,-58.44
-63,0,11.24,-18.798,-59.19
-63,0,11.28,-19.286,-59.73
-63,0,11.32,-19.924,-60.44
-63,0,11.36,-22.422,-63.03
-63,0,11.4,-24.99,-65.69
-63,0,11.44,-28.252,-69
-63,0,11.48,-46.824,-87.62
-63,0,11.52,-28.98,-69.81
-63,0,11.56,-27.14,-67.99
-63,0,11.6,-25.94,-66.81
-63,0,11.64,-27.196,-68.15
-63,0,11.68,-24.772,-65.81
-63,0,11.72,-29.038,-70.13
-63,0,11.76,-24.674,-65.79
-63,0,11.8,-22.6,-63.74
-63,0,11.84,-20.406,-61.49
-63,0,11.88,-15.742,-56.77
-63,0,11.92,-13.524,-54.65
-63,0,11.96,-12.242,-53.62
-63,0,12,-12.46,-54.09
-62,0,8,-21.19,-55.81
-62,0,8.04,-25.188,-59.9
-62,0,8.08,-26.266,-61.07
-62,0,8.12,-34.032,-68.92
-62,0,8.16,-42.506,-77.47
-62,0,8.2,-30.35,-65.39
-62,0,8.24,-24.162,-59.27
-62,0,8.28,-20.534,-55.71
-62,0,8.32,-19.766,-55.01
-62,0,8.36,-20.818,-56.13
-62,0,8.4,-24.11,-59.49
-62,0,8.44,-25.382,-60.97
-62,0,8.48,-28.264,-64.06
-62,0,8.52,-26.454,-62.48
-62,0,8.56,-25.532,-61.81
-62,0,8.6,-27.12,-63.65
-62,0,8.64,-26.544,-63.39
-62,0,8.68,-23.348,-60.51
-62,0,8.72,-20.198,-57.5
-62,0,8.76,-19.364,-56.63
-62,0,8.8,-18.87,-56.1
-62,0,8.84,-21.174,-58.36
-62,0,8.88,-21.328,-58.47
-62,0,8.92,-21.814,-59.02
-62,0,8.96,-24.062,-61.44
-62,0,9,-24.33,-61.88
-62,0,9.04,-24.564,-62.35
-62,0,9.08,-23.488,-61.51
-62,0,9.12,-23.076,-61.36
-62,0,9.16,-20.698,-59.27
-62,0,9.2,-19.9,-58.76
-62,0,9.24,-18.07,-56.67
-62,0,9.28,-19.55,-57.89
-62,0,9.32,-20.998,-59.16
-62,0,9.36,-22.354,-60.42
-62,0,9.4,-21.5,-59.47
-62,0,9.44,-26.904,-65.01
-62,0,9.48,-26.038,-64.28
-62,0,9.52,-23.972,-62.35
-62,0,9.56,-23.126,-61.64
-62,0,9.6,-26.13,-64.78
-62,0,9.64,-31.38,-70.15
-62,0,9.68,-25.06,-63.95
-62,0,9.72,-23.388,-62.37
-62,0,9.76,-23.714,-62.76
-62,0,9.8,-22.83,-61.94
-62,0,9.84,-23.806,-62.92
-62,0,9.88,-26.622,-65.74
-62,0,9.92,-30.93,-70.04
-62,0,9.96,-27.53,-66.62
-62,0,10,-21.84,-60.91
-62,0,10.04,-22.064,-61.31
-62,0,10.08,-21.078,-60.5
-62,0,10.12,-23.996,-63.55
-62,0,10.16,-25.788,-65.43
-62,0,10.2,-27.67,-67.4
-62,0,10.24,-27.102,-66.8
-62,0,10.28,-27.314,-66.98
-62,0,10.32,-35.202,-74.83
-62,0,10.36,-33.256,-72.84
-62,0,10.4,-30.71,-70.25
-62,0,10.44,-24.264,-63.8
-62,0,10.48,-20.438,-59.97
-62,0,10.52,-19.032,-58.64
-62,0,10.56,-17.606,-57.37
-62,0,10.6,-18.44,-58.36
-62,0,10.64,-21.228,-61.24
-62,0,10.68,-24.326,-64.43
-62,0,10.72,-39.666,-79.84
-62,0,10.76,-29.888,-70.11
-62,0,10.8,-25.78,-66.05
-62,0,10.84,-25.64,-65.81
-62,0,10.88,-23.72,-63.79
-62,0,10.92,-22.342,-62.35
-62,0,10.96,-19.836,-59.82
-62,0,11,-18.14,-58.1
-62,0,11.04,-22.216,-62.28
-62,0,11.08,-21.972,-62.14
-62,0,11.12,-26.316,-66.56
-62,0,11.16,-23.648,-63.94
-62,0,11.2,-19.97,-60.31
-62,0,11.24,-19.248,-59.64
-62,0,11.28,-16.466,-56.91
-62,0,11.32,-18.974,-59.49
-62,0,11.36,-21.212,-61.82
-62,0,11.4,-24.04,-64.74
-62,0,11.44,-29.402,-70.15
-62,0,11.48,-36.654,-77.45
-62,0,11.52,-31.43,-72.26
-62,0,11.56,-26.94,-67.79
-62,0,11.6,-25.15,-66.02
-62,0,11.64,-25.606,-66.56
-62,0,11.68,-22.882,-63.92
-62,0,11.72,-22.638,-63.73
-62,0,11.76,-22.654,-63.77
-62,0,11.8,-20.76,-61.9
-62,0,11.84,-19.456,-60.54
-62,0,11.88,-16.302,-57.33
-62,0,11.92,-13.284,-54.41
-62,0,11.96,-12.592,-53.97
-62,0,12,-11.93,-53.56
-61,0,8,-21.84,-56.46
-61,0,8.04,-24.548,-59.26
-61,0,8.08,-25.036,-59.84
-61,0,8.12,-29.612,-64.5
-61,0,8.16,-32.306,-67.27
-61,0,8.2,-25.83,-60.87
-61,0,8.24,-23.042,-58.15
-61,0,8.28,-21.064,-56.24
-61,0,8.32,-19.586,-54.83
-61,0,8.36,-20.768,-56.08
-61,0,8.4,-21.77,-57.15
-61,0,8.44,-27.292,-62.88
-61,0,8.48,-26.084,-61.88
-61,0,8.52,-30.304,-66.33
-61,0,8.56,-26.662,-62.94
-61,0,8.6,-29.38,-65.91
-61,0,8.64,-26.864,-63.71
-61,0,8.68,-21.468,-58.63
-61,0,8.72,-19.248,-56.55
-61,0,8.76,-17.924,-55.19
-61,0,8.8,-18.87,-56.1
-61,0,8.84,-18.914,-56.1
-61,0,8.88,-20.288,-57.43
-61,0,8.92,-22.394,-59.6
-61,0,8.96,-27.422,-64.8
-61,0,9,-23.97,-61.52
-61,0,9.04,-26.334,-64.12
-61,0,9.08,-23.228,-61.25
-61,0,9.12,-25.136,-63.42
-61,0,9.16,-20.878,-59.45
-61,0,9.2,-18.53,-57.39
-61,0,9.24,-17.68,-56.28
-61,0,9.28,-18.14,-56.48
-61,0,9.32,-19.468,-57.63
-61,0,9.36,-19.494,-57.56
-61,0,9.4,-23.52,-61.49
-61,0,9.44,-25.734,-63.84
-61,0,9.48,-22.928,-61.17
-61,0,9.52,-22.892,-61.27
-61,0,9.56,-21.326,-59.84
-61,0,9.6,-22,-60.65
-61,0,9.64,-23.97,-62.74
-61,0,9.68,-23.2,-62.09
-61,0,9.72,-21.888,-60.87
-61,0,9.76,-21.404,-60.45
-61,0,9.8,-20.99,-60.1
-61,0,9.84,-22.696,-61.81
-61,0,9.88,-28.662,-67.78
-61,0,9.92,-28.74,-67.85
-61,0,9.96,-27.85,-66.94
-61,0,10,-21.21,-60.28
-61,0,10.04,-21.614,-60.86
-61,0,10.08,-21.138,-60.56
-61,0,10.12,-22.076,-61.63
-61,0,10.16,-25.348,-64.99
-61,0,10.2,-23.91,-63.64
-61,0,10.24,-22.562,-62.26
-61,0,10.28,-25.734,-65.4
-61,0,10.32,-34.652,-74.28
-61,0,10.36,-34.586,-74.17
-61,0,10.4,-26.76,-66.3
-61,0,10.44,-28.294,-67.83
-61,0,10.48,-23.278,-62.81
-61,0,10.52,-21.652,-61.26
-61,0,10.56,-20.726,-60.49
-61,0,10.6,-18.13,-58.05
-61,0,10.64,-20.798,-60.81
-61,0,10.68,-20.406,-60.51
-61,0,10.72,-29.326,-69.5
-61,0,10.76,-48.428,-88.65
-61,0,10.8,-29.69,-69.96
-61,0,10.84,-31.77,-71.94
-61,0,10.88,-26.57,-66.64
-61,0,10.92,-24.472,-64.48
-61,0,10.96,-21.056,-61.04
-61,0,11,-18.53,-58.49
-61,0,11.04,-20.196,-60.26
-61,0,11.08,-24.002,-64.17
-61,0,11.12,-23.606,-63.85
-61,0,11.16,-28.668,-68.96
-61,0,11.2,-22.51,-62.85
-61,0,11.24,-20.518,-60.91
-61,0,11.28,-18.736,-59.18
-61,0,11.32,-20.184,-60.7
-61,0,11.36,-20.772,-61.38
-61,0,11.4,-25.16,-65.86
-61,0,11.44,-26.922,-67.67
-61,0,11.48,-28.944,-69.74
-61,0,11.52,-29.85,-70.68
-61,0,11.56,-20.64,-61.49
-61,0,11.6,-22.2,-63.07
-61,0,11.64,-17.946,-58.9
-61,0,11.68,-17.192,-58.23
-61,0,11.72,-16.148,-57.24
-61,0,11.76,-17.444,-58.56
-61,0,11.8,-18.1,-59.24
-61,0,11.84,-15.976,-57.06
-61,0,11.88,-14.012,-55.04
-61,0,11.92,-12.874,-54
-61,0,11.96,-11.222,-52.6
-61,0,12,-11.98,-53.61
-60,0,8,-22.36,-56.98
-60,0,8.04,-24.638,-59.35
-60,0,8.08,-23.726,-58.53
-60,0,8.12,-28.152,-63.04
-60,0,8.16,-26.076,-61.04
-60,0,8.2,-25.94,-60.98
-60,0,8.24,-21.762,-56.87
-60,0,8.28,-22.514,-57.69
-60,0,8.32,-20.406,-55.65
-60,0,8.36,-20.418,-55.73
-60,0,8.4,-20.91,-56.29
-60,0,8.44,-23.662,-59.25
-60,0,8.48,-26.724,-62.52
-60,0,8.52,-29.854,-65.88
-60,0,8.56,-33.272,-69.55
-60,0,8.6,-29.89,-66.42
-60,0,8.64,-26.644,-63.49
-60,0,8.68,-21.268,-58.43
-60,0,8.72,-20.288,-57.59
-60,0,8.76,-17.734,-55
-60,0,8.8,-17.51,-54.74
-60,0,8.84,-17.864,-55.05
-60,0,8.88,-20.608,-57.75
-60,0,8.92,-23.124,-60.33
-60,0,8.96,-29.682,-67.06
-60,0,9,-37.7,-75.25
-60,0,9.04,-31.634,-69.42
-60,0,9.08,-26.748,-64.77
-60,0,9.12,-26.156,-64.44
-60,0,9.16,-24.138,-62.71
-60,0,9.2,-18.1,-56.96
-60,0,9.24,-19.32,-57.92
-60,0,9.28,-20.2,-58.54
-60,0,9.32,-21.118,-59.28
-60,0,9.36,-20.144,-58.21
-60,0,9.4,-22.64,-60.61
-60,0,9.44,-23.604,-61.71
-60,0,9.48,-20.978,-59.22
-60,0,9.52,-21.922,-60.3
-60,0,9.56,-22.906,-61.42
-60,0,9.6,-23.74,-62.39
-60,0,9.64,-20.44,-59.21
-60,0,9.68,-20.71,-59.6
-60,0,9.72,-19.508,-58.49
-60,0,9.76,-19.994,-59.04
-60,0,9.8,-19.27,-58.38
-60,0,9.84,-21.636,-60.75
-60,0,9.88,-24.832,-63.95
-60,0,9.92,-29.88,-68.99
-60,0,9.96,-29.8,-68.89
-60,0,10,-26.12,-65.19
-60,0,10.04,-23.304,-62.55
-60,0,10.08,-20.778,-60.2
-60,0,10.12,-22.606,-62.16
-60,0,10.16,-23.418,-63.06
-60,0,10.2,-22.07,-61.8
-60,0,10.24,-20.022,-59.72
-60,0,10.28,-18.544,-58.21
-60,0,10.32,-31.562,-71.19
-60,0,10.36,-36.856,-76.44
-60,0,10.4,-33.22,-72.76
-60,0,10.44,-38.534,-78.07
-60,0,10.48,-24.888,-64.42
-60,0,10.52,-23.182,-62.79
-60,0,10.56,-24.496,-64.26
-60,0,10.6,-23.57,-63.49
-60,0,10.64,-19.338,-59.35
-60,0,10.68,-22.146,-62.25
-60,0,10.72,-22.716,-62.89
-60,0,10.76,-28.468,-68.69
-60,0,10.8,-40.26,-80.53
-60,0,10.84,-26.57,-66.74
-60,0,10.88,-25.36,-65.43
-60,0,10.92,-24.692,-64.7
-60,0,10.96,-20.346,-60.33
-60,0,11,-20.27,-60.23
-60,0,11.04,-23.316,-63.38
-60,0,11.08,-23.282,-63.45
-60,0,11.12,-23.166,-63.41
-60,0,11.16,-22.928,-63.22
-60,0,11.2,-25.38,-65.72
-60,0,11.24,-22.238,-62.63
-60,0,11.28,-19.606,-60.05
-60,0,11.32,-22.264,-62.78
-60,0,11.36,-22.082,-62.69
-60,0,11.4,-27.07,-67.77
-60,0,11.44,-32.652,-73.4
-60,0,11.48,-34.804,-75.6
-60,0,11.52,-25.13,-65.96
-60,0,11.56,-21.72,-62.57
-60,0,11.6,-18.73,-59.6
-60,0,11.64,-16.366,-57.32
-60,0,11.68,-15.072,-56.11
-60,0,11.72,-12.978,-54.07
-60,0,11.76,-13.334,-54.45
-60,0,11.8,-16.26,-57.4
-60,0,11.84,-14.886,-55.97
-60,0,11.88,-13.432,-54.46
-60,0,11.92,-13.474,-54.6
-60,0,11.96,-12.602,-53.98
-60,0,12,-12.31,-53.94
-59,0,8,-25.69,-60.31
-59,0,8.04,-26.568,-61.28
-59,0,8.08,-26.636,-61.44
-59,0,8.12,-25.462,-60.35
-59,0,8.16,-26.286,-61.25
-59,0,8.2,-23.76,-58.8
-59,0,8.24,-23.742,-58.85
-59,0,8.28,-22.464,-57.64
-59,0,8.32,-20.196,-55.44
-59,0,8.36,-21.488,-56.8
-59,0,8.4,-22.07,-57.45
-59,0,8.44,-25.362,-60.95
-59,0,8.48,-25.884,-61.68
-59,0,8.52,-36.354,-72.38
-59,0,8.56,-42.112,-78.39
-59,0,8.6,-32.26,-68.79
-59,0,8.64,-27.494,-64.34
-59,0,8.68,-22.078,-59.24
-59,0,8.72,-19.958,-57.26
-59,0,8.76,-17.744,-55.01
-59,0,8.8,-17,-54.23
-59,0,8.84,-17.044,-54.23
-59,0,8.88,-19.578,-56.72
-59,0,8.92,-22.884,-60.09
-59,0,8.96,-28.882,-66.26
-59,0,9,-35.9,-73.45
-59,0,9.04,-34.844,-72.63
-59,0,9.08,-30.328,-68.35
-59,0,9.12,-24.806,-63.09
-59,0,9.16,-21.578,-60.15
-59,0,9.2,-22.27,-61.13
-59,0,9.24,-20.47,-59.07
-59,0,9.28,-18.78,-57.12
-59,0,9.32,-20.498,-58.66
-59,0,9.36,-21.034,-59.1
-59,0,9.4,-20.15,-58.12
-59,0,9.44,-20.504,-58.61
-59,0,9.48,-20.758,-59
-59,0,9.52,-21.082,-59.46
-59,0,9.56,-19.576,-58.09
-59,0,9.6,-22.19,-60.84
-59,0,9.64,-19.26,-58.03
-59,0,9.68,-20.39,-59.28
-59,0,9.72,-18.578,-57.56
-59,0,9.76,-19.514,-58.56
-59,0,9.8,-18.04,-57.15
-59,0,9.84,-20.936,-60.05
-59,0,9.88,-25.182,-64.3
-59,0,9.92,-32.13,-71.24
-59,0,9.96,-33.95,-73.04
-59,0,10,-25.86,-64.93
-59,0,10.04,-25.714,-64.96
-59,0,10.08,-24.238,-63.66
-59,0,10.12,-21.326,-60.88
-59,0,10.16,-21.548,-61.19
-59,0,10.2,-23.88,-63.61
-59,0,10.24,-19.392,-59.09
-59,0,10.28,-17.284,-56.95
-59,0,10.32,-22.302,-61.93
-59,0,10.36,-28.576,-68.16
-59,0,10.4,-26.97,-66.51
-59,0,10.44,-35.644,-75.18
-59,0,10.48,-27.438,-66.97
-59,0,10.52,-23.832,-63.44
-59,0,10.56,-24.456,-64.22
-59,0,10.6,-20.9,-60.82
-59,0,10.64,-20.938,-60.95
-59,0,10.68,-20.686,-60.79
-59,0,10.72,-20.856,-61.03
-59,0,10.76,-26.278,-66.5
-59,0,10.8,-32.28,-72.55
-59,0,10.84,-27.67,-67.84
-59,0,10.88,-25.29,-65.36
-59,0,10.92,-23.712,-63.72
-59,0,10.96,-21.136,-61.12
-59,0,11,-22.28,-62.24
-59,0,11.04,-20.556,-60.62
-59,0,11.08,-21.722,-61.89
-59,0,11.12,-20.196,-60.44
-59,0,11.16,-20.628,-60.92
-59,0,11.2,-25.55,-65.89
-59,0,11.24,-23.718,-64.11
-59,0,11.28,-20.686,-61.13
-59,0,11.32,-19.574,-60.09
-59,0,11.36,-20.962,-61.57
-59,0,11.4,-22.8,-63.5
-59,0,11.44,-23.932,-64.68
-59,0,11.48,-26.184,-66.98
-59,0,11.52,-25.99,-66.82
-59,0,11.56,-20.5,-61.35
-59,0,11.6,-18.84,-59.71
-59,0,11.64,-16.156,-57.11
-59,0,11.68,-13.952,-54.99
-59,0,11.72,-12.588,-53.68
-59,0,11.76,-11.764,-52.88
-59,0,11.8,-13.67,-54.81
-59,0,11.84,-13.966,-55.05
-59,0,11.88,-13.012,-54.04
-59,0,11.92,-13.414,-54.54
-59,0,11.96,-11.322,-52.7
-59,0,12,-12.88,-54.51
-58,0,8,-26.35,-60.97
-58,0,8.04,-26.418,-61.13
-58,0,8.08,-26.836,-61.64
-58,0,8.12,-26.672,-61.56
-58,0,8.16,-26.116,-61.08
-58,0,8.2,-25.6,-60.64
-58,0,8.24,-23.332,-58.44
-58,0,8.28,-25.624,-60.8
-58,0,8.32,-21.916,-57.16
-58,0,8.36,-20.718,-56.03
-58,0,8.4,-24.19,-59.57
-58,0,8.44,-26.982,-62.57
-58,0,8.48,-38.984,-74.78
-58,0,8.52,-37.614,-73.64
-58,0,8.56,-41.132,-77.41
-58,0,8.6,-37.85,-74.38
-58,0,8.64,-36.614,-73.46
-58,0,8.68,-23.928,-61.09
-58,0,8.72,-21.778,-59.08
-58,0,8.76,-18.364,-55.63
-58,0,8.8,-17.12,-54.35
-58,0,8.84,-17.324,-54.51
-58,0,8.88,-19.358,-56.5
-58,0,8.92,-20.524,-57.73
-58,0,8.96,-25.162,-62.54
-58,0,9,-24.75,-62.3
-58,0,9.04,-25.954,-63.74
-58,0,9.08,-26.418,-64.44
-58,0,9.12,-25.716,-64
-58,0,9.16,-23.288,-61.86
-58,0,9.2,-21.99,-60.85
-58,0,9.24,-22.8,-61.4
-58,0,9.28,-22.22,-60.56
-58,0,9.32,-21.098,-59.26
-58,0,9.36,-18.514,-56.58
-58,0,9.4,-18.73,-56.7
-58,0,9.44,-18.674,-56.78
-58,0,9.48,-18.978,-57.22
-58,0,9.52,-21.272,-59.65
-58,0,9.56,-20.556,-59.07
-58,0,9.6,-22.31,-60.96
-58,0,9.64,-20.25,-59.02
-58,0,9.68,-18.9,-57.79
-58,0,9.72,-18.448,-57.43
-58,0,9.76,-18.924,-57.97
-58,0,9.8,-20.47,-59.58
-58,0,9.84,-20.876,-59.99
-58,0,9.88,-25.212,-64.33
-58,0,9.92,-23.91,-63.02
-58,0,9.96,-28.68,-67.77
-58,0,10,-33.6,-72.67
-58,0,10.04,-32.454,-71.7
-58,0,10.08,-26.478,-65.9
-58,0,10.12,-23.366,-62.92
-58,0,10.16,-21.918,-61.56
-58,0,10.2,-20.17,-59.9
-58,0,10.24,-19.462,-59.16
-58,0,10.28,-19.374,-59.04
-58,0,10.32,-20.702,-60.33
-58,0,10.36,-24.996,-64.58
-58,0,10.4,-23.89,-63.43
-58,0,10.44,-23.954,-63.49
-58,0,10.48,-30.038,-69.57
-58,0,10.52,-27.772,-67.38
-58,0,10.56,-21.216,-60.98
-58,0,10.6,-21.61,-61.53
-58,0,10.64,-19.388,-59.4
-58,0,10.68,-19.526,-59.63
-58,0,10.72,-22.516,-62.69
-58,0,10.76,-23.898,-64.12
-58,0,10.8,-32.68,-72.95
-58,0,10.84,-30.67,-70.84
-58,0,10.88,-24.22,-64.29
-58,0,10.92,-22.202,-62.21
-58,0,10.96,-19.686,-59.67
-58,0,11,-20.69,-60.65
-58,0,11.04,-20.386,-60.45
-58,0,11.08,-20.042,-60.21
-58,0,11.12,-19.346,-59.59
-58,0,11.16,-20.348,-60.64
-58,0,11.2,-22.31,-62.65
-58,0,11.24,-20.738,-61.13
-58,0,11.28,-18.096,-58.54
-58,0,11.32,-18.554,-59.07
-58,0,11.36,-19.262,-59.87
-58,0,11.4,-18.8,-59.5
-58,0,11.44,-18.632,-59.38
-58,0,11.48,-19.184,-59.98
-58,0,11.52,-20.51,-61.34
-58,0,11.56,-21.45,-62.3
-58,0,11.6,-17.46,-58.33
-58,0,11.64,-16.916,-57.87
-58,0,11.68,-15.372,-56.41
-58,0,11.72,-14.168,-55.26
-58,0,11.76,-12.294,-53.41
-58,0,11.8,-13.76,-54.9
-58,0,11.84,-14.456,-55.54
-58,0,11.88,-13.912,-54.94
-58,0,11.92,-12.294,-53.42
-58,0,11.96,-13.102,-54.48
-58,0,12,-14.43,-56.06
-57,0,8,-27.49,-62.11
-57,0,8.04,-27.578,-62.29
-57,0,8.08,-31.376,-66.18
-57,0,8.12,-31.362,-66.25
-57,0,8.16,-24.856,-59.82
-57,0,8.2,-25.1,-60.14
-57,0,8.24,-25.902,-61.01
-57,0,8.28,-26.654,-61.83
-57,0,8.32,-21.596,-56.84
-57,0,8.36,-22.768,-58.08
-57,0,8.4,-23.98,-59.36
-57,0,8.44,-26.142,-61.73
-57,0,8.48,-34.944,-70.74
-57,0,8.52,-30.894,-66.92
-57,0,8.56,-27.752,-64.03
-57,0,8.6,-33.17,-69.7
-57,0,8.64,-32.214,-69.06
-57,0,8.68,-27.738,-64.9
-57,0,8.72,-21.718,-59.02
-57,0,8.76,-18.234,-55.5
-57,0,8.8,-18.1,-55.33
-57,0,8.84,-17.624,-54.81
-57,0,8.88,-18.878,-56.02
-57,0,8.92,-20.084,-57.29
-57,0,8.96,-21.292,-58.67
-57,0,9,-19.38,-56.93
-57,0,9.04,-20.954,-58.74
-57,0,9.08,-20.388,-58.41
-57,0,9.12,-25.096,-63.38
-57,0,9.16,-25.838,-64.41
-57,0,9.2,-24.16,-63.02
-57,0,9.24,-22.53,-61.13
-57,0,9.28,-21.37,-59.71
-57,0,9.32,-19.908,-58.07
-57,0,9.36,-19.564,-57.63
-57,0,9.4,-18.03,-56
-57,0,9.44,-18.494,-56.6
-57,0,9.48,-17.358,-55.6
-57,0,9.52,-21.082,-59.46
-57,0,9.56,-22.836,-61.35
-57,0,9.6,-21.95,-60.6
-57,0,9.64,-20.75,-59.52
-57,0,9.68,-21.02,-59.91
-57,0,9.72,-17.828,-56.81
-57,0,9.76,-19.024,-58.07
-57,0,9.8,-19.35,-58.46
-57,0,9.84,-20.806,-59.92
-57,0,9.88,-24.912,-64.03
-57,0,9.92,-25.56,-64.67
-57,0,9.96,-24.33,-63.42
-57,0,10,-27.78,-66.85
-57,0,10.04,-46.514,-85.76
-57,0,10.08,-26.798,-66.22
-57,0,10.12,-22.496,-62.05
-57,0,10.16,-22.958,-62.6
-57,0,10.2,-19.2,-58.93
-57,0,10.24,-17.992,-57.69
-57,0,10.28,-18.014,-57.68
-57,0,10.32,-18.562,-58.19
-57,0,10.36,-22.756,-62.34
-57,0,10.4,-22.55,-62.09
-57,0,10.44,-26.004,-65.54
-57,0,10.48,-24.568,-64.1
-57,0,10.52,-23.662,-63.27
-57,0,10.56,-20.996,-60.76
-57,0,10.6,-21,-60.92
-57,0,10.64,-21.418,-61.43
-57,0,10.68,-20.646,-60.75
-57,0,10.72,-20.076,-60.25
-57,0,10.76,-21.348,-61.57
-57,0,10.8,-24.09,-64.36
-57,0,10.84,-31.63,-71.8
-57,0,10.88,-27.77,-67.84
-57,0,10.92,-24.562,-64.57
-57,0,10.96,-19.946,-59.93
-57,0,11,-20.04,-60
-57,0,11.04,-19.466,-59.53
-57,0,11.08,-19.482,-59.65
-57,0,11.12,-16.926,-57.17
-57,0,11.16,-16.438,-56.73
-57,0,11.2,-17.88,-58.22
-57,0,11.24,-18.678,-59.07
-57,0,11.28,-18.166,-58.61
-57,0,11.32,-16.434,-56.95
-57,0,11.36,-17.812,-58.42
-57,0,11.4,-17.09,-57.79
-57,0,11.44,-16.112,-56.86
-57,0,11.48,-15.994,-56.79
-57,0,11.52,-17.32,-58.15
-57,0,11.56,-17.15,-58
-57,0,11.6,-17.68,-58.55
-57,0,11.64,-19.376,-60.33
-57,0,11.68,-16.542,-57.58
-57,0,11.72,-16.858,-57.95
-57,0,11.76,-15.904,-57.02
-57,0,11.8,-16.19,-57.33
-57,0,11.84,-14.296,-55.38
-57,0,11.88,-15.662,-56.69
-57,0,11.92,-13.914,-55.04
-57,0,11.96,-14.032,-55.41
-57,0,12,-14.81,-56.44
-56,0,8,-28.75,-63.37
-56,0,8.04,-36.088,-70.8
-56,0,8.08,-47.796,-82.6
-56,0,8.12,-32.952,-67.84
-56,0,8.16,-25.846,-60.81
-56,0,8.2,-25.47,-60.51
-56,0,8.24,-28.032,-63.14
-56,0,8.28,-24.884,-60.06
-56,0,8.32,-24.006,-59.25
-56,0,8.36,-21.818,-57.13
-56,0,8.4,-22.2,-57.58
-56,0,8.44,-23.712,-59.3
-56,0,8.48,-26.574,-62.37
-56,0,8.52,-28.564,-64.59
-56,0,8.56,-25.092,-61.37
-56,0,8.6,-27.23,-63.76
-56,0,8.64,-28.984,-65.83
-56,0,8.68,-35.338,-72.5
-56,0,8.72,-27.378,-64.68
-56,0,8.76,-20.084,-57.35
-56,0,8.8,-18.16,-55.39
-56,0,8.84,-18.894,-56.08
-56,0,8.88,-18.078,-55.22
-56,0,8.92,-19.014,-56.22
-56,0,8.96,-18.922,-56.3
-56,0,9,-16.92,-54.47
-56,0,9.04,-17.324,-55.11
-56,0,9.08,-17.868,-55.89
-56,0,9.12,-22.976,-61.26
-56,0,9.16,-25.478,-64.05
-56,0,9.2,-24.7,-63.56
-56,0,9.24,-23.67,-62.27
-56,0,9.28,-23.34,-61.68
-56,0,9.32,-21.408,-59.57
-56,0,9.36,-17.844,-55.91
-56,0,9.4,-18.57,-56.54
-56,0,9.44,-18.544,-56.65
-56,0,9.48,-19.868,-58.11
-56,0,9.52,-19.722,-58.1
-56,0,9.56,-22.696,-61.21
-56,0,9.6,-25.43,-64.08
-56,0,9.64,-24.62,-63.39
-56,0,9.68,-20.46,-59.35
-56,0,9.72,-17.748,-56.73
-56,0,9.76,-18.504,-57.55
-56,0,9.8,-19.41,-58.52
-56,0,9.84,-19.666,-58.78
-56,0,9.88,-21.962,-61.08
-56,0,9.92,-25.17,-64.28
-56,0,9.96,-25.35,-64.44
-56,0,10,-24.75,-63.82
-56,0,10.04,-47.894,-87.14
-56,0,10.08,-33.558,-72.98
-56,0,10.12,-25.036,-64.59
-56,0,10.16,-23.348,-62.99
-56,0,10.2,-18.22,-57.95
-56,0,10.24,-17.322,-57.02
-56,0,10.28,-16.694,-56.36
-56,0,10.32,-18.282,-57.91
-56,0,10.36,-20.676,-60.26
-56,0,10.4,-23.6,-63.14
-56,0,10.44,-22.094,-61.63
-56,0,10.48,-27.348,-66.88
-56,0,10.52,-23.722,-63.33
-56,0,10.56,-18.916,-58.68
-56,0,10.6,-20.2,-60.12
-56,0,10.64,-20.008,-60.02
-56,0,10.68,-17.586,-57.69
-56,0,10.72,-19.106,-59.28
-56,0,10.76,-17.218,-57.44
-56,0,10.8,-19.46,-59.73
-56,0,10.84,-22.58,-62.75
-56,0,10.88,-22.94,-63.01
-56,0,10.92,-23.472,-63.48
-56,0,10.96,-20.656,-60.64
-56,0,11,-18.47,-58.43
-56,0,11.04,-19.316,-59.38
-56,0,11.08,-19.102,-59.27
-56,0,11.12,-16.666,-56.91
-56,0,11.16,-14.398,-54.69
-56,0,11.2,-16.9,-57.24
-56,0,11.24,-17.958,-58.35
-56,0,11.28,-18.586,-59.03
-56,0,11.32,-16.704,-57.22
-56,0,11.36,-17.942,-58.55
-56,0,11.4,-17.48,-58.18
-56,0,11.44,-17.712,-58.46
-56,0,11.48,-17.414,-58.21
-56,0,11.52,-15.52,-56.35
-56,0,11.56,-16,-56.85
-56,0,11.6,-16.16,-57.03
-56,0,11.64,-17.896,-58.85
-56,0,11.68,-18.342,-59.38
-56,0,11.72,-20.108,-61.2
-56,0,11.76,-21.134,-62.25
-56,0,11.8,-19.46,-60.6
-56,0,11.84,-19.866,-60.95
-56,0,11.88,-17.172,-58.2
-56,0,11.92,-14.374,-55.5
-56,0,11.96,-13.792,-55.17
-56,0,12,-15.98,-57.61
-55,0,8,-29.19,-63.81
-55,0,8.04,-42.638,-77.35
-55,0,8.08,-28.776,-63.58
-55,0,8.12,-25.802,-60.69
-55,0,8.16,-23.486,-58.45
-55,0,8.2,-24.07,-59.11
-55,0,8.24,-25.432,-60.54
-55,0,8.28,-28.254,-63.43
-55,0,8.32,-24.366,-59.61
-55,0,8.36,-22.478,-57.79
-55,0,8.4,-21.32,-56.7
-55,0,8.44,-21.892,-57.48
-55,0,8.48,-23.394,-59.19
-55,0,8.52,-24.914,-60.94
-55,0,8.56,-21.642,-57.92
-55,0,8.6,-21.94,-58.47
-55,0,8.64,-25.184,-62.03
-55,0,8.68,-31.058,-68.22
-55,0,8.72,-34.818,-72.12
-55,0,8.76,-23.334,-60.6
-55,0,8.8,-19.01,-56.24
-55,0,8.84,-18.944,-56.13
-55,0,8.88,-18.478,-55.62
-55,0,8.92,-17.024,-54.23
-55,0,8.96,-16.762,-54.14
-55,0,9,-15.01,-52.56
-55,0,9.04,-16.484,-54.27
-55,0,9.08,-17.008,-55.03
-55,0,9.12,-18.856,-57.14
-55,0,9.16,-22.818,-61.39
-55,0,9.2,-28.36,-67.22
-55,0,9.24,-25.41,-64.01
-55,0,9.28,-21.7,-60.04
-55,0,9.32,-22.718,-60.88
-55,0,9.36,-20.714,-58.78
-55,0,9.4,-20.68,-58.65
-55,0,9.44,-21.074,-59.18
-55,0,9.48,-20.538,-58.78
-55,0,9.52,-20.102,-58.48
-55,0,9.56,-23.016,-61.53
-55,0,9.6,-27.22,-65.87
-55,0,9.64,-25.82,-64.59
-55,0,9.68,-21.46,-60.35
-55,0,9.72,-17.768,-56.75
-55,0,9.76,-17.864,-56.91
-55,0,9.8,-19.4,-58.51
-55,0,9.84,-22.056,-61.17
-55,0,9.88,-20.122,-59.24
-55,0,9.92,-22.94,-62.05
-55,0,9.96,-22.2,-61.29
-55,0,10,-28.23,-67.3
-55,0,10.04,-31.594,-70.84
-55,0,10.08,-31.488,-70.91
-55,0,10.12,-26.506,-66.06
-55,0,10.16,-20.018,-59.66
-55,0,10.2,-17.99,-57.72
-55,0,10.24,-16.282,-55.98
-55,0,10.28,-18.394,-58.06
-55,0,10.32,-17.442,-57.07
-55,0,10.36,-19.566,-59.15
-55,0,10.4,-21.05,-60.59
-55,0,10.44,-26.474,-66.01
-55,0,10.48,-30.108,-69.64
-55,0,10.52,-26.972,-66.58
-55,0,10.56,-21.686,-61.45
-55,0,10.6,-19.58,-59.5
-55,0,10.64,-18.178,-58.19
-55,0,10.68,-18.526,-58.63
-55,0,10.72,-16.846,-57.02
-55,0,10.76,-16.358,-56.58
-55,0,10.8,-17.04,-57.31
-55,0,10.84,-18.86,-59.03
-55,0,10.88,-21.46,-61.53
-55,0,10.92,-21.812,-61.82
-55,0,10.96,-19.266,-59.25
-55,0,11,-17.8,-57.76
-55,0,11.04,-20.026,-60.09
-55,0,11.08,-18.952,-59.12
-55,0,11.12,-16.776,-57.02
-55,0,11.16,-15.088,-55.38
-55,0,11.2,-16.54,-56.88
-55,0,11.24,-17.248,-57.64
-55,0,11.28,-17.356,-57.8
-55,0,11.32,-17.844,-58.36
-55,0,11.36,-16.642,-57.25
-55,0,11.4,-16.89,-57.59
-55,0,11.44,-17.692,-58.44
-55,0,11.48,-17.484,-58.28
-55,0,11.52,-16.28,-57.11
-55,0,11.56,-16.28,-57.13
-55,0,11.6,-18.3,-59.17
-55,0,11.64,-18.866,-59.82
-55,0,11.68,-17.592,-58.63
-55,0,11.72,-23.168,-64.26
-55,0,11.76,-27.044,-68.16
-55,0,11.8,-21.73,-62.87
-55,0,11.84,-17.936,-59.02
-55,0,11.88,-19.072,-60.1
-55,0,11.92,-16.234,-57.36
-55,0,11.96,-16.692,-58.07
-55,0,12,-15.2,-56.83
-54,0,8,-30.33,-64.95
-54,0,8.04,-30.298,-65.01
-54,0,8.08,-21.976,-56.78
-54,0,8.12,-20.212,-55.1
-54,0,8.16,-19.286,-54.25
-54,0,8.2,-23.87,-58.91
-54,0,8.24,-24.642,-59.75
-54,0,8.28,-28.444,-63.62
-54,0,8.32,-24.886,-60.13
-54,0,8.36,-23.678,-58.99
-54,0,8.4,-20.53,-55.91
-54,0,8.44,-22.562,-58.15
-54,0,8.48,-21.884,-57.68
-54,0,8.52,-20.254,-56.28
-54,0,8.56,-20.162,-56.44
-54,0,8.6,-19.79,-56.32
-54,0,8.64,-20.634,-57.48
-54,0,8.68,-24.038,-61.2
-54,0,8.72,-34.858,-72.16
-54,0,8.76,-27.564,-64.83
-54,0,8.8,-21.21,-58.44
-54,0,8.84,-20.974,-58.16
-54,0,8.88,-19.338,-56.48
-54,0,8.92,-19.034,-56.24
-54,0,8.96,-17.012,-54.39
-54,0,9,-14.11,-51.66
-54,0,9.04,-16.634,-54.42
-54,0,9.08,-14.848,-52.87
-54,0,9.12,-17.506,-55.79
-54,0,9.16,-20.458,-59.03
-54,0,9.2,-31.58,-70.44
-54,0,9.24,-24.98,-63.58
-54,0,9.28,-23.85,-62.19
-54,0,9.32,-22.758,-60.92
-54,0,9.36,-21.704,-59.77
-54,0,9.4,-22.08,-60.05
-54,0,9.44,-22.204,-60.31
-54,0,9.48,-22.938,-61.18
-54,0,9.52,-20.282,-58.66
-54,0,9.56,-22.036,-60.55
-54,0,9.6,-26.33,-64.98
-54,0,9.64,-25.19,-63.96
-54,0,9.68,-20.73,-59.62
-54,0,9.72,-18.038,-57.02
-54,0,9.76,-17.444,-56.49
-54,0,9.8,-18.05,-57.16
-54,0,9.84,-19.506,-58.62
-54,0,9.88,-19.312,-58.43
-54,0,9.92,-21.15,-60.26
-54,0,9.96,-21.8,-60.89
-54,0,10,-26.82,-65.89
-54,0,10.04,-31.164,-70.41
-54,0,10.08,-32.648,-72.07
-54,0,10.12,-33.806,-73.36
-54,0,10.16,-21.308,-60.95
-54,0,10.2,-16.52,-56.25
-54,0,10.24,-15.992,-55.69
-54,0,10.28,-16.144,-55.81
-54,0,10.32,-18.752,-58.38
-54,0,10.36,-19.466,-59.05
-54,0,10.4,-21.6,-61.14
-54,0,10.44,-27.664,-67.2
-54,0,10.48,-31.278,-70.81
-54,0,10.52,-32.722,-72.33
-54,0,10.56,-28.296,-68.06
-54,0,10.6,-22.19,-62.11
-54,0,10.64,-23.368,-63.38
-54,0,10.68,-17.916,-58.02
-54,0,10.72,-16.486,-56.66
-54,0,10.76,-15.938,-56.16
-54,0,10.8,-16.06,-56.33
-54,0,10.84,-17.43,-57.6
-54,0,10.88,-19.39,-59.46
-54,0,10.92,-20.542,-60.55
-54,0,10.96,-20.106,-60.09
-54,0,11,-19.21,-59.17
-54,0,11.04,-22.246,-62.31
-54,0,11.08,-20.242,-60.41
-54,0,11.12,-17.956,-58.2
-54,0,11.16,-15.458,-55.75
-54,0,11.2,-16.37,-56.71
-54,0,11.24,-15.808,-56.2
-54,0,11.28,-19.486,-59.93
-54,0,11.32,-21.364,-61.88
-54,0,11.36,-19.952,-60.56
-54,0,11.4,-17.89,-58.59
-54,0,11.44,-19.022,-59.77
-54,0,11.48,-17.854,-58.65
-54,0,11.52,-17.34,-58.17
-54,0,11.56,-19.54,-60.39
-54,0,11.6,-23.67,-64.54
-54,0,11.64,-25.056,-66.01
-54,0,11.68,-20.692,-61.73
-54,0,11.72,-23.368,-64.46
-54,0,11.76,-23.384,-64.5
-54,0,11.8,-20.78,-61.92
-54,0,11.84,-17.116,-58.2
-54,0,11.88,-16.452,-57.48
-54,0,11.92,-15.324,-56.45
-54,0,11.96,-13.602,-54.98
-54,0,12,-14.05,-55.68
-53,0,8,-24.37,-58.99
-53,0,8.04,-24.388,-59.1
-53,0,8.08,-20.116,-54.92
-53,0,8.12,-17.832,-52.72
-53,0,8.16,-17.856,-52.82
-53,0,8.2,-23.22,-58.26
-53,0,8.24,-27.382,-62.49
-53,0,8.28,-24.504,-59.68
-53,0,8.32,-26.106,-61.35
-53,0,8.36,-23.918,-59.23
-53,0,8.4,-20.91,-56.29
-53,0,8.44,-21.972,-57.56
-53,0,8.48,-20.214,-56.01
-53,0,8.52,-20.414,-56.44
-53,0,8.56,-18.962,-55.24
-53,0,8.6,-17.66,-54.19
-53,0,8.64,-19.544,-56.39
-53,0,8.68,-21.118,-58.28
-53,0,8.72,-27.808,-65.11
-53,0,8.76,-40.844,-78.11
-53,0,8.8,-25.65,-62.88
-53,0,8.84,-21.394,-58.58
-53,0,8.88,-20.148,-57.29
-53,0,8.92,-18.764,-55.97
-53,0,8.96,-17.442,-54.82
-53,0,9,-13.94,-51.49
-53,0,9.04,-16.044,-53.83
-53,0,9.08,-16.288,-54.31
-53,0,9.12,-17.286,-55.57
-53,0,9.16,-19.368,-57.94
-53,0,9.2,-27.76,-66.62
-53,0,9.24,-26.01,-64.61
-53,0,9.28,-22.74,-61.08
-53,0,9.32,-21.588,-59.75
-53,0,9.36,-22.424,-60.49
-53,0,9.4,-21.25,-59.22
-53,0,9.44,-22.474,-60.58
-53,0,9.48,-20.078,-58.32
-53,0,9.52,-18.622,-57
-53,0,9.56,-21.816,-60.33
-53,0,9.6,-22.82,-61.47
-53,0,9.64,-22.5,-61.27
-53,0,9.68,-20.12,-59.01
-53,0,9.72,-18.598,-57.58
-53,0,9.76,-17.734,-56.78
-53,0,9.8,-16.86,-55.97
-53,0,9.84,-17.706,-56.82
-53,0,9.88,-17.012,-56.13
-53,0,9.92,-18.88,-57.99
-53,0,9.96,-21.43,-60.52
-53,0,10,-24.99,-64.06
-53,0,10.04,-27.094,-66.34
-53,0,10.08,-30.718,-70.14
-53,0,10.12,-28.756,-68.31
-53,0,10.16,-23.058,-62.7
-53,0,10.2,-18.38,-58.11
-53,0,10.24,-16.172,-55.87
-53,0,10.28,-16.244,-55.91
-53,0,10.32,-18.132,-57.76
-53,0,10.36,-18.256,-57.84
-53,0,10.4,-18.82,-58.36
-53,0,10.44,-19.474,-59.01
-53,0,10.48,-25.018,-64.55
-53,0,10.52,-28.032,-67.64
-53,0,10.56,-33.396,-73.16
-53,0,10.6,-30.93,-70.85
-53,0,10.64,-21.878,-61.89
-53,0,10.68,-20.006,-60.11
-53,0,10.72,-17.346,-57.52
-53,0,10.76,-16.248,-56.47
-53,0,10.8,-17.71,-57.98
-53,0,10.84,-20.23,-60.4
-53,0,10.88,-18.22,-58.29
-53,0,10.92,-17.662,-57.67
-53,0,10.96,-17.976,-57.96
-53,0,11,-19.22,-59.18
-53,0,11.04,-23.726,-63.79
-53,0,11.08,-21.742,-61.91
-53,0,11.12,-20.786,-61.03
-53,0,11.16,-19.538,-59.83
-53,0,11.2,-17.67,-58.01
-53,0,11.24,-17.118,-57.51
-53,0,11.28,-19.206,-59.65
-53,0,11.32,-22.644,-63.16
-53,0,11.36,-25.462,-66.07
-53,0,11.4,-23.42,-64.12
-53,0,11.44,-19.612,-60.36
-53,0,11.48,-18.204,-59
-53,0,11.52,-19.48,-60.31
-53,0,11.56,-20.09,-60.94
-53,0,11.6,-25.55,-66.42
-53,0,11.64,-22.316,-63.27
-53,0,11.68,-20.372,-61.41
-53,0,11.72,-18.498,-59.59
-53,0,11.76,-15.334,-56.45
-53,0,11.8,-16.11,-57.25
-53,0,11.84,-15.156,-56.24
-53,0,11.88,-15.322,-56.35
-53,0,11.92,-14.964,-56.09
-53,0,11.96,-16.902,-58.28
-53,0,12,-15.95,-57.58
-52,0,8,-23.13,-57.75
-52,0,8.04,-22.258,-56.97
-52,0,8.08,-19.036,-53.84
-52,0,8.12,-17.982,-52.87
-52,0,8.16,-17.316,-52.28
-52,0,8.2,-20.98,-56.02
-52,0,8.24,-24.152,-59.26
-52,0,8.28,-24.334,-59.51
-52,0,8.32,-23.956,-59.2
-52,0,8.36,-28.588,-63.9
-52,0,8.4,-23.57,-58.95
-52,0,8.44,-22.822,-58.41
-52,0,8.48,-20.444,-56.24
-52,0,8.52,-19.144,-55.17
-52,0,8.56,-18.452,-54.73
-52,0,8.6,-16.63,-53.16
-52,0,8.64,-18.524,-55.37
-52,0,8.68,-18.008,-55.17
-52,0,8.72,-23.408,-60.71
-52,0,8.76,-28.484,-65.75
-52,0,8.8,-26.95,-64.18
-52,0,8.84,-27.324,-64.51
-52,0,8.88,-24.458,-61.6
-52,0,8.92,-20.094,-57.3
-52,0,8.96,-19.292,-56.67
-52,0,9,-17.03,-54.58
-52,0,9.04,-17.664,-55.45
-52,0,9.08,-16.108,-54.13
-52,0,9.12,-18.206,-56.49
-52,0,9.16,-18.428,-57
-52,0,9.2,-22.64,-61.5
-52,0,9.24,-24.51,-63.11
-52,0,9.28,-24.92,-63.26
-52,0,9.32,-23.398,-61.56
-52,0,9.36,-21.444,-59.51
-52,0,9.4,-22.03,-60
-52,0,9.44,-21.714,-59.82
-52,0,9.48,-20.188,-58.43
-52,0,9.52,-17.932,-56.31
-52,0,9.56,-19.856,-58.37
-52,0,9.6,-22.77,-61.42
-52,0,9.64,-21.01,-59.78
-52,0,9.68,-19.88,-58.77
-52,0,9.72,-18.788,-57.77
-52,0,9.76,-16.784,-55.83
-52,0,9.8,-15.63,-54.74
-52,0,9.84,-15.546,-54.66
-52,0,9.88,-14.942,-54.06
-52,0,9.92,-17.2,-56.31
-52,0,9.96,-20.57,-59.66
-52,0,10,-24.68,-63.75
-52,0,10.04,-26.834,-66.08
-52,0,10.08,-24.588,-64.01
-52,0,10.12,-26.696,-66.25
-52,0,10.16,-25.538,-65.18
-52,0,10.2,-19.55,-59.28
-52,0,10.24,-18.112,-57.81
-52,0,10.28,-17.294,-56.96
-52,0,10.32,-19.722,-59.35
-52,0,10.36,-18.786,-58.37
-52,0,10.4,-16.78,-56.32
-52,0,10.44,-18.634,-58.17
-52,0,10.48,-19.608,-59.14
-52,0,10.52,-19.392,-59
-52,0,10.56,-23.596,-63.36
-52,0,10.6,-28.66,-68.58
-52,0,10.64,-31.538,-71.55
-52,0,10.68,-22.026,-62.13
-52,0,10.72,-21.276,-61.45
-52,0,10.76,-18.578,-58.8
-52,0,10.8,-18.2,-58.47
-52,0,10.84,-18.21,-58.38
-52,0,10.88,-20.49,-60.56
-52,0,10.92,-17.892,-57.9
-52,0,10.96,-17.126,-57.11
-52,0,11,-19.64,-59.6
-52,0,11.04,-21.106,-61.17
-52,0,11.08,-22.052,-62.22
-52,0,11.12,-24.286,-64.53
-52,0,11.16,-23.178,-63.47
-52,0,11.2,-20.16,-60.5
-52,0,11.24,-17.858,-58.25
-52,0,11.28,-18.876,-59.32
-52,0,11.32,-23.024,-63.54
-52,0,11.36,-24.362,-64.97
-52,0,11.4,-22.77,-63.47
-52,0,11.44,-22.232,-62.98
-52,0,11.48,-16.584,-57.38
-52,0,11.52,-17.12,-57.95
-52,0,11.56,-19.67,-60.52
-52,0,11.6,-18.93,-59.8
-52,0,11.64,-17.346,-58.3
-52,0,11.68,-16.562,-57.6
-52,0,11.72,-15.718,-56.81
-52,0,11.76,-14.654,-55.77
-52,0,11.8,-13.77,-54.91
-52,0,11.84,-13.696,-54.78
-52,0,11.88,-14.812,-55.84
-52,0,11.92,-14.424,-55.55
-52,0,11.96,-14.252,-55.63
-52,0,12,-16.06,-57.69
-51,0,8,-21.89,-56.51
-51,0,8.04,-19.828,-54.54
-51,0,8.08,-18.566,-53.37
-51,0,8.12,-18.592,-53.48
-51,0,8.16,-18.266,-53.23
-51,0,8.2,-20.28,-55.32
-51,0,8.24,-21.112,-56.22
-51,0,8.28,-22.014,-57.19
-51,0,8.32,-22.836,-58.08
-51,0,8.36,-25.998,-61.31
-51,0,8.4,-25.64,-61.02
-51,0,8.44,-25.252,-60.84
-51,0,8.48,-21.034,-56.83
-51,0,8.52,-17.734,-53.76
-51,0,8.56,-18.042,-54.32
-51,0,8.6,-16.66,-53.19
-51,0,8.64,-16.364,-53.21
-51,0,8.68,-16.738,-53.9
-51,0,8.72,-19.248,-56.55
-51,0,8.76,-27.544,-64.81
-51,0,8.8,-31.82,-69.05
-51,0,8.84,-33.654,-70.84
-51,0,8.88,-27.968,-65.11
-51,0,8.92,-22.514,-59.72
-51,0,8.96,-20.702,-58.08
-51,0,9,-17.55,-55.1
-51,0,9.04,-17.494,-55.28
-51,0,9.08,-15.518,-53.54
-51,0,9.12,-17.036,-55.32
-51,0,9.16,-17.358,-55.93
-51,0,9.2,-18.68,-57.54
-51,0,9.24,-20.52,-59.12
-51,0,9.28,-23.89,-62.23
-51,0,9.32,-25.548,-63.71
-51,0,9.36,-20.634,-58.7
-51,0,9.4,-19.88,-57.85
-51,0,9.44,-20.034,-58.14
-51,0,9.48,-19.248,-57.49
-51,0,9.52,-18.782,-57.16
-51,0,9.56,-19.066,-57.58
-51,0,9.6,-19.84,-58.49
-51,0,9.64,-20.67,-59.44
-51,0,9.68,-19.52,-58.41
-51,0,9.72,-20.648,-59.63
-51,0,9.76,-18.614,-57.66
-51,0,9.8,-15.73,-54.84
-51,0,9.84,-15.086,-54.2
-51,0,9.88,-14.402,-53.52
-51,0,9.92,-15.96,-55.07
-51,0,9.96,-18.29,-57.38
-51,0,10,-20.88,-59.95
-51,0,10.04,-21.664,-60.91
-51,0,10.08,-24.068,-63.49
-51,0,10.12,-23.186,-62.74
-51,0,10.16,-25.768,-65.41
-51,0,10.2,-20.24,-59.97
-51,0,10.24,-19.742,-59.44
-51,0,10.28,-20.554,-60.22
-51,0,10.32,-20.602,-60.23
-51,0,10.36,-20.146,-59.73
-51,0,10.4,-17.33,-56.87
-51,0,10.44,-16.174,-55.71
-51,0,10.48,-16.438,-55.97
-51,0,10.52,-17.732,-57.34
-51,0,10.56,-23.606,-63.37
-51,0,10.6,-25.58,-65.5
-51,0,10.64,-32.108,-72.12
-51,0,10.68,-40.286,-80.39
-51,0,10.72,-25.806,-65.98
-51,0,10.76,-20.808,-61.03
-51,0,10.8,-20.4,-60.67
-51,0,10.84,-21.26,-61.43
-51,0,10.88,-20.34,-60.41
-51,0,10.92,-17.182,-57.19
-51,0,10.96,-17.596,-57.58
-51,0,11,-17.23,-57.19
-51,0,11.04,-19.196,-59.26
-51,0,11.08,-22.032,-62.2
-51,0,11.12,-24.516,-64.76
-51,0,11.16,-26.538,-66.83
-51,0,11.2,-22.09,-62.43
-51,0,11.24,-18.228,-58.62
-51,0,11.28,-17.596,-58.04
-51,0,11.32,-18.984,-59.5
-51,0,11.36,-25.252,-65.86
-51,0,11.4,-25.11,-65.81
-51,0,11.44,-21.402,-62.15
-51,0,11.48,-17.274,-58.07
-51,0,11.52,-16.33,-57.16
-51,0,11.56,-15.78,-56.63
-51,0,11.6,-13.78,-54.65
-51,0,11.64,-15.026,-55.98
-51,0,11.68,-13.252,-54.29
-51,0,11.72,-13.308,-54.4
-51,0,11.76,-12.824,-53.94
-51,0,11.8,-13.52,-54.66
-51,0,11.84,-12.966,-54.05
-51,0,11.88,-13.802,-54.83
-51,0,11.92,-15.014,-56.14
-51,0,11.96,-14.962,-56.34
-51,0,12,-15.56,-57.19
-50,0,8,-20.66,-55.28
-50,0,8.04,-19.088,-53.8
-50,0,8.08,-18.306,-53.11
-50,0,8.12,-19.312,-54.2
-50,0,8.16,-18.856,-53.82
-50,0,8.2,-20.07,-55.11
-50,0,8.24,-19.022,-54.13
-50,0,8.28,-21.354,-56.53
-50,0,8.32,-21.216,-56.46
-50,0,8.36,-25.298,-60.61
-50,0,8.4,-26.47,-61.85
-50,0,8.44,-25.922,-61.51
-50,0,8.48,-24.654,-60.45
-50,0,8.52,-18.804,-54.83
-50,0,8.56,-16.972,-53.25
-50,0,8.6,-15.67,-52.2
-50,0,8.64,-16.274,-53.12
-50,0,8.68,-15.938,-53.1
-50,0,8.72,-17.998,-55.3
-50,0,8.76,-20.674,-57.94
-50,0,8.8,-24.65,-61.88
-50,0,8.84,-29.184,-66.37
-50,0,8.88,-27.228,-64.37
-50,0,8.92,-24.434,-61.64
-50,0,8.96,-23.062,-60.44
-50,0,9,-17.22,-54.77
-50,0,9.04,-16.024,-53.81
-50,0,9.08,-16.178,-54.2
-50,0,9.12,-15.906,-54.19
-50,0,9.16,-16.598,-55.17
-50,0,9.2,-17.17,-56.03
-50,0,9.24,-17.47,-56.07
-50,0,9.28,-21.21,-59.55
-50,0,9.32,-24.558,-62.72
-50,0,9.36,-18.514,-56.58
-50,0,9.4,-17.68,-55.65
-50,0,9.44,-19.004,-57.11
-50,0,9.48,-19.048,-57.29
-50,0,9.52,-18.792,-57.17
-50,0,9.56,-18.306,-56.82
-50,0,9.6,-18.44,-57.09
-50,0,9.64,-18.45,-57.22
-50,0,9.68,-19.44,-58.33
-50,0,9.72,-19.478,-58.46
-50,0,9.76,-18.884,-57.93
-50,0,9.8,-15.93,-55.04
-50,0,9.84,-15.586,-54.7
-50,0,9.88,-14.642,-53.76
-50,0,9.92,-15.4,-54.51
-50,0,9.96,-17.8,-56.89
-50,0,10,-17.85,-56.92
-50,0,10.04,-20.274,-59.52
-50,0,10.08,-21.398,-60.82
-50,0,10.12,-22.076,-61.63
-50,0,10.16,-26.718,-66.36
-50,0,10.2,-25.69,-65.42
-50,0,10.24,-23.692,-63.39
-50,0,10.28,-22.544,-62.21
-50,0,10.32,-20.262,-59.89
-50,0,10.36,-19.786,-59.37
-50,0,10.4,-17.76,-57.3
-50,0,10.44,-16.114,-55.65
-50,0,10.48,-17.198,-56.73
-50,0,10.52,-19.432,-59.04
-50,0,10.56,-20.966,-60.73
-50,0,10.6,-19.52,-59.44
-50,0,10.64,-23.418,-63.43
-50,0,10.68,-26.616,-66.72
-50,0,10.72,-37.556,-77.73
-50,0,10.76,-25.698,-65.92
-50,0,10.8,-21.12,-61.39
-50,0,10.84,-19.06,-59.23
-50,0,10.88,-19.28,-59.35
-50,0,10.92,-17.972,-57.98
-50,0,10.96,-16.386,-56.37
-50,0,11,-16.8,-56.76
-50,0,11.04,-18.366,-58.43
-50,0,11.08,-22.342,-62.51
-50,0,11.12,-22.666,-62.91
-50,0,11.16,-30.438,-70.73
-50,0,11.2,-24.93,-65.27
-50,0,11.24,-20.068,-60.46
-50,0,11.28,-16.886,-57.33
-50,0,11.32,-15.834,-56.35
-50,0,11.36,-17.402,-58.01
-50,0,11.4,-19.54,-60.24
-50,0,11.44,-18.962,-59.71
-50,0,11.48,-16.584,-57.38
-50,0,11.52,-15.85,-56.68
-50,0,11.56,-15.92,-56.77
-50,0,11.6,-14.02,-54.89
-50,0,11.64,-14.476,-55.43
-50,0,11.68,-12.582,-53.62
-50,0,11.72,-13.828,-54.92
-50,0,11.76,-13.204,-54.32
-50,0,11.8,-13.34,-54.48
-50,0,11.84,-13.956,-55.04
-50,0,11.88,-14.222,-55.25
-50,0,11.92,-16.204,-57.33
-50,0,11.96,-16.642,-58.02
-50,0,12,-18.27,-59.9
-49,0,8,-20.19,-54.81
-49,0,8.04,-18.728,-53.44
-49,0,8.08,-19.156,-53.96
-49,0,8.12,-19.602,-54.49
-49,0,8.16,-19.896,-54.86
-49,0,8.2,-19.46,-54.5
-49,0,8.24,-18.222,-53.33
-49,0,8.28,-18.944,-54.12
-49,0,8.32,-20.246,-55.49
-49,0,8.36,-22.048,-57.36
-49,0,8.4,-24.24,-59.62
-49,0,8.44,-29.512,-65.1
-49,0,8.48,-24.754,-60.55
-49,0,8.52,-19.384,-55.41
-49,0,8.56,-17.242,-53.52
-49,0,8.6,-15,-51.53
-49,0,8.64,-15.134,-51.98
-49,0,8.68,-15.958,-53.12
-49,0,8.72,-16.868,-54.17
-49,0,8.76,-19.724,-56.99
-49,0,8.8,-22.46,-59.69
-49,0,8.84,-27.354,-64.54
-49,0,8.88,-33.428,-70.57
-49,0,8.92,-23.744,-60.95
-49,0,8.96,-20.962,-58.34
-49,0,9,-17.02,-54.57
-49,0,9.04,-15.394,-53.18
-49,0,9.08,-13.788,-51.81
-49,0,9.12,-14.886,-53.17
-49,0,9.16,-15.218,-53.79
-49,0,9.2,-15.72,-54.58
-49,0,9.24,-16.16,-54.76
-49,0,9.28,-20.38,-58.72
-49,0,9.32,-19.098,-57.26
-49,0,9.36,-17.644,-55.71
-49,0,9.4,-17.56,-55.53
-49,0,9.44,-16.914,-55.02
-49,0,9.48,-17.788,-56.03
-49,0,9.52,-18.682,-57.06
-49,0,9.56,-20.196,-58.71
-49,0,9.6,-18.78,-57.43
-49,0,9.64,-19.53,-58.3
-49,0,9.68,-18.9,-57.79
-49,0,9.72,-18.388,-57.37
-49,0,9.76,-18.764,-57.81
-49,0,9.8,-17.98,-57.09
-49,0,9.84,-16.596,-55.71
-49,0,9.88,-15.862,-54.98
-49,0,9.92,-15.7,-54.81
-49,0,9.96,-16.11,-55.2
-49,0,10,-16.51,-55.58
-49,0,10.04,-16.944,-56.19
-49,0,10.08,-17.718,-57.14
-49,0,10.12,-20.136,-59.69
-49,0,10.16,-24.728,-64.37
-49,0,10.2,-24.08,-63.81
-49,0,10.24,-23.882,-63.58
-49,0,10.28,-22.934,-62.6
-49,0,10.32,-20.292,-59.92
-49,0,10.36,-22.216,-61.8
-49,0,10.4,-19.1,-58.64
-49,0,10.44,-17.194,-56.73
-49,0,10.48,-18.768,-58.3
-49,0,10.52,-19.972,-59.58
-49,0,10.56,-19.756,-59.52
-49,0,10.6,-18.93,-58.85
-49,0,10.64,-19.148,-59.16
-49,0,10.68,-20.436,-60.54
-49,0,10.72,-27.516,-67.69
-49,0,10.76,-35.598,-75.82
-49,0,10.8,-23.64,-63.91
-49,0,10.84,-18.65,-58.82
-49,0,10.88,-18.25,-58.32
-49,0,10.92,-16.922,-56.93
-49,0,10.96,-16.056,-56.04
-49,0,11,-16.23,-56.19
-49,0,11.04,-16.916,-56.98
-49,0,11.08,-20.312,-60.48
-49,0,11.12,-20.076,-60.32
-49,0,11.16,-22.178,-62.47
-49,0,11.2,-21.89,-62.23
-49,0,11.24,-22.768,-63.16
-49,0,11.28,-17.656,-58.1
-49,0,11.32,-16.544,-57.06
-49,0,11.36,-15.292,-55.9
-49,0,11.4,-15.59,-56.29
-49,0,11.44,-15.442,-56.19
-49,0,11.48,-16.944,-57.74
-49,0,11.52,-15.65,-56.48
-49,0,11.56,-17.43,-58.28
-49,0,11.6,-14.77,-55.64
-49,0,11.64,-15.386,-56.34
-49,0,11.68,-15.142,-56.18
-49,0,11.72,-14.388,-55.48
-49,0,11.76,-14.424,-55.54
-49,0,11.8,-16.34,-57.48
-49,0,11.84,-14.616,-55.7
-49,0,11.88,-15.392,-56.42
-49,0,11.92,-17.024,-58.15
-49,0,11.96,-18.042,-59.42
-49,0,12,-22.7,-64.33
-48,0,8,-19.62,-54.24
-48,0,8.04,-18.178,-52.89
-48,0,8.08,-18.086,-52.89
-48,0,8.12,-19.212,-54.1
-48,0,8.16,-19.336,-54.3
-48,0,8.2,-17.74,-52.78
-48,0,8.24,-16.382,-51.49
-48,0,8.28,-18.114,-53.29
-48,0,8.32,-18.116,-53.36
-48,0,8.36,-20.518,-55.83
-48,0,8.4,-22.19,-57.57
-48,0,8.44,-25.742,-61.33
-48,0,8.48,-36.144,-71.94
-48,0,8.52,-20.514,-56.54
-48,0,8.56,-16.792,-53.07
-48,0,8.6,-15.04,-51.57
-48,0,8.64,-13.874,-50.72
-48,0,8.68,-14.578,-51.74
-48,0,8.72,-15.448,-52.75
-48,0,8.76,-17.484,-54.75
-48,0,8.8,-20.62,-57.85
-48,0,8.84,-22.754,-59.94
-48,0,8.88,-39.618,-76.76
-48,0,8.92,-23.784,-60.99
-48,0,8.96,-18.622,-56
-48,0,9,-16.01,-53.56
-48,0,9.04,-15.664,-53.45
-48,0,9.08,-12.518,-50.54
-48,0,9.12,-14.046,-52.33
-48,0,9.16,-14.598,-53.17
-48,0,9.2,-15.17,-54.03
-48,0,9.24,-15.25,-53.85
-48,0,9.28,-16.87,-55.21
-48,0,9.32,-17.888,-56.05
-48,0,9.36,-16.554,-54.62
-48,0,9.4,-16.64,-54.61
-48,0,9.44,-15.914,-54.02
-48,0,9.48,-17.058,-55.3
-48,0,9.52,-17.302,-55.68
-48,0,9.56,-18.466,-56.98
-48,0,9.6,-18.9,-57.55
-48,0,9.64,-19.05,-57.82
-48,0,9.68,-19.21,-58.1
-48,0,9.72,-19.178,-58.16
-48,0,9.76,-17.714,-56.76
-48,0,9.8,-17.36,-56.47
-48,0,9.84,-17.676,-56.79
-48,0,9.88,-17.292,-56.41
-48,0,9.92,-15.54,-54.65
-48,0,9.96,-15.69,-54.78
-48,0,10,-14.92,-53.99
-48,0,10.04,-16.344,-55.59
-48,0,10.08,-17.338,-56.76
-48,0,10.12,-19.526,-59.08
-48,0,10.16,-20.598,-60.24
-48,0,10.2,-22.8,-62.53
-48,0,10.24,-26.982,-66.68
-48,0,10.28,-29.464,-69.13
-48,0,10.32,-21.952,-61.58
-48,0,10.36,-20.716,-60.3
-48,0,10.4,-20.78,-60.32
-48,0,10.44,-18.674,-58.21
-48,0,10.48,-17.658,-57.19
-48,0,10.52,-20.272,-59.88
-48,0,10.56,-17.936,-57.7
-48,0,10.6,-16.1,-56.02
-48,0,10.64,-16.108,-56.12
-48,0,10.68,-16.606,-56.71
-48,0,10.72,-20.756,-60.93
-48,0,10.76,-27.608,-67.83
-48,0,10.8,-39.04,-79.31
-48,0,10.84,-19.37,-59.54
-48,0,10.88,-19.75,-59.82
-48,0,10.92,-18.362,-58.37
-48,0,10.96,-15.926,-55.91
-48,0,11,-16.21,-56.17
-48,0,11.04,-17.076,-57.14
-48,0,11.08,-18.162,-58.33
-48,0,11.12,-19.496,-59.74
-48,0,11.16,-19.368,-59.66
-48,0,11.2,-21.39,-61.73
-48,0,11.24,-21.178,-61.57
-48,0,11.28,-20.236,-60.68
-48,0,11.32,-18.814,-59.33
-48,0,11.36,-16.232,-56.84
-48,0,11.4,-14.85,-55.55
-48,0,11.44,-14.332,-55.08
-48,0,11.48,-15.684,-56.48
-48,0,11.52,-16.42,-57.25
-48,0,11.56,-18.9,-59.75
-48,0,11.6,-18.42,-59.29
-48,0,11.64,-19.526,-60.48
-48,0,11.68,-18.752,-59.79
-48,0,11.72,-18.258,-59.35
-48,0,11.76,-18.154,-59.27
-48,0,11.8,-19.38,-60.52
-48,0,11.84,-14.736,-55.82
-48,0,11.88,-16.252,-57.28
-48,0,11.92,-18.154,-59.28
-48,0,11.96,-20.782,-62.16
-48,0,12,-25.43,-67.06
-47,0,8,-18.87,-53.49
-47,0,8.04,-18.898,-53.61
-47,0,8.08,-17.746,-52.55
-47,0,8.12,-17.912,-52.8
-47,0,8.16,-18.476,-53.44
-47,0,8.2,-17.77,-52.81
-47,0,8.24,-16.742,-51.85
-47,0,8.28,-17.204,-52.38
-47,0,8.32,-17.136,-52.38
-47,0,8.36,-18.698,-54.01
-47,0,8.4,-21.42,-56.8
-47,0,8.44,-25.762,-61.35
-47,0,8.48,-32.364,-68.16
-47,0,8.52,-22.354,-58.38
-47,0,8.56,-16.612,-52.89
-47,0,8.6,-15.02,-51.55
-47,0,8.64,-13.884,-50.73
-47,0,8.68,-13.298,-50.46
-47,0,8.72,-15.208,-52.51
-47,0,8.76,-16.424,-53.69
-47,0,8.8,-18.22,-55.45
-47,0,8.84,-19.904,-57.09
-47,0,8.88,-27.918,-65.06
-47,0,8.92,-25.994,-63.2
-47,0,8.96,-18.962,-56.34
-47,0,9,-13.27,-50.82
-47,0,9.04,-15.154,-52.94
-47,0,9.08,-13.788,-51.81
-47,0,9.12,-14.276,-52.56
-47,0,9.16,-14.328,-52.9
-47,0,9.2,-15.01,-53.87
-47,0,9.24,-14.93,-53.53
-47,0,9.28,-15.34,-53.68
-47,0,9.32,-15.938,-54.1
-47,0,9.36,-15.694,-53.76
-47,0,9.4,-14.86,-52.83
-47,0,9.44,-16.334,-54.44
-47,0,9.48,-16.158,-54.4
-47,0,9.52,-17.002,-55.38
-47,0,9.56,-17.136,-55.65
-47,0,9.6,-18.35,-57
-47,0,9.64,-19.72,-58.49
-47,0,9.68,-20.39,-59.28
-47,0,9.72,-19.758,-58.74
-47,0,9.76,-19.154,-58.2
-47,0,9.8,-17.89,-57
-47,0,9.84,-18.056,-57.17
-47,0,9.88,-18.732,-57.85
-47,0,9.92,-15.97,-55.08
-47,0,9.96,-15.11,-54.2
-47,0,10,-15.09,-54.16
-47,0,10.04,-17.064,-56.31
-47,0,10.08,-16.438,-55.86
-47,0,10.12,-17.056,-56.61
-47,0,10.16,-19.338,-58.98
-47,0,10.2,-19.86,-59.59
-47,0,10.24,-22.352,-62.05
-47,0,10.28,-27.744,-67.41
-47,0,10.32,-22.942,-62.57
-47,0,10.36,-22.556,-62.14
-47,0,10.4,-21.53,-61.07
-47,0,10.44,-20.284,-59.82
-47,0,10.48,-17.388,-56.92
-47,0,10.52,-18.962,-58.57
-47,0,10.56,-15.686,-55.45
-47,0,10.6,-14.55,-54.47
-47,0,10.64,-14.798,-54.81
-47,0,10.68,-17.316,-57.42
-47,0,10.72,-17.236,-57.41
-47,0,10.76,-22.168,-62.39
-47,0,10.8,-27.86,-68.13
-47,0,10.84,-36.63,-76.8
-47,0,10.88,-25.15,-65.22
-47,0,10.92,-21.122,-61.13
-47,0,10.96,-18.376,-58.36
-47,0,11,-16.92,-56.88
-47,0,11.04,-19.096,-59.16
-47,0,11.08,-18.322,-58.49
-47,0,11.12,-18.296,-58.54
-47,0,11.16,-17.458,-57.75
-47,0,11.2,-19.05,-59.39
-47,0,11.24,-19.838,-60.23
-47,0,11.28,-21.826,-62.27
-47,0,11.32,-26.284,-66.8
-47,0,11.36,-20.652,-61.26
-47,0,11.4,-17.68,-58.38
-47,0,11.44,-16.572,-57.32
-47,0,11.48,-14.784,-55.58
-47,0,11.52,-15.35,-56.18
-47,0,11.56,-18.98,-59.83
-47,0,11.6,-19.98,-60.85
-47,0,11.64,-29.366,-70.32
-47,0,11.68,-28.682,-69.72
-47,0,11.72,-24.358,-65.45
-47,0,11.76,-20.224,-61.34
-47,0,11.8,-18.81,-59.95
-47,0,11.84,-18.676,-59.76
-47,0,11.88,-16.952,-57.98
-47,0,11.92,-17.554,-58.68
-47,0,11.96,-20.522,-61.9
-47,0,12,-22.18,-63.81
-46,0,8,-16.97,-51.59
-46,0,8.04,-16.598,-51.31
-46,0,8.08,-15.866,-50.67
-46,0,8.12,-16.062,-50.95
-46,0,8.16,-16.636,-51.6
-46,0,8.2,-17.58,-52.62
-46,0,8.24,-16.032,-51.14
-46,0,8.28,-16.954,-52.13
-46,0,8.32,-15.376,-50.62
-46,0,8.36,-15.588,-50.9
-46,0,8.4,-18.38,-53.76
-46,0,8.44,-20.992,-56.58
-46,0,8.48,-25.704,-61.5
-46,0,8.52,-25.644,-61.67
-46,0,8.56,-19.132,-55.41
-46,0,8.6,-15.26,-51.79
-46,0,8.64,-13.244,-50.09
-46,0,8.68,-12.568,-49.73
-46,0,8.72,-13.478,-50.78
-46,0,8.76,-13.844,-51.11
-46,0,8.8,-15.91,-53.14
-46,0,8.84,-16.254,-53.44
-46,0,8.88,-21.378,-58.52
-46,0,8.92,-22.474,-59.68
-46,0,8.96,-19.532,-56.91
-46,0,9,-16.09,-53.64
-46,0,9.04,-14.674,-52.46
-46,0,9.08,-13.978,-52
-46,0,9.12,-14.566,-52.85
-46,0,9.16,-14.118,-52.69
-46,0,9.2,-15.4,-54.26
-46,0,9.24,-16.25,-54.85
-46,0,9.28,-15.65,-53.99
-46,0,9.32,-15.208,-53.37
-46,0,9.36,-13.544,-51.61
-46,0,9.4,-13.32,-51.29
-46,0,9.44,-15.114,-53.22
-46,0,9.48,-16.008,-54.25
-46,0,9.52,-15.952,-54.33
-46,0,9.56,-17.816,-56.33
-46,0,9.6,-19.3,-57.95
-46,0,9.64,-19.92,-58.69
-46,0,9.68,-21.82,-60.71
-46,0,9.72,-19.668,-58.65
-46,0,9.76,-19.114,-58.16
-46,0,9.8,-18.01,-57.12
-46,0,9.84,-18.746,-57.86
-46,0,9.88,-19.442,-58.56
-46,0,9.92,-16.88,-55.99
-46,0,9.96,-15.52,-54.61
-46,0,10,-15.65,-54.72
-46,0,10.04,-16.944,-56.19
-46,0,10.08,-16.608,-56.03
-46,0,10.12,-16.756,-56.31
-46,0,10.16,-18.258,-57.9
-46,0,10.2,-18.05,-57.78
-46,0,10.24,-19.232,-58.93
-46,0,10.28,-20.064,-59.73
-46,0,10.32,-22.632,-62.26
-46,0,10.36,-24.366,-63.95
-46,0,10.4,-25.16,-64.7
-46,0,10.44,-21.354,-60.89
-46,0,10.48,-21.368,-60.9
-46,0,10.52,-15.912,-55.52
-46,0,10.56,-14.186,-53.95
-46,0,10.6,-13.45,-53.37
-46,0,10.64,-14.118,-54.13
-46,0,10.68,-15.986,-56.09
-46,0,10.72,-16.476,-56.65
-46,0,10.76,-18.418,-58.64
-46,0,10.8,-23.2,-63.47
-46,0,10.84,-29.47,-69.64
-46,0,10.88,-29.83,-69.9
-46,0,10.92,-24.742,-64.75
-46,0,10.96,-23.766,-63.75
-46,0,11,-19.04,-59
-46,0,11.04,-17.736,-57.8
-46,0,11.08,-19.392,-59.56
-46,0,11.12,-18.466,-58.71
-46,0,11.16,-16.798,-57.09
-46,0,11.2,-19,-59.34
-46,0,11.24,-22.128,-62.52
-46,0,11.28,-22.436,-62.88
-46,0,11.32,-24.094,-64.61
-46,0,11.36,-23.442,-64.05
-46,0,11.4,-21.59,-62.29
-46,0,11.44,-20.822,-61.57
-46,0,11.48,-17.304,-58.1
-46,0,11.52,-17.57,-58.4
-46,0,11.56,-19.49,-60.34
-46,0,11.6,-22.73,-63.6
-46,0,11.64,-25.026,-65.98
-46,0,11.68,-29.402,-70.44
-46,0,11.72,-23.238,-64.33
-46,0,11.76,-17.734,-58.85
-46,0,11.8,-15.72,-56.86
-46,0,11.84,-16.156,-57.24
-46,0,11.88,-15.462,-56.49
-46,0,11.92,-16.074,-57.2
-46,0,11.96,-15.602,-56.98
-46,0,12,-17.69,-59.32
-45,0,8,-14.71,-49.33
-45,0,8.04,-15.858,-50.57
-45,0,8.08,-15.406,-50.21
-45,0,8.12,-14.902,-49.79
-45,0,8.16,-15.836,-50.8
-45,0,8.2,-16.73,-51.77
-45,0,8.24,-16.432,-51.54
-45,0,8.28,-15.494,-50.67
-45,0,8.32,-13.876,-49.12
-45,0,8.36,-14.818,-50.13
-45,0,8.4,-16.88,-52.26
-45,0,8.44,-19.672,-55.26
-45,0,8.48,-23.434,-59.23
-45,0,8.52,-25.714,-61.74
-45,0,8.56,-20.022,-56.3
-45,0,8.6,-16.15,-52.68
-45,0,8.64,-13.754,-50.6
-45,0,8.68,-12.058,-49.22
-45,0,8.72,-12.228,-49.53
-45,0,8.76,-13.134,-50.4
-45,0,8.8,-14.45,-51.68
-45,0,8.84,-14.574,-51.76
-45,0,8.88,-16.828,-53.97
-45,0,8.92,-19.044,-56.25
-45,0,8.96,-18.642,-56.02
-45,0,9,-16.34,-53.89
-45,0,9.04,-16.184,-53.97
-45,0,9.08,-14.118,-52.14
-45,0,9.12,-15.546,-53.83
-45,0,9.16,-15.308,-53.88
-45,0,9.2,-16.49,-55.35
-45,0,9.24,-17.12,-55.72
-45,0,9.28,-15.31,-53.65
-45,0,9.32,-14.648,-52.81
-45,0,9.36,-13.204,-51.27
-45,0,9.4,-13.26,-51.23
-45,0,9.44,-15.104,-53.21
-45,0,9.48,-15.848,-54.09
-45,0,9.52,-17.052,-55.43
-45,0,9.56,-16.166,-54.68
-45,0,9.6,-17.98,-56.63
-45,0,9.64,-17.8,-56.57
-45,0,9.68,-19.77,-58.66
-45,0,9.72,-18.688,-57.67
-45,0,9.76,-17.244,-56.29
-45,0,9.8,-18.28,-57.39
-45,0,9.84,-20.256,-59.37
-45,0,9.88,-19.882,-59
-45,0,9.92,-17.43,-56.54
-45,0,9.96,-16.75,-55.84
-45,0,10,-15.94,-55.01
-45,0,10.04,-16.404,-55.65
-45,0,10.08,-17.518,-56.94
-45,0,10.12,-16.606,-56.16
-45,0,10.16,-16.838,-56.48
-45,0,10.2,-16.41,-56.14
-45,0,10.24,-15.342,-55.04
-45,0,10.28,-16.804,-56.47
-45,0,10.32,-20.042,-59.67
-45,0,10.36,-24.256,-63.84
-45,0,10.4,-24.87,-64.41
-45,0,10.44,-24.854,-64.39
-45,0,10.48,-18.468,-58
-45,0,10.52,-15.902,-55.51
-45,0,10.56,-13.666,-53.43
-45,0,10.6,-14.42,-54.34
-45,0,10.64,-13.748,-53.76
-45,0,10.68,-14.106,-54.21
-45,0,10.72,-16.516,-56.69
-45,0,10.76,-18.758,-58.98
-45,0,10.8,-19.49,-59.76
-45,0,10.84,-21.51,-61.68
-45,0,10.88,-29.25,-69.32
-45,0,10.92,-40.642,-80.65
-45,0,10.96,-28.726,-68.71
-45,0,11,-25.46,-65.42
-45,0,11.04,-19.426,-59.49
-45,0,11.08,-20.832,-61
-45,0,11.12,-19.126,-59.37
-45,0,11.16,-19.218,-59.51
-45,0,11.2,-20.27,-60.61
-45,0,11.24,-23.158,-63.55
-45,0,11.28,-22.906,-63.35
-45,0,11.32,-22.104,-62.62
-45,0,11.36,-20.422,-61.03
-45,0,11.4,-19.97,-60.67
-45,0,11.44,-23.762,-64.51
-45,0,11.48,-18.444,-59.24
-45,0,11.52,-16.25,-57.08
-45,0,11.56,-19.37,-60.22
-45,0,11.6,-19.02,-59.89
-45,0,11.64,-19.886,-60.84
-45,0,11.68,-19.152,-60.19
-45,0,11.72,-19.388,-60.48
-45,0,11.76,-19.324,-60.44
-45,0,11.8,-16.53,-57.67
-45,0,11.84,-17.136,-58.22
-45,0,11.88,-15.562,-56.59
-45,0,11.92,-14.624,-55.75
-45,0,11.96,-13.962,-55.34
-45,0,12,-16.38,-58.01
-44,0,8,-13.24,-47.86
-44,0,8.04,-14.898,-49.61
-44,0,8.08,-13.916,-48.72
-44,0,8.12,-13.952,-48.84
-44,0,8.16,-14.466,-49.43
-44,0,8.2,-16.83,-51.87
-44,0,8.24,-15.762,-50.87
-44,0,8.28,-14.494,-49.67
-44,0,8.32,-12.586,-47.83
-44,0,8.36,-13.358,-48.67
-44,0,8.4,-15.45,-50.83
-44,0,8.44,-17.162,-52.75
-44,0,8.48,-18.594,-54.39
-44,0,8.52,-22.094,-58.12
-44,0,8.56,-22.602,-58.88
-44,0,8.6,-17.94,-54.47
-44,0,8.64,-14.324,-51.17
-44,0,8.68,-12.008,-49.17
-44,0,8.72,-11.508,-48.81
-44,0,8.76,-11.924,-49.19
-44,0,8.8,-12.89,-50.12
-44,0,8.84,-12.734,-49.92
-44,0,8.88,-14.328,-51.47
-44,0,8.92,-16.924,-54.13
-44,0,8.96,-16.762,-54.14
-44,0,9,-15.56,-53.11
-44,0,9.04,-16.324,-54.11
-44,0,9.08,-15.488,-53.51
-44,0,9.12,-16.526,-54.81
-44,0,9.16,-17.458,-56.03
-44,0,9.2,-18.59,-57.45
-44,0,9.24,-17.03,-55.63
-44,0,9.28,-14.97,-53.31
-44,0,9.32,-15.328,-53.49
-44,0,9.36,-14.504,-52.57
-44,0,9.4,-14.39,-52.36
-44,0,9.44,-14.704,-52.81
-44,0,9.48,-16.998,-55.24
-44,0,9.52,-16.422,-54.8
-44,0,9.56,-16.526,-55.04
-44,0,9.6,-16.26,-54.91
-44,0,9.64,-16.25,-55.02
-44,0,9.68,-17.2,-56.09
-44,0,9.72,-18.258,-57.24
-44,0,9.76,-16.904,-55.95
-44,0,9.8,-17.26,-56.37
-44,0,9.84,-17.516,-56.63
-44,0,9.88,-19.082,-58.2
-44,0,9.92,-18.35,-57.46
-44,0,9.96,-18.89,-57.98
-44,0,10,-15.44,-54.51
-44,0,10.04,-17.114,-56.36
-44,0,10.08,-16.618,-56.04
-44,0,10.12,-16.856,-56.41
-44,0,10.16,-17.028,-56.67
-44,0,10.2,-16.03,-55.76
-44,0,10.24,-14.352,-54.05
-44,0,10.28,-13.534,-53.2
-44,0,10.32,-17.832,-57.46
-44,0,10.36,-19.296,-58.88
-44,0,10.4,-20.74,-60.28
-44,0,10.44,-31.414,-70.95
-44,0,10.48,-22.478,-62.01
-44,0,10.52,-18.682,-58.29
-44,0,10.56,-15.746,-55.51
-44,0,10.6,-14.2,-54.12
-44,0,10.64,-13.148,-53.16
-44,0,10.68,-14.276,-54.38
-44,0,10.72,-14.476,-54.65
-44,0,10.76,-16.718,-56.94
-44,0,10.8,-20.72,-60.99
-44,0,10.84,-23.61,-63.78
-44,0,10.88,-24.3,-64.37
-44,0,10.92,-24.562,-64.57
-44,0,10.96,-31.706,-71.69
-44,0,11,-25.65,-65.61
-44,0,11.04,-22.336,-62.4
-44,0,11.08,-18.052,-58.22
-44,0,11.12,-18.426,-58.67
-44,0,11.16,-17.558,-57.85
-44,0,11.2,-21.6,-61.94
-44,0,11.24,-23.188,-63.58
-44,0,11.28,-24.286,-64.73
-44,0,11.32,-19.604,-60.12
-44,0,11.36,-17.892,-58.5
-44,0,11.4,-18.44,-59.14
-44,0,11.44,-22.172,-62.92
-44,0,11.48,-20.014,-60.81
-44,0,11.52,-16.51,-57.34
-44,0,11.56,-16.56,-57.41
-44,0,11.6,-15.85,-56.72
-44,0,11.64,-16.926,-57.88
-44,0,11.68,-14.912,-55.95
-44,0,11.72,-18.748,-59.84
-44,0,11.76,-21.554,-62.67
-44,0,11.8,-17.98,-59.12
-44,0,11.84,-16.066,-57.15
-44,0,11.88,-16.232,-57.26
-44,0,11.92,-15.154,-56.28
-44,0,11.96,-15.162,-56.54
-44,0,12,-15.78,-57.41
-43,0,8,-11.93,-46.55
-43,0,8.04,-13.298,-48.01
-43,0,8.08,-13.046,-47.85
-43,0,8.12,-12.802,-47.69
-43,0,8.16,-13.586,-48.55
-43,0,8.2,-15.89,-50.93
-43,0,8.24,-15.752,-50.86
-43,0,8.28,-13.994,-49.17
-43,0,8.32,-12.006,-47.25
-43,0,8.36,-12.128,-47.44
-43,0,8.4,-13.33,-48.71
-43,0,8.44,-14.872,-50.46
-43,0,8.48,-16.384,-52.18
-43,0,8.52,-17.814,-53.84
-43,0,8.56,-20.582,-56.86
-43,0,8.6,-18.81,-55.34
-43,0,8.64,-16.564,-53.41
-43,0,8.68,-12.408,-49.57
-43,0,8.72,-11.718,-49.02
-43,0,8.76,-11.074,-48.34
-43,0,8.8,-12.85,-50.08
-43,0,8.84,-11.874,-49.06
-43,0,8.88,-12.808,-49.95
-43,0,8.92,-14.714,-51.92
-43,0,8.96,-15.172,-52.55
-43,0,9,-14.55,-52.1
-43,0,9.04,-15.454,-53.24
-43,0,9.08,-14.828,-52.85
-43,0,9.12,-17.206,-55.49
-43,0,9.16,-18.268,-56.84
-43,0,9.2,-18.74,-57.6
-43,0,9.24,-19.24,-57.84
-43,0,9.28,-15.87,-54.21
-43,0,9.32,-14.548,-52.71
-43,0,9.36,-14.454,-52.52
-43,0,9.4,-15.61,-53.58
-43,0,9.44,-16.454,-54.56
-43,0,9.48,-15.018,-53.26
-43,0,9.52,-15.702,-54.08
-43,0,9.56,-15.686,-54.2
-43,0,9.6,-15.04,-53.69
-43,0,9.64,-14.5,-53.27
-43,0,9.68,-16.41,-55.3
-43,0,9.72,-15.268,-54.25
-43,0,9.76,-15.944,-54.99
-43,0,9.8,-16.55,-55.66
-43,0,9.84,-17.176,-56.29
-43,0,9.88,-19.902,-59.02
-43,0,9.92,-22.63,-61.74
-43,0,9.96,-20.6,-59.69
-43,0,10,-18.07,-57.14
-43,0,10.04,-17.164,-56.41
-43,0,10.08,-15.928,-55.35
-43,0,10.12,-16.966,-56.52
-43,0,10.16,-16.028,-55.67
-43,0,10.2,-14.21,-53.94
-43,0,10.24,-13.612,-53.31
-43,0,10.28,-14.614,-54.28
-43,0,10.32,-16.132,-55.76
-43,0,10.36,-16.806,-56.39
-43,0,10.4,-17.48,-57.02
-43,0,10.44,-22.524,-62.06
-43,0,10.48,-24.948,-64.48
-43,0,10.52,-22.032,-61.64
-43,0,10.56,-18.316,-58.08
-43,0,10.6,-17.88,-57.8
-43,0,10.64,-15.268,-55.28
-43,0,10.68,-14.686,-54.79
-43,0,10.72,-15.156,-55.33
-43,0,10.76,-16.178,-56.4
-43,0,10.8,-19.08,-59.35
-43,0,10.84,-26.9,-67.07
-43,0,10.88,-23.18,-63.25
-43,0,10.92,-20.832,-60.84
-43,0,10.96,-21.346,-61.33
-43,0,11,-34.93,-74.89
-43,0,11.04,-23.586,-63.65
-43,0,11.08,-19.992,-60.16
-43,0,11.12,-18.856,-59.1
-43,0,11.16,-18.198,-58.49
-43,0,11.2,-18.58,-58.92
-43,0,11.24,-19.448,-59.84
-43,0,11.28,-20.286,-60.73
-43,0,11.32,-19.234,-59.75
-43,0,11.36,-17.952,-58.56
-43,0,11.4,-17.13,-57.83
-43,0,11.44,-17.512,-58.26
-43,0,11.48,-17.724,-58.52
-43,0,11.52,-17.15,-57.98
-43,0,11.56,-15.94,-56.79
-43,0,11.6,-13.86,-54.73
-43,0,11.64,-14.826,-55.78
-43,0,11.68,-14.862,-55.9
-43,0,11.72,-16.338,-57.43
-43,0,11.76,-20.304,-61.42
-43,0,11.8,-19.41,-60.55
-43,0,11.84,-18.616,-59.7
-43,0,11.88,-16.492,-57.52
-43,0,11.92,-15.344,-56.47
-43,0,11.96,-14.062,-55.44
-43,0,12,-17.52,-59.15
-42,0,8,-11.03,-45.65
-42,0,8.04,-11.828,-46.54
-42,0,8.08,-11.986,-46.79
-42,0,8.12,-12.032,-46.92
-42,0,8.16,-12.546,-47.51
-42,0,8.2,-15.79,-50.83
-42,0,8.24,-15.072,-50.18
-42,0,8.28,-13.574,-48.75
-42,0,8.32,-11.556,-46.8
-42,0,8.36,-11.028,-46.34
-42,0,8.4,-12.4,-47.78
-42,0,8.44,-13.202,-48.79
-42,0,8.48,-14.704,-50.5
-42,0,8.52,-16.024,-52.05
-42,0,8.56,-17.462,-53.74
-42,0,8.6,-17.43,-53.96
-42,0,8.64,-17.344,-54.19
-42,0,8.68,-13.618,-50.78
-42,0,8.72,-12.368,-49.67
-42,0,8.76,-11.264,-48.53
-42,0,8.8,-11.96,-49.19
-42,0,8.84,-12.014,-49.2
-42,0,8.88,-13.548,-50.69
-42,0,8.92,-14.314,-51.52
-42,0,8.96,-14.312,-51.69
-42,0,9,-13.04,-50.59
-42,0,9.04,-14.194,-51.98
-42,0,9.08,-15.958,-53.98
-42,0,9.12,-17.026,-55.31
-42,0,9.16,-18.748,-57.32
-42,0,9.2,-18.59,-57.45
-42,0,9.24,-16.96,-55.56
-42,0,9.28,-15.38,-53.72
-42,0,9.32,-14.318,-52.48
-42,0,9.36,-14.834,-52.9
-42,0,9.4,-15.93,-53.9
-42,0,9.44,-15.664,-53.77
-42,0,9.48,-14.718,-52.96
-42,0,9.52,-13.552,-51.93
-42,0,9.56,-13.806,-52.32
-42,0,9.6,-14.54,-53.19
-42,0,9.64,-12.94,-51.71
-42,0,9.68,-13.85,-52.74
-42,0,9.72,-14.358,-53.34
-42,0,9.76,-15.594,-54.64
-42,0,9.8,-15,-54.11
-42,0,9.84,-17.086,-56.2
-42,0,9.88,-17.322,-56.44
-42,0,9.92,-20.66,-59.77
-42,0,9.96,-24.01,-63.1
-42,0,10,-23.09,-62.16
-42,0,10.04,-18.144,-57.39
-42,0,10.08,-16.068,-55.49
-42,0,10.12,-15.896,-55.45
-42,0,10.16,-16.088,-55.73
-42,0,10.2,-14.59,-54.32
-42,0,10.24,-14.192,-53.89
-42,0,10.28,-14.324,-53.99
-42,0,10.32,-15.652,-55.28
-42,0,10.36,-15.826,-55.41
-42,0,10.4,-15.59,-55.13
-42,0,10.44,-16.004,-55.54
-42,0,10.48,-19.148,-58.68
-42,0,10.52,-23.352,-62.96
-42,0,10.56,-22.086,-61.85
-42,0,10.6,-19.48,-59.4
-42,0,10.64,-18.318,-58.33
-42,0,10.68,-17.006,-57.11
-42,0,10.72,-15.786,-55.96
-42,0,10.76,-14.978,-55.2
-42,0,10.8,-18.29,-58.56
-42,0,10.84,-22.63,-62.8
-42,0,10.88,-20.77,-60.84
-42,0,10.92,-18.482,-58.49
-42,0,10.96,-21.046,-61.03
-42,0,11,-20.62,-60.58
-42,0,11.04,-23.136,-63.2
-42,0,11.08,-23.782,-63.95
-42,0,11.12,-19.646,-59.89
-42,0,11.16,-17.308,-57.6
-42,0,11.2,-17.25,-57.59
-42,0,11.24,-16.788,-57.18
-42,0,11.28,-16.596,-57.04
-42,0,11.32,-18.294,-58.81
-42,0,11.36,-19.772,-60.38
-42,0,11.4,-18.17,-58.87
-42,0,11.44,-16.712,-57.46
-42,0,11.48,-18.944,-59.74
-42,0,11.52,-17.35,-58.18
-42,0,11.56,-15.87,-56.72
-42,0,11.6,-15.55,-56.42
-42,0,11.64,-16.776,-57.73
-42,0,11.68,-15.352,-56.39
-42,0,11.72,-15.628,-56.72
-42,0,11.76,-19.424,-60.54
-42,0,11.8,-23.29,-64.43
-42,0,11.84,-19.636,-60.72
-42,0,11.88,-17.182,-58.21
-42,0,11.92,-16.084,-57.21
-42,0,11.96,-15.622,-57
-42,0,12,-16.52,-58.15
-41,0,8,-10.48,-45.1
-41,0,8.04,-10.788,-45.5
-41,0,8.08,-10.756,-45.56
-41,0,8.12,-11.102,-45.99
-41,0,8.16,-12.236,-47.2
-41,0,8.2,-13.77,-48.81
-41,0,8.24,-14.072,-49.18
-41,0,8.28,-13.154,-48.33
-41,0,8.32,-11.376,-46.62
-41,0,8.36,-11.348,-46.66
-41,0,8.4,-11,-46.38
-41,0,8.44,-12.712,-48.3
-41,0,8.48,-13.814,-49.61
-41,0,8.52,-14.774,-50.8
-41,0,8.56,-15.742,-52.02
-41,0,8.6,-15.4,-51.93
-41,0,8.64,-16.034,-52.88
-41,0,8.68,-13.648,-50.81
-41,0,8.72,-12.888,-50.19
-41,0,8.76,-11.784,-49.05
-41,0,8.8,-12.93,-50.16
-41,0,8.84,-12.734,-49.92
-41,0,8.88,-13.048,-50.19
-41,0,8.92,-15.074,-52.28
-41,0,8.96,-13.642,-51.02
-41,0,9,-12.61,-50.16
-41,0,9.04,-13.684,-51.47
-41,0,9.08,-13.618,-51.64
-41,0,9.12,-15.676,-53.96
-41,0,9.16,-18.478,-57.05
-41,0,9.2,-19.05,-57.91
-41,0,9.24,-17,-55.6
-41,0,9.28,-16.4,-54.74
-41,0,9.32,-14.428,-52.59
-41,0,9.36,-14.464,-52.53
-41,0,9.4,-15.49,-53.46
-41,0,9.44,-15.694,-53.8
-41,0,9.48,-14.288,-52.53
-41,0,9.52,-13.362,-51.74
-41,0,9.56,-12.436,-50.95
-41,0,9.6,-12.63,-51.28
-41,0,9.64,-13.88,-52.65
-41,0,9.68,-13.83,-52.72
-41,0,9.72,-13.648,-52.63
-41,0,9.76,-14.074,-53.12
-41,0,9.8,-14.71,-53.82
-41,0,9.84,-15.136,-54.25
-41,0,9.88,-16.332,-55.45
-41,0,9.92,-18.49,-57.6
-41,0,9.96,-23.23,-62.32
-41,0,10,-26.25,-65.32
-41,0,10.04,-20.054,-59.3
-41,0,10.08,-16.408,-55.83
-41,0,10.12,-15.466,-55.02
-41,0,10.16,-15.938,-55.58
-41,0,10.2,-13.8,-53.53
-41,0,10.24,-14.162,-53.86
-41,0,10.28,-14.104,-53.77
-41,0,10.32,-15.312,-54.94
-41,0,10.36,-15.936,-55.52
-41,0,10.4,-14.19,-53.73
-41,0,10.44,-14.154,-53.69
-41,0,10.48,-15.728,-55.26
-41,0,10.52,-17.982,-57.59
-41,0,10.56,-20.946,-60.71
-41,0,10.6,-24.49,-64.41
-41,0,10.64,-19.838,-59.85
-41,0,10.68,-19.406,-59.51
-41,0,10.72,-16.576,-56.75
-41,0,10.76,-14.658,-54.88
-41,0,10.8,-16.65,-56.92
-41,0,10.84,-18.14,-58.31
-41,0,10.88,-16.75,-56.82
-41,0,10.92,-17.122,-57.13
-41,0,10.96,-17.796,-57.78
-41,0,11,-18.17,-58.13
-41,0,11.04,-16.926,-56.99
-41,0,11.08,-21.462,-61.63
-41,0,11.12,-20.776,-61.02
-41,0,11.16,-18.388,-58.68
-41,0,11.2,-17.12,-57.46
-41,0,11.24,-16.838,-57.23
-41,0,11.28,-16.686,-57.13
-41,0,11.32,-18.124,-58.64
-41,0,11.36,-19.952,-60.56
-41,0,11.4,-19.41,-60.11
-41,0,11.44,-19.252,-60
-41,0,11.48,-17.034,-57.83
-41,0,11.52,-17.94,-58.77
-41,0,11.56,-17.72,-58.57
-41,0,11.6,-18.65,-59.52
-41,0,11.64,-19.716,-60.67
-41,0,11.68,-19.172,-60.21
-41,0,11.72,-17.108,-58.2
-41,0,11.76,-18.134,-59.25
-41,0,11.8,-21.32,-62.46
-41,0,11.84,-21.896,-62.98
-41,0,11.88,-18.772,-59.8
-41,0,11.92,-16.444,-57.57
-41,0,11.96,-15.982,-57.36
-41,0,12,-15.33,-56.96
-40,0,8,-10.61,-45.23
-40,0,8.04,-10.158,-44.87
-40,0,8.08,-9.846,-44.65
-40,0,8.12,-10.542,-45.43
-40,0,8.16,-10.906,-45.87
-40,0,8.2,-12.76,-47.8
-40,0,8.24,-13.002,-48.11
-40,0,8.28,-12.334,-47.51
-40,0,8.32,-11.756,-47
-40,0,8.36,-11.088,-46.4
-40,0,8.4,-11.08,-46.46
-40,0,8.44,-12.112,-47.7
-40,0,8.48,-12.834,-48.63
-40,0,8.52,-13.604,-49.63
-40,0,8.56,-14.042,-50.32
-40,0,8.6,-14.27,-50.8
-40,0,8.64,-14.224,-51.07
-40,0,8.68,-13.118,-50.28
-40,0,8.72,-12.398,-49.7
-40,0,8.76,-12.174,-49.44
-40,0,8.8,-13.78,-51.01
-40,0,8.84,-13.304,-50.49
-40,0,8.88,-15.698,-52.84
-40,0,8.92,-14.924,-52.13
-40,0,8.96,-13.782,-51.16
-40,0,9,-11.86,-49.41
-40,0,9.04,-11.704,-49.49
-40,0,9.08,-12.318,-50.34
-40,0,9.12,-14.326,-52.61
-40,0,9.16,-16.808,-55.38
-40,0,9.2,-17.74,-56.6
-40,0,9.24,-16.85,-55.45
-40,0,9.28,-16.34,-54.68
-40,0,9.32,-15.008,-53.17
-40,0,9.36,-13.864,-51.93
-40,0,9.4,-15.21,-53.18
-40,0,9.44,-14.944,-53.05
-40,0,9.48,-13.818,-52.06
-40,0,9.52,-13.182,-51.56
-40,0,9.56,-12.776,-51.29
-40,0,9.6,-12.83,-51.48
-40,0,9.64,-11.9,-50.67
-40,0,9.68,-12.91,-51.8
-40,0,9.72,-13.958,-52.94
-40,0,9.76,-14.674,-53.72
-40,0,9.8,-14.12,-53.23
-40,0,9.84,-14.396,-53.51
-40,0,9.88,-16.292,-55.41
-40,0,9.92,-16.93,-56.04
-40,0,9.96,-17.92,-57.01
-40,0,10,-22.72,-61.79
-40,0,10.04,-24.444,-63.69
-40,0,10.08,-20.378,-59.8
-40,0,10.12,-17.746,-57.3
-40,0,10.16,-16.978,-56.62
-40,0,10.2,-14.79,-54.52
-40,0,10.24,-15.382,-55.08
-40,0,10.28,-12.894,-52.56
-40,0,10.32,-15.502,-55.13
-40,0,10.36,-16.036,-55.62
-40,0,10.4,-15.95,-55.49
-40,0,10.44,-13.464,-53
-40,0,10.48,-13.598,-53.13
-40,0,10.52,-13.372,-52.98
-40,0,10.56,-14.136,-53.9
-40,0,10.6,-18.68,-58.6
-40,0,10.64,-21.408,-61.42
-40,0,10.68,-22.756,-62.86
-40,0,10.72,-20.456,-60.63
-40,0,10.76,-15.808,-56.03
-40,0,10.8,-14.5,-54.77
-40,0,10.84,-15.59,-55.76
-40,0,10.88,-15.44,-55.51
-40,0,10.92,-15.452,-55.46
-40,0,10.96,-15.896,-55.88
-40,0,11,-16.01,-55.97
-40,0,11.04,-16.246,-56.31
-40,0,11.08,-16.262,-56.43
-40,0,11.12,-16.106,-56.35
-40,0,11.16,-18.828,-59.12
-40,0,11.2,-18.95,-59.29
-40,0,11.24,-18.638,-59.03
-40,0,11.28,-17.746,-58.19
-40,0,11.32,-21.084,-61.6
-40,0,11.36,-20.132,-60.74
-40,0,11.4,-18.65,-59.35
-40,0,11.44,-19.052,-59.8
-40,0,11.48,-19.084,-59.88
-40,0,11.52,-19.82,-60.65
-40,0,11.56,-18.32,-59.17
-40,0,11.6,-20.51,-61.38
-40,0,11.64,-21.946,-62.9
-40,0,11.68,-20.172,-61.21
-40,0,11.72,-16.478,-57.57
-40,0,11.76,-15.564,-56.68
-40,0,11.8,-17.61,-58.75
-40,0,11.84,-18.516,-59.6
-40,0,11.88,-18.942,-59.97
-40,0,11.92,-17.914,-59.04
-40,0,11.96,-16.342,-57.72
-40,0,12,-16.1,-57.73
-39,0,8,-10.65,-45.27
-39,0,8.04,-9.80800000000001,-44.52
-39,0,8.08,-9.496,-44.3
-39,0,8.12,-9.492,-44.38
-39,0,8.16,-10.136,-45.1
-39,0,8.2,-11.43,-46.47
-39,0,8.24,-11.752,-46.86
-39,0,8.28,-11.524,-46.7
-39,0,8.32,-11.056,-46.3
-39,0,8.36,-10.848,-46.16
-39,0,8.4,-10.55,-45.93
-39,0,8.44,-11.312,-46.9
-39,0,8.48,-12.184,-47.98
-39,0,8.52,-12.984,-49.01
-39,0,8.56,-13.232,-49.51
-39,0,8.6,-12.11,-48.64
-39,0,8.64,-12.284,-49.13
-39,0,8.68,-11.828,-48.99
-39,0,8.72,-12.188,-49.49
-39,0,8.76,-12.444,-49.71
-39,0,8.8,-13.98,-51.21
-39,0,8.84,-13.734,-50.92
-39,0,8.88,-15.598,-52.74
-39,0,8.92,-14.954,-52.16
-39,0,8.96,-14.672,-52.05
-39,0,9,-12.19,-49.74
-39,0,9.04,-11.194,-48.98
-39,0,9.08,-10.648,-48.67
-39,0,9.12,-12.466,-50.75
-39,0,9.16,-13.838,-52.41
-39,0,9.2,-14.89,-53.75
-39,0,9.24,-15.04,-53.64
-39,0,9.28,-15.92,-54.26
-39,0,9.32,-14.938,-53.1
-39,0,9.36,-14.724,-52.79
-39,0,9.4,-14.51,-52.48
-39,0,9.44,-14.194,-52.3
-39,0,9.48,-13.308,-51.55
-39,0,9.52,-13.382,-51.76
-39,0,9.56,-12.936,-51.45
-39,0,9.6,-13.21,-51.86
-39,0,9.64,-13.03,-51.8
-39,0,9.68,-12.8,-51.69
-39,0,9.72,-13.698,-52.68
-39,0,9.76,-14.264,-53.31
-39,0,9.8,-13.15,-52.26
-39,0,9.84,-14.046,-53.16
-39,0,9.88,-15.602,-54.72
-39,0,9.92,-15.94,-55.05
-39,0,9.96,-16.95,-56.04
-39,0,10,-17.68,-56.75
-39,0,10.04,-19.434,-58.68
-39,0,10.08,-22.408,-61.83
-39,0,10.12,-21.466,-61.02
-39,0,10.16,-17.258,-56.9
-39,0,10.2,-16.88,-56.61
-39,0,10.24,-14.892,-54.59
-39,0,10.28,-13.994,-53.66
-39,0,10.32,-14.552,-54.18
-39,0,10.36,-16.086,-55.67
-39,0,10.4,-15.17,-54.71
-39,0,10.44,-14.454,-53.99
-39,0,10.48,-13.048,-52.58
-39,0,10.52,-12.632,-52.24
-39,0,10.56,-12.576,-52.34
-39,0,10.6,-13.86,-53.78
-39,0,10.64,-15.778,-55.79
-39,0,10.68,-20.966,-61.07
-39,0,10.72,-25.936,-66.11
-39,0,10.76,-21.308,-61.53
-39,0,10.8,-16.58,-56.85
-39,0,10.84,-15.65,-55.82
-39,0,10.88,-15.62,-55.69
-39,0,10.92,-14.562,-54.57
-39,0,10.96,-14.406,-54.39
-39,0,11,-16.03,-55.99
-39,0,11.04,-15.486,-55.55
-39,0,11.08,-16.602,-56.77
-39,0,11.12,-16.166,-56.41
-39,0,11.16,-16.428,-56.72
-39,0,11.2,-16.73,-57.07
-39,0,11.24,-17.838,-58.23
-39,0,11.28,-19.186,-59.63
-39,0,11.32,-24.864,-65.38
-39,0,11.36,-25.752,-66.36
-39,0,11.4,-22.94,-63.64
-39,0,11.44,-17.122,-57.87
-39,0,11.48,-17.774,-58.57
-39,0,11.52,-19.3,-60.13
-39,0,11.56,-23.46,-64.31
-39,0,11.6,-18.05,-58.92
-39,0,11.64,-22.266,-63.22
-39,0,11.68,-17.842,-58.88
-39,0,11.72,-15.778,-56.87
-39,0,11.76,-14.104,-55.22
-39,0,11.8,-15.61,-56.75
-39,0,11.84,-16.486,-57.57
-39,0,11.88,-16.972,-58
-39,0,11.92,-15.704,-56.83
-39,0,11.96,-16.682,-58.06
-39,0,12,-18.67,-60.3
-38,0,8,-10.42,-45.04
-38,0,8.04,-9.498,-44.21
-38,0,8.08,-8.766,-43.57
-38,0,8.12,-8.55199999999999,-43.44
-38,0,8.16,-9.056,-44.02
-38,0,8.2,-10.78,-45.82
-38,0,8.24,-10.662,-45.77
-38,0,8.28,-10.764,-45.94
-38,0,8.32,-10.916,-46.16
-38,0,8.36,-10.578,-45.89
-38,0,8.4,-10.38,-45.76
-38,0,8.44,-10.512,-46.1
-38,0,8.48,-11.414,-47.21
-38,0,8.52,-11.874,-47.9
-38,0,8.56,-12.092,-48.37
-38,0,8.6,-11.2,-47.73
-38,0,8.64,-11.164,-48.01
-38,0,8.68,-10.868,-48.03
-38,0,8.72,-11.278,-48.58
-38,0,8.76,-12.034,-49.3
-38,0,8.8,-13.38,-50.61
-38,0,8.84,-12.674,-49.86
-38,0,8.88,-14.418,-51.56
-38,0,8.92,-15.274,-52.48
-38,0,8.96,-14.242,-51.62
-38,0,9,-12.03,-49.58
-38,0,9.04,-11.374,-49.16
-38,0,9.08,-9.51799999999999,-47.54
-38,0,9.12,-10.706,-48.99
-38,0,9.16,-11.178,-49.75
-38,0,9.2,-13.56,-52.42
-38,0,9.24,-13.54,-52.14
-38,0,9.28,-14.59,-52.93
-38,0,9.32,-15.208,-53.37
-38,0,9.36,-14.714,-52.78
-38,0,9.4,-13.92,-51.89
-38,0,9.44,-13.524,-51.63
-38,0,9.48,-13.578,-51.82
-38,0,9.52,-14.152,-52.53
-38,0,9.56,-13.556,-52.07
-38,0,9.6,-14.2,-52.85
-38,0,9.64,-13.92,-52.69
-38,0,9.68,-12.87,-51.76
-38,0,9.72,-12.268,-51.25
-38,0,9.76,-13.094,-52.14
-38,0,9.8,-13,-52.11
-38,0,9.84,-14.126,-53.24
-38,0,9.88,-15.142,-54.26
-38,0,9.92,-16.48,-55.59
-38,0,9.96,-16.37,-55.46
-38,0,10,-16.27,-55.34
-38,0,10.04,-17.244,-56.49
-38,0,10.08,-17.758,-57.18
-38,0,10.12,-18.996,-58.55
-38,0,10.16,-19.138,-58.78
-38,0,10.2,-16.23,-55.96
-38,0,10.24,-17.462,-57.16
-38,0,10.28,-16.114,-55.78
-38,0,10.32,-16.212,-55.84
-38,0,10.36,-14.906,-54.49
-38,0,10.4,-14.19,-53.73
-38,0,10.44,-13.344,-52.88
-38,0,10.48,-11.928,-51.46
-38,0,10.52,-11.132,-50.74
-38,0,10.56,-11.846,-51.61
-38,0,10.6,-11.69,-51.61
-38,0,10.64,-13.768,-53.78
-38,0,10.68,-16.946,-57.05
-38,0,10.72,-18.296,-58.47
-38,0,10.76,-24.318,-64.54
-38,0,10.8,-20.99,-61.26
-38,0,10.84,-17.69,-57.86
-38,0,10.88,-16.91,-56.98
-38,0,10.92,-15.122,-55.13
-38,0,10.96,-14.176,-54.16
-38,0,11,-14.88,-54.84
-38,0,11.04,-15.546,-55.61
-38,0,11.08,-14.632,-54.8
-38,0,11.12,-14.646,-54.89
-38,0,11.16,-15.298,-55.59
-38,0,11.2,-16.76,-57.1
-38,0,11.24,-16.528,-56.92
-38,0,11.28,-18.586,-59.03
-38,0,11.32,-25.214,-65.73
-38,0,11.36,-34.042,-74.65
-38,0,11.4,-21.32,-62.02
-38,0,11.44,-18.842,-59.59
-38,0,11.48,-18.414,-59.21
-38,0,11.52,-20.01,-60.84
-38,0,11.56,-21.01,-61.86
-38,0,11.6,-17.6,-58.47
-38,0,11.64,-17.106,-58.06
-38,0,11.68,-17.252,-58.29
-38,0,11.72,-15.268,-56.36
-38,0,11.76,-14.254,-55.37
-38,0,11.8,-14.51,-55.65
-38,0,11.84,-17.176,-58.26
-38,0,11.88,-16.722,-57.75
-38,0,11.92,-17.874,-59
-38,0,11.96,-16.362,-57.74
-38,0,12,-16.54,-58.17
-37,0,8,-10.22,-44.84
-37,0,8.04,-9.268,-43.98
-37,0,8.08,-8.436,-43.24
-37,0,8.12,-7.76199999999999,-42.65
-37,0,8.16,-8.066,-43.03
-37,0,8.2,-9.61,-44.65
-37,0,8.24,-9.942,-45.05
-37,0,8.28,-9.894,-45.07
-37,0,8.32,-10.216,-45.46
-37,0,8.36,-9.898,-45.21
-37,0,8.4,-9.69,-45.07
-37,0,8.44,-9.652,-45.24
-37,0,8.48,-10.704,-46.5
-37,0,8.52,-11.714,-47.74
-37,0,8.56,-11.542,-47.82
-37,0,8.6,-10.34,-46.87
-37,0,8.64,-10.284,-47.13
-37,0,8.68,-10.048,-47.21
-37,0,8.72,-10.678,-47.98
-37,0,8.76,-11.184,-48.45
-37,0,8.8,-12.49,-49.72
-37,0,8.84,-11.974,-49.16
-37,0,8.88,-13.218,-50.36
-37,0,8.92,-14.934,-52.14
-37,0,8.96,-15.472,-52.85
-37,0,9,-12.48,-50.03
-37,0,9.04,-11.474,-49.26
-37,0,9.08,-9.648,-47.67
-37,0,9.12,-9.796,-48.08
-37,0,9.16,-10.078,-48.65
-37,0,9.2,-11.44,-50.3
-37,0,9.24,-11.59,-50.19
-37,0,9.28,-13.06,-51.4
-37,0,9.32,-15.088,-53.25
-37,0,9.36,-14.134,-52.2
-37,0,9.4,-14.54,-52.51
-37,0,9.44,-13.674,-51.78
-37,0,9.48,-12.798,-51.04
-37,0,9.52,-13.692,-52.07
-37,0,9.56,-14.206,-52.72
-37,0,9.6,-15.62,-54.27
-37,0,9.64,-14.65,-53.42
-37,0,9.68,-14.39,-53.28
-37,0,9.72,-13.128,-52.11
-37,0,9.76,-12.734,-51.78
-37,0,9.8,-12.54,-51.65
-37,0,9.84,-13.466,-52.58
-37,0,9.88,-14.142,-53.26
-37,0,9.92,-14.61,-53.72
-37,0,9.96,-16.16,-55.25
-37,0,10,-16.3,-55.37
-37,0,10.04,-15.504,-54.75
-37,0,10.08,-14.568,-53.99
-37,0,10.12,-16.436,-55.99
-37,0,10.16,-18.608,-58.25
-37,0,10.2,-18.75,-58.48
-37,0,10.24,-19.082,-58.78
-37,0,10.28,-18.684,-58.35
-37,0,10.32,-17.092,-56.72
-37,0,10.36,-14.486,-54.07
-37,0,10.4,-14.45,-53.99
-37,0,10.44,-12.654,-52.19
-37,0,10.48,-12.888,-52.42
-37,0,10.52,-12.192,-51.8
-37,0,10.56,-11.646,-51.41
-37,0,10.6,-12.19,-52.11
-37,0,10.64,-12.858,-52.87
-37,0,10.68,-14.456,-54.56
-37,0,10.72,-15.686,-55.86
-37,0,10.76,-17.638,-57.86
-37,0,10.8,-24.19,-64.46
-37,0,10.84,-26.67,-66.84
-37,0,10.88,-21.79,-61.86
-37,0,10.92,-17.542,-57.55
-37,0,10.96,-14.666,-54.65
-37,0,11,-13.73,-53.69
-37,0,11.04,-14.516,-54.58
-37,0,11.08,-14.882,-55.05
-37,0,11.12,-15.616,-55.86
-37,0,11.16,-14.348,-54.64
-37,0,11.2,-16.71,-57.05
-37,0,11.24,-15.368,-55.76
-37,0,11.28,-18.186,-58.63
-37,0,11.32,-21.964,-62.48
-37,0,11.36,-23.322,-63.93
-37,0,11.4,-22.66,-63.36
-37,0,11.44,-19.612,-60.36
-37,0,11.48,-19.114,-59.91
-37,0,11.52,-19.28,-60.11
-37,0,11.56,-19.39,-60.24
-37,0,11.6,-18.55,-59.42
-37,0,11.64,-18.416,-59.37
-37,0,11.68,-15.712,-56.75
-37,0,11.72,-15.468,-56.56
-37,0,11.76,-15.634,-56.75
-37,0,11.8,-16.37,-57.51
-37,0,11.84,-18.746,-59.83
-37,0,11.88,-21.612,-62.64
-37,0,11.92,-20.774,-61.9
-37,0,11.96,-19.562,-60.94
-37,0,12,-19.33,-60.96
-36,0,8,-8.93,-43.55
-36,0,8.04,-8.898,-43.61
-36,0,8.08,-8.026,-42.83
-36,0,8.12,-7.322,-42.21
-36,0,8.16,-7.216,-42.18
-36,0,8.2,-8.75,-43.79
-36,0,8.24,-8.992,-44.1
-36,0,8.28,-9.114,-44.29
-36,0,8.32,-8.846,-44.09
-36,0,8.36,-8.838,-44.15
-36,0,8.4,-8.84999999999999,-44.23
-36,0,8.44,-8.842,-44.43
-36,0,8.48,-9.884,-45.68
-36,0,8.52,-10.534,-46.56
-36,0,8.56,-11.182,-47.46
-36,0,8.6,-9.89,-46.42
-36,0,8.64,-9.60399999999999,-46.45
-36,0,8.68,-9.638,-46.8
-36,0,8.72,-9.738,-47.04
-36,0,8.76,-9.954,-47.22
-36,0,8.8,-11.5,-48.73
-36,0,8.84,-10.764,-47.95
-36,0,8.88,-11.238,-48.38
-36,0,8.92,-13.494,-50.7
-36,0,8.96,-14.572,-51.95
-36,0,9,-12.6,-50.15
-36,0,9.04,-12.174,-49.96
-36,0,9.08,-10.378,-48.4
-36,0,9.12,-10.296,-48.58
-36,0,9.16,-9.818,-48.39
-36,0,9.2,-10.49,-49.35
-36,0,9.24,-10.26,-48.86
-36,0,9.28,-11.6,-49.94
-36,0,9.32,-13.708,-51.87
-36,0,9.36,-14.104,-52.17
-36,0,9.4,-14.95,-52.92
-36,0,9.44,-13.414,-51.52
-36,0,9.48,-12.598,-50.84
-36,0,9.52,-11.832,-50.21
-36,0,9.56,-12.966,-51.48
-36,0,9.6,-15.77,-54.42
-36,0,9.64,-15.87,-54.64
-36,0,9.68,-16.18,-55.07
-36,0,9.72,-13.328,-52.31
-36,0,9.76,-13.284,-52.33
-36,0,9.8,-13.61,-52.72
-36,0,9.84,-13.756,-52.87
-36,0,9.88,-13.502,-52.62
-36,0,9.92,-14.42,-53.53
-36,0,9.96,-14.64,-53.73
-36,0,10,-16.93,-56
-36,0,10.04,-14.564,-53.81
-36,0,10.08,-13.218,-52.64
-36,0,10.12,-13.466,-53.02
-36,0,10.16,-14.898,-54.54
-36,0,10.2,-16.71,-56.44
-36,0,10.24,-18.672,-58.37
-36,0,10.28,-19.804,-59.47
-36,0,10.32,-21.912,-61.54
-36,0,10.36,-18.056,-57.64
-36,0,10.4,-15.75,-55.29
-36,0,10.44,-13.584,-53.12
-36,0,10.48,-14.138,-53.67
-36,0,10.52,-13.022,-52.63
-36,0,10.56,-12.276,-52.04
-36,0,10.6,-11.53,-51.45
-36,0,10.64,-11.358,-51.37
-36,0,10.68,-12.356,-52.46
-36,0,10.72,-14.206,-54.38
-36,0,10.76,-16.038,-56.26
-36,0,10.8,-17.48,-57.75
-36,0,10.84,-23.25,-63.42
-36,0,10.88,-26.15,-66.22
-36,0,10.92,-19.032,-59.04
-36,0,10.96,-16.536,-56.52
-36,0,11,-15.05,-55.01
-36,0,11.04,-14.826,-54.89
-36,0,11.08,-14.922,-55.09
-36,0,11.12,-14.546,-54.79
-36,0,11.16,-15.168,-55.46
-36,0,11.2,-14.46,-54.8
-36,0,11.24,-16.088,-56.48
-36,0,11.28,-16.726,-57.17
-36,0,11.32,-18.494,-59.01
-36,0,11.36,-20.902,-61.51
-36,0,11.4,-23.94,-64.64
-36,0,11.44,-21.582,-62.33
-36,0,11.48,-17.304,-58.1
-36,0,11.52,-19.64,-60.47
-36,0,11.56,-19.98,-60.83
-36,0,11.6,-19.01,-59.88
-36,0,11.64,-19.436,-60.39
-36,0,11.68,-17.262,-58.3
-36,0,11.72,-16.708,-57.8
-36,0,11.76,-16.924,-58.04
-36,0,11.8,-18.14,-59.28
-36,0,11.84,-21.286,-62.37
-36,0,11.88,-24.602,-65.63
-36,0,11.92,-22.264,-63.39
-36,0,11.96,-24.622,-66
-36,0,12,-22.57,-64.2
-35,0,8,-7.08000000000001,-41.7
-35,0,8.04,-7.88800000000001,-42.6
-35,0,8.08,-7.806,-42.61
-35,0,8.12,-7.29199999999999,-42.18
-35,0,8.16,-6.666,-41.63
-35,0,8.2,-8.22,-43.26
-35,0,8.24,-8.032,-43.14
-35,0,8.28,-8.034,-43.21
-35,0,8.32,-7.876,-43.12
-35,0,8.36,-7.828,-43.14
-35,0,8.4,-8.09999999999999,-43.48
-35,0,8.44,-8.552,-44.14
-35,0,8.48,-9.254,-45.05
-35,0,8.52,-10.064,-46.09
-35,0,8.56,-10.482,-46.76
-35,0,8.6,-9.84,-46.37
-35,0,8.64,-8.97399999999999,-45.82
-35,0,8.68,-8.738,-45.9
-35,0,8.72,-9.528,-46.83
-35,0,8.76,-8.714,-45.98
-35,0,8.8,-10.15,-47.38
-35,0,8.84,-9.17400000000001,-46.36
-35,0,8.88,-10.078,-47.22
-35,0,8.92,-11.274,-48.48
-35,0,8.96,-13.782,-51.16
-35,0,9,-13.3,-50.85
-35,0,9.04,-13.124,-50.91
-35,0,9.08,-11.098,-49.12
-35,0,9.12,-10.506,-48.79
-35,0,9.16,-9.72799999999999,-48.3
-35,0,9.2,-9.72,-48.58
-35,0,9.24,-9.88,-48.48
-35,0,9.28,-10.59,-48.93
-35,0,9.32,-13.138,-51.3
-35,0,9.36,-14.444,-52.51
-35,0,9.4,-14.98,-52.95
-35,0,9.44,-13.894,-52
-35,0,9.48,-12.278,-50.52
-35,0,9.52,-11.932,-50.31
-35,0,9.56,-12.356,-50.87
-35,0,9.6,-13.57,-52.22
-35,0,9.64,-14.85,-53.62
-35,0,9.68,-15.6,-54.49
-35,0,9.72,-14.538,-53.52
-35,0,9.76,-14.314,-53.36
-35,0,9.8,-14.82,-53.93
-35,0,9.84,-15.396,-54.51
-35,0,9.88,-14.432,-53.55
-35,0,9.92,-13.37,-52.48
-35,0,9.96,-13.45,-52.54
-35,0,10,-13.96,-53.03
-35,0,10.04,-14.114,-53.36
-35,0,10.08,-12.238,-51.66
-35,0,10.12,-13.956,-53.51
-35,0,10.16,-14.738,-54.38
-35,0,10.2,-15.6,-55.33
-35,0,10.24,-14.812,-54.51
-35,0,10.28,-18.584,-58.25
-35,0,10.32,-22.032,-61.66
-35,0,10.36,-21.476,-61.06
-35,0,10.4,-20.82,-60.36
-35,0,10.44,-15.704,-55.24
-35,0,10.48,-15.568,-55.1
-35,0,10.52,-14.112,-53.72
-35,0,10.56,-12.926,-52.69
-35,0,10.6,-12.33,-52.25
-35,0,10.64,-11.018,-51.03
-35,0,10.68,-11.636,-51.74
-35,0,10.72,-12.146,-52.32
-35,0,10.76,-13.948,-54.17
-35,0,10.8,-16.31,-56.58
-35,0,10.84,-21.43,-61.6
-35,0,10.88,-22.97,-63.04
-35,0,10.92,-19.652,-59.66
-35,0,10.96,-17.416,-57.4
-35,0,11,-16.65,-56.61
-35,0,11.04,-16.126,-56.19
-35,0,11.08,-15.362,-55.53
-35,0,11.12,-15.636,-55.88
-35,0,11.16,-14.778,-55.07
-35,0,11.2,-13.92,-54.26
-35,0,11.24,-13.848,-54.24
-35,0,11.28,-15.336,-55.78
-35,0,11.32,-15.724,-56.24
-35,0,11.36,-16.242,-56.85
-35,0,11.4,-20.02,-60.72
-35,0,11.44,-18.612,-59.36
-35,0,11.48,-16.784,-57.58
-35,0,11.52,-16.75,-57.58
-35,0,11.56,-18.54,-59.39
-35,0,11.6,-20.76,-61.63
-35,0,11.64,-23.246,-64.2
-35,0,11.68,-22.212,-63.25
-35,0,11.72,-22.948,-64.04
-35,0,11.76,-18.634,-59.75
-35,0,11.8,-19.32,-60.46
-35,0,11.84,-20.186,-61.27
-35,0,11.88,-21.142,-62.17
-35,0,11.92,-19.374,-60.5
-35,0,11.96,-23.622,-65
-35,0,12,-23.23,-64.86
-34,0,8,-5.01000000000001,-39.63
-34,0,8.04,-6.508,-41.22
-34,0,8.08,-7.006,-41.81
-34,0,8.12,-7.12199999999999,-42.01
-34,0,8.16,-6.526,-41.49
-34,0,8.2,-7.46,-42.5
-34,0,8.24,-7.02200000000001,-42.13
-34,0,8.28,-7.30399999999999,-42.48
-34,0,8.32,-6.796,-42.04
-34,0,8.36,-7.078,-42.39
-34,0,8.4,-7.47,-42.85
-34,0,8.44,-8.132,-43.72
-34,0,8.48,-8.254,-44.05
-34,0,8.52,-8.834,-44.86
-34,0,8.56,-9.73199999999999,-46.01
-34,0,8.6,-9.46,-45.99
-34,0,8.64,-9.28399999999999,-46.13
-34,0,8.68,-8.328,-45.49
-34,0,8.72,-8.958,-46.26
-34,0,8.76,-8.394,-45.66
-34,0,8.8,-9.55,-46.78
-34,0,8.84,-8.85400000000001,-46.04
-34,0,8.88,-9.158,-46.3
-34,0,8.92,-10.934,-48.14
-34,0,8.96,-12.022,-49.4
-34,0,9,-13.03,-50.58
-34,0,9.04,-14.014,-51.8
-34,0,9.08,-11.848,-49.87
-34,0,9.12,-11.896,-50.18
-34,0,9.16,-10.138,-48.71
-34,0,9.2,-10,-48.86
-34,0,9.24,-9.8,-48.4
-34,0,9.28,-11.05,-49.39
-34,0,9.32,-12.108,-50.27
-34,0,9.36,-13.414,-51.48
-34,0,9.4,-14.61,-52.58
-34,0,9.44,-13.314,-51.42
-34,0,9.48,-12.028,-50.27
-34,0,9.52,-11.862,-50.24
-34,0,9.56,-11.916,-50.43
-34,0,9.6,-12.94,-51.59
-34,0,9.64,-13.47,-52.24
-34,0,9.68,-14.7,-53.59
-34,0,9.72,-14.868,-53.85
-34,0,9.76,-15.364,-54.41
-34,0,9.8,-15.17,-54.28
-34,0,9.84,-16.996,-56.11
-34,0,9.88,-16.642,-55.76
-34,0,9.92,-14.15,-53.26
-34,0,9.96,-13.38,-52.47
-34,0,10,-12.08,-51.15
-34,0,10.04,-12.824,-52.07
-34,0,10.08,-12.298,-51.72
-34,0,10.12,-13.486,-53.04
-34,0,10.16,-15.068,-54.71
-34,0,10.2,-16.97,-56.7
-34,0,10.24,-15.652,-55.35
-34,0,10.28,-15.374,-55.04
-34,0,10.32,-17.382,-57.01
-34,0,10.36,-22.186,-61.77
-34,0,10.4,-25.39,-64.93
-34,0,10.44,-19.384,-58.92
-34,0,10.48,-17.608,-57.14
-34,0,10.52,-17.662,-57.27
-34,0,10.56,-14.216,-53.98
-34,0,10.6,-12.04,-51.96
-34,0,10.64,-11.518,-51.53
-34,0,10.68,-11.316,-51.42
-34,0,10.72,-11.036,-51.21
-34,0,10.76,-12.998,-53.22
-34,0,10.8,-14.27,-54.54
-34,0,10.84,-17.73,-57.9
-34,0,10.88,-20.02,-60.09
-34,0,10.92,-19.062,-59.07
-34,0,10.96,-16.576,-56.56
-34,0,11,-17.11,-57.07
-34,0,11.04,-19.906,-59.97
-34,0,11.08,-19.742,-59.91
-34,0,11.12,-17.656,-57.9
-34,0,11.16,-15.588,-55.88
-34,0,11.2,-14.07,-54.41
-34,0,11.24,-13.138,-53.53
-34,0,11.28,-14.416,-54.86
-34,0,11.32,-14.154,-54.67
-34,0,11.36,-16.182,-56.79
-34,0,11.4,-19.01,-59.71
-34,0,11.44,-18.952,-59.7
-34,0,11.48,-17.824,-58.62
-34,0,11.52,-17.46,-58.29
-34,0,11.56,-21.07,-61.92
-34,0,11.6,-22.33,-63.2
-34,0,11.64,-24.556,-65.51
-34,0,11.68,-22.042,-63.08
-34,0,11.72,-21.208,-62.3
-34,0,11.76,-20.864,-61.98
-34,0,11.8,-17.87,-59.01
-34,0,11.84,-18.296,-59.38
-34,0,11.88,-19.042,-60.07
-34,0,11.92,-16.784,-57.91
-34,0,11.96,-16.342,-57.72
-34,0,12,-20.27,-61.9
-33,0,8,-3.35,-37.97
-33,0,8.04,-4.618,-39.33
-33,0,8.08,-5.656,-40.46
-33,0,8.12,-6.892,-41.78
-33,0,8.16,-6.506,-41.47
-33,0,8.2,-7.1,-42.14
-33,0,8.24,-6.63200000000001,-41.74
-33,0,8.28,-6.644,-41.82
-33,0,8.32,-6.326,-41.57
-33,0,8.36,-6.728,-42.04
-33,0,8.4,-7.4,-42.78
-33,0,8.44,-7.482,-43.07
-33,0,8.48,-7.634,-43.43
-33,0,8.52,-8.054,-44.08
-33,0,8.56,-8.782,-45.06
-33,0,8.6,-9.04,-45.57
-33,0,8.64,-8.90399999999999,-45.75
-33,0,8.68,-7.928,-45.09
-33,0,8.72,-8.738,-46.04
-33,0,8.76,-7.984,-45.25
-33,0,8.8,-8.73,-45.96
-33,0,8.84,-7.934,-45.12
-33,0,8.88,-8.978,-46.12
-33,0,8.92,-9.994,-47.2
-33,0,8.96,-11.782,-49.16
-33,0,9,-11.9,-49.45
-33,0,9.04,-13.964,-51.75
-33,0,9.08,-12.088,-50.11
-33,0,9.12,-12.206,-50.49
-33,0,9.16,-10.698,-49.27
-33,0,9.2,-10.25,-49.11
-33,0,9.24,-9.57000000000001,-48.17
-33,0,9.28,-10.82,-49.16
-33,0,9.32,-11.428,-49.59
-33,0,9.36,-12.414,-50.48
-33,0,9.4,-13.03,-51
-33,0,9.44,-11.664,-49.77
-33,0,9.48,-10.858,-49.1
-33,0,9.52,-10.952,-49.33
-33,0,9.56,-11.376,-49.89
-33,0,9.6,-12.63,-51.28
-33,0,9.64,-12.74,-51.51
-33,0,9.68,-14.04,-52.93
-33,0,9.72,-14.128,-53.11
-33,0,9.76,-15.404,-54.45
-33,0,9.8,-16.28,-55.39
-33,0,9.84,-17.906,-57.02
-33,0,9.88,-19.162,-58.28
-33,0,9.92,-17.46,-56.57
-33,0,9.96,-14.58,-53.67
-33,0,10,-11.77,-50.84
-33,0,10.04,-12.794,-52.04
-33,0,10.08,-12.098,-51.52
-33,0,10.12,-13.166,-52.72
-33,0,10.16,-14.088,-53.73
-33,0,10.2,-14.74,-54.47
-33,0,10.24,-15.572,-55.27
-33,0,10.28,-14.964,-54.63
-33,0,10.32,-15.872,-55.5
-33,0,10.36,-16.906,-56.49
-33,0,10.4,-19.1,-58.64
-33,0,10.44,-21.274,-60.81
-33,0,10.48,-22.628,-62.16
-33,0,10.52,-21.672,-61.28
-33,0,10.56,-16.436,-56.2
-33,0,10.6,-13.6,-53.52
-33,0,10.64,-12.118,-52.13
-33,0,10.68,-10.976,-51.08
-33,0,10.72,-10.946,-51.12
-33,0,10.76,-11.108,-51.33
-33,0,10.8,-12.83,-53.1
-33,0,10.84,-15.39,-55.56
-33,0,10.88,-16.1,-56.17
-33,0,10.92,-16.662,-56.67
-33,0,10.96,-15.986,-55.97
-33,0,11,-16.39,-56.35
-33,0,11.04,-17.176,-57.24
-33,0,11.08,-20.572,-60.74
-33,0,11.12,-19.696,-59.94
-33,0,11.16,-16.568,-56.86
-33,0,11.2,-15.57,-55.91
-33,0,11.24,-14.818,-55.21
-33,0,11.28,-14.506,-54.95
-33,0,11.32,-13.624,-54.14
-33,0,11.36,-15.572,-56.18
-33,0,11.4,-18.77,-59.47
-33,0,11.44,-18.212,-58.96
-33,0,11.48,-18.434,-59.23
-33,0,11.52,-16.47,-57.3
-33,0,11.56,-18.84,-59.69
-33,0,11.6,-23.06,-63.93
-33,0,11.64,-21.726,-62.68
-33,0,11.68,-20.802,-61.84
-33,0,11.72,-19.048,-60.14
-33,0,11.76,-18.884,-60
-33,0,11.8,-16.15,-57.29
-33,0,11.84,-15.896,-56.98
-33,0,11.88,-17.022,-58.05
-33,0,11.92,-17.054,-58.18
-33,0,11.96,-17.012,-58.39
-33,0,12,-19.29,-60.92
-32,0,8,-1.58000000000001,-36.2
-32,0,8.04,-2.998,-37.71
-32,0,8.08,-4.006,-38.81
-32,0,8.12,-5.202,-40.09
-32,0,8.16,-5.886,-40.85
-32,0,8.2,-6.76,-41.8
-32,0,8.24,-5.95200000000001,-41.06
-32,0,8.28,-6.374,-41.55
-32,0,8.32,-6.006,-41.25
-32,0,8.36,-6.63800000000001,-41.95
-32,0,8.4,-7.27999999999999,-42.66
-32,0,8.44,-7.302,-42.89
-32,0,8.48,-7.304,-43.1
-32,0,8.52,-7.514,-43.54
-32,0,8.56,-7.51199999999999,-43.79
-32,0,8.6,-8.67,-45.2
-32,0,8.64,-8.60399999999999,-45.45
-32,0,8.68,-7.718,-44.88
-32,0,8.72,-8.298,-45.6
-32,0,8.76,-7.884,-45.15
-32,0,8.8,-8.6,-45.83
-32,0,8.84,-7.83400000000001,-45.02
-32,0,8.88,-8.398,-45.54
-32,0,8.92,-9.854,-47.06
-32,0,8.96,-11.342,-48.72
-32,0,9,-11.11,-48.66
-32,0,9.04,-12.284,-50.07
-32,0,9.08,-10.978,-49
-32,0,9.12,-10.986,-49.27
-32,0,9.16,-10.798,-49.37
-32,0,9.2,-9.94,-48.8
-32,0,9.24,-9.90000000000001,-48.5
-32,0,9.28,-10.92,-49.26
-32,0,9.32,-11.608,-49.77
-32,0,9.36,-12.164,-50.23
-32,0,9.4,-12.36,-50.33
-32,0,9.44,-11.404,-49.51
-32,0,9.48,-10.458,-48.7
-32,0,9.52,-10.212,-48.59
-32,0,9.56,-10.816,-49.33
-32,0,9.6,-12.38,-51.03
-32,0,9.64,-13.04,-51.81
-32,0,9.68,-13.79,-52.68
-32,0,9.72,-13.788,-52.77
-32,0,9.76,-15.974,-55.02
-32,0,9.8,-15.79,-54.9
-32,0,9.84,-16.126,-55.24
-32,0,9.88,-18.782,-57.9
-32,0,9.92,-17.55,-56.66
-32,0,9.96,-15.21,-54.3
-32,0,10,-13.89,-52.96
-32,0,10.04,-13.114,-52.36
-32,0,10.08,-13.158,-52.58
-32,0,10.12,-14.026,-53.58
-32,0,10.16,-13.228,-52.87
-32,0,10.2,-12.88,-52.61
-32,0,10.24,-15.182,-54.88
-32,0,10.28,-15.164,-54.83
-32,0,10.32,-16.232,-55.86
-32,0,10.36,-15.236,-54.82
-32,0,10.4,-15.02,-54.56
-32,0,10.44,-17.374,-56.91
-32,0,10.48,-19.338,-58.87
-32,0,10.52,-25.392,-65
-32,0,10.56,-23.246,-63.01
-32,0,10.6,-17.13,-57.05
-32,0,10.64,-14.068,-54.08
-32,0,10.68,-13.036,-53.14
-32,0,10.72,-11.416,-51.59
-32,0,10.76,-10.188,-50.41
-32,0,10.8,-11.25,-51.52
-32,0,10.84,-12.82,-52.99
-32,0,10.88,-15.68,-55.75
-32,0,10.92,-14.832,-54.84
-32,0,10.96,-14.986,-54.97
-32,0,11,-15.07,-55.03
-32,0,11.04,-16.086,-56.15
-32,0,11.08,-21.182,-61.35
-32,0,11.12,-20.126,-60.37
-32,0,11.16,-19.148,-59.44
-32,0,11.2,-17.78,-58.12
-32,0,11.24,-16.378,-56.77
-32,0,11.28,-16.026,-56.47
-32,0,11.32,-16.094,-56.61
-32,0,11.36,-14.732,-55.34
-32,0,11.4,-16.67,-57.37
-32,0,11.44,-16.552,-57.3
-32,0,11.48,-17.544,-58.34
-32,0,11.52,-15.79,-56.62
-32,0,11.56,-18.41,-59.26
-32,0,11.6,-17.85,-58.72
-32,0,11.64,-20.446,-61.4
-32,0,11.68,-18.612,-59.65
-32,0,11.72,-19.168,-60.26
-32,0,11.76,-17.354,-58.47
-32,0,11.8,-17.98,-59.12
-32,0,11.84,-15.336,-56.42
-32,0,11.88,-15.562,-56.59
-32,0,11.92,-16.524,-57.65
-32,0,11.96,-19.422,-60.8
-32,0,12,-19.67,-61.3
-31,0,8,-0.0700000000000003,-34.69
-31,0,8.04,-1.568,-36.28
-31,0,8.08,-2.496,-37.3
-31,0,8.12,-3.65199999999999,-38.54
-31,0,8.16,-4.636,-39.6
-31,0,8.2,-6.28,-41.32
-31,0,8.24,-5.70200000000001,-40.81
-31,0,8.28,-6.024,-41.2
-31,0,8.32,-5.956,-41.2
-31,0,8.36,-6.258,-41.57
-31,0,8.4,-7.09999999999999,-42.48
-31,0,8.44,-6.752,-42.34
-31,0,8.48,-6.744,-42.54
-31,0,8.52,-6.754,-42.78
-31,0,8.56,-6.94199999999999,-43.22
-31,0,8.6,-7.4,-43.93
-31,0,8.64,-7.91399999999999,-44.76
-31,0,8.68,-7.698,-44.86
-31,0,8.72,-8.218,-45.52
-31,0,8.76,-7.764,-45.03
-31,0,8.8,-8.12,-45.35
-31,0,8.84,-6.724,-43.91
-31,0,8.88,-8.12800000000001,-45.27
-31,0,8.92,-9.534,-46.74
-31,0,8.96,-11.332,-48.71
-31,0,9,-10.12,-47.67
-31,0,9.04,-11.614,-49.4
-31,0,9.08,-10.108,-48.13
-31,0,9.12,-10.696,-48.98
-31,0,9.16,-10.308,-48.88
-31,0,9.2,-10.41,-49.27
-31,0,9.24,-10.53,-49.13
-31,0,9.28,-11.12,-49.46
-31,0,9.32,-11.158,-49.32
-31,0,9.36,-11.844,-49.91
-31,0,9.4,-12.16,-50.13
-31,0,9.44,-11.804,-49.91
-31,0,9.48,-10.358,-48.6
-31,0,9.52,-9.352,-47.73
-31,0,9.56,-9.89599999999999,-48.41
-31,0,9.6,-11.95,-50.6
-31,0,9.64,-11.98,-50.75
-31,0,9.68,-14.05,-52.94
-31,0,9.72,-14.338,-53.32
-31,0,9.76,-13.974,-53.02
-31,0,9.8,-15.62,-54.73
-31,0,9.84,-14.056,-53.17
-31,0,9.88,-17.092,-56.21
-31,0,9.92,-16.47,-55.58
-31,0,9.96,-17.26,-56.35
-31,0,10,-15.66,-54.73
-31,0,10.04,-14.344,-53.59
-31,0,10.08,-13.308,-52.73
-31,0,10.12,-14.586,-54.14
-31,0,10.16,-14.678,-54.32
-31,0,10.2,-12.8,-52.53
-31,0,10.24,-14.572,-54.27
-31,0,10.28,-15.904,-55.57
-31,0,10.32,-16.472,-56.1
-31,0,10.36,-14.696,-54.28
-31,0,10.4,-13.88,-53.42
-31,0,10.44,-15.004,-54.54
-31,0,10.48,-15.988,-55.52
-31,0,10.52,-19.412,-59.02
-31,0,10.56,-23.076,-62.84
-31,0,10.6,-23.74,-63.66
-31,0,10.64,-20.858,-60.87
-31,0,10.68,-17.916,-58.02
-31,0,10.72,-13.586,-53.76
-31,0,10.76,-11.318,-51.54
-31,0,10.8,-11,-51.27
-31,0,10.84,-12.21,-52.38
-31,0,10.88,-13.07,-53.14
-31,0,10.92,-13.842,-53.85
-31,0,10.96,-13.676,-53.66
-31,0,11,-13.24,-53.2
-31,0,11.04,-15.536,-55.6
-31,0,11.08,-19.502,-59.67
-31,0,11.12,-17.736,-57.98
-31,0,11.16,-17.928,-58.22
-31,0,11.2,-19.88,-60.22
-31,0,11.24,-18.438,-58.83
-31,0,11.28,-18.336,-58.78
-31,0,11.32,-16.844,-57.36
-31,0,11.36,-16.062,-56.67
-31,0,11.4,-15,-55.7
-31,0,11.44,-14.802,-55.55
-31,0,11.48,-14.764,-55.56
-31,0,11.52,-15.98,-56.81
-31,0,11.56,-15.7,-56.55
-31,0,11.6,-16.5,-57.37
-31,0,11.64,-17.386,-58.34
-31,0,11.68,-16.152,-57.19
-31,0,11.72,-16.928,-58.02
-31,0,11.76,-18.284,-59.4
-31,0,11.8,-18.42,-59.56
-31,0,11.84,-23.636,-64.72
-31,0,11.88,-17.812,-58.84
-31,0,11.92,-18.354,-59.48
-31,0,11.96,-20.282,-61.66
-31,0,12,-23.71,-65.34
-30,0,8,0.969999999999999,-33.65
-30,0,8.04,-0.188000000000002,-34.9
-30,0,8.08,-0.915999999999997,-35.72
-30,0,8.12,-1.892,-36.78
-30,0,8.16,-3.046,-38.01
-30,0,8.2,-5.1,-40.14
-30,0,8.24,-5.042,-40.15
-30,0,8.28,-5.864,-41.04
-30,0,8.32,-5.606,-40.85
-30,0,8.36,-6.308,-41.62
-30,0,8.4,-6.61,-41.99
-30,0,8.44,-6.672,-42.26
-30,0,8.48,-6.214,-42.01
-30,0,8.52,-6.28400000000001,-42.31
-30,0,8.56,-6.422,-42.7
-30,0,8.6,-6.67,-43.2
-30,0,8.64,-7.46399999999999,-44.31
-30,0,8.68,-7.218,-44.38
-30,0,8.72,-7.698,-45
-30,0,8.76,-7.414,-44.68
-30,0,8.8,-7.49,-44.72
-30,0,8.84,-6.33400000000001,-43.52
-30,0,8.88,-7.728,-44.87
-30,0,8.92,-9.354,-46.56
-30,0,8.96,-10.632,-48.01
-30,0,9,-9.63,-47.18
-30,0,9.04,-10.844,-48.63
-30,0,9.08,-8.928,-46.95
-30,0,9.12,-9.766,-48.05
-30,0,9.16,-9.398,-47.97
-30,0,9.2,-9.87,-48.73
-30,0,9.24,-10.3,-48.9
-30,0,9.28,-10.44,-48.78
-30,0,9.32,-11.178,-49.34
-30,0,9.36,-11.544,-49.61
-30,0,9.4,-11.96,-49.93
-30,0,9.44,-11.384,-49.49
-30,0,9.48,-9.97799999999999,-48.22
-30,0,9.52,-8.972,-47.35
-30,0,9.56,-9.89599999999999,-48.41
-30,0,9.6,-11.67,-50.32
-30,0,9.64,-12.01,-50.78
-30,0,9.68,-13.04,-51.93
-30,0,9.72,-14.248,-53.23
-30,0,9.76,-14.624,-53.67
-30,0,9.8,-14.24,-53.35
-30,0,9.84,-14.806,-53.92
-30,0,9.88,-14.592,-53.71
-30,0,9.92,-14.84,-53.95
-30,0,9.96,-16.1,-55.19
-30,0,10,-17.33,-56.4
-30,0,10.04,-17.264,-56.51
-30,0,10.08,-14.878,-54.3
-30,0,10.12,-15.126,-54.68
-30,0,10.16,-15.268,-54.91
-30,0,10.2,-15.28,-55.01
-30,0,10.24,-13.972,-53.67
-30,0,10.28,-14.514,-54.18
-30,0,10.32,-15.632,-55.26
-30,0,10.36,-14.406,-53.99
-30,0,10.4,-13.59,-53.13
-30,0,10.44,-15.134,-54.67
-30,0,10.48,-14.188,-53.72
-30,0,10.52,-14.922,-54.53
-30,0,10.56,-15.986,-55.75
-30,0,10.6,-17.8,-57.72
-30,0,10.64,-21.278,-61.29
-30,0,10.68,-22.346,-62.45
-30,0,10.72,-18.466,-58.64
-30,0,10.76,-14.188,-54.41
-30,0,10.8,-12.6,-52.87
-30,0,10.84,-13.72,-53.89
-30,0,10.88,-13.8,-53.87
-30,0,10.92,-13.742,-53.75
-30,0,10.96,-12.666,-52.65
-30,0,11,-11.83,-51.79
-30,0,11.04,-13.096,-53.16
-30,0,11.08,-15.882,-56.05
-30,0,11.12,-17.516,-57.76
-30,0,11.16,-17.698,-57.99
-30,0,11.2,-17.42,-57.76
-30,0,11.24,-19.878,-60.27
-30,0,11.28,-17.786,-58.23
-30,0,11.32,-19.094,-59.61
-30,0,11.36,-14.662,-55.27
-30,0,11.4,-14.68,-55.38
-30,0,11.44,-14.202,-54.95
-30,0,11.48,-13.924,-54.72
-30,0,11.52,-14.61,-55.44
-30,0,11.56,-16.05,-56.9
-30,0,11.6,-15.72,-56.59
-30,0,11.64,-15.256,-56.21
-30,0,11.68,-14.832,-55.87
-30,0,11.72,-16.638,-57.73
-30,0,11.76,-17.444,-58.56
-30,0,11.8,-21.6,-62.74
-30,0,11.84,-20.786,-61.87
-30,0,11.88,-24.932,-65.96
-30,0,11.92,-21.194,-62.32
-30,0,11.96,-22.632,-64.01
-30,0,12,-23.06,-64.69
-29,0,8,1.89,-32.73
-29,0,8.04,0.931999999999995,-33.78
-29,0,8.08,0.334000000000003,-34.47
-29,0,8.12,-0.421999999999997,-35.31
-29,0,8.16,-1.396,-36.36
-29,0,8.2,-3.92,-38.96
-29,0,8.24,-4.23200000000001,-39.34
-29,0,8.28,-5.114,-40.29
-29,0,8.32,-5.296,-40.54
-29,0,8.36,-6.348,-41.66
-29,0,8.4,-6.48,-41.86
-29,0,8.44,-6.272,-41.86
-29,0,8.48,-5.724,-41.52
-29,0,8.52,-5.524,-41.55
-29,0,8.56,-5.852,-42.13
-29,0,8.6,-6.09,-42.62
-29,0,8.64,-6.77399999999999,-43.62
-29,0,8.68,-6.388,-43.55
-29,0,8.72,-7.178,-44.48
-29,0,8.76,-6.454,-43.72
-29,0,8.8,-6.39,-43.62
-29,0,8.84,-6.13400000000001,-43.32
-29,0,8.88,-7.20800000000001,-44.35
-29,0,8.92,-9.294,-46.5
-29,0,8.96,-9.542,-46.92
-29,0,9,-8.46,-46.01
-29,0,9.04,-9.974,-47.76
-29,0,9.08,-8.578,-46.6
-29,0,9.12,-8.706,-46.99
-29,0,9.16,-8.528,-47.1
-29,0,9.2,-8.88,-47.74
-29,0,9.24,-10.07,-48.67
-29,0,9.28,-11.03,-49.37
-29,0,9.32,-10.818,-48.98
-29,0,9.36,-11.324,-49.39
-29,0,9.4,-12.14,-50.11
-29,0,9.44,-12.514,-50.62
-29,0,9.48,-10.708,-48.95
-29,0,9.52,-9.542,-47.92
-29,0,9.56,-9.346,-47.86
-29,0,9.6,-11.8,-50.45
-29,0,9.64,-11.4,-50.17
-29,0,9.68,-11.83,-50.72
-29,0,9.72,-13.738,-52.72
-29,0,9.76,-13.714,-52.76
-29,0,9.8,-14.02,-53.13
-29,0,9.84,-14.626,-53.74
-29,0,9.88,-14.132,-53.25
-29,0,9.92,-14.58,-53.69
-29,0,9.96,-15.31,-54.4
-29,0,10,-15.46,-54.53
-29,0,10.04,-18.384,-57.63
-29,0,10.08,-16.058,-55.48
-29,0,10.12,-15.536,-55.09
-29,0,10.16,-15.588,-55.23
-29,0,10.2,-15.43,-55.16
-29,0,10.24,-14.982,-54.68
-29,0,10.28,-13.754,-53.42
-29,0,10.32,-15.202,-54.83
-29,0,10.36,-14.176,-53.76
-29,0,10.4,-13.59,-53.13
-29,0,10.44,-13.174,-52.71
-29,0,10.48,-12.008,-51.54
-29,0,10.52,-12.932,-52.54
-29,0,10.56,-13.636,-53.4
-29,0,10.6,-15.56,-55.48
-29,0,10.64,-19.818,-59.83
-29,0,10.68,-24.816,-64.92
-29,0,10.72,-27.426,-67.6
-29,0,10.76,-17.258,-57.48
-29,0,10.8,-17.01,-57.28
-29,0,10.84,-15.1,-55.27
-29,0,10.88,-15.67,-55.74
-29,0,10.92,-13.512,-53.52
-29,0,10.96,-12.166,-52.15
-29,0,11,-10.49,-50.45
-29,0,11.04,-11.096,-51.16
-29,0,11.08,-13.212,-53.38
-29,0,11.12,-15.026,-55.27
-29,0,11.16,-16.168,-56.46
-29,0,11.2,-17.62,-57.96
-29,0,11.24,-18.078,-58.47
-29,0,11.28,-19.146,-59.59
-29,0,11.32,-18.404,-58.92
-29,0,11.36,-17.492,-58.1
-29,0,11.4,-15.43,-56.13
-29,0,11.44,-13.552,-54.3
-29,0,11.48,-13.554,-54.35
-29,0,11.52,-12.72,-53.55
-29,0,11.56,-16.73,-57.58
-29,0,11.6,-17.31,-58.18
-29,0,11.64,-19.286,-60.24
-29,0,11.68,-17.842,-58.88
-29,0,11.72,-18.378,-59.47
-29,0,11.76,-20.044,-61.16
-29,0,11.8,-19.48,-60.62
-29,0,11.84,-20.306,-61.39
-29,0,11.88,-22.092,-63.12
-29,0,11.92,-23.924,-65.05
-29,0,11.96,-24.502,-65.88
-29,0,12,-23.94,-65.57
-28,0,8,2.58,-32.04
-28,0,8.04,1.86199999999999,-32.85
-28,0,8.08,1.294,-33.51
-28,0,8.12,0.728000000000009,-34.16
-28,0,8.16,0.00399999999999778,-34.96
-28,0,8.2,-2.24,-37.28
-28,0,8.24,-2.822,-37.93
-28,0,8.28,-4.034,-39.21
-28,0,8.32,-4.456,-39.7
-28,0,8.36,-5.128,-40.44
-28,0,8.4,-5.81,-41.19
-28,0,8.44,-5.612,-41.2
-28,0,8.48,-5.334,-41.13
-28,0,8.52,-5.24400000000001,-41.27
-28,0,8.56,-5.142,-41.42
-28,0,8.6,-5.88,-42.41
-28,0,8.64,-6.38399999999999,-43.23
-28,0,8.68,-5.958,-43.12
-28,0,8.72,-6.738,-44.04
-28,0,8.76,-5.844,-43.11
-28,0,8.8,-5.72000000000001,-42.95
-28,0,8.84,-5.364,-42.55
-28,0,8.88,-6.62800000000001,-43.77
-28,0,8.92,-8.714,-45.92
-28,0,8.96,-8.762,-46.14
-28,0,9,-7.90000000000001,-45.45
-28,0,9.04,-9.05400000000001,-46.84
-28,0,9.08,-8.428,-46.45
-28,0,9.12,-8.146,-46.43
-28,0,9.16,-7.97799999999999,-46.55
-28,0,9.2,-8.09,-46.95
-28,0,9.24,-8.55,-47.15
-28,0,9.28,-9.75999999999999,-48.1
-28,0,9.32,-10.248,-48.41
-28,0,9.36,-11.064,-49.13
-28,0,9.4,-12.78,-50.75
-28,0,9.44,-12.854,-50.96
-28,0,9.48,-10.628,-48.87
-28,0,9.52,-9.632,-48.01
-28,0,9.56,-9.496,-48.01
-28,0,9.6,-10.84,-49.49
-28,0,9.64,-11.53,-50.3
-28,0,9.68,-11.34,-50.23
-28,0,9.72,-11.908,-50.89
-28,0,9.76,-13.584,-52.63
-28,0,9.8,-12.55,-51.66
-28,0,9.84,-13.036,-52.15
-28,0,9.88,-14.322,-53.44
-28,0,9.92,-15.17,-54.28
-28,0,9.96,-14,-53.09
-28,0,10,-15.86,-54.93
-28,0,10.04,-17.234,-56.48
-28,0,10.08,-15.958,-55.38
-28,0,10.12,-17.686,-57.24
-28,0,10.16,-16.468,-56.11
-28,0,10.2,-16.61,-56.34
-28,0,10.24,-16.262,-55.96
-28,0,10.28,-14.994,-54.66
-28,0,10.32,-16.202,-55.83
-28,0,10.36,-15.096,-54.68
-28,0,10.4,-13.44,-52.98
-28,0,10.44,-13.164,-52.7
-28,0,10.48,-12.578,-52.11
-28,0,10.52,-12.162,-51.77
-28,0,10.56,-12.666,-52.43
-28,0,10.6,-13.79,-53.71
-28,0,10.64,-15.548,-55.56
-28,0,10.68,-18.686,-58.79
-28,0,10.72,-22.926,-63.1
-28,0,10.76,-22.768,-62.99
-28,0,10.8,-21.99,-62.26
-28,0,10.84,-21.11,-61.28
-28,0,10.88,-18.38,-58.45
-28,0,10.92,-15.262,-55.27
-28,0,10.96,-12.166,-52.15
-28,0,11,-10.55,-50.51
-28,0,11.04,-10.216,-50.28
-28,0,11.08,-11.722,-51.89
-28,0,11.12,-12.376,-52.62
-28,0,11.16,-13.098,-53.39
-28,0,11.2,-15.25,-55.59
-28,0,11.24,-16.158,-56.55
-28,0,11.28,-18.576,-59.02
-28,0,11.32,-19.254,-59.77
-28,0,11.36,-19.202,-59.81
-28,0,11.4,-18.09,-58.79
-28,0,11.44,-14.882,-55.63
-28,0,11.48,-13.494,-54.29
-28,0,11.52,-14.2,-55.03
-28,0,11.56,-15.78,-56.63
-28,0,11.6,-19.47,-60.34
-28,0,11.64,-21.686,-62.64
-28,0,11.68,-20.762,-61.8
-28,0,11.72,-19.508,-60.6
-28,0,11.76,-20.984,-62.1
-28,0,11.8,-20.01,-61.15
-28,0,11.84,-18.476,-59.56
-28,0,11.88,-17.132,-58.16
-28,0,11.92,-19.014,-60.14
-28,0,11.96,-20.622,-62
-28,0,12,-29.16,-70.79
-27,0,8,3.16,-31.46
-27,0,8.04,2.602,-32.11
-27,0,8.08,2.224,-32.58
-27,0,8.12,1.69800000000001,-33.19
-27,0,8.16,1.134,-33.83
-27,0,8.2,-0.789999999999999,-35.83
-27,0,8.24,-1.192,-36.3
-27,0,8.28,-2.614,-37.79
-27,0,8.32,-2.926,-38.17
-27,0,8.36,-3.738,-39.05
-27,0,8.4,-4.26,-39.64
-27,0,8.44,-4.652,-40.24
-27,0,8.48,-4.804,-40.6
-27,0,8.52,-4.634,-40.66
-27,0,8.56,-4.69199999999999,-40.97
-27,0,8.6,-5.21,-41.74
-27,0,8.64,-6.05399999999999,-42.9
-27,0,8.68,-5.498,-42.66
-27,0,8.72,-5.758,-43.06
-27,0,8.76,-4.954,-42.22
-27,0,8.8,-4.94,-42.17
-27,0,8.84,-4.51400000000001,-41.7
-27,0,8.88,-6.20800000000001,-43.35
-27,0,8.92,-7.884,-45.09
-27,0,8.96,-8.412,-45.79
-27,0,9,-7.47000000000001,-45.02
-27,0,9.04,-8.24400000000001,-46.03
-27,0,9.08,-7.66799999999999,-45.69
-27,0,9.12,-8.216,-46.5
-27,0,9.16,-7.528,-46.1
-27,0,9.2,-7.59,-46.45
-27,0,9.24,-7.95,-46.55
-27,0,9.28,-9.63999999999999,-47.98
-27,0,9.32,-10.058,-48.22
-27,0,9.36,-10.514,-48.58
-27,0,9.4,-12.6,-50.57
-27,0,9.44,-12.614,-50.72
-27,0,9.48,-11.498,-49.74
-27,0,9.52,-9.992,-48.37
-27,0,9.56,-9.626,-48.14
-27,0,9.6,-10.71,-49.36
-27,0,9.64,-10.5,-49.27
-27,0,9.68,-10.75,-49.64
-27,0,9.72,-11.618,-50.6
-27,0,9.76,-11.984,-51.03
-27,0,9.8,-12.69,-51.8
-27,0,9.84,-13.236,-52.35
-27,0,9.88,-14.512,-53.63
-27,0,9.92,-14.07,-53.18
-27,0,9.96,-14.81,-53.9
-27,0,10,-16.54,-55.61
-27,0,10.04,-16.464,-55.71
-27,0,10.08,-16.078,-55.5
-27,0,10.12,-15.686,-55.24
-27,0,10.16,-16.428,-56.07
-27,0,10.2,-15.08,-54.81
-27,0,10.24,-14.332,-54.03
-27,0,10.28,-17.324,-56.99
-27,0,10.32,-17.012,-56.64
-27,0,10.36,-16.916,-56.5
-27,0,10.4,-16.49,-56.03
-27,0,10.44,-14.554,-54.09
-27,0,10.48,-12.318,-51.85
-27,0,10.52,-11.852,-51.46
-27,0,10.56,-10.986,-50.75
-27,0,10.6,-12.66,-52.58
-27,0,10.64,-14.298,-54.31
-27,0,10.68,-17.326,-57.43
-27,0,10.72,-18.816,-58.99
-27,0,10.76,-18.638,-58.86
-27,0,10.8,-20.1,-60.37
-27,0,10.84,-21.86,-62.03
-27,0,10.88,-23.22,-63.29
-27,0,10.92,-19.162,-59.17
-27,0,10.96,-14.796,-54.78
-27,0,11,-13.4,-53.36
-27,0,11.04,-12.166,-52.23
-27,0,11.08,-12.262,-52.43
-27,0,11.12,-12.106,-52.35
-27,0,11.16,-12.588,-52.88
-27,0,11.2,-13.62,-53.96
-27,0,11.24,-14.878,-55.27
-27,0,11.28,-15.936,-56.38
-27,0,11.32,-17.884,-58.4
-27,0,11.36,-19.572,-60.18
-27,0,11.4,-18.07,-58.77
-27,0,11.44,-17.012,-57.76
-27,0,11.48,-16.044,-56.84
-27,0,11.52,-16.44,-57.27
-27,0,11.56,-16.7,-57.55
-27,0,11.6,-18.63,-59.5
-27,0,11.64,-20.966,-61.92
-27,0,11.68,-21.112,-62.15
-27,0,11.72,-19.468,-60.56
-27,0,11.76,-17.284,-58.4
-27,0,11.8,-17.58,-58.72
-27,0,11.84,-16.796,-57.88
-27,0,11.88,-15.572,-56.6
-27,0,11.92,-15.184,-56.31
-27,0,11.96,-17.892,-59.27
-27,0,12,-18.62,-60.25
-26,0,8,3.53,-31.09
-26,0,8.04,3.162,-31.55
-26,0,8.08,2.874,-31.93
-26,0,8.12,2.47800000000001,-32.41
-26,0,8.16,2.194,-32.77
-26,0,8.2,0.539999999999999,-34.5
-26,0,8.24,0.397999999999996,-34.71
-26,0,8.28,-0.844000000000001,-36.02
-26,0,8.32,-1.126,-36.37
-26,0,8.36,-1.918,-37.23
-26,0,8.4,-2.79,-38.17
-26,0,8.44,-3.582,-39.17
-26,0,8.48,-4.164,-39.96
-26,0,8.52,-4.204,-40.23
-26,0,8.56,-4.48199999999999,-40.76
-26,0,8.6,-4.91,-41.44
-26,0,8.64,-5.82399999999999,-42.67
-26,0,8.68,-4.738,-41.9
-26,0,8.72,-4.898,-42.2
-26,0,8.76,-4.374,-41.64
-26,0,8.8,-4.36000000000001,-41.59
-26,0,8.84,-3.864,-41.05
-26,0,8.88,-5.538,-42.68
-26,0,8.92,-7.064,-44.27
-26,0,8.96,-7.762,-45.14
-26,0,9,-6.90000000000001,-44.45
-26,0,9.04,-7.56400000000001,-45.35
-26,0,9.08,-7.008,-45.03
-26,0,9.12,-7.986,-46.27
-26,0,9.16,-7.748,-46.32
-26,0,9.2,-7.49,-46.35
-26,0,9.24,-7.66,-46.26
-26,0,9.28,-8.34999999999999,-46.69
-26,0,9.32,-9.668,-47.83
-26,0,9.36,-10.374,-48.44
-26,0,9.4,-11.18,-49.15
-26,0,9.44,-12.074,-50.18
-26,0,9.48,-11.198,-49.44
-26,0,9.52,-9.902,-48.28
-26,0,9.56,-9.85599999999999,-48.37
-26,0,9.6,-10.45,-49.1
-26,0,9.64,-10.44,-49.21
-26,0,9.68,-10.42,-49.31
-26,0,9.72,-11.108,-50.09
-26,0,9.76,-11.064,-50.11
-26,0,9.8,-12.03,-51.14
-26,0,9.84,-12.586,-51.7
-26,0,9.88,-14.472,-53.59
-26,0,9.92,-13.88,-52.99
-26,0,9.96,-14.47,-53.56
-26,0,10,-14.82,-53.89
-26,0,10.04,-15.074,-54.32
-26,0,10.08,-14.968,-54.39
-26,0,10.12,-15.666,-55.22
-26,0,10.16,-15.348,-54.99
-26,0,10.2,-15.81,-55.54
-26,0,10.24,-14.362,-54.06
-26,0,10.28,-15.194,-54.86
-26,0,10.32,-18.092,-57.72
-26,0,10.36,-17.836,-57.42
-26,0,10.4,-18.03,-57.57
-26,0,10.44,-15.094,-54.63
-26,0,10.48,-14.798,-54.33
-26,0,10.52,-12.482,-52.09
-26,0,10.56,-11.386,-51.15
-26,0,10.6,-11.54,-51.46
-26,0,10.64,-13.678,-53.69
-26,0,10.68,-15.226,-55.33
-26,0,10.72,-17.726,-57.9
-26,0,10.76,-18.498,-58.72
-26,0,10.8,-17.92,-58.19
-26,0,10.84,-18.7,-58.87
-26,0,10.88,-21.25,-61.32
-26,0,10.92,-21.632,-61.64
-26,0,10.96,-19.106,-59.09
-26,0,11,-16.86,-56.82
-26,0,11.04,-16.446,-56.51
-26,0,11.08,-14.622,-54.79
-26,0,11.12,-13.866,-54.11
-26,0,11.16,-12.228,-52.52
-26,0,11.2,-12.74,-53.08
-26,0,11.24,-14.638,-55.03
-26,0,11.28,-14.856,-55.3
-26,0,11.32,-17.984,-58.5
-26,0,11.36,-17.372,-57.98
-26,0,11.4,-15.9,-56.6
-26,0,11.44,-15.132,-55.88
-26,0,11.48,-17.634,-58.43
-26,0,11.52,-18.26,-59.09
-26,0,11.56,-18.57,-59.42
-26,0,11.6,-18.25,-59.12
-26,0,11.64,-18.106,-59.06
-26,0,11.68,-20.032,-61.07
-26,0,11.72,-20.948,-62.04
-26,0,11.76,-17.464,-58.58
-26,0,11.8,-15.89,-57.03
-26,0,11.84,-14.066,-55.15
-26,0,11.88,-14.552,-55.58
-26,0,11.92,-15.624,-56.75
-26,0,11.96,-16.542,-57.92
-26,0,12,-17.71,-59.34
-25,0,8,3.59,-31.03
-25,0,8.04,3.512,-31.2
-25,0,8.08,3.404,-31.4
-25,0,8.12,3.128,-31.76
-25,0,8.16,3.004,-31.96
-25,0,8.2,1.52,-33.52
-25,0,8.24,1.568,-33.54
-25,0,8.28,0.756,-34.42
-25,0,8.32,0.653999999999996,-34.59
-25,0,8.36,-0.358000000000004,-35.67
-25,0,8.4,-1.2,-36.58
-25,0,8.44,-2.002,-37.59
-25,0,8.48,-2.874,-38.67
-25,0,8.52,-3.46400000000001,-39.49
-25,0,8.56,-4.282,-40.56
-25,0,8.6,-4.76,-41.29
-25,0,8.64,-5.56399999999999,-42.41
-25,0,8.68,-4.308,-41.47
-25,0,8.72,-4.418,-41.72
-25,0,8.76,-3.844,-41.11
-25,0,8.8,-4.08000000000001,-41.31
-25,0,8.84,-3.05400000000001,-40.24
-25,0,8.88,-4.73800000000001,-41.88
-25,0,8.92,-6.544,-43.75
-25,0,8.96,-7.122,-44.5
-25,0,9,-6.59,-44.14
-25,0,9.04,-7.254,-45.04
-25,0,9.08,-6.20799999999999,-44.23
-25,0,9.12,-7.176,-45.46
-25,0,9.16,-7.378,-45.95
-25,0,9.2,-7.45,-46.31
-25,0,9.24,-7.09,-45.69
-25,0,9.28,-7.97999999999999,-46.32
-25,0,9.32,-8.508,-46.67
-25,0,9.36,-9.504,-47.57
-25,0,9.4,-10.3,-48.27
-25,0,9.44,-10.814,-48.92
-25,0,9.48,-10.348,-48.59
-25,0,9.52,-9.822,-48.2
-25,0,9.56,-9.39599999999999,-47.91
-25,0,9.6,-10.25,-48.9
-25,0,9.64,-10.14,-48.91
-25,0,9.68,-10.22,-49.11
-25,0,9.72,-10.548,-49.53
-25,0,9.76,-11.164,-50.21
-25,0,9.8,-11.83,-50.94
-25,0,9.84,-12.636,-51.75
-25,0,9.88,-13.432,-52.55
-25,0,9.92,-14.39,-53.5
-25,0,9.96,-15.44,-54.53
-25,0,10,-14.83,-53.9
-25,0,10.04,-15.404,-54.65
-25,0,10.08,-15.708,-55.13
-25,0,10.12,-15.526,-55.08
-25,0,10.16,-14.358,-54
-25,0,10.2,-13.42,-53.15
-25,0,10.24,-13.202,-52.9
-25,0,10.28,-14.614,-54.28
-25,0,10.32,-17.652,-57.28
-25,0,10.36,-20.376,-59.96
-25,0,10.4,-19.55,-59.09
-25,0,10.44,-18.374,-57.91
-25,0,10.48,-14.858,-54.39
-25,0,10.52,-14.122,-53.73
-25,0,10.56,-11.246,-51.01
-25,0,10.6,-11.13,-51.05
-25,0,10.64,-13.128,-53.14
-25,0,10.68,-13.146,-53.25
-25,0,10.72,-16.186,-56.36
-25,0,10.76,-16.618,-56.84
-25,0,10.8,-17.67,-57.94
-25,0,10.84,-17.97,-58.14
-25,0,10.88,-19.71,-59.78
-25,0,10.92,-19.002,-59.01
-25,0,10.96,-19.016,-59
-25,0,11,-19.86,-59.82
-25,0,11.04,-19.786,-59.85
-25,0,11.08,-18.402,-58.57
-25,0,11.12,-15.196,-55.44
-25,0,11.16,-14.278,-54.57
-25,0,11.2,-13.79,-54.13
-25,0,11.24,-14.658,-55.05
-25,0,11.28,-15.316,-55.76
-25,0,11.32,-16.044,-56.56
-25,0,11.36,-15.562,-56.17
-25,0,11.4,-14.44,-55.14
-25,0,11.44,-13.342,-54.09
-25,0,11.48,-14.134,-54.93
-25,0,11.52,-15.41,-56.24
-25,0,11.56,-18.45,-59.3
-25,0,11.6,-16.13,-57
-25,0,11.64,-19.676,-60.63
-25,0,11.68,-21.442,-62.48
-25,0,11.72,-18.258,-59.35
-25,0,11.76,-17.694,-58.81
-25,0,11.8,-16.65,-57.79
-25,0,11.84,-14.116,-55.2
-25,0,11.88,-13.792,-54.82
-25,0,11.92,-15.494,-56.62
-25,0,11.96,-16.982,-58.36
-25,0,12,-17.63,-59.26
-24,0,8,3.36,-31.26
-24,0,8.04,3.512,-31.2
-24,0,8.08,3.784,-31.02
-24,0,8.12,3.72800000000001,-31.16
-24,0,8.16,3.774,-31.19
-24,0,8.2,2.52,-32.52
-24,0,8.24,2.76799999999999,-32.34
-24,0,8.28,2.176,-33
-24,0,8.32,2.014,-33.23
-24,0,8.36,1.142,-34.17
-24,0,8.4,0.32,-35.06
-24,0,8.44,-0.622,-36.21
-24,0,8.48,-1.334,-37.13
-24,0,8.52,-2.274,-38.3
-24,0,8.56,-3.41199999999999,-39.69
-24,0,8.6,-4.26,-40.79
-24,0,8.64,-5.15399999999999,-42
-24,0,8.68,-4.178,-41.34
-24,0,8.72,-3.628,-40.93
-24,0,8.76,-3.134,-40.4
-24,0,8.8,-3.61000000000001,-40.84
-24,0,8.84,-2.91400000000001,-40.1
-24,0,8.88,-4.27800000000001,-41.42
-24,0,8.92,-5.564,-42.77
-24,0,8.96,-6.232,-43.61
-24,0,9,-5.96,-43.51
-24,0,9.04,-6.59400000000001,-44.38
-24,0,9.08,-5.078,-43.1
-24,0,9.12,-6.386,-44.67
-24,0,9.16,-6.538,-45.11
-24,0,9.2,-7.07,-45.93
-24,0,9.24,-6.68000000000001,-45.28
-24,0,9.28,-7.62999999999999,-45.97
-24,0,9.32,-7.808,-45.97
-24,0,9.36,-8.704,-46.77
-24,0,9.4,-9.71,-47.68
-24,0,9.44,-9.344,-47.45
-24,0,9.48,-9.83799999999999,-48.08
-24,0,9.52,-9.132,-47.51
-24,0,9.56,-8.866,-47.38
-24,0,9.6,-10.04,-48.69
-24,0,9.64,-10.14,-48.91
-24,0,9.68,-10.69,-49.58
-24,0,9.72,-10.968,-49.95
-24,0,9.76,-10.574,-49.62
-24,0,9.8,-11.9,-51.01
-24,0,9.84,-12.296,-51.41
-24,0,9.88,-12.882,-52
-24,0,9.92,-13.03,-52.14
-24,0,9.96,-14.69,-53.78
-24,0,10,-15.45,-54.52
-24,0,10.04,-15.064,-54.31
-24,0,10.08,-14.288,-53.71
-24,0,10.12,-14.996,-54.55
-24,0,10.16,-14.418,-54.06
-24,0,10.2,-12.42,-52.15
-24,0,10.24,-12.882,-52.58
-24,0,10.28,-12.844,-52.51
-24,0,10.32,-14.822,-54.45
-24,0,10.36,-19.106,-58.69
-24,0,10.4,-18.76,-58.3
-24,0,10.44,-20.394,-59.93
-24,0,10.48,-19.128,-58.66
-24,0,10.52,-16.702,-56.31
-24,0,10.56,-14.526,-54.29
-24,0,10.6,-12.99,-52.91
-24,0,10.64,-12.298,-52.31
-24,0,10.68,-13.746,-53.85
-24,0,10.72,-14.366,-54.54
-24,0,10.76,-13.778,-54
-24,0,10.8,-14.99,-55.26
-24,0,10.84,-15.71,-55.88
-24,0,10.88,-16.3,-56.37
-24,0,10.92,-16.202,-56.21
-24,0,10.96,-16.766,-56.75
-24,0,11,-20.7,-60.66
-24,0,11.04,-23.816,-63.88
-24,0,11.08,-19.472,-59.64
-24,0,11.12,-17.516,-57.76
-24,0,11.16,-15.578,-55.87
-24,0,11.2,-15.09,-55.43
-24,0,11.24,-14.538,-54.93
-24,0,11.28,-14.966,-55.41
-24,0,11.32,-15.604,-56.12
-24,0,11.36,-14.722,-55.33
-24,0,11.4,-13.14,-53.84
-24,0,11.44,-12.652,-53.4
-24,0,11.48,-13.144,-53.94
-24,0,11.52,-13.77,-54.6
-24,0,11.56,-15.74,-56.59
-24,0,11.6,-15.1,-55.97
-24,0,11.64,-16.826,-57.78
-24,0,11.68,-20.272,-61.31
-24,0,11.72,-24.418,-65.51
-24,0,11.76,-21.084,-62.2
-24,0,11.8,-19.77,-60.91
-24,0,11.84,-15.576,-56.66
-24,0,11.88,-12.392,-53.42
-24,0,11.92,-12.774,-53.9
-24,0,11.96,-14.022,-55.4
-24,0,12,-15.18,-56.81
-23,0,8,2.87,-31.75
-23,0,8.04,3.352,-31.36
-23,0,8.08,3.864,-30.94
-23,0,8.12,4.04800000000001,-30.84
-23,0,8.16,4.384,-30.58
-23,0,8.2,3.28,-31.76
-23,0,8.24,3.678,-31.43
-23,0,8.28,3.266,-31.91
-23,0,8.32,3.354,-31.89
-23,0,8.36,2.392,-32.92
-23,0,8.4,1.59,-33.79
-23,0,8.44,0.808,-34.78
-23,0,8.48,0.0760000000000005,-35.72
-23,0,8.52,-0.644000000000005,-36.67
-23,0,8.56,-2.02199999999999,-38.3
-23,0,8.6,-3.1,-39.63
-23,0,8.64,-4.36399999999999,-41.21
-23,0,8.68,-3.678,-40.84
-23,0,8.72,-3.388,-40.69
-23,0,8.76,-2.604,-39.87
-23,0,8.8,-3.22000000000001,-40.45
-23,0,8.84,-2.38400000000001,-39.57
-23,0,8.88,-3.908,-41.05
-23,0,8.92,-5.064,-42.27
-23,0,8.96,-5.342,-42.72
-23,0,9,-4.6,-42.15
-23,0,9.04,-5.48400000000001,-43.27
-23,0,9.08,-4.36799999999999,-42.39
-23,0,9.12,-5.266,-43.55
-23,0,9.16,-5.308,-43.88
-23,0,9.2,-5.95,-44.81
-23,0,9.24,-6.2,-44.8
-23,0,9.28,-7.02999999999999,-45.37
-23,0,9.32,-7.308,-45.47
-23,0,9.36,-7.794,-45.86
-23,0,9.4,-9.16,-47.13
-23,0,9.44,-9.434,-47.54
-23,0,9.48,-9.038,-47.28
-23,0,9.52,-8.472,-46.85
-23,0,9.56,-8.436,-46.95
-23,0,9.6,-9.62,-48.27
-23,0,9.64,-9.76,-48.53
-23,0,9.68,-10.7,-49.59
-23,0,9.72,-10.408,-49.39
-23,0,9.76,-10.504,-49.55
-23,0,9.8,-10.84,-49.95
-23,0,9.84,-12.226,-51.34
-23,0,9.88,-13.112,-52.23
-23,0,9.92,-13.47,-52.58
-23,0,9.96,-13.2,-52.29
-23,0,10,-13.66,-52.73
-23,0,10.04,-15.874,-55.12
-23,0,10.08,-15.208,-54.63
-23,0,10.12,-14.936,-54.49
-23,0,10.16,-15.528,-55.17
-23,0,10.2,-13.18,-52.91
-23,0,10.24,-12.032,-51.73
-23,0,10.28,-12.384,-52.05
-23,0,10.32,-13.672,-53.3
-23,0,10.36,-15.346,-54.93
-23,0,10.4,-16.07,-55.61
-23,0,10.44,-19.754,-59.29
-23,0,10.48,-20.138,-59.67
-23,0,10.52,-18.752,-58.36
-23,0,10.56,-18.666,-58.43
-23,0,10.6,-16.25,-56.17
-23,0,10.64,-16.008,-56.02
-23,0,10.68,-15.246,-55.35
-23,0,10.72,-14.156,-54.33
-23,0,10.76,-13.008,-53.23
-23,0,10.8,-12.62,-52.89
-23,0,10.84,-13.94,-54.11
-23,0,10.88,-14.59,-54.66
-23,0,10.92,-14.302,-54.31
-23,0,10.96,-14.316,-54.3
-23,0,11,-16.53,-56.49
-23,0,11.04,-20.956,-61.02
-23,0,11.08,-21.172,-61.34
-23,0,11.12,-19.116,-59.36
-23,0,11.16,-18.988,-59.28
-23,0,11.2,-17.19,-57.53
-23,0,11.24,-15.988,-56.38
-23,0,11.28,-16.626,-57.07
-23,0,11.32,-15.124,-55.64
-23,0,11.36,-13.752,-54.36
-23,0,11.4,-12.17,-52.87
-23,0,11.44,-12.822,-53.57
-23,0,11.48,-12.064,-52.86
-23,0,11.52,-12.02,-52.85
-23,0,11.56,-13.43,-54.28
-23,0,11.6,-13.2,-54.07
-23,0,11.64,-15.486,-56.44
-23,0,11.68,-18.962,-60
-23,0,11.72,-25.238,-66.33
-23,0,11.76,-25.834,-66.95
-23,0,11.8,-19.58,-60.72
-23,0,11.84,-15.006,-56.09
-23,0,11.88,-12.902,-53.93
-23,0,11.92,-12.234,-53.36
-23,0,11.96,-12.062,-53.44
-23,0,12,-12.88,-54.51
-22,0,8,2.13,-32.49
-22,0,8.04,2.882,-31.83
-22,0,8.08,3.654,-31.15
-22,0,8.12,4.22800000000001,-30.66
-22,0,8.16,4.724,-30.24
-22,0,8.2,3.86,-31.18
-22,0,8.24,4.468,-30.64
-22,0,8.28,4.056,-31.12
-22,0,8.32,4.164,-31.08
-22,0,8.36,3.362,-31.95
-22,0,8.4,2.59,-32.79
-22,0,8.44,2.008,-33.58
-22,0,8.48,1.456,-34.34
-22,0,8.52,0.795999999999999,-35.23
-22,0,8.56,-0.421999999999997,-36.7
-22,0,8.6,-1.54,-38.07
-22,0,8.64,-3.02399999999999,-39.87
-22,0,8.68,-2.788,-39.95
-22,0,8.72,-2.828,-40.13
-22,0,8.76,-2.134,-39.4
-22,0,8.8,-2.69,-39.92
-22,0,8.84,-1.974,-39.16
-22,0,8.88,-3.298,-40.44
-22,0,8.92,-4.714,-41.92
-22,0,8.96,-5.052,-42.43
-22,0,9,-4.36,-41.91
-22,0,9.04,-4.74400000000001,-42.53
-22,0,9.08,-3.44799999999999,-41.47
-22,0,9.12,-4.526,-42.81
-22,0,9.16,-4.61799999999999,-43.19
-22,0,9.2,-5.18,-44.04
-22,0,9.24,-5.09,-43.69
-22,0,9.28,-6.09999999999999,-44.44
-22,0,9.32,-7.078,-45.24
-22,0,9.36,-7.124,-45.19
-22,0,9.4,-9.03,-47
-22,0,9.44,-9.044,-47.15
-22,0,9.48,-7.73799999999999,-45.98
-22,0,9.52,-7.432,-45.81
-22,0,9.56,-8.03599999999999,-46.55
-22,0,9.6,-9.73,-48.38
-22,0,9.64,-9.65,-48.42
-22,0,9.68,-10.31,-49.2
-22,0,9.72,-10.278,-49.26
-22,0,9.76,-10.324,-49.37
-22,0,9.8,-10.11,-49.22
-22,0,9.84,-11.316,-50.43
-22,0,9.88,-13.292,-52.41
-22,0,9.92,-13.35,-52.46
-22,0,9.96,-12.74,-51.83
-22,0,10,-12.24,-51.31
-22,0,10.04,-13.234,-52.48
-22,0,10.08,-14.138,-53.56
-22,0,10.12,-15.066,-54.62
-22,0,10.16,-16.578,-56.22
-22,0,10.2,-15.07,-54.8
-22,0,10.24,-13.992,-53.69
-22,0,10.28,-13.114,-52.78
-22,0,10.32,-14.542,-54.17
-22,0,10.36,-13.696,-53.28
-22,0,10.4,-14.39,-53.93
-22,0,10.44,-15.214,-54.75
-22,0,10.48,-18.448,-57.98
-22,0,10.52,-18.262,-57.87
-22,0,10.56,-18.736,-58.5
-22,0,10.6,-19.89,-59.81
-22,0,10.64,-19.908,-59.92
-22,0,10.68,-17.326,-57.43
-22,0,10.72,-14.776,-54.95
-22,0,10.76,-12.518,-52.74
-22,0,10.8,-12.65,-52.92
-22,0,10.84,-13.12,-53.29
-22,0,10.88,-12.79,-52.86
-22,0,10.92,-12.482,-52.49
-22,0,10.96,-12.056,-52.04
-22,0,11,-12.89,-52.85
-22,0,11.04,-16.616,-56.68
-22,0,11.08,-18.392,-58.56
-22,0,11.12,-18.556,-58.8
-22,0,11.16,-18.788,-59.08
-22,0,11.2,-19.06,-59.4
-22,0,11.24,-18.778,-59.17
-22,0,11.28,-20.276,-60.72
-22,0,11.32,-18.794,-59.31
-22,0,11.36,-18.182,-58.79
-22,0,11.4,-14.78,-55.48
-22,0,11.44,-13.892,-54.64
-22,0,11.48,-12.814,-53.61
-22,0,11.52,-11.51,-52.34
-22,0,11.56,-12.33,-53.18
-22,0,11.6,-12.99,-53.86
-22,0,11.64,-13.796,-54.75
-22,0,11.68,-19.072,-60.11
-22,0,11.72,-24.738,-65.83
-22,0,11.76,-24.614,-65.73
-22,0,11.8,-21.12,-62.26
-22,0,11.84,-15.536,-56.62
-22,0,11.88,-13.232,-54.26
-22,0,11.92,-10.884,-52.01
-22,0,11.96,-10.792,-52.17
-22,0,12,-12.68,-54.31
-21,0,8,1.23,-33.39
-21,0,8.04,2.29199999999999,-32.42
-21,0,8.08,3.324,-31.48
-21,0,8.12,4.04800000000001,-30.84
-21,0,8.16,4.784,-30.18
-21,0,8.2,4.06,-30.98
-21,0,8.24,4.928,-30.18
-21,0,8.28,4.596,-30.58
-21,0,8.32,4.824,-30.42
-21,0,8.36,4.132,-31.18
-21,0,8.4,3.57,-31.81
-21,0,8.44,3.058,-32.53
-21,0,8.48,2.616,-33.18
-21,0,8.52,2.14599999999999,-33.88
-21,0,8.56,1.218,-35.06
-21,0,8.6,0.329999999999998,-36.2
-21,0,8.64,-1.25399999999999,-38.1
-21,0,8.68,-1.448,-38.61
-21,0,8.72,-1.818,-39.12
-21,0,8.76,-1.424,-38.69
-21,0,8.8,-2.07,-39.3
-21,0,8.84,-1.27400000000001,-38.46
-21,0,8.88,-2.678,-39.82
-21,0,8.92,-4.174,-41.38
-21,0,8.96,-4.892,-42.27
-21,0,9,-3.59,-41.14
-21,0,9.04,-4.10400000000001,-41.89
-21,0,9.08,-3.108,-41.13
-21,0,9.12,-4.086,-42.37
-21,0,9.16,-4.038,-42.61
-21,0,9.2,-4.6,-43.46
-21,0,9.24,-4.28000000000001,-42.88
-21,0,9.28,-5.46999999999999,-43.81
-21,0,9.32,-5.888,-44.05
-21,0,9.36,-6.384,-44.45
-21,0,9.4,-8.52,-46.49
-21,0,9.44,-8.904,-47.01
-21,0,9.48,-7.79799999999999,-46.04
-21,0,9.52,-6.752,-45.13
-21,0,9.56,-7.266,-45.78
-21,0,9.6,-9.79,-48.44
-21,0,9.64,-9.59999999999999,-48.37
-21,0,9.68,-9.72,-48.61
-21,0,9.72,-9.648,-48.63
-21,0,9.76,-9.424,-48.47
-21,0,9.8,-9.72,-48.83
-21,0,9.84,-11.156,-50.27
-21,0,9.88,-12.452,-51.57
-21,0,9.92,-14.41,-53.52
-21,0,9.96,-13.55,-52.64
-21,0,10,-11.89,-50.96
-21,0,10.04,-11.894,-51.14
-21,0,10.08,-12.268,-51.69
-21,0,10.12,-14.546,-54.1
-21,0,10.16,-15.728,-55.37
-21,0,10.2,-14.43,-54.16
-21,0,10.24,-14.092,-53.79
-21,0,10.28,-15.184,-54.85
-21,0,10.32,-14.602,-54.23
-21,0,10.36,-14.056,-53.64
-21,0,10.4,-13.19,-52.73
-21,0,10.44,-13.614,-53.15
-21,0,10.48,-13.788,-53.32
-21,0,10.52,-16.512,-56.12
-21,0,10.56,-14.716,-54.48
-21,0,10.6,-17.92,-57.84
-21,0,10.64,-19.258,-59.27
-21,0,10.68,-21.966,-62.07
-21,0,10.72,-17.966,-58.14
-21,0,10.76,-14.908,-55.13
-21,0,10.8,-13.82,-54.09
-21,0,10.84,-13.55,-53.72
-21,0,10.88,-12.16,-52.23
-21,0,10.92,-11.892,-51.9
-21,0,10.96,-11.306,-51.29
-21,0,11,-12.19,-52.15
-21,0,11.04,-13.926,-53.99
-21,0,11.08,-15.612,-55.78
-21,0,11.12,-16.836,-57.08
-21,0,11.16,-16.288,-56.58
-21,0,11.2,-18.64,-58.98
-21,0,11.24,-18.978,-59.37
-21,0,11.28,-24.276,-64.72
-21,0,11.32,-27.054,-67.57
-21,0,11.36,-20.442,-61.05
-21,0,11.4,-15.73,-56.43
-21,0,11.44,-13.192,-53.94
-21,0,11.48,-11.584,-52.38
-21,0,11.52,-10.8,-51.63
-21,0,11.56,-11.75,-52.6
-21,0,11.6,-11.33,-52.2
-21,0,11.64,-12.516,-53.47
-21,0,11.68,-13.332,-54.37
-21,0,11.72,-17.708,-58.8
-21,0,11.76,-23.454,-64.57
-21,0,11.8,-25.39,-66.53
-21,0,11.84,-21.066,-62.15
-21,0,11.88,-14.252,-55.28
-21,0,11.92,-12.554,-53.68
-21,0,11.96,-11.782,-53.16
-21,0,12,-11.78,-53.41
-20,0,8,-0.0500000000000043,-34.67
-20,0,8.04,1.342,-33.37
-20,0,8.08,2.634,-32.17
-20,0,8.12,3.61800000000001,-31.27
-20,0,8.16,4.634,-30.33
-20,0,8.2,4.12,-30.92
-20,0,8.24,5.058,-30.05
-20,0,8.28,4.916,-30.26
-20,0,8.32,5.234,-30.01
-20,0,8.36,4.782,-30.53
-20,0,8.4,4.25,-31.13
-20,0,8.44,3.958,-31.63
-20,0,8.48,3.646,-32.15
-20,0,8.52,3.206,-32.82
-20,0,8.56,2.47800000000001,-33.8
-20,0,8.6,1.73,-34.8
-20,0,8.64,0.45600000000001,-36.39
-20,0,8.68,0.182000000000002,-36.98
-20,0,8.72,-0.648000000000003,-37.95
-20,0,8.76,-0.584000000000003,-37.85
-20,0,8.8,-1.23,-38.46
-20,0,8.84,-0.464000000000006,-37.65
-20,0,8.88,-1.908,-39.05
-20,0,8.92,-3.41399999999999,-40.62
-20,0,8.96,-4.232,-41.61
-20,0,9,-3.24,-40.79
-20,0,9.04,-3.89400000000001,-41.68
-20,0,9.08,-2.758,-40.78
-20,0,9.12,-3.626,-41.91
-20,0,9.16,-3.54799999999999,-42.12
-20,0,9.2,-3.55,-42.41
-20,0,9.24,-3.86000000000001,-42.46
-20,0,9.28,-4.38999999999999,-42.73
-20,0,9.32,-5.148,-43.31
-20,0,9.36,-5.604,-43.67
-20,0,9.4,-7.39,-45.36
-20,0,9.44,-8.394,-46.5
-20,0,9.48,-7.178,-45.42
-20,0,9.52,-5.962,-44.34
-20,0,9.56,-6.60599999999999,-45.12
-20,0,9.6,-8.7,-47.35
-20,0,9.64,-9.13,-47.9
-20,0,9.68,-9.55,-48.44
-20,0,9.72,-9.09799999999999,-48.08
-20,0,9.76,-9.534,-48.58
-20,0,9.8,-9.45,-48.56
-20,0,9.84,-10.316,-49.43
-20,0,9.88,-11.872,-50.99
-20,0,9.92,-13.31,-52.42
-20,0,9.96,-12.99,-52.08
-20,0,10,-13.27,-52.34
-20,0,10.04,-11.864,-51.11
-20,0,10.08,-11.278,-50.7
-20,0,10.12,-13.066,-52.62
-20,0,10.16,-14.268,-53.91
-20,0,10.2,-13.25,-52.98
-20,0,10.24,-13.482,-53.18
-20,0,10.28,-13.684,-53.35
-20,0,10.32,-17.672,-57.3
-20,0,10.36,-15.586,-55.17
-20,0,10.4,-14.08,-53.62
-20,0,10.44,-13.274,-52.81
-20,0,10.48,-12.938,-52.47
-20,0,10.52,-13.072,-52.68
-20,0,10.56,-13.476,-53.24
-20,0,10.6,-14.13,-54.05
-20,0,10.64,-15.988,-56
-20,0,10.68,-18.996,-59.1
-20,0,10.72,-19.126,-59.3
-20,0,10.76,-17.498,-57.72
-20,0,10.8,-14.46,-54.73
-20,0,10.84,-15.49,-55.66
-20,0,10.88,-13.95,-54.02
-20,0,10.92,-13.492,-53.5
-20,0,10.96,-13.496,-53.48
-20,0,11,-13.89,-53.85
-20,0,11.04,-13.336,-53.4
-20,0,11.08,-13.812,-53.98
-20,0,11.12,-14.136,-54.38
-20,0,11.16,-15.028,-55.32
-20,0,11.2,-16.52,-56.86
-20,0,11.24,-17.098,-57.49
-20,0,11.28,-18.056,-58.5
-20,0,11.32,-23.104,-63.62
-20,0,11.36,-35.622,-76.23
-20,0,11.4,-22.26,-62.96
-20,0,11.44,-16.782,-57.53
-20,0,11.48,-13.264,-54.06
-20,0,11.52,-12.2,-53.03
-20,0,11.56,-12.8,-53.65
-20,0,11.6,-11.19,-52.06
-20,0,11.64,-11.256,-52.21
-20,0,11.68,-10.662,-51.7
-20,0,11.72,-13.548,-54.64
-20,0,11.76,-15.854,-56.97
-20,0,11.8,-21.82,-62.96
-20,0,11.84,-27.446,-68.53
-20,0,11.88,-19.792,-60.82
-20,0,11.92,-16.554,-57.68
-20,0,11.96,-13.692,-55.07
-20,0,12,-12.98,-54.61
-19,0,8,-1.72000000000001,-36.34
-19,0,8.04,0.0819999999999936,-34.63
-19,0,8.08,1.674,-33.13
-19,0,8.12,2.87800000000001,-32.01
-19,0,8.16,3.984,-30.98
-19,0,8.2,3.7,-31.34
-19,0,8.24,4.858,-30.25
-19,0,8.28,4.896,-30.28
-19,0,8.32,5.504,-29.74
-19,0,8.36,5.152,-30.16
-19,0,8.4,4.88,-30.5
-19,0,8.44,4.688,-30.9
-19,0,8.48,4.436,-31.36
-19,0,8.52,4.116,-31.91
-19,0,8.56,3.428,-32.85
-19,0,8.6,2.89,-33.64
-19,0,8.64,1.81600000000001,-35.03
-19,0,8.68,1.752,-35.41
-19,0,8.72,0.881999999999998,-36.42
-19,0,8.76,0.686,-36.58
-19,0,8.8,-0.370000000000005,-37.6
-19,0,8.84,0.175999999999995,-37.01
-19,0,8.88,-0.938000000000002,-38.08
-19,0,8.92,-2.494,-39.7
-19,0,8.96,-3.412,-40.79
-19,0,9,-2.7,-40.25
-19,0,9.04,-3.404,-41.19
-19,0,9.08,-2.55799999999999,-40.58
-19,0,9.12,-3.026,-41.31
-19,0,9.16,-2.878,-41.45
-19,0,9.2,-2.94,-41.8
-19,0,9.24,-2.92000000000001,-41.52
-19,0,9.28,-3.71999999999999,-42.06
-19,0,9.32,-4.418,-42.58
-19,0,9.36,-4.704,-42.77
-19,0,9.4,-5.99,-43.96
-19,0,9.44,-6.684,-44.79
-19,0,9.48,-6.578,-44.82
-19,0,9.52,-5.692,-44.07
-19,0,9.56,-5.766,-44.28
-19,0,9.6,-8.25,-46.9
-19,0,9.64,-8.23,-47
-19,0,9.68,-8.81,-47.7
-19,0,9.72,-9.11799999999999,-48.1
-19,0,9.76,-9.324,-48.37
-19,0,9.8,-8.89,-48
-19,0,9.84,-9.766,-48.88
-19,0,9.88,-11.422,-50.54
-19,0,9.92,-11.39,-50.5
-19,0,9.96,-12.03,-51.12
-19,0,10,-12.95,-52.02
-19,0,10.04,-12.144,-51.39
-19,0,10.08,-10.888,-50.31
-19,0,10.12,-12.636,-52.19
-19,0,10.16,-13.268,-52.91
-19,0,10.2,-12.16,-51.89
-19,0,10.24,-12.422,-52.12
-19,0,10.28,-12.024,-51.69
-19,0,10.32,-15.502,-55.13
-19,0,10.36,-17.996,-57.58
-19,0,10.4,-16.86,-56.4
-19,0,10.44,-14.004,-53.54
-19,0,10.48,-12.828,-52.36
-19,0,10.52,-12.242,-51.85
-19,0,10.56,-11.326,-51.09
-19,0,10.6,-12.35,-52.27
-19,0,10.64,-13.918,-53.93
-19,0,10.68,-17.376,-57.48
-19,0,10.72,-18.756,-58.93
-19,0,10.76,-17.348,-57.57
-19,0,10.8,-15.99,-56.26
-19,0,10.84,-16.03,-56.2
-19,0,10.88,-14.78,-54.85
-19,0,10.92,-15.372,-55.38
-19,0,10.96,-15.996,-55.98
-19,0,11,-16.16,-56.12
-19,0,11.04,-15.516,-55.58
-19,0,11.08,-14.982,-55.15
-19,0,11.12,-14.526,-54.77
-19,0,11.16,-13.398,-53.69
-19,0,11.2,-14.73,-55.07
-19,0,11.24,-14.738,-55.13
-19,0,11.28,-15.116,-55.56
-19,0,11.32,-16.394,-56.91
-19,0,11.36,-21.792,-62.4
-19,0,11.4,-26.16,-66.86
-19,0,11.44,-24.262,-65.01
-19,0,11.48,-18.264,-59.06
-19,0,11.52,-14.2,-55.03
-19,0,11.56,-12.86,-53.71
-19,0,11.6,-13.02,-53.89
-19,0,11.64,-11.136,-52.09
-19,0,11.68,-10.682,-51.72
-19,0,11.72,-12.238,-53.33
-19,0,11.76,-14.834,-55.95
-19,0,11.8,-17.24,-58.38
-19,0,11.84,-20.256,-61.34
-19,0,11.88,-23.802,-64.83
-19,0,11.92,-20.564,-61.69
-19,0,11.96,-17.722,-59.1
-19,0,12,-17.09,-58.72
-18,0,8,-4.02,-38.64
-18,0,8.04,-1.648,-36.36
-18,0,8.08,0.414000000000001,-34.39
-18,0,8.12,1.868,-33.02
-18,0,8.16,3.144,-31.82
-18,0,8.2,3.03,-32.01
-18,0,8.24,4.278,-30.83
-18,0,8.28,4.536,-30.64
-18,0,8.32,5.334,-29.91
-18,0,8.36,5.272,-30.04
-18,0,8.4,5.1,-30.28
-18,0,8.44,5.118,-30.47
-18,0,8.48,4.946,-30.85
-18,0,8.52,4.67599999999999,-31.35
-18,0,8.56,4.09800000000001,-32.18
-18,0,8.6,3.77,-32.76
-18,0,8.64,2.98600000000001,-33.86
-18,0,8.68,3.162,-34
-18,0,8.72,2.262,-35.04
-18,0,8.76,2.086,-35.18
-18,0,8.8,0.879999999999995,-36.35
-18,0,8.84,1.316,-35.87
-18,0,8.88,0.00199999999999534,-37.14
-18,0,8.92,-1.48399999999999,-38.69
-18,0,8.96,-2.622,-40
-18,0,9,-1.96,-39.51
-18,0,9.04,-3.23400000000001,-41.02
-18,0,9.08,-2.19799999999999,-40.22
-18,0,9.12,-2.736,-41.02
-18,0,9.16,-2.318,-40.89
-18,0,9.2,-2.39,-41.25
-18,0,9.24,-2.48,-41.08
-18,0,9.28,-3.34999999999999,-41.69
-18,0,9.32,-3.728,-41.89
-18,0,9.36,-4.134,-42.2
-18,0,9.4,-5.2,-43.17
-18,0,9.44,-5.734,-43.84
-18,0,9.48,-5.65799999999999,-43.9
-18,0,9.52,-4.822,-43.2
-18,0,9.56,-5.076,-43.59
-18,0,9.6,-7.27,-45.92
-18,0,9.64,-7.38,-46.15
-18,0,9.68,-7.89,-46.78
-18,0,9.72,-8.56799999999999,-47.55
-18,0,9.76,-9.284,-48.33
-18,0,9.8,-8.67,-47.78
-18,0,9.84,-9.53599999999999,-48.65
-18,0,9.88,-10.522,-49.64
-18,0,9.92,-11.27,-50.38
-18,0,9.96,-11.19,-50.28
-18,0,10,-12.25,-51.32
-18,0,10.04,-12.464,-51.71
-18,0,10.08,-11.098,-50.52
-18,0,10.12,-11.406,-50.96
-18,0,10.16,-12.328,-51.97
-18,0,10.2,-12.6,-52.33
-18,0,10.24,-12.332,-52.03
-18,0,10.28,-11.964,-51.63
-18,0,10.32,-14.202,-53.83
-18,0,10.36,-16.726,-56.31
-18,0,10.4,-16.12,-55.66
-18,0,10.44,-15.374,-54.91
-18,0,10.48,-13.848,-53.38
-18,0,10.52,-11.942,-51.55
-18,0,10.56,-11.776,-51.54
-18,0,10.6,-12.01,-51.93
-18,0,10.64,-13.538,-53.55
-18,0,10.68,-15.746,-55.85
-18,0,10.72,-16.886,-57.06
-18,0,10.76,-15.978,-56.2
-18,0,10.8,-15.25,-55.52
-18,0,10.84,-15.45,-55.62
-18,0,10.88,-15.16,-55.23
-18,0,10.92,-15.402,-55.41
-18,0,10.96,-15.666,-55.65
-18,0,11,-18.02,-57.98
-18,0,11.04,-18.696,-58.76
-18,0,11.08,-20.102,-60.27
-18,0,11.12,-15.816,-56.06
-18,0,11.16,-13.708,-54
-18,0,11.2,-13.22,-53.56
-18,0,11.24,-13.488,-53.88
-18,0,11.28,-13.046,-53.49
-18,0,11.32,-12.864,-53.38
-18,0,11.36,-16.082,-56.69
-18,0,11.4,-19.22,-59.92
-18,0,11.44,-22.632,-63.38
-18,0,11.48,-28.644,-69.44
-18,0,11.52,-19.78,-60.61
-18,0,11.56,-17.04,-57.89
-18,0,11.6,-14.56,-55.43
-18,0,11.64,-12.576,-53.53
-18,0,11.68,-12.422,-53.46
-18,0,11.72,-14.378,-55.47
-18,0,11.76,-16.334,-57.45
-18,0,11.8,-16.78,-57.92
-18,0,11.84,-18.366,-59.45
-18,0,11.88,-19.092,-60.12
-18,0,11.92,-19.754,-60.88
-18,0,11.96,-19.812,-61.19
-18,0,12,-16.78,-58.41
-17,0,8,-6.56,-41.18
-17,0,8.04,-3.73800000000001,-38.45
-17,0,8.08,-1.446,-36.25
-17,0,8.12,0.398000000000003,-34.49
-17,0,8.16,1.744,-33.22
-17,0,8.2,1.82,-33.22
-17,0,8.24,3.348,-31.76
-17,0,8.28,3.866,-31.31
-17,0,8.32,4.924,-30.32
-17,0,8.36,5.112,-30.2
-17,0,8.4,5.13,-30.25
-17,0,8.44,5.228,-30.36
-17,0,8.48,5.066,-30.73
-17,0,8.52,5.006,-31.02
-17,0,8.56,4.57800000000001,-31.7
-17,0,8.6,4.51,-32.02
-17,0,8.64,3.98600000000001,-32.86
-17,0,8.68,4.262,-32.9
-17,0,8.72,3.462,-33.84
-17,0,8.76,3.446,-33.82
-17,0,8.8,2.09999999999999,-35.13
-17,0,8.84,2.456,-34.73
-17,0,8.88,1.312,-35.83
-17,0,8.92,-0.123999999999995,-37.33
-17,0,8.96,-1.282,-38.66
-17,0,9,-0.800000000000004,-38.35
-17,0,9.04,-2.13400000000001,-39.92
-17,0,9.08,-1.568,-39.59
-17,0,9.12,-2.146,-40.43
-17,0,9.16,-1.928,-40.5
-17,0,9.2,-1.9,-40.76
-17,0,9.24,-1.66,-40.26
-17,0,9.28,-2.55999999999999,-40.9
-17,0,9.32,-3.148,-41.31
-17,0,9.36,-3.16399999999999,-41.23
-17,0,9.4,-4.47,-42.44
-17,0,9.44,-4.994,-43.1
-17,0,9.48,-4.748,-42.99
-17,0,9.52,-4.052,-42.43
-17,0,9.56,-4.506,-43.02
-17,0,9.6,-6.5,-45.15
-17,0,9.64,-6.51,-45.28
-17,0,9.68,-7.36,-46.25
-17,0,9.72,-8.12799999999999,-47.11
-17,0,9.76,-9.174,-48.22
-17,0,9.8,-9.27,-48.38
-17,0,9.84,-9.25599999999999,-48.37
-17,0,9.88,-10.142,-49.26
-17,0,9.92,-10.86,-49.97
-17,0,9.96,-11.68,-50.77
-17,0,10,-11.96,-51.03
-17,0,10.04,-11.234,-50.48
-17,0,10.08,-10.518,-49.94
-17,0,10.12,-10.736,-50.29
-17,0,10.16,-11.398,-51.04
-17,0,10.2,-11.3,-51.03
-17,0,10.24,-13.072,-52.77
-17,0,10.28,-13.494,-53.16
-17,0,10.32,-13.172,-52.8
-17,0,10.36,-14.436,-54.02
-17,0,10.4,-13.98,-53.52
-17,0,10.44,-13.684,-53.22
-17,0,10.48,-14.198,-53.73
-17,0,10.52,-13.112,-52.72
-17,0,10.56,-12.246,-52.01
-17,0,10.6,-12.73,-52.65
-17,0,10.64,-11.898,-51.91
-17,0,10.68,-15.666,-55.77
-17,0,10.72,-15.376,-55.55
-17,0,10.76,-14.218,-54.44
-17,0,10.8,-14.58,-54.85
-17,0,10.84,-14.64,-54.81
-17,0,10.88,-14.23,-54.3
-17,0,10.92,-14.112,-54.12
-17,0,10.96,-14.606,-54.59
-17,0,11,-15.75,-55.71
-17,0,11.04,-24.096,-64.16
-17,0,11.08,-24.272,-64.44
-17,0,11.12,-21.816,-62.06
-17,0,11.16,-15.078,-55.37
-17,0,11.2,-13.23,-53.57
-17,0,11.24,-12.288,-52.68
-17,0,11.28,-11.796,-52.24
-17,0,11.32,-11.974,-52.49
-17,0,11.36,-12.742,-53.35
-17,0,11.4,-14.23,-54.93
-17,0,11.44,-14.792,-55.54
-17,0,11.48,-18.754,-59.55
-17,0,11.52,-25.53,-66.36
-17,0,11.56,-18.39,-59.24
-17,0,11.6,-16.09,-56.96
-17,0,11.64,-16.266,-57.22
-17,0,11.68,-15.332,-56.37
-17,0,11.72,-16.168,-57.26
-17,0,11.76,-17.384,-58.5
-17,0,11.8,-17.87,-59.01
-17,0,11.84,-15.716,-56.8
-17,0,11.88,-16.402,-57.43
-17,0,11.92,-15.874,-57
-17,0,11.96,-13.492,-54.87
-17,0,12,-14.52,-56.15
-16,0,8,-9.12,-43.74
-16,0,8.04,-6.27800000000001,-40.99
-16,0,8.08,-3.916,-38.72
-16,0,8.12,-1.80199999999999,-36.69
-16,0,8.16,-0.0660000000000025,-35.03
-16,0,8.2,0.159999999999997,-34.88
-16,0,8.24,2.01799999999999,-33.09
-16,0,8.28,2.656,-32.52
-16,0,8.32,4.014,-31.23
-16,0,8.36,4.532,-30.78
-16,0,8.4,4.76,-30.62
-16,0,8.44,4.828,-30.76
-16,0,8.48,4.906,-30.89
-16,0,8.52,4.956,-31.07
-16,0,8.56,4.84800000000001,-31.43
-16,0,8.6,5.14,-31.39
-16,0,8.64,4.68600000000001,-32.16
-16,0,8.68,5.192,-31.97
-16,0,8.72,4.622,-32.68
-16,0,8.76,4.516,-32.75
-16,0,8.8,3.47,-33.76
-16,0,8.84,3.83599999999999,-33.35
-16,0,8.88,2.682,-34.46
-16,0,8.92,1.26600000000001,-35.94
-16,0,8.96,0.137999999999998,-37.24
-16,0,9,0.379999999999995,-37.17
-16,0,9.04,-1.004,-38.79
-16,0,9.08,-0.467999999999996,-38.49
-16,0,9.12,-1.466,-39.75
-16,0,9.16,-1.288,-39.86
-16,0,9.2,-1.29,-40.15
-16,0,9.24,-1.10000000000001,-39.7
-16,0,9.28,-1.79999999999999,-40.14
-16,0,9.32,-2.228,-40.39
-16,0,9.36,-2.66399999999999,-40.73
-16,0,9.4,-3.71,-41.68
-16,0,9.44,-4.694,-42.8
-16,0,9.48,-4.178,-42.42
-16,0,9.52,-3.992,-42.37
-16,0,9.56,-4.076,-42.59
-16,0,9.6,-5.57,-44.22
-16,0,9.64,-5.73999999999999,-44.51
-16,0,9.68,-6.72,-45.61
-16,0,9.72,-6.80799999999999,-45.79
-16,0,9.76,-7.984,-47.03
-16,0,9.8,-8.66,-47.77
-16,0,9.84,-9.246,-48.36
-16,0,9.88,-9.58200000000001,-48.7
-16,0,9.92,-10.03,-49.14
-16,0,9.96,-10.67,-49.76
-16,0,10,-11.53,-50.6
-16,0,10.04,-11.714,-50.96
-16,0,10.08,-9.998,-49.42
-16,0,10.12,-10.996,-50.55
-16,0,10.16,-10.658,-50.3
-16,0,10.2,-10.05,-49.78
-16,0,10.24,-11.732,-51.43
-16,0,10.28,-13.984,-53.65
-16,0,10.32,-13.822,-53.45
-16,0,10.36,-14.216,-53.8
-16,0,10.4,-14.2,-53.74
-16,0,10.44,-12.194,-51.73
-16,0,10.48,-12.038,-51.57
-16,0,10.52,-12.252,-51.86
-16,0,10.56,-12.806,-52.57
-16,0,10.6,-13.36,-53.28
-16,0,10.64,-13.338,-53.35
-16,0,10.68,-15.966,-56.07
-16,0,10.72,-15.846,-56.02
-16,0,10.76,-14.578,-54.8
-16,0,10.8,-14,-54.27
-16,0,10.84,-12.69,-52.86
-16,0,10.88,-12.63,-52.7
-16,0,10.92,-11.532,-51.54
-16,0,10.96,-11.946,-51.93
-16,0,11,-13.5,-53.46
-16,0,11.04,-16.186,-56.25
-16,0,11.08,-23.512,-63.68
-16,0,11.12,-39.336,-79.58
-16,0,11.16,-20.178,-60.47
-16,0,11.2,-15.26,-55.6
-16,0,11.24,-13.658,-54.05
-16,0,11.28,-12.486,-52.93
-16,0,11.32,-11.924,-52.44
-16,0,11.36,-11.122,-51.73
-16,0,11.4,-12.51,-53.21
-16,0,11.44,-14.072,-54.82
-16,0,11.48,-15.254,-56.05
-16,0,11.52,-20.64,-61.47
-16,0,11.56,-20.47,-61.32
-16,0,11.6,-20.56,-61.43
-16,0,11.64,-18.716,-59.67
-16,0,11.68,-17.082,-58.12
-16,0,11.72,-17.338,-58.43
-16,0,11.76,-16.734,-57.85
-16,0,11.8,-16.37,-57.51
-16,0,11.84,-15.736,-56.82
-16,0,11.88,-15.312,-56.34
-16,0,11.92,-15.114,-56.24
-16,0,11.96,-12.842,-54.22
-16,0,12,-14.16,-55.79
-15,0,8,-10.3,-44.92
-15,0,8.04,-8.70800000000001,-43.42
-15,0,8.08,-6.216,-41.02
-15,0,8.12,-4.30199999999999,-39.19
-15,0,8.16,-2.336,-37.3
-15,0,8.2,-1.97,-37.01
-15,0,8.24,0.0679999999999978,-35.04
-15,0,8.28,1.256,-33.92
-15,0,8.32,2.754,-32.49
-15,0,8.36,3.442,-31.87
-15,0,8.4,3.79,-31.59
-15,0,8.44,4.188,-31.4
-15,0,8.48,4.476,-31.32
-15,0,8.52,4.786,-31.24
-15,0,8.56,5.05800000000001,-31.22
-15,0,8.6,5.41,-31.12
-15,0,8.64,5.21600000000001,-31.63
-15,0,8.68,5.802,-31.36
-15,0,8.72,5.422,-31.88
-15,0,8.76,5.476,-31.79
-15,0,8.8,4.52,-32.71
-15,0,8.84,5.136,-32.05
-15,0,8.88,3.852,-33.29
-15,0,8.92,2.576,-34.63
-15,0,8.96,1.698,-35.68
-15,0,9,1.9,-35.65
-15,0,9.04,0.355999999999995,-37.43
-15,0,9.08,0.732000000000006,-37.29
-15,0,9.12,-0.456000000000003,-38.74
-15,0,9.16,-0.507999999999996,-39.08
-15,0,9.2,-0.899999999999999,-39.76
-15,0,9.24,-0.770000000000003,-39.37
-15,0,9.28,-1.30999999999999,-39.65
-15,0,9.32,-1.578,-39.74
-15,0,9.36,-1.584,-39.65
-15,0,9.4,-2.9,-40.87
-15,0,9.44,-3.864,-41.97
-15,0,9.48,-3.97799999999999,-42.22
-15,0,9.52,-3.502,-41.88
-15,0,9.56,-3.796,-42.31
-15,0,9.6,-5.03,-43.68
-15,0,9.64,-4.9,-43.67
-15,0,9.68,-5.77,-44.66
-15,0,9.72,-6.688,-45.67
-15,0,9.76,-7.214,-46.26
-15,0,9.8,-7.64,-46.75
-15,0,9.84,-8.316,-47.43
-15,0,9.88,-8.742,-47.86
-15,0,9.92,-9.72,-48.83
-15,0,9.96,-10.35,-49.44
-15,0,10,-11.89,-50.96
-15,0,10.04,-11.574,-50.82
-15,0,10.08,-10.158,-49.58
-15,0,10.12,-10.086,-49.64
-15,0,10.16,-9.998,-49.64
-15,0,10.2,-9.72000000000001,-49.45
-15,0,10.24,-9.852,-49.55
-15,0,10.28,-12.044,-51.71
-15,0,10.32,-15.242,-54.87
-15,0,10.36,-16.146,-55.73
-15,0,10.4,-14.26,-53.8
-15,0,10.44,-12.224,-51.76
-15,0,10.48,-10.658,-50.19
-15,0,10.52,-11.712,-51.32
-15,0,10.56,-11.046,-50.81
-15,0,10.6,-12.31,-52.23
-15,0,10.64,-12.898,-52.91
-15,0,10.68,-14.366,-54.47
-15,0,10.72,-16.256,-56.43
-15,0,10.76,-18.048,-58.27
-15,0,10.8,-16.18,-56.45
-15,0,10.84,-13.32,-53.49
-15,0,10.88,-11.06,-51.13
-15,0,10.92,-10.092,-50.1
-15,0,10.96,-9.846,-49.83
-15,0,11,-10.51,-50.47
-15,0,11.04,-12.566,-52.63
-15,0,11.08,-15.722,-55.89
-15,0,11.12,-19.846,-60.09
-15,0,11.16,-31.438,-71.73
-15,0,11.2,-22.49,-62.83
-15,0,11.24,-18.018,-58.41
-15,0,11.28,-15.296,-55.74
-15,0,11.32,-12.544,-53.06
-15,0,11.36,-10.722,-51.33
-15,0,11.4,-11.72,-52.42
-15,0,11.44,-11.442,-52.19
-15,0,11.48,-13.294,-54.09
-15,0,11.52,-15.22,-56.05
-15,0,11.56,-16.85,-57.7
-15,0,11.6,-18.14,-59.01
-15,0,11.64,-18.916,-59.87
-15,0,11.68,-22.342,-63.38
-15,0,11.72,-22.208,-63.3
-15,0,11.76,-18.844,-59.96
-15,0,11.8,-16.87,-58.01
-15,0,11.84,-15.276,-56.36
-15,0,11.88,-14.832,-55.86
-15,0,11.92,-12.584,-53.71
-15,0,11.96,-12.322,-53.7
-15,0,12,-14.23,-55.86
-14,0,8,-8.34,-42.96
-14,0,8.04,-8.448,-43.16
-14,0,8.08,-7.656,-42.46
-14,0,8.12,-6.712,-41.6
-14,0,8.16,-4.986,-39.95
-14,0,8.2,-4.35,-39.39
-14,0,8.24,-2.032,-37.14
-14,0,8.28,-0.553999999999995,-35.73
-14,0,8.32,1.264,-33.98
-14,0,8.36,2.04199999999999,-33.27
-14,0,8.4,2.62,-32.76
-14,0,8.44,3.298,-32.29
-14,0,8.48,3.806,-31.99
-14,0,8.52,4.51599999999999,-31.51
-14,0,8.56,4.88800000000001,-31.39
-14,0,8.6,5.36,-31.17
-14,0,8.64,5.28600000000001,-31.56
-14,0,8.68,6.082,-31.08
-14,0,8.72,5.942,-31.36
-14,0,8.76,6.186,-31.08
-14,0,8.8,5.44,-31.79
-14,0,8.84,6.10599999999999,-31.08
-14,0,8.88,4.982,-32.16
-14,0,8.92,3.706,-33.5
-14,0,8.96,2.898,-34.48
-14,0,9,3.37,-34.18
-14,0,9.04,1.83599999999999,-35.95
-14,0,9.08,1.91200000000001,-36.11
-14,0,9.12,0.853999999999999,-37.43
-14,0,9.16,0.462000000000003,-38.11
-14,0,9.2,0.0399999999999991,-38.82
-14,0,9.24,-0.270000000000003,-38.87
-14,0,9.28,-1.02999999999999,-39.37
-14,0,9.32,-1.138,-39.3
-14,0,9.36,-0.803999999999995,-38.87
-14,0,9.4,-2.24,-40.21
-14,0,9.44,-2.944,-41.05
-14,0,9.48,-3.178,-41.42
-14,0,9.52,-3.352,-41.73
-14,0,9.56,-3.39599999999999,-41.91
-14,0,9.6,-4.59,-43.24
-14,0,9.64,-4.45,-43.22
-14,0,9.68,-5.04,-43.93
-14,0,9.72,-5.62799999999999,-44.61
-14,0,9.76,-6.364,-45.41
-14,0,9.8,-6.18,-45.29
-14,0,9.84,-6.656,-45.77
-14,0,9.88,-7.852,-46.97
-14,0,9.92,-9.01,-48.12
-14,0,9.96,-9.19,-48.28
-14,0,10,-10.64,-49.71
-14,0,10.04,-11.344,-50.59
-14,0,10.08,-9.998,-49.42
-14,0,10.12,-10.766,-50.32
-14,0,10.16,-10.438,-50.08
-14,0,10.2,-9.69,-49.42
-14,0,10.24,-9.64200000000001,-49.34
-14,0,10.28,-11.314,-50.98
-14,0,10.32,-13.422,-53.05
-14,0,10.36,-14.756,-54.34
-14,0,10.4,-14.64,-54.18
-14,0,10.44,-11.494,-51.03
-14,0,10.48,-10.548,-50.08
-14,0,10.52,-10.422,-50.03
-14,0,10.56,-9.276,-49.04
-14,0,10.6,-10.4,-50.32
-14,0,10.64,-11.968,-51.98
-14,0,10.68,-13.276,-53.38
-14,0,10.72,-13.966,-54.14
-14,0,10.76,-18.418,-58.64
-14,0,10.8,-22,-62.27
-14,0,10.84,-14.48,-54.65
-14,0,10.88,-11.23,-51.3
-14,0,10.92,-9.52199999999999,-49.53
-14,0,10.96,-9.17599999999999,-49.16
-14,0,11,-8.74,-48.7
-14,0,11.04,-9.82600000000001,-49.89
-14,0,11.08,-11.812,-51.98
-14,0,11.12,-13.486,-53.73
-14,0,11.16,-16.578,-56.87
-14,0,11.2,-28.77,-69.11
-14,0,11.24,-33.128,-73.52
-14,0,11.28,-21.136,-61.58
-14,0,11.32,-15.964,-56.48
-14,0,11.36,-13.182,-53.79
-14,0,11.4,-11.76,-52.46
-14,0,11.44,-11.722,-52.47
-14,0,11.48,-11.964,-52.76
-14,0,11.52,-12.39,-53.22
-14,0,11.56,-12.39,-53.24
-14,0,11.6,-12.51,-53.38
-14,0,11.64,-14.186,-55.14
-14,0,11.68,-16.212,-57.25
-14,0,11.72,-20.138,-61.23
-14,0,11.76,-28.384,-69.5
-14,0,11.8,-24.28,-65.42
-14,0,11.84,-17.146,-58.23
-14,0,11.88,-14.382,-55.41
-14,0,11.92,-12.944,-54.07
-14,0,11.96,-11.602,-52.98
-14,0,12,-13.25,-54.88
-13,0,8,-6.61,-41.23
-13,0,8.04,-6.818,-41.53
-13,0,8.08,-7.066,-41.87
-13,0,8.12,-7.452,-42.34
-13,0,8.16,-7.116,-42.08
-13,0,8.2,-7.28,-42.32
-13,0,8.24,-4.922,-40.03
-13,0,8.28,-3.05399999999999,-38.23
-13,0,8.32,-0.936,-36.18
-13,0,8.36,0.131999999999998,-35.18
-13,0,8.4,0.970000000000006,-34.41
-13,0,8.44,1.968,-33.62
-13,0,8.48,2.876,-32.92
-13,0,8.52,3.75599999999999,-32.27
-13,0,8.56,4.30800000000001,-31.97
-13,0,8.6,4.96,-31.57
-13,0,8.64,5.07600000000001,-31.77
-13,0,8.68,6.082,-31.08
-13,0,8.72,6.112,-31.19
-13,0,8.76,6.536,-30.73
-13,0,8.8,5.84,-31.39
-13,0,8.84,6.67599999999999,-30.51
-13,0,8.88,5.802,-31.34
-13,0,8.92,4.716,-32.49
-13,0,8.96,3.998,-33.38
-13,0,9,4.37,-33.18
-13,0,9.04,3.136,-34.65
-13,0,9.08,3.532,-34.49
-13,0,9.12,2.004,-36.28
-13,0,9.16,1.852,-36.72
-13,0,9.2,1.2,-37.66
-13,0,9.24,0.889999999999993,-37.71
-13,0,9.28,-0.22999999999999,-38.57
-13,0,9.32,-0.558,-38.72
-13,0,9.36,-0.293999999999997,-38.36
-13,0,9.4,-1.43,-39.4
-13,0,9.44,-2.434,-40.54
-13,0,9.48,-2.69799999999999,-40.94
-13,0,9.52,-2.632,-41.01
-13,0,9.56,-2.936,-41.45
-13,0,9.6,-3.93,-42.58
-13,0,9.64,-3.84,-42.61
-13,0,9.68,-4.79,-43.68
-13,0,9.72,-4.90799999999999,-43.89
-13,0,9.76,-5.474,-44.52
-13,0,9.8,-5.53,-44.64
-13,0,9.84,-6.416,-45.53
-13,0,9.88,-7.22200000000001,-46.34
-13,0,9.92,-8.17,-47.28
-13,0,9.96,-8.20999999999999,-47.3
-13,0,10,-9.03,-48.1
-13,0,10.04,-10.244,-49.49
-13,0,10.08,-9.248,-48.67
-13,0,10.12,-9.90600000000001,-49.46
-13,0,10.16,-10.458,-50.1
-13,0,10.2,-9.23,-48.96
-13,0,10.24,-10.312,-50.01
-13,0,10.28,-11.024,-50.69
-13,0,10.32,-13.962,-53.59
-13,0,10.36,-15.476,-55.06
-13,0,10.4,-13.99,-53.53
-13,0,10.44,-11.454,-50.99
-13,0,10.48,-9.708,-49.24
-13,0,10.52,-8.47199999999999,-48.08
-13,0,10.56,-8.136,-47.9
-13,0,10.6,-8.81,-48.73
-13,0,10.64,-10.308,-50.32
-13,0,10.68,-11.686,-51.79
-13,0,10.72,-12.866,-53.04
-13,0,10.76,-15.418,-55.64
-13,0,10.8,-20.86,-61.13
-13,0,10.84,-20.14,-60.31
-13,0,10.88,-14,-54.07
-13,0,10.92,-10.962,-50.97
-13,0,10.96,-9.256,-49.24
-13,0,11,-8.22,-48.18
-13,0,11.04,-8.17600000000001,-48.24
-13,0,11.08,-10.092,-50.26
-13,0,11.12,-10.826,-51.07
-13,0,11.16,-12.368,-52.66
-13,0,11.2,-15.67,-56.01
-13,0,11.24,-21.428,-61.82
-13,0,11.28,-24.356,-64.8
-13,0,11.32,-26.944,-67.46
-13,0,11.36,-16.722,-57.33
-13,0,11.4,-14.09,-54.79
-13,0,11.44,-13.772,-54.52
-13,0,11.48,-12.374,-53.17
-13,0,11.52,-11.12,-51.95
-13,0,11.56,-12.14,-52.99
-13,0,11.6,-10.66,-51.53
-13,0,11.64,-10.586,-51.54
-13,0,11.68,-10.302,-51.34
-13,0,11.72,-12.488,-53.58
-13,0,11.76,-15.784,-56.9
-13,0,11.8,-22.91,-64.05
-13,0,11.84,-26.586,-67.67
-13,0,11.88,-21.182,-62.21
-13,0,11.92,-15.504,-56.63
-13,0,11.96,-13.602,-54.98
-13,0,12,-14.38,-56.01
-12,0,8,-5.5,-40.12
-12,0,8.04,-5.258,-39.97
-12,0,8.08,-5.666,-40.47
-12,0,8.12,-6.352,-41.24
-12,0,8.16,-7.236,-42.2
-12,0,8.2,-8.61,-43.65
-12,0,8.24,-7.282,-42.39
-12,0,8.28,-5.824,-41
-12,0,8.32,-3.766,-39.01
-12,0,8.36,-2.348,-37.66
-12,0,8.4,-1.09,-36.47
-12,0,8.44,0.347999999999999,-35.24
-12,0,8.48,1.626,-34.17
-12,0,8.52,2.796,-33.23
-12,0,8.56,3.438,-32.84
-12,0,8.6,4.24,-32.29
-12,0,8.64,4.52600000000001,-32.32
-12,0,8.68,5.762,-31.4
-12,0,8.72,5.972,-31.33
-12,0,8.76,6.526,-30.74
-12,0,8.8,6.03,-31.2
-12,0,8.84,7.01599999999999,-30.17
-12,0,8.88,6.29199999999999,-30.85
-12,0,8.92,5.366,-31.84
-12,0,8.96,4.748,-32.63
-12,0,9,5.45999999999999,-32.09
-12,0,9.04,4.29599999999999,-33.49
-12,0,9.08,4.77200000000001,-33.25
-12,0,9.12,3.324,-34.96
-12,0,9.16,3.032,-35.54
-12,0,9.2,2.44,-36.42
-12,0,9.24,2.03999999999999,-36.56
-12,0,9.28,0.860000000000014,-37.48
-12,0,9.32,0.362000000000002,-37.8
-12,0,9.36,0.326000000000001,-37.74
-12,0,9.4,-0.789999999999999,-38.76
-12,0,9.44,-1.724,-39.83
-12,0,9.48,-1.61799999999999,-39.86
-12,0,9.52,-1.552,-39.93
-12,0,9.56,-2.126,-40.64
-12,0,9.6,-3.36,-42.01
-12,0,9.64,-3.25,-42.02
-12,0,9.68,-3.89,-42.78
-12,0,9.72,-4.44799999999999,-43.43
-12,0,9.76,-4.754,-43.8
-12,0,9.8,-4.71,-43.82
-12,0,9.84,-5.306,-44.42
-12,0,9.88,-6.362,-45.48
-12,0,9.92,-6.82,-45.93
-12,0,9.96,-7.52999999999999,-46.62
-12,0,10,-7.85,-46.92
-12,0,10.04,-8.294,-47.54
-12,0,10.08,-8.658,-48.08
-12,0,10.12,-8.956,-48.51
-12,0,10.16,-9.788,-49.43
-12,0,10.2,-8.43,-48.16
-12,0,10.24,-8.672,-48.37
-12,0,10.28,-10.864,-50.53
-12,0,10.32,-14.802,-54.43
-12,0,10.36,-17.456,-57.04
-12,0,10.4,-15.39,-54.93
-12,0,10.44,-12.024,-51.56
-12,0,10.48,-8.538,-48.07
-12,0,10.52,-6.962,-46.57
-12,0,10.56,-6.136,-45.9
-12,0,10.6,-6.31,-46.23
-12,0,10.64,-7.758,-47.77
-12,0,10.68,-10.006,-50.11
-12,0,10.72,-11.776,-51.95
-12,0,10.76,-13.418,-53.64
-12,0,10.8,-17.24,-57.51
-12,0,10.84,-24.81,-64.98
-12,0,10.88,-18.22,-58.29
-12,0,10.92,-13.792,-53.8
-12,0,10.96,-11.166,-51.15
-12,0,11,-8.58,-48.54
-12,0,11.04,-8.26600000000001,-48.33
-12,0,11.08,-8.912,-49.08
-12,0,11.12,-9.266,-49.51
-12,0,11.16,-10.018,-50.31
-12,0,11.2,-12.17,-52.51
-12,0,11.24,-14.658,-55.05
-12,0,11.28,-16.636,-57.08
-12,0,11.32,-21.524,-62.04
-12,0,11.36,-27.672,-68.28
-12,0,11.4,-20.61,-61.31
-12,0,11.44,-16.952,-57.7
-12,0,11.48,-15.124,-55.92
-12,0,11.52,-11.95,-52.78
-12,0,11.56,-13.44,-54.29
-12,0,11.6,-11.57,-52.44
-12,0,11.64,-11.166,-52.12
-12,0,11.68,-10.712,-51.75
-12,0,11.72,-11.498,-52.59
-12,0,11.76,-11.924,-53.04
-12,0,11.8,-15.24,-56.38
-12,0,11.84,-17.636,-58.72
-12,0,11.88,-20.992,-62.02
-12,0,11.92,-21.564,-62.69
-12,0,11.96,-20.932,-62.31
-12,0,12,-16.81,-58.44
-11,0,8,-4.86,-39.48
-11,0,8.04,-4.268,-38.98
-11,0,8.08,-4.436,-39.24
-11,0,8.12,-5.19199999999999,-40.08
-11,0,8.16,-5.786,-40.75
-11,0,8.2,-7.43,-42.47
-11,0,8.24,-7.73200000000001,-42.84
-11,0,8.28,-7.80399999999999,-42.98
-11,0,8.32,-6.626,-41.87
-11,0,8.36,-5.748,-41.06
-11,0,8.4,-3.72,-39.1
-11,0,8.44,-1.972,-37.56
-11,0,8.48,-0.374000000000002,-36.17
-11,0,8.52,1.14599999999999,-34.88
-11,0,8.56,2.02800000000001,-34.25
-11,0,8.6,3.11,-33.42
-11,0,8.64,3.73600000000001,-33.11
-11,0,8.68,5.162,-32
-11,0,8.72,5.552,-31.75
-11,0,8.76,6.176,-31.09
-11,0,8.8,5.92,-31.31
-11,0,8.84,7.15599999999999,-30.03
-11,0,8.88,6.502,-30.64
-11,0,8.92,5.686,-31.52
-11,0,8.96,5.238,-32.14
-11,0,9,6.3,-31.25
-11,0,9.04,5.14599999999999,-32.64
-11,0,9.08,5.672,-32.35
-11,0,9.12,4.454,-33.83
-11,0,9.16,4.16200000000001,-34.41
-11,0,9.2,3.56,-35.3
-11,0,9.24,3.39999999999999,-35.2
-11,0,9.28,2.22000000000001,-36.12
-11,0,9.32,1.772,-36.39
-11,0,9.36,1.58600000000001,-36.48
-11,0,9.4,0.299999999999997,-37.67
-11,0,9.44,-0.713999999999999,-38.82
-11,0,9.48,-0.917999999999992,-39.16
-11,0,9.52,-0.792000000000002,-39.17
-11,0,9.56,-1.296,-39.81
-11,0,9.6,-2.62,-41.27
-11,0,9.64,-2.43,-41.2
-11,0,9.68,-3.17,-42.06
-11,0,9.72,-3.72799999999999,-42.71
-11,0,9.76,-3.924,-42.97
-11,0,9.8,-4.39,-43.5
-11,0,9.84,-5.29599999999999,-44.41
-11,0,9.88,-6.042,-45.16
-11,0,9.92,-6.66,-45.77
-11,0,9.96,-6.8,-45.89
-11,0,10,-6.98,-46.05
-11,0,10.04,-7.77400000000001,-47.02
-11,0,10.08,-7.20800000000001,-46.63
-11,0,10.12,-7.51600000000001,-47.07
-11,0,10.16,-8.178,-47.82
-11,0,10.2,-7.49,-47.22
-11,0,10.24,-6.782,-46.48
-11,0,10.28,-8.404,-48.07
-11,0,10.32,-12.732,-52.36
-11,0,10.36,-17.456,-57.04
-11,0,10.4,-18.77,-58.31
-11,0,10.44,-13.654,-53.19
-11,0,10.48,-8.708,-48.24
-11,0,10.52,-6.712,-46.32
-11,0,10.56,-5.206,-44.97
-11,0,10.6,-5.48999999999999,-45.41
-11,0,10.64,-6.228,-46.24
-11,0,10.68,-7.94599999999999,-48.05
-11,0,10.72,-9.566,-49.74
-11,0,10.76,-10.918,-51.14
-11,0,10.8,-13.34,-53.61
-11,0,10.84,-19.08,-59.25
-11,0,10.88,-26.28,-66.35
-11,0,10.92,-19.732,-59.74
-11,0,10.96,-13.816,-53.8
-11,0,11,-10.2,-50.16
-11,0,11.04,-8.42600000000001,-48.49
-11,0,11.08,-8.722,-48.89
-11,0,11.12,-7.616,-47.86
-11,0,11.16,-8.248,-48.54
-11,0,11.2,-9.45,-49.79
-11,0,11.24,-11.468,-51.86
-11,0,11.28,-12.266,-52.71
-11,0,11.32,-15.044,-55.56
-11,0,11.36,-16.872,-57.48
-11,0,11.4,-22.88,-63.58
-11,0,11.44,-19.942,-60.69
-11,0,11.48,-17.474,-58.27
-11,0,11.52,-14.39,-55.22
-11,0,11.56,-14.73,-55.58
-11,0,11.6,-13.62,-54.49
-11,0,11.64,-12.626,-53.58
-11,0,11.68,-11.912,-52.95
-11,0,11.72,-11.578,-52.67
-11,0,11.76,-12.364,-53.48
-11,0,11.8,-13.73,-54.87
-11,0,11.84,-14.716,-55.8
-11,0,11.88,-15.242,-56.27
-11,0,11.92,-17.424,-58.55
-11,0,11.96,-22.672,-64.05
-11,0,12,-20.96,-62.59
-10,0,8,-5.47000000000001,-40.09
-10,0,8.04,-4.52800000000001,-39.24
-10,0,8.08,-4.046,-38.85
-10,0,8.12,-4.182,-39.07
-10,0,8.16,-4.686,-39.65
-10,0,8.2,-6.33,-41.37
-10,0,8.24,-6.562,-41.67
-10,0,8.28,-7.844,-43.02
-10,0,8.32,-8.136,-43.38
-10,0,8.36,-8.20800000000001,-43.52
-10,0,8.4,-6.7,-42.08
-10,0,8.44,-4.812,-40.4
-10,0,8.48,-2.934,-38.73
-10,0,8.52,-1.03400000000001,-37.06
-10,0,8.56,0.268000000000008,-36.01
-10,0,8.6,1.72,-34.81
-10,0,8.64,2.48600000000001,-34.36
-10,0,8.68,4.202,-32.96
-10,0,8.72,4.702,-32.6
-10,0,8.76,5.646,-31.62
-10,0,8.8,5.51,-31.72
-10,0,8.84,6.88599999999999,-30.3
-10,0,8.88,6.442,-30.7
-10,0,8.92,5.766,-31.44
-10,0,8.96,5.498,-31.88
-10,0,9,6.74,-30.81
-10,0,9.04,5.796,-31.99
-10,0,9.08,6.492,-31.53
-10,0,9.12,5.224,-33.06
-10,0,9.16,5.042,-33.53
-10,0,9.2,4.52,-34.34
-10,0,9.24,4.27,-34.33
-10,0,9.28,3.46000000000001,-34.88
-10,0,9.32,2.992,-35.17
-10,0,9.36,2.716,-35.35
-10,0,9.4,1.4,-36.57
-10,0,9.44,0.416000000000004,-37.69
-10,0,9.48,0.272000000000006,-37.97
-10,0,9.52,0.118000000000002,-38.26
-10,0,9.56,-0.366,-38.88
-10,0,9.6,-1.72,-40.37
-10,0,9.64,-1.57,-40.34
-10,0,9.68,-2.37,-41.26
-10,0,9.72,-2.468,-41.45
-10,0,9.76,-2.934,-41.98
-10,0,9.8,-3.6,-42.71
-10,0,9.84,-4.956,-44.07
-10,0,9.88,-5.58200000000001,-44.7
-10,0,9.92,-6.27,-45.38
-10,0,9.96,-6.34999999999999,-45.44
-10,0,10,-6.81,-45.88
-10,0,10.04,-7.13400000000001,-46.38
-10,0,10.08,-6.45800000000001,-45.88
-10,0,10.12,-6.54600000000001,-46.1
-10,0,10.16,-7.108,-46.75
-10,0,10.2,-6.04000000000001,-45.77
-10,0,10.24,-5.26200000000001,-44.96
-10,0,10.28,-5.764,-45.43
-10,0,10.32,-8.642,-48.27
-10,0,10.36,-12.476,-52.06
-10,0,10.4,-18.48,-58.02
-10,0,10.44,-20.394,-59.93
-10,0,10.48,-12.868,-52.4
-10,0,10.52,-8.022,-47.63
-10,0,10.56,-5.92599999999999,-45.69
-10,0,10.6,-5.21,-45.13
-10,0,10.64,-5.188,-45.2
-10,0,10.68,-6.33599999999999,-46.44
-10,0,10.72,-7.216,-47.39
-10,0,10.76,-7.008,-47.23
-10,0,10.8,-9.37,-49.64
-10,0,10.84,-13.34,-53.51
-10,0,10.88,-19.33,-59.4
-10,0,10.92,-25.612,-65.62
-10,0,10.96,-17.476,-57.46
-10,0,11,-12.87,-52.83
-10,0,11.04,-10.446,-50.51
-10,0,11.08,-9.642,-49.81
-10,0,11.12,-8.496,-48.74
-10,0,11.16,-8.248,-48.54
-10,0,11.2,-9.09999999999999,-49.44
-10,0,11.24,-10.258,-50.65
-10,0,11.28,-10.626,-51.07
-10,0,11.32,-11.654,-52.17
-10,0,11.36,-13.472,-54.08
-10,0,11.4,-17.61,-58.31
-10,0,11.44,-21.022,-61.77
-10,0,11.48,-23.524,-64.32
-10,0,11.52,-18.73,-59.56
-10,0,11.56,-16.19,-57.04
-10,0,11.6,-14.77,-55.64
-10,0,11.64,-14.386,-55.34
-10,0,11.68,-13.272,-54.31
-10,0,11.72,-12.298,-53.39
-10,0,11.76,-13.104,-54.22
-10,0,11.8,-13.2,-54.34
-10,0,11.84,-14.486,-55.57
-10,0,11.88,-13.992,-55.02
-10,0,11.92,-13.994,-55.12
-10,0,11.96,-17.632,-59.01
-10,0,12,-20.62,-62.25
-9,0,8,-6.76000000000001,-41.38
-9,0,8.04,-5.298,-40.01
-9,0,8.08,-4.436,-39.24
-9,0,8.12,-4.102,-38.99
-9,0,8.16,-4.036,-39
-9,0,8.2,-5.27,-40.31
-9,0,8.24,-5.41200000000001,-40.52
-9,0,8.28,-6.474,-41.65
-9,0,8.32,-7.176,-42.42
-9,0,8.36,-8.238,-43.55
-9,0,8.4,-8.45,-43.83
-9,0,8.44,-7.462,-43.05
-9,0,8.48,-6.064,-41.86
-9,0,8.52,-3.99400000000001,-40.02
-9,0,8.56,-2.05199999999999,-38.33
-9,0,8.6,-0.109999999999999,-36.64
-9,0,8.64,0.966000000000008,-35.88
-9,0,8.68,2.722,-34.44
-9,0,8.72,3.362,-33.94
-9,0,8.76,4.596,-32.67
-9,0,8.8,4.77,-32.46
-9,0,8.84,6.33599999999999,-30.85
-9,0,8.88,5.932,-31.21
-9,0,8.92,5.546,-31.66
-9,0,8.96,5.578,-31.8
-9,0,9,6.89,-30.66
-9,0,9.04,6.17599999999999,-31.61
-9,0,9.08,6.89200000000001,-31.13
-9,0,9.12,5.834,-32.45
-9,0,9.16,5.782,-32.79
-9,0,9.2,5.35,-33.51
-9,0,9.24,5.07999999999999,-33.52
-9,0,9.28,4.40000000000001,-33.94
-9,0,9.32,4.012,-34.15
-9,0,9.36,3.916,-34.15
-9,0,9.4,2.62,-35.35
-9,0,9.44,1.566,-36.54
-9,0,9.48,1.492,-36.75
-9,0,9.52,1.298,-37.08
-9,0,9.56,0.714000000000006,-37.8
-9,0,9.6,-1.02,-39.67
-9,0,9.64,-0.899999999999999,-39.67
-9,0,9.68,-1.32,-40.21
-9,0,9.72,-1.51799999999999,-40.5
-9,0,9.76,-2.074,-41.12
-9,0,9.8,-2.58,-41.69
-9,0,9.84,-4.066,-43.18
-9,0,9.88,-5.33200000000001,-44.45
-9,0,9.92,-5.54,-44.65
-9,0,9.96,-6.52999999999999,-45.62
-9,0,10,-6.82,-45.89
-9,0,10.04,-6.84400000000001,-46.09
-9,0,10.08,-5.938,-45.36
-9,0,10.12,-6.72600000000001,-46.28
-9,0,10.16,-6.178,-45.82
-9,0,10.2,-4.8,-44.53
-9,0,10.24,-4.23200000000001,-43.93
-9,0,10.28,-3.904,-43.57
-9,0,10.32,-6.012,-45.64
-9,0,10.36,-8.096,-47.68
-9,0,10.4,-11.2,-50.74
-9,0,10.44,-15.264,-54.8
-9,0,10.48,-17.948,-57.48
-9,0,10.52,-13.012,-52.62
-9,0,10.56,-8.956,-48.72
-9,0,10.6,-7.13,-47.05
-9,0,10.64,-6.468,-46.48
-9,0,10.68,-6.60599999999999,-46.71
-9,0,10.72,-6.086,-46.26
-9,0,10.76,-5.988,-46.21
-9,0,10.8,-6.31,-46.58
-9,0,10.84,-9.58,-49.75
-9,0,10.88,-13.65,-53.72
-9,0,10.92,-16.492,-56.5
-9,0,10.96,-19.196,-59.18
-9,0,11,-15.45,-55.41
-9,0,11.04,-13.256,-53.32
-9,0,11.08,-11.702,-51.87
-9,0,11.12,-10.746,-50.99
-9,0,11.16,-9.898,-50.19
-9,0,11.2,-10.1,-50.44
-9,0,11.24,-10.208,-50.6
-9,0,11.28,-10.026,-50.47
-9,0,11.32,-10.094,-50.61
-9,0,11.36,-11.012,-51.62
-9,0,11.4,-13.33,-54.03
-9,0,11.44,-15.842,-56.59
-9,0,11.48,-16.764,-57.56
-9,0,11.52,-23.85,-64.68
-9,0,11.56,-17.23,-58.08
-9,0,11.6,-17.36,-58.23
-9,0,11.64,-15.396,-56.35
-9,0,11.68,-13.652,-54.69
-9,0,11.72,-12.068,-53.16
-9,0,11.76,-12.584,-53.7
-9,0,11.8,-13.92,-55.06
-9,0,11.84,-13.266,-54.35
-9,0,11.88,-13.882,-54.91
-9,0,11.92,-14.384,-55.51
-9,0,11.96,-15.622,-57
-9,0,12,-17.52,-59.15
-8,0,8,-9.01000000000001,-43.63
-8,0,8.04,-6.908,-41.62
-8,0,8.08,-5.546,-40.35
-8,0,8.12,-4.59199999999999,-39.48
-8,0,8.16,-4.066,-39.03
-8,0,8.2,-5.26,-40.3
-8,0,8.24,-4.792,-39.9
-8,0,8.28,-5.504,-40.68
-8,0,8.32,-5.836,-41.08
-8,0,8.36,-6.908,-42.22
-8,0,8.4,-7.73,-43.11
-8,0,8.44,-8.142,-43.73
-8,0,8.48,-8.044,-43.84
-8,0,8.52,-6.99400000000001,-43.02
-8,0,8.56,-4.752,-41.03
-8,0,8.6,-2.42,-38.95
-8,0,8.64,-0.97399999999999,-37.82
-8,0,8.68,0.902000000000001,-36.26
-8,0,8.72,1.772,-35.53
-8,0,8.76,3.096,-34.17
-8,0,8.8,3.57,-33.66
-8,0,8.84,5.36599999999999,-31.82
-8,0,8.88,5.132,-32.01
-8,0,8.92,4.926,-32.28
-8,0,8.96,5.198,-32.18
-8,0,9,6.76,-30.79
-8,0,9.04,6.14599999999999,-31.64
-8,0,9.08,7.13200000000001,-30.89
-8,0,9.12,6.134,-32.15
-8,0,9.16,6.222,-32.35
-8,0,9.2,5.91,-32.95
-8,0,9.24,5.77,-32.83
-8,0,9.28,5.08000000000001,-33.26
-8,0,9.32,4.832,-33.33
-8,0,9.36,4.83600000000001,-33.23
-8,0,9.4,3.61,-34.36
-8,0,9.44,2.676,-35.43
-8,0,9.48,2.52200000000001,-35.72
-8,0,9.52,2.608,-35.77
-8,0,9.56,1.874,-36.64
-8,0,9.6,0.0499999999999972,-38.6
-8,0,9.64,-0.0399999999999991,-38.81
-8,0,9.68,-0.380000000000003,-39.27
-8,0,9.72,-0.527999999999992,-39.51
-8,0,9.76,-0.823999999999998,-39.87
-8,0,9.8,-1.49,-40.6
-8,0,9.84,-2.636,-41.75
-8,0,9.88,-4.12200000000001,-43.24
-8,0,9.92,-4.79,-43.9
-8,0,9.96,-6.34,-45.43
-8,0,10,-6.73,-45.8
-8,0,10.04,-6.99400000000001,-46.24
-8,0,10.08,-6.09800000000001,-45.52
-8,0,10.12,-5.996,-45.55
-8,0,10.16,-6.20800000000001,-45.85
-8,0,10.2,-4.41,-44.14
-8,0,10.24,-3.64200000000001,-43.34
-8,0,10.28,-3.194,-42.86
-8,0,10.32,-4.172,-43.8
-8,0,10.36,-5.596,-45.18
-8,0,10.4,-6.82,-46.36
-8,0,10.44,-9.634,-49.17
-8,0,10.48,-13.848,-53.38
-8,0,10.52,-16.712,-56.32
-8,0,10.56,-13.746,-53.51
-8,0,10.6,-11.07,-50.99
-8,0,10.64,-8.728,-48.74
-8,0,10.68,-7.776,-47.88
-8,0,10.72,-6.656,-46.83
-8,0,10.76,-5.548,-45.77
-8,0,10.8,-6.02,-46.29
-8,0,10.84,-7.52,-47.69
-8,0,10.88,-9.92999999999999,-50
-8,0,10.92,-11.652,-51.66
-8,0,10.96,-13.366,-53.35
-8,0,11,-13.85,-53.81
-8,0,11.04,-14.186,-54.25
-8,0,11.08,-13.152,-53.32
-8,0,11.12,-12.586,-52.83
-8,0,11.16,-12.178,-52.47
-8,0,11.2,-12.57,-52.91
-8,0,11.24,-11.668,-52.06
-8,0,11.28,-11.176,-51.62
-8,0,11.32,-10.304,-50.82
-8,0,11.36,-10.712,-51.32
-8,0,11.4,-12.2,-52.9
-8,0,11.44,-12.482,-53.23
-8,0,11.48,-11.744,-52.54
-8,0,11.52,-13.99,-54.82
-8,0,11.56,-17.36,-58.21
-8,0,11.6,-16.28,-57.15
-8,0,11.64,-17.836,-58.79
-8,0,11.68,-19.292,-60.33
-8,0,11.72,-14.788,-55.88
-8,0,11.76,-14.994,-56.11
-8,0,11.8,-14.35,-55.49
-8,0,11.84,-13.236,-54.32
-8,0,11.88,-13.672,-54.7
-8,0,11.92,-13.854,-54.98
-8,0,11.96,-13.632,-55.01
-8,0,12,-15.83,-57.46
-7,0,8,-11.44,-46.06
-7,0,8.04,-9.428,-44.14
-7,0,8.08,-7.406,-42.21
-7,0,8.12,-5.79199999999999,-40.68
-7,0,8.16,-5.046,-40.01
-7,0,8.2,-5.75,-40.79
-7,0,8.24,-4.992,-40.1
-7,0,8.28,-5.154,-40.33
-7,0,8.32,-4.996,-40.24
-7,0,8.36,-5.378,-40.69
-7,0,8.4,-5.97,-41.35
-7,0,8.44,-6.442,-42.03
-7,0,8.48,-7.644,-43.44
-7,0,8.52,-7.834,-43.86
-7,0,8.56,-6.922,-43.2
-7,0,8.6,-5.24,-41.77
-7,0,8.64,-3.83399999999999,-40.68
-7,0,8.68,-1.668,-38.83
-7,0,8.72,-0.607999999999997,-37.91
-7,0,8.76,1.136,-36.13
-7,0,8.8,1.86,-35.37
-7,0,8.84,3.91599999999999,-33.27
-7,0,8.88,4.022,-33.12
-7,0,8.92,4.056,-33.15
-7,0,8.96,4.488,-32.89
-7,0,9,6.22,-31.33
-7,0,9.04,5.71599999999999,-32.07
-7,0,9.08,6.88200000000001,-31.14
-7,0,9.12,6.094,-32.19
-7,0,9.16,6.372,-32.2
-7,0,9.2,6.13,-32.73
-7,0,9.24,6.14999999999999,-32.45
-7,0,9.28,5.60000000000001,-32.74
-7,0,9.32,5.482,-32.68
-7,0,9.36,5.566,-32.5
-7,0,9.4,4.5,-33.47
-7,0,9.44,3.676,-34.43
-7,0,9.48,3.462,-34.78
-7,0,9.52,3.608,-34.77
-7,0,9.56,3.014,-35.5
-7,0,9.6,1.31,-37.34
-7,0,9.64,1.23,-37.54
-7,0,9.68,0.740000000000002,-38.15
-7,0,9.72,0.342000000000006,-38.64
-7,0,9.76,0.0259999999999962,-39.02
-7,0,9.8,-0.160000000000004,-39.27
-7,0,9.84,-1.096,-40.21
-7,0,9.88,-2.77200000000001,-41.89
-7,0,9.92,-3.56,-42.67
-7,0,9.96,-5.16999999999999,-44.26
-7,0,10,-6.41,-45.48
-7,0,10.04,-7.184,-46.43
-7,0,10.08,-6.048,-45.47
-7,0,10.12,-6.40600000000001,-45.96
-7,0,10.16,-5.978,-45.62
-7,0,10.2,-4.32,-44.05
-7,0,10.24,-3.12200000000001,-42.82
-7,0,10.28,-2.334,-42
-7,0,10.32,-3.492,-43.12
-7,0,10.36,-4.306,-43.89
-7,0,10.4,-5.1,-44.64
-7,0,10.44,-6.404,-45.94
-7,0,10.48,-9.938,-49.47
-7,0,10.52,-12.452,-52.06
-7,0,10.56,-14.646,-54.41
-7,0,10.6,-14.51,-54.43
-7,0,10.64,-12.038,-52.05
-7,0,10.68,-10.186,-50.29
-7,0,10.72,-8.586,-48.76
-7,0,10.76,-7.048,-47.27
-7,0,10.8,-7.26,-47.53
-7,0,10.84,-7.8,-47.97
-7,0,10.88,-8.36999999999999,-48.44
-7,0,10.92,-9.49199999999999,-49.5
-7,0,10.96,-9.446,-49.43
-7,0,11,-10.17,-50.13
-7,0,11.04,-10.516,-50.58
-7,0,11.08,-11.802,-51.97
-7,0,11.12,-11.566,-51.81
-7,0,11.16,-13.298,-53.59
-7,0,11.2,-13.9,-54.24
-7,0,11.24,-13.578,-53.97
-7,0,11.28,-13.006,-53.45
-7,0,11.32,-12.464,-52.98
-7,0,11.36,-12.142,-52.75
-7,0,11.4,-11.85,-52.55
-7,0,11.44,-11.702,-52.45
-7,0,11.48,-11.134,-51.93
-7,0,11.52,-11.62,-52.45
-7,0,11.56,-13.08,-53.93
-7,0,11.6,-13.43,-54.3
-7,0,11.64,-14.226,-55.18
-7,0,11.68,-14.952,-55.99
-7,0,11.72,-15.418,-56.51
-7,0,11.76,-16.044,-57.16
-7,0,11.8,-17.45,-58.59
-7,0,11.84,-16.276,-57.36
-7,0,11.88,-15.262,-56.29
-7,0,11.92,-13.714,-54.84
-7,0,11.96,-13.252,-54.63
-7,0,12,-14.57,-56.2
-6,0,8,-13.19,-47.81
-6,0,8.04,-12.588,-47.3
-6,0,8.08,-10.056,-44.86
-6,0,8.12,-8.08199999999999,-42.97
-6,0,8.16,-6.786,-41.75
-6,0,8.2,-6.84,-41.88
-6,0,8.24,-5.582,-40.69
-6,0,8.28,-5.424,-40.6
-6,0,8.32,-4.726,-39.97
-6,0,8.36,-4.728,-40.04
-6,0,8.4,-4.98999999999999,-40.37
-6,0,8.44,-5.222,-40.81
-6,0,8.48,-6.184,-41.98
-6,0,8.52,-6.81400000000001,-42.84
-6,0,8.56,-7.05199999999999,-43.33
-6,0,8.6,-6.52,-43.05
-6,0,8.64,-6.49399999999999,-43.34
-6,0,8.68,-4.538,-41.7
-6,0,8.72,-3.278,-40.58
-6,0,8.76,-1.424,-38.69
-6,0,8.8,-0.510000000000005,-37.74
-6,0,8.84,1.71599999999999,-35.47
-6,0,8.88,2.312,-34.83
-6,0,8.92,2.69600000000001,-34.51
-6,0,8.96,3.228,-34.15
-6,0,9,5.06,-32.49
-6,0,9.04,5.01599999999999,-32.77
-6,0,9.08,6.262,-31.76
-6,0,9.12,5.704,-32.58
-6,0,9.16,6.16200000000001,-32.41
-6,0,9.2,6.09,-32.77
-6,0,9.24,6.31,-32.29
-6,0,9.28,5.81000000000001,-32.53
-6,0,9.32,5.872,-32.29
-6,0,9.36,6.01600000000001,-32.05
-6,0,9.4,5.07,-32.9
-6,0,9.44,4.266,-33.84
-6,0,9.48,4.12200000000001,-34.12
-6,0,9.52,4.368,-34.01
-6,0,9.56,3.874,-34.64
-6,0,9.6,2.21,-36.44
-6,0,9.64,2.32,-36.45
-6,0,9.68,1.73,-37.16
-6,0,9.72,1.36200000000001,-37.62
-6,0,9.76,0.955999999999996,-38.09
-6,0,9.8,0.939999999999998,-38.17
-6,0,9.84,0.124000000000002,-38.99
-6,0,9.88,-1.02200000000001,-40.14
-6,0,9.92,-1.97,-41.08
-6,0,9.96,-3.41999999999999,-42.51
-6,0,10,-5.02,-44.09
-6,0,10.04,-6.304,-45.55
-6,0,10.08,-6.158,-45.58
-6,0,10.12,-6.64600000000001,-46.2
-6,0,10.16,-6.148,-45.79
-6,0,10.2,-4.36000000000001,-44.09
-6,0,10.24,-3.00200000000001,-42.7
-6,0,10.28,-2.434,-42.1
-6,0,10.32,-2.942,-42.57
-6,0,10.36,-3.446,-43.03
-6,0,10.4,-3.7,-43.24
-6,0,10.44,-4.344,-43.88
-6,0,10.48,-6.79799999999999,-46.33
-6,0,10.52,-8.702,-48.31
-6,0,10.56,-10.516,-50.28
-6,0,10.6,-13.13,-53.05
-6,0,10.64,-13.808,-53.82
-6,0,10.68,-11.876,-51.98
-6,0,10.72,-11.086,-51.26
-6,0,10.76,-9.278,-49.5
-6,0,10.8,-8.20999999999999,-48.48
-6,0,10.84,-8.98,-49.15
-6,0,10.88,-9.28999999999999,-49.36
-6,0,10.92,-8.68199999999999,-48.69
-6,0,10.96,-7.686,-47.67
-6,0,11,-7.6,-47.56
-6,0,11.04,-8.346,-48.41
-6,0,11.08,-9.752,-49.92
-6,0,11.12,-9.766,-50.01
-6,0,11.16,-11.688,-51.98
-6,0,11.2,-12.54,-52.88
-6,0,11.24,-12.798,-53.19
-6,0,11.28,-12.796,-53.24
-6,0,11.32,-16.254,-56.77
-6,0,11.36,-13.652,-54.26
-6,0,11.4,-12.6,-53.3
-6,0,11.44,-12.922,-53.67
-6,0,11.48,-10.584,-51.38
-6,0,11.52,-10.94,-51.77
-6,0,11.56,-11.56,-52.41
-6,0,11.6,-11.63,-52.5
-6,0,11.64,-11.466,-52.42
-6,0,11.68,-12.782,-53.82
-6,0,11.72,-13.728,-54.82
-6,0,11.76,-13.824,-54.94
-6,0,11.8,-16.49,-57.63
-6,0,11.84,-17.166,-58.25
-6,0,11.88,-14.632,-55.66
-6,0,11.92,-14.574,-55.7
-6,0,11.96,-14.842,-56.22
-6,0,12,-14.94,-56.57
-5,0,8,-12.13,-46.75
-5,0,8.04,-12.928,-47.64
-5,0,8.08,-12.586,-47.39
-5,0,8.12,-11.182,-46.07
-5,0,8.16,-10.146,-45.11
-5,0,8.2,-9.25,-44.29
-5,0,8.24,-7.112,-42.22
-5,0,8.28,-6.384,-41.56
-5,0,8.32,-5.096,-40.34
-5,0,8.36,-4.948,-40.26
-5,0,8.4,-4.54,-39.92
-5,0,8.44,-4.722,-40.31
-5,0,8.48,-5.134,-40.93
-5,0,8.52,-5.46400000000001,-41.49
-5,0,8.56,-5.61199999999999,-41.89
-5,0,8.6,-5.93,-42.46
-5,0,8.64,-6.54399999999999,-43.39
-5,0,8.68,-6.208,-43.37
-5,0,8.72,-5.698,-43
-5,0,8.76,-4.124,-41.39
-5,0,8.8,-3.6,-40.83
-5,0,8.84,-1.02400000000001,-38.21
-5,0,8.88,-0.148000000000003,-37.29
-5,0,8.92,0.626000000000005,-36.58
-5,0,8.96,1.428,-35.95
-5,0,9,3.66,-33.89
-5,0,9.04,3.776,-34.01
-5,0,9.08,5.352,-32.67
-5,0,9.12,4.954,-33.33
-5,0,9.16,5.492,-33.08
-5,0,9.2,5.78,-33.08
-5,0,9.24,6.13999999999999,-32.46
-5,0,9.28,5.88000000000001,-32.46
-5,0,9.32,5.962,-32.2
-5,0,9.36,6.156,-31.91
-5,0,9.4,5.44,-32.53
-5,0,9.44,4.836,-33.27
-5,0,9.48,4.83200000000001,-33.41
-5,0,9.52,4.898,-33.48
-5,0,9.56,4.614,-33.9
-5,0,9.6,2.96,-35.69
-5,0,9.64,3.13,-35.64
-5,0,9.68,2.62,-36.27
-5,0,9.72,2.32200000000001,-36.66
-5,0,9.76,2.016,-37.03
-5,0,9.8,2.03,-37.08
-5,0,9.84,1.42400000000001,-37.69
-5,0,9.88,0.437999999999995,-38.68
-5,0,9.92,-0.240000000000002,-39.35
-5,0,9.96,-1.31,-40.4
-5,0,10,-3.02,-42.09
-5,0,10.04,-4.624,-43.87
-5,0,10.08,-5.378,-44.8
-5,0,10.12,-6.51600000000001,-46.07
-5,0,10.16,-6.44800000000001,-46.09
-5,0,10.2,-4.93,-44.66
-5,0,10.24,-3.65200000000001,-43.35
-5,0,10.28,-2.67400000000001,-42.34
-5,0,10.32,-3.012,-42.64
-5,0,10.36,-3.14599999999999,-42.73
-5,0,10.4,-2.52,-42.06
-5,0,10.44,-3.014,-42.55
-5,0,10.48,-4.038,-43.57
-5,0,10.52,-5.83199999999999,-45.44
-5,0,10.56,-7.21599999999999,-46.98
-5,0,10.6,-9.03,-48.95
-5,0,10.64,-10.968,-50.98
-5,0,10.68,-12.156,-52.26
-5,0,10.72,-11.796,-51.97
-5,0,10.76,-10.568,-50.79
-5,0,10.8,-10.08,-50.35
-5,0,10.84,-10.09,-50.26
-5,0,10.88,-9.43999999999999,-49.51
-5,0,10.92,-8.52199999999999,-48.53
-5,0,10.96,-7.496,-47.48
-5,0,11,-6.86,-46.82
-5,0,11.04,-7.42600000000001,-47.49
-5,0,11.08,-7.812,-47.98
-5,0,11.12,-8.336,-48.58
-5,0,11.16,-8.818,-49.11
-5,0,11.2,-9.91999999999999,-50.26
-5,0,11.24,-10.858,-51.25
-5,0,11.28,-12.156,-52.6
-5,0,11.32,-15.434,-55.95
-5,0,11.36,-14.902,-55.51
-5,0,11.4,-14.23,-54.93
-5,0,11.44,-13.882,-54.63
-5,0,11.48,-11.964,-52.76
-5,0,11.52,-10.62,-51.45
-5,0,11.56,-11.33,-52.18
-5,0,11.6,-10.27,-51.14
-5,0,11.64,-11.376,-52.33
-5,0,11.68,-10.742,-51.78
-5,0,11.72,-12.178,-53.27
-5,0,11.76,-12.874,-53.99
-5,0,11.8,-13.15,-54.29
-5,0,11.84,-13.736,-54.82
-5,0,11.88,-12.952,-53.98
-5,0,11.92,-15.054,-56.18
-5,0,11.96,-14.912,-56.29
-5,0,12,-15.08,-56.71
-4,0,8,-9.87,-44.49
-4,0,8.04,-10.828,-45.54
-4,0,8.08,-11.536,-46.34
-4,0,8.12,-13.462,-48.35
-4,0,8.16,-12.946,-47.91
-4,0,8.2,-12.18,-47.22
-4,0,8.24,-9.70200000000001,-44.81
-4,0,8.28,-7.904,-43.08
-4,0,8.32,-6.086,-41.33
-4,0,8.36,-5.338,-40.65
-4,0,8.4,-5.21,-40.59
-4,0,8.44,-5.282,-40.87
-4,0,8.48,-5.034,-40.83
-4,0,8.52,-4.724,-40.75
-4,0,8.56,-4.59199999999999,-40.87
-4,0,8.6,-5.13,-41.66
-4,0,8.64,-5.73399999999999,-42.58
-4,0,8.68,-5.538,-42.7
-4,0,8.72,-6.188,-43.49
-4,0,8.76,-6.004,-43.27
-4,0,8.8,-6.1,-43.33
-4,0,8.84,-3.87400000000001,-41.06
-4,0,8.88,-2.768,-39.91
-4,0,8.92,-1.934,-39.14
-4,0,8.96,-0.942,-38.32
-4,0,9,1.59999999999999,-35.95
-4,0,9.04,2.206,-35.58
-4,0,9.08,4.04200000000001,-33.98
-4,0,9.12,3.664,-34.62
-4,0,9.16,4.512,-34.06
-4,0,9.2,5.03,-33.83
-4,0,9.24,5.63999999999999,-32.96
-4,0,9.28,5.54000000000001,-32.8
-4,0,9.32,5.732,-32.43
-4,0,9.36,6.076,-31.99
-4,0,9.4,5.42,-32.55
-4,0,9.44,4.94600000000001,-33.16
-4,0,9.48,5.13200000000001,-33.11
-4,0,9.52,5.408,-32.97
-4,0,9.56,4.924,-33.59
-4,0,9.6,3.5,-35.15
-4,0,9.64,3.66,-35.11
-4,0,9.68,3.11,-35.78
-4,0,9.72,3.22200000000001,-35.76
-4,0,9.76,2.996,-36.05
-4,0,9.8,3.05,-36.06
-4,0,9.84,2.404,-36.71
-4,0,9.88,1.65799999999999,-37.46
-4,0,9.92,0.990000000000002,-38.12
-4,0,9.96,0.240000000000002,-38.85
-4,0,10,-0.829999999999998,-39.9
-4,0,10.04,-2.31400000000001,-41.56
-4,0,10.08,-3.628,-43.05
-4,0,10.12,-5.36600000000001,-44.92
-4,0,10.16,-6.328,-45.97
-4,0,10.2,-4.88,-44.61
-4,0,10.24,-4.20200000000001,-43.9
-4,0,10.28,-3.71400000000001,-43.38
-4,0,10.32,-3.372,-43
-4,0,10.36,-3.236,-42.82
-4,0,10.4,-2.52,-42.06
-4,0,10.44,-2.604,-42.14
-4,0,10.48,-2.61799999999999,-42.15
-4,0,10.52,-3.72199999999999,-43.33
-4,0,10.56,-4.406,-44.17
-4,0,10.6,-5.88,-45.8
-4,0,10.64,-8.068,-48.08
-4,0,10.68,-9.816,-49.92
-4,0,10.72,-10.456,-50.63
-4,0,10.76,-9.948,-50.17
-4,0,10.8,-10.44,-50.71
-4,0,10.84,-10.48,-50.65
-4,0,10.88,-10.45,-50.52
-4,0,10.92,-9.48199999999999,-49.49
-4,0,10.96,-8.17599999999999,-48.16
-4,0,11,-6.98,-46.94
-4,0,11.04,-6.85600000000001,-46.92
-4,0,11.08,-7.422,-47.59
-4,0,11.12,-6.926,-47.17
-4,0,11.16,-7.158,-47.45
-4,0,11.2,-7.79,-48.13
-4,0,11.24,-8.598,-48.99
-4,0,11.28,-9.816,-50.26
-4,0,11.32,-11.974,-52.49
-4,0,11.36,-14.222,-54.83
-4,0,11.4,-15.8,-56.5
-4,0,11.44,-14.312,-55.06
-4,0,11.48,-12.924,-53.72
-4,0,11.52,-11.47,-52.3
-4,0,11.56,-11.04,-51.89
-4,0,11.6,-10.8,-51.67
-4,0,11.64,-10.606,-51.56
-4,0,11.68,-11.052,-52.09
-4,0,11.72,-11.968,-53.06
-4,0,11.76,-11.784,-52.9
-4,0,11.8,-13.13,-54.27
-4,0,11.84,-13.376,-54.46
-4,0,11.88,-12.192,-53.22
-4,0,11.92,-12.044,-53.17
-4,0,11.96,-12.432,-53.81
-4,0,12,-15.09,-56.72
-3,0,8,-8.17,-42.79
-3,0,8.04,-8.70800000000001,-43.42
-3,0,8.08,-9.826,-44.63
-3,0,8.12,-11.782,-46.67
-3,0,8.16,-13.376,-48.34
-3,0,8.2,-14.66,-49.7
-3,0,8.24,-12.722,-47.83
-3,0,8.28,-10.794,-45.97
-3,0,8.32,-8.186,-43.43
-3,0,8.36,-7.118,-42.43
-3,0,8.4,-6.96,-42.34
-3,0,8.44,-6.332,-41.92
-3,0,8.48,-5.584,-41.38
-3,0,8.52,-4.704,-40.73
-3,0,8.56,-4.26199999999999,-40.54
-3,0,8.6,-4.4,-40.93
-3,0,8.64,-4.94399999999999,-41.79
-3,0,8.68,-4.348,-41.51
-3,0,8.72,-4.788,-42.09
-3,0,8.76,-5.604,-42.87
-3,0,8.8,-6.7,-43.93
-3,0,8.84,-5.53400000000001,-42.72
-3,0,8.88,-5.59800000000001,-42.74
-3,0,8.92,-5.354,-42.56
-3,0,8.96,-3.972,-41.35
-3,0,9,-0.93,-38.48
-3,0,9.04,0.0259999999999962,-37.76
-3,0,9.08,2.15200000000001,-35.87
-3,0,9.12,2.024,-36.26
-3,0,9.16,3.042,-35.53
-3,0,9.2,3.78,-35.08
-3,0,9.24,4.59999999999999,-34
-3,0,9.28,4.80000000000001,-33.54
-3,0,9.32,5.212,-32.95
-3,0,9.36,5.666,-32.4
-3,0,9.4,5.08,-32.89
-3,0,9.44,4.756,-33.35
-3,0,9.48,5.05200000000001,-33.19
-3,0,9.52,5.568,-32.81
-3,0,9.56,5.224,-33.29
-3,0,9.6,3.68,-34.97
-3,0,9.64,3.82,-34.95
-3,0,9.68,3.55,-35.34
-3,0,9.72,3.63200000000001,-35.35
-3,0,9.76,3.636,-35.41
-3,0,9.8,3.89,-35.22
-3,0,9.84,3.24400000000001,-35.87
-3,0,9.88,2.54799999999999,-36.57
-3,0,9.92,2.05,-37.06
-3,0,9.96,1.58000000000001,-37.51
-3,0,10,0.920000000000002,-38.15
-3,0,10.04,-0.454000000000008,-39.7
-3,0,10.08,-0.668000000000006,-40.09
-3,0,10.12,-2.89600000000001,-42.45
-3,0,10.16,-4.30800000000001,-43.95
-3,0,10.2,-4.59,-44.32
-3,0,10.24,-4.38200000000001,-44.08
-3,0,10.28,-4.094,-43.76
-3,0,10.32,-4.392,-44.02
-3,0,10.36,-4.17599999999999,-43.76
-3,0,10.4,-3.21,-42.75
-3,0,10.44,-2.504,-42.04
-3,0,10.48,-2.188,-41.72
-3,0,10.52,-2.55199999999999,-42.16
-3,0,10.56,-2.596,-42.36
-3,0,10.6,-3.35,-43.27
-3,0,10.64,-4.938,-44.95
-3,0,10.68,-6.90599999999999,-47.01
-3,0,10.72,-7.376,-47.55
-3,0,10.76,-7.518,-47.74
-3,0,10.8,-8.94,-49.21
-3,0,10.84,-10.74,-50.91
-3,0,10.88,-11.76,-51.83
-3,0,10.92,-10.632,-50.64
-3,0,10.96,-9.186,-49.17
-3,0,11,-8.07,-48.03
-3,0,11.04,-7.57600000000001,-47.64
-3,0,11.08,-8.262,-48.43
-3,0,11.12,-7.456,-47.7
-3,0,11.16,-6.398,-46.69
-3,0,11.2,-6.63999999999999,-46.98
-3,0,11.24,-7.76799999999999,-48.16
-3,0,11.28,-7.956,-48.4
-3,0,11.32,-8.724,-49.24
-3,0,11.36,-10.252,-50.86
-3,0,11.4,-12.21,-52.91
-3,0,11.44,-13.022,-53.77
-3,0,11.48,-13.414,-54.21
-3,0,11.52,-13.41,-54.24
-3,0,11.56,-12.88,-53.73
-3,0,11.6,-11.88,-52.75
-3,0,11.64,-11.886,-52.84
-3,0,11.68,-11.182,-52.22
-3,0,11.72,-11.778,-52.87
-3,0,11.76,-11.254,-52.37
-3,0,11.8,-12.05,-53.19
-3,0,11.84,-11.676,-52.76
-3,0,11.88,-11.222,-52.25
-3,0,11.92,-11.194,-52.32
-3,0,11.96,-12.062,-53.44
-3,0,12,-13.02,-54.65
-2,0,8,-7.07,-41.69
-2,0,8.04,-7.588,-42.3
-2,0,8.08,-8.456,-43.26
-2,0,8.12,-9.952,-44.84
-2,0,8.16,-12.106,-47.07
-2,0,8.2,-13.96,-49
-2,0,8.24,-13.472,-48.58
-2,0,8.28,-11.944,-47.12
-2,0,8.32,-10.206,-45.45
-2,0,8.36,-9.978,-45.29
-2,0,8.4,-9.87,-45.25
-2,0,8.44,-8.772,-44.36
-2,0,8.48,-7.334,-43.13
-2,0,8.52,-5.46400000000001,-41.49
-2,0,8.56,-4.922,-41.2
-2,0,8.6,-4.41,-40.94
-2,0,8.64,-4.51399999999999,-41.36
-2,0,8.68,-3.248,-40.41
-2,0,8.72,-3.768,-41.07
-2,0,8.76,-4.104,-41.37
-2,0,8.8,-5.29000000000001,-42.52
-2,0,8.84,-5.13400000000001,-42.32
-2,0,8.88,-6.288,-43.43
-2,0,8.92,-7.41399999999999,-44.62
-2,0,8.96,-6.682,-44.06
-2,0,9,-3.74,-41.29
-2,0,9.04,-2.89400000000001,-40.68
-2,0,9.08,-0.477999999999994,-38.5
-2,0,9.12,-0.225999999999999,-38.51
-2,0,9.16,1.032,-37.54
-2,0,9.2,2.09,-36.77
-2,0,9.24,3.21999999999999,-35.38
-2,0,9.28,3.57000000000001,-34.77
-2,0,9.32,4.372,-33.79
-2,0,9.36,5.136,-32.93
-2,0,9.4,4.55,-33.42
-2,0,9.44,4.326,-33.78
-2,0,9.48,4.752,-33.49
-2,0,9.52,5.328,-33.05
-2,0,9.56,5.244,-33.27
-2,0,9.6,3.77,-34.88
-2,0,9.64,3.83000000000001,-34.94
-2,0,9.68,3.64,-35.25
-2,0,9.72,3.76200000000001,-35.22
-2,0,9.76,3.916,-35.13
-2,0,9.8,4.2,-34.91
-2,0,9.84,3.874,-35.24
-2,0,9.88,3.19799999999999,-35.92
-2,0,9.92,2.95,-36.16
-2,0,9.96,2.65000000000001,-36.44
-2,0,10,2.02,-37.05
-2,0,10.04,1.336,-37.91
-2,0,10.08,1.262,-38.16
-2,0,10.12,-0.476000000000006,-40.03
-2,0,10.16,-1.938,-41.58
-2,0,10.2,-2.15000000000001,-41.88
-2,0,10.24,-2.72200000000001,-42.42
-2,0,10.28,-3.42400000000001,-43.09
-2,0,10.32,-4.402,-44.03
-2,0,10.36,-4.506,-44.09
-2,0,10.4,-4.31,-43.85
-2,0,10.44,-3.434,-42.97
-2,0,10.48,-2.308,-41.84
-2,0,10.52,-2.382,-41.99
-2,0,10.56,-2.026,-41.79
-2,0,10.6,-2.39,-42.31
-2,0,10.64,-3.378,-43.39
-2,0,10.68,-4.706,-44.81
-2,0,10.72,-4.546,-44.72
-2,0,10.76,-4.958,-45.18
-2,0,10.8,-6.65,-46.92
-2,0,10.84,-8.25,-48.42
-2,0,10.88,-9.27,-49.34
-2,0,10.92,-10.302,-50.31
-2,0,10.96,-10.846,-50.83
-2,0,11,-9.99,-49.95
-2,0,11.04,-9.25600000000001,-49.32
-2,0,11.08,-8.512,-48.68
-2,0,11.12,-7.116,-47.36
-2,0,11.16,-6.878,-47.17
-2,0,11.2,-6.72,-47.06
-2,0,11.24,-7.498,-47.89
-2,0,11.28,-8.60599999999999,-49.05
-2,0,11.32,-8.294,-48.81
-2,0,11.36,-8.132,-48.74
-2,0,11.4,-9.08,-49.78
-2,0,11.44,-10.062,-50.81
-2,0,11.48,-10.504,-51.3
-2,0,11.52,-12.29,-53.12
-2,0,11.56,-12.46,-53.31
-2,0,11.6,-13.25,-54.12
-2,0,11.64,-13.726,-54.68
-2,0,11.68,-11.322,-52.36
-2,0,11.72,-11.088,-52.18
-2,0,11.76,-12.174,-53.29
-2,0,11.8,-13.5,-54.64
-2,0,11.84,-11.506,-52.59
-2,0,11.88,-11.382,-52.41
-2,0,11.92,-10.104,-51.23
-2,0,11.96,-10.372,-51.75
-2,0,12,-11.22,-52.85
-1,0,8,-7.47000000000001,-42.09
-1,0,8.04,-7.23800000000001,-41.95
-1,0,8.08,-8.006,-42.81
-1,0,8.12,-8.992,-43.88
-1,0,8.16,-10.156,-45.12
-1,0,8.2,-11.84,-46.88
-1,0,8.24,-11.632,-46.74
-1,0,8.28,-11.234,-46.41
-1,0,8.32,-10.216,-45.46
-1,0,8.36,-11.448,-46.76
-1,0,8.4,-12.85,-48.23
-1,0,8.44,-12.352,-47.94
-1,0,8.48,-10.174,-45.97
-1,0,8.52,-7.524,-43.55
-1,0,8.56,-6.322,-42.6
-1,0,8.6,-5.18,-41.71
-1,0,8.64,-4.48399999999999,-41.33
-1,0,8.68,-3.238,-40.4
-1,0,8.72,-3.108,-40.41
-1,0,8.76,-3.204,-40.47
-1,0,8.8,-3.94,-41.17
-1,0,8.84,-3.60400000000001,-40.79
-1,0,8.88,-4.858,-42
-1,0,8.92,-6.634,-43.84
-1,0,8.96,-7.442,-44.82
-1,0,9,-5.89,-43.44
-1,0,9.04,-5.684,-43.47
-1,0,9.08,-3.508,-41.53
-1,0,9.12,-3.256,-41.54
-1,0,9.16,-1.738,-40.31
-1,0,9.2,-0.539999999999999,-39.4
-1,0,9.24,1.13999999999999,-37.46
-1,0,9.28,2.05000000000001,-36.29
-1,0,9.32,3.192,-34.97
-1,0,9.36,4.036,-34.03
-1,0,9.4,3.7,-34.27
-1,0,9.44,3.706,-34.4
-1,0,9.48,4.112,-34.13
-1,0,9.52,4.808,-33.57
-1,0,9.56,4.734,-33.78
-1,0,9.6,3.48,-35.17
-1,0,9.64,3.73,-35.04
-1,0,9.68,3.54,-35.35
-1,0,9.72,3.68200000000001,-35.3
-1,0,9.76,3.876,-35.17
-1,0,9.8,4.3,-34.81
-1,0,9.84,4.084,-35.03
-1,0,9.88,3.59799999999999,-35.52
-1,0,9.92,3.49,-35.62
-1,0,9.96,3.36000000000001,-35.73
-1,0,10,3.18,-35.89
-1,0,10.04,2.736,-36.51
-1,0,10.08,2.872,-36.55
-1,0,10.12,1.45399999999999,-38.1
-1,0,10.16,0.331999999999994,-39.31
-1,0,10.2,0.25,-39.48
-1,0,10.24,-0.482000000000006,-40.18
-1,0,10.28,-1.234,-40.9
-1,0,10.32,-3.012,-42.64
-1,0,10.36,-3.946,-43.53
-1,0,10.4,-4.05,-43.59
-1,0,10.44,-3.804,-43.34
-1,0,10.48,-3.12799999999999,-42.66
-1,0,10.52,-2.752,-42.36
-1,0,10.56,-2.14599999999999,-41.91
-1,0,10.6,-1.95,-41.87
-1,0,10.64,-2.378,-42.39
-1,0,10.68,-3.21599999999999,-43.32
-1,0,10.72,-2.866,-43.04
-1,0,10.76,-3.108,-43.33
-1,0,10.8,-4.65,-44.92
-1,0,10.84,-5.98,-46.15
-1,0,10.88,-7.18999999999999,-47.26
-1,0,10.92,-7.81199999999999,-47.82
-1,0,10.96,-8.836,-48.82
-1,0,11,-9.42,-49.38
-1,0,11.04,-9.22600000000001,-49.29
-1,0,11.08,-8.712,-48.88
-1,0,11.12,-8.026,-48.27
-1,0,11.16,-7.478,-47.77
-1,0,11.2,-7.25,-47.59
-1,0,11.24,-7.538,-47.93
-1,0,11.28,-7.936,-48.38
-1,0,11.32,-8.53399999999999,-49.05
-1,0,11.36,-7.94199999999999,-48.55
-1,0,11.4,-8.63,-49.33
-1,0,11.44,-8.882,-49.63
-1,0,11.48,-9.25399999999999,-50.05
-1,0,11.52,-10.12,-50.95
-1,0,11.56,-10.77,-51.62
-1,0,11.6,-10.89,-51.76
-1,0,11.64,-11.856,-52.81
-1,0,11.68,-11.172,-52.21
-1,0,11.72,-11.988,-53.08
-1,0,11.76,-13.254,-54.37
-1,0,11.8,-14.51,-55.65
-1,0,11.84,-13.016,-54.1
-1,0,11.88,-11.612,-52.64
-1,0,11.92,-10.164,-51.29
-1,0,11.96,-9.94199999999999,-51.32
-1,0,12,-10.85,-52.48
0,0,8,-8.95,-43.57
0,0,8.04,-8.188,-42.9
0,0,8.08,-8.306,-43.11
0,0,8.12,-8.91199999999999,-43.8
0,0,8.16,-9.136,-44.1
0,0,8.2,-10.61,-45.65
0,0,8.24,-9.922,-45.03
0,0,8.28,-9.654,-44.83
0,0,8.32,-8.726,-43.97
0,0,8.36,-10.018,-45.33
0,0,8.4,-12.22,-47.6
0,0,8.44,-14.452,-50.04
0,0,8.48,-14.924,-50.72
0,0,8.52,-12.264,-48.29
0,0,8.56,-8.80199999999999,-45.08
0,0,8.6,-6.56,-43.09
0,0,8.64,-5.70399999999999,-42.55
0,0,8.68,-3.988,-41.15
0,0,8.72,-3.658,-40.96
0,0,8.76,-3.054,-40.32
0,0,8.8,-3.2,-40.43
0,0,8.84,-2.30400000000001,-39.49
0,0,8.88,-3.44800000000001,-40.59
0,0,8.92,-4.784,-41.99
0,0,8.96,-5.512,-42.89
0,0,9,-4.90000000000001,-42.45
0,0,9.04,-6.56400000000001,-44.35
0,0,9.08,-5.76799999999999,-43.79
0,0,9.12,-5.876,-44.16
0,0,9.16,-5.058,-43.63
0,0,9.2,-3.62,-42.48
0,0,9.24,-1.81,-40.41
0,0,9.28,-0.339999999999989,-38.68
0,0,9.32,1.252,-36.91
0,0,9.36,2.666,-35.4
0,0,9.4,2.48,-35.49
0,0,9.44,2.616,-35.49
0,0,9.48,3.282,-34.96
0,0,9.52,3.888,-34.49
0,0,9.56,3.834,-34.68
0,0,9.6,2.83,-35.82
0,0,9.64,3.1,-35.67
0,0,9.68,3.04,-35.85
0,0,9.72,3.25200000000001,-35.73
0,0,9.76,3.526,-35.52
0,0,9.8,4.02,-35.09
0,0,9.84,4.07400000000001,-35.04
0,0,9.88,3.708,-35.41
0,0,9.92,3.83,-35.28
0,0,9.96,3.96,-35.13
0,0,10,3.89,-35.18
0,0,10.04,3.71599999999999,-35.53
0,0,10.08,3.962,-35.46
0,0,10.12,2.834,-36.72
0,0,10.16,1.822,-37.82
0,0,10.2,2.09,-37.64
0,0,10.24,1.66799999999999,-38.03
0,0,10.28,1.016,-38.65
0,0,10.32,-1.032,-40.66
0,0,10.36,-2.366,-41.95
0,0,10.4,-2.65,-42.19
0,0,10.44,-2.814,-42.35
0,0,10.48,-3.598,-43.13
0,0,10.52,-3.55199999999999,-43.16
0,0,10.56,-2.616,-42.38
0,0,10.6,-2.23999999999999,-42.16
0,0,10.64,-2.318,-42.33
0,0,10.68,-2.736,-42.84
0,0,10.72,-2.286,-42.46
0,0,10.76,-2.368,-42.59
0,0,10.8,-3.23,-43.5
0,0,10.84,-4.95,-45.12
0,0,10.88,-5.54999999999999,-45.62
0,0,10.92,-6.08199999999999,-46.09
0,0,10.96,-6.416,-46.4
0,0,11,-6.99,-46.95
0,0,11.04,-7.85600000000001,-47.92
0,0,11.08,-8.952,-49.12
0,0,11.12,-7.396,-47.64
0,0,11.16,-7.738,-48.03
0,0,11.2,-7.61,-47.95
0,0,11.24,-7.178,-47.57
0,0,11.28,-7.396,-47.84
0,0,11.32,-8.27399999999999,-48.79
0,0,11.36,-8.532,-49.14
0,0,11.4,-8.65,-49.35
0,0,11.44,-8.61199999999999,-49.36
0,0,11.48,-8.71399999999999,-49.51
0,0,11.52,-9.17999999999999,-50.01
0,0,11.56,-10.92,-51.77
0,0,11.6,-9.03,-49.9
0,0,11.64,-9.556,-50.51
0,0,11.68,-9.20200000000001,-50.24
0,0,11.72,-9.328,-50.42
0,0,11.76,-10.404,-51.52
0,0,11.8,-13.02,-54.16
0,0,11.84,-13.056,-54.14
0,0,11.88,-12.062,-53.09
0,0,11.92,-11.174,-52.3
0,0,11.96,-10.742,-52.12
0,0,12,-10.84,-52.47
1,0,8,-10.73,-45.35
1,0,8.04,-10.408,-45.12
1,0,8.08,-9.85599999999999,-44.66
1,0,8.12,-9.91199999999999,-44.8
1,0,8.16,-8.996,-43.96
1,0,8.2,-9.86,-44.9
1,0,8.24,-8.682,-43.79
1,0,8.28,-8.374,-43.55
1,0,8.32,-7.386,-42.63
1,0,8.36,-7.838,-43.15
1,0,8.4,-9.48,-44.86
1,0,8.44,-11.652,-47.24
1,0,8.48,-15.184,-50.98
1,0,8.52,-18.164,-54.19
1,0,8.56,-12.922,-49.2
1,0,8.6,-9.07,-45.6
1,0,8.64,-7.85399999999999,-44.7
1,0,8.68,-5.868,-43.03
1,0,8.72,-4.698,-42
1,0,8.76,-3.654,-40.92
1,0,8.8,-3.48,-40.71
1,0,8.84,-1.89400000000001,-39.08
1,0,8.88,-2.298,-39.44
1,0,8.92,-3.23399999999999,-40.44
1,0,8.96,-3.632,-41.01
1,0,9,-3.41,-40.96
1,0,9.04,-5.20400000000001,-42.99
1,0,9.08,-5.11799999999999,-43.14
1,0,9.12,-6.666,-44.95
1,0,9.16,-7.738,-46.31
1,0,9.2,-7.16,-46.02
1,0,9.24,-5.19,-43.79
1,0,9.28,-3.39999999999999,-41.74
1,0,9.32,-0.847999999999999,-39.01
1,0,9.36,0.686,-37.38
1,0,9.4,1.09,-36.88
1,0,9.44,1.326,-36.78
1,0,9.48,2.26200000000001,-35.98
1,0,9.52,2.958,-35.42
1,0,9.56,2.984,-35.53
1,0,9.6,2,-36.65
1,0,9.64,2.35,-36.42
1,0,9.68,2.48,-36.41
1,0,9.72,2.69200000000001,-36.29
1,0,9.76,2.976,-36.07
1,0,9.8,3.58,-35.53
1,0,9.84,3.514,-35.6
1,0,9.88,3.48799999999999,-35.63
1,0,9.92,3.79,-35.32
1,0,9.96,3.94,-35.15
1,0,10,4.31,-34.76
1,0,10.04,4.22599999999999,-35.02
1,0,10.08,4.632,-34.79
1,0,10.12,3.80399999999999,-35.75
1,0,10.16,2.97199999999999,-36.67
1,0,10.2,3.44,-36.29
1,0,10.24,3.38799999999999,-36.31
1,0,10.28,2.64599999999999,-37.02
1,0,10.32,0.838000000000001,-38.79
1,0,10.36,-0.525999999999996,-40.11
1,0,10.4,-0.530000000000001,-40.07
1,0,10.44,-1.294,-40.83
1,0,10.48,-2.578,-42.11
1,0,10.52,-2.752,-42.36
1,0,10.56,-2.756,-42.52
1,0,10.6,-2.14,-42.06
1,0,10.64,-2.218,-42.23
1,0,10.68,-2.44599999999999,-42.55
1,0,10.72,-1.886,-42.06
1,0,10.76,-1.748,-41.97
1,0,10.8,-2.59999999999999,-42.87
1,0,10.84,-4.01,-44.18
1,0,10.88,-4.38999999999999,-44.46
1,0,10.92,-4.64199999999999,-44.65
1,0,10.96,-4.786,-44.77
1,0,11,-4.84,-44.8
1,0,11.04,-5.19600000000001,-45.26
1,0,11.08,-6.792,-46.96
1,0,11.12,-6.966,-47.21
1,0,11.16,-6.938,-47.23
1,0,11.2,-7.81,-48.15
1,0,11.24,-6.778,-47.17
1,0,11.28,-7.266,-47.71
1,0,11.32,-8.014,-48.53
1,0,11.36,-8.69199999999999,-49.3
1,0,11.4,-8.76,-49.46
1,0,11.44,-8.782,-49.53
1,0,11.48,-8.544,-49.34
1,0,11.52,-8.85999999999999,-49.69
1,0,11.56,-10.04,-50.89
1,0,11.6,-9.40000000000001,-50.27
1,0,11.64,-8.596,-49.55
1,0,11.68,-7.77200000000001,-48.81
1,0,11.72,-7.738,-48.83
1,0,11.76,-9.534,-50.65
1,0,11.8,-10.81,-51.95
1,0,11.84,-10.506,-51.59
1,0,11.88,-10.972,-52
1,0,11.92,-11.724,-52.85
1,0,11.96,-11.392,-52.77
1,0,12,-12.07,-53.7
2,0,8,-14.52,-49.14
2,0,8.04,-13.328,-48.04
2,0,8.08,-12.326,-47.13
2,0,8.12,-11.252,-46.14
2,0,8.16,-10.156,-45.12
2,0,8.2,-9.66,-44.7
2,0,8.24,-8.432,-43.54
2,0,8.28,-7.814,-42.99
2,0,8.32,-6.576,-41.82
2,0,8.36,-7.088,-42.4
2,0,8.4,-7.84,-43.22
2,0,8.44,-8.742,-44.33
2,0,8.48,-11.604,-47.4
2,0,8.52,-16.504,-52.53
2,0,8.56,-17.142,-53.42
2,0,8.6,-12.87,-49.4
2,0,8.64,-11.124,-47.97
2,0,8.68,-9.318,-46.48
2,0,8.72,-7.078,-44.38
2,0,8.76,-5.474,-42.74
2,0,8.8,-4.44,-41.67
2,0,8.84,-2.16400000000001,-39.35
2,0,8.88,-2.268,-39.41
2,0,8.92,-2.55399999999999,-39.76
2,0,8.96,-2.442,-39.82
2,0,9,-1.88,-39.43
2,0,9.04,-3.74400000000001,-41.53
2,0,9.08,-3.51799999999999,-41.54
2,0,9.12,-4.976,-43.26
2,0,9.16,-6.958,-45.53
2,0,9.2,-8.52,-47.38
2,0,9.24,-9.11000000000001,-47.71
2,0,9.28,-7.36999999999999,-45.71
2,0,9.32,-3.908,-42.07
2,0,9.36,-1.434,-39.5
2,0,9.4,-1.01,-38.98
2,0,9.44,-0.594000000000001,-38.7
2,0,9.48,0.562000000000005,-37.68
2,0,9.52,1.498,-36.88
2,0,9.56,1.764,-36.75
2,0,9.6,0.990000000000002,-37.66
2,0,9.64,1.64,-37.13
2,0,9.68,1.28,-37.61
2,0,9.72,1.70200000000001,-37.28
2,0,9.76,2.086,-36.96
2,0,9.8,2.75,-36.36
2,0,9.84,2.904,-36.21
2,0,9.88,2.83799999999999,-36.28
2,0,9.92,3.24,-35.87
2,0,9.96,3.63,-35.46
2,0,10,4.04,-35.03
2,0,10.04,4.376,-34.87
2,0,10.08,4.932,-34.49
2,0,10.12,4.194,-35.36
2,0,10.16,3.682,-35.96
2,0,10.2,4.48999999999999,-35.24
2,0,10.24,4.55799999999999,-35.14
2,0,10.28,3.986,-35.68
2,0,10.32,2.288,-37.34
2,0,10.36,1.044,-38.54
2,0,10.4,1.27,-38.27
2,0,10.44,0.795999999999999,-38.74
2,0,10.48,-0.457999999999998,-39.99
2,0,10.52,-1.40199999999999,-41.01
2,0,10.56,-1.266,-41.03
2,0,10.6,-1.53,-41.45
2,0,10.64,-1.868,-41.88
2,0,10.68,-2.246,-42.35
2,0,10.72,-1.886,-42.06
2,0,10.76,-1.448,-41.67
2,0,10.8,-2.09,-42.36
2,0,10.84,-2.87,-43.04
2,0,10.88,-3.41999999999999,-43.49
2,0,10.92,-3.48199999999999,-43.49
2,0,10.96,-3.396,-43.38
2,0,11,-3.38,-43.34
2,0,11.04,-4.056,-44.12
2,0,11.08,-5.442,-45.61
2,0,11.12,-5.276,-45.52
2,0,11.16,-5.568,-45.86
2,0,11.2,-5.91999999999999,-46.26
2,0,11.24,-6.178,-46.57
2,0,11.28,-6.92599999999999,-47.37
2,0,11.32,-7.754,-48.27
2,0,11.36,-8.452,-49.06
2,0,11.4,-9.16,-49.86
2,0,11.44,-9.092,-49.84
2,0,11.48,-9.42399999999999,-50.22
2,0,11.52,-9.26,-50.09
2,0,11.56,-8.86000000000001,-49.71
2,0,11.6,-8.62,-49.49
2,0,11.64,-7.896,-48.85
2,0,11.68,-7.872,-48.91
2,0,11.72,-7.358,-48.45
2,0,11.76,-8.494,-49.61
2,0,11.8,-9.37,-50.51
2,0,11.84,-9.056,-50.14
2,0,11.88,-9.702,-50.73
2,0,11.92,-10.144,-51.27
2,0,11.96,-10.332,-51.71
2,0,12,-11.99,-53.62
3,0,8,-17.37,-51.99
3,0,8.04,-16.678,-51.39
3,0,8.08,-16.016,-50.82
3,0,8.12,-14.312,-49.2
3,0,8.16,-11.356,-46.32
3,0,8.2,-10.84,-45.88
3,0,8.24,-9.182,-44.29
3,0,8.28,-7.884,-43.06
3,0,8.32,-6.386,-41.63
3,0,8.36,-6.268,-41.58
3,0,8.4,-6.75,-42.13
3,0,8.44,-7.402,-42.99
3,0,8.48,-8.734,-44.53
3,0,8.52,-12.044,-48.07
3,0,8.56,-14.312,-50.59
3,0,8.6,-14.76,-51.29
3,0,8.64,-15.554,-52.4
3,0,8.68,-14.328,-51.49
3,0,8.72,-12.248,-49.55
3,0,8.76,-8.724,-45.99
3,0,8.8,-6.64,-43.87
3,0,8.84,-3.42400000000001,-40.61
3,0,8.88,-2.768,-39.91
3,0,8.92,-2.694,-39.9
3,0,8.96,-2.322,-39.7
3,0,9,-1.36,-38.91
3,0,9.04,-2.434,-40.22
3,0,9.08,-1.97799999999999,-40
3,0,9.12,-3.426,-41.71
3,0,9.16,-4.688,-43.26
3,0,9.2,-6.75,-45.61
3,0,9.24,-8.93000000000001,-47.53
3,0,9.28,-10.88,-49.22
3,0,9.32,-7.558,-45.72
3,0,9.36,-4.694,-42.76
3,0,9.4,-3.88,-41.85
3,0,9.44,-2.984,-41.09
3,0,9.48,-1.708,-39.95
3,0,9.52,-0.622,-39
3,0,9.56,0.0140000000000029,-38.5
3,0,9.6,-0.560000000000002,-39.21
3,0,9.64,0.140000000000001,-38.63
3,0,9.68,0.140000000000001,-38.75
3,0,9.72,0.292000000000009,-38.69
3,0,9.76,0.835999999999999,-38.21
3,0,9.8,1.76,-37.35
3,0,9.84,1.834,-37.28
3,0,9.88,1.91799999999999,-37.2
3,0,9.92,2.44,-36.67
3,0,9.96,2.91,-36.18
3,0,10,3.43,-35.64
3,0,10.04,3.836,-35.41
3,0,10.08,4.642,-34.78
3,0,10.12,4.05399999999999,-35.5
3,0,10.16,3.882,-35.76
3,0,10.2,4.8,-34.93
3,0,10.24,5.09799999999999,-34.6
3,0,10.28,5.026,-34.64
3,0,10.32,3.548,-36.08
3,0,10.36,2.734,-36.85
3,0,10.4,2.76,-36.78
3,0,10.44,2.396,-37.14
3,0,10.48,1.352,-38.18
3,0,10.52,0.488000000000007,-39.12
3,0,10.56,0.564,-39.2
3,0,10.6,-0.0599999999999952,-39.98
3,0,10.64,-1.048,-41.06
3,0,10.68,-1.44599999999999,-41.55
3,0,10.72,-1.336,-41.51
3,0,10.76,-1.038,-41.26
3,0,10.8,-1.68,-41.95
3,0,10.84,-2.73,-42.9
3,0,10.88,-2.83999999999999,-42.91
3,0,10.92,-3.01199999999999,-43.02
3,0,10.96,-2.656,-42.64
3,0,11,-2.92,-42.88
3,0,11.04,-3.416,-43.48
3,0,11.08,-4.372,-44.54
3,0,11.12,-3.996,-44.24
3,0,11.16,-3.908,-44.2
3,0,11.2,-4.15,-44.49
3,0,11.24,-4.61799999999999,-45.01
3,0,11.28,-4.71599999999999,-45.16
3,0,11.32,-6.38399999999999,-46.9
3,0,11.36,-7.44199999999999,-48.05
3,0,11.4,-8.4,-49.1
3,0,11.44,-8.932,-49.68
3,0,11.48,-10.204,-51
3,0,11.52,-9.46999999999999,-50.3
3,0,11.56,-8.51000000000001,-49.36
3,0,11.6,-8.29,-49.16
3,0,11.64,-8.236,-49.19
3,0,11.68,-7.422,-48.46
3,0,11.72,-7.098,-48.19
3,0,11.76,-7.234,-48.35
3,0,11.8,-7.4,-48.54
3,0,11.84,-8.116,-49.2
3,0,11.88,-7.312,-48.34
3,0,11.92,-8.364,-49.49
3,0,11.96,-8.752,-50.13
3,0,12,-9.34999999999999,-50.98
4,0,8,-17.22,-51.84
4,0,8.04,-20.318,-55.03
4,0,8.08,-19.646,-54.45
4,0,8.12,-16.942,-51.83
4,0,8.16,-13.796,-48.76
4,0,8.2,-12.33,-47.37
4,0,8.24,-9.712,-44.82
4,0,8.28,-8.974,-44.15
4,0,8.32,-7.076,-42.32
4,0,8.36,-6.608,-41.92
4,0,8.4,-6.33,-41.71
4,0,8.44,-6.642,-42.23
4,0,8.48,-7.594,-43.39
4,0,8.52,-9.224,-45.25
4,0,8.56,-11.352,-47.63
4,0,8.6,-11.76,-48.29
4,0,8.64,-12.594,-49.44
4,0,8.68,-13.738,-50.9
4,0,8.72,-17.748,-55.05
4,0,8.76,-14.724,-51.99
4,0,8.8,-10.41,-47.64
4,0,8.84,-5.63400000000001,-42.82
4,0,8.88,-4.118,-41.26
4,0,8.92,-3.55399999999999,-40.76
4,0,8.96,-2.852,-40.23
4,0,9,-1.01000000000001,-38.56
4,0,9.04,-1.89400000000001,-39.68
4,0,9.08,-1.188,-39.21
4,0,9.12,-2.626,-40.91
4,0,9.16,-3.328,-41.9
4,0,9.2,-5.25,-44.11
4,0,9.24,-7.15000000000001,-45.75
4,0,9.28,-9.19999999999999,-47.54
4,0,9.32,-9.658,-47.82
4,0,9.36,-6.774,-44.84
4,0,9.4,-5.76,-43.73
4,0,9.44,-5.204,-43.31
4,0,9.48,-3.79799999999999,-42.04
4,0,9.52,-2.602,-40.98
4,0,9.56,-2.016,-40.53
4,0,9.6,-2.26,-40.91
4,0,9.64,-1.18,-39.95
4,0,9.68,-1.35,-40.24
4,0,9.72,-0.787999999999997,-39.77
4,0,9.76,-0.673999999999999,-39.72
4,0,9.8,0.210000000000001,-38.9
4,0,9.84,0.474000000000004,-38.64
4,0,9.88,0.637999999999998,-38.48
4,0,9.92,1.37,-37.74
4,0,9.96,1.90000000000001,-37.19
4,0,10,2.59,-36.48
4,0,10.04,3.04599999999999,-36.2
4,0,10.08,4.22199999999999,-35.2
4,0,10.12,3.73399999999999,-35.82
4,0,10.16,3.672,-35.97
4,0,10.2,4.84999999999999,-34.88
4,0,10.24,5.27799999999999,-34.42
4,0,10.28,5.436,-34.23
4,0,10.32,4.398,-35.23
4,0,10.36,3.734,-35.85
4,0,10.4,3.81,-35.73
4,0,10.44,3.756,-35.78
4,0,10.48,3.002,-36.53
4,0,10.52,2.258,-37.35
4,0,10.56,2.10400000000001,-37.66
4,0,10.6,1.57,-38.35
4,0,10.64,0.701999999999998,-39.31
4,0,10.68,-0.215999999999994,-40.32
4,0,10.72,-0.166000000000004,-40.34
4,0,10.76,-0.238,-40.46
4,0,10.8,-0.619999999999997,-40.89
4,0,10.84,-2.13,-42.3
4,0,10.88,-2.45,-42.52
4,0,10.92,-2.58199999999999,-42.59
4,0,10.96,-2.526,-42.51
4,0,11,-2.53,-42.49
4,0,11.04,-2.50600000000001,-42.57
4,0,11.08,-3.462,-43.63
4,0,11.12,-3.306,-43.55
4,0,11.16,-3.298,-43.59
4,0,11.2,-3.62,-43.96
4,0,11.24,-3.848,-44.24
4,0,11.28,-3.666,-44.11
4,0,11.32,-4.114,-44.63
4,0,11.36,-4.752,-45.36
4,0,11.4,-5.89,-46.59
4,0,11.44,-7.102,-47.85
4,0,11.48,-8.74399999999999,-49.54
4,0,11.52,-9.49999999999999,-50.33
4,0,11.56,-9.26000000000001,-50.11
4,0,11.6,-9.40000000000001,-50.27
4,0,11.64,-8.486,-49.44
4,0,11.68,-7.932,-48.97
4,0,11.72,-7.148,-48.24
4,0,11.76,-6.884,-48
4,0,11.8,-6.9,-48.04
4,0,11.84,-7.496,-48.58
4,0,11.88,-7.102,-48.13
4,0,11.92,-6.914,-48.04
4,0,11.96,-7.38199999999999,-48.76
4,0,12,-8.16999999999999,-49.8
5,0,8,-14.36,-48.98
5,0,8.04,-16.368,-51.08
5,0,8.08,-19.566,-54.37
5,0,8.12,-21.142,-56.03
5,0,8.16,-18.646,-53.61
5,0,8.2,-16.78,-51.82
5,0,8.24,-12.652,-47.76
5,0,8.28,-10.704,-45.88
5,0,8.32,-8.056,-43.3
5,0,8.36,-6.548,-41.86
5,0,8.4,-6.61,-41.99
5,0,8.44,-6.482,-42.07
5,0,8.48,-6.744,-42.54
5,0,8.52,-7.474,-43.5
5,0,8.56,-8.532,-44.81
5,0,8.6,-8.84,-45.37
5,0,8.64,-9.30399999999999,-46.15
5,0,8.68,-9.868,-47.03
5,0,8.72,-13.528,-50.83
5,0,8.76,-21.324,-58.59
5,0,8.8,-19,-56.23
5,0,8.84,-10.024,-47.21
5,0,8.88,-7.078,-44.22
5,0,8.92,-5.48399999999999,-42.69
5,0,8.96,-4.422,-41.8
5,0,9,-1.93,-39.48
5,0,9.04,-2.21400000000001,-40
5,0,9.08,-1.02799999999999,-39.05
5,0,9.12,-2.206,-40.49
5,0,9.16,-2.828,-41.4
5,0,9.2,-4.04,-42.9
5,0,9.24,-5.31,-43.91
5,0,9.28,-6.90999999999999,-45.25
5,0,9.32,-7.708,-45.87
5,0,9.36,-7.264,-45.33
5,0,9.4,-7.13,-45.1
5,0,9.44,-6.524,-44.63
5,0,9.48,-5.26799999999999,-43.51
5,0,9.52,-4.502,-42.88
5,0,9.56,-4.276,-42.79
5,0,9.6,-4.53,-43.18
5,0,9.64,-3.36,-42.13
5,0,9.68,-2.97,-41.86
5,0,9.72,-2.44799999999999,-41.43
5,0,9.76,-2.014,-41.06
5,0,9.8,-1.34,-40.45
5,0,9.84,-1.376,-40.49
5,0,9.88,-1.032,-40.15
5,0,9.92,-0.329999999999998,-39.44
5,0,9.96,0.350000000000001,-38.74
5,0,10,1.2,-37.87
5,0,10.04,1.986,-37.26
5,0,10.08,3.172,-36.25
5,0,10.12,2.99399999999999,-36.56
5,0,10.16,3.062,-36.58
5,0,10.2,4.36,-35.37
5,0,10.24,5.17799999999999,-34.52
5,0,10.28,5.416,-34.25
5,0,10.32,4.718,-34.91
5,0,10.36,4.154,-35.43
5,0,10.4,4.67,-34.87
5,0,10.44,4.776,-34.76
5,0,10.48,4.362,-35.17
5,0,10.52,3.588,-36.02
5,0,10.56,3.35400000000001,-36.41
5,0,10.6,2.97,-36.95
5,0,10.64,2.112,-37.9
5,0,10.68,1.35400000000001,-38.75
5,0,10.72,1.584,-38.59
5,0,10.76,1.372,-38.85
5,0,10.8,0.630000000000003,-39.64
5,0,10.84,-0.350000000000001,-40.52
5,0,10.88,-1.22999999999999,-41.3
5,0,10.92,-1.55199999999999,-41.56
5,0,10.96,-1.616,-41.6
5,0,11,-1.92,-41.88
5,0,11.04,-2.49600000000001,-42.56
5,0,11.08,-2.832,-43
5,0,11.12,-2.296,-42.54
5,0,11.16,-2.458,-42.75
5,0,11.2,-3.09999999999999,-43.44
5,0,11.24,-3.198,-43.59
5,0,11.28,-2.956,-43.4
5,0,11.32,-3.004,-43.52
5,0,11.36,-2.76199999999999,-43.37
5,0,11.4,-3.34999999999999,-44.05
5,0,11.44,-4.312,-45.06
5,0,11.48,-4.904,-45.7
5,0,11.52,-7.10999999999999,-47.94
5,0,11.56,-8.25000000000001,-49.1
5,0,11.6,-9.03,-49.9
5,0,11.64,-9.916,-50.87
5,0,11.68,-8.362,-49.4
5,0,11.72,-7.398,-48.49
5,0,11.76,-6.774,-47.89
5,0,11.8,-7.7,-48.84
5,0,11.84,-7.60599999999999,-48.69
5,0,11.88,-6.882,-47.91
5,0,11.92,-6.114,-47.24
5,0,11.96,-6.462,-47.84
5,0,12,-7.56,-49.19
6,0,8,-11.31,-45.93
6,0,8.04,-13.148,-47.86
6,0,8.08,-15.116,-49.92
6,0,8.12,-16.962,-51.85
6,0,8.16,-19.576,-54.54
6,0,8.2,-21.8,-56.84
6,0,8.24,-19.822,-54.93
6,0,8.28,-15.054,-50.23
6,0,8.32,-10.756,-46
6,0,8.36,-8.308,-43.62
6,0,8.4,-7.88,-43.26
6,0,8.44,-7.592,-43.18
6,0,8.48,-6.984,-42.78
6,0,8.52,-6.71400000000001,-42.74
6,0,8.56,-6.822,-43.1
6,0,8.6,-6.37,-42.9
6,0,8.64,-6.78399999999999,-43.63
6,0,8.68,-6.758,-43.92
6,0,8.72,-8.808,-46.11
6,0,8.76,-12.274,-49.54
6,0,8.8,-21.69,-58.92
6,0,8.84,-17.974,-55.16
6,0,8.88,-11.408,-48.55
6,0,8.92,-8.934,-46.14
6,0,8.96,-6.842,-44.22
6,0,9,-3.68,-41.23
6,0,9.04,-3.41400000000001,-41.2
6,0,9.08,-1.898,-39.92
6,0,9.12,-2.746,-41.03
6,0,9.16,-2.858,-41.43
6,0,9.2,-3.63,-42.49
6,0,9.24,-4.27,-42.87
6,0,9.28,-5.09999999999999,-43.44
6,0,9.32,-6.168,-44.33
6,0,9.36,-6.564,-44.63
6,0,9.4,-7.38,-45.35
6,0,9.44,-6.954,-45.06
6,0,9.48,-6.008,-44.25
6,0,9.52,-5.262,-43.64
6,0,9.56,-5.576,-44.09
6,0,9.6,-6.7,-45.35
6,0,9.64,-5.41,-44.18
6,0,9.68,-4.85,-43.74
6,0,9.72,-4.15799999999999,-43.14
6,0,9.76,-3.694,-42.74
6,0,9.8,-2.93,-42.04
6,0,9.84,-2.89599999999999,-42.01
6,0,9.88,-2.70200000000001,-41.82
6,0,9.92,-2.17,-41.28
6,0,9.96,-1.56,-40.65
6,0,10,-0.759999999999998,-39.83
6,0,10.04,0.385999999999996,-38.86
6,0,10.08,1.852,-37.57
6,0,10.12,1.73399999999999,-37.82
6,0,10.16,2.08199999999999,-37.56
6,0,10.2,3.59999999999999,-36.13
6,0,10.24,4.438,-35.26
6,0,10.28,4.846,-34.82
6,0,10.32,4.398,-35.23
6,0,10.36,4.044,-35.54
6,0,10.4,4.82,-34.72
6,0,10.44,5.196,-34.34
6,0,10.48,5.032,-34.5
6,0,10.52,4.45800000000001,-35.15
6,0,10.56,4.504,-35.26
6,0,10.6,4.15,-35.77
6,0,10.64,3.382,-36.63
6,0,10.68,2.82400000000001,-37.28
6,0,10.72,3.024,-37.15
6,0,10.76,3.002,-37.22
6,0,10.8,2.17,-38.1
6,0,10.84,0.980000000000004,-39.19
6,0,10.88,0.13000000000001,-39.94
6,0,10.92,-0.141999999999989,-40.15
6,0,10.96,-0.186,-40.17
6,0,11,-0.729999999999997,-40.69
6,0,11.04,-1.35600000000001,-41.42
6,0,11.08,-2.322,-42.49
6,0,11.12,-1.876,-42.12
6,0,11.16,-2.058,-42.35
6,0,11.2,-2.59,-42.93
6,0,11.24,-2.688,-43.08
6,0,11.28,-3.116,-43.56
6,0,11.32,-2.98399999999999,-43.5
6,0,11.36,-2.482,-43.09
6,0,11.4,-2.55,-43.25
6,0,11.44,-2.822,-43.57
6,0,11.48,-3.124,-43.92
6,0,11.52,-4.27,-45.1
6,0,11.56,-6.00000000000001,-46.85
6,0,11.6,-6.88,-47.75
6,0,11.64,-8.446,-49.4
6,0,11.68,-7.66200000000001,-48.7
6,0,11.72,-7.188,-48.28
6,0,11.76,-7.274,-48.39
6,0,11.8,-7.44,-48.58
6,0,11.84,-7.636,-48.72
6,0,11.88,-6.362,-47.39
6,0,11.92,-6.32400000000001,-47.45
6,0,11.96,-6.92199999999999,-48.3
6,0,12,-8.12,-49.75
7,0,8,-10.17,-44.79
7,0,8.04,-10.208,-44.92
7,0,8.08,-11.306,-46.11
7,0,8.12,-13.242,-48.13
7,0,8.16,-15.046,-50.01
7,0,8.2,-18.55,-53.59
7,0,8.24,-24.882,-59.99
7,0,8.28,-26.674,-61.85
7,0,8.32,-15.366,-50.61
7,0,8.36,-11.868,-47.18
7,0,8.4,-10.4,-45.78
7,0,8.44,-9.402,-44.99
7,0,8.48,-8.064,-43.86
7,0,8.52,-7.044,-43.07
7,0,8.56,-5.97199999999999,-42.25
7,0,8.6,-5.08,-41.61
7,0,8.64,-5.23399999999999,-42.08
7,0,8.68,-4.808,-41.97
7,0,8.72,-6.388,-43.69
7,0,8.76,-7.994,-45.26
7,0,8.8,-12.22,-49.45
7,0,8.84,-17.624,-54.81
7,0,8.88,-20.838,-57.98
7,0,8.92,-15.164,-52.37
7,0,8.96,-10.592,-47.97
7,0,9,-6.51000000000001,-44.06
7,0,9.04,-5.38400000000001,-43.17
7,0,9.08,-3.928,-41.95
7,0,9.12,-3.876,-42.16
7,0,9.16,-3.358,-41.93
7,0,9.2,-3.64,-42.5
7,0,9.24,-3.63,-42.23
7,0,9.28,-4.53999999999999,-42.88
7,0,9.32,-5.208,-43.37
7,0,9.36,-5.504,-43.57
7,0,9.4,-6.69,-44.66
7,0,9.44,-6.514,-44.62
7,0,9.48,-5.928,-44.17
7,0,9.52,-5.412,-43.79
7,0,9.56,-6.126,-44.64
7,0,9.6,-7.08,-45.73
7,0,9.64,-7.38,-46.15
7,0,9.68,-6.44,-45.33
7,0,9.72,-5.688,-44.67
7,0,9.76,-5.144,-44.19
7,0,9.8,-4.44,-43.55
7,0,9.84,-4.446,-43.56
7,0,9.88,-4.66200000000001,-43.78
7,0,9.92,-3.93,-43.04
7,0,9.96,-3.83,-42.92
7,0,10,-2.99,-42.06
7,0,10.04,-1.95400000000001,-41.2
7,0,10.08,-0.148000000000003,-39.57
7,0,10.12,-0.00600000000000733,-39.56
7,0,10.16,0.461999999999996,-39.18
7,0,10.2,2.25,-37.48
7,0,10.24,3.31799999999999,-36.38
7,0,10.28,3.876,-35.79
7,0,10.32,3.538,-36.09
7,0,10.36,3.664,-35.92
7,0,10.4,4.5,-35.04
7,0,10.44,5.086,-34.45
7,0,10.48,5.082,-34.45
7,0,10.52,4.758,-34.85
7,0,10.56,5.10400000000001,-34.66
7,0,10.6,4.91,-35.01
7,0,10.64,4.232,-35.78
7,0,10.68,3.66400000000001,-36.44
7,0,10.72,4.004,-36.17
7,0,10.76,4.282,-35.94
7,0,10.8,3.38,-36.89
7,0,10.84,2.23,-37.94
7,0,10.88,1.56000000000001,-38.51
7,0,10.92,1.48800000000001,-38.52
7,0,10.96,1.404,-38.58
7,0,11,0.859999999999999,-39.1
7,0,11.04,0.163999999999994,-39.9
7,0,11.08,-1.032,-41.2
7,0,11.12,-1.086,-41.33
7,0,11.16,-1.378,-41.67
7,0,11.2,-1.66999999999999,-42.01
7,0,11.24,-2.26799999999999,-42.66
7,0,11.28,-2.416,-42.86
7,0,11.32,-2.96399999999999,-43.48
7,0,11.36,-2.732,-43.34
7,0,11.4,-2.89,-43.59
7,0,11.44,-2.33199999999999,-43.08
7,0,11.48,-2.124,-42.92
7,0,11.52,-2.98,-43.81
7,0,11.56,-3.98,-44.83
7,0,11.6,-5.34,-46.21
7,0,11.64,-5.606,-46.56
7,0,11.68,-5.972,-47.01
7,0,11.72,-6.068,-47.16
7,0,11.76,-6.324,-47.44
7,0,11.8,-7.31,-48.45
7,0,11.84,-7.346,-48.43
7,0,11.88,-6.742,-47.77
7,0,11.92,-6.494,-47.62
7,0,11.96,-7.02199999999999,-48.4
7,0,12,-8.33,-49.96
8,0,8,-9.03,-43.65
8,0,8.04,-8.838,-43.55
8,0,8.08,-9.476,-44.28
8,0,8.12,-10.282,-45.17
8,0,8.16,-11.146,-46.11
8,0,8.2,-14.04,-49.08
8,0,8.24,-17.012,-52.12
8,0,8.28,-22.644,-57.82
8,0,8.32,-29.616,-64.86
8,0,8.36,-18.828,-54.14
8,0,8.4,-15.71,-51.09
8,0,8.44,-13.302,-48.89
8,0,8.48,-10.934,-46.73
8,0,8.52,-8.32400000000001,-44.35
8,0,8.56,-6.682,-42.96
8,0,8.6,-5.08,-41.61
8,0,8.64,-4.74399999999999,-41.59
8,0,8.68,-3.888,-41.05
8,0,8.72,-4.558,-41.86
8,0,8.76,-5.57400000000001,-42.84
8,0,8.8,-7.97000000000001,-45.2
8,0,8.84,-10.574,-47.76
8,0,8.88,-17.268,-54.41
8,0,8.92,-23.004,-60.21
8,0,8.96,-17.382,-54.76
8,0,9,-10.99,-48.54
8,0,9.04,-8.974,-46.76
8,0,9.08,-6.37799999999999,-44.4
8,0,9.12,-5.966,-44.25
8,0,9.16,-4.248,-42.82
8,0,9.2,-3.99,-42.85
8,0,9.24,-3.42000000000001,-42.02
8,0,9.28,-4.02999999999999,-42.37
8,0,9.32,-4.678,-42.84
8,0,9.36,-5.184,-43.25
8,0,9.4,-6.26,-44.23
8,0,9.44,-5.884,-43.99
8,0,9.48,-6.038,-44.28
8,0,9.52,-5.332,-43.71
8,0,9.56,-5.576,-44.09
8,0,9.6,-7.43,-46.08
8,0,9.64,-7.09999999999999,-45.87
8,0,9.68,-7.08,-45.97
8,0,9.72,-6.70799999999999,-45.69
8,0,9.76,-6.334,-45.38
8,0,9.8,-5.68,-44.79
8,0,9.84,-5.57599999999999,-44.69
8,0,9.88,-6.172,-45.29
8,0,9.92,-5.72,-44.83
8,0,9.96,-5.45999999999999,-44.55
8,0,10,-5.09,-44.16
8,0,10.04,-3.834,-43.08
8,0,10.08,-2.218,-41.64
8,0,10.12,-2.03600000000001,-41.59
8,0,10.16,-1.688,-41.33
8,0,10.2,0.189999999999998,-39.54
8,0,10.24,1.62799999999999,-38.07
8,0,10.28,2.366,-37.3
8,0,10.32,2.138,-37.49
8,0,10.36,2.53400000000001,-37.05
8,0,10.4,3.71,-35.83
8,0,10.44,4.546,-34.99
8,0,10.48,4.642,-34.89
8,0,10.52,4.608,-35
8,0,10.56,5.054,-34.71
8,0,10.6,5.14,-34.78
8,0,10.64,4.722,-35.29
8,0,10.68,4.184,-35.92
8,0,10.72,4.674,-35.5
8,0,10.76,4.962,-35.26
8,0,10.8,4.43,-35.84
8,0,10.84,3.52,-36.65
8,0,10.88,3.00000000000001,-37.07
8,0,10.92,3.09800000000001,-36.91
8,0,10.96,3.224,-36.76
8,0,11,2.71,-37.25
8,0,11.04,1.53399999999999,-38.53
8,0,11.08,0.247999999999998,-39.92
8,0,11.12,0.454000000000001,-39.79
8,0,11.16,-0.0480000000000018,-40.34
8,0,11.2,-0.889999999999993,-41.23
8,0,11.24,-1.468,-41.86
8,0,11.28,-1.516,-41.96
8,0,11.32,-2.46399999999999,-42.98
8,0,11.36,-2.272,-42.88
8,0,11.4,-2.27999999999999,-42.98
8,0,11.44,-1.86199999999999,-42.61
8,0,11.48,-1.624,-42.42
8,0,11.52,-2.28999999999999,-43.12
8,0,11.56,-3.22000000000001,-44.07
8,0,11.6,-3.42,-44.29
8,0,11.64,-3.766,-44.72
8,0,11.68,-3.932,-44.97
8,0,11.72,-4.698,-45.79
8,0,11.76,-5.674,-46.79
8,0,11.8,-6.31,-47.45
8,0,11.84,-6.526,-47.61
8,0,11.88,-6.352,-47.38
8,0,11.92,-6.414,-47.54
8,0,11.96,-6.87199999999999,-48.25
8,0,12,-8.32,-49.95
9,0,8,-8.74,-43.36
9,0,8.04,-8.398,-43.11
9,0,8.08,-8.726,-43.53
9,0,8.12,-9.132,-44.02
9,0,8.16,-9.146,-44.11
9,0,8.2,-11.94,-46.98
9,0,8.24,-13.132,-48.24
9,0,8.28,-15.684,-50.86
9,0,8.32,-17.086,-52.33
9,0,8.36,-22.108,-57.42
9,0,8.4,-28.93,-64.31
9,0,8.44,-23.202,-58.79
9,0,8.48,-15.614,-51.41
9,0,8.52,-11.084,-47.11
9,0,8.56,-8.312,-44.59
9,0,8.6,-5.82,-42.35
9,0,8.64,-4.97399999999999,-41.82
9,0,8.68,-3.618,-40.78
9,0,8.72,-3.558,-40.86
9,0,8.76,-3.964,-41.23
9,0,8.8,-5.61000000000001,-42.84
9,0,8.84,-6.83400000000001,-44.02
9,0,8.88,-10.768,-47.91
9,0,8.92,-15.894,-53.1
9,0,8.96,-19.252,-56.63
9,0,9,-17,-54.55
9,0,9.04,-13.094,-50.88
9,0,9.08,-9.40799999999999,-47.43
9,0,9.12,-8.436,-46.72
9,0,9.16,-6.058,-44.63
9,0,9.2,-4.93,-43.79
9,0,9.24,-4.21000000000001,-42.81
9,0,9.28,-4.67999999999999,-43.02
9,0,9.32,-5.028,-43.19
9,0,9.36,-5.184,-43.25
9,0,9.4,-5.73,-43.7
9,0,9.44,-6.104,-44.21
9,0,9.48,-5.758,-44
9,0,9.52,-5.632,-44.01
9,0,9.56,-6.026,-44.54
9,0,9.6,-7.48,-46.13
9,0,9.64,-7.48999999999999,-46.26
9,0,9.68,-6.86,-45.75
9,0,9.72,-6.81799999999999,-45.8
9,0,9.76,-6.464,-45.51
9,0,9.8,-5.88,-44.99
9,0,9.84,-5.906,-45.02
9,0,9.88,-6.712,-45.83
9,0,9.92,-6.99,-46.1
9,0,9.96,-6.66999999999999,-45.76
9,0,10,-6.78,-45.85
9,0,10.04,-6.184,-45.43
9,0,10.08,-4.258,-43.68
9,0,10.12,-4.026,-43.58
9,0,10.16,-3.94800000000001,-43.59
9,0,10.2,-2.12,-41.85
9,0,10.24,-1.01200000000001,-40.71
9,0,10.28,0.385999999999996,-39.28
9,0,10.32,0.258000000000003,-39.37
9,0,10.36,0.834000000000003,-38.75
9,0,10.4,2.37,-37.17
9,0,10.44,3.336,-36.2
9,0,10.48,3.822,-35.71
9,0,10.52,3.95800000000001,-35.65
9,0,10.56,4.64400000000001,-35.12
9,0,10.6,4.89,-35.03
9,0,10.64,4.632,-35.38
9,0,10.68,4.20400000000001,-35.9
9,0,10.72,4.744,-35.43
9,0,10.76,5.352,-34.87
9,0,10.8,4.90000000000001,-35.37
9,0,10.84,4.18,-35.99
9,0,10.88,4.03000000000001,-36.04
9,0,10.92,4.16800000000001,-35.84
9,0,10.96,4.564,-35.42
9,0,11,4.2,-35.76
9,0,11.04,3.39399999999999,-36.67
9,0,11.08,1.918,-38.25
9,0,11.12,1.864,-38.38
9,0,11.16,1.342,-38.95
9,0,11.2,0.540000000000006,-39.8
9,0,11.24,-0.147999999999996,-40.54
9,0,11.28,-0.705999999999996,-41.15
9,0,11.32,-1.71399999999999,-42.23
9,0,11.36,-1.80199999999999,-42.41
9,0,11.4,-2.09999999999999,-42.8
9,0,11.44,-1.76199999999999,-42.51
9,0,11.48,-1.23399999999999,-42.03
9,0,11.52,-1.56,-42.39
9,0,11.56,-2.56,-43.41
9,0,11.6,-2.3,-43.17
9,0,11.64,-2.526,-43.48
9,0,11.68,-2.352,-43.39
9,0,11.72,-3.178,-44.27
9,0,11.76,-4.224,-45.34
9,0,11.8,-5.22,-46.36
9,0,11.84,-5.546,-46.63
9,0,11.88,-5.812,-46.84
9,0,11.92,-5.764,-46.89
9,0,11.96,-6.01199999999999,-47.39
9,0,12,-7.64,-49.27
10,0,8,-9.74,-44.36
10,0,8.04,-8.98800000000001,-43.7
10,0,8.08,-8.686,-43.49
10,0,8.12,-8.282,-43.17
10,0,8.16,-8.636,-43.6
10,0,8.2,-11.05,-46.09
10,0,8.24,-11.952,-47.06
10,0,8.28,-12.064,-47.24
10,0,8.32,-12.026,-47.27
10,0,8.36,-13.538,-48.85
10,0,8.4,-15.9,-51.28
10,0,8.44,-21.022,-56.61
10,0,8.48,-26.214,-62.01
10,0,8.52,-15.594,-51.62
10,0,8.56,-10.922,-47.2
10,0,8.6,-7.44,-43.97
10,0,8.64,-5.62399999999999,-42.47
10,0,8.68,-3.628,-40.79
10,0,8.72,-3.448,-40.75
10,0,8.76,-3.374,-40.64
10,0,8.8,-4.38,-41.61
10,0,8.84,-4.73400000000001,-41.92
10,0,8.88,-7.548,-44.69
10,0,8.92,-10.924,-48.13
10,0,8.96,-13.582,-50.96
10,0,9,-17.69,-55.24
10,0,9.04,-17.754,-55.54
10,0,9.08,-14.078,-52.1
10,0,9.12,-11.246,-49.53
10,0,9.16,-8.348,-46.92
10,0,9.2,-6.53,-45.39
10,0,9.24,-5.86000000000001,-44.46
10,0,9.28,-5.61999999999999,-43.96
10,0,9.32,-5.078,-43.24
10,0,9.36,-4.974,-43.04
10,0,9.4,-5.87,-43.84
10,0,9.44,-6.274,-44.38
10,0,9.48,-5.79799999999999,-44.04
10,0,9.52,-5.952,-44.33
10,0,9.56,-6.42599999999999,-44.94
10,0,9.6,-7.7,-46.35
10,0,9.64,-7.27999999999999,-46.05
10,0,9.68,-7.16,-46.05
10,0,9.72,-6.468,-45.45
10,0,9.76,-6.354,-45.4
10,0,9.8,-6.17,-45.28
10,0,9.84,-5.93599999999999,-45.05
10,0,9.88,-6.532,-45.65
10,0,9.92,-7.22,-46.33
10,0,9.96,-7.12,-46.21
10,0,10,-7.37,-46.44
10,0,10.04,-7.944,-47.19
10,0,10.08,-6.20800000000001,-45.63
10,0,10.12,-6.00600000000001,-45.56
10,0,10.16,-5.95800000000001,-45.6
10,0,10.2,-4.56,-44.29
10,0,10.24,-3.65200000000001,-43.35
10,0,10.28,-2.734,-42.4
10,0,10.32,-2.582,-42.21
10,0,10.36,-1.53599999999999,-41.12
10,0,10.4,0.390000000000001,-39.15
10,0,10.44,1.786,-37.75
10,0,10.48,2.80200000000001,-36.73
10,0,10.52,3.188,-36.42
10,0,10.56,3.954,-35.81
10,0,10.6,4.36,-35.56
10,0,10.64,4.042,-35.97
10,0,10.68,3.794,-36.31
10,0,10.72,4.534,-35.64
10,0,10.76,5.172,-35.05
10,0,10.8,4.94,-35.33
10,0,10.84,4.43,-35.74
10,0,10.88,4.42000000000001,-35.65
10,0,10.92,4.87800000000001,-35.13
10,0,10.96,5.214,-34.77
10,0,11,5.29,-34.67
10,0,11.04,4.61399999999999,-35.45
10,0,11.08,3.458,-36.71
10,0,11.12,3.414,-36.83
10,0,11.16,2.872,-37.42
10,0,11.2,2.03,-38.31
10,0,11.24,1.402,-38.99
10,0,11.28,1.104,-39.34
10,0,11.32,-0.293999999999997,-40.81
10,0,11.36,-0.591999999999999,-41.2
10,0,11.4,-1.09,-41.79
10,0,11.44,-0.821999999999996,-41.57
10,0,11.48,-0.833999999999996,-41.63
10,0,11.52,-1.39999999999999,-42.23
10,0,11.56,-1.87,-42.72
10,0,11.6,-2.04,-42.91
10,0,11.64,-2.056,-43.01
10,0,11.68,-1.512,-42.55
10,0,11.72,-1.548,-42.64
10,0,11.76,-2.454,-43.57
10,0,11.8,-3.5,-44.64
10,0,11.84,-4.006,-45.09
10,0,11.88,-4.132,-45.16
10,0,11.92,-4.694,-45.82
10,0,11.96,-4.62199999999999,-46
10,0,12,-6.09999999999999,-47.73
11,0,8,-12.08,-46.7
11,0,8.04,-10.668,-45.38
11,0,8.08,-10.196,-45
11,0,8.12,-9.86199999999999,-44.75
11,0,8.16,-9.166,-44.13
11,0,8.2,-10.87,-45.91
11,0,8.24,-11.292,-46.4
11,0,8.28,-10.954,-46.13
11,0,8.32,-9.826,-45.07
11,0,8.36,-9.768,-45.08
11,0,8.4,-10.6,-45.98
11,0,8.44,-12.072,-47.66
11,0,8.48,-14.834,-50.63
11,0,8.52,-16.914,-52.94
11,0,8.56,-12.862,-49.14
11,0,8.6,-9.22,-45.75
11,0,8.64,-6.88399999999999,-43.73
11,0,8.68,-4.418,-41.58
11,0,8.72,-3.738,-41.04
11,0,8.76,-3.254,-40.52
11,0,8.8,-4.16,-41.39
11,0,8.84,-4.24400000000001,-41.43
11,0,8.88,-6.20800000000001,-43.35
11,0,8.92,-8.20399999999999,-45.41
11,0,8.96,-9.822,-47.2
11,0,9,-10.62,-48.17
11,0,9.04,-15.374,-53.16
11,0,9.08,-16.638,-54.66
11,0,9.12,-14.706,-52.99
11,0,9.16,-11.518,-50.09
11,0,9.2,-9.41,-48.27
11,0,9.24,-7.87,-46.47
11,0,9.28,-6.94999999999999,-45.29
11,0,9.32,-6.148,-44.31
11,0,9.36,-5.634,-43.7
11,0,9.4,-6.13,-44.1
11,0,9.44,-6.624,-44.73
11,0,9.48,-6.26799999999999,-44.51
11,0,9.52,-6.182,-44.56
11,0,9.56,-6.666,-45.18
11,0,9.6,-8.03,-46.68
11,0,9.64,-7.77,-46.54
11,0,9.68,-7.67,-46.56
11,0,9.72,-7.34799999999999,-46.33
11,0,9.76,-6.914,-45.96
11,0,9.8,-6.74,-45.85
11,0,9.84,-5.996,-45.11
11,0,9.88,-6.41200000000001,-45.53
11,0,9.92,-6.44,-45.55
11,0,9.96,-6.88,-45.97
11,0,10,-7.14,-46.21
11,0,10.04,-8.434,-47.68
11,0,10.08,-7.538,-46.96
11,0,10.12,-6.986,-46.54
11,0,10.16,-7.05800000000001,-46.7
11,0,10.2,-6.03,-45.76
11,0,10.24,-5.51200000000001,-45.21
11,0,10.28,-5.32400000000001,-44.99
11,0,10.32,-5.722,-45.35
11,0,10.36,-4.616,-44.2
11,0,10.4,-2.86,-42.4
11,0,10.44,-0.554000000000002,-40.09
11,0,10.48,0.682000000000002,-38.85
11,0,10.52,1.858,-37.75
11,0,10.56,2.89400000000001,-36.87
11,0,10.6,2.98,-36.94
11,0,10.64,3.102,-36.91
11,0,10.68,2.91400000000001,-37.19
11,0,10.72,3.934,-36.24
11,0,10.76,4.612,-35.61
11,0,10.8,4.54000000000001,-35.73
11,0,10.84,4.09,-36.08
11,0,10.88,4.34000000000001,-35.73
11,0,10.92,4.87800000000001,-35.13
11,0,10.96,5.494,-34.49
11,0,11,5.84,-34.12
11,0,11.04,5.43399999999999,-34.63
11,0,11.08,4.548,-35.62
11,0,11.12,4.704,-35.54
11,0,11.16,4.202,-36.09
11,0,11.2,3.55,-36.79
11,0,11.24,3.02200000000001,-37.37
11,0,11.28,2.734,-37.71
11,0,11.32,1.78600000000001,-38.73
11,0,11.36,1.19800000000001,-39.41
11,0,11.4,0.490000000000002,-40.21
11,0,11.44,0.398000000000003,-40.35
11,0,11.48,-0.00399999999999068,-40.8
11,0,11.52,-0.629999999999995,-41.46
11,0,11.56,-1.84,-42.69
11,0,11.6,-1.72000000000001,-42.59
11,0,11.64,-1.796,-42.75
11,0,11.68,-0.702000000000005,-41.74
11,0,11.72,-0.957999999999998,-42.05
11,0,11.76,-1.574,-42.69
11,0,11.8,-2.82,-43.96
11,0,11.84,-2.42599999999999,-43.51
11,0,11.88,-2.592,-43.62
11,0,11.92,-2.874,-44
11,0,11.96,-2.97199999999999,-44.35
11,0,12,-4.2,-45.83
12,0,8,-16.89,-51.51
12,0,8.04,-14.678,-49.39
12,0,8.08,-13.996,-48.8
12,0,8.12,-12.092,-46.98
12,0,8.16,-10.766,-45.73
12,0,8.2,-12.11,-47.15
12,0,8.24,-10.822,-45.93
12,0,8.28,-9.784,-44.96
12,0,8.32,-8.376,-43.62
12,0,8.36,-8.108,-43.42
12,0,8.4,-8,-43.38
12,0,8.44,-8.492,-44.08
12,0,8.48,-10.384,-46.18
12,0,8.52,-12.784,-48.81
12,0,8.56,-14.632,-50.91
12,0,8.6,-11.91,-48.44
12,0,8.64,-9.20399999999999,-46.05
12,0,8.68,-6.248,-43.41
12,0,8.72,-5.108,-42.41
12,0,8.76,-4.264,-41.53
12,0,8.8,-4.86000000000001,-42.09
12,0,8.84,-4.34400000000001,-41.53
12,0,8.88,-5.87800000000001,-43.02
12,0,8.92,-7.114,-44.32
12,0,8.96,-8.092,-45.47
12,0,9,-8.39,-45.94
12,0,9.04,-11.724,-49.51
12,0,9.08,-11.978,-50
12,0,9.12,-14.746,-53.03
12,0,9.16,-13.998,-52.57
12,0,9.2,-12.55,-51.41
12,0,9.24,-10.69,-49.29
12,0,9.28,-9.47999999999999,-47.82
12,0,9.32,-7.808,-45.97
12,0,9.36,-6.684,-44.75
12,0,9.4,-6.69,-44.66
12,0,9.44,-7.344,-45.45
12,0,9.48,-6.598,-44.84
12,0,9.52,-6.372,-44.75
12,0,9.56,-6.576,-45.09
12,0,9.6,-8.03,-46.68
12,0,9.64,-8.58,-47.35
12,0,9.68,-8.32,-47.21
12,0,9.72,-8.218,-47.2
12,0,9.76,-8.024,-47.07
12,0,9.8,-7.53,-46.64
12,0,9.84,-7.096,-46.21
12,0,9.88,-6.612,-45.73
12,0,9.92,-6.29,-45.4
12,0,9.96,-6.3,-45.39
12,0,10,-6.69,-45.76
12,0,10.04,-7.52400000000001,-46.77
12,0,10.08,-6.978,-46.4
12,0,10.12,-7.026,-46.58
12,0,10.16,-7.87800000000001,-47.52
12,0,10.2,-6.97000000000001,-46.7
12,0,10.24,-6.12200000000001,-45.82
12,0,10.28,-6.67400000000001,-46.34
12,0,10.32,-8.252,-47.88
12,0,10.36,-7.796,-47.38
12,0,10.4,-6.1,-45.64
12,0,10.44,-3.654,-43.19
12,0,10.48,-2.008,-41.54
12,0,10.52,-0.601999999999997,-40.21
12,0,10.56,1.164,-38.6
12,0,10.6,1.39,-38.53
12,0,10.64,1.562,-38.45
12,0,10.68,1.77400000000001,-38.33
12,0,10.72,2.904,-37.27
12,0,10.76,3.692,-36.53
12,0,10.8,3.66,-36.61
12,0,10.84,3.37,-36.8
12,0,10.88,3.60000000000001,-36.47
12,0,10.92,4.42800000000001,-35.58
12,0,10.96,5.354,-34.63
12,0,11,5.75,-34.21
12,0,11.04,5.61399999999999,-34.45
12,0,11.08,4.838,-35.33
12,0,11.12,5.294,-34.95
12,0,11.16,5.072,-35.22
12,0,11.2,4.62,-35.72
12,0,11.24,4.032,-36.36
12,0,11.28,3.954,-36.49
12,0,11.32,3.206,-37.31
12,0,11.36,2.898,-37.71
12,0,11.4,2.2,-38.5
12,0,11.44,1.88800000000001,-38.86
12,0,11.48,1.456,-39.34
12,0,11.52,0.200000000000003,-40.63
12,0,11.56,-1.03000000000001,-41.88
12,0,11.6,-1.32,-42.19
12,0,11.64,-1.186,-42.14
12,0,11.68,-0.00200000000000244,-41.04
12,0,11.72,-0.178000000000004,-41.27
12,0,11.76,-1.114,-42.23
12,0,11.8,-2.03,-43.17
12,0,11.84,-2.196,-43.28
12,0,11.88,-1.922,-42.95
12,0,11.92,-1.864,-42.99
12,0,11.96,-2.24199999999999,-43.62
12,0,12,-3.58,-45.21
13,0,8,-23.41,-58.03
13,0,8.04,-23.928,-58.64
13,0,8.08,-22.806,-57.61
13,0,8.12,-19.742,-54.63
13,0,8.16,-14.336,-49.3
13,0,8.2,-12.87,-47.91
13,0,8.24,-10.632,-45.74
13,0,8.28,-9.154,-44.33
13,0,8.32,-7.436,-42.68
13,0,8.36,-6.898,-42.21
13,0,8.4,-6.3,-41.68
13,0,8.44,-6.482,-42.07
13,0,8.48,-7.864,-43.66
13,0,8.52,-9.974,-46
13,0,8.56,-14.002,-50.28
13,0,8.6,-14.64,-51.17
13,0,8.64,-12.284,-49.13
13,0,8.68,-8.888,-46.05
13,0,8.72,-6.878,-44.18
13,0,8.76,-5.694,-42.96
13,0,8.8,-6.17,-43.4
13,0,8.84,-5.23400000000001,-42.42
13,0,8.88,-5.728,-42.87
13,0,8.92,-6.30399999999999,-43.51
13,0,8.96,-7.082,-44.46
13,0,9,-7.02,-44.57
13,0,9.04,-9.044,-46.83
13,0,9.08,-9.218,-47.24
13,0,9.12,-11.406,-49.69
13,0,9.16,-12.828,-51.4
13,0,9.2,-12.8,-51.66
13,0,9.24,-11.85,-50.45
13,0,9.28,-11.95,-50.29
13,0,9.32,-9.768,-47.93
13,0,9.36,-7.864,-45.93
13,0,9.4,-7.45,-45.42
13,0,9.44,-8.224,-46.33
13,0,9.48,-7.508,-45.75
13,0,9.52,-6.892,-45.27
13,0,9.56,-7.17599999999999,-45.69
13,0,9.6,-8.69,-47.34
13,0,9.64,-8.57,-47.34
13,0,9.68,-8.82,-47.71
13,0,9.72,-9.02799999999999,-48.01
13,0,9.76,-9.074,-48.12
13,0,9.8,-8.96,-48.07
13,0,9.84,-8.666,-47.78
13,0,9.88,-7.69200000000001,-46.81
13,0,9.92,-7.5,-46.61
13,0,9.96,-6.56999999999999,-45.66
13,0,10,-6.93,-46
13,0,10.04,-7.004,-46.25
13,0,10.08,-6.738,-46.16
13,0,10.12,-7.056,-46.61
13,0,10.16,-7.008,-46.65
13,0,10.2,-6.31,-46.04
13,0,10.24,-5.97200000000001,-45.67
13,0,10.28,-6.814,-46.48
13,0,10.32,-9.062,-48.69
13,0,10.36,-9.366,-48.95
13,0,10.4,-9.15,-48.69
13,0,10.44,-7.124,-46.66
13,0,10.48,-5.26799999999999,-44.8
13,0,10.52,-3.632,-43.24
13,0,10.56,-1.836,-41.6
13,0,10.6,-0.43,-40.35
13,0,10.64,-0.247999999999998,-40.26
13,0,10.68,-0.0459999999999923,-40.15
13,0,10.72,1.234,-38.94
13,0,10.76,2.182,-38.04
13,0,10.8,2.40000000000001,-37.87
13,0,10.84,2.22,-37.95
13,0,10.88,2.62,-37.45
13,0,10.92,3.79800000000001,-36.21
13,0,10.96,4.724,-35.26
13,0,11,5.45,-34.51
13,0,11.04,5.36399999999999,-34.7
13,0,11.08,4.688,-35.48
13,0,11.12,5.534,-34.71
13,0,11.16,5.412,-34.88
13,0,11.2,5.14,-35.2
13,0,11.24,4.66200000000001,-35.73
13,0,11.28,4.564,-35.88
13,0,11.32,3.996,-36.52
13,0,11.36,3.978,-36.63
13,0,11.4,3.62,-37.08
13,0,11.44,3.188,-37.56
13,0,11.48,2.72600000000001,-38.07
13,0,11.52,1.60000000000001,-39.23
13,0,11.56,0.569999999999993,-40.28
13,0,11.6,-0.0100000000000051,-40.88
13,0,11.64,0.00399999999999778,-40.95
13,0,11.68,0.558,-40.48
13,0,11.72,0.682000000000002,-40.41
13,0,11.76,0.316000000000003,-40.8
13,0,11.8,-1.04,-42.18
13,0,11.84,-1.21599999999999,-42.3
13,0,11.88,-1.072,-42.1
13,0,11.92,-1.184,-42.31
13,0,11.96,-1.392,-42.77
13,0,12,-2.91,-44.54
14,0,8,-15.64,-50.26
14,0,8.04,-19.238,-53.95
14,0,8.08,-23.446,-58.25
14,0,8.12,-26.002,-60.89
14,0,8.16,-19.046,-54.01
14,0,8.2,-15.22,-50.26
14,0,8.24,-11.462,-46.57
14,0,8.28,-8.944,-44.12
14,0,8.32,-6.876,-42.12
14,0,8.36,-5.858,-41.17
14,0,8.4,-5.44,-40.82
14,0,8.44,-5.522,-41.11
14,0,8.48,-6.224,-42.02
14,0,8.52,-8.204,-44.23
14,0,8.56,-10.732,-47.01
14,0,8.6,-15.21,-51.74
14,0,8.64,-16.454,-53.3
14,0,8.68,-12.888,-50.05
14,0,8.72,-9.918,-47.22
14,0,8.76,-8.57400000000001,-45.84
14,0,8.8,-8.08000000000001,-45.31
14,0,8.84,-6.684,-43.87
14,0,8.88,-6.87800000000001,-44.02
14,0,8.92,-6.98399999999999,-44.19
14,0,8.96,-7.532,-44.91
14,0,9,-7.25,-44.8
14,0,9.04,-7.974,-45.76
14,0,9.08,-7.498,-45.52
14,0,9.12,-9.066,-47.35
14,0,9.16,-10.458,-49.03
14,0,9.2,-12.28,-51.14
14,0,9.24,-12.72,-51.32
14,0,9.28,-13.02,-51.36
14,0,9.32,-11.418,-49.58
14,0,9.36,-9.954,-48.02
14,0,9.4,-9.04,-47.01
14,0,9.44,-8.624,-46.73
14,0,9.48,-8.968,-47.21
14,0,9.52,-7.572,-45.95
14,0,9.56,-8.28599999999999,-46.8
14,0,9.6,-9.45,-48.1
14,0,9.64,-8.82,-47.59
14,0,9.68,-9.15,-48.04
14,0,9.72,-8.98799999999999,-47.97
14,0,9.76,-9.554,-48.6
14,0,9.8,-9.25,-48.36
14,0,9.84,-9.416,-48.53
14,0,9.88,-9.042,-48.16
14,0,9.92,-8.53,-47.64
14,0,9.96,-8.27999999999999,-47.37
14,0,10,-7.39,-46.46
14,0,10.04,-7.89400000000001,-47.14
14,0,10.08,-6.498,-45.92
14,0,10.12,-6.83600000000001,-46.39
14,0,10.16,-7.088,-46.73
14,0,10.2,-5.49,-45.22
14,0,10.24,-5.30200000000001,-45
14,0,10.28,-5.224,-44.89
14,0,10.32,-7.272,-46.9
14,0,10.36,-8.57599999999999,-48.16
14,0,10.4,-8.99,-48.53
14,0,10.44,-9.604,-49.14
14,0,10.48,-7.90799999999999,-47.44
14,0,10.52,-6.83199999999999,-46.44
14,0,10.56,-5.486,-45.25
14,0,10.6,-3.84,-43.76
14,0,10.64,-3.298,-43.31
14,0,10.68,-2.64599999999999,-42.75
14,0,10.72,-0.996000000000002,-41.17
14,0,10.76,0.102000000000004,-40.12
14,0,10.8,0.590000000000003,-39.68
14,0,10.84,0.450000000000003,-39.72
14,0,10.88,1.28000000000001,-38.79
14,0,10.92,2.29800000000001,-37.71
14,0,10.96,3.644,-36.34
14,0,11,4.32,-35.64
14,0,11.04,4.56399999999999,-35.5
14,0,11.08,4.268,-35.9
14,0,11.12,5.004,-35.24
14,0,11.16,5.402,-34.89
14,0,11.2,5.13,-35.21
14,0,11.24,5.02200000000001,-35.37
14,0,11.28,5.154,-35.29
14,0,11.32,4.50600000000001,-36.01
14,0,11.36,4.508,-36.1
14,0,11.4,4.35,-36.35
14,0,11.44,4.398,-36.35
14,0,11.48,4.04600000000001,-36.75
14,0,11.52,3.15000000000001,-37.68
14,0,11.56,1.96999999999999,-38.88
14,0,11.6,1.52999999999999,-39.34
14,0,11.64,1.204,-39.75
14,0,11.68,1.51799999999999,-39.52
14,0,11.72,1.612,-39.48
14,0,11.76,1.176,-39.94
14,0,11.8,0.119999999999997,-41.02
14,0,11.84,0.0240000000000009,-41.06
14,0,11.88,0.238,-40.79
14,0,11.92,-0.254000000000005,-41.38
14,0,11.96,-0.631999999999991,-42.01
14,0,12,-1.84,-43.47
15,0,8,-11.18,-45.8
15,0,8.04,-12.448,-47.16
15,0,8.08,-13.946,-48.75
15,0,8.12,-15.472,-50.36
15,0,8.16,-16.186,-51.15
15,0,8.2,-15.34,-50.38
15,0,8.24,-11.622,-46.73
15,0,8.28,-8.674,-43.85
15,0,8.32,-6.586,-41.83
15,0,8.36,-5.398,-40.71
15,0,8.4,-4.95,-40.33
15,0,8.44,-4.602,-40.19
15,0,8.48,-5.294,-41.09
15,0,8.52,-6.554,-42.58
15,0,8.56,-8.992,-45.27
15,0,8.6,-12.03,-48.56
15,0,8.64,-15.574,-52.42
15,0,8.68,-17.468,-54.63
15,0,8.72,-14.948,-52.25
15,0,8.76,-11.964,-49.23
15,0,8.8,-11.11,-48.34
15,0,8.84,-9.224,-46.41
15,0,8.88,-8.998,-46.14
15,0,8.92,-8.634,-45.84
15,0,8.96,-8.592,-45.97
15,0,9,-6.97000000000001,-44.52
15,0,9.04,-8.114,-45.9
15,0,9.08,-6.91799999999999,-44.94
15,0,9.12,-8.576,-46.86
15,0,9.16,-9.40799999999999,-47.98
15,0,9.2,-11.18,-50.04
15,0,9.24,-11.93,-50.53
15,0,9.28,-12.37,-50.71
15,0,9.32,-11.358,-49.52
15,0,9.36,-10.234,-48.3
15,0,9.4,-9.32,-47.29
15,0,9.44,-9.634,-47.74
15,0,9.48,-9.138,-47.38
15,0,9.52,-8.902,-47.28
15,0,9.56,-9.136,-47.65
15,0,9.6,-10.55,-49.2
15,0,9.64,-9.48999999999999,-48.26
15,0,9.68,-9.82,-48.71
15,0,9.72,-10.118,-49.1
15,0,9.76,-9.574,-48.62
15,0,9.8,-9.05,-48.16
15,0,9.84,-9.35599999999999,-48.47
15,0,9.88,-9.66200000000001,-48.78
15,0,9.92,-9.04,-48.15
15,0,9.96,-9.4,-48.49
15,0,10,-9.05,-48.12
15,0,10.04,-8.794,-48.04
15,0,10.08,-8.048,-47.47
15,0,10.12,-8.806,-48.36
15,0,10.16,-8.178,-47.82
15,0,10.2,-6.44,-46.17
15,0,10.24,-5.062,-44.76
15,0,10.28,-4.684,-44.35
15,0,10.32,-5.972,-45.6
15,0,10.36,-7.256,-46.84
15,0,10.4,-7.56,-47.1
15,0,10.44,-8.314,-47.85
15,0,10.48,-8.86799999999999,-48.4
15,0,10.52,-8.322,-47.93
15,0,10.56,-7.836,-47.6
15,0,10.6,-6.93,-46.85
15,0,10.64,-6.138,-46.15
15,0,10.68,-5.39599999999999,-45.5
15,0,10.72,-4.026,-44.2
15,0,10.76,-2.448,-42.67
15,0,10.8,-1.7,-41.97
15,0,10.84,-1.69,-41.86
15,0,10.88,-0.789999999999992,-40.86
15,0,10.92,0.498000000000012,-39.51
15,0,10.96,1.694,-38.29
15,0,11,2.61,-37.35
15,0,11.04,3.16399999999999,-36.9
15,0,11.08,3.118,-37.05
15,0,11.12,4.234,-36.01
15,0,11.16,4.63200000000001,-35.66
15,0,11.2,4.72000000000001,-35.62
15,0,11.24,4.682,-35.71
15,0,11.28,4.864,-35.58
15,0,11.32,4.636,-35.88
15,0,11.36,4.69800000000001,-35.91
15,0,11.4,4.83000000000001,-35.87
15,0,11.44,5.038,-35.71
15,0,11.48,5.01600000000001,-35.78
15,0,11.52,4.36000000000001,-36.47
15,0,11.56,3.24999999999999,-37.6
15,0,11.6,2.69,-38.18
15,0,11.64,2.184,-38.77
15,0,11.68,2.58799999999999,-38.45
15,0,11.72,2.372,-38.72
15,0,11.76,1.886,-39.23
15,0,11.8,0.899999999999999,-40.24
15,0,11.84,0.974000000000004,-40.11
15,0,11.88,1.308,-39.72
15,0,11.92,0.995999999999995,-40.13
15,0,11.96,0.198000000000008,-41.18
15,0,12,-1.15,-42.78
16,0,8,-8.94,-43.56
16,0,8.04,-9.188,-43.9
16,0,8.08,-9.786,-44.59
16,0,8.12,-10.932,-45.82
16,0,8.16,-11.816,-46.78
16,0,8.2,-12.95,-47.99
16,0,8.24,-11.002,-46.11
16,0,8.28,-9.094,-44.27
16,0,8.32,-6.646,-41.89
16,0,8.36,-5.448,-40.76
16,0,8.4,-5.01,-40.39
16,0,8.44,-4.522,-40.11
16,0,8.48,-5.034,-40.83
16,0,8.52,-6.304,-42.33
16,0,8.56,-7.922,-44.2
16,0,8.6,-10.43,-46.96
16,0,8.64,-14.214,-51.06
16,0,8.68,-20.108,-57.27
16,0,8.72,-21.428,-58.73
16,0,8.76,-16.044,-53.31
16,0,8.8,-14.79,-52.02
16,0,8.84,-12.384,-49.57
16,0,8.88,-11.398,-48.54
16,0,8.92,-10.774,-47.98
16,0,8.96,-9.892,-47.27
16,0,9,-8.29000000000001,-45.84
16,0,9.04,-8.724,-46.51
16,0,9.08,-7.898,-45.92
16,0,9.12,-9.256,-47.54
16,0,9.16,-9.638,-48.21
16,0,9.2,-10.68,-49.54
16,0,9.24,-11.04,-49.64
16,0,9.28,-11.63,-49.97
16,0,9.32,-10.928,-49.09
16,0,9.36,-10.674,-48.74
16,0,9.4,-9.86,-47.83
16,0,9.44,-9.634,-47.74
16,0,9.48,-9.15799999999999,-47.4
16,0,9.52,-8.502,-46.88
16,0,9.56,-9.206,-47.72
16,0,9.6,-10.8,-49.45
16,0,9.64,-10.65,-49.42
16,0,9.68,-10.67,-49.56
16,0,9.72,-10.738,-49.72
16,0,9.76,-10.264,-49.31
16,0,9.8,-9.63,-48.74
16,0,9.84,-10.286,-49.4
16,0,9.88,-9.62200000000001,-48.74
16,0,9.92,-9.57,-48.68
16,0,9.96,-9.54,-48.63
16,0,10,-9.34,-48.41
16,0,10.04,-9.59400000000001,-48.84
16,0,10.08,-9.058,-48.48
16,0,10.12,-10.276,-49.83
16,0,10.16,-10.088,-49.73
16,0,10.2,-8.23,-47.96
16,0,10.24,-5.992,-45.69
16,0,10.28,-5.304,-44.97
16,0,10.32,-5.512,-45.14
16,0,10.36,-6.60599999999999,-46.19
16,0,10.4,-6.59,-46.13
16,0,10.44,-7.224,-46.76
16,0,10.48,-8.028,-47.56
16,0,10.52,-8.182,-47.79
16,0,10.56,-7.566,-47.33
16,0,10.6,-8.5,-48.42
16,0,10.64,-8.298,-48.31
16,0,10.68,-8.026,-48.13
16,0,10.72,-6.306,-46.48
16,0,10.76,-4.878,-45.1
16,0,10.8,-4.08,-44.35
16,0,10.84,-4.03,-44.2
16,0,10.88,-3.17999999999999,-43.25
16,0,10.92,-2.07199999999999,-42.08
16,0,10.96,-0.585999999999999,-40.57
16,0,11,0.700000000000003,-39.26
16,0,11.04,1.38399999999999,-38.68
16,0,11.08,1.498,-38.67
16,0,11.12,2.724,-37.52
16,0,11.16,3.422,-36.87
16,0,11.2,3.78,-36.56
16,0,11.24,3.852,-36.54
16,0,11.28,4.234,-36.21
16,0,11.32,4.15600000000001,-36.36
16,0,11.36,4.59800000000001,-36.01
16,0,11.4,4.66,-36.04
16,0,11.44,4.998,-35.75
16,0,11.48,5.28600000000001,-35.51
16,0,11.52,4.84,-35.99
16,0,11.56,4.02,-36.83
16,0,11.6,3.73,-37.14
16,0,11.64,3.444,-37.51
16,0,11.68,3.788,-37.25
16,0,11.72,3.552,-37.54
16,0,11.76,2.946,-38.17
16,0,11.8,1.84,-39.3
16,0,11.84,1.774,-39.31
16,0,11.88,2.158,-38.87
16,0,11.92,2.10599999999999,-39.02
16,0,11.96,1.68800000000001,-39.69
16,0,12,0.0500000000000043,-41.58
17,0,8,-7.91,-42.53
17,0,8.04,-7.98800000000001,-42.7
17,0,8.08,-7.636,-42.44
17,0,8.12,-8.572,-43.46
17,0,8.16,-9.206,-44.17
17,0,8.2,-11.25,-46.29
17,0,8.24,-10.442,-45.55
17,0,8.28,-9.834,-45.01
17,0,8.32,-7.326,-42.57
17,0,8.36,-6.52800000000001,-41.84
17,0,8.4,-5.68,-41.06
17,0,8.44,-5.232,-40.82
17,0,8.48,-5.554,-41.35
17,0,8.52,-6.584,-42.61
17,0,8.56,-8.01199999999999,-44.29
17,0,8.6,-9.99,-46.52
17,0,8.64,-13.084,-49.93
17,0,8.68,-16.848,-54.01
17,0,8.72,-41.988,-79.29
17,0,8.76,-22.564,-59.83
17,0,8.8,-17.87,-55.1
17,0,8.84,-15.584,-52.77
17,0,8.88,-13.758,-50.9
17,0,8.92,-13.394,-50.6
17,0,8.96,-11.242,-48.62
17,0,9,-9.57,-47.12
17,0,9.04,-9.864,-47.65
17,0,9.08,-8.83799999999999,-46.86
17,0,9.12,-10.176,-48.46
17,0,9.16,-10.768,-49.34
17,0,9.2,-11.27,-50.13
17,0,9.24,-10.47,-49.07
17,0,9.28,-11.52,-49.86
17,0,9.32,-10.888,-49.05
17,0,9.36,-10.524,-48.59
17,0,9.4,-9.71,-47.68
17,0,9.44,-9.494,-47.6
17,0,9.48,-9.08799999999999,-47.33
17,0,9.52,-8.382,-46.76
17,0,9.56,-8.976,-47.49
17,0,9.6,-10.2,-48.85
17,0,9.64,-10.05,-48.82
17,0,9.68,-10.78,-49.67
17,0,9.72,-11.818,-50.8
17,0,9.76,-11.014,-50.06
17,0,9.8,-10.89,-50
17,0,9.84,-11.316,-50.43
17,0,9.88,-11.782,-50.9
17,0,9.92,-10.57,-49.68
17,0,9.96,-10.62,-49.71
17,0,10,-9.92,-48.99
17,0,10.04,-10.024,-49.27
17,0,10.08,-9.038,-48.46
17,0,10.12,-10.106,-49.66
17,0,10.16,-11.398,-51.04
17,0,10.2,-9.89,-49.62
17,0,10.24,-7.89200000000001,-47.59
17,0,10.28,-6.634,-46.3
17,0,10.32,-7.022,-46.65
17,0,10.36,-6.64599999999999,-46.23
17,0,10.4,-6.46,-46
17,0,10.44,-6.514,-46.05
17,0,10.48,-6.37799999999999,-45.91
17,0,10.52,-7.462,-47.07
17,0,10.56,-7.21599999999999,-46.98
17,0,10.6,-7.83,-47.75
17,0,10.64,-8.488,-48.5
17,0,10.68,-8.67599999999999,-48.78
17,0,10.72,-7.646,-47.82
17,0,10.76,-6.868,-47.09
17,0,10.8,-6.02,-46.29
17,0,10.84,-5.93,-46.1
17,0,10.88,-5.42999999999999,-45.5
17,0,10.92,-4.35199999999999,-44.36
17,0,10.96,-2.936,-42.92
17,0,11,-1.86,-41.82
17,0,11.04,-1.15600000000001,-41.22
17,0,11.08,-0.552,-40.72
17,0,11.12,0.793999999999997,-39.45
17,0,11.16,1.992,-38.3
17,0,11.2,2.3,-38.04
17,0,11.24,2.682,-37.71
17,0,11.28,3.014,-37.43
17,0,11.32,3.11600000000001,-37.4
17,0,11.36,3.55800000000001,-37.05
17,0,11.4,3.82,-36.88
17,0,11.44,4.438,-36.31
17,0,11.48,4.82600000000001,-35.97
17,0,11.52,4.7,-36.13
17,0,11.56,4.2,-36.65
17,0,11.6,4.18,-36.69
17,0,11.64,4.124,-36.83
17,0,11.68,4.51799999999999,-36.52
17,0,11.72,4.402,-36.69
17,0,11.76,3.856,-37.26
17,0,11.8,2.83,-38.31
17,0,11.84,2.814,-38.27
17,0,11.88,3.078,-37.95
17,0,11.92,2.936,-38.19
17,0,11.96,2.498,-38.88
17,0,12,1.38,-40.25
18,0,8,-7.69,-42.31
18,0,8.04,-7.068,-41.78
18,0,8.08,-6.526,-41.33
18,0,8.12,-6.822,-41.71
18,0,8.16,-7.636,-42.6
18,0,8.2,-9.75,-44.79
18,0,8.24,-10.472,-45.58
18,0,8.28,-10.924,-46.1
18,0,8.32,-9.166,-44.41
18,0,8.36,-8.38800000000001,-43.7
18,0,8.4,-7.52,-42.9
18,0,8.44,-6.742,-42.33
18,0,8.48,-6.844,-42.64
18,0,8.52,-7.344,-43.37
18,0,8.56,-9.16199999999999,-45.44
18,0,8.6,-11.25,-47.78
18,0,8.64,-13.384,-50.23
18,0,8.68,-16.578,-53.74
18,0,8.72,-23.358,-60.66
18,0,8.76,-20.574,-57.84
18,0,8.8,-19.49,-56.72
18,0,8.84,-16.404,-53.59
18,0,8.88,-17.538,-54.68
18,0,8.92,-16.054,-53.26
18,0,8.96,-14.592,-51.97
18,0,9,-11.19,-48.74
18,0,9.04,-11.204,-48.99
18,0,9.08,-10.448,-48.47
18,0,9.12,-11.326,-49.61
18,0,9.16,-12.568,-51.14
18,0,9.2,-11.33,-50.19
18,0,9.24,-11,-49.6
18,0,9.28,-11.34,-49.68
18,0,9.32,-11.278,-49.44
18,0,9.36,-10.254,-48.32
18,0,9.4,-9.92,-47.89
18,0,9.44,-9.864,-47.97
18,0,9.48,-9.11799999999999,-47.36
18,0,9.52,-8.462,-46.84
18,0,9.56,-8.39599999999999,-46.91
18,0,9.6,-10.57,-49.22
18,0,9.64,-10.84,-49.61
18,0,9.68,-10.44,-49.33
18,0,9.72,-10.298,-49.28
18,0,9.76,-10.804,-49.85
18,0,9.8,-11.25,-50.36
18,0,9.84,-12.626,-51.74
18,0,9.88,-13.762,-52.88
18,0,9.92,-13.57,-52.68
18,0,9.96,-12.29,-51.38
18,0,10,-10.91,-49.98
18,0,10.04,-10.624,-49.87
18,0,10.08,-9.688,-49.11
18,0,10.12,-9.96600000000001,-49.52
18,0,10.16,-10.978,-50.62
18,0,10.2,-10.14,-49.87
18,0,10.24,-9.48200000000001,-49.18
18,0,10.28,-8.78400000000001,-48.45
18,0,10.32,-8.712,-48.34
18,0,10.36,-8.39599999999999,-47.98
18,0,10.4,-7.5,-47.04
18,0,10.44,-6.614,-46.15
18,0,10.48,-6.308,-45.84
18,0,10.52,-6.61199999999999,-46.22
18,0,10.56,-6.556,-46.32
18,0,10.6,-7.27,-47.19
18,0,10.64,-7.538,-47.55
18,0,10.68,-8.496,-48.6
18,0,10.72,-8.176,-48.35
18,0,10.76,-7.738,-47.96
18,0,10.8,-7.43,-47.7
18,0,10.84,-7.5,-47.67
18,0,10.88,-6.93999999999999,-47.01
18,0,10.92,-6.51199999999999,-46.52
18,0,10.96,-5.406,-45.39
18,0,11,-4.61,-44.57
18,0,11.04,-3.88600000000001,-43.95
18,0,11.08,-3.502,-43.67
18,0,11.12,-1.916,-42.16
18,0,11.16,-0.177999999999997,-40.47
18,0,11.2,0.520000000000003,-39.82
18,0,11.24,1.032,-39.36
18,0,11.28,1.674,-38.77
18,0,11.32,1.85600000000001,-38.66
18,0,11.36,2.288,-38.32
18,0,11.4,2.84,-37.86
18,0,11.44,3.38800000000001,-37.36
18,0,11.48,3.86600000000001,-36.93
18,0,11.52,4.04000000000001,-36.79
18,0,11.56,3.74999999999999,-37.1
18,0,11.6,4.02999999999999,-36.84
18,0,11.64,4.124,-36.83
18,0,11.68,4.828,-36.21
18,0,11.72,4.792,-36.3
18,0,11.76,4.196,-36.92
18,0,11.8,3.33,-37.81
18,0,11.84,3.224,-37.86
18,0,11.88,3.558,-37.47
18,0,11.92,3.596,-37.53
18,0,11.96,3.318,-38.06
18,0,12,2.1,-39.53
19,0,8,-8.05,-42.67
19,0,8.04,-6.698,-41.41
19,0,8.08,-6.076,-40.88
19,0,8.12,-6.032,-40.92
19,0,8.16,-6.646,-41.61
19,0,8.2,-9,-44.04
19,0,8.24,-10.262,-45.37
19,0,8.28,-11.754,-46.93
19,0,8.32,-12.046,-47.29
19,0,8.36,-11.378,-46.69
19,0,8.4,-10.06,-45.44
19,0,8.44,-8.912,-44.5
19,0,8.48,-8.974,-44.77
19,0,8.52,-9.21400000000001,-45.24
19,0,8.56,-11.272,-47.55
19,0,8.6,-12.68,-49.21
19,0,8.64,-15.014,-51.86
19,0,8.68,-15.598,-52.76
19,0,8.72,-17.338,-54.64
19,0,8.76,-15.934,-53.2
19,0,8.8,-17.16,-54.39
19,0,8.84,-15.974,-53.16
19,0,8.88,-15.758,-52.9
19,0,8.92,-18.154,-55.36
19,0,8.96,-17.642,-55.02
19,0,9,-13.95,-51.5
19,0,9.04,-13.034,-50.82
19,0,9.08,-12.528,-50.55
19,0,9.12,-12.316,-50.6
19,0,9.16,-12.698,-51.27
19,0,9.2,-12,-50.86
19,0,9.24,-11.6,-50.2
19,0,9.28,-12.85,-51.19
19,0,9.32,-12.418,-50.58
19,0,9.36,-11.294,-49.36
19,0,9.4,-10.57,-48.54
19,0,9.44,-9.584,-47.69
19,0,9.48,-8.928,-47.17
19,0,9.52,-8.612,-46.99
19,0,9.56,-8.156,-46.67
19,0,9.6,-10.36,-49.01
19,0,9.64,-11.28,-50.05
19,0,9.68,-10.93,-49.82
19,0,9.72,-10.488,-49.47
19,0,9.76,-10.444,-49.49
19,0,9.8,-10.59,-49.7
19,0,9.84,-12.336,-51.45
19,0,9.88,-13.752,-52.87
19,0,9.92,-13.96,-53.07
19,0,9.96,-14.58,-53.67
19,0,10,-12.51,-51.58
19,0,10.04,-11.784,-51.03
19,0,10.08,-10.648,-50.07
19,0,10.12,-10.756,-50.31
19,0,10.16,-11.198,-50.84
19,0,10.2,-10.6,-50.33
19,0,10.24,-10.272,-49.97
19,0,10.28,-11.034,-50.7
19,0,10.32,-10.482,-50.11
19,0,10.36,-10.496,-50.08
19,0,10.4,-8.93,-48.47
19,0,10.44,-7.884,-47.42
19,0,10.48,-6.988,-46.52
19,0,10.52,-6.952,-46.56
19,0,10.56,-6.126,-45.89
19,0,10.6,-6.2,-46.12
19,0,10.64,-6.958,-46.97
19,0,10.68,-7.65599999999999,-47.76
19,0,10.72,-7.756,-47.93
19,0,10.76,-7.368,-47.59
19,0,10.8,-8.25,-48.52
19,0,10.84,-8.22,-48.39
19,0,10.88,-8.21999999999999,-48.29
19,0,10.92,-6.88199999999999,-46.89
19,0,10.96,-6.246,-46.23
19,0,11,-6.04,-46
19,0,11.04,-6.43600000000001,-46.5
19,0,11.08,-6.522,-46.69
19,0,11.12,-4.416,-44.66
19,0,11.16,-3.358,-43.65
19,0,11.2,-2.15,-42.49
19,0,11.24,-1.008,-41.4
19,0,11.28,-0.256,-40.7
19,0,11.32,-0.163999999999994,-40.68
19,0,11.36,0.648000000000003,-39.96
19,0,11.4,1.46,-39.24
19,0,11.44,2.038,-38.71
19,0,11.48,2.74600000000001,-38.05
19,0,11.52,2.98,-37.85
19,0,11.56,2.8,-38.05
19,0,11.6,3.23,-37.64
19,0,11.64,3.674,-37.28
19,0,11.68,4.40799999999999,-36.63
19,0,11.72,4.582,-36.51
19,0,11.76,4.336,-36.78
19,0,11.8,3.59,-37.55
19,0,11.84,3.654,-37.43
19,0,11.88,4.108,-36.92
19,0,11.92,4.03599999999999,-37.09
19,0,11.96,3.91800000000001,-37.46
19,0,12,2.84,-38.79
20,0,8,-7.78,-42.4
20,0,8.04,-6.52800000000001,-41.24
20,0,8.08,-5.866,-40.67
20,0,8.12,-5.79199999999999,-40.68
20,0,8.16,-6.056,-41.02
20,0,8.2,-8.34,-43.38
20,0,8.24,-9.41200000000001,-44.52
20,0,8.28,-12.304,-47.48
20,0,8.32,-14.826,-50.07
20,0,8.36,-14.768,-50.08
20,0,8.4,-14.15,-49.53
20,0,8.44,-12.982,-48.57
20,0,8.48,-12.184,-47.98
20,0,8.52,-12.634,-48.66
20,0,8.56,-13.642,-49.92
20,0,8.6,-15.08,-51.61
20,0,8.64,-16.024,-52.87
20,0,8.68,-15.148,-52.31
20,0,8.72,-14.558,-51.86
20,0,8.76,-13.354,-50.62
20,0,8.8,-14.33,-51.56
20,0,8.84,-13.044,-50.23
20,0,8.88,-14.828,-51.97
20,0,8.92,-16.824,-54.03
20,0,8.96,-17.132,-54.51
20,0,9,-16.33,-53.88
20,0,9.04,-15.954,-53.74
20,0,9.08,-14.258,-52.28
20,0,9.12,-14.976,-53.26
20,0,9.16,-13.148,-51.72
20,0,9.2,-12.39,-51.25
20,0,9.24,-12.14,-50.74
20,0,9.28,-13.79,-52.13
20,0,9.32,-13.358,-51.52
20,0,9.36,-12.094,-50.16
20,0,9.4,-11.38,-49.35
20,0,9.44,-9.80399999999999,-47.91
20,0,9.48,-8.61799999999999,-46.86
20,0,9.52,-8.562,-46.94
20,0,9.56,-8.836,-47.35
20,0,9.6,-10.08,-48.73
20,0,9.64,-10.42,-49.19
20,0,9.68,-11.31,-50.2
20,0,9.72,-11.208,-50.19
20,0,9.76,-12.224,-51.27
20,0,9.8,-11.26,-50.37
20,0,9.84,-11.936,-51.05
20,0,9.88,-13.772,-52.89
20,0,9.92,-14.18,-53.29
20,0,9.96,-14.74,-53.83
20,0,10,-13.24,-52.31
20,0,10.04,-11.774,-51.02
20,0,10.08,-10.348,-49.77
20,0,10.12,-11.026,-50.58
20,0,10.16,-11.478,-51.12
20,0,10.2,-11.83,-51.56
20,0,10.24,-11.622,-51.32
20,0,10.28,-12.394,-52.06
20,0,10.32,-12.742,-52.37
20,0,10.36,-11.996,-51.58
20,0,10.4,-9.95,-49.49
20,0,10.44,-9.014,-48.55
20,0,10.48,-7.94799999999999,-47.48
20,0,10.52,-7.312,-46.92
20,0,10.56,-6.276,-46.04
20,0,10.6,-6.22,-46.14
20,0,10.64,-6.368,-46.38
20,0,10.68,-6.93599999999999,-47.04
20,0,10.72,-6.756,-46.93
20,0,10.76,-6.678,-46.9
20,0,10.8,-7.79,-48.06
20,0,10.84,-8.59,-48.76
20,0,10.88,-7.92999999999999,-48
20,0,10.92,-7.19199999999999,-47.2
20,0,10.96,-6.516,-46.5
20,0,11,-6.25,-46.21
20,0,11.04,-7.33600000000001,-47.4
20,0,11.08,-7.732,-47.9
20,0,11.12,-6.786,-47.03
20,0,11.16,-5.568,-45.86
20,0,11.2,-4.68,-45.02
20,0,11.24,-3.83799999999999,-44.23
20,0,11.28,-2.816,-43.26
20,0,11.32,-2.16399999999999,-42.68
20,0,11.36,-1.592,-42.2
20,0,11.4,-0.779999999999994,-41.48
20,0,11.44,0.458000000000006,-40.29
20,0,11.48,1.22600000000001,-39.57
20,0,11.52,1.54000000000001,-39.29
20,0,11.56,1.62,-39.23
20,0,11.6,2.02999999999999,-38.84
20,0,11.64,2.534,-38.42
20,0,11.68,3.678,-37.36
20,0,11.72,4.022,-37.07
20,0,11.76,3.796,-37.32
20,0,11.8,3.28,-37.86
20,0,11.84,3.57400000000001,-37.51
20,0,11.88,4.358,-36.67
20,0,11.92,4.416,-36.71
20,0,11.96,4.22800000000001,-37.15
20,0,12,3.33000000000001,-38.3
21,0,8,-7.81,-42.43
21,0,8.04,-6.928,-41.64
21,0,8.08,-6.526,-41.33
21,0,8.12,-6.562,-41.45
21,0,8.16,-6.426,-41.39
21,0,8.2,-8.02,-43.06
21,0,8.24,-8.832,-43.94
21,0,8.28,-11.974,-47.15
21,0,8.32,-15.496,-50.74
21,0,8.36,-20.988,-56.3
21,0,8.4,-22.96,-58.34
21,0,8.44,-20.702,-56.29
21,0,8.48,-17.994,-53.79
21,0,8.52,-17.194,-53.22
21,0,8.56,-18.352,-54.63
21,0,8.6,-17.34,-53.87
21,0,8.64,-17.064,-53.91
21,0,8.68,-15.438,-52.6
21,0,8.72,-13.388,-50.69
21,0,8.76,-12.624,-49.89
21,0,8.8,-13.26,-50.49
21,0,8.84,-12.544,-49.73
21,0,8.88,-13.358,-50.5
21,0,8.92,-15.074,-52.28
21,0,8.96,-16.602,-53.98
21,0,9,-16.42,-53.97
21,0,9.04,-18.434,-56.22
21,0,9.08,-16.298,-54.32
21,0,9.12,-14.606,-52.89
21,0,9.16,-14.548,-53.12
21,0,9.2,-13.19,-52.05
21,0,9.24,-12.36,-50.96
21,0,9.28,-14.1,-52.44
21,0,9.32,-13.968,-52.13
21,0,9.36,-13.454,-51.52
21,0,9.4,-12.35,-50.32
21,0,9.44,-11.674,-49.78
21,0,9.48,-9.148,-47.39
21,0,9.52,-9.162,-47.54
21,0,9.56,-9.46599999999999,-47.98
21,0,9.6,-10.78,-49.43
21,0,9.64,-11.17,-49.94
21,0,9.68,-11.73,-50.62
21,0,9.72,-11.628,-50.61
21,0,9.76,-12.734,-51.78
21,0,9.8,-12.36,-51.47
21,0,9.84,-12.116,-51.23
21,0,9.88,-13.202,-52.32
21,0,9.92,-13.03,-52.14
21,0,9.96,-14.09,-53.18
21,0,10,-13.61,-52.68
21,0,10.04,-12.234,-51.48
21,0,10.08,-10.098,-49.52
21,0,10.12,-10.806,-50.36
21,0,10.16,-10.948,-50.59
21,0,10.2,-11.53,-51.26
21,0,10.24,-12.912,-52.61
21,0,10.28,-14.094,-53.76
21,0,10.32,-14.832,-54.46
21,0,10.36,-14.376,-53.96
21,0,10.4,-12.06,-51.6
21,0,10.44,-10.784,-50.32
21,0,10.48,-9.148,-48.68
21,0,10.52,-8.522,-48.13
21,0,10.56,-7.046,-46.81
21,0,10.6,-6.46,-46.38
21,0,10.64,-6.578,-46.59
21,0,10.68,-6.92599999999999,-47.03
21,0,10.72,-6.636,-46.81
21,0,10.76,-6.898,-47.12
21,0,10.8,-7.63999999999999,-47.91
21,0,10.84,-9.19,-49.36
21,0,10.88,-8.49999999999999,-48.57
21,0,10.92,-7.78199999999999,-47.79
21,0,10.96,-6.106,-46.09
21,0,11,-5.83,-45.79
21,0,11.04,-6.64600000000001,-46.71
21,0,11.08,-7.102,-47.27
21,0,11.12,-6.426,-46.67
21,0,11.16,-6.228,-46.52
21,0,11.2,-6.23999999999999,-46.58
21,0,11.24,-6.458,-46.85
21,0,11.28,-5.28599999999999,-45.73
21,0,11.32,-4.91399999999999,-45.43
21,0,11.36,-4.90199999999999,-45.51
21,0,11.4,-3.64,-44.34
21,0,11.44,-2.392,-43.14
21,0,11.48,-1.18399999999999,-41.98
21,0,11.52,-0.469999999999992,-41.3
21,0,11.56,0.0499999999999972,-40.8
21,0,11.6,0.769999999999996,-40.1
21,0,11.64,1.414,-39.54
21,0,11.68,2.47799999999999,-38.56
21,0,11.72,3.132,-37.96
21,0,11.76,2.876,-38.24
21,0,11.8,2.8,-38.34
21,0,11.84,3.32400000000001,-37.76
21,0,11.88,4.018,-37.01
21,0,11.92,4.346,-36.78
21,0,11.96,4.358,-37.02
21,0,12,3.28,-38.35
22,0,8,-8.3,-42.92
22,0,8.04,-7.688,-42.4
22,0,8.08,-7.626,-42.43
22,0,8.12,-7.432,-42.32
22,0,8.16,-6.836,-41.8
22,0,8.2,-8.16,-43.2
22,0,8.24,-9.192,-44.3
22,0,8.28,-10.944,-46.12
22,0,8.32,-14.116,-49.36
22,0,8.36,-20.278,-55.59
22,0,8.4,-30.57,-65.95
22,0,8.44,-29.732,-65.32
22,0,8.48,-26.584,-62.38
22,0,8.52,-24.874,-60.9
22,0,8.56,-23.912,-60.19
22,0,8.6,-20.65,-57.18
22,0,8.64,-18.224,-55.07
22,0,8.68,-16.628,-53.79
22,0,8.72,-14.028,-51.33
22,0,8.76,-12.744,-50.01
22,0,8.8,-12.47,-49.7
22,0,8.84,-11.664,-48.85
22,0,8.88,-12.928,-50.07
22,0,8.92,-14.404,-51.61
22,0,8.96,-15.572,-52.95
22,0,9,-15.19,-52.74
22,0,9.04,-17.834,-55.62
22,0,9.08,-18.528,-56.55
22,0,9.12,-16.596,-54.88
22,0,9.16,-14.988,-53.56
22,0,9.2,-14.26,-53.12
22,0,9.24,-12.89,-51.49
22,0,9.28,-13.06,-51.4
22,0,9.32,-13.928,-52.09
22,0,9.36,-16.424,-54.49
22,0,9.4,-14.34,-52.31
22,0,9.44,-12.394,-50.5
22,0,9.48,-10.648,-48.89
22,0,9.52,-10.242,-48.62
22,0,9.56,-10.366,-48.88
22,0,9.6,-12.12,-50.77
22,0,9.64,-12.26,-51.03
22,0,9.68,-12.93,-51.82
22,0,9.72,-12.978,-51.96
22,0,9.76,-13.504,-52.55
22,0,9.8,-14.25,-53.36
22,0,9.84,-13.386,-52.5
22,0,9.88,-13.472,-52.59
22,0,9.92,-12.56,-51.67
22,0,9.96,-12.46,-51.55
22,0,10,-14.53,-53.6
22,0,10.04,-12.584,-51.83
22,0,10.08,-10.008,-49.43
22,0,10.12,-10.116,-49.67
22,0,10.16,-10.808,-50.45
22,0,10.2,-10.91,-50.64
22,0,10.24,-11.602,-51.3
22,0,10.28,-14.724,-54.39
22,0,10.32,-15.532,-55.16
22,0,10.36,-15.596,-55.18
22,0,10.4,-12.54,-52.08
22,0,10.44,-11.754,-51.29
22,0,10.48,-11.248,-50.78
22,0,10.52,-10.392,-50
22,0,10.56,-8.21599999999999,-47.98
22,0,10.6,-7.57,-47.49
22,0,10.64,-7.098,-47.11
22,0,10.68,-7.40599999999999,-47.51
22,0,10.72,-6.886,-47.06
22,0,10.76,-6.698,-46.92
22,0,10.8,-8.2,-48.47
22,0,10.84,-9.43,-49.6
22,0,10.88,-9.17999999999999,-49.25
22,0,10.92,-8.76199999999999,-48.77
22,0,10.96,-7.826,-47.81
22,0,11,-7,-46.96
22,0,11.04,-6.67600000000001,-46.74
22,0,11.08,-6.802,-46.97
22,0,11.12,-5.566,-45.81
22,0,11.16,-5.728,-46.02
22,0,11.2,-5.77,-46.11
22,0,11.24,-5.888,-46.28
22,0,11.28,-6.186,-46.63
22,0,11.32,-5.88399999999999,-46.4
22,0,11.36,-6.15199999999999,-46.76
22,0,11.4,-6.54,-47.24
22,0,11.44,-5.282,-46.03
22,0,11.48,-4.20399999999999,-45
22,0,11.52,-3.27999999999999,-44.11
22,0,11.56,-2.45,-43.3
22,0,11.6,-1.39,-42.26
22,0,11.64,-0.506,-41.46
22,0,11.68,0.677999999999997,-40.36
22,0,11.72,1.552,-39.54
22,0,11.76,1.636,-39.48
22,0,11.8,1.65,-39.49
22,0,11.84,2.114,-38.97
22,0,11.88,3.118,-37.91
22,0,11.92,3.706,-37.42
22,0,11.96,3.76800000000001,-37.61
22,0,12,2.98,-38.65
23,0,8,-9.92,-44.54
23,0,8.04,-9.568,-44.28
23,0,8.08,-8.706,-43.51
23,0,8.12,-8.91199999999999,-43.8
23,0,8.16,-8.266,-43.23
23,0,8.2,-8.94,-43.98
23,0,8.24,-9.402,-44.51
23,0,8.28,-10.524,-45.7
23,0,8.32,-12.196,-47.44
23,0,8.36,-15.988,-51.3
23,0,8.4,-20.15,-55.53
23,0,8.44,-22.342,-57.93
23,0,8.48,-24.644,-60.44
23,0,8.52,-26.854,-62.88
23,0,8.56,-40.762,-77.04
23,0,8.6,-24.3,-60.83
23,0,8.64,-22.474,-59.32
23,0,8.68,-16.498,-53.66
23,0,8.72,-14.968,-52.27
23,0,8.76,-13.494,-50.76
23,0,8.8,-13.62,-50.85
23,0,8.84,-11.814,-49
23,0,8.88,-13.708,-50.85
23,0,8.92,-14.124,-51.33
23,0,8.96,-16.312,-53.69
23,0,9,-16.32,-53.87
23,0,9.04,-16.744,-54.53
23,0,9.08,-17.758,-55.78
23,0,9.12,-17.106,-55.39
23,0,9.16,-15.598,-54.17
23,0,9.2,-15.01,-53.87
23,0,9.24,-14.38,-52.98
23,0,9.28,-14.51,-52.85
23,0,9.32,-14.588,-52.75
23,0,9.36,-15.474,-53.54
23,0,9.4,-14.74,-52.71
23,0,9.44,-14.364,-52.47
23,0,9.48,-12.218,-50.46
23,0,9.52,-11.132,-49.51
23,0,9.56,-11.246,-49.76
23,0,9.6,-12.02,-50.67
23,0,9.64,-12.87,-51.64
23,0,9.68,-14.46,-53.35
23,0,9.72,-13.738,-52.72
23,0,9.76,-14.274,-53.32
23,0,9.8,-14.74,-53.85
23,0,9.84,-14.526,-53.64
23,0,9.88,-15.262,-54.38
23,0,9.92,-13.39,-52.5
23,0,9.96,-13.07,-52.16
23,0,10,-13.33,-52.4
23,0,10.04,-12.994,-52.24
23,0,10.08,-11.568,-50.99
23,0,10.12,-11.556,-51.11
23,0,10.16,-10.988,-50.63
23,0,10.2,-11.36,-51.09
23,0,10.24,-10.892,-50.59
23,0,10.28,-11.534,-51.2
23,0,10.32,-14.772,-54.4
23,0,10.36,-15.826,-55.41
23,0,10.4,-14.04,-53.58
23,0,10.44,-12.864,-52.4
23,0,10.48,-12.828,-52.36
23,0,10.52,-12.222,-51.83
23,0,10.56,-10.666,-50.43
23,0,10.6,-9.25,-49.17
23,0,10.64,-8.498,-48.51
23,0,10.68,-8.15599999999999,-48.26
23,0,10.72,-7.656,-47.83
23,0,10.76,-7.278,-47.5
23,0,10.8,-8.09999999999999,-48.37
23,0,10.84,-10.06,-50.23
23,0,10.88,-10.09,-50.16
23,0,10.92,-10.052,-50.06
23,0,10.96,-9.186,-49.17
23,0,11,-8.15,-48.11
23,0,11.04,-7.45600000000001,-47.52
23,0,11.08,-7.292,-47.46
23,0,11.12,-6.126,-46.37
23,0,11.16,-5.698,-45.99
23,0,11.2,-5.59,-45.93
23,0,11.24,-5.458,-45.85
23,0,11.28,-5.166,-45.61
23,0,11.32,-5.684,-46.2
23,0,11.36,-5.772,-46.38
23,0,11.4,-6.98999999999999,-47.69
23,0,11.44,-6.892,-47.64
23,0,11.48,-6.70399999999999,-47.5
23,0,11.52,-5.99999999999999,-46.83
23,0,11.56,-5.13,-45.98
23,0,11.6,-3.62,-44.49
23,0,11.64,-2.916,-43.87
23,0,11.68,-1.23200000000001,-42.27
23,0,11.72,-0.268000000000001,-41.36
23,0,11.76,0.146000000000001,-40.97
23,0,11.8,-0.0700000000000003,-41.21
23,0,11.84,0.454000000000001,-40.63
23,0,11.88,1.638,-39.39
23,0,11.92,2.396,-38.73
23,0,11.96,2.83800000000001,-38.54
23,0,12,2.27,-39.36
24,0,8,-12.2,-46.82
24,0,8.04,-11.648,-46.36
24,0,8.08,-10.816,-45.62
24,0,8.12,-10.922,-45.81
24,0,8.16,-10.176,-45.14
24,0,8.2,-10.68,-45.72
24,0,8.24,-10.382,-45.49
24,0,8.28,-11.264,-46.44
24,0,8.32,-11.916,-47.16
24,0,8.36,-14.418,-49.73
24,0,8.4,-16.02,-51.4
24,0,8.44,-17.142,-52.73
24,0,8.48,-17.744,-53.54
24,0,8.52,-19.244,-55.27
24,0,8.56,-23.222,-59.5
24,0,8.6,-43.64,-80.17
24,0,8.64,-26.324,-63.17
24,0,8.68,-19.938,-57.1
24,0,8.72,-16.848,-54.15
24,0,8.76,-14.874,-52.14
24,0,8.8,-14.94,-52.17
24,0,8.84,-13.584,-50.77
24,0,8.88,-14.488,-51.63
24,0,8.92,-15.114,-52.32
24,0,8.96,-16.242,-53.62
24,0,9,-16.07,-53.62
24,0,9.04,-16.674,-54.46
24,0,9.08,-16.148,-54.17
24,0,9.12,-16.706,-54.99
24,0,9.16,-16.588,-55.16
24,0,9.2,-16.75,-55.61
24,0,9.24,-16.09,-54.69
24,0,9.28,-14.86,-53.2
24,0,9.32,-14.888,-53.05
24,0,9.36,-14.654,-52.72
24,0,9.4,-15.32,-53.29
24,0,9.44,-15.294,-53.4
24,0,9.48,-13.278,-51.52
24,0,9.52,-11.882,-50.26
24,0,9.56,-11.686,-50.2
24,0,9.6,-12.24,-50.89
24,0,9.64,-12.6,-51.37
24,0,9.68,-14.63,-53.52
24,0,9.72,-14.408,-53.39
24,0,9.76,-15.004,-54.05
24,0,9.8,-15.08,-54.19
24,0,9.84,-14.616,-53.73
24,0,9.88,-15.552,-54.67
24,0,9.92,-15.19,-54.3
24,0,9.96,-14.41,-53.5
24,0,10,-14.37,-53.44
24,0,10.04,-12.894,-52.14
24,0,10.08,-11.678,-51.1
24,0,10.12,-11.346,-50.9
24,0,10.16,-11.668,-51.31
24,0,10.2,-9.85,-49.58
24,0,10.24,-9.73200000000001,-49.43
24,0,10.28,-10.394,-50.06
24,0,10.32,-12.282,-51.91
24,0,10.36,-13.746,-53.33
24,0,10.4,-14.82,-54.36
24,0,10.44,-14.154,-53.69
24,0,10.48,-15.128,-54.66
24,0,10.52,-14.242,-53.85
24,0,10.56,-11.796,-51.56
24,0,10.6,-9.28,-49.2
24,0,10.64,-9.588,-49.6
24,0,10.68,-9.166,-49.27
24,0,10.72,-8.376,-48.55
24,0,10.76,-7.728,-47.95
24,0,10.8,-7.94,-48.21
24,0,10.84,-9.88,-50.05
24,0,10.88,-10.23,-50.3
24,0,10.92,-10.622,-50.63
24,0,10.96,-10.726,-50.71
24,0,11,-10.09,-50.05
24,0,11.04,-9.18600000000001,-49.25
24,0,11.08,-9.082,-49.25
24,0,11.12,-7.136,-47.38
24,0,11.16,-6.308,-46.6
24,0,11.2,-6.15,-46.49
24,0,11.24,-5.528,-45.92
24,0,11.28,-5.21599999999999,-45.66
24,0,11.32,-5.724,-46.24
24,0,11.36,-6.022,-46.63
24,0,11.4,-6.43,-47.13
24,0,11.44,-6.87199999999999,-47.62
24,0,11.48,-7.224,-48.02
24,0,11.52,-7.28999999999999,-48.12
24,0,11.56,-6.83000000000001,-47.68
24,0,11.6,-5.22000000000001,-46.09
24,0,11.64,-4.936,-45.89
24,0,11.68,-3.392,-44.43
24,0,11.72,-2.318,-43.41
24,0,11.76,-1.944,-43.06
24,0,11.8,-1.86,-43
24,0,11.84,-1.006,-42.09
24,0,11.88,0.207999999999998,-40.82
24,0,11.92,0.826000000000001,-40.3
24,0,11.96,1.33800000000001,-40.04
24,0,12,1.11,-40.52
25,0,8,-14.74,-49.36
25,0,8.04,-14.218,-48.93
25,0,8.08,-14.266,-49.07
25,0,8.12,-13.962,-48.85
25,0,8.16,-12.636,-47.6
25,0,8.2,-13.15,-48.19
25,0,8.24,-11.692,-46.8
25,0,8.28,-12.294,-47.47
25,0,8.32,-12.596,-47.84
25,0,8.36,-13.228,-48.54
25,0,8.4,-14.2,-49.58
25,0,8.44,-14.212,-49.8
25,0,8.48,-15.794,-51.59
25,0,8.52,-16.174,-52.2
25,0,8.56,-19.122,-55.4
25,0,8.6,-22.71,-59.24
25,0,8.64,-44.754,-81.6
25,0,8.68,-25.068,-62.23
25,0,8.72,-20.548,-57.85
25,0,8.76,-17.124,-54.39
25,0,8.8,-17.62,-54.85
25,0,8.84,-15.154,-52.34
25,0,8.88,-15.748,-52.89
25,0,8.92,-16.964,-54.17
25,0,8.96,-17.912,-55.29
25,0,9,-17.07,-54.62
25,0,9.04,-16.634,-54.42
25,0,9.08,-16.388,-54.41
25,0,9.12,-16.696,-54.98
25,0,9.16,-16.248,-54.82
25,0,9.2,-17.69,-56.55
25,0,9.24,-17.12,-55.72
25,0,9.28,-17.58,-55.92
25,0,9.32,-15.918,-54.08
25,0,9.36,-16.184,-54.25
25,0,9.4,-16.88,-54.85
25,0,9.44,-16.244,-54.35
25,0,9.48,-13.918,-52.16
25,0,9.52,-12.002,-50.38
25,0,9.56,-11.746,-50.26
25,0,9.6,-12.57,-51.22
25,0,9.64,-11.88,-50.65
25,0,9.68,-13.22,-52.11
25,0,9.72,-13.328,-52.31
25,0,9.76,-14.504,-53.55
25,0,9.8,-15.02,-54.13
25,0,9.84,-15.416,-54.53
25,0,9.88,-18.422,-57.54
25,0,9.92,-15.56,-54.67
25,0,9.96,-16.07,-55.16
25,0,10,-15.38,-54.45
25,0,10.04,-14.674,-53.92
25,0,10.08,-12.958,-52.38
25,0,10.12,-12.646,-52.2
25,0,10.16,-11.818,-51.46
25,0,10.2,-10.59,-50.32
25,0,10.24,-9.16200000000001,-48.86
25,0,10.28,-9.60400000000001,-49.27
25,0,10.32,-12.002,-51.63
25,0,10.36,-14.586,-54.17
25,0,10.4,-14.46,-54
25,0,10.44,-15.754,-55.29
25,0,10.48,-14.868,-54.4
25,0,10.52,-16.172,-55.78
25,0,10.56,-13.836,-53.6
25,0,10.6,-11.26,-51.18
25,0,10.64,-11.248,-51.26
25,0,10.68,-10.126,-50.23
25,0,10.72,-9.066,-49.24
25,0,10.76,-7.948,-48.17
25,0,10.8,-8.29,-48.56
25,0,10.84,-9.73999999999999,-49.91
25,0,10.88,-10.53,-50.6
25,0,10.92,-10.062,-50.07
25,0,10.96,-10.596,-50.58
25,0,11,-10.61,-50.57
25,0,11.04,-9.85600000000001,-49.92
25,0,11.08,-9.892,-50.06
25,0,11.12,-8.686,-48.93
25,0,11.16,-7.398,-47.69
25,0,11.2,-6.33,-46.67
25,0,11.24,-6.458,-46.85
25,0,11.28,-5.746,-46.19
25,0,11.32,-5.834,-46.35
25,0,11.36,-6.242,-46.85
25,0,11.4,-6.32,-47.02
25,0,11.44,-6.312,-47.06
25,0,11.48,-6.17399999999999,-46.97
25,0,11.52,-6.89999999999999,-47.73
25,0,11.56,-7.50000000000001,-48.35
25,0,11.6,-7.2,-48.07
25,0,11.64,-6.006,-46.96
25,0,11.68,-5.30200000000001,-46.34
25,0,11.72,-4.298,-45.39
25,0,11.76,-4.004,-45.12
25,0,11.8,-3.86,-45
25,0,11.84,-2.78599999999999,-43.87
25,0,11.88,-1.692,-42.72
25,0,11.92,-0.614000000000004,-41.74
25,0,11.96,-0.0919999999999916,-41.47
25,0,12,-0.349999999999994,-41.98
26,0,8,-15.16,-49.78
26,0,8.04,-17.968,-52.68
26,0,8.08,-19.776,-54.58
26,0,8.12,-19.282,-54.17
26,0,8.16,-16.816,-51.78
26,0,8.2,-16,-51.04
26,0,8.24,-14.382,-49.49
26,0,8.28,-13.674,-48.85
26,0,8.32,-13.666,-48.91
26,0,8.36,-12.808,-48.12
26,0,8.4,-12.79,-48.17
26,0,8.44,-13.012,-48.6
26,0,8.48,-14.254,-50.05
26,0,8.52,-15.164,-51.19
26,0,8.56,-17.072,-53.35
26,0,8.6,-19.02,-55.55
26,0,8.64,-25.604,-62.45
26,0,8.68,-29.358,-66.52
26,0,8.72,-22.608,-59.91
26,0,8.76,-19.564,-56.83
26,0,8.8,-18.81,-56.04
26,0,8.84,-18.724,-55.91
26,0,8.88,-17.958,-55.1
26,0,8.92,-19.284,-56.49
26,0,8.96,-18.182,-55.56
26,0,9,-16.71,-54.26
26,0,9.04,-16.044,-53.83
26,0,9.08,-15.808,-53.83
26,0,9.12,-16.236,-54.52
26,0,9.16,-15.358,-53.93
26,0,9.2,-16.07,-54.93
26,0,9.24,-17.55,-56.15
26,0,9.28,-17.86,-56.2
26,0,9.32,-19.838,-58
26,0,9.36,-18.794,-56.86
26,0,9.4,-19.85,-57.82
26,0,9.44,-19.224,-57.33
26,0,9.48,-15.878,-54.12
26,0,9.52,-14.022,-52.4
26,0,9.56,-12.656,-51.17
26,0,9.6,-13.47,-52.12
26,0,9.64,-12.07,-50.84
26,0,9.68,-11.94,-50.83
26,0,9.72,-12.308,-51.29
26,0,9.76,-13.584,-52.63
26,0,9.8,-14.62,-53.73
26,0,9.84,-15.236,-54.35
26,0,9.88,-16.942,-56.06
26,0,9.92,-17.65,-56.76
26,0,9.96,-17.05,-56.14
26,0,10,-17.19,-56.26
26,0,10.04,-15.414,-54.66
26,0,10.08,-13.358,-52.78
26,0,10.12,-13.076,-52.63
26,0,10.16,-12.108,-51.75
26,0,10.2,-10.56,-50.29
26,0,10.24,-9.12200000000001,-48.82
26,0,10.28,-9.344,-49.01
26,0,10.32,-12.602,-52.23
26,0,10.36,-13.786,-53.37
26,0,10.4,-13.78,-53.32
26,0,10.44,-13.314,-52.85
26,0,10.48,-15.288,-54.82
26,0,10.52,-15.612,-55.22
26,0,10.56,-14.506,-54.27
26,0,10.6,-13.12,-53.04
26,0,10.64,-12.488,-52.5
26,0,10.68,-11.656,-51.76
26,0,10.72,-10.666,-50.84
26,0,10.76,-9.538,-49.76
26,0,10.8,-8.5,-48.77
26,0,10.84,-9.06,-49.23
26,0,10.88,-9.71999999999999,-49.79
26,0,10.92,-9.57199999999999,-49.58
26,0,10.96,-9.766,-49.75
26,0,11,-10.77,-50.73
26,0,11.04,-11.036,-51.1
26,0,11.08,-11.162,-51.33
26,0,11.12,-9.726,-49.97
26,0,11.16,-8.11799999999999,-48.41
26,0,11.2,-7.59,-47.93
26,0,11.24,-7.738,-48.13
26,0,11.28,-6.726,-47.17
26,0,11.32,-6.73399999999999,-47.25
26,0,11.36,-6.11199999999999,-46.72
26,0,11.4,-6.16,-46.86
26,0,11.44,-6.08199999999999,-46.83
26,0,11.48,-5.23399999999999,-46.03
26,0,11.52,-5.88999999999999,-46.72
26,0,11.56,-6.64000000000001,-47.49
26,0,11.6,-7.13,-48
26,0,11.64,-7.796,-48.75
26,0,11.68,-6.59200000000001,-47.63
26,0,11.72,-5.928,-47.02
26,0,11.76,-6.064,-47.18
26,0,11.8,-6.3,-47.44
26,0,11.84,-5.136,-46.22
26,0,11.88,-3.282,-44.31
26,0,11.92,-2.554,-43.68
26,0,11.96,-2.03199999999999,-43.41
26,0,12,-2.41999999999999,-44.05
27,0,8,-13.78,-48.4
27,0,8.04,-18.958,-53.67
27,0,8.08,-24.296,-59.1
27,0,8.12,-24.532,-59.42
27,0,8.16,-22.006,-56.97
27,0,8.2,-19.8,-54.84
27,0,8.24,-17.992,-53.1
27,0,8.28,-16.194,-51.37
27,0,8.32,-14.356,-49.6
27,0,8.36,-13.908,-49.22
27,0,8.4,-12.72,-48.1
27,0,8.44,-13.132,-48.72
27,0,8.48,-13.824,-49.62
27,0,8.52,-14.424,-50.45
27,0,8.56,-15.202,-51.48
27,0,8.6,-17.29,-53.82
27,0,8.64,-21.544,-58.39
27,0,8.68,-22.418,-59.58
27,0,8.72,-23.628,-60.93
27,0,8.76,-20.774,-58.04
27,0,8.8,-19.25,-56.48
27,0,8.84,-18.994,-56.18
27,0,8.88,-22.218,-59.36
27,0,8.92,-23.534,-60.74
27,0,8.96,-19.732,-57.11
27,0,9,-17.3,-54.85
27,0,9.04,-17.014,-54.8
27,0,9.08,-17.328,-55.35
27,0,9.12,-16.286,-54.57
27,0,9.16,-14.678,-53.25
27,0,9.2,-14.38,-53.24
27,0,9.24,-15.32,-53.92
27,0,9.28,-15.85,-54.19
27,0,9.32,-18.138,-56.3
27,0,9.36,-19.984,-58.05
27,0,9.4,-20.9,-58.87
27,0,9.44,-21.914,-60.02
27,0,9.48,-18.708,-56.95
27,0,9.52,-16.512,-54.89
27,0,9.56,-14.126,-52.64
27,0,9.6,-14.58,-53.23
27,0,9.64,-13.95,-52.72
27,0,9.68,-12.99,-51.88
27,0,9.72,-12.838,-51.82
27,0,9.76,-13.044,-52.09
27,0,9.8,-13.83,-52.94
27,0,9.84,-15.956,-55.07
27,0,9.88,-16.692,-55.81
27,0,9.92,-15.77,-54.88
27,0,9.96,-17.62,-56.71
27,0,10,-18.67,-57.74
27,0,10.04,-17.474,-56.72
27,0,10.08,-15.918,-55.34
27,0,10.12,-14.156,-53.71
27,0,10.16,-13.438,-53.08
27,0,10.2,-11.44,-51.17
27,0,10.24,-9.94200000000001,-49.64
27,0,10.28,-10.194,-49.86
27,0,10.32,-12.612,-52.24
27,0,10.36,-13.786,-53.37
27,0,10.4,-12.94,-52.48
27,0,10.44,-14.004,-53.54
27,0,10.48,-13.228,-52.76
27,0,10.52,-15.152,-54.76
27,0,10.56,-14.466,-54.23
27,0,10.6,-14.65,-54.57
27,0,10.64,-13.058,-53.07
27,0,10.68,-13.606,-53.71
27,0,10.72,-11.576,-51.75
27,0,10.76,-10.948,-51.17
27,0,10.8,-10.01,-50.28
27,0,10.84,-10.02,-50.19
27,0,10.88,-9.75999999999999,-49.83
27,0,10.92,-9.23199999999999,-49.24
27,0,10.96,-9.756,-49.74
27,0,11,-9.56,-49.52
27,0,11.04,-10.686,-50.75
27,0,11.08,-12.352,-52.52
27,0,11.12,-10.306,-50.55
27,0,11.16,-9.61799999999999,-49.91
27,0,11.2,-8.91,-49.25
27,0,11.24,-8.758,-49.15
27,0,11.28,-8.316,-48.76
27,0,11.32,-8.10399999999999,-48.62
27,0,11.36,-7.132,-47.74
27,0,11.4,-6.11,-46.81
27,0,11.44,-5.642,-46.39
27,0,11.48,-5.194,-45.99
27,0,11.52,-5.02,-45.85
27,0,11.56,-5.53000000000001,-46.38
27,0,11.6,-6.68,-47.55
27,0,11.64,-7.716,-48.67
27,0,11.68,-7.45200000000001,-48.49
27,0,11.72,-7.078,-48.17
27,0,11.76,-6.144,-47.26
27,0,11.8,-6.45,-47.59
27,0,11.84,-6.116,-47.2
27,0,11.88,-4.662,-45.69
27,0,11.92,-4.414,-45.54
27,0,11.96,-4.322,-45.7
27,0,12,-4.91999999999999,-46.55
28,0,8,-12.54,-47.16
28,0,8.04,-16.518,-51.23
28,0,8.08,-21.006,-55.81
28,0,8.12,-25.432,-60.32
28,0,8.16,-31.546,-66.51
28,0,8.2,-26.55,-61.59
28,0,8.24,-22.772,-57.88
28,0,8.28,-20.164,-55.34
28,0,8.32,-16.806,-52.05
28,0,8.36,-15.428,-50.74
28,0,8.4,-14,-49.38
28,0,8.44,-13.602,-49.19
28,0,8.48,-14.114,-49.91
28,0,8.52,-14.934,-50.96
28,0,8.56,-15.292,-51.57
28,0,8.6,-16.71,-53.24
28,0,8.64,-16.934,-53.78
28,0,8.68,-19.558,-56.72
28,0,8.72,-22.128,-59.43
28,0,8.76,-19.964,-57.23
28,0,8.8,-19.11,-56.34
28,0,8.84,-18.144,-55.33
28,0,8.88,-24.678,-61.82
28,0,8.92,-26.954,-64.16
28,0,8.96,-28.002,-65.38
28,0,9,-20.73,-58.28
28,0,9.04,-19.744,-57.53
28,0,9.08,-17.978,-56
28,0,9.12,-16.936,-55.22
28,0,9.16,-14.728,-53.3
28,0,9.2,-13.93,-52.79
28,0,9.24,-13.07,-51.67
28,0,9.28,-14.69,-53.03
28,0,9.32,-17.088,-55.25
28,0,9.36,-17.984,-56.05
28,0,9.4,-19.9,-57.87
28,0,9.44,-21.944,-60.05
28,0,9.48,-20.618,-58.86
28,0,9.52,-17.242,-55.62
28,0,9.56,-15.356,-53.87
28,0,9.6,-14.55,-53.2
28,0,9.64,-14.94,-53.71
28,0,9.68,-14.76,-53.65
28,0,9.72,-14.038,-53.02
28,0,9.76,-14.844,-53.89
28,0,9.8,-14.99,-54.1
28,0,9.84,-16.806,-55.92
28,0,9.88,-17.462,-56.58
28,0,9.92,-18.65,-57.76
28,0,9.96,-16.73,-55.82
28,0,10,-16.9,-55.97
28,0,10.04,-18.464,-57.71
28,0,10.08,-15.888,-55.31
28,0,10.12,-15.686,-55.24
28,0,10.16,-13.358,-53
28,0,10.2,-11.99,-51.72
28,0,10.24,-11.422,-51.12
28,0,10.28,-10.994,-50.66
28,0,10.32,-12.512,-52.14
28,0,10.36,-13.296,-52.88
28,0,10.4,-13.98,-53.52
28,0,10.44,-12.514,-52.05
28,0,10.48,-13.268,-52.8
28,0,10.52,-13.772,-53.38
28,0,10.56,-12.966,-52.73
28,0,10.6,-12.79,-52.71
28,0,10.64,-13.288,-53.3
28,0,10.68,-14.266,-54.37
28,0,10.72,-13.026,-53.2
28,0,10.76,-12.078,-52.3
28,0,10.8,-11.44,-51.71
28,0,10.84,-11.32,-51.49
28,0,10.88,-10.12,-50.19
28,0,10.92,-9.75199999999999,-49.76
28,0,10.96,-9.006,-48.99
28,0,11,-8.73,-48.69
28,0,11.04,-9.68600000000001,-49.75
28,0,11.08,-11.112,-51.28
28,0,11.12,-10.586,-50.83
28,0,11.16,-10.908,-51.2
28,0,11.2,-10.09,-50.43
28,0,11.24,-10.458,-50.85
28,0,11.28,-9.576,-50.02
28,0,11.32,-9.38399999999999,-49.9
28,0,11.36,-9.11199999999999,-49.72
28,0,11.4,-7.56,-48.26
28,0,11.44,-6.48199999999999,-47.23
28,0,11.48,-5.75399999999999,-46.55
28,0,11.52,-6.02999999999999,-46.86
28,0,11.56,-6.12,-46.97
28,0,11.6,-6.34,-47.21
28,0,11.64,-7.096,-48.05
28,0,11.68,-6.812,-47.85
28,0,11.72,-7.138,-48.23
28,0,11.76,-7.194,-48.31
28,0,11.8,-6.35,-47.49
28,0,11.84,-5.60599999999999,-46.69
28,0,11.88,-4.622,-45.65
28,0,11.92,-4.584,-45.71
28,0,11.96,-4.99199999999999,-46.37
28,0,12,-5.79,-47.42
29,0,8,-11.67,-46.29
29,0,8.04,-14.548,-49.26
29,0,8.08,-18.196,-53
29,0,8.12,-20.202,-55.09
29,0,8.16,-25.976,-60.94
29,0,8.2,-41.83,-76.87
29,0,8.24,-31.322,-66.43
29,0,8.28,-23.624,-58.8
29,0,8.32,-20.346,-55.59
29,0,8.36,-18.468,-53.78
29,0,8.4,-16.21,-51.59
29,0,8.44,-14.872,-50.46
29,0,8.48,-14.784,-50.58
29,0,8.52,-14.934,-50.96
29,0,8.56,-14.922,-51.2
29,0,8.6,-16.85,-53.38
29,0,8.64,-17.494,-54.34
29,0,8.68,-17.908,-55.07
29,0,8.72,-19.668,-56.97
29,0,8.76,-18.744,-56.01
29,0,8.8,-17.49,-54.72
29,0,8.84,-17.964,-55.15
29,0,8.88,-19.918,-57.06
29,0,8.92,-22.614,-59.82
29,0,8.96,-28.902,-66.28
29,0,9,-28.18,-65.73
29,0,9.04,-25.434,-63.22
29,0,9.08,-20.358,-58.38
29,0,9.12,-19.366,-57.65
29,0,9.16,-16.088,-54.66
29,0,9.2,-14.43,-53.29
29,0,9.24,-14.24,-52.84
29,0,9.28,-15.01,-53.35
29,0,9.32,-16.408,-54.57
29,0,9.36,-16.974,-55.04
29,0,9.4,-18.61,-56.58
29,0,9.44,-19.664,-57.77
29,0,9.48,-20.228,-58.47
29,0,9.52,-17.562,-55.94
29,0,9.56,-15.006,-53.52
29,0,9.6,-16.18,-54.83
29,0,9.64,-15.35,-54.12
29,0,9.68,-15.31,-54.2
29,0,9.72,-14.798,-53.78
29,0,9.76,-16.084,-55.13
29,0,9.8,-15.7,-54.81
29,0,9.84,-18.336,-57.45
29,0,9.88,-18.772,-57.89
29,0,9.92,-20.23,-59.34
29,0,9.96,-18.71,-57.8
29,0,10,-17.02,-56.09
29,0,10.04,-17.374,-56.62
29,0,10.08,-17.668,-57.09
29,0,10.12,-15.606,-55.16
29,0,10.16,-15.238,-54.88
29,0,10.2,-13.25,-52.98
29,0,10.24,-12.612,-52.31
29,0,10.28,-12.144,-51.81
29,0,10.32,-12.992,-52.62
29,0,10.36,-12.316,-51.9
29,0,10.4,-13,-52.54
29,0,10.44,-14.144,-53.68
29,0,10.48,-12.878,-52.41
29,0,10.52,-13.832,-53.44
29,0,10.56,-13.076,-52.84
29,0,10.6,-14.12,-54.04
29,0,10.64,-14.028,-54.04
29,0,10.68,-13.956,-54.06
29,0,10.72,-13.686,-53.86
29,0,10.76,-12.998,-53.22
29,0,10.8,-12.33,-52.6
29,0,10.84,-12.17,-52.34
29,0,10.88,-11.2,-51.27
29,0,10.92,-10.822,-50.83
29,0,10.96,-9.476,-49.46
29,0,11,-9.48,-49.44
29,0,11.04,-9.346,-49.41
29,0,11.08,-9.302,-49.47
29,0,11.12,-9.366,-49.61
29,0,11.16,-8.748,-49.04
29,0,11.2,-10.47,-50.81
29,0,11.24,-10.738,-51.13
29,0,11.28,-10.306,-50.75
29,0,11.32,-10.394,-50.91
29,0,11.36,-10.962,-51.57
29,0,11.4,-10.25,-50.95
29,0,11.44,-8.72199999999999,-49.47
29,0,11.48,-7.48399999999999,-48.28
29,0,11.52,-7.59,-48.42
29,0,11.56,-7.13,-47.98
29,0,11.6,-7.26000000000001,-48.13
29,0,11.64,-7.146,-48.1
29,0,11.68,-6.262,-47.3
29,0,11.72,-7.028,-48.12
29,0,11.76,-7.704,-48.82
29,0,11.8,-7.26,-48.4
29,0,11.84,-6.316,-47.4
29,0,11.88,-4.952,-45.98
29,0,11.92,-4.654,-45.78
29,0,11.96,-4.30199999999999,-45.68
29,0,12,-5.52,-47.15
30,0,8,-10.68,-45.3
30,0,8.04,-12.858,-47.57
30,0,8.08,-15.546,-50.35
30,0,8.12,-19.142,-54.03
30,0,8.16,-22.786,-57.75
30,0,8.2,-37.27,-72.31
30,0,8.24,-32.502,-67.61
30,0,8.28,-32.104,-67.28
30,0,8.32,-30.666,-65.91
30,0,8.36,-23.518,-58.83
30,0,8.4,-19.76,-55.14
30,0,8.44,-17.162,-52.75
30,0,8.48,-18.194,-53.99
30,0,8.52,-16.534,-52.56
30,0,8.56,-16.792,-53.07
30,0,8.6,-17.19,-53.72
30,0,8.64,-17.734,-54.58
30,0,8.68,-17.138,-54.3
30,0,8.72,-19.628,-56.93
30,0,8.76,-17.544,-54.81
30,0,8.8,-16.74,-53.97
30,0,8.84,-17.234,-54.42
30,0,8.88,-18.328,-55.47
30,0,8.92,-19.754,-56.96
30,0,8.96,-24.122,-61.5
30,0,9,-24.86,-62.41
30,0,9.04,-31.494,-69.28
30,0,9.08,-26.638,-64.66
30,0,9.12,-22.456,-60.74
30,0,9.16,-18.498,-57.07
30,0,9.2,-17.04,-55.9
30,0,9.24,-15.61,-54.21
30,0,9.28,-16.33,-54.67
30,0,9.32,-15.818,-53.98
30,0,9.36,-17.004,-55.07
30,0,9.4,-18.22,-56.19
30,0,9.44,-18.974,-57.08
30,0,9.48,-20.978,-59.22
30,0,9.52,-18.812,-57.19
30,0,9.56,-17.036,-55.55
30,0,9.6,-16.07,-54.72
30,0,9.64,-14.61,-53.38
30,0,9.68,-14.7,-53.59
30,0,9.72,-16.138,-55.12
30,0,9.76,-15.614,-54.66
30,0,9.8,-16.34,-55.45
30,0,9.84,-17.436,-56.55
30,0,9.88,-19.992,-59.11
30,0,9.92,-21.53,-60.64
30,0,9.96,-19.95,-59.04
30,0,10,-20.54,-59.61
30,0,10.04,-20.084,-59.33
30,0,10.08,-19.288,-58.71
30,0,10.12,-18.766,-58.32
30,0,10.16,-16.958,-56.6
30,0,10.2,-14.77,-54.5
30,0,10.24,-13.872,-53.57
30,0,10.28,-11.284,-50.95
30,0,10.32,-12.232,-51.86
30,0,10.36,-11.946,-51.53
30,0,10.4,-12.46,-52
30,0,10.44,-12.354,-51.89
30,0,10.48,-13.768,-53.3
30,0,10.52,-13.692,-53.3
30,0,10.56,-12.666,-52.43
30,0,10.6,-13.82,-53.74
30,0,10.64,-14.188,-54.2
30,0,10.68,-15.046,-55.15
30,0,10.72,-14.176,-54.35
30,0,10.76,-13.258,-53.48
30,0,10.8,-12.93,-53.2
30,0,10.84,-13.02,-53.19
30,0,10.88,-12.81,-52.88
30,0,10.92,-11.402,-51.41
30,0,10.96,-10.346,-50.33
30,0,11,-9.93,-49.89
30,0,11.04,-9.806,-49.87
30,0,11.08,-10.552,-50.72
30,0,11.12,-8.196,-48.44
30,0,11.16,-8.078,-48.37
30,0,11.2,-8.73,-49.07
30,0,11.24,-9.448,-49.84
30,0,11.28,-9.826,-50.27
30,0,11.32,-10.054,-50.57
30,0,11.36,-11.222,-51.83
30,0,11.4,-11.36,-52.06
30,0,11.44,-11.372,-52.12
30,0,11.48,-9.92399999999999,-50.72
30,0,11.52,-9.45,-50.28
30,0,11.56,-8.89000000000001,-49.74
30,0,11.6,-8.36,-49.23
30,0,11.64,-7.826,-48.78
30,0,11.68,-6.91200000000001,-47.95
30,0,11.72,-6.678,-47.77
30,0,11.76,-7.364,-48.48
30,0,11.8,-8.55,-49.69
30,0,11.84,-7.256,-48.34
30,0,11.88,-6.352,-47.38
30,0,11.92,-5.654,-46.78
30,0,11.96,-4.962,-46.34
30,0,12,-5.86,-47.49
31,0,8,-10.8,-45.42
31,0,8.04,-12.978,-47.69
31,0,8.08,-15.936,-50.74
31,0,8.12,-17.542,-52.43
31,0,8.16,-21.406,-56.37
31,0,8.2,-26.44,-61.48
31,0,8.24,-27.552,-62.66
31,0,8.28,-26.394,-61.57
31,0,8.32,-30.826,-66.07
31,0,8.36,-31.828,-67.14
31,0,8.4,-26.15,-61.53
31,0,8.44,-21.232,-56.82
31,0,8.48,-18.354,-54.15
31,0,8.52,-18.194,-54.22
31,0,8.56,-17.462,-53.74
31,0,8.6,-18.52,-55.05
31,0,8.64,-17.874,-54.72
31,0,8.68,-19.158,-56.32
31,0,8.72,-18.868,-56.17
31,0,8.76,-16.724,-53.99
31,0,8.8,-16.89,-54.12
31,0,8.84,-16.604,-53.79
31,0,8.88,-17.008,-54.15
31,0,8.92,-18.694,-55.9
31,0,8.96,-19.392,-56.77
31,0,9,-19.85,-57.4
31,0,9.04,-24.084,-61.87
31,0,9.08,-27.148,-65.17
31,0,9.12,-25.036,-63.32
31,0,9.16,-20.288,-58.86
31,0,9.2,-19.54,-58.4
31,0,9.24,-18.62,-57.22
31,0,9.28,-19.95,-58.29
31,0,9.32,-17.258,-55.42
31,0,9.36,-16.994,-55.06
31,0,9.4,-18.72,-56.69
31,0,9.44,-17.504,-55.61
31,0,9.48,-19.578,-57.82
31,0,9.52,-19.162,-57.54
31,0,9.56,-18.536,-57.05
31,0,9.6,-17.89,-56.54
31,0,9.64,-16.52,-55.29
31,0,9.68,-16.99,-55.88
31,0,9.72,-14.938,-53.92
31,0,9.76,-15.584,-54.63
31,0,9.8,-17.11,-56.22
31,0,9.84,-18.966,-58.08
31,0,9.88,-21.412,-60.53
31,0,9.92,-20.97,-60.08
31,0,9.96,-21.89,-60.98
31,0,10,-19.54,-58.61
31,0,10.04,-21.074,-60.32
31,0,10.08,-20.638,-60.06
31,0,10.12,-19.316,-58.87
31,0,10.16,-19.478,-59.12
31,0,10.2,-18.28,-58.01
31,0,10.24,-14.362,-54.06
31,0,10.28,-11.474,-51.14
31,0,10.32,-12.022,-51.65
31,0,10.36,-11.716,-51.3
31,0,10.4,-11.81,-51.35
31,0,10.44,-12.554,-52.09
31,0,10.48,-12.098,-51.63
31,0,10.52,-12.952,-52.56
31,0,10.56,-12.266,-52.03
31,0,10.6,-13.82,-53.74
31,0,10.64,-14.448,-54.46
31,0,10.68,-15.826,-55.93
31,0,10.72,-14.416,-54.59
31,0,10.76,-14.228,-54.45
31,0,10.8,-12.74,-53.01
31,0,10.84,-13.41,-53.58
31,0,10.88,-13.24,-53.31
31,0,10.92,-12.712,-52.72
31,0,10.96,-10.896,-50.88
31,0,11,-11.35,-51.31
31,0,11.04,-11.336,-51.4
31,0,11.08,-11.272,-51.44
31,0,11.12,-9.576,-49.82
31,0,11.16,-8.298,-48.59
31,0,11.2,-8.16,-48.5
31,0,11.24,-8.11799999999999,-48.51
31,0,11.28,-8.436,-48.88
31,0,11.32,-8.824,-49.34
31,0,11.36,-10.052,-50.66
31,0,11.4,-10.42,-51.12
31,0,11.44,-11.832,-52.58
31,0,11.48,-11.464,-52.26
31,0,11.52,-11.47,-52.3
31,0,11.56,-9.72000000000001,-50.57
31,0,11.6,-9.23,-50.1
31,0,11.64,-8.576,-49.53
31,0,11.68,-7.16200000000001,-48.2
31,0,11.72,-7.558,-48.65
31,0,11.76,-7.504,-48.62
31,0,11.8,-8.11,-49.25
31,0,11.84,-7.736,-48.82
31,0,11.88,-7.532,-48.56
31,0,11.92,-5.96400000000001,-47.09
31,0,11.96,-5.52199999999999,-46.9
31,0,12,-6.27999999999999,-47.91
32,0,8,-11.3,-45.92
32,0,8.04,-13.298,-48.01
32,0,8.08,-16.116,-50.92
32,0,8.12,-18.502,-53.39
32,0,8.16,-18.216,-53.18
32,0,8.2,-21.34,-56.38
32,0,8.24,-20.702,-55.81
32,0,8.28,-22.514,-57.69
32,0,8.32,-23.856,-59.1
32,0,8.36,-29.378,-64.69
32,0,8.4,-40.29,-75.67
32,0,8.44,-25.392,-60.98
32,0,8.48,-23.944,-59.74
32,0,8.52,-20.494,-56.52
32,0,8.56,-19.792,-56.07
32,0,8.6,-19.46,-55.99
32,0,8.64,-21.474,-58.32
32,0,8.68,-23.118,-60.28
32,0,8.72,-19.558,-56.86
32,0,8.76,-17.174,-54.44
32,0,8.8,-18.17,-55.4
32,0,8.84,-16.994,-54.18
32,0,8.88,-16.608,-53.75
32,0,8.92,-16.934,-54.14
32,0,8.96,-19.942,-57.32
32,0,9,-18.04,-55.59
32,0,9.04,-20.384,-58.17
32,0,9.08,-22.628,-60.65
32,0,9.12,-21.966,-60.25
32,0,9.16,-19.918,-58.49
32,0,9.2,-19.16,-58.02
32,0,9.24,-20.47,-59.07
32,0,9.28,-21.48,-59.82
32,0,9.32,-19.618,-57.78
32,0,9.36,-19.334,-57.4
32,0,9.4,-20.99,-58.96
32,0,9.44,-20.204,-58.31
32,0,9.48,-19.078,-57.32
32,0,9.52,-17.262,-55.64
32,0,9.56,-18.426,-56.94
32,0,9.6,-17.82,-56.47
32,0,9.64,-18.98,-57.75
32,0,9.68,-18.27,-57.16
32,0,9.72,-17.678,-56.66
32,0,9.76,-18.494,-57.54
32,0,9.8,-18.11,-57.22
32,0,9.84,-18.896,-58.01
32,0,9.88,-20.682,-59.8
32,0,9.92,-20.66,-59.77
32,0,9.96,-21.61,-60.7
32,0,10,-21.07,-60.14
32,0,10.04,-20.134,-59.38
32,0,10.08,-19.978,-59.4
32,0,10.12,-21.416,-60.97
32,0,10.16,-22.208,-61.85
32,0,10.2,-19.02,-58.75
32,0,10.24,-17.092,-56.79
32,0,10.28,-13.814,-53.48
32,0,10.32,-13.122,-52.75
32,0,10.36,-12.646,-52.23
32,0,10.4,-11.84,-51.38
32,0,10.44,-11.444,-50.98
32,0,10.48,-12.058,-51.59
32,0,10.52,-12.042,-51.65
32,0,10.56,-11.506,-51.27
32,0,10.6,-12.64,-52.56
32,0,10.64,-14.058,-54.07
32,0,10.68,-15.706,-55.81
32,0,10.72,-13.766,-53.94
32,0,10.76,-13.928,-54.15
32,0,10.8,-14.34,-54.61
32,0,10.84,-14.62,-54.79
32,0,10.88,-13.44,-53.51
32,0,10.92,-13.842,-53.85
32,0,10.96,-12.326,-52.31
32,0,11,-11.88,-51.84
32,0,11.04,-11.506,-51.57
32,0,11.08,-12.132,-52.3
32,0,11.12,-10.676,-50.92
32,0,11.16,-10.208,-50.5
32,0,11.2,-9.41999999999999,-49.76
32,0,11.24,-8.468,-48.86
32,0,11.28,-8.406,-48.85
32,0,11.32,-8.514,-49.03
32,0,11.36,-8.912,-49.52
32,0,11.4,-9.89,-50.59
32,0,11.44,-10.662,-51.41
32,0,11.48,-10.184,-50.98
32,0,11.52,-11.15,-51.98
32,0,11.56,-11.64,-52.49
32,0,11.6,-10.39,-51.26
32,0,11.64,-9.456,-50.41
32,0,11.68,-8.362,-49.4
32,0,11.72,-7.738,-48.83
32,0,11.76,-7.704,-48.82
32,0,11.8,-8.01,-49.15
32,0,11.84,-8.126,-49.21
32,0,11.88,-7.032,-48.06
32,0,11.92,-6.514,-47.64
32,0,11.96,-5.84199999999999,-47.22
32,0,12,-7.09999999999999,-48.73
33,0,8,-13.42,-48.04
33,0,8.04,-15.188,-49.9
33,0,8.08,-18.266,-53.07
33,0,8.12,-19.072,-53.96
33,0,8.16,-17.696,-52.66
33,0,8.2,-18.15,-53.19
33,0,8.24,-17.912,-53.02
33,0,8.28,-20.004,-55.18
33,0,8.32,-20.906,-56.15
33,0,8.36,-23.128,-58.44
33,0,8.4,-38.4,-73.78
33,0,8.44,-35.632,-71.22
33,0,8.48,-27.774,-63.57
33,0,8.52,-22.724,-58.75
33,0,8.56,-20.982,-57.26
33,0,8.6,-20.93,-57.46
33,0,8.64,-25.214,-62.06
33,0,8.68,-22.588,-59.75
33,0,8.72,-20.608,-57.91
33,0,8.76,-19.234,-56.5
33,0,8.8,-17.81,-55.04
33,0,8.84,-17.284,-54.47
33,0,8.88,-17.378,-54.52
33,0,8.92,-18.214,-55.42
33,0,8.96,-19.272,-56.65
33,0,9,-18.23,-55.78
33,0,9.04,-21.374,-59.16
33,0,9.08,-20.088,-58.11
33,0,9.12,-20.756,-59.04
33,0,9.16,-19.678,-58.25
33,0,9.2,-18.34,-57.2
33,0,9.24,-17.73,-56.33
33,0,9.28,-18.05,-56.39
33,0,9.32,-19.058,-57.22
33,0,9.36,-20.044,-58.11
33,0,9.4,-24.29,-62.26
33,0,9.44,-24.224,-62.33
33,0,9.48,-21.938,-60.18
33,0,9.52,-20.642,-59.02
33,0,9.56,-19.186,-57.7
33,0,9.6,-17.89,-56.54
33,0,9.64,-18.07,-56.84
33,0,9.68,-19.34,-58.23
33,0,9.72,-19.258,-58.24
33,0,9.76,-19.614,-58.66
33,0,9.8,-18.7,-57.81
33,0,9.84,-21.106,-60.22
33,0,9.88,-20.702,-59.82
33,0,9.92,-20.98,-60.09
33,0,9.96,-22.5,-61.59
33,0,10,-20.06,-59.13
33,0,10.04,-19.154,-58.4
33,0,10.08,-18.618,-58.04
33,0,10.12,-19.836,-59.39
33,0,10.16,-22.458,-62.1
33,0,10.2,-20.74,-60.47
33,0,10.24,-20.682,-60.38
33,0,10.28,-16.784,-56.45
33,0,10.32,-15.102,-54.73
33,0,10.36,-14.606,-54.19
33,0,10.4,-13.07,-52.61
33,0,10.44,-12.234,-51.77
33,0,10.48,-12.848,-52.38
33,0,10.52,-11.752,-51.36
33,0,10.56,-11.056,-50.82
33,0,10.6,-11.99,-51.91
33,0,10.64,-13.598,-53.61
33,0,10.68,-13.916,-54.02
33,0,10.72,-13.776,-53.95
33,0,10.76,-13.338,-53.56
33,0,10.8,-14.97,-55.24
33,0,10.84,-13.67,-53.84
33,0,10.88,-13.42,-53.49
33,0,10.92,-12.352,-52.36
33,0,10.96,-12.326,-52.31
33,0,11,-11.62,-51.58
33,0,11.04,-12.866,-52.93
33,0,11.08,-11.892,-52.06
33,0,11.12,-12.276,-52.52
33,0,11.16,-11.708,-52
33,0,11.2,-11.39,-51.73
33,0,11.24,-10.548,-50.94
33,0,11.28,-8.866,-49.31
33,0,11.32,-9.56399999999999,-50.08
33,0,11.36,-8.69199999999999,-49.3
33,0,11.4,-9.38,-50.08
33,0,11.44,-10.062,-50.81
33,0,11.48,-10.134,-50.93
33,0,11.52,-11.19,-52.02
33,0,11.56,-11.02,-51.87
33,0,11.6,-10.71,-51.58
33,0,11.64,-10.186,-51.14
33,0,11.68,-9.122,-50.16
33,0,11.72,-8.978,-50.07
33,0,11.76,-8.124,-49.24
33,0,11.8,-8.42,-49.56
33,0,11.84,-7.96599999999999,-49.05
33,0,11.88,-7.192,-48.22
33,0,11.92,-6.204,-47.33
33,0,11.96,-6.002,-47.38
33,0,12,-7.46,-49.09
34,0,8,-15.99,-50.61
34,0,8.04,-18.588,-53.3
34,0,8.08,-20.656,-55.46
34,0,8.12,-19.542,-54.43
34,0,8.16,-16.646,-51.61
34,0,8.2,-17.43,-52.47
34,0,8.24,-17.212,-52.32
34,0,8.28,-17.544,-52.72
34,0,8.32,-18.496,-53.74
34,0,8.36,-22.828,-58.14
34,0,8.4,-29.09,-64.47
34,0,8.44,-30.722,-66.31
34,0,8.48,-27.244,-63.04
34,0,8.52,-24.394,-60.42
34,0,8.56,-22.352,-58.63
34,0,8.6,-23.21,-59.74
34,0,8.64,-25.954,-62.8
34,0,8.68,-25.298,-62.46
34,0,8.72,-20.648,-57.95
34,0,8.76,-17.794,-55.06
34,0,8.8,-17.42,-54.65
34,0,8.84,-16.224,-53.41
34,0,8.88,-17.268,-54.41
34,0,8.92,-19.064,-56.27
34,0,8.96,-21.772,-59.15
34,0,9,-21.38,-58.93
34,0,9.04,-22.154,-59.94
34,0,9.08,-19.438,-57.46
34,0,9.12,-22.106,-60.39
34,0,9.16,-18.848,-57.42
34,0,9.2,-18.26,-57.12
34,0,9.24,-16.86,-55.46
34,0,9.28,-16.11,-54.45
34,0,9.32,-18.168,-56.33
34,0,9.36,-20.264,-58.33
34,0,9.4,-23.91,-61.88
34,0,9.44,-27.624,-65.73
34,0,9.48,-22.268,-60.51
34,0,9.52,-21.402,-59.78
34,0,9.56,-20.186,-58.7
34,0,9.6,-18.89,-57.54
34,0,9.64,-17.89,-56.66
34,0,9.68,-19.44,-58.33
34,0,9.72,-20.078,-59.06
34,0,9.76,-20.444,-59.49
34,0,9.8,-19.31,-58.42
34,0,9.84,-18.406,-57.52
34,0,9.88,-21.152,-60.27
34,0,9.92,-22.21,-61.32
34,0,9.96,-21.95,-61.04
34,0,10,-21.93,-61
34,0,10.04,-18.844,-58.09
34,0,10.08,-18.748,-58.17
34,0,10.12,-19.186,-58.74
34,0,10.16,-21.248,-60.89
34,0,10.2,-21.87,-61.6
34,0,10.24,-19.412,-59.11
34,0,10.28,-17.434,-57.1
34,0,10.32,-19.202,-58.83
34,0,10.36,-16.526,-56.11
34,0,10.4,-15.11,-54.65
34,0,10.44,-15.264,-54.8
34,0,10.48,-13.618,-53.15
34,0,10.52,-12.632,-52.24
34,0,10.56,-12.656,-52.42
34,0,10.6,-11.94,-51.86
34,0,10.64,-12.088,-52.1
34,0,10.68,-12.826,-52.93
34,0,10.72,-13.556,-53.73
34,0,10.76,-13.408,-53.63
34,0,10.8,-13.9,-54.17
34,0,10.84,-13.61,-53.78
34,0,10.88,-12.71,-52.78
34,0,10.92,-11.072,-51.08
34,0,10.96,-11.536,-51.52
34,0,11,-11.91,-51.87
34,0,11.04,-13.856,-53.92
34,0,11.08,-12.602,-52.77
34,0,11.12,-11.766,-52.01
34,0,11.16,-12.528,-52.82
34,0,11.2,-12.26,-52.6
34,0,11.24,-11.378,-51.77
34,0,11.28,-10.306,-50.75
34,0,11.32,-10.534,-51.05
34,0,11.36,-9.132,-49.74
34,0,11.4,-9.41,-50.11
34,0,11.44,-9.08199999999999,-49.83
34,0,11.48,-9.75399999999999,-50.55
34,0,11.52,-10.28,-51.11
34,0,11.56,-11.2,-52.05
34,0,11.6,-11.96,-52.83
34,0,11.64,-11.226,-52.18
34,0,11.68,-10.172,-51.21
34,0,11.72,-9.348,-50.44
34,0,11.76,-8.664,-49.78
34,0,11.8,-9.11,-50.25
34,0,11.84,-8.64599999999999,-49.73
34,0,11.88,-7.452,-48.48
34,0,11.92,-7.054,-48.18
34,0,11.96,-6.74199999999999,-48.12
34,0,12,-8.12,-49.75
35,0,8,-20.97,-55.59
35,0,8.04,-23.338,-58.05
35,0,8.08,-23.626,-58.43
35,0,8.12,-19.772,-54.66
35,0,8.16,-17.566,-52.53
35,0,8.2,-18.31,-53.35
35,0,8.24,-17.942,-53.05
35,0,8.28,-18.244,-53.42
35,0,8.32,-18.916,-54.16
35,0,8.36,-20.168,-55.48
35,0,8.4,-24.31,-59.69
35,0,8.44,-24.252,-59.84
35,0,8.48,-25.394,-61.19
35,0,8.52,-24.514,-60.54
35,0,8.56,-24.482,-60.76
35,0,8.6,-22.91,-59.44
35,0,8.64,-29.814,-66.66
35,0,8.68,-24.568,-61.73
35,0,8.72,-23.598,-60.9
35,0,8.76,-18.364,-55.63
35,0,8.8,-17.81,-55.04
35,0,8.84,-16.914,-54.1
35,0,8.88,-18.128,-55.27
35,0,8.92,-21.164,-58.37
35,0,8.96,-21.922,-59.3
35,0,9,-21.79,-59.34
35,0,9.04,-22.474,-60.26
35,0,9.08,-20.188,-58.21
35,0,9.12,-22.546,-60.83
35,0,9.16,-19.398,-57.97
35,0,9.2,-18.63,-57.49
35,0,9.24,-17.3,-55.9
35,0,9.28,-17.01,-55.35
35,0,9.32,-17.868,-56.03
35,0,9.36,-19.854,-57.92
35,0,9.4,-23.9,-61.87
35,0,9.44,-23.824,-61.93
35,0,9.48,-24.428,-62.67
35,0,9.52,-24.052,-62.43
35,0,9.56,-28.416,-66.93
35,0,9.6,-25.29,-63.94
35,0,9.64,-20.12,-58.89
35,0,9.68,-21.36,-60.25
35,0,9.72,-20.248,-59.23
35,0,9.76,-20.124,-59.17
35,0,9.8,-20.08,-59.19
35,0,9.84,-18.116,-57.23
35,0,9.88,-20.862,-59.98
35,0,9.92,-20.26,-59.37
35,0,9.96,-21.55,-60.64
35,0,10,-21.2,-60.27
35,0,10.04,-20.094,-59.34
35,0,10.08,-17.788,-57.21
35,0,10.12,-19.536,-59.09
35,0,10.16,-21.168,-60.81
35,0,10.2,-21.88,-61.61
35,0,10.24,-20.042,-59.74
35,0,10.28,-18.274,-57.94
35,0,10.32,-18.412,-58.04
35,0,10.36,-19.166,-58.75
35,0,10.4,-17.7,-57.24
35,0,10.44,-19.104,-58.64
35,0,10.48,-15.878,-55.41
35,0,10.52,-14.692,-54.3
35,0,10.56,-13.006,-52.77
35,0,10.6,-12.91,-52.83
35,0,10.64,-13.018,-53.03
35,0,10.68,-13.806,-53.91
35,0,10.72,-13.746,-53.92
35,0,10.76,-13.538,-53.76
35,0,10.8,-15.72,-55.99
35,0,10.84,-15.41,-55.58
35,0,10.88,-13.37,-53.44
35,0,10.92,-11.962,-51.97
35,0,10.96,-11.136,-51.12
35,0,11,-11.85,-51.81
35,0,11.04,-12.006,-52.07
35,0,11.08,-13.972,-54.14
35,0,11.12,-12.686,-52.93
35,0,11.16,-12.648,-52.94
35,0,11.2,-12.18,-52.52
35,0,11.24,-11.678,-52.07
35,0,11.28,-11.376,-51.82
35,0,11.32,-11.054,-51.57
35,0,11.36,-10.312,-50.92
35,0,11.4,-9.56,-50.26
35,0,11.44,-9.242,-49.99
35,0,11.48,-9.18399999999999,-49.98
35,0,11.52,-9.89999999999999,-50.73
35,0,11.56,-11.28,-52.13
35,0,11.6,-10.6,-51.47
35,0,11.64,-10.616,-51.57
35,0,11.68,-11.522,-52.56
35,0,11.72,-10.958,-52.05
35,0,11.76,-10.124,-51.24
35,0,11.8,-9.87,-51.01
35,0,11.84,-9.696,-50.78
35,0,11.88,-8.802,-49.83
35,0,11.92,-8.224,-49.35
35,0,11.96,-7.77199999999999,-49.15
35,0,12,-8.5,-50.13
36,0,8,-30.77,-65.39
36,0,8.04,-30.878,-65.59
36,0,8.08,-25.036,-59.84
36,0,8.12,-20.272,-55.16
36,0,8.16,-19.286,-54.25
36,0,8.2,-19.99,-55.03
36,0,8.24,-19.392,-54.5
36,0,8.28,-19.654,-54.83
36,0,8.32,-18.506,-53.75
36,0,8.36,-18.738,-54.05
36,0,8.4,-18.83,-54.21
36,0,8.44,-21.242,-56.83
36,0,8.48,-25.044,-60.84
36,0,8.52,-24.114,-60.14
36,0,8.56,-23.852,-60.13
36,0,8.6,-23.94,-60.47
36,0,8.64,-27.644,-64.49
36,0,8.68,-25.388,-62.55
36,0,8.72,-20.438,-57.74
36,0,8.76,-18.054,-55.32
36,0,8.8,-17.44,-54.67
36,0,8.84,-16.944,-54.13
36,0,8.88,-19.078,-56.22
36,0,8.92,-20.964,-58.17
36,0,8.96,-21.822,-59.2
36,0,9,-18.81,-56.36
36,0,9.04,-20.104,-57.89
36,0,9.08,-23.448,-61.47
36,0,9.12,-27.146,-65.43
36,0,9.16,-20.728,-59.3
36,0,9.2,-21.03,-59.89
36,0,9.24,-17.33,-55.93
36,0,9.28,-17.44,-55.78
36,0,9.32,-17.728,-55.89
36,0,9.36,-19.254,-57.32
36,0,9.4,-22.26,-60.23
36,0,9.44,-20.274,-58.38
36,0,9.48,-20.248,-58.49
36,0,9.52,-21.892,-60.27
36,0,9.56,-27.036,-65.55
36,0,9.6,-37.61,-76.26
36,0,9.64,-23.15,-61.92
36,0,9.68,-23.18,-62.07
36,0,9.72,-23.418,-62.4
36,0,9.76,-22.994,-62.04
36,0,9.8,-20.98,-60.09
36,0,9.84,-19.386,-58.5
36,0,9.88,-20.492,-59.61
36,0,9.92,-19.08,-58.19
36,0,9.96,-19.35,-58.44
36,0,10,-20.25,-59.32
36,0,10.04,-18.964,-58.21
36,0,10.08,-20.058,-59.48
36,0,10.12,-19.936,-59.49
36,0,10.16,-20.488,-60.13
36,0,10.2,-23.24,-62.97
36,0,10.24,-20.022,-59.72
36,0,10.28,-19.244,-58.91
36,0,10.32,-18.262,-57.89
36,0,10.36,-18.996,-58.58
36,0,10.4,-20.62,-60.16
36,0,10.44,-20.374,-59.91
36,0,10.48,-17.848,-57.38
36,0,10.52,-16.082,-55.69
36,0,10.56,-14.466,-54.23
36,0,10.6,-14.18,-54.1
36,0,10.64,-13.018,-53.03
36,0,10.68,-13.216,-53.32
36,0,10.72,-12.846,-53.02
36,0,10.76,-14.328,-54.55
36,0,10.8,-16.43,-56.7
36,0,10.84,-16.08,-56.25
36,0,10.88,-15.31,-55.38
36,0,10.92,-13.252,-53.26
36,0,10.96,-11.896,-51.88
36,0,11,-11.14,-51.1
36,0,11.04,-11.956,-52.02
36,0,11.08,-13.292,-53.46
36,0,11.12,-12.166,-52.41
36,0,11.16,-12.528,-52.82
36,0,11.2,-12.87,-53.21
36,0,11.24,-11.588,-51.98
36,0,11.28,-11.346,-51.79
36,0,11.32,-11.844,-52.36
36,0,11.36,-11.402,-52.01
36,0,11.4,-11.13,-51.83
36,0,11.44,-9.26199999999999,-50.01
36,0,11.48,-8.73399999999999,-49.53
36,0,11.52,-8.96999999999999,-49.8
36,0,11.56,-10.19,-51.04
36,0,11.6,-10.21,-51.08
36,0,11.64,-10.206,-51.16
36,0,11.68,-10.882,-51.92
36,0,11.72,-12.028,-53.12
36,0,11.76,-11.804,-52.92
36,0,11.8,-11.35,-52.49
36,0,11.84,-10.336,-51.42
36,0,11.88,-9.222,-50.25
36,0,11.92,-8.884,-50.01
36,0,11.96,-8.38199999999999,-49.76
36,0,12,-8.48,-50.11
37,0,8,-31.77,-66.39
37,0,8.04,-30.088,-64.8
37,0,8.08,-24.556,-59.36
37,0,8.12,-22.032,-56.92
37,0,8.16,-21.256,-56.22
37,0,8.2,-22.37,-57.41
37,0,8.24,-21.982,-57.09
37,0,8.28,-21.564,-56.74
37,0,8.32,-19.206,-54.45
37,0,8.36,-18.028,-53.34
37,0,8.4,-17.69,-53.07
37,0,8.44,-18.622,-54.21
37,0,8.48,-21.334,-57.13
37,0,8.52,-23.934,-59.96
37,0,8.56,-23.842,-60.12
37,0,8.6,-24.23,-60.76
37,0,8.64,-24.924,-61.77
37,0,8.68,-21.418,-58.58
37,0,8.72,-19.588,-56.89
37,0,8.76,-18.744,-56.01
37,0,8.8,-17.21,-54.44
37,0,8.84,-18.024,-55.21
37,0,8.88,-21.628,-58.77
37,0,8.92,-22.324,-59.53
37,0,8.96,-20.812,-58.19
37,0,9,-17.46,-55.01
37,0,9.04,-20.364,-58.15
37,0,9.08,-19.988,-58.01
37,0,9.12,-23.756,-62.04
37,0,9.16,-24.248,-62.82
37,0,9.2,-21.57,-60.43
37,0,9.24,-19.58,-58.18
37,0,9.28,-18.54,-56.88
37,0,9.32,-18.868,-57.03
37,0,9.36,-17.924,-55.99
37,0,9.4,-19,-56.97
37,0,9.44,-21.094,-59.2
37,0,9.48,-18.228,-56.47
37,0,9.52,-19.072,-57.45
37,0,9.56,-26.976,-65.49
37,0,9.6,-28.91,-67.56
37,0,9.64,-24.54,-63.31
37,0,9.68,-24.86,-63.75
37,0,9.72,-24.728,-63.71
37,0,9.76,-24.374,-63.42
37,0,9.8,-22.72,-61.83
37,0,9.84,-21.036,-60.15
37,0,9.88,-22.712,-61.83
37,0,9.92,-20.94,-60.05
37,0,9.96,-20.12,-59.21
37,0,10,-19.83,-58.9
37,0,10.04,-21.124,-60.37
37,0,10.08,-19.888,-59.31
37,0,10.12,-20.066,-59.62
37,0,10.16,-20.988,-60.63
37,0,10.2,-23.21,-62.94
37,0,10.24,-21.712,-61.41
37,0,10.28,-19.644,-59.31
37,0,10.32,-18.722,-58.35
37,0,10.36,-18.696,-58.28
37,0,10.4,-21.11,-60.65
37,0,10.44,-20.004,-59.54
37,0,10.48,-17.678,-57.21
37,0,10.52,-16.452,-56.06
37,0,10.56,-14.386,-54.15
37,0,10.6,-14.1,-54.02
37,0,10.64,-13.608,-53.62
37,0,10.68,-14.126,-54.23
37,0,10.72,-12.786,-52.96
37,0,10.76,-14.048,-54.27
37,0,10.8,-15.46,-55.73
37,0,10.84,-17.47,-57.64
37,0,10.88,-16.87,-56.94
37,0,10.92,-14.552,-54.56
37,0,10.96,-13.336,-53.32
37,0,11,-12.22,-52.18
37,0,11.04,-11.556,-51.62
37,0,11.08,-12.542,-52.71
37,0,11.12,-11.776,-52.02
37,0,11.16,-12.218,-52.51
37,0,11.2,-12.1,-52.44
37,0,11.24,-11.218,-51.61
37,0,11.28,-11.826,-52.27
37,0,11.32,-12.594,-53.11
37,0,11.36,-12.222,-52.83
37,0,11.4,-11.54,-52.24
37,0,11.44,-9.80199999999999,-50.55
37,0,11.48,-8.89399999999999,-49.69
37,0,11.52,-8.99999999999999,-49.83
37,0,11.56,-9.17000000000001,-50.02
37,0,11.6,-9.83000000000001,-50.7
37,0,11.64,-10.776,-51.73
37,0,11.68,-10.112,-51.15
37,0,11.72,-9.928,-51.02
37,0,11.76,-12.364,-53.48
37,0,11.8,-12.37,-53.51
37,0,11.84,-11.226,-52.31
37,0,11.88,-10.252,-51.28
37,0,11.92,-9.64400000000001,-50.77
37,0,11.96,-9.02199999999999,-50.4
37,0,12,-8.79,-50.42
38,0,8,-23.34,-57.96
38,0,8.04,-24.258,-58.97
38,0,8.08,-25.046,-59.85
38,0,8.12,-23.912,-58.8
38,0,8.16,-24.336,-59.3
38,0,8.2,-25.79,-60.83
38,0,8.24,-26.292,-61.4
38,0,8.28,-22.684,-57.86
38,0,8.32,-21.266,-56.51
38,0,8.36,-19.148,-54.46
38,0,8.4,-17.42,-52.8
38,0,8.44,-18.852,-54.44
38,0,8.48,-21.094,-56.89
38,0,8.52,-22.614,-58.64
38,0,8.56,-23.112,-59.39
38,0,8.6,-22.94,-59.47
38,0,8.64,-24.394,-61.24
38,0,8.68,-20.828,-57.99
38,0,8.72,-18.428,-55.73
38,0,8.76,-17.814,-55.08
38,0,8.8,-19.27,-56.5
38,0,8.84,-17.764,-54.95
38,0,8.88,-18.128,-55.27
38,0,8.92,-20.574,-57.78
38,0,8.96,-21.692,-59.07
38,0,9,-18.35,-55.9
38,0,9.04,-19.184,-56.97
38,0,9.08,-19.228,-57.25
38,0,9.12,-25.446,-63.73
38,0,9.16,-27.158,-65.73
38,0,9.2,-23.71,-62.57
38,0,9.24,-19.43,-58.03
38,0,9.28,-20.35,-58.69
38,0,9.32,-20.118,-58.28
38,0,9.36,-18.014,-56.08
38,0,9.4,-18.1,-56.07
38,0,9.44,-20.434,-58.54
38,0,9.48,-19.878,-58.12
38,0,9.52,-19.062,-57.44
38,0,9.56,-23.306,-61.82
38,0,9.6,-24.48,-63.13
38,0,9.64,-22.14,-60.91
38,0,9.68,-22.24,-61.13
38,0,9.72,-21.668,-60.65
38,0,9.76,-23.884,-62.93
38,0,9.8,-24.12,-63.23
38,0,9.84,-25.376,-64.49
38,0,9.88,-26.192,-65.31
38,0,9.92,-22.45,-61.56
38,0,9.96,-19.97,-59.06
38,0,10,-22.93,-62
38,0,10.04,-22.644,-61.89
38,0,10.08,-21.238,-60.66
38,0,10.12,-22.546,-62.1
38,0,10.16,-24.808,-64.45
38,0,10.2,-23,-62.73
38,0,10.24,-20.772,-60.47
38,0,10.28,-18.694,-58.36
38,0,10.32,-18.842,-58.47
38,0,10.36,-20.736,-60.32
38,0,10.4,-23.01,-62.55
38,0,10.44,-22.244,-61.78
38,0,10.48,-21.948,-61.48
38,0,10.52,-18.922,-58.53
38,0,10.56,-17.866,-57.63
38,0,10.6,-14.77,-54.69
38,0,10.64,-14.138,-54.15
38,0,10.68,-14.466,-54.57
38,0,10.72,-14.076,-54.25
38,0,10.76,-13.118,-53.34
38,0,10.8,-15.68,-55.95
38,0,10.84,-17.93,-58.1
38,0,10.88,-16.31,-56.38
38,0,10.92,-14.862,-54.87
38,0,10.96,-13.756,-53.74
38,0,11,-12.73,-52.69
38,0,11.04,-12.096,-52.16
38,0,11.08,-11.602,-51.77
38,0,11.12,-11.086,-51.33
38,0,11.16,-11.218,-51.51
38,0,11.2,-11.29,-51.63
38,0,11.24,-11.528,-51.92
38,0,11.28,-11.396,-51.84
38,0,11.32,-12.854,-53.37
38,0,11.36,-12.482,-53.09
38,0,11.4,-12.82,-53.52
38,0,11.44,-11.132,-51.88
38,0,11.48,-10.574,-51.37
38,0,11.52,-10.82,-51.65
38,0,11.56,-9.81,-50.66
38,0,11.6,-9.73,-50.6
38,0,11.64,-11.056,-52.01
38,0,11.68,-10.482,-51.52
38,0,11.72,-10.468,-51.56
38,0,11.76,-12.264,-53.38
38,0,11.8,-12.22,-53.36
38,0,11.84,-11.456,-52.54
38,0,11.88,-10.812,-51.84
38,0,11.92,-10.314,-51.44
38,0,11.96,-9.92199999999999,-51.3
38,0,12,-9.68,-51.31
39,0,8,-20.59,-55.21
39,0,8.04,-23.718,-58.43
39,0,8.08,-27.816,-62.62
39,0,8.12,-27.202,-62.09
39,0,8.16,-27.356,-62.32
39,0,8.2,-27.87,-62.91
39,0,8.24,-25.062,-60.17
39,0,8.28,-23.134,-58.31
39,0,8.32,-22.126,-57.37
39,0,8.36,-19.978,-55.29
39,0,8.4,-19.46,-54.84
39,0,8.44,-19.922,-55.51
39,0,8.48,-21.114,-56.91
39,0,8.52,-21.974,-58
39,0,8.56,-22.022,-58.3
39,0,8.6,-21.51,-58.04
39,0,8.64,-22.594,-59.44
39,0,8.68,-20.308,-57.47
39,0,8.72,-18.208,-55.51
39,0,8.76,-18.314,-55.58
39,0,8.8,-19.96,-57.19
39,0,8.84,-18.274,-55.46
39,0,8.88,-18.008,-55.15
39,0,8.92,-19.334,-56.54
39,0,8.96,-16.932,-54.31
39,0,9,-17.41,-54.96
39,0,9.04,-19.364,-57.15
39,0,9.08,-19.658,-57.68
39,0,9.12,-21.496,-59.78
39,0,9.16,-29.258,-67.83
39,0,9.2,-27.4,-66.26
39,0,9.24,-20.65,-59.25
39,0,9.28,-21.3,-59.64
39,0,9.32,-20.298,-58.46
39,0,9.36,-19.964,-58.03
39,0,9.4,-19.56,-57.53
39,0,9.44,-23.144,-61.25
39,0,9.48,-20.868,-59.11
39,0,9.52,-19.562,-57.94
39,0,9.56,-21.226,-59.74
39,0,9.6,-20.31,-58.96
39,0,9.64,-20.37,-59.14
39,0,9.68,-19.03,-57.92
39,0,9.72,-19.598,-58.58
39,0,9.76,-21.304,-60.35
39,0,9.8,-21.59,-60.7
39,0,9.84,-22.336,-61.45
39,0,9.88,-25.042,-64.16
39,0,9.92,-24.78,-63.89
39,0,9.96,-23.28,-62.37
39,0,10,-23.05,-62.12
39,0,10.04,-23.084,-62.33
39,0,10.08,-21.068,-60.49
39,0,10.12,-22.206,-61.76
39,0,10.16,-30.288,-69.93
39,0,10.2,-26.95,-66.68
39,0,10.24,-19.522,-59.22
39,0,10.28,-18.934,-58.6
39,0,10.32,-18.412,-58.04
39,0,10.36,-21.036,-60.62
39,0,10.4,-23.87,-63.41
39,0,10.44,-24.924,-64.46
39,0,10.48,-25.268,-64.8
39,0,10.52,-22.182,-61.79
39,0,10.56,-18.886,-58.65
39,0,10.6,-19.06,-58.98
39,0,10.64,-15.258,-55.27
39,0,10.68,-15.966,-56.07
39,0,10.72,-15.446,-55.62
39,0,10.76,-15.358,-55.58
39,0,10.8,-17.02,-57.29
39,0,10.84,-17.35,-57.52
39,0,10.88,-18.24,-58.31
39,0,10.92,-16.742,-56.75
39,0,10.96,-15.836,-55.82
39,0,11,-13.98,-53.94
39,0,11.04,-12.486,-52.55
39,0,11.08,-13.392,-53.56
39,0,11.12,-11.336,-51.58
39,0,11.16,-10.328,-50.62
39,0,11.2,-10.42,-50.76
39,0,11.24,-10.898,-51.29
39,0,11.28,-11.686,-52.13
39,0,11.32,-12.534,-53.05
39,0,11.36,-12.472,-53.08
39,0,11.4,-12.16,-52.86
39,0,11.44,-11.332,-52.08
39,0,11.48,-11.584,-52.38
39,0,11.52,-11.22,-52.05
39,0,11.56,-11.46,-52.31
39,0,11.6,-11.57,-52.44
39,0,11.64,-11.656,-52.61
39,0,11.68,-11.142,-52.18
39,0,11.72,-10.888,-51.98
39,0,11.76,-11.314,-52.43
39,0,11.8,-11.79,-52.93
39,0,11.84,-10.886,-51.97
39,0,11.88,-10.172,-51.2
39,0,11.92,-9.32400000000001,-50.45
39,0,11.96,-9.45199999999999,-50.83
39,0,12,-9.54,-51.17
40,0,8,-19.98,-54.6
40,0,8.04,-25.198,-59.91
40,0,8.08,-35.066,-69.87
40,0,8.12,-38.742,-73.63
40,0,8.16,-30.526,-65.49
40,0,8.2,-29.76,-64.8
40,0,8.24,-26.952,-62.06
40,0,8.28,-25.104,-60.28
40,0,8.32,-24.226,-59.47
40,0,8.36,-25.518,-60.83
40,0,8.4,-22.07,-57.45
40,0,8.44,-23.932,-59.52
40,0,8.48,-21.484,-57.28
40,0,8.52,-22.364,-58.39
40,0,8.56,-21.012,-57.29
40,0,8.6,-19.67,-56.2
40,0,8.64,-22.444,-59.29
40,0,8.68,-19.318,-56.48
40,0,8.72,-18.318,-55.62
40,0,8.76,-19.444,-56.71
40,0,8.8,-20.18,-57.41
40,0,8.84,-19.894,-57.08
40,0,8.88,-19.488,-56.63
40,0,8.92,-18.774,-55.98
40,0,8.96,-16.392,-53.77
40,0,9,-15.38,-52.93
40,0,9.04,-16.764,-54.55
40,0,9.08,-18.528,-56.55
40,0,9.12,-19.976,-58.26
40,0,9.16,-21.008,-59.58
40,0,9.2,-28.05,-66.91
40,0,9.24,-25.42,-64.02
40,0,9.28,-26.27,-64.61
40,0,9.32,-26.318,-64.48
40,0,9.36,-21.544,-59.61
40,0,9.4,-21.9,-59.87
40,0,9.44,-21.404,-59.51
40,0,9.48,-23.748,-61.99
40,0,9.52,-21.002,-59.38
40,0,9.56,-19.566,-58.08
40,0,9.6,-23.95,-62.6
40,0,9.64,-22.04,-60.81
40,0,9.68,-20.64,-59.53
40,0,9.72,-19.388,-58.37
40,0,9.76,-20.684,-59.73
40,0,9.8,-20.8,-59.91
40,0,9.84,-23.566,-62.68
40,0,9.88,-21.822,-60.94
40,0,9.92,-21.22,-60.33
40,0,9.96,-21.47,-60.56
40,0,10,-21.78,-60.85
40,0,10.04,-22.254,-61.5
40,0,10.08,-19.438,-58.86
40,0,10.12,-22.346,-61.9
40,0,10.16,-31.558,-71.2
40,0,10.2,-37.06,-76.79
40,0,10.24,-20.342,-60.04
40,0,10.28,-16.894,-56.56
40,0,10.32,-17.482,-57.11
40,0,10.36,-18.976,-58.56
40,0,10.4,-21.55,-61.09
40,0,10.44,-21.964,-61.5
40,0,10.48,-29.008,-68.54
40,0,10.52,-27.562,-67.17
40,0,10.56,-24.816,-64.58
40,0,10.6,-23.27,-63.19
40,0,10.64,-20.038,-60.05
40,0,10.68,-17.976,-58.08
40,0,10.72,-18.016,-58.19
40,0,10.76,-15.558,-55.78
40,0,10.8,-16.86,-57.13
40,0,10.84,-18.09,-58.26
40,0,10.88,-19.57,-59.64
40,0,10.92,-19.532,-59.54
40,0,10.96,-18.376,-58.36
40,0,11,-15.9,-55.86
40,0,11.04,-14.526,-54.59
40,0,11.08,-13.772,-53.94
40,0,11.12,-12.146,-52.39
40,0,11.16,-10.828,-51.12
40,0,11.2,-10.85,-51.19
40,0,11.24,-11.578,-51.97
40,0,11.28,-11.996,-52.44
40,0,11.32,-12.244,-52.76
40,0,11.36,-11.842,-52.45
40,0,11.4,-11.68,-52.38
40,0,11.44,-10.582,-51.33
40,0,11.48,-10.664,-51.46
40,0,11.52,-12.43,-53.26
40,0,11.56,-12.68,-53.53
40,0,11.6,-12.56,-53.43
40,0,11.64,-12.026,-52.98
40,0,11.68,-11.642,-52.68
40,0,11.72,-11.918,-53.01
40,0,11.76,-11.384,-52.5
40,0,11.8,-10.98,-52.12
40,0,11.84,-10.626,-51.71
40,0,11.88,-9.902,-50.93
40,0,11.92,-8.664,-49.79
40,0,11.96,-9.432,-50.81
40,0,12,-10.61,-52.24
41,0,8,-20.68,-55.3
41,0,8.04,-28.888,-63.6
41,0,8.08,-37.006,-71.81
41,0,8.12,-30.672,-65.56
41,0,8.16,-29.426,-64.39
41,0,8.2,-32.96,-68
41,0,8.24,-27.342,-62.45
41,0,8.28,-26.134,-61.31
41,0,8.32,-28.636,-63.88
41,0,8.36,-28.108,-63.42
41,0,8.4,-34.32,-69.7
41,0,8.44,-23.852,-59.44
41,0,8.48,-22.234,-58.03
41,0,8.52,-20.714,-56.74
41,0,8.56,-19.902,-56.18
41,0,8.6,-20.21,-56.74
41,0,8.64,-21.544,-58.39
41,0,8.68,-20.608,-57.77
41,0,8.72,-20.028,-57.33
41,0,8.76,-19.664,-56.93
41,0,8.8,-21.66,-58.89
41,0,8.84,-21.474,-58.66
41,0,8.88,-18.378,-55.52
41,0,8.92,-18.834,-56.04
41,0,8.96,-16.702,-54.08
41,0,9,-15.74,-53.29
41,0,9.04,-16.884,-54.67
41,0,9.08,-16.478,-54.5
41,0,9.12,-17.846,-56.13
41,0,9.16,-16.738,-55.31
41,0,9.2,-19.01,-57.87
41,0,9.24,-21.61,-60.21
41,0,9.28,-23.33,-61.67
41,0,9.32,-24.008,-62.17
41,0,9.36,-23.434,-61.5
41,0,9.4,-24.15,-62.12
41,0,9.44,-22.524,-60.63
41,0,9.48,-23.138,-61.38
41,0,9.52,-23.352,-61.73
41,0,9.56,-23.276,-61.79
41,0,9.6,-22.72,-61.37
41,0,9.64,-25.32,-64.09
41,0,9.68,-23.16,-62.05
41,0,9.72,-21.138,-60.12
41,0,9.76,-21.674,-60.72
41,0,9.8,-20.6,-59.71
41,0,9.84,-23.296,-62.41
41,0,9.88,-24.022,-63.14
41,0,9.92,-22.46,-61.57
41,0,9.96,-22.24,-61.33
41,0,10,-20.31,-59.38
41,0,10.04,-21.734,-60.98
41,0,10.08,-19.278,-58.7
41,0,10.12,-24.276,-63.83
41,0,10.16,-26.398,-66.04
41,0,10.2,-29.24,-68.97
41,0,10.24,-20.832,-60.53
41,0,10.28,-17.934,-57.6
41,0,10.32,-17.342,-56.97
41,0,10.36,-18.796,-58.38
41,0,10.4,-18.61,-58.15
41,0,10.44,-18.384,-57.92
41,0,10.48,-21.828,-61.36
41,0,10.52,-24.852,-64.46
41,0,10.56,-29.586,-69.35
41,0,10.6,-22.86,-62.78
41,0,10.64,-21.478,-61.49
41,0,10.68,-23.126,-63.23
41,0,10.72,-18.956,-59.13
41,0,10.76,-16.038,-56.26
41,0,10.8,-15.9,-56.17
41,0,10.84,-17.52,-57.69
41,0,10.88,-18.16,-58.23
41,0,10.92,-19.342,-59.35
41,0,10.96,-23.306,-63.29
41,0,11,-18.42,-58.38
41,0,11.04,-18.016,-58.08
41,0,11.08,-15.892,-56.06
41,0,11.12,-13.356,-53.6
41,0,11.16,-11.958,-52.25
41,0,11.2,-12.1,-52.44
41,0,11.24,-12.068,-52.46
41,0,11.28,-13.536,-53.98
41,0,11.32,-13.044,-53.56
41,0,11.36,-11.922,-52.53
41,0,11.4,-12.34,-53.04
41,0,11.44,-11.402,-52.15
41,0,11.48,-11.024,-51.82
41,0,11.52,-12.15,-52.98
41,0,11.56,-12.41,-53.26
41,0,11.6,-12.99,-53.86
41,0,11.64,-13.366,-54.32
41,0,11.68,-11.032,-52.07
41,0,11.72,-11.438,-52.53
41,0,11.76,-11.644,-52.76
41,0,11.8,-10.95,-52.09
41,0,11.84,-10.136,-51.22
41,0,11.88,-9.582,-50.61
41,0,11.92,-9.244,-50.37
41,0,11.96,-9.98199999999999,-51.36
41,0,12,-10.5,-52.13
42,0,8,-21.07,-55.69
42,0,8.04,-24.898,-59.61
42,0,8.08,-29.936,-64.74
42,0,8.12,-27.872,-62.76
42,0,8.16,-30.376,-65.34
42,0,8.2,-33.99,-69.03
42,0,8.24,-33.672,-68.78
42,0,8.28,-30.004,-65.18
42,0,8.32,-30.686,-65.93
42,0,8.36,-36.418,-71.73
42,0,8.4,-29.36,-64.74
42,0,8.44,-24.692,-60.28
42,0,8.48,-20.824,-56.62
42,0,8.52,-19.484,-55.51
42,0,8.56,-18.892,-55.17
42,0,8.6,-20.33,-56.86
42,0,8.64,-22.424,-59.27
42,0,8.68,-22.548,-59.71
42,0,8.72,-21.908,-59.21
42,0,8.76,-21.354,-58.62
42,0,8.8,-22.65,-59.88
42,0,8.84,-21.804,-58.99
42,0,8.88,-23.648,-60.79
42,0,8.92,-20.634,-57.84
42,0,8.96,-18.182,-55.56
42,0,9,-16.35,-53.9
42,0,9.04,-16.714,-54.5
42,0,9.08,-17.148,-55.17
42,0,9.12,-16.846,-55.13
42,0,9.16,-15.968,-54.54
42,0,9.2,-17.76,-56.62
42,0,9.24,-18.74,-57.34
42,0,9.28,-21.74,-60.08
42,0,9.32,-21.768,-59.93
42,0,9.36,-23.054,-61.12
42,0,9.4,-24.1,-62.07
42,0,9.44,-22.844,-60.95
42,0,9.48,-21.188,-59.43
42,0,9.52,-23.672,-62.05
42,0,9.56,-25.606,-64.12
42,0,9.6,-23.61,-62.26
42,0,9.64,-22.86,-61.63
42,0,9.68,-21.51,-60.4
42,0,9.72,-22.628,-61.61
42,0,9.76,-21.954,-61
42,0,9.8,-23.33,-62.44
42,0,9.84,-23.306,-62.42
42,0,9.88,-25.062,-64.18
42,0,9.92,-22.34,-61.45
42,0,9.96,-21.62,-60.71
42,0,10,-23.43,-62.5
42,0,10.04,-21.914,-61.16
42,0,10.08,-25.798,-65.22
42,0,10.12,-25.886,-65.44
42,0,10.16,-26.898,-66.54
42,0,10.2,-29.39,-69.12
42,0,10.24,-27.232,-66.93
42,0,10.28,-18.644,-58.31
42,0,10.32,-18.712,-58.34
42,0,10.36,-18.596,-58.18
42,0,10.4,-17.36,-56.9
42,0,10.44,-17.324,-56.86
42,0,10.48,-20.188,-59.72
42,0,10.52,-20.712,-60.32
42,0,10.56,-22.926,-62.69
42,0,10.6,-24.06,-63.98
42,0,10.64,-23.068,-63.08
42,0,10.68,-23.026,-63.13
42,0,10.72,-19.166,-59.34
42,0,10.76,-16.438,-56.66
42,0,10.8,-16.88,-57.15
42,0,10.84,-16.66,-56.83
42,0,10.88,-16.56,-56.63
42,0,10.92,-18.332,-58.34
42,0,10.96,-20.766,-60.75
42,0,11,-21.14,-61.1
42,0,11.04,-21.076,-61.14
42,0,11.08,-18.092,-58.26
42,0,11.12,-15.706,-55.95
42,0,11.16,-13.948,-54.24
42,0,11.2,-13.73,-54.07
42,0,11.24,-13.188,-53.58
42,0,11.28,-13.436,-53.88
42,0,11.32,-13.124,-53.64
42,0,11.36,-12.082,-52.69
42,0,11.4,-13.27,-53.97
42,0,11.44,-12.242,-52.99
42,0,11.48,-11.404,-52.2
42,0,11.52,-13.46,-54.29
42,0,11.56,-12.71,-53.56
42,0,11.6,-11.94,-52.81
42,0,11.64,-13.296,-54.25
42,0,11.68,-13.502,-54.54
42,0,11.72,-12.018,-53.11
42,0,11.76,-11.434,-52.55
42,0,11.8,-12.97,-54.11
42,0,11.84,-10.986,-52.07
42,0,11.88,-10.222,-51.25
42,0,11.92,-10.594,-51.72
42,0,11.96,-10.442,-51.82
42,0,12,-11.83,-53.46
43,0,8,-19.74,-54.36
43,0,8.04,-24.818,-59.53
43,0,8.08,-24.006,-58.81
43,0,8.12,-26.612,-61.5
43,0,8.16,-28.946,-63.91
43,0,8.2,-50.98,-86.02
43,0,8.24,-36.492,-71.6
43,0,8.28,-43.014,-78.19
43,0,8.32,-38.746,-73.99
43,0,8.36,-31.518,-66.83
43,0,8.4,-26.94,-62.32
43,0,8.44,-24.762,-60.35
43,0,8.48,-21.834,-57.63
43,0,8.52,-19.504,-55.53
43,0,8.56,-19.192,-55.47
43,0,8.6,-19.53,-56.06
43,0,8.64,-22.264,-59.11
43,0,8.68,-22.848,-60.01
43,0,8.72,-21.908,-59.21
43,0,8.76,-22.014,-59.28
43,0,8.8,-23.56,-60.79
43,0,8.84,-21.174,-58.36
43,0,8.88,-25.938,-63.08
43,0,8.92,-25.994,-63.2
43,0,8.96,-22.072,-59.45
43,0,9,-17.91,-55.46
43,0,9.04,-16.984,-54.77
43,0,9.08,-15.098,-53.12
43,0,9.12,-15.956,-54.24
43,0,9.16,-16.688,-55.26
43,0,9.2,-17.56,-56.42
43,0,9.24,-15.61,-54.21
43,0,9.28,-17.71,-56.05
43,0,9.32,-18.848,-57.01
43,0,9.36,-19.614,-57.68
43,0,9.4,-21.66,-59.63
43,0,9.44,-21.824,-59.93
43,0,9.48,-19.998,-58.24
43,0,9.52,-23.952,-62.33
43,0,9.56,-24.696,-63.21
43,0,9.6,-27.25,-65.9
43,0,9.64,-26.07,-64.84
43,0,9.68,-23.01,-61.9
43,0,9.72,-21.678,-60.66
43,0,9.76,-21.374,-60.42
43,0,9.8,-19.82,-58.93
43,0,9.84,-23.326,-62.44
43,0,9.88,-23.382,-62.5
43,0,9.92,-23.45,-62.56
43,0,9.96,-23.57,-62.66
43,0,10,-22.78,-61.85
43,0,10.04,-24.024,-63.27
43,0,10.08,-21.988,-61.41
43,0,10.12,-31.816,-71.37
43,0,10.16,-32.138,-71.78
43,0,10.2,-29.61,-69.34
43,0,10.24,-27.052,-66.75
43,0,10.28,-22.704,-62.37
43,0,10.32,-21.382,-61.01
43,0,10.36,-20.846,-60.43
43,0,10.4,-18.23,-57.77
43,0,10.44,-17.984,-57.52
43,0,10.48,-19.058,-58.59
43,0,10.52,-20.042,-59.65
43,0,10.56,-21.016,-60.78
43,0,10.6,-24.78,-64.7
43,0,10.64,-29.748,-69.76
43,0,10.68,-31.976,-72.08
43,0,10.72,-19.696,-59.87
43,0,10.76,-17.558,-57.78
43,0,10.8,-16.36,-56.63
43,0,10.84,-17.35,-57.52
43,0,10.88,-17.44,-57.51
43,0,10.92,-16.492,-56.5
43,0,10.96,-17.636,-57.62
43,0,11,-19.33,-59.29
43,0,11.04,-21.076,-61.14
43,0,11.08,-20.692,-60.86
43,0,11.12,-17.076,-57.32
43,0,11.16,-17.338,-57.63
43,0,11.2,-16.93,-57.27
43,0,11.24,-15.538,-55.93
43,0,11.28,-13.186,-53.63
43,0,11.32,-13.564,-54.08
43,0,11.36,-13.102,-53.71
43,0,11.4,-13.23,-53.93
43,0,11.44,-13.082,-53.83
43,0,11.48,-14.034,-54.83
43,0,11.52,-14.47,-55.3
43,0,11.56,-14.18,-55.03
43,0,11.6,-13.29,-54.16
43,0,11.64,-14.396,-55.35
43,0,11.68,-14.592,-55.63
43,0,11.72,-11.548,-52.64
43,0,11.76,-10.684,-51.8
43,0,11.8,-12.19,-53.33
43,0,11.84,-12.556,-53.64
43,0,11.88,-11.832,-52.86
43,0,11.92,-11.654,-52.78
43,0,11.96,-11.692,-53.07
43,0,12,-12.07,-53.7
44,0,8,-18.9,-53.52
44,0,8.04,-21.008,-55.72
44,0,8.08,-23.996,-58.8
44,0,8.12,-22.792,-57.68
44,0,8.16,-32.796,-67.76
44,0,8.2,-35.73,-70.77
44,0,8.24,-29.052,-64.16
44,0,8.28,-29.644,-64.82
44,0,8.32,-30.686,-65.93
44,0,8.36,-28.368,-63.68
44,0,8.4,-25.48,-60.86
44,0,8.44,-23.332,-58.92
44,0,8.48,-20.854,-56.65
44,0,8.52,-19.974,-56
44,0,8.56,-19.832,-56.11
44,0,8.6,-20.91,-57.44
44,0,8.64,-21.874,-58.72
44,0,8.68,-20.968,-58.13
44,0,8.72,-22.838,-60.14
44,0,8.76,-23.924,-61.19
44,0,8.8,-23.87,-61.1
44,0,8.84,-23.054,-60.24
44,0,8.88,-23.208,-60.35
44,0,8.92,-27.044,-64.25
44,0,8.96,-24.482,-61.86
44,0,9,-21.62,-59.17
44,0,9.04,-19.354,-57.14
44,0,9.08,-15.008,-53.03
44,0,9.12,-16.196,-54.48
44,0,9.16,-17.598,-56.17
44,0,9.2,-17.27,-56.13
44,0,9.24,-15.14,-53.74
44,0,9.28,-15.68,-54.02
44,0,9.32,-17.198,-55.36
44,0,9.36,-17.764,-55.83
44,0,9.4,-22.03,-60
44,0,9.44,-19.694,-57.8
44,0,9.48,-20.398,-58.64
44,0,9.52,-21.012,-59.39
44,0,9.56,-22.076,-60.59
44,0,9.6,-26.13,-64.78
44,0,9.64,-21.83,-60.6
44,0,9.68,-23.7,-62.59
44,0,9.72,-22.318,-61.3
44,0,9.76,-21.964,-61.01
44,0,9.8,-20.72,-59.83
44,0,9.84,-20.106,-59.22
44,0,9.88,-22.552,-61.67
44,0,9.92,-20.92,-60.03
44,0,9.96,-21.69,-60.78
44,0,10,-19.42,-58.49
44,0,10.04,-22.324,-61.57
44,0,10.08,-20.538,-59.96
44,0,10.12,-27.586,-67.14
44,0,10.16,-32.168,-71.81
44,0,10.2,-30.61,-70.34
44,0,10.24,-28.412,-68.11
44,0,10.28,-22.414,-62.08
44,0,10.32,-25.982,-65.61
44,0,10.36,-22.726,-62.31
44,0,10.4,-19.72,-59.26
44,0,10.44,-18.804,-58.34
44,0,10.48,-20.018,-59.55
44,0,10.52,-21.042,-60.65
44,0,10.56,-22.516,-62.28
44,0,10.6,-23.75,-63.67
44,0,10.64,-33.918,-73.93
44,0,10.68,-32.316,-72.42
44,0,10.72,-22.956,-63.13
44,0,10.76,-17.478,-57.7
44,0,10.8,-17.88,-58.15
44,0,10.84,-17.24,-57.41
44,0,10.88,-17.72,-57.79
44,0,10.92,-17.902,-57.91
44,0,10.96,-18.586,-58.57
44,0,11,-19.77,-59.73
44,0,11.04,-21.426,-61.49
44,0,11.08,-21.002,-61.17
44,0,11.12,-18.896,-59.14
44,0,11.16,-17.508,-57.8
44,0,11.2,-18.8,-59.14
44,0,11.24,-16.778,-57.17
44,0,11.28,-14.696,-55.14
44,0,11.32,-14.064,-54.58
44,0,11.36,-14.572,-55.18
44,0,11.4,-12.41,-53.11
44,0,11.44,-12.812,-53.56
44,0,11.48,-12.384,-53.18
44,0,11.52,-13.24,-54.07
44,0,11.56,-14.17,-55.02
44,0,11.6,-13.73,-54.6
44,0,11.64,-13.856,-54.81
44,0,11.68,-14.292,-55.33
44,0,11.72,-11.578,-52.67
44,0,11.76,-11.334,-52.45
44,0,11.8,-12.26,-53.4
44,0,11.84,-14.486,-55.57
44,0,11.88,-13.502,-54.53
44,0,11.92,-11.224,-52.35
44,0,11.96,-12.502,-53.88
44,0,12,-12.11,-53.74
45,0,8,-18.64,-53.26
45,0,8.04,-19.548,-54.26
45,0,8.08,-22.936,-57.74
45,0,8.12,-25.362,-60.25
45,0,8.16,-31.716,-66.68
45,0,8.2,-33.18,-68.22
45,0,8.24,-26.782,-61.89
45,0,8.28,-25.504,-60.68
45,0,8.32,-25.816,-61.06
45,0,8.36,-28.078,-63.39
45,0,8.4,-24.35,-59.73
45,0,8.44,-24.702,-60.29
45,0,8.48,-23.424,-59.22
45,0,8.52,-22.564,-58.59
45,0,8.56,-23.432,-59.71
45,0,8.6,-22.88,-59.41
45,0,8.64,-22.424,-59.27
45,0,8.68,-20.698,-57.86
45,0,8.72,-22.318,-59.62
45,0,8.76,-23.854,-61.12
45,0,8.8,-24.25,-61.48
45,0,8.84,-20.854,-58.04
45,0,8.88,-20.878,-58.02
45,0,8.92,-24.324,-61.53
45,0,8.96,-24.202,-61.58
45,0,9,-23.48,-61.03
45,0,9.04,-20.994,-58.78
45,0,9.08,-19.098,-57.12
45,0,9.12,-18.016,-56.3
45,0,9.16,-19.338,-57.91
45,0,9.2,-19.37,-58.23
45,0,9.24,-16.07,-54.67
45,0,9.28,-15.71,-54.05
45,0,9.32,-16.838,-55
45,0,9.36,-18.084,-56.15
45,0,9.4,-19.81,-57.78
45,0,9.44,-19.224,-57.33
45,0,9.48,-19.008,-57.25
45,0,9.52,-21.082,-59.46
45,0,9.56,-21.546,-60.06
45,0,9.6,-21.5,-60.15
45,0,9.64,-21.88,-60.65
45,0,9.68,-22.67,-61.56
45,0,9.72,-25.078,-64.06
45,0,9.76,-21.904,-60.95
45,0,9.8,-20.99,-60.1
45,0,9.84,-20.416,-59.53
45,0,9.88,-22.762,-61.88
45,0,9.92,-23.43,-62.54
45,0,9.96,-20.39,-59.48
45,0,10,-21.72,-60.79
45,0,10.04,-20.984,-60.23
45,0,10.08,-20.268,-59.69
45,0,10.12,-21.256,-60.81
45,0,10.16,-24.208,-63.85
45,0,10.2,-29.16,-68.89
45,0,10.24,-32.252,-71.95
45,0,10.28,-33.384,-73.05
45,0,10.32,-36.062,-75.69
45,0,10.36,-28.476,-68.06
45,0,10.4,-22.99,-62.53
45,0,10.44,-21.224,-60.76
45,0,10.48,-21.868,-61.4
45,0,10.52,-21.762,-61.37
45,0,10.56,-21.356,-61.12
45,0,10.6,-19.82,-59.74
45,0,10.64,-29.388,-69.4
45,0,10.68,-32.966,-73.07
45,0,10.72,-29.356,-69.53
45,0,10.76,-19.668,-59.89
45,0,10.8,-18.5,-58.77
45,0,10.84,-18.48,-58.65
45,0,10.88,-18.13,-58.2
45,0,10.92,-18.952,-58.96
45,0,10.96,-21.166,-61.15
45,0,11,-19.07,-59.03
45,0,11.04,-21.596,-61.66
45,0,11.08,-21.842,-62.01
45,0,11.12,-18.676,-58.92
45,0,11.16,-18.138,-58.43
45,0,11.2,-20.92,-61.26
45,0,11.24,-19.708,-60.1
45,0,11.28,-17.166,-57.61
45,0,11.32,-17.754,-58.27
45,0,11.36,-16.482,-57.09
45,0,11.4,-14.08,-54.78
45,0,11.44,-13.162,-53.91
45,0,11.48,-12.404,-53.2
45,0,11.52,-12.31,-53.14
45,0,11.56,-14.26,-55.11
45,0,11.6,-13.91,-54.78
45,0,11.64,-15.436,-56.39
45,0,11.68,-13.022,-54.06
45,0,11.72,-11.828,-52.92
45,0,11.76,-11.324,-52.44
45,0,11.8,-12.24,-53.38
45,0,11.84,-13.806,-54.89
45,0,11.88,-12.882,-53.91
45,0,11.92,-11.284,-52.41
45,0,11.96,-11.042,-52.42
45,0,12,-10.25,-51.88
46,0,8,-18.67,-53.29
46,0,8.04,-21.648,-56.36
46,0,8.08,-24.646,-59.45
46,0,8.12,-32.672,-67.56
46,0,8.16,-36.906,-71.87
46,0,8.2,-28.99,-64.03
46,0,8.24,-24.032,-59.14
46,0,8.28,-23.904,-59.08
46,0,8.32,-25.786,-61.03
46,0,8.36,-26.568,-61.88
46,0,8.4,-27.14,-62.52
46,0,8.44,-28.202,-63.79
46,0,8.48,-25.024,-60.82
46,0,8.52,-25.904,-61.93
46,0,8.56,-26.892,-63.17
46,0,8.6,-24.71,-61.24
46,0,8.64,-23.654,-60.5
46,0,8.68,-24.108,-61.27
46,0,8.72,-22.488,-59.79
46,0,8.76,-22.544,-59.81
46,0,8.8,-25.75,-62.98
46,0,8.84,-21.414,-58.6
46,0,8.88,-21.398,-58.54
46,0,8.92,-23.024,-60.23
46,0,8.96,-21.482,-58.86
46,0,9,-20.34,-57.89
46,0,9.04,-21.984,-59.77
46,0,9.08,-20.948,-58.97
46,0,9.12,-19.206,-57.49
46,0,9.16,-19.968,-58.54
46,0,9.2,-20.11,-58.97
46,0,9.24,-18.14,-56.74
46,0,9.28,-17.23,-55.57
46,0,9.32,-17.838,-56
46,0,9.36,-20.004,-58.07
46,0,9.4,-20.4,-58.37
46,0,9.44,-17.964,-56.07
46,0,9.48,-18.558,-56.8
46,0,9.52,-20.122,-58.5
46,0,9.56,-20.696,-59.21
46,0,9.6,-21.74,-60.39
46,0,9.64,-19.34,-58.11
46,0,9.68,-24.29,-63.18
46,0,9.72,-22.918,-61.9
46,0,9.76,-22.234,-61.28
46,0,9.8,-21.33,-60.44
46,0,9.84,-22.226,-61.34
46,0,9.88,-19.932,-59.05
46,0,9.92,-22.91,-62.02
46,0,9.96,-21.3,-60.39
46,0,10,-20.82,-59.89
46,0,10.04,-21.944,-61.19
46,0,10.08,-21.228,-60.65
46,0,10.12,-21.506,-61.06
46,0,10.16,-23.568,-63.21
46,0,10.2,-23.73,-63.46
46,0,10.24,-24.442,-64.14
46,0,10.28,-27.204,-66.87
46,0,10.32,-24.742,-64.37
46,0,10.36,-29.886,-69.47
46,0,10.4,-27.77,-67.31
46,0,10.44,-25.964,-65.5
46,0,10.48,-20.658,-60.19
46,0,10.52,-19.342,-58.95
46,0,10.56,-19.506,-59.27
46,0,10.6,-20.03,-59.95
46,0,10.64,-24.688,-64.7
46,0,10.68,-29.826,-69.93
46,0,10.72,-34.526,-74.7
46,0,10.76,-25.708,-65.93
46,0,10.8,-19.89,-60.16
46,0,10.84,-19.28,-59.45
46,0,10.88,-18.22,-58.29
46,0,10.92,-18.682,-58.69
46,0,10.96,-23.386,-63.37
46,0,11,-22.85,-62.81
46,0,11.04,-24.486,-64.55
46,0,11.08,-21.702,-61.87
46,0,11.12,-19.506,-59.75
46,0,11.16,-19.198,-59.49
46,0,11.2,-17.81,-58.15
46,0,11.24,-20.008,-60.4
46,0,11.28,-21.376,-61.82
46,0,11.32,-24.004,-64.52
46,0,11.36,-21.502,-62.11
46,0,11.4,-16.3,-57
46,0,11.44,-16.722,-57.47
46,0,11.48,-15.324,-56.12
46,0,11.52,-13.32,-54.15
46,0,11.56,-13.28,-54.13
46,0,11.6,-13.45,-54.32
46,0,11.64,-16.676,-57.63
46,0,11.68,-14.272,-55.31
46,0,11.72,-13.818,-54.91
46,0,11.76,-12.814,-53.93
46,0,11.8,-13.02,-54.16
46,0,11.84,-12.876,-53.96
46,0,11.88,-11.802,-52.83
46,0,11.92,-12.284,-53.41
46,0,11.96,-11.382,-52.76
46,0,12,-11.36,-52.99
47,0,8,-20.47,-55.09
47,0,8.04,-21.868,-56.58
47,0,8.08,-26.116,-60.92
47,0,8.12,-50.332,-85.22
47,0,8.16,-31.386,-66.35
47,0,8.2,-27.02,-62.06
47,0,8.24,-23.632,-58.74
47,0,8.28,-22.934,-58.11
47,0,8.32,-26.126,-61.37
47,0,8.36,-27.498,-62.81
47,0,8.4,-29.14,-64.52
47,0,8.44,-30.932,-66.52
47,0,8.48,-31.384,-67.18
47,0,8.52,-28.144,-64.17
47,0,8.56,-44.772,-81.05
47,0,8.6,-31.02,-67.55
47,0,8.64,-27.124,-63.97
47,0,8.68,-26.968,-64.13
47,0,8.72,-24.658,-61.96
47,0,8.76,-24.034,-61.3
47,0,8.8,-23.63,-60.86
47,0,8.84,-24.334,-61.52
47,0,8.88,-21.458,-58.6
47,0,8.92,-22.654,-59.86
47,0,8.96,-20.142,-57.52
47,0,9,-19.8,-57.35
47,0,9.04,-20.494,-58.28
47,0,9.08,-22.258,-60.28
47,0,9.12,-19.886,-58.17
47,0,9.16,-20.898,-59.47
47,0,9.2,-20.49,-59.35
47,0,9.24,-18.07,-56.67
47,0,9.28,-18.43,-56.77
47,0,9.32,-20.608,-58.77
47,0,9.36,-21.064,-59.13
47,0,9.4,-21.48,-59.45
47,0,9.44,-19.824,-57.93
47,0,9.48,-18.018,-56.26
47,0,9.52,-17.892,-56.27
47,0,9.56,-20.806,-59.32
47,0,9.6,-19.64,-58.29
47,0,9.64,-18.49,-57.26
47,0,9.68,-21.5,-60.39
47,0,9.72,-21.248,-60.23
47,0,9.76,-21.084,-60.13
47,0,9.8,-19.81,-58.92
47,0,9.84,-20.496,-59.61
47,0,9.88,-21.472,-60.59
47,0,9.92,-22.1,-61.21
47,0,9.96,-22,-61.09
47,0,10,-22.76,-61.83
47,0,10.04,-25.914,-65.16
47,0,10.08,-23.758,-63.18
47,0,10.12,-26.566,-66.12
47,0,10.16,-23.428,-63.07
47,0,10.2,-22.73,-62.46
47,0,10.24,-20.712,-60.41
47,0,10.28,-19.974,-59.64
47,0,10.32,-24.142,-63.77
47,0,10.36,-33.646,-73.23
47,0,10.4,-36.22,-75.76
47,0,10.44,-25.434,-64.97
47,0,10.48,-19.988,-59.52
47,0,10.52,-20.622,-60.23
47,0,10.56,-20.006,-59.77
47,0,10.6,-21.95,-61.87
47,0,10.64,-22.088,-62.1
47,0,10.68,-25.236,-65.34
47,0,10.72,-30.396,-70.57
47,0,10.76,-34.378,-74.6
47,0,10.8,-24.41,-64.68
47,0,10.84,-20.74,-60.91
47,0,10.88,-19.52,-59.59
47,0,10.92,-17.642,-57.65
47,0,10.96,-18.666,-58.65
47,0,11,-21.11,-61.07
47,0,11.04,-23.236,-63.3
47,0,11.08,-21.382,-61.55
47,0,11.12,-22.676,-62.92
47,0,11.16,-21.668,-61.96
47,0,11.2,-18.43,-58.77
47,0,11.24,-18.018,-58.41
47,0,11.28,-18.756,-59.2
47,0,11.32,-24.674,-65.19
47,0,11.36,-25.622,-66.23
47,0,11.4,-21.9,-62.6
47,0,11.44,-18.762,-59.51
47,0,11.48,-18.404,-59.2
47,0,11.52,-16.89,-57.72
47,0,11.56,-16.68,-57.53
47,0,11.6,-15.73,-56.6
47,0,11.64,-15.566,-56.52
47,0,11.68,-15.442,-56.48
47,0,11.72,-16.428,-57.52
47,0,11.76,-15.224,-56.34
47,0,11.8,-15.73,-56.87
47,0,11.84,-14.656,-55.74
47,0,11.88,-13.142,-54.17
47,0,11.92,-12.214,-53.34
47,0,11.96,-12.662,-54.04
47,0,12,-11.5,-53.13
48,0,8,-22.38,-57
48,0,8.04,-24.028,-58.74
48,0,8.08,-26.126,-60.93
48,0,8.12,-41.302,-76.19
48,0,8.16,-29.736,-64.7
48,0,8.2,-27.69,-62.73
48,0,8.24,-24.912,-60.02
48,0,8.28,-26.364,-61.54
48,0,8.32,-27.166,-62.41
48,0,8.36,-30.438,-65.75
48,0,8.4,-38.25,-73.63
48,0,8.44,-40.032,-75.62
48,0,8.48,-34.844,-70.64
48,0,8.52,-28.964,-64.99
48,0,8.56,-33.722,-70
48,0,8.6,-37.72,-74.25
48,0,8.64,-43.194,-80.04
48,0,8.68,-36.528,-73.69
48,0,8.72,-25.758,-63.06
48,0,8.76,-23.154,-60.42
48,0,8.8,-25.83,-63.06
48,0,8.84,-25.924,-63.11
48,0,8.88,-25.078,-62.22
48,0,8.92,-23.024,-60.23
48,0,8.96,-21.752,-59.13
48,0,9,-19.89,-57.44
48,0,9.04,-19.794,-57.58
48,0,9.08,-20.968,-58.99
48,0,9.12,-21.706,-59.99
48,0,9.16,-19.248,-57.82
48,0,9.2,-18.03,-56.89
48,0,9.24,-17.64,-56.24
48,0,9.28,-17.54,-55.88
48,0,9.32,-22.288,-60.45
48,0,9.36,-24.504,-62.57
48,0,9.4,-22.86,-60.83
48,0,9.44,-20.644,-58.75
48,0,9.48,-20.728,-58.97
48,0,9.52,-19.752,-58.13
48,0,9.56,-21.986,-60.5
48,0,9.6,-20.68,-59.33
48,0,9.64,-19.04,-57.81
48,0,9.68,-18.69,-57.58
48,0,9.72,-20.098,-59.08
48,0,9.76,-19.904,-58.95
48,0,9.8,-20.43,-59.54
48,0,9.84,-20.866,-59.98
48,0,9.88,-19.942,-59.06
48,0,9.92,-20.82,-59.93
48,0,9.96,-19.25,-58.34
48,0,10,-19.64,-58.71
48,0,10.04,-21.984,-61.23
48,0,10.08,-24.878,-64.3
48,0,10.12,-27.266,-66.82
48,0,10.16,-24.128,-63.77
48,0,10.2,-21.22,-60.95
48,0,10.24,-19.612,-59.31
48,0,10.28,-19.334,-59
48,0,10.32,-23.802,-63.43
48,0,10.36,-27.106,-66.69
48,0,10.4,-27.78,-67.32
48,0,10.44,-26.184,-65.72
48,0,10.48,-20.978,-60.51
48,0,10.52,-22.742,-62.35
48,0,10.56,-20.026,-59.79
48,0,10.6,-21.22,-61.14
48,0,10.64,-22.628,-62.64
48,0,10.68,-22.926,-63.03
48,0,10.72,-23.876,-64.05
48,0,10.76,-32.578,-72.8
48,0,10.8,-33.03,-73.3
48,0,10.84,-28.31,-68.48
48,0,10.88,-21.35,-61.42
48,0,10.92,-20.472,-60.48
48,0,10.96,-19.396,-59.38
48,0,11,-21.05,-61.01
48,0,11.04,-23.986,-64.05
48,0,11.08,-22.222,-62.39
48,0,11.12,-20.536,-60.78
48,0,11.16,-20.678,-60.97
48,0,11.2,-18.25,-58.59
48,0,11.24,-16.188,-56.58
48,0,11.28,-18.566,-59.01
48,0,11.32,-20.984,-61.5
48,0,11.36,-28.882,-69.49
48,0,11.4,-24.68,-65.38
48,0,11.44,-20.142,-60.89
48,0,11.48,-18.494,-59.29
48,0,11.52,-20,-60.83
48,0,11.56,-18.95,-59.8
48,0,11.6,-17.27,-58.14
48,0,11.64,-15.276,-56.23
48,0,11.68,-15.872,-56.91
48,0,11.72,-17.238,-58.33
48,0,11.76,-17.284,-58.4
48,0,11.8,-15.93,-57.07
48,0,11.84,-16.786,-57.87
48,0,11.88,-14.842,-55.87
48,0,11.92,-13.464,-54.59
48,0,11.96,-12.532,-53.91
48,0,12,-12.57,-54.2
49,0,8,-24.96,-59.58
49,0,8.04,-26.468,-61.18
49,0,8.08,-27.846,-62.65
49,0,8.12,-33.822,-68.71
49,0,8.16,-28.366,-63.33
49,0,8.2,-29.14,-64.18
49,0,8.24,-26.672,-61.78
49,0,8.28,-24.324,-59.5
49,0,8.32,-29.086,-64.33
49,0,8.36,-34.548,-69.86
49,0,8.4,-36.09,-71.47
49,0,8.44,-31.932,-67.52
49,0,8.48,-33.204,-69
49,0,8.52,-31.344,-67.37
49,0,8.56,-31.062,-67.34
49,0,8.6,-31.82,-68.35
49,0,8.64,-33.194,-70.04
49,0,8.68,-43.068,-80.23
49,0,8.72,-29.128,-66.43
49,0,8.76,-24.454,-61.72
49,0,8.8,-27.44,-64.67
49,0,8.84,-30.904,-68.09
49,0,8.88,-26.658,-63.8
49,0,8.92,-24.354,-61.56
49,0,8.96,-22.802,-60.18
49,0,9,-21.68,-59.23
49,0,9.04,-23.184,-60.97
49,0,9.08,-23.708,-61.73
49,0,9.12,-23.306,-61.59
49,0,9.16,-20.588,-59.16
49,0,9.2,-17.07,-55.93
49,0,9.24,-16.95,-55.55
49,0,9.28,-17.78,-56.12
49,0,9.32,-20.698,-58.86
49,0,9.36,-21.654,-59.72
49,0,9.4,-22.89,-60.86
49,0,9.44,-22.584,-60.69
49,0,9.48,-23.198,-61.44
49,0,9.52,-21.492,-59.87
49,0,9.56,-20.636,-59.15
49,0,9.6,-23.2,-61.85
49,0,9.64,-20.77,-59.54
49,0,9.68,-20,-58.89
49,0,9.72,-17.728,-56.71
49,0,9.76,-18.774,-57.82
49,0,9.8,-19.64,-58.75
49,0,9.84,-20.346,-59.46
49,0,9.88,-20.022,-59.14
49,0,9.92,-18.1,-57.21
49,0,9.96,-18.01,-57.1
49,0,10,-18.34,-57.41
49,0,10.04,-18.924,-58.17
49,0,10.08,-19.148,-58.57
49,0,10.12,-24.056,-63.61
49,0,10.16,-26.628,-66.27
49,0,10.2,-27.2,-66.93
49,0,10.24,-22.512,-62.21
49,0,10.28,-21.604,-61.27
49,0,10.32,-21.402,-61.03
49,0,10.36,-29.036,-68.62
49,0,10.4,-28.08,-67.62
49,0,10.44,-24.844,-64.38
49,0,10.48,-21.748,-61.28
49,0,10.52,-21.162,-60.77
49,0,10.56,-22.666,-62.43
49,0,10.6,-21.16,-61.08
49,0,10.64,-21.168,-61.18
49,0,10.68,-23.096,-63.2
49,0,10.72,-24.496,-64.67
49,0,10.76,-23.608,-63.83
49,0,10.8,-32.25,-72.52
49,0,10.84,-35.83,-76
49,0,10.88,-27.8,-67.87
49,0,10.92,-24.522,-64.53
49,0,10.96,-23.596,-63.58
49,0,11,-23.28,-63.24
49,0,11.04,-23.066,-63.13
49,0,11.08,-20.422,-60.59
49,0,11.12,-22.506,-62.75
49,0,11.16,-23.648,-63.94
49,0,11.2,-19.41,-59.75
49,0,11.24,-19.718,-60.11
49,0,11.28,-20.736,-61.18
49,0,11.32,-20.744,-61.26
49,0,11.36,-27.082,-67.69
49,0,11.4,-21.83,-62.53
49,0,11.44,-19.832,-60.58
49,0,11.48,-18.234,-59.03
49,0,11.52,-18.66,-59.49
49,0,11.56,-17.67,-58.52
49,0,11.6,-19.75,-60.62
49,0,11.64,-17.516,-58.47
49,0,11.68,-17.292,-58.33
49,0,11.72,-16.488,-57.58
49,0,11.76,-16.084,-57.2
49,0,11.8,-16.29,-57.43
49,0,11.84,-18.026,-59.11
49,0,11.88,-18.192,-59.22
49,0,11.92,-16.064,-57.19
49,0,11.96,-14.342,-55.72
49,0,12,-13.52,-55.15
50,0,8,-22.67,-57.29
50,0,8.04,-24.568,-59.28
50,0,8.08,-26.576,-61.38
50,0,8.12,-31.332,-66.22
50,0,8.16,-36.806,-71.77
50,0,8.2,-30.41,-65.45
50,0,8.24,-27.442,-62.55
50,0,8.28,-28.344,-63.52
50,0,8.32,-25.806,-61.05
50,0,8.36,-33.408,-68.72
50,0,8.4,-40.67,-76.05
50,0,8.44,-33.152,-68.74
50,0,8.48,-34.714,-70.51
50,0,8.52,-31.554,-67.58
50,0,8.56,-33.122,-69.4
50,0,8.6,-28.46,-64.99
50,0,8.64,-30.454,-67.3
50,0,8.68,-30.488,-67.65
50,0,8.72,-29.408,-66.71
50,0,8.76,-25.984,-63.25
50,0,8.8,-24.25,-61.48
50,0,8.84,-29.924,-67.11
50,0,8.88,-25.768,-62.91
50,0,8.92,-25.354,-62.56
50,0,8.96,-28.662,-66.04
50,0,9,-23.64,-61.19
50,0,9.04,-26.624,-64.41
50,0,9.08,-28.628,-66.65
50,0,9.12,-22.676,-60.96
50,0,9.16,-20.888,-59.46
50,0,9.2,-19.33,-58.19
50,0,9.24,-17.82,-56.42
50,0,9.28,-18.24,-56.58
50,0,9.32,-18.678,-56.84
50,0,9.36,-19.594,-57.66
50,0,9.4,-21.06,-59.03
50,0,9.44,-22.824,-60.93
50,0,9.48,-23.828,-62.07
50,0,9.52,-23.812,-62.19
50,0,9.56,-24.066,-62.58
50,0,9.6,-23.31,-61.96
50,0,9.64,-24.76,-63.53
50,0,9.68,-21.65,-60.54
50,0,9.72,-19.618,-58.6
50,0,9.76,-19.914,-58.96
50,0,9.8,-18.64,-57.75
50,0,9.84,-21.256,-60.37
50,0,9.88,-22.482,-61.6
50,0,9.92,-20.54,-59.65
50,0,9.96,-18.89,-57.98
50,0,10,-17.23,-56.3
50,0,10.04,-17.544,-56.79
50,0,10.08,-18.258,-57.68
50,0,10.12,-22.846,-62.4
50,0,10.16,-28.488,-68.13
50,0,10.2,-24.22,-63.95
50,0,10.24,-22.802,-62.5
50,0,10.28,-21.634,-61.3
50,0,10.32,-22.732,-62.36
50,0,10.36,-33.786,-73.37
50,0,10.4,-29.53,-69.07
50,0,10.44,-21.434,-60.97
50,0,10.48,-21.608,-61.14
50,0,10.52,-19.942,-59.55
50,0,10.56,-19.636,-59.4
50,0,10.6,-21.52,-61.44
50,0,10.64,-21.628,-61.64
50,0,10.68,-26.726,-66.83
50,0,10.72,-22.686,-62.86
50,0,10.76,-24.678,-64.9
50,0,10.8,-33.35,-73.62
50,0,10.84,-37.19,-77.36
50,0,10.88,-42.5,-82.57
50,0,10.92,-35.162,-75.17
50,0,10.96,-27.996,-67.98
50,0,11,-29.72,-69.68
50,0,11.04,-24.906,-64.97
50,0,11.08,-21.412,-61.58
50,0,11.12,-21.026,-61.27
50,0,11.16,-27.468,-67.76
50,0,11.2,-23.16,-63.5
50,0,11.24,-21.228,-61.62
50,0,11.28,-24.786,-65.23
50,0,11.32,-23.304,-63.82
50,0,11.36,-26.822,-67.43
50,0,11.4,-26.05,-66.75
50,0,11.44,-19.732,-60.48
50,0,11.48,-18.724,-59.52
50,0,11.52,-17.61,-58.44
50,0,11.56,-15.29,-56.14
50,0,11.6,-17.21,-58.08
50,0,11.64,-18.556,-59.51
50,0,11.68,-18.022,-59.06
50,0,11.72,-16.288,-57.38
50,0,11.76,-16.974,-58.09
50,0,11.8,-16.82,-57.96
50,0,11.84,-17.126,-58.21
50,0,11.88,-19.082,-60.11
50,0,11.92,-18.274,-59.4
50,0,11.96,-16.412,-57.79
50,0,12,-14.05,-55.68
51,0,8,-20.97,-55.59
51,0,8.04,-23.668,-58.38
51,0,8.08,-25.676,-60.48
51,0,8.12,-34.582,-69.47
51,0,8.16,-28.986,-63.95
51,0,8.2,-31.86,-66.9
51,0,8.24,-27.122,-62.23
51,0,8.28,-26.624,-61.8
51,0,8.32,-29.026,-64.27
51,0,8.36,-30.828,-66.14
51,0,8.4,-28.9,-64.28
51,0,8.44,-31.272,-66.86
51,0,8.48,-35.304,-71.1
51,0,8.52,-30.554,-66.58
51,0,8.56,-27.562,-63.84
51,0,8.6,-30.01,-66.54
51,0,8.64,-27.484,-64.33
51,0,8.68,-25.788,-62.95
51,0,8.72,-25.058,-62.36
51,0,8.76,-27.934,-65.2
51,0,8.8,-23.15,-60.38
51,0,8.84,-25.164,-62.35
51,0,8.88,-24.888,-62.03
51,0,8.92,-24.924,-62.13
51,0,8.96,-27.382,-64.76
51,0,9,-39.95,-77.5
51,0,9.04,-34.544,-72.33
51,0,9.08,-31.468,-69.49
51,0,9.12,-24.646,-62.93
51,0,9.16,-22.008,-60.58
51,0,9.2,-21.18,-60.04
51,0,9.24,-19.1,-57.7
51,0,9.28,-19.12,-57.46
51,0,9.32,-21.548,-59.71
51,0,9.36,-18.504,-56.57
51,0,9.4,-20.79,-58.76
51,0,9.44,-20.664,-58.77
51,0,9.48,-22.228,-60.47
51,0,9.52,-23.102,-61.48
51,0,9.56,-20.266,-58.78
51,0,9.6,-23.76,-62.41
51,0,9.64,-27.7,-66.47
51,0,9.68,-23.38,-62.27
51,0,9.72,-22.888,-61.87
51,0,9.76,-21.224,-60.27
51,0,9.8,-20.77,-59.88
51,0,9.84,-23.206,-62.32
51,0,9.88,-21.202,-60.32
51,0,9.92,-20.92,-60.03
51,0,9.96,-20.27,-59.36
51,0,10,-18.7,-57.77
51,0,10.04,-19.354,-58.6
51,0,10.08,-19.328,-58.75
51,0,10.12,-20.036,-59.59
51,0,10.16,-22.758,-62.4
51,0,10.2,-21.4,-61.13
51,0,10.24,-22.052,-61.75
51,0,10.28,-22.224,-61.89
51,0,10.32,-24.752,-64.38
51,0,10.36,-29.856,-69.44
51,0,10.4,-30.99,-70.53
51,0,10.44,-23.434,-62.97
51,0,10.48,-22.208,-61.74
51,0,10.52,-19.932,-59.54
51,0,10.56,-18.676,-58.44
51,0,10.6,-18.88,-58.8
51,0,10.64,-21.118,-61.13
51,0,10.68,-21.496,-61.6
51,0,10.72,-24.706,-64.88
51,0,10.76,-25.288,-65.51
51,0,10.8,-25.49,-65.76
51,0,10.84,-28.62,-68.79
51,0,10.88,-31.13,-71.2
51,0,10.92,-34.012,-74.02
51,0,10.96,-34.816,-74.8
51,0,11,-34.86,-74.82
51,0,11.04,-28.986,-69.05
51,0,11.08,-23.142,-63.31
51,0,11.12,-20.756,-61
51,0,11.16,-26.138,-66.43
51,0,11.2,-22.14,-62.48
51,0,11.24,-21.948,-62.34
51,0,11.28,-26.396,-66.84
51,0,11.32,-25.234,-65.75
51,0,11.36,-31.622,-72.23
51,0,11.4,-28.9,-69.6
51,0,11.44,-23.402,-64.15
51,0,11.48,-20.374,-61.17
51,0,11.52,-18.99,-59.82
51,0,11.56,-16.58,-57.43
51,0,11.6,-17.39,-58.26
51,0,11.64,-19.416,-60.37
51,0,11.68,-20.302,-61.34
51,0,11.72,-19.298,-60.39
51,0,11.76,-19.014,-60.13
51,0,11.8,-18.27,-59.41
51,0,11.84,-19.096,-60.18
51,0,11.88,-21.502,-62.53
51,0,11.92,-18.904,-60.03
51,0,11.96,-17.072,-58.45
51,0,12,-14.71,-56.34
52,0,8,-20.06,-54.68
52,0,8.04,-21.428,-56.14
52,0,8.08,-28.376,-63.18
52,0,8.12,-32.562,-67.45
52,0,8.16,-27.126,-62.09
52,0,8.2,-30.21,-65.25
52,0,8.24,-26.502,-61.61
52,0,8.28,-29.364,-64.54
52,0,8.32,-29.826,-65.07
52,0,8.36,-25.498,-60.81
52,0,8.4,-28.43,-63.81
52,0,8.44,-28.852,-64.44
52,0,8.48,-28.114,-63.91
52,0,8.52,-32.864,-68.89
52,0,8.56,-38.782,-75.06
52,0,8.6,-29.1,-65.63
52,0,8.64,-25.814,-62.66
52,0,8.68,-23.578,-60.74
52,0,8.72,-23.648,-60.95
52,0,8.76,-25.534,-62.8
52,0,8.8,-28.13,-65.36
52,0,8.84,-25.874,-63.06
52,0,8.88,-24.428,-61.57
52,0,8.92,-26.394,-63.6
52,0,8.96,-30.392,-67.77
52,0,9,-27.65,-65.2
52,0,9.04,-32.594,-70.38
52,0,9.08,-37.408,-75.43
52,0,9.12,-26.386,-64.67
52,0,9.16,-21.728,-60.3
52,0,9.2,-23.51,-62.37
52,0,9.24,-22.41,-61.01
52,0,9.28,-21.24,-59.58
52,0,9.32,-24.748,-62.91
52,0,9.36,-22.134,-60.2
52,0,9.4,-20.17,-58.14
52,0,9.44,-19.984,-58.09
52,0,9.48,-21.928,-60.17
52,0,9.52,-21.032,-59.41
52,0,9.56,-20.786,-59.3
52,0,9.6,-21.26,-59.91
52,0,9.64,-23.64,-62.41
52,0,9.68,-24.96,-63.85
52,0,9.72,-22.078,-61.06
52,0,9.76,-21.944,-60.99
52,0,9.8,-22.68,-61.79
52,0,9.84,-23.066,-62.18
52,0,9.88,-22.442,-61.56
52,0,9.92,-21.16,-60.27
52,0,9.96,-19.43,-58.52
52,0,10,-20.2,-59.27
52,0,10.04,-21.094,-60.34
52,0,10.08,-19.968,-59.39
52,0,10.12,-21.906,-61.46
52,0,10.16,-21.888,-61.53
52,0,10.2,-20.75,-60.48
52,0,10.24,-19.932,-59.63
52,0,10.28,-21.154,-60.82
52,0,10.32,-21.782,-61.41
52,0,10.36,-26.296,-65.88
52,0,10.4,-31.5,-71.04
52,0,10.44,-37.694,-77.23
52,0,10.48,-27.348,-66.88
52,0,10.52,-20.202,-59.81
52,0,10.56,-19.516,-59.28
52,0,10.6,-17.87,-57.79
52,0,10.64,-19.258,-59.27
52,0,10.68,-21.936,-62.04
52,0,10.72,-22.486,-62.66
52,0,10.76,-20.428,-60.65
52,0,10.8,-24.26,-64.53
52,0,10.84,-28.6,-68.77
52,0,10.88,-32.05,-72.12
52,0,10.92,-27.162,-67.17
52,0,10.96,-33.636,-73.62
52,0,11,-30.24,-70.2
52,0,11.04,-31.526,-71.59
52,0,11.08,-26.962,-67.13
52,0,11.12,-27.006,-67.25
52,0,11.16,-35.658,-75.95
52,0,11.2,-25.89,-66.23
52,0,11.24,-23.768,-64.16
52,0,11.28,-21.966,-62.41
52,0,11.32,-28.184,-68.7
52,0,11.36,-31.782,-72.39
52,0,11.4,-31.48,-72.18
52,0,11.44,-23.692,-64.44
52,0,11.48,-20.594,-61.39
52,0,11.52,-20.65,-61.48
52,0,11.56,-21.61,-62.46
52,0,11.6,-18.96,-59.83
52,0,11.64,-20.996,-61.95
52,0,11.68,-20.412,-61.45
52,0,11.72,-19.778,-60.87
52,0,11.76,-21.914,-63.03
52,0,11.8,-22.55,-63.69
52,0,11.84,-21.016,-62.1
52,0,11.88,-30.012,-71.04
52,0,11.92,-19.384,-60.51
52,0,11.96,-17.642,-59.02
52,0,12,-16.71,-58.34
53,0,8,-19.84,-54.46
53,0,8.04,-22.328,-57.04
53,0,8.08,-26.906,-61.71
53,0,8.12,-33.972,-68.86
53,0,8.16,-25.766,-60.73
53,0,8.2,-27.49,-62.53
53,0,8.24,-27.242,-62.35
53,0,8.28,-25.824,-61
53,0,8.32,-29.736,-64.98
53,0,8.36,-25.498,-60.81
53,0,8.4,-28.14,-63.52
53,0,8.44,-26.722,-62.31
53,0,8.48,-29.894,-65.69
53,0,8.52,-35.454,-71.48
53,0,8.56,-31.442,-67.72
53,0,8.6,-36.57,-73.1
53,0,8.64,-26.884,-63.73
53,0,8.68,-24.518,-61.68
53,0,8.72,-22.558,-59.86
53,0,8.76,-22.674,-59.94
53,0,8.8,-28.55,-65.78
53,0,8.84,-33.034,-70.22
53,0,8.88,-27.538,-64.68
53,0,8.92,-22.754,-59.96
53,0,8.96,-25.582,-62.96
53,0,9,-27.01,-64.56
53,0,9.04,-28.434,-66.22
53,0,9.08,-36.128,-74.15
53,0,9.12,-26.846,-65.13
53,0,9.16,-21.538,-60.11
53,0,9.2,-21.94,-60.8
53,0,9.24,-25.45,-64.05
53,0,9.28,-22.98,-61.32
53,0,9.32,-22.158,-60.32
53,0,9.36,-23.114,-61.18
53,0,9.4,-26.16,-64.13
53,0,9.44,-23.064,-61.17
53,0,9.48,-23.368,-61.61
53,0,9.52,-20.412,-58.79
53,0,9.56,-21.706,-60.22
53,0,9.6,-27.11,-65.76
53,0,9.64,-22.11,-60.88
53,0,9.68,-23.78,-62.67
53,0,9.72,-20.438,-59.42
53,0,9.76,-21.114,-60.16
53,0,9.8,-21.55,-60.66
53,0,9.84,-20.886,-60
53,0,9.88,-20.022,-59.14
53,0,9.92,-20.49,-59.6
53,0,9.96,-19.84,-58.93
53,0,10,-20.27,-59.34
53,0,10.04,-21.854,-61.1
53,0,10.08,-25.588,-65.01
53,0,10.12,-21.766,-61.32
53,0,10.16,-20.888,-60.53
53,0,10.2,-18.68,-58.41
53,0,10.24,-20.272,-59.97
53,0,10.28,-23.684,-63.35
53,0,10.32,-23.922,-63.55
53,0,10.36,-22.976,-62.56
53,0,10.4,-26.75,-66.29
53,0,10.44,-27.374,-66.91
53,0,10.48,-28.278,-67.81
53,0,10.52,-22.622,-62.23
53,0,10.56,-21.656,-61.42
53,0,10.6,-19.86,-59.78
53,0,10.64,-18.608,-58.62
53,0,10.68,-21.586,-61.69
53,0,10.72,-21.956,-62.13
53,0,10.76,-22.358,-62.58
53,0,10.8,-22.72,-62.99
53,0,10.84,-26.16,-66.33
53,0,10.88,-25.7,-65.77
53,0,10.92,-24.602,-64.61
53,0,10.96,-28.936,-68.92
53,0,11,-35.17,-75.13
53,0,11.04,-57.986,-98.05
53,0,11.08,-24.842,-65.01
53,0,11.12,-28.446,-68.69
53,0,11.16,-27.358,-67.65
53,0,11.2,-33.44,-73.78
53,0,11.24,-35.808,-76.2
53,0,11.28,-33.646,-74.09
53,0,11.32,-31.784,-72.3
53,0,11.36,-31.842,-72.45
53,0,11.4,-27.05,-67.75
53,0,11.44,-23.252,-64
53,0,11.48,-20.394,-61.19
53,0,11.52,-21.71,-62.54
53,0,11.56,-20.28,-61.13
53,0,11.6,-21.07,-61.94
53,0,11.64,-26.036,-66.99
53,0,11.68,-25.122,-66.16
53,0,11.72,-19.908,-61
53,0,11.76,-19.374,-60.49
53,0,11.8,-31.64,-72.78
53,0,11.84,-32.726,-73.81
53,0,11.88,-31.542,-72.57
53,0,11.92,-22.154,-63.28
53,0,11.96,-17.912,-59.29
53,0,12,-17.31,-58.94
54,0,8,-22.09,-56.71
54,0,8.04,-23.598,-58.31
54,0,8.08,-30.716,-65.52
54,0,8.12,-28.722,-63.61
54,0,8.16,-26.196,-61.16
54,0,8.2,-26.8,-61.84
54,0,8.24,-23.582,-58.69
54,0,8.28,-23.064,-58.24
54,0,8.32,-26.026,-61.27
54,0,8.36,-27.518,-62.83
54,0,8.4,-28.41,-63.79
54,0,8.44,-36.862,-72.45
54,0,8.48,-43.464,-79.26
54,0,8.52,-36.084,-72.11
54,0,8.56,-37.262,-73.54
54,0,8.6,-39.35,-75.88
54,0,8.64,-31.204,-68.05
54,0,8.68,-26.378,-63.54
54,0,8.72,-23.988,-61.29
54,0,8.76,-22.134,-59.4
54,0,8.8,-25.92,-63.15
54,0,8.84,-30.144,-67.33
54,0,8.88,-25.778,-62.92
54,0,8.92,-25.644,-62.85
54,0,8.96,-23.502,-60.88
54,0,9,-23.49,-61.04
54,0,9.04,-33.034,-70.82
54,0,9.08,-33.468,-71.49
54,0,9.12,-31.296,-69.58
54,0,9.16,-22.988,-61.56
54,0,9.2,-24.15,-63.01
54,0,9.24,-25.41,-64.01
54,0,9.28,-20.96,-59.3
54,0,9.32,-19.528,-57.69
54,0,9.36,-20.854,-58.92
54,0,9.4,-25.41,-63.38
54,0,9.44,-27.244,-65.35
54,0,9.48,-27.908,-66.15
54,0,9.52,-21.982,-60.36
54,0,9.56,-22.346,-60.86
54,0,9.6,-29.19,-67.84
54,0,9.64,-23.62,-62.39
54,0,9.68,-20.55,-59.44
54,0,9.72,-20.278,-59.26
54,0,9.76,-21.344,-60.39
54,0,9.8,-20.43,-59.54
54,0,9.84,-18.456,-57.57
54,0,9.88,-18.312,-57.43
54,0,9.92,-17.84,-56.95
54,0,9.96,-19.8,-58.89
54,0,10,-18.91,-57.98
54,0,10.04,-19.534,-58.78
54,0,10.08,-19.018,-58.44
54,0,10.12,-23.036,-62.59
54,0,10.16,-22.468,-62.11
54,0,10.2,-20.33,-60.06
54,0,10.24,-21.062,-60.76
54,0,10.28,-25.264,-64.93
54,0,10.32,-22.992,-62.62
54,0,10.36,-25.416,-65
54,0,10.4,-24.52,-64.06
54,0,10.44,-24.714,-64.25
54,0,10.48,-26.928,-66.46
54,0,10.52,-37.322,-76.93
54,0,10.56,-25.236,-65
54,0,10.6,-22.7,-62.62
54,0,10.64,-21.008,-61.02
54,0,10.68,-20.156,-60.26
54,0,10.72,-21.446,-61.62
54,0,10.76,-21.228,-61.45
54,0,10.8,-19.66,-59.93
54,0,10.84,-22.32,-62.49
54,0,10.88,-21.5,-61.57
54,0,10.92,-20.262,-60.27
54,0,10.96,-22.506,-62.49
54,0,11,-34.75,-74.71
54,0,11.04,-34.026,-74.09
54,0,11.08,-31.102,-71.27
54,0,11.12,-27.336,-67.58
54,0,11.16,-27.898,-68.19
54,0,11.2,-31.81,-72.15
54,0,11.24,-45.708,-86.1
54,0,11.28,-41.506,-81.95
54,0,11.32,-27.854,-68.37
54,0,11.36,-51.502,-92.11
54,0,11.4,-33,-73.7
54,0,11.44,-26.242,-66.99
54,0,11.48,-21.054,-61.85
54,0,11.52,-21.09,-61.92
54,0,11.56,-22.28,-63.13
54,0,11.6,-22.48,-63.35
54,0,11.64,-26.106,-67.06
54,0,11.68,-24.152,-65.19
54,0,11.72,-20.448,-61.54
54,0,11.76,-24.844,-65.96
54,0,11.8,-30.07,-71.21
54,0,11.84,-30.866,-71.95
54,0,11.88,-36.722,-77.75
54,0,11.92,-23.834,-64.96
54,0,11.96,-19.822,-61.2
54,0,12,-18.38,-60.01
55,0,8,-26.83,-61.45
55,0,8.04,-29.968,-64.68
55,0,8.08,-34.686,-69.49
55,0,8.12,-26.202,-61.09
55,0,8.16,-25.156,-60.12
55,0,8.2,-22.93,-57.97
55,0,8.24,-22.692,-57.8
55,0,8.28,-23.754,-58.93
55,0,8.32,-24.396,-59.64
55,0,8.36,-27.358,-62.67
55,0,8.4,-29.05,-64.43
55,0,8.44,-42.662,-78.25
55,0,8.48,-40.834,-76.63
55,0,8.52,-35.244,-71.27
55,0,8.56,-31.162,-67.44
55,0,8.6,-30.6,-67.13
55,0,8.64,-29.494,-66.34
55,0,8.68,-27.588,-64.75
55,0,8.72,-26.218,-63.52
55,0,8.76,-24.104,-61.37
55,0,8.8,-26.11,-63.34
55,0,8.84,-30.754,-67.94
55,0,8.88,-29.258,-66.4
55,0,8.92,-24.344,-61.55
55,0,8.96,-25.502,-62.88
55,0,9,-27.83,-65.38
55,0,9.04,-31.424,-69.21
55,0,9.08,-50.448,-88.47
55,0,9.12,-29.736,-68.02
55,0,9.16,-24.198,-62.77
55,0,9.2,-22.46,-61.32
55,0,9.24,-25.65,-64.25
55,0,9.28,-23.56,-61.9
55,0,9.32,-19.148,-57.31
55,0,9.36,-20.614,-58.68
55,0,9.4,-24.24,-62.21
55,0,9.44,-32.014,-70.12
55,0,9.48,-30.408,-68.65
55,0,9.52,-24.872,-63.25
55,0,9.56,-24.146,-62.66
55,0,9.6,-27.86,-66.51
55,0,9.64,-28.27,-67.04
55,0,9.68,-22.96,-61.85
55,0,9.72,-21.748,-60.73
55,0,9.76,-22.684,-61.73
55,0,9.8,-20.14,-59.25
55,0,9.84,-18.486,-57.6
55,0,9.88,-19.342,-58.46
55,0,9.92,-17.09,-56.2
55,0,9.96,-18.02,-57.11
55,0,10,-18.8,-57.87
55,0,10.04,-17.064,-56.31
55,0,10.08,-16.178,-55.6
55,0,10.12,-18.976,-58.53
55,0,10.16,-18.748,-58.39
55,0,10.2,-20.56,-60.29
55,0,10.24,-23.012,-62.71
55,0,10.28,-22.314,-61.98
55,0,10.32,-19.692,-59.32
55,0,10.36,-27.016,-66.6
55,0,10.4,-24.38,-63.92
55,0,10.44,-23.944,-63.48
55,0,10.48,-32.798,-72.33
55,0,10.52,-29.002,-68.61
55,0,10.56,-24.926,-64.69
55,0,10.6,-26,-65.92
55,0,10.64,-26.298,-66.31
55,0,10.68,-21.616,-61.72
55,0,10.72,-21.536,-61.71
55,0,10.76,-19.088,-59.31
55,0,10.8,-19.34,-59.61
55,0,10.84,-21.27,-61.44
55,0,10.88,-19.98,-60.05
55,0,10.92,-19.812,-59.82
55,0,10.96,-21.906,-61.89
55,0,11,-25.21,-65.17
55,0,11.04,-27.646,-67.71
55,0,11.08,-32.222,-72.39
55,0,11.12,-29.066,-69.31
55,0,11.16,-27.398,-67.69
55,0,11.2,-22.94,-63.28
55,0,11.24,-24.738,-65.13
55,0,11.28,-25.976,-66.42
55,0,11.32,-24.084,-64.6
55,0,11.36,-27.272,-67.88
55,0,11.4,-27.54,-68.24
55,0,11.44,-25.932,-66.68
55,0,11.48,-23.944,-64.74
55,0,11.52,-23.44,-64.27
55,0,11.56,-24.76,-65.61
55,0,11.6,-24.17,-65.04
55,0,11.64,-28.066,-69.02
55,0,11.68,-34.912,-75.95
55,0,11.72,-33.488,-74.58
55,0,11.76,-39.844,-80.96
55,0,11.8,-34.34,-75.48
55,0,11.84,-33.116,-74.2
55,0,11.88,-31.312,-72.34
55,0,11.92,-26.084,-67.21
55,0,11.96,-20.412,-61.79
55,0,12,-18.75,-60.38
56,0,8,-33.93,-68.55
56,0,8.04,-27.638,-62.35
56,0,8.08,-32.796,-67.6
56,0,8.12,-29.602,-64.49
56,0,8.16,-25.756,-60.72
56,0,8.2,-23.7,-58.74
56,0,8.24,-22.432,-57.54
56,0,8.28,-24.244,-59.42
56,0,8.32,-25.466,-60.71
56,0,8.36,-27.958,-63.27
56,0,8.4,-29.7,-65.08
56,0,8.44,-35.802,-71.39
56,0,8.48,-36.534,-72.33
56,0,8.52,-29.074,-65.1
56,0,8.56,-26.692,-62.97
56,0,8.6,-28.56,-65.09
56,0,8.64,-27.504,-64.35
56,0,8.68,-23.898,-61.06
56,0,8.72,-27.158,-64.46
56,0,8.76,-28.004,-65.27
56,0,8.8,-26.93,-64.16
56,0,8.84,-32.994,-70.18
56,0,8.88,-25.138,-62.28
56,0,8.92,-25.954,-63.16
56,0,8.96,-26.072,-63.45
56,0,9,-24.03,-61.58
56,0,9.04,-29.824,-67.61
56,0,9.08,-39.928,-77.95
56,0,9.12,-28.406,-66.69
56,0,9.16,-28.838,-67.41
56,0,9.2,-26.09,-64.95
56,0,9.24,-26.28,-64.88
56,0,9.28,-22.92,-61.26
56,0,9.32,-19.048,-57.21
56,0,9.36,-21.344,-59.41
56,0,9.4,-21.94,-59.91
56,0,9.44,-27.594,-65.7
56,0,9.48,-32.108,-70.35
56,0,9.52,-28.842,-67.22
56,0,9.56,-27.296,-65.81
56,0,9.6,-28.56,-67.21
56,0,9.64,-29.12,-67.89
56,0,9.68,-28.84,-67.73
56,0,9.72,-25.948,-64.93
56,0,9.76,-24.444,-63.49
56,0,9.8,-22.08,-61.19
56,0,9.84,-19.836,-58.95
56,0,9.88,-19.162,-58.28
56,0,9.92,-17.2,-56.31
56,0,9.96,-17.54,-56.63
56,0,10,-18.2,-57.27
56,0,10.04,-17.094,-56.34
56,0,10.08,-16.728,-56.15
56,0,10.12,-18.396,-57.95
56,0,10.16,-18.718,-58.36
56,0,10.2,-18.74,-58.47
56,0,10.24,-18.292,-57.99
56,0,10.28,-19.214,-58.88
56,0,10.32,-18.962,-58.59
56,0,10.36,-20.756,-60.34
56,0,10.4,-25.29,-64.83
56,0,10.44,-28.064,-67.6
56,0,10.48,-28.218,-67.75
56,0,10.52,-30.152,-69.76
56,0,10.56,-23.676,-63.44
56,0,10.6,-27.56,-67.48
56,0,10.64,-22.368,-62.38
56,0,10.68,-24.816,-64.92
56,0,10.72,-23.986,-64.16
56,0,10.76,-23.148,-63.37
56,0,10.8,-19.58,-59.85
56,0,10.84,-19.64,-59.81
56,0,10.88,-19.86,-59.93
56,0,10.92,-18.102,-58.11
56,0,10.96,-19.916,-59.9
56,0,11,-21.85,-61.81
56,0,11.04,-27.916,-67.98
56,0,11.08,-27.002,-67.17
56,0,11.12,-29.986,-70.23
56,0,11.16,-23.448,-63.74
56,0,11.2,-23.65,-63.99
56,0,11.24,-22.368,-62.76
56,0,11.28,-20.596,-61.04
56,0,11.32,-22.964,-63.48
56,0,11.36,-20.642,-61.25
56,0,11.4,-26.16,-66.86
56,0,11.44,-24.972,-65.72
56,0,11.48,-33.124,-73.92
56,0,11.52,-34.19,-75.02
56,0,11.56,-26.06,-66.91
56,0,11.6,-38.9,-79.77
56,0,11.64,-40.756,-81.71
56,0,11.68,-37.642,-78.68
56,0,11.72,-34.548,-75.64
56,0,11.76,-26.524,-67.64
56,0,11.8,-31.39,-72.53
56,0,11.84,-31.306,-72.39
56,0,11.88,-26.712,-67.74
56,0,11.92,-27.594,-68.72
56,0,11.96,-22.752,-64.13
56,0,12,-19.66,-61.29
57,0,8,-28.49,-63.11
57,0,8.04,-26.588,-61.3
57,0,8.08,-29.576,-64.38
57,0,8.12,-26.072,-60.96
57,0,8.16,-26.246,-61.21
57,0,8.2,-26.51,-61.55
57,0,8.24,-25.422,-60.53
57,0,8.28,-24.314,-59.49
57,0,8.32,-25.656,-60.9
57,0,8.36,-27.468,-62.78
57,0,8.4,-28.31,-63.69
57,0,8.44,-33.262,-68.85
57,0,8.48,-30.754,-66.55
57,0,8.52,-28.704,-64.73
57,0,8.56,-28.672,-64.95
57,0,8.6,-26.39,-62.92
57,0,8.64,-25.704,-62.55
57,0,8.68,-24.318,-61.48
57,0,8.72,-28.248,-65.55
57,0,8.76,-28.854,-66.12
57,0,8.8,-32.59,-69.82
57,0,8.84,-26.434,-63.62
57,0,8.88,-25.738,-62.88
57,0,8.92,-26.444,-63.65
57,0,8.96,-28.252,-65.63
57,0,9,-30.4,-67.95
57,0,9.04,-38.384,-76.17
57,0,9.08,-38.748,-76.77
57,0,9.12,-26.966,-65.25
57,0,9.16,-32.328,-70.9
57,0,9.2,-28.22,-67.08
57,0,9.24,-28.85,-67.45
57,0,9.28,-24.08,-62.42
57,0,9.32,-20.888,-59.05
57,0,9.36,-21.424,-59.49
57,0,9.4,-22.86,-60.83
57,0,9.44,-23.774,-61.88
57,0,9.48,-23.928,-62.17
57,0,9.52,-35.832,-74.21
57,0,9.56,-31.106,-69.62
57,0,9.6,-24.7,-63.35
57,0,9.64,-27.76,-66.53
57,0,9.68,-28.57,-67.46
57,0,9.72,-32.418,-71.4
57,0,9.76,-25.014,-64.06
57,0,9.8,-24.23,-63.34
57,0,9.84,-20.416,-59.53
57,0,9.88,-19.842,-58.96
57,0,9.92,-18.51,-57.62
57,0,9.96,-19.57,-58.66
57,0,10,-19.08,-58.15
57,0,10.04,-18.534,-57.78
57,0,10.08,-17.808,-57.23
57,0,10.12,-17.096,-56.65
57,0,10.16,-18.528,-58.17
57,0,10.2,-16.42,-56.15
57,0,10.24,-18.642,-58.34
57,0,10.28,-17.404,-57.07
57,0,10.32,-18.702,-58.33
57,0,10.36,-20.366,-59.95
57,0,10.4,-25.71,-65.25
57,0,10.44,-26.224,-65.76
57,0,10.48,-32.418,-71.95
57,0,10.52,-26.072,-65.68
57,0,10.56,-23.316,-63.08
57,0,10.6,-23.72,-63.64
57,0,10.64,-23.308,-63.32
57,0,10.68,-24.216,-64.32
57,0,10.72,-23.086,-63.26
57,0,10.76,-25.968,-66.19
57,0,10.8,-22.99,-63.26
57,0,10.84,-22.39,-62.56
57,0,10.88,-19.24,-59.31
57,0,10.92,-18.852,-58.86
57,0,10.96,-20.256,-60.24
57,0,11,-20.93,-60.89
57,0,11.04,-25.836,-65.9
57,0,11.08,-24.462,-64.63
57,0,11.12,-25.736,-65.98
57,0,11.16,-22.148,-62.44
57,0,11.2,-23.46,-63.8
57,0,11.24,-24.438,-64.83
57,0,11.28,-19.566,-60.01
57,0,11.32,-21.744,-62.26
57,0,11.36,-24.452,-65.06
57,0,11.4,-23.94,-64.64
57,0,11.44,-23.232,-63.98
57,0,11.48,-28.794,-69.59
57,0,11.52,-25.14,-65.97
57,0,11.56,-23.02,-63.87
57,0,11.6,-27.24,-68.11
57,0,11.64,-40.166,-81.12
57,0,11.68,-30.862,-71.9
57,0,11.72,-25.488,-66.58
57,0,11.76,-30.574,-71.69
57,0,11.8,-22.76,-63.9
57,0,11.84,-29.296,-70.38
57,0,11.88,-26.132,-67.16
57,0,11.92,-27.104,-68.23
57,0,11.96,-21.382,-62.76
57,0,12,-20.62,-62.25
58,0,8,-27.4,-62.02
58,0,8.04,-26.868,-61.58
58,0,8.08,-28.376,-63.18
58,0,8.12,-27.342,-62.23
58,0,8.16,-26.756,-61.72
58,0,8.2,-28.38,-63.42
58,0,8.24,-29.592,-64.7
58,0,8.28,-28.054,-63.23
58,0,8.32,-26.686,-61.93
58,0,8.36,-29.178,-64.49
58,0,8.4,-29.66,-65.04
58,0,8.44,-34.022,-69.61
58,0,8.48,-32.594,-68.39
58,0,8.52,-29.364,-65.39
58,0,8.56,-26.222,-62.5
58,0,8.6,-25.7,-62.23
58,0,8.64,-24.874,-61.72
58,0,8.68,-25.058,-62.22
58,0,8.72,-31.038,-68.34
58,0,8.76,-35.964,-73.23
58,0,8.8,-32.48,-69.71
58,0,8.84,-39.634,-76.82
58,0,8.88,-28.518,-65.66
58,0,8.92,-30.804,-68.01
58,0,8.96,-32.612,-69.99
58,0,9,-29.33,-66.88
58,0,9.04,-43.104,-80.89
58,0,9.08,-33.228,-71.25
58,0,9.12,-30.246,-68.53
58,0,9.16,-33.438,-72.01
58,0,9.2,-29.56,-68.42
58,0,9.24,-34.73,-73.33
58,0,9.28,-25.64,-63.98
58,0,9.32,-23.528,-61.69
58,0,9.36,-24.344,-62.41
58,0,9.4,-23.28,-61.25
58,0,9.44,-25.744,-63.85
58,0,9.48,-29.308,-67.55
58,0,9.52,-32.262,-70.64
58,0,9.56,-35.486,-74
58,0,9.6,-26.73,-65.38
58,0,9.64,-25.05,-63.82
58,0,9.68,-26.6,-65.49
58,0,9.72,-24.538,-63.52
58,0,9.76,-27.714,-66.76
58,0,9.8,-26.84,-65.95
58,0,9.84,-23.166,-62.28
58,0,9.88,-20.212,-59.33
58,0,9.92,-22.07,-61.18
58,0,9.96,-21.38,-60.47
58,0,10,-22.71,-61.78
58,0,10.04,-20.184,-59.43
58,0,10.08,-19.368,-58.79
58,0,10.12,-16.976,-56.53
58,0,10.16,-18.748,-58.39
58,0,10.2,-15.25,-54.98
58,0,10.24,-17.622,-57.32
58,0,10.28,-18.154,-57.82
58,0,10.32,-19.292,-58.92
58,0,10.36,-20.036,-59.62
58,0,10.4,-28.28,-67.82
58,0,10.44,-23.994,-63.53
58,0,10.48,-26.808,-66.34
58,0,10.52,-24.392,-64
58,0,10.56,-22.926,-62.69
58,0,10.6,-23.4,-63.32
58,0,10.64,-22.588,-62.6
58,0,10.68,-20.436,-60.54
58,0,10.72,-23.526,-63.7
58,0,10.76,-25.648,-65.87
58,0,10.8,-23.84,-64.11
58,0,10.84,-22.17,-62.34
58,0,10.88,-22.98,-63.05
58,0,10.92,-21.952,-61.96
58,0,10.96,-22.076,-62.06
58,0,11,-23.76,-63.72
58,0,11.04,-23.856,-63.92
58,0,11.08,-24.482,-64.65
58,0,11.12,-22.616,-62.86
58,0,11.16,-18.938,-59.23
58,0,11.2,-22.79,-63.13
58,0,11.24,-24.678,-65.07
58,0,11.28,-22.756,-63.2
58,0,11.32,-20.624,-61.14
58,0,11.36,-23.372,-63.98
58,0,11.4,-25.73,-66.43
58,0,11.44,-21.512,-62.26
58,0,11.48,-24.044,-64.84
58,0,11.52,-21.46,-62.29
58,0,11.56,-21.16,-62.01
58,0,11.6,-22.94,-63.81
58,0,11.64,-31.666,-72.62
58,0,11.68,-27.752,-68.79
58,0,11.72,-28.408,-69.5
58,0,11.76,-25.314,-66.43
58,0,11.8,-28.92,-70.06
58,0,11.84,-30.186,-71.27
58,0,11.88,-27.132,-68.16
58,0,11.92,-26.724,-67.85
58,0,11.96,-24.532,-65.91
58,0,12,-25.41,-67.04
59,0,8,-24.73,-59.35
59,0,8.04,-28.688,-63.4
59,0,8.08,-28.726,-63.53
59,0,8.12,-31.912,-66.8
59,0,8.16,-27.396,-62.36
59,0,8.2,-29.19,-64.23
59,0,8.24,-39.912,-75.02
59,0,8.28,-34.134,-69.31
59,0,8.32,-31.196,-66.44
59,0,8.36,-27.248,-62.56
59,0,8.4,-26.94,-62.32
59,0,8.44,-27.062,-62.65
59,0,8.48,-29.244,-65.04
59,0,8.52,-31.424,-67.45
59,0,8.56,-23.822,-60.1
59,0,8.6,-26.96,-63.49
59,0,8.64,-26.474,-63.32
59,0,8.68,-26.478,-63.64
59,0,8.72,-29.068,-66.37
59,0,8.76,-28.154,-65.42
59,0,8.8,-29.75,-66.98
59,0,8.84,-28.594,-65.78
59,0,8.88,-28.328,-65.47
59,0,8.92,-34.954,-72.16
59,0,8.96,-37.272,-74.65
59,0,9,-32.09,-69.64
59,0,9.04,-34.724,-72.51
59,0,9.08,-29.378,-67.4
59,0,9.12,-25.836,-64.12
59,0,9.16,-31.078,-69.65
59,0,9.2,-29.25,-68.11
59,0,9.24,-38.72,-77.32
59,0,9.28,-34.79,-73.13
59,0,9.32,-32.688,-70.85
59,0,9.36,-27.314,-65.38
59,0,9.4,-24.23,-62.2
59,0,9.44,-27.254,-65.36
59,0,9.48,-28.338,-66.58
59,0,9.52,-33.962,-72.34
59,0,9.56,-26.536,-65.05
59,0,9.6,-23.77,-62.42
59,0,9.64,-21.88,-60.65
59,0,9.68,-23.35,-62.24
59,0,9.72,-23.118,-62.1
59,0,9.76,-26.014,-65.06
59,0,9.8,-26.85,-65.96
59,0,9.84,-22.756,-61.87
59,0,9.88,-21.322,-60.44
59,0,9.92,-21.93,-61.04
59,0,9.96,-23.18,-62.27
59,0,10,-24.28,-63.35
59,0,10.04,-20.564,-59.81
59,0,10.08,-21.888,-61.31
59,0,10.12,-19.416,-58.97
59,0,10.16,-19.958,-59.6
59,0,10.2,-17.71,-57.44
59,0,10.24,-17.442,-57.14
59,0,10.28,-16.564,-56.23
59,0,10.32,-21.112,-60.74
59,0,10.36,-22.896,-62.48
59,0,10.4,-27.41,-66.95
59,0,10.44,-22.104,-61.64
59,0,10.48,-20.388,-59.92
59,0,10.52,-26.962,-66.57
59,0,10.56,-23.156,-62.92
59,0,10.6,-22.6,-62.52
59,0,10.64,-21.558,-61.57
59,0,10.68,-18.216,-58.32
59,0,10.72,-22.406,-62.58
59,0,10.76,-22.028,-62.25
59,0,10.8,-22.18,-62.45
59,0,10.84,-22.56,-62.73
59,0,10.88,-22.94,-63.01
59,0,10.92,-22.502,-62.51
59,0,10.96,-23.636,-63.62
59,0,11,-23.39,-63.35
59,0,11.04,-29.486,-69.55
59,0,11.08,-23.172,-63.34
59,0,11.12,-20.266,-60.51
59,0,11.16,-21.878,-62.17
59,0,11.2,-19.14,-59.48
59,0,11.24,-23.608,-64
59,0,11.28,-25.996,-66.44
59,0,11.32,-27.464,-67.98
59,0,11.36,-22.562,-63.17
59,0,11.4,-22.61,-63.31
59,0,11.44,-21.852,-62.6
59,0,11.48,-24.044,-64.84
59,0,11.52,-22.26,-63.09
59,0,11.56,-22.77,-63.62
59,0,11.6,-22.15,-63.02
59,0,11.64,-21.386,-62.34
59,0,11.68,-27.132,-68.17
59,0,11.72,-30.558,-71.65
59,0,11.76,-26.114,-67.23
59,0,11.8,-30.87,-72.01
59,0,11.84,-33.116,-74.2
59,0,11.88,-27.882,-68.91
59,0,11.92,-29.664,-70.79
59,0,11.96,-29.342,-70.72
59,0,12,-28.98,-70.61
60,0,8,-24.72,-59.34
60,0,8.04,-27.678,-62.39
60,0,8.08,-30.406,-65.21
60,0,8.12,-30.152,-65.04
60,0,8.16,-29.886,-64.85
60,0,8.2,-28.85,-63.89
60,0,8.24,-38.192,-73.3
60,0,8.28,-42.904,-78.08
60,0,8.32,-34.786,-70.03
60,0,8.36,-30.448,-65.76
60,0,8.4,-29.13,-64.51
60,0,8.44,-28.132,-63.72
60,0,8.48,-33.324,-69.12
60,0,8.52,-28.574,-64.6
60,0,8.56,-29.332,-65.61
60,0,8.6,-23.8,-60.33
60,0,8.64,-25.354,-62.2
60,0,8.68,-25.178,-62.34
60,0,8.72,-28.908,-66.21
60,0,8.76,-28.124,-65.39
60,0,8.8,-29.2,-66.43
60,0,8.84,-24.694,-61.88
60,0,8.88,-26.608,-63.75
60,0,8.92,-26.484,-63.69
60,0,8.96,-29.622,-67
60,0,9,-31.08,-68.63
60,0,9.04,-36.004,-73.79
60,0,9.08,-29.808,-67.83
60,0,9.12,-29.106,-67.39
60,0,9.16,-33.738,-72.31
60,0,9.2,-32.41,-71.27
60,0,9.24,-32.41,-71.01
60,0,9.28,-36.46,-74.8
60,0,9.32,-34.028,-72.19
60,0,9.36,-30.024,-68.09
60,0,9.4,-34.03,-72
60,0,9.44,-41.244,-79.35
60,0,9.48,-39.938,-78.18
60,0,9.52,-33.552,-71.93
60,0,9.56,-31.166,-69.68
60,0,9.6,-25.34,-63.99
60,0,9.64,-27.69,-66.46
60,0,9.68,-28.02,-66.91
60,0,9.72,-24.568,-63.55
60,0,9.76,-23.974,-63.02
60,0,9.8,-23.21,-62.32
60,0,9.84,-24.896,-64.01
60,0,9.88,-25.752,-64.87
60,0,9.92,-27.16,-66.27
60,0,9.96,-25.23,-64.32
60,0,10,-27.76,-66.83
60,0,10.04,-28.994,-68.24
60,0,10.08,-24.218,-63.64
60,0,10.12,-21.626,-61.18
60,0,10.16,-21.598,-61.24
60,0,10.2,-19.03,-58.76
60,0,10.24,-18.232,-57.93
60,0,10.28,-17.264,-56.93
60,0,10.32,-22.012,-61.64
60,0,10.36,-22.886,-62.47
60,0,10.4,-23.86,-63.4
60,0,10.44,-22.124,-61.66
60,0,10.48,-20.638,-60.17
60,0,10.52,-22.212,-61.82
60,0,10.56,-24.906,-64.67
60,0,10.6,-22.98,-62.9
60,0,10.64,-19.828,-59.84
60,0,10.68,-18.766,-58.87
60,0,10.72,-19.616,-59.79
60,0,10.76,-19.998,-60.22
60,0,10.8,-21.08,-61.35
60,0,10.84,-23.39,-63.56
60,0,10.88,-22.28,-62.35
60,0,10.92,-24.892,-64.9
60,0,10.96,-24.086,-64.07
60,0,11,-28.03,-67.99
60,0,11.04,-25.046,-65.11
60,0,11.08,-25.652,-65.82
60,0,11.12,-22.426,-62.67
60,0,11.16,-19.838,-60.13
60,0,11.2,-19.95,-60.29
60,0,11.24,-19.678,-60.07
60,0,11.28,-26.196,-66.64
60,0,11.32,-29.404,-69.92
60,0,11.36,-22.652,-63.26
60,0,11.4,-23.42,-64.12
60,0,11.44,-21.242,-61.99
60,0,11.48,-23.834,-64.63
60,0,11.52,-25.4,-66.23
60,0,11.56,-24.59,-65.44
60,0,11.6,-20.77,-61.64
60,0,11.64,-22.036,-62.99
60,0,11.68,-23.632,-64.67
60,0,11.72,-23.638,-64.73
60,0,11.76,-29.714,-70.83
60,0,11.8,-30.11,-71.25
60,0,11.84,-27.556,-68.64
60,0,11.88,-37.402,-78.43
60,0,11.92,-34.344,-75.47
60,0,11.96,-31.362,-72.74
60,0,12,-26.73,-68.36
61,0,8,-24.88,-59.5
61,0,8.04,-34.268,-68.98
61,0,8.08,-34.036,-68.84
61,0,8.12,-34.412,-69.3
61,0,8.16,-28.266,-63.23
61,0,8.2,-27.79,-62.83
61,0,8.24,-33.602,-68.71
61,0,8.28,-41.194,-76.37
61,0,8.32,-38.036,-73.28
61,0,8.36,-33.888,-69.2
61,0,8.4,-27.68,-63.06
61,0,8.44,-35.332,-70.92
61,0,8.48,-29.614,-65.41
61,0,8.52,-26.704,-62.73
61,0,8.56,-23.182,-59.46
61,0,8.6,-23.65,-60.18
61,0,8.64,-25.724,-62.57
61,0,8.68,-26.098,-63.26
61,0,8.72,-31.338,-68.64
61,0,8.76,-29.954,-67.22
61,0,8.8,-22.99,-60.22
61,0,8.84,-25.154,-62.34
61,0,8.88,-22.368,-59.51
61,0,8.92,-23.124,-60.33
61,0,8.96,-32.512,-69.89
61,0,9,-29.81,-67.36
61,0,9.04,-29.074,-66.86
61,0,9.08,-33.498,-71.52
61,0,9.12,-27.726,-66.01
61,0,9.16,-32.588,-71.16
61,0,9.2,-32.61,-71.47
61,0,9.24,-32.84,-71.44
61,0,9.28,-31.64,-69.98
61,0,9.32,-31.558,-69.72
61,0,9.36,-27.714,-65.78
61,0,9.4,-27.34,-65.31
61,0,9.44,-27.874,-65.98
61,0,9.48,-34.338,-72.58
61,0,9.52,-33.062,-71.44
61,0,9.56,-28.336,-66.85
61,0,9.6,-30.14,-68.79
61,0,9.64,-38.35,-77.12
61,0,9.68,-28.97,-67.86
61,0,9.72,-31.218,-70.2
61,0,9.76,-29.474,-68.52
61,0,9.8,-24.33,-63.44
61,0,9.84,-23.886,-63
61,0,9.88,-27.572,-66.69
61,0,9.92,-26.49,-65.6
61,0,9.96,-30.4,-69.49
61,0,10,-27.55,-66.62
61,0,10.04,-35.174,-74.42
61,0,10.08,-26.858,-66.28
61,0,10.12,-31.776,-71.33
61,0,10.16,-24.348,-63.99
61,0,10.2,-23.5,-63.23
61,0,10.24,-20.102,-59.8
61,0,10.28,-24.184,-63.85
61,0,10.32,-23.172,-62.8
61,0,10.36,-20.996,-60.58
61,0,10.4,-24.43,-63.97
61,0,10.44,-23.944,-63.48
61,0,10.48,-19.878,-59.41
61,0,10.52,-22.772,-62.38
61,0,10.56,-23.806,-63.57
61,0,10.6,-21.88,-61.8
61,0,10.64,-21.488,-61.5
61,0,10.68,-18.636,-58.74
61,0,10.72,-20.296,-60.47
61,0,10.76,-19.538,-59.76
61,0,10.8,-22.17,-62.44
61,0,10.84,-25.22,-65.39
61,0,10.88,-24.43,-64.5
61,0,10.92,-26.862,-66.87
61,0,10.96,-24.876,-64.86
61,0,11,-28,-67.96
61,0,11.04,-26.536,-66.6
61,0,11.08,-25.802,-65.97
61,0,11.12,-23.666,-63.91
61,0,11.16,-21.498,-61.79
61,0,11.2,-20.87,-61.21
61,0,11.24,-20.628,-61.02
61,0,11.28,-26.186,-66.63
61,0,11.32,-30.984,-71.5
61,0,11.36,-28.882,-69.49
61,0,11.4,-24.51,-65.21
61,0,11.44,-22.842,-63.59
61,0,11.48,-21.874,-62.67
61,0,11.52,-24.93,-65.76
61,0,11.56,-26.67,-67.52
61,0,11.6,-28.35,-69.22
61,0,11.64,-21.706,-62.66
61,0,11.68,-25.952,-66.99
61,0,11.72,-32.408,-73.5
61,0,11.76,-27.394,-68.51
61,0,11.8,-30.58,-71.72
61,0,11.84,-25.226,-66.31
61,0,11.88,-30.232,-71.26
61,0,11.92,-34.434,-75.56
61,0,11.96,-30.462,-71.84
61,0,12,-34.15,-75.78
62,0,8,-27.69,-62.31
62,0,8.04,-29.838,-64.55
62,0,8.08,-37.996,-72.8
62,0,8.12,-39.802,-74.69
62,0,8.16,-28.916,-63.88
62,0,8.2,-29.01,-64.05
62,0,8.24,-28.422,-63.53
62,0,8.28,-34.264,-69.44
62,0,8.32,-41.846,-77.09
62,0,8.36,-32.628,-67.94
62,0,8.4,-28.7,-64.08
62,0,8.44,-28.862,-64.45
62,0,8.48,-31.994,-67.79
62,0,8.52,-26.214,-62.24
62,0,8.56,-22.312,-58.59
62,0,8.6,-22.67,-59.2
62,0,8.64,-24.884,-61.73
62,0,8.68,-25.898,-63.06
62,0,8.72,-32.828,-70.13
62,0,8.76,-28.764,-66.03
62,0,8.8,-22.79,-60.02
62,0,8.84,-20.784,-57.97
62,0,8.88,-19.278,-56.42
62,0,8.92,-20.794,-58
62,0,8.96,-24.192,-61.57
62,0,9,-28.14,-65.69
62,0,9.04,-26.294,-64.08
62,0,9.08,-38.738,-76.76
62,0,9.12,-28.756,-67.04
62,0,9.16,-34.318,-72.89
62,0,9.2,-33.77,-72.63
62,0,9.24,-32.35,-70.95
62,0,9.28,-35.5,-73.84
62,0,9.32,-35.808,-73.97
62,0,9.36,-27.264,-65.33
62,0,9.4,-29.76,-67.73
62,0,9.44,-27.414,-65.52
62,0,9.48,-28.038,-66.28
62,0,9.52,-29.482,-67.86
62,0,9.56,-25.626,-64.14
62,0,9.6,-33.71,-72.36
62,0,9.64,-26.42,-65.19
62,0,9.68,-30.4,-69.29
62,0,9.72,-31.618,-70.6
62,0,9.76,-29.524,-68.57
62,0,9.8,-34.59,-73.7
62,0,9.84,-23.086,-62.2
62,0,9.88,-28.722,-67.84
62,0,9.92,-30.92,-70.03
62,0,9.96,-29.2,-68.29
62,0,10,-29.05,-68.12
62,0,10.04,-36.434,-75.68
62,0,10.08,-35.878,-75.3
62,0,10.12,-34.466,-74.02
62,0,10.16,-33.318,-72.96
62,0,10.2,-26.84,-66.57
62,0,10.24,-25.152,-64.85
62,0,10.28,-27.534,-67.2
62,0,10.32,-27.172,-66.8
62,0,10.36,-23.576,-63.16
62,0,10.4,-25.33,-64.87
62,0,10.44,-25.334,-64.87
62,0,10.48,-22.598,-62.13
62,0,10.52,-23.072,-62.68
62,0,10.56,-23.416,-63.18
62,0,10.6,-25.48,-65.4
62,0,10.64,-22.928,-62.94
62,0,10.68,-20.776,-60.88
62,0,10.72,-20.426,-60.6
62,0,10.76,-21.408,-61.63
62,0,10.8,-22.26,-62.53
62,0,10.84,-25.02,-65.19
62,0,10.88,-29.47,-69.54
62,0,10.92,-52.042,-92.05
62,0,10.96,-24.916,-64.9
62,0,11,-23.1,-63.06
62,0,11.04,-26.856,-66.92
62,0,11.08,-22.372,-62.54
62,0,11.12,-23.576,-63.82
62,0,11.16,-23.358,-63.65
62,0,11.2,-24.04,-64.38
62,0,11.24,-23.118,-63.51
62,0,11.28,-24.546,-64.99
62,0,11.32,-30.834,-71.35
62,0,11.36,-29.502,-70.11
62,0,11.4,-29.96,-70.66
62,0,11.44,-25.492,-66.24
62,0,11.48,-25.344,-66.14
62,0,11.52,-23,-63.83
62,0,11.56,-28.78,-69.63
62,0,11.6,-27.2,-68.07
62,0,11.64,-27.196,-68.15
62,0,11.68,-23.252,-64.29
62,0,11.72,-25.838,-66.93
62,0,11.76,-30.514,-71.63
62,0,11.8,-27.28,-68.42
62,0,11.84,-23.116,-64.2
62,0,11.88,-29.842,-70.87
62,0,11.92,-27.084,-68.21
62,0,11.96,-29.752,-71.13
62,0,12,-23.93,-65.56
63,0,8,-27.03,-61.65
63,0,8.04,-29.028,-63.74
63,0,8.08,-40.076,-74.88
63,0,8.12,-42.572,-77.46
63,0,8.16,-36.396,-71.36
63,0,8.2,-28.82,-63.86
63,0,8.24,-35.852,-70.96
63,0,8.28,-42.794,-77.97
63,0,8.32,-33.726,-68.97
63,0,8.36,-34.068,-69.38
63,0,8.4,-28.58,-63.96
63,0,8.44,-28.492,-64.08
63,0,8.48,-32.784,-68.58
63,0,8.52,-27.384,-63.41
63,0,8.56,-23.502,-59.78
63,0,8.6,-22.31,-58.84
63,0,8.64,-24.134,-60.98
63,0,8.68,-23.778,-60.94
63,0,8.72,-32.248,-69.55
63,0,8.76,-27.634,-64.9
63,0,8.8,-21.57,-58.8
63,0,8.84,-19.584,-56.77
63,0,8.88,-19.518,-56.66
63,0,8.92,-18.374,-55.58
63,0,8.96,-21.442,-58.82
63,0,9,-19.41,-56.96
63,0,9.04,-22.224,-60.01
63,0,9.08,-31.908,-69.93
63,0,9.12,-33.306,-71.59
63,0,9.16,-28.548,-67.12
63,0,9.2,-26.7,-65.56
63,0,9.24,-38.52,-77.12
63,0,9.28,-37.34,-75.68
63,0,9.32,-26.728,-64.89
63,0,9.36,-27.174,-65.24
63,0,9.4,-25.94,-63.91
63,0,9.44,-23.624,-61.73
63,0,9.48,-26.368,-64.61
63,0,9.52,-28.362,-66.74
63,0,9.56,-24.126,-62.64
63,0,9.6,-26.88,-65.53
63,0,9.64,-22.4,-61.17
63,0,9.68,-24.95,-63.84
63,0,9.72,-25.228,-64.21
63,0,9.76,-44.944,-83.99
63,0,9.8,-38.04,-77.15
63,0,9.84,-30.836,-69.95
63,0,9.88,-33.052,-72.17
63,0,9.92,-41.04,-80.15
63,0,9.96,-29.6,-68.69
63,0,10,-26.04,-65.11
63,0,10.04,-33.434,-72.68
63,0,10.08,-46.688,-86.11
63,0,10.12,-32.116,-71.67
63,0,10.16,-33.888,-73.53
63,0,10.2,-32.48,-72.21
63,0,10.24,-27.022,-66.72
63,0,10.28,-34.064,-73.73
63,0,10.32,-30.582,-70.21
63,0,10.36,-22.466,-62.05
63,0,10.4,-27.28,-66.82
63,0,10.44,-26.594,-66.13
63,0,10.48,-25.288,-64.82
63,0,10.52,-24.322,-63.93
63,0,10.56,-25.176,-64.94
63,0,10.6,-21,-60.92
63,0,10.64,-22.848,-62.86
63,0,10.68,-23.046,-63.15
63,0,10.72,-21.126,-61.3
63,0,10.76,-21.598,-61.82
63,0,10.8,-24,-64.27
63,0,10.84,-28.37,-68.54
63,0,10.88,-31.5,-71.57
63,0,10.92,-31.802,-71.81
63,0,10.96,-27.176,-67.16
63,0,11,-31.42,-71.38
63,0,11.04,-29.576,-69.64
63,0,11.08,-27.082,-67.25
63,0,11.12,-22.556,-62.8
63,0,11.16,-19.788,-60.08
63,0,11.2,-23.32,-63.66
63,0,11.24,-27.228,-67.62
63,0,11.28,-32.866,-73.31
63,0,11.32,-34.504,-75.02
63,0,11.36,-32.332,-72.94
63,0,11.4,-40.82,-81.52
63,0,11.44,-29.292,-70.04
63,0,11.48,-23.964,-64.76
63,0,11.52,-25.3,-66.13
63,0,11.56,-22.86,-63.71
63,0,11.6,-27.72,-68.59
63,0,11.64,-29.626,-70.58
63,0,11.68,-24.582,-65.62
63,0,11.72,-22.288,-63.38
63,0,11.76,-28.424,-69.54
63,0,11.8,-25.49,-66.63
63,0,11.84,-25.416,-66.5
63,0,11.88,-25.032,-66.06
63,0,11.92,-23.844,-64.97
63,0,11.96,-22.802,-64.18
63,0,12,-23.79,-65.42
64,0,8,-24.92,-59.54
64,0,8.04,-31.068,-65.78
64,0,8.08,-45.636,-80.44
64,0,8.12,-41.792,-76.68
64,0,8.16,-34.846,-69.81
64,0,8.2,-31.74,-66.78
64,0,8.24,-27.572,-62.68
64,0,8.28,-32.954,-68.13
64,0,8.32,-41.976,-77.22
64,0,8.36,-29.098,-64.41
64,0,8.4,-27.24,-62.62
64,0,8.44,-34.422,-70.01
64,0,8.48,-32.344,-68.14
64,0,8.52,-28.854,-64.88
64,0,8.56,-25.512,-61.79
64,0,8.6,-22.83,-59.36
64,0,8.64,-23.934,-60.78
64,0,8.68,-26.668,-63.83
64,0,8.72,-25.418,-62.72
64,0,8.76,-27.544,-64.81
64,0,8.8,-22.82,-60.05
64,0,8.84,-20.804,-57.99
64,0,8.88,-19.688,-56.83
64,0,8.92,-18.674,-55.88
64,0,8.96,-20.902,-58.28
64,0,9,-21.7,-59.25
64,0,9.04,-22.844,-60.63
64,0,9.08,-31.368,-69.39
64,0,9.12,-29.356,-67.64
64,0,9.16,-31.768,-70.34
64,0,9.2,-33.69,-72.55
64,0,9.24,-36.83,-75.43
64,0,9.28,-32.59,-70.93
64,0,9.32,-32.778,-70.94
64,0,9.36,-27.664,-65.73
64,0,9.4,-27.01,-64.98
64,0,9.44,-25.534,-63.64
64,0,9.48,-25.908,-64.15
64,0,9.52,-26.152,-64.53
64,0,9.56,-23.916,-62.43
64,0,9.6,-24.04,-62.69
64,0,9.64,-23.89,-62.66
64,0,9.68,-21.56,-60.45
64,0,9.72,-24.978,-63.96
64,0,9.76,-27.034,-66.08
64,0,9.8,-31.39,-70.5
64,0,9.84,-40.516,-79.63
64,0,9.88,-29.252,-68.37
64,0,9.92,-35.59,-74.7
64,0,9.96,-26.27,-65.36
64,0,10,-24.83,-63.9
64,0,10.04,-26.954,-66.2
64,0,10.08,-48.188,-87.61
64,0,10.12,-30.436,-69.99
64,0,10.16,-26.398,-66.04
64,0,10.2,-30.15,-69.88
64,0,10.24,-24.952,-64.65
64,0,10.28,-29.934,-69.6
64,0,10.32,-40.342,-79.97
64,0,10.36,-28.736,-68.32
64,0,10.4,-26.58,-66.12
64,0,10.44,-29.154,-68.69
64,0,10.48,-22.728,-62.26
64,0,10.52,-26.852,-66.46
64,0,10.56,-23.046,-62.81
64,0,10.6,-23.92,-63.84
64,0,10.64,-21.368,-61.38
64,0,10.68,-21.366,-61.47
64,0,10.72,-18.146,-58.32
64,0,10.76,-19.128,-59.35
64,0,10.8,-21.35,-61.62
64,0,10.84,-22.43,-62.6
64,0,10.88,-27.73,-67.8
64,0,10.92,-37.712,-77.72
64,0,10.96,-32.516,-72.5
64,0,11,-35.95,-75.91
64,0,11.04,-31.386,-71.45
64,0,11.08,-29.342,-69.51
64,0,11.12,-21.076,-61.32
64,0,11.16,-21.558,-61.85
64,0,11.2,-20.82,-61.16
64,0,11.24,-20.948,-61.34
64,0,11.28,-23.866,-64.31
64,0,11.32,-27.334,-67.85
64,0,11.36,-28.192,-68.8
64,0,11.4,-30.11,-70.81
64,0,11.44,-27.942,-68.69
64,0,11.48,-25.134,-65.93
64,0,11.52,-24.34,-65.17
64,0,11.56,-23.13,-63.98
64,0,11.6,-26.98,-67.85
64,0,11.64,-25.546,-66.5
64,0,11.68,-31.702,-72.74
64,0,11.72,-31.578,-72.67
64,0,11.76,-28.924,-70.04
64,0,11.8,-28.46,-69.6
64,0,11.84,-23.906,-64.99
64,0,11.88,-24.462,-65.49
64,0,11.92,-23.684,-64.81
64,0,11.96,-27.372,-68.75
64,0,12,-21.66,-63.29
65,0,8,-23.58,-58.2
65,0,8.04,-31.558,-66.27
65,0,8.08,-34.196,-69
65,0,8.12,-33.272,-68.16
65,0,8.16,-31.316,-66.28
65,0,8.2,-28.23,-63.27
65,0,8.24,-27.642,-62.75
65,0,8.28,-29.324,-64.5
65,0,8.32,-29.316,-64.56
65,0,8.36,-33.258,-68.57
65,0,8.4,-31.8,-67.18
65,0,8.44,-34.502,-70.09
65,0,8.48,-50.184,-85.98
65,0,8.52,-31.154,-67.18
65,0,8.56,-27.972,-64.25
65,0,8.6,-23.66,-60.19
65,0,8.64,-22.874,-59.72
65,0,8.68,-25.258,-62.42
65,0,8.72,-26.338,-63.64
65,0,8.76,-26.664,-63.93
65,0,8.8,-23.69,-60.92
65,0,8.84,-21.554,-58.74
65,0,8.88,-20.308,-57.45
65,0,8.92,-21.374,-58.58
65,0,8.96,-22.902,-60.28
65,0,9,-24.16,-61.71
65,0,9.04,-23.604,-61.39
65,0,9.08,-24.618,-62.64
65,0,9.12,-26.026,-64.31
65,0,9.16,-25.698,-64.27
65,0,9.2,-29.08,-67.94
65,0,9.24,-30.21,-68.81
65,0,9.28,-26.43,-64.77
65,0,9.32,-30.878,-69.04
65,0,9.36,-31.864,-69.93
65,0,9.4,-29.69,-67.66
65,0,9.44,-26.684,-64.79
65,0,9.48,-28.638,-66.88
65,0,9.52,-22.572,-60.95
65,0,9.56,-20.496,-59.01
65,0,9.6,-24.05,-62.7
65,0,9.64,-22.7,-61.47
65,0,9.68,-20.06,-58.95
65,0,9.72,-22.998,-61.98
65,0,9.76,-25.964,-65.01
65,0,9.8,-24.25,-63.36
65,0,9.84,-36.536,-75.65
65,0,9.88,-33.742,-72.86
65,0,9.92,-30.45,-69.56
65,0,9.96,-31.17,-70.26
65,0,10,-27.74,-66.81
65,0,10.04,-27.964,-67.21
65,0,10.08,-30.658,-70.08
65,0,10.12,-21.706,-61.26
65,0,10.16,-24.588,-64.23
65,0,10.2,-26.36,-66.09
65,0,10.24,-24.762,-64.46
65,0,10.28,-27.424,-67.09
65,0,10.32,-49.272,-88.9
65,0,10.36,-31.706,-71.29
65,0,10.4,-26.98,-66.52
65,0,10.44,-26.444,-65.98
65,0,10.48,-27.198,-66.73
65,0,10.52,-22.252,-61.86
65,0,10.56,-23.386,-63.15
65,0,10.6,-22.87,-62.79
65,0,10.64,-21.148,-61.16
65,0,10.68,-19.706,-59.81
65,0,10.72,-18.926,-59.1
65,0,10.76,-18.298,-58.52
65,0,10.8,-19.91,-60.18
65,0,10.84,-22.01,-62.18
65,0,10.88,-24.64,-64.71
65,0,10.92,-28.272,-68.28
65,0,10.96,-31.766,-71.75
65,0,11,-27.36,-67.32
65,0,11.04,-32.906,-72.97
65,0,11.08,-25.852,-66.02
65,0,11.12,-22.776,-63.02
65,0,11.16,-19.418,-59.71
65,0,11.2,-18.8,-59.14
65,0,11.24,-19.858,-60.25
65,0,11.28,-19.086,-59.53
65,0,11.32,-18.474,-58.99
65,0,11.36,-20.512,-61.12
65,0,11.4,-23.12,-63.82
65,0,11.44,-22.642,-63.39
65,0,11.48,-22.914,-63.71
65,0,11.52,-26.71,-67.54
65,0,11.56,-30.93,-71.78
65,0,11.6,-25.29,-66.16
65,0,11.64,-30.866,-71.82
65,0,11.68,-25.532,-66.57
65,0,11.72,-31.058,-72.15
65,0,11.76,-29.834,-70.95
65,0,11.8,-25.44,-66.58
65,0,11.84,-23.906,-64.99
65,0,11.88,-22.202,-63.23
65,0,11.92,-19.894,-61.02
65,0,11.96,-21.122,-62.5
65,0,12,-21.41,-63.04
66,0,8,-23.42,-58.04
66,0,8.04,-27.228,-61.94
66,0,8.08,-31.836,-66.64
66,0,8.12,-30.072,-64.96
66,0,8.16,-25.396,-60.36
66,0,8.2,-24.46,-59.5
66,0,8.24,-23.692,-58.8
66,0,8.28,-24.634,-59.81
66,0,8.32,-30.266,-65.51
66,0,8.36,-29.158,-64.47
66,0,8.4,-37.31,-72.69
66,0,8.44,-36.022,-71.61
66,0,8.48,-36.634,-72.43
66,0,8.52,-31.554,-67.58
66,0,8.56,-27.042,-63.32
66,0,8.6,-24.63,-61.16
66,0,8.64,-25.574,-62.42
66,0,8.68,-26.578,-63.74
66,0,8.72,-26.478,-63.78
66,0,8.76,-26.204,-63.47
66,0,8.8,-23.71,-60.94
66,0,8.84,-21.874,-59.06
66,0,8.88,-22.028,-59.17
66,0,8.92,-22.584,-59.79
66,0,8.96,-23.222,-60.6
66,0,9,-23.58,-61.13
66,0,9.04,-22.534,-60.32
66,0,9.08,-22.438,-60.46
66,0,9.12,-27.396,-65.68
66,0,9.16,-24.618,-63.19
66,0,9.2,-30.3,-69.16
66,0,9.24,-28.32,-66.92
66,0,9.28,-29.05,-67.39
66,0,9.32,-34.308,-72.47
66,0,9.36,-44.624,-82.69
66,0,9.4,-29.27,-67.24
66,0,9.44,-28.924,-67.03
66,0,9.48,-28.138,-66.38
66,0,9.52,-27.492,-65.87
66,0,9.56,-21.586,-60.1
66,0,9.6,-27.64,-66.29
66,0,9.64,-23.05,-61.82
66,0,9.68,-21.11,-60
66,0,9.72,-23.638,-62.62
66,0,9.76,-25.244,-64.29
66,0,9.8,-22.27,-61.38
66,0,9.84,-27.166,-66.28
66,0,9.88,-30.112,-69.23
66,0,9.92,-28.72,-67.83
66,0,9.96,-28.7,-67.79
66,0,10,-25.21,-64.28
66,0,10.04,-24.534,-63.78
66,0,10.08,-25.588,-65.01
66,0,10.12,-26.056,-65.61
66,0,10.16,-23.228,-62.87
66,0,10.2,-24.36,-64.09
66,0,10.24,-21.932,-61.63
66,0,10.28,-24.014,-63.68
66,0,10.32,-28.082,-67.71
66,0,10.36,-37.236,-76.82
66,0,10.4,-28.29,-67.83
66,0,10.44,-26.004,-65.54
66,0,10.48,-22.818,-62.35
66,0,10.52,-25.382,-64.99
66,0,10.56,-22.246,-62.01
66,0,10.6,-22.08,-62
66,0,10.64,-18.668,-58.68
66,0,10.68,-19.136,-59.24
66,0,10.72,-17.166,-57.34
66,0,10.76,-17.558,-57.78
66,0,10.8,-18.27,-58.54
66,0,10.84,-20.44,-60.61
66,0,10.88,-22.6,-62.67
66,0,10.92,-22.332,-62.34
66,0,10.96,-22.666,-62.65
66,0,11,-27.38,-67.34
66,0,11.04,-29.696,-69.76
66,0,11.08,-25.872,-66.04
66,0,11.12,-22.446,-62.69
66,0,11.16,-20.748,-61.04
66,0,11.2,-18.15,-58.49
66,0,11.24,-17.888,-58.28
66,0,11.28,-18.146,-58.59
66,0,11.32,-17.174,-57.69
66,0,11.36,-18.142,-58.75
66,0,11.4,-20.05,-60.75
66,0,11.44,-20.582,-61.33
66,0,11.48,-22.814,-63.61
66,0,11.52,-25.45,-66.28
66,0,11.56,-37.56,-78.41
66,0,11.6,-33.93,-74.8
66,0,11.64,-24.226,-65.18
66,0,11.68,-24.832,-65.87
66,0,11.72,-29.248,-70.34
66,0,11.76,-22.814,-63.93
66,0,11.8,-27.53,-68.67
66,0,11.84,-22.396,-63.48
66,0,11.88,-19.522,-60.55
66,0,11.92,-18.864,-59.99
66,0,11.96,-19.282,-60.66
66,0,12,-19.58,-61.21
67,0,8,-23.89,-58.51
67,0,8.04,-27.258,-61.97
67,0,8.08,-28.256,-63.06
67,0,8.12,-26.432,-61.32
67,0,8.16,-22.836,-57.8
67,0,8.2,-21.11,-56.15
67,0,8.24,-22.122,-57.23
67,0,8.28,-23.624,-58.8
67,0,8.32,-24.316,-59.56
67,0,8.36,-29.068,-64.38
67,0,8.4,-37.09,-72.47
67,0,8.44,-55.952,-91.54
67,0,8.48,-33.994,-69.79
67,0,8.52,-36.934,-72.96
67,0,8.56,-29.622,-65.9
67,0,8.6,-26.32,-62.85
67,0,8.64,-27.384,-64.23
67,0,8.68,-23.968,-61.13
67,0,8.72,-22.828,-60.13
67,0,8.76,-23.154,-60.42
67,0,8.8,-23.85,-61.08
67,0,8.84,-21.514,-58.7
67,0,8.88,-21.998,-59.14
67,0,8.92,-25.664,-62.87
67,0,8.96,-25.772,-63.15
67,0,9,-25.06,-62.61
67,0,9.04,-25.394,-63.18
67,0,9.08,-23.068,-61.09
67,0,9.12,-23.346,-61.63
67,0,9.16,-22.048,-60.62
67,0,9.2,-26.22,-65.08
67,0,9.24,-28.39,-66.99
67,0,9.28,-25.43,-63.77
67,0,9.32,-27.998,-66.16
67,0,9.36,-39.374,-77.44
67,0,9.4,-39.33,-77.3
67,0,9.44,-31.084,-69.19
67,0,9.48,-30.508,-68.75
67,0,9.52,-26.682,-65.06
67,0,9.56,-23.336,-61.85
67,0,9.6,-28.07,-66.72
67,0,9.64,-27.32,-66.09
67,0,9.68,-23.41,-62.3
67,0,9.72,-23.978,-62.96
67,0,9.76,-27.294,-66.34
67,0,9.8,-25.51,-64.62
67,0,9.84,-23.216,-62.33
67,0,9.88,-27.042,-66.16
67,0,9.92,-26.98,-66.09
67,0,9.96,-33.81,-72.9
67,0,10,-31.2,-70.27
67,0,10.04,-32.154,-71.4
67,0,10.08,-23.238,-62.66
67,0,10.12,-24.166,-63.72
67,0,10.16,-21.108,-60.75
67,0,10.2,-23.18,-62.91
67,0,10.24,-21.502,-61.2
67,0,10.28,-21.404,-61.07
67,0,10.32,-28.462,-68.09
67,0,10.36,-30.896,-70.48
67,0,10.4,-36.22,-75.76
67,0,10.44,-31.764,-71.3
67,0,10.48,-26.628,-66.16
67,0,10.52,-24.432,-64.04
67,0,10.56,-23.106,-62.87
67,0,10.6,-20.17,-60.09
67,0,10.64,-18.938,-58.95
67,0,10.68,-19.506,-59.61
67,0,10.72,-16.396,-56.57
67,0,10.76,-17.488,-57.71
67,0,10.8,-17.86,-58.13
67,0,10.84,-20.01,-60.18
67,0,10.88,-22.49,-62.56
67,0,10.92,-23.052,-63.06
67,0,10.96,-23.496,-63.48
67,0,11,-21.09,-61.05
67,0,11.04,-23.616,-63.68
67,0,11.08,-22.462,-62.63
67,0,11.12,-19.726,-59.97
67,0,11.16,-21.818,-62.11
67,0,11.2,-18.79,-59.13
67,0,11.24,-17.478,-57.87
67,0,11.28,-15.116,-55.56
67,0,11.32,-14.894,-55.41
67,0,11.36,-16.682,-57.29
67,0,11.4,-17.54,-58.24
67,0,11.44,-20.372,-61.12
67,0,11.48,-21.034,-61.83
67,0,11.52,-24.02,-64.85
67,0,11.56,-25.84,-66.69
67,0,11.6,-25.57,-66.44
67,0,11.64,-29.266,-70.22
67,0,11.68,-18.442,-59.48
67,0,11.72,-20.918,-62.01
67,0,11.76,-21.294,-62.41
67,0,11.8,-20.41,-61.55
67,0,11.84,-22.396,-63.48
67,0,11.88,-19.042,-60.07
67,0,11.92,-17.664,-58.79
67,0,11.96,-19.722,-61.1
67,0,12,-20.02,-61.65
68,0,8,-24.8,-59.42
68,0,8.04,-23.768,-58.48
68,0,8.08,-27.076,-61.88
68,0,8.12,-24.312,-59.2
68,0,8.16,-21.316,-56.28
68,0,8.2,-21.04,-56.08
68,0,8.24,-19.582,-54.69
68,0,8.28,-20.774,-55.95
68,0,8.32,-25.336,-60.58
68,0,8.36,-28.718,-64.03
68,0,8.4,-48.43,-83.81
68,0,8.44,-35.992,-71.58
68,0,8.48,-31.794,-67.59
68,0,8.52,-31.354,-67.38
68,0,8.56,-31.592,-67.87
68,0,8.6,-26.28,-62.81
68,0,8.64,-27.794,-64.64
68,0,8.68,-25.758,-62.92
68,0,8.72,-24.398,-61.7
68,0,8.76,-24.244,-61.51
68,0,8.8,-25.47,-62.7
68,0,8.84,-21.924,-59.11
68,0,8.88,-21.778,-58.92
68,0,8.92,-27.374,-64.58
68,0,8.96,-24.952,-62.33
68,0,9,-23.62,-61.17
68,0,9.04,-27.854,-65.64
68,0,9.08,-23.298,-61.32
68,0,9.12,-25.476,-63.76
68,0,9.16,-21.888,-60.46
68,0,9.2,-23.88,-62.74
68,0,9.24,-25.12,-63.72
68,0,9.28,-26.35,-64.69
68,0,9.32,-24.268,-62.43
68,0,9.36,-36.644,-74.71
68,0,9.4,-46.75,-84.72
68,0,9.44,-32.324,-70.43
68,0,9.48,-34.978,-73.22
68,0,9.52,-31.992,-70.37
68,0,9.56,-26.526,-65.04
68,0,9.6,-28.24,-66.89
68,0,9.64,-30.78,-69.55
68,0,9.68,-26.71,-65.6
68,0,9.72,-25.218,-64.2
68,0,9.76,-23.514,-62.56
68,0,9.8,-23.16,-62.27
68,0,9.84,-24.126,-63.24
68,0,9.88,-27.192,-66.31
68,0,9.92,-27.1,-66.21
68,0,9.96,-29.83,-68.92
68,0,10,-27.87,-66.94
68,0,10.04,-28.074,-67.32
68,0,10.08,-27.968,-67.39
68,0,10.12,-21.506,-61.06
68,0,10.16,-20.608,-60.25
68,0,10.2,-22.47,-62.2
68,0,10.24,-21.112,-60.81
68,0,10.28,-26.004,-65.67
68,0,10.32,-26.182,-65.81
68,0,10.36,-30.116,-69.7
68,0,10.4,-28.6,-68.14
68,0,10.44,-30.624,-70.16
68,0,10.48,-28.638,-68.17
68,0,10.52,-22.932,-62.54
68,0,10.56,-21.176,-60.94
68,0,10.6,-21.44,-61.36
68,0,10.64,-18.118,-58.13
68,0,10.68,-20.916,-61.02
68,0,10.72,-19.736,-59.91
68,0,10.76,-16.578,-56.8
68,0,10.8,-18.81,-59.08
68,0,10.84,-21.07,-61.24
68,0,10.88,-23.62,-63.69
68,0,10.92,-21.952,-61.96
68,0,10.96,-20.796,-60.78
68,0,11,-20.95,-60.91
68,0,11.04,-19.786,-59.85
68,0,11.08,-19.692,-59.86
68,0,11.12,-20.656,-60.9
68,0,11.16,-20.748,-61.04
68,0,11.2,-18.75,-59.09
68,0,11.24,-16.868,-57.26
68,0,11.28,-15.236,-55.68
68,0,11.32,-14.424,-54.94
68,0,11.36,-14.902,-55.51
68,0,11.4,-16.33,-57.03
68,0,11.44,-19.682,-60.43
68,0,11.48,-17.504,-58.3
68,0,11.52,-20.26,-61.09
68,0,11.56,-21.86,-62.71
68,0,11.6,-21.35,-62.22
68,0,11.64,-19.866,-60.82
68,0,11.68,-18.732,-59.77
68,0,11.72,-20.298,-61.39
68,0,11.76,-19.124,-60.24
68,0,11.8,-20.26,-61.4
68,0,11.84,-18.706,-59.79
68,0,11.88,-17.792,-58.82
68,0,11.92,-18.934,-60.06
68,0,11.96,-18.722,-60.1
68,0,12,-19.25,-60.88
69,0,8,-25.39,-60.01
69,0,8.04,-24.698,-59.41
69,0,8.08,-25.916,-60.72
69,0,8.12,-21.522,-56.41
69,0,8.16,-20.086,-55.05
69,0,8.2,-19.8,-54.84
69,0,8.24,-19.972,-55.08
69,0,8.28,-21.804,-56.98
69,0,8.32,-26.066,-61.31
69,0,8.36,-26.958,-62.27
69,0,8.4,-40.15,-75.53
69,0,8.44,-37.822,-73.41
69,0,8.48,-35.124,-70.92
69,0,8.52,-31.114,-67.14
69,0,8.56,-37.572,-73.85
69,0,8.6,-27.51,-64.04
69,0,8.64,-27.754,-64.6
69,0,8.68,-25.128,-62.29
69,0,8.72,-24.618,-61.92
69,0,8.76,-21.994,-59.26
69,0,8.8,-22.71,-59.94
69,0,8.84,-21.344,-58.53
69,0,8.88,-22.028,-59.17
69,0,8.92,-28.394,-65.6
69,0,8.96,-22.802,-60.18
69,0,9,-24.37,-61.92
69,0,9.04,-29.254,-67.04
69,0,9.08,-25.028,-63.05
69,0,9.12,-26.326,-64.61
69,0,9.16,-21.168,-59.74
69,0,9.2,-21.57,-60.43
69,0,9.24,-23.93,-62.53
69,0,9.28,-24.95,-63.29
69,0,9.32,-25.438,-63.6
69,0,9.36,-29.014,-67.08
69,0,9.4,-39.91,-77.88
69,0,9.44,-38.014,-76.12
69,0,9.48,-28.848,-67.09
69,0,9.52,-29.922,-68.3
69,0,9.56,-28.486,-67
69,0,9.6,-26.08,-64.73
69,0,9.64,-31.27,-70.04
69,0,9.68,-29.14,-68.03
69,0,9.72,-29.758,-68.74
69,0,9.76,-24.304,-63.35
69,0,9.8,-23.09,-62.2
69,0,9.84,-23.466,-62.58
69,0,9.88,-25.502,-64.62
69,0,9.92,-24.08,-63.19
69,0,9.96,-28.43,-67.52
69,0,10,-33.85,-72.92
69,0,10.04,-34.114,-73.36
69,0,10.08,-23.678,-63.1
69,0,10.12,-23.486,-63.04
69,0,10.16,-25.158,-64.8
69,0,10.2,-24.85,-64.58
69,0,10.24,-24.922,-64.62
69,0,10.28,-23.924,-63.59
69,0,10.32,-25.552,-65.18
69,0,10.36,-23.796,-63.38
69,0,10.4,-28.43,-67.97
69,0,10.44,-31.634,-71.17
69,0,10.48,-29.398,-68.93
69,0,10.52,-22.812,-62.42
69,0,10.56,-20.006,-59.77
69,0,10.6,-20.75,-60.67
69,0,10.64,-19.438,-59.45
69,0,10.68,-19.396,-59.5
69,0,10.72,-20.856,-61.03
69,0,10.76,-19.928,-60.15
69,0,10.8,-18.13,-58.4
69,0,10.84,-22.65,-62.82
69,0,10.88,-22.38,-62.45
69,0,10.92,-22.792,-62.8
69,0,10.96,-19.706,-59.69
69,0,11,-22.08,-62.04
69,0,11.04,-17.286,-57.35
69,0,11.08,-18.792,-58.96
69,0,11.12,-21.076,-61.32
69,0,11.16,-20.908,-61.2
69,0,11.2,-21.52,-61.86
69,0,11.24,-18.458,-58.85
69,0,11.28,-15.996,-56.44
69,0,11.32,-15.444,-55.96
69,0,11.36,-14.792,-55.4
69,0,11.4,-16.23,-56.93
69,0,11.44,-18.552,-59.3
69,0,11.48,-19.284,-60.08
69,0,11.52,-18.5,-59.33
69,0,11.56,-20.68,-61.53
69,0,11.6,-18.16,-59.03
69,0,11.64,-19.256,-60.21
69,0,11.68,-18.582,-59.62
69,0,11.72,-18.618,-59.71
69,0,11.76,-18.114,-59.23
69,0,11.8,-20.15,-61.29
69,0,11.84,-18.196,-59.28
69,0,11.88,-17.432,-58.46
69,0,11.92,-17.824,-58.95
69,0,11.96,-18.332,-59.71
69,0,12,-19.16,-60.79
70,0,8,-23.89,-58.51
70,0,8.04,-24.238,-58.95
70,0,8.08,-26.746,-61.55
70,0,8.12,-23.542,-58.43
70,0,8.16,-19.906,-54.87
70,0,8.2,-19.35,-54.39
70,0,8.24,-18.872,-53.98
70,0,8.28,-20.304,-55.48
70,0,8.32,-23.996,-59.24
70,0,8.36,-32.998,-68.31
70,0,8.4,-45.23,-80.61
70,0,8.44,-34.262,-69.85
70,0,8.48,-31.434,-67.23
70,0,8.52,-28.564,-64.59
70,0,8.56,-30.522,-66.8
70,0,8.6,-27.12,-63.65
70,0,8.64,-30.274,-67.12
70,0,8.68,-26.668,-63.83
70,0,8.72,-25.408,-62.71
70,0,8.76,-24.704,-61.97
70,0,8.8,-23.03,-60.26
70,0,8.84,-20.924,-58.11
70,0,8.88,-22.888,-60.03
70,0,8.92,-27.184,-64.39
70,0,8.96,-23.802,-61.18
70,0,9,-29.57,-67.12
70,0,9.04,-28.464,-66.25
70,0,9.08,-23.808,-61.83
70,0,9.12,-28.516,-66.8
70,0,9.16,-23.588,-62.16
70,0,9.2,-22.87,-61.73
70,0,9.24,-21.27,-59.87
70,0,9.28,-24.74,-63.08
70,0,9.32,-25.758,-63.92
70,0,9.36,-28.144,-66.21
70,0,9.4,-37.5,-75.47
70,0,9.44,-30.584,-68.69
70,0,9.48,-28.348,-66.59
70,0,9.52,-30.602,-68.98
70,0,9.56,-30.616,-69.13
70,0,9.6,-28.81,-67.46
70,0,9.64,-35.64,-74.41
70,0,9.68,-29.68,-68.57
70,0,9.72,-29.458,-68.44
70,0,9.76,-26.374,-65.42
70,0,9.8,-22.45,-61.56
70,0,9.84,-23.196,-62.31
70,0,9.88,-23.792,-62.91
70,0,9.92,-22.83,-61.94
70,0,9.96,-25.76,-64.85
70,0,10,-27.92,-66.99
70,0,10.04,-36.324,-75.57
70,0,10.08,-25.748,-65.17
70,0,10.12,-22.766,-62.32
70,0,10.16,-24.808,-64.45
70,0,10.2,-25.23,-64.96
70,0,10.24,-22.402,-62.1
70,0,10.28,-29.064,-68.73
70,0,10.32,-24.332,-63.96
70,0,10.36,-25.926,-65.51
70,0,10.4,-30.42,-69.96
70,0,10.44,-31.434,-70.97
70,0,10.48,-34.928,-74.46
70,0,10.52,-21.992,-61.6
70,0,10.56,-23.126,-62.89
70,0,10.6,-18.85,-58.77
70,0,10.64,-22.458,-62.47
70,0,10.68,-22.706,-62.81
70,0,10.72,-19.266,-59.44
70,0,10.76,-20.038,-60.26
70,0,10.8,-20.67,-60.94
70,0,10.84,-24.11,-64.28
70,0,10.88,-24.34,-64.41
70,0,10.92,-24.212,-64.22
70,0,10.96,-21.746,-61.73
70,0,11,-20.28,-60.24
70,0,11.04,-19.416,-59.48
70,0,11.08,-20.902,-61.07
70,0,11.12,-20.516,-60.76
70,0,11.16,-19.478,-59.77
70,0,11.2,-20.21,-60.55
70,0,11.24,-17.938,-58.33
70,0,11.28,-17.596,-58.04
70,0,11.32,-17.164,-57.68
70,0,11.36,-18.162,-58.77
70,0,11.4,-16.69,-57.39
70,0,11.44,-18.802,-59.55
70,0,11.48,-18.794,-59.59
70,0,11.52,-18.71,-59.54
70,0,11.56,-20.6,-61.45
70,0,11.6,-17.52,-58.39
70,0,11.64,-17.496,-58.45
70,0,11.68,-17.882,-58.92
70,0,11.72,-17.878,-58.97
70,0,11.76,-19.304,-60.42
70,0,11.8,-20.34,-61.48
70,0,11.84,-21.056,-62.14
70,0,11.88,-19.602,-60.63
70,0,11.92,-19.744,-60.87
70,0,11.96,-19.042,-60.42
70,0,12,-17.76,-59.39
71,0,8,-22.62,-57.24
71,0,8.04,-23.718,-58.43
71,0,8.08,-24.086,-58.89
71,0,8.12,-22.952,-57.84
71,0,8.16,-19.976,-54.94
71,0,8.2,-20.33,-55.37
71,0,8.24,-18.292,-53.4
71,0,8.28,-23.394,-58.57
71,0,8.32,-26.966,-62.21
71,0,8.36,-32.638,-67.95
71,0,8.4,-33.22,-68.6
71,0,8.44,-36.252,-71.84
71,0,8.48,-29.714,-65.51
71,0,8.52,-29.624,-65.65
71,0,8.56,-30.812,-67.09
71,0,8.6,-28.07,-64.6
71,0,8.64,-30.634,-67.48
71,0,8.68,-27.368,-64.53
71,0,8.72,-23.808,-61.11
71,0,8.76,-25.544,-62.81
71,0,8.8,-22.79,-60.02
71,0,8.84,-20.314,-57.5
71,0,8.88,-23.728,-60.87
71,0,8.92,-22.974,-60.18
71,0,8.96,-23.432,-60.81
71,0,9,-28.95,-66.5
71,0,9.04,-27.174,-64.96
71,0,9.08,-22.478,-60.5
71,0,9.12,-23.786,-62.07
71,0,9.16,-22.558,-61.13
71,0,9.2,-21.9,-60.76
71,0,9.24,-21.48,-60.08
71,0,9.28,-29.08,-67.42
71,0,9.32,-26.548,-64.71
71,0,9.36,-26.504,-64.57
71,0,9.4,-39.43,-77.4
71,0,9.44,-30.534,-68.64
71,0,9.48,-32.858,-71.1
71,0,9.52,-24.292,-62.67
71,0,9.56,-31.766,-70.28
71,0,9.6,-29.17,-67.82
71,0,9.64,-32.63,-71.4
71,0,9.68,-31.27,-70.16
71,0,9.72,-28.958,-67.94
71,0,9.76,-29.714,-68.76
71,0,9.8,-25.46,-64.57
71,0,9.84,-24.886,-64
71,0,9.88,-25.912,-65.03
71,0,9.92,-24.02,-63.13
71,0,9.96,-23.64,-62.73
71,0,10,-27.49,-66.56
71,0,10.04,-44.004,-83.25
71,0,10.08,-30.498,-69.92
71,0,10.12,-24.916,-64.47
71,0,10.16,-27.268,-66.91
71,0,10.2,-31.49,-71.22
71,0,10.24,-27.762,-67.46
71,0,10.28,-26.124,-65.79
71,0,10.32,-25.732,-65.36
71,0,10.36,-26.746,-66.33
71,0,10.4,-29.07,-68.61
71,0,10.44,-32.604,-72.14
71,0,10.48,-32.308,-71.84
71,0,10.52,-24.732,-64.34
71,0,10.56,-22.156,-61.92
71,0,10.6,-19.92,-59.84
71,0,10.64,-22.868,-62.88
71,0,10.68,-23.266,-63.37
71,0,10.72,-22.336,-62.51
71,0,10.76,-25.318,-65.54
71,0,10.8,-19.4,-59.67
71,0,10.84,-23.24,-63.41
71,0,10.88,-25.95,-66.02
71,0,10.92,-22.592,-62.6
71,0,10.96,-21.986,-61.97
71,0,11,-22.59,-62.55
71,0,11.04,-20.686,-60.75
71,0,11.08,-19.212,-59.38
71,0,11.12,-18.576,-58.82
71,0,11.16,-20.528,-60.82
71,0,11.2,-18.6,-58.94
71,0,11.24,-18.438,-58.83
71,0,11.28,-18.816,-59.26
71,0,11.32,-17.844,-58.36
71,0,11.36,-16.352,-56.96
71,0,11.4,-18.09,-58.79
71,0,11.44,-17.782,-58.53
71,0,11.48,-18.384,-59.18
71,0,11.52,-19.32,-60.15
71,0,11.56,-16.81,-57.66
71,0,11.6,-18.6,-59.47
71,0,11.64,-19.816,-60.77
71,0,11.68,-20.682,-61.72
71,0,11.72,-21.278,-62.37
71,0,11.76,-18.394,-59.51
71,0,11.8,-19.62,-60.76
71,0,11.84,-19.136,-60.22
71,0,11.88,-22.682,-63.71
71,0,11.92,-20.064,-61.19
71,0,11.96,-19.022,-60.4
71,0,12,-19.27,-60.9
72,0,8,-23.01,-57.63
72,0,8.04,-22.398,-57.11
72,0,8.08,-23.666,-58.47
72,0,8.12,-21.792,-56.68
72,0,8.16,-20.686,-55.65
72,0,8.2,-20.21,-55.25
72,0,8.24,-20.202,-55.31
72,0,8.28,-22.114,-57.29
72,0,8.32,-27.156,-62.4
72,0,8.36,-33.248,-68.56
72,0,8.4,-35.45,-70.83
72,0,8.44,-28.202,-63.79
72,0,8.48,-30.784,-66.58
72,0,8.52,-30.034,-66.06
72,0,8.56,-37.362,-73.64
72,0,8.6,-27.62,-64.15
72,0,8.64,-28.284,-65.13
72,0,8.68,-28.298,-65.46
72,0,8.72,-26.088,-63.39
72,0,8.76,-26.004,-63.27
72,0,8.8,-26.1,-63.33
72,0,8.84,-24.804,-61.99
72,0,8.88,-24.398,-61.54
72,0,8.92,-24.724,-61.93
72,0,8.96,-25.342,-62.72
72,0,9,-23.89,-61.44
72,0,9.04,-26.694,-64.48
72,0,9.08,-23.898,-61.92
72,0,9.12,-23.996,-62.28
72,0,9.16,-21.378,-59.95
72,0,9.2,-20.97,-59.83
72,0,9.24,-22.42,-61.02
72,0,9.28,-26.23,-64.57
72,0,9.32,-25.538,-63.7
72,0,9.36,-34.654,-72.72
72,0,9.4,-29.69,-67.66
72,0,9.44,-28.064,-66.17
72,0,9.48,-26.888,-65.13
72,0,9.52,-26.532,-64.91
72,0,9.56,-32.166,-70.68
72,0,9.6,-29.31,-67.96
72,0,9.64,-30.41,-69.18
72,0,9.68,-28.03,-66.92
72,0,9.72,-26.398,-65.38
72,0,9.76,-25.184,-64.23
72,0,9.8,-23.46,-62.57
72,0,9.84,-24.076,-63.19
72,0,9.88,-24.622,-63.74
72,0,9.92,-22.68,-61.79
72,0,9.96,-21.16,-60.25
72,0,10,-27.46,-66.53
72,0,10.04,-31.644,-70.89
72,0,10.08,-40.068,-79.49
72,0,10.12,-30.546,-70.1
72,0,10.16,-25.948,-65.59
72,0,10.2,-27.86,-67.59
72,0,10.24,-31.202,-70.9
72,0,10.28,-28.574,-68.24
72,0,10.32,-27.832,-67.46
72,0,10.36,-27.056,-66.64
72,0,10.4,-32.09,-71.63
72,0,10.44,-34.094,-73.63
72,0,10.48,-34.598,-74.13
72,0,10.52,-34.052,-73.66
72,0,10.56,-26.786,-66.55
72,0,10.6,-24.16,-64.08
72,0,10.64,-27.918,-67.93
72,0,10.68,-24.746,-64.85
72,0,10.72,-21.386,-61.56
72,0,10.76,-23.758,-63.98
72,0,10.8,-24.01,-64.28
72,0,10.84,-22.02,-62.19
72,0,10.88,-24.95,-65.02
72,0,10.92,-24.952,-64.96
72,0,10.96,-25.716,-65.7
72,0,11,-23.44,-63.4
72,0,11.04,-22.306,-62.37
72,0,11.08,-21.042,-61.21
72,0,11.12,-19.886,-60.13
72,0,11.16,-19.238,-59.53
72,0,11.2,-20.75,-61.09
72,0,11.24,-20.838,-61.23
72,0,11.28,-22.736,-63.18
72,0,11.32,-20.434,-60.95
72,0,11.36,-20.642,-61.25
72,0,11.4,-19.09,-59.79
72,0,11.44,-18.632,-59.38
72,0,11.48,-21.454,-62.25
72,0,11.52,-21.28,-62.11
72,0,11.56,-20.12,-60.97
72,0,11.6,-20.94,-61.81
72,0,11.64,-24.516,-65.47
72,0,11.68,-21.052,-62.09
72,0,11.72,-21.688,-62.78
72,0,11.76,-21.464,-62.58
72,0,11.8,-20.71,-61.85
72,0,11.84,-22.396,-63.48
72,0,11.88,-19.852,-60.88
72,0,11.92,-17.174,-58.3
72,0,11.96,-16.162,-57.54
72,0,12,-17.57,-59.2
73,0,8,-21.83,-56.45
73,0,8.04,-22.858,-57.57
73,0,8.08,-24.956,-59.76
73,0,8.12,-22.292,-57.18
73,0,8.16,-22.016,-56.98
73,0,8.2,-21.88,-56.92
73,0,8.24,-21.192,-56.3
73,0,8.28,-25.494,-60.67
73,0,8.32,-30.806,-66.05
73,0,8.36,-28.998,-64.31
73,0,8.4,-30.34,-65.72
73,0,8.44,-29.792,-65.38
73,0,8.48,-29.534,-65.33
73,0,8.52,-31.404,-67.43
73,0,8.56,-34.772,-71.05
73,0,8.6,-33.79,-70.32
73,0,8.64,-34.824,-71.67
73,0,8.68,-28.398,-65.56
73,0,8.72,-26.318,-63.62
73,0,8.76,-25.754,-63.02
73,0,8.8,-29.99,-67.22
73,0,8.84,-26.054,-63.24
73,0,8.88,-24.918,-62.06
73,0,8.92,-24.834,-62.04
73,0,8.96,-25.832,-63.21
73,0,9,-24.08,-61.63
73,0,9.04,-26.114,-63.9
73,0,9.08,-22.588,-60.61
73,0,9.12,-23.746,-62.03
73,0,9.16,-23.798,-62.37
73,0,9.2,-21.58,-60.44
73,0,9.24,-21.68,-60.28
73,0,9.28,-27.65,-65.99
73,0,9.32,-25.768,-63.93
73,0,9.36,-28.514,-66.58
73,0,9.4,-29.17,-67.14
73,0,9.44,-29.094,-67.2
73,0,9.48,-25.948,-64.19
73,0,9.52,-25.452,-63.83
73,0,9.56,-39.066,-77.58
73,0,9.6,-31.89,-70.54
73,0,9.64,-36.66,-75.43
73,0,9.68,-27.96,-66.85
73,0,9.72,-27.008,-65.99
73,0,9.76,-25.854,-64.9
73,0,9.8,-23.62,-62.73
73,0,9.84,-24.146,-63.26
73,0,9.88,-27.692,-66.81
73,0,9.92,-22.52,-61.63
73,0,9.96,-21.49,-60.58
73,0,10,-23.77,-62.84
73,0,10.04,-27.824,-67.07
73,0,10.08,-31.028,-70.45
73,0,10.12,-32.736,-72.29
73,0,10.16,-31.978,-71.62
73,0,10.2,-24.53,-64.26
73,0,10.24,-25.302,-65
73,0,10.28,-30.204,-69.87
73,0,10.32,-30.242,-69.87
73,0,10.36,-32.446,-72.03
73,0,10.4,-38.56,-78.1
73,0,10.44,-31.834,-71.37
73,0,10.48,-35.638,-75.17
73,0,10.52,-37.812,-77.42
73,0,10.56,-26.926,-66.69
73,0,10.6,-31.06,-70.98
73,0,10.64,-29.558,-69.57
73,0,10.68,-26.256,-66.36
73,0,10.72,-22.396,-62.57
73,0,10.76,-24.788,-65.01
73,0,10.8,-21.82,-62.09
73,0,10.84,-24.05,-64.22
73,0,10.88,-24.53,-64.6
73,0,10.92,-22.122,-62.13
73,0,10.96,-25.196,-65.18
73,0,11,-24.13,-64.09
73,0,11.04,-24.416,-64.48
73,0,11.08,-21.422,-61.59
73,0,11.12,-22.426,-62.67
73,0,11.16,-22.598,-62.89
73,0,11.2,-22.47,-62.81
73,0,11.24,-21.338,-61.73
73,0,11.28,-24.466,-64.91
73,0,11.32,-23.624,-64.14
73,0,11.36,-23.572,-64.18
73,0,11.4,-23.74,-64.44
73,0,11.44,-19.672,-60.42
73,0,11.48,-20.154,-60.95
73,0,11.52,-23.57,-64.4
73,0,11.56,-22.84,-63.69
73,0,11.6,-28.62,-69.49
73,0,11.64,-25.326,-66.28
73,0,11.68,-22.802,-63.84
73,0,11.72,-22.058,-63.15
73,0,11.76,-23.994,-65.11
73,0,11.8,-23.28,-64.42
73,0,11.84,-23.006,-64.09
73,0,11.88,-20.832,-61.86
73,0,11.92,-17.574,-58.7
73,0,11.96,-20.022,-61.4
73,0,12,-16.59,-58.22
74,0,8,-22.81,-57.43
74,0,8.04,-21.678,-56.39
74,0,8.08,-22.876,-57.68
74,0,8.12,-22.902,-57.79
74,0,8.16,-22.336,-57.3
74,0,8.2,-24.87,-59.91
74,0,8.24,-24.952,-60.06
74,0,8.28,-31.704,-66.88
74,0,8.32,-34.436,-69.68
74,0,8.36,-32.738,-68.05
74,0,8.4,-26.1,-61.48
74,0,8.44,-26.532,-62.12
74,0,8.48,-28.494,-64.29
74,0,8.52,-31.324,-67.35
74,0,8.56,-37.832,-74.11
74,0,8.6,-35.59,-72.12
74,0,8.64,-33.294,-70.14
74,0,8.68,-31.238,-68.4
74,0,8.72,-25.308,-62.61
74,0,8.76,-29.314,-66.58
74,0,8.8,-31.84,-69.07
74,0,8.84,-28.924,-66.11
74,0,8.88,-28.168,-65.31
74,0,8.92,-27.654,-64.86
74,0,8.96,-23.192,-60.57
74,0,9,-21.49,-59.04
74,0,9.04,-25.654,-63.44
74,0,9.08,-23.548,-61.57
74,0,9.12,-23.586,-61.87
74,0,9.16,-24.668,-63.24
74,0,9.2,-21.94,-60.8
74,0,9.24,-23.09,-61.69
74,0,9.28,-27.08,-65.42
74,0,9.32,-27.098,-65.26
74,0,9.36,-33.864,-71.93
74,0,9.4,-29.87,-67.84
74,0,9.44,-29.354,-67.46
74,0,9.48,-25.548,-63.79
74,0,9.52,-27.602,-65.98
74,0,9.56,-36.026,-74.54
74,0,9.6,-32.67,-71.32
74,0,9.64,-33.28,-72.05
74,0,9.68,-25.05,-63.94
74,0,9.72,-27.178,-66.16
74,0,9.76,-26.204,-65.25
74,0,9.8,-24.33,-63.44
74,0,9.84,-24.036,-63.15
74,0,9.88,-22.162,-61.28
74,0,9.92,-22.69,-61.8
74,0,9.96,-22.23,-61.32
74,0,10,-23.48,-62.55
74,0,10.04,-25.914,-65.16
74,0,10.08,-24.248,-63.67
74,0,10.12,-32.066,-71.62
74,0,10.16,-34.628,-74.27
74,0,10.2,-29.16,-68.89
74,0,10.24,-30.592,-70.29
74,0,10.28,-27.894,-67.56
74,0,10.32,-34.662,-74.29
74,0,10.36,-28.396,-67.98
74,0,10.4,-29.75,-69.29
74,0,10.44,-34.514,-74.05
74,0,10.48,-34.378,-73.91
74,0,10.52,-31.602,-71.21
74,0,10.56,-35.296,-75.06
74,0,10.6,-25.97,-65.89
74,0,10.64,-30.068,-70.08
74,0,10.68,-29.556,-69.66
74,0,10.72,-23.146,-63.32
74,0,10.76,-28.418,-68.64
74,0,10.8,-22.47,-62.74
74,0,10.84,-25.57,-65.74
74,0,10.88,-26.99,-67.06
74,0,10.92,-25.072,-65.08
74,0,10.96,-21.146,-61.13
74,0,11,-24.16,-64.12
74,0,11.04,-25.516,-65.58
74,0,11.08,-23.032,-63.2
74,0,11.12,-21.926,-62.17
74,0,11.16,-24.408,-64.7
74,0,11.2,-26.36,-66.7
74,0,11.24,-22.618,-63.01
74,0,11.28,-26.286,-66.73
74,0,11.32,-23.714,-64.23
74,0,11.36,-29.592,-70.2
74,0,11.4,-24.82,-65.52
74,0,11.44,-21.662,-62.41
74,0,11.48,-21.364,-62.16
74,0,11.52,-27.75,-68.58
74,0,11.56,-28.09,-68.94
74,0,11.6,-24.97,-65.84
74,0,11.64,-38.456,-79.41
74,0,11.68,-28.722,-69.76
74,0,11.72,-30.548,-71.64
74,0,11.76,-24.564,-65.68
74,0,11.8,-25.49,-66.63
74,0,11.84,-22.856,-63.94
74,0,11.88,-21.442,-62.47
74,0,11.92,-19.804,-60.93
74,0,11.96,-17.702,-59.08
74,0,12,-17.62,-59.25
75,0,8,-21.62,-56.24
75,0,8.04,-22.528,-57.24
75,0,8.08,-22.706,-57.51
75,0,8.12,-24.102,-58.99
75,0,8.16,-22.866,-57.83
75,0,8.2,-24.68,-59.72
75,0,8.24,-29.422,-64.53
75,0,8.28,-36.304,-71.48
75,0,8.32,-31.916,-67.16
75,0,8.36,-26.448,-61.76
75,0,8.4,-26.41,-61.79
75,0,8.44,-26.712,-62.3
75,0,8.48,-23.864,-59.66
75,0,8.52,-34.244,-70.27
75,0,8.56,-41.012,-77.29
75,0,8.6,-37.1,-73.63
75,0,8.64,-34.534,-71.38
75,0,8.68,-32.578,-69.74
75,0,8.72,-30.028,-67.33
75,0,8.76,-29.374,-66.64
75,0,8.8,-29.06,-66.29
75,0,8.84,-31.724,-68.91
75,0,8.88,-34.448,-71.59
75,0,8.92,-35.544,-72.75
75,0,8.96,-24.732,-62.11
75,0,9,-24.91,-62.46
75,0,9.04,-26.474,-64.26
75,0,9.08,-22.868,-60.89
75,0,9.12,-25.176,-63.46
75,0,9.16,-26.638,-65.21
75,0,9.2,-23.53,-62.39
75,0,9.24,-22.81,-61.41
75,0,9.28,-24.66,-63
75,0,9.32,-28.528,-66.69
75,0,9.36,-28.304,-66.37
75,0,9.4,-26.19,-64.16
75,0,9.44,-31.434,-69.54
75,0,9.48,-30.778,-69.02
75,0,9.52,-27.752,-66.13
75,0,9.56,-30.576,-69.09
75,0,9.6,-32.62,-71.27
75,0,9.64,-33.61,-72.38
75,0,9.68,-27.13,-66.02
75,0,9.72,-25.558,-64.54
75,0,9.76,-24.524,-63.57
75,0,9.8,-23.72,-62.83
75,0,9.84,-23.706,-62.82
75,0,9.88,-22.912,-62.03
75,0,9.92,-21.58,-60.69
75,0,9.96,-23.26,-62.35
75,0,10,-23.06,-62.13
75,0,10.04,-24.614,-63.86
75,0,10.08,-25.608,-65.03
75,0,10.12,-25.596,-65.15
75,0,10.16,-33.528,-73.17
75,0,10.2,-28.09,-67.82
75,0,10.24,-27.252,-66.95
75,0,10.28,-31.824,-71.49
75,0,10.32,-28.252,-67.88
75,0,10.36,-27.106,-66.69
75,0,10.4,-31.16,-70.7
75,0,10.44,-36.024,-75.56
75,0,10.48,-31.938,-71.47
75,0,10.52,-28.292,-67.9
75,0,10.56,-30.586,-70.35
75,0,10.6,-31.3,-71.22
75,0,10.64,-32.348,-72.36
75,0,10.68,-32.166,-72.27
75,0,10.72,-23.606,-63.78
75,0,10.76,-24.498,-64.72
75,0,10.8,-24,-64.27
75,0,10.84,-25.9,-66.07
75,0,10.88,-32.88,-72.95
75,0,10.92,-24.752,-64.76
75,0,10.96,-23.816,-63.8
75,0,11,-21.88,-61.84
75,0,11.04,-25.336,-65.4
75,0,11.08,-22.682,-62.85
75,0,11.12,-22.546,-62.79
75,0,11.16,-23.198,-63.49
75,0,11.2,-25.26,-65.6
75,0,11.24,-28.908,-69.3
75,0,11.28,-24.286,-64.73
75,0,11.32,-26.634,-67.15
75,0,11.36,-27.282,-67.89
75,0,11.4,-27.78,-68.48
75,0,11.44,-27.532,-68.28
75,0,11.48,-25.754,-66.55
75,0,11.52,-22.97,-63.8
75,0,11.56,-23.48,-64.33
75,0,11.6,-27.11,-67.98
75,0,11.64,-31.416,-72.37
75,0,11.68,-33.532,-74.57
75,0,11.72,-24.038,-65.13
75,0,11.76,-22.504,-63.62
75,0,11.8,-21.79,-62.93
75,0,11.84,-24.086,-65.17
75,0,11.88,-21.382,-62.41
75,0,11.92,-20.954,-62.08
75,0,11.96,-19.242,-60.62
75,0,12,-21.77,-63.4
76,0,8,-22.55,-57.17
76,0,8.04,-21.578,-56.29
76,0,8.08,-23.696,-58.5
76,0,8.12,-24.692,-59.58
76,0,8.16,-24.056,-59.02
76,0,8.2,-26.74,-61.78
76,0,8.24,-33.722,-68.83
76,0,8.28,-36.594,-71.77
76,0,8.32,-29.796,-65.04
76,0,8.36,-27.128,-62.44
76,0,8.4,-23.97,-59.35
76,0,8.44,-24.532,-60.12
76,0,8.48,-27.234,-63.03
76,0,8.52,-29.634,-65.66
76,0,8.56,-34.662,-70.94
76,0,8.6,-53.22,-89.75
76,0,8.64,-39.704,-76.55
76,0,8.68,-33.178,-70.34
76,0,8.72,-29.258,-66.56
76,0,8.76,-28.164,-65.43
76,0,8.8,-29.42,-66.65
76,0,8.84,-34.424,-71.61
76,0,8.88,-28.758,-65.9
76,0,8.92,-35.484,-72.69
76,0,8.96,-25.792,-63.17
76,0,9,-24.63,-62.18
76,0,9.04,-26.814,-64.6
76,0,9.08,-25.428,-63.45
76,0,9.12,-26.416,-64.7
76,0,9.16,-26.328,-64.9
76,0,9.2,-24.82,-63.68
76,0,9.24,-24.77,-63.37
76,0,9.28,-27.78,-66.12
76,0,9.32,-28.928,-67.09
76,0,9.36,-27.214,-65.28
76,0,9.4,-28.61,-66.58
76,0,9.44,-26.494,-64.6
76,0,9.48,-28.108,-66.35
76,0,9.52,-37.012,-75.39
76,0,9.56,-31.676,-70.19
76,0,9.6,-29.28,-67.93
76,0,9.64,-33.08,-71.85
76,0,9.68,-28.81,-67.7
76,0,9.72,-26.188,-65.17
76,0,9.76,-26.294,-65.34
76,0,9.8,-22.64,-61.75
76,0,9.84,-21.506,-60.62
76,0,9.88,-22.362,-61.48
76,0,9.92,-21.23,-60.34
76,0,9.96,-21.11,-60.2
76,0,10,-24.42,-63.49
76,0,10.04,-23.714,-62.96
76,0,10.08,-23.838,-63.26
76,0,10.12,-29.266,-68.82
76,0,10.16,-30.008,-69.65
76,0,10.2,-31.34,-71.07
76,0,10.24,-28.592,-68.29
76,0,10.28,-27.414,-67.08
76,0,10.32,-25.302,-64.93
76,0,10.36,-33.526,-73.11
76,0,10.4,-27.52,-67.06
76,0,10.44,-34.384,-73.92
76,0,10.48,-29.238,-68.77
76,0,10.52,-29.532,-69.14
76,0,10.56,-27.006,-66.77
76,0,10.6,-22.54,-62.46
76,0,10.64,-31.358,-71.37
76,0,10.68,-38.266,-78.37
76,0,10.72,-30.866,-71.04
76,0,10.76,-26.908,-67.13
76,0,10.8,-22.14,-62.41
76,0,10.84,-24.58,-64.75
76,0,10.88,-31.1,-71.17
76,0,10.92,-28.452,-68.46
76,0,10.96,-22.556,-62.54
76,0,11,-23.86,-63.82
76,0,11.04,-23.866,-63.93
76,0,11.08,-24.322,-64.49
76,0,11.12,-21.756,-62
76,0,11.16,-22.548,-62.84
76,0,11.2,-22.91,-63.25
76,0,11.24,-24.998,-65.39
76,0,11.28,-25.136,-65.58
76,0,11.32,-27.224,-67.74
76,0,11.36,-29.162,-69.77
76,0,11.4,-25.38,-66.08
76,0,11.44,-31.362,-72.11
76,0,11.48,-34.644,-75.44
76,0,11.52,-22.28,-63.11
76,0,11.56,-30.07,-70.92
76,0,11.6,-26.46,-67.33
76,0,11.64,-25.226,-66.18
76,0,11.68,-25.882,-66.92
76,0,11.72,-29.088,-70.18
76,0,11.76,-21.494,-62.61
76,0,11.8,-24.41,-65.55
76,0,11.84,-26.556,-67.64
76,0,11.88,-21.722,-62.75
76,0,11.92,-21.634,-62.76
76,0,11.96,-21.362,-62.74
76,0,12,-22.76,-64.39
77,0,8,-21.48,-56.1
77,0,8.04,-20.758,-55.47
77,0,8.08,-22.596,-57.4
77,0,8.12,-23.122,-58.01
77,0,8.16,-25.316,-60.28
77,0,8.2,-25.6,-60.64
77,0,8.24,-37.262,-72.37
77,0,8.28,-38.234,-73.41
77,0,8.32,-29.926,-65.17
77,0,8.36,-24.548,-59.86
77,0,8.4,-27.43,-62.81
77,0,8.44,-25.732,-61.32
77,0,8.48,-27.404,-63.2
77,0,8.52,-28.864,-64.89
77,0,8.56,-34.852,-71.13
77,0,8.6,-35.88,-72.41
77,0,8.64,-43.474,-80.32
77,0,8.68,-42.558,-79.72
77,0,8.72,-29.828,-67.13
77,0,8.76,-29.614,-66.88
77,0,8.8,-29.2,-66.43
77,0,8.84,-29.134,-66.32
77,0,8.88,-34.688,-71.83
77,0,8.92,-32.364,-69.57
77,0,8.96,-24.112,-61.49
77,0,9,-23.65,-61.2
77,0,9.04,-25.594,-63.38
77,0,9.08,-24.678,-62.7
77,0,9.12,-29.196,-67.48
77,0,9.16,-27.148,-65.72
77,0,9.2,-23.4,-62.26
77,0,9.24,-26.58,-65.18
77,0,9.28,-29.26,-67.6
77,0,9.32,-29.948,-68.11
77,0,9.36,-27.554,-65.62
77,0,9.4,-27.46,-65.43
77,0,9.44,-24.884,-62.99
77,0,9.48,-27.578,-65.82
77,0,9.52,-32.622,-71
77,0,9.56,-33.106,-71.62
77,0,9.6,-32.94,-71.59
77,0,9.64,-24.88,-63.65
77,0,9.68,-27.3,-66.19
77,0,9.72,-24.968,-63.95
77,0,9.76,-23.284,-62.33
77,0,9.8,-21.99,-61.1
77,0,9.84,-21.956,-61.07
77,0,9.88,-23.042,-62.16
77,0,9.92,-21.92,-61.03
77,0,9.96,-23.28,-62.37
77,0,10,-22.94,-62.01
77,0,10.04,-21.764,-61.01
77,0,10.08,-25.008,-64.43
77,0,10.12,-29.046,-68.6
77,0,10.16,-25.528,-65.17
77,0,10.2,-29.96,-69.69
77,0,10.24,-29.282,-68.98
77,0,10.28,-29.734,-69.4
77,0,10.32,-30.572,-70.2
77,0,10.36,-24.956,-64.54
77,0,10.4,-26.1,-65.64
77,0,10.44,-30.754,-70.29
77,0,10.48,-39.508,-79.04
77,0,10.52,-31.812,-71.42
77,0,10.56,-29.666,-69.43
77,0,10.6,-24.44,-64.36
77,0,10.64,-26.428,-66.44
77,0,10.68,-30.996,-71.1
77,0,10.72,-31.546,-71.72
77,0,10.76,-28.428,-68.65
77,0,10.8,-22.51,-62.78
77,0,10.84,-24.16,-64.33
77,0,10.88,-30.62,-70.69
77,0,10.92,-30.572,-70.58
77,0,10.96,-29.106,-69.09
77,0,11,-25.44,-65.4
77,0,11.04,-23.386,-63.45
77,0,11.08,-23.702,-63.87
77,0,11.12,-20.856,-61.1
77,0,11.16,-21.548,-61.84
77,0,11.2,-22.61,-62.95
77,0,11.24,-27.308,-67.7
77,0,11.28,-31.846,-72.29
77,0,11.32,-26.424,-66.94
77,0,11.36,-23.362,-63.97
77,0,11.4,-26.04,-66.74
77,0,11.44,-24.452,-65.2
77,0,11.48,-24.294,-65.09
77,0,11.52,-26.45,-67.28
77,0,11.56,-26.21,-67.06
77,0,11.6,-24.01,-64.88
77,0,11.64,-27.646,-68.6
77,0,11.68,-30.882,-71.92
77,0,11.72,-30.388,-71.48
77,0,11.76,-24.684,-65.8
77,0,11.8,-26.56,-67.7
77,0,11.84,-29.086,-70.17
77,0,11.88,-24.222,-65.25
77,0,11.92,-25.894,-67.02
77,0,11.96,-22.682,-64.06
77,0,12,-27.01,-68.64
78,0,8,-22.21,-56.83
78,0,8.04,-21.088,-55.8
78,0,8.08,-21.846,-56.65
78,0,8.12,-24.182,-59.07
78,0,8.16,-24.836,-59.8
78,0,8.2,-27.96,-63
78,0,8.24,-30.722,-65.83
78,0,8.28,-32.334,-67.51
78,0,8.32,-29.726,-64.97
78,0,8.36,-25.588,-60.9
78,0,8.4,-25.01,-60.39
78,0,8.44,-26.252,-61.84
78,0,8.48,-27.054,-62.85
78,0,8.52,-30.624,-66.65
78,0,8.56,-35.092,-71.37
78,0,8.6,-33.63,-70.16
78,0,8.64,-36.074,-72.92
78,0,8.68,-39.428,-76.59
78,0,8.72,-30.368,-67.67
78,0,8.76,-28.584,-65.85
78,0,8.8,-31.35,-68.58
78,0,8.84,-28.794,-65.98
78,0,8.88,-24.158,-61.3
78,0,8.92,-31.594,-68.8
78,0,8.96,-26.342,-63.72
78,0,9,-24.65,-62.2
78,0,9.04,-25.664,-63.45
78,0,9.08,-27.128,-65.15
78,0,9.12,-28.376,-66.66
78,0,9.16,-30.108,-68.68
78,0,9.2,-28.83,-67.69
78,0,9.24,-26.84,-65.44
78,0,9.28,-33.56,-71.9
78,0,9.32,-27.788,-65.95
78,0,9.36,-24.824,-62.89
78,0,9.4,-27.54,-65.51
78,0,9.44,-24.184,-62.29
78,0,9.48,-26.788,-65.03
78,0,9.52,-34.342,-72.72
78,0,9.56,-29.916,-68.43
78,0,9.6,-25.2,-63.85
78,0,9.64,-23.46,-62.23
78,0,9.68,-24.33,-63.22
78,0,9.72,-24.348,-63.33
78,0,9.76,-24.074,-63.12
78,0,9.8,-22.98,-62.09
78,0,9.84,-22.266,-61.38
78,0,9.88,-23.182,-62.3
78,0,9.92,-20.78,-59.89
78,0,9.96,-24.71,-63.8
78,0,10,-23.97,-63.04
78,0,10.04,-25.074,-64.32
78,0,10.08,-26.128,-65.55
78,0,10.12,-24.926,-64.48
78,0,10.16,-24.878,-64.52
78,0,10.2,-27.83,-67.56
78,0,10.24,-31.662,-71.36
78,0,10.28,-28.064,-67.73
78,0,10.32,-27.702,-67.33
78,0,10.36,-25.216,-64.8
78,0,10.4,-24.52,-64.06
78,0,10.44,-31.054,-70.59
78,0,10.48,-34.428,-73.96
78,0,10.52,-35.682,-75.29
78,0,10.56,-29.516,-69.28
78,0,10.6,-25.82,-65.74
78,0,10.64,-26.348,-66.36
78,0,10.68,-33.276,-73.38
78,0,10.72,-27.836,-68.01
78,0,10.76,-27.088,-67.31
78,0,10.8,-25.46,-65.73
78,0,10.84,-24.62,-64.79
78,0,10.88,-25.7,-65.77
78,0,10.92,-22.832,-62.84
78,0,10.96,-24.946,-64.93
78,0,11,-23.95,-63.91
78,0,11.04,-24.546,-64.61
78,0,11.08,-21.902,-62.07
78,0,11.12,-22.326,-62.57
78,0,11.16,-21.838,-62.13
78,0,11.2,-21.7,-62.04
78,0,11.24,-26.468,-66.86
78,0,11.28,-25.976,-66.42
78,0,11.32,-24.234,-64.75
78,0,11.36,-20.832,-61.44
78,0,11.4,-21.11,-61.81
78,0,11.44,-20.102,-60.85
78,0,11.48,-20.454,-61.25
78,0,11.52,-29.26,-70.09
78,0,11.56,-28.55,-69.4
78,0,11.6,-22.38,-63.25
78,0,11.64,-26.446,-67.4
78,0,11.68,-36.652,-77.69
78,0,11.72,-32.448,-73.54
78,0,11.76,-26.334,-67.45
78,0,11.8,-23.62,-64.76
78,0,11.84,-26.486,-67.57
78,0,11.88,-30.502,-71.53
78,0,11.92,-23.494,-64.62
78,0,11.96,-21.402,-62.78
78,0,12,-25.21,-66.84
79,0,8,-22.12,-56.74
79,0,8.04,-21.668,-56.38
79,0,8.08,-21.386,-56.19
79,0,8.12,-23.102,-57.99
79,0,8.16,-24.236,-59.2
79,0,8.2,-24.57,-59.61
79,0,8.24,-28.542,-63.65
79,0,8.28,-29.254,-64.43
79,0,8.32,-30.186,-65.43
79,0,8.36,-25.518,-60.83
79,0,8.4,-27.29,-62.67
79,0,8.44,-35.082,-70.67
79,0,8.48,-30.584,-66.38
79,0,8.52,-29.614,-65.64
79,0,8.56,-36.582,-72.86
79,0,8.6,-30.18,-66.71
79,0,8.64,-32.574,-69.42
79,0,8.68,-37.108,-74.27
79,0,8.72,-34.878,-72.18
79,0,8.76,-27.694,-64.96
79,0,8.8,-30.73,-67.96
79,0,8.84,-30.134,-67.32
79,0,8.88,-26.828,-63.97
79,0,8.92,-31.904,-69.11
79,0,8.96,-28.842,-66.22
79,0,9,-25.59,-63.14
79,0,9.04,-30.804,-68.59
79,0,9.08,-31.798,-69.82
79,0,9.12,-33.036,-71.32
79,0,9.16,-30.348,-68.92
79,0,9.2,-29.05,-67.91
79,0,9.24,-33.19,-71.79
79,0,9.28,-35.69,-74.03
79,0,9.32,-38.328,-76.49
79,0,9.36,-27.564,-65.63
79,0,9.4,-31.29,-69.26
79,0,9.44,-31.354,-69.46
79,0,9.48,-27.168,-65.41
79,0,9.52,-33.392,-71.77
79,0,9.56,-32.546,-71.06
79,0,9.6,-24.33,-62.98
79,0,9.64,-22.43,-61.2
79,0,9.68,-24.4,-63.29
79,0,9.72,-23.258,-62.24
79,0,9.76,-22.304,-61.35
79,0,9.8,-22.07,-61.18
79,0,9.84,-21.686,-60.8
79,0,9.88,-21.772,-60.89
79,0,9.92,-19.5,-58.61
79,0,9.96,-20.65,-59.74
79,0,10,-24.33,-63.4
79,0,10.04,-23.594,-62.84
79,0,10.08,-22.258,-61.68
79,0,10.12,-23.606,-63.16
79,0,10.16,-25.468,-65.11
79,0,10.2,-24.65,-64.38
79,0,10.24,-28.462,-68.16
79,0,10.28,-30.384,-70.05
79,0,10.32,-27.602,-67.23
79,0,10.36,-26.336,-65.92
79,0,10.4,-26.73,-66.27
79,0,10.44,-30.584,-70.12
79,0,10.48,-30.678,-70.21
79,0,10.52,-34.502,-74.11
79,0,10.56,-31.526,-71.29
79,0,10.6,-24.76,-64.68
79,0,10.64,-28.218,-68.23
79,0,10.68,-25.526,-65.63
79,0,10.72,-29.856,-70.03
79,0,10.76,-26.958,-67.18
79,0,10.8,-27.52,-67.79
79,0,10.84,-26.14,-66.31
79,0,10.88,-22.73,-62.8
79,0,10.92,-23.822,-63.83
79,0,10.96,-23.026,-63.01
79,0,11,-23.3,-63.26
79,0,11.04,-23.426,-63.49
79,0,11.08,-23.972,-64.14
79,0,11.12,-22.036,-62.28
79,0,11.16,-22.438,-62.73
79,0,11.2,-23.95,-64.29
79,0,11.24,-23.338,-63.73
79,0,11.28,-21.826,-62.27
79,0,11.32,-21.674,-62.19
79,0,11.36,-20.852,-61.46
79,0,11.4,-18.86,-59.56
79,0,11.44,-17.622,-58.37
79,0,11.48,-19.624,-60.42
79,0,11.52,-21.68,-62.51
79,0,11.56,-21.87,-62.72
79,0,11.6,-21.66,-62.53
79,0,11.64,-29.876,-70.83
79,0,11.68,-30.742,-71.78
79,0,11.72,-39.308,-80.4
79,0,11.76,-27.484,-68.6
79,0,11.8,-27.83,-68.97
79,0,11.84,-27.326,-68.41
79,0,11.88,-25.162,-66.19
79,0,11.92,-22.234,-63.36
79,0,11.96,-20.332,-61.71
79,0,12,-21.57,-63.2
80,0,8,-23.89,-58.51
80,0,8.04,-22.528,-57.24
80,0,8.08,-22.576,-57.38
80,0,8.12,-23.462,-58.35
80,0,8.16,-24.796,-59.76
80,0,8.2,-27.21,-62.25
80,0,8.24,-28.922,-64.03
80,0,8.28,-31.954,-67.13
80,0,8.32,-30.966,-66.21
80,0,8.36,-27.178,-62.49
80,0,8.4,-25.39,-60.77
80,0,8.44,-38.702,-74.29
80,0,8.48,-30.504,-66.3
80,0,8.52,-34.384,-70.41
80,0,8.56,-38.772,-75.05
80,0,8.6,-31.86,-68.39
80,0,8.64,-30.504,-67.35
80,0,8.68,-32.308,-69.47
80,0,8.72,-36.178,-73.48
80,0,8.76,-28.544,-65.81
80,0,8.8,-30.43,-67.66
80,0,8.84,-27.714,-64.9
80,0,8.88,-25.918,-63.06
80,0,8.92,-27.214,-64.42
80,0,8.96,-27.832,-65.21
80,0,9,-26.68,-64.23
80,0,9.04,-32.024,-69.81
80,0,9.08,-31.348,-69.37
80,0,9.12,-30.726,-69.01
80,0,9.16,-29.708,-68.28
80,0,9.2,-29.99,-68.85
80,0,9.24,-27.51,-66.11
80,0,9.28,-35.04,-73.38
80,0,9.32,-38.818,-76.98
80,0,9.36,-26.674,-64.74
80,0,9.4,-32.11,-70.08
80,0,9.44,-31.794,-69.9
80,0,9.48,-37.168,-75.41
80,0,9.52,-41.652,-80.03
80,0,9.56,-31.806,-70.32
80,0,9.6,-22.56,-61.21
80,0,9.64,-22.43,-61.2
80,0,9.68,-22.58,-61.47
80,0,9.72,-21.908,-60.89
80,0,9.76,-22.474,-61.52
80,0,9.8,-20.59,-59.7
80,0,9.84,-22.346,-61.46
80,0,9.88,-20.732,-59.85
80,0,9.92,-21.56,-60.67
80,0,9.96,-22.59,-61.68
80,0,10,-23.35,-62.42
80,0,10.04,-26.774,-66.02
80,0,10.08,-23.938,-63.36
80,0,10.12,-27.946,-67.5
80,0,10.16,-26.558,-66.2
80,0,10.2,-23.08,-62.81
80,0,10.24,-30.662,-70.36
80,0,10.28,-30.884,-70.55
80,0,10.32,-28.342,-67.97
80,0,10.36,-26.826,-66.41
80,0,10.4,-25.2,-64.74
80,0,10.44,-31.034,-70.57
80,0,10.48,-31.968,-71.5
80,0,10.52,-33.622,-73.23
80,0,10.56,-43.416,-83.18
80,0,10.6,-26.35,-66.27
80,0,10.64,-26.998,-67.01
80,0,10.68,-26.586,-66.69
80,0,10.72,-26.686,-66.86
80,0,10.76,-27.908,-68.13
80,0,10.8,-24.79,-65.06
80,0,10.84,-25.39,-65.56
80,0,10.88,-27.15,-67.22
80,0,10.92,-22.302,-62.31
80,0,10.96,-22.226,-62.21
80,0,11,-22.71,-62.67
80,0,11.04,-24.076,-64.14
80,0,11.08,-26.302,-66.47
80,0,11.12,-23.856,-64.1
80,0,11.16,-24.928,-65.22
80,0,11.2,-23.16,-63.5
80,0,11.24,-20.298,-60.69
80,0,11.28,-20.746,-61.19
80,0,11.32,-20.884,-61.4
80,0,11.36,-19.102,-59.71
80,0,11.4,-20.59,-61.29
80,0,11.44,-17.882,-58.63
80,0,11.48,-17.624,-58.42
80,0,11.52,-21.96,-62.79
80,0,11.56,-23.64,-64.49
80,0,11.6,-21.87,-62.74
80,0,11.64,-24.166,-65.12
80,0,11.68,-30.932,-71.97
80,0,11.72,-41.638,-82.73
80,0,11.76,-37.224,-78.34
80,0,11.8,-27.59,-68.73
80,0,11.84,-24.866,-65.95
80,0,11.88,-21.522,-62.55
80,0,11.92,-19.774,-60.9
80,0,11.96,-20.682,-62.06
80,0,12,-20.79,-62.42
81,0,8,-24.01,-58.63
81,0,8.04,-23.578,-58.29
81,0,8.08,-22.386,-57.19
81,0,8.12,-22.382,-57.27
81,0,8.16,-23.806,-58.77
81,0,8.2,-25.53,-60.57
81,0,8.24,-26.882,-61.99
81,0,8.28,-31.744,-66.92
81,0,8.32,-30.656,-65.9
81,0,8.36,-28.368,-63.68
81,0,8.4,-29.37,-64.75
81,0,8.44,-35.092,-70.68
81,0,8.48,-35.164,-70.96
81,0,8.52,-33.824,-69.85
81,0,8.56,-32.452,-68.73
81,0,8.6,-32.15,-68.68
81,0,8.64,-34.464,-71.31
81,0,8.68,-36.358,-73.52
81,0,8.72,-32.948,-70.25
81,0,8.76,-34.894,-72.16
81,0,8.8,-34.87,-72.1
81,0,8.84,-25.054,-62.24
81,0,8.88,-26.998,-64.14
81,0,8.92,-29.144,-66.35
81,0,8.96,-28.282,-65.66
81,0,9,-25.21,-62.76
81,0,9.04,-27.294,-65.08
81,0,9.08,-29.778,-67.8
81,0,9.12,-35.686,-73.97
81,0,9.16,-29.738,-68.31
81,0,9.2,-29.9,-68.76
81,0,9.24,-27.5,-66.1
81,0,9.28,-34.29,-72.63
81,0,9.32,-48.268,-86.43
81,0,9.36,-32.144,-70.21
81,0,9.4,-34.38,-72.35
81,0,9.44,-31.174,-69.28
81,0,9.48,-42.878,-81.12
81,0,9.52,-36.882,-75.26
81,0,9.56,-30.716,-69.23
81,0,9.6,-23.13,-61.78
81,0,9.64,-21.64,-60.41
81,0,9.68,-22.98,-61.87
81,0,9.72,-23.128,-62.11
81,0,9.76,-22.774,-61.82
81,0,9.8,-22.39,-61.5
81,0,9.84,-21.616,-60.73
81,0,9.88,-23.932,-63.05
81,0,9.92,-23.57,-62.68
81,0,9.96,-23.12,-62.21
81,0,10,-23.43,-62.5
81,0,10.04,-23.154,-62.4
81,0,10.08,-25.168,-64.59
81,0,10.12,-24.806,-64.36
81,0,10.16,-27.058,-66.7
81,0,10.2,-26.56,-66.29
81,0,10.24,-29.032,-68.73
81,0,10.28,-29.344,-69.01
81,0,10.32,-28.412,-68.04
81,0,10.36,-26.816,-66.4
81,0,10.4,-27.3,-66.84
81,0,10.44,-29.264,-68.8
81,0,10.48,-32.398,-71.93
81,0,10.52,-33.342,-72.95
81,0,10.56,-34.236,-74
81,0,10.6,-29.09,-69.01
81,0,10.64,-30.378,-70.39
81,0,10.68,-28.706,-68.81
81,0,10.72,-28.206,-68.38
81,0,10.76,-25.798,-66.02
81,0,10.8,-25.26,-65.53
81,0,10.84,-26.06,-66.23
81,0,10.88,-28.69,-68.76
81,0,10.92,-23.542,-63.55
81,0,10.96,-24.056,-64.04
81,0,11,-21.85,-61.81
81,0,11.04,-22.046,-62.11
81,0,11.08,-24.672,-64.84
81,0,11.12,-28.066,-68.31
81,0,11.16,-27.548,-67.84
81,0,11.2,-22.94,-63.28
81,0,11.24,-21.068,-61.46
81,0,11.28,-23.066,-63.51
81,0,11.32,-20.604,-61.12
81,0,11.36,-17.202,-57.81
81,0,11.4,-18.12,-58.82
81,0,11.44,-17.992,-58.74
81,0,11.48,-16.804,-57.6
81,0,11.52,-19.07,-59.9
81,0,11.56,-24.44,-65.29
81,0,11.6,-26.77,-67.64
81,0,11.64,-24.266,-65.22
81,0,11.68,-28.622,-69.66
81,0,11.72,-29.998,-71.09
81,0,11.76,-23.714,-64.83
81,0,11.8,-27.64,-68.78
81,0,11.84,-25.806,-66.89
81,0,11.88,-18.852,-59.88
81,0,11.92,-18.434,-59.56
81,0,11.96,-20.052,-61.43
81,0,12,-19.2,-60.83
82,0,8,-25.96,-60.58
82,0,8.04,-27.018,-61.73
82,0,8.08,-23.976,-58.78
82,0,8.12,-23.612,-58.5
82,0,8.16,-24.786,-59.75
82,0,8.2,-27.36,-62.4
82,0,8.24,-27.812,-62.92
82,0,8.28,-30.984,-66.16
82,0,8.32,-38.036,-73.28
82,0,8.36,-33.118,-68.43
82,0,8.4,-28.8,-64.18
82,0,8.44,-30.172,-65.76
82,0,8.48,-37.774,-73.57
82,0,8.52,-32.114,-68.14
82,0,8.56,-32.462,-68.74
82,0,8.6,-28.15,-64.68
82,0,8.64,-31.284,-68.13
82,0,8.68,-34.758,-71.92
82,0,8.72,-29.948,-67.25
82,0,8.76,-31.544,-68.81
82,0,8.8,-35.11,-72.34
82,0,8.84,-31.734,-68.92
82,0,8.88,-25.978,-63.12
82,0,8.92,-29.314,-66.52
82,0,8.96,-25.942,-63.32
82,0,9,-29.27,-66.82
82,0,9.04,-28.344,-66.13
82,0,9.08,-28.238,-66.26
82,0,9.12,-32.156,-70.44
82,0,9.16,-39.818,-78.39
82,0,9.2,-29.15,-68.01
82,0,9.24,-27.43,-66.03
82,0,9.28,-30.34,-68.68
82,0,9.32,-32.198,-70.36
82,0,9.36,-34.424,-72.49
82,0,9.4,-32.27,-70.24
82,0,9.44,-28.754,-66.86
82,0,9.48,-39.768,-78.01
82,0,9.52,-44.712,-83.09
82,0,9.56,-29.926,-68.44
82,0,9.6,-25.94,-64.59
82,0,9.64,-22.72,-61.49
82,0,9.68,-23.95,-62.84
82,0,9.72,-22.758,-61.74
82,0,9.76,-22.584,-61.63
82,0,9.8,-21.72,-60.83
82,0,9.84,-23.816,-62.93
82,0,9.88,-23.742,-62.86
82,0,9.92,-23.17,-62.28
82,0,9.96,-24.25,-63.34
82,0,10,-24.35,-63.42
82,0,10.04,-26.364,-65.61
82,0,10.08,-26.808,-66.23
82,0,10.12,-27.056,-66.61
82,0,10.16,-28.958,-68.6
82,0,10.2,-26.59,-66.32
82,0,10.24,-32.812,-72.51
82,0,10.28,-31.434,-71.1
82,0,10.32,-28.272,-67.9
82,0,10.36,-25.106,-64.69
82,0,10.4,-25.5,-65.04
82,0,10.44,-31.354,-70.89
82,0,10.48,-25.878,-65.41
82,0,10.52,-28.182,-67.79
82,0,10.56,-40.056,-79.82
82,0,10.6,-26.17,-66.09
82,0,10.64,-26.738,-66.75
82,0,10.68,-27.166,-67.27
82,0,10.72,-25.926,-66.1
82,0,10.76,-29.318,-69.54
82,0,10.8,-26.78,-67.05
82,0,10.84,-28.23,-68.4
82,0,10.88,-27.58,-67.65
82,0,10.92,-24.822,-64.83
82,0,10.96,-24.106,-64.09
82,0,11,-24.52,-64.48
82,0,11.04,-25.086,-65.15
82,0,11.08,-25.712,-65.88
82,0,11.12,-25.716,-65.96
82,0,11.16,-29.398,-69.69
82,0,11.2,-26.63,-66.97
82,0,11.24,-23.358,-63.75
82,0,11.28,-22.456,-62.9
82,0,11.32,-20.134,-60.65
82,0,11.36,-18.772,-59.38
82,0,11.4,-19.21,-59.91
82,0,11.44,-17.222,-57.97
82,0,11.48,-19.254,-60.05
82,0,11.52,-20.99,-61.82
82,0,11.56,-22.94,-63.79
82,0,11.6,-27.33,-68.2
82,0,11.64,-28.276,-69.23
82,0,11.68,-24.002,-65.04
82,0,11.72,-30.428,-71.52
82,0,11.76,-30.714,-71.83
82,0,11.8,-25.23,-66.37
82,0,11.84,-19.916,-61
82,0,11.88,-19.592,-60.62
82,0,11.92,-19.544,-60.67
82,0,11.96,-19.172,-60.55
82,0,12,-19.25,-60.88
83,0,8,-33.14,-67.76
83,0,8.04,-25.618,-60.33
83,0,8.08,-24.886,-59.69
83,0,8.12,-22.512,-57.4
83,0,8.16,-24.016,-58.98
83,0,8.2,-26.2,-61.24
83,0,8.24,-26.882,-61.99
83,0,8.28,-33.954,-69.13
83,0,8.32,-36.896,-72.14
83,0,8.36,-34.328,-69.64
83,0,8.4,-26.59,-61.97
83,0,8.44,-33.512,-69.1
83,0,8.48,-35.894,-71.69
83,0,8.52,-33.554,-69.58
83,0,8.56,-29.702,-65.98
83,0,8.6,-29.94,-66.47
83,0,8.64,-31.744,-68.59
83,0,8.68,-33.538,-70.7
83,0,8.72,-31.188,-68.49
83,0,8.76,-36.804,-74.07
83,0,8.8,-52.54,-89.77
83,0,8.84,-27.284,-64.47
83,0,8.88,-28.558,-65.7
83,0,8.92,-29.844,-67.05
83,0,8.96,-31.412,-68.79
83,0,9,-34.33,-71.88
83,0,9.04,-27.884,-65.67
83,0,9.08,-34.668,-72.69
83,0,9.12,-29.136,-67.42
83,0,9.16,-33.998,-72.57
83,0,9.2,-28.88,-67.74
83,0,9.24,-29.44,-68.04
83,0,9.28,-29.74,-68.08
83,0,9.32,-38.568,-76.73
83,0,9.36,-39.754,-77.82
83,0,9.4,-37.71,-75.68
83,0,9.44,-41.334,-79.44
83,0,9.48,-48.498,-86.74
83,0,9.52,-37.512,-75.89
83,0,9.56,-31.716,-70.23
83,0,9.6,-25.19,-63.84
83,0,9.64,-25.29,-64.06
83,0,9.68,-25.11,-64
83,0,9.72,-24.428,-63.41
83,0,9.76,-23.604,-62.65
83,0,9.8,-23.11,-62.22
83,0,9.84,-22.886,-62
83,0,9.88,-26.652,-65.77
83,0,9.92,-30.09,-69.2
83,0,9.96,-25.05,-64.14
83,0,10,-26.4,-65.47
83,0,10.04,-24.694,-63.94
83,0,10.08,-25.398,-64.82
83,0,10.12,-26.266,-65.82
83,0,10.16,-27.958,-67.6
83,0,10.2,-29.22,-68.95
83,0,10.24,-29.902,-69.6
83,0,10.28,-34.854,-74.52
83,0,10.32,-29.372,-69
83,0,10.36,-33.336,-72.92
83,0,10.4,-26.86,-66.4
83,0,10.44,-31.444,-70.98
83,0,10.48,-22.878,-62.41
83,0,10.52,-30.112,-69.72
83,0,10.56,-31.686,-71.45
83,0,10.6,-34.76,-74.68
83,0,10.64,-27.168,-67.18
83,0,10.68,-27.636,-67.74
83,0,10.72,-27.526,-67.7
83,0,10.76,-22.428,-62.65
83,0,10.8,-25.68,-65.95
83,0,10.84,-29.71,-69.88
83,0,10.88,-32.75,-72.82
83,0,10.92,-26.482,-66.49
83,0,10.96,-23.936,-63.92
83,0,11,-25.07,-65.03
83,0,11.04,-26.116,-66.18
83,0,11.08,-23.162,-63.33
83,0,11.12,-28.286,-68.53
83,0,11.16,-32.288,-72.58
83,0,11.2,-28.64,-68.98
83,0,11.24,-22.988,-63.38
83,0,11.28,-21.446,-61.89
83,0,11.32,-20.234,-60.75
83,0,11.36,-18.892,-59.5
83,0,11.4,-19.47,-60.17
83,0,11.44,-20.162,-60.91
83,0,11.48,-19.784,-60.58
83,0,11.52,-22.14,-62.97
83,0,11.56,-26.24,-67.09
83,0,11.6,-25.38,-66.25
83,0,11.64,-21.596,-62.55
83,0,11.68,-23.692,-64.73
83,0,11.72,-26.488,-67.58
83,0,11.76,-23.474,-64.59
83,0,11.8,-25.41,-66.55
83,0,11.84,-22.916,-64
83,0,11.88,-18.332,-59.36
83,0,11.92,-16.604,-57.73
83,0,11.96,-17.102,-58.48
83,0,12,-19.07,-60.7
84,0,8,-37.69,-72.31
84,0,8.04,-30.828,-65.54
84,0,8.08,-25.446,-60.25
84,0,8.12,-26.772,-61.66
84,0,8.16,-26.606,-61.57
84,0,8.2,-25.79,-60.83
84,0,8.24,-28.182,-63.29
84,0,8.28,-32.654,-67.83
84,0,8.32,-36.896,-72.14
84,0,8.36,-32.748,-68.06
84,0,8.4,-27.08,-62.46
84,0,8.44,-31.652,-67.24
84,0,8.48,-41.764,-77.56
84,0,8.52,-32.864,-68.89
84,0,8.56,-25.882,-62.16
84,0,8.6,-29.8,-66.33
84,0,8.64,-28.844,-65.69
84,0,8.68,-28.818,-65.98
84,0,8.72,-30.758,-68.06
84,0,8.76,-30.624,-67.89
84,0,8.8,-43.93,-81.16
84,0,8.84,-37.634,-74.82
84,0,8.88,-30.738,-67.88
84,0,8.92,-28.944,-66.15
84,0,8.96,-36.502,-73.88
84,0,9,-29.56,-67.11
84,0,9.04,-27.114,-64.9
84,0,9.08,-30.388,-68.41
84,0,9.12,-39.056,-77.34
84,0,9.16,-30.448,-69.02
84,0,9.2,-32.62,-71.48
84,0,9.24,-28.03,-66.63
84,0,9.28,-29.65,-67.99
84,0,9.32,-45.888,-84.05
84,0,9.36,-32.474,-70.54
84,0,9.4,-33.64,-71.61
84,0,9.44,-33.964,-72.07
84,0,9.48,-39.078,-77.32
84,0,9.52,-39.982,-78.36
84,0,9.56,-25.856,-64.37
84,0,9.6,-32.93,-71.58
84,0,9.64,-26.51,-65.28
84,0,9.68,-27.61,-66.5
84,0,9.72,-25.458,-64.44
84,0,9.76,-25.814,-64.86
84,0,9.8,-23.35,-62.46
84,0,9.84,-24.646,-63.76
84,0,9.88,-24.902,-64.02
84,0,9.92,-28.65,-67.76
84,0,9.96,-26.3,-65.39
84,0,10,-31.86,-70.93
84,0,10.04,-29.874,-69.12
84,0,10.08,-30.678,-70.1
84,0,10.12,-25.606,-65.16
84,0,10.16,-29.188,-68.83
84,0,10.2,-24.47,-64.2
84,0,10.24,-25.162,-64.86
84,0,10.28,-38.514,-78.18
84,0,10.32,-34.892,-74.52
84,0,10.36,-33.416,-73
84,0,10.4,-32.64,-72.18
84,0,10.44,-25.524,-65.06
84,0,10.48,-28.638,-68.17
84,0,10.52,-30.162,-69.77
84,0,10.56,-41.016,-80.78
84,0,10.6,-29.61,-69.53
84,0,10.64,-27.898,-67.91
84,0,10.68,-33.986,-74.09
84,0,10.72,-27.066,-67.24
84,0,10.76,-25.478,-65.7
84,0,10.8,-26.67,-66.94
84,0,10.84,-32.48,-72.65
84,0,10.88,-27.64,-67.71
84,0,10.92,-26.832,-66.84
84,0,10.96,-24.496,-64.48
84,0,11,-26.06,-66.02
84,0,11.04,-30.776,-70.84
84,0,11.08,-28.692,-68.86
84,0,11.12,-38.046,-78.29
84,0,11.16,-31.048,-71.34
84,0,11.2,-27.15,-67.49
84,0,11.24,-25.468,-65.86
84,0,11.28,-24.876,-65.32
84,0,11.32,-19.924,-60.44
84,0,11.36,-20.892,-61.5
84,0,11.4,-19.64,-60.34
84,0,11.44,-22.372,-63.12
84,0,11.48,-23.194,-63.99
84,0,11.52,-20.52,-61.35
84,0,11.56,-22.53,-63.38
84,0,11.6,-24.96,-65.83
84,0,11.64,-33.176,-74.13
84,0,11.68,-22.412,-63.45
84,0,11.72,-22.248,-63.34
84,0,11.76,-22.874,-63.99
84,0,11.8,-22.76,-63.9
84,0,11.84,-19.756,-60.84
84,0,11.88,-18.472,-59.5
84,0,11.92,-17.534,-58.66
84,0,11.96,-17.612,-58.99
84,0,12,-17.47,-59.1
85,0,8,-40.01,-74.63
85,0,8.04,-30.398,-65.11
85,0,8.08,-28.236,-63.04
85,0,8.12,-27.142,-62.03
85,0,8.16,-24.606,-59.57
85,0,8.2,-29.73,-64.77
85,0,8.24,-28.652,-63.76
85,0,8.28,-32.034,-67.21
85,0,8.32,-38.346,-73.59
85,0,8.36,-38.558,-73.87
85,0,8.4,-29.22,-64.6
85,0,8.44,-25.862,-61.45
85,0,8.48,-31.884,-67.68
85,0,8.52,-27.264,-63.29
85,0,8.56,-24.572,-60.85
85,0,8.6,-27.01,-63.54
85,0,8.64,-31.084,-67.93
85,0,8.68,-28.998,-66.16
85,0,8.72,-30.978,-68.28
85,0,8.76,-35.244,-72.51
85,0,8.8,-36.5,-73.73
85,0,8.84,-32.284,-69.47
85,0,8.88,-35.328,-72.47
85,0,8.92,-40.254,-77.46
85,0,8.96,-40.412,-77.79
85,0,9,-36.84,-74.39
85,0,9.04,-28.634,-66.42
85,0,9.08,-34.318,-72.34
85,0,9.12,-33.296,-71.58
85,0,9.16,-29.378,-67.95
85,0,9.2,-29.44,-68.3
85,0,9.24,-28.38,-66.98
85,0,9.28,-33.12,-71.46
85,0,9.32,-33.598,-71.76
85,0,9.36,-40.284,-78.35
85,0,9.4,-35.88,-73.85
85,0,9.44,-30.824,-68.93
85,0,9.48,-34.908,-73.15
85,0,9.52,-29.682,-68.06
85,0,9.56,-34.836,-73.35
85,0,9.6,-32.64,-71.29
85,0,9.64,-31.41,-70.18
85,0,9.68,-26.21,-65.1
85,0,9.72,-26.968,-65.95
85,0,9.76,-25.134,-64.18
85,0,9.8,-28.51,-67.62
85,0,9.84,-24.716,-63.83
85,0,9.88,-31.042,-70.16
85,0,9.92,-34.88,-73.99
85,0,9.96,-42.91,-82
85,0,10,-34.41,-73.48
85,0,10.04,-39.104,-78.35
85,0,10.08,-26.968,-66.39
85,0,10.12,-28.736,-68.29
85,0,10.16,-27.348,-66.99
85,0,10.2,-27.61,-67.34
85,0,10.24,-31.722,-71.42
85,0,10.28,-40.924,-80.59
85,0,10.32,-37.822,-77.45
85,0,10.36,-47.566,-87.15
85,0,10.4,-37.34,-76.88
85,0,10.44,-25.324,-64.86
85,0,10.48,-28.778,-68.31
85,0,10.52,-26.482,-66.09
85,0,10.56,-34.086,-73.85
85,0,10.6,-31.73,-71.65
85,0,10.64,-33.908,-73.92
85,0,10.68,-28.036,-68.14
85,0,10.72,-32.966,-73.14
85,0,10.76,-33.048,-73.27
85,0,10.8,-29.05,-69.32
85,0,10.84,-32.41,-72.58
85,0,10.88,-27.45,-67.52
85,0,10.92,-27.102,-67.11
85,0,10.96,-26.356,-66.34
85,0,11,-25.57,-65.53
85,0,11.04,-28.386,-68.45
85,0,11.08,-26.892,-67.06
85,0,11.12,-35.536,-75.78
85,0,11.16,-40.028,-80.32
85,0,11.2,-27.2,-67.54
85,0,11.24,-29.408,-69.8
85,0,11.28,-24.136,-64.58
85,0,11.32,-23.064,-63.58
85,0,11.36,-21.362,-61.97
85,0,11.4,-24.32,-65.02
85,0,11.44,-21.772,-62.52
85,0,11.48,-25.294,-66.09
85,0,11.52,-30.03,-70.86
85,0,11.56,-24.72,-65.57
85,0,11.6,-25.4,-66.27
85,0,11.64,-22.206,-63.16
85,0,11.68,-25.312,-66.35
85,0,11.72,-21.758,-62.85
85,0,11.76,-26.154,-67.27
85,0,11.8,-25.19,-66.33
85,0,11.84,-22.566,-63.65
85,0,11.88,-18.972,-60
85,0,11.92,-17.044,-58.17
85,0,11.96,-17.172,-58.55
85,0,12,-17.01,-58.64
86,0,8,-44.97,-79.59
86,0,8.04,-36.788,-71.5
86,0,8.08,-30.846,-65.65
86,0,8.12,-25.852,-60.74
86,0,8.16,-26.126,-61.09
86,0,8.2,-27.97,-63.01
86,0,8.24,-31.832,-66.94
86,0,8.28,-40.604,-75.78
86,0,8.32,-30.476,-65.72
86,0,8.36,-32.078,-67.39
86,0,8.4,-27.23,-62.61
86,0,8.44,-25.662,-61.25
86,0,8.48,-27.694,-63.49
86,0,8.52,-25.834,-61.86
86,0,8.56,-24.882,-61.16
86,0,8.6,-26.05,-62.58
86,0,8.64,-30.934,-67.78
86,0,8.68,-31.418,-68.58
86,0,8.72,-29.408,-66.71
86,0,8.76,-30.674,-67.94
86,0,8.8,-38.76,-75.99
86,0,8.84,-32.844,-70.03
86,0,8.88,-34.508,-71.65
86,0,8.92,-34.954,-72.16
86,0,8.96,-46.672,-84.05
86,0,9,-36.36,-73.91
86,0,9.04,-34.914,-72.7
86,0,9.08,-29.168,-67.19
86,0,9.12,-29.246,-67.53
86,0,9.16,-31.718,-70.29
86,0,9.2,-30.69,-69.55
86,0,9.24,-25.89,-64.49
86,0,9.28,-26.85,-65.19
86,0,9.32,-32.338,-70.5
86,0,9.36,-33.204,-71.27
86,0,9.4,-31.23,-69.2
86,0,9.44,-30.504,-68.61
86,0,9.48,-27.918,-66.16
86,0,9.52,-36.892,-75.27
86,0,9.56,-29.146,-67.66
86,0,9.6,-34.7,-73.35
86,0,9.64,-33.76,-72.53
86,0,9.68,-35.1,-73.99
86,0,9.72,-30.458,-69.44
86,0,9.76,-32.414,-71.46
86,0,9.8,-28.08,-67.19
86,0,9.84,-27.306,-66.42
86,0,9.88,-28.172,-67.29
86,0,9.92,-27.93,-67.04
86,0,9.96,-31.85,-70.94
86,0,10,-46.37,-85.44
86,0,10.04,-51.464,-90.71
86,0,10.08,-32.648,-72.07
86,0,10.12,-32.996,-72.55
86,0,10.16,-31.788,-71.43
86,0,10.2,-32.75,-72.48
86,0,10.24,-32.402,-72.1
86,0,10.28,-31.474,-71.14
86,0,10.32,-36.942,-76.57
86,0,10.36,-34.526,-74.11
86,0,10.4,-37.75,-77.29
86,0,10.44,-31.344,-70.88
86,0,10.48,-25.038,-64.57
86,0,10.52,-27.112,-66.72
86,0,10.56,-33.266,-73.03
86,0,10.6,-29.44,-69.36
86,0,10.64,-37.688,-77.7
86,0,10.68,-37.306,-77.41
86,0,10.72,-34.516,-74.69
86,0,10.76,-34.278,-74.5
86,0,10.8,-50.85,-91.12
86,0,10.84,-27.7,-67.87
86,0,10.88,-25.92,-65.99
86,0,10.92,-31.182,-71.19
86,0,10.96,-27.786,-67.77
86,0,11,-25.77,-65.73
86,0,11.04,-34.926,-74.99
86,0,11.08,-32.522,-72.69
86,0,11.12,-34.626,-74.87
86,0,11.16,-31.928,-72.22
86,0,11.2,-33.71,-74.05
86,0,11.24,-27.868,-68.26
86,0,11.28,-27.016,-67.46
86,0,11.32,-24.304,-64.82
86,0,11.36,-25.142,-65.75
86,0,11.4,-22.77,-63.47
86,0,11.44,-23.772,-64.52
86,0,11.48,-26.754,-67.55
86,0,11.52,-27.19,-68.02
86,0,11.56,-25.04,-65.89
86,0,11.6,-27.7,-68.57
86,0,11.64,-21.916,-62.87
86,0,11.68,-21.042,-62.08
86,0,11.72,-25.308,-66.4
86,0,11.76,-23.314,-64.43
86,0,11.8,-23.69,-64.83
86,0,11.84,-22.856,-63.94
86,0,11.88,-19.052,-60.08
86,0,11.92,-17.514,-58.64
86,0,11.96,-17.882,-59.26
86,0,12,-15.52,-57.15
87,0,8,-38.84,-73.46
87,0,8.04,-39.008,-73.72
87,0,8.08,-32.966,-67.77
87,0,8.12,-29.842,-64.73
87,0,8.16,-26.116,-61.08
87,0,8.2,-27.05,-62.09
87,0,8.24,-29.082,-64.19
87,0,8.28,-32.144,-67.32
87,0,8.32,-30.126,-65.37
87,0,8.36,-29.558,-64.87
87,0,8.4,-25.44,-60.82
87,0,8.44,-24.062,-59.65
87,0,8.48,-26.654,-62.45
87,0,8.52,-25.284,-61.31
87,0,8.56,-26.002,-62.28
87,0,8.6,-26.44,-62.97
87,0,8.64,-31.374,-68.22
87,0,8.68,-30.848,-68.01
87,0,8.72,-33.958,-71.26
87,0,8.76,-36.704,-73.97
87,0,8.8,-31.8,-69.03
87,0,8.84,-29.804,-66.99
87,0,8.88,-29.318,-66.46
87,0,8.92,-32.314,-69.52
87,0,8.96,-31.712,-69.09
87,0,9,-33.11,-70.66
87,0,9.04,-29.364,-67.15
87,0,9.08,-27.728,-65.75
87,0,9.12,-38.276,-76.56
87,0,9.16,-29.238,-67.81
87,0,9.2,-28.35,-67.21
87,0,9.24,-27.87,-66.47
87,0,9.28,-31.36,-69.7
87,0,9.32,-32.298,-70.46
87,0,9.36,-29.944,-68.01
87,0,9.4,-31.48,-69.45
87,0,9.44,-30.104,-68.21
87,0,9.48,-34.808,-73.05
87,0,9.52,-30.522,-68.9
87,0,9.56,-38.896,-77.41
87,0,9.6,-34.6,-73.25
87,0,9.64,-39.2,-77.97
87,0,9.68,-48.09,-86.98
87,0,9.72,-35.968,-74.95
87,0,9.76,-41.634,-80.68
87,0,9.8,-33.38,-72.49
87,0,9.84,-30.166,-69.28
87,0,9.88,-26.562,-65.68
87,0,9.92,-35.34,-74.45
87,0,9.96,-29.53,-68.62
87,0,10,-31.7,-70.77
87,0,10.04,-35.224,-74.47
87,0,10.08,-37.578,-77
87,0,10.12,-30.386,-69.94
87,0,10.16,-34.898,-74.54
87,0,10.2,-29.54,-69.27
87,0,10.24,-31.172,-70.87
87,0,10.28,-29.644,-69.31
87,0,10.32,-39.432,-79.06
87,0,10.36,-36.106,-75.69
87,0,10.4,-42.85,-82.39
87,0,10.44,-35.144,-74.68
87,0,10.48,-30.108,-69.64
87,0,10.52,-32.462,-72.07
87,0,10.56,-32.496,-72.26
87,0,10.6,-35.83,-75.75
87,0,10.64,-31.998,-72.01
87,0,10.68,-37.636,-77.74
87,0,10.72,-30.226,-70.4
87,0,10.76,-31.858,-72.08
87,0,10.8,-33.59,-73.86
87,0,10.84,-31.64,-71.81
87,0,10.88,-28.63,-68.7
87,0,10.92,-30.002,-70.01
87,0,10.96,-30.956,-70.94
87,0,11,-28.88,-68.84
87,0,11.04,-33.116,-73.18
87,0,11.08,-34.482,-74.65
87,0,11.12,-38.196,-78.44
87,0,11.16,-40.108,-80.4
87,0,11.2,-42.77,-83.11
87,0,11.24,-46.118,-86.51
87,0,11.28,-27.316,-67.76
87,0,11.32,-24.014,-64.53
87,0,11.36,-27.282,-67.89
87,0,11.4,-30.39,-71.09
87,0,11.44,-29.412,-70.16
87,0,11.48,-53.974,-94.77
87,0,11.52,-34.08,-74.91
87,0,11.56,-24.99,-65.84
87,0,11.6,-26.52,-67.39
87,0,11.64,-22.366,-63.32
87,0,11.68,-21.272,-62.31
87,0,11.72,-21.658,-62.75
87,0,11.76,-21.324,-62.44
87,0,11.8,-22.55,-63.69
87,0,11.84,-22.826,-63.91
87,0,11.88,-19.842,-60.87
87,0,11.92,-18.574,-59.7
87,0,11.96,-16.472,-57.85
87,0,12,-17.19,-58.82
88,0,8,-29.88,-64.5
88,0,8.04,-50.998,-85.71
88,0,8.08,-37.866,-72.67
88,0,8.12,-28.452,-63.34
88,0,8.16,-27.456,-62.42
88,0,8.2,-26.08,-61.12
88,0,8.24,-33.422,-68.53
88,0,8.28,-34.174,-69.35
88,0,8.32,-28.716,-63.96
88,0,8.36,-29.538,-64.85
88,0,8.4,-24.51,-59.89
88,0,8.44,-23.492,-59.08
88,0,8.48,-25.174,-60.97
88,0,8.52,-23.914,-59.94
88,0,8.56,-24.012,-60.29
88,0,8.6,-24.18,-60.71
88,0,8.64,-30.924,-67.77
88,0,8.68,-38.498,-75.66
88,0,8.72,-36.058,-73.36
88,0,8.76,-32.564,-69.83
88,0,8.8,-30.27,-67.5
88,0,8.84,-29.684,-66.87
88,0,8.88,-27.648,-64.79
88,0,8.92,-29.204,-66.41
88,0,8.96,-30.642,-68.02
88,0,9,-28.19,-65.74
88,0,9.04,-33.584,-71.37
88,0,9.08,-36.008,-74.03
88,0,9.12,-35.316,-73.6
88,0,9.16,-28.848,-67.42
88,0,9.2,-32.84,-71.7
88,0,9.24,-28.49,-67.09
88,0,9.28,-33.96,-72.3
88,0,9.32,-35.438,-73.6
88,0,9.36,-31.124,-69.19
88,0,9.4,-27.39,-65.36
88,0,9.44,-27.564,-65.67
88,0,9.48,-28.098,-66.34
88,0,9.52,-30.422,-68.8
88,0,9.56,-33.676,-72.19
88,0,9.6,-38.74,-77.39
88,0,9.64,-35.51,-74.28
88,0,9.68,-40.93,-79.82
88,0,9.72,-43.358,-82.34
88,0,9.76,-36.624,-75.67
88,0,9.8,-34.91,-74.02
88,0,9.84,-30.966,-70.08
88,0,9.88,-26.132,-65.25
88,0,9.92,-30.21,-69.32
88,0,9.96,-29.3,-68.39
88,0,10,-36.73,-75.8
88,0,10.04,-33.634,-72.88
88,0,10.08,-41.458,-80.88
88,0,10.12,-31.676,-71.23
88,0,10.16,-33.448,-73.09
88,0,10.2,-36.18,-75.91
88,0,10.24,-29.462,-69.16
88,0,10.28,-29.354,-69.02
88,0,10.32,-34.322,-73.95
88,0,10.36,-36.476,-76.06
88,0,10.4,-34.97,-74.51
88,0,10.44,-34.804,-74.34
88,0,10.48,-28.998,-68.53
88,0,10.52,-29.912,-69.52
88,0,10.56,-39.666,-79.43
88,0,10.6,-33.73,-73.65
88,0,10.64,-34.118,-74.13
88,0,10.68,-29.356,-69.46
88,0,10.72,-28.876,-69.05
88,0,10.76,-29.358,-69.58
88,0,10.8,-34.48,-74.75
88,0,10.84,-32.49,-72.66
88,0,10.88,-29.27,-69.34
88,0,10.92,-24.692,-64.7
88,0,10.96,-31.476,-71.46
88,0,11,-32.94,-72.9
88,0,11.04,-29.606,-69.67
88,0,11.08,-31.212,-71.38
88,0,11.12,-32.396,-72.64
88,0,11.16,-42.238,-82.53
88,0,11.2,-31.8,-72.14
88,0,11.24,-36.498,-76.89
88,0,11.28,-30.336,-70.78
88,0,11.32,-32.864,-73.38
88,0,11.36,-32.672,-73.28
88,0,11.4,-30.34,-71.04
88,0,11.44,-33.252,-74
88,0,11.48,-47.434,-88.23
88,0,11.52,-24.43,-65.26
88,0,11.56,-29.68,-70.53
88,0,11.6,-26.77,-67.64
88,0,11.64,-22.516,-63.47
88,0,11.68,-23.352,-64.39
88,0,11.72,-22.348,-63.44
88,0,11.76,-23.144,-64.26
88,0,11.8,-23.19,-64.33
88,0,11.84,-21.936,-63.02
88,0,11.88,-19.612,-60.64
88,0,11.92,-19.514,-60.64
88,0,11.96,-15.912,-57.29
88,0,12,-16.67,-58.3
89,0,8,-27.18,-61.8
89,0,8.04,-37.818,-72.53
89,0,8.08,-38.766,-73.57
89,0,8.12,-28.522,-63.41
89,0,8.16,-25.436,-60.4
89,0,8.2,-27.38,-62.42
89,0,8.24,-28.682,-63.79
89,0,8.28,-32.664,-67.84
89,0,8.32,-27.906,-63.15
89,0,8.36,-25.258,-60.57
89,0,8.4,-24.18,-59.56
89,0,8.44,-22.342,-57.93
89,0,8.48,-22.774,-58.57
89,0,8.52,-23.054,-59.08
89,0,8.56,-22.942,-59.22
89,0,8.6,-25.82,-62.35
89,0,8.64,-35.134,-71.98
89,0,8.68,-34.568,-71.73
89,0,8.72,-28.348,-65.65
89,0,8.76,-32.294,-69.56
89,0,8.8,-28,-65.23
89,0,8.84,-26.004,-63.19
89,0,8.88,-27.608,-64.75
89,0,8.92,-32.194,-69.4
89,0,8.96,-31.262,-68.64
89,0,9,-30.25,-67.8
89,0,9.04,-38.544,-76.33
89,0,9.08,-35.938,-73.96
89,0,9.12,-35.686,-73.97
89,0,9.16,-33.188,-71.76
89,0,9.2,-31.17,-70.03
89,0,9.24,-31.64,-70.24
89,0,9.28,-35.8,-74.14
89,0,9.32,-35.988,-74.15
89,0,9.36,-31.844,-69.91
89,0,9.4,-27.59,-65.56
89,0,9.44,-26.454,-64.56
89,0,9.48,-25.538,-63.78
89,0,9.52,-29.252,-67.63
89,0,9.56,-38.406,-76.92
89,0,9.6,-30.7,-69.35
89,0,9.64,-34.52,-73.29
89,0,9.68,-26.64,-65.53
89,0,9.72,-31.478,-70.46
89,0,9.76,-26.294,-65.34
89,0,9.8,-29.17,-68.28
89,0,9.84,-26.986,-66.1
89,0,9.88,-25.462,-64.58
89,0,9.92,-25.21,-64.32
89,0,9.96,-27.22,-66.31
89,0,10,-24.76,-63.83
89,0,10.04,-37.114,-76.36
89,0,10.08,-41.608,-81.03
89,0,10.12,-31.856,-71.41
89,0,10.16,-33.738,-73.38
89,0,10.2,-26.43,-66.16
89,0,10.24,-29.552,-69.25
89,0,10.28,-43.734,-83.4
89,0,10.32,-29.862,-69.49
89,0,10.36,-30.616,-70.2
89,0,10.4,-32.27,-71.81
89,0,10.44,-41.304,-80.84
89,0,10.48,-30.988,-70.52
89,0,10.52,-25.552,-65.16
89,0,10.56,-30.446,-70.21
89,0,10.6,-28.91,-68.83
89,0,10.64,-33.858,-73.87
89,0,10.68,-33.316,-73.42
89,0,10.72,-29.346,-69.52
89,0,10.76,-26.408,-66.63
89,0,10.8,-27.33,-67.6
89,0,10.84,-35.34,-75.51
89,0,10.88,-31.32,-71.39
89,0,10.92,-24.022,-64.03
89,0,10.96,-26.196,-66.18
89,0,11,-27.17,-67.13
89,0,11.04,-34.446,-74.51
89,0,11.08,-35.492,-75.66
89,0,11.12,-34.566,-74.81
89,0,11.16,-33.268,-73.56
89,0,11.2,-43.54,-83.88
89,0,11.24,-39.388,-79.78
89,0,11.28,-33.566,-74.01
89,0,11.32,-31.324,-71.84
89,0,11.36,-41.462,-82.07
89,0,11.4,-38.57,-79.27
89,0,11.44,-37.922,-78.67
89,0,11.48,-32.754,-73.55
89,0,11.52,-25.47,-66.3
89,0,11.56,-24.56,-65.41
89,0,11.6,-25.55,-66.42
89,0,11.64,-25.506,-66.46
89,0,11.68,-24.702,-65.74
89,0,11.72,-27.008,-68.1
89,0,11.76,-21.534,-62.65
89,0,11.8,-21.7,-62.84
89,0,11.84,-22.896,-63.98
89,0,11.88,-19.942,-60.97
89,0,11.92,-18.194,-59.32
89,0,11.96,-15.592,-56.97
89,0,12,-16.02,-57.65
90,0,8,-28.53,-63.15
90,0,8.04,-37.828,-72.54
90,0,8.08,-37.956,-72.76
90,0,8.12,-30.042,-64.93
90,0,8.16,-25.826,-60.79
90,0,8.2,-25.76,-60.8
90,0,8.24,-28.352,-63.46
90,0,8.28,-36.804,-71.98
90,0,8.32,-28.426,-63.67
90,0,8.36,-25.558,-60.87
90,0,8.4,-23.24,-58.62
90,0,8.44,-20.602,-56.19
90,0,8.48,-21.424,-57.22
90,0,8.52,-24.164,-60.19
90,0,8.56,-22.172,-58.45
90,0,8.6,-26.08,-62.61
90,0,8.64,-29.234,-66.08
90,0,8.68,-31.698,-68.86
90,0,8.72,-29.808,-67.11
90,0,8.76,-32.294,-69.56
90,0,8.8,-32.05,-69.28
90,0,8.84,-28.324,-65.51
90,0,8.88,-26.348,-63.49
90,0,8.92,-30.604,-67.81
90,0,8.96,-37.232,-74.61
90,0,9,-27.63,-65.18
90,0,9.04,-34.114,-71.9
90,0,9.08,-37.348,-75.37
90,0,9.12,-32.146,-70.43
90,0,9.16,-34.748,-73.32
90,0,9.2,-25.96,-64.82
90,0,9.24,-25.84,-64.44
90,0,9.28,-35.13,-73.47
90,0,9.32,-40.978,-79.14
90,0,9.36,-27.824,-65.89
90,0,9.4,-27.3,-65.27
90,0,9.44,-23.984,-62.09
90,0,9.48,-25.988,-64.23
90,0,9.52,-26.942,-65.32
90,0,9.56,-35.626,-74.14
90,0,9.6,-30.7,-69.35
90,0,9.64,-27.23,-66
90,0,9.68,-26.22,-65.11
90,0,9.72,-31.098,-70.08
90,0,9.76,-26.434,-65.48
90,0,9.8,-26.41,-65.52
90,0,9.84,-25.746,-64.86
90,0,9.88,-27.172,-66.29
90,0,9.92,-28.47,-67.58
90,0,9.96,-23.89,-62.98
90,0,10,-26.49,-65.56
90,0,10.04,-29.324,-68.57
90,0,10.08,-32.928,-72.35
90,0,10.12,-34.546,-74.1
90,0,10.16,-27.738,-67.38
90,0,10.2,-28.64,-68.37
90,0,10.24,-27.312,-67.01
90,0,10.28,-37.084,-76.75
90,0,10.32,-26.042,-65.67
90,0,10.36,-27.876,-67.46
90,0,10.4,-30.81,-70.35
90,0,10.44,-27.024,-66.56
90,0,10.48,-28.698,-68.23
90,0,10.52,-30.992,-70.6
90,0,10.56,-35.156,-74.92
90,0,10.6,-30.74,-70.66
90,0,10.64,-29.198,-69.21
90,0,10.68,-33.026,-73.13
90,0,10.72,-29.126,-69.3
90,0,10.76,-25.278,-65.5
90,0,10.8,-24.5,-64.77
90,0,10.84,-37.03,-77.2
90,0,10.88,-32.47,-72.54
90,0,10.92,-25.262,-65.27
90,0,10.96,-23.566,-63.55
90,0,11,-26.18,-66.14
90,0,11.04,-28.906,-68.97
90,0,11.08,-28.252,-68.42
90,0,11.12,-35.986,-76.23
90,0,11.16,-28.308,-68.6
90,0,11.2,-37.63,-77.97
90,0,11.24,-34.498,-74.89
90,0,11.28,-31.736,-72.18
90,0,11.32,-32.884,-73.4
90,0,11.36,-39.772,-80.38
90,0,11.4,-34.67,-75.37
90,0,11.44,-35.642,-76.39
90,0,11.48,-25.344,-66.14
90,0,11.52,-24.36,-65.19
90,0,11.56,-26.08,-66.93
90,0,11.6,-22.63,-63.5
90,0,11.64,-21.716,-62.67
90,0,11.68,-22.912,-63.95
90,0,11.72,-23.528,-64.62
90,0,11.76,-21.894,-63.01
90,0,11.8,-21.62,-62.76
90,0,11.84,-21.026,-62.11
90,0,11.88,-18.312,-59.34
90,0,11.92,-17.444,-58.57
90,0,11.96,-16.202,-57.58
90,0,12,-16.72,-58.35
91,0,8,-30.95,-65.57
91,0,8.04,-38.498,-73.21
91,0,8.08,-45.226,-80.03
91,0,8.12,-30.222,-65.11
91,0,8.16,-26.796,-61.76
91,0,8.2,-27.01,-62.05
91,0,8.24,-30.442,-65.55
91,0,8.28,-35.264,-70.44
91,0,8.32,-28.776,-64.02
91,0,8.36,-26.158,-61.47
91,0,8.4,-22.45,-57.83
91,0,8.44,-21.732,-57.32
91,0,8.48,-21.744,-57.54
91,0,8.52,-22.744,-58.77
91,0,8.56,-21.942,-58.22
91,0,8.6,-24.76,-61.29
91,0,8.64,-31.244,-68.09
91,0,8.68,-38.438,-75.6
91,0,8.72,-27.368,-64.67
91,0,8.76,-28.784,-66.05
91,0,8.8,-28.59,-65.82
91,0,8.84,-25.064,-62.25
91,0,8.88,-24.808,-61.95
91,0,8.92,-28.984,-66.19
91,0,8.96,-36.182,-73.56
91,0,9,-33.5,-71.05
91,0,9.04,-33.904,-71.69
91,0,9.08,-43.508,-81.53
91,0,9.12,-39.996,-78.28
91,0,9.16,-29.988,-68.56
91,0,9.2,-27.67,-66.53
91,0,9.24,-28.53,-67.13
91,0,9.28,-29.64,-67.98
91,0,9.32,-36.878,-75.04
91,0,9.36,-33.784,-71.85
91,0,9.4,-31.74,-69.71
91,0,9.44,-27.514,-65.62
91,0,9.48,-27.098,-65.34
91,0,9.52,-28.672,-67.05
91,0,9.56,-36.656,-75.17
91,0,9.6,-33.77,-72.42
91,0,9.64,-23.53,-62.3
91,0,9.68,-26.85,-65.74
91,0,9.72,-29.608,-68.59
91,0,9.76,-28.574,-67.62
91,0,9.8,-30.93,-70.04
91,0,9.84,-32.046,-71.16
91,0,9.88,-26.222,-65.34
91,0,9.92,-25.2,-64.31
91,0,9.96,-24.82,-63.91
91,0,10,-22.83,-61.9
91,0,10.04,-26.234,-65.48
91,0,10.08,-28.488,-67.91
91,0,10.12,-27.816,-67.37
91,0,10.16,-26.338,-65.98
91,0,10.2,-25.15,-64.88
91,0,10.24,-25.072,-64.77
91,0,10.28,-29.294,-68.96
91,0,10.32,-30.132,-69.76
91,0,10.36,-31.556,-71.14
91,0,10.4,-27.83,-67.37
91,0,10.44,-31.234,-70.77
91,0,10.48,-25.918,-65.45
91,0,10.52,-28.302,-67.91
91,0,10.56,-31.946,-71.71
91,0,10.6,-31.65,-71.57
91,0,10.64,-33.118,-73.13
91,0,10.68,-29.416,-69.52
91,0,10.72,-26.246,-66.42
91,0,10.76,-28.278,-68.5
91,0,10.8,-34.78,-75.05
91,0,10.84,-33.79,-73.96
91,0,10.88,-36.05,-76.12
91,0,10.92,-25.362,-65.37
91,0,10.96,-26.166,-66.15
91,0,11,-27.28,-67.24
91,0,11.04,-27.966,-68.03
91,0,11.08,-34.402,-74.57
91,0,11.12,-36.596,-76.84
91,0,11.16,-30.778,-71.07
91,0,11.2,-30.2,-70.54
91,0,11.24,-29.438,-69.83
91,0,11.28,-36.216,-76.66
91,0,11.32,-32.364,-72.88
91,0,11.36,-35.622,-76.23
91,0,11.4,-35.22,-75.92
91,0,11.44,-29.592,-70.34
91,0,11.48,-24.984,-65.78
91,0,11.52,-22.12,-62.95
91,0,11.56,-20.68,-61.53
91,0,11.6,-22.58,-63.45
91,0,11.64,-22.516,-63.47
91,0,11.68,-21.802,-62.84
91,0,11.72,-23.858,-64.95
91,0,11.76,-22.474,-63.59
91,0,11.8,-20.11,-61.25
91,0,11.84,-21.036,-62.12
91,0,11.88,-20.462,-61.49
91,0,11.92,-18.084,-59.21
91,0,11.96,-16.362,-57.74
91,0,12,-17.48,-59.11
92,0,8,-32.93,-67.55
92,0,8.04,-31.258,-65.97
92,0,8.08,-39.496,-74.3
92,0,8.12,-28.562,-63.45
92,0,8.16,-26.176,-61.14
92,0,8.2,-25.41,-60.45
92,0,8.24,-27.722,-62.83
92,0,8.28,-37.724,-72.9
92,0,8.32,-30.986,-66.23
92,0,8.36,-28.288,-63.6
92,0,8.4,-24.31,-59.69
92,0,8.44,-20.992,-56.58
92,0,8.48,-21.834,-57.63
92,0,8.52,-21.804,-57.83
92,0,8.56,-21.662,-57.94
92,0,8.6,-25.47,-62
92,0,8.64,-32.314,-69.16
92,0,8.68,-39.428,-76.59
92,0,8.72,-27.068,-64.37
92,0,8.76,-28.184,-65.45
92,0,8.8,-32.78,-70.01
92,0,8.84,-28.044,-65.23
92,0,8.88,-27.998,-65.14
92,0,8.92,-28.104,-65.31
92,0,8.96,-36.482,-73.86
92,0,9,-27.1,-64.65
92,0,9.04,-34.114,-71.9
92,0,9.08,-31.578,-69.6
92,0,9.12,-42.246,-80.53
92,0,9.16,-36.948,-75.52
92,0,9.2,-27.59,-66.45
92,0,9.24,-28.76,-67.36
92,0,9.28,-30.87,-69.21
92,0,9.32,-29.128,-67.29
92,0,9.36,-31.424,-69.49
92,0,9.4,-34.48,-72.45
92,0,9.44,-29.734,-67.84
92,0,9.48,-28.148,-66.39
92,0,9.52,-32.642,-71.02
92,0,9.56,-29.896,-68.41
92,0,9.6,-30.69,-69.34
92,0,9.64,-26.18,-64.95
92,0,9.68,-26.73,-65.62
92,0,9.72,-27.568,-66.55
92,0,9.76,-24.504,-63.55
92,0,9.8,-30.71,-69.82
92,0,9.84,-32.396,-71.51
92,0,9.88,-27.182,-66.3
92,0,9.92,-28,-67.11
92,0,9.96,-25.34,-64.43
92,0,10,-24.75,-63.82
92,0,10.04,-27.934,-67.18
92,0,10.08,-27.868,-67.29
92,0,10.12,-23.516,-63.07
92,0,10.16,-25.898,-65.54
92,0,10.2,-25.58,-65.31
92,0,10.24,-23.482,-63.18
92,0,10.28,-25.094,-64.76
92,0,10.32,-30.452,-70.08
92,0,10.36,-35.156,-74.74
92,0,10.4,-27.02,-66.56
92,0,10.44,-25.684,-65.22
92,0,10.48,-30.168,-69.7
92,0,10.52,-27.352,-66.96
92,0,10.56,-29.846,-69.61
92,0,10.6,-25.31,-65.23
92,0,10.64,-34.608,-74.62
92,0,10.68,-31.586,-71.69
92,0,10.72,-36.736,-76.91
92,0,10.76,-27.798,-68.02
92,0,10.8,-36.19,-76.46
92,0,10.84,-38.05,-78.22
92,0,10.88,-30.77,-70.84
92,0,10.92,-26.372,-66.38
92,0,10.96,-26.066,-66.05
92,0,11,-26.36,-66.32
92,0,11.04,-30.306,-70.37
92,0,11.08,-31.392,-71.56
92,0,11.12,-26.636,-66.88
92,0,11.16,-32.538,-72.83
92,0,11.2,-29.96,-70.3
92,0,11.24,-26.018,-66.41
92,0,11.28,-36.586,-77.03
92,0,11.32,-29.254,-69.77
92,0,11.36,-32.092,-72.7
92,0,11.4,-28.36,-69.06
92,0,11.44,-24.562,-65.31
92,0,11.48,-21.504,-62.3
92,0,11.52,-21.17,-62
92,0,11.56,-21.38,-62.23
92,0,11.6,-20.55,-61.42
92,0,11.64,-22.236,-63.19
92,0,11.68,-22.882,-63.92
92,0,11.72,-21.668,-62.76
92,0,11.76,-20.174,-61.29
92,0,11.8,-23.59,-64.73
92,0,11.84,-22.046,-63.13
92,0,11.88,-19.592,-60.62
92,0,11.92,-19.224,-60.35
92,0,11.96,-17.832,-59.21
92,0,12,-18.27,-59.9
93,0,8,-31.58,-66.2
93,0,8.04,-38.358,-73.07
93,0,8.08,-39.856,-74.66
93,0,8.12,-29.592,-64.48
93,0,8.16,-24.666,-59.63
93,0,8.2,-25.69,-60.73
93,0,8.24,-27.572,-62.68
93,0,8.28,-36.484,-71.66
93,0,8.32,-28.906,-64.15
93,0,8.36,-26.358,-61.67
93,0,8.4,-23.68,-59.06
93,0,8.44,-23.662,-59.25
93,0,8.48,-22.664,-58.46
93,0,8.52,-23.764,-59.79
93,0,8.56,-23.922,-60.2
93,0,8.6,-26.38,-62.91
93,0,8.64,-29.934,-66.78
93,0,8.68,-40.188,-77.35
93,0,8.72,-32.088,-69.39
93,0,8.76,-29.024,-66.29
93,0,8.8,-31.94,-69.17
93,0,8.84,-24.594,-61.78
93,0,8.88,-27.828,-64.97
93,0,8.92,-32.214,-69.42
93,0,8.96,-35.952,-73.33
93,0,9,-32.7,-70.25
93,0,9.04,-49.604,-87.39
93,0,9.08,-44.388,-82.41
93,0,9.12,-29.096,-67.38
93,0,9.16,-26.918,-65.49
93,0,9.2,-25.95,-64.81
93,0,9.24,-26.57,-65.17
93,0,9.28,-39.47,-77.81
93,0,9.32,-35.438,-73.6
93,0,9.36,-27.694,-65.76
93,0,9.4,-27.81,-65.78
93,0,9.44,-29.474,-67.58
93,0,9.48,-28.508,-66.75
93,0,9.52,-32.172,-70.55
93,0,9.56,-37.426,-75.94
93,0,9.6,-30.86,-69.51
93,0,9.64,-27.06,-65.83
93,0,9.68,-23.81,-62.7
93,0,9.72,-26.508,-65.49
93,0,9.76,-27.214,-66.26
93,0,9.8,-30.72,-69.83
93,0,9.84,-31.346,-70.46
93,0,9.88,-26.922,-66.04
93,0,9.92,-27.88,-66.99
93,0,9.96,-31.41,-70.5
93,0,10,-31.72,-70.79
93,0,10.04,-31.784,-71.03
93,0,10.08,-27.638,-67.06
93,0,10.12,-23.976,-63.53
93,0,10.16,-22.258,-61.9
93,0,10.2,-23.62,-63.35
93,0,10.24,-25.732,-65.43
93,0,10.28,-26.004,-65.67
93,0,10.32,-34.492,-74.12
93,0,10.36,-26.246,-65.83
93,0,10.4,-26.85,-66.39
93,0,10.44,-24.714,-64.25
93,0,10.48,-24.478,-64.01
93,0,10.52,-28.662,-68.27
93,0,10.56,-31.196,-70.96
93,0,10.6,-29.55,-69.47
93,0,10.64,-29.598,-69.61
93,0,10.68,-29.476,-69.58
93,0,10.72,-40.576,-80.75
93,0,10.76,-37.078,-77.3
93,0,10.8,-37.43,-77.7
93,0,10.84,-41.49,-81.66
93,0,10.88,-29.4,-69.47
93,0,10.92,-34.732,-74.74
93,0,10.96,-29.526,-69.51
93,0,11,-27.7,-67.66
93,0,11.04,-29.896,-69.96
93,0,11.08,-31.542,-71.71
93,0,11.12,-30.846,-71.09
93,0,11.16,-26.338,-66.63
93,0,11.2,-29.45,-69.79
93,0,11.24,-25.918,-66.31
93,0,11.28,-26.916,-67.36
93,0,11.32,-28.014,-68.53
93,0,11.36,-24.462,-65.07
93,0,11.4,-23.14,-63.84
93,0,11.44,-24.612,-65.36
93,0,11.48,-19.694,-60.49
93,0,11.52,-21.85,-62.68
93,0,11.56,-17.69,-58.54
93,0,11.6,-19.35,-60.22
93,0,11.64,-20.746,-61.7
93,0,11.68,-20.132,-61.17
93,0,11.72,-21.388,-62.48
93,0,11.76,-20.884,-62
93,0,11.8,-22.22,-63.36
93,0,11.84,-20.106,-61.19
93,0,11.88,-19.652,-60.68
93,0,11.92,-18.574,-59.7
93,0,11.96,-16.622,-58
93,0,12,-20.87,-62.5
94,0,8,-33.51,-68.13
94,0,8.04,-58.348,-93.06
94,0,8.08,-34.116,-68.92
94,0,8.12,-30.162,-65.05
94,0,8.16,-25.336,-60.3
94,0,8.2,-25.69,-60.73
94,0,8.24,-29.402,-64.51
94,0,8.28,-34.014,-69.19
94,0,8.32,-35.766,-71.01
94,0,8.36,-28.378,-63.69
94,0,8.4,-25.76,-61.14
94,0,8.44,-23.312,-58.9
94,0,8.48,-22.534,-58.33
94,0,8.52,-23.754,-59.78
94,0,8.56,-26.082,-62.36
94,0,8.6,-28.9,-65.43
94,0,8.64,-33.344,-70.19
94,0,8.68,-33.008,-70.17
94,0,8.72,-34.078,-71.38
94,0,8.76,-26.144,-63.41
94,0,8.8,-34.82,-72.05
94,0,8.84,-29.534,-66.72
94,0,8.88,-27.558,-64.7
94,0,8.92,-30.974,-68.18
94,0,8.96,-31.172,-68.55
94,0,9,-33.11,-70.66
94,0,9.04,-40.284,-78.07
94,0,9.08,-34.978,-73
94,0,9.12,-25.526,-63.81
94,0,9.16,-26.798,-65.37
94,0,9.2,-26.53,-65.39
94,0,9.24,-26.64,-65.24
94,0,9.28,-31.22,-69.56
94,0,9.32,-36.848,-75.01
94,0,9.36,-31.974,-70.04
94,0,9.4,-34.43,-72.4
94,0,9.44,-26.204,-64.31
94,0,9.48,-30.398,-68.64
94,0,9.52,-31.812,-70.19
94,0,9.56,-31.006,-69.52
94,0,9.6,-35.14,-73.79
94,0,9.64,-31.76,-70.53
94,0,9.68,-24.72,-63.61
94,0,9.72,-26.238,-65.22
94,0,9.76,-28.274,-67.32
94,0,9.8,-28.61,-67.72
94,0,9.84,-29.886,-69
94,0,9.88,-30.722,-69.84
94,0,9.92,-34.65,-73.76
94,0,9.96,-26.78,-65.87
94,0,10,-27.92,-66.99
94,0,10.04,-28.054,-67.3
94,0,10.08,-24.828,-64.25
94,0,10.12,-24.126,-63.68
94,0,10.16,-22.588,-62.23
94,0,10.2,-23.51,-63.24
94,0,10.24,-23.232,-62.93
94,0,10.28,-27.294,-66.96
94,0,10.32,-28.462,-68.09
94,0,10.36,-26.806,-66.39
94,0,10.4,-23.97,-63.51
94,0,10.44,-24.494,-64.03
94,0,10.48,-23.198,-62.73
94,0,10.52,-29.532,-69.14
94,0,10.56,-29.686,-69.45
94,0,10.6,-30.33,-70.25
94,0,10.64,-25.688,-65.7
94,0,10.68,-30.936,-71.04
94,0,10.72,-36.196,-76.37
94,0,10.76,-32.638,-72.86
94,0,10.8,-46.41,-86.68
94,0,10.84,-37.21,-77.38
94,0,10.88,-35.8,-75.87
94,0,10.92,-29.592,-69.6
94,0,10.96,-31.676,-71.66
94,0,11,-30.95,-70.91
94,0,11.04,-43.916,-83.98
94,0,11.08,-31.432,-71.6
94,0,11.12,-32.376,-72.62
94,0,11.16,-33.558,-73.85
94,0,11.2,-30.93,-71.27
94,0,11.24,-24.438,-64.83
94,0,11.28,-25.176,-65.62
94,0,11.32,-22.634,-63.15
94,0,11.36,-23.422,-64.03
94,0,11.4,-21.32,-62.02
94,0,11.44,-20.732,-61.48
94,0,11.48,-18.994,-59.79
94,0,11.52,-19.54,-60.37
94,0,11.56,-19.01,-59.86
94,0,11.6,-17.81,-58.68
94,0,11.64,-19.286,-60.24
94,0,11.68,-20.462,-61.5
94,0,11.72,-18.738,-59.83
94,0,11.76,-20.194,-61.31
94,0,11.8,-21.42,-62.56
94,0,11.84,-19.746,-60.83
94,0,11.88,-18.902,-59.93
94,0,11.92,-18.294,-59.42
94,0,11.96,-17.522,-58.9
94,0,12,-18.26,-59.89
95,0,8,-37.85,-72.47
95,0,8.04,-39.258,-73.97
95,0,8.08,-37.606,-72.41
95,0,8.12,-26.502,-61.39
95,0,8.16,-26.756,-61.72
95,0,8.2,-24.99,-60.03
95,0,8.24,-31.102,-66.21
95,0,8.28,-37.194,-72.37
95,0,8.32,-36.126,-71.37
95,0,8.36,-29.218,-64.53
95,0,8.4,-25.07,-60.45
95,0,8.44,-24.182,-59.77
95,0,8.48,-24.774,-60.57
95,0,8.52,-23.564,-59.59
95,0,8.56,-25.672,-61.95
95,0,8.6,-28.13,-64.66
95,0,8.64,-36.644,-73.49
95,0,8.68,-42.938,-80.1
95,0,8.72,-33.758,-71.06
95,0,8.76,-29.424,-66.69
95,0,8.8,-34.03,-71.26
95,0,8.84,-30.324,-67.51
95,0,8.88,-27.498,-64.64
95,0,8.92,-34.554,-71.76
95,0,8.96,-39.682,-77.06
95,0,9,-30.08,-67.63
95,0,9.04,-35.984,-73.77
95,0,9.08,-30.328,-68.35
95,0,9.12,-28.306,-66.59
95,0,9.16,-27.178,-65.75
95,0,9.2,-25.58,-64.44
95,0,9.24,-25.43,-64.03
95,0,9.28,-33.5,-71.84
95,0,9.32,-27.528,-65.69
95,0,9.36,-32.104,-70.17
95,0,9.4,-29.88,-67.85
95,0,9.44,-29.784,-67.89
95,0,9.48,-33.158,-71.4
95,0,9.52,-29.732,-68.11
95,0,9.56,-32.146,-70.66
95,0,9.6,-41.88,-80.53
95,0,9.64,-32.31,-71.08
95,0,9.68,-27.59,-66.48
95,0,9.72,-29.898,-68.88
95,0,9.76,-27.754,-66.8
95,0,9.8,-35.36,-74.47
95,0,9.84,-29.176,-68.29
95,0,9.88,-31.402,-70.52
95,0,9.92,-38.71,-77.82
95,0,9.96,-35.14,-74.23
95,0,10,-29.85,-68.92
95,0,10.04,-29.224,-68.47
95,0,10.08,-22.988,-62.41
95,0,10.12,-25.626,-65.18
95,0,10.16,-23.718,-63.36
95,0,10.2,-24,-63.73
95,0,10.24,-25.132,-64.83
95,0,10.28,-29.224,-68.89
95,0,10.32,-24.502,-64.13
95,0,10.36,-27.346,-66.93
95,0,10.4,-25.77,-65.31
95,0,10.44,-28.654,-68.19
95,0,10.48,-24.228,-63.76
95,0,10.52,-29.532,-69.14
95,0,10.56,-27.816,-67.58
95,0,10.6,-23.6,-63.52
95,0,10.64,-24.308,-64.32
95,0,10.68,-26.196,-66.3
95,0,10.72,-30.546,-70.72
95,0,10.76,-29.088,-69.31
95,0,10.8,-31.21,-71.48
95,0,10.84,-39.82,-79.99
95,0,10.88,-32.07,-72.14
95,0,10.92,-30.612,-70.62
95,0,10.96,-31.616,-71.6
95,0,11,-29.38,-69.34
95,0,11.04,-30.706,-70.77
95,0,11.08,-41.712,-81.88
95,0,11.12,-33.046,-73.29
95,0,11.16,-30.348,-70.64
95,0,11.2,-23.61,-63.95
95,0,11.24,-21.158,-61.55
95,0,11.28,-23.576,-64.02
95,0,11.32,-22.694,-63.21
95,0,11.36,-21.452,-62.06
95,0,11.4,-20.51,-61.21
95,0,11.44,-20.132,-60.88
95,0,11.48,-19.104,-59.9
95,0,11.52,-20.08,-60.91
95,0,11.56,-18.6,-59.45
95,0,11.6,-20.74,-61.61
95,0,11.64,-18.476,-59.43
95,0,11.68,-17.932,-58.97
95,0,11.72,-19.348,-60.44
95,0,11.76,-24.954,-66.07
95,0,11.8,-19.86,-61
95,0,11.84,-21.136,-62.22
95,0,11.88,-17.462,-58.49
95,0,11.92,-19.344,-60.47
95,0,11.96,-19.452,-60.83
95,0,12,-20.72,-62.35
96,0,8,-31.28,-65.9
96,0,8.04,-43.118,-77.83
96,0,8.08,-29.456,-64.26
96,0,8.12,-26.562,-61.45
96,0,8.16,-24.526,-59.49
96,0,8.2,-24.51,-59.55
96,0,8.24,-27.252,-62.36
96,0,8.28,-39.434,-74.61
96,0,8.32,-35.416,-70.66
96,0,8.36,-29.468,-64.78
96,0,8.4,-26.62,-62
96,0,8.44,-25.202,-60.79
96,0,8.48,-24.754,-60.55
96,0,8.52,-26.884,-62.91
96,0,8.56,-27.962,-64.24
96,0,8.6,-29.29,-65.82
96,0,8.64,-42.504,-79.35
96,0,8.68,-39.168,-76.33
96,0,8.72,-36.338,-73.64
96,0,8.76,-29.664,-66.93
96,0,8.8,-32.13,-69.36
96,0,8.84,-31.984,-69.17
96,0,8.88,-32.688,-69.83
96,0,8.92,-35.144,-72.35
96,0,8.96,-43.412,-80.79
96,0,9,-57.97,-95.52
96,0,9.04,-34.454,-72.24
96,0,9.08,-29.658,-67.68
96,0,9.12,-32.996,-71.28
96,0,9.16,-24.648,-63.22
96,0,9.2,-26.61,-65.47
96,0,9.24,-27.04,-65.64
96,0,9.28,-33.15,-71.49
96,0,9.32,-48.338,-86.5
96,0,9.36,-31.894,-69.96
96,0,9.4,-33.35,-71.32
96,0,9.44,-31.994,-70.1
96,0,9.48,-37.938,-76.18
96,0,9.52,-31.952,-70.33
96,0,9.56,-33.086,-71.6
96,0,9.6,-40.8,-79.45
96,0,9.64,-46.11,-84.88
96,0,9.68,-26.74,-65.63
96,0,9.72,-32.608,-71.59
96,0,9.76,-31.794,-70.84
96,0,9.8,-32.42,-71.53
96,0,9.84,-38.196,-77.31
96,0,9.88,-44.852,-83.97
96,0,9.92,-35.9,-75.01
96,0,9.96,-36.15,-75.24
96,0,10,-39.43,-78.5
96,0,10.04,-31.074,-70.32
96,0,10.08,-27.538,-66.96
96,0,10.12,-23.536,-63.09
96,0,10.16,-24.438,-64.08
96,0,10.2,-26.5,-66.23
96,0,10.24,-25.272,-64.97
96,0,10.28,-25.694,-65.36
96,0,10.32,-27.852,-67.48
96,0,10.36,-25.996,-65.58
96,0,10.4,-22.51,-62.05
96,0,10.44,-27.914,-67.45
96,0,10.48,-26.398,-65.93
96,0,10.52,-26.562,-66.17
96,0,10.56,-29.046,-68.81
96,0,10.6,-22.36,-62.28
96,0,10.64,-27.888,-67.9
96,0,10.68,-26.326,-66.43
96,0,10.72,-25.496,-65.67
96,0,10.76,-29.728,-69.95
96,0,10.8,-27.8,-68.07
96,0,10.84,-28.19,-68.36
96,0,10.88,-25.74,-65.81
96,0,10.92,-25.982,-65.99
96,0,10.96,-27.286,-67.27
96,0,11,-27.12,-67.08
96,0,11.04,-34.556,-74.62
96,0,11.08,-44.242,-84.41
96,0,11.12,-31.206,-71.45
96,0,11.16,-31.938,-72.23
96,0,11.2,-26.23,-66.57
96,0,11.24,-24.538,-64.93
96,0,11.28,-22.736,-63.18
96,0,11.32,-19.694,-60.21
96,0,11.36,-21.362,-61.97
96,0,11.4,-21.25,-61.95
96,0,11.44,-18.502,-59.25
96,0,11.48,-17.604,-58.4
96,0,11.52,-17.27,-58.1
96,0,11.56,-18.16,-59.01
96,0,11.6,-18.55,-59.42
96,0,11.64,-19.536,-60.49
96,0,11.68,-19.082,-60.12
96,0,11.72,-19.998,-61.09
96,0,11.76,-20.464,-61.58
96,0,11.8,-20.19,-61.33
96,0,11.84,-18.616,-59.7
96,0,11.88,-19.322,-60.35
96,0,11.92,-20.444,-61.57
96,0,11.96,-21.872,-63.25
96,0,12,-27.12,-68.75
97,0,8,-37.87,-72.49
97,0,8.04,-36.248,-70.96
97,0,8.08,-30.126,-64.93
97,0,8.12,-26.192,-61.08
97,0,8.16,-24.976,-59.94
97,0,8.2,-25.92,-60.96
97,0,8.24,-26.662,-61.77
97,0,8.28,-29.934,-65.11
97,0,8.32,-38.286,-73.53
97,0,8.36,-32.648,-67.96
97,0,8.4,-25.29,-60.67
97,0,8.44,-26.672,-62.26
97,0,8.48,-24.364,-60.16
97,0,8.52,-25.984,-62.01
97,0,8.56,-30.142,-66.42
97,0,8.6,-34.47,-71
97,0,8.64,-34.104,-70.95
97,0,8.68,-36.748,-73.91
97,0,8.72,-41.728,-79.03
97,0,8.76,-34.574,-71.84
97,0,8.8,-34.38,-71.61
97,0,8.84,-38.094,-75.28
97,0,8.88,-38.098,-75.24
97,0,8.92,-44.264,-81.47
97,0,8.96,-47.562,-84.94
97,0,9,-31.59,-69.14
97,0,9.04,-34.684,-72.47
97,0,9.08,-25.248,-63.27
97,0,9.12,-29.466,-67.75
97,0,9.16,-26.888,-65.46
97,0,9.2,-28.12,-66.98
97,0,9.24,-29.19,-67.79
97,0,9.28,-31.44,-69.78
97,0,9.32,-28.348,-66.51
97,0,9.36,-32.064,-70.13
97,0,9.4,-29.41,-67.38
97,0,9.44,-30.304,-68.41
97,0,9.48,-28.738,-66.98
97,0,9.52,-41.332,-79.71
97,0,9.56,-33.856,-72.37
97,0,9.6,-39.95,-78.6
97,0,9.64,-34.77,-73.54
97,0,9.68,-31.21,-70.1
97,0,9.72,-38.328,-77.31
97,0,9.76,-31.394,-70.44
97,0,9.8,-31.9,-71.01
97,0,9.84,-41.176,-80.29
97,0,9.88,-40.922,-80.04
97,0,9.92,-33.98,-73.09
97,0,9.96,-32.95,-72.04
97,0,10,-33.68,-72.75
97,0,10.04,-31.164,-70.41
97,0,10.08,-30.758,-70.18
97,0,10.12,-27.366,-66.92
97,0,10.16,-25.998,-65.64
97,0,10.2,-23.74,-63.47
97,0,10.24,-31.832,-71.53
97,0,10.28,-27.094,-66.76
97,0,10.32,-29.522,-69.15
97,0,10.36,-26.016,-65.6
97,0,10.4,-25.87,-65.41
97,0,10.44,-23.554,-63.09
97,0,10.48,-26.588,-66.12
97,0,10.52,-26.672,-66.28
97,0,10.56,-26.456,-66.22
97,0,10.6,-25.63,-65.55
97,0,10.64,-24.358,-64.37
97,0,10.68,-27.006,-67.11
97,0,10.72,-27.286,-67.46
97,0,10.76,-27.548,-67.77
97,0,10.8,-25.33,-65.6
97,0,10.84,-27.75,-67.92
97,0,10.88,-32.87,-72.94
97,0,10.92,-27.672,-67.68
97,0,10.96,-31.346,-71.33
97,0,11,-31.46,-71.42
97,0,11.04,-30.076,-70.14
97,0,11.08,-29.392,-69.56
97,0,11.12,-35.986,-76.23
97,0,11.16,-29.968,-70.26
97,0,11.2,-30.87,-71.21
97,0,11.24,-26.038,-66.43
97,0,11.28,-21.776,-62.22
97,0,11.32,-25.274,-65.79
97,0,11.36,-20.812,-61.42
97,0,11.4,-22.76,-63.46
97,0,11.44,-19.752,-60.5
97,0,11.48,-18.624,-59.42
97,0,11.52,-17.56,-58.39
97,0,11.56,-19.82,-60.67
97,0,11.6,-19.45,-60.32
97,0,11.64,-20.176,-61.13
97,0,11.68,-19.832,-60.87
97,0,11.72,-18.678,-59.77
97,0,11.76,-18.954,-60.07
97,0,11.8,-21.97,-63.11
97,0,11.84,-19.066,-60.15
97,0,11.88,-19.582,-60.61
97,0,11.92,-19.564,-60.69
97,0,11.96,-25.422,-66.8
97,0,12,-25.23,-66.86
98,0,8,-31.38,-66
98,0,8.04,-33.648,-68.36
98,0,8.08,-27.526,-62.33
98,0,8.12,-25.712,-60.6
98,0,8.16,-24.146,-59.11
98,0,8.2,-26.51,-61.55
98,0,8.24,-26.012,-61.12
98,0,8.28,-30.494,-65.67
98,0,8.32,-37.846,-73.09
98,0,8.36,-27.788,-63.1
98,0,8.4,-27.42,-62.8
98,0,8.44,-25.842,-61.43
98,0,8.48,-26.894,-62.69
98,0,8.52,-32.964,-68.99
98,0,8.56,-28.622,-64.9
98,0,8.6,-36.15,-72.68
98,0,8.64,-39.124,-75.97
98,0,8.68,-36.198,-73.36
98,0,8.72,-48.218,-85.52
98,0,8.76,-31.314,-68.58
98,0,8.8,-34,-71.23
98,0,8.84,-35.304,-72.49
98,0,8.88,-40.258,-77.4
98,0,8.92,-42.094,-79.3
98,0,8.96,-33.752,-71.13
98,0,9,-32.13,-69.68
98,0,9.04,-32.144,-69.93
98,0,9.08,-26.118,-64.14
98,0,9.12,-25.896,-64.18
98,0,9.16,-26.858,-65.43
98,0,9.2,-31.61,-70.47
98,0,9.24,-31.25,-69.85
98,0,9.28,-32.32,-70.66
98,0,9.32,-35.488,-73.65
98,0,9.36,-31.304,-69.37
98,0,9.4,-28.43,-66.4
98,0,9.44,-36.364,-74.47
98,0,9.48,-32.298,-70.54
98,0,9.52,-27.702,-66.08
98,0,9.56,-30.456,-68.97
98,0,9.6,-32.89,-71.54
98,0,9.64,-34.94,-73.71
98,0,9.68,-29.38,-68.27
98,0,9.72,-40.178,-79.16
98,0,9.76,-36.194,-75.24
98,0,9.8,-34.92,-74.03
98,0,9.84,-31.926,-71.04
98,0,9.88,-36.822,-75.94
98,0,9.92,-33.06,-72.17
98,0,9.96,-32.19,-71.28
98,0,10,-31.82,-70.89
98,0,10.04,-30.324,-69.57
98,0,10.08,-27.298,-66.72
98,0,10.12,-27.656,-67.21
98,0,10.16,-25.298,-64.94
98,0,10.2,-31.75,-71.48
98,0,10.24,-34.352,-74.05
98,0,10.28,-26.454,-66.12
98,0,10.32,-27.792,-67.42
98,0,10.36,-27.756,-67.34
98,0,10.4,-26.46,-66
98,0,10.44,-26.784,-66.32
98,0,10.48,-24.538,-64.07
98,0,10.52,-30.482,-70.09
98,0,10.56,-26.706,-66.47
98,0,10.6,-23.49,-63.41
98,0,10.64,-28.578,-68.59
98,0,10.68,-23.256,-63.36
98,0,10.72,-24.566,-64.74
98,0,10.76,-22.848,-63.07
98,0,10.8,-26.65,-66.92
98,0,10.84,-24.93,-65.1
98,0,10.88,-26.12,-66.19
98,0,10.92,-23.912,-63.92
98,0,10.96,-26.046,-66.03
98,0,11,-31.1,-71.06
98,0,11.04,-31.046,-71.11
98,0,11.08,-34.072,-74.24
98,0,11.12,-26.436,-66.68
98,0,11.16,-43.288,-83.58
98,0,11.2,-29.09,-69.43
98,0,11.24,-28.168,-68.56
98,0,11.28,-23.986,-64.43
98,0,11.32,-22.964,-63.48
98,0,11.36,-24.062,-64.67
98,0,11.4,-22.31,-63.01
98,0,11.44,-22.462,-63.21
98,0,11.48,-19.174,-59.97
98,0,11.52,-20.04,-60.87
98,0,11.56,-19.31,-60.16
98,0,11.6,-19.25,-60.12
98,0,11.64,-19.336,-60.29
98,0,11.68,-19.842,-60.88
98,0,11.72,-18.338,-59.43
98,0,11.76,-20.844,-61.96
98,0,11.8,-19.87,-61.01
98,0,11.84,-20.206,-61.29
98,0,11.88,-20.132,-61.16
98,0,11.92,-20.124,-61.25
98,0,11.96,-27.702,-69.08
98,0,12,-27.43,-69.06
99,0,8,-28.82,-63.44
99,0,8.04,-29.748,-64.46
99,0,8.08,-30.706,-65.51
99,0,8.12,-26.892,-61.78
99,0,8.16,-24.726,-59.69
99,0,8.2,-28.8,-63.84
99,0,8.24,-27.652,-62.76
99,0,8.28,-30.304,-65.48
99,0,8.32,-31.436,-66.68
99,0,8.36,-32.448,-67.76
99,0,8.4,-28.36,-63.74
99,0,8.44,-25.852,-61.44
99,0,8.48,-27.874,-63.67
99,0,8.52,-31.644,-67.67
99,0,8.56,-33.522,-69.8
99,0,8.6,-37.27,-73.8
99,0,8.64,-47.804,-84.65
99,0,8.68,-36.058,-73.22
99,0,8.72,-39.068,-76.37
99,0,8.76,-40.604,-77.87
99,0,8.8,-44.73,-81.96
99,0,8.84,-32.834,-70.02
99,0,8.88,-38.168,-75.31
99,0,8.92,-32.854,-70.06
99,0,8.96,-34.612,-71.99
99,0,9,-37.94,-75.49
99,0,9.04,-38.424,-76.21
99,0,9.08,-28.258,-66.28
99,0,9.12,-29.596,-67.88
99,0,9.16,-28.588,-67.16
99,0,9.2,-30.28,-69.14
99,0,9.24,-30.15,-68.75
99,0,9.28,-29.22,-67.56
99,0,9.32,-34.568,-72.73
99,0,9.36,-29.584,-67.65
99,0,9.4,-36.54,-74.51
99,0,9.44,-38.874,-76.98
99,0,9.48,-29.678,-67.92
99,0,9.52,-34.612,-72.99
99,0,9.56,-32.106,-70.62
99,0,9.6,-29.76,-68.41
99,0,9.64,-30,-68.77
99,0,9.68,-25.99,-64.88
99,0,9.72,-33.538,-72.52
99,0,9.76,-34.474,-73.52
99,0,9.8,-35.49,-74.6
99,0,9.84,-33.766,-72.88
99,0,9.88,-34.822,-73.94
99,0,9.92,-35.28,-74.39
99,0,9.96,-33.75,-72.84
99,0,10,-34.64,-73.71
99,0,10.04,-32.744,-71.99
99,0,10.08,-31.138,-70.56
99,0,10.12,-32.716,-72.27
99,0,10.16,-32.178,-71.82
99,0,10.2,-29.46,-69.19
99,0,10.24,-33.012,-72.71
99,0,10.28,-28.844,-68.51
99,0,10.32,-31.802,-71.43
99,0,10.36,-32.376,-71.96
99,0,10.4,-27.28,-66.82
99,0,10.44,-31.224,-70.76
99,0,10.48,-26.578,-66.11
99,0,10.52,-31.272,-70.88
99,0,10.56,-29.356,-69.12
99,0,10.6,-29.37,-69.29
99,0,10.64,-27.908,-67.92
99,0,10.68,-26.796,-66.9
99,0,10.72,-28.406,-68.58
99,0,10.76,-28.298,-68.52
99,0,10.8,-25.2,-65.47
99,0,10.84,-25.55,-65.72
99,0,10.88,-24.49,-64.56
99,0,10.92,-22.892,-62.9
99,0,10.96,-26.086,-66.07
99,0,11,-32.6,-72.56
99,0,11.04,-30.256,-70.32
99,0,11.08,-26.902,-67.07
99,0,11.12,-24.726,-64.97
99,0,11.16,-28.368,-68.66
99,0,11.2,-40.07,-80.41
99,0,11.24,-37.308,-77.7
99,0,11.28,-25.646,-66.09
99,0,11.32,-27.244,-67.76
99,0,11.36,-24.042,-64.65
99,0,11.4,-25.59,-66.29
99,0,11.44,-22.422,-63.17
99,0,11.48,-20.894,-61.69
99,0,11.52,-23.87,-64.7
99,0,11.56,-23.07,-63.92
99,0,11.6,-19.96,-60.83
99,0,11.64,-22.556,-63.51
99,0,11.68,-22.682,-63.72
99,0,11.72,-21.088,-62.18
99,0,11.76,-25.074,-66.19
99,0,11.8,-21.97,-63.11
99,0,11.84,-18.366,-59.45
99,0,11.88,-18.682,-59.71
99,0,11.92,-18.274,-59.4
99,0,11.96,-21.192,-62.57
99,0,12,-22.27,-63.9
100,0,8,-27.96,-62.58
100,0,8.04,-27.588,-62.3
100,0,8.08,-29.386,-64.19
100,0,8.12,-26.322,-61.21
100,0,8.16,-26.676,-61.64
100,0,8.2,-28.82,-63.86
100,0,8.24,-31.262,-66.37
100,0,8.28,-44.004,-79.18
100,0,8.32,-30.286,-65.53
100,0,8.36,-33.148,-68.46
100,0,8.4,-28.76,-64.14
100,0,8.44,-25.932,-61.52
100,0,8.48,-29.224,-65.02
100,0,8.52,-28.184,-64.21
100,0,8.56,-32.222,-68.5
100,0,8.6,-43.73,-80.26
100,0,8.64,-36.594,-73.44
100,0,8.68,-36.878,-74.04
100,0,8.72,-37.358,-74.66
100,0,8.76,-35.224,-72.49
100,0,8.8,-41.01,-78.24
100,0,8.84,-28.194,-65.38
100,0,8.88,-32.848,-69.99
100,0,8.92,-29.374,-66.58
100,0,8.96,-35.292,-72.67
100,0,9,-30.34,-67.89
100,0,9.04,-38.134,-75.92
100,0,9.08,-30.058,-68.08
100,0,9.12,-27.696,-65.98
100,0,9.16,-32.328,-70.9
100,0,9.2,-29.45,-68.31
100,0,9.24,-27.17,-65.77
100,0,9.28,-29.05,-67.39
100,0,9.32,-33.968,-72.13
100,0,9.36,-41.064,-79.13
100,0,9.4,-43.78,-81.75
100,0,9.44,-34.734,-72.84
100,0,9.48,-38.088,-76.33
100,0,9.52,-31.972,-70.35
100,0,9.56,-27.826,-66.34
100,0,9.6,-32.45,-71.1
100,0,9.64,-25.51,-64.28
100,0,9.68,-27.01,-65.9
100,0,9.72,-30.138,-69.12
100,0,9.76,-28.914,-67.96
100,0,9.8,-33.58,-72.69
100,0,9.84,-28.256,-67.37
100,0,9.88,-39.592,-78.71
100,0,9.92,-34.26,-73.37
100,0,9.96,-33.17,-72.26
100,0,10,-32.03,-71.1
100,0,10.04,-32.434,-71.68
100,0,10.08,-30.428,-69.85
100,0,10.12,-37.056,-76.61
100,0,10.16,-36.598,-76.24
100,0,10.2,-33.51,-73.24
100,0,10.24,-38.072,-77.77
100,0,10.28,-34.494,-74.16
100,0,10.32,-39.302,-78.93
100,0,10.36,-30.326,-69.91
100,0,10.4,-33.02,-72.56
100,0,10.44,-28.774,-68.31
100,0,10.48,-29.188,-68.72
100,0,10.52,-31.662,-71.27
100,0,10.56,-31.806,-71.57
100,0,10.6,-31.23,-71.15
100,0,10.64,-27.968,-67.98
100,0,10.68,-28.006,-68.11
100,0,10.72,-31.036,-71.21
100,0,10.76,-27.238,-67.46
100,0,10.8,-24.37,-64.64
100,0,10.84,-27.86,-68.03
100,0,10.88,-24.75,-64.82
100,0,10.92,-25.112,-65.12
100,0,10.96,-25.126,-65.11
100,0,11,-31.62,-71.58
100,0,11.04,-38.096,-78.16
100,0,11.08,-30.372,-70.54
100,0,11.12,-28.226,-68.47
100,0,11.16,-27.918,-68.21
100,0,11.2,-36.04,-76.38
100,0,11.24,-33.338,-73.73
100,0,11.28,-33.926,-74.37
100,0,11.32,-32.844,-73.36
100,0,11.36,-31.112,-71.72
100,0,11.4,-34.97,-75.67
100,0,11.44,-29.142,-69.89
100,0,11.48,-27.914,-68.71
100,0,11.52,-24.53,-65.36
100,0,11.56,-24.18,-65.03
100,0,11.6,-29.5,-70.37
100,0,11.64,-25.176,-66.13
100,0,11.68,-25.892,-66.93
100,0,11.72,-28.758,-69.85
100,0,11.76,-24.124,-65.24
100,0,11.8,-22.81,-63.95
100,0,11.84,-22.926,-64.01
100,0,11.88,-18.512,-59.54
100,0,11.92,-18.134,-59.26
100,0,11.96,-20.402,-61.78
100,0,12,-20.38,-62.01
101,0,8,-29.75,-64.37
101,0,8.04,-29.178,-63.89
101,0,8.08,-28.906,-63.71
101,0,8.12,-25.552,-60.44
101,0,8.16,-27.526,-62.49
101,0,8.2,-33.75,-68.79
101,0,8.24,-35.042,-70.15
101,0,8.28,-33.684,-68.86
101,0,8.32,-31.576,-66.82
101,0,8.36,-30.318,-65.63
101,0,8.4,-27.58,-62.96
101,0,8.44,-23.792,-59.38
101,0,8.48,-26.574,-62.37
101,0,8.52,-28.384,-64.41
101,0,8.56,-32.942,-69.22
101,0,8.6,-37.23,-73.76
101,0,8.64,-37.214,-74.06
101,0,8.68,-37.918,-75.08
101,0,8.72,-41.088,-78.39
101,0,8.76,-37.034,-74.3
101,0,8.8,-33.17,-70.4
101,0,8.84,-26.554,-63.74
101,0,8.88,-26.398,-63.54
101,0,8.92,-30.364,-67.57
101,0,8.96,-33.172,-70.55
101,0,9,-38.17,-75.72
101,0,9.04,-32.614,-70.4
101,0,9.08,-29.488,-67.51
101,0,9.12,-30.066,-68.35
101,0,9.16,-28.118,-66.69
101,0,9.2,-27.52,-66.38
101,0,9.24,-25.45,-64.05
101,0,9.28,-29.92,-68.26
101,0,9.32,-34.388,-72.55
101,0,9.36,-34.344,-72.41
101,0,9.4,-46.94,-84.91
101,0,9.44,-41.144,-79.25
101,0,9.48,-27.468,-65.71
101,0,9.52,-31.452,-69.83
101,0,9.56,-31.946,-70.46
101,0,9.6,-32.65,-71.3
101,0,9.64,-26.58,-65.35
101,0,9.68,-25.44,-64.33
101,0,9.72,-23.788,-62.77
101,0,9.76,-27.174,-66.22
101,0,9.8,-32.69,-71.8
101,0,9.84,-30.406,-69.52
101,0,9.88,-35.002,-74.12
101,0,9.92,-35.42,-74.53
101,0,9.96,-35.16,-74.25
101,0,10,-31.85,-70.92
101,0,10.04,-26.034,-65.28
101,0,10.08,-25.198,-64.62
101,0,10.12,-27.586,-67.14
101,0,10.16,-34.558,-74.2
101,0,10.2,-32.09,-71.82
101,0,10.24,-36.552,-76.25
101,0,10.28,-37.864,-77.53
101,0,10.32,-29.722,-69.35
101,0,10.36,-30.076,-69.66
101,0,10.4,-29.38,-68.92
101,0,10.44,-28.674,-68.21
101,0,10.48,-29.408,-68.94
101,0,10.52,-27.082,-66.69
101,0,10.56,-31.846,-71.61
101,0,10.6,-29.7,-69.62
101,0,10.64,-30.558,-70.57
101,0,10.68,-29.516,-69.62
101,0,10.72,-31.906,-72.08
101,0,10.76,-36.308,-76.53
101,0,10.8,-30.17,-70.44
101,0,10.84,-28.17,-68.34
101,0,10.88,-33.05,-73.12
101,0,10.92,-28.012,-68.02
101,0,10.96,-24.846,-64.83
101,0,11,-31.36,-71.32
101,0,11.04,-30.726,-70.79
101,0,11.08,-31.552,-71.72
101,0,11.12,-27.796,-68.04
101,0,11.16,-28.668,-68.96
101,0,11.2,-26.58,-66.92
101,0,11.24,-35.288,-75.68
101,0,11.28,-34.626,-75.07
101,0,11.32,-39.984,-80.5
101,0,11.36,-32.772,-73.38
101,0,11.4,-30.25,-70.95
101,0,11.44,-34.202,-74.95
101,0,11.48,-30.574,-71.37
101,0,11.52,-41.06,-81.89
101,0,11.56,-35.13,-75.98
101,0,11.6,-28.27,-69.14
101,0,11.64,-33.036,-73.99
101,0,11.68,-39.552,-80.59
101,0,11.72,-31.488,-72.58
101,0,11.76,-34.104,-75.22
101,0,11.8,-25.49,-66.63
101,0,11.84,-22.136,-63.22
101,0,11.88,-20.402,-61.43
101,0,11.92,-18.344,-59.47
101,0,11.96,-18.622,-60
101,0,12,-17.6,-59.23
102,0,8,-29.5,-64.12
102,0,8.04,-30.178,-64.89
102,0,8.08,-27.146,-61.95
102,0,8.12,-29.572,-64.46
102,0,8.16,-30.556,-65.52
102,0,8.2,-39.04,-74.08
102,0,8.24,-59.712,-94.82
102,0,8.28,-35.384,-70.56
102,0,8.32,-30.186,-65.43
102,0,8.36,-28.468,-63.78
102,0,8.4,-26.5,-61.88
102,0,8.44,-25.322,-60.91
102,0,8.48,-27.824,-63.62
102,0,8.52,-27.854,-63.88
102,0,8.56,-35.292,-71.57
102,0,8.6,-30.52,-67.05
102,0,8.64,-34.234,-71.08
102,0,8.68,-42.608,-79.77
102,0,8.72,-31.708,-69.01
102,0,8.76,-39.014,-76.28
102,0,8.8,-33.53,-70.76
102,0,8.84,-25.634,-62.82
102,0,8.88,-26.328,-63.47
102,0,8.92,-27.294,-64.5
102,0,8.96,-33.802,-71.18
102,0,9,-49.36,-86.91
102,0,9.04,-33.254,-71.04
102,0,9.08,-32.038,-70.06
102,0,9.12,-31.566,-69.85
102,0,9.16,-40.868,-79.44
102,0,9.2,-27.21,-66.07
102,0,9.24,-25.85,-64.45
102,0,9.28,-27.35,-65.69
102,0,9.32,-31.368,-69.53
102,0,9.36,-45.014,-83.08
102,0,9.4,-41.88,-79.85
102,0,9.44,-39.104,-77.21
102,0,9.48,-38.988,-77.23
102,0,9.52,-26.182,-64.56
102,0,9.56,-27.206,-65.72
102,0,9.6,-30.05,-68.7
102,0,9.64,-26.98,-65.75
102,0,9.68,-23.59,-62.48
102,0,9.72,-24.588,-63.57
102,0,9.76,-25.844,-64.89
102,0,9.8,-26.12,-65.23
102,0,9.84,-30.216,-69.33
102,0,9.88,-30.022,-69.14
102,0,9.92,-37.07,-76.18
102,0,9.96,-33.33,-72.42
102,0,10,-29.95,-69.02
102,0,10.04,-24.144,-63.39
102,0,10.08,-24.768,-64.19
102,0,10.12,-26.476,-66.03
102,0,10.16,-35.838,-75.48
102,0,10.2,-29.58,-69.31
102,0,10.24,-32.112,-71.81
102,0,10.28,-32.104,-71.77
102,0,10.32,-38.772,-78.4
102,0,10.36,-33.656,-73.24
102,0,10.4,-35.97,-75.51
102,0,10.44,-29.644,-69.18
102,0,10.48,-29.968,-69.5
102,0,10.52,-24.972,-64.58
102,0,10.56,-43.366,-83.13
102,0,10.6,-36.84,-76.76
102,0,10.64,-37.428,-77.44
102,0,10.68,-37.526,-77.63
102,0,10.72,-38.376,-78.55
102,0,10.76,-38.578,-78.8
102,0,10.8,-36.1,-76.37
102,0,10.84,-34.09,-74.26
102,0,10.88,-32.95,-73.02
102,0,10.92,-26.872,-66.88
102,0,10.96,-31.666,-71.65
102,0,11,-31.11,-71.07
102,0,11.04,-33.766,-73.83
102,0,11.08,-34.692,-74.86
102,0,11.12,-29.756,-70
102,0,11.16,-25.678,-65.97
102,0,11.2,-28.09,-68.43
102,0,11.24,-32.558,-72.95
102,0,11.28,-27.516,-67.96
102,0,11.32,-33.504,-74.02
102,0,11.36,-25.022,-65.63
102,0,11.4,-24.19,-64.89
102,0,11.44,-26.042,-66.79
102,0,11.48,-30.074,-70.87
102,0,11.52,-27.92,-68.75
102,0,11.56,-29.18,-70.03
102,0,11.6,-27.82,-68.69
102,0,11.64,-22.946,-63.9
102,0,11.68,-26.472,-67.51
102,0,11.72,-29.938,-71.03
102,0,11.76,-29.284,-70.4
102,0,11.8,-28.43,-69.57
102,0,11.84,-22.046,-63.13
102,0,11.88,-21.902,-62.93
102,0,11.92,-18.834,-59.96
102,0,11.96,-18.812,-60.19
102,0,12,-19.42,-61.05
103,0,8,-28.08,-62.7
103,0,8.04,-27.958,-62.67
103,0,8.08,-29.696,-64.5
103,0,8.12,-32.372,-67.26
103,0,8.16,-41.296,-76.26
103,0,8.2,-35.48,-70.52
103,0,8.24,-37.662,-72.77
103,0,8.28,-31.034,-66.21
103,0,8.32,-26.606,-61.85
103,0,8.36,-25.938,-61.25
103,0,8.4,-25.61,-60.99
103,0,8.44,-26.142,-61.73
103,0,8.48,-29.934,-65.73
103,0,8.52,-27.784,-63.81
103,0,8.56,-31.282,-67.56
103,0,8.6,-36.95,-73.48
103,0,8.64,-41.244,-78.09
103,0,8.68,-38.388,-75.55
103,0,8.72,-35.808,-73.11
103,0,8.76,-33.414,-70.68
103,0,8.8,-28.67,-65.9
103,0,8.84,-23.554,-60.74
103,0,8.88,-25.108,-62.25
103,0,8.92,-26.284,-63.49
103,0,8.96,-28.432,-65.81
103,0,9,-36.32,-73.87
103,0,9.04,-30.624,-68.41
103,0,9.08,-37.368,-75.39
103,0,9.12,-26.916,-65.2
103,0,9.16,-34.708,-73.28
103,0,9.2,-27.29,-66.15
103,0,9.24,-28.73,-67.33
103,0,9.28,-34.9,-73.24
103,0,9.32,-44.418,-82.58
103,0,9.36,-32.224,-70.29
103,0,9.4,-36.82,-74.79
103,0,9.44,-40.794,-78.9
103,0,9.48,-28.398,-66.64
103,0,9.52,-27.472,-65.85
103,0,9.56,-26.096,-64.61
103,0,9.6,-29.34,-67.99
103,0,9.64,-24.76,-63.53
103,0,9.68,-27,-65.89
103,0,9.72,-23.418,-62.4
103,0,9.76,-28.854,-67.9
103,0,9.8,-23.17,-62.28
103,0,9.84,-25.216,-64.33
103,0,9.88,-34.212,-73.33
103,0,9.92,-36.79,-75.9
103,0,9.96,-36.42,-75.51
103,0,10,-29.94,-69.01
103,0,10.04,-25.094,-64.34
103,0,10.08,-25.108,-64.53
103,0,10.12,-26.006,-65.56
103,0,10.16,-25.088,-64.73
103,0,10.2,-29.56,-69.29
103,0,10.24,-24.692,-64.39
103,0,10.28,-31.564,-71.23
103,0,10.32,-39.412,-79.04
103,0,10.36,-32.156,-71.74
103,0,10.4,-26.29,-65.83
103,0,10.44,-23.544,-63.08
103,0,10.48,-28.988,-68.52
103,0,10.52,-28.372,-67.98
103,0,10.56,-37.046,-76.81
103,0,10.6,-28.78,-68.7
103,0,10.64,-59.158,-99.17
103,0,10.68,-32.996,-73.1
103,0,10.72,-32.946,-73.12
103,0,10.76,-28.228,-68.45
103,0,10.8,-35.88,-76.15
103,0,10.84,-38.55,-78.72
103,0,10.88,-34.06,-74.13
103,0,10.92,-38.752,-78.76
103,0,10.96,-42.426,-82.41
103,0,11,-33.4,-73.36
103,0,11.04,-34.996,-75.06
103,0,11.08,-36.462,-76.63
103,0,11.12,-34.146,-74.39
103,0,11.16,-30.498,-70.79
103,0,11.2,-26.84,-67.18
103,0,11.24,-26.988,-67.38
103,0,11.28,-32.806,-73.25
103,0,11.32,-28.994,-69.51
103,0,11.36,-26.272,-66.88
103,0,11.4,-23.67,-64.37
103,0,11.44,-22.612,-63.36
103,0,11.48,-22.804,-63.6
103,0,11.52,-28.42,-69.25
103,0,11.56,-24.18,-65.03
103,0,11.6,-21.38,-62.25
103,0,11.64,-20.626,-61.58
103,0,11.68,-20.382,-61.42
103,0,11.72,-25.728,-66.82
103,0,11.76,-23.134,-64.25
103,0,11.8,-30.31,-71.45
103,0,11.84,-26.436,-67.52
103,0,11.88,-23.082,-64.11
103,0,11.92,-21.854,-62.98
103,0,11.96,-21.202,-62.58
103,0,12,-20.75,-62.38
104,0,8,-30.9,-65.52
104,0,8.04,-27.738,-62.45
104,0,8.08,-29.736,-64.54
104,0,8.12,-29.392,-64.28
104,0,8.16,-38.266,-73.23
104,0,8.2,-38.89,-73.93
104,0,8.24,-29.532,-64.64
104,0,8.28,-26.114,-61.29
104,0,8.32,-28.316,-63.56
104,0,8.36,-24.588,-59.9
104,0,8.4,-25.22,-60.6
104,0,8.44,-23.002,-58.59
104,0,8.48,-26.164,-61.96
104,0,8.52,-28.764,-64.79
104,0,8.56,-28.812,-65.09
104,0,8.6,-31.77,-68.3
104,0,8.64,-45.214,-82.06
104,0,8.68,-39.628,-76.79
104,0,8.72,-33.138,-70.44
104,0,8.76,-31.814,-69.08
104,0,8.8,-24.69,-61.92
104,0,8.84,-23.114,-60.3
104,0,8.88,-24.448,-61.59
104,0,8.92,-31.374,-68.58
104,0,8.96,-32.262,-69.64
104,0,9,-29.62,-67.17
104,0,9.04,-30.304,-68.09
104,0,9.08,-33.778,-71.8
104,0,9.12,-30.896,-69.18
104,0,9.16,-29.098,-67.67
104,0,9.2,-28.18,-67.04
104,0,9.24,-27.79,-66.39
104,0,9.28,-31.53,-69.87
104,0,9.32,-31.758,-69.92
104,0,9.36,-36.684,-74.75
104,0,9.4,-31.98,-69.95
104,0,9.44,-31.044,-69.15
104,0,9.48,-31.408,-69.65
104,0,9.52,-27.312,-65.69
104,0,9.56,-26.396,-64.91
104,0,9.6,-27.98,-66.63
104,0,9.64,-28.01,-66.78
104,0,9.68,-29.15,-68.04
104,0,9.72,-25.228,-64.21
104,0,9.76,-27.774,-66.82
104,0,9.8,-24.39,-63.5
104,0,9.84,-29.896,-69.01
104,0,9.88,-27.402,-66.52
104,0,9.92,-41.45,-80.56
104,0,9.96,-33.92,-73.01
104,0,10,-28.99,-68.06
104,0,10.04,-25.494,-64.74
104,0,10.08,-23.308,-62.73
104,0,10.12,-20.246,-59.8
104,0,10.16,-26.578,-66.22
104,0,10.2,-30.78,-70.51
104,0,10.24,-26.912,-66.61
104,0,10.28,-27.434,-67.1
104,0,10.32,-32.812,-72.44
104,0,10.36,-26.526,-66.11
104,0,10.4,-31.04,-70.58
104,0,10.44,-24.384,-63.92
104,0,10.48,-26.808,-66.34
104,0,10.52,-30.092,-69.7
104,0,10.56,-24.946,-64.71
104,0,10.6,-25.51,-65.43
104,0,10.64,-31.698,-71.71
104,0,10.68,-31.806,-71.91
104,0,10.72,-29.026,-69.2
104,0,10.76,-27.178,-67.4
104,0,10.8,-26.09,-66.36
104,0,10.84,-33.19,-73.36
104,0,10.88,-30.07,-70.14
104,0,10.92,-47.882,-87.89
104,0,10.96,-33.446,-73.43
104,0,11,-32.12,-72.08
104,0,11.04,-33.726,-73.79
104,0,11.08,-31.452,-71.62
104,0,11.12,-37.586,-77.83
104,0,11.16,-32.598,-72.89
104,0,11.2,-29.48,-69.82
104,0,11.24,-29.498,-69.89
104,0,11.28,-26.986,-67.43
104,0,11.32,-28.994,-69.51
104,0,11.36,-23.092,-63.7
104,0,11.4,-19.63,-60.33
104,0,11.44,-20.802,-61.55
104,0,11.48,-23.404,-64.2
104,0,11.52,-22.87,-63.7
104,0,11.56,-22.25,-63.1
104,0,11.6,-22.78,-63.65
104,0,11.64,-20.516,-61.47
104,0,11.68,-18.412,-59.45
104,0,11.72,-20.738,-61.83
104,0,11.76,-25.124,-66.24
104,0,11.8,-23.67,-64.81
104,0,11.84,-23.746,-64.83
104,0,11.88,-23.272,-64.3
104,0,11.92,-21.874,-63
104,0,11.96,-19.212,-60.59
104,0,12,-19.9,-61.53
105,0,8,-30.04,-64.66
105,0,8.04,-29.848,-64.56
105,0,8.08,-31.696,-66.5
105,0,8.12,-30.612,-65.5
105,0,8.16,-39.086,-74.05
105,0,8.2,-34.03,-69.07
105,0,8.24,-29.992,-65.1
105,0,8.28,-24.844,-60.02
105,0,8.32,-25.046,-60.29
105,0,8.36,-25.668,-60.98
105,0,8.4,-24.36,-59.74
105,0,8.44,-24.602,-60.19
105,0,8.48,-24.624,-60.42
105,0,8.52,-25.834,-61.86
105,0,8.56,-28.092,-64.37
105,0,8.6,-29.41,-65.94
105,0,8.64,-36.924,-73.77
105,0,8.68,-36.258,-73.42
105,0,8.72,-35.918,-73.22
105,0,8.76,-27.134,-64.4
105,0,8.8,-27.35,-64.58
105,0,8.84,-23.104,-60.29
105,0,8.88,-24.598,-61.74
105,0,8.92,-28.194,-65.4
105,0,8.96,-30.112,-67.49
105,0,9,-31.49,-69.04
105,0,9.04,-34.454,-72.24
105,0,9.08,-34.978,-73
105,0,9.12,-27.676,-65.96
105,0,9.16,-32.448,-71.02
105,0,9.2,-26.75,-65.61
105,0,9.24,-28.06,-66.66
105,0,9.28,-28.73,-67.07
105,0,9.32,-40.908,-79.07
105,0,9.36,-32.384,-70.45
105,0,9.4,-29.45,-67.42
105,0,9.44,-31.944,-70.05
105,0,9.48,-31.788,-70.03
105,0,9.52,-26.842,-65.22
105,0,9.56,-24.096,-62.61
105,0,9.6,-27.81,-66.46
105,0,9.64,-30.53,-69.3
105,0,9.68,-29.76,-68.65
105,0,9.72,-25.908,-64.89
105,0,9.76,-22.434,-61.48
105,0,9.8,-22.98,-62.09
105,0,9.84,-26.066,-65.18
105,0,9.88,-26.782,-65.9
105,0,9.92,-35.26,-74.37
105,0,9.96,-33.59,-72.68
105,0,10,-30.91,-69.98
105,0,10.04,-24.064,-63.31
105,0,10.08,-21.618,-61.04
105,0,10.12,-21.816,-61.37
105,0,10.16,-27.678,-67.32
105,0,10.2,-25.88,-65.61
105,0,10.24,-26.522,-66.22
105,0,10.28,-31.394,-71.06
105,0,10.32,-32.632,-72.26
105,0,10.36,-32.026,-71.61
105,0,10.4,-31.26,-70.8
105,0,10.44,-31.544,-71.08
105,0,10.48,-24.348,-63.88
105,0,10.52,-24.372,-63.98
105,0,10.56,-27.166,-66.93
105,0,10.6,-29.03,-68.95
105,0,10.64,-31.598,-71.61
105,0,10.68,-32.186,-72.29
105,0,10.72,-25.576,-65.75
105,0,10.76,-23.278,-63.5
105,0,10.8,-26.85,-67.12
105,0,10.84,-30.52,-70.69
105,0,10.88,-28.75,-68.82
105,0,10.92,-36.812,-76.82
105,0,10.96,-34.716,-74.7
105,0,11,-32.4,-72.36
105,0,11.04,-36.146,-76.21
105,0,11.08,-35.862,-76.03
105,0,11.12,-34.616,-74.86
105,0,11.16,-38.618,-78.91
105,0,11.2,-31.73,-72.07
105,0,11.24,-28.698,-69.09
105,0,11.28,-31.756,-72.2
105,0,11.32,-29.354,-69.87
105,0,11.36,-24.482,-65.09
105,0,11.4,-20.87,-61.57
105,0,11.44,-21.772,-62.52
105,0,11.48,-22.384,-63.18
105,0,11.52,-20.25,-61.08
105,0,11.56,-20.73,-61.58
105,0,11.6,-21.52,-62.39
105,0,11.64,-19.556,-60.51
105,0,11.68,-18.752,-59.79
105,0,11.72,-19.638,-60.73
105,0,11.76,-22.964,-64.08
105,0,11.8,-23.99,-65.13
105,0,11.84,-27.466,-68.55
105,0,11.88,-26.542,-67.57
105,0,11.92,-24.174,-65.3
105,0,11.96,-25.972,-67.35
105,0,12,-22.34,-63.97
106,0,8,-31.07,-65.69
106,0,8.04,-35.598,-70.31
106,0,8.08,-32.576,-67.38
106,0,8.12,-29.702,-64.59
106,0,8.16,-31.686,-66.65
106,0,8.2,-28.35,-63.39
106,0,8.24,-25.952,-61.06
106,0,8.28,-25.404,-60.58
106,0,8.32,-24.726,-59.97
106,0,8.36,-24.718,-60.03
106,0,8.4,-24.86,-60.24
106,0,8.44,-23.572,-59.16
106,0,8.48,-26.184,-61.98
106,0,8.52,-26.684,-62.71
106,0,8.56,-27.342,-63.62
106,0,8.6,-31.97,-68.5
106,0,8.64,-34.034,-70.88
106,0,8.68,-35.458,-72.62
106,0,8.72,-30.738,-68.04
106,0,8.76,-27.794,-65.06
106,0,8.8,-27.51,-64.74
106,0,8.84,-22.914,-60.1
106,0,8.88,-26.988,-64.13
106,0,8.92,-30.064,-67.27
106,0,8.96,-30.082,-67.46
106,0,9,-32.76,-70.31
106,0,9.04,-32.694,-70.48
106,0,9.08,-27.688,-65.71
106,0,9.12,-27.956,-66.24
106,0,9.16,-31.748,-70.32
106,0,9.2,-28.5,-67.36
106,0,9.24,-31.93,-70.53
106,0,9.28,-31.36,-69.7
106,0,9.32,-34.008,-72.17
106,0,9.36,-29.204,-67.27
106,0,9.4,-33.94,-71.91
106,0,9.44,-32.044,-70.15
106,0,9.48,-28.358,-66.6
106,0,9.52,-28.262,-66.64
106,0,9.56,-23.766,-62.28
106,0,9.6,-26.51,-65.16
106,0,9.64,-27.23,-66
106,0,9.68,-31.39,-70.28
106,0,9.72,-25.988,-64.97
106,0,9.76,-24.364,-63.41
106,0,9.8,-23.87,-62.98
106,0,9.84,-23.226,-62.34
106,0,9.88,-25.372,-64.49
106,0,9.92,-31.28,-70.39
106,0,9.96,-36.2,-75.29
106,0,10,-26.75,-65.82
106,0,10.04,-27.224,-66.47
106,0,10.08,-22.638,-62.06
106,0,10.12,-23.746,-63.3
106,0,10.16,-24.468,-64.11
106,0,10.2,-24.55,-64.28
106,0,10.24,-36.302,-76
106,0,10.28,-31.234,-70.9
106,0,10.32,-31.872,-71.5
106,0,10.36,-26.816,-66.4
106,0,10.4,-30.15,-69.69
106,0,10.44,-30.194,-69.73
106,0,10.48,-26.308,-65.84
106,0,10.52,-27.482,-67.09
106,0,10.56,-28.716,-68.48
106,0,10.6,-23.52,-63.44
106,0,10.64,-24.938,-64.95
106,0,10.68,-25.606,-65.71
106,0,10.72,-24.806,-64.98
106,0,10.76,-25.508,-65.73
106,0,10.8,-25.12,-65.39
106,0,10.84,-25.34,-65.51
106,0,10.88,-28.75,-68.82
106,0,10.92,-31.802,-71.81
106,0,10.96,-32.456,-72.44
106,0,11,-32.97,-72.93
106,0,11.04,-35.916,-75.98
106,0,11.08,-42.442,-82.61
106,0,11.12,-34.806,-75.05
106,0,11.16,-42.428,-82.72
106,0,11.2,-35.39,-75.73
106,0,11.24,-32.778,-73.17
106,0,11.28,-30.926,-71.37
106,0,11.32,-27.644,-68.16
106,0,11.36,-24.502,-65.11
106,0,11.4,-21.74,-62.44
106,0,11.44,-20.272,-61.02
106,0,11.48,-24.234,-65.03
106,0,11.52,-23.49,-64.32
106,0,11.56,-26.5,-67.35
106,0,11.6,-20.96,-61.83
106,0,11.64,-19.686,-60.64
106,0,11.68,-19.062,-60.1
106,0,11.72,-20.848,-61.94
106,0,11.76,-20.324,-61.44
106,0,11.8,-23.87,-65.01
106,0,11.84,-29.466,-70.55
106,0,11.88,-27.442,-68.47
106,0,11.92,-27.694,-68.82
106,0,11.96,-28.592,-69.97
106,0,12,-25.16,-66.79
107,0,8,-28.7,-63.32
107,0,8.04,-32.058,-66.77
107,0,8.08,-33.036,-67.84
107,0,8.12,-28.302,-63.19
107,0,8.16,-28.846,-63.81
107,0,8.2,-28.11,-63.15
107,0,8.24,-24.732,-59.84
107,0,8.28,-23.604,-58.78
107,0,8.32,-23.376,-58.62
107,0,8.36,-24.028,-59.34
107,0,8.4,-24.75,-60.13
107,0,8.44,-25.312,-60.9
107,0,8.48,-26.184,-61.98
107,0,8.52,-26.074,-62.1
107,0,8.56,-26.052,-62.33
107,0,8.6,-31.19,-67.72
107,0,8.64,-40.884,-77.73
107,0,8.68,-40.208,-77.37
107,0,8.72,-33.558,-70.86
107,0,8.76,-27.904,-65.17
107,0,8.8,-26.37,-63.6
107,0,8.84,-25.504,-62.69
107,0,8.88,-28.458,-65.6
107,0,8.92,-28.094,-65.3
107,0,8.96,-34.522,-71.9
107,0,9,-36.45,-74
107,0,9.04,-29.264,-67.05
107,0,9.08,-27.148,-65.17
107,0,9.12,-29.456,-67.74
107,0,9.16,-30.818,-69.39
107,0,9.2,-27.96,-66.82
107,0,9.24,-32.75,-71.35
107,0,9.28,-36.18,-74.52
107,0,9.32,-45.558,-83.72
107,0,9.36,-31.484,-69.55
107,0,9.4,-33.64,-71.61
107,0,9.44,-34.124,-72.23
107,0,9.48,-32.858,-71.1
107,0,9.52,-31.932,-70.31
107,0,9.56,-25.106,-63.62
107,0,9.6,-29.61,-68.26
107,0,9.64,-28.29,-67.06
107,0,9.68,-29.92,-68.81
107,0,9.72,-25.538,-64.52
107,0,9.76,-27.154,-66.2
107,0,9.8,-23.97,-63.08
107,0,9.84,-26.676,-65.79
107,0,9.88,-24.962,-64.08
107,0,9.92,-27.5,-66.61
107,0,9.96,-39.84,-78.93
107,0,10,-33.41,-72.48
107,0,10.04,-29.764,-69.01
107,0,10.08,-22.408,-61.83
107,0,10.12,-26.526,-66.08
107,0,10.16,-26.588,-66.23
107,0,10.2,-31.26,-70.99
107,0,10.24,-37.512,-77.21
107,0,10.28,-36.114,-75.78
107,0,10.32,-31.102,-70.73
107,0,10.36,-31.956,-71.54
107,0,10.4,-26.55,-66.09
107,0,10.44,-29.194,-68.73
107,0,10.48,-24.898,-64.43
107,0,10.52,-24.822,-64.43
107,0,10.56,-26.366,-66.13
107,0,10.6,-26.79,-66.71
107,0,10.64,-31.838,-71.85
107,0,10.68,-28.866,-68.97
107,0,10.72,-30.626,-70.8
107,0,10.76,-24.948,-65.17
107,0,10.8,-26.7,-66.97
107,0,10.84,-26.16,-66.33
107,0,10.88,-31.89,-71.96
107,0,10.92,-43.582,-83.59
107,0,10.96,-32.756,-72.74
107,0,11,-32.68,-72.64
107,0,11.04,-41.646,-81.71
107,0,11.08,-47.712,-87.88
107,0,11.12,-35.316,-75.56
107,0,11.16,-43.928,-84.22
107,0,11.2,-47.68,-88.02
107,0,11.24,-35.108,-75.5
107,0,11.28,-36.796,-77.24
107,0,11.32,-28.764,-69.28
107,0,11.36,-24.202,-64.81
107,0,11.4,-23.72,-64.42
107,0,11.44,-22.402,-63.15
107,0,11.48,-23.984,-64.78
107,0,11.52,-26.27,-67.1
107,0,11.56,-27.11,-67.96
107,0,11.6,-24.24,-65.11
107,0,11.64,-22.296,-63.25
107,0,11.68,-21.312,-62.35
107,0,11.72,-19.958,-61.05
107,0,11.76,-20.214,-61.33
107,0,11.8,-26.74,-67.88
107,0,11.84,-25.436,-66.52
107,0,11.88,-22.492,-63.52
107,0,11.92,-25.284,-66.41
107,0,11.96,-27.712,-69.09
107,0,12,-22.48,-64.11
108,0,8,-28.41,-63.03
108,0,8.04,-35.388,-70.1
108,0,8.08,-36.326,-71.13
108,0,8.12,-27.202,-62.09
108,0,8.16,-27.616,-62.58
108,0,8.2,-25.16,-60.2
108,0,8.24,-22.462,-57.57
108,0,8.28,-23.404,-58.58
108,0,8.32,-22.336,-57.58
108,0,8.36,-27.568,-62.88
108,0,8.4,-27.32,-62.7
108,0,8.44,-25.912,-61.5
108,0,8.48,-26.844,-62.64
108,0,8.52,-28.034,-64.06
108,0,8.56,-25.872,-62.15
108,0,8.6,-29.76,-66.29
108,0,8.64,-34.244,-71.09
108,0,8.68,-38.138,-75.3
108,0,8.72,-32.938,-70.24
108,0,8.76,-28.174,-65.44
108,0,8.8,-29.8,-67.03
108,0,8.84,-28.084,-65.27
108,0,8.88,-28.858,-66
108,0,8.92,-28.274,-65.48
108,0,8.96,-31.812,-69.19
108,0,9,-31.56,-69.11
108,0,9.04,-26.374,-64.16
108,0,9.08,-27.338,-65.36
108,0,9.12,-31.206,-69.49
108,0,9.16,-27.128,-65.7
108,0,9.2,-33.28,-72.14
108,0,9.24,-35.27,-73.87
108,0,9.28,-30.23,-68.57
108,0,9.32,-35.128,-73.29
108,0,9.36,-32.794,-70.86
108,0,9.4,-32.01,-69.98
108,0,9.44,-33.284,-71.39
108,0,9.48,-32.238,-70.48
108,0,9.52,-28.002,-66.38
108,0,9.56,-26.396,-64.91
108,0,9.6,-30.05,-68.7
108,0,9.64,-33.92,-72.69
108,0,9.68,-34.51,-73.4
108,0,9.72,-25.428,-64.41
108,0,9.76,-25.644,-64.69
108,0,9.8,-26.64,-65.75
108,0,9.84,-24.856,-63.97
108,0,9.88,-26.972,-66.09
108,0,9.92,-32.88,-71.99
108,0,9.96,-37.91,-77
108,0,10,-34.17,-73.24
108,0,10.04,-29.714,-68.96
108,0,10.08,-24.648,-64.07
108,0,10.12,-25.176,-64.73
108,0,10.16,-32.418,-72.06
108,0,10.2,-29.54,-69.27
108,0,10.24,-34.902,-74.6
108,0,10.28,-39.384,-79.05
108,0,10.32,-35.612,-75.24
108,0,10.36,-32.166,-71.75
108,0,10.4,-38.37,-77.91
108,0,10.44,-27.074,-66.61
108,0,10.48,-29.118,-68.65
108,0,10.52,-28.982,-68.59
108,0,10.56,-24.856,-64.62
108,0,10.6,-27.56,-67.48
108,0,10.64,-29.158,-69.17
108,0,10.68,-30.226,-70.33
108,0,10.72,-30.356,-70.53
108,0,10.76,-27.458,-67.68
108,0,10.8,-30.13,-70.4
108,0,10.84,-29.75,-69.92
108,0,10.88,-32.46,-72.53
108,0,10.92,-32.952,-72.96
108,0,10.96,-41.866,-81.85
108,0,11,-32.63,-72.59
108,0,11.04,-33.576,-73.64
108,0,11.08,-36.402,-76.57
108,0,11.12,-43.846,-84.09
108,0,11.16,-32.358,-72.65
108,0,11.2,-41.67,-82.01
108,0,11.24,-34.508,-74.9
108,0,11.28,-31.506,-71.95
108,0,11.32,-30.244,-70.76
108,0,11.36,-21.832,-62.44
108,0,11.4,-23.67,-64.37
108,0,11.44,-23.992,-64.74
108,0,11.48,-21.614,-62.41
108,0,11.52,-24.85,-65.68
108,0,11.56,-26.63,-67.48
108,0,11.6,-23.77,-64.64
108,0,11.64,-21.106,-62.06
108,0,11.68,-23.952,-64.99
108,0,11.72,-19.648,-60.74
108,0,11.76,-18.924,-60.04
108,0,11.8,-22.93,-64.07
108,0,11.84,-22.376,-63.46
108,0,11.88,-27.742,-68.77
108,0,11.92,-25.054,-66.18
108,0,11.96,-23.252,-64.63
108,0,12,-21.04,-62.67
109,0,8,-28.5,-63.12
109,0,8.04,-34.108,-68.82
109,0,8.08,-36.686,-71.49
109,0,8.12,-30.852,-65.74
109,0,8.16,-29.086,-64.05
109,0,8.2,-24.48,-59.52
109,0,8.24,-23.602,-58.71
109,0,8.28,-23.024,-58.2
109,0,8.32,-23.806,-59.05
109,0,8.36,-24.628,-59.94
109,0,8.4,-31.58,-66.96
109,0,8.44,-25.672,-61.26
109,0,8.48,-28.484,-64.28
109,0,8.52,-29.154,-65.18
109,0,8.56,-26.242,-62.52
109,0,8.6,-35.8,-72.33
109,0,8.64,-34.564,-71.41
109,0,8.68,-38.778,-75.94
109,0,8.72,-35.408,-72.71
109,0,8.76,-31.314,-68.58
109,0,8.8,-33.89,-71.12
109,0,8.84,-28.764,-65.95
109,0,8.88,-27.568,-64.71
109,0,8.92,-27.064,-64.27
109,0,8.96,-34.462,-71.84
109,0,9,-30.18,-67.73
109,0,9.04,-27.714,-65.5
109,0,9.08,-25.518,-63.54
109,0,9.12,-30.336,-68.62
109,0,9.16,-32.348,-70.92
109,0,9.2,-32.86,-71.72
109,0,9.24,-34.68,-73.28
109,0,9.28,-33.42,-71.76
109,0,9.32,-58.268,-96.43
109,0,9.36,-33.854,-71.92
109,0,9.4,-29.65,-67.62
109,0,9.44,-26.904,-65.01
109,0,9.48,-29.528,-67.77
109,0,9.52,-26.622,-65
109,0,9.56,-28.426,-66.94
109,0,9.6,-31.48,-70.13
109,0,9.64,-30.84,-69.61
109,0,9.68,-30.22,-69.11
109,0,9.72,-25.068,-64.05
109,0,9.76,-25.684,-64.73
109,0,9.8,-24.88,-63.99
109,0,9.84,-26.666,-65.78
109,0,9.88,-23.862,-62.98
109,0,9.92,-34.08,-73.19
109,0,9.96,-28.17,-67.26
109,0,10,-31.34,-70.41
109,0,10.04,-37.014,-76.26
109,0,10.08,-26.368,-65.79
109,0,10.12,-31.036,-70.59
109,0,10.16,-29.708,-69.35
109,0,10.2,-34.23,-73.96
109,0,10.24,-39.612,-79.31
109,0,10.28,-30.544,-70.21
109,0,10.32,-27.452,-67.08
109,0,10.36,-35.166,-74.75
109,0,10.4,-31.47,-71.01
109,0,10.44,-22.704,-62.24
109,0,10.48,-24.198,-63.73
109,0,10.52,-27.682,-67.29
109,0,10.56,-37.656,-77.42
109,0,10.6,-30.36,-70.28
109,0,10.64,-31.308,-71.32
109,0,10.68,-29.946,-70.05
109,0,10.72,-37.476,-77.65
109,0,10.76,-37.608,-77.83
109,0,10.8,-32.12,-72.39
109,0,10.84,-42.24,-82.41
109,0,10.88,-31.88,-71.95
109,0,10.92,-32.062,-72.07
109,0,10.96,-32.636,-72.62
109,0,11,-31.23,-71.19
109,0,11.04,-41.596,-81.66
109,0,11.08,-31.452,-71.62
109,0,11.12,-29.116,-69.36
109,0,11.16,-34.878,-75.17
109,0,11.2,-40.27,-80.61
109,0,11.24,-32.488,-72.88
109,0,11.28,-30.076,-70.52
109,0,11.32,-35.064,-75.58
109,0,11.36,-24.692,-65.3
109,0,11.4,-22.94,-63.64
109,0,11.44,-24.002,-64.75
109,0,11.48,-24.894,-65.69
109,0,11.52,-25.34,-66.17
109,0,11.56,-26.64,-67.49
109,0,11.6,-24.9,-65.77
109,0,11.64,-23.646,-64.6
109,0,11.68,-21.242,-62.28
109,0,11.72,-21.638,-62.73
109,0,11.76,-20.634,-61.75
109,0,11.8,-21.16,-62.3
109,0,11.84,-29.666,-70.75
109,0,11.88,-25.952,-66.98
109,0,11.92,-22.254,-63.38
109,0,11.96,-23.972,-65.35
109,0,12,-19.54,-61.17
110,0,8,-26.23,-60.85
110,0,8.04,-35.768,-70.48
110,0,8.08,-34.136,-68.94
110,0,8.12,-28.012,-62.9
110,0,8.16,-27.106,-62.07
110,0,8.2,-24.07,-59.11
110,0,8.24,-22.302,-57.41
110,0,8.28,-24.964,-60.14
110,0,8.32,-24.166,-59.41
110,0,8.36,-27.768,-63.08
110,0,8.4,-32.19,-67.57
110,0,8.44,-28.972,-64.56
110,0,8.48,-30.084,-65.88
110,0,8.52,-29.374,-65.4
110,0,8.56,-28.592,-64.87
110,0,8.6,-28.71,-65.24
110,0,8.64,-44.324,-81.17
110,0,8.68,-52.148,-89.31
110,0,8.72,-32.888,-70.19
110,0,8.76,-31.814,-69.08
110,0,8.8,-32.75,-69.98
110,0,8.84,-27.044,-64.23
110,0,8.88,-25.698,-62.84
110,0,8.92,-25.834,-63.04
110,0,8.96,-29.422,-66.8
110,0,9,-31.27,-68.82
110,0,9.04,-26.164,-63.95
110,0,9.08,-30.828,-68.85
110,0,9.12,-34.676,-72.96
110,0,9.16,-32.398,-70.97
110,0,9.2,-36.65,-75.51
110,0,9.24,-38.2,-76.8
110,0,9.28,-33.88,-72.22
110,0,9.32,-35.178,-73.34
110,0,9.36,-46.764,-84.83
110,0,9.4,-38.84,-76.81
110,0,9.44,-33.554,-71.66
110,0,9.48,-25.618,-63.86
110,0,9.52,-26.522,-64.9
110,0,9.56,-32.056,-70.57
110,0,9.6,-33.27,-71.92
110,0,9.64,-30.49,-69.26
110,0,9.68,-27.73,-66.62
110,0,9.72,-27.658,-66.64
110,0,9.76,-26.964,-66.01
110,0,9.8,-24.63,-63.74
110,0,9.84,-28.056,-67.17
110,0,9.88,-27.392,-66.51
110,0,9.92,-45.63,-84.74
110,0,9.96,-32.01,-71.1
110,0,10,-29.14,-68.21
110,0,10.04,-34.614,-73.86
110,0,10.08,-29.718,-69.14
110,0,10.12,-31.376,-70.93
110,0,10.16,-28.358,-68
110,0,10.2,-35.22,-74.95
110,0,10.24,-38.162,-77.86
110,0,10.28,-50.604,-90.27
110,0,10.32,-33.192,-72.82
110,0,10.36,-44.046,-83.63
110,0,10.4,-26.19,-65.73
110,0,10.44,-30.594,-70.13
110,0,10.48,-25.338,-64.87
110,0,10.52,-26.212,-65.82
110,0,10.56,-26.326,-66.09
110,0,10.6,-25.12,-65.04
110,0,10.64,-29.928,-69.94
110,0,10.68,-26.986,-67.09
110,0,10.72,-33.796,-73.97
110,0,10.76,-33.198,-73.42
110,0,10.8,-28.48,-68.75
110,0,10.84,-32.49,-72.66
110,0,10.88,-29.61,-69.68
110,0,10.92,-27.952,-67.96
110,0,10.96,-26.656,-66.64
110,0,11,-30.8,-70.76
110,0,11.04,-33.646,-73.71
110,0,11.08,-28.462,-68.63
110,0,11.12,-30.306,-70.55
110,0,11.16,-30.988,-71.28
110,0,11.2,-37.38,-77.72
110,0,11.24,-36.848,-77.24
110,0,11.28,-32.026,-72.47
110,0,11.32,-31.134,-71.65
110,0,11.36,-29.162,-69.77
110,0,11.4,-23.53,-64.23
110,0,11.44,-25.192,-65.94
110,0,11.48,-29.784,-70.58
110,0,11.52,-30.38,-71.21
110,0,11.56,-34.49,-75.34
110,0,11.6,-28.84,-69.71
110,0,11.64,-28.226,-69.18
110,0,11.68,-27.112,-68.15
110,0,11.72,-22.798,-63.89
110,0,11.76,-23.134,-64.25
110,0,11.8,-23.94,-65.08
110,0,11.84,-21.716,-62.8
110,0,11.88,-24.632,-65.66
110,0,11.92,-22.704,-63.83
110,0,11.96,-20.532,-61.91
110,0,12,-20.01,-61.64
111,0,8,-25.86,-60.48
111,0,8.04,-35.088,-69.8
111,0,8.08,-33.306,-68.11
111,0,8.12,-31.532,-66.42
111,0,8.16,-26.236,-61.2
111,0,8.2,-26.11,-61.15
111,0,8.24,-22.522,-57.63
111,0,8.28,-25.714,-60.89
111,0,8.32,-24.896,-60.14
111,0,8.36,-30.558,-65.87
111,0,8.4,-38.37,-73.75
111,0,8.44,-30.582,-66.17
111,0,8.48,-32.674,-68.47
111,0,8.52,-29.044,-65.07
111,0,8.56,-31.872,-68.15
111,0,8.6,-46.48,-83.01
111,0,8.64,-37.264,-74.11
111,0,8.68,-40.158,-77.32
111,0,8.72,-44.328,-81.63
111,0,8.76,-33.694,-70.96
111,0,8.8,-32.81,-70.04
111,0,8.84,-32.964,-70.15
111,0,8.88,-25.618,-62.76
111,0,8.92,-26.424,-63.63
111,0,8.96,-28.932,-66.31
111,0,9,-27.07,-64.62
111,0,9.04,-29.664,-67.45
111,0,9.08,-26.508,-64.53
111,0,9.12,-35.366,-73.65
111,0,9.16,-43.758,-82.33
111,0,9.2,-34.82,-73.68
111,0,9.24,-33.61,-72.21
111,0,9.28,-31.92,-70.26
111,0,9.32,-30.528,-68.69
111,0,9.36,-32.914,-70.98
111,0,9.4,-35.07,-73.04
111,0,9.44,-28.154,-66.26
111,0,9.48,-27.938,-66.18
111,0,9.52,-24.512,-62.89
111,0,9.56,-28.556,-67.07
111,0,9.6,-26.98,-65.63
111,0,9.64,-27.79,-66.56
111,0,9.68,-28.29,-67.18
111,0,9.72,-24.788,-63.77
111,0,9.76,-23.504,-62.55
111,0,9.8,-26.75,-65.86
111,0,9.84,-22.756,-61.87
111,0,9.88,-25.252,-64.37
111,0,9.92,-33.73,-72.84
111,0,9.96,-44.41,-83.5
111,0,10,-42.23,-81.3
111,0,10.04,-38.444,-77.69
111,0,10.08,-28.158,-67.58
111,0,10.12,-27.606,-67.16
111,0,10.16,-28.558,-68.2
111,0,10.2,-26.64,-66.37
111,0,10.24,-39.312,-79.01
111,0,10.28,-35.894,-75.56
111,0,10.32,-40.202,-79.83
111,0,10.36,-41.726,-81.31
111,0,10.4,-34.08,-73.62
111,0,10.44,-30.384,-69.92
111,0,10.48,-29.328,-68.86
111,0,10.52,-30.162,-69.77
111,0,10.56,-28.776,-68.54
111,0,10.6,-27.92,-67.84
111,0,10.64,-23.848,-63.86
111,0,10.68,-25.086,-65.19
111,0,10.72,-30.936,-71.11
111,0,10.76,-28.308,-68.53
111,0,10.8,-25.89,-66.16
111,0,10.84,-26.95,-67.12
111,0,10.88,-27.53,-67.6
111,0,10.92,-26.052,-66.06
111,0,10.96,-24.766,-64.75
111,0,11,-34.9,-74.86
111,0,11.04,-39.556,-79.62
111,0,11.08,-33.292,-73.46
111,0,11.12,-31.736,-71.98
111,0,11.16,-31.068,-71.36
111,0,11.2,-25.93,-66.27
111,0,11.24,-31.048,-71.44
111,0,11.28,-34.506,-74.95
111,0,11.32,-44.274,-84.79
111,0,11.36,-33.792,-74.4
111,0,11.4,-33.61,-74.31
111,0,11.44,-27.332,-68.08
111,0,11.48,-28.284,-69.08
111,0,11.52,-28.87,-69.7
111,0,11.56,-30.85,-71.7
111,0,11.6,-46.5,-87.37
111,0,11.64,-36.676,-77.63
111,0,11.68,-34.092,-75.13
111,0,11.72,-24.448,-65.54
111,0,11.76,-25.414,-66.53
111,0,11.8,-24.54,-65.68
111,0,11.84,-24.476,-65.56
111,0,11.88,-26.172,-67.2
111,0,11.92,-23.294,-64.42
111,0,11.96,-20.392,-61.77
111,0,12,-23.09,-64.72
112,0,8,-24.73,-59.35
112,0,8.04,-30.788,-65.5
112,0,8.08,-35.986,-70.79
112,0,8.12,-30.382,-65.27
112,0,8.16,-25.556,-60.52
112,0,8.2,-26.22,-61.26
112,0,8.24,-24.002,-59.11
112,0,8.28,-25.684,-60.86
112,0,8.32,-27.176,-62.42
112,0,8.36,-36.378,-71.69
112,0,8.4,-35.63,-71.01
112,0,8.44,-29.932,-65.52
112,0,8.48,-30.464,-66.26
112,0,8.52,-28.944,-64.97
112,0,8.56,-31.892,-68.17
112,0,8.6,-33.34,-69.87
112,0,8.64,-37.514,-74.36
112,0,8.68,-29.868,-67.03
112,0,8.72,-44.788,-82.09
112,0,8.76,-38.174,-75.44
112,0,8.8,-37.4,-74.63
112,0,8.84,-26.154,-63.34
112,0,8.88,-24.248,-61.39
112,0,8.92,-24.554,-61.76
112,0,8.96,-32.192,-69.57
112,0,9,-35.05,-72.6
112,0,9.04,-27.824,-65.61
112,0,9.08,-29.788,-67.81
112,0,9.12,-34.546,-72.83
112,0,9.16,-35.738,-74.31
112,0,9.2,-32.37,-71.23
112,0,9.24,-29.15,-67.75
112,0,9.28,-27.61,-65.95
112,0,9.32,-38.068,-76.23
112,0,9.36,-28.244,-66.31
112,0,9.4,-29.81,-67.78
112,0,9.44,-31.394,-69.5
112,0,9.48,-26.728,-64.97
112,0,9.52,-25.702,-64.08
112,0,9.56,-29.496,-68.01
112,0,9.6,-49.01,-87.66
112,0,9.64,-36.01,-74.78
112,0,9.68,-28.04,-66.93
112,0,9.72,-24.568,-63.55
112,0,9.76,-28.634,-67.68
112,0,9.8,-26.79,-65.9
112,0,9.84,-25.016,-64.13
112,0,9.88,-31.522,-70.64
112,0,9.92,-33.49,-72.6
112,0,9.96,-41.99,-81.08
112,0,10,-37.3,-76.37
112,0,10.04,-31.364,-70.61
112,0,10.08,-37.468,-76.89
112,0,10.12,-29.616,-69.17
112,0,10.16,-25.228,-64.87
112,0,10.2,-25.96,-65.69
112,0,10.24,-31.522,-71.22
112,0,10.28,-35.924,-75.59
112,0,10.32,-35.242,-74.87
112,0,10.36,-32.696,-72.28
112,0,10.4,-44.44,-83.98
112,0,10.44,-52.614,-92.15
112,0,10.48,-35.638,-75.17
112,0,10.52,-31.302,-70.91
112,0,10.56,-27.776,-67.54
112,0,10.6,-27.91,-67.83
112,0,10.64,-21.788,-61.8
112,0,10.68,-24.746,-64.85
112,0,10.72,-23.836,-64.01
112,0,10.76,-24.238,-64.46
112,0,10.8,-24.62,-64.89
112,0,10.84,-25.03,-65.2
112,0,10.88,-22.69,-62.76
112,0,10.92,-25.352,-65.36
112,0,10.96,-28.956,-68.94
112,0,11,-29.18,-69.14
112,0,11.04,-32.886,-72.95
112,0,11.08,-31.412,-71.58
112,0,11.12,-35.516,-75.76
112,0,11.16,-31.088,-71.38
112,0,11.2,-30.27,-70.61
112,0,11.24,-25.278,-65.67
112,0,11.28,-30.516,-70.96
112,0,11.32,-35.534,-76.05
112,0,11.36,-35.702,-76.31
112,0,11.4,-32.8,-73.5
112,0,11.44,-27.542,-68.29
112,0,11.48,-37.074,-77.87
112,0,11.52,-33.1,-73.93
112,0,11.56,-30.58,-71.43
112,0,11.6,-31.66,-72.53
112,0,11.64,-28.516,-69.47
112,0,11.68,-24.202,-65.24
112,0,11.72,-25.548,-66.64
112,0,11.76,-27.724,-68.84
112,0,11.8,-25.89,-67.03
112,0,11.84,-31.156,-72.24
112,0,11.88,-28.302,-69.33
112,0,11.92,-22.404,-63.53
112,0,11.96,-26.022,-67.4
112,0,12,-22,-63.63
113,0,8,-26.34,-60.96
113,0,8.04,-32.448,-67.16
113,0,8.08,-34.476,-69.28
113,0,8.12,-32.632,-67.52
113,0,8.16,-28.726,-63.69
113,0,8.2,-26.57,-61.61
113,0,8.24,-26.962,-62.07
113,0,8.28,-28.134,-63.31
113,0,8.32,-30.546,-65.79
113,0,8.36,-33.278,-68.59
113,0,8.4,-30.94,-66.32
113,0,8.44,-27.532,-63.12
113,0,8.48,-26.344,-62.14
113,0,8.52,-26.684,-62.71
113,0,8.56,-30.012,-66.29
113,0,8.6,-36.42,-72.95
113,0,8.64,-37.624,-74.47
113,0,8.68,-26.848,-64.01
113,0,8.72,-36.008,-73.31
113,0,8.76,-46.894,-84.16
113,0,8.8,-39.03,-76.26
113,0,8.84,-29.844,-67.03
113,0,8.88,-22.808,-59.95
113,0,8.92,-26.334,-63.54
113,0,8.96,-33.142,-70.52
113,0,9,-41.56,-79.11
113,0,9.04,-30.324,-68.11
113,0,9.08,-30.938,-68.96
113,0,9.12,-33.146,-71.43
113,0,9.16,-26.498,-65.07
113,0,9.2,-27.84,-66.7
113,0,9.24,-29.9,-68.5
113,0,9.28,-28.66,-67
113,0,9.32,-26.828,-64.99
113,0,9.36,-23.854,-61.92
113,0,9.4,-25.87,-63.84
113,0,9.44,-27.344,-65.45
113,0,9.48,-26.428,-64.67
113,0,9.52,-27.162,-65.54
113,0,9.56,-32.276,-70.79
113,0,9.6,-38.62,-77.27
113,0,9.64,-34.06,-72.83
113,0,9.68,-29.03,-67.92
113,0,9.72,-26.558,-65.54
113,0,9.76,-26.224,-65.27
113,0,9.8,-29.29,-68.4
113,0,9.84,-24.646,-63.76
113,0,9.88,-27.292,-66.41
113,0,9.92,-36.4,-75.51
113,0,9.96,-43.12,-82.21
113,0,10,-32.09,-71.16
113,0,10.04,-31.594,-70.84
113,0,10.08,-29.088,-68.51
113,0,10.12,-34.936,-74.49
113,0,10.16,-27.858,-67.5
113,0,10.2,-25.52,-65.25
113,0,10.24,-42.922,-82.62
113,0,10.28,-43.194,-82.86
113,0,10.32,-48.642,-88.27
113,0,10.36,-31.636,-71.22
113,0,10.4,-33.76,-73.3
113,0,10.44,-31.284,-70.82
113,0,10.48,-29.748,-69.28
113,0,10.52,-30.042,-69.65
113,0,10.56,-23.956,-63.72
113,0,10.6,-21.56,-61.48
113,0,10.64,-22.218,-62.23
113,0,10.68,-21.436,-61.54
113,0,10.72,-20.456,-60.63
113,0,10.76,-22.558,-62.78
113,0,10.8,-26.58,-66.85
113,0,10.84,-24.5,-64.67
113,0,10.88,-27.08,-67.15
113,0,10.92,-31.342,-71.35
113,0,10.96,-31.346,-71.33
113,0,11,-34.73,-74.69
113,0,11.04,-29.736,-69.8
113,0,11.08,-33.842,-74.01
113,0,11.12,-32.786,-73.03
113,0,11.16,-28.468,-68.76
113,0,11.2,-37.17,-77.51
113,0,11.24,-33.068,-73.46
113,0,11.28,-29.786,-70.23
113,0,11.32,-33.644,-74.16
113,0,11.36,-32.362,-72.97
113,0,11.4,-30.05,-70.75
113,0,11.44,-33.372,-74.12
113,0,11.48,-36.204,-77
113,0,11.52,-30.86,-71.69
113,0,11.56,-26.4,-67.25
113,0,11.6,-32.9,-73.77
113,0,11.64,-25.846,-66.8
113,0,11.68,-21.542,-62.58
113,0,11.72,-20.488,-61.58
113,0,11.76,-24.914,-66.03
113,0,11.8,-24.51,-65.65
113,0,11.84,-24.636,-65.72
113,0,11.88,-24.132,-65.16
113,0,11.92,-24.074,-65.2
113,0,11.96,-24.772,-66.15
113,0,12,-26.3,-67.93
114,0,8,-27.78,-62.4
114,0,8.04,-29.448,-64.16
114,0,8.08,-32.076,-66.88
114,0,8.12,-29.742,-64.63
114,0,8.16,-28.806,-63.77
114,0,8.2,-31.11,-66.15
114,0,8.24,-26.872,-61.98
114,0,8.28,-29.634,-64.81
114,0,8.32,-32.046,-67.29
114,0,8.36,-38.428,-73.74
114,0,8.4,-33.81,-69.19
114,0,8.44,-25.392,-60.98
114,0,8.48,-25.324,-61.12
114,0,8.52,-26.334,-62.36
114,0,8.56,-29.532,-65.81
114,0,8.6,-43.06,-79.59
114,0,8.64,-33.284,-70.13
114,0,8.68,-30.548,-67.71
114,0,8.72,-28.638,-65.94
114,0,8.76,-33.794,-71.06
114,0,8.8,-37.53,-74.76
114,0,8.84,-26.524,-63.71
114,0,8.88,-23.388,-60.53
114,0,8.92,-26.694,-63.9
114,0,8.96,-33.372,-70.75
114,0,9,-35.86,-73.41
114,0,9.04,-36.344,-74.13
114,0,9.08,-31.498,-69.52
114,0,9.12,-26.556,-64.84
114,0,9.16,-23.808,-62.38
114,0,9.2,-28.98,-67.84
114,0,9.24,-25.92,-64.52
114,0,9.28,-27.01,-65.35
114,0,9.32,-26.938,-65.1
114,0,9.36,-28.024,-66.09
114,0,9.4,-25.55,-63.52
114,0,9.44,-25.174,-63.28
114,0,9.48,-27.908,-66.15
114,0,9.52,-24.642,-63.02
114,0,9.56,-34.336,-72.85
114,0,9.6,-30.96,-69.61
114,0,9.64,-27.23,-66
114,0,9.68,-25.8,-64.69
114,0,9.72,-26.678,-65.66
114,0,9.76,-25.934,-64.98
114,0,9.8,-27.65,-66.76
114,0,9.84,-32.296,-71.41
114,0,9.88,-34.812,-73.93
114,0,9.92,-36.71,-75.82
114,0,9.96,-38.54,-77.63
114,0,10,-30.01,-69.08
114,0,10.04,-39.134,-78.38
114,0,10.08,-27.148,-66.57
114,0,10.12,-40.276,-79.83
114,0,10.16,-33.078,-72.72
114,0,10.2,-31.28,-71.01
114,0,10.24,-31.032,-70.73
114,0,10.28,-40.314,-79.98
114,0,10.32,-32.602,-72.23
114,0,10.36,-29.546,-69.13
114,0,10.4,-31.55,-71.09
114,0,10.44,-24.354,-63.89
114,0,10.48,-28.358,-67.89
114,0,10.52,-24.772,-64.38
114,0,10.56,-23.836,-63.6
114,0,10.6,-21.4,-61.32
114,0,10.64,-21.368,-61.38
114,0,10.68,-19.036,-59.14
114,0,10.72,-20.196,-60.37
114,0,10.76,-21.198,-61.42
114,0,10.8,-21.98,-62.25
114,0,10.84,-22.26,-62.43
114,0,10.88,-26.47,-66.54
114,0,10.92,-26.962,-66.97
114,0,10.96,-28.076,-68.06
114,0,11,-31.41,-71.37
114,0,11.04,-30.396,-70.46
114,0,11.08,-30.292,-70.46
114,0,11.12,-31.036,-71.28
114,0,11.16,-30.558,-70.85
114,0,11.2,-44.1,-84.44
114,0,11.24,-27.198,-67.59
114,0,11.28,-27.696,-68.14
114,0,11.32,-28.054,-68.57
114,0,11.36,-24.732,-65.34
114,0,11.4,-35.29,-75.99
114,0,11.44,-43.262,-84.01
114,0,11.48,-31.414,-72.21
114,0,11.52,-30.35,-71.18
114,0,11.56,-30.3,-71.15
114,0,11.6,-29.75,-70.62
114,0,11.64,-24.476,-65.43
114,0,11.68,-23.802,-64.84
114,0,11.72,-21.688,-62.78
114,0,11.76,-23.694,-64.81
114,0,11.8,-21.67,-62.81
114,0,11.84,-21.916,-63
114,0,11.88,-21.592,-62.62
114,0,11.92,-20.264,-61.39
114,0,11.96,-21.182,-62.56
114,0,12,-22.14,-63.77
115,0,8,-30.85,-65.47
115,0,8.04,-28.248,-62.96
115,0,8.08,-27.246,-62.05
115,0,8.12,-31.642,-66.53
115,0,8.16,-30.246,-65.21
115,0,8.2,-35.15,-70.19
115,0,8.24,-27.152,-62.26
115,0,8.28,-33.444,-68.62
115,0,8.32,-32.976,-68.22
115,0,8.36,-37.428,-72.74
115,0,8.4,-30.73,-66.11
115,0,8.44,-25.942,-61.53
115,0,8.48,-24.714,-60.51
115,0,8.52,-27.484,-63.51
115,0,8.56,-63.802,-100.08
115,0,8.6,-36.29,-72.82
115,0,8.64,-33.274,-70.12
115,0,8.68,-27.348,-64.51
115,0,8.72,-28.018,-65.32
115,0,8.76,-36.744,-74.01
115,0,8.8,-29.79,-67.02
115,0,8.84,-24.984,-62.17
115,0,8.88,-27.708,-64.85
115,0,8.92,-27.784,-64.99
115,0,8.96,-32.392,-69.77
115,0,9,-30.13,-67.68
115,0,9.04,-26.064,-63.85
115,0,9.08,-27.458,-65.48
115,0,9.12,-23.776,-62.06
115,0,9.16,-23.278,-61.85
115,0,9.2,-26,-64.86
115,0,9.24,-28.51,-67.11
115,0,9.28,-26.12,-64.46
115,0,9.32,-25.648,-63.81
115,0,9.36,-24.954,-63.02
115,0,9.4,-30.38,-68.35
115,0,9.44,-28.134,-66.24
115,0,9.48,-32.828,-71.07
115,0,9.52,-31.832,-70.21
115,0,9.56,-25.426,-63.94
115,0,9.6,-34.41,-73.06
115,0,9.64,-27.06,-65.83
115,0,9.68,-23.63,-62.52
115,0,9.72,-24.968,-63.95
115,0,9.76,-26.314,-65.36
115,0,9.8,-26,-65.11
115,0,9.84,-32.076,-71.19
115,0,9.88,-34.462,-73.58
115,0,9.92,-33.72,-72.83
115,0,9.96,-28.73,-67.82
115,0,10,-31.94,-71.01
115,0,10.04,-30.744,-69.99
115,0,10.08,-30.208,-69.63
115,0,10.12,-35.556,-75.11
115,0,10.16,-35.118,-74.76
115,0,10.2,-38.82,-78.55
115,0,10.24,-32.202,-71.9
115,0,10.28,-34.914,-74.58
115,0,10.32,-32.122,-71.75
115,0,10.36,-32.496,-72.08
115,0,10.4,-28.14,-67.68
115,0,10.44,-22.984,-62.52
115,0,10.48,-21.228,-60.76
115,0,10.52,-24.322,-63.93
115,0,10.56,-21.136,-60.9
115,0,10.6,-21.33,-61.25
115,0,10.64,-19.708,-59.72
115,0,10.68,-18.436,-58.54
115,0,10.72,-18.416,-58.59
115,0,10.76,-18.198,-58.42
115,0,10.8,-20.49,-60.76
115,0,10.84,-22.86,-63.03
115,0,10.88,-20.89,-60.96
115,0,10.92,-23.472,-63.48
115,0,10.96,-23.116,-63.1
115,0,11,-23.93,-63.89
115,0,11.04,-25.206,-65.27
115,0,11.08,-24.792,-64.96
115,0,11.12,-24.816,-65.06
115,0,11.16,-27.478,-67.77
115,0,11.2,-29.23,-69.57
115,0,11.24,-26.958,-67.35
115,0,11.28,-24.256,-64.7
115,0,11.32,-24.304,-64.82
115,0,11.36,-25.392,-66
115,0,11.4,-25.3,-66
115,0,11.44,-31.252,-72
115,0,11.48,-29.824,-70.62
115,0,11.52,-26.01,-66.84
115,0,11.56,-29.42,-70.27
115,0,11.6,-28.49,-69.36
115,0,11.64,-24.986,-65.94
115,0,11.68,-28.232,-69.27
115,0,11.72,-23.648,-64.74
115,0,11.76,-22.214,-63.33
115,0,11.8,-24.96,-66.1
115,0,11.84,-22.936,-64.02
115,0,11.88,-22.042,-63.07
115,0,11.92,-26.194,-67.32
115,0,11.96,-23.422,-64.8
115,0,12,-23.18,-64.81
116,0,8,-29.78,-64.4
116,0,8.04,-26.678,-61.39
116,0,8.08,-26.536,-61.34
116,0,8.12,-27.202,-62.09
116,0,8.16,-30.956,-65.92
116,0,8.2,-29.23,-64.27
116,0,8.24,-27.112,-62.22
116,0,8.28,-32.254,-67.43
116,0,8.32,-29.986,-65.23
116,0,8.36,-33.158,-68.47
116,0,8.4,-33.6,-68.98
116,0,8.44,-25.962,-61.55
116,0,8.48,-30.144,-65.94
116,0,8.52,-30.544,-66.57
116,0,8.56,-42.262,-78.54
116,0,8.6,-31.95,-68.48
116,0,8.64,-31.434,-68.28
116,0,8.68,-28.178,-65.34
116,0,8.72,-29.948,-67.25
116,0,8.76,-29.384,-66.65
116,0,8.8,-32.52,-69.75
116,0,8.84,-25.384,-62.57
116,0,8.88,-25.918,-63.06
116,0,8.92,-28.274,-65.48
116,0,8.96,-26.712,-64.09
116,0,9,-20.9,-58.45
116,0,9.04,-24.924,-62.71
116,0,9.08,-22.568,-60.59
116,0,9.12,-22.756,-61.04
116,0,9.16,-21.558,-60.13
116,0,9.2,-22.98,-61.84
116,0,9.24,-22.53,-61.13
116,0,9.28,-25.49,-63.83
116,0,9.32,-25.228,-63.39
116,0,9.36,-25.414,-63.48
116,0,9.4,-26.35,-64.32
116,0,9.44,-31.824,-69.93
116,0,9.48,-31.218,-69.46
116,0,9.52,-34.952,-73.33
116,0,9.56,-34.336,-72.85
116,0,9.6,-28.9,-67.55
116,0,9.64,-24.46,-63.23
116,0,9.68,-23.38,-62.27
116,0,9.72,-24.698,-63.68
116,0,9.76,-28.454,-67.5
116,0,9.8,-25.67,-64.78
116,0,9.84,-24.786,-63.9
116,0,9.88,-26.952,-66.07
116,0,9.92,-24.5,-63.61
116,0,9.96,-25.72,-64.81
116,0,10,-32.1,-71.17
116,0,10.04,-32.424,-71.67
116,0,10.08,-31.888,-71.31
116,0,10.12,-28.796,-68.35
116,0,10.16,-31.018,-70.66
116,0,10.2,-32.43,-72.16
116,0,10.24,-27.202,-66.9
116,0,10.28,-24.824,-64.49
116,0,10.32,-31.022,-70.65
116,0,10.36,-30.996,-70.58
116,0,10.4,-26.78,-66.32
116,0,10.44,-24.064,-63.6
116,0,10.48,-21.658,-61.19
116,0,10.52,-24.252,-63.86
116,0,10.56,-22.336,-62.1
116,0,10.6,-22.34,-62.26
116,0,10.64,-20.708,-60.72
116,0,10.68,-19.606,-59.71
116,0,10.72,-18.766,-58.94
116,0,10.76,-19.298,-59.52
116,0,10.8,-18.07,-58.34
116,0,10.84,-21.86,-62.03
116,0,10.88,-20.89,-60.96
116,0,10.92,-20.082,-60.09
116,0,10.96,-20.616,-60.6
116,0,11,-21.25,-61.21
116,0,11.04,-24.106,-64.17
116,0,11.08,-24.332,-64.5
116,0,11.12,-20.466,-60.71
116,0,11.16,-23.538,-63.83
116,0,11.2,-25.85,-66.19
116,0,11.24,-23.618,-64.01
116,0,11.28,-23.356,-63.8
116,0,11.32,-22.914,-63.43
116,0,11.36,-23.032,-63.64
116,0,11.4,-32.38,-73.08
116,0,11.44,-26.092,-66.84
116,0,11.48,-30.484,-71.28
116,0,11.52,-25.11,-65.94
116,0,11.56,-26.06,-66.91
116,0,11.6,-25.79,-66.66
116,0,11.64,-33.446,-74.4
116,0,11.68,-36.582,-77.62
116,0,11.72,-35.168,-76.26
116,0,11.76,-30.774,-71.89
116,0,11.8,-39.23,-80.37
116,0,11.84,-30.156,-71.24
116,0,11.88,-29.262,-70.29
116,0,11.92,-37.364,-78.49
116,0,11.96,-26.582,-67.96
116,0,12,-30.18,-71.81
117,0,8,-26.55,-61.17
117,0,8.04,-25.788,-60.5
117,0,8.08,-24.706,-59.51
117,0,8.12,-24.892,-59.78
117,0,8.16,-27.676,-62.64
117,0,8.2,-27.92,-62.96
117,0,8.24,-26.772,-61.88
117,0,8.28,-31.704,-66.88
117,0,8.32,-27.976,-63.22
117,0,8.36,-33.248,-68.56
117,0,8.4,-35.55,-70.93
117,0,8.44,-34.862,-70.45
117,0,8.48,-32.074,-67.87
117,0,8.52,-42.774,-78.8
117,0,8.56,-40.172,-76.45
117,0,8.6,-33.23,-69.76
117,0,8.64,-28.304,-65.15
117,0,8.68,-28.368,-65.53
117,0,8.72,-35.638,-72.94
117,0,8.76,-37.204,-74.47
117,0,8.8,-33.39,-70.62
117,0,8.84,-25.634,-62.82
117,0,8.88,-23.948,-61.09
117,0,8.92,-24.844,-62.05
117,0,8.96,-22.252,-59.63
117,0,9,-24.28,-61.83
117,0,9.04,-22.284,-60.07
117,0,9.08,-22.308,-60.33
117,0,9.12,-23.746,-62.03
117,0,9.16,-20.978,-59.55
117,0,9.2,-21.46,-60.32
117,0,9.24,-23.29,-61.89
117,0,9.28,-26.18,-64.52
117,0,9.32,-25.698,-63.86
117,0,9.36,-30.804,-68.87
117,0,9.4,-24.4,-62.37
117,0,9.44,-26.184,-64.29
117,0,9.48,-41.228,-79.47
117,0,9.52,-36.572,-74.95
117,0,9.56,-31.626,-70.14
117,0,9.6,-26.61,-65.26
117,0,9.64,-24.87,-63.64
117,0,9.68,-28.27,-67.16
117,0,9.72,-28.808,-67.79
117,0,9.76,-30.074,-69.12
117,0,9.8,-22.46,-61.57
117,0,9.84,-29.436,-68.55
117,0,9.88,-26.562,-65.68
117,0,9.92,-22.52,-61.63
117,0,9.96,-26.58,-65.67
117,0,10,-31.76,-70.83
117,0,10.04,-32.004,-71.25
117,0,10.08,-30.808,-70.23
117,0,10.12,-25.916,-65.47
117,0,10.16,-23.248,-62.89
117,0,10.2,-30.32,-70.05
117,0,10.24,-24.862,-64.56
117,0,10.28,-30.304,-69.97
117,0,10.32,-32.332,-71.96
117,0,10.36,-28.186,-67.77
117,0,10.4,-26.98,-66.52
117,0,10.44,-24.754,-64.29
117,0,10.48,-29.008,-68.54
117,0,10.52,-23.452,-63.06
117,0,10.56,-23.366,-63.13
117,0,10.6,-20.5,-60.42
117,0,10.64,-22.408,-62.42
117,0,10.68,-20.736,-60.84
117,0,10.72,-18.556,-58.73
117,0,10.76,-20.608,-60.83
117,0,10.8,-20.16,-60.43
117,0,10.84,-20.64,-60.81
117,0,10.88,-20.56,-60.63
117,0,10.92,-19.902,-59.91
117,0,10.96,-21.796,-61.78
117,0,11,-19.81,-59.77
117,0,11.04,-23.676,-63.74
117,0,11.08,-22.062,-62.23
117,0,11.12,-20.996,-61.24
117,0,11.16,-23.388,-63.68
117,0,11.2,-25.42,-65.76
117,0,11.24,-23.178,-63.57
117,0,11.28,-22.036,-62.48
117,0,11.32,-22.914,-63.43
117,0,11.36,-23.372,-63.98
117,0,11.4,-31.23,-71.93
117,0,11.44,-36.202,-76.95
117,0,11.48,-32.734,-73.53
117,0,11.52,-30.42,-71.25
117,0,11.56,-29.87,-70.72
117,0,11.6,-28.47,-69.34
117,0,11.64,-34.406,-75.36
117,0,11.68,-38.832,-79.87
117,0,11.72,-25.818,-66.91
117,0,11.76,-25.644,-66.76
117,0,11.8,-27.82,-68.96
117,0,11.84,-24.666,-65.75
117,0,11.88,-22.312,-63.34
117,0,11.92,-30.954,-72.08
117,0,11.96,-24.572,-65.95
117,0,12,-34.68,-76.31
118,0,8,-23.34,-57.96
118,0,8.04,-23.638,-58.35
118,0,8.08,-21.796,-56.6
118,0,8.12,-24.062,-58.95
118,0,8.16,-27.506,-62.47
118,0,8.2,-27.1,-62.14
118,0,8.24,-28.532,-63.64
118,0,8.28,-27.274,-62.45
118,0,8.32,-28.516,-63.76
118,0,8.36,-33.198,-68.51
118,0,8.4,-38.62,-74
118,0,8.44,-36.352,-71.94
118,0,8.48,-35.974,-71.77
118,0,8.52,-37.054,-73.08
118,0,8.56,-33.552,-69.83
118,0,8.6,-31.52,-68.05
118,0,8.64,-28.224,-65.07
118,0,8.68,-28.098,-65.26
118,0,8.72,-31.018,-68.32
118,0,8.76,-32.944,-70.21
118,0,8.8,-37.31,-74.54
118,0,8.84,-26.944,-64.13
118,0,8.88,-24.998,-62.14
118,0,8.92,-24.284,-61.49
118,0,8.96,-21.502,-58.88
118,0,9,-21.27,-58.82
118,0,9.04,-21.484,-59.27
118,0,9.08,-22.578,-60.6
118,0,9.12,-24.076,-62.36
118,0,9.16,-20.278,-58.85
118,0,9.2,-22.04,-60.9
118,0,9.24,-22.13,-60.73
118,0,9.28,-24.4,-62.74
118,0,9.32,-26.188,-64.35
118,0,9.36,-31.954,-70.02
118,0,9.4,-30.96,-68.93
118,0,9.44,-33.184,-71.29
118,0,9.48,-36.618,-74.86
118,0,9.52,-26.352,-64.73
118,0,9.56,-31.346,-69.86
118,0,9.6,-37.84,-76.49
118,0,9.64,-43.38,-82.15
118,0,9.68,-31.69,-70.58
118,0,9.72,-44.208,-83.19
118,0,9.76,-31.664,-70.71
118,0,9.8,-22.8,-61.91
118,0,9.84,-29.306,-68.42
118,0,9.88,-30.302,-69.42
118,0,9.92,-24.12,-63.23
118,0,9.96,-25.3,-64.39
118,0,10,-33.01,-72.08
118,0,10.04,-33.224,-72.47
118,0,10.08,-26.558,-65.98
118,0,10.12,-23.536,-63.09
118,0,10.16,-23.178,-62.82
118,0,10.2,-24.91,-64.64
118,0,10.24,-24.192,-63.89
118,0,10.28,-26.184,-65.85
118,0,10.32,-29.892,-69.52
118,0,10.36,-27.486,-67.07
118,0,10.4,-25.78,-65.32
118,0,10.44,-29.034,-68.57
118,0,10.48,-24.758,-64.29
118,0,10.52,-25.812,-65.42
118,0,10.56,-22.496,-62.26
118,0,10.6,-21.46,-61.38
118,0,10.64,-23.548,-63.56
118,0,10.68,-23.806,-63.91
118,0,10.72,-23.196,-63.37
118,0,10.76,-22.198,-62.42
118,0,10.8,-21.55,-61.82
118,0,10.84,-22.71,-62.88
118,0,10.88,-23.35,-63.42
118,0,10.92,-21.422,-61.43
118,0,10.96,-21.726,-61.71
118,0,11,-22.11,-62.07
118,0,11.04,-22.696,-62.76
118,0,11.08,-24.052,-64.22
118,0,11.12,-25.356,-65.6
118,0,11.16,-22.428,-62.72
118,0,11.2,-26.79,-67.13
118,0,11.24,-27.878,-68.27
118,0,11.28,-24.346,-64.79
118,0,11.32,-25.564,-66.08
118,0,11.36,-27.542,-68.15
118,0,11.4,-26.04,-66.74
118,0,11.44,-30.142,-70.89
118,0,11.48,-35.624,-76.42
118,0,11.52,-31.95,-72.78
118,0,11.56,-31.47,-72.32
118,0,11.6,-45.21,-86.08
118,0,11.64,-33.356,-74.31
118,0,11.68,-31.142,-72.18
118,0,11.72,-26.288,-67.38
118,0,11.76,-20.794,-61.91
118,0,11.8,-22.26,-63.4
118,0,11.84,-20.186,-61.27
118,0,11.88,-19.842,-60.87
118,0,11.92,-19.914,-61.04
118,0,11.96,-20.252,-61.63
118,0,12,-21.55,-63.18
119,0,8,-22.71,-57.33
119,0,8.04,-21.698,-56.41
119,0,8.08,-20.886,-55.69
119,0,8.12,-23.202,-58.09
119,0,8.16,-25.486,-60.45
119,0,8.2,-26.16,-61.2
119,0,8.24,-24.992,-60.1
119,0,8.28,-29.194,-64.37
119,0,8.32,-27.216,-62.46
119,0,8.36,-35.908,-71.22
119,0,8.4,-40.78,-76.16
119,0,8.44,-37.502,-73.09
119,0,8.48,-35.844,-71.64
119,0,8.52,-35.774,-71.8
119,0,8.56,-33.272,-69.55
119,0,8.6,-31.4,-67.93
119,0,8.64,-28.464,-65.31
119,0,8.68,-26.948,-64.11
119,0,8.72,-30.818,-68.12
119,0,8.76,-31.094,-68.36
119,0,8.8,-35.83,-73.06
119,0,8.84,-29.054,-66.24
119,0,8.88,-25.728,-62.87
119,0,8.92,-22.014,-59.22
119,0,8.96,-20.722,-58.1
119,0,9,-18.78,-56.33
119,0,9.04,-22.084,-59.87
119,0,9.08,-22.048,-60.07
119,0,9.12,-24.996,-63.28
119,0,9.16,-22.078,-60.65
119,0,9.2,-21.72,-60.58
119,0,9.24,-23.17,-61.77
119,0,9.28,-23.1,-61.44
119,0,9.32,-26.928,-65.09
119,0,9.36,-27.444,-65.51
119,0,9.4,-32.48,-70.45
119,0,9.44,-33.124,-71.23
119,0,9.48,-36.468,-74.71
119,0,9.52,-26.902,-65.28
119,0,9.56,-25.026,-63.54
119,0,9.6,-30.01,-68.66
119,0,9.64,-31.23,-70
119,0,9.68,-35.09,-73.98
119,0,9.72,-40.198,-79.18
119,0,9.76,-32.894,-71.94
119,0,9.8,-36.15,-75.26
119,0,9.84,-40.936,-80.05
119,0,9.88,-35.282,-74.4
119,0,9.92,-35.57,-74.68
119,0,9.96,-30.05,-69.14
119,0,10,-35.41,-74.48
119,0,10.04,-30.334,-69.58
119,0,10.08,-28.988,-68.41
119,0,10.12,-27.506,-67.06
119,0,10.16,-27.988,-67.63
119,0,10.2,-26.86,-66.59
119,0,10.24,-26.202,-65.9
119,0,10.28,-28.734,-68.4
119,0,10.32,-25.282,-64.91
119,0,10.36,-28.316,-67.9
119,0,10.4,-26.24,-65.78
119,0,10.44,-25.824,-65.36
119,0,10.48,-23.628,-63.16
119,0,10.52,-23.022,-62.63
119,0,10.56,-20.496,-60.26
119,0,10.6,-25.25,-65.17
119,0,10.64,-22.268,-62.28
119,0,10.68,-28.276,-68.38
119,0,10.72,-26.316,-66.49
119,0,10.76,-24.958,-65.18
119,0,10.8,-30.17,-70.44
119,0,10.84,-26.36,-66.53
119,0,10.88,-25.01,-65.08
119,0,10.92,-24.912,-64.92
119,0,10.96,-27.216,-67.2
119,0,11,-25.84,-65.8
119,0,11.04,-24.496,-64.56
119,0,11.08,-30.172,-70.34
119,0,11.12,-33.346,-73.59
119,0,11.16,-40.868,-81.16
119,0,11.2,-35.18,-75.52
119,0,11.24,-33.338,-73.73
119,0,11.28,-32.726,-73.17
119,0,11.32,-25.974,-66.49
119,0,11.36,-23.832,-64.44
119,0,11.4,-24.8,-65.5
119,0,11.44,-24.392,-65.14
119,0,11.48,-23.724,-64.52
119,0,11.52,-24.25,-65.08
119,0,11.56,-31.15,-72
119,0,11.6,-32.61,-73.48
119,0,11.64,-37.016,-77.97
119,0,11.68,-31.992,-73.03
119,0,11.72,-28.398,-69.49
119,0,11.76,-25.294,-66.41
119,0,11.8,-20.66,-61.8
119,0,11.84,-21.176,-62.26
119,0,11.88,-19.112,-60.14
119,0,11.92,-20.794,-61.92
119,0,11.96,-18.622,-60
119,0,12,-18.87,-60.5
120,0,8,-21.43,-56.05
120,0,8.04,-20.798,-55.51
120,0,8.08,-20.996,-55.8
120,0,8.12,-21.912,-56.8
120,0,8.16,-24.256,-59.22
120,0,8.2,-27.25,-62.29
120,0,8.24,-24.992,-60.1
120,0,8.28,-26.884,-62.06
120,0,8.32,-27.526,-62.77
120,0,8.36,-32.958,-68.27
120,0,8.4,-36.7,-72.08
120,0,8.44,-33.222,-68.81
120,0,8.48,-33.304,-69.1
120,0,8.52,-34.424,-70.45
120,0,8.56,-31.852,-68.13
120,0,8.6,-28.39,-64.92
120,0,8.64,-25.934,-62.78
120,0,8.68,-25.888,-63.05
120,0,8.72,-24.858,-62.16
120,0,8.76,-23.934,-61.2
120,0,8.8,-27.01,-64.24
120,0,8.84,-29.194,-66.38
120,0,8.88,-24.848,-61.99
120,0,8.92,-23.844,-61.05
120,0,8.96,-21.912,-59.29
120,0,9,-19.54,-57.09
120,0,9.04,-21.214,-59
120,0,9.08,-22.548,-60.57
120,0,9.12,-27.386,-65.67
120,0,9.16,-27.808,-66.38
120,0,9.2,-23.47,-62.33
120,0,9.24,-21.42,-60.02
120,0,9.28,-22.95,-61.29
120,0,9.32,-24.858,-63.02
120,0,9.36,-27.324,-65.39
120,0,9.4,-37.79,-75.76
120,0,9.44,-35.324,-73.43
120,0,9.48,-31.608,-69.85
120,0,9.52,-25.592,-63.97
120,0,9.56,-21.126,-59.64
120,0,9.6,-24.12,-62.77
120,0,9.64,-24.01,-62.78
120,0,9.68,-23.94,-62.83
120,0,9.72,-26.258,-65.24
120,0,9.76,-25.584,-64.63
120,0,9.8,-29.72,-68.83
120,0,9.84,-38.516,-77.63
120,0,9.88,-33.302,-72.42
120,0,9.92,-35.78,-74.89
120,0,9.96,-38.6,-77.69
120,0,10,-30.23,-69.3
120,0,10.04,-25.174,-64.42
120,0,10.08,-29.988,-69.41
120,0,10.12,-33.266,-72.82
120,0,10.16,-24.968,-64.61
120,0,10.2,-35.82,-75.55
120,0,10.24,-26.192,-65.89
120,0,10.28,-27.754,-67.42
120,0,10.32,-27.342,-66.97
120,0,10.36,-24.016,-63.6
120,0,10.4,-21.51,-61.05
120,0,10.44,-27.014,-66.55
120,0,10.48,-31.128,-70.66
120,0,10.52,-25.052,-64.66
120,0,10.56,-22.606,-62.37
120,0,10.6,-24.75,-64.67
120,0,10.64,-26.848,-66.86
120,0,10.68,-27.226,-67.33
120,0,10.72,-31.286,-71.46
120,0,10.76,-28.128,-68.35
120,0,10.8,-31.63,-71.9
120,0,10.84,-28.3,-68.47
120,0,10.88,-29.93,-70
120,0,10.92,-32.592,-72.6
120,0,10.96,-32.796,-72.78
120,0,11,-25.14,-65.1
120,0,11.04,-31.416,-71.48
120,0,11.08,-37.682,-77.85
120,0,11.12,-33.186,-73.43
120,0,11.16,-33.678,-73.97
120,0,11.2,-34.12,-74.46
120,0,11.24,-31.528,-71.92
120,0,11.28,-32.396,-72.84
120,0,11.32,-28.944,-69.46
120,0,11.36,-24.112,-64.72
120,0,11.4,-22.27,-62.97
120,0,11.44,-19.582,-60.33
120,0,11.48,-25.074,-65.87
120,0,11.52,-21.92,-62.75
120,0,11.56,-28.08,-68.93
120,0,11.6,-28.52,-69.39
120,0,11.64,-30.866,-71.82
120,0,11.68,-30.212,-71.25
120,0,11.72,-30.628,-71.72
120,0,11.76,-29.914,-71.03
120,0,11.8,-24.62,-65.76
120,0,11.84,-20.896,-61.98
120,0,11.88,-18.172,-59.2
120,0,11.92,-18.584,-59.71
120,0,11.96,-21.442,-62.82
120,0,12,-20.51,-62.14
121,0,8,-20.83,-55.45
121,0,8.04,-19.728,-54.44
121,0,8.08,-20.676,-55.48
121,0,8.12,-21.212,-56.1
121,0,8.16,-22.146,-57.11
121,0,8.2,-26.5,-61.54
121,0,8.24,-26.442,-61.55
121,0,8.28,-29.414,-64.59
121,0,8.32,-31.356,-66.6
121,0,8.36,-36.448,-71.76
121,0,8.4,-38.65,-74.03
121,0,8.44,-29.722,-65.31
121,0,8.48,-30.034,-65.83
121,0,8.52,-26.504,-62.53
121,0,8.56,-29.532,-65.81
121,0,8.6,-33.78,-70.31
121,0,8.64,-26.364,-63.21
121,0,8.68,-22.988,-60.15
121,0,8.72,-22.948,-60.25
121,0,8.76,-21.224,-58.49
121,0,8.8,-24.53,-61.76
121,0,8.84,-24.844,-62.03
121,0,8.88,-28.568,-65.71
121,0,8.92,-23.934,-61.14
121,0,8.96,-24.882,-62.26
121,0,9,-22.51,-60.06
121,0,9.04,-23.114,-60.9
121,0,9.08,-23.678,-61.7
121,0,9.12,-27.356,-65.64
121,0,9.16,-31.188,-69.76
121,0,9.2,-26.14,-65
121,0,9.24,-22.32,-60.92
121,0,9.28,-23.38,-61.72
121,0,9.32,-24.918,-63.08
121,0,9.36,-34.684,-72.75
121,0,9.4,-41.05,-79.02
121,0,9.44,-27.344,-65.45
121,0,9.48,-32.738,-70.98
121,0,9.52,-26.042,-64.42
121,0,9.56,-22.396,-60.91
121,0,9.6,-23.18,-61.83
121,0,9.64,-20.48,-59.25
121,0,9.68,-21.53,-60.42
121,0,9.72,-22.448,-61.43
121,0,9.76,-22.404,-61.45
121,0,9.8,-25.46,-64.57
121,0,9.84,-23.946,-63.06
121,0,9.88,-27.182,-66.3
121,0,9.92,-28.47,-67.58
121,0,9.96,-28.54,-67.63
121,0,10,-25.77,-64.84
121,0,10.04,-25.534,-64.78
121,0,10.08,-25.618,-65.04
121,0,10.12,-30.746,-70.3
121,0,10.16,-28.388,-68.03
121,0,10.2,-30.13,-69.86
121,0,10.24,-31.382,-71.08
121,0,10.28,-24.714,-64.38
121,0,10.32,-23.462,-63.09
121,0,10.36,-23.496,-63.08
121,0,10.4,-21.45,-60.99
121,0,10.44,-22.024,-61.56
121,0,10.48,-22.518,-62.05
121,0,10.52,-22.242,-61.85
121,0,10.56,-22.846,-62.61
121,0,10.6,-24.11,-64.03
121,0,10.64,-26.628,-66.64
121,0,10.68,-28.146,-68.25
121,0,10.72,-30.576,-70.75
121,0,10.76,-31.218,-71.44
121,0,10.8,-25.73,-66
121,0,10.84,-32.89,-73.06
121,0,10.88,-29.5,-69.57
121,0,10.92,-39.292,-79.3
121,0,10.96,-35.506,-75.49
121,0,11,-29.32,-69.28
121,0,11.04,-35.416,-75.48
121,0,11.08,-27.792,-67.96
121,0,11.12,-30.916,-71.16
121,0,11.16,-25.688,-65.98
121,0,11.2,-30.77,-71.11
121,0,11.24,-31.918,-72.31
121,0,11.28,-36.306,-76.75
121,0,11.32,-31.184,-71.7
121,0,11.36,-24.842,-65.45
121,0,11.4,-21.65,-62.35
121,0,11.44,-22.022,-62.77
121,0,11.48,-22.054,-62.85
121,0,11.52,-23.52,-64.35
121,0,11.56,-29.07,-69.92
121,0,11.6,-30.98,-71.85
121,0,11.64,-27.716,-68.67
121,0,11.68,-25.222,-66.26
121,0,11.72,-30.438,-71.53
121,0,11.76,-25.974,-67.09
121,0,11.8,-21.49,-62.63
121,0,11.84,-19.426,-60.51
121,0,11.88,-18.522,-59.55
121,0,11.92,-16.884,-58.01
121,0,11.96,-17.532,-58.91
121,0,12,-17.86,-59.49
122,0,8,-20.54,-55.16
122,0,8.04,-20.738,-55.45
122,0,8.08,-21.196,-56
122,0,8.12,-21.082,-55.97
122,0,8.16,-23.056,-58.02
122,0,8.2,-26.64,-61.68
122,0,8.24,-25.512,-60.62
122,0,8.28,-32.654,-67.83
122,0,8.32,-36.466,-71.71
122,0,8.36,-31.098,-66.41
122,0,8.4,-26.94,-62.32
122,0,8.44,-26.962,-62.55
122,0,8.48,-28.834,-64.63
122,0,8.52,-27.154,-63.18
122,0,8.56,-30.712,-66.99
122,0,8.6,-37.5,-74.03
122,0,8.64,-29.114,-65.96
122,0,8.68,-24.218,-61.38
122,0,8.72,-23.138,-60.44
122,0,8.76,-20.834,-58.1
122,0,8.8,-22.05,-59.28
122,0,8.84,-24.844,-62.03
122,0,8.88,-24.958,-62.1
122,0,8.92,-32.394,-69.6
122,0,8.96,-26.652,-64.03
122,0,9,-26.38,-63.93
122,0,9.04,-25.244,-63.03
122,0,9.08,-30.858,-68.88
122,0,9.12,-33.416,-71.7
122,0,9.16,-27.258,-65.83
122,0,9.2,-26.16,-65.02
122,0,9.24,-24.07,-62.67
122,0,9.28,-22.75,-61.09
122,0,9.32,-23.328,-61.49
122,0,9.36,-38.274,-76.34
122,0,9.4,-38.95,-76.92
122,0,9.44,-32.904,-71.01
122,0,9.48,-28.698,-66.94
122,0,9.52,-30.142,-68.52
122,0,9.56,-25.246,-63.76
122,0,9.6,-24.52,-63.17
122,0,9.64,-22.07,-60.84
122,0,9.68,-23.65,-62.54
122,0,9.72,-22.518,-61.5
122,0,9.76,-20.064,-59.11
122,0,9.8,-22.19,-61.3
122,0,9.84,-25.326,-64.44
122,0,9.88,-25.472,-64.59
122,0,9.92,-24.54,-63.65
122,0,9.96,-22.22,-61.31
122,0,10,-22.23,-61.3
122,0,10.04,-21.424,-60.67
122,0,10.08,-23.218,-62.64
122,0,10.12,-26.556,-66.11
122,0,10.16,-23.298,-62.94
122,0,10.2,-24.78,-64.51
122,0,10.24,-24.252,-63.95
122,0,10.28,-24.924,-64.59
122,0,10.32,-24.792,-64.42
122,0,10.36,-22.836,-62.42
122,0,10.4,-23.29,-62.83
122,0,10.44,-19.364,-58.9
122,0,10.48,-20.438,-59.97
122,0,10.52,-21.402,-61.01
122,0,10.56,-23.956,-63.72
122,0,10.6,-29.98,-69.9
122,0,10.64,-25.118,-65.13
122,0,10.68,-26.656,-66.76
122,0,10.72,-29.786,-69.96
122,0,10.76,-30.578,-70.8
122,0,10.8,-31.08,-71.35
122,0,10.84,-27.9,-68.07
122,0,10.88,-33.15,-73.22
122,0,10.92,-31.732,-71.74
122,0,10.96,-36.496,-76.48
122,0,11,-44.49,-84.45
122,0,11.04,-35.676,-75.74
122,0,11.08,-32.882,-73.05
122,0,11.12,-24.776,-65.02
122,0,11.16,-25.898,-66.19
122,0,11.2,-25.97,-66.31
122,0,11.24,-32.058,-72.45
122,0,11.28,-29.036,-69.48
122,0,11.32,-25.244,-65.76
122,0,11.36,-19.892,-60.5
122,0,11.4,-22.31,-63.01
122,0,11.44,-21.052,-61.8
122,0,11.48,-23.504,-64.3
122,0,11.52,-25.05,-65.88
122,0,11.56,-29.89,-70.74
122,0,11.6,-25.91,-66.78
122,0,11.64,-22.536,-63.49
122,0,11.68,-21.732,-62.77
122,0,11.72,-21.528,-62.62
122,0,11.76,-29.754,-70.87
122,0,11.8,-20.79,-61.93
122,0,11.84,-18.316,-59.4
122,0,11.88,-14.582,-55.61
122,0,11.92,-15.054,-56.18
122,0,11.96,-14.662,-56.04
122,0,12,-14.65,-56.28
123,0,8,-19.97,-54.59
123,0,8.04,-20.658,-55.37
123,0,8.08,-20.586,-55.39
123,0,8.12,-22.552,-57.44
123,0,8.16,-22.306,-57.27
123,0,8.2,-25.47,-60.51
123,0,8.24,-27.982,-63.09
123,0,8.28,-39.794,-74.97
123,0,8.32,-52.286,-87.53
123,0,8.36,-29.008,-64.32
123,0,8.4,-26.58,-61.96
123,0,8.44,-24.882,-60.47
123,0,8.48,-24.494,-60.29
123,0,8.52,-27.244,-63.27
123,0,8.56,-32.042,-68.32
123,0,8.6,-35.2,-71.73
123,0,8.64,-27.484,-64.33
123,0,8.68,-25.538,-62.7
123,0,8.72,-23.128,-60.43
123,0,8.76,-21.044,-58.31
123,0,8.8,-25.16,-62.39
123,0,8.84,-27.094,-64.28
123,0,8.88,-27.418,-64.56
123,0,8.92,-31.804,-69.01
123,0,8.96,-31.962,-69.34
123,0,9,-29.38,-66.93
123,0,9.04,-29.584,-67.37
123,0,9.08,-26.418,-64.44
123,0,9.12,-30.316,-68.6
123,0,9.16,-26.448,-65.02
123,0,9.2,-30.21,-69.07
123,0,9.24,-24.74,-63.34
123,0,9.28,-23.07,-61.41
123,0,9.32,-23.858,-62.02
123,0,9.36,-25.624,-63.69
123,0,9.4,-34.79,-72.76
123,0,9.44,-54.924,-93.03
123,0,9.48,-36.488,-74.73
123,0,9.52,-36.292,-74.67
123,0,9.56,-28.706,-67.22
123,0,9.6,-30.79,-69.44
123,0,9.64,-28.94,-67.71
123,0,9.68,-31.35,-70.24
123,0,9.72,-24.948,-63.93
123,0,9.76,-26.044,-65.09
123,0,9.8,-24.48,-63.59
123,0,9.84,-29.616,-68.73
123,0,9.88,-25.422,-64.54
123,0,9.92,-21.84,-60.95
123,0,9.96,-24.81,-63.9
123,0,10,-21.88,-60.95
123,0,10.04,-22.904,-62.15
123,0,10.08,-20.928,-60.35
123,0,10.12,-21.576,-61.13
123,0,10.16,-21.078,-60.72
123,0,10.2,-21.96,-61.69
123,0,10.24,-23.822,-63.52
123,0,10.28,-23.844,-63.51
123,0,10.32,-21.912,-61.54
123,0,10.36,-29.276,-68.86
123,0,10.4,-23.83,-63.37
123,0,10.44,-21.244,-60.78
123,0,10.48,-26.238,-65.77
123,0,10.52,-22.772,-62.38
123,0,10.56,-22.636,-62.4
123,0,10.6,-26.32,-66.24
123,0,10.64,-29.028,-69.04
123,0,10.68,-27.466,-67.57
123,0,10.72,-27.986,-68.16
123,0,10.76,-31.428,-71.65
123,0,10.8,-30.2,-70.47
123,0,10.84,-32.48,-72.65
123,0,10.88,-29.27,-69.34
123,0,10.92,-25.232,-65.24
123,0,10.96,-26.696,-66.68
123,0,11,-26.8,-66.76
123,0,11.04,-29.576,-69.64
123,0,11.08,-25.982,-66.15
123,0,11.12,-24.906,-65.15
123,0,11.16,-24.488,-64.78
123,0,11.2,-30.54,-70.88
123,0,11.24,-23.288,-63.68
123,0,11.28,-22.906,-63.35
123,0,11.32,-20.604,-61.12
123,0,11.36,-18.622,-59.23
123,0,11.4,-19.84,-60.54
123,0,11.44,-18.652,-59.4
123,0,11.48,-22.514,-63.31
123,0,11.52,-20.87,-61.7
123,0,11.56,-19.19,-60.04
123,0,11.6,-20.5,-61.37
123,0,11.64,-18.886,-59.84
123,0,11.68,-17.992,-59.03
123,0,11.72,-18.348,-59.44
123,0,11.76,-19.714,-60.83
123,0,11.8,-20.7,-61.84
123,0,11.84,-16.736,-57.82
123,0,11.88,-15.622,-56.65
123,0,11.92,-15.184,-56.31
123,0,11.96,-13.902,-55.28
123,0,12,-15.1,-56.73
124,0,8,-20.98,-55.6
124,0,8.04,-21.928,-56.64
124,0,8.08,-22.926,-57.73
124,0,8.12,-22.642,-57.53
124,0,8.16,-22.996,-57.96
124,0,8.2,-25.19,-60.23
124,0,8.24,-28.352,-63.46
124,0,8.28,-35.104,-70.28
124,0,8.32,-38.276,-73.52
124,0,8.36,-26.038,-61.35
124,0,8.4,-22.28,-57.66
124,0,8.44,-22.592,-58.18
124,0,8.48,-26.904,-62.7
124,0,8.52,-27.234,-63.26
124,0,8.56,-31.482,-67.76
124,0,8.6,-34.32,-70.85
124,0,8.64,-27.684,-64.53
124,0,8.68,-28.548,-65.71
124,0,8.72,-24.448,-61.75
124,0,8.76,-22.144,-59.41
124,0,8.8,-26.19,-63.42
124,0,8.84,-24.004,-61.19
124,0,8.88,-28.188,-65.33
124,0,8.92,-46.894,-84.1
124,0,8.96,-35.012,-72.39
124,0,9,-26.16,-63.71
124,0,9.04,-30.324,-68.11
124,0,9.08,-35.408,-73.43
124,0,9.12,-30.146,-68.43
124,0,9.16,-26.598,-65.17
124,0,9.2,-27.63,-66.49
124,0,9.24,-25.32,-63.92
124,0,9.28,-25.11,-63.45
124,0,9.32,-24.708,-62.87
124,0,9.36,-30.564,-68.63
124,0,9.4,-25.76,-63.73
124,0,9.44,-32.334,-70.44
124,0,9.48,-30.338,-68.58
124,0,9.52,-33.292,-71.67
124,0,9.56,-31.566,-70.08
124,0,9.6,-47.82,-86.47
124,0,9.64,-35.19,-73.96
124,0,9.68,-34.33,-73.22
124,0,9.72,-31.378,-70.36
124,0,9.76,-23.884,-62.93
124,0,9.8,-26.56,-65.67
124,0,9.84,-33.596,-72.71
124,0,9.88,-26.462,-65.58
124,0,9.92,-24.61,-63.72
124,0,9.96,-24.85,-63.94
124,0,10,-22.99,-62.06
124,0,10.04,-21.764,-61.01
124,0,10.08,-23.168,-62.59
124,0,10.12,-21.096,-60.65
124,0,10.16,-21.588,-61.23
124,0,10.2,-23.27,-63
124,0,10.24,-24.992,-64.69
124,0,10.28,-29.244,-68.91
124,0,10.32,-27.722,-67.35
124,0,10.36,-27.086,-66.67
124,0,10.4,-22.45,-61.99
124,0,10.44,-21.394,-60.93
124,0,10.48,-25.138,-64.67
124,0,10.52,-24.412,-64.02
124,0,10.56,-27.076,-66.84
124,0,10.6,-30.06,-69.98
124,0,10.64,-28.918,-68.93
124,0,10.68,-25.026,-65.13
124,0,10.72,-27.316,-67.49
124,0,10.76,-32.828,-73.05
124,0,10.8,-32.24,-72.51
124,0,10.84,-27.72,-67.89
124,0,10.88,-25.22,-65.29
124,0,10.92,-22.452,-62.46
124,0,10.96,-22.126,-62.11
124,0,11,-21.8,-61.76
124,0,11.04,-24.106,-64.17
124,0,11.08,-25.752,-65.92
124,0,11.12,-21.986,-62.23
124,0,11.16,-21.878,-62.17
124,0,11.2,-20.74,-61.08
124,0,11.24,-18.268,-58.66
124,0,11.28,-17.976,-58.42
124,0,11.32,-18.004,-58.52
124,0,11.36,-18.262,-58.87
124,0,11.4,-16.48,-57.18
124,0,11.44,-17.842,-58.59
124,0,11.48,-17.524,-58.32
124,0,11.52,-17.84,-58.67
124,0,11.56,-18.25,-59.1
124,0,11.6,-16.4,-57.27
124,0,11.64,-17.516,-58.47
124,0,11.68,-16.652,-57.69
124,0,11.72,-18.488,-59.58
124,0,11.76,-20.284,-61.4
124,0,11.8,-20.84,-61.98
124,0,11.84,-20.916,-62
124,0,11.88,-16.432,-57.46
124,0,11.92,-16.244,-57.37
124,0,11.96,-16.652,-58.03
124,0,12,-17.85,-59.48
125,0,8,-21.05,-55.67
125,0,8.04,-24.068,-58.78
125,0,8.08,-23.876,-58.68
125,0,8.12,-24.802,-59.69
125,0,8.16,-23.306,-58.27
125,0,8.2,-26.74,-61.78
125,0,8.24,-29.872,-64.98
125,0,8.28,-35.404,-70.58
125,0,8.32,-30.926,-66.17
125,0,8.36,-24.588,-59.9
125,0,8.4,-22.71,-58.09
125,0,8.44,-22.622,-58.21
125,0,8.48,-24.814,-60.61
125,0,8.52,-27.334,-63.36
125,0,8.56,-28.432,-64.71
125,0,8.6,-29.64,-66.17
125,0,8.64,-25.834,-62.68
125,0,8.68,-26.028,-63.19
125,0,8.72,-24.578,-61.88
125,0,8.76,-23.854,-61.12
125,0,8.8,-28.39,-65.62
125,0,8.84,-30.134,-67.32
125,0,8.88,-29.938,-67.08
125,0,8.92,-34.104,-71.31
125,0,8.96,-28.832,-66.21
125,0,9,-28.14,-65.69
125,0,9.04,-25.134,-62.92
125,0,9.08,-29.978,-68
125,0,9.12,-33.456,-71.74
125,0,9.16,-32.148,-70.72
125,0,9.2,-30.68,-69.54
125,0,9.24,-33.14,-71.74
125,0,9.28,-35.07,-73.41
125,0,9.32,-24.538,-62.7
125,0,9.36,-24.974,-63.04
125,0,9.4,-25.58,-63.55
125,0,9.44,-27.354,-65.46
125,0,9.48,-25.218,-63.46
125,0,9.52,-25.172,-63.55
125,0,9.56,-24.056,-62.57
125,0,9.6,-26.73,-65.38
125,0,9.64,-24.63,-63.4
125,0,9.68,-31.4,-70.29
125,0,9.72,-33.498,-72.48
125,0,9.76,-31.624,-70.67
125,0,9.8,-34.89,-74
125,0,9.84,-37.516,-76.63
125,0,9.88,-31.622,-70.74
125,0,9.92,-27.28,-66.39
125,0,9.96,-24.61,-63.7
125,0,10,-22.26,-61.33
125,0,10.04,-23.374,-62.62
125,0,10.08,-22.598,-62.02
125,0,10.12,-21.836,-61.39
125,0,10.16,-25.848,-65.49
125,0,10.2,-26.83,-66.56
125,0,10.24,-31.672,-71.37
125,0,10.28,-24.204,-63.87
125,0,10.32,-30.922,-70.55
125,0,10.36,-28.096,-67.68
125,0,10.4,-25.44,-64.98
125,0,10.44,-29.704,-69.24
125,0,10.48,-28.718,-68.25
125,0,10.52,-50.022,-89.63
125,0,10.56,-40.366,-80.13
125,0,10.6,-36.9,-76.82
125,0,10.64,-38.378,-78.39
125,0,10.68,-40.556,-80.66
125,0,10.72,-33.756,-73.93
125,0,10.76,-24.908,-65.13
125,0,10.8,-24.1,-64.37
125,0,10.84,-23.97,-64.14
125,0,10.88,-22.88,-62.95
125,0,10.92,-23.192,-63.2
125,0,10.96,-20.086,-60.07
125,0,11,-19.99,-59.95
125,0,11.04,-21.046,-61.11
125,0,11.08,-20.812,-60.98
125,0,11.12,-19.176,-59.42
125,0,11.16,-18.698,-58.99
125,0,11.2,-16.63,-56.97
125,0,11.24,-16.438,-56.83
125,0,11.28,-17.266,-57.71
125,0,11.32,-18.024,-58.54
125,0,11.36,-17.572,-58.18
125,0,11.4,-18.23,-58.93
125,0,11.44,-16.752,-57.5
125,0,11.48,-17.314,-58.11
125,0,11.52,-17.34,-58.17
125,0,11.56,-19.66,-60.51
125,0,11.6,-19.42,-60.29
125,0,11.64,-22.156,-63.11
125,0,11.68,-20.702,-61.74
125,0,11.72,-19.598,-60.69
125,0,11.76,-20.234,-61.35
125,0,11.8,-21.28,-62.42
125,0,11.84,-23.176,-64.26
125,0,11.88,-18.582,-59.61
125,0,11.92,-17.214,-58.34
125,0,11.96,-17.432,-58.81
125,0,12,-21.38,-63.01
126,0,8,-22.24,-56.86
126,0,8.04,-23.688,-58.4
126,0,8.08,-25.516,-60.32
126,0,8.12,-25.682,-60.57
126,0,8.16,-24.556,-59.52
126,0,8.2,-24.85,-59.89
126,0,8.24,-31.112,-66.22
126,0,8.28,-37.904,-73.08
126,0,8.32,-26.926,-62.17
126,0,8.36,-22.368,-57.68
126,0,8.4,-21.6,-56.98
126,0,8.44,-19.612,-55.2
126,0,8.48,-21.794,-57.59
126,0,8.52,-23.174,-59.2
126,0,8.56,-23.952,-60.23
126,0,8.6,-26.34,-62.87
126,0,8.64,-25.274,-62.12
126,0,8.68,-23.368,-60.53
126,0,8.72,-23.708,-61.01
126,0,8.76,-25.734,-63
126,0,8.8,-29.69,-66.92
126,0,8.84,-26.234,-63.42
126,0,8.88,-25.898,-63.04
126,0,8.92,-26.224,-63.43
126,0,8.96,-23.852,-61.23
126,0,9,-28.81,-66.36
126,0,9.04,-24.474,-62.26
126,0,9.08,-25.358,-63.38
126,0,9.12,-29.976,-68.26
126,0,9.16,-31.378,-69.95
126,0,9.2,-39.69,-78.55
126,0,9.24,-34.25,-72.85
126,0,9.28,-31.35,-69.69
126,0,9.32,-26.358,-64.52
126,0,9.36,-23.394,-61.46
126,0,9.4,-23.75,-61.72
126,0,9.44,-23.234,-61.34
126,0,9.48,-20.338,-58.58
126,0,9.52,-20.832,-59.21
126,0,9.56,-21.106,-59.62
126,0,9.6,-24.06,-62.71
126,0,9.64,-23.39,-62.16
126,0,9.68,-26.96,-65.85
126,0,9.72,-28.368,-67.35
126,0,9.76,-36.364,-75.41
126,0,9.8,-44.54,-83.65
126,0,9.84,-31.126,-70.24
126,0,9.88,-32.252,-71.37
126,0,9.92,-30.5,-69.61
126,0,9.96,-30.26,-69.35
126,0,10,-26,-65.07
126,0,10.04,-25.384,-64.63
126,0,10.08,-22.488,-61.91
126,0,10.12,-22.496,-62.05
126,0,10.16,-32.088,-71.73
126,0,10.2,-33,-72.73
126,0,10.24,-33.532,-73.23
126,0,10.28,-24.554,-64.22
126,0,10.32,-26.062,-65.69
126,0,10.36,-32.166,-71.75
126,0,10.4,-27.34,-66.88
126,0,10.44,-35.994,-75.53
126,0,10.48,-29.768,-69.3
126,0,10.52,-39.642,-79.25
126,0,10.56,-50.886,-90.65
126,0,10.6,-27.69,-67.61
126,0,10.64,-30.808,-70.82
126,0,10.68,-34.386,-74.49
126,0,10.72,-27.306,-67.48
126,0,10.76,-25.108,-65.33
126,0,10.8,-21.86,-62.13
126,0,10.84,-19.53,-59.7
126,0,10.88,-19.95,-60.02
126,0,10.92,-20.722,-60.73
126,0,10.96,-19.446,-59.43
126,0,11,-20.51,-60.47
126,0,11.04,-20.486,-60.55
126,0,11.08,-21.102,-61.27
126,0,11.12,-20.956,-61.2
126,0,11.16,-18.258,-58.55
126,0,11.2,-18.58,-58.92
126,0,11.24,-18.028,-58.42
126,0,11.28,-17.076,-57.52
126,0,11.32,-19.204,-59.72
126,0,11.36,-19.292,-59.9
126,0,11.4,-19.04,-59.74
126,0,11.44,-18.672,-59.42
126,0,11.48,-19.754,-60.55
126,0,11.52,-21.21,-62.04
126,0,11.56,-24.16,-65.01
126,0,11.6,-26.84,-67.71
126,0,11.64,-24.916,-65.87
126,0,11.68,-19.682,-60.72
126,0,11.72,-19.798,-60.89
126,0,11.76,-18.594,-59.71
126,0,11.8,-17.42,-58.56
126,0,11.84,-16.846,-57.93
126,0,11.88,-15.962,-56.99
126,0,11.92,-15.034,-56.16
126,0,11.96,-14.102,-55.48
126,0,12,-15.39,-57.02
127,0,8,-22.17,-56.79
127,0,8.04,-23.728,-58.44
127,0,8.08,-23.896,-58.7
127,0,8.12,-23.572,-58.46
127,0,8.16,-22.576,-57.54
127,0,8.2,-25.31,-60.35
127,0,8.24,-31.562,-66.67
127,0,8.28,-44.784,-79.96
127,0,8.32,-24.866,-60.11
127,0,8.36,-21.118,-56.43
127,0,8.4,-19.75,-55.13
127,0,8.44,-18.862,-54.45
127,0,8.48,-18.894,-54.69
127,0,8.52,-20.324,-56.35
127,0,8.56,-21.832,-58.11
127,0,8.6,-21.11,-57.64
127,0,8.64,-22.874,-59.72
127,0,8.68,-21.598,-58.76
127,0,8.72,-23.048,-60.35
127,0,8.76,-26.214,-63.48
127,0,8.8,-28.99,-66.22
127,0,8.84,-27.624,-64.81
127,0,8.88,-29.108,-66.25
127,0,8.92,-24.024,-61.23
127,0,8.96,-24.712,-62.09
127,0,9,-24.4,-61.95
127,0,9.04,-24.874,-62.66
127,0,9.08,-27.478,-65.5
127,0,9.12,-31.896,-70.18
127,0,9.16,-30.148,-68.72
127,0,9.2,-34.11,-72.97
127,0,9.24,-29.47,-68.07
127,0,9.28,-30.43,-68.77
127,0,9.32,-24.608,-62.77
127,0,9.36,-22.254,-60.32
127,0,9.4,-22.78,-60.75
127,0,9.44,-22.244,-60.35
127,0,9.48,-18.628,-56.87
127,0,9.52,-19.412,-57.79
127,0,9.56,-21.666,-60.18
127,0,9.6,-21.5,-60.15
127,0,9.64,-21.6,-60.37
127,0,9.68,-24.5,-63.39
127,0,9.72,-28.198,-67.18
127,0,9.76,-34.714,-73.76
127,0,9.8,-34.71,-73.82
127,0,9.84,-34.476,-73.59
127,0,9.88,-32.012,-71.13
127,0,9.92,-33.9,-73.01
127,0,9.96,-35.49,-74.58
127,0,10,-29.02,-68.09
127,0,10.04,-30.224,-69.47
127,0,10.08,-24.318,-63.74
127,0,10.12,-28.916,-68.47
127,0,10.16,-34.398,-74.04
127,0,10.2,-32.03,-71.76
127,0,10.24,-29.662,-69.36
127,0,10.28,-24.064,-63.73
127,0,10.32,-24.372,-64
127,0,10.36,-25.956,-65.54
127,0,10.4,-40.18,-79.72
127,0,10.44,-34.814,-74.35
127,0,10.48,-31.148,-70.68
127,0,10.52,-27.502,-67.11
127,0,10.56,-31.136,-70.9
127,0,10.6,-26.82,-66.74
127,0,10.64,-24.398,-64.41
127,0,10.68,-25.566,-65.67
127,0,10.72,-25.566,-65.74
127,0,10.76,-20.488,-60.71
127,0,10.8,-20.9,-61.17
127,0,10.84,-19.62,-59.79
127,0,10.88,-18.03,-58.1
127,0,10.92,-20.922,-60.93
127,0,10.96,-20.246,-60.23
127,0,11,-22.17,-62.13
127,0,11.04,-22.456,-62.52
127,0,11.08,-22.442,-62.61
127,0,11.12,-20.946,-61.19
127,0,11.16,-21.448,-61.74
127,0,11.2,-21.11,-61.45
127,0,11.24,-22.818,-63.21
127,0,11.28,-20.096,-60.54
127,0,11.32,-19.334,-59.85
127,0,11.36,-18.312,-58.92
127,0,11.4,-17.26,-57.96
127,0,11.44,-19.222,-59.97
127,0,11.48,-19.944,-60.74
127,0,11.52,-23.61,-64.44
127,0,11.56,-23.33,-64.18
127,0,11.6,-19.02,-59.89
127,0,11.64,-17.466,-58.42
127,0,11.68,-15.382,-56.42
127,0,11.72,-13.928,-55.02
127,0,11.76,-14.234,-55.35
127,0,11.8,-13.6,-54.74
127,0,11.84,-14.636,-55.72
127,0,11.88,-14.182,-55.21
127,0,11.92,-12.594,-53.72
127,0,11.96,-13.892,-55.27
127,0,12,-13.41,-55.04
128,0,8,-21.82,-56.44
128,0,8.04,-22.648,-57.36
128,0,8.08,-22.936,-57.74
128,0,8.12,-21.032,-55.92
128,0,8.16,-20.676,-55.64
128,0,8.2,-23.17,-58.21
128,0,8.24,-27.522,-62.63
128,0,8.28,-44.404,-79.58
128,0,8.32,-24.686,-59.93
128,0,8.36,-20.778,-56.09
128,0,8.4,-18.34,-53.72
128,0,8.44,-17.682,-53.27
128,0,8.48,-17.094,-52.89
128,0,8.52,-17.584,-53.61
128,0,8.56,-21.042,-57.32
128,0,8.6,-21.19,-57.72
128,0,8.64,-20.414,-57.26
128,0,8.68,-20.408,-57.57
128,0,8.72,-21.428,-58.73
128,0,8.76,-24.644,-61.91
128,0,8.8,-29.29,-66.52
128,0,8.84,-28.754,-65.94
128,0,8.88,-26.228,-63.37
128,0,8.92,-25.634,-62.84
128,0,8.96,-30.692,-68.07
128,0,9,-23.21,-60.76
128,0,9.04,-25.174,-62.96
128,0,9.08,-26.828,-64.85
128,0,9.12,-36.456,-74.74
128,0,9.16,-54.808,-93.38
128,0,9.2,-29.81,-68.67
128,0,9.24,-24.68,-63.28
128,0,9.28,-23.78,-62.12
128,0,9.32,-25.648,-63.81
128,0,9.36,-22.954,-61.02
128,0,9.4,-22.02,-59.99
128,0,9.44,-22.824,-60.93
128,0,9.48,-18.698,-56.94
128,0,9.52,-18.062,-56.44
128,0,9.56,-19.426,-57.94
128,0,9.6,-22.55,-61.2
128,0,9.64,-22.35,-61.12
128,0,9.68,-27.08,-65.97
128,0,9.72,-33.238,-72.22
128,0,9.76,-29.274,-68.32
128,0,9.8,-30.52,-69.63
128,0,9.84,-33.496,-72.61
128,0,9.88,-29.432,-68.55
128,0,9.92,-37.76,-76.87
128,0,9.96,-34.39,-73.48
128,0,10,-27.85,-66.92
128,0,10.04,-36.574,-75.82
128,0,10.08,-28.888,-68.31
128,0,10.12,-26.586,-66.14
128,0,10.16,-31.218,-70.86
128,0,10.2,-25.7,-65.43
128,0,10.24,-30.732,-70.43
128,0,10.28,-28.934,-68.6
128,0,10.32,-25.352,-64.98
128,0,10.36,-24.796,-64.38
128,0,10.4,-33.82,-73.36
128,0,10.44,-35.564,-75.1
128,0,10.48,-29.428,-68.96
128,0,10.52,-23.962,-63.57
128,0,10.56,-21.286,-61.05
128,0,10.6,-23.3,-63.22
128,0,10.64,-20.208,-60.22
128,0,10.68,-23.586,-63.69
128,0,10.72,-20.996,-61.17
128,0,10.76,-20.448,-60.67
128,0,10.8,-20.46,-60.73
128,0,10.84,-20.78,-60.95
128,0,10.88,-19.25,-59.32
128,0,10.92,-20.062,-60.07
128,0,10.96,-18.356,-58.34
128,0,11,-19.15,-59.11
128,0,11.04,-22.616,-62.68
128,0,11.08,-22.092,-62.26
128,0,11.12,-21.936,-62.18
128,0,11.16,-23.598,-63.89
128,0,11.2,-20.11,-60.45
128,0,11.24,-20.258,-60.65
128,0,11.28,-17.386,-57.83
128,0,11.32,-16.754,-57.27
128,0,11.36,-16.232,-56.84
128,0,11.4,-16.85,-57.55
128,0,11.44,-18.212,-58.96
128,0,11.48,-19.894,-60.69
128,0,11.52,-18.07,-58.9
128,0,11.56,-18.96,-59.81
128,0,11.6,-16.18,-57.05
128,0,11.64,-14.536,-55.49
128,0,11.68,-14.752,-55.79
128,0,11.72,-12.428,-53.52
128,0,11.76,-13.034,-54.15
128,0,11.8,-12.5,-53.64
128,0,11.84,-13.076,-54.16
128,0,11.88,-13.332,-54.36
128,0,11.92,-12.894,-54.02
128,0,11.96,-13.092,-54.47
128,0,12,-14.51,-56.14
129,0,8,-20.07,-54.69
129,0,8.04,-21.718,-56.43
129,0,8.08,-21.516,-56.32
129,0,8.12,-20.612,-55.5
129,0,8.16,-19.366,-54.33
129,0,8.2,-21.44,-56.48
129,0,8.24,-24.412,-59.52
129,0,8.28,-35.514,-70.69
129,0,8.32,-26.546,-61.79
129,0,8.36,-20.468,-55.78
129,0,8.4,-18.8,-54.18
129,0,8.44,-17.562,-53.15
129,0,8.48,-17.354,-53.15
129,0,8.52,-18.474,-54.5
129,0,8.56,-19.712,-55.99
129,0,8.6,-19.61,-56.14
129,0,8.64,-21.044,-57.89
129,0,8.68,-20.008,-57.17
129,0,8.72,-20.308,-57.61
129,0,8.76,-23.374,-60.64
129,0,8.8,-28.83,-66.06
129,0,8.84,-30.214,-67.4
129,0,8.88,-29.508,-66.65
129,0,8.92,-33.644,-70.85
129,0,8.96,-31.022,-68.4
129,0,9,-25.85,-63.4
129,0,9.04,-24.764,-62.55
129,0,9.08,-27.108,-65.13
129,0,9.12,-33.056,-71.34
129,0,9.16,-38.918,-77.49
129,0,9.2,-31.86,-70.72
129,0,9.24,-22.46,-61.06
129,0,9.28,-24.05,-62.39
129,0,9.32,-25.158,-63.32
129,0,9.36,-25.674,-63.74
129,0,9.4,-24.78,-62.75
129,0,9.44,-24.414,-62.52
129,0,9.48,-19.148,-57.39
129,0,9.52,-18.922,-57.3
129,0,9.56,-20.466,-58.98
129,0,9.6,-24.06,-62.71
129,0,9.64,-26.1,-64.87
129,0,9.68,-33.94,-72.83
129,0,9.72,-35.158,-74.14
129,0,9.76,-32.674,-71.72
129,0,9.8,-29.3,-68.41
129,0,9.84,-25.206,-64.32
129,0,9.88,-29.362,-68.48
129,0,9.92,-28.89,-68
129,0,9.96,-32.87,-71.96
129,0,10,-35.18,-74.25
129,0,10.04,-46.744,-85.99
129,0,10.08,-32.228,-71.65
129,0,10.12,-36.706,-76.26
129,0,10.16,-27.488,-67.13
129,0,10.2,-29.11,-68.84
129,0,10.24,-27.252,-66.95
129,0,10.28,-32.384,-72.05
129,0,10.32,-27.632,-67.26
129,0,10.36,-27.036,-66.62
129,0,10.4,-22.49,-62.03
129,0,10.44,-22.204,-61.74
129,0,10.48,-21.198,-60.73
129,0,10.52,-16.592,-56.2
129,0,10.56,-18.876,-58.64
129,0,10.6,-17.02,-56.94
129,0,10.64,-18.238,-58.25
129,0,10.68,-20.496,-60.6
129,0,10.72,-20.266,-60.44
129,0,10.76,-19.758,-59.98
129,0,10.8,-20.09,-60.36
129,0,10.84,-18.74,-58.91
129,0,10.88,-18.62,-58.69
129,0,10.92,-18.292,-58.3
129,0,10.96,-18.276,-58.26
129,0,11,-19.34,-59.3
129,0,11.04,-19.546,-59.61
129,0,11.08,-23.432,-63.6
129,0,11.12,-23.346,-63.59
129,0,11.16,-20.588,-60.88
129,0,11.2,-20.27,-60.61
129,0,11.24,-17.308,-57.7
129,0,11.28,-15.626,-56.07
129,0,11.32,-15.134,-55.65
129,0,11.36,-15.492,-56.1
129,0,11.4,-16.07,-56.77
129,0,11.44,-17.932,-58.68
129,0,11.48,-16.164,-56.96
129,0,11.52,-15.48,-56.31
129,0,11.56,-15.41,-56.26
129,0,11.6,-15.76,-56.63
129,0,11.64,-15.106,-56.06
129,0,11.68,-14.042,-55.08
129,0,11.72,-14.228,-55.32
129,0,11.76,-13.844,-54.96
129,0,11.8,-14.36,-55.5
129,0,11.84,-15.006,-56.09
129,0,11.88,-14.542,-55.57
129,0,11.92,-16.164,-57.29
129,0,11.96,-16.192,-57.57
129,0,12,-15.77,-57.4
130,0,8,-20.22,-54.84
130,0,8.04,-20.438,-55.15
130,0,8.08,-19.376,-54.18
130,0,8.12,-19.002,-53.89
130,0,8.16,-18.766,-53.73
130,0,8.2,-20.36,-55.4
130,0,8.24,-22.942,-58.05
130,0,8.28,-30.234,-65.41
130,0,8.32,-25.696,-60.94
130,0,8.36,-21.968,-57.28
130,0,8.4,-20.75,-56.13
130,0,8.44,-19.342,-54.93
130,0,8.48,-18.164,-53.96
130,0,8.52,-18.774,-54.8
130,0,8.56,-20.252,-56.53
130,0,8.6,-20.87,-57.4
130,0,8.64,-20.604,-57.45
130,0,8.68,-19.538,-56.7
130,0,8.72,-22.208,-59.51
130,0,8.76,-22.774,-60.04
130,0,8.8,-33.72,-70.95
130,0,8.84,-34.934,-72.12
130,0,8.88,-37.268,-74.41
130,0,8.92,-26.974,-64.18
130,0,8.96,-25.702,-63.08
130,0,9,-23.51,-61.06
130,0,9.04,-21.784,-59.57
130,0,9.08,-23.168,-61.19
130,0,9.12,-27.496,-65.78
130,0,9.16,-27.068,-65.64
130,0,9.2,-22.79,-61.65
130,0,9.24,-22.94,-61.54
130,0,9.28,-24.72,-63.06
130,0,9.32,-25.748,-63.91
130,0,9.36,-24.474,-62.54
130,0,9.4,-24.97,-62.94
130,0,9.44,-24.654,-62.76
130,0,9.48,-19.098,-57.34
130,0,9.52,-20.532,-58.91
130,0,9.56,-21.816,-60.33
130,0,9.6,-26.46,-65.11
130,0,9.64,-31.91,-70.68
130,0,9.68,-42.74,-81.63
130,0,9.72,-33.498,-72.48
130,0,9.76,-32.864,-71.91
130,0,9.8,-28.13,-67.24
130,0,9.84,-29.666,-68.78
130,0,9.88,-25.992,-65.11
130,0,9.92,-25.83,-64.94
130,0,9.96,-26.04,-65.13
130,0,10,-33.88,-72.95
130,0,10.04,-33.014,-72.26
130,0,10.08,-31.308,-70.73
130,0,10.12,-29.236,-68.79
130,0,10.16,-28.218,-67.86
130,0,10.2,-26.53,-66.26
130,0,10.24,-32.632,-72.33
130,0,10.28,-30.534,-70.2
130,0,10.32,-30.452,-70.08
130,0,10.36,-24.876,-64.46
130,0,10.4,-19.83,-59.37
130,0,10.44,-18.044,-57.58
130,0,10.48,-18.868,-58.4
130,0,10.52,-16.362,-55.97
130,0,10.56,-16.546,-56.31
130,0,10.6,-17.63,-57.55
130,0,10.64,-18.328,-58.34
130,0,10.68,-22.876,-62.98
130,0,10.72,-18.556,-58.73
130,0,10.76,-16.838,-57.06
130,0,10.8,-16.89,-57.16
130,0,10.84,-18.7,-58.87
130,0,10.88,-16.37,-56.44
130,0,10.92,-16.272,-56.28
130,0,10.96,-17.506,-57.49
130,0,11,-20.23,-60.19
130,0,11.04,-19.496,-59.56
130,0,11.08,-23.262,-63.43
130,0,11.12,-20.076,-60.32
130,0,11.16,-20.418,-60.71
130,0,11.2,-19.42,-59.76
130,0,11.24,-16.908,-57.3
130,0,11.28,-15.786,-56.23
130,0,11.32,-16.614,-57.13
130,0,11.36,-16.072,-56.68
130,0,11.4,-17.94,-58.64
130,0,11.44,-18.042,-58.79
130,0,11.48,-17.784,-58.58
130,0,11.52,-16.1,-56.93
130,0,11.56,-16.86,-57.71
130,0,11.6,-15.85,-56.72
130,0,11.64,-16.076,-57.03
130,0,11.68,-16.582,-57.62
130,0,11.72,-16.198,-57.29
130,0,11.76,-16.164,-57.28
130,0,11.8,-16.19,-57.33
130,0,11.84,-16.276,-57.36
130,0,11.88,-14.662,-55.69
130,0,11.92,-14.814,-55.94
130,0,11.96,-14.862,-56.24
130,0,12,-14.12,-55.75
131,0,8,-20.73,-55.35
131,0,8.04,-19.728,-54.44
131,0,8.08,-18.416,-53.22
131,0,8.12,-18.282,-53.17
131,0,8.16,-18.596,-53.56
131,0,8.2,-20.84,-55.88
131,0,8.24,-21.202,-56.31
131,0,8.28,-26.914,-62.09
131,0,8.32,-24.996,-60.24
131,0,8.36,-22.918,-58.23
131,0,8.4,-22.33,-57.71
131,0,8.44,-22.142,-57.73
131,0,8.48,-19.624,-55.42
131,0,8.52,-19.834,-55.86
131,0,8.56,-20.162,-56.44
131,0,8.6,-18.8,-55.33
131,0,8.64,-20.604,-57.45
131,0,8.68,-22.308,-59.47
131,0,8.72,-21.298,-58.6
131,0,8.76,-26.754,-64.02
131,0,8.8,-38.84,-76.07
131,0,8.84,-29.604,-66.79
131,0,8.88,-25.748,-62.89
131,0,8.92,-23.134,-60.34
131,0,8.96,-20.462,-57.84
131,0,9,-19.31,-56.86
131,0,9.04,-19.034,-56.82
131,0,9.08,-22.238,-60.26
131,0,9.12,-25.526,-63.81
131,0,9.16,-28.458,-67.03
131,0,9.2,-22.91,-61.77
131,0,9.24,-21.6,-60.2
131,0,9.28,-25.29,-63.63
131,0,9.32,-27.788,-65.95
131,0,9.36,-23.444,-61.51
131,0,9.4,-24.54,-62.51
131,0,9.44,-24.284,-62.39
131,0,9.48,-20.018,-58.26
131,0,9.52,-19.732,-58.11
131,0,9.56,-20.656,-59.17
131,0,9.6,-22.53,-61.18
131,0,9.64,-23.85,-62.62
131,0,9.68,-28.75,-67.64
131,0,9.72,-31.488,-70.47
131,0,9.76,-27.204,-66.25
131,0,9.8,-38.11,-77.22
131,0,9.84,-36.506,-75.62
131,0,9.88,-26.052,-65.17
131,0,9.92,-30.12,-69.23
131,0,9.96,-33.18,-72.27
131,0,10,-30.78,-69.85
131,0,10.04,-42.924,-82.17
131,0,10.08,-35.318,-74.74
131,0,10.12,-34.106,-73.66
131,0,10.16,-27.888,-67.53
131,0,10.2,-40.05,-79.78
131,0,10.24,-38.602,-78.3
131,0,10.28,-26.184,-65.85
131,0,10.32,-24.392,-64.02
131,0,10.36,-20.406,-59.99
131,0,10.4,-17.14,-56.68
131,0,10.44,-15.884,-55.42
131,0,10.48,-16.128,-55.66
131,0,10.52,-16.662,-56.27
131,0,10.56,-16.176,-55.94
131,0,10.6,-17.72,-57.64
131,0,10.64,-19.668,-59.68
131,0,10.68,-21.646,-61.75
131,0,10.72,-18.406,-58.58
131,0,10.76,-15.948,-56.17
131,0,10.8,-16.68,-56.95
131,0,10.84,-16.97,-57.14
131,0,10.88,-16.52,-56.59
131,0,10.92,-18.782,-58.79
131,0,10.96,-18.946,-58.93
131,0,11,-22.95,-62.91
131,0,11.04,-23.306,-63.37
131,0,11.08,-19.972,-60.14
131,0,11.12,-22.156,-62.4
131,0,11.16,-22.008,-62.3
131,0,11.2,-18.76,-59.1
131,0,11.24,-18.308,-58.7
131,0,11.28,-16.096,-56.54
131,0,11.32,-17.834,-58.35
131,0,11.36,-17.082,-57.69
131,0,11.4,-17.85,-58.55
131,0,11.44,-17.362,-58.11
131,0,11.48,-16.374,-57.17
131,0,11.52,-15.86,-56.69
131,0,11.56,-17.34,-58.19
131,0,11.6,-15.62,-56.49
131,0,11.64,-15.576,-56.53
131,0,11.68,-15.942,-56.98
131,0,11.72,-15.118,-56.21
131,0,11.76,-13.784,-54.9
131,0,11.8,-13.63,-54.77
131,0,11.84,-12.656,-53.74
131,0,11.88,-12.182,-53.21
131,0,11.92,-12.284,-53.41
131,0,11.96,-11.802,-53.18
131,0,12,-10.83,-52.46
132,0,8,-24,-58.62
132,0,8.04,-19.458,-54.17
132,0,8.08,-17.496,-52.3
132,0,8.12,-17.722,-52.61
132,0,8.16,-18.486,-53.45
132,0,8.2,-19.99,-55.03
132,0,8.24,-22.302,-57.41
132,0,8.28,-23.594,-58.77
132,0,8.32,-24.486,-59.73
132,0,8.36,-25.828,-61.14
132,0,8.4,-27.14,-62.52
132,0,8.44,-26.352,-61.94
132,0,8.48,-21.694,-57.49
132,0,8.52,-20.374,-56.4
132,0,8.56,-19.252,-55.53
132,0,8.6,-20.21,-56.74
132,0,8.64,-21.514,-58.36
132,0,8.68,-25.188,-62.35
132,0,8.72,-26.018,-63.32
132,0,8.76,-35.714,-72.98
132,0,8.8,-32.08,-69.31
132,0,8.84,-25.944,-63.13
132,0,8.88,-22.958,-60.1
132,0,8.92,-20.784,-57.99
132,0,8.96,-20.012,-57.39
132,0,9,-17.18,-54.73
132,0,9.04,-18.864,-56.65
132,0,9.08,-19.038,-57.06
132,0,9.12,-23.716,-62
132,0,9.16,-25.168,-63.74
132,0,9.2,-24.43,-63.29
132,0,9.24,-23.79,-62.39
132,0,9.28,-23.71,-62.05
132,0,9.32,-22.918,-61.08
132,0,9.36,-21.464,-59.53
132,0,9.4,-24.78,-62.75
132,0,9.44,-22.654,-60.76
132,0,9.48,-20.358,-58.6
132,0,9.52,-19.212,-57.59
132,0,9.56,-17.486,-56
132,0,9.6,-19.92,-58.57
132,0,9.64,-22.98,-61.75
132,0,9.68,-26.19,-65.08
132,0,9.72,-33.418,-72.4
132,0,9.76,-32.324,-71.37
132,0,9.8,-37.93,-77.04
132,0,9.84,-31.726,-70.84
132,0,9.88,-34.232,-73.35
132,0,9.92,-42.35,-81.46
132,0,9.96,-42.89,-81.98
132,0,10,-35.79,-74.86
132,0,10.04,-49.244,-88.49
132,0,10.08,-29.758,-69.18
132,0,10.12,-34.106,-73.66
132,0,10.16,-36.688,-76.33
132,0,10.2,-36.94,-76.67
132,0,10.24,-27.252,-66.95
132,0,10.28,-26.114,-65.78
132,0,10.32,-19.672,-59.3
132,0,10.36,-19.696,-59.28
132,0,10.4,-18.57,-58.11
132,0,10.44,-16.194,-55.73
132,0,10.48,-16.158,-55.69
132,0,10.52,-17.632,-57.24
132,0,10.56,-16.946,-56.71
132,0,10.6,-21.09,-61.01
132,0,10.64,-20.688,-60.7
132,0,10.68,-23.226,-63.33
132,0,10.72,-18.056,-58.23
132,0,10.76,-16.728,-56.95
132,0,10.8,-18.3,-58.57
132,0,10.84,-18.5,-58.67
132,0,10.88,-19.37,-59.44
132,0,10.92,-20.742,-60.75
132,0,10.96,-25.196,-65.18
132,0,11,-27.44,-67.4
132,0,11.04,-21.126,-61.19
132,0,11.08,-20.152,-60.32
132,0,11.12,-20.936,-61.18
132,0,11.16,-20.188,-60.48
132,0,11.2,-18.7,-59.04
132,0,11.24,-16.578,-56.97
132,0,11.28,-15.856,-56.3
132,0,11.32,-15.684,-56.2
132,0,11.36,-15.062,-55.67
132,0,11.4,-15.74,-56.44
132,0,11.44,-14.072,-54.82
132,0,11.48,-14.444,-55.24
132,0,11.52,-13.55,-54.38
132,0,11.56,-14.25,-55.1
132,0,11.6,-14.1,-54.97
132,0,11.64,-13.826,-54.78
132,0,11.68,-12.382,-53.42
132,0,11.72,-12.488,-53.58
132,0,11.76,-11.864,-52.98
132,0,11.8,-11.85,-52.99
132,0,11.84,-11.746,-52.83
132,0,11.88,-10.412,-51.44
132,0,11.92,-10.474,-51.6
132,0,11.96,-10.192,-51.57
132,0,12,-10.82,-52.45
133,0,8,-25.68,-60.3
133,0,8.04,-19.188,-53.9
133,0,8.08,-17.066,-51.87
133,0,8.12,-16.882,-51.77
133,0,8.16,-18.266,-53.23
133,0,8.2,-20.39,-55.43
133,0,8.24,-21.182,-56.29
133,0,8.28,-22.594,-57.77
133,0,8.32,-28.346,-63.59
133,0,8.36,-30.758,-66.07
133,0,8.4,-28.16,-63.54
133,0,8.44,-24.522,-60.11
133,0,8.48,-19.924,-55.72
133,0,8.52,-18.564,-54.59
133,0,8.56,-18.872,-55.15
133,0,8.6,-20.06,-56.59
133,0,8.64,-22.264,-59.11
133,0,8.68,-24.908,-62.07
133,0,8.72,-27.628,-64.93
133,0,8.76,-30.554,-67.82
133,0,8.8,-31.27,-68.5
133,0,8.84,-24.664,-61.85
133,0,8.88,-21.618,-58.76
133,0,8.92,-18.904,-56.11
133,0,8.96,-17.732,-55.11
133,0,9,-16.64,-54.19
133,0,9.04,-18.604,-56.39
133,0,9.08,-18.058,-56.08
133,0,9.12,-21.626,-59.91
133,0,9.16,-23.388,-61.96
133,0,9.2,-22.85,-61.71
133,0,9.24,-21.99,-60.59
133,0,9.28,-23.39,-61.73
133,0,9.32,-20.698,-58.86
133,0,9.36,-21.944,-60.01
133,0,9.4,-22.68,-60.65
133,0,9.44,-21.834,-59.94
133,0,9.48,-20.738,-58.98
133,0,9.52,-19.032,-57.41
133,0,9.56,-17.406,-55.92
133,0,9.6,-19.88,-58.53
133,0,9.64,-23.62,-62.39
133,0,9.68,-33.3,-72.19
133,0,9.72,-31.538,-70.52
133,0,9.76,-46.634,-85.68
133,0,9.8,-35.35,-74.46
133,0,9.84,-26.256,-65.37
133,0,9.88,-30.642,-69.76
133,0,9.92,-45.16,-84.27
133,0,9.96,-36.08,-75.17
133,0,10,-39.04,-78.11
133,0,10.04,-32.134,-71.38
133,0,10.08,-29.618,-69.04
133,0,10.12,-29.426,-68.98
133,0,10.16,-30.258,-69.9
133,0,10.2,-47.92,-87.65
133,0,10.24,-23.972,-63.67
133,0,10.28,-25.544,-65.21
133,0,10.32,-20.562,-60.19
133,0,10.36,-20.046,-59.63
133,0,10.4,-17.33,-56.87
133,0,10.44,-15.954,-55.49
133,0,10.48,-18.218,-57.75
133,0,10.52,-19.962,-59.57
133,0,10.56,-20.856,-60.62
133,0,10.6,-21.3,-61.22
133,0,10.64,-21.798,-61.81
133,0,10.68,-19.726,-59.83
133,0,10.72,-18.466,-58.64
133,0,10.76,-18.478,-58.7
133,0,10.8,-18.94,-59.21
133,0,10.84,-19.92,-60.09
133,0,10.88,-21.87,-61.94
133,0,10.92,-26.492,-66.5
133,0,10.96,-22.396,-62.38
133,0,11,-19.95,-59.91
133,0,11.04,-18.146,-58.21
133,0,11.08,-16.932,-57.1
133,0,11.12,-16.226,-56.47
133,0,11.16,-17.028,-57.32
133,0,11.2,-16.1,-56.44
133,0,11.24,-14.218,-54.61
133,0,11.28,-14.166,-54.61
133,0,11.32,-13.134,-53.65
133,0,11.36,-13.892,-54.5
133,0,11.4,-14.93,-55.63
133,0,11.44,-13.992,-54.74
133,0,11.48,-13.064,-53.86
133,0,11.52,-12.66,-53.49
133,0,11.56,-14.02,-54.87
133,0,11.6,-13.32,-54.19
133,0,11.64,-13.106,-54.06
133,0,11.68,-10.922,-51.96
133,0,11.72,-10.748,-51.84
133,0,11.76,-10.874,-51.99
133,0,11.8,-12.87,-54.01
133,0,11.84,-12.086,-53.17
133,0,11.88,-11.202,-52.23
133,0,11.92,-11.144,-52.27
133,0,11.96,-11.332,-52.71
133,0,12,-12.98,-54.61
134,0,8,-24.94,-59.56
134,0,8.04,-18.298,-53.01
134,0,8.08,-16.436,-51.24
134,0,8.12,-16.812,-51.7
134,0,8.16,-17.946,-52.91
134,0,8.2,-19.53,-54.57
134,0,8.24,-20.662,-55.77
134,0,8.28,-24.654,-59.83
134,0,8.32,-29.466,-64.71
134,0,8.36,-34.008,-69.32
134,0,8.4,-26,-61.38
134,0,8.44,-21.412,-57
134,0,8.48,-18.484,-54.28
134,0,8.52,-18.464,-54.49
134,0,8.56,-19.312,-55.59
134,0,8.6,-19.35,-55.88
134,0,8.64,-24.924,-61.77
134,0,8.68,-33.818,-70.98
134,0,8.72,-24.988,-62.29
134,0,8.76,-27.074,-64.34
134,0,8.8,-27.39,-64.62
134,0,8.84,-20.734,-57.92
134,0,8.88,-23.018,-60.16
134,0,8.92,-19.074,-56.28
134,0,8.96,-17.512,-54.89
134,0,9,-16.28,-53.83
134,0,9.04,-20.414,-58.2
134,0,9.08,-17.528,-55.55
134,0,9.12,-20.296,-58.58
134,0,9.16,-20.528,-59.1
134,0,9.2,-21.61,-60.47
134,0,9.24,-19.83,-58.43
134,0,9.28,-19.74,-58.08
134,0,9.32,-19.588,-57.75
134,0,9.36,-18.404,-56.47
134,0,9.4,-22.7,-60.67
134,0,9.44,-22.024,-60.13
134,0,9.48,-20.808,-59.05
134,0,9.52,-19.802,-58.18
134,0,9.56,-18.946,-57.46
134,0,9.6,-22.81,-61.46
134,0,9.64,-27.73,-66.5
134,0,9.68,-33.82,-72.71
134,0,9.72,-35.638,-74.62
134,0,9.76,-28.814,-67.86
134,0,9.8,-31.09,-70.2
134,0,9.84,-31.576,-70.69
134,0,9.88,-31.742,-70.86
134,0,9.92,-35.86,-74.97
134,0,9.96,-27.88,-66.97
134,0,10,-45.79,-84.86
134,0,10.04,-38.754,-78
134,0,10.08,-28.568,-67.99
134,0,10.12,-28.146,-67.7
134,0,10.16,-34.138,-73.78
134,0,10.2,-30.36,-70.09
134,0,10.24,-31.892,-71.59
134,0,10.28,-23.254,-62.92
134,0,10.32,-20.082,-59.71
134,0,10.36,-18.746,-58.33
134,0,10.4,-18.26,-57.8
134,0,10.44,-18.834,-58.37
134,0,10.48,-18.438,-57.97
134,0,10.52,-21.662,-61.27
134,0,10.56,-21.156,-60.92
134,0,10.6,-19.69,-59.61
134,0,10.64,-19.398,-59.41
134,0,10.68,-20.806,-60.91
134,0,10.72,-19.586,-59.76
134,0,10.76,-18.668,-58.89
134,0,10.8,-19.51,-59.78
134,0,10.84,-24.51,-64.68
134,0,10.88,-22.8,-62.87
134,0,10.92,-20.572,-60.58
134,0,10.96,-17.756,-57.74
134,0,11,-16.31,-56.27
134,0,11.04,-15.386,-55.45
134,0,11.08,-15.102,-55.27
134,0,11.12,-15.656,-55.9
134,0,11.16,-15.908,-56.2
134,0,11.2,-13.53,-53.87
134,0,11.24,-13.428,-53.82
134,0,11.28,-13.056,-53.5
134,0,11.32,-13.894,-54.41
134,0,11.36,-13.962,-54.57
134,0,11.4,-14.9,-55.6
134,0,11.44,-14.482,-55.23
134,0,11.48,-13.644,-54.44
134,0,11.52,-13.13,-53.96
134,0,11.56,-13.86,-54.71
134,0,11.6,-12.82,-53.69
134,0,11.64,-11.056,-52.01
134,0,11.68,-10.452,-51.49
134,0,11.72,-10.808,-51.9
134,0,11.76,-11.304,-52.42
134,0,11.8,-12.77,-53.91
134,0,11.84,-12.766,-53.85
134,0,11.88,-12.422,-53.45
134,0,11.92,-13.124,-54.25
134,0,11.96,-13.082,-54.46
134,0,12,-13.6,-55.23
135,0,8,-24.61,-59.23
135,0,8.04,-18.368,-53.08
135,0,8.08,-17.026,-51.83
135,0,8.12,-16.842,-51.73
135,0,8.16,-16.966,-51.93
135,0,8.2,-21.34,-56.38
135,0,8.24,-21.702,-56.81
135,0,8.28,-25.554,-60.73
135,0,8.32,-33.546,-68.79
135,0,8.36,-25.598,-60.91
135,0,8.4,-22.96,-58.34
135,0,8.44,-20.402,-55.99
135,0,8.48,-18.704,-54.5
135,0,8.52,-18.914,-54.94
135,0,8.56,-19.132,-55.41
135,0,8.6,-21.52,-58.05
135,0,8.64,-24.804,-61.65
135,0,8.68,-24.558,-61.72
135,0,8.72,-23.398,-60.7
135,0,8.76,-22.694,-59.96
135,0,8.8,-20.73,-57.96
135,0,8.84,-19.614,-56.8
135,0,8.88,-18.848,-55.99
135,0,8.92,-18.444,-55.65
135,0,8.96,-18.272,-55.65
135,0,9,-17.21,-54.76
135,0,9.04,-17.974,-55.76
135,0,9.08,-16.738,-54.76
135,0,9.12,-18.716,-57
135,0,9.16,-20.998,-59.57
135,0,9.2,-18.8,-57.66
135,0,9.24,-18.32,-56.92
135,0,9.28,-19.6,-57.94
135,0,9.32,-20.118,-58.28
135,0,9.36,-20.734,-58.8
135,0,9.4,-22.3,-60.27
135,0,9.44,-22.194,-60.3
135,0,9.48,-21.788,-60.03
135,0,9.52,-21.262,-59.64
135,0,9.56,-23.776,-62.29
135,0,9.6,-26.9,-65.55
135,0,9.64,-32.65,-71.42
135,0,9.68,-31.99,-70.88
135,0,9.72,-32.898,-71.88
135,0,9.76,-27.154,-66.2
135,0,9.8,-26.76,-65.87
135,0,9.84,-30.866,-69.98
135,0,9.88,-25.572,-64.69
135,0,9.92,-27.61,-66.72
135,0,9.96,-35.14,-74.23
135,0,10,-35.45,-74.52
135,0,10.04,-27.044,-66.29
135,0,10.08,-22.148,-61.57
135,0,10.12,-28.006,-67.56
135,0,10.16,-26.978,-66.62
135,0,10.2,-24.7,-64.43
135,0,10.24,-22.062,-61.76
135,0,10.28,-24.574,-64.24
135,0,10.32,-19.372,-59
135,0,10.36,-18.876,-58.46
135,0,10.4,-19.73,-59.27
135,0,10.44,-19.674,-59.21
135,0,10.48,-19.308,-58.84
135,0,10.52,-19.362,-58.97
135,0,10.56,-19.136,-58.9
135,0,10.6,-19.11,-59.03
135,0,10.64,-18.118,-58.13
135,0,10.68,-19.766,-59.87
135,0,10.72,-21.566,-61.74
135,0,10.76,-21.478,-61.7
135,0,10.8,-20.76,-61.03
135,0,10.84,-22.72,-62.89
135,0,10.88,-21.33,-61.4
135,0,10.92,-20.002,-60.01
135,0,10.96,-16.786,-56.77
135,0,11,-16.2,-56.16
135,0,11.04,-15.896,-55.96
135,0,11.08,-15.622,-55.79
135,0,11.12,-15.676,-55.92
135,0,11.16,-14.718,-55.01
135,0,11.2,-14.17,-54.51
135,0,11.24,-13.488,-53.88
135,0,11.28,-14.516,-54.96
135,0,11.32,-16.394,-56.91
135,0,11.36,-17.542,-58.15
135,0,11.4,-16.08,-56.78
135,0,11.44,-14.562,-55.31
135,0,11.48,-13.084,-53.88
135,0,11.52,-12.48,-53.31
135,0,11.56,-11.86,-52.71
135,0,11.6,-10.83,-51.7
135,0,11.64,-10.156,-51.11
135,0,11.68,-8.98200000000001,-50.02
135,0,11.72,-10.088,-51.18
135,0,11.76,-11.144,-52.26
135,0,11.8,-12.72,-53.86
135,0,11.84,-13.016,-54.1
135,0,11.88,-12.422,-53.45
135,0,11.92,-12.864,-53.99
135,0,11.96,-11.462,-52.84
135,0,12,-11.31,-52.94
136,0,8,-25.24,-59.86
136,0,8.04,-18.998,-53.71
136,0,8.08,-17.416,-52.22
136,0,8.12,-16.902,-51.79
136,0,8.16,-17.516,-52.48
136,0,8.2,-20.8,-55.84
136,0,8.24,-23.772,-58.88
136,0,8.28,-29.364,-64.54
136,0,8.32,-29.636,-64.88
136,0,8.36,-22.348,-57.66
136,0,8.4,-20.33,-55.71
136,0,8.44,-18.502,-54.09
136,0,8.48,-17.914,-53.71
136,0,8.52,-18.624,-54.65
136,0,8.56,-20.112,-56.39
136,0,8.6,-21.46,-57.99
136,0,8.64,-24.374,-61.22
136,0,8.68,-24.238,-61.4
136,0,8.72,-22.498,-59.8
136,0,8.76,-20.414,-57.68
136,0,8.8,-18.48,-55.71
136,0,8.84,-16.854,-54.04
136,0,8.88,-17.968,-55.11
136,0,8.92,-16.464,-53.67
136,0,8.96,-17.072,-54.45
136,0,9,-16.05,-53.6
136,0,9.04,-18.814,-56.6
136,0,9.08,-16.918,-54.94
136,0,9.12,-19.226,-57.51
136,0,9.16,-18.748,-57.32
136,0,9.2,-19.19,-58.05
136,0,9.24,-17.76,-56.36
136,0,9.28,-18.96,-57.3
136,0,9.32,-20.048,-58.21
136,0,9.36,-23.124,-61.19
136,0,9.4,-24.11,-62.08
136,0,9.44,-28.264,-66.37
136,0,9.48,-28.378,-66.62
136,0,9.52,-33.842,-72.22
136,0,9.56,-30.446,-68.96
136,0,9.6,-38.01,-76.66
136,0,9.64,-36.23,-75
136,0,9.68,-28.81,-67.7
136,0,9.72,-25.768,-64.75
136,0,9.76,-34.264,-73.31
136,0,9.8,-27.16,-66.27
136,0,9.84,-28.306,-67.42
136,0,9.88,-25.542,-64.66
136,0,9.92,-25.11,-64.22
136,0,9.96,-28.03,-67.12
136,0,10,-25.65,-64.72
136,0,10.04,-24.474,-63.72
136,0,10.08,-23.808,-63.23
136,0,10.12,-25.876,-65.43
136,0,10.16,-25.988,-65.63
136,0,10.2,-28.45,-68.18
136,0,10.24,-21.652,-61.35
136,0,10.28,-18.904,-58.57
136,0,10.32,-19.602,-59.23
136,0,10.36,-20.266,-59.85
136,0,10.4,-19.73,-59.27
136,0,10.44,-21.434,-60.97
136,0,10.48,-19.368,-58.9
136,0,10.52,-18.122,-57.73
136,0,10.56,-17.816,-57.58
136,0,10.6,-21.26,-61.18
136,0,10.64,-21.518,-61.53
136,0,10.68,-23.006,-63.11
136,0,10.72,-20.946,-61.12
136,0,10.76,-24.098,-64.32
136,0,10.8,-22.89,-63.16
136,0,10.84,-23.24,-63.41
136,0,10.88,-19.92,-59.99
136,0,10.92,-17.672,-57.68
136,0,10.96,-18.686,-58.67
136,0,11,-17.11,-57.07
136,0,11.04,-16.826,-56.89
136,0,11.08,-14.802,-54.97
136,0,11.12,-16.396,-56.64
136,0,11.16,-12.918,-53.21
136,0,11.2,-13.23,-53.57
136,0,11.24,-13.428,-53.82
136,0,11.28,-14.816,-55.26
136,0,11.32,-14.494,-55.01
136,0,11.36,-14.542,-55.15
136,0,11.4,-13.58,-54.28
136,0,11.44,-11.952,-52.7
136,0,11.48,-11.074,-51.87
136,0,11.52,-9.69,-50.52
136,0,11.56,-9.16,-50.01
136,0,11.6,-9,-49.87
136,0,11.64,-9.316,-50.27
136,0,11.68,-8.422,-49.46
136,0,11.72,-10.058,-51.15
136,0,11.76,-10.524,-51.64
136,0,11.8,-12.51,-53.65
136,0,11.84,-12.716,-53.8
136,0,11.88,-11.962,-52.99
136,0,11.92,-12.474,-53.6
136,0,11.96,-12.742,-54.12
136,0,12,-11,-52.63
137,0,8,-23.87,-58.49
137,0,8.04,-22.078,-56.79
137,0,8.08,-18.096,-52.9
137,0,8.12,-17.332,-52.22
137,0,8.16,-18.026,-52.99
137,0,8.2,-22.12,-57.16
137,0,8.24,-25.392,-60.5
137,0,8.28,-28.974,-64.15
137,0,8.32,-25.466,-60.71
137,0,8.36,-20.638,-55.95
137,0,8.4,-18.76,-54.14
137,0,8.44,-17.282,-52.87
137,0,8.48,-17.634,-53.43
137,0,8.52,-18.594,-54.62
137,0,8.56,-18.962,-55.24
137,0,8.6,-20.96,-57.49
137,0,8.64,-22.934,-59.78
137,0,8.68,-22.078,-59.24
137,0,8.72,-20.708,-58.01
137,0,8.76,-18.124,-55.39
137,0,8.8,-16.76,-53.99
137,0,8.84,-15.384,-52.57
137,0,8.88,-15.958,-53.1
137,0,8.92,-16.954,-54.16
137,0,8.96,-17.632,-55.01
137,0,9,-15.82,-53.37
137,0,9.04,-18.954,-56.74
137,0,9.08,-18.348,-56.37
137,0,9.12,-19.806,-58.09
137,0,9.16,-19.848,-58.42
137,0,9.2,-20.95,-59.81
137,0,9.24,-21.56,-60.16
137,0,9.28,-22.42,-60.76
137,0,9.32,-22.728,-60.89
137,0,9.36,-24.754,-62.82
137,0,9.4,-30.7,-68.67
137,0,9.44,-28.634,-66.74
137,0,9.48,-39.068,-77.31
137,0,9.52,-39.252,-77.63
137,0,9.56,-33.476,-71.99
137,0,9.6,-39.41,-78.06
137,0,9.64,-26.49,-65.26
137,0,9.68,-35.3,-74.19
137,0,9.72,-26.788,-65.77
137,0,9.76,-26.134,-65.18
137,0,9.8,-25.09,-64.2
137,0,9.84,-23.236,-62.35
137,0,9.88,-22.072,-61.19
137,0,9.92,-20.62,-59.73
137,0,9.96,-21.74,-60.83
137,0,10,-22.33,-61.4
137,0,10.04,-25.034,-64.28
137,0,10.08,-26.638,-66.06
137,0,10.12,-25.586,-65.14
137,0,10.16,-25.088,-64.73
137,0,10.2,-23.62,-63.35
137,0,10.24,-19.762,-59.46
137,0,10.28,-18.224,-57.89
137,0,10.32,-20.792,-60.42
137,0,10.36,-23.276,-62.86
137,0,10.4,-21.67,-61.21
137,0,10.44,-23.384,-62.92
137,0,10.48,-19.548,-59.08
137,0,10.52,-21.032,-60.64
137,0,10.56,-20.496,-60.26
137,0,10.6,-19.63,-59.55
137,0,10.64,-22.118,-62.13
137,0,10.68,-24.046,-64.15
137,0,10.72,-23.616,-63.79
137,0,10.76,-20.318,-60.54
137,0,10.8,-18.67,-58.94
137,0,10.84,-20.12,-60.29
137,0,10.88,-18.84,-58.91
137,0,10.92,-18.142,-58.15
137,0,10.96,-17.136,-57.12
137,0,11,-15.71,-55.67
137,0,11.04,-15.286,-55.35
137,0,11.08,-14.552,-54.72
137,0,11.12,-13.036,-53.28
137,0,11.16,-11.398,-51.69
137,0,11.2,-10.9,-51.24
137,0,11.24,-11.558,-51.95
137,0,11.28,-11.976,-52.42
137,0,11.32,-13.204,-53.72
137,0,11.36,-13.402,-54.01
137,0,11.4,-12.56,-53.26
137,0,11.44,-10.552,-51.3
137,0,11.48,-9.80399999999999,-50.6
137,0,11.52,-9.23,-50.06
137,0,11.56,-8.50000000000001,-49.35
137,0,11.6,-9,-49.87
137,0,11.64,-9.526,-50.48
137,0,11.68,-9.122,-50.16
137,0,11.72,-10.098,-51.19
137,0,11.76,-11.184,-52.3
137,0,11.8,-12.76,-53.9
137,0,11.84,-13.696,-54.78
137,0,11.88,-13.552,-54.58
137,0,11.92,-13.514,-54.64
137,0,11.96,-12.272,-53.65
137,0,12,-13.15,-54.78
138,0,8,-25.37,-59.99
138,0,8.04,-22.588,-57.3
138,0,8.08,-18.906,-53.71
138,0,8.12,-17.672,-52.56
138,0,8.16,-18.636,-53.6
138,0,8.2,-24.8,-59.84
138,0,8.24,-29.932,-65.04
138,0,8.28,-24.274,-59.45
138,0,8.32,-20.436,-55.68
138,0,8.36,-18.768,-54.08
138,0,8.4,-17.74,-53.12
138,0,8.44,-16.832,-52.42
138,0,8.48,-16.254,-52.05
138,0,8.52,-16.404,-52.43
138,0,8.56,-18.172,-54.45
138,0,8.6,-19.45,-55.98
138,0,8.64,-21.194,-58.04
138,0,8.68,-22.028,-59.19
138,0,8.72,-20.448,-57.75
138,0,8.76,-17.074,-54.34
138,0,8.8,-16.17,-53.4
138,0,8.84,-14.744,-51.93
138,0,8.88,-15.728,-52.87
138,0,8.92,-17.994,-55.2
138,0,8.96,-17.672,-55.05
138,0,9,-19.71,-57.26
138,0,9.04,-22.434,-60.22
138,0,9.08,-22.748,-60.77
138,0,9.12,-23.006,-61.29
138,0,9.16,-23.188,-61.76
138,0,9.2,-21.69,-60.55
138,0,9.24,-23.33,-61.93
138,0,9.28,-20.96,-59.3
138,0,9.32,-22.208,-60.37
138,0,9.36,-26.024,-64.09
138,0,9.4,-32.19,-70.16
138,0,9.44,-30.314,-68.42
138,0,9.48,-27.568,-65.81
138,0,9.52,-24.592,-62.97
138,0,9.56,-29.806,-68.32
138,0,9.6,-29.8,-68.45
138,0,9.64,-27.99,-66.76
138,0,9.68,-24.42,-63.31
138,0,9.72,-21.448,-60.43
138,0,9.76,-23.104,-62.15
138,0,9.8,-24.18,-63.29
138,0,9.84,-22.856,-61.97
138,0,9.88,-20.832,-59.95
138,0,9.92,-19.49,-58.6
138,0,9.96,-19.38,-58.47
138,0,10,-20.24,-59.31
138,0,10.04,-24.034,-63.28
138,0,10.08,-25.788,-65.21
138,0,10.12,-24.276,-63.83
138,0,10.16,-24.128,-63.77
138,0,10.2,-22.78,-62.51
138,0,10.24,-20.642,-60.34
138,0,10.28,-18.384,-58.05
138,0,10.32,-22.952,-62.58
138,0,10.36,-26.516,-66.1
138,0,10.4,-27.97,-67.51
138,0,10.44,-21.224,-60.76
138,0,10.48,-19.368,-58.9
138,0,10.52,-19.952,-59.56
138,0,10.56,-19.046,-58.81
138,0,10.6,-19.66,-59.58
138,0,10.64,-21.508,-61.52
138,0,10.68,-19.436,-59.54
138,0,10.72,-18.516,-58.69
138,0,10.76,-17.368,-57.59
138,0,10.8,-16.43,-56.7
138,0,10.84,-16.79,-56.96
138,0,10.88,-16.39,-56.46
138,0,10.92,-16.482,-56.49
138,0,10.96,-14.046,-54.03
138,0,11,-13.36,-53.32
138,0,11.04,-12.596,-52.66
138,0,11.08,-11.912,-52.08
138,0,11.12,-10.816,-51.06
138,0,11.16,-10.858,-51.15
138,0,11.2,-10.51,-50.85
138,0,11.24,-11.568,-51.96
138,0,11.28,-12.776,-53.22
138,0,11.32,-12.584,-53.1
138,0,11.36,-12.412,-53.02
138,0,11.4,-13.1,-53.8
138,0,11.44,-11.102,-51.85
138,0,11.48,-10.644,-51.44
138,0,11.52,-10.01,-50.84
138,0,11.56,-11.25,-52.1
138,0,11.6,-10.84,-51.71
138,0,11.64,-11.746,-52.7
138,0,11.68,-10.822,-51.86
138,0,11.72,-11.348,-52.44
138,0,11.76,-11.974,-53.09
138,0,11.8,-13.12,-54.26
138,0,11.84,-13.686,-54.77
138,0,11.88,-12.842,-53.87
138,0,11.92,-12.614,-53.74
138,0,11.96,-11.792,-53.17
138,0,12,-11.08,-52.71
139,0,8,-24.16,-58.78
139,0,8.04,-23.488,-58.2
139,0,8.08,-19.876,-54.68
139,0,8.12,-18.252,-53.14
139,0,8.16,-20.266,-55.23
139,0,8.2,-23.32,-58.36
139,0,8.24,-23.612,-58.72
139,0,8.28,-21.824,-57
139,0,8.32,-19.076,-54.32
139,0,8.36,-16.718,-52.03
139,0,8.4,-16.81,-52.19
139,0,8.44,-15.782,-51.37
139,0,8.48,-14.894,-50.69
139,0,8.52,-15.734,-51.76
139,0,8.56,-16.822,-53.1
139,0,8.6,-18.32,-54.85
139,0,8.64,-20.134,-56.98
139,0,8.68,-19.658,-56.82
139,0,8.72,-19.868,-57.17
139,0,8.76,-17.394,-54.66
139,0,8.8,-17.42,-54.65
139,0,8.84,-14.874,-52.06
139,0,8.88,-16.818,-53.96
139,0,8.92,-19.064,-56.27
139,0,8.96,-22.222,-59.6
139,0,9,-20.96,-58.51
139,0,9.04,-26.154,-63.94
139,0,9.08,-27.618,-65.64
139,0,9.12,-25.986,-64.27
139,0,9.16,-25.328,-63.9
139,0,9.2,-25.81,-64.67
139,0,9.24,-21.56,-60.16
139,0,9.28,-21.83,-60.17
139,0,9.32,-21.008,-59.17
139,0,9.36,-23.344,-61.41
139,0,9.4,-24.87,-62.84
139,0,9.44,-23.724,-61.83
139,0,9.48,-23.958,-62.2
139,0,9.52,-23.142,-61.52
139,0,9.56,-26.296,-64.81
139,0,9.6,-25.68,-64.33
139,0,9.64,-23.17,-61.94
139,0,9.68,-22.71,-61.6
139,0,9.72,-21.988,-60.97
139,0,9.76,-22.274,-61.32
139,0,9.8,-22.03,-61.14
139,0,9.84,-22.776,-61.89
139,0,9.88,-21.422,-60.54
139,0,9.92,-18.55,-57.66
139,0,9.96,-22.28,-61.37
139,0,10,-25.01,-64.08
139,0,10.04,-38.754,-78
139,0,10.08,-23.908,-63.33
139,0,10.12,-22.476,-62.03
139,0,10.16,-22.908,-62.55
139,0,10.2,-25.41,-65.14
139,0,10.24,-28.552,-68.25
139,0,10.28,-24.484,-64.15
139,0,10.32,-24.902,-64.53
139,0,10.36,-26.406,-65.99
139,0,10.4,-22.31,-61.85
139,0,10.44,-19.784,-59.32
139,0,10.48,-17.048,-56.58
139,0,10.52,-16.502,-56.11
139,0,10.56,-16.556,-56.32
139,0,10.6,-16.38,-56.3
139,0,10.64,-19.798,-59.81
139,0,10.68,-18.296,-58.4
139,0,10.72,-15.136,-55.31
139,0,10.76,-14.728,-54.95
139,0,10.8,-13.9,-54.17
139,0,10.84,-16.66,-56.83
139,0,10.88,-14.83,-54.9
139,0,10.92,-13.972,-53.98
139,0,10.96,-13.726,-53.71
139,0,11,-12.56,-52.52
139,0,11.04,-12.216,-52.28
139,0,11.08,-13.482,-53.65
139,0,11.12,-12.546,-52.79
139,0,11.16,-11.978,-52.27
139,0,11.2,-11.87,-52.21
139,0,11.24,-12.068,-52.46
139,0,11.28,-12.546,-52.99
139,0,11.32,-13.474,-53.99
139,0,11.36,-13.242,-53.85
139,0,11.4,-12.74,-53.44
139,0,11.44,-11.282,-52.03
139,0,11.48,-11.134,-51.93
139,0,11.52,-12.1,-52.93
139,0,11.56,-12.32,-53.17
139,0,11.6,-12.77,-53.64
139,0,11.64,-12.336,-53.29
139,0,11.68,-10.562,-51.6
139,0,11.72,-11.578,-52.67
139,0,11.76,-11.194,-52.31
139,0,11.8,-11.87,-53.01
139,0,11.84,-11.876,-52.96
139,0,11.88,-10.612,-51.64
139,0,11.92,-9.004,-50.13
139,0,11.96,-9.16199999999999,-50.54
139,0,12,-8.33,-49.96
140,0,8,-21.51,-56.13
140,0,8.04,-21.068,-55.78
140,0,8.08,-20.366,-55.17
140,0,8.12,-18.742,-53.63
140,0,8.16,-18.396,-53.36
140,0,8.2,-24.39,-59.43
140,0,8.24,-21.102,-56.21
140,0,8.28,-19.544,-54.72
140,0,8.32,-18.256,-53.5
140,0,8.36,-15.488,-50.8
140,0,8.4,-15,-50.38
140,0,8.44,-15.042,-50.63
140,0,8.48,-14.374,-50.17
140,0,8.52,-15.114,-51.14
140,0,8.56,-16.502,-52.78
140,0,8.6,-18.8,-55.33
140,0,8.64,-18.724,-55.57
140,0,8.68,-20.508,-57.67
140,0,8.72,-19.918,-57.22
140,0,8.76,-19.514,-56.78
140,0,8.8,-19.75,-56.98
140,0,8.84,-17.364,-54.55
140,0,8.88,-18.748,-55.89
140,0,8.92,-21.874,-59.08
140,0,8.96,-24.102,-61.48
140,0,9,-24.45,-62
140,0,9.04,-29.894,-67.68
140,0,9.08,-29.558,-67.58
140,0,9.12,-23.426,-61.71
140,0,9.16,-23.878,-62.45
140,0,9.2,-22.31,-61.17
140,0,9.24,-19.34,-57.94
140,0,9.28,-18.54,-56.88
140,0,9.32,-18.878,-57.04
140,0,9.36,-19.594,-57.66
140,0,9.4,-21.05,-59.02
140,0,9.44,-20.594,-58.7
140,0,9.48,-20.888,-59.13
140,0,9.52,-21.222,-59.6
140,0,9.56,-21.766,-60.28
140,0,9.6,-24.14,-62.79
140,0,9.64,-21.92,-60.69
140,0,9.68,-22.13,-61.02
140,0,9.72,-22.348,-61.33
140,0,9.76,-24.664,-63.71
140,0,9.8,-21.55,-60.66
140,0,9.84,-20.756,-59.87
140,0,9.88,-20.272,-59.39
140,0,9.92,-22.31,-61.42
140,0,9.96,-25.4,-64.49
140,0,10,-28.94,-68.01
140,0,10.04,-24.464,-63.71
140,0,10.08,-20.328,-59.75
140,0,10.12,-23.056,-62.61
140,0,10.16,-20.828,-60.47
140,0,10.2,-24.33,-64.06
140,0,10.24,-21.222,-60.92
140,0,10.28,-21.354,-61.02
140,0,10.32,-22.682,-62.31
140,0,10.36,-20.826,-60.41
140,0,10.4,-18.96,-58.5
140,0,10.44,-15.644,-55.18
140,0,10.48,-14.638,-54.17
140,0,10.52,-14.782,-54.39
140,0,10.56,-14.976,-54.74
140,0,10.6,-15.77,-55.69
140,0,10.64,-15.668,-55.68
140,0,10.68,-15.606,-55.71
140,0,10.72,-14.556,-54.73
140,0,10.76,-14.068,-54.29
140,0,10.8,-14.3,-54.57
140,0,10.84,-16.29,-56.46
140,0,10.88,-15.13,-55.2
140,0,10.92,-15.162,-55.17
140,0,10.96,-16.166,-56.15
140,0,11,-14.25,-54.21
140,0,11.04,-13.576,-53.64
140,0,11.08,-15.312,-55.48
140,0,11.12,-12.876,-53.12
140,0,11.16,-12.678,-52.97
140,0,11.2,-12.29,-52.63
140,0,11.24,-12.598,-52.99
140,0,11.28,-11.976,-52.42
140,0,11.32,-12.074,-52.59
140,0,11.36,-11.162,-51.77
140,0,11.4,-10.79,-51.49
140,0,11.44,-10.492,-51.24
140,0,11.48,-11.454,-52.25
140,0,11.52,-13.05,-53.88
140,0,11.56,-13.29,-54.14
140,0,11.6,-12.18,-53.05
140,0,11.64,-12.336,-53.29
140,0,11.68,-10.772,-51.81
140,0,11.72,-11.968,-53.06
140,0,11.76,-10.234,-51.35
140,0,11.8,-11.03,-52.17
140,0,11.84,-10.916,-52
140,0,11.88,-8.512,-49.54
140,0,11.92,-7.564,-48.69
140,0,11.96,-7.35199999999999,-48.73
140,0,12,-7.82,-49.45
141,0,8,-18.01,-52.63
141,0,8.04,-18.448,-53.16
141,0,8.08,-19.066,-53.87
141,0,8.12,-18.542,-53.43
141,0,8.16,-19.066,-54.03
141,0,8.2,-23.27,-58.31
141,0,8.24,-21.222,-56.33
141,0,8.28,-19.204,-54.38
141,0,8.32,-17.076,-52.32
141,0,8.36,-15.258,-50.57
141,0,8.4,-15.13,-50.51
141,0,8.44,-14.782,-50.37
141,0,8.48,-14.664,-50.46
141,0,8.52,-15.684,-51.71
141,0,8.56,-17.572,-53.85
141,0,8.6,-18.34,-54.87
141,0,8.64,-18.664,-55.51
141,0,8.68,-18.048,-55.21
141,0,8.72,-19.468,-56.77
141,0,8.76,-19.584,-56.85
141,0,8.8,-20.63,-57.86
141,0,8.84,-20.044,-57.23
141,0,8.88,-22.418,-59.56
141,0,8.92,-23.484,-60.69
141,0,8.96,-25.422,-62.8
141,0,9,-32.1,-69.65
141,0,9.04,-25.824,-63.61
141,0,9.08,-23.208,-61.23
141,0,9.12,-22.526,-60.81
141,0,9.16,-22.138,-60.71
141,0,9.2,-19.9,-58.76
141,0,9.24,-17.16,-55.76
141,0,9.28,-17.05,-55.39
141,0,9.32,-16.148,-54.31
141,0,9.36,-17.154,-55.22
141,0,9.4,-19.12,-57.09
141,0,9.44,-18.794,-56.9
141,0,9.48,-20.548,-58.79
141,0,9.52,-21.112,-59.49
141,0,9.56,-23.306,-61.82
141,0,9.6,-23.01,-61.66
141,0,9.64,-22.9,-61.67
141,0,9.68,-29.2,-68.09
141,0,9.72,-23.718,-62.7
141,0,9.76,-22.194,-61.24
141,0,9.8,-23.54,-62.65
141,0,9.84,-20.066,-59.18
141,0,9.88,-20.492,-59.61
141,0,9.92,-23.12,-62.23
141,0,9.96,-28.12,-67.21
141,0,10,-23.17,-62.24
141,0,10.04,-20.374,-59.62
141,0,10.08,-22.258,-61.68
141,0,10.12,-20.916,-60.47
141,0,10.16,-20.338,-59.98
141,0,10.2,-19.75,-59.48
141,0,10.24,-18.882,-58.58
141,0,10.28,-18.884,-58.55
141,0,10.32,-18.792,-58.42
141,0,10.36,-19.196,-58.78
141,0,10.4,-17.1,-56.64
141,0,10.44,-15.204,-54.74
141,0,10.48,-14.378,-53.91
141,0,10.52,-17.002,-56.61
141,0,10.56,-15.706,-55.47
141,0,10.6,-15.81,-55.73
141,0,10.64,-15.078,-55.09
141,0,10.68,-16.396,-56.5
141,0,10.72,-14.296,-54.47
141,0,10.76,-15.128,-55.35
141,0,10.8,-14.69,-54.96
141,0,10.84,-15.99,-56.16
141,0,10.88,-15.91,-55.98
141,0,10.92,-17.902,-57.91
141,0,10.96,-17.616,-57.6
141,0,11,-15.58,-55.54
141,0,11.04,-13.696,-53.76
141,0,11.08,-14.092,-54.26
141,0,11.12,-11.706,-51.95
141,0,11.16,-10.348,-50.64
141,0,11.2,-10.38,-50.72
141,0,11.24,-9.898,-50.29
141,0,11.28,-10.096,-50.54
141,0,11.32,-10.224,-50.74
141,0,11.36,-10.862,-51.47
141,0,11.4,-10.44,-51.14
141,0,11.44,-11.152,-51.9
141,0,11.48,-11.874,-52.67
141,0,11.52,-12.44,-53.27
141,0,11.56,-12.64,-53.49
141,0,11.6,-13.04,-53.91
141,0,11.64,-13.636,-54.59
141,0,11.68,-13.182,-54.22
141,0,11.72,-11.788,-52.88
141,0,11.76,-10.074,-51.19
141,0,11.8,-10.04,-51.18
141,0,11.84,-8.246,-49.33
141,0,11.88,-7.152,-48.18
141,0,11.92,-6.774,-47.9
141,0,11.96,-7.02199999999999,-48.4
141,0,12,-8.41999999999999,-50.05
142,0,8,-15.19,-49.81
142,0,8.04,-15.418,-50.13
142,0,8.08,-17.516,-52.32
142,0,8.12,-17.202,-52.09
142,0,8.16,-18.366,-53.33
142,0,8.2,-20.72,-55.76
142,0,8.24,-20.872,-55.98
142,0,8.28,-19.034,-54.21
142,0,8.32,-16.976,-52.22
142,0,8.36,-15.798,-51.11
142,0,8.4,-15.04,-50.42
142,0,8.44,-16.422,-52.01
142,0,8.48,-16.204,-52
142,0,8.52,-17.354,-53.38
142,0,8.56,-19.132,-55.41
142,0,8.6,-18.94,-55.47
142,0,8.64,-19.764,-56.61
142,0,8.68,-18.928,-56.09
142,0,8.72,-19.598,-56.9
142,0,8.76,-22.924,-60.19
142,0,8.8,-25.14,-62.37
142,0,8.84,-21.304,-58.49
142,0,8.88,-22.978,-60.12
142,0,8.92,-23.974,-61.18
142,0,8.96,-26.552,-63.93
142,0,9,-25.59,-63.14
142,0,9.04,-22.414,-60.2
142,0,9.08,-21.268,-59.29
142,0,9.12,-20.446,-58.73
142,0,9.16,-20.528,-59.1
142,0,9.2,-18.48,-57.34
142,0,9.24,-16.38,-54.98
142,0,9.28,-15.89,-54.23
142,0,9.32,-15.318,-53.48
142,0,9.36,-15.274,-53.34
142,0,9.4,-17.05,-55.02
142,0,9.44,-19.394,-57.5
142,0,9.48,-19.778,-58.02
142,0,9.52,-21.832,-60.21
142,0,9.56,-21.716,-60.23
142,0,9.6,-23.52,-62.17
142,0,9.64,-26.19,-64.96
142,0,9.68,-27.29,-66.18
142,0,9.72,-22.218,-61.2
142,0,9.76,-19.134,-58.18
142,0,9.8,-18.52,-57.63
142,0,9.84,-20.106,-59.22
142,0,9.88,-19.482,-58.6
142,0,9.92,-22.1,-61.21
142,0,9.96,-21.94,-61.03
142,0,10,-21.61,-60.68
142,0,10.04,-19.054,-58.3
142,0,10.08,-20.218,-59.64
142,0,10.12,-20.966,-60.52
142,0,10.16,-21.048,-60.69
142,0,10.2,-17.75,-57.48
142,0,10.24,-18.492,-58.19
142,0,10.28,-18.394,-58.06
142,0,10.32,-18.192,-57.82
142,0,10.36,-20.476,-60.06
142,0,10.4,-16.94,-56.48
142,0,10.44,-16.494,-56.03
142,0,10.48,-15.888,-55.42
142,0,10.52,-16.542,-56.15
142,0,10.56,-16.716,-56.48
142,0,10.6,-15.37,-55.29
142,0,10.64,-14.478,-54.49
142,0,10.68,-14.796,-54.9
142,0,10.72,-14.156,-54.33
142,0,10.76,-14.888,-55.11
142,0,10.8,-14.71,-54.98
142,0,10.84,-14.68,-54.85
142,0,10.88,-15.58,-55.65
142,0,10.92,-16.752,-56.76
142,0,10.96,-15.096,-55.08
142,0,11,-13.92,-53.88
142,0,11.04,-13.316,-53.38
142,0,11.08,-11.912,-52.08
142,0,11.12,-10.506,-50.75
142,0,11.16,-8.788,-49.08
142,0,11.2,-9,-49.34
142,0,11.24,-9.628,-50.02
142,0,11.28,-9.92599999999999,-50.37
142,0,11.32,-10.844,-51.36
142,0,11.36,-11.072,-51.68
142,0,11.4,-12.02,-52.72
142,0,11.44,-12.702,-53.45
142,0,11.48,-13.894,-54.69
142,0,11.52,-14.85,-55.68
142,0,11.56,-16.17,-57.02
142,0,11.6,-14,-54.87
142,0,11.64,-14.326,-55.28
142,0,11.68,-11.582,-52.62
142,0,11.72,-9.378,-50.47
142,0,11.76,-9.104,-50.22
142,0,11.8,-7.77,-48.91
142,0,11.84,-7.226,-48.31
142,0,11.88,-6.672,-47.7
142,0,11.92,-6.32400000000001,-47.45
142,0,11.96,-6.432,-47.81
142,0,12,-8.66,-50.29
143,0,8,-13.04,-47.66
143,0,8.04,-13.898,-48.61
143,0,8.08,-14.626,-49.43
143,0,8.12,-16.702,-51.59
143,0,8.16,-17.766,-52.73
143,0,8.2,-21.87,-56.91
143,0,8.24,-20.602,-55.71
143,0,8.28,-20.344,-55.52
143,0,8.32,-16.956,-52.2
143,0,8.36,-16.568,-51.88
143,0,8.4,-16.85,-52.23
143,0,8.44,-17.962,-53.55
143,0,8.48,-18.454,-54.25
143,0,8.52,-18.854,-54.88
143,0,8.56,-20.042,-56.32
143,0,8.6,-19.21,-55.74
143,0,8.64,-18.414,-55.26
143,0,8.68,-18.558,-55.72
143,0,8.72,-19.018,-56.32
143,0,8.76,-22.044,-59.31
143,0,8.8,-26.03,-63.26
143,0,8.84,-23.764,-60.95
143,0,8.88,-20.778,-57.92
143,0,8.92,-22.354,-59.56
143,0,8.96,-22.592,-59.97
143,0,9,-21.52,-59.07
143,0,9.04,-21.194,-58.98
143,0,9.08,-18.698,-56.72
143,0,9.12,-18.636,-56.92
143,0,9.16,-20.148,-58.72
143,0,9.2,-17.16,-56.02
143,0,9.24,-14.79,-53.39
143,0,9.28,-14.34,-52.68
143,0,9.32,-14.078,-52.24
143,0,9.36,-14.954,-53.02
143,0,9.4,-16.98,-54.95
143,0,9.44,-19.564,-57.67
143,0,9.48,-22.048,-60.29
143,0,9.52,-18.792,-57.17
143,0,9.56,-20.116,-58.63
143,0,9.6,-24.57,-63.22
143,0,9.64,-22.48,-61.25
143,0,9.68,-20.24,-59.13
143,0,9.72,-18.108,-57.09
143,0,9.76,-17.504,-56.55
143,0,9.8,-17.2,-56.31
143,0,9.84,-19.036,-58.15
143,0,9.88,-19.752,-58.87
143,0,9.92,-19.62,-58.73
143,0,9.96,-20.16,-59.25
143,0,10,-24.39,-63.46
143,0,10.04,-22.304,-61.55
143,0,10.08,-20.528,-59.95
143,0,10.12,-22.466,-62.02
143,0,10.16,-20.608,-60.25
143,0,10.2,-21.02,-60.75
143,0,10.24,-17.692,-57.39
143,0,10.28,-15.844,-55.51
143,0,10.32,-18.002,-57.63
143,0,10.36,-18.496,-58.08
143,0,10.4,-17.68,-57.22
143,0,10.44,-15.974,-55.51
143,0,10.48,-16.418,-55.95
143,0,10.52,-15.452,-55.06
143,0,10.56,-14.796,-54.56
143,0,10.6,-13.46,-53.38
143,0,10.64,-14.118,-54.13
143,0,10.68,-14.456,-54.56
143,0,10.72,-14.586,-54.76
143,0,10.76,-13.358,-53.58
143,0,10.8,-13.68,-53.95
143,0,10.84,-14.23,-54.4
143,0,10.88,-14.89,-54.96
143,0,10.92,-15.182,-55.19
143,0,10.96,-14.596,-54.58
143,0,11,-13.16,-53.12
143,0,11.04,-12.366,-52.43
143,0,11.08,-11.572,-51.74
143,0,11.12,-10.516,-50.76
143,0,11.16,-9.548,-49.84
143,0,11.2,-10.33,-50.67
143,0,11.24,-10.878,-51.27
143,0,11.28,-11.536,-51.98
143,0,11.32,-12.564,-53.08
143,0,11.36,-12.482,-53.09
143,0,11.4,-13.92,-54.62
143,0,11.44,-14.172,-54.92
143,0,11.48,-13.274,-54.07
143,0,11.52,-13.36,-54.19
143,0,11.56,-12.78,-53.63
143,0,11.6,-12.01,-52.88
143,0,11.64,-10.386,-51.34
143,0,11.68,-8.812,-49.85
143,0,11.72,-7.858,-48.95
143,0,11.76,-7.354,-48.47
143,0,11.8,-7.12,-48.26
143,0,11.84,-7.166,-48.25
143,0,11.88,-7.262,-48.29
143,0,11.92,-7.204,-48.33
143,0,11.96,-7.61199999999999,-48.99
143,0,12,-8.59999999999999,-50.23
144,0,8,-11.83,-46.45
144,0,8.04,-12.758,-47.47
144,0,8.08,-14.066,-48.87
144,0,8.12,-16.142,-51.03
144,0,8.16,-18.266,-53.23
144,0,8.2,-21.94,-56.98
144,0,8.24,-22.132,-57.24
144,0,8.28,-21.214,-56.39
144,0,8.32,-18.256,-53.5
144,0,8.36,-17.338,-52.65
144,0,8.4,-18.08,-53.46
144,0,8.44,-19.912,-55.5
144,0,8.48,-20.264,-56.06
144,0,8.52,-20.214,-56.24
144,0,8.56,-19.102,-55.38
144,0,8.6,-20.19,-56.72
144,0,8.64,-19.344,-56.19
144,0,8.68,-18.718,-55.88
144,0,8.72,-19.868,-57.17
144,0,8.76,-24.374,-61.64
144,0,8.8,-25.42,-62.65
144,0,8.84,-22.284,-59.47
144,0,8.88,-20.888,-58.03
144,0,8.92,-22.184,-59.39
144,0,8.96,-20.102,-57.48
144,0,9,-19.18,-56.73
144,0,9.04,-17.354,-55.14
144,0,9.08,-15.218,-53.24
144,0,9.12,-17.396,-55.68
144,0,9.16,-16.828,-55.4
144,0,9.2,-15.65,-54.51
144,0,9.24,-15.34,-53.94
144,0,9.28,-15.84,-54.18
144,0,9.32,-15.678,-53.84
144,0,9.36,-14.524,-52.59
144,0,9.4,-17.66,-55.63
144,0,9.44,-22.914,-61.02
144,0,9.48,-21.168,-59.41
144,0,9.52,-18.992,-57.37
144,0,9.56,-19.016,-57.53
144,0,9.6,-20.63,-59.28
144,0,9.64,-19.7,-58.47
144,0,9.68,-18.29,-57.18
144,0,9.72,-16.098,-55.08
144,0,9.76,-17.164,-56.21
144,0,9.8,-15.92,-55.03
144,0,9.84,-19.126,-58.24
144,0,9.88,-22.602,-61.72
144,0,9.92,-22.24,-61.35
144,0,9.96,-23,-62.09
144,0,10,-27.77,-66.84
144,0,10.04,-24.084,-63.33
144,0,10.08,-19.518,-58.94
144,0,10.12,-20.926,-60.48
144,0,10.16,-19.538,-59.18
144,0,10.2,-17.37,-57.1
144,0,10.24,-15.082,-54.78
144,0,10.28,-13.984,-53.65
144,0,10.32,-15.062,-54.69
144,0,10.36,-15.956,-55.54
144,0,10.4,-16.51,-56.05
144,0,10.44,-14.354,-53.89
144,0,10.48,-13.468,-53
144,0,10.52,-13.772,-53.38
144,0,10.56,-13.146,-52.91
144,0,10.6,-12.65,-52.57
144,0,10.64,-13.478,-53.49
144,0,10.68,-14.796,-54.9
144,0,10.72,-14.616,-54.79
144,0,10.76,-14.038,-54.26
144,0,10.8,-14.12,-54.39
144,0,10.84,-15.55,-55.72
144,0,10.88,-14.83,-54.9
144,0,10.92,-15.612,-55.62
144,0,10.96,-13.366,-53.35
144,0,11,-12.32,-52.28
144,0,11.04,-11.146,-51.21
144,0,11.08,-11.982,-52.15
144,0,11.12,-10.556,-50.8
144,0,11.16,-9.788,-50.08
144,0,11.2,-11.19,-51.53
144,0,11.24,-12.228,-52.62
144,0,11.28,-12.886,-53.33
144,0,11.32,-13.324,-53.84
144,0,11.36,-13.022,-53.63
144,0,11.4,-12.96,-53.66
144,0,11.44,-12.302,-53.05
144,0,11.48,-11.284,-52.08
144,0,11.52,-9.53999999999999,-50.37
144,0,11.56,-10.43,-51.28
144,0,11.6,-9.85,-50.72
144,0,11.64,-9.536,-50.49
144,0,11.68,-8.002,-49.04
144,0,11.72,-7.488,-48.58
144,0,11.76,-7.884,-49
144,0,11.8,-8.57,-49.71
144,0,11.84,-8.746,-49.83
144,0,11.88,-8.382,-49.41
144,0,11.92,-8.484,-49.61
144,0,11.96,-8.19199999999999,-49.57
144,0,12,-8.94,-50.57
145,0,8,-12.41,-47.03
145,0,8.04,-12.458,-47.17
145,0,8.08,-13.806,-48.61
145,0,8.12,-17.422,-52.31
145,0,8.16,-19.946,-54.91
145,0,8.2,-23.43,-58.47
145,0,8.24,-23.302,-58.41
145,0,8.28,-21.904,-57.08
145,0,8.32,-19.376,-54.62
145,0,8.36,-19.848,-55.16
145,0,8.4,-20.71,-56.09
145,0,8.44,-20.372,-55.96
145,0,8.48,-20.814,-56.61
145,0,8.52,-21.734,-57.76
145,0,8.56,-19.742,-56.02
145,0,8.6,-20.3,-56.83
145,0,8.64,-18.724,-55.57
145,0,8.68,-17.758,-54.92
145,0,8.72,-18.538,-55.84
145,0,8.76,-20.964,-58.23
145,0,8.8,-22.33,-59.56
145,0,8.84,-19.244,-56.43
145,0,8.88,-19.758,-56.9
145,0,8.92,-19.194,-56.4
145,0,8.96,-18.772,-56.15
145,0,9,-16.67,-54.22
145,0,9.04,-15.804,-53.59
145,0,9.08,-14.318,-52.34
145,0,9.12,-15.536,-53.82
145,0,9.16,-16.118,-54.69
145,0,9.2,-15.55,-54.41
145,0,9.24,-16.1,-54.7
145,0,9.28,-15.53,-53.87
145,0,9.32,-15.788,-53.95
145,0,9.36,-16.764,-54.83
145,0,9.4,-19.39,-57.36
145,0,9.44,-21.954,-60.06
145,0,9.48,-19.198,-57.44
145,0,9.52,-18.012,-56.39
145,0,9.56,-18.736,-57.25
145,0,9.6,-18.43,-57.08
145,0,9.64,-17.43,-56.2
145,0,9.68,-16.72,-55.61
145,0,9.72,-16.788,-55.77
145,0,9.76,-16.834,-55.88
145,0,9.8,-18.56,-57.67
145,0,9.84,-21.286,-60.4
145,0,9.88,-22.882,-62
145,0,9.92,-23.71,-62.82
145,0,9.96,-22.31,-61.4
145,0,10,-21.09,-60.16
145,0,10.04,-19.354,-58.6
145,0,10.08,-16.948,-56.37
145,0,10.12,-18.136,-57.69
145,0,10.16,-16.668,-56.31
145,0,10.2,-14.6,-54.33
145,0,10.24,-14.112,-53.81
145,0,10.28,-11.924,-51.59
145,0,10.32,-14.342,-53.97
145,0,10.36,-14.896,-54.48
145,0,10.4,-16.13,-55.67
145,0,10.44,-14.494,-54.03
145,0,10.48,-14.158,-53.69
145,0,10.52,-13.742,-53.35
145,0,10.56,-12.816,-52.58
145,0,10.6,-13.01,-52.93
145,0,10.64,-14.158,-54.17
145,0,10.68,-14.946,-55.05
145,0,10.72,-14.606,-54.78
145,0,10.76,-13.338,-53.56
145,0,10.8,-15.68,-55.95
145,0,10.84,-15.64,-55.81
145,0,10.88,-15.17,-55.24
145,0,10.92,-14.642,-54.65
145,0,10.96,-12.406,-52.39
145,0,11,-11.32,-51.28
145,0,11.04,-10.546,-50.61
145,0,11.08,-11.722,-51.89
145,0,11.12,-9.596,-49.84
145,0,11.16,-9.728,-50.02
145,0,11.2,-10.99,-51.33
145,0,11.24,-11.158,-51.55
145,0,11.28,-13.406,-53.85
145,0,11.32,-13.674,-54.19
145,0,11.36,-12.712,-53.32
145,0,11.4,-11.61,-52.31
145,0,11.44,-11.312,-52.06
145,0,11.48,-9.00399999999999,-49.8
145,0,11.52,-8.42999999999999,-49.26
145,0,11.56,-9.8,-50.65
145,0,11.6,-9.83000000000001,-50.7
145,0,11.64,-9.526,-50.48
145,0,11.68,-8.762,-49.8
145,0,11.72,-8.018,-49.11
145,0,11.76,-7.744,-48.86
145,0,11.8,-8.71,-49.85
145,0,11.84,-8.96599999999999,-50.05
145,0,11.88,-8.362,-49.39
145,0,11.92,-7.884,-49.01
145,0,11.96,-7.62199999999999,-49
145,0,12,-7.66999999999999,-49.3
146,0,8,-12.96,-47.58
146,0,8.04,-13.668,-48.38
146,0,8.08,-15.536,-50.34
146,0,8.12,-18.462,-53.35
146,0,8.16,-22.256,-57.22
146,0,8.2,-27.57,-62.61
146,0,8.24,-25.242,-60.35
146,0,8.28,-23.574,-58.75
146,0,8.32,-21.226,-56.47
146,0,8.36,-20.578,-55.89
146,0,8.4,-20.49,-55.87
146,0,8.44,-20.992,-56.58
146,0,8.48,-20.574,-56.37
146,0,8.52,-20.384,-56.41
146,0,8.56,-19.672,-55.95
146,0,8.6,-17.75,-54.28
146,0,8.64,-18.194,-55.04
146,0,8.68,-17.838,-55
146,0,8.72,-18.758,-56.06
146,0,8.76,-19.554,-56.82
146,0,8.8,-20.98,-58.21
146,0,8.84,-18.474,-55.66
146,0,8.88,-17.468,-54.61
146,0,8.92,-17.114,-54.32
146,0,8.96,-16.522,-53.9
146,0,9,-14.05,-51.6
146,0,9.04,-14.284,-52.07
146,0,9.08,-13.168,-51.19
146,0,9.12,-15.026,-53.31
146,0,9.16,-16.718,-55.29
146,0,9.2,-18.35,-57.21
146,0,9.24,-16.68,-55.28
146,0,9.28,-17.5,-55.84
146,0,9.32,-17.988,-56.15
146,0,9.36,-18.094,-56.16
146,0,9.4,-20.19,-58.16
146,0,9.44,-19.414,-57.52
146,0,9.48,-18.278,-56.52
146,0,9.52,-17.352,-55.73
146,0,9.56,-16.726,-55.24
146,0,9.6,-17.7,-56.35
146,0,9.64,-16.39,-55.16
146,0,9.68,-16.91,-55.8
146,0,9.72,-17.328,-56.31
146,0,9.76,-17.714,-56.76
146,0,9.8,-18.85,-57.96
146,0,9.84,-19.326,-58.44
146,0,9.88,-22.272,-61.39
146,0,9.92,-20.08,-59.19
146,0,9.96,-18.67,-57.76
146,0,10,-18.06,-57.13
146,0,10.04,-17.874,-57.12
146,0,10.08,-16.828,-56.25
146,0,10.12,-15.986,-55.54
146,0,10.16,-16.568,-56.21
146,0,10.2,-15.12,-54.85
146,0,10.24,-13.382,-53.08
146,0,10.28,-11.854,-51.52
146,0,10.32,-12.802,-52.43
146,0,10.36,-15.246,-54.83
146,0,10.4,-14.6,-54.14
146,0,10.44,-16.194,-55.73
146,0,10.48,-16.208,-55.74
146,0,10.52,-14.822,-54.43
146,0,10.56,-15.476,-55.24
146,0,10.6,-16.53,-56.45
146,0,10.64,-14.578,-54.59
146,0,10.68,-16.196,-56.3
146,0,10.72,-15.316,-55.49
146,0,10.76,-13.278,-53.5
146,0,10.8,-14.43,-54.7
146,0,10.84,-14.97,-55.14
146,0,10.88,-13.13,-53.2
146,0,10.92,-11.072,-51.08
146,0,10.96,-9.606,-49.59
146,0,11,-9.52,-49.48
146,0,11.04,-10.356,-50.42
146,0,11.08,-10.472,-50.64
146,0,11.12,-9.026,-49.27
146,0,11.16,-9.568,-49.86
146,0,11.2,-10.22,-50.56
146,0,11.24,-11.938,-52.33
146,0,11.28,-14.126,-54.57
146,0,11.32,-14.674,-55.19
146,0,11.36,-12.352,-52.96
146,0,11.4,-11.72,-52.42
146,0,11.44,-10.032,-50.78
146,0,11.48,-8.10399999999999,-48.9
146,0,11.52,-8.53999999999999,-49.37
146,0,11.56,-9.64000000000001,-50.49
146,0,11.6,-9.64,-50.51
146,0,11.64,-8.116,-49.07
146,0,11.68,-7.392,-48.43
146,0,11.72,-7.028,-48.12
146,0,11.76,-7.014,-48.13
146,0,11.8,-7.89,-49.03
146,0,11.84,-7.996,-49.08
146,0,11.88,-7.102,-48.13
146,0,11.92,-6.364,-47.49
146,0,11.96,-6.29199999999999,-47.67
146,0,12,-6,-47.63
147,0,8,-15.48,-50.1
147,0,8.04,-16.428,-51.14
147,0,8.08,-18.566,-53.37
147,0,8.12,-20.902,-55.79
147,0,8.16,-23.916,-58.88
147,0,8.2,-28.05,-63.09
147,0,8.24,-30.252,-65.36
147,0,8.28,-25.144,-60.32
147,0,8.32,-23.196,-58.44
147,0,8.36,-19.848,-55.16
147,0,8.4,-19.51,-54.89
147,0,8.44,-19.492,-55.08
147,0,8.48,-20.884,-56.68
147,0,8.52,-20.274,-56.3
147,0,8.56,-17.152,-53.43
147,0,8.6,-17.62,-54.15
147,0,8.64,-18.064,-54.91
147,0,8.68,-16.138,-53.3
147,0,8.72,-16.328,-53.63
147,0,8.76,-17.664,-54.93
147,0,8.8,-18.89,-56.12
147,0,8.84,-18.084,-55.27
147,0,8.88,-16.438,-53.58
147,0,8.92,-14.464,-51.67
147,0,8.96,-14.902,-52.28
147,0,9,-13.17,-50.72
147,0,9.04,-13.904,-51.69
147,0,9.08,-13.498,-51.52
147,0,9.12,-17.136,-55.42
147,0,9.16,-18.328,-56.9
147,0,9.2,-17.25,-56.11
147,0,9.24,-17.08,-55.68
147,0,9.28,-19.22,-57.56
147,0,9.32,-19.568,-57.73
147,0,9.36,-18.224,-56.29
147,0,9.4,-18.19,-56.16
147,0,9.44,-17.964,-56.07
147,0,9.48,-16.988,-55.23
147,0,9.52,-14.602,-52.98
147,0,9.56,-15.176,-53.69
147,0,9.6,-15.93,-54.58
147,0,9.64,-16.14,-54.91
147,0,9.68,-16.56,-55.45
147,0,9.72,-15.998,-54.98
147,0,9.76,-16.264,-55.31
147,0,9.8,-15.9,-55.01
147,0,9.84,-18.476,-57.59
147,0,9.88,-20.622,-59.74
147,0,9.92,-20.08,-59.19
147,0,9.96,-19.24,-58.33
147,0,10,-17.78,-56.85
147,0,10.04,-16.754,-56
147,0,10.08,-16.868,-56.29
147,0,10.12,-15.536,-55.09
147,0,10.16,-15.808,-55.45
147,0,10.2,-14.32,-54.05
147,0,10.24,-12.532,-52.23
147,0,10.28,-12.254,-51.92
147,0,10.32,-13.182,-52.81
147,0,10.36,-14.226,-53.81
147,0,10.4,-15.65,-55.19
147,0,10.44,-14.904,-54.44
147,0,10.48,-14.308,-53.84
147,0,10.52,-14.792,-54.4
147,0,10.56,-14.236,-54
147,0,10.6,-14.08,-54
147,0,10.64,-14.368,-54.38
147,0,10.68,-14.956,-55.06
147,0,10.72,-14.906,-55.08
147,0,10.76,-12.918,-53.14
147,0,10.8,-13.46,-53.73
147,0,10.84,-13.38,-53.55
147,0,10.88,-11.72,-51.79
147,0,10.92,-10.582,-50.59
147,0,10.96,-9.836,-49.82
147,0,11,-8.95,-48.91
147,0,11.04,-10.106,-50.17
147,0,11.08,-11.132,-51.3
147,0,11.12,-10.206,-50.45
147,0,11.16,-9.788,-50.08
147,0,11.2,-12.28,-52.62
147,0,11.24,-14.368,-54.76
147,0,11.28,-14.936,-55.38
147,0,11.32,-12.484,-53
147,0,11.36,-10.102,-50.71
147,0,11.4,-9.14,-49.84
147,0,11.44,-7.892,-48.64
147,0,11.48,-7.42399999999999,-48.22
147,0,11.52,-7.66999999999999,-48.5
147,0,11.56,-7.97000000000001,-48.82
147,0,11.6,-7.56,-48.43
147,0,11.64,-7.126,-48.08
147,0,11.68,-6.59200000000001,-47.63
147,0,11.72,-6.158,-47.25
147,0,11.76,-6.834,-47.95
147,0,11.8,-7.49,-48.63
147,0,11.84,-7.486,-48.57
147,0,11.88,-6.572,-47.6
147,0,11.92,-5.634,-46.76
147,0,11.96,-5.23199999999999,-46.61
147,0,12,-5.12,-46.75
148,0,8,-17.94,-52.56
148,0,8.04,-23.218,-57.93
148,0,8.08,-24.666,-59.47
148,0,8.12,-27.732,-62.62
148,0,8.16,-28.066,-63.03
148,0,8.2,-47.33,-82.37
148,0,8.24,-29.432,-64.54
148,0,8.28,-22.754,-57.93
148,0,8.32,-18.996,-54.24
148,0,8.36,-17.288,-52.6
148,0,8.4,-17.27,-52.65
148,0,8.44,-17.542,-53.13
148,0,8.48,-17.864,-53.66
148,0,8.52,-17.194,-53.22
148,0,8.56,-17.392,-53.67
148,0,8.6,-16.94,-53.47
148,0,8.64,-17.064,-53.91
148,0,8.68,-15.678,-52.84
148,0,8.72,-16.058,-53.36
148,0,8.76,-16.354,-53.62
148,0,8.8,-17.19,-54.42
148,0,8.84,-16.594,-53.78
148,0,8.88,-16.248,-53.39
148,0,8.92,-15.154,-52.36
148,0,8.96,-15.622,-53
148,0,9,-13.95,-51.5
148,0,9.04,-15.274,-53.06
148,0,9.08,-16.338,-54.36
148,0,9.12,-18.766,-57.05
148,0,9.16,-18.708,-57.28
148,0,9.2,-15.89,-54.75
148,0,9.24,-15.35,-53.95
148,0,9.28,-16.45,-54.79
148,0,9.32,-17.028,-55.19
148,0,9.36,-16.744,-54.81
148,0,9.4,-16.7,-54.67
148,0,9.44,-16.974,-55.08
148,0,9.48,-15.918,-54.16
148,0,9.52,-14.162,-52.54
148,0,9.56,-15.006,-53.52
148,0,9.6,-16.34,-54.99
148,0,9.64,-15.81,-54.58
148,0,9.68,-15.62,-54.51
148,0,9.72,-14.858,-53.84
148,0,9.76,-15.894,-54.94
148,0,9.8,-15.59,-54.7
148,0,9.84,-18.476,-57.59
148,0,9.88,-19.522,-58.64
148,0,9.92,-19.95,-59.06
148,0,9.96,-18.99,-58.08
148,0,10,-18.21,-57.28
148,0,10.04,-17.334,-56.58
148,0,10.08,-15.168,-54.59
148,0,10.12,-14.896,-54.45
148,0,10.16,-14.548,-54.19
148,0,10.2,-13.59,-53.32
148,0,10.24,-12.082,-51.78
148,0,10.28,-12.154,-51.82
148,0,10.32,-13.952,-53.58
148,0,10.36,-14.536,-54.12
148,0,10.4,-14.95,-54.49
148,0,10.44,-15.144,-54.68
148,0,10.48,-14.718,-54.25
148,0,10.52,-14.732,-54.34
148,0,10.56,-14.956,-54.72
148,0,10.6,-13.44,-53.36
148,0,10.64,-15.338,-55.35
148,0,10.68,-14.916,-55.02
148,0,10.72,-13.616,-53.79
148,0,10.76,-11.898,-52.12
148,0,10.8,-12.69,-52.96
148,0,10.84,-11.98,-52.15
148,0,10.88,-11.42,-51.49
148,0,10.92,-10.302,-50.31
148,0,10.96,-10.326,-50.31
148,0,11,-10.02,-49.98
148,0,11.04,-10.906,-50.97
148,0,11.08,-11.282,-51.45
148,0,11.12,-10.936,-51.18
148,0,11.16,-11.678,-51.97
148,0,11.2,-13.2,-53.54
148,0,11.24,-13.748,-54.14
148,0,11.28,-11.276,-51.72
148,0,11.32,-9.904,-50.42
148,0,11.36,-8.26199999999999,-48.87
148,0,11.4,-7.11,-47.81
148,0,11.44,-6.79199999999999,-47.54
148,0,11.48,-6.13399999999999,-46.93
148,0,11.52,-6.55,-47.38
148,0,11.56,-7.08000000000001,-47.93
148,0,11.6,-7.63,-48.5
148,0,11.64,-7.706,-48.66
148,0,11.68,-7.372,-48.41
148,0,11.72,-6.538,-47.63
148,0,11.76,-7.634,-48.75
148,0,11.8,-7.75,-48.89
148,0,11.84,-6.526,-47.61
148,0,11.88,-5.222,-46.25
148,0,11.92,-4.064,-45.19
148,0,11.96,-4.03199999999999,-45.41
148,0,12,-4.7,-46.33
149,0,8,-20.79,-55.41
149,0,8.04,-29.068,-63.78
149,0,8.08,-36.456,-71.26
149,0,8.12,-29.312,-64.2
149,0,8.16,-29.126,-64.09
149,0,8.2,-26.33,-61.37
149,0,8.24,-21.592,-56.7
149,0,8.28,-19.484,-54.66
149,0,8.32,-16.936,-52.18
149,0,8.36,-15.408,-50.72
149,0,8.4,-14.63,-50.01
149,0,8.44,-15.772,-51.36
149,0,8.48,-14.974,-50.77
149,0,8.52,-16.234,-52.26
149,0,8.56,-16.732,-53.01
149,0,8.6,-17.32,-53.85
149,0,8.64,-17.384,-54.23
149,0,8.68,-16.178,-53.34
149,0,8.72,-15.518,-52.82
149,0,8.76,-15.314,-52.58
149,0,8.8,-16.05,-53.28
149,0,8.84,-16.614,-53.8
149,0,8.88,-16.848,-53.99
149,0,8.92,-16.164,-53.37
149,0,8.96,-16.332,-53.71
149,0,9,-16.21,-53.76
149,0,9.04,-18.124,-55.91
149,0,9.08,-18.488,-56.51
149,0,9.12,-17.616,-55.9
149,0,9.16,-15.558,-54.13
149,0,9.2,-14.39,-53.25
149,0,9.24,-12.73,-51.33
149,0,9.28,-13.71,-52.05
149,0,9.32,-14.258,-52.42
149,0,9.36,-16.564,-54.63
149,0,9.4,-15.75,-53.72
149,0,9.44,-15.914,-54.02
149,0,9.48,-16.128,-54.37
149,0,9.52,-14.552,-52.93
149,0,9.56,-15.476,-53.99
149,0,9.6,-17.53,-56.18
149,0,9.64,-16.21,-54.98
149,0,9.68,-14.39,-53.28
149,0,9.72,-15.208,-54.19
149,0,9.76,-16.044,-55.09
149,0,9.8,-16.75,-55.86
149,0,9.84,-17.986,-57.1
149,0,9.88,-18.422,-57.54
149,0,9.92,-18.97,-58.08
149,0,9.96,-18.85,-57.94
149,0,10,-15.68,-54.75
149,0,10.04,-14.264,-53.51
149,0,10.08,-13.718,-53.14
149,0,10.12,-12.966,-52.52
149,0,10.16,-14.118,-53.76
149,0,10.2,-11.92,-51.65
149,0,10.24,-12.312,-52.01
149,0,10.28,-11.914,-51.58
149,0,10.32,-13.692,-53.32
149,0,10.36,-13.876,-53.46
149,0,10.4,-15.06,-54.6
149,0,10.44,-13.844,-53.38
149,0,10.48,-14.528,-54.06
149,0,10.52,-15.012,-54.62
149,0,10.56,-15.636,-55.4
149,0,10.6,-14.13,-54.05
149,0,10.64,-13.758,-53.77
149,0,10.68,-13.216,-53.32
149,0,10.72,-11.716,-51.89
149,0,10.76,-10.498,-50.72
149,0,10.8,-11.8,-52.07
149,0,10.84,-11.89,-52.06
149,0,10.88,-11.45,-51.52
149,0,10.92,-11.222,-51.23
149,0,10.96,-10.726,-50.71
149,0,11,-9.99,-49.95
149,0,11.04,-10.286,-50.35
149,0,11.08,-11.052,-51.22
149,0,11.12,-11.836,-52.08
149,0,11.16,-12.448,-52.74
149,0,11.2,-12.3,-52.64
149,0,11.24,-11.308,-51.7
149,0,11.28,-8.496,-48.94
149,0,11.32,-7.42399999999999,-47.94
149,0,11.36,-6.602,-47.21
149,0,11.4,-6.54,-47.24
149,0,11.44,-5.422,-46.17
149,0,11.48,-5.53399999999999,-46.33
149,0,11.52,-6.31,-47.14
149,0,11.56,-7.50000000000001,-48.35
149,0,11.6,-7.76000000000001,-48.63
149,0,11.64,-8.276,-49.23
149,0,11.68,-7.372,-48.41
149,0,11.72,-6.778,-47.87
149,0,11.76,-6.714,-47.83
149,0,11.8,-6.11,-47.25
149,0,11.84,-4.886,-45.97
149,0,11.88,-3.492,-44.52
149,0,11.92,-3.534,-44.66
149,0,11.96,-3.28199999999999,-44.66
149,0,12,-3.95,-45.58
150,0,8,-17.06,-51.68
150,0,8.04,-19.878,-54.59
150,0,8.08,-20.016,-54.82
150,0,8.12,-19.202,-54.09
150,0,8.16,-18.836,-53.8
150,0,8.2,-19.94,-54.98
150,0,8.24,-17.832,-52.94
150,0,8.28,-15.864,-51.04
150,0,8.32,-15.456,-50.7
150,0,8.36,-14.078,-49.39
150,0,8.4,-14.22,-49.6
150,0,8.44,-14.142,-49.73
150,0,8.48,-14.834,-50.63
150,0,8.52,-15.014,-51.04
150,0,8.56,-16.832,-53.11
150,0,8.6,-18.89,-55.42
150,0,8.64,-17.974,-54.82
150,0,8.68,-16.368,-53.53
150,0,8.72,-15.658,-52.96
150,0,8.76,-15.634,-52.9
150,0,8.8,-15.8,-53.03
150,0,8.84,-16.344,-53.53
150,0,8.88,-17.708,-54.85
150,0,8.92,-17.834,-55.04
150,0,8.96,-18.282,-55.66
150,0,9,-17.42,-54.97
150,0,9.04,-17.894,-55.68
150,0,9.08,-16.508,-54.53
150,0,9.12,-14.936,-53.22
150,0,9.16,-13.568,-52.14
150,0,9.2,-12.22,-51.08
150,0,9.24,-12.03,-50.63
150,0,9.28,-11.91,-50.25
150,0,9.32,-13.178,-51.34
150,0,9.36,-14.604,-52.67
150,0,9.4,-16.66,-54.63
150,0,9.44,-17.194,-55.3
150,0,9.48,-17.768,-56.01
150,0,9.52,-16.152,-54.53
150,0,9.56,-16.486,-55
150,0,9.6,-16.14,-54.79
150,0,9.64,-15.72,-54.49
150,0,9.68,-13.74,-52.63
150,0,9.72,-14.488,-53.47
150,0,9.76,-14.774,-53.82
150,0,9.8,-15.21,-54.32
150,0,9.84,-16.056,-55.17
150,0,9.88,-15.442,-54.56
150,0,9.92,-16.53,-55.64
150,0,9.96,-17.03,-56.12
150,0,10,-14.04,-53.11
150,0,10.04,-13.634,-52.88
150,0,10.08,-13.608,-53.03
150,0,10.12,-12.726,-52.28
150,0,10.16,-13.648,-53.29
150,0,10.2,-12.32,-52.05
150,0,10.24,-12.262,-51.96
150,0,10.28,-14.044,-53.71
150,0,10.32,-15.342,-54.97
150,0,10.36,-16.146,-55.73
150,0,10.4,-14.85,-54.39
150,0,10.44,-14.414,-53.95
150,0,10.48,-15.018,-54.55
150,0,10.52,-14.822,-54.43
150,0,10.56,-14.276,-54.04
150,0,10.6,-11.96,-51.88
150,0,10.64,-12.018,-52.03
150,0,10.68,-11.826,-51.93
150,0,10.72,-10.756,-50.93
150,0,10.76,-10.438,-50.66
150,0,10.8,-11.42,-51.69
150,0,10.84,-11.74,-51.91
150,0,10.88,-11.26,-51.33
150,0,10.92,-11.152,-51.16
150,0,10.96,-10.216,-50.2
150,0,11,-10.18,-50.14
150,0,11.04,-9.52600000000001,-49.59
150,0,11.08,-11.932,-52.1
150,0,11.12,-11.276,-51.52
150,0,11.16,-11.388,-51.68
150,0,11.2,-10.3,-50.64
150,0,11.24,-9.36799999999999,-49.76
150,0,11.28,-7.10599999999999,-47.55
150,0,11.32,-6.084,-46.6
150,0,11.36,-5.58199999999999,-46.19
150,0,11.4,-5.51,-46.21
150,0,11.44,-5.682,-46.43
150,0,11.48,-5.974,-46.77
150,0,11.52,-6.81999999999999,-47.65
150,0,11.56,-7.69,-48.54
150,0,11.6,-7.81,-48.68
150,0,11.64,-6.876,-47.83
150,0,11.68,-5.652,-46.69
150,0,11.72,-4.738,-45.83
150,0,11.76,-4.484,-45.6
150,0,11.8,-4.54,-45.68
150,0,11.84,-4.28599999999999,-45.37
150,0,11.88,-3.572,-44.6
150,0,11.92,-3.434,-44.56
150,0,11.96,-3.74199999999999,-45.12
150,0,12,-4.43,-46.06
151,0,8,-13.17,-47.79
151,0,8.04,-13.588,-48.3
151,0,8.08,-13.596,-48.4
151,0,8.12,-13.292,-48.18
151,0,8.16,-13.676,-48.64
151,0,8.2,-14.93,-49.97
151,0,8.24,-15.242,-50.35
151,0,8.28,-15.044,-50.22
151,0,8.32,-14.766,-50.01
151,0,8.36,-14.648,-49.96
151,0,8.4,-14.98,-50.36
151,0,8.44,-14.722,-50.31
151,0,8.48,-14.654,-50.45
151,0,8.52,-15.744,-51.77
151,0,8.56,-17.662,-53.94
151,0,8.6,-19.02,-55.55
151,0,8.64,-18.344,-55.19
151,0,8.68,-17.058,-54.22
151,0,8.72,-16.898,-54.2
151,0,8.76,-15.134,-52.4
151,0,8.8,-15.77,-53
151,0,8.84,-16.314,-53.5
151,0,8.88,-19.458,-56.6
151,0,8.92,-18.354,-55.56
151,0,8.96,-18.252,-55.63
151,0,9,-15.8,-53.35
151,0,9.04,-16.074,-53.86
151,0,9.08,-12.928,-50.95
151,0,9.12,-12.966,-51.25
151,0,9.16,-11.898,-50.47
151,0,9.2,-12.27,-51.13
151,0,9.24,-11.12,-49.72
151,0,9.28,-12.13,-50.47
151,0,9.32,-12.998,-51.16
151,0,9.36,-15.034,-53.1
151,0,9.4,-18.16,-56.13
151,0,9.44,-20.214,-58.32
151,0,9.48,-19.128,-57.37
151,0,9.52,-15.812,-54.19
151,0,9.56,-15.016,-53.53
151,0,9.6,-15.56,-54.21
151,0,9.64,-13.81,-52.58
151,0,9.68,-12.56,-51.45
151,0,9.72,-13.778,-52.76
151,0,9.76,-14.104,-53.15
151,0,9.8,-13.33,-52.44
151,0,9.84,-14.296,-53.41
151,0,9.88,-14.822,-53.94
151,0,9.92,-14.18,-53.29
151,0,9.96,-15.31,-54.4
151,0,10,-14.96,-54.03
151,0,10.04,-13.794,-53.04
151,0,10.08,-12.768,-52.19
151,0,10.12,-13.406,-52.96
151,0,10.16,-13.778,-53.42
151,0,10.2,-13.53,-53.26
151,0,10.24,-12.872,-52.57
151,0,10.28,-12.064,-51.73
151,0,10.32,-15.822,-55.45
151,0,10.36,-15.276,-54.86
151,0,10.4,-14.73,-54.27
151,0,10.44,-13.124,-52.66
151,0,10.48,-12.978,-52.51
151,0,10.52,-12.532,-52.14
151,0,10.56,-11.376,-51.14
151,0,10.6,-10.79,-50.71
151,0,10.64,-10.488,-50.5
151,0,10.68,-11.156,-51.26
151,0,10.72,-10.866,-51.04
151,0,10.76,-10.638,-50.86
151,0,10.8,-10.79,-51.06
151,0,10.84,-12.07,-52.24
151,0,10.88,-12.1,-52.17
151,0,10.92,-11.602,-51.61
151,0,10.96,-9.92599999999999,-49.91
151,0,11,-10.23,-50.19
151,0,11.04,-9.81600000000001,-49.88
151,0,11.08,-11.292,-51.46
151,0,11.12,-10.696,-50.94
151,0,11.16,-9.638,-49.93
151,0,11.2,-8.05,-48.39
151,0,11.24,-6.83799999999999,-47.23
151,0,11.28,-5.60599999999999,-46.05
151,0,11.32,-5.42399999999999,-45.94
151,0,11.36,-5.76199999999999,-46.37
151,0,11.4,-6.07,-46.77
151,0,11.44,-6.16199999999999,-46.91
151,0,11.48,-6.17399999999999,-46.97
151,0,11.52,-7.32999999999999,-48.16
151,0,11.56,-7.24000000000001,-48.09
151,0,11.6,-6.76000000000001,-47.63
151,0,11.64,-5.616,-46.57
151,0,11.68,-4.012,-45.05
151,0,11.72,-3.408,-44.5
151,0,11.76,-3.794,-44.91
151,0,11.8,-4.74,-45.88
151,0,11.84,-4.586,-45.67
151,0,11.88,-4.302,-45.33
151,0,11.92,-4.174,-45.3
151,0,11.96,-3.752,-45.13
151,0,12,-4.18,-45.81
152,0,8,-10.19,-44.81
152,0,8.04,-10.128,-44.84
152,0,8.08,-9.636,-44.44
152,0,8.12,-9.77199999999999,-44.66
152,0,8.16,-10.036,-45
152,0,8.2,-12.35,-47.39
152,0,8.24,-12.902,-48.01
152,0,8.28,-13.534,-48.71
152,0,8.32,-14.996,-50.24
152,0,8.36,-16.228,-51.54
152,0,8.4,-16.17,-51.55
152,0,8.44,-16.032,-51.62
152,0,8.48,-16.964,-52.76
152,0,8.52,-17.874,-53.9
152,0,8.56,-18.282,-54.56
152,0,8.6,-18.96,-55.49
152,0,8.64,-18.374,-55.22
152,0,8.68,-18.308,-55.47
152,0,8.72,-16.228,-53.53
152,0,8.76,-15.044,-52.31
152,0,8.8,-16.02,-53.25
152,0,8.84,-16.434,-53.62
152,0,8.88,-18.318,-55.46
152,0,8.92,-17.814,-55.02
152,0,8.96,-16.362,-53.74
152,0,9,-14.69,-52.24
152,0,9.04,-14.784,-52.57
152,0,9.08,-13.318,-51.34
152,0,9.12,-12.376,-50.66
152,0,9.16,-11.658,-50.23
152,0,9.2,-11.87,-50.73
152,0,9.24,-11.72,-50.32
152,0,9.28,-12.63,-50.97
152,0,9.32,-14.308,-52.47
152,0,9.36,-15.084,-53.15
152,0,9.4,-17.38,-55.35
152,0,9.44,-18.934,-57.04
152,0,9.48,-16.488,-54.73
152,0,9.52,-13.442,-51.82
152,0,9.56,-13.316,-51.83
152,0,9.6,-14.14,-52.79
152,0,9.64,-12.86,-51.63
152,0,9.68,-12.61,-51.5
152,0,9.72,-13.028,-52.01
152,0,9.76,-13.114,-52.16
152,0,9.8,-13.26,-52.37
152,0,9.84,-13.356,-52.47
152,0,9.88,-13.912,-53.03
152,0,9.92,-14.13,-53.24
152,0,9.96,-15.62,-54.71
152,0,10,-16.13,-55.2
152,0,10.04,-14.204,-53.45
152,0,10.08,-15.168,-54.59
152,0,10.12,-13.596,-53.15
152,0,10.16,-14.678,-54.32
152,0,10.2,-13.26,-52.99
152,0,10.24,-11.682,-51.38
152,0,10.28,-13.324,-52.99
152,0,10.32,-14.342,-53.97
152,0,10.36,-14.986,-54.57
152,0,10.4,-13.42,-52.96
152,0,10.44,-12.264,-51.8
152,0,10.48,-11.968,-51.5
152,0,10.52,-10.902,-50.51
152,0,10.56,-10.216,-49.98
152,0,10.6,-9.85,-49.77
152,0,10.64,-9.378,-49.39
152,0,10.68,-11.836,-51.94
152,0,10.72,-11.596,-51.77
152,0,10.76,-11.148,-51.37
152,0,10.8,-11.61,-51.88
152,0,10.84,-12.36,-52.53
152,0,10.88,-12.84,-52.91
152,0,10.92,-11.602,-51.61
152,0,10.96,-9.846,-49.83
152,0,11,-9.16,-49.12
152,0,11.04,-8.92600000000001,-48.99
152,0,11.08,-9.282,-49.45
152,0,11.12,-8.176,-48.42
152,0,11.16,-6.398,-46.69
152,0,11.2,-5.84,-46.18
152,0,11.24,-5.238,-45.63
152,0,11.28,-4.746,-45.19
152,0,11.32,-5.324,-45.84
152,0,11.36,-6.36199999999999,-46.97
152,0,11.4,-6.8,-47.5
152,0,11.44,-7.092,-47.84
152,0,11.48,-6.74399999999999,-47.54
152,0,11.52,-6.8,-47.63
152,0,11.56,-6.45,-47.3
152,0,11.6,-5.68,-46.55
152,0,11.64,-4.656,-45.61
152,0,11.68,-3.572,-44.61
152,0,11.72,-3.108,-44.2
152,0,11.76,-3.854,-44.97
152,0,11.8,-4.36,-45.5
152,0,11.84,-4.136,-45.22
152,0,11.88,-3.022,-44.05
152,0,11.92,-2.444,-43.57
152,0,11.96,-1.97199999999999,-43.35
152,0,12,-2.29,-43.92
153,0,8,-8.34,-42.96
153,0,8.04,-8.048,-42.76
153,0,8.08,-7.296,-42.1
153,0,8.12,-7.352,-42.24
153,0,8.16,-7.666,-42.63
153,0,8.2,-10.36,-45.4
153,0,8.24,-11.082,-46.19
153,0,8.28,-13.134,-48.31
153,0,8.32,-14.996,-50.24
153,0,8.36,-18.798,-54.11
153,0,8.4,-19.56,-54.94
153,0,8.44,-19.842,-55.43
153,0,8.48,-19.524,-55.32
153,0,8.52,-18.704,-54.73
153,0,8.56,-18.502,-54.78
153,0,8.6,-18.03,-54.56
153,0,8.64,-17.264,-54.11
153,0,8.68,-17.488,-54.65
153,0,8.72,-15.438,-52.74
153,0,8.76,-14.324,-51.59
153,0,8.8,-15.13,-52.36
153,0,8.84,-14.594,-51.78
153,0,8.88,-15.548,-52.69
153,0,8.92,-16.674,-53.88
153,0,8.96,-15.812,-53.19
153,0,9,-14.59,-52.14
153,0,9.04,-15.234,-53.02
153,0,9.08,-12.808,-50.83
153,0,9.12,-12.456,-50.74
153,0,9.16,-12.078,-50.65
153,0,9.2,-12.18,-51.04
153,0,9.24,-12.9,-51.5
153,0,9.28,-13.92,-52.26
153,0,9.32,-13.818,-51.98
153,0,9.36,-13.944,-52.01
153,0,9.4,-15.04,-53.01
153,0,9.44,-15.134,-53.24
153,0,9.48,-13.028,-51.27
153,0,9.52,-11.422,-49.8
153,0,9.56,-12.866,-51.38
153,0,9.6,-13.87,-52.52
153,0,9.64,-13.16,-51.93
153,0,9.68,-12.94,-51.83
153,0,9.72,-13.358,-52.34
153,0,9.76,-13.024,-52.07
153,0,9.8,-13.51,-52.62
153,0,9.84,-14.586,-53.7
153,0,9.88,-14.292,-53.41
153,0,9.92,-15.91,-55.02
153,0,9.96,-16.3,-55.39
153,0,10,-15.26,-54.33
153,0,10.04,-13.444,-52.69
153,0,10.08,-12.478,-51.9
153,0,10.12,-13.316,-52.87
153,0,10.16,-13.978,-53.62
153,0,10.2,-12.05,-51.78
153,0,10.24,-11.742,-51.44
153,0,10.28,-12.464,-52.13
153,0,10.32,-13.702,-53.33
153,0,10.36,-13.236,-52.82
153,0,10.4,-13.64,-53.18
153,0,10.44,-11.554,-51.09
153,0,10.48,-10.558,-50.09
153,0,10.52,-10.492,-50.1
153,0,10.56,-9.846,-49.61
153,0,10.6,-10.71,-50.63
153,0,10.64,-11.388,-51.4
153,0,10.68,-12.756,-52.86
153,0,10.72,-12.936,-53.11
153,0,10.76,-12.218,-52.44
153,0,10.8,-11.59,-51.86
153,0,10.84,-12.71,-52.88
153,0,10.88,-12.31,-52.38
153,0,10.92,-10.592,-50.6
153,0,10.96,-8.316,-48.3
153,0,11,-6.95,-46.91
153,0,11.04,-6.76600000000001,-46.83
153,0,11.08,-6.802,-46.97
153,0,11.12,-6.096,-46.34
153,0,11.16,-5.468,-45.76
153,0,11.2,-5.2,-45.54
153,0,11.24,-5.218,-45.61
153,0,11.28,-5.806,-46.25
153,0,11.32,-6.66399999999999,-47.18
153,0,11.36,-6.742,-47.35
153,0,11.4,-6.83,-47.53
153,0,11.44,-6.772,-47.52
153,0,11.48,-5.96399999999999,-46.76
153,0,11.52,-5.57999999999999,-46.41
153,0,11.56,-5.63,-46.48
153,0,11.6,-4.79,-45.66
153,0,11.64,-3.826,-44.78
153,0,11.68,-2.52200000000001,-43.56
153,0,11.72,-2.668,-43.76
153,0,11.76,-2.704,-43.82
153,0,11.8,-3.23,-44.37
153,0,11.84,-2.546,-43.63
153,0,11.88,-1.022,-42.05
153,0,11.92,-0.214000000000006,-41.34
153,0,11.96,0.408000000000008,-40.97
153,0,12,-0.339999999999996,-41.97
154,0,8,-7.29,-41.91
154,0,8.04,-6.63800000000001,-41.35
154,0,8.08,-6.126,-40.93
154,0,8.12,-6.02199999999999,-40.91
154,0,8.16,-6.796,-41.76
154,0,8.2,-9.18,-44.22
154,0,8.24,-10.592,-45.7
154,0,8.28,-13.714,-48.89
154,0,8.32,-16.956,-52.2
154,0,8.36,-23.098,-58.41
154,0,8.4,-29.4,-64.78
154,0,8.44,-22.382,-57.97
154,0,8.48,-20.174,-55.97
154,0,8.52,-17.744,-53.77
154,0,8.56,-17.982,-54.26
154,0,8.6,-16.19,-52.72
154,0,8.64,-16.344,-53.19
154,0,8.68,-15.648,-52.81
154,0,8.72,-15.158,-52.46
154,0,8.76,-13.024,-50.29
154,0,8.8,-13.55,-50.78
154,0,8.84,-12.204,-49.39
154,0,8.88,-13.238,-50.38
154,0,8.92,-15.374,-52.58
154,0,8.96,-15.262,-52.64
154,0,9,-14.81,-52.36
154,0,9.04,-14.924,-52.71
154,0,9.08,-13.028,-51.05
154,0,9.12,-13.186,-51.47
154,0,9.16,-12.798,-51.37
154,0,9.2,-12.86,-51.72
154,0,9.24,-13.38,-51.98
154,0,9.28,-13.56,-51.9
154,0,9.32,-13.638,-51.8
154,0,9.36,-11.754,-49.82
154,0,9.4,-12.94,-50.91
154,0,9.44,-12.894,-51
154,0,9.48,-11.738,-49.98
154,0,9.52,-11.752,-50.13
154,0,9.56,-13.026,-51.54
154,0,9.6,-13.99,-52.64
154,0,9.64,-13.5,-52.27
154,0,9.68,-14.08,-52.97
154,0,9.72,-14.098,-53.08
154,0,9.76,-14.474,-53.52
154,0,9.8,-14.3,-53.41
154,0,9.84,-14.706,-53.82
154,0,9.88,-14.212,-53.33
154,0,9.92,-14.18,-53.29
154,0,9.96,-13.7,-52.79
154,0,10,-12.78,-51.85
154,0,10.04,-12.034,-51.28
154,0,10.08,-12.218,-51.64
154,0,10.12,-13.626,-53.18
154,0,10.16,-13.148,-52.79
154,0,10.2,-11.19,-50.92
154,0,10.24,-12.042,-51.74
154,0,10.28,-13.004,-52.67
154,0,10.32,-14.292,-53.92
154,0,10.36,-13.916,-53.5
154,0,10.4,-12.49,-52.03
154,0,10.44,-11.984,-51.52
154,0,10.48,-9.97799999999999,-49.51
154,0,10.52,-9.87199999999999,-49.48
154,0,10.56,-9.736,-49.5
154,0,10.6,-10.64,-50.56
154,0,10.64,-11.878,-51.89
154,0,10.68,-12.366,-52.47
154,0,10.72,-12.356,-52.53
154,0,10.76,-11.528,-51.75
154,0,10.8,-10.91,-51.18
154,0,10.84,-10.4,-50.57
154,0,10.88,-9.95999999999999,-50.03
154,0,10.92,-8.15199999999999,-48.16
154,0,10.96,-6.17599999999999,-46.16
154,0,11,-5.54,-45.5
154,0,11.04,-5.51600000000001,-45.58
154,0,11.08,-6.192,-46.36
154,0,11.12,-5.206,-45.45
154,0,11.16,-5.528,-45.82
154,0,11.2,-5.77999999999999,-46.12
154,0,11.24,-6.328,-46.72
154,0,11.28,-6.396,-46.84
154,0,11.32,-7.154,-47.67
154,0,11.36,-6.092,-46.7
154,0,11.4,-5.91,-46.61
154,0,11.44,-5.392,-46.14
154,0,11.48,-5.06399999999999,-45.86
154,0,11.52,-4.59,-45.42
154,0,11.56,-4.60000000000001,-45.45
154,0,11.6,-4.1,-44.97
154,0,11.64,-3.206,-44.16
154,0,11.68,-1.722,-42.76
154,0,11.72,-1.158,-42.25
154,0,11.76,-0.984000000000002,-42.1
154,0,11.8,-1.17,-42.31
154,0,11.84,-0.485999999999997,-41.57
154,0,11.88,0.728000000000002,-40.3
154,0,11.92,1.60599999999999,-39.52
154,0,11.96,1.94800000000001,-39.43
154,0,12,1.46,-40.17
155,0,8,-7.03,-41.65
155,0,8.04,-6.20800000000001,-40.92
155,0,8.08,-5.566,-40.37
155,0,8.12,-5.422,-40.31
155,0,8.16,-6.466,-41.43
155,0,8.2,-9.11,-44.15
155,0,8.24,-10.712,-45.82
155,0,8.28,-14.584,-49.76
155,0,8.32,-19.736,-54.98
155,0,8.36,-32.888,-68.2
155,0,8.4,-24.8,-60.18
155,0,8.44,-19.682,-55.27
155,0,8.48,-16.194,-51.99
155,0,8.52,-15.484,-51.51
155,0,8.56,-13.982,-50.26
155,0,8.6,-14.32,-50.85
155,0,8.64,-13.704,-50.55
155,0,8.68,-13.378,-50.54
155,0,8.72,-13.598,-50.9
155,0,8.76,-12.904,-50.17
155,0,8.8,-12.11,-49.34
155,0,8.84,-11.234,-48.42
155,0,8.88,-12.718,-49.86
155,0,8.92,-16.024,-53.23
155,0,8.96,-17.042,-54.42
155,0,9,-15.46,-53.01
155,0,9.04,-15.794,-53.58
155,0,9.08,-12.248,-50.27
155,0,9.12,-13.166,-51.45
155,0,9.16,-12.348,-50.92
155,0,9.2,-12.51,-51.37
155,0,9.24,-12.61,-51.21
155,0,9.28,-12.15,-50.49
155,0,9.32,-11.408,-49.57
155,0,9.36,-10.734,-48.8
155,0,9.4,-11.61,-49.58
155,0,9.44,-12.414,-50.52
155,0,9.48,-12.538,-50.78
155,0,9.52,-11.452,-49.83
155,0,9.56,-12.226,-50.74
155,0,9.6,-14.05,-52.7
155,0,9.64,-13.82,-52.59
155,0,9.68,-13.93,-52.82
155,0,9.72,-14.458,-53.44
155,0,9.76,-14.694,-53.74
155,0,9.8,-14.95,-54.06
155,0,9.84,-13.046,-52.16
155,0,9.88,-12.222,-51.34
155,0,9.92,-11.79,-50.9
155,0,9.96,-12.21,-51.3
155,0,10,-11.82,-50.89
155,0,10.04,-11.624,-50.87
155,0,10.08,-11.148,-50.57
155,0,10.12,-12.476,-52.03
155,0,10.16,-13.848,-53.49
155,0,10.2,-13.31,-53.04
155,0,10.24,-14.662,-54.36
155,0,10.28,-13.594,-53.26
155,0,10.32,-13.922,-53.55
155,0,10.36,-13.636,-53.22
155,0,10.4,-12.08,-51.62
155,0,10.44,-10.614,-50.15
155,0,10.48,-9.968,-49.5
155,0,10.52,-9.812,-49.42
155,0,10.56,-9.616,-49.38
155,0,10.6,-10.65,-50.57
155,0,10.64,-11.548,-51.56
155,0,10.68,-12.716,-52.82
155,0,10.72,-11.396,-51.57
155,0,10.76,-9.628,-49.85
155,0,10.8,-8.37,-48.64
155,0,10.84,-8.56,-48.73
155,0,10.88,-8.13,-48.2
155,0,10.92,-7.04199999999999,-47.05
155,0,10.96,-5.896,-45.88
155,0,11,-5.07,-45.03
155,0,11.04,-5.11600000000001,-45.18
155,0,11.08,-5.602,-45.77
155,0,11.12,-5.736,-45.98
155,0,11.16,-5.318,-45.61
155,0,11.2,-6.13999999999999,-46.48
155,0,11.24,-6.328,-46.72
155,0,11.28,-6.266,-46.71
155,0,11.32,-6.09399999999999,-46.61
155,0,11.36,-5.142,-45.75
155,0,11.4,-5.32,-46.02
155,0,11.44,-4.492,-45.24
155,0,11.48,-3.50399999999999,-44.3
155,0,11.52,-3.41999999999999,-44.25
155,0,11.56,-3.32000000000001,-44.17
155,0,11.6,-2.41,-43.28
155,0,11.64,-1.566,-42.52
155,0,11.68,-0.152000000000001,-41.19
155,0,11.72,0.631999999999998,-40.46
155,0,11.76,0.845999999999997,-40.27
155,0,11.8,0.549999999999997,-40.59
155,0,11.84,1.264,-39.82
155,0,11.88,2.508,-38.52
155,0,11.92,3.256,-37.87
155,0,11.96,3.83800000000001,-37.54
155,0,12,3.15000000000001,-38.48
156,0,8,-7.02,-41.64
156,0,8.04,-6.318,-41.03
156,0,8.08,-5.806,-40.61
156,0,8.12,-5.87199999999999,-40.76
156,0,8.16,-6.716,-41.68
156,0,8.2,-9.87,-44.91
156,0,8.24,-11.742,-46.85
156,0,8.28,-15.774,-50.95
156,0,8.32,-18.946,-54.19
156,0,8.36,-19.628,-54.94
156,0,8.4,-15.84,-51.22
156,0,8.44,-14.122,-49.71
156,0,8.48,-13.194,-48.99
156,0,8.52,-12.794,-48.82
156,0,8.56,-12.282,-48.56
156,0,8.6,-11.73,-48.26
156,0,8.64,-12.524,-49.37
156,0,8.68,-12.208,-49.37
156,0,8.72,-13.248,-50.55
156,0,8.76,-12.764,-50.03
156,0,8.8,-13.18,-50.41
156,0,8.84,-12.024,-49.21
156,0,8.88,-14.048,-51.19
156,0,8.92,-16.274,-53.48
156,0,8.96,-17.912,-55.29
156,0,9,-16.01,-53.56
156,0,9.04,-14.754,-52.54
156,0,9.08,-12.168,-50.19
156,0,9.12,-12.606,-50.89
156,0,9.16,-12.628,-51.2
156,0,9.2,-12.5,-51.36
156,0,9.24,-11.88,-50.48
156,0,9.28,-12.2,-50.54
156,0,9.32,-11.468,-49.63
156,0,9.36,-11.264,-49.33
156,0,9.4,-11.85,-49.82
156,0,9.44,-12.854,-50.96
156,0,9.48,-12.788,-51.03
156,0,9.52,-11.622,-50
156,0,9.56,-11.166,-49.68
156,0,9.6,-12.99,-51.64
156,0,9.64,-12.57,-51.34
156,0,9.68,-14,-52.89
156,0,9.72,-14.838,-53.82
156,0,9.76,-14.164,-53.21
156,0,9.8,-12.56,-51.67
156,0,9.84,-11.586,-50.7
156,0,9.88,-11.932,-51.05
156,0,9.92,-11.92,-51.03
156,0,9.96,-11.88,-50.97
156,0,10,-13.07,-52.14
156,0,10.04,-13.174,-52.42
156,0,10.08,-12.908,-52.33
156,0,10.12,-13.766,-53.32
156,0,10.16,-15.418,-55.06
156,0,10.2,-14.48,-54.21
156,0,10.24,-13.592,-53.29
156,0,10.28,-12.284,-51.95
156,0,10.32,-12.202,-51.83
156,0,10.36,-12.096,-51.68
156,0,10.4,-10.4,-49.94
156,0,10.44,-10.134,-49.67
156,0,10.48,-9.418,-48.95
156,0,10.52,-9.76199999999999,-49.37
156,0,10.56,-9.946,-49.71
156,0,10.6,-10.35,-50.27
156,0,10.64,-10.888,-50.9
156,0,10.68,-10.336,-50.44
156,0,10.72,-8.896,-49.07
156,0,10.76,-7.238,-47.46
156,0,10.8,-6.79,-47.06
156,0,10.84,-6.85,-47.02
156,0,10.88,-6.97999999999999,-47.05
156,0,10.92,-6.92199999999999,-46.93
156,0,10.96,-5.766,-45.75
156,0,11,-5.25,-45.21
156,0,11.04,-5.35600000000001,-45.42
156,0,11.08,-6.372,-46.54
156,0,11.12,-5.556,-45.8
156,0,11.16,-5.818,-46.11
156,0,11.2,-5.79,-46.13
156,0,11.24,-6.198,-46.59
156,0,11.28,-6.28599999999999,-46.73
156,0,11.32,-5.334,-45.85
156,0,11.36,-4.382,-44.99
156,0,11.4,-3.73999999999999,-44.44
156,0,11.44,-2.69199999999999,-43.44
156,0,11.48,-1.43399999999999,-42.23
156,0,11.52,-1.37,-42.2
156,0,11.56,-1.33000000000001,-42.18
156,0,11.6,-0.450000000000003,-41.32
156,0,11.64,0.253999999999998,-40.7
156,0,11.68,1.828,-39.21
156,0,11.72,2.372,-38.72
156,0,11.76,2.636,-38.48
156,0,11.8,2.14,-39
156,0,11.84,2.814,-38.27
156,0,11.88,3.658,-37.37
156,0,11.92,4.066,-37.06
156,0,11.96,4.34800000000001,-37.03
156,0,12,3.64,-37.99
157,0,8,-7.35,-41.97
157,0,8.04,-6.798,-41.51
157,0,8.08,-6.626,-41.43
157,0,8.12,-6.932,-41.82
157,0,8.16,-7.766,-42.73
157,0,8.2,-10.91,-45.95
157,0,8.24,-13.032,-48.14
157,0,8.28,-15.484,-50.66
157,0,8.32,-14.116,-49.36
157,0,8.36,-13.268,-48.58
157,0,8.4,-11.84,-47.22
157,0,8.44,-11.022,-46.61
157,0,8.48,-10.724,-46.52
157,0,8.52,-10.254,-46.28
157,0,8.56,-10.722,-47
157,0,8.6,-10.84,-47.37
157,0,8.64,-11.214,-48.06
157,0,8.68,-12.228,-49.39
157,0,8.72,-13.778,-51.08
157,0,8.76,-13.664,-50.93
157,0,8.8,-14.65,-51.88
157,0,8.84,-14.374,-51.56
157,0,8.88,-15.358,-52.5
157,0,8.92,-16.344,-53.55
157,0,8.96,-16.692,-54.07
157,0,9,-15.31,-52.86
157,0,9.04,-13.214,-51
157,0,9.08,-10.878,-48.9
157,0,9.12,-11.456,-49.74
157,0,9.16,-11.748,-50.32
157,0,9.2,-11.07,-49.93
157,0,9.24,-10.75,-49.35
157,0,9.28,-11.72,-50.06
157,0,9.32,-11.638,-49.8
157,0,9.36,-10.714,-48.78
157,0,9.4,-11.87,-49.84
157,0,9.44,-12.204,-50.31
157,0,9.48,-12.698,-50.94
157,0,9.52,-10.952,-49.33
157,0,9.56,-11.236,-49.75
157,0,9.6,-11.9,-50.55
157,0,9.64,-11.9,-50.67
157,0,9.68,-13.77,-52.66
157,0,9.72,-13.848,-52.83
157,0,9.76,-13.804,-52.85
157,0,9.8,-12.86,-51.97
157,0,9.84,-11.676,-50.79
157,0,9.88,-11.852,-50.97
157,0,9.92,-13.25,-52.36
157,0,9.96,-12.71,-51.8
157,0,10,-13.51,-52.58
157,0,10.04,-13.204,-52.45
157,0,10.08,-12.578,-52
157,0,10.12,-13.336,-52.89
157,0,10.16,-14.598,-54.24
157,0,10.2,-12.84,-52.57
157,0,10.24,-12.062,-51.76
157,0,10.28,-10.844,-50.51
157,0,10.32,-10.922,-50.55
157,0,10.36,-10.246,-49.83
157,0,10.4,-10.26,-49.8
157,0,10.44,-9.594,-49.13
157,0,10.48,-9.858,-49.39
157,0,10.52,-9.822,-49.43
157,0,10.56,-9.35599999999999,-49.12
157,0,10.6,-8.9,-48.82
157,0,10.64,-9.588,-49.6
157,0,10.68,-8.566,-48.67
157,0,10.72,-6.896,-47.07
157,0,10.76,-6.018,-46.24
157,0,10.8,-5.69,-45.96
157,0,10.84,-6.23,-46.4
157,0,10.88,-6.88999999999999,-46.96
157,0,10.92,-6.77199999999999,-46.78
157,0,10.96,-6.456,-46.44
157,0,11,-5.65,-45.61
157,0,11.04,-5.72600000000001,-45.79
157,0,11.08,-6.412,-46.58
157,0,11.12,-6.026,-46.27
157,0,11.16,-5.788,-46.08
157,0,11.2,-5.7,-46.04
157,0,11.24,-5.558,-45.95
157,0,11.28,-4.746,-45.19
157,0,11.32,-3.364,-43.88
157,0,11.36,-1.76199999999999,-42.37
157,0,11.4,-1.15,-41.85
157,0,11.44,-0.131999999999998,-40.88
157,0,11.48,0.506000000000007,-40.29
157,0,11.52,0.700000000000003,-40.13
157,0,11.56,0.729999999999997,-40.12
157,0,11.6,1.5,-39.37
157,0,11.64,2.214,-38.74
157,0,11.68,3.61799999999999,-37.42
157,0,11.72,3.832,-37.26
157,0,11.76,3.796,-37.32
157,0,11.8,3.25,-37.89
157,0,11.84,3.314,-37.77
157,0,11.88,3.978,-37.05
157,0,11.92,4.316,-36.81
157,0,11.96,4.19800000000001,-37.18
157,0,12,3.33000000000001,-38.3
158,0,8,-7.84,-42.46
158,0,8.04,-7.77800000000001,-42.49
158,0,8.08,-7.556,-42.36
158,0,8.12,-8.182,-43.07
158,0,8.16,-9.016,-43.98
158,0,8.2,-12.61,-47.65
158,0,8.24,-13.612,-48.72
158,0,8.28,-13.264,-48.44
158,0,8.32,-10.876,-46.12
158,0,8.36,-9.478,-44.79
158,0,8.4,-9.4,-44.78
158,0,8.44,-8.672,-44.26
158,0,8.48,-8.724,-44.52
158,0,8.52,-8.954,-44.98
158,0,8.56,-9.98199999999999,-46.26
158,0,8.6,-9.97,-46.5
158,0,8.64,-11.594,-48.44
158,0,8.68,-13.188,-50.35
158,0,8.72,-15.648,-52.95
158,0,8.76,-16.234,-53.5
158,0,8.8,-17.08,-54.31
158,0,8.84,-15.914,-53.1
158,0,8.88,-15.758,-52.9
158,0,8.92,-16.634,-53.84
158,0,8.96,-15.642,-53.02
158,0,9,-13.26,-50.81
158,0,9.04,-11.934,-49.72
158,0,9.08,-9.818,-47.84
158,0,9.12,-10.766,-49.05
158,0,9.16,-10.558,-49.13
158,0,9.2,-10.38,-49.24
158,0,9.24,-10.55,-49.15
158,0,9.28,-11.48,-49.82
158,0,9.32,-11.258,-49.42
158,0,9.36,-11.284,-49.35
158,0,9.4,-12.33,-50.3
158,0,9.44,-12.374,-50.48
158,0,9.48,-11.198,-49.44
158,0,9.52,-11.012,-49.39
158,0,9.56,-10.386,-48.9
158,0,9.6,-11.7,-50.35
158,0,9.64,-11.47,-50.24
158,0,9.68,-12.78,-51.67
158,0,9.72,-12.898,-51.88
158,0,9.76,-13.314,-52.36
158,0,9.8,-12.41,-51.52
158,0,9.84,-12.096,-51.21
158,0,9.88,-12.492,-51.61
158,0,9.92,-13.54,-52.65
158,0,9.96,-14.23,-53.32
158,0,10,-13.34,-52.41
158,0,10.04,-13.784,-53.03
158,0,10.08,-11.728,-51.15
158,0,10.12,-12.866,-52.42
158,0,10.16,-12.678,-52.32
158,0,10.2,-12.34,-52.07
158,0,10.24,-10.722,-50.42
158,0,10.28,-10.614,-50.28
158,0,10.32,-10.132,-49.76
158,0,10.36,-10.136,-49.72
158,0,10.4,-9.53,-49.07
158,0,10.44,-9.254,-48.79
158,0,10.48,-9.15799999999999,-48.69
158,0,10.52,-9.08199999999999,-48.69
158,0,10.56,-8.016,-47.78
158,0,10.6,-7.63,-47.55
158,0,10.64,-7.468,-47.48
158,0,10.68,-6.996,-47.1
158,0,10.72,-6.076,-46.25
158,0,10.76,-5.458,-45.68
158,0,10.8,-5.82,-46.09
158,0,10.84,-6.86,-47.03
158,0,10.88,-7.43999999999999,-47.51
158,0,10.92,-7.19199999999999,-47.2
158,0,10.96,-6.396,-46.38
158,0,11,-5.72,-45.68
158,0,11.04,-5.876,-45.94
158,0,11.08,-6.452,-46.62
158,0,11.12,-5.406,-45.65
158,0,11.16,-4.238,-44.53
158,0,11.2,-3.58,-43.92
158,0,11.24,-2.738,-43.13
158,0,11.28,-1.346,-41.79
158,0,11.32,-0.353999999999992,-40.87
158,0,11.36,0.738000000000007,-39.87
158,0,11.4,1.07,-39.63
158,0,11.44,1.538,-39.21
158,0,11.48,2.32600000000001,-38.47
158,0,11.52,2.32000000000001,-38.51
158,0,11.56,2.24999999999999,-38.6
158,0,11.6,2.86,-38.01
158,0,11.64,3.304,-37.65
158,0,11.68,4.418,-36.62
158,0,11.72,4.652,-36.44
158,0,11.76,4.356,-36.76
158,0,11.8,3.59,-37.55
158,0,11.84,3.654,-37.43
158,0,11.88,4.108,-36.92
158,0,11.92,4.116,-37.01
158,0,11.96,3.90800000000001,-37.47
158,0,12,2.85,-38.78
159,0,8,-8.34,-42.96
159,0,8.04,-8.38800000000001,-43.1
159,0,8.08,-8.796,-43.6
159,0,8.12,-9.642,-44.53
159,0,8.16,-11.166,-46.13
159,0,8.2,-14.1,-49.14
159,0,8.24,-14.012,-49.12
159,0,8.28,-11.524,-46.7
159,0,8.32,-8.746,-43.99
159,0,8.36,-8.248,-43.56
159,0,8.4,-7.47,-42.85
159,0,8.44,-7.462,-43.05
159,0,8.48,-7.604,-43.4
159,0,8.52,-8.334,-44.36
159,0,8.56,-9.532,-45.81
159,0,8.6,-10.77,-47.3
159,0,8.64,-13.264,-50.11
159,0,8.68,-15.408,-52.57
159,0,8.72,-17.988,-55.29
159,0,8.76,-18.794,-56.06
159,0,8.8,-17.55,-54.78
159,0,8.84,-14.074,-51.26
159,0,8.88,-13.808,-50.95
159,0,8.92,-14.494,-51.7
159,0,8.96,-14.342,-51.72
159,0,9,-11.33,-48.88
159,0,9.04,-10.614,-48.4
159,0,9.08,-8.48799999999999,-46.51
159,0,9.12,-9.546,-47.83
159,0,9.16,-9.36799999999999,-47.94
159,0,9.2,-9.73,-48.59
159,0,9.24,-10.4,-49
159,0,9.28,-10.94,-49.28
159,0,9.32,-11.688,-49.85
159,0,9.36,-11.224,-49.29
159,0,9.4,-12.82,-50.79
159,0,9.44,-12.474,-50.58
159,0,9.48,-11.418,-49.66
159,0,9.52,-10.162,-48.54
159,0,9.56,-10.066,-48.58
159,0,9.6,-11.5,-50.15
159,0,9.64,-11.32,-50.09
159,0,9.68,-11.81,-50.7
159,0,9.72,-12.248,-51.23
159,0,9.76,-13.364,-52.41
159,0,9.8,-12.54,-51.65
159,0,9.84,-12.666,-51.78
159,0,9.88,-13.082,-52.2
159,0,9.92,-13.83,-52.94
159,0,9.96,-14.06,-53.15
159,0,10,-14.6,-53.67
159,0,10.04,-14.564,-53.81
159,0,10.08,-12.298,-51.72
159,0,10.12,-11.716,-51.27
159,0,10.16,-11.708,-51.35
159,0,10.2,-9.57,-49.3
159,0,10.24,-9.13200000000001,-48.83
159,0,10.28,-8.944,-48.61
159,0,10.32,-9.562,-49.19
159,0,10.36,-10.026,-49.61
159,0,10.4,-9.12,-48.66
159,0,10.44,-8.884,-48.42
159,0,10.48,-8.348,-47.88
159,0,10.52,-8.982,-48.59
159,0,10.56,-7.806,-47.57
159,0,10.6,-7.21,-47.13
159,0,10.64,-7.248,-47.26
159,0,10.68,-6.82599999999999,-46.93
159,0,10.72,-6.396,-46.57
159,0,10.76,-5.328,-45.55
159,0,10.8,-6.13999999999999,-46.41
159,0,10.84,-7.22,-47.39
159,0,10.88,-6.96999999999999,-47.04
159,0,10.92,-6.45199999999999,-46.46
159,0,10.96,-5.356,-45.34
159,0,11,-4.92,-44.88
159,0,11.04,-4.39600000000001,-44.46
159,0,11.08,-4.462,-44.63
159,0,11.12,-2.856,-43.1
159,0,11.16,-1.668,-41.96
159,0,11.2,-0.849999999999994,-41.19
159,0,11.24,0.0820000000000007,-40.31
159,0,11.28,1.244,-39.2
159,0,11.32,1.68600000000001,-38.83
159,0,11.36,2.20800000000001,-38.4
159,0,11.4,2.37,-38.33
159,0,11.44,2.868,-37.88
159,0,11.48,3.306,-37.49
159,0,11.52,3.15000000000001,-37.68
159,0,11.56,3.03999999999999,-37.81
159,0,11.6,3.54,-37.33
159,0,11.64,3.934,-37.02
159,0,11.68,4.878,-36.16
159,0,11.72,4.832,-36.26
159,0,11.76,4.426,-36.69
159,0,11.8,3.55,-37.59
159,0,11.84,3.584,-37.5
159,0,11.88,3.738,-37.29
159,0,11.92,3.826,-37.3
159,0,11.96,3.51800000000001,-37.86
159,0,12,2.41,-39.22
160,0,8,-9.12,-43.74
160,0,8.04,-9.45800000000001,-44.17
160,0,8.08,-10.546,-45.35
160,0,8.12,-12.042,-46.93
160,0,8.16,-13.296,-48.26
160,0,8.2,-14.81,-49.85
160,0,8.24,-13.072,-48.18
160,0,8.28,-10.324,-45.5
160,0,8.32,-7.796,-43.04
160,0,8.36,-6.858,-42.17
160,0,8.4,-6.83,-42.21
160,0,8.44,-6.562,-42.15
160,0,8.48,-7.324,-43.12
160,0,8.52,-8.124,-44.15
160,0,8.56,-10.102,-46.38
160,0,8.6,-12.42,-48.95
160,0,8.64,-16.724,-53.57
160,0,8.68,-18.508,-55.67
160,0,8.72,-21.178,-58.48
160,0,8.76,-17.664,-54.93
160,0,8.8,-15.38,-52.61
160,0,8.84,-12.444,-49.63
160,0,8.88,-12.738,-49.88
160,0,8.92,-12.514,-49.72
160,0,8.96,-11.972,-49.35
160,0,9,-9.82,-47.37
160,0,9.04,-9.864,-47.65
160,0,9.08,-8.068,-46.09
160,0,9.12,-8.456,-46.74
160,0,9.16,-8.898,-47.47
160,0,9.2,-9.25,-48.11
160,0,9.24,-10.42,-49.02
160,0,9.28,-11.23,-49.57
160,0,9.32,-11.968,-50.13
160,0,9.36,-12.004,-50.07
160,0,9.4,-12.83,-50.8
160,0,9.44,-13.064,-51.17
160,0,9.48,-11.518,-49.76
160,0,9.52,-9.972,-48.35
160,0,9.56,-10.086,-48.6
160,0,9.6,-11.3,-49.95
160,0,9.64,-10.38,-49.15
160,0,9.68,-11.03,-49.92
160,0,9.72,-12.368,-51.35
160,0,9.76,-12.624,-51.67
160,0,9.8,-12.6,-51.71
160,0,9.84,-12.966,-52.08
160,0,9.88,-14.792,-53.91
160,0,9.92,-14.51,-53.62
160,0,9.96,-14.88,-53.97
160,0,10,-14.86,-53.93
160,0,10.04,-13.844,-53.09
160,0,10.08,-10.808,-50.23
160,0,10.12,-10.686,-50.24
160,0,10.16,-9.728,-49.37
160,0,10.2,-8.86000000000001,-48.59
160,0,10.24,-7.45200000000001,-47.15
160,0,10.28,-7.874,-47.54
160,0,10.32,-9.212,-48.84
160,0,10.36,-9.946,-49.53
160,0,10.4,-9.36,-48.9
160,0,10.44,-8.734,-48.27
160,0,10.48,-8.08799999999999,-47.62
160,0,10.52,-8.522,-48.13
160,0,10.56,-7.21599999999999,-46.98
160,0,10.6,-6.97,-46.89
160,0,10.64,-7.118,-47.13
160,0,10.68,-6.886,-46.99
160,0,10.72,-5.976,-46.15
160,0,10.76,-5.508,-45.73
160,0,10.8,-6.01,-46.28
160,0,10.84,-6.42,-46.59
160,0,10.88,-5.27999999999999,-45.35
160,0,10.92,-4.55199999999999,-44.56
160,0,10.96,-3.196,-43.18
160,0,11,-2.8,-42.76
160,0,11.04,-2.416,-42.48
160,0,11.08,-2.082,-42.25
160,0,11.12,-0.356000000000002,-40.6
160,0,11.16,0.802,-39.49
160,0,11.2,1.47000000000001,-38.87
160,0,11.24,2.072,-38.32
160,0,11.28,2.64400000000001,-37.8
160,0,11.32,2.72600000000001,-37.79
160,0,11.36,3.048,-37.56
160,0,11.4,3.25,-37.45
160,0,11.44,3.88800000000001,-36.86
160,0,11.48,4.21600000000001,-36.58
160,0,11.52,4.02,-36.81
160,0,11.56,3.88,-36.97
160,0,11.6,4.15,-36.72
160,0,11.64,4.244,-36.71
160,0,11.68,4.888,-36.15
160,0,11.72,4.982,-36.11
160,0,11.76,4.346,-36.77
160,0,11.8,3.4,-37.74
160,0,11.84,3.03400000000001,-38.05
160,0,11.88,3.208,-37.82
160,0,11.92,3.266,-37.86
160,0,11.96,3.08800000000001,-38.29
160,0,12,1.92,-39.71
161,0,8,-10.75,-45.37
161,0,8.04,-11.638,-46.35
161,0,8.08,-12.846,-47.65
161,0,8.12,-15.372,-50.26
161,0,8.16,-14.986,-49.95
161,0,8.2,-13.66,-48.7
161,0,8.24,-11.072,-46.18
161,0,8.28,-9.224,-44.4
161,0,8.32,-6.856,-42.1
161,0,8.36,-6.408,-41.72
161,0,8.4,-6,-41.38
161,0,8.44,-6.472,-42.06
161,0,8.48,-7.374,-43.17
161,0,8.52,-8.664,-44.69
161,0,8.56,-11.352,-47.63
161,0,8.6,-15.61,-52.14
161,0,8.64,-25.824,-62.67
161,0,8.68,-25.618,-62.78
161,0,8.72,-19.318,-56.62
161,0,8.76,-15.194,-52.46
161,0,8.8,-12.96,-50.19
161,0,8.84,-11.414,-48.6
161,0,8.88,-11.148,-48.29
161,0,8.92,-10.934,-48.14
161,0,8.96,-10.202,-47.58
161,0,9,-8.8,-46.35
161,0,9.04,-8.794,-46.58
161,0,9.08,-7.438,-45.46
161,0,9.12,-8.716,-47
161,0,9.16,-8.54799999999999,-47.12
161,0,9.2,-9.53,-48.39
161,0,9.24,-9.76000000000001,-48.36
161,0,9.28,-11.3,-49.64
161,0,9.32,-11.568,-49.73
161,0,9.36,-12.014,-50.08
161,0,9.4,-13.09,-51.06
161,0,9.44,-13.034,-51.14
161,0,9.48,-11.608,-49.85
161,0,9.52,-9.432,-47.81
161,0,9.56,-9.096,-47.61
161,0,9.6,-10.45,-49.1
161,0,9.64,-10.37,-49.14
161,0,9.68,-11.56,-50.45
161,0,9.72,-12.498,-51.48
161,0,9.76,-13.204,-52.25
161,0,9.8,-12.4,-51.51
161,0,9.84,-13.526,-52.64
161,0,9.88,-15.202,-54.32
161,0,9.92,-14.02,-53.13
161,0,9.96,-14.45,-53.54
161,0,10,-13.31,-52.38
161,0,10.04,-11.294,-50.54
161,0,10.08,-9.398,-48.82
161,0,10.12,-8.806,-48.36
161,0,10.16,-8.288,-47.93
161,0,10.2,-7.57,-47.3
161,0,10.24,-7.14200000000001,-46.84
161,0,10.28,-7.444,-47.11
161,0,10.32,-9.792,-49.42
161,0,10.36,-9.82599999999999,-49.41
161,0,10.4,-9.53,-49.07
161,0,10.44,-8.814,-48.35
161,0,10.48,-8.15799999999999,-47.69
161,0,10.52,-7.522,-47.13
161,0,10.56,-6.67599999999999,-46.44
161,0,10.6,-6.02,-45.94
161,0,10.64,-6.398,-46.41
161,0,10.68,-6.18599999999999,-46.29
161,0,10.72,-5.716,-45.89
161,0,10.76,-4.388,-44.61
161,0,10.8,-4.27999999999999,-44.55
161,0,10.84,-4.17,-44.34
161,0,10.88,-3.67999999999999,-43.75
161,0,10.92,-2.75199999999999,-42.76
161,0,10.96,-1.446,-41.43
161,0,11,-0.75,-40.71
161,0,11.04,-0.356000000000009,-40.42
161,0,11.08,-0.102000000000004,-40.27
161,0,11.12,1.624,-38.62
161,0,11.16,2.552,-37.74
161,0,11.2,3.03,-37.31
161,0,11.24,3.242,-37.15
161,0,11.28,3.694,-36.75
161,0,11.32,3.82600000000001,-36.69
161,0,11.36,4.108,-36.5
161,0,11.4,4.34,-36.36
161,0,11.44,4.798,-35.95
161,0,11.48,5.04600000000001,-35.75
161,0,11.52,4.71000000000001,-36.12
161,0,11.56,4.21999999999999,-36.63
161,0,11.6,4.22,-36.65
161,0,11.64,4.214,-36.74
161,0,11.68,4.708,-36.33
161,0,11.72,4.422,-36.67
161,0,11.76,3.766,-37.35
161,0,11.8,2.36,-38.78
161,0,11.84,1.64400000000001,-39.44
161,0,11.88,2.148,-38.88
161,0,11.92,2.096,-39.03
161,0,11.96,1.93800000000001,-39.44
161,0,12,0.490000000000002,-41.14
162,0,8,-13.01,-47.63
162,0,8.04,-14.528,-49.24
162,0,8.08,-17.296,-52.1
162,0,8.12,-17.802,-52.69
162,0,8.16,-14.396,-49.36
162,0,8.2,-12.09,-47.13
162,0,8.24,-9.142,-44.25
162,0,8.28,-8.024,-43.2
162,0,8.32,-6.346,-41.59
162,0,8.36,-6.02800000000001,-41.34
162,0,8.4,-6.37,-41.75
162,0,8.44,-7.042,-42.63
162,0,8.48,-8.184,-43.98
162,0,8.52,-9.99400000000001,-46.02
162,0,8.56,-13.392,-49.67
162,0,8.6,-20.79,-57.32
162,0,8.64,-25.264,-62.11
162,0,8.68,-17.338,-54.5
162,0,8.72,-13.978,-51.28
162,0,8.76,-11.454,-48.72
162,0,8.8,-10.72,-47.95
162,0,8.84,-8.91400000000001,-46.1
162,0,8.88,-9.568,-46.71
162,0,8.92,-9.314,-46.52
162,0,8.96,-9.022,-46.4
162,0,9,-8.25,-45.8
162,0,9.04,-8.724,-46.51
162,0,9.08,-7.86799999999999,-45.89
162,0,9.12,-8.846,-47.13
162,0,9.16,-8.788,-47.36
162,0,9.2,-9.89,-48.75
162,0,9.24,-9.61000000000001,-48.21
162,0,9.28,-11.97,-50.31
162,0,9.32,-12.768,-50.93
162,0,9.36,-13.324,-51.39
162,0,9.4,-12.86,-50.83
162,0,9.44,-12.364,-50.47
162,0,9.48,-10.368,-48.61
162,0,9.52,-9.132,-47.51
162,0,9.56,-8.506,-47.02
162,0,9.6,-10.62,-49.27
162,0,9.64,-10.64,-49.41
162,0,9.68,-11.78,-50.67
162,0,9.72,-11.378,-50.36
162,0,9.76,-11.994,-51.04
162,0,9.8,-12.18,-51.29
162,0,9.84,-13.346,-52.46
162,0,9.88,-13.692,-52.81
162,0,9.92,-12.86,-51.97
162,0,9.96,-12.48,-51.57
162,0,10,-11.26,-50.33
162,0,10.04,-10.464,-49.71
162,0,10.08,-8.20800000000001,-47.63
162,0,10.12,-8.65600000000001,-48.21
162,0,10.16,-8.508,-48.15
162,0,10.2,-8.02,-47.75
162,0,10.24,-8.13200000000001,-47.83
162,0,10.28,-8.71400000000001,-48.38
162,0,10.32,-9.572,-49.2
162,0,10.36,-9.96599999999999,-49.55
162,0,10.4,-8.89,-48.43
162,0,10.44,-8.014,-47.55
162,0,10.48,-7.568,-47.1
162,0,10.52,-6.87199999999999,-46.48
162,0,10.56,-5.67599999999999,-45.44
162,0,10.6,-5,-44.92
162,0,10.64,-5.268,-45.28
162,0,10.68,-5.19599999999999,-45.3
162,0,10.72,-4.196,-44.37
162,0,10.76,-2.768,-42.99
162,0,10.8,-1.91,-42.18
162,0,10.84,-2.39,-42.56
162,0,10.88,-1.85999999999999,-41.93
162,0,10.92,-0.561999999999991,-40.57
162,0,10.96,0.533999999999999,-39.45
162,0,11,1.19,-38.77
162,0,11.04,1.584,-38.48
162,0,11.08,1.948,-38.22
162,0,11.12,3.404,-36.84
162,0,11.16,4.022,-36.27
162,0,11.2,4.23,-36.11
162,0,11.24,4.252,-36.14
162,0,11.28,4.634,-35.81
162,0,11.32,4.57600000000001,-35.94
162,0,11.36,4.80800000000001,-35.8
162,0,11.4,4.94,-35.76
162,0,11.44,5.228,-35.52
162,0,11.48,5.056,-35.74
162,0,11.52,4.8,-36.03
162,0,11.56,3.85999999999999,-36.99
162,0,11.6,3.75,-37.12
162,0,11.64,3.384,-37.57
162,0,11.68,3.828,-37.21
162,0,11.72,3.242,-37.85
162,0,11.76,2.266,-38.85
162,0,11.8,0.689999999999998,-40.45
162,0,11.84,0.274000000000001,-40.81
162,0,11.88,0.427999999999997,-40.6
162,0,11.92,0.326000000000001,-40.8
162,0,11.96,0.308000000000007,-41.07
162,0,12,-0.619999999999997,-42.25
163,0,8,-18.85,-53.47
163,0,8.04,-22.238,-56.95
163,0,8.08,-24.596,-59.4
163,0,8.12,-17.082,-51.97
163,0,8.16,-12.536,-47.5
163,0,8.2,-11.07,-46.11
163,0,8.24,-8.062,-43.17
163,0,8.28,-7.254,-42.43
163,0,8.32,-6.206,-41.45
163,0,8.36,-6.198,-41.51
163,0,8.4,-6.77,-42.15
163,0,8.44,-7.972,-43.56
163,0,8.48,-9.524,-45.32
163,0,8.52,-12.284,-48.31
163,0,8.56,-17.422,-53.7
163,0,8.6,-19.73,-56.26
163,0,8.64,-16.004,-52.85
163,0,8.68,-11.568,-48.73
163,0,8.72,-9.538,-46.84
163,0,8.76,-8.394,-45.66
163,0,8.8,-8.46,-45.69
163,0,8.84,-6.60400000000001,-43.79
163,0,8.88,-7.648,-44.79
163,0,8.92,-8.614,-45.82
163,0,8.96,-9.182,-46.56
163,0,9,-8.22000000000001,-45.77
163,0,9.04,-9.10400000000001,-46.89
163,0,9.08,-9.12799999999999,-47.15
163,0,9.12,-9.576,-47.86
163,0,9.16,-9.828,-48.4
163,0,9.2,-9.77,-48.63
163,0,9.24,-10.2,-48.8
163,0,9.28,-11.96,-50.3
163,0,9.32,-13.678,-51.84
163,0,9.36,-13.174,-51.24
163,0,9.4,-12.8,-50.77
163,0,9.44,-11.454,-49.56
163,0,9.48,-9.538,-47.78
163,0,9.52,-8.852,-47.23
163,0,9.56,-8.736,-47.25
163,0,9.6,-10.74,-49.39
163,0,9.64,-10.15,-48.92
163,0,9.68,-11.13,-50.02
163,0,9.72,-10.788,-49.77
163,0,9.76,-11.234,-50.28
163,0,9.8,-10.9,-50.01
163,0,9.84,-10.996,-50.11
163,0,9.88,-11.562,-50.68
163,0,9.92,-11.45,-50.56
163,0,9.96,-11.49,-50.58
163,0,10,-10.67,-49.74
163,0,10.04,-10.254,-49.5
163,0,10.08,-8.238,-47.66
163,0,10.12,-8.68600000000001,-48.24
163,0,10.16,-8.95800000000001,-48.6
163,0,10.2,-8.96,-48.69
163,0,10.24,-8.82200000000001,-48.52
163,0,10.28,-9.184,-48.85
163,0,10.32,-8.822,-48.45
163,0,10.36,-9.386,-48.97
163,0,10.4,-7.55,-47.09
163,0,10.44,-6.824,-46.36
163,0,10.48,-6.508,-46.04
163,0,10.52,-5.602,-45.21
163,0,10.56,-4.446,-44.21
163,0,10.6,-3.81,-43.73
163,0,10.64,-3.568,-43.58
163,0,10.68,-2.94599999999999,-43.05
163,0,10.72,-1.606,-41.78
163,0,10.76,-0.558,-40.78
163,0,10.8,-0.209999999999994,-40.48
163,0,10.84,-0.350000000000001,-40.52
163,0,10.88,0.180000000000007,-39.89
163,0,10.92,1.16800000000001,-38.84
163,0,10.96,2.254,-37.73
163,0,11,2.9,-37.06
163,0,11.04,3.35399999999999,-36.71
163,0,11.08,3.498,-36.67
163,0,11.12,4.534,-35.71
163,0,11.16,5.052,-35.24
163,0,11.2,5.1,-35.24
163,0,11.24,5.042,-35.35
163,0,11.28,5.164,-35.28
163,0,11.32,4.846,-35.67
163,0,11.36,4.818,-35.79
163,0,11.4,4.75,-35.95
163,0,11.44,4.618,-36.13
163,0,11.48,4.416,-36.38
163,0,11.52,3.81,-37.02
163,0,11.56,3.09999999999999,-37.75
163,0,11.6,2.66,-38.21
163,0,11.64,2.094,-38.86
163,0,11.68,2.33799999999999,-38.7
163,0,11.72,1.732,-39.36
163,0,11.76,0.786000000000001,-40.33
163,0,11.8,-0.560000000000002,-41.7
163,0,11.84,-0.815999999999995,-41.9
163,0,11.88,-0.252000000000002,-41.28
163,0,11.92,-0.324000000000005,-41.45
163,0,11.96,-0.411999999999992,-41.79
163,0,12,-1.51,-43.14
164,0,8,-23.71,-58.33
164,0,8.04,-25.378,-60.09
164,0,8.08,-18.806,-53.61
164,0,8.12,-14.682,-49.57
164,0,8.16,-11.176,-46.14
164,0,8.2,-10.17,-45.21
164,0,8.24,-7.84200000000001,-42.95
164,0,8.28,-6.844,-42.02
164,0,8.32,-6.286,-41.53
164,0,8.36,-7.188,-42.5
164,0,8.4,-7.98,-43.36
164,0,8.44,-9.722,-45.31
164,0,8.48,-12.564,-48.36
164,0,8.52,-15.384,-51.41
164,0,8.56,-17.102,-53.38
164,0,8.6,-14.1,-50.63
164,0,8.64,-10.994,-47.84
164,0,8.68,-8.038,-45.2
164,0,8.72,-7.088,-44.39
164,0,8.76,-5.964,-43.23
164,0,8.8,-6.19,-43.42
164,0,8.84,-5.37400000000001,-42.56
164,0,8.88,-6.91800000000001,-44.06
164,0,8.92,-8.724,-45.93
164,0,8.96,-10.582,-47.96
164,0,9,-10.03,-47.58
164,0,9.04,-11.114,-48.9
164,0,9.08,-9.79799999999999,-47.82
164,0,9.12,-10.346,-48.63
164,0,9.16,-9.878,-48.45
164,0,9.2,-10.38,-49.24
164,0,9.24,-10.91,-49.51
164,0,9.28,-12.66,-51
164,0,9.32,-13.328,-51.49
164,0,9.36,-12.124,-50.19
164,0,9.4,-11.45,-49.42
164,0,9.44,-10.634,-48.74
164,0,9.48,-9.008,-47.25
164,0,9.52,-8.012,-46.39
164,0,9.56,-8.346,-46.86
164,0,9.6,-9.54,-48.19
164,0,9.64,-9.2,-47.97
164,0,9.68,-9.4,-48.29
164,0,9.72,-9.51799999999999,-48.5
164,0,9.76,-10.464,-49.51
164,0,9.8,-9.91,-49.02
164,0,9.84,-10.766,-49.88
164,0,9.88,-11.302,-50.42
164,0,9.92,-11.25,-50.36
164,0,9.96,-10.58,-49.67
164,0,10,-10.96,-50.03
164,0,10.04,-10.934,-50.18
164,0,10.08,-8.198,-47.62
164,0,10.12,-8.93600000000001,-48.49
164,0,10.16,-9.48800000000001,-49.13
164,0,10.2,-8.84,-48.57
164,0,10.24,-8.562,-48.26
164,0,10.28,-7.634,-47.3
164,0,10.32,-7.872,-47.5
164,0,10.36,-7.166,-46.75
164,0,10.4,-6.35,-45.89
164,0,10.44,-5.414,-44.95
164,0,10.48,-4.928,-44.46
164,0,10.52,-4.202,-43.81
164,0,10.56,-2.776,-42.54
164,0,10.6,-1.97,-41.89
164,0,10.64,-1.338,-41.35
164,0,10.68,-0.725999999999992,-40.83
164,0,10.72,0.433999999999997,-39.74
164,0,10.76,1.442,-38.78
164,0,10.8,1.39,-38.88
164,0,10.84,1.28,-38.89
164,0,10.88,1.86000000000001,-38.21
164,0,10.92,2.73800000000001,-37.27
164,0,10.96,3.774,-36.21
164,0,11,4.43,-35.53
164,0,11.04,4.60399999999999,-35.46
164,0,11.08,4.288,-35.88
164,0,11.12,5.114,-35.13
164,0,11.16,5.542,-34.75
164,0,11.2,5.38,-34.96
164,0,11.24,5.192,-35.2
164,0,11.28,5.104,-35.34
164,0,11.32,4.416,-36.1
164,0,11.36,4.268,-36.34
164,0,11.4,3.78,-36.92
164,0,11.44,3.728,-37.02
164,0,11.48,3.47600000000001,-37.32
164,0,11.52,2.54000000000001,-38.29
164,0,11.56,1.7,-39.15
164,0,11.6,1.04,-39.83
164,0,11.64,0.274000000000001,-40.68
164,0,11.68,0.637999999999998,-40.4
164,0,11.72,0.161999999999999,-40.93
164,0,11.76,-0.0640000000000001,-41.18
164,0,11.8,-1.11,-42.25
164,0,11.84,-0.955999999999996,-42.04
164,0,11.88,-0.942,-41.97
164,0,11.92,-0.734000000000002,-41.86
164,0,11.96,-0.961999999999996,-42.34
164,0,12,-2.16,-43.79
165,0,8,-16.94,-51.56
165,0,8.04,-15.808,-50.52
165,0,8.08,-14.296,-49.1
165,0,8.12,-12.252,-47.14
165,0,8.16,-10.636,-45.6
165,0,8.2,-9.87,-44.91
165,0,8.24,-8.052,-43.16
165,0,8.28,-7.654,-42.83
165,0,8.32,-6.926,-42.17
165,0,8.36,-8.38800000000001,-43.7
165,0,8.4,-10.26,-45.64
165,0,8.44,-12.902,-48.49
165,0,8.48,-15.834,-51.63
165,0,8.52,-18.054,-54.08
165,0,8.56,-13.002,-49.28
165,0,8.6,-9.87,-46.4
165,0,8.64,-7.61399999999999,-44.46
165,0,8.68,-5.738,-42.9
165,0,8.72,-5.098,-42.4
165,0,8.76,-4.434,-41.7
165,0,8.8,-5.06,-42.29
165,0,8.84,-4.64400000000001,-41.83
165,0,8.88,-7.178,-44.32
165,0,8.92,-9.814,-47.02
165,0,8.96,-13.022,-50.4
165,0,9,-12.8,-50.35
165,0,9.04,-12.934,-50.72
165,0,9.08,-10.878,-48.9
165,0,9.12,-11.486,-49.77
165,0,9.16,-10.758,-49.33
165,0,9.2,-10.43,-49.29
165,0,9.24,-10.73,-49.33
165,0,9.28,-11.85,-50.19
165,0,9.32,-12.348,-50.51
165,0,9.36,-10.884,-48.95
165,0,9.4,-10.16,-48.13
165,0,9.44,-9.624,-47.73
165,0,9.48,-8.028,-46.27
165,0,9.52,-7.042,-45.42
165,0,9.56,-7.246,-45.76
165,0,9.6,-8.54,-47.19
165,0,9.64,-7.97,-46.74
165,0,9.68,-8.25,-47.14
165,0,9.72,-9.26799999999999,-48.25
165,0,9.76,-8.894,-47.94
165,0,9.8,-9.72,-48.83
165,0,9.84,-10.676,-49.79
165,0,9.88,-11.782,-50.9
165,0,9.92,-11.62,-50.73
165,0,9.96,-11.35,-50.44
165,0,10,-10.42,-49.49
165,0,10.04,-9.874,-49.12
165,0,10.08,-8.518,-47.94
165,0,10.12,-9.33600000000001,-48.89
165,0,10.16,-9.45800000000001,-49.1
165,0,10.2,-8.61000000000001,-48.34
165,0,10.24,-7.29200000000001,-46.99
165,0,10.28,-6.084,-45.75
165,0,10.32,-6.082,-45.71
165,0,10.36,-5.85599999999999,-45.44
165,0,10.4,-4.83,-44.37
165,0,10.44,-3.124,-42.66
165,0,10.48,-2.498,-42.03
165,0,10.52,-1.562,-41.17
165,0,10.56,-0.415999999999997,-40.18
165,0,10.6,0.710000000000001,-39.21
165,0,10.64,1.002,-39.01
165,0,10.68,1.32400000000001,-38.78
165,0,10.72,2.314,-37.86
165,0,10.76,3.032,-37.19
165,0,10.8,2.83000000000001,-37.44
165,0,10.84,2.65,-37.52
165,0,10.88,3.20000000000001,-36.87
165,0,10.92,3.86800000000001,-36.14
165,0,10.96,4.804,-35.18
165,0,11,5.15,-34.81
165,0,11.04,5.18399999999999,-34.88
165,0,11.08,4.648,-35.52
165,0,11.12,5.314,-34.93
165,0,11.16,5.412,-34.88
165,0,11.2,5.15000000000001,-35.19
165,0,11.24,4.692,-35.7
165,0,11.28,4.46400000000001,-35.98
165,0,11.32,3.596,-36.92
165,0,11.36,3.248,-37.36
165,0,11.4,2.68,-38.02
165,0,11.44,2.648,-38.1
165,0,11.48,1.93600000000001,-38.86
165,0,11.52,1.2,-39.63
165,0,11.56,0.129999999999995,-40.72
165,0,11.6,-0.630000000000003,-41.5
165,0,11.64,-1.076,-42.03
165,0,11.68,-0.782000000000004,-41.82
165,0,11.72,-0.817999999999998,-41.91
165,0,11.76,-1.364,-42.48
165,0,11.8,-1.86,-43
165,0,11.84,-1.82599999999999,-42.91
165,0,11.88,-1.262,-42.29
165,0,11.92,-1.174,-42.3
165,0,11.96,-1.83199999999999,-43.21
165,0,12,-3.52999999999999,-45.16
166,0,8,-12.82,-47.44
166,0,8.04,-11.788,-46.5
166,0,8.08,-11.386,-46.19
166,0,8.12,-10.322,-45.21
166,0,8.16,-9.756,-44.72
166,0,8.2,-10.37,-45.41
166,0,8.24,-8.95200000000001,-44.06
166,0,8.28,-8.664,-43.84
166,0,8.32,-9.116,-44.36
166,0,8.36,-11.128,-46.44
166,0,8.4,-13.71,-49.09
166,0,8.44,-17.722,-53.31
166,0,8.48,-19.414,-55.21
166,0,8.52,-13.934,-49.96
166,0,8.56,-10.252,-46.53
166,0,8.6,-7.47,-44
166,0,8.64,-5.92399999999999,-42.77
166,0,8.68,-4.368,-41.53
166,0,8.72,-4.098,-41.4
166,0,8.76,-3.814,-41.08
166,0,8.8,-4.85,-42.08
166,0,8.84,-5.004,-42.19
166,0,8.88,-8.13800000000001,-45.28
166,0,8.92,-11.524,-48.73
166,0,8.96,-16.172,-53.55
166,0,9,-17.55,-55.1
166,0,9.04,-13.514,-51.3
166,0,9.08,-10.748,-48.77
166,0,9.12,-10.526,-48.81
166,0,9.16,-9.97799999999999,-48.55
166,0,9.2,-9.62,-48.48
166,0,9.24,-9.34,-47.94
166,0,9.28,-10.41,-48.75
166,0,9.32,-10.558,-48.72
166,0,9.36,-9.064,-47.13
166,0,9.4,-9.37,-47.34
166,0,9.44,-8.684,-46.79
166,0,9.48,-7.22799999999999,-45.47
166,0,9.52,-6.252,-44.63
166,0,9.56,-6.596,-45.11
166,0,9.6,-7.66,-46.31
166,0,9.64,-7.51,-46.28
166,0,9.68,-8.27,-47.16
166,0,9.72,-8.95799999999999,-47.94
166,0,9.76,-9.224,-48.27
166,0,9.8,-10.22,-49.33
166,0,9.84,-10.826,-49.94
166,0,9.88,-12.042,-51.16
166,0,9.92,-11.32,-50.43
166,0,9.96,-10.02,-49.11
166,0,10,-9.43,-48.5
166,0,10.04,-9.56400000000001,-48.81
166,0,10.08,-8.688,-48.11
166,0,10.12,-9.26600000000001,-48.82
166,0,10.16,-9.228,-48.87
166,0,10.2,-6.46,-46.19
166,0,10.24,-5.212,-44.91
166,0,10.28,-4.194,-43.86
166,0,10.32,-4.422,-44.05
166,0,10.36,-3.816,-43.4
166,0,10.4,-1.92,-41.46
166,0,10.44,-0.673999999999999,-40.21
166,0,10.48,0.122000000000007,-39.41
166,0,10.52,0.638000000000005,-38.97
166,0,10.56,1.634,-38.13
166,0,10.6,2.34,-37.58
166,0,10.64,2.802,-37.21
166,0,10.68,2.57400000000001,-37.53
166,0,10.72,3.414,-36.76
166,0,10.76,4.122,-36.1
166,0,10.8,4.05,-36.22
166,0,10.84,3.53,-36.64
166,0,10.88,3.68000000000001,-36.39
166,0,10.92,4.42800000000001,-35.58
166,0,10.96,5.014,-34.97
166,0,11,5.25,-34.71
166,0,11.04,5.09399999999999,-34.97
166,0,11.08,4.348,-35.82
166,0,11.12,4.934,-35.31
166,0,11.16,4.972,-35.32
166,0,11.2,4.38,-35.96
166,0,11.24,3.88200000000001,-36.51
166,0,11.28,3.39400000000001,-37.05
166,0,11.32,2.61600000000001,-37.9
166,0,11.36,2.118,-38.49
166,0,11.4,1.65000000000001,-39.05
166,0,11.44,1.12800000000001,-39.62
166,0,11.48,0.486000000000004,-40.31
166,0,11.52,-0.379999999999995,-41.21
166,0,11.56,-1.89000000000001,-42.74
166,0,11.6,-2.04,-42.91
166,0,11.64,-2.336,-43.29
166,0,11.68,-1.63200000000001,-42.67
166,0,11.72,-1.628,-42.72
166,0,11.76,-1.804,-42.92
166,0,11.8,-2.6,-43.74
166,0,11.84,-2.456,-43.54
166,0,11.88,-2.452,-43.48
166,0,11.92,-2.174,-43.3
166,0,11.96,-2.70199999999999,-44.08
166,0,12,-4.43,-46.06
167,0,8,-10.78,-45.4
167,0,8.04,-10.528,-45.24
167,0,8.08,-10.276,-45.08
167,0,8.12,-10.092,-44.98
167,0,8.16,-10.176,-45.14
167,0,8.2,-10.81,-45.85
167,0,8.24,-10.442,-45.55
167,0,8.28,-11.164,-46.34
167,0,8.32,-12.556,-47.8
167,0,8.36,-16.838,-52.15
167,0,8.4,-20.38,-55.76
167,0,8.44,-23.012,-58.6
167,0,8.48,-14.994,-50.79
167,0,8.52,-10.474,-46.5
167,0,8.56,-7.65199999999999,-43.93
167,0,8.6,-5.91,-42.44
167,0,8.64,-4.71399999999999,-41.56
167,0,8.68,-3.468,-40.63
167,0,8.72,-3.798,-41.1
167,0,8.76,-3.944,-41.21
167,0,8.8,-5.39,-42.62
167,0,8.84,-5.87400000000001,-43.06
167,0,8.88,-9.94800000000001,-47.09
167,0,8.92,-15.434,-52.64
167,0,8.96,-23.782,-61.16
167,0,9,-16.78,-54.33
167,0,9.04,-12.504,-50.29
167,0,9.08,-9.15799999999999,-47.18
167,0,9.12,-9.156,-47.44
167,0,9.16,-8.29799999999999,-46.87
167,0,9.2,-8.08,-46.94
167,0,9.24,-8.06,-46.66
167,0,9.28,-8.55999999999999,-46.9
167,0,9.32,-8.608,-46.77
167,0,9.36,-8.144,-46.21
167,0,9.4,-8.48,-46.45
167,0,9.44,-7.864,-45.97
167,0,9.48,-6.72799999999999,-44.97
167,0,9.52,-6.052,-44.43
167,0,9.56,-6.696,-45.21
167,0,9.6,-8.35,-47
167,0,9.64,-7.52999999999999,-46.3
167,0,9.68,-8.08,-46.97
167,0,9.72,-9.078,-48.06
167,0,9.76,-9.894,-48.94
167,0,9.8,-9.96,-49.07
167,0,9.84,-10.626,-49.74
167,0,9.88,-10.732,-49.85
167,0,9.92,-10.79,-49.9
167,0,9.96,-9.20999999999999,-48.3
167,0,10,-8.61,-47.68
167,0,10.04,-8.724,-47.97
167,0,10.08,-8.488,-47.91
167,0,10.12,-8.78600000000001,-48.34
167,0,10.16,-7.478,-47.12
167,0,10.2,-4.43,-44.16
167,0,10.24,-2.62200000000001,-42.32
167,0,10.28,-1.634,-41.3
167,0,10.32,-1.652,-41.28
167,0,10.36,-0.915999999999997,-40.5
167,0,10.4,0.469999999999999,-39.07
167,0,10.44,1.236,-38.3
167,0,10.48,1.672,-37.86
167,0,10.52,2.41800000000001,-37.19
167,0,10.56,3.35400000000001,-36.41
167,0,10.6,3.83,-36.09
167,0,10.64,3.752,-36.26
167,0,10.68,3.584,-36.52
167,0,10.72,4.314,-35.86
167,0,10.76,4.842,-35.38
167,0,10.8,4.57,-35.7
167,0,10.84,3.92,-36.25
167,0,10.88,3.86000000000001,-36.21
167,0,10.92,4.38800000000001,-35.62
167,0,10.96,4.894,-35.09
167,0,11,5.16,-34.8
167,0,11.04,4.67399999999999,-35.39
167,0,11.08,3.908,-36.26
167,0,11.12,4.304,-35.94
167,0,11.16,4.052,-36.24
167,0,11.2,3.38,-36.96
167,0,11.24,2.512,-37.88
167,0,11.28,2.084,-38.36
167,0,11.32,0.976000000000006,-39.54
167,0,11.36,0.478000000000002,-40.13
167,0,11.4,-0.149999999999999,-40.85
167,0,11.44,-0.681999999999995,-41.43
167,0,11.48,-1.124,-41.92
167,0,11.52,-1.71999999999999,-42.55
167,0,11.56,-2.54000000000001,-43.39
167,0,11.6,-2.35,-43.22
167,0,11.64,-2.736,-43.69
167,0,11.68,-1.95200000000001,-42.99
167,0,11.72,-1.938,-43.03
167,0,11.76,-2.384,-43.5
167,0,11.8,-3.61,-44.75
167,0,11.84,-3.706,-44.79
167,0,11.88,-3.492,-44.52
167,0,11.92,-3.584,-44.71
167,0,11.96,-3.70199999999999,-45.08
167,0,12,-5.21,-46.84
168,0,8,-10.89,-45.51
168,0,8.04,-10.578,-45.29
168,0,8.08,-10.216,-45.02
168,0,8.12,-10.152,-45.04
168,0,8.16,-10.816,-45.78
168,0,8.2,-12.43,-47.47
168,0,8.24,-13.132,-48.24
168,0,8.28,-16.624,-51.8
168,0,8.32,-22.366,-57.61
168,0,8.36,-43.728,-79.04
168,0,8.4,-24.27,-59.65
168,0,8.44,-15.232,-50.82
168,0,8.48,-11.484,-47.28
168,0,8.52,-8.03400000000001,-44.06
168,0,8.56,-6.16199999999999,-42.44
168,0,8.6,-4.58,-41.11
168,0,8.64,-4.30399999999999,-41.15
168,0,8.68,-3.188,-40.35
168,0,8.72,-3.938,-41.24
168,0,8.76,-4.734,-42
168,0,8.8,-6.66,-43.89
168,0,8.84,-8.58400000000001,-45.77
168,0,8.88,-13.878,-51.02
168,0,8.92,-23.584,-60.79
168,0,8.96,-21.492,-58.87
168,0,9,-12.1,-49.65
168,0,9.04,-9.71400000000001,-47.5
168,0,9.08,-6.77799999999999,-44.8
168,0,9.12,-6.836,-45.12
168,0,9.16,-6.078,-44.65
168,0,9.2,-6.38,-45.24
168,0,9.24,-6.83000000000001,-45.43
168,0,9.28,-7.22999999999999,-45.57
168,0,9.32,-7.378,-45.54
168,0,9.36,-6.874,-44.94
168,0,9.4,-7.81,-45.78
168,0,9.44,-7.674,-45.78
168,0,9.48,-6.818,-45.06
168,0,9.52,-6.622,-45
168,0,9.56,-6.636,-45.15
168,0,9.6,-7.69,-46.34
168,0,9.64,-7.75,-46.52
168,0,9.68,-8.4,-47.29
168,0,9.72,-9.188,-48.17
168,0,9.76,-9.894,-48.94
168,0,9.8,-8.97,-48.08
168,0,9.84,-9.706,-48.82
168,0,9.88,-9.69200000000001,-48.81
168,0,9.92,-9.28,-48.39
168,0,9.96,-8.62,-47.71
168,0,10,-7.94,-47.01
168,0,10.04,-7.59400000000001,-46.84
168,0,10.08,-6.408,-45.83
168,0,10.12,-5.626,-45.18
168,0,10.16,-4.118,-43.76
168,0,10.2,-1.65000000000001,-41.38
168,0,10.24,-0.0520000000000067,-39.75
168,0,10.28,0.775999999999996,-38.89
168,0,10.32,0.567999999999998,-39.06
168,0,10.36,1.17400000000001,-38.41
168,0,10.4,2.17,-37.37
168,0,10.44,2.836,-36.7
168,0,10.48,3.16200000000001,-36.37
168,0,10.52,3.588,-36.02
168,0,10.56,4.244,-35.52
168,0,10.6,4.67,-35.25
168,0,10.64,4.492,-35.52
168,0,10.68,4.10400000000001,-36
168,0,10.72,4.654,-35.52
168,0,10.76,5.122,-35.1
168,0,10.8,4.63,-35.64
168,0,10.84,3.71,-36.46
168,0,10.88,3.63000000000001,-36.44
168,0,10.92,3.92800000000001,-36.08
168,0,10.96,4.414,-35.57
168,0,11,4.5,-35.46
168,0,11.04,4.06399999999999,-36
168,0,11.08,2.998,-37.17
168,0,11.12,3.254,-36.99
168,0,11.16,2.812,-37.48
168,0,11.2,1.88,-38.46
168,0,11.24,0.852000000000004,-39.54
168,0,11.28,0.0140000000000029,-40.43
168,0,11.32,-0.983999999999995,-41.5
168,0,11.36,-1.232,-41.84
168,0,11.4,-1.93,-42.63
168,0,11.44,-1.91199999999999,-42.66
168,0,11.48,-1.82399999999999,-42.62
168,0,11.52,-2.06999999999999,-42.9
168,0,11.56,-2.84,-43.69
168,0,11.6,-2.48,-43.35
168,0,11.64,-2.526,-43.48
168,0,11.68,-1.66200000000001,-42.7
168,0,11.72,-1.888,-42.98
168,0,11.76,-3.064,-44.18
168,0,11.8,-4.91,-46.05
168,0,11.84,-5.136,-46.22
168,0,11.88,-5.052,-46.08
168,0,11.92,-4.774,-45.9
168,0,11.96,-5.252,-46.63
168,0,12,-5.66999999999999,-47.3
169,0,8,-12.23,-46.85
169,0,8.04,-12.278,-46.99
169,0,8.08,-11.976,-46.78
169,0,8.12,-12.382,-47.27
169,0,8.16,-13.266,-48.23
169,0,8.2,-15.59,-50.63
169,0,8.24,-17.832,-52.94
169,0,8.28,-28.524,-63.7
169,0,8.32,-26.206,-61.45
169,0,8.36,-16.818,-52.13
169,0,8.4,-14.55,-49.93
169,0,8.44,-10.792,-46.38
169,0,8.48,-8.644,-44.44
169,0,8.52,-6.81400000000001,-42.84
169,0,8.56,-5.36199999999999,-41.64
169,0,8.6,-4.31,-40.84
169,0,8.64,-4.11399999999999,-40.96
169,0,8.68,-3.408,-40.57
169,0,8.72,-4.658,-41.96
169,0,8.76,-6.064,-43.33
169,0,8.8,-8.92,-46.15
169,0,8.84,-11.674,-48.86
169,0,8.88,-19.948,-57.09
169,0,8.92,-21.634,-58.84
169,0,8.96,-13.222,-50.6
169,0,9,-8.92,-46.47
169,0,9.04,-6.71400000000001,-44.5
169,0,9.08,-4.108,-42.13
169,0,9.12,-4.666,-42.95
169,0,9.16,-4.488,-43.06
169,0,9.2,-5.04,-43.9
169,0,9.24,-5.61000000000001,-44.21
169,0,9.28,-6.94999999999999,-45.29
169,0,9.32,-6.788,-44.95
169,0,9.36,-6.834,-44.9
169,0,9.4,-7.41,-45.38
169,0,9.44,-8.024,-46.13
169,0,9.48,-7.04799999999999,-45.29
169,0,9.52,-6.912,-45.29
169,0,9.56,-6.906,-45.42
169,0,9.6,-7.84,-46.49
169,0,9.64,-8.02,-46.79
169,0,9.68,-9.01,-47.9
169,0,9.72,-9.36799999999999,-48.35
169,0,9.76,-9.334,-48.38
169,0,9.8,-8.96,-48.07
169,0,9.84,-8.61599999999999,-47.73
169,0,9.88,-8.59200000000001,-47.71
169,0,9.92,-8.11,-47.22
169,0,9.96,-7.41,-46.5
169,0,10,-6.43,-45.5
169,0,10.04,-5.254,-44.5
169,0,10.08,-3.118,-42.54
169,0,10.12,-2.18600000000001,-41.74
169,0,10.16,-1.298,-40.94
169,0,10.2,0.809999999999995,-38.92
169,0,10.24,2.23799999999999,-37.46
169,0,10.28,2.936,-36.73
169,0,10.32,2.528,-37.1
169,0,10.36,2.454,-37.13
169,0,10.4,3.32,-36.22
169,0,10.44,3.736,-35.8
169,0,10.48,4.152,-35.38
169,0,10.52,4.318,-35.29
169,0,10.56,5.10400000000001,-34.66
169,0,10.6,5.21,-34.71
169,0,10.64,4.802,-35.21
169,0,10.68,4.224,-35.88
169,0,10.72,4.694,-35.48
169,0,10.76,4.762,-35.46
169,0,10.8,4.19,-36.08
169,0,10.84,3.13,-37.04
169,0,10.88,2.94,-37.13
169,0,10.92,3.25800000000001,-36.75
169,0,10.96,3.674,-36.31
169,0,11,3.59,-36.37
169,0,11.04,2.834,-37.23
169,0,11.08,1.518,-38.65
169,0,11.12,1.774,-38.47
169,0,11.16,1.062,-39.23
169,0,11.2,0.0400000000000063,-40.3
169,0,11.24,-0.857999999999997,-41.25
169,0,11.28,-1.576,-42.02
169,0,11.32,-2.63399999999999,-43.15
169,0,11.36,-2.662,-43.27
169,0,11.4,-2.83,-43.53
169,0,11.44,-2.702,-43.45
169,0,11.48,-2.25399999999999,-43.05
169,0,11.52,-2.69,-43.52
169,0,11.56,-3.12,-43.97
169,0,11.6,-2.91,-43.78
169,0,11.64,-2.726,-43.68
169,0,11.68,-2.34200000000001,-43.38
169,0,11.72,-2.818,-43.91
169,0,11.76,-3.854,-44.97
169,0,11.8,-5.69,-46.83
169,0,11.84,-5.78599999999999,-46.87
169,0,11.88,-5.472,-46.5
169,0,11.92,-5.514,-46.64
169,0,11.96,-5.69199999999999,-47.07
169,0,12,-6.44,-48.07
170,0,8,-14.96,-49.58
170,0,8.04,-16.228,-50.94
170,0,8.08,-15.666,-50.47
170,0,8.12,-15.672,-50.56
170,0,8.16,-18.516,-53.48
170,0,8.2,-22.19,-57.23
170,0,8.24,-27.252,-62.36
170,0,8.28,-22.364,-57.54
170,0,8.32,-15.226,-50.47
170,0,8.36,-12.158,-47.47
170,0,8.4,-10.59,-45.97
170,0,8.44,-8.832,-44.42
170,0,8.48,-7.504,-43.3
170,0,8.52,-6.31400000000001,-42.34
170,0,8.56,-5.52199999999999,-41.8
170,0,8.6,-4.65,-41.18
170,0,8.64,-4.83399999999999,-41.68
170,0,8.68,-4.768,-41.93
170,0,8.72,-6.228,-43.53
170,0,8.76,-8.124,-45.39
170,0,8.8,-12.27,-49.5
170,0,8.84,-16.314,-53.5
170,0,8.88,-18.518,-55.66
170,0,8.92,-12.254,-49.46
170,0,8.96,-8.632,-46.01
170,0,9,-4.54000000000001,-42.09
170,0,9.04,-4.30400000000001,-42.09
170,0,9.08,-2.77799999999999,-40.8
170,0,9.12,-3.516,-41.8
170,0,9.16,-3.558,-42.13
170,0,9.2,-4.15,-43.01
170,0,9.24,-5.43000000000001,-44.03
170,0,9.28,-6.95999999999999,-45.3
170,0,9.32,-6.828,-44.99
170,0,9.36,-7.514,-45.58
170,0,9.4,-8.27,-46.24
170,0,9.44,-8.834,-46.94
170,0,9.48,-7.538,-45.78
170,0,9.52,-6.742,-45.12
170,0,9.56,-6.456,-44.97
170,0,9.6,-7.43,-46.08
170,0,9.64,-7.44,-46.21
170,0,9.68,-8.27,-47.16
170,0,9.72,-8.438,-47.42
170,0,9.76,-9.034,-48.08
170,0,9.8,-7.9,-47.01
170,0,9.84,-7.236,-46.35
170,0,9.88,-7.15200000000001,-46.27
170,0,9.92,-6.36,-45.47
170,0,9.96,-5.13999999999999,-44.23
170,0,10,-3.56,-42.63
170,0,10.04,-2.184,-41.43
170,0,10.08,-0.188000000000002,-39.61
170,0,10.12,0.473999999999997,-39.08
170,0,10.16,0.981999999999999,-38.66
170,0,10.2,2.7,-37.03
170,0,10.24,3.95799999999999,-35.74
170,0,10.28,4.296,-35.37
170,0,10.32,3.608,-36.02
170,0,10.36,3.334,-36.25
170,0,10.4,4,-35.54
170,0,10.44,4.406,-35.13
170,0,10.48,4.73200000000001,-34.8
170,0,10.52,4.868,-34.74
170,0,10.56,5.514,-34.25
170,0,10.6,5.4,-34.52
170,0,10.64,4.722,-35.29
170,0,10.68,4.03400000000001,-36.07
170,0,10.72,4.094,-36.08
170,0,10.76,4.042,-36.18
170,0,10.8,3.28,-36.99
170,0,10.84,2.19,-37.98
170,0,10.88,1.97000000000001,-38.1
170,0,10.92,2.17800000000001,-37.83
170,0,10.96,2.474,-37.51
170,0,11,2.2,-37.76
170,0,11.04,1.38399999999999,-38.68
170,0,11.08,-0.112000000000002,-40.28
170,0,11.12,-0.106000000000002,-40.35
170,0,11.16,-0.338000000000001,-40.63
170,0,11.2,-1.23,-41.57
170,0,11.24,-2.288,-42.68
170,0,11.28,-2.886,-43.33
170,0,11.32,-3.31399999999999,-43.83
170,0,11.36,-3.22199999999999,-43.83
170,0,11.4,-3.27,-43.97
170,0,11.44,-2.842,-43.59
170,0,11.48,-3.044,-43.84
170,0,11.52,-2.95,-43.78
170,0,11.56,-3.3,-44.15
170,0,11.6,-3.44,-44.31
170,0,11.64,-3.946,-44.9
170,0,11.68,-3.09200000000001,-44.13
170,0,11.72,-4.198,-45.29
170,0,11.76,-5.104,-46.22
170,0,11.8,-6.45,-47.59
170,0,11.84,-6.726,-47.81
170,0,11.88,-6.472,-47.5
170,0,11.92,-6.224,-47.35
170,0,11.96,-5.69199999999999,-47.07
170,0,12,-7.16999999999999,-48.8
171,0,8,-17.97,-52.59
171,0,8.04,-21.848,-56.56
171,0,8.08,-22.426,-57.23
171,0,8.12,-23.012,-57.9
171,0,8.16,-20.866,-55.83
171,0,8.2,-19.57,-54.61
171,0,8.24,-17.612,-52.72
171,0,8.28,-14.024,-49.2
171,0,8.32,-10.866,-46.11
171,0,8.36,-9.568,-44.88
171,0,8.4,-8.98999999999999,-44.37
171,0,8.44,-7.472,-43.06
171,0,8.48,-7.334,-43.13
171,0,8.52,-6.904,-42.93
171,0,8.56,-6.40199999999999,-42.68
171,0,8.6,-5.98,-42.51
171,0,8.64,-6.54399999999999,-43.39
171,0,8.68,-7.358,-44.52
171,0,8.72,-8.948,-46.25
171,0,8.76,-12.884,-50.15
171,0,8.8,-20.13,-57.36
171,0,8.84,-17.034,-54.22
171,0,8.88,-10.788,-47.93
171,0,8.92,-7.52399999999999,-44.73
171,0,8.96,-5.522,-42.9
171,0,9,-2.72000000000001,-40.27
171,0,9.04,-2.85400000000001,-40.64
171,0,9.08,-1.748,-39.77
171,0,9.12,-3.026,-41.31
171,0,9.16,-3.278,-41.85
171,0,9.2,-4.52,-43.38
171,0,9.24,-6.24000000000001,-44.84
171,0,9.28,-8.13999999999999,-46.48
171,0,9.32,-9.098,-47.26
171,0,9.36,-8.864,-46.93
171,0,9.4,-8.79,-46.76
171,0,9.44,-8.634,-46.74
171,0,9.48,-6.73799999999999,-44.98
171,0,9.52,-5.322,-43.7
171,0,9.56,-5.416,-43.93
171,0,9.6,-6.73,-45.38
171,0,9.64,-6.61,-45.38
171,0,9.68,-7.56,-46.45
171,0,9.72,-7.718,-46.7
171,0,9.76,-8.004,-47.05
171,0,9.8,-6.08,-45.19
171,0,9.84,-4.43599999999999,-43.55
171,0,9.88,-4.172,-43.29
171,0,9.92,-3.16,-42.27
171,0,9.96,-2.3,-41.39
171,0,10,-1.11,-40.18
171,0,10.04,0.325999999999993,-38.92
171,0,10.08,2.092,-37.33
171,0,10.12,2.20399999999999,-37.35
171,0,10.16,2.752,-36.89
171,0,10.2,4.27,-35.46
171,0,10.24,4.98799999999999,-34.71
171,0,10.28,5.14599999999999,-34.52
171,0,10.32,4.188,-35.44
171,0,10.36,3.874,-35.71
171,0,10.4,4.48,-35.06
171,0,10.44,4.976,-34.56
171,0,10.48,5.142,-34.39
171,0,10.52,5.02800000000001,-34.58
171,0,10.56,5.384,-34.38
171,0,10.6,5.06,-34.86
171,0,10.64,4.112,-35.9
171,0,10.68,3.02400000000001,-37.08
171,0,10.72,3.064,-37.11
171,0,10.76,3.132,-37.09
171,0,10.8,2.11000000000001,-38.16
171,0,10.84,0.960000000000001,-39.21
171,0,10.88,0.640000000000008,-39.43
171,0,10.92,0.658000000000008,-39.35
171,0,10.96,0.923999999999999,-39.06
171,0,11,0.609999999999999,-39.35
171,0,11.04,-0.406000000000006,-40.47
171,0,11.08,-1.542,-41.71
171,0,11.12,-1.676,-41.92
171,0,11.16,-1.928,-42.22
171,0,11.2,-2.43,-42.77
171,0,11.24,-3.108,-43.5
171,0,11.28,-3.326,-43.77
171,0,11.32,-3.67399999999999,-44.19
171,0,11.36,-3.40199999999999,-44.01
171,0,11.4,-3.39,-44.09
171,0,11.44,-2.882,-43.63
171,0,11.48,-2.41399999999999,-43.21
171,0,11.52,-2.46999999999999,-43.3
171,0,11.56,-3.77,-44.62
171,0,11.6,-4.44,-45.31
171,0,11.64,-5.656,-46.61
171,0,11.68,-5.492,-46.53
171,0,11.72,-6.618,-47.71
171,0,11.76,-6.924,-48.04
171,0,11.8,-8.07,-49.21
171,0,11.84,-7.866,-48.95
171,0,11.88,-7.012,-48.04
171,0,11.92,-6.39400000000001,-47.52
171,0,11.96,-5.37199999999999,-46.75
171,0,12,-6.95,-48.58
172,0,8,-22.96,-57.58
172,0,8.04,-42.878,-77.59
172,0,8.08,-21.976,-56.78
172,0,8.12,-18.252,-53.14
172,0,8.16,-14.996,-49.96
172,0,8.2,-14.19,-49.23
172,0,8.24,-11.882,-46.99
172,0,8.28,-10.114,-45.29
172,0,8.32,-8.786,-44.03
172,0,8.36,-8.268,-43.58
172,0,8.4,-8.16999999999999,-43.55
172,0,8.44,-7.692,-43.28
172,0,8.48,-8.304,-44.1
172,0,8.52,-8.31400000000001,-44.34
172,0,8.56,-8.532,-44.81
172,0,8.6,-8.49,-45.02
172,0,8.64,-9.87399999999999,-46.72
172,0,8.68,-10.608,-47.77
172,0,8.72,-14.548,-51.85
172,0,8.76,-28.704,-65.97
172,0,8.8,-19.96,-57.19
172,0,8.84,-11.144,-48.33
172,0,8.88,-6.80800000000001,-43.95
172,0,8.92,-5.114,-42.32
172,0,8.96,-3.872,-41.25
172,0,9,-1.45,-39
172,0,9.04,-2.374,-40.16
172,0,9.08,-1.54799999999999,-39.57
172,0,9.12,-3.336,-41.62
172,0,9.16,-3.97799999999999,-42.55
172,0,9.2,-5.5,-44.36
172,0,9.24,-7.97000000000001,-46.57
172,0,9.28,-10.24,-48.58
172,0,9.32,-10.808,-48.97
172,0,9.36,-8.98399999999999,-47.05
172,0,9.4,-7.92,-45.89
172,0,9.44,-6.714,-44.82
172,0,9.48,-5.19799999999999,-43.44
172,0,9.52,-4.072,-42.45
172,0,9.56,-4.316,-42.83
172,0,9.6,-5.7,-44.35
172,0,9.64,-5.63,-44.4
172,0,9.68,-6.15,-45.04
172,0,9.72,-6.22799999999999,-45.21
172,0,9.76,-5.814,-44.86
172,0,9.8,-3.84,-42.95
172,0,9.84,-2.21599999999999,-41.33
172,0,9.88,-1.91200000000001,-41.03
172,0,9.92,-0.710000000000001,-39.82
172,0,9.96,-0.029999999999994,-39.12
172,0,10,0.740000000000002,-38.33
172,0,10.04,1.86599999999999,-37.38
172,0,10.08,3.492,-35.93
172,0,10.12,3.60399999999999,-35.95
172,0,10.16,3.72199999999999,-35.92
172,0,10.2,4.97,-34.76
172,0,10.24,5.578,-34.12
172,0,10.28,5.636,-34.03
172,0,10.32,4.618,-35.01
172,0,10.36,4.28400000000001,-35.3
172,0,10.4,4.83,-34.71
172,0,10.44,5.016,-34.52
172,0,10.48,4.752,-34.78
172,0,10.52,4.578,-35.03
172,0,10.56,4.744,-35.02
172,0,10.6,4.13,-35.79
172,0,10.64,3.012,-37
172,0,10.68,1.94400000000001,-38.16
172,0,10.72,1.834,-38.34
172,0,10.76,1.752,-38.47
172,0,10.8,0.75,-39.52
172,0,10.84,-0.530000000000001,-40.7
172,0,10.88,-1.16999999999999,-41.24
172,0,10.92,-1.02199999999999,-41.03
172,0,10.96,-0.655999999999999,-40.64
172,0,11,-0.399999999999999,-40.36
172,0,11.04,-1.416,-41.48
172,0,11.08,-2.572,-42.74
172,0,11.12,-2.606,-42.85
172,0,11.16,-2.688,-42.98
172,0,11.2,-3.23999999999999,-43.58
172,0,11.24,-3.258,-43.65
172,0,11.28,-3.42599999999999,-43.87
172,0,11.32,-3.42399999999999,-43.94
172,0,11.36,-3.432,-44.04
172,0,11.4,-3.39,-44.09
172,0,11.44,-2.842,-43.59
172,0,11.48,-2.64399999999999,-43.44
172,0,11.52,-3.71999999999999,-44.55
172,0,11.56,-4.83000000000001,-45.68
172,0,11.6,-6.36,-47.23
172,0,11.64,-7.476,-48.43
172,0,11.68,-8.182,-49.22
172,0,11.72,-8.138,-49.23
172,0,11.76,-7.814,-48.93
172,0,11.8,-8.89,-50.03
172,0,11.84,-8.066,-49.15
172,0,11.88,-6.742,-47.77
172,0,11.92,-6.494,-47.62
172,0,11.96,-6.12199999999999,-47.5
172,0,12,-6.77999999999999,-48.41
173,0,8,-36.32,-70.94
173,0,8.04,-23.438,-58.15
173,0,8.08,-17.846,-52.65
173,0,8.12,-13.922,-48.81
173,0,8.16,-12.196,-47.16
173,0,8.2,-11.96,-47
173,0,8.24,-9.612,-44.72
173,0,8.28,-8.464,-43.64
173,0,8.32,-7.396,-42.64
173,0,8.36,-7.878,-43.19
173,0,8.4,-8.48999999999999,-43.87
173,0,8.44,-9.152,-44.74
173,0,8.48,-10.914,-46.71
173,0,8.52,-11.834,-47.86
173,0,8.56,-12.092,-48.37
173,0,8.6,-11.79,-48.32
173,0,8.64,-14.764,-51.61
173,0,8.68,-16.198,-53.36
173,0,8.72,-17.698,-55
173,0,8.76,-15.384,-52.65
173,0,8.8,-11.66,-48.89
173,0,8.84,-6.864,-44.05
173,0,8.88,-4.66800000000001,-41.81
173,0,8.92,-3.66399999999999,-40.87
173,0,8.96,-2.942,-40.32
173,0,9,-0.990000000000002,-38.54
173,0,9.04,-2.114,-39.9
173,0,9.08,-2.04799999999999,-40.07
173,0,9.12,-4.386,-42.67
173,0,9.16,-5.608,-44.18
173,0,9.2,-8.85,-47.71
173,0,9.24,-11.63,-50.23
173,0,9.28,-12.85,-51.19
173,0,9.32,-10.708,-48.87
173,0,9.36,-6.504,-44.57
173,0,9.4,-5.33,-43.3
173,0,9.44,-4.574,-42.68
173,0,9.48,-3.19799999999999,-41.44
173,0,9.52,-2.312,-40.69
173,0,9.56,-2.726,-41.24
173,0,9.6,-4.15,-42.8
173,0,9.64,-4.06,-42.83
173,0,9.68,-4.14,-43.03
173,0,9.72,-3.718,-42.7
173,0,9.76,-2.744,-41.79
173,0,9.8,-1.24,-40.35
173,0,9.84,-0.0959999999999965,-39.21
173,0,9.88,0.457999999999998,-38.66
173,0,9.92,1.16,-37.95
173,0,9.96,1.72000000000001,-37.37
173,0,10,2.48,-36.59
173,0,10.04,3.336,-35.91
173,0,10.08,4.602,-34.82
173,0,10.12,4.35399999999999,-35.2
173,0,10.16,4.322,-35.32
173,0,10.2,5.57,-34.16
173,0,10.24,5.91799999999999,-33.78
173,0,10.28,5.96599999999999,-33.7
173,0,10.32,4.808,-34.82
173,0,10.36,4.084,-35.5
173,0,10.4,4.39,-35.15
173,0,10.44,4.266,-35.27
173,0,10.48,4.112,-35.42
173,0,10.52,3.548,-36.06
173,0,10.56,3.524,-36.24
173,0,10.6,2.69,-37.23
173,0,10.64,1.362,-38.65
173,0,10.68,0.114000000000004,-39.99
173,0,10.72,-0.0559999999999974,-40.23
173,0,10.76,-0.0480000000000018,-40.27
173,0,10.8,-0.629999999999995,-40.9
173,0,10.84,-2.14,-42.31
173,0,10.88,-2.60999999999999,-42.68
173,0,10.92,-2.36199999999999,-42.37
173,0,10.96,-1.506,-41.49
173,0,11,-1.47,-41.43
173,0,11.04,-2.28600000000001,-42.35
173,0,11.08,-3.132,-43.3
173,0,11.12,-2.816,-43.06
173,0,11.16,-2.858,-43.15
173,0,11.2,-3.38999999999999,-43.73
173,0,11.24,-3.568,-43.96
173,0,11.28,-2.92599999999999,-43.37
173,0,11.32,-3.434,-43.95
173,0,11.36,-3.80199999999999,-44.41
173,0,11.4,-4.32,-45.02
173,0,11.44,-4.44199999999999,-45.19
173,0,11.48,-4.404,-45.2
173,0,11.52,-5.24999999999999,-46.08
173,0,11.56,-7.07000000000001,-47.92
173,0,11.6,-7.88,-48.75
173,0,11.64,-8.146,-49.1
173,0,11.68,-7.91200000000001,-48.95
173,0,11.72,-7.888,-48.98
173,0,11.76,-7.004,-48.12
173,0,11.8,-8.54,-49.68
173,0,11.84,-8.336,-49.42
173,0,11.88,-7.632,-48.66
173,0,11.92,-7.284,-48.41
173,0,11.96,-7.11199999999999,-48.49
173,0,12,-8.58,-50.21
174,0,8,-21.49,-56.11
174,0,8.04,-18.258,-52.97
174,0,8.08,-14.556,-49.36
174,0,8.12,-11.972,-46.86
174,0,8.16,-10.686,-45.65
174,0,8.2,-10.63,-45.67
174,0,8.24,-8.682,-43.79
174,0,8.28,-8.064,-43.24
174,0,8.32,-7.376,-42.62
174,0,8.36,-8.428,-43.74
174,0,8.4,-9.65,-45.03
174,0,8.44,-11.602,-47.19
174,0,8.48,-13.384,-49.18
174,0,8.52,-15.534,-51.56
174,0,8.56,-16.092,-52.37
174,0,8.6,-14.53,-51.06
174,0,8.64,-14.844,-51.69
174,0,8.68,-13.678,-50.84
174,0,8.72,-11.928,-49.23
174,0,8.76,-9.82400000000001,-47.09
174,0,8.8,-7.88,-45.11
174,0,8.84,-4.67400000000001,-41.86
174,0,8.88,-3.608,-40.75
174,0,8.92,-3.02399999999999,-40.23
174,0,8.96,-2.702,-40.08
174,0,9,-1.51000000000001,-39.06
174,0,9.04,-2.74400000000001,-40.53
174,0,9.08,-3.108,-41.13
174,0,9.12,-6.196,-44.48
174,0,9.16,-8.288,-46.86
174,0,9.2,-15.03,-53.89
174,0,9.24,-13.35,-51.95
174,0,9.28,-9.99999999999999,-48.34
174,0,9.32,-6.558,-44.72
174,0,9.36,-3.604,-41.67
174,0,9.4,-2.93,-40.9
174,0,9.44,-2.514,-40.62
174,0,9.48,-1.438,-39.68
174,0,9.52,-0.722000000000001,-39.1
174,0,9.56,-1.17599999999999,-39.69
174,0,9.6,-2.47,-41.12
174,0,9.64,-1.94,-40.71
174,0,9.68,-1.82,-40.71
174,0,9.72,-1.37799999999999,-40.36
174,0,9.76,-0.494,-39.54
174,0,9.8,0.850000000000001,-38.26
174,0,9.84,1.594,-37.52
174,0,9.88,1.858,-37.26
174,0,9.92,2.58,-36.53
174,0,9.96,3.01000000000001,-36.08
174,0,10,3.68,-35.39
174,0,10.04,4.14599999999999,-35.1
174,0,10.08,5.302,-34.12
174,0,10.12,4.88399999999999,-34.67
174,0,10.16,4.702,-34.94
174,0,10.2,5.55,-34.18
174,0,10.24,5.85799999999999,-33.84
174,0,10.28,5.796,-33.87
174,0,10.32,4.158,-35.47
174,0,10.36,3.35400000000001,-36.23
174,0,10.4,3.23,-36.31
174,0,10.44,3.276,-36.26
174,0,10.48,2.84200000000001,-36.69
174,0,10.52,2.268,-37.34
174,0,10.56,1.954,-37.81
174,0,10.6,1.03,-38.89
174,0,10.64,-0.478000000000002,-40.49
174,0,10.68,-1.69599999999999,-41.8
174,0,10.72,-1.616,-41.79
174,0,10.76,-1.338,-41.56
174,0,10.8,-2.07,-42.34
174,0,10.84,-2.78,-42.95
174,0,10.88,-3.18999999999999,-43.26
174,0,10.92,-2.60199999999999,-42.61
174,0,10.96,-2.056,-42.04
174,0,11,-1.95,-41.91
174,0,11.04,-2.18600000000001,-42.25
174,0,11.08,-3.262,-43.43
174,0,11.12,-3.286,-43.53
174,0,11.16,-3.338,-43.63
174,0,11.2,-3.48,-43.82
174,0,11.24,-3.858,-44.25
174,0,11.28,-4.066,-44.51
174,0,11.32,-4.77399999999999,-45.29
174,0,11.36,-5.882,-46.49
174,0,11.4,-6.44,-47.14
174,0,11.44,-6.62199999999999,-47.37
174,0,11.48,-6.32399999999999,-47.12
174,0,11.52,-6.28999999999999,-47.12
174,0,11.56,-7.14000000000001,-47.99
174,0,11.6,-7.1,-47.97
174,0,11.64,-7.136,-48.09
174,0,11.68,-6.892,-47.93
174,0,11.72,-7.318,-48.41
174,0,11.76,-6.924,-48.04
174,0,11.8,-8.37,-49.51
174,0,11.84,-8.906,-49.99
174,0,11.88,-8.032,-49.06
174,0,11.92,-7.944,-49.07
174,0,11.96,-8.01199999999999,-49.39
174,0,12,-9.7,-51.33
175,0,8,-15.53,-50.15
175,0,8.04,-14.148,-48.86
175,0,8.08,-12.716,-47.52
175,0,8.12,-10.942,-45.83
175,0,8.16,-10.036,-45
175,0,8.2,-10.22,-45.26
175,0,8.24,-9.052,-44.16
175,0,8.28,-8.754,-43.93
175,0,8.32,-8.726,-43.97
175,0,8.36,-10.158,-45.47
175,0,8.4,-12.3,-47.68
175,0,8.44,-15.032,-50.62
175,0,8.48,-16.984,-52.78
175,0,8.52,-18.164,-54.19
175,0,8.56,-15.152,-51.43
175,0,8.6,-12.75,-49.28
175,0,8.64,-11.354,-48.2
175,0,8.68,-9.488,-46.65
175,0,8.72,-8.218,-45.52
175,0,8.76,-6.684,-43.95
175,0,8.8,-6.08000000000001,-43.31
175,0,8.84,-3.94400000000001,-41.13
175,0,8.88,-3.148,-40.29
175,0,8.92,-3.16399999999999,-40.37
175,0,8.96,-3.102,-40.48
175,0,9,-2.03,-39.58
175,0,9.04,-4.31400000000001,-42.1
175,0,9.08,-5.51799999999999,-43.54
175,0,9.12,-8.966,-47.25
175,0,9.16,-14.208,-52.78
175,0,9.2,-13.36,-52.22
175,0,9.24,-8.36000000000001,-46.96
175,0,9.28,-5.67999999999999,-44.02
175,0,9.32,-3.088,-41.25
175,0,9.36,-1.154,-39.22
175,0,9.4,-0.719999999999999,-38.69
175,0,9.44,-0.373999999999995,-38.48
175,0,9.48,0.372000000000007,-37.87
175,0,9.52,0.898000000000003,-37.48
175,0,9.56,0.614000000000004,-37.9
175,0,9.6,-0.640000000000001,-39.29
175,0,9.64,-0.029999999999994,-38.8
175,0,9.68,0.140000000000001,-38.75
175,0,9.72,0.512000000000008,-38.47
175,0,9.76,1.256,-37.79
175,0,9.8,2.38,-36.73
175,0,9.84,2.85400000000001,-36.26
175,0,9.88,2.888,-36.23
175,0,9.92,3.31,-35.8
175,0,9.96,3.88,-35.21
175,0,10,4.54,-34.53
175,0,10.04,4.89599999999999,-34.35
175,0,10.08,5.812,-33.61
175,0,10.12,5.114,-34.44
175,0,10.16,4.772,-34.87
175,0,10.2,5.48999999999999,-34.24
175,0,10.24,5.58799999999999,-34.11
175,0,10.28,5.056,-34.61
175,0,10.32,3.208,-36.42
175,0,10.36,2.024,-37.56
175,0,10.4,1.98,-37.56
175,0,10.44,1.906,-37.63
175,0,10.48,1.242,-38.29
175,0,10.52,0.368000000000002,-39.24
175,0,10.56,-0.145999999999994,-39.91
175,0,10.6,-1.21,-41.13
175,0,10.64,-2.488,-42.5
175,0,10.68,-2.89599999999999,-43
175,0,10.72,-2.256,-42.43
175,0,10.76,-1.958,-42.18
175,0,10.8,-2.51,-42.78
175,0,10.84,-3.55,-43.72
175,0,10.88,-3.45,-43.52
175,0,10.92,-2.92199999999999,-42.93
175,0,10.96,-2.306,-42.29
175,0,11,-2.28,-42.24
175,0,11.04,-2.79600000000001,-42.86
175,0,11.08,-3.932,-44.1
175,0,11.12,-3.946,-44.19
175,0,11.16,-3.928,-44.22
175,0,11.2,-4.45,-44.79
175,0,11.24,-5.278,-45.67
175,0,11.28,-5.796,-46.24
175,0,11.32,-6.99399999999999,-47.51
175,0,11.36,-7.29199999999999,-47.9
175,0,11.4,-7.55,-48.25
175,0,11.44,-7.432,-48.18
175,0,11.48,-7.24399999999999,-48.04
175,0,11.52,-6.7,-47.53
175,0,11.56,-7.13,-47.98
175,0,11.6,-7.23,-48.1
175,0,11.64,-7.136,-48.09
175,0,11.68,-7.242,-48.28
175,0,11.72,-7.488,-48.58
175,0,11.76,-7.474,-48.59
175,0,11.8,-8.33,-49.47
175,0,11.84,-8.53599999999999,-49.62
175,0,11.88,-8.202,-49.23
175,0,11.92,-9.104,-50.23
175,0,11.96,-9.80199999999999,-51.18
175,0,12,-12.41,-54.04
176,0,8,-12.78,-47.4
176,0,8.04,-11.738,-46.45
176,0,8.08,-10.986,-45.79
176,0,8.12,-10.712,-45.6
176,0,8.16,-9.676,-44.64
176,0,8.2,-10.88,-45.92
176,0,8.24,-10.102,-45.21
176,0,8.28,-10.544,-45.72
176,0,8.32,-10.796,-46.04
176,0,8.36,-12.938,-48.25
176,0,8.4,-16.02,-51.4
176,0,8.44,-17.232,-52.82
176,0,8.48,-17.854,-53.65
176,0,8.52,-14.064,-50.09
176,0,8.56,-11.972,-48.25
176,0,8.6,-9.71,-46.24
176,0,8.64,-8.31399999999999,-45.16
176,0,8.68,-6.828,-43.99
176,0,8.72,-6.448,-43.75
176,0,8.76,-5.284,-42.55
176,0,8.8,-5.61000000000001,-42.84
176,0,8.84,-3.87400000000001,-41.06
176,0,8.88,-3.45800000000001,-40.6
176,0,8.92,-3.634,-40.84
176,0,8.96,-4.022,-41.4
176,0,9,-3.77,-41.32
176,0,9.04,-7.07400000000001,-44.86
176,0,9.08,-9.05799999999999,-47.08
176,0,9.12,-13.996,-52.28
176,0,9.16,-12.338,-50.91
176,0,9.2,-7.99,-46.85
176,0,9.24,-4.08000000000001,-42.68
176,0,9.28,-2.08999999999999,-40.43
176,0,9.32,-0.448,-38.61
176,0,9.36,1.006,-37.06
176,0,9.4,1.01,-36.96
176,0,9.44,1.326,-36.78
176,0,9.48,2.102,-36.14
176,0,9.52,2.468,-35.91
176,0,9.56,2.184,-36.33
176,0,9.6,0.969999999999999,-37.68
176,0,9.64,1.57,-37.2
176,0,9.68,1.47,-37.42
176,0,9.72,1.852,-37.13
176,0,9.76,2.456,-36.59
176,0,9.8,3.48,-35.63
176,0,9.84,3.74400000000001,-35.37
176,0,9.88,3.59799999999999,-35.52
176,0,9.92,3.94,-35.17
176,0,9.96,4.43000000000001,-34.66
176,0,10,5,-34.07
176,0,10.04,5.276,-33.97
176,0,10.08,6.032,-33.39
176,0,10.12,5.084,-34.47
176,0,10.16,4.36199999999999,-35.28
176,0,10.2,4.81,-34.92
176,0,10.24,4.61799999999999,-35.08
176,0,10.28,3.67599999999999,-35.99
176,0,10.32,1.488,-38.14
176,0,10.36,0.274000000000001,-39.31
176,0,10.4,0.530000000000001,-39.01
176,0,10.44,0.256,-39.28
176,0,10.48,-0.687999999999995,-40.22
176,0,10.52,-1.58199999999999,-41.19
176,0,10.56,-2.046,-41.81
176,0,10.6,-3.04,-42.96
176,0,10.64,-3.108,-43.12
176,0,10.68,-3.54599999999999,-43.65
176,0,10.72,-2.966,-43.14
176,0,10.76,-2.558,-42.78
176,0,10.8,-3.07,-43.34
176,0,10.84,-3.95,-44.12
176,0,10.88,-3.99999999999999,-44.07
176,0,10.92,-3.38199999999999,-43.39
176,0,10.96,-2.876,-42.86
176,0,11,-3.13,-43.09
176,0,11.04,-3.986,-44.05
176,0,11.08,-5.522,-45.69
176,0,11.12,-4.846,-45.09
176,0,11.16,-4.998,-45.29
176,0,11.2,-5.59999999999999,-45.94
176,0,11.24,-6.008,-46.4
176,0,11.28,-6.656,-47.1
176,0,11.32,-7.35399999999999,-47.87
176,0,11.36,-7.30199999999999,-47.91
176,0,11.4,-7.86,-48.56
176,0,11.44,-7.502,-48.25
176,0,11.48,-7.10399999999999,-47.9
176,0,11.52,-7.19,-48.02
176,0,11.56,-7.57000000000001,-48.42
176,0,11.6,-8.15000000000001,-49.02
176,0,11.64,-8.326,-49.28
176,0,11.68,-8.16200000000001,-49.2
176,0,11.72,-7.608,-48.7
176,0,11.76,-7.564,-48.68
176,0,11.8,-7.99,-49.13
176,0,11.84,-8.276,-49.36
176,0,11.88,-8.672,-49.7
176,0,11.92,-9.474,-50.6
176,0,11.96,-10.552,-51.93
176,0,12,-11.57,-53.2
177,0,8,-11.19,-45.81
177,0,8.04,-10.688,-45.4
177,0,8.08,-10.816,-45.62
177,0,8.12,-10.252,-45.14
177,0,8.16,-10.126,-45.09
177,0,8.2,-11.97,-47.01
177,0,8.24,-12.502,-47.61
177,0,8.28,-13.634,-48.81
177,0,8.32,-14.836,-50.08
177,0,8.36,-15.908,-51.22
177,0,8.4,-17.39,-52.77
177,0,8.44,-16.682,-52.27
177,0,8.48,-13.194,-48.99
177,0,8.52,-10.794,-46.82
177,0,8.56,-8.61199999999999,-44.89
177,0,8.6,-7.09,-43.62
177,0,8.64,-6.44399999999999,-43.29
177,0,8.68,-5.348,-42.51
177,0,8.72,-5.608,-42.91
177,0,8.76,-5.394,-42.66
177,0,8.8,-5.82,-43.05
177,0,8.84,-4.32400000000001,-41.51
177,0,8.88,-4.34800000000001,-41.49
177,0,8.92,-5.034,-42.24
177,0,8.96,-6.362,-43.74
177,0,9,-7.04000000000001,-44.59
177,0,9.04,-11.474,-49.26
177,0,9.08,-11.828,-49.85
177,0,9.12,-9.856,-48.14
177,0,9.16,-6.08799999999999,-44.66
177,0,9.2,-3.26,-42.12
177,0,9.24,-1.12,-39.72
177,0,9.28,0.180000000000014,-38.16
177,0,9.32,1.502,-36.66
177,0,9.36,2.646,-35.42
177,0,9.4,2.57,-35.4
177,0,9.44,2.756,-35.35
177,0,9.48,3.34200000000001,-34.9
177,0,9.52,3.738,-34.64
177,0,9.56,3.314,-35.2
177,0,9.6,2.1,-36.55
177,0,9.64,2.63,-36.14
177,0,9.68,2.55,-36.34
177,0,9.72,2.73200000000001,-36.25
177,0,9.76,3.266,-35.78
177,0,9.8,4.19,-34.92
177,0,9.84,4.294,-34.82
177,0,9.88,3.968,-35.15
177,0,9.92,4.31,-34.8
177,0,9.96,4.74,-34.35
177,0,10,5.17,-33.9
177,0,10.04,5.03599999999999,-34.21
177,0,10.08,5.592,-33.83
177,0,10.12,4.514,-35.04
177,0,10.16,3.422,-36.22
177,0,10.2,3.44,-36.29
177,0,10.24,2.828,-36.87
177,0,10.28,1.566,-38.1
177,0,10.32,-0.451999999999998,-40.08
177,0,10.36,-1.476,-41.06
177,0,10.4,-1.37,-40.91
177,0,10.44,-1.674,-41.21
177,0,10.48,-2.238,-41.77
177,0,10.52,-3.15199999999999,-42.76
177,0,10.56,-2.876,-42.64
177,0,10.6,-3.09,-43.01
177,0,10.64,-2.968,-42.98
177,0,10.68,-3.30599999999999,-43.41
177,0,10.72,-2.856,-43.03
177,0,10.76,-2.418,-42.64
177,0,10.8,-3.33,-43.6
177,0,10.84,-4.35,-44.52
177,0,10.88,-4.71999999999999,-44.79
177,0,10.92,-4.10199999999999,-44.11
177,0,10.96,-3.92599999999999,-43.91
177,0,11,-4.62,-44.58
177,0,11.04,-5.39600000000001,-45.46
177,0,11.08,-6.902,-47.07
177,0,11.12,-6.216,-46.46
177,0,11.16,-6.198,-46.49
177,0,11.2,-6.7,-47.04
177,0,11.24,-6.788,-47.18
177,0,11.28,-6.96599999999999,-47.41
177,0,11.32,-7.31399999999999,-47.83
177,0,11.36,-7.272,-47.88
177,0,11.4,-7.84999999999999,-48.55
177,0,11.44,-7.212,-47.96
177,0,11.48,-7.194,-47.99
177,0,11.52,-7.98,-48.81
177,0,11.56,-8.61000000000001,-49.46
177,0,11.6,-9.04,-49.91
177,0,11.64,-9.086,-50.04
177,0,11.68,-8.84200000000001,-49.88
177,0,11.72,-8.468,-49.56
177,0,11.76,-8.604,-49.72
177,0,11.8,-9.58,-50.72
177,0,11.84,-9.226,-50.31
177,0,11.88,-10.462,-51.49
177,0,11.92,-11.274,-52.4
177,0,11.96,-11.572,-52.95
177,0,12,-13.56,-55.19
178,0,8,-10.38,-45
178,0,8.04,-9.998,-44.71
178,0,8.08,-10.676,-45.48
178,0,8.12,-11.402,-46.29
178,0,8.16,-11.786,-46.75
178,0,8.2,-14.36,-49.4
178,0,8.24,-15.522,-50.63
178,0,8.28,-17.784,-52.96
178,0,8.32,-17.346,-52.59
178,0,8.36,-14.248,-49.56
178,0,8.4,-13.84,-49.22
178,0,8.44,-12.962,-48.55
178,0,8.48,-10.524,-46.32
178,0,8.52,-8.31400000000001,-44.34
178,0,8.56,-6.77199999999999,-43.05
178,0,8.6,-5.8,-42.33
178,0,8.64,-5.56399999999999,-42.41
178,0,8.68,-4.738,-41.9
178,0,8.72,-5.598,-42.9
178,0,8.76,-5.614,-42.88
178,0,8.8,-6.62,-43.85
178,0,8.84,-5.41400000000001,-42.6
178,0,8.88,-6.05800000000001,-43.2
178,0,8.92,-7.764,-44.97
178,0,8.96,-9.572,-46.95
178,0,9,-9.88,-47.43
178,0,9.04,-10.074,-47.86
178,0,9.08,-5.858,-43.88
178,0,9.12,-4.276,-42.56
178,0,9.16,-2.138,-40.71
178,0,9.2,-0.369999999999997,-39.23
178,0,9.24,1.38999999999999,-37.21
178,0,9.28,1.98000000000001,-36.36
178,0,9.32,3.152,-35.01
178,0,9.36,4.096,-33.97
178,0,9.4,3.97,-34
178,0,9.44,3.886,-34.22
178,0,9.48,4.45200000000001,-33.79
178,0,9.52,4.658,-33.72
178,0,9.56,4.244,-34.27
178,0,9.6,2.79,-35.86
178,0,9.64,3.13,-35.64
178,0,9.68,2.96,-35.93
178,0,9.72,3.11200000000001,-35.87
178,0,9.76,3.706,-35.34
178,0,9.8,4.59,-34.52
178,0,9.84,4.724,-34.39
178,0,9.88,4.40799999999999,-34.71
178,0,9.92,4.5,-34.61
178,0,9.96,4.71,-34.38
178,0,10,4.8,-34.27
178,0,10.04,4.61599999999999,-34.63
178,0,10.08,4.642,-34.78
178,0,10.12,3.334,-36.22
178,0,10.16,1.932,-37.71
178,0,10.2,1.45,-38.28
178,0,10.24,0.647999999999996,-39.05
178,0,10.28,-0.384,-40.05
178,0,10.32,-2.282,-41.91
178,0,10.36,-3.17599999999999,-42.76
178,0,10.4,-2.81,-42.35
178,0,10.44,-2.854,-42.39
178,0,10.48,-3.438,-42.97
178,0,10.52,-3.382,-42.99
178,0,10.56,-3.256,-43.02
178,0,10.6,-2.96,-42.88
178,0,10.64,-2.848,-42.86
178,0,10.68,-3.33599999999999,-43.44
178,0,10.72,-3.006,-43.18
178,0,10.76,-2.668,-42.89
178,0,10.8,-3.82,-44.09
178,0,10.84,-5.46,-45.63
178,0,10.88,-5.93999999999999,-46.01
178,0,10.92,-5.51199999999999,-45.52
178,0,10.96,-6.186,-46.17
178,0,11,-6.27,-46.23
178,0,11.04,-6.65600000000001,-46.72
178,0,11.08,-7.832,-48
178,0,11.12,-6.886,-47.13
178,0,11.16,-6.728,-47.02
178,0,11.2,-6.73,-47.07
178,0,11.24,-7.238,-47.63
178,0,11.28,-7.35599999999999,-47.8
178,0,11.32,-7.21399999999999,-47.73
178,0,11.36,-7.26199999999999,-47.87
178,0,11.4,-8,-48.7
178,0,11.44,-7.352,-48.1
178,0,11.48,-7.53399999999999,-48.33
178,0,11.52,-8.27999999999999,-49.11
178,0,11.56,-9.75000000000001,-50.6
178,0,11.6,-9.64,-50.51
178,0,11.64,-10.946,-51.9
178,0,11.68,-9.692,-50.73
178,0,11.72,-9.598,-50.69
178,0,11.76,-10.134,-51.25
178,0,11.8,-10.9,-52.04
178,0,11.84,-12.016,-53.1
178,0,11.88,-13.142,-54.17
178,0,11.92,-13.274,-54.4
178,0,11.96,-13.352,-54.73
178,0,12,-12.17,-53.8
179,0,8,-10.34,-44.96
179,0,8.04,-10.718,-45.43
179,0,8.08,-11.616,-46.42
179,0,8.12,-12.782,-47.67
179,0,8.16,-15.266,-50.23
179,0,8.2,-18.45,-53.49
179,0,8.24,-18.062,-53.17
179,0,8.28,-17.724,-52.9
179,0,8.32,-13.836,-49.08
179,0,8.36,-11.038,-46.35
179,0,8.4,-10.56,-45.94
179,0,8.44,-9.932,-45.52
179,0,8.48,-7.974,-43.77
179,0,8.52,-6.624,-42.65
179,0,8.56,-5.422,-41.7
179,0,8.6,-5.04,-41.57
179,0,8.64,-5.37399999999999,-42.22
179,0,8.68,-5.298,-42.46
179,0,8.72,-6.148,-43.45
179,0,8.76,-6.82400000000001,-44.09
179,0,8.8,-8.73,-45.96
179,0,8.84,-7.254,-44.44
179,0,8.88,-8.62800000000001,-45.77
179,0,8.92,-9.924,-47.13
179,0,8.96,-8.982,-46.36
179,0,9,-6.33000000000001,-43.88
179,0,9.04,-4.48400000000001,-42.27
179,0,9.08,-1.398,-39.42
179,0,9.12,-0.655999999999999,-38.94
179,0,9.16,0.882000000000005,-37.69
179,0,9.2,2.09,-36.77
179,0,9.24,3.27999999999999,-35.32
179,0,9.28,3.71000000000001,-34.63
179,0,9.32,4.572,-33.59
179,0,9.36,5.356,-32.71
179,0,9.4,4.82,-33.15
179,0,9.44,4.666,-33.44
179,0,9.48,4.98200000000001,-33.26
179,0,9.52,5.138,-33.24
179,0,9.56,4.584,-33.93
179,0,9.6,3.17,-35.48
179,0,9.64,3.46,-35.31
179,0,9.68,3.3,-35.59
179,0,9.72,3.41200000000001,-35.57
179,0,9.76,3.846,-35.2
179,0,9.8,4.58,-34.53
179,0,9.84,4.81400000000001,-34.3
179,0,9.88,4.29799999999999,-34.82
179,0,9.92,4.34,-34.77
179,0,9.96,4.27,-34.82
179,0,10,4.04,-35.03
179,0,10.04,3.57599999999999,-35.67
179,0,10.08,3.142,-36.28
179,0,10.12,1.474,-38.08
179,0,10.16,-0.348000000000006,-39.99
179,0,10.2,-0.93,-40.66
179,0,10.24,-1.922,-41.62
179,0,10.28,-2.544,-42.21
179,0,10.32,-4.192,-43.82
179,0,10.36,-4.416,-44
179,0,10.4,-3.53,-43.07
179,0,10.44,-3.214,-42.75
179,0,10.48,-3.11799999999999,-42.65
179,0,10.52,-3.212,-42.82
179,0,10.56,-2.89599999999999,-42.66
179,0,10.6,-2.61,-42.53
179,0,10.64,-2.938,-42.95
179,0,10.68,-3.43599999999999,-43.54
179,0,10.72,-3.256,-43.43
179,0,10.76,-3.878,-44.1
179,0,10.8,-5.34,-45.61
179,0,10.84,-7.05,-47.22
179,0,10.88,-7.53999999999999,-47.61
179,0,10.92,-8.08199999999999,-48.09
179,0,10.96,-7.716,-47.7
179,0,11,-7.06,-47.02
179,0,11.04,-6.876,-46.94
179,0,11.08,-8.102,-48.27
179,0,11.12,-7.246,-47.49
179,0,11.16,-6.528,-46.82
179,0,11.2,-6.98999999999999,-47.33
179,0,11.24,-7.33799999999999,-47.73
179,0,11.28,-6.646,-47.09
179,0,11.32,-6.694,-47.21
179,0,11.36,-7.252,-47.86
179,0,11.4,-7.8,-48.5
179,0,11.44,-8.072,-48.82
179,0,11.48,-8.99399999999999,-49.79
179,0,11.52,-9.84999999999999,-50.68
179,0,11.56,-10.34,-51.19
179,0,11.6,-11.03,-51.9
179,0,11.64,-12.176,-53.13
179,0,11.68,-10.702,-51.74
179,0,11.72,-9.468,-50.56
179,0,11.76,-10.144,-51.26
179,0,11.8,-12.15,-53.29
179,0,11.84,-13.686,-54.77
179,0,11.88,-14.662,-55.69
179,0,11.92,-14.964,-56.09
179,0,11.96,-12.992,-54.37
179,0,12,-11.18,-52.81
180,0,8,-11.71,-46.33
180,0,8.04,-12.638,-47.35
180,0,8.08,-13.526,-48.33
180,0,8.12,-16.322,-51.21
180,0,8.16,-19.596,-54.56
180,0,8.2,-20.96,-56
180,0,8.24,-16.112,-51.22
180,0,8.28,-14.434,-49.61
180,0,8.32,-10.426,-45.67
180,0,8.36,-8.588,-43.9
180,0,8.4,-8.08,-43.46
180,0,8.44,-7.732,-43.32
180,0,8.48,-7.024,-42.82
180,0,8.52,-6.094,-42.12
180,0,8.56,-5.55199999999999,-41.83
180,0,8.6,-5.35,-41.88
180,0,8.64,-6.35399999999999,-43.2
180,0,8.68,-6.408,-43.57
180,0,8.72,-7.608,-44.91
180,0,8.76,-9.274,-46.54
180,0,8.8,-10.19,-47.42
180,0,8.84,-8.83400000000001,-46.02
180,0,8.88,-8.578,-45.72
180,0,8.92,-7.144,-44.35
180,0,8.96,-4.892,-42.27
180,0,9,-1.88,-39.43
180,0,9.04,-0.824000000000005,-38.61
180,0,9.08,1.79200000000001,-36.23
180,0,9.12,1.904,-36.38
180,0,9.16,3.112,-35.46
180,0,9.2,3.93,-34.93
180,0,9.24,4.91,-33.69
180,0,9.28,5.02000000000001,-33.32
180,0,9.32,5.572,-32.59
180,0,9.36,6.166,-31.9
180,0,9.4,5.42,-32.55
180,0,9.44,5.076,-33.03
180,0,9.48,5.26200000000001,-32.98
180,0,9.52,5.278,-33.1
180,0,9.56,4.64400000000001,-33.87
180,0,9.6,3.18,-35.47
180,0,9.64,3.47000000000001,-35.3
180,0,9.68,3.36,-35.53
180,0,9.72,3.38200000000001,-35.6
180,0,9.76,3.676,-35.37
180,0,9.8,4.33,-34.78
180,0,9.84,4.46400000000001,-34.65
180,0,9.88,3.91799999999999,-35.2
180,0,9.92,3.72,-35.39
180,0,9.96,3.57,-35.52
180,0,10,2.93,-36.14
180,0,10.04,2.136,-37.11
180,0,10.08,1.452,-37.97
180,0,10.12,-0.866000000000007,-40.42
180,0,10.16,-3.508,-43.15
180,0,10.2,-4.64,-44.37
180,0,10.24,-5.00200000000001,-44.7
180,0,10.28,-4.60400000000001,-44.27
180,0,10.32,-4.542,-44.17
180,0,10.36,-4.32599999999999,-43.91
180,0,10.4,-3.2,-42.74
180,0,10.44,-3.004,-42.54
180,0,10.48,-2.678,-42.21
180,0,10.52,-3.092,-42.7
180,0,10.56,-2.85599999999999,-42.62
180,0,10.6,-2.96,-42.88
180,0,10.64,-3.358,-43.37
180,0,10.68,-4.746,-44.85
180,0,10.72,-5.386,-45.56
180,0,10.76,-6.768,-46.99
180,0,10.8,-8.15,-48.42
180,0,10.84,-9.5,-49.67
180,0,10.88,-9.45,-49.52
180,0,10.92,-9.05199999999999,-49.06
180,0,10.96,-7.576,-47.56
180,0,11,-6.7,-46.66
180,0,11.04,-7.126,-47.19
180,0,11.08,-7.292,-47.46
180,0,11.12,-6.446,-46.69
180,0,11.16,-6.078,-46.37
180,0,11.2,-6.48999999999999,-46.83
180,0,11.24,-6.568,-46.96
180,0,11.28,-6.586,-47.03
180,0,11.32,-7.654,-48.17
180,0,11.36,-8.952,-49.56
180,0,11.4,-10.62,-51.32
180,0,11.44,-11.072,-51.82
180,0,11.48,-9.904,-50.7
180,0,11.52,-10.59,-51.42
180,0,11.56,-12.31,-53.16
180,0,11.6,-10.86,-51.73
180,0,11.64,-11.496,-52.45
180,0,11.68,-10.782,-51.82
180,0,11.72,-10.748,-51.84
180,0,11.76,-11.034,-52.15
180,0,11.8,-12.81,-53.95
180,0,11.84,-15.006,-56.09
180,0,11.88,-16.112,-57.14
180,0,11.92,-13.964,-55.09
180,0,11.96,-11.702,-53.08
180,0,12,-12.37,-54
